hs4,iso2,h,origin,target_month,pred,lo80,hi80,pred_ses,pred_ma12
0301,AE,1,2026-04-01,2026-05-01,42191.08057504075,23839.37170002965,70052.07039854009,40322.33155901447,43422.25716666667
0301,AU,1,2026-04-01,2026-05-01,22843.136183082053,12785.02534055915,39787.47767445531,20069.280799800283,23674.237083333337
0301,BD,1,2026-04-01,2026-05-01,20095.486438035452,18.95389317591051,85602.11133176181,76385.81785096088,19701.8195
0301,BE,1,2026-04-01,2026-05-01,3006.1520274570908,0.0,11048.375239135697,1996.087117001319,4400.86925
0301,BG,1,2026-04-01,2026-05-01,5509.288524789256,6.5713917369662775,14739.229901592927,5608.1979161993895,6315.147249999999
0301,BH,1,2026-04-01,2026-05-01,3087.1402654128733,9.979168031699347,16028.623704871306,2899.6213459578075,7999.484916666665
0301,BN,1,2026-04-01,2026-05-01,1190.0335288115498,26.87955270816874,3155.305996285042,1278.6234687349174,1279.7044166666667
0301,BR,1,2026-04-01,2026-05-01,121.99243035834817,0.0,947.928392635041,513.206857796271,170.97783333333334
0301,CA,1,2026-04-01,2026-05-01,69120.32297270358,48835.0477651056,103664.34066699649,88267.30048966932,64106.84949999999
0301,CN,1,2026-04-01,2026-05-01,515720.8560989079,383466.2376981425,666294.5056559867,488005.78665519494,489627.3690833333
0301,CY,1,2026-04-01,2026-05-01,4316.507796126356,13.295876070928644,11067.39911408386,4182.925659736344,4504.612416666667
0301,CZ,1,2026-04-01,2026-05-01,20860.262542945948,10071.425858885694,36947.37241669848,24345.120851674124,20046.513583333333
0301,DE,1,2026-04-01,2026-05-01,43072.36437094953,24720.207359540364,69068.79053551148,43268.751288491694,45110.07200000001
0301,ES,1,2026-04-01,2026-05-01,20355.025532913165,11467.43028591336,33026.21827332487,20446.018730415697,20534.151500000004
0301,FR,1,2026-04-01,2026-05-01,42872.95628108659,27011.0296359491,60108.009703263735,41711.68549932005,43710.37658333334
0301,GB,1,2026-04-01,2026-05-01,31517.412413426362,18974.64073523732,45065.23940493592,33474.00356007543,32317.9455
0301,HK,1,2026-04-01,2026-05-01,24401.883033023274,9013.466948011564,56002.388672207584,22255.24701044697,33781.02841666666
0301,HU,1,2026-04-01,2026-05-01,5433.1083877085575,5.828075835233465,14481.33849434714,6580.826636601892,5823.626749999999
0301,ID,1,2026-04-01,2026-05-01,12845.71758513404,43.418271294197915,31760.15838351835,15514.31268712573,13730.436333333331
0301,IL,1,2026-04-01,2026-05-01,24500.843897269355,56.07160606270901,58148.034666716914,32634.86052903805,25443.125416666662
0301,IN,1,2026-04-01,2026-05-01,96418.62090042382,53800.034173424254,146778.03906773252,105971.39951587823,93701.61699999998
0301,IQ,1,2026-04-01,2026-05-01,7270.916487825883,24.321911227818845,24503.596452681613,4971.958232762565,12193.54875
0301,IR,1,2026-04-01,2026-05-01,35081.9653213995,0.09920166815549053,96994.65052811011,16231.302538367556,51104.541
0301,IT,1,2026-04-01,2026-05-01,12876.711326340535,4536.961324650402,26905.56046143881,9719.077018369266,14997.80975
0301,JO,1,2026-04-01,2026-05-01,13052.950656316052,1334.1712918932053,34142.68364005256,23289.89925725666,13612.349833333332
0301,JP,1,2026-04-01,2026-05-01,61112.185091202686,48631.52063071046,83953.73395146149,60832.747588564824,64431.03100000001
0301,KH,1,2026-04-01,2026-05-01,11.051731560421697,0.0,18505.73725179428,34.41874064326933,8017.818833333334
0301,KR,1,2026-04-01,2026-05-01,56960.72950529062,43482.57862782434,77813.21134618092,54225.5598577363,59267.86566666667
0301,KW,1,2026-04-01,2026-05-01,6788.2671296518965,0.0,27085.117958501876,3284.109854500621,13595.048166666667
0301,LA,1,2026-04-01,2026-05-01,271950.45304845495,172739.43698978415,412904.17004259554,243906.43113589098,276400.70883333334
0301,MM,1,2026-04-01,2026-05-01,63088.660755108074,32553.917686823523,106979.60140475142,63709.78034198872,65518.54758333333
0301,MT,1,2026-04-01,2026-05-01,2371.134351758328,0.0,7740.199850447629,1925.2435227223543,3218.6406666666667
0301,MV,1,2026-04-01,2026-05-01,1064.8045659211584,7.517278041995011,3016.437069280421,1681.2632924070292,1124.354
0301,MX,1,2026-04-01,2026-05-01,18045.35989813281,3188.893148710172,65063.28466117649,19294.130799940038,39257.31733333333
0301,MY,1,2026-04-01,2026-05-01,251662.87551779978,142655.1202682324,400471.7788935526,285480.28899425024,228875.12591666667
0301,NL,1,2026-04-01,2026-05-01,9459.776694528635,2588.176414533447,22672.205111303887,12025.561767890402,9279.196083333334
0301,NP,1,2026-04-01,2026-05-01,13255.35161120393,5976.0250988155585,22899.361917576643,13233.042347158615,12603.458333333334
0301,OM,1,2026-04-01,2026-05-01,5571.978728033802,3045.909111074378,9838.284021362057,5132.456873999827,5608.09925
0301,PE,1,2026-04-01,2026-05-01,3430.061345187954,2.706364605072597,9037.637225475177,3163.1210760324884,3789.483583333333
0301,PH,1,2026-04-01,2026-05-01,21323.54968434095,11962.60939537854,35945.30910457796,21869.96828980436,23847.563250000003
0301,PK,1,2026-04-01,2026-05-01,9373.88337863784,4453.7908675195185,17600.19377529736,9427.965446310785,9738.111833333334
0301,PL,1,2026-04-01,2026-05-01,40593.73448477791,26093.348462622766,55928.518561847624,39308.64301581281,42248.311083333334
0301,PT,1,2026-04-01,2026-05-01,1272.8520681317505,272.5506827114812,2948.4856260334427,1709.6812735693836,1401.9809166666666
0301,QA,1,2026-04-01,2026-05-01,9.292615707473823,0.0,7760.837221214075,477.6372807494523,2465.8279166666666
0301,RO,1,2026-04-01,2026-05-01,6678.376162119152,5.189778042440913,16112.351975081781,3784.770089504878,7301.528666666666
0301,RU,1,2026-04-01,2026-05-01,67697.20377820145,38184.53952560559,100884.74660846867,80033.10431624224,63276.223999999995
0301,SE,1,2026-04-01,2026-05-01,624.0382295244834,0.0,3264.0842034305006,1090.3346333355978,1061.8115833333334
0301,SG,1,2026-04-01,2026-05-01,43287.0781320794,34973.025090894145,60366.528500746295,43169.46726417839,45596.3885
0301,TR,1,2026-04-01,2026-05-01,14655.16694007577,7239.572944966477,28122.327696122717,19864.392042873777,14698.794416666666
0301,UA,1,2026-04-01,2026-05-01,1351.337368033475,0.0,5964.093932735289,1792.6248924335366,1975.1215
0301,US,1,2026-04-01,2026-05-01,245593.04212933566,193876.6075755777,337627.685879019,248951.23275917652,249168.43591666664
0301,VN,1,2026-04-01,2026-05-01,37797.890740665076,5294.443657687269,90335.11682373648,51506.69189212455,34922.392916666664
0301,ZA,1,2026-04-01,2026-05-01,15461.445608332137,7698.763559164462,28394.06815172978,14630.127760346793,15514.915583333332
0302,BD,1,2026-04-01,2026-05-01,3581.073921864284,93.96714825457181,10948.896384409612,8099.315342606028,4166.00025
0302,HK,1,2026-04-01,2026-05-01,160461.90340586164,92881.38311407113,290768.56428717286,140259.3205520669,207875.06475
0302,KH,1,2026-04-01,2026-05-01,166.59130437287712,0.0,171199.81608132218,518.084038507023,92080.0665
0302,LA,1,2026-04-01,2026-05-01,257580.77375737694,65345.72954179033,546815.5586043247,321094.0973006502,203903.98966666663
0302,MM,1,2026-04-01,2026-05-01,192222.4020149279,126156.53372541314,306184.66465146304,224901.1173236205,212705.41725000003
0302,MY,1,2026-04-01,2026-05-01,1078355.0821632575,761620.9309991788,1568658.0356374357,1079531.8561272407,1192922.1248333333
0302,SG,1,2026-04-01,2026-05-01,31547.817465774297,1300.920829164219,86072.41213324494,19062.6647864605,50187.459
0303,AE,1,2026-04-01,2026-05-01,1179567.2294813038,588219.1447211638,1874526.3990304326,1188766.2468478894,1397221.2224166666
0303,AU,1,2026-04-01,2026-05-01,14576.413368467222,0.0,54466.3533379022,31910.53558670869,16756.918916666666
0303,BD,1,2026-04-01,2026-05-01,20811.009219794592,3.7119212273735123,72601.14272174997,67222.84046083786,21241.80525
0303,BH,1,2026-04-01,2026-05-01,39992.571440290994,85.08585047216522,106397.80055199703,37277.45421110855,57330.993416666664
0303,CN,1,2026-04-01,2026-05-01,1602494.5323861586,1025089.8092757596,2377467.6955457837,1621459.4135392343,1722408.306916667
0303,FR,1,2026-04-01,2026-05-01,30607.29012073482,0.0,93416.6140412104,33939.957809783926,37867.151
0303,GB,1,2026-04-01,2026-05-01,43083.24980869859,4.95429022269812,118664.11491258485,46806.80968109153,51598.530666666666
0303,HK,1,2026-04-01,2026-05-01,206065.71522261898,127008.68657805467,370720.85037285904,183037.5141350446,263495.517
0303,IT,1,2026-04-01,2026-05-01,851757.5291917978,273163.4043354873,2029612.6967076277,1304623.3692188263,657689.6345833334
0303,JP,1,2026-04-01,2026-05-01,1444264.7389873143,946399.2532548204,2295510.638372778,1568513.3382853586,1375950.4593333334
0303,KH,1,2026-04-01,2026-05-01,135.9348137318834,0.0,202874.1988805218,946.3500214744893,99444.07683333333
0303,KR,1,2026-04-01,2026-05-01,54769.917633232486,32.149150077253246,220815.16480173144,28355.38684589546,127945.15208333332
0303,KW,1,2026-04-01,2026-05-01,46083.91267796895,1.4582342120506284,127456.89911097585,36783.11849229736,63454.26258333333
0303,LA,1,2026-04-01,2026-05-01,59905.893787837624,17807.638277568687,151951.61289621834,58736.97385774478,84686.28475
0303,MM,1,2026-04-01,2026-05-01,74206.24418644512,31326.326093750013,145631.90801456204,68768.88160814565,84430.88191666667
0303,MY,1,2026-04-01,2026-05-01,55525.61127388719,35697.837014692384,96435.52588823943,51298.12495378445,56570.31925
0303,OM,1,2026-04-01,2026-05-01,60046.43025473644,27686.884486589162,119322.53383934018,65007.01582320838,71017.70116666667
0303,PH,1,2026-04-01,2026-05-01,67285.13048157275,11.555304304018884,195611.24360953993,75533.0560531253,65016.195750000006
0303,QA,1,2026-04-01,2026-05-01,158336.24092500843,1.3229905162493278,513958.86276611354,111354.02019437161,347056.45625
0303,SA,1,2026-04-01,2026-05-01,50003.258715553566,156.4142786501788,146601.53721539569,54836.953133364375,74704.77075000001
0303,SG,1,2026-04-01,2026-05-01,116430.86516858432,51952.53526329907,230718.88743509946,122518.59779828938,117649.62475
0303,US,1,2026-04-01,2026-05-01,470704.2039786664,195927.53697562293,928341.5385781699,411959.489888029,543669.5190833333
0303,VN,1,2026-04-01,2026-05-01,2906199.9774257406,1437079.6441731486,4649526.373355885,3016150.5674660876,2963442.552333333
0304,AE,1,2026-04-01,2026-05-01,33785.254207583595,3681.2885486988907,115952.71628111563,17293.79944200817,63560.713
0304,AU,1,2026-04-01,2026-05-01,196006.1707057474,59234.39264180636,395750.78958102135,204347.4683298292,228378.8629166667
0304,CN,1,2026-04-01,2026-05-01,285775.04077031225,103519.05026023352,527677.5688484522,217333.87879776137,312729.0885833333
0304,HK,1,2026-04-01,2026-05-01,114111.52641098169,2300.3947967824456,266543.97526822763,112963.30240041045,142626.621
0304,IT,1,2026-04-01,2026-05-01,57377.307908273346,4633.955722259783,190691.77043729444,43618.38495833218,108088.82791666665
0304,JP,1,2026-04-01,2026-05-01,6952698.051124669,6002886.346919312,9398203.065302186,7065308.66552888,8336257.650166667
0304,KH,1,2026-04-01,2026-05-01,3571.9674824447166,0.0,24532.59753140125,1540.276265647067,7445.464666666667
0304,KR,1,2026-04-01,2026-05-01,373931.1222220654,241929.82158514546,606370.5744708816,347556.57832835073,403100.1585000001
0304,KW,1,2026-04-01,2026-05-01,3184.179867222731,0.0,35280.46600688062,1299.595528160323,13223.47225
0304,LA,1,2026-04-01,2026-05-01,46.415791083768994,0.0,382.64748264359986,86.18966328663036,122.06183333333333
0304,MM,1,2026-04-01,2026-05-01,28546.757760067074,11583.094776269532,69046.34800823666,28372.018978939588,41379.934
0304,MY,1,2026-04-01,2026-05-01,368589.33233190473,147614.74359345625,727027.5959137055,309521.768026159,488260.1540833334
0304,OM,1,2026-04-01,2026-05-01,20079.642317752856,0.0,63918.76257401065,16289.184347694658,21224.49658333333
0304,PH,1,2026-04-01,2026-05-01,222042.8846606507,117994.87374112052,350837.5838927333,264080.5175136174,206143.41
0304,QA,1,2026-04-01,2026-05-01,22213.481778789446,0.15842208310247066,81838.45814754488,10488.855270247033,40036.92175
0304,RU,1,2026-04-01,2026-05-01,300425.83008376363,96574.61753716017,584149.2435650303,356850.9869501793,300882.869
0304,SG,1,2026-04-01,2026-05-01,254700.56738197463,119552.11740474933,434217.1507904772,312419.95359678246,259685.58433333333
0304,US,1,2026-04-01,2026-05-01,2955477.2170578875,2163126.828771177,3861674.7076679654,2751335.454035083,2851974.81875
0304,VN,1,2026-04-01,2026-05-01,53609.269188852886,3.6702082718834537,164808.0860663487,57515.348784577815,78470.71075
0305,AU,1,2026-04-01,2026-05-01,62784.365048601736,22155.073702355556,132656.7258478355,76440.0680220551,77711.74366666666
0305,CA,1,2026-04-01,2026-05-01,47432.12135534056,317.0865332563748,116365.4830157144,43949.78218406614,52836.219833333336
0305,CN,1,2026-04-01,2026-05-01,101924.58802825997,0.0,274221.68052184046,86151.08043828837,103685.73816666666
0305,EE,1,2026-04-01,2026-05-01,201315.23383122825,83979.63053966983,312592.4901210205,162846.3638101254,214880.65558333337
0305,FR,1,2026-04-01,2026-05-01,4517.4131381879815,0.0,19497.085720313436,11067.548417669277,5335.667916666666
0305,GB,1,2026-04-01,2026-05-01,33319.829339461074,0.0,85589.36966244999,45398.88562274084,37942.330583333336
0305,HK,1,2026-04-01,2026-05-01,179228.49571121324,73057.93698124935,414214.6235907973,134684.59675867017,328909.3146666667
0305,ID,1,2026-04-01,2026-05-01,0.0,0.0,3.1640734081354926,0.04394761931545842,0.6971666666666666
0305,JP,1,2026-04-01,2026-05-01,831639.5405459029,592923.4400002768,1189721.0574611868,804642.7688575101,923645.053
0305,KH,1,2026-04-01,2026-05-01,0.44155963564345696,0.0,2685.0060529396355,20.915842741659656,977.03675
0305,KR,1,2026-04-01,2026-05-01,57052.33639690262,0.0,172809.20349323523,80771.12261268996,59220.912333333334
0305,LA,1,2026-04-01,2026-05-01,8809.733085181746,4160.350324261344,19525.01000601533,7892.238077979044,9361.296666666669
0305,LK,1,2026-04-01,2026-05-01,1593393.7129059925,635638.7863566865,3170234.355229495,2174790.6106496616,1344166.693
0305,MY,1,2026-04-01,2026-05-01,106080.76165884986,39772.45573087388,229784.42200194014,96577.18016706569,157459.00783333334
0305,NG,1,2026-04-01,2026-05-01,167779.0932072377,64153.23115495116,293302.95758972113,217602.79370879653,159078.0245
0305,NL,1,2026-04-01,2026-05-01,38962.3709022081,0.0,104863.98186106772,49950.05281330333,40964.478
0305,RU,1,2026-04-01,2026-05-01,26.80656713400303,0.0,38788.35443910948,277.5832384203904,15240.627166666667
0305,SG,1,2026-04-01,2026-05-01,47027.90856317095,542.8672043845467,116813.87760305943,35951.529584075746,64988.556
0305,US,1,2026-04-01,2026-05-01,129590.3377705746,40637.15820606907,268976.5198118092,113960.07057705638,164762.1235833333
0306,AE,1,2026-04-01,2026-05-01,20775.27595438233,1469.6186066247699,81126.50690722666,16818.959897137567,31927.328416666667
0306,AU,1,2026-04-01,2026-05-01,1328006.038937305,817690.6786175972,2706953.3019307344,1035346.040165814,2546303.675083333
0306,BD,1,2026-04-01,2026-05-01,21560.855082382062,942.078840031331,85483.14668283126,64325.399130683465,24875.676416666665
0306,BE,1,2026-04-01,2026-05-01,450.63126484964846,0.0,23741.84784607989,916.2578516452076,8877.643416666668
0306,BH,1,2026-04-01,2026-05-01,288.25641990760136,0.9938096367575454,3069.7869281974313,585.5950968232091,1254.5829166666667
0306,BN,1,2026-04-01,2026-05-01,131.61253590735802,0.0,22320.966001778805,1662.9619201850887,8073.445333333333
0306,CA,1,2026-04-01,2026-05-01,1756725.7591410158,1165497.464138398,2533367.101137839,1720601.5209932532,1921227.5475
0306,CN,1,2026-04-01,2026-05-01,27157846.338937998,19821751.69271887,31272373.98616017,24265843.321100805,26089977.297333337
0306,CY,1,2026-04-01,2026-05-01,11366.664569057531,574.3061309432518,38305.42330093617,13176.337628437195,15509.182249999998
0306,CZ,1,2026-04-01,2026-05-01,2714.3474045545513,1568.4670124330514,5595.220671638832,3992.1645086153403,3075.0004166666663
0306,DE,1,2026-04-01,2026-05-01,10690.148204537754,3159.837404191151,26810.52230833425,11835.515246963329,11673.00500000004
0306,EG,1,2026-04-01,2026-05-01,98.78816732312124,0.0,43136.95270546868,1726.942982198115,14823.133333333331
0306,ES,1,2026-04-01,2026-05-01,765.3317268094546,353.53815473738905,1823.1805285283592,880.0681523686014,843.0879166666667
0306,FR,1,2026-04-01,2026-05-01,7807.934046453017,857.9158984741249,29229.12416398243,16811.74515382915,9394.405833333332
0306,GB,1,2026-04-01,2026-05-01,50266.37147504681,2042.9161697459379,185615.0474255122,32383.170517113056,84005.06241666667
0306,HK,1,2026-04-01,2026-05-01,2163186.9792441116,1552607.360035016,2898970.400509959,2112500.524485,2223122.584583333
0306,HU,1,2026-04-01,2026-05-01,1464.956430758375,1.634074767813196,4410.974183326723,2504.260157337574,1690.8391666666666
0306,IL,1,2026-04-01,2026-05-01,58776.40636431965,0.0,221865.00074966223,35462.45764394924,87845.26116666668
0306,IQ,1,2026-04-01,2026-05-01,0.0,0.0,140.55284947884508,5.578535423419666,44.41891666666667
0306,IT,1,2026-04-01,2026-05-01,119236.38859932817,14577.882965701225,407071.91537686234,78591.89346663127,258340.14183333333
0306,JO,1,2026-04-01,2026-05-01,1632.97361638424,55.81825261267509,5492.766928572854,3262.155315481225,1987.474416666667
0306,JP,1,2026-04-01,2026-05-01,5499162.122167366,4210396.651637508,7391780.326741029,4732654.632584335,5761586.790416666
0306,KH,1,2026-04-01,2026-05-01,56.97853721841465,0.0,109617.29951400236,233.79276733001734,41057.4035
0306,KR,1,2026-04-01,2026-05-01,2476120.061293061,1553217.192165547,3652728.030609412,2601388.6660574726,2475992.949916667
0306,KW,1,2026-04-01,2026-05-01,194.43726308856802,0.0,16466.03390271894,183.71536302731246,5714.01725
0306,LA,1,2026-04-01,2026-05-01,73387.36259801938,30515.049376957926,183754.74155648053,107209.69447236047,72663.08875000001
0306,MM,1,2026-04-01,2026-05-01,2763795.3017872907,1852622.037659994,3590973.7910942566,2618195.6755170175,2643539.0696666664
0306,MV,1,2026-04-01,2026-05-01,57.595450395540894,0.0,333.53450056616714,140.57305617531293,97.68333333333334
0306,MY,1,2026-04-01,2026-05-01,1362761.2275147582,716743.3518229154,2229720.438483889,1491191.2717191477,1077213.13725
0306,NL,1,2026-04-01,2026-05-01,21202.86005112347,182.59532646492252,82827.6714556412,64149.03155072005,26551.06275
0306,NP,1,2026-04-01,2026-05-01,252.65637576056668,59.6765683820353,935.7726463523801,408.83691923172853,411.2265
0306,NZ,1,2026-04-01,2026-05-01,84622.64107949306,10820.63509446474,239951.97772355462,76810.7812936074,131268.17291666666
0306,OM,1,2026-04-01,2026-05-01,0.0,0.0,63.57509000763044,9.513005420466985,23.033666666666665
0306,PH,1,2026-04-01,2026-05-01,52748.37974211505,5.84220951070113,167827.77406166765,54426.37422820614,69481.1005
0306,PK,1,2026-04-01,2026-05-01,165.26468239954195,8.71547285807216,3385.9492652037284,170.12756708528232,1517.9409999999998
0306,PL,1,2026-04-01,2026-05-01,14776.572842574247,7679.446598196163,28430.512741205144,17831.457342396345,15686.7005
0306,QA,1,2026-04-01,2026-05-01,264.8077345445956,0.638881401259886,20106.47143978267,527.7663656082799,7713.051333333334
0306,RU,1,2026-04-01,2026-05-01,9585.646645733757,772.7070508594011,249435.52162403546,12295.990786563592,120238.14216666669
0306,SE,1,2026-04-01,2026-05-01,103.80313601017434,0.0,767.4800457118158,238.31650392130365,248.1815
0306,SG,1,2026-04-01,2026-05-01,785089.6093144289,545307.4302121417,1114217.8345743297,753791.5978498657,812602.9429166666
0306,UA,1,2026-04-01,2026-05-01,26.139393319234404,0.0,6171.984372863964,57.20974927455745,1921.1724166666663
0306,US,1,2026-04-01,2026-05-01,9139525.019891227,7367675.903577891,13043323.105839813,8673780.082122313,10418382.84625
0306,VN,1,2026-04-01,2026-05-01,254623.70410598945,75823.67963275182,516336.2311896949,286987.66148965695,278503.0679166667
0306,ZA,1,2026-04-01,2026-05-01,10925.27076783715,1221.8835137250087,120709.78677728365,4658.665343968023,51753.18633333334
0307,AE,1,2026-04-01,2026-05-01,63611.216971492315,56.5126892370212,185228.18779546706,34334.65277525534,99223.39441666666
0307,AU,1,2026-04-01,2026-05-01,1160008.8343238342,780628.5844870353,1791229.0517567364,1223930.0023622327,1159741.6246666668
0307,BD,1,2026-04-01,2026-05-01,61.653411583792256,0.0,1343.5390157446084,121.77409869751035,516.7115833333334
0307,BE,1,2026-04-01,2026-05-01,352.850892413976,0.0,10784.060116673636,656.6226980050722,3951.033833333333
0307,CA,1,2026-04-01,2026-05-01,1007616.0652741927,535842.5740597933,1664764.5854974939,1060373.4601265977,1179700.2540833333
0307,CH,1,2026-04-01,2026-05-01,60.575440394538376,0.0,60855.68827079337,792.5234850567347,22608.61575
0307,CN,1,2026-04-01,2026-05-01,3022056.8094748138,1774939.1230851174,4974243.944233828,2809971.436256068,4359380.075333334
0307,CY,1,2026-04-01,2026-05-01,248585.96037691235,35082.93443399169,501191.1602182003,278401.08803385805,262950.8414166667
0307,CZ,1,2026-04-01,2026-05-01,1535.5898394236858,774.5656504426165,3154.2209876192433,2214.969056947276,1718.90225
0307,DE,1,2026-04-01,2026-05-01,249910.38695722388,111114.75828874325,539564.783218376,250591.31005868473,377378.1055
0307,ES,1,2026-04-01,2026-05-01,1169.3341405555143,567.243536571904,2454.565417762288,1395.6553021965738,1269.9170833333333
0307,FR,1,2026-04-01,2026-05-01,8729.064291217266,74.67617341214392,40760.33263018587,7426.510415482098,16684.50833333333
0307,GB,1,2026-04-01,2026-05-01,314010.24820117746,10239.09837639607,843687.4937841316,302336.1094866758,526967.8775833334
0307,HK,1,2026-04-01,2026-05-01,268901.7587396163,121595.3468715789,498902.3018615367,274529.7217394756,309891.6795833334
0307,IT,1,2026-04-01,2026-05-01,9651247.012563381,5565742.9298532875,12373675.990652785,10028655.890823996,8210051.313833334
0307,JP,1,2026-04-01,2026-05-01,4655663.814130339,3526405.6952623213,6080992.617561801,5026401.683653041,4604475.727333333
0307,KH,1,2026-04-01,2026-05-01,180.9868181629167,0.0,267268.0229860895,742.939663660516,131599.9475
0307,KR,1,2026-04-01,2026-05-01,4023291.8703191844,2958911.655041142,5588139.3397984225,3878224.8359431587,3667826.409916667
0307,LA,1,2026-04-01,2026-05-01,84589.94177041647,45103.22142284481,145428.73497426778,84749.49082609464,76809.24666666667
0307,MY,1,2026-04-01,2026-05-01,705778.7393668445,299854.83794930944,1285412.1024765307,745719.0714423399,836110.1896666666
0307,NL,1,2026-04-01,2026-05-01,3590.3106619035066,318.3646581515744,27684.41694812639,5874.386359029318,10884.5695
0307,NP,1,2026-04-01,2026-05-01,35.764690085224416,0.4106034094900447,185.0260908277937,82.86106214251174,58.03908333333333
0307,NZ,1,2026-04-01,2026-05-01,6186.492378916325,20.74368107894129,22028.785411873057,11006.090947073646,6787.476333333333
0307,PL,1,2026-04-01,2026-05-01,3579.0537715252476,1690.5569866483809,7279.8995885419135,5022.006711930016,3856.07425
0307,PT,1,2026-04-01,2026-05-01,5.826394998015413,0.0,54.4465461243668,16.158861976520416,17.511833333333332
0307,QA,1,2026-04-01,2026-05-01,0.43708792461463497,0.0,903.7254606121589,10.910001957408104,273.4896666666668
0307,RU,1,2026-04-01,2026-05-01,5702.624490051011,704.7425614995415,19423.76232053876,4866.750423062522,8607.30625
0307,SE,1,2026-04-01,2026-05-01,102.8780334277446,0.0,821.9541036374974,213.45675614994144,268.60325
0307,SG,1,2026-04-01,2026-05-01,20278.716987376964,2776.1052360309955,64946.27747546392,22638.20209537795,22927.480083333332
0307,UA,1,2026-04-01,2026-05-01,13363.183895374455,0.07859737674014627,48978.22545251201,19556.292479443044,16606.812083333334
0307,US,1,2026-04-01,2026-05-01,3491886.158044701,2371961.9311577114,5029943.233434286,3286673.0520776175,3197306.988
0307,VN,1,2026-04-01,2026-05-01,195978.74295070913,2330.0597120114085,505248.40427238634,283078.53656097676,187512.535
0308,BD,1,2026-04-01,2026-05-01,0.0,0.0,0.9781178868704373,0.635614240806325,0.0
0308,CN,1,2026-04-01,2026-05-01,215277.07206481372,4527.353395167513,813545.1643513661,500921.31476031453,159922.90333333335
0308,JP,1,2026-04-01,2026-05-01,448846.6860275764,191329.07186151555,760217.6991928405,454284.9340290893,505970.6290833333
0308,KH,1,2026-04-01,2026-05-01,0.058079894407493574,0.0,2031.4406692385332,3.963908775113884,767.4009166666666
0308,KR,1,2026-04-01,2026-05-01,771148.1269901029,350538.24566662393,1548858.2911944706,918315.4778266735,715756.9486666666
0308,MY,1,2026-04-01,2026-05-01,18693.15761307807,0.0,58993.60500710241,22395.762817337265,21000.722583333336
1604,AE,1,2026-04-01,2026-05-01,3047974.409463469,834358.2491442171,7934478.159035174,2610540.5513041234,6952969.72625
1604,AL,1,2026-04-01,2026-05-01,227767.2253514296,45772.804055506866,489357.09740918374,242505.01852498358,232426.51675000004
1604,AO,1,2026-04-01,2026-05-01,325934.09205003973,68208.80819498918,768991.6367138558,425300.5954472536,329481.1468333333
1604,AR,1,2026-04-01,2026-05-01,1028323.3706903401,479163.8786180277,2045638.614117747,813965.3666903336,1263551.907
1604,AS,1,2026-04-01,2026-05-01,35976.15788286644,0.018746358211488498,136377.12461966183,49736.875881191285,47238.32750000001
1604,AT,1,2026-04-01,2026-05-01,53920.04841762375,0.0,194093.00917659345,49550.82672712267,55424.83441666667
1604,AU,1,2026-04-01,2026-05-01,23125243.38233797,19211633.108111124,26373552.163167745,21802367.73893699,21288753.313833337
1604,BA,1,2026-04-01,2026-05-01,884268.0950355064,33100.64603443607,2404860.456568568,1514480.8627204192,784972.3510833333
1604,BB,1,2026-04-01,2026-05-01,469567.1307287475,195220.72947435154,795389.820547626,482680.98876737675,487754.4938333333
1604,BD,1,2026-04-01,2026-05-01,14312.424804845688,64.40485132717826,37729.47423644922,13202.19739074543,14430.675416666663
1604,BE,1,2026-04-01,2026-05-01,193006.26867488617,82489.50122768553,352196.57371688506,196941.12099028705,193789.23658333332
1604,BH,1,2026-04-01,2026-05-01,91740.41779647247,3841.3103663794795,331491.5002473276,42717.90994356061,166815.505
1604,BN,1,2026-04-01,2026-05-01,102757.59331428536,12856.276489783804,235209.77079308112,113684.83546260526,102470.938
1604,BR,1,2026-04-01,2026-05-01,528784.6003929619,176420.34711619437,1249495.8893859542,982430.1430270879,467398.54791666666
1604,BS,1,2026-04-01,2026-05-01,364580.41427369276,2808.436005257304,822444.3529778637,422999.402184031,371113.1925833333
1604,CA,1,2026-04-01,2026-05-01,11668116.41572088,9669609.624417799,15061739.889945906,11112634.582814818,13247702.831916668
1604,CG,1,2026-04-01,2026-05-01,206227.067560331,5.373238548297399,510558.3025294209,170887.43383953115,226090.6665833333
1604,CH,1,2026-04-01,2026-05-01,2796049.239279592,1737440.1337498259,4318982.939906104,2451650.42497876,3021515.2613333333
1604,CL,1,2026-04-01,2026-05-01,5678841.688252154,3255924.0108210114,8615021.054670308,5231510.985317642,5624779.966916666
1604,CN,1,2026-04-01,2026-05-01,3125872.0171087882,2320346.2710173368,4462522.4772468,2865792.258214063,3474833.087416667
1604,CR,1,2026-04-01,2026-05-01,231053.45877449846,1318.9115567409783,527024.140306058,196631.3880560224,241970.07758333333
1604,CU,1,2026-04-01,2026-05-01,56441.908338816706,0.0,219219.51216421093,148496.05707193958,71133.92
1604,CY,1,2026-04-01,2026-05-01,70997.83178341879,0.0,243273.4164447756,34769.121341993145,74370.00491666667
1604,DE,1,2026-04-01,2026-05-01,965843.5288758656,505266.1360971925,1949658.4132171248,1009157.0799387462,1127151.4675
1604,DK,1,2026-04-01,2026-05-01,186907.03653864985,33111.69590574323,532083.3411286325,294187.8968778895,188284.41666666663
1604,DO,1,2026-04-01,2026-05-01,969723.0515190552,494354.75447219965,1792819.1577097306,1134495.3054152082,939246.4095
1604,DZ,1,2026-04-01,2026-05-01,0.0,0.0,0.9681287549994125,0.021841352760139286,0.0
1604,EG,1,2026-04-01,2026-05-01,14334829.676074022,9270350.469960729,19035225.610643893,14019471.783147862,12586873.755499998
1604,ES,1,2026-04-01,2026-05-01,178566.18558810238,85946.15261342496,520605.91786490125,178783.06434128474,276506.5158333333
1604,FI,1,2026-04-01,2026-05-01,613202.0759448331,258490.62393738332,1142520.8295811245,577059.3483672605,687274.0607500001
1604,FJ,1,2026-04-01,2026-05-01,49935.312647270905,0.13009037621714586,157817.41880223187,61951.14907605459,52396.41158333333
1604,FM,1,2026-04-01,2026-05-01,133714.9950954287,44709.614897727806,287540.76474909927,179863.98350155173,135905.57291666666
1604,FR,1,2026-04-01,2026-05-01,428100.75239198946,76987.13803983545,1132893.7239618255,352327.5100114476,616237.8871666667
1604,GB,1,2026-04-01,2026-05-01,3591098.1403881456,2266958.3969517048,4658498.430651392,3379244.537127867,3473758.77575
1604,GD,1,2026-04-01,2026-05-01,21593.653867285037,0.061969801784021575,91252.76337161432,15993.04165111854,27932.37591666666
1604,GE,1,2026-04-01,2026-05-01,391334.08813846036,110164.3826538567,823970.0896032439,458419.78596153046,420980.49783333327
1604,GH,1,2026-04-01,2026-05-01,215696.1645607166,34904.196906747406,646030.8384297596,198326.24786047178,377539.3496666667
1604,GR,1,2026-04-01,2026-05-01,688804.4999473742,66368.91342215585,1568755.4133636511,1019223.4189650628,622229.9415000001
1604,GT,1,2026-04-01,2026-05-01,368837.3197364477,151883.02922224218,645839.9704584302,417563.00181921927,352441.30575
1604,GU,1,2026-04-01,2026-05-01,58803.27685855626,3.4894255466619106,171815.002649188,94105.88976066717,66015.28958333333
1604,GY,1,2026-04-01,2026-05-01,172314.74339131263,58095.39909247724,381533.64446459763,164601.22883436052,185795.63591666668
1604,HK,1,2026-04-01,2026-05-01,1824251.1896248392,1337413.0538900408,2424534.5271123718,1652800.2453006473,1948390.5675
1604,HN,1,2026-04-01,2026-05-01,258227.78127823002,2397.9984716689282,617757.4012415142,320565.160055037,265734.0285
1604,ID,1,2026-04-01,2026-05-01,468915.2591665174,184534.94995800903,854392.5979834477,457934.4414070824,452267.9139166667
1604,IE,1,2026-04-01,2026-05-01,96153.12831253765,16.474621360192693,269433.7595385869,95500.7723982531,108786.8695
1604,IL,1,2026-04-01,2026-05-01,8378016.1632565195,4373207.248692963,12928633.539370853,7293940.567620052,8616047.962166665
1604,IN,1,2026-04-01,2026-05-01,64342.113682348245,11070.371858912735,196237.29433503342,58762.22230718304,93420.01333333337
1604,IQ,1,2026-04-01,2026-05-01,228485.9143263712,1.2316615078402176,978487.7083730057,127704.2317695336,483848.37016666663
1604,IS,1,2026-04-01,2026-05-01,104107.81320773777,12393.729299248698,244984.5347266988,113039.91403278412,106837.79983333334
1604,IT,1,2026-04-01,2026-05-01,682416.2187977886,264318.36527145706,1237787.383617564,611307.4607852569,751286.1460000001
1604,JM,1,2026-04-01,2026-05-01,1234603.75631167,631767.2093760838,2123689.6261502593,1552667.769211106,1284348.9294166667
1604,JO,1,2026-04-01,2026-05-01,1089599.6712482576,370590.45935805247,2514333.764687676,1093966.4528916748,1822638.1165833336
1604,JP,1,2026-04-01,2026-05-01,29835089.933881465,23078616.412448756,33009177.395028464,26607200.762668937,28298172.274916667
1604,KE,1,2026-04-01,2026-05-01,52442.09824022181,0.0,189730.74050082784,66784.24581645284,57010.33358333333
1604,KH,1,2026-04-01,2026-05-01,1790902.3805932265,881993.5464755925,3191657.418292451,1530054.1156888227,2039314.3198333336
1604,KR,1,2026-04-01,2026-05-01,1352969.1485649745,987880.0686942439,1917915.624685975,1253709.850811957,1476021.04075
1604,KW,1,2026-04-01,2026-05-01,852172.2039314478,957.8946697398221,1970881.1791581777,662914.1559964945,1384708.772
1604,LA,1,2026-04-01,2026-05-01,1019744.9696654861,725813.8857718015,1696138.2702262036,991877.5348937768,1176828.8325
1604,LB,1,2026-04-01,2026-05-01,1934328.714416413,919529.2771235153,3048802.3925470603,1794113.6369478279,2018892.5248333337
1604,LC,1,2026-04-01,2026-05-01,232178.02277062665,81918.98552924648,474440.9437109209,198925.09705281607,233031.67533333332
1604,LY,1,2026-04-01,2026-05-01,14323056.876631467,9851171.645309873,20183567.59248059,13878417.000733364,14769558.868416669
1604,ME,1,2026-04-01,2026-05-01,122853.74128641676,0.07520671179589683,358048.61600325105,110708.1940424516,148502.09566666666
1604,MH,1,2026-04-01,2026-05-01,77592.42480117633,31.298860510513194,202236.3924925364,81578.58900156086,80530.51358333333
1604,MK,1,2026-04-01,2026-05-01,482995.65917414764,183061.66456870775,885638.2046829361,551784.0230100141,485591.96775
1604,MM,1,2026-04-01,2026-05-01,1064557.0195163533,770712.1436451981,1591929.2920663168,1025356.0329358731,1146154.46875
1604,MU,1,2026-04-01,2026-05-01,155263.03841213204,56926.251410482604,348992.8801672236,111828.09873814465,182115.7510833333
1604,MY,1,2026-04-01,2026-05-01,2702641.278418942,1783598.2214834732,3707851.249109292,2757849.3861484798,2483612.2253333335
1604,MZ,1,2026-04-01,2026-05-01,327267.2047500465,95676.4161661939,711611.2716964366,320363.9899309032,361768.1719166667
1604,NA,1,2026-04-01,2026-05-01,881.2057846470914,0.0,773441.6133892394,48554.834495674346,325375.47958333336
1604,NC,1,2026-04-01,2026-05-01,15842.9808690097,400.40151563924326,41919.920531065276,26696.511534700116,15784.838416666666
1604,NI,1,2026-04-01,2026-05-01,295955.45496103686,3253.234358427267,666125.3799691077,422685.5643459491,281933.23825
1604,NL,1,2026-04-01,2026-05-01,1458262.3176444052,777805.2794851875,2187506.457859043,1443710.3823638987,1340304.6185833334
1604,NO,1,2026-04-01,2026-05-01,716337.5184585158,324791.1501899558,1278657.2549208791,785200.9285398264,736191.7543333332
1604,NZ,1,2026-04-01,2026-05-01,3299481.7199285487,2380625.1430407343,4357445.240160759,3330116.106842977,3211433.72675
1604,OM,1,2026-04-01,2026-05-01,419495.9458937382,192802.68638644734,986874.1401277679,336028.34704393684,579614.2020833333
1604,PA,1,2026-04-01,2026-05-01,874381.232462326,427340.6200884417,1443255.047780682,899332.7965108136,835197.3090833332
1604,PE,1,2026-04-01,2026-05-01,5489075.7266702615,3526239.8410752644,8676572.70902625,5428548.4966660645,5891993.683916667
1604,PF,1,2026-04-01,2026-05-01,67650.77085003282,3.6763785388510706,218818.1329272352,119764.21185538608,73889.09591666667
1604,PG,1,2026-04-01,2026-05-01,348454.0557797032,4614.3699725342585,921338.5595435946,404738.3189441193,458525.1339999999
1604,PH,1,2026-04-01,2026-05-01,1230218.347595121,797880.9335714697,1874786.525171649,1112389.6493808348,1233573.6295833334
1604,PY,1,2026-04-01,2026-05-01,85304.13382938413,0.0,242706.66272643616,69285.83694215002,85178.42416666666
1604,QA,1,2026-04-01,2026-05-01,514556.8698366962,2026.091323960535,1274503.7678319595,393321.34154369857,714904.8596666666
1604,RO,1,2026-04-01,2026-05-01,44243.56302090142,0.0,181151.69791135934,39455.323427586976,61371.204333333335
1604,RS,1,2026-04-01,2026-05-01,882783.036813203,434022.91950946936,1545784.8491917474,906550.2134413902,932777.1346666669
1604,RU,1,2026-04-01,2026-05-01,1948072.1188594906,1156583.2995495824,4172520.7167929816,1525178.9379138264,3191950.1975
1604,SA,1,2026-04-01,2026-05-01,10626463.748359019,7194707.565193976,16384369.238681432,10802522.70470188,10498158.508583331
1604,SE,1,2026-04-01,2026-05-01,271031.8748875804,78431.9867740144,584159.780387142,213787.53671559534,297433.3416666667
1604,SG,1,2026-04-01,2026-05-01,2101801.476819428,1514605.1694179967,2863535.8371288353,1920792.7446958586,2102572.99675
1604,SO,1,2026-04-01,2026-05-01,1449677.4384919417,379348.63964364567,3128557.936119689,2101325.9240704477,1321716.3630833337
1604,SR,1,2026-04-01,2026-05-01,78961.86351285399,0.034476523533566936,312171.34049803135,48716.87626052513,136755.70775
1604,SV,1,2026-04-01,2026-05-01,86313.30038386615,0.0,261570.96947953536,124048.42383689154,86215.67466666667
1604,SY,1,2026-04-01,2026-05-01,1527651.230392973,642480.516699386,2708937.3857440725,1510255.4909310983,1774695.3776666664
1604,TR,1,2026-04-01,2026-05-01,331375.8658702734,61870.96823684598,1740356.083718135,397540.4500583111,1172450.1035
1604,TT,1,2026-04-01,2026-05-01,613269.0595231225,293601.1904297904,1108753.5042655983,628251.3766737195,645918.5799166667
1604,TZ,1,2026-04-01,2026-05-01,98161.97132289341,429.188499920904,248298.68598700882,124531.07090564832,102118.17866666666
1604,UA,1,2026-04-01,2026-05-01,1680567.1610265085,961057.1599061158,2398655.9238036736,1690891.719040697,1571948.845083333
1604,US,1,2026-04-01,2026-05-01,61424290.78771418,45972817.52031005,71150457.85988638,54962086.780468,56157770.79050001
1604,VN,1,2026-04-01,2026-05-01,612433.2724442873,288253.45219428063,1269558.560050937,579003.7157800584,916991.2444166668
1604,VU,1,2026-04-01,2026-05-01,87935.4690635344,11012.928532773625,218387.8149874478,125786.53649942229,87338.89691666666
1604,YE,1,2026-04-01,2026-05-01,2209716.167862376,1183797.9059555938,3795141.196501649,2387888.6769702486,2280279.2553333337
1604,ZA,1,2026-04-01,2026-05-01,3537830.9233504985,1955091.9496566677,5610714.866196093,3174057.062844135,4162778.875833334
1605,AE,1,2026-04-01,2026-05-01,15869.965835392431,99.29983995479002,64429.88628429926,9754.445378985947,26298.93541666667
1605,AU,1,2026-04-01,2026-05-01,1782766.3557698065,1331157.414684615,2262589.663141897,1723442.3041270475,1810809.6695
1605,BN,1,2026-04-01,2026-05-01,70635.12739596538,28521.421083979556,122619.8804541702,69155.79492706871,69915.45183333334
1605,CA,1,2026-04-01,2026-05-01,1393353.049025018,784898.9943590208,2291703.5615238934,1557326.4759570775,1232052.7674166667
1605,CN,1,2026-04-01,2026-05-01,696092.640240964,349945.7964661196,1332528.6921845363,565937.8520395907,1007505.1644166666
1605,DE,1,2026-04-01,2026-05-01,289574.70116369124,36290.87990023956,607324.3092537672,279523.26881248737,330159.5663333333
1605,DK,1,2026-04-01,2026-05-01,79971.41886733826,37762.99637341572,194364.69982167607,86731.68656260966,115694.84266666668
1605,ES,1,2026-04-01,2026-05-01,32885.83833487454,0.0,114342.2931078024,29723.281577563856,34421.62766666667
1605,FR,1,2026-04-01,2026-05-01,33614.34012251586,91.310756696795,99652.69117633758,31213.05222160753,35891.39108333333
1605,GB,1,2026-04-01,2026-05-01,188669.77057092646,23177.222546517598,428853.2976092567,215358.27374307645,210094.27358333336
1605,HK,1,2026-04-01,2026-05-01,693635.9391121439,424646.097758596,1156791.1105301876,655418.0357587938,839315.5593333334
1605,IT,1,2026-04-01,2026-05-01,367141.12438869453,92574.51958151445,798289.0578919342,445307.8742333507,372496.9064166667
1605,JP,1,2026-04-01,2026-05-01,18789695.948843982,15762168.264661863,21304047.697479617,17521266.41639194,19411293.00583333
1605,KH,1,2026-04-01,2026-05-01,13524.15348473349,646.3647628583896,161302.5126362015,4601.726039889462,68301.28258333333
1605,KR,1,2026-04-01,2026-05-01,3042179.1270496887,2044556.7799356366,3827703.302342924,2998683.515716356,2980939.9644166664
1605,LA,1,2026-04-01,2026-05-01,54694.303732635424,32504.75864298576,90297.23890973572,54728.74788724931,57657.61858333333
1605,MM,1,2026-04-01,2026-05-01,17749.19501421505,8663.70535856569,40801.80828926625,23938.446430219155,17448.582416666668
1605,MX,1,2026-04-01,2026-05-01,515171.0157691247,136860.6630426583,1015636.4634249414,552025.1412572137,531973.4505833333
1605,MY,1,2026-04-01,2026-05-01,97993.8879814798,35322.92583783824,229164.36136985323,120246.38528609696,95504.57433333337
1605,NL,1,2026-04-01,2026-05-01,43259.27156788742,3855.644591125899,130986.64965802433,69031.45540049723,45901.3835
1605,NO,1,2026-04-01,2026-05-01,1.9241070414305728,0.0,3788.4403826453404,38.401935832307444,1315.6984166666668
1605,NZ,1,2026-04-01,2026-05-01,294772.5147761495,83596.0977972162,658158.2444396727,206683.79166831583,450466.52275
1605,PH,1,2026-04-01,2026-05-01,53818.51661292538,834.5497256382415,150585.27235728488,47270.13930139562,66970.69141666667
1605,QA,1,2026-04-01,2026-05-01,30.620814661177437,0.0,5923.335058238604,90.70402652352671,1786.14275
1605,RU,1,2026-04-01,2026-05-01,56302.04611042483,0.0,256421.41665353006,38304.348260257524,110099.26541666668
1605,SG,1,2026-04-01,2026-05-01,531208.4352619065,264904.0423070514,910605.7584846562,523480.1057104723,592440.3315833333
1605,US,1,2026-04-01,2026-05-01,17311014.28779519,13388174.352111362,21964879.68684568,15862948.325525407,19243098.104083333
1605,VN,1,2026-04-01,2026-05-01,115581.31018285215,65.2060300679397,275761.57665262284,99884.21068227995,142787.41166666665
0301,AE,3,2026-04-01,2026-07-01,40587.487951663934,21291.244231774705,72824.68677259125,42401.307327780254,43422.25716666667
0301,AU,3,2026-04-01,2026-07-01,20999.017284491605,12084.788965779411,39909.90499378948,23308.597239221326,23674.237083333337
0301,BD,3,2026-04-01,2026-07-01,10882.849546516572,3.9774339675009935,70153.89761356,42062.37650126691,19701.8195
0301,BE,3,2026-04-01,2026-07-01,3126.722736388712,0.0,13389.37672430197,3274.9823261324277,4400.86925
0301,BG,3,2026-04-01,2026-07-01,4954.561709920775,0.9001559652738024,15430.264026845087,5991.7461854089315,6315.147249999999
0301,BH,3,2026-04-01,2026-07-01,5195.818398221181,91.82888097442893,18436.45426136092,6377.661747347226,7999.484916666665
0301,BN,3,2026-04-01,2026-07-01,1148.0658932076497,0.5097264675888097,3521.246207449995,1331.655945243185,1279.7044166666667
0301,BR,3,2026-04-01,2026-07-01,25.29464793867952,0.0,896.6850182422945,379.4732574712644,170.97783333333334
0301,CA,3,2026-04-01,2026-07-01,65462.44874668037,36922.41518916671,99834.04584760626,71405.59443362415,64106.84949999999
0301,CN,3,2026-04-01,2026-07-01,479876.88355229865,319697.2460873061,697015.726779555,466920.54535267287,489627.3690833333
0301,CY,3,2026-04-01,2026-07-01,3717.4991083274244,67.89783444054244,11482.759401197398,4430.203412867124,4504.612416666667
0301,CZ,3,2026-04-01,2026-07-01,17367.221075208756,9002.229915161539,35903.305153117384,23226.72027999183,20046.513583333333
0301,DE,3,2026-04-01,2026-07-01,39789.880086846526,21110.98799628758,68571.65569688355,45733.533112655314,45110.07200000001
0301,ES,3,2026-04-01,2026-07-01,17727.221535390385,10098.320983984248,32039.614470330474,20804.00797022688,20534.151500000004
0301,FR,3,2026-04-01,2026-07-01,37859.17657531584,23710.8320599471,61858.38274213156,44134.14252400925,43710.37658333334
0301,GB,3,2026-04-01,2026-07-01,29017.313027808887,16994.742243062163,45725.507292114984,32602.18876541683,32317.9455
0301,HK,3,2026-04-01,2026-07-01,27620.902837551093,10850.504844686408,67104.48965343043,29853.157076878637,33781.02841666666
0301,HU,3,2026-04-01,2026-07-01,4676.150885970714,0.4530372183940234,14054.502670960563,6306.603829193262,5823.626749999999
0301,ID,3,2026-04-01,2026-07-01,11951.054218088258,209.74097818813553,32115.936181347122,13204.556733527843,13730.436333333331
0301,IL,3,2026-04-01,2026-07-01,22492.579985385022,295.54485161504203,58552.27465800572,27451.655375198512,25443.125416666662
0301,IN,3,2026-04-01,2026-07-01,89109.58369037627,54409.485895893624,151143.31732889716,94835.65052716713,93701.61699999998
0301,IQ,3,2026-04-01,2026-07-01,8066.494700748215,138.32145790208642,28636.499826123734,10043.276959131013,12193.54875
0301,IR,3,2026-04-01,2026-07-01,32599.776513963945,0.19068188946242998,111535.70176047726,38788.05644196642,51104.541
0301,IT,3,2026-04-01,2026-07-01,12272.76894259017,4112.772422308927,28280.76912597159,13336.552841481107,14997.80975
0301,JO,3,2026-04-01,2026-07-01,11918.984868858077,1356.1753219848904,32292.4615362191,16048.580914985676,13612.349833333332
0301,JP,3,2026-04-01,2026-07-01,61229.49181650494,45682.19825778844,89432.13714056245,61295.231634547534,64431.03100000001
0301,KH,3,2026-04-01,2026-07-01,0.12943249482379884,0.0,23403.661501266055,2491.6281544505646,8017.818833333334
0301,KR,3,2026-04-01,2026-07-01,55348.30157712266,39556.902642370915,82331.8274581905,56775.82246951378,59267.86566666667
0301,KW,3,2026-04-01,2026-07-01,8773.54081454717,0.8061689220589494,29035.902311365753,9235.956771897048,13595.048166666667
0301,LA,3,2026-04-01,2026-07-01,263999.1319824963,146680.7647225642,480428.77702424553,251700.6427888752,276400.70883333334
0301,MM,3,2026-04-01,2026-07-01,58069.11028884226,26227.9609260209,118793.69251645525,63102.67755136712,65518.54758333333
0301,MT,3,2026-04-01,2026-07-01,2611.022814381517,0.0,8182.597979215232,3017.5095587617197,3218.6406666666667
0301,MV,3,2026-04-01,2026-07-01,1074.2640691740992,0.0,3089.9242520071393,1432.4425645994654,1124.354
0301,MX,3,2026-04-01,2026-07-01,22317.555790264843,2792.2574636821564,76866.85020268323,31573.92687038619,39257.31733333333
0301,MY,3,2026-04-01,2026-07-01,241820.42892366467,110010.58659432297,383316.2488556809,250132.46897317635,228875.12591666667
0301,NL,3,2026-04-01,2026-07-01,8919.739607260539,2607.3625879471338,20953.35378815861,10916.780797944708,9279.196083333334
0301,NP,3,2026-04-01,2026-07-01,11192.505370233752,5508.319579758781,22846.405954963404,12450.597671603866,12603.458333333334
0301,OM,3,2026-04-01,2026-07-01,4909.439568871904,2865.1064992293364,10708.520336818718,5610.415428795657,5608.09925
0301,PE,3,2026-04-01,2026-07-01,3524.7108987970364,0.0,10623.437865490556,3631.331143856299,3789.483583333333
0301,PH,3,2026-04-01,2026-07-01,21189.645745881837,11731.951236980456,40842.75098505488,23796.488865314357,23847.563250000003
0301,PK,3,2026-04-01,2026-07-01,8659.175708686398,4162.817854378434,20228.37407836003,9824.817424630242,9738.111833333334
0301,PL,3,2026-04-01,2026-07-01,38059.271231028215,22347.473953403525,61836.62061366391,41920.67806403674,42248.311083333334
0301,PT,3,2026-04-01,2026-07-01,1376.8032688470735,342.74512374319244,3181.97225304924,1616.9137764202333,1401.9809166666666
0301,QA,3,2026-04-01,2026-07-01,12.893490081873791,0.0,8485.575926959373,1640.1662632428797,2465.8279166666666
0301,RO,3,2026-04-01,2026-07-01,5597.227191127482,0.7695166974625777,17370.473400481394,6566.925591028078,7301.528666666666
0301,RU,3,2026-04-01,2026-07-01,59455.2120138573,33122.160503330066,104801.75756839645,69665.75681797905,63276.223999999995
0301,SE,3,2026-04-01,2026-07-01,347.4288897574064,0.0,3474.3664320456733,1041.6538489003844,1061.8115833333334
0301,SG,3,2026-04-01,2026-07-01,39619.6409729843,30375.88239729393,61509.71960406187,44296.38515137058,45596.3885
0301,TR,3,2026-04-01,2026-07-01,16288.214446677322,5292.076695593606,28994.909222067152,16218.91239950444,14698.794416666666
0301,UA,3,2026-04-01,2026-07-01,583.3280789941576,0.0,6527.981820123391,1666.0126634375238,1975.1215
0301,US,3,2026-04-01,2026-07-01,235097.26989817334,162858.60475196788,342265.2538334243,243490.1968171305,249168.43591666664
0301,VN,3,2026-04-01,2026-07-01,39100.37812423076,6546.859016957618,86886.16652820377,42846.19218443248,34922.392916666664
0301,ZA,3,2026-04-01,2026-07-01,13781.863509023391,6482.955769273591,28773.122694101126,15410.008928856501,15514.915583333332
0302,BD,3,2026-04-01,2026-07-01,3044.2509455640443,95.42759261998813,12443.021303915142,5005.151346314064,4166.00025
0302,HK,3,2026-04-01,2026-07-01,168502.25719685637,95286.4486468117,347621.3020721779,191042.2714800348,207875.06475
0302,KH,3,2026-04-01,2026-07-01,20.501518161721513,0.2423055766304908,258817.5191378758,43803.0079233305,92080.0665
0302,LA,3,2026-04-01,2026-07-01,243479.16409630224,53390.049969068044,502808.33609491977,253635.37359204935,203903.98966666663
0302,MM,3,2026-04-01,2026-07-01,178298.20149899492,95888.29657419212,350384.57916985225,204738.45171084913,212705.41725000003
0302,MY,3,2026-04-01,2026-07-01,1021327.3498145298,615350.5973019144,1856135.2686793637,1250014.9258835549,1192922.1248333333
0302,SG,3,2026-04-01,2026-07-01,28186.301559339558,1299.5775533124045,111541.79726700237,39344.070824348666,50187.459
0303,AE,3,2026-04-01,2026-07-01,1201144.7480660512,625699.2354496107,2425999.614910066,1358686.3944945293,1397221.2224166666
0303,AU,3,2026-04-01,2026-07-01,3805.1238463864415,0.0,61508.74863626376,21341.047643417285,16756.918916666666
0303,BD,3,2026-04-01,2026-07-01,15230.147297335923,2.3879103845679857,79715.66284446174,33379.471102030555,21241.80525
0303,BH,3,2026-04-01,2026-07-01,47783.01169192653,461.19210828753677,136284.81603598176,54573.615648856365,57330.993416666664
0303,CN,3,2026-04-01,2026-07-01,1307514.1146782157,791827.3694420436,2984011.9989477005,1730269.539528854,1722408.306916667
0303,FR,3,2026-04-01,2026-07-01,17336.553334940316,0.0,100331.64449931834,32079.170568757556,37867.151
0303,GB,3,2026-04-01,2026-07-01,29662.604767623066,0.3349421245049939,132616.14193787344,46572.508299345456,51598.530666666666
0303,HK,3,2026-04-01,2026-07-01,212624.04425483083,117424.05034474393,432419.51216904353,226785.7775090305,263495.517
0303,IT,3,2026-04-01,2026-07-01,595907.0426038009,116286.68764905324,1670292.4633511438,860165.8046691946,657689.6345833334
0303,JP,3,2026-04-01,2026-07-01,1286655.624271176,755024.9398110752,2377455.3809565543,1432709.058565668,1375950.4593333334
0303,KH,3,2026-04-01,2026-07-01,84.19932037043364,0.0,284245.12494355044,47070.53605702004,99444.07683333333
0303,KR,3,2026-04-01,2026-07-01,60361.04503821151,649.7868807287853,290732.52286651026,79159.83297838172,127945.15208333332
0303,KW,3,2026-04-01,2026-07-01,35757.75439830073,0.013153295493393698,143209.15121414568,52293.28805548096,63454.26258333333
0303,LA,3,2026-04-01,2026-07-01,49904.89174884881,18866.635896743577,173529.07352685605,73729.6274762304,84686.28475
0303,MM,3,2026-04-01,2026-07-01,70590.8591221842,25061.330506560786,163996.29490546742,76754.69179620728,84430.88191666667
0303,MY,3,2026-04-01,2026-07-01,51269.200739073975,25177.85768313194,111905.40432948901,55822.2096427243,56570.31925
0303,OM,3,2026-04-01,2026-07-01,57755.127122928694,24931.82017692237,131614.90850490204,66466.63403790082,71017.70116666667
0303,PH,3,2026-04-01,2026-07-01,65047.731299874686,0.33216160752205215,202987.3050378769,86120.08060038257,65016.195750000006
0303,QA,3,2026-04-01,2026-07-01,160599.8820340396,3.0384820384263866,665055.641681681,281142.71027237916,347056.45625
0303,SA,3,2026-04-01,2026-07-01,51255.363339211675,1228.059217073147,180866.87683928915,63090.71580864128,74704.77075000001
0303,SG,3,2026-04-01,2026-07-01,114091.98391469578,35895.46219204005,236218.05113355615,129605.27817754282,117649.62475
0303,US,3,2026-04-01,2026-07-01,495627.5681690083,191680.4433911415,1077705.497026505,500119.83112657786,543669.5190833333
0303,VN,3,2026-04-01,2026-07-01,2758039.9489805577,973399.0976769562,5366418.907255121,2849509.539543261,2963442.552333333
0304,AE,3,2026-04-01,2026-07-01,43483.064622845246,1722.3700494456823,134047.51837056063,37855.93647364901,63560.713
0304,AU,3,2026-04-01,2026-07-01,201295.17030506197,53114.14929864153,462414.8188509327,241198.89020385587,228378.8629166667
0304,CN,3,2026-04-01,2026-07-01,280475.9250711946,71944.59037649943,616640.4967971157,288320.3754609447,312729.0885833333
0304,HK,3,2026-04-01,2026-07-01,120119.05634826641,5212.3802866384885,286031.45998264913,140414.2675497548,142626.621
0304,IT,3,2026-04-01,2026-07-01,70098.1150237472,6098.2412358209285,213017.87335996568,75382.07937095527,108088.82791666665
0304,JP,3,2026-04-01,2026-07-01,7741373.428134588,5560196.357088858,9946718.576615188,7824721.541898597,8336257.650166667
0304,KH,3,2026-04-01,2026-07-01,907.6747926326924,0.0,30948.18589960082,6006.292690327529,7445.464666666667
0304,KR,3,2026-04-01,2026-07-01,380771.5270716977,204956.02573321052,640732.4219543643,390163.3724923334,403100.1585000001
0304,KW,3,2026-04-01,2026-07-01,1986.053862732683,0.0,40580.390731959225,6953.103271468081,13223.47225
0304,LA,3,2026-04-01,2026-07-01,69.207980687054,0.0,422.8071854425512,112.98470473841942,122.06183333333333
0304,MM,3,2026-04-01,2026-07-01,23217.50567622875,9648.304391632255,83928.07888700877,32330.701321670844,41379.934
0304,MY,3,2026-04-01,2026-07-01,380059.16346490436,126004.64274412821,842462.5968510999,404969.9981578349,488260.1540833334
0304,OM,3,2026-04-01,2026-07-01,4738.579844226787,0.0,71931.31502041139,22939.633559348324,21224.49658333333
0304,PH,3,2026-04-01,2026-07-01,209202.06494116076,101291.80904002635,370370.1609172712,226951.34709483013,206143.41
0304,QA,3,2026-04-01,2026-07-01,20421.508065243717,0.0,95682.53211738718,29990.260054488772,40036.92175
0304,RU,3,2026-04-01,2026-07-01,231598.41588633042,57030.707021867616,630547.2717581912,313231.1606032906,300882.869
0304,SG,3,2026-04-01,2026-07-01,240559.40792996192,103728.7917420419,422738.24338114675,266783.2828927892,259685.58433333333
0304,US,3,2026-04-01,2026-07-01,2724253.187429515,1818469.891971995,3935062.3801050126,2741120.3886674875,2851974.81875
0304,VN,3,2026-04-01,2026-07-01,63168.25760570793,0.7884259592760935,217974.45157483406,82726.98140687047,78470.71075
0305,AU,3,2026-04-01,2026-07-01,68404.02062620051,21722.918909444204,147484.967815401,69563.99120370817,77711.74366666666
0305,CA,3,2026-04-01,2026-07-01,44926.615144037656,980.6477360318966,125597.76378866084,42970.13269965902,52836.219833333336
0305,CN,3,2026-04-01,2026-07-01,64670.66115497438,0.0,272378.4485827268,99773.43998349622,103685.73816666666
0305,EE,3,2026-04-01,2026-07-01,191909.88538478638,76742.76733514732,342074.2438323918,201629.35100717557,214880.65558333337
0305,FR,3,2026-04-01,2026-07-01,978.9665050676228,0.0,20579.357013111523,7620.912155983766,5335.667916666666
0305,GB,3,2026-04-01,2026-07-01,34390.774615653056,0.0,88894.43322571262,39796.212111390094,37942.330583333336
0305,HK,3,2026-04-01,2026-07-01,189220.86600677753,67732.23168317034,585227.6987097661,243857.2235000618,328909.3146666667
0305,ID,3,2026-04-01,2026-07-01,0.0,0.0,3.859285885118969,21.970603246420538,0.6971666666666666
0305,JP,3,2026-04-01,2026-07-01,841481.351947628,507925.0831371683,1315196.5218815664,885136.0644689188,923645.053
0305,KH,3,2026-04-01,2026-07-01,0.0,0.0,3551.6946385610727,1636.0746305994908,977.03675
0305,KR,3,2026-04-01,2026-07-01,60673.74181847858,0.0,172967.71623761978,67197.386585607,59220.912333333334
0305,LA,3,2026-04-01,2026-07-01,8165.365395952734,3471.022078318993,26945.57073778781,11161.658151055983,9361.296666666669
0305,LK,3,2026-04-01,2026-07-01,1054489.8340296424,372077.39435030107,2834260.097732183,1614379.5039574518,1344166.693
0305,MY,3,2026-04-01,2026-07-01,108861.96072529383,28197.980957417676,301551.48471958603,150726.8856766888,157459.00783333334
0305,NG,3,2026-04-01,2026-07-01,143861.31552047064,47790.84649937178,321134.9274998408,171649.5802624966,159078.0245
0305,NL,3,2026-04-01,2026-07-01,32874.188382768756,0.0,107204.38298578071,48391.569635319844,40964.478
0305,RU,3,2026-04-01,2026-07-01,2.7624883188271987,0.0,51668.90774752165,10770.183947452744,15240.627166666667
0305,SG,3,2026-04-01,2026-07-01,39851.646307460236,514.9376116071232,139359.15819337836,56517.79186919101,64988.556
0305,US,3,2026-04-01,2026-07-01,142056.43481410205,42112.970278691006,309923.9047939637,144803.98118852195,164762.1235833333
0306,AE,3,2026-04-01,2026-07-01,19398.618692797554,1074.7271261283227,96043.00401707937,25789.647882523164,31927.328416666667
0306,AU,3,2026-04-01,2026-07-01,1571476.8333308094,824693.0946144646,3887540.1669307672,1890183.4394218295,2546303.675083333
0306,BD,3,2026-04-01,2026-07-01,16304.522579352517,594.8869050887837,79803.07031417883,38465.76874959106,24875.676416666665
0306,BE,3,2026-04-01,2026-07-01,93.5882826218516,0.0,25879.400668506823,4323.911892495507,8877.643416666668
0306,BH,3,2026-04-01,2026-07-01,354.0462581617621,4.596499219064522,3523.751614023885,1091.2777608750464,1254.5829166666667
0306,BN,3,2026-04-01,2026-07-01,80.25738085223098,0.0,23912.8955973227,7403.059179060069,8073.445333333333
0306,CA,3,2026-04-01,2026-07-01,1730563.544316314,1102938.0171159927,2840098.9187534917,1790858.4423211548,1921227.5475
0306,CN,3,2026-04-01,2026-07-01,26312570.81367727,16613455.702339381,33964583.228970245,24752166.841273848,26089977.297333337
0306,CY,3,2026-04-01,2026-07-01,6321.607283409336,174.4069546358121,40334.7119590847,13974.964871965667,15509.182249999998
0306,CZ,3,2026-04-01,2026-07-01,2720.071242744103,1206.4788491862066,6046.1772735311915,3480.8767931723114,3075.0004166666663
0306,DE,3,2026-04-01,2026-07-01,10068.651848384554,2426.764544232001,28852.083531817934,12168.667897412799,11673.00500000004
0306,EG,3,2026-04-01,2026-07-01,17.14903892990747,0.0,46125.27285547654,9612.393961698472,14823.133333333331
0306,ES,3,2026-04-01,2026-07-01,849.7533238606005,275.5321886238475,2041.9527728613673,926.4748261821849,843.0879166666667
0306,FR,3,2026-04-01,2026-07-01,5562.176825272348,458.06021480684467,29873.3995090091,12030.844631604485,9394.405833333332
0306,GB,3,2026-04-01,2026-07-01,51030.099984789194,1128.7967995162553,246936.06780567724,92218.93946381917,84005.06241666667
0306,HK,3,2026-04-01,2026-07-01,2108501.1736619486,1431684.052490417,3115147.2816023626,2218903.459546468,2223122.584583333
0306,HU,3,2026-04-01,2026-07-01,728.3560139891321,0.0,4730.361266737971,1911.8476421872538,1690.8391666666666
0306,IL,3,2026-04-01,2026-07-01,15200.184388744505,0.35426237183666764,224978.04929340328,70339.96696802213,87845.26116666668
0306,IQ,3,2026-04-01,2026-07-01,0.0,0.0,159.07065271057462,31.301614784870562,44.41891666666667
0306,IT,3,2026-04-01,2026-07-01,120436.63120180207,27578.825913437908,499274.4730325847,173401.00221318498,258340.14183333333
0306,JO,3,2026-04-01,2026-07-01,658.5791758377339,31.428071517091297,5682.033844211222,1960.163316433139,1987.474416666667
0306,JP,3,2026-04-01,2026-07-01,5253961.316397367,3573522.7253804277,8321014.260720063,5276370.518197207,5761586.790416666
0306,KH,3,2026-04-01,2026-07-01,8.753791956366896,0.0,146939.2023376178,25752.65999195697,41057.4035
0306,KR,3,2026-04-01,2026-07-01,2326653.7336036526,1426282.8782554267,3604266.76732621,2449928.985530763,2475992.949916667
0306,KW,3,2026-04-01,2026-07-01,85.45141103411851,0.0,18239.428797127857,2640.3894540135243,5714.01725
0306,LA,3,2026-04-01,2026-07-01,74477.16230316016,27323.003056340225,208373.26803952397,91035.09726037658,72663.08875000001
0306,MM,3,2026-04-01,2026-07-01,2445651.702061226,1313376.2914124115,4002250.429166187,2597264.1914275275,2643539.0696666664
0306,MV,3,2026-04-01,2026-07-01,58.69627667864388,0.0,367.2957564796447,138.9286669375806,97.68333333333334
0306,MY,3,2026-04-01,2026-07-01,1104574.9682605283,551573.2955285098,1988118.7951289404,1213615.5588636075,1077213.13725
0306,NL,3,2026-04-01,2026-07-01,10112.25395158249,189.8450541739038,82192.95708382553,37919.93607947162,26551.06275
0306,NP,3,2026-04-01,2026-07-01,375.13490332401517,39.763348651681966,1041.0662488459288,410.44334175409534,411.2265
0306,NZ,3,2026-04-01,2026-07-01,89502.46217691308,7635.8247251731755,267950.42566958454,91861.13007120026,131268.17291666666
0306,OM,3,2026-04-01,2026-07-01,0.0,0.0,84.16557021463551,925.1724720636639,23.033666666666665
0306,PH,3,2026-04-01,2026-07-01,13815.463501173375,46.08668761655284,189917.4356310096,70332.53222516035,69481.1005
0306,PK,3,2026-04-01,2026-07-01,142.9341598065458,18.43329286221785,4098.1121347563485,729.4150382764742,1517.9409999999998
0306,PL,3,2026-04-01,2026-07-01,13653.193522050613,6131.390930236615,29775.25295865599,16779.215098199675,15686.7005
0306,QA,3,2026-04-01,2026-07-01,197.5613330202359,0.05198930844151306,21364.61561560921,4053.275858990768,7713.051333333334
0306,RU,3,2026-04-01,2026-07-01,9426.592796737139,765.8237686074625,264933.96282751625,63743.96184038963,120238.14216666669
0306,SE,3,2026-04-01,2026-07-01,54.09202843945022,0.0,849.3943989737866,238.32521921433303,248.1815
0306,SG,3,2026-04-01,2026-07-01,780805.4918455546,449906.5181852514,1269239.392551218,755982.0457237266,812602.9429166666
0306,UA,3,2026-04-01,2026-07-01,3.551777908353565,0.0,6673.165866615187,683.8331860103451,1921.1724166666663
0306,US,3,2026-04-01,2026-07-01,9660739.362814277,6485726.100640396,13985939.147711571,9874825.255814116,10418382.84625
0306,VN,3,2026-04-01,2026-07-01,261518.40001325522,67045.53647788204,572528.5371324457,315556.55559587735,278503.0679166667
0306,ZA,3,2026-04-01,2026-07-01,9550.031623360726,559.7497691038476,135013.68450618483,22925.278359546966,51753.18633333334
0307,AE,3,2026-04-01,2026-07-01,51221.38492561069,208.69250550842082,238531.0455050228,79079.345185063,99223.39441666666
0307,AU,3,2026-04-01,2026-07-01,1116214.5299517738,346826.56526563945,2009752.5004083978,1204570.6393502946,1159741.6246666668
0307,BD,3,2026-04-01,2026-07-01,80.37058839341539,2.519760149078145,1641.4347640639012,381.99072275499066,516.7115833333334
0307,BE,3,2026-04-01,2026-07-01,75.57124115156392,0.0,11489.27121241877,2524.614440890114,3951.033833333333
0307,CA,3,2026-04-01,2026-07-01,1022825.0365279582,546788.0253335562,1907672.4192448223,1180955.4927420947,1179700.2540833333
0307,CH,3,2026-04-01,2026-07-01,3.8095277512992975,0.0,71582.79857091374,10064.121021111056,22608.61575
0307,CN,3,2026-04-01,2026-07-01,3410268.7770116823,1977383.8479790466,6560294.687934865,3757813.4312375677,4359380.075333334
0307,CY,3,2026-04-01,2026-07-01,252332.65362453434,25391.327500340783,537690.8690566188,276666.2610444594,262950.8414166667
0307,CZ,3,2026-04-01,2026-07-01,1435.8980306311234,539.2005344808055,3498.7742498876005,1932.3458763129217,1718.90225
0307,DE,3,2026-04-01,2026-07-01,239846.10483818655,97396.72783964917,605022.1805676111,323894.34070555976,377378.1055
0307,ES,3,2026-04-01,2026-07-01,1176.9593440766992,510.49193716733276,2719.1172210081263,1404.5056699172471,1269.9170833333333
0307,FR,3,2026-04-01,2026-07-01,7594.769288646305,94.4703465627624,44847.423764181454,11494.957149226488,16684.50833333333
0307,GB,3,2026-04-01,2026-07-01,364368.7728397201,17028.67506970862,965259.3150668887,421025.3375209744,526967.8775833334
0307,HK,3,2026-04-01,2026-07-01,280795.4144451802,136068.76170414427,575605.8615479316,296647.7282108779,309891.6795833334
0307,IT,3,2026-04-01,2026-07-01,7631429.600097632,4229699.73613022,11938943.433553506,9040326.851040382,8210051.313833334
0307,JP,3,2026-04-01,2026-07-01,4285424.4712319365,3094485.9270510813,5926870.09586512,4833320.424795784,4604475.727333333
0307,KH,3,2026-04-01,2026-07-01,39.89533466813844,0.0,369605.96288005577,89229.52833541483,131599.9475
0307,KR,3,2026-04-01,2026-07-01,3584394.7595170415,2398077.208435164,5505919.425906704,3617912.296640984,3667826.409916667
0307,LA,3,2026-04-01,2026-07-01,82059.23956704522,36713.960758977795,164851.9713194516,82806.62766641456,76809.24666666667
0307,MY,3,2026-04-01,2026-07-01,634222.1478920992,212218.09214197582,1463541.3620895783,793152.3611580557,836110.1896666666
0307,NL,3,2026-04-01,2026-07-01,3715.5099501177324,308.5254539469091,34288.485452041656,13451.912563475234,10884.5695
0307,NP,3,2026-04-01,2026-07-01,61.75883525761715,1.811894914972456,224.25638386614224,65.55543143575407,58.03908333333333
0307,NZ,3,2026-04-01,2026-07-01,3632.231926183693,28.367134290012128,23842.67319117367,9339.905340732941,6787.476333333333
0307,PL,3,2026-04-01,2026-07-01,3372.645454974498,1501.014037134305,7770.5877777495625,4270.481840608946,3856.07425
0307,PT,3,2026-04-01,2026-07-01,14.699025619336481,0.0,62.85189814836846,46.56154029218653,17.511833333333332
0307,QA,3,2026-04-01,2026-07-01,0.44356430232359584,0.0,1096.6865913131664,312.47561078170475,273.4896666666668
0307,RU,3,2026-04-01,2026-07-01,6200.421695721872,620.4136271844659,22242.713501770042,7300.71115171431,8607.30625
0307,SE,3,2026-04-01,2026-07-01,66.68258296624661,0.0,905.3855259981026,212.08940170623535,268.60325
0307,SG,3,2026-04-01,2026-07-01,15289.421218122745,1750.2394386949616,76061.1734116215,33649.08425936626,22927.480083333332
0307,UA,3,2026-04-01,2026-07-01,1455.6830357813683,0.0,57132.131209893865,15572.628410404757,16606.812083333334
0307,US,3,2026-04-01,2026-07-01,3170867.9585878043,2042746.457667358,5390319.42000397,3231320.7376050344,3197306.988
0307,VN,3,2026-04-01,2026-07-01,146794.9448637532,3346.3156163237013,557923.7731097783,215087.5059856766,187512.535
0308,BD,3,2026-04-01,2026-07-01,0.0,0.0,1.7061555359362675,342.74021246059567,0.0
0308,CN,3,2026-04-01,2026-07-01,190938.12450171835,54.691517446078656,561807.3147520742,275506.95502532175,159922.90333333335
0308,JP,3,2026-04-01,2026-07-01,483718.6725789611,207752.606481331,923301.3214656308,454402.36266389943,505970.6290833333
0308,KH,3,2026-04-01,2026-07-01,0.0,0.0,2785.4814547546193,318.43669762376885,767.4009166666666
0308,KR,3,2026-04-01,2026-07-01,678785.0455249009,202440.63151350679,1446086.9910912353,758746.5614116233,715756.9486666666
0308,MY,3,2026-04-01,2026-07-01,2646.315165242389,0.0,57475.154137369,21880.997955728337,21000.722583333336
1604,AE,3,2026-04-01,2026-07-01,5220614.860248556,1597997.4491549795,11361965.004606456,5443138.529903356,6952969.72625
1604,AL,3,2026-04-01,2026-07-01,217042.35578625632,56658.024987278055,526225.2620207953,233051.68194529065,232426.51675000004
1604,AO,3,2026-04-01,2026-07-01,301225.02090948,74876.00225697416,780406.2900313383,367413.15548649844,329481.1468333333
1604,AR,3,2026-04-01,2026-07-01,1173445.372674442,452511.9679243192,2458872.0236833985,1067541.9020805475,1263551.907
1604,AS,3,2026-04-01,2026-07-01,38336.577689920305,0.0,133867.68900779073,44381.80279116661,47238.32750000001
1604,AT,3,2026-04-01,2026-07-01,28098.692770097085,0.0,215826.83282977983,49598.17459758025,55424.83441666667
1604,AU,3,2026-04-01,2026-07-01,22788112.271743253,17553996.930193014,27775557.38138682,21608530.516677786,21288753.313833337
1604,BA,3,2026-04-01,2026-07-01,625593.7263686816,662.0271023339254,2102254.0807014736,1181032.3641138757,784972.3510833333
1604,BB,3,2026-04-01,2026-07-01,457685.6889824035,204828.67438931996,913950.4079921957,470521.8924293717,487754.4938333333
1604,BD,3,2026-04-01,2026-07-01,11434.72789208633,182.7015020749638,40315.33909935892,14651.302193844747,14430.675416666663
1604,BE,3,2026-04-01,2026-07-01,187082.15973860546,88275.62674556,388572.1636495149,203327.04416775456,193789.23658333332
1604,BH,3,2026-04-01,2026-07-01,119569.10891117438,2153.174257570585,380424.010503378,118236.1454602858,166815.505
1604,BN,3,2026-04-01,2026-07-01,95574.22249651082,12972.510209377542,234342.23555451975,107136.98125968358,102470.938
1604,BR,3,2026-04-01,2026-07-01,382295.2282536385,39576.202264962616,1257480.364344266,616157.6808545366,467398.54791666666
1604,BS,3,2026-04-01,2026-07-01,354538.69071629964,17122.15176359754,928127.7066157341,367641.00033365295,371113.1925833333
1604,CA,3,2026-04-01,2026-07-01,12446976.188452648,9472343.99414005,17501092.68531625,12582905.209227227,13247702.831916668
1604,CG,3,2026-04-01,2026-07-01,189038.57511036095,1.422646627948957,515942.8429977042,226526.4680359708,226090.6665833333
1604,CH,3,2026-04-01,2026-07-01,2792091.584398482,1627689.9166221241,4821249.252464192,2726062.7812002227,3021515.2613333333
1604,CL,3,2026-04-01,2026-07-01,5488412.763846391,3158451.5916505726,9453162.338418271,5498162.702521442,5624779.966916666
1604,CN,3,2026-04-01,2026-07-01,3530167.820357352,2490741.0311221112,4986994.528131035,3224801.254719682,3474833.087416667
1604,CR,3,2026-04-01,2026-07-01,217055.73717792745,4565.781749689462,561123.7951378066,237972.48815722595,241970.07758333333
1604,CU,3,2026-04-01,2026-07-01,48484.765727917686,0.0,229430.38812413995,97123.12719563454,71133.92
1604,CY,3,2026-04-01,2026-07-01,30705.498513073242,0.0,278074.83690700325,64948.86724402261,74370.00491666667
1604,DE,3,2026-04-01,2026-07-01,939283.5002494224,377207.19461238605,2017177.3651274876,1060382.787929976,1127151.4675
1604,DK,3,2026-04-01,2026-07-01,178472.16907136462,19917.40639426597,576913.4119108105,238622.78438095443,188284.41666666663
1604,DO,3,2026-04-01,2026-07-01,962831.1566063566,408795.18184100516,1931623.2502735234,1039015.5055408258,939246.4095
1604,DZ,3,2026-04-01,2026-07-01,0.0,0.0,1.5845488891474289,894.940482227353,0.0
1604,EG,3,2026-04-01,2026-07-01,13083809.741198095,8016286.864959734,22044884.984834284,12969342.687026318,12586873.755499998
1604,ES,3,2026-04-01,2026-07-01,231676.64256032516,72132.99127265243,650112.4666104054,258708.17226772057,276506.5158333333
1604,FI,3,2026-04-01,2026-07-01,612724.2121698274,258642.92439507224,1272250.8663417217,629647.4928598731,687274.0607500001
1604,FJ,3,2026-04-01,2026-07-01,61786.86003126852,0.0,167903.72888044183,57559.7461748831,52396.41158333333
1604,FM,3,2026-04-01,2026-07-01,130487.87175507717,30511.610112713355,313287.3613483252,146076.78957792424,135905.57291666666
1604,FR,3,2026-04-01,2026-07-01,494530.83187962126,55265.07774184089,1399390.3792406693,511106.47274920944,616237.8871666667
1604,GB,3,2026-04-01,2026-07-01,3323285.068060314,2022172.219709183,5023677.771922974,3273376.672706479,3473758.77575
1604,GD,3,2026-04-01,2026-07-01,30863.049739663988,0.0,99005.43527091644,24854.271951060007,27932.37591666666
1604,GE,3,2026-04-01,2026-07-01,401123.5752336112,108731.23783144844,904421.1431656509,430440.6668689199,420980.49783333327
1604,GH,3,2026-04-01,2026-07-01,264999.69100329553,31167.354142792312,826518.1630688269,285790.08805985877,377539.3496666667
1604,GR,3,2026-04-01,2026-07-01,548943.20153062,33070.647696512075,1429028.4331208796,728538.0740672548,622229.9415000001
1604,GT,3,2026-04-01,2026-07-01,347900.64241352864,147347.35572483193,698121.3209749919,375054.0221900965,352441.30575
1604,GU,3,2026-04-01,2026-07-01,51191.80283512943,0.0,169187.5261706034,75426.01643034944,66015.28958333333
1604,GY,3,2026-04-01,2026-07-01,178507.70669496848,48657.845679355356,409398.9978124731,181997.21113839638,185795.63591666668
1604,HK,3,2026-04-01,2026-07-01,1805160.5262924796,1331807.8267036385,2709533.7221361077,1825803.0003811575,1948390.5675
1604,HN,3,2026-04-01,2026-07-01,272374.98401870416,4568.217432259385,650104.4341239176,292155.2132243623,265734.0285
1604,ID,3,2026-04-01,2026-07-01,476554.49154471746,210923.0129997922,935847.954065383,460054.5967190878,452267.9139166667
1604,IE,3,2026-04-01,2026-07-01,94626.81942047711,175.90692538666175,256560.27716895597,102677.06914576347,108786.8695
1604,IL,3,2026-04-01,2026-07-01,8240779.915458331,4688422.53839236,15202750.133890213,8269499.440921145,8616047.962166665
1604,IN,3,2026-04-01,2026-07-01,77759.65363747667,9983.981008107485,204722.52926446887,80969.30326200144,93420.01333333337
1604,IQ,3,2026-04-01,2026-07-01,394216.0759491828,2.9501433263013355,1197791.9578783973,409665.4284056898,483848.37016666663
1604,IS,3,2026-04-01,2026-07-01,102725.67144009827,12945.68119385605,242479.8480527164,119555.96978702293,106837.79983333334
1604,IT,3,2026-04-01,2026-07-01,663667.7700758234,251069.05893374665,1350990.3003041092,683166.7647573886,751286.1460000001
1604,JM,3,2026-04-01,2026-07-01,1179656.2873771945,470180.22388068424,2169073.0639599734,1363581.1689178601,1284348.9294166667
1604,JO,3,2026-04-01,2026-07-01,1364058.7592806455,285531.0945028672,2939501.354697504,1484999.8490232355,1822638.1165833336
1604,JP,3,2026-04-01,2026-07-01,28759065.717409234,23137017.320430383,34528379.57038993,27166041.64486191,28298172.274916667
1604,KE,3,2026-04-01,2026-07-01,52910.05439632627,0.0,211556.52172806812,71108.44539670243,57010.33358333333
1604,KH,3,2026-04-01,2026-07-01,1893643.5340882768,739016.2173716141,3507900.405768301,1898602.8248190694,2039314.3198333336
1604,KR,3,2026-04-01,2026-07-01,1414819.9718241051,937804.5883942037,2254947.2792962138,1403333.9355180766,1476021.04075
1604,KW,3,2026-04-01,2026-07-01,1157047.4726312156,23065.530683047822,2432309.981526671,1165784.7933851185,1384708.772
1604,LA,3,2026-04-01,2026-07-01,1080448.7974024015,613136.6636474796,2037829.8052456132,1064614.9168108176,1176828.8325
1604,LB,3,2026-04-01,2026-07-01,2058026.672278249,996861.4216124748,4222775.583998175,1934188.229679266,2018892.5248333337
1604,LC,3,2026-04-01,2026-07-01,241452.26208123466,69971.0125688933,523071.25310281926,222658.9494393033,233031.67533333332
1604,LY,3,2026-04-01,2026-07-01,13722812.90688859,9527035.37126702,22258152.000160903,13807538.170092285,14769558.868416669
1604,ME,3,2026-04-01,2026-07-01,127458.46113151929,0.07102164928274105,383703.7070616059,150645.4773137253,148502.09566666666
1604,MH,3,2026-04-01,2026-07-01,47406.8049059344,633.8701066069068,189901.0402681106,77684.05896187373,80530.51358333333
1604,MK,3,2026-04-01,2026-07-01,470814.074310994,182460.60600769127,990288.5736653663,549103.7415388728,485591.96775
1604,MM,3,2026-04-01,2026-07-01,1005019.4737469528,684152.7606623744,1787667.9801237176,1063984.1650593623,1146154.46875
1604,MU,3,2026-04-01,2026-07-01,151167.50682155334,31898.191740733615,366804.0348202059,159358.30103410408,182115.7510833333
1604,MY,3,2026-04-01,2026-07-01,2498047.819760165,1406473.5014893527,3969694.1942936336,2645610.640753938,2483612.2253333335
1604,MZ,3,2026-04-01,2026-07-01,300017.3232623404,43196.15587254985,773500.1542751526,342542.3181447099,361768.1719166667
1604,NA,3,2026-04-01,2026-07-01,28242.947324847588,0.4936362594184131,889545.1435497549,223577.94482647494,325375.47958333336
1604,NC,3,2026-04-01,2026-07-01,15640.916814219034,451.1488182185845,42753.26033838505,17745.232645820754,15784.838416666666
1604,NI,3,2026-04-01,2026-07-01,302724.3766502087,12442.41303437956,652381.1858283912,309376.35457958205,281933.23825
1604,NL,3,2026-04-01,2026-07-01,1323726.7673500723,687381.6671091021,2257877.3012629673,1390157.0244553126,1340304.6185833334
1604,NO,3,2026-04-01,2026-07-01,697189.4022208859,278153.5769150473,1395715.9855173319,751543.6731758553,736191.7543333332
1604,NZ,3,2026-04-01,2026-07-01,3250769.10192041,2357810.8225228335,4605703.033860525,3316908.394556765,3211433.72675
1604,OM,3,2026-04-01,2026-07-01,497968.2286539931,210523.29889861206,1190615.5026035956,534792.2977127736,579614.2020833333
1604,PA,3,2026-04-01,2026-07-01,798707.2978411826,341453.90701898275,1564088.2916534785,848168.8725045982,835197.3090833332
1604,PE,3,2026-04-01,2026-07-01,5201202.640420077,3009156.589040688,9144443.075043883,5633243.947398465,5891993.683916667
1604,PF,3,2026-04-01,2026-07-01,72064.23713943864,1.2836641597091623,239537.05839287947,100593.85969907096,73889.09591666667
1604,PG,3,2026-04-01,2026-07-01,433239.4944084123,17493.18645212659,1083715.1029865667,422524.6181747888,458525.1339999999
1604,PH,3,2026-04-01,2026-07-01,1239528.8668163759,739914.7258368757,2096951.2017176484,1167457.1595301179,1233573.6295833334
1604,PY,3,2026-04-01,2026-07-01,95468.06037738622,0.2463566733053619,288668.17815703433,74782.41809168119,85178.42416666666
1604,QA,3,2026-04-01,2026-07-01,556146.8430767057,14275.42390874162,1383043.45499516,635844.291880082,714904.8596666666
1604,RO,3,2026-04-01,2026-07-01,49844.749254389404,0.0,221283.8950530177,56478.93953825333,61371.204333333335
1604,RS,3,2026-04-01,2026-07-01,854030.606428595,324089.42113499093,1770477.9990611793,1000363.8124198513,932777.1346666669
1604,RU,3,2026-04-01,2026-07-01,2523940.8175486955,1162000.2227654331,5278700.29045031,2460915.0764707327,3191950.1975
1604,SA,3,2026-04-01,2026-07-01,10371620.183981912,6299149.931574946,16409837.60589749,10427130.996461416,10498158.508583331
1604,SE,3,2026-04-01,2026-07-01,271821.98627351003,85876.92831133981,634847.3697055471,268968.50585500913,297433.3416666667
1604,SG,3,2026-04-01,2026-07-01,2076908.8595858298,1462635.2455682533,3031743.623408471,2049916.5350432715,2102572.99675
1604,SO,3,2026-04-01,2026-07-01,874573.1960329298,206057.41732366427,2722647.825550288,1399330.5528459956,1321716.3630833337
1604,SR,3,2026-04-01,2026-07-01,153299.5218440265,0.5277933722454577,316901.12275855156,89084.50302337925,136755.70775
1604,SV,3,2026-04-01,2026-07-01,79220.17005935026,0.0,253188.30720221408,99192.90266559875,86215.67466666667
1604,SY,3,2026-04-01,2026-07-01,1441241.5579107504,641090.8377916971,2991864.4553314988,1683043.0934490412,1774695.3776666664
1604,TR,3,2026-04-01,2026-07-01,740300.0361995269,168948.53158630567,2374888.0877850554,846060.1573414229,1172450.1035
1604,TT,3,2026-04-01,2026-07-01,601895.358798141,300966.1684657719,1178951.5792695445,641183.7478486231,645918.5799166667
1604,TZ,3,2026-04-01,2026-07-01,84422.55707457938,1789.0440727038163,254181.52520254982,113597.97881803964,102118.17866666666
1604,UA,3,2026-04-01,2026-07-01,1541223.40949888,782685.7701011054,2591923.0913052596,1642690.8670930138,1571948.845083333
1604,US,3,2026-04-01,2026-07-01,56897580.16489184,43990286.44973101,74636898.99973048,56086053.27287355,56157770.79050001
1604,VN,3,2026-04-01,2026-07-01,745376.6687612854,297175.14585442253,1623693.3138026255,829301.097684072,916991.2444166668
1604,VU,3,2026-04-01,2026-07-01,92940.31766799653,9586.347371555323,216180.7718700652,101592.73844288255,87338.89691666666
1604,YE,3,2026-04-01,2026-07-01,2034590.088817231,889574.4736322502,3898590.5064556035,2329888.838654902,2280279.2553333337
1604,ZA,3,2026-04-01,2026-07-01,3805124.7409191364,2117904.366293253,6730276.130360302,3814917.610448725,4162778.875833334
1605,AE,3,2026-04-01,2026-07-01,17705.181306982762,274.91491369792965,70867.71320944506,21012.81276580649,26298.93541666667
1605,AU,3,2026-04-01,2026-07-01,1750113.8975773605,1252521.5537892515,2542042.749246557,1757508.4628577682,1810809.6695
1605,BN,3,2026-04-01,2026-07-01,67122.40763016276,27597.06988528664,133013.19211714398,70643.78495402298,69915.45183333334
1605,CA,3,2026-04-01,2026-07-01,1187263.9286274065,693966.4060832802,2211124.8272317387,1297637.0596739987,1232052.7674166667
1605,CN,3,2026-04-01,2026-07-01,798943.5129397518,322859.9848142933,1694107.9946598308,778747.6208619123,1007505.1644166666
1605,DE,3,2026-04-01,2026-07-01,265933.23961507104,43391.639351276455,632482.1103453893,294102.19252173946,330159.5663333333
1605,DK,3,2026-04-01,2026-07-01,66502.86118484072,32707.28512719875,210547.3770716709,100768.40201802451,115694.84266666668
1605,ES,3,2026-04-01,2026-07-01,15057.097584954483,0.0,130602.38068836072,34719.98771723242,34421.62766666667
1605,FR,3,2026-04-01,2026-07-01,27809.96801240181,4.491914852244517,98162.00846260032,35665.2002471808,35891.39108333333
1605,GB,3,2026-04-01,2026-07-01,178461.3209297096,16991.24181058918,458901.40217606165,190807.90186369512,210094.27358333336
1605,HK,3,2026-04-01,2026-07-01,746577.1666611268,417804.3823977518,1271472.9475590317,715012.7614497907,839315.5593333334
1605,IT,3,2026-04-01,2026-07-01,320371.8560875901,67401.17576224863,774959.7986956972,378965.4460458132,372496.9064166667
1605,JP,3,2026-04-01,2026-07-01,18443659.869426277,16388282.30054825,24482019.507951245,18141419.336044095,19411293.00583333
1605,KH,3,2026-04-01,2026-07-01,22884.89836708434,677.2194083923213,207135.46081894878,46820.17487020614,68301.28258333333
1605,KR,3,2026-04-01,2026-07-01,2819524.1466896483,1943022.561738257,3951009.5162730343,3027613.2810072373,2980939.9644166664
1605,LA,3,2026-04-01,2026-07-01,55000.27697867536,29739.345788639093,114205.37832903006,55760.503484258596,57657.61858333333
1605,MM,3,2026-04-01,2026-07-01,20441.885755149324,6794.801213498645,43683.38332488697,18875.59616206228,17448.582416666668
1605,MX,3,2026-04-01,2026-07-01,505137.91031486687,147737.18026321477,1106286.6997919292,608962.5910281979,531973.4505833333
1605,MY,3,2026-04-01,2026-07-01,96927.56934391352,24844.371035560627,227454.52742577306,104896.81077951328,95504.57433333337
1605,NL,3,2026-04-01,2026-07-01,43899.4919165483,4832.763339057835,138862.52517275425,59283.21202695862,45901.3835
1605,NO,3,2026-04-01,2026-07-01,0.0,0.0,4616.191024832845,729.4401357807118,1315.6984166666668
1605,NZ,3,2026-04-01,2026-07-01,325685.1584732451,94663.58869454259,809771.7416964635,340193.45411873487,450466.52275
1605,PH,3,2026-04-01,2026-07-01,53101.140253729216,1310.6920038964408,170220.37896210648,57746.64564921834,66970.69141666667
1605,QA,3,2026-04-01,2026-07-01,13.379967620671584,0.0,6909.8677540367735,1063.7881724447332,1786.14275
1605,RU,3,2026-04-01,2026-07-01,57271.58601524599,0.0,310213.8158241911,82870.5799793587,110099.26541666668
1605,SG,3,2026-04-01,2026-07-01,531118.8007043692,280491.67615969345,977819.7940572478,531197.9013818379,592440.3315833333
1605,US,3,2026-04-01,2026-07-01,18803792.07329071,14082523.037413685,24604407.011125565,17938279.41481833,19243098.104083333
1605,VN,3,2026-04-01,2026-07-01,106447.05483344701,848.9409899850159,307351.78015868226,132301.17937725416,142787.41166666665
0301,AE,6,2026-04-01,2026-10-01,42065.26767253057,18097.714150896067,76510.75997380902,43152.59596927676,43422.25716666667
0301,AU,6,2026-04-01,2026-10-01,23370.08626528245,11358.32861782861,42127.10658206571,23280.91183154325,23674.237083333337
0301,BD,6,2026-04-01,2026-10-01,18834.148805624787,2.968591574635668,56941.9005654543,31040.751744816866,19701.8195
0301,BE,6,2026-04-01,2026-10-01,3584.547676648343,0.0,12786.818217413229,3749.33348285881,4400.86925
0301,BG,6,2026-04-01,2026-10-01,5604.946129101771,0.0,15518.520455445634,5598.669176528194,6315.147249999999
0301,BH,6,2026-04-01,2026-10-01,4616.634233080252,25.106590603872096,20772.94656325879,8045.475663542954,7999.484916666665
0301,BN,6,2026-04-01,2026-10-01,1060.4366079912347,0.6957555100098198,3673.9021886986784,1371.4397646976668,1279.7044166666667
0301,BR,6,2026-04-01,2026-10-01,158.02291543551496,0.0,875.8088581003162,375.99316628261863,170.97783333333334
0301,CA,6,2026-04-01,2026-10-01,65900.62423649557,37147.109045654295,108577.39958532866,65166.73036685372,64106.84949999999
0301,CN,6,2026-04-01,2026-10-01,482564.8445873896,307684.8457727082,755456.0680789687,468269.7507276033,489627.3690833333
0301,CY,6,2026-04-01,2026-10-01,4143.453135874768,25.982529148997454,12633.5344793269,4508.937746547066,4504.612416666667
0301,CZ,6,2026-04-01,2026-10-01,20032.643284851463,7698.6574279025535,36849.72310298629,21696.07693431885,20046.513583333333
0301,DE,6,2026-04-01,2026-10-01,43738.65061135605,19107.13951001741,74448.27554841789,43188.73216313032,45110.07200000001
0301,ES,6,2026-04-01,2026-10-01,20177.593089399412,8809.998755732513,34084.74868434235,20003.87121630296,20534.151500000004
0301,FR,6,2026-04-01,2026-10-01,42307.8886194843,20142.39441918828,67583.94399902312,46070.36351857853,43710.37658333334
0301,GB,6,2026-04-01,2026-10-01,31881.109953398984,15188.494500528586,48584.8054422576,30719.13355120375,32317.9455
0301,HK,6,2026-04-01,2026-10-01,25565.916704704985,9971.418794504334,79654.28914769944,34603.92935887511,33781.02841666666
0301,HU,6,2026-04-01,2026-10-01,5504.603400924246,0.06360767433129097,14884.747454815355,5783.369061264953,5823.626749999999
0301,ID,6,2026-04-01,2026-10-01,12547.548324157007,104.14662666114216,34952.36261124932,12900.679417839121,13730.436333333331
0301,IL,6,2026-04-01,2026-10-01,24368.364878338452,136.05047777254163,68331.23317665963,27007.70836202758,25443.125416666662
0301,IN,6,2026-04-01,2026-10-01,101060.76793748476,51712.464573532176,168911.71543089554,92010.99060612437,93701.61699999998
0301,IQ,6,2026-04-01,2026-10-01,9541.1265395123,50.9756360289489,31817.688672748583,12808.921723875439,12193.54875
0301,IR,6,2026-04-01,2026-10-01,42158.54390027891,0.0,129903.91990944656,46980.313795428934,51104.541
0301,IT,6,2026-04-01,2026-10-01,12497.939127908901,3454.4315875398156,32146.7349044256,13907.596914760923,14997.80975
0301,JO,6,2026-04-01,2026-10-01,12758.398889293589,1222.5687916281872,33024.42868426966,13437.223899966619,13612.349833333332
0301,JP,6,2026-04-01,2026-10-01,64371.5718566298,43195.10170474428,97314.07535764037,65025.67176756975,64431.03100000001
0301,KH,6,2026-04-01,2026-10-01,2249.8230934993253,0.0,28397.525797441027,5946.242365006247,8017.818833333334
0301,KR,6,2026-04-01,2026-10-01,57785.14707321519,36681.17511502377,90137.1543195857,60736.45047933092,59267.86566666667
0301,KW,6,2026-04-01,2026-10-01,8733.705584015872,0.22922667346440523,31939.916207557057,11787.235821885992,13595.048166666667
0301,LA,6,2026-04-01,2026-10-01,288306.6705981913,141820.39377713314,514796.8638774625,248282.5248768621,276400.70883333334
0301,MM,6,2026-04-01,2026-10-01,61538.78475493098,15599.865846275454,123507.91668601743,58421.61376670304,65518.54758333333
0301,MT,6,2026-04-01,2026-10-01,2569.2115866699573,0.0,8300.18966388197,3206.52263135464,3218.6406666666667
0301,MV,6,2026-04-01,2026-10-01,979.7933923994124,0.0,3162.475906268351,1495.009009849294,1124.354
0301,MX,6,2026-04-01,2026-10-01,25048.998554879443,3147.1092341398503,83126.41635654916,30769.25039651514,39257.31733333333
0301,MY,6,2026-04-01,2026-10-01,239659.2973905411,106929.32684197009,422050.57855613594,208219.48562817695,228875.12591666667
0301,NL,6,2026-04-01,2026-10-01,8694.962156879461,2423.8631441746684,21981.29218212185,10866.84604816184,9279.196083333334
0301,NP,6,2026-04-01,2026-10-01,12453.763730256074,4656.891288004582,23406.117163206407,12121.799567368676,12603.458333333334
0301,OM,6,2026-04-01,2026-10-01,5517.581924157941,2452.8183095664203,11394.277996232762,6125.004935733704,5608.09925
0301,PE,6,2026-04-01,2026-10-01,3432.71626288992,0.0,11460.727630514082,3627.604100287895,3789.483583333333
0301,PH,6,2026-04-01,2026-10-01,23786.77703789155,11888.768138677577,43208.90083741375,22867.67785086301,23847.563250000003
0301,PK,6,2026-04-01,2026-10-01,9614.808725874933,3105.5130120826416,20388.956491679663,9329.830022746966,9738.111833333334
0301,PL,6,2026-04-01,2026-10-01,41650.63969532164,19808.031105750117,64743.132189126125,42293.07614642097,42248.311083333334
0301,PT,6,2026-04-01,2026-10-01,1270.740495304209,359.45898557443223,3111.879579580967,1497.8853019569951,1401.9809166666666
0301,QA,6,2026-04-01,2026-10-01,765.1240621022938,0.0,9827.404226503028,2511.7950995609895,2465.8279166666666
0301,RO,6,2026-04-01,2026-10-01,6481.7449154486785,0.0,18749.16069151964,7473.989236584528,7301.528666666666
0301,RU,6,2026-04-01,2026-10-01,62006.67346294331,28791.610337883652,108306.99847815327,63243.72560696525,63276.223999999995
0301,SE,6,2026-04-01,2026-10-01,805.4118558025596,0.0,4155.947179121768,1143.381841404554,1061.8115833333334
0301,SG,6,2026-04-01,2026-10-01,45018.723328545304,28917.536560933597,68295.82920775506,45329.548528939275,45596.3885
0301,TR,6,2026-04-01,2026-10-01,14385.449271612048,5054.812119875529,34131.29055150665,12872.310241880923,14698.794416666666
0301,UA,6,2026-04-01,2026-10-01,1426.867994052822,0.0,7817.598959484974,1860.1795608089478,1975.1215
0301,US,6,2026-04-01,2026-10-01,265431.94433378894,176905.32232044346,388605.1101504931,258011.89998383776,249168.43591666664
0301,VN,6,2026-04-01,2026-10-01,33258.70996359671,4945.053299756941,97192.17264997838,42153.773163018755,34922.392916666664
0301,ZA,6,2026-04-01,2026-10-01,15042.963924552398,5753.595789211982,31582.71055465366,15313.57294441981,15514.915583333332
0302,BD,6,2026-04-01,2026-10-01,3482.6637408540782,113.93421483533675,12874.800668351992,3698.462113924748,4166.00025
0302,HK,6,2026-04-01,2026-10-01,189399.85647890661,100497.44967422506,388048.01714864624,223948.45749150674,207875.06475
0302,KH,6,2026-04-01,2026-10-01,21084.37498700336,1.477716195170092,290025.007497202,122389.86866854258,92080.0665
0302,LA,6,2026-04-01,2026-10-01,188194.2329354254,51001.82495788564,549013.3439494607,178042.30729991107,203903.98966666663
0302,MM,6,2026-04-01,2026-10-01,187867.1861457161,97621.45834515282,397744.12351745315,211996.83886059767,212705.41725000003
0302,MY,6,2026-04-01,2026-10-01,1097249.1847870438,621612.2526426844,2168814.847222927,1604420.4707753535,1192922.1248333333
0302,SG,6,2026-04-01,2026-10-01,33571.43338526889,1182.431667650877,129871.27378886357,59394.00076347238,50187.459
0303,AE,6,2026-04-01,2026-10-01,1216308.0147085723,578554.121120426,2572311.3373598717,1383870.9817835756,1397221.2224166666
0303,AU,6,2026-04-01,2026-10-01,13050.782607889949,0.0,62671.38278061606,15843.509039057595,16756.918916666666
0303,BD,6,2026-04-01,2026-10-01,19686.10600988431,1.174415150128898,72374.92899341183,24593.256130910966,21241.80525
0303,BH,6,2026-04-01,2026-10-01,41417.63855645075,239.75206580406862,147575.19265191723,66663.777890578,57330.993416666664
0303,CN,6,2026-04-01,2026-10-01,1368290.8983309723,850041.5492498153,3322967.8817919935,1894750.054883879,1722408.306916667
0303,FR,6,2026-04-01,2026-10-01,31110.532938423952,0.0,110209.14489645443,32092.32669864828,37867.151
0303,GB,6,2026-04-01,2026-10-01,43782.102153147425,0.0,128649.70885709261,49155.98789873295,51598.530666666666
0303,HK,6,2026-04-01,2026-10-01,233248.01963000582,111962.76833762006,468690.57093020057,249457.7696849112,263495.517
0303,IT,6,2026-04-01,2026-10-01,555958.7771245545,97264.84529339922,1448214.439349815,661167.2851448698,657689.6345833334
0303,JP,6,2026-04-01,2026-10-01,1346364.1472051635,667722.0362895348,2544798.4708030494,1322538.8625314126,1375950.4593333334
0303,KH,6,2026-04-01,2026-10-01,25647.15655964622,0.0,316695.27520161093,128558.8897623207,99444.07683333333
0303,KR,6,2026-04-01,2026-10-01,73008.56802157937,692.7860141671368,296265.1422158686,103164.53748478577,127945.15208333332
0303,KW,6,2026-04-01,2026-10-01,49122.94165131052,0.0,146842.7944201825,53193.3370247024,63454.26258333333
0303,LA,6,2026-04-01,2026-10-01,60524.16796863951,17400.307860968216,196685.75782449546,66558.16137417537,84686.28475
0303,MM,6,2026-04-01,2026-10-01,70623.83356820917,28744.352618486737,184209.97816638852,81706.45599940162,84430.88191666667
0303,MY,6,2026-04-01,2026-10-01,53677.70585798814,25353.87957270538,117302.74694969326,65534.99661869676,56570.31925
0303,OM,6,2026-04-01,2026-10-01,59470.227479421184,12178.310535729046,136923.32419731707,61316.94441944515,71017.70116666667
0303,PH,6,2026-04-01,2026-10-01,58980.86306627145,0.6371263856354069,195592.7102528763,66715.48338172445,65016.195750000006
0303,QA,6,2026-04-01,2026-10-01,196457.12748457238,13.215425037421713,776302.571481111,319987.90624509903,347056.45625
0303,SA,6,2026-04-01,2026-10-01,51312.34549251068,291.3269324416933,186372.72079823195,60348.31202745925,74704.77075000001
0303,SG,6,2026-04-01,2026-10-01,118141.63336119238,39517.44882777967,249793.2851407576,125901.20758518635,117649.62475
0303,US,6,2026-04-01,2026-10-01,542999.2476340133,206643.48517439005,1133178.301912805,514951.6846045141,543669.5190833333
0303,VN,6,2026-04-01,2026-10-01,2387052.7750196373,997236.271000393,5105152.87637048,2966171.4740202627,2963442.552333333
0304,AE,6,2026-04-01,2026-10-01,46448.40733161517,2530.0588712113185,142190.34372184853,53716.08608018276,63560.713
0304,AU,6,2026-04-01,2026-10-01,205625.73896574829,47598.17976374798,498504.36112477246,216963.90863164756,228378.8629166667
0304,CN,6,2026-04-01,2026-10-01,281311.7924636337,79087.02912626932,668736.2855684242,281402.6585131314,312729.0885833333
0304,HK,6,2026-04-01,2026-10-01,121303.12926279017,2663.876247181191,314125.3097532141,156832.52095309054,142626.621
0304,IT,6,2026-04-01,2026-10-01,73149.50631833813,4276.359378742693,217404.38029715655,86961.39019301417,108088.82791666665
0304,JP,6,2026-04-01,2026-10-01,7517717.713279825,5961788.5480335755,10549431.239663662,8649163.271057628,8336257.650166667
0304,KH,6,2026-04-01,2026-10-01,4226.068263245293,0.0,42339.67075703372,14696.259026899463,7445.464666666667
0304,KR,6,2026-04-01,2026-10-01,397341.0564672611,200197.5812147724,696740.8193710614,413968.0886827925,403100.1585000001
0304,KW,6,2026-04-01,2026-10-01,6929.205972555483,0.0,39922.362034027814,9742.825835996495,13223.47225
0304,LA,6,2026-04-01,2026-10-01,84.1869077138972,0.0,520.221758889808,481.4838493268849,122.06183333333333
0304,MM,6,2026-04-01,2026-10-01,26959.270921674393,8292.87592520852,99670.72691936094,34825.84049460409,41379.934
0304,MY,6,2026-04-01,2026-10-01,420801.19862471963,136147.63571751353,923826.941889034,404632.5315642224,488260.1540833334
0304,OM,6,2026-04-01,2026-10-01,16582.81987023084,0.0,73736.61654207027,19801.124243378465,21224.49658333333
0304,PH,6,2026-04-01,2026-10-01,225135.99038106244,94886.52289653238,397987.78757832886,205380.89500711227,206143.41
0304,QA,6,2026-04-01,2026-10-01,28391.395056741636,0.0,107411.48273381639,38313.9411507226,40036.92175
0304,RU,6,2026-04-01,2026-10-01,254084.30367509453,46731.415635521684,667706.3859633276,274929.06335178326,300882.869
0304,SG,6,2026-04-01,2026-10-01,260790.9663135027,111154.75535227747,465099.3372475362,242911.65857443793,259685.58433333333
0304,US,6,2026-04-01,2026-10-01,3266484.578119306,1900345.8084268495,4654691.386195816,2876540.2451273166,2851974.81875
0304,VN,6,2026-04-01,2026-10-01,60434.9057904247,0.0,216234.0011969303,137459.58055300137,78470.71075
0305,AU,6,2026-04-01,2026-10-01,73202.98049687766,24997.943006626243,163765.42324727247,73027.48587400839,77711.74366666666
0305,CA,6,2026-04-01,2026-10-01,47251.80440000221,276.7637750976349,125009.60546521348,45503.0634792669,52836.219833333336
0305,CN,6,2026-04-01,2026-10-01,76411.3291364276,0.0,292232.6424829852,82174.95268374591,103685.73816666666
0305,EE,6,2026-04-01,2026-10-01,185820.5484685203,60266.436022057314,363847.77742931084,208353.80912328325,214880.65558333337
0305,FR,6,2026-04-01,2026-10-01,4523.056116522118,0.0,23373.644649438018,5845.306857199979,5335.667916666666
0305,GB,6,2026-04-01,2026-10-01,32349.916094121996,0.0,93701.67914179814,36990.15208363071,37942.330583333336
0305,HK,6,2026-04-01,2026-10-01,241533.79069196753,44601.121897796584,629168.7223254854,296107.7340645219,328909.3146666667
0305,ID,6,2026-04-01,2026-10-01,0.0,0.0,4.984267446351886,1613.3877251141753,0.6971666666666666
0305,JP,6,2026-04-01,2026-10-01,905337.9084301788,535394.7536841928,1374512.1030527502,912940.1885966419,923645.053
0305,KH,6,2026-04-01,2026-10-01,270.0640383540461,0.0,4706.449418302087,8318.409423079831,977.03675
0305,KR,6,2026-04-01,2026-10-01,54485.398651436844,0.0,184685.44998508447,85579.66405380606,59220.912333333334
0305,LA,6,2026-04-01,2026-10-01,8361.200748601737,3262.6214545148105,26347.829141423565,15169.355278605211,9361.296666666669
0305,LK,6,2026-04-01,2026-10-01,1025340.3101189923,359394.62094274076,2541002.0868075434,1291102.0046605072,1344166.693
0305,MY,6,2026-04-01,2026-10-01,117307.52630157187,24572.270595381622,334577.1306234987,199646.33308357923,157459.00783333334
0305,NG,6,2026-04-01,2026-10-01,171704.4917633422,31207.6619542988,373288.59063998493,149315.3451246143,159078.0245
0305,NL,6,2026-04-01,2026-10-01,35835.17284107866,0.0,120526.70372916818,42809.12106957757,40964.478
0305,RU,6,2026-04-01,2026-10-01,4071.965792097784,0.0,61185.050303148935,32344.793630689153,15240.627166666667
0305,SG,6,2026-04-01,2026-10-01,52444.554039654475,394.04166414489237,153306.24081202957,64924.17485011266,64988.556
0305,US,6,2026-04-01,2026-10-01,166952.66987476233,28244.52151779875,368881.08363061486,168184.95347404585,164762.1235833333
0306,AE,6,2026-04-01,2026-10-01,22489.905702714997,1285.5948628521814,111218.63769280181,43802.68190181951,31927.328416666667
0306,AU,6,2026-04-01,2026-10-01,2148124.6392184263,997333.7788871607,4961490.291429627,2153665.9258549334,2546303.675083333
0306,BD,6,2026-04-01,2026-10-01,20791.068596142868,655.5963611994904,78417.89033128903,29949.29048083552,24875.676416666665
0306,BE,6,2026-04-01,2026-10-01,1553.938407183438,0.0,25315.05921080693,5073.240430823997,8877.643416666668
0306,BH,6,2026-04-01,2026-10-01,517.313376193573,3.6825516395214404,3727.453207384554,1294.2282597253075,1254.5829166666667
0306,BN,6,2026-04-01,2026-10-01,1747.4115663636037,0.1765091883497638,23920.002405087747,9550.95197654429,8073.445333333333
0306,CA,6,2026-04-01,2026-10-01,1876477.4760760213,1121418.271863956,3117751.2895108787,1813560.9241244723,1921227.5475
0306,CN,6,2026-04-01,2026-10-01,25102956.181624573,15841102.71931686,35530749.09704076,24586849.219830353,26089977.297333337
0306,CY,6,2026-04-01,2026-10-01,11084.341161344675,272.33562246490135,40697.70021281006,12926.88619235682,15509.182249999998
0306,CZ,6,2026-04-01,2026-10-01,2572.8312880719977,1000.5311962541632,5843.444511705441,3066.5805742450116,3075.0004166666663
0306,DE,6,2026-04-01,2026-10-01,9352.43185612054,2183.7530037366414,28716.470282582817,18378.068072845992,11673.00500000004
0306,EG,6,2026-04-01,2026-10-01,2988.2470915068616,0.0,54095.03316477875,11284.435889612101,14823.133333333331
0306,ES,6,2026-04-01,2026-10-01,655.7749937721744,214.59165108366216,1941.030674148267,1112.2833039605146,843.0879166666667
0306,FR,6,2026-04-01,2026-10-01,7462.322335237378,539.420689387867,27810.082104919933,14293.346655241228,9394.405833333332
0306,GB,6,2026-04-01,2026-10-01,61226.80110496267,1380.0663019011872,282165.269026974,222526.67984821997,84005.06241666667
0306,HK,6,2026-04-01,2026-10-01,2176329.567737959,1377106.5994636808,3298376.3497073855,2269812.4667841694,2223122.584583333
0306,HU,6,2026-04-01,2026-10-01,1179.2730176804673,0.0,4721.020102485997,1827.1750767473284,1690.8391666666666
0306,IL,6,2026-04-01,2026-10-01,60385.51583801182,0.0,249592.93297493056,74488.59934387241,87845.26116666668
0306,IQ,6,2026-04-01,2026-10-01,7.691929606520303,0.0,186.63092127593382,39.894284031979666,44.41891666666667
0306,IT,6,2026-04-01,2026-10-01,124639.70031999078,21396.42212272237,522905.86308887176,247488.38110296958,258340.14183333333
0306,JO,6,2026-04-01,2026-10-01,1492.748051474477,26.597898606926016,6119.104135819125,1698.0848398498717,1987.474416666667
0306,JP,6,2026-04-01,2026-10-01,5674718.618943301,3865762.599683306,8578805.946847672,5977990.5609538965,5761586.790416666
0306,KH,6,2026-04-01,2026-10-01,9657.39571569825,0.41881481987044067,177559.4838718568,76327.13346888174,41057.4035
0306,KR,6,2026-04-01,2026-10-01,2442943.316572274,1441789.4027660848,3839173.3535225135,2378925.080723428,2475992.949916667
0306,KW,6,2026-04-01,2026-10-01,1242.3334719392872,0.0,19048.5535512569,4772.866270533806,5714.01725
0306,LA,6,2026-04-01,2026-10-01,78844.55376317327,24453.618399861858,219372.12169787864,86837.74075599326,72663.08875000001
0306,MM,6,2026-04-01,2026-10-01,2609682.3642040705,1163833.1631825764,4145152.9302889616,2402608.402622731,2643539.0696666664
0306,MV,6,2026-04-01,2026-10-01,63.339266817477494,0.0,378.1997162528437,195.79033792147746,97.68333333333334
0306,MY,6,2026-04-01,2026-10-01,1125005.289732815,543593.8059131977,2104143.5174610075,1136443.9743097096,1077213.13725
0306,NL,6,2026-04-01,2026-10-01,20190.69965725095,109.7413212385348,76778.9805331576,29022.533400718774,26551.06275
0306,NP,6,2026-04-01,2026-10-01,308.9866716010828,60.73719800942906,1186.3682756891428,398.40177282645294,411.2265
0306,NZ,6,2026-04-01,2026-10-01,91564.87057035873,13487.689167271585,291290.8239886122,112766.87922540422,131268.17291666666
0306,OM,6,2026-04-01,2026-10-01,4.214065903158033,0.0,98.22187263258438,1907.6943045654011,23.033666666666665
0306,PH,6,2026-04-01,2026-10-01,50937.81973081103,31.439392631556714,190837.6958693677,69950.2424779395,69481.1005
0306,PK,6,2026-04-01,2026-10-01,576.1079065596932,29.20920206354068,4262.871477505041,981.890493790063,1517.9409999999998
0306,PL,6,2026-04-01,2026-10-01,15204.64578254313,4534.478162237061,30723.031025231667,15977.24778216427,15686.7005
0306,QA,6,2026-04-01,2026-10-01,1700.6622578969045,0.04359103935438855,22932.423062482507,7038.045491132248,7713.051333333334
0306,RU,6,2026-04-01,2026-10-01,28198.63802990226,639.0738642345564,294086.16158113757,86500.36149020273,120238.14216666669
0306,SE,6,2026-04-01,2026-10-01,133.9420990782427,0.0,1008.7386516395436,273.3953222568678,248.1815
0306,SG,6,2026-04-01,2026-10-01,860632.9650251253,475710.2027480906,1314407.7524074262,809232.9838841878,812602.9429166666
0306,UA,6,2026-04-01,2026-10-01,358.39958293409796,0.0,8003.306864217545,1555.4702487044767,1921.1724166666663
0306,US,6,2026-04-01,2026-10-01,12534072.08227064,6239261.597263885,15994378.25105874,10190332.06990476,10418382.84625
0306,VN,6,2026-04-01,2026-10-01,251689.3318329442,60921.59045508871,618407.9462281858,348020.4880591135,278503.0679166667
0306,ZA,6,2026-04-01,2026-10-01,22780.050353214247,395.791325325051,131518.25405183068,38094.556202967855,51753.18633333334
0307,AE,6,2026-04-01,2026-10-01,65685.06842039879,132.6643475056702,248256.1296431566,96914.35523491535,99223.39441666666
0307,AU,6,2026-04-01,2026-10-01,1181574.8177721251,735776.0136606313,2271881.9965303456,1117487.723260896,1159741.6246666668
0307,BD,6,2026-04-01,2026-10-01,236.68041426949068,1.786998201645719,1816.3108676104996,541.3792550499917,516.7115833333334
0307,BE,6,2026-04-01,2026-10-01,1045.869013793806,0.0,11529.124052746098,2806.180216808317,3951.033833333333
0307,CA,6,2026-04-01,2026-10-01,1093827.2730857302,555629.8901199654,2098048.6012612134,1174560.0440559413,1179700.2540833333
0307,CH,6,2026-04-01,2026-10-01,5317.289502593469,0.0,77974.34579233956,16340.193883737,22608.61575
0307,CN,6,2026-04-01,2026-10-01,3748460.0170156793,2138252.547745635,7900873.62936488,3981929.50467829,4359380.075333334
0307,CY,6,2026-04-01,2026-10-01,235618.0688610791,13983.79368141713,565491.95432741,264253.90615630784,262950.8414166667
0307,CZ,6,2026-04-01,2026-10-01,1381.3655757380438,485.64653723047815,3386.41493153774,1659.9737208487466,1718.90225
0307,DE,6,2026-04-01,2026-10-01,288713.1894385705,101888.30779485758,662083.0730127766,321899.11227811803,377378.1055
0307,ES,6,2026-04-01,2026-10-01,986.8698364609647,402.3836684237548,2576.5727292837864,1286.6967176154856,1269.9170833333333
0307,FR,6,2026-04-01,2026-10-01,11093.552646712169,56.80341563248112,48252.058350459905,15902.78113998478,16684.50833333333
0307,GB,6,2026-04-01,2026-10-01,389077.39427219407,22020.381134396222,1091124.381882521,448804.13839994493,526967.8775833334
0307,HK,6,2026-04-01,2026-10-01,284862.5818202802,113368.11013051521,609462.9012752305,327486.5180226734,309891.6795833334
0307,IT,6,2026-04-01,2026-10-01,6820036.625019363,3291376.663369457,11304566.80191324,8049167.89113162,8210051.313833334
0307,JP,6,2026-04-01,2026-10-01,4416929.46789836,3045871.922883278,6211209.114363241,4708566.036371877,4604475.727333333
0307,KH,6,2026-04-01,2026-10-01,28999.529491661302,0.09528876670740291,417400.44751621445,279246.0284676754,131599.9475
0307,KR,6,2026-04-01,2026-10-01,3507406.6310699256,2330894.88636479,5505509.258915634,3673097.4660366927,3667826.409916667
0307,LA,6,2026-04-01,2026-10-01,86218.73080253396,36065.33522458569,172618.81457527238,77793.29785798283,76809.24666666667
0307,MY,6,2026-04-01,2026-10-01,697895.2917789984,216329.84054394878,1604074.5765341092,720762.3592028994,836110.1896666666
0307,NL,6,2026-04-01,2026-10-01,5254.751315978323,379.49308715879886,40691.856787187644,32109.00908309122,10884.5695
0307,NP,6,2026-04-01,2026-10-01,43.672171733199114,3.1777498742865116,271.5102023209292,93.01499627732596,58.03908333333333
0307,NZ,6,2026-04-01,2026-10-01,5758.5349028192295,31.56359397858293,26862.397460943896,10587.16068007601,6787.476333333333
0307,PL,6,2026-04-01,2026-10-01,3499.9065942851275,1254.6431461780885,7740.122804416029,3815.632158457925,3856.07425
0307,PT,6,2026-04-01,2026-10-01,10.416648751478558,0.0,60.92405282192186,1142.8744075496213,17.511833333333332
0307,QA,6,2026-04-01,2026-10-01,62.18559826830475,0.0,1381.5818536769552,702.6638534836211,273.4896666666668
0307,RU,6,2026-04-01,2026-10-01,5832.762879746063,703.4233613206868,24356.878828410754,9637.250014371839,8607.30625
0307,SE,6,2026-04-01,2026-10-01,151.79065763453613,0.0,1066.7322571547563,229.60542199683158,268.60325
0307,SG,6,2026-04-01,2026-10-01,20951.96764851634,2184.1497681651554,92787.27386069323,38564.703669676026,22927.480083333332
0307,UA,6,2026-04-01,2026-10-01,10450.157329224301,0.0,58578.9162161722,13344.14774216234,16606.812083333334
0307,US,6,2026-04-01,2026-10-01,3693113.928983324,2145009.9565795795,5670393.58436473,3305385.034840621,3197306.988
0307,VN,6,2026-04-01,2026-10-01,177826.8883767455,1148.0651279251585,622853.5161514273,153141.6673408,187512.535
0308,BD,6,2026-04-01,2026-10-01,0.030672381981589225,0.0,2.748858474889506,2201.629850137466,0.0
0308,CN,6,2026-04-01,2026-10-01,143785.59038786648,49.340010504441004,554619.3644860133,218011.24245762342,159922.90333333335
0308,JP,6,2026-04-01,2026-10-01,491083.6054996998,217724.28059377542,932304.3306154464,485319.8689374535,505970.6290833333
0308,KH,6,2026-04-01,2026-10-01,193.38404314359676,0.0,3803.607432724909,997.0334129365391,767.4009166666666
0308,KR,6,2026-04-01,2026-10-01,658486.8817083376,186216.70078024716,1411191.4238992292,671797.4875510886,715756.9486666666
0308,MY,6,2026-04-01,2026-10-01,17248.499024452067,0.0,67732.2969468075,18698.735034282032,21000.722583333336
1604,AE,6,2026-04-01,2026-10-01,5869179.073778243,1685359.4444280833,14030015.656908218,7274434.755392662,6952969.72625
1604,AL,6,2026-04-01,2026-10-01,211944.9394390543,54078.274339645315,536883.9597054721,236495.26298231012,232426.51675000004
1604,AO,6,2026-04-01,2026-10-01,306477.34571116266,42100.95196865259,846301.2709561508,332850.7028745545,329481.1468333333
1604,AR,6,2026-04-01,2026-10-01,1329825.5261597019,391406.1665580651,3111190.019830103,1266761.1504969657,1263551.907
1604,AS,6,2026-04-01,2026-10-01,35358.34527801715,0.0,132006.9737902375,42630.04276070046,47238.32750000001
1604,AT,6,2026-04-01,2026-10-01,54721.72665707178,0.0,222085.66092467782,55863.42443155235,55424.83441666667
1604,AU,6,2026-04-01,2026-10-01,22649439.744409908,17575799.34864848,28405041.351045523,21125881.729194064,21288753.313833337
1604,BA,6,2026-04-01,2026-10-01,746187.9436214862,2408.2747378769077,2207787.1207432505,929880.1514276263,784972.3510833333
1604,BB,6,2026-04-01,2026-10-01,439829.22922019206,173390.66977712826,935173.1319154508,461722.0565854319,487754.4938333333
1604,BD,6,2026-04-01,2026-10-01,13821.465095332822,100.07029201939706,42246.14245247742,14686.87473547624,14430.675416666663
1604,BE,6,2026-04-01,2026-10-01,199773.98038178543,75041.91881439935,402836.15827911627,202991.39131245267,193789.23658333332
1604,BH,6,2026-04-01,2026-10-01,100859.80588731646,5657.963063886082,378910.9107518129,153128.48001842757,166815.505
1604,BN,6,2026-04-01,2026-10-01,93782.54631807918,8947.555206443816,242073.49200432838,101053.13832543144,102470.938
1604,BR,6,2026-04-01,2026-10-01,368598.3780632327,20341.55755768544,1178631.6125687698,454973.204118004,467398.54791666666
1604,BS,6,2026-04-01,2026-10-01,337109.6546289351,10026.176070533364,894348.8150127442,358320.9412975115,371113.1925833333
1604,CA,6,2026-04-01,2026-10-01,13148450.231010793,9838294.111747162,18344433.043108225,12697416.337871848,13247702.831916668
1604,CG,6,2026-04-01,2026-10-01,205439.17712951964,8.021713860671971,547510.3655672034,216338.33846775652,226090.6665833333
1604,CH,6,2026-04-01,2026-10-01,2869757.865924543,1537383.344550728,4875955.020205507,2927606.420366282,3021515.2613333333
1604,CL,6,2026-04-01,2026-10-01,5975255.007033988,3152728.077653047,10849013.823799992,5465348.486277444,5624779.966916666
1604,CN,6,2026-04-01,2026-10-01,3656469.967400378,2442631.632440202,5430105.717341372,3251952.5821406064,3474833.087416667
1604,CR,6,2026-04-01,2026-10-01,214415.4067266458,4072.4132325039795,585892.4907773808,246620.40515954568,241970.07758333333
1604,CU,6,2026-04-01,2026-10-01,58490.63264759768,0.221591102231193,226164.46462363494,75408.02321550892,71133.92
1604,CY,6,2026-04-01,2026-10-01,68189.69474848598,0.0,308622.64978018927,76823.5740472701,74370.00491666667
1604,DE,6,2026-04-01,2026-10-01,1001902.2255277885,414084.1107077796,2101940.185826485,1009689.4391048336,1127151.4675
1604,DK,6,2026-04-01,2026-10-01,179143.63582730285,13147.392119913706,606205.9168380661,282366.1522200162,188284.41666666663
1604,DO,6,2026-04-01,2026-10-01,981023.1228166862,407650.2448077333,2145169.2643301687,1010104.994387783,939246.4095
1604,DZ,6,2026-04-01,2026-10-01,0.12599866129888826,0.0,2.5717780299812483,19627.03845974965,0.0
1604,EG,6,2026-04-01,2026-10-01,12849858.004803453,7219455.5441954695,21091142.359240502,11982721.732533732,12586873.755499998
1604,ES,6,2026-04-01,2026-10-01,229193.66729959674,76193.07858000632,798124.7872355958,393141.74297036545,276506.5158333333
1604,FI,6,2026-04-01,2026-10-01,623731.1351085698,240226.9614412384,1323107.6030348018,662939.7864627133,687274.0607500001
1604,FJ,6,2026-04-01,2026-10-01,49872.07408706135,0.0,171229.619555806,74590.18353335715,52396.41158333333
1604,FM,6,2026-04-01,2026-10-01,134276.35243010672,34912.50048513843,314286.39130400604,140117.88918168412,135905.57291666666
1604,FR,6,2026-04-01,2026-10-01,456228.9596033181,48690.81434366747,1410683.7638570378,592694.0373295298,616237.8871666667
1604,GB,6,2026-04-01,2026-10-01,3403317.650125141,1932397.6184728723,5106613.97466836,3284843.7506289976,3473758.77575
1604,GD,6,2026-04-01,2026-10-01,22222.55744466981,0.0,120960.31268832964,31103.19425888238,27932.37591666666
1604,GE,6,2026-04-01,2026-10-01,358175.244704342,88061.86960483874,931647.857140568,367930.80678317096,420980.49783333327
1604,GH,6,2026-04-01,2026-10-01,305926.3752801799,41208.5717280285,901404.4539532067,308312.9444712888,377539.3496666667
1604,GR,6,2026-04-01,2026-10-01,588628.1708198758,37551.07566078625,1474504.8447001595,660526.574136198,622229.9415000001
1604,GT,6,2026-04-01,2026-10-01,374115.3297942258,136080.11678427234,760851.6121377052,374703.77822237764,352441.30575
1604,GU,6,2026-04-01,2026-10-01,55848.02929274824,0.0,162192.62989859,63986.67728054802,66015.28958333333
1604,GY,6,2026-04-01,2026-10-01,171725.22890204683,50712.0433290978,404863.26522669074,179451.2151819639,185795.63591666668
1604,HK,6,2026-04-01,2026-10-01,1831790.0087773947,1282630.855493359,2828532.3849248537,1855436.725211226,1948390.5675
1604,HN,6,2026-04-01,2026-10-01,261960.91010644505,2977.448574363264,669250.3379321554,286241.3196540513,265734.0285
1604,ID,6,2026-04-01,2026-10-01,486848.06065323285,199305.08216457092,964511.3954279948,452734.0887985405,452267.9139166667
1604,IE,6,2026-04-01,2026-10-01,100049.75953454268,87.46609899256836,269746.24808882753,101624.25264745207,108786.8695
1604,IL,6,2026-04-01,2026-10-01,8853474.483664861,5090758.258401819,14923795.113275329,8425224.427536733,8616047.962166665
1604,IN,6,2026-04-01,2026-10-01,80839.79299728759,12358.744045161699,229257.6285023193,83831.53944445282,93420.01333333337
1604,IQ,6,2026-04-01,2026-10-01,324788.0238322072,20.542659315070978,1521923.6336872377,585450.7654976953,483848.37016666663
1604,IS,6,2026-04-01,2026-10-01,104077.91903552585,9756.19937960404,262964.0968234452,109658.52323370826,106837.79983333334
1604,IT,6,2026-04-01,2026-10-01,627247.1341731389,221447.57110576253,1445757.7080611985,716749.2903949772,751286.1460000001
1604,JM,6,2026-04-01,2026-10-01,1228604.9954504317,535733.9561524941,2300793.1607497237,1213823.6277433045,1284348.9294166667
1604,JO,6,2026-04-01,2026-10-01,1430431.0419263437,355116.25809197384,3632332.301824623,1683949.4538330173,1822638.1165833336
1604,JP,6,2026-04-01,2026-10-01,27638760.19834503,22696345.435634315,33908023.58589956,27922142.35771241,28298172.274916667
1604,KE,6,2026-04-01,2026-10-01,54980.37640466794,0.0,241395.22784762084,78339.9606657086,57010.33358333333
1604,KH,6,2026-04-01,2026-10-01,1882974.1214085128,459543.6736963678,3592342.426717185,2644740.102330837,2039314.3198333336
1604,KR,6,2026-04-01,2026-10-01,1411141.6389272728,911874.6028026643,2404022.405141272,1467219.2877437929,1476021.04075
1604,KW,6,2026-04-01,2026-10-01,1057834.4679369265,2930.514523017001,2881049.566499723,1360618.0436498912,1384708.772
1604,LA,6,2026-04-01,2026-10-01,1235059.203338939,669338.3397938096,2223588.835801103,1001327.9993654267,1176828.8325
1604,LB,6,2026-04-01,2026-10-01,2269021.827032961,659761.3803497363,4676154.9146086145,2004562.8865823688,2018892.5248333337
1604,LC,6,2026-04-01,2026-10-01,215451.11891567594,60718.99447267103,563144.6538044449,229429.62848860543,233031.67533333332
1604,LY,6,2026-04-01,2026-10-01,13207706.376227707,8188113.726413436,23866532.20786485,14128903.208156383,14769558.868416669
1604,ME,6,2026-04-01,2026-10-01,130683.02488882751,1.2014279737362619,416107.2108830874,137464.50640511152,148502.09566666666
1604,MH,6,2026-04-01,2026-10-01,72498.84248157732,318.2266150100513,200711.68722285196,72166.35466522894,80530.51358333333
1604,MK,6,2026-04-01,2026-10-01,497721.813153325,175904.22028700338,1087809.791180439,501767.05882926047,485591.96775
1604,MM,6,2026-04-01,2026-10-01,1095024.8589661138,695430.0457908723,1857384.1206889257,1110280.0965077947,1146154.46875
1604,MU,6,2026-04-01,2026-10-01,152078.14328485084,50847.277522142045,391657.83845205395,167045.66616968522,182115.7510833333
1604,MY,6,2026-04-01,2026-10-01,2760174.3777595,1588794.5166009876,3811386.857388233,2459157.4610424386,2483612.2253333335
1604,MZ,6,2026-04-01,2026-10-01,333607.08151626,28440.790934037937,847005.8621148617,319270.730789409,361768.1719166667
1604,NA,6,2026-04-01,2026-10-01,99349.73421486818,0.1559025579747982,1006074.3756135684,357789.31828698516,325375.47958333336
1604,NC,6,2026-04-01,2026-10-01,14566.63536230403,437.8959311437454,43898.5837199179,16527.86374072882,15784.838416666666
1604,NI,6,2026-04-01,2026-10-01,271868.00765269715,4952.764310995926,673674.4260330511,281107.29006001615,281933.23825
1604,NL,6,2026-04-01,2026-10-01,1424831.4168161568,642045.8004389248,2427982.082775649,1317835.533010322,1340304.6185833334
1604,NO,6,2026-04-01,2026-10-01,702929.5358412951,255983.12691747918,1433665.045059927,720955.2376585694,736191.7543333332
1604,NZ,6,2026-04-01,2026-10-01,3351372.8745495076,2467175.5973642184,4758396.365084818,3225638.784881166,3211433.72675
1604,OM,6,2026-04-01,2026-10-01,484334.6353147612,209533.91821102492,1280036.4761771653,698273.2503347555,579614.2020833333
1604,PA,6,2026-04-01,2026-10-01,767762.5401603663,333924.4885324335,1533827.066080744,840757.568307857,835197.3090833332
1604,PE,6,2026-04-01,2026-10-01,5566480.081617385,3099152.056565382,9742940.793752907,5408642.562975379,5891993.683916667
1604,PF,6,2026-04-01,2026-10-01,72449.9539043511,4.208261552707336,244062.6258471377,86356.58044549456,73889.09591666667
1604,PG,6,2026-04-01,2026-10-01,363708.6793856118,9308.893275989229,1203930.9076937651,498203.9457048839,458525.1339999999
1604,PH,6,2026-04-01,2026-10-01,1321944.407045584,761591.9402245964,2144291.0126563464,1215322.1665176365,1233573.6295833334
1604,PY,6,2026-04-01,2026-10-01,86439.73030162546,0.0,282245.7059146869,84367.52084253958,85178.42416666666
1604,QA,6,2026-04-01,2026-10-01,609874.8175602705,12477.69789311273,1528640.74972597,683397.9993128984,714904.8596666666
1604,RO,6,2026-04-01,2026-10-01,48837.61312959994,0.0,207196.81392497284,68855.3995268156,61371.204333333335
1604,RS,6,2026-04-01,2026-10-01,924621.9105007371,315630.7093238393,1921923.527101668,1002690.5277905543,932777.1346666669
1604,RU,6,2026-04-01,2026-10-01,2679588.3264538096,1284180.960447012,5646872.032796219,2870712.9479729496,3191950.1975
1604,SA,6,2026-04-01,2026-10-01,10644254.626909025,6386934.464217666,17268742.45784782,10727092.165328166,10498158.508583331
1604,SE,6,2026-04-01,2026-10-01,277367.65419540147,68370.12487228797,671306.8229037245,305152.1789475583,297433.3416666667
1604,SG,6,2026-04-01,2026-10-01,2246628.9826708585,1411339.9956543795,3222921.269671289,2050081.6043220775,2102572.99675
1604,SO,6,2026-04-01,2026-10-01,1001882.1961204553,38192.48881671945,2890691.9085503863,1150955.0809318917,1321716.3630833337
1604,SR,6,2026-04-01,2026-10-01,111961.38912441848,3.004639365627397,344743.5589612669,105550.52944281732,136755.70775
1604,SV,6,2026-04-01,2026-10-01,83608.35290628776,0.0,277850.85053080134,98317.52235696478,86215.67466666667
1604,SY,6,2026-04-01,2026-10-01,1494715.9093558656,608589.145608582,3132689.3242813954,1535959.2048244255,1774695.3776666664
1604,TR,6,2026-04-01,2026-10-01,803899.2777214537,157695.37777681483,2760495.5770187317,991693.1134825661,1172450.1035
1604,TT,6,2026-04-01,2026-10-01,612977.0915890231,312480.5715093247,1194997.829138387,613388.2154221052,645918.5799166667
1604,TZ,6,2026-04-01,2026-10-01,95188.44108390961,478.14079490413076,268594.2313470892,97598.51905037089,102118.17866666666
1604,UA,6,2026-04-01,2026-10-01,1644124.3845734408,752946.9340834562,2730607.5145525304,1494527.6227583855,1571948.845083333
1604,US,6,2026-04-01,2026-10-01,60872094.99325774,46733619.26857915,72861995.83776973,56559761.475570686,56157770.79050001
1604,VN,6,2026-04-01,2026-10-01,778531.8699823996,330002.8887441031,1873266.9888455803,885972.4963873889,916991.2444166668
1604,VU,6,2026-04-01,2026-10-01,86319.5670505299,7310.513543464273,223082.73444713643,91933.9768464319,87338.89691666666
1604,YE,6,2026-04-01,2026-10-01,2089603.5174407465,939921.8102939852,3942331.7085634195,2266761.0849935254,2280279.2553333337
1604,ZA,6,2026-04-01,2026-10-01,4218547.876239,2273437.0122098783,7284647.787802959,4496163.5691717435,4162778.875833334
1605,AE,6,2026-04-01,2026-10-01,21449.277641036006,120.97495710156994,80298.12663292495,26255.103629939327,26298.93541666667
1605,AU,6,2026-04-01,2026-10-01,1959195.8030344562,1226697.6414662383,2789855.405750926,1798777.9633159377,1810809.6695
1605,BN,6,2026-04-01,2026-10-01,67792.57218799037,28633.69438758471,134255.68125226346,68747.3383051458,69915.45183333334
1605,CA,6,2026-04-01,2026-10-01,1335396.2580726794,651756.7334424397,2417593.185746712,1344342.5799017993,1232052.7674166667
1605,CN,6,2026-04-01,2026-10-01,863092.8247478445,375898.6977640499,1817444.4254873306,954580.4960138677,1007505.1644166666
1605,DE,6,2026-04-01,2026-10-01,293930.0651707655,29746.63787884935,664510.647895362,290814.9218611917,330159.5663333333
1605,DK,6,2026-04-01,2026-10-01,85683.16915496132,24749.953397064848,223944.90531486983,94878.62849641485,115694.84266666668
1605,ES,6,2026-04-01,2026-10-01,31451.436653810673,0.0,153301.73813316805,37224.764380800356,34421.62766666667
1605,FR,6,2026-04-01,2026-10-01,32202.799457260928,5.046553174834518,106947.7699182803,44707.41082450109,35891.39108333333
1605,GB,6,2026-04-01,2026-10-01,189201.88131546503,16955.75740983973,453989.0089063917,228819.96212099012,210094.27358333336
1605,HK,6,2026-04-01,2026-10-01,793640.1432190908,424118.7145036604,1349381.7684535475,793992.1685100484,839315.5593333334
1605,IT,6,2026-04-01,2026-10-01,335998.6069160588,85296.99910919835,823346.1507056782,371736.0768298173,372496.9064166667
1605,JP,6,2026-04-01,2026-10-01,20797905.684383668,16034842.227131395,26000423.564770848,19059764.544987593,19411293.00583333
1605,KH,6,2026-04-01,2026-10-01,41612.99070187953,707.3628427777406,224938.20830709476,142360.32837308926,68301.28258333333
1605,KR,6,2026-04-01,2026-10-01,3025692.1988370735,1953260.8143042559,4191873.3296051016,3126401.5345198913,2980939.9644166664
1605,LA,6,2026-04-01,2026-10-01,59772.85662355446,30411.943418596326,114841.36761873546,54797.79346942722,57657.61858333333
1605,MM,6,2026-04-01,2026-10-01,18255.363457212272,6475.120449109251,49181.93044204391,20988.182904904632,17448.582416666668
1605,MX,6,2026-04-01,2026-10-01,540664.0540477847,124180.29924723963,1135981.198840738,580757.7229046479,531973.4505833333
1605,MY,6,2026-04-01,2026-10-01,94845.88848163906,14973.000144847267,246268.890143959,108938.5433980651,95504.57433333337
1605,NL,6,2026-04-01,2026-10-01,44234.543804308676,4863.98344950639,140382.75236991933,54753.530148734564,45901.3835
1605,NO,6,2026-04-01,2026-10-01,376.703027030754,0.0,5248.679015234626,1545.8255849061295,1315.6984166666668
1605,NZ,6,2026-04-01,2026-10-01,361399.88100342755,89983.56771222467,857587.1864015207,413782.4854584753,450466.52275
1605,PH,6,2026-04-01,2026-10-01,59396.25236629385,793.0190983829676,171879.79786439243,60350.53518357825,66970.69141666667
1605,QA,6,2026-04-01,2026-10-01,554.6056670508123,0.0,8327.703819399409,2414.303497373276,1786.14275
1605,RU,6,2026-04-01,2026-10-01,66530.11543930255,0.3768773816938289,339252.2607478085,78862.63745732052,110099.26541666668
1605,SG,6,2026-04-01,2026-10-01,569745.5865023202,256653.25286103203,1093173.2227068045,551789.0244468957,592440.3315833333
1605,US,6,2026-04-01,2026-10-01,23104440.136641722,15457253.978114404,29050479.844847634,18560381.193203956,19243098.104083333
1605,VN,6,2026-04-01,2026-10-01,134832.06189788514,1192.3209862193023,352185.31787155307,127613.81798729935,142787.41166666665
