tree
version=v4
num_class=1
num_tree_per_iteration=1
label_index=0
max_feature_idx=19
objective=binary sigmoid:1
feature_names=yoy_cur base_log known_ratio proj3 proj12 known_yoy base_trend S12_log mom3_12 std6 std12 active12 since_last uv12 share_ctry12 share_hs12 lag0 mean3 mean12 hs4
feature_infos=[-1:5] [13.815539299551231:20.520022014420988] [0:3.4164177016884025] [-1:5] [-1:4.4121739781342759] [-1:5] [-0.91980372276425137:5] [0:20.520022014420988] [-13.843435827688648:1.3862609760987381] [0:7.5608558192104249] [0:7.3277870058189585] [0:12] [0:12] [-2.600506288365116:5.3938001350284681] [0.00089717704115529996:1.0000000000000002] [0:0.82993581876002709] [0:18.205255335410698] [0:18.157048131452463] [0:18.035115378112071] -1:8:5:9:6:2:3:4:0:1:7
tree_sizes=1731 1745 1753 1755 1750 1753 1754 1754 1750 1762 1751 1774 1758 1760 1759 1748 1749 1763 1763 1773 1754 1779 1775 1781 1779 1781 1753 1773 1762 1755 1758 1766 1781 1787 1777 1783 1762 1764 1778 1778 1781 1782 1767 1778 1776 1781 1778 1767 1780 1753 1768 1780 1760 1778 1782 1762 1774 1758 1772 1764 1765 1779 1787 1768 1748 1795 1771 1775 1772 1786 1767 1796 1781 1776 1771 1776 1765 1786 1764 1761 1765 1766 1772 1781 1787 1777 1775 1777 1768 1779 1777 1763 1778 1785 1767 1769 1791 1799 1772 1762 1781 1774 1773 1802 1767 1777 1784 1767 1780 1764 1770 1756 1787 1766 1787 1775 1774 1781 1789 1774 1785 1782 1783 1763 1788 1762 1766 1754 1754 1757 1799 1761 1748 1754 1796 1773 1756 1759 1775 1771 1751 1789 1785 1764 1781 1767 1784 1758 1749 1767 1761 1743 1783 1774 1787 1789 1781 1759 1767 1776 1762 1741 1793 1746 1766 1761 1777 1749 1744 1767 1769 1758 1768 1783 1755 1750 1738 1757 1756 1774 1777 1769 1762 1778 1794 1768 1777 1752 1759 1773 1782 1782 1776 1775 1757 1746 1751 1747 1764 1749 1744 1760 1755 1786 1775 1781 1766 1756 1748 1762 1770 1763 1794 1743 1772 1745 1784 1778 1752 1766 1782 1774 1753 1782 1774 1800 1756 1750 1737 1746 1764 1762 1761 1748 1744 1778 1761 1761 1791 1784 1777 1749 1783 1751 1757 1741 1755 1754 1779 1736 1764 1756 1757 1743 1749 1787 1755 1736 1752 1766 1778 1735 1777 1779 1745 1751 1773 1755 1764 1752 1784 1790 1767 1771 1739 1776 1763 1776 1748 1764 1787 1760 1774 1761 1763 1754 1777 1756 1745 1764 1761 1755 1747 1777 1751 1757 1757 1755 1774 1753

Tree=0
num_leaves=15
num_cat=0
split_feature=4 3 3 2 5 3 10 4 6 5 3 6 15 15
split_gain=8656.74 655.176 545.009 221.815 146.458 52.6657 47.7921 45.3629 31.7114 31.2567 25.8929 23.1107 20.6529 20.4618
threshold=-0.1584641940952369 -0.19001039585822169 -0.28509163716932201 0.46752015266270991 -0.40175630673745866 -0.28077828335198074 0.3017654598748703 -0.21717321730219438 0.084142344896864354 -0.15898614116534701 -0.45087491205604635 0.39094714666702629 0.0022753622588801005 0.00054476613179125014
decision_type=2 2 2 2 10 2 2 2 10 8 2 10 2 2
left_child=2 5 4 6 10 8 -3 -4 -2 -5 -1 -7 -12 -6
right_child=1 3 7 9 13 11 -8 -9 -10 -11 12 -13 -14 -15
leaf_value=-0.87882294829601171 -0.95877361244421888 -1.0030386887418075 -0.9270830560286123 -0.99753232529455338 -0.94576380507360147 -0.97507637962024296 -0.98332565745157319 -0.95093621868112477 -0.92274716106867372 -1.0154271100957877 -0.91107912163336235 -0.9456404058166985 -0.88633023570347091 -0.90797902097518013
leaf_weight=355.5333323776722 47.272029668092728 189.08811867237091 123.9401113986969 91.961973682045937 13.506294190883635 149.36372399330139 266.94793224334717 170.41765317320824 41.114748492836952 1963.7754509598017 43.895456120371819 28.601564168930054 98.31787683069706 286.81012958288193
leaf_count=1790 238 952 624 463 68 752 1344 858 207 9887 221 144 495 1444
internal_value=-0.977549 -1.00568 -0.906002 -1.01043 -0.893133 -0.960944 -0.991499 -0.940893 -0.942015 -1.01463 -0.88315 -0.970346 -0.893969 -0.909678
internal_weight=3870.55 2778.13 1092.42 2511.77 798.063 266.352 456.036 294.358 88.3868 2055.74 497.747 177.965 142.213 300.316
internal_count=19487 13987 5500 12646 4018 1341 2296 1482 445 10350 2506 896 716 1512
is_linear=0
shrinkage=1


Tree=1
num_leaves=15
num_cat=0
split_feature=4 2 3 3 4 3 4 9 6 15 13 2 0 4
split_gain=7813.04 610.073 452.291 136.729 117.655 83.2567 51.4669 49.1314 42.9825 40.4453 32.3537 27.368 25.1567 23.7346
threshold=-0.1584641940952369 0.45929156058853021 -0.28509163716932201 -0.21600958658193584 -0.33955702545430616 -0.11857889311822971 -0.25188348302653574 0.39681257457976632 0.14738352091409182 0.0023292442771500007 0.20806627336424374 0.50862893278258514 -0.062581569977648396 -0.11928163160060816
decision_type=2 2 2 2 2 2 2 2 10 2 10 2 10 2
left_child=2 3 4 8 -1 -3 -4 -5 -2 12 -8 -7 -6 -10
right_child=1 5 6 7 9 11 10 -9 13 -11 -12 -13 -14 -15
leaf_value=0.089274890468194992 0.010401253205129364 -0.011090827882516072 0.058392017910513967 -0.018069883726865896 0.037513160667670402 -0.02954843081843174 0.078000256270065002 0.00283107797268613 0.060809089564079016 0.072069463715904114 0.025918599597244331 -0.038225457143248931 0.06812157084315143 0.024359358169476257
leaf_weight=421.22887627780437 104.21343401074409 123.69304485619068 66.425164058804512 251.26461455225945 59.166058614850044 411.33438363671303 11.282711923122404 169.50476068258286 30.44362410902977 297.2701041996479 221.07920397818089 1598.446014136076 40.8531314432621 34.073171734809875
leaf_count=2035 522 626 327 1274 289 2102 56 855 151 1448 1097 8187 200 169
internal_value=-0.00010472 -0.027515 0.0666967 -0.000500834 0.0782289 -0.0349793 0.0351047 -0.00965004 0.0223149 0.0665172 0.0284475 -0.0364496 0.0500153 0.0415589
internal_weight=3840.28 2722.97 1117.31 589.5 818.518 2133.47 298.787 420.769 168.73 397.289 232.362 2009.78 100.019 64.5168
internal_count=19338 13886 5452 2971 3972 10915 1480 2129 842 1937 1153 10289 489 320
is_linear=0
shrinkage=0.03


Tree=2
num_leaves=15
num_cat=0
split_feature=4 2 4 3 3 3 10 4 15 6 4 5 4 6
split_gain=7308.65 492.62 460.588 152.645 110.967 65.8415 63.1301 44.4003 34.2176 33.1246 31.9443 27.5111 27.1316 44.6189
threshold=-0.15036127804303048 0.46615365165247874 -0.2800597962015719 -0.22343599928224836 -0.24300622552642595 -0.11857889311822971 0.36774486310851845 -0.35464464190718953 0.0017655158474851002 0.073848394863305425 -0.18032746882489584 -0.15898614116534701 -0.21717321730219438 0.1355434330338651
decision_type=2 2 2 2 2 2 2 2 2 10 2 8 2 10
left_child=2 4 7 8 9 -3 -6 -1 -4 -2 -5 -7 -10 -14
right_child=1 5 3 10 6 11 -8 -9 12 -11 -12 -13 13 -15
leaf_value=0.084835514151299557 0.0072619456801685193 -0.01120518968686131 0.033486454901320184 0.029828245375655524 -0.021168008736741822 -0.019434755366270696 -9.5878994802458098e-06 0.067898617510337725 0.065443278761129486 0.04039237378087579 0.0042702260190257829 -0.037213688035690612 0.036968468960192451 0.069845165452219263
leaf_weight=412.40846812725067 57.782557412981987 97.60587640106678 71.097346231341362 103.84174104034901 252.23722770810127 81.798837274312973 255.44280321896076 210.35750278830528 156.48535105586052 51.251135766506195 76.391456499695778 1848.1334642320871 110.31498265266418 56.018170535564423
leaf_count=1924 288 497 343 507 1290 422 1289 996 745 250 379 9634 533 269
internal_value=-0.000261732 -0.028103 0.0612458 0.0418639 -0.00462458 -0.0352444 -0.010522 0.0791146 0.0523271 0.0228349 0.0189955 -0.0364601 0.0564766 0.0480408
internal_weight=3841.17 2644.25 1196.92 574.149 616.714 2027.54 507.68 622.766 393.916 109.034 180.233 1929.93 322.819 166.333
internal_count=19366 13670 5696 2776 3117 10553 2579 2920 1890 538 886 10056 1547 802
is_linear=0
shrinkage=0.03


Tree=3
num_leaves=15
num_cat=0
split_feature=4 3 4 4 3 3 3 10 4 2 9 0 9 3
split_gain=6774.34 565.693 353.604 117.127 100.553 72.6109 52.5039 30.6409 29.8134 27.3462 27.1457 25.9523 23.1636 20.0768
threshold=-0.1584641940952369 -0.11857889311822971 -0.25188348302653574 -0.061000144796355842 -0.22747791045012164 -0.22343599928224836 -0.4826854798077419 0.7281708348728283 -0.087384186705931829 0.51003954736126422 0.69890848543371875 0.2486412046106177 0.42020545844227547 -0.46404961800919231
decision_type=2 2 2 2 2 2 2 2 2 2 2 10 2 2
left_child=2 4 6 12 8 13 -1 -8 11 10 -5 -2 -3 -4
right_child=1 3 5 9 -6 -7 7 -9 -10 -11 -12 -13 -14 -15
leaf_value=0.080148649591617729 0.022062488596435413 -0.021472816413135414 0.074484608090806814 -0.032068770397211455 -0.0079068015829258098 0.020563581095674834 0.072055696304310399 0.054039010253549208 0.0037147259927521009 -0.037648307728843693 -0.0099842588661207508 0.057781766906369346 -0.0020783708548463898 0.044733341925786048
leaf_weight=397.48594906926155 89.967611417174339 125.31490021944046 22.101716712117195 336.12867176532745 334.15330846607685 138.05314308404922 193.70251670479774 151.32606561481953 64.095523238182068 1502.5009918659925 58.864188492298126 22.983630940318108 99.373746231198311 267.31110538542271
leaf_count=1802 442 649 103 1769 1707 671 891 700 318 7980 306 110 506 1259
internal_value=0.000135053 -0.0265522 0.0602024 -0.0333765 0.00177809 0.0384658 0.0727162 0.0641538 0.0200571 -0.0358017 -0.0287776 0.0293307 -0.0128952 0.0470054
internal_weight=3803.36 2633.38 1169.98 2122.18 511.2 427.466 742.515 345.029 177.047 1897.49 394.993 112.951 224.689 289.413
internal_count=19213 13787 5426 11210 2577 2033 3393 1591 870 10055 2075 552 1155 1362
is_linear=0
shrinkage=0.03


Tree=4
num_leaves=15
num_cat=0
split_feature=4 3 4 3 4 3 4 10 4 4 6 6 4 10
split_gain=6385.69 461.57 378.637 114.806 109.302 89.0714 37.2587 28.7382 28.4397 25.8133 30.3527 25.0666 29.9039 21.6871
threshold=-0.15036127804303048 -0.12131009804816166 -0.2800597962015719 -0.22343599928224836 -0.054187231811828655 -0.21600958658193584 -0.36288160219280108 0.3106232756026085 -0.18032746882489584 -0.087384186705931829 0.23934439229635043 0.11928146992216394 -0.21717321730219438 0.92919218111086188
decision_type=2 2 2 2 2 2 2 2 2 2 10 10 2 2
left_child=2 5 6 11 7 9 -1 -3 -5 10 -2 12 -4 -8
right_child=1 4 3 8 -6 -7 13 -9 -10 -11 -12 -13 -14 -15
leaf_value=0.076709617608261477 0.015365804104629194 -0.027083697821061483 0.051765202525688031 0.028166724185146409 -0.035306959461346432 -0.010473400013149677 0.069109431393956228 -0.006543114009104305 0.0038629324200224807 0.0023775235749365405 0.049549799726912223 0.056606537683901129 0.030919226929010519 0.050579263990087255
leaf_weight=423.16551990807056 80.114480301737785 99.992610991001129 121.97907036542892 105.6543654948473 1868.5114189982414 277.01542787253857 145.98282541334629 158.43156091868877 73.463201582431793 72.16279973089695 33.009443342685699 153.56544278562069 125.81468738615513 93.093705788254738
leaf_count=1868 394 526 557 504 10085 1424 655 814 362 358 156 705 589 421
internal_value=-4.28483e-05 -0.0268725 0.0558575 0.0381702 -0.0327778 0.000296149 0.071361 -0.0144909 0.0181988 0.0163973 0.0253407 0.0470829 0.0411809 0.061894
internal_weight=3831.96 2589.24 1242.72 580.477 2126.94 462.302 662.242 258.424 179.118 185.287 113.124 401.359 247.794 239.077
internal_count=19418 13757 5661 2717 11425 2332 2944 1340 866 908 550 1851 1146 1076
is_linear=0
shrinkage=0.03


Tree=5
num_leaves=15
num_cat=0
split_feature=4 2 4 10 8 4 2 2 10 4 6 4 15 10
split_gain=5944.26 468.147 332.696 103.111 82.026 56.3197 53.8996 43.2401 40.7523 37.1765 27.0755 21.6732 23.4117 18.5558
threshold=-0.15036127804303048 0.46615365165247874 -0.25188348302653574 0.34322377988497949 -0.12370677518587218 -0.35464464190718953 0.38935046046635252 0.52600646071075463 0.66330586117003121 -0.18032746882489584 0.11523292621028504 -0.10967804412809322 0.0016077564791259003 0.92919218111086188
decision_type=2 2 2 2 2 2 2 2 2 2 10 2 2 2
left_child=2 3 5 -2 10 -1 -5 8 -3 -6 -4 12 -8 -7
right_child=1 7 4 6 9 13 11 -9 -10 -11 -12 -13 -14 -15
leaf_value=0.07209699190548495 -0.018947272117740131 -0.030736881427218896 0.036811541791747109 0.032958471632997401 0.028701924368407735 0.0610584531427028 -0.013239954761528942 -0.036642006492341082 -0.010340476716615121 0.0021317149088516912 0.055875735292389053 -0.0041959397231888258 0.020298385206040617 0.046170919483012419
leaf_weight=451.45277561247349 240.00354327261448 448.02392685413361 172.09585611522198 57.586218729615211 135.70195890963078 212.55982759594917 24.401719883084297 1360.0689938366413 109.76238949596882 72.829314351081848 109.84072862565517 209.18825216591358 80.627058520913124 116.72641658782959
leaf_count=1950 1255 2436 790 278 637 939 122 7489 583 358 496 1059 404 522
internal_value=0.000127298 -0.026468 0.0530512 -0.00361826 0.0336876 0.0652156 0.0062768 -0.0337572 -0.0267232 0.0194223 0.0442388 0.00138688 0.0125063 0.0557811
internal_weight=3800.87 2529.66 1271.21 611.807 490.468 780.739 371.803 1917.86 557.786 208.531 281.937 314.217 105.029 329.286
internal_count=19318 13626 5692 3118 2281 3411 1863 10508 3019 995 1286 1585 526 1461
is_linear=0
shrinkage=0.03


Tree=6
num_leaves=15
num_cat=0
split_feature=4 2 3 3 5 3 10 4 13 3 2 2 10 8
split_gain=5605.64 479.837 333.564 106.642 59.4668 50.4661 45.0679 42.5771 26.227 26.1674 23.9907 20.6046 24.1565 18.2321
threshold=-0.15036127804303048 0.46615365165247874 -0.31339147901671177 -0.20005688765229665 -0.41556008699334795 -0.12131009804816166 0.3873638463100626 -0.21717321730219438 0.54406602838436202 -0.27584400469586867 0.38180287142117364 0.54115031562896732 0.63036326287907596 -0.11699491587697514
decision_type=2 2 2 2 10 2 2 2 10 2 2 2 2 2
left_child=2 3 4 9 -1 -3 8 -4 -5 10 -2 12 -7 -9
right_child=1 5 7 6 -6 11 -8 13 -10 -11 -12 -13 -14 -15
leaf_value=0.067797607585628875 0.054328607164849461 -0.011948551547332908 0.040576573993395544 0.013253723817281451 0.051217788991626635 -0.033060885855798507 -0.00089996692953500657 0.030850479067503878 -0.02345685687371929 0.0065679728732642665 0.017832669331256462 -0.037040020079392999 -0.01728212413083904 0.014580308457306223
leaf_weight=542.14835311472416 23.853353694081306 91.29191966354847 182.38787050545216 19.090391531586647 303.79494738578796 482.41214609146118 196.92371383309364 108.58187198638916 212.23541139066219 111.75016269087791 50.59263901412487 1216.8588397353888 106.62392394244671 144.44616746902466
leaf_count=2307 111 475 815 101 1337 2684 1005 498 1125 554 243 6840 584 692
internal_value=-0.000198476 -0.026248 0.0508621 -0.00320694 0.0618435 -0.0337104 -0.011448 0.0295271 -0.0204273 0.0157473 0.0295264 -0.0348105 -0.0302047 0.0215623
internal_weight=3792.99 2511.63 1281.36 614.446 845.943 1897.19 428.25 435.416 231.326 186.196 74.446 1805.89 589.036 253.028
internal_count=19371 13722 5649 3139 3644 10583 2231 2005 1226 908 354 10108 3268 1190
is_linear=0
shrinkage=0.03


Tree=7
num_leaves=15
num_cat=0
split_feature=4 2 2 4 10 4 0 2 9 13 15 13 10 4
split_gain=5208.14 504.839 224.061 83.8654 67.6678 64.2536 35.3777 33.9706 42.5782 30.7616 21.9261 20.0512 19.7697 19.8101
threshold=-0.11928163160060816 0.35683345948394191 0.47359233210959967 -0.18032746882489584 0.31647907222475863 -0.29405905737951021 0.049399109439870033 0.56592003676005731 0.70740850007970468 0.20806627336424374 0.0044215271319440006 0.56416192490025352 0.66330586117003121 -0.094880238156599003
decision_type=2 2 2 2 2 2 10 2 2 10 2 10 2 2
left_child=1 5 4 10 11 -1 9 8 -4 -5 -3 -2 13 -6
right_child=2 3 7 6 12 -7 -8 -9 -10 -11 -12 -13 -14 -15
leaf_value=0.062444501550553803 0.012049349424814136 0.022325770680807971 -0.031929529965761275 0.0516197332311472 0.0065782004820621508 0.045694635206875507 0.032381222581508169 -0.037141215104709357 -0.012835951654927966 0.0038320573778608592 0.041170500728857987 -0.027946300337362086 0.0069140754762195165 -0.01453605045004313
leaf_weight=625.68399246037006 12.069001466035841 87.653327837586403 638.24635767936707 12.741803854703901 56.184885710477829 307.3782511651516 56.186653152108192 1025.5197741389275 125.83672922849655 249.74482348561287 151.80446070432663 172.84184004366398 122.86583344638348 138.76555056869984
leaf_count=2630 64 395 3613 62 282 1345 266 5878 690 1228 683 935 618 719
internal_value=-0.000213835 0.0434263 -0.0286024 0.020857 -0.0109063 0.0569266 0.0107764 -0.0335735 -0.028785 0.0061518 0.0342724 -0.0253358 -0.0025109 -0.0084509
internal_weight=3783.52 1491.19 2292.33 558.131 502.727 933.062 318.673 1789.6 764.083 262.487 239.458 184.911 317.816 194.95
internal_count=19408 6609 12799 2634 2618 3975 1556 10181 4303 1290 1078 999 1619 1001
is_linear=0
shrinkage=0.03


Tree=8
num_leaves=15
num_cat=0
split_feature=4 2 3 3 3 3 4 10 6 5 3 2 10 9
split_gain=4883.4 443.309 275.415 114.508 57.5765 56.3435 42.7658 38.668 28.0923 24.5579 22.5117 21.3326 23.1472 21.1342
threshold=-0.15036127804303048 0.46615365165247874 -0.31339147901671177 -0.19674558409160178 -0.10876002730494637 -0.50093993088181599 -0.20632589513072444 0.3873638463100626 0.29648746444446245 -0.29740529444809022 -0.21600958658193584 0.54115031562896732 0.63036326287907596 0.32692550350261335
decision_type=2 2 2 2 2 2 2 2 10 10 2 2 2 2
left_child=2 3 5 8 -3 -1 13 -5 -2 -7 -8 12 -6 -4
right_child=1 4 6 7 11 9 10 -9 -10 -11 -12 -13 -14 -15
leaf_value=0.063892648404803631 0.009594639617479089 -0.011263505190144091 0.052799027410146721 -0.02036813501924448 -0.032028085793604034 0.052996622977807613 0.027868470322347336 -0.0019140407543095299 0.036213728234659431 0.037393162534209171 0.0092359839619153214 -0.036315797595095782 -0.016131260313889433 0.031279023195173672
leaf_weight=422.07163220643997 142.01245552301407 106.45523379743099 54.98856109380722 222.48139721155167 466.84991161525249 325.55638732016087 112.89281342923641 189.00312048196793 47.65521402657032 125.88239935040474 120.81196756660938 1165.5447399318218 100.11471036076546 162.28446426987648
leaf_count=1748 695 569 241 1201 2689 1371 510 965 223 544 576 6820 558 711
internal_value=-0.000193852 -0.0253672 0.0461833 -0.0030025 -0.0326782 0.0560128 0.0271442 -0.0118918 0.0162829 0.0486456 0.0182365 -0.033994 -0.029221 0.0367254
internal_weight=3764.61 2440.12 1324.49 601.152 1838.96 873.51 450.978 411.485 189.668 451.439 233.705 1732.51 566.965 217.273
internal_count=19421 13720 5701 3084 10636 3663 2038 2166 918 1915 1086 10067 3247 952
is_linear=0
shrinkage=0.03


Tree=9
num_leaves=15
num_cat=0
split_feature=4 3 3 3 4 4 10 9 4 3 15 13 15 13
split_gain=4663.92 441.934 253.024 75.0896 69.4468 56.6714 46.989 40.5007 35.2357 31.2432 24.2573 22.3781 21.7516 15.9012
threshold=-0.11928163160060816 -0.28509163716932201 -0.10543357119339002 -0.50093993088181599 -0.18032746882489584 -0.021664856754921021 0.48244615277146657 0.69035997296457385 -0.18631663419280989 -0.21600958658193584 0.0015080824792273503 1.0292019945694069 0.0021097635404940507 0.38146124330047765
decision_type=2 2 2 2 2 2 2 2 2 2 2 10 2 10
left_child=1 3 6 -1 -3 7 11 13 12 -6 -8 -2 -5 -4
right_child=2 4 5 8 9 -7 10 -9 -10 -11 -12 -13 -14 -15
leaf_value=0.061561543283959588 0.0042141011714854574 0.029384535429138103 0.011202139305281392 0.037125007667458777 0.022504070979678235 -0.034669498072357328 -0.01026578100982916 0.0024186132356808598 0.026778012422356622 0.00032568690158312662 0.012861005795958082 -0.021157046131978725 0.051753792963784177 -0.027227035425996738
leaf_weight=436.11012487113476 39.618062153458595 248.11851137876511 10.090311750769613 122.23779273033142 83.399700880050659 1523.3035900741816 60.230392530560493 56.266743093729019 81.694980263710022 181.73720453679562 126.648044526577 148.82009766995907 363.52903500199318 244.62531593441963
leaf_count=1788 208 1097 56 515 386 9045 307 298 363 920 641 794 1522 1374
internal_value=0.000112599 0.0406204 -0.0276948 0.0522009 0.0179771 -0.0322869 -0.00525191 -0.0206163 0.0450069 0.00730197 0.00540731 -0.0158229 0.0480726 -0.0257047
internal_weight=3726.43 1516.83 2209.6 1003.57 513.255 1834.29 375.317 310.982 567.462 265.137 186.878 188.438 485.767 254.716
internal_count=19314 6591 12723 4188 2403 10773 1950 1728 2400 1306 948 1002 2037 1430
is_linear=0
shrinkage=0.03


Tree=10
num_leaves=15
num_cat=0
split_feature=4 2 2 4 9 8 2 9 4 0 6 4 13 15
split_gain=4402.78 397.885 235.946 90.6446 60.9198 41.8188 39.1456 32.7219 29.718 23.5028 22.1556 22.7211 21.9414 20.8613
threshold=-0.11928163160060816 0.36932675535952908 0.46752015266270991 -0.2800597962015719 0.30488018063088701 -0.12370677518587218 0.53805431719799912 0.70740850007970468 -0.17721924960340116 0.22702862539352767 0.37273337303625848 -0.19625590463898537 0.56416192490025352 0.0016406351527896003
decision_type=2 2 2 2 2 2 2 2 2 10 10 2 10 2
left_child=1 3 4 -1 12 10 7 -4 -7 -6 11 -3 -2 -13
right_child=2 5 6 -5 9 8 -8 -9 -10 -11 -12 13 -14 -15
leaf_value=0.055469867256391546 0.015715723994354693 0.04557490791728485 -0.028976282240770278 0.037032498572853116 -0.0042042688755720139 0.019704261042738411 -0.035266317911775806 -0.010186009328781307 -0.00053812022214076445 0.015487510749201627 0.051561043930545739 -0.016398139004631797 -0.024272706299751246 0.021222978541965424
leaf_weight=708.8013159930706 13.350282147526739 30.994439959526062 486.95611165463924 362.83522030711174 193.92864583432674 114.57363058626652 1156.7842684090137 100.6494822204113 151.69712252914906 75.899000778794289 27.226818591356277 14.886814340949057 164.68300618231297 121.79537045955658
leaf_count=2895 70 132 2879 1551 992 512 7036 557 768 378 120 68 910 564
internal_value=0.000195614 0.0392005 -0.0270764 0.0492273 -0.00765268 0.015901 -0.0320633 -0.0257577 0.00817197 0.00133477 0.0264601 0.0223842 -0.0212741 0.0171255
internal_weight=3725.06 1532.81 2192.25 1071.64 447.861 461.174 1744.39 587.606 266.271 269.828 194.903 167.677 178.033 136.682
internal_count=19432 6610 12822 4446 2350 2164 10472 3436 1280 1370 884 764 980 632
is_linear=0
shrinkage=0.03


Tree=11
num_leaves=15
num_cat=1
split_feature=4 3 3 5 2 4 10 3 19 2 6 10 10 15
split_gain=4146.84 437.9 179.649 62.4098 52.3956 52.3951 32.0952 31.2227 31.1196 23.8365 23.775 22.0886 21.6007 21.1293
threshold=-0.10967804412809322 -0.28509163716932201 -0.10543357119339002 -0.40175630673745866 0.45478635258870498 -0.18032746882489584 0.63636897880481014 -0.22343599928224836 0 0.54115031562896732 0.7949755285713338 0.63036326287907596 0.3407270700790847 0.044746642905247901
decision_type=2 2 2 10 2 2 2 2 1 2 10 2 2 2
left_child=1 3 7 -1 6 -3 -4 -2 13 11 -9 -6 -10 -7
right_child=2 5 4 -5 9 8 -8 10 12 -11 -12 -13 -14 -15
leaf_value=0.054071592819705534 0.0074032559907046191 0.025584319207818649 -0.021815250445261777 0.038939398463607 -0.03071984033421624 0.0077790857728136306 0.015472133679887094 -0.015726328603395123 -0.0096822212028491762 -0.035475592347575462 0.023249386148394127 -0.015676829315219066 0.0085575811201439693 0.041137465962187404
leaf_weight=620.41117371618748 92.681541338562965 248.96080230176449 66.001805320382118 405.70246598124504 482.07139948010445 29.908219963312149 30.319793716073036 216.9370354861021 93.244825839996338 1082.6679253429174 15.063672736287115 107.4264660179615 156.52586050331593 39.870363846421242
leaf_count=2510 455 1082 362 1708 2906 146 155 1175 478 6738 79 613 763 196
internal_value=-6.07752e-05 0.0363869 -0.0278274 0.0480887 -0.0315933 0.0152662 -0.0100781 -0.00731563 0.00722734 -0.0328326 -0.0131957 -0.0279785 0.00168097 0.0234753
internal_weight=3687.79 1594.62 2093.17 1026.11 1768.49 568.51 96.3216 324.682 319.549 1672.17 232.001 589.498 249.771 69.7786
internal_count=19366 6883 12483 4218 10774 2665 517 1709 1583 10257 1254 3519 1241 342
cat_boundaries=0 1
cat_threshold=23
is_linear=0
shrinkage=0.03


Tree=12
num_leaves=15
num_cat=0
split_feature=4 2 3 4 3 6 2 10 3 14 14 10 15 15
split_gain=3886.93 450.161 174.854 79.4105 53.4846 51.3411 37.5952 29.3472 23.0342 18.8859 26.1341 20.0583 24.3003 18.0158
threshold=-0.10967804412809322 0.36932675535952908 -0.063392459203827287 -0.35464464190718953 -0.23496726404432275 0.33921044963999519 0.45748381382938214 0.29426047473316586 -0.28509163716932201 0.12399021643493872 0.013420771498146602 0.3017654598748703 0.011407484626639201 0.043792360626936359
decision_type=2 2 2 2 2 10 2 2 2 10 10 2 2 2
left_child=1 3 5 -1 -3 7 -4 -2 -5 10 -6 -11 -13 -12
right_child=2 4 6 8 9 -7 -8 -9 -10 11 13 12 -14 -15
leaf_value=0.054991496211454591 -0.028244926403328121 0.025059115854627698 -0.0084514389640895759 0.0418603392961975 -0.01225751437766413 0.01025738941706297 -0.033133653807965124 -0.010188489712596466 0.028040580488491722 -0.015006408261210101 0.012290041362343084 -0.0016478261421581024 0.026151709731814892 0.039357997987310496
leaf_weight=477.55677662789822 118.43131859600544 182.53645335137844 57.634723633527756 466.59041731059551 26.942766740918159 82.423908367753029 1528.2502230107784 256.39317931234837 141.45328722894192 61.480584874749184 68.944148987531662 112.75194270908833 37.782589122653008 32.591816231608391
leaf_count=1919 685 800 306 1918 133 435 9590 1376 608 315 333 540 182 160
internal_value=-6.08378e-05 0.0348205 -0.0275241 0.045836 0.0119567 -0.0111797 -0.0322366 -0.0158937 0.0386454 0.00493256 0.0140087 -0.000567502 0.00532957 0.0209785
internal_weight=3651.76 1608.63 2043.13 1085.6 523.03 457.248 1585.88 374.824 608.044 340.494 128.479 212.015 150.535 101.536
internal_count=19300 6908 12392 4445 2463 2496 9896 2061 2526 1663 626 1037 722 493
is_linear=0
shrinkage=0.03


Tree=13
num_leaves=15
num_cat=0
split_feature=2 3 2 3 4 9 3 13 4 4 6 9 3 3
split_gain=3668.74 299.818 243.696 60.3034 49.4874 48.6289 43.9675 35.4908 32.2315 28.1732 24.5413 21.2857 21.0853 18.9391
threshold=0.41715731608203266 -0.2942818463812189 0.47359233210959967 -0.50093993088181599 -0.18032746882489584 0.53320542489726697 -0.041807547649462755 0.29376149827717574 -0.18337306213183005 -0.11196690800266694 0.094709503318581426 0.48356414578744339 -0.21951380150862668 1.0000000180025095e-35
decision_type=2 2 2 2 2 2 2 10 2 2 10 2 2 2
left_child=1 3 5 -1 -3 7 -4 -2 11 -9 -10 -5 -6 -7
right_child=2 4 6 8 12 13 -8 9 10 -11 -12 -13 -14 -15
leaf_value=0.053765750725130408 0.030297146796279231 0.025942989374017584 -0.018050199440162128 0.048753287539424893 0.017747680287903612 0.011308298923398418 -0.033173266540652724 -0.0020409879762345613 0.0054925812273089545 -0.021382887033116728 0.038558111732348993 0.036024860621188835 -0.00036921249385505028 -0.012736139806627298
leaf_weight=433.5933346003294 15.584649384021757 258.5933071821928 197.18079634010792 217.12486752867699 97.601014465093613 127.2255479991436 1411.9927439838648 93.860938966274261 42.133365124464035 243.88520641624928 38.810184359550476 259.64598935842514 141.83975549042225 38.376427948474884
leaf_count=1741 81 1105 1164 883 444 629 9068 479 186 1378 165 1057 710 199
internal_value=-0.00028083 0.0358334 -0.0255551 0.045374 0.0168432 -0.00767813 -0.0313202 -0.0139653 0.0388499 -0.0160077 0.0213466 0.0418215 0.00701561 0.00573627
internal_weight=3617.45 1489.34 2128.11 991.308 498.034 518.933 1609.17 353.331 557.714 337.746 80.9435 476.771 239.441 165.602
internal_count=19289 6291 12998 4032 2259 2766 10232 1938 2291 1857 351 1940 1154 828
is_linear=0
shrinkage=0.03


Tree=14
num_leaves=15
num_cat=0
split_feature=2 2 4 9 4 6 5 2 9 4 2 13 6 1
split_gain=3477.39 291.569 243.378 51.9376 46.6055 40.6184 38.7619 36.6835 35.0178 29.8854 25.2196 24.6317 20.5877 19.5746
threshold=0.40852176052486361 0.47359233210959967 -0.22153030422284811 0.45589264892102738 -0.35464464190718953 0.070732088033685372 -0.20555421002319871 0.53805431719799912 0.40034658712868249 -0.17400951903566417 0.36109541210702317 1.2054474065229048 0.90853547664890444 16.435538936180929
decision_type=2 2 2 2 2 10 10 2 2 2 2 10 10 2
left_child=2 3 4 6 -1 9 -2 8 -3 -4 -7 -8 -10 -6
right_child=1 7 5 -5 13 10 11 -9 12 -11 -12 -13 -14 -15
leaf_value=0.051251643337342154 0.0036482913139643512 -0.030870093564912209 0.020080939111211844 0.0044572218904267557 0.034495606688740042 0.043354128901635411 -0.0049296302237691247 -0.034082792165697394 -0.017121880666520286 -0.00064563158175796876 0.020656651783184238 -0.025283302521397575 0.025459202067476424 0.047539662625485681
leaf_weight=473.8729871660471 87.713427990674973 301.77777469158173 126.59909297525883 243.54185426235199 365.94977855682373 64.659051790833473 75.227622851729393 1055.1214411258698 201.08863760530949 123.8722657263279 138.28247524797916 185.37734605371952 10.766356229782103 144.39552111923695
leaf_count=1897 442 1931 541 1216 1496 269 414 6967 1210 584 624 1062 63 588
internal_value=-5.60527e-05 -0.0241129 0.0360989 -0.00617083 0.0444769 0.0179129 -0.0136019 -0.030882 -0.0243069 0.00983048 0.0278883 -0.0194079 -0.0149579 0.0381863
internal_weight=3598.25 2160.61 1437.63 591.86 984.218 453.413 348.318 1568.75 513.633 250.471 202.942 260.605 211.855 510.345
internal_count=19304 13305 5999 3134 3981 2018 1918 10171 3204 1125 893 1476 1273 2084
is_linear=0
shrinkage=0.03


Tree=15
num_leaves=15
num_cat=0
split_feature=2 2 3 3 3 3 9 13 2 2 2 9 9 13
split_gain=3285.95 283.493 236.992 64.2944 53.7083 47.5462 28.0162 30.0113 24.5724 20.5404 19.6436 19.1143 17.8866 17.7621
threshold=0.41211940529928459 0.47359233210959967 -0.2942818463812189 -0.19674558409160178 -0.11230972851720826 -0.49243706786315639 0.36585295906719978 0.42629403310899644 0.36932675535952908 0.53947714136468805 0.37568278362025959 0.93262213548477357 0.91346184988222545 0.16648269435719201
decision_type=2 2 2 2 2 2 2 10 2 2 2 2 2 10
left_child=2 3 5 -2 -3 -1 7 -5 -4 12 11 -7 -6 -10
right_child=1 4 8 6 9 10 -8 -9 13 -11 -12 -13 -14 -15
leaf_value=0.049581963174399418 0.01295450663811042 -0.0065829445554238756 0.02538382825330656 0.021045540835761576 -0.02872805646518943 0.04180362058243578 -0.0029990458158420715 -0.020798970007943274 0.045965240745195354 -0.034502377949652732 0.019320581180610766 0.02793688719148988 -0.0081782375204383102 0.009482572148378771
leaf_weight=462.97565983235836 124.06533993780613 78.009698808193207 174.34783513844013 16.504980072379112 413.09170559048653 362.46384918689728 198.46938113868237 235.93923088908195 12.563726425170897 1014.7611888498068 54.137521624565125 118.78393378853798 41.995500847697258 272.78824402391911
leaf_count=1856 596 435 733 86 2680 1467 1033 1358 55 6865 232 483 251 1260
internal_value=-0.000341289 -0.0241582 0.0343345 -0.00617057 -0.03084 0.0425417 -0.0114327 -0.0180631 0.0165104 -0.0321274 0.0364536 0.038381 -0.0268317 0.0110889
internal_weight=3580.9 2122.84 1458.06 574.979 1547.86 998.361 450.914 252.444 459.7 1469.85 535.385 481.248 455.087 285.352
internal_count=19390 13304 6086 3073 10231 4038 2477 1444 2048 9796 2182 1950 2931 1315
is_linear=0
shrinkage=0.03


Tree=16
num_leaves=15
num_cat=0
split_feature=4 4 3 3 4 0 4 9 6 13 13 3 7 14
split_gain=3150.38 333.354 172.619 65.7119 53.2939 39.4673 37.3647 40.6895 36.4784 28.3148 24.4874 23.2656 20.8554 18.0393
threshold=-0.10967804412809322 -0.21717321730219438 -0.073308361570226174 -0.25085165162552803 -0.35464464190718953 1.2993876769189603 0.014498577287036298 0.69035997296457385 0.10141455832650405 0.16648269435719201 0.92937025068064383 -0.19001039585822169 16.242826735923465 0.3316028854655963
decision_type=2 2 2 2 2 10 2 2 10 10 10 2 2 10
left_child=1 4 5 8 -1 10 7 -4 -3 -5 -2 -12 13 -6
right_child=2 3 6 9 12 -7 -8 -9 -10 -11 11 -13 -14 -15
leaf_value=0.048328123981909277 0.0051137372998747268 0.015249757993711236 -0.026932844842093021 0.04817042213102924 0.03657661986415222 0.045734067949673531 -0.03329593539987441 -0.00039328770267271415 0.038750058138534799 0.003976025515360246 -0.0020660231104044939 -0.019259904289223986 0.04427231719137302 0.023516361244592009
leaf_weight=485.46489226818085 74.193309858441353 135.84929417073727 285.62321382761002 13.526408284902571 221.4729218184948 11.566035136580465 1159.466151714325 63.56243696808815 105.70216952264309 368.39640244841576 102.46938081085682 229.38189193606377 145.73688417673111 166.92063105106354
leaf_count=1946 401 582 1827 62 898 58 7968 362 438 1782 516 1339 590 681
internal_value=5.02642e-05 0.030567 -0.02598 0.0132868 0.0411338 -0.00891072 -0.030705 -0.0221018 0.0255334 0.00554124 -0.0104673 -0.0139508 0.0345949 0.0309637
internal_weight=3569.33 1643.07 1926.26 623.474 1019.6 417.611 1508.65 349.186 241.551 381.923 406.045 331.851 534.13 388.394
internal_count=19450 6979 12471 2864 4115 2314 10157 2189 1020 1844 2256 1855 2169 1579
is_linear=0
shrinkage=0.03


Tree=17
num_leaves=15
num_cat=0
split_feature=4 3 3 4 4 3 10 14 10 14 10 10 1 5
split_gain=2933.76 322.463 174.987 61.4288 52.2869 35.0945 33.6669 29.0903 28.0041 26.4265 20.5536 20.1704 28.7777 19.5456
threshold=-0.10967804412809322 -0.31847512399726341 -0.098860727212199559 -0.18032746882489584 -0.021664856754921021 -0.50093993088181599 0.63636897880481014 0.12217325918785275 0.44756028292784028 0.0062437950463136013 0.92919218111086188 0.33463994390236035 16.409983984272774 -0.38075181020370008
decision_type=2 2 2 2 2 2 2 10 2 10 2 2 2 10
left_child=1 5 8 -3 6 -1 -4 9 -2 -5 13 -9 -13 -7
right_child=2 3 4 7 -6 10 -8 11 -10 -11 -12 12 -14 -15
leaf_value=0.047572629488367178 -0.015457593915362789 0.023374375758412065 -0.023091954304023905 -0.024957346753814863 -0.031965044357288398 0.047665470991521561 0.0026908734046364176 -0.013710433165434027 0.0019758872528542752 0.021374182112972893 0.026526727581819211 -0.0043550151414420979 0.02351886548926737 0.033023066500098085
leaf_weight=441.05209572613239 147.69545283913612 342.16393135488033 198.53706200420856 12.260025292634962 1299.6417876183987 156.78323999047279 59.164293646812439 75.178296193480492 189.10293173789978 115.08492892980576 147.55659978091717 95.207717597484589 51.295348733663559 172.12256833910942
leaf_count=1773 843 1428 1245 61 9059 628 331 384 982 551 598 454 240 699
internal_value=2.51989e-05 0.0298166 -0.0252768 0.0143416 -0.0295173 0.0414744 -0.0171726 0.00548646 -0.00566918 0.0169137 0.0358294 -0.0010779 0.00540451 0.0400028
internal_weight=3502.85 1608.7 1894.14 691.19 1557.34 917.515 257.701 349.026 336.798 127.345 476.462 221.681 146.503 328.906
internal_count=19276 6816 12460 3118 10635 3698 1576 1690 1825 612 1925 1078 694 1327
is_linear=0
shrinkage=0.03


Tree=18
num_leaves=15
num_cat=0
split_feature=2 2 5 3 3 3 5 5 13 6 5 3 6 5
split_gain=2756.31 279.734 187.505 65.5501 55.6713 42.6193 32.3297 27.9843 24.9179 20.8033 21.0223 20.6654 18.1274 16.5774
threshold=0.40852176052486361 0.47359233210959967 -0.39425062972937647 -0.28509163716932201 -0.19674558409160178 -0.14026903940847743 -0.1693474511086295 -0.16284586995977932 1.1996700372588072 0.091188125165327497 -0.24652407561508602 -0.3571768487714489 0.040671451123348808 -0.10976490395919285
decision_type=2 2 10 2 2 2 10 8 10 10 10 2 10 10
left_child=2 4 11 9 13 -3 -6 -7 -8 10 -4 -1 -5 -2
right_child=1 5 3 12 6 7 8 -9 -10 -11 -12 -13 -14 -15
leaf_value=0.045439111752438345 0.020351429061079486 -0.0037980529641966246 0.031342522726080388 0.0051242065654497609 0.00039337169982883204 -0.010484933368713849 -0.0025056733141258672 -0.031482919984398207 -0.021904566079883295 0.036784318093861484 0.012027159306969718 0.03202068366305616 0.018910003892729021 -0.00049073340470856032
leaf_weight=570.39884485304356 80.231922641396523 55.621675029397011 118.0573153346777 178.8162917047739 165.10072703659534 59.689300075173378 84.101208418607712 1327.9213494956493 204.50312562286854 190.48466046154499 88.901426434516907 126.13873599469662 165.10870331525803 60.053830340504646
leaf_count=2297 368 308 476 801 854 376 473 9422 1197 770 372 510 733 297
internal_value=3.06034e-05 -0.0224158 0.0318326 0.0213319 -0.00508757 -0.0295475 -0.0101946 -0.0305797 -0.0162516 0.0296301 0.0230454 0.0430091 0.0117424 0.0114293
internal_weight=3475.13 2037.22 1437.91 741.368 593.991 1443.23 453.705 1387.61 288.604 397.443 206.959 696.538 343.925 140.286
internal_count=19254 13295 5959 3152 3189 10106 2524 9798 1670 1618 848 2807 1534 665
is_linear=0
shrinkage=0.03


Tree=19
num_leaves=15
num_cat=1
split_feature=2 2 3 10 5 5 2 3 5 14 10 10 19 0
split_gain=2625.69 270.761 185.512 62.1231 40.2118 38.0582 32.7107 32.5578 28.126 20.0005 18.9145 17.8406 17.7689 17.6506
threshold=0.40852176052486361 0.48636244644889803 -0.3353312029181712 0.26431759058816051 -0.15898614116534701 -0.40175630673745866 0.37568278362025959 -0.026611766608036987 -0.26464041814685235 0.46887375907808199 0.28095135131803789 3.6475809078728565 0 -0.11122790693952082
decision_type=2 2 2 2 10 10 2 2 10 10 2 2 1 10
left_child=2 3 5 8 9 -1 10 -3 -2 13 -4 -6 -8 -5
right_child=1 7 6 4 11 -7 12 -9 -10 -11 -12 -13 -14 -15
leaf_value=0.044174143646098916 0.029229641173416091 -0.016764419734632829 0.046125414233169224 0.011368596442740901 -0.010420519688352402 0.030925815798163694 0.023655795139687973 -0.031617004888572095 -0.023632734973811909 -0.00085611589752218186 0.021690239849189476 0.014179798220845245 0.0046308308217960408 0.040134057275943678
leaf_weight=574.75257976353168 9.516250863671301 149.67049194872379 31.707119315862656 78.577047511935234 274.74730840325356 295.47444011271 53.702102020382881 1180.4519594013691 188.32111012935638 91.115388378500938 282.81040711700916 29.367995843291283 202.75394728779793 25.405126467347145
leaf_count=2323 46 964 129 391 1550 1195 239 8602 1162 452 1168 152 919 126
internal_value=9.52136e-08 -0.0220088 0.0309574 -0.00686328 -0.00122525 0.0396758 0.0176696 -0.0299457 -0.02109 0.00940512 0.0241536 -0.0080449 0.00971766 0.0183966
internal_weight=3468.37 2027.17 1441.2 697.05 499.213 870.227 570.974 1330.12 197.837 195.098 314.518 304.115 256.456 103.982
internal_count=19418 13445 5973 3879 2671 3518 2455 9566 1208 969 1297 1702 1158 517
cat_boundaries=0 1
cat_threshold=23
is_linear=0
shrinkage=0.03


Tree=20
num_leaves=15
num_cat=0
split_feature=2 2 2 10 5 5 0 3 5 0 13 3 15 9
split_gain=2506.1 227.55 207.856 56.9401 47.2887 44.0702 32.8032 30.567 26.2982 29.28 22.732 20.7664 23.8493 19.5635
threshold=0.42018573237854079 0.35187712243856412 0.48636244644889803 0.3017654598748703 -0.2211084075738782 -0.5257321239107744 0.055368431877895315 -0.12427231311081426 -0.15898614116534701 -0.060020981078945039 0.5791928213214369 -0.22343599928224836 0.0016815408994138501 0.73323296368917779
decision_type=2 2 2 2 10 10 10 2 10 10 10 2 2 2
left_child=1 5 3 10 11 -1 -6 -4 9 -5 -2 12 -3 -10
right_child=2 4 7 8 6 -7 -8 -9 13 -11 -12 -13 -14 -15
leaf_value=0.045095022257977277 0.010453693326333998 0.0051171320134009322 -0.0064533528393313092 0.0030158886053264769 -0.0046301491870314303 0.031985582996312753 0.016450839157944631 -0.030871469716567564 -0.013345421565239195 0.041316136351109804 -0.024367475207405575 0.012901792093709353 0.033026135149750356 0.0053285516727194018
leaf_weight=393.5309773683548 18.569693624973297 33.57347559928894 47.917584329843521 120.61735285818577 152.8668610304594 558.0908717662096 117.49022151529789 1243.3087278604507 164.44887720048428 21.108036115765572 184.67847046256065 144.9515780210495 153.76982648670673 72.862064838409424
leaf_count=1602 104 138 271 607 721 2252 544 9198 956 104 1172 637 630 380
internal_value=0.000109103 0.0282721 -0.023255 -0.00837485 0.0138478 0.0374068 0.00453111 -0.0299653 -0.00150518 0.00872018 -0.0211861 0.0214278 0.0280246 -0.00761191
internal_weight=3427.78 1554.27 1873.51 582.284 602.652 951.622 270.357 1291.23 379.036 141.725 203.248 332.295 187.343 237.311
internal_count=19316 6524 12792 3323 2670 3854 1265 9469 2047 711 1276 1405 768 1336
is_linear=0
shrinkage=0.03


Tree=21
num_leaves=15
num_cat=1
split_feature=4 3 3 4 4 2 3 19 14 11 6 15 0 14
split_gain=2370.72 244.471 165.468 50.9795 40.7234 38.3417 31.1866 27.1673 31.8757 21.6342 20.3881 20.0342 17.3365 16.6748
threshold=-0.10967804412809322 -0.31339147901671177 -0.066832317195423471 -0.17073168323312196 -0.36288160219280108 0.50862893278258514 -0.19001039585822169 0 0.011608509919202403 11.500000000000002 0.29648746444446245 0.0016406351527896003 0.55299457291464271 0.32603663766125218
decision_type=2 2 2 2 2 2 2 1 10 2 10 2 10 10
left_child=1 4 6 13 -1 9 -2 8 -5 -4 -9 -6 -8 -3
right_child=2 3 5 7 11 -7 12 10 -10 -11 -12 -13 -14 -15
leaf_value=0.042956748818185772 0.0038517622174400559 0.02604700353420087 0.0046680703228547176 -0.013329145930973871 0.018724486398463112 -0.0318969467180149 -0.015348194973049777 -0.0045347391981420525 0.04037900091609338 -0.022386481429805784 0.017081164121996884 0.033463250428588318 0.014825289896494913 0.013377984448938575
leaf_weight=430.53639626502991 140.1256542801857 198.79730711877346 29.513620838522911 13.578539371490477 104.96269941329956 1046.2935446798801 268.11898027360439 215.26298622786999 37.170069232583046 269.57487700879574 48.034171938896179 396.72918881475925 18.307895168662071 176.52831441164017
leaf_count=1764 701 825 170 68 424 7991 1638 1061 174 1822 225 1599 105 736
internal_value=-3.9803e-05 0.0261714 -0.0240272 0.0126258 0.0361882 -0.0291892 -0.0077458 0.00370716 0.0217272 -0.0197168 -0.000569643 0.0303796 -0.0134196 0.0200883
internal_weight=3393.53 1621.6 1771.93 689.371 932.228 1345.38 426.553 314.046 50.7486 299.088 263.297 501.692 286.427 375.326
internal_count=19303 6876 12427 3089 3787 9983 2444 1528 242 1992 1286 2023 1743 1561
cat_boundaries=0 1
cat_threshold=19
is_linear=0
shrinkage=0.03


Tree=22
num_leaves=15
num_cat=1
split_feature=4 3 3 4 4 9 19 14 4 15 0 3 5 6
split_gain=2282.71 246.428 146.335 61.4875 50.3021 40.2417 27.1635 39.1474 31.101 26.7179 21.8559 21.1355 17.8227 23.77
threshold=-0.10967804412809322 -0.27584400469586867 -0.11534181207368381 -0.35464464190718953 -0.021664856754921021 0.69890848543371875 0 0.010499019598694403 -0.23209664590492532 0.0022157241244641504 0.082357259878401382 -0.28077828335198074 -0.2550876311063921 0.22846824946807412
decision_type=2 2 2 2 2 2 1 10 2 2 10 2 10 10
left_child=1 3 11 -1 5 -4 7 -3 -8 -5 -10 -2 -11 -14
right_child=2 6 4 9 -6 -7 8 -9 10 12 -12 -13 13 -15
leaf_value=0.04202517639964818 0.014818723383835448 -0.01399943365035094 -0.021961853060606714 0.01623064105466826 -0.030722383769376731 0.0075227680943133861 0.02152547377847806 0.030884122712270101 -0.00089150022023300635 0.035215272103247784 0.023849851173346308 -0.0080532108528682204 0.014338201041594683 0.039279646881218148
leaf_weight=454.63134126365185 42.670126080513 21.180526539683342 226.64037027955055 145.80604758858681 1189.8450015336275 51.043536901473999 87.190859138965607 100.3522869348526 324.63322833180428 302.37328663468361 35.664182588458061 245.97227421402931 102.72052030265331 51.697279199957848
leaf_count=1874 203 101 1496 591 9178 285 354 442 1533 1217 161 1368 423 208
internal_value=-0.000482488 0.0251283 -0.0241986 0.0336958 -0.0280392 -0.016542 0.00921016 0.0213086 0.0053291 0.0274116 0.00155753 -0.00467204 0.0309805 0.0226883
internal_weight=3382.42 1626.25 1756.17 1057.23 1467.53 277.684 569.021 121.533 447.488 602.597 360.297 288.642 456.791 154.418
internal_count=19434 6904 12530 4313 10959 1781 2591 543 2048 2439 1694 1571 1848 631
cat_boundaries=0 1
cat_threshold=23
is_linear=0
shrinkage=0.03


Tree=23
num_leaves=15
num_cat=1
split_feature=4 3 3 3 4 10 4 19 14 5 6 10 6 10
split_gain=2195.95 234.304 144.671 52.4744 41.7607 36.4732 34.3198 34.299 33.9809 22.6753 25.0957 19.7972 19.1227 18.8162
threshold=-0.10967804412809322 -0.2718289567369771 -0.11534181207368381 -0.50093993088181599 0.0021344672807429581 0.63636897880481014 -0.21717321730219438 0 0.012126531438833502 -0.32492225544592357 0.11186898824548965 0.44756028292784028 0.040671451123348808 0.92919218111086188
decision_type=2 2 2 2 2 2 2 1 10 10 10 2 10 2
left_child=1 3 11 -1 5 -4 -3 8 -8 13 -11 -2 -9 -5
right_child=2 6 4 9 -6 -7 7 12 -10 10 -12 -13 -14 -15
leaf_value=0.041149594865961349 -0.013576152023879908 0.02222065407591815 -0.023842256566099163 0.036804928348727277 -0.030576300700134541 -0.0010532852536448668 -0.01212860051788479 -0.0052489509318095467 0.03848702962647161 0.013087961326332491 0.031629188934190262 0.0024127946128653091 0.0086693638822848054 0.022151381333994122
leaf_weight=429.2841664403677 119.29599370062351 136.45434495806694 292.79662056267262 261.21634589135647 1069.1813817992806 80.60869263112545 15.594536095857618 200.15596689283848 50.901691138744354 154.73903229832649 114.17859762907028 167.62834106385708 159.74830721318722 112.97507132589817
leaf_count=1779 698 555 2027 1058 8481 480 77 954 226 635 460 866 747 457
internal_value=-0.000124283 0.0248001 -0.0236903 0.0330271 -0.0275598 -0.0189227 0.00912549 0.00493485 0.0231373 0.0276053 0.0209603 -0.00423501 0.000903767 0.0323808
internal_weight=3364.76 1635.25 1729.51 1072.39 1442.59 373.405 562.855 426.401 66.4962 643.109 268.918 286.924 359.904 374.191
internal_count=19500 6948 12552 4389 10988 2507 2559 2004 303 2610 1095 1564 1701 1515
cat_boundaries=0 1
cat_threshold=19
is_linear=0
shrinkage=0.03


Tree=24
num_leaves=15
num_cat=1
split_feature=4 3 3 5 4 4 10 9 19 16 15 14 16 6
split_gain=2100.82 207.921 162.468 44.51 41.0833 35.824 32.4928 27.0504 23.0996 14.8152 22.4978 16.1408 16.6236 14.5184
threshold=-0.10967804412809322 -0.28509163716932201 -0.063392459203827287 -0.41556008699334795 -0.17073168323312196 0.014498577287036298 0.58916192547342006 0.69890848543371875 0 15.957891078359127 0.037536321526151155 0.0071431072813722008 13.138133661771175 -0.4741479631452627
decision_type=2 2 2 10 2 2 2 2 1 2 2 10 2 10
left_child=1 3 6 -1 13 7 8 -4 -2 10 -6 -12 -13 -3
right_child=2 4 5 -5 9 -7 -8 -9 -10 -11 11 12 -14 -15
leaf_value=0.038319346185367691 0.0022373525522702657 -0.012224345962954295 -0.023904164756198151 0.0257518507767697 -0.00031788011528102305 -0.031343450578525694 0.0035874812741690538 -0.0010854383425470142 -0.018032558708857921 -0.020431448807963246 -0.016128115753314604 0.046225171412136196 0.012856536200699764 0.019615768639711109
leaf_weight=570.55996783077717 70.554780304431915 13.477335169911383 238.44070792198181 456.60671305656433 207.20825387537479 970.12021669745445 157.15538413822651 58.160052388906479 208.27860952913761 23.195039257407188 9.6190151274204236 22.077267378568649 34.33138020336628 295.13833679258823
leaf_count=2373 421 56 1726 1847 1010 7910 844 344 1293 121 50 99 168 1227
internal_value=0.000195414 0.0245149 -0.0231172 0.0327327 0.0105638 -0.0285539 -0.00732152 -0.0194297 -0.01347 0.00258744 0.00454151 0.0197913 0.0259164 0.0182253
internal_weight=3334.92 1632.21 1702.71 1027.17 605.047 1266.72 435.989 296.601 278.833 296.431 273.236 66.0277 56.4086 308.616
internal_count=19489 6951 12538 4220 2731 9980 2558 2070 1714 1448 1327 317 267 1283
cat_boundaries=0 1
cat_threshold=182
is_linear=0
shrinkage=0.03


Tree=25
num_leaves=15
num_cat=1
split_feature=4 3 3 4 10 4 9 3 19 14 6 14 6 15
split_gain=1974.39 230.086 136.553 39.8072 38.3917 37.7318 33.1652 32.9464 30.0252 24.3287 20.235 17.8648 16.4927 15.269
threshold=-0.10967804412809322 -0.31847512399726341 -0.063392459203827287 -0.17721924960340116 0.56536430009113847 0.014498577287036298 0.69035997296457385 -0.50093993088181599 0 0.009070872135837852 0.25574202347697511 0.22807250762336903 0.040671451123348808 0.062536286555683565
decision_type=2 2 2 2 2 2 2 2 1 10 10 10 10 2
left_child=1 7 4 -3 10 6 -4 -1 9 -5 -2 -12 -10 -11
right_child=2 3 5 8 -6 -7 -8 -9 12 13 11 -13 -14 -15
leaf_value=0.039466285908500126 -0.020021615846227424 0.017418186990581581 -0.023957398023900064 -0.015542356188216481 0.0027617939452171916 -0.031204395452391006 0.0012822733397731721 0.02794063956532656 -0.0086145943512015901 0.016292331870490607 0.019579220339231134 -0.014497566010287224 0.006226539455499976 0.045981693022331523
leaf_weight=416.87466377019882 209.74022340774536 363.25108544528484 232.72929088026285 13.707878962159155 162.85219645500183 957.83385500311852 58.666475921869278 480.48607704043388 146.89901484549046 38.008439972996712 24.365995213389397 32.069344520568848 124.51094153523445 26.431888923048973
leaf_count=1755 1324 1490 1715 70 875 7987 350 1954 722 171 140 192 593 118
internal_value=-0.000544422 0.0231877 -0.0233137 0.0104636 -0.0087114 -0.0283286 -0.0188759 0.033295 0.00323658 0.018396 -0.015731 0.000215109 -0.00174195 0.0284702
internal_weight=3288.43 1610.17 1678.26 712.809 429.028 1249.23 291.396 897.361 349.558 78.1482 266.176 56.4353 271.41 64.4403
internal_count=19456 6873 12583 3164 2531 10052 2065 3709 1674 359 1656 332 1315 289
cat_boundaries=0 1
cat_threshold=23
is_linear=0
shrinkage=0.03


Tree=26
num_leaves=15
num_cat=0
split_feature=2 4 4 4 9 0 2 10 13 6 13 15 1 8
split_gain=1849.35 178.956 175.9 48.3613 36.7093 35.66 33.4612 35.1979 26.7484 25.0011 22.217 22.0614 18.5947 17.3337
threshold=0.42018573237854079 -0.021664856754921021 -0.2800597962015719 -0.18337306213183005 0.53320542489726697 0.24416205359088342 0.56592003676005731 0.63036326287907596 0.20806627336424374 0.33090800055346975 0.29376149827717574 0.0016815408994138501 16.383912352972924 -0.12370677518587218
decision_type=2 2 2 2 2 10 2 2 10 10 10 2 2 2
left_child=2 4 -1 11 9 8 7 -3 -5 10 -2 -4 -6 -13
right_child=1 6 3 5 12 -7 -8 -9 -10 -11 -12 13 -14 -15
leaf_value=0.035286294384391577 0.020868684614775208 -0.026568241989884025 0.0075857713270015134 0.041911248065645397 0.00013763273952308678 0.025682916457853588 -0.032255582075771283 -0.0078415345559866637 0.00040997654406727652 0.0081472763776195677 -0.017105878016662645 0.029756180424778639 0.028608593908950271 0.016549119648155336
leaf_weight=692.89320150017738 14.499995261430739 364.61200624704361 84.780043691396713 14.683186158537863 155.51303517818451 73.488969817757607 676.58851597458124 120.08008325845003 290.65370662510395 46.041894234716892 316.98858080804348 226.22219860553741 23.80610528588295 147.91746857762337
leaf_count=2902 80 2921 345 63 815 326 5802 813 1346 271 2024 911 125 607
internal_value=0.00012296 -0.0212409 0.0241037 0.0148547 -0.00725904 0.00692129 -0.0279454 -0.0219288 0.00240571 -0.0125676 -0.0154448 0.0214036 0.00391739 0.0245347
internal_weight=3248.77 1718.13 1530.64 837.746 556.85 378.826 1161.28 484.692 305.337 377.53 331.489 458.92 179.319 374.14
internal_count=19351 12851 6500 3598 3315 1735 9536 3734 1409 2375 2104 1863 940 1518
is_linear=0
shrinkage=0.03


Tree=27
num_leaves=15
num_cat=1
split_feature=4 4 3 3 4 5 10 10 0 0 19 5 4 13
split_gain=1783.22 211.925 138.088 51.0912 40.5499 33.3366 29.9824 29.9695 23.1353 22.9735 23.6182 24.4057 18.2276 16.4846
threshold=-0.10967804412809322 -0.23209664590492532 -0.063392459203827287 -0.2040435953190666 0.014498577287036298 -0.5257321239107744 0.31647907222475863 0.63036326287907596 1.2993876769189603 0.045735170721879277 0 -0.18380155882099344 -0.063391544360200544 0.34311516054794738
decision_type=2 2 2 2 2 10 2 2 10 10 1 10 2 10
left_child=1 5 6 9 7 -1 -2 -4 12 10 -3 -12 -8 -5
right_child=2 3 4 13 -6 -7 8 -9 -10 -11 11 -13 -14 -15
leaf_value=0.03881251464203421 -0.020129336805696882 0.02608048177651363 -0.023572205560754591 0.03316167155203726 -0.030663254283585642 0.027087344540095294 0.005721166884941487 -0.0015647556033937559 0.039198144017147579 0.027893014649405287 0.012149421362228191 -0.010761350126825541 -0.0099648325797769208 -0.0014215190364266358
leaf_weight=371.65866419672966 120.34969945997 74.096791729331017 208.01184879243374 12.99843408167362 910.42034543305635 528.66225388646126 106.90288306772709 76.051886856555939 11.579683735966681 117.18632718920708 176.09676130115986 54.88935786485672 177.1680306866765 271.6495203524828
leaf_count=1596 812 307 1582 57 7935 2162 559 469 57 481 734 239 1047 1322
internal_value=-8.09689e-05 0.0222747 -0.0223916 0.00998087 -0.0275757 0.0319276 -0.007506 -0.0176802 -0.00236745 0.0166026 0.0122658 0.00642689 -0.0040618 0.000157721
internal_weight=3217.72 1607.24 1610.48 706.917 1194.48 900.321 416 284.064 295.651 422.269 305.083 230.986 284.071 284.648
internal_count=19359 6898 12461 3140 9986 3758 2475 2051 1663 1761 1280 973 1606 1379
cat_boundaries=0 1
cat_threshold=23
is_linear=0
shrinkage=0.03


Tree=28
num_leaves=15
num_cat=0
split_feature=4 3 3 3 4 0 4 0 13 8 9 15 5 13
split_gain=1641.53 201.604 143.797 48.8623 36.1694 28.4223 28.0558 26.5036 18.8821 17.5582 16.3826 16.1381 15.5892 17.5004
threshold=-0.10967804412809322 -0.2942818463812189 -0.063392459203827287 -0.50093993088181599 -0.0044816114492718375 1.2993876769189603 -0.17073168323312196 0.14941284360212706 0.92937025068064383 -0.12762214036891614 0.35505991354047844 0.0016815408994138501 -0.29740529444809022 2.1495771092361511
decision_type=2 2 2 2 2 10 2 10 10 2 2 2 10 10
left_child=1 3 5 -1 7 8 -3 -4 -2 -8 -10 -5 -13 -14
right_child=2 6 4 11 -6 -7 9 -9 10 -11 -12 12 13 -15
leaf_value=0.037690460143485802 0.0049916929948455998 0.01406694443663045 -0.020487798854933837 0.01414129297032677 -0.030036999403042306 0.037887932678475143 0.010097161592258236 0.010929585727796948 -0.019658359182622705 -0.0045631729843963733 -0.0058751901447070039 0.030980360768140258 0.025955928770376092 0.0045067214507984142
leaf_weight=406.49276170134544 78.088933393359184 326.7261992841959 195.7703063711524 117.96382474899292 942.40519196540117 12.392297014594076 124.08064438402653 27.569278478622437 130.34135722368956 180.45457650721073 191.84816639870405 274.55596332252026 107.96822027862072 50.130420476198196
leaf_count=1757 446 1346 1422 482 8352 60 565 175 879 914 1082 1135 437 203
internal_value=-0.00040989 0.0211214 -0.022077 0.0298014 -0.0274645 -0.00685808 0.00796097 -0.0166096 -0.00824338 0.00141007 -0.0114512 0.0239773 0.0266591 0.0191547
internal_weight=3166.79 1588.37 1578.42 957.111 1165.74 412.671 631.261 223.34 400.278 304.535 322.19 550.618 432.655 158.099
internal_count=19255 6839 12416 4014 9949 2467 2825 1597 2407 1479 1961 2257 1775 640
is_linear=0
shrinkage=0.03


Tree=29
num_leaves=15
num_cat=0
split_feature=4 4 3 3 4 0 10 0 6 5 4 10 5 3
split_gain=1586.74 178.612 159.679 46.5115 44.9339 32.317 30.7595 24.5554 22.233 27.3273 19.1676 17.8291 16.9407 16.654
threshold=-0.11928163160060816 -0.2800597962015719 -0.063392459203827287 -0.22343599928224836 0.014498577287036298 0.15790279789432141 0.26431759058816051 1.2993876769189603 0.1355434330338651 -0.27898754478329008 -0.063391544360200544 0.28095135131803789 -0.044257848706247098 -0.45087491205604635
decision_type=2 2 2 2 2 10 2 10 10 10 2 2 10 2
left_child=1 13 6 8 5 11 -2 10 9 -3 -8 -4 -7 -1
right_child=2 3 4 -5 -6 12 7 -9 -10 -11 -12 -13 -14 -15
leaf_value=0.036667830825751639 -0.021065809242342529 0.022704934328506145 -0.030952846463268027 0.0035803920989246197 -0.030312343120938706 0.050945487677071327 0.0039560311546793991 0.038643639573087009 0.025971046976573809 0.0053211795044596361 -0.010009845032959161 -0.014403563249116793 -0.00049106831652134754 0.026771772259432305
leaf_weight=443.7385211288929 97.4091617166996 149.92020618915558 93.52129141241312 320.53556196391582 862.26419598609209 7.0482900440692893 163.86408957839012 12.8417741805315 199.38569761812687 178.03642643988132 192.16585903614759 156.85323336720467 31.596225917339325 233.63458865880966
leaf_count=1937 666 608 758 1488 7863 44 856 61 809 740 1165 1116 211 965
internal_value=-0.000183211 0.0217688 -0.0208825 0.0125928 -0.026881 -0.016644 -0.00607155 -0.00211197 0.0180709 0.0132679 -0.003582 -0.0205851 0.00889033 0.0332546
internal_weight=3142.82 1525.25 1617.56 847.878 1151.28 289.019 466.281 368.872 527.342 327.957 356.03 250.375 38.6445 677.373
internal_count=19287 6547 12740 3645 9992 2129 2748 2082 2157 1348 2021 1874 255 2902
is_linear=0
shrinkage=0.03


Tree=30
num_leaves=15
num_cat=0
split_feature=4 4 2 10 3 0 3 6 13 3 4 17 15 13
split_gain=1525.41 165.254 157.084 61.7247 32.2146 29.8508 26.6354 22.6548 21.918 21.714 21.0502 14.9221 14.9108 14.2122
threshold=-0.11928163160060816 -0.25188348302653574 0.51003954736126422 0.28095135131803789 -0.22343599928224836 0.41610308987067329 -0.39875695702646546 0.11523292621028504 0.56416192490025352 -0.13106436434449073 -0.087384186705931829 15.844707778682443 0.039921124688646357 0.98061359716569607
decision_type=2 2 2 2 2 10 2 10 10 2 2 2 2 10
left_child=1 6 3 8 7 10 -1 11 -2 -4 -5 12 -3 -7
right_child=2 4 9 5 -6 13 -8 -9 -10 -11 -12 -13 -14 -15
leaf_value=0.033968530432944496 0.0091367111821624367 0.0082492901046207073 -0.0015406596722181624 0.0034640526972631439 0.003244471267328707 0.03499652987598028 0.022003731996081431 0.024519440518693699 -0.026780144481204051 -0.029907678183419814 -0.011509638771328741 -0.019393624419430041 0.025626846649809267 0.0050830706930404465
leaf_weight=559.08760096132755 16.643129624426365 196.17449201643467 24.971666738390923 118.76471501588821 305.28965273499489 20.87466424703598 239.04970182478428 169.67312732338905 188.27192938327789 884.43687465041876 292.84638475626707 14.221861541271208 57.45437054336071 45.347557604312897
leaf_count=2438 110 808 144 624 1423 112 980 689 1439 8184 1898 60 235 249
internal_value=-0.000370524 0.0209072 -0.020964 -0.0100886 0.0107236 -0.00418159 0.030385 0.0159423 -0.023863 -0.0291287 -0.00718919 0.0105091 0.0121858 0.0145124
internal_weight=3133.11 1540.95 1592.16 682.748 742.814 477.833 798.137 437.524 204.915 909.409 411.611 267.851 253.629 66.2222
internal_count=19393 6633 12760 4432 3215 2883 3418 1792 1549 8328 2522 1103 1043 361
is_linear=0
shrinkage=0.03


Tree=31
num_leaves=15
num_cat=0
split_feature=4 2 3 10 3 5 13 4 15 15 13 15 5 15
split_gain=1462.86 183.555 131.316 47.9542 37.4734 31.8752 27.0258 26.8224 21.5337 19.125 17.9496 16.3221 15.6221 15.6012
threshold=-0.10967804412809322 0.34961956657291821 -0.0092169445717508163 0.63636897880481014 -0.2040435953190666 -0.47744066112904404 1.2358800144317674 0.014498577287036298 0.0011500666793204503 0.001804033501574 0.95679498074468572 0.037536321526151155 -0.2211084075738782 0.013869717169443902
decision_type=2 2 2 2 2 10 10 2 2 2 10 2 10 2
left_child=1 5 3 6 9 -1 11 -4 -5 -3 -10 -2 -11 -6
right_child=2 4 7 8 13 -7 -8 -9 10 12 -12 -13 -14 -15
leaf_value=0.034914779193995368 -0.011867266840943642 0.00034860162804865185 -0.016870100122395149 -0.012985079216781497 -0.0048932485010107878 0.023461838286952912 -0.020867085100011701 -0.030338119586315524 0.035867834476585474 0.023070034303448311 0.0052061753132090806 0.01062576109036904 0.00968922426862809 0.0086030602346262829
leaf_weight=432.01404346525669 84.958559058606625 68.75318269431591 159.93686849623919 49.165575690567493 180.37541829049587 442.94867376983166 270.25507752597332 792.72441928833723 20.901873610913754 197.54876235127449 96.585565872490406 44.109750017523766 130.33526740968227 134.6127672046423
leaf_count=1923 576 285 1217 282 854 1827 1920 7583 114 809 552 283 560 648
internal_value=-0.000230887 0.0199143 -0.0212775 -0.00983227 0.00859965 0.0291167 -0.0154736 -0.0280771 0.00368507 0.0147346 0.0106611 -0.00418016 0.0177511 0.000874509
internal_weight=3105.23 1586.59 1518.64 565.976 711.625 874.963 399.323 952.661 166.653 396.637 117.487 129.068 327.884 314.988
internal_count=19433 6906 12527 3727 3156 3750 2779 8800 948 1654 666 859 1369 1502
is_linear=0
shrinkage=0.03


Tree=32
num_leaves=15
num_cat=1
split_feature=4 4 2 9 8 6 14 19 6 5 13 9 2 13
split_gain=1380.77 195.975 102.225 51.3942 38.7847 32.4849 21.7559 20.8842 34.2175 23.9238 17.7193 15.7659 25.4373 15.6229
threshold=-0.094880238156599003 -0.27487410585396277 0.51137358289944379 0.57195855697464049 -0.17466956087225408 0.24968420989030263 0.0075396338629919015 0 0.29648746444446245 -0.27898754478329008 0.34311516054794738 0.77459669679612986 0.61109913886546485 0.96521901945295274
decision_type=2 2 2 2 2 10 10 1 10 10 10 2 2 10
left_child=1 -1 3 5 6 10 -3 8 -6 -9 -2 -4 -13 -7
right_child=2 4 11 -5 7 13 -8 9 -10 -11 -12 12 -14 -15
leaf_value=0.030623127157694118 0.013594566541284346 -0.02165748287734828 -0.03075056128809546 0.0016704782147555185 -0.008255485107486988 0.017587890125774289 0.017061957829270353 0.02054993076923407 0.018274453898652728 0.0019494017559046136 -0.024072207375090669 -0.0068056619437001538 -0.030054092763316068 -0.01068943476424522
leaf_weight=678.23916119337082 11.688541002571581 13.45814438164234 682.55462849885225 168.58380772173405 197.78078047931194 26.906976945698261 442.11666798591614 111.08570082485676 56.183241441845894 141.5119029507041 293.01380155980587 70.97010713070631 105.06002192944288 50.75227927416563
leaf_count=2975 76 58 6618 966 950 177 1852 471 252 711 2225 581 1019 350
internal_value=-0.000438489 0.0182728 -0.0222143 -0.0121287 0.00956675 -0.0182128 0.0159181 0.00385463 -0.00229599 0.00974368 -0.0226273 -0.0286861 -0.020681 -0.000892054
internal_weight=3049.91 1640.38 1409.53 550.945 962.136 382.362 455.575 506.562 253.964 252.598 304.702 858.585 176.03 77.6593
internal_count=19281 7269 12012 3794 4294 2828 1910 2384 1202 1182 2301 8218 1600 527
cat_boundaries=0 1
cat_threshold=264
is_linear=0
shrinkage=0.03


Tree=33
num_leaves=15
num_cat=1
split_feature=3 2 5 10 3 13 2 6 5 9 13 5 19 6
split_gain=1324.51 205.763 110.509 38.6328 30.0247 26.0121 22.2691 24.2097 21.8324 20.4119 18.3898 17.4027 16.9243 16.8613
threshold=-0.19001039585822169 0.48779969439922871 -0.39425062972937647 0.26688861677119696 -0.2942818463812189 -0.42525647494924307 0.54115031562896732 1.0795340846812711 -0.15898614116534701 0.52064112762890924 0.93705000983645037 -0.26464041814685235 0 0.40085918153420425
decision_type=2 2 10 2 2 10 2 10 10 2 10 10 1 10
left_child=2 3 -1 5 13 -2 7 9 -5 -3 -10 -7 -6 -4
right_child=1 6 4 8 12 11 -8 -9 10 -11 -12 -13 -14 -15
leaf_value=0.030914870328633347 0.029629583352508947 -0.026933396270900592 0.016279729193416064 0.0049722368751659628 0.0027822000056037855 0.014201680500967297 -0.030279497666436703 0.028433900871245033 0.0081290262332010064 -0.0088200443496576977 -0.012073015859668133 -0.023449498870193815 0.015907095334801381 0.030747331336998102
leaf_weight=599.09518307447433 9.8033024817705137 200.85417173057795 324.17649652063847 246.35615853220224 251.69610393047333 11.922454327344893 684.7668571844697 8.8801412954926473 51.643955364823341 77.634785525500774 188.84202283620834 150.71596322208643 140.15329697728157 93.385610520839691
leaf_count=2668 51 1827 1346 1181 1135 55 6859 70 311 598 1182 1098 622 386
internal_value=-0.000164308 -0.0185641 0.0211475 -0.00562666 0.0139181 -0.0178288 -0.0273381 -0.020329 -0.0013046 -0.0218839 -0.00773466 -0.0206894 0.00795355 0.0195153
internal_weight=3039.93 1631.42 1408.51 659.284 809.412 172.442 972.136 287.369 486.842 278.489 240.486 162.638 391.849 417.562
internal_count=19389 13232 6157 3878 3489 1204 9354 2495 2674 2425 1493 1153 1757 1732
cat_boundaries=0 1
cat_threshold=900
is_linear=0
shrinkage=0.03


Tree=34
num_leaves=15
num_cat=1
split_feature=4 2 2 4 10 13 14 19 10 14 0 13 0 1
split_gain=1254.9 177.092 92.0099 51.6258 42.9671 27.9148 25.7777 30.4192 24.0039 21.7541 20.8047 19.311 16.0528 15.6021
threshold=-0.087384186705931829 0.37568278362025959 0.52600646071075463 -0.35464464190718953 0.61873596096557792 1.1640617590530569 0.005437845344492701 0 0.26431759058816051 0.45688129504937697 0.12079610081604954 1.5022337324831512 0.31717807249299618 16.529752801259715
decision_type=2 2 2 2 2 10 10 1 2 10 10 10 10 2
left_child=1 3 4 -1 5 -2 -3 11 -9 13 -11 -8 -6 -10
right_child=2 6 -4 -5 12 -7 7 8 9 10 -12 -13 -14 -15
leaf_value=0.032918193963828439 -0.0057464854801085275 -0.029667453472033374 -0.028490377031387897 0.019474628664763811 -0.0056850354807996741 -0.022738879785183682 0.037959803169829262 -0.010336964992675893 0.0074129936305390659 -0.0044747417077711949 0.023785687203061536 0.0073161733422556193 0.014811273936645903 0.025339367909125957
leaf_weight=421.15081456303596 123.23494347929955 19.226255595684052 746.32384669035673 659.94018049538136 119.1161447390914 295.99872975051403 44.07828701287508 101.17450057715178 143.49693584442139 182.76817228645086 26.894802466034889 31.905299216508865 48.350298881530762 62.827293694019318
leaf_count=1943 923 99 7549 2731 727 2367 192 562 664 857 125 147 266 298
internal_value=0.000271167 0.0174103 -0.0215022 0.0247117 -0.0126127 -0.0177439 0.00452015 0.00562831 0.00271602 0.00595599 -0.000849597 0.0221743 0.000232584 0.0128717
internal_weight=3026.49 1693.46 1333.02 1081.09 586.7 419.234 612.372 593.145 517.162 415.987 209.663 75.9836 167.466 206.324
internal_count=19450 7618 11832 4674 4283 3290 2944 2845 2506 1944 982 339 993 962
cat_boundaries=0 1
cat_threshold=19
is_linear=0
shrinkage=0.03


Tree=35
num_leaves=15
num_cat=1
split_feature=3 5 5 3 10 15 3 6 0 19 5 9 3 6
split_gain=1183.41 188.967 101.057 62.4037 31.9053 28.5193 24.9384 24.342 17.7507 17.1036 23.6931 16.9503 16.8705 15.5175
threshold=-0.19674558409160178 -0.15898614116534701 -0.40175630673745866 0.0031807142154502981 0.5043892643036415 0.0015080824792273503 -0.27584400469586867 0.38138232091362939 0.41610308987067329 0 -0.23669237885527125 1.0150988888484187 0.25657979587900631 0.091188125165327497
decision_type=2 8 10 2 2 2 2 10 10 1 10 2 2 10
left_child=2 9 -1 4 -3 7 13 -4 -6 10 -2 -5 -13 -7
right_child=1 3 5 11 8 6 -8 -9 -10 -11 -12 12 -14 -15
leaf_value=0.030031156029261954 0.028443725014785617 -0.019513643435072319 -0.0064793054164236129 -0.029651864056482218 -0.0069280446955636539 0.015446438681096712 0.0088132755606194942 0.023820063233458616 0.021662042739033747 -0.0022868037956606272 -0.0026631505422539921 -0.0041563710158488941 -0.027992778893983467 0.027379051643055877
leaf_weight=572.80653589963913 46.275189593434334 296.08565501123667 100.2990146279335 706.99770407378674 117.8698798418045 220.26547965407372 260.37753227353096 31.313561722636223 23.429665878415108 274.89395534992218 42.072695694863796 50.14879072457552 57.208019651472569 176.81968238949776
leaf_count=2606 211 2274 438 7247 769 915 1165 133 142 1463 247 419 590 738
internal_value=-0.000158361 -0.0175282 0.0204396 -0.0230563 -0.0139163 0.0134769 0.0160287 0.000729589 -0.00218736 0.00152157 0.0122442 -0.0279653 -0.0168583 0.02076
internal_weight=2976.86 1614.98 1361.88 1251.74 437.385 789.075 657.463 131.613 141.3 363.242 88.3479 814.355 107.357 397.085
internal_count=19357 13362 5995 11441 3185 3389 2818 571 911 1921 458 8256 1009 1653
cat_boundaries=0 1
cat_threshold=659
is_linear=0
shrinkage=0.03


Tree=36
num_leaves=15
num_cat=0
split_feature=3 4 4 10 13 2 3 0 15 6 17 10 6 6
split_gain=1125.29 184.206 96.0038 39.2412 29.7027 27.7248 26.9932 26.1673 25.6001 30.8095 28.5838 23.416 16.254 15.9882
threshold=-0.19001039585822169 -0.019365000450276556 -0.21717321730219438 0.26688861677119696 0.56416192490025352 0.53947714136468805 -0.50093993088181599 0.40335664724512749 0.0015080824792273503 0.053427950486814819 15.844707778682443 0.92919218111086188 0.69049292931010975 0.24968420989030263
decision_type=2 2 2 2 10 2 2 10 2 10 2 2 10 10
left_child=2 3 6 4 -2 7 -1 -3 -4 10 -10 -8 -5 -13
right_child=1 5 8 12 -6 -7 11 -9 9 -11 -12 13 -14 -15
leaf_value=0.03192871103811451 0.017277154258248956 -0.022057365405206652 -0.0056841494807320118 -0.0025026041241375872 -0.022502682947152061 -0.029676789760691873 0.025472483235400609 0.0044396291347209007 0.0078199262603267285 0.020908351453857003 -0.033612069111596588 0.0039442461789284417 0.018768004088567141 0.02389564186206708
leaf_weight=359.09410798549652 19.099616721272469 237.60923153907061 84.775761172175407 441.97310071438551 146.2374224960804 642.09335269778967 347.523886308074 39.057258300483227 226.55828288197517 203.49145276844501 16.047684386372566 96.388320580124855 34.884785793721676 57.841263964772224
leaf_count=1694 106 2163 384 2486 1083 6887 1477 300 997 887 73 405 180 243
internal_value=-0.000152373 -0.0176399 0.0194616 -0.0053132 -0.0179073 -0.0262559 0.0256492 -0.0183168 0.00942799 0.0122999 0.00507932 0.0211551 -0.000946542 0.0114267
internal_weight=2952.68 1560.95 1391.72 642.195 165.337 918.76 860.848 276.666 530.873 446.097 242.606 501.753 476.858 154.23
internal_count=19365 13205 6160 3855 1189 9350 3819 2463 2341 1957 1070 2125 2666 648
is_linear=0
shrinkage=0.03


Tree=37
num_leaves=15
num_cat=0
split_feature=2 2 3 3 2 10 10 13 6 15 13 9 10 3
split_gain=1066.57 218.371 64.867 55.7695 24.9749 27.837 23.6929 20.9607 20.5228 23.6376 19.3356 15.7965 15.0589 16.6561
threshold=0.45929156058853021 0.37158260429625606 -0.060246219843642639 -0.49243706786315639 0.56592003676005731 0.76278284679748054 0.25672797949908582 0.93705000983645037 0.29648746444446245 0.0016077564791259003 0.48611742219636894 0.53320542489726697 0.92919218111086188 -0.31339147901671177
decision_type=2 2 2 2 2 2 2 10 10 2 10 2 2 2
left_child=1 3 7 -1 5 -4 10 -2 9 -8 -3 -11 13 -5
right_child=2 6 4 12 -6 -7 8 -9 -10 11 -12 -13 -14 -15
leaf_value=0.032486399024004714 0.012354266864459413 0.018438481268179031 -0.024189058162256978 0.025466598746673005 -0.030580133817997398 -0.0033033079031901053 -0.01131223973890612 -0.012132851653511301 0.015118946570372627 0.00073114269434239722 -0.012841302927728646 0.013224206602921076 0.01108538633287828 0.013356310147557919
leaf_weight=382.35323575139046 39.473111733794212 20.669430628418922 343.21805174648762 281.51806408166885 520.27574244141579 68.975649103522301 96.536457300186157 154.99974080175161 137.16721384227276 251.85975850373507 127.48422531038523 142.69766789674759 196.35899311304092 160.48044155538082
leaf_count=1816 248 94 3330 1209 5765 544 462 1068 639 1264 768 658 822 656
internal_value=-4.28276e-05 0.0143049 -0.0229231 0.0234256 -0.0262101 -0.0206941 0.00231453 -0.00716258 0.00485943 0.00199385 -0.00847735 0.00524945 0.0179985 0.0210696
internal_weight=2924.07 1797.13 1126.94 1020.71 932.469 412.194 776.415 194.473 628.261 491.094 148.154 394.557 638.357 441.999
internal_count=19343 8388 10955 4503 9639 3874 3885 1316 3023 2384 862 1922 2687 1865
is_linear=0
shrinkage=0.03


Tree=38
num_leaves=15
num_cat=1
split_feature=4 3 3 4 4 0 19 6 14 5 5 10 0 13
split_gain=1039.82 142.174 110.674 40.6959 32.9408 34.4482 25.3952 24.4321 19.5422 19.3901 18.1434 17.3253 15.6806 14.9401
threshold=-0.10967804412809322 -0.39875695702646546 -0.063392459203827287 -0.18032746882489584 0.014498577287036298 0.20907133936376168 0 0.15597001004798219 0.011608509919202403 -0.46094952680929813 -0.0036265842922796328 0.49379195643129781 0.23826972395205262 0.29376149827717574
decision_type=2 2 2 2 2 10 1 10 10 10 10 2 10 10
left_child=1 9 7 -3 5 -4 8 13 -5 -1 -7 -11 -8 -2
right_child=2 3 4 6 -6 10 12 -9 -10 11 -12 -13 -14 -15
leaf_value=0.032510983980312221 0.024623449759062683 0.014760797288367256 -0.019529896563120219 -0.01086508029763239 -0.028294201704903169 0.058172600939204601 -0.0031069958648711829 0.0040062853482470667 0.029846998232372867 0.041316679208002194 0.0019132879140348624 0.017920264467495017 0.021257281036961641 -0.013030122517102281
leaf_weight=360.04440070688725 9.8608391880989057 545.44110564887524 226.72053861618042 13.503302469849585 705.17742981016636 6.903293743729594 316.4604118168354 139.16801291704178 49.547041997313499 33.356372609734535 20.41863751411438 195.07431182265282 25.704827934503555 248.05083182454109
leaf_count=1751 57 2262 1899 67 7842 47 1507 809 211 145 137 837 108 1628
internal_value=-0.000292046 0.0165845 -0.0194436 0.00941079 -0.0249574 -0.0156949 0.00220942 -0.00612416 0.0182356 0.0281734 0.016128 0.0213367 -0.0012404 -0.0115905
internal_weight=2895.43 1539.13 1356.3 950.657 959.22 254.042 405.216 397.08 63.0503 588.475 27.3219 228.431 342.165 257.912
internal_count=19307 6888 12419 4155 9925 2083 1893 2494 278 2733 184 982 1615 1685
cat_boundaries=0 1
cat_threshold=19
is_linear=0
shrinkage=0.03


Tree=39
num_leaves=15
num_cat=1
split_feature=2 2 5 9 3 5 6 16 19 3 15 2 3 7
split_gain=966.002 137.843 132.811 50.9192 31.4399 27.6166 27.0181 21.1913 18.5965 18.3981 18.2758 17.7294 15.2692 15.4033
threshold=0.42164591439907012 0.52600646071075463 -0.41556008699334795 0.57195855697464049 -0.27584400469586867 -0.18380155882099344 0.24512919152345239 11.274119788455563 0 -0.40605712405038979 0.0023292442771500007 0.61639977609858121 0.019021850268794663 15.856302314535235
decision_type=2 2 10 2 2 10 10 2 1 2 2 2 2 2
left_child=2 3 9 5 10 -2 -7 11 -8 -1 -4 -3 13 -5
right_child=1 7 4 12 -6 6 8 -9 -10 -11 -12 -13 -14 -15
leaf_value=0.032258117386297969 -0.00042916042686416635 0.012348211157586223 0.0052901787314312615 0.0036894510187451845 0.0046150686457556312 -0.02118278548059635 -0.011753338319792641 -0.0287962456776274 0.014445374334295458 0.019920334081282107 0.01894133361771589 -0.025712168472022366 -0.0094959496289057452 0.026863425931529704
leaf_weight=403.75374458730221 111.49661195278168 21.366100616753101 116.18469485640526 129.03422662615776 445.75289606302977 324.95587723702192 53.403441719710827 619.6080017387867 29.879669897258282 148.89192758500576 367.27865134179592 22.737169310450554 59.129671923816204 32.269618503749371
leaf_count=1977 626 191 482 695 2000 2736 406 7042 221 639 1538 249 405 184
internal_value=0.000393904 -0.0174389 0.0172883 -0.00853724 0.010362 -0.0136617 -0.0172757 -0.0273661 -0.00203073 0.0289341 0.0156607 -0.00727358 0.00354504 0.00832552
internal_weight=2885.74 1403.88 1481.86 740.169 929.216 519.736 408.239 663.711 83.2831 552.646 483.463 44.1033 220.434 161.304
internal_count=19391 12755 6636 5273 4020 3989 3363 7482 627 2616 2020 440 1284 879
cat_boundaries=0 1
cat_threshold=786
is_linear=0
shrinkage=0.03


Tree=40
num_leaves=15
num_cat=1
split_feature=4 4 2 9 8 5 6 15 19 5 9 6 9 14
split_gain=954.727 146.375 83.4564 50.3463 26.1139 25.9293 22.1605 32.9982 21.8435 18.8109 19.9837 17.6532 16.9305 16.7699
threshold=-0.087384186705931829 -0.25188348302653574 0.54115031562896732 0.72550624523848384 -0.27344706942637564 -0.5257321239107744 0.24968420989030263 0.23489667470418674 0 -0.30766015734381014 0.49212201405210121 -0.054550171732186174 0.36585295906719978 0.014498855808880901
decision_type=2 2 2 2 2 10 10 2 1 10 2 10 2 10
left_child=1 5 3 6 11 -1 -2 -8 13 12 -11 -3 -10 -6
right_child=2 4 -4 -5 8 -7 7 -9 9 10 -12 -13 -14 -15
leaf_value=0.031216778955693025 -0.020809294315366478 0.004772082477773232 -0.028563307704224689 0.0030665465203013977 -0.0027959011998698875 0.019748807342949825 -0.0095921972784019077 0.058675525478891793 0.024500796572381175 -0.0075113483066452874 0.0064695043372467852 0.019946612952710462 0.0023379039754405041 0.026419025673502853
leaf_weight=322.5342770665884 372.0531712025404 111.43998907506466 588.07707118988037 139.87769654393196 24.610236153006554 394.45311053097248 94.850024491548538 6.8313328400254241 49.520037651062012 253.2545619904995 144.52116921544075 181.16716757416725 83.041508421301842 62.825819194316864
leaf_count=1605 3259 469 6865 846 129 1732 730 48 205 1325 670 756 353 270
internal_value=-0.00020664 0.0147693 -0.0204875 -0.0127478 0.00678462 0.0249076 -0.0174172 -0.00500572 0.00328779 0.000814529 -0.00243178 0.0141674 0.0106171 0.0163285
internal_weight=2829.06 1627.37 1201.69 613.612 910.38 716.987 473.735 101.681 617.773 530.337 397.776 292.607 132.562 87.4361
internal_count=19262 7514 11748 4883 4177 3337 4037 778 2952 2553 1995 1225 558 399
cat_boundaries=0 1
cat_threshold=19
is_linear=0
shrinkage=0.03


Tree=41
num_leaves=15
num_cat=1
split_feature=4 3 3 4 2 10 6 0 15 9 19 0 4 10
split_gain=924.887 146.285 87.218 42.0185 28.4194 33.2202 26.9703 25.9929 21.1954 19.8276 18.8212 17.2716 16.7199 15.7706
threshold=-0.087384186705931829 -0.39875695702646546 -0.063392459203827287 -0.17073168323312196 0.55952611836025079 0.63036326287907596 0.31696050510867085 0.66553870665218251 0.0042426843894293508 0.53320542489726697 0 -0.14624977562314354 -0.36288160219280108 0.49379195643129781
decision_type=2 2 2 2 2 2 10 10 2 2 1 10 2 2
left_child=1 12 7 8 5 -4 9 10 11 -5 -2 -3 -1 -14
right_child=2 3 4 6 -6 -7 -8 -9 -10 -11 -12 -13 13 -15
leaf_value=0.031469856068235519 0.0056538903939704578 -0.00067748602651664526 -0.023630483875988099 -0.0066221785202782261 -0.029688697012285912 -0.0029064051806334304 0.016863217597486869 0.023284262221974071 0.017622686426690157 0.0082044688044760131 -0.012698361787997582 0.01755412775180995 0.038271823525205494 0.017749175519960438
leaf_weight=323.16847556829453 62.224678881466389 134.17423389852047 302.86187449842691 262.5488039329648 491.22986920177937 90.39005035161972 82.733891345560551 24.740954287350178 380.90558649599552 117.50674553215504 213.66870209574699 71.785777121782303 40.273395791649818 206.45585586130619
leaf_count=1648 398 563 3121 1398 5971 712 383 127 1593 554 1451 296 181 898
internal_value=6.76545e-06 0.0147437 -0.0201324 0.00810019 -0.0248772 -0.018867 0.00134099 -0.00617295 0.0134304 -0.00203803 -0.00881455 0.005677 0.02698 0.0210991
internal_weight=2804.67 1619.55 1185.12 1049.66 884.482 393.252 462.789 300.634 586.866 380.056 275.893 205.96 569.898 246.729
internal_count=19294 7514 11780 4787 9804 3833 2335 1976 2452 1952 1849 859 2727 1079
cat_boundaries=0 1
cat_threshold=54
is_linear=0
shrinkage=0.03


Tree=42
num_leaves=15
num_cat=0
split_feature=3 4 5 4 9 4 13 0 6 4 15 13 13 10
split_gain=866.367 147.046 93.7589 31.7713 36.1862 26.6226 22.8783 21.3682 20.5431 18.5867 18.127 17.8497 17.7533 20.8155
threshold=-0.17928359782861722 -0.05635270814358561 -0.39425062972937647 0.16444894842391314 0.70740850007970468 -0.18337306213183005 0.93705000983645037 0.29624458149865412 0.040671451123348808 -0.18032746882489584 0.10894801161227781 0.29376149827717574 1.2995101707887839 0.25672797949908582
decision_type=2 2 10 2 2 2 10 10 10 2 2 10 10 2
left_child=2 9 -1 4 6 -4 10 -6 11 -2 -3 -7 -11 -14
right_child=1 3 5 -5 7 8 -8 -9 -10 12 -12 -13 13 -15
leaf_value=0.026249629853801498 0.010130912361639684 -0.015506893912795826 0.015716546787313643 -0.030218785589149793 -0.010849131301530965 0.030583901637607991 -0.025745485900746334 0.020219762681741017 0.011760112981484031 0.0029283352299361832 0.018327159828406814 -0.0038810670091699623 -0.025488356609904294 -0.0048046313362424646
leaf_weight=562.19933167099953 87.05310994386673 78.222239695489407 427.84057599306107 364.51121027767658 80.720876149833202 14.522872388362883 382.84401521086693 26.452018730342388 208.64561332762241 140.40818550437689 17.426441736519337 196.71747396886349 61.754710748791695 150.52644446492195
leaf_count=2736 358 786 1785 4524 705 62 4045 190 948 803 164 934 466 859
internal_value=0.000180665 -0.016627 0.0167499 -0.0232652 -0.0189374 0.0104498 -0.0224666 -0.00318082 0.00508326 -0.00228352 -0.00934259 -0.00151158 -0.00534773 -0.0108217
internal_weight=2799.85 1389.92 1409.93 950.177 585.666 847.727 478.493 107.173 419.886 439.742 95.6487 211.24 352.689 212.281
internal_count=19365 12900 6465 10414 5890 3729 4995 895 1944 2486 950 996 2128 1325
is_linear=0
shrinkage=0.03


Tree=43
num_leaves=15
num_cat=1
split_feature=2 2 2 5 10 5 10 15 14 10 6 19 0 0
split_gain=830.812 156.188 56.1541 35.9348 32.6695 26.0783 33.7275 22.258 23.8356 20.5853 19.3694 17.8769 16.6178 15.2634
threshold=0.45929156058853021 0.34961956657291821 0.54115031562896732 -0.49571085981146873 0.28095135131803789 -0.22474764885684598 0.32757124351019795 0.0044215271319440006 0.010499019598694403 0.16246042806854963 1.0795340846812711 0 -0.093662985524334205 0.40335664724512749
decision_type=2 2 2 10 2 10 2 2 10 2 10 1 10 10
left_child=1 3 4 -1 -2 7 -7 12 -9 -10 11 13 -3 -6
right_child=2 5 -4 -5 10 6 -8 8 9 -11 -12 -13 -14 -15
leaf_value=0.029564118281575975 -0.025783554769932927 -0.0046937614135100581 -0.027911826102165648 0.01676461630389401 -0.00092275519240600751 -0.0117022562841241 0.0048835513263167235 -0.018030244589240008 -0.021653427729405116 0.019220601360360603 0.029510923954676388 -0.01371051343203296 0.020880193626903781 0.044785505469989224
leaf_weight=353.22364960610867 141.74360907077789 114.22858983278275 551.50372467935085 447.52747857570648 69.962132856249809 155.98030500113964 377.1598017886281 18.333120256662369 11.613753765821455 245.58812445402145 11.621446304023264 235.62605363130569 28.591293543577194 7.2571631073951712
leaf_count=1816 1466 487 6880 1953 559 991 1842 81 54 1046 82 1911 120 51
internal_value=0.00012589 0.0126472 -0.0214327 0.0224107 -0.0137682 0.00443062 3.1057e-05 0.0100373 0.0150192 0.017375 -0.00851934 -0.00993207 0.000425921 0.00298624
internal_weight=2769.96 1752.25 1017.71 800.751 466.21 951.495 533.14 418.355 275.535 257.202 324.467 312.845 142.82 77.2193
internal_count=19339 8390 10949 3769 4069 4621 2833 1788 1181 1100 2603 2521 607 610
cat_boundaries=0 1
cat_threshold=182
is_linear=0
shrinkage=0.03


Tree=44
num_leaves=15
num_cat=1
split_feature=3 4 5 2 10 10 6 19 5 18 0 18 17 2
split_gain=775.688 158.032 92.328 34.9981 31.9833 23.0931 21.9681 27.9685 18.57 24.862 16.197 16.1283 17.9331 15.1949
threshold=-0.19001039585822169 -0.063391544360200544 -0.40175630673745866 0.55769243495216692 0.45597181092289102 0.27233900080947904 0.27272835725847105 0 -0.24162756574232094 12.940478983242034 0.18466233956966008 12.554469372954557 12.004025987747942 0.22251648221780598
decision_type=2 2 10 2 2 2 10 1 10 2 10 2 2 2
left_child=2 5 13 4 -3 -2 7 8 -4 -10 -6 -9 -13 -1
right_child=1 3 6 -5 10 -7 -8 11 9 -11 -12 12 -14 -15
leaf_value=0.032192958856981743 -0.013625329592761257 -0.023235791388124923 0.025255553203910173 -0.02867205812401737 -0.013997915555629145 0.002348232465506141 0.017765046110542217 -0.0076984734498240269 0.020654758385459573 -0.0087373173012136457 0.0046743023757417432 0.040087563741395438 0.0039283953798088453 0.021722366566503077
leaf_weight=202.05368994176388 106.35763611644506 295.92382124811411 100.07292231917381 474.20326519012451 115.21394201368093 347.90122874081135 217.19584886729717 116.26324664056301 56.438095793128014 47.869912952184677 65.625781178474426 12.962700739502905 258.67825599014759 325.9832806289196
leaf_count=1084 734 3046 419 6143 984 1785 938 516 246 218 498 58 1140 1555
internal_value=-0.000383063 -0.0159481 0.0159699 -0.0229013 -0.0171616 -0.00139173 0.00960385 0.00661108 0.0152759 0.0071659 -0.00722187 0.0016104 0.00565391 0.0257289
internal_weight=2742.74 1405.23 1337.52 950.967 476.764 454.259 809.481 592.285 204.381 104.308 180.84 387.904 271.641 528.037
internal_count=19364 13190 6174 10671 4528 2519 3535 2597 883 464 1482 1714 1198 2639
cat_boundaries=0 1
cat_threshold=535
is_linear=0
shrinkage=0.03


Tree=45
num_leaves=15
num_cat=1
split_feature=2 2 2 3 6 10 10 19 14 10 6 3 15 9
split_gain=712.631 164.65 50.4267 44.0148 33.5679 23.8613 21.1633 17.8909 24.6517 15.2796 14.8204 14.5384 14.2489 20.1247
threshold=0.46615365165247874 0.37568278362025959 0.56381988011120454 -0.50093993088181599 0.83581201242931991 0.28095135131803789 0.16246042806854963 0 0.0042355090558023516 0.28301434458189761 0.29648746444446245 -0.19001039585822169 0.0014672137029364503 0.52064112762890924
decision_type=2 2 2 2 10 2 2 1 10 2 10 2 2 2
left_child=1 3 4 -1 5 -2 -3 8 -8 -5 12 -7 -9 -14
right_child=2 6 -4 9 -6 11 7 10 -10 -11 -12 -13 13 -15
leaf_value=0.02806442777466344 -0.026429219861457295 -0.021054497842558834 -0.02868040100024806 0.03197610997300665 0.020539197733338267 0.0075336272716722691 -0.027047428128733175 -0.013571810438506651 0.015087477927051014 0.013434077152038459 0.0088818217027318864 -0.013961088664876645 -0.0049557334138946732 0.0099342124106043192
leaf_weight=327.75841434299946 147.65209271013737 38.28548376262188 449.04190052300692 42.751234710216522 23.140666663646698 31.493410900235176 13.729714766144751 92.11571216583252 139.18686231225729 621.09997853636742 118.48964253813028 281.0750115737319 269.53142877668142 117.22290485352278
leaf_count=1728 1678 274 5932 186 188 171 73 451 653 2698 576 2643 1525 555
internal_value=-0.000195297 0.0109331 -0.021442 0.0190693 -0.0147176 -0.0164903 0.000701989 0.00181219 0.0106105 0.0146282 -0.000607518 -0.0117953 -0.00296821 -0.000442681
internal_weight=2712.57 1780.17 932.403 991.61 483.361 460.221 788.562 750.276 152.917 663.851 597.36 312.568 478.87 386.754
internal_count=19331 8719 10612 4612 4680 4492 4107 3833 726 2884 3107 2814 2531 2080
cat_boundaries=0 1
cat_threshold=23
is_linear=0
shrinkage=0.03


Tree=46
num_leaves=15
num_cat=1
split_feature=4 5 2 10 6 19 14 4 10 2 10 13 0 9
split_gain=718.215 109.355 83.5757 45.3218 31.1758 28.6368 33.5804 24.5654 19.9522 17.2469 23.2588 16.4196 16.3119 14.4342
threshold=-0.087384186705931829 -0.39425062972937647 0.52600646071075463 0.31647907222475863 0.37273337303625848 0 0.009070872135837852 -0.18337306213183005 0.31647907222475863 0.26042582944384213 0.6540718115120141 1.2358800144317674 0.31717807249299618 1.497888496387856
decision_type=2 10 2 2 10 1 10 2 2 2 2 10 10 2
left_child=1 9 3 -2 5 6 -3 -7 -9 -1 -11 -6 -5 -4
right_child=2 4 13 12 11 7 -8 8 -10 10 -12 -13 -14 -15
leaf_value=0.028783988623541808 -0.022075584838288757 -0.01620458268052995 -0.028125813838261862 -0.0072286466307745446 0.028793354531600118 0.0082736609957982585 0.021082963590291735 -0.014154808149888945 0.001134244015495749 0.02715746773036894 0.0099446783976294886 0.010730319041928456 0.0078729690249654746 -0.012735525645266159
leaf_weight=286.44652031362057 178.77462986111641 25.242453522980213 507.00948086380959 256.73630970716476 78.802067846059799 300.51840035617352 156.53054289519787 107.46629638969898 269.37968720495701 137.9199311286211 144.86069379746914 106.51010470837355 85.913728445768356 61.498224310576916
leaf_count=1562 1785 130 6737 1902 344 1255 677 635 1279 648 650 464 517 720
internal_value=0.000309088 0.0130168 -0.0185051 -0.00983079 0.00725139 0.00484422 0.0150756 0.00184875 -0.00322578 0.0235955 0.0183398 0.0184114 -0.00344217 -0.026461
internal_weight=2703.61 1613.68 1089.93 521.425 1044.45 859.137 181.773 677.364 376.846 569.227 282.781 185.312 342.65 568.508
internal_count=19305 7644 11661 4204 4784 3976 807 3169 1914 2860 1298 808 2419 7457
cat_boundaries=0 1
cat_threshold=23
is_linear=0
shrinkage=0.03


Tree=47
num_leaves=15
num_cat=0
split_feature=4 3 3 4 9 5 9 5 14 0 5 0 0 3
split_gain=684.943 116.079 62.0107 29.1584 34.8178 26.0206 21.3589 18.2173 19.1649 18.2485 18.0173 17.6762 16.4482 15.8334
threshold=-0.085022469747887949 -0.3353312029181712 -0.053989310684344087 0.16444894842391314 0.79572961275403675 -0.5257321239107744 0.34931148349064955 -0.33477465211158147 0.12399021643493872 0.049399109439870033 -0.2211084075738782 1.2993876769189603 0.20907133936376168 -0.2040435953190666
decision_type=2 2 2 2 2 10 2 10 10 10 10 10 10 2
left_child=1 5 6 4 -4 -1 -2 -3 13 10 -10 -8 -6 -9
right_child=2 7 3 -5 12 -7 11 8 9 -11 -12 -13 -14 -15
leaf_value=0.028203425364946095 -0.018915706751562036 0.011982340348729253 -0.022455736236119406 -0.030635283359979709 -0.0091381064830309052 0.016357512627384444 -0.0040330129057281269 0.016208854813868655 0.0014784145423430374 0.0096073792303514056 -0.012810495997171115 0.038657510342835676 0.021986507823598959 0.0011987554692766726
leaf_weight=267.97685199975967 102.39779186993837 223.25055776536465 376.61515722423792 320.26035414636135 50.768372155725956 442.39854584634304 193.98269724100828 124.52518221735954 166.29155571758747 95.482082694768906 152.03045326471329 9.1403770968317968 21.86118545383215 128.53109910339117
leaf_count=1483 847 940 4472 4501 470 1999 1221 526 762 431 816 44 171 674
internal_value=-0.000657847 0.0117824 -0.0191787 -0.0237188 -0.0187881 0.0208262 -0.00774388 0.00456476 0.00208152 -0.0018956 -0.00534596 -0.00211197 0.000230269 0.008585
internal_weight=2675.51 1600.49 1075.03 769.505 449.245 710.375 305.521 890.111 666.86 413.804 318.322 203.123 72.6296 253.056
internal_count=19357 7631 11726 9614 5113 3482 2112 4149 3209 2009 1578 1265 641 1200
is_linear=0
shrinkage=0.03


Tree=48
num_leaves=15
num_cat=1
split_feature=4 3 3 9 3 4 4 0 15 9 13 19 9 17
split_gain=660.292 124.445 74.3014 27.8465 26.6971 25.6503 22.4032 19.1201 18.9068 15.5447 15.0882 15.0185 11.9809 11.7185
threshold=-0.087384186705931829 -0.39875695702646546 0.0031807142154502981 0.34931148349064955 -0.23496726404432275 0.014498577287036298 -0.36288160219280108 1.2993876769189603 0.0023786143829228005 1.9445401304924426 0.84320146941972907 0 0.9898036915816435 13.501989796775279
decision_type=2 2 2 2 2 2 2 10 2 2 10 1 2 2
left_child=1 6 3 10 8 -4 -1 11 9 -3 13 -5 -8 -2
right_child=2 4 5 7 -6 -7 12 -9 -10 -11 -12 -13 -14 -15
leaf_value=0.029341630735361814 -0.014556283183413683 -0.0082998186366066602 -0.01147540729764401 -0.0079408350795202257 0.0012285354779939975 -0.027666985737799011 0.022366848213204289 0.040326128705663905 0.01386426935370187 0.013673523963989411 -0.022093453445242797 0.0087189869462623772 0.0084317684919094707 0.023782779903433176
leaf_weight=298.41353522241116 17.184079356491569 73.317065671086311 105.56339809298515 190.16930567473173 517.14894246309996 530.92607972025871 142.44027483463287 9.0375983566045743 411.56642504036427 47.910425662994385 144.2851145118475 56.331122376024723 91.005269512534142 12.318777211010454
leaf_count=1678 132 311 999 1338 2544 7382 656 45 1761 204 1399 369 404 93
internal_value=-0.000224708 0.0120731 -0.0184761 -0.00883161 0.00608413 -0.0249816 0.0238958 -0.00253082 0.0107971 0.000384286 -0.0180963 -0.00410211 0.0169345 0.00145201
internal_weight=2647.62 1581.8 1065.82 429.326 1049.94 636.489 531.859 255.538 532.794 121.227 173.788 246.5 233.446 29.5029
internal_count=19315 7558 11757 3376 4820 8381 2738 1752 2276 515 1624 1707 1060 225
cat_boundaries=0 1
cat_threshold=793
is_linear=0
shrinkage=0.03


Tree=49
num_leaves=15
num_cat=0
split_feature=4 3 3 3 5 0 4 10 13 10 6 5 1 6
split_gain=614.309 147.079 55.2722 27.6506 24.5312 21.6102 21.5872 31.5676 20.8704 20.0055 19.6797 19.1462 18.21 17.9366
threshold=-0.05635270814358561 -0.3353312029181712 -0.063392459203827287 -0.50093993088181599 -0.2211084075738782 0.23253435569015304 0.16444894842391314 0.75315196234427184 2.2003520237417966 0.94848888725749314 -0.46303301614014952 -0.29347214909203045 14.042667474850655 0.86883638451504719
decision_type=2 2 2 2 10 10 2 2 10 2 10 10 2 10
left_child=1 3 13 -1 8 12 7 -4 -3 11 -9 -5 -6 -2
right_child=2 4 6 9 5 -7 -8 10 -10 -11 -12 -13 -14 -15
leaf_value=0.027474420670540029 -0.008361580074290326 0.0048330428864157117 -0.023223580592377915 0.025701273087654509 0.021676317812203791 0.015456826170703842 -0.029701033736590443 0.049338942193007357 0.02014885374016679 0.0056038075047026032 -0.0065582813953982732 0.0089296917924288188 -0.0054716924995352112 0.02431268976273309
leaf_weight=323.392587646842 177.66450031101704 422.09020791202784 335.39827647060156 185.05563779175282 23.533450223505497 58.561828084290028 303.46986233443022 6.137378364801406 98.821473851799965 122.91370691359043 74.224824815988541 91.574420914053917 403.66658045351505 16.527275137603283
leaf_count=1788 1267 1860 4196 888 118 268 4478 68 443 546 734 385 2305 87
internal_value=0.000119241 0.0106298 -0.019783 0.020953 0.00321622 -0.00163339 -0.0236176 -0.0191772 0.00773859 0.0156746 -0.00228933 0.0201493 -0.00397617 -0.00558074
internal_weight=2643.03 1729.61 913.422 722.936 1006.67 485.762 719.23 415.76 520.912 399.544 80.3622 276.63 427.2 194.192
internal_count=19431 8601 10830 3607 4994 2691 9476 4998 2303 1819 802 1273 2423 1354
is_linear=0
shrinkage=0.03


Tree=50
num_leaves=15
num_cat=2
split_feature=3 4 2 5 9 13 18 19 6 1 15 3 19 6
split_gain=570.952 124.973 72.3121 35.8736 25.4914 24.9079 22.3084 20.9875 19.232 19.0564 15.2713 17.7822 15.0852 28.3795
threshold=-0.098860727212199559 -0.20632589513072444 0.52600646071075463 -0.5257321239107744 0.54171534661453224 1.1192202320542519 15.582584206609656 0 0.040671451123348808 16.482010210407818 0.0016077564791259003 -0.2040435953190666 1 0.056763207491622787
decision_type=2 2 2 10 2 10 2 1 10 2 2 2 1 10
left_child=1 3 4 -1 -2 7 10 -3 -9 12 -7 -12 -5 -14
right_child=2 5 -4 9 -6 6 -8 8 -10 -11 11 -13 13 -15
leaf_value=0.027446800457104202 -0.015187338277218168 0.025060197903230972 -0.02643384195019376 0.018778503091926604 -0.00010234644098689456 -0.011997661606251356 -0.018397138340517628 -0.0054407387882543208 0.013810398560881896 0.023289587539002916 0.0085741716567629533 -0.0038044372865304156 -0.0036848032314150065 0.015380537768517907
leaf_weight=276.25459486246109 280.07906990498304 53.486261315643787 502.98736969381571 143.37229280173779 157.52357205748558 72.874653726816177 62.109110854566097 90.56369311362505 96.437101699411869 155.89021095633507 226.97751331329346 193.4691821411252 132.51980756223202 149.58505097031593
leaf_count=1577 2702 239 7314 648 977 364 370 447 465 704 995 1155 587 667
internal_value=-1.42724e-05 0.0106007 -0.0186752 0.018546 -0.0097572 0.00203944 -0.00145266 0.0101048 0.00425938 0.0143164 0.000680646 0.00287814 0.0110288 0.00620458
internal_weight=2594.13 1653.54 940.59 857.622 437.603 795.918 555.43 240.487 187.001 581.367 493.321 420.447 425.477 282.105
internal_count=19211 8218 10993 4183 3679 4035 2884 1151 912 2606 2514 2150 1902 1254
cat_boundaries=0 1 2
cat_threshold=83 551
is_linear=0
shrinkage=0.03


Tree=51
num_leaves=15
num_cat=1
split_feature=4 5 2 9 3 3 13 9 19 7 14 15 5 13
split_gain=556.849 123.522 51.149 38.3035 31.969 16.6964 15.2353 13.9935 13.039 16.3722 16.2185 28.4398 15.8977 12.0253
threshold=-0.05635270814358561 -0.41556008699334795 0.56592003676005731 0.53716660158860907 -0.28509163716932201 -0.45087491205604635 0.34311516054794738 0.32692550350261335 0 18.593515134928076 0.013420771498146602 0.042007317715697406 -0.09509971002583005 2.1156314683294095
decision_type=2 10 2 2 2 2 10 2 1 2 10 2 10 10
left_child=1 5 3 6 -3 -1 -2 -7 10 -10 -6 13 -13 -12
right_child=2 4 -4 -5 8 7 -8 -9 9 -11 11 12 -14 -15
leaf_value=0.026851065209966378 0.0086120359748157859 0.010902809115592313 -0.028116758135478342 -0.0022648753668597552 -0.012223708380082987 0.033189989058958244 -0.021246046022280335 0.011497169557864537 -0.00017900771783589363 -0.020948082742616357 -0.01632561008037672 0.030422594083877878 -0.0078431338293709872 0.0084035606237784291
leaf_weight=296.97517889738083 16.207781314849854 441.10593709349632 382.82977388799191 175.72658484429121 29.871331818401814 32.527622118592262 301.30441138148308 151.01769588887691 548.0724439099431 36.430409587919712 29.098235361278057 65.632901526987553 11.480666406452654 45.171954549849033
leaf_count=1726 150 1912 5810 1332 171 160 3436 697 2809 256 146 312 66 218
internal_value=-0.000483634 0.00959124 -0.0198887 -0.0135025 0.00446955 0.0224547 -0.0197219 0.0153415 0.000763744 -0.0014487 0.0075611 0.0119645 0.0247256 -0.00128505
internal_weight=2563.45 1687.38 876.069 493.239 1206.86 480.52 317.512 183.545 765.758 584.503 181.255 151.384 77.1136 74.2702
internal_count=19201 8473 10728 4918 5890 2583 3586 857 3978 3065 913 742 378 364
cat_boundaries=0 1
cat_threshold=51
is_linear=0
shrinkage=0.03


Tree=52
num_leaves=15
num_cat=0
split_feature=4 4 2 9 3 6 1 16 7 15 10 6 4 0
split_gain=533.768 123.456 57.0135 37.9431 30.55 18.2907 15.0969 16.2171 15.3586 14.8747 14.7394 14.7043 13.8334 13.1714
threshold=-0.063391544360200544 -0.2800597962015719 0.56381988011120454 0.37459386336090411 -0.22343599928224836 0.83581201242931991 16.435538936180929 12.926330176793952 15.510027761332381 0.0015429557096593002 0.29161580752580935 0.17804169568763742 -0.42916417363402926 -0.54553911895539497
decision_type=2 2 2 2 2 10 2 2 2 2 2 10 2 10
left_child=1 6 3 11 9 -5 7 12 -9 -3 -6 -2 -1 -12
right_child=2 4 -4 5 10 -7 -8 8 -10 -11 13 -13 -14 -15
leaf_value=0.027703500978944019 -0.024953608444276985 -0.0014227198352622969 -0.02745257395937405 -0.0067887501823298193 -0.0088334591381320875 0.021395591307265434 0.031050579338714378 -0.02141479493438099 0.015177771059938767 0.011259021583936834 -0.026064960994851009 -0.0077469932476768267 0.016182206339084935 0.0032781027454303613
leaf_weight=160.73873995244503 183.80489188432693 100.66759189963341 383.61772854626179 247.65379677712917 149.87661967426538 22.615602992475033 119.56944079697132 16.217615097761154 28.401857137680054 480.82554414868355 14.284502081573008 59.062078922986984 225.19899287819862 380.58065310865641
leaf_count=966 2220 424 5952 2096 965 147 651 77 142 2047 67 621 1111 1911
internal_value=-2.22974e-05 0.00997127 -0.0187039 -0.0121635 0.00428128 -0.00443034 0.02162 0.019001 0.00187766 0.00906357 -0.000823641 -0.0207692 0.0209807 0.0022166
internal_weight=2573.12 1676.36 896.754 513.136 1126.23 270.269 550.127 430.557 44.6195 581.493 544.742 242.867 385.938 394.865
internal_count=19397 8361 11036 5084 5414 2243 2947 2296 219 2471 2943 2841 2077 1978
is_linear=0
shrinkage=0.03


Tree=53
num_leaves=15
num_cat=1
split_feature=2 4 2 10 3 6 10 4 13 19 6 9 5 9
split_gain=536.567 99.4675 55.4317 42.7147 35.2372 19.4961 17.3048 18.495 15.6163 15.5 26.6884 16.4542 14.4399 13.4646
threshold=0.45929156058853021 -0.29405905737951021 0.56592003676005731 0.45597181092289102 -0.27584400469586867 0.83581201242931991 0.92919218111086188 -0.47510833649677953 1.1711391361284702 0 0.040671451123348808 0.69890848543371875 -0.18380155882099344 0.26550936235802641
decision_type=2 2 2 2 2 10 2 2 10 1 10 2 10 2
left_child=1 6 3 -2 -3 -5 -1 -8 9 -6 11 -11 -10 -14
right_child=2 4 -4 5 8 -7 7 -9 12 10 -12 -13 13 -15
leaf_value=0.027893163640005065 -0.02030281484615775 0.012318214658459732 -0.027675150724324266 -0.0050813889824869495 0.020805981792028139 0.029351351238025056 0.026063809117843249 0.0098951219497508663 0.0032766669868248021 -0.016523856347044036 0.013992434432204786 0.011298273866071204 -0.017327054685034707 -0.0018899254592802507
leaf_weight=220.57771001756191 272.81928038597107 439.64115159213543 368.44573556631804 208.88919088244438 52.762305848300457 15.927937768399714 107.68568684160709 155.78119657933712 275.679060138762 65.445414029061794 99.549484893679619 27.033574640750885 75.086648002266884 157.55160056054592
leaf_count=1210 3238 1893 5858 1738 236 115 663 798 1239 332 488 125 542 854
internal_value=0.000320093 0.0102241 -0.0188547 -0.0123241 0.00556941 -0.00264188 0.0216938 0.0165037 0.00162966 0.00785484 0.00305384 -0.00839086 -0.00136821 -0.00687243
internal_weight=2542.88 1676.79 866.082 497.636 1192.75 224.817 484.045 263.467 753.108 244.791 192.028 92.479 508.317 232.638
internal_count=19329 8380 10949 5091 5709 1853 2671 1461 3816 1181 945 457 2635 1396
cat_boundaries=0 1
cat_threshold=83
is_linear=0
shrinkage=0.03


Tree=54
num_leaves=15
num_cat=1
split_feature=2 3 2 5 9 14 0 5 9 14 7 0 14 19
split_gain=490.312 112.101 52.1636 33.0805 28.6747 15.911 14.268 22.5944 16.8414 12.9626 16.6462 14.2854 13.0047 12.648
threshold=0.45929156058853021 -0.28509163716932201 0.56381988011120454 -0.5257321239107744 0.36585295906719978 0.29547181399939243 0.32328142132488852 -0.18380155882099344 0.30488018063088701 0.44255186083950288 15.607822256102414 0.039978159845773027 0.045321000132977705 0
decision_type=2 2 2 10 2 10 8 10 2 10 2 10 10 1
left_child=1 3 4 -1 -2 -6 7 -3 -9 12 11 -11 13 -5
right_child=2 6 -4 9 5 -7 -8 8 -10 10 -12 -13 -14 -15
leaf_value=0.025644424560485407 -0.020190928328107465 0.0043002649103364519 -0.027345548635922132 -0.0094921658583760997 0.0031044233774991021 -0.011915079797874047 0.01586557795353111 -0.014961105458758566 -0.00047685001747299323 -0.0056773922360433705 0.015661176149799394 0.015230854313546203 0.021668104198828548 0.01306701390002859
leaf_weight=260.39385688304901 225.0851561203599 469.80842048674822 366.51054517179728 22.37326879799366 109.95056258141994 150.18927144259214 56.015664741396904 119.6838461086154 182.28969872742891 96.274335071444511 129.74516582489014 42.346644446253777 198.25849418342113 108.76073150336742
leaf_count=1588 2748 2079 5965 104 940 1314 278 828 965 429 599 188 914 503
internal_value=-0.000250369 0.00912241 -0.0188031 0.0167202 -0.0123507 -0.00556694 0.00124607 0.000184992 -0.00621752 0.0128326 0.00793822 0.000709766 0.0168202 0.00949072
internal_weight=2537.69 1685.95 851.736 858.152 485.225 260.14 827.798 771.782 301.974 597.759 268.366 138.621 329.392 131.134
internal_count=19442 8475 10967 4325 5002 2254 4150 3872 1793 2737 1216 617 1521 607
cat_boundaries=0 1
cat_threshold=192
is_linear=0
shrinkage=0.03


Tree=55
num_leaves=15
num_cat=0
split_feature=2 3 2 10 5 10 1 5 6 0 7 6 3 13
split_gain=450.474 108.571 51.671 45.1297 29.2517 28.8683 21.402 18.5795 17.7953 16.8782 17.5948 15.7927 15.7747 15.4471
threshold=0.46752015266270991 -0.39875695702646546 0.5864972716442306 0.76278284679748054 -0.22840850310103386 0.35661166986697163 16.080928090322008 -0.5257321239107744 0.011412817760674489 0.069176982098846831 17.989513704665665 0.83581201242931991 -0.11857889311822971 2.2468550089242427
decision_type=2 2 2 2 10 2 2 10 10 10 2 10 2 10
left_child=1 7 3 12 6 8 -3 -1 -6 10 -7 -5 -2 -8
right_child=2 4 -4 11 5 9 13 -9 -10 -11 -12 -13 -14 -15
leaf_value=0.027003380023765768 0.00067032637995189759 0.0041010268518406612 -0.028305610423856351 0.0012092788322203597 -0.019088909453434902 0.00013939312258163562 0.01171095520062854 0.015312145325370036 -0.0013611245709444126 0.010388520997235313 -0.040686022166055338 0.045178033337494393 -0.019814354416806644 0.030409300873199676
leaf_weight=223.58286137878895 37.835292719304562 360.00455532968044 309.74097939580679 100.94245445355773 97.725853979587555 218.98064900189638 184.93323024362326 270.15680080652237 106.49483405053616 194.42064639180899 9.9318525791168195 7.9296235889196387 319.87117213755846 50.654927328228951
leaf_count=1407 258 1563 5199 848 672 1087 827 1313 697 945 48 59 4162 225
internal_value=0.000157492 0.00873234 -0.0188064 -0.0125003 0.00393923 -0.000580433 0.00870144 0.0206064 -0.00984441 0.00388862 -0.0016319 0.00441171 -0.0176477 0.0157314
internal_weight=2493.21 1716.89 776.32 466.579 1223.15 627.554 595.593 493.74 204.221 423.333 228.913 108.872 357.706 235.588
internal_count=19310 8784 10526 5327 6064 3449 2615 2720 1369 2080 1135 907 4420 1052
is_linear=0
shrinkage=0.03


Tree=56
num_leaves=15
num_cat=2
split_feature=4 4 2 9 6 4 15 0 6 19 14 13 13 19
split_gain=425.903 87.229 71.1518 39.5035 27.8335 26.5959 22.2053 22.1261 18.2151 15.8895 14.232 13.9799 13.7044 12.345
threshold=-0.085022469747887949 -0.33349568627194881 0.55769243495216692 0.27308526021832052 0.83581201242931991 -0.17721924960340116 0.0042426843894293508 -0.19606380484962502 0.36431971864480611 0 0.0062437950463136013 1.6806222767082166 1.1640617590530569 1
decision_type=2 2 2 2 10 2 2 10 10 1 10 10 10 1
left_child=1 -1 3 12 -5 6 7 11 9 10 -7 -3 13 -2
right_child=2 5 -4 4 -6 8 -8 -9 -10 -11 -12 -13 -14 -15
leaf_value=0.02239704062134934 0.014051494637025756 -0.013552162333655629 -0.026640307444126668 -0.0067884414641314261 0.022407663861080836 -0.017690316794407804 0.013768575958068763 0.011135243591479741 0.012985069871825792 -0.0042013115212213691 0.019028928921314067 0.010150476852513782 -0.026723314912936631 -0.014506245894671666
leaf_weight=356.9242310076952 11.235461868345736 83.944887384772301 362.27583245187998 368.20730413496494 31.936220645904541 11.540594972670077 413.61702866852283 121.944111764431 88.858978375792503 386.15038040280342 53.725892633199692 30.543652340769768 126.91194651275873 38.80744968354702
leaf_count=2139 115 357 6129 3152 201 67 1814 524 397 2002 239 132 1603 429
internal_value=-0.000285242 0.00938886 -0.0162195 -0.00967784 -0.00445824 0.00548831 0.00957649 0.00224282 0.000569484 -0.00187446 0.0108706 -0.00722869 -0.0214808 -0.00818543
internal_weight=2486.62 1547.25 939.374 577.098 400.144 1190.33 650.05 236.433 540.276 451.417 65.2665 114.489 176.955 50.0429
internal_count=19300 7671 11629 5500 3353 5532 2827 1013 2705 2308 306 489 2147 544
cat_boundaries=0 1 2
cat_threshold=19 248
is_linear=0
shrinkage=0.03


Tree=57
num_leaves=15
num_cat=0
split_feature=3 4 4 3 10 10 3 9 4 7 10 13 9 15
split_gain=415.403 89.8178 59.9742 27.5471 25.4599 21.0465 19.3615 18.5901 15.6562 14.2395 14.2047 12.6417 10.4838 14.5033
threshold=-0.10543357119339002 -0.21717321730219438 0.014498577287036298 -0.50093993088181599 0.24266482916123119 0.97224888734877901 -0.21600958658193584 1.163161059137469 0.19904868457264871 15.358225308209168 1.1392715174473211 -0.15768600988873377 0.54609435755023328 0.021667511523009452
decision_type=2 2 2 2 2 2 2 2 2 2 2 8 2 2
left_child=1 3 4 -1 11 -5 -3 -4 9 -9 -7 -2 13 -6
right_child=2 6 7 5 12 10 -8 8 -10 -11 -12 -13 -14 -15
leaf_value=0.024144645177525591 0.021628655469123074 0.0065304524661396971 -0.025638525960956178 0.016373176203075039 -0.016823718255933092 -0.028658220130756494 -0.0026829566430320484 -0.00076612932128096933 -0.024076273335455218 0.05899181577288138 0.0055854968149650049 -0.025680162135790489 0.0020495006446425213 0.0016173847761470389
leaf_weight=272.71517978608608 5.4432398080825806 438.68810045719147 437.10833473131061 340.47607907652855 91.745691679418087 11.837530449032782 385.81267587840557 25.590371035039428 26.541445035487413 4.1741666197776786 137.96675659716129 76.924566686153412 145.86184658110142 65.990689970552921
leaf_count=1693 42 1908 7249 1609 810 53 2225 311 460 44 621 909 868 562
internal_value=-7.87877e-05 0.00908372 -0.0166193 0.0165016 -0.00776113 0.0122502 0.00221918 -0.0235486 -0.00732396 0.0076143 0.00287956 -0.0225538 -0.00374781 -0.00910869
internal_weight=2466.88 1587.5 879.38 762.996 385.966 490.28 824.501 493.414 56.306 29.7645 149.804 82.3678 303.598 157.736
internal_count=19364 8109 11255 3976 3191 2283 4133 8064 815 355 674 951 2240 1372
is_linear=0
shrinkage=0.03


Tree=58
num_leaves=15
num_cat=0
split_feature=3 3 5 5 10 15 6 10 2 13 14 8 6 6
split_gain=393.773 97.1432 57.2756 27.2315 23.4129 17.3835 16.5694 16.2685 18.6406 15.9061 15.1221 17.1647 14.3564 12.9925
threshold=-0.19290840686403324 -0.0031663192758711873 -0.46881725992208334 -0.0036265842922796328 0.27233900080947904 0.0016077564791259003 0.2847121500126088 0.92919218111086188 0.20776919456730245 0.16648269435719201 0.45688129504937697 0.046579105981583858 0.19705179026401412 0.7949755285713338
decision_type=2 2 10 8 2 2 10 2 2 10 10 2 10 10
left_child=2 4 7 12 9 6 -4 -1 -9 -2 11 13 -3 -6
right_child=1 3 5 -5 10 -7 -8 8 -10 -11 -12 -13 -14 -15
leaf_value=0.030060235484860757 0.0158125703823471 -0.015442734298849806 -0.0075279806222734967 -0.025174228230589613 -0.0042035098880993903 0.0097717894843591755 0.012282759803870258 0.024677063748806034 0.0056318628600953054 -0.016905406433697642 -0.0063358040239762372 0.014983354672258567 0.0065195943018597361 0.029734906063796775
leaf_weight=141.36697365343571 14.676250539720057 113.56058869883418 112.94813278317451 426.51237548515201 138.94983165338635 738.31422491371632 57.259634643793106 109.21993052959442 80.226113483309746 150.61592055484653 230.90380341932178 87.735720969736576 35.0568319670856 10.952246502041815
leaf_count=862 85 1231 510 7131 1023 3341 254 729 444 1396 1507 421 310 65
internal_value=-0.00021196 -0.0123934 0.011671 -0.0213208 -0.00429285 0.00777932 -0.000863445 0.0223588 0.0166119 -0.0140004 -0.000868223 0.00444442 -0.0102621 -0.00172388
internal_weight=2448.3 1208.96 1239.34 575.13 633.834 908.522 170.208 330.813 189.446 165.292 468.542 237.638 148.617 149.902
internal_count=19309 13169 6140 8672 4497 4105 764 2035 1173 1481 3016 1509 1541 1088
is_linear=0
shrinkage=0.03


Tree=59
num_leaves=15
num_cat=2
split_feature=2 3 2 10 5 9 19 19 15 10 8 10 2 1
split_gain=395.429 103.969 45.4596 36.2564 27.7681 26.4875 21.7551 20.6125 17.7087 17.3063 16.4477 15.3298 20.9704 13.8111
threshold=0.46752015266270991 -0.39875695702646546 0.58424978304366437 0.76278284679748054 -0.20140338005599676 0.35176040342151743 0 1 0.070769605755869255 0.15122109393002628 -0.14499837870787763 0.97224888734877901 0.20057151884838784 16.080928090322008
decision_type=2 2 2 2 10 2 1 1 2 2 2 2 2 2
left_child=1 11 3 7 6 -6 8 10 -3 -8 -2 -1 -13 -11
right_child=2 4 -4 -5 5 -7 9 -9 -10 13 -12 12 -14 -15
leaf_value=0.025446029438544314 0.018748994209688886 0.013350103948421791 -0.027922689928798265 0.002649807985149715 -0.010072680618845304 0.0035028431194446138 -0.035589013868185901 -0.021492883888823391 0.040466399228676862 0.0011779392910251066 -0.011004360654375949 0.024641340273808186 0.0071477389133160398 0.010697078671794964
leaf_weight=221.73590879142284 22.560881681740284 85.331214681267738 287.48083945736289 106.51299773901701 216.5515508055687 321.22867220640182 9.5204120874404889 250.02618988603354 29.056242078542709 324.67085172235966 64.604895729571581 107.7677466571331 144.18637558817863 237.53529491275549
leaf_count=1256 207 380 5279 885 1437 1608 50 3318 126 1422 844 718 740 1080
internal_value=-0.00018516 0.00775923 -0.0186295 -0.0126084 0.00314038 -0.0019637 0.00714099 -0.0174282 0.0186111 0.0044429 -0.00296341 0.0196931 0.0146302 0.00519983
internal_weight=2428.77 1697.58 731.186 443.705 1223.89 537.78 686.114 337.192 114.387 571.727 87.1658 473.69 251.954 562.206
internal_count=19350 8817 10533 5254 6103 3045 3058 4369 506 2552 1051 2714 1458 2502
cat_boundaries=0 1 2
cat_threshold=515 182
is_linear=0
shrinkage=0.03


Tree=60
num_leaves=15
num_cat=0
split_feature=4 3 3 10 10 5 15 0 9 13 9 0 4 13
split_gain=392.625 88.9981 50.8404 22.184 20.7463 19.1183 22.4788 17.8949 17.457 17.4524 16.9646 16.3134 16.105 13.7927
threshold=-0.05635270814358561 -0.39875695702646546 -0.0092169445717508163 0.48751801931011568 0.15822096963046986 -0.2211084075738782 0.0042426843894293508 -0.14624977562314354 1.0150988888484187 0.73417978356841662 0.73323296368917779 0.41610308987067329 0.19904868457264871 2.2287194018514218
decision_type=2 2 2 2 2 10 2 10 2 10 2 10 2 10
left_child=1 -1 3 -2 -3 6 7 10 -4 -5 -6 -7 -10 -8
right_child=2 4 8 9 5 11 13 -9 12 -11 -12 -13 -14 -15
leaf_value=0.019264757467764609 -0.015877337089750379 -0.018710232085077935 -0.025457078464109363 0.030910165526351716 -0.014075721180604283 -0.0011661682049229349 0.0092944291273953164 0.014279424406108434 0.0025302843633825236 -0.0024210224966420262 0.0050524808267702051 0.020876130104084272 -0.02598551214929995 0.022509800802953027
leaf_weight=473.93056844174862 128.4269629381597 35.526191994547844 435.16816921159625 16.039618462324142 83.999721437692642 475.60746745765209 311.49271919578314 62.197107598185539 41.913079399615526 119.26963156461716 82.923456199467182 32.268792301416397 31.015699688345194 92.09111887216568
leaf_count=2745 1375 271 7465 98 387 2578 1412 268 452 841 372 142 585 421
internal_value=2.77687e-05 0.00828909 -0.0176334 -0.00694651 0.00386628 0.00456948 0.00804934 0.00054448 -0.0231806 0.00153007 -0.00457329 0.000234327 -0.00959713 0.01231
internal_weight=2421.87 1650.04 771.833 263.736 1176.11 1140.58 632.704 229.12 508.097 135.309 166.923 507.876 72.9288 403.584
internal_count=19412 8596 10816 2314 5851 5580 2860 1027 8502 939 759 2720 1037 1833
is_linear=0
shrinkage=0.03


Tree=61
num_leaves=15
num_cat=1
split_feature=4 5 16 4 13 10 10 4 1 1 7 6 19 14
split_gain=356.443 84.0446 46.624 29.9495 23.4627 22.7151 22.4735 19.3452 17.6021 16.6322 14.4994 14.2044 20.1741 20.3331
threshold=-0.054187231811828655 -0.41556008699334795 11.574689942897406 0.16444894842391314 0.93705000983645037 0.15822096963046986 0.76278284679748054 -0.17721924960340116 15.18901362528891 16.300891335032798 15.132779089091875 0.31696050510867085 0 0.015882331696476803
decision_type=2 10 2 2 10 2 2 2 2 2 2 10 1 10
left_child=1 -1 10 4 8 -3 -6 -7 -4 -8 -2 12 13 -9
right_child=2 5 3 -5 6 7 9 11 -10 -11 -12 -13 -14 -15
leaf_value=0.01899873025825077 -0.0019642950227342039 -0.019583557477161583 -0.017624944589344521 -0.029106719490823232 -0.022572472949578457 0.0086537199204123373 -0.0080642221856613416 -0.011382067310465678 0.010180636631331941 0.044986385614678208 0.032013315971367855 0.0099951110447946533 -0.0037613709430802961 0.02437671175883898
leaf_weight=445.84213106334209 78.762115627527237 36.393382094800472 34.763914119452238 214.09200389683247 285.42149677872658 539.68816693127155 65.866876173764467 19.912820123136044 49.903484534472227 5.7860091738402835 13.197289459407328 124.57664725184441 436.20878364890814 50.876277714967728
leaf_count=2650 826 284 429 4165 3932 2358 607 106 565 42 119 598 2431 234
internal_value=9.42978e-05 0.00786719 -0.0170929 -0.0198979 -0.0154348 0.00375765 -0.0188015 0.0044829 -0.00123616 -0.00378036 0.0029119 0.000918891 -0.00131127 0.0125456
internal_weight=2401.29 1653.5 747.793 655.834 441.742 1207.66 357.074 1171.26 84.6674 71.6529 91.9594 631.575 506.998 70.7891
internal_count=19346 8661 10685 9740 5575 6011 4581 5727 994 649 945 3369 2771 340
cat_boundaries=0 1
cat_threshold=19
is_linear=0
shrinkage=0.03


Tree=62
num_leaves=15
num_cat=1
split_feature=4 4 2 9 10 13 6 5 19 6 1 1 13 13
split_gain=329.037 85.8896 49.3276 38.8947 23.5051 19.553 22.3318 19.2268 19.6535 18.662 18.2234 17.3559 23.0139 16.6195
threshold=-0.054187231811828655 -0.2800597962015719 0.58424978304366437 0.54609435755023328 0.15399664588643799 1.1711391361284702 0.070732088033685372 -0.2090065562439766 0 0.24968420989030263 14.042667474850655 16.637912005273758 0.20806627336424374 0.72420772447347126
decision_type=2 2 2 2 2 10 10 10 1 10 2 2 10 10
left_child=1 -1 3 9 -3 6 10 8 -7 -2 -6 12 -12 -5
right_child=2 4 -4 13 5 7 -8 -9 -10 -11 11 -13 -14 -15
leaf_value=0.017620884453567947 -0.02168865265526175 -0.022238138102729933 -0.027184948144254397 0.026535248258814492 0.033543933645125069 -0.00020460048910204309 0.016721095740574794 -0.0046788232485152825 0.013535672288505603 -0.003534989392216185 0.020602847890530684 0.02151422524758001 -0.0089797633551483499 -0.0030569602741924856
leaf_weight=494.87619994580746 230.46724984422326 33.07809029519558 268.69696862995625 19.211253773421049 15.528576619923113 254.08898987621069 177.18176074326038 340.40294665843248 141.46462608128786 65.435258697718382 28.562293738126755 28.261367060244083 138.12032649666071 154.01581466943026
leaf_count=2916 3278 261 5279 137 72 1143 834 1867 639 758 125 136 673 1291
internal_value=-0.000279408 0.00716156 -0.0169354 -0.0110649 0.00268665 0.00342042 0.00887327 0.000548208 0.00504645 -0.0176742 0.00226675 -0.000224689 -0.00391057 0.000224879
internal_weight=2389.39 1651.57 737.827 469.13 1156.69 1123.61 387.654 735.957 395.554 295.903 210.473 194.944 166.683 173.227
internal_count=19409 8666 10743 5464 5750 5489 1840 3649 1782 4036 1006 934 798 1428
cat_boundaries=0 1
cat_threshold=344
is_linear=0
shrinkage=0.03


Tree=63
num_leaves=15
num_cat=0
split_feature=4 3 3 3 10 10 13 15 5 9 9 10 2 10
split_gain=324.294 94.6739 30.8843 29.5128 31.1275 18.3637 17.7559 16.0956 15.5115 13.4547 14.8035 13.1146 17.3543 12.846
threshold=-0.019365000450276556 -0.39875695702646546 -0.22343599928224836 0.1885057023386745 0.61291642956530235 0.31647907222475863 1.2757070733497684 0.0016815408994138501 -0.46094952680929813 4.4856733617607825 0.63932139415499389 0.92919218111086188 0.21475901801501726 0.49379195643129781
decision_type=2 2 2 2 2 2 10 2 10 2 2 2 2 2
left_child=1 8 7 4 -2 6 -4 9 11 10 -3 -1 -13 -10
right_child=3 2 5 -5 -6 -7 -8 -9 13 -11 -12 12 -14 -15
leaf_value=0.030824498488119311 -0.020588459616584388 0.00070353196589530425 0.0019012036816483649 -0.027538650906969553 -0.0016697873925823772 0.00079569430227803735 -0.016077059662990556 0.0093450179386180155 0.030562956235078091 0.0094711030687430232 -0.027868421245694542 0.023689157955046891 0.0017692905082048423 0.0086526394226755839
leaf_weight=102.80796639621258 223.88617203384638 36.903640195727348 76.882521189749241 248.63940152153373 120.34530130401254 506.99124485254288 138.52135531231761 475.18005172908306 27.740606844425201 44.020772770047188 29.260447412729263 106.01403668522835 46.882073968648911 182.65819506347179
leaf_count=700 3418 162 522 4919 1161 2780 1191 2109 144 194 130 754 286 884
internal_value=-0.00045438 0.00596564 0.00182799 -0.019663 -0.0139744 -0.00232205 -0.00966021 0.00694953 0.0175748 -0.00338118 -0.0119321 0.0225391 0.0169679 0.0115415
internal_weight=2366.73 1773.86 1307.76 592.871 344.231 722.395 215.404 585.365 466.103 110.185 66.1641 255.704 152.896 210.399
internal_count=19354 9856 7088 9498 4579 4493 1713 2595 2768 486 292 1740 1040 1028
is_linear=0
shrinkage=0.03


Tree=64
num_leaves=15
num_cat=0
split_feature=4 5 2 13 10 3 16 5 15 9 1 1 2 16
split_gain=322.321 78.4831 44.5972 28.5188 21.0903 19.7816 15.9918 18.1644 14.6668 19.6385 14.1479 14.0333 16.1782 16.9894
threshold=-0.05635270814358561 -0.38680358626481909 0.56381988011120454 0.92937025068064383 0.43339052105214604 -0.27584400469586867 10.790138127101065 0.092910420922480377 0.030482388124409104 0.84783210538265474 18.706416333784698 16.435538936180929 0.27347581313557584 13.024647783609293
decision_type=2 10 2 10 2 2 2 8 2 2 2 2 2 2
left_child=1 11 3 8 -5 -3 7 -4 9 -2 -7 12 13 -1
right_child=2 5 6 4 -6 10 -8 -9 -10 -11 -12 -13 -14 -15
leaf_value=0.022542885788864053 -0.015768394669218429 0.0085430035061257459 0.068207700049044362 -0.021981619844185337 -0.0070492694837763969 0.0013124965276317055 -0.026935302865196697 -0.012981829919800606 0.019543833111813881 0.023432312186192541 -0.01681184465291477 0.026891762443707924 0.0083533385353366865 -0.01845737225179718
leaf_weight=195.8063472956419 41.573739409446716 409.1361438781023 3.2485765255987626 164.59899378940463 176.31241724640131 670.73539477586746 279.44163399189711 10.483581215143202 35.775919862091541 15.900850877165793 41.1397415548563 112.76647281646729 181.97617457807064 9.539088621735571
leaf_count=1339 474 1812 43 2398 1534 3499 5736 167 343 107 292 686 884 59
internal_value=0.00025054 0.0076951 -0.016342 -0.0102376 -0.0142589 0.00328628 -0.0253821 0.00622494 0.00446369 -0.00492317 0.000265079 0.017578 0.0148664 0.0206383
internal_weight=2348.44 1621.1 727.336 434.162 340.911 1121.01 293.174 13.7322 93.2505 57.4746 711.875 500.088 387.322 205.345
internal_count=19373 8571 10802 4856 3932 5603 5946 210 924 581 3791 2968 2282 1398
is_linear=0
shrinkage=0.03


Tree=65
num_leaves=15
num_cat=1
split_feature=3 5 2 6 6 16 0 19 5 9 14 15 13 3
split_gain=302.227 88.5367 51.9105 28.4671 20.6563 18.7032 17.4892 16.2339 15.8878 14.8504 14.2465 18.4341 14.205 18.7147
threshold=-0.098860727212199559 -0.39425062972937647 0.54115031562896732 0.69049292931010975 0.070732088033685372 14.469992845182388 0.40335664724512749 0 -0.27898754478329008 0.35505991354047844 0.0071431072813722008 0.10894801161227781 1.1783529518450997 -0.1757875491732698
decision_type=2 10 2 10 10 2 10 1 10 2 10 2 10 2
left_child=1 -1 3 5 7 6 10 -3 -9 -10 -2 -12 -6 -14
right_child=2 4 -4 -5 12 -7 -8 8 9 -11 11 -13 13 -15
leaf_value=0.018944184870165151 -0.035561136381671792 0.010880678066822295 -0.024021845743715967 0.019067716008669126 0.014489763482378867 -0.020917135296313286 0.024830745642738006 0.0052363182217112772 -0.014115019497105419 -0.0014135904708548737 -0.0082813445009259235 0.029785879455617528 0.0080165657737302567 -0.0091404477049770727
leaf_weight=457.08139182627201 16.19754533842206 84.986486874520779 332.7733247615397 31.633489966392517 179.32657807320356 112.19249790906906 15.160246118903158 158.3396238386631 132.98706022650003 219.73443381488323 258.59960408508778 11.979190453886984 238.90242578089237 75.23979814350605
leaf_count=2789 176 399 6786 226 851 1390 135 691 799 1111 2330 101 1089 470
internal_value=0.000188415 0.00786228 -0.0150561 -0.00836291 0.00321313 -0.0104582 -0.00657192 -0.000545419 -0.0026074 -0.00620243 -0.00823201 -0.00659601 0.00775297 0.00390731
internal_weight=2325.13 1546.6 778.536 445.763 1089.52 414.129 301.937 596.048 511.061 352.721 286.776 270.579 493.469 314.142
internal_count=19343 8199 11144 4358 5410 4132 2742 3000 2601 1910 2607 2431 2410 1559
cat_boundaries=0 1
cat_threshold=19
is_linear=0
shrinkage=0.03


Tree=66
num_leaves=15
num_cat=0
split_feature=3 5 2 10 10 5 3 6 1 14 0 13 14 13
split_gain=279.141 67.394 48.5375 25.2666 19.4939 23.7352 18.7801 18.279 29.2926 16.5625 17.7917 16.4335 15.2233 15.1773
threshold=-0.096008698692328628 -0.39425062972937647 0.54115031562896732 0.28095135131803789 0.92919218111086188 -0.7388306310588878 -0.21600958658193584 0.043138882734441115 15.572440325674586 0.36295900953419197 -0.062581569977648396 0.34311516054794738 0.033786691201400008 1.450830280920598
decision_type=2 10 2 2 2 10 2 10 2 10 10 10 10 10
left_child=1 4 3 -2 -1 -6 9 8 -7 -3 -11 -5 -9 -12
right_child=2 6 -4 11 5 7 -8 12 -10 10 13 -13 -14 -15
leaf_value=0.023065465869407817 -0.020690432614993336 0.010473171304793397 -0.024057573372533024 0.031274051225990591 0.026485510040950573 0.0037290677897586187 -0.0018331564779548296 -0.010665331899645905 -0.040538266487815618 -0.0072363207122799538 0.012558662101816141 -0.0055635941095990181 0.021295090269367989 -0.0082870248552515957
leaf_weight=224.48996061086655 114.63981164991856 367.10849791765213 320.64672020077705 11.305044680833815 62.054365888237953 68.099833950400352 431.82463189214468 16.836495414376259 16.765553489327431 132.70864389836788 127.7967931702733 303.51714365929365 65.963732689619064 41.688571363687515
leaf_count=1352 1610 1632 6694 80 465 387 2531 102 102 579 577 2579 388 188
internal_value=-0.000194204 0.00705525 -0.0152258 -0.00863182 0.0167785 0.0106346 0.00304447 0.00476806 -0.00501615 0.00619145 0.000989961 -0.00424078 0.0147963 0.00743122
internal_weight=2305.45 1555.34 750.109 429.462 454.21 229.72 1101.13 167.666 84.8654 669.303 302.194 314.822 82.8002 169.485
internal_count=19266 8303 10963 4269 2796 1444 5507 979 489 2976 1344 2659 490 765
is_linear=0
shrinkage=0.03


Tree=67
num_leaves=15
num_cat=2
split_feature=2 3 2 10 19 2 5 10 14 19 10 15 9 15
split_gain=259.39 78.9025 49.487 37.6374 18.0936 18.2439 16.8011 17.4052 16.4409 13.6454 12.9612 14.9855 13.7934 13.1106
threshold=0.46615365165247874 -0.39875695702646546 0.61109913886546485 0.76278284679748054 0 0.37568278362025959 -0.5257321239107744 0.53483739333313018 0.009070872135837852 1 0.3106232756026085 0.0016077564791259003 4.4856733617607825 0.0007399067503030001
decision_type=2 2 2 2 1 2 10 2 10 1 2 2 2 2
left_child=1 6 3 9 8 -6 -1 -8 -3 -2 -7 12 -12 -14
right_child=2 4 -4 -5 5 10 7 -9 -10 -11 11 -13 13 -15
leaf_value=0.02387082818520905 -0.00021480374283507162 -0.0090763005109830812 -0.028360558458483624 0.004005190569257815 0.0058914534683363424 -0.0099953231772243537 0.028268124430699832 0.0082503676186795293 0.013117385208029677 -0.017903276557532079 -0.015517858737185922 0.0034854330089904738 0.019470173684496724 -0.016588287914953953
leaf_weight=193.04413297772408 55.83443795144558 35.104787170886993 198.89336510002613 119.85251687839627 353.06090985238552 160.68278969824314 48.412302523851395 203.06449776887894 208.2393162176013 285.19217113032937 85.970100790262222 311.88622302561998 24.344511583447456 14.468758583068846
leaf_count=1429 778 197 4421 1097 1576 1118 271 1044 962 4306 429 1553 112 70
internal_value=2.87755e-05 0.00642496 -0.0158536 -0.0104561 0.00240741 0.000479931 0.017214 0.012104 0.00952433 -0.0155385 -0.00271048 -2.98473e-05 -0.00881601 0.00602835
internal_weight=2298.05 1638.28 659.772 460.879 1193.76 950.413 444.521 251.477 243.344 341.027 597.352 436.67 124.783 38.8133
internal_count=19363 8761 10602 6181 6017 4858 2744 1315 1159 5084 3282 2164 611 182
cat_boundaries=0 1 2
cat_threshold=23 176
is_linear=0
shrinkage=0.03


Tree=68
num_leaves=15
num_cat=2
split_feature=4 3 3 13 0 5 19 0 10 9 6 19 13 10
split_gain=253.544 67.8596 44.313 35.045 28.737 24.7748 29.2704 24.5799 22.5961 21.7085 21.426 19.1697 18.4529 16.8134
threshold=-0.061000144796355842 -0.49243706786315639 0.22670577622936153 0.92937025068064383 2.0383652936408736 -0.27898754478329008 0 0.40335664724512749 0.43339052105214604 0.42943659295815295 0.15154803742482517 1 -0.6847263544198815 0.38223525964737698
decision_type=2 2 2 10 8 10 1 10 2 2 10 1 10 2
left_child=1 -1 3 7 8 6 -3 11 -5 -9 12 -2 -7 -14
right_child=2 5 -4 4 -6 10 -8 9 -10 -11 -12 -13 13 -15
leaf_value=0.020611612553916196 0.024339348470047165 0.017743966412490549 -0.02671770049911738 -0.022432857664870989 0.07423279619956144 0.034388335453067166 0.0033458428430349161 -0.0021050993890313133 -0.0080594166740753769 0.052978359424601842 0.007313589591199471 -0.0087589578250026959 -0.011575642363711404 0.00014200509142910748
leaf_weight=264.14199186861515 9.5801832601428014 194.42709869891405 202.73085632175207 190.79098281636834 3.2738660834729663 11.295098356902598 378.67985833436251 11.042062968015673 203.35450046882033 15.447134692221878 252.82306445389986 74.39674523845315 180.49708356708288 283.01314779371023
leaf_count=1815 113 942 4492 3093 26 50 1786 121 2097 128 1235 911 1146 1350
internal_value=2.48729e-07 0.00674844 -0.0148602 -0.0101271 -0.0142818 0.00393323 0.00859841 0.00482013 -0.0150171 0.0300167 0.000258763 -0.00312775 -0.00349777 -0.004421
internal_weight=2275.49 1564.88 710.616 507.885 397.419 1300.74 573.107 110.466 394.145 26.4892 727.628 83.9769 474.805 463.51
internal_count=19305 8324 10981 6489 5216 6509 2728 1273 5190 249 3781 1024 2546 2496
cat_boundaries=0 1 2
cat_threshold=551 240
is_linear=0
shrinkage=0.03


Tree=69
num_leaves=15
num_cat=1
split_feature=4 5 16 6 19 5 13 3 10 10 10 13 6 18
split_gain=249.837 79.1085 34.8972 33.2203 29.9833 26.4912 24.1234 22.0015 21.6032 20.7054 20.051 17.8787 16.3996 18.4709
threshold=-0.019365000450276556 -0.40175630673745866 11.460692058684984 0.053427950486814819 0 -0.24652407561508602 2.2641815792377922 0.22670577622936153 0.45597181092289102 0.59447530332350862 3.5964862219762006 0.85306354037929077 0.043138882734441115 12.824919417159025
decision_type=2 10 2 10 1 10 10 2 2 2 2 10 10 2
left_child=1 10 -2 4 5 -3 -7 8 -4 -8 -1 -5 13 -12
right_child=2 3 7 11 -6 6 9 -9 -10 -11 12 -13 -14 -15
leaf_value=0.021049878126239405 0.0039742389564149886 0.01788406936304314 -0.022004528142105288 0.017993384005969584 -0.0067979052072274643 0.0070093786130243346 -0.027866599558064798 -0.028263713027691244 -0.0055837404545742084 0.023033602931743117 0.0038204027785286171 0.0048252538569419591 0.018605158617399604 -0.038434524904447889
leaf_weight=310.15298880636692 60.795248582959175 102.97700776904821 170.78499354049563 115.32101712375879 449.96288063749671 91.642403740435839 41.016631916165352 184.98889297246933 124.79546673968434 8.7221434488892537 58.578802943229675 475.09624938294291 58.951917424798012 11.070039540529249
leaf_count=1961 718 461 3041 568 2617 514 301 4239 1541 43 372 2538 379 69
internal_value=0.000337634 0.00592194 -0.0174406 0.00216589 -0.00228262 0.00606197 -0.00212005 -0.0201497 -0.0150716 -0.0189408 0.0169202 0.00739727 0.00696056 -0.00289563
internal_weight=2264.86 1723.49 541.365 1284.74 694.321 244.358 141.381 480.569 295.58 49.7388 438.754 590.417 128.601 69.6488
internal_count=19362 9823 9539 7042 3936 1319 858 8821 4582 344 2781 3106 820 441
cat_boundaries=0 1
cat_threshold=535
is_linear=0
shrinkage=0.03


Tree=70
num_leaves=15
num_cat=0
split_feature=4 5 2 10 13 18 2 15 13 10 0 8 14 5
split_gain=232.81 57.5092 49.218 39.0654 24.4907 22.0342 20.3629 16.5508 16.1017 16.0313 15.255 13.5855 13.4264 11.655
threshold=-0.063391544360200544 -0.5257321239107744 0.60304051755286714 0.61873596096557792 0.85306354037929077 12.7394525616715 0.37568278362025959 0.0016077564791259003 1.1711391361284702 0.41777282110057351 1.4329115084013175 -0.18684109871365076 0.23703027145976865 -0.31914278908285015
decision_type=2 10 2 2 10 2 2 2 10 2 10 2 10 10
left_child=1 -1 3 4 5 -2 -3 8 -8 13 -5 -6 -7 -9
right_child=2 6 -4 10 11 12 7 9 -10 -11 -12 -13 -14 -15
leaf_value=0.020503837330765457 -0.020943649839741417 0.0080010583872127707 -0.027115265697886939 1.7431879533866809e-05 -0.0068236977222931264 0.034037331818450992 0.0018604858663490889 0.014761668053170555 -0.020084121772972478 0.0080611003788077108 0.041526464721840253 -0.022935720314444338 -0.0020459376228668365 -0.0039296678065007633
leaf_weight=225.37109351158142 23.53585010394454 639.34550879895687 194.73365013301373 169.24103943631053 60.708598416298628 18.73293250054121 58.046528115868568 33.639523327350616 62.487408347427845 269.45217008888721 8.3620957024395448 210.11126543954015 18.393791235983372 279.37522154301405
leaf_count=1657 323 3059 4619 1452 597 202 275 140 308 1269 52 3529 234 1682
internal_value=4.57404e-05 0.00648089 -0.0142882 -0.00938163 -0.0154646 0.00176484 0.00412653 0.000602837 -0.00951607 0.00269681 0.0019718 -0.019324 0.0161605 -0.00192092
internal_weight=2271.54 1567.72 703.819 509.086 331.482 60.6626 1342.35 703.001 120.534 582.467 177.603 270.82 37.1267 313.015
internal_count=19398 8390 11008 6389 4885 759 6733 3674 583 3091 1504 4126 436 1822
is_linear=0
shrinkage=0.03


Tree=71
num_leaves=15
num_cat=1
split_feature=3 4 4 10 14 14 6 19 10 2 10 13 6 15
split_gain=216.119 77.2837 27.0975 25.5882 19.6925 20.0925 16.0517 26.2995 19.0839 14.7681 27.921 13.8183 23.7933 13.7091
threshold=0.0031807142154502981 -0.2800597962015719 0.014498577287036298 0.16246042806854963 0.0042355090558023516 0.45688129504937697 0.040671451123348808 0 0.43070143916669873 0.20057151884838784 0.92919218111086188 1.1579766603860848 -0.011534819560285956 0.0080631883902605502
decision_type=2 2 2 2 10 8 10 1 2 2 2 10 10 2
left_child=1 9 -2 -3 -5 6 7 13 -9 -1 -11 12 -7 -6
right_child=2 3 -4 4 5 11 -8 8 -10 10 -12 -13 -14 -15
leaf_value=0.024192541328910085 -0.0068367950436316769 -0.019929205135654611 -0.023088940413433508 -0.028084260276603778 -0.00031933628228001748 -0.0087735427436805014 0.011070386544753879 -0.010236003231001007 0.0043878465907850614 0.019558233349565211 0.0019156969486088637 -0.0056600347036078399 0.011987384676904722 0.026219856369151705
leaf_weight=120.31737066060305 127.59032995998859 51.518829751759768 334.12121244519949 19.752426691353321 25.528157521039248 80.539132051169872 280.9560891315341 148.4942311309278 174.91722884774208 186.19050910323858 142.53835973143578 357.3569498360157 129.67708687856793 55.825650118291378
leaf_count=945 1216 560 7416 121 158 456 1559 959 896 1161 792 2066 710 298
internal_value=-0.000315054 0.00444436 -0.0185978 0.000798122 0.00163693 0.00210535 0.00556116 0.00173708 -0.0022569 0.0151998 0.0119083 -0.00206982 0.00403335 0.0159335
internal_weight=2235.32 1773.61 461.712 1324.57 1273.05 1253.29 685.721 404.765 323.411 449.046 328.729 567.573 210.216 81.3538
internal_count=19313 10681 8632 7783 7223 7102 3870 2311 1855 2898 1953 3232 1166 456
cat_boundaries=0 1
cat_threshold=259
is_linear=0
shrinkage=0.03


Tree=72
num_leaves=15
num_cat=2
split_feature=3 2 2 5 9 3 19 6 0 10 1 14 6 19
split_gain=216.76 65.9696 26.4648 22.8993 22.4874 20.6725 20.3582 19.6806 16.7712 16.2834 14.5792 15.336 13.6679 18.4616
threshold=-0.0031663192758711873 0.35881236967503932 0.52758037750047149 -0.22474764885684598 0.36294350797896496 -0.50093993088181599 0 0.011412817760674489 0.18466233956966008 0.16246042806854963 14.821682791695874 0.014498855808880901 0.06746371738259295 1
decision_type=2 2 2 10 2 2 1 10 10 2 2 10 10 1
left_child=1 5 8 9 7 -1 -6 -5 -2 -3 -11 -12 13 -7
right_child=2 3 -4 4 6 12 -8 -9 -10 10 11 -13 -14 -15
leaf_value=0.019037763214802196 -0.013512562274319431 -0.030529997219407731 -0.023575825610171061 -0.017729254819891353 0.010566549669320486 0.013876194356122645 -0.0033701431765298306 -0.0021252127696890547 0.010204017473548856 -0.0032999530276644254 -0.022840158099557719 0.012134113104760614 0.013607015734975554 -0.0027181967205278405
leaf_weight=236.76850996911526 128.55296877026558 10.659884989261625 302.19620687887073 139.13748125359416 132.0581081584096 83.992564558982849 272.39881256222725 152.45262233540416 33.91465213522315 90.824168294668198 11.801309697329996 257.33302477002144 220.02167174220085 164.49627991020679
leaf_count=1734 1394 55 6998 1276 753 423 1693 1222 345 397 54 1133 1079 810
internal_value=-8.84689e-05 0.00469409 -0.0183262 -1.28025e-05 -0.00322027 0.0118128 0.00135822 -0.00957096 -0.00856179 0.00601104 0.00709318 0.0106005 0.00816157 0.00333996
internal_weight=2236.61 1771.94 464.664 1066.67 696.047 705.279 404.457 291.59 162.468 370.618 359.959 269.134 468.511 248.489
internal_count=19366 10629 8737 6583 4944 4046 2446 2498 1739 1639 1584 1187 2312 1233
cat_boundaries=0 1 2
cat_threshold=118 527
is_linear=0
shrinkage=0.03


Tree=73
num_leaves=15
num_cat=1
split_feature=2 5 2 9 6 19 4 9 10 5 6 1 14 13
split_gain=209.119 55.9181 40.9292 39.6409 16.8057 16.4634 15.349 16.0488 13.2111 18.6904 13.707 26.4389 13.2233 12.9344
threshold=0.46615365165247874 -0.41556008699334795 0.61109913886546485 0.6818353382264023 0.053427950486814819 0 -0.18337306213183005 0.70740850007970468 0.92919218111086188 -0.71312124290416212 0.040671451123348808 15.587348519206914 0.053282372028199403 0.50612836183143661
decision_type=2 10 2 2 10 1 2 2 2 10 10 2 10 10
left_child=1 8 3 -2 5 -3 -7 -8 -1 -10 11 -11 -12 -5
right_child=2 4 -4 13 -6 6 7 -9 9 10 12 -13 -14 -15
leaf_value=0.021569760141774797 -0.01563458423396261 0.010087238486293186 -0.027162063922951944 0.050085757876177715 0.0063723577579920193 0.0031905525691231784 -0.011067793507755903 0.0042908582875663751 0.02476569114232403 0.0041985634670877025 -0.007266280141037861 -0.042072766786609671 0.021614799241332555 0.0023465320857166691
leaf_weight=183.6197656840086 311.32700698822737 97.36148989200592 172.91145649924874 5.3365079946815959 578.03756802529097 224.79117304086685 234.41427616029978 82.882175371050835 59.119031988084316 60.557912930846214 19.384815588593483 13.611873157322405 54.050192110240459 119.20010031014681
leaf_count=1227 5014 468 4402 39 2870 986 1425 395 490 353 123 80 334 1096
internal_value=0.000163079 0.00583307 -0.0148119 -0.00991245 0.00266519 -0.000685941 -0.00275609 -0.0070559 0.0157137 0.0105122 0.00480334 -0.0042933 0.013991 0.0043922
internal_weight=2216.61 1607.83 608.775 435.864 1217.49 639.449 542.088 317.296 390.344 206.724 147.605 74.1698 73.435 124.537
internal_count=19302 8751 10551 6149 6144 3274 2806 1820 2607 1380 890 433 457 1135
cat_boundaries=0 1
cat_threshold=19
is_linear=0
shrinkage=0.03


Tree=74
num_leaves=15
num_cat=0
split_feature=3 5 2 3 6 9 13 1 16 14 14 13 0 14
split_gain=206.148 60.7728 38.8784 22.4135 25.1691 17.8909 14.0023 12.1522 14.1196 13.3707 13.0916 16.0756 12.0127 11.7764
threshold=-0.035765668167176072 -0.5257321239107744 0.53124335216907193 -0.22343599928224836 0.90853547664890444 0.43839831170856131 -0.6847263544198815 16.022789845627432 12.865316101033491 0.39917413105550975 0.97451703956789426 1.4834889701362115 -0.054661812377558953 0.059861851376385306
decision_type=2 10 2 2 10 2 10 2 2 10 10 8 10 10
left_child=1 -1 5 7 6 -2 -5 8 9 -3 11 12 -11 -10
right_child=2 3 -4 4 -6 -7 -8 -9 13 10 -12 -13 -14 -15
leaf_value=0.020559616320457927 -0.016076427687584011 0.0097036695676259166 -0.023379707403500934 0.036400812911486315 0.02579126740446365 0.00054127209180342118 -0.0028401292882210081 0.011236052824777666 -0.037156720927272839 -0.018950513046121178 0.0038201219142941804 -0.045864895520902199 0.015529407634535418 -0.0032023906107384839
leaf_weight=207.90213149785995 106.93027247861028 266.10301134735346 294.00192445144057 8.2968617826700193 30.109569754451513 128.23349510505795 601.52092890813947 306.38359290361404 12.160932660102842 22.071391865611076 148.38219030946493 11.082399338483809 15.466346725821493 37.670180708169937
leaf_count=1611 1591 1287 7087 43 153 971 4001 1473 58 100 699 50 72 169
internal_value=0.000206677 0.00538479 -0.0161071 0.0032228 -0.000984207 -0.00701489 -0.00230624 0.00650867 0.00368495 0.00531767 -0.000606775 -0.0141171 -0.00474405 -0.0114887
internal_weight=2196.32 1667.15 529.166 1459.25 639.927 235.164 609.818 819.32 512.936 463.105 197.002 48.6201 37.5377 49.8311
internal_count=19365 9716 9649 8105 4197 2562 4044 3908 2435 2208 921 222 172 227
is_linear=0
shrinkage=0.03


Tree=75
num_leaves=15
num_cat=2
split_feature=3 5 4 6 6 5 10 10 19 10 14 14 13 19
split_gain=206.427 61.054 30.3472 24.6898 24.3673 29.3427 26.3128 24.7749 18.9804 18.6126 14.7385 14.1616 13.7765 13.0043
threshold=-0.035765668167176072 -0.5257321239107744 0.16444894842391314 0.62320776304344816 0.053427950486814819 -0.24162756574232094 0.92919218111086188 0.48244615277146657 0 0.24810690816989409 0.013963820276394501 0.66699328643790146 1.7929700778281561 1
decision_type=2 10 2 10 10 10 2 2 1 2 10 10 10 1
left_child=1 -1 3 9 5 6 10 8 -7 -2 -3 -9 -8 -12
right_child=2 4 -4 -5 -6 7 12 11 -10 -11 13 -13 -14 -15
leaf_value=0.020000937195025412 -0.028225987200262422 -0.020577023466303124 -0.027458536848540008 0.01569114981883412 0.0066915626475853906 0.010626645970020426 -0.016712720044183754 0.0086911212721875949 -0.016118391805384095 -0.010547625158666514 0.019766920624092792 -0.0075663372987974063 0.007319729312602421 0.0051880343748378181
leaf_weight=205.9058216586709 67.668996885418892 13.804642602801321 167.26895073801279 26.882492497563362 687.19633083045483 23.20001669973135 63.291028439998627 104.9338418059051 194.47831444069743 257.80636843293905 93.176226757466793 89.227036084979773 32.486772641539574 173.72157772630453
leaf_count=1618 1375 66 4487 301 3719 127 298 548 1490 3433 453 505 151 829
internal_value=-0.000409473 0.00469789 -0.016936 -0.0119408 0.00256238 -0.00103712 0.00501647 -0.00657098 -0.0135202 -0.0142231 0.00964926 0.00121997 -0.00856118 0.0112126
internal_weight=2201.05 1681.42 519.627 352.358 1475.52 788.319 376.48 411.839 217.678 325.475 280.702 194.161 95.7778 266.898
internal_count=19400 9804 9596 5109 8186 4467 1797 2670 1617 4808 1348 1053 449 1282
cat_boundaries=0 1 2
cat_threshold=18 527
is_linear=0
shrinkage=0.03


Tree=76
num_leaves=15
num_cat=0
split_feature=2 3 2 10 14 0 5 1 14 1 14 16 0 16
split_gain=174.402 52.8073 36.6335 38.7567 14.5979 25.0245 20.9154 28.6847 15.4846 14.6536 23.6177 20.2918 12.6247 15.9949
threshold=0.46337043863359961 -0.50093993088181599 0.61109913886546485 0.63636897880481014 0.37549821817445617 0.24416205359088342 -0.27898754478329008 17.12228056268729 0.035797863437651158 16.435538936180929 0.99256082205212015 14.327318310189606 -0.31945034096072622 13.378433118119014
decision_type=2 2 2 2 10 10 10 2 10 2 10 2 10 2
left_child=1 -1 3 -2 6 9 7 8 -3 -6 -11 -12 -8 -14
right_child=2 4 -4 -5 5 -7 12 -9 -10 10 11 -13 13 -15
leaf_value=0.018035001687363987 -0.01586380351882842 -0.00052254735944302357 -0.026235522471064501 0.0028956788042858081 -0.0068130422260729408 0.015489655551253451 -0.020856471172663864 0.035326098476897723 0.014031054841010335 -0.0059965962500029696 0.029916434112049368 0.0011479922265072273 0.0072378727266239687 -0.0049400649114324192
leaf_weight=234.5058476254344 295.56132543459535 113.57268388569355 162.01196523755789 149.1267602071166 342.20436342805624 74.432902373373508 22.238282479345798 39.348922297358513 156.4089522883296 106.99236879497766 42.439075216650963 45.967039741575718 242.37201181054115 161.91373117640615
leaf_count=1774 4941 565 4418 1413 1655 360 107 192 770 618 215 238 1201 951
internal_value=-0.000347132 0.00489603 -0.0140224 -0.00957279 0.00261012 -0.0008132 0.00545741 0.0113965 0.00790882 -0.00307038 0.00348419 0.0149582 0.00115018 0.00236069
internal_weight=2189.1 1582.4 606.7 444.688 1347.89 612.036 735.855 309.331 269.982 537.603 195.398 88.4061 426.524 404.286
internal_count=19418 8646 10772 6354 6872 3086 3786 1527 1335 2726 1071 453 2259 2152
is_linear=0
shrinkage=0.03


Tree=77
num_leaves=15
num_cat=1
split_feature=4 3 16 3 0 6 1 19 13 5 5 13 13 16
split_gain=164.104 60.7813 32.8012 27.0128 30.6631 19.4074 18.8306 23.8066 17.3255 16.5411 15.7116 15.5138 16.2992 14.0697
threshold=0.01892270476009739 -0.50093993088181599 16.023437592726356 0.18373076401346758 1.2993876769189603 0.29648746444446245 17.43320639887251 0 1.1783529518450997 -0.30247783680444662 -0.10976490395919285 2.4062868706035148 2.3324312285560764 13.995528864383045
decision_type=2 2 2 2 10 10 2 1 10 10 10 10 10 2
left_child=1 -1 5 4 13 6 7 11 -7 -9 -8 12 -3 -2
right_child=3 2 -4 -5 -6 8 10 9 -10 -11 -12 -13 -14 -15
leaf_value=0.017964945003046448 -0.0076060978203795829 -0.0046659736947047272 -0.017754001101513525 -0.026500201167645909 0.040541969999191636 0.017202044029785968 0.018263073585129293 0.012893512024520166 0.0032039829051651201 0.00054148705469484165 -0.0076497073933041249 0.016683845810528203 -0.03360292197533557 -0.025691127878679047
leaf_weight=230.76376744359732 125.06093865260482 564.85980838537216 75.979567095637321 182.73678473383188 10.08522232249379 133.68393255397677 88.417525317519903 148.92371646314859 196.6182877831161 282.97516566514969 27.642544150352478 29.644846022129059 18.079457633197308 56.075662240386009
leaf_count=1771 1978 3403 725 4950 80 698 498 751 1034 1761 281 155 99 1182
internal_value=-0.000170893 0.00359062 0.00147355 -0.0182522 -0.0103701 0.00245347 0.000627415 -0.000646422 0.00886945 0.00469197 0.0120913 -0.00441475 -0.00556343 -0.0132048
internal_weight=2171.55 1797.59 1566.82 373.959 191.222 1490.85 1160.54 1044.48 330.302 431.899 116.06 612.584 582.939 181.137
internal_count=19366 11176 9405 8190 3240 8680 6948 6169 1732 2512 779 3657 3502 3160
cat_boundaries=0 1
cat_threshold=424
is_linear=0
shrinkage=0.03


Tree=78
num_leaves=15
num_cat=0
split_feature=4 4 2 9 13 10 15 6 13 13 6 15 7 5
split_gain=172.529 44.0519 28.2473 31.0898 24.8853 23.1186 16.485 19.2858 15.5109 17.2232 14.6757 14.6475 14.2488 14.9215
threshold=-0.021664856754921021 -0.33349568627194881 0.62749629824272757 0.40388392088090092 0.59138814517097404 0.15822096963046986 0.0015766857418661002 -0.022040050546734521 2.4312048120244234 1.1192202320542519 0.47927415855477601 0.039921124688646357 13.940899129834687 -0.19074602506097191
decision_type=2 2 2 2 10 2 2 10 10 10 8 2 2 10
left_child=1 -1 3 -2 11 -3 7 -7 9 -8 -10 -5 -11 -14
right_child=2 5 -4 4 -6 6 8 -9 10 12 -12 -13 13 -15
leaf_value=0.01561726648270235 -0.020868470077605249 -0.019965809645517831 -0.0270417724273645 0.013205254545771233 -0.0058589975451911981 -0.015142167813574799 0.0094626528545209733 0.0024420403633247283 0.019797426183838097 -0.021322928168830697 -0.022144040174410025 0.07711528994301213 0.0056831844626072155 -0.0034828760229340333
leaf_weight=283.10520070791245 155.53816732019186 39.575670424848795 137.66129874438047 9.2932147569954378 173.12140901014209 86.380015052855015 323.17826749756932 160.32289361208677 89.465596064925194 24.676450751721859 8.196396239101885 4.9448507763445368 386.89808045700192 272.3642735555768
leaf_count=2160 3201 406 3949 117 2216 440 1683 784 477 122 42 46 1853 1786
internal_value=0.000282087 0.0048302 -0.0155626 -0.0109541 -0.00272351 0.00263484 0.00329666 -0.00371486 0.00486236 0.00375542 0.0162774 0.0354011 0.00105862 0.00189637
internal_weight=2154.72 1674.16 480.559 342.898 187.359 1391.06 1351.48 246.703 1104.78 1007.12 97.662 14.2381 683.939 659.262
internal_count=19282 9753 9529 5580 2379 7593 7187 1224 5963 5444 519 163 3761 3639
is_linear=0
shrinkage=0.03


Tree=79
num_leaves=15
num_cat=0
split_feature=4 3 3 13 9 10 7 3 15 15 6 16 15 6
split_gain=160.067 50.5604 31.7719 32.5394 19.545 15.4153 14.7167 14.5233 15.4053 17.7178 24.2091 13.7684 11.2309 10.246
threshold=-0.047733240153381977 -0.49243706786315639 0.22670577622936153 0.92937025068064383 0.42020545844227547 0.76278284679748054 15.341410704514402 -0.2040435953190666 0.042007317715697406 0.18706976612421733 -0.12781930703915736 13.487341642155823 0.0013609023592643002 0.27272835725847105
decision_type=2 2 2 10 2 2 2 2 2 2 10 2 2 10
left_child=1 -1 3 5 11 6 -2 8 13 -10 -11 -5 -7 -3
right_child=2 7 -4 4 -6 12 -8 -9 9 10 -12 -13 -14 -15
leaf_value=0.017439729999237871 -0.017525027307855452 0.00068641426986127047 -0.025339147008377305 -0.0082415604736063141 -0.0070223108065443456 0.006773178718308584 0.010698118793873643 -0.0013709147620995998 0.0204409057469505 -0.031978580147185395 0.012007988322766608 -0.027760579195027807 0.046057511595799815 0.0095275287164144368
leaf_weight=237.83240472525358 29.312799952924252 473.12723813951015 156.52981122210622 46.874573186039925 170.69485576078296 13.691375344991686 38.425139497965574 539.9090934805572 106.27949152141809 15.729963064193724 39.63821068406105 106.23979608342052 12.556340485811232 157.15967336297035
leaf_count=1848 434 2233 4412 837 1892 136 516 3240 511 75 189 2136 101 747
internal_value=-0.000259848 0.00469847 -0.0138113 -0.00949235 -0.0140029 0.00604791 -0.00151512 0.00242321 0.00500989 0.0132721 -0.000488488 -0.021785 0.025566 0.00289091
internal_weight=2144 1569.68 574.325 417.795 323.809 93.9857 67.7379 1331.84 791.935 161.648 55.3682 153.114 26.2477 630.287
internal_count=19307 8843 10464 6052 4865 1187 950 6995 3755 775 264 2973 237 2980
is_linear=0
shrinkage=0.03


Tree=80
num_leaves=15
num_cat=0
split_feature=3 4 4 9 13 6 13 1 15 16 15 9 13 15
split_gain=161.526 43.1418 39.3535 31.7315 14.3544 14.0189 13.7892 12.9693 14.2485 12.1543 14.5736 14.3058 20.4856 12.5755
threshold=-0.060246219843642639 -0.2800597962015719 0.16444894842391314 0.43569305020379595 0.38146124330047765 0.053427950486814819 2.3806851103587454 16.435538936180929 0.15375875387242133 16.023437592726356 0.038900172174705962 0.21272938213259815 1.4296037535748647 0.18706976612421733
decision_type=2 2 2 2 10 10 10 2 2 2 2 2 10 2
left_child=1 7 3 -2 -5 9 -6 8 -1 10 -3 12 -12 -13
right_child=2 5 -4 4 6 -7 -8 -9 -10 -11 11 13 -14 -15
leaf_value=0.011092691625337941 -0.017961243259300007 -0.0028446084843085063 -0.027433360156871239 0.040895585601466812 -0.0050891089604522492 0.0052867451931322817 0.022124693787787374 0.022862983008023984 -0.03143053205115804 -0.01872438780257937 0.018052234744530282 0.022875491628168005 -0.021762137976145263 -0.0021993489671646156
leaf_weight=321.33509608358145 194.24471040815115 459.20755925774574 147.62577244639397 7.1026915274560443 177.42634671926498 542.37881598621607 18.504977587610483 92.644819810986519 7.2519064694643012 34.06446073576808 20.212494611740112 61.916244491934776 27.394236154854298 25.379326429218054
leaf_count=2194 3597 2434 4429 63 1854 2810 170 671 46 262 97 324 202 135
internal_value=-0.000109768 0.00471625 -0.0142076 -0.00929305 -0.00100011 0.00175352 -0.00251887 0.0129493 0.0101542 -0.00129714 -0.000297917 0.00837102 -0.00485806 0.0155855
internal_weight=2136.69 1591.78 544.904 397.279 203.034 1170.55 195.931 421.232 328.587 628.174 594.11 134.902 47.6067 87.2956
internal_count=19288 9175 10113 5684 2087 6264 2024 2911 2240 3454 3192 758 299 459
is_linear=0
shrinkage=0.03


Tree=81
num_leaves=15
num_cat=0
split_feature=3 3 2 10 5 14 14 16 14 1 8 5 17 0
split_gain=159.391 50.8924 31.8384 23.21 21.3761 21.7616 26.586 19.3326 12.9632 11.548 22.602 11.4464 12.0316 10.7228
threshold=-0.041807547649462755 -0.50093993088181599 0.62749629824272757 0.63036326287907596 -0.1693474511086295 0.37549821817445617 0.047598203733098012 11.618924617083525 0.99256082205212015 15.894355359783903 -0.27833977954243666 -0.28959333939181964 14.086125945773889 0.46226741835087876
decision_type=2 2 2 2 10 10 10 2 10 2 2 10 2 10
left_child=1 -1 3 -2 5 6 -3 -6 9 -7 -11 12 -8 -9
right_child=2 4 -4 -5 7 8 11 13 -10 10 -12 -13 -14 -15
leaf_value=0.01741175740141725 -0.016558650528225909 0.00063358993431387794 -0.02839737262259423 -0.0008670523562935359 0.0080376449590794444 -0.017202568197012286 0.015529955305776598 -0.0076807186789853814 0.0039443237395837254 0.023809788548109303 -0.0094777251167141724 0.0084808419076182456 0.034713976770461293 0.0071305707902768424
leaf_weight=223.5769859701395 234.91686542332172 200.34585479646921 125.3940781056881 132.79286051541567 115.51383728533983 61.893547207117081 116.42153300344944 358.37270488962531 242.96127580106258 25.156045764684677 67.933719463646412 136.58158349990845 39.373845554888248 50.146561328321695
leaf_count=1785 4458 999 3924 1338 642 285 591 2591 1163 127 349 663 197 269
internal_value=-0.000389778 0.00411111 -0.0153434 -0.0108919 0.0020091 0.00483772 0.00905196 -0.00279854 -0.000380221 -0.00715964 -0.000482298 0.0148205 0.0203783 -0.0058626
internal_weight=2131.38 1638.28 493.104 367.71 1414.7 890.667 492.723 524.033 397.945 154.983 93.0898 292.377 155.795 408.519
internal_count=19381 9661 9720 5796 7876 4374 2450 3502 1924 761 476 1451 788 2860
is_linear=0
shrinkage=0.03


Tree=82
num_leaves=15
num_cat=0
split_feature=4 3 2 16 14 15 16 6 15 13 5 6 6 16
split_gain=134.716 48.3185 24.7569 22.5785 21.5412 20.395 19.8429 18.2552 27.8917 19.6701 16.8992 16.1771 14.8871 18.6411
threshold=0.0096922985499434695 -0.50093993088181599 0.62749629824272757 15.724146122010994 0.0037366659525053 0.018131499832870403 14.432309868117953 0.29648746444446245 0.010362123533172151 1.7193934546048781 -0.22840850310103386 0.7949755285713338 -0.1065002382886847 13.040824776083682
decision_type=2 2 2 2 10 2 2 10 2 10 10 10 10 2
left_child=1 -1 6 4 -3 7 11 9 -9 -6 -7 -2 13 -12
right_child=2 3 -4 -5 5 10 -8 8 -10 -11 12 -13 -14 -15
leaf_value=0.016769172554310617 -0.0087407135008464865 -0.024616134122981179 -0.027034814482410116 -0.012614602842881018 -0.0044010349520886135 0.014391566739193123 -0.026324381295392562 0.01206888762717548 -0.020248663531348535 0.0072176282617083341 0.0094853604682935272 0.022224974219193359 0.0080507187716416361 -0.020506473416385295
leaf_weight=221.74772492796183 171.97308106720448 25.505223397165537 125.96083287149668 92.132809963077307 550.32359436154366 220.18358665704727 56.135994786396623 198.04449501261115 27.354530546814203 172.16726345941424 31.961470559239388 16.654337115585804 160.30557867512107 44.786844827234745
leaf_count=1786 2946 198 3978 823 3207 1095 1367 1007 146 942 197 204 1050 368
internal_value=0.000195442 0.00368556 -0.016228 0.0017803 0.00270733 0.0032033 -0.0106665 0.000693045 0.00814681 -0.00163234 0.00840725 -0.00600668 0.00284881 -0.00801652
internal_weight=2115.24 1744.51 370.724 1522.77 1430.63 1405.13 244.763 947.89 225.399 722.491 457.237 188.627 237.054 76.7483
internal_count=19314 10819 8495 9033 8210 8012 4517 5302 1153 4149 2710 3150 1615 565
is_linear=0
shrinkage=0.03


Tree=83
num_leaves=15
num_cat=2
split_feature=3 5 2 10 14 19 10 0 5 14 14 0 19 0
split_gain=130.892 43.0464 36.6157 24.4449 16.8287 19.4401 17.0817 15.4324 20.6473 21.2583 25.7094 15.5871 12.3743 12.5018
threshold=-0.060246219843642639 -0.5257321239107744 0.56592003676005731 0.2615380851740931 0.004858670245504201 0 0.16246042806854963 1.2993876769189603 -0.1693474511086295 0.047598203733098012 0.45688129504937697 0.0426115271718105 1 0.15790279789432141
decision_type=2 10 2 2 10 1 2 10 10 10 10 10 1 10
left_child=1 -1 3 -2 -3 -6 -7 8 9 -8 -11 -12 13 -5
right_child=2 4 -4 12 5 6 7 -9 -10 10 11 -13 -14 -15
leaf_value=0.017666049092486754 -0.022764484658383939 -0.020812188330140889 -0.023784155606492222 -0.010759342372199349 0.0099543461212620674 -0.022953809984836697 -0.008615893795160371 0.030685419062469289 -0.0044436857386855582 0.014417426114677457 -0.0012143223004314095 0.016608533870767071 0.0086075587235195337 0.0060000214692834787
leaf_weight=188.83964709192514 71.8894252628088 27.554124031215906 185.25110818631947 159.9580489359796 267.70140051096678 26.06385912001133 97.631400570273399 16.199791222810745 376.75047355145216 225.69323293864727 297.77812871336937 51.85244557261467 56.291719749569893 53.442955490201712
leaf_count=1619 1468 177 5723 1708 1349 272 475 81 2375 1129 1440 254 603 642
internal_value=-9.91094e-05 0.00422821 -0.0130446 -0.00722023 0.00239894 0.00286932 0.00103179 0.00162797 0.00117954 0.00432767 0.00652417 0.00142892 -0.00307674 -0.00626848
internal_weight=2102.9 1576.06 526.833 341.582 1387.22 1359.67 1091.97 1065.91 1049.71 672.955 575.324 349.631 269.693 213.401
internal_count=19315 9171 10144 4421 7552 7375 6026 5754 5673 3298 2823 1694 2953 2350
cat_boundaries=0 1 2
cat_threshold=23 376
is_linear=0
shrinkage=0.03


Tree=84
num_leaves=15
num_cat=1
split_feature=3 3 2 5 13 9 9 1 14 14 19 13 14 14
split_gain=120.804 44.5441 24.8034 22.1487 23.1759 18.607 17.6571 17.6492 13.9978 22.123 12.724 17.3635 14.6313 12.5126
threshold=0.0031807142154502981 -0.49243706786315639 0.63600153816814464 -0.1693474511086295 0.84320146941972907 0.42020545844227547 0.21481245861751427 14.009925196147252 0.37549821817445617 0.046368335969891351 0 0.96521901945295274 0.015193074470927203 0.83301448579610649
decision_type=2 2 2 10 10 2 2 2 10 10 1 10 10 10
left_child=1 -1 5 8 7 -2 13 -5 9 10 12 -12 -3 -6
right_child=2 3 -4 4 6 -7 -8 -9 -10 -11 11 -13 -14 -15
leaf_value=0.015928374728650666 -0.019077154745670385 -0.0033619495825186843 -0.027322314828440289 0.052908619695980902 -0.022188674535628661 -0.0033062059961862693 -0.0030348529613244196 0.0063119977574388978 0.00048729205786291819 0.013244471440272309 -0.038473322513695361 -0.0025036651250711266 0.019551513707540592 0.015964821903777952
leaf_weight=227.3467772975564 121.15689809247851 49.081200920045376 107.60152243636549 7.8913140334188929 74.527123615145683 151.54661927931011 399.84315974637866 100.30319265648723 404.98314768448472 294.96792690083385 13.97738043963909 88.898910090327263 51.291080705821514 8.6321195662021619
leaf_count=1840 2900 257 3637 41 907 2003 2827 640 1976 1479 68 441 251 80
internal_value=0.000176879 0.00355692 -0.0151255 0.00167482 -0.00283946 -0.0103129 -0.00565072 0.00971059 0.00462967 0.00799687 0.00038121 -0.00673595 0.00759076 -0.0182283
internal_weight=2102.05 1721.74 380.305 1494.4 591.197 272.704 483.002 108.195 903.2 498.216 203.249 102.876 100.372 83.1592
internal_count=19347 10807 8540 8967 4495 4903 3814 681 4472 2496 1017 509 508 987
cat_boundaries=0 1
cat_threshold=23
is_linear=0
shrinkage=0.03


Tree=85
num_leaves=15
num_cat=0
split_feature=3 3 4 10 4 10 6 13 13 6 1 10 6 16
split_gain=119.594 38.7173 22.1955 19.4544 18.9881 15.0111 14.9606 16.5286 13.4394 16.1263 19.3122 13.4322 13.9675 13.7163
threshold=0.0031807142154502981 -0.50093993088181599 0.19904868457264871 0.66330586117003121 -0.18032746882489584 0.55349616009666502 0.29648746444446245 0.29376149827717574 0.92937025068064383 0.21137523376331704 15.089745769343654 0.31647907222475863 0.026184747042986904 12.014790098585383
decision_type=2 2 2 2 2 2 10 10 10 10 2 2 10 2
left_child=1 -1 3 8 5 -3 7 -6 9 -2 -11 12 -9 -14
right_child=2 4 -4 -5 6 -7 -8 11 -10 10 -12 -13 13 -15
leaf_value=0.01504836386011014 -0.015851625551195681 0.0098764510297956916 -0.026703759761284824 -0.00061854738437681846 0.017594005908626854 0.00075141611565014298 0.0059522223907296232 -0.018326837102264133 -0.021917128614192771 -0.033003954318041678 0.049595373123494373 -0.0019424560236448525 0.043298748451844692 -0.0052202099161547267
leaf_weight=211.60580264776945 23.41299051977694 317.13714980334044 113.46231677569449 102.57121079415083 31.302657645195723 332.21577455848455 184.92818443849683 110.32387783378363 126.31209579668939 3.5499599222093812 9.0218899119645339 451.55577507615089 5.6715524718165389 69.549868538975716
leaf_count=1767 473 1556 3900 1145 167 1603 1057 1135 2888 68 149 2808 47 632
internal_value=-0.000335206 0.00303397 -0.0156016 -0.0108458 0.00134212 0.00520799 -0.00159965 -0.00368904 -0.0173093 -0.00113527 0.0262715 -0.00473474 -0.0115302 -0.00156197
internal_weight=2092.62 1714.29 378.33 264.868 1502.68 649.353 853.332 668.404 162.297 35.9848 12.5718 637.101 185.545 75.2214
internal_count=19395 10772 8623 4723 9005 3159 5846 4789 3578 690 217 4622 1814 679
is_linear=0
shrinkage=0.03


Tree=86
num_leaves=15
num_cat=2
split_feature=3 3 2 10 15 5 16 19 16 2 19 14 0 0
split_gain=118.277 39.8145 29.8287 21.7929 15.3678 17.8235 16.8045 11.5453 14.6312 11.4992 11.409 17.3607 10.9619 10.4139
threshold=-0.057055229168511627 -0.28509163716932201 0.62749629824272757 0.63036326287907596 0.0022753622588801005 -0.29740529444809022 12.926330176793952 0 16.023437592726356 0.20057151884838784 1 0.052192816267419208 0.023204349978211972 -0.42819476273692936
decision_type=2 2 2 2 2 10 2 1 2 2 1 8 10 10
left_child=1 4 3 10 6 -6 9 -3 -9 -1 11 -2 -7 -4
right_child=2 7 13 -5 5 12 -8 8 -10 -11 -12 -13 -14 -15
leaf_value=0.018147068415414861 -0.0134904142954042 0.0046445739192008603 0.054767228392956391 0.00020979022063510839 0.016463132110009378 -0.0017710830229300601 -0.036513446528098258 -0.0018049314931237784 -0.02346688158605412 0.00080195143263048457 -0.015722920742114618 0.04876241899745392 0.012479731880443842 -0.027611610372507742
leaf_weight=42.914159752428532 9.1551918778568524 258.56282494962215 1.3987671118229617 146.72280345484614 306.61874221265316 104.29820738732815 9.5048472955822927 559.87271187081933 29.543279472738504 173.38087146729231 230.14105932228267 7.2043869625776997 90.933518573641777 109.33857092447579
leaf_count=409 162 1450 45 1423 2126 461 53 3119 272 917 4494 104 425 3867
internal_value=-0.000166978 0.00387928 -0.0128176 -0.00894438 0.00902736 0.0119518 0.0025277 -0.000538293 -0.00284247 0.00424332 -0.0143932 0.00864187 0.00486655 -0.0265711
internal_weight=2079.59 1575.63 503.961 393.223 727.65 501.85 225.8 847.979 589.416 216.295 246.501 16.3596 195.232 110.737
internal_count=19327 9232 10095 6183 4391 3012 1379 4841 3391 1326 4760 266 886 3912
cat_boundaries=0 1 2
cat_threshold=115 144
is_linear=0
shrinkage=0.03


Tree=87
num_leaves=15
num_cat=0
split_feature=4 3 4 16 10 4 13 15 10 15 2 15 6 6
split_gain=126.004 37.8355 22.5758 19.5457 19.487 16.1239 15.008 17.9697 12.6264 30.7092 16.0977 17.8133 14.7795 15.974
threshold=0.0096922985499434695 -0.23496726404432275 0.1905734042466917 14.432309868117953 0.31647907222475863 -0.58423173546621499 1.2757070733497684 0.090638302827066364 3.6261597033232875 0.0005651148021666001 0.29663770740679501 0.0013936217488551503 -0.043394436634884063 -0.22613822657811836
decision_type=2 2 2 2 2 2 10 2 2 2 2 2 10 10
left_child=1 5 3 -2 6 -1 7 -3 10 -10 -7 -12 13 -11
right_child=2 4 -4 -5 -6 8 -8 -9 9 12 11 -13 -14 -15
leaf_value=0.025346431126991663 -0.0058005659701865627 -0.0057540784859286612 -0.026463306109840209 -0.026851078135327371 0.0020501195600331223 0.016404134845860098 -0.013937819035285742 0.026429204328366547 0.022167767615059186 -0.006039971716467374 -0.0086277140205180698 0.0081681545258633741 -0.00012855014479834623 -0.04268185747566882
leaf_weight=45.822938181459904 179.88464405946434 67.433847185224295 120.56421192549169 50.939642116427422 585.82092911377549 183.75537990033627 149.15945043414831 20.319281846284866 38.975169993937016 23.86371573060751 64.904023990035057 456.87942403554916 69.147353976964951 19.423150718212128
leaf_count=457 3087 543 4163 1346 3491 1376 1581 122 226 138 292 2149 410 112
internal_value=0.000432829 0.00376741 -0.0159417 -0.0104461 -0.000886012 0.00800827 -0.00814627 0.00169798 0.00708116 -0.000779666 0.0087681 0.00607894 -0.00873436 -0.0224815
internal_weight=2076.89 1725.5 351.388 230.824 822.734 902.771 236.913 87.7531 856.948 151.409 705.539 521.783 112.434 43.2869
internal_count=19493 10897 8596 4433 5737 5160 2246 665 4703 886 3817 2441 660 250
is_linear=0
shrinkage=0.03


Tree=88
num_leaves=15
num_cat=0
split_feature=4 3 10 1 2 2 13 10 1 14 13 9 9 14
split_gain=106.115 36.9272 23.3196 23.8216 18.0575 16.8282 16.5019 15.5187 19.4303 15.2415 14.154 14.1108 14.1679 14.0437
threshold=0.0096922985499434695 -0.28509163716932201 1.1392715174473211 16.111726510825971 0.56766698434194696 0.70461060424620792 1.1192202320542519 0.3017654598748703 16.409983984272774 0.12217325918785275 0.72420772447347126 0.27308526021832052 0.29722762086157789 0.12050675191640116
decision_type=2 2 2 2 2 2 10 2 2 10 10 2 2 10
left_child=1 6 4 5 11 10 -1 9 13 -3 -4 -2 -13 -9
right_child=2 7 3 -5 -6 -7 -8 8 -10 -11 -12 12 -14 -15
leaf_value=0.014629635916102477 -0.025953734031938677 0.0019275140451943753 0.045352953594932563 0.093858733533702832 -0.027259515312736682 -0.029335031232099986 0.0051297763762040548 0.0047124866560779889 0.010142544125768106 -0.013048344014972539 -0.0011812474245046143 0.046769151044549075 -0.0075072609790117154 -0.0048556236752199102
leaf_weight=260.13441480696201 41.236945278942585 105.24205989763141 6.6132621597498646 2.322932004928588 129.71116373687983 17.703028682619333 447.9460212662816 233.70050410926342 189.66722087934613 146.03069666400552 53.252830034121871 4.562216989696025 84.454148339107633 337.35871325805783
leaf_count=1651 1011 828 97 42 4512 629 2684 1273 1122 1403 788 94 1274 1882
internal_value=0.000338279 0.00336488 -0.0149799 -0.000804401 -0.0193364 -0.00363924 0.00861983 -0.000311929 0.00182317 -0.00677592 0.00395927 -0.0114462 -0.00472552 -0.000939966
internal_weight=2059.94 1720.08 339.857 79.8921 259.964 77.5691 708.08 1012 760.726 251.273 59.8661 130.253 89.0164 571.059
internal_count=19290 10843 8447 1556 6891 1514 4335 6508 4277 2231 885 2379 1368 3155
is_linear=0
shrinkage=0.03


Tree=89
num_leaves=15
num_cat=2
split_feature=4 5 16 0 1 15 14 5 19 9 19 15 4 9
split_gain=97.8259 37.4665 20.9313 19.0444 16.0041 15.2793 16.92 15.7577 19.0968 19.2008 18.1343 17.5824 15.2325 14.5673
threshold=0.0096922985499434695 -0.38680358626481909 11.274119788455563 0.22052453982447032 17.509255920362488 0.0016077564791259003 0.0075396338629919015 -0.22840850310103386 0 0.36294350797896496 1 0.0045208569935089012 0.19904868457264871 0.32692550350261335
decision_type=2 10 2 10 2 2 10 10 1 2 1 2 2 2
left_child=1 13 -2 5 -5 -3 -7 10 11 -10 -8 -9 -4 -1
right_child=2 3 12 4 -6 6 7 8 9 -11 -12 -13 -14 -15
leaf_value=0.02468496688954416 0.0058208872936723523 -0.009293017178095709 -0.013153615672089251 0.012030428765270211 -0.022609110565529857 -0.017690230500478937 0.014644880491187645 0.019052164278018268 -0.0058457592514912695 0.007155604518645154 0.00082361219234274691 -0.01866652843559315 -0.027563678564380974 0.0081360987258484486
leaf_weight=55.389573015272617 37.712212581187487 186.28746714070439 200.57479775696993 155.80396036431193 13.006214935332535 45.743202392011881 121.76730979979038 12.598863355815409 202.71760816127062 206.23789587244391 260.38677944615483 94.926781557500362 98.415122102946043 352.74774026125669
leaf_count=403 501 1012 4264 820 78 323 576 84 1813 1224 1214 783 3696 2522
internal_value=-0.000461283 0.0024528 -0.0152403 -3.75843e-05 0.00936158 -0.00144089 0.000108011 0.00101399 -0.00240318 0.000693913 0.00563231 -0.0130348 -0.0178968 0.010382
internal_weight=2044.32 1707.61 336.702 1299.48 168.81 1130.67 944.378 898.635 516.481 408.956 382.154 107.526 298.99 408.137
internal_count=19313 10852 8461 7927 898 7029 6017 5694 3904 3037 1790 867 7960 2925
cat_boundaries=0 1 2
cat_threshold=520 547
is_linear=0
shrinkage=0.03


Tree=90
num_leaves=15
num_cat=1
split_feature=4 3 2 6 13 8 11 2 7 6 19 9 7 16
split_gain=105.751 35.8732 26.4467 29.7716 19.6342 19.4641 19.0313 17.7294 17.0239 12.3017 13.4809 12.9461 11.5361 16.1068
threshold=-0.019365000450276556 -0.39875695702646546 0.63600153816814464 -0.51403416582720773 0.93705000983645037 -0.1203077300887125 11.500000000000002 0.20057151884838784 15.013684780960691 0.053427950486814819 0 0.20801920079779337 16.323930064246955 13.82779114654824
decision_type=2 2 2 10 10 2 2 2 2 10 1 2 2 2
left_child=1 6 3 -2 8 -6 7 -1 -5 10 -3 -12 -13 -14
right_child=2 9 -4 4 5 -7 -8 -9 -10 -11 11 12 13 -15
leaf_value=0.01784712428978252 0.052451174641383859 0.0080758603988285785 -0.027163141393997347 -0.013658653739272053 -0.003930125983312556 -0.021478761582843196 0.016848776585245584 -0.0050541561955691015 0.016093830638042636 0.004465543719519148 -0.014409636979918873 -0.0045815868059435908 0.025978704845464762 0.00080163287449148187
leaf_weight=46.192478507757187 6.8931841924786559 102.81843086704612 96.313220959156752 30.337067330256104 92.856605974957347 146.83552840165794 238.4926263988018 89.125509575009346 40.302103251218796 562.25292835384607 81.412699699401855 350.65709773823619 27.603581167757511 133.31900116801262
leaf_count=452 100 554 3692 480 1111 3478 1757 537 634 3028 702 1887 140 809
internal_value=0.00015609 0.00358999 -0.0133945 -0.00921422 -0.010584 -0.0146804 0.01175 0.00276348 0.00331617 0.00116541 -0.00150128 -0.00324335 -0.00152975 0.00512034
internal_weight=2045.41 1631.87 413.538 317.224 310.331 239.692 373.811 135.318 70.6392 1258.06 695.811 592.992 511.58 160.923
internal_count=19361 9866 9495 5803 5703 4589 2746 989 1114 7120 4092 3538 2836 949
cat_boundaries=0 1
cat_threshold=19
is_linear=0
shrinkage=0.03


Tree=91
num_leaves=15
num_cat=0
split_feature=2 3 16 10 15 5 10 10 13 13 3 2 13 1
split_gain=89.5809 39.7548 26.5161 17.5363 16.5118 20.0248 22.5383 16.6376 14.4691 13.9039 14.2014 12.7944 12.5188 13.0973
threshold=0.52600646071075463 -0.50093993088181599 11.274119788455563 0.16246042806854963 0.0016077564791259003 -0.24162756574232094 0.4633095130696705 3.5229422991187858 1.1783529518450997 2.4491390968433051 -0.053989310684344087 0.44272013521895953 -0.15768600988873377 16.482010210407818
decision_type=2 2 2 2 2 10 2 2 10 10 2 2 10 2
left_child=1 -1 -2 -3 8 7 -7 9 -5 10 11 12 -6 -14
right_child=2 3 -4 4 5 6 -8 -9 -10 -11 -12 -13 13 -15
leaf_value=0.0146701485300783 0.012699227615065494 -0.016625374691001542 -0.020214730305266659 0.0015273181512011089 0.034497245884146224 -0.0056341063797159911 0.0052076218384076904 -0.0098561838862422091 -0.011585237676488979 0.027362577175805845 -0.014738913337018829 0.034901702591095853 0.0018900965303935517 0.013185873141446364
leaf_weight=202.17069063335657 24.404322938993573 51.826427899301052 226.31517701596022 148.92211423069239 15.066501647233961 374.46241581067443 320.07764900848269 46.993061281740665 154.11471758410335 33.933663755655289 24.550968639552593 16.173517964780331 220.916648209095 158.78336437791586
leaf_count=1769 432 744 7076 803 82 3162 1813 226 863 173 126 79 1090 816
internal_value=-0.000229202 0.00215063 -0.017011 0.000534172 0.00112157 0.00268883 -0.000637714 0.00716275 -0.0051413 0.00886648 0.00742526 0.00874942 0.00767797 0.00661378
internal_weight=2018.71 1767.99 250.719 1565.82 1513.99 1210.96 694.54 516.418 303.037 469.425 435.491 410.94 394.767 379.7
internal_count=19254 11746 7508 9977 9233 7567 4975 2592 1666 2366 2193 2067 1988 1906
is_linear=0
shrinkage=0.03


Tree=92
num_leaves=15
num_cat=1
split_feature=4 4 4 0 6 13 6 19 1 1 15 15 10 16
split_gain=93.9345 33.6685 29.5655 26.1585 15.665 12.9685 19.0507 14.7471 14.0936 16.0464 14.3635 13.122 12.9282 11.4705
threshold=-0.05635270814358561 -0.35464464190718953 0.18319686666317406 0.29624458149865412 -0.46303301614014952 1.1783529518450997 0.070732088033685372 0 14.042667474850655 16.685431852654123 0.021667511523009452 0.0016077564791259003 0.18904917777577632 11.460692058684984
decision_type=2 2 2 10 10 10 10 1 2 2 2 2 2 2
left_child=1 -1 3 4 -2 6 7 -3 -9 -10 -11 -7 -13 -5
right_child=2 5 -4 13 -6 11 -8 8 9 10 -12 12 -14 -15
leaf_value=0.01498562571493443 0.01724250561417728 0.010801883278222875 -0.024520292485682098 0.027086831573829302 -0.012666287189419314 -0.0093039593728735971 0.013299825793348508 0.024022783498095855 -0.011206404460142315 -0.002606529548198286 0.045373078984244211 -0.015740052177154889 0.002471432736507163 0.0014284124025165542
leaf_weight=216.85259678959846 16.613851206377149 77.796667829155922 109.70204422064126 19.664696086198092 306.91990637220442 117.93925139307976 196.32327488064766 14.314932323992251 131.16848862916231 14.857043862342836 9.0277258157730085 37.036205433309078 665.00709658488631 77.398012643679976
leaf_count=1943 220 380 4196 127 5294 575 985 67 667 75 51 351 3433 878
internal_value=0.000183741 0.0040648 -0.0106502 -0.00703254 -0.0111304 0.00219043 0.00632324 0.000781734 -0.00421007 -0.00708812 0.0155283 -4.47979e-05 0.00151069 0.00662675
internal_weight=2010.62 1480.32 530.299 420.596 323.534 1263.47 443.488 247.165 169.368 155.053 23.8848 819.983 702.043 97.0627
internal_count=19242 8527 10715 6519 5514 6584 2225 1240 860 793 126 4359 3784 1005
cat_boundaries=0 1
cat_threshold=91
is_linear=0
shrinkage=0.03


Tree=93
num_leaves=15
num_cat=1
split_feature=3 3 4 16 1 7 14 14 3 15 17 14 19 9
split_gain=79.2802 37.0422 24.6985 14.6538 13.9498 23.2677 16.7056 16.6159 16.4112 15.138 14.1502 12.0891 11.9174 11.7332
threshold=0.0031807142154502981 -0.50093993088181599 0.19904868457264871 15.724146122010994 16.435538936180929 16.637601966349767 0.32603663766125218 0.0071431072813722008 -0.2590071439150432 0.00045328221078665007 11.201472169399095 0.052192816267419208 0 0.80852974510860365
decision_type=2 2 2 2 2 2 10 10 2 2 2 10 1 2
left_child=1 -1 13 4 6 11 7 -3 -7 -8 -11 -6 -10 -2
right_child=2 3 -4 -5 5 8 9 -9 12 10 -12 -13 -14 -15
leaf_value=0.014884207351260607 -0.012348812962921511 -0.012409831594610116 -0.026287248688733531 -0.011089943493017224 -0.012583764585926053 0.011321200792911292 0.013222293106099394 0.0050649001901034319 0.017179389080850347 -0.030151823728668124 -0.0049188404257187908 0.023783684181511732 -0.0053548777226992356 0.0021316046699518284
leaf_weight=199.25068996846676 174.50787783414125 54.248735427856445 93.547635680064559 83.713532833382487 9.1649220883846265 119.32393522560596 39.424001831561327 503.4247292727232 14.332309428602455 21.142357248812914 370.73824397847056 80.334802780300379 169.89992225915194 70.790658345445991
leaf_count=1778 3988 375 3868 757 48 611 192 2847 82 109 2089 463 1347 711
internal_value=5.57901e-05 0.00274773 -0.0131717 0.00109793 0.00183618 0.0066171 -6.39335e-05 0.00336501 0.00265375 -0.00449753 -0.00628019 0.0200596 -0.00296 -0.00816991
internal_weight=2003.84 1665 338.846 1465.75 1382.03 393.056 988.978 557.673 303.556 431.305 391.881 89.4997 184.232 245.299
internal_count=19265 10698 8567 8920 8163 2551 5612 3222 2040 2390 2198 511 1429 4699
cat_boundaries=0 1
cat_threshold=20
is_linear=0
shrinkage=0.03


Tree=94
num_leaves=15
num_cat=0
split_feature=4 5 3 6 9 14 14 1 14 1 6 1 4 10
split_gain=84.0307 30.3134 27.2969 23.9321 21.1007 18.4186 16.7844 14.9044 14.1186 12.7266 20.6833 16.9987 11.0224 10.4929
threshold=-0.010812689839031274 -0.40175630673745866 0.28283436409141477 0.83581201242931991 0.27308526021832052 0.0071431072813722008 0.45688129504937697 16.435538936180929 0.99256082205212015 16.435538936180929 0.42257598837721438 17.541350573026708 -0.58423173546621499 0.25672797949908582
decision_type=2 10 2 10 2 10 10 2 10 2 10 2 2 2
left_child=1 7 3 4 -2 -3 13 12 -8 10 -10 -11 -1 -7
right_child=2 5 -4 -5 -6 6 8 -9 9 11 -12 -13 -14 -15
leaf_value=0.0226586893756122 -0.025293887681688294 -0.018057986500288441 -0.026657463360408643 0.020929456134712549 -0.005475777553606071 -0.0028229709824040636 -0.008290773122174893 0.022753164417664125 -0.005915936671939518 0.020643637463981762 0.01602197928685363 -0.0071609148027019613 0.0054829211236655517 0.006762111337170567
leaf_weight=38.857534110546112 64.970922820270061 43.692898157984018 92.619774965569377 23.777647418901324 189.03230370767415 126.72987638041377 207.62795535847545 75.665017940104008 206.24467527866364 59.387331515550613 47.606716804206371 29.678746160119772 249.81171035021544 544.09482078254223
leaf_count=421 1865 294 3743 291 3278 1052 1268 616 1096 323 227 175 1729 2922
internal_value=0.000344583 0.00327662 -0.0125535 -0.00785084 -0.010545 0.00108069 0.00176535 0.0109015 -0.00211668 0.00162158 -0.00180175 0.0113786 0.00779494 0.00495133
internal_weight=1999.8 1629.4 370.401 277.781 254.003 1265.06 1221.37 364.334 550.545 342.917 253.851 89.0661 288.669 670.825
internal_count=19300 10123 9177 5434 5143 7357 7063 2766 3089 1821 1323 498 2150 3974
is_linear=0
shrinkage=0.03


Tree=95
num_leaves=15
num_cat=0
split_feature=3 4 10 2 6 10 10 16 0 15 11 7 14 16
split_gain=80.4103 25.9664 23.2926 19.7483 15.4094 16.8068 12.5061 12.4198 12.0085 11.7546 13.6902 17.0734 12.7301 12.5106
threshold=0.0062471382938447126 -0.35464464190718953 0.16246042806854963 0.63600153816814464 0.17304908361137186 0.63036326287907596 0.94848888725749314 13.287635171064817 0.22052453982447032 0.0016815408994138501 10.500000000000002 14.190510458379771 0.0042355090558023516 13.378433118119014
decision_type=2 2 2 2 10 2 2 2 10 2 2 2 10 2
left_child=1 6 -3 4 5 -2 -1 -8 -7 10 11 -4 -11 -14
right_child=3 2 9 -5 -6 8 7 -9 -10 12 -12 -13 13 -15
leaf_value=0.022364103818878742 -0.021513596429519177 -0.020011438570654828 0.022109184224706174 -0.025696923786107384 0.0025375507925611183 -0.0069505575042621203 0.0096699218292247025 -0.028650704859332046 0.031681209458056261 -0.019443782173658847 -0.0070228092852790518 -0.0081368071248512659 0.0070722850359479653 0.00069534993997446453
leaf_weight=79.909348644316196 102.10462202876806 43.115273393690586 37.335692428052425 83.554700560867786 74.853231191635132 60.906494189053774 119.0728353112936 8.1316754445433599 8.2189500685781223 20.959380749613047 207.17131813429296 30.533342123031616 605.24133785627782 510.36151286587119
leaf_count=766 2733 575 179 3658 1306 705 1081 59 133 134 1139 164 3364 3294
internal_value=0.000439822 0.00312464 0.00170967 -0.0130954 -0.0088167 -0.0137802 0.0130631 0.00722024 -0.00235728 0.00237311 -0.00319192 0.00850193 0.0037198 0.00415499
internal_weight=1991.47 1661.83 1454.72 329.638 246.083 171.23 207.114 127.205 69.1254 1411.6 275.04 67.869 1136.56 1115.6
internal_count=19290 10755 8849 8535 4877 3571 1906 1140 838 8274 1482 343 6792 6658
is_linear=0
shrinkage=0.03


Tree=96
num_leaves=15
num_cat=1
split_feature=4 4 13 10 1 6 13 5 10 6 19 15 0 7
split_gain=69.7493 29.6192 19.2072 24.8813 21.3536 20.4518 20.2344 15.9378 15.8885 17.3095 15.8376 20.3592 17.5171 21.1661
threshold=0.097002577833558604 -0.33349568627194881 1.0929175514468417 0.18904917777577632 16.637912005273758 0.2847121500126088 0.16648269435719201 -0.1693474511086295 0.48482515216822269 0.90853547664890444 0 0.0015429557096593002 -0.14624977562314354 16.263569552630361
decision_type=2 2 10 2 2 10 10 10 2 10 1 2 10 2
left_child=1 -1 4 -4 5 6 -3 10 9 -9 12 -12 13 -5
right_child=-2 2 3 7 -6 -7 -8 8 -10 -11 11 -13 -14 -15
leaf_value=0.011197594464677003 -0.01870874875248418 0.016160051492984821 -0.020111721801914853 -0.014184549404730105 0.019674658076235911 0.013545705414093426 -0.0052340111605952214 -0.012884853802057523 -0.00026111218116630085 0.045105603487728775 -0.025441699382347992 0.011981229001174779 0.0055446875409835344 0.0058483875308955576
leaf_weight=242.36281755566597 169.10473996773362 47.351953005418181 65.921206893399358 138.00442210584879 74.871065977960825 105.84904310293496 249.06416489370167 199.0746542699635 251.08673112653196 4.7428572978824368 14.091772392392157 182.8827558234334 175.38512078300118 72.353623777627945
leaf_count=2148 6008 272 1083 691 517 598 1666 2331 1757 41 67 927 835 374
internal_value=-0.00027766 0.001432 -6.53406e-05 -0.00223983 0.00496392 0.00222591 -0.00181635 -0.00110441 -0.0053125 -0.0115354 0.00218068 0.00885443 -0.00141992 -0.00729413
internal_weight=1992.15 1823.04 1580.68 1103.54 477.136 402.265 296.416 1037.62 454.904 203.818 582.718 196.975 385.743 210.358
internal_count=19315 13307 11159 8106 3053 2536 1938 7023 4129 2372 2894 994 1900 1065
cat_boundaries=0 1
cat_threshold=344
is_linear=0
shrinkage=0.03


Tree=97
num_leaves=15
num_cat=1
split_feature=3 10 4 3 6 14 14 10 5 14 6 16 19 15
split_gain=70.9713 24.0603 23.1129 21.9285 19.2199 16.3928 18.2749 15.0616 12.8141 21.8928 17.593 19.1862 17.9908 28.9047
threshold=1.0000000180025095e-35 0.15822096963046986 0.16444894842391314 -0.58799254135395829 0.17304908361137186 0.0058552881693562505 0.36295900953419197 0.77231583276429838 -0.27898754478329008 0.036402556190887052 0.056763207491622787 14.15978432527586 0 0.0040196350004220007
decision_type=2 2 2 2 10 10 10 2 10 10 10 2 1 2
left_child=1 -1 4 -3 7 -5 8 -2 9 -7 11 12 13 -10
right_child=2 3 -4 5 -6 6 -8 -9 10 -11 -12 -13 -14 -15
leaf_value=-0.020161638137475384 -0.019875809661262445 0.015702147755976198 -0.024527665164795136 -0.01823780191037009 0.005466612162171528 -0.000216249148513749 -0.00081397096505488682 -0.00029240296823041873 0.030311584051229926 0.01674075314612182 0.0094835829488960962 -0.016545577966008636 0.0099552774542227898 -0.015115227006631272
leaf_weight=40.706662902608514 103.85398060269654 116.97466095536947 101.31721838377416 34.452455423772335 72.384572595357895 106.10860126465559 699.49989432841539 53.58178649097681 14.998216131702064 193.45992112159729 202.25374021008611 64.144215814769268 110.76700408011675 79.044683422893286
leaf_count=526 2529 1157 4439 214 1091 594 4196 585 87 1104 1193 492 659 492
internal_value=9.21579e-05 0.00261846 -0.0125906 0.00319026 -0.00732812 0.00221761 0.00269694 -0.0132108 0.00588318 0.0107345 0.00279897 -0.00222786 0.00225629 -0.00711398
internal_weight=1993.55 1662.41 331.138 1621.7 229.82 1504.73 1470.28 157.436 770.776 299.569 471.208 268.954 204.81 94.0429
internal_count=19358 10714 8644 10188 4205 9031 8817 3114 4621 1698 2923 1730 1238 579
cat_boundaries=0 1
cat_threshold=524
is_linear=0
shrinkage=0.03


Tree=98
num_leaves=15
num_cat=0
split_feature=2 2 0 9 2 15 14 5 5 13 6 13 1 10
split_gain=65.6178 36.6074 20.9882 16.9221 20.2119 14.1085 15.1995 14.0164 13.9239 16.6017 20.5014 14.1285 13.9698 13.7063
threshold=0.63600153816814464 0.37568278362025959 1.2993876769189603 0.6818353382264023 0.53805431719799912 0.0016815408994138501 0.0058552881693562505 -0.57155739292223717 -0.13843374306806364 1.333643677469768 -0.41272805698796328 2.3190633287387254 17.739656061423755 5.0228644888179703
decision_type=2 2 10 2 2 2 10 10 10 10 10 10 2 2
left_child=1 7 3 4 5 -3 -7 13 11 10 -10 -8 -12 -1
right_child=-2 2 -4 -5 -6 6 8 -9 9 -11 12 -13 -14 -15
leaf_value=0.021114257581968904 -0.0256933051452043 -0.015279248137155914 0.034273246308885515 0.0036075550267412426 -0.018940440586773733 -0.026292447400240442 0.00085946539352229441 0.0048982474805713064 0.05739263348814564 -0.011740395517550836 -0.0032227861238078945 0.017991067612903606 0.032021004363597561 -0.0019055853183115286
leaf_weight=99.433712013065815 82.472434259951115 75.0551782194525 14.379245191812513 322.79456488415599 78.907253047451377 21.60590915940702 289.58917994424701 629.05810665339231 5.8739604242146006 166.15482144057751 110.41609271429479 50.947861719876528 11.143547628074883 30.394502609968185
leaf_count=1022 3754 547 116 2208 2567 224 1612 3341 53 2180 1092 294 116 299
internal_value=0.000505297 0.00163905 -0.00174318 -0.00220048 -0.00451593 -0.00295843 -0.00154819 0.00675046 -0.000705102 -0.0054928 0.00265316 0.00342253 8.063e-06 0.015725
internal_weight=1988.23 1905.75 1146.87 1132.49 809.694 730.787 655.731 758.886 634.125 293.588 127.434 340.537 121.56 129.828
internal_count=19425 15671 11009 10893 8685 6118 5571 4662 5347 3441 1261 1906 1208 1321
is_linear=0
shrinkage=0.03


Tree=99
num_leaves=15
num_cat=0
split_feature=2 2 6 13 0 5 4 9 0 7 7 9 6 16
split_gain=65.5206 27.6674 16.2594 20.4722 16.8471 15.0319 13.892 15.1746 12.125 12.7471 14.6319 11.4651 11.379 17.5859
threshold=0.5864972716442306 0.36932675535952908 0.29648746444446245 0.29376149827717574 0.58674316986427877 -0.7388306310588878 -0.054187231811828655 0.52848603710661501 -0.21826842171531477 17.466192595837747 17.237652565282239 0.32977100881230098 -0.046125917473613269 14.812992924426192
decision_type=2 2 8 10 10 10 2 2 10 2 2 2 10 2
left_child=1 5 3 -3 6 -1 -5 -8 -4 10 -10 -7 -13 -14
right_child=-2 2 8 4 -6 11 7 -9 9 -11 -12 12 13 -15
leaf_value=0.022017504060883087 -0.021535144469361004 0.01549451787183502 -0.021806031686765554 -0.0025748857177063426 0.033287480607484494 0.012366099667930838 -0.017290152747513485 -0.0024775122504250798 0.0078117942508049354 -0.012841931119742567 0.049323628326270595 -0.0027865454843588448 0.0077632953527523507 -0.027461718575205695
leaf_weight=48.168482154607773 121.86879727244377 47.958618752658367 14.073924280703066 584.37481305748224 10.404745014384387 137.36996860802174 145.94842391274869 108.5286058858037 192.20038396306336 26.063921852037311 7.9582673218101254 209.32517153024673 298.3080248683691 13.325526252388952
leaf_count=553 5181 310 64 3295 87 795 3176 1095 1311 249 53 1223 1807 72
internal_value=-0.000230847 0.00117713 -0.00171889 -0.00357507 -0.00465195 0.00583994 -0.00512254 -0.0109729 0.0052117 0.00689255 0.0094623 0.00465626 0.00262327 0.00625707
internal_weight=1965.88 1844.01 1137.51 897.215 849.257 706.497 838.852 254.477 240.296 226.223 200.159 658.329 520.959 311.634
internal_count=19271 14090 9640 7963 7653 4450 7566 4271 1677 1613 1364 3897 3102 1879
is_linear=0
shrinkage=0.03


Tree=100
num_leaves=15
num_cat=1
split_feature=3 9 3 2 1 5 13 19 15 6 1 6 2 14
split_gain=61.5463 25.4712 21.8732 15.6973 14.8674 14.432 16.6535 15.8198 14.6076 13.9916 15.7053 12.5164 11.6634 11.6493
threshold=-0.035765668167176072 0.84783210538265474 -0.49243706786315639 0.53947714136468805 16.218877666936759 -0.2090065562439766 2.2287194018514218 0 0.001804033501574 0.091188125165327497 15.951185905279027 0.66579344017308073 0.72636502799562352 0.23222554389050606
decision_type=2 2 2 2 2 10 10 1 2 10 2 10 2 10
left_child=2 3 4 11 -1 7 -7 8 -4 10 -9 -2 -3 -12
right_child=1 12 5 -5 -6 6 -8 9 -10 -11 13 -13 -14 -15
leaf_value=0.0075073613670262052 -0.011232185968269987 0.0056525894519173546 -0.011702450706498469 -0.022746959509305633 0.027671473195218545 0.00022079303123622874 -0.011825931127247596 -0.0089123337845423371 0.014783868072050226 0.0069648081180102373 0.017315185796110414 0.021144440269257062 -0.027798302288192404 -0.0013207471579712517
leaf_weight=159.27768025547266 143.55171095393598 90.052895270287991 21.112038344144821 136.85009572468698 41.479842007160187 513.65557806007564 129.27081036940217 172.9159492701292 166.82429637759924 222.84941948205233 44.373057149350643 11.615850877016781 10.472000384703277 94.437525019049644
leaf_count=1440 2313 1043 108 5572 426 3376 907 836 849 1099 229 125 500 477
internal_value=-0.000234688 -0.0108569 0.0024276 -0.0153406 0.0116736 0.00106818 -0.0022014 0.0039776 0.0112119 0.00120207 -0.00287908 -0.00880847 0.0021679 0.00463653
internal_weight=1958.74 392.543 1566.2 292.018 200.758 1365.44 642.926 722.512 187.936 534.576 311.727 155.168 100.525 138.811
internal_count=19300 9553 9747 8010 1866 7881 4283 3598 957 2641 1542 2438 1543 706
cat_boundaries=0 1
cat_threshold=547
is_linear=0
shrinkage=0.03


Tree=101
num_leaves=15
num_cat=0
split_feature=3 3 10 13 14 14 14 1 6 16 10 5 4 10
split_gain=61.4717 36.208 20.0935 15.2418 14.554 14.8851 12.7058 14.472 24.7801 20.3258 11.6514 14.6719 11.3406 11.8611
threshold=0.19892664708485466 -0.49243706786315639 0.20595954271463013 -0.29027146419449695 0.46887375907808199 0.0042355090558023516 0.99256082205212015 16.409983984272774 0.42257598837721438 14.453039481813425 0.97224888734877901 -0.71312124290416212 -0.29405905737951021 5.0228644888179703
decision_type=2 2 2 10 10 10 10 2 10 2 2 10 2 2
left_child=1 10 3 -3 5 -4 -6 8 -8 -9 -1 -12 13 -13
right_child=-2 2 4 -5 6 -7 7 9 -10 -11 11 12 -14 -15
leaf_value=0.023274194083706259 -0.021037065370015911 0.016478552198679882 -0.019544961567288584 -0.016494040859303727 -0.0083118597968442638 0.0038396953252760775 -0.0070175637934242066 0.021430222674065164 0.012855555869727385 -0.0039670780018093354 0.022439877962883908 0.0017779898176922989 0.017938663208854885 -0.027976214691263851
leaf_weight=66.782231748104095 122.18460780009627 14.373024402186273 25.278541730716825 103.29983879998326 243.27756230719388 793.40311511792243 272.36670182086527 60.10262231528759 71.239423077553511 53.699881555512547 42.096833765506744 46.896191380918026 25.183534532785416 16.231298111379147
leaf_count=668 4890 108 197 1678 1852 5583 1907 393 411 438 493 412 132 145
internal_value=-0.000433277 0.000939215 -0.000523666 -0.0124666 0.0004013 0.00311764 -0.00277248 0.000173702 -0.0028973 0.00944602 0.0130838 0.0078653 0.000917775 -0.00587239
internal_weight=1956.42 1834.23 1637.04 117.673 1519.37 818.682 700.686 457.409 343.606 113.803 197.19 130.408 88.311 63.1275
internal_count=19307 14417 12567 1786 10781 5780 5001 3149 2318 831 1850 1182 689 557
is_linear=0
shrinkage=0.03


Tree=102
num_leaves=15
num_cat=2
split_feature=2 5 10 13 19 13 4 15 13 13 7 7 19 15
split_gain=68.3171 35.2217 24.639 18.1194 17.5642 25.4174 17.551 14.6458 22.1839 13.7781 18.4678 11.7051 14.9943 17.9007
threshold=0.61109913886546485 -0.18380155882099344 0.39810294613039027 0.29376149827717574 0 0.86250934229951992 -0.47510833649677953 0.0013609023592643002 2.2287194018514218 2.3806851103587454 15.437778945603677 16.323930064246955 1 0.20619981475879642
decision_type=2 10 2 10 1 10 2 2 10 10 2 2 1 2
left_child=1 6 4 -4 5 -3 -1 -5 -9 -10 -11 12 -8 -14
right_child=-2 2 3 7 -6 -7 11 8 9 10 -12 -13 13 -15
leaf_value=0.018431895208087665 -0.024921390095385729 0.064312896878697901 0.035956792389482378 -0.0092131124262626318 -0.013235902894788919 -0.00093156150126853549 0.016591712379858396 0.0067161550551953402 -0.023846320556277792 0.022487397676087009 -0.015464990227007773 0.0092165528953662371 0.0014082075612470901 -0.030405543447983949
leaf_weight=82.123616971075535 92.30995299294591 6.0241245981305829 12.856648642569779 120.75267459265888 242.06106280907989 49.783473651856184 47.701639957726002 293.3549059573561 38.808958878740668 19.685956425964832 27.883960144594312 277.03471859171987 639.0124048627913 16.32438588142395
leaf_count=935 4387 70 89 1021 3779 678 260 2430 305 138 221 1547 3458 86
internal_value=0.000273786 0.00151525 -0.00319177 0.000790899 -0.0100554 0.00518257 0.00511005 -0.000112453 0.00278149 -0.0105812 0.000240925 0.00399377 0.00193571 0.000606475
internal_weight=1965.72 1873.41 811.212 513.343 297.869 55.8076 1062.2 500.486 379.734 86.3789 47.5699 980.073 703.038 655.337
internal_count=19404 15017 8731 4204 4527 748 6286 4115 3094 664 359 5351 3804 3544
cat_boundaries=0 1 2
cat_threshold=176 3
is_linear=0
shrinkage=0.03


Tree=103
num_leaves=15
num_cat=1
split_feature=3 3 10 14 19 0 5 14 14 5 14 10 0 10
split_gain=65.7596 26.3351 16.1 15.4088 16.7372 12.8112 26.2163 18.3425 31.36 16.1002 13.5608 13.1795 11.225 10.4978
threshold=0.19892664708485466 -0.50093993088181599 0.15822096963046986 0.0042355090558023516 0 0.045735170721879277 -0.22474764885684598 0.047598203733098012 0.32603663766125218 -0.023164156203954119 0.021641081772683354 0.25080505333100034 2.0383652936408736 0.97224888734877901
decision_type=2 2 2 10 1 10 10 10 10 10 10 2 10 2
left_child=1 13 -3 -4 -5 6 7 10 -9 -7 -6 -11 -13 -1
right_child=-2 2 3 4 5 9 -8 8 -10 11 -12 12 -14 -15
leaf_value=0.022746398839869682 -0.022065896138991618 -0.016578314667695777 -0.022201884879836535 0.0097040414522654578 0.0017774074414002878 0.010938398469222153 -0.0076612921284065303 0.014693812564127474 -0.0013550927963876223 -0.02664415998537539 -0.020297556886068369 -8.8813796851114137e-05 0.041794370909015943 0.0072490464317335711
leaf_weight=57.994713261723518 114.73347170837224 50.169553516432643 26.046741165220737 168.7131466884166 49.647088967263699 185.45393975265324 413.94438956864178 177.69554604589939 285.86041262745857 16.644508168101311 50.542223706841469 208.64943103119731 5.9224865380674592 122.29429657012224
leaf_count=607 4825 947 209 1111 255 990 3853 921 1425 421 254 2253 37 1134
internal_value=-3.77543e-05 0.00135123 0.000154323 0.000682584 0.00106393 -5.0732e-05 -0.00192835 0.0022812 0.00479696 0.00435377 -0.00935869 -0.00092763 0.00106722 0.0122342
internal_weight=1934.31 1819.58 1639.29 1589.12 1563.07 1394.36 977.69 563.745 463.556 416.67 100.189 231.216 214.572 180.289
internal_count=19242 14417 12676 11729 11520 10409 6708 2855 2346 3701 509 2711 2290 1741
cat_boundaries=0 1
cat_threshold=19
is_linear=0
shrinkage=0.03


Tree=104
num_leaves=15
num_cat=1
split_feature=4 3 10 2 7 10 13 0 10 16 6 13 19 13
split_gain=53.5747 23.1787 21.1216 17.0083 16.3469 14.0634 13.2613 14.0922 12.3931 18.4613 11.1486 14.0213 10.8018 15.429
threshold=0.0096922985499434695 -0.49243706786315639 1.1392715174473211 0.70461060424620792 15.943469528052606 0.15822096963046986 0.72420772447347126 1.2993876769189603 4.9289795590110019 11.7710774804964 0.053427950486814819 2.7394292590858931 0 0.86250934229951992
decision_type=2 2 2 2 2 2 10 8 2 2 10 10 1 10
left_child=1 8 -2 4 6 -3 -4 -8 -1 -10 -7 12 13 -12
right_child=2 5 3 -5 -6 10 7 -9 9 -11 11 -13 -14 -15
leaf_value=0.01584645798343343 -0.016898079465509048 -0.01722342078298026 0.048939084240946402 -0.028539105777686837 0.07484756795307583 -0.0013033793129425659 -0.0038491009178104689 0.064886222732345122 0.0063403024777648051 -0.047733047746523545 0.040872660472517711 -0.025146140909840874 0.0019247682272599308 0.0085969200299946917
leaf_weight=147.53516959398985 213.69109509885311 38.650067884474993 5.5917862374335519 13.334629923105238 3.2098315432667723 775.25401062890887 45.966016354039311 2.8509861789643756 32.674030601978302 6.8788175284862509 14.426550049334763 14.478477094322441 437.8277564458549 175.36193900555372
leaf_count=1426 6966 572 87 666 37 4767 740 31 309 63 78 78 2458 1020
internal_value=-0.000173188 0.00190842 -0.0121891 0.00199298 0.009059 0.000631164 0.00517782 0.000165145 0.0118486 -0.00306384 0.00111805 0.00404163 0.00471497 0.0104972
internal_weight=1927.73 1643.09 284.644 70.9533 57.6186 1456 54.4088 48.817 187.088 39.5528 1417.35 642.095 627.616 189.788
internal_count=19298 10771 8527 1561 895 8973 858 771 1798 372 8401 3634 3556 1098
cat_boundaries=0 1
cat_threshold=625
is_linear=0
shrinkage=0.03


Tree=105
num_leaves=15
num_cat=2
split_feature=2 5 13 5 10 14 7 10 6 19 7 19 14 14
split_gain=51.0802 26.587 18.0748 19.8351 19.0792 17.7434 19.2666 17.4173 16.4193 14.1915 14.1826 14.3223 18.9316 14.3224
threshold=0.63600153816814464 -0.47744066112904404 1.1192202320542519 -0.1693474511086295 0.26431759058816051 0.46887375907808199 17.301806896595849 0.86082944610528145 0.30222795613508119 0 18.067490699801485 1 0.047598203733098012 0.022354297677210751
decision_type=2 10 10 10 2 10 2 2 8 1 2 1 10 10
left_child=1 7 8 5 -5 6 9 -1 10 -4 11 -3 13 -13
right_child=-2 2 3 4 -6 -7 -8 -9 -10 -11 -12 12 -14 -15
leaf_value=0.022010993933599256 -0.0251240993373654 0.0066317125111359683 -0.0034518035931136275 -0.019561552944800772 -0.0041736967659421545 -0.00478728377005229 0.022094812703367224 0.0043227096043000268 0.013232957487167359 0.0093394040690956207 0.043575250400852042 -0.0011106714330436766 -0.0019326166556859585 -0.050680316213826571
leaf_weight=79.669841758906841 70.138181239366531 169.67026568390429 160.4391444735229 86.556515702977777 447.12288289889693 253.21536724641919 54.1118751950562 134.99549747258425 136.33810761384666 136.75605135411024 6.9581465162336817 8.6101916786283272 189.38752970285714 13.42624746263027
leaf_count=779 3691 1185 826 2007 4657 1275 315 1225 929 719 81 63 1566 104
internal_value=1.24229e-05 0.000951575 -0.000331295 -0.00245446 -0.00666943 0.00126657 0.00563007 0.0108875 0.00427708 0.00263225 0.00113052 0.000355551 -0.00476924 -0.0313122
internal_weight=1947.4 1877.26 1662.59 1138.2 533.679 604.522 351.307 214.665 524.39 297.195 388.052 381.094 211.424 22.0364
internal_count=19422 15731 13727 9799 6664 3135 1860 2004 3928 1545 2999 2918 1733 167
cat_boundaries=0 1 2
cat_threshold=120 87
is_linear=0
shrinkage=0.03


Tree=106
num_leaves=15
num_cat=1
split_feature=4 5 16 6 19 5 7 4 13 7 13 7 10 10
split_gain=50.1775 21.0447 19.3321 18.5215 20.9177 31.0683 26.2247 13.3794 13.4511 13.5607 13.2128 12.6984 19.3774 14.8365
threshold=-0.019365000450276556 -0.7388306310588878 11.460692058684984 0.053427950486814819 0 -0.24652407561508602 15.374578536470265 0.1905734042466917 0.94558937035924806 15.117006705203666 2.9498732030825012 15.691887827796391 0.31647907222475863 0.92919218111086188
decision_type=2 10 2 10 1 10 2 2 10 2 10 2 2 2
left_child=1 -1 -2 4 5 -3 -7 8 9 -4 -5 -6 -13 -14
right_child=2 3 7 10 11 6 -8 -9 -10 -11 -12 12 13 -15
leaf_value=0.022193604425475407 0.0065963916230602892 0.016576852493418948 -0.015691527636526967 0.0054206766905463537 -0.0089893770019634708 0.0088102661949475101 -0.021285410220538044 -0.024848260241724176 -0.013949008149215333 0.015388843451491198 -0.028293410710018049 -0.011940554038628594 0.0072874214318285925 -0.01909860137606879
leaf_weight=44.702546782791615 50.280751248821616 120.75320342928171 20.715550057590008 689.0495515242219 303.85294274613261 53.772755295038223 50.55911660566926 71.340916329994798 177.17639160715044 32.387319764122367 10.623307708650826 90.42996271699667 191.17343841865659 21.31771045178175
leaf_count=557 692 715 415 4040 1728 333 357 3813 4036 551 66 812 1104 121
internal_value=-0.000382951 0.00190374 -0.0106255 0.00131151 -0.00171414 0.00595227 -0.00577407 -0.0134964 -0.00997958 0.00326432 0.00490879 -0.00458062 -0.000309522 0.0046403
internal_weight=1928.14 1576.23 351.901 1531.53 831.859 225.085 104.332 301.62 230.279 53.1029 699.673 606.774 302.921 212.491
internal_count=19340 9833 9507 9276 5170 1405 690 8815 5002 966 4106 3765 2037 1225
cat_boundaries=0 1
cat_threshold=519
is_linear=0
shrinkage=0.03


Tree=107
num_leaves=15
num_cat=2
split_feature=3 5 6 19 1 6 18 9 1 18 19 13 13 14
split_gain=42.0514 26.5414 25.2549 15.2412 17.4362 20.1534 13.9859 13.7369 18.5118 15.355 14.6282 17.041 15.5717 21.9187
threshold=0.22670577622936153 -0.32492225544592357 0.29648746444446245 0 16.435538936180929 -0.11588825908462173 14.945503951602786 0.53716660158860907 16.383912352972924 14.042701687115025 1 2.4905502508485973 1.5432607880529583 0.10892486058716826
decision_type=2 8 8 1 2 10 2 2 2 2 1 10 10 10
left_child=1 3 7 4 5 -1 -4 10 -9 -10 12 -12 13 -3
right_child=-2 2 6 -5 -6 -7 -8 8 9 -11 11 -13 -14 -15
leaf_value=-0.012246210808026346 -0.019529486711604368 0.030017477551856082 0.0084936535159245864 0.013292611337086979 0.014165327988957534 0.0047995121420445954 -0.012797213728060875 -0.0018153034556890766 0.056506470193989349 0.010669560099154462 -0.009851476693071657 0.015176599616828143 -0.0096854399086371192 -0.0077640380954703807
leaf_weight=95.006006807088852 95.21583728864789 33.81076018884778 263.51180844753981 181.85501305758953 89.804589405655861 182.03366691619158 31.038939878344536 317.95361741632223 7.8347708880901328 40.989094492048025 489.85595159046352 25.772160023450851 40.801486067473888 23.373222036287189
leaf_count=616 4482 228 1828 1343 611 1200 281 2192 42 283 5414 225 428 182
internal_value=-9.35531e-05 0.000921235 -0.00145307 0.00643809 0.0026067 -0.00104603 0.00625008 -0.00376741 0.000825756 0.018025 -0.00651291 -0.0084369 0.00405854 0.0145748
internal_weight=1918.86 1823.64 1274.94 548.699 366.844 277.04 294.551 980.391 366.777 48.8239 613.614 515.628 97.9855 57.184
internal_count=19355 14873 11103 3770 2427 1816 2109 8994 2517 325 6477 5639 838 410
cat_boundaries=0 1 2
cat_threshold=472 19
is_linear=0
shrinkage=0.03


Tree=108
num_leaves=15
num_cat=1
split_feature=2 5 9 10 15 4 10 18 6 19 3 1 18 6
split_gain=58.0679 22.6138 21.8111 15.9567 14.1331 19.5027 13.7638 15.6335 21.0892 22.2836 15.569 15.0307 11.3055 11.2701
threshold=0.52600646071075463 -0.32492225544592357 0.77459669679612986 0.26688861677119696 0.0013609023592643002 0.30664587052648112 0.92919218111086188 12.380951005594754 0.46807155809947226 0 -0.40605712405038979 15.494790284282026 13.122917438633928 0.037777254062060568
decision_type=2 10 2 2 2 2 2 2 10 1 2 2 2 10
left_child=1 6 -2 13 -4 -6 10 -8 9 -9 -1 -11 -13 -3
right_child=2 3 4 -5 5 -7 7 8 -10 11 -12 12 -14 -15
leaf_value=0.020509333990526377 -0.021432268768348122 -0.015214406339365664 -0.020239643373606397 0.00097747663149212261 0.023163665485261772 -0.027708564604314471 0.0062524738219652811 0.010520368869194888 0.021583545070121113 -0.0047237928177729059 0.0061677448466363662 -0.069379415209111797 -0.029704272023104966 -0.0002977645418024034
leaf_weight=104.59643565118313 144.34687102027237 103.17918836511672 19.559275705367327 990.57406372949481 28.816365974023938 8.8698950950056297 174.0900394693017 16.487121284008026 14.164437510073183 9.6589534282684308 195.37871250510216 12.323921173810961 13.594011493027208 81.667627429589629
leaf_count=980 6043 1294 495 5981 541 453 1237 128 117 61 1001 88 94 850
internal_value=1.30205e-05 0.00180263 -0.015218 -0.00053246 0.000451526 0.0111903 0.00688267 0.00153302 -0.0108727 -0.0197027 0.0111684 -0.0286209 -0.0485697 -0.00862405
internal_weight=1917.31 1715.71 201.592 1175.42 57.2455 37.6863 540.294 240.318 66.2284 52.064 299.975 35.5769 25.9179 184.847
internal_count=19363 11831 7532 8125 1489 994 3706 1725 488 371 1981 243 182 2144
cat_boundaries=0 1
cat_threshold=108
is_linear=0
shrinkage=0.03


Tree=109
num_leaves=15
num_cat=0
split_feature=4 5 2 0 14 14 10 0 14 13 1 7 10 14
split_gain=46.735 25.6891 15.658 17.0431 17.8144 20.9085 19.0478 18.8081 12.2007 11.5486 17.8182 18.5663 15.1416 14.7922
threshold=0.021465979167969888 -0.7388306310588878 0.70461060424620792 1.2993876769189603 0.068862539272518869 0.045321000132977705 0.94848888725749314 0.02872964050559346 0.0042355090558023516 1.1711391361284702 16.637912005273758 14.014838181162741 0.18904917777577632 0.46887375907808199
decision_type=2 10 2 10 10 10 2 10 10 10 2 2 2 10
left_child=1 -1 3 4 5 -2 7 -7 -3 10 11 -10 -11 -14
right_child=2 8 -4 -5 -6 6 -8 -9 9 12 -12 -13 13 -15
leaf_value=0.024445349072025301 -0.0063337678087131083 -0.01844659512292373 -0.029133811474493249 0.026904611511307686 -0.016087277470055929 0.081383636749968194 0.10135564639876848 -0.015924842834526269 0.017651034590197859 -0.017639241814509338 0.017052807768989518 5.371545586122483e-05 0.003383947310223697 -0.0040096117566383272
leaf_weight=42.862602435052395 34.980350295081735 28.771435465663671 41.855738580226898 11.240698160603641 150.46261657215655 2.6519940271973592 3.2873881682753554 5.4850719608366489 62.290370963513851 44.93142113275826 89.055923204869032 403.5019425265491 559.66053150221705 431.15800792165101
leaf_count=548 891 250 2485 127 4386 78 47 155 372 694 598 2485 3618 2680
internal_value=-0.000297043 0.00152169 -0.0123914 -0.0090241 -0.0110756 0.00517442 0.0404112 0.0157895 0.000914931 0.00126515 0.00475773 0.002407 -0.000605813 0.000166615
internal_weight=1912.2 1662.23 249.964 208.108 196.867 46.4048 11.4245 8.13707 1619.37 1590.6 554.848 465.792 1035.75 990.819
internal_count=19414 11245 8169 5684 5557 1171 280 233 10697 10447 3455 2857 6992 6298
is_linear=0
shrinkage=0.03


Tree=110
num_leaves=15
num_cat=0
split_feature=2 10 6 14 14 14 5 1 6 8 17 6 18 15
split_gain=50.6484 18.8225 16.9422 16.1505 17.1409 16.5042 16.141 15.1865 24.2252 15.724 19.8621 15.1806 13.0348 12.2088
threshold=0.58424978304366437 0.15822096963046986 -0.69312769889166248 0.37549821817445617 0.0042355090558023516 0.96824799482650414 -0.49571085981146873 16.409983984272774 0.17304908361137186 0.046579105981583858 14.577489573497575 0.40085918153420425 14.581014999404394 0.0015080824792273503
decision_type=2 2 10 10 10 10 10 2 10 2 2 10 2 2
left_child=1 -1 -2 4 -3 -5 -6 8 -7 11 -11 -9 -13 -8
right_child=2 3 -4 5 6 7 13 9 -10 10 -12 12 -14 -15
leaf_value=-0.017305467640036345 0.089331993882670047 -0.017720643629764051 -0.021808074777068007 -0.0078408764542139669 0.016579904407185826 -0.0076049210863263989 -0.017391013476974845 0.020100563298372381 0.007002702298624831 0.023831557990688663 -0.024455348780371523 0.019090937821062744 -0.025746200679364901 0.0043011711322839992
leaf_weight=48.792058583348989 1.2494797417893995 30.767482569441199 102.59664634242654 253.41537678800523 97.451601311564445 247.83978723734617 24.074125502258539 94.054188067093492 173.84876418299973 11.503225704655049 22.987508913502097 10.150633877143266 13.726430458948014 777.52576646581292
leaf_count=952 64 256 5196 2060 1016 1761 139 693 1106 90 204 74 99 5660
internal_value=-9.71543e-05 0.00107426 -0.0204708 0.00158456 0.00429774 -0.00146399 0.00505125 0.00135079 -0.00158266 0.00946646 -0.00835087 0.0146774 -0.00668501 0.0036497
internal_weight=1909.98 1806.14 103.846 1757.34 929.819 827.526 899.051 574.111 421.689 152.422 34.4907 117.931 23.8771 801.6
internal_count=19370 14110 5260 13158 7071 6087 6815 4027 2867 1160 294 866 173 5799
is_linear=0
shrinkage=0.03


Tree=111
num_leaves=15
num_cat=0
split_feature=4 5 6 7 13 1 15 14 13 6 16 4 14 6
split_gain=43.0661 21.7177 17.5157 18.6065 14.8411 16.1939 24.9766 14.461 32.9651 14.2155 13.7996 12.8795 12.3694 14.4241
threshold=-0.010812689839031274 -0.5257321239107744 -0.51403416582720773 14.190510458379771 0.93705000983645037 14.969140017968995 0.0018415325859539502 0.99991832796946301 1.2995101707887839 0.040671451123348808 12.911269387651922 0.19904868457264871 0.063856948432919655 0.83581201242931991
decision_type=2 10 10 2 10 2 2 10 10 10 2 2 10 10
left_child=1 7 3 -2 5 -4 -7 -1 -9 -10 -6 12 -8 -14
right_child=2 -3 4 -5 10 6 11 8 9 -11 -12 -13 13 -15
leaf_value=0.018164423367599231 0.12557741417612056 0.00049218768915050386 -0.015680592860566066 0.011378250882645151 -0.007349677002392147 0.087126873265016488 0.060300164624827172 0.014382888818342062 -0.073822093550049331 -0.009867790788841339 -0.022018561570139712 -0.027360687481578855 -0.0046602021479120233 0.052985983916693555
leaf_weight=109.86441248655319 1.4852871000766743 1435.0559740252793 33.815111155621707 9.4770543156191689 104.12233539484441 3.6558388676494351 4.4840729944407967 30.838800385594368 6.5560450628399831 5.9821553751826286 129.50961950421333 8.5665737539529783 20.620727514848117 4.8195638172328463
leaf_count=1202 22 8544 962 320 2311 77 84 314 58 55 4570 487 377 41
internal_value=-0.00038583 0.00163853 -0.0104162 0.0268511 -0.0117358 -0.000216472 0.0121907 0.0123737 -0.00229293 -0.0433086 -0.0154811 0.00507329 0.0143583 0.00626064
internal_weight=1908.85 1588.3 320.556 10.9623 309.594 75.9619 42.1468 153.241 43.377 12.5382 233.632 38.4909 29.9244 25.4403
internal_count=19424 10173 9251 342 8909 2028 1066 1629 427 113 6881 989 502 418
is_linear=0
shrinkage=0.03


Tree=112
num_leaves=15
num_cat=1
split_feature=4 2 13 4 14 0 0 9 9 6 19 0 7 13
split_gain=44.5435 17.6987 20.8725 15.1667 14.0864 14.0056 14.3728 21.2201 13.2356 12.551 16.8726 13.1139 9.59496 12.5575
threshold=-0.0044816114492718375 0.63600153816814464 0.93705000983645037 -0.35464464190718953 0.004858670245504201 0.44855563876714172 -0.11122790693952082 0.77459669679612986 0.2553881726802395 0.040671451123348808 0 0.082357259878401382 14.617287406633627 2.5037518716525256
decision_type=2 2 10 2 10 10 10 2 2 10 1 10 2 10
left_child=3 2 5 -1 -5 6 7 -2 -4 10 -6 12 -12 -14
right_child=1 -3 8 4 9 -7 -8 -9 -10 -11 11 -13 13 -15
leaf_value=0.010185531804595326 0.003418813724355802 -0.02475565266830668 -0.027718953922765414 -0.019733817851559799 0.0050593130815014707 0.033228847750895921 -0.0088976025547090765 0.10710873164100111 -0.0076217121357712676 0.0045276247005019794 -0.014376045164367484 0.013454631248620999 -0.0046716409213885023 0.026484043752251624
leaf_weight=186.55918587744236 5.8178964816033822 61.716053524985909 37.013240396976471 28.657682964578271 247.96916541643441 15.671426266431807 33.235109396278858 2.5570007208734751 145.14890851639211 655.73820837959647 94.381747215986252 33.972612015902996 341.20411353372037 12.054538389667867
leaf_count=1933 127 3718 1444 227 1442 197 681 39 2831 3696 508 198 2315 75
internal_value=0.000154078 -0.0104306 -0.00673834 0.00214571 0.00108494 0.009057 -4.67528e-05 0.0350771 -0.0117052 0.00151561 -0.00119155 -0.00442315 -0.00587875 -0.00360849
internal_weight=1901.7 301.16 239.444 1600.54 1413.98 57.2814 41.61 8.3749 182.162 1385.32 729.582 481.613 447.64 353.259
internal_count=19431 9037 5319 10394 8461 1044 847 166 4275 8234 4538 3096 2898 2390
cat_boundaries=0 1
cat_threshold=535
is_linear=0
shrinkage=0.03


Tree=113
num_leaves=15
num_cat=0
split_feature=3 4 2 6 9 13 7 13 17 15 9 13 4 0
split_gain=39.1007 19.2641 18.8478 18.1607 15.7862 15.1298 13.1894 12.3477 12.4362 11.5899 11.669 19.3453 11.6665 11.4947
threshold=-0.045153110267039602 -0.58423173546621499 0.66065024367917624 0.040671451123348808 0.43569305020379595 0.16648269435719201 13.894736164238841 2.3982476155226431 13.184413732646863 0.0016077564791259003 0.20801920079779337 2.5037518716525256 -0.28488766772737584 0.18466233956966008
decision_type=2 2 2 10 2 10 2 10 2 2 2 10 2 10
left_child=1 -1 4 5 -2 -3 -6 13 -9 -7 12 -12 -11 -8
right_child=2 3 -4 -5 6 9 7 8 -10 10 11 -13 -14 -15
leaf_value=0.024758178025588655 -0.013235236440872919 0.015788422773420515 -0.025619576652572348 0.0053862318983744625 -0.028656000525990283 -0.010380787937778973 -0.0050081039449706979 0.055265605253115781 -0.0077407173773607167 0.026499727861386609 -0.00014549684508412237 0.026559593062341999 -0.014155199848444185 0.012777818262958884
leaf_weight=34.10994265973568 142.50741881504655 44.159972995519638 49.287988956086338 716.98460373841226 13.379166856408117 130.81122606806457 114.6161704165861 7.5036679320037347 4.5164558999240398 6.9188304543495169 480.48356445133686 25.720304369926453 77.632119953632355 45.759194429963827
leaf_count=459 4074 247 3167 4307 95 793 1533 84 70 61 2850 163 667 761
internal_value=0.000317504 0.00246786 -0.00832117 0.00195507 -0.005724 -0.00125769 3.78615e-05 0.00226472 0.0315915 -0.00230092 -0.000511784 0.00121139 -0.0108284 6.66747e-05
internal_weight=1894.39 1516.82 377.57 1482.71 328.282 765.726 185.775 172.395 12.0201 721.566 590.755 506.204 84.551 160.375
internal_count=19331 9547 9784 9088 6617 4781 2543 2448 154 4534 3741 3013 728 2294
is_linear=0
shrinkage=0.03


Tree=114
num_leaves=15
num_cat=1
split_feature=4 3 19 16 1 13 14 15 13 15 14 13 14 7
split_gain=39.0613 19.4065 12.4143 12.2862 13.1676 11.7975 10.4677 9.93633 10.1606 16.4666 10.2736 9.71373 11.6711 22.8163
threshold=0.19904868457264871 -0.28509163716932201 0 14.906778275317871 17.43320639887251 0.92115701926517513 0.004858670245504201 0.0016815408994138501 2.4491390968433051 0.021002019501950502 0.12996739105977959 0.16648269435719201 0.99256082205212015 16.38356372685627
decision_type=2 2 1 2 2 10 10 2 10 2 10 10 10 2
left_child=1 -1 6 4 11 -5 -3 -8 -9 10 -10 -4 -13 -14
right_child=-2 2 3 5 -6 -7 7 8 9 -11 -12 12 13 -15
leaf_value=0.0051229672841876517 -0.022403092549639684 -0.018288990204340667 0.023708677030291933 0.036426855125604285 0.023630793625741813 -0.013630227389228949 -0.02545437938595867 0.0046396645763674025 0.068745217586066484 0.0022074085133573932 0.019769066853026953 -0.0054900497871704038 -0.0015084610485879509 0.022445430001821226
leaf_weight=650.16628992557526 66.725599975325167 17.195391630753875 12.743622835725544 4.3938247300684443 18.097802117466927 119.03558665048331 8.7818648554384691 212.32838415820152 7.9803361538797599 16.865379638969898 7.4564833594486117 480.97546353191137 221.9066662825644 42.669317271560431
leaf_count=4328 3939 236 91 34 136 1802 55 1845 58 141 58 4398 1848 387
internal_value=0.000140973 0.000967222 -0.00134127 -0.0030228 -0.00165868 -0.0118483 0.00420642 0.00589885 0.00702438 0.0226996 0.0450882 -0.00226225 -0.00270617 0.00235469
internal_weight=1887.32 1820.6 1170.43 899.822 776.393 123.429 270.608 253.412 244.631 32.3022 15.4368 758.295 745.551 264.576
internal_count=19356 15417 11089 8696 6860 1836 2393 2157 2102 257 116 6724 6633 2235
cat_boundaries=0 1
cat_threshold=179
is_linear=0
shrinkage=0.03


Tree=115
num_leaves=15
num_cat=1
split_feature=2 13 10 14 6 1 1 19 3 10 13 14 14 1
split_gain=39.2756 19.2904 21.341 19.7345 18.7671 15.6824 15.2354 15.3871 15.1392 14.803 13.3482 12.4395 17.6703 17.6975
threshold=0.63600153816814464 1.2054474065229048 0.19640620052001925 0.46887375907808199 0.040671451123348808 14.999174484547956 14.042667474850655 0 -0.51135893977636726 0.54187364139577388 0.6903983217689843 0.99840325681056941 0.45688129504937697 16.022789845627432
decision_type=2 10 2 10 10 2 2 1 2 2 10 10 10 2
left_child=1 4 -3 -4 6 -6 -1 9 -9 10 -8 12 13 -7
right_child=-2 2 3 -5 5 11 7 8 -10 -11 -12 -13 -14 -15
leaf_value=0.021973477582353223 -0.024903411139119275 -0.019013267266678228 0.0022233817784635813 -0.0060342010256418258 0.0014439638915759473 0.0039498623070580753 0.0099909520919647318 0.01633620433983311 -0.00851453518766211 -0.01191665143537084 0.045176233768783797 0.024514752014088616 -0.010195568171606915 0.030304189919585549
leaf_weight=24.74637933075428 57.856203021481633 63.994874505326152 631.84182578139007 443.16527595371008 136.63294190634042 52.050737213343382 37.574525307863951 24.448071174323559 226.16633528564125 19.09648073092103 13.082462120801209 72.832649339921772 32.292273730970919 40.993282917886972
leaf_count=172 3695 1321 5111 3628 996 411 271 264 1898 134 85 559 339 344
internal_value=-0.000569697 0.00020431 -0.00218268 -0.00118076 0.00420302 0.00926336 -0.000706123 -0.00245798 -0.00585659 0.00926424 0.0190778 0.0146547 0.00892498 0.015561
internal_weight=1876.77 1818.92 1139 1075.01 679.916 334.802 345.114 320.368 250.614 69.7535 50.657 198.169 125.336 93.044
internal_count=19228 15533 10060 8739 5473 2649 2824 2652 2162 490 356 1653 1094 755
cat_boundaries=0 1
cat_threshold=82
is_linear=0
shrinkage=0.03


Tree=116
num_leaves=15
num_cat=1
split_feature=3 13 0 10 14 1 1 14 1 16 2 19 0 3
split_gain=39.9133 19.9478 18.689 17.9563 17.2239 17.0353 17.6649 15.0465 14.3878 16.0135 11.2799 12.9556 11.6102 12.6148
threshold=0.22670577622936153 1.1640617590530569 -0.60945453463578902 0.20893317352744736 0.46887375907808199 14.042667474850655 16.637912005273758 0.24253753550251614 17.401386256005559 14.871439502341129 0.28998843193824547 0 0.41610308987067329 -0.023452516093660222
decision_type=2 10 8 2 10 2 2 10 2 2 2 1 10 2
left_child=1 5 -2 -3 8 -1 10 -8 -5 -10 -7 12 -12 -14
right_child=2 3 -4 4 -6 6 7 -9 9 -11 11 -13 13 -15
leaf_value=0.02480012130460198 0.10860604082959424 -0.015663836035053325 -0.021987933351093621 0.00099449215697211286 -0.0049069120644439903 0.01219499541429233 0.036234642507192195 0.0088748461762558333 0.032923876856036226 0.0047354003474744605 0.0017679731382973538 -0.0072304276675098098 0.010384482272127606 0.060075204805442643
leaf_weight=37.248738070949912 0.9982347097247839 75.179880832321942 82.084143802523613 551.9672792898491 462.28769702650607 76.839132308959961 23.88635153695941 74.55680264160037 27.961015794426203 51.62838820554316 255.85925867594779 146.59807174187154 16.85161674767733 6.3233803585171691
leaf_count=259 13 1471 4454 4294 3605 739 195 641 184 428 1801 1084 89 106
internal_value=-8.75478e-05 0.000847149 -0.0204188 -0.00148159 -0.000506847 0.00511307 0.00389274 0.0155135 0.00271392 0.0146385 0.00161603 -0.000293787 0.0034848 0.0239428
internal_weight=1890.27 1807.19 83.0824 1169.02 1093.84 638.163 600.915 98.4432 631.557 79.5894 502.471 425.632 279.034 23.175
internal_count=19363 14896 4467 9982 8511 4914 4655 836 4906 612 3819 3080 1996 195
cat_boundaries=0 1
cat_threshold=339
is_linear=0
shrinkage=0.03


Tree=117
num_leaves=15
num_cat=1
split_feature=4 4 6 4 10 19 0 7 10 7 10 1 0 17
split_gain=35.082 13.8207 13.0967 15.6971 21.4931 15.6224 19.9434 23.3428 16.2646 27.1272 20.3487 15.0555 17.2218 16.8649
threshold=0.19904868457264871 -0.58423173546621499 0.040671451123348808 -0.054187231811828655 3.7095757948227868 0 -0.20686681040998597 15.467806281564048 0.92919218111086188 14.851728713569875 0.31647907222475863 14.952381497622964 -0.10220280418462678 15.925599919575644
decision_type=2 2 10 2 2 1 10 2 2 2 2 2 10 2
left_child=1 -1 3 5 -5 6 -3 -8 10 -10 -7 12 -12 -13
right_child=-2 2 -4 4 -6 8 7 -9 9 -11 11 13 -14 -15
leaf_value=0.020013483950947115 -0.021881203215060676 0.01439095750702366 0.0032141180796412031 -0.012975399947263828 0.019976047066167554 -0.012170920165702691 0.011203832964729859 -0.022326016865773908 -0.0025843064787480661 -0.029280717983443144 -0.022057878852711297 0.0090810543099463358 0.019078092386128381 -0.032483966295680629
leaf_weight=33.341154508292675 63.079606744460762 129.27956718206406 849.82729026209563 172.42489077616483 19.868132428266108 84.864119607955217 38.498846586793661 36.311755370348692 114.13940796256065 48.946600545197725 34.264399707317352 234.39333046972752 12.501585572957991 9.1277138814330083
leaf_count=461 3951 786 6664 3661 226 655 214 232 625 279 189 1308 67 46
internal_value=0.000113173 0.000876406 0.000518843 -0.0019319 -0.00957078 4.68768e-05 0.00691809 -0.00507097 -0.00263809 -0.0105966 0.00075134 0.00452911 -0.0110613 0.0075231
internal_weight=1880.87 1817.79 1784.45 934.62 192.293 742.327 204.09 74.8106 538.237 163.086 375.151 290.287 46.766 243.521
internal_count=19364 15413 14952 8288 3887 4401 1232 446 3169 904 2265 1610 256 1354
cat_boundaries=0 1
cat_threshold=519
is_linear=0
shrinkage=0.03


Tree=118
num_leaves=15
num_cat=1
split_feature=4 5 19 14 18 18 16 10 6 0 10 12 10 0
split_gain=31.6142 15.2292 15.9426 13.9988 11.5928 16.5513 11.8206 10.7606 10.5772 10.2536 9.26273 8.98967 8.586 7.93818
threshold=0.16444894842391314 -0.41556008699334795 0 0.0042355090558023516 13.122917438633928 12.889674200331738 14.684196088174744 0.16246042806854963 0.21137523376331704 0.14092138833186643 1.1392715174473211 1.5000000000000002 1.3670278722694036 0.41610308987067329
decision_type=2 10 1 10 2 2 2 2 10 10 2 2 2 10
left_child=1 2 4 -3 5 8 -6 -5 -1 -4 -2 13 -10 -9
right_child=10 3 9 7 6 -7 -8 11 12 -11 -12 -13 -14 -15
leaf_value=-0.0078471918228079033 -0.025955603812504148 -0.023317214123271035 0.017253198430156685 -0.015238106696596337 0.018424643183127216 -0.041364084635033493 -0.018071710562449442 -0.0010572593527251176 -0.010975798160673834 -0.027186181100641926 -0.0026309816922831771 0.034830487448727333 0.019937509319864377 0.006973687089646006
leaf_weight=78.048190571367741 55.272538587450981 24.961175445467234 115.34168870747089 44.195655148476362 44.821253530681133 10.145428739488123 9.7188407480716688 1292.8069107364863 11.292066186666487 4.8701895624399176 21.200848641805351 6.5602521970868102 28.481697738170624 121.15279258973897
leaf_count=577 3534 273 1108 925 397 75 77 10089 103 49 988 34 239 842
internal_value=-0.000599163 0.000206792 0.00634115 -0.00103978 0.000321955 -0.00459649 0.0119211 -0.000660136 -0.0014305 0.0142661 -0.0194893 -0.000206582 0.011161 -0.000369141
internal_weight=1868.87 1792.4 302.719 1489.68 182.507 127.967 54.5401 1464.72 117.822 120.212 76.4734 1420.52 39.7738 1413.96
internal_count=19310 14788 2625 12163 1468 994 474 11890 919 1157 4522 10965 342 10931
cat_boundaries=0 1
cat_threshold=408
is_linear=0
shrinkage=0.03


Tree=119
num_leaves=15
num_cat=2
split_feature=2 5 13 19 9 7 6 19 6 0 13 6 0 7
split_gain=31.3817 18.9032 13.9954 17.4185 14.9613 12.5934 12.3448 11.311 11.3795 10.8494 10.6885 12.1218 10.21 13.3823
threshold=0.58424978304366437 -0.32492225544592357 1.450830280920598 0 0.56396093965853222 13.981730772278583 0.026184747042986904 1 0.43179257014108235 -0.25552399575275225 2.4905502508485973 0.24512919152345239 0.22052453982447032 15.191509720464426
decision_type=2 10 10 1 2 2 10 1 8 10 10 10 10 2
left_child=1 7 3 9 10 -6 -7 8 -1 -3 11 -4 13 -5
right_child=-2 2 4 12 5 6 -8 -9 -10 -11 -12 -13 -14 -15
leaf_value=-2.7816855947149519e-05 -0.017132716578481928 -0.0058624770059799505 -0.013335675521498875 -0.0075170403106646928 -0.021471366603382423 0.012224099073624083 -0.0032428627598272723 0.01186023326608613 0.013749428104237555 0.025512837159841862 0.0048765016434566839 0.0026960706960541146 0.0074405591267020423 0.0024112081778976712
leaf_weight=293.25817889720201 90.068587003275752 12.605370594188569 243.95006204582751 210.47022852115333 18.969584956765175 89.38745204731822 96.667415335774422 171.92526565119624 66.121542908251286 46.544508554041386 46.859570682048798 51.388471152633429 138.7810999751091 291.30466462671757
leaf_count=1897 5247 71 2717 1545 109 555 563 1326 522 310 461 451 1115 2424
internal_value=0.000143299 0.00101834 -0.0010007 0.00181001 -0.00459462 0.00181393 0.00418802 0.00575687 0.00243916 0.0161039 -0.00843424 -0.0105462 0.000235017 -0.00175321
internal_weight=1868.3 1778.23 1246.93 699.706 547.223 205.024 186.055 531.305 359.38 59.1499 342.198 295.339 640.556 501.775
internal_count=19313 14066 10321 5465 4856 1227 1118 3745 2419 381 3629 3168 5084 3969
cat_boundaries=0 1 2
cat_threshold=81 472
is_linear=0
shrinkage=0.03


Tree=120
num_leaves=15
num_cat=1
split_feature=3 10 6 19 5 10 13 1 10 17 4 3 6 1
split_gain=30.2939 15.4448 13.297 19.836 12.2725 22.0599 21.4829 17.0967 12.6542 22.2978 11.1788 10.0189 10.0756 12.7541
threshold=0.2620846449487379 0.15822096963046986 0.040671451123348808 0 -0.27898754478329008 0.31647907222475863 2.4236575190252818 19.091930338065534 0.92919218111086188 12.253776645744951 -0.33349568627194881 -0.40605712405038979 -0.23330755675266082 15.98855197253644
decision_type=2 2 10 1 10 2 10 2 2 2 2 2 10 2
left_child=1 -1 3 -3 6 -6 8 -7 11 -10 -4 -5 -13 -14
right_child=-2 2 10 4 5 7 -8 -9 9 -11 -12 12 13 -15
leaf_value=-0.016788562413777255 -0.019875966457729249 0.0096853522574066354 0.013357729976403068 0.01628945538515577 -0.01955319637128591 -0.0021047402546494572 0.024352771252998485 -0.048048497658185307 -0.0011110052775461516 -0.03084893914501019 0.0026441927128724846 -0.0097773295254935076 -0.007440246472454253 0.016811380280435443
leaf_weight=44.103611626662314 66.477993562817574 118.27295469958335 99.410569727420807 43.770157642662525 89.920851577073336 368.70989755447954 32.897640012204647 7.4365999158471814 87.401963479816914 30.650517262518406 741.20263986475766 57.458883941173553 33.52118106931448 46.716409705579281
leaf_count=966 4024 839 1046 414 1467 3266 234 49 630 163 5563 281 159 229
internal_value=1.20303e-05 0.000745937 0.00118599 -0.00131284 -0.00302533 -0.00620425 0.00134069 -0.00301307 -0.00118684 -0.008832 0.00391117 0.0037867 -0.000187608 0.00667968
internal_weight=1867.95 1801.47 1757.37 916.757 798.484 466.067 332.417 376.146 299.519 118.052 840.613 181.467 137.696 80.2376
internal_count=19330 15306 14340 7731 6892 4782 2110 3315 1876 793 6609 1083 669 388
cat_boundaries=0 1
cat_threshold=19
is_linear=0
shrinkage=0.03


Tree=121
num_leaves=15
num_cat=2
split_feature=2 5 10 19 6 19 6 13 13 16 8 13 6 10
split_gain=30.6663 17.1692 15.568 15.4347 14.671 19.7754 14.6291 14.3925 13.4565 12.6755 12.8518 11.9507 11.3604 10.9713
threshold=0.61109913886546485 -0.32492225544592357 0.40418642824234324 0 0.053427950486814819 1 0.76467350996188943 0.54406602838436202 0.16648269435719201 11.431550012892661 -0.34065170570652187 1.3493510491490539 0.084142344896864354 1.1826038012862266
decision_type=2 10 2 1 10 1 10 10 10 2 2 10 10 2
left_child=1 3 4 -1 -3 11 8 -8 -4 -7 -11 12 -6 -2
right_child=13 2 6 -5 5 9 7 -9 -10 10 -12 -13 -14 -15
leaf_value=0.011868003925845262 -0.027980651814759384 -0.010772232586977385 0.029754994925959535 0.0010489430034441023 0.035311433448202853 0.05028988805354153 0.049564354582433051 0.0086722398653510148 -0.00099408468812720377 0.035709259320782956 0.0027186888853772996 -0.023218366867573222 -0.0064949697706348421 -0.00038193957717654308
leaf_weight=171.54553129896522 48.279647953808308 258.85328898113221 13.045507978647946 365.55975690484047 6.5652083903551093 6.282417992129921 8.7248264886438829 69.074275894090533 706.20556843467057 11.97688816487789 94.319684102199972 39.215183012187481 53.695638627745211 17.722109781578183
leaf_count=1346 3430 3340 78 2455 58 49 52 407 5059 65 1006 522 546 994
internal_value=-0.000484933 0.000249477 -0.00165479 0.00474492 -0.00597953 -0.000129133 0.000900332 0.0132581 -0.000436369 0.00815844 0.00643588 -0.00938504 -0.00194031 -0.0205701
internal_weight=1871.07 1805.06 1267.96 537.105 470.908 212.055 797.05 77.7991 719.251 112.579 106.297 99.476 60.2608 66.0018
internal_count=19407 14983 11182 3801 5586 2246 5596 459 5137 1120 1071 1126 604 4424
cat_boundaries=0 1 2
cat_threshold=551 258
is_linear=0
shrinkage=0.03


Tree=122
num_leaves=15
num_cat=1
split_feature=2 5 0 19 13 5 0 18 9 0 13 10 3 0
split_gain=28.2401 18.7178 13.6579 22.929 23.3242 21.0767 18.2917 15.2277 14.4366 13.4072 13.011 12.7128 13.8104 12.1714
threshold=0.61109913886546485 -0.41556008699334795 0.29624458149865412 0 0.89648379912144882 -0.040567325084873367 0.40335664724512749 12.190874108029593 0.26792478679903015 -0.42819476273692936 0.29376149827717574 0.92919218111086188 -0.43645642624248587 -0.062581569977648396
decision_type=2 10 10 1 10 8 10 2 2 8 10 2 2 10
left_child=1 11 5 4 6 13 -4 -6 -7 -2 -10 12 -1 -3
right_child=9 2 3 -5 7 8 -8 -9 10 -11 -12 -13 -14 -15
leaf_value=0.025065977791682941 0.069419471269106858 -0.002163306855625856 0.0035238296634160175 -0.0052905185548813276 0.029888646301504319 -0.022179670512194251 0.056983612382228627 0.00081893283170004789 0.029087371946825487 -0.021556768302896451 -0.0071920994284710681 0.0020347518254260153 0.0056395931731233143 0.004667925200113541
leaf_weight=60.607992142438889 1.4923486812040208 692.34252646379173 8.3207526858896035 82.536348481662571 22.019606944173574 60.944910218939185 18.719084365293384 61.553853538818657 9.3392283469438535 63.14466108661145 187.7861979259178 164.81248470395803 72.13500165194273 355.1546941716224
leaf_count=723 58 4267 74 676 130 1692 135 620 80 4336 2502 1431 470 2164
internal_value=2.58866e-05 0.000726933 -0.000637608 0.0068081 0.0149614 -0.00173915 0.0405329 0.00847811 -0.0094186 -0.0194563 -0.00547328 0.0075998 0.0145093 0.000152827
internal_weight=1860.91 1796.27 1498.72 193.15 110.613 1305.57 27.0398 83.5735 258.07 64.637 197.125 297.555 132.743 1047.5
internal_count=19358 14964 12340 1635 959 10705 209 750 4274 4394 2582 2624 1193 6431
cat_boundaries=0 1
cat_threshold=336
is_linear=0
shrinkage=0.03


Tree=123
num_leaves=15
num_cat=0
split_feature=3 3 0 10 10 15 5 10 16 1 14 14 10 10
split_gain=30.6705 15.1344 13.692 12.3454 10.0033 11.2567 15.7782 18.2064 15.079 14.1197 12.2085 9.72997 9.6254 10.4155
threshold=0.22670577622936153 -0.50093993088181599 -0.63922467601851662 0.97224888734877901 0.15822096963046986 0.036742789484334806 -0.24652407561508602 0.6927365446297794 14.392124930095692 16.576011435910299 0.44255186083950288 0.98893962626547571 0.11880900074147896 0.10250863032100976
decision_type=2 2 8 2 2 2 10 2 2 2 8 10 2 2
left_child=1 3 -2 -1 12 -6 7 -7 9 10 -8 -10 13 -3
right_child=2 4 -4 -5 5 6 8 -9 11 -11 -12 -13 -14 -15
leaf_value=0.021716715146346436 0.082428912037362287 -0.025340974170161068 -0.020344067825980205 0.0039140529973354862 -0.0011469277999739834 0.01757421053760104 0.0059219745910014552 -0.025659624449992431 -0.011621990190944299 0.031439189755284543 -0.032562834013958326 0.016664668755219717 -0.023259765269251713 0.032455192417210461
leaf_weight=50.536458104848862 1.1851467229425905 4.7536759432405216 74.861078344285488 114.45356602594256 1216.9299452546984 106.35071302950382 105.12289131712168 9.5538903176784498 89.738558342680335 18.558007418178022 7.9820011872798196 12.464527600444852 30.954327701590955 6.8500648830085993
leaf_count=622 12 158 4490 1156 9147 589 863 51 1087 137 60 142 642 143
internal_value=-8.59132e-05 0.000713724 -0.0187424 0.00936701 -0.000173458 0.000216374 0.00495961 0.0140105 0.000473963 0.00718553 0.00320604 -0.00817219 -0.0145245 0.00877798
internal_weight=1850.29 1774.25 76.0462 164.99 1609.26 1566.7 349.771 115.905 233.866 131.663 113.105 102.203 42.5581 11.6037
internal_count=19299 14797 4502 1778 13019 12076 2929 640 2289 1060 923 1229 943 301
is_linear=0
shrinkage=0.03


Tree=124
num_leaves=15
num_cat=1
split_feature=2 3 13 5 10 6 13 16 8 19 7 16 2 5
split_gain=27.5983 19.1785 14.3624 17.0828 20.9362 13.8011 12.2274 19.919 12.0851 11.7277 14.993 15.3335 13.6604 16.3415
threshold=0.70461060424620792 -0.60189642327370796 1.1711391361284702 -0.1693474511086295 0.30775351218805985 0.040671451123348808 0.34311516054794738 13.305935275516086 -0.34065170570652187 0 15.889353460123793 13.378433118119014 0.430239484008128 -0.26927524262272001
decision_type=2 2 10 10 2 10 10 2 2 1 2 2 2 10
left_child=1 -1 5 9 8 6 7 -3 -5 10 -4 -12 13 -11
right_child=-2 2 3 4 -6 -7 -8 -9 -10 12 11 -13 -14 -15
leaf_value=0.014109132313763617 -0.028440619953705316 0.019865404934821307 -0.0059099316557218902 0.041868954745265592 -0.0032461991013776285 0.0080823808899539509 -0.0038625545184915121 -0.024950757741927405 -0.020352140649317389 0.013027907066335552 0.02331331525965288 0.0013265121670164074 0.030149260376653175 -0.011833188487272654
leaf_weight=88.721123285591602 30.136102061718702 47.287183865904808 271.01153838448226 2.8921878114342681 388.87620869185776 301.40871042385697 248.18592548649758 11.002444949932395 98.184413129463792 72.239573951810598 33.298011399805546 200.071707688272 23.351477053016424 35.483688570559025
leaf_count=1064 2421 337 1449 19 4575 2483 2256 91 2560 446 188 1139 153 168
internal_value=3.38941e-05 0.000504862 -0.000191492 -0.00219853 -0.00640784 0.00352424 -0.000958549 0.0114061 -0.0185718 0.00104696 -0.00108864 0.00446367 0.00868529 0.00483874
internal_weight=1852.15 1822.01 1733.29 1125.41 489.953 607.884 306.476 58.2896 101.077 635.456 504.381 233.37 131.075 107.723
internal_count=19349 16928 15864 10697 7154 5167 2684 428 2579 3543 2776 1327 767 614
cat_boundaries=0 1
cat_threshold=376
is_linear=0
shrinkage=0.03


Tree=125
num_leaves=15
num_cat=0
split_feature=3 16 13 5 14 7 10 4 0 4 16 13 5 10
split_gain=24.7933 17.3554 19.3706 15.9161 12.1682 11.8366 11.0233 8.95684 8.43395 10.4261 11.7735 9.8652 25.6854 9.24528
threshold=0.22670577622936153 11.494062742119631 0.98797070907326134 -0.65363830303006909 0.0058552881693562505 13.870690705220525 0.47896111718935003 -0.12935299604084702 1.2993876769189603 0.014498577287036298 14.432309868117953 2.4905502508485973 0.16888113526993956 3.7095757948227868
decision_type=2 2 8 10 10 2 2 2 10 2 2 8 8 2
left_child=3 2 -2 -1 5 -5 -7 -8 9 -6 11 13 -13 -11
right_child=1 -3 -4 4 8 6 7 -9 -10 10 -12 12 -14 -15
leaf_value=0.015812606484697952 0.12816472594845746 -0.021339859305447757 -0.00099666141547040442 -0.053374983496079782 0.0010161683360992329 -0.026213713537246448 0.023873547223464329 -0.017021104513740264 0.018340860040411723 -0.0087345687042983799 -0.024858430693161047 0.10633227004699537 -0.017762313516104487 0.014264480323524314
leaf_weight=60.007498193532228 1.4643640378490079 67.251014554873109 3.6491151126101613 6.3531302697956553 1494.4377783387899 17.780288053676486 11.263191856443884 8.4263170659542066 23.521074331365526 102.01687581557781 27.775300826877356 2.5632043899968258 3.6229218943044543 18.598283087834716
leaf_count=822 57 4214 151 51 9703 240 58 90 175 2319 1101 54 70 235
internal_value=-7.57059e-05 -0.0172886 0.0359917 0.000625504 9.45313e-05 -0.0155106 -0.00909053 0.00637228 0.000503408 0.00024898 -0.00716816 -0.00329317 0.0336559 -0.00518822
internal_weight=1848.73 72.3645 5.11348 1776.37 1716.36 43.8229 37.4698 19.6895 1672.54 1649.01 154.577 126.801 6.18613 120.615
internal_count=19340 4422 208 14918 14096 439 388 148 13657 13482 3779 2678 124 2554
is_linear=0
shrinkage=0.03


Tree=126
num_leaves=15
num_cat=0
split_feature=2 3 10 14 15 6 15 14 7 13 13 15 13 1
split_gain=26.6832 14.5706 20.2978 10.5096 14.7308 27.6676 13.0497 11.3229 15.9334 11.1582 10.7613 14.1559 10.7184 16.8444
threshold=0.63600153816814464 -0.11534181207368381 0.63036326287907596 0.46887375907808199 0.22636566645953302 -0.12781930703915736 0.059467585894555454 0.054268392127092759 15.674214967822023 2.5037518716525256 2.302896958277175 0.24785014797699337 2.2287194018514218 14.797134220971941
decision_type=2 2 2 10 2 10 2 8 2 8 10 2 10 2
left_child=1 3 -3 4 6 -6 7 8 -1 12 11 -5 -9 -14
right_child=-2 2 -4 10 5 -7 -8 9 -10 -11 -12 -13 13 -15
leaf_value=0.0013055569862995627 -0.02226106691774556 -0.00862102591578651 0.0039025930736672331 -0.00076068036640996694 -0.044525737540632916 0.003271718686002136 0.015728774158078274 0.010011507439561303 -0.028406287488695763 0.025588798383968249 -0.024258827314794344 0.033751486744933348 -0.042962285102523909 0.0016861177415213638
leaf_weight=226.92347191274166 47.249265898950398 303.50869337469339 189.00880651175976 542.61387411132455 15.363297864794729 37.512706413865089 101.74005606397986 200.15340629965067 17.496452827006578 28.654967524111271 17.078438840806484 10.911479495465754 8.2876868695020658 92.292776383459568
leaf_count=1483 3710 5949 1815 3172 94 236 641 1208 104 198 83 59 46 539
internal_value=-8.006e-06 0.000578884 -0.00381495 0.00224478 0.00463302 -0.010616 0.00582658 0.00407086 -0.000821323 0.00770106 -0.000804025 -8.03524e-05 0.00599665 -0.00199285
internal_weight=1838.8 1791.55 492.517 1299.03 728.425 52.876 675.549 573.809 244.42 329.389 570.604 553.525 300.734 100.58
internal_count=19337 15627 7764 7863 4549 330 4219 3578 1587 1991 3314 3231 1793 585
is_linear=0
shrinkage=0.03


Tree=127
num_leaves=15
num_cat=0
split_feature=3 6 7 0 13 13 13 16 15 13 0 13 1 4
split_gain=22.6272 19.5509 13.2738 22.645 12.4265 10.7317 10.6428 10.0663 12.7364 9.56184 19.2138 11.8252 13.8549 11.0858
threshold=0.22670577622936153 0.040671451123348808 14.487182912734733 -0.34713554488216647 0.16648269435719201 2.4905502508485973 2.6599717818418389 13.236093806072445 0.07663325324931082 2.4062868706035148 0.20008837106161062 1.2114751028037207 14.999174484547956 -0.10501874583767561
decision_type=2 10 2 10 10 10 10 2 2 10 10 10 2 2
left_child=1 4 3 -2 7 -6 9 8 -1 11 13 12 -3 -11
right_child=2 6 -4 -5 5 -7 -8 -9 -10 10 -12 -13 -14 -15
leaf_value=0.0066721891972810121 0.099538696906603219 0.00074799998024807114 -0.022928500897735352 -0.0065699443978074574 -0.0039001115493765993 0.010017789357318818 -0.015944669939957606 -0.016789183579925166 0.042090106039566297 0.019939646110554578 -0.017367548971482388 0.00071660332464783857 0.013268778348196567 0.061130904667964975
leaf_weight=27.095878913067281 2.1397410174831739 134.11866724397987 57.026015600189567 11.751443731598554 830.66819316521287 53.045407165773213 23.328875168226659 8.778999572619794 13.787628139369188 25.560271881520745 10.36842775531113 456.51287630386651 195.45511187985539 7.6372992359101799
leaf_count=197 35 972 3880 565 7368 498 203 67 80 158 92 3655 1576 85
internal_value=9.64211e-05 0.000756187 -0.0165227 0.00977459 -0.00224409 -0.00306468 0.00403925 0.0123578 0.0186166 0.00460117 0.0182818 0.00384297 0.0081735 0.0294159
internal_weight=1857.27 1786.36 70.9172 13.8912 933.376 883.714 852.982 49.6625 40.8835 829.653 43.566 786.087 329.574 33.1976
internal_count=19431 14951 4480 600 8210 7866 6741 344 277 6538 335 6203 2548 243
is_linear=0
shrinkage=0.03


Tree=128
num_leaves=15
num_cat=0
split_feature=3 6 5 10 6 14 15 2 4 1 14 10 6 1
split_gain=22.376 16.4284 14.3025 14.159 14.9888 12.0628 11.9222 11.7375 15.5632 14.331 10.5727 11.7378 10.2225 10.1249
threshold=0.0031807142154502981 -0.74284902452151613 -0.5257321239107744 0.76278284679748054 0.19160830182932234 0.99840325681056941 0.30827391359063677 0.72636502799562352 0.075953279462161918 15.828795140351605 0.99991832796946301 0.17426960592457907 0.83581201242931991 15.572440325674586
decision_type=2 10 10 2 10 10 2 2 2 2 10 2 10 2
left_child=2 -2 5 4 -3 -1 10 8 -5 12 11 -6 -10 -7
right_child=1 3 -4 7 6 13 -8 -9 9 -11 -12 -13 -14 -15
leaf_value=0.016484076759214705 0.093954870235802609 -0.020292906781883124 0.00043820765496908274 -0.0036919670408220194 0.072151921498980254 0.0085961988900280003 0.064102223840073178 -0.030368235115407996 0.011774928233462189 0.1183196640288193 0.02279841927615997 -0.014670692063445264 0.077260692970656297 -0.021739099693624538
leaf_weight=95.240404717624187 1.4087382275611151 111.53790032677352 1440.016788545996 61.804753279313445 1.4579773945733894 26.416693855077028 2.439895915798842 9.9406441291794163 18.768626407720156 1.4013262735679735 10.460921899415551 36.11942296475172 2.4222635254263869 15.839816883206366
leaf_count=1155 42 4684 9114 525 73 277 66 847 703 56 284 1318 50 167
internal_value=-1.81288e-05 -0.00821294 0.00132089 -0.00877438 -0.0141544 0.0105653 -0.000590469 0.000465228 0.00409693 0.0254047 -0.00387625 -0.011302 0.0192604 -0.00277496
internal_weight=1835.28 257.762 1577.51 256.354 162.016 137.497 50.4782 94.3376 84.397 22.5922 48.0383 37.5774 21.1909 42.2565
internal_count=19361 8648 10713 8606 6425 1599 1741 2181 1334 809 1675 1391 753 444
is_linear=0
shrinkage=0.03


Tree=129
num_leaves=15
num_cat=0
split_feature=2 16 3 1 10 1 16 15 0 16 1 15 2 9
split_gain=24.7904 14.5671 12.5859 12.1372 13.9454 11.498 16.4656 13.7846 13.903 12.5522 20.2277 11.6171 11.4246 11.8823
threshold=0.63600153816814464 16.023437592726356 -0.50093993088181599 19.514360975694782 0.18090526875698743 17.401386256005559 14.511899146510705 0.018639655776819152 0.2780487282657203 14.245819824105313 16.505181403252401 0.0061953394288283507 0.47359233210959967 0.48356414578744339
decision_type=2 2 2 2 2 2 2 2 10 2 2 2 2 2
left_child=1 2 -1 -3 -5 9 -7 -8 12 10 -4 -11 13 -9
right_child=-2 3 5 4 -6 6 7 8 -10 11 -12 -13 -14 -15
leaf_value=0.0090477226136888109 -0.021920150860406596 -0.022544785765725151 -0.0010100124804530322 -0.027244524904724517 0.021258098223562456 0.032832106441408715 -0.015814760412390452 0.020630395667394393 -0.026285856271264722 0.016432610944052191 0.011109771167768874 -0.012321463870391685 -0.012788990305745077 -0.013493798568702515
leaf_weight=161.66395429521799 45.332389731891453 43.55599463544786 1125.2066577943042 8.2200013464316743 15.201329972594975 20.84896850399673 25.20299562625587 73.422129727900028 9.2659459793940169 14.126626363024114 139.27724980004132 120.61978547647595 14.138198381289838 10.496685616672037
leaf_count=1780 3710 757 8644 231 139 120 223 494 136 146 1013 1482 407 53
internal_value=-1.22216e-05 0.000545331 0.00108159 -0.01318 0.00423551 0.000252117 0.00804986 0.00415112 0.00883978 -0.000602624 0.000324928 -0.00930693 0.012159 0.0163621
internal_weight=1826.58 1781.25 1714.27 66.9773 23.4213 1552.61 153.375 132.526 107.323 1399.23 1264.48 134.746 98.057 83.9188
internal_count=19335 15625 14498 1127 370 12718 1433 1313 1090 11285 9657 1628 954 547
is_linear=0
shrinkage=0.03


Tree=130
num_leaves=15
num_cat=1
split_feature=4 10 4 14 14 14 0 9 15 9 5 1 19 15
split_gain=24.0968 14.9565 12.3752 10.4164 10.4261 18.44 17.6928 13.7557 11.534 11.9849 15.3039 14.3363 12.2514 11.5504
threshold=0.19904868457264871 0.15822096963046986 -0.47510833649677953 0.0042355090558023516 0.46887375907808199 0.96824799482650414 0.29624458149865412 0.39681257457976632 0.0015080824792273503 0.45589264892102738 -0.29740529444809022 17.162640522442839 0 0.30827391359063677
decision_type=2 2 2 10 10 10 10 2 2 2 10 2 1 2
left_child=1 -1 -3 -4 8 -6 7 -7 -5 10 11 -10 13 -11
right_child=-2 2 3 4 5 6 -8 -9 9 12 -12 -13 -14 -15
leaf_value=-0.016938974257800068 -0.0200087798390652 0.013601804416800105 -0.018764681381640579 -0.013781201014174096 -0.0091187072002768248 0.0085297268252722599 0.014993806450014949 -0.0036658218934235835 0.0038904805563123538 -5.4746513749188577e-05 -0.0026988879718208097 0.027862065546459844 0.0097963738034640719 -0.037614309758568429
leaf_weight=42.348505900241435 52.154045334085822 68.515225797891617 24.646796798333526 35.089099138975143 215.90182701684535 107.84942749235779 72.918930849991739 364.75643240846694 94.512352611869574 53.568881569430232 346.10370704997331 29.45015512779355 327.74706106819212 8.5441184863448125
leaf_count=965 4003 951 225 232 1978 1024 587 2541 596 351 3585 186 2224 50
internal_value=9.26743e-05 0.000677719 0.00110412 0.000594763 0.000882819 -0.00169763 0.00123941 -0.000882778 0.00307811 0.00376605 0.000540659 0.00958548 0.00765501 -0.0044973
internal_weight=1844.11 1791.95 1749.6 1681.09 1656.44 761.427 545.525 472.606 895.015 859.926 470.066 123.963 389.86 62.113
internal_count=19498 15495 14530 13579 13354 6130 4152 3565 7224 6992 4367 782 2625 401
cat_boundaries=0 1
cat_threshold=136
is_linear=0
shrinkage=0.03


Tree=131
num_leaves=15
num_cat=2
split_feature=3 6 10 4 19 6 7 17 19 8 4 10 8 0
split_gain=19.9037 18.0747 11.8976 10.7379 8.95999 15.8691 20.2565 13.9394 12.8122 13.449 10.9373 14.2622 10.1311 9.01033
threshold=0.2620846449487379 -0.69312769889166248 0.15822096963046986 -0.58423173546621499 0 0.7949755285713338 15.176156877764919 14.377947070617788 1 -0.57524281108053976 0.01892270476009739 0.57417207360886768 -0.027690959627020197 0.29624458149865412
decision_type=2 8 2 2 1 10 2 2 1 2 2 2 2 10
left_child=2 -2 -1 -4 -5 10 8 12 -7 -10 13 -12 -8 -6
right_child=1 -3 3 4 5 6 7 -9 9 -11 11 -13 -14 -15
leaf_value=-0.01513571451546835 0.10120033685909598 -0.019869982063648314 0.018624670508676729 0.0048218191583359622 -0.0011519312178987337 -0.018571027489034029 0.02255079962955123 -0.012858864640337746 -0.016715686787845376 0.022647741959146591 -0.020839050127226595 0.00032928256055800704 0.056020413193093622 0.010258851173207009
leaf_weight=41.977395485155284 1.1324831061065195 55.359930032864213 30.658291582018137 362.77862711250782 1054.8785467036068 15.90295687597245 32.080243272706866 7.6706829918548456 11.470105326734481 24.492288531735539 57.043720407411456 57.54057181533426 10.906788004562257 66.188356224447489
leaf_count=971 58 3965 472 2814 6967 112 234 65 85 151 2054 937 76 361
internal_value=8.71662e-05 -0.0174429 0.000645536 0.0010281 0.000710938 -0.000436293 0.0109021 0.0243951 -0.00227667 0.00789699 -0.00138058 -0.010209 0.0310428 -0.000478233
internal_weight=1830.08 56.4924 1773.59 1731.61 1700.95 1338.17 102.523 50.6577 51.8654 35.9624 1235.65 114.584 42.987 1121.07
internal_count=19322 4023 15299 14328 13856 11042 723 375 348 236 10319 2991 310 7328
cat_boundaries=0 1 2
cat_threshold=51 12
is_linear=0
shrinkage=0.03


Tree=132
num_leaves=15
num_cat=0
split_feature=4 16 9 16 13 5 10 6 16 0 3 16 1 5
split_gain=19.7374 17.9351 11.7651 11.5185 11.6676 11.4124 11.3218 12.9041 15.6441 8.81988 11.1336 8.53982 11.5054 8.3925
threshold=0.10042624324372464 11.274119788455563 4.7874912479726772 9.0897116585378601 0.96521901945295274 -0.41556008699334795 0.73512979441886761 0.16457933767823266 13.487341642155823 -0.29434037877842217 -0.52086534159072495 11.618924617083525 14.880883218712672 -0.2550876311063921
decision_type=2 2 2 2 10 10 2 10 2 8 2 2 2 10
left_child=5 2 3 -2 -5 6 -1 8 9 -8 -11 12 -7 -14
right_child=1 -3 -4 4 -6 11 7 -9 -10 10 -12 -13 13 -15
leaf_value=0.014777129374329255 0.097773436999932614 -0.017073633473801371 -0.015994495509620035 0.062169182039931638 -0.012379733706695187 0.0019663978683505754 0.0034168555167295596 0.012752639558450169 -0.040590966378847106 -0.045043970985767172 0.0020590645071921886 -0.00096907136298793729 0.034982949043284764 0.0092792311191021177
leaf_weight=101.81043329834938 2.2164671169593912 91.531977845355868 5.8999744364991775 3.3516865791752934 4.3310454972088337 230.50611462071538 89.854210432618856 67.747679188847542 9.5019396618008596 8.3235573023557681 9.8735297247767431 1144.2570245200768 16.842866502702236 35.590337155386806
leaf_count=935 42 5617 117 52 138 1318 787 666 69 86 56 9163 89 199
internal_value=0.000501382 -0.0119787 0.0175388 0.0375249 0.0201431 0.00128275 0.0067401 0.00232428 -0.00368573 -0.000440318 -0.0194864 0.000184883 0.00485168 0.0175359
internal_weight=1821.64 107.331 15.7992 9.8992 7.68273 1714.31 287.111 185.301 117.553 108.051 18.1971 1427.2 282.939 52.4332
internal_count=19334 5966 349 232 190 13368 2599 1664 998 929 142 10769 1606 288
is_linear=0
shrinkage=0.03


Tree=133
num_leaves=15
num_cat=0
split_feature=2 6 10 13 1 3 2 14 0 13 13 17 9 1
split_gain=23.6066 14.5888 12.6443 11.4142 16.1608 12.8204 15.7387 12.4578 12.2651 14.8199 14.7632 12.5801 12.4176 13.2745
threshold=0.63600153816814464 0.12747909021762063 0.15822096963046986 1.2054474065229048 14.952381497622964 -0.39875695702646546 0.45181314812836798 0.39047235407772635 0.16205392193976756 2.302896958277175 2.6599717818418389 14.006879284649736 0.56815036277316067 15.174251966245221
decision_type=2 10 2 10 2 2 2 10 10 10 10 2 2 2
left_child=1 2 -1 4 -3 -6 -7 8 9 12 -11 -10 -5 -14
right_child=-2 3 -4 7 5 6 -8 -9 11 10 -12 -13 13 -15
leaf_value=-0.020231936137903125 -0.021995252109464253 -0.00034786574749049316 -0.00092732999791116306 -0.0071376964377574976 0.032313905988067763 0.0031866444148800632 0.02440906704583273 -0.0042326042761296973 0.001120639433736138 0.033384722035779101 -0.0085908804721568817 -0.036004519212243388 0.0060377105664379304 0.045205891578882426
leaf_weight=31.435669889673591 42.376361651346087 105.29397307895124 1067.348870893009 43.266442595981061 30.296918872743845 88.245596081018448 48.865082618780434 207.23752639535815 61.368329399265349 37.997508816421032 9.4081792812794429 9.4841877603903395 31.16281071677804 10.381733957678078
leaf_count=830 3722 787 9303 358 317 436 656 1588 497 285 82 175 227 78
internal_value=0.000134294 0.0006606 -0.00147963 0.00410367 0.00886076 0.0146527 0.0107501 0.000941979 0.00622278 0.01162 0.0250542 -0.00384887 0.00411085 0.0158256
internal_weight=1824.17 1781.79 1098.78 683.008 272.702 167.408 137.111 410.307 203.069 132.217 47.4057 70.8525 84.811 41.5445
internal_count=19341 15619 10133 5486 2196 1409 1092 3290 1702 1030 367 672 663 305
is_linear=0
shrinkage=0.03


Tree=134
num_leaves=15
num_cat=1
split_feature=2 6 3 14 10 2 16 1 10 0 10 19 3 1
split_gain=21.1123 16.0467 14.5064 10.3356 10.2083 10.0956 9.93463 14.3987 11.0209 9.36274 9.94669 12.2467 10.8827 10.8698
threshold=0.56592003676005731 -0.69312769889166248 -0.50093993088181599 0.0042355090558023516 0.79540312828574145 0.72636502799562352 11.618924617083525 14.969140017968995 0.3377910150436198 -0.54553911895539497 0.31647907222475863 0 -0.10876002730494637 16.080928090322008
decision_type=2 8 2 10 2 2 2 2 2 10 2 1 2 2
left_child=2 -2 -1 -4 -3 -6 7 8 -5 -8 11 -11 -13 -12
right_child=1 4 3 6 5 -7 9 -9 -10 10 13 12 -14 -15
leaf_value=0.0097192259370527598 0.096059490564155692 -0.022775944177451234 -0.018487761731482078 0.026026882156517647 0.0081381288888443207 -0.030374626845394069 -0.01703316367441873 0.022075113146339718 0.0010815081358542861 0.0035741475253625705 -0.0015209371396118466 -0.0042346985960931708 -0.018916268434026124 0.0050781392952160241
leaf_weight=155.93616395071149 1.1809204788878558 57.933904718607664 26.398202149197459 17.090476684272289 23.966210057958961 8.2292593056336028 30.897242914885283 40.248241608962417 236.7244476750493 97.49961153510958 542.34801366552711 122.50764294713736 72.231113290414214 383.49151034839451
leaf_count=1753 61 4186 266 110 806 767 183 212 1321 885 3625 821 1804 2503
internal_value=0.000248382 -0.0138098 0.000992373 0.000125289 -0.0152494 -0.00170585 0.00044372 0.00540467 0.00276119 -0.000724305 -0.000310621 -0.0051359 -0.00920747 0.00121246
internal_weight=1816.68 91.3103 1725.37 1569.44 90.1294 32.1955 1543.04 294.063 253.815 1248.98 1218.08 292.238 194.739 925.84
internal_count=19303 5820 13483 11730 5759 1573 11464 1643 1431 9821 9638 3510 2625 6128
cat_boundaries=0 1
cat_threshold=167
is_linear=0
shrinkage=0.03


Tree=135
num_leaves=15
num_cat=0
split_feature=4 16 5 2 13 15 1 1 15 3 8 15 14 5
split_gain=18.5146 11.6681 11.3364 9.99052 9.80639 19.7162 11.907 14.5504 20.7407 17.0161 10.6593 10.0423 9.71475 20.7037
threshold=0.0096922985499434695 14.432309868117953 -0.7388306310588878 0.72636502799562352 1.2114751028037207 0.0016077564791259003 14.042667474850655 16.458657796083795 0.19691703507158034 -0.31339147901671177 -0.063123381388876035 0.090638302827066364 0.46887375907808199 -0.1693474511086295
decision_type=2 2 10 2 10 2 2 2 2 2 2 2 10 10
left_child=2 3 -1 -2 6 -6 10 8 11 -10 -4 -8 13 -7
right_child=1 -3 4 -5 5 12 7 -9 9 -11 -12 -13 -14 -15
leaf_value=0.018583998996481495 -0.0026270234142051021 -0.022509104622770108 0.031606562434192173 -0.026788188416679005 -0.011127772818140397 0.0075674625762419149 0.00065349899818261748 0.012033040590806796 -0.067011922803828103 -0.010111559837663715 -0.0031302916255039771 0.023278285486920028 -0.0037610031012743766 -0.0045578587292092057
leaf_weight=32.900355454534292 170.14082843158394 40.865477164275944 24.802572920918465 16.935813799500465 148.07091722823679 343.9431679546833 381.03443713113666 118.96737259812653 6.9772182777524021 14.686946483328937 11.701305728405712 18.514551796019077 281.92572730407119 200.68719892203808
leaf_count=520 4519 2295 147 1692 897 2045 2377 803 40 84 68 111 1854 1887
internal_value=7.58431e-06 -0.00798663 0.00115782 -0.0048143 0.000788245 -0.0010465 0.00388906 0.00276846 0.000151771 -0.028437 0.0204717 0.0017019 0.000759476 0.00309948
internal_weight=1812.15 227.942 1584.21 187.077 1551.31 974.627 576.684 540.181 421.213 21.6642 36.5039 399.549 826.556 544.63
internal_count=19339 8506 10833 6211 10313 6683 3630 3415 2612 124 215 2488 5786 3932
is_linear=0
shrinkage=0.03


Tree=136
num_leaves=15
num_cat=0
split_feature=2 4 4 1 7 13 0 7 13 1 1 13 2 8
split_gain=23.3855 12.7604 10.184 12.7689 17.7764 16.2248 13.6906 21.8312 14.5583 19.3899 16.4071 14.1786 16.2291 14.4207
threshold=0.63600153816814464 -0.58423173546621499 -0.019365000450276556 16.435538936180929 16.637601966349767 2.5733505072904044 0.0426115271718105 16.103606633183045 1.7929700778281561 14.060058540008466 13.956689329189887 2.0825133384914238 0.2938734842900616 0.10825157303695578
decision_type=2 2 2 2 2 8 10 2 10 2 2 10 2 2
left_child=1 -1 3 6 -5 -6 7 8 -3 10 -10 13 -13 -8
right_child=-2 2 -4 4 5 -7 11 -9 9 -11 -12 12 -14 -15
leaf_value=0.019783742933175943 -0.023050101243072923 -0.0046421451350260349 -0.0057740044550179809 0.016264540370916653 0.0008717773124236705 0.047703854523737418 0.0058226852654427296 -0.025862580650009254 0.00036132167179912729 0.0083621026406756078 -0.04713944044224417 -0.048166139518279791 -0.0017721655702445517 0.033681278336557062
leaf_weight=28.982122704386711 40.373588274233043 533.52358698286116 259.0806056894362 96.893755663186312 348.26725050806999 6.7876246199011794 185.00432507693768 36.291918847709894 16.185626652091745 178.06277465075254 10.986882507801054 8.2631994783878309 37.959354106336832 18.384635090827942
leaf_count=469 3731 3242 5777 632 2526 51 1005 225 99 1127 64 58 200 97
internal_value=-0.00047481 4.16851e-05 -0.000287963 0.000674598 0.0048752 0.00176707 -0.00117817 -0.0031461 -0.00203014 0.00475996 -0.018845 0.00493232 -0.010066 0.00834087
internal_weight=1805.05 1764.67 1735.69 1476.61 451.949 355.055 1024.66 775.051 738.759 205.235 27.1725 249.612 46.2226 203.389
internal_count=19303 15572 15103 9326 3209 2577 6117 4757 4532 1290 163 1360 258 1102
is_linear=0
shrinkage=0.03


Tree=137
num_leaves=15
num_cat=0
split_feature=4 6 14 13 1 9 6 15 4 10 0 15 10 15
split_gain=16.9628 11.1869 12.1468 10.7004 13.2725 12.9777 10.5446 10.0081 9.96801 9.09957 10.7344 8.48627 15.7823 17.5806
threshold=0.12324751981105221 1.4695755927370795 0.99256082205212015 0.50612836183143661 14.98398129298236 0.31394349422969531 -0.69312769889166248 0.00054476613179125014 -0.58423173546621499 0.15822096963046986 0.16205392193976756 0.0015766857418661002 3.3967127276511078 0.00049499027157845011
decision_type=2 8 8 10 2 2 10 2 2 2 10 2 2 2
left_child=8 3 -3 4 -2 -6 -5 -8 -1 10 -10 12 -11 -14
right_child=1 2 -4 6 5 -7 7 -9 9 11 -12 -13 13 -15
leaf_value=0.018131399551429235 -0.031132254167730435 0.00062249419120522897 0.097508952702804338 0.067887774495347233 -0.010256899673544815 0.10529124170493794 0.06014744854408096 -0.023241578937860538 -0.018263748916915463 -0.010108711717056389 0.051297459526958362 0.0014840508692359905 0.017645400887441289 -0.0035021588297053036
leaf_weight=27.89101180434227 2.5651022819802156 4.5469691567122927 1.5655882619321344 1.2048462275415648 1.479448573663831 2.140526064671576 1.3207248998805869 67.350923964753747 36.12395897321403 175.61179149337113 2.1133836815133682 1314.3601009473205 50.068283272907138 120.59954922646284
leaf_count=463 169 170 50 53 114 97 79 4610 845 1280 63 10222 314 779
internal_value=-0.00029157 -0.0136086 0.0254377 -0.0167465 0.0210744 0.0580678 -0.0200942 -0.0216378 0.000342165 5.01135e-05 -0.0144191 0.000383277 -0.00379489 0.00270183
internal_weight=1808.94 82.1741 6.11256 76.0616 6.18508 3.61997 69.8765 68.6716 1726.77 1698.88 38.2373 1660.64 346.28 170.668
internal_count=19308 5342 220 5122 380 211 4742 4689 13966 13503 908 12595 2373 1093
is_linear=0
shrinkage=0.03


Tree=138
num_leaves=15
num_cat=2
split_feature=2 5 6 12 6 10 19 5 1 6 9 9 13 19
split_gain=19.8218 13.7537 14.5843 12.4448 11.4561 11.4156 14.3739 14.9724 11.983 10.9563 11.5282 9.67993 8.54797 13.9258
threshold=0.70461060424620792 -0.39425062972937647 -0.6637427398453577 1.5000000000000002 0.053427950486814819 0.31647907222475863 0 -0.20555421002319871 19.091930338065534 -0.081659511886693167 0.2553881726802395 0.32692550350261335 0.88815827552278914 1
decision_type=2 10 10 2 10 2 1 10 2 10 2 2 10 1
left_child=1 2 -1 4 5 6 7 -3 -7 -9 -11 -4 13 -6
right_child=-2 3 11 -5 12 8 -8 9 -10 10 -12 -13 -14 -15
leaf_value=-0.035157188683464874 -0.027743272430263474 0.014216891142706772 0.020103752100723252 0.041717389461252322 -0.0029169299191546825 -0.0011998696275044441 -0.016926007447260961 -0.026743767348779358 -0.038203296425691514 -0.0077849064243205746 0.052773920255368728 0.0047361974525152927 -0.00016109083615423319 0.01500738958884484
leaf_weight=7.6386948302388182 23.07394344266504 37.207728378474712 42.579267010092735 6.1096024289727202 66.807404385879636 577.8773975148797 101.732895786874 21.342648969963193 7.9851964041590682 12.35934738814831 3.6689330562949172 276.0744275264442 531.96556468866765 84.912358493544161
leaf_count=71 2436 186 411 34 565 5128 1783 462 58 310 70 2369 4811 648
internal_value=-0.000116389 0.000242085 0.00580765 -0.00100863 -0.00118917 -0.00371835 -0.0104111 0.000657412 -0.00170422 -0.0126669 0.00607723 0.00678965 0.00163036 0.00791159
internal_weight=1801.34 1778.26 326.292 1451.97 1445.86 762.174 176.312 74.5787 585.863 37.3709 16.0283 318.654 683.685 151.72
internal_count=19342 16906 2851 14055 14021 7997 2811 1028 5186 842 380 2780 6024 1213
cat_boundaries=0 1 2
cat_threshold=547 46
is_linear=0
shrinkage=0.03


Tree=139
num_leaves=15
num_cat=0
split_feature=2 14 5 17 6 15 5 15 14 9 7 1 6 5
split_gain=17.6535 12.7493 11.4429 8.22683 10.2276 13.2288 14.0294 9.93935 12.4619 14.9807 14.6298 14.7622 13.7501 9.92376
threshold=0.72636502799562352 0.0042355090558023516 -0.7388306310588878 15.844707778682443 -0.0519177760855613 0.14300789068004352 -0.09509971002583005 0.0013936217488551503 0.051093688327306507 1.4078766677487808 14.924690038605918 14.969140017968995 0.5240280765252453 -0.29347214909203045
decision_type=2 8 8 2 10 2 10 2 10 2 2 2 10 10
left_child=1 -1 -3 7 13 -6 -7 8 9 -4 11 12 -10 -5
right_child=-2 2 3 4 5 6 -8 -9 10 -11 -12 -13 -14 -15
leaf_value=-0.018966003328777334 -0.02876077363352612 0.018957388288543688 -0.0042451250810962588 0.033121146902347007 -0.016833233994132259 0.031898245385818237 -0.016240302044861911 0.0017235861967759658 -0.0050040735720988201 -0.055847561856147233 -0.017240642648312682 0.025758134697444982 0.015121838472342049 -0.029303189333774755
leaf_weight=30.949548882432282 19.254259118810296 29.584896858781576 11.597625315189363 2.5149132907390621 23.785598590970039 15.344345867633821 8.4488796247169358 1326.294632833451 187.34976721089333 8.9867816343903524 50.969580497592688 19.094230329617858 36.504741910845041 25.855790730565786
leaf_count=403 2123 491 102 14 419 115 257 12378 1570 60 469 126 239 521
internal_value=-0.00018923 0.000120302 0.000458561 0.000139768 -0.00951294 -0.00101186 0.0148044 0.000586575 -0.00420834 -0.0267738 -0.00262797 0.0004377 -0.00172207 -0.0237696
internal_weight=1796.54 1777.28 1746.33 1716.75 75.9495 47.5788 23.7932 1640.8 314.503 20.5844 293.918 242.949 223.855 28.3707
internal_count=19287 17164 16761 16270 1326 791 372 14944 2566 162 2404 1935 1809 535
is_linear=0
shrinkage=0.03


Tree=140
num_leaves=15
num_cat=2
split_feature=2 13 1 1 16 6 19 1 16 3 19 17 3 13
split_gain=16.8147 13.4147 13.4618 14.9697 15.6826 14.3478 16.1714 16.1196 15.1998 13.392 13.322 12.3157 11.7268 11.4302
threshold=0.63600153816814464 1.1711391361284702 14.042667474850655 16.637912005273758 14.198631615601288 0.42257598837721438 0 14.952381497622964 13.378433118119014 0.040796415589958841 1 13.36388674770089 -0.27584400469586867 0.8089287594334964
decision_type=2 10 2 2 2 10 1 2 2 2 1 2 2 10
left_child=1 2 -1 5 -5 8 7 -7 10 -3 -4 -8 -9 -10
right_child=-2 9 3 4 -6 6 11 12 13 -11 -12 -13 -14 -15
leaf_value=0.020829542086535747 -0.020027196479250855 -0.00068896439735139682 -0.013835845680777975 0.028631322034784051 0.003819371899128034 -0.036157358359348045 0.014969033145116242 0.036578495044632606 -0.031484418538361425 -0.012272377386865247 0.0027671458364169517 0.055457969941903905 -0.011349870438390716 -0.0048400298221546283
leaf_weight=39.011532938107848 37.551898628473282 1032.4382625380531 40.83554516825825 37.460471394471824 59.0920280367136 12.575028608553113 65.629387749359012 7.5769933350384262 25.059725468978286 98.389448574744165 291.73380379378796 7.5378574719652525 11.67209978494793 34.357260382734239
leaf_count=282 3753 7640 339 299 610 100 490 79 246 2793 2315 58 86 363
internal_value=-0.000162842 0.00026018 0.00375877 0.00263674 0.0134459 0.000536742 0.010386 -0.00741203 -0.00210133 -0.0016968 0.000395673 0.0168389 0.0075161 -0.0160776
internal_weight=1800.92 1763.37 632.542 593.53 96.5525 496.978 104.991 31.8241 391.986 1130.83 332.569 73.1672 19.2491 59.417
internal_count=19453 15700 5267 4985 909 4076 813 265 3263 10433 2654 548 165 609
cat_boundaries=0 1 2
cat_threshold=38 136
is_linear=0
shrinkage=0.03


Tree=141
num_leaves=15
num_cat=1
split_feature=2 5 0 5 1 10 16 6 19 10 7 7 16 15
split_gain=16.1251 12.1469 9.43981 10.6832 24.0676 22.6385 16.5843 14.7724 14.3423 14.8856 12.4816 10.8596 10.2669 9.78951
threshold=0.70461060424620792 -0.7388306310588878 1.1826197865263153 -0.1693474511086295 16.435538936180929 0.48482515216822269 13.767474378205453 0.011412817760674489 0 0.32977922465090997 16.033010614011502 14.014838181162741 13.34158125021939 0.0013609023592643002
decision_type=2 10 10 10 2 2 2 10 1 2 2 2 2 2
left_child=1 -1 3 4 6 7 -3 11 9 10 -9 -5 -6 -7
right_child=-2 2 -4 5 12 13 -8 8 -10 -11 -12 -13 -14 -15
leaf_value=0.01857717934903818 -0.0261438573225703 -0.00089579066466121706 0.016356594322893971 0.039179827532019429 0.027339748507639587 -0.0062400868741127446 -0.02826350458833278 0.074296844404601922 -0.0071176437298216873 -0.0059056504624008695 0.018811810263167514 -0.017254069855570552 0.0067982885947913416 0.0046247017112600779
leaf_weight=31.039760697633028 21.531615004874766 689.13734444603324 29.904017154127359 3.1341796712949863 23.757720574736595 102.94336887169629 20.521365154534578 5.1739625828340676 157.81349556148052 14.503676697611807 12.379168300889431 147.24405158590525 279.86228978820145 271.45209977589548
leaf_count=522 2432 4018 246 34 194 1129 117 80 2631 172 229 3224 1697 2666
internal_value=-0.000336906 -2.62817e-05 -0.000354782 -0.000643995 0.00133703 -0.00345285 -0.00168719 -0.00905388 -0.00349084 0.0126408 0.0351666 -0.0160779 0.00840562 0.00163733
internal_weight=1810.4 1788.87 1757.83 1727.92 1013.28 714.644 709.659 340.249 189.87 32.0568 17.5531 150.378 303.62 374.395
internal_count=19391 16959 16437 16191 6026 10165 4135 6370 3112 481 309 3258 1891 3795
cat_boundaries=0 1
cat_threshold=176
is_linear=0
shrinkage=0.03


Tree=142
num_leaves=15
num_cat=1
split_feature=2 13 5 14 14 10 7 1 15 2 19 13 15 1
split_gain=17.8507 10.9861 19.7381 19.599 20.479 15.4844 13.4866 18.0161 10.7663 24.0478 10.8201 15.3694 21.2353 18.1258
threshold=0.70461060424620792 1.1711391361284702 -0.1693474511086295 0.46887375907808199 0.033084941058947506 0.3106232756026085 14.014838181162741 16.637912005273758 0.20619981475879642 0.42352597315840584 0 0.29376149827717574 0.0036985281156507502 14.784356634377643
decision_type=2 10 10 10 10 2 2 2 2 2 1 10 2 2
left_child=1 6 3 4 -3 -4 -1 8 10 -10 11 13 -13 -8
right_child=-2 2 5 -5 -6 -7 7 -9 9 -11 -12 12 -14 -15
leaf_value=0.015928037586919824 -0.027416959114740101 -0.0034067681376716203 -0.01690835546607182 -0.0041536546285343284 0.010994670284239385 -0.003199597197981035 -0.0089778220739706923 0.013888004928991806 -0.040899528851057063 0.02265838503496791 0.010122836985026262 0.0032099702780781589 -0.01200110604328122 0.045559616530783491
leaf_weight=72.450181849300861 20.73203376820311 131.81703619658947 91.997059103101492 268.38370206393301 272.73698936216533 382.35729433503002 9.5062702978029865 97.741168588399887 16.126262430101637 8.0233459575101715 79.53420899156481 198.16855714190751 141.63670739531517 12.964645838364957
leaf_count=552 2414 859 2609 1550 1736 4514 72 949 83 100 626 1784 1375 112
internal_value=0.000260023 0.000581761 -0.00117154 0.00213216 0.00630221 -0.0058583 0.00374382 0.00217783 -0.000278529 -0.0197834 0.000787616 -0.00149986 -0.00313027 0.0224877
internal_weight=1804.18 1783.44 1147.29 672.938 404.554 474.354 636.151 563.701 465.96 24.1496 441.81 362.276 339.805 22.4709
internal_count=19335 16921 11268 4145 2595 7123 5653 5101 4152 183 3969 3343 3159 184
cat_boundaries=0 1
cat_threshold=812
is_linear=0
shrinkage=0.03


Tree=143
num_leaves=15
num_cat=0
split_feature=2 14 16 1 15 15 5 1 14 6 6 6 1 16
split_gain=13.8261 11.0441 10.9928 21.9234 16.4632 34.8193 15.5698 17.0014 11.0285 13.1679 9.46294 9.45161 9.65672 8.52623
threshold=0.72636502799562352 0.0042355090558023516 12.766923370128087 16.362130554549463 0.20619981475879642 0.073382021487406413 -0.15596121772281937 16.482010210407818 0.95239966751067351 1.0148574401318973 -0.18766912511746894 0.06010826703277717 14.969140017968995 13.82779114654824
decision_type=2 8 2 2 2 2 8 2 10 8 8 10 2 2
left_child=1 -1 3 4 5 11 7 -4 -8 -10 -7 -3 -13 -9
right_child=-2 2 6 -5 -6 10 8 13 9 -11 -12 12 -14 -15
leaf_value=-0.01761920973743775 -0.026862533291465294 -0.0017123149610646651 -0.0053369270487508931 0.038390965145783038 -0.040444692916615031 0.054683812270298691 -0.010292013155867846 0.017222278141145946 -0.00088281256191430292 0.052884482701134099 0.019401010408787157 0.001453778403101844 0.011511653984317395 0.0035813420942215554
leaf_weight=31.685530698858202 17.499068215955049 447.49531278666109 207.08145943470299 15.124086258001624 8.1626412356272322 12.608117477037011 255.21095305867493 49.654579374939203 98.050258762668818 4.2782959332689634 14.957588864490392 270.39345645904541 125.92329819407314 243.33394788764417
leaf_count=392 2120 3751 1147 140 57 87 4919 360 1721 50 127 2092 931 1504
internal_value=-0.000325994 -6.56937e-05 0.000251718 0.00257814 0.00196232 0.00235957 -0.00217522 0.00124272 -0.0069557 0.00136517 0.0355388 0.00127567 0.00464951 0.00589316
internal_weight=1801.46 1783.96 1752.27 894.665 879.54 871.378 857.609 500.07 357.54 102.329 27.5657 843.812 396.317 292.989
internal_count=19398 17278 16886 7185 7045 6988 9701 3011 6690 1771 214 6774 3023 1864
is_linear=0
shrinkage=0.03


Tree=144
num_leaves=15
num_cat=2
split_feature=2 4 0 2 5 16 0 17 19 0 19 10 0 17
split_gain=15.4705 13.1914 11.4396 11.3024 11.5821 14.2127 13.783 15.547 11.7049 14.1503 9.25342 11.0581 10.3943 9.52874
threshold=0.69979385072064104 -0.36288160219280108 1.2993876769189603 0.22902490789384441 -0.010375836425937866 14.222940453543947 0.40335664724512749 11.77754366063356 0 0.069176982098846831 1 3.5500959540929782 -0.082400428367551223 11.35920807977603
decision_type=2 2 10 2 10 2 10 2 1 10 1 2 10 2
left_child=1 -1 3 -3 8 6 10 -8 -5 -10 11 -6 13 -12
right_child=-2 2 -4 4 5 -7 7 -9 9 -11 12 -13 -14 -15
leaf_value=0.0086427192220225151 -0.025922983656794938 -0.036753055567869265 0.020607537360107602 0.0080439315425214972 0.00035610825523318458 -0.01758262745249594 -0.014841934163707465 0.016298392104662645 -0.0020277933931825598 0.0072356451610525599 0.054645604121535456 0.044147992806090622 -0.014206768767374709 -0.00020603631330427105
leaf_weight=152.11870265752077 20.645613212138414 7.874232903122901 22.573167396709323 155.51440058648586 34.82168904133141 70.990185076370835 19.383465375751257 56.454114557243884 912.4238545736298 177.23894132301211 3.2545341532677439 6.0985355004668227 122.76918070577085 22.951552243903279
leaf_count=1840 2517 49 185 973 639 2246 131 777 6146 997 24 64 2299 469
internal_value=-0.000104337 0.000197761 -0.000598987 -0.000900098 -0.000721633 -0.00565797 -0.00247231 0.00833918 0.00061326 -0.000516312 -0.00679004 0.00553097 -0.00988227 0.00660599
internal_weight=1785.11 1764.47 1612.35 1589.77 1581.9 336.723 265.733 75.8376 1245.18 1089.66 189.895 40.9202 148.975 26.2061
internal_count=19356 16839 14999 14814 14765 6649 4403 908 8116 7143 3495 703 2792 493
cat_boundaries=0 1 2
cat_threshold=19 44
is_linear=0
shrinkage=0.03


Tree=145
num_leaves=15
num_cat=0
split_feature=8 9 5 13 13 5 6 17 3 5 15 6 15 9
split_gain=11.8624 11.7602 14.0578 18.7716 8.77005 11.4106 12.4556 9.73532 8.99457 7.99956 9.37114 8.6531 11.8883 8.83905
threshold=-0.12370677518587218 0.84783210538265474 -0.010375836425937866 0.94558937035924806 2.2850038484581092 -0.20140338005599676 -0.32181069121887296 12.150715921465878 -0.12427231311081426 -0.75841420589778918 0.0013609023592643002 -0.043394436634884063 0.00049499027157845011 1.4078766677487808
decision_type=2 2 10 10 8 10 10 2 2 8 2 10 2 2
left_child=9 2 4 -4 -2 6 -6 -7 -8 -1 11 12 -11 -14
right_child=1 -3 3 -5 5 7 8 -9 -10 10 -12 -13 13 -15
leaf_value=0.020779484242054794 -0.0037056294059640985 0.0039534656393040088 0.0053171285212081365 -0.020414949996465141 -0.021085546268512657 0.038916078872368656 0.013179996155700958 -0.013528152743298572 0.043491325169069672 0.0087395932186909372 0.0036508320806986666 0.00046270653575860454 -0.0084896947409191566 -0.03780116011841516
leaf_weight=21.501467391848564 427.97955774376169 209.7609869861044 35.468576213810593 90.919339019339532 6.9248527102172366 3.617198831401768 29.095374334603548 26.701324383728206 12.637747190892695 14.317225043661891 764.95290538249537 108.75979901663959 18.143119395244867 18.909492793958634
leaf_count=382 3440 1959 1404 4567 39 42 163 404 75 95 5634 738 171 147
internal_value=0.000384756 -0.0022032 -0.00424227 -0.0131937 -0.00201061 0.00717483 0.0161761 -0.00727121 0.022359 0.0026898 0.00226935 -0.00433011 -0.0144774 -0.0234486
internal_weight=1789.69 843.105 633.344 126.388 506.956 78.9765 48.658 30.3185 41.7331 946.584 925.083 160.13 51.3698 37.0526
internal_count=19260 12093 10134 5971 4163 723 277 446 238 7167 6785 1151 413 318
is_linear=0
shrinkage=0.03


Tree=146
num_leaves=15
num_cat=1
split_feature=2 13 4 10 1 1 16 6 15 13 19 13 6 15
split_gain=14.4226 9.62613 12.1972 13.332 10.7663 13.1674 11.3289 10.8125 18.1995 19.1777 14.8385 14.1001 12.2287 12.1309
threshold=0.70461060424620792 1.1711391361284702 -0.054187231811828655 0.75315196234427184 14.042667474850655 16.637912005273758 14.15978432527586 -0.1183601750180374 0.18706976612421733 1.0000000180025095e-35 0 0.48611742219636894 1.6049580696781767 0.026001287659038152
decision_type=2 10 2 2 2 2 2 10 2 10 1 10 10 2
left_child=1 4 -3 -4 -1 7 -7 8 9 -6 -9 13 -13 -12
right_child=-2 2 3 -5 5 6 -8 10 -10 -11 11 12 -14 -15
leaf_value=0.018795577842821352 -0.025595034739775823 0.00049962802197185718 -0.012623030116350988 0.0020395295801655159 0.023727703475844984 0.026979160207600345 0.0050861584126766762 -0.005010717858168175 -0.046922567127057467 -0.007903081371330143 0.0054466216483030246 0.0041296760294289546 0.039676449855499167 0.050655145722670748
leaf_weight=39.01557441893965 19.209135009907186 897.38508285954595 149.12547655729577 89.19093756750226 20.077242943458259 33.044351363554597 59.714056371711195 116.36274052411318 9.2281108871102315 122.55868919938803 9.3949984461069125 192.24885975010693 9.1234512617811543 12.382288956083356
leaf_count=297 2434 5562 4485 1119 146 280 671 1024 74 1235 82 1619 84 110
internal_value=0.000259084 0.000541447 -0.00110253 -0.0071355 0.00353763 0.00251852 0.0128853 0.000561546 -0.00609236 -0.00345077 0.00353784 0.00786752 0.00574017 0.0311516
internal_weight=1778.06 1758.85 1135.7 238.316 623.15 584.135 92.7584 491.376 151.864 142.636 339.512 223.15 201.372 21.7773
internal_count=19222 16788 11166 5604 5622 5325 951 4374 1455 1381 2919 1895 1703 192
cat_boundaries=0 1
cat_threshold=46
is_linear=0
shrinkage=0.03


Tree=147
num_leaves=15
num_cat=0
split_feature=2 3 8 9 0 5 9 0 2 4 4 9 13 5
split_gain=12.8646 12.0548 10.3059 10.83 9.97554 10.0937 16.9806 10.7519 12.5115 13.9857 11.6639 10.8297 9.71112 9.66521
threshold=0.72636502799562352 -0.60189642327370796 -2.7300124238815715 4.701303609509222 1.2993876769189603 -0.016577732275521336 0.24026799330120571 -0.062581569977648396 0.49190214130343002 0.026617499530217196 -0.0085777235558988068 0.55031523343320154 0.29376149827717574 -0.1693474511086295
decision_type=2 2 2 2 10 8 2 10 2 2 2 2 10 10
left_child=1 2 3 -1 5 7 -7 13 -9 10 11 -10 -8 -3
right_child=-2 4 -4 -5 -6 6 12 8 9 -11 -12 -13 -14 -15
leaf_value=-0.05235963992613351 -0.026571891493911155 0.00012800656243488893 0.016446462033891326 0.006713543269451225 0.020118828194112485 -0.020843456623617862 0.024493412038807474 0.0033973036147930125 0.0053601427031142188 0.082419374512377575 -0.011315187920472073 0.064095492494714981 -0.0033814391698135495 -0.0086305647172758605
leaf_weight=4.2215400859713546 16.21994048776105 753.00902933441103 66.291387021541595 8.2547112405300123 21.324364136904478 52.133936000987887 11.705359905026851 397.6849439740181 5.414469894021753 3.3974712342023841 7.9987881556153306 5.9081716649234295 288.06688055163249 133.4960306128487
leaf_count=61 2135 4419 923 87 189 1977 142 2357 93 93 147 45 5038 1616
internal_value=2.31856e-05 0.000268435 0.0117388 -0.0132748 -0.000269315 -0.000531408 -0.0050412 0.000682924 0.0046343 0.0262873 0.0164171 0.0360083 -0.002293 -0.00119092
internal_weight=1775.13 1758.91 78.7676 12.4763 1680.14 1658.82 351.906 1306.91 420.404 22.7189 19.3214 11.3226 299.772 886.505
internal_count=19322 17187 1071 148 16116 15927 7157 8770 2735 378 285 138 5180 6035
is_linear=0
shrinkage=0.03


Tree=148
num_leaves=15
num_cat=0
split_feature=5 16 7 7 14 13 7 14 15 6 5 8 6 6
split_gain=9.48864 16.6807 10.9714 13.202 14.5771 17.0715 11.5345 16.4506 11.7045 11.3326 9.83483 9.6231 9.16935 12.1979
threshold=-0.1693474511086295 11.618924617083525 16.282634827531385 16.637601966349767 0.64729584639250703 1.0572974385591876 17.301806896595849 0.14618967234399308 0.047763937175370912 -0.1183601750180374 -0.29740529444809022 -0.34065170570652187 0.040671451123348808 -0.28315465752174251
decision_type=8 2 2 2 10 10 2 10 2 10 10 2 10 10
left_child=2 -2 -1 12 6 -6 7 10 -8 -10 -5 -7 13 -4
right_child=1 -3 3 4 5 11 8 -9 9 -11 -12 -13 -14 -15
leaf_value=-0.00036640811106281729 0.0059389842591270007 -0.0051048474119602394 0.030120671235256042 0.0058257415653804783 0.021624820372358369 0.0089821093220216475 0.038478453054561788 0.013450968501815756 -0.016163532605608721 0.019984025438994475 -0.030204982181738615 -0.017154877378549645 0.033364255167253255 -0.0025900518858141476
leaf_weight=733.39028847869486 154.75876455381513 601.47014253167436 16.727548539638519 11.205596912652256 16.689511358737946 15.938045747578142 19.42467987164855 41.615948811173439 10.795365769416092 28.185870882123709 17.413302324712276 61.978569462895393 23.412810266017914 26.536476701498032
leaf_count=4668 1410 11435 97 79 98 115 120 271 67 188 96 344 157 165
internal_value=-0.000296499 -0.00284478 0.00158668 0.0065272 0.0030286 -0.0059105 0.00960267 0.0014108 0.0194536 0.00997341 -0.0160973 -0.0118085 0.0182412 0.0100572
internal_weight=1779.54 756.229 1023.31 289.924 223.247 94.6061 128.641 70.2348 58.4059 38.9812 28.6189 77.9166 66.6768 43.264
internal_count=19310 12845 6465 1797 1378 557 821 446 375 255 175 459 419 262
is_linear=0
shrinkage=0.03


Tree=149
num_leaves=15
num_cat=0
split_feature=2 14 13 6 15 13 7 6 1 9 5 1 14 14
split_gain=12.3157 9.05043 7.58503 21.5464 13.0786 11.3174 15.133 13.6523 11.9435 12.0487 10.8956 14.1824 10.0548 9.2239
threshold=0.62749629824272757 0.0042355090558023516 2.4236575190252818 0.5240280765252453 0.0016815408994138501 1.1783529518450997 14.014838181162741 -0.1183601750180374 14.418986059868356 0.38769666729816238 -0.26464041814685235 15.478800009249758 0.26746040823617445 0.043238438471185706
decision_type=2 8 8 10 2 10 2 10 2 2 10 2 10 10
left_child=1 -1 5 4 -4 6 -3 -8 9 -9 -6 -12 -13 -10
right_child=-2 2 3 -5 10 -7 7 8 13 -11 11 12 -14 -15
leaf_value=-0.015478253387750888 -0.017177768157046254 0.01674509292914008 -0.017826067835153184 -0.027572603110615448 0.026543058096180811 -0.0018224561929145722 -0.005652321489795561 -0.043070074315159225 -0.0064962631578355454 -0.0026180554844512588 0.027103050267657497 -0.011676805869251723 0.020452741284513836 0.0085541258589399913
leaf_weight=31.290987448766828 36.154852526262403 67.811859298497438 12.14283514767885 14.026034002192317 43.908634509891272 961.14502787869424 160.32727148197591 7.8095007101073852 41.687113661319017 43.755435654893517 21.539045218378305 31.267624231055379 12.181156596168874 303.24276327341795
leaf_count=372 3919 511 94 115 307 8825 1384 110 332 284 177 317 121 2476
internal_value=0.000153554 0.000511181 0.000801925 0.00762655 0.0117054 0.000220653 0.00336445 0.00173491 0.00472202 -0.00874451 0.0149984 0.00719836 -0.00266907 0.00673518
internal_weight=1788.29 1752.14 1720.84 135.065 121.039 1585.78 624.634 556.822 396.495 51.5649 108.896 64.9878 43.4488 344.93
internal_count=19344 15425 15053 1131 1016 13922 5097 4586 3202 394 922 615 438 2808
is_linear=0
shrinkage=0.03


Tree=150
num_leaves=15
num_cat=0
split_feature=3 9 7 9 15 10 14 13 4 10 0 13 7 14
split_gain=11.5959 8.23935 11.8609 13.6588 14.2163 9.56974 9.30548 7.88891 7.57166 6.88477 13.0974 6.81897 7.42655 6.7591
threshold=0.0031807142154502981 0.42020545844227547 16.362309858600621 0.4529353361065695 0.0061953394288283507 0.63036326287907596 0.19015979225802834 1.3407157289445042 -0.58423173546621499 0.16246042806854963 0.062076050856260341 0.20806627336424374 13.894736164238841 0.37549821817445617
decision_type=2 2 2 2 2 2 10 10 2 2 8 10 2 10
left_child=8 7 5 6 -5 -3 -4 9 -1 10 -2 -7 -13 -10
right_child=1 2 3 4 -6 11 -8 -9 13 -11 -12 12 -14 -15
leaf_value=0.016894134315225493 -0.030734409617380005 -0.020145595775114683 0.13129730639551071 0.06663943899629314 -0.0066479419689529614 0.04822699734058504 0.033870769778289497 -0.022716435485892739 0.0023860091792988502 -0.0074129965327028816 0.11108672886431482 -0.028169891539131679 0.00056874138639042486 -0.0016357199137545281
leaf_weight=25.878516081720591 1.0913921706378449 30.266544840764254 1.4381785206496744 2.9496658993884912 12.381500276736913 2.4840165437199166 2.2828445159830153 43.741134786047041 814.36709435563534 38.050633498467505 1.265774879138917 8.9285740274935943 86.452636634465307 698.85920285061002
leaf_count=466 51 1086 34 107 400 27 97 2610 5704 1895 54 70 2194 4604
internal_value=-0.000137472 -0.0064 -0.00211902 0.0199664 0.00745231 -0.00540294 0.0715262 -0.0138878 0.000803808 -0.00433089 0.0454221 -0.000843518 -0.00212146 0.000528638
internal_weight=1770.44 231.333 147.184 19.0522 15.3312 128.132 3.72102 84.1489 1539.1 40.4078 2.35717 97.8652 95.3812 1513.23
internal_count=19399 8625 4015 638 507 3377 131 4610 10774 2000 105 2291 2264 10308
is_linear=0
shrinkage=0.03


Tree=151
num_leaves=15
num_cat=0
split_feature=10 2 13 13 6 15 7 14 0 1 2 7 1 10
split_gain=13.8521 12.2783 9.15841 13.0295 16.6548 16.1849 11.6823 12.2137 12.5426 11.352 11.2278 10.9161 15.4983 14.9495
threshold=0.15399664588643799 0.72636502799562352 1.2054474065229048 2.4312048120244234 0.58986476533641363 0.001804033501574 15.437778945603677 0.14618967234399308 -0.11426636933532662 15.812526463399765 0.47050387914826325 14.014838181162741 14.407706248194549 4.5517886605336626
decision_type=2 2 10 10 8 2 2 8 10 2 2 2 2 2
left_child=-1 2 11 -4 5 -5 10 8 -8 -9 -7 -2 13 -13
right_child=1 -3 3 4 -6 6 7 9 -10 -11 -12 12 -14 -15
leaf_value=-0.018305298238642072 0.014482198475234855 -0.026343409420071063 -0.0023397011523857147 -0.020806126468056119 -0.026324987062673097 0.020225325943054148 0.01413331297115995 -0.026499447597277827 -0.028163614871549704 0.023703260088261069 0.061804482794998818 -0.018291542132182197 0.0038169381084713237 0.017948025268264989
leaf_weight=36.49620040692389 71.335852446965873 15.348781958222387 938.74329537432641 12.782915715128182 11.75606668461114 36.718206811696291 11.368350491859021 4.6215457990765563 14.180104297120122 32.997791518922895 6.9516175948083392 54.637531486339867 515.12426841957495 12.609018599614499
leaf_count=940 556 2141 9186 108 109 229 85 38 171 333 120 558 4758 90
internal_value=-1.39431e-05 0.000369897 0.00060775 -0.00110132 0.00774745 0.011096 0.0149131 0.00666473 -0.00934266 0.0175358 0.0268441 0.0034055 0.00204869 -0.0114965
internal_weight=1775.67 1739.18 1723.83 1070.12 131.377 119.621 106.838 63.1678 25.5485 37.6193 43.6698 653.707 582.371 67.2466
internal_count=19422 18482 16341 10379 1193 1084 976 627 256 371 349 5962 5406 648
is_linear=0
shrinkage=0.03


Tree=152
num_leaves=15
num_cat=1
split_feature=2 5 1 16 15 7 14 14 10 14 9 10 17 19
split_gain=12.8481 10.1481 13.1696 13.4434 16.6989 12.2295 11.0785 15.9444 17.9375 14.7736 14.4191 11.024 20.9433 14.2763
threshold=0.72636502799562352 -0.1693474511086295 16.435538936180929 13.34158125021939 0.14300789068004352 16.103606633183045 0.10696715950173626 0.46887375907808199 0.29161580752580935 0.80871032472325888 0.32208164120672655 0.76278284679748054 13.865430679233937 0
decision_type=2 8 2 2 2 2 10 10 2 10 2 2 2 1
left_child=1 2 5 -4 6 -1 -5 8 -8 10 -9 13 -13 -3
right_child=-2 11 3 4 -6 -7 7 9 -10 -11 -12 12 -14 -15
leaf_value=0.00015924837738532879 -0.028242908357436834 0.0057138524043293965 0.028300462911016993 -0.016071475378923446 0.020973324987705908 -0.020969072836952016 -0.00594952728725492 -0.0053860106334433448 0.023781397364453088 0.0019784624627169262 -0.055619473872688834 0.00093252845421247868 0.058452688951124016 -0.0076976729100660286
leaf_weight=700.30642110388726 14.964099337812511 80.665534637868404 24.274267721921206 28.044693127274513 48.520181383937597 25.555685015395284 27.107963483780622 12.724568860605361 55.978038694709539 93.083282440900803 8.631080858409403 223.30786600522697 5.8461572583764783 415.27915772190318
leaf_count=4447 2138 1165 228 170 309 141 161 82 357 552 57 2077 79 7336
internal_value=-0.000562959 -0.000326178 0.00159638 0.00690234 0.00500725 -0.000584624 0.00157294 0.0040781 0.0140813 -0.00318448 -0.0256883 -0.00304186 0.00239998 -0.00555629
internal_weight=1764.29 1749.32 1024.23 298.364 274.09 725.862 225.57 197.525 83.086 114.439 21.3556 725.099 229.154 495.945
internal_count=19299 17161 6504 1916 1688 4588 1379 1209 518 691 139 10657 2156 8501
cat_boundaries=0 1
cat_threshold=208
is_linear=0
shrinkage=0.03


Tree=153
num_leaves=15
num_cat=1
split_feature=3 6 14 2 10 2 19 14 1 13 2 7 10 6
split_gain=12.4053 18.4244 10.9654 9.14457 8.44467 8.97685 7.75669 10.6127 15.9577 16.7442 13.2163 9.96832 9.1947 9.16741
threshold=0.22670577622936153 -0.74284902452151613 0.0058552881693562505 0.20057151884838784 3.6261597033232875 0.27698971943006639 0 0.28229959787411246 14.34329249293509 0.78325696717612348 0.40490326911693048 16.927767083833761 0.46632884648189193 0.17804169568763742
decision_type=2 10 8 2 2 2 1 10 2 10 2 2 2 10
left_child=2 -2 4 -4 5 -1 7 11 10 12 -9 -5 -10 -8
right_child=1 -3 3 6 -6 -7 13 8 9 -11 -12 -13 -14 -15
leaf_value=0.033611396830041725 0.13839258110593436 -0.015778844350081429 0.012821987116536652 0.0067474896806685074 -0.039218309121986379 -0.012510065329840026 -0.0022235606195431397 -0.049450390653095082 0.0061422034963919845 0.021600567525861234 -0.0038424232731069266 0.040986464085376137 -0.034082032937063626 0.0030960381001474478
leaf_weight=4.2770888917148104 0.70666456967592139 54.597740753553808 57.167245306074619 235.76319407485425 9.3034181864932162 33.910449201241136 860.96177650941536 11.094535142183306 9.6620176993310469 24.442800185643137 11.80064711999148 7.9095874335616818 10.866730999201534 440.85733756422997
leaf_count=55 33 4471 859 1750 82 373 7947 50 86 155 87 68 69 3294
internal_value=0.00017621 -0.0138089 0.000626402 0.00103051 -0.0135884 -0.00734436 0.000612696 0.0047832 -0.00555512 0.00482448 -0.0259431 0.00785888 -0.0151502 -0.000418876
internal_weight=1773.32 55.3044 1718.02 1670.53 47.491 38.1875 1613.36 311.54 67.8667 44.9715 22.8952 243.673 20.5287 1301.82
internal_count=19379 4504 14875 14365 510 428 13506 2265 447 310 137 1818 155 11241
cat_boundaries=0 1
cat_threshold=23
is_linear=0
shrinkage=0.03


Tree=154
num_leaves=15
num_cat=0
split_feature=2 17 6 8 14 14 9 17 14 15 15 15 13 6
split_gain=13.0936 9.77061 11.2688 11.0488 8.02558 10.2979 15.4425 21.3568 15.7942 19.2582 13.6982 13.2195 14.7733 11.8603
threshold=0.70461060424620792 15.604445478443459 -0.13978870410053454 -0.40613512113517819 0.0042355090558023516 0.45688129504937697 0.38089964199483356 14.730280341491431 0.044323680214621554 0.30827391359063677 0.044746642905247901 0.020355058878170504 0.42629403310899644 0.10141455832650405
decision_type=2 2 10 2 10 10 2 2 10 2 2 2 10 10
left_child=1 4 -3 -4 -1 6 11 8 9 -8 -10 12 -6 -12
right_child=-2 2 3 -5 5 -7 7 -9 10 -11 13 -13 -14 -15
leaf_value=-0.014445906123424355 -0.026648685456999794 -0.031650478492636684 0.034967669528555505 -0.008099372982632403 -0.055160350957540044 -0.0017365821287404406 0.0012854685300942104 0.043134406421708876 0.0077687083598562889 -0.044904696775374876 0.045695010660425278 0.0025957895772451669 -0.0071348721701302385 0.0095449328598857137
leaf_weight=31.506506487727165 16.698995866347104 17.075775769539177 5.8641136847436419 62.524453079327941 6.0454127090051761 751.99152909824625 224.20917689613998 13.833715901710091 239.52240545721725 8.4291992560029012 17.129165073856711 230.24555462505668 124.14664121717215 15.613196267746387
leaf_count=389 2412 298 39 1166 55 6813 1732 124 1971 51 133 2428 1538 131
internal_value=-0.000209926 4.26293e-05 -0.00984985 -0.0044065 0.00055112 0.000840793 0.00304532 0.00635956 0.00535197 -0.000388142 0.0102566 -0.00172448 -0.00936491 0.0284568
internal_weight=1764.84 1748.14 85.4643 68.3886 1662.67 1631.17 879.174 518.737 504.903 232.638 272.265 360.438 130.192 32.7424
internal_count=19280 16868 1503 1205 15365 14976 8163 4142 4018 1783 2235 4021 1593 264
is_linear=0
shrinkage=0.03


Tree=155
num_leaves=15
num_cat=2
split_feature=4 2 14 19 0 14 15 15 13 13 13 19 6 0
split_gain=11.5524 10.3768 9.61649 13.1273 14.4465 11.2802 11.3187 17.885 10.4658 10.1737 10.1302 11.6954 22.5711 10.167
threshold=-0.58423173546621499 0.70461060424620792 0.37549821817445617 0 -0.50131591865502145 0.0042355090558023516 0.0015080824792273503 0.0032911924176971504 1.3073344705526579 0.85306354037929077 2.4905502508485973 1 0.014231193779079556 0.05273266861706339
decision_type=2 2 10 1 10 10 2 2 10 8 10 1 10 10
left_child=-1 2 5 -4 8 -2 -7 -8 9 -5 11 13 -13 -9
right_child=1 -3 3 4 -6 6 7 10 -10 -11 -12 12 -14 -15
leaf_value=0.019746943584544704 -0.01747712748596816 -0.024720142547252039 -0.021627079426841105 -0.035732121182804305 -0.0013608110547883333 -0.014694932824560272 0.015356358604941292 0.0078462804187560062 -0.042834724435245705 0.0086315165749737081 0.013852633651365449 -0.0097484235178855842 0.0047088843989368974 -0.004729190692301613
leaf_weight=24.794568706303835 27.437149731442332 16.273230009712279 23.070360812358558 7.461613120511176 746.68157926574349 34.865092915017158 90.412030673585832 231.92888885363936 12.84666061773896 12.356613669544457 53.240554227028042 214.90801081201062 177.43141322303563 77.094508477952331
leaf_count=464 360 2412 172 51 7262 273 719 1891 86 96 524 2322 1637 963
internal_value=-0.000585149 -0.000877225 -0.000650289 -0.00304275 -0.00218705 0.00146556 0.00205625 0.0027474 -0.0217434 -0.00807151 0.00123667 0.000278991 -0.00313047 0.00456137
internal_weight=1750.8 1726.01 1709.73 802.417 779.346 907.318 879.88 845.015 32.6649 19.8182 754.603 701.363 392.339 309.023
internal_count=19232 18768 16356 7667 7495 8689 8329 8056 233 147 7337 6813 3959 2854
cat_boundaries=0 1 2
cat_threshold=517 279
is_linear=0
shrinkage=0.03


Tree=156
num_leaves=15
num_cat=1
split_feature=2 0 19 2 14 10 14 9 5 1 0 7 7 1
split_gain=9.87925 9.34211 8.80013 10.4229 9.54657 14.1974 13.7181 11.2829 10.1676 11.5671 20.53 15.3657 12.513 12.2566
threshold=0.72636502799562352 1.2993876769189603 0 0.27698971943006639 0.038087195767903904 3.5964862219762006 0.079093168949789058 3.2080552871599668 -0.19074602506097191 16.435538936180929 0.0426115271718105 16.103606633183045 16.637601966349767 17.014080097382411
decision_type=2 10 1 2 8 2 10 2 10 2 10 2 2 2
left_child=1 2 3 -1 5 7 -6 -4 9 10 11 -8 -11 -14
right_child=-2 -3 4 -5 6 -7 8 -9 -10 12 -12 -13 13 -15
leaf_value=0.021362395730565798 -0.025730108773785516 0.018973406658793789 -0.0059542266228115818 0.002688552656635632 0.0098645504559870863 -0.02601843577493506 -0.002907269836028624 0.026770505414145131 -0.0043017016182057815 0.018804341722597036 0.019310979706282285 -0.03379664770264753 -0.01839534267960315 0.005733196398323189
leaf_weight=29.406133502721786 13.323459135834126 23.537746734917164 140.10010491078719 315.73803765000775 111.22997508849949 31.064399914816022 296.88640394993126 10.170655698515473 506.4080284750089 57.95458447188139 36.67987323179841 15.237440157681702 21.693661954253912 149.67293158173561
leaf_count=402 2079 211 1285 2699 1047 260 1835 75 7659 407 207 83 119 923
internal_value=4.86496e-06 0.000201269 -5.52879e-05 0.00415905 -0.00113351 -0.00755596 -0.000169032 -0.00373934 -0.00119808 0.00152054 -0.00192022 -0.00441525 0.00675402 0.00267871
internal_weight=1759.1 1745.78 1722.24 345.144 1377.1 181.335 1195.76 150.271 1084.53 578.125 348.804 312.124 229.321 171.367
internal_count=19291 17212 17001 3101 13900 1620 12280 1360 11233 3574 2125 1918 1449 1042
cat_boundaries=0 1
cat_threshold=23
is_linear=0
shrinkage=0.03


Tree=157
num_leaves=15
num_cat=0
split_feature=2 16 1 15 1 10 14 10 1 13 10 14 1 1
split_gain=13.2306 8.20682 9.56417 7.60613 15.3634 13.511 12.2377 10.5837 10.1794 10.1748 18.7972 13.1194 23.6625 28.811
threshold=0.72636502799562352 11.618924617083525 14.969140017968995 0.070769605755869255 15.388852262560654 0.71405093558247168 0.014498855808880901 0.3017654598748703 15.970091627726948 1.4065542259918551 0.82097915866767968 0.13858480426324746 17.541350573026708 16.89773459778819
decision_type=2 2 2 2 2 2 10 2 2 10 2 10 2 2
left_child=1 2 -1 7 6 -6 -5 -3 -9 10 -10 12 13 -11
right_child=-2 3 -4 4 5 -7 -8 8 9 11 -12 -13 -14 -15
leaf_value=0.0016174531301754327 -0.030206489797328078 -0.0092096920401377631 0.013789604639430979 -0.011997791981252183 0.0031082059174288913 -0.032229032832768068 0.04034467211764188 -0.003461498621958551 0.011431878876941125 -0.0012091862547196144 -0.017849880841735416 0.002895924935712931 0.039429809203616543 -0.046981074228805882
leaf_weight=328.61259710788727 13.15908442577347 162.56240636156872 70.574374713003635 5.2963561420328942 194.08876505913213 10.252279184758661 16.68277740618214 580.10083333123475 163.19692228734493 28.596395894419402 22.444179794751108 148.66326226294041 6.5897705126553765 21.820837455336004
leaf_count=2524 2109 2604 592 128 2414 87 137 5328 1434 303 172 1369 38 169
internal_value=-0.000236911 -1.277e-05 0.00376943 -0.00112268 0.00389874 0.00133525 0.0277316 -0.00212486 -0.000939241 0.00279989 0.00789169 -0.00179605 -0.0140318 -0.0210195
internal_weight=1772.64 1759.48 399.187 1360.29 226.32 204.341 21.9791 1133.97 971.412 391.311 185.641 205.67 57.007 50.4172
internal_count=19408 17299 3116 14183 2766 2501 265 11417 8813 3485 1606 1879 510 472
is_linear=0
shrinkage=0.03


Tree=158
num_leaves=15
num_cat=0
split_feature=2 16 8 15 6 9 14 15 5 13 3 5 13 0
split_gain=11.5766 10.4834 8.23688 9.18143 16.404 12.085 11.5013 14.0413 12.2006 15.417 17.2829 16.0773 9.26743 9.59806
threshold=0.72636502799562352 15.724146122010994 -0.080216030720952888 0.30827391359063677 0.25574202347697511 0.55031523343320154 0.015193074470927203 0.021667511523009452 -0.050165928588766499 0.87275816375248227 -0.01220842980954062 -0.15898614116534701 1.1711391361284702 -0.51434591322391465
decision_type=2 2 2 2 10 2 8 2 10 10 2 10 10 10
left_child=1 2 -1 5 -5 6 -4 -8 9 -9 -11 -12 13 -7
right_child=-2 -3 3 4 -6 12 7 8 -10 10 11 -13 -14 -15
leaf_value=0.0028291635104949414 -0.02790316130273976 -0.0099923243438930984 -0.025683628740768152 0.0023695987059231369 0.068323295603647416 -0.015148310875654429 -0.0090220302123498134 -0.0088210747065208713 -0.014376849414719461 0.011605030713960832 0.09009728467710669 0.0052521761262507788 -0.001438907501509625 0.012936113015079392
leaf_weight=982.22736917249858 12.952611338812856 80.71556781232357 24.675712313037366 12.619040979538115 4.6427158699370912 12.450651643797753 206.75134294480085 27.571203386411071 24.550772129558027 49.062751341611147 5.2910609468817711 3.2413993533700687 207.22046304680407 90.990586596075445
leaf_count=7460 2136 1442 434 149 35 101 3284 179 961 333 47 89 1815 786
internal_value=0.00035312 0.000564431 0.00108045 -0.00148676 0.0201085 -0.00205867 -0.00595683 -0.00441869 0.00425584 0.00962705 0.0184583 0.0578654 0.00222199 0.00955575
internal_weight=1744.96 1732.01 1651.3 669.068 17.2618 651.806 341.144 316.469 109.717 85.1664 57.5952 8.53246 310.662 103.441
internal_count=19251 17115 15673 8213 184 8029 5327 4893 1609 648 469 136 2702 887
is_linear=0
shrinkage=0.03


Tree=159
num_leaves=15
num_cat=2
split_feature=4 14 5 6 19 14 1 6 14 1 13 4 19 0
split_gain=11.566 8.4206 7.18687 7.54946 10.4431 10.3596 17.8883 10.3946 10.1351 15.1579 13.7705 15.2186 10.0021 17.1392
threshold=0.19904868457264871 0.0042355090558023516 -0.7388306310588878 0.040671451123348808 0 0.99991832796946301 14.969140017968995 0.46807155809947226 0.21806433444650522 18.512429101685502 0.88815827552278914 -0.12935299604084702 1 -0.11426636933532662
decision_type=2 8 10 10 1 10 2 10 10 2 10 2 1 10
left_child=1 -1 -3 12 8 -6 7 -7 10 -10 11 -5 13 -4
right_child=-2 2 3 4 5 6 -8 -9 9 -11 -12 -13 -14 -15
leaf_value=-0.015188881805726473 -0.016840202846972619 0.016119017532104284 0.0088579166579590956 0.014401743081278767 -0.0023732044628664711 -0.011834301551172354 0.012625996663852796 0.0085748697921879547 -0.0090803704145953016 0.035889901847069257 0.0099789243498790026 0.07365070929811339 -0.0034387069397258138 -0.010066010134777951
leaf_weight=30.66016676928848 35.78496351512149 26.690163586288691 167.12687704712152 9.1046799197792989 391.01680035144091 60.60386963095516 136.09177630767226 35.683831918053329 43.354371530935168 7.9887936720624557 111.69380850996822 6.8276382293552151 632.20402580825612 58.029571779072285
leaf_count=379 3966 505 1212 74 3355 444 1026 219 394 63 844 52 6025 734
internal_value=4.02428e-05 0.000392042 0.000675314 0.000426962 0.00251846 0.000598537 0.00562474 -0.00427075 0.00868718 -0.00208317 0.0137007 0.0397923 -0.00153037 0.00381138
internal_weight=1752.86 1717.08 1686.42 1659.73 802.366 623.396 232.379 96.2877 178.969 51.3432 127.626 15.9323 857.36 225.156
internal_count=19292 15326 14947 14442 6471 5044 1689 663 1427 457 970 126 7971 1946
cat_boundaries=0 1 2
cat_threshold=240 519
is_linear=0
shrinkage=0.03


Tree=160
num_leaves=15
num_cat=0
split_feature=3 5 2 14 6 6 13 10 13 10 3 1 16 15
split_gain=9.52872 8.7445 7.91915 7.47919 6.93636 12.5045 9.62169 12.6108 12.0009 17.4478 10.9241 10.4498 10.3478 13.7704
threshold=0.38711636430789592 -0.7388306310588878 0.52758037750047149 0.0042355090558023516 0.040671451123348808 0.032031454729322902 0.16648269435719201 0.25672797949908582 2.5037518716525256 1.07024030475244 -0.31847512399726341 19.661522054101177 13.236093806072445 0.07663325324931082
decision_type=2 8 2 10 10 10 10 2 10 2 2 2 2 2
left_child=1 -1 -2 -3 5 6 12 10 -9 -10 -8 -12 13 -5
right_child=2 3 -4 4 -6 -7 7 8 9 -11 11 -13 -14 -15
leaf_value=0.016913048890741442 0.11037039557211489 -0.015044080218323323 -0.022093406806487411 0.0053282785865087119 0.0022955033426085296 -0.024306810373013819 0.036892708153380291 -0.0013616368299539479 0.032133062504097268 -0.015297923742128263 -0.017996628203548595 0.036200878436810413 -0.018878193022645533 0.042768683156719854
leaf_weight=28.070752296596766 0.41400197148323314 29.111187665723264 21.519558406900615 24.735011567361653 806.65166460676119 21.237056287005544 3.7453465349972239 686.46568349841982 22.32144383713603 10.155860377475618 72.279694606084377 3.3501833630725733 7.9531257958151391 13.759063786827026
leaf_count=530 4 360 2828 200 7053 200 30 6142 199 68 1500 79 72 85
internal_value=5.6219e-05 0.000305364 -0.0195931 3.14188e-05 0.000293796 -0.00157073 -0.000999151 -0.00177142 -0.000518573 0.0173011 -0.0131191 -0.0155958 0.0122744 0.0187107
internal_weight=1751.77 1729.84 21.9336 1701.77 1672.65 866.002 844.765 798.318 718.943 32.4773 79.3752 75.6299 46.4472 38.4941
internal_count=19350 16518 2832 15988 15628 8575 8375 8018 6409 267 1609 1579 357 285
is_linear=0
shrinkage=0.03


Tree=161
num_leaves=15
num_cat=0
split_feature=3 10 2 2 7 5 14 9 17 4 0 3 13 10
split_gain=9.70156 12.3992 12.576 11.3303 13.3037 19.8316 15.9847 13.5407 13.5339 10.9175 26.1416 24.8866 9.4564 16.5483
threshold=0.0031807142154502981 0.76278284679748054 0.56139434558573809 0.50053146685360439 16.242826735923465 0.26865901742314163 0.088937193564629063 0.72550624523848384 11.879888743144209 0.084905977541126956 -0.13237004600986033 0.27518469848585952 1.1934113424546215 3.7095757948227868
decision_type=2 2 2 2 2 10 10 2 2 2 10 2 10 2
left_child=-1 2 -2 -3 6 -6 7 -5 -9 -10 -11 -12 13 -8
right_child=1 3 -4 4 5 -7 12 8 9 10 11 -13 -14 -15
leaf_value=0.0013382692576861524 -0.0046956738800835547 -0.0081093033345745556 -0.024312806876086741 -0.021896891841693793 0.16491724567799879 -0.030410382058313867 -0.011865856082627784 0.0065985142966989143 0.044405156822602598 0.28203663834269965 0.21620742934023546 0.0054986047341547602 -0.016824109586032469 0.057389349680179981
leaf_weight=1537.2904128096998 88.812742054462433 42.495978768914938 43.973841092549264 3.0829728674143544 1.2103610895574082 0.76254154229536641 7.45719001023099 4.516791303176432 5.0708610173314792 0.66830193670466398 0.72556446306407663 1.6556127462536094 17.873713840264827 5.3208580175414681
leaf_count=10758 2228 258 4147 171 30 100 320 116 45 28 20 160 766 200
internal_value=0.000488977 -0.00534935 -0.0111921 0.00319134 0.0131248 0.0894217 0.00987875 0.0344737 0.048226 0.0713805 0.116237 0.0697033 -0.00273507 0.0169724
internal_weight=1760.92 223.627 132.787 90.8407 48.3448 1.9729 46.3719 15.7201 12.6371 8.12034 3.04948 2.38118 30.6518 12.778
internal_count=19347 8589 6375 2214 1956 130 1826 540 369 253 208 180 1286 520
is_linear=0
shrinkage=0.03


Tree=162
num_leaves=15
num_cat=1
split_feature=16 3 4 15 10 10 5 14 14 6 15 19 0 7
split_gain=12.4849 9.2369 8.18673 7.35719 13.6966 12.1841 14.2334 11.6334 11.0488 11.0091 13.1858 11.9977 13.6414 11.4362
threshold=16.023437592726356 -0.60189642327370796 0.27981554105303436 0.018131499832870403 0.11880900074147896 0.31647907222475863 -0.30766015734381014 0.0033150623758492503 0.99840325681056941 -0.12781930703915736 0.022213713280684656 0 -0.43731403993441559 16.482285227456636
decision_type=2 2 2 2 2 2 10 10 10 10 2 1 10 2
left_child=1 -1 3 5 -5 6 -3 -6 -8 11 -11 13 -13 -9
right_child=-2 2 -4 4 7 -7 8 9 -10 10 -12 12 -14 -15
leaf_value=0.010481140160965416 -0.013559774765718459 0.015829574510809238 -0.019797848166071302 0.051877427204335406 -0.02705817949942297 -0.00030745599110704896 -0.021696452639729698 0.0011424898491179498 0.0039688197518276992 0.026108774467002181 0.0044497245596420067 0.022323860516857204 -0.017329173115788868 0.036557918149739028
leaf_weight=76.947950903326273 60.352840468753129 14.915044464170931 18.877405480947345 5.1137377191334954 11.682147404178975 982.87775196693838 66.907923479098827 65.974424125161022 19.494680821429938 27.461281401570886 320.9907953273505 8.8491492168977839 66.374754327349365 9.371869857888667
leaf_count=1085 1240 80 2700 94 171 7900 1223 564 271 255 2860 70 751 91
internal_value=-0.000151565 0.000325617 -0.000157088 7.46388e-05 0.00302395 -0.00132853 -0.0112339 0.00253478 -0.0159057 0.00322755 0.00615666 -0.00355104 -0.0111785 0.00489759
internal_weight=1756.19 1695.84 1618.89 1600.01 515.818 1084.2 101.318 510.704 86.4026 499.022 348.452 150.57 75.2239 75.3463
internal_count=19355 18115 17030 14330 4856 9474 1574 4762 1494 4591 3115 1476 821 655
cat_boundaries=0 1
cat_threshold=29
is_linear=0
shrinkage=0.03


Tree=163
num_leaves=15
num_cat=0
split_feature=2 16 14 14 1 16 2 15 15 10 10 0 10 13
split_gain=12.0818 11.0972 11.0114 11.9084 11.3175 11.291 10.7259 11.6663 11.0805 10.8568 14.0295 9.58306 11.283 14.7514
threshold=0.72636502799562352 11.618924617083525 0.0066331699996506508 0.10302078994482862 13.984460045296293 10.189917341941426 0.51137358289944379 0.0015429557096593002 0.0010032667954828001 3.3967127276511078 0.83278759878752229 0.33141384702076943 3.8916175443912997 2.2159032603086923
decision_type=2 2 10 10 2 2 2 2 2 2 2 10 2 8
left_child=1 2 4 6 -1 -6 7 8 -4 10 -8 12 -5 -14
right_child=-2 -3 3 11 5 -7 9 -9 -10 -11 -12 -13 13 -15
leaf_value=-0.045884766646850948 -0.030200142473680584 -0.00088979219125058626 0.022095690728459808 -0.0069168968914942097 -0.030395693498949321 0.016518903880390023 0.01389632182278149 0.013451209776158844 -0.026767548644201517 -0.0049524802314804307 0.087862986082243438 0.016827164396320787 0.012194704088213666 -0.038396464061775236
leaf_weight=7.226688394322994 11.667661702726035 1327.998811412137 6.0694918446242836 113.4360793530941 7.598839674144986 11.765747876837848 4.0924228015355748 124.14248764142394 13.393544808030127 3.7201315639540544 5.2925359290093184 31.717713316902518 66.585710933431983 5.6253350898623458
leaf_count=75 2115 14066 70 836 69 110 80 863 104 40 65 236 516 37
internal_value=0.000225131 0.000430487 0.00480652 0.00613251 -0.013847 -0.00189081 0.0124365 0.0100655 -0.0115297 0.0384174 0.0556089 0.00158762 -0.00101604 0.00825359
internal_weight=1740.33 1728.67 400.667 374.075 26.5913 19.3646 156.711 143.606 19.463 13.1051 9.38496 217.365 185.647 72.211
internal_count=19282 17167 3101 2847 254 179 1222 1037 174 185 145 1625 1389 553
is_linear=0
shrinkage=0.03


Tree=164
num_leaves=15
num_cat=0
split_feature=2 10 10 13 13 4 14 14 3 10 15 4 1 18
split_gain=9.4974 6.76273 6.45126 8.45563 6.78901 6.35559 6.29975 17.5492 14.0336 20.293 12.7766 12.4588 12.2044 11.4815
threshold=0.72636502799562352 0.16246042806854963 0.11880900074147896 1.0000000180025095e-35 1.9116682012118111 -0.58423173546621499 0.045321000132977705 0.092248473023222574 0.13265230868013303 1.7268882704133026 0.083132364249998369 0.014498577287036298 14.784356634377643 12.889674200331738
decision_type=2 2 2 10 10 2 10 10 2 2 2 2 2 2
left_child=1 2 3 -1 -5 -3 -7 8 12 10 -10 -9 -8 -14
right_child=-2 5 -4 4 -6 6 7 11 9 -11 -12 -13 13 -15
leaf_value=0.065447665346453632 -0.027555460131393063 0.015986451800394368 -0.019113719337397386 -0.027926512791539251 0.03147959375866427 -0.0035562428733415174 -0.0074924638407758582 0.00071701771585006317 -0.0020732835713872127 0.13291054717805356 0.10357663337224661 -0.0093024152293772529 0.022907049748532221 0.00493435135589247
leaf_weight=1.9276737999170999 11.363319556694476 22.778260448947549 29.971410119440407 4.5193514404818416 2.8065405208617449 348.35824554460123 36.275746584869921 1015.6874530892819 4.6433797148056319 1.9467881619930265 1.3239242332056163 125.49549486581236 53.374114429578185 79.845782289281487
leaf_count=12 2129 449 778 189 96 2997 263 6743 211 38 45 4314 378 608
internal_value=-0.000218609 -3.89411e-05 -0.0123535 0.00954235 -0.0051681 0.000246925 3.18506e-05 0.000979787 0.00975755 0.0488053 0.0213665 -0.000384816 0.00793434 0.0121351
internal_weight=1740.32 1728.95 39.225 9.25357 7.32589 1689.73 1666.95 1318.59 177.41 7.91409 5.9673 1141.18 169.496 133.22
internal_count=19250 17121 1075 297 285 16046 15597 12600 1543 294 256 11057 1249 986
is_linear=0
shrinkage=0.03


Tree=165
num_leaves=15
num_cat=0
split_feature=2 16 10 1 1 8 6 10 5 10 4 8 16 14
split_gain=10.8441 9.07444 10.1435 11.2866 10.8257 10.1971 9.80245 9.15741 8.36507 21.3813 8.68744 7.99542 7.9194 8.93574
threshold=0.69979385072064104 11.232120652586955 0.3377910150436198 14.969140017968995 15.066325485537513 -2.7300124238815715 0.011412817760674489 0.15399664588643799 -0.47744066112904404 0.86082944610528145 -0.31160552974727501 0.25468230936346897 13.465045539118888 0.052192816267419208
decision_type=2 2 2 2 2 2 8 2 10 2 2 2 2 10
left_child=1 2 -1 5 -5 6 -4 -3 9 11 -10 -9 13 -11
right_child=-2 7 3 4 -6 -7 -8 8 10 12 -12 -13 -14 -15
leaf_value=0.039589694632086926 -0.026042863579197453 -0.016457185795490322 0.0047344326889594071 0.049539391603271712 0.011054996573472683 0.002618234312689293 -0.055834384469260263 0.024900212855399048 -0.014705378907609028 -0.020084976214518813 -0.00061517403566364957 -0.019030072323640762 -0.031331500112826385 0.0078395253651662635
leaf_weight=7.4511928074061862 14.246472755447028 32.628143298439682 4.3494923003017885 7.7036236999556413 45.044104340486228 224.9560405081138 5.3785621374845505 48.142955232411623 40.660290636122227 14.558289539068936 1252.8500114930794 4.041714869439601 8.6916154883801919 35.371026195585728
leaf_count=50 2521 933 47 56 385 1649 54 624 300 132 12184 26 62 335
internal_value=2.38526e-05 0.000238284 0.00503202 0.00413617 0.0166755 0.00131782 -0.0287536 -0.000745464 -0.000380415 0.00753052 -0.00105809 0.0214978 -0.00490323 -0.000302645
internal_weight=1746.07 1731.83 294.883 287.432 52.7477 234.684 9.72805 1436.94 1404.32 110.806 1293.51 52.1847 58.6209 49.9293
internal_count=19358 16837 2241 2191 441 1750 101 14596 13663 1179 12484 650 529 467
is_linear=0
shrinkage=0.03


Tree=166
num_leaves=15
num_cat=1
split_feature=6 16 1 14 1 10 19 15 10 5 10 14 5 14
split_gain=9.18239 9.37361 9.88313 16.6918 8.52059 9.29853 15.0116 13.253 12.7269 10.9117 10.7149 21.574 14.8539 10.5118
threshold=0.053427950486814819 16.023437592726356 19.661522054101177 0.34338192689902142 18.597880559426496 0.31647907222475863 0 0.0014672137029364503 4.9289795590110019 -0.43781294602125465 4.8626454656500506 0.25900247583846769 -0.4303892023740104 0.058586737166591907
decision_type=10 2 2 10 2 2 1 2 2 10 2 10 10 8
left_child=1 4 -3 -4 5 6 -1 8 -7 -8 -9 13 -13 -12
right_child=-2 2 3 -5 -6 7 9 10 -10 -11 11 12 -14 -15
leaf_value=0.0038181019909872041 0.002155185463807132 -0.02595909345946493 0.046781167052554536 -0.039883766457558693 0.029546480160012448 -0.012506158928895006 0.035093054361588591 0.0026215612175469224 0.0086849141652661187 -0.019058294713667396 -0.011922045688154631 -0.088730568245237298 -0.016633443037130251 0.030449245176022866
leaf_weight=57.479213402140886 821.4104964020662 27.386639810167253 4.9048969727009517 3.3773564109578729 7.8390434361062935 125.8285306324251 3.4815319553017607 549.16820129286498 31.992227481678128 87.99254883825779 17.949334925971929 4.9056708142161369 5.4060132293961924 7.459609478712081
leaf_count=753 8315 679 62 76 73 1446 34 5731 305 1527 160 36 87 63
internal_value=-0.000159171 -0.00219199 -0.0172749 0.0114407 -0.0015939 -0.00186767 -0.00870855 -0.000495699 -0.00821047 -0.0153222 0.00158598 -0.014335 -0.0509329 0.000517404
internal_weight=1756.58 935.171 35.6689 8.28225 899.502 891.663 148.953 742.71 157.821 91.4741 584.889 35.7206 10.3117 25.4089
internal_count=19347 11032 817 138 10215 10142 2314 7828 1751 1561 6077 346 123 223
cat_boundaries=0 1
cat_threshold=523
is_linear=0
shrinkage=0.03


Tree=167
num_leaves=15
num_cat=0
split_feature=2 0 10 4 6 14 13 12 13 9 2 0 17 6
split_gain=9.14398 8.14919 9.52836 7.37558 11.8414 8.05829 22.6826 6.55584 6.31144 8.93515 10.72 7.1092 6.86482 6.63642
threshold=0.72636502799562352 1.2993876769189603 3.7095757948227868 -0.42916417363402926 -0.63515236378947704 0.95887560312342712 1.3073344705526579 1.5000000000000002 2.4312048120244234 5.3893677255983059 0.36932675535952908 -0.11122790693952082 11.272007589269046 0.41204353004634325
decision_type=2 10 2 2 8 10 10 2 10 2 2 10 2 10
left_child=1 3 -3 4 -1 -6 -7 8 -5 10 11 -10 -12 -14
right_child=-2 2 -4 7 5 6 -8 -9 9 -11 12 -13 13 -15
leaf_value=-0.045761964928764186 -0.0274152030565969 0.027890584419190154 -0.014205728507773723 -0.0011184496523413165 0.017983456424184571 0.016128563985509416 -0.044992159162553932 0.025405601041754766 0.032224959970346079 -0.030422558247788407 -0.024753358045532678 0.0056115691856581757 0.0077017192593355401 -0.019992374165343562
leaf_weight=3.4275420866906643 10.817858380265532 18.907401628792289 6.5037734718061975 1500.1439597317949 52.241368582472205 17.915607713162903 7.8629533201456061 8.7875596862286312 21.496523093432188 5.8248566705733529 8.0101336166262609 15.581631064414976 66.501506928354502 8.820488319732247
leaf_count=54 2123 171 46 14494 823 265 85 61 155 37 48 89 782 91
internal_value=8.10759e-05 0.000251826 0.0171164 2.17843e-06 0.00881318 0.0112108 -0.00251442 -0.000436697 -0.000576326 0.00586612 0.00762159 0.021041 0.00165069 0.00445864
internal_weight=1752.84 1742.03 25.4112 1716.61 81.4475 78.0199 25.7786 1635.17 1626.38 126.235 120.41 37.0782 83.3321 75.322
internal_count=19324 17201 217 16984 1227 1173 350 15757 15696 1202 1165 244 921 873
is_linear=0
shrinkage=0.03


Tree=168
num_leaves=15
num_cat=0
split_feature=4 14 4 10 17 5 13 14 1 9 8 10 16 2
split_gain=9.53912 8.33241 7.41846 11.3038 9.16602 18.7466 8.47688 14.0838 10.6668 32.7155 7.57758 7.25379 8.5781 7.16375
threshold=-0.58423173546621499 0.0042355090558023516 0.014498577287036298 0.76278284679748054 13.865430679233937 0.26262225100448072 2.2287194018514218 0.66699328643790146 14.581025644951234 2.5152703670697814 -0.26779272190396325 3.3967127276511078 10.629941915083704 0.61381797056005982
decision_type=2 10 2 2 2 8 10 10 2 2 2 2 2 2
left_child=-1 -2 -3 -4 6 -6 7 8 11 10 -10 12 -5 -8
right_child=1 2 3 4 5 -7 13 -9 9 -11 -12 -13 -14 -15
leaf_value=0.018940034936003457 -0.0166468730203439 0.00063458889938318181 -0.011408292081482986 0.078488283815509874 0.1332811263762636 -0.015997402064474361 -0.036602225868838489 -0.0067773561407015407 0.03595513619042582 0.11966591828938415 -0.032159335373793979 -0.011128251676799409 0.0075977624751825791 0.025453221374443079
leaf_weight=23.421536300331354 27.731267793569714 1508.7317595081404 117.39496663445607 2.2426715395413366 1.4378569228574622 1.5992395631037655 8.1129884980618936 34.057710791472346 3.2001673183403909 3.5690339640714228 2.7186850500293058 8.4931375733576697 4.8769545294344425 2.1096172705292693
leaf_count=471 377 10338 6115 36 49 151 96 1014 29 46 149 222 157 185
internal_value=-7.694e-05 -0.000334956 -6.86397e-05 -0.00565826 0.00366295 0.0546757 0.00142991 0.00578896 0.0228395 0.0479267 0.00466836 0.00759402 0.0299282 -0.023796
internal_weight=1749.7 1726.28 1698.54 189.813 72.4181 3.0371 69.381 59.1584 25.1006 9.48789 5.91885 15.6128 7.11963 10.2226
internal_count=19435 18964 18587 8249 2134 200 1934 1653 639 224 178 415 193 281
is_linear=0
shrinkage=0.03


Tree=169
num_leaves=15
num_cat=0
split_feature=2 0 5 10 16 6 15 0 13 13 13 15 10 10
split_gain=8.3209 11.1128 6.92366 14.6185 14.0033 8.39769 7.22684 7.07921 15.4541 11.6402 19.3468 10.0856 10.3171 12.6107
threshold=0.63600153816814464 -0.45694506863932333 -0.5257321239107744 1.07024030475244 12.941078485923084 -0.63515236378947704 0.00086507485467760003 0.29624458149865412 2.2641815792377922 2.1735326829037631 2.0825133384914238 0.0016077564791259003 3.3967127276511078 1.3670278722694036
decision_type=2 8 10 2 2 10 2 10 10 8 8 2 2 2
left_child=2 -2 3 6 5 -5 -1 11 9 10 -9 12 13 -4
right_child=1 -3 7 4 -6 -7 -8 8 -10 -11 -12 -13 -14 -15
leaf_value=-0.012736424293964085 0.10443337064772019 -0.019843532489375829 -0.0076658976573165706 -0.037389617163285815 -0.03804759022891531 0.0063277580333364822 0.025387669723912952 0.0088336581648588187 -0.018582557909175849 0.048125490948439292 -0.042481436332402714 0.0003039239868806119 0.00039706227673880912 -0.031624370418868154
leaf_weight=5.0532307513058177 0.6644254825077951 25.524045275058601 122.69693051744252 4.2045604996383181 8.0429989583790285 66.498506333678961 39.106879636645317 158.41951439250261 21.820542509667575 6.3362278463318935 6.900475953705608 1136.1969379559159 117.98911141417921 23.571079183369875
leaf_count=54 37 3661 1015 55 63 860 589 1529 225 50 60 10274 751 135
internal_value=9.22731e-05 -0.0166905 0.000348276 0.00720904 -0.000538912 0.00372798 0.0210251 -0.000180749 0.00519822 0.00822117 0.00669176 -0.000923869 -0.00620287 -0.0115268
internal_weight=1743.03 26.1885 1716.84 122.906 78.7461 70.7031 44.1601 1593.93 193.477 171.656 165.32 1400.45 264.257 146.268
internal_count=19358 3698 15660 1621 978 915 643 14039 1864 1639 1589 12175 1901 1150
is_linear=0
shrinkage=0.03


Tree=170
num_leaves=15
num_cat=0
split_feature=4 2 1 14 13 16 13 0 10 10 2 5 14 14
split_gain=7.48741 6.96439 5.51641 12.5362 10.536 9.22804 11.9135 7.5799 6.06445 7.92186 6.46879 5.81483 5.74072 6.5405
threshold=-0.58423173546621499 0.78960970268712904 19.661522054101177 0.29547181399939243 1.5510797328823471 16.023437592726356 2.5511908880272949 0.10917756301141891 0.11880900074147896 0.14391141726534593 0.40490326911693048 -0.24652407561508602 0.0042355090558023516 0.45688129504937697
decision_type=2 2 2 8 10 2 8 10 2 2 2 8 10 10
left_child=-1 2 5 -4 -5 8 7 11 -2 10 -10 -7 -11 -14
right_child=1 -3 3 4 -6 6 -8 -9 9 12 -12 -13 13 -15
leaf_value=0.017073692380817376 0.028879857272966703 -0.030188881789666975 0.065194925621333347 0.045979162332890358 -0.018690782117330228 -0.0038311770001964699 0.053220052300648343 0.011164704204775028 -0.065985850096795667 -0.014030297784730925 -0.012252016318796641 -0.030709640256477051 0.0020594670179267089 -0.0017640745983800625
leaf_weight=22.541045438498259 6.517848363146185 7.0014002914540461 3.7812318000942442 3.2987476475536823 7.2513862974010408 10.148121871054171 2.2653572745621195 6.9894394855946294 2.7056755274534208 25.646531688049436 7.9146622018888593 25.311709291301668 862.87393684498966 754.91005565458909
leaf_count=465 129 1438 33 63 142 57 14 208 12 295 215 690 8321 7336
internal_value=-0.000104737 -0.000329003 -0.000207428 0.0183274 0.0015298 -0.000363197 -0.0138119 -0.0173892 -1.05871e-06 -0.000114865 -0.0259414 -0.0230174 5.2034e-05 0.000275279
internal_weight=1749.16 1726.62 1719.61 14.3314 10.5501 1705.28 44.7146 42.4493 1660.57 1654.05 10.6203 35.4598 1643.43 1617.78
internal_count=19418 18953 17515 238 205 17277 969 955 16308 16179 227 747 15952 15657
is_linear=0
shrinkage=0.03


Tree=171
num_leaves=15
num_cat=0
split_feature=13 1 14 11 4 7 7 15 15 1 3 13 0 15
split_gain=10.2991 12.0102 11.7536 10.4936 9.39268 10.2249 11.1323 18.7654 11.5897 15.623 11.2335 11.2621 11.5225 15.1823
threshold=1.2054474065229048 14.042667474850655 0.011061308114236001 6.5000000000000009 -0.58423173546621499 13.940899129834687 14.421962581399908 0.0015766857418661002 0.0023292442771500007 14.104376933044108 0.090194292006742463 2.4491390968433051 0.14941284360212706 0.0077557371391767512
decision_type=10 2 10 2 2 2 2 2 2 2 2 10 10 2
left_child=1 2 -1 -2 -5 -6 7 -7 -9 -10 11 -8 13 -13
right_child=3 -3 -4 4 5 6 10 8 9 -11 -12 12 -14 -15
leaf_value=-0.01862195058686272 -0.0474011566735646 0.0019315525295443543 0.025667988255266141 0.026128810616500645 -0.012485769710329185 -0.008178009600475402 -0.002589790630016334 0.032370555102946223 -0.022372907343394786 0.015738122053636897 -0.015324154040739094 0.044534320216389797 -0.016893297290856903 0.0075205076116624065
leaf_weight=6.3931548125110558 4.5206906781531861 606.70003306306899 34.458357280120254 10.884557552635668 76.010091850999743 47.495098716579378 724.38358083879575 25.300935286097229 12.055090291891245 49.148968739435077 55.925892100669444 12.239870916120706 12.634930950589476 53.866347524337471
leaf_count=63 39 6535 358 228 510 408 5985 203 219 353 3686 86 105 491
internal_value=-2.02428e-06 0.00299173 0.0187367 -0.00178964 -0.00159871 -0.00188101 -0.0010693 0.00697309 0.0152917 0.00823156 -0.00232381 -0.00141852 0.00935662 0.0143738
internal_weight=1732.02 647.552 40.8515 1084.47 1079.95 1069.06 993.051 134 86.505 61.2041 859.051 803.125 78.7411 66.1062
internal_count=19269 6956 421 12313 12274 12046 11536 1183 775 572 10353 6667 682 577
is_linear=0
shrinkage=0.03


Tree=172
num_leaves=15
num_cat=0
split_feature=2 1 0 3 10 10 14 14 14 14 10 1 10 13
split_gain=7.20516 7.12512 6.35974 6.38631 6.71162 7.81937 15.1536 6.66683 6.24505 10.1172 10.3168 9.99529 9.73361 9.69887
threshold=0.70461060424620792 13.889194891506749 1.2993876769189603 -0.60189642327370796 0.97224888734877901 2.468580010207801 0.051093688327306507 0.0037366659525053 0.45688129504937697 0.96824799482650414 0.49054989117946035 19.514360975694782 5.09730627299842 1.6436169672353194
decision_type=2 2 10 2 2 2 10 10 10 10 2 2 2 10
left_child=2 -2 3 4 -1 6 -6 -5 12 11 13 -10 -9 -11
right_child=1 -3 -4 7 5 -7 -8 8 9 10 -12 -13 -14 -15
leaf_value=0.029520911828131234 0.086570434541211549 -0.027600990885381697 0.015985565812877561 -0.01661870935037367 -0.044617130467624264 0.011752768007595466 0.014787377840864242 0.0012960556840471613 -0.0083059412353816055 0.0088857867044775368 -0.0022889185136667389 0.033920576733458996 0.020304453658298572 -0.025362295851961335
leaf_weight=12.091169632971285 0.51377167599275608 11.581679118797181 23.494760387577116 21.716424734331667 7.3197973258793345 41.045158758759499 8.1877232380211336 842.54157728329301 214.26264053955674 140.20573434047401 373.79211022006348 5.166729816235601 24.963538051582873 7.8591872053220859
leaf_count=239 87 2334 196 299 115 563 126 8098 2428 1568 2888 85 159 68
internal_value=0.000322066 -0.0227514 0.000484075 0.000269731 0.0092335 0.00489598 -0.0132525 -0.000107641 0.000115235 -0.00190677 0.000365869 -0.00731167 0.00184305 0.00706792
internal_weight=1734.74 12.0955 1722.65 1699.15 68.6438 56.5527 15.5075 1630.51 1608.79 741.286 521.857 219.429 867.505 148.065
internal_count=19253 2421 16832 16636 1043 804 241 15593 15294 7037 4524 2513 8257 1636
is_linear=0
shrinkage=0.03


Tree=173
num_leaves=15
num_cat=1
split_feature=2 1 16 5 14 10 14 15 14 1 7 0 19 16
split_gain=7.99214 6.54479 20 19.3298 17.271 15.4001 15.1437 18.3476 14.7207 15.2438 18.2698 14.4532 12.4814 13.1727
threshold=0.70461060424620792 16.435538936180929 13.138133661771175 -0.13843374306806364 0.99531001045918799 0.92919218111086188 0.12996739105977959 0.0036985281156507502 0.045321000132977705 14.784356634377643 14.014838181162741 0.20907133936376168 0 12.974952726794465
decision_type=2 2 2 10 8 2 10 2 8 2 2 10 1 2
left_child=1 6 -3 5 -5 -4 8 11 12 10 -10 -8 13 -1
right_child=-2 2 3 4 -6 -7 7 -9 9 -11 -12 -13 -14 -15
leaf_value=0.0053097044558532295 -0.025157482033448343 0.031627356311954576 0.0067774374042414171 -0.011654262385489273 0.011797878637006399 -0.034002975148964644 -0.0042595983237388403 -0.013110818063536755 0.029305807706992773 0.01254477927553143 -0.014689493720182804 0.0089335953649090343 -0.0083147170933608305 -0.022918459044259119
leaf_weight=187.00465987483039 11.903503026813267 20.208894935436547 301.67762496415526 138.01019294373691 35.539179081097245 8.570934131741522 395.82491837302223 174.18213021755219 10.60993710439652 164.93298543617129 42.616760561708361 92.125255939085037 144.38728649728 16.16426459653303
leaf_count=1637 2438 195 1977 3137 556 61 3270 1676 102 1423 408 994 1209 230
internal_value=-0.000659624 -0.000491244 0.00238726 0.00116587 -0.00685177 0.00565084 -0.00167281 -0.0047524 0.00193163 0.00803981 -0.0059197 -0.00176872 -0.00190245 0.00292012
internal_weight=1743.76 1731.86 504.007 483.798 173.549 310.249 1227.85 662.132 565.716 218.16 53.2267 487.95 347.556 203.169
internal_count=19313 16875 5926 5731 3693 2038 10949 5940 5009 1933 510 4264 3076 1867
cat_boundaries=0 1
cat_threshold=565
is_linear=0
shrinkage=0.03


Tree=174
num_leaves=15
num_cat=0
split_feature=2 10 10 9 6 1 9 1 6 15 14 6 16 17
split_gain=7.59767 7.73876 7.87097 8.13072 6.45856 10.3449 11.9871 10.971 10.8321 10.6107 11.8327 10.5558 9.51489 11.0533
threshold=0.72636502799562352 0.15399664588643799 0.11880900074147896 0.12797507750281836 0.040671451123348808 14.969140017968995 1.4078766677487808 14.735117627207 0.69049292931010975 0.0014318555580776001 0.98121651020513634 0.57322880417681998 16.023437592726356 17.177424431804706
decision_type=2 2 2 2 10 2 2 2 10 2 10 10 2 2
left_child=1 2 3 -1 12 7 -7 -6 -9 -8 -11 -12 -3 -14
right_child=-2 4 -4 -5 5 6 9 8 -10 10 11 -13 13 -15
leaf_value=-0.0045900196243347374 -0.026998309534832201 -0.00099529264195504386 -0.023928968688125756 0.067606486123877527 0.00067717315819586048 0.003169390797260379 0.041485514251435138 -0.0064721394979209883 -0.035494282027095328 0.030282113300279231 -0.020724226774791233 0.021363320588556615 -0.026056494374688571 0.029676452839397134
leaf_weight=7.6502604153938574 9.4643363314680737 846.18189777014777 23.155530494172126 1.7194467494264243 232.73892142111436 477.67399447550997 13.305805607698856 48.883179415948689 15.164999105501918 15.721760909073053 13.268013557884844 9.0020618177950364 24.40454973559827 3.6864361111074677
leaf_count=258 2109 8458 620 49 1880 4652 110 409 124 133 90 65 405 59
internal_value=-0.00019222 -4.57883e-05 -0.0145412 0.00865885 0.000231541 0.00213418 0.00464934 -0.00234864 -0.0133439 0.0184303 0.0103557 -0.0037115 -0.00156552 -0.0187425
internal_weight=1742.02 1732.56 32.5252 9.36971 1700.03 825.759 528.972 296.787 64.0482 51.2976 37.9918 22.2701 874.273 28.091
internal_count=19421 17312 927 307 16385 7463 5050 2413 533 398 288 155 8922 464
is_linear=0
shrinkage=0.03


Tree=175
num_leaves=15
num_cat=0
split_feature=3 0 2 6 9 10 10 4 1 3 4 16 3 16
split_gain=7.96334 6.90786 8.09619 6.66681 6.37936 6.02071 6.70306 6.62541 5.91155 7.87985 5.55164 5.257 9.80325 11.5739
threshold=0.37084972297637903 1.2993876769189603 0.49617449561970361 3.5023795405149434 0.087380035205977966 0.11880900074147896 0.11094310837083286 -0.085022469747887949 15.160222889340643 -0.22747791045012164 0.12324751981105221 12.444831421880691 0.11990634880772967 11.232120652586955
decision_type=2 10 2 10 2 2 2 2 2 2 2 2 2 2
left_child=1 3 -3 4 8 6 7 -6 -1 -10 -7 12 -12 -14
right_child=-2 2 -4 -5 5 10 -8 -9 9 -11 11 -13 13 -15
leaf_value=-0.051817952309070728 -0.018859441008979416 0.0054093572216568526 0.043902586379041715 0.0246660765238166 0.043663303270010716 0.00031700739523526374 0.066137589257188989 -0.030739029815751346 0.022732749527459573 -0.029140741856703296 -0.015979654724072725 -0.02035471855881802 0.099970866886702675 0.0081016734820947532
leaf_weight=3.8115699207410207 19.635302939685062 17.509056858718399 6.8382009086199096 9.9058088418096286 2.0814322456717491 1623.4522032560781 2.6004108702763915 2.2325165099464348 4.3827069774270049 6.6111470586620262 11.427837630268188 23.033738036174327 1.6000489895232011 5.3976514553651214
leaf_count=44 2959 101 117 85 12 13227 65 121 27 219 254 1657 75 366
internal_value=0.000137627 0.000354383 0.0162206 0.000126685 -1.74385e-05 0.000156187 0.0280925 0.00515927 -0.0196232 -0.00846134 4.01682e-05 -0.0108002 0.00114381 0.0291079
internal_weight=1740.52 1720.88 24.3473 1696.54 1686.63 1671.83 6.91436 4.31395 14.8054 10.9939 1664.91 41.4593 18.4255 6.9977
internal_count=19329 16370 218 16152 16067 15777 198 133 290 246 15579 2352 695 441
is_linear=0
shrinkage=0.03


Tree=176
num_leaves=15
num_cat=0
split_feature=5 10 7 7 13 6 3 1 14 7 7 9 4 3
split_gain=7.40087 13.0799 10.969 10.842 12.9265 12.832 9.44382 9.18532 9.92441 8.95591 7.79501 7.35482 8.06996 8.49488
threshold=-0.40175630673745866 0.92919218111086188 14.881925054582391 15.000211558562905 1.6229126217272476 0.44297542667958606 -0.37477897179427089 14.026968748662943 0.023080948525686856 15.309823598520264 15.590786770664248 0.50758911315842747 -0.45057340393292156 -0.3353312029181712
decision_type=8 2 2 2 8 8 2 2 10 2 2 2 2 2
left_child=1 6 7 -4 5 9 -1 8 -3 -5 -11 -9 -13 -14
right_child=-2 2 3 4 -6 -7 -8 11 -10 10 -12 12 13 -15
leaf_value=0.01761934673257427 -0.001462717119959272 -0.042978642951463586 -0.053019036779298576 -0.00012767994937165457 0.030277696762780668 0.016575828807919968 0.0016947790095675542 -0.028751538717593245 0.00014686699211329397 -0.065803420710451935 -0.023066434954708163 0.021651666088620534 -0.0062675492315914377 0.016669923298712967
leaf_weight=75.906235430389643 1435.9372781498823 7.5018180795013931 5.8615078479051581 6.9824125841259983 6.2338651977479449 7.6110435836017158 60.016272969543934 5.0168521180748931 13.347865484654902 6.5997996143996707 9.1890639103949052 28.884818073362112 38.285578310489655 23.420939370989799
leaf_count=961 16537 65 52 58 84 84 354 41 116 43 76 447 292 108
internal_value=-0.000573765 0.00375537 -0.00208784 -0.0151375 -0.0090734 -0.0171475 0.0105879 0.00267198 -0.0153699 -0.0284191 -0.0409306 0.00660645 0.00856454 0.00243845
internal_weight=1730.8 294.858 158.936 42.4777 36.6162 30.3823 135.923 116.458 20.8497 22.7713 15.7889 95.6082 90.5913 61.7065
internal_count=19318 2781 1466 397 345 261 1315 1069 181 177 119 888 847 400
is_linear=0
shrinkage=0.03


Tree=177
num_leaves=15
num_cat=0
split_feature=3 10 10 4 1 17 4 7 15 10 16 4 8 14
split_gain=6.07124 7.51064 9.90006 9.60415 10.0311 17.8122 13.4024 5.99071 7.4536 7.05096 7.3627 9.71789 7.12656 12.688
threshold=1.0000000180025095e-35 0.63036326287907596 0.51576530345353133 -0.0085777235558988068 17.703599423783327 14.709573148984449 -0.026352003178281399 14.120077441744941 0.00039683486313815008 4.8626454656500506 12.014790098585383 -0.0021096508821550892 -0.12370677518587218 0.64729584639250703
decision_type=2 2 2 2 2 2 2 2 2 2 2 2 2 10
left_child=-1 2 3 4 5 6 -2 8 -3 10 11 -9 13 -12
right_child=1 7 -4 -5 -6 -7 -8 9 -10 -11 12 -13 -14 -15
leaf_value=0.00088095389732725663 -0.0097578924852261568 0.018250724481344516 -0.029679377236433258 -0.012131100366144764 -0.033130905416469757 0.070532023450881345 0.050211535831668777 0.056366304503441766 -0.023115145455215362 -0.015241300813178597 0.14723584491272093 0.009837855119643895 0.0006992561203235237 -0.0058481706615026397
leaf_weight=1495.2655891869217 14.657156804576521 5.1833263440057662 18.905918006086722 65.678911658469588 4.3151969490572801 4.4683023672550908 4.3492795322090414 5.9437504708766964 16.089257379993796 13.408246866660191 0.83966247946955208 12.613034928450359 52.00404345872812 1.1610727303195743
leaf_count=10581 183 48 887 4450 92 67 89 39 215 321 49 475 1568 92
internal_value=0.000196859 -0.00446081 -0.00988051 -0.0058758 0.00890801 0.0166357 0.00396503 0.00121827 -0.0130358 0.00474534 0.00843856 0.0247409 0.00283683 0.0583977
internal_weight=1714.88 219.617 112.375 93.4688 27.7899 23.4747 19.0064 107.242 21.2726 85.9698 72.5616 18.5568 54.0048 2.00074
internal_count=19156 8575 5768 4881 431 339 272 2807 263 2544 2223 514 1709 141
is_linear=0
shrinkage=0.03


Tree=178
num_leaves=15
num_cat=0
split_feature=16 17 6 2 6 15 6 7 13 13 13 6 14 5
split_gain=6.45603 25.2274 13.5888 12.2804 13.749 12.4836 9.80105 13.2422 9.94909 9.05936 14.681 13.8058 11.9858 11.1105
threshold=14.511899146510705 14.665981503222053 0.44297542667958606 0.47359233210959967 -0.20997620789297097 0.018131499832870403 0.29648746444446245 16.033010614011502 2.3806851103587454 1.4204457916522664 1.9116682012118111 -0.098336357207732636 0.8702405418894622 -0.22840850310103386
decision_type=2 2 10 2 10 2 10 2 10 10 10 10 10 10
left_child=1 6 3 4 -2 -6 -1 -8 -9 12 -11 13 -7 -12
right_child=2 -3 -4 -5 5 9 7 8 -10 10 11 -13 -14 -15
leaf_value=-0.0011684675288530747 -0.018106709662242117 0.039441054995089028 -0.024362662200944227 -0.016132036126802404 -0.010968719458327017 0.05429286240396583 0.0016171477042416114 0.019303843643324731 -0.018224444100605985 -0.01778040642417315 0.016790124434931802 0.018891227682305615 0.011900991478299077 -0.032977520472776724
leaf_weight=1096.436268574791 27.597743352875113 14.934842067072166 27.704075125511736 44.964283855166286 34.576698487624526 8.3730686362832802 292.59087144536898 67.607769354013726 7.0177758703939608 20.158966803923249 6.868534658104184 52.349065776914358 21.203327842056751 9.7939435448497516
leaf_count=11539 179 192 386 2470 239 61 2781 641 57 224 37 366 149 106
internal_value=-0.000110403 0.000648087 -0.00453288 -0.00210083 0.00138634 0.00489503 0.000252251 0.00449424 0.0157747 0.00951423 0.00474201 0.011321 0.0239021 -0.0124625
internal_weight=1732.18 1478.59 253.59 225.886 180.921 153.324 1463.65 367.216 74.6255 118.747 89.1705 69.0115 29.5764 16.6625
internal_count=19427 15210 4217 3831 1361 1182 15018 3479 698 943 733 509 210 143
is_linear=0
shrinkage=0.03


Tree=179
num_leaves=15
num_cat=1
split_feature=2 6 5 8 1 16 19 7 6 7 6 3 6 13
split_gain=8.51326 13.2179 7.74357 9.41675 4.56229 15.5442 10.8875 17.4901 17.6522 11.78 12.8933 13.3256 10.2108 11.3293
threshold=0.61381797056005982 -0.69312769889166248 -0.019981700883537009 0.31198983593942581 15.812526463399765 13.378433118119014 0 15.467806281564048 -0.32181069121887296 15.176156877764919 0.23934439229635043 -0.15465165118431803 -0.038544100163809429 0.29376149827717574
decision_type=2 8 8 2 2 2 1 2 10 2 8 2 10 10
left_child=4 -2 3 -3 6 -6 7 9 -9 -1 11 -11 13 -8
right_child=1 2 -4 -5 5 -7 12 8 -10 10 -12 -13 -14 -15
leaf_value=0.0034894873403248411 0.09565133570686965 0.091738094689820873 -0.022565704361263563 -0.030530329645726696 0.0099951832456428372 -0.00062324361659453823 0.01284600523089093 0.036914293699831333 -0.026319061281973959 0.017027331717228408 -0.011533956735807555 0.066151654482658279 -0.00072230798237130924 -0.010363505292081203
leaf_weight=263.67977054510266 0.93833393976092339 1.2170376852154734 30.297713663429022 1.0612586843781171 159.21615116205066 562.18634119769558 20.630468249320984 4.6150057557970277 28.573771240189672 13.164980504661802 6.9474229086190489 7.9835733026266071 400.48410666827112 229.42987982649356
leaf_count=2068 61 42 4145 74 1200 6060 150 31 291 86 77 77 3005 1941
internal_value=-0.000384317 -0.0153573 -0.0185548 0.0347839 -8.85987e-05 0.00172028 -0.00142629 0.00301701 -0.0175263 0.00545716 0.0239237 0.0355718 -0.00363632 -0.00844868
internal_weight=1730.43 33.5143 32.576 2.2783 1696.91 721.402 975.509 324.965 33.1888 291.776 28.096 21.1486 650.544 250.06
internal_count=19308 4322 4261 116 14986 7260 7726 2630 322 2308 240 163 5096 2091
cat_boundaries=0 1
cat_threshold=563
is_linear=0
shrinkage=0.03


Tree=180
num_leaves=15
num_cat=1
split_feature=14 13 1 6 19 1 6 0 0 14 15 15 10 15
split_gain=7.13367 6.66514 10.2755 11.3933 11.4205 16.1 22.8089 14.7603 11.5346 10.7647 10.6632 17.585 14.1148 10.1797
threshold=0.0042355090558023516 1.2054474065229048 14.042667474850655 -0.043394436634884063 0 14.952381497622964 0.7131412089517003 0.8488254705425089 0.099669520934946423 0.011061308114236001 0.05129537603388231 0.032648534943724404 0.57899826182097969 0.018131499832870403
decision_type=8 10 2 10 1 2 10 10 10 10 2 2 2 2
left_child=-1 2 9 -4 5 6 -5 -6 13 -2 11 -10 -12 -7
right_child=1 -3 3 4 7 8 -8 -9 10 -11 12 -13 -14 -15
leaf_value=-0.014962520837851915 -0.021200978107975749 -0.0014735811676093284 -0.0038194656363412746 -0.0052220739378684633 0.0068937822361193075 -0.022969045100355974 -0.055872354651424525 0.041804646373762952 -0.01145550662775657 0.023748010297970482 -0.0092614254770172922 0.053532302505861336 -0.069556644937648654 0.020121535789522724
leaf_weight=29.2474649627693 5.5980333220213643 1071.6623147830833 231.35185601678677 31.429931020364165 239.42218218022026 5.6275834911502889 10.734655917156486 11.419590212171896 10.880089307902383 33.435605533188209 18.412110286764804 5.7160258872900149 4.3126752157695583 40.044525869190693
leaf_count=406 54 12112 2688 336 2284 46 132 202 131 355 252 78 44 330
internal_value=-0.000270807 -2.0991e-05 0.00237988 0.00142402 0.00463326 -0.00274535 -0.0181171 0.00815788 0.00455749 0.0173016 -0.00735341 0.0109276 -0.0207042 0.014812
internal_weight=1749.29 1720.05 648.385 609.351 377.999 127.158 42.1646 250.842 84.993 39.0336 39.3209 16.5961 22.7248 45.6721
internal_count=19450 19044 6932 6523 3835 1349 468 2486 881 409 505 209 296 376
cat_boundaries=0 1
cat_threshold=46
is_linear=0
shrinkage=0.03


Tree=181
num_leaves=15
num_cat=0
split_feature=9 2 15 15 6 10 0 15 2 15 10 0 9 9
split_gain=7.23 6.73715 5.84443 5.25622 9.01479 8.03697 13.6223 10.8456 11.4337 9.21884 10.5225 7.57182 6.70857 6.62801
threshold=0.087380035205977966 0.69979385072064104 0.00039683486313815008 0.0016815408994138501 -0.54987175908914443 3.3967127276511078 -0.47819516346211255 0.00049499027157845011 0.26922212350182023 0.00049499027157845011 3.6261597033232875 -0.4200998575902008 1.209190390846248 1.4078766677487808
decision_type=2 2 2 2 10 2 10 2 2 2 2 10 2 2
left_child=-1 2 -2 5 -5 7 -7 -4 13 -8 -11 -12 -13 -9
right_child=1 -3 3 4 -6 6 9 8 -10 10 11 12 -14 -15
leaf_value=-0.02137656703387138 0.011506436237630932 -0.022511435972658585 -0.030269289059247213 0.016318845315988106 0.00054487232898653925 -0.023568156197912041 0.023615246506020038 0.029466434172183663 -0.007805966478739006 0.013842365416200606 0.025129807426050668 0.016970354150080313 -0.011352073487852452 -0.0147225764864363
leaf_weight=14.072947505163027 41.380786553956568 11.660693004960192 17.108430320397019 33.450453144963831 1293.78313649958 17.021072601899505 20.175534974783659 12.383109655231239 148.19561240589246 41.495751550421119 6.8739143386483184 8.5818511461839062 61.224640901200473 4.0553501881659022
leaf_count=323 305 2516 118 278 12991 163 135 152 1374 314 46 98 451 47
internal_value=3.88055e-05 0.000214291 0.000369649 9.27541e-05 0.000942426 -0.00325243 0.00175735 -0.00753533 -0.00517286 0.00487309 0.00167335 -0.00491194 -0.00787018 0.0185651
internal_weight=1731.46 1717.39 1705.73 1664.35 1327.23 337.115 155.373 181.743 164.634 138.352 118.176 76.6804 69.8065 16.4385
internal_count=19311 18988 16472 16167 13269 2898 1207 1691 1573 1044 909 595 549 199
is_linear=0
shrinkage=0.03


Tree=182
num_leaves=15
num_cat=0
split_feature=2 6 1 10 11 10 1 15 10 6 0 6 4 14
split_gain=7.10043 6.3419 11.7587 12.3727 11.531 8.65117 12.003 12.277 12.8153 11.5429 12.5326 9.64996 8.79683 10.325
threshold=0.72636502799562352 0.053427950486814819 14.293921283152072 0.3106232756026085 9.5000000000000018 0.31647907222475863 19.091930338065534 0.0014672137029364503 4.9289795590110019 -0.022040050546734521 0.47486335415187014 -0.19459371574381981 -0.049854561992017758 0.013963820276394501
decision_type=2 10 2 2 2 2 2 2 2 10 8 10 2 8
left_child=1 5 3 -3 -5 12 7 8 -7 10 -9 -10 13 -1
right_child=-2 2 -4 4 -6 6 -8 9 11 -11 -12 -13 -14 -15
leaf_value=-0.030780583077710519 -0.02674172678619895 0.032021678000053698 0.0037141704989391826 0.012147520620088583 -0.01346049757375271 -0.011654729305848427 -0.038634644139881456 0.0036739100028728919 -0.0033530303317735018 -0.007401058719020923 0.049330064291019389 0.030546524389981788 -0.020902560968348929 -0.0014820615069298334
leaf_weight=11.86292398907244 8.7845900566317123 7.0342551153153172 693.65641207713634 19.150232241954654 91.154369690455496 121.11777687259018 7.1732186344452193 483.78792891465127 19.600914715323601 91.939630742650479 5.4723180327564469 12.300073049031196 35.059122652746737 123.7740013897419
leaf_count=107 2146 82 6577 138 699 1230 59 4398 171 826 64 88 1835 998
internal_value=0.000161148 0.000298304 0.00222844 -0.00655458 -0.00901463 -0.0014179 -1.59634e-05 0.000361336 -0.00719907 0.00235185 0.00418457 0.00971763 -0.00750699 -0.00404454
internal_weight=1731.87 1723.08 810.995 117.339 110.305 912.088 741.392 734.219 153.019 581.2 489.26 31.901 170.696 135.637
internal_count=19418 17272 7496 919 837 9776 6836 6777 1489 5288 4462 259 2940 1105
is_linear=0
shrinkage=0.03


Tree=183
num_leaves=15
num_cat=1
split_feature=13 7 7 15 2 15 6 2 7 7 10 19 14 13
split_gain=8.14184 11.8566 10.2368 12.122 13.1637 9.81754 15.6814 14.9109 14.7732 20.6539 16.8913 14.6946 13.983 13.0449
threshold=1.1783529518450997 14.014838181162741 15.161502835034847 0.0018415325859539502 0.45181314812836798 0.0016077564791259003 -0.54987175908914443 0.39569769677797456 13.894736164238841 14.436050897114903 1.07024030475244 0 0.018250858690703805 1.4250699967266707
decision_type=10 2 2 2 2 2 10 2 2 2 2 1 10 10
left_child=1 -1 -3 4 -4 7 -7 -2 10 -10 -8 12 -11 -14
right_child=5 2 3 -5 -6 6 8 -9 9 11 -12 -13 13 -15
leaf_value=0.014679894907708425 -5.0216003551620662e-05 -0.0028927860717594218 0.010144368629352555 0.0037904543951549044 0.064146841885264844 0.030478021161086329 0.0019345244174935317 -0.017098260380377543 0.01361921372185013 0.0015167320968288143 -0.039526225386800291 -0.0022523142090840232 0.018410480997168469 0.074181342130040864
leaf_weight=69.869107242207974 105.60348198190331 252.53114871494472 11.416498031467201 284.99235782842152 6.3067198116332284 14.973979275906457 17.131630338728428 82.048537220805883 93.45696525182575 16.037065141368661 18.280140580609441 736.47287671710365 9.1461149589158577 6.4269917332567266
leaf_count=560 702 2664 65 3274 166 196 123 1155 833 258 124 9046 86 52
internal_value=0.00029892 0.00303267 0.00156705 0.00528754 0.0293609 -0.00125523 3.06647e-05 -0.00750426 -0.000477632 0.000302934 -0.0194682 -0.00131733 0.0160891 0.041427
internal_weight=1724.69 625.116 555.247 302.716 17.7232 1099.58 911.926 187.652 896.952 861.54 35.4118 768.083 31.6102 15.5731
internal_count=19304 6729 6169 3505 231 12575 10718 1857 10522 10275 247 9442 396 138
cat_boundaries=0 1
cat_threshold=135
is_linear=0
shrinkage=0.03


Tree=184
num_leaves=15
num_cat=1
split_feature=10 10 15 6 2 14 13 4 13 14 14 19 6 0
split_gain=6.93857 6.38534 8.16903 6.01307 5.93043 5.67112 6.59344 11.085 5.99152 5.47099 14.568 12.5957 12.9868 12.3971
threshold=0.15399664588643799 0.11880900074147896 0.23489667470418674 -0.22613822657811836 0.78960970268712904 0.0042355090558023516 1.9116682012118111 -0.15539285104822101 0.97315398936231567 0.12217325918785275 0.045321000132977705 0 -0.49938480430873644 1.5803735567105284
decision_type=2 2 2 10 2 10 8 2 10 10 10 1 10 8
left_child=1 2 3 -1 5 6 8 -8 -2 10 -7 13 -13 -11
right_child=4 -3 -4 -5 -6 9 7 -9 -10 11 -12 12 -14 -15
leaf_value=0.047073351316654737 -0.0098817213131478111 -0.022793806407134163 0.064248268608672096 -0.019809698720279479 -0.030140436749798764 -0.0012425495634164837 0.024195085191187612 -0.023141115768403237 -0.05507126570430021 0.00057278003503036972 0.0082258920479329149 0.037726311893318522 -0.0092140799639286591 0.043378834087988212
leaf_weight=1.5020994972437618 5.4750993933994305 22.035458232276142 1.7956274533644316 6.2165342764928955 5.7508107426110646 333.12583935260773 8.0993578061461466 9.8880174132064003 5.1005946134682745 879.73012103047222 260.69523857417516 5.4615973467007271 184.5038383428473 6.1315344460308543
leaf_count=12 81 609 55 245 1446 3083 46 158 44 9092 2475 42 1938 58
internal_value=1.49106e-05 -0.0139255 0.00661398 -0.00679379 0.000273024 0.000376016 -0.0128787 -0.00182656 -0.0316764 0.000602767 0.00291422 -0.000673079 -0.00747123 0.000859363
internal_weight=1735.51 31.5497 9.51426 7.71863 1703.96 1698.21 28.5631 17.9874 10.5757 1669.65 593.821 1075.83 189.965 885.862
internal_count=19384 921 312 257 18463 17017 329 204 125 16688 5558 11130 1980 9150
cat_boundaries=0 1
cat_threshold=312
is_linear=0
shrinkage=0.03


Tree=185
num_leaves=15
num_cat=0
split_feature=14 14 14 6 15 17 9 15 6 5 13 13 13 17
split_gain=7.00565 7.92364 11.8189 11.3738 11.8085 8.75349 8.27652 11.0245 14.7173 15.1501 10.5934 10.3853 23.145 15.6435
threshold=0.0042355090558023516 0.46887375907808199 0.49075382383877647 0.96388155438796275 0.020355058878170504 13.467895424644157 0.4529353361065695 0.019723749028231156 -0.046125917473613269 0.0066769717200239062 0.42629403310899644 1.5679686111736866 2.2942750499354738 13.436522035855925
decision_type=8 10 8 10 2 2 2 2 10 10 8 10 10 2
left_child=-1 6 -3 -4 5 -5 7 10 -9 11 -2 13 -13 -10
right_child=1 2 3 4 -6 -7 -8 8 9 -11 -12 12 -14 -15
leaf_value=-0.014128023250431384 -0.037748037905491631 -0.033670213928105916 -0.0019894222759479921 0.01304083998345508 -0.026322306372621219 0.050041089463937205 0.0055428787209454286 -0.0038971404919065614 0.010961074741356819 -0.0087192252740237765 -0.0045086561557101173 -0.011264859561754277 0.02258853691835264 0.04222005526418162
leaf_weight=29.123084291117266 9.1202704638708365 10.162766902009023 719.04702321835794 29.227269726572558 5.6409092687536022 7.1653917154762885 443.24173921137117 141.57939614262432 37.737424330785871 33.755141475005075 160.26226419629529 35.401915627997369 37.353881429880857 23.308168054558337
leaf_count=412 116 118 8203 258 52 64 4030 1859 250 1016 2111 295 310 183
internal_value=0.000460893 0.000711852 -0.00153186 -0.00110272 0.0140657 0.0203259 0.00258919 -0.000146758 0.00322387 0.00924087 -0.0062984 0.0137718 0.00611597 0.0228962
internal_weight=1722.13 1693 771.243 761.081 42.0336 36.3927 921.76 478.518 309.136 167.557 169.383 133.801 72.7558 61.0456
internal_count=19277 18865 8695 8577 374 322 10170 6140 3913 2054 2227 1038 605 433
is_linear=0
shrinkage=0.03


Tree=186
num_leaves=15
num_cat=1
split_feature=3 6 6 6 17 4 9 19 5 10 9 1 6 5
split_gain=7.78845 10.2793 7.34492 9.21892 8.75973 11.3974 8.32249 8.30184 12.6141 10.873 10.0163 8.38446 13.825 13.0201
threshold=0.19892664708485466 -0.74284902452151613 0.040671451123348808 0.032031454729322902 9.9435628609731683 -0.45057340393292156 4.701303609509222 0 -0.088278227580173049 0.32158327591541108 0.16942375996229617 16.505181403252401 -0.54987175908914443 -0.18733546278732535
decision_type=2 8 10 10 2 2 2 1 10 2 2 2 10 10
left_child=2 -2 3 7 6 -6 -4 8 9 -1 -9 -12 -13 -14
right_child=1 -3 4 -5 5 -7 -8 10 -10 -11 11 12 13 -15
leaf_value=0.0065343754478343966 0.10708729642916648 -0.012984023398383197 -0.051495777179758659 -0.022063140196500051 0.02326080290823522 0.0017613605944352278 0.00080606750586972051 -0.015947476901541087 -0.023781426983686904 0.03819713905521805 -0.0034499098906834147 0.050008854083781591 0.0083294310456337034 -0.0072553086709380736
leaf_weight=28.486783284693956 0.6494173863902688 53.969028306659311 5.3296996802091581 20.068083109334111 22.846434522420168 774.54479058086872 5.6313124559819698 45.604759556241333 7.9246081421151748 14.849020279943941 537.45186952454969 5.6278184084221712 125.63066978380084 78.324587701819837
leaf_count=177 35 4842 75 178 410 5983 63 915 151 109 4369 43 801 1171
internal_value=-0.000408328 -0.0115564 -4.42298e-05 -0.00196735 0.0020112 0.00237735 -0.0246253 -0.00148947 0.00922088 0.0173836 -0.00226981 -0.0014652 0.00362436 0.00234445
internal_weight=1726.94 54.6184 1672.32 863.968 808.352 797.391 10.961 843.9 51.2604 43.3358 792.64 747.035 209.583 203.955
internal_count=19322 4877 14445 7914 6531 6393 138 7736 437 286 7299 6384 2015 1972
cat_boundaries=0 1
cat_threshold=3
is_linear=0
shrinkage=0.03


Tree=187
num_leaves=15
num_cat=0
split_feature=16 1 16 17 4 14 10 2 2 9 10 9 18 18
split_gain=7.27486 10.7114 17.4015 11.4652 11.3044 10.8532 10.5433 10.4594 9.38083 9.31617 9.40451 8.18791 16.1937 7.09279
threshold=11.232120652586955 16.409983984272774 13.847249474670372 14.298018311037593 -0.039140901605560934 0.083662979706576615 0.3377910150436198 0.44870326106854458 0.51458502337440437 4.7411830324303459 0.86082944610528145 0.29052088111452257 16.263746447006458 14.223187114084107
decision_type=2 2 2 2 2 10 2 2 2 2 2 2 2 2
left_child=6 -2 3 5 13 -3 -1 -7 -8 10 -10 -6 -13 -4
right_child=1 2 4 -5 11 7 8 -9 9 -11 -12 12 -14 -15
leaf_value=0.037910580634735729 -0.0028312093663889963 -0.013910759608603926 0.012861875231554083 0.052150528353499453 -0.021531864932820111 0.011132616425998948 0.0016995551324240255 0.043074946844794237 -0.00046063987307230043 -0.0013330921234309537 0.054034040857499591 -0.0065490177634556232 0.071063503791781613 0.00046712621780908658
leaf_weight=8.1580176097340864 926.20599856530316 13.041999226436017 48.499637925997376 6.6660611291881642 34.007195837795734 63.780544478446245 260.32872317358851 10.786353694740681 4.0779199623502818 9.32789119472727 9.466699025128035 36.404983569635078 2.591745590325444 290.02699309587479
leaf_count=53 10641 117 314 70 2010 479 1875 114 91 150 182 1141 74 2087
internal_value=-3.46269e-05 -0.000913822 0.0025972 0.0142231 -6.60977e-05 0.0113372 0.00428656 0.0157532 0.00331797 0.0217383 0.0376272 -0.0107731 -0.00139084 0.00224288
internal_weight=1723.37 1432.01 505.806 94.275 411.531 87.6089 291.359 74.5669 283.201 22.8725 13.5446 73.0039 38.9967 338.527
internal_count=19398 17047 6406 780 5626 710 2351 593 2298 423 273 3225 1215 2401
is_linear=0
shrinkage=0.03


Tree=188
num_leaves=15
num_cat=0
split_feature=13 18 6 1 13 16 13 1 0 16 9 15 18 10
split_gain=7.549 8.78419 11.9558 12.9647 10.4355 25.9657 16.263 8.52028 12.8581 9.6607 9.35436 8.50023 13.8793 15.511
threshold=1.2054474065229048 11.529940543429914 -0.043394436634884063 14.407706248194549 0.34311516054794738 13.236093806072445 0.52793891901173495 16.409983984272774 0.29624458149865412 13.65658453344105 0.96696567513264664 0.0016077564791259003 11.409839676545973 1.07024030475244
decision_type=10 2 10 2 10 2 10 2 8 2 2 2 2 2
left_child=1 -1 4 -4 5 -3 -6 8 -8 -9 -10 -2 13 -13
right_child=11 2 3 -5 6 -7 7 9 10 -11 -12 12 -14 -15
leaf_value=0.012919722662792427 -0.0073912378063391614 0.021342551784730955 -0.010215577509169281 0.0070975592468490792 -0.034419763248505403 -0.037460803754413803 -0.010661011359070176 0.036358317710025845 -0.0046440258590740996 0.00034089280496403084 0.072015618919783891 0.0019219407436702955 0.00066701655448531377 -0.03876421096448119
leaf_weight=69.781867783050984 169.90035907668062 33.567303174408153 44.343152774265036 318.71440450614318 17.685658391332254 8.4620358529500646 108.64446859015152 8.3196162325330061 2.7423081444576374 34.477978986455128 2.9995977950748056 16.444379271939397 861.82199660711922 17.310409099794924
leaf_count=561 1695 297 503 3250 211 101 1372 78 139 434 51 125 10313 121
internal_value=0.000314985 0.00286363 0.00165365 0.00498297 -0.00391913 0.0095033 -0.00714517 -0.00407635 -0.0083487 0.00734248 0.0354033 -0.0012392 -7.20984e-05 -0.0189431
internal_weight=1715.22 649.738 579.957 363.058 216.899 42.0293 174.87 157.184 114.386 42.7976 5.74191 1065.48 895.577 33.7548
internal_count=19251 6997 6436 3753 2683 398 2285 2074 1562 512 190 12254 10559 246
is_linear=0
shrinkage=0.03


Tree=189
num_leaves=15
num_cat=1
split_feature=8 9 19 1 0 13 6 6 13 17 0 16 5 6
split_gain=7.05149 6.91388 9.03825 16.1153 9.01494 9.49781 10.8527 9.27888 8.82385 7.84838 10.1927 10.2291 10.1901 8.70116
threshold=-0.086018304655793978 0.88066623593866378 0 15.894355359783903 -0.47819516346211255 1.1783529518450997 -0.4026888612373748 -0.53083425372925641 1.2603318439921074 12.985681863235451 -0.68157704990560009 11.232120652586955 -0.17306347271917702 0.62320776304344816
decision_type=2 2 1 2 10 10 10 8 10 2 10 2 10 10
left_child=-1 2 3 -2 7 6 -6 -3 -7 10 -4 12 -12 -11
right_child=1 4 9 -5 5 8 -8 -9 -10 13 11 -13 -14 -15
leaf_value=0.0013630303974595847 0.0023866058119410591 -0.040307059372115817 0.036725821192035935 0.059506762466915428 0.060819399475097652 -0.029771909673170564 0.011472958600775742 -0.0027032356595624546 0.0025223642153386098 -0.003851013232910371 -0.0075560730933048456 -0.013541549061409438 0.042487791437808044 0.015348245659298928
leaf_weight=1001.8717546316329 20.85707225906663 7.99905787082389 4.0610849671065798 5.6493608800228676 4.3630304422695181 8.268992714583872 49.732895565219223 22.567141373641793 96.225809932220727 291.04858308727853 9.3409869447350484 163.24569983989932 6.0233726357109836 22.917540539754555
leaf_count=8014 401 65 40 37 70 116 442 153 962 5915 58 2517 93 406
internal_value=-0.000259377 -0.00254134 -0.0043186 0.0105722 0.00237396 0.00524919 0.0154529 -0.012544 -3.31803e-05 -0.0052211 -0.0102704 -0.011339 0.0120629 -0.00244959
internal_weight=1714.17 712.301 523.144 26.5064 189.157 158.591 54.0959 30.5662 104.495 496.637 182.671 178.61 15.3644 313.966
internal_count=19289 11275 9467 438 1808 1590 512 218 1078 9029 2708 2668 151 6321
cat_boundaries=0 1
cat_threshold=129
is_linear=0
shrinkage=0.03


Tree=190
num_leaves=15
num_cat=1
split_feature=2 3 1 3 15 8 5 10 6 15 12 2 10 19
split_gain=5.7847 4.70573 15.6059 5.45017 8.09368 14.2081 4.53835 10.8022 7.95349 7.63488 7.30831 7.47409 6.28879 10.6555
threshold=0.78960970268712904 0.52689704979472063 13.969644700605413 0.63119712323867838 0.0046146488142112009 0.56846220441263384 -0.40175630673745866 0.43070143916669873 -0.6637427398453577 0.00039683486313815008 1.5000000000000002 0.23447549137877718 0.39810294613039027 0
decision_type=2 2 2 2 2 2 10 2 10 2 2 2 2 1
left_child=1 6 -3 -4 -5 -6 7 -1 -9 -10 11 -8 13 -13
right_child=-2 2 3 4 5 -7 10 8 9 -11 -12 12 -14 -15
leaf_value=0.018554631124795235 -0.03015943763366798 0.22079617551263062 -0.012532581529161502 -0.00024697877051565602 0.03262900271479436 0.30563955580582969 -0.023012945729640764 -0.0303133473165405 0.021125788024688071 0.00091633625939112286 0.031308809948668991 0.0027272089309296134 0.0012214375098874813 -0.0063827776250602276
leaf_weight=38.854304993525147 5.5619103256613007 0.35808717575855453 2.6209153947420418 0.98884061607532181 0.4777555160690099 0.26768644130788743 13.078499510884283 6.8598398659378281 18.203549433499575 222.04251064173877 6.5559283453039816 180.54446170642041 920.58554686233401 297.61288564116694
leaf_count=346 1443 41 329 133 110 30 89 66 168 2133 41 2326 7727 4392
internal_value=0.000385858 0.000485264 0.0304199 0.014767 0.0560232 0.130666 0.000402481 0.00385023 0.00153815 0.00244762 -0.000292622 -0.000439367 -0.0002283 -0.00301945
internal_weight=1714.61 1709.05 4.71329 4.3552 1.73428 0.745442 1704.34 285.96 247.106 240.246 1418.38 1411.82 1398.74 478.157
internal_count=19374 17931 643 602 273 140 17288 2713 2367 2301 14575 14534 14445 6718
cat_boundaries=0 1
cat_threshold=689
is_linear=0
shrinkage=0.03


Tree=191
num_leaves=15
num_cat=1
split_feature=19 14 13 1 16 8 9 7 14 17 14 5 13 17
split_gain=5.98863 8.56319 7.93964 9.2535 11.7728 5.80859 14.0711 10.6638 10.1738 16.4257 14.3815 8.9179 11.9559 13.2763
threshold=0 0.0042355090558023516 2.9498732030825012 13.997290746395423 12.255622536829016 -0.20869592299948439 0.70740850007970468 15.117006705203666 0.021641081772683354 11.165957055563476 0.035059312532225356 -0.15898614116534701 2.2380004546400394 14.709573148984449
decision_type=1 8 10 2 2 2 2 2 10 2 10 10 10 2
left_child=2 -2 -1 -4 -5 8 7 -7 9 -3 -10 12 -9 -14
right_child=1 5 3 4 -6 6 -8 11 10 -11 -12 -13 13 -15
leaf_value=0.0078992499975089579 -0.0242589194161392 -0.0040567552401603963 -0.048557835113807644 0.04616163785266475 -0.028547368744048677 -0.010991130111940048 0.004261818695977298 -0.0014975863792055298 -0.017293966815183963 0.028085804393720239 0.0022473689589984493 -0.0067887112600490155 0.00039961292669025099 0.02946718221336796
leaf_weight=155.91322735999711 13.093490519560872 25.193091105669737 4.9973978018388134 3.3497320297174156 4.3813063111156225 148.41865073423833 266.91451523522846 220.05290456023067 36.060409719590098 33.119810627540573 564.49936575070024 188.53013331210241 30.3651776118204 26.468965226784348
leaf_count=1458 144 234 60 28 110 2051 2597 1285 272 227 4278 6103 192 174
internal_value=0.000501225 -9.96348e-05 0.0057013 -0.0167427 0.00382282 0.000105177 -0.00148859 -0.00398904 0.00223564 0.0141992 0.00107402 -0.00175611 0.00167054 0.013937
internal_weight=1721.36 1552.72 168.642 12.7284 7.73104 1539.62 880.75 613.836 658.873 58.3129 600.56 465.417 276.887 56.8341
internal_count=19213 17557 1656 198 138 17413 12402 9805 5011 461 4550 7754 1651 366
cat_boundaries=0 1
cat_threshold=17
is_linear=0
shrinkage=0.03


Tree=192
num_leaves=15
num_cat=1
split_feature=1 16 16 2 4 18 19 14 9 13 10 5 10 2
split_gain=7.27831 15.8459 11.7253 9.97918 9.87471 9.22801 11.8231 11.9287 13.7047 12.6647 11.2633 14.7934 9.2764 9.93718
threshold=16.409983984272774 13.323375226553358 12.974952726794465 0.22902490789384441 0.024265331835788499 12.541777387373122 0 0.12050675191640116 0.45589264892102738 0.20806627336424374 0.87588365309502436 -0.34461634702977328 5.0228644888179703 0.33690111288148311
decision_type=2 2 2 2 2 2 1 10 2 10 2 10 2 2
left_child=2 -2 5 -4 -3 6 7 8 10 -10 11 -1 -7 -14
right_child=1 4 3 -5 -6 12 -8 -9 9 -11 -12 -13 13 -15
leaf_value=0.017681586986088526 0.023522309648884066 0.0030110923958348254 -0.054572285749712568 -0.0059798561918342555 -0.013201537404947398 0.0064202679216791457 0.0010628693257889014 -0.02388812170537399 0.02858923881683418 -0.0024589102553010311 -0.060388432880868134 -0.023542848352647618 -0.043053136823865044 0.0078593081591523794
leaf_weight=10.559957534074782 32.166888368781656 441.55363562144339 3.859437432140111 263.12265597959049 36.614870083285496 256.03361783898436 492.45306735718623 34.735443040728569 13.532600404229013 93.651344426441938 5.050429605646058 30.352732064668089 7.2436243742704374 6.5886216021608561
leaf_count=94 313 3723 32 3876 2455 2486 4583 343 112 806 61 368 61 70
internal_value=0.00013344 0.00314073 -0.00112744 -0.0066823 0.00176964 0.000433328 -0.00142867 -0.00761067 -0.00441572 0.0014611 -0.0181202 -0.0129024 0.00512746 -0.0188024
internal_weight=1727.52 510.335 1217.18 266.982 478.169 950.201 680.336 187.883 153.147 107.184 45.9631 40.9127 269.866 13.8322
internal_count=19383 6491 12892 3908 6178 8984 6367 1784 1441 918 523 462 2617 131
cat_boundaries=0 1
cat_threshold=78
is_linear=0
shrinkage=0.03


Tree=193
num_leaves=15
num_cat=1
split_feature=14 9 2 16 6 15 1 16 4 13 7 13 7 19
split_gain=6.02554 6.59468 5.64717 5.34248 10.7862 19.8821 6.92594 14.2241 9.4069 9.44171 9.86608 9.0233 8.66359 8.00212
threshold=0.0037366659525053 0.40034658712868249 0.78960970268712904 16.023437592726356 0.02322434644566063 0.23489667470418674 14.969140017968995 11.938143832213305 0.056888502345344823 1.5284168287767603 14.881925054582391 0.72420772447347126 14.881925054582391 0
decision_type=8 2 2 2 10 2 2 2 2 8 2 10 2 1
left_child=1 -1 3 6 -5 -6 12 8 9 10 -8 -12 -2 -9
right_child=2 -3 -4 4 5 -7 7 13 -10 -11 11 -13 -14 -15
leaf_value=-0.035292309004785298 -0.00093769497333369249 -0.0025908659555317227 -0.030150904108834028 -0.021034033456701164 -0.014646733132048593 0.0380063048790363 0.029507265278259653 -0.0064263871066397461 0.046691879642792838 0.025894234550494041 0.02347558180033581 -0.0069713736599555766 -0.020952385739269126 0.0022572329123470829
leaf_weight=8.7705418253317493 565.16109420289285 15.115280403988434 5.3664141355548045 29.310735039180145 17.196185132721443 10.332721016369758 11.786162866279481 97.992470772471279 7.0351840411312869 26.311535922810435 10.994954898953436 43.103054773062468 20.158745017368346 851.23295704228804
leaf_count=202 4946 155 1448 697 354 143 147 1107 96 222 92 289 458 8989
internal_value=0.000364392 -0.0145984 0.000575124 0.000672656 -0.00836885 0.0051161 0.000987213 0.00244665 0.013254 0.0107025 0.00463545 -0.000783292 -0.00162701 0.00131687
internal_weight=1719.87 23.8858 1695.98 1690.62 56.8396 27.5289 1633.78 1048.46 99.2309 92.1957 65.8842 54.098 585.32 949.225
internal_count=19345 357 18988 17540 1194 497 16346 10942 846 750 528 381 5404 10096
cat_boundaries=0 1
cat_threshold=512
is_linear=0
shrinkage=0.03


Tree=194
num_leaves=15
num_cat=0
split_feature=15 10 10 14 15 0 1 15 4 4 1 14 7 16
split_gain=5.93622 9.6707 7.52577 12.5549 13.9228 11.0051 10.3442 10.3205 10.3701 7.03643 9.6978 6.92571 6.59029 5.8949
threshold=0.00045328221078665007 3.7095757948227868 5.0228644888179703 0.36295900953419197 0.0005836674838451501 -0.31454790062787236 14.821682791695874 0.00047148029528010005 -0.47510833649677953 -0.47510833649677953 15.753365424190756 0.046368335969891351 13.870690705220525 11.938143832213305
decision_type=2 2 2 10 2 10 2 2 2 2 2 10 2 2
left_child=1 -1 7 5 -5 6 -4 -2 -9 -6 -11 -7 -3 -10
right_child=2 12 3 4 9 11 -8 8 13 10 -12 -13 -14 -15
leaf_value=-0.007203198693715173 -0.032484139362310135 0.0071686909603494806 -0.035153189529559641 0.014423738845558318 -0.064352358290847692 0.0015122428043939471 0.013761682081672196 0.016968149471318684 0.0031988875146851817 -0.030766682372548888 0.014097411949579475 0.035676604427365831 0.031592056647525457 -0.0010541848715555897
leaf_weight=21.101695865392685 8.632894359296186 22.727294981945306 9.4955277871340531 8.5391385061666352 4.2718061581253961 11.252890471601861 6.5922309085726729 33.306488957256079 395.77753118355758 26.068233152385808 5.2015251310076556 10.163471595151348 17.677547151222825 1132.7681555470917
leaf_count=153 68 187 84 56 55 98 66 625 3201 288 42 87 114 14209
internal_value=0.000106276 0.00925748 -0.000234424 -0.00911814 -0.0199734 0.0036406 -0.0151095 0.000227075 0.000407881 -0.0282375 -0.0233038 0.0177255 0.0178542 4.70387e-05
internal_weight=1713.58 61.5065 1652.07 81.5848 44.0807 37.5041 16.0878 1570.49 1561.85 35.5416 31.2698 21.4164 40.4048 1528.55
internal_count=19333 454 18879 776 441 335 150 18103 18035 385 330 185 301 17410
is_linear=0
shrinkage=0.03


Tree=195
num_leaves=15
num_cat=0
split_feature=15 7 17 13 13 3 0 5 13 10 7 10 10 13
split_gain=5.33529 17.6107 14.5305 10.9076 12.6838 11.2267 11.0241 11.4775 10.8757 14.4774 11.3391 9.717 10.5919 9.5987
threshold=0.070769605755869255 15.42538343398915 12.903051362571109 1.5022337324831512 2.5511908880272949 -0.16504620933869449 -0.030397493631900915 -0.24652407561508602 0.80032299658945372 0.17731911749572651 15.674214967822023 0.55349616009666502 0.31647907222475863 0.8812730375777621
decision_type=2 2 2 10 8 2 10 8 10 2 2 2 2 10
left_child=-1 -2 -3 8 5 6 7 -5 9 -4 -10 12 -11 -12
right_child=1 2 3 4 -6 -7 -8 -9 10 11 13 -13 -14 -15
leaf_value=-0.00065221610282103094 0.024790057867181154 -0.02855440749596759 0.053848343319017535 0.010247393968556466 0.033357514283255028 -0.020323373320201475 0.026399121103665438 -0.024865817779801881 -0.020272044429099932 -0.01384644893272415 0.066098296234242002 -0.033367885153177276 0.019348107911718232 0.021025007932372452
leaf_weight=1491.4052652018145 32.325696092098951 14.008276632055638 4.1600681254640213 17.248905196785927 7.3727916658390305 35.77990445215255 12.296372853219507 16.291026271879673 5.2702943198382846 17.757659050170332 4.8512737858109167 8.5614354037679714 16.870471785543486 34.435913853347301
leaf_count=16283 397 103 37 100 89 1216 72 105 56 185 58 139 211 368
internal_value=2.28468e-07 0.00428249 0.000881229 0.00316067 -0.00432582 -0.00772994 0.00210052 -0.00680781 0.0104095 0.000398461 0.0210478 -0.00474989 0.0023256 0.0265908
internal_weight=1718.64 227.23 194.904 180.896 88.989 81.6162 45.8363 33.5399 91.9071 47.3496 44.5575 43.1896 34.6281 39.2872
internal_count=19419 3136 2739 2636 1582 1493 277 205 1054 572 482 535 396 426
is_linear=0
shrinkage=0.03


Tree=196
num_leaves=15
num_cat=0
split_feature=3 13 13 1 6 14 17 2 14 13 6 10 16 14
split_gain=5.89458 13.0395 20.6309 10.268 9.51816 12.9281 7.98387 9.97123 6.83222 6.2379 6.04293 5.47861 5.00567 4.69795
threshold=0.22010090526881179 0.50612836183143661 0.44631055261014796 14.633250998932246 -0.33294521449901499 0.020194696556959553 12.407627132202915 0.52408525300595621 0.063856948432919655 0.64849433734950879 -0.37997972785477485 0.15399664588643799 11.618924617083525 0.46887375907808199
decision_type=2 10 10 2 10 10 2 2 10 10 8 2 2 10
left_child=11 2 8 4 5 -3 9 -8 -2 -6 12 -1 -7 -13
right_child=1 3 -4 -5 6 10 7 -9 -10 -11 -12 13 -14 -15
leaf_value=-0.012906850389178383 0.068113102320576754 0.18096634753306939 0.23698835589609851 -0.025978948503318732 0.068097629331244192 0.074409251461661885 0.11324874411470927 -0.0030443457089915429 -0.030445941993657126 -0.032055615999103282 0.10519906586722683 0.001618775022418981 -0.031048578829904964 -0.0016011260027803148
leaf_weight=29.387257338967174 1.2047118076588956 0.56595484446734134 0.44873824971728016 27.798043014248833 0.60715641616843452 0.55909130978398058 0.95647407323122058 2.1668251189403236 1.3339082309976218 7.1598402531817555 0.61718518845737014 901.063125428278 1.4705999630969016 745.00240391679108
leaf_count=870 96 39 57 3027 58 30 5 278 189 542 38 7809 147 6131
internal_value=-0.000355192 -0.0110837 0.0494719 -0.015401 0.00544868 0.0508236 -0.00793773 0.0325691 0.0163256 -0.0242265 0.0229965 -6.77555e-05 -0.00199955 0.000161461
internal_weight=1720.34 44.8885 2.98736 41.9012 14.1031 3.21283 10.8903 3.1233 2.53862 7.767 2.64688 1675.45 2.02969 1646.07
internal_count=19316 4506 342 4164 1137 254 883 283 285 600 215 14810 177 13940
is_linear=0
shrinkage=0.03


Tree=197
num_leaves=15
num_cat=0
split_feature=5 10 8 16 1 0 12 15 10 15 7 16 2 10
split_gain=6.77104 8.02008 17.4125 7.67216 9.5263 7.25508 7.1864 6.39074 18.0706 11.3266 12.2119 9.11669 10.638 8.84323
threshold=-0.5257321239107744 0.87588365309502436 0.22310041526332203 12.941078485923084 14.026968748662943 -0.54553911895539497 1.5000000000000002 0.0013609023592643002 3.3967127276511078 0.0007399067503030001 14.487182912734733 10.712168105726191 0.37974218749883099 0.63036326287907596
decision_type=8 2 2 2 2 8 2 2 2 2 2 2 2 2
left_child=1 2 -1 4 5 -3 7 8 11 10 -10 -2 13 -13
right_child=6 3 -4 -5 -6 -7 -8 -9 9 -11 -12 12 -14 -15
leaf_value=0.025453836932121453 -0.032046286660305817 0.0080131864708248412 -0.043277145329561534 -0.022870812068513123 0.0096493222735626709 -0.04379401995998098 0.026497010945186018 0.00020135806413258632 0.0063683392314817146 -0.0077628222069463645 0.04714982117114732 0.020165186042035967 -0.016061224317905028 -0.0088015154626457908
leaf_weight=33.114975826814771 18.796216239687055 4.2008394747972488 3.6867283768951884 10.041808698326347 60.372178977355361 5.7802308872342092 8.8249856806360167 1328.9664727787022 72.672925186809152 53.44517659349367 7.2695235207211217 16.200516298413277 75.845980357844383 22.88388054817915
leaf_count=550 122 52 27 90 821 71 63 15193 522 530 66 77 1102 110
internal_value=7.9074e-06 0.00696914 0.0185685 0.00165942 0.00516072 -0.0219894 -0.00050043 -0.000649704 -0.00488397 0.00292889 0.0100768 -0.012677 -0.00950928 0.00320521
internal_weight=1722.1 117.197 36.8017 80.3951 70.3532 9.98107 1604.91 1596.08 267.114 133.388 79.9424 133.727 114.93 39.0844
internal_count=19396 1611 577 1034 944 123 17785 17722 2529 1118 588 1411 1289 187
is_linear=0
shrinkage=0.03


Tree=198
num_leaves=15
num_cat=0
split_feature=3 13 6 6 1 9 5 14 17 15 13 15 1 13
split_gain=6.78991 10.1268 9.2258 8.39647 12.967 6.18687 5.83322 6.11081 9.36615 5.761 4.93857 14.5632 11.397 11.1474
threshold=0.22670577622936153 0.50612836183143661 -0.69312769889166248 0.056763207491622787 14.892939215323009 0.11121652872918492 -0.7388306310588878 0.95887560312342712 11.165957055563476 0.0071590576587044511 1.2054474065229048 0.0016077564791259003 14.042667474850655 0.6903983217689843
decision_type=2 10 8 10 2 2 8 10 2 2 10 2 2 10
left_child=5 3 -3 -2 -5 9 7 -7 -9 -1 12 -12 -8 -14
right_child=1 2 -4 4 -6 6 10 8 -10 -11 11 -13 13 -15
leaf_value=-0.046174826801873375 -0.012824959784315261 0.063974727229210313 -0.019588967054227548 -0.0012769059854128083 0.15730401075653477 0.024454358246199914 0.018904192145974406 0.031650983848016241 -0.041362626262034373 -0.0083663515390742828 -0.009693373276257999 0.00011088462952664372 -0.0049285427869304576 0.0039219159592347886
leaf_weight=4.187422955408695 1.655327347107231 1.2284420155920086 37.110051074530929 0.90444108145311453 0.95310410694219172 16.842961426824335 33.750974301248789 2.7792266532778731 3.6683025695383549 27.107171732466668 162.26704080123454 853.8773229457438 192.25596461305395 383.70219958946109
leaf_count=64 166 56 4048 93 90 382 245 58 66 562 1212 7727 1488 3143
internal_value=-0.000508469 -0.0124444 -0.0169114 0.0363072 0.0800908 -0.000211204 3.95516e-05 0.0149468 -0.00988989 -0.0134254 -0.000173996 -0.00145475 0.00196051 0.000967615
internal_weight=1722.29 41.8514 38.3385 3.51287 1.85755 1680.44 1649.14 23.2905 6.44753 31.2946 1625.85 1016.14 609.709 575.958
internal_count=19400 4453 4104 349 183 14947 14321 506 124 626 13815 8939 4876 4631
is_linear=0
shrinkage=0.03


Tree=199
num_leaves=15
num_cat=0
split_feature=13 6 13 16 15 10 10 6 7 6 10 5 7 7
split_gain=6.31199 10.7222 8.82157 10.4279 12.7397 9.54718 8.70657 7.63687 12.4692 11.1101 9.67692 14.7758 11.6795 10.007
threshold=0.16648269435719201 0.41204353004634325 -0.79249500168716658 14.033920321462674 0.07663325324931082 0.59447530332350862 0.15399664588643799 0.040671451123348808 18.961529602158219 0.034800411411366812 0.21571735902013764 -0.074107067811984048 16.282634827531385 18.412883873614827
decision_type=10 10 8 2 2 2 2 10 2 8 2 10 2 2
left_child=1 2 -1 4 5 -4 -2 9 10 -8 11 12 -9 -12
right_child=6 -3 3 -5 -6 -7 7 8 -10 -11 13 -13 -14 -15
leaf_value=-0.010718831240037363 -0.017881105960427645 -0.021877404754018386 0.0024405829214486341 -0.014117222842603118 0.049852577698050488 0.042410028995320551 -0.0010429967555114425 0.0048916688265107549 0.033496296932115109 -0.028507369037799327 0.0020276009259492249 -0.016150884632271125 0.051035484767429092 -0.022175580724699044
leaf_weight=10.265082416823134 23.46377623360604 8.3900985557120276 18.85315021220595 6.8705707420594981 13.301197029417379 7.5253725890070191 815.22105528507382 8.2093961983919197 11.604959249496458 13.475369865773244 738.60288062994368 7.6654300466179839 12.383694270625709 15.701272247359155
leaf_count=79 873 130 189 85 117 56 9703 54 158 136 7222 319 92 182
internal_value=0.000625287 0.00977964 0.0144545 0.0200057 0.0259141 0.0138432 0.000262714 0.000525042 0.00262727 -0.00148959 0.0021695 0.0194052 0.0326403 0.0015238
internal_weight=1711.53 65.2055 56.8154 46.5503 39.6797 26.3785 1646.33 1622.86 794.168 828.696 782.563 28.2585 20.5931 754.304
internal_count=19395 656 526 447 362 245 18739 17866 8027 9839 7869 465 146 7404
is_linear=0
shrinkage=0.03


Tree=200
num_leaves=15
num_cat=0
split_feature=2 10 5 7 1 1 16 14 6 14 8 3 6 2
split_gain=5.06275 4.88173 5.60365 6.41242 8.83483 18.0079 8.24318 7.77499 9.94468 6.8643 6.52754 6.26211 6.88938 5.2313
threshold=0.78960970268712904 6.2831096700037019 -0.62235652352554149 13.894736164238841 14.009925196147252 13.984460045296293 8.2077697232723938 0.0066331699996506508 -0.26015681162851739 0.070693729649276019 -0.31396098178066006 -0.47173126400776633 -0.1183601750180374 0.39340247520134181
decision_type=2 2 8 2 2 2 2 10 8 10 2 2 10 2
left_child=1 2 -1 7 5 6 -5 -4 10 -8 -9 -10 -13 -14
right_child=-2 -3 3 4 -6 -7 9 8 11 -11 -12 12 13 -15
leaf_value=0.0097690216863307901 -0.03012461351423372 -0.024291240791422884 -0.032195505401686288 0.046162948467318901 0.00023870355358319146 0.058317844556313794 -0.024638977452815809 0.002031986816797767 -0.020898497100487957 0.013742193435188498 -0.03198130731592063 0.030355325014296251 0.010224001475892384 -0.012327701890136968
leaf_weight=55.662888821214437 4.9356985685881218 7.2326246730517587 10.324718666262923 3.312010162509984 1521.1041725308169 7.161594540346413 8.4663154131267238 7.4917634651064899 8.8247585035860521 8.310120312497018 15.761183233931659 8.9350323062390071 22.909237533807755 15.535155382007359
leaf_count=957 1424 73 80 27 15892 77 138 43 80 109 91 57 121 98
internal_value=0.000215064 0.000303097 0.000408116 9.00384e-05 0.000542015 0.017473 0.00291163 -0.00770464 -0.00452228 -0.00562706 -0.0210227 0.00230433 0.00662602 0.00111099
internal_weight=1705.97 1701.03 1693.8 1638.14 1548.35 27.25 20.0884 89.7818 79.4571 16.7764 23.2529 56.2042 47.3794 38.4444
internal_count=19267 17843 17770 16813 16243 351 274 570 490 247 134 356 276 219
is_linear=0
shrinkage=0.03


Tree=201
num_leaves=15
num_cat=0
split_feature=16 14 7 15 5 13 10 3 17 10 9 16 5 2
split_gain=7.09067 9.27462 8.21642 9.33415 8.28445 7.74768 7.70188 11.1177 7.42276 6.66634 6.5323 6.34044 6.08123 5.14346
threshold=11.274119788455563 0.0075396338629919015 13.918606029933132 0.00042794133413210001 -0.4534276409030078 1.2183959207960051 4.8626454656500506 -0.38073218828549116 11.795268267209686 0.3377910150436198 6.030765242778565 10.189917341941426 -0.68900641957778597 0.53805431719799912
decision_type=2 10 2 2 10 10 2 2 2 2 2 2 10 2
left_child=1 5 4 -4 -2 -1 12 10 -9 -3 -8 -7 -5 -11
right_child=2 9 3 6 -6 11 7 8 -10 13 -12 -13 -14 -15
leaf_value=0.013579098880602119 0.0023679161908843789 0.035872530312583993 0.038992599828813562 0.024776807168387496 -0.025943787127152319 -0.042840608595056513 -0.053473077056331406 0.020750269710906096 -0.010533462044662817 0.0039414731109106149 -0.015135212840872178 -0.0071466961030453796 -0.00042006279999719378 0.020992824608929362
leaf_weight=6.940583765506747 15.549992509186266 6.4602461177855721 5.3513747770339242 8.6781436372548324 23.150534688029438 8.3651930815540272 7.3864592909812954 9.058136514388023 27.701492005959153 249.31879390589893 8.7243928462266904 9.640884902328251 1301.6505311785731 17.007453655125573
leaf_count=71 126 40 40 200 174 69 46 56 359 1771 71 83 15872 373
internal_value=-4.6512e-05 0.00415956 -0.000936394 -0.000550912 -0.0145681 -0.0133494 -0.000706144 -0.0119321 -0.00282467 0.00576078 -0.0327123 -0.0237292 -0.000253187 0.00503036
internal_weight=1704.98 297.733 1407.25 1368.55 38.7005 24.9467 1363.2 52.8705 36.7596 272.786 16.1109 18.0061 1310.33 266.326
internal_count=19351 2407 16944 16644 300 223 16604 532 415 2184 117 152 16072 2144
is_linear=0
shrinkage=0.03


Tree=202
num_leaves=15
num_cat=1
split_feature=0 19 13 16 1 16 13 2 6 7 1 16 7 2
split_gain=5.45363 14.3766 20.2685 7.8275 10.4156 10.004 8.10916 7.64083 12.0219 7.52854 14.0704 12.7565 7.51126 8.45244
threshold=0.29624458149865412 0 0.54406602838436202 13.953229123183457 14.56716204432596 12.837472099928211 0.67588396325978339 0.61109913886546485 -0.33294521449901499 17.670436611394098 16.259093463824907 11.460692058684984 16.19263387383684 0.37158260429625606
decision_type=10 1 10 2 2 2 10 2 10 2 2 2 2 2
left_child=-1 2 -2 4 -3 -6 -5 9 -9 10 11 -4 13 -7
right_child=1 3 7 6 5 12 -8 8 -10 -11 -12 -13 -14 -15
leaf_value=-0.00037006463220342912 0.062233199206390061 -0.017781963302264562 0.024065870240297538 0.0043672953945174892 0.018052083034348056 -0.081218613676933657 -0.05009784764926372 0.15841259355122964 -0.030382104727179067 -0.020403894164673423 0.035037426074810425 -0.0012811470418575663 0.015685863731761535 -0.013492963238801219
leaf_weight=1510.2233879840933 6.7639199860859653 24.174126658821478 26.766416002064943 3.9280758628156018 27.112494117114693 2.0275519937276867 6.5839933983515948 0.31814187695272078 6.6198402612935761 6.5521266954019657 20.398263923358172 53.762854852713645 6.058143123285844 9.11200965172611
leaf_count=15634 112 460 161 108 282 10 263 77 1060 95 206 486 71 269
internal_value=0.000246676 0.00489962 0.0108743 -0.00500819 -0.00194237 0.00669916 -0.0297457 0.00878855 -0.0217249 0.0107582 0.0127813 0.00714373 -0.0111989 -0.02582
internal_weight=1710.4 200.178 121.182 78.9964 68.4843 44.3102 10.5121 114.418 6.93798 107.48 100.928 80.5293 17.1977 11.1396
internal_count=19294 3660 2197 1463 1092 632 371 2085 1137 948 853 647 350 279
cat_boundaries=0 1
cat_threshold=336
is_linear=0
shrinkage=0.03


Tree=203
num_leaves=15
num_cat=1
split_feature=16 17 18 8 19 15 4 13 5 1 10 10 10 4
split_gain=5.83915 29.363 11.4151 16.547 10.0982 13.4361 9.03927 8.27847 12.3182 8.99752 8.76561 9.45602 8.51282 8.2008
threshold=12.766923370128087 13.696126551112041 13.091718364944461 -0.31396098178066006 0 0.070769605755869255 0.17832933170249246 1.4065542259918551 -0.36838925278758666 15.720804865147549 0.82097915866767968 0.60816356347522349 0.56536430009113847 -0.19972429882290418
decision_type=2 2 2 2 1 2 2 10 10 2 2 2 2 2
left_child=1 4 3 -2 -1 -6 7 10 12 -10 11 -4 -9 -5
right_child=2 -3 6 13 5 -7 -8 8 9 -11 -12 -13 -14 -15
leaf_value=-0.0090581926231317871 -0.049715202653522854 0.070631030937099298 0.0023235828947553118 -0.019557780965100625 0.00075488675614992324 0.020739089010148596 -0.025900428026901123 0.021928652067165127 0.029783239942967856 -0.0066999836457687515 -0.013673901506291282 0.019618358305393321 -0.00592182936599547 -0.0023156290331456417
leaf_weight=80.17216479126364 9.2210601123515499 5.4019406412262461 282.12850668234751 36.78887302428484 755.16144938813522 31.543727822136134 13.031606923323123 26.012681860476732 6.2080785129219285 304.03844111273065 27.238947721198201 31.643793679773808 15.924420036375521 76.351156044285744
leaf_count=762 65 59 2684 190 6971 340 2091 213 96 3656 188 243 142 1561
internal_value=-0.000808654 0.000904524 -0.00261217 -0.0110716 0.000470023 0.00153664 -0.00114648 -0.00068112 -0.00390715 -0.00596995 0.0026506 0.00406775 0.0113532 -0.00792213
internal_weight=1700.87 872.279 828.588 122.361 866.877 786.705 706.226 693.195 352.184 310.247 341.011 313.772 41.9371 113.14
internal_count=19261 8132 11129 1816 8073 7311 9313 7222 4107 3752 3115 2927 355 1751
cat_boundaries=0 1
cat_threshold=136
is_linear=0
shrinkage=0.03


Tree=204
num_leaves=15
num_cat=0
split_feature=2 11 5 13 14 14 13 18 10 13 15 15 16 13
split_gain=4.78212 4.47912 6.78596 7.51344 16.2558 4.91256 7.77295 4.72829 9.57489 8.7666 9.74203 8.02601 6.92708 6.80723
threshold=0.78960970268712904 6.5000000000000009 -0.6082214470242594 0.83367156093807526 0.038087195767903904 0.99991832796946301 1.3123741634459674 11.409839676545973 0.99362785465119419 1.1427515564221469 0.0030424800298095504 0.00042794133413210001 11.161853183679858 2.4312048120244234
decision_type=2 2 8 10 8 10 10 2 2 10 2 2 2 10
left_child=1 -1 3 4 -3 -5 -7 8 12 -10 -11 -9 -4 -13
right_child=-2 2 7 5 -6 6 -8 11 9 10 -12 13 -14 -15
leaf_value=-0.022943593211435687 -0.030150945214323793 -0.053394451754602876 0.018719350684958429 0.022038113353383772 0.012852523129436126 0.020167861715670594 -0.028812102995153271 0.021264948992202784 0.0017875080265497532 -0.012772573451420547 -0.045909601857553758 -0.0009023678029071629 -0.010788009954913698 0.0067828837386037849
leaf_weight=7.7920894213020793 4.8274553541559717 4.9029652364551994 17.299914162606004 32.599675701931119 10.415146680548787 6.9316548854112607 5.033557016402483 15.623228309210388 19.400298412889242 25.666758444160223 11.590602764859794 1432.5210444692057 12.216727116145192 111.82543748314492
leaf_count=80 1415 96 114 556 189 106 52 98 126 147 67 15096 95 1181
internal_value=-0.000334109 -0.000250121 -0.000146471 0.00977363 -0.00835157 0.0160037 -0.000437159 -0.000507342 -0.00734817 -0.0145659 -0.0230814 -0.000129448 0.00650646 -0.000345882
internal_weight=1718.65 1713.82 1706.03 59.883 15.3181 44.5649 11.9652 1646.14 86.1743 56.6577 37.2574 1559.97 29.5166 1544.35
internal_count=19418 18003 17923 999 285 714 158 16924 549 340 214 16375 209 16277
is_linear=0
shrinkage=0.03


Tree=205
num_leaves=15
num_cat=1
split_feature=13 14 1 9 5 16 15 10 1 6 5 19 15 3
split_gain=7.05744 11.7648 13.1092 15.8823 12.2884 13.1521 11.0861 10.685 10.5143 20.1128 14.7534 14.4305 13.5018 13.0793
threshold=1.1711391361284702 0.46887375907808199 13.984460045296293 0.56396093965853222 -0.050165928588766499 13.729988299537611 0.05129537603388231 0.37613869987571735 17.43320639887251 -0.022040050546734521 -0.3298570546766334 0 0.18706976612421733 -0.19001039585822169
decision_type=10 10 2 2 10 2 2 2 2 10 10 1 2 2
left_child=-1 2 7 4 8 -6 -5 -2 11 10 -10 -4 13 -12
right_child=1 -3 3 6 5 -7 -8 -9 9 -11 12 -13 -14 -15
leaf_value=0.0033652773060337455 0.022833332017148406 -0.0043306946044415337 -0.0083741217289753193 0.0075248750329338218 0.00067427458720929951 -0.024775769341013595 0.037603015540600249 -0.024399708017278872 0.034241215397387073 0.030395578882596714 0.028278655623367104 0.0065548895562465761 -0.035425065018447159 -0.020768368081953991
leaf_weight=615.165491491789 5.1415145390201387 455.3011190018151 114.37791460845619 227.83515940047801 36.775434567127377 36.327874500770122 11.589522307272999 26.66896155080758 8.0733047779649478 30.162237194366753 10.067153640091417 100.28213980887085 12.543358303606508 9.5212398301810044
leaf_count=6641 78 5398 807 1948 1047 1551 101 301 67 250 50 756 150 134
internal_value=0.000798466 -0.000657293 0.00200015 0.00299913 -0.000999883 -0.0119728 0.00898083 -0.0167655 0.00181444 0.0118782 -0.00201379 -0.00148453 -0.0111231 0.0044386
internal_weight=1699.83 1084.67 629.366 597.555 358.131 73.1033 239.425 31.8105 285.027 70.3673 40.2051 214.66 32.1318 19.5884
internal_count=19279 12638 7240 6861 4812 2598 2049 379 2214 651 401 1563 334 184
cat_boundaries=0 1
cat_threshold=560
is_linear=0
shrinkage=0.03


Tree=206
num_leaves=15
num_cat=2
split_feature=5 10 15 19 1 4 5 8 8 4 1 10 1 19
split_gain=5.64007 9.24723 9.50053 6.93799 8.69909 5.93921 5.59203 6.83656 5.51633 9.14957 6.13483 5.27161 10.7035 21.4707
threshold=-0.5257321239107744 0.87588365309502436 0.0010342628514742002 0 13.956689329189887 -0.47510833649677953 -0.50460512246659917 -0.33474748043457753 -0.65164811075348694 -0.52063808824179492 15.251121074317018 0.41482578076787008 16.409983984272774 1
decision_type=8 2 2 1 2 2 10 2 2 2 2 2 2 1
left_child=1 2 -1 4 -3 -5 7 -2 -6 10 -10 -8 -13 -14
right_child=6 3 -4 5 8 -7 11 -9 9 -11 -12 12 13 -15
leaf_value=-0.016033850238087281 -0.040932994920798618 -0.049195289463713085 0.025735977499203921 0.029743765097874762 0.01053230428923735 -0.00040551648117661545 -0.0027951565535247031 -0.0037446188282646456 -0.01542348468538942 -0.002132016337934028 -0.072571777819943492 -0.00059899930675570993 -0.010486534838973374 0.012014885365643154
leaf_weight=5.8542176410555831 6.7445403619203743 3.9431964829564086 30.091204522177577 13.180420277640225 17.783047832548618 10.617693662643431 530.15660300129093 13.071923550218342 3.7611445859074584 26.218636058270931 3.0709444396197796 833.6640322569292 42.949481481919065 153.79136176523753
leaf_count=62 72 50 523 263 295 103 7558 87 66 207 39 8185 377 1403
internal_value=-9.95651e-05 0.00632924 0.0189332 0.000563372 -0.00530223 0.0114719 -0.000565422 -0.0164017 -0.00294048 -0.0101896 -0.041111 -0.000364329 0.000886364 0.0071804
internal_weight=1694.9 114.521 35.9454 78.5751 54.777 23.7981 1580.38 19.8165 50.8338 33.0507 6.83209 1560.56 1030.4 196.741
internal_count=19290 1608 585 1023 657 366 17682 159 607 312 105 17523 9965 1780
cat_boundaries=0 1 2
cat_threshold=792 544
is_linear=0
shrinkage=0.03


Tree=207
num_leaves=15
num_cat=0
split_feature=14 13 6 13 14 9 1 5 13 15 16 15 1 6
split_gain=6.06195 12.097 13.6444 9.06812 12.236 8.90408 8.0461 28.3809 20.9697 14.569 12.958 16.3809 21.3234 12.5501
threshold=0.45688129504937697 1.4250699967266707 1.4695755927370795 1.3720686065195673 0.99145618450092965 0.83328031203563446 17.401386256005559 -0.12324143409127424 2.5511908880272949 0.04678525644080516 12.941078485923084 0.30827391359063677 15.131729331162679 -0.077128779917360488
decision_type=10 10 10 10 10 2 2 10 8 2 2 2 2 10
left_child=6 2 3 -2 5 -5 10 9 -9 -8 11 12 -1 -11
right_child=1 -3 -4 4 -6 -7 7 8 -10 13 -12 -13 -14 -15
leaf_value=-0.00013510853409478529 -0.0023931310991340176 -0.008836621272853059 0.025838110744944222 -0.017262496021158619 0.02387841221943892 0.018294159119515582 0.039687600464644285 -0.020952945580242931 0.059309193749043927 -0.0098212721808299524 -0.0048939720292799221 -0.044609618517920245 0.01357543513465658 0.023963158034760606
leaf_weight=380.36923866230063 496.19397177780047 200.83284292975441 17.458018546691164 17.160637556109581 29.000977550400421 10.051059034885837 23.528466905467212 30.227532349294052 3.2440389655530444 16.822242584079504 295.51062998617999 6.436533886473625 139.54544984619133 24.034616077318788
leaf_count=3844 5499 2477 158 233 321 84 155 844 35 153 4032 50 1216 190
internal_value=-0.00054289 -0.00250542 -0.000274166 -0.00109941 0.0103204 -0.0041291 0.00110165 0.00923352 -0.013174 0.0208824 0.000133413 0.00295595 0.00354481 0.0100529
internal_weight=1690.42 770.698 569.865 552.407 56.2127 27.2117 919.719 97.8569 33.4716 64.3853 821.862 526.351 519.915 40.8569
internal_count=19291 8772 6295 6137 638 317 10519 1377 879 498 9142 5110 5060 343
is_linear=0
shrinkage=0.03


Tree=208
num_leaves=15
num_cat=0
split_feature=2 10 2 7 15 10 13 9 10 0 15 14 7 13
split_gain=5.94338 4.76606 10.992 5.58396 11.5786 10.998 6.15494 7.26875 9.39649 11.8162 11.5933 7.07007 14.5008 8.2051
threshold=0.70461060424620792 0.26431759058816051 0.37363456114176524 19.568690805003488 0.37023713926871232 0.18090526875698743 1.2757070733497684 0.087380035205977966 0.17731911749572651 -0.10472259558661377 0.018639655776819152 0.12783023256518208 15.674214967822023 1.0663484182620906
decision_type=2 2 2 2 2 2 10 2 2 10 2 10 2 10
left_child=1 2 -1 6 5 -5 7 -4 9 -9 -11 12 -10 -13
right_child=-2 -3 3 4 -6 -7 -8 8 11 10 -12 13 -14 -15
leaf_value=0.016511962416954531 -0.02371730707541788 0.0009126500995430783 -0.039130533284218019 -0.031857573123068347 0.088936985406717392 0.066929264593693957 -0.012970810883889357 -0.0046998278381589998 -0.010176293279168535 0.004244079468084673 0.075500339738081915 -0.022100077140883266 0.037954572088041386 0.020136484140430552
leaf_weight=20.778631716966629 9.2873516073450428 1513.2560520963743 4.320750235579907 3.4382855291478327 1.6637215428054331 1.4386787312105296 89.837892052019015 8.3752525360323506 16.044452621601526 3.5406736354343575 4.8972509186714888 24.644595153164122 8.6820888430811447 4.9751891437917939
leaf_count=135 2441 13513 49 174 34 22 2113 80 186 82 72 330 80 82
internal_value=0.000216579 0.000346881 -0.00409749 -0.00658929 0.0205973 -0.00271598 -0.0076649 -0.00134972 0.000944302 0.0205439 0.0456002 -0.00511926 0.00672362 -0.0150057
internal_weight=1715.18 1705.89 192.637 171.859 6.54069 4.87696 165.318 75.4803 71.1595 16.8132 8.43792 54.3463 24.7265 29.6198
internal_count=19393 16952 3439 3304 230 196 3074 961 912 234 154 678 266 412
is_linear=0
shrinkage=0.03


Tree=209
num_leaves=15
num_cat=0
split_feature=14 0 7 5 9 7 14 14 9 6 14 9 9 9
split_gain=6.27518 7.75434 11.9778 7.48481 5.80272 6.68645 5.18593 11.3793 10.9524 11.9355 10.8716 13.3002 17.1611 12.9023
threshold=0.0080109797494934513 -0.63922467601851662 13.715879865935301 -0.1693474511086295 0.40034658712868249 14.033114424866884 0.097291733669550809 0.045321000132977705 0.36072923932633433 -0.046125917473613269 0.029008705588273554 0.33570652587771194 0.83328031203563446 1.209190390846248
decision_type=8 10 2 10 2 2 10 8 2 10 10 2 2 2
left_child=1 -1 -3 4 -4 -6 7 10 9 -9 -2 -12 -13 -14
right_child=6 2 3 -5 5 -7 -8 8 -10 -11 11 12 13 -15
leaf_value=0.025623364991148576 0.0035558653990834803 -0.053284893887785123 -0.015155619692840312 -0.019770786271760547 -0.010033489389247379 0.021714196638738199 -0.00095540589544775543 -0.01158488642254899 0.014266951821449977 0.011850270920310867 0.0091939087427426649 -0.025919077329995144 0.035842930992656945 -0.0082047503073234256
leaf_weight=5.5169349554926148 179.86730223079212 5.6306301429867736 13.352948930114506 27.074599195970222 9.7921180315315741 15.298465313389896 1149.3004531045444 40.51948006846942 115.21157415071502 37.810208780923858 28.754917233483866 48.624558468814939 7.766076205065473 26.096709856996313
leaf_count=80 1805 43 95 520 71 94 13381 468 1142 481 405 474 76 215
internal_value=-0.00025147 -0.00863983 -0.0112966 -0.00768816 0.000821271 0.00932401 0.000142115 0.00274478 0.00838253 -0.000272596 -0.00100343 -0.00837534 -0.0144999 0.00189713
internal_weight=1710.62 76.6657 71.1488 65.5181 38.4435 25.0906 1633.95 484.651 193.541 78.3297 291.11 111.242 82.4873 33.8628
internal_count=19350 903 823 780 260 165 18447 5066 2091 949 2975 1170 765 291
is_linear=0
shrinkage=0.03


Tree=210
num_leaves=15
num_cat=1
split_feature=19 15 10 13 10 10 10 13 5 1 3 10 15 6
split_gain=5.48637 8.5208 10.6094 7.14169 8.45535 11.2877 7.19502 10.3558 13.6981 10.0273 6.63583 6.34856 11.7896 24.7112
threshold=0 0.023281645790753851 3.4175451137195485 1.477967089456443 0.24561605944220122 0.32158327591541108 0.55349616009666502 0.84320146941972907 -0.15596121772281937 15.388852262560654 -0.21951380150862668 0.31647907222475863 0.14300789068004352 -0.15682012895448003
decision_type=1 2 2 10 2 2 2 10 8 2 2 2 2 10
left_child=1 2 -1 4 -3 -6 7 -7 -9 -8 -5 12 -2 -14
right_child=11 3 -4 10 5 6 9 8 -10 -11 -12 -13 13 -15
leaf_value=0.03424826857906383 -0.0082074779608314712 0.036946447540125375 -0.0027422277363138318 0.0069285393160034778 -0.023463264372852236 0.045201171546398779 0.026521145137468061 0.035731509161624223 -0.03021848015732622 -0.026032682519477771 -0.010933957521168066 0.00019768551082642311 -0.033646275633505821 0.016644990945936466
leaf_weight=17.993408724665645 208.52558190468699 9.0127523071132583 11.399384903488679 31.250410817563534 9.7469232960138452 10.453722967300566 5.5832760932389629 5.8570711240172386 5.4925180638674629 7.8780447139870375 46.673026209929958 1288.9229756298009 10.840777975274248 46.557472953107208
leaf_count=167 3529 70 82 184 78 122 61 29 72 94 689 13240 194 807
internal_value=-0.00011198 0.00498593 0.0199023 0.00204102 0.0104233 0.00511248 0.0130106 0.0236582 0.00381568 -0.00423523 -0.00377038 -0.000668737 -0.0048934 0.00714651
internal_weight=1716.19 161.341 29.3928 131.948 54.0243 45.0116 35.2646 21.8033 11.3496 13.4613 77.9234 1554.85 265.924 57.3983
internal_count=19418 1648 249 1399 526 456 378 223 101 155 873 17770 4530 1001
cat_boundaries=0 1
cat_threshold=17
is_linear=0
shrinkage=0.03


Tree=211
num_leaves=15
num_cat=0
split_feature=2 0 5 13 0 13 17 2 0 6 4 4 13 2
split_gain=5.91292 4.97059 5.38691 4.92337 13.6433 8.69394 19.842 17.8399 13.6403 26.451 10.7518 9.26776 7.04344 6.72538
threshold=0.63600153816814464 1.2993876769189603 1.0979494752932533 2.4126618842427692 0.15369714061076636 2.302896958277175 14.516848323042341 0.36737208703001478 1.0000000180025095e-35 -0.084638914402125884 -0.2563515530444096 -0.20632589513072444 2.3719573560516269 0.47050387914826325
decision_type=2 10 10 8 10 10 2 2 10 10 2 2 10 2
left_child=1 2 3 5 -5 -1 7 10 9 11 12 -8 -7 -6
right_child=-2 -3 -4 4 13 6 8 -9 -10 -11 -12 -13 -14 -15
leaf_value=-0.00021893839124352007 -0.016241225472084925 0.013783862498201868 -0.028261065993320952 0.0093315929465189427 -0.024365295616900654 0.0015547753077032487 0.021736590545097047 -0.0055612765860454799 -0.026361362133436112 0.047138404243468129 -0.055598360001730976 -0.035461116630644759 -0.040497731765210772 0.01109330540515141
leaf_weight=1407.3126412183046 21.043814541306347 22.443829470314085 6.2355176596902302 116.63851426355541 18.440461654216055 7.4791913181543368 4.0037195198237887 39.279943984467536 7.2739445753395549 14.317803191952406 13.919970765709875 7.0194485052488771 6.8839761503040791 6.5149155650287858
leaf_count=13088 3704 166 62 1100 105 72 24 325 181 134 63 113 62 146
internal_value=-0.000437729 -0.00023951 -0.000429647 -0.000324411 0.00502414 -0.000826784 -0.00936587 -0.0186423 0.00985062 0.020245 -0.0368094 -0.0146864 -0.0186001 -0.0151084
internal_weight=1698.81 1677.76 1655.32 1649.08 141.594 1507.49 100.178 67.5631 32.6149 25.341 28.2831 11.0232 14.3632 24.9554
internal_count=19345 15641 15475 15413 1351 14062 974 522 452 271 197 137 134 251
is_linear=0
shrinkage=0.03


Tree=212
num_leaves=15
num_cat=1
split_feature=15 1 16 16 19 15 13 5 10 10 6 13 17 0
split_gain=7.47606 5.33478 13.8476 11.5483 10.4955 10.0557 9.21055 19.1488 13.3022 12.8151 11.0536 13.7012 25.6638 23.022
threshold=0.00039683486313815008 16.022789845627432 13.34158125021939 12.897650909693498 0 0.067801493518262326 1.4467436598916679 -0.30766015734381014 0.83278759878752229 0.92919218111086188 -0.1065002382886847 1.8740778366262527 14.68476412066863 0.22702862539352767
decision_type=2 2 2 2 1 2 10 10 2 2 10 10 2 8
left_child=-1 3 -3 4 5 -2 8 -8 -4 10 -9 -12 -13 -14
right_child=1 2 6 -5 -6 -7 7 9 -10 -11 11 12 13 -15
leaf_value=0.01267787034732063 0.0020505730460607728 0.012259266626166864 0.0052532048758400828 -0.0090720721219967725 -0.0030225789279584034 0.019622680756355836 0.011072094333849902 -0.020101571077147912 -0.021852848132024118 0.048839807424453013 -0.016187938612496532 -0.014209539310443536 0.024260064229859764 -0.042483897210007435
leaf_weight=38.520394629565999 268.3641969836317 91.551262495806441 257.97135114320554 174.08131254441105 554.15518600889482 32.902743971440941 58.183741176500916 60.425493055256084 17.392790201120079 3.4757309523411086 59.751935463165864 44.873472099192441 43.862895715748891 5.2028794679790726
leaf_count=296 2495 767 3160 2911 5309 381 406 1039 156 30 1158 435 628 205
internal_value=-0.000388861 -0.000689864 0.00145475 -0.00202869 -0.000595335 0.00384217 -0.000340017 -0.00421534 0.00354111 -0.00830317 -0.00923077 -0.00495678 0.00218702 0.0171826
internal_weight=1710.72 1672.19 642.692 1029.5 855.422 301.267 551.14 275.776 275.364 217.592 214.117 153.691 93.9392 49.0658
internal_count=19376 19080 7984 11096 8185 2876 7217 3901 3316 3495 3465 2426 1268 833
cat_boundaries=0 1
cat_threshold=563
is_linear=0
shrinkage=0.03


Tree=213
num_leaves=15
num_cat=0
split_feature=0 10 13 6 13 16 15 10 4 1 6 2 13 6
split_gain=4.82534 6.08521 5.78244 10.1097 9.09289 8.6839 10.9727 10.4365 6.22163 11.6614 21.6989 7.78903 19.3546 9.58306
threshold=1.2993876769189603 3.8916175443912997 0.16648269435719201 0.40085918153420425 -0.79249500168716658 14.033920321462674 0.07663325324931082 0.17091468784394903 0.19904868457264871 13.903941758394749 -0.31040055701459662 0.61965264709194801 0.71337583802111737 0.11523292621028504
decision_type=10 2 10 10 8 2 2 2 2 2 10 2 10 10
left_child=2 -2 3 4 -1 6 7 -6 11 10 -10 -4 -13 -14
right_child=1 -3 8 -5 5 -7 -8 -9 9 -11 -12 12 13 -15
leaf_value=-0.012202049337418005 0.020266138137113251 -0.015974738383725429 -0.00083949445447406611 -0.024439766316965518 -0.03014230407444975 -0.012778652982189033 0.046442751656224385 0.020939475742251114 0.24148201392134641 -0.021896175699080131 -0.031001208423132875 0.15589915081650091 -0.015517427838776592 0.067561818661418721
leaf_weight=10.859186639077961 19.892270532902334 5.2757685680408022 1573.2254301733337 7.5399936332833013 4.2893649227917221 6.894905067048966 12.881675246637313 22.38753719208762 0.44004657468758523 20.682078529614955 0.65385392587632185 0.96418276848271389 3.9572857446037233 1.8262328556738792
leaf_count=84 466 69 14248 98 41 84 108 202 35 3358 81 54 308 112
internal_value=-0.000368586 0.0126693 -0.000565476 0.00821654 0.0125128 0.0182902 0.0237054 0.0127261 -0.000921048 -0.0168472 0.0786114 -0.000701545 0.0314614 0.0107161
internal_weight=1691.77 25.168 1666.6 64.8527 57.3127 46.4535 39.5586 26.6769 1601.75 21.776 1.0939 1579.97 6.7477 5.78352
internal_count=19348 535 18813 617 519 435 351 243 18196 3474 116 14722 474 420
is_linear=0
shrinkage=0.03


Tree=214
num_leaves=15
num_cat=1
split_feature=16 1 13 6 2 6 1 13 0 19 13 6 5 7
split_gain=5.80613 19.7369 13.8575 12.7285 14.4398 13.8817 9.65067 9.79449 8.48244 14.4537 14.7246 13.2686 10.853 8.71001
threshold=14.843194933206492 17.401386256005559 1.8358697741086158 0.3231796558218652 0.37974218749883099 0.053427950486814819 17.775742380006822 1.8547579662330922 0.28358187439726729 0 0.54406602838436202 1.3488708403976082 0.064101074724379661 16.117491599477173
decision_type=2 2 10 10 2 10 2 8 10 1 10 10 8 2
left_child=1 8 -3 5 -5 -2 7 -7 -1 10 -10 -11 13 -12
right_child=3 2 -4 4 -6 6 -8 -9 9 11 12 -13 -14 -15
leaf_value=-0.00077326717628274449 -0.0084354771262527654 0.0049475833068317763 0.037303101616624396 -0.05116843246631473 -0.0077073660973670972 -0.025974261846258399 0.019449683808220819 0.023048676349323338 0.047556600788557432 0.0021019383213496702 0.014335913831762057 -0.029086246630704981 0.0022868039531960494 0.047771858721371435
leaf_weight=1280.6558392497245 90.607805705629289 26.233401234028861 21.824080954538658 10.494284242391588 19.97850553621538 10.287039554212241 36.554155624704435 5.7005774993449441 9.6789194243028742 41.563492078101262 35.494453078135848 17.423343152040616 76.816126873949543 8.7380578219890577
leaf_count=12500 1862 209 182 56 369 214 529 96 149 895 211 202 1762 56
internal_value=0.000127841 0.000722083 0.019641 -0.00506915 -0.0226746 -0.00132142 0.0109467 -0.00849454 0.000103738 0.00602391 0.0111012 -0.00607965 0.0091033 0.0209411
internal_weight=1692.05 1518.43 48.0575 173.622 30.4728 143.15 52.5418 15.9876 1470.37 189.714 130.728 58.9868 121.049 44.2325
internal_count=19292 16166 391 3126 425 2701 839 310 15775 3275 2178 1097 2029 267
cat_boundaries=0 1
cat_threshold=472
is_linear=0
shrinkage=0.03


Tree=215
num_leaves=15
num_cat=0
split_feature=4 7 11 17 1 7 2 9 0 16 3 4 16 17
split_gain=4.61408 5.29924 13.0638 4.64367 8.61895 8.13437 7.87137 7.59236 6.06518 10.7245 5.89591 7.53514 5.70119 10.5346
threshold=-0.46149559520774303 14.881925054582391 10.500000000000002 11.236677132588083 13.939884659780089 13.84509505720259 0.39752927561195822 0.49586004576327697 0.34710572341754248 14.432309868117953 -0.28916295743739973 -0.1074168084553702 11.643240264826829 11.759219755196581
decision_type=2 2 2 2 2 2 2 2 10 2 2 2 2 2
left_child=1 -1 -3 4 6 -6 -2 -7 -5 12 -11 -12 -10 -14
right_child=3 2 -4 8 5 7 -8 -9 9 10 11 -13 13 -15
leaf_value=0.015695844975335681 0.017735535565285173 -0.043211538136910865 0.01150480827471646 -0.00019598734990587262 -0.028164302151352016 -0.030573942600966162 -0.012832532974215246 -0.0027775696300899699 0.020356155047334692 -0.071779803468277253 0.057237271686767489 -0.017934809918424478 -0.021833089022410185 0.0090174165470849298
leaf_weight=35.413900412619114 23.398970887064934 5.4486944898962983 14.063113391399384 1351.9059198843315 17.386444002389908 9.9161816202104074 11.215466344263403 81.78449440933764 30.666724318172783 1.5952261015772808 1.3227212131023396 12.946638072375206 11.210328565444796 89.438799930037931
leaf_count=625 138 71 288 14421 122 56 78 520 313 9 6 586 87 1992
internal_value=0.000225781 0.0087791 -0.00377479 -6.01941e-05 -0.00521181 -0.00935047 0.00783114 -0.00578337 0.000433637 0.00621697 -0.0170815 -0.0109666 0.00903172 0.00558128
internal_weight=1697.71 54.9257 19.5118 1642.79 143.702 109.087 34.6144 91.7007 1499.09 147.18 15.8646 14.2694 131.316 100.649
internal_count=19312 984 359 18328 914 698 216 576 17414 2993 601 592 2392 2079
is_linear=0
shrinkage=0.03


Tree=216
num_leaves=15
num_cat=1
split_feature=10 19 14 13 0 14 15 13 13 7 14 8 8 13
split_gain=6.92001 10.17 10.827 10.8069 11.7462 14.0737 8.96053 21.4395 12.6302 10.7536 11.1874 9.54647 9.48378 9.25664
threshold=0.41234441685419321 0 0.95239966751067351 0.93705000983645037 0.16637311756008835 0.044323680214621554 0.073382021487406413 1.5510797328823471 2.0079069389152111 15.467806281564048 0.32603663766125218 -0.04065813335719954 0.035206758875814204 0.46437515433099441
decision_type=2 1 10 10 8 10 2 10 10 2 10 2 2 8
left_child=6 2 3 4 5 -2 13 9 -9 -8 12 -12 -11 -1
right_child=1 -3 -4 -5 -6 -7 7 8 -10 10 11 -13 -14 -15
leaf_value=-0.020666736766819745 -0.053816770814600116 0.0023611365182403363 -0.038813928433358909 -0.00081200553929629 0.0070381987751395019 0.0022859226067594722 0.033671285215010567 -0.029371912324769836 -0.0012604076805857361 -0.0050665230226796636 0.055169196736228075 0.00029144346690666107 0.026315490024826905 -0.0040639215299949167
leaf_weight=33.122357464628294 12.097843864699827 968.07854202459566 8.2755109465215337 161.16851506754756 8.8311978152487445 6.0300886244513086 18.554969552205876 19.548545733792707 54.447545891744085 40.544768400257453 7.3275686632841825 4.6719243989791703 11.023200807394458 345.22090412746184
leaf_count=375 116 9822 81 1505 111 53 170 538 930 323 71 113 183 4963
internal_value=-0.000196041 0.00110107 -0.00497668 -0.00375275 -0.0213333 -0.0351547 -0.00302218 0.0030249 -0.008687 0.0135779 0.00771271 0.0338029 0.00164172 -0.00551743
internal_weight=1698.94 1164.48 196.403 188.128 26.9591 18.1279 534.462 156.119 73.9961 82.1224 63.5675 11.9995 51.568 378.343
internal_count=19354 11688 1866 1785 280 169 7666 2328 1468 860 690 184 506 5338
cat_boundaries=0 1
cat_threshold=648
is_linear=0
shrinkage=0.03


Tree=217
num_leaves=15
num_cat=1
split_feature=19 10 7 6 7 4 6 1 9 7 10 6 8 6
split_gain=4.8253 9.05635 8.6225 16.1269 11.0425 8.72771 8.35684 7.64629 9.42284 9.11337 17.8559 14.2866 14.1586 10.3515
threshold=0 0.27233900080947904 15.889353460123793 0.90853547664890444 15.943469528052606 0.15689661013985526 -0.21310773467390901 14.104376933044108 1.0416059793479826 15.804624916679751 0.55349616009666502 -0.1097621777525201 -0.046385433801113089 -0.3002987317400273
decision_type=1 2 2 10 2 2 10 2 2 2 2 10 2 8
left_child=7 6 -3 4 -4 -6 -2 8 -1 -9 11 12 -11 -14
right_child=1 2 3 -5 5 -7 -8 9 -10 10 -12 -13 13 -15
leaf_value=0.003252520677350186 -0.033312113078759087 -0.0014345345125140563 0.027551140681006399 0.030170054753388457 0.0022599857460452936 -0.028241975083019004 -0.0056759706913711728 0.0093382917669782572 -0.023764568571476113 -0.029083797732339225 -0.025606170843266326 0.010981486294949865 -0.041410526758802683 0.026934416520488721
leaf_weight=28.822498503839597 10.733773566782473 791.8638130556792 15.302092479541896 20.077326944796368 356.99731884524226 8.6473224044311774 119.27738050802145 190.97890580911189 19.464692265260965 19.167534067761157 21.980187952518463 77.069638916407712 2.5285255906637758 9.4434620563406479
leaf_count=345 245 8026 169 198 3012 1227 2441 1945 157 156 261 935 59 185
internal_value=0.000419336 -0.000435607 0.000380555 0.00396464 0.00258351 0.00153863 -0.00795762 0.00340036 -0.00763814 0.00516586 -0.00095482 0.00405253 -0.0130965 0.0124997
internal_weight=1692.35 1322.9 1192.89 401.024 380.947 365.645 130.011 369.455 48.2872 321.168 130.189 108.209 31.1395 11.972
internal_count=19361 15318 12632 4606 4408 4239 2686 4043 502 3541 1596 1335 400 244
cat_boundaries=0 1
cat_threshold=51
is_linear=0
shrinkage=0.03


Tree=218
num_leaves=15
num_cat=0
split_feature=4 10 5 17 1 3 5 12 14 17 10 10 7 13
split_gain=6.63295 6.36044 4.82332 7.27892 7.0026 5.02129 4.37692 4.32477 4.0434 9.29916 14.2651 10.5374 12.5684 21.112
threshold=-0.58423173546621499 6.2831096700037019 1.0394538015300225 12.329566962206814 14.581025644951234 -0.20005688765229665 1.7750018172436075 1.5000000000000002 0.12217325918785275 11.201472169399095 3.4378846319494865 0.3407270700790847 16.323930064246955 2.5037518716525256
decision_type=2 2 8 2 2 2 10 2 10 2 2 2 2 10
left_child=-1 2 7 4 5 -4 -7 8 -2 10 -10 -11 -13 -14
right_child=1 -3 3 -5 -6 6 -8 -9 9 11 -12 12 13 -15
leaf_value=0.016997110984336618 0.0019902225020828447 -0.03252251373009328 -0.052322946619725502 -0.035655423579478158 0.036129008350058577 -0.018298063643275356 0.04182654676247987 0.020385117410414665 -0.03073852845831573 -0.0065699343170390872 -0.0010123614562286068 -0.0013609920620077786 0.0053461046218852984 0.05889100453150075
leaf_weight=20.567236859351397 596.79017547576223 5.4424814903177312 2.2765739113092422 8.5272052382351813 3.5244988012127578 3.3012055833823997 1.626640480244532 9.438073580618946 23.589256638661027 198.79483160201926 37.828596921637654 545.96764490450732 234.70477776532061 6.8198566937353453
leaf_count=478 5906 61 11 839 35 105 59 78 145 3623 271 5346 2339 59
internal_value=6.37913e-05 -0.000143682 -3.83617e-05 -0.0149662 0.00147738 -0.0154747 0.00154856 0.000135437 1.92204e-05 -0.0011035 -0.0124295 -0.000398203 0.00115979 0.00685804
internal_weight=1699.2 1678.63 1673.19 19.2561 10.7289 7.20442 4.92785 1653.93 1644.5 1047.7 61.4179 986.287 787.492 241.525
internal_count=19355 18877 18816 1049 210 175 164 17767 17689 11783 416 11367 7744 2398
is_linear=0
shrinkage=0.03


Tree=219
num_leaves=15
num_cat=1
split_feature=11 4 0 19 8 14 2 7 15 5 1 1 14 10
split_gain=4.76658 5.62739 5.40717 8.58388 7.553 7.86785 10.8944 8.78317 24.2004 10.9632 7.88571 11.157 7.69495 7.66695
threshold=6.5000000000000009 -0.58423173546621499 -0.51434591322391465 0 0.35490016805166574 0.051093688327306507 0.38382300579169093 16.206871249225131 0.0083522900867233508 -0.057056492630815074 14.677986164458167 14.56716204432596 0.042059183361080103 0.76278284679748054
decision_type=2 2 10 1 2 10 2 2 2 8 2 2 10 2
left_child=-1 -2 3 -3 -4 12 -7 10 9 -9 11 -8 13 -6
right_child=1 2 4 -5 5 6 7 8 -10 -11 -12 -13 -14 -15
leaf_value=-0.023888518453221187 0.017449767636142869 -0.01439794173883832 0.00013164159492544354 0.0053230900212822112 -0.026542272733378568 0.041332476997306938 -0.0037667688624399747 0.053130572632310288 -0.0028004361535948199 0.22091836331232564 -0.025790647346463476 0.08656752519125438 0.083091247082077338 0.033681408191583335
leaf_weight=7.3540910086594513 17.078147230669856 43.703249736689031 1540.6731139515759 28.353799710981548 2.382498016813769 6.0455427542328826 8.6291473286692106 0.68793972302228212 4.8763657697709277 0.71446401672437676 13.828942138468845 1.4351556145120401 2.1629464873112729 9.4438181009609234
leaf_count=87 414 354 16716 229 117 29 303 11 234 93 478 47 55 150
internal_value=0.000211184 0.000316678 0.000140723 -0.00789729 0.000504796 0.0119556 0.00457476 -0.00279035 0.0287848 0.138611 -0.0110878 0.00911478 0.0310643 0.0215489
internal_weight=1687.37 1680.02 1662.94 72.057 1590.88 50.2068 36.2176 30.172 6.27877 1.4024 23.8932 10.0643 13.9893 11.8263
internal_count=19317 19230 18816 583 18233 1517 1195 1166 338 104 828 350 322 267
cat_boundaries=0 1
cat_threshold=276
is_linear=0
shrinkage=0.03


Tree=220
num_leaves=15
num_cat=1
split_feature=16 1 15 15 0 14 5 7 3 19 7 14 0 14
split_gain=5.02617 13.3103 10.1185 14.4059 8.85124 11.5221 8.12244 7.25524 17.8083 7.99016 10.0837 15.7351 15.7297 9.25122
threshold=12.766923370128087 16.362130554549463 0.20619981475879642 0.067801493518262326 0.23826972395205262 0.018250858690703805 1.0979494752932533 15.576623124345096 -0.44382338895056622 0 17.57285280787595 0.053282372028199403 0.0026207569658468492 0.041048364422884405
decision_type=2 2 2 2 10 10 8 2 2 1 2 10 10 10
left_child=1 2 3 -1 5 -5 7 8 -2 10 11 12 -9 -11
right_child=6 -3 -4 4 -6 -7 -8 9 -10 13 -12 -13 -14 -15
leaf_value=0.00095208333040177891 -0.065780281995605233 0.031710642731880144 -0.031962278583237275 -0.0033219675007651848 -0.014299182886186085 0.040882991905692515 -0.037067145959578843 -0.013358634884882561 -0.0056571835657760515 -0.016665457303213064 -0.02611829552091299 0.033096959741072123 0.03295292000214483 -0.00021129213044341296
leaf_weight=830.57341458182782 4.6103105377405873 13.232865764293818 8.1079334001988155 7.348328441847122 5.1750577199272803 19.10159091767855 5.7111467518843702 21.454440841684121 115.85432258527726 32.423708662390709 5.9186065099202088 24.402937791775912 9.5337598400656116 596.88468673289753
leaf_count=7730 39 145 60 126 81 139 619 217 1565 445 144 205 149 7792
internal_value=0.000280867 0.00184912 0.00139508 0.00170877 0.0215817 0.028602 -0.00141554 -0.0011645 -0.00795816 2.05169e-05 0.00954487 0.0150787 0.000889474 -0.00104249
internal_weight=1700.33 883.539 870.306 862.198 31.625 26.4499 816.794 811.083 120.465 690.618 61.3097 55.3911 30.9882 629.308
internal_count=19456 8281 8136 8076 346 265 11175 10556 1604 8952 715 571 366 8237
cat_boundaries=0 1
cat_threshold=153
is_linear=0
shrinkage=0.03


Tree=221
num_leaves=15
num_cat=1
split_feature=13 19 1 0 1 15 1 16 13 0 1 9 14 13
split_gain=4.92929 13.128 12.6769 10.2376 10.8617 9.07638 12.3213 8.82598 8.34822 10.4391 8.27652 15.2773 13.4401 10.635
threshold=1.2054474065229048 0 17.290498718779638 0.29624458149865412 18.414869002802877 0.19691703507158034 16.874282592707612 14.245819824105313 1.2603318439921074 -0.31454790062787236 15.174251966245221 0.45589264892102738 0.12217325918785275 1.0000000180025095e-35
decision_type=10 1 2 10 2 2 2 2 10 8 2 2 10 10
left_child=1 3 5 4 -1 6 7 10 9 -2 11 -3 -13 -12
right_child=8 2 -4 -5 -6 -7 -8 -9 -10 -11 13 12 -14 -15
leaf_value=0.002968885721532667 0.011127540007767073 -0.021384066465961075 0.030537940012818617 0.0179082191963474 0.044014196252847804 -0.02060904058272817 0.04159111238770738 -0.044405119811766515 -0.00054151863171906123 -0.018073157773039396 0.03196686919407718 0.0068087632165448157 -0.026177218445748041 0.0002668165735212489
leaf_weight=334.21253720554523 14.103932639118282 46.007583967410028 9.5344292121008021 52.557528651319444 5.9049677185248575 28.551718636415899 5.5335219195112577 4.7015566908521569 984.38869558239821 50.365181689849123 11.041514674201606 59.708357552066445 13.660334113286806 69.343167853774503
leaf_count=3344 102 644 90 910 72 319 68 121 11550 666 71 547 149 719
internal_value=4.00497e-05 0.0021132 -0.00325208 0.00544696 0.0036815 -0.00473895 -0.0025812 -0.00377667 -0.00122646 -0.0116849 -0.00282044 -0.00783136 0.000667185 0.00462109
internal_weight=1689.62 640.757 248.082 392.675 340.118 238.548 209.996 204.463 1048.86 64.4691 199.761 119.376 73.3687 80.3847
internal_count=19372 7054 2728 4326 3416 2638 2319 2251 12318 768 2130 1340 696 790
cat_boundaries=0 1
cat_threshold=849
is_linear=0
shrinkage=0.03


Tree=222
num_leaves=15
num_cat=0
split_feature=16 1 16 15 15 9 10 4 7 17 1 7 17 0
split_gain=4.70511 15.6712 10.3713 9.66549 18.9182 8.43223 7.98809 7.19666 10.1328 6.96935 6.32645 10.4838 13.9779 7.75312
threshold=12.733490985115735 16.362130554549463 12.718275792064135 0.067801493518262326 0.19691703507158034 0.17466667096506672 5.2441635288700192 0.16444894842391314 14.661209127363984 12.456129135943153 16.409983984272774 16.637601966349767 14.086125945773889 -0.17138690879187454
decision_type=2 2 2 2 2 2 2 2 2 2 2 2 2 10
left_child=1 2 3 -1 5 -5 7 10 -9 -7 13 12 -12 -2
right_child=6 -3 -4 4 -6 9 -8 8 -10 -11 11 -13 -14 -15
leaf_value=-4.3711970563244205e-06 -0.010085303877805591 0.034293304770494623 0.036641300283708413 -0.0060842024889674476 -0.032630484048827908 0.022929391778942338 -0.028281847308010991 0.13825311004886295 -0.023541765090948647 0.058123976574384867 0.0051514414557712572 -0.00090850640259762354 0.036512186010224656 -0.00060088747166177489
leaf_weight=805.88478351244703 122.94461703766137 12.90502380998805 7.2783928408753118 6.0377858637366471 6.0280780231114468 16.734735663980249 10.037660654168574 0.35552042466588574 17.325356243061833 7.2610519067384294 76.643547022715211 377.5919802649878 15.35366458352655 210.18487350642681
leaf_count=7447 905 148 77 121 49 155 128 54 2852 63 583 4428 160 2087
internal_value=-6.99584e-05 0.00148243 0.000983828 0.000675579 0.0158707 0.0256055 -0.00168159 -0.00135614 -0.0202885 0.0335792 -0.000939128 0.00130407 0.0103853 -0.0041012
internal_weight=1692.57 862.13 849.225 841.946 36.0617 30.0336 830.437 820.4 17.6809 23.9958 802.719 469.589 91.9972 333.129
internal_count=19257 8060 7912 7835 388 339 11197 11069 2906 218 8163 5171 743 2992
is_linear=0
shrinkage=0.03


Tree=223
num_leaves=15
num_cat=1
split_feature=14 19 14 17 1 5 18 15 14 1 3 14 1 1
split_gain=5.01439 11.8136 12.3961 15.5733 11.6129 17.2454 16.9886 25.951 14.0854 13.9253 10.5908 10.5319 10.3742 14.8593
threshold=0.12217325918785275 0 0.2135196193098409 15.339085632547484 17.541350573026708 -0.11695622590342407 14.283323995677415 0.10894801161227781 0.046368335969891351 14.784356634377643 -0.37477897179427089 0.022354297677210751 16.551356056898751 16.685431852654123
decision_type=10 1 10 2 2 10 2 2 8 2 2 10 2 2
left_child=4 2 3 -2 6 -6 8 10 11 -10 -8 -1 -3 -14
right_child=1 12 -4 -5 5 -7 7 -9 9 -11 -12 -13 13 -15
leaf_value=0.0034206225851813889 0.019475971945152024 -0.013895433653323866 -0.0010167720827874956 -0.017436518600006171 0.038115231996681251 -0.02605375532282616 -0.074321928234847789 0.036074595054957685 -0.0057177355985585801 0.012496590788136527 -0.022761678441022708 -0.0070147299761743557 0.055441567122441839 -0.0028152630627942578
leaf_weight=192.35130473109894 53.956871734699234 119.28503182681743 814.1325192921795 12.709771782159804 16.608436301350597 4.8759387736208728 4.1200406588614014 6.5640327974688253 48.684317879145965 168.60272473841906 27.63230204267893 158.98862197773997 4.1983133156318209 64.157538849627599
leaf_count=2058 614 1256 9592 225 125 126 25 156 613 1667 360 1598 60 901
internal_value=-0.000250459 -0.00150117 1.64025e-06 0.0124387 0.00187598 0.0235519 0.00110871 -0.0182265 0.00241159 0.00841557 -0.0294519 -0.00130159 -0.00812269 0.000762784
internal_weight=1696.87 1068.44 880.799 66.6666 628.428 21.4844 606.943 38.3164 568.627 217.287 31.7523 351.34 187.641 68.3559
internal_count=19376 12648 10431 839 6728 251 6477 541 5936 2280 385 3656 2217 961
cat_boundaries=0 1
cat_threshold=312
is_linear=0
shrinkage=0.03


Tree=224
num_leaves=15
num_cat=1
split_feature=16 17 9 1 4 2 19 15 6 7 13 17 13 15
split_gain=5.03225 17.1443 8.04205 7.76416 13.3398 11.3976 10.3598 10.263 9.80301 9.70229 8.71614 8.65871 9.01058 7.64635
threshold=12.766923370128087 13.637966018965377 0.10733069434044411 16.435538936180929 0.024265331835788499 0.20776919456730245 0 0.0061953394288283507 0.38138232091362939 16.033010614011502 0.54406602838436202 14.132242253853995 0.8089287594334964 0.067801493518262326
decision_type=2 2 2 2 2 2 1 2 10 2 10 2 10 2
left_child=1 2 -1 5 7 -2 8 11 9 -7 -6 12 -5 -4
right_child=3 -3 13 4 10 6 -8 -9 -10 -11 -12 -13 -14 -15
leaf_value=-0.025630339664751752 -0.052985682697967509 0.056011888941413304 0.0014951610281266825 -0.023248828550439748 0.031440899446816939 -0.014099939863045186 -0.0012784746734003437 0.00087603895320995594 0.016871481523868959 -0.044621280083762781 -0.021380951254262516 0.038400009300180483 0.013780364278097586 0.015491679247215926
leaf_weight=9.5212893632706237 4.3234392888844004 5.2800313958432517 821.90069864690304 6.8154628183692685 3.0881823201198122 37.86778986826539 283.48241473548114 379.88261331105605 6.7401233627460888 12.45731101289857 31.381687040207908 10.823560822755097 44.732250411063433 36.696664573391899
leaf_count=142 41 67 7638 50 100 469 4048 3399 89 185 2339 73 309 376
internal_value=0.000531698 0.00211711 0.00178931 -0.00115367 0.0013268 -0.00458249 -0.00396799 0.00272783 -0.0145542 -0.0216551 -0.0166486 0.0140064 0.00888449 0.00209338
internal_weight=1694.99 873.399 868.119 821.595 476.724 344.871 340.548 442.254 57.0652 50.3251 34.4699 62.3713 51.5477 858.597
internal_count=19325 8223 8156 11102 6270 4832 4791 3831 743 654 2439 432 359 8014
cat_boundaries=0 1
cat_threshold=528
is_linear=0
shrinkage=0.03


Tree=225
num_leaves=15
num_cat=1
split_feature=2 14 19 14 15 7 3 14 15 9 14 14 9 0
split_gain=4.61701 3.58551 9.51838 9.87188 9.52171 15.83 16.7972 10.1902 12.3985 10.1661 10.0417 9.07887 10.9693 9.60597
threshold=0.78960970268712904 0.12217325918785275 0 0.95887560312342712 0.0033655751838538007 14.940400938479437 -0.3571768487714489 0.16844945641603234 0.031870765675165856 0.59271890326268173 0.30503864492624067 0.047598203733098012 0.36294350797896496 -0.068542369099180364
decision_type=2 10 1 10 2 2 2 10 2 2 10 8 2 10
left_child=1 11 3 4 -3 10 -7 -8 9 -9 -6 13 -13 -1
right_child=-2 2 -4 -5 5 6 7 8 -10 -11 -12 12 -14 -15
leaf_value=-0.0046793103986139464 -0.030141534228902232 0.015725063505137058 0.00062196558034337669 -0.033190440650031738 -0.03963361649048866 0.026323522602013476 -0.02061986786188804 0.03159629551887997 -0.0080286983720453294 -0.01887434830564633 -0.0089803029617648751 -0.00050527272571504879 0.011972935534484069 0.0051596994926113226
leaf_weight=229.10759518435225 4.4836803561775005 17.613315121270716 877.40338834375143 12.121551603311671 19.195595591561869 16.127585478127003 32.154516683658585 15.316496770596133 52.010483653051779 4.692233796697109 19.277476094197482 113.38817643723451 143.83209906565025 146.35531658073887
leaf_count=1953 1473 139 9642 98 193 165 398 172 718 47 157 1255 1271 1727
internal_value=0.000261135 0.000341387 -0.000720514 -0.00664926 -0.00520229 -0.00752382 -0.00216691 -0.00657763 -0.000308179 0.0197605 -0.0242743 0.00213043 0.00647228 -0.000844068
internal_weight=1703.08 1698.6 1065.91 188.509 176.388 158.774 120.301 104.174 72.0192 20.0087 38.4731 632.683 257.22 375.463
internal_count=19408 17935 11729 2087 1989 1850 1500 1335 937 219 350 6206 2526 3680
cat_boundaries=0 1
cat_threshold=583
is_linear=0
shrinkage=0.03


Tree=226
num_leaves=15
num_cat=0
split_feature=5 0 13 13 2 10 14 0 13 0 5 0 5 13
split_gain=6.40744 5.82136 7.46943 7.02254 10.5926 8.33447 6.87744 9.72182 7.78577 6.39534 6.26349 8.17909 10.1681 10.1089
threshold=-0.7388306310588878 -0.47819516346211255 2.3982476155226431 1.3213143496009947 0.30769140088274755 3.6261597033232875 0.10475574079505916 -0.58609153667588276 0.86250934229951992 -0.58609153667588276 -0.40175630673745866 -0.33644194147745871 -0.11695622590342407 1.2757070733497684
decision_type=8 10 10 10 2 2 10 10 10 8 8 10 10 10
left_child=-1 2 3 6 5 -5 7 -2 -8 -10 -3 12 -12 -14
right_child=1 10 -4 4 -6 -7 8 -9 9 -11 11 -13 13 -15
leaf_value=0.015717865872449017 0.002357202609056763 0.0052293826235139639 0.015488747431965901 -0.021361942864455641 -0.0084775767342822224 -0.072308897212714024 -0.013853936102957085 -0.037824206304382546 0.040725385605686476 0.0044111546376656308 -0.012263955153194438 4.1434998339195116e-05 0.051175209704355788 -0.011822091234157166
leaf_weight=22.710777485743165 11.336465692147614 189.38360558263958 11.234969780780373 6.3771927319467085 20.007467520656064 5.2847711555659771 12.019356922013687 10.382459827233104 6.6492373617365956 12.703490179963412 86.175897041335702 1280.4355853614397 4.7766727530397457 4.4080076469108462
leaf_count=537 89 1655 94 71 129 38 95 83 56 93 479 15726 76 79
internal_value=-0.00010914 -0.000325519 -0.00749657 -0.0105433 -0.0217238 -0.0444492 -0.00387394 -0.016851 0.0051101 0.016888 0.000114295 -0.000589816 -0.00906582 0.0209409
internal_weight=1683.89 1661.18 95.9954 84.7604 31.6694 11.662 53.091 21.7189 31.3721 19.3527 1565.18 1375.8 95.3606 9.18468
internal_count=19300 18763 748 654 238 109 416 172 244 149 18015 16360 634 155
is_linear=0
shrinkage=0.03


Tree=227
num_leaves=15
num_cat=0
split_feature=16 17 6 13 6 5 5 6 13 13 13 13 7 6
split_gain=6.23384 19.6836 12.3938 13.1724 11.2599 14.9829 12.5907 10.2445 10.1305 9.37401 9.06452 11.6496 19.5948 12.8549
threshold=14.511899146510705 14.644301313447196 -0.28315465752174251 2.5733505072904044 0.34630847332171061 -0.30766015734381014 -0.35012371487257543 -0.0519177760855613 1.3371241523529915 1.3936703664635048 1.9116682012118111 1.3449690377751127 17.77147307966084 0.10459257260689526
decision_type=2 2 10 8 10 10 10 10 10 10 10 10 2 10
left_child=1 -1 -2 4 5 8 -6 9 -4 -7 11 12 -9 -14
right_child=2 -3 3 -5 6 7 -8 10 -10 -11 -12 -13 13 -15
leaf_value=0.00090096329302225345 -0.0265538914968147 0.035190313805421085 -0.0073629396353390086 0.05122033887377854 -0.069116890411662746 0.0076567440505604482 -0.011929360872497264 -0.015370018172791719 0.028931227814686329 -0.02287552331223482 0.013147047091712256 -0.016635058568068871 0.07299960993143037 0.011925314077221251
leaf_weight=1431.5736958887428 19.987300882930867 15.227342876838518 9.7734742946922761 4.1239168175961813 3.852296605706214 12.070833640405906 34.454698164016008 13.80106940015685 23.719411611557007 36.163002942688763 37.970747667481191 35.779665760230273 5.1143834653776121 7.881442207377404
leaf_count=14951 355 202 73 46 28 268 498 255 143 919 559 873 72 97
internal_value=0.000512874 0.00126185 -0.00391564 -0.00190199 -0.00289515 0.000212132 -0.0176804 -0.0038688 0.0183403 -0.0152346 0.00158354 -0.00543307 0.00952401 0.0359605
internal_weight=1691.49 1446.8 244.692 224.705 220.581 182.274 38.307 148.781 33.4929 48.2338 100.547 62.5766 26.7969 12.9958
internal_count=19339 15153 4186 3831 3785 3259 526 3043 216 1187 1856 1297 424 169
is_linear=0
shrinkage=0.03


Tree=228
num_leaves=15
num_cat=0
split_feature=2 1 16 13 5 6 16 1 6 6 3 14 14 6
split_gain=4.47468 4.02424 8.52448 9.44021 6.51312 8.75945 9.92308 6.48503 14.5865 20.7264 9.2737 5.92578 8.64189 11.9153
threshold=0.78960970268712904 19.583148196689113 16.023437592726356 2.5511908880272949 -0.18733546278732535 0.026184747042986904 17.207111670026311 17.857771131459927 0.30954011335573023 -0.11287958964573107 -0.28077828335198074 0.73883718203965987 0.32603663766125218 0.026184747042986904
decision_type=2 2 2 8 8 8 2 2 10 10 2 10 10 10
left_child=1 2 7 -4 -3 -6 -7 -1 9 10 -9 12 13 -11
right_child=-2 4 3 -5 5 6 -8 8 -10 11 -12 -13 -14 -15
leaf_value=1.3461666050709967e-05 -0.030120179960309554 0.035303479519420769 -0.018127321436569085 0.04432886555411391 -0.03686306205030903 0.060369397565577743 -0.022228976876369402 0.017289468899887143 -0.021292270665589749 0.052051989437715954 -0.030020682152254213 0.015547877807711266 0.059609682188053278 -0.0087608270042535998
leaf_weight=1557.0909669485409 4.378882785793393 7.64020024985075 34.470069077098742 2.3249881304800502 3.8206928996369243 2.8761383676901477 2.4024457258637995 5.7172329146415022 11.803567602764813 5.5882070139050501 10.722469953820108 23.30928706144914 9.0410794690251333 6.0272644190117717
leaf_count=15915 1501 51 885 14 117 44 92 46 114 48 164 230 80 56
internal_value=0.000166807 0.000245616 9.85668e-05 -0.0141809 0.0148816 -0.00226563 0.0227763 0.000421044 0.00921001 0.0151703 -0.0135676 0.025916 0.0376156 0.0204962
internal_weight=1687.21 1682.83 1666.1 36.7951 16.7395 9.09928 5.27858 1629.3 72.2091 60.4055 16.4397 43.9658 20.6566 11.6155
internal_count=19357 17856 17552 899 304 253 136 16653 738 624 210 414 184 104
is_linear=0
shrinkage=0.03


Tree=229
num_leaves=15
num_cat=0
split_feature=6 0 16 7 6 6 14 14 6 5 8 6 0 3
split_gain=6.11258 7.49189 4.49727 10.7132 16.8057 25.7116 7.88402 18.7874 6.40655 12.0123 9.91807 10.0447 7.63336 13.1821
threshold=3.5023795405149434 1.7837047200214655 15.724146122010994 17.809847229549479 -0.14494735511041071 0.29648746444446245 0.74750622053632909 0.34338192689902142 -0.035603092079583447 -0.29740529444809022 -0.39667898591254674 0.30222795613508119 0.10917756301141891 0.019021850268794663
decision_type=10 10 2 2 10 10 10 10 10 8 2 10 8 2
left_child=2 -2 3 -1 -5 6 7 -6 9 -4 -10 12 -12 -14
right_child=1 -3 8 4 5 -7 -8 -9 10 -11 11 -13 13 -15
leaf_value=-0.0003340435217468062 0.032427625038532533 -0.016671969165147276 0.025349694527168683 -0.02546198533843429 0.021286226840425842 -0.018978234695593975 0.021562174739939592 0.091251922659964041 0.050646880989957878 -0.02698373254984553 -0.0013133725102874407 -0.02796215904502616 0.079554975034231243 -0.031116104956844085
leaf_weight=1546.2798365156632 10.554153672186656 3.8053407815750679 4.7138619683682919 7.9082642677240065 7.5603695436147991 9.9161079159239289 14.349678589846006 6.3596863766433671 3.1912818637210867 24.27682054403704 24.329377706977542 11.517585938214323 2.8519113902002564 1.4668383749667553
leaf_count=17069 108 79 31 114 89 110 162 58 24 665 444 161 53 158
internal_value=-7.34451e-05 0.019416 -0.000241556 9.08082e-05 0.0143429 0.0225865 0.0371661 0.0532516 -0.0075569 -0.0184744 -0.000256941 -0.0043014 0.00521109 0.0419662
internal_weight=1679.08 14.3595 1664.72 1592.37 46.0941 38.1858 28.2697 13.9201 72.3477 28.9907 43.357 40.1657 28.6481 4.31875
internal_count=19325 187 19138 17602 533 419 309 147 1536 696 840 816 655 211
is_linear=0
shrinkage=0.03


Tree=230
num_leaves=15
num_cat=0
split_feature=17 10 1 16 13 2 4 6 17 15 5 15 16 5
split_gain=5.10221 8.84309 7.81353 6.87612 6.98575 7.42201 11.5981 7.55811 7.01567 6.98516 6.71722 6.38075 6.27911 5.75485
threshold=11.236677132588083 0.3377910150436198 14.969140017968995 11.938143832213305 2.4062868706035148 0.35881236967503932 -0.23209664590492532 -0.5995059084594182 11.717642456251605 0.0021097635404940507 0.13677464215731019 0.0026072435187304006 11.974948683756452 -0.15596121772281937
decision_type=2 2 2 2 10 2 2 10 2 2 10 2 2 8
left_child=1 -1 -3 4 5 6 -2 -7 10 -6 -9 -12 -5 -14
right_child=3 2 -4 12 9 7 -8 8 -10 -11 11 -13 13 -15
leaf_value=0.030130990550977579 0.0041090036614899973 -0.0082517948642387585 0.017034560558316109 -0.020869400397367725 -0.005783157208008146 0.035102236138973827 0.027689748059704106 -0.011819804015471325 0.0032403873099195223 0.028270144714115038 0.029420400749826991 -0.010841309453658963 0.0012991531180802387 -0.003026593850997726
leaf_weight=6.1879365444183341 87.780953697860241 150.8288466881495 11.863127890974281 13.704434931278227 7.5169401634484556 5.2653401650022706 23.878593042492867 69.771196939516813 124.06884074374102 19.445392925757915 7.6533787699881923 6.5957797770388424 687.61295609176159 463.28324729227461
leaf_count=45 677 1214 171 139 55 54 116 440 1343 204 99 98 4313 10433
internal_value=-0.000122795 -0.00506915 -0.00640797 0.00042801 0.00410246 0.00288516 0.00915179 -0.000394494 -0.00129268 0.0187763 -0.00798644 0.0107837 -0.000682516 -0.000442139
internal_weight=1685.46 168.88 162.692 1516.58 351.976 325.014 111.66 213.355 208.089 26.9623 84.0204 14.2492 1164.6 1150.9
internal_count=19401 1430 1385 17971 3086 2827 793 2034 1980 259 637 197 14885 14746
is_linear=0
shrinkage=0.03


Tree=231
num_leaves=15
num_cat=1
split_feature=2 11 15 13 17 14 8 19 2 1 13 18 13 1
split_gain=4.64042 4.44446 6.04998 6.7524 4.62719 10.839 8.0796 6.72864 9.82623 8.12827 7.32643 6.75291 7.00749 6.80914
threshold=0.72636502799562352 6.5000000000000009 0.00036359803691185007 1.0929175514468417 11.236677132588083 0.4124395147813637 -0.65164811075348694 0 0.42871199076782407 14.519530715043926 1.0572974385591876 11.745442075894127 2.1281894765222069 14.009925196147252
decision_type=2 2 2 8 2 10 2 1 2 2 10 2 8 2
left_child=1 -1 3 -3 5 7 -7 9 10 -4 -9 12 13 -12
right_child=-2 2 4 -5 -6 6 -8 8 -10 -11 11 -13 -14 -15
leaf_value=-0.025208356047951942 -0.02553727334774273 0.032569061499435101 -0.015333655772752204 0.0016274490247540215 0.00021673848192484363 -0.0071014907747378609 -0.032024810634363 0.026400919607645321 0.03735479738586877 0.01778399822329162 -0.034233104430964438 -0.029716224456520546 0.017347913296807061 0.0049090542313897645
leaf_weight=6.3478807099163523 6.5065066872630259 10.701674712821839 36.413052980788052 15.60193268209696 1503.58140354231 29.879573985934258 19.246982679702342 9.3411614913493377 8.5899151843041164 8.1656753625720722 6.6735446564853289 7.0664117541164151 15.301769927144045 9.9837075509130937
leaf_count=73 2111 85 277 110 15752 228 108 111 54 121 39 63 125 105
internal_value=-0.000250706 -0.000153173 -5.85331e-05 0.0142161 -0.00028551 -0.00529787 -0.016866 0.000299246 0.00662387 -0.00756938 0.00253556 -0.00317687 0.0026912 -0.0107728
internal_weight=1693.4 1686.89 1680.55 26.3036 1654.24 150.662 49.1266 101.535 56.9565 44.5787 48.3666 39.0254 31.959 16.6573
internal_count=19362 17251 17178 195 16983 1231 336 895 497 398 443 332 269 144
cat_boundaries=0 1
cat_threshold=44
is_linear=0
shrinkage=0.03


Tree=232
num_leaves=15
num_cat=1
split_feature=0 19 13 14 4 8 5 0 5 10 10 13 5 3
split_gain=5.11769 16.8504 14.6046 10.7472 8.73001 8.63505 6.22307 6.76054 7.69888 7.8452 6.19991 9.69625 8.97346 18.3946
threshold=0.41610308987067329 0 0.56416192490025352 0.39917413105550975 -0.33955702545430616 -0.22607951611216395 0.059737433282857751 2.0383652936408736 1.0979494752932533 5.0228644888179703 0.79540312828574145 1.3073344705526579 0.40515462407847275 0.054266474276360895
decision_type=10 1 10 10 2 2 8 8 8 2 2 10 8 2
left_child=-1 2 5 4 -3 -2 -4 8 9 10 11 -8 -13 -14
right_child=1 3 6 -5 -6 -7 7 -9 -10 -11 -12 12 13 -15
leaf_value=-0.00055356300274337408 0.024285210796970585 -0.057038625620903761 0.023441566108345795 -0.042822075832433935 -0.00019885747404010547 0.08782096428855872 -0.016218182897945795 0.043148287118153529 -0.032000464681838883 -0.035892165304659024 0.023107865979232527 0.0023696761445913652 0.101998982931933 -0.030638828364203074
leaf_weight=1556.9299339747522 4.2392223842907697 2.5992832109332076 22.63901736214757 7.5649043662706381 37.774159705149941 3.5268358711618921 14.743173366063276 3.8889713580720118 5.341933953925035 3.7356316929217419 17.883896696963347 8.9647848051972669 2.6989844888448706 1.4447399699129162
leaf_count=16678 38 28 139 114 820 85 359 103 383 44 248 107 28 197
internal_value=-6.4345e-05 0.0054935 0.0124368 -0.00827977 -0.00385826 0.053139 0.0100797 0.00492659 0.00221478 0.00590937 0.00932367 0.000472671 0.0192449 0.0557538
internal_weight=1693.98 137.046 89.1072 47.9383 40.3734 7.76606 81.3411 58.7021 54.8131 49.4712 45.7356 27.8517 13.1085 4.14372
internal_count=19371 2693 1731 962 848 123 1608 1469 1366 983 939 691 332 225
cat_boundaries=0 1
cat_threshold=472
is_linear=0
shrinkage=0.03


Tree=233
num_leaves=15
num_cat=0
split_feature=14 5 13 2 0 13 8 5 13 15 15 9 9 15
split_gain=5.03388 5.38672 8.9744 4.64375 4.27429 10.43 5.8298 5.80271 7.48443 5.13988 7.70066 6.80563 11.7278 7.29108
threshold=0.0042355090558023516 -0.1693474511086295 1.9116682012118111 0.72636502799562352 -0.50131591865502145 2.0368540435830744 0.37818928558892312 -0.4079779500223743 2.3447585724047495 0.0023292442771500007 0.0046146488142112009 0.52848603710661501 1.4078766677487808 0.022722317242999005
decision_type=8 10 10 2 10 8 2 10 8 2 2 2 2 2
left_child=1 2 -1 4 5 9 -6 -8 -9 -2 -11 13 -13 -12
right_child=3 -3 -4 -5 6 -7 7 8 -10 10 11 12 -14 -15
leaf_value=-0.027460124120703588 -0.019780763877458675 -0.029279717776858852 0.015305642999019882 -0.025447328186473959 0.00024950908671068586 0.013974043876956574 0.0331580981716149 -0.00067477653498350019 0.039835696441792773 0.024695613663050467 -0.013880831438525743 -0.038003517614663425 0.01069136744982054 0.029833556257128288
leaf_weight=7.5808372441679301 33.681459703482687 10.828858812572433 10.579319974407552 6.3907596162753171 1531.0223875283264 18.653836578130722 8.9410189688205701 26.022972620790828 4.8732041048351666 7.0005440879613152 7.4604154117405397 12.913240948691966 6.7929811328649512 6.3623556308448315
leaf_count=66 318 263 78 2142 15284 224 41 500 79 73 64 133 74 65
internal_value=-0.00013858 -0.0125328 -0.00254664 7.65523e-05 0.000174596 -0.00607937 0.000544313 0.0118742 0.00571488 -0.01112 -0.00392269 -0.00989792 -0.0212178 0.00624006
internal_weight=1699.1 28.989 18.1602 1670.12 1663.72 92.8648 1570.86 39.8372 30.8962 74.211 40.5295 33.529 19.7062 13.8228
internal_count=19404 407 144 18997 16855 951 15904 620 579 727 409 336 207 129
is_linear=0
shrinkage=0.03


Tree=234
num_leaves=15
num_cat=0
split_feature=4 13 10 10 13 4 13 7 1 2 10 16 15 2
split_gain=5.74428 10.3043 7.27104 6.91135 11.4644 15.9227 4.74381 9.61159 10.4996 11.4135 15.6689 13.4638 9.03349 18.9186
threshold=0.19904868457264871 -0.29027146419449695 1.1392715174473211 3.4378846319494865 1.6806222767082166 0.29358184400475712 1.2054474065229048 14.014838181162741 16.637912005273758 0.59561905441013763 3.7095757948227868 13.305935275516086 0.20619981475879642 0.39569769677797456
decision_type=2 8 2 2 8 2 10 2 2 2 2 2 2 2
left_child=6 -2 -3 4 5 -4 7 -1 9 12 11 -11 -9 -14
right_child=1 2 3 -5 -6 -7 -8 8 -10 10 -12 -13 13 -15
leaf_value=0.012677891806670252 0.15338448427641821 -0.028831034828722197 0.19461470014225352 -0.013890220718633193 -0.014929034376285354 0.0025866646407095286 -0.001262561439275696 -0.00063381837192179498 0.010036596282167316 -0.021979251436761306 0.11387231301099963 0.096001304618563946 -0.044359529290541683 0.0091489348891966166
leaf_weight=68.14161519613117 0.32569472072646022 15.929265793762175 0.77767257811501422 6.3167994061950594 1.6473321598023178 0.77682649670168757 1038.5490044252947 439.32545236172155 91.610054522287101 3.3055910849943748 1.7995384279638527 1.1817634273320434 12.834606092423202 11.081310399807988
leaf_count=556 51 3036 25 634 125 105 10016 3507 914 165 49 64 65 84
internal_value=-0.000234329 -0.014289 -0.016435 0.00430956 0.0402154 0.0986529 -1.71362e-05 0.00203828 0.000746268 -0.00106638 0.0390835 0.00909142 -0.00161127 -0.0195667
internal_weight=1693.6 25.7736 25.4479 9.51863 3.20183 1.5545 1667.83 629.28 561.138 469.528 6.28689 4.48735 463.241 23.9159
internal_count=19396 3976 3925 889 255 130 15420 5404 4848 3934 278 229 3656 149
is_linear=0
shrinkage=0.03


Tree=235
num_leaves=15
num_cat=0
split_feature=14 14 10 1 1 10 6 15 17 4 15 15 5 6
split_gain=5.6409 8.76661 10.4794 7.92475 14.0736 9.99349 12.9032 9.96609 9.57507 8.678 7.83594 9.82467 8.32444 16.8484
threshold=0.45688129504937697 0.96824799482650414 0.45838065999998773 14.969140017968995 15.115192574678849 3.3355658898732159 0.54060360799344931 0.00039683486313815008 10.649038772642095 -0.10501874583767561 0.00071638626563030005 0.0015429557096593002 -0.029997429993066257 -0.69312769889166248
decision_type=10 10 2 2 2 2 10 2 2 2 2 2 8 10
left_child=10 2 -2 7 -5 -6 9 -3 -9 -7 -1 -12 -13 -14
right_child=1 3 -4 4 5 6 -8 8 -10 -11 11 12 13 -15
leaf_value=0.029778147228344501 -0.015017585326630513 0.01310333338037073 -0.0013998073383148773 0.022752532914523508 0.0039132943468259754 -0.025300870640701023 0.015516765503042694 -0.042858316375973232 -0.0054488669264568914 0.0040138487018924916 -0.013951705727732642 0.0037555165288672867 0.076405133619387333 -0.0044698612715419195
leaf_weight=8.9848158964887244 83.830781507305801 25.969775562174618 129.3082399556879 30.201060847379267 253.99646977044176 33.577589362859726 14.007378138368948 6.3859598133712998 172.30763253942132 12.461403845925814 35.04429263912607 691.16211622697301 2.3483829207252702 181.04201782739256
leaf_count=109 1552 201 1352 309 2880 219 119 52 1896 195 335 5249 40 4819
internal_value=0.000316075 -0.00159214 -0.00675588 0.000412923 0.00319233 0.00131125 -0.00969542 -0.00426203 -0.00678577 -0.0173662 0.00189911 0.00162373 0.00224785 -0.00343423
internal_weight=1680.63 762.046 213.139 548.907 344.244 314.043 60.0464 204.663 178.694 46.039 918.582 909.597 874.553 183.39
internal_count=19327 8775 2904 5871 3722 3413 533 2149 1948 414 10552 10443 10108 4859
is_linear=0
shrinkage=0.03


Tree=236
num_leaves=15
num_cat=0
split_feature=10 15 10 0 6 11 15 1 4 6 6 3 3 10
split_gain=5.68328 7.13941 6.57094 9.35196 7.13694 4.27427 4.16815 5.30976 3.96552 9.29387 6.04388 8.03271 17.1849 7.35704
threshold=0.15822096963046986 0.54921567036790886 0.11880900074147896 0.02872964050559346 -0.22613822657811836 6.5000000000000009 0.00039683486313815008 14.009925196147252 -0.012807044563225399 -0.3939148839381062 0.7949755285713338 0.13725683588832396 0.22670577622936153 3.7095757948227868
decision_type=2 2 2 10 8 2 2 2 2 8 10 2 2 2
left_child=2 5 3 4 -1 -2 7 -7 -8 -10 13 -12 -13 -11
right_child=1 -3 -4 -5 -6 6 8 -9 9 10 11 12 -14 -15
leaf_value=0.047706849594214028 -0.022138186843348045 -0.022132952325561728 -0.021621626463575155 0.073549127573932116 -0.023619418100397832 0.00098997252335274546 0.00097874468682779899 0.024681682979545188 0.016798206017051152 -0.0095070044097291685 -0.0010081356929596281 0.092145303006942528 -0.0067779776557793858 0.0083083134041791375
leaf_weight=1.6768867075443266 7.4777015617582938 12.650274724466724 21.597246308345348 1.6544431163929401 5.110075087752195 20.505701505579054 1368.2804514793679 14.558341026306151 18.960307682165876 156.30959866009653 20.722045667935166 2.8589465701952568 3.5343882511369884 24.075372271239758
leaf_count=11 85 154 683 98 197 139 9216 129 777 6706 184 61 367 566
internal_value=8.23757e-05 0.000317814 -0.0128495 0.00959376 -0.0059965 0.000491277 0.000595103 0.0108266 0.00037014 -0.00330706 -0.00514418 0.00806154 0.0374581 -0.00712925
internal_weight=1679.97 1649.93 30.0387 8.4414 6.78696 1637.28 1629.81 35.064 1594.74 226.461 207.5 27.1154 6.39333 180.385
internal_count=19373 18384 989 306 208 18230 18145 268 17877 8661 7884 612 428 7272
is_linear=0
shrinkage=0.03


Tree=237
num_leaves=15
num_cat=0
split_feature=5 0 10 9 8 10 0 8 15 6 13 2 6 13
split_gain=6.04565 5.35133 6.85031 8.32586 5.12683 4.88176 10.8539 16.7048 8.30309 10.1444 6.82876 5.56826 5.16558 4.7364
threshold=-0.7388306310588878 -0.50131591865502145 1.9183069298359208 3.2080552871599668 0.35490016805166574 0.15822096963046986 0.16637311756008835 0.0048794713844548506 0.090638302827066364 0.14738352091409182 1.0000000180025095e-35 0.63600153816814464 -0.69312769889166248 2.9498732030825012
decision_type=8 10 2 2 2 2 10 2 2 8 8 2 8 10
left_child=-1 2 4 -4 -2 6 8 -8 -3 10 -10 13 -13 -7
right_child=1 5 3 -5 -6 11 7 -9 9 -11 -12 12 -14 -15
leaf_value=0.0155859488525701 0.0046830928004568681 -0.030189066914768057 -0.036697746555157604 -0.0068912708894287326 -0.022036329947031662 0.00092224241990825908 -0.032198365146049783 0.13891544441701786 0.051193395570361275 0.089777600304774344 -0.015969494452703466 0.072689901806257479 -0.018678593716355645 -0.014589689836344439
leaf_weight=22.467582553625107 38.907150263898075 16.485921294428415 12.728432592935858 25.000710286665708 7.7505156546831122 1518.8274832784664 1.0073882339056575 1.0472558203618971 1.5967350378632439 1.0925512942485553 9.2863421021029371 0.57478516432456672 17.885534487781118 17.924800967331976
leaf_count=532 338 370 83 174 46 13389 48 63 12 18 471 47 3598 149
internal_value=0.000127612 -8.03444e-05 -0.00744167 -0.0169469 0.000244609 0.000311399 -0.0115716 0.0550187 -0.0163787 0.00263291 -0.00611554 0.000544565 -0.0158337 0.00074131
internal_weight=1692.58 1670.12 84.3868 37.7291 46.6577 1585.73 30.5162 2.05464 28.4615 11.9756 10.8831 1555.21 18.4603 1536.75
internal_count=19338 18806 641 257 384 18165 982 111 871 501 483 17183 3645 13538
is_linear=0
shrinkage=0.03


Tree=238
num_leaves=15
num_cat=1
split_feature=15 15 6 7 1 2 5 17 16 13 7 19 15 13
split_gain=4.38304 5.06461 8.8938 7.16336 11.7283 7.04905 6.75007 6.33764 6.63187 11.8377 11.4146 10.4144 14.3425 10.7729
threshold=0.00039683486313815008 0.0013609023592643002 -0.54987175908914443 14.940400938479437 14.969140017968995 0.38935046046635252 -0.4303892023740104 8.8443277298869152 12.459917870482808 1.4467436598916679 18.961529602158219 0 0.070769605755869255 0.48611742219636894
decision_type=2 2 8 2 2 2 10 2 2 10 2 1 2 10
left_child=-1 3 5 4 -2 -3 -6 -4 11 10 -10 -9 13 -13
right_child=1 2 7 -5 6 -7 -8 8 9 -11 -12 12 -14 -15
leaf_value=0.010395472499336573 -0.0039974698429658855 0.00081301851221642638 -0.031506241452348184 -0.01533112520824241 0.0033023409703136579 0.027934992863994344 0.034647619197485997 -0.0073513847997575725 0.0017717255201758356 -0.0047878273976797231 0.051019871367265247 -0.0099998100238552282 0.030005877479003091 0.005951469784060838
leaf_weight=38.05345527920872 202.61753469298128 15.618984123691915 5.5645276717841616 40.320476208464243 13.336961017921569 19.258541168528609 11.527166249230502 60.743966267560609 480.45443466876168 395.56951829825994 4.2733466755598775 43.162453912198544 20.264614525716752 325.20744414650835
leaf_count=305 2082 133 69 474 128 268 58 580 5980 5583 70 413 193 2877
internal_value=0.000330224 9.63798e-05 0.000833904 -0.00367691 -0.00161123 0.0157891 0.0178342 0.000443261 0.000576966 -0.000936797 0.0022059 0.00354231 0.00529784 0.00408243
internal_weight=1675.97 1637.92 1370.12 267.802 227.482 34.8775 24.8641 1335.24 1329.68 880.297 484.728 449.378 388.635 368.37
internal_count=19213 18908 16166 2742 2268 401 186 15765 15696 11633 6050 4063 3483 3290
cat_boundaries=0 1
cat_threshold=136
is_linear=0
shrinkage=0.03


Tree=239
num_leaves=15
num_cat=1
split_feature=19 6 4 13 13 10 2 6 3 14 13 13 5 17
split_gain=4.38491 7.35448 14.3552 12.1919 7.15126 7.07008 9.55651 8.87768 7.44146 12.3875 9.95867 8.88317 7.05299 9.47278
threshold=0 -0.3446239916744413 0.016575478052458518 2.5332649976620183 0.34311516054794738 0.28095135131803789 0.34443352510041098 -0.21310773467390901 -0.1510955913117715 0.99891429880982208 2.0223729749002115 1.5979984245412864 -0.088278227580173049 14.709573148984449
decision_type=1 10 2 8 10 2 2 10 2 10 10 8 10 2
left_child=1 2 3 4 -1 6 -2 -8 10 -10 11 -9 13 -3
right_child=5 12 -4 -5 -6 -7 7 8 9 -11 -12 -13 -14 -15
leaf_value=-0.00088847458665856601 0.030546268841692353 0.004197518525389997 0.03433498775744865 0.019051681859889934 -0.034994400798323687 -0.00054623082878242559 -0.035010186837083589 0.00013350879689777917 -0.018856521264266204 0.023102255133909264 0.024124683318564193 -0.034240960219610102 -0.0034657847505037993 0.021646909973236251
leaf_weight=7.6057615801692036 5.6553926039487115 211.78373050689697 5.7306635054992503 6.8172679040580979 20.303542936220765 1169.6987248592777 11.06278823467437 39.748480200767517 56.36097703280393 7.1341787935234597 12.740852955728768 8.1541210152208787 86.484279923606664 32.266005183570087
leaf_count=47 54 1496 177 53 172 12393 270 238 2012 159 81 58 1884 230
internal_value=-0.000488185 0.00235455 -0.00965526 -0.0169146 -0.0257 -0.00130095 -0.00766058 -0.00925875 -0.00696387 -0.0141421 0.000551929 -0.00571781 0.00389579 0.00650452
internal_weight=1681.55 370.991 40.4572 34.7266 27.9093 1310.56 140.857 135.201 124.139 63.4952 60.6435 47.9026 330.534 244.05
internal_count=19324 4059 449 272 219 15265 2872 2818 2548 2171 377 296 3610 1726
cat_boundaries=0 1
cat_threshold=51
is_linear=0
shrinkage=0.03


Tree=240
num_leaves=15
num_cat=1
split_feature=16 1 14 1 15 19 5 5 13 10 9 6 1 2
split_gain=6.14889 14.543 9.19831 10.7768 11.5227 10.5558 9.78762 8.22315 10.2173 8.86874 15.1959 12.1963 10.2158 12.0459
threshold=12.959172209031154 16.362130554549463 0.13406917036976918 15.174251966245221 0.30827391359063677 0 -0.54693344318817971 -0.070962448564743971 2.2287194018514218 0.92919218111086188 0.80852974510860365 0.5240280765252453 16.080928090322008 0.44724068218220087
decision_type=2 2 10 2 2 1 10 8 10 2 2 8 2 2
left_child=1 2 3 5 -5 6 -1 9 -9 10 12 -11 13 -2
right_child=7 -3 -4 4 -6 -7 -8 8 -10 11 -12 -13 -14 -15
leaf_value=-0.047943986519255417 -0.016557076507411034 0.029070317436906908 -0.0018436593124738739 0.014276736544016778 -0.026271957597698358 0.0042399535700153885 -0.0059768401341040783 -0.0042706176912181443 -0.02249752041442811 -0.019364703117675311 0.030122938343167992 0.023126163454065228 0.0019559448803482607 0.012798980536332268
leaf_weight=5.3896004334092131 57.9388965703547 16.974538936745375 478.29562773357611 110.41151409945451 6.6894408789230502 255.43993349070661 69.457263156189583 164.50269370549358 33.278490396216512 38.988585202489048 15.624417154118417 7.2028638087213031 397.63130200002342 16.069288804195821
leaf_count=62 300 191 4568 958 48 2584 716 5267 1102 241 97 54 2918 195
internal_value=-4.82335e-05 0.00155319 0.00104861 0.00414068 0.0119604 0.00136826 -0.00793823 -0.00211268 -0.00733746 -0.000175568 0.0010154 -0.0127389 5.11337e-05 -0.010183
internal_weight=1673.89 942.658 925.683 447.388 117.101 330.287 74.8469 731.237 197.781 533.455 487.264 46.1914 471.639 74.0082
internal_count=19301 9127 8936 4368 1006 3362 778 10174 6369 3805 3510 295 3413 495
cat_boundaries=0 1
cat_threshold=10
is_linear=0
shrinkage=0.03


Tree=241
num_leaves=15
num_cat=0
split_feature=5 9 15 6 10 10 1 7 10 8 8 7 3 10
split_gain=4.90423 7.63461 4.28921 8.65692 9.55928 14.6689 8.92572 18.1658 11.2291 8.35472 7.9878 6.95593 8.64043 8.88864
threshold=-0.7388306310588878 6.1241417390677677 0.0013609023592643002 -0.030070824567568929 3.4175451137195485 1.0424420046212182 14.969140017968995 14.675776104281384 5.3667244703218193 -0.27344706942637564 -0.27833977954243666 14.924690038605918 -0.13738164055323157 0.79540312828574145
decision_type=8 2 2 10 2 2 2 2 2 2 2 2 2 2
left_child=1 -1 3 -2 5 11 7 8 9 -6 -7 12 -5 -14
right_child=2 -3 -4 4 6 10 -8 -9 -10 -11 -12 -13 13 -15
leaf_value=0.020453366489855792 -0.010596003839143952 -0.032946922198471632 7.5996335709208854e-05 0.012428055935043753 0.0021864725181156329 -0.050850120433188921 0.026676101044172076 -0.027758269873591451 -0.012649404941043073 0.029215225996223101 -0.013655808929207721 -0.016616432588229927 -0.021765102020148631 0.033043097049126439
leaf_weight=19.027795987203721 109.67996641504578 2.7589647471904746 1363.9625505772419 40.827618192881346 17.671715267933902 8.472882382571699 17.081606704741716 14.253279969561843 14.515731215476988 24.648631544783715 13.438867494463919 17.913408821565099 15.347366630216131 3.2222207065206012
leaf_count=479 1256 49 15995 225 124 49 119 160 106 183 110 179 292 48
internal_value=-0.000449986 0.013691 -0.000635465 -0.00390202 1.59205e-05 -0.00637134 0.00720377 0.00252488 0.0101193 0.0179288 -0.0280382 -0.00023042 0.00471138 -0.0122547
internal_weight=1682.82 21.7868 1661.04 297.073 187.393 99.2224 88.171 71.0894 56.8361 42.3203 21.9117 77.3106 59.3972 18.5696
internal_count=19374 528 18846 2851 1595 903 692 573 413 307 159 744 565 340
is_linear=0
shrinkage=0.03


Tree=242
num_leaves=15
num_cat=1
split_feature=6 1 15 10 14 10 14 4 19 15 15 1 7 14
split_gain=4.50689 7.03998 7.12122 12.6054 16.0904 8.29214 12.53 11.6837 6.99302 8.76013 17.7855 12.8689 11.9647 11.7555
threshold=0.046647892529003483 14.323749309844656 0.00042794133413210001 1.2353215777827549 0.032455568802442859 4.5517886605336626 0.055293633508667457 -0.26552055442634759 0 0.0074591615921655507 0.016518949204556505 17.575089701165894 18.314450094988803 0.99790504751401887
decision_type=10 2 2 2 10 2 10 2 1 2 2 2 2 10
left_child=-1 2 -2 4 -4 7 -7 -5 -3 -10 11 13 -12 -11
right_child=1 8 3 5 -6 6 -8 -9 9 10 12 -13 -14 -15
leaf_value=-0.0014782529293350991 0.0095331688763604285 0.0073590454913252884 0.018778504473370983 -0.050196656871121167 -0.017951764522280502 -0.037606397935655712 0.016245903851730747 -0.014633622633394197 0.0039511934332737714 -0.017304455543426397 0.0090451468542733192 -0.06047319890631396 -0.01557084920093769 0.014447219342917513
leaf_weight=882.53211924503557 24.807403816143051 201.6178002350498 26.032701975433156 11.901606094092129 18.265169631689787 5.6859902704600271 12.30059634381905 27.58416924928315 298.30701745254919 61.367026179330423 82.317807188606821 5.2517722761258474 22.663546458701603 12.659019857179372
leaf_count=10920 168 2310 249 96 259 47 103 246 2898 679 888 39 362 127
internal_value=5.20354e-06 0.00161998 -0.00487935 -0.00839253 0.00363366 -0.0176619 -0.000778097 -0.0253529 0.00282239 0.000758736 -0.00436853 -0.0150941 0.00373101 -0.0118747
internal_weight=1693.29 810.762 126.578 101.77 44.2979 57.4724 17.9866 39.4858 684.184 482.566 184.259 79.2778 104.981 74.026
internal_count=19391 8471 1168 1000 508 492 150 342 7303 4993 2095 845 1250 806
cat_boundaries=0 1
cat_threshold=117
is_linear=0
shrinkage=0.03


Tree=243
num_leaves=15
num_cat=0
split_feature=9 5 10 10 3 3 2 15 3 9 9 10 1 10
split_gain=6.93575 8.90134 9.95833 7.68365 7.57241 7.51963 7.57888 12.8605 7.94191 7.32773 7.16093 6.62724 12.1741 26.4862
threshold=0.86351992716254011 -0.41556008699334795 0.37613869987571735 3.4175451137195485 -0.30283548924856213 -0.45087491205604635 0.31359174821194952 0.0030424800298095504 -0.34636685010511936 6.5716963982826373 0.74232200425149175 2.468580010207801 14.677986164458167 3.4957433704841443
decision_type=2 8 2 2 2 2 2 2 2 2 2 2 2 2
left_child=1 2 -1 5 -2 10 8 -8 -7 -6 -4 -3 13 -13
right_child=4 11 3 -5 9 6 7 -9 -10 -11 -12 12 -14 -15
leaf_value=0.025568678687670834 -0.0010409321052490344 -0.0016183181713713812 0.019578372907953133 -0.028309328449689117 0.0072839797759372861 -0.0048257765858538415 -0.014511572822857616 0.023166199379595517 -0.044626461836500049 -0.023167064537496111 -0.021274053948641524 -0.017063743870126852 -0.028732021161642793 0.058978317952601243
leaf_weight=20.394531777128577 223.84614044427872 1005.6943168387515 34.350977776572108 6.7566107492893925 258.69387617718894 17.09428117051721 14.281268797814844 19.000854808837175 6.130331613123416 7.3133211655076584 4.3507877774536601 15.799380776239561 22.811901132226922 5.5778391808271399
leaf_count=202 1795 12965 602 54 2366 155 69 124 40 71 69 177 286 173
internal_value=2.72685e-05 -0.00122548 0.0064321 0.0026045 0.00302516 0.00479834 -0.00217911 0.00699877 -0.0153315 0.00644679 0.0149858 -0.00211794 -0.0134888 0.00277749
internal_weight=1662.1 1172.24 122.36 101.965 489.853 95.2085 56.5067 33.2821 23.2246 266.007 38.7018 1049.88 44.1891 21.3772
internal_count=19148 14916 1315 1113 4232 1059 388 193 195 2437 671 13601 636 350
is_linear=0
shrinkage=0.03


Tree=244
num_leaves=15
num_cat=0
split_feature=14 3 1 15 14 14 15 1 1 13 10 0 14 13
split_gain=4.68558 5.76034 5.37735 8.68683 3.49456 9.24745 7.80477 15.5581 9.83812 9.73326 9.28027 9.13751 12.1983 9.32467
threshold=0.004858670245504201 -0.13106436434449073 14.216237446782896 0.024370115727577205 0.46887375907808199 0.49075382383877647 0.0061953394288283507 16.435538936180929 19.514360975694782 0.8089287594334964 0.27233900080947904 0.075535506623983908 0.99531001045918799 1.3169170112122417
decision_type=8 2 2 2 10 10 2 2 2 10 2 10 10 10
left_child=1 2 -1 -4 -2 -6 7 10 -8 -9 -7 12 13 -11
right_child=4 -3 3 -5 5 6 8 9 -10 11 -12 -13 -14 -15
leaf_value=-0.022290572727768691 0.0017734076153543368 -0.029350952058665301 0.035794888774922561 -0.011161886724591962 -0.032538330702211626 -0.035090662553020416 -0.0063558605466940785 -0.014679739170383376 0.039824079240608587 0.038714308219638331 2.8835336919441003e-05 -0.0097830579322778655 0.04343929178369995 -0.0024864041647776713
leaf_weight=7.9126365967094925 898.80210525915027 10.429677109001203 6.083351280540227 8.5001279506832343 8.2705140277976152 6.8703292682766905 212.16493338299915 8.0027451384812576 4.2347811576910308 7.38724356889725 472.38044982147403 7.39804797573015 19.901754546910524 14.947153779678045
leaf_count=60 10152 293 47 73 108 161 2867 66 77 48 5083 72 158 129
internal_value=0.000284296 -0.0109222 -0.00237827 0.00842566 0.000506527 -0.000988664 -0.000642273 0.00129641 -0.00545215 0.0160226 -0.000474622 0.0209728 0.02636 0.011141
internal_weight=1693.29 32.9258 22.4961 14.5835 1660.36 761.558 753.287 536.888 216.4 57.6369 479.251 49.6342 42.2362 22.3344
internal_count=19394 473 180 120 18921 8769 8661 5717 2944 473 5244 407 335 177
is_linear=0
shrinkage=0.03


Tree=245
num_leaves=15
num_cat=0
split_feature=9 14 14 9 6 16 17 8 8 7 8 8 9 15
split_gain=4.59064 4.43807 6.37055 7.86095 10.2891 7.29489 10.2897 9.38052 11.8341 10.585 9.5981 8.05725 7.9586 7.55989
threshold=0.087380035205977966 0.45688129504937697 0.99256082205212015 0.39075245457629754 0.90853547664890444 13.004588497966662 14.785048538557749 0.090590646137349504 0.12717139336580455 17.140163939285362 0.19753299626342088 0.032736271708849907 0.28834693245108539 0.00093969585350875005
decision_type=2 10 10 2 10 2 2 2 2 2 2 2 2 2
left_child=-1 -2 -3 5 -5 13 7 9 -9 -7 -10 12 -8 -4
right_child=1 2 3 4 -6 6 11 8 10 -11 -12 -13 -14 -15
leaf_value=-0.01778675805378107 0.0011497588205508483 -0.005709772895148962 0.016871492730955978 -0.0030493923988982887 0.0173329336473791 0.0098720684101762692 -0.010659258294018044 0.12554410428396454 -0.020881347399014854 0.052517126617523301 0.077374680102593449 -0.03622905096386516 0.03274437879699426 -0.014087753577483054
leaf_weight=13.56129214633256 912.30985207215417 264.86811365175527 10.494104285491629 373.92645400180481 23.70317887631245 34.287663153023459 9.550337331369521 1.6503431545570482 1.782553540542722 6.1829535756260148 1.7965636325534431 5.2582954964600495 6.3170385982375583 21.939584302133881
leaf_count=338 10418 3436 132 3646 223 359 108 38 56 67 95 220 64 255
internal_value=-0.000402529 -0.000261703 -0.00195212 5.09011e-05 -0.00183438 0.00760326 0.0132692 0.021273 0.059084 0.0163872 0.028439 -0.00404508 0.00662038 -0.00407071
internal_weight=1687.63 1674.07 761.757 496.889 397.63 99.2594 66.8257 45.7001 5.22946 40.4706 3.57912 21.1257 15.8674 32.4337
internal_count=19455 19117 8699 5263 3869 1394 1007 615 189 426 151 392 172 387
is_linear=0
shrinkage=0.03


Tree=246
num_leaves=15
num_cat=0
split_feature=16 1 7 5 7 10 6 17 1 0 0 10 6 8
split_gain=4.64612 17.2323 11.9982 10.7974 11.5875 16.937 15.6045 14.1848 9.80002 10.4169 9.06377 8.78943 8.77721 7.91974
threshold=13.747532358593384 16.505181403252401 16.282634827531385 0.018863741406676241 16.637601966349767 0.7281708348728283 -0.32181069121887296 14.086125945773889 17.177795334345408 -0.29894768359422441 -0.0027498946260958164 0.43070143916669873 0.7131412089517003 -0.28345514913568332
decision_type=2 2 2 10 2 2 10 2 2 10 10 2 10 2
left_child=1 -1 -2 4 7 6 11 -4 9 -8 -11 -6 -10 -12
right_child=2 -3 3 -5 5 -7 8 -9 12 10 13 -13 -14 -15
leaf_value=0.00011517558583962146 -0.017541290859252091 0.016731354320866362 0.0053546332959068157 -0.012094866536661648 -0.046336757019066734 -0.042996872693278232 0.020354457039485348 0.042485551836430345 0.0062782067559019042 -0.0204064866501753 0.031525363105936996 0.00019505650886793107 -0.02692046121223093 -0.0089874223614368701
leaf_weight=1161.6428044764325 43.869087781640701 59.026648232596926 38.044487917795777 66.823320555966347 9.8533753231167776 8.4675506860949081 10.124340770766137 12.238374751061199 195.96956587349996 41.737862732261419 6.455524746328595 5.8063330287113777 7.4394198693335047 13.269557996653019
leaf_count=11867 774 546 256 2986 87 69 60 107 1905 403 35 54 54 119
internal_value=-4.9698e-05 0.000918667 -0.00261883 -0.00104605 0.00106701 -0.00117292 4.55174e-05 0.0143919 0.00170428 -0.00784209 -0.0124867 -0.0290836 0.00506401 0.0042714
internal_weight=1680.77 1220.67 460.099 416.23 349.406 299.124 290.656 50.2829 274.996 71.5873 61.4629 15.6597 203.409 19.7251
internal_count=19322 12413 6909 6135 3149 2786 2717 363 2576 617 557 141 1959 154
is_linear=0
shrinkage=0.03


Tree=247
num_leaves=15
num_cat=0
split_feature=1 16 4 8 16 6 7 15 2 15 7 9 10 4
split_gain=3.39411 13.6023 13.4693 7.11416 7.00004 17.6127 13.428 9.12582 12.0578 11.6835 8.83702 10.7091 9.6833 8.69613
threshold=16.435538936180929 13.138133661771175 0.024265331835788499 -0.8015984233243606 13.378433118119014 0.58986476533641363 16.103606633183045 0.20619981475879642 0.41715731608203266 0.065188933637229218 16.135693462975258 0.23008849679655566 0.26431759058816051 -0.24769132837897959
decision_type=2 2 2 2 2 10 2 2 2 2 2 2 2 2
left_child=4 -2 3 -3 7 10 -7 9 -9 -1 11 12 -6 -12
right_child=1 2 -4 -5 5 6 -8 8 -10 -11 13 -13 -14 -15
leaf_value=-0.00024641341124384108 0.02726838345709964 -0.027173456739042114 -0.01777512763277642 0.0031243354441200274 -0.0074263907564234479 -0.0019058358675864645 0.050471941956806703 -0.033903262054804525 0.011617658520674794 0.014246720064778283 -0.082707790188385949 -0.0095199070425338716 0.061654626467879003 -0.020314829593380015
leaf_weight=1004.9851129479939 18.791706760181114 7.0930258966982356 31.281053529586643 419.17003730731085 3.507736697793006 10.358590455725791 7.6646501559298477 15.452467009425165 7.9219236606732002 52.684517250279896 2.1423962116241446 73.426021820283495 3.8095106921391562 32.648547765915282
leaf_count=9873 215 66 2443 3684 62 156 101 83 120 596 11 1086 71 847
internal_value=0.00010695 0.0022532 0.00122581 0.00262018 -0.000734755 -0.00721427 0.0203686 6.57558e-05 -0.0184756 0.000475517 -0.0115172 -0.00607091 0.0285386 -0.0241569
internal_weight=1690.94 476.336 457.544 426.263 1214.6 133.557 18.0232 1081.04 23.3744 1057.67 115.534 80.7433 7.31725 34.7909
internal_count=19414 6408 6193 3750 13006 2334 257 10672 203 10469 2077 1219 133 858
is_linear=0
shrinkage=0.03


Tree=248
num_leaves=15
num_cat=0
split_feature=4 6 13 15 16 8 0 6 5 15 6 13 13 14
split_gain=5.48775 5.2142 9.42053 11.2803 10.5197 10.4188 12.2212 8.8829 7.46176 7.06617 7.04298 10.2135 8.71047 6.79205
threshold=0.27981554105303436 0.040671451123348808 1.2183959207960051 0.23489667470418674 12.926330176793952 1.0000000180025095e-35 0.11685829894276879 0.032031454729322902 -0.044257848706247098 0.54921567036790886 1.1519208285151032 1.2858622239194972 2.2468550089242427 0.15823156794472593
decision_type=2 10 10 2 2 2 10 10 10 2 10 10 8 10
left_child=1 7 5 4 10 8 -7 9 -3 -1 11 -4 -12 -8
right_child=-2 2 3 -5 -6 6 13 -9 -10 -11 12 -13 -14 -15
leaf_value=-0.00052991273964139252 -0.020398710152266446 0.0066253787158995405 -0.014970952535095559 0.025220757712284197 -0.0062203060481236666 0.0066830453287135324 0.0056538136956573622 -0.020873326820798899 -0.0047491249734584002 -0.028885440911971264 -0.0025875834681072813 0.0066251690061333614 -0.043934096276115893 0.038673063800725063
leaf_weight=831.21739526104648 11.554309361963531 155.05859286338091 21.829539792612195 14.812933131586759 216.2465710544493 55.033783556893468 7.4587633218616274 20.320670190965757 78.025226345751435 7.9855289962142697 20.427601776551455 202.89234788250178 5.9131206795573261 22.580057245213538
leaf_count=8786 2803 1158 164 179 2394 491 119 213 738 137 165 1579 49 328
internal_value=0.000204743 0.000348168 0.00209076 -0.000553356 -0.00137035 0.00609755 0.0150836 -0.00127431 0.00281774 -0.000799733 0.00280703 0.00452732 -0.0118693 0.0304742
internal_weight=1671.36 1659.8 800.279 482.122 467.309 318.156 85.0726 859.524 233.084 839.203 251.063 224.722 26.3407 30.0388
internal_count=19303 16500 7364 4530 4351 2834 938 9136 1896 8923 1957 1743 214 447
is_linear=0
shrinkage=0.03


Tree=249
num_leaves=15
num_cat=0
split_feature=13 6 15 7 13 5 15 9 2 16 15 15 13 6
split_gain=4.4557 9.70226 7.48862 17.8651 10.2702 7.41431 7.3852 5.56291 6.67168 5.16681 9.02514 9.49836 4.54912 16.2114
threshold=0.16648269435719201 0.41204353004634325 0.019174023517541352 14.104376933044108 -0.29027146419449695 -0.16284586995977932 0.038900172174705962 0.11781330769931796 0.37158260429625606 11.752942741683704 0.07663325324931082 0.17867002059179157 2.4491390968433051 0.55585540717928261
decision_type=10 10 2 2 8 10 2 2 2 2 2 2 10 10
left_child=1 2 3 -1 9 -6 -3 8 -2 -4 -11 -12 -9 -14
right_child=7 6 4 -5 5 -7 -8 12 -10 10 11 -13 13 -15
leaf_value=0.027593363941078648 0.013803584647328502 0.012672427553336054 0.036199169494962824 -0.037960720936443731 0.022431923430463512 0.067914566212143382 -0.044646777147516456 -0.00025726196026450447 -0.020396654574131354 -0.0281769053005635 0.03625746133687105 -0.0069315090117338038 0.009961286480151002 -0.0284746588905125
leaf_weight=7.2861497625708562 6.5805425047874477 3.3320135375251976 5.0854744091630009 7.6908947466872633 8.2656939858570677 5.2901768614538005 5.1496769960504025 1477.5762288018595 23.346415715292096 6.243931764271113 8.7244968216400611 9.6543630806263518 98.092744726454839 10.981793078593908
leaf_count=53 45 69 42 68 67 76 57 16755 722 75 64 94 1070 120
internal_value=0.000251063 0.00784836 0.012214 -0.00606946 0.0185433 0.0401815 -0.0221291 -6.25091e-05 -0.0128765 0.00866978 0.00298399 0.0135704 0.000179184 0.0060915
internal_weight=1683.3 66.7229 58.2412 14.977 43.2641 13.5559 8.48169 1616.58 29.927 29.7083 24.6228 18.3789 1586.65 109.075
internal_count=19377 665 539 121 418 143 126 18712 767 275 233 158 17945 1190
is_linear=0
shrinkage=0.03


Tree=250
num_leaves=15
num_cat=0
split_feature=16 17 6 15 3 6 1 13 9 0 13 3 13 6
split_gain=5.26935 16.6222 15.7827 13.8406 10.8866 10.2235 7.7883 14.5825 20.9881 21.5805 17.8132 9.35486 9.18446 11.5966
threshold=14.492770869536109 14.709573148984449 0.3231796558218652 0.33241833286490258 -0.076765987897609841 -0.20997620789297097 16.435538936180929 1.6229126217272476 0.63932139415499389 -0.3040473456142424 1.508362207872924 -0.2590071439150432 1.3538255144993372 -0.15992387030409486
decision_type=2 2 10 2 2 10 2 10 2 10 10 2 10 10
left_child=1 6 4 -4 5 -2 -1 10 9 -9 12 -11 -8 -14
right_child=2 -3 3 -5 -6 -7 7 8 -10 11 -12 -13 13 -15
leaf_value=-0.00071896713707256016 -0.014339136299139323 0.038008010287312037 -0.027517105638082354 0.034201884674162762 -0.013417261306963144 0.0065651227730046807 0.011372687608487177 0.025511541180564701 0.030763017404277455 -0.039295139027826373 0.041638618835892295 -0.010530414308371611 0.017518314368973928 -0.016966985581300515
leaf_weight=1199.5281437771628 25.297673949971795 10.566837048740124 35.248025451088324 3.6044792484026393 47.433767251903191 125.57637717947364 110.22664790775161 9.4451610953547043 10.799739658366887 20.22409187071025 14.600581716513259 20.479855673271235 13.156874729902482 26.358332437928766
leaf_count=12804 179 135 526 37 2476 1004 1025 89 101 111 148 249 126 262
internal_value=-0.000164172 0.000520287 -0.00430678 -0.0217912 -0.000881225 0.00306002 0.000242268 0.00536021 -0.00717285 -0.0153424 0.0100083 -0.0248224 0.00692417 -0.00548485
internal_weight=1672.55 1435.39 237.16 38.8525 198.308 150.874 1424.82 225.291 60.9488 50.1491 164.342 40.7039 149.742 39.5152
internal_count=19272 15050 4222 563 3659 1183 14915 2111 550 449 1561 360 1413 388
is_linear=0
shrinkage=0.03


Tree=251
num_leaves=15
num_cat=0
split_feature=14 1 13 14 16 7 6 16 17 10 2 9 10 13
split_gain=5.20159 15.867 8.81655 7.92475 7.26186 11.9503 6.03312 6.6435 9.04274 7.49452 7.48394 9.50201 16.3455 6.41771
threshold=0.0080109797494934513 13.969644700605413 0.87275816375248227 0.009070872135837852 10.189917341941426 14.365980065435439 -0.74284902452151613 11.274119788455563 11.329886096360527 0.3377910150436198 0.52239173857930532 4.8266372385801217 0.86082944610528145 1.0034325745850181
decision_type=8 2 10 10 2 2 10 2 2 2 2 2 2 10
left_child=1 -1 -3 -2 -4 -6 -5 9 -9 -8 -11 12 -12 -14
right_child=3 2 4 6 5 -7 7 8 -10 10 11 -13 13 -15
leaf_value=-0.044873343458307659 0.027315732906920631 0.040704678258006902 -0.03093219886476414 -0.031656908763728016 0.015571386419302049 -0.013933004703121157 0.036340394338782986 -0.014725534233955543 -0.00039398414190804483 0.0020652291923161344 -0.023367899762252557 -0.0075533209870292106 0.090743712513412775 0.03878481842749041
leaf_weight=9.2359733066987229 9.5547722345218045 3.9358554519712916 8.7273386651650053 5.4296178510412565 21.613783197593875 28.842465276597068 6.4557507596909991 40.879853767808527 1289.6278946943348 231.32800160720944 3.2254733636509654 6.9484076325315973 3.0245310871396196 7.3110332067590207
leaf_count=111 113 57 78 73 191 446 39 305 15782 1650 90 131 44 135
internal_value=-0.000279186 -0.00814732 -0.00277337 7.57883e-05 -0.00566477 -0.0012943 -8.74701e-05 2.04163e-05 -0.000834321 0.0044233 0.00360512 0.0209737 0.0355903 0.0539897
internal_weight=1676.14 72.3554 63.1194 1603.79 59.1836 50.4562 1594.23 1588.8 1330.51 258.293 251.837 20.5094 13.561 10.3356
internal_count=19245 883 772 18362 715 637 18249 18176 16087 2089 2050 400 269 179
is_linear=0
shrinkage=0.03


Tree=252
num_leaves=15
num_cat=0
split_feature=14 5 13 14 1 4 14 0 4 1 13 1 10 13
split_gain=4.62082 7.29261 7.00663 13.6931 14.7307 14.0748 13.4869 9.8417 11.5467 8.61701 8.97524 9.66242 8.44601 7.7353
threshold=0.45688129504937697 -0.68900641957778597 1.4547602698367663 0.99991832796946301 16.323507481467782 -0.38321451113379496 0.98385531350454725 0.1759344202184521 0.033837247336822925 19.514360975694782 2.0825133384914238 14.66434190996682 0.82097915866767968 1.9944290110530847
decision_type=10 8 10 10 2 2 10 10 2 2 10 2 2 8
left_child=1 -1 7 6 5 -5 9 -2 -9 10 11 -4 -6 -13
right_child=2 -3 3 4 12 -7 -8 8 -10 -11 -12 13 -14 -15
leaf_value=0.019467479445364075 -0.0022717169846372602 0.00090788593218382339 -0.039825025653603657 -0.051921625097370465 0.0089808645459901471 0.0022098207992635884 -0.03516575412160515 0.013112178527999068 -0.0081602416577060341 0.030135378113529204 -0.033187850660448617 -0.0049836384550584392 0.064391402355347072 0.039293213787703868
leaf_weight=19.472543314099312 476.36239514616318 886.72952164174058 6.7865472435951224 4.7509370893239966 4.8606474576517922 47.995327242417261 21.711963773006573 85.961689736694098 31.336894676089287 4.882574720773845 13.443516646861097 49.991057154838927 5.0458795893937349 3.8226707071298724
leaf_count=465 4582 10106 96 34 61 420 281 526 1577 86 191 798 42 52
internal_value=-0.000138532 0.0013067 -0.00186872 -0.0073721 0.00363829 -0.00266588 -0.0142267 -0.000354971 0.00742915 -0.0084665 -0.011012 -0.00609249 0.0372042 -0.00183842
internal_weight=1663.15 906.202 756.952 163.291 62.6528 52.7463 100.638 593.661 117.299 78.9264 74.0438 60.6003 9.90653 53.8137
internal_count=19317 10571 8746 2061 557 454 1504 6685 2103 1223 1137 946 103 850
is_linear=0
shrinkage=0.03


Tree=253
num_leaves=15
num_cat=0
split_feature=2 16 6 7 7 6 6 14 4 2 2 14 14 14
split_gain=4.42667 4.14464 7.66024 9.01361 6.24924 22.3886 16.4716 8.01745 7.46309 6.73927 12.0672 7.44163 12.3161 5.81429
threshold=0.69979385072064104 16.023437592726356 0.02322434644566063 18.860745667566288 17.809847229549479 0.30954011335573023 -0.16334077287076362 0.98893962626547571 -0.1584641940952369 0.42690187594016432 0.47359233210959967 0.78098265348160167 0.34338192689902142 0.27539050613185445
decision_type=2 2 10 2 2 10 10 8 2 2 2 10 10 8
left_child=1 4 -3 -4 -1 6 7 -6 -7 -8 -11 12 -12 -5
right_child=-2 2 3 13 5 8 9 -9 -10 10 11 -13 -14 -15
leaf_value=2.4854496802305945e-05 -0.022524820260329672 -0.020422960357047472 -0.018816080288334237 0.057563164435347675 -0.038096471620876309 -0.052965683684830275 0.018998995661611857 0.017821559369727197 -0.0066505010870366319 0.065733759989542187 -0.031438690050889818 -0.031463605234279816 0.12294166291204678 0.0090674922142678395
leaf_weight=1556.9755558064207 7.7959262229269362 24.350724776741117 10.185891984961929 2.696990878786889 5.8491400363855037 5.2184564210474491 26.350566117092967 3.8114010712597528 7.8286255553830397 8.6669466421008092 0.8956482708454121 2.3618621178902686 0.96745658596046269 12.714322284329683
leaf_count=15013 2489 676 166 52 96 28 157 48 122 81 57 101 45 259
internal_value=2.86898e-05 0.000134046 -0.00837749 0.00308142 0.000396648 0.00974083 0.0190563 -0.016035 -0.0251752 0.0276949 0.0454689 0.00389826 0.0487266 0.0175543
internal_weight=1676.67 1668.87 49.9479 25.5972 1618.93 61.9501 48.903 9.66054 13.0471 39.2425 12.8919 4.22497 1.8631 15.4113
internal_count=19390 16901 1153 477 15748 735 585 144 150 441 284 203 102 311
is_linear=0
shrinkage=0.03


Tree=254
num_leaves=15
num_cat=0
split_feature=15 15 10 7 16 13 9 0 16 8 8 14 15 15
split_gain=6.02521 4.10199 8.86121 7.73686 4.69175 3.81295 16.0147 10.8096 10.0507 7.54107 9.98011 7.89133 11.4543 11.1605
threshold=0.73117253835890861 0.00045328221078665007 3.7095757948227868 13.870690705220525 11.118250097052018 2.4062868706035148 5.497675530618185 0.15369714061076636 12.444831421880691 -0.33474748043457753 -0.45243128673987248 0.045321000132977705 0.0097497969289790532 0.021667511523009452
decision_type=2 2 2 2 2 10 2 10 2 2 2 10 2 2
left_child=1 2 -1 4 -4 -3 7 9 -9 10 -7 -11 -13 -14
right_child=-2 5 3 -5 -6 6 -8 8 -10 11 -12 12 13 -15
leaf_value=-0.00745699298798404 0.033414301530928447 -0.00051259607552762629 0.014162573402304052 0.030589802839111686 -0.01535193921426705 0.011670377706880963 -0.044664495081175301 0.0083235693666248185 -0.029639052524599131 -0.0096627264998526141 0.048315706134726501 0.030402083956356275 -0.021147710200207955 0.012488207938078047
leaf_weight=22.011003880761564 4.9422861319035283 1461.2764420254389 14.174402646720411 18.319783592130989 7.3665968657005569 21.561409386806194 5.7136619269149369 12.169848936609926 12.961577742709776 21.991360811050981 9.696769886184482 19.34627131652087 12.586380175082011 30.133033389924094
leaf_count=158 76 17082 132 118 56 207 41 127 269 292 76 165 137 343
internal_value=0.000339188 0.000241264 0.00782129 0.0162579 0.00406919 -5.04988e-05 0.00456944 0.00657238 -0.0112557 0.0104578 0.0230383 0.00577947 0.011251 0.00257809
internal_weight=1674.25 1669.31 61.8718 39.8608 21.541 1607.44 146.16 140.447 25.1314 115.315 31.2582 84.057 62.0657 42.7194
internal_count=19279 19203 464 306 188 18739 1657 1616 396 1220 283 937 645 480
is_linear=0
shrinkage=0.03


Tree=255
num_leaves=15
num_cat=1
split_feature=6 6 10 7 3 8 5 8 9 14 7 5 19 14
split_gain=4.37687 7.63733 6.02485 8.92758 8.68642 11.5849 8.16452 7.57529 7.43254 16.7126 8.27546 9.03829 7.79076 7.49505
threshold=0.040671451123348808 0.032031454729322902 0.31327320082893079 19.088660399067169 0.022388298568934876 0.038465174712488406 -0.26464041814685235 -0.15200080530368248 0.29293554547188588 0.84638901505545616 15.889353460123793 -0.17728031398908214 0 0.99840325681056941
decision_type=10 8 2 2 2 2 8 2 2 10 2 8 1 10
left_child=1 2 4 8 5 7 -7 -1 9 10 12 -12 -4 -10
right_child=-2 -3 3 -5 -6 6 -8 -9 13 -11 11 -13 -14 -15
leaf_value=0.00070930422714677156 0.0014720335390928459 -0.01919180709220971 0.010151043458764705 -0.032914208003174808 -0.03064902700333802 0.030351649515810764 -0.003316911323016463 -0.015686960726585885 0.0014070024205352406 0.035583606244572574 0.027346940094850284 -0.0088395946707045137 -0.016374682874238492 -0.005894352100482443
leaf_weight=43.201530624181032 810.14328656333964 21.654828581959009 9.2993542081676406 7.33482109918259 12.495404060697181 12.939467040821908 12.989541141316296 61.407756159082055 437.73935350670945 16.901933099958114 16.282671162858605 10.043930742307568 18.929880136041906 177.98356456297915
leaf_count=388 8611 236 132 69 1187 69 206 916 4566 293 113 213 237 2056
internal_value=-0.000109933 -0.00160157 -0.00114677 7.92259e-06 -0.00675352 -0.00446619 0.0134849 -0.00891563 0.000359326 0.00951778 0.00144234 0.0135413 -0.00984118 -0.000703559
internal_weight=1669.35 859.204 837.549 694.516 143.034 130.538 25.929 104.609 687.181 71.4578 54.5558 26.3266 28.2292 615.723
internal_count=19292 10681 10445 7679 2766 1579 275 1304 7610 988 695 326 369 6622
cat_boundaries=0 1
cat_threshold=99
is_linear=0
shrinkage=0.03


Tree=256
num_leaves=15
num_cat=0
split_feature=16 7 6 15 6 2 13 13 6 9 2 6 4 15
split_gain=4.02749 11.5166 7.79562 9.16362 15.1206 10.2786 7.48782 10.0319 9.81943 11.0309 10.8983 7.89803 11.0377 7.79494
threshold=14.639510700653542 17.32914699559424 -0.28315465752174251 0.018131499832870403 -0.056874316472939106 0.34961956657291821 1.410945962415092 1.9116682012118111 0.24512919152345239 0.48356414578744339 0.47359233210959967 -0.084638914402125884 -0.2036508783752716 0.22636566645953302
decision_type=2 2 10 2 10 2 10 10 10 2 2 10 2 2
left_child=1 -1 -2 4 -4 -6 8 13 9 10 -5 12 -9 -8
right_child=2 -3 3 6 5 -7 7 11 -10 -11 -12 -13 -14 -15
leaf_value=0.00037342959108075611 -0.023957681416438076 0.020683254837784715 0.013705460559110217 0.039018535579436478 -0.065803359074244172 -0.018200730962237288 -0.026365686874091843 0.022546259767796537 -0.0072560222365714421 -0.023573761171181276 -0.0090912080671108619 0.0092579652356254063 -0.02302701912075716 0.011435716333057034
leaf_weight=1433.4027985517168 15.831808453309348 25.576048618764617 12.137632397585547 20.353721713647253 4.8874016441404846 24.785338137880899 22.558233498246413 6.4472617637366083 16.361227503046393 4.1749020542483768 5.3520776197547084 52.069188586086966 18.529232210828923 6.275254394626244
leaf_count=15299 300 224 238 149 27 472 660 38 234 45 253 793 410 151
internal_value=0.000170627 0.000729463 -0.00371628 -0.00206385 -0.0145028 -0.0260414 0.00135499 -0.00304364 0.0114264 0.021656 0.0290018 0.00260551 -0.011263 -0.0181387
internal_weight=1668.74 1458.98 209.763 193.931 41.8104 29.6727 152.121 105.879 46.2419 29.8807 25.7058 77.0457 24.9765 28.8335
internal_count=19293 15523 3770 3470 737 499 2733 2052 681 447 402 1241 448 811
is_linear=0
shrinkage=0.03


Tree=257
num_leaves=15
num_cat=0
split_feature=1 14 3 1 0 9 5 1 18 6 6 4 18 9
split_gain=4.79527 11.4321 7.07599 4.8124 11.8095 6.94675 5.77806 5.439 13.1153 12.0307 13.8355 12.7381 11.1209 13.0234
threshold=19.661522054101177 0.29547181399939243 -0.16894286273769296 18.815639539982225 0.10603942224843978 0.2553881726802395 -0.28959333939181964 17.43320639887251 14.945503951602786 0.3231796558218652 -0.12781930703915736 -0.2131966490698102 15.251326364679773 0.12797507750281836
decision_type=2 8 2 2 10 2 10 2 2 10 10 2 2 2
left_child=3 -2 -3 7 6 -6 -5 -1 -9 10 11 -10 -12 -14
right_child=1 2 -4 4 5 -7 -8 8 9 -11 12 -13 13 -15
leaf_value=-0.00067899206544995709 0.064674875037406751 0.020664552404733298 -0.032365757140707427 0.0061110951515749787 -0.001233754115359425 0.069768905367578807 -0.02787719671379572 0.029255620879214642 0.022446700047768768 -0.017371974346450388 -0.0010608966602044299 -0.026866144221762922 0.075736727478460594 0.017349637520519264
leaf_weight=1473.8191686773207 3.4555568769574139 6.1576141789555541 3.5818033947143713 5.8016780465841356 2.8234027768485239 2.2115572423208505 20.088391140452586 18.186297379434109 6.4709094837307957 23.456686474499293 31.360655549913645 17.367735660634935 3.7471167850308111 41.707569569931366
leaf_count=16410 32 36 158 52 90 30 518 157 48 311 334 408 94 599
internal_value=-0.000218223 0.017795 0.00116193 -0.000362533 -0.0120853 0.0299535 -0.0202608 -0.000138212 0.00546283 0.0019764 0.0064854 -0.0134804 0.0126815 0.0221629
internal_weight=1660.24 13.195 9.73942 1647.04 30.925 5.03496 25.8901 1616.12 142.297 124.111 100.654 23.8386 76.8153 45.4547
internal_count=19277 226 194 19051 690 120 570 18361 1951 1794 1483 456 1027 693
is_linear=0
shrinkage=0.03


Tree=258
num_leaves=15
num_cat=0
split_feature=1 13 13 15 6 2 15 13 5 5 9 13 13 6
split_gain=6.97512 6.66662 10.6046 5.65281 14.3368 10.266 8.69875 11.4348 7.79581 6.00081 5.9772 6.19131 5.9051 12.5189
threshold=19.661522054101177 2.3657811542013101 1.5510797328823471 0.19691703507158034 -0.12781930703915736 0.36932675535952908 0.14814930376223487 2.4236575190252818 0.0066769717200239062 -0.13080721589729319 0.087380035205977966 1.4250699967266707 0.20806627336424374 0.90853547664890444
decision_type=2 10 10 2 10 2 2 8 8 10 2 8 8 10
left_child=3 2 -2 6 5 -5 10 8 -8 -6 11 -1 -11 -14
right_child=1 -3 -4 4 9 -7 7 -9 -10 12 -12 -13 13 -15
leaf_value=-0.039855018966567617 0.038382881422519492 0.046758981994390374 -0.032127349130767001 -0.052269631985696258 0.007665464875146198 -0.013056804875486197 0.03879504351927849 -0.014737785271976514 -0.0081180821594835501 -0.037613915023130426 -0.00011151894812514499 0.013560660795393073 -0.010905736717441609 0.062433753190741577
leaf_weight=6.6267794105224294 3.8773058592341823 5.4922485291026533 3.8022452872246504 8.9087036997079867 38.622109116986394 18.459314506500959 15.389773052185769 7.4062249975977492 4.0209016498411136 5.7421009136596695 1520.831628901884 2.768956282408908 21.307146335137084 2.3231490857433519
leaf_count=89 66 60 111 50 270 309 133 121 177 71 17175 99 537 36
internal_value=-0.000222961 0.0215216 0.00347235 -0.000396293 -0.00748646 -0.0258212 3.79504e-05 0.0169764 0.029077 -0.00010668 -0.000258892 -0.0241132 -0.0103264 -0.00369556
internal_weight=1665.58 13.1718 7.67955 1652.41 95.3625 27.368 1557.04 26.8169 19.4107 67.9945 1530.23 9.39574 29.3724 23.6303
internal_count=19304 237 177 19067 1273 359 17794 431 310 914 17363 188 644 573
is_linear=0
shrinkage=0.03


Tree=259
num_leaves=15
num_cat=0
split_feature=14 6 14 14 15 7 10 15 13 0 16 15 14 7
split_gain=5.84394 5.87039 4.64494 11.2205 8.00001 9.50243 9.6708 8.89689 8.06061 13.0789 12.379 9.27983 8.42321 15.5347
threshold=0.0042355090558023516 0.37273337303625848 0.46887375907808199 0.49075382383877647 0.00071638626563030005 13.60032707655572 5.5076030841924926 0.0015080824792273503 2.4062868706035148 0.14489352442881201 12.444831421880691 0.0019969533519560005 0.19412560039077689 15.804624916679751
decision_type=10 10 10 10 2 2 2 2 10 10 2 2 10 2
left_child=1 -1 4 -4 -2 -6 7 -7 11 12 -11 -9 13 -10
right_child=2 -3 3 -5 5 6 -8 8 9 10 -12 -13 -14 -15
leaf_value=-0.018800093941166621 0.031817298048815904 0.02173690668889635 -0.034705239077549625 -0.0010336533243154862 -0.023347464052640925 -0.016056462744017473 0.022564307834076845 0.019184102105527744 0.021081916385157308 0.014029472289624602 -0.031697689226578903 0.00010903147477891745 0.027653092621631726 -0.0090217141896932161
leaf_weight=24.491133905947212 7.9033836908638468 3.7010582215152672 9.0150769328465667 742.17589472432155 13.638003926724194 25.472568487632088 19.896184910787269 23.754023327957839 35.852205084869638 9.4967054477892834 12.138603771571068 681.17018023703713 29.069933787104674 27.081636783434078
leaf_count=374 89 37 116 8550 152 246 176 229 332 103 247 7967 323 291
internal_value=6.41541e-05 -0.0134784 0.00029743 -0.00143775 0.00176947 0.00149886 0.00189108 0.00140376 0.0019471 0.00936167 -0.011626 0.000751809 0.0142971 0.00812775
internal_weight=1664.86 28.1922 1636.66 751.191 885.473 877.57 863.932 844.036 818.563 113.639 21.6353 704.924 92.0038 62.9338
internal_count=19232 411 18821 8666 10155 10066 9914 9738 9492 1296 350 8196 946 623
is_linear=0
shrinkage=0.03


Tree=260
num_leaves=15
num_cat=1
split_feature=4 10 6 15 6 5 17 19 7 14 10 17 0 14
split_gain=4.68903 8.35238 4.92073 4.35421 6.234 7.05416 4.15675 4.33651 7.83189 11.7974 11.7191 10.4416 10.1326 12.4172
threshold=-0.50351934810961452 5.8739518261761399 -0.49938480430873644 0.54921567036790886 -0.09546201747005871 -0.14470037662890214 11.236677132588083 0 14.487182912734733 0.013963820276394501 0.6927365446297794 12.374785787639837 -0.2510737692808393 0.20271305959291103
decision_type=2 2 10 2 10 10 2 1 2 10 2 2 10 10
left_child=1 2 -1 6 -5 -6 -2 8 -8 -10 11 -11 -13 -14
right_child=3 -3 -4 4 5 -7 7 -9 9 10 -12 12 13 -15
leaf_value=-0.01244051498704073 -0.0049241380283137001 -0.028152211826225047 0.020906515619906859 -0.053658466972649463 0.021292985785805029 -0.025471467237703677 0.016283513035561633 -0.00024349665917345676 -0.019245238267728667 -0.0051874698106959575 -0.01571500852418611 0.0013035759063570603 0.051420323214863145 0.0036863979321135254
leaf_weight=4.6733430959284332 152.19309692364186 4.3969693295657626 26.941232677549124 3.1837755248416224 4.8934253603219977 7.1373519459739301 42.461138288490474 1336.2960456900764 20.648072363692336 17.574794859741814 16.082221189397387 12.171877745538948 14.627856605686249 7.3787755591329178
leaf_count=87 1021 68 606 47 38 148 403 15933 365 140 168 81 170 66
internal_value=-0.000119102 0.0105889 0.0159771 -0.000355001 -0.0163291 -0.00645039 -0.000204925 0.000284587 0.00528842 0.000609821 0.00665339 0.0136043 0.0232672 0.0354152
internal_weight=1670.66 36.0115 31.6146 1634.65 15.2146 12.0308 1619.43 1467.24 130.945 88.4836 67.8355 51.7533 34.1785 22.0066
internal_count=19341 761 693 18580 233 186 18347 17326 1393 990 625 457 317 236
cat_boundaries=0 1
cat_threshold=17
is_linear=0
shrinkage=0.03


Tree=261
num_leaves=15
num_cat=0
split_feature=14 1 5 13 6 13 14 4 10 7 8 1 14 0
split_gain=3.9616 6.59204 6.68692 3.76175 8.66879 8.49941 13.4017 14.1957 7.46985 11.4796 10.8383 11.1109 7.68904 7.60614
threshold=0.0037366659525053 14.393462370037978 -0.18380155882099344 2.4126618842427692 0.57322880417681998 2.3719573560516269 0.051093688327306507 -0.19625590463898537 1.1003889311357578 15.437778945603677 0.18650220089764072 14.692635915748058 0.062328703575424409 -0.22244543069713554
decision_type=10 2 8 10 10 10 10 2 2 2 2 2 10 10
left_child=1 2 -1 5 8 -2 -7 -8 9 13 11 -10 -11 -5
right_child=3 -3 -4 4 -6 6 7 -9 10 12 -12 -13 -14 -15
leaf_value=0.02838052967868852 0.00067354911830361198 -0.026366623075238831 -0.025356554739624997 0.0092423579232314597 -0.016996607266642448 0.018320331682262745 -0.0522092654064703 -0.0063450141950674027 -0.029205090155872287 -0.026852090435540262 0.025059233667020696 0.012316190379098183 0.0087965178888549586 0.041290419040917237
leaf_weight=5.388331800699234 1469.7792322303867 12.404654308804309 3.398642204236241 11.07449495047331 13.868334463681093 8.3090424896217865 10.499460544437168 14.40874371561222 15.89180638943799 6.0189419412054113 8.5581817299826053 9.1340941711096075 57.145054713590071 16.739528158563189
leaf_count=49 17050 229 83 90 147 65 75 225 134 131 92 93 626 167
internal_value=0.000603862 -0.0122842 0.007596 0.000770254 0.00550251 0.000334399 -0.0146721 -0.025678 0.00800749 0.0124711 -0.00408416 -0.0140504 0.00539954 0.0285301
internal_weight=1662.62 21.1916 8.78697 1641.43 138.43 1503 33.2172 24.9082 124.562 90.978 33.5841 25.0259 63.164 27.814
internal_count=19256 361 132 18895 1480 17415 365 300 1333 1014 319 227 757 257
is_linear=0
shrinkage=0.03


Tree=262
num_leaves=15
num_cat=2
split_feature=14 14 19 1 16 9 1 19 13 13 10 14 0 13
split_gain=4.24332 7.33219 8.00216 7.09975 6.39352 5.31132 10.0755 13.6062 13.8802 12.7433 9.88248 9.45951 8.57509 7.10875
threshold=0.45688129504937697 0.49075382383877647 0 19.514360975694782 16.535588335194088 0.45589264892102738 15.174251966245221 1 2.3257696736267017 1.2757070733497684 0.72097992202882977 0.42890735191602142 -0.43731403993441559 2.2380004546400394
decision_type=10 10 1 2 2 2 2 1 8 10 2 8 10 10
left_child=5 -2 -3 4 -4 6 7 10 -9 -8 -1 12 -11 -7
right_child=1 2 3 -5 -6 13 9 8 -10 11 -12 -13 -14 -15
leaf_value=0.010278709036352343 -0.024171056785673193 -0.019736418382108278 -0.00093238176183335511 0.036026298390844397 -0.034697287875673499 0.0059799317348745683 0.0088829613194930223 -0.021863456035622633 0.037472970944966405 0.029230248084376315 -0.045149270302787377 0.041226341002327374 -0.0047282584018070511 -0.0023731599350308233
leaf_weight=38.418882453930564 13.038545092917046 11.040835391846485 721.84736393054482 4.6482584613841018 5.0827526241773731 312.6085383418249 129.71244699670933 63.008004211238585 3.7598229213617733 6.902098693419247 3.1309410886606193 4.298455652431584 220.30882334185299 129.75307482178323
leaf_count=638 170 112 8206 79 230 2943 1398 836 41 73 63 53 3294 1201
internal_value=-0.000206613 -0.00186905 -0.00147748 -0.000919573 -0.00116847 0.00117098 -0.00105131 -0.00907649 -0.0161094 0.00135516 0.00491829 -0.00286259 -0.00369668 0.00352981
internal_weight=1667.56 755.658 742.619 731.578 726.93 911.901 469.539 108.318 66.7678 361.222 41.5498 231.509 227.211 442.362
internal_count=19337 8797 8627 8515 8436 10540 6396 1578 877 4818 701 3420 3367 4144
cat_boundaries=0 1 2
cat_threshold=516 609
is_linear=0
shrinkage=0.03


Tree=263
num_leaves=15
num_cat=2
split_feature=0 19 15 13 14 5 15 19 14 14 7 16 13 0
split_gain=4.82502 14.4894 12.5419 16.764 13.0431 11.0147 9.52095 8.77479 15.3347 13.9086 10.2491 19.6815 9.39078 9.77614
threshold=-0.062581569977648396 0 0.0040196350004220007 1.6550696631503925 0.035797863437651158 0.014531801953477698 0.33241833286490258 1 0.047598203733098012 0.2135196193098409 14.245920526083353 10.439039687839388 2.5733505072904044 -0.19298466391757704
decision_type=10 1 2 8 10 8 2 1 8 10 2 2 8 10
left_child=7 2 3 -2 -5 6 -3 -1 10 12 11 -9 13 -10
right_child=1 5 -4 4 -6 -7 -8 8 9 -11 -12 -13 -14 -15
leaf_value=0.0038120656638645904 0.059023604405670775 0.0059931068441303756 -0.014619854863384419 -0.037916224716884231 0.015476955960782841 -0.0014492819248923285 0.033669637447165987 -0.027046600853272425 -0.00057593397815419831 -0.0033038153145559419 -0.017776390184928055 0.013817052231127053 0.040276167886042498 0.016527853537293836
leaf_weight=228.51312016672455 5.0206763849128038 386.96183720254339 77.940073996549472 6.2745441815350267 11.978701878222635 230.21300959796645 11.519658138509838 16.309123993385583 81.493718015495688 447.54972973221447 90.55145807703957 30.344836051110178 7.4955798760056487 47.669383208733052
leaf_count=1980 72 2718 1319 70 134 6575 112 165 671 3977 782 247 63 479
internal_value=0.000190259 0.00202447 -0.00805337 0.0104763 -0.00287692 0.0037159 0.0067932 -0.00121912 -0.00282644 -0.000745951 -0.011891 -0.000467917 0.00763092 0.00573645
internal_weight=1679.84 729.909 101.214 23.2739 18.2532 628.695 398.481 949.927 721.414 584.208 137.205 46.654 136.659 129.163
internal_count=19364 11000 1595 276 204 9405 2830 8364 6384 5190 1194 412 1213 1150
cat_boundaries=0 1 2
cat_threshold=515 519
is_linear=0
shrinkage=0.03


Tree=264
num_leaves=15
num_cat=0
split_feature=16 17 5 10 13 1 7 10 1 13 1 2 14 7
split_gain=4.61806 22.7074 10.0493 12.3263 7.24345 6.45512 11.8389 8.93279 7.94514 11.84 14.2521 10.7869 9.04054 14.3417
threshold=14.511899146510705 14.709573148984449 -0.0036265842922796328 0.7281708348728283 1.3720686065195673 16.505181403252401 16.637601966349767 0.24561605944220122 17.252496137684137 1.5979984245412864 16.874282592707612 0.39569769677797456 0.21806433444650522 16.855493282613043
decision_type=2 2 10 2 10 2 2 2 2 10 2 2 10 2
left_child=1 5 3 -2 -3 -1 7 -7 9 11 -11 -8 13 -13
right_child=2 4 -4 -5 -6 6 8 -9 -10 10 -12 12 -14 -15
leaf_value=-0.00022489602807200597 0.00067198387383459878 0.020108196572538758 -0.016841754672974042 -0.042358545246981322 0.070131029729439354 0.042722229369402002 0.0162036874913556 0.011316002755102595 0.014523588352387319 0.021402359707983185 -0.027982329788321575 -0.010697850780538278 -0.014106193924848966 0.067323513884294597
leaf_weight=1203.2607136945007 187.85004651220515 5.2224247951526177 42.276880366844125 6.1886824965476981 5.1986749535426497 9.4142829179763776 32.648450499400496 60.730023188050836 28.206822464941069 6.5504769539693362 26.684750895947218 5.3865703023038787 32.763942615361884 3.4969489325303584
leaf_count=13081 1848 60 2290 49 72 87 200 516 240 101 219 73 461 58
internal_value=0.000294887 0.000941293 -0.00358812 -0.000700434 0.0450626 0.000615 0.0055237 0.0155311 0.000352233 -0.0033651 -0.0182489 0.00329295 -0.00682808 0.0200148
internal_weight=1655.88 1419.56 236.316 194.039 10.4211 1409.14 205.882 70.1443 135.738 107.531 33.2352 74.2959 41.6475 8.88352
internal_count=19355 15168 4187 1897 132 15036 1955 603 1352 1112 320 792 592 131
is_linear=0
shrinkage=0.03


Tree=265
num_leaves=15
num_cat=0
split_feature=10 10 10 5 3 17 5 1 6 1 16 15 2 1
split_gain=4.30434 6.93395 6.02332 6.18377 11.915 5.23814 9.13214 4.73568 6.26999 12.9042 6.61854 4.66435 9.62885 4.40927
threshold=0.11880900074147896 0.11094310837083286 0.14391141726534593 -0.1524543973117429 -0.10543357119339002 17.177424431804706 -0.18081681257937041 18.815639539982225 -0.035603092079583447 18.96912490576813 16.631105269543777 0.048891981178448257 0.46186041559648072 18.597880559426496
decision_type=2 2 2 10 2 2 10 2 10 2 2 2 2 2
left_child=1 11 3 -2 -5 7 -7 13 -9 -10 -11 -1 -13 -4
right_child=2 -3 5 4 -6 6 -8 8 9 10 -12 12 -14 -15
leaf_value=-0.039399885421339008 -0.041603087336051274 0.062826590749468822 -0.00019206210307403044 0.084061469115119816 -0.023084403064835137 0.06506512042657224 -0.0084455594325007714 -0.027632499283815431 -0.032189726014523495 0.046334016556994935 0.00058985885080492214 0.065057723937871403 -0.030375220974164382 0.015061112613949755
leaf_weight=1.6495282715186457 6.3934999145567417 2.5294421473518014 1603.692266022088 1.2292171362787483 3.8904512578155828 2.9863967038691044 3.099493592628277 13.099762742407618 7.2897942363051724 4.669441322796045 7.2922234286088496 2.0585421398282056 1.7693976224400101 17.239799777744338
leaf_count=36 59 73 17910 26 303 19 96 214 107 51 109 22 172 260
internal_value=-0.000199281 0.0217441 -0.000304434 -0.0219287 0.002641 -0.000154399 0.0276267 -0.000256664 -0.0116218 -0.000727276 0.0184469 0.00277263 0.0209455 -2.98334e-05
internal_weight=1678.89 8.00691 1670.88 11.5132 5.11967 1659.37 6.08589 1653.28 32.3512 19.2515 11.9617 5.47747 3.82794 1620.93
internal_count=19457 303 19154 388 329 18766 115 18651 481 267 160 230 194 18170
is_linear=0
shrinkage=0.03


Tree=266
num_leaves=15
num_cat=1
split_feature=4 10 17 8 17 16 15 15 19 1 10 6 10 0
split_gain=3.8537 12.5045 6.75251 5.81607 4.79336 6.80498 13.4053 11.8282 10.1859 8.85621 13.0542 8.13223 9.20236 14.7452
threshold=-0.50351934810961452 5.2441635288700192 11.124442184963376 -1.5473027866759341 11.329886096360527 12.766923370128087 0.20619981475879642 0.070769605755869255 0 15.478800009249758 0.55729925765160682 0.34630847332171061 0.97224888734877901 0.16637311756008835
decision_type=2 2 2 2 2 2 2 2 1 2 2 10 2 8
left_child=1 -1 3 -3 -2 6 7 8 9 10 -6 12 -12 -14
right_child=4 2 -4 -5 5 -7 -8 -9 -10 -11 11 -13 13 -15
leaf_value=0.020713021362769226 -0.004791042633095253 -0.030468591982803789 -0.053565888950985747 0.023861102714965023 -0.016492253408367095 -0.00148940288651823 -0.036095278354117522 0.022425392084826669 0.0046993547653050522 0.015203538962867117 0.020325554400158145 -0.01548509570305551 -0.0092749894101452762 0.037187849152678455
leaf_weight=26.158426789566875 182.13018196006306 3.3474124558269978 3.3068362064659595 3.7712706923484784 65.474365561269224 792.33422619348858 7.9351360679138443 27.391614216146991 433.32162581512239 19.493054755963385 25.323694105027243 20.939777413266711 39.813657882856205 7.2697355677373698
leaf_count=597 1222 63 39 78 733 11058 55 320 4186 139 234 176 322 106
internal_value=1.1603e-05 0.00964035 -0.0181418 -0.0016863 -0.000205649 0.000374592 0.00265742 0.00313864 0.00227489 -0.00367427 -0.0062226 0.000980625 0.00574243 -0.00210107
internal_weight=1658.01 36.5839 10.4255 7.11868 1621.43 1439.3 646.963 639.028 611.636 178.314 158.821 93.3469 72.4071 47.0834
internal_count=19328 777 180 141 18551 17329 6271 6216 5896 1710 1571 838 662 428
cat_boundaries=0 1
cat_threshold=78
is_linear=0
shrinkage=0.03


Tree=267
num_leaves=15
num_cat=0
split_feature=14 3 8 16 1 1 6 17 15 15 6 6 18 13
split_gain=3.68657 6.43492 5.75277 4.16806 12.5584 9.29702 8.3111 10.9319 8.02431 16.0383 14.1596 10.4103 7.35303 7.1405
threshold=0.004858670245504201 -0.12131009804816166 -0.17054074820373172 13.378433118119014 16.080928090322008 16.551356056898751 0.62320776304344816 13.676036671843251 0.20619981475879642 0.065188933637229218 0.57322880417681998 -0.36698864210298898 13.122917438633928 0.8089287594334964
decision_type=8 2 2 2 2 2 10 2 2 2 8 10 2 10
left_child=1 2 -1 4 8 6 13 -8 9 -2 11 -11 -10 -5
right_child=3 -3 -4 5 -6 -7 7 -9 12 10 -12 -13 -14 -15
leaf_value=-0.01464070846353991 0.00013766814696224912 -0.031085459588518962 0.015851044123191146 -0.02581446866038159 0.012803408922645818 0.00068629092987057929 -0.0032143084478655081 0.048001247888171894 -0.038942221603094289 -0.0093783790526379678 -0.019795076829610923 0.03286008630774552 -0.0019777219364481972 -0.0074412040371651372
leaf_weight=12.712421949952843 920.63152365921997 9.161656605312599 9.9096798636019248 22.983233473496512 82.344903620076366 418.75085627823137 13.930209048790859 5.1330475015565744 8.7090503593208286 6.3002741367090485 7.3032786726253098 31.550771438982338 10.911231285659595 110.87309378420468
leaf_count=110 9124 285 76 394 717 5806 161 114 71 54 100 320 95 1914
internal_value=0.000245483 -0.00987405 -0.0012837 0.000441672 0.0015485 -0.00162564 -0.00795655 0.0105762 0.000607991 0.000993851 0.0184502 0.0258295 -0.0183855 -0.0105959
internal_weight=1671.21 31.7838 22.6221 1639.42 1067.75 571.67 152.92 19.0633 985.406 965.786 45.1543 37.851 19.6203 133.856
internal_count=19341 471 186 18870 10481 8389 2583 275 9764 9598 474 374 166 2308
is_linear=0
shrinkage=0.03


Tree=268
num_leaves=15
num_cat=0
split_feature=14 7 10 16 6 6 0 10 14 4 16 15 13 0
split_gain=4.91937 8.5426 8.30061 7.99426 6.85644 6.75008 6.67247 6.00413 5.93722 4.67264 5.99124 4.03394 8.16005 8.35141
threshold=0.0062437950463136013 13.870690705220525 0.47896111718935003 10.189917341941426 -0.69312769889166248 0.029130544349669222 -0.15851499908115549 1.9183069298359208 0.0033150623758492503 -0.58423173546621499 12.53928665317734 0.0016077564791259003 2.4777370829720708 -0.48954806013639002
decision_type=10 2 2 2 10 8 8 2 10 2 2 2 10 10
left_child=1 -1 5 -4 7 -3 -5 -2 -7 10 -6 12 13 -11
right_child=4 2 3 6 9 8 -8 -9 -10 11 -12 -13 -14 -15
leaf_value=-0.031757782251201565 -0.005064189850075714 -0.038417676171860093 -0.025654537435722637 0.038870624618122296 0.024470679019158611 -0.029761976744867257 0.0010231071599850193 -0.049770151314537554 0.020837532921585033 -0.018323266917951393 -0.033778533129882729 0.0012358392945496801 -0.029056835540625898 -0.00028391023251596331
leaf_weight=11.556723020039497 6.7869058072101307 7.8348383669508639 4.4425001987256136 8.2359881193842721 13.017435212619601 3.5420598250348103 8.5387489423155802 4.4940177104435861 5.0806875077541918 24.965450508520007 1.8101945668458927 1242.1603798300494 10.060227078152819 308.65453869523481
leaf_count=122 78 171 35 81 345 59 113 55 71 174 42 14730 72 3076
internal_value=0.000147134 -0.00919447 -0.0022732 0.0101287 0.000432442 -0.0182619 0.0196053 -0.0228738 5.22213e-05 0.000596697 0.0173595 0.000439964 -0.00243656 -0.00163383
internal_weight=1661.18 49.2315 37.6748 21.2172 1611.95 16.4576 16.7747 11.2809 8.62275 1600.67 14.8276 1585.84 343.68 333.62
internal_count=19224 652 530 229 18572 301 194 133 130 18439 387 18052 3322 3250
is_linear=0
shrinkage=0.03


Tree=269
num_leaves=15
num_cat=0
split_feature=8 9 1 14 0 13 17 13 7 9 7 13 13 3
split_gain=5.11833 8.76235 5.82455 7.60413 11.6651 11.1658 7.23385 7.23165 9.58546 12.9938 7.53823 8.50577 6.90119 6.89934
threshold=-0.12370677518587218 2.8091699705450863 14.999174484547956 0.020194696556959553 -0.4026888612373748 1.9307550195720182 10.875122124241962 2.302896958277175 14.033114424866884 1.0150988888484187 14.067882438448313 1.3720686065195673 1.4898427138261239 -0.053989310684344087
decision_type=2 2 2 10 10 10 2 10 2 2 2 10 10 2
left_child=2 -2 3 4 5 -1 -6 10 -9 -10 -5 -12 -13 -4
right_child=1 -3 13 7 6 -7 -8 8 9 -11 11 12 -14 -15
leaf_value=-0.041392649650552851 -0.0027163760637767664 0.0062584046920489108 0.0032729633818685652 0.0076329204559803408 -0.0044639377191121529 0.017312665147627273 0.019395197417810248 -0.042964951596052306 -0.028763577681750724 0.018636263941397963 -0.0094920336813101858 0.020567453225889144 -0.0024318272201621608 0.023532881854984811
leaf_weight=7.6427876725792867 649.74509655847214 115.27813673275523 547.82023258879781 57.496445516124368 15.559698469005523 4.7147169783711433 43.161404914222658 9.1800273340195435 10.924402542645113 9.9421083165798319 116.47693372296635 17.24688955117017 36.786756735062227 15.55736754753161
leaf_count=85 11063 1006 4007 452 121 64 328 69 77 86 920 126 260 644
internal_value=0.000436621 -0.001364 0.00198004 -0.0011907 0.00749783 -0.018995 0.0130731 -0.00358388 -0.0174183 -0.00617933 -0.00176079 -0.00492836 0.00490927 0.00383243
internal_weight=1657.53 765.023 892.51 329.132 71.0786 12.3575 58.7211 258.054 30.0465 20.8665 228.007 170.511 54.0336 563.378
internal_count=19308 12069 7239 2588 598 149 449 1990 232 163 1758 1306 386 4651
is_linear=0
shrinkage=0.03


Tree=270
num_leaves=15
num_cat=1
split_feature=14 14 3 14 15 0 15 7 10 19 0 0 17 14
split_gain=4.26969 7.6238 9.64952 10.0448 8.91923 8.2655 11.4673 8.23048 7.96403 7.65553 16.2405 11.2667 8.81566 14.569
threshold=0.097291733669550809 0.059861851376385306 0.070229247843345957 0.041048364422884405 0.038219329885165361 0.62320776304344816 0.079777873452005016 13.918606029933132 0.72097992202882977 0 -0.071380452999811925 0.34026317912844323 12.938096702708874 0.035797863437651158
decision_type=10 10 2 10 2 8 2 2 2 1 10 10 2 10
left_child=1 2 9 4 7 6 8 -4 -5 11 -11 -1 -12 -14
right_child=-2 -3 3 5 -6 -7 -8 -9 -10 10 12 -13 13 -15
leaf_value=0.0083466521700293894 -0.00091587429504238777 0.0089543287412779289 -0.031180438040780637 -0.0081188829918315917 -0.027222326850506056 -0.031636791522624219 0.11931730593502327 0.025021964004171081 0.057167675901124114 -0.0099149999277565945 0.00078754680459238726 -0.020156045813059693 0.043115703143302389 -0.0061323652750466867
leaf_weight=115.5906078023836 1105.5200425401563 121.43954425421543 2.8059411589056316 2.6086412227014062 5.8157155310036606 1.2568476952146728 1.7555817688116802 14.278043723199515 4.7320864261128008 159.49539662525058 82.447533939499408 13.992371107451616 12.682118508964779 9.4232142847031337
leaf_count=960 13391 1345 29 145 467 86 60 644 84 1203 572 104 128 89
internal_value=0.000157639 0.00232204 0.000435291 0.0159538 0.00486718 0.0404757 0.0504396 0.0157911 0.0339671 -0.000875667 -0.00374917 0.00489145 0.00529821 0.0221219
internal_weight=1653.84 548.324 426.884 33.2529 22.8997 10.3532 9.09631 17.084 7.34073 393.631 264.048 129.583 104.553 22.1053
internal_count=19307 5916 4571 1515 1140 375 289 673 229 3056 1992 1064 789 217
cat_boundaries=0 1
cat_threshold=517
is_linear=0
shrinkage=0.03


Tree=271
num_leaves=15
num_cat=1
split_feature=16 17 13 6 3 6 13 16 0 1 16 9 0 19
split_gain=4.50756 11.034 7.48149 7.1348 7.04872 9.07932 6.08562 8.77628 14.2089 7.55674 11.9161 6.9061 6.46674 14.2325
threshold=14.511899146510705 14.709573148984449 2.5733505072904044 -0.3446239916744413 -0.076765987897609841 0.7131412089517003 2.1156314683294095 13.600867136031956 -0.27402392444866552 16.409983984272774 13.138133661771175 0.087380035205977966 -0.09663939416438809 0
decision_type=2 2 8 10 2 10 10 2 10 2 2 2 10 1
left_child=1 6 3 -2 5 -5 9 -8 -9 11 -11 -1 13 -13
right_child=2 -3 -4 4 -6 -7 7 8 -10 10 -12 12 -14 -15
leaf_value=-0.035119263305189677 -0.030374647590393621 0.030336495151051437 0.029203944207001471 0.00095653559867275395 -0.013414899369941686 -0.032826124112161827 -0.0013134746192975523 0.015466512148451109 -0.025667635916019158 0.031427436977847688 0.004514841372411261 0.015095284082313646 0.0029744488177784771 -0.0034041020618871677
leaf_weight=4.9404966308502472 9.4021730148233456 11.167240915005094 5.9800538080744436 154.40237740706652 50.838810582063161 7.5080809667706481 226.4025847138837 9.8284773989580554 32.71391484234482 16.166861903853714 176.03431372414343 30.975825448986143 463.84309341059998 453.76178259623703
leaf_count=63 188 139 67 1187 2654 43 2324 90 415 186 1663 236 6198 3792
internal_value=6.57854e-06 0.000633029 -0.00390877 -0.00480013 -0.00366989 -0.000610027 0.000398553 -0.00366265 -0.0161645 0.00135187 0.00677857 0.000258012 0.000442268 -0.00198076
internal_weight=1653.97 1425.83 228.131 222.151 212.749 161.91 1414.67 268.945 42.5424 1145.72 192.201 953.521 948.581 484.738
internal_count=19245 15106 4139 4072 3884 1230 14967 2829 505 12138 1849 10289 10226 4028
cat_boundaries=0 1
cat_threshold=3
is_linear=0
shrinkage=0.03


Tree=272
num_leaves=15
num_cat=2
split_feature=2 0 19 6 15 6 15 0 0 9 19 1 15 10
split_gain=5.24258 3.97356 10.2894 9.76488 10.1948 9.91766 10.5277 9.64987 8.37301 9.35222 8.29481 8.23073 7.59404 7.5476
threshold=0.70461060424620792 -0.062581569977648396 0 2.8502593387554245 0.0040196350004220007 0.014231193779079556 0.014975875252265302 1.2993876769189603 0.055368431877895315 0.25028201122143318 1 16.576011435910299 0.044746642905247901 0.15822096963046986
decision_type=2 10 1 8 2 10 2 10 10 2 1 2 2 2
left_child=1 10 3 4 -3 -6 -7 -4 11 12 -1 -8 -10 -12
right_child=-2 2 7 -5 5 6 8 -9 9 -11 13 -13 -14 -15
leaf_value=0.012682394946814548 -0.025882656040067009 0.01564852157954183 0.003032149750118287 -0.041070242337100271 -0.021484796122429952 -0.017385926187200033 0.0033197300151773402 0.027033451532104218 -0.070126089072923448 0.005377161044851933 -0.022595229255597402 0.040354350705259542 -0.012980425864541982 -0.0014022549399091079
leaf_weight=27.487348415888846 7.0279324206057927 21.21849682321772 546.89036614331417 6.5389481675811103 31.303366215666756 28.561443301849067 12.299643973354252 15.503686671145259 2.628197669517248 34.005414960673079 15.383657103404401 9.6291318042203766 10.275753249647094 896.13971381774172
leaf_count=237 2416 191 6844 49 603 269 119 143 44 369 301 97 191 7455
internal_value=-2.66523e-05 8.29551e-05 0.00176157 -0.00487238 -0.00361858 -0.00679503 -0.00207388 0.00362927 0.00427921 -0.0028744 -0.0012021 0.019582 -0.0246195 -0.00174083
internal_weight=1664.89 1657.87 718.854 156.46 149.921 128.703 97.3996 562.394 68.8381 46.9094 939.011 21.9288 12.904 911.523
internal_count=19328 16912 8919 1932 1883 1692 1089 6987 820 604 7993 216 235 7756
cat_boundaries=0 1 2
cat_threshold=519 1
is_linear=0
shrinkage=0.03


Tree=273
num_leaves=15
num_cat=0
split_feature=6 9 14 14 2 15 5 13 13 1 13 5 14 1
split_gain=5.63644 6.29045 14.1824 17.1206 11.0151 9.53119 9.82628 9.8351 9.37683 8.2338 11.1228 8.63857 7.83713 12.9347
threshold=0.053427950486814819 0.43233514565223879 0.99840325681056941 0.99480956794563868 0.52090265795053259 0.00051612466014085015 -0.65363830303006909 1.0842019269551735 0.16648269435719201 14.772265884765188 2.2159032603086923 -0.53522807535778527 0.036402556190887052 14.56716204432596
decision_type=10 2 10 10 2 2 8 10 10 2 10 10 10 2
left_child=1 4 3 8 9 -4 -7 -8 -3 10 -1 -11 13 -10
right_child=-2 2 5 -5 -6 6 7 -9 12 11 -12 -13 -14 -15
leaf_value=-0.02296983445738645 0.0014808722580052381 0.027051833429898631 0.0081808000326751788 0.045014325885771748 -0.025298344131648186 -0.051931721041127261 -0.018881158412561223 -0.0018830879485419807 0.0037308910305999888 0.032142301544954496 0.01558650352036129 -0.0026531215651196738 0.0044348884272910989 -0.017766786284179572
leaf_weight=35.98955684248358 789.47323956748005 13.325396763626484 29.041165578179061 8.6841416035313141 22.731808624812402 5.0318245850503445 53.643008643062785 71.426839160732925 58.604239520151168 6.5716822966933242 8.2838641181588155 281.09462331794202 233.08234630082734 44.178013525670394
leaf_count=295 8319 119 256 83 2449 56 586 857 543 133 70 2728 2376 410
internal_value=-0.000355369 -0.00201842 9.2356e-05 0.00340574 -0.00509537 -0.00735865 -0.0108274 -0.00917364 0.00237096 -0.00371184 -0.0157557 -0.00185823 0.00139175 -0.00550927
internal_weight=1661.16 871.689 517.017 357.874 354.672 159.143 130.102 125.07 349.19 331.94 44.2734 287.666 335.865 102.782
internal_count=19280 10961 5286 3531 5675 1755 1499 1443 3448 3226 365 2861 3329 953
is_linear=0
shrinkage=0.03


Tree=274
num_leaves=15
num_cat=0
split_feature=6 1 17 7 13 9 9 1 2 2 4 1 5 13
split_gain=4.68868 6.52471 7.45595 6.24586 13.6063 8.1814 12.2282 7.19453 8.35602 7.35014 6.53568 7.78789 6.37564 6.29875
threshold=0.046647892529003483 14.279324402735066 9.9435628609731683 14.409731309331567 0.92937025068064383 0.44511969924584277 0.77459669679612986 14.969140017968995 0.23447549137877718 0.21475901801501726 -0.27021053025125158 14.34329249293509 -0.36838925278758666 2.6599717818418389
decision_type=10 2 2 2 10 2 2 2 2 2 2 2 8 10
left_child=-1 2 -2 4 5 -3 -7 8 -5 -9 11 -6 -10 -11
right_child=1 3 -4 7 10 6 -8 9 12 13 -12 -13 -14 -15
leaf_value=-0.0015096455089569246 -0.03716613883301445 0.022688180786875817 -0.0031882534317053532 -0.044789851079044624 -0.023518374939207241 -0.051175795740783306 0.0019821430456924694 0.025678028194015674 0.020880914628511511 0.0033142517865112063 0.034326305724150054 0.020359201088171131 -0.0052048084731165815 -0.021115358103698134
leaf_weight=857.10304354806431 6.1529125273227683 6.1934287082403925 105.01473318331409 4.5072691589593878 4.7296920567750957 6.1806551348418024 10.52992578409612 13.012386786751447 9.1490691453218442 486.3048565358622 20.074255519080907 15.810992427170275 107.67917890497483 9.6879230987979081
leaf_count=10745 63 43 995 47 39 53 84 269 59 5235 110 176 1247 130
internal_value=3.45523e-05 0.00167864 -0.00506886 0.0027597 0.0117261 -0.00676347 -0.0176791 0.00185617 -0.00470834 0.003421 0.0221529 0.010256 -0.00316198 0.00283708
internal_weight=1662.13 805.027 111.168 693.86 63.5189 22.904 16.7106 630.341 121.336 509.005 40.6149 20.5407 116.828 495.993
internal_count=19295 8550 1058 7492 505 180 137 6987 1353 5634 325 215 1306 5365
is_linear=0
shrinkage=0.03


Tree=275
num_leaves=15
num_cat=1
split_feature=19 6 17 1 7 15 6 1 7 6 2 13 13 17
split_gain=4.5093 10.2866 11.3919 9.56582 12.7382 11.2239 12.107 10.4744 9.27036 8.99194 9.25191 8.48774 8.43573 8.04998
threshold=0 1.0148574401318973 13.382883461854082 17.401386256005559 16.103606633183045 0.04678525644080516 -0.098336357207732636 16.022789845627432 15.962272243970913 -0.15362962533266752 0.38180287142117364 1.3213143496009947 2.6599717818418389 8.8443277298869152
decision_type=1 10 2 2 2 2 10 2 2 10 2 10 8 2
left_child=1 -1 11 4 7 -5 -7 13 -9 10 -6 -3 -11 -2
right_child=3 2 -4 5 9 6 -8 8 -10 12 -12 -13 -14 -15
leaf_value=0.0006697819410022782 -0.036047607770771865 0.01908991958926913 0.044705031747497195 0.027239135253225546 -0.045012209475226758 -0.022209039059037858 0.0091318857499066725 0.036407577695295436 -0.00073154044580888593 -0.0048992200992628602 -0.011186171126748265 -0.0099219663410459388 -0.046224202182899563 -0.0016361110111084536
leaf_weight=992.45889080408961 6.2130542546510688 23.114401866681874 9.3200093872146663 20.014306134195067 13.424459192901852 14.831973661202936 44.007480898755603 12.306338885799052 11.896178957074879 76.627025266177952 15.892637236742301 14.943067004904149 4.7195071545429519 401.14603601023555
leaf_count=11651 68 245 118 173 102 287 694 108 84 992 327 124 65 4256
internal_value=0.000105638 0.00130913 0.0149784 -0.00189978 -0.00335018 0.00783272 0.00123161 -0.00102174 0.0181527 -0.0124306 -0.0266753 0.00769855 -0.00729678 -0.00216096
internal_weight=1660.92 1039.84 47.3775 621.079 542.225 78.8538 58.8395 431.562 24.2025 110.664 29.3171 38.0575 81.3465 407.359
internal_count=19294 12138 487 7156 6002 1154 981 4516 192 1486 429 369 1057 4324
cat_boundaries=0 1
cat_threshold=337
is_linear=0
shrinkage=0.03


Tree=276
num_leaves=15
num_cat=0
split_feature=14 1 15 1 6 6 15 10 7 5 17 14 6 6
split_gain=3.79555 11.9998 6.42998 5.60197 11.4866 6.17851 8.84029 5.59439 5.54547 6.71459 8.55098 5.32895 7.62132 6.0968
threshold=0.010499019598694403 14.087006291328022 0.0034464153026489007 13.997290746395423 0.10785279086797152 -0.74284902452151613 0.00039683486313815008 3.7095757948227868 13.940899129834687 -0.58289315930302743 11.272007589269046 0.015882331696476803 -0.22954569326144311 -0.14494735511041071
decision_type=8 2 2 2 10 10 2 2 2 10 2 10 10 8
left_child=1 7 -3 4 11 -5 -7 -1 9 -8 -11 -2 -13 -14
right_child=3 2 -4 5 -6 6 8 -9 -10 10 -12 12 13 -15
leaf_value=-0.016117149137172875 0.047548781454091478 0.031198355186477105 -0.0024092893415492149 -0.037496402777205735 -0.0049131846874437895 0.020984329935046252 0.0090523704077363782 -0.050279260578803532 6.5068864975712998e-05 -0.045225894780195536 -0.0059955801023172687 0.00045138832957023167 0.05273635648091736 0.016496410813274635
leaf_weight=16.85990201623645 5.067333589307963 5.5803401819430283 62.599783090758137 3.9532728693447998 33.057802828494459 17.948401361703873 8.6285313386470097 5.7978656366467467 1428.8034464698867 8.6277846843004244 11.89416306465864 17.647522079525515 6.0270007855724543 13.618718530517073
leaf_count=213 51 60 788 60 313 152 146 57 16855 52 58 197 51 147
internal_value=1.63987e-05 -0.00594432 0.000341396 0.000364543 0.00834007 -4.19168e-05 5.84068e-05 -0.0248588 -0.000199205 -0.0131525 -0.0224887 0.0186828 0.0147605 0.0276143
internal_weight=1646.11 90.8379 68.1801 1555.27 75.4184 1479.86 1475.9 22.6578 1457.95 29.1505 20.5219 42.3606 37.2932 19.6457
internal_count=19200 1118 848 18082 759 17323 17263 270 17111 256 110 446 395 198
is_linear=0
shrinkage=0.03


Tree=277
num_leaves=15
num_cat=1
split_feature=5 19 6 17 2 15 15 16 5 8 15 6 6 9
split_gain=5.0137 6.70249 6.85292 5.31861 4.96486 7.63149 11.2576 4.29139 6.21645 5.8242 5.06023 7.95329 6.2805 6.07775
threshold=-0.5257321239107744 0 -0.63515236378947704 11.236677132588083 0.16587144176924409 0.0046146488142112009 0.0016077564791259003 11.618924617083525 -0.4534276409030078 -0.84064117909392422 0.0016815408994138501 -0.18077056381298376 -0.31626932440650918 0.28834693245108539
decision_type=8 1 8 2 2 2 2 2 10 2 2 10 10 2
left_child=1 4 -3 -2 5 6 -1 8 -5 -10 -11 12 -12 -13
right_child=3 2 -4 7 -6 -7 -8 -9 9 10 11 13 -14 -15
leaf_value=-0.0038623303531265117 -0.006094943668213071 -0.02899018819219118 0.019193970299540664 -0.014229519812716139 0.0032574623935702311 0.031844683303181402 -0.066590349223477063 -0.00035716264157689231 0.025276895369322049 -0.0016039225068217003 0.0066374580169762196 -0.0089590318597498921 -0.020130528231722598 0.016382559716770745
leaf_weight=6.6916233189403993 125.6051631863229 2.8234827015548944 44.917791575193405 15.325650467537342 49.446459310129285 2.3282950073480597 4.1855191644281149 1209.0116000216221 12.673637583386151 78.059713452355936 19.567580768838525 9.6720641423016769 13.217248749453573 71.360545996576548
leaf_count=135 761 45 798 99 509 54 70 15249 91 659 152 89 117 538
internal_value=0.000262407 0.00644017 0.0135137 -0.00017631 -0.000954506 -0.0174486 -0.028 0.000343962 0.00419916 0.0055799 0.0042789 0.00831353 -0.00415409 0.0133578
internal_weight=1664.89 110.393 47.7413 1554.49 62.6519 13.2054 10.8771 1428.89 219.876 204.551 191.877 113.817 32.7848 81.0326
internal_count=19366 1611 843 17755 768 259 205 16994 1745 1646 1555 896 269 627
cat_boundaries=0 1
cat_threshold=265
is_linear=0
shrinkage=0.03


Tree=278
num_leaves=15
num_cat=0
split_feature=14 18 18 1 8 15 18 0 15 13 1 14 1 13
split_gain=4.12217 7.93909 6.1652 6.44352 5.19766 4.89894 4.41676 3.21544 3.0351 5.33376 10.2577 5.20731 4.70911 5.61344
threshold=0.0062437950463136013 11.385794464839575 12.311477794943345 14.34329249293509 -6.6977232741751669 0.019723749028231156 13.155093639979514 -0.33644194147745871 0.45188683325986662 1.6708782305133523 17.316792569378748 0.012803603386688853 19.828932852279468 2.3719573560516269
decision_type=8 2 2 2 2 2 2 10 2 10 2 10 2 10
left_child=1 7 3 5 -2 -3 -4 -1 12 10 11 -10 -6 -14
right_child=4 2 6 -5 8 -7 -8 -9 9 -11 -12 -13 13 -15
leaf_value=-0.016516042919604412 0.029027720616257007 -0.019091644288628137 -0.024039387289136186 0.026167804298847488 0.00016328513203935088 0.020639778834871603 0.016424557397038075 -0.047392033043805244 0.0074076405116521426 -0.040044285918762516 0.020093911960916762 -0.03114592064585988 0.003862914513457362 0.058624681304255619
leaf_weight=7.3934729993343353 5.6085420288145533 8.4716722632292676 12.574137143907135 10.077853965805842 1564.5507577498793 4.1667888909578314 3.008697915589436 5.1500726062804443 4.5030780277447837 4.374659444903954 9.6171230010222626 10.516854755114762 4.4633773744571945 2.7060699267312884
leaf_count=82 68 102 246 100 17993 52 41 46 51 92 112 127 111 21
internal_value=-6.82132e-05 -0.00847836 -0.00169401 0.00827506 0.000197978 -0.00599255 -0.0162267 -0.029193 9.69666e-05 -0.00951803 -0.00409766 -0.0195873 0.000274446 0.0245325
internal_weight=1657.18 50.8427 38.2992 22.7163 1606.34 12.6385 15.5828 12.5435 1600.73 29.0117 24.6371 15.0199 1571.72 7.16945
internal_count=19244 669 541 254 18575 154 287 128 18507 382 290 178 18125 132
is_linear=0
shrinkage=0.03


Tree=279
num_leaves=15
num_cat=0
split_feature=15 13 7 7 16 15 15 17 5 7 10 9 10 14
split_gain=3.69294 5.19518 4.57035 11.1145 9.91879 9.59175 10.8937 8.51511 8.09389 7.5234 7.60403 7.15884 6.80532 6.42622
threshold=0.00036359803691185007 1.0663484182620906 15.039372787734454 14.881925054582391 12.647381656095272 0.20619981475879642 0.039921124688646357 13.56088000467023 1.0979494752932533 15.393486732218379 4.5517886605336626 5.9132558860481863 3.6261597033232875 0.018927739889876952
decision_type=2 10 2 2 2 2 2 2 8 2 2 2 2 10
left_child=1 -1 3 -2 5 6 7 9 11 -4 -11 -6 13 -5
right_child=2 -3 4 12 8 -7 -8 -9 -10 10 -12 -13 -14 -15
leaf_value=0.027075589991081044 -0.00093017100446462413 0.00046256368887833061 0.010736618704436318 -0.043286175847337183 5.2420139593513394e-05 -0.027949205167975031 0.02941856867836494 0.042826918875906367 -0.039903761868812289 0.000258703150088473 -0.035437625881217731 -0.027986757769882374 -0.030898471783198635 -0.0054427113728292825
leaf_weight=10.703368416056039 580.79835730115883 17.227097757393494 80.446588175953366 4.3968445823993525 786.96854647359578 6.6666173897683612 20.204589572735131 5.437511615920811 4.6573456996120504 59.546576959546655 5.9032435915432862 8.2813403453910706 15.829172650119288 49.546724160201848
leaf_count=95 5637 130 742 78 10317 49 202 64 557 517 62 55 188 562
internal_value=-0.000155169 0.0106611 -0.000340657 -0.00228927 0.000955419 0.00735595 0.00872804 0.00596564 -0.000470505 0.00459184 -0.00296093 -0.000239566 -0.0136026 -0.00852727
internal_weight=1656.61 27.9305 1628.68 650.571 978.112 178.205 171.539 151.334 799.907 145.896 65.4498 795.25 69.7727 53.9436
internal_count=19255 225 19030 6465 12565 1636 1587 1385 10929 1321 579 10372 828 640
is_linear=0
shrinkage=0.03


Tree=280
num_leaves=15
num_cat=1
split_feature=14 5 13 16 15 15 17 13 5 1 19 14 14 10
split_gain=3.91183 5.16871 7.17525 3.74009 9.34384 16.3752 8.14557 11.1367 9.1863 13.8301 9.67234 9.85605 9.55315 9.49021
threshold=0.0042355090558023516 -0.20555421002319871 1.9116682012118111 12.632414762672836 0.20619981475879642 0.070769605755869255 12.938096702708874 1.4467436598916679 -0.24652407561508602 16.111726510825971 0 0.99991832796946301 0.90723747869300364 0.79540312828574145
decision_type=10 10 10 2 2 2 2 10 10 2 1 10 10 2
left_child=1 2 -1 4 5 -2 -5 -8 9 -9 11 -10 -11 -13
right_child=3 -3 -4 6 -6 -7 7 8 10 12 -12 13 -14 -15
leaf_value=-0.020108026111774809 0.0015363730153875909 -0.026367421429972844 0.020225297094565983 -0.0072302477367742106 -0.034469390663168509 0.02743467854059144 0.003859534292047525 -0.023186694785433098 -0.017227701280632394 0.010797779592517749 0.00014780898893857662 -0.0085790329760742669 -0.016182721085429546 0.05504690430749002
leaf_weight=7.9191400967538375 756.56216016085818 11.399039835785514 7.9595417752861977 149.62845187669154 6.274063359014689 22.630059724440798 390.79117159848101 15.687436964362858 97.269792550709099 86.38781481795013 93.274828108085785 5.533200607984325 13.681641492992638 3.4101511945482343
leaf_count=68 6926 305 53 1639 47 232 5236 79 2163 582 1792 86 82 66
internal_value=0.000312861 -0.0109546 0.000109947 0.000500141 0.00199493 0.00228854 -0.000872012 0.000475473 -0.00371956 0.00300328 -0.00762062 -0.0132127 0.00710897 0.0156819
internal_weight=1668.41 27.2777 15.8787 1641.13 785.466 779.192 855.664 706.036 315.245 115.757 199.488 106.213 100.069 8.94335
internal_count=19356 426 121 18930 7205 7158 11725 10086 4850 743 4107 2315 664 152
cat_boundaries=0 1
cat_threshold=768
is_linear=0
shrinkage=0.03


Tree=281
num_leaves=15
num_cat=0
split_feature=15 10 17 8 10 15 6 0 3 10 6 15 0 7
split_gain=4.6972 8.19156 5.01238 4.98817 4.57247 5.87167 15.3055 4.93919 3.85357 5.98376 3.3473 8.02345 7.88368 7.69353
threshold=0.00045328221078665007 3.6761371589671672 8.8443277298869152 -0.0076193572051836489 0.11880900074147896 0.018639655776819152 0.014231193779079556 -0.20298899910192966 -0.77676582423930063 5.2441635288700192 -0.54987175908914443 0.0016406351527896003 -0.52915972789282562 14.745196544554458
decision_type=2 2 2 2 2 2 10 10 2 2 8 2 10 2
left_child=1 -1 -2 -3 5 -4 7 -7 9 -6 11 -10 13 -13
right_child=2 3 4 -5 8 6 -8 -9 10 -11 -12 12 -14 -15
leaf_value=-0.0075812932712575158 -0.024978351661469521 0.024136677265960561 -0.032893008292712279 0.0019357139141052259 0.031670410689088456 0.033767878164705785 0.098483423578032428 -0.030601460489730399 -0.019620233551098896 -0.019126976980138408 -0.0011308151976569989 0.021207822681229355 0.028184995054836563 -0.019918702329424422
leaf_weight=20.424153609666973 7.668929122388362 24.470164082013071 1.4335011700168241 14.508914971025659 7.4595406986772996 2.1204348262399431 2.2023340268060565 2.171586174750701 7.9378540464676908 2.8978166915476322 1521.1182225881494 7.6164936544373658 17.100745175383054 8.8511969447135908
leaf_count=155 96 204 39 97 194 14 83 180 108 51 17687 57 244 70
internal_value=-0.000473677 0.00780887 -0.000783394 0.015873 -0.000666026 0.0220602 0.03419 0.00119964 -0.000780566 0.0174581 -0.000901456 0.00750409 0.0139181 -0.000897218
internal_weight=1647.98 59.4032 1588.58 38.9791 1580.91 7.92786 6.49436 4.29202 1572.98 10.3574 1562.62 41.5063 33.5684 16.4677
internal_count=19279 456 18823 301 18727 316 277 194 18411 245 18166 479 371 127
is_linear=0
shrinkage=0.03


Tree=282
num_leaves=15
num_cat=1
split_feature=19 13 17 15 5 13 6 14 0 8 6 6 1 6
split_gain=5.40315 12.2207 12.1824 12.0706 10.4724 15.4127 13.4514 13.1521 11.669 9.98795 9.18276 8.93262 8.22003 14.2069
threshold=0 0.29376149827717574 9.9435628609731683 0.0038998107542829504 -0.26464041814685235 0.95679498074468572 0.06010826703277717 0.019522944642457653 0.059002443844352055 -0.13405836337115493 0.7949755285713338 1.6049580696781767 14.784356634377643 -0.35125293592735629
decision_type=1 10 2 2 8 10 10 10 10 2 10 8 2 8
left_child=1 12 -3 -4 5 6 -5 8 -6 -10 -9 -12 13 -1
right_child=-2 2 3 4 7 -7 -8 10 9 -11 11 -13 -14 -15
leaf_value=0.021804746587485126 0.00099242708911303546 -0.049348769214081316 0.0083316774848230489 0.001995282849270745 -0.011317634713852187 0.0096463991853253557 -0.032578380961804716 -0.015934645759026717 0.037312648912158505 -0.0079103994879057768 0.029789751946204323 -0.014428067177806031 0.032261272607134482 -0.03877737729739935
leaf_weight=9.8868943480774742 1236.4358014992904 5.3506331238895646 62.176183361443691 22.721414001658559 18.357958883978426 71.692169658839703 18.272949211299419 153.83276113483589 12.951733805006372 6.6533453288720912 8.2118821982294303 8.235151430009866 14.041790911229326 5.3792352164164212
leaf_count=73 14498 55 584 167 247 486 162 2349 100 164 80 76 137 70
internal_value=-6.0536e-06 -0.00291518 -0.00439433 -0.00376648 -0.00611035 0.00125662 -0.0134157 -0.0100968 0.00587056 0.0219654 -0.0136567 0.00764956 0.0156952 0.000457784
internal_weight=1654.2 417.764 388.456 383.106 320.929 112.687 40.9944 208.243 37.963 19.6051 170.28 16.447 29.3079 15.2661
internal_count=19248 4750 4470 4415 3831 815 329 3016 511 264 2505 156 280 143
cat_boundaries=0 1
cat_threshold=652
is_linear=0
shrinkage=0.03


Tree=283
num_leaves=15
num_cat=0
split_feature=11 10 10 15 5 10 4 15 17 8 7 4 4 10
split_gain=5.50958 5.10437 10.5164 4.46369 3.68938 6.97653 5.82048 4.86066 8.52552 9.4895 7.82349 6.93169 7.0881 15.0368
threshold=6.5000000000000009 0.15399664588643799 0.11880900074147896 0.23489667470418674 -0.41556008699334795 0.43070143916669873 -0.31160552974727501 0.0074591615921655507 14.132242253853995 0.21022382929229178 16.637601966349767 0.10042624324372464 0.054270908622024001 3.4659060603129275
decision_type=2 2 2 2 8 2 2 2 2 2 2 2 2 2
left_child=-1 2 3 -2 5 -3 -6 8 -8 10 -10 12 -9 -14
right_child=1 4 -4 -5 6 -7 7 11 9 -11 -12 -13 13 -15
leaf_value=-0.027680973837727874 0.0034903905978168216 0.017993159669946052 -0.025457117324975846 0.056784487577842525 -0.015494152936533973 0.0020274948604831395 0.0013658597928497785 -0.0014690706157792837 0.041682330982756054 0.056819064595880396 -0.0023590242373419993 -0.015737078426699198 0.0078222487014921998 0.093384190058407215
leaf_weight=6.3859871234744778 5.9051034187432405 27.908588683232665 18.164521762635559 1.8599155144765971 21.884600557386875 209.8396758204326 595.90879744535778 679.80835130112246 5.0306329358136344 4.9407677316339678 13.039464967674574 29.759662716300227 17.73592125764117 2.0636670812964431
leaf_count=76 258 301 622 58 148 2196 6394 5134 64 209 212 3009 579 24
internal_value=0.000130217 0.000238918 -0.0129656 0.0162557 0.000451855 0.00390166 -0.000146745 0.000102365 0.00205776 0.0199757 0.00990189 -0.00155692 -0.000953731 0.0167402
internal_weight=1640.24 1633.85 25.9295 7.76502 1607.92 237.748 1370.17 1348.29 618.92 23.0109 18.0701 729.368 699.608 19.7996
internal_count=19284 19208 938 316 18270 2497 15773 15625 6879 485 276 8746 5737 603
is_linear=0
shrinkage=0.03


Tree=284
num_leaves=15
num_cat=0
split_feature=9 15 13 9 16 17 13 10 14 3 6 6 14 14
split_gain=4.14468 6.03889 5.43817 5.12835 4.99533 10.1794 8.05646 8.48885 8.96568 8.53753 7.11933 6.58457 11.1042 9.98726
threshold=0.11121652872918492 0.1700121118157478 1.4424813604491364 0.12797507750281836 14.453039481813425 14.644301313447196 2.5733505072904044 0.3106232756026085 0.9941943809633097 -0.10876002730494637 -0.0519177760855613 0.34630847332171061 0.24253753550251614 0.11277015373155796
decision_type=2 2 10 2 2 2 10 2 10 2 10 10 10 10
left_child=1 -1 -3 -2 5 -5 7 8 9 10 -6 13 -13 -9
right_child=3 2 -4 4 6 -7 -8 11 -10 -11 -12 12 -14 -15
leaf_value=-0.019312932052861293 0.015649790707816403 0.056556420557126598 -0.0033394219514350843 0.00064232319709787923 -0.01828844519194564 0.027781260236243711 0.031457297436350562 -0.024699016073258584 -0.03818214595404127 -0.023848647413688751 0.0066946209082914421 0.019924551540097819 -0.023825529084949074 0.005981889964579051
leaf_weight=20.872247709194202 19.61166578088887 1.8842265034327272 4.943920019781217 1366.1212350537535 15.177311696112154 12.55306553642731 5.6385124129010356 10.573558262432924 10.703109739231875 22.563069130992517 31.722311358898878 6.8947144886478808 21.511573096504435 98.534637875272892
leaf_count=491 392 25 184 14271 138 158 56 148 204 1212 240 96 272 1371
internal_value=0.000205312 -0.0113012 0.0131888 0.000401868 0.000215203 0.000889428 -0.00394717 -0.00486425 -0.0126234 -0.00868523 -0.00139022 -0.000340936 -0.0132066 0.00300864
internal_weight=1649.31 27.7004 6.82815 1621.6 1601.99 1378.67 223.319 217.68 80.1658 69.4627 46.8996 137.514 28.4063 109.108
internal_count=19258 700 209 18558 18166 14429 3737 3681 1794 1590 378 1887 368 1519
is_linear=0
shrinkage=0.03


Tree=285
num_leaves=15
num_cat=0
split_feature=16 16 14 13 10 15 1 13 6 13 14 15 4 3
split_gain=5.13501 6.94744 5.1368 4.90316 8.87163 8.15571 7.26871 6.12959 9.36682 5.92216 6.49364 7.91353 5.67984 4.50933
threshold=11.232120652586955 11.19621895113009 0.0028888073012431504 1.1510979375483534 4.4011982667803595 0.014182234595988552 13.939884659780089 1.2858622239194972 0.011412817760674489 0.77172425190131666 0.14926797287316124 0.00049499027157845011 -0.18032746882489584 0.19892664708485466
decision_type=2 2 10 10 2 2 2 10 8 10 10 2 2 2
left_child=1 3 -2 4 5 6 -1 8 -5 10 -6 -12 -10 -4
right_child=2 -3 13 7 9 -7 -8 -9 12 -11 11 -13 -14 -15
leaf_value=0.022154340354567398 -0.024503228159544161 0.02827706812347858 -5.2366127395145715e-05 -0.037284629409082823 0.03676930232877397 0.022500939474759837 -0.0074578211996380699 0.0020161338587767505 0.023766965409304341 0.030459276207354856 0.01801111643640348 -0.030014317587026582 -0.016850626719550031 -0.010015464509666585
leaf_weight=8.7584430556744319 7.9763696980662635 10.169090885436161 1330.7551328558475 9.5848159180022758 4.663085851818324 13.859409470809622 50.33660670532845 141.67346262326464 5.8284699358046055 20.75092856422998 6.510844626929611 5.8737352788448334 6.6152511723339575 42.181116860883776
leaf_count=60 175 76 12179 89 56 129 377 1144 51 194 56 59 54 4661
internal_value=0.000258325 0.00392745 -0.000497929 0.00302525 0.00790022 0.00178859 -0.00306902 -0.000272933 -0.0149947 0.0196962 0.00659503 -0.0047663 0.0021741 -0.000358465
internal_weight=1665.54 284.624 1380.91 274.455 110.753 72.9545 59.095 163.702 22.0285 37.7986 17.0477 12.3846 12.4437 1372.94
internal_count=19360 2345 17015 2269 931 566 437 1338 194 365 171 115 105 16840
is_linear=0
shrinkage=0.03


Tree=286
num_leaves=15
num_cat=2
split_feature=14 14 13 19 3 19 14 1 14 1 9 0 1 17
split_gain=4.06681 10.4108 9.68862 12.7316 10.2812 9.26065 10.5597 8.76435 8.45479 8.41859 9.90322 7.42749 9.66643 8.55436
threshold=0.045321000132977705 0.099371351558171714 2.5733505072904044 0 -0.27584400469586867 1 0.21806433444650522 16.383912352972924 0.15201059026920513 16.080928090322008 0.40692537294028119 -0.35400879944458874 15.435114456773073 13.963050884966512
decision_type=8 10 8 1 2 1 10 2 10 2 2 10 2 2
left_child=-1 2 3 7 -5 6 8 9 -3 10 -2 12 -7 -14
right_child=1 5 -4 4 -6 11 -8 -9 -10 -11 -12 -13 13 -15
leaf_value=-0.003031434588105886 -0.039144933898913693 0.002444710606247613 0.043444188477171138 0.022358825960774549 0.0050023624459232243 -0.019374103377937654 -0.00043903557949394865 -0.035675578911437598 0.019275857871722413 0.029447549909463255 0.00043352732064711841 -0.0091714320142713326 0.039191686041019108 -0.0079428520807196187
leaf_weight=352.03651930717751 7.3785772239789358 64.773807002347894 6.3590769555885336 45.578464635647833 94.194838619790971 7.2097749514505294 833.08124706352828 8.7758832848630828 45.891060763853602 6.2386427059536791 24.860833688173443 158.73768157523591 9.9493579808622581 5.3174724634736767
leaf_count=3842 119 801 63 400 1150 53 9976 102 492 66 243 2036 96 51
internal_value=-0.000166853 0.000598072 0.00702798 0.0057898 0.00995022 -0.000507261 0.000710032 -0.00711616 0.00942433 -0.00245187 -0.00862473 -0.00652586 0.00925466 0.0227746
internal_weight=1670.38 1318.35 193.386 187.027 139.773 1124.96 943.746 47.2539 110.665 38.4781 32.2394 181.214 22.4766 15.2668
internal_count=19490 15648 2143 2080 1550 13505 11269 530 1293 428 362 2236 200 147
cat_boundaries=0 1 2
cat_threshold=304 368
is_linear=0
shrinkage=0.03


Tree=287
num_leaves=15
num_cat=0
split_feature=4 0 6 18 15 14 18 10 1 10 6 6 0 0
split_gain=4.88102 8.60526 6.4645 7.63631 4.32992 4.32393 10.8963 11.4786 13.2914 11.9147 9.11157 11.7698 8.15156 11.1422
threshold=0.17832933170249246 -0.45694506863932333 1.4695755927370795 13.012984402538422 0.00051612466014085015 0.043238438471185706 11.951150161501701 1.2353215777827549 13.984460045296293 0.74399259302874576 -0.0085133754773096797 0.7949755285713338 -0.17138690879187454 0.039978159845773027
decision_type=2 8 10 2 2 10 2 2 2 2 10 10 10 8
left_child=5 -2 4 -4 -3 6 7 9 -9 12 -10 -12 -1 -14
right_child=1 2 3 -5 -6 -7 -8 8 10 -11 11 -13 13 -15
leaf_value=-0.0070614660833807222 0.13222480038143739 0.055397414791797918 0.070343940420450612 -0.032039089333747488 -0.020696404282417695 0.00087405739530775368 -0.0079529569173206593 -0.028094705781112724 0.015436148936287364 0.030194151518600845 -0.018893140547191902 0.025650678338667604 0.030512083178193768 -0.0070108253843668136
leaf_weight=30.194007255136967 0.36630220618098974 0.69126319792122615 1.6534050881164142 1.0864853947423396 25.491913270147052 1291.9036663325969 180.5280097858049 17.970362121239305 24.145356148481369 20.941769073717296 24.321463255211714 6.8401550166308871 17.366589766927063 12.073991147801282
leaf_count=237 18 52 97 92 4011 12082 1719 131 219 161 182 67 143 118
internal_value=-0.000131535 -0.0122695 -0.0140995 0.0297446 -0.0186874 8.70688e-05 -0.00295351 0.00291272 -0.00568 0.0107271 0.001603 -0.00911552 0.00389083 0.0151234
internal_weight=1655.57 29.2894 28.9231 2.73989 26.1832 1626.29 334.382 153.854 73.2773 80.5764 55.307 31.1616 59.6346 29.4406
internal_count=19329 4270 4252 189 4063 15059 2977 1258 599 659 468 249 498 261
is_linear=0
shrinkage=0.03


Tree=288
num_leaves=15
num_cat=0
split_feature=10 6 6 9 13 15 1 6 6 13 10 1 3 15
split_gain=3.44112 8.5537 9.38771 9.87925 9.0728 15.4572 12.0639 8.39859 8.82847 11.1422 10.1424 8.25462 6.41287 6.28942
threshold=0.25672797949908582 0.42257598837721438 0.026184747042986904 0.19568026476272851 1.4834889701362115 0.07663325324931082 16.968273765913683 0.36431971864480611 0.06010826703277717 1.9839754567831094 0.20595954271463013 15.558398321175563 -0.12427231311081426 0.18706976612421733
decision_type=2 10 10 2 10 2 2 10 10 10 2 2 2 2
left_child=1 2 4 7 5 6 -1 8 9 -4 -10 -5 -8 -7
right_child=-2 -3 3 11 -6 13 12 -9 10 -11 -12 -13 -14 -15
leaf_value=-0.024156376157916781 0.0007719797118343611 -0.023832163108437412 0.008659714579399241 0.037365205445350914 -0.019662016347446586 0.035035495542138383 0.043171197138844715 0.066309223052954683 -0.0060044977182927613 0.092586036902300967 0.028624989345308712 -0.013645873210129859 -0.018242889159827219 -0.0026425298773143512
leaf_weight=21.719376357621517 1497.2581036170595 17.151823360240087 3.149975022301077 3.2479543064255294 35.786348725087009 11.832399890641684 4.3938342817127705 2.7720277495682231 21.384504163404927 2.5978473559953272 11.818771546822971 23.599838649155572 2.3479605307802549 6.0138220597291356
leaf_count=418 16068 265 94 70 1099 101 36 29 464 49 162 349 150 53
internal_value=0.000315393 -0.00375827 -0.00147304 0.00672067 -0.00831705 0.000450346 -0.0132745 0.0158551 0.0122644 0.046592 0.00632194 -0.00747473 0.0217826 0.0223387
internal_weight=1665.07 167.816 150.665 68.5709 82.0937 46.3074 28.4612 41.7231 38.9511 5.74782 33.2033 26.8478 6.74179 17.8462
internal_count=19407 3339 3074 1217 1857 758 604 798 769 143 626 419 186 154
is_linear=0
shrinkage=0.03


Tree=289
num_leaves=15
num_cat=0
split_feature=14 1 7 15 13 10 10 0 7 5 7 13 7 10
split_gain=6.37319 8.53983 18.0406 15.369 13.6031 12.9662 11.3802 11.1306 10.9773 12.2397 11.0864 8.23294 14.3377 9.4999
threshold=0.12050675191640116 16.435538936180929 16.637601966349767 0.19691703507158034 2.5733505072904044 0.25672797949908582 0.31647907222475863 0.15790279789432141 16.103606633183045 -0.3298570546766334 15.889353460123793 1.1783529518450997 15.510027761332381 5.5926663837389148
decision_type=10 2 2 2 8 2 2 10 2 8 2 10 2 2
left_child=-1 3 -3 5 6 -2 -4 8 10 -10 11 12 13 -7
right_child=1 2 4 -5 -6 7 -8 -9 9 -11 -12 -13 -14 -15
leaf_value=0.0029705802429645608 -0.032301222627308286 0.015911715863378292 -0.0089191720816094687 -0.051684941611693638 0.048368598549582434 -0.0043858271726731225 0.0030293680044948717 0.005267894711330167 -0.070445066996666431 -0.014146607455780575 0.014142999300146892 -0.0077852830158774535 0.02428541672721856 0.023039786686570488
leaf_weight=614.03132144792471 12.897397981374523 74.629453236237168 112.20015086443163 5.7719508415320879 5.0473784904461345 153.84917836077511 198.94212521857116 149.02402456954587 4.0199867412447929 25.66164719522931 31.800624332856387 248.2313211656874 20.408712546923198 12.273936415556816
leaf_count=6648 278 655 2489 56 56 1372 2221 2456 20 335 295 2219 184 122
internal_value=0.000540727 -0.000873821 0.00264458 -0.00294488 -0.000486825 -0.00251745 -0.00127936 -0.00192214 -0.00408133 -0.0217715 -0.00295593 -0.00420662 0.000555761 -0.0023595
internal_weight=1668.79 1054.76 390.819 663.939 316.19 658.167 311.142 645.269 496.245 29.6816 466.564 434.763 186.532 166.123
internal_count=19406 12758 5421 7337 4766 7281 4710 7003 4547 355 4192 3897 1678 1494
is_linear=0
shrinkage=0.03


Tree=290
num_leaves=15
num_cat=0
split_feature=0 13 13 13 8 3 3 13 3 13 0 2 8 13
split_gain=3.80103 10.5107 7.29639 9.82306 6.27954 5.90838 5.05398 4.85866 8.66073 10.7832 14.9779 8.40893 8.31631 8.47589
threshold=-0.50131591865502145 2.0368540435830744 1.3123741634459674 0.85306354037929077 -0.20869592299948439 -0.1826609199437729 -0.21209516476798998 2.0825133384914238 -0.42893526768719359 2.3388955555406761 -0.038638863333244393 0.37974218749883099 0.33957886018904043 1.7193934546048781
decision_type=10 10 10 10 2 2 2 10 2 10 10 2 2 10
left_child=1 2 3 4 -1 -5 -3 11 9 10 -9 12 13 -2
right_child=7 6 -4 5 -6 -7 -8 8 -10 -11 -12 -13 -14 -15
leaf_value=0.0025650960112657498 0.0023052803387682737 0.025149994322793461 -0.024326952564673276 0.0184930540705198 -0.027675954715650042 -0.013645554987590725 -0.0091937776897416616 -0.0096051733429534658 -0.0011604522455865782 -0.0028445520195666853 -0.067130334656898785 -0.00080508731340668029 0.033295390372836971 0.015162673307587719
leaf_weight=9.5637114280834812 406.10585506912321 12.5614555105567 24.427747332956642 17.67371992953122 17.465769714675844 7.2642229516059151 5.5647673644125453 9.4156046099960822 309.2483613906079 23.282153120264411 7.1799291968345633 752.86938894062769 8.7475074231624586 52.060151221230626
leaf_count=152 2680 194 221 192 152 43 30 95 3692 234 48 11323 42 324
internal_value=-8.8652e-05 -0.00593121 -0.0108042 -0.00444766 -0.0169759 0.00913133 0.0146064 0.000263342 -0.00285721 -0.0160154 -0.034493 0.0011565 0.00431945 0.00376623
internal_weight=1663.43 94.5214 76.3952 51.9674 27.0295 24.9379 18.1262 1568.91 349.126 39.8777 16.5955 1219.78 466.914 458.166
internal_count=19422 984 760 539 304 235 224 18438 4069 377 143 14369 3046 3004
is_linear=0
shrinkage=0.03


Tree=291
num_leaves=15
num_cat=0
split_feature=4 1 15 10 2 2 10 13 13 17 15 6 13 2
split_gain=3.03231 2.92259 11.0446 12.0786 10.5149 9.77341 11.4208 9.24488 18.8351 11.5595 9.17157 11.2225 10.1605 14.3084
threshold=-0.58423173546621499 16.409983984272774 0.0073137377047160007 0.42708866824161679 0.36351504968708331 0.5447226433535749 1.1003889311357578 1.0572974385591876 1.2951685691743033 14.255540281463864 0.1700121118157478 -0.12781930703915736 0.96521901945295274 0.40668425107763201
decision_type=2 2 2 2 2 2 2 10 10 2 2 10 10 2
left_child=-1 10 3 4 -3 6 -4 -6 -9 -10 -2 -12 13 -13
right_child=1 2 5 -5 7 -7 -8 8 9 -11 11 12 -14 -15
leaf_value=0.012282925646445593 -0.00072351272905057137 0.030819768285693088 0.00089389959443867382 0.020980759045113949 -0.025842460854631474 -0.024971510230804597 -0.043402064668958046 0.041563492334531368 -0.03550710378701049 0.02723948177866431 -0.041260263179399036 -0.055255580497554468 0.0098530499296426641 0.006767589456797958
leaf_weight=17.080384963192046 1124.5867138996255 7.7961248122155657 363.52576895616949 49.43546292395331 14.721114255487917 14.359559684060512 5.3151359949260941 7.9348509837873307 9.0840083658695203 3.7263560496503478 10.893129844218491 6.9074118658900279 16.740603911923245 6.4954411264043301
leaf_count=449 11957 62 3724 417 155 1805 35 79 99 77 135 34 172 75
internal_value=-0.00029217 -0.000423017 0.00155807 0.0108503 -0.000725751 -0.000689749 0.000255578 -0.00766001 0.00524252 -0.017255 -0.00123185 -0.0151626 -0.00573154 -0.0251972
internal_weight=1658.6 1641.52 475.898 92.6979 43.2625 383.2 368.841 35.4663 20.7452 12.8104 1165.62 41.0366 30.1435 13.4029
internal_count=19275 18826 6453 889 472 5564 3759 410 255 176 12373 416 281 109
is_linear=0
shrinkage=0.03


Tree=292
num_leaves=15
num_cat=0
split_feature=15 1 7 15 10 0 5 16 8 16 15 0 1 7
split_gain=5.24519 9.82805 8.492 10.3422 7.41094 6.52836 6.4187 5.33011 4.60697 12.2553 17.6862 9.62472 8.74393 9.68785
threshold=0.070769605755869255 15.352793932921921 15.607822256102414 0.23489667470418674 0.24266482916123119 -0.074574734140560359 -0.13080721589729319 16.023437592726356 -0.22607951611216395 13.465045539118888 0.11508850256832516 -0.046174518639339461 16.239191716046275 15.925135757462526
decision_type=2 2 2 2 2 8 10 2 2 2 2 8 2 2
left_child=7 4 3 5 6 -3 -2 -1 12 11 -11 -10 13 -4
right_child=1 2 8 -5 -6 -7 -8 -9 9 10 -12 -13 -14 -15
leaf_value=-0.00034135483244912372 0.029869322033798253 0.016971489990973674 0.017053435010574453 -0.044041646608471194 0.03618280533192747 -0.028963827855220128 -0.033093147185374448 -0.019974107476249416 0.0099162297232509057 -0.034534644349081697 0.0020524282310175079 0.059534954120632026 0.017330889897754335 -0.029709586131942196
leaf_weight=1427.5342365060351 2.7170501817017794 7.9041668474674225 7.3741057852748808 7.4640987375751129 14.241949040559119 4.2990370183251816 3.1427738084457841 12.555068710760677 12.539356621215118 14.07723111740779 76.569952004123479 4.8905740824993726 48.201168380328454 8.6809468478895706
leaf_count=15827 17 71 53 51 209 61 125 317 106 345 1549 69 389 64
internal_value=0.00013619 0.00454066 0.00245113 -0.016225 0.0244986 0.000789049 -0.00389906 -0.000512518 0.00458252 0.000800404 -0.00362943 0.0238385 0.0109439 -0.00823127
internal_weight=1652.19 212.102 192.001 19.6673 20.1018 12.2032 5.85982 1440.09 172.333 108.077 90.6472 17.4299 64.2562 16.0551
internal_count=19253 3109 2758 183 351 132 142 16144 2575 2069 1894 175 506 117
is_linear=0
shrinkage=0.03


Tree=293
num_leaves=15
num_cat=2
split_feature=0 19 14 14 6 13 19 0 15 6 16 9 4 9
split_gain=3.71334 13.5283 11.2277 15.6073 14.0668 10.9555 10.4385 10.1579 9.52876 16.6728 8.4784 8.62785 10.9901 8.32337
threshold=-0.077758287141837343 0 0.047598203733098012 0.20786034430274303 -0.11588825908462173 0.16648269435719201 1 -0.31945034096072622 0.0045208569935089012 0.13104458787994891 14.934897736744142 0.32208164120672655 -0.20932661561488461 0.40034658712868249
decision_type=10 1 8 10 10 10 1 10 2 8 2 2 2 2
left_child=1 -1 5 4 13 -3 8 -5 9 -2 11 12 -6 -4
right_child=6 2 3 7 10 -7 -8 -9 -10 -11 -12 -13 -14 -15
leaf_value=0.0046704493356244979 0.040507944044972918 0.017677263145814637 -0.013102957215425847 0.0014324170175244815 0.017353924924809243 -0.014086798994294034 0.0024686862772775368 -0.0084728447725022377 -0.013213416390744396 -0.0096229637087487004 0.042479940093645641 0.020140141182734307 -0.030548434982342797 0.0069348272754890441
leaf_weight=213.29255773499608 9.0878284602658805 10.598194433376191 34.40738451865036 144.37496999278665 9.0894218459725398 125.42796503310092 652.80462875857484 262.76612817076966 79.165138812037185 17.408916001557376 9.8162541249766928 38.584357495885342 8.1985295722261053 40.757132058264688
leaf_count=1801 111 90 374 1218 72 1118 9723 2445 1383 183 82 327 60 345
internal_value=-0.000502621 -0.00180879 -0.00384128 -0.00198249 0.00662519 -0.011612 0.00104265 -0.00496037 -0.00730957 0.00757089 0.0167666 0.012249 -0.00536299 -0.00223769
internal_weight=1655.78 897.313 684.02 547.994 140.853 136.026 758.467 407.141 105.662 26.4967 65.6886 55.8723 17.288 75.1645
internal_count=19332 7932 6131 4923 1260 1208 11400 3663 1677 294 541 459 132 719
cat_boundaries=0 1 2
cat_threshold=531 515
is_linear=0
shrinkage=0.03


Tree=294
num_leaves=15
num_cat=0
split_feature=1 14 16 13 1 7 5 14 1 16 16 4 6 9
split_gain=4.08218 11.2564 8.03834 6.05663 3.82219 12.0303 8.57425 7.52477 12.8061 17.6629 8.53296 9.32304 7.96627 7.79882
threshold=19.661522054101177 0.29547181399939243 16.535588335194088 1.5510797328823471 14.969140017968995 14.835622176859529 1.0394538015300225 0.015882331696476803 15.828795140351605 13.465045539118888 12.632414762672836 0.064799464831065481 -0.3446239916744413 0.57195855697464049
decision_type=2 8 2 10 2 2 10 8 2 2 2 2 10 2
left_child=2 -2 4 -3 5 -1 -7 8 -6 -10 11 -9 -13 -14
right_child=1 3 -4 -5 7 6 -8 10 9 -11 -12 12 13 -15
leaf_value=-0.0011851646420929793 0.064547923945437416 0.031055924370279236 -0.023569037351831464 -0.018649676504056582 -0.026893377735355002 -0.026860896301579354 0.022719101715028538 0.00496485579250475 0.037078791619628904 -0.019482959225854371 -0.00015214943224544701 0.088477860563025312 -0.031284428619574436 0.033485161413273345
leaf_weight=558.00565607415047 3.2756844516843531 3.529179577017203 13.404558469657784 5.8859068511519581 22.699687742046081 25.900524767814208 3.5722153955139211 218.91246906016022 9.0429498562589306 11.029115232871844 753.81484038120834 1.8672462711110718 2.0529685660731021 9.0429291178006661
leaf_count=5338 32 61 506 140 411 628 283 1630 76 132 9722 51 93 183
internal_value=-0.00030123 0.0166476 -0.000433242 -1.78782e-05 -0.000241325 -0.00217179 -0.0208516 0.000861398 -0.0114573 0.00599947 0.00139594 0.00642869 0.0311489 0.0215015
internal_weight=1642.04 12.6908 1629.35 9.41509 1615.94 587.478 29.4727 1028.46 42.7718 20.0721 985.69 231.876 12.9631 11.0959
internal_count=19286 233 19053 201 18547 6249 911 12298 619 208 11679 1957 327 276
is_linear=0
shrinkage=0.03


Tree=295
num_leaves=15
num_cat=0
split_feature=1 1 0 5 13 8 6 10 9 0 1 4 6 13
split_gain=4.0071 6.79286 6.44117 7.10415 7.47496 12.8854 16.4737 12.5262 9.61732 9.32604 8.45029 7.1555 8.76706 8.53774
threshold=14.506378166745213 14.519530715043926 1.1826197865263153 -0.15596121772281937 0.8812730375777621 -0.010284751036675848 0.056763207491622787 0.59834724389320859 0.96696567513264664 -0.28867437792548212 15.336889003521595 -0.13186972287770868 -0.32181069121887296 2.4126618842427692
decision_type=2 2 10 8 10 2 10 2 2 10 2 2 10 8
left_child=-1 -2 3 11 5 8 9 10 -5 -7 -8 13 -13 -3
right_child=1 2 -4 4 -6 6 7 -9 -10 -11 -12 12 -14 -15
leaf_value=0.0031795670076499361 -0.033428375884597718 -0.00095540492078895862 0.018117513871281951 -0.0063750659847860228 -0.0052874413147694262 0.072553120880207683 0.1133686465003346 0.0044440215420884135 0.030888665455154656 -0.018899644201607835 0.04666038983745207 -0.015763520515566849 0.010681475013726006 0.012234231527390305
leaf_weight=347.53388483892195 5.5968795798253259 619.56261170376092 16.854505838593468 62.034349551657215 384.89470080833416 1.1349741485901166 2.1565496659604824 5.4784217318519941 6.9297009229194364 8.6678150837542507 8.2361242349725199 12.597066023387013 108.126225117594 47.559787075035274
leaf_count=3669 71 4048 387 613 8252 35 63 103 49 457 184 112 827 387
internal_value=0.000320454 -0.00044991 -0.000306185 -0.000551197 -0.00343016 0.00412346 0.0222662 0.0411523 -0.0026307 -0.00831118 0.0605028 0.00120112 0.00792203 -1.51033e-05
internal_weight=1637.36 1289.83 1284.23 1267.38 479.533 94.6379 25.6739 15.8711 68.9641 9.80279 10.3927 787.846 120.723 667.122
internal_count=19257 15588 15517 15130 9756 1504 842 350 662 492 247 5374 939 4435
is_linear=0
shrinkage=0.03


Tree=296
num_leaves=15
num_cat=0
split_feature=15 15 6 15 14 5 8 3 5 0 5 9 1 5
split_gain=3.27259 5.35231 3.67115 2.68557 6.22046 4.91067 3.85081 4.63411 4.5879 3.85877 6.22811 5.61567 3.79417 5.22645
threshold=0.73117253835890861 0.54921567036790886 0.22846824946807412 0.00036359803691185007 0.99608838103335196 -0.51489798392148989 -2.7300124238815715 -0.80843297826455907 -0.40175630673745866 1.2993876769189603 1.1569097860116082 0.19816668658605904 14.581025644951234 0.89467314796962405
decision_type=2 2 8 2 8 10 2 2 10 10 8 2 2 8
left_child=1 3 -3 4 -1 -6 8 -8 -5 10 -9 -11 -13 -14
right_child=-2 2 -4 6 5 -7 7 9 -10 11 -12 12 13 -15
leaf_value=-0.0089073973688470944 0.024765651528763546 -0.033582379728577069 0.0084311382958820041 -0.031604866990747112 -0.0019861321178881379 0.031327775352897123 0.023802924909353988 0.00038982002029806025 0.006538789665210939 -0.038655921302271135 -0.029176057374548776 0.00083890848590162815 0.044360895653249098 0.0065312760874705498
leaf_weight=10.245265049859883 5.0033443415304637 6.8402856368338671 2.5770323163596913 7.2035652175545692 5.9356921128928688 12.100726747885345 7.6840106900781384 1547.4305113907903 4.6829373072832805 1.7772588708903665 6.4390361877158275 8.2236469994531962 7.0780122377909676 6.1366188866086331
leaf_count=78 82 129 23 97 94 65 196 17538 29 51 524 156 63 242
internal_value=0.000540113 0.00046595 -0.0220855 0.000596647 0.00976042 0.0203643 0.000434328 0.000561924 -0.0165774 0.000448687 0.000267303 0.0125892 0.0168374 0.0267936
internal_weight=1639.36 1634.35 9.41732 1624.94 28.2817 18.0364 1596.66 1584.77 11.8865 1577.09 1553.87 23.2155 21.4383 13.2146
internal_count=19367 19285 152 19133 237 159 18896 18770 126 18574 18062 512 461 305
is_linear=0
shrinkage=0.03


Tree=297
num_leaves=15
num_cat=0
split_feature=13 13 6 3 5 4 0 14 0 13 2 16 5 13
split_gain=6.64973 9.14529 11.6399 12.5748 14.3739 10.0953 8.12545 7.11201 6.22928 9.55644 8.88445 7.97505 6.91208 6.22481
threshold=2.4126618842427692 2.302896958277175 -0.14494735511041071 -0.2590071439150432 -0.070962448564743971 -0.1025021309847937 0.15369714061076636 0.022354297677210751 -0.02224809690107837 2.6599717818418389 0.45181314812836798 12.911269387651922 -0.019981700883537009 2.3324312285560764
decision_type=8 10 10 2 10 2 10 10 10 8 2 2 10 8
left_child=1 -1 -3 13 5 -5 8 -8 -2 10 -10 -12 -13 -4
right_child=6 2 3 4 -6 -7 7 -9 9 -11 11 12 -14 -15
leaf_value=-0.00016563018951477833 0.0056691985877304878 -0.026709457304028527 -0.041454137428374491 0.0080180363442785146 -0.020291093473909987 0.047751939063528211 0.027845563883362727 -0.017003320679829223 0.021277836197953461 -0.0058825818684388846 0.10689733417165433 0.086046394814234456 -0.012231083450170044 -0.010143895881388204
leaf_weight=1419.3583945057471 85.180350592476316 26.315411262447014 7.7236524578183889 21.776224203407768 12.099985097767783 7.8221450084820381 3.7910105873597812 19.816414103610441 13.188265956938269 7.5534154503839117 2.4508890034630886 1.1609836216084697 1.4466500730486549 21.971246516332034
leaf_count=16671 852 339 49 115 405 101 72 324 76 123 33 16 93 144
internal_value=-0.000209791 -0.000776767 -0.0096544 -0.00336794 0.00725696 0.0185188 0.00618112 -0.00980124 0.00958083 0.0224952 0.0342425 0.0680432 0.0315245 -0.0182877
internal_weight=1651.66 1517.07 97.7087 71.3933 41.6984 29.5984 134.588 23.6074 110.981 25.8002 18.2468 5.05852 2.60763 29.6949
internal_count=19413 17824 1153 814 621 216 1589 396 1193 341 218 142 109 193
is_linear=0
shrinkage=0.03


Tree=298
num_leaves=15
num_cat=1
split_feature=19 14 14 4 18 15 9 4 13 0 14 14 17 13
split_gain=3.87762 5.81328 13.2413 11.8305 9.56345 10.1803 10.0529 12.5717 9.21572 12.8456 12.0538 9.88904 11.0618 18.7581
threshold=0 0.045321000132977705 0.07596441164512506 -0.1449896416338923 12.205204224390743 0.0073137377047160007 0.72550624523848384 -0.12417138371716312 1.8943075369621609 0.30222795613508119 0.029788267272014151 0.018250858690703805 12.59714443463039 2.1281894765222069
decision_type=1 8 10 2 2 2 2 2 10 8 10 10 2 8
left_child=-1 3 4 -2 5 -3 7 -6 10 11 -5 -10 -13 -14
right_child=1 2 -4 8 6 -7 -8 -9 9 -11 -12 12 13 -15
leaf_value=0.0029500698832890262 -0.010109288945644808 0.016495914968317867 -0.0007711185303793896 0.0060746344979016363 0.02292263867623838 -0.022328550408953127 0.039103721832955275 -0.0056760719945653671 -0.0060655587427690264 -0.023703220759051739 -0.021598435330861424 0.069687340785742694 0.067869864836113764 -0.022253244001395698
leaf_weight=320.51075335498899 149.46959593147039 10.88761766604148 999.36147528071888 46.668865587562323 32.812347140163183 13.76118867297191 14.182902910630217 23.917587428819388 5.267513696919198 5.1224463213002336 20.340389611781575 6.914401988266035 3.7899163154652298 4.6030570813454714
leaf_count=3610 1004 127 12119 679 205 148 117 470 78 134 398 54 92 113
internal_value=3.86939e-05 -0.000676187 0.000249058 -0.00488731 0.0109178 -0.00517941 0.0165131 0.0108653 0.00353202 0.0188061 -0.00232541 0.0293894 0.04159 0.0184426
internal_weight=1657.61 1337.1 1094.92 242.176 95.5616 24.6488 70.9128 56.7299 92.7066 25.6973 67.0093 20.5749 15.3074 8.39297
internal_count=19348 15738 13186 2552 1067 275 792 675 1548 471 1077 337 259 205
cat_boundaries=0 1
cat_threshold=49
is_linear=0
shrinkage=0.03


Tree=299
num_leaves=15
num_cat=0
split_feature=2 1 4 0 14 13 1 14 13 1 0 1 6 0
split_gain=3.84899 6.20382 5.19327 13.3941 7.94166 13.9793 3.04025 9.46889 6.89421 6.32684 10.6222 4.72421 8.84272 12.9455
threshold=0.69979385072064104 13.889194891506749 0.24897740060572196 1.1826197865263153 0.048714497881558162 1.4065542259918551 19.661522054101177 0.29547181399939243 1.5510797328823471 18.815639539982225 0.085691590385052266 17.984043127637459 -0.14494735511041071 -0.038638863333244393
decision_type=2 2 2 10 10 10 2 8 10 2 8 2 10 10
left_child=2 -2 6 4 5 -4 9 -8 -9 11 -11 -1 -13 -14
right_child=1 -3 3 -5 -6 -7 7 8 -10 10 -12 12 13 -15
leaf_value=-0.00048302265402104435 0.071923928153014863 -0.030169305615828503 0.16777060273537464 0.077561391958784365 -0.023401454669320667 -0.031348212683448826 0.060914637568837117 0.032763958329614096 -0.020329117219353023 -0.02299920768709969 0.021121930902966813 -0.014444566335290182 0.02812122082703292 -0.0043153876535950951
leaf_weight=1546.8539607592393 0.58210484543815155 6.7171165742911398 0.59785194462165037 2.7529067751020193 4.2094359514303505 0.67626912682317197 2.9976117797195885 3.5305551986675709 5.845749249914661 24.109190480667166 6.1671714645344791 12.158405667520126 26.114430543966591 19.22657815576531
leaf_count=14547 87 2401 47 58 563 56 27 60 144 546 133 194 229 334
internal_value=-0.000290431 -0.0220275 -0.000194576 0.0235677 -0.00353872 0.0620837 -0.000313408 0.014501 -0.000337442 -0.000425551 -0.0140119 -0.000169158 0.00827446 0.0143667
internal_weight=1662.54 7.29922 1655.24 8.23646 5.48356 1.27412 1647 12.3739 9.3763 1634.63 30.2764 1604.35 57.4994 45.341
internal_count=19426 2488 16938 724 666 103 16214 231 204 15983 679 15304 757 563
is_linear=0
shrinkage=0.03


end of trees

feature_importances:
uv12=390
std12=384
base_trend=355
share_ctry12=327
proj12=292
share_hs12=288
proj3=280
known_ratio=265
base_log=263
known_yoy=262
yoy_cur=218
std6=189
lag0=169
hs4=156
S12_log=155
mean3=84
mom3_12=74
mean12=32
active12=11
since_last=6

parameters:
[boosting: gbdt]
[objective: binary]
[metric: binary_logloss]
[tree_learner: serial]
[device_type: cpu]
[data_sample_strategy: bagging]
[data: ]
[valid: ]
[num_iterations: 300]
[learning_rate: 0.03]
[num_leaves: 15]
[num_threads: 4]
[seed: 0]
[deterministic: 0]
[force_col_wise: 0]
[force_row_wise: 0]
[histogram_pool_size: -1]
[max_depth: -1]
[min_data_in_leaf: 50]
[min_sum_hessian_in_leaf: 0.001]
[bagging_fraction: 0.8]
[pos_bagging_fraction: 1]
[neg_bagging_fraction: 1]
[bagging_freq: 1]
[bagging_seed: 7719]
[bagging_by_query: 0]
[feature_fraction: 0.8]
[feature_fraction_bynode: 1]
[feature_fraction_seed: 2437]
[extra_trees: 0]
[extra_seed: 11797]
[early_stopping_round: 0]
[early_stopping_min_delta: 0]
[first_metric_only: 0]
[max_delta_step: 0]
[lambda_l1: 0]
[lambda_l2: 0]
[linear_lambda: 0]
[min_gain_to_split: 0]
[drop_rate: 0.1]
[max_drop: 50]
[skip_drop: 0.5]
[xgboost_dart_mode: 0]
[uniform_drop: 0]
[drop_seed: 21238]
[top_rate: 0.2]
[other_rate: 0.1]
[min_data_per_group: 100]
[max_cat_threshold: 32]
[cat_l2: 10]
[cat_smooth: 10]
[max_cat_to_onehot: 4]
[top_k: 20]
[monotone_constraints: ]
[monotone_constraints_method: basic]
[monotone_penalty: 0]
[feature_contri: ]
[forcedsplits_filename: ]
[refit_decay_rate: 0.9]
[cegb_tradeoff: 1]
[cegb_penalty_split: 0]
[cegb_penalty_feature_lazy: ]
[cegb_penalty_feature_coupled: ]
[path_smooth: 0]
[interaction_constraints: ]
[verbosity: -1]
[saved_feature_importance_type: 0]
[use_quantized_grad: 0]
[num_grad_quant_bins: 4]
[quant_train_renew_leaf: 0]
[stochastic_rounding: 1]
[linear_tree: 0]
[max_bin: 255]
[max_bin_by_feature: ]
[min_data_in_bin: 3]
[bin_construct_sample_cnt: 200000]
[data_random_seed: 38]
[is_enable_sparse: 1]
[enable_bundle: 1]
[use_missing: 1]
[zero_as_missing: 0]
[feature_pre_filter: 1]
[pre_partition: 0]
[two_round: 0]
[header: 0]
[label_column: ]
[weight_column: ]
[group_column: ]
[ignore_column: ]
[categorical_feature: 19]
[forcedbins_filename: ]
[precise_float_parser: 0]
[parser_config_file: ]
[objective_seed: 8855]
[num_class: 1]
[is_unbalance: 0]
[scale_pos_weight: 1]
[sigmoid: 1]
[boost_from_average: 1]
[reg_sqrt: 0]
[alpha: 0.9]
[fair_c: 1]
[poisson_max_delta_step: 0.7]
[tweedie_variance_power: 1.5]
[lambdarank_truncation_level: 30]
[lambdarank_norm: 1]
[label_gain: ]
[lambdarank_position_bias_regularization: 0]
[eval_at: ]
[multi_error_top_k: 1]
[auc_mu_weights: ]
[num_machines: 1]
[local_listen_port: 12400]
[time_out: 120]
[machine_list_filename: ]
[machines: ]
[gpu_platform_id: -1]
[gpu_device_id: -1]
[gpu_device_id_list: ]
[gpu_use_dp: 0]
[num_gpu: 1]

end of parameters

pandas_categorical:[["0301", "0302", "0303", "0304", "0305", "0306", "0307", "0308", "1604", "1605"]]
