tree
version=v4
num_class=1
num_tree_per_iteration=1
label_index=0
max_feature_idx=30
objective=quantile
feature_names=lag0 lag1 lag2 lag5 lag11 mean3 mean6 mean12 std6 std12 mom3_12 yoy12 active12 since_last uv12 hs_mean3 ctry_mean3 share_hs12 share_ctry12 thb_chg3 ccy_chg3 gdppc_log pop_log gdp_growth inflation sin_m cos_m origin_month hs4 region income
feature_infos=[0:18.205255335410698] [0:18.205255335410698] [0:18.205255335410698] [0:18.205255335410698] [0:18.205255335410698] [0:18.157048131452463] [0:18.124264077093692] [0:18.035115378112071] [0:7.5608558192104249] [0:7.3277870058189585] [-13.843435827688648:1.3862609760987381] [-16.608309852465645:15.089828325648837] [0:12] [0:83] [-2.600506288365116:7.1655352645109822] [12.740363635469087:19.486066681140084] [0:18.809523438786815] [0:0.82993581876002709] [0:1.0000000000000002] [-0.13109644777546911:0.073659523213825295] [-0.17392252264560989:0.46498583640067781] [5.974823611473119:11.636223317283363] [10.533375393456884:21.095474558318681] [-32.9088287752921:63.334634365485499] [-3.7491452479962901:221.34164402336501] [-1:1] [-1:1] [1:12] -1:8:0:5:6:9:2:3:4:1:7 -1:0:1:3:2:5:4:6 -1:0:3:2:1
tree_sizes=1790 1798 1807 1785 1777 1805 1811 1797 1806 1815 1765 1798 1798 1797 1803 1798 1823 1830 1815 1809 1804 1806 1799 1809 1798 1814 1811 1789 1826 1793 1794 1825 1840 1799 1781 1836 1814 1806 1810 1825 1827 1814 1815 1809 1821 1808 1789 1826 1848 1812 1815 1809 1808 1814 1807 1806 1788 1821 1813 1832 1842 1784 1800 1839 1828 1816 1831 1809 1821 1836 1828 1812 1845 1846 1829 1835 1835 1797 1829 1826 1812 1821 1847 1848 1847 1823 1818 1824 1829 1787 1817 1804 1841 1796 1808 1834 1800 1809 1826 1820 1842 1816 1835 1827 1830 1818 1830 1824 1831 1815 1832 1854 1835 1854 1827 1798 1824 1830 1810 1836 1839 1831 1836 1856 1794 1820 1832 1846 1833 1849 1832 1835 1805 1857 1843 1822 1851 1823 1832 1821 1820 1816 1838 1808 1854 1849 1845 1814 1815 1810 1822 1824 1808 1812 1833 1821 1829 1835 1801 1828 1842 1809 1819 1822 1816 1843 1800 1829 1856 1823 1831 1827 1814 1844 1835 1814 1832 1837 1831 1847 1824 1823 1811 1822 1831 1819 1837 1839 1808 1821 1811 1818 1815 1808 1828 1836 1809 1806 1817 1852 1848 1851 1837 1835 1818 1832 1803 1826 1834 1823 1834 1825 1833 1819 1821 1824 1794 1844 1836 1824 1808 1833 1802 1837 1847 1837 1848 1839 1814 1833 1825 1772 1828 1836 1830 1820 1829 1838 1845 1836 1828 1800 1858 1810 1818 1824 1845 1851 1802 1812 1845 1850 1822 1817 1833 1811 1834 1837 1817 1824 1817 1866 1829 1818 1850 1821 1823 1823 1848 1819 1821 1844 1800 1831 1831 1824 1842 1823 1806 1809 1823 1858 1810 1849 1817 1848 1806 1841 1848 1814 1814 1822 1814 1811 1816 1831 1825 1809 1833 1842

Tree=0
num_leaves=15
num_cat=1
split_feature=9 9 5 10 8 10 22 29 8 9 11 20 8 11
split_gain=251075 36063.7 26952.2 12581.2 6954.41 4078.31 3941.8 3937.97 3909.93 3529.62 3060.41 2735.93 2642.78 2427.74
threshold=0.74794123625672004 0.42857233563224301 11.182042499457305 -1.9798954090671883 0.76261425212846379 -0.73416688886587422 15.940966786891071 0 0.80627250150025576 0.50877700216264066 0.44815846389171204 0.066203157304000615 4.5409723469878269 -0.059781318536450544
decision_type=2 2 2 2 2 2 2 1 2 2 2 10 2 2
left_child=1 7 3 12 5 -4 -6 -1 -5 -3 -10 13 -2 -8
right_child=2 9 4 8 6 -7 11 -9 10 -11 -12 -13 -14 -15
leaf_value=-0.93762090535643872 -1.4231513972737413 -0.96166968186011237 -1.030049652454202 -1.0982701702577928 -1.1315159142012077 -0.9958871914516837 -1.1784935147843243 -0.94956420466600278 -1.4386570860837342 -0.97523559780748337 -1.4284145755082791 -1.5351301529657224 -1.5365331259863959 -1.2528690797964848
leaf_weight=10184282.535137177 117399.20299911499 2195001.2478103638 71167.33251953125 165955.99126982689 702582.70971679688 882207.77339172363 614006.93208312988 3791884.201007843 910916.67471861839 3174815.4543503523 205049.36656785011 53566.908004760742 104210.03142166138 770261.6097869873
leaf_count=6778 1116 2620 85 1246 1621 1551 1182 4217 6519 4796 1762 92 396 1510
internal_value=-0.964288 -0.961792 -0.974792 -0.980283 -0.972123 -0.968571 -0.973705 -0.960454 -0.978382 -0.965275 -0.979446 -0.975205 -0.991284 -0.974776
internal_weight=2.39433e+07 1.9346e+07 4.59732e+06 1.50353e+06 3.09379e+06 953375 2.14042e+06 1.39762e+07 1.28192e+06 5.36982e+06 1.11597e+06 1.43784e+06 221609 1.38427e+06
internal_count=35491 18411 17080 11039 6041 1636 4405 10995 9527 7416 8281 2784 1512 2692
cat_boundaries=0 1
cat_threshold=17
is_linear=0
shrinkage=1


Tree=1
num_leaves=15
num_cat=0
split_feature=9 9 0 10 1 9 8 10 11 18 10 12 4 0
split_gain=178505 35281.6 23728.5 10380.9 5396.56 4926.25 4204.56 3640.36 4516.46 3517.92 2708.55 2491.67 2327.37 2297.63
threshold=0.78346377175068371 0.42857233563224301 9.1463814107897612 -1.9798954090671883 8.8569864073185869 0.30291371750963841 0.68234641209706992 -0.94441425200141349 0.03295877656462836 0.26812542021720004 -0.71129750768860844 9.5000000000000018 7.8160323843145809 14.742370668645821
decision_type=2 2 2 2 2 2 2 2 2 10 2 2 2 2
left_child=1 5 3 -2 12 -1 10 8 -6 -5 -3 -9 -4 -12
right_child=2 6 4 9 7 -7 -8 11 -10 -11 13 -13 -14 -15
leaf_value=0.026438434975493183 -0.49229019692785808 -0.024693002157119563 -0.47269607432579602 -0.41462062534529087 -0.050022368585121962 0.011161410408156195 -0.027022855458683482 -0.49929249205167614 -0.073597321837359286 -0.4834704414719122 -0.0044842896064141852 -0.063577282427486434 -0.48211309650183987 0.0086354767560221212
leaf_weight=9504567.0717964172 200263.43628120422 170078.2427520752 109097.20002365112 493165.90315437317 125737.87464904785 4511193.1448249817 909238.25309336185 262072.94960021973 89357.0546875 289440.81582164764 3301811.0797628164 2403361.3965682983 383989.08004760742 1205747.9193725586
leaf_count=6284 1481 204 636 4848 212 4689 1549 995 141 1303 5434 5668 1433 563
internal_value=0.000351662 0.00238622 -0.00880315 -0.0156397 -0.00681138 0.00372548 -0.000973555 -0.005984 -0.0122411 -0.0130403 -0.000368811 -0.00547907 -0.0116448 -0.000135101
internal_weight=2.39591e+07 1.96026e+07 4.35649e+06 982870 3.37362e+06 1.40158e+07 5.58688e+06 2.88053e+06 215095 782607 4.67764e+06 2.66543e+06 493086 4.50756e+06
internal_count=35440 18723 16717 7632 9085 10973 7750 7016 353 6151 6201 6663 2069 5997
is_linear=0
shrinkage=0.05


Tree=2
num_leaves=15
num_cat=1
split_feature=8 5 8 28 0 10 0 8 0 18 10 11 10 10
split_gain=132344 24049.9 19727.8 9988.26 7509.36 5783.12 5332.65 5067 4225.61 4201.78 4105.29 3666.23 3014.58 2930.14
threshold=0.68234641209706992 11.182042499457305 0.25412109502606095 0 12.638462706780649 -0.40544638600980487 13.362698596641676 1.5516752164135987 15.469354322107636 0.55125686852329092 -0.73416688886587422 0.45899009854077827 -2.2442104209121454 -4.253318402096812
decision_type=2 2 2 1 2 2 2 2 2 10 2 2 2 2
left_child=2 3 5 7 10 9 11 -2 -6 -1 -4 -3 -5 -9
right_child=1 6 4 12 8 -7 -8 13 -10 -11 -12 -13 -14 -15
leaf_value=-0.001437012869729983 -0.078197751312059138 -0.12629378914189082 -0.060004403437212396 -0.51650391721207844 0.0038314813464856803 0.025666151594267717 -0.0078091588709849535 -0.51833413693518615 0.017208311696299994 -0.39520884477807239 -0.0090737191534242395 -0.4826839746166745 -0.43796069088832557 -0.37238681638674814
leaf_weight=113766.89506602287 84517.198875904083 1837818.1468811035 94512.646810531616 90760.079254627228 6247980.9708862305 9304563.1240386963 781962.54745483398 43251.06964969635 1956292.0081787109 50302.912216186523 1808752.3284139633 317430.8365020752 892132.59763669968 312527.61158227921
leaf_count=261 835 3966 236 461 5648 6358 763 349 623 74 6321 750 5687 2983
internal_value=0.000554173 -0.0073234 0.00230882 -0.012658 0.000772557 0.00394875 -0.0047386 -0.0189165 0.00142897 -0.00535678 -0.002057 -0.00602187 -0.0098541 -0.0215313
internal_weight=2.39366e+07 4.3604e+06 1.95762e+07 1.42319e+06 1.01075e+07 9.46863e+06 2.93721e+06 440296 8.20427e+06 164070 1.90326e+06 2.15525e+06 982893 355779
internal_count=35315 15794 19521 10315 12828 6693 5479 4167 6271 335 6557 4716 6148 3332
cat_boundaries=0 1
cat_threshold=226
is_linear=0
shrinkage=0.05


Tree=3
num_leaves=15
num_cat=3
split_feature=8 0 0 10 28 8 12 29 8 7 28 10 10 10
split_gain=117884 23772.2 16612.4 9558.12 9058.06 5915.01 5220.23 4815.75 4299.99 4008.73 3100.43 3098.79 2761.78 2536.2
threshold=0.60921350972523991 8.0640005786811688 14.244594158277936 -0.71129750768860844 0 1.4274366890819858 8.5000000000000018 1 0.37404666044714835 11.706110621193467 2 -1.151602699524094 -2.5785558912437665 -0.94441425200141349
decision_type=2 2 2 2 1 2 2 1 2 2 1 2 2 2
left_child=2 4 3 11 12 13 -6 -4 -5 10 -7 -1 -2 -3
right_child=1 5 7 8 6 9 -8 -9 -10 -11 -12 -13 -14 -15
leaf_value=-0.41433901592579458 -0.42542938023846832 -0.055171957717774056 0.0038832159279689341 0.010858751752900393 -0.44424499263026851 -0.31434987868125192 -0.44240827567236335 0.021982963634477999 -0.0049286742529755139 -0.45944676153320274 -0.436098175949995 -0.024817720057054262 -0.34219176546492186 -0.01897178896521412
leaf_weight=43118.811362147331 64204.888644695282 194862.25102233887 1385683.5784301758 3795156.5416616201 204766.96304917336 172643.00011825562 353648.28593158722 10605323.202209473 2686683.4533529282 788699.29455566406 604339.30565071106 126537.66388320923 191730.29399442673 2557768.7735080719
leaf_count=249 586 314 795 7464 1514 1003 1703 4098 5430 1501 3170 197 2260 5005
internal_value=0.000672438 -0.00603748 0.00251982 0.000515794 -0.0138733 -0.00455979 -0.0103027 0.00363146 0.000822436 -0.00701344 -0.00956246 -0.0111997 -0.0216627 -0.00316417
internal_weight=2.37752e+07 5.13266e+06 1.86425e+07 6.6515e+06 814350 4.31831e+06 558415 1.1991e+07 6.48184e+06 1.56568e+06 776982 169656 255935 2.75263e+06
internal_count=35289 17056 18233 13340 6063 10993 3217 4893 12894 5674 4173 446 2846 5319
cat_boundaries=0 1 2 3
cat_threshold=98 6 96
is_linear=0
shrinkage=0.05


Tree=4
num_leaves=15
num_cat=3
split_feature=9 12 9 28 9 5 28 21 9 29 5 7 15 2
split_gain=117419 32705.8 12512.4 9123.03 9029.07 6811 4390.21 4086.55 2873.48 2502.11 2363.33 1782.72 1765.83 1575.91
threshold=0.47614893574777267 8.5000000000000018 1.1177400071278865 0 0.32068562203562828 11.622360177440809 1 9.4288290047956345 2.0894949447341769 2 6.4672010355749165 14.621988343897289 19.255681931610429 15.930207739512172
decision_type=2 2 2 1 2 2 1 10 2 1 2 2 2 2
left_child=4 6 9 5 11 8 -2 -6 -4 -3 -8 -1 13 -11
right_child=1 2 3 -5 7 -7 10 -9 -10 12 -12 -13 -14 -15
leaf_value=0.018147794996844241 -0.38093535091679576 0.012726602922737194 -0.09018829160822546 -0.38873320333707584 -0.00032592122509222856 -0.13940453629704508 -0.48233021486597738 0.01244145978393011 -0.31726516741772787 -0.014057302543278048 -0.42435512266976921 0.023868399868656829 -0.0038298186986550648 0.022201721933259661
leaf_weight=2867510.6669597626 88064.373170733452 234774.08857727051 115925.12519979477 2184054.5460395813 1883126.7659759521 227755.39758300781 60502.597144126892 3395242.4588603973 254594.76702308655 3439713.7194457054 398464.13961410522 7325459.5189208984 1345491.8380737305 104071.310546875
leaf_count=4630 1231 260 811 7054 2189 493 631 3479 1796 6437 2363 2350 1580 36
internal_value=0.00074978 -0.00398896 -0.0031709 -0.00587022 0.00333899 -0.0113406 -0.0158125 0.00166046 -0.0155234 -0.00170518 -0.0138494 0.0042082 -0.0019473 -0.0025328
internal_weight=2.39248e+07 8.45341e+06 7.90638e+06 2.78233e+06 1.54713e+07 598275 547031 5.27837e+06 370520 5.12405e+06 458967 1.0193e+07 4.88928e+06 3.54379e+06
internal_count=35340 22692 18467 10154 12648 3100 4225 5668 2607 8313 2994 6980 8053 6473
cat_boundaries=0 1 2 3
cat_threshold=98 96 16
is_linear=0
shrinkage=0.05


Tree=5
num_leaves=15
num_cat=2
split_feature=8 12 8 28 8 10 5 10 0 23 28 4 17 17
split_gain=85762.5 23957.2 15155.9 7830.94 10602.1 5556.68 4040.06 3974.16 3874.15 3787.85 3772.9 3470.08 2879.25 2836.2
threshold=0.60921350972523991 8.5000000000000018 0.25412109502606095 0 1.5516752164135987 -0.57467094067414493 13.568479897599326 -0.46874671805122764 14.244594158277936 3.2343031096144554 1 15.108937352739096 0.046362489344043613 0.00045815733324555008
decision_type=2 2 2 1 2 2 2 2 2 10 1 2 2 2
left_child=2 10 6 4 -3 9 7 -1 11 -4 -2 -7 -11 -5
right_child=1 3 5 13 -6 8 -8 -9 -10 12 -12 -13 -14 -15
leaf_value=-0.44947443769375828 -0.37851980169087263 -0.017029704663751598 -0.0069563859401087988 -0.41257964129754526 -0.22920805155804885 0.002162851293948696 0.022361312992775145 0.013195040944319114 0.010836534695931474 -0.010233480788927635 -0.39922307399496282 -0.035825767332064516 -0.03998525450858606 -0.030416692947599078
leaf_weight=40620.004628539085 145369.4441088438 499496.78667259216 272132.78324317932 260607.11065673828 405357.8952870369 4404509.8998737335 8137655.977355957 1148110.3640995026 4507347.6723022461 85046.344686508179 390913.34310352802 51402.120178222656 65963.875823974609 3428038.5700702667
leaf_count=235 1598 1410 299 1220 2270 8806 3302 3115 2207 194 2475 34 46 8141
internal_value=0.000828192 -0.00489927 0.00239827 -0.00373175 -0.00789994 0.000979872 0.0038258 0.00110301 0.0012442 -0.00461922 -0.0148996 0.000198712 -0.0109698 -0.00270923
internal_weight=2.38426e+07 5.12978e+06 1.87128e+07 4.5935e+06 904855 9.3864e+06 9.32639e+06 1.18873e+06 8.96326e+06 423143 536283 4.45591e+06 151010 3.68865e+06
internal_count=35352 17114 18238 13041 3680 11586 6652 3350 11047 539 4073 8840 240 9361
cat_boundaries=0 1 2
cat_threshold=98 610
is_linear=0
shrinkage=0.05


Tree=6
num_leaves=15
num_cat=2
split_feature=9 12 0 28 9 9 10 20 5 12 4 28 16 26
split_gain=90316.9 35494.2 11045.2 10039.7 6973.28 5250.4 4503.82 2431.79 2373.56 2218.52 2486.25 2179.65 1905.58 1852.9
threshold=0.45965712248966961 8.5000000000000018 12.682939273563061 0 0.31002094161723198 2.0894949447341769 -2.2442104209121454 0.0092365809962844016 11.545725914271452 10.500000000000002 13.883764575971718 1 16.451358733641172 -0.68301270189221952
decision_type=2 2 2 1 2 2 2 8 2 2 2 1 2 2
left_child=4 6 3 5 12 -3 -2 -6 -7 -5 -11 -8 -1 -4
right_child=1 2 13 9 7 8 11 -9 -10 10 -12 -13 -14 -15
leaf_value=0.016650689474494017 -0.44248565101610543 -0.051695388546033172 0.0094390437199653506 -0.41330119362809442 0.013978317057587321 -0.30811244154379719 -0.35970828063940202 0.0043755960180718511 -0.27553351940858661 -0.020691736850960971 -0.068629912362433043 -0.38333618179589296 0.023553065463342529 -0.006809057391566513
leaf_weight=3931254.037771225 98739.539796352386 420434.05481338501 1108768.7628479004 671737.35143470764 2147454.5889377594 254338.71796703339 150145.38613176346 3064396.2476272583 107586.98100280762 2370588.8093280792 128651.40057373047 299145.47002315521 5685182.8226776123 3372904.186050415
leaf_count=4394 859 2007 1093 2900 2079 1802 1469 3446 269 7546 133 1888 2153 3345
internal_value=0.000873347 -0.00308302 -0.0022819 -0.00420833 0.00327013 -0.00928102 -0.0154134 0.0017973 -0.0136959 -0.00295672 -0.00227109 -0.0132885 0.00406837 -0.000582582
internal_weight=2.38113e+07 8.98304e+06 8.43501e+06 3.95334e+06 1.48283e+07 782360 548030 5.21185e+06 361926 3.17098e+06 2.49924e+06 449291 9.61644e+06 4.48167e+06
internal_count=35383 23311 19095 14657 12072 4078 4216 5525 2071 10579 7679 3357 6547 4438
cat_boundaries=0 1 2
cat_threshold=224 612
is_linear=0
shrinkage=0.05


Tree=7
num_leaves=15
num_cat=3
split_feature=9 1 9 7 10 9 29 28 21 10 1 7 28 21
split_gain=81824.2 26498.9 9195.65 9095.71 7556.98 6209.5 4042.88 3381.2 2946.05 2947.45 3904.62 2646.58 2372.68 2172.18
threshold=0.48476366573424612 7.50254747698229 0.34199528941851337 11.750915265597671 -3.5020081072333782 3.5035516915506668 0 1 9.6587912576485042 -0.12689275197370972 15.670746037891478 11.519540889561535 2 8.086112581589127
decision_type=2 2 2 2 2 2 1 1 10 2 2 2 1 8
left_child=2 4 6 5 -2 7 -1 -3 9 10 -4 -6 -8 -5
right_child=1 3 8 13 11 -7 12 -9 -10 -11 -12 -13 -14 -15
leaf_value=0.010262371841657354 -0.39755085443456012 -0.094702145664851259 -0.003765805231679565 -0.036034820887300437 -0.33773520819876041 -0.36872891733795693 0.0037030249987108073 -0.025274753999641644 0.0098901757507033825 0.0061124771338548637 -0.046891029404023551 -0.44368961257857537 0.021759847800739623 -0.0071498082920910594
leaf_weight=1891907.4914722443 123333.44727516174 235794.10858058929 597448.69146347046 842486.03002929688 409477.90634441376 613909.60469055176 414924.87689208984 829302.72597312927 2797102.6679992676 1176321.8352775574 122219.3291015625 228904.88757324219 8644019.4900970459 5038294.5599365234
leaf_count=2082 970 1360 719 1181 4381 3298 552 4296 2967 1413 31 482 5189 6512
internal_value=0.000866844 -0.00313897 0.00299766 -0.00224334 -0.0120277 -0.00548917 0.00379124 -0.00318067 0.00114591 -0.000375677 -0.00289609 -0.00983872 0.00423028 -0.00131664
internal_weight=2.39654e+07 8.3215e+06 1.56439e+07 7.55979e+06 761716 1.67901e+06 1.09509e+07 1.0651e+06 4.69309e+06 1.89599e+06 719668 638383 9.05894e+06 5.88078e+06
internal_count=35433 22480 12953 16647 5833 8954 7823 5656 5130 2163 750 4863 5741 7693
cat_boundaries=0 1 2 3
cat_threshold=74 96 148
is_linear=0
shrinkage=0.05


Tree=8
num_leaves=15
num_cat=1
split_feature=9 0 9 0 10 9 28 7 6 0 7 21 15 6
split_gain=81637.6 26372.1 9111.72 8951.02 6104.89 4759.79 3786.09 3263.07 3047.92 2500.04 2409.76 3071.15 2262.38 2207.44
threshold=0.48872564636160803 6.9750002882207136 0.30291371750963841 12.638462706780649 -5.0976453595221329 4.1095314279330202 0 11.519540889561535 11.114638708407108 15.804232180326846 12.682814245187346 8.3719157274651828 19.370557373690556 15.947394267288711
decision_type=2 2 2 2 2 2 1 2 2 2 2 10 2 2
left_child=2 4 -1 5 -2 6 -3 -6 -7 13 -8 -12 -5 -4
right_child=1 3 9 12 7 8 10 -9 -10 -11 11 -13 -14 -15
leaf_value=0.019259934051372281 -0.39580731470003683 -0.086925826776194814 0.0064691612421902897 -0.0018434482173808439 -0.31958605407664514 -0.33652511087314957 -0.015777380598319325 -0.44110385058727569 -0.39924122910918747 0.013987914690177331 -0.53181941944488775 -0.018894153013530347 -0.021300337411821482 -0.018820856693061827
leaf_weight=9729853.13945961 94078.444629669189 573041.0019826889 4945830.985162735 3629095.1920471191 391737.79990673065 317355.71614837646 1712908.6651563644 240763.85592651367 420522.38243103027 1272796.6481933594 105037.45794677734 381416.7958984375 351088.95162963867 98865.76611328125
leaf_count=6346 679 2397 6405 3769 4119 1838 6890 501 1171 350 139 518 384 30
internal_value=0.000946167 -0.00310681 0.00302149 -0.0022246 -0.0122017 -0.00406509 -0.00311523 -0.0104341 -0.00763394 0.0015429 -0.00217205 -0.00527772 -0.000601403 0.00104329
internal_weight=2.42644e+07 8.21705e+06 1.60473e+07 7.49047e+06 726580 3.51028e+06 2.7724e+06 632502 737878 6.31749e+06 2.19936e+06 486454 3.98018e+06 5.0447e+06
internal_count=35536 22405 13131 17106 5299 12953 9944 4620 3009 6785 7547 657 4153 6435
cat_boundaries=0 1
cat_threshold=224
is_linear=0
shrinkage=0.05


Tree=9
num_leaves=15
num_cat=1
split_feature=9 12 8 9 28 10 9 21 23 21 7 12 6 10
split_gain=68857.3 32789.9 7853.12 7639.02 6323.26 2924.53 2676.89 2584.73 2450.28 5649.89 2429.1 2197.94 1981.21 1973.77
threshold=0.45965712248966961 8.5000000000000018 1.4862381147088441 0.22101069469615353 0 -2.5785558912437665 2.6331670451410019 8.4989126923000402 3.7223967920499206 8.1511145926401163 14.454461897089585 10.500000000000002 11.114638708407108 -0.10672915682996459
decision_type=2 2 2 2 1 2 2 10 10 10 2 2 2 2
left_child=3 5 13 -1 6 -2 -4 8 9 -5 -9 -6 -7 -3
right_child=1 2 4 7 11 12 -8 10 -10 -11 -12 -13 -14 -15
leaf_value=0.021668653928135453 -0.3682233737650954 -0.011247166123281901 -0.073135175584024478 0.0057897104281476449 -0.3577383757466075 -0.30413050256080698 -0.29765804167141052 0.0078178267808491995 0.0087473529211940081 -0.020543558380834097 0.011953488049854735 -0.077068778373005548 -0.36394570568850304 -0.0006568641995752932
leaf_weight=5822028.5586738586 89093.529317855835 2871040.1726732254 208862.35003662109 372767.58811950684 658692.69860363007 311693.6742606163 217297.3745059967 2896720.6796913147 897042.40397262573 145223.80996704102 4773445.85546875 685960.94339752197 140118.53442382812 3796969.4068040848
leaf_count=3200 804 4965 1212 506 2571 2947 1115 4936 1194 127 2037 1994 426 7216
internal_value=0.00100529 -0.00245356 -0.00168862 0.00308881 -0.00464842 -0.0143876 -0.00995566 0.00218274 0.000219248 -0.00251879 0.00254497 -0.0029663 -0.012755 -0.00090259
internal_weight=2.3887e+07 8.97973e+06 8.43882e+06 1.49072e+07 1.77081e+06 540906 426160 9.0852e+06 1.41503e+06 517991 7.67017e+06 1.34465e+06 451812 6.66801e+06
internal_count=35250 23250 19073 12000 6892 4177 2327 8800 1827 633 6973 4565 3373 12181
cat_boundaries=0 1
cat_threshold=98
is_linear=0
shrinkage=0.05


Tree=10
num_leaves=15
num_cat=6
split_feature=12 8 12 29 5 28 7 10 29 30 28 10 23 28
split_gain=59796.2 27092 9931.55 8143.88 5388.85 4357.81 3505.31 3104.64 2919.41 2722.12 2650.05 2520.89 2496.11 2072.26
threshold=10.500000000000002 0.37404666044714835 8.5000000000000018 0 12.641328585547852 1 14.218831508753448 -2.5785558912437665 2 3 4 -0.11064892216066544 -9.4467092689102419 5
decision_type=2 2 2 1 2 1 2 2 1 1 1 2 10 1
left_child=2 3 7 6 5 -3 -2 -1 9 -6 -8 -11 -5 -4
right_child=1 4 13 12 8 -7 10 -9 -10 11 -12 -13 -14 -15
leaf_value=-0.34598886736982548 0.010394229963517982 -0.086603358326183655 -0.31746720070555928 -0.007979798884420037 0.012450212489712766 -0.015253726429837355 0.021199910990226965 -0.3062873074064168 -0.007103189387403422 -0.010696975710311203 0.0091701191339307129 0.0085630327207645331 0.0057207770289543587 -0.35523876507946467
leaf_weight=89311.049109458923 2174061.926486969 604754.82739305496 85261.114965438843 106013.82482719421 1461434.7305908203 2309679.4212265015 5828904.5366210938 460490.9113432169 2363728.0566101074 723494.90521240234 2047853.1357421875 928751.5104675293 3766526.922451973 835439.58906841278
leaf_count=828 3953 3046 754 97 1188 7719 2062 3613 2454 492 877 821 4232 3209
internal_value=0.000880725 0.00152427 -0.00888526 0.0028768 -0.00071978 -0.00245678 0.00362741 -0.0142027 0.000204447 0.0012102 0.00411797 -0.000180202 0.00092867 -0.00570993
internal_weight=2.37857e+07 2.23152e+07 1.4705e+06 1.39234e+07 8.39184e+06 2.91443e+06 1.00508e+07 549802 5.47741e+06 3.11368e+06 7.87676e+06 1.65225e+06 3.87254e+06 920701
internal_count=35345 26941 8404 11221 15720 10765 6892 4441 4955 2501 2939 1313 4329 3963
cat_boundaries=0 1 2 3 4 5 6
cat_threshold=17 96 57 1 840 96
is_linear=0
shrinkage=0.05


Tree=11
num_leaves=15
num_cat=2
split_feature=9 0 9 6 10 9 29 7 28 0 6 16 9 9
split_gain=67562.7 22941.5 7815.35 6733.91 6054.16 5658.52 3509.03 2713.31 2298.72 1984.29 2482.49 1864.95 1840.64 1826.18
threshold=0.45965712248966961 6.9750002882207136 0.25637955680489005 11.763128674596411 -5.0976453595221329 4.6949365578631177 0 11.597596396623969 1 15.804232180326846 15.947394267288711 16.264812753376869 2.5679947264250624 4.0576129534188512
decision_type=2 2 2 2 2 2 1 2 1 2 2 2 2 2
left_child=2 4 11 5 -2 8 -5 13 12 10 -4 -1 -3 -6
right_child=1 3 9 6 7 -7 -8 -9 -10 -11 -12 -13 -14 -15
leaf_value=0.01383519514235465 -0.34781369258352851 -0.04345021304362981 0.0078319316515681869 -0.0098211931655611973 -0.13776779676772816 -0.30163263072073376 0.0080639937336237973 -0.39407068141861595 -0.051418588233889929 0.0099957277167549204 -0.014029746163776302 0.020123455498737019 -0.21042377452103547 -0.28567797796303501
leaf_weight=2098461.5758647919 95927.023850440979 216574.82626819611 5621385.2603397369 5026970.5681152344 174582.86654782295 331523.75890350342 1375933.8201446533 229707.1637878418 1184938.6546039581 1819210.0496826172 97243.994873046875 5276151.9604797363 110372.64068603516 235911.79481506348
leaf_count=2480 708 1275 7063 6895 2817 1480 1243 455 6303 482 30 1966 771 1383
internal_value=0.0009795 -0.00244619 0.00304295 -0.00169122 -0.0109036 -0.0043541 -0.000924571 -0.00914837 -0.00305689 0.00191077 0.00145321 0.00420019 -0.00676846 -0.0115834
internal_weight=2.38949e+07 8.98244e+06 1.49125e+07 8.24631e+06 736129 1.84341e+06 6.4029e+06 640202 1.51189e+06 7.53784e+06 5.71863e+06 7.37461e+06 326947 410495
internal_count=35351 23330 12021 17967 5363 9829 8138 4655 8349 7575 7093 4446 2046 4200
cat_boundaries=0 1 2
cat_threshold=71 224
is_linear=0
shrinkage=0.05


Tree=12
num_leaves=15
num_cat=3
split_feature=9 9 5 9 0 0 28 7 29 17 14 7 29 7
split_gain=61487.6 19680.9 12123.9 10075.6 3551.59 2945.95 2921.57 2693.37 2558.21 3380.82 2706.92 2294.22 2216.89 2889.18
threshold=0.48872564636160803 3.9478716632916782 11.157337084664498 0.22101069469615353 15.804232180326846 7.5059293820984641 0 12.386034193304644 1 0.044588837978661207 0.84731182416584983 15.640421179378874 2 14.621988343897289
decision_type=2 2 2 2 2 2 1 2 1 2 10 2 1 2
left_child=3 5 6 -1 8 -2 -3 -4 10 -10 -5 -11 -7 -14
right_child=1 2 7 4 -6 12 -8 -9 9 11 -12 -13 13 -15
leaf_value=0.018783959348266644 -0.13958993264167055 -0.29126811976793693 -0.34794758911836943 -0.0011098353137450026 0.010696973622526626 -0.0035876274592910513 -0.27657833657984737 -0.051285706813093336 0.0038256581538387868 -0.0057393445060994431 0.010803530232387809 -0.022369487211282471 -0.024111669775396596 0.015524836941247143
leaf_weight=5705266.3875350952 301160.80526638031 109297.32648086548 480765.41384887695 949529.97830963135 2393157.9049072266 3887759.8783760071 564361.26840209961 361831.37561035156 2391370.31224823 133807.71127319336 3928811.6128921509 132654.96044921875 2224030.8126535416 226116.39428710938
leaf_count=3174 3602 731 1468 1360 627 7693 3115 485 3412 160 4213 46 5051 116
internal_value=0.000901347 -0.00261823 -0.00775795 0.00273723 0.00177508 -0.0014444 -0.0127582 -0.0037602 0.0012422 -5.86148e-06 0.00192217 -0.00534809 -0.00121481 -0.00239274
internal_weight=2.37899e+07 8.15532e+06 1.51626e+06 1.56346e+07 9.92933e+06 6.63907e+06 673659 842597 7.53617e+06 2.65783e+06 4.87834e+06 266463 6.33791e+06 2.45015e+06
internal_count=35253 22261 5799 12992 9818 16462 3846 1953 9191 3618 5573 206 12860 5167
cat_boundaries=0 1 2 3
cat_threshold=98 53 29
is_linear=0
shrinkage=0.05


Tree=13
num_leaves=15
num_cat=3
split_feature=9 12 9 8 28 13 29 9 14 17 26 28 8 20
split_gain=57033.5 28688.5 9478.58 6231.05 4364.4 3266.14 3012.84 2548.65 2479.49 2428.97 2167.89 3912.15 3025.63 3323.33
threshold=0.48872564636160803 8.5000000000000018 0.30291371750963841 1.4862381147088441 0 1.5000000000000002 1 2.8602080746206089 1.3307689076639566 0.0005111519781268002 0.25000000000000017 2 0.21504900098657187 0.032674146079223358
decision_type=2 2 2 2 1 2 1 2 8 2 2 1 2 8
left_child=2 5 6 -3 7 -2 -1 -5 -8 -6 -4 12 -12 -14
right_child=1 3 10 4 9 -7 8 -9 -10 -11 11 -13 13 -15
leaf_value=-0.0030157835325448582 -0.25588999821647324 -0.0053205329282464721 0.0098889506130976166 -0.056808792201259908 -0.28394719564181053 -0.29758659640542423 0.0086733921200140181 -0.27364971670009075 0.016585396315345721 -0.26582601585126037 -0.010474860236856098 0.0056571067205058133 0.002858771252185509 -0.023560521228423743
leaf_weight=424064.84866142273 440088.91236245632 5803739.6362023354 3704003.9645347595 234031.29041862488 239198.32235431671 113436.91267907619 1835831.0253295898 195717.265001297 7042868.6351318359 1123404.4404430389 104726.85590553284 1964051.2085609436 406802.03877449036 134701.80866241455
leaf_count=787 3305 11086 3913 1401 1059 975 1766 955 3631 3565 78 2274 354 177
internal_value=0.000974192 -0.00241645 0.00274357 -0.00161564 -0.00419254 -0.013406 0.00375841 -0.00858588 0.00395506 -0.00280685 0.00124841 0.000144796 -0.00322973 -0.00172521
internal_weight=2.37667e+07 8.14962e+06 1.56171e+07 7.59609e+06 1.79235e+06 553526 9.30276e+06 429749 8.8787e+06 1.3626e+06 6.31429e+06 2.61028e+06 646231 541504
internal_count=35326 22346 12980 18066 6980 4280 6184 2356 5397 4624 6796 2883 609 531
cat_boundaries=0 1 2 3
cat_threshold=98 2 104
is_linear=0
shrinkage=0.05


Tree=14
num_leaves=15
num_cat=1
split_feature=9 12 9 10 0 0 7 9 7 20 29 7 25 21
split_gain=58192 29956.1 9012.98 5096.8 4451.15 3463.39 2870.47 2226.57 2159.03 2153.83 3033.87 3231.83 2028.39 1945.84
threshold=0.46780610610427176 9.5000000000000018 0.22101069469615353 -6.2039353193934854 11.793182901897534 16.040624683728151 11.706110621193467 3.9478716632916782 13.256065253040653 0.033628626677006057 0 16.203243434593986 -0.5 10.401658970514688
decision_type=2 2 2 2 2 2 2 2 2 8 1 2 2 10
left_child=2 3 13 -2 7 9 -5 8 -3 -4 12 -12 -11 -1
right_child=1 4 5 6 -6 -7 -8 -9 -10 10 11 -13 -14 -15
leaf_value=0.011505826997164475 -0.32249311616731668 -0.035995256198693718 0.0091161980809868186 -0.24368161851321452 -0.0044875783323724506 0.0099502048565117008 -0.33465619747843234 -0.30821459886727004 -0.51934957759317579 -0.022822899061443521 0.0062944276673664121 -0.01531034313972833 -0.0038300788230880693 0.018246714306847413
leaf_weight=984938.28904342651 75266.287071228027 1785198.4120774269 3962904.883638382 601468.06800556183 5611159.8121795654 1943132.2794189453 186214.47665405273 357725.67428588867 56304.300598144531 135590.34241867065 2977101.0715332031 113602.23608398438 283987.10227012634 4791810.4378662109
leaf_count=1086 509 8831 4478 4940 7076 473 391 1140 63 209 3529 32 413 2143
internal_value=0.000909617 -0.00235805 0.00277504 -0.0111983 -0.00138132 0.00182119 -0.0100105 -0.00328792 -0.00258672 0.00133222 0.000430322 0.000971919 -0.00355914 0.00432987
internal_weight=2.38664e+07 8.67334e+06 1.51931e+07 862949 7.81039e+06 9.41632e+06 787683 2.19923e+06 1.8415e+06 7.47319e+06 3.51028e+06 3.0907e+06 419577 5.77675e+06
internal_count=35313 22950 12363 5840 17110 9134 5331 10034 8894 8661 4183 3561 622 3229
cat_boundaries=0 1
cat_threshold=18
is_linear=0
shrinkage=0.05


Tree=15
num_leaves=15
num_cat=2
split_feature=12 9 12 9 8 13 21 0 29 25 20 28 9 4
split_gain=54302.3 28530.5 9257.11 4580.89 3301.26 3121.04 2004.81 1864.71 1743.23 1862.39 2340.97 1722.29 3562.11 1700.99
threshold=10.500000000000002 0.35937098961782199 8.5000000000000018 0.21668140125577132 0.60921350972523991 1.5000000000000002 10.401658970514688 15.804232180326846 0 -0.24999999999999997 0.014640106593488201 1 2.3724746277087601 13.177904806473304
decision_type=2 2 2 2 2 2 10 2 1 2 10 1 2 2
left_child=2 3 5 6 7 -1 -2 -3 9 10 -5 12 -6 -7
right_child=1 4 -4 8 11 13 -8 -9 -10 -11 -12 -13 -14 -15
leaf_value=-0.23626627640162898 0.0085471678358154963 0.00038563542920729135 -0.28417421194665604 0.0010138503870797228 -0.015491399620713367 -0.2311859437562736 0.017588027307377647 0.011686953429963943 0.008658596610597721 0.013282073469208653 -0.016912636069703935 -0.010387798283039701 -0.14338357493554243 -0.33846884655118037
leaf_weight=436754.6543790102 909912.47288131714 6246474.988492012 904262.46430921555 164023.30186462402 619217.63070440292 99405.254185795784 4714346.8526229858 762620.24328613281 5591825.7357711792 386503.23768806458 96968.906108856201 2947821.1433429718 184391.64864730835 11185.35498046875
leaf_count=3268 882 9087 3936 296 2006 1082 2057 239 4347 674 153 6497 841 17
internal_value=0.000992442 0.00159393 -0.00838211 0.00328495 -0.000270431 -0.0135143 0.00431979 0.000370278 0.00235212 -0.000103948 -0.0033672 -0.00146752 -0.00351939 -0.0210175
internal_weight=2.40757e+07 2.26241e+07 1.45161e+06 1.18636e+07 1.07605e+07 547345 5.62426e+06 7.0091e+06 6.23932e+06 647495 260992 3.75143e+06 803609 110591
internal_count=35382 27079 8303 8409 18670 4367 2939 9326 5470 1123 449 9344 2847 1099
cat_boundaries=0 1 2
cat_threshold=2 96
is_linear=0
shrinkage=0.05


Tree=16
num_leaves=15
num_cat=1
split_feature=9 12 9 12 0 5 29 21 26 9 6 11 4 24
split_gain=50254.7 29570.1 8081.22 4627.31 3279.45 2427.41 2197.25 2131.62 1977.33 1787.46 2406.06 1764.36 2327.47 2104.19
threshold=0.45298509075912913 9.5000000000000018 0.24864430950222369 6.5000000000000009 11.558104195771858 12.12408781383728 0 9.372415010612329 1.0000000180025095e-35 3.9114363561601642 13.340530046479717 0.064683413359253969 13.625918543928828 1.5968982021809051
decision_type=2 2 2 2 2 2 1 10 2 2 2 2 2 8
left_child=2 3 6 -2 9 -5 -1 -8 -6 10 -3 -10 -13 -14
right_child=1 4 -4 5 8 -7 7 -9 11 -11 -12 12 13 -15
leaf_value=0.0050758355680453901 -0.21222426746027048 -0.028655054920983872 0.006607171859975185 -0.23367201364203913 0.0026323639670385603 -0.31875931324819734 0.01040473840043119 0.016201425116085921 -0.002998642628008114 -0.27842079255817337 -0.54831665081378533 -0.012221206004245075 -0.0024034266994645268 -0.026217879639435601
leaf_weight=588873.2383518219 182688.80396676064 1591995.9179430008 7719334.7146625519 567678.95824742317 3200902.1914367676 110059.94287109375 975855.75805664062 5422569.6855773926 1836008.2093811035 324887.852684021 28427.555725097656 851188.26898956299 172017.38287353516 363866.72546386719
leaf_count=669 1844 8380 7622 3774 4128 224 1109 2428 2282 1064 31 1487 117 256
internal_value=0.000993023 -0.00189893 0.00280798 -0.0107254 -0.000991499 -0.00882173 0.00403992 0.0043089 -0.000446847 -0.0027901 -0.00211145 -0.00132104 -0.00266695 -0.00524826
internal_weight=2.39364e+07 9.22972e+06 1.47066e+07 860428 8.36929e+06 677739 6.9873e+06 6.39843e+06 6.42398e+06 1.94531e+06 1.62042e+06 3.22308e+06 1.38707e+06 535884
internal_count=35415 23587 11828 5842 17745 3998 4206 3537 8270 9475 8411 4142 1860 373
cat_boundaries=0 1
cat_threshold=10
is_linear=0
shrinkage=0.05


Tree=17
num_leaves=15
num_cat=1
split_feature=12 9 12 11 0 9 11 22 5 29 0 11 26 11
split_gain=48307 26310.8 8608.21 4826.07 3404.4 3368.62 3286.85 2655.54 2447.34 2273.81 2153.05 2147.74 1649.02 2169.74
threshold=10.500000000000002 0.34199528941851337 8.5000000000000018 0.35485554419068421 15.804232180326846 0.50877700216264066 0.44815846389171204 17.761583980270867 1.0000000180025095e-35 0 11.965556170471594 0.70559840867045509 1.0000000180025095e-35 -0.088321798024870682
decision_type=2 2 2 2 2 2 2 2 2 1 2 2 2 2
left_child=2 3 8 4 9 11 7 -5 -1 -2 -4 12 -3 -14
right_child=1 5 10 6 -6 -7 -8 -9 -10 -11 -12 -13 13 -15
leaf_value=-0.25427977027658238 0.011253213036397761 0.0076650757342556141 -0.24255118127207861 -0.0060717086321842636 0.014815332041465724 -0.0080639714753287361 0.0044002231617780337 -0.009275044307290984 -0.2116947499677552 0.0022697715904185125 -0.31205006190818474 -0.021204586342856838 -0.0076894640728315524 0.004299636629729999
leaf_weight=60508.276528000832 4176053.3754959106 2538286.5724163055 617285.05348587036 144924.61777496338 4947176.0993652344 6158028.8462944031 435658.58314323425 123878.07183074951 491441.28799498081 1086669.2977981567 298290.71936035156 178528.43894195557 865990.20952224731 1590002.8098335266
leaf_count=727 4162 2754 3334 140 1122 13509 436 76 3692 1683 627 216 1024 1783
internal_value=0.00092892 0.00150856 -0.00785746 0.00326063 0.0035368 -0.000179108 -0.000742041 -0.00509002 -0.0127895 0.00265158 -0.00488417 0.000761531 0.000954157 3.05158e-05
internal_weight=2.37127e+07 2.22452e+07 1.46753e+06 1.09144e+07 1.02099e+07 1.13308e+07 704461 268803 551950 5.26272e+06 915576 5.17281e+06 4.99428e+06 2.45599e+06
internal_count=35285 26905 8380 7619 6967 19286 652 216 4419 5845 3961 5777 5561 2807
cat_boundaries=0 1
cat_threshold=53
is_linear=0
shrinkage=0.05


Tree=18
num_leaves=15
num_cat=2
split_feature=12 9 12 0 29 10 15 29 21 10 17 27 7 19
split_gain=47728.7 26183 9180.72 4712.52 3123.26 2764.99 2602.11 2563.89 2405.74 3453.73 2699.7 2749.31 2217.74 2104.16
threshold=10.500000000000002 0.34199528941851337 8.5000000000000018 16.040624683728151 0 -7.4381707748405592 19.250863594461013 1 9.9950159102537182 -0.11064892216066544 0.046362489344043613 4.5000000000000009 11.6512248692233 -0.015913561776993296
decision_type=2 2 2 2 1 2 2 1 10 2 2 2 2 2
left_child=2 3 5 7 8 -1 13 -2 9 10 -3 -12 -4 -6
right_child=1 4 12 -5 6 -7 -8 -9 -10 -11 11 -13 -14 -15
leaf_value=-0.27440797880674361 0.0023113487073937035 -0.0029682141467706801 -0.2047898362369375 0.014289996575194686 0.0018815984800354462 -0.20226425644574469 0.0029460042797442919 0.010445135875227968 0.007991397827989041 0.0042617702918808639 -0.036371074770302173 -0.010109968638846877 -0.30355240657274596 -0.014811075838210525
leaf_weight=58132.893455505371 1382459.0614070892 989792.54793691635 447501.29955387115 4722104.1921386719 814991.69087028503 485723.48209965229 1801631.3492279053 4828341.2412338257 3375183.9364042282 1881096.1793885231 167826.05307006836 313525.93969726562 451215.2834777832 2115363.1840667725
leaf_count=357 1894 2238 2959 1026 1787 4008 2293 4725 5159 3326 114 219 911 4177
internal_value=0.00104293 0.00161083 -0.0077723 0.00336125 -5.91732e-05 -0.0128998 -0.0010434 0.0024561 0.00063312 -0.000315627 -0.00213041 -0.00520184 -0.00466939 -0.00196276
internal_weight=2.38349e+07 2.23923e+07 1.44257e+06 1.09329e+07 1.14594e+07 543856 4.73199e+06 6.2108e+06 6.72742e+06 3.35224e+06 1.47114e+06 481352 898717 2.93035e+06
internal_count=35193 26958 8235 7645 19313 4365 8257 6619 11056 5897 2571 333 3870 5964
cat_boundaries=0 1 2
cat_threshold=57 74
is_linear=0
shrinkage=0.05


Tree=19
num_leaves=15
num_cat=1
split_feature=12 9 12 0 8 29 6 10 14 25 10 0 3 11
split_gain=48204.3 22437.6 7897.58 4268.85 3399.48 2428.82 2331.91 2276.24 1921.68 1869.69 2674 1700.43 1694.39 1559.31
threshold=10.500000000000002 0.34199528941851337 8.5000000000000018 16.040624683728151 0.60229733594577228 0 15.947394267288711 -7.4381707748405592 0.56610682957598957 1.0000000180025095e-35 0.017816404280976503 11.965556170471594 13.519277632952306 0.34698737427677268
decision_type=2 2 2 2 2 1 2 2 10 2 2 2 2 2
left_child=2 3 7 5 6 8 -3 -1 9 -2 12 -4 -11 -6
right_child=1 4 11 -5 13 -7 -8 -9 -10 10 -12 -13 -14 -15
leaf_value=-0.25763432361328059 0.012651417615756951 0.0013422721825623481 -0.22076872987516089 0.013495910856868756 -0.0073262023628930147 0.0020046525070823531 0.0099100031532246037 -0.1888820554360775 0.0099280332235298432 -0.006841409768916379 0.0084890646804395651 -0.30779623076210544 -0.01416178184240021 -0.037510596298834513
leaf_weight=62530.48978805542 222422.76552581787 6746180.6857357025 618683.12085676193 4775351.1245117188 3057314.1235189438 1439716.0206031799 874117.8330078125 493832.3752245903 4342755.8917694092 66572.733863830566 120684.6184387207 298476.40394592285 67568.197387695312 781903.72768974304
leaf_count=380 316 9576 3339 1046 7316 1945 237 4054 4018 146 170 625 55 2226
internal_value=0.000954495 0.00152839 -0.00780656 0.00313761 -2.12191e-05 0.00227867 0.000590044 -0.0125064 0.00281694 -0.000194647 -0.00311847 -0.00495558 -0.00797666 -0.00123449
internal_weight=2.39681e+07 2.24946e+07 1.47352e+06 1.10351e+07 1.14595e+07 6.25972e+06 7.6203e+06 556363 4.82e+06 477248 254826 917160 134141 3.83922e+06
internal_count=35449 27051 8398 7696 19355 6650 9813 4434 4705 687 371 3964 201 9542
cat_boundaries=0 1
cat_threshold=53
is_linear=0
shrinkage=0.05


Tree=20
num_leaves=15
num_cat=2
split_feature=9 9 9 5 29 21 7 5 27 21 22 5 28 9
split_gain=42417.5 16462.7 10181 9151.1 3452.26 2747.96 2466.12 2344.7 1900.95 1896.14 2372.97 1872.88 1866.15 2194.13
threshold=0.9375541577974037 0.30291371750963841 4.1095314279330202 11.10794699842153 0 10.424475973262055 12.360680875308327 15.811000708615643 8.5000000000000018 9.2446040057347396 21.048113136224188 6.4672010355749165 1 2.3724746277087601
decision_type=2 2 2 2 1 10 2 2 2 8 2 2 1 2
left_child=1 4 12 11 -1 -6 -5 9 -9 10 -3 -4 13 -2
right_child=2 7 3 6 5 -7 -8 8 -10 -11 -12 -13 -14 -15
leaf_value=-0.0042820900813733097 -0.028542997075278465 -0.0027039039634156299 -0.22717388169898345 -0.23913924246050847 0.0066175764822398054 0.012365484244658571 -0.29045403118404567 0.010788941742863586 -0.0030454666122433638 0.0034980326523842199 -0.037255231648291955 -0.17726851999019777 -0.025560519684548363 -0.11791723665742074
leaf_weight=414512.28703689575 366839.8193333149 3043734.8582956791 81151.933792114258 489832.54280090332 2672442.510887146 6420238.5022277832 308903.70346069336 1006862.2897949219 453526.748046875 6107265.6538085938 147112.07788085938 537231.44840621948 1732256.7368423939 243493.21597766876
leaf_count=754 1842 4712 466 1515 2396 3094 434 280 128 8419 162 2956 6156 1951
internal_value=0.000953736 0.00185864 -0.00392392 -0.00726921 0.00337461 0.00357804 -0.00373387 0.000518997 0.00238152 0.000226464 -0.000761357 -0.0118356 -0.00190022 -0.00427769
internal_weight=2.40254e+07 2.02657e+07 3.75971e+06 1.41712e+06 9.50719e+06 9.09268e+06 798736 1.07585e+07 1.46039e+06 9.29811e+06 3.19085e+06 618383 2.34259e+06 610333
internal_count=35265 19945 15320 5371 6244 5490 1949 13701 408 13293 4874 3422 9949 3793
cat_boundaries=0 1 2
cat_threshold=2 96
is_linear=0
shrinkage=0.05


Tree=21
num_leaves=15
num_cat=2
split_feature=9 9 9 5 11 16 24 28 16 29 9 7 22 10
split_gain=43119 16045 10027.2 10161.3 4127.03 3734.18 3091.47 3068.24 4467.01 3106.99 2662.8 2469.11 2059.48 3766.77
threshold=1.1177400071278865 0.35937098961782199 4.3265036187091388 11.157337084664498 0.33081664125802229 18.114578210008297 0.53553793161880658 0 18.407908271991452 1 6.1815175883253284 12.360680875308327 17.984736745364881 -0.10672915682996459
decision_type=2 2 2 2 2 2 10 1 2 1 2 2 2 2
left_child=1 4 -2 10 7 12 -6 8 -1 -9 -4 -5 -3 -14
right_child=2 5 3 11 6 -7 -8 9 -10 -11 -12 -13 13 -15
leaf_value=0.0075457583996418349 -0.058016932023305406 0.0023016037621158415 -0.16737275944150926 -0.23632872425973495 -0.013834035013452029 0.012949508141304711 0.0030998249606109599 0.012815102379364427 -0.0057866263796721813 0.0057861093618570038 -0.25984279336477228 -0.26778366873348936 -0.016708478093565956 0.0013866442362305198
leaf_weight=1646829.1991195679 2038747.5439348221 6282062.7821242809 540612.31518554688 452994.900390625 139865.30012893677 478869.13870239258 729454.54229927063 6984182.5167312622 227147.82705688477 2089715.5036506653 26588.984466552734 270204.13537597656 966581.57087600231 1190887.9582688808
leaf_count=1359 9611 9344 2889 1381 126 351 695 4004 94 2276 54 391 1223 1568
internal_value=0.000912254 0.00176031 -0.00436983 -0.00781899 0.00296859 0.00015929 -0.000347354 0.00323189 0.00138997 0.00361228 -0.012829 -0.00388963 -8.44198e-05 -0.00141723
internal_weight=2.40647e+07 2.07356e+07 3.32915e+06 1.2904e+06 1.18172e+07 8.9184e+06 869320 1.09479e+07 1.87398e+06 9.0739e+06 567201 723199 8.43953e+06 2.15747e+06
internal_count=35366 21040 14326 4715 8554 12486 821 7733 1453 6280 2943 1772 12135 2791
cat_boundaries=0 1 2
cat_threshold=180 17
is_linear=0
shrinkage=0.05


Tree=22
num_leaves=15
num_cat=4
split_feature=12 0 29 12 28 8 10 28 21 4 28 21 22 0
split_gain=42893.7 21141 7268.87 6773.12 4274.32 3569.03 2615.98 2109.3 1997.04 1858.53 1987.49 1802.28 1679.8 1650.99
threshold=10.500000000000002 15.804232180326846 0 8.5000000000000018 1 0.40190599421610085 -8.7757139381354836 2 10.277943385400016 15.337605015458943 3 10.459170692851488 16.181618781119621 14.621783176980921
decision_type=2 2 1 2 1 2 2 1 10 2 1 10 2 2
left_child=3 2 5 6 13 7 -1 11 9 10 -7 -2 -6 -4
right_child=1 -3 4 -5 12 8 -8 -9 -10 -11 -12 -13 -14 -15
leaf_value=-0.2168057520840348 -0.029496549651112015 0.011154934236376889 -0.046525909169975142 -0.19856896680386921 0.0042724343123563087 -0.037586701572005381 -0.16124486981005504 0.0081842069444013413 0.0083337763636783194 -0.033129853382232746 -0.0024161098064129777 0.0032668847013096005 -0.0039420783052813288 0.0015366783716617618
leaf_weight=50530.334335327148 108822.29119110107 6341134.3355712891 869292.1207652092 896145.89937877655 3090221.8182373047 90942.990671157837 484775.52144420147 5309732.7490959167 1192468.9783401489 63759.56103515625 1187021.0321407318 210986.18978881836 3899951.4026203156 178403.97113037109
leaf_count=249 154 1529 3507 3899 4944 222 4077 5860 2086 31 2697 306 5728 79
internal_value=0.000968251 0.00150119 0.000543264 -0.00742461 -0.000524066 0.00159414 -0.0118747 0.00229557 3.59591e-05 -0.00128727 -0.000871614 -0.00164802 -7.76814e-05 -0.00350229
internal_weight=2.39742e+07 2.25427e+07 1.62016e+07 1.43145e+06 8.03787e+06 8.16373e+06 535306 5.62954e+06 2.53419e+06 1.34172e+06 1.27796e+06 319808 6.99017e+06 1.0477e+06
internal_count=35368 27143 25614 8225 14258 11356 4326 6320 5036 2950 2919 460 10672 3586
cat_boundaries=0 1 2 3 4
cat_threshold=17 104 144 16
is_linear=0
shrinkage=0.05


Tree=23
num_leaves=15
num_cat=3
split_feature=12 9 12 9 11 29 28 16 22 28 17 7 18 17
split_gain=42748.1 20217.8 7880.83 4544.5 3028.86 3097.44 2613.55 2456.28 2192.54 3406.95 2231.89 2091.05 2036.9 2283.61
threshold=10.500000000000002 0.34199528941851337 8.5000000000000018 0.18903641329208787 0.34698737427677268 0 1 17.348131363805926 17.984736745364881 2 0.0054531221945297503 7.5090883609906358 0.71048154543788966 0.14864806091691327
decision_type=2 2 2 2 2 1 1 2 2 1 2 2 10 2
left_child=2 3 11 -2 6 -6 -5 8 10 -10 -3 -1 13 -11
right_child=1 7 -4 4 5 -7 -8 -9 9 12 -12 -13 -14 -15
leaf_value=0.0081585098077063961 0.012880742685060693 -0.0067866306383906373 -0.1883629413795824 0.0014438574812038873 -0.0060812287375172844 0.00075941872254562976 0.0085981808936464853 0.0083177758825134975 -0.00098125476351110523 -0.032044215168640228 0.0044729233939249761 -0.16136731653718017 0.023883411590527984 -0.028373940697245099
leaf_weight=24352.582406640053 4364627.8135566711 3256217.1216497421 926821.68761491776 1333138.5125999451 133227.62486076355 534631.78076171875 4729377.9504508972 823933.61706542969 1649859.7960853577 833110.00738954544 4811470.7190856934 519358.19609069824 75637.802581787109 60255.764465332031
leaf_count=1288 2107 8932 3966 1003 127 490 3976 569 2551 1611 5698 3100 108 35
internal_value=0.000831244 0.00136861 -0.00742924 0.00289165 0.00207675 -0.00111901 0.0024288 -9.94641e-05 -0.000302274 -0.0015593 0.00010577 -0.0122082 -0.00391247 -0.00457954
internal_weight=2.4076e+07 2.26055e+07 1.47053e+06 1.1095e+07 6.73038e+06 667859 6.06252e+06 1.15105e+07 1.06866e+07 2.61886e+06 8.06769e+06 543711 969004 893366
internal_count=35561 27207 8354 7703 5596 617 4979 19504 18935 4305 14630 4388 1754 1646
cat_boundaries=0 1 2 3
cat_threshold=18 180 773
is_linear=0
shrinkage=0.05


Tree=24
num_leaves=15
num_cat=3
split_feature=12 9 12 11 26 14 29 8 29 10 4 28 15 17
split_gain=43020.8 19116.9 6001.75 5140.1 3318.56 3224.89 3086.84 3021.84 2760.83 2702.42 1997.26 1999.52 3124.34 4862.18
threshold=10.500000000000002 0.31353871344166429 8.5000000000000018 0.32469669727453448 0.25000000000000017 0.92498264309332423 0 0.25412109502606095 1 -8.7757139381354836 16.411339423236502 2 18.320843101700735 0.041535751439321859
decision_type=2 2 2 2 2 10 1 2 1 2 2 1 2 2
left_child=2 3 9 5 8 -2 -5 -8 -3 -1 11 -6 -13 -14
right_child=1 4 -4 6 10 -7 7 -9 -10 -11 -12 12 13 -15
leaf_value=-0.19360297519067013 0.0018244257007854578 0.012989660005887622 -0.1831244303959304 -0.0061996055601459543 0.00021163260607865182 0.010170538053978551 0.0055339118015009323 -0.01519033006517452 0.002517465902674956 -0.14547614535807865 -0.016593398403394789 -0.0081820452894599931 -0.011999520984007415 -0.017802438493683775
leaf_weight=52454.60489654541 810360.46685791016 621409.17115783691 914881.19364404678 107257.28303909302 3283964.1824741364 8421685.338760376 349586.52964019775 151541.99642181396 6760823.8087644577 496841.6533960104 214668.93041992188 1515958.762740612 152912.32476902008 64137.438232421875
leaf_count=256 954 414 3961 101 5211 4992 324 147 11506 4140 55 2983 332 28
internal_value=0.000842297 0.00138379 -0.00746186 0.00303554 9.52039e-05 0.0033289 -0.00141597 0.000231804 0.000777929 -0.0115932 -0.000868172 -0.000666088 -0.00204016 -0.00765082
internal_weight=2.39185e+07 2.24543e+07 1.46418e+06 9.84043e+06 1.26139e+07 9.23205e+06 608386 501129 7.38223e+06 549296 5.23164e+06 5.01697e+06 1.73301e+06 217050
internal_count=35404 27047 8357 6518 20529 5946 572 471 11920 4396 8609 8554 3343 360
cat_boundaries=0 1 2 3
cat_threshold=18 16 279
is_linear=0
shrinkage=0.05


Tree=25
num_leaves=15
num_cat=3
split_feature=12 9 12 0 27 29 21 10 21 10 29 7 9 28
split_gain=41338.9 19283.6 6337.34 4221.98 4437.39 5807.41 3358.56 2700.02 2650.14 3934.46 2510.81 2166.13 2110.56 2055.44
threshold=10.500000000000002 0.22873494940835284 8.5000000000000018 12.919950630437425 9.5000000000000018 0 10.424475973262055 -8.7757139381354836 9.4288290047956345 0.039608830008564362 1 8.1594316985944122 0.48872564636160803 2
decision_type=2 2 2 2 2 1 10 2 10 2 1 2 2 1
left_child=2 6 7 -3 8 -6 -2 -1 9 13 -10 -9 -7 -5
right_child=1 3 -4 4 5 12 -8 11 10 -11 -12 -13 -14 -15
leaf_value=-0.18945130378571853 0.0063037786295091006 -0.0076550837837696716 -0.17191882611122539 -0.0010071177912938292 -0.0074137884493579945 0.0034096240777785982 0.011190432101735584 0.0032995174005295601 0.0014379943976402781 0.011039968322812056 0.0091369901540318595 -0.14386763678975062 -0.0091423104117378667 -0.019020354331418299
leaf_weight=49784.704093933105 1246586.8605804443 4742690.3314371109 917369.94950151443 1571509.7634277344 377346.26239013672 1678406.9188842773 5030648.5761947632 40372.530155062675 1401840.9990539551 1485444.5882568359 4048690.1492004395 451530.59368515015 780279.38589477539 285507.08203125
leaf_count=245 1141 15424 3948 1046 165 1147 2232 1623 1162 1202 2619 2523 767 225
internal_value=0.000782519 0.00130803 -0.00737497 0.000404634 0.000917403 -0.000802385 0.00366418 -0.0116633 0.00147209 0.000363626 0.00215184 -0.0105403 8.40162e-05 -0.00117064
internal_weight=2.4108e+07 2.2649e+07 1.45906e+06 1.63717e+07 1.1629e+07 2.83603e+06 6.27724e+06 541688 8.79299e+06 3.34246e+06 5.45053e+06 491903 2.45869e+06 1.85702e+06
internal_count=35469 27130 8339 23757 8333 2079 3373 4391 6254 2473 3781 4146 1914 1271
cat_boundaries=0 1 2 3
cat_threshold=16 2 802
is_linear=0
shrinkage=0.05


Tree=26
num_leaves=15
num_cat=1
split_feature=12 9 12 9 21 7 26 28 15 21 10 22 11 11
split_gain=42429.2 14782.6 7843.86 4092.3 3448.46 2894.73 2429.78 5193.19 6843.84 2487.06 2081.51 2034.99 2421.19 2683.96
threshold=10.500000000000002 0.23248354231585991 8.5000000000000018 0.47614893574777267 10.424475973262055 8.360392138808141 0.25000000000000017 0 18.297242473215295 10.800606289233246 -10.2290453030412 19.623793835603895 -0.18804440889260829 -0.066779074227504481
decision_type=2 2 2 2 10 2 2 1 2 10 2 2 2 2
left_child=2 4 5 6 -2 -1 9 8 11 -3 -7 12 -8 -14
right_child=1 3 -4 -5 -6 10 7 -9 -10 -11 -12 -13 13 -15
leaf_value=-0.00061322387203685763 0.0051322355798176832 0.003747342078434749 -0.16165346254495028 -0.0028020548103979063 0.010741528770331264 -0.19423556873588707 0.0037881350807815249 0.0028501678420563598 -0.0097736878222636006 0.010645197710776285 -0.13666885374566651 0.016532359099873006 -0.013175266701254429 -0.0056510312841951023
leaf_weight=47053.929934978485 1348700.0639381409 3692302.7916183472 921334.30726194382 7090028.2988152504 5098712.3899002075 35925.330368041992 159748.53216934204 3054586.2303218842 199418.66385269165 1492420.3773765564 463128.96570587158 135100.50531005859 100955.09006118774 240195.69794082642
leaf_count=1721 1227 3964 3995 14580 2307 118 123 3257 98 1160 2552 40 60 300
internal_value=0.000829627 0.0013643 -0.00740926 0.000556911 0.00338856 -0.0121574 0.00126011 0.000315557 -0.00317772 0.00196878 -0.0132752 -0.00064367 -0.00211251 -0.00449129
internal_weight=2.40796e+07 2.26122e+07 1.46744e+06 1.61648e+07 6.44741e+06 546108 9.07473e+06 3.89e+06 835418 5.18472e+06 499054 636000 500899 341151
internal_count=35502 27116 8386 23582 3534 4391 9002 3878 621 5124 2670 523 483 360
cat_boundaries=0 1
cat_threshold=168
is_linear=0
shrinkage=0.05


Tree=27
num_leaves=15
num_cat=0
split_feature=12 9 12 9 21 10 7 6 11 0 27 19 14 11
split_gain=37121 16483.7 6112.23 5378.39 3041.15 2737.5 1941.96 1779.04 1679.8 1558.02 1499.92 2760.54 3630.92 1889.23
threshold=10.500000000000002 0.22873494940835284 8.5000000000000018 0.42857233563224301 10.424475973262055 -10.2290453030412 8.2258766442118745 11.212759904777615 -0.59060477475410422 11.939525968706405 1.5000000000000002 0.0076312335699731011 2.0390480976845486 0.18165509609977712
decision_type=2 2 2 2 10 2 2 2 2 2 2 2 8 2
left_child=2 4 5 8 -2 -1 -7 -8 -3 -4 11 -10 -13 -12
right_child=1 3 9 -5 -6 6 7 -9 10 -11 13 12 -14 -15
leaf_value=-0.18442183532818426 0.0045832162185412261 -0.013267730326949471 -0.14531824047025027 -0.003169639882008639 0.010424468888268175 0.00030939802188362909 -0.11341334998768536 -0.16096832511223097 0.001462227046098369 -0.2127438550271068 0.0066548495142307014 -7.2704354419815301e-05 -0.010697037864045652 0.00069489815588794134
leaf_weight=37650.201461791992 1224164.6563186646 125991.70463752747 615485.51917600632 8504620.1901988983 4932371.8768997192 41754.572380781174 342743.0132598877 132288.42970275879 469226.07735443115 296685.29588317871 5187810.4892311096 145750.58429718018 102238.98515319824 1869018.5242176056
leaf_count=130 1126 208 3312 16201 2178 1622 2280 377 442 627 4808 140 96 1793
internal_value=0.000712536 0.00121361 -0.00699556 0.000385663 0.00341974 -0.0111358 -0.0101875 -0.0110962 0.00132501 -0.00447903 0.00141783 -0.000760685 -0.00502763 0.00163924
internal_weight=2.40278e+07 2.25612e+07 1.46661e+06 1.64047e+07 6.15654e+06 554436 516786 475031 7.90004e+06 912171 7.77404e+06 717216 247990 7.05683e+06
internal_count=35340 26992 8348 23688 3304 4409 4279 2657 7487 3939 7279 678 236 6601
is_linear=0
shrinkage=0.05


Tree=28
num_leaves=15
num_cat=1
split_feature=12 9 12 11 10 28 9 5 18 4 4 7 23 21
split_gain=35498.5 14940.8 6095.59 4642.67 2816.37 2747.33 2570.41 2320.63 2270.58 4362.98 2125.88 2099.17 1952.6 2901.87
threshold=10.500000000000002 0.34199528941851337 8.5000000000000018 0.19460221321627721 -10.2290453030412 0 0.60918517897416891 15.959129877069087 0.99898163980900689 15.813437922507914 15.942283699585921 8.2941154752932444 5.4286142290767812 8.4989126923000402
decision_type=2 2 2 2 2 1 2 2 10 2 2 2 10 10
left_child=2 3 4 5 -1 7 8 10 -3 -10 -2 -6 13 -5
right_child=1 6 -4 12 11 -7 -8 -9 9 -11 -12 -13 -14 -15
leaf_value=-0.16913621518402089 0.0077147153744115673 0.0039584808996570636 -0.14108410624693704 -0.022032183834621705 0.0008862337371225113 0.0021839410519284169 -0.010188442762943653 0.010526834995860036 -0.0023260866164888897 -0.039173500544591518 -0.015018759196006606 -0.12213871225864584 0.0085709323980216676 0.00094827075228771929
leaf_weight=33372.313995361328 3355462.7097682953 5479051.6089811325 907511.54210138321 194948.79488372803 43853.737391591072 1662575.8692436218 4495265.6490182877 3982958.2734375 1331404.6022033691 148254.255859375 128558.279296875 467697.53336334229 481337.03548431396 1098542.3765716553
leaf_count=117 3812 6729 3920 203 1649 1317 11100 870 1474 49 45 2601 444 876
internal_value=0.000677492 0.00116955 -0.0068971 0.00249424 -0.0110772 0.00294913 -9.15776e-05 0.00335841 0.000510436 -0.00122755 0.00241595 -0.0101591 0.000154327 -0.000857349
internal_weight=2.38108e+07 2.23584e+07 1.45244e+06 1.09044e+07 544924 9.12956e+06 1.1454e+07 7.46698e+06 6.95871e+06 1.47966e+06 3.48402e+06 511551 1.77483e+06 1.29349e+06
internal_count=35206 26919 8287 7567 4367 6044 19352 4727 8252 1523 3857 4250 1523 1079
cat_boundaries=0 1
cat_threshold=841
is_linear=0
shrinkage=0.05


Tree=29
num_leaves=15
num_cat=4
split_feature=12 0 10 29 28 12 27 28 0 3 24 11 7 29
split_gain=34337.9 11740.8 4823.75 4197.19 3434.52 3409.61 3049.25 13442.1 2631.62 3266.77 2572.97 2395.15 1982.68 1980.86
threshold=10.500000000000002 14.20463208622262 -10.2290453030412 0 1 8.5000000000000018 9.5000000000000018 2 15.804232180326846 15.809359978435861 0.82582797440728506 0.33872798693658268 8.645806756091126 3
decision_type=2 2 2 1 1 2 2 1 2 2 10 2 2 1
left_child=2 11 -1 4 -3 12 8 -8 9 -5 -6 13 -4 -2
right_child=1 3 5 6 10 -7 7 -9 -10 -11 -12 -13 -14 -15
leaf_value=-0.16626375012683844 0.0044777543954243231 0.010676530788185585 -0.0027561510761102905 0.0054444315588681978 0.011598210056936543 -0.13491179157370897 -0.0072572106857745206 0.0059419867233961032 0.0077037096910754777 -0.0077802691000870977 0.00069688827471556464 -0.014792492254848119 -0.11273765423716353 -0.00383409507299117
leaf_weight=40594.843063354492 4529934.6457920074 3895247.5693969727 58384.524342060089 2332366.7668457031 547246.45532226562 892392.80890989304 401002.43225097656 1368700.6920166016 2454922.4337158203 301156.23999023438 1439761.71875 1662156.1929979324 459453.81729125977 3503877.9416770935
leaf_count=137 8472 1580 1866 1420 232 3891 136 611 602 109 707 4160 2416 8973
internal_value=0.000716931 0.001199 -0.00673799 0.0021968 0.00317672 -0.00624884 0.00135632 -0.000431425 0.00197808 0.000880237 0.00148509 -0.000112111 -0.00947628 0.000245339
internal_weight=2.38872e+07 2.24364e+07 1.45083e+06 1.27404e+07 5.88226e+06 1.41023e+06 6.85815e+06 1.7697e+06 5.08845e+06 2.63352e+06 1.98701e+06 9.69597e+06 517838 8.03381e+06
internal_count=35312 27002 8310 5397 2519 8173 2878 747 2131 1529 939 21605 4282 17445
cat_boundaries=0 1 2 3 4
cat_threshold=1 840 544 21
is_linear=0
shrinkage=0.05


Tree=30
num_leaves=15
num_cat=2
split_feature=9 9 5 0 9 8 7 28 14 27 14 29 11 9
split_gain=34372.1 14942.2 6802.8 4078.09 2972.51 1954.03 1894.74 1803.35 1678.92 2403.57 1637.63 1583.57 1636.22 1413.86
threshold=4.0576129534188512 0.34199528941851337 11.10794699842153 16.040624683728151 6.1815175883253284 0.60921350972523991 12.972422703727654 0 2.3410992662615091 7.5000000000000009 0.51034863224451199 1 0.35485554419068421 5.2318077003403127
decision_type=2 2 2 2 2 2 2 1 10 2 8 1 2 2
left_child=1 3 4 7 -2 -3 13 10 -5 -10 -1 -9 -13 -4
right_child=2 5 6 8 -6 -7 -8 11 9 -11 -12 12 -14 -15
leaf_value=-0.015212008527850429 -0.0960759833898025 0.0015232923573761928 -0.16591654996062638 0.0098968343786564675 -0.16994732936463131 -0.0096095977642885709 0.045386099727274462 0.007121914348019516 0.0078620784578671016 -0.0009406815437027861 0.000740741499162004 0.0035716767262766202 -0.007928769716680906 -0.16380463579535728
leaf_weight=132624.9542388916 614975.43161392212 7723164.506926775 370222.21083068848 3664518.4116210938 25678.648864746094 3811089.7971081734 182935.32684326172 3888015.9077987671 612479.74780273438 510304.82177734375 371218.55010986328 1698180.8997001648 161670.89085388184 257311.96893310547
leaf_count=206 3542 10248 1016 817 53 11866 199 3753 123 106 461 2181 160 750
internal_value=0.000755671 0.00123519 -0.00670352 0.00255014 -0.010554 -2.3308e-05 -0.0036598 0.00170917 0.00364835 0.00195675 -0.00115907 0.00196059 0.000760641 -0.00496509
internal_weight=2.40244e+07 2.25733e+07 1.45112e+06 1.1039e+07 640654 1.15343e+07 810470 6.25171e+06 4.7873e+06 1.12278e+06 503844 5.74787e+06 1.85985e+06 627534
internal_count=35481 29921 5560 7807 3595 22114 1965 6761 1046 229 667 6094 2341 1766
cat_boundaries=0 1 2
cat_threshold=148 5
is_linear=0
shrinkage=0.05


Tree=31
num_leaves=15
num_cat=1
split_feature=12 9 12 0 7 27 4 29 21 26 21 26 16 11
split_gain=34665.7 12354.4 4549.21 4530.2 3525.9 3301.68 5899 2867.8 2755.91 2534.59 2454.39 2188.24 2141.39 1657.67
threshold=10.500000000000002 0.22101069469615353 8.5000000000000018 13.6057735316083 8.8893441730169886 9.5000000000000018 16.699285893163054 0 10.424475973262055 0.6830127018922193 10.673188329916375 0.93301270189221952 1.0000000180025095e-35 0.20997037052785392
decision_type=2 2 2 2 2 2 2 1 10 2 10 2 2 2
left_child=2 8 4 -3 -1 7 11 13 -2 -9 -11 -7 -6 -5
right_child=1 3 -4 5 12 6 -8 9 -10 10 -12 -13 -14 -15
leaf_value=0.0002001817906029158 0.0050686269921439171 -0.0034499689939803506 -0.13349227602613131 0.0047986417362159174 -0.15954185595859749 -0.0037989134411888364 -0.011038491651103538 0.01087675251486366 0.0079426667553515028 0.0038040917009295669 -0.0019169671551353539 0.0084302823111668534 -0.10719844001572171 -0.0024800188173629582
leaf_weight=71098.682592272758 1109196.3096351624 6905735.9933023453 913804.40983009338 2543923.9832458496 20639.384880065918 1434017.2577514648 189245.22631835938 3357918.7497253418 4742643.1213378906 232423.87939453125 193500.96246337891 748288.94641113281 466356.07341003418 1010042.7866821289
leaf_count=2041 1000 18237 3943 1568 83 928 39 1905 2069 143 85 464 2318 613
internal_value=0.000751881 0.00123889 -0.00668176 0.000543056 -0.0102387 0.00123934 -0.000382504 0.00176351 0.00321456 0.00272148 -0.000912018 0.000351837 -0.0117572 0.000743576
internal_weight=2.39388e+07 2.24669e+07 1.4719e+06 1.66151e+07 558094 9.70936e+06 2.37155e+06 7.33781e+06 5.85184e+06 3.78384e+06 425925 2.18231e+06 486995 3.55397e+06
internal_count=35436 27051 8385 23982 4442 5745 1431 4314 3069 2133 228 1392 2401 2181
cat_boundaries=0 1
cat_threshold=46
is_linear=0
shrinkage=0.05


Tree=32
num_leaves=15
num_cat=1
split_feature=9 9 12 29 16 21 0 7 26 21 14 19 21 9
split_gain=30416.1 13523.2 4918.88 3578.34 3717.95 2832.53 2592.11 2301.59 2062.11 2990.9 3024.97 4509.65 1966.04 2045.97
threshold=4.0576129534188512 0.24062516528983027 8.5000000000000018 0 18.650510177953056 10.414501320143701 14.173536851574161 14.727863551728786 0.25000000000000017 8.2805650551738399 2.2403679997295005 0.00029145502070358038 8.7847715218402538 0.21233104827981572
decision_type=2 2 2 1 2 10 2 2 2 8 10 2 10 2
left_child=1 5 -2 4 6 12 7 -3 -8 -10 -11 -12 -1 -14
right_child=2 3 -4 -5 -6 -7 8 -9 9 10 11 -13 13 -15
leaf_value=0.0086746236445843453 -0.099262897348236248 0.0010353374420556615 -0.1314421694622559 -0.0044219684990100113 -0.0039948035274787689 0.0082406279860142966 0.0083775148621067688 -0.036588318518854225 -0.020162958186056387 0.0076717716515569334 0.0028389501416658251 -0.011531014368016635 -0.0050245488070253773 0.0049013778491751861
leaf_weight=639407.58541107178 504114.46738815308 4645067.2811969519 930839.10971832275 5713687.057009697 191079.64263916016 5237230.6263961792 2986823.6087646484 95994.760498046875 293082.74859619141 1083594.219909668 414147.82653808594 240596.38720703125 429391.33945083618 363644.31591796875
leaf_count=804 2836 11563 2678 11651 69 2472 1409 54 150 566 172 102 391 265
internal_value=0.000553001 0.00100638 -0.00650336 0.000203535 0.000776194 0.00289189 0.000911433 7.30836e-05 0.00170348 0.000474469 0.00126224 -0.00142101 0.000921656 -0.000741641
internal_weight=2.37687e+07 2.23337e+07 1.43495e+06 1.56641e+07 9.95039e+06 6.66967e+06 9.75931e+06 4.74106e+06 5.01824e+06 2.03142e+06 1.73834e+06 654744 1.43244e+06 793036
internal_count=35182 29668 5514 25736 14085 3932 14016 11617 2399 990 840 274 1460 656
cat_boundaries=0 1
cat_threshold=25
is_linear=0
shrinkage=0.05


Tree=33
num_leaves=15
num_cat=0
split_feature=12 9 12 7 0 16 0 7 7 22 5 7 25 20
split_gain=28173 10919.5 4140.4 3928.69 2835.86 3122.19 2396.02 5517.39 2372.03 2799.11 2134.32 2326.99 1964.27 2362.45
threshold=10.500000000000002 0.22873494940835284 8.5000000000000018 9.0406894721215298 12.638462706780649 18.650510177953056 16.040624683728151 16.203243434593986 16.110960638906878 19.593415907659992 11.311872087761069 12.053260559044432 0.25000000000000011 -0.0028843289141996498
decision_type=2 2 2 2 2 2 2 2 2 2 2 2 2 8
left_child=2 8 3 -1 -3 6 7 -6 12 -10 11 -5 -2 -14
right_child=1 4 -4 10 5 -7 -8 -9 9 -11 -12 -13 13 -15
leaf_value=0.0017942645917952129 0.0067517434242009974 -0.0082149627861447128 -0.11109328229929971 -0.081460190686493586 0.0029404119378689461 -0.0032219996076715699 0.0061355106895571799 -0.019128743765328145 0.0084404766000329267 0.0021539626391752563 -0.12378797138951414 -0.15299930032556389 -0.0037128165775867149 0.0037211704136237245
leaf_weight=83181.625004768372 1510999.821559906 4020545.5455389023 912934.72090244293 325276.3558883667 10041098.276702881 204489.77169799805 1820855.5610351562 208821.34106445312 2749435.2541503906 812899.24169921875 125460.47575378418 19778.187347412109 259263.71447753906 796454.04487609863
leaf_count=2181 1527 14257 3953 1826 8821 59 465 59 637 125 388 35 255 815
internal_value=0.00060156 0.00104066 -0.00611226 -0.00952351 0.000364006 0.000741493 0.000845283 0.000548372 0.00283972 0.00367466 -0.0112944 -0.013325 0.00168091 2.61347e-05
internal_weight=2.38915e+07 2.24249e+07 1.46663e+06 553697 1.62958e+07 1.22753e+07 1.20708e+07 1.02499e+07 6.12905e+06 3.56233e+06 470515 345055 2.56672e+06 1.05572e+06
internal_count=35403 27020 8383 4430 23661 9404 9345 8880 3359 762 2249 1861 2597 1070
is_linear=0
shrinkage=0.05


Tree=34
num_leaves=15
num_cat=5
split_feature=12 0 7 29 14 26 29 30 28 12 7 14 28 11
split_gain=26926 11059.5 5416.14 4201.13 3719.25 4739.44 6302.02 3587.75 3943.19 2649.05 3280.03 2398.79 2313.98 2151.33
threshold=10.500000000000002 15.804232180326846 16.203243434593986 0 1.9910721637153699 0.25000000000000017 1 2 3 8.5000000000000018 8.8893441730169886 1.3057407537877221 4 -0.17029959916069606
decision_type=2 2 2 1 10 2 1 1 1 2 2 10 1 2
left_child=9 2 3 7 11 -6 -7 -2 13 10 -1 -3 -5 -9
right_child=1 4 -4 12 5 6 -8 8 -10 -11 -12 -13 -14 -15
leaf_value=0.0032395231690007689 0.0048199127032448521 0.00022374954300721436 -0.038872583088656772 -0.03304661408238764 0.010201338403536708 -0.0031642716226947011 0.0056410614732085975 -0.01521647529087859 -0.00021977836919186069 -0.11443890009206169 -0.090067032084292675 0.0087770631622025082 -0.0025949655781456232 -0.03024094542812954
leaf_weight=70130.415498971939 7988233.8832335472 497222.90600585938 108432.36694335938 546018.26671791077 1422194.3874511719 428520.26684570312 616245.87780761719 83441.652313232422 3583212.3584022522 905636.52805900574 476235.46325683594 3326493.6173095703 3883020.7630252838 89466.388275146484
leaf_count=2029 11977 155 31 1638 337 89 158 137 4622 3927 2372 780 7134 115
internal_value=0.000575461 0.001 0.000312073 0.000386742 0.00278054 0.00126694 -0.00129001 0.000881613 -0.000392834 -0.0060244 -0.00877398 0.00375708 -0.000925494 -0.00776745
internal_weight=2.40245e+07 2.25725e+07 1.62818e+07 1.61734e+07 6.29068e+06 2.46696e+06 1.04477e+06 1.17444e+07 3.75612e+06 1.452e+06 546366 3.82372e+06 4.42904e+06 172908
internal_count=35501 27173 25654 25623 1519 584 247 16851 4874 8328 4401 935 8772 252
cat_boundaries=0 1 2 3 4 5
cat_threshold=29 16 5 144 44
is_linear=0
shrinkage=0.05


Tree=35
num_leaves=15
num_cat=1
split_feature=12 9 9 9 4 4 7 28 19 26 14 11 10 19
split_gain=25153.1 10562.2 3919.79 3719.84 3452.04 2395.39 2430.26 1970.84 2710.14 2416.78 2570.28 2276.28 2881.45 3804.02
threshold=10.500000000000002 0.18903641329208787 0.48872564636160803 5.2318077003403127 16.049916458677085 13.656165676455531 11.706110621193467 0 0.041803552290595757 0.25000000000000017 2.4405343785816407 0.23492209120391291 -0.26398145318456429 -0.040211106579338643
decision_type=2 2 2 2 2 2 2 1 2 2 10 2 2 2
left_child=3 4 7 -1 -2 6 -5 8 9 -3 -11 12 13 -9
right_child=1 2 -4 5 -6 -7 -8 11 -10 10 -12 -13 -14 -15
leaf_value=-0.064325826976537284 0.0037144849215406204 0.0058038433369224963 -0.0029609633358419585 -0.085778876553659247 0.0079221938644798619 -0.25101601243737182 -0.13805868141015229 -0.033304397442140615 -0.0070025528593500065 -0.00098540767737883639 -0.010690612557559213 -0.00121982659434897 0.0062150076407243172 0.0011998149208283654
leaf_weight=898213.20071220398 1447225.7949714661 1117906.1949138641 6678463.1840395927 329691.30989074707 2862796.6228027344 29643.019226074219 199846.53680419922 121871.7340927124 280839.58475875854 817970.38247680664 148775.46338272095 1794201.2491474152 6175214.664440155 948252.22449302673
leaf_count=6460 1496 791 14093 1451 607 40 422 96 204 553 136 1864 6258 888
internal_value=0.000605653 0.00101988 0.000489748 -0.00575916 0.00324416 -0.00896069 -0.00818641 0.00105306 -0.000231811 0.000389369 -0.00144134 0.00138929 0.00178413 -0.000611147
internal_weight=2.38509e+07 2.23935e+07 1.80835e+07 1.45739e+06 4.31002e+06 559181 529538 1.1405e+07 2.36549e+06 2.08465e+06 966746 9.03954e+06 7.24534e+06 1.07012e+06
internal_count=35359 26986 24883 8373 2103 1913 1873 10790 1684 1480 689 9106 7242 984
cat_boundaries=0 1
cat_threshold=176
is_linear=0
shrinkage=0.05


Tree=36
num_leaves=15
num_cat=2
split_feature=12 0 7 11 8 7 28 27 28 8 8 7 23 4
split_gain=25326.9 10015.5 3298.48 3285.96 3126.37 3339.55 2740.06 2610.69 2342.73 2106.72 2019.24 1817.08 1729.14 2933.13
threshold=10.500000000000002 15.804232180326846 16.203243434593986 0.25526400765736496 5.5140119148761508 11.519540889561535 0 9.5000000000000018 1 0.33889139325708584 0.28929279808685898 9.0944893184825535 6.664195412093501 15.00761717539177
decision_type=2 2 2 2 2 2 1 2 1 2 2 2 10 2
left_child=4 2 3 9 11 -6 10 -8 -5 -2 -3 -1 -11 -14
right_child=1 6 -4 8 5 -7 7 -9 -10 12 -12 -13 13 -15
leaf_value=0.0053422304049509711 0.0042203440034631187 0.0073304244158072067 -0.037299250531896207 -0.0077966694654791474 -0.079462967332416631 -0.13032495051093648 0.0052362746442390752 -0.0021903050899658057 0.0015790026229422121 0.0033334092804340309 0.0015109427550529569 -0.09420794506085875 -0.0086059687130807614 -0.030805615493816982
leaf_weight=144194.04457676411 6069604.4529066086 4122582.8549804688 101390.23461914062 2006489.2900857925 293462.19161224365 254587.00152587891 1100261.9089355469 382823.36340332031 1450168.9377679825 5952378.3801841736 649337.609375 772821.82813262939 636522.55469036102 66900.180480957031
leaf_count=3399 7036 902 29 2740 1320 538 300 104 3344 10884 200 3095 1529 32
internal_value=0.000621385 0.00103547 0.000382211 0.00043854 -0.00574888 -0.0087366 0.00273608 0.000858903 -0.000928533 0.000809885 0.00331949 -0.00396328 0.000195532 -0.00214881
internal_weight=2.40035e+07 2.25385e+07 1.62835e+07 1.61821e+07 1.46507e+06 548049 6.25501e+06 1.48309e+06 3.45666e+06 1.27254e+07 4.77192e+06 917016 6.6558e+06 703423
internal_count=35452 27100 25594 25565 8352 1858 1506 404 6084 19481 1102 6494 12445 1561
cat_boundaries=0 1 2
cat_threshold=776 464
is_linear=0
shrinkage=0.05


Tree=37
num_leaves=15
num_cat=0
split_feature=12 9 16 0 22 9 5 7 5 16 4 18 21 15
split_gain=22551.4 8467.79 6255.18 3839.62 4327.87 3533.48 2232.85 1829.4 1977.27 1774.06 1739.81 1527.57 2722.19 1964.53
threshold=10.500000000000002 0.42857233563224301 18.650510177953056 16.154648050165125 19.612712971140649 5.2318077003403127 11.131480333046254 9.2706964221791921 11.622360177440809 17.414092063640975 16.411339423236502 0.98947329735202871 8.4989126923000402 19.089877311370802
decision_type=2 2 2 2 2 2 2 2 2 2 2 10 8 2
left_child=5 2 3 11 -5 7 -7 -1 -9 10 -3 13 -13 -2
right_child=1 9 -4 4 -6 6 -8 8 -10 -11 -12 12 -14 -15
leaf_value=0.0035411956661293487 0.0024819331328290732 -0.00261549528485178 -0.0016134219578165035 0.0076402194021181107 4.1996956101056442e-05 -0.077691962213596366 -0.11886913394470096 -0.071946112159039163 -0.15020798021329862 0.011053895454820549 -0.032421882825054989 -0.0096639619602626823 0.0022710876002661191 0.0070598641696088373
leaf_weight=167554.17341589928 5064783.3925628662 8131139.9073257446 316536.2907409668 3569632.4592285156 995027.56958007812 270757.15254974365 298440.76071166992 447772.0962600708 278318.74382019043 238185.94342041016 78349.232666015625 327778.29096221924 1242901.9699554443 2449361.188293457
leaf_count=3609 6810 15831 96 815 191 1154 795 2191 617 251 24 265 964 1710
internal_value=0.000510544 0.000903111 0.00165895 0.00182009 0.00300316 -0.00550436 -0.00858346 -0.00354317 -0.0046299 -0.000346475 -0.000469895 0.00122566 -0.000192442 0.00152209
internal_weight=2.38765e+07 2.24137e+07 1.3966e+07 1.36495e+07 4.56466e+06 1.46284e+06 569198 893645 726091 8.44768e+06 8.20949e+06 9.08482e+06 1.57068e+06 7.51414e+06
internal_count=35323 26957 10851 10755 1006 8366 1949 6417 2808 16106 15855 9749 1229 8520
is_linear=0
shrinkage=0.05


Tree=38
num_leaves=15
num_cat=0
split_feature=9 9 27 9 5 7 9 22 1 1 16 21 10 7
split_gain=22638.8 9048.72 4461.22 3878.09 3494.65 3342.95 3180.14 2939.86 2993.06 2258.38 2202.49 2284.03 2774.95 1998.61
threshold=4.3265036187091388 0.18903641329208787 1.5000000000000002 0.51984202281019765 12.100405712245978 16.29414425370425 6.1815175883253284 19.612712971140649 16.158092031731105 16.536166990069358 18.650510177953056 10.870851662968304 -0.3190001514997553 9.5611163775478403
decision_type=2 2 2 2 2 2 2 2 2 2 2 10 2 2
left_child=1 7 5 10 6 -3 13 8 -1 -5 11 12 -4 -2
right_child=4 2 3 9 -6 -7 -8 -9 -10 -11 -12 -13 -14 -15
leaf_value=0.0047785528418087704 0.002521659702591749 -0.0045575482507601321 -0.0024773395193019745 -0.0030802505058491565 -0.16162131161444687 -0.0050676157210298514 -0.12459633541120263 -0.0016997705560209281 0.0081150042418367228 -0.74313057363785384 -0.0024678373511153881 0.0065114409810881901 0.0031433016887341125 -0.078372081773789931
leaf_weight=1499058.353729248 66894.94397354126 1484946.3401384354 829282.04056739807 5574731.971639514 356946.07427978516 195714.20556640625 36965.969329833984 426819.01309204102 2413096.6489257812 38949.736083984375 233254.53225708008 2400054.3373718262 7608510.6800804138 809484.92195892334
leaf_count=1600 750 2533 822 15239 664 42 79 140 525 12 82 1831 7830 3179
internal_value=0.000470214 0.00083364 0.000348462 0.000595791 -0.00602544 -0.0021069 -0.00766492 0.00288724 0.00331713 -0.000474717 0.0011386 0.00124206 0.000854941 -0.00705897
internal_weight=2.39747e+07 2.27044e+07 1.83654e+07 1.66848e+07 1.27029e+06 1.68066e+06 913346 4.33897e+06 3.91216e+06 5.61368e+06 1.10711e+07 1.08378e+07 8.43779e+06 876380
internal_count=35328 30656 28391 25816 4672 2575 4008 2265 2125 15251 10565 10483 8652 3929
is_linear=0
shrinkage=0.05


Tree=39
num_leaves=15
num_cat=3
split_feature=8 9 9 26 29 19 16 14 17 14 9 28 29 4
split_gain=20477.1 8580.17 5039.25 3355.38 4094.47 3854.13 3784.55 3663.74 3428.57 3413.69 2722.4 2540.35 2503.68 2382.75
threshold=1.7977699583952333 0.16473991554958628 5.2318077003403127 0.25000000000000017 0 0.034215370636019864 18.650510177953056 2.3410992662615091 0.27754239535709518 0.87210415405733854 0.36344131617941444 1 2 16.411339423236502
decision_type=2 2 2 2 1 2 2 10 2 10 2 1 1 2
left_child=1 -1 -2 4 9 6 10 12 -6 -3 11 -5 -7 -12
right_child=2 3 -4 5 8 7 -8 -9 -10 -11 13 -13 -14 -15
leaf_value=0.0067261249402874096 -0.057264630960346209 -0.0038732555699655911 -0.084684809350329862 -0.0010740550661738387 0.00069632701135955929 -0.035912202472569668 -0.0032038495652321058 -0.030513923131552045 -0.0090696194525292859 0.0079338688423396548 -0.003110844650473071 0.0043950653078564583 -0.0016801624559017515 -0.026550159695891473
leaf_weight=3236903.8008499146 1617132.0724515915 1024715.8568201065 545922.12735748291 660417.13305664062 4628443.2168668509 93244.256687164307 177232.72122192383 94777.95334148407 109840.77600097656 5113259.3062849045 3708014.6626788378 2581321.9334754944 340312.92350447178 106927.74096679688
leaf_count=1549 8468 1827 1851 517 6884 119 60 190 50 4798 6386 2194 379 30
internal_value=0.000412243 0.000871131 -0.00422858 0.000458465 0.00102521 -0.000335646 -3.45486e-05 -0.00445824 -7.89477e-05 0.00187758 0.000146695 0.00121207 -0.0025115 -0.000758602
internal_weight=2.40385e+07 2.18754e+07 2.16305e+06 1.86385e+07 1.08763e+07 7.76225e+06 7.23391e+06 528335 4.73828e+06 6.13798e+06 7.05668e+06 3.24174e+06 433557 3.81494e+06
internal_count=35302 24983 10319 23434 13559 9875 9187 688 6934 6625 9127 2711 498 6416
cat_boundaries=0 1 2 3
cat_threshold=81 660 66
is_linear=0
shrinkage=0.05


Tree=40
num_leaves=15
num_cat=1
split_feature=9 9 9 0 7 27 11 27 21 4 27 28 25 21
split_gain=20328.8 8066.25 3263.8 2893.02 3075.03 2601.83 2530.18 3359.08 2170.99 4379.13 2491.81 4179.94 4049.59 5029.82
threshold=4.3265036187091388 0.19389150937709312 0.74794123625672004 11.939525968706405 9.6921039344010236 1.5000000000000002 0.14654200077562149 4.5000000000000009 8.4989126923000402 16.286603766617137 9.5000000000000018 0 -0.24999999999999997 10.697462854147622
decision_type=2 2 2 2 2 2 2 2 10 2 2 1 2 10
left_child=1 6 5 4 -2 -3 -1 -8 9 -7 -10 12 13 -12
right_child=3 2 -4 -5 -6 8 7 -9 10 -11 11 -13 -14 -15
leaf_value=0.0061264904045700043 0.0038239325568611448 -0.0025202123965927443 -0.013536609440744536 -0.1039654431707293 -0.080867768305907278 0.0005215071192831909 -0.0062695580895681599 0.0044897875028257605 0.0059861323303104395 -0.01539014684800786 -0.0015802835092406107 0.0018190527422793667 0.0031344282791128889 -0.015174878691469051
leaf_weight=3909914.3390693665 80363.626605987549 1330278.894867301 3266083.7305159569 400149.26377868652 787617.98276519775 2131687.4733834267 232295.42733764648 354317.99136352539 8156986.5838470459 189022.77563476562 165874.17015266418 2496578.9732627869 174453.91488838196 153626.7557220459
leaf_count=1988 854 1436 12308 861 2934 3288 139 256 8135 52 124 2707 110 88
internal_value=0.000525544 0.00087178 0.000400098 -0.0056343 -0.00725581 0.000715832 0.00276674 -0.000295325 0.000924193 -0.00046711 0.00121384 -2.07706e-05 -0.00422324 -0.00756864
internal_weight=2.38293e+07 2.25611e+07 1.80646e+07 1.26813e+06 867982 1.47985e+07 4.49653e+06 586613 1.34682e+07 2.32071e+06 1.11475e+07 2.99053e+06 493955 319501
internal_count=35280 30631 28248 4649 3788 15940 2383 395 14504 3340 11164 3029 322 212
cat_boundaries=0 1
cat_threshold=32
is_linear=0
shrinkage=0.05


Tree=41
num_leaves=15
num_cat=3
split_feature=9 0 29 5 7 28 3 21 28 21 10 24 9 17
split_gain=19009.2 8361 3447.3 3103.16 3661.47 2712.04 3255.34 2809.89 2619.36 2604.01 3692.72 2730.15 2455.26 2248.52
threshold=4.3265036187091388 16.040624683728151 0 11.284285033452443 9.8733805143937481 1 15.809359978435861 8.4619717517376625 2 9.2967430752252067 0.04615368876793096 2.8993566068214203 6.0195944343390186 0.19132961672338733
decision_type=2 2 1 2 2 1 2 8 1 10 2 8 2 2
left_child=1 2 8 4 -2 7 13 -4 -1 10 11 -10 -6 -7
right_child=3 -3 5 -5 12 6 -8 -9 9 -11 -12 -13 -14 -15
leaf_value=0.0060545502420431361 0.0019707896396440249 0.004789916759285342 -0.016361797229451719 -0.10798269847079006 -0.054435635217518187 -0.014675160479492229 -0.0080875301389962406 0.0017283431179619881 -0.022712984758533367 0.0025809055013992083 0.0076095062046985648 -0.0040513119094647883 -0.098919780991829853 0.019007889400715804
leaf_weight=2712849.8842029572 101735.72766113281 5566279.2523193359 938731.27717018127 674467.78015136719 471381.84754943848 1522266.4953495264 111758.15356445312 5587593.4837853909 540585.1964597702 4192668.94510746 698170.94963347912 505250.90613341331 42509.550933837891 116380.01049804688
leaf_count=4835 1027 1257 1432 1609 1990 5609 42 8565 913 4708 1632 1417 102 46
internal_value=0.000429706 0.000768249 0.000215431 -0.00547272 -0.00803947 -0.000514019 -0.00226166 -4.52863e-05 0.000913441 0.000325256 -0.00129839 -0.00317821 -0.00975516 -0.00169856
internal_weight=2.37826e+07 2.24925e+07 1.69263e+07 1.29009e+06 615627 8.27673e+06 1.7504e+06 6.52632e+06 8.64953e+06 5.93668e+06 1.74401e+06 1.04584e+06 513891 1.63865e+06
internal_count=35184 30456 29199 4728 3119 15694 5697 9997 13505 8670 3962 2330 2092 5655
cat_boundaries=0 1 2 3
cat_threshold=49 261 259
is_linear=0
shrinkage=0.05


Tree=42
num_leaves=15
num_cat=0
split_feature=12 0 9 7 9 20 19 9 12 24 7 8 14 4
split_gain=19806.3 8794.19 3528.02 3239.45 2586.08 2285.54 3330.47 3408.64 2030.28 1916.58 1686.78 1638.54 1534.94 2627.07
threshold=10.500000000000002 15.804232180326846 5.2318077003403127 16.203243434593986 0.85852168406065821 0.010913244316697652 0.012644651757098852 0.29286280406977633 8.5000000000000018 0.82582797440728506 9.2706964221791921 0.11517032025683187 0.54815674642717871 14.728490367003344
decision_type=2 2 2 2 2 10 2 2 2 8 2 2 10 2
left_child=2 3 10 4 9 6 -3 -8 -4 -2 -1 -11 13 -13
right_child=1 5 8 -5 -6 -7 7 -9 -10 11 -12 12 -14 -15
leaf_value=0.0055851147325879733 0.0058501961146888775 0.0044849953947548758 -0.069483069724770405 -0.030824057830575076 -0.024697062221455277 0.007765734460196053 -0.0018690992695383068 0.009920345967356959 -0.11168704222788153 0.0079220093379055636 -0.061178768749121509 -0.0049683703338786597 0.0014273433783924979 -0.016880450191931625
leaf_weight=164549.98381471634 2636731.6053142548 3356876.6072998047 372938.18267059326 101540.82470703125 2544734.3285331726 1611237.8370361328 784947.87451171875 480866.71740722656 186474.78408813477 486505.5404624939 735576.14754486084 750772.37663078308 9593273.4603872299 74945.530029296875
leaf_count=3567 3610 810 1489 29 7774 404 165 131 422 531 2843 1385 12114 46
internal_value=0.000561866 0.000929235 -0.00508192 0.00031476 0.000370954 0.00252493 0.00195971 -0.000225827 -0.00820018 0.000645762 -0.00314397 0.00035328 0.000220844 -0.00184773
internal_weight=2.3882e+07 2.24224e+07 1.45954e+06 1.61885e+07 1.6087e+07 6.23393e+06 4.62269e+06 1.26581e+06 559413 1.35422e+07 900126 1.09055e+07 1.0419e+07 825718
internal_count=35320 26999 8321 25489 25460 1510 1106 296 1911 17686 6410 14076 13545 1431
is_linear=0
shrinkage=0.05


Tree=43
num_leaves=15
num_cat=5
split_feature=12 0 7 12 29 7 11 18 28 28 30 28 11 14
split_gain=20578.5 9704.97 3766.03 3822.26 2538.72 2685.43 2784.46 2394.43 3146.59 2230.72 2124.25 2396.45 2070.35 1722.88
threshold=10.500000000000002 16.040624683728151 9.5611163775478403 8.5000000000000018 0 16.203243434593986 0.31794381275530453 0.97532848275352035 1 2 3 4 -0.17029959916069606 1.3657581538241597
decision_type=2 2 2 2 1 2 2 10 1 1 1 1 2 10
left_child=2 4 -1 -4 7 6 9 8 -2 -6 -10 12 -12 -3
right_child=1 13 3 -5 5 -7 -8 -9 10 -11 11 -13 -14 -15
leaf_value=0.0042672309162911327 0.007044954490118026 -0.00023465377151272375 -0.059132251970594241 -0.087822059533312125 0.0040266609387745698 -0.027950806396814517 -0.010057727228819353 -0.099243073177025673 0.0033342709612729166 -0.0067871976782988806 -0.0085682648233437551 -0.0011359156330097541 -0.028596975637623968 0.0055074227605099923
leaf_weight=205157.53805756569 2090204.5428352356 517734.04467773438 425849.65731811523 822527.26863098145 5347455.2056674957 107094.04296875 1462195.423119545 183473.89351654053 4686864.9642772675 1593455.1976389885 84230.450347900391 1339033.1961135864 84547.771362304688 4964340.3309326172
leaf_count=3949 2939 143 1844 2527 7763 30 2814 369 6137 3810 138 1620 111 1109
internal_value=0.000592221 0.000965343 -0.00517342 -0.00620515 0.000374764 -0.000235134 -0.000134864 0.000987674 0.00111279 0.000282884 0.000546768 -0.00108565 -0.00670006 0.00279443
internal_weight=2.39142e+07 2.24606e+07 1.45353e+06 1.24838e+06 1.69786e+07 8.5102e+06 8.40311e+06 8.46835e+06 8.28488e+06 6.94091e+06 6.19468e+06 1.50781e+06 168778 5.48207e+06
internal_count=35303 26983 8320 4371 25731 14417 14387 11314 10945 11573 8006 1869 249 1252
cat_boundaries=0 1 2 3 4 5
cat_threshold=17 257 261 5 144
is_linear=0
shrinkage=0.05


Tree=44
num_leaves=15
num_cat=3
split_feature=9 9 5 26 28 29 8 29 0 9 9 19 11 27
split_gain=16915.5 5907.38 3860.63 3333.62 4583.15 3858.38 7981.17 3253.33 2762.38 2346.09 2228.94 2064.86 2062.93 1963.08
threshold=4.7385546662654479 0.16473991554958628 12.12408781383728 0.25000000000000017 0 1 0.18539566487688322 2 14.003503756831064 0.42857233563224301 5.5618228568470895 0.057106237952437459 0.18993043045342792 1.5000000000000002
decision_type=2 2 2 2 1 1 2 1 2 2 2 2 2 2
left_child=1 12 10 7 9 -6 -7 8 -3 -5 -2 -10 -1 -8
right_child=2 3 -4 4 5 6 13 -9 11 -11 -12 -13 -14 -15
leaf_value=0.0059479081334533127 -0.038823343004804424 0.0024209692606799935 -0.11743472922346805 0.0025768193091368595 -0.0011788641266596714 -0.012245888463238871 -0.013927119149092879 0.00023179956747073892 0.0074237591811313055 -0.005194469162908024 -0.069788807081820267 -0.0023348046981466696 -0.0063812412695506936 -0.0040269755235549003
leaf_weight=2988357.8305206299 386641.30309295654 2268937.0712128878 312533.44482421875 2785336.0631351471 1678035.5742456913 163624.88920819759 241246.17428207397 5597376.756962657 3373560.9640808105 2557144.3980511427 290621.18196105957 280781.76202392578 230382.07720184326 785924.58750081062
leaf_count=1395 1720 5427 553 2830 2399 88 455 10588 1565 5459 1033 132 154 1634
internal_value=0.000441408 0.000717415 -0.00595845 0.000393428 -0.000376367 -0.00198836 -0.00416507 0.000942097 0.00175888 0.000489252 -0.00807972 0.0026097 0.00270356 -0.00253135
internal_weight=2.39405e+07 2.29507e+07 989796 1.9732e+07 8.21131e+06 2.86883e+06 1.1908e+06 1.15207e+07 5.92328e+06 5.34248e+06 677262 3.65434e+06 3.21874e+06 1.02717e+06
internal_count=35432 32126 3306 30577 12865 4576 2177 17712 7124 8289 2753 1697 1549 2089
cat_boundaries=0 1 2 3
cat_threshold=327 37 17
is_linear=0
shrinkage=0.05


Tree=45
num_leaves=15
num_cat=1
split_feature=12 8 9 7 22 4 6 6 16 19 20 7 28 5
split_gain=17100 5651.54 4110.81 2759.4 3667.91 1868.6 1781.97 1768.56 1590.82 1403.33 1230.79 4300 1658.54 1546.57
threshold=10.500000000000002 0.28929279808685898 5.2318077003403127 16.110960638906878 19.612712971140649 13.532792254310969 12.529684094523459 9.4412479780839558 18.472836192843562 -0.035637932706194649 0.069258689773484511 16.29414425370425 0 15.659325953385059
decision_type=2 2 2 2 2 2 2 2 2 2 8 2 1 2
left_child=2 3 7 9 8 6 -4 -1 -5 -2 -3 12 13 -12
right_child=1 10 5 4 -6 -7 -8 -9 -10 -11 11 -13 -14 -15
leaf_value=0.0053584816877536674 0.0083428523415681986 0.0017327725174453715 -0.057816606819532573 0.0057548436297374687 -0.0015141762763462099 -0.18174375623798372 -0.041826585198945179 -0.057582578459276029 0.00040463365796009873 0.0016936994868786458 -0.019837169985239624 -0.02381281976622867 0.00033921326979005406 0.018476490424939797
leaf_weight=204804.252430439 717032.00340843201 5956426.209646225 451352.75497436523 3415368.3627929688 861105.2587890625 37519.9326171875 69596.007507324219 696284.08229827881 490012.04272460938 5411348.3043880463 706555.65405750275 130698.9716796875 4631485.4628658295 64107.8408203125
leaf_count=3877 825 9389 1724 802 159 52 113 2562 84 5988 2367 35 7337 21
internal_value=0.000463601 0.000805518 -0.00478013 0.00162138 0.00252366 -0.00815073 -0.00737455 -0.00269113 0.00317496 0.000919617 3.18624e-05 -0.000505089 -0.000288277 -0.00243598
internal_weight=2.38437e+07 2.23841e+07 1.45956e+06 1.08949e+07 4.76649e+06 558469 520949 901088 3.90538e+06 6.12838e+06 1.14893e+07 5.53285e+06 5.40215e+06 770663
internal_count=35335 27007 8328 7858 1045 1889 1837 6439 886 6813 19149 9760 9725 2388
cat_boundaries=0 1
cat_threshold=106
is_linear=0
shrinkage=0.05


Tree=46
num_leaves=15
num_cat=2
split_feature=9 0 5 9 19 26 2 9 6 29 24 24 29 9
split_gain=17382.7 7169.77 2820.55 4025.21 2605.02 3146.89 2386.64 2575.67 2194.39 1702.66 2510.12 1630.02 1534.99 2112.39
threshold=4.3265036187091388 15.804232180326846 12.100405712245978 5.5618228568470895 0.034215370636019864 -0.5 16.158092031731105 0.48476366573424612 9.7825095163428362 0 1.2736174209524151 0.82582797440728506 1 6.1815175883253284
decision_type=2 2 2 2 2 2 2 2 2 1 8 8 1 2
left_child=1 6 3 8 9 -6 7 11 -2 -3 -11 -1 -5 -14
right_child=2 4 -4 12 5 -7 -8 -9 -10 10 -12 -13 13 -15
leaf_value=0.0055180636193765242 0.0057008107588915127 0.0060635489160921789 -0.1053683545816721 -0.042906026579144732 0.0042890280804349203 -0.0023734534820628755 -0.0078302612238787973 -0.0031065251893505653 -0.053061761806700192 -0.0010989739277867034 0.0035200030912275839 0.0013106954678401149 -0.059405353351059467 -0.093661870489313334
leaf_weight=1957322.1479740143 98645.434768676758 2418052.2991943359 363962.45962524414 35607.527008056641 516375.56311035156 510904.958984375 127444.61694335938 6791528.6530231237 543004.83332061768 633333.95666503906 2181442.4652099609 7502127.5441894531 219558.15472412109 36680.857299804688
leaf_count=2378 938 571 672 101 124 122 40 17701 2081 150 544 9003 848 79
internal_value=0.000475952 0.000798523 -0.00515239 -0.00660806 0.0022378 -6.42197e-05 0.000248408 0.000301858 -0.00439376 0.00268972 0.00185375 0.000835225 -0.0114764 -0.0128279
internal_weight=2.3936e+07 2.26385e+07 1.29746e+06 933497 6.26011e+06 1.02728e+06 1.63784e+07 1.6251e+07 641650 5.23283e+06 2.81478e+06 9.45945e+06 291847 256239
internal_count=35352 30633 4719 4047 1511 246 29122 29082 3019 1265 694 11381 1028 927
cat_boundaries=0 1 2
cat_threshold=1 64
is_linear=0
shrinkage=0.05


Tree=47
num_leaves=15
num_cat=2
split_feature=12 6 9 14 29 11 28 7 20 2 17 5 20 15
split_gain=15216.8 5822.01 3927.85 2444.12 2419.91 2777.21 2114.79 2036.31 1972.19 3296.96 2304.03 1929.47 1817.18 3016.68
threshold=10.500000000000002 16.195747581550723 5.5618228568470895 2.4100205239217067 0 0.32469669727453448 1 10.048642685073226 -0.030982934530548695 14.037210384334927 0.022377980294356004 12.274928718533735 0.025642384699198401 19.172460310684176
decision_type=2 2 2 10 1 2 1 2 8 2 2 2 10 2
left_child=2 4 7 -3 6 12 -2 -1 9 -7 -10 -4 -6 -14
right_child=1 3 11 -5 5 8 -8 -9 10 -11 -12 -13 13 -15
leaf_value=0.0028283172652054846 0.0050452168906414884 0.0048995365972206266 -0.061328427829691834 -0.0014601231382510348 0.0020308425676150411 -0.015126672887960836 0.00098658382521545551 -0.048084458124454901 -0.017018213644266263 -0.011413243401852487 0.0046751141773976644 -0.10690309747556273 -0.014554874631390227 0.0042874666267459479
leaf_weight=279303.62159097195 3889090.9772262573 4614517.3266601562 298528.05551147461 556539.06713867188 6481555.9840164185 68473.067331314087 4736483.3135452271 787910.57125854492 1084524.6618556976 58244.615905761719 300671.26538085938 91344.269927978516 429988.36163806915 402855.96276855469
leaf_count=4513 4614 996 1058 118 10465 188 6781 2590 2325 33 229 177 990 369
internal_value=0.000542264 0.000861249 -0.00441036 0.0023348 0.000424632 -0.000157408 0.00102022 -0.0028413 -0.0021082 -0.00807879 -0.00156201 -0.00870542 0.000245827 -0.00195273
internal_weight=2.408e+07 2.26229e+07 1.45709e+06 5.17106e+06 1.74519e+07 8.82631e+06 8.62557e+06 1.06721e+06 1.51191e+06 126718 1.3852e+06 389872 7.3144e+06 832844
internal_count=35446 27108 8338 1114 25994 14599 11395 7103 2775 221 2554 1235 11824 1359
cat_boundaries=0 1 2
cat_threshold=17 289
is_linear=0
shrinkage=0.05


Tree=48
num_leaves=15
num_cat=1
split_feature=9 9 11 7 12 11 28 8 24 22 4 23 6 7
split_gain=14241.7 5843.34 3182.5 3062.08 3867.82 3054.27 2110.91 5451.36 2254.11 2113.71 2750.78 2069.59 2849.33 2338.1
threshold=4.0576129534188512 0.14963904423856059 0.14654200077562149 10.118292866301212 8.5000000000000018 0.34698737427677268 0 0.096489678386156755 0.63487293097619857 21.063481265874838 17.017299882291177 6.3820426488833908 16.095743013269477 15.094785014784197
decision_type=2 2 2 2 2 2 1 2 10 2 2 8 2 2
left_child=1 2 -1 -2 -5 6 7 -3 -9 10 -10 12 13 -7
right_child=3 5 -4 4 -6 11 -8 8 9 -11 -12 -13 -14 -15
leaf_value=0.0065728380309362294 0.0044382694915525633 -0.0066400494129754727 -0.0063600425245670805 -0.048398051794611839 -0.071277619254702898 -0.013271742068271862 0.0029149077884138121 0.0076054539780060692 -0.0030584298208256905 0.0064657515788515904 -0.0061399075337031303 0.0082376550999060088 -0.004742728729469973 0.0045378079569087957
leaf_weight=2152156.4451141357 157969.69858169556 66313.508321523666 269549.1321182251 372261.77391052246 912242.57597351074 1700387.2863361835 13853336.612287045 590986.88801431656 2330169.8686846495 183956.39317893982 129049.4599609375 714460.98082304001 150647.1005859375 287745.64611816406
leaf_count=984 1615 73 135 1470 2451 4081 18471 886 3721 56 27 1317 42 124
internal_value=0.000387391 0.000697108 0.00301679 -0.00442833 -0.0052362 0.000416327 0.000668281 -0.000468072 -0.0001771 -0.000801269 -0.00118798 -0.00109843 -0.00187673 -0.00137437
internal_weight=2.38712e+07 2.24288e+07 2.42171e+06 1.44247e+06 1.2845e+06 2.00071e+07 1.71538e+07 3.30048e+06 3.23416e+06 2.64318e+06 2.45922e+06 2.85324e+06 2.13878e+06 1.98813e+06
internal_count=35453 29917 1119 5536 3921 28798 23234 4763 4690 3804 3748 5564 4247 4205
cat_boundaries=0 1
cat_threshold=176
is_linear=0
shrinkage=0.05


Tree=49
num_leaves=15
num_cat=1
split_feature=12 0 9 16 26 9 8 5 7 29 6 1 11 4
split_gain=13447 6786.91 3899.25 3193.65 6707.46 2613.97 2397.01 2040.2 1946.86 1674.63 2326.85 2140.55 2277.91 1407.64
threshold=10.500000000000002 16.040624683728151 5.5618228568470895 18.316622198225307 -0.5 0.15902261461074893 0.31755073652475746 12.12408781383728 10.08613895343227 0 15.793164417046736 15.08716574430089 0.33081664125802229 13.125550799653267
decision_type=2 2 2 2 2 2 2 2 2 1 2 2 2 2
left_child=2 9 8 6 -5 -6 -3 13 -1 -2 11 12 -11 -4
right_child=1 3 7 4 5 -7 -8 -9 -10 10 -12 -13 -14 -15
leaf_value=0.0026617820193678989 0.0018736001012880808 0.0051785040013187789 -0.050546335117333065 0.013682022360261774 0.0021392438787562959 -0.0018799055558729461 -0.00058702604709092918 -0.10818331831988062 -0.045926355568128144 -0.0010860359567209199 -0.0059796001919151884 0.0074006465520453091 -0.028603665488096966 -0.10094905076953049
leaf_weight=282771.96355104446 10850363.273831367 2881283.9475097656 256338.8830871582 650918.97216796875 646828.6962890625 877485.22314453125 467401.07946777344 101980.23570251465 780191.71551513672 4383587.4882068634 140999.66723632812 745093.91497802734 800777.26527881622 28166.589416503906
leaf_count=4538 15112 691 979 129 118 174 142 202 2524 8445 52 353 1844 47
internal_value=0.000419692 0.000721118 -0.00424789 0.00224284 0.000751166 -0.00106319 0.0032118 -0.00854872 -0.00268415 0.000224341 -0.000440672 -0.000289719 -0.000649868 -0.0107237
internal_weight=2.38942e+07 2.24447e+07 1.44945e+06 5.52392e+06 2.17523e+06 1.52431e+06 3.34869e+06 386486 1.06296e+06 1.69208e+07 6.07046e+06 5.92946e+06 5.18436e+06 284505
internal_count=35350 27060 8290 1254 421 292 833 1228 7062 25806 10694 10642 10289 1026
cat_boundaries=0 1
cat_threshold=25
is_linear=0
shrinkage=0.05


Tree=50
num_leaves=15
num_cat=1
split_feature=0 9 4 25 23 16 10 6 20 28 10 9 16 5
split_gain=12940.1 8442.96 2853.92 2360.51 3452.58 7573.22 2745.65 2493.57 2273.72 2160.98 1961.64 1673.19 1650.91 1522.96
threshold=13.933656639857242 5.2318077003403127 13.562729797939692 -0.5 -0.83340888806329594 16.138737299905305 0.3362389630701817 16.195747581550723 0.044217436649307058 0 -0.18824051189515592 0.13067246360888676 16.663968123073094 11.651752265771856
decision_type=2 2 2 2 8 2 2 2 8 1 2 2 2 2
left_child=1 9 -3 4 5 -2 8 11 -6 -1 -9 -5 -8 -11
right_child=3 2 -4 7 6 -7 12 10 -10 13 -12 -13 -14 -15
leaf_value=0.0059874544025294903 0.0077186348170058296 -0.037690199701796406 -0.15370754851851923 -0.0097172180227255434 0.0032005535478521739 -0.0087353904627408482 -0.0030193678637783295 -2.2551991509679029e-05 -0.00051122112333448874 -0.024231143499151397 0.0057024735097310521 0.0039741641884112663 -0.01444450050889317 -0.0022149022226915552
leaf_weight=1095918.3921804428 261065.15179443359 520539.58771514893 35821.117980957031 172738.82885742188 2699852.7779541016 218435.10906982422 167317.80572509766 570712.17236328125 1186803.7828979492 1843608.4211193323 2745302.0231933594 5606405.0143432617 135405.82849121094 6492573.9792938232
leaf_count=6251 168 1867 46 89 1113 66 149 113 600 10762 608 3352 71 10002
internal_value=0.000519013 -0.000850947 -0.00683636 0.00151318 0.000599282 -0.0034197 0.00105928 0.00198232 0.00141651 -0.000497892 0.00307527 0.0013552 -0.00352723 -0.0007723
internal_weight=2.37525e+07 9.98846e+06 556361 1.3764e+07 4.66888e+06 479500 4.18938e+06 9.09516e+06 3.88666e+06 9.4321e+06 3.31601e+06 5.77914e+06 302724 8.33618e+06
internal_count=35257 28928 1913 6329 2167 234 1933 4162 1713 27015 721 3441 220 20764
cat_boundaries=0 1
cat_threshold=3
is_linear=0
shrinkage=0.05


Tree=51
num_leaves=15
num_cat=0
split_feature=9 9 5 9 26 16 5 22 14 1 10 9 14 14
split_gain=11805.2 5893.39 2448.57 2282.68 2151.57 3259.17 2534.22 1946.4 2036.33 8181.93 1825.91 5048.94 1746.77 1622.21
threshold=5.2318077003403127 0.18343332561906558 12.12408781383728 6.1815175883253284 0.25000000000000017 16.420845568438434 17.377938260320832 19.612712971140649 2.494457182281526 15.469568271585974 -0.27074280565889536 0.25255206439602912 1.0900949836499387 2.4000152134729311
decision_type=2 2 2 2 2 2 2 2 10 2 2 2 10 10
left_child=1 7 3 -2 5 10 13 8 -1 -10 11 -3 -7 -6
right_child=2 4 -4 -5 6 12 -8 -9 9 -11 -12 -13 -14 -15
leaf_value=0.0042500208320280907 -0.035373382137617711 -0.010305862951600742 -0.084305241576024328 -0.071028447824090485 -0.00019321982280786471 -0.0025675853138343828 -0.0023151957628916803 -0.0022014815177039673 0.0079766293198666304 -0.005379976399089788 0.0022909975858660678 -0.0025887829412717758 0.0072702399197976031 -0.0060003190820845332
leaf_weight=3278348.4418640137 399142.64576721191 46625.498275756836 160364.14566040039 40606.2763671875 6853826.7576594353 379708.20594024658 188580.78125 456535.1396484375 144036.85601043701 53266.46826171875 6055197.1877639294 1968246.4400891066 2674298.8968429565 949516.79178237915
leaf_count=1450 1590 32 277 88 9473 391 30 144 434 19 11155 4797 1746 3564
internal_value=0.000308007 0.000488269 -0.00661521 -0.0085439 0.000125648 0.000575266 -0.00050018 0.00225112 0.00265429 -0.00227899 4.87779e-05 -0.00125502 0.00196648 -0.000361768
internal_weight=2.36483e+07 2.30482e+07 600113 439749 1.9116e+07 1.11241e+07 7.99192e+06 3.93219e+06 3.47565e+06 197303 8.07007e+06 2.01487e+06 3.05401e+06 7.80334e+06
internal_count=35190 33235 1955 1678 31188 18121 13067 2047 1903 453 15984 4829 2137 13037
is_linear=0
shrinkage=0.05


Tree=52
num_leaves=15
num_cat=2
split_feature=8 0 25 14 11 9 5 29 2 28 19 20 4 18
split_gain=11872.3 5311.38 2898.41 5758.69 2627.16 2502.4 1744.49 1726.78 2165.58 1851.46 3130.07 1798.44 1568.14 1580.36
threshold=2.7329736464431886 16.040624683728151 -0.5 2.3410992662615091 0.20475496823598949 5.764700544774084 12.12408781383728 0 16.158092031731105 1 0.057106237952437459 -0.00036653997500149993 15.337605015458943 0.97532848275352035
decision_type=2 2 2 10 2 2 2 1 2 1 2 10 2 10
left_child=1 7 3 -3 -4 -2 -7 9 -9 12 -11 -12 13 -1
right_child=5 2 4 -5 -6 6 -8 8 -10 10 11 -13 -14 -15
leaf_value=0.0071466433583121493 -0.036099126307225463 0.0028681544627681185 0.0051698507113005897 -0.0030560090482409691 -0.002693941489278269 -0.051522128345554252 -0.05497218859471012 -0.00029779912849416785 -0.0080078535694074558 0.0017608129997120109 -0.01557313977653396 -0.0036692138319911537 -0.016552712261951406 -0.03777266935189371
leaf_weight=2009116.8003616333 1713163.1736550331 1377255.5915527344 3299640.1550292969 526000.59252929688 458395.994140625 154806.45388793945 69281.883026123047 7618808.1879378557 181088.36352539062 6010478.2660906315 79600.682237029076 194443.33045196533 97518.877807617188 165432.81323623657
leaf_count=3229 8224 323 739 116 113 499 122 12873 58 8237 166 233 42 343
internal_value=0.000486743 0.000816919 0.00213692 0.000547186 0.00294204 -0.00326586 -0.00823459 0.000360042 -0.000178042 0.00085054 0.000408306 -0.00481752 0.00207375 0.00235193
internal_weight=2.3955e+07 2.20178e+07 5.66129e+06 1.90326e+06 3.75804e+06 1.93725e+06 224088 1.63565e+07 7.7999e+06 8.55659e+06 6.28452e+06 274044 2.27207e+06 2.17455e+06
internal_count=35317 26472 1291 439 852 8845 621 25181 12931 12250 8636 399 3614 3572
cat_boundaries=0 1 2
cat_threshold=49 257
is_linear=0
shrinkage=0.05


Tree=53
num_leaves=15
num_cat=0
split_feature=9 9 18 16 15 9 26 14 7 15 4 0 5 7
split_gain=8508.62 4472.86 2758.19 2370.49 2208.37 3059.08 2498.25 2589.5 2419.39 2214.74 2353.92 4807.58 2108.07 2212.2
threshold=5.1251205604494618 0.18343332561906558 0.99898163980900689 18.650510177953056 19.211355620242706 0.19813382299130983 -0.24999999999999997 2.1812573570383793 16.984761516005801 18.08616182809012 14.728490367003344 15.324543256002096 13.884132126467053 10.448300711769031
decision_type=2 2 10 2 2 2 2 10 2 2 2 2 2 2
left_child=1 -1 3 4 6 -6 7 8 -3 -8 -11 -12 13 -2
right_child=12 2 -4 -5 5 -7 9 -9 -10 10 11 -13 -14 -15
leaf_value=0.0030673788840503919 0.0030546196692440349 0.00069117340589589069 -0.0054461922515755008 -0.0020985360339277038 -0.0063677982099594743 0.0051399142044697803 0.00011814478076034652 0.0084876461550702133 -0.0080956013017517408 -0.00056583486230423949 -0.014157022955037535 -0.00069216702212893404 0.11917747560236563 -0.0451770205323134
leaf_weight=4215566.1523742676 75390.682945251465 2927588.1803081036 3667236.6896345615 256304.43643188477 135520.44024658203 3616835.30834198 4528055.5952692032 1957336.6320660114 88076.20361328125 927698.42304086685 302617.15740966797 645946.18640136719 47159.447143554688 564744.07733154297
leaf_count=2133 474 5174 5201 96 61 2984 10893 4356 14 1905 176 190 35 1723
internal_value=0.000280682 0.00044263 0.000116553 0.000410254 0.000491031 0.00154289 0.000144116 0.000984922 6.57216e-05 -0.000508775 -0.00195323 -0.00370465 -0.00520218 -0.00595378
internal_weight=2.39561e+07 2.32688e+07 1.90532e+07 1.5386e+07 1.51297e+07 3.75236e+06 1.13773e+07 4.973e+06 3.01566e+06 6.40432e+06 1.87626e+06 948563 687294 640135
internal_count=35415 33183 31050 25849 25753 3045 22708 9544 5188 13164 2271 366 2232 2197
is_linear=0
shrinkage=0.05


Tree=54
num_leaves=15
num_cat=0
split_feature=8 0 16 9 11 14 3 27 8 7 0 24 16 14
split_gain=8971.92 3643.96 2911.07 2478.13 1791.26 2371.76 1754.2 1638.02 2123.17 1471.07 1377.11 1355.62 1528.73 1408.22
threshold=1.4862381147088441 15.804232180326846 18.472836192843562 5.2318077003403127 0.013465213433564152 2.3410992662615091 15.809359978435861 9.5000000000000018 0.28929279808685898 10.448300711769031 13.390109716980222 0.82582797440728506 14.529504718768951 0.54815674642717871
decision_type=2 2 2 2 2 10 2 2 2 2 2 8 2 8
left_child=1 6 4 -2 5 -3 11 8 -6 -5 -11 12 -1 -13
right_child=3 2 -4 9 7 -7 -8 -9 -10 10 -12 13 -14 -15
leaf_value=-0.0024777210322609513 -0.034082347742372281 0.0056935025441362183 -0.0002632872074111286 0.0017973545865392678 0.0036634060192946983 0.0017194661522484918 -0.0049286917455681478 -0.00036960944496120213 -0.0014503649533577198 -0.040690154261516107 0.0057072577650004418 -0.0090707458857164931 0.0059358611801530129 0.00095471305258216978
leaf_weight=859163.48681592941 1775612.2107851505 2099272.5792236328 820363.20458984375 56817.835670471191 1593098.2421875 817003.75 547410.81604003906 590715.59350585938 441440.20959472656 447093.95501708984 42354.834899902344 1060745.5002000332 2020722.8845901489 10919741.849392056
leaf_count=2114 9157 543 145 347 372 183 199 155 130 1440 47 2106 2402 16200
internal_value=0.000374134 0.000689253 0.00169597 -0.00258038 0.00210749 0.0029604 0.000273578 0.00116003 0.001833 -0.00552537 -0.00640941 0.000375974 0.00135001 0.000141834
internal_weight=2.40916e+07 2.17697e+07 6.36189e+06 2.32188e+06 5.54153e+06 2.91628e+06 1.54078e+07 2.62525e+06 2.03454e+06 546267 489449 1.48604e+07 2.87989e+06 1.19805e+07
internal_count=35540 24549 1528 10991 1383 726 23021 657 502 1834 1487 22822 4516 18306
is_linear=0
shrinkage=0.05


Tree=55
num_leaves=15
num_cat=0
split_feature=9 9 19 3 7 12 6 25 0 4 2 18 19 27
split_gain=7637.97 4391.84 3720.99 3388.24 3359.34 2692.79 2564.63 2248.47 3454.4 2138.19 2092.04 5216.24 1921.54 2039.97
threshold=4.0576129534188512 0.13067246360888676 -0.11381263375967689 14.71614422507146 10.448300711769031 8.5000000000000018 16.095743013269477 -0.5 14.033400430812991 14.728490367003344 16.276512134422696 0.29821802393661734 0.061160380032340055 1.5000000000000002
decision_type=2 2 2 2 2 2 2 2 2 2 2 10 2 2
left_child=1 6 3 -3 -2 -6 9 10 -9 -1 -4 -12 13 -10
right_child=4 2 7 -5 5 -7 -8 8 12 -11 11 -13 -14 -15
leaf_value=0.0050025482142463168 0.0050880803191386357 -0.0064257254302916835 0.00014217268555569067 -0.018330081757482998 -0.036092573701483124 -0.054990348184297461 0.0060577703980224801 -0.00067162488437478966 -0.0018903131059402837 -0.0053684382074089109 -0.0031882464981920419 0.00069544702497883885 -0.0030656267742038652 0.0046854310679118301
leaf_weight=135584.31643676758 237104.05687332153 82274.950775146484 5766051.7109370232 76397.674560546875 319572.50407409668 869107.78338623047 1261843.4338378906 6006274.0209610462 957569.87805175781 167072.73132324219 470247.5908203125 706110.45532226562 280286.37591552734 6572074.3074645996
leaf_count=382 2088 180 9350 28 1147 2272 250 15624 430 76 107 151 135 3050
internal_value=0.000341446 0.000566508 0.000375385 -0.00725234 -0.00320734 -0.00429128 0.00312181 0.000433689 0.00080256 -0.00101173 -0.000300408 -0.00222203 0.00149589 0.00164721
internal_weight=2.39076e+07 2.24818e+07 2.09173e+07 158673 1.42578e+06 1.18868e+06 1.5645e+06 2.07586e+07 1.38162e+07 302657 6.94241e+06 1.17636e+06 7.80993e+06 7.52964e+06
internal_count=35270 29763 29055 208 5507 3419 708 28847 19239 458 9608 258 3615 3480
is_linear=0
shrinkage=0.05


Tree=56
num_leaves=15
num_cat=2
split_feature=9 9 27 25 6 28 16 3 29 3 16 17 6 7
split_gain=8235.53 4960.96 2188.63 2680.19 3039.67 2387.87 2740.02 2303.02 2205.72 2117.7 1878.69 1887.51 1864.26 1955.57
threshold=5.2318077003403127 0.18903641329208787 1.5000000000000002 -0.5 13.016028989117794 0 17.414092063640975 16.850127835172454 1 15.930780293996753 17.112261057815498 0.089301647703461315 13.725732469755778 10.563756441778251
decision_type=2 2 2 2 2 1 2 2 1 2 2 2 2 2
left_child=1 -1 7 5 -5 6 9 -3 -7 10 11 -4 13 -2
right_child=12 2 3 4 -6 8 -8 -9 -10 -11 -12 -13 -14 -15
leaf_value=0.0029462699905985967 0.00086052189995065973 -0.0053262290260144519 -0.0040339194585455283 -0.0045908950556429089 0.0040923621934830529 -0.0077511043630680261 -0.0085847387213122284 -0.0082562013383773499 0.00069926320772764183 0.00518501994921428 -0.014365472524003033 -0.062676322501868942 0.1503527503715959 -0.040024070268835171
leaf_weight=4346713.0260658264 81652.574424743652 1591292.4679722786 514403.57735919952 3246217.2344710827 7758049.2063903809 1186066.8598546982 237597.38076782227 97147.16455078125 4114694.9897782803 111949.56469726562 41401.167724609375 47140.463195800781 39467.702697753906 474868.2890625
leaf_count=2245 480 2733 1433 12789 5197 2526 87 17 6189 28 26 44 27 1450
internal_value=0.000302935 0.000451436 0.000101921 0.000270015 0.000739731 -0.000556576 -0.00286151 -0.00161616 -0.000142398 -0.00131552 -0.00248813 -0.0017303 -0.00550084 -0.00624554
internal_weight=2.38887e+07 2.32927e+07 1.8946e+07 1.72575e+07 1.10043e+07 6.25325e+06 952492 1.68844e+06 5.30076e+06 714895 602945 561544 595989 556521
internal_count=35271 33314 31069 28319 17986 10333 1618 2750 8715 1531 1503 1477 1957 1930
cat_boundaries=0 1 2
cat_threshold=160 2
is_linear=0
shrinkage=0.05


Tree=57
num_leaves=15
num_cat=0
split_feature=9 0 7 5 22 2 9 26 26 19 16 16 11 25
split_gain=7042.34 3975.76 3567.26 2863.78 2778.86 2294.3 1725.16 1703.69 1669.13 4544.28 5577.88 3197.64 2135.6 2006.32
threshold=4.3993201333031324 16.684754232979486 10.448300711769031 12.100405712245978 19.612712971140649 16.688037161790731 5.836484647936186 0.25000000000000017 1.0000000180025095e-35 0.034215370636019864 18.114578210008297 16.530118097968444 0.46979615635278288 0.68301270189221941
decision_type=2 2 2 2 2 2 2 2 2 2 2 2 2 2
left_child=1 5 -2 6 7 8 -4 -3 11 13 -11 -1 -13 -10
right_child=2 4 3 -5 -6 -7 -8 -9 9 10 -12 12 -14 -15
leaf_value=0.0006624340731336241 0.0056509189077969639 0.0065304209080390349 -0.035871389187060274 -0.066553698475602371 -0.00060509833516038392 -0.0026076761774327835 -0.04247828332017789 0.00093933570051453529 -0.00061285283138749443 -0.0096963660161483098 -0.013618442118097146 0.0055979418355851015 -0.012462306416316609 0.0038443338759769174
leaf_weight=7263426.4519466162 179795.09490203857 1416164.0961914062 561988.43464660645 360035.67219543457 897989.98828125 357684.47192382812 135722.54827880859 1086279.8522949219 5961122.4169142246 633686.86616003513 87492.995010375977 2048039.7447891235 128521.32211303711 2862873.0679941177
leaf_count=13340 1435 272 1922 664 159 86 414 210 9529 1084 55 1593 118 4542
internal_value=0.000265329 0.0004652 -0.00340786 -0.00451462 0.00204189 0.000188021 -0.00638351 0.00289812 0.000262765 -0.000203466 -0.00401958 0.000734192 0.00241526 0.000108422
internal_weight=2.39808e+07 2.27433e+07 1.23754e+06 1.05775e+06 3.40043e+06 1.93428e+07 697711 2.50244e+06 1.89852e+07 9.54518e+06 721180 9.43999e+06 2.17656e+06 8.824e+06
internal_count=35423 30988 4435 3000 641 30347 2336 482 30261 15210 1139 15051 1711 14071
is_linear=0
shrinkage=0.05


Tree=58
num_leaves=15
num_cat=0
split_feature=9 0 9 22 27 5 26 16 3 4 18 0 22 4
split_gain=7203.05 4991.16 3482.02 2332.8 1938.77 1434.06 1226.11 2372.66 2354.76 1834.38 1783.45 1761.76 1908.08 1793.63
threshold=1.0595447641266476 16.684754232979486 5.836484647936186 19.612712971140649 8.5000000000000018 11.10794699842153 1.0000000180025095e-35 16.420845568438434 16.043295900230813 16.049916458677085 0.75196990740825687 15.671123781704924 16.671438701270244 15.337605015458943
decision_type=2 2 2 2 2 2 2 2 2 2 10 2 2 2
left_child=1 6 -2 4 -3 -4 7 9 -8 11 -9 12 13 -1
right_child=2 3 5 -5 -6 -7 8 10 -10 -11 -12 -13 -14 -15
leaf_value=0.0051561044120053551 -0.021922413523581999 0.0057016043165140189 -0.038552957188824011 1.7893803182098155e-05 0.00041391836724524581 -0.05480794649044074 0.00069830548005132473 0.0060381407621620939 -0.0012095442958967215 -0.0044786458832920548 -0.0040387223918450501 0.0088386452426022274 -0.0029435205457295235 -0.0044707674557301251
leaf_weight=2500890.2553844452 3261647.6003465652 1639689.2307128906 73915.127532958984 849723.60888671875 831217.85400390625 131626.3829498291 7428679.1334275007 2311453.5732650757 1150639.3483886719 281825.8125 169314.26147460938 384060.89245605469 2667064.9092048407 117464.01403808594
leaf_count=4207 14160 314 228 152 164 320 9751 1668 323 91 44 142 3689 55
internal_value=0.000308492 0.000667699 -0.00179795 0.00244083 0.00321798 -0.00810993 0.000321584 0.000749763 -9.92454e-05 0.000208251 0.00204884 0.000403968 0.000166375 0.00112518
internal_weight=2.37992e+07 2.0332e+07 3.46719e+06 3.32063e+06 2.47091e+06 205542 1.70114e+07 8.43207e+06 8.57932e+06 5.95131e+06 2.48077e+06 5.66948e+06 5.28542e+06 2.61835e+06
internal_count=35308 20600 14708 630 478 548 19970 9896 10074 8184 1712 8093 7951 4262
is_linear=0
shrinkage=0.05


Tree=59
num_leaves=15
num_cat=1
split_feature=9 14 26 19 22 28 11 16 22 6 9 27 16 10
split_gain=5976.27 3584.08 3249.41 3976.76 8090.14 3291.54 3298.6 3120.56 2963.07 5390.99 2906.62 2897.25 2273.44 2116.47
threshold=0.9375541577974037 1.4436298029624612 -0.5 0.034215370636019864 19.617331230798943 0 0.20475496823598949 16.420845568438434 18.642615931292685 15.421952349611209 5.836484647936186 3.5000000000000004 17.112261057815498 0.04615368876793096
decision_type=2 8 2 2 2 1 2 2 2 2 2 2 2 2
left_child=1 13 7 5 11 8 -7 -3 9 12 -2 -5 -4 -1
right_child=10 2 3 4 -6 6 -8 -9 -10 -11 -12 -13 -14 -15
leaf_value=-0.0014277757098865107 -0.018269488278684232 0.0022492402664019587 -0.00028600889176376388 -0.0071934806760073668 -0.014060847303181965 0.0055653497057992609 -0.0019719261829524329 0.0084423332593371783 0.00064897537446893382 -0.0088033906303106643 -0.038821735891814958 0.00081568830917009216 -0.011538606357771574 0.0023467400363050648
leaf_weight=5132722.3640501499 3599190.0300173759 1433406.1623983383 1331921.0467767715 162953.72644424438 131266.84619140625 2784663.9574432373 590985.52547264099 2364657.9836730957 1758596.003112793 208072.40576171875 202059.91877746582 663891.47276687622 99784.567245483398 3373096.6440870762
leaf_count=5545 14888 2351 1756 175 60 2920 782 1077 619 75 548 622 86 3815
internal_value=0.000231279 0.000576116 0.00115049 0.000562207 -0.00245288 0.000988658 0.00209452 0.00234812 -0.000109817 -0.00163878 -0.00158633 -0.000622234 -0.000545848 -0.000202482
internal_weight=2.38373e+07 2.0036e+07 1.15302e+07 7.73214e+06 958112 6.77402e+06 3.37565e+06 3.79806e+06 3.39837e+06 1.63978e+06 3.80125e+06 826845 1.43171e+06 8.50582e+06
internal_count=35319 19883 10523 7095 857 6238 3702 3428 2536 1917 15436 797 1842 9360
cat_boundaries=0 1
cat_threshold=568
is_linear=0
shrinkage=0.05


Tree=60
num_leaves=15
num_cat=1
split_feature=0 12 7 18 23 4 11 23 26 1 4 4 28 23
split_gain=6012.66 4288.07 3368.56 3326.33 1930.24 1836.12 1493.25 1682.21 1590.73 2975.49 2108.19 1563.73 1532.3 2807.65
threshold=16.3974896391274 10.500000000000002 10.534495264560967 0.26154714214547931 1.1516567307597303 13.562729797939692 0.20475496823598949 6.8867884999821509 0.25000000000000017 16.399633848597894 16.554399131064109 16.411339423236502 0 5.0069514798528703
decision_type=2 2 2 10 10 2 2 8 2 2 2 2 1 10
left_child=1 2 -1 -2 -5 -4 8 12 11 10 -10 -3 13 -8
right_child=3 6 5 4 -6 -7 7 -9 9 -11 -12 -13 -14 -15
leaf_value=0.0050818048655248129 -0.00065344935131185207 0.0028111884135150222 -0.032205041703909275 0.0058571453442645034 0.0022396453127623396 -0.12758148553171109 -0.0068599055415456056 0.006507116318508083 0.00028434566931444152 -0.0036190543759178464 -0.011019127894043053 0.0098072287069902904 -0.0018465202702639986 -0.068179616696476833
leaf_weight=396366.36107349396 740354.78784179688 7561606.5518364906 1016019.3678436279 828361.39233398438 2800340.3415527344 59561.399536132812 444632.01637458801 761010.4318561554 5489453.0473270416 148938.07739257812 78001.66943359375 232469.2080078125 3300973.8067951202 91853.321664810181
leaf_count=5172 175 10867 3108 170 552 85 898 1362 7832 41 22 67 4893 163
internal_value=0.000394571 2.03491e-05 -0.00257494 0.00207173 0.00269489 -0.00402696 0.000231301 -0.000546946 0.000496188 -0.000137323 4.92557e-05 0.000960824 -0.000972816 -0.00345114
internal_weight=2.39499e+07 1.95809e+07 1.47195e+06 4.36906e+06 3.6287e+06 1.07558e+06 1.81089e+07 4.59847e+06 1.35105e+07 5.71639e+06 5.56745e+06 7.79408e+06 3.83746e+06 536485
internal_count=35407 34510 8365 897 722 3193 26145 7316 18829 7895 7854 10934 5954 1061
cat_boundaries=0 1
cat_threshold=208
is_linear=0
shrinkage=0.05


Tree=61
num_leaves=15
num_cat=2
split_feature=0 9 9 5 17 26 28 8 29 14 14 4 15 22
split_gain=6843.95 4801.32 2333.43 2030.14 2014.78 2869.5 2245.77 2105.33 1971.54 1221.75 1214.92 2370.14 2429.9 2150.25
threshold=16.3974896391274 5.836484647936186 1.0595447641266476 16.445570641160668 0.12992081830067945 -0.5 0 0.14868143367913414 1 1.4376363916027037 0.92498264309332423 14.300869529550891 16.824702731599608 17.36764517752238
decision_type=2 2 2 2 2 2 1 2 1 10 8 2 2 2
left_child=1 2 3 10 -2 -6 7 -7 -3 -10 11 -1 13 -13
right_child=4 8 -4 -5 5 6 -8 -9 9 -11 -12 12 -14 -15
leaf_value=0.00077981576257015698 0.0055278725203863231 -0.017700871244052167 -0.01888766503405739 -0.0032392585754978174 0.0092226703669955907 -0.00017401866950804247 -0.0022598019548139866 0.002575965977247519 -0.048343754766923944 -0.033091460466192692 0.0013800477537413338 0.0071136303961143819 -0.013272142130792959 -0.010795735240448337
leaf_weight=2129200.8618139029 1371866.7580566406 71402.614318847656 3219792.6387646198 164196.19311523438 1025851.0932617188 650433.1220703125 575701.23510742188 680780.1630859375 82094.877380371094 50227.453186035156 13236971.769740105 195714.74822998047 202471.75103759766 238419.5212097168
leaf_count=3905 325 163 14046 43 198 106 130 122 223 162 15425 126 137 153
internal_value=0.000369804 -2.68525e-05 5.33887e-05 0.00029819 0.002175 0.00143516 0.000288039 0.00141643 -0.00766272 -0.0112755 0.000354945 -0.000598137 -0.00327496 -0.00116536
internal_weight=2.38951e+07 1.95905e+07 1.93868e+07 1.6167e+07 4.30463e+06 2.93277e+06 1.90691e+06 1.33121e+06 203725 132322 1.60028e+07 2.76581e+06 636606 434134
internal_count=35264 34383 33835 19789 881 556 358 228 548 385 19746 4321 416 279
cat_boundaries=0 1 2
cat_threshold=768 68
is_linear=0
shrinkage=0.05


Tree=62
num_leaves=15
num_cat=3
split_feature=9 29 0 9 19 29 0 7 3 28 3 15 2 23
split_gain=5231.01 2948.43 3762.23 2486.86 2197.58 1971.6 1840.91 5491.15 1782.13 1860.57 2083.4 1727.66 3298.03 2469.58
threshold=1.1886226591823874 0 16.154648050165125 5.836484647936186 -0.018468429717034846 1 15.804232180326846 15.949843188029041 16.275216496733716 2 13.940031368889871 19.217144507318054 17.4270168375546 1.9666303097139004
decision_type=2 1 2 2 2 1 2 2 2 1 2 2 2 8
left_child=1 2 8 -2 6 -5 7 -3 9 10 -1 12 13 -6
right_child=3 4 -4 5 11 -7 -8 -9 -10 -11 -12 -13 -14 -15
leaf_value=-0.0053904678330715522 -0.017576966395005347 0.0040186235236812189 0.0035418986337739031 -0.014416216894884107 -0.0057923061524330598 -0.04689448679249477 0.0020211691460143692 -0.031341441713176633 -0.0028001264761044324 0.0025506190224977724 -0.018327092514692899 0.0014097793219187489 -0.004397638288681535 0.00055432043520780867
leaf_weight=448728.94462072849 3023648.7654488087 2137207.1058472395 2564246.5532226562 105745.25796508789 1884087.893819809 100518.56109619141 961917.75903320312 72312.43994140625 117181.03735351562 6333591.9797954559 61252.919189453125 3447845.375793457 236592.6943359375 2488943.6504967213
leaf_count=851 13581 3135 575 257 2555 294 229 22 34 7817 57 2510 37 3364
internal_value=0.000420087 0.000711393 0.00135846 -0.00145171 0.00016251 -0.00676366 0.00127743 0.000482595 0.000755334 0.000860022 -0.00204531 -0.000276326 -0.000909527 -0.000598446
internal_weight=2.39838e+07 2.07539e+07 9.525e+06 3.22991e+06 1.12289e+07 206264 3.17144e+06 2.20952e+06 6.96075e+06 6.84357e+06 509982 8.05747e+06 4.60962e+06 4.37303e+06
internal_count=35318 21186 9334 14132 11852 551 3386 3157 8759 8725 908 8466 5956 5919
cat_boundaries=0 1 2 3
cat_threshold=1 69 144
is_linear=0
shrinkage=0.05


Tree=63
num_leaves=15
num_cat=1
split_feature=9 5 9 10 29 9 15 14 27 23 14 15 25 23
split_gain=5509.99 3813.65 2578.52 2229.53 1681.55 1420.95 4197.19 1331.32 1999.73 3357.46 2163.52 3004.1 2258.37 2009.52
threshold=1.1499178174730909 16.960881889764313 5.836484647936186 -0.046185226119835145 0 0.19813382299130983 19.344577984086857 0.92498264309332423 9.5000000000000018 -2.0612715396708192 2.2283989705103648 18.349763362669407 -0.24999999999999997 0.73882932105507859
decision_type=2 2 2 2 1 2 2 8 2 10 10 2 2 10
left_child=1 4 -2 -3 7 6 -6 -1 13 -10 -11 12 -12 -9
right_child=2 3 -4 -5 5 -7 -8 8 9 10 11 -13 -14 -15
leaf_value=-0.0012135305059143349 -0.016814208501112423 3.8314378138051795e-05 -0.032450107386742887 0.0038214183901999176 0.0012450420893050829 3.9872041179475859e-05 -0.073978500118838414 0.0069175303766532683 -0.0058712024517008302 0.0028198875209289116 -0.0044936175891857185 -0.010877420937265016 0.010915408440817665 0.0024019071322692346
leaf_weight=1891646.6993490458 3065371.4885511398 619563.95751953125 208598.10151672363 1731284.0302734375 134445.82329559326 7358809.0796613693 57443.712341308594 1056080.6373023987 142033.85965538025 1220049.0069351196 374461.17609024048 113568.85485839844 204684.84822845459 5793876.6427650452
leaf_count=2986 13733 101 556 307 315 9438 27 873 141 1067 419 74 214 5113
internal_value=0.000450762 0.000752248 -0.00145523 0.00264829 0.000509305 -6.30797e-05 -0.00431069 0.000909614 0.00116552 -0.000202535 0.000348217 -0.00188346 -0.000425366 0.0015759
internal_weight=2.39719e+07 2.06979e+07 3.27397e+06 2.35085e+06 1.83471e+07 7.5507e+06 191890 1.07964e+07 8.90476e+06 2.0548e+06 1.91276e+06 692715 579146 6.84996e+06
internal_count=35364 21075 14289 408 20667 9780 342 10887 7901 1915 1774 707 633 5986
cat_boundaries=0 1
cat_threshold=81
is_linear=0
shrinkage=0.05


Tree=64
num_leaves=15
num_cat=2
split_feature=9 0 19 20 24 26 14 8 29 29 9 22 22 15
split_gain=4451.52 3143.76 3750.55 1892.12 3717.29 2105.76 2326.41 3592.67 1516.54 1481.94 1478.07 1243.84 2595.48 1379.74
threshold=5.836484647936186 15.804232180326846 0.040781185357162006 -0.081572427356806532 2.8807611819448851 -0.24999999999999997 1.6969456881640719 0.14483486216721952 0 1 0.9375541577974037 16.671438701270244 16.691973129424301 19.309486169614129
decision_type=2 2 2 10 8 2 10 2 1 1 2 2 2 2
left_child=1 10 3 4 -3 -5 9 -8 -2 -7 11 -1 -13 -14
right_child=8 2 -4 5 -6 6 7 -9 -10 -11 -12 12 13 -15
leaf_value=0.0028740982342486641 -0.019395329680227839 -0.0031013877869812811 -0.0014452874434995461 0.0068656418943811373 0.003054300836164806 0.0046302544841059848 -0.0020225046574486854 0.00053754206499531079 -0.036293538544810787 0.0015567985160664793 -0.012139892498300888 -0.068914056998096593 -0.00056311933080564357 0.0046295727332002021
leaf_weight=5260588.7929303646 113595.29539489746 439681.90026855469 817148.16979980469 1686877.4133300781 518832.26440429688 658715.685546875 445281.38916015625 992640.08459472656 98663.875061035156 648134.60229492188 3533722.5631347895 98075.376510620117 7498434.7499059439 1055520.5491027832
leaf_count=8261 274 136 195 383 161 153 102 237 286 131 14849 126 9154 872
internal_value=0.000357526 0.000422214 0.00138859 0.00186713 -0.000147185 0.0023028 0.00144836 6.06279e-05 -0.00685107 0.00297527 7.83826e-05 0.000310324 -5.83202e-05 3.44089e-05
internal_weight=2.38659e+07 2.36537e+07 6.20731e+06 5.39016e+06 958514 4.43165e+06 2.74477e+06 1.43792e+06 212259 1.30685e+06 1.74463e+07 1.39126e+07 8.65203e+06 8.55396e+06
internal_count=35320 34760 1498 1303 297 1006 623 339 560 284 33262 18413 10152 10026
cat_boundaries=0 1 2
cat_threshold=69 9
is_linear=0
shrinkage=0.05


Tree=65
num_leaves=15
num_cat=3
split_feature=0 19 8 8 26 17 26 7 28 6 29 28 22 22
split_gain=4406.83 6339.28 2377.3 1711.41 1619.69 3280.83 1324.19 2375 1976.78 3788.4 1633.3 1907.61 2267.18 1403.85
threshold=16.040624683728151 0.041803552290595757 5.582264713400396 0.28929279808685898 -0.24999999999999997 0.12992081830067945 0.25000000000000017 16.29414425370425 0 15.282705728400392 1 2 21.040452452046065 19.639666859264288
decision_type=2 2 2 2 2 2 2 2 1 2 1 1 2 2
left_child=2 3 6 4 -2 -6 10 8 9 -8 11 -1 -13 -10
right_child=1 -3 -4 -5 5 -7 7 -9 13 -11 -12 12 -14 -15
leaf_value=0.004516361977628113 0.0060380553940976101 -0.0022235289468586212 -0.02019525042418012 -7.7249913261949129e-05 0.0042703525568993502 0.00023273377589841171 -0.0026084631460289299 -0.030175472712788854 0.0010328567400644396 -0.0092443730908754081 -0.0012826511037086832 0.0004536979702492261 -0.031338444623096894 -0.017460890484398774
leaf_weight=3575152.5243153572 1545926.34375 665959.82678222656 564844.9024887085 727750.64660644531 892829.86279296875 1597524.9841308594 1739060.4421513081 76394.909912109375 5170026.588732481 224387.04968261719 5335057.8481103182 1313977.2171516418 132926.78588867188 266784.08304595947
leaf_count=4686 342 150 1783 198 221 325 3844 20 9400 92 11139 2699 174 310
internal_value=0.000302696 0.00155433 -6.66991e-05 0.00219307 0.00259548 0.00180633 3.445e-05 -0.000472645 -0.000382102 -0.00174194 0.000400515 0.00104767 -0.00048412 0.000108992
internal_weight=2.38286e+07 5.42999e+06 1.83986e+07 4.76403e+06 4.03628e+06 2.49035e+06 1.78338e+07 7.47665e+06 7.40026e+06 1.96345e+06 1.03571e+07 5.02206e+06 1.4469e+06 5.43681e+06
internal_count=35383 1236 34147 1086 888 546 32364 13666 13646 3936 18698 7559 2873 9710
cat_boundaries=0 1 2 3
cat_threshold=680 17 865
is_linear=0
shrinkage=0.05


Tree=66
num_leaves=15
num_cat=2
split_feature=8 19 7 29 0 4 19 1 21 28 4 21 27 2
split_gain=3139.91 3135.81 2242.93 1683.19 3246.44 2243.43 2179.32 5142.74 1941.72 1760.95 2968.83 1714.76 1639.87 3818.15
threshold=1.3149917895884966 -0.11381263375967689 10.737449275774242 0 16.154648050165125 15.813437922507914 0.040781185357162006 16.399633848597894 10.228089216411165 1 13.779982261272407 10.98975100650992 1.5000000000000002 15.200874275528687
decision_type=2 2 2 1 2 2 2 2 10 1 2 10 2 2
left_child=1 -1 -2 4 5 9 11 -8 -7 10 -3 12 13 -5
right_child=2 3 -4 6 -6 8 7 -9 -10 -11 -12 -13 -14 -15
leaf_value=-0.013655605547773508 0.005768147003212782 -0.0029011821286689344 -0.036197750695550722 -0.0012692290222346934 0.0031947700544770899 -0.0099460311524857264 -0.00083716176440660909 -0.0041611583525537968 -0.00012329668586581237 0.0023766558439484798 -0.01558159207354895 0.0037217857172564201 0.00026849302662058027 -0.0053332087619629232
leaf_weight=146652.5748500824 661666.12227320671 836006.44598591328 1749810.3853302002 425307.05375373363 3102916.1284179688 312169.98254394531 905556.09668254852 256591.26513671875 529187.97509765625 7734367.6342225075 102114.45538330078 1419069.6621208191 5451477.3382114172 165815.62487792969
leaf_count=163 6819 2014 4475 750 738 103 1293 45 175 10346 105 792 7380 51
internal_value=0.00025012 0.000442969 -0.00146024 0.000493276 0.000861259 0.000403217 -4.50897e-05 -0.00205913 -0.00206186 0.000642365 -0.00140339 0.000268595 -9.87243e-05 -0.00260011
internal_weight=2.37987e+07 2.13872e+07 2.41148e+06 2.12406e+07 1.26168e+07 9.51385e+06 8.62382e+06 1.16215e+06 841358 8.67249e+06 938121 7.46167e+06 6.0426e+06 591123
internal_count=35249 23955 11294 23792 13481 12743 10311 1338 278 12465 2119 8973 8181 801
cat_boundaries=0 1 2
cat_threshold=9 152
is_linear=0
shrinkage=0.05


Tree=67
num_leaves=15
num_cat=2
split_feature=5 7 9 7 10 10 29 30 1 14 22 5 18 2
split_gain=4541.65 3818.16 3251.69 2553.98 1940.91 1792.02 1761.37 1757.89 6754.79 1748.8 1728.57 1597.77 1528.86 3012.92
threshold=16.960881889764313 17.114749279343759 5.5074427617107462 10.870635413902844 -0.23418982621056633 0.020842451520212305 0 1 15.670746037891478 0.81142272426655138 19.147167247441164 13.410780493755405 0.99898163980900689 16.536166990069358
decision_type=2 2 2 2 2 2 1 1 2 10 2 2 10 2
left_child=1 2 4 -4 7 -2 12 9 -9 10 -1 -5 -6 -14
right_child=5 -3 3 11 6 -7 -8 8 -10 -11 -12 -13 13 -15
leaf_value=-0.0095110442939212413 0.00087506675753975952 -0.0053255220983512647 0.0060347117908259714 -0.032379022589715888 0.0024376909216620476 0.0051681022798966622 -0.00033896947149179623 -0.0097400849514676993 -0.0431821870339614 0.00045602201499701062 -0.03723893991014305 0.081618906683245174 -0.00065958436955758967 -0.23177674139195284
leaf_weight=385261.71045684814 1091044.8891601562 65220.91064453125 92026.77961730957 321599.05879211426 9167116.146684289 1164605.08203125 6257845.8196297884 613124.36710762978 51978.072998046875 3546052.4669346809 113311.19209861755 39898.493835449219 765173.6420211792 94073.234130859375
leaf_count=900 183 12 475 869 11935 205 10984 1869 14 6681 139 35 1012 26
internal_value=0.000379482 0.000155678 0.000192411 -0.00399633 0.000282899 0.00251395 0.000541447 -0.000611048 -0.00299314 -0.000219325 -0.00299206 -0.00588947 0.000952267 -0.00106442
internal_weight=2.37683e+07 2.15127e+07 2.14475e+07 453524 2.09939e+07 2.25565e+06 1.62842e+07 4.70973e+06 665102 4.04463e+06 498573 361498 1.00264e+07 859247
internal_count=35339 34951 34939 1379 33560 388 23957 9603 1883 7720 1039 904 12973 1038
cat_boundaries=0 1 2
cat_threshold=9 9
is_linear=0
shrinkage=0.05


Tree=68
num_leaves=15
num_cat=1
split_feature=0 17 11 22 26 8 29 7 17 21 21 26 11 5
split_gain=3569.79 2685.26 3625.76 3020.32 3376.32 2383.92 1557.51 5567.5 1593.47 1428.3 2805.5 1616.25 1611.48 1235.72
threshold=15.804232180326846 0.24497248980684103 -0.12976329723944952 19.612712971140649 0.25000000000000017 6.2980155838204555 0 16.203243434593986 0.0090725539372127507 7.758850403512465 7.796094664218634 -0.5 0.8772278950308704 11.157337084664498
decision_type=2 2 2 2 2 2 1 2 2 8 8 2 2 2
left_child=5 -2 -3 4 -4 6 9 8 -8 -1 -11 12 -12 -7
right_child=1 2 3 -5 -6 13 7 -9 -10 10 11 -13 -14 -15
leaf_value=0.0080877823787473459 0.0029450044082872137 0.0035700379906709275 0.0024334602403255972 -0.0032207350477523548 -0.00078541076100986 -0.04302271395934143 -0.007501112434630277 -0.50547619627427964 0.0014877687710013472 -0.15376273637077376 0.0048442213067435508 -0.00022031081796461744 -0.054411192507672373 -0.052293700211435791
leaf_weight=1044107.0346051455 3928302.7501220703 548735.88891601562 772723.861328125 480867.91357421875 539045.46142578125 48130.96662902832 4165423.9178771973 45341.92529296875 3122286.0223007202 122660.30060195923 2869131.1980880499 6063089.1702910662 86281.451866149902 143164.28402709961
leaf_count=2382 997 121 178 97 123 121 13815 13 3707 174 4185 8911 241 282
internal_value=0.00038814 0.00141345 7.31321e-05 -0.00101547 0.000227136 2.5153e-05 8.57732e-05 -0.000469854 -0.000361184 0.000485806 0.000285698 0.000387853 0.00134658 -0.00552629
internal_weight=2.39793e+07 6.26968e+06 2.34137e+06 1.79264e+06 1.31177e+06 1.77096e+07 1.75183e+07 7.33305e+06 7.28771e+06 1.01853e+07 9.14116e+06 9.0185e+06 2.95541e+06 191295
internal_count=35347 1516 519 398 301 33831 33428 17535 17522 15893 13511 13337 4426 403
cat_boundaries=0 1
cat_threshold=21
is_linear=0
shrinkage=0.05


Tree=69
num_leaves=15
num_cat=2
split_feature=29 2 21 22 15 11 11 26 28 15 16 21 24 9
split_gain=3580.56 3625.28 2449.39 3968.91 2226.48 2762.12 2096.12 2274.52 2965.05 5645.05 2291.25 3416.11 2224.04 2282.17
threshold=0 15.930207739512172 11.171121089012329 19.617331230798943 17.962361561919668 -0.053270809047041241 0.34698737427677268 1.0000000180025095e-35 1 18.297242473215295 18.369372682749788 11.048277798141749 2.1287889848007757 0.38881038684630903
decision_type=1 2 10 2 2 2 2 2 1 2 2 10 10 2
left_child=1 -1 3 6 5 -3 7 10 9 12 11 -2 13 -9
right_child=2 4 -4 -5 -6 -7 -8 8 -10 -11 -12 -13 -14 -15
leaf_value=0.0011661660114047694 0.00124730137199896 0.0024952460809849306 0.0054339390340054665 -0.0039888411084209978 0.0036322904123040518 -0.00098617833619475074 -0.015747220545618109 0.00089160271097733388 -0.00065800940413640596 -0.0068959396349898743 0.0095534623066165017 -0.0059693721599797652 -0.0083767671189916276 -0.0096265714927470138
leaf_weight=10290433.727927566 3332152.0972225666 441166.3427734375 886453.56359672546 215381.17172241211 2664015.2104492188 517902.44506835938 1068009.3643407822 263353.59085083008 2798235.5384824276 211842.94140911102 444224.39462280273 60245.793380737305 293466.61776256561 212363.54568576813
leaf_count=19025 5897 117 773 80 665 126 2324 132 4822 211 159 82 538 414
internal_value=0.000307169 0.000822582 -0.000425656 -0.000675318 0.00218277 0.000116998 -0.000509025 -0.000218122 -0.00108874 -0.00345401 0.000639475 0.000197315 -0.00146358 0.000648118
internal_weight=2.36992e+07 1.39135e+07 9.78573e+06 8.89928e+06 3.62308e+06 959069 8.68389e+06 7.61588e+06 3.77926e+06 981027 3.83662e+06 3.3924e+06 769184 475717
internal_count=35365 19933 15432 14659 908 243 14579 12255 6117 1295 6138 5979 1084 546
cat_boundaries=0 1 2
cat_threshold=41 552
is_linear=0
shrinkage=0.05


Tree=70
num_leaves=15
num_cat=1
split_feature=0 14 21 7 9 21 4 14 29 25 1 20 14 7
split_gain=3453.72 2950.11 3795.56 2746.83 2317.46 1688.09 1508.2 1344.42 1450.54 1703.96 2661.49 1542.36 3219.73 4211.65
threshold=14.742370668645821 2.3792117585041241 10.897997401941252 16.110960638906878 5.764700544774084 10.908497196024898 13.177904806473304 2.6761871755968305 0 -0.6830127018922193 14.486309892259852 -0.0011390669759102998 1.1657531126430782 14.257915537543884
decision_type=2 10 10 2 2 10 2 8 1 2 2 8 10 2
left_child=4 -2 3 -3 5 7 -6 8 11 10 -10 12 13 -1
right_child=1 2 -4 -5 6 -7 -8 -9 9 -11 -12 -13 -14 -15
leaf_value=-0.013183940676971723 0.0023821742186541164 -0.0049585648985262564 -0.0024722515143175906 0.00074516030868387786 -0.015637463908658465 0.0034079233140362469 -0.073827241169404284 0.0080352240493833226 -0.019318614001392117 -0.0044450288061435488 -0.024973260884593299 0.0014152103202874802 0.000748336291142237 -0.022992561701727258
leaf_weight=387032.80056869984 8617985.9154052734 462616.76953125 605741.20251464844 451067.77954101562 200104.60456848145 1825621.5931501389 37175.089141845703 824557.20096039772 771175.63246774673 2614120.6438839436 60024.096435546875 6107902.9336462021 831813.65284824371 123275.83203125
leaf_count=750 3054 223 152 92 607 3756 59 6087 1809 5663 44 11844 1183 84
internal_value=0.000382664 0.00108321 -0.00094816 0.0010866 -0.000132596 -4.67853e-05 -0.00503123 -0.000267085 -0.000414406 -0.00126276 -0.00323471 -2.20767e-05 -0.00155681 -0.00468347
internal_weight=2.39202e+07 1.01374e+07 1.51943e+06 913685 1.37828e+07 1.35455e+07 237280 1.17199e+07 1.08953e+07 3.44532e+06 831200 7.45003e+06 1.34212e+06 510309
internal_count=35407 3521 467 315 31886 31220 666 27464 21377 7516 1853 13861 2017 834
cat_boundaries=0 1
cat_threshold=29
is_linear=0
shrinkage=0.05


Tree=71
num_leaves=15
num_cat=2
split_feature=0 15 15 23 7 11 24 24 19 29 28 26 14 7
split_gain=4047.55 2100.56 3372.23 2793.36 2308.26 2268.68 2071.21 2417.21 5178.83 2068.96 1787.85 1721.98 1564.86 2394.47
threshold=14.102168388139726 19.211355620242706 19.196375705064558 -2.0612715396708192 15.777918108991317 0.11096014400528181 0.76154620333277312 1.2736174209524151 0.014367283444524951 0 1 -0.5 1.5460538133724107 14.764916407818342
decision_type=2 2 2 10 2 2 10 10 2 1 1 2 10 2
left_child=10 2 3 4 -2 -3 -5 8 9 -8 -1 -7 13 -13
right_child=1 5 -4 6 -6 11 7 -9 -10 -11 -12 12 -14 -15
leaf_value=0.0060604876620022393 0.0032689765024201713 0.00446570838564738 -0.0067415380355859873 0.0037335938354487183 -0.0017967452774394412 0.0070080706209741427 0.0056030530234637103 0.0011988591739791922 -0.0063578364825895633 -0.0056283797419199441 -0.0034538935377869473 -0.015632037995967862 -0.0036186773187171133 0.0014287436931671154
leaf_weight=880339.85161018372 227501.50744628906 3104612.9489746094 334429.57843017578 1728280.5926513672 235171.89575195312 566137.64050292969 428856.38299560547 4583565.0182800293 281929.88439941406 311167.07653808594 9787372.2770822048 244973.56988525391 357819.51983642578 861049.17297363281
leaf_count=5729 142 1337 149 678 59 251 156 2117 122 132 23811 196 135 307
internal_value=0.000358156 0.000941251 0.000441263 0.000652156 -0.00311585 0.00173301 0.000889871 0.000423301 -0.0017756 0.000421338 -0.000366933 0.000433253 -0.000472379 0.000457465
internal_weight=2.39332e+07 1.32655e+07 8.1309e+06 7.79647e+06 462673 5.13459e+06 7.3338e+06 5.60552e+06 1.02195e+06 740023 1.06677e+07 2.02998e+06 1.46384e+06 1.10602e+06
internal_count=35321 5781 3555 3406 201 2226 3205 2527 410 288 29540 889 638 503
cat_boundaries=0 1 2
cat_threshold=1 1
is_linear=0
shrinkage=0.05


Tree=72
num_leaves=15
num_cat=1
split_feature=2 9 10 2 14 19 28 16 18 26 2 24 20 19
split_gain=4049.6 1881.12 2002.46 3265.41 1815.04 1857.44 2023.2 2797.97 1814.24 1720.18 1820.62 1582.18 1657.15 2151.3
threshold=16.536166990069358 1.1499178174730909 0.13174240768969803 16.401501956730314 0.91334063242727137 0.031168418490475556 0 15.764056911004952 0.26812542021720004 -0.24999999999999997 13.365880935522149 7.9624243260001153 0.032674146079223358 0.061160380032340055
decision_type=2 2 2 2 8 2 1 2 10 2 2 10 8 2
left_child=1 2 3 4 5 6 7 -1 -2 10 -7 12 13 -6
right_child=8 -3 -4 -5 11 9 -8 -9 -10 -11 -12 -13 -14 -15
leaf_value=-0.00054537762951202193 -0.00011862717765182519 -0.014458030558371686 0.0048300180301837584 -0.0010877780147931669 0.0021109181888901217 -0.013521852672675652 0.00093659024015134765 -0.041925629745862031 0.0022899843259527541 0.00076428358514713966 -0.020669759964602102 0.013669861524003553 -0.0013103840340078952 -0.0063826024049830317
leaf_weight=153204.64145731926 701592.26196289062 3279416.4357936382 4116460.7907210588 305416.65087890625 5460981.7047271729 110823.00250244141 1262251.573764801 111885.3928527832 3139350.0537109375 119028.35152435303 114151.08947753906 652776.29251289368 4138160.0854924917 120970.63401031494
leaf_count=269 155 14229 5436 80 5954 239 1974 140 601 180 94 841 4938 119
internal_value=0.000415196 0.000128906 0.000344301 3.04087e-05 0.00015779 -0.00127546 -0.000527868 -0.00449876 0.00190187 -0.00459469 -0.00716647 0.000416357 0.00025633 0.000818446
internal_weight=2.37865e+07 1.99455e+07 1.66661e+07 1.25496e+07 1.22442e+07 1.87134e+06 1.52734e+06 265090 3.84094e+06 344002 224974 1.03729e+07 9.72011e+06 5.58195e+06
internal_count=35249 34493 20264 14828 14748 2896 2383 409 756 513 333 11852 11011 6073
cat_boundaries=0 1
cat_threshold=208
is_linear=0
shrinkage=0.05


Tree=73
num_leaves=15
num_cat=1
split_feature=2 19 9 29 26 26 17 22 24 24 9 2 11 3
split_gain=3167.14 3204.64 2257.39 1745.66 1682.57 2183.21 1627.68 2355.91 1271.59 1616.98 4421.39 3079.44 1886.69 1527.32
threshold=15.930207739512172 0.041803552290595757 5.836484647936186 0 -0.24999999999999997 0.93301270189221952 0.12992081830067945 18.661337889755632 0.80042292159832307 2.6833875349298704 0.12236701337558946 15.671478107019702 0.31150373955089178 15.567207011766561
decision_type=2 2 2 1 2 2 2 2 8 10 2 2 2 2
left_child=2 4 8 -4 -2 6 -6 -8 -1 10 -10 -12 -11 -14
right_child=1 -3 3 -5 5 -7 7 -9 9 12 11 -13 13 -15
leaf_value=0.0032727177469773108 0.0042680486298499595 -0.0011100319652677909 -0.029343043850276519 -0.0048898225549614755 0.002673599283390888 0.0053590970509086637 -0.0011133572891999378 0.00012566911903373094 -0.019887966458391682 0.0029739990124515569 -0.0010631603562425926 -0.0072737577519417472 -0.0083584488115039431 0.016625716997009061
leaf_weight=3361735.8818974495 1979757.1516113281 716410.88647460938 102622.60751342773 104911.50938415527 1072741.82421875 496593.97778320312 599644.244140625 1073648.4516601562 60632.638107299805 5522537.5622909069 7135501.1915028095 232525.86242675781 1364258.72032547 93674.988037109375
leaf_count=6531 462 167 300 261 293 116 148 199 81 10686 12346 88 3647 36
internal_value=0.000351936 0.00135303 2.12448e-05 -0.00516326 0.00178322 0.00108195 0.000530237 -0.000444445 8.17912e-05 -0.000122501 -0.000635943 -0.000525288 0.000423906 -0.00117594
internal_weight=2.39172e+07 5.9388e+06 1.79784e+07 207534 5.22239e+06 3.24263e+06 2.74603e+06 1.67329e+06 1.77709e+07 1.44091e+07 7.42866e+06 7.36803e+06 6.98047e+06 1.45793e+06
internal_count=35361 1385 33976 561 1218 756 640 347 33415 26884 12515 12434 14369 3683
cat_boundaries=0 1
cat_threshold=10
is_linear=0
shrinkage=0.05


Tree=74
num_leaves=15
num_cat=1
split_feature=2 19 9 14 26 21 24 18 8 18 29 19 1 5
split_gain=2901.95 3117.1 1591.58 1486.32 1453.82 1600.01 1996.01 1638.12 2082.98 1966.82 1221.02 1189.52 1407.22 1204.8
threshold=15.930207739512172 0.041803552290595757 5.836484647936186 2.4201405926952608 0.93301270189221952 9.372415010612329 2.4339156147614505 0.34334564190055755 0.1520367391642001 0.26812542021720004 0 -0.015250994280609949 15.08716574430089 15.225370992279283
decision_type=2 2 2 10 2 10 10 10 2 10 1 2 2 2
left_child=2 3 11 4 5 -2 7 9 -9 -7 -4 12 13 -1
right_child=1 -3 10 -5 -6 6 -8 8 -10 -11 -12 -13 -14 -15
leaf_value=0.0014446645451937563 -0.00037388078560241195 -0.0012571297573083576 -0.032862250617167771 -0.0016419114464080475 0.0059138012191788172 -1.6931620669512562e-05 0.0034792848505272437 -0.0023022706921381328 0.0013490414699671163 0.0053736151284204271 -0.0059508870174608715 -0.00064784846621373637 0.0055603829724377232 -0.013749831150064654
leaf_weight=4934343.4204905033 654580.52758789062 696762.60546875 99133.205947875977 457905.56494140625 460721.53515625 598590.37426757812 1124869.91796875 527216.90356445312 626280.92138671875 727977.046875 109340.98385620117 11893034.671726704 922909.50231933594 58777.478759765625
leaf_count=10671 183 162 291 107 106 152 252 106 159 133 266 22328 417 28
internal_value=0.00032497 0.00128998 1.0313e-05 0.00171246 0.0019763 0.00168771 0.00210064 0.00130829 -6.97718e-05 0.00250655 -0.00433309 6.11573e-05 0.000640542 0.000309008
internal_weight=2.38924e+07 5.87491e+06 1.80175e+07 5.17814e+06 4.72024e+06 4.25952e+06 3.60494e+06 2.48007e+06 1.1535e+06 1.32657e+06 208474 1.78091e+07 5.91603e+06 4.99312e+06
internal_count=35361 1360 34001 1198 1091 985 802 550 265 285 557 33444 11116 10699
cat_boundaries=0 1
cat_threshold=10
is_linear=0
shrinkage=0.05


Tree=75
num_leaves=15
num_cat=1
split_feature=18 28 27 23 3 4 24 18 24 25 18 11 19 1
split_gain=1709.88 2311.17 3805.55 5501.89 15838.2 4736.23 2300.73 4528.74 2325.54 4243.94 3687.72 2953.02 3589.78 2739.72
threshold=0.99898163980900689 0 8.5000000000000018 -1.8111477621546197 16.275216496733716 16.049916458677085 1.9579585482887751 0.34334564190055755 1.4321253711642201 0.68301270189221941 0.76434656227941111 0.086168860342574718 0.029993409272914853 15.556222073247737
decision_type=10 1 2 10 2 2 10 10 8 2 10 2 2 2
left_child=1 6 5 4 -4 -3 7 -1 11 10 -10 -9 13 -13
right_child=-2 2 3 -5 -6 -7 -8 8 9 -11 -12 12 -14 -15
leaf_value=0.005446928268996688 -0.0032170620607699599 -0.00040402905071204088 -0.011942583761340372 -0.00077496667580127169 -0.01345219911197679 0.0041265498969153677 0.0031636063255810268 0.0034211749078445334 0.0010450410856942421 -0.0089706182139287338 -0.0092984836437423803 -0.0045872532175192989 0.0046494881284698886 -0.005034015778078914
leaf_weight=1324857.7590026855 4056233.3170204163 5650076.1734075546 218644.48927688599 3443896.5476098061 57667.061767578125 1689324.6396484375 4632227.9266262054 1147418.7675743103 367039.83586120605 210908.1807975769 197150.24566268921 314970.50905609131 167195.1403465271 277883.73461914062
leaf_count=2727 6348 11580 485 5441 13 391 6393 988 180 116 158 345 115 67
internal_value=0.000225583 0.000418072 -6.06011e-05 -0.00136333 -0.00815174 0.000599731 0.00103082 0.000153585 -0.00102765 -0.00333709 -0.001075 -8.92083e-05 -0.00250642 -0.00433124
internal_weight=2.37555e+07 1.96993e+07 1.10596e+07 3.72021e+06 276312 7.3394e+06 8.63965e+06 4.00742e+06 2.68257e+06 775098 564190 1.90747e+06 760049 592854
internal_count=35347 28999 17910 5939 498 11971 11089 4696 1969 454 338 1515 527 412
cat_boundaries=0 1
cat_threshold=259
is_linear=0
shrinkage=0.05


Tree=76
num_leaves=15
num_cat=2
split_feature=9 7 12 19 19 26 28 19 19 29 17 20 6 15
split_gain=2458.91 1767.33 1905.87 1706.9 1890.81 2271.42 3919.17 2922.09 4893.87 2978.55 2021.7 1989.84 1813.57 1767.81
threshold=0.9138840090949425 10.919113037308749 10.500000000000002 -0.11381263375967689 0.0029976683777618502 1.0000000180025095e-35 0 0.010748464346764752 0.034215370636019864 1 0.071401219734684454 -0.0017940459138056498 16.604429800222857 19.250863594461013
decision_type=2 2 2 2 2 2 1 2 2 1 2 10 2 2
left_child=3 -2 -3 -1 12 11 7 -7 9 -9 -8 -6 -5 -13
right_child=1 2 -4 4 5 6 10 8 -10 -11 -12 13 -14 -15
leaf_value=-0.0099304480105852008 0.0060951388712010262 -0.032778450030296204 -0.011800616287112556 0.0015995506724341337 -0.0010316549740165925 -0.014715639952692833 -0.001866851867444865 -0.0038158352149141785 -0.0183119648644051 0.0017599758189612916 0.0025151890984073393 0.0023884416755597607 0.0018146942781709777 0.0080948514349723014
leaf_weight=144518.83056640625 977752.17436516285 877214.830078125 1975158.4577484131 9429661.7092610598 2172865.0709890127 160503.00065040588 1728611.7320904732 113701.52221679688 189987.93858528137 362771.5912361145 746410.86865234375 2447835.7008705139 1999453.0859375 638390.92385864258
leaf_count=135 9226 2322 3988 10975 2570 137 2197 49 171 394 348 2181 385 342
internal_value=0.000280452 -0.000880783 -0.00150961 0.000501348 0.000540491 -2.1367e-05 -0.0010492 -0.00402924 -0.00257072 0.000134812 -5.34803e-05 0.000623971 0.000961357 0.00144004
internal_weight=2.39648e+07 3.83013e+06 2.85237e+06 2.01347e+07 1.99902e+07 8.56108e+06 3.30199e+06 826964 666461 476473 2.47502e+06 5.25909e+06 1.14291e+07 3.08623e+06
internal_count=35420 15536 6310 19884 19749 8389 3296 751 614 443 2545 5093 11360 2523
cat_boundaries=0 1 2
cat_threshold=712 16
is_linear=0
shrinkage=0.05


Tree=77
num_leaves=15
num_cat=0
split_feature=7 24 9 5 27 1 25 19 20 9 26 24 7 20
split_gain=3308.38 2764.95 2179.28 2485.09 1825.89 2701.32 1524.24 2395.1 2044.64 1514.4 1324.57 1265.69 1214.2 1208.79
threshold=15.341530067137889 2.6833875349298704 0.16473991554958628 16.796940509220686 9.5000000000000018 16.686730721057785 1.0000000180025095e-35 0.0016775896035682502 0.015738183749931405 5.764700544774084 -0.5 10.044046971679252 11.088527901714093 0.0028328073285291506
decision_type=2 10 2 2 2 2 2 2 8 2 2 10 2 10
left_child=9 2 3 -2 6 -6 -4 -8 -9 10 -1 13 -11 -3
right_child=1 11 4 -5 5 -7 7 8 -10 12 -12 -13 -14 -15
leaf_value=0.0027616717477780914 -0.00068405139903747665 0.0064329630097866549 0.0049008527049365473 0.0023839566091967881 0.00043400656334742038 -0.0031946859201094366 0.00066374476177022434 -0.0042396902045240209 -0.0001305613955353023 0.0050003252871353493 -0.00095430106932220581 -0.00055327619826803362 -0.028139019440793962 8.4486872339308567e-05
leaf_weight=5296277.8257834911 719567.62622070312 1497343.9814453125 845572.90600585938 1188633.4663085938 484672.26928710938 358201.32446289062 960887.52880859375 408142.9296875 371673.76831054688 48580.07893371582 10763893.515318394 346481.47338867188 190046.52917480469 404467.83422851562
leaf_count=10828 214 430 235 219 170 70 272 96 122 218 21907 108 460 123
internal_value=0.000352141 0.00121473 0.00059517 0.00194956 -0.000158502 -0.00217952 0.000500153 -0.00034585 -0.00240463 -4.9316e-05 9.43247e-06 0.00268553 -0.00400323 0.00319189
internal_weight=2.38844e+07 7.58565e+06 5.33735e+06 1.9082e+06 3.42915e+06 842874 2.58628e+06 1.7407e+06 779817 1.62988e+07 1.60602e+07 2.24829e+06 238627 1.90181e+06
internal_count=35472 2059 1398 433 965 240 725 490 218 33413 32735 661 678 553
is_linear=0
shrinkage=0.05


Tree=78
num_leaves=15
num_cat=2
split_feature=16 10 16 9 19 9 28 2 24 29 1 11 1 7
split_gain=3128.68 2026.64 3806.6 4514.73 2555.16 1725.72 1716.37 2133.84 2323.49 1744.91 2049.59 1486.89 1576.51 1411.6
threshold=18.114578210008297 0.020842451520212305 18.369372682749788 0.18343332561906558 0.012756320567288053 0.19389150937709312 0 13.333439167122032 2.4883974610312305 1 16.399633848597894 0.20997037052785392 15.804232180326846 15.415654357169361
decision_type=2 2 2 2 2 2 1 2 10 1 2 2 2 2
left_child=6 2 4 -4 -2 -3 7 -1 -9 -8 11 -11 13 -13
right_child=1 5 3 -5 -6 -7 9 8 -10 10 -12 12 -14 -15
leaf_value=-0.0047335044169356105 0.0046236258838340356 0.0042349549223754798 -0.0030909095211377642 0.00042810326160343796 -0.00034183976625723787 0.00052186726315991657 0.0015955617358148731 -0.024556013046250047 -0.0010261058977613429 0.00042593136309671269 -0.004085698729328591 -0.0079482820814835188 -0.0066581966129116519 0.0083660025222570631
leaf_weight=1143685.8325566053 1040649.1429443359 1035617.7594451904 347788.21148681641 491106.22564697266 666675.57144165039 866103.44821166992 10547366.135033488 129512.81631469727 230766.62716674805 5527808.6060423851 114292.83911132812 1610868.2489995956 85374.87158203125 87468.6513671875
leaf_count=3824 366 299 112 242 209 440 15824 142 172 10056 33 3537 31 36
internal_value=0.000356575 0.00155306 0.00063069 -0.00212732 0.00198584 0.00278802 8.33374e-05 -0.00153924 -0.00489481 0.000219112 -0.000368031 -0.000264174 -0.00151939 -0.00118611
internal_weight=2.39251e+07 4.44794e+06 2.54622e+06 838894 1.70732e+06 1.90172e+06 1.94771e+07 1.50397e+06 360279 1.79732e+07 7.42581e+06 7.31152e+06 1.78371e+06 1.69834e+06
internal_count=35323 1668 929 354 575 739 33655 4138 314 29517 13693 13660 3604 3573
cat_boundaries=0 1 2
cat_threshold=152 41
is_linear=0
shrinkage=0.05


Tree=79
num_leaves=15
num_cat=0
split_feature=0 26 14 8 24 15 10 14 11 23 24 19 10 23
split_gain=2563.24 1454.65 2866.35 2896.85 2963.03 2610.04 2380.55 2362.56 1984.33 1978.94 2287.92 1842.79 3054.78 1875.49
threshold=13.933656639857242 -0.24999999999999997 1.9538387105856427 0.13271539659187379 0.99073465505241309 18.08616182809012 0.095887784561994274 1.5547482278428995 0.086168860342574718 3.1007700434228505 2.5065205163606255 -0.0099925694715324986 -0.14310059227116231 2.0298081854869152
decision_type=2 2 10 2 10 2 2 10 2 10 8 2 2 10
left_child=-1 7 8 -4 -5 -6 -7 -2 -3 -9 -11 12 -10 -14
right_child=1 2 3 4 5 6 -8 9 11 10 -12 -13 13 -15
leaf_value=-0.0011766101965691427 0.00035281734189414169 0.0026709399278821155 -0.003253075118573685 0.004435279496285003 2.5785392479051637e-05 -0.0068770165949941222 -0.0020728411978894294 0.0051069654912304502 -0.0068258122524543791 -0.0030743856898900941 0.0066465948279422387 0.0020469972182343157 -0.0023849415672369603 0.0011755837841908969
leaf_weight=10011837.393585682 2719950.221282959 3230581.4710693359 425718.06707763672 689430.27801513672 995225.04425048828 260128.59948730469 391308.24029541016 2240441.4307250977 210544.86492919922 457033.03045654297 314849.16827392578 1037414.3377075195 323106.01037597656 572333.16247558594
leaf_count=28951 1469 1578 131 252 447 109 144 829 98 203 138 541 157 280
internal_value=0.000372331 0.000812478 0.000382641 -0.000926498 -0.000235221 -0.00138744 -0.0038479 0.00142254 0.00105544 0.0023871 0.000203733 -0.000124119 -0.00154402 -0.000269814
internal_weight=2.38799e+07 1.38681e+07 8.13579e+06 2.76181e+06 2.33609e+06 1.64666e+06 651437 5.73227e+06 5.37398e+06 3.01232e+06 771882 2.1434e+06 1.10598e+06 895439
internal_count=35327 6376 3737 1083 952 700 253 2639 2654 1170 341 1076 535 437
is_linear=0
shrinkage=0.05


Tree=80
num_leaves=15
num_cat=0
split_feature=0 14 18 17 10 10 20 14 14 4 2 8 4 17
split_gain=2777.43 1856.84 2400.69 6515.72 2209.9 2172.55 1978.97 2117.64 1685.38 3949.55 1729.54 1727.19 2042.92 1651.37
threshold=13.933656639857242 2.3792117585041241 0.26812542021720004 0.31408482136343246 0.079634279473681013 0.051763880058526703 -0.014409017982349748 1.4436298029624612 0.93663882078426508 14.540297535890415 17.4270168375546 0.10357422990767361 16.699285893163054 0.054658071018304756
decision_type=2 10 10 2 2 2 8 10 10 2 2 2 2 2
left_child=-1 5 3 4 -3 6 7 -2 9 -8 11 -10 -13 -7
right_child=1 2 -4 -5 -6 13 8 -9 10 -11 -12 12 -14 -15
leaf_value=-0.0014960027777536598 -0.0011257949520346222 0.0020072733768574723 0.0010470409233944303 -0.0048598950399465482 -0.0077060411036704111 0.0020895937017869248 0.0082550095736374732 0.0029346690106873824 -0.0012500433812756742 -0.01013076362674069 -0.0021812946406579254 0.00071652994519024783 0.0041273480473898909 0.0045425625113648385
leaf_weight=9946303.5086096525 312134.18371582031 625035.00299072266 638765.13641357422 271741.35522460938 248156.93218994141 2854719.917755127 213445.44183349609 1023901.0551757812 561909.443359375 265297.27453613281 429748.8759765625 3825813.244934082 653597.4296875 2020269.3586425781
leaf_count=28841 185 279 200 64 130 1808 168 373 161 145 60 1965 137 738
internal_value=0.000333193 0.000788501 -0.000718024 -0.00208814 1.6043e-05 0.00100947 0.000462808 0.00220178 7.2321e-05 -0.00277248 0.000321254 0.000580812 0.000908598 0.00182648
internal_weight=2.38908e+07 1.39445e+07 1.7837e+06 1.14493e+06 873192 1.21608e+07 7.28585e+06 1.33604e+06 5.94981e+06 478743 5.47107e+06 5.04132e+06 4.47941e+06 4.87499e+06
internal_count=35254 6413 673 473 409 5740 3194 558 2636 313 2323 2263 2102 2546
is_linear=0
shrinkage=0.05


Tree=81
num_leaves=15
num_cat=1
split_feature=20 9 9 26 29 10 14 21 19 22 27 17 14 9
split_gain=3054.74 5800.71 2430.7 1919.53 2921.21 2532.95 2759.35 2165.81 2087.1 4123.88 3360.2 4232.72 1661.01 4383.67
threshold=-0.081572427356806532 0.18343332561906558 0.099641508914028162 -0.5 0 -0.27664285800724459 0.45425641930121602 11.048277798141749 0.034215370636019864 19.617331230798943 3.5000000000000004 0.051978863781600708 1.5170000176554674 0.14408993956811442
decision_type=8 2 2 2 1 2 10 10 2 2 2 2 10 2
left_child=1 -1 -2 4 5 6 -4 -8 -5 10 11 -10 13 -7
right_child=2 -3 3 8 -6 12 7 -9 9 -11 -12 -13 -14 -15
leaf_value=-0.0076339090143487734 0.0039528273056418789 0.0029113097060609332 -0.019270581219092038 0.000117641862809381 -0.00090140829201309581 -0.0098243154763908089 0.004809932220683804 -0.0063952218815460666 -0.0077980836379251753 -0.015456792098659348 1.7500575618174602e-06 -0.033301802180001262 0.0057207689234315129 0.004100123265955804
leaf_weight=66361.984603881836 503793.81230163574 121710.80471801758 81191.491896152496 13615258.940903783 3264836.1333818436 95311.415588378906 519079.46422052383 55773.918342590332 249099.68432760239 171795.8971862793 1414296.9246535301 69450.0888671875 2519129.4447932243 1161559.6785353422
leaf_count=23 295 250 207 20415 6232 47 986 66 480 124 2266 39 2020 1917
internal_value=0.000235715 -0.00611144 0.00028604 0.000211481 0.000857066 0.00169309 -0.00117458 4.40848e-05 -0.000108688 -0.00165894 -0.000926383 -0.0055657 0.00219133 0.000706693
internal_weight=2.39086e+07 188073 2.37206e+07 2.32168e+07 7.69688e+06 4.43205e+06 656045 574853 1.55199e+07 1.90464e+06 1.73285e+06 318550 3.776e+06 1.25687e+06
internal_count=35367 273 35094 34799 11475 5243 1259 1052 23324 2909 2785 519 3984 1964
cat_boundaries=0 1
cat_threshold=49
is_linear=0
shrinkage=0.05


Tree=82
num_leaves=15
num_cat=1
split_feature=9 10 19 22 16 16 7 12 12 15 29 2 16 5
split_gain=1879.52 1793.12 3095.99 2102.63 1866.64 1584.24 1470.18 1919.56 1666.27 1264.18 2231.78 2837.2 1264.58 3632.87
threshold=1.1499178174730909 0.051763880058526703 0.067389763769534761 18.40563019955351 17.223244063904762 18.650510177953056 11.088527901714093 10.500000000000002 9.5000000000000018 19.255681931610429 0 15.558115647571157 15.498807149548822 14.880350224662141
decision_type=2 2 2 2 2 2 2 2 2 2 1 2 2 2
left_child=1 2 9 4 -3 -5 8 -8 -2 10 11 12 13 -1
right_child=6 3 -4 5 -6 -7 7 -9 -10 -11 -12 -13 -14 -15
leaf_value=-0.0062226100364696935 0.0078503246242826504 0.0018274536513780222 -0.0051789745805895966 0.0044546276871395979 -0.0073268866571662497 -0.001500169430269393 -0.040217717939027689 -0.015651986571644825 -0.021324051183522076 0.0013330498119833757 0.00016519086799366239 -0.014562125080022695 0.0014878669077502561 -0.029837584185855449
leaf_weight=1230546.2658977509 493501.31939554214 5130897.8916158676 180846.04183578491 2128127.4620034695 85467.614395141602 277969.96447753906 815244.59516906738 1401142.6082458496 567363.80255699158 3076486.534362793 7897600.7835022211 82006.170654296875 401306.9840221405 66559.4951171875
leaf_count=2322 4857 6534 177 1456 47 71 2045 2955 4415 2125 7792 32 419 32
internal_value=0.000268854 0.00044613 8.76672e-05 0.00105444 0.000490448 0.00227717 -0.000843182 -0.00157585 0.00068753 0.000179776 -0.000100881 -0.00170002 -0.00126145 -0.00202032
internal_weight=2.38351e+07 2.05578e+07 1.29354e+07 7.62246e+06 5.21637e+06 2.4061e+06 3.27725e+06 2.21639e+06 1.06087e+06 1.27545e+07 9.67802e+06 1.78042e+06 1.69841e+06 1.29711e+06
internal_count=35279 21007 12899 8108 6581 1527 14272 5000 9272 12722 10597 2805 2773 2354
cat_boundaries=0 1
cat_threshold=6
is_linear=0
shrinkage=0.05


Tree=83
num_leaves=15
num_cat=1
split_feature=26 16 7 19 22 0 20 25 21 11 26 28 17 17
split_gain=2645.68 2965.32 3974.5 1859.44 2046.77 2476.79 2353.61 1991.46 2878.9 3582.71 2354.95 2523.32 2473.47 2194.72
threshold=-0.5 17.068592372900032 16.807051060811158 0.034215370636019864 19.612712971140649 16.684754232979486 -0.0016089120246880499 0.68301270189221941 11.306576306974611 0.071442137882853765 0.93301270189221952 0 0.50349840709625271 0.20745471349918651
decision_type=2 2 2 2 2 2 8 2 8 2 2 1 2 2
left_child=1 2 -1 7 5 6 -5 10 -9 -10 11 13 -13 -2
right_child=3 -3 -4 4 -6 -7 -8 8 9 -11 -12 12 -14 -15
leaf_value=0.0019754012729705206 -0.00059343021302524603 0.0049037407827497116 -0.0058534648867322155 -0.0091221278188807365 -0.0079661532970896898 0.0027780164274926462 -0.0039202716898757905 0.0022575147782790059 0.0043031029431876621 -0.017800096837110414 0.0035269857739576235 -0.0040217605213775254 -0.0009933835357416505 0.0033076085380477002
leaf_weight=5889750.7906713486 3711655.3432672024 1872846.8042678833 67777.49365234375 125786.22774028778 204365.21810913086 156673.44873046875 1400413.1786401272 4951319.7736506462 86652.523818969727 79452.758184909821 1984391.0910060406 2971466.6887027025 102988.74841308594 286912.15979003906
leaf_count=10767 5500 852 15 148 129 30 2557 7273 114 102 2932 4752 34 120
internal_value=0.00028109 0.00103465 0.000489102 -8.62758e-05 -0.00156064 -0.000986833 -0.00160142 0.000110021 0.00089847 -0.00557633 -0.000335451 -0.000762492 -0.0018395 6.56156e-05
internal_weight=2.38925e+07 7.83038e+06 5.95753e+06 1.60621e+07 1.88724e+06 1.68287e+06 1.5262e+06 1.41748e+07 5.11743e+06 166105 9.05741e+06 7.07302e+06 3.07446e+06 3.99857e+06
internal_count=35325 11634 10782 23691 2864 2735 2705 20827 7489 216 13338 10406 4786 5620
cat_boundaries=0 1
cat_threshold=275
is_linear=0
shrinkage=0.05


Tree=84
num_leaves=15
num_cat=1
split_feature=0 4 10 9 7 11 12 12 28 16 9 11 26 17
split_gain=2673.45 2896.06 2690.58 1399.98 1451.98 1394.48 1346.51 1253.61 821.488 1018.16 1066.07 2520.48 971.501 1977.79
threshold=16.846705175829062 17.179119157328174 -0.05636993168386429 0.89455963498650493 10.896150602754432 0.075029920074022052 9.5000000000000018 10.500000000000002 0 18.52807987505204 0.11267707992664321 -0.056514246921988545 -0.24999999999999997 0.50349840709625271
decision_type=2 2 2 2 2 2 2 2 1 2 2 2 2 2
left_child=1 3 -2 8 6 -4 -5 -6 12 10 11 -10 13 -1
right_child=2 -3 5 4 7 -7 -8 -9 9 -11 -12 -13 -14 -15
leaf_value=-0.0024181802483981287 -0.0001906784893704151 -0.011643631714958427 0.0030733232867640238 0.0090136793955141997 -0.028225631990038986 0.00079630594248615713 -0.013951286473043487 -0.012019968364306619 0.0021408116276917092 0.0011337241166461585 0.00073272590457119458 -0.0084152596020386737 -0.00099109202506959273 0.0039621696687068787
leaf_weight=501829.26880717278 788240.64208984375 87237.882568359375 1315323.3928222656 423127.4898545742 932302.13017272949 657318.29150390625 527830.07515335083 2016314.121887207 87332.425079345703 135843.60101318359 15229907.210499644 117970.05834960938 960643.62003266811 189336.37524414062
leaf_count=884 135 18 248 4560 2476 115 4535 4085 147 107 16570 101 1329 67
internal_value=0.000235526 4.50138e-05 0.00169908 8.25618e-05 -0.000772904 0.00268576 0.000926005 -0.00132082 0.000276255 0.000388726 0.000350796 -0.00322817 -0.000783965 0.000645588
internal_weight=2.39706e+07 2.12097e+07 2.76088e+06 2.11224e+07 3.89957e+06 1.97264e+06 950958 2.94862e+06 1.72229e+07 1.55711e+07 1.54352e+07 205302 1.65181e+06 691166
internal_count=35377 34879 498 34861 15656 363 9095 6561 19205 16925 16818 248 2280 951
cat_boundaries=0 1
cat_threshold=152
is_linear=0
shrinkage=0.05


Tree=85
num_leaves=15
num_cat=1
split_feature=9 7 27 4 18 9 26 20 28 4 27 10 9 10
split_gain=2481.63 2915.23 1961.35 3712.38 1856.07 1731.47 1410.3 2362.45 2239.37 5068.79 2027.14 2852.84 4426.63 1695.5
threshold=0.13067246360888676 16.39444836774533 1.5000000000000002 17.017299882291177 0.15062158561541492 1.1499178174730909 -0.5 -0.0011390669759102998 0 17.179119157328174 5.5000000000000009 -0.046185226119835145 0.26726935715068756 -0.28300440080124017
decision_type=2 2 2 2 10 2 2 10 1 2 2 2 2 2
left_child=1 4 3 -2 -1 6 7 10 9 13 11 12 -4 -8
right_child=2 -3 5 -5 -6 -7 8 -9 -10 -11 -12 -13 -14 -15
leaf_value=0.0028801973022261253 -0.0026500142358008936 0.0028393906349175554 -0.0042270347633564858 -0.0086286042182005078 -0.0050741240558312938 -0.0095664054806435094 -0.0032910996798142197 0.0044840999684118117 0.0011771959303553642 -0.0068372015447453142 0.0028193702143547148 0.0020951503354109651 -0.010894904637239392 3.3562311579057959e-05
leaf_weight=217003.5498046875 1929545.5524196625 1078610.4067382812 84174.416862487793 71086.2275390625 181522.94116210938 2989332.9663822651 503201.76488494873 2701592.0464553833 8615448.3524193764 108246.61352539062 2774727.0295964479 516420.34585809708 293602.05668544769 1965137.89014709
leaf_count=398 3110 206 60 12 90 13050 602 2253 9196 21 3356 651 390 2050
internal_value=0.000405194 0.00239061 0.000275154 -0.00121934 -0.00126365 0.000420635 0.000609976 0.00120386 0.000271939 -0.00102135 0.00037762 -0.0016927 -0.00499469 -0.000556937
internal_weight=2.40297e+07 1.47714e+06 2.25525e+07 2.00063e+06 398526 2.05519e+07 1.75626e+07 6.37052e+06 1.1192e+07 2.57659e+06 3.66892e+06 894197 377776 2.46834e+06
internal_count=35445 694 34751 3122 488 31629 18579 6710 11869 2673 4457 1101 450 2652
cat_boundaries=0 1
cat_threshold=184
is_linear=0
shrinkage=0.05


Tree=86
num_leaves=15
num_cat=0
split_feature=26 16 14 8 5 16 14 7 15 11 16 4 14 5
split_gain=1558.43 2962.43 1922.52 3709.97 3966.46 1965.64 1806.05 8625.4 1905.51 1707.6 2394.47 3454.98 2205.12 5118.88
threshold=-0.24999999999999997 18.369372682749788 1.6969456881640719 0.10357422990767361 16.796940509220686 14.952823186963924 1.5547482278428995 16.807051060811158 18.032505685899277 -0.069932076700244886 15.838778618023152 14.859122363191213 2.2633418623200963 16.208499887276016
decision_type=2 2 10 2 2 2 8 2 2 2 2 2 8 2
left_child=1 6 5 4 -4 -2 7 -1 9 10 11 -8 13 -11
right_child=2 -3 3 -5 -6 -7 8 -9 -10 12 -12 -13 -14 -15
leaf_value=0.00046772246295800305 -0.0020067321834098791 0.0063487231505466556 -0.00081504888586794483 -0.0005282703220138525 -0.0049299112063205036 0.0017315908125464128 -0.00030021678738128757 -0.0059830651568688513 0.0049051081403385073 -0.0043944687116601973 0.0047127304702440868 -0.06310941970552135 0.0021354426308451578 -0.012320136880206325
leaf_weight=5096830.2541693449 3579764.3464596272 690114.14268493652 165494.08617687225 4909754.8614561558 132698.525390625 5171468.9903745651 335161.83177924156 78256.486328125 1674666.5080208778 493256.92191410065 696493.31994056702 25580.035522460938 722323.30043697357 75030.539794921875
leaf_count=7324 7085 257 201 9041 26 4308 1741 14 1617 882 579 14 2185 18
internal_value=0.000317675 0.000797939 -2.25098e-05 -0.000783146 -0.00619821 0.000430152 0.000560873 -5.6841e-05 0.00135558 0.000436494 0.00192633 -0.00138002 -0.000783946 -0.00311402
internal_weight=2.38469e+07 9.88771e+06 1.39592e+07 5.20795e+06 298193 8.75123e+06 9.1976e+06 5.17509e+06 4.02251e+06 2.34785e+06 1.05724e+06 360742 1.29061e+06 568287
internal_count=35292 14631 20661 9268 227 11393 14374 7338 7036 5419 2334 1755 3085 900
is_linear=0
shrinkage=0.05


Tree=87
num_leaves=15
num_cat=0
split_feature=24 0 24 7 27 3 11 7 4 20 9 10 25 5
split_gain=2248.78 1860.26 2513.85 2420.1 1789.58 3207.48 1920.83 1981.87 1786.51 1742.43 1343.77 1193.47 1552.35 2337.35
threshold=0.80042292159832307 16.994451200594245 2.1287889848007757 16.984761516005801 8.5000000000000018 17.169510099143395 0.20475496823598949 14.257915537543884 16.856164222692549 0.044217436649307058 0.20288388148812353 0.073426191008639563 -0.5 16.796940509220686
decision_type=8 2 10 2 2 2 2 2 2 10 2 2 2 2
left_child=4 3 -3 8 6 9 7 -1 11 10 -6 -2 13 -13
right_child=1 2 -4 -5 5 -7 -8 -9 -10 -11 -12 12 -14 -15
leaf_value=0.0035371692746227913 -0.00078697542421313465 -0.00036874672215837095 0.0026705670775504591 -0.0016894140724522039 0.0029039895577727798 -0.0038118259108423677 -0.0014025432621170757 0.0045748634872265622 0.0035400936319388726 -0.011293908139026183 0.00028741758065235784 -0.00077141533810555648 0.0038562822704709416 -0.10166678382686029
leaf_weight=1058260.7641963959 10945555.061585069 766542.3076171875 652876.05786132812 267337.13037109375 343858.71817016602 138789.53076171875 701582.2495765686 1622108.8713378906 312691.17138671875 132044.70370960236 1042465.9178309441 2139824.8857638836 3713493.4283452034 67750.05322265625
leaf_count=2880 17488 130 108 51 169 24 1215 590 71 149 1955 3731 6942 16
internal_value=0.000214739 -3.58918e-05 0.00170478 -0.000177509 0.00115308 -0.000192998 0.00181266 0.0024223 -0.000104048 0.00047206 0.000994801 -0.000173473 0.000398377 -0.000651647
internal_weight=2.39052e+07 1.88661e+07 1.41942e+06 1.74467e+07 5.03911e+06 1.65716e+06 3.38195e+06 2.68037e+06 1.71793e+07 1.51837e+06 1.38632e+06 1.68666e+07 5.92107e+06 2.20757e+06
internal_count=35519 28537 238 28299 6982 2297 4685 3470 28248 2273 2124 28177 10689 3747
is_linear=0
shrinkage=0.05


Tree=88
num_leaves=15
num_cat=2
split_feature=0 10 17 19 19 2 27 14 2 30 28 8 14 1
split_gain=1830.56 1517.48 2210.54 1983.47 1928.33 2488.06 1767.32 2087.21 2604.35 1407.65 1344.93 1287.97 5420.37 2470.07
threshold=13.362698596641676 0.051763880058526703 0.071401219734684454 -0.074097794645887186 -0.025823528620961395 17.4270168375546 8.5000000000000018 2.2283989705103648 14.938278118190341 0 1 0.12904521778639408 1.7270035138318784 16.686730721057785
decision_type=2 2 2 2 2 2 2 10 2 1 1 2 10 2
left_child=10 3 6 -2 -5 11 -3 9 -9 -8 -1 12 13 -6
right_child=1 2 -4 4 5 -7 7 8 -10 -11 -12 -13 -14 -15
leaf_value=0.0046691226909378108 -0.0024152208248371912 0.0041640069595098991 0.0032655307414699037 0.0016091470933259284 -0.0010573570787604273 -0.003629741441488761 -0.0059831280708109308 -0.00061649822328478491 -0.010255639146684632 0.0026937711384407426 -0.0043904605819078783 0.00057349892562079082 -0.0032264140980455577 0.0019679801468626672
leaf_weight=1055862.9108848572 197043.84411621094 2340413.6100769043 2395449.7982177734 1840431.1364746094 397578.83172607422 360434.4951171875 391760.20208740234 197818.73223876953 143762.30810546875 808296.3108215332 6781148.5779200792 6024767.1251831055 532829.24353027344 380649.99853515625
leaf_count=6227 93 1742 924 902 187 51 293 174 79 605 20326 3375 176 74
internal_value=0.000306901 0.000613377 0.00121951 0.000222471 0.000325066 -2.26162e-05 0.000482471 -0.000832003 -0.00428039 0.000149538 -0.000319239 0.000176657 -0.00124357 0.00141663
internal_weight=2.38482e+07 1.60112e+07 6.2775e+06 9.73373e+06 9.53669e+06 7.69626e+06 3.88205e+06 1.54164e+06 341581 1.20006e+06 7.83701e+06 7.33583e+06 1.31106e+06 778229
internal_count=35228 8675 3817 4858 4765 3863 2893 1151 253 898 26553 3812 437 261
cat_boundaries=0 1 2
cat_threshold=8 3
is_linear=0
shrinkage=0.05


Tree=89
num_leaves=15
num_cat=2
split_feature=27 17 4 22 17 9 21 28 19 17 0 25 1 29
split_gain=1970.4 2111.4 1710.56 2201.54 4599.2 1569.31 1607.3 1483.43 1376.5 1576.03 1331.39 1170.36 1501.99 2492.57
threshold=1.5000000000000002 0.39233366882668819 16.168471743006108 19.593415907659992 0.24497248980684103 0.22101069469615353 10.788250501552684 0 0.0029976683777618502 0.032520034130580307 14.20463208622262 -0.5 15.469568271585974 1
decision_type=2 2 2 2 2 2 10 1 2 2 2 2 2 1
left_child=1 5 11 -4 -5 6 -1 8 10 -10 -7 12 -2 -14
right_child=2 -3 3 4 -6 7 -8 -9 9 -11 -12 -13 13 -15
leaf_value=-0.0018419491265021523 -0.00049087177651482199 0.001948517104094865 0.0017739163189885846 0.0042453073344943092 -0.00116452801911702 -0.018948485816016408 -0.0081951567974179497 -0.00019298160203824342 -0.028546735908576357 -0.023304011723015765 0.0023099471684093361 0.0012982955977429967 -0.0051326685071382159 -0.00039850860314970558
leaf_weight=289812.92653656006 5454458.743934989 127821.99444580078 3261489.0283203125 564141.0205078125 786631.23876953125 134785.42671823502 176226.94998168945 1250630.3029794693 94401.853186845779 57125.588684082031 62834.287109375 10897293.240406036 286203.02758789062 363886.70727539062
leaf_count=183 11023 47 768 96 154 368 87 2203 262 32 31 19750 119 134
internal_value=0.000191685 -0.00123614 0.000336596 0.0011906 -0.000506833 -0.001622 -0.00417526 -0.00087819 -0.00375974 -0.00734512 -0.00101079 0.00010492 -0.000449341 -0.00272112
internal_weight=2.38077e+07 2.19364e+06 2.16141e+07 4.61226e+06 1.35077e+06 2.06582e+06 466040 1.59978e+06 349147 151527 197620 1.70018e+07 6.10455e+06 650090
internal_count=35257 3213 32044 1018 250 3166 270 2896 693 294 399 31026 11276 253
cat_boundaries=0 1 2
cat_threshold=584 7
is_linear=0
shrinkage=0.05


Tree=90
num_leaves=15
num_cat=1
split_feature=16 26 16 10 17 8 3 0 20 15 28 5 25 18
split_gain=2033.01 3673.48 2573.31 3350.87 3299.19 2908.24 1594.45 1556.39 1395.68 3132.47 1451.39 1779.64 1052.22 1244.13
threshold=18.114578210008297 -0.5 18.264941323660846 0.011699089724676651 0.31408482136343246 0.19910967739259119 17.004815837258366 15.469354322107636 -0.081572427356806532 18.213786588105226 0 15.291773784358087 -0.24999999999999997 0.25404556128729544
decision_type=2 2 2 2 2 2 2 2 8 2 1 2 2 10
left_child=6 7 -3 4 5 -4 8 -2 9 -1 11 -10 13 -5
right_child=1 2 3 12 -6 -7 -8 -9 10 -11 -12 -13 -14 -15
leaf_value=0.0051942788718389796 -0.00045404051344197834 0.0012064375928530495 -0.0038676315969757001 -0.0012886604970853944 -0.0016376761168933206 0.0020139438338668578 0.0025084789310539334 0.00521260079767185 -0.0075875028699035193 -0.010926785387962787 0.0003690422613522167 -0.0016192439759858826 0.0046154693326518528 0.00076903254254134226
leaf_weight=75630.80162525177 302107.42189025879 638247.30111694336 410514.31703186035 318938.86947631836 365936.41778564453 261900.95208740234 251201.18188476562 1217182.6240234375 1459610.5539838076 72895.773723602295 17487216.044180274 56685.292846679688 544458.86553955078 377416.1630859375
leaf_count=203 314 265 150 167 95 159 51 256 4144 61 29177 20 214 64
internal_value=0.000258528 0.00122412 0.000185877 -0.000599944 -0.0026957 -0.000616558 3.77371e-05 0.00321781 -1.41718e-05 -0.00484221 2.35628e-05 -0.00146036 0.00115385 -0.000133619
internal_weight=2.38399e+07 4.4367e+06 2.91741e+06 2.27917e+06 1.03835e+06 672415 1.94032e+07 1.51929e+06 1.9152e+07 148527 1.90035e+07 1.5163e+06 1.24081e+06 696355
internal_count=35340 1684 1114 849 404 309 33656 570 33605 264 33341 4164 445 231
cat_boundaries=0 1
cat_threshold=152
is_linear=0
shrinkage=0.05


Tree=91
num_leaves=15
num_cat=0
split_feature=16 11 0 27 3 9 27 0 20 15 7 0 23 5
split_gain=2294.34 2084.12 2735.3 3439.03 3261.29 1503.48 1490.31 1780.25 1476.68 2173.53 1335.74 1782.03 1570.78 1511.33
threshold=17.674197710550775 0.20475496823598949 17.419860989426706 8.5000000000000018 16.154648050165125 0.23654588296044946 1.5000000000000002 16.154648050165125 -0.081572427356806532 18.469007873877761 16.984761516005801 16.3974896391274 3.5649859480136805 16.445570641160668
decision_type=2 2 2 2 2 2 2 2 8 2 2 2 10 2
left_child=8 2 3 6 -5 -3 -2 -8 9 -1 11 13 -13 -10
right_child=1 5 -4 4 -6 -7 7 -9 10 -11 -12 12 -14 -15
leaf_value=0.0065830660978409622 -0.0011971125249943223 -0.0045083612749761016 0.0055448964304869678 0.0020503003055551768 -0.0012723359433673945 0.00029528198493898394 0.00053909556045332217 0.0043515351656886808 7.3170063630236164e-05 -0.0095037369345301534 -0.0079389011413525095 0.00029311825600992483 0.0091877338949695481 -0.014273760292055394
leaf_weight=70404.767026901245 346240.92044067383 194377.82211303711 708976.5498046875 403260.32730102539 759506.58862304688 182587.50863647461 739969.62342834473 1430974.7646484375 17640691.020358086 82771.594701766968 127333.5771484375 624906.50024414062 472496.55151367188 79725.00341796875
leaf_count=188 137 75 104 317 166 136 566 304 32827 64 25 156 122 21
internal_value=0.000308865 0.00129028 0.0015967 0.00104882 -0.00120012 -0.00227742 0.00208768 0.00257354 6.39588e-05 -0.00482558 0.000103492 0.000138028 0.00209325 1.6943e-05
internal_weight=2.38642e+07 4.76589e+06 4.38893e+06 3.67995e+06 1.16277e+06 376965 2.51719e+06 2.17094e+06 1.90983e+07 153176 1.89452e+07 1.88178e+07 1.0974e+06 1.77204e+07
internal_count=35208 1805 1594 1490 483 211 1007 870 33403 252 33151 33126 278 32848
is_linear=0
shrinkage=0.05


Tree=92
num_leaves=15
num_cat=1
split_feature=21 29 3 9 17 27 17 27 2 6 19 20 9 11
split_gain=1597.39 1751.39 2414.98 1894.87 16579.9 2730.99 2055.18 1921.93 2092.41 1910.63 1636.8 2054.18 4339.27 1596.52
threshold=11.171121089012329 0 16.850127835172454 0.22464668477171018 0.24497248980684103 3.5000000000000004 0.39233366882668819 7.5000000000000009 16.849067115038203 17.353540390897464 0.061160380032340055 -0.00036653997500149993 0.27152894534243993 0.050197869634953159
decision_type=10 1 2 2 2 2 2 2 2 2 2 10 2 2
left_child=1 2 10 4 5 -3 7 -5 -9 -7 -1 12 -12 -4
right_child=-2 3 13 6 -6 9 -8 8 -10 -11 11 -13 -14 -15
leaf_value=0.0010661151314696018 0.0039685068227414697 -0.0027718493739673643 0.0019925292765152667 0.0016490079764895683 -0.0056032176842568948 -7.7514162151119751e-05 0.0021660938528442948 -0.0039720847210159187 -0.0031631014914931515 0.0071454091880800265 -0.024564317089062534 0.0033611286047814156 -0.0036798644688231874 0.00032596660894544893
leaf_weight=11652097.945251584 1114043.7126333714 289319.11757659912 812401.00512695312 4426812.6581504345 174888.00170898438 590061.85047531128 451845.58618164062 2951070.6637644768 84747.6298828125 275174.84619140625 58514.013557434082 161380.70982074738 137379.12554490566 519389.53540039062
leaf_count=16904 1368 194 164 8949 31 510 109 6291 18 40 49 209 271 103
internal_value=0.000346791 0.000255621 0.000622128 -0.000273335 -0.00201999 0.0001532 2.00615e-05 -0.000178197 -0.00114715 0.00155939 0.000398108 -0.00293546 -0.00637661 0.00264223
internal_weight=2.36991e+07 2.25851e+07 1.33412e+07 9.24392e+06 1.32944e+06 1.15456e+06 7.91448e+06 7.46263e+06 3.03582e+06 865237 1.20094e+07 357274 195893 1.33179e+06
internal_count=35210 33842 17700 16142 775 744 15367 15258 6309 550 17433 529 320 267
cat_boundaries=0 1
cat_threshold=9
is_linear=0
shrinkage=0.05


Tree=93
num_leaves=15
num_cat=0
split_feature=16 10 24 19 9 24 19 9 26 14 4 11 15 24
split_gain=2182.77 2983.34 3898.77 3132.03 2918.71 2176.34 1484.97 1263.54 912.899 1033.38 960.872 883.466 844.225 717.955
threshold=18.114578210008297 -0.018100155079673944 2.4339156147614505 0.011194478362104751 0.19813382299130983 0.45979570280003906 -0.016407059656580947 0.099641508914028162 -0.5 2.3410992662615091 16.554399131064109 0.11096014400528181 18.144199797102726 2.6761558945178754
decision_type=2 2 10 2 2 10 2 2 2 10 2 2 2 10
left_child=7 2 3 5 -5 -2 -7 -1 10 11 -3 -10 -11 -9
right_child=1 8 -4 4 -6 6 -8 13 9 12 -12 -13 -14 -15
leaf_value=-0.0012145989044323976 0.002577009450317207 0.001740008197150252 0.0046785470525394736 -0.0035555360118537356 -0.00071634884489264479 -0.0019121623574718553 0.001260746886911201 -0.00035276393213804131 0.0021082651216991354 0.0017593394440272307 0.0044380511275878545 -0.00052441217767442208 -0.0032835864321552454 0.0007582931022058248
leaf_weight=133065.8140411377 310598.49726867676 297176.91111755371 534526.75755310059 292440.43368530273 315807.98092651367 314151.19906616211 275708.32174682617 11484916.808957338 726716.54898071289 282104.37522888184 534341.64990234375 299215.44689941406 275142.32861328125 7797490.0603359938
leaf_count=197 123 233 208 85 121 112 109 18730 251 148 101 128 53 14633
internal_value=0.000203408 0.00120116 -0.000204972 -0.00150501 -0.00427688 0.000367345 -0.00141638 -2.56836e-05 0.00239099 0.00168642 0.00373245 0.00262788 -4.68674e-05 7.82392e-06
internal_weight=2.38734e+07 4.45793e+06 2.04323e+06 1.50871e+06 608248 900458 589860 1.94155e+07 2.4147e+06 1.58318e+06 831519 1.02593e+06 557247 1.92824e+07
internal_count=35232 1672 758 550 206 344 221 33560 914 580 334 379 201 33363
is_linear=0
shrinkage=0.05


Tree=94
num_leaves=15
num_cat=0
split_feature=24 0 3 15 0 0 19 16 14 14 8 22 3 26
split_gain=1985.11 1782.16 2985.94 1879.27 2802.3 1677.71 2164.74 1430.18 1974.62 1753.3 3558.18 1382.88 2223.04 1441.85
threshold=0.80042292159832307 17.419860989426706 17.441669403438507 19.393848674083568 16.533265774342059 16.154648050165125 0.022226864345365301 16.138737299905305 1.3363662737493021 1.4909813856250704 0.31755073652475746 18.649585912537585 16.275216496733716 0.6830127018922193
decision_type=8 2 2 2 2 2 2 2 10 10 2 2 2 2
left_child=11 2 3 5 7 -2 -7 8 -5 10 -10 12 -1 -13
right_child=1 -3 -4 4 -6 6 -8 -9 9 -11 -12 13 -14 -15
leaf_value=0.0022102638315306248 -0.00016834382802388982 0.00191270406159842 -0.0012249353814094911 0.0036129692086385467 -0.005273421011782178 0.0017579931169105817 -0.0010507428749593783 0.0017131580391417977 -0.035319548147768796 -0.00023241033390213679 -0.0062348760052498642 0.0038616539848254148 -0.0067580050026565452 -0.00058934762479071758
leaf_weight=3199340.4233846664 14140115.204107046 730652.14013671875 184028.92041015625 458375.85229492188 176103.595703125 1777500.2922363281 663768.59912109375 185911.94439697266 93788.041107177734 161024.8370513916 177777.35948944092 1341693.0333251953 185278.59448242188 399238.88218688965
leaf_count=6247 26331 105 30 645 40 432 157 67 64 160 221 530 46 174
internal_value=0.000266646 2.8263e-05 -6.99008e-05 -4.51748e-06 -0.00187164 0.000136573 0.00134699 -0.000915428 -0.00174778 -0.00417078 -0.00662192 0.00113864 0.000549623 0.00228377
internal_weight=2.38746e+07 1.8749e+07 1.80184e+07 1.78344e+07 1.25298e+06 1.65814e+07 2.44127e+06 1.07688e+06 890966 432590 271565 5.12555e+06 3.38462e+06 1.74093e+06
internal_count=35249 28252 28147 28117 1197 26920 589 1157 1090 445 285 6997 6293 704
is_linear=0
shrinkage=0.05


Tree=95
num_leaves=15
num_cat=1
split_feature=26 16 24 1 28 25 23 0 18 1 3 16 16 19
split_gain=2003.33 2495.92 2038.06 1651.26 1519.01 2104.73 4473.25 6092.04 2614.28 4380.05 1978.63 1500.06 1291.66 1402.85
threshold=-0.5 16.994388566398658 0.48034932442572503 16.536166990069358 0 -0.24999999999999997 0.73882932105507859 15.083257211136289 0.25404556128729544 15.200240481769434 17.441669403438507 16.570038653596256 18.407908271991452 0.061160380032340055
decision_type=2 2 8 2 1 2 10 2 10 2 2 2 2 2
left_child=1 3 -2 11 -4 6 7 -6 9 -8 12 -1 13 -7
right_child=2 -3 4 -5 5 10 8 -9 -10 -11 -12 -13 -14 -15
leaf_value=0.0011662298388087822 0.0013750189595010123 0.0036022916874930856 0.00017488862575586772 -0.0088192401807623399 -0.014259044746844852 6.6204017372774001e-05 -0.0034182489939558382 -0.0075612465438098008 0.00096178227633029469 -0.0063501965404901871 -0.00079971073922131515 0.0057932523306982028 0.0024014537986449397 -0.0040031942699505869
leaf_weight=5229396.4927924871 2377348.4364213943 1982605.9716110229 9022293.6868089437 147063.65625 152409.38149404526 2518268.6071139574 745009.97661888599 58891.408325195312 468782.25770568848 260393.58642578125 96192.19921875 447440.64190292358 170500.67980957031 110224.29285955429
leaf_count=10225 3326 936 13263 38 359 4184 1912 18 262 85 16 421 63 163
internal_value=0.00034308 0.000999591 2.23692e-05 0.000477954 -0.000213687 -0.000955214 -0.0023599 -0.00916359 -0.0013847 -0.00282246 -0.000137453 0.000613463 0.000104864 -0.000168696
internal_weight=2.37868e+07 7.80651e+06 1.59803e+07 5.8239e+06 1.3603e+07 4.58067e+06 1.68549e+06 211301 1.47419e+06 1.0054e+06 2.89519e+06 5.67684e+06 2.79899e+06 2.62849e+06
internal_count=35271 11620 23651 10684 20325 7062 2636 377 2259 1997 4426 10646 4410 4347
cat_boundaries=0 1
cat_threshold=327
is_linear=0
shrinkage=0.05


Tree=96
num_leaves=15
num_cat=0
split_feature=0 10 0 24 11 6 23 21 22 22 24 23 8 26
split_gain=3121.53 2299.06 3258.26 1743.96 2243.5 1616.83 1607.45 2012.84 1464.95 1520.25 1387.86 1314.63 3026.96 1821.82
threshold=14.742370668645821 -0.24561417360281981 15.926099204579868 2.4339156147614505 0.23492209120391291 14.726767560648808 6.7582366309950865 9.2967430752252067 17.019583006855296 17.698882119390039 4.0848286598636365 2.5830001599057755 0.13271539659187379 -0.5
decision_type=2 2 2 8 2 2 10 10 2 2 10 10 2 2
left_child=5 2 -2 6 -5 -1 7 -3 -7 -10 -6 13 -13 -9
right_child=1 3 -4 4 10 8 -8 11 9 -11 -12 12 -14 -15
leaf_value=7.3448323034272392e-05 0.002954347409560762 -0.0096472425484057708 -0.00088481119703651264 0.0022564379230495496 0.0041308686972990607 0.0006664545875575532 0.0059632889880290967 0.0035958135259501396 -0.014395006481983039 -0.0042873118499930736 -0.0029081073163136624 -0.0028894392343560287 0.00046410870802151183 0.00014783065368359551
leaf_weight=12981172.252253771 565627.88366699219 307034.18518066406 471659.048828125 2987739.3690795898 288640.96380615234 299423.49633789062 363668.54241943359 1062308.6699829102 204485.94384765625 258841.38989257812 389851.91931152344 368651.09350585938 1246240.3364257812 2174919.4541015625
leaf_count=31366 227 140 100 1067 137 169 132 316 119 143 156 99 493 650
internal_value=0.000372576 0.00103405 -0.00119732 0.00128593 0.00213136 -0.000119601 0.000724713 0.000498237 -0.00235684 -0.00411837 -0.000464151 0.000746673 -0.000418583 0.00132796
internal_weight=2.39703e+07 1.02263e+07 1.03729e+06 9.18905e+06 3.66623e+06 1.37439e+07 5.52282e+06 5.15915e+06 762751 463327 678493 4.85212e+06 1.61489e+06 3.23723e+06
internal_count=35314 3517 327 3190 1360 31797 1830 1698 431 262 293 1558 592 966
is_linear=0
shrinkage=0.05


Tree=97
num_leaves=15
num_cat=0
split_feature=17 10 21 22 8 21 8 0 20 0 26 10 18 22
split_gain=1685.16 1904.88 2416.53 3078.31 4236.2 2943.69 3079.17 2724.86 2746.78 2192.97 2620.19 2310.65 2061.77 1761.85
threshold=0.010881109273156201 0.063826684031084754 8.2805650551738399 19.612712971140649 0.20266567175539282 7.758850403512465 0.35639104021050033 14.516636141839635 -0.0043115216509560491 16.846705175829062 1.0000000180025095e-35 -0.036449754158273749 0.66656242350437733 17.914354898512197
decision_type=2 2 10 2 2 8 2 2 10 2 2 2 10 2
left_child=-1 2 5 9 -5 -2 -7 8 -6 11 -11 -4 -8 -3
right_child=1 13 3 4 7 6 12 -9 -10 10 -12 -13 -14 -15
leaf_value=-0.0014659979504336766 0.0048871479971226185 0.0007345745178685551 0.00082249288478003523 -0.0037926589578760523 -0.042446607827543031 -0.011837522498662302 -0.031919648042229125 0.0035472032207736468 0.001348511225663165 0.0036606648497836711 2.5344665120550707e-05 -0.00076511457281442947 0.0098235920625422447 0.0029214793447452864
leaf_weight=8803300.9198564291 301970.15476989746 2682531.3017120361 4595214.5523910522 559208.92974853516 96889.744140625 270660.72790527344 169352.13101196289 533719.92639160156 148508.18089294434 731100.6357421875 620715.3271484375 2001663.1046447754 153479.81237792969 2417259.5433197021
leaf_count=24084 464 2431 3859 199 114 172 203 174 196 134 112 1576 87 1569
internal_value=0.000258042 0.000575466 0.000180409 0.00041959 -0.00179889 -0.00230017 -0.00434505 0.000584325 -0.00377643 0.000793116 0.00262775 0.000417167 -0.0010474 0.00136426
internal_weight=2.40856e+07 1.52823e+07 1.01825e+07 9.28702e+06 1.33833e+06 895463 593493 779118 245398 7.94869e+06 1.35182e+06 6.59688e+06 322832 5.09979e+06
internal_count=35374 11290 7290 6364 683 926 462 484 310 5681 246 5435 290 4000
is_linear=0
shrinkage=0.05


Tree=98
num_leaves=15
num_cat=1
split_feature=26 29 16 1 17 17 10 17 0 5 24 15 14 25
split_gain=1738.57 2009.8 1985.93 1931.79 1699.22 5099.37 2104.87 2091.11 2006.89 6557.3 1502.57 1446.64 2194.68 1596.93
threshold=-0.5 0 18.369372682749788 17.423965936235351 0.39233366882668819 0.24497248980684103 0.24282698675494438 0.033422580751823257 17.419860989426706 16.445570641160668 4.7082670710920711 19.426673924651187 1.2877163487542898 0.25000000000000011
decision_type=2 1 2 2 2 2 2 2 2 2 8 2 10 2
left_child=2 4 3 11 5 6 8 -8 9 10 -2 13 -13 -1
right_child=1 -3 -4 -5 -6 -7 7 -9 -10 -11 -12 12 -14 -15
leaf_value=0.002834953892705602 0.00053059776555103332 0.00010964267712213696 0.005501825236121442 -0.0055493509244111013 0.0012705765650701602 -0.0030572232613535633 -0.0095550122273338565 -0.0062262450354068485 0.005393506818531249 -0.0075489746398538357 -0.0099861331522794541 0.010215392447460071 -0.015816249401822271 -0.0014150059112747774
leaf_weight=5008311.6206078529 944574.60144424438 13296918.305407882 725026.00805664062 91923.41259765625 255083.802734375 369407.81762695312 112774.34994125366 105959.33810424805 382696.78173828125 108151.2080078125 384344.25183105469 95943.665542602539 136994.29943847656 1833794.6142442226
leaf_count=8253 917 21860 257 13 43 72 247 54 54 22 541 127 111 2914
internal_value=0.000198392 -0.000101789 0.000805444 0.000553173 -0.00135557 -0.00176666 -0.000787154 -0.00542138 -0.000230126 -0.00108699 -0.000123471 0.000646741 -0.00322816 0.000778661
internal_weight=2.38519e+07 1.59599e+07 7.89199e+06 7.16697e+06 2.66299e+06 2.40791e+06 2.0385e+06 218734 1.81977e+06 1.43707e+06 1.32892e+06 7.07504e+06 232938 6.84211e+06
internal_count=35485 23810 11675 11418 1950 1907 1835 301 1534 1480 1458 11405 238 11167
cat_boundaries=0 1
cat_threshold=80
is_linear=0
shrinkage=0.05


Tree=99
num_leaves=15
num_cat=1
split_feature=4 26 11 6 9 7 12 6 19 21 6 7 1 28
split_gain=3023.6 2137.09 2273.61 1270.59 1195.75 1384.76 1882.47 1202.21 1105.01 3064.69 2034.18 1000.23 2747.77 1018.47
threshold=16.286603766617137 -0.5 -0.10671893113296073 16.958239102935611 1.3992304816535548 10.944974825828632 9.5000000000000018 12.631496534314213 -0.010786498609322749 10.622856058979133 17.129815940530211 16.39444836774533 16.399633848597894 0
decision_type=2 2 2 2 2 2 2 2 2 10 2 2 2 1
left_child=4 3 -3 -2 11 6 -6 -7 9 -4 -10 12 13 -1
right_child=1 2 8 -5 5 7 -8 -9 10 -11 -12 -13 -14 -15
leaf_value=-0.0012672899720428702 0.0013483527411080965 -0.0014227939237318546 0.0027467246919385714 0.0035904163815651292 0.0085074690275569222 -0.034841298403908087 -0.025607917007290176 0.016162649169653247 0.00031145211094510687 -0.00050002142402878801 0.001411672932151508 0.0067683703513590323 -0.0038817236578671285 0.0010401287045822048
leaf_weight=3329705.0951632261 849883.5087890625 867258.8837890625 528820.69995117188 692043.69775390625 441478.94350552559 1579517.6216430664 449574.03597450256 588652.2021484375 782054.25903320312 574121.73022460938 510654.77490234375 181115.12133789062 298592.326171875 12397910.407537341
leaf_count=4734 214 190 122 117 4635 4356 3802 833 189 110 83 46 90 15917
internal_value=0.000362203 0.00148434 0.000759446 0.00301829 8.23569e-05 -0.000824291 0.000835093 -0.00150625 0.00155357 0.000391009 0.00254547 0.000253492 0.000211735 0.000301945
internal_weight=2.40714e+07 4.80484e+06 3.26291e+06 1.54193e+06 1.92665e+07 3.05922e+06 891053 2.16817e+06 2.39565e+06 1.10294e+06 1.29271e+06 1.62073e+07 1.60262e+07 1.57276e+07
internal_count=35438 1025 694 331 34413 13626 8437 5189 504 232 272 20787 20741 20651
cat_boundaries=0 1
cat_threshold=184
is_linear=0
shrinkage=0.05


Tree=100
num_leaves=15
num_cat=1
split_feature=5 10 16 15 8 1 23 23 10 15 17 6 14 29
split_gain=2188.31 1797.64 3023.03 2680.39 1365.98 1184.19 1174.28 1853.14 1393.69 943.637 1896.3 1594.39 1231.99 1219.2
threshold=15.811000708615643 0.020842451520212305 18.316622198225307 18.08616182809012 0.11517032025683187 15.670746037891478 2.6039781056343654 4.1863613804348558 -0.039612410603046593 19.220245496564996 0.010487804570103702 14.652236687428195 2.6761871755968305 0
decision_type=2 2 2 2 2 2 10 10 2 2 2 2 10 1
left_child=4 2 6 -4 -1 9 8 -8 -2 12 11 13 -6 -11
right_child=1 -3 3 -5 5 -7 7 -9 -10 10 -12 -13 -14 -15
leaf_value=0.0026352072175353609 0.0029480170712338854 0.0015578986569859798 0.0011575124802279254 -0.0018544558100793093 -0.00095238711819425328 -0.002049864904571431 -0.00056952831296315694 0.0019101021809559268 9.2049848323035317e-07 0.0027966034120598883 0.0060397413872248108 -0.009918431849910217 0.0066187592764398798 -0.0082607740540822632
leaf_weight=605358.86182081699 933765.97680664062 2967970.3347167969 502722.9033203125 526483.4970703125 10562888.575898767 426432.36206054688 488708.15478515625 430148.87133789062 432177.84204101562 2868015.6375617981 1146707.228515625 219164.82495117188 881729.95094180107 931819.12749099731
leaf_count=1008 220 737 114 90 19596 174 117 107 102 4542 584 146 6331 1448
internal_value=0.000414225 0.0012156 0.000415161 -0.00183487 0.000128874 4.59405e-05 0.0014287 4.66534e-05 0.0023584 0.000112732 0.000673676 0.000161964 -0.000140458 0.000401137
internal_weight=2.39241e+07 6.28198e+06 3.31401e+06 1.02921e+06 1.76421e+07 1.70368e+07 2.2848e+06 918857 1.36594e+06 1.66103e+07 5.16571e+06 4.019e+06 1.14446e+07 3.79983e+06
internal_count=35316 1487 750 204 33829 32821 546 224 322 32647 6720 6136 25927 5990
cat_boundaries=0 1
cat_threshold=7
is_linear=0
shrinkage=0.05


Tree=101
num_leaves=15
num_cat=0
split_feature=0 14 8 23 25 9 7 12 12 5 6 3 26 11
split_gain=2816 1525.23 4178.78 1484.38 1126.1 1039.64 1264.65 1389.38 1358.38 1176.6 1289.83 1184.27 3106.28 2167.45
threshold=16.684754232979486 1.6855537579441167 0.13729101304314623 2.5228400253385952 1.0000000180025095e-35 0.9138840090949425 11.044107132975418 10.500000000000002 9.5000000000000018 16.625604377944345 16.604429800222857 16.154648050165125 -0.24999999999999997 0.016795339236873354
decision_type=2 10 2 10 2 2 2 2 2 2 2 2 2 2
left_child=5 4 -3 -4 -2 9 8 -8 -7 10 11 -1 -13 -14
right_child=1 2 3 -5 -6 6 7 -9 -10 -11 -12 12 13 -15
leaf_value=0.00098664290129218046 0.0026649941505861429 -0.001241072452727794 0.00023211365924294134 0.0030706079811621207 7.8922605161187615e-05 0.0078223800226032477 -0.031037700195908902 -0.0089425841709279332 -0.010920660920783028 -0.0017241583213952593 0.0042953749859536445 0.002633335086222547 -0.00081149470542810792 -0.0015603632025330692
leaf_weight=14903058.811194658 701043.83349609375 623064.63134765625 526378.79736328125 619970.09375 754866.20532226562 471565.77495336533 847572.31346130371 1908209.5751342773 596809.67663383484 351661.21948242188 152479.23046875 568012.33959960938 418051.9248046875 417929.03247070312
leaf_count=18677 130 120 103 122 134 4739 2145 3792 4781 81 36 166 121 121
internal_value=0.00040703 0.00178096 0.000794671 0.00258605 0.00297963 0.000192284 -0.000551825 -0.00111797 0.000908494 0.000361551 0.000422693 0.000379893 -0.00100834 -0.00294694
internal_weight=2.38607e+07 3.22532e+06 1.76941e+06 1.14635e+06 1.45591e+06 2.06353e+07 3.82416e+06 2.75578e+06 1.06838e+06 1.68112e+07 1.64595e+07 1.63071e+07 1.40399e+06 835981
internal_count=35268 609 345 225 264 34659 15457 5937 9520 19202 19121 19085 408 242
is_linear=0
shrinkage=0.05


Tree=102
num_leaves=15
num_cat=0
split_feature=0 8 14 8 11 22 22 17 11 16 26 26 22 22
split_gain=2242.9 1637.3 4207.53 1062.61 1899.33 876.301 5657.86 1125.86 1254.77 1682.66 1109.04 1156.82 1627.94 1800.88
threshold=16.684754232979486 0.11957039339654042 1.601707050568409 0.22840008290930566 -0.0097332732567626968 16.671438701270244 16.67698043446169 0.010881109273156201 0.22968596109529832 15.60815011911054 0.93301270189221952 0.25000000000000017 19.600808566351393 19.577528614108676
decision_type=2 2 10 2 2 2 2 2 2 2 2 2 2 2
left_child=5 2 -2 4 -3 7 -7 8 -1 -10 11 12 13 -8
right_child=1 3 -4 -5 -6 6 10 -9 9 -11 -12 -13 -14 -15
leaf_value=0.0020370244404138821 0.0029903268181040495 0.0034061930779024684 -0.0013645549667517622 0.00025184658605963931 0.00046029278902848546 -0.34658482228268028 -1.4677262421528059e-05 0.0032504810298952195 -0.0055039085477022881 -0.043605183759437192 0.0022558552250329096 -0.0011271682942559003 0.0065694908376935941 -0.0059924225921697463
leaf_weight=3719304.915140152 558256.46435546875 676589.58276367188 722705.62890625 589033.58911132812 825389.86694335938 81968.121513366699 6541043.3059529066 2434619.191986084 1191634.0370620489 64808.752061843872 1089719.1646127701 4474053.9782427549 886487.62850952148 91491.918304443359
leaf_count=9762 94 132 139 117 152 157 9475 2845 3642 193 1516 6172 885 90
internal_value=0.00027266 0.00146796 6.02891e-05 0.00233031 0.00303616 7.6767e-05 -0.000168048 0.00051169 8.05886e-05 -0.00128551 -8.60015e-05 -0.000224768 0.00015403 -0.000114941
internal_weight=2.39471e+07 3.37198e+06 1.28096e+06 2.09101e+06 1.50198e+06 2.05751e+07 1.31648e+07 7.41037e+06 4.97575e+06 1.25644e+06 1.30828e+07 1.19931e+07 7.51902e+06 6.63254e+06
internal_count=35371 634 233 401 284 34737 18295 16442 13597 3835 18138 16622 10450 9565
is_linear=0
shrinkage=0.05


Tree=103
num_leaves=15
num_cat=0
split_feature=26 4 8 24 19 4 1 24 10 4 24 4 17 4
split_gain=2485.31 3786.1 2701.61 1968.48 1832.74 2168.08 3834.8 1583.44 2250.05 8283.2 2140.18 3242.39 1820.38 4225.88
threshold=1.0000000180025095e-35 16.411339423236502 0.064852118826147817 2.7608734536968202 0.034215370636019864 16.856164222692549 16.275843258113319 1.117175230294795 -0.18824051189515592 17.017299882291177 2.4339156147614505 16.049916458677085 0.16098616860468853 16.049916458677085
decision_type=2 2 2 8 2 2 2 10 2 2 10 2 2 2
left_child=1 -1 3 -2 7 6 -6 -4 9 12 -10 -12 13 -9
right_child=2 -3 4 -5 5 -7 -8 8 10 -11 11 -13 -14 -15
leaf_value=0.00081178298975469784 -0.00072166436451659335 0.0023125505723238984 0.0022412824566421549 -0.0042392445086214042 -0.0079742795063053613 0.0026502026583388513 -0.012061515599050122 -0.0041374889034203081 -0.00087615202547392391 -0.0080072699760966124 0.00032751011394196864 0.0024197698574180784 0.0023800646980605541 -0.044658429723891779
leaf_weight=9631135.9813637733 134686.61499404907 2181629.705078125 3185940.6996574402 95404.533788919449 700844.45866274834 89271.51708984375 70709.581298828125 1499201.2605221272 2234717.1044397354 82774.6025390625 2792020.4908776283 678305.56787109375 244353.25830078125 110412.22241210938
leaf_count=17032 70 452 4709 174 1255 16 18 3429 2670 14 5080 163 130 33
internal_value=0.000247337 0.000761305 -0.000262066 -0.00562742 -0.000156448 -0.00237695 -0.00323049 2.00863e-05 -0.000370327 -0.00184285 0.000129564 0.000906691 -0.00115192 -0.00176237
internal_weight=2.37314e+07 1.18128e+07 1.19186e+07 230091 1.16886e+07 860826 771554 1.08277e+07 7.64178e+06 1.93674e+06 5.70504e+06 3.47033e+06 1.85397e+06 1.60961e+06
internal_count=35245 17484 17761 244 17517 1289 1273 16228 11519 3606 7913 5243 3592 3462
is_linear=0
shrinkage=0.05


Tree=104
num_leaves=15
num_cat=2
split_feature=2 29 19 17 10 11 8 19 11 4 29 20 2 3
split_gain=2024.94 2741.85 2378.95 1992.56 1334.86 1859.29 1263.47 1180.28 1801.06 1056.58 1866.27 1699.43 1150.65 985.378
threshold=16.04258516408715 0 0.020977209751282453 0.24497248980684103 0.014711406705933901 0.050197869634953159 0.12904521778639408 -0.025823528620961395 -0.6609621201524386 15.480583383983111 1 0.022893839687211804 15.469798134806657 15.206373315785315
decision_type=2 1 2 2 2 2 2 2 2 2 1 8 2 2
left_child=7 4 3 -3 5 6 -2 8 -1 -9 -11 -12 -13 -10
right_child=1 2 -4 -5 -6 -7 -8 9 13 10 11 12 -14 -15
leaf_value=-0.017275498709036396 0.00053458438257055136 0.002302531417984712 -0.0016735116508177783 -0.00095787062325583452 0.0026022085852151285 -0.00019639988764124942 0.0016281305568673797 0.00028297534271877055 0.0029404866459667375 0.0039037434324755457 -0.0028805712545278022 -0.0067345691794113913 0.00030202386084072705 0.0030839859075826384
leaf_weight=130178.27772963047 479500.47900390625 840097.427734375 584716.607421875 659800.62280273438 1668564.9946289062 620198.30249023438 653913.0380859375 13187562.688323855 3036931.0518574715 336610.20178222656 305343.42614746094 323920.32946777344 480518.52819824219 564659.35168457031
leaf_count=600 107 174 116 126 417 150 158 26557 6048 131 122 148 168 240
internal_value=0.000412916 0.00125389 -0.000175605 0.000879004 0.00212466 0.00116141 0.00236575 0.000160759 0.000954506 -4.16527e-05 -0.00132451 -0.00231364 -0.00110821 0.00116334
internal_weight=2.38725e+07 5.50679e+06 2.08461e+06 1.4999e+06 3.42218e+06 1.75361e+06 1.13341e+06 1.83657e+07 3.73177e+06 1.4634e+07 1.44639e+06 1.10978e+06 804439 3.60159e+06
internal_count=35262 1248 416 300 832 415 265 34014 6888 27126 569 438 316 6288
cat_boundaries=0 1 2
cat_threshold=9 18
is_linear=0
shrinkage=0.05


Tree=105
num_leaves=15
num_cat=0
split_feature=10 17 24 22 8 0 15 4 18 2 2 20 9 22
split_gain=1277.95 2062.23 1940 2075.98 5573.59 2636.36 2113.88 3238.51 2017.47 1865.14 1819.01 1602.37 1393.17 1339.68
threshold=0.070154175197686158 0.0099515484587904528 5.0917406202086264 19.612712971140649 0.10986439182877221 17.153843914118731 19.240998570495709 17.017299882291177 0.12266635581671508 14.74651423346843 16.158092031731105 -0.0068721556871727488 0.7274076219841259 18.007319161832651
decision_type=2 2 10 2 2 2 2 2 10 2 2 10 2 2
left_child=2 9 3 5 -5 -1 7 8 11 12 -4 -6 -2 -3
right_child=1 13 10 4 6 -7 -8 -9 -10 -11 -12 -13 -14 -15
leaf_value=-0.00011804433362385417 0.0041275038834157852 0.0020400731569935409 0.0033154509727585848 -0.0047903137599989553 -0.048890551769940116 0.0019221919813766392 0.0026189929455145556 -0.006860847699322427 0.0053585087097792646 -0.013673090685810721 0.0016760600334033147 -0.0061699638874359586 -0.012542091925545097 0.0025035190084902888
leaf_weight=11483486.72011435 1523006.926587224 2853872.2639389038 1918367.5067976713 156581.17688751221 100656.56478118896 593505.28076171875 168935.08932495117 192808.82202148438 359554.63459777832 150140.38458251953 303541.05493164062 327119.90235900879 1464243.5308086872 2161639.0100021362
leaf_count=16772 2854 2640 4203 45 139 100 70 35 161 112 73 368 6355 1458
internal_value=0.000300344 0.000807682 3.52755e-05 -0.000191887 -0.00208587 1.28732e-05 -0.000879949 -0.00177028 -0.000348007 -0.000197757 0.00140349 -0.00266844 7.55531e-05 0.00143662
internal_weight=2.37575e+07 8.1529e+06 1.56046e+07 1.33826e+07 1.30566e+06 1.2077e+07 1.14908e+06 980140 787331 3.13739e+06 2.22191e+06 427776 2.98725e+06 5.01551e+06
internal_count=35385 13419 21966 17690 818 16872 773 703 668 9321 4276 507 9209 4098
is_linear=0
shrinkage=0.05


Tree=106
num_leaves=15
num_cat=0
split_feature=7 19 8 3 17 8 5 10 7 23 23 8 21 19
split_gain=1822.8 1995.22 2191.75 3224.74 3116.96 2090.18 1912.76 1664.8 1464.51 1383.81 2568.48 1306.83 1785.63 1601.37
threshold=13.28705646050639 -0.031869132652534493 0.13271539659187379 16.537870894875581 0.35606061239567061 0.11957039339654042 16.796940509220686 -0.094312515682363832 10.99314397631778 2.6039781056343654 3.3697958812695457 0.18850378863444553 10.886737161858516 0.0041528008782671507
decision_type=2 2 2 2 2 2 2 2 2 10 10 2 10 2
left_child=8 6 4 11 5 9 -2 -5 -1 -3 -11 12 13 -4
right_child=1 2 3 7 -6 -7 -8 -9 -10 10 -12 -13 -14 -15
leaf_value=0.005444839908653896 0.0021080189897748733 0.0011888830819343924 0.0013272453285713087 0.00025165276928908084 -0.0013009831557015913 -0.0043400332352573684 0.0034446750368238004 0.0017054727929130997 -0.0043302097302145423 -0.0023183087339544821 0.00078293277387770472 0.001602659826209326 -0.0057304210827398899 -0.0014696592612426457
leaf_weight=1598022.026121974 2132014.263671875 874809.69592285156 742684.67742919922 726776.93701171875 464820.42053222656 398085.27740478516 432443.38818359375 1133987.4868164062 5524641.3216705322 262232.02264404297 265105.30676269531 8387288.4180908203 187133.14483642578 689293.69134521484
leaf_count=13755 1330 249 399 149 127 160 78 231 12274 87 119 5850 117 372
internal_value=0.000399205 0.000684885 0.000452053 0.000724089 -0.000973207 -3.07213e-05 0.00196798 0.00263542 -0.000270476 0.000877076 -0.00114605 0.000368662 -0.000931844 -0.000331592
internal_weight=2.38193e+07 1.66967e+07 1.41322e+07 1.18672e+07 2.26505e+06 1.80023e+06 2.56446e+06 1.86076e+06 7.12266e+06 1.40215e+06 527337 1.00064e+07 1.61911e+06 1.43198e+06
internal_count=35297 9268 7860 7118 742 615 1408 380 26029 455 206 6738 888 771
is_linear=0
shrinkage=0.05


Tree=107
num_leaves=15
num_cat=1
split_feature=0 2 4 11 23 20 1 7 6 11 30 10 2 23
split_gain=2570.5 2183.6 1958.29 2798.17 2847.56 2813.64 1450.5 1614.21 1315.9 840.324 1418.06 1816.86 1336.31 1084.83
threshold=17.153843914118731 17.165049622732749 16.411339423236502 -0.13830438816724025 1.7678978680882202 0.0235257527394933 16.8486284102338 16.39444836774533 16.420481291213544 0.19943762288222008 0 0.10590083567411311 16.276512134422696 6.934833725132326
decision_type=2 2 2 2 10 8 2 2 2 2 1 2 2 8
left_child=1 2 6 -4 -5 -6 7 8 9 10 11 -1 13 -11
right_child=-2 -3 3 4 5 -7 -8 -9 -10 12 -12 -13 -14 -15
leaf_value=-0.053014597609213815 0.00085607377954154584 -0.0011376452553411936 0.0043456100779448335 0.0024320526760448218 -0.00050581162974752388 0.0012772953538634911 -0.19791299356247744 0.0028722449169148604 -0.0046911234864199106 -0.0027394501667146829 0.0008313835702403868 0.010335290890819129 -0.011048090432559769 0.0054976958996235496
leaf_weight=171427.61845397949 1563611.8203125 331543.59765625 506453.6767578125 666849.18212890625 806574.82080078125 425458.7099609375 60885.5634765625 244068.31787109375 101306.94091796875 4201897.2385540009 13898078.494911909 93736.344924926758 101156.91357421875 757355.97187662125
leaf_count=178 254 63 123 154 181 106 16 63 29 8509 23932 105 32 1620
internal_value=0.000427708 0.000290693 0.000351292 0.00169784 0.000817111 -0.00060738 0.000186295 0.000210269 0.000159235 0.000189186 0.000386786 -0.00323521 -0.000363863 -0.00024782
internal_weight=2.39304e+07 2.23668e+07 2.20352e+07 2.40534e+06 1.89888e+06 1.23203e+06 1.96299e+07 1.9569e+07 1.9325e+07 1.92237e+07 1.41632e+07 265164 5.06041e+06 4.95925e+06
internal_count=35365 35111 35048 564 441 287 34484 34468 34405 34376 24215 283 10161 10129
cat_boundaries=0 1
cat_threshold=2
is_linear=0
shrinkage=0.05


Tree=108
num_leaves=15
num_cat=1
split_feature=0 23 11 10 23 25 3 9 16 0 8 29 8 11
split_gain=2114.74 2614.75 2337.19 2663.36 2480.04 2103.51 1420.22 2978.7 1219.98 1833.91 1647.01 2327.89 1809.45 1099.22
threshold=15.671123781704924 4.8593148467407357 0.010041080534270051 0.12790271371036832 2.52628242779662 -0.24999999999999997 15.474442394707193 0.33122621638117639 18.472836192843562 17.153843914118731 0.11957039339654042 0 0.2607536096029065 0.51622408779256823
decision_type=2 10 2 2 8 2 2 2 2 2 2 1 2 2
left_child=6 2 8 4 5 -4 13 -8 9 10 -2 -12 -13 -1
right_child=1 -3 3 -5 -6 -7 7 -9 -10 -11 11 12 -14 -15
leaf_value=0.00048651817846303544 -0.00014629310149848424 0.0043947361918821879 -0.0013014575566916489 0.0041290120527752517 -0.00085455392663551569 0.00095820416095488401 -0.0063417311768108947 9.3336798246385809e-05 -0.00049776248522508907 0.0023797184367464856 0.0025491767355461927 -0.0016264332643076713 0.0027560044068561385 -0.006829449410995718
leaf_weight=14937071.072006702 619445.04907226562 951779.07556152344 493538.28784179688 564356.69934082031 613755.79541015625 762748.89770507812 342877.71252441406 573241.30090332031 419500.33276367188 419855.55517578125 950887.97644042969 345775.24267578125 411501.333984375 1469539.2934141159
leaf_count=28973 150 261 112 159 130 184 143 244 81 71 256 98 132 4329
internal_value=0.000326134 0.00109121 0.000679505 -0.000485414 -0.00139395 -0.000121242 3.67096e-05 -0.00187919 0.00157496 0.00195843 0.00140979 0.00221073 0.000142348 0.00014369
internal_weight=2.38759e+07 6.55314e+06 5.60137e+06 2.4344e+06 1.87004e+06 1.25629e+06 1.73227e+07 916119 3.16697e+06 2.74747e+06 2.32761e+06 1.70816e+06 757277 1.64066e+07
internal_count=35323 1634 1373 585 426 296 33689 387 788 707 636 486 230 33302
cat_boundaries=0 1
cat_threshold=3
is_linear=0
shrinkage=0.05


Tree=109
num_leaves=15
num_cat=0
split_feature=4 14 23 11 24 6 0 4 17 27 0 8 22 22
split_gain=1726.63 2094.38 1484.27 1651.43 1478.02 2822.62 1535.22 1181.37 2813.23 1733.69 1369.14 1263.3 965.651 1839.35
threshold=16.286603766617137 2.4100205239217067 1.7678978680882202 0.010041080534270051 2.2469877006854504 16.958239102935611 16.846705175829062 15.813437922507914 0.049850378631076352 5.5000000000000009 15.926099204579868 0.11517032025683187 16.671438701270244 16.67698043446169
decision_type=2 10 10 2 10 2 2 2 2 2 2 2 2 2
left_child=7 2 3 -2 5 -4 -6 10 -9 -10 11 -1 -13 -14
right_child=1 -3 4 -5 6 -7 -8 8 9 -11 -12 12 13 -15
leaf_value=0.0038127061864989091 0.0024457026815615087 -0.00096385066685893801 -0.0010491914397255211 8.1582945316243652e-05 0.0019909929992277318 0.00065595145503235619 0.00019047037641831968 -0.003474893935502927 -0.0027587554048792858 0.0026113139970391089 0.0076677770780125016 0.0018299882139356143 -0.29993109085504321 -0.00046832894757829844
leaf_weight=562549.15116870403 740153.83959960938 510454.49951171875 698615.927734375 518537.62524414062 639753.2578125 1070108.0922851562 478283.24755859375 583843.54724121094 416651.11059570312 523628.81262207031 392016.11633300781 6719836.1691193581 74753.344532012939 9840868.7778830528
leaf_count=970 166 107 170 114 169 186 81 208 130 163 138 15955 146 16649
internal_value=0.000259356 0.00112279 0.00149492 0.00292772 0.000870183 -2.932e-05 0.00229319 4.90359e-05 -0.00128635 0.000406355 0.000164743 9.81437e-05 1.93399e-05 -0.000294264
internal_weight=2.37701e+07 4.65591e+06 4.14545e+06 1.25869e+06 2.88676e+06 1.76872e+06 1.11804e+06 1.91141e+07 1.52412e+06 940280 1.759e+07 1.7198e+07 1.66355e+07 9.91562e+06
internal_count=35352 993 886 280 606 356 250 34359 501 293 33858 33720 32750 16795
is_linear=0
shrinkage=0.05


Tree=110
num_leaves=15
num_cat=1
split_feature=16 0 11 6 25 28 8 0 10 11 0 15 22 8
split_gain=2385.43 2626.49 1841.05 1539.4 1120.83 2216.66 3369.32 1680.59 1673.77 2022.96 3669.44 1654.92 1595.29 1614.1
threshold=18.650510177953056 16.994451200594245 0.0064020624786324505 16.804439504542483 -0.5 0 0.10357422990767361 13.362698596641676 0.11710673794931466 0.067855845340616824 16.273039820797113 14.4785570100015 15.66049614171151 0.24095855021254617
decision_type=2 2 2 2 2 1 2 2 2 2 2 2 2 2
left_child=1 3 -3 4 5 6 -1 -6 9 12 -11 -8 13 -9
right_child=-2 2 -4 -5 7 -7 11 8 -10 10 -12 -13 -14 -15
leaf_value=-0.0019923209158718685 -0.001901469605764701 0.0023409346969012466 0.00016467090382326613 -0.00024218120275428141 -0.0012841966754773759 0.00015452575289620727 -0.063569128084955004 -0.0050560846468828864 0.0063459600750019485 -1.8621421203675257e-05 -0.0031321160014355014 -0.00063056482854250123 0.0020389092613698747 0.0012399612062255975
leaf_weight=86438.08895111084 344387.22604370117 888918.1650390625 1002537.6994628906 828515.44580078125 5306277.2389804125 5740702.2835918665 54979.708317041397 138002.42150878906 2315122.9909362793 2049609.2620544434 242268.13940429688 881625.50117588043 3716749.006652832 172195.81134033203
leaf_count=55 119 159 172 172 17805 9673 151 104 1687 1300 65 1595 2041 165
internal_value=0.000259053 0.000319789 0.00210618 0.000162869 0.00024744 -0.000280707 -0.00242487 0.000503695 0.000934079 0.000512691 -0.000673179 -0.0015532 0.00118761 -0.00225718
internal_weight=2.37683e+07 2.34239e+07 1.89146e+06 2.15325e+07 2.0704e+07 6.76375e+06 1.02304e+06 1.39402e+07 8.63395e+06 6.31882e+06 2.29188e+06 936605 4.02695e+06 310198
internal_count=35263 35144 331 34813 34641 11474 1801 23167 5362 3675 1365 1746 2310 269
cat_boundaries=0 1
cat_threshold=648
is_linear=0
shrinkage=0.05


Tree=111
num_leaves=15
num_cat=1
split_feature=20 9 20 11 19 28 15 7 10 2 18 23 11 24
split_gain=1908.8 4556.19 1639.35 1597.66 1368.91 1287.25 2524.56 2847.82 2081.35 2602.94 2063.21 1349.63 2526.79 1780.07
threshold=-0.081572427356806532 0.23248354231585991 -0.041909716095439441 0.14269541210902578 -0.035637932706194649 0 18.491211600811145 17.375687477891912 -1.0000000180025095e-35 17.165049622732749 0.34334564190055755 3.9102097402214055 0.33081664125802229 1.6850664912594702
decision_type=8 2 8 2 2 1 2 2 2 2 10 10 2 10
left_child=1 -1 3 -2 -5 10 7 8 9 -7 -4 -12 -13 -14
right_child=2 -3 5 4 -6 6 -8 -9 -10 -11 11 12 13 -15
leaf_value=-0.0061388684266256242 0.005483318124919161 0.0049486786582839479 0.0026184697203631611 0.0029726046241295963 -0.0074324423809319327 -0.0015012195380377103 -0.0049704913348937738 0.0015621755490571967 0.00055717115500373638 -0.0032844817110514002 -0.00011615884214227698 0.0052638185216164358 -0.038012611822306946 -0.0011979544427852904
leaf_weight=69169.818450927734 811667.09998750687 114384.49811649323 2291205.4766902924 90310.509694099426 151472.45908737183 5542002.6317700148 87022.82506942749 258282.728515625 4779765.5039981604 67310.61328125 6724350.6128389835 2503053.8213224411 83964.641952514648 454178.26570892334
leaf_count=32 1025 242 5993 155 273 9198 98 41 7886 13 6758 3080 135 546
internal_value=0.000192784 -0.0048865 0.000231884 0.00216024 -0.00140741 0.000142752 -0.000255488 -0.000186166 -0.000315099 -0.000968383 0.000497314 0.000180496 0.00105454 -0.00205373
internal_weight=2.40281e+07 183554 2.38446e+07 1.05345e+06 241783 2.27911e+07 1.07344e+07 1.06474e+07 1.03891e+07 5.60931e+06 1.20568e+07 9.76555e+06 3.0412e+06 538143
internal_count=35475 274 35201 1453 428 33748 17236 17138 17097 9211 16512 10519 3761 681
cat_boundaries=0 1
cat_threshold=259
is_linear=0
shrinkage=0.05


Tree=112
num_leaves=15
num_cat=1
split_feature=0 8 0 17 29 5 3 27 19 11 7 5 9 11
split_gain=2971.51 1593.45 1956.47 1308.6 2361.46 1297.52 2215.04 1127.97 1306.4 1548.52 1191.88 1421.98 856.829 1506.95
threshold=16.684754232979486 0.11957039339654042 17.153843914118731 0.35606061239567061 0 16.625604377944345 16.691666025947082 1.5000000000000002 -0.025823528620961395 -0.72780166908968968 15.094785014784197 14.928669247269502 0.13067246360888676 -0.063096804445466434
decision_type=2 2 2 2 1 2 2 2 2 2 2 2 2 2
left_child=5 2 -2 4 -3 6 7 -1 9 -9 11 -11 13 -10
right_child=1 3 -4 -5 -6 -7 -8 8 12 10 -12 -13 -14 -15
leaf_value=-0.0038725480234655441 -0.00051036855308244744 0.0027268710693300661 0.00068662552482241269 0.0031177230493490311 -0.000279778689666839 -0.00052401653777418053 0.0030291324278307035 -0.031086612375755586 0.00012332270399799847 0.0040458023965850532 0.0031915147801318206 -0.0057503613411466967 0.00012569877189319773 -0.0039159889157496745
leaf_weight=1822798.0661149025 572731.8994140625 634150.09106445312 667550.96484375 751435.92236328125 639939.63745117188 328907.87890625 231149.56274414062 91339.901055693626 127850.00257873535 2190591.3061919212 810762.32983398438 109362.84875488281 14747750.302365661 188020.49108886719
leaf_count=3141 118 132 106 141 116 76 57 420 182 4676 306 64 25696 203
internal_value=0.000304586 0.00170604 0.000294629 0.00257028 0.00159428 8.293e-05 0.000133357 7.73585e-05 0.000195716 0.00111287 0.00130128 0.000720189 7.5866e-07 -0.00257592
internal_weight=2.39143e+07 3.26581e+06 1.24028e+06 2.02553e+06 1.27409e+06 2.06485e+07 2.03196e+07 2.00885e+07 1.82657e+07 3.20206e+06 3.11072e+06 2.29995e+06 1.50636e+07 315870
internal_count=35434 613 224 389 248 34821 34745 34688 31547 5466 5046 4740 26081 385
cat_boundaries=0 1
cat_threshold=1
is_linear=0
shrinkage=0.05


Tree=113
num_leaves=15
num_cat=1
split_feature=19 20 16 27 19 0 4 8 11 19 16 16 28 9
split_gain=1198.26 3026.4 2247.72 1948.08 1279.56 1211.21 2851.09 2181.1 1049.95 2466.26 1482.47 1569.28 1095.88 2006.99
threshold=-0.018468429717034846 0.019409927785869505 18.650510177953056 7.5000000000000009 -0.023291557472638346 16.846705175829062 17.179119157328174 0.11517032025683187 0.21481099215466812 -0.024983050529634447 18.435443290659602 18.369372682749788 0 0.23248354231585991
decision_type=2 10 2 2 2 2 2 2 2 2 2 2 1 2
left_child=1 4 5 -3 8 6 -2 -7 10 12 11 -1 -10 -14
right_child=2 3 -4 -5 -6 7 -8 -9 9 -11 -12 -13 13 -15
leaf_value=0.0018243793789481774 -5.7316784955172332e-05 -0.0048472144934186626 -0.0025457799386928038 -0.0078767325614751745 0.0062350102529139598 -0.00040199129306321197 -0.0065401705994925386 0.0018814626848215905 0.011109595298153967 -0.0134876050473188 0.0047683814956140198 -0.00080562262930027279 -0.0064862633111528178 -0.0012081112400922891
leaf_weight=3833642.1745113134 14965279.265492082 177463.23030757904 218849.85552978516 84359.478374481201 952328.82587897778 633764.279296875 87426.705322265625 1129060.0922851562 316528.10820293427 71003.757797241211 263655.03323364258 133712.58450317383 118452.20803833008 860525.85323143005
leaf_count=5814 24783 208 78 105 1440 112 18 211 874 122 97 50 58 1334
internal_value=0.000182909 0.000743406 -4.1221e-05 -0.00452791 0.00095412 2.43023e-05 -0.000120916 0.00126432 0.000665863 -0.000539096 0.00105504 0.000813762 -4.18118e-05 -0.000868711
internal_weight=2.38461e+07 6.81167e+06 1.70344e+07 261823 6.54985e+06 1.68155e+07 1.50527e+07 1.76282e+06 5.59752e+06 1.36651e+06 4.23101e+06 3.96735e+06 1.29551e+06 978978
internal_count=35304 10102 25202 313 9789 25124 24801 323 8349 2388 5961 5864 2266 1392
cat_boundaries=0 1
cat_threshold=547
is_linear=0
shrinkage=0.05


Tree=114
num_leaves=15
num_cat=0
split_feature=0 26 4 20 14 3 21 23 27 3 21 11 21 18
split_gain=2308.2 2024.7 1847.78 1521.85 3126.38 2057.4 1607.93 1015.36 1554.97 1808.81 1847.35 1608.17 1549.72 1409.92
threshold=16.994451200594245 0.25000000000000017 17.017299882291177 -0.081572427356806532 1.7749915707983317 16.537870894875581 10.631555854924844 -1.0000000180025095e-35 5.5000000000000009 15.674799135655663 10.603241363941821 0.34698737427677268 11.146467399202454 0.99898163980900689
decision_type=2 2 2 8 10 2 10 8 2 2 8 2 8 10
left_child=2 -2 3 4 -1 7 -7 -5 9 11 -11 -9 -13 -10
right_child=1 -3 -4 5 -6 6 -8 8 13 10 -12 12 -14 -15
leaf_value=-0.0066461494785129797 0.0016951622214081844 -4.6280701074351734e-05 -0.0012657756836549029 0.0022769707348469451 7.6710976328450936e-05 0.0038790819636720115 0.00015676048047510855 0.00016584315161797218 0.0012658211342945662 -0.00053987126701548831 -0.0043400879874695621 -0.0092492901812074296 -0.020863480383220827 -0.0050941916202212126
leaf_weight=105793.87735366821 1308081.7512207031 906321.3916015625 399567.52905273438 3158507.8180480003 68139.073525428772 645178.48486328125 713348.1181640625 5131156.8596901894 7925692.2000272274 544829.54016113281 418849.57568359375 880852.97172737122 41126.138101577759 1727512.2524151802
leaf_count=102 225 157 82 5375 168 157 162 9498 13897 176 138 2215 108 2851
internal_value=0.000331672 0.0018696 0.00017517 0.000238185 -0.00441971 0.000276423 0.00215879 0.000147455 -8.28747e-06 -0.000574695 -0.00258666 -0.000254384 -0.002177 0.000403428
internal_weight=2.3975e+07 2.2144e+06 2.17606e+07 2.1361e+07 173933 2.11871e+07 1.35853e+06 1.98285e+07 1.667e+07 7.01682e+06 963679 6.05314e+06 921979 9.6532e+06
internal_count=35311 382 34929 34847 270 34577 319 34258 28883 12135 314 11821 2323 16748
is_linear=0
shrinkage=0.05


Tree=115
num_leaves=15
num_cat=0
split_feature=0 7 26 9 3 17 23 23 25 17 17 0 23 11
split_gain=2612.85 3591.42 1607.86 1292.79 1285.01 1076.72 895.963 1757 1431.94 1544.95 1252.16 1160.65 2344.1 1837.92
threshold=16.846705175829062 16.984761516005801 0.25000000000000017 0.15399664588643799 16.691666025947082 0.20745471349918651 -1.0000000180025095e-35 1.2217472174589452 -0.5 0.31408482136343246 0.051978863781600708 15.671123781704924 5.4286142290767812 0.029668056121176102
decision_type=2 2 2 2 2 2 8 8 2 2 2 2 8 2
left_child=1 4 5 -4 6 -2 -1 8 9 10 -8 -9 13 -13
right_child=2 -3 3 -5 -6 -7 7 11 -10 -11 -12 12 -14 -15
leaf_value=0.0030729422431703133 0.00059603524331299819 -0.0040567762341133821 0.0006938780773686179 -0.0016100861562293473 0.0012343308895855195 0.003618245856255229 -0.009546165248528457 0.00010526780491605227 -0.00060929798150327077 -0.0023768115297772138 0.0010838212108426094 0.0012357887551757468 0.004427400166877711 -0.0025718396479602057
leaf_weight=3112524.0696063042 588575.38208007812 170546.48095703125 563061.4306640625 560149.32421875 604789.1455078125 1017221.3759765625 470148.99629592896 12987290.986687183 1454714.0763163567 76911.705139160156 146420.95257568359 1011256.3149414062 499455.57775878906 447495.89794921875
leaf_count=5340 110 33 100 103 141 182 922 25355 2133 34 81 311 162 143
internal_value=0.000351538 0.000162242 0.0018069 0.000355774 0.000221461 0.00282193 0.000153488 1.14155e-05 -0.00132566 -0.00319534 -0.00236182 0.0002036 0.00133834 0.000326089
internal_weight=2.37106e+07 2.09816e+07 2.72901e+06 1.12321e+06 2.0811e+07 1.6058e+06 2.02062e+07 1.70937e+07 2.1482e+06 693482 616570 1.49455e+07 1.95821e+06 1.45875e+06
internal_count=35150 34655 495 203 34622 292 34481 29141 3170 1037 1003 25971 616 454
is_linear=0
shrinkage=0.05


Tree=116
num_leaves=15
num_cat=0
split_feature=0 10 23 0 7 14 10 19 19 24 18 6 1 14
split_gain=1548.49 1713.08 1656.1 1639.02 1883.32 1439.71 1424.68 1905.79 2910.29 1815.84 2800.48 2398.3 2557.68 1592.35
threshold=14.742370668645821 0.082746278235360265 6.7582366309950865 17.153843914118731 17.114749279343759 2.3687679518719835 -0.027175518119125944 0.038131311719641459 0.014367283444524951 5.3140313342831904 0.75196990740825687 16.604429800222857 16.275843258113319 1.9746441564863255
decision_type=2 2 10 2 2 10 2 2 2 10 10 2 2 10
left_child=-1 2 3 4 6 -3 7 8 -2 10 11 12 13 -8
right_child=1 5 -4 -5 -6 -7 9 -9 -10 -11 -12 -13 -14 -15
leaf_value=-0.00019664677253753435 0.00029528001004232952 0.0026387660694563867 0.0080044417634361782 0.0014905867701719541 -0.0011981511836046189 -0.00061879845740645456 0.0016586649791234518 0.0038909292748498026 -0.001617498891418217 0.0027470924867727528 -0.0042386208892170344 0.0010971266097429024 -0.00093141403915659559 -0.0025169241939440434
leaf_weight=13696036.487082243 2270292.6114501953 2952590.3559570312 366241.76281738281 946708.72998046875 389388.14111328125 440259.07470703125 275920.35534667969 412350.43310546875 557555.39147949219 262021.20581054688 369322.68957519531 451726.73559570312 258304.20068359375 401530.03784179688
leaf_count=31847 800 1214 134 150 70 146 134 148 189 91 156 97 71 182
internal_value=0.000268311 0.000729738 0.000280749 9.90145e-05 -0.000223684 0.00165096 2.47488e-05 0.000674339 0.00021129 -0.00101784 -0.00159696 -0.00056701 -0.00201133 -0.000397202
internal_weight=2.40502e+07 1.03542e+07 6.96136e+06 6.59512e+06 5.64841e+06 3.39285e+06 5.25902e+06 3.2402e+06 2.82785e+06 2.01883e+06 1.7568e+06 1.38748e+06 935755 677450
internal_count=35429 3582 2222 2088 1938 1360 1868 1137 989 731 640 484 387 316
is_linear=0
shrinkage=0.05


Tree=117
num_leaves=15
num_cat=0
split_feature=24 24 3 9 26 17 2 1 4 3 11 8 0 2
split_gain=1737.77 2897.12 2856.36 2813.12 2493.82 3014.74 2388.6 2066.04 1756.25 1913.91 1735.41 3420.96 1723.4 1651.53
threshold=0.80042292159832307 2.6833875349298704 14.60063984447711 0.14408993956811442 0.6830127018922193 0.11989842582786801 14.837156022801311 16.275843258113319 17.017299882291177 16.537870894875581 0.0064020624786324505 0.12460012248063866 16.273039820797113 16.401501956730314
decision_type=8 10 2 2 2 2 2 2 2 2 2 2 2 2
left_child=7 3 6 4 5 -2 -3 12 9 13 -4 -12 -1 -5
right_child=1 2 10 8 -6 -7 -8 -9 -10 -11 11 -13 -14 -15
leaf_value=0.0015098850966192687 -0.0007968212140601655 0.0006528650872131206 0.0037812601651411428 -0.00049461927601480808 -2.6093474023860761e-05 -0.0042421910515822127 -0.0087833686573621575 0.0014426311207731465 -0.00058029322458965759 0.0012104098502008394 -0.0018653890056761929 0.0016813989874350892 -0.0024851146113040829 -0.0026725694965709793
leaf_weight=3548269.6973428726 258212.75110626221 5092080.4381866455 1642998.2044067383 7803466.1388237476 234769.68766784668 229507.73779296875 172242.50042724609 1333977.4125976562 824049.42822265625 629860.79028320312 305555.03479003906 1520692.2421264648 109917.79833984375 182582.32958984375
leaf_count=6589 137 13607 629 12712 89 87 105 288 142 139 97 618 33 50
internal_value=0.000201217 -1.79794e-05 0.000649859 -0.000591917 -0.00359892 -0.00563701 -8.41927e-05 0.00103091 -0.000361775 -0.000150862 0.00176373 0.000703029 0.000416669 -0.000360146
internal_weight=2.38882e+07 1.8896e+07 8.73357e+06 1.01624e+07 722490 487720 5.26432e+06 4.99216e+06 9.43996e+06 8.61591e+06 3.46925e+06 1.82625e+06 3.65819e+06 7.98605e+06
internal_count=35322 28412 15056 13356 313 224 13712 6910 13043 12901 1344 715 6622 12762
is_linear=0
shrinkage=0.05


Tree=118
num_leaves=15
num_cat=0
split_feature=0 27 3 18 24 22 0 16 24 24 25 16 14 0
split_gain=2133.55 2149.21 2148.41 2323.72 1714.62 1102.27 1805.06 2938.23 1063.14 1236.91 1936.32 1280.08 1042.12 1097.14
threshold=15.671123781704924 1.5000000000000002 15.474442394707193 0.71048154543788966 0.18163509864909802 19.630753430190442 17.419860989426706 18.407908271991452 0.88970295594175008 2.6833875349298704 -0.5 16.994388566398658 2.6761871755968305 13.080998894138029
decision_type=2 2 2 10 10 2 2 2 10 10 2 2 8 2
left_child=2 -2 12 -4 -3 6 7 8 -6 10 -10 -12 13 -1
right_child=1 4 3 -5 5 -7 -8 -9 9 -11 11 -13 -14 -15
leaf_value=-0.0042500460457470723 -0.0015237320768331918 -0.00050657083752295065 -0.0059994226516583713 -0.00080096008792053921 0.0031572018466178723 -0.00035054855314104166 0.0034199219544391139 -0.00066256432782042926 0.0016279834264800376 0.0016731149267679227 -0.0015418241892869132 0.00018361114408720804 0.0056844448263793203 0.00072804704753660346
leaf_weight=6075032.5116494894 574147.08093261719 773421.07836914062 378391.66430664062 538332.79760742188 668837.96362304688 523795.59655761719 620147.29833984375 625475.03515625 406361.40759277344 1319070.6278076172 463362.56689453125 519597.04150390625 958080.91347813606 9285544.6885681152
leaf_count=18704 136 194 167 219 173 119 90 137 118 389 146 109 6784 7730
internal_value=0.000228472 0.00100084 -6.25523e-05 -0.00241782 0.0012841 0.00161397 0.00186028 0.00147138 0.00205437 0.00161352 0.000572365 -0.000627813 6.97584e-05 -3.00308e-05
internal_weight=2.37296e+07 6.49422e+06 1.72354e+07 916724 5.92007e+06 5.14665e+06 4.62285e+06 4.0027e+06 3.37723e+06 2.70839e+06 1.38932e+06 982960 1.63187e+07 1.53606e+07
internal_count=35215 1611 33604 386 1475 1281 1162 1072 935 762 373 255 33218 26434
is_linear=0
shrinkage=0.05


Tree=119
num_leaves=15
num_cat=0
split_feature=0 7 18 10 3 15 19 8 17 17 23 2 23 11
split_gain=2192.43 2468.99 1885.59 3431.4 1462.71 1192.07 1124.04 1670.69 1754.82 1101.93 894.068 927.452 837.153 1695.08
threshold=16.684754232979486 16.807051060811158 0.34334564190055755 -0.020904670007782348 16.537870894875581 19.481300746944999 -0.031869132652534493 0.37404666044714835 0.039834584320920761 0.35606061239567061 8.9503191493707508 12.999998087678845 6.9575763188586714 0.16772982343911821
decision_type=2 2 10 2 2 2 2 2 2 2 8 2 8 2
left_child=1 4 9 -4 5 6 7 -1 10 -2 11 -9 13 -8
right_child=2 -3 3 -5 -6 -7 12 8 -10 -11 -12 -13 -14 -15
leaf_value=0.0027765205338146949 0.0017473975401890341 -0.0025760009639733319 -0.00066035930856655654 0.0012084739928841716 0.0023214334209256996 -0.0014825889419509295 0.00011961626193410852 -0.002418602503101267 -0.011666707027168995 0.00024462159705205882 -0.015698391751882215 0.010920832463112092 0.0033528661827782885 -0.0032972964250793028
leaf_weight=1574248.6463354826 883782.30126953125 176820.35498046875 580578.07373046875 1129538.61328125 577138.60986328125 69762.284393310547 10920422.609052777 665554.91168141365 199337.36613464355 768582.87866210938 62467.626045227051 453942.40441894531 1709194.8400969505 4059638.6170387268
leaf_count=1641 172 37 100 214 149 78 17795 2706 177 148 138 443 3501 7913
internal_value=0.000290852 9.64728e-05 0.0014741 0.00031023 0.000147735 7.51011e-05 9.82704e-05 0.000997017 -0.000272069 0.00267865 0.0004598 0.00078464 -6.08913e-05 -0.000180508
internal_weight=2.3831e+07 2.04685e+07 3.36248e+06 1.71012e+06 2.02917e+07 1.97146e+07 1.96448e+07 2.95555e+06 1.3813e+06 1.65237e+06 1.18196e+06 1.1195e+06 1.66893e+07 1.49801e+07
internal_count=35212 34578 634 314 34541 34392 34314 5105 3464 320 3287 3149 29209 25708
is_linear=0
shrinkage=0.05


Tree=120
num_leaves=15
num_cat=1
split_feature=27 19 0 20 17 19 3 19 29 8 20 0 25 0
split_gain=2269.82 1986.85 1619.68 1622.94 1546.81 1393.14 2468.82 2254.95 3539.53 1699.84 1863.65 1826.42 1574.51 3533.87
threshold=1.5000000000000002 0.024878563584934604 16.846705175829062 -0.04606064205228954 0.39233366882668819 0.022226864345365301 16.537870894875581 0.023269345272802205 0 0.096489678386156755 0.0021414117801414503 14.173536851574161 -0.5 16.533265774342059
decision_type=2 2 2 8 2 2 2 2 1 2 10 2 2 2
left_child=1 2 3 -1 -5 6 12 8 -7 10 -9 -11 13 -2
right_child=5 -3 -4 4 -6 7 -8 9 -10 11 -12 -13 -14 -15
leaf_value=0.0046054855084034646 -7.4687755689732536e-05 0.0023600642128373491 -0.0016395591879564088 -0.0045310745627826082 0.0039663266134745976 -0.013333689471136634 0.0015074065184024837 4.7421687164356035e-05 0.0017287521690029584 -0.0029593266301965416 -0.0052652486043859026 0.0011509293309770689 0.0019256807370362273 -0.019304117258996143
leaf_weight=118139.25003147125 4592174.4667602777 168130.18296468258 167942.26220703125 1592831.0610738993 82838.210754394531 84171.150777339935 2518130.7062988281 176221.51061487198 102233.87152957916 2699781.3504180908 187634.15183830261 2904385.4971923828 8415194.2151880264 124400.71313476562
leaf_count=182 8060 247 30 2671 39 97 493 148 168 7251 89 1290 14506 34
internal_value=0.000303379 -0.00125456 -0.00170163 -0.00126203 -0.00166137 0.00045556 0.000706191 -0.000181761 -0.00559717 -1.26159e-05 -0.0033243 0.000202398 0.000431189 -0.000300117
internal_weight=2.39342e+07 2.12988e+06 1.96175e+06 1.79381e+06 1.67567e+06 2.18043e+07 1.56499e+07 6.15443e+06 186405 5.96802e+06 363856 5.60417e+06 1.31318e+07 4.71658e+06
internal_count=35305 3169 2922 2892 2710 32136 23093 9043 265 8778 237 8541 22600 8094
cat_boundaries=0 1
cat_threshold=1
is_linear=0
shrinkage=0.05


Tree=121
num_leaves=15
num_cat=0
split_feature=20 9 19 1 4 20 15 16 8 14 24 20 1 19
split_gain=1637.36 3882.37 2004.24 2988.2 1884.11 1151.82 1139.69 2311.01 1610.62 2759.1 3190.57 4175.01 1963.14 1860.08
threshold=-0.081572427356806532 0.17872418023876313 -0.018468429717034846 17.156634566241113 16.049916458677085 0.021739666403418501 19.261483453064301 16.835199525319418 0.12904521778639408 1.4989950030858656 0.53553793161880658 0.0059417211302317009 16.997225798689893 0.012644651757098852
decision_type=8 2 2 2 2 10 2 2 2 10 10 10 2 2
left_child=1 -1 4 6 5 -2 8 -8 9 -4 -11 13 -10 -12
right_child=2 -3 3 -5 -6 -7 7 -9 12 10 11 -13 -14 -15
leaf_value=-0.0046401208485839394 0.0012661242608830239 0.0050909247823763002 0.0034242213660992688 -0.00040721318122853838 0.0018811907594339925 -0.0077805630344346469 0.00043420910500912993 0.0021981510561360829 -9.1648689988307403e-05 0.00023975725498855133 -0.00012771573164000491 -0.0048906152288986007 0.0042046192649338125 -0.0062409764528678123
leaf_weight=67206.971664428711 5076459.1060601473 119608.64663219452 240651.76964795589 1142647.3857421875 1521955.5280761719 159574.77596187592 3320796.9457473755 340976.34240722656 10961181.379005432 385021.24815368652 221467.96945607662 167088.42803382874 192554.318359375 135443.69386863708
leaf_count=23 9375 244 424 186 339 214 3659 99 20227 158 171 127 38 107
internal_value=0.000116696 -0.00454606 0.000153195 -0.000134789 0.000882224 0.000432119 4.19967e-05 0.000816356 -0.00018847 -0.00197034 -0.00323065 -0.00576983 -4.80314e-06 -0.00271613
internal_weight=2.40526e+07 186816 2.38658e+07 1.71078e+07 6.75799e+06 5.23603e+06 1.59652e+07 3.66177e+06 1.23034e+07 1.14967e+06 909021 524000 1.11537e+07 356912
internal_count=35391 267 35124 25196 9928 9589 25010 3758 21252 987 563 405 20265 278
is_linear=0
shrinkage=0.05


Tree=122
num_leaves=15
num_cat=1
split_feature=24 28 9 22 19 5 1 20 25 10 22 24 15 0
split_gain=2249.34 2166.32 3252.02 2125.76 1513.47 2852.36 1864.02 1432.75 1545.24 1528.73 1424.13 1312.64 1307.64 3387.65
threshold=0.80042292159832307 0 0.17872418023876313 18.655332724125884 -0.018468429717034846 16.960881889764313 16.686730721057785 0.034533790739938862 -0.5 -0.020904670007782348 21.051425057064606 -0.04553885756598159 19.234941184331863 17.419860989426706
decision_type=8 1 2 2 2 2 2 10 2 2 2 10 2 2
left_child=3 2 -2 7 5 6 -3 -1 9 -9 -4 -10 13 -6
right_child=1 4 10 -5 12 -7 -8 8 11 -11 -12 -13 -14 -15
leaf_value=0.0017803926727126347 -0.00071008892393483857 0.001253984754077603 -0.0031838981509342483 0.0018600638169480516 -0.00033805734357714851 0.0021769138262000827 -0.0010934738179578024 -0.031121237306439311 -0.0069931185551953094 -0.0012926475576759905 -0.099036316004675107 0.0031020583927477072 0.0017113390316378808 -0.0044150823840361465
leaf_weight=2823641.4903330803 184096.38003540039 4380150.7185009718 1385412.1661201715 1458001.0923919678 7876921.0348151922 396805.28369140625 254954.04833984375 92147.963925361633 147701.048869133 167322.96514415741 73922.016586303711 254323.13116836548 4145560.5398674011 212867.27685546875
leaf_count=5463 133 7034 3569 595 13370 65 58 152 222 137 176 364 3960 33
internal_value=0.000284585 3.63485e-05 -0.0016983 0.00123425 0.000201447 0.000931387 0.000583078 0.000563602 -0.00153093 -0.00453899 -0.000908332 0.000410512 -9.87483e-05 -0.000468771
internal_weight=2.38538e+07 1.89107e+07 1.64343e+06 4.94314e+06 1.72673e+07 5.03191e+06 4.6351e+06 3.48514e+06 661495 259471 1.45933e+06 402024 1.22353e+07 8.08979e+06
internal_count=35331 28398 3878 6933 24520 7157 7092 6338 875 289 3745 586 17363 13403
cat_boundaries=0 1
cat_threshold=152
is_linear=0
shrinkage=0.05


Tree=123
num_leaves=15
num_cat=1
split_feature=27 4 24 9 27 4 20 28 9 24 14 11 21 16
split_gain=1688.42 3573.46 1287.77 2407.9 1387.24 3156.14 1516.03 1312.55 2502.82 1327.41 2412.02 3238.79 4223.42 1620.84
threshold=1.5000000000000002 17.017299882291177 0.80042292159832307 0.14963904423856059 8.5000000000000018 17.017299882291177 0.051175608101022757 0 0.17872418023876313 1.2771739641164903 2.3605958934882918 0.019965365044892953 10.964230917622825 18.369372682749788
decision_type=2 2 8 2 2 2 10 1 2 10 10 2 10 2
left_child=1 -1 3 -2 -5 6 -6 8 -4 10 -9 12 -12 -11
right_child=2 -3 7 4 5 -7 -8 9 -10 13 11 -13 -14 -15
leaf_value=-0.0015682847187397449 0.0017825036807284107 -0.0024818174310146622 -0.0011134112759561637 0.0024179747142224865 0.00033451302577673685 -0.0053513077948966273 -0.021399589227161425 -2.7875258339759415e-05 -0.0035306087362645547 0.00028978051196973381 -0.0047676270776728993 0.00095247540000682632 -0.0050559849138721337 0.00056776003324798894
leaf_weight=2008659.0093035698 822495.8498840332 118010.447265625 152829.10079956055 2387751.5004072189 1167767.7360634804 94895.58154296875 89382.419724464417 2177557.9084224701 1319076.4408023357 12250941.435585737 189646.21477890015 168574.08672332764 112705.81329345703 855294.94799804688
leaf_count=3159 277 20 116 3861 2044 17 127 2698 3371 18740 364 313 28 266
internal_value=0.000189838 -0.0011549 0.000321089 0.00106802 0.000529327 -0.000750408 -8.66928e-05 0.000123272 -0.00130461 0.000256674 -0.000764282 -0.00400895 -0.00710511 0.000462988
internal_weight=2.39156e+07 2.12667e+06 2.17889e+07 4.56229e+06 3.7398e+06 1.35205e+06 1.25715e+06 1.72266e+07 1.47191e+06 1.57547e+07 2.64848e+06 470926 302352 1.31062e+07
internal_count=35401 3179 32222 6326 6049 2188 2171 25896 3487 22409 3403 705 392 19006
cat_boundaries=0 1
cat_threshold=152
is_linear=0
shrinkage=0.05


Tree=124
num_leaves=15
num_cat=0
split_feature=26 14 14 17 8 18 20 9 14 5 21 23 3 17
split_gain=1529.94 2404.9 2050.4 3076.15 1842.07 2241.27 1536.35 1456.23 1260.2 2345.43 1714.81 3196.02 1374.92 1191.92
threshold=-0.5 2.1643424934021125 1.9910721637153699 0.22590751642309662 0.064852118826147817 0.31498853350358708 -0.068664897351532084 0.22873494940835284 1.5547482278428995 16.625604377944345 10.470596507890082 1.8140463560826752 16.401501956730314 0.016165148012919402
decision_type=2 8 10 2 2 10 8 2 10 2 10 10 2 2
left_child=1 2 6 7 5 -2 -1 -4 9 12 11 -10 13 -8
right_child=4 -3 3 -5 -6 -7 8 -9 10 -11 -12 -13 -14 -15
leaf_value=-0.009046429494597925 9.6490806810452144e-07 0.0035514984590029452 -0.0051656329868165016 -0.011598091167179601 -1.6319069943632257e-05 -0.0024303895207111307 0.0036001334203757253 0.002956560009681748 -0.014772927086103706 -0.0029508942584243196 0.0021727087098871965 0.0037539228514194452 0.0069694442275915827 -0.001340545594410924
leaf_weight=81637.203895568848 103342.15840780735 2079983.9988749027 71240.941558837891 76411.664733886719 15735319.513406634 171804.33065795898 2311888.0470477343 229744.07555580139 79066.911331176758 225698.47631835938 912339.0600438118 178087.22313213348 161090.263671875 1525729.8199920654
leaf_count=97 254 4051 46 25 23243 72 4433 422 123 41 700 369 45 1392
internal_value=0.00019938 0.000767185 0.000248212 -0.00331644 -8.1958e-05 -0.00413777 0.000493902 -0.00104195 0.00059694 0.000194821 0.00204946 -0.00155683 0.000474721 0.000284765
internal_weight=2.39434e+07 7.93292e+06 5.85293e+06 377397 1.60105e+07 275146 5.47554e+06 300985 5.3939e+06 4.22441e+06 1.16949e+06 257154 3.99871e+06 3.83762e+06
internal_count=35313 11744 7693 493 23569 326 7200 468 7103 5911 1192 492 5870 5825
is_linear=0
shrinkage=0.05


Tree=125
num_leaves=15
num_cat=0
split_feature=0 11 23 14 23 16 14 23 16 24 0 11 14 12
split_gain=2283.28 1928.93 3084.75 2328.25 1949.45 2401.01 2088.59 1453.84 958.921 931.02 1155.99 1414.57 1844.66 766.144
threshold=15.555951471921672 0.0064020624786324505 4.8593148467407357 1.4120000803169366 0.7070285470886476 18.407908271991452 1.601707050568409 2.52628242779662 18.52807987505204 2.4548095692014305 16.994451200594245 -0.17029959916069606 2.251535141066892 7.5000000000000009
decision_type=2 2 10 10 8 2 10 8 2 10 2 2 10 2
left_child=8 3 4 -2 -3 6 7 -6 13 10 11 -5 -13 -1
right_child=1 2 -4 9 5 -7 -8 -9 -10 -11 -12 12 -14 -15
leaf_value=0.0061709345401378809 -0.00065230333948348518 0.00080777526216219272 0.003368485959441456 0.003087232158343597 0.00034987584851207596 0.0010273583085010356 -0.0008368345909362864 -0.00087608183755529759 0.0058248642400728443 0.0029135753872039124 0.00080016083503998796 0.00037897440359341956 -0.0011022122726268146 -0.00018478102751927084
leaf_weight=334993.84394788742 482548.07983398438 761168.29748535156 696278.72692871094 380755.56921386719 399191.71997070312 544979.6298828125 568907.72204589844 468825.76232910156 134125.66329956055 992776.33532714844 611414.533203125 560969.78051757812 460139.59729003906 16512386.552508831
leaf_count=3059 158 206 198 109 111 94 132 126 151 255 110 150 118 30371
internal_value=0.000307481 0.00107246 0.000232203 0.00190086 -0.000522219 -0.00134827 -0.00242003 -0.000876782 -4.60798e-06 0.00241838 0.00180047 0.00100923 3.93534e-05 -3.81325e-05
internal_weight=2.39095e+07 6.92796e+06 3.43935e+06 3.4886e+06 2.74307e+06 1.9819e+06 1.43693e+06 868017 1.69815e+07 3.00606e+06 2.01328e+06 1.40186e+06 1.02111e+06 1.68474e+07
internal_count=35348 1767 867 900 669 463 369 237 33581 742 487 377 268 33430
is_linear=0
shrinkage=0.05


Tree=126
num_leaves=15
num_cat=1
split_feature=27 4 28 21 7 4 2 22 22 24 14 9 23 2
split_gain=1499.37 2317.48 1258.4 1125.41 2235.49 2362.12 1735.59 1550.96 1452.25 1627.1 1498.76 4408.09 1332.9 1431.39
threshold=1.5000000000000002 17.017299882291177 0 10.51164041634174 16.984761516005801 16.554399131064109 16.688037161790731 19.630753430190442 19.600808566351393 2.1287889848007757 2.494457182281526 0.17872418023876313 0.73882932105507859 13.108698250251562
decision_type=2 2 1 10 2 2 2 2 2 10 10 2 10 2
left_child=1 -1 -2 4 5 6 -4 8 10 -10 12 -12 13 -5
right_child=2 -3 3 7 -6 -7 -8 -9 9 -11 11 -13 -14 -15
leaf_value=-0.0014553993134598197 0.001624381969901798 -0.0021785180301980484 -0.00027640270882104095 -0.0080214768871006061 -0.00064606662079900112 0.0030418206133013218 -0.24242436338372786 -0.010185259596791623 -0.0011931798780801329 0.0046502569034781371 -0.0054915148216400332 -0.0032403967581557907 0.0001112339265947616 0.0026065833329503717
leaf_weight=2038783.2738553286 3321010.3111906052 145359.748046875 9799673.1378135681 277623.18200922012 265690.30908203125 367503.57421875 91630.797607421875 129414.28384399414 276876.51867675781 500551.28857421875 43741.1005859375 210577.41896486282 5373656.3505606651 967235.99426269531
leaf_count=3163 7875 24 16013 733 51 93 24 51 99 212 15 862 5613 546
internal_value=0.000124528 -0.00112398 0.000250627 8.81618e-05 -0.000248916 -0.000131644 -0.000277888 0.000544167 0.000635989 0.00268427 0.000404295 -0.00336239 0.000549031 0.00202326
internal_weight=2.38093e+07 2.18414e+06 2.16252e+07 1.83042e+07 1.05245e+07 1.02588e+07 9.8913e+06 7.77968e+06 7.65026e+06 777428 6.87283e+06 254319 6.61852e+06 1.24486e+06
internal_count=35374 3187 32187 24312 16181 16130 16037 8131 8080 311 7769 877 6892 1279
cat_boundaries=0 1
cat_threshold=513
is_linear=0
shrinkage=0.05


Tree=127
num_leaves=15
num_cat=1
split_feature=0 15 5 0 29 4 0 4 20 10 2 21 6 7
split_gain=1628.27 1509.44 1292.79 2476.18 1408.52 2654.4 1618.09 2122.3 1425.19 1343.58 2146.02 1548.7 1446.56 1419.41
threshold=17.419860989426706 19.481300746944999 17.130850056497454 16.994451200594245 0 17.179119157328174 16.846705175829062 16.554399131064109 -0.081572427356806532 -0.076373282001722595 15.930207739512172 7.758850403512465 16.095743013269477 16.110960638906878
decision_type=2 2 2 2 1 2 2 2 8 2 2 8 2 2
left_child=1 2 3 4 8 6 7 -6 -1 12 11 -11 13 -10
right_child=-2 -3 -4 -5 5 -7 -8 -9 9 10 -12 -13 -14 -15
leaf_value=-0.003027294817142861 0.001683804160733833 -0.0023865590720576614 -0.00045520070984520275 0.0017186206003773543 -0.00044610108428532114 -0.008878084261112508 -0.0047965288535010298 0.00097605118447270211 0.00014752993815313599 0.0077726139561903832 0.0017784720429385083 0.00028420776799282458 -0.00053170064781998068 0.0023467171797747488
leaf_weight=96277.968326568604 818402.294921875 66301.732360839844 813847.46142578125 617169.29663085938 8528363.7290856838 92130.647216796875 83451.5244140625 199072.55078125 4020161.912011981 761656.48594653606 1901198.6728515625 5049614.0744274855 696843.95385742188 155381.30639648438
leaf_count=88 119 70 148 125 16644 18 17 47 7411 1569 523 8372 174 47
internal_value=0.000297692 0.00021998 0.000241682 0.00031343 0.000224139 -0.000257912 -0.00016963 -0.000103372 0.000562572 0.000608935 0.00101957 0.000542511 -4.1049e-05 0.000310899
internal_weight=2.38999e+07 2.30815e+07 2.30152e+07 2.22013e+07 2.15842e+07 8.90302e+06 8.81089e+06 8.72744e+06 1.26811e+07 1.25849e+07 7.71247e+06 5.81127e+06 4.87239e+06 4.17554e+06
internal_count=35372 35253 35183 35035 34910 16726 16708 16691 18184 18096 10464 9941 7632 7458
cat_boundaries=0 1
cat_threshold=9
is_linear=0
shrinkage=0.05


Tree=128
num_leaves=15
num_cat=0
split_feature=26 16 16 24 23 17 16 15 10 9 0 22 16 17
split_gain=1758.03 2199.26 2096.85 1380.57 1828.97 2157.87 3543.86 1987.63 1647.42 3167.3 1927.43 1574.36 3738.64 1911.39
threshold=-0.5 16.530118097968444 18.650510177953056 0.48034932442572503 3.4362486925359508 0.22590751642309662 18.114578210008297 17.962361561919668 -0.20736950090862202 0.24062516528983027 15.469354322107636 19.577528614108676 18.407908271991452 0.11989842582786801
decision_type=2 2 2 8 10 2 2 2 2 2 2 2 2 2
left_child=1 -1 3 -2 5 11 -7 -8 9 -6 -10 12 13 -5
right_child=2 -3 -4 4 8 6 7 -9 10 -11 -12 -13 -14 -15
leaf_value=0.00030708796807146104 0.0010279759136482527 0.0019974533169981718 -0.00053971092041772467 -0.00094702253269337623 -0.075603527035798868 -0.0055268900460937534 0.0013167745638498281 -0.0012543236202509328 0.001313643267303772 -0.00058840105546243305 0.0044211890304642117 0.0030673315510825181 -0.0045716261990037879 0.0049662062485878412
leaf_weight=5155609.8644020557 2337401.3020043373 2754523.7051506042 283468.63635253906 6218196.9797549248 54227.213409423828 299042.26794433594 417490.78381347656 483459.03344726562 2813695.0332574844 1161095.3751493692 816395.73364257812 573249.76357078552 105371.94583129883 383991.65454101562
leaf_count=10163 3326 1512 99 9958 38 178 140 85 6008 2889 253 378 51 190
internal_value=0.000169618 0.000779045 -0.000132673 -5.55433e-05 -0.000252136 -0.000694894 -0.00265945 -0.00109402 0.000522813 -0.00107057 0.00105626 -0.000371104 -0.000586046 -0.000436917
internal_weight=2.38572e+07 7.91013e+06 1.59471e+07 1.56636e+07 1.33262e+07 8.4808e+06 1.19999e+06 900950 4.84541e+06 1.21532e+06 3.63009e+06 7.28081e+06 6.70756e+06 6.60219e+06
internal_count=35268 11675 23593 23494 20168 10980 403 225 9188 2927 6261 10577 10199 10148
is_linear=0
shrinkage=0.05


Tree=129
num_leaves=15
num_cat=1
split_feature=5 15 19 0 3 15 17 15 0 29 6 17 0 15
split_gain=1428.17 3508.95 1845.03 1376.44 1587.31 1262.43 2970.68 1284.4 1900.59 1130.5 1347.96 1420.8 2059.39 1125.9
threshold=16.960881889764313 18.320843101700735 -0.010786498609322749 16.994451200594245 17.169510099143395 19.419154166034748 0.023017622458071655 19.255681931610429 14.554374911229198 0 15.947394267288711 0.082412604726502872 15.030715562990705 19.250863594461013
decision_type=2 2 2 2 2 2 2 2 2 1 2 2 2 2
left_child=3 -2 -3 4 5 7 -7 9 -9 13 11 12 -11 -1
right_child=1 2 -4 -5 -6 6 -8 8 -10 10 -12 -13 -14 -15
leaf_value=0.00043172269988408206 0.0015520301729832532 -0.00059966996725881563 0.00019896998754831064 0.0020342014050057301 -0.0014435686557386024 -0.00025798293448533105 -0.0026734274547426081 0.00031188453852844841 0.0030987794166139142 -0.0024469491739183657 -0.0084536183686151328 0.010695184577131499 -0.012836246420244602 -0.0034754068026459327
leaf_weight=11419219.86603272 836515.93798828125 640612.78466796875 868355.34521484375 147591.82250976562 126626.962890625 576321.53061676025 191845.98120117188 2628807.5399780273 2101016.1992797852 3674662.0242972374 54631.97314453125 230155.13873291016 293672.36572265625 93195.969535827637
leaf_count=18454 161 104 142 32 25 735 56 4120 908 10230 19 91 144 70
internal_value=0.000315601 0.00148725 4.73244e-05 0.000188007 0.000154805 0.000188043 -0.00180197 0.000262629 0.000985271 4.58285e-05 -0.000650767 -0.00054923 -0.000770741 0.000303177
internal_weight=2.38832e+07 2.34548e+06 1.50897e+06 2.15377e+07 2.13902e+07 2.12635e+07 768168 2.04954e+07 4.72982e+06 1.57655e+07 4.25312e+06 4.19849e+06 3.96833e+06 1.15124e+07
internal_count=35291 407 246 34884 34852 34827 791 34036 5028 29008 10484 10465 10374 18524
cat_boundaries=0 1
cat_threshold=57
is_linear=0
shrinkage=0.05


Tree=130
num_leaves=15
num_cat=0
split_feature=27 4 19 6 21 8 1 16 24 19 17 22 6 4
split_gain=1727.11 2960.79 2079.05 2122.31 1410.47 1858.72 1588.37 1500.06 1320.37 3333.93 2498.52 1731.56 1694.69 1750.4
threshold=1.5000000000000002 17.017299882291177 -0.018468429717034846 15.148430637922891 11.048277798141749 0.10986439182877221 13.935316517088951 18.650510177953056 0.82582797440728506 -0.016407059656580947 0.66050347867193426 18.655332724125884 17.353540390897464 17.017299882291177
decision_type=2 2 2 2 10 2 2 2 8 2 2 2 2 2
left_child=1 -1 3 -2 7 -6 -7 8 9 -4 12 -11 13 -10
right_child=2 -3 4 -5 5 6 -8 -9 10 11 -12 -13 -14 -15
leaf_value=-0.0014759998576532425 0.0015817457404195328 -0.0021365010258421967 -0.0053452781698960228 0.002252988394325855 -0.00097968320739525165 -0.0009969182768538047 0.0043158417720626984 -0.0007522036399265253 -9.0126137607319783e-05 0.00048989946711837818 -0.00088965834921983153 0.0016563729560947729 0.002751982101365489 -0.00064860618506308631
leaf_weight=1977173.546202898 3705423.4346635342 133831.99853515625 123853.67126274109 2017306.4952392578 237394.33848571777 435042.34972119331 830697.09674072266 139934.75375366211 10396557.048818111 2294202.1587953568 99541.22265625 861807.00503540039 156630.640625 433871.19140625
leaf_count=3175 7916 22 162 596 72 1205 324 56 17404 4001 47 338 23 82
internal_value=0.000286253 -0.00107913 0.000418882 0.00123685 0.000126492 0.00158445 0.0023459 -2.4579e-05 2.56012e-05 0.000906881 -0.000235117 0.00122268 -0.000163672 -0.000238349
internal_weight=2.38433e+07 2.11101e+06 2.17323e+07 5.72273e+06 1.60095e+07 1.50313e+06 1.26574e+06 1.45064e+07 1.43665e+07 3.27986e+06 1.10866e+07 3.15601e+06 1.09871e+07 1.08304e+07
internal_count=35423 3197 32226 8512 23714 1601 1529 22113 22057 4501 17556 4339 17509 17486
is_linear=0
shrinkage=0.05


Tree=131
num_leaves=15
num_cat=1
split_feature=7 6 24 24 4 10 19 1 28 4 6 1 11 20
split_gain=2565.2 1976.96 1170.94 1240.44 2551.39 2380.59 2198.53 2157.95 1448.87 1322.06 1374.54 1200.18 1189.25 1166.91
threshold=17.375687477891912 17.353540390897464 0.80042292159832307 1.2771739641164903 16.856164222692549 0.057731396464125909 0.020977209751282453 14.17554127362188 0 16.168471743006108 16.804439504542483 14.486309892259852 0.24006949998173835 0.094421467364360259
decision_type=2 2 8 10 2 2 2 2 1 2 2 2 2 10
left_child=1 2 -1 4 5 6 8 12 -4 13 -11 -10 -8 -5
right_child=-2 -3 3 9 -6 -7 7 -9 11 10 -12 -13 -14 -15
leaf_value=0.00078573292569702417 0.0023158465137617522 -0.005449466086081791 0.0039208830787357775 0.00014397893769319206 -0.00079167516735388513 0.0037134822679309116 0.0023750029899663777 -0.004390629494056485 0.00052083488930232532 0.0020786126380335918 -1.2588312000447354e-05 -0.0034720102354562246 -0.02035266439516616 -0.01169831797136733
leaf_weight=4927427.3007678986 953137.0947265625 98669.984375 257112.97751331329 12566549.773168206 296888.09887695312 963989.89246940613 213562.30499076843 253011.09075927734 631371.80627441406 1414515.5834960938 817816.27099609375 306418.41320800781 51589.578394889832 113635.69971466064
leaf_count=6992 138 17 491 23222 57 1624 490 112 1144 383 168 144 152 212
internal_value=0.000354845 0.000249118 0.000279662 9.16504e-05 -0.000840755 -0.000353047 -0.00147154 -0.00419163 -0.000291989 0.000277596 0.00139963 -0.00120364 -0.00103967 8.00642e-05
internal_weight=2.38657e+07 2.29126e+07 2.28139e+07 1.78865e+07 2.97394e+06 2.67706e+06 1.71307e+06 518163 1.1949e+06 1.49125e+07 2.23233e+06 937790 265152 1.26802e+07
internal_count=35346 35208 35191 28199 4214 4157 2533 754 1779 23985 551 1288 642 23434
cat_boundaries=0 1
cat_threshold=41
is_linear=0
shrinkage=0.05


Tree=132
num_leaves=15
num_cat=0
split_feature=0 26 16 7 6 3 12 9 3 9 20 18 21 2
split_gain=2021.5 2801.2 2808.03 2622.91 1688.08 1258.97 678.763 859.932 1051.09 938.882 1679.19 2408.68 1623.44 3195.25
threshold=16.684754232979486 -0.5 18.369372682749788 16.807051060811158 17.129815940530211 16.691666025947082 7.5000000000000009 1.8392031900136552 12.623406983940372 0.24510150272431194 -0.0017940459138056498 0.47436460484201598 10.91322036490271 14.74651423346843
decision_type=2 2 2 2 2 2 2 2 2 2 8 10 10 2
left_child=3 -2 4 5 -3 6 -1 9 -9 10 11 -8 -12 -14
right_child=1 2 -4 -5 -6 -7 7 8 -10 -11 12 -13 13 -15
leaf_value=0.006140763890521852 0.0018457533375123216 0.0016341617674596632 -0.00045490226900582389 -0.00059993745163237477 -0.00024765438968147208 0.002865906851894663 -0.00061971941186550873 -0.022971932767229968 0.033048314358625347 0.001093380815362651 0.00041582083379186141 -0.0028784447105246048 0.0012638189915984146 -0.0058649748685570373
leaf_weight=334111.10325157642 1117864.6665039062 851933.01098632812 837657.6005859375 173065.90380859375 498044.58447265625 269818.40991210938 891862.42124938965 1978376.2351899147 543187.12896728516 13081731.942370176 2510994.2109222412 271076.92103004456 232133.72737121582 185954.5107421875
leaf_count=3061 211 187 145 36 84 68 765 8988 877 18251 2087 123 304 86
internal_value=0.00029744 0.00144476 0.00040429 0.000112191 0.00181538 0.000164448 0.000118746 8.08354e-05 -0.000781385 0.000207432 -0.000453575 -0.00206103 0.000184635 -0.00270014
internal_weight=2.37778e+07 3.3055e+06 2.18764e+06 2.04723e+07 1.34998e+06 2.02992e+07 2.00294e+07 1.96953e+07 2.52156e+06 1.71738e+07 4.09202e+06 1.16294e+06 2.92908e+06 418088
internal_count=35273 627 416 34646 271 34610 34542 31481 9865 21616 3365 888 2477 390
is_linear=0
shrinkage=0.05


Tree=133
num_leaves=15
num_cat=2
split_feature=29 3 1 19 20 11 15 5 0 28 11 14 24 18
split_gain=1307.51 1850.22 1937.58 1454.49 1249.25 1222.62 1422.63 1330.23 1026.07 920.883 2207.42 2034.03 1830.44 1536.54
threshold=0 15.809359978435861 15.398410027762599 -0.11381263375967689 0.074966768189202962 0.33081664125802229 19.211355620242706 11.10794699842153 15.258203301366658 1 -0.13830438816724025 2.494457182281526 1.5894288049463752 0.16547070237678113
decision_type=1 2 2 2 10 2 2 2 2 1 2 10 10 10
left_child=3 2 5 -1 9 6 7 -2 -9 10 -5 12 13 -12
right_child=1 -3 -4 4 -6 -7 -8 8 -10 -11 11 -13 -14 -15
leaf_value=-0.0051300250152551633 0.0061932606141038337 -0.0078852850548377477 0.0054228408964856383 0.0040305515891123972 0.0026221790680210481 -0.015618281789391437 0.0031680927900269613 -0.005643859523373638 -0.020438824072615172 0.00044979899957125601 -0.00041695730280993525 -0.0048191885235978477 -0.0057728341444398881 0.0019380123160922581
leaf_weight=124269.31624889374 619958.92066335678 267654.33947753906 454707.24169921875 862725.5308650732 308426.56874465942 1053229.5096430779 2387792.5158958435 2197461.6407165527 103708.3046875 13338902.330179095 838019.9859085083 99993.681674480438 1038584.5277905464 165542.97375488281
leaf_count=147 5264 102 200 1859 237 3060 3621 3292 51 14315 1097 131 1925 65
internal_value=0.000163864 -0.0004057 -0.00024559 0.000404384 0.000444603 -0.000470947 -0.000162222 -0.000902227 -0.00145604 0.000385111 -0.000405647 -0.00126568 -0.000924744 0.000598093
internal_weight=2.3861e+07 7.08451e+06 6.81686e+06 1.67765e+07 1.66522e+07 6.36215e+06 5.30892e+06 2.92113e+06 2.30117e+06 1.63438e+07 3.00487e+06 2.14214e+06 2.04215e+06 1.00356e+06
internal_count=35366 15590 15488 19776 19629 15288 12228 8607 3343 19392 5077 3218 3087 1162
cat_boundaries=0 1 2
cat_threshold=25 216
is_linear=0
shrinkage=0.05


Tree=134
num_leaves=15
num_cat=1
split_feature=27 26 4 17 8 20 2 25 17 4 2 17 21 28
split_gain=1121.47 1517.08 1705.81 1653.36 1571.3 5031.58 1699.09 1503.23 2872.52 1925.66 1828.08 1745.28 1501.2 1446.94
threshold=9.5000000000000018 0.6830127018922193 17.179119157328174 0.39233366882668819 0.16378791195391673 -0.0080898029629855994 15.930207739512172 -0.24999999999999997 0.22590751642309662 17.017299882291177 16.849067115038203 0.018603399219283202 10.597509584741148 0
decision_type=2 2 2 2 2 8 2 2 2 2 2 2 10 1
left_child=1 13 3 4 5 -3 -6 8 9 10 -2 -9 -10 -1
right_child=7 2 -4 -5 6 -7 -8 11 12 -11 -12 -13 -14 -15
leaf_value=0.00079402326680411248 -0.0012134892533250217 -0.0080044838970304132 -0.0024697399112402177 0.0012822031872401635 -0.004895044802089632 5.6253245635037218e-05 0.0015539103506936498 -0.0013888822310958936 -0.0021068873825919499 0.0010217265668427207 -0.22291204867339953 0.0028454763726743393 -0.0010505087970110495 -0.0011497164730289436
leaf_weight=12819517.499237299 3147813.2168520689 128426.32401847839 100143.04150390625 119908.60760498047 1376068.5520875454 201279.81420397758 240626.93896484375 904860.07654452324 291673.56451416016 149761.978515625 65920.340576171875 1058455.0993652344 323927.00073242188 3043108.3558900356
leaf_count=17272 5587 70 15 49 2770 200 67 2233 131 25 14 695 81 6177
internal_value=3.75435e-05 0.000233884 -0.0010072 -0.000698327 -0.00104937 -0.0041952 -0.00040782 -0.000558148 -0.00111675 -0.000542023 -0.000800285 0.000573988 -0.00425694 0.000403386
internal_weight=2.39715e+07 1.80291e+07 2.16645e+06 2.06631e+06 1.9464e+06 329706 1.6167e+06 5.94241e+06 3.9791e+06 3.3635e+06 3.21373e+06 1.96332e+06 615601 1.58626e+07
internal_count=35386 26620 3171 3156 3107 270 2837 8766 5838 5626 5601 2928 212 23449
cat_boundaries=0 1
cat_threshold=809
is_linear=0
shrinkage=0.05


Tree=135
num_leaves=15
num_cat=0
split_feature=15 16 9 7 15 11 24 26 4 6 1 19 7 23
split_gain=1269.35 1728.05 1252.33 3492.59 1424.08 3887.75 2781.65 1679.67 1526.54 1297.26 1917.5 1144.56 1882.5 1175.07
threshold=19.426673924651187 16.420845568438434 0.16473991554958628 16.984761516005801 18.105021256033268 1.0000000180025095e-35 0.98169407930314956 0.6830127018922193 15.108937352739096 16.958239102935611 16.8486284102338 -0.033656323159915791 15.094785014784197 3.4362486925359508
decision_type=2 2 2 2 2 2 10 2 2 2 2 2 2 10
left_child=2 -2 4 9 5 -1 -7 -6 -8 10 11 12 -4 -13
right_child=1 -3 3 -5 7 6 8 -9 -10 -11 -12 13 -14 -15
leaf_value=0.00084658902806518822 -0.00055844027820220324 -0.00048069409627903123 0.0014566937318752215 -0.00055957259603946891 0.0012449351445582358 -0.00051200219808074626 -0.012842373647689771 -5.4276094133758859e-05 -0.0033744190126240312 -0.0039695262765524963 0.0055768898784774902 -0.00029048755654649663 0.005084569472914976 0.0026235356193687986
leaf_weight=769738.56294250488 528231.63793945312 154824.01525878906 1904435.3160049915 1095339.1293945312 1294898.6533203125 240470.73782348633 121885.53720855713 499311.40432739258 113068.26037597656 117114.13623046875 217432.48120117188 10227861.363009214 592749.45251464844 5873815.6110438108
leaf_count=664 601 39 4357 189 388 121 176 145 34 25 51 16372 214 11916
internal_value=0.000220932 -0.00190327 0.00028383 0.000140318 0.00122954 -6.96375e-05 -0.00362462 0.00213115 -0.00749381 0.000299128 0.00033178 0.000277205 0.0012732 0.000122738
internal_weight=2.37512e+07 683056 2.30681e+07 2.00287e+07 3.03937e+06 1.24516e+06 475425 1.79421e+06 234954 1.89334e+07 1.88163e+07 1.85989e+07 2.49718e+06 1.61017e+07
internal_count=35292 640 34652 33124 1528 995 331 533 210 32935 32910 32859 4571 28288
is_linear=0
shrinkage=0.05


Tree=136
num_leaves=15
num_cat=1
split_feature=19 2 0 7 16 5 14 5 7 17 4 17 28 27
split_gain=1454.27 2159.55 1732.62 1325.76 1176.79 1175.61 1100.72 1081.31 7737.3 1682.2 1197.68 1021.84 1851.73 1052.21
threshold=-0.018468429717034846 17.4270168375546 16.994451200594245 17.375687477891912 18.52807987505204 16.796940509220686 1.4376363916027037 16.796940509220686 16.807051060811158 0.27754239535709518 16.286603766617137 0.071401219734684454 0 1.5000000000000002
decision_type=2 2 2 2 2 2 8 2 2 2 2 2 1 2
left_child=2 3 5 4 7 6 11 8 10 -9 -2 13 -13 -1
right_child=1 -3 -4 -5 -6 -7 -8 9 -10 -11 -12 12 -14 -15
leaf_value=-0.010992324423282717 -8.0274814677815101e-05 -0.00059765140200227125 0.0018780419719901808 0.002426839978161891 -0.00092927871386766297 -0.0016818025974672157 0.0017137971200225331 0.0008939457495610102 -0.00066677523089475458 -0.00016023682942601598 0.00085715649726563381 -0.0012448883208768054 -0.0082198772790563149 0.0029934034665979065
leaf_weight=368092.56578433514 13468656.570035338 619293.02783203125 562713.72900390625 132744.97900390625 215200.48138427734 242403.34448242188 3131380.7555117607 618172.990234375 167473.07568359375 595577.7138671875 1086734.791015625 270974.97644042969 129269.19302368164 2136100.4283592701
leaf_count=619 24333 90 97 21 131 50 5527 123 35 120 299 265 109 3473
internal_value=0.000162317 -8.66112e-05 0.000777414 2.35982e-05 -1.73007e-05 0.000539188 0.000676303 3.22937e-05 -8.59604e-05 0.00146672 3.69898e-05 -2.47925e-05 -0.00237065 0.000350145
internal_weight=2.37448e+07 1.69039e+07 6.84093e+06 1.62846e+07 1.61518e+07 6.27822e+06 6.03582e+06 1.59366e+07 1.47229e+07 1.21375e+06 1.45554e+07 2.90444e+06 400244 2.50419e+06
internal_count=35292 25152 10140 25062 25041 10043 9993 24910 24667 243 24632 4466 374 4092
cat_boundaries=0 1
cat_threshold=134
is_linear=0
shrinkage=0.05


Tree=137
num_leaves=15
num_cat=2
split_feature=20 28 27 17 27 28 23 24 17 25 3 2 2 2
split_gain=1022.88 2282.24 951.037 2361.67 1720.25 3570.35 2975.3 2900.8 1940.7 1888.45 2862.95 1746.79 1933.79 2655.58
threshold=-0.081572427356806532 0 11.500000000000002 0.057439849808383604 9.5000000000000018 1 0.73882932105507859 0.82582797440728506 0.049850378631076352 0.25000000000000011 17.441669403438507 16.998031306214585 16.401501956730314 14.884031844980957
decision_type=8 1 2 2 2 1 10 10 2 2 2 2 2 2
left_child=1 -1 4 -4 9 6 7 -6 -7 -2 -11 12 13 -8
right_child=2 -3 3 -5 5 8 11 -9 -10 10 -12 -13 -14 -15
leaf_value=-0.0049742878685306857 0.0012969087895303433 0.00050239029293882935 -7.3692047755191713e-05 0.0039766821647446741 -0.002052022968236106 -0.001368979746122969 -4.9710415121801487e-05 -0.0200634186288117 0.0016375404867000447 -1.0976794102298529e-05 -0.00050774149029664945 -0.0041703279552204962 0.0017423545115638533 -0.010693903451928425
leaf_weight=104430.26723480225 7917926.5147137642 87488.985898017883 1311175.5571520329 641011.99090576172 87310.897263526917 2002608.9672687054 405522.22629702091 82466.72709608078 887420.2200012207 9477356.5779798031 445119.67236328125 179107.568359375 110231.47998046875 165344.56079101562
leaf_count=72 11613 206 2569 307 114 3979 987 148 484 14626 66 34 26 76
internal_value=0.000129236 -0.00350634 0.000158661 0.00121585 6.38178e-05 -0.000884581 -0.00341222 -0.00946122 1.62614e-05 0.000272206 -0.000187326 -0.00221838 -0.00106295 -0.00223368
internal_weight=2.39045e+07 191919 2.37126e+07 1.95219e+06 2.17604e+07 3.92001e+06 1.02998e+06 169778 2.89003e+06 1.78404e+07 9.92248e+06 860206 681098 570867
internal_count=35307 278 35029 2876 32153 5848 1385 262 4463 26305 14692 1123 1089 1063
cat_boundaries=0 1 2
cat_threshold=264 672
is_linear=0
shrinkage=0.05


Tree=138
num_leaves=15
num_cat=0
split_feature=22 7 14 20 23 20 11 18 11 20 20 23 25 18
split_gain=1349.36 3937.81 1822.49 2314.88 1969.41 2296.43 2110.27 2278.66 3817.84 3990.67 1884.97 1346.14 1291.11 3186.04
threshold=18.655332724125884 16.807051060811158 1.3999035616653412 -0.027732843247890045 2.0850945990171454 0.034054720755949605 -0.17029959916069606 0.26812542021720004 0.023233663807122402 0.00069622554784605007 0.0052725139046786501 3.5649859480136805 0.25000000000000011 0.55125686852329092
decision_type=2 2 8 8 10 10 2 10 2 8 8 8 2 10
left_child=1 11 -2 -4 5 6 -5 8 9 -8 -10 -1 -6 -14
right_child=2 -3 3 4 12 -7 7 -9 10 -11 -12 -13 13 -15
leaf_value=-0.00026491749292045802 -0.0016785756942533589 -0.00071324723292450994 0.0027499580222163323 0.0037138170221821983 0.0029443057785343454 0.0024757335480098111 -0.0037778864297341262 9.9516819281490591e-05 0.0023242540827301552 -0.00070106228887842868 -0.02716190742325288 0.002102595579213455 0.001547640032101926 -0.0047199090700859444
leaf_weight=11163627.111368656 1213274.9613786936 578178.61962890625 390055.22756290436 275894.4330201149 1524212.4184054136 220743.30551528931 198263.34489059448 592615.64389038086 155687.8670501709 219165.77013206482 81994.937664031982 6269267.0841909647 726849.99090790749 287135.57870483398
leaf_count=17980 1807 118 218 239 1184 100 77 147 123 137 154 12199 731 121
internal_value=0.000162983 -5.18001e-05 0.000820226 0.00126855 0.000932689 -0.000360703 -0.00105123 -0.00192624 -0.0039585 -0.00683874 0.0010999 8.28399e-05 0.00182157 0.000438972
internal_weight=2.3897e+07 1.80111e+07 5.88589e+06 4.67262e+06 4.28256e+06 1.74437e+06 1.52362e+06 1.24773e+06 655112 417429 237683 1.74329e+07 2.5382e+06 1.01399e+06
internal_count=35335 30297 5038 3231 3013 977 877 638 491 214 277 30179 2036 852
is_linear=0
shrinkage=0.05


Tree=139
num_leaves=15
num_cat=0
split_feature=22 27 21 8 22 14 4 8 14 3 3 10 23 7
split_gain=1157.61 2296.59 2301.28 2250.18 2090.3 2081.7 11551.9 1869.72 2310.4 3000.3 1745.75 1717.25 2626 1587.49
threshold=18.420839330262382 8.5000000000000018 11.306576306974611 0.064852118826147817 16.671438701270244 2.4201405926952608 16.699285893163054 0.11957039339654042 2.1345843266103968 16.691666025947082 17.441669403438507 -0.32723617230500673 1.9666303097139004 16.807051060811158
decision_type=2 2 10 2 2 10 2 2 8 2 2 2 10 2
left_child=4 2 7 -3 -1 10 -7 -2 9 -9 -5 12 -10 -6
right_child=1 3 -4 5 13 6 -8 8 11 -11 -12 -13 -14 -15
leaf_value=0.0015064285707536201 0.0025019358245602901 -0.00061643149530830063 -0.006386907871015696 -1.5728761886902325e-05 -0.00055705611628986055 0.0013470105217737766 -0.0063303413835887256 0.00084870007534291125 -0.0030501788852711586 -0.0010277044967592372 0.001348449948831117 0.0028478047862117838 0.0042530788449521798 -0.00023040552538835065
leaf_weight=7499673.9321473837 814298.27262151241 153753.74205434322 143042.63403320312 1708736.2449576855 8775115.5619426966 284354.24969244003 69302.093994140625 1627649.8497143984 80012.853359222412 531796.36743164062 188036.81982421875 1448973.3652017117 211203.30450773239 231702.150390625
leaf_count=16459 337 80 58 1430 12344 554 14 2180 79 89 28 1242 272 51
internal_value=0.000108636 0.000634754 0.00126037 -0.000629134 -0.000122802 -0.000229304 -0.00375109 0.00144996 0.000994925 -9.75929e-05 0.000427338 0.00235066 -0.00115291 -0.000636233
internal_weight=2.37677e+07 7.26116e+06 4.85698e+06 2.40418e+06 1.65065e+07 2.25043e+06 353656 4.71393e+06 3.89964e+06 2.15945e+06 1.89677e+06 1.74019e+06 291216 9.00682e+06
internal_count=35217 6363 4257 2106 28854 2026 568 4199 3862 2269 1458 1593 351 12395
is_linear=0
shrinkage=0.05


Tree=140
num_leaves=15
num_cat=0
split_feature=0 5 16 23 27 21 23 23 15 0 1 20 11 5
split_gain=2136.19 1329.41 1121.28 2056.06 1990.11 1140.3 1119.91 1579.06 2109.75 3113.06 3088.93 1391.69 2668.18 2914.8
threshold=17.419860989426706 17.377938260320832 18.287152929951038 1.9666303097139004 8.5000000000000018 10.597509584741148 -1.0000000180025095e-35 3.5649859480136805 19.419154166034748 15.671123781704924 15.670746037891478 -0.021705058441736147 0.14654200077562149 15.438572441076465
decision_type=2 2 2 10 2 10 8 10 2 2 2 8 2 2
left_child=1 2 6 4 5 -4 -1 11 9 -9 -10 12 -8 -14
right_child=-2 -3 3 -5 -6 -7 7 8 10 -11 -12 -13 13 -15
leaf_value=0.0023701039846154804 0.0011413503883097829 -0.0041523769626640424 0.0021222850221831019 0.0022014278626186733 -0.000831400690252677 -1.5752770949869253e-05 0.0010824104581235185 0.00050713390002108218 -0.00065040959743997749 0.0053160221302361909 -0.017644526078615264 -0.0006851217372421713 -0.003135345330231497 -0.016362874422835023
leaf_weight=3193938.2454972267 833317.45556640625 123033.67919921875 290323.12939453125 1153228.6010437012 502297.63278198242 367478.26364135742 1299729.6078419685 6079518.7717373371 240783.83898925781 1104172.1024169922 101103.3671875 8322768.540984869 277438.8325843811 63615.59814453125
leaf_count=5298 122 20 111 567 202 156 1498 13731 346 325 30 12408 538 20
internal_value=0.000197963 0.000108318 0.00013605 0.00118001 -0.000306192 0.00150346 1.92867e-05 -0.000137943 0.000408723 0.000591358 -0.00342878 -0.000550845 0.000780045 -0.00315606
internal_weight=2.39527e+07 2.31194e+07 2.29964e+07 2.31333e+06 1.1601e+06 657801 2.06831e+07 1.74891e+07 7.52558e+06 7.18369e+06 341887 9.96355e+06 1.64078e+06 341054
internal_count=35372 35250 35230 1036 469 267 34194 28896 14432 14056 376 14464 2056 558
is_linear=0
shrinkage=0.05


Tree=141
num_leaves=15
num_cat=0
split_feature=2 19 3 3 23 21 17 15 1 16 14 24 8 9
split_gain=1296.29 1193.74 1736.68 1193.86 2553.48 2070.59 1403.72 1669.41 1118.1 2058.29 2026.38 1884.83 1776.88 2654.39
threshold=16.158092031731105 -0.025823528620961395 15.206373315785315 15.403376953653414 5.6812906275284059 10.597509584741148 0.11989842582786801 19.261483453064301 16.536166990069358 17.112261057815498 1.601707050568409 1.117175230294795 0.11517032025683187 0.24510150272431194
decision_type=2 2 2 2 8 10 2 2 2 2 10 10 2 2
left_child=1 2 -1 -3 5 6 7 -5 11 -10 -11 -2 -12 -14
right_child=8 3 -4 4 -6 -7 -8 -9 9 10 12 -13 13 -15
leaf_value=0.0008912836557633929 -2.2704190689052424e-05 0.00030314135610480064 0.0040222699979259174 -0.0048050271482733865 0.002182622865042783 -0.0039694438377871413 0.0010450496499349296 0.00030141650976445254 -0.00022386051712983401 0.0028682531036457741 -0.00041995355698787085 0.0023115334745981808 0.00083696783077389931 -0.00028093135363513371
leaf_weight=3172415.2965604067 498397.90966796875 13161255.004362226 643379.69104003906 329072.62158203125 315136.89208984375 585759.70874023438 318859.35388183594 284158.75903320312 541616.7197265625 886297.41455078125 605358.47534179688 861128.12866210938 895913.3466796875 766765.07202148438
leaf_count=6731 144 26578 263 130 120 222 121 110 136 144 116 245 175 150
internal_value=0.000329745 0.000138706 0.000928294 -6.22308e-05 -0.00125774 -0.00210808 -0.000644104 -0.00204327 0.00104055 0.000589567 0.0010785 0.00226657 0.000286292 0.00113075
internal_weight=2.38655e+07 1.881e+07 3.81579e+06 1.49942e+07 1.83299e+06 1.51785e+06 932091 613231 5.05548e+06 3.69595e+06 3.15433e+06 1.35953e+06 2.26804e+06 1.66268e+06
internal_count=35385 34275 6994 27281 703 583 361 240 1110 721 585 389 441 325
is_linear=0
shrinkage=0.05


Tree=142
num_leaves=15
num_cat=1
split_feature=2 10 7 17 14 4 10 4 24 8 8 4 24 29
split_gain=2156 2476.63 1646.09 1318.61 1021.95 5849.94 1475.98 3336.41 1623.28 1558.88 1195.7 2636.17 2443.19 1626.23
threshold=16.998031306214585 -0.0061821110627010992 16.807051060811158 0.22590751642309662 0.92498264309332423 15.942283699585921 0.4593204279506562 15.480583383983111 7.8914968238984153 0.56571117262320236 0.21504900098657187 15.942283699585921 5.3140313342831904 0
decision_type=2 2 2 2 8 2 2 2 10 2 2 2 8 1
left_child=2 -2 4 -3 5 -1 8 -8 10 -10 12 -12 13 -6
right_child=1 3 -4 -5 6 -7 7 -9 9 -11 11 -13 -14 -15
leaf_value=-0.0014018795776827464 -0.0002268196849101283 0.0017719740161906202 -0.0002957983532359649 0.00018582645725669273 -9.9141728021393108e-06 -0.01346627296920757 -0.0060146552529426918 -0.4400549673636503 0.011954447448959944 -0.0010083629557950781 0.0006470322475350134 0.0049547356732041244 0.0065304137301998733 -0.002564593271763302
leaf_weight=3538798.067404747 835223.79150390625 662472.68872070312 926546.76416015625 762628.00390625 2663789.2076730728 67138.69091796875 655659.38569784164 38333.590454101562 837945.51757669449 493771.14686489105 9921869.7646858692 1020148.8740234375 272938.12344169617 1272559.5069097281
leaf_count=7346 138 111 191 136 1881 20 2354 14 995 1317 19006 312 333 1174
internal_value=0.000190078 0.00165969 3.70667e-05 0.00292673 0.000128996 -0.000636242 0.000289641 -0.00196916 0.000384744 0.0020584 0.000237638 0.000513132 -0.000478505 -0.000795702
internal_weight=2.39698e+07 2.26032e+06 2.17095e+07 1.4251e+06 2.0783e+07 3.60594e+06 1.7177e+07 693993 1.6483e+07 1.33172e+06 1.51513e+07 1.0942e+07 4.20929e+06 3.93635e+06
internal_count=35328 385 34943 247 34752 7366 27386 2368 25018 2312 22706 19318 3388 3055
cat_boundaries=0 1
cat_threshold=1
is_linear=0
shrinkage=0.05


Tree=143
num_leaves=15
num_cat=0
split_feature=10 17 5 14 16 14 18 25 10 18 6 0 21 18
split_gain=1507.26 2123.01 2188.36 1885.55 2592.52 2344.23 3501.92 1395.41 1856.86 1686.14 1481.76 1873.12 1262.54 1218.85
threshold=0.066957160311172673 0.010881109273156201 14.928669247269502 2.1345843266103968 18.407908271991452 1.9538387105856427 0.49405550574646351 -0.5 -0.072910621236990936 0.085209576819229874 14.244304494339715 13.667269781145455 10.954471502539871 0.33393650432655747
decision_type=2 2 2 8 2 8 10 2 2 10 2 2 10 10
left_child=3 2 -2 4 5 -1 12 8 10 -10 11 -5 -7 -3
right_child=1 13 -4 7 -6 6 -8 -9 9 -11 -12 -13 -14 -15
leaf_value=-1.7587560947998222e-05 -5.3448645550414144e-05 0.00047025834529540813 -0.01244115140229134 -0.001192048227902819 -0.0010686980017735751 0.0006476994313050332 -0.011313765394301597 0.0015935375163602099 0.0019009828483595324 -0.0033531542216992103 0.0051291439895316529 -0.041107975433251696 -0.021528726156864474 0.0027923979569243781
leaf_weight=10131331.305018663 3254053.7945781946 2674639.4924163818 93320.1650390625 279257.12503623962 490616.48831176758 393008.76005125046 184359.88715410233 3240900.6448016167 162275.9914522171 375094.62228393555 297169.01989746094 23409.598693847656 59420.752223014832 2277694.4429016113
leaf_count=12888 9500 2853 62 1488 190 718 86 5408 581 283 122 22 122 1032
internal_value=0.000212895 0.000757494 -0.000215181 -7.61661e-05 -0.00041855 -0.000256597 -0.00319923 0.000804308 -0.000702615 -0.00283723 0.00120971 -0.00125271 -0.00083231 0.00141494
internal_weight=2.39366e+07 8.29971e+06 3.34737e+06 1.56368e+07 1.12587e+07 1.07681e+07 636789 4.37811e+06 1.13721e+06 537371 599836 302667 452430 4.95233e+06
internal_count=35355 13447 9562 21908 14004 13814 926 7904 2496 864 1632 1510 840 3885
is_linear=0
shrinkage=0.05


Tree=144
num_leaves=15
num_cat=1
split_feature=19 2 19 18 29 11 23 20 17 21 11 20 6 8
split_gain=1167.34 1744.83 1758.45 2700.24 937.498 1737.14 1427.15 1200.02 1442.09 1159.93 4112.29 1037.93 1415.43 1232.37
threshold=-0.031869132652534493 16.849067115038203 -0.11381263375967689 0.23598352672465078 0 0.34698737427677268 9.1835420664035023 -0.03811659352642599 0.021738839377486253 11.296005246241513 0.071442137882853765 -0.0011390669759102998 17.129815940530211 0.12904521778639408
decision_type=2 2 2 10 1 2 10 8 2 8 2 10 2 2
left_child=1 2 3 -1 6 -6 9 -7 -9 11 -11 12 -2 -13
right_child=4 -3 -4 -5 5 7 -8 8 -10 10 -12 13 -14 -15
leaf_value=0.00044171102811693089 -6.510294890388315e-05 0.0036973385566145774 0.0017426638129070589 -0.017058323151917975 -0.00076354468216606648 -0.029990047423175521 0.0070699633282639909 -0.021666323984750203 0.013601030957087805 0.00067355095359628459 -0.0086617149552210369 -0.00022625538074220642 -0.0047895228116992686 0.00097251716304203788
leaf_weight=70985.680990219116 7058617.1890649796 363204.525390625 3014494.2370296717 86469.183673858643 4953396.2213323116 45090.935256958008 210896.03200340271 723472.88433742523 94575.128372192383 217393.35285019875 126788.83775949478 1485029.9759960175 130173.0302734375 5277200.0167508125
leaf_count=165 11878 66 4980 99 9904 111 269 1807 95 238 190 573 24 5019
internal_value=0.000134945 0.000973517 0.000597633 -0.00455348 -1.09256e-05 -0.000547226 0.000204116 -0.00261721 -0.00217951 0.000143878 -0.0027236 0.000214621 -0.00020366 0.000659288
internal_weight=2.38578e+07 3.53515e+06 3.17195e+06 157455 2.03226e+07 5.81654e+06 1.45061e+07 863139 818048 1.42952e+07 344182 1.3951e+07 7.18879e+06 6.76223e+06
internal_count=35418 5310 5244 264 30108 11917 18191 2013 1902 17922 428 17494 11902 5592
cat_boundaries=0 1
cat_threshold=57
is_linear=0
shrinkage=0.05


Tree=145
num_leaves=15
num_cat=1
split_feature=14 26 15 24 8 8 7 3 27 25 28 17 3 9
split_gain=1591.9 2003.12 2293.45 2799.29 1460.39 1825.01 3199.73 1693.94 1157.72 2505.2 1125.91 1177.48 1123.97 1088.42
threshold=2.0855996452591943 0.25000000000000017 18.320843101700735 1.5087611308160251 0.064852118826147817 0.11517032025683187 16.807051060811158 16.537870894875581 7.5000000000000009 0.68301270189221941 0 0.17521381558578317 15.474442394707193 0.14963904423856059
decision_type=8 2 2 8 2 2 2 2 2 2 1 2 2 2
left_child=4 -2 10 12 -1 8 7 13 9 -6 -3 -12 -4 -7
right_child=1 2 3 -5 5 6 -8 -9 -10 -11 11 -13 -14 -15
leaf_value=-0.00083823402003378202 0.0019183704738080275 -0.0014470100909960552 -0.0043616199975002818 -0.00034963128885606449 -0.0020991515336514655 -0.00033180789257745459 -0.00034119140276370934 0.0026338434055373462 0.001630190548527227 0.0021203801975375205 0.00063934525406164242 0.0039966017621217336 -0.0048539281098371996 -0.00012740839437639455
leaf_weight=326094.50516009331 3935831.700889349 912107.64698314667 111708.23517417908 168969.72141027451 298486.30973815918 327678.01214599609 744906.3271484375 466963.93505859375 557275.73764801025 280171.13409614563 990151.94530820847 426427.12481689453 136958.36010742188 14043571.874898195
leaf_count=189 7425 1201 190 175 147 193 125 120 238 125 3679 150 32 21298
internal_value=0.00014237 0.000796473 -0.00023988 -0.00365177 -0.000114056 -4.94202e-05 -0.000190461 -2.99301e-05 0.00188543 0.000318966 0.000372023 0.00125422 -0.00702613 -0.000126229
internal_weight=2.37273e+07 6.68215e+06 2.74632e+06 417636 1.70451e+07 1.67191e+07 1.55831e+07 1.48382e+07 1.13593e+06 578657 2.32869e+06 1.41658e+06 248667 1.43712e+07
internal_count=35287 12852 5427 397 22435 22246 21736 21611 510 272 5030 3829 222 21491
cat_boundaries=0 1
cat_threshold=536
is_linear=0
shrinkage=0.05


Tree=146
num_leaves=15
num_cat=1
split_feature=20 28 22 8 7 8 2 11 11 10 9 0 4 11
split_gain=1066.36 1339.17 883.632 1340.23 1937.93 1600.27 3087.97 2028.23 4966.5 2452.37 8675.26 2594.51 2314.06 2672.08
threshold=-0.041909716095439441 0 16.671438701270244 4.8556178914384605 11.546321145931353 0.21504900098657187 16.04258516408715 -0.13830438816724025 -0.11460613154127404 -0.18331093563270331 0.22873494940835284 15.469354322107636 14.439279052483142 0.10358482946313426
decision_type=8 1 2 2 2 2 2 2 2 2 2 2 2 2
left_child=1 -1 -2 5 -5 7 -7 -4 -9 10 -10 12 -11 -14
right_child=2 -3 3 4 -6 6 -8 8 9 11 -12 -13 13 -15
leaf_value=-0.0034932993243090731 0.0012648163505127677 0.0025702224521373471 0.001193015563930048 0.00382642948392722 -0.077165902753773441 -0.00011317089518248878 0.00097156130239738981 -0.0044097862425041207 -0.0049456346055583361 -0.00045101799481788303 0.0035487279439445035 4.7508774866878526e-05 -0.0069677434959556145 -0.0012473250403777737
leaf_weight=72401.615127563477 7239125.9417672157 1124176.4130072594 1156204.4559137821 164519.06540679932 383097.67495727539 7841886.8044111729 1306099.0458984375 241304.81971740723 161792.62577819824 529531.43109703064 196320.21624088287 2889151.6201171875 279967.3994140625 268972.45458984375
leaf_count=70 15823 1618 767 891 712 12856 315 91 55 985 166 653 160 148
internal_value=0.000132513 0.00158722 5.56892e-05 -0.000158261 -0.00258749 -6.88069e-05 0.000341446 -0.000724551 -0.00119815 -0.000808715 -0.00477139 -0.000451048 -0.00254378 -0.00481855
internal_weight=2.38546e+07 1.19658e+06 2.2658e+07 1.54188e+07 547617 1.48712e+07 9.14799e+06 5.72325e+06 4.56704e+06 4.32574e+06 358113 3.96762e+06 1.07847e+06 548940
internal_count=35310 1688 33622 17799 1603 16196 13171 3025 2258 2167 221 1946 1293 308
cat_boundaries=0 1
cat_threshold=8
is_linear=0
shrinkage=0.05


Tree=147
num_leaves=15
num_cat=0
split_feature=9 21 20 16 9 24 23 14 20 0 20 10 17 17
split_gain=1145.16 1607.52 3308.51 1655.61 1302.98 2170.65 1901.53 2655.33 2364.05 1332.33 2359.35 1478.79 1123.18 1557.62
threshold=0.13827813384070328 10.480130275481486 -0.053432676894982038 17.112261057815498 0.18343332561906558 2.4755880669540953 0.83039527915485012 1.7270035138318784 0.019409927785869505 16.154648050165125 0.049313473536420058 -0.020904670007782348 0.39233366882668819 0.31408482136343246
decision_type=2 10 10 2 2 10 10 10 8 2 8 2 2 2
left_child=1 2 -1 -3 5 6 -2 -8 -9 10 11 -7 13 -6
right_child=4 3 -4 -5 12 9 7 8 -10 -11 -12 -13 -14 -15
leaf_value=0.0049980965460515022 8.6645090594093623e-05 -0.00011134439654263081 -0.0019557396210458174 0.0016033543270334617 0.00039719842052841637 0.00015609570070528923 -0.0012281560238282569 0.00016739276736248628 -0.0041952979087993827 0.0014099278506565977 0.0062169381126782729 -0.0067453633399401445 0.0016403036308720257 -0.0026837106049634979
leaf_weight=92810.877548217773 297833.9034576416 289806.29711914062 125630.13623046875 1302912.300491333 18284628.508599162 148922.05627441406 584820.37536621094 463171.52326965332 150749.28274536133 319596.76635742188 169058.53244781494 140641.92045593262 919292.47204589844 537645.67395019531
leaf_count=187 145 196 85 368 32670 106 226 261 113 69 212 108 408 175
internal_value=0.000188569 0.0013971 -0.00262519 0.00194875 8.915e-05 -0.001044 -0.00215777 -0.00304614 -0.000749354 0.00109787 -0.000629156 -0.00336937 0.000219721 0.000136373
internal_weight=2.38275e+07 1.81116e+06 218441 1.59272e+06 2.20164e+07 2.27479e+06 1.49658e+06 1.19874e+06 613921 778219 458623 289564 1.97416e+07 1.88223e+07
internal_count=35329 836 272 564 34493 1240 745 600 374 495 426 214 33253 32845
is_linear=0
shrinkage=0.05


Tree=148
num_leaves=15
num_cat=0
split_feature=27 4 20 4 20 26 17 25 17 22 19 17 8 5
split_gain=1679.45 2938.34 1706.25 1683.97 2021.17 2536.33 3151.57 2954.68 1632.44 1605.36 1803.9 1293.33 1539.25 2406.21
threshold=1.5000000000000002 17.179119157328174 -0.081572427356806532 16.168471743006108 -0.0066980543199099485 -0.5 0.22590751642309662 -0.24999999999999997 0.39233366882668819 18.659886519154533 0.00029145502070358038 0.31408482136343246 0.10357422990767361 15.959129877069087
decision_type=2 2 8 2 8 2 2 2 2 2 2 2 2 2
left_child=1 8 -2 -4 -5 -6 9 -8 11 10 -7 12 -1 -14
right_child=2 -3 3 4 5 6 7 -9 -10 -11 -12 -13 13 -15
leaf_value=-0.0021620365326381918 -0.0030559362917506818 -0.0023442704743411721 0.00024471429531106579 0.0016793341439373063 0.0010595736624926736 -0.00062766033023154387 -0.0011968188870451952 -4.1493772176675822e-05 0.0010193268810952843 0.00082114427769678267 0.0014056973471418485 -0.0054899430925479734 -0.0029858952142175037 0.0023433968809599063
leaf_weight=86366.39447247982 126271.32965087891 107445.22900390625 16855430.327345133 914812.1318359375 1329213.1770019531 432211.36083984375 513405.91137695312 640841.4931640625 117473.78991699219 429615.205078125 387449.50219726562 81802.571716308594 1559649.0666029453 233564.55615234375
leaf_count=88 200 16 30821 215 288 115 107 125 48 77 98 24 2951 64
internal_value=0.000178772 -0.00114188 0.000312265 0.000346296 0.00118894 0.00067275 -0.000296493 -0.00218009 -0.00072516 0.00144383 0.000146201 -0.00106806 -0.000800206 -0.00048619
internal_weight=2.38156e+07 2.1863e+06 2.16293e+07 2.1503e+07 4.64755e+06 3.73274e+06 2.40352e+06 1.15425e+06 2.07886e+06 1.24928e+06 819661 1.96138e+06 1.87958e+06 1.79321e+06
internal_count=35237 3191 32046 31846 1025 810 522 232 3175 290 213 3127 3103 3015
is_linear=0
shrinkage=0.05


Tree=149
num_leaves=15
num_cat=0
split_feature=0 1 0 6 0 24 8 2 9 24 24 11 18 6
split_gain=1556.74 1570.56 3194.45 940.612 916.356 1944.45 4055.36 1808.27 1683.1 1602 1716.36 1946.96 2303.55 1593.89
threshold=17.419860989426706 17.156634566241113 16.994451200594245 17.129815940530211 14.742370668645821 0.23794212935990353 0.16378791195391673 14.884031844980957 0.33437136557031594 0.76154620333277312 1.728099371075775 0.23492209120391291 0.16547070237678113 16.804439504542483
decision_type=2 2 2 2 2 10 2 2 2 10 10 2 10 2
left_child=1 2 3 4 7 6 -6 -1 -8 -7 11 12 -11 -12
right_child=-2 -3 -4 -5 5 9 8 -9 -10 10 13 -13 -14 -15
leaf_value=0.00015779872626674798 0.0010901372984734527 -0.00054797167749947174 0.0011323083312557876 -0.0014791505561905349 -0.0038789048512162944 0.0034018764704843124 -0.0031212289628796087 -0.0025239018217172262 0.007080078728997654 -0.0036221185918067274 0.0016949831757782051 0.0036454406081917554 -0.00026190479258744699 -0.00088159929367903362
leaf_weight=13171681.310539722 791107.513671875 740686.60498046875 719702.80786132812 82185.92138671875 270055.29541015625 790467.994140625 261464.66809082031 624217.09509277344 357786.9912109375 326445.11364746094 4097783.5252685547 256486.1611328125 1074819.2874145508 353818.029296875
leaf_count=31404 116 135 142 15 91 317 100 369 173 134 1689 113 416 77
internal_value=0.000271612 0.000197008 0.000271954 0.0001631 0.000183428 0.000616995 -0.00158348 -6.13629e-05 0.00064624 0.000900611 0.000626564 -0.000746767 -0.00147986 0.00113798
internal_weight=2.39187e+07 2.31276e+07 2.23869e+07 2.16672e+07 2.1585e+07 7.78913e+06 889307 1.37959e+07 619252 6.89982e+06 6.10935e+06 1.65775e+06 1.40126e+06 4.4516e+06
internal_count=35291 35175 35040 34898 34883 3110 364 31773 273 2746 2429 663 550 1766
is_linear=0
shrinkage=0.05


Tree=150
num_leaves=15
num_cat=0
split_feature=19 8 20 20 8 1 14 7 11 8 23 6 20 8
split_gain=1174.77 1802.67 3169.39 1748.97 2430.37 1590.06 1582.49 1462.64 1665.85 2705.08 1687.21 1449.03 1367.6 1089.07
threshold=0.022226864345365301 0.12904521778639408 0.051175608101022757 -0.00085447462900219986 0.18850378863444553 14.833278299323824 1.6737228477172126 16.39444836774533 -0.029488673777254996 0.1520367391642001 2.5228400253385952 16.308496695165442 -0.0034050714104166498 0.14143416268128789
decision_type=2 2 8 10 2 2 10 2 2 2 10 2 10 2
left_child=7 2 6 4 5 -3 -2 -1 10 -10 -9 12 -6 -5
right_child=1 3 -4 13 11 -7 -8 8 9 -11 -12 -13 -14 -15
leaf_value=0.00016376963797498653 -0.00032285036904349261 -0.0032409664811067721 0.00096317411855362722 0.0020876894530099449 -0.0029745818863581943 -0.006598162470882258 -0.0035275106760207296 0.000208161313211227 -0.00071421973019461385 0.00077567541327345872 0.001898903422227025 0.0065383848784191095 -0.017665015485215461 0.00034897747679726643
leaf_weight=14596754.005614042 289278.7741355896 115599.62898254395 211821.1438331604 202280.59674072266 2238985.4573007822 111023.5751953125 258219.30318641663 696743.89916992188 1052524.8002929688 837331.17358398438 503413.29614257812 110152.8427734375 50042.744497299194 2718292.5336182117
leaf_count=25397 99 167 222 81 4637 37 124 141 201 172 102 29 78 3864
internal_value=0.000140529 -0.00044543 -0.00273026 -0.000132628 -0.00106902 -0.00601844 -0.00473953 0.000349436 0.00133767 0.000412523 0.00279449 -0.000601508 -0.000871064 0.000709257
internal_weight=2.39925e+07 6.3057e+06 759319 5.54638e+06 2.6258e+06 226623 547498 1.76868e+07 3.09001e+06 1.88986e+06 1.20016e+06 2.39918e+06 2.28903e+06 2.92057e+06
internal_count=35351 9338 445 8893 4948 204 223 26013 616 373 243 4744 4715 3945
is_linear=0
shrinkage=0.05


Tree=151
num_leaves=15
num_cat=1
split_feature=24 22 6 28 24 20 9 15 23 11 3 27 4 22
split_gain=1333.68 1686.48 1520.36 1311.4 2892.42 3684.26 6199.32 2283.52 1351.2 2997.45 4172.58 1310.61 2299.25 1567.74
threshold=0.71970720841918912 18.659886519154533 16.195747581550723 0 1.4321253711642201 -0.0020953970531691498 0.32068562203562828 18.062866996739498 6.4575558270746409 0.15014299859150793 13.705381787501119 1.5000000000000002 17.017299882291177 18.642615931292685
decision_type=8 2 2 1 8 10 2 2 10 2 2 2 2 2
left_child=1 -1 -3 4 5 -2 -7 -8 -6 10 -10 12 -5 -13
right_child=3 2 -4 11 8 6 7 -9 9 -11 -12 13 -14 -15
leaf_value=0.00051118718087288825 0.00085108295703123472 -0.0011663900830618244 0.0032729043143487945 -0.0018989444997153365 9.1741404297656607e-05 -0.0058053015402769973 0.0016379661326497352 -0.010686880984078599 0.00029037979892204945 0.00055728501454549049 -0.013284158071087985 7.3113903044019353e-05 -0.002344339239001778 0.00082896018943029535
leaf_weight=3894361.7798061371 275414.36378669739 241317.712890625 556065.98486328125 1292975.1486880779 2921957.2304432392 168596.90869140625 199045.6501789093 107861.04988956451 142500.97319626808 305803.34888756275 144030.68304443359 10870196.659652114 82852.736328125 2875188.0475759506
leaf_count=6351 572 220 114 1941 5135 78 330 104 670 557 71 16619 13 2667
internal_value=0.000181556 0.000937981 0.00303295 -1.50816e-06 -0.000775813 -0.0035926 -0.00625802 -0.00202659 -0.000173937 -0.00235147 -0.00602596 0.000216899 -0.00125443 0.00036417
internal_weight=2.40782e+07 4.69175e+06 797384 1.93864e+07 4.26521e+06 750918 475504 306907 3.51429e+06 592335 286532 1.51212e+07 1.37583e+06 1.37454e+07
internal_count=35442 6685 334 28757 7517 1084 512 434 6433 1298 741 21240 1954 19286
cat_boundaries=0 1
cat_threshold=184
is_linear=0
shrinkage=0.05


Tree=152
num_leaves=15
num_cat=1
split_feature=8 15 3 26 21 15 15 21 9 17 17 1 29 11
split_gain=1213.3 4364.58 1590.66 1907.81 1563.69 2403.35 6797.16 1918.16 4202.35 2011.5 1631.98 2694.61 1541.21 1371.74
threshold=0.064852118826147817 19.332164999170981 16.850127835172454 0.25000000000000017 11.028483519367361 19.211355620242706 19.177649224056299 10.954471502539871 0.19813382299130983 0.31408482136343246 0.11989842582786801 14.833278299323824 0 0.026494436646094854
decision_type=2 2 2 2 10 2 2 8 2 2 2 2 1 2
left_child=1 2 3 -1 7 6 -6 12 -9 10 11 -10 -2 -14
right_child=4 -3 -4 -5 5 -7 -8 8 9 -11 -12 -13 13 -15
leaf_value=0.0042816371287315155 0.00047436884661261798 -0.0061360633759001163 0.0029863348308552902 -0.0010978219662527691 0.0010038202178133545 0.0025243520030123943 -0.0071386182186489846 -0.0019071773807729155 0.0022934622847225988 -0.0027194202483931083 0.00035065522740624131 -0.012415074079778814 0.00045453891153157065 -0.0018577611220810663
leaf_weight=73893.727022171021 12310742.120964527 124471.70761108398 131057.45166015625 67502.666506052017 1491082.20865798 806126.56951904297 76088.196487426758 139063.63031005859 418058.67594051361 117320.02734375 150676.22412109375 67386.7958984375 4459884.0130983591 3621001.9510397911
leaf_count=225 16055 42 22 190 2063 518 45 72 826 21 35 36 8143 6992
internal_value=0.000229377 -0.00251211 0.00103174 -0.00264636 0.000275374 0.00149272 0.000351561 0.000139633 -0.00212921 -0.000655229 0.000454254 -0.000956688 0.000238937 -0.000297584
internal_weight=2.40544e+07 396926 272454 141396 2.36574e+07 2.3733e+06 1.56717e+06 2.12841e+07 892505 753442 636122 485445 2.03916e+07 8.08089e+06
internal_count=35285 479 437 415 34806 2626 2108 32180 990 918 897 862 31190 15135
cat_boundaries=0 1
cat_threshold=9
is_linear=0
shrinkage=0.05


Tree=153
num_leaves=15
num_cat=0
split_feature=21 15 14 19 23 2 7 9 19 21 18 26 8 19
split_gain=1124.63 1383.31 1395.82 1371.14 1355.03 1496.88 1309.78 1264.26 2607.97 2881.48 1564.83 1465.32 2019.04 1498.58
threshold=10.853087446570838 19.234941184331863 1.4318162733088207 0.00097256279978885011 6.9575763188586714 16.849067115038203 14.621988343897289 0.22101069469615353 0.031168418490475556 11.085195289202607 0.27277323660146974 1.0000000180025095e-35 0.13729101304314623 0.0029976683777618502
decision_type=10 2 10 2 10 2 2 2 2 10 10 2 2 2
left_child=4 7 3 -3 -1 6 -6 8 9 10 -2 -9 -13 -14
right_child=1 2 -4 -5 5 -7 -8 11 -10 -11 -12 12 13 -15
leaf_value=-3.9807760679791502e-05 -0.0017010320284384054 0.0041109270537490993 0.0020616346754853418 -0.0020826023734228324 0.0038432671880947152 -0.605175068663519 0.0058263676428121315 0.0034241158928543683 -0.0041698472191666796 -0.003965689554088255 0.0028672085038634874 -0.0078522882900124418 0.00038696365346717549 -0.0020185965592315587
leaf_weight=16837107.844857574 205757.93032836914 107199.16062164307 1250908.4884414673 77396.144683837891 1343646.8505386114 50173.81640625 572760.64221191406 1471359.3680565357 196717.18800354004 206779.74671936035 303030.85498046875 71711.77912902832 851432.6887011528 459177.00075149536
leaf_count=25969 228 141 597 90 3667 11 230 2105 109 160 71 35 1338 715
internal_value=0.000278533 0.000929233 0.00224993 -0.00180875 9.8536e-05 0.00134048 0.00156368 0.000425812 -0.00119446 0.00020723 0.00222996 0.000943792 -0.000225137 0.000221852
internal_weight=2.40052e+07 5.20147e+06 1.4355e+06 184595 1.88037e+07 1.96658e+06 1.91641e+06 3.76597e+06 912286 715569 508789 2.85368e+06 1.38232e+06 1.31061e+06
internal_count=35466 5589 828 231 29877 3908 3897 4761 568 459 299 4193 2088 2053
is_linear=0
shrinkage=0.05


Tree=154
num_leaves=15
num_cat=0
split_feature=27 6 2 8 14 11 11 18 14 16 24 23 21 25
split_gain=1296.11 2375.21 1164.04 1769.06 3531.64 1983.16 1260.91 1613.2 1168.54 1800.75 1366.39 1699 1882.74 2753.59
threshold=1.5000000000000002 16.804439504542483 15.038259050445179 0.12904521778639408 1.601707050568409 -0.053270809047041241 -0.19785089375234216 0.12266635581671508 1.3784174128647206 15.979366536208319 2.4339156147614505 1.7678978680882202 10.424475973262055 0.68301270189221941
decision_type=2 2 2 2 10 2 2 10 10 2 8 10 10 2
left_child=1 -1 -2 4 -4 -6 -5 -8 9 -9 11 -10 -13 -14
right_child=2 -3 3 6 5 -7 7 8 10 -11 -12 12 13 -15
leaf_value=-0.0002900920382407182 0.0001416191407257206 -0.0018568707171981308 0.0020593876130393209 0.0032715398402493844 2.4719089232192692e-05 -0.0011440623467740153 -0.0019649915348099799 0.0033140812756330532 0.00097130722874004907 -0.00094985843806301624 0.0019458666226107751 0.0021085297452209887 3.1102033849623985e-05 -0.0013090990956893876
leaf_weight=1860148.9329328537 13628428.182209492 277950.5673828125 739615.76330566406 805975.73022460938 556589.91931152344 741833.13757324219 381319.0283203125 661638.76568603516 814372.14794921875 495792.43908691406 1112546.6951904297 465992.72009277344 834139.15173339844 413213.31848144531
leaf_count=3134 29576 52 163 292 145 184 168 300 246 156 350 149 237 101
internal_value=0.000226391 -0.000948039 0.000342367 0.000820188 -0.000452136 -0.00202303 0.00125345 0.000967148 0.00121593 -0.000167934 0.00165593 0.00101327 0.000119568 -0.000893497
internal_weight=2.37896e+07 2.1381e+06 2.16515e+07 8.02303e+06 2.03804e+06 1.29842e+06 5.98499e+06 5.17901e+06 4.7977e+06 1.15743e+06 3.64026e+06 2.52772e+06 1.71335e+06 1.24735e+06
internal_count=35253 3186 32067 2491 492 329 1999 1707 1539 456 1083 733 487 338
is_linear=0
shrinkage=0.05


Tree=155
num_leaves=15
num_cat=0
split_feature=21 2 22 27 21 23 24 4 20 10 16 7 4 19
split_gain=1073.14 1988.6 1751.32 1083.98 1461 1022.6 1625.88 1485.07 1175.07 1176.64 1407.94 2599.25 1222.13 1161.94
threshold=10.908497196024898 17.4270168375546 19.630753430190442 1.5000000000000002 10.98975100650992 6.9575763188586714 11.462667566961002 14.812992924426192 -0.061209268040578892 0.070154175197686158 18.369372682749788 16.984761516005801 16.168471743006108 0.050069976757008208
decision_type=8 2 2 2 8 8 10 2 8 2 2 2 2 2
left_child=1 5 3 4 -2 8 7 -7 -1 13 11 12 -11 -10
right_child=2 -3 -4 -5 -6 6 -8 -9 9 10 -12 -13 -14 -15
leaf_value=0.0011272237849939339 -0.0018067284311072799 -0.0049257833240326249 -0.0052524013999412575 0.0010814066482684873 -0.00040260809213357219 0.002421466009822681 -0.26015224420237654 0.0068985021713774191 -0.00060111314857312029 0.00040340163908230282 0.0025817810389403132 -0.013068025088396613 0.0039490499771281037 0.00045808732072821198
leaf_weight=482483.09505224228 120319.93415641785 70227.1533203125 209278.23114013672 3670349.4054493904 240179.36706471443 1384816.646957159 82310.386541366577 487769.25885009766 10061300.900894046 5126935.7838665247 259682.50726318359 73213.337890625 399702.52905273438 1111507.5987992287
leaf_count=627 120 11 78 4039 297 3661 81 188 14613 9687 94 14 104 1636
internal_value=0.000148149 -8.31759e-06 0.000869198 0.00110074 -0.00151554 2.19763e-05 0.00110661 0.00140892 -9.90838e-05 -0.000168013 0.000405845 0.000238942 0.000362928 -0.00046897
internal_weight=2.37801e+07 1.95399e+07 4.24013e+06 4.03085e+06 360499 1.94697e+07 1.9549e+06 1.87259e+06 1.75148e+07 1.70323e+07 5.85953e+06 5.59985e+06 5.52664e+06 1.11728e+07
internal_count=35250 30716 4534 4456 417 30705 3930 3849 26775 26148 9899 9805 9791 16249
is_linear=0
shrinkage=0.05


Tree=156
num_leaves=15
num_cat=0
split_feature=0 4 3 10 23 0 11 15 1 23 1 24 0 3
split_gain=1657.65 1041.67 1814.36 1607.19 1000.4 1185.91 1054.68 2289.97 2777.78 1765.47 2014.6 5192.23 1606.62 1768.48
threshold=17.419860989426706 17.017299882291177 17.004815837258366 -0.072910621236990936 1.0000000180025095e-35 13.933656639857242 0.082218521832215771 19.381805013860188 16.399633848597894 6.8867884999821509 15.556222073247737 2.8807611819448851 15.671123781704924 15.674799135655663
decision_type=2 2 2 2 10 2 2 2 2 10 2 10 2 2
left_child=1 2 4 -3 5 -1 7 12 -9 10 -8 -12 13 -6
right_child=-2 3 -4 -5 6 -7 9 8 -10 -11 11 -13 -14 -15
leaf_value=-0.00012249233599372826 0.00098728905661065987 0.00021809496764428409 0.0025307844882864858 -0.00074662730524660418 0.00051707861141213633 0.0030396286111857591 -0.0014332886986025061 -0.0041333279852586073 -0.13360792415244671 0.0041296196493664965 -0.0045139034029268018 0.00018294973009301904 0.00047155396102586521 -0.005106790664235368
leaf_weight=1645486.490855217 826207.04052734375 574050.60375976562 453987.99780273438 811449.62182617188 8094036.3897174597 1682009.1817932129 4765816.6999540329 476963.24465942383 95334.836181640625 1074628.3903948069 478589.3935546875 458365.47058105469 2093723.6970214844 239970.35107421875
leaf_count=4552 121 107 93 157 16236 943 9361 590 25 2096 155 142 605 92
internal_value=0.000166156 8.69236e-05 0.000172329 -0.00124202 0.000105055 0.000900739 -4.38773e-05 0.000258417 -0.00282102 -0.000534514 -0.000884826 -0.00300431 0.000427424 0.000116349
internal_weight=2.37706e+07 2.29444e+07 2.15589e+07 1.3855e+06 2.11049e+07 3.3275e+06 1.77774e+07 1.1e+07 572298 6.7774e+06 5.70277e+06 936955 1.04277e+07 8.33401e+06
internal_count=35275 35154 34890 264 34797 5495 29302 17548 615 11754 9658 297 16933 16328
is_linear=0
shrinkage=0.05


Tree=157
num_leaves=15
num_cat=1
split_feature=6 7 4 14 26 21 1 14 28 16 27 9 7 24
split_gain=3260.14 1313.04 1904.6 830.531 1748.54 1052.15 1980.88 1344.9 749.052 1383.01 3112.66 1164.72 1117.74 911.353
threshold=16.420481291213544 16.29414425370425 16.411339423236502 2.3326215634528666 -0.24999999999999997 10.938449577381411 17.156634566241113 1.6585201849418711 0 16.264812753376869 9.5000000000000018 0.12236701337558946 14.799132510652894 1.117175230294795
decision_type=2 2 2 10 2 10 2 10 1 2 2 2 2 8
left_child=1 2 8 5 -5 6 7 -2 9 -1 -11 -10 -12 -13
right_child=3 -3 -4 4 -6 -7 -8 -9 11 10 12 13 -14 -15
leaf_value=0.0004197326516889654 0.00037993498076135468 -0.00034274672803954629 0.0066779560563136886 0.0016544100447246275 -0.00043690536289303552 0.0023397243345694668 -0.00057494844081438926 0.0014684713390980637 -0.0040684970133561876 0.0043442619556089499 0.0018854906034209481 0.0017795320532938909 -0.0029151084107197811 -0.0011860578577574659
leaf_weight=10433338.798817277 699468.345703125 522297.576171875 261844.98583984375 563857.17016601562 769667.98754882812 941172.93676757812 498561.66845703125 632348.54443359375 118728.39630126953 1373042.552816391 159820.02014160156 1950808.1028490067 291540.7490234375 4720712.6734452248
leaf_count=19533 171 145 82 111 154 156 91 137 101 1210 266 3439 116 9662
internal_value=0.000441597 0.00017612 0.00024303 0.00172415 0.000698855 0.00221747 0.0015189 0.00252528 0.000184809 0.000418176 0.00168825 -0.000236464 -0.00191385 -0.000149106
internal_weight=2.39372e+07 1.98321e+07 1.93098e+07 4.10508e+06 1.33353e+06 2.77155e+06 1.83038e+06 1.33182e+06 1.9048e+07 1.22577e+07 1.8244e+06 6.79025e+06 451361 6.67152e+06
internal_count=35374 34554 34409 820 265 555 399 308 34327 21125 1592 13202 382 13101
cat_boundaries=0 1
cat_threshold=291
is_linear=0
shrinkage=0.05


Tree=158
num_leaves=15
num_cat=0
split_feature=0 19 3 7 0 8 23 3 3 25 3 8 25 16
split_gain=1573.77 1819.46 1284.75 1185.33 1280.01 2099.47 1491.75 1777.21 1791.71 1766.06 1425.88 2090.28 1512.76 1365.01
threshold=17.153843914118731 -0.010786498609322749 17.441669403438507 17.114749279343759 15.671123781704924 0.10357422990767361 2.0004437761912555 16.537870894875581 16.043295900230813 0.25000000000000011 15.474442394707193 0.28298133530246439 0.25000000000000011 16.238508135383409
decision_type=2 2 2 2 2 2 10 2 2 2 2 2 2 2
left_child=2 -2 3 4 10 -6 7 8 13 -8 -1 -12 -13 -7
right_child=1 -3 -4 -5 5 6 9 -9 -10 -11 11 12 -14 -15
leaf_value=0.00016716237886868076 -0.00020864858671879616 0.00068780648612041921 -0.00058834336968624555 -0.00080344256993773386 -0.00034587394852731649 -0.0010565970801076636 0.0033182643436028853 0.0011868667837462441 -0.0006794737030763943 0.00032385260002667756 -0.0067641667506882462 0.0023275106157876111 -0.0060591967298833649 0.0034256706352222203
leaf_weight=16324590.093353868 649207.03515625 939762.625 111559.931640625 264761.16162109375 617689.23657226562 273724.89172363281 1281902.5269775391 509267.21215820312 674955.2880859375 973177.29125976562 314231.69055175781 305456.50610351562 308620.060546875 308754.60852050781
leaf_count=33252 104 154 19 49 147 107 365 114 199 275 130 123 137 105
internal_value=0.000193018 0.00171327 8.45408e-05 0.000111489 0.000151706 0.000888977 0.00130581 0.000217864 -0.00079136 0.00215815 -4.65528e-05 -0.0019527 -0.000255471 0.00124033
internal_weight=2.38577e+07 1.58897e+06 2.22687e+07 2.21571e+07 2.18924e+07 4.63947e+06 4.02178e+06 1.7667e+06 1.25743e+06 2.25508e+06 1.72529e+07 928308 614077 582480
internal_count=35280 258 35022 35003 34954 1312 1165 525 411 640 33642 390 260 212
is_linear=0
shrinkage=0.05


Tree=159
num_leaves=15
num_cat=1
split_feature=27 7 28 23 24 1 16 18 6 15 8 10 8 8
split_gain=1309.16 2118.04 1971.49 2521.16 2953.01 3794.48 1904.2 1716.12 1639.69 1570.82 1532.03 1501.01 2603.72 1561.59
threshold=8.5000000000000018 16.39444836774533 0 0.73882932105507859 0.70292538345719902 14.486309892259852 18.52807987505204 0.35634484808704608 16.420481291213544 18.053218831998603 0.15572691317479698 0.25252075637651489 0.2734578133485796 0.10357422990767361
decision_type=2 2 1 10 10 2 2 10 2 2 2 2 2 2
left_child=1 8 3 4 9 -6 11 -3 -1 -2 -9 13 -13 -5
right_child=2 7 -4 6 5 -7 -8 10 -10 -11 -12 12 -14 -15
leaf_value=0.00041804804581353392 -0.00068271722310985666 0.001002451797995015 0.00085244474665882065 -0.0039606858404952787 -0.038277436973947677 -0.010834248256916614 -0.0023495952523740469 -0.00055573723897311988 -0.0047814974499113998 0.0018651520728753769 0.00022497257110797405 -0.017287187672230867 -0.0053393757954497854 0.0016695821827914443
leaf_weight=13182972.31065917 103210.98784732819 1465102.1403808594 5481395.7480506897 116007.78578984737 97575.294360637665 108524.19873046875 214486.59716796875 719428.69677734375 72775.925537109375 102084.3433675766 620074.74072265625 84942.91618347168 260063.79689764977 1288742.1729636192
leaf_count=22977 125 298 8298 73 314 44 55 131 21 130 125 45 637 1948
internal_value=0.000279142 0.00053788 -0.000249739 -0.00145281 -0.00501199 -0.00923988 -0.000707381 0.0017862 0.000273766 -0.000767534 0.000492689 -0.000162327 -0.00311734 0.000563424
internal_weight=2.39174e+07 1.60604e+07 7.85703e+06 2.37564e+06 411395 206099 1.96424e+06 2.80461e+06 1.32557e+07 205295 1.3395e+06 1.74976e+06 345007 1.40475e+06
internal_count=35221 23552 11669 3371 613 358 2758 554 22998 255 256 2703 682 2021
cat_boundaries=0 1
cat_threshold=680
is_linear=0
shrinkage=0.05


Tree=160
num_leaves=15
num_cat=0
split_feature=0 19 10 22 3 18 11 23 0 10 20 5 0 3
split_gain=3460.24 1849.44 3462.3 1139.87 1916.6 1050.48 1583.75 1775.62 1861.91 2446.83 2482.51 1329.67 1439.94 1214.53
threshold=16.684754232979486 0.0076312335699731011 -0.0033202550979129497 15.981700295587599 15.674799135655663 0.99898163980900689 -0.15411741730392051 6.8867884999821509 16.040624683728151 0.051763880058526703 0.012242522896923552 15.225370992279283 15.140959873160755 16.401501956730314
decision_type=2 2 2 2 2 10 2 10 2 2 8 2 2 2
left_child=3 -2 -3 4 -1 6 11 8 13 10 -10 12 -5 -8
right_child=1 2 -4 5 -6 -7 7 -9 9 -11 -12 -13 -14 -15
leaf_value=0.0016747686132323185 0.0012388649178611841 -0.00047290361013045603 0.0014173374369945424 0.0021626416087420705 0.01234701305373874 -0.0036527261877656774 -0.00050775697726020217 0.004250722200399141 -9.3293429983446543e-05 0.00013910741713926719 -0.0012682563044047333 0.002553623364559793 -0.011425560477643057 0.00084525302014566153
leaf_weight=5098225.2746229172 2058148.6733398438 593634.8916015625 644880.48461914062 2854080.1980619431 245855.07543945312 1976135.4245712757 6744780.8864393234 1100591.8856517076 592458.2197265625 525565.57861328125 440117.45166015625 784498.33093261719 95047.783203125 109022.77099609375
leaf_count=11647 389 108 127 6749 77 2302 11213 1946 155 162 121 274 51 31
internal_value=0.000300916 0.00180476 0.000278103 5.98593e-05 0.000688096 -0.000160695 -2.64954e-07 -0.000342784 -0.000589879 -0.00215002 -0.0035636 0.000872407 0.000385746 -0.000235197
internal_weight=2.3863e+07 3.29666e+06 1.23852e+06 2.05664e+07 5.34408e+06 1.52223e+07 1.32462e+07 9.51254e+06 8.41194e+06 1.55814e+06 1.03258e+06 3.73363e+06 2.94913e+06 6.8538e+06
internal_count=35352 624 235 34728 11724 23004 20702 13628 11682 438 276 7074 6800 11244
is_linear=0
shrinkage=0.05


Tree=161
num_leaves=15
num_cat=3
split_feature=11 9 21 15 8 24 19 5 29 10 29 30 17 5
split_gain=1364.79 3773.84 1707.02 1788.63 1552.72 2095.63 3207.01 2591.37 1857.8 1766.93 3046.26 1529.09 1471.59 1644.11
threshold=0.20475496823598949 0.15399664588643799 7.1157407444515224 19.250863594461013 0.49987062123436476 1.6850664912594702 -0.015584734230140198 14.928669247269502 0 0.0088057716234723523 1 2 0.0097600429283833025 14.317348577797789
decision_type=2 2 10 2 2 10 2 2 1 2 1 1 2 2
left_child=2 -2 -1 -4 5 6 7 -5 11 10 -8 -6 13 -7
right_child=1 -3 3 4 8 12 9 -9 -10 -11 -12 -13 -14 -15
leaf_value=-0.013084308739018386 -0.0047323082752333268 -0.00014584922754816592 0.00016858543758460084 0.00062810540412139987 -0.44498771195450121 0.0076197063846198641 -0.00086599584348324944 -0.0028807434409156805 0.0070285781920168024 0.0042547813629201844 0.0013732475620654579 -0.018272387963296947 0.0028578523585427703 -0.0042674781237425725
leaf_weight=334139.63823652267 170541.91244506836 5326766.5553200245 13458639.801138282 174218.65168762207 118830.70796203613 500369.93710327148 196673.45211791992 170855.57006835938 855416.53773498535 490149.87886047363 189253.60668945312 182511.93597412109 1563330.1492919922 190082.20263671875
leaf_count=744 102 9910 20555 180 126 625 127 48 1679 251 119 290 509 140
internal_value=0.000347992 -0.000343408 0.000554284 0.000619693 0.00146719 0.00199538 0.000327272 -0.00375546 -0.000119528 0.0019354 -0.000595183 -0.00349549 0.00289921 0.000976709
internal_weight=2.39218e+07 5.49731e+06 1.84245e+07 1.80903e+07 4.63169e+06 3.47493e+06 1.22115e+06 345074 1.15676e+06 876077 385927 301343 2.25378e+06 690452
internal_count=35405 10012 25393 24649 4094 1999 725 228 2095 497 246 416 1274 765
cat_boundaries=0 1 2 3
cat_threshold=72 26 8
is_linear=0
shrinkage=0.05


Tree=162
num_leaves=15
num_cat=0
split_feature=27 7 1 4 7 11 16 16 1 2 9 4 1 24
split_gain=1667.52 4320.15 2362.98 2104.78 3069.07 1284.53 1276.71 3051.8 1649.97 3210.83 1274.32 1061.09 2246.95 725.498
threshold=1.5000000000000002 17.114749279343759 16.536166990069358 17.017299882291177 17.375687477891912 -0.063096804445466434 17.348131363805926 16.711730365174638 14.833278299323824 14.984754333482348 0.14408993956811442 16.554399131064109 16.399633848597894 0.26511602469553558
decision_type=2 2 2 2 2 2 2 2 2 2 2 2 2 10
left_child=1 6 11 5 10 -4 7 8 9 13 -5 12 -2 -1
right_child=2 -3 3 4 -6 -7 -8 -9 -10 -11 -12 -13 -14 -15
leaf_value=0.0090755625981524604 0.00027352064109090879 -0.0017224017977956103 4.7438872120903085e-05 3.5111712490321587e-05 0.00042553192029278983 0.0025880707601915699 0.00041642536153528397 -0.0071779383924390266 0.0073976217043356524 -0.04389212594754717 -0.00042110588935866892 0.0025288131433369495 -0.0022694446188034896 -0.0067982883241704513
leaf_weight=156412.15523147583 17703637.62312448 143702.39306640625 447436.0595703125 532622.9287109375 841868.77783203125 1043672.279296875 331587.87066650391 185453.54528808594 389206.947265625 42633.3212890625 545294.298828125 427315.20971679688 279744.85913085938 910881.50692141056
leaf_count=380 31304 24 102 100 121 240 178 137 174 24 107 114 81 2269
internal_value=0.000262307 -0.00106294 0.000393478 0.00160229 0.000507657 0.00301161 -0.00046594 -0.00102416 -0.000275647 -0.00125792 -0.0012591 0.000169525 0.000111013 -0.000720435
internal_weight=2.39815e+07 2.15988e+06 2.18216e+07 3.41089e+06 1.91979e+06 1.49111e+06 2.01618e+06 1.68459e+06 1.49913e+06 1.10993e+06 1.07792e+06 1.84107e+07 1.79834e+07 1.06729e+06
internal_count=35355 3186 32169 670 328 342 3162 2984 2847 2673 207 31499 31385 2649
is_linear=0
shrinkage=0.05


Tree=163
num_leaves=15
num_cat=0
split_feature=4 3 10 2 24 6 3 24 2 20 4 7 19 4
split_gain=1482.45 3223.76 2602.49 982.978 1927.21 1685.6 1607.77 947.886 1024.52 1145.66 1268.01 1120.39 962.773 1181.21
threshold=17.017299882291177 16.537870894875581 0.011699089724676651 16.158092031731105 2.6833875349298704 16.308496695165442 16.154648050165125 0.80042292159832307 15.930207739512172 -0.048608536677818441 15.813437922507914 15.499379196478147 -0.089495761178203195 14.196594187784376
decision_type=2 2 2 2 10 2 2 8 2 8 2 2 2 2
left_child=1 3 -2 6 5 -5 7 -1 9 -9 11 12 13 -11
right_child=2 -3 -4 4 -6 -7 -8 8 -10 10 -12 -13 -14 -15
leaf_value=0.0020485026562455234 -0.00043585501610583457 0.0013077346701687749 5.9080253827641987e-05 0.001895035170039628 0.0045523377379728417 -0.00039321892502202569 -0.0021034654172086996 0.003612386236553574 0.0047904726381539035 -0.0057754412134602652 -0.0042882038351970356 0.0044237821467611712 -0.00028092718400628492 -0.014512143950313925
leaf_weight=3465446.3323965073 1132601.5502929688 1700128.984375 999768.1171875 438252.08349609375 485558.16333007812 503618.90185546875 394839.12963867188 528837.79502439499 320910.02026367188 127601.48513221741 447138.62316894531 368307.91650390625 12939713.170339465 48490.206787109375
leaf_count=6553 200 388 169 136 143 135 124 943 113 349 170 147 25697 32
internal_value=0.000211727 0.00033497 -0.00104644 0.000157872 0.00142244 0.000103329 6.1039e-05 0.000129346 -4.51506e-05 -0.000107164 -0.000193876 -0.00010701 -0.000183385 -0.00385559
internal_weight=2.39012e+07 2.17688e+07 2.13237e+06 2.00687e+07 1.42743e+06 941871 1.86413e+07 1.82464e+07 1.4781e+07 1.44601e+07 1.39313e+07 1.34841e+07 1.31158e+07 176092
internal_count=35299 34930 369 34542 414 271 34128 34004 27451 27338 26395 26225 26078 381
is_linear=0
shrinkage=0.05


Tree=164
num_leaves=15
num_cat=0
split_feature=7 24 7 8 8 14 1 22 3 17 23 8 16 18
split_gain=1543.26 929.462 2166.58 1837.59 2746.8 2106.63 6871.14 1746.81 1560.22 1474.36 2687.79 1899.9 1220.26 1378.95
threshold=17.375687477891912 2.4100052801830851 15.415654357169361 0.21504900098657187 0.20909418672783139 2.4311060964076883 15.469568271585974 17.107978060464845 17.169510099143395 0.071401219734684454 1.0281736264686052 0.11517032025683187 16.773818065740624 0.69551423052316985
decision_type=2 10 2 2 2 10 2 2 2 2 10 2 2 10
left_child=1 3 7 4 5 9 -7 -3 -5 10 -1 -11 13 -12
right_child=-2 2 -4 8 -6 6 -8 -9 -10 11 12 -13 -14 -15
leaf_value=0.0022570487696217801 0.0004575901125024297 0.0030280240608597433 0.00085835021470784744 0.00069790853808406408 -0.0032872526765840879 0.00060955809936534783 -0.0039611199950449552 -0.0019994995821019383 -0.002670309719152351 -0.00055471242893553267 -0.0019248489337294818 0.00040486862835876439 -0.0050944211601638414 -0.009981391216200947
leaf_weight=335078.503074646 913602.537109375 3389500.558172226 2494652.8154296875 8521217.5364665985 175625.33322525024 291935.35064888 170148.6416015625 4034008.867062211 128612.81005859375 754999.43841552734 520959.97032928467 1523383.0325927734 175980.28136444092 237679.10088348389
leaf_count=304 132 7168 735 15606 153 665 52 8858 25 204 535 539 89 140
internal_value=0.000173068 9.21642e-05 0.000455704 -0.000188745 -0.00104875 -0.000780706 -0.00395626 2.73114e-05 0.000227425 -0.000367138 -0.00173247 0.000393734 -0.00310991 -0.00223976
internal_weight=2.36674e+07 2.27538e+07 9.91816e+06 1.28356e+07 4.18579e+06 4.01016e+06 462084 7.42351e+06 8.64983e+06 3.54808e+06 1.2697e+06 2.27838e+06 934619 758639
internal_count=35205 35073 16761 18312 2681 2528 717 16026 15631 1811 1068 743 764 675
is_linear=0
shrinkage=0.05


Tree=165
num_leaves=15
num_cat=1
split_feature=11 20 15 9 11 15 2 23 18 18 29 11 7 23
split_gain=1255.65 1921.72 2563.32 2836.09 2028.15 1706.74 2600.91 1702.29 1427.56 1976.1 1352.78 2389.18 1504.81 1334.9
threshold=0.013465213433564152 -0.0017940459138056498 19.203026137930177 0.25255206439602912 0.016795339236873354 19.242938431960084 14.594001623242887 6.3820426488833908 0.9810797574314748 0.72285367655238797 0 -0.34515018526173596 13.854754935842861 6.7582366309950865
decision_type=2 8 2 2 2 2 2 10 10 10 1 2 2 10
left_child=5 2 -2 -4 -3 7 10 -1 9 -5 -7 12 -12 -6
right_child=1 4 3 8 13 6 -8 -9 -10 -11 11 -13 -14 -15
leaf_value=0.00024546375802571811 -0.0002417887925194861 -0.0050948355772535087 -0.0013067719957872343 0.0012771490180501113 1.8504055612153647e-05 0.0059219858606299443 0.0033803162071564239 -0.0054373126684945493 0.005681310601695605 -0.019457216656524876 -0.018639463784245365 0.0040342279768404285 -0.047608139012110473 0.0050820397809795241
leaf_weight=8618669.6903692484 1661532.5845966339 118878.52650642395 340131.19592285156 131988.23973083496 7919023.6383748055 859680.32473754883 1300971.9753417969 828153.47875547409 191866.04748535156 122051.04537963867 166851.67864990234 478466.80648803711 87895.185791015625 1216284.3533842564
leaf_count=13102 2817 112 120 121 11426 1392 474 2254 174 131 368 703 69 2164
internal_value=0.000210915 -0.000160159 -0.00140608 -0.00375862 0.000169366 0.000562776 0.00162518 0.000237328 -0.00113555 -0.00359419 0.000270506 -0.00130725 -0.00521884 0.000253805
internal_weight=2.40424e+07 1.17018e+07 2.44757e+06 786037 9.25419e+06 1.23407e+07 2.89387e+06 9.44682e+06 445905 254039 1.59289e+06 733214 254747 9.13531e+06
internal_count=35427 17065 3363 546 13702 18362 3006 15356 426 252 2532 1140 437 13590
cat_boundaries=0 1
cat_threshold=35
is_linear=0
shrinkage=0.05


Tree=166
num_leaves=15
num_cat=0
split_feature=0 8 23 14 5 0 23 3 26 23 11 22 14 9
split_gain=1640.11 2164.1 3154.65 2976.46 3187.97 2218.82 2462.04 2031.76 3567.99 2047.45 1512.75 1819.18 1151.78 1103.29
threshold=14.742370668645821 0.12904521778639408 0.7070285470886476 1.601707050568409 17.130850056497454 16.846705175829062 4.6193908550991907 15.930780293996753 0.25000000000000017 2.1446652958436307 0.10751772219445226 17.241071435641139 1.9746441564863255 0.12236701337558946
decision_type=2 2 8 10 2 2 10 2 2 10 2 2 10 2
left_child=-1 3 -3 13 12 6 7 10 9 -9 -4 -12 -5 -2
right_child=1 2 5 4 -6 -7 -8 8 -10 -11 11 -13 -14 -15
leaf_value=-0.00015834418764049577 0.0030896636537181177 0.0035894219857569272 0.0016910362754278198 0.00036836865906723156 -0.0016512507885605987 0.00044091715975698524 0.002990926109446037 -0.0027336456767085501 0.00020451342669028342 -0.00013335805059598233 -0.0064913365797939371 0.0007688195213723084 -0.0010731327350471964 -0.00010129249025111755
leaf_weight=13712609.81197226 415469.75830078125 1276471.1873779297 1633510.3023681641 418433.2041015625 384037.6064453125 1332508.0490722656 1327995.2987060547 376277.00732421875 650944.11889648438 477451.35693359375 265956.33648681641 482462.19775390625 561238.10388183594 470825.88037109375
leaf_count=31762 90 494 838 128 69 243 552 109 178 129 137 248 168 126
internal_value=0.000292956 0.000777365 0.00117038 -0.000589192 -0.00205527 0.00072705 0.000261752 -0.000373316 -0.00181166 -0.00393771 0.000535294 -0.00132627 -0.000541661 0.0016666
internal_weight=2.37862e+07 1.00736e+07 7.82358e+06 2.25e+06 1.36371e+06 6.5471e+06 5.2146e+06 3.8866e+06 1.50467e+06 853728 2.38193e+06 748419 979671 886296
internal_count=35271 3509 2928 581 365 2434 2191 1639 416 238 1223 385 296 216
is_linear=0
shrinkage=0.05


Tree=167
num_leaves=15
num_cat=0
split_feature=10 17 6 4 4 14 4 16 19 11 23 21 1 22
split_gain=1436.68 2031.05 2442.9 1763.83 2623.13 1791.75 5102.74 1458.23 1457.38 1351.41 2191.7 2106.74 1760.63 1312.52
threshold=0.070154175197686158 0.0099515484587904528 14.692005035093521 17.017299882291177 16.856164222692549 0.92498264309332423 15.674905821477632 18.316622198225307 0.031168418490475556 0.16772982343911821 1.6292395165837652 7.1157407444515224 16.275843258113319 17.765944560180927
decision_type=2 2 2 2 2 8 2 2 2 2 10 8 2 2
left_child=3 2 -2 4 5 6 8 -5 -1 11 -11 -7 -12 -10
right_child=1 -3 -4 7 -6 9 -8 -9 13 10 12 -13 -14 -15
leaf_value=-0.0012267238501194977 -0.00036145664584666393 0.0017772027489580335 -0.024898748833185755 -3.16873837431101e-05 0.0017024202894864778 -0.21760547544548012 -0.016879049430723304 -0.00052226931389196625 -0.0068114695963543753 0.00220140500205392 -0.0035322264414059793 0.00037232864055774097 -0.0033683430095759305 -0.019685704967606028
leaf_weight=1781288.2596901655 3071503.4127941132 5106720.9391479492 86592.898559570312 721070.91625976562 432268.4365234375 68649.031048297882 59967.736206054688 822957.9462890625 267791.42910814285 813424.2075419426 1718235.0288252831 8619285.1383556128 140235.046875 129171.29460525513
leaf_count=3638 9261 4129 59 131 91 221 21 134 558 1499 3222 12079 36 225
internal_value=0.000164873 0.000697709 -0.000299008 -0.000117886 5.86318e-05 -6.32628e-05 -0.00135628 -0.00172187 -0.000960162 0.0001915 -0.000791893 0.000493933 -0.00173929 -0.00369981
internal_weight=2.38392e+07 8.26482e+06 3.1581e+06 1.55743e+07 1.40303e+07 1.3598e+07 2.23822e+06 1.54403e+06 2.17825e+06 1.13598e+07 2.67189e+06 8.68793e+06 1.85847e+06 396963
internal_count=35304 13449 9320 21855 21590 21499 4442 265 4421 17057 4757 12300 3258 783
is_linear=0
shrinkage=0.05


Tree=168
num_leaves=15
num_cat=1
split_feature=11 1 21 0 11 16 16 9 14 8 11 5 28 2
split_gain=1569.04 2129.12 1714.2 1888.79 1699.67 1643.56 1632.87 1625.02 1536.29 1433.73 1203.89 1594.96 1276.53 1430.32
threshold=-0.016257289874851599 16.041732990297305 9.0515012950816871 14.31266430417592 -0.0097332732567626968 18.435443290659602 15.699725877391755 0.45965712248966961 1.6178571945808253 0.064852118826147817 0.0064020624786324505 17.130850056497454 0 16.849067115038203
decision_type=2 2 8 2 2 2 2 2 10 2 2 2 1 2
left_child=1 -1 3 6 8 9 -2 -8 -4 -6 -11 12 -12 -14
right_child=2 -3 4 -5 5 -7 7 -9 -10 10 11 -13 13 -15
leaf_value=0.00038753493565724621 0.00074735389481229444 0.00053009993219219737 -0.0003857593770321877 0.0039091574843673578 -0.010220401211412107 0.0014216482303136624 -0.053211791240334108 -0.0025294539094024384 -0.0036609900313279587 0.0017026255734551811 0.003910900209325296 -0.00066152425099768935 -0.0011037548158554108 0.0011675397142576819
leaf_weight=8649084.80186975 1988212.1753401756 2510011.0964355469 101395.36265563965 1557172.6518554688 110447.86835670471 777695.4677734375 86707.390556335449 95464.053513526917 114824.86875724792 518758.36708545685 864260.68773174286 428045.4658203125 5918413.4042878151 434081.25146484375
leaf_count=16498 5519 575 90 734 87 279 134 264 126 525 2787 70 7730 88
internal_value=0.000261149 0.000696028 -0.000112278 0.000793211 -0.000476466 -0.000371814 -0.000160132 -0.00469087 -0.00485752 -0.000578374 -0.000501817 -0.000659986 -0.000484098 -0.00072938
internal_weight=2.41546e+07 1.11591e+07 1.29955e+07 3.72756e+06 9.26792e+06 9.0517e+06 2.17038e+06 182171 216220 8.27401e+06 8.16356e+06 7.6448e+06 7.21676e+06 6.35249e+06
internal_count=35506 17073 18433 6651 11782 11566 5917 398 216 11287 11200 10675 10605 7818
cat_boundaries=0 1
cat_threshold=7
is_linear=0
shrinkage=0.05


Tree=169
num_leaves=15
num_cat=0
split_feature=24 6 26 1 24 3 22 18 1 3 22 4 0 6
split_gain=1349.69 1891.08 1407.82 3061.03 2082.87 3948.44 1959.91 1761.84 2674.98 1786.83 2272.51 1693.8 1581.37 5266.15
threshold=7.8914968238984153 15.089388231494363 0.25000000000000017 17.156634566241113 4.6217419297213862 15.809359978435861 21.036281688279555 0.20586682109966548 15.035932932970189 14.754531132300697 18.655332724125884 15.480583383983111 16.846705175829062 16.804439504542483
decision_type=10 2 2 2 10 2 2 8 2 2 2 2 2 2
left_child=2 -2 6 4 7 -6 12 9 11 -4 -11 -9 13 -1
right_child=1 -3 3 -5 5 -7 -8 8 -10 10 -12 -13 -14 -15
leaf_value=0.00014759436691233683 0.0018798342741760941 0.0046135991084915954 1.2438955583001928e-05 -0.00046119501235032277 -0.0021585872143171348 -0.010467751105819814 0.011040474447814981 0.00016624499691374816 0.0020089832546558457 -0.0044854771002008154 -0.00010655574148012183 -0.0327093509337485 0.00065782794299796361 -0.00045265166624270314
leaf_weight=10534104.894518614 1185099.3714411259 665769.767578125 2343236.1262663603 721387.953125 896362.50665092468 150135.01489257812 643093.55359649658 2495490.2392446995 1827911.3004150391 320699.17749023438 541461.76965332031 91576.15869140625 1441773.1379394531 153806.16064453125
leaf_count=17728 2950 191 6731 120 2033 42 568 3695 618 154 195 43 258 33
internal_value=0.000218532 0.00151565 0.000110198 -0.000354638 -9.41635e-05 -0.00218581 0.000451862 0.00019308 0.000840881 -0.000699173 -0.00264536 -0.00019364 0.000309249 9.95654e-05
internal_weight=2.40119e+07 1.85087e+06 2.2161e+07 9.38826e+06 8.66687e+06 1.0465e+06 1.27728e+07 7.62037e+06 4.41498e+06 3.2054e+06 862161 2.58707e+06 1.21297e+07 1.06879e+07
internal_count=35359 3141 32218 13631 13511 2075 18587 11436 4356 7080 349 3738 18019 17761
is_linear=0
shrinkage=0.05


Tree=170
num_leaves=15
num_cat=0
split_feature=9 20 27 4 17 0 24 24 10 10 10 9 15 17
split_gain=1707.75 1475.65 1250.27 3888.74 1320.51 1291.9 2566.24 2815.76 1539.33 2515.7 1750.23 1153.25 1355.7 1072.02
threshold=0.11267707992664321 0.020142255308637905 1.5000000000000002 17.179119157328174 0.39233366882668819 15.671123781704924 2.4548095692014305 1.8135144024022452 0.011699089724676651 -0.059243014385458891 -0.18331093563270331 0.21233104827981572 19.307661424879033 0.14864806091691327
decision_type=2 10 2 2 2 2 10 8 2 2 2 2 2 2
left_child=1 -1 3 4 11 13 7 8 9 10 -7 -2 -13 -4
right_child=2 -3 5 -5 -6 6 -8 -9 -10 -11 -12 12 -14 -15
leaf_value=0.0020636065992006764 -0.0018678233864223674 -5.5484859983371366e-05 0.00030725925621388945 -0.0018475164150074889 0.0011734752061133278 -0.00043210016644674374 0.0017150039359049938 -0.00071579271824234476 0.0010599992644617477 -0.00063270138238821349 0.00090683907223004518 -0.0019172102041033236 0.005745908726637914 -0.0017700511414722722
leaf_weight=651767.06301879883 316919.73922729492 235907.58012390137 14215071.854094148 73807.63037109375 99360.018859863281 480128.74926757812 1731940.8254394531 795568.00830078125 1366038.42578125 507578.18969726562 507811.73950195312 1316714.9831495285 305471.70764923096 1360634.0236206055
leaf_count=352 198 76 29257 11 46 102 486 201 344 124 118 2550 362 1043
internal_value=0.000212084 0.00236417 0.000129302 -0.00103015 -0.000621921 0.00024612 0.000913398 0.000162538 0.000894074 -0.000214258 0.00125565 -0.000909989 -0.00037103 1.52479e-05
internal_weight=2.39647e+07 887675 2.3077e+07 2.11227e+06 2.03847e+06 2.09648e+07 5.38907e+06 3.65713e+06 2.86156e+06 1.49552e+06 987940 1.93911e+06 1.62219e+06 1.55757e+07
internal_count=35270 428 34842 3167 3156 31675 1375 889 688 344 220 3110 2912 30300
is_linear=0
shrinkage=0.05


Tree=171
num_leaves=15
num_cat=3
split_feature=6 26 16 29 25 1 8 18 15 24 29 11 28 23
split_gain=1351.5 1664.01 2745.44 2338.9 2025.31 1863.52 1668.18 2302.84 1627.36 1453.71 1227.38 1219.51 1937.51 1844.2
threshold=14.163250544398059 -0.24999999999999997 18.316622198225307 0 1.0000000180025095e-35 16.536166990069358 0.27049709933682115 0.75196990740825687 17.848783754362763 1.9434536580973651 1 0.026494436646094854 2 6.8867884999821509
decision_type=2 2 2 1 2 2 2 10 2 10 1 2 1 10
left_child=-1 3 11 4 10 -4 7 8 -6 -10 -2 12 -3 -13
right_child=1 2 5 -5 6 -7 -8 -9 9 -11 -12 13 -14 -15
leaf_value=-0.00052083303785365387 0.002003882893936612 0.0022040829421169973 0.00042178141256218242 0.0026024311769897958 -0.0010856383472253636 -0.00040639923114688185 0.0020430242539307762 -0.0041862182410923468 0.0013880666388956251 -0.0014123754487236544 -0.0021250415591045433 -0.00030563879448449642 -0.00091365647095584658 0.0039706947987537588
leaf_weight=10634351.190822959 1351630.5830078125 2507305.0249633789 420865.04968261719 1278200.121887207 393551.87841796875 1207417.9035644531 1046405.8377685547 352917.33227539062 411439.72998046875 268398.28686523438 277203.24633789062 2643257.362121582 653438.66101074219 418888.8369140625
leaf_count=29682 597 1193 191 399 160 216 565 140 141 123 159 1252 292 200
internal_value=0.000314318 0.000651648 0.000187489 0.00132904 0.000747036 -0.00164036 -0.000154726 -0.00126709 -0.000115089 0.00136617 0.002116 0.000665764 0.00135471 -4.53642e-05
internal_weight=2.38653e+07 1.32309e+07 7.85117e+06 5.37975e+06 4.10155e+06 1.62828e+06 2.47271e+06 1.42631e+06 1.07339e+06 679838 1.62883e+06 6.22289e+06 3.16074e+06 3.06215e+06
internal_count=35310 5628 3344 2284 1885 407 1129 564 424 264 756 2937 1485 1452
cat_boundaries=0 1 2 3
cat_threshold=15 9 368
is_linear=0
shrinkage=0.05


Tree=172
num_leaves=15
num_cat=0
split_feature=0 20 10 10 10 24 11 8 22 27 8 25 16 11
split_gain=1482.54 2143.08 2390.47 1399.71 4960.01 4947.82 1456.5 2460.89 1697.23 1401.34 1654.7 1932.14 2199.68 1962.82
threshold=14.418027002691629 0.047197542287610007 0.011699089724676651 0.0029213243098231002 -0.027175518119125944 1.6185599954412302 0.071442137882853765 0.21504900098657187 17.755708106961873 8.5000000000000018 0.089262396150043263 -0.6830127018922193 18.407908271991452 0.042667907455968802
decision_type=2 10 2 2 2 10 2 2 2 2 2 2 2 2
left_child=-1 3 -3 4 6 -6 -2 8 -8 -5 -11 12 13 -12
right_child=1 2 -4 9 5 -7 7 -9 -10 10 11 -13 -14 -15
leaf_value=-0.00034485409513666305 0.00057067500726656905 0.00013231191028909719 -0.00094100254533971471 0.0019272304596682313 -0.002120125670575432 0.00010601880672041786 -4.5806391088622216e-05 0.0020619337445103593 -0.002936757969873121 0.0021388834308585128 0.0022105872431295004 0.0012441937784821416 -0.0033583038688398529 -0.0018492772293723402
leaf_weight=12141761.856902242 2985824.6817626953 422797.88146972656 433226.07867431641 3341791.6729736328 377070.67700195312 380251.8779296875 302195.5810546875 949683.59216308594 276844.88061523438 288807.88024902344 364302.15069580078 1030669.1115722656 243871.49523925781 377760.9208984375
leaf_count=30631 1074 160 164 1443 122 142 130 389 73 65 183 454 59 188
internal_value=0.000311236 0.000710977 -0.00169813 0.000899844 0.000313934 -0.00343058 0.000942082 -0.000313041 -0.00288218 0.00144681 0.000498524 -8.4084e-06 -0.0015908 -0.000236904
internal_weight=2.39169e+07 1.17751e+07 856024 1.09191e+07 5.27187e+06 757323 4.51455e+06 1.52872e+06 579040 5.6472e+06 2.30541e+06 2.0166e+06 985935 742063
internal_count=35277 4646 324 4322 1930 264 1666 592 203 2392 949 884 430 371
is_linear=0
shrinkage=0.05


Tree=173
num_leaves=15
num_cat=1
split_feature=15 15 14 17 24 7 1 19 18 29 2 19 19 7
split_gain=1226.12 3094.31 8936.84 2549.64 1619.74 1829.8 1485.87 1385.36 2402.99 1468.69 1777.79 1377.94 1206.23 1303.52
threshold=19.217144507318054 19.196375705064558 1.4909813856250704 0.010881109273156201 0.76154620333277312 16.110960638906878 14.881503762236404 0.067389763769534761 0.18100979166832898 0 16.04258516408715 0.043489306917255603 -0.020948958783492597 14.848649244399011
decision_type=2 2 10 2 10 2 2 2 8 1 2 2 2 2
left_child=1 7 -3 6 5 -5 -2 9 -9 11 12 -1 -11 -14
right_child=3 2 -4 4 -6 -7 -8 8 -10 10 -12 -13 13 -15
leaf_value=0.00012684993477887868 9.4968035752617246e-05 -0.0037108788721350833 -0.0065205735315016153 0.0056114717796339232 0.0023078486868565919 -0.0026221017825889033 -0.010642405302158469 6.5052779028447301e-05 -0.012235845475391832 0.0042086661108974568 -0.014211893646755595 0.002602443608359691 -0.0046828347785927305 -0.0068644475027682941
leaf_weight=10547902.984773278 4100527.3901824951 528587.40623474121 136365.91873168945 304119.08801269531 3084277.1147460938 304315.17822265625 149872.87426757812 121689.44690704346 67023.84415435791 781316.26699876785 47099.444580078125 1159474.4594582319 2089786.6433079243 361686.83862304688
leaf_count=15958 6298 566 74 148 1014 65 103 300 73 2313 17 1654 6606 159
internal_value=0.00020932 -4.48933e-05 -0.00338334 0.000716297 0.00167737 -0.00068034 -0.000118675 0.000101385 -0.0041559 0.000154991 -0.000780143 0.000416974 -0.000639638 -0.00118489
internal_weight=2.3784e+07 1.58409e+07 664953 7.94311e+06 3.69271e+06 608434 4.2504e+06 1.5176e+07 188713 1.49873e+07 3.27989e+06 1.17074e+07 3.23279e+06 2.45147e+06
internal_count=35348 27720 640 7628 1227 213 6401 27080 373 26707 9095 17612 9078 6765
cat_boundaries=0 1
cat_threshold=57
is_linear=0
shrinkage=0.05


Tree=174
num_leaves=15
num_cat=1
split_feature=7 8 24 18 25 8 29 25 20 14 8 16 10 6
split_gain=1599.42 2632.55 2288.08 3373.77 4888.04 7489.52 1737.45 1261.77 2952.54 1703.89 1249.55 1163.3 947.642 924.614
threshold=15.415654357169361 0.41868641287649683 5.5896427196048108 0.53034502210165368 1.0000000180025095e-35 0.21850940890707035 0 -0.24999999999999997 0.014912488268582403 2.3687679518719835 0.23495043527326703 16.390140226443631 -0.029982923756839346 15.515705039931486
decision_type=2 2 10 10 2 2 1 2 10 10 2 2 2 2
left_child=13 2 3 7 6 -6 10 8 -2 12 -5 -4 -9 -1
right_child=1 -3 11 4 5 -7 -8 9 -10 -11 -12 -13 -14 -15
leaf_value=3.0613291987238045e-06 0.00058843492090147615 0.0095353835285372085 0.0012789350568800642 0.0028595466385019962 -0.0034764080079171741 0.0037048585361057589 -0.00024977915670085807 0.00021136279794912164 -0.00040871475190575762 -0.00030056643187814457 8.3717684755927414e-05 0.0029961656573089541 0.0019677375693040785 -0.0088668982545902133
leaf_weight=16544810.546503544 1050507.4609375 635651.68310546875 336941.13061523438 429450.61083984375 744761.09985351562 528696.75024414062 422475.97045898438 756377.619140625 444746.115234375 677720.12646484375 407860.54125976562 406352.45751953125 638115.5908203125 70669.499145507812
leaf_count=33461 232 218 120 110 180 167 116 179 115 151 127 95 140 33
internal_value=0.000258363 0.000865522 0.000579649 0.000260539 -0.0011348 -0.00331931 0.00107342 0.00125136 0.000144385 0.00205013 0.00239238 0.0031988 0.00304965 -1.49564e-05
internal_weight=2.40951e+07 7.47966e+06 6.84401e+06 6.10071e+06 2.53324e+06 1.27346e+06 1.25979e+06 3.56747e+06 1.49525e+06 2.07221e+06 837311 743294 1.39449e+06 1.66155e+07
internal_count=35444 1950 1732 1517 700 347 353 817 347 470 237 215 319 33494
cat_boundaries=0 1
cat_threshold=9
is_linear=0
shrinkage=0.05


Tree=175
num_leaves=15
num_cat=0
split_feature=8 26 25 27 4 3 14 21 23 3 8 1 3 1
split_gain=1322.96 4025.17 2142.65 1009.2 1862.74 1197.1 3611.5 2250.76 2680.38 1433.47 2575.21 1191.41 1517.87 1223.64
threshold=0.064852118826147817 1.0000000180025095e-35 -0.24999999999999997 1.5000000000000002 17.179119157328174 16.537870894875581 1.601707050568409 10.607054068381858 2.5228400253385952 16.154648050165125 0.17463162612303326 16.997225798689893 16.850127835172454 16.041732990297305
decision_type=2 2 2 2 2 2 10 10 10 2 2 2 2 2
left_child=1 -1 -3 4 11 9 -7 -8 -9 -5 -11 12 13 -2
right_child=3 2 -4 5 -6 6 7 8 -10 10 -12 -13 -14 -15
leaf_value=0.0033147646032255411 -0.0019076279657701972 -0.00094448197980209259 -0.004882743360004725 0.00055215451335791131 -0.0023880122835166951 0.0023362389159547635 0.00063457902839171793 -0.0002182742481107885 0.00090476412684907916 -0.00026318938872983976 0.00022058140340825628 0.001317131305354261 -0.0033279888978114238 0.00045126872700742995
leaf_weight=158078.5255408287 1652666.7936310768 128108.92776191235 98417.583952188492 16983551.159608841 99763.9443359375 1135092.9943847656 779655.83935546875 661437.84643554688 636643.09765625 492542.0439453125 677780.14111328125 96238.19970703125 75229.743896484375 242187.9189453125
leaf_count=208 3015 99 140 30735 15 227 162 129 120 140 196 18 16 69
internal_value=0.000226524 -0.00268229 -0.00695528 0.000274064 -0.000754316 0.000378317 0.00126794 2.8889e-05 -0.00124649 0.000220874 -0.00147167 -0.000432138 -0.000697497 -0.00042096
internal_weight=2.39174e+07 384605 226527 2.35328e+07 2.16609e+06 2.13667e+07 3.21283e+06 2.07774e+06 1.29808e+06 1.81539e+07 1.17032e+06 2.06632e+06 1.97008e+06 1.89485e+06
internal_count=35289 447 239 34842 3133 31709 638 411 249 31071 336 3118 3100 3084
is_linear=0
shrinkage=0.05


Tree=176
num_leaves=15
num_cat=0
split_feature=21 22 8 20 9 9 1 7 9 11 17 8 23 24
split_gain=1107.82 3502.66 3061.77 4245.25 1857.09 1535.04 1377.27 1986.95 1561.11 1360.55 1428.55 1198.5 1170.81 1066.49
threshold=10.844558463446885 19.630753430190442 0.064852118826147817 0.020142255308637905 0.13067246360888676 0.099641508914028162 16.158092031731105 16.29414425370425 0.12236701337558946 -0.15743787092571618 0.44230700546337237 0.12904521778639408 1.1516567307597303 1.2736174209524151
decision_type=10 2 2 10 2 2 2 2 2 2 2 2 10 10
left_child=2 4 3 13 -2 -4 7 8 -7 -6 -11 -8 -13 -1
right_child=1 -3 5 -5 9 6 11 -9 -10 10 -12 12 -14 -15
leaf_value=0.0048577859327932002 0.0023184980467544133 -0.0018956243502202671 -0.0012167420453179515 -0.0044053422803826013 0.0020385150667572394 -0.0037226551720691628 -0.00010507791571749464 -0.0018111886776840088 3.0579688441511528e-05 0.00046371137006416958 -0.00072056169863411517 0.0020823306570229203 0.00019280778105053338 -0.00070721913511627996
leaf_weight=53901.221092224121 500062.44560241699 216501.40405273438 196636.04965209961 60404.350868582726 1161397.6837704182 106393.69841003418 669334.88940429688 133892.23852539062 15415953.801559329 3150709.0632591248 129009.65869140625 502164.15698242188 1310958.5231933594 64937.492639899254
leaf_count=71 203 79 53 48 1738 84 148 37 28363 3660 20 134 333 288
internal_value=0.000199093 0.000847151 1.85607e-05 -0.00648458 0.0011199 8.21342e-05 0.000129768 -4.37215e-05 8.59258e-06 0.000794631 0.000273853 0.00122392 0.00189143 -0.000998581
internal_weight=2.36723e+07 5.15768e+06 1.85146e+07 179243 4.94118e+06 1.83353e+07 1.81387e+07 1.56562e+07 1.55223e+07 4.44112e+06 3.27972e+06 2.48246e+06 1.81312e+06 118839
internal_count=35259 5700 29559 407 5621 29152 29099 28484 28447 5418 3680 615 467 359
is_linear=0
shrinkage=0.05


Tree=177
num_leaves=15
num_cat=0
split_feature=9 11 23 4 11 11 23 17 4 3 22 8 22 14
split_gain=1599.93 1714.24 1577.21 1876.99 1364.11 3251.74 1676.53 1584.8 2846.18 2350.68 1189.31 1488.8 1296.72 1169.67
threshold=0.13067246360888676 0.1227845241495417 6.9575763188586714 14.687764049528013 -0.13830438816724025 -0.13421717062921162 6.8867884999821509 0.24497248980684103 17.017299882291177 16.850127835172454 19.607205262989968 0.1520367391642001 19.600808566351393 1.601707050568409
decision_type=2 2 10 2 2 2 10 2 2 2 2 2 2 10
left_child=1 13 4 -4 6 -6 10 -7 9 -9 11 -2 -13 -1
right_child=2 -3 3 -5 5 7 -8 8 -10 -11 -12 12 -14 -15
leaf_value=0.002613036322686702 0.0031230932337501459 -0.00095437160354333399 0.0015956567578713479 0.0056069267794976278 -0.0050223318261302281 -2.5534328056880692e-05 -0.058056360592893125 -0.00057805365178516049 -0.0028496444577973731 0.002633925019457846 0.0078923809661250195 0.00058833470265637604 -0.0031192278802616448 9.5654559305565054e-05
leaf_weight=503192.43676757812 459090.4018317461 289194.76956176758 1387350.5682035685 605810.89501953125 116969.31955718994 12293215.648928165 58001.844906806946 931341.8779296875 674614.64819335938 327432.39697265625 417255.81287193298 4937038.7775359154 74381.096618652344 701985.7908782959
leaf_count=305 426 100 3717 237 116 19006 116 464 120 66 300 9844 22 291
internal_value=0.000203308 0.00178709 9.70915e-05 0.00143923 -3.47556e-05 -0.000298715 0.00060202 -0.000230452 -0.00156115 -0.000156735 0.000685353 0.000489094 0.000239437 0.00261665
internal_weight=2.37769e+07 1.49437e+06 2.22825e+07 1.99316e+06 2.02893e+07 1.43436e+07 5.94577e+06 1.42266e+07 1.93339e+06 1.25877e+06 5.88777e+06 5.47051e+06 5.01142e+06 1.20518e+06
internal_count=35130 696 34434 3954 30480 19772 10708 19656 650 530 10592 10292 9866 596
is_linear=0
shrinkage=0.05


Tree=178
num_leaves=15
num_cat=0
split_feature=10 17 20 25 6 21 18 27 15 11 20 25 16 23
split_gain=1375.6 2539.93 2738.97 2958.6 1598.26 1506.86 1281.67 2647.39 1968.22 1562.13 2212.12 1330.56 1249.78 2798.8
threshold=0.0060859532655932009 0.0099515484587904528 0.047197542287610007 -0.24999999999999997 14.692005035093521 11.306576306974611 0.26154714214547931 8.5000000000000018 17.182182440199757 0.22465421172121494 1.0000000180025095e-35 -0.6830127018922193 18.369372682749788 2.4308761225760551
decision_type=2 2 10 2 2 8 10 2 2 2 8 2 2 10
left_child=12 4 5 -4 -2 6 7 -3 -9 -8 -11 -10 -1 -14
right_child=1 2 3 -5 -6 -7 9 8 11 10 -12 -13 13 -15
leaf_value=5.5216701281934109e-05 -0.0007245757045924086 0.0033929883271677981 -0.0025114969068545361 0.00081567091773358628 -0.0095653296733463952 -0.00098771284829841759 0.00228853032818705 0.0019309812410402275 -0.0057267960991993164 -0.0027453427946736567 0.0040212002424163708 -0.0014403154606933762 -0.00063825432954813085 0.0015399938513338167
leaf_weight=12070259.178630829 3781738.8562005758 1502836.8131713867 326375.59467315674 225761.13595581055 84609.588012695312 205734.98587036133 3044490.3110961914 582951.26784515381 276392.87866210938 215018.08338928223 597672.1828918457 293512.90472412109 512230.50262451172 276441.8356628418
leaf_count=18713 10885 2020 183 176 58 140 1260 928 146 106 325 163 198 143
internal_value=0.000304564 0.000711346 0.00126197 -0.00212327 -0.000324115 0.00154017 0.00167326 0.000827944 -0.000974484 0.00225526 0.000307712 -0.00306394 -4.77497e-05 -0.00197614
internal_weight=2.3996e+07 1.11371e+07 7.27075e+06 552137 3.86635e+06 6.71861e+06 6.51287e+06 2.65569e+06 1.15286e+06 3.85718e+06 812690 569906 1.28589e+07 788672
internal_count=35444 16390 5447 359 10943 5088 4948 3257 1237 1691 431 309 19054 341
is_linear=0
shrinkage=0.05


Tree=179
num_leaves=15
num_cat=1
split_feature=0 26 3 9 29 19 1 25 9 3 19 24 14 21
split_gain=1535.08 2303.85 1447.8 1064.5 3087.48 6177.74 2564.62 1794.42 1763.16 2484.96 1529.98 1390.36 1373.03 1409.15
threshold=17.153843914118731 -0.24999999999999997 17.441669403438507 0.22873494940835284 0 -0.021836054212983447 16.041732990297305 -0.6830127018922193 0.13067246360888676 16.691666025947082 0.038131311719641459 2.4980180575279705 0.54815674642717871 10.480130275481486
decision_type=2 2 2 2 1 2 2 2 2 2 2 8 10 10
left_child=2 -2 3 4 5 -1 -5 -6 11 12 -7 -9 -10 -14
right_child=1 -3 -4 6 7 10 -8 8 9 -11 -12 -13 13 -15
leaf_value=-0.0041713973447802428 0.000620477350589565 -1.9914942340702918e-06 -0.0004682974945054642 0.00011999604051880102 0.00052368846800192239 -5.8157998854097104e-06 0.0035989969888628169 -7.2021418737353772e-05 -0.005652999427412206 -0.00056058104842405534 -0.0032974102768365508 0.0024830799536651764 0.00061753524237883608 -0.0003465748838509468
leaf_weight=178032.46947479248 639105.61669921875 855588.28857421875 141097.72802734375 15748064.215362906 1009239.7007675171 514105.44421005249 1540969.3510742188 505556.26606750488 146407.02958679199 507743.35888671875 130153.40249633789 233109.47393798828 746219.10570526123 965948.11752319336
leaf_count=144 103 139 24 31386 653 425 423 205 210 106 91 204 634 640
internal_value=0.000133113 0.00168447 2.94405e-05 6.14928e-05 -0.000586085 -0.00338307 0.000246395 -2.7056e-05 -0.000622383 -0.00128808 -0.00110491 0.00151017 -0.00044119 -4.37892e-05
internal_weight=2.38613e+07 1.49469e+06 2.23666e+07 2.22255e+07 4.93651e+06 822291 1.7289e+07 4.11422e+06 3.10498e+06 2.36632e+06 644259 738666 1.85857e+06 1.71217e+06
internal_count=35387 242 35145 35121 3312 660 31809 2652 1999 1590 516 409 1484 1274
cat_boundaries=0 1
cat_threshold=82
is_linear=0
shrinkage=0.05


Tree=180
num_leaves=15
num_cat=0
split_feature=10 5 22 4 16 14 22 6 17 6 24 24 10 4
split_gain=1757.75 2989.23 2203.96 4672.6 2172.6 1870.03 1868.7 1408.18 1339.37 2104.07 1297.13 1548.04 1573.95 3356.68
threshold=0.063826684031084754 16.625604377944345 19.630753430190442 17.017299882291177 17.414092063640975 1.0262349933820862 19.62016056693923 16.420481291213544 0.0099515484587904528 14.692005035093521 0.48034932442572503 5.0917406202086264 0.039608830008564362 16.554399131064109
decision_type=2 2 2 2 2 10 2 2 2 2 8 10 2 2
left_child=2 7 6 4 5 -4 10 8 9 -2 -1 12 -12 -14
right_child=1 -3 3 -5 -6 -7 -8 -9 -10 -11 11 -13 13 -15
leaf_value=0.00014179218605849518 -0.00049348305347196001 0.0017968511142999904 -0.017796428695843625 -0.011586774442719295 -0.0067546080846237685 0.010998818325637497 0.0022967469176365355 -0.0042598673944811176 0.0019594460973965605 -0.015587509924023597 -0.00016029345753385454 0.001678637523652448 -0.00078788366761144406 -0.0015591628381534176
leaf_weight=2338048.3902125359 3155272.7194316387 1210768.5400390625 198194.74751281738 133755.05810546875 156021.33434104919 370281.57522583008 272190.62289428711 103452.13720703125 3935023.4735641479 83404.272338867188 9121111.1908154488 2106292.0605438948 506644.36109733582 155048.53369140625
leaf_count=3106 9497 239 240 23 109 364 102 29 3920 57 12792 4164 661 30
internal_value=0.000146491 0.000723931 -0.000172651 -0.00263459 -0.00104941 0.000385017 -2.69232e-05 0.000341196 0.000424721 -0.000328355 -0.000105436 -0.000317153 -0.000581889 -0.00293656
internal_weight=2.38455e+07 8.48792e+06 1.53576e+07 858253 724498 568476 1.44993e+07 7.27715e+06 7.1737e+06 3.23868e+06 1.42271e+07 1.18891e+07 9.7828e+06 661693
internal_count=35333 13742 21591 736 713 604 20855 13503 13474 9554 20753 17647 13483 691
is_linear=0
shrinkage=0.05


Tree=181
num_leaves=15
num_cat=0
split_feature=27 4 8 17 17 0 0 8 9 7 6 17 23 16
split_gain=979.819 2275.42 1701.57 1259.27 1178.49 1428.34 1166.66 2062.7 1264.72 1201.38 1104.06 1109.18 1489.56 1827.99
threshold=1.5000000000000002 17.179119157328174 0.10357422990767361 0.39233366882668819 0.31408482136343246 16.273039820797113 16.846705175829062 0.096489678386156755 0.099641508914028162 16.807051060811158 16.604429800222857 0.27754239535709518 4.0417109434809904 18.114578210008297
decision_type=2 2 2 2 2 2 2 2 2 2 2 2 10 2
left_child=1 2 -1 4 5 -4 8 -8 -2 10 11 -10 13 -13
right_child=6 -3 3 -5 -6 -7 7 -9 9 -11 -12 12 -14 -15
leaf_value=-0.0011785037418751473 0.0026084806152227597 -0.0022619920086674222 -0.00080688847878907649 0.0011533907393584228 -0.0041871203631834338 0.00073164068384948136 -0.00031988047955945685 0.00050503734642140638 0.00039964026592079736 -0.00018568148634575958 0.001686821773890112 -0.0055660410322644661 0.0021715827800738909 -0.00010328286993548414
leaf_weight=116111.26752173901 147892.42813110352 92020.39892578125 1692832.9885416031 113966.33374023438 91271.833679199219 126169.83227539062 661115.025390625 1960656.6513671875 17267650.49994278 367893.94140625 331715.72338867188 245572.77215576172 334506.126953125 497026.79150390625
leaf_count=87 209 14 3013 46 28 30 115 359 30688 77 80 179 195 208
internal_value=0.000223343 -0.000774362 -0.000443371 -0.000105727 -0.000410333 -0.000132146 0.000325445 0.00131477 0.000190298 0.00015453 0.000210267 0.000158572 -0.00139812 -0.00264606
internal_weight=2.40464e+07 2.23237e+06 2.14035e+06 2.02424e+06 1.91027e+06 1.819e+06 2.1814e+07 2.62177e+06 1.91923e+07 1.90444e+07 1.86765e+07 1.83448e+07 1.07711e+06 742600
internal_count=35328 3218 3204 3117 3071 3043 32110 474 31636 31427 31350 31270 582 387
is_linear=0
shrinkage=0.05


Tree=182
num_leaves=15
num_cat=0
split_feature=2 26 21 24 11 2 6 14 0 1 1 5 11 2
split_gain=1888.61 2041.23 2656.44 1398.71 1384.06 1143.78 1105.03 2490.11 897.459 1671.13 1325.24 1648.65 890.194 850.682
threshold=15.930207739512172 1.0000000180025095e-35 10.580695250462366 2.0753629681971755 0.050197869634953159 16.849067115038203 16.958239102935611 1.9910721637153699 16.3974896391274 16.275843258113319 16.041732990297305 15.659325953385059 0.046607321081084209 15.671478107019702
decision_type=2 2 10 8 2 2 2 10 2 2 2 2 2 2
left_child=8 3 -3 6 5 -4 7 -2 9 10 11 13 -5 -1
right_child=1 2 4 12 -6 -7 -8 -9 -10 -11 -12 -13 -14 -15
leaf_value=0.00013917681052033054 0.00073771269391988126 0.0013620003091672087 0.00080909115561284212 0.00057713433571932331 -0.0005410113261955301 -9.4563400538914802e-05 0.0001653975405431291 -0.0016715552142319149 0.0037878198863978379 -0.0049283657705549225 0.0053578289780282793 -0.0033832629316744504 0.0035973342819399243 -0.0052683457499553381
leaf_weight=17036749.485373497 506775.78198242188 1000036.0954589844 630377.45385742188 764219.9453125 613588.17041015625 745743.87890625 874535.177734375 412585.70166015625 90500.580322265625 60941.3583984375 133477.009765625 498033.44580078125 464246.35864257812 177860.28637695312
leaf_count=33639 142 265 170 186 124 137 153 110 28 20 47 184 111 78
internal_value=0.000289729 0.00105699 0.000130671 0.0019733 -0.000925941 -4.53732e-05 0.0010832 -0.000127132 3.34255e-05 8.32494e-06 3.65508e-05 -8.52255e-07 0.00327311 8.11968e-05
internal_weight=2.40097e+07 6.01211e+06 2.98975e+06 3.02236e+06 1.98971e+06 1.37612e+06 1.7939e+06 919361 1.79976e+07 1.79071e+07 1.78461e+07 1.77126e+07 1.22847e+06 1.72146e+07
internal_count=35394 1398 696 702 431 307 405 252 33996 33968 33948 33901 297 33717
is_linear=0
shrinkage=0.05


Tree=183
num_leaves=15
num_cat=3
split_feature=11 9 20 14 20 23 29 24 21 28 17 17 29 8
split_gain=1083.24 1905.16 1535.35 1925.01 1549.4 1416.94 1386.73 1129.46 1311.49 1310.4 1115.32 1261.48 1040.84 1078.74
threshold=0.16772982343911821 0.15399664588643799 -0.035794820324086991 1.5170000176554674 -0.034763727178348192 6.934833725132326 0 2.6761558945178754 8.4619717517376625 1 0.39233366882668819 0.31408482136343246 2 0.41450149089786897
decision_type=2 2 8 10 8 8 1 10 10 1 2 2 1 2
left_child=2 -2 3 6 -4 10 -1 8 9 -6 11 -3 -7 -14
right_child=1 5 4 -5 7 12 -8 -9 -10 -11 -12 -13 13 -15
leaf_value=0.0010935107642759706 -0.00065160075660981409 -0.0014749020640039952 -0.0043280006207515554 0.0026332277070872314 -0.031269261867167455 0.0046201075986028618 -0.0020744594909935057 0.0011659421994220855 4.8875644751854962e-05 -0.0070866899278889941 0.0061830566172133214 -0.014711613689442311 -0.026373617721489558 0.0091817665184836233
leaf_weight=185968.17621612549 236824.53067016602 4861495.1698403358 75199.415135383606 795419.36462402344 55020.265984535217 750215.92289876938 201368.63027572632 5547935.8129763603 9979765.7485246658 731637.90375232697 168259.34301757812 67538.896789550781 45944.36625289917 89433.724242210388
leaf_count=212 140 9115 59 1134 161 1323 226 9164 11763 1447 87 23 64 334
internal_value=0.000130962 -0.00043612 0.00033168 0.00207146 0.000206129 -0.000262016 -0.000819172 0.000239134 -5.9507e-05 -0.00202506 -0.000582745 -0.000719395 0.00158403 -0.00245106
internal_weight=2.3792e+07 6.21971e+06 1.75723e+07 1.18276e+06 1.63896e+07 5.98289e+06 387337 1.63144e+07 1.07664e+07 786658 5.09729e+06 4.92903e+06 885594 135378
internal_count=35252 11086 24166 1572 22594 10946 438 22535 13371 1608 9225 9138 1721 398
cat_boundaries=0 1 2 3
cat_threshold=74 20 11
is_linear=0
shrinkage=0.05


Tree=184
num_leaves=15
num_cat=0
split_feature=0 10 14 1 27 12 0 8 10 11 18 8 24 15
split_gain=1136.17 1788.11 1759.06 1258.84 963.533 658.263 776.056 2157.46 2328.64 1556.64 2633.61 1404.06 1921.7 1913.01
threshold=16.846705175829062 1.0000000180025095e-35 1.7558459630349623 16.997225798689893 9.5000000000000018 7.5000000000000009 14.173536851574161 0.39782227389442237 -0.3190001514997553 0.35485554419068421 0.73845001165432567 0.22153552291441761 2.6761558945178754 19.400405232517958
decision_type=2 2 10 2 2 2 2 2 2 2 10 2 8 2
left_child=3 2 -2 5 -3 -1 -7 8 -8 11 -11 12 -10 -13
right_child=1 4 -4 -5 -6 6 7 -9 9 10 -12 13 -14 -15
leaf_value=0.005825159438054596 -9.0455142878002155e-05 0.001667805918901617 0.00020887860049814981 -0.00073996094269257321 5.8360683645915815e-05 -0.00089930612748214192 -0.0026319617646977773 0.0052972137040403818 -0.00020044180198370618 0.0031815778253179517 -0.0046997458460947585 0.0030790202921675749 0.0012254680577870277 -0.0024993937894314971
leaf_weight=333628.21997439861 585090.05322265625 923585.0390625 566580.6181640625 117988.62255859375 643397.68334960938 10667498.204415798 432513.22790527344 2214736.6368408203 2573606.5571289062 307187.98223876953 330650.76196289062 2698155.731628418 1253555.7525024414 222356.61505126953
leaf_count=3063 97 172 106 25 120 26753 180 1301 1135 177 141 1392 584 113
internal_value=0.000160947 0.00112313 -0.000372612 3.7277e-05 0.00222245 6.61666e-05 3.06564e-05 0.000346338 -4.3912e-05 0.000164913 -0.00219608 0.000388091 -0.000241962 0.00121374
internal_weight=2.38705e+07 2.71865e+06 1.15167e+06 2.11519e+07 1.56698e+06 2.10339e+07 2.07003e+07 1.00328e+07 7.81803e+06 7.38551e+06 637839 6.74767e+06 3.82716e+06 2.92051e+06
internal_count=35359 495 203 34864 292 34839 31776 5023 3722 3542 318 3224 1719 1505
is_linear=0
shrinkage=0.05


Tree=185
num_leaves=15
num_cat=0
split_feature=0 26 4 3 23 21 6 25 21 20 9 11 15 11
split_gain=1381.31 1878.41 1574.94 1865.02 875.322 1167.05 1219.91 1102.19 2343.74 1046.66 1225.78 2089.33 2339.11 1202
threshold=17.153843914118731 -0.24999999999999997 17.017299882291177 17.004815837258366 6.9575763188586714 9.2446040057347396 14.122881853906271 -0.6830127018922193 9.4648677230992835 -0.05916215992804829 0.29614115285454284 -0.39308712366743487 17.998902631235918 -0.15743787092571618
decision_type=2 2 2 2 10 10 2 2 10 8 2 2 2 2
left_child=2 -2 3 4 9 6 -6 8 -7 -1 11 12 -11 -13
right_child=1 -3 -4 -5 5 7 -8 -9 -10 10 -12 13 -14 -15
leaf_value=0.0016936699563380776 0.00077492752027708142 -2.7307296267060992e-05 -0.00027560437807914659 0.0013824518280689875 0.003117420390283347 -0.4989056882793137 0.0053408552459254964 0.0022957352554321656 -0.0014684460010578463 -0.004844322089520541 0.00045217893028408514 0.00089092196272901134 -0.012474682861865724 -0.0001887607546295106
leaf_weight=575665.59108304977 671218.73046875 922633.0693359375 757555.53662109375 377127.56469726562 810742.97996473312 60896.186862945557 532713.60412597656 494397.32329177856 105170.60246610641 82507.709217071533 12550232.429645419 919923.83018875122 52419.18724822998 4998788.8095779419
leaf_count=880 107 150 149 77 2605 88 281 870 210 195 25129 734 67 3785
internal_value=0.000161439 0.00158348 5.98837e-05 0.000138615 7.65675e-05 0.00107091 0.00191694 -0.000650017 -0.0041743 -2.73233e-05 -9.22969e-05 -0.000676674 -0.00682887 -0.000536424
internal_weight=2.3912e+07 1.59385e+06 2.23181e+07 2.15606e+07 2.11835e+07 2.00392e+06 1.34346e+06 660464 166067 1.91795e+07 1.86039e+07 6.05364e+06 134927 5.91871e+06
internal_count=35327 257 35070 34921 34844 4054 2886 1168 298 30790 29910 4781 262 4519
is_linear=0
shrinkage=0.05


Tree=186
num_leaves=15
num_cat=0
split_feature=7 8 3 23 23 20 27 10 4 17 14 19 10 20
split_gain=1656.11 1739.53 1452.73 1409.79 1842.78 2853.88 5154.15 2852.03 1879.65 1519.17 1375.25 1088.44 970.334 722.482
threshold=15.415654357169361 0.41868641287649683 15.474442394707193 6.7582366309950865 1.3966166207412101 0.0013846527960236002 3.5000000000000004 0.051763880058526703 16.411339423236502 0.35606061239567061 2.3326215634528666 0.03655989498873196 0.020842451520212305 -0.0016089120246880499
decision_type=2 2 2 10 8 8 2 2 2 2 10 2 2 10
left_child=2 3 13 4 9 6 -6 8 -7 11 12 -2 -8 -1
right_child=1 -3 -4 -5 5 7 10 -9 -10 -11 -12 -13 -14 -15
leaf_value=-0.00041394584671365512 0.0010818716204978591 0.0083910852084388542 -0.0055578907813781386 0.0059530772687879131 -0.00052533896791456759 -0.00078969591240525831 0.00017441013635615931 0.0011547570813711793 -0.00071236635644512231 -6.3782482338511397e-05 0.00012058077526142339 -1.854161191082004e-05 0.0044022799013635023 0.001245297785952498
leaf_weight=10532744.917482018 1233633.7763671875 644276.78442382812 324192.88830566406 391278.99829101562 643359.2802734375 554945.1552734375 562786.15209960938 577453.50439453125 589689.07055664062 475543.84155273438 740908.138671875 397697.48046875 602270.03173828125 5689322.6480973959
leaf_count=23192 352 223 162 113 130 187 114 175 139 118 158 110 120 10036
internal_value=0.000279166 0.000900176 9.12001e-07 0.0006639 0.000485186 -0.000111695 0.000950531 -0.00168418 -0.00312944 0.00169528 0.00225672 0.00242018 0.00332778 6.7143e-05
internal_weight=2.39601e+07 7.41384e+06 1.65463e+07 6.76957e+06 6.37829e+06 4.27141e+06 2.54932e+06 1.72209e+06 1.14463e+06 2.10688e+06 1.90596e+06 1.63133e+06 1.16506e+06 1.62221e+07
internal_count=35329 1939 33390 1716 1603 1023 522 501 326 580 392 462 234 33228
is_linear=0
shrinkage=0.05


Tree=187
num_leaves=15
num_cat=1
split_feature=23 3 28 20 26 19 4 20 8 4 19 0 5 17
split_gain=1472.59 1753.48 1210.41 1449.7 1202.19 1383.69 4478.1 1425.69 2491.05 1588.61 1240.63 3152.49 1190.58 1190.56
threshold=6.9575763188586714 15.266957217830116 0 -0.035794820324086991 -0.24999999999999997 -0.015250994280609949 17.017299882291177 0.043216539215528857 0.13271539659187379 16.286603766617137 -0.019356527226552598 13.794881644430237 15.225370992279283 0.39233366882668819
decision_type=10 2 1 8 2 2 2 10 2 2 2 2 2 2
left_child=2 12 3 -1 -5 6 10 9 -9 -7 -6 -12 -2 -4
right_child=1 -3 13 4 5 7 -8 8 -10 -11 11 -13 -14 -15
leaf_value=0.002178347438623746 0.002936303791485391 0.0050683120682018072 -0.00010295259375740567 0.00095285377888246767 0.00011229907605895193 -7.0515720485083132e-05 -0.0030965174379420394 -0.0063086420425677997 -0.0016083076275943684 0.0013147056209072625 0.0038681003480569918 -0.012720895000378563 -0.012771384705647563 0.00028202888675388075
leaf_weight=318761.79528427124 1499142.7720829248 444755.02966308594 17524174.133321762 1327730.3745298386 338299.7423210144 764773.09892845154 71621.1572265625 46205.352146148682 154249.31109237671 348496.177734375 74175.444723129272 41626.515991210938 73347.329467773438 912749.85650634766
leaf_count=651 3845 147 23156 2856 867 2506 13 38 344 67 328 24 35 451
internal_value=0.000105209 0.00139797 -1.37454e-05 0.000840675 0.000517198 -0.000310424 -0.00247823 0.000557083 -0.00332462 0.00125602 -0.000645566 -0.00511247 0.000613982 -0.000175294
internal_weight=2.39401e+07 2.01725e+06 2.19229e+07 3.48594e+06 3.16718e+06 1.83945e+06 525723 1.31372e+06 200455 1.11327e+06 454102 115802 1.57249e+06 1.84369e+07
internal_count=35328 4027 31301 7694 7043 4187 1232 2955 382 2573 1219 352 3880 23607
cat_boundaries=0 1
cat_threshold=513
is_linear=0
shrinkage=0.05


Tree=188
num_leaves=15
num_cat=0
split_feature=15 8 11 24 6 24 15 9 9 11 24 1 1 21
split_gain=927.706 1125.16 1094.29 1333.52 5981.11 1432.71 1196.59 3065.83 2303.48 1812.64 2316.81 1791.31 4746.61 1216.79
threshold=19.255681931610429 0.064852118826147817 -0.19785089375234216 9.6964009179294468 16.195747581550723 7.9624243260001153 19.180433274424654 0.15399664588643799 0.20288388148812353 0.060864497908834608 0.38610267836588402 15.398410027762599 14.833278299323824 10.657170068442776
decision_type=2 2 2 10 2 10 2 2 2 2 8 2 2 8
left_child=2 -2 -1 5 -5 6 -4 -8 -9 -10 -11 12 13 -12
right_child=1 -3 3 4 -6 -7 7 8 9 10 11 -13 -14 -15
leaf_value=0.0011847772337688796 -0.00042823306627796795 0.00071971406069914123 -2.8469944817173911e-05 -0.0098343304215908825 -0.013792638751886672 0.0079229228786773086 -0.0015532836826346462 0.0013554521663117066 0.00041989281321874256 -0.017293664333678974 -0.00066170899310165137 0.00054155407715487881 -0.023249328880706684 -0.034199830969570348
leaf_weight=3934534.8251692057 227725.6544303894 6152970.3109016418 10871238.778114915 294526.74904060364 35643.016845703125 375653.93072605133 309646.45642089844 187424.00354003906 679034.67388916016 112145.31242370605 397234.62409210205 148641.87194824219 87906.213195800781 74201.914993286133
leaf_count=8899 64 5908 17039 954 9 568 72 75 691 117 602 55 47 97
internal_value=0.000122498 0.000638633 -6.56058e-05 -0.000278431 -0.00341716 -0.000200178 -0.000289037 -0.00141424 -0.00057465 -0.001228 -0.00281 -0.00175232 -0.00304883 -0.00105989
internal_weight=2.38885e+07 6.3807e+06 1.75078e+07 1.35733e+07 330170 1.32431e+07 1.28675e+07 1.99624e+06 1.68659e+06 1.49916e+06 820130 707985 559343 471437
internal_count=35197 5972 29225 20326 963 19363 18795 1756 1684 1609 918 801 746 699
is_linear=0
shrinkage=0.05


Tree=189
num_leaves=15
num_cat=0
split_feature=5 6 4 8 11 23 1 4 22 6 8 20 27 9
split_gain=1644.43 2578.09 2178.35 2155.2 1899.95 986.743 2606.88 2383.59 918.867 957.969 959.619 1377.65 914.433 1892.32
threshold=16.796940509220686 16.804439504542483 17.017299882291177 0.1520367391642001 0.013465213433564152 5.8710438034225358 15.398410027762599 15.573466039196157 16.073075505219425 14.762602072685238 0.35251681077320202 -0.0023617981921557995 8.5000000000000018 0.12236701337558946
decision_type=2 2 2 2 2 10 2 2 2 2 2 10 2 2
left_child=1 5 -2 4 -4 8 7 -7 9 -1 11 -11 -10 -14
right_child=2 -3 3 -5 -6 6 -8 -9 12 10 -12 -13 13 -15
leaf_value=0.0011549156463742478 0.0014199352993748094 -0.0014709357456550247 4.3183827647300876e-05 0.00046536971263056104 -0.0002865828138824506 0.0017495623975664156 0.0033272333895432247 -0.026514079455043402 3.8452907137750134e-05 -0.0017515487044058608 0.010664238874464087 0.0040878796336176713 -0.00084406141729337521 -0.00087064101109152886
leaf_weight=4200954.2101247311 960468.9345703125 178692.8271484375 703007.0283203125 688237.05517578125 618657.45068359375 2750497.2545454502 673609.02966308594 50417.679443359375 8212659.350714922 342571.48718261719 272405.98083496094 205751.06994628906 110344.72627258301 3781473.562312603
leaf_count=10088 202 38 123 116 101 6735 223 22 11580 154 123 112 66 5589
internal_value=0.000281209 0.000123905 0.00138163 0.000445616 -0.000735886 0.000175775 0.000944045 0.000272405 1.99101e-05 0.00058852 0.00215093 0.000945868 -0.000215984 -0.000847288
internal_weight=2.37497e+07 2.07794e+07 2.97037e+06 2.0099e+06 1.32166e+06 2.06007e+07 3.47452e+06 2.80091e+06 1.71262e+07 5.02168e+06 820729 548323 1.21045e+07 3.89182e+06
internal_count=35272 34730 542 340 224 34692 6980 6757 27712 10477 389 266 17235 5655
is_linear=0
shrinkage=0.05


Tree=190
num_leaves=15
num_cat=0
split_feature=0 27 24 17 19 7 24 9 23 27 8 25 16 21
split_gain=1826.88 3768.17 2091.16 1414.56 2148.88 1613.32 1657.08 1267.75 1204.65 1547.7 1053.99 990.894 1278.15 1408.23
threshold=15.671123781704924 1.5000000000000002 2.6833875349298704 0.35606061239567061 -0.029549318239527746 16.984761516005801 2.1563461569831808 0.21233104827981572 0.67676828523480714 7.5000000000000009 0.12904521778639408 -0.5 15.960907426630973 10.860054239547923
decision_type=2 2 10 2 2 2 8 2 10 2 2 2 2 10
left_child=11 -2 3 4 -3 6 8 -5 -6 -10 -4 12 -1 -14
right_child=1 2 10 7 5 -7 -8 -9 9 -11 -12 -13 13 -15
leaf_value=-5.2278927860965554e-05 -0.00048179002167762016 0.0025884106752956096 2.8154396950039863e-05 3.0879385765173644e-05 0.0024890166479421597 -0.0001218179132267727 -0.00086027994826922858 0.0023824614492356038 -0.0014613293591591938 0.00032294611654685019 0.0018496947777540955 0.00062860020968693719 -0.0045679703590392516 0.0028999092282154144
leaf_weight=4151302.8850835562 581479.13525390625 427858.580078125 492215.896484375 598817.39575195312 368349.80285644531 1036376.2963867188 384428.107421875 570679.20263671875 491956.78759765625 445486.26745605469 1297091.1680908203 11708659.245112538 1160119.6918716431 380129.80270004272
leaf_count=9301 140 102 111 141 112 176 114 105 152 133 372 22603 1359 467
internal_value=0.000297539 0.000999436 0.00136528 0.000770402 0.00021975 -0.000297206 0.000655166 0.00225566 0.00150462 0.000552655 0.00280284 2.74844e-05 -0.000513699 -0.00174381
internal_weight=2.4095e+07 6.69474e+06 6.11326e+06 4.32395e+06 3.15446e+06 2.7266e+06 1.69022e+06 1.1695e+06 1.30579e+06 937443 1.78931e+06 1.74002e+07 5.69155e+06 1.54025e+06
internal_count=35388 1658 1518 1035 789 687 511 246 397 285 483 33730 11127 1826
is_linear=0
shrinkage=0.05


Tree=191
num_leaves=15
num_cat=0
split_feature=4 11 9 18 24 11 25 9 3 2 20 7 24 21
split_gain=1451.36 1740.52 4390.5 1686.58 1255.85 1119.48 914.68 884.629 2600.11 2091.07 2062.23 1837 1526.64 3928.26
threshold=16.286603766617137 0.10358482946313426 0.19813382299130983 0.3749894227521266 1.6185599954412302 -0.066779074227504481 -0.24999999999999997 0.25981406867439644 16.401501956730314 15.930207739512172 -0.0017940459138056498 16.110960638906878 2.4100052801830851 10.482047616024342
decision_type=2 2 2 10 10 2 2 2 2 2 8 2 10 10
left_child=7 3 -3 4 5 -2 -5 8 10 11 12 -9 13 -1
right_child=1 2 -4 6 -6 -7 -8 9 -10 -11 -12 -13 -14 -15
leaf_value=0.0014359838601438546 -0.00011583531270647995 -0.00054091253519350643 0.002336278092344071 0.0022753624583996077 0.00069011933858394907 3.3511057730914604e-05 0.00025244857879054165 0.00031220850681876297 -0.0012716798359189204 0.0070590603021877616 0.00026552838041184185 -0.0047229455297175399 -9.4982827541925508e-05 -0.0046968496917208181
leaf_weight=280518.98617935181 595710.24291992188 545590.392578125 534713.955078125 623724.23583984375 759458.88061523438 844732.79125976562 816985.15625 14275473.343911767 148677.37548828125 766870.6142578125 2832015.7187576294 60843.4638671875 415085.62424278259 382258.36195373535
leaf_count=241 127 96 120 136 165 175 179 30027 42 250 2874 18 361 377
internal_value=0.000247774 0.00103305 -0.000729379 0.00155602 0.000685113 -0.000182329 0.00288587 5.43044e-05 -0.000601058 0.000230415 -0.000354272 9.43448e-05 -0.0022156 -0.00370476
internal_weight=2.38827e+07 4.72092e+06 1.0803e+06 3.64061e+06 2.1999e+06 1.44044e+06 1.44071e+06 1.91617e+07 4.05856e+06 1.51032e+07 3.90988e+06 1.43363e+07 1.07786e+06 662777
internal_count=35188 998 216 782 467 302 315 34190 3895 30295 3853 30045 979 618
is_linear=0
shrinkage=0.05


Tree=192
num_leaves=15
num_cat=0
split_feature=8 0 20 9 14 19 15 15 20 23 7 0 23 23
split_gain=1217.91 3053.51 2780.68 2004.87 1699.77 4063.3 3995.69 2424.84 1920.96 1555.47 1231.84 1509.29 2150.7 2324.75
threshold=0.13271539659187379 16.994451200594245 -0.030982934530548695 0.18903641329208787 1.6737228477172126 0.016262469629360007 18.032505685899277 19.304735945379395 0.0021414117801414503 2.9297587472125404 16.984761516005801 14.659802400187553 0.7070285470886476 5.6812906275284059
decision_type=2 2 10 2 10 2 2 2 8 10 2 2 8 10
left_child=2 10 -1 4 7 6 8 -4 -6 -5 11 -2 -13 -14
right_child=1 -3 3 9 5 -7 -8 -9 -10 -11 -12 12 13 -15
leaf_value=0.0011624546755071732 -0.00017310414072805051 0.00052013118659802475 4.5204995787710586e-05 0.0024632118893515888 7.2709060368424247e-05 -1.2917950828111492e-05 -0.0035913629168782472 -0.0002571749918194414 -0.0011276774921092248 -0.0032753841232753302 -0.00049921941240155883 0.0036157088195626383 -2.6359993920546987e-05 0.0033114236687234594
leaf_weight=586832.16668736935 12869281.786334872 1112064.6672363281 626701.19337463379 276053.78604316711 167381.74752807617 332612.64517211914 256829.95552062988 360426.28564453125 145637.72657775879 221990.97860813141 298727.14111328125 1148254.8119506836 4316597.3035888672 1082554.17578125
leaf_count=752 30418 195 202 163 126 155 66 83 89 184 57 501 1885 455
internal_value=0.00018931 0.000324473 -0.000757113 -0.00151502 -0.00225886 -0.00382724 -0.00639046 -0.000824989 -0.00259798 0.00130712 0.000180688 0.00022971 0.000847744 0.000429835
internal_weight=2.38019e+07 2.08275e+07 2.97447e+06 2.38763e+06 1.88959e+06 902462 569849 987127 313019 498045 1.97154e+07 1.94167e+07 6.54741e+06 5.39915e+06
internal_count=35331 33511 1820 1068 721 436 281 285 215 347 33316 33259 2841 2340
is_linear=0
shrinkage=0.05


Tree=193
num_leaves=15
num_cat=0
split_feature=2 7 24 6 8 8 3 3 8 9 8 20 17 19
split_gain=1124.47 1535.89 1695.26 1363.56 1320.69 1690.14 2636.13 1397.47 1716.21 1906.8 1241.13 2291.49 1286.26 1115.52
threshold=17.4270168375546 15.415654357169361 5.2180833036994203 15.515705039931486 0.41868641287649683 0.29531689180894044 15.930780293996753 17.169510099143395 0.12904521778639408 0.14963904423856059 0.21504900098657187 0.014640106593488201 0.14864806091691327 0.0054342923760856013
decision_type=2 2 8 2 2 2 2 2 2 2 2 8 2 2
left_child=1 3 4 -1 5 7 -7 8 -3 -10 11 -11 -12 -4
right_child=-2 2 13 -5 -6 6 -8 -9 9 10 12 -13 -14 -15
leaf_value=7.5806963638151112e-05 -0.00011623373745649233 -0.00011719360560011022 0.0055668102500262516 -0.010394486980626382 0.0076540683756128203 0.0034489420393303948 -0.00091388280249236258 0.00054426482949454199 0.00032761202373276236 0.00035999345149786543 0.0063365977283618953 -0.0012764806505985229 -0.00018935959529714131 -0.00023149344749665864
leaf_weight=16476743.821856022 850915.3818359375 1094267.91015625 623468.94750976562 72933.439086914062 439921.50122070312 351949.291015625 435203.88549804688 647979.91162109375 467082.07934570312 709711.25854492188 496031.29345703125 599628.45336914062 379200.7939453125 311587.64135742188
leaf_count=33318 123 267 201 34 153 135 115 117 118 186 161 181 95 99
internal_value=0.000194697 0.000260435 0.000908122 3.85869e-06 0.000580192 0.000356865 -0.00177676 0.000739096 0.00036823 0.00105574 0.000435759 -0.000538628 0.00189343 0.00287943
internal_weight=2.39566e+07 2.31057e+07 6.55603e+06 1.65497e+07 5.62098e+06 5.18105e+06 787153 4.3939e+06 3.74592e+06 2.65165e+06 2.18457e+06 1.30934e+06 875232 935057
internal_count=35303 35180 1828 33352 1528 1375 250 1125 1008 741 623 367 256 300
is_linear=0
shrinkage=0.05


Tree=194
num_leaves=15
num_cat=0
split_feature=27 16 0 3 9 24 0 0 8 14 23 26 24 19
split_gain=1330.93 2229.98 1097.42 1543.07 1280.03 1378.55 2111.5 2063.71 1061.35 1980.8 1043.37 979.5 954.432 1002.34
threshold=1.5000000000000002 18.369372682749788 15.671123781704924 15.930780293996753 0.17433109332586608 2.3577099561428603 16.994451200594245 16.273039820797113 0.13729101304314623 1.6855537579441167 3.5395868905720955 1.0000000180025095e-35 0.36252960908502607 0.011194478362104751
decision_type=2 2 2 2 2 10 2 2 2 10 10 2 10 2
left_child=1 12 -2 10 8 6 7 -6 9 11 -4 -5 -1 -14
right_child=2 -3 3 4 5 -7 -8 -9 -10 -11 -12 -13 13 -15
leaf_value=0.00020825836467787425 0.0001506178089917754 -0.0012187372781192086 0.0049879380627141099 0.00091248291342891003 -0.00023973860619170781 0.00092845360095994878 9.9248106875555439e-05 -0.0015567549363599074 0.00088924459860396238 -0.0003476371419026612 0.00078561927069477865 -1.3396528916417437e-05 -0.0027994462947809017 0.00081925382792083002
leaf_weight=337539.75011730194 15717791.430485606 165457.6350402832 551698.28820800781 570834.65112304688 428607.81665039062 1057157.2360839844 694095.4794921875 597832.6943359375 708637.43530273438 605131.498046875 312594.82141113281 525451.07373046875 1291396.9265700579 404368.62787950039
leaf_count=496 30517 60 209 111 129 279 121 145 159 135 115 100 2040 619
internal_value=0.000188411 -0.00098396 0.000306821 0.000878923 0.000553046 -0.000178533 -0.00105166 -0.00249204 0.00139622 0.000719063 0.00283493 0.00198656 -0.000529732 -0.00101304
internal_weight=2.39686e+07 2.19876e+06 2.17698e+07 6.05204e+06 5.18775e+06 2.77769e+06 1.72054e+06 1.02644e+06 2.41005e+06 1.70142e+06 864293 1.09629e+06 2.03331e+06 1.69577e+06
internal_count=35235 3215 32020 1503 1179 674 395 274 505 346 324 211 3155 2659
is_linear=0
shrinkage=0.05


Tree=195
num_leaves=15
num_cat=1
split_feature=4 4 8 9 3 15 17 3 2 15 21 23 28 5
split_gain=945.832 2994.03 1835.98 1096.08 1039.32 857.846 1951.87 1634.22 1938.6 1279.92 1903.93 2414.53 1022.15 2452.87
threshold=17.017299882291177 16.856164222692549 0.1520367391642001 0.13067246360888676 16.850127835172454 19.272704281253588 0.010881109273156201 16.275216496733716 16.401501956730314 19.346842938638883 8.8498366294893902 3.3232691812397701 0 15.959129877069087
decision_type=2 2 2 2 2 2 2 2 2 2 8 8 1 2
left_child=1 4 3 -2 5 7 -7 12 -9 -8 -11 -12 13 -1
right_child=2 -3 -4 -5 -6 6 9 8 -10 10 11 -13 -14 -15
leaf_value=0.00050499662968527784 -0.00010017757673361678 0.0016242062496898458 3.2400438192487458e-05 -0.0023439374953402822 0.00069308567259277767 -0.0002604884854134737 0.0044336982137630791 0.00022218125957239687 -0.00031161770623402881 0.0032875600422031838 0.0035252874278603255 -0.001373186912527545 -0.00030104460054136017 0.0034007958893632257
leaf_weight=3260925.4695771933 676741.9208984375 586548.72705078125 865575.2880859375 628393.74072265625 458704.02612304688 3177776.4647026062 1063393.884765625 462309.36328125 585067.54638671875 274414.47888183594 375508.44555664062 267521.65991210938 11007973.945312381 311549.919921875
leaf_count=10773 116 123 153 107 101 4721 426 133 144 101 145 108 18157 94
internal_value=0.000124235 0.000223206 -0.000871153 -0.00205536 0.000125914 7.39635e-05 0.000633035 -0.000110581 -0.00201828 0.00186491 0.000496567 -0.0009914 2.64572e-05 0.000761327
internal_weight=2.40024e+07 2.18317e+07 2.17071e+06 1.30514e+06 2.12451e+07 2.07864e+07 5.15861e+06 1.56278e+07 1.04738e+06 1.98084e+06 917445 643030 1.45804e+07 3.57248e+06
internal_count=35402 35026 376 223 34903 34802 5501 29301 277 780 354 253 29024 10867
cat_boundaries=0 1
cat_threshold=35
is_linear=0
shrinkage=0.05


Tree=196
num_leaves=15
num_cat=0
split_feature=19 15 5 4 14 14 8 1 11 19 2 16 19 4
split_gain=984.314 1607.77 1018.01 1805.66 1970.47 2213.49 1036.55 1548.99 2520.29 2157.14 1258.11 1193.04 1182.6 1275.36
threshold=-0.11381263375967689 17.798255566975101 16.796940509220686 17.017299882291177 1.5758986944916769 2.3502003251842658 0.19910967739259119 15.469568271585974 0.026494436646094854 0.021145090474372654 15.261098621047049 16.711730365174638 0.046605178120161704 14.271257725365887
decision_type=2 2 2 2 10 10 2 2 2 2 2 2 2 2
left_child=1 -1 6 -4 -5 -6 7 10 9 -9 12 -10 13 -2
right_child=2 -3 3 4 5 -7 -8 8 11 -11 -12 -13 -14 -15
leaf_value=0.0003115034610242622 0.0014084863896968503 -0.0027994725760989488 0.00085893427395038668 0.001476666631446739 -0.00030429985995606334 0.00014103497846208713 0.00047117461366920149 0.00018354177221373063 -0.002480533187427891 -0.00093905071669949747 0.0028440515240862 -0.0010485350371296131 0.005278451025841931 -0.0014729393545298839
leaf_weight=77104.404317855835 1031731.4787660837 118070.27207183838 903485.30078125 611588.1103515625 857299.671875 587841.1328125 16388270.041750669 823136.36840820312 317270.3388671875 354021.52575683594 264954.46606445312 353333.76489257812 218983.65115451813 1072292.4680786133
leaf_count=161 2243 110 190 89 152 107 30647 240 106 102 127 101 302 669
internal_value=0.000184495 -0.00335182 0.000213514 0.00108112 0.00026266 -0.000744135 9.01806e-05 -0.000587877 -0.00169365 -0.000299895 0.00020163 -0.00414022 -0.000170685 -0.000534636
internal_weight=2.39794e+07 195175 2.37842e+07 2.96021e+06 2.05673e+06 1.44514e+06 2.0824e+07 4.43572e+06 1.84776e+06 1.17716e+06 2.58796e+06 670604 2.32301e+06 2.10402e+06
internal_count=35346 271 35075 538 348 259 34537 3890 549 342 3341 207 3214 2912
is_linear=0
shrinkage=0.05


Tree=197
num_leaves=15
num_cat=0
split_feature=21 2 26 19 21 11 14 2 16 22 15 16 0 4
split_gain=1043.44 6642.8 3588.96 1613.34 1683.07 1509.79 2964.17 2687.27 1218.48 1213.92 2392.16 1153.8 2496.9 1153.58
threshold=10.908497196024898 17.4270168375546 1.0000000180025095e-35 0.026742964172620756 11.063850759570821 0.20475496823598949 1.6178571945808253 16.04258516408715 18.435443290659602 19.630753430190442 19.200048426286092 18.316622198225307 16.533265774342059 16.856164222692549
decision_type=8 2 2 2 10 2 10 2 2 2 2 2 2 2
left_child=1 8 13 5 -5 9 7 -7 -1 10 11 12 -4 -2
right_child=2 -3 3 4 -6 6 -8 -9 -10 -11 -12 -13 -14 -15
leaf_value=-2.6961029974874648e-05 0.0020000860034897817 -0.0046241051154554576 -0.0018888311223294726 -0.0012898983328331992 -0.010781338346920128 -0.007863025480204025 0.00012495049081297176 -0.0025096664994454228 0.0010313745900312713 -0.0074232977335535804 0.0023482723038860654 0.00013161348432565978 -0.0019858245428689635 0.0017785514054960148
leaf_weight=19225200.578942895 1448862.6021430492 106304.4052734375 455142.29360890388 101772.42362976074 106522.16806364059 99446.513256549835 172368.01694917679 93704.5439453125 297667.94134521484 104508.1311340332 548495.68501281738 466500.26330566406 53410.604248046875 736643.69555664062
leaf_count=30723 2115 17 997 113 128 194 303 15 117 38 335 196 12 127
internal_value=5.94428e-05 -9.63684e-05 0.000756544 -0.000668184 -0.00485529 -0.000230703 -0.00313467 -0.00738817 -2.84952e-05 0.000421274 0.000778857 -0.00070711 -0.00235443 0.00219194
internal_weight=2.40165e+07 1.96292e+07 4.38738e+06 2.20187e+06 208295 1.99358e+06 365519 193151 1.95229e+07 1.62806e+06 1.52355e+06 975053 508553 2.18551e+06
internal_count=35430 30857 4573 2331 241 2090 512 209 30840 1578 1540 1205 1009 2242
is_linear=0
shrinkage=0.05


Tree=198
num_leaves=15
num_cat=0
split_feature=0 4 19 16 0 0 7 8 8 21 0 19 24 2
split_gain=1314.2 1013.38 1001.66 1314.38 742.424 1518.96 1743.41 823.901 1649.15 1405.34 1452.15 1213.61 989.775 891.118
threshold=16.994451200594245 17.017299882291177 -0.017991666024770748 18.369372682749788 16.684754232979486 16.533265774342059 16.610412428583285 0.11517032025683187 0.12904521778639408 10.673188329916375 14.659802400187553 -0.010786498609322749 1.7452159871863751 16.536166990069358
decision_type=2 2 2 2 2 2 2 2 2 10 2 2 8 2
left_child=1 4 -2 -4 5 6 7 9 11 -1 -11 -9 -13 -10
right_child=2 -3 3 -5 -6 -7 -8 8 13 10 -12 12 -14 -15
leaf_value=0.0022235905038209816 0.00043545276599808068 -0.00044276538780942679 -0.00010958482836427829 0.00029418445267246425 0.00035326683041157466 -0.00024396039938494774 0.0028098917855536448 -0.0033241119139386707 8.1232595158872141e-06 0.0011464053843735899 -0.0012157354109457988 9.5830659208467309e-05 -0.0068983038412494084 -0.00065057804892353554
leaf_weight=603469.27084982395 628580.6796875 409554.55224609375 750883.48559570312 857782.78369140625 841780.56274414062 429131.08032226562 174719.74975585938 186893.5046005249 18371816.792114496 123246.98455810547 111387.03405761719 125192.49389648438 125901.81667327881 221987.04052734375
leaf_count=791 107 83 136 144 190 111 40 159 33105 216 50 93 125 63
internal_value=9.55491e-05 -2.32772e-05 0.00124943 0.000588095 2.40579e-05 -3.57761e-05 2.72384e-05 -1.64881e-05 -8.40526e-05 0.00151778 -0.00176577 -0.00311664 -0.00084596 -1.26182e-05
internal_weight=2.39623e+07 2.17251e+07 2.23725e+06 1.60867e+06 2.13155e+07 2.04737e+07 2.00446e+07 1.98699e+07 1.90318e+07 838103 234634 437988 251094 1.85938e+07
internal_count=35413 35026 387 280 34943 34753 34642 34602 33545 1057 266 377 218 33168
is_linear=0
shrinkage=0.05


Tree=199
num_leaves=15
num_cat=1
split_feature=16 10 10 24 4 28 10 8 21 9 21 4 4 19
split_gain=1793.7 1752.82 2047.09 976.738 1297.72 1102.89 1279.31 1903.73 1068.7 2266.23 2321.81 2218.6 2988.56 2602.38
threshold=18.435443290659602 0.054700591423640206 -0.09846668456753789 2.6761558945178754 14.728490367003344 0 -0.14799480148450778 0.34922133974219643 10.622856058979133 0.33437136557031594 11.085195289202607 17.179119157328174 17.017299882291177 0.046605178120161704
decision_type=2 2 2 10 2 1 2 2 10 2 10 2 2 2
left_child=3 2 -2 8 -5 -6 7 -7 -1 10 11 12 13 -10
right_child=1 -3 -4 4 5 6 -8 -9 9 -11 -12 -13 -14 -15
leaf_value=8.5075843790225389e-05 0.0019368430835208445 0.0025473402843693253 -0.00026687739327201847 0.0003459497479232727 -0.00096624582606306313 -0.0010676395780234323 0.0013387906446900456 0.0050483170337537022 -0.00073828386788405201 0.00066715850422104496 -0.0038672677698531749 0.00069515517020090549 -0.0012627158340171142 0.0014102856509204094
leaf_weight=7815605.2097392082 245829.74957275391 775309.89526367188 415634.65145874023 5550763.1664466858 336052.08209228516 397945.20617675781 2037630.4615478516 334670.46917724609 2013005.0529594421 3003340.1196143627 229926.19071960449 352411.66162109375 214655.50048828125 281920.62748718262
leaf_count=12289 117 238 168 13959 156 142 723 150 1481 5481 182 58 41 191
internal_value=0.000247374 0.00196034 6.96137e-05 0.00013832 0.00055529 0.00137362 0.00170176 -9.01761e-05 -0.000121171 -0.000617426 -0.00156762 -0.00117927 -0.00170094 -0.00117324
internal_weight=2.40047e+07 1.43677e+06 661464 2.25679e+07 8.65706e+06 3.1063e+06 2.77025e+06 732616 1.39109e+07 6.09526e+06 3.09192e+06 2.86199e+06 2.50958e+06 2.29493e+06
internal_count=35376 523 285 34853 15130 1171 1015 292 19723 7434 1953 1771 1713 1672
cat_boundaries=0 1
cat_threshold=76
is_linear=0
shrinkage=0.05


Tree=200
num_leaves=15
num_cat=1
split_feature=24 7 27 24 3 3 7 23 0 11 28 23 14 9
split_gain=1227.34 1971.29 1187.02 1896.05 2833.01 1529.05 1139.69 1069.86 1999.24 1406.01 1337.52 1586.73 1660.19 3767.21
threshold=7.8914968238984153 15.035768653938314 1.5000000000000002 0.40740883969641956 15.567207011766561 13.767259407984019 14.764916407818342 6.9575763188586714 15.469354322107636 0.35485554419068421 0 6.5834778381794061 2.3605958934882918 0.30659741550844316
decision_type=10 2 2 10 2 2 2 8 2 2 1 10 10 2
left_child=2 6 3 -1 5 -5 -2 9 -9 10 -4 12 -12 -14
right_child=1 -3 7 4 -6 -7 -8 8 -10 -11 11 -13 13 -15
leaf_value=0.00048571741613046026 0.0040154374755408968 0.0068221308057408231 0.00019203582335346675 -0.013744776087816416 -0.001264448754606701 0.0019800730365498566 -0.01800455381032276 0.0016668075103270761 0.0063213890394550609 -0.00287062620059881 0.00033586073766252514 -0.011810090266561839 -0.0055121755039098611 -0.00035334906616722121
leaf_weight=338991.01605844498 1118521.243480444 601793.80480957031 12391561.143282533 613669.23436188698 449244.95141601562 582896.22436523438 60422.482788085938 1487429.6554971933 318370.4755859375 2014779.1052830219 2796015.030149579 165731.78101730347 59285.391578674316 791231.4887547493
leaf_count=512 2967 176 15336 1840 112 391 35 3483 103 4344 4265 204 57 1457
internal_value=0.000229697 0.00149227 0.000127544 -0.00103878 -0.00174014 -0.000469044 0.000303709 0.000243148 0.001404 0.000128087 0.000282972 -0.000536026 -0.000318561 -0.00225292
internal_weight=2.37899e+07 1.78074e+06 2.20092e+07 1.9848e+06 1.64581e+06 1.19657e+06 1.17894e+06 2.00244e+07 1.8058e+06 1.82186e+07 1.62038e+07 3.81226e+06 3.64653e+06 850517
internal_count=35282 3178 32104 2855 2343 2231 3002 29249 3586 25663 21319 5983 5779 1514
cat_boundaries=0 1
cat_threshold=841
is_linear=0
shrinkage=0.05


Tree=201
num_leaves=15
num_cat=0
split_feature=23 0 20 18 23 23 19 2 18 19 8 6 18 19
split_gain=1143.23 1853.46 1328.57 1794.52 1601.58 2400.77 1448.3 2882.05 1865.42 1663.17 1453.15 1666.51 1366.18 1263.75
threshold=1.0000000180025095e-35 14.033400430812991 -0.041909716095439441 0.55125686852329092 2.4592401346601553 2.5543468899421558 -0.0075834941803622994 16.536166990069358 0.71048154543788966 0.041803552290595757 0.12460012248063866 16.308496695165442 0.8759166580709925 0.03267160604033946
decision_type=10 2 8 10 10 10 2 2 10 2 2 2 10 2
left_child=1 13 3 -2 6 -6 7 -4 10 -10 -8 -12 -5 -1
right_child=2 -3 4 12 5 -7 8 -9 9 -11 11 -13 -14 -15
leaf_value=0.0033966446167473414 0.002632805419356211 0.0014776610740800241 -0.00046833214735476588 -0.0006169725912730851 0.0046889778387654082 7.3839647184891299e-05 -0.00050893226696812916 -0.00076804234397334756 -0.0023294431889238987 -0.012829155080404856 0.00033155814948384341 0.00072261996155378991 0.0088801711751391003 -0.010225987979509625
leaf_weight=1149434.6087331772 775214.6417298317 1870481.1867370605 2428154.8250265121 164968.30317306519 617774.1794064045 11569549.862966537 418720.58103466034 646180.1318359375 853813.5559027195 237695.1829867363 1692797.4832537174 475214.23193359375 176437.09276580811 571304.2642493248
leaf_count=3136 1197 911 3669 140 624 18896 170 128 978 247 3338 98 206 1505
internal_value=0.000156884 0.000978462 9.77626e-06 0.00168576 -8.90331e-05 0.000253211 -0.000706729 -0.00150769 -3.72757e-05 -0.00177068 0.00069416 0.00121497 -0.00133466 -0.000205832
internal_weight=2.36477e+07 3.59122e+06 2.00565e+07 1.11662e+06 1.89399e+07 1.21873e+07 6.75258e+06 3.07433e+06 3.67824e+06 1.09151e+06 2.58673e+06 2.16801e+06 341405 1.72074e+06
internal_count=35243 5552 29691 1543 28148 19520 8628 3797 4831 1225 3606 3436 346 4641
is_linear=0
shrinkage=0.05


Tree=202
num_leaves=15
num_cat=1
split_feature=11 8 16 16 18 14 23 29 16 22 21 9 15 15
split_gain=1153.43 1819.42 1686.08 2030.57 2212.3 1919.25 1684.83 1441.08 2321.03 1333.03 1038.98 1110.43 925.955 1363.46
threshold=-0.13830438816724025 0.14143416268128789 18.650510177953056 18.435443290659602 0.26812542021720004 2.3894900308271798 6.8867884999821509 0 15.223566088408711 15.981700295587599 11.003562368322019 0.16473991554958628 19.381805013860188 19.420984934041943
decision_type=2 2 2 2 10 10 10 1 2 2 10 2 2 2
left_child=1 -1 3 6 5 -5 9 -8 -9 -2 11 -3 -13 -14
right_child=2 10 -4 4 -6 -7 7 8 -10 -11 -12 12 13 -15
leaf_value=0.0028692483020806908 0.0013017804487646598 0.0018512117667594625 -0.0016619985018474404 0.0024921945501508096 0.0021400324998904828 -0.0024082214794657192 0.0036389086237155715 0.0015772177456651812 -0.034677552208441507 -0.00024222722523953058 0.00088047450764218373 0.00032392719740865545 -0.4483379833284894 0.0020768070122866417
leaf_weight=525558.74293398857 3474898.252011776 156539.10374450684 240805.41131591797 246187.95196533203 405204.8037109375 181188.83703613281 1322278.8811540604 331932.95859622955 46926.414558410645 11020175.615982056 554659.41218829155 5110554.7625888586 126612.25337219238 127055.69675445557
leaf_count=590 6760 94 90 159 65 83 1963 949 42 12942 980 10279 169 160
internal_value=0.000101045 0.000663218 -0.000113836 -5.50855e-05 0.00235305 -0.000156587 -0.000178878 0.00130974 -0.00140899 -0.000353581 0.00041907 0.000211818 9.06819e-05 -0.0028579
internal_weight=2.38706e+07 6.60098e+06 1.72696e+07 1.70288e+07 832582 427377 1.61962e+07 1.70114e+06 378859 1.44951e+07 6.07542e+06 5.52076e+06 5.36422e+06 253668
internal_count=35325 12272 23053 22963 307 242 22656 2954 991 19702 11682 10702 10608 329
cat_boundaries=0 1
cat_threshold=9
is_linear=0
shrinkage=0.05


Tree=203
num_leaves=15
num_cat=1
split_feature=23 17 24 24 28 24 17 19 27 26 2 16 23 18
split_gain=789.725 831.399 1578.3 1851.13 1848.23 2062.4 1682.27 1609.79 1498.93 1462.08 1268.23 1037.91 1003.63 1793.12
threshold=9.6502484127742125 0.17521381558578317 0.046305856448976758 0.98169407930314956 0 2.3102844075357454 0.31408482136343246 -0.0088679598446286482 7.5000000000000009 -0.24999999999999997 17.4270168375546 18.344174158923945 8.7956552023814165 0.12558026338899297
decision_type=10 2 10 10 1 10 2 2 2 2 2 2 10 10
left_child=1 10 -3 11 7 6 8 -5 -6 -7 12 -4 -1 -14
right_child=-2 2 3 4 5 9 -8 -9 -10 -11 -12 -13 13 -15
leaf_value=-5.7950942749865342e-05 0.0029359538141672872 -0.00049129359937555371 0.003234155371732154 -0.0001413519708440108 0.0014880896025346946 -0.0014586931134930058 -0.0037251127100154297 0.00043259412298407124 -0.0025257195431648834 0.001657206795186178 -0.0051160636018519603 0.00091492856530604554 0.010829815456138793 -0.03500528005338089
leaf_weight=18809425.873593807 402321.14205169678 508887.65124511719 570919.02111816406 712665.28509521484 232647.82855224609 278270.67474365234 276481.15252685547 902542.60290527344 211028.45086669922 401207.85510253906 76075.73095703125 389144.22705078125 51456.629917144775 79954.975742340088
leaf_count=32745 604 193 248 183 115 158 107 200 100 228 13 108 150 113
internal_value=7.35887e-05 3.59853e-05 0.00064845 0.000984102 0.000375207 -0.000954701 -0.00281904 0.00152762 -0.000911368 0.00102124 -0.000108421 0.00289619 -8.25438e-05 -0.00443694
internal_weight=2.3903e+07 2.35007e+07 4.48379e+06 3.97491e+06 3.01484e+06 1.39964e+06 720157 1.61521e+06 443676 679479 1.90169e+07 960063 1.89408e+07 131412
internal_count=35265 34661 1640 1447 1091 708 322 383 215 386 33021 356 33008 263
cat_boundaries=0 1
cat_threshold=778
is_linear=0
shrinkage=0.05


Tree=204
num_leaves=15
num_cat=0
split_feature=1 4 18 9 26 17 22 17 3 27 2 19 19 9
split_gain=1342.11 1778.88 1453.72 2184.22 1618.37 1878.46 1424.74 1590.18 1386 1398.98 898.205 827.923 815.54 1699.71
threshold=14.78723723143341 15.480583383983111 0.16547070237678113 0.18343332561906558 -0.24999999999999997 0.16098616860468853 19.600808566351393 0.24497248980684103 17.169510099143395 10.500000000000002 15.469798134806657 -0.040797071066403741 -0.0059187558919284993 0.37766474506803743
decision_type=2 2 10 2 2 2 2 2 2 2 2 2 2 2
left_child=1 10 3 -2 -5 -6 8 -8 9 11 -1 -4 13 -13
right_child=2 -3 6 4 5 -7 7 -9 -10 -11 -12 12 -14 -15
leaf_value=-5.6727029143491915e-05 -0.00075163451384425647 -0.018364215230828439 -0.00028877238263145231 0.0031421825332802467 -0.0036216686416071994 0.0012665085510014512 0.0036272664240985237 7.4816414612762481e-05 -0.00010687246568741141 0.0021164500453376141 -0.028360863454104841 0.00012108739134137872 6.3426044580579326e-05 0.0079827051278116446
leaf_weight=13697844.139820337 648292.56896972656 147565.34765625 398687.5556640625 394787.86364746094 396758.13647460938 244389.16455078125 582817.3720703125 840884.31640625 903421.173828125 980448.72778320312 47816.041625976562 1537240.0128173828 2570978.044128418 542518.23168945312
leaf_count=31758 226 76 153 163 208 86 109 169 154 381 24 537 980 251
internal_value=0.000218565 -9.97403e-05 0.000658978 -0.000681136 0.00074328 -0.000807485 0.000929058 0.00236976 0.000633221 0.000906857 -4.11195e-05 0.000571263 0.00075872 0.00149488
internal_weight=2.39344e+07 1.38932e+07 1.00412e+07 1.68423e+06 1.03594e+06 641147 8.357e+06 1.4237e+06 6.93329e+06 6.02987e+06 1.37457e+07 5.04942e+06 4.65074e+06 2.07976e+06
internal_count=35275 31858 3417 683 457 294 2734 278 2456 2302 31782 1921 1768 788
is_linear=0
shrinkage=0.05


Tree=205
num_leaves=15
num_cat=0
split_feature=11 4 23 1 15 20 20 3 11 4 16 16 8 16
split_gain=1016.26 2359.18 2251.1 1567.07 1537.13 1962.82 1387.36 1233.11 1127.53 6962.72 1168.33 1407.04 1465.48 1291.26
threshold=-0.12976329723944952 16.411339423236502 6.8867884999821509 15.556222073247737 19.356947056987359 -0.031312550254196346 -0.079788818648154985 14.844010672854319 -0.11460613154127404 16.699285893163054 18.435443290659602 18.472836192843562 0.19206645172841594 18.287152929951038
decision_type=2 2 8 2 2 8 8 2 2 2 2 2 2 2
left_child=1 -1 4 -4 6 -6 -2 -7 9 -8 13 -12 -13 -10
right_child=2 -3 3 -5 5 7 8 -9 10 -11 11 12 -14 -15
leaf_value=0.0010403321413587174 -0.0011744031038616114 0.00030295086140578851 0.0019148000416865131 0.0060421125485842376 -0.00062790386124209475 0.00037155392383050569 0.00040124437152511241 0.00086592335407789124 -0.00015837735837164908 -0.0032851735745483314 0.0018017807549763499 -0.0015945455423376732 0.0015901834148718702 -0.00034454760481015547
leaf_weight=5959492.9021810293 114882.76552295685 839886.794921875 1363758.0840831995 425078.31909179688 135148.57241821289 796235.01884460449 322318.59717941284 850194.28918457031 10675525.715962887 116705.51904296875 260959.12744140625 352316.69204711914 285814.86422729492 1270847.7674102783
leaf_count=12341 165 181 2893 126 84 1106 434 257 16807 25 99 119 140 477
internal_value=0.000173328 0.000689825 -3.36205e-05 0.001644 -0.000231301 0.0011485 -0.000414759 0.00162399 -0.000367447 -0.00285913 -0.000282288 0.00145589 0.000191003 -0.000413104
internal_weight=2.37692e+07 6.79938e+06 1.69698e+07 1.78884e+06 1.51809e+07 1.78158e+06 1.33994e+07 1.64643e+06 1.32845e+07 439024 1.28455e+07 899091 638132 1.19464e+07
internal_count=35254 12522 22732 3019 19713 1447 18266 1363 18101 459 17642 358 259 17284
is_linear=0
shrinkage=0.05


Tree=206
num_leaves=15
num_cat=2
split_feature=11 23 29 9 7 1 5 16 23 18 28 23 16 2
split_gain=977.408 2021.73 1407.79 1319.11 2576.37 2489.16 1781.65 1296.66 999.739 929.149 836.454 1423.49 1618.88 2725.35
threshold=0.19943762288222008 6.8867884999821509 0 0.24510150272431194 15.415654357169361 16.041732990297305 15.438572441076465 15.779626077616346 3.1813620832570053 0.12874528930334328 1 3.9271851939580404 18.369372682749788 17.4270168375546
decision_type=2 8 1 2 2 2 2 2 10 10 1 10 2 2
left_child=10 3 -3 5 6 7 -5 8 -2 -9 11 12 13 -1
right_child=1 2 -4 4 -6 -7 -8 9 -10 -11 -12 -13 -14 -15
leaf_value=0.00028803846300501834 -0.00094037871313633163 -0.018981538354595311 0.0058759966588876481 -0.0035794355414729808 0.0045586287162909618 -0.0024052671414278898 -0.0061474030034504509 -0.001897313136496521 -0.01185600247829556 0.0034447841189311264 7.7404038115793765e-06 0.0035894880471183973 0.0011658678402518988 -0.0061520033855606698
leaf_weight=5983940.613421917 82539.811805725098 103283.40495300293 823015.43376171589 3373998.0126986504 589221.0625 256925.55810546875 56154.75634765625 130546.6822052002 79235.63525390625 138444.701171875 9095769.9435664415 2506748.2050771713 559390.8664855957 158710.97119140625
leaf_count=7723 125 116 1630 7784 188 53 27 131 119 73 13148 3991 164 22
internal_value=0.00018033 -0.000395587 0.00173965 -0.000815779 -0.000469558 -0.00283935 -0.000994217 -0.000516174 -0.00405349 0.00161122 0.000357573 0.000693488 0.000313302 7.87964e-05
internal_weight=2.39379e+07 5.63337e+06 926299 4.70707e+06 4.01937e+06 687692 3.43015e+06 430767 161775 268991 1.83046e+07 9.20879e+06 6.70204e+06 6.14265e+06
internal_count=35294 10246 1746 8500 7999 501 7811 448 244 204 25048 11900 7909 7745
cat_boundaries=0 1 2
cat_threshold=68 257
is_linear=0
shrinkage=0.05


Tree=207
num_leaves=15
num_cat=1
split_feature=23 25 8 16 28 8 8 8 20 9 6 20 10 23
split_gain=1033.28 991.1 1850.73 1752.3 1337.16 3076.32 2083.96 3347.51 1773.87 2191.24 1450.39 1201.16 1433.24 1724.59
threshold=11.604326765379101 -0.5 0.064852118826147817 18.407908271991452 0 0.11517032025683187 0.11517032025683187 0.12904521778639408 -0.043176962581100896 0.38546237446508652 16.604429800222857 -0.041909716095439441 0.10590083567411311 1.5556666278930953
decision_type=10 2 2 2 1 2 2 2 8 2 2 8 2 10
left_child=1 2 -1 11 5 -4 -6 -8 9 -9 -10 12 -3 -14
right_child=-2 3 4 -5 6 -7 7 8 10 -11 -12 -13 13 -15
leaf_value=-0.00016393753961332078 0.0056162124191566657 0.002390210294277645 -0.0034205803152822832 0.00059398827462082201 0.0013235672050064906 -0.0004817878139325776 -0.003287231249139324 -0.001296964457521828 -1.5549837443940243e-05 0.0016581069578626637 0.0012808324426937924 5.1899988359023346e-05 -0.021756725582109795 0.0053052537690976608
leaf_weight=204199.60885322094 217048.36145782471 774861.22690629959 166644.71099853516 802412.52905273438 564636.22854614258 767636.98414027691 165842.30856323242 106046.08450698853 5385261.150742054 116372.92000675201 361059.92260742188 14119744.074035645 62952.625731468201 99727.721224784851
leaf_count=185 322 933 48 295 262 1105 115 80 9478 238 71 21827 131 228
internal_value=0.000179109 0.000147655 -0.000312317 0.000374969 -0.000186652 -0.00195868 6.048e-05 -0.000207063 -1.23728e-05 -0.00439363 0.00015721 0.000253643 0.00198671 -0.00227986
internal_weight=2.39144e+07 2.36974e+07 7.8377e+06 1.58597e+07 7.6335e+06 934282 6.69922e+06 6.13458e+06 5.96874e+06 222419 5.74632e+06 1.50573e+07 937542 162680
internal_count=35318 34996 11582 23414 11397 1153 10244 9982 9867 318 9549 23119 1292 359
cat_boundaries=0 1
cat_threshold=640
is_linear=0
shrinkage=0.05


Tree=208
num_leaves=15
num_cat=0
split_feature=15 5 1 2 7 23 19 2 0 7 7 8 20 17
split_gain=973.292 1138.09 1106.71 1177.05 2073.69 1035.73 1031.52 1504.49 1368.18 1517.57 1190.24 1855.85 1103.72 2258.24
threshold=19.255681931610429 17.377938260320832 17.156634566241113 15.930207739512172 15.949843188029041 4.1863613804348558 -0.020020769047220648 17.4270168375546 17.153843914118731 17.114749279343759 16.39444836774533 0.11957039339654042 -0.0085832467195535982 0.27754239535709518
decision_type=2 2 2 2 2 10 2 2 2 2 2 2 8 2
left_child=6 2 3 4 -2 -5 8 10 9 -1 12 -12 13 -8
right_child=1 -3 -4 5 -6 -7 7 -9 -10 -11 11 -13 -14 -15
leaf_value=0.00067194493946464047 0.0012466528849402042 0.0010116596274946264 -0.00051536444854634312 0.00026647150991673975 -0.010840148763690355 0.0028197551434046859 -0.0031466827849650791 -0.0026468932186922674 0.0039591448643067203 -0.0011746112271964291 -0.00015940291845538743 0.00019493107494263605 -0.00024740373238801069 -0.0046088035353222534
leaf_weight=4024150.4627963305 4355765.0372009277 430666.3408203125 209012.28076171875 839195.80200195312 113623.44067382812 400328.44799804688 1211765.1662755013 352633.6767578125 175485.42626953125 106839.5107421875 528802.32690429688 1320579.9057617188 9709320.2568559647 116205.78070068359
leaf_count=7372 5488 59 38 222 35 116 2324 54 30 19 108 285 19160 70
internal_value=0.000195749 0.000726256 0.000545661 0.000676492 0.000298404 0.00203978 3.79567e-06 -0.000214855 0.000675988 0.000492303 -0.000126684 0.00104722 -0.000323381 -0.00167535
internal_weight=2.38944e+07 6.34859e+06 5.91793e+06 5.70891e+06 4.46939e+06 1.23952e+06 1.75458e+07 1.32393e+07 4.30648e+06 4.13099e+06 1.28867e+07 1.84938e+06 1.10373e+07 1.32797e+06
internal_count=35380 5958 5899 5861 5523 338 29422 22001 7421 7391 21947 393 21554 2394
is_linear=0
shrinkage=0.05


Tree=209
num_leaves=15
num_cat=0
split_feature=17 17 19 4 9 14 23 11 3 11 10 23 23 11
split_gain=1986.81 2017.73 4224.43 1306.3 1792.69 2099.82 1665.31 1603.97 1322.31 1296.65 1552.35 1027.77 1027.12 1021.86
threshold=0.16098616860468853 0.12992081830067945 -0.0093007948730438484 15.270041361426911 0.29286280406977633 2.3410992662615091 1.8140463560826752 0.075029920074022052 14.947591229164336 -0.049610822349303647 0.042998513809185256 9.6502484127742125 3.5395868905720955 -0.006194589326005499
decision_type=2 2 2 2 2 10 10 2 2 2 2 10 10 2
left_child=1 11 -3 7 5 9 -7 8 -2 -5 -11 -1 -9 -4
right_child=3 2 13 4 -6 6 -8 12 -10 10 -12 -13 -14 -15
leaf_value=-5.8850035860986131e-05 -0.0016971594666317859 -0.0044384594872123196 -0.0016154353015976957 0.00057853609425237245 0.0030748032014250911 6.9818221127211649e-05 -0.00069129804078485446 -0.0018526686360962161 -0.0031741812818814382 -0.00013240648909735813 0.0014272326598489069 0.0046393661312379786 0.0048216426379659796 0.0021838356884245689
leaf_weight=17862821.181222081 441520.20422363281 331748.58459472656 204193.80462646484 628991.83935546875 984233.71789550781 579909.45629882812 457726.55004882812 222408.67730712891 149057.33190917969 672229.90161132812 475149.33020019531 414463.85889625549 266262.25372314453 255620.3727722168
leaf_count=32502 449 165 110 143 269 148 96 195 74 145 95 605 202 132
internal_value=0.000157951 -7.23866e-05 -0.00254384 0.00105847 0.00149465 0.000852227 -0.000934848 -0.000476588 -0.00222997 0.00189612 0.000895925 3.46485e-05 0.00164244 0.00055875
internal_weight=2.39463e+07 1.90688e+07 791563 4.87749e+06 3.79824e+06 2.81401e+06 1.03764e+06 1.07925e+06 590578 1.77637e+06 1.14738e+06 1.82773e+07 488671 459814
internal_count=35330 33514 407 1816 896 627 244 920 523 383 240 33107 397 242
is_linear=0
shrinkage=0.05


Tree=210
num_leaves=15
num_cat=0
split_feature=16 26 15 2 11 7 21 2 9 19 20 21 21 16
split_gain=1223.78 1681.35 1335.01 1570.73 1266.75 2160.18 2107.95 3810.54 2148.9 2223.48 2960.94 2920.39 1234.5 1191.13
threshold=18.435443290659602 0.25000000000000017 19.255681931610429 14.938278118190341 -0.15411741730392051 15.949843188029041 10.607054068381858 14.837156022801311 0.13827813384070328 0.034215370636019864 0.023178063481398604 10.952333066989311 11.01375165277071 18.369372682749788
decision_type=2 2 2 2 2 2 8 2 2 2 10 8 10 2
left_child=2 -2 4 -4 5 -1 13 -8 -9 10 11 -10 -5 -6
right_child=1 -3 3 12 6 -7 7 8 9 -11 -12 -13 -14 -15
leaf_value=0.00015743930944112081 0.0023997638148848376 -4.260158967580239e-05 0.00015394740975237879 0.00094387713353921709 0.00017641392914897775 0.0016736686413864586 2.2133846448103598e-05 -3.2164696476814847e-06 -0.00024610120271644376 -4.4199671828443004e-05 -0.004910022367454088 -0.0054345924706105256 -0.00017763034283408311 -0.00068560208788839535
leaf_weight=4047023.1065831184 634494.91543579102 790996.05563354492 3552868.484954834 2247295.3127441406 6969281.3307482004 605546.0126953125 2513698.3932743073 470387.85034179688 654474.14904785156 295390.15161132812 260576.16748046875 297068.34692382812 318068.2138671875 285355.57769775391
leaf_count=9869 227 274 5141 787 12919 152 5241 117 231 94 95 97 68 104
internal_value=0.000186107 0.00160683 9.61652e-05 0.000726468 -0.000138995 0.000559257 -0.000415565 -0.00126682 -0.00290861 -0.00382922 -0.00477716 -0.00348396 0.00166928 0.000111474
internal_weight=2.39425e+07 1.42549e+06 2.2517e+07 6.11823e+06 1.63988e+07 4.65257e+06 1.17462e+07 4.4916e+06 1.9779e+06 1.50751e+06 1.21212e+06 951542 2.56536e+06 7.25464e+06
internal_count=35416 501 34915 5996 28919 10021 18898 5875 634 517 423 328 855 13023
is_linear=0
shrinkage=0.05


Tree=211
num_leaves=15
num_cat=2
split_feature=15 17 20 8 29 20 9 15 1 16 9 8 29 16
split_gain=793.449 1364.39 1314.3 1087.58 2028.7 1281.77 968.345 976.937 960.577 1696.34 1076.4 1128.78 853.697 1424.61
threshold=19.255681931610429 0.010881109273156201 -0.020668505791395946 0.31104592604567416 0 -0.011645691030911249 0.43279391811088413 19.330630037985571 15.326068374299181 16.062286051471336 0.24062516528983027 0.12460012248063866 1 16.138737299905305
decision_type=2 2 8 2 1 8 2 2 2 2 2 2 1 2
left_child=12 3 -3 4 -2 -6 -5 -8 -4 -10 11 -11 -1 -14
right_child=1 2 8 6 5 -7 7 -9 9 10 -12 -13 13 -15
leaf_value=0.00010189990228757709 -0.016139177501111497 -9.9229460741109485e-05 0.0051651190287099295 0.0055499988459453966 -0.0033463076687096217 0.00028007893947620832 0.005168941794712484 -0.0046776488909744873 -0.0014318755350630492 0.0012954179429438147 0.0064716770283155187 -2.8452407455680559e-05 -0.00076230068574219235 -0.0014457388800538705
leaf_weight=11529353.603449821 115328.06172180176 343223.5166015625 559234.18981933594 459548.78930664062 106128.12927246094 659310.21618270874 976830.41073226929 1024060.9627685547 477221.4375 548769.88598632812 436911.01904296875 696246.59838867188 5370884.4997271299 694066.41814899445
leaf_count=14475 115 118 296 468 86 656 1785 1849 197 98 133 149 14150 765
internal_value=0.000205268 0.000681864 0.00144435 -1.68141e-05 -0.00152455 -0.000593033 0.000522911 4.75402e-05 0.00181246 0.00133412 0.00208064 0.00133133 3.18278e-05 -0.000448375
internal_weight=2.39971e+07 6.40281e+06 3.06161e+06 3.34121e+06 880766 765438 2.46044e+06 2.00089e+06 2.71838e+06 2.15915e+06 1.68193e+06 1.24502e+06 1.75943e+07 6.06495e+06
internal_count=35340 5950 991 4959 857 742 4102 3634 873 577 380 247 29390 14915
cat_boundaries=0 1 2
cat_threshold=8 49
is_linear=0
shrinkage=0.05


Tree=212
num_leaves=15
num_cat=0
split_feature=19 4 19 0 6 15 17 14 16 11 7 4 4 26
split_gain=1122.49 1533.31 1139.49 2355.95 2065.22 1321.65 1457.94 1518.66 2023.59 1267.12 1979.31 1912.71 2120.98 1202.86
threshold=-0.11381263375967689 15.00761717539177 -0.025823528620961395 16.3974896391274 16.308496695165442 19.255681931610429 0.22590751642309662 1.6439011579210194 16.917699226947722 -0.19785089375234216 16.203243434593986 17.017299882291177 16.856164222692549 0.93301270189221952
decision_type=2 2 2 2 2 2 2 10 2 2 2 2 2 2
left_child=1 -1 3 4 -2 9 7 8 -7 10 -4 12 13 -11
right_child=2 -3 5 -5 -6 6 -8 -9 -10 11 -12 -13 -14 -15
leaf_value=-0.0049151548280721071 0.00072179729976665262 -0.0012484943915568706 0.00042454533557346352 0.0010408191751466866 -0.0010666127625923306 0.0011712947215429005 -0.0056204967978204373 -0.0001096906374065488 0.001680971049464409 -0.00056266291610695387 0.0017354112195117387 -0.00027620340848304907 0.0012661491621920129 0.0038724249940327964
leaf_weight=111129.33697605133 3773114.637111783 68414.826049804688 2929370.3801057339 865486.72412109375 135925.63354492188 3627213.8916549683 121337.7666015625 485710.35609436035 456880.10595703125 9089341.9894362688 326289.63403320312 1057574.80859375 343692.67529296875 698592.28519320488
leaf_count=247 6687 20 7151 176 36 3994 16 262 103 15008 69 190 72 1236
internal_value=0.000125842 -0.00381284 0.000155417 0.000846438 0.000323822 -1.6996e-05 0.00071216 0.000855792 0.00117013 -0.000253798 0.000614368 -0.000506404 -0.000295195 -0.000430757
internal_weight=2.40901e+07 179544 2.39105e+07 4.77453e+06 3.90904e+06 1.9136e+07 4.69114e+06 4.5698e+06 4.08409e+06 1.44449e+07 3.25566e+06 1.11892e+07 1.01316e+07 9.78793e+06
internal_count=35267 267 35000 6899 6723 28101 4375 4359 4097 23726 7220 16506 16316 16244
is_linear=0
shrinkage=0.05


Tree=213
num_leaves=15
num_cat=2
split_feature=23 23 28 17 15 0 17 17 7 15 15 29 21 21
split_gain=772.169 2433.72 2847.24 3471.68 1818.17 1670.05 1419.24 1722.65 1347.1 1141.37 1938.55 4150.67 1659.88 1907.43
threshold=3.6614683667812904 3.5247287558908105 0 0.12992081830067945 19.324800906736467 16.3974896391274 0.17521381558578317 0.14864806091691327 16.29414425370425 19.356947056987359 19.332164999170981 1 10.772181735279622 10.622856058979133
decision_type=8 10 1 2 2 2 2 2 2 2 2 1 8 10
left_child=1 9 -3 4 -4 6 7 8 -2 10 -1 -12 13 -11
right_child=5 2 3 -5 -6 -7 -8 -9 -10 12 11 -13 -14 -15
leaf_value=-2.9221523423222974e-05 0.00036962711477211052 0.0030287691469100004 0.0053797064009376656 -0.0047831011919050219 -0.0041007475292374968 0.0016907039876477251 0.0044337738899502873 -0.014867687513008777 -0.0014071071994237673 8.7085564291360557e-05 -0.010688665991345332 3.3552566901712985e-06 0.0037398562718656647 -0.00078601896139637417
leaf_weight=13671421.451258898 6190283.4297375679 123700.54680013657 166392.50424098969 140214.31896972656 103601.69464111328 632045.05126953125 599608.75201416016 74336.4541015625 126673.82592773438 888401.67005157471 185392.01715087891 361242.60807037354 456628.56233978271 126514.55616760254
leaf_count=18701 13636 162 284 49 77 149 382 72 35 919 86 372 272 76
internal_value=1.92543e-05 -0.000175776 -0.00349553 -0.00550053 -0.00218587 0.000434328 0.000211802 -6.40626e-06 8.2641e-05 -6.28071e-05 -0.000200004 -0.00311976 0.00126279 0.0001364
internal_weight=2.38465e+07 1.62235e+07 533909 410209 269994 7.62295e+06 6.9909e+06 6.39129e+06 6.31696e+06 1.56896e+07 1.42181e+07 546635 1.47154e+06 1.01492e+06
internal_count=35272 20998 572 410 361 14274 14125 13743 13671 20426 19159 458 1267 995
cat_boundaries=0 1 2
cat_threshold=172 24
is_linear=0
shrinkage=0.05


Tree=214
num_leaves=15
num_cat=1
split_feature=17 9 5 0 9 18 4 14 22 2 2 19 28 3
split_gain=1888.52 2997.68 3018.48 1321.26 2223.99 2690.71 1811.3 2577.6 1334.35 1809.46 1312.46 820.189 1067.47 3679.18
threshold=0.11989842582786801 0.099641508914028162 16.960881889764313 15.671123781704924 0.16972413989572196 0.06272977124435701 17.179119157328174 1.601707050568409 18.655332724125884 16.158092031731105 16.998031306214585 -0.0059187558919284993 0 15.403376953653414
decision_type=2 2 2 2 2 10 2 10 2 2 2 2 1 2
left_child=1 2 -1 4 5 -2 8 -8 9 -5 11 -3 13 -13
right_child=3 10 -4 6 -6 -7 7 -9 -10 -11 -12 12 -14 -15
leaf_value=-1.5822568726616523e-05 0.0013442379787466799 0.00075637404481816489 -0.0018675347380696006 0.0013669204038118583 0.00069173439538089637 -0.0042823135602831014 0.00068536875567664745 -0.0002307318226865599 0.0011099238464396749 -0.00029510716966111509 0.00057295531827337195 -0.0031344805999625573 -4.356533001898685e-05 -0.0081825548055990908
leaf_weight=115504.20573425293 133539.06817626953 8473688.5160735846 109855.5 348549.24182128906 1607505.2007446289 140106.970703125 678630.015625 793259.80395507812 1918756.6632080078 365898.45068359375 134173.28198242188 1516542.7732551098 7398995.3427916765 69914.03857421875
leaf_count=201 135 15766 21 125 1244 71 97 140 459 90 27 4000 12830 31
internal_value=0.000258462 3.32399e-07 -0.00572975 0.00102681 -7.05176e-05 -0.00423735 0.00152966 0.000124877 0.00231489 0.000470354 7.37313e-05 3.5873e-05 -0.000296926 -0.00147385
internal_weight=2.38049e+07 1.78187e+07 225360 5.98625e+06 1.88115e+06 273646 4.10509e+06 1.47189e+06 2.6332e+06 714448 1.75933e+07 1.74591e+07 8.98545e+06 1.58646e+06
internal_count=35237 32876 222 2361 1450 206 911 237 674 215 32654 32627 16861 4031
cat_boundaries=0 1
cat_threshold=224
is_linear=0
shrinkage=0.05


Tree=215
num_leaves=15
num_cat=1
split_feature=0 14 16 8 0 20 3 23 29 24 21 25 21 16
split_gain=1815.3 2479.49 2818.94 1720.49 2391.01 2312.45 2106.11 1964.09 1844.86 1417.33 3131.88 2318.02 2279.15 1296.7
threshold=14.659802400187553 2.4201405926952608 18.344174158923945 0.41868641287649683 16.3974896391274 -0.018348732327118946 16.275216496733716 0.96809066108244968 0 1.9434536580973651 10.638418371281032 0.25000000000000011 10.836836505858395 15.455182988643651
decision_type=2 10 2 2 2 10 2 8 1 10 8 2 10 2
left_child=-1 3 -3 4 6 -6 7 -2 -5 10 11 -9 -12 -11
right_child=1 2 -4 8 5 -7 -8 9 -10 13 12 -13 -14 -15
leaf_value=-0.00045438341903737234 0.0020623514651370353 0.00072801544376183656 -0.00028238933886090225 0.00048235597816230968 0.0011666444474764638 0.00015862570368238503 -0.0003842238671769154 -0.00066094443556887449 0.011146875512249401 -0.0018037509534940595 -0.0047181157771367319 0.0035677847831505059 -0.0014679340824285494 0.0010875470241144326
leaf_weight=13326823.510295272 891270.755859375 584770.76892089844 380877.46069335938 467792.80926513672 830928.99169921875 2893424.3093261719 607355.1201171875 486605.43811035156 673019.11517333984 388748.25256347656 299566.12243652344 268869.15954589844 268457.39990234375 1368112.3775634766
leaf_count=31585 401 242 88 261 200 558 172 230 309 213 143 131 142 632
internal_value=0.00019131 0.00068605 -0.0017272 0.0009328 0.000682654 0.00162344 -8.25461e-05 0.00033679 0.00275348 -0.000261305 -0.001497 0.000612033 -0.00430203 0.000669584
internal_weight=2.37366e+07 1.04098e+07 965648 9.44415e+06 8.30334e+06 3.72435e+06 4.57898e+06 3.97163e+06 1.14081e+06 3.08036e+06 1.3235e+06 755475 568024 1.75686e+06
internal_count=35307 3722 330 3392 2822 758 2064 1892 570 1491 646 361 285 845
cat_boundaries=0 1
cat_threshold=3
is_linear=0
shrinkage=0.05


Tree=216
num_leaves=15
num_cat=0
split_feature=23 5 5 20 20 0 23 25 11 7 9 23 25 25
split_gain=973.971 1763.39 1289.5 826.784 790.148 2500.86 1489.44 2058.79 3112.26 2273.11 1442.11 1136.03 1500.53 1652.67
threshold=7.8021434237992562 15.549813916882114 15.162556046834117 0.087309770381889654 0.034533790739938862 17.153843914118731 1.2437660237879202 -0.5 0.053441572465067609 14.410677189240003 0.58347656288932659 1.0000000180025095e-35 1.0000000180025095e-35 -0.5
decision_type=8 2 2 10 10 2 10 2 2 2 2 10 2 2
left_child=3 2 -2 4 11 6 7 8 9 -6 -9 -1 13 -13
right_child=1 -3 -4 -5 5 -7 -8 10 -10 -11 -12 12 -14 -15
leaf_value=0.001317160773210929 0.0039158726332273663 0.0045750110480100277 -0.0057592005648452616 0.0015292030511452343 -0.040401360553974482 -0.0014019875628266906 0.0003080176974344347 0.0025136001436494235 -0.00020036592181540034 -0.015060683982750881 -0.039878023052483641 -7.6198845565864229e-06 -0.00016495538369127834 0.00319814492031926
leaf_weight=2867755.5800714493 1013617.3204021454 276648.13854980469 94617.09130859375 313036.55729198456 80870.592953681946 96561.486328125 1264703.8124250174 308691.65441513062 132624.99709415436 67210.562866210938 111232.96368122101 5708365.2046141624 8746655.1032035351 2801008.6690862179
leaf_count=4555 2380 81 45 393 206 18 1703 268 157 27 323 8359 12698 4067
internal_value=0.000142045 0.00142901 0.00053758 6.28275e-05 2.68237e-05 -0.000905377 -0.000519396 -0.00236872 -0.00568378 -0.0106663 -0.000152712 0.000122338 -3.08101e-05 0.000441899
internal_weight=2.38836e+07 1.38488e+06 1.10823e+06 2.24987e+07 2.21857e+07 2.0619e+06 1.96533e+06 700631 280706 148081 419925 2.01238e+07 1.7256e+07 8.50937e+06
internal_count=35280 2506 2425 32774 32381 2702 2684 981 390 233 591 29679 25124 12426
is_linear=0
shrinkage=0.05


Tree=217
num_leaves=15
num_cat=1
split_feature=0 5 16 4 25 0 19 22 22 24 19 19 15 29
split_gain=1328.73 3624.36 1866.48 1883.38 1091.09 1080.14 1639.33 834.017 1197.55 1141 1746.49 1106.69 978.348 2139.03
threshold=17.419860989426706 17.377938260320832 18.369372682749788 15.108937352739096 -0.5 16.3974896391274 0.022226864345365301 16.661388513794559 16.541949759453949 0.80042292159832307 -0.058059964860614648 -0.018812029140904147 19.419154166034748 0
decision_type=2 2 2 2 2 2 2 2 2 10 2 2 2 1
left_child=1 2 5 -4 -5 7 -7 8 -1 10 -9 -12 -11 -14
right_child=-2 -3 3 4 -6 6 -8 9 -10 12 11 -13 13 -15
leaf_value=0.00032130699648862072 0.00055556926049738322 -0.0041138173090597748 0.0028789105324878612 -0.00074458223106079315 -0.00012327334505978749 0.00031713266133773758 -3.6233236351769763e-05 -0.0025019132729243365 0.0044881551789286147 -0.00038524544657553132 0.0041194638197621222 0.00029608808340719165 -0.012166753063725281 0.00076344916545216361
leaf_weight=6649700.373994112 903253.53271484375 107921.81591796875 376177.20077514648 520901.50622558594 500067.16088867188 1810777.6887207031 688689.63354492188 87258.415049552917 654355.85668945312 9182778.2267298698 503922.235871315 1736462.9045667648 142148.5285949707 165786.04489135742
leaf_count=14980 132 18 417 132 112 411 151 101 1252 14681 660 2139 140 131
internal_value=3.2964e-05 -4.05136e-05 2.34499e-06 -0.00176884 -0.00288316 0.000116794 0.00109428 -1.0972e-05 0.00040906 -0.000270563 0.000721468 0.000991762 -0.000513863 -0.00328607
internal_weight=2.40302e+07 2.31269e+07 2.3019e+07 1.39715e+06 1.02097e+06 2.16219e+07 2.49947e+06 1.91224e+07 7.30406e+06 1.18184e+07 2.32764e+06 2.24039e+06 9.49071e+06 307935
internal_count=35457 35325 35307 661 244 34646 562 34084 16232 17852 2900 2799 14952 271
cat_boundaries=0 1
cat_threshold=82
is_linear=0
shrinkage=0.05


Tree=218
num_leaves=15
num_cat=0
split_feature=15 2 14 20 11 4 8 20 9 21 20 20 17 6
split_gain=2261.04 2120.34 1334.03 1252.6 1233.17 1211.03 1667.17 1050.97 1414.29 3297.1 3966.32 1908.66 1750.67 3150.15
threshold=19.211355620242706 15.930207739512172 1.601707050568409 -0.041909716095439441 0.13858871486947241 17.458037941908348 0.21850940890707035 0.076153158415675312 0.14963904423856059 10.949198539433239 -0.014037479077274899 0.018474634224689205 0.35606061239567061 17.129815940530211
decision_type=2 2 10 8 2 2 2 10 2 10 8 10 2 2
left_child=3 -2 5 4 -1 6 -3 8 9 10 -5 -12 13 -10
right_child=1 2 -4 7 -6 -7 -8 -9 12 -11 11 -13 -14 -15
leaf_value=0.0013915339564954127 0.00043625289482524915 0.00011304103829740228 -3.2168663935682787e-05 -0.00063307904596601337 -0.001285797262065529 0.00055211043404041361 0.005705554265268177 0.0016722591130381775 -0.00035659800025880775 -0.002695370831237282 0.0014173296380185169 -0.00012567887583794603 0.00038984902643082416 -0.0046128988345386212
leaf_weight=738108.19500207901 5873007.409876585 765460.60375976562 620554.52124023438 188601.53619384766 198060.57830524445 448265.19580078125 564104.56567382812 346193.21994495392 11743657.387268424 167336.70166015625 532924.94228363037 312764.65370178223 1442800.9526977539 164344.29150390625
leaf_count=1049 7227 200 115 71 424 61 177 513 24176 145 428 135 535 27
internal_value=0.000133142 0.000803145 0.00205587 -0.000216838 0.00155722 0.00275255 0.00199482 -0.000328312 -0.000393084 -0.0020361 -0.000982618 0.000479592 -0.000245206 -0.000444503
internal_weight=2.41062e+07 8.27139e+06 2.39838e+06 1.58348e+07 936169 1.77783e+06 1.32957e+06 1.48986e+07 1.45524e+07 1.20163e+06 1.03429e+06 845690 1.33508e+07 1.1908e+07
internal_count=35283 7780 553 27503 1473 438 377 26030 25517 779 634 563 24738 24203
is_linear=0
shrinkage=0.05


Tree=219
num_leaves=15
num_cat=0
split_feature=3 7 15 6 0 19 20 23 6 2 17 23 21 2
split_gain=1556.16 1548.06 1673.79 1244.88 1294.81 823.062 1238.13 813.398 1289.46 1098.15 1115.25 1882.58 3214.75 1564.83
threshold=17.004815837258366 17.114749279343759 19.220245496564996 16.958239102935611 16.3974896391274 -0.015913561776993296 0.044217436649307058 1.0000000180025095e-35 15.215274927709807 16.536166990069358 0.27754239535709518 3.5395868905720955 10.480130275481486 16.158092031731105
decision_type=2 2 2 2 2 2 8 10 2 2 2 10 10 2
left_child=3 -2 -3 4 7 -6 -7 8 -1 10 13 12 -12 -9
right_child=1 2 -4 -5 5 6 -8 9 -10 -11 11 -13 -14 -15
leaf_value=0.00032374698934591913 0.0007658727595591414 -0.00015678469110855204 0.00014265757179658979 -0.00021027019946065367 -4.02210836198205e-05 0.0019262292618168406 -7.4524710807002891e-05 -3.2773909304162341e-05 0.0016431764599729544 -0.00046335478153048716 -0.0054371386445449185 0.00059974572549456899 -6.8988549152006255e-05 0.0007602053903530612
leaf_weight=2541126.6229419708 585663.91430664062 752586.732421875 883620.6064453125 434476.86083984375 574982.02124023438 744593.8212890625 407017.64135742188 14876591.061771989 645098.67578125 182347.45458984375 232783.84088134766 392389.43011474609 260264.70660400391 472651.07006835938
leaf_count=5211 120 125 137 86 144 181 109 28278 239 50 175 231 129 143
internal_value=0.000229601 0.00149006 0.000700456 0.000100923 0.000154893 0.00146754 0.00223892 3.92791e-05 0.000770362 -0.00010261 -5.92705e-05 -0.0017847 -0.00384145 4.0263e-05
internal_weight=2.39862e+07 2.22187e+06 1.63621e+06 2.17643e+07 2.13298e+07 1.72659e+06 1.15161e+06 1.96033e+07 3.18623e+06 1.6417e+07 1.62347e+07 885438 493049 1.53492e+07
internal_count=35358 382 262 34976 34890 434 290 34456 5450 29006 28956 535 304 28421
is_linear=0
shrinkage=0.05


Tree=220
num_leaves=15
num_cat=2
split_feature=7 4 0 21 7 12 8 5 11 28 2 19 28 12
split_gain=1510.33 2547.95 2823.32 2267.77 852.079 725.458 1497.13 1200.45 871.356 816.868 991.249 798.354 1037.23 793.213
threshold=17.375687477891912 17.017299882291177 16.684754232979486 10.628952567679544 16.807051060811158 9.5000000000000018 3.0695525307790397 11.208330704760256 -0.4948364020037363 0 11.990716958672545 0.0094135040371133016 1 10.500000000000002
decision_type=2 2 2 10 2 2 2 2 2 1 2 2 1 2
left_child=1 2 4 -3 5 7 -7 -1 11 10 -10 12 -8 -11
right_child=-2 3 -4 -5 -6 6 8 -9 9 13 -12 -13 -14 -15
leaf_value=0.0066525626285355872 0.00044980028363930316 -1.2168316172524945e-05 0.00061285454290149624 -0.00057384107957139988 -0.00074945232287515614 4.148154298583474e-05 -0.38520427702174365 -0.007810595009222281 -0.040030727686108034 -0.040613649932594968 -0.35413072247511335 -0.036861070387801918 -0.022272680329207154 0.080585711398654003
leaf_weight=575576.71156108379 955778.419921875 706387.31127929688 1219084.3959960938 599433.7822265625 123447.01806640625 18529051.535066605 52386.568162918091 288081.36064147949 131541.63338088989 312179.77670669556 47462.124038696289 55465.648765563965 36485.678344726562 438367.1372833252
leaf_count=5184 138 136 268 116 26 25244 144 815 606 1109 109 184 168 1165
internal_value=7.12688e-05 -9.26791e-06 0.000119184 -0.00215461 -1.92421e-05 5.73822e-06 -5.6745e-05 0.00142396 -0.00187179 -0.00131056 -0.00434551 -0.00548617 -0.00842387 -0.000586659
internal_weight=2.40707e+07 2.3115e+07 2.18091e+07 1.30582e+06 2.059e+07 2.04666e+07 1.96029e+07 863658 1.07389e+06 929551 179004 144338 88872.2 750547
internal_count=35412 35274 35022 252 34754 34728 28729 5999 3485 2989 715 496 312 2274
cat_boundaries=0 1 2
cat_threshold=114 324
is_linear=0
shrinkage=0.05


Tree=221
num_leaves=15
num_cat=0
split_feature=3 7 14 3 4 22 22 21 17 9 18 19 8 9
split_gain=2515.03 1663.7 1595.52 870.795 2332.12 2104.83 728.161 1210.72 1192.55 1177.56 1432.37 1852.31 1135.14 1500.61
threshold=17.004815837258366 17.114749279343759 1.601707050568409 16.691666025947082 16.856164222692549 18.661337889755632 16.661388513794559 9.7747562300895847 0.013458497134873152 0.31002094161723198 0.51237714781720134 -0.018468429717034846 0.096489678386156755 0.18343332561906558
decision_type=2 2 10 2 2 2 2 10 2 2 10 2 2 2
left_child=3 -2 -3 4 6 -5 7 8 -1 10 -9 -12 -8 -14
right_child=1 2 -4 5 -6 -7 12 9 -10 -11 11 -13 13 -15
leaf_value=0.0028580610045848484 0.00077802013704411123 0.00044881668647330886 -8.1004381542928815e-05 -0.00014233277892644963 0.0037733342523020596 0.00016146562574590069 0.0015727774317980819 -0.00010900322897119372 0.006431563204193861 0.0015496052821109218 -0.0098118800401607188 -0.0024339042780204719 -0.0004375394499266764 -3.909478172434311e-05
leaf_weight=2313470.5163731575 580999.39624023438 679138.693359375 963506.4345703125 709612.61962890625 244145.03564453125 457318.9306640625 353595.978110075 769538.91808319092 574398.84782409668 3282175.6141211987 129657.49202919006 301547.37526893616 1241789.5024414062 11299047.847365141
leaf_count=5579 120 97 166 160 57 96 467 1098 530 8811 87 227 808 17064
internal_value=0.000231092 0.0018325 0.00101913 6.68125e-05 0.000142406 -0.00126177 8.38837e-05 0.000480301 0.00127871 -3.40301e-05 -0.00137382 -0.00368081 -0.000142718 -0.000221493
internal_weight=2.38999e+07 2.22364e+06 1.64265e+06 2.16763e+07 2.05094e+07 1.16693e+06 2.02652e+07 7.37079e+06 2.88787e+06 4.48292e+06 1.20074e+06 431205 1.28944e+07 1.25408e+07
internal_count=35367 383 263 34984 34728 256 34671 16332 6109 10223 1412 314 18339 17872
is_linear=0
shrinkage=0.05


Tree=222
num_leaves=15
num_cat=0
split_feature=3 9 9 1 5 24 24 10 19 4 0 25 11 15
split_gain=1449.83 1365.78 897.792 4137.85 1982.9 1435.89 1534.48 1181.27 1477.81 1493.48 1091.61 1343.16 943.686 1035.61
threshold=17.004815837258366 0.17433109332586608 0.17872418023876313 16.997225798689893 16.625604377944345 2.4755880669540953 1.9225388344841303 -0.05636993168386429 -0.0099925694715324986 16.168471743006108 16.3974896391274 0.25000000000000011 0.078396502598929219 17.627814243673864
decision_type=2 2 2 2 2 8 10 2 2 2 2 2 2 2
left_child=2 -2 3 5 -4 6 7 -1 9 -9 11 -10 13 -7
right_child=1 -3 4 -5 -6 12 -8 8 10 -11 -12 -13 -14 -15
leaf_value=-0.00051518529912903061 8.5705191778674586e-05 -2.7104991138157102e-05 5.3770788858234684e-05 -0.0002763642444401969 0.0015256791519624329 -9.1608576284473667e-05 -0.0054513390907462789 0.00025420011104942448 0.00073046224509900205 -0.00043064465854404318 0.0017081908177697315 -0.00077205419632897455 -0.00028365946952276129 0.0011669971247735644
leaf_weight=309960.91279602051 1291594.7670898438 941198.67407226562 18334980.517497778 174002.3251953125 678947.76196289062 289919.79675292969 226953.81447601318 166986.30286407471 190636.56596374512 183079.298828125 191976.14428710938 153465.98641967773 179481.27813720703 494552.05058288574
leaf_count=183 218 164 32951 35 153 360 175 164 162 47 46 127 153 290
internal_value=0.000155804 0.00136869 3.02829e-05 -0.000848564 0.000148656 -0.000305937 -0.00131523 -0.000600041 0.000329272 -0.0021975 0.00197928 0.000294015 0.00118406 0.00193237
internal_weight=2.38077e+07 2.23279e+06 2.15749e+07 2.56101e+06 1.90139e+07 2.38701e+06 1.42306e+06 1.19611e+06 886144 350066 536079 344103 963953 784472
internal_count=35228 382 34846 1742 33104 1707 904 729 546 211 335 289 803 650
is_linear=0
shrinkage=0.05


Tree=223
num_leaves=15
num_cat=1
split_feature=3 23 2 4 11 28 23 20 4 2 0 6 5 4
split_gain=3400.74 1782.48 1435.78 1670.86 662.902 1101.59 1543.62 1369.04 2193.4 1310.08 940.672 1173.9 888.801 1308.05
threshold=17.004815837258366 2.5830001599057755 16.849067115038203 16.856164222692549 0.15851522824588213 0 -5.6600382699469893 -0.034294958287710238 15.108937352739096 16.536166990069358 16.684754232979486 16.604429800222857 13.379228276680939 12.6627197021299
decision_type=2 10 2 2 2 1 10 8 2 2 2 2 2 2
left_child=2 -2 3 4 10 12 -7 8 -8 -9 11 -1 13 -6
right_child=1 -3 -4 -5 5 6 7 9 -10 -11 -12 -13 -14 -15
leaf_value=0.00035426630122499433 0.0005359336566129933 -1.555769605219225e-05 -0.00012220679621684943 0.0016446817626839497 0.0041033117933494149 0.0049434493867311175 -0.0063441180030340385 -0.001452900321155245 -0.014689993383360526 0.0064681658441865996 0.00053878388656374758 -0.00076970339197693968 0.0044640821592977576 -0.024169882404653228
leaf_weight=14149516.780343294 1426479.9111328125 755199.21606445312 812190.6318359375 345397.96264648438 647019.77782249451 271046.18056678772 202202.6049823761 4154883.8519639969 72358.421752929688 100449.41381835938 250817.70751953125 135927.7724609375 535750.90087890625 138457.61706542969
leaf_count=23305 250 126 172 80 3116 392 378 6810 28 27 61 33 402 213
internal_value=0.000310609 0.0021928 0.000122383 0.000202146 0.000144483 -0.000291953 -0.000643798 -0.000863107 -0.00428512 -0.000642313 0.000328294 0.000274998 0.000986543 -8.447e-05
internal_weight=2.39977e+07 2.18168e+06 2.1816e+07 2.10038e+07 2.06584e+07 6.12217e+06 4.80094e+06 4.52989e+06 274561 4.25533e+06 1.45363e+07 1.42854e+07 1.32123e+06 785477
internal_count=35393 376 35017 34845 34765 11366 7635 7243 406 6837 23399 23338 3731 3329
cat_boundaries=0 1
cat_threshold=519
is_linear=0
shrinkage=0.05


Tree=224
num_leaves=15
num_cat=1
split_feature=3 4 14 19 0 19 0 6 9 19 29 0 20 18
split_gain=1770.15 1407.38 2186.36 910.973 1800.38 1009.3 6254.12 1468.3 1004.71 2140.16 2507.54 1688.51 1421.5 2081.12
threshold=17.004815837258366 17.179119157328174 1.601707050568409 -0.031869132652534493 16.3974896391274 -0.052218753701508393 16.040624683728151 15.351940916703095 0.29286280406977633 -0.024565255806190598 0 16.154648050165125 0.058363286076296809 0.27277323660146974
decision_type=2 2 10 2 2 2 2 2 2 2 1 2 10 8
left_child=3 -2 -3 4 5 6 -1 -7 9 10 -5 -10 13 -11
right_child=1 2 -4 8 -6 7 -8 -9 11 12 -12 -13 -14 -15
leaf_value=-0.00012222056877257838 0.00054813113298880984 0.00041980634964772202 -2.9265333368423394e-05 -9.9407349121134256e-05 0.0021764915797241094 0.0012970923538750353 -0.0039073739796314649 0.0031615526905830384 -3.6178035300277077e-05 -0.00053782423969461562 -0.0037231848404472336 0.0056247245533499008 0.00046857842836093379 3.970707224059494e-05
leaf_weight=804998.69813966751 849964.28979492188 689689.421875 665986.6201171875 387433.52717590332 320755.60668945312 1695748.4804890156 63056.50732421875 374985.53759765625 11822540.671064258 2452409.1841087341 145229.31578826904 589503.68969726562 390890.84940338135 2659425.9374904633
leaf_count=1531 167 98 113 309 78 3472 19 131 24810 2610 112 161 246 1430
internal_value=0.000109178 0.00145875 0.000458674 -2.79507e-05 0.00074262 0.000354401 -0.00107675 0.000954342 -0.000164106 -0.000693271 -0.00371951 9.32021e-05 -0.000400331 -0.000622557
internal_weight=2.39126e+07 2.20564e+06 1.35568e+06 2.1707e+07 3.25954e+06 2.93879e+06 868055 2.07073e+06 1.84474e+07 6.03539e+06 532663 1.2412e+07 5.50273e+06 5.11184e+06
internal_count=35287 378 211 34909 5231 5153 1550 3603 29678 4707 421 24971 4286 4040
cat_boundaries=0 1
cat_threshold=3
is_linear=0
shrinkage=0.05


Tree=225
num_leaves=15
num_cat=1
split_feature=20 16 15 14 15 17 5 8 22 8 16 17 29 15
split_gain=1244.28 2786.81 1503.81 1746.77 3522.2 1376.44 1310.64 1143.44 1143.42 1408.16 2061.36 3732.93 1873.05 1783.44
threshold=-0.0011390669759102998 18.344174158923945 19.240998570495709 1.5902961321314832 19.350799637334983 0.0077359154935753511 16.445570641160668 0.26379183338537915 18.031177463980544 0.54324255642395947 16.390140226443631 0.054658071018304756 0 19.330630037985571
decision_type=10 2 2 10 2 2 2 2 2 2 2 2 1 2
left_child=1 6 -2 5 -5 7 8 -4 -1 10 11 12 -10 -14
right_child=2 -3 3 4 -6 -7 -8 -9 9 -11 -12 -13 13 -15
leaf_value=3.7624289491489236e-05 4.996483311690951e-05 -0.00071480141414029545 -0.0070479000690024723 0.00061343762420497437 -0.00037282349679421231 0.0020147304096327025 0.00041655896350617716 0.0042181984940205487 0.0080781672566776833 0.0015225225001585031 -0.00010587695788137203 -0.014977963533017872 -0.0079702119398866577 -0.013109276195301143
leaf_weight=10133315.740619183 7699658.110896349 359504.01879882812 78227.874938964844 408986.01291656494 234645.15232849121 1034785.6888427734 1000708.5366210938 409688.65827941895 145055.11649739742 904948.91813826561 741263.58092880249 220893.75430297852 417220.0524597168 95042.799026489258
leaf_count=19464 9662 137 75 185 101 355 230 621 206 2752 492 110 887 92
internal_value=0.000125479 -0.000177285 0.000555657 0.00171943 -0.000464375 0.0026425 -6.29095e-05 0.000453261 -0.000200626 -0.00115274 -0.0020355 -0.00367437 -0.00178465 -0.00320491
internal_weight=2.38839e+07 1.4018e+07 9.86599e+06 2.16633e+06 643631 1.5227e+06 1.36584e+07 487917 1.26577e+07 2.52442e+06 1.61948e+06 878212 657318 512263
internal_count=35369 24370 10999 1337 286 1051 24233 696 24003 4539 1787 1295 1185 979
cat_boundaries=0 1
cat_threshold=8
is_linear=0
shrinkage=0.05


Tree=226
num_leaves=15
num_cat=1
split_feature=15 29 20 5 9 19 11 11 6 11 4 11 25 0
split_gain=1187.38 1105.66 1558.4 1240.02 1090.16 1751.91 1476.99 4535.57 1382.14 1235.56 2258.11 1181.97 1721.99 1337.34
threshold=19.211355620242706 0 0.066203157304000615 11.056850854484839 0.40038628091876621 0.061160380032340055 -0.13830438816724025 -0.12588710809479756 16.195747581550723 -0.19785089375234216 15.057444598475701 -0.38436295720537833 1.0000000180025095e-35 13.828061716388111
decision_type=2 1 10 2 2 2 2 2 2 2 2 2 2 2
left_child=1 2 4 -3 5 6 8 -8 9 11 -11 12 -1 -14
right_child=-2 3 -4 -5 -6 -7 7 -9 -10 10 -12 -13 13 -15
leaf_value=0.0073163722179706171 0.00046619314910943004 0.0048640653752007774 0.0015836111666822422 -0.0050655928103206125 0.0023500217494561789 -0.003818638196232993 -0.002496794665041888 -0.00011345254863622044 0.0010257869052729197 0.0016946323041691184 -0.0045305033606457233 0.0033514188021215581 -0.0078290858343749315 -0.011770647122295483
leaf_weight=103067.13717651367 8283812.0811958313 649524.45353341103 313716.52914047241 2838052.2780761719 4293561.882907033 181450.73546600342 166162.29802703857 5402821.0022392273 660105.44165039062 234229.46397399902 156581.13842773438 605698.85787200928 64076.943969726562 48380.645263671875
leaf_count=203 7864 5361 290 3987 11748 153 112 4224 143 320 63 661 199 34
internal_value=0.000200613 -5.47004e-05 0.000169244 -0.000840004 7.76648e-05 -0.000281261 -0.000162893 -0.000571326 0.00105206 4.94618e-05 -0.00226469 0.00115074 -0.00202922 -0.00630783
internal_weight=2.40012e+07 1.57174e+07 1.22299e+07 3.48758e+06 1.19161e+07 7.62257e+06 7.44112e+06 5.56898e+06 1.87214e+06 1.21203e+06 390811 821224 215525 112458
internal_count=35362 27498 18150 9348 17860 6112 5959 4336 1623 1480 383 1097 436 233
cat_boundaries=0 1
cat_threshold=57
is_linear=0
shrinkage=0.05


Tree=227
num_leaves=15
num_cat=0
split_feature=22 4 11 0 26 26 18 0 11 23 5 11 14 14
split_gain=1175.29 1046.87 4278.56 2415.42 1661.54 1580.97 1027.47 870.264 764.055 1296.83 669.919 664.459 613.746 605.092
threshold=21.068016142521437 17.017299882291177 0.029668056121176102 16.154648050165125 -0.24999999999999997 -0.68301270189221952 0.16547070237678113 16.040624683728151 0.03295877656462836 2.8694399824600154 2.7385129428282564 -0.099108545568700593 2.6761871755968305 2.5676061904086684
decision_type=2 2 2 2 2 2 10 2 2 10 2 2 10 10
left_child=1 3 4 7 -3 -5 -7 10 11 -10 -1 -8 13 -12
right_child=-2 2 -4 5 -6 6 8 -9 9 -11 12 -13 -14 -15
leaf_value=0.029569240725867169 0.0092792950399681051 -2.3873394896349666e-05 0.00027021239667449385 -0.00010627516402700511 -0.00019066583891745755 -3.1220214185872444e-05 0.00014508083497938467 -0.00079539683009492322 -0.00012841002305974446 0.0032375517503280432 -7.4425691250930973e-05 0.0016559691705685235 0.0032433464293556364 -0.0035073850035674419
leaf_weight=78122.928431153297 253055.43178367615 604483.40942382812 916450.45556640625 691132.533203125 704046.89575195312 391315.47119140625 407549.6376953125 395666.96069335938 419700.69018554688 412583.17700195312 16885884.932420731 592650.1083984375 930248.97337055206 271610.31702136993
leaf_count=902 231 109 149 178 125 111 100 125 102 108 25909 147 6442 642
internal_value=0.000103801 6.7613e-05 -0.000964786 0.00017457 -0.00279971 0.00151264 0.0021618 -3.55618e-05 0.00265845 0.00153921 1.49655e-05 0.00358978 -4.98947e-06 -7.28074e-05
internal_weight=2.39545e+07 2.37014e+07 2.22498e+06 2.14765e+07 1.30853e+06 2.91493e+06 2.2238e+06 1.85615e+07 1.83248e+06 832284 1.81659e+07 1.0002e+06 1.80877e+07 1.71575e+07
internal_count=35380 35149 383 34766 234 746 568 34020 457 210 33895 247 32993 26551
is_linear=0
shrinkage=0.05


Tree=228
num_leaves=15
num_cat=2
split_feature=27 28 29 23 20 22 1 26 3 9 21 8 9 1
split_gain=1298.53 2889.34 2353.25 1510.52 2834.71 1243.26 5931.87 1329.09 1314.97 1227.78 1221.33 1258.9 1932.69 1286.6
threshold=9.5000000000000018 0 1 0.79905584002720809 0.046640543574944009 19.577528614108676 17.156634566241113 0.6830127018922193 17.004815837258366 0.14963904423856059 10.817995120197638 0.28618807633668292 0.29916388825105145 15.035932932970189
decision_type=2 1 1 10 8 2 2 2 2 2 10 2 2 2
left_child=5 2 -2 4 -4 6 8 -7 -1 -5 -3 13 -13 -12
right_child=1 10 3 9 -6 7 -8 -9 -10 -11 11 12 -14 -15
leaf_value=0.00014384651222221234 -0.0032045586660303139 -8.5863669638739873e-05 -0.00050672542878958931 0.0013857431150025152 -0.0068063283241763754 0.0016953978129137595 -0.00052545482044889563 -0.001001591253817034 0.00035558043852606017 -0.0019905230458528342 0.00016584236753634877 -0.01783781620820734 0.0033381756112526081 0.0029073209213031684
leaf_weight=14739775.109716177 340104.64184570312 3491515.193607688 144066.91870975494 91623.362899780273 75520.038667201996 2116065.0937576294 315090.05322265625 296033.02442169189 396019.51733398438 879113.68969750404 209748.88242340088 40766.479217529297 311915.03158259392 360405.75964355469
leaf_count=24892 109 5611 185 42 183 1274 55 173 78 1510 270 37 763 79
internal_value=0.000108944 -0.000531154 -0.00240324 -0.00135519 -0.00510017 0.000321967 0.000157153 0.0013777 0.000298506 -0.000508061 0.000117893 0.00173559 -0.00061246 0.00318803
internal_weight=2.38078e+07 5.94478e+06 1.53043e+06 1.19032e+06 219587 1.7863e+07 1.54509e+07 2.4121e+06 1.51358e+07 970737 4.41435e+06 922836 352682 570155
internal_count=35261 8789 2029 1920 368 26472 25025 1447 24970 1552 6760 1149 800 349
cat_boundaries=0 1 2
cat_threshold=672 16
is_linear=0
shrinkage=0.05


Tree=229
num_leaves=15
num_cat=0
split_feature=16 11 16 14 5 5 7 0 23 11 14 15 22 18
split_gain=2324.79 2194.16 1589.45 3408.7 1265.47 3062.95 2132.07 800.867 1297.17 1498.33 2421.37 1683.37 1545.67 3506.91
threshold=18.435443290659602 -0.095412541209442134 18.369372682749788 2.3410992662615091 17.130850056497454 16.960881889764313 16.984761516005801 14.38446471924998 -0.14830956395569947 0.078396502598929219 1.0900949836499387 16.532746625888755 16.073075505219425 0.79348320756803525
decision_type=2 2 2 10 2 2 2 2 8 2 10 2 2 10
left_child=2 -2 4 -4 5 6 7 -1 -9 11 -11 -10 -12 -14
right_child=1 -3 3 -5 -6 -7 -8 8 9 10 12 -13 13 -15
leaf_value=-0.00029172848616402527 -0.0002190327104001091 0.001839927915866779 0.00059845487516777224 -0.00092443791511690604 -0.00016746093141243939 0.0014356807981337257 -0.0014977539338719081 0.00185729552989728 -0.0025224553339918583 0.0040623348531391781 0.00072841126895655255 0.00027271622956698461 -0.00034063699443093848 -0.0053348272799177221
leaf_weight=11698343.4939574 415046.51049804688 914642.62161254883 409590.98934936523 281515.0616607666 629809.84423828125 512516.4052734375 243947.98681640625 1050856.7606811523 217920.17626953125 634489.83056640625 480880.28082275391 4525239.6044311523 1172988.1044921875 587005.16333007812
leaf_count=30256 150 340 159 97 105 101 48 513 127 330 244 2021 553 260
internal_value=0.000167839 0.00219921 4.74972e-05 -0.00231314 0.000122493 0.00018834 9.34008e-05 0.000149054 0.00051326 0.000286111 -0.000614477 0.000832059 -0.00138655 -0.00207296
internal_weight=2.37748e+07 1.32969e+06 2.24451e+07 691106 2.1754e+07 2.11242e+07 2.06117e+07 2.03677e+07 8.66938e+06 7.61852e+06 2.87536e+06 4.74316e+06 2.24087e+06 1.75999e+06
internal_count=35304 490 34814 256 34558 34453 34352 34304 4048 3535 1387 2148 1057 813
is_linear=0
shrinkage=0.05


Tree=230
num_leaves=15
num_cat=0
split_feature=17 21 23 15 21 1 4 25 27 17 20 2 7 22
split_gain=1133.24 1455.87 1988.43 874.416 2055.71 4309.21 1758.89 1352.28 1339.05 2103.96 1375.13 2765.54 1320.07 1264.63
threshold=0.39233366882668819 10.580695250462366 4.0417109434809904 19.220245496564996 10.886737161858516 17.156634566241113 17.458037941908348 0.68301270189221941 1.5000000000000002 0.35606061239567061 -0.0011390669759102998 15.038259050445179 13.689214365568374 15.829671694164057
decision_type=2 10 10 2 10 2 2 2 2 2 10 2 2 2
left_child=3 2 -2 6 5 -5 8 13 9 10 11 12 -1 -6
right_child=1 -3 -4 4 7 -7 -8 -9 -10 -11 -12 -13 -14 -15
leaf_value=-0.021693044296619363 -0.00037631800916238526 0.00027016803964206946 0.0073516364136066922 0.00057031897413519677 -0.00045203586087943148 -0.0002708692944227669 -0.0029735418566112833 -0.00016653225160763571 4.0384604982624339e-05 -0.0010760003853164562 0.00064412290035233729 -0.006184527186534847 0.004120841032269661 0.0024230071170955299
leaf_weight=361444.73548591137 368405.56958007812 771685.78771972656 282563.75183105469 6167914.4436073303 224598.80766296387 287784.9658203125 164684.86474609375 359718.75581359863 13409480.900269151 66307.533630371094 475666.80235242844 154609.47045898438 166534.81475830078 837666.12042999268
leaf_count=1447 190 214 148 6566 336 52 26 202 25156 17 706 56 123 283
internal_value=0.000189806 0.0015587 -0.000182795 0.000103925 0.000529479 0.000150403 -0.000122606 0.00225046 -6.47807e-05 -0.00164749 -0.00115161 -0.00258978 -0.000867555 0.00314773
internal_weight=2.40991e+07 1.42266e+06 650969 2.26764e+07 7.87768e+06 6.4557e+06 1.47987e+07 1.42198e+06 1.4634e+07 1.22456e+06 1.15826e+06 682589 527980 1.06226e+06
internal_count=35522 552 338 34970 7439 6618 27531 821 27505 2349 2332 1626 1570 619
is_linear=0
shrinkage=0.05


Tree=231
num_leaves=15
num_cat=0
split_feature=25 22 4 6 26 24 11 15 17 0 2 3 6 6
split_gain=918.3 1751.87 1739.65 1538.39 1495.96 2706.52 2434.23 3335.35 2532.12 2061.33 2219.6 1811.18 2906.28 1558
threshold=-0.5 17.376671901868402 16.411339423236502 16.308496695165442 0.25000000000000017 2.4443359843414556 -0.19266355110365821 17.307006808499256 0.22590751642309662 17.419860989426706 17.165049622732749 15.206373315785315 14.355933025620354 14.355933025620354
decision_type=2 2 2 2 2 8 2 2 2 2 2 2 2 2
left_child=1 2 3 -1 9 6 -6 -8 11 10 -3 12 -9 -7
right_child=-2 4 -4 -5 5 13 7 8 -10 -11 -12 -13 -14 -15
leaf_value=0.00091815483162748348 0.00016067133997857235 -3.5544448307217443e-05 0.0043533359013748522 -0.48192929490833286 0.00011089560045863194 -0.010664503791385366 -0.0004349971262534747 -0.0071625347739547197 -0.0027123188357869804 0.0028071838560211095 -0.003062082913527667 -0.00016018240703136893 -0.024394033026917495 0.0005862236767232178
leaf_weight=3340512.5674200058 16047228.07905829 1862262.4374878407 205421.11352539062 53269.505859375 277225.573387146 425666.74378883839 326221.92796134949 87045.559248924255 219962.0986328125 186053.349609375 82079.10009765625 237967.30749511719 91996.672119140625 472563.884765625
leaf_count=6703 23617 2398 51 15 333 1209 431 146 42 28 15 62 58 185
internal_value=0.000161892 -0.000280578 0.000531961 0.000261516 -0.000965623 -0.00189979 -0.00341341 -0.00460171 -0.00670733 -2.78348e-05 -0.000508947 -0.00441776 -0.00821667 0.000190448
internal_weight=2.39155e+07 7.86825e+06 3.5992e+06 3.39378e+06 4.26904e+06 2.13865e+06 1.24042e+06 963194 636972 2.13039e+06 1.94434e+06 417010 179042 898231
internal_count=35293 11676 6769 6718 4907 2466 1072 739 308 2441 2413 266 204 1394
is_linear=0
shrinkage=0.05


Tree=232
num_leaves=15
num_cat=0
split_feature=4 0 14 10 27 24 17 0 4 0 22 24 0 9
split_gain=1164.81 2976.45 2225.42 2928.37 1072.65 985.601 1056.57 1094.94 752.05 2068.24 701.159 801.304 1511.02 1199.59
threshold=17.017299882291177 16.684754232979486 1.601707050568409 -0.042919947396475346 7.5000000000000009 0.70292538345719902 0.0033445380684753502 13.762220102667095 16.411339423236502 16.273039820797113 21.06749716986349 2.6761558945178754 15.671123781704924 0.39619615085484705
decision_type=2 2 10 2 2 8 2 2 2 2 2 10 2 2
left_child=1 5 -2 -4 -3 6 7 -1 9 -8 11 13 -13 -7
right_child=2 4 3 -5 -6 10 8 -9 -10 -11 -12 12 -14 -15
leaf_value=-0.0019949061080011838 0.00026703860253610173 0.000237286281374407 3.3164877415612222e-05 -0.00016358200996098257 0.0010534185200203776 -0.0004064415369217209 0.0015541605732667166 -0.054825679167098275 0.0013945834246625979 -0.0017762205933162375 0.0079505369960806999 0.00030435947218557263 0.00070275638739612876 0.00066325130233528973
leaf_weight=719356.51118183136 722937.14404296875 792951.85473632812 598887.087890625 938774.92846679688 483633.2333984375 4272625.5051860809 2588085.9539260864 23247.640380859375 217328.45825195312 140760.36938476562 246716.68467521667 6787185.1808640957 1128240.2141113281 4315467.1865758896
leaf_count=3179 107 172 109 173 109 3770 3049 30 60 42 300 14568 358 9288
internal_value=0.00022378 0.000336223 -0.000856363 -0.00193204 0.0026785 0.000189928 0.000929806 -0.00075569 0.00135465 0.00112921 2.69904e-05 -1.25626e-05 0.000350341 -0.000347042
internal_weight=2.39762e+07 2.17156e+07 2.2606e+06 1.53766e+06 1.27659e+06 2.0439e+07 3.68878e+06 742604 2.94617e+06 2.72885e+06 1.67502e+07 1.65035e+07 7.91543e+06 8.58809e+06
internal_count=35314 34925 389 282 281 34644 6360 3209 3151 3091 28284 27984 14926 13058
is_linear=0
shrinkage=0.05


Tree=233
num_leaves=15
num_cat=0
split_feature=4 0 19 10 3 1 0 10 24 4 25 27 8 0
split_gain=787.766 3432.32 2524.54 1293.62 976.107 1411.17 1271.28 1095.82 864.678 665.451 2325.24 1668.74 1087.07 954.709
threshold=17.017299882291177 16.846705175829062 -0.010786498609322749 -0.027175518119125944 17.004815837258366 16.8486284102338 16.3974896391274 0.011699089724676651 -0.49634585822530647 15.813437922507914 -0.24999999999999997 2.5000000000000004 0.21850940890707035 14.38446471924998
decision_type=2 2 2 2 2 2 2 2 8 2 2 2 2 2
left_child=1 4 -2 -4 5 6 8 -8 -1 13 -11 -12 -13 -10
right_child=2 -3 3 -5 -6 -7 7 -9 9 10 11 12 -14 -15
leaf_value=0.0029905579549759889 -0.00021736142885165483 0.0010559960558969139 0.00023203435326754596 -5.4120529175093532e-05 0.00074392255128341968 -0.0030837725820164878 -2.1778662723081158e-06 0.0020824520527492375 -0.00046932962284550379 0.00025137374410535892 2.5672065049500411e-05 -0.00081279030856401698 -0.0029635931822516171 0.00041260914422285103
leaf_weight=756099.78052330017 844668.45874023438 844339.7841796875 576300.2822265625 743720.22241210938 181183.65991210938 195342.23022460938 457291.9189453125 587396.82641601562 11446803.59230113 731529.35180664062 387064.15551757812 440507.14111328125 357229.96008300781 5456601.6662597656
leaf_count=1456 144 179 102 128 40 45 112 166 29274 240 122 136 122 3145
internal_value=0.000145526 0.000235697 -0.000764284 0.000601609 0.000110006 7.82005e-05 0.00011827 0.00181772 2.75765e-05 -3.90305e-05 -0.000922056 -0.00229061 -0.00359769 6.10776e-05
internal_weight=2.40061e+07 2.18414e+07 2.16469e+06 1.32002e+06 2.09971e+07 2.08159e+07 2.06205e+07 1.04469e+06 1.95758e+07 1.88197e+07 1.91633e+06 1.1848e+06 797737 1.69034e+07
internal_count=35411 35037 374 230 34858 34818 34773 278 34495 33039 620 380 258 32419
is_linear=0
shrinkage=0.05


Tree=234
num_leaves=15
num_cat=0
split_feature=20 9 14 14 14 0 21 10 14 15 10 24 8 22
split_gain=959.932 1371.77 3698.04 2355.45 1150.35 1108.15 1871.51 1955.64 2581.6 1506.28 1326.61 1315.07 1386.01 1701.43
threshold=-0.061209268040578892 0.12236701337558946 1.6737228477172126 2.1643424934021125 1.5649414333171312 14.34831692812387 10.64927198777376 -0.10672915682996459 2.4100205239217067 19.196375705064558 0.19065832666451318 4.8433109226126057 0.11957039339654042 19.607205262989968
decision_type=8 2 10 10 10 2 8 2 10 2 2 10 2 2
left_child=-1 2 4 -4 -2 -3 10 9 11 -8 -7 12 -9 -14
right_child=1 5 3 -5 -6 6 7 8 -10 -11 -12 -13 13 -15
leaf_value=0.001102913392063134 0.0020981617533034412 -0.00019504543514204225 -0.0012617241699027974 -0.00011413006569147421 -3.7529798502562641e-05 0.00018935738819406681 0.00082876031495492943 -0.00039734119893591007 -0.0025011344231605529 -0.00061609887742430371 0.0050483957849676072 0.0045605191297408689 -0.00012774951216188547 0.0023659701339456387
leaf_weight=597007.47587919235 311534.56677246094 11495953.758162498 207947.69567871094 195691.7985534668 387760.07702636719 5107110.032409668 888966.48168945312 389702.88659667969 341707.99578857422 414581.48388671875 1272521.2211914062 246295.85943603516 1673333.6467285156 315319.810546875
leaf_count=843 264 29451 52 152 83 2116 309 98 123 157 699 112 767 107
internal_value=0.000245089 0.000194252 -0.00152675 -0.00533753 0.00067287 0.000279965 0.000647445 -0.000162749 -0.000872094 0.00145144 0.00118971 -0.00033987 -0.000700032 -0.000165711
internal_weight=2.38454e+07 2.32484e+07 1.10293e+06 403639 699295 2.21455e+07 1.06495e+07 4.26991e+06 2.96636e+06 1.30355e+06 6.37963e+06 2.62465e+06 2.37836e+06 1.98865e+06
internal_count=35333 34490 551 204 347 33939 4488 1673 1207 466 2815 1084 972 874
is_linear=0
shrinkage=0.05


Tree=235
num_leaves=15
num_cat=0
split_feature=6 15 4 19 3 10 20 21 3 19 25 2 4 4
split_gain=997.166 1968.37 2197.79 3969.42 2223.51 1402.64 1646.67 2108.77 1266.03 3165.72 2102.09 1702.91 898.588 788.104
threshold=16.195747581550723 19.354125004036206 17.017299882291177 -0.013014312526441299 16.850127835172454 0.12424030960315501 -0.0030605907191540494 10.628952567679544 15.809359978435861 -0.017213670397123248 0.25000000000000011 15.930207739512172 16.168471743006108 16.049916458677085
decision_type=2 2 2 2 2 2 8 10 2 2 2 2 2 2
left_child=8 2 4 -4 5 6 -2 -8 11 -10 -11 12 13 -1
right_child=1 -3 3 -5 -6 -7 7 -9 9 10 -12 -13 -14 -15
leaf_value=7.0150893277490752e-05 0.00028281375823116143 0.00060124191187938393 -0.00063737771340055874 6.957268803029847e-05 0.000687173941962034 0.0013907416920252676 -0.00062756484424856336 1.7992833228228764e-05 -0.0021990561507321568 0.00066051658957504025 -0.0020484304429554765 0.0047608585836171917 0.01264066763851435 -0.028043694258732561
leaf_weight=17089709.094081879 427865.60180664062 729758.091796875 648856.32202148438 1124584.2807617188 728706.84057617188 391426.27490234375 461687.96533203125 468205.10961914062 318459.48840332031 518649.30700683594 359505.63647460938 272795.54760742188 91484.200927734375 60322.465087890625
leaf_count=33556 110 157 114 199 152 108 125 118 108 180 122 99 33 23
internal_value=0.000179659 0.000808352 0.00039655 -0.000947245 0.00135831 0.000391578 -0.000368642 -0.00154978 1.22935e-05 -0.00156119 -1.24808e-05 0.000119797 5.77819e-05 3.14184e-05
internal_weight=2.3692e+07 4.98109e+06 4.25133e+06 1.77344e+06 2.47789e+06 1.74918e+06 1.35776e+06 929893 1.87109e+07 1.19661e+06 878155 1.75143e+07 1.72415e+07 1.715e+07
internal_count=35204 1083 926 313 613 461 353 243 34121 410 302 33711 33612 33579
is_linear=0
shrinkage=0.05


Tree=236
num_leaves=15
num_cat=2
split_feature=15 3 25 0 28 26 4 11 4 20 19 16 29 4
split_gain=1058.79 1537.5 1055.18 2259.89 1745.01 2354.74 2434.26 1755.26 1694.09 1664.46 2006.75 1671.56 1561.52 1347.87
threshold=19.211355620242706 17.441669403438507 -0.5 17.153843914118731 0 0.25000000000000017 14.371303010969127 -0.088321798024870682 17.179119157328174 -0.0085832467195535982 0.061160380032340055 18.369372682749788 1 14.580566905663101
decision_type=2 2 2 2 1 2 2 2 2 10 2 2 1 2
left_child=1 2 4 8 -1 12 -7 -8 9 10 11 -4 13 -6
right_child=-2 -3 3 -5 5 6 7 -9 -10 -11 -12 -13 -14 -15
leaf_value=0.0010865983692870884 0.00026976776334593542 -0.001357553071901928 -0.00019172837636469888 0.0014277513786387283 -0.0057224103037779609 -0.0031456108906530618 -0.0035289694035209804 -0.0013049192813299655 -0.0014998067348170358 0.00050457019081334362 -0.011407184100915709 -0.0026858199900100781 0.0001617867652902573 -0.01458199291771046
leaf_weight=1040017.0553953648 8237745.6119372845 289617.18994140625 4910721.3241407871 243646.8515625 307938.33295631409 921202.98466312885 344142.95806884766 579888.61022949219 123654.78466796875 4833077.2387379408 88920.366499423981 70180.504638671875 1823990.2943247557 84377.808288574219
leaf_count=3213 7728 46 11252 44 805 2418 145 227 24 6862 235 30 2239 52
internal_value=0.000123448 -0.000117916 -4.99152e-05 0.000242052 -0.000637689 -0.00110563 -0.00242506 -0.00423833 0.000126433 0.000199058 -0.000433851 -0.000300938 -7.11536e-06 -0.00286876
internal_weight=2.38991e+07 1.56614e+07 1.53718e+07 1.02702e+07 5.10156e+06 4.06154e+06 1.84523e+06 924032 1.00266e+07 9.9029e+06 5.06982e+06 4.9809e+06 2.21631e+06 392316
internal_count=35320 27592 27546 18447 9099 5886 2790 372 18403 18379 11517 11282 3096 857
cat_boundaries=0 1 2
cat_threshold=67 66
is_linear=0
shrinkage=0.05


Tree=237
num_leaves=15
num_cat=0
split_feature=10 17 6 11 8 11 0 19 10 1 4 0 4 1
split_gain=900.852 1429.9 1446.7 1263.24 2303.4 1384.88 5387.41 1172.81 2482 6911.51 2603.74 1309.07 2218.9 2282.36
threshold=0.12424030960315501 0.0099515484587904528 14.692005035093521 0.0064020624786324505 0.064852118826147817 0.019965365044892953 16.533265774342059 0.024055411823719303 -0.072910621236990936 16.686730721057785 16.286603766617137 17.419860989426706 17.179119157328174 16.041732990297305
decision_type=2 2 2 2 2 2 2 2 2 2 2 2 2 2
left_child=3 2 -2 7 -5 6 -6 11 10 -10 -9 12 13 -1
right_child=1 -3 -4 4 5 -7 -8 8 9 -11 -12 -13 -14 -15
leaf_value=0.00023321914478869514 -0.00022817665637178011 0.0014001900258665664 -0.031153615766969091 -0.00084514125831648831 0.00014644951770281578 -6.5060050105473553e-05 -0.0066599366767286358 -0.00072464198302186144 -0.00014898720541059945 -0.003890973993068226 0.0021356766409552546 0.0023762855928978616 -9.8335264553557649e-05 0.00036540053253999056
leaf_weight=5305571.7106388807 2522785.0568984747 3638494.3605041504 62902.574096679688 206287.41501569748 285230.80821228027 7739117.9661421776 99777.10009765625 1049695.3495006561 812279.12143397331 187108.43408203125 286582.24169921875 169594.46533203125 292376.56787109375 1207351.6748046875
leaf_count=9418 8037 3122 43 106 376 10648 19 2032 1025 36 61 25 53 292
internal_value=0.000118409 0.000635581 -0.000263409 -6.4062e-05 -0.000511369 -0.000378884 -0.00330573 0.000336156 -0.000633593 -0.00251831 0.000775968 0.000660894 0.000552759 0.000744052
internal_weight=2.38652e+07 6.22418e+06 2.58569e+06 1.7641e+07 8.33041e+06 8.12413e+06 385008 9.31056e+06 2.33567e+06 999388 1.33628e+06 6.97489e+06 6.8053e+06 6.51292e+06
internal_count=35293 11202 8080 24091 11149 11043 395 12942 3154 1061 2093 9788 9763 9710
is_linear=0
shrinkage=0.05


Tree=238
num_leaves=15
num_cat=1
split_feature=0 14 24 17 7 4 15 16 16 26 9 29 10 24
split_gain=1354.43 1312.17 1232.49 3450.22 1011.79 2045.1 1790.04 1254.38 1376.28 1058.05 1032.63 1030.88 1463.51 1424.65
threshold=13.933656639857242 2.5676061904086684 -0.20078169022511996 0.044588837978661207 16.39444836774533 17.017299882291177 19.242938431960084 18.369372682749788 17.068592372900032 -0.24999999999999997 0.59062404205945485 0 0.35791519202495087 2.8993566068214203
decision_type=2 10 8 2 2 2 2 2 2 2 2 1 2 8
left_child=-1 2 3 -2 10 7 9 8 -6 -7 11 12 -4 -13
right_child=1 -3 4 -5 5 6 -8 -9 -10 -11 -12 13 -14 -15
leaf_value=-0.00044167239307161605 0.0032393023769346947 -0.0028409348238813623 0.00066384062159961332 -0.0019378527419585873 0.00014968777638723198 2.4971656412631636e-05 0.00013640281414941101 6.9104138456650904e-06 0.00099243300083531947 -0.00017662320095251119 0.0092142084374848676 -0.00072319305179861261 -0.0031490146970446914 0.0014094867997112008
leaf_weight=9862933.6585116386 313744.86645507812 246583.89636230469 4818725.7990112305 263949.603515625 578894.56323242188 579936.71606445312 785597.16845703125 451967.10498046875 925764.1318359375 714100.55517578125 999344.79150390625 1619715.7387084961 193678.30029296875 1541992.7017211914
leaf_count=28684 181 122 2765 87 142 106 122 101 204 130 746 798 141 802
internal_value=0.000328708 0.000644273 0.00070893 -0.00155164 0.00080779 0.00146749 0.000375803 0.00262781 0.00332166 -0.000767165 0.000517527 0.000332041 0.000777995 -0.000374952
internal_weight=2.38969e+07 1.4034e+07 1.37874e+07 577694 1.32097e+07 4.03626e+06 2.07963e+06 1.95663e+06 1.50466e+06 1.29404e+06 9.17346e+06 8.17411e+06 5.0124e+06 3.16171e+06
internal_count=35131 6447 6325 268 6057 805 358 447 346 236 5252 4506 2906 1600
cat_boundaries=0 1
cat_threshold=67
is_linear=0
shrinkage=0.05


Tree=239
num_leaves=15
num_cat=0
split_feature=0 19 19 21 8 0 21 4 16 22 21 21 11 0
split_gain=2620.8 1425.4 2477.16 1724.23 846.988 1631.49 1362.47 1891.17 1528.48 1374.3 1251.46 1174.04 994.461 1151.35
threshold=16.684754232979486 -0.013014312526441299 -0.025823528620961395 10.817995120197638 0.21504900098657187 16.154648050165125 10.817995120197638 15.057444598475701 18.407908271991452 15.66049614171151 8.4619717517376625 9.68320537299922 0.13481330535015348 15.926099204579868
decision_type=2 2 2 10 2 2 10 2 2 2 10 10 2 2
left_child=4 2 -2 -3 6 10 8 -8 9 11 -6 -1 -12 -14
right_child=1 3 -4 -5 5 -7 7 -9 -10 -11 12 -13 13 -15
leaf_value=-0.008291029093711105 0.00044098430540867676 3.5859025190667264e-05 -7.6743199391929759e-05 0.00047390042305129471 -0.0011982849211169091 0.001799179705681643 -0.00043881370872736773 -0.0010193911398559954 -0.0010544870005317131 0.00012388497862283988 0.0016604207077493161 -0.00073396752388834533 -0.00023873538787989006 -0.0047695674662633844
leaf_weight=81133.837230682373 638702.33642578125 942089.84228515625 630907.19482421875 1080755.9873046875 3216617.9536545277 733131.5615234375 649601.35264205933 429761.25024414062 171818.26559448242 3530900.6286374331 7901168.7664908171 118904.28004455566 3665455.0569758415 97665.639892578125
leaf_count=109 120 193 118 190 7975 210 802 138 69 3241 14706 164 7349 34
internal_value=0.00028836 0.00159822 0.000285038 0.00242242 7.89695e-05 0.000260089 -0.000488662 -0.00206093 -5.38274e-05 0.000158516 0.000146645 -0.00387318 0.000387433 -0.000281536
internal_weight=2.38886e+07 3.29246e+06 1.26961e+06 2.02285e+06 2.05962e+07 1.5614e+07 4.98212e+06 1.07936e+06 3.90276e+06 3.73094e+06 1.48809e+07 200038 1.16643e+07 3.76312e+06
internal_count=35418 621 238 383 34797 30274 4523 940 3583 3514 30064 273 22089 7383
is_linear=0
shrinkage=0.05


Tree=240
num_leaves=15
num_cat=2
split_feature=7 8 16 17 10 1 5 15 21 28 10 16 8 28
split_gain=2925.93 2826.22 2052.63 770.322 753.181 1636.51 1463.82 1757.62 1236.16 932.382 1129.84 787.91 994.238 691.449
threshold=16.610412428583285 0.1520367391642001 18.287152929951038 0.35606061239567061 0.13174240768969803 16.399633848597894 14.028853444085732 19.370557373690556 9.0093464026334349 0 0.26265987042946742 16.367947529891236 0.19910967739259119 1
decision_type=2 2 2 2 2 2 2 2 10 1 2 2 2 1
left_child=4 2 -2 -3 5 13 -6 9 -9 10 -8 12 -11 -1
right_child=1 3 -4 -5 6 -7 7 8 -10 11 -12 -13 -14 -15
leaf_value=0.00010031683827307381 0.00017193951497408927 0.00035165988254069719 -4.3157341792484615e-05 0.0015487170612326685 -0.0011252047053641784 -0.00050248129845453294 0.0013711705417574259 0.00071437803173208852 -0.0056174042661527642 -0.002077692735796059 -0.0027707366652175384 0.0047460383108467339 0.0050114759142295415 -0.0011318002348658987
leaf_weight=11086946.767450094 954896.13134765625 892551.28100585938 1048273.5578613281 732008.3818359375 2739672.6059203148 444297.76098632812 349533.16168212891 173267.57403564453 185359.91461181641 154475.91729736328 276578.96704101562 545348.55798339844 1003802.8812255859 3252411.4353551865
leaf_count=17686 198 175 179 140 9200 120 198 102 114 92 166 301 657 5947
internal_value=0.000289813 0.0015973 0.000340508 0.003147 5.51356e-05 -0.000129812 0.000558854 0.00138774 -0.00187078 0.00188934 0.000239354 0.00249573 0.00175792 -3.72122e-05
internal_weight=2.38394e+07 3.62773e+06 2.00317e+06 1.62456e+06 2.02117e+07 1.47837e+07 5.42804e+06 2.68837e+06 358627 2.32974e+06 626112 1.70363e+06 1.15828e+06 1.43394e+07
internal_count=35275 692 377 315 34583 23753 10830 1630 216 1414 364 1050 749 23633
cat_boundaries=0 1 2
cat_threshold=544 805
is_linear=0
shrinkage=0.05


Tree=241
num_leaves=15
num_cat=0
split_feature=20 0 1 0 5 3 6 3 9 25 16 2 7 22
split_gain=1337.87 1140.96 1503.41 1003.45 2784.41 1255.46 4758.4 898.514 880.157 1239.2 2201.22 2332.92 1871.08 1835.74
threshold=0.066203157304000615 15.469354322107636 15.08716574430089 17.419860989426706 17.377938260320832 17.004815837258366 17.129815940530211 13.867145959567095 0.22873494940835284 -0.24999999999999997 18.264941323660846 16.401501956730314 16.39444836774533 17.488363951266518
decision_type=10 2 2 2 2 2 2 2 2 2 2 2 2 2
left_child=3 2 7 4 5 6 8 -2 9 10 12 -12 -1 -11
right_child=1 -3 -4 -5 -6 -7 -8 -9 -10 13 11 -13 -14 -15
leaf_value=0.00030666318664939309 -0.005049911180323231 0.00079545883623942598 -0.0075214267107762498 0.00096029158481048037 -0.0027549306867929342 0.00015665182491558582 -0.0015332762260808837 0.0056889863476869244 0.00033607267981160786 -0.00085334081330129367 0.000294452221277241 -0.002498846376541952 0.001033778036239167 -1.2644895245933602e-05
leaf_weight=1085432.3112831116 229639.39731121063 256815.91333007812 57929.786743164062 814528.84912109375 123204.03466796875 1227252.6481933594 71738.064453125 168482.37078857422 16838657.670759678 1129076.1392173767 264007.20436096191 229556.47192382812 288996.81201171875 1291889.9410476685
leaf_count=1024 695 68 27 119 20 233 14 121 30951 935 169 53 66 850
internal_value=0.000200629 0.00233439 0.000833308 0.000135526 7.32497e-05 0.000114431 2.44197e-05 0.00192839 6.80702e-05 -0.000571374 0.000396172 -0.00246803 0.00142472 -0.00131792
internal_weight=2.40772e+07 712867 456052 2.33643e+07 2.25498e+07 2.24266e+07 2.11994e+07 398122 2.11276e+07 4.28896e+06 1.86799e+06 493564 1.37443e+06 2.42097e+06
internal_count=35345 911 843 34434 34315 34295 34062 816 34048 3097 1312 222 1090 1785
is_linear=0
shrinkage=0.05


Tree=242
num_leaves=15
num_cat=1
split_feature=0 4 3 20 24 28 1 1 1 22 3 19 17 20
split_gain=3188.3 2960.75 1235.78 765.835 747.795 1186.29 4623.58 1770.69 1763.58 946.633 1166.16 1041.89 1777.67 1252.79
threshold=16.846705175829062 17.179119157328174 17.004815837258366 -0.0020953970531691498 0.70292538345719902 0 16.686730721057785 16.041732990297305 15.804232180326846 18.420839330262382 14.636003621435345 -0.033656323159915791 0.24497248980684103 0.0024419272630601505
decision_type=2 2 2 8 8 1 2 2 2 2 2 2 2 10
left_child=1 2 4 -2 -1 9 7 8 -7 11 -11 13 -13 -6
right_child=3 -3 -4 -5 5 6 -8 -9 -10 10 -12 12 -14 -15
leaf_value=0.00059915268614882204 0.00042594315587253149 -0.0035215202680027717 0.00020494293360572921 0.00012352872890477687 0.0030943711325657174 -0.0015199476631471902 -0.0068979586629910649 0.00043784958393842797 -0.0022676522709805117 0.00020141902518756744 0.001138008594401901 -9.5047210749294874e-05 -0.0040677309395710185 -0.0005510889061798134
leaf_weight=3691508.0285515785 535706.30517578125 87049.813720703125 224796.19165039062 2306061.6958007812 1543007.6155142784 3608755.9746137857 84804.83056640625 390257.125 134160.701171875 1277171.9209289551 850675.48675537109 9055512.0493860245 102304.11956787109 79378.582625389099
leaf_count=6353 107 18 48 405 2477 8017 20 111 46 2911 363 14410 59 97
internal_value=0.000337019 0.000125545 0.000163614 0.00190939 0.000123796 -1.53336e-05 -0.000743306 -0.000506184 -0.000840356 0.000222547 0.00118632 3.23138e-05 -0.000174581 0.00120016
internal_weight=2.39712e+07 2.11294e+07 2.10423e+07 2.84177e+06 2.08175e+07 1.7126e+07 4.21798e+06 4.13317e+06 3.74292e+06 1.2908e+07 2.12785e+06 1.07802e+07 9.15782e+06 1.62239e+06
internal_count=35442 34930 34912 512 34864 28511 8194 8174 8063 20317 3274 17043 14469 2574
cat_boundaries=0 1
cat_threshold=837
is_linear=0
shrinkage=0.05


Tree=243
num_leaves=15
num_cat=0
split_feature=17 16 6 7 4 23 6 16 4 7 9 6 19 19
split_gain=1342.59 1271.07 2145.6 1756.04 1817.09 2794.41 1509.34 1291.77 1819.87 1157.99 1813.4 1559.68 1262.98 1205.27
threshold=0.39233366882668819 18.435443290659602 17.129815940530211 16.39444836774533 16.699285893163054 2.1778171124778605 16.420481291213544 18.213483320293424 14.61471491831295 15.415654357169361 0.22873494940835284 15.515705039931486 -0.0075834941803622994 -0.0081292404924435489
decision_type=2 2 2 2 2 10 2 2 2 2 2 2 2 2
left_child=1 2 3 6 -5 -6 7 9 -9 11 12 -1 -11 -12
right_child=-2 -3 -4 4 5 -7 -8 8 -10 10 13 -13 -14 -15
leaf_value=-3.5924103750223043e-05 0.00018188907307605011 9.734475341657523e-05 -7.0408431445663952e-05 0.0012896643987223787 0.00025082582327699875 -0.00044225110543790272 -0.0047325981828566146 0.0011609005366897171 -0.0014088360044280099 -0.00033628261759031019 0.005534271090929594 -0.011836117221222188 4.8769286269672972e-05 0.00060951518669729861
leaf_weight=15328393.780702591 1436244.5970458984 1088783.1143493652 805303.486328125 520168.1865234375 679857.890625 541421.37280273438 115525.677734375 254811.4063873291 512881.50988769531 311101.0615234375 868544.9990234375 68877.886474609375 300935.23266601562 1030962.0437011719
leaf_count=32139 557 441 130 127 138 121 33 337 199 101 313 32 101 376
internal_value=0.000199565 0.000104659 1.96331e-05 0.000118924 0.00163785 0.000583788 -2.18349e-05 1.34077e-05 -0.00199501 9.9502e-05 0.001095 -6.28801e-05 -0.00127189 0.00185763
internal_weight=2.38638e+07 2.24276e+07 2.13388e+07 2.05335e+07 1.74145e+06 1.22128e+06 1.8792e+07 1.86765e+07 767693 1.79088e+07 2.51154e+06 1.53973e+07 612036 1.89951e+06
internal_count=35145 34588 34147 34017 386 259 33631 33598 536 33062 891 32171 202 689
is_linear=0
shrinkage=0.05


Tree=244
num_leaves=15
num_cat=0
split_feature=16 27 8 6 0 21 24 27 3 10 11 10 2 11
split_gain=1749.27 2221 2105.37 1365.45 2002.65 1203.04 1125.13 1456.34 1105.38 2292.98 1259.91 1255.54 1113.89 880.263
threshold=18.407908271991452 8.5000000000000018 0.13271539659187379 17.129815940530211 16.154648050165125 10.964230917622825 2.3577099561428603 7.5000000000000009 15.674799135655663 0.029856275999582804 0.099962294261870518 -0.20736950090862202 15.930207739512172 -0.016257289874851599
decision_type=2 2 2 2 2 10 10 2 2 2 2 2 2 2
left_child=3 -2 -3 4 8 6 7 -6 12 10 11 -10 -1 -4
right_child=1 2 13 -5 5 -7 -8 -9 9 -11 -12 -13 -14 -15
leaf_value=-1.6073183850756889e-06 0.0018068616951094449 -0.00029166720817936764 -5.6832381327126146e-05 -7.6293377293440545e-05 -3.9873708215394616e-05 -1.5155288235840716e-05 0.00087136415994645909 0.0002429518715198518 -0.002172860026587699 -0.0034627336574388776 0.00075975697823236273 4.341177128867034e-06 0.0059616867086956299 0.0035516327165834752
leaf_weight=16733671.86991024 826359.69332885742 422138.96011352539 287877.08059692383 776871.5419921875 919895.62426757812 439695.15600585938 940660.92626953125 633245.36352539062 371719.06811523438 289266.98974609375 415515.845703125 439677.08703613281 157565.70727539062 290078.44570922852
leaf_count=33281 298 109 124 127 223 97 255 160 126 107 149 146 61 133
internal_value=0.000162918 0.0016501 6.51942e-05 4.01088e-05 0.000115065 0.00132837 0.00175354 0.000927022 -7.82934e-05 -0.00137155 -0.000427407 -0.001574 3.77909e-05 0.00202582
internal_weight=2.39442e+07 1.82645e+06 1.00009e+06 2.21178e+07 2.13409e+07 2.9335e+06 2.4938e+06 1.55314e+06 1.84074e+07 1.51618e+06 1.22691e+06 811396 1.68912e+07 577956
internal_count=35396 664 366 34732 34605 735 638 383 33870 528 421 272 33342 257
is_linear=0
shrinkage=0.05


Tree=245
num_leaves=15
num_cat=2
split_feature=23 23 17 27 6 4 24 6 8 20 22 28 9 29
split_gain=798.748 1072.42 885.549 834.629 1933.76 1720.19 1267.64 2466.81 994.251 765.372 1047.02 1373.49 3372.77 1276.83
threshold=-1.0000000180025095e-35 -1.0951853747429097 0.0032636334466529006 1.5000000000000002 16.804439504542483 16.168471743006108 2.6761558945178754 15.282705728400392 0.70226966202983654 0.087309770381889654 17.532015052250276 0 0.38176991527153342 1
decision_type=8 10 2 2 2 2 10 2 2 10 2 1 2 1
left_child=1 9 -3 4 5 6 7 -2 -8 10 -1 12 -12 -13
right_child=3 2 -4 -5 -6 -7 8 -9 -10 -11 11 13 -14 -15
leaf_value=0.0018165601854767803 -0.0014413329904513484 -0.0048095779078569118 0.0028457340020063416 5.4309799096517158e-05 -0.00083774514608546565 0.00018978286722757799 0.0037899931776176942 -0.008192471946264759 -0.032680609401176099 0.0010801415613032061 -0.011164214790219252 0.00028130414918957391 -0.0019059708566721929 -0.00020256354344355167
leaf_weight=1503800.0982394218 730140.12024450302 173429.16866493225 781168.77079772949 18687996.413484454 255810.712890625 137759.3740234375 431223.35325455666 149864.70385742188 160742.05813026428 91919.40210723877 68620.883483886719 182363.64192199707 133094.00446271896 652687.94267654419
leaf_count=2780 1381 574 644 27396 48 38 621 57 564 83 42 89 252 983
internal_value=0.000144051 0.000832502 0.00226817 2.38995e-05 -0.000984546 -0.000342816 -0.000842842 -0.00204628 0.000946171 0.000311897 0.00014973 -0.00107274 -0.00477542 -0.000178258
internal_weight=2.41406e+07 3.58708e+06 954598 2.05535e+07 1.86554e+06 1.60973e+06 1.47197e+06 880005 591965 2.63249e+06 2.54057e+06 1.03677e+06 201715 835052
internal_count=35552 5447 1218 30105 2709 2661 2623 1438 1185 4229 4146 1366 294 1072
cat_boundaries=0 1 2
cat_threshold=38 80
is_linear=0
shrinkage=0.05


Tree=246
num_leaves=15
num_cat=0
split_feature=15 4 2 26 22 9 4 21 21 20 24 4 4 21
split_gain=987.229 2239.73 2436.96 1996.89 1315.07 1573.1 1049.84 1976.35 2047.38 1013.2 857.497 2346.62 1509.1 2743.76
threshold=19.220245496564996 17.017299882291177 16.158092031731105 -0.24999999999999997 19.607205262989968 0.099641508914028162 14.956338365021876 10.622856058979133 10.81598335797027 -0.027732843247890045 1.2213433041331703 16.554399131064109 14.956338365021876 10.755485002082809
decision_type=2 2 2 2 2 2 2 8 10 10 8 2 2 8
left_child=1 2 10 -3 5 -2 -7 -8 -9 -4 -1 12 -12 -14
right_child=4 3 9 -5 -6 6 7 8 -10 -11 11 -13 13 -15
leaf_value=0.00092160868100668678 -0.0001636217810533825 -8.3707244680279957e-06 -3.5529886801357924e-05 -0.00026606265841442976 0.00075044915191526838 5.6329531881530385e-05 0.0019529297980169745 -0.00040547608229128321 0.00039057493937372689 0.00022206604629908039 -0.00011356080935728036 -0.010848365898857031 -0.00068410385565603618 -0.0047636313793764061
leaf_weight=3726791.5028219223 229729.92419433594 634291.61596679688 422671.46850585938 677171.53881835938 554491.43199157715 4372749.5215034485 1556903.1690063477 503513.50622558594 656061.60888671875 1522845.6413574219 7256413.8568419218 49390.772216796875 1382897.3756713867 428398.50891113281
leaf_count=7519 60 118 111 124 200 6252 562 180 177 367 18836 15 652 209
internal_value=0.000114544 -0.000109825 6.57838e-05 -0.00209017 0.00057337 0.000395508 0.000527465 0.00129945 -0.000263272 0.00171489 -0.000184014 -0.000445216 -0.000386014 -0.00167707
internal_weight=2.39743e+07 1.61009e+07 1.47894e+07 1.31146e+06 7.87345e+06 7.31896e+06 7.08923e+06 2.71648e+06 1.15958e+06 1.94552e+06 1.28439e+07 9.1171e+06 9.06771e+06 1.8113e+06
internal_count=35382 27951 27709 242 7431 7231 7171 919 357 478 27231 19712 19697 861
is_linear=0
shrinkage=0.05


Tree=247
num_leaves=15
num_cat=1
split_feature=11 11 14 2 0 19 25 5 28 3 5 19 7 7
split_gain=961.633 2215.19 1847.07 3037.88 1808.9 2349.62 2529.45 1439.68 1440.38 2333.38 1604.68 1389.47 2301.7 1877.34
threshold=0.013465213433564152 0.016795339236873354 1.4250604223353467 16.401501956730314 15.671123781704924 0.022226864345365301 1.0000000180025095e-35 15.549813916882114 0 15.474442394707193 14.508765064267051 0.046605178120161704 15.271975064944426 14.909316716362946
decision_type=2 2 8 2 2 2 2 2 1 2 2 2 2 2
left_child=2 -2 3 -1 7 -6 -7 8 10 -10 -4 -3 13 -13
right_child=1 11 4 -5 5 6 -8 -9 9 -11 -12 12 -14 -15
leaf_value=-0.0002136503101587096 -0.0035088244560478282 -6.1303700974166901e-05 0.0015053267141449272 -0.00053178183141668913 0.00050055507311761761 0.00024917701607686169 -0.00013000334560708988 -0.0041937827864364534 -0.00018885791424654513 -0.018831022017091189 0.0037377379466971439 0.001262629549389542 0.0030107778761325858 -0.027216118215300424
leaf_weight=4708081.0639986992 148367.87686729431 10563383.256615758 1474832.5279254913 166960.20239257812 2099199.8039550781 439639.84948730469 446631.1728515625 99375.64013671875 2122896.5714981556 53710.762939453125 636575.14379882812 661798.22631430626 346395.89086914062 61252.894897460938
leaf_count=7819 136 15262 4821 34 513 101 107 37 4498 26 354 1511 101 33
internal_value=0.000176371 -0.000146138 0.000486591 -0.000268518 0.000985881 0.00193529 -0.000223472 0.000339836 0.00047772 -0.00042484 0.00140815 -6.87079e-05 0.0016487 4.31781e-05
internal_weight=2.40291e+07 1.17812e+07 1.22479e+07 4.87504e+06 7.37286e+06 2.98547e+06 886271 4.38739e+06 4.28802e+06 2.17661e+06 2.11141e+06 1.16328e+07 1.06945e+06 723051
internal_count=35353 17043 18310 7853 10457 721 208 9736 9699 4524 5175 16907 1645 1544
cat_boundaries=0 1
cat_threshold=321
is_linear=0
shrinkage=0.05


Tree=248
num_leaves=15
num_cat=0
split_feature=26 7 4 4 19 16 16 0 15 20 7 19 11 15
split_gain=716.525 2551.63 1358.54 1316.61 2810.46 1744.15 1527.44 2121.69 1538.61 1869.67 1985.82 1274.14 1000.74 1129.77
threshold=-0.5 17.375687477891912 17.179119157328174 17.017299882291177 -0.010786498609322749 17.348131363805926 16.773818065740624 16.846705175829062 19.240998570495709 -0.010841463709074047 14.658651842067735 -0.028865370756790996 -0.15031631318504771 18.274639255750575
decision_type=2 2 2 2 2 2 2 2 2 10 2 2 2 2
left_child=1 2 -1 5 -5 6 -2 8 9 11 -11 -8 -7 -14
right_child=3 -3 -4 4 -6 12 7 -9 -10 10 -12 -13 13 -15
leaf_value=0.0003776252568088148 0.0001056470228421301 0.0019514558535283927 -0.00012368326161249531 -0.00039397166147912903 -1.6606740374708029e-07 0.0013489835154998906 -0.0061080616296349697 0.0011445050109613177 7.4700981157211033e-05 -0.0070803349096104683 -0.0068841880368559431 0.00033960972775940292 3.0042507079150989e-05 0.0016275545206118223
leaf_weight=7294142.7242664099 11306121.861153126 309973.1689453125 224608.96630859375 595652.79028320312 863731.15454101562 516084.32137870789 120350.35361480713 157554.47387695312 207023.19079589844 221155.3814239502 267922.55285644531 182290.72308349609 1466282.163192749 257105.02087402344
leaf_count=11635 21234 45 42 100 148 321 125 35 65 421 122 181 846 69
internal_value=0.00016165 0.000554261 0.000370978 -2.85359e-05 -0.00146093 0.000113651 -0.000117208 -0.00184811 -0.00269879 -0.00370232 -0.00561368 -0.000613505 0.00139836 0.000819959
internal_weight=2.399e+07 7.82872e+06 7.51875e+06 1.61613e+07 1.45938e+06 1.47019e+07 1.24624e+07 1.1563e+06 998742 791719 489078 302641 2.23947e+06 1.72339e+06
internal_count=35389 11722 11677 23667 248 23419 22183 949 914 849 543 306 1236 915
is_linear=0
shrinkage=0.05


Tree=249
num_leaves=15
num_cat=0
split_feature=4 9 4 0 9 8 4 11 7 19 24 2 14 14
split_gain=1120.26 2125.02 1590.78 1558.51 1474.94 1102.66 841.231 2082.81 1151.28 1065.77 763.462 694.862 622.164 1369.59
threshold=17.017299882291177 0.20757198619191244 16.286603766617137 16.533265774342059 0.14408993956811442 0.10986439182877221 15.813437922507914 0.071442137882853765 15.777918108991317 -0.014159784794791548 1.2270203362160601 16.401501956730314 2.630209526314232 2.5676061904086684
decision_type=2 2 2 2 2 2 2 2 2 2 10 2 8 10
left_child=2 5 3 6 -4 -2 8 9 12 -8 -6 -12 13 -1
right_child=1 -3 4 -5 10 -7 7 -9 -10 -11 11 -13 -14 -15
leaf_value=6.0278250463646548e-05 -5.6792719716153463e-05 -0.00010967851157493156 -3.5834433535069141e-05 0.0056125574175857765 0.00090902301744029055 0.00020262707756364673 0.0020695024682892554 -0.0011960223077709773 0.002115684846514618 -0.00065820153030030234 0.0011142302488987711 6.3384303461463574e-05 0.0041639864979073965 -0.01307447871742924
leaf_weight=16139049.674774766 655773.6962890625 752859.57568359375 680881.7197265625 216393.04125976562 545936.5 830250.51293945312 347977.15844726562 401715.63647460938 410865.67895507812 565380.51159667969 491377.30029296875 843775.19140625 1034201.0350739956 149087.2110824585
leaf_count=26349 111 135 157 62 145 141 116 132 137 192 143 190 7090 384
internal_value=0.000141052 -0.000924095 0.00025031 9.46463e-05 0.00142082 0.000172331 4.6713e-05 -0.00117345 0.000137199 0.000146199 0.0021426 0.00149848 7.51528e-05 -3.53935e-07
internal_weight=2.40655e+07 2.23888e+06 2.18266e+07 1.92647e+07 2.56197e+06 1.48602e+06 1.90483e+07 1.31507e+06 1.77332e+07 913358 1.88109e+06 1.33515e+06 1.73223e+07 1.62881e+07
internal_count=35484 387 35097 34462 635 252 34400 440 33960 308 478 333 33823 26733
is_linear=0
shrinkage=0.05


Tree=250
num_leaves=15
num_cat=1
split_feature=4 3 10 22 6 25 6 11 9 20 1 19 28 3
split_gain=1458.66 3097.82 2646 3157.77 1056.51 707.067 2017.92 1739.14 5088.9 1544.06 2128.03 1519.69 1456.55 2499.02
threshold=17.017299882291177 17.004815837258366 0.023860028578315654 19.593415907659992 16.958239102935611 0.25000000000000011 16.804439504542483 0.13081238723757146 0.13827813384070328 -0.021121605284877148 15.804232180326846 0.041274684494610407 0 13.801639380976034
decision_type=2 2 2 2 2 2 2 2 2 10 2 2 1 2
left_child=1 4 3 -2 5 6 -1 -7 -9 10 11 12 13 -10
right_child=2 -3 -4 -5 -6 7 -8 8 9 -11 -12 -13 -14 -15
leaf_value=0.00014989915961900985 -1.6393962993949262e-05 0.0012971557692745173 0.00033537254146453517 -0.00036261887018897306 -0.00026329463182002817 5.8196129107630264e-05 0.00017408220744348054 -0.0086392241007129701 -0.016478665596463462 0.00066381251526607878 -0.002102244459421543 -0.025236566634349363 -0.00022225005281979455 -0.59141302222471237
leaf_weight=11971441.112817645 687547.99169921875 509420.21264648438 948324.052734375 589653.5732421875 160301.955078125 6051697.8015826941 226447.6142578125 62193.972045898438 89601.696775436401 1084535.5079660416 194204.09411621094 117509.86923027039 1245891.0946278572 28185.620910644531
leaf_count=20162 126 103 161 94 33 9444 50 39 394 1802 59 278 2539 23
internal_value=1.39041e-05 0.000138704 -0.00120528 -0.00269086 4.62558e-05 7.70189e-05 0.000324057 -0.000262557 -0.00128758 -0.00096885 -0.00192037 -0.00127512 -0.000804987 -0.0061193
internal_weight=2.3967e+07 2.17414e+07 2.22553e+06 1.2772e+06 2.1232e+07 2.10717e+07 1.21979e+07 8.87382e+06 2.82212e+06 2.75993e+06 1.67539e+06 1.48119e+06 1.36368e+06 117787
internal_count=35307 34926 381 220 34823 34790 20212 14578 5134 5095 3293 3234 2956 417
cat_boundaries=0 1
cat_threshold=72
is_linear=0
shrinkage=0.05


Tree=251
num_leaves=15
num_cat=0
split_feature=9 10 20 15 7 24 22 20 10 19 6 19 0 20
split_gain=1058.08 2389.65 1925.73 1954.93 1905.33 1618.62 2512.14 1899.91 1724.52 2746.78 3946.84 3886.28 4634.54 1627.95
threshold=0.29286280406977633 -0.26398145318456429 0.069258689773484511 19.397684439101905 15.415654357169361 2.4755880669540953 19.623793835603895 -0.050983502848724695 0.054700591423640206 0.022226864345365301 17.353540390897464 0.043489306917255603 16.154648050165125 -0.0017940459138056498
decision_type=2 2 10 2 2 10 2 10 2 2 2 2 2 10
left_child=1 -1 3 5 -2 7 -7 -3 9 10 -9 12 -11 -10
right_child=4 2 -4 -5 -6 6 -8 8 13 11 -12 -13 -14 -15
leaf_value=-0.0019353798871396773 0.00015334726332018583 -0.002141380761747907 0.00025774457486865584 0.00041717347747560442 0.002045634835008075 0.00017255268864242528 -0.00086103115692307821 5.5544905158734717e-06 -0.00091658746888729234 -0.0010979578435979162 -0.00043113751375125215 -8.095463216581542e-05 -0.0019338513858945347 0.00067993976744875207
leaf_weight=289329.44379425049 12520352.831880808 665048.49606323242 298575.50445556641 483356.88714599609 2328651.9099121094 2448596.9696483612 254661.51631164551 1868942.0583724976 424582.12240600586 215593.79744720459 204097.4970703125 389722.42189025879 252012.71899414062 1068498.1018180847
leaf_count=184 28617 602 171 188 735 2072 121 1137 277 206 30 183 54 543
internal_value=5.76534e-05 -0.000374665 -0.000223845 -0.000366184 0.000315694 -0.000557594 0.000431131 -0.00108285 -0.000708236 -0.00141294 -0.000428493 -0.00379334 -0.00686661 0.000674831
internal_weight=2.3712e+07 8.86302e+06 8.57369e+06 8.27511e+06 1.4849e+07 7.79176e+06 2.70326e+06 5.0885e+06 4.42345e+06 2.93037e+06 2.07304e+06 857329 467607 1.49308e+06
internal_count=35120 5768 5584 5413 29352 5225 2193 3032 2430 1610 1167 443 260 820
is_linear=0
shrinkage=0.05


Tree=252
num_leaves=15
num_cat=0
split_feature=20 7 6 9 20 3 4 3 1 5 8 20 16 1
split_gain=1207.26 1108.43 1417.54 801.391 1889 901.957 1057.21 1420.75 1209.25 741.266 1443.27 1912.11 1829.37 1620.12
threshold=0.076153158415675312 17.375687477891912 17.353540390897464 0.099641508914028162 0.0028328073285291506 17.169510099143395 17.179119157328174 17.004815837258366 17.156634566241113 15.225370992279283 0.40603737201592455 -0.03811659352642599 18.344174158923945 15.469568271585974
decision_type=10 2 2 2 10 2 2 2 2 2 2 10 2 2
left_child=1 2 3 4 -1 6 7 8 9 -5 11 13 -13 -11
right_child=-2 -3 -4 5 -6 -7 -8 -9 -10 10 -12 12 -14 -15
leaf_value=0.00012390701635130107 0.00095226743599872055 0.00060584884414355679 -0.0039909270557776265 -2.0751135469044272e-05 -0.00013746605892967723 0.00028155113610785399 -0.00041006613674301969 0.000239824831791476 -4.8053636541408066e-05 0.0043830960087536007 0.0062038196884466679 0.00021211985873397659 -0.00031485276008937134 -0.00042672614579137338
leaf_weight=183758.2606048584 497430.99469852448 911676.9248046875 110252.25 15412757.076213002 127126.39358520508 500886.7255859375 368911.12329101562 333682.73364257812 126658.126953125 301202.90515136719 715666.66479492188 2294484.0689697266 543761.22192382812 1331332.5174560547
leaf_count=200 633 132 19 32087 52 95 72 69 26 138 280 758 147 426
internal_value=0.000246443 0.000194324 0.000124617 0.000152653 -0.00236813 0.000188389 0.000139364 0.000185846 0.000133737 0.000163685 0.00068074 0.000347027 0.00113125 -0.00101639
internal_weight=2.37596e+07 2.32622e+07 2.23505e+07 2.22402e+07 310885 2.19293e+07 2.14285e+07 2.10595e+07 2.07259e+07 2.05992e+07 5.18645e+06 4.47078e+06 2.83825e+06 1.63254e+06
internal_count=35134 34501 34369 34350 252 34098 34003 33931 33862 33836 1749 1469 905 564
is_linear=0
shrinkage=0.05


Tree=253
num_leaves=15
num_cat=0
split_feature=22 0 19 7 19 22 0 24 16 0 26 0 11 24
split_gain=1055.75 864.04 1298.98 1937.6 2111.79 3231.41 2180.92 1836.63 1219.64 2180.77 1467.06 1075.98 1921.71 1274.56
threshold=21.068016142521437 13.362698596641676 0.010748464346764752 17.114749279343759 0.0041528008782671507 18.227872074416734 15.030715562990705 37.355000574376511 18.344174158923945 16.846705175829062 1.0000000180025095e-35 15.324543256002096 -0.066779074227504481 1.7949352587435352
decision_type=2 2 2 2 2 2 2 8 2 2 2 2 2 10
left_child=1 -1 3 4 8 6 -6 11 9 -3 -10 -4 13 -13
right_child=-2 2 7 -5 5 -7 -8 -9 10 -11 -12 12 -14 -15
leaf_value=-0.00099109042044746853 0.0054895842699535105 0.00032792369306800483 0.00092005468799923745 -7.4580200796917987e-05 -0.0052875944484740353 0.0014118843506814624 -0.015178084639361973 -0.0086949757742360006 -0.00029848309274025622 0.00081020273994774543 3.7971656154375672e-05 -9.4425192899843632e-05 0.00065361159195237873 0.00017611181483421492
leaf_weight=7809319.1249080896 255127.40265464783 7346779.5121765137 2854129.9295349121 1024815.5712890625 202061.41162109375 179567.98645019531 183967.76037597656 194622.87243652344 346301.94451904297 383766.59619140625 474923.77679443359 486746.69146728516 1754382.5147705078 504415.74584960938
leaf_count=26467 229 4589 2271 165 172 81 73 152 124 82 173 132 491 141
internal_value=0.000287055 0.000252682 0.000463813 0.000122613 0.000354312 -0.00260462 -0.00518223 0.00106104 0.00055001 0.000744629 -0.00128202 0.001227 0.00193366 0.000173756
internal_weight=2.40009e+07 2.37458e+07 1.59365e+07 1.01422e+07 9.11737e+06 565597 386029 5.7943e+06 8.55177e+06 7.73055e+06 821226 5.59967e+06 2.74554e+06 991162
internal_count=35342 35113 8646 5459 5294 326 245 3187 4968 4671 297 3035 764 273
is_linear=0
shrinkage=0.05


Tree=254
num_leaves=15
num_cat=0
split_feature=6 14 16 11 11 14 9 4 27 19 15 15 10 10
split_gain=922.832 1286.56 2664.6 1938.19 1150.86 1051.81 1286.22 1976.5 1984.08 2830.86 1690.98 1278.86 1212.02 1186.47
threshold=13.071777547280321 2.4201405926952608 18.344174158923945 -0.095412541209442134 0.010041080534270051 2.2926062479976781 0.22873494940835284 16.411339423236502 3.5000000000000004 -0.015913561776993296 19.250863594461013 19.393848674083568 0.19920680121470194 -0.05636993168386429
decision_type=2 10 2 2 2 10 2 2 2 2 2 2 2 2
left_child=-1 5 3 -3 -5 6 7 11 -9 -10 -11 -2 13 -7
right_child=1 2 -4 4 -6 12 -8 8 9 10 -12 -13 -14 -15
leaf_value=-0.0010520690871159268 -0.00029065644449497395 0.0018493948241746533 -0.00081508685644521869 -0.0022858583515770001 -6.8998029643334221e-05 0.00011010123333089988 0.0014496200160117407 -7.5039890798294054e-05 -2.6986562315965861e-05 7.7059706374720579e-05 0.0012788058277696912 -0.0020475166244696996 -0.0016784803857953477 0.0013162142863648008
leaf_weight=6525277.2081075907 2061619.2999267578 421663.37487792969 369800.23114013672 188698.12359619141 429611.93133544922 910665.38452148438 9178986.439239502 566154.75415039062 513431.74096679688 576877.80639648438 572845.646484375 185847.98767089844 281864.6279296875 975600.40466308594
leaf_count=25162 1189 243 91 115 309 350 6780 109 101 120 105 89 146 331
internal_value=0.000308647 0.000500394 -0.00094697 0.000349265 -0.00143327 0.000629342 0.000466911 -0.000227928 0.000826937 0.00169723 0.00307573 -0.00127427 0.00165239 0.00210938
internal_weight=2.37589e+07 1.72337e+07 1.40977e+06 1.03997e+06 618310 1.58239e+07 1.36558e+07 4.47678e+06 2.22931e+06 1.66316e+06 1.14972e+06 2.24747e+06 2.16813e+06 1.88627e+06
internal_count=35240 10078 758 667 424 9320 8493 1713 435 326 225 1278 827 681
is_linear=0
shrinkage=0.05


Tree=255
num_leaves=15
num_cat=0
split_feature=4 3 9 25 23 8 2 6 1 2 1 16 17 15
split_gain=2515.13 3236.53 1806.4 2130.33 1074.12 564.516 2384.17 1440.33 1264.36 857.636 1104.2 1081.14 2253.16 713.741
threshold=17.017299882291177 16.850127835172454 0.13827813384070328 -0.24999999999999997 11.242051282538451 0.078990536318368373 16.688037161790731 16.804439504542483 16.8486284102338 16.158092031731105 16.275843258113319 16.994388566398658 0.051978863781600708 19.469746635908056
decision_type=2 2 2 2 10 2 2 2 2 2 2 2 2 2
left_child=1 4 -2 -4 5 6 -1 8 9 10 13 12 -11 -7
right_child=2 -3 3 -5 -6 7 -8 -9 -10 11 -12 -13 -14 -15
leaf_value=0.00044752855037291216 3.8882352858271612e-05 0.00045160320295788652 -9.8355531251299045e-05 -0.00018659406411099375 0.0044489714164846969 0.00011619037206751946 -0.0027166835973316157 0.00014141103172987175 -0.013100434568382958 0.00094221138109598613 -0.00085345384013222724 0.00026353664240346325 -0.00049948442189830927 -0.0027692097320020214
leaf_weight=237063.24059402943 855351.09326171875 769698.92163085938 668134.20336914062 675572.751953125 244362.02854347229 17999744.234505296 74682.662109375 307958.81640625 103135.53491210938 475464.22192382812 206579.37109375 703556.43627929688 425367.68969726562 115253.4203338623
leaf_count=500 144 163 120 116 377 33079 17 68 26 145 64 191 117 143
internal_value=0.000114496 0.000278048 -0.00149666 -0.00264001 0.000160745 0.000121745 -0.00198982 0.000154113 0.000101937 0.000130518 3.34478e-05 0.00123902 9.1973e-05 7.4899e-05
internal_weight=2.38619e+07 2.16629e+07 2.19906e+06 1.34371e+06 2.08932e+07 2.06488e+07 311746 2.03371e+07 2.00291e+07 1.9926e+07 1.83216e+07 1.60439e+06 900832 1.8115e+07
internal_count=35270 34890 380 236 34727 34350 517 33833 33765 33739 33286 453 262 33222
is_linear=0
shrinkage=0.05


Tree=256
num_leaves=15
num_cat=0
split_feature=8 11 23 16 11 6 19 5 22 8 8 4 26 23
split_gain=1541.9 4684.75 965.434 978.933 1839.97 1694.18 1731.89 3017.46 1125.29 3015.43 1040.71 990.021 2175.43 3305.74
threshold=0.064852118826147817 -0.006194589326005499 3.5649859480136805 18.407908271991452 -0.091491685565548736 17.129815940530211 -0.064570836395922496 15.162556046834117 18.663991825035449 0.22153552291441761 0.25745182052255949 16.286603766617137 1.0000000180025095e-35 1.9100114405105153
decision_type=2 2 8 2 2 2 2 2 2 2 2 2 2 10
left_child=1 -1 3 5 -5 6 7 -2 11 -10 -11 -8 13 -13
right_child=2 -3 -4 4 -6 -7 8 -9 9 10 -12 12 -14 -15
leaf_value=0.0019012134688208603 -0.0011497448083750857 -0.00050763198115690033 0.00057880511370241668 -9.355247581573523e-05 0.00061862464011310653 -0.00016931975641881143 -5.2236784589758532e-05 -0.001671252217874586 -0.0039298609418727077 0.0053126008929090043 -0.0020652404349801455 0.00033735184207679843 0.00041595840909390623 -0.00054934173731358373
leaf_weight=163210.108725667 171046.87306499481 230867.87911653519 7674456.9555697441 476671.38757324219 1136671.3851623535 642734.09326171875 10505787.334754467 84259.722534179688 260900.72344970703 89660.930835723877 744002.94547820091 421109.67846679688 782499.34399414062 398814.3349609375
leaf_count=270 348 184 14201 170 433 106 17601 27 187 57 1198 105 192 98
internal_value=8.53119e-05 -0.00301624 0.00013757 -8.69251e-05 0.00107978 -0.000220413 -0.000100642 -0.00417951 -2.17675e-05 -0.00155705 -8.89194e-05 0.00011702 0.00127467 -0.000525064
internal_weight=2.37827e+07 394078 2.33886e+07 1.57142e+07 1.61334e+06 1.41008e+07 1.34581e+07 255307 1.32028e+07 1.09456e+06 833664 1.21082e+07 1.60242e+06 819924
internal_count=35177 454 34723 20522 603 19919 19813 375 19438 1442 1255 17996 395 203
is_linear=0
shrinkage=0.05


Tree=257
num_leaves=15
num_cat=1
split_feature=29 20 20 8 25 23 2 20 15 23 17 15 11 3
split_gain=1047.04 1211.05 1067.85 1248.5 2391.55 2342.4 2285.82 1580.94 1464.16 1433.28 1326.53 1297.42 1266.3 2016.5
threshold=0 -0.063579604282087879 0.072806114856406576 0.14868143367913414 0.93301270189221952 0.86064595097143159 17.165049622732749 -0.021121605284877148 19.184782302808376 2.0850945990171454 0.35606061239567061 19.172460310684176 0.071442137882853765 14.527206679404005
decision_type=1 8 10 2 2 10 2 10 2 10 2 2 2 2
left_child=1 -1 3 4 5 8 -5 -7 10 -9 -3 12 13 -11
right_child=-2 2 -4 6 -6 7 -8 9 -10 11 -12 -13 -14 -15
leaf_value=0.00051069100436620279 -0.00015892295958702308 8.700363885835842e-05 0.00024486756543594406 0.00024670336005187658 0.00066678104855828237 0.00094816672421370795 0.0010409040317601549 -0.0001247197526816858 -0.00028717567660844844 0.0033935009386129875 -9.6783412913933051e-05 0.0012826435026397195 0.00019861773408396543 -0.003360307793221206
leaf_weight=349590.17498493195 10052650.546785474 268184.01754760742 353198.41913986206 8969530.9957078695 231977.67950057983 537565.26365315914 619360.71875 486551.81549072266 297433.59157180786 141729.99898183346 222300.9599609375 600018.50366210938 309318.99181365967 392999.7578125
leaf_count=248 19212 167 271 13596 145 553 103 176 77 264 58 154 177 125
internal_value=0.000203622 0.000486688 0.000411063 0.000337791 -0.00047224 -0.000821694 0.00063245 -6.39832e-05 -0.00319525 -0.000731722 -0.00151681 5.90634e-05 -0.00120455 -0.00267751
internal_weight=2.38324e+07 1.37798e+07 1.34302e+07 1.3077e+07 3.48808e+06 3.2561e+06 9.58889e+06 2.46818e+06 787919 1.93062e+06 490485 1.44407e+06 844049 534730
internal_count=35326 16114 15866 15595 1896 1751 13699 1449 302 896 225 720 566 389
cat_boundaries=0 1
cat_threshold=49
is_linear=0
shrinkage=0.05


Tree=258
num_leaves=15
num_cat=0
split_feature=21 2 22 9 26 19 16 22 17 4 16 6 16 22
split_gain=790.391 7664.53 1763.08 1387.21 1502.78 2402.35 2157.4 1424.85 1521.75 1268.29 1244.94 1072.98 1910.2 1136.92
threshold=10.908497196024898 17.4270168375546 19.630753430190442 0.099641508914028162 1.0000000180025095e-35 0.026742964172620756 18.179163792832941 19.617331230798943 0.24497248980684103 16.554399131064109 18.472836192843562 17.129815940530211 18.472836192843562 16.964017972763202
decision_type=8 2 2 2 2 2 2 2 2 2 2 2 2 2
left_child=1 10 3 -2 11 7 -7 8 9 -6 -1 12 13 -5
right_child=2 -3 -4 4 5 6 -8 -9 -10 -11 -12 -13 -14 -15
leaf_value=1.5363079781342996e-05 0.0010598301440807043 -0.0035065978208252187 -0.0032013964798398051 -2.7824494244536069e-05 -4.7880100417242903e-05 -0.0016165929382872429 -0.01041685172003801 0.00092382553153089436 -0.0019492643485273537 0.00036164955643912527 0.0012044093532774601 0.0012688694067544016 -0.0019561436929828933 0.0021248405236216857
leaf_weight=19287262.17782104 199757.12512207031 75178.01708984375 189282.43966674805 667251.36057448387 991555.71415305138 113423.16005396843 99018.011871337891 233624.79977416992 267389.279296875 255487.2177734375 125370.7174987793 398556.88037109375 161389.83532714844 746950.57713317871
leaf_count=30710 49 12 77 1458 1813 190 41 90 47 51 54 61 106 549
internal_value=0.000107608 -2.80801e-05 0.000719187 0.000935223 0.00072886 -0.000251694 -0.00527239 0.00035847 -0.000202204 0.000531716 3.36269e-05 0.00170263 0.00111636 0.00170449
internal_weight=2.38115e+07 1.94878e+07 4.32369e+06 4.1344e+06 3.93465e+06 1.9605e+06 212441 1.74806e+06 1.51443e+06 1.24704e+06 1.94126e+07 1.97415e+06 1.57559e+06 1.4142e+06
internal_count=35308 30776 4532 4455 4406 2232 231 2001 1911 1864 30764 2174 2113 2007
is_linear=0
shrinkage=0.05


Tree=259
num_leaves=15
num_cat=0
split_feature=21 15 1 17 17 3 4 3 11 11 3 23 2 2
split_gain=2489.18 2478.13 2087.61 1705.7 2897.04 1661.1 1498.64 1328.99 1293.17 1284.97 1271.61 1155.15 915.133 900.045
threshold=10.870851662968304 19.203026137930177 17.156634566241113 0.39233366882668819 0.31408482136343246 17.004815837258366 17.017299882291177 15.099901109033544 0.11872512742371467 -0.0097332732567626968 14.995946782177455 2.9455941718968108 16.688037161790731 16.536166990069358
decision_type=8 2 2 2 2 2 2 2 2 2 2 8 2 2
left_child=2 3 5 4 7 6 12 10 -3 -9 -2 -10 13 -1
right_child=1 8 -4 -5 -6 -7 -8 9 11 -11 -12 -13 -14 -15
leaf_value=2.3986446404338161e-05 1.2545260366847212e-05 0.0017013077988738284 -9.2635541974016484e-05 0.0010608746801648965 -0.00080319083398369424 0.00030410432495262397 -0.00021350017344955483 0.00039777598837660371 -0.0004121904066732187 -0.0019211818082960916 -0.0097961197317840438 0.00024982468890871295 0.00015670790084454299 -0.00014163075491486631
leaf_weight=16822015.673517585 1762953.6700088978 1104121.1582260132 452616.0556640625 414172.29052734375 319058.95654296875 560862.44702148438 214420.64599609375 493250.24682617188 285025.90644836426 328024.75500488281 47972.583251953125 256844.94420623779 450275.9091796875 320598.5986328125
leaf_count=29441 3924 640 85 70 66 111 45 130 171 111 27 166 106 86
internal_value=0.000247924 0.0012382 -1.57563e-05 0.000460617 3.89323e-05 6.6906e-05 -1.74787e-05 0.000584337 0.00282805 0.00225265 -0.000172259 0.000827524 3.31602e-05 -2.52844e-05
internal_weight=2.38322e+07 5.01142e+06 1.88208e+07 3.36543e+06 2.95126e+06 1.83682e+07 1.78073e+07 2.6322e+06 1.64599e+06 821275 1.81093e+06 541871 1.75929e+07 1.71426e+07
internal_count=35179 5305 29874 4328 4258 29789 29678 4192 977 241 3951 337 29633 29527
is_linear=0
shrinkage=0.05


Tree=260
num_leaves=15
num_cat=0
split_feature=7 7 4 14 8 23 14 23 22 6 24 11 25 16
split_gain=1554.52 2038.5 1775.89 1301.39 2698.09 2068.36 1368.99 833.823 639.792 675.438 579.974 1667.41 1694.81 2862.9
threshold=16.39444836774533 16.29414425370425 16.411339423236502 1.601707050568409 0.13271539659187379 1.6180047367891852 1.5460538133724107 2.5228400253385952 21.06749716986349 13.976245073664392 2.6237885083862906 0.27239613488375364 0.25000000000000011 16.037107279052176
decision_type=2 2 2 10 2 10 10 10 2 2 10 2 2 2
left_child=1 2 8 6 5 -5 -2 -6 10 -10 -1 -12 -13 -14
right_child=3 -3 -4 4 7 -7 -8 -9 9 -11 11 12 13 -15
leaf_value=-0.00021167946092234206 7.7683663644121273e-05 -0.00030793967665102099 0.0036138140358797418 2.259184718231335e-06 3.2307472531648881e-05 -0.0024324779278710467 0.00053844736680124341 0.0013922697738277189 -0.0065301574656465786 0.0075813633591346394 0.0016184288226753496 0.00040144518579622444 -0.0096837128100632219 -0.020251149499845883
leaf_weight=11222554.375359058 920612.02880859375 503309.53759765625 287273.34497070312 524553.21997070312 867627.5693359375 521922.1591796875 530326.87719726562 858188.19311523438 97607.326475143433 131826.05072021484 5713062.1886665821 1052790.1859068871 635453.35311460495 106670.38894462585
leaf_count=18970 186 142 90 104 177 102 94 170 206 88 10840 2396 1673 109
internal_value=0.000204434 1.82538e-05 0.000100397 0.00107513 0.000440157 -0.00156299 0.00228837 0.00165479 4.12782e-05 0.0026656 9.13245e-06 0.000349293 -0.000980065 -0.00281003
internal_weight=2.39738e+07 1.97505e+07 1.92472e+07 4.22323e+06 2.77229e+06 1.04648e+06 1.45094e+06 1.72582e+06 1.896e+07 229433 1.87305e+07 7.50798e+06 1.79491e+06 742124
internal_count=35347 34514 34372 833 553 206 280 347 34282 294 33988 15018 4178 1782
is_linear=0
shrinkage=0.05


Tree=261
num_leaves=15
num_cat=1
split_feature=11 0 19 3 8 8 16 16 2 19 19 4 18 29
split_gain=1345.05 2872.79 2220.88 1971.79 1790.79 1586.78 1393.42 1501.52 1282.79 1057.97 1731.17 1437.24 1063.01 2021.15
threshold=-0.022939798456089646 15.671123781704924 0.023412783306648553 16.043295900230813 0.064852118826147817 0.18539566487688322 18.435443290659602 18.344174158923945 16.276512134422696 0.046605178120161704 0.043489306917255603 14.859122363191213 0.60663487474600142 0
decision_type=2 2 2 2 2 2 2 2 2 2 2 2 10 1
left_child=1 3 5 -1 -2 -3 7 9 -7 10 12 -11 -6 -14
right_child=4 2 -4 -5 6 8 -8 -9 -10 11 -12 -13 13 -15
leaf_value=0.00042355288925650746 -0.00039282523255216033 0.00033245426402525228 -2.177494699049797e-05 -0.088715018899597251 0.00013118899272366916 0.0052290276156520621 0.00048613354777431807 -0.00027659869113635824 -1.2241469365918677e-05 2.5084716656606813e-05 -0.021691069449462586 0.0027691474601673743 -0.0003530395003868681 -0.0002175428687926352
leaf_weight=7774787.1244149208 212383.84112024307 1159966.6987304688 724741.72521972656 61870.70068359375 5408673.0498937368 397334.15930175781 673455.55361938477 484007.97996520996 561261.52490234375 699402.66474354267 93472.999536514282 392679.45928955078 183167.36840820312 4978668.1229705811
leaf_count=15924 173 274 176 21 10694 137 263 188 124 1592 128 142 46 5301
internal_value=0.000196662 0.000613317 0.00197473 0.000119367 -0.000142351 0.00279205 -6.74541e-05 -0.000189283 0.00128679 -7.69159e-05 -0.000228706 0.00140529 -0.0001688 -0.000682054
internal_weight=2.38059e+07 1.068e+07 2.8433e+06 7.83666e+06 1.31259e+07 2.11856e+06 1.29135e+07 1.22401e+07 958596 1.17561e+07 1.0664e+07 1.09208e+06 1.05705e+07 5.16184e+06
internal_count=35183 16656 711 15945 18527 535 18354 18091 261 17903 16169 1734 16041 5347
cat_boundaries=0 1
cat_threshold=16
is_linear=0
shrinkage=0.05


Tree=262
num_leaves=15
num_cat=0
split_feature=20 14 22 21 27 7 6 4 4 0 15 26 22 4
split_gain=1098.38 2508.13 920.54 959.02 2329.37 2054.12 2288.25 2936.44 2537.6 1759.06 1330.76 1080.67 2087.39 1972.15
threshold=-0.040738913403921891 1.5170000176554674 21.063481265874838 10.860054239547923 1.5000000000000002 17.114749279343759 16.958239102935611 16.699285893163054 16.554399131064109 16.273039820797113 19.203026137930177 1.0000000180025095e-35 19.617331230798943 17.458037941908348
decision_type=8 8 2 10 2 2 2 2 2 2 2 2 2 2
left_child=1 -1 3 5 9 6 7 8 -2 -5 11 12 -6 -13
right_child=2 -3 -4 4 10 -7 -8 -9 -10 -11 -12 13 -14 -15
leaf_value=-0.00054631927646917457 -8.1582702865888829e-05 0.0017882024862060409 0.0043864878060135377 -0.0015577210905794541 0.001112702503866298 -0.00019259339490465701 0.00055861738169717774 -0.00021876521701544652 0.0017497921928458682 -0.00054407249698341356 0.00054113577014784978 -9.0367167365527792e-05 -0.0019584687123346402 -0.0020977951603151569
leaf_weight=475024.95684432983 15647445.029411674 838581.72566699982 589451.45538139343 268197.17360329628 1460806.5122301579 449591.923828125 392195.4833984375 343842.23120117188 243546.90307617188 179834.7119140625 1348707.9781265259 1258435.6001362801 253837.00741577148 76902.5390625
leaf_count=542 27648 1272 484 430 1967 82 78 81 65 32 762 1730 138 12
internal_value=0.000148183 0.00155358 6.61793e-05 1.37532e-05 0.00063449 -0.000162426 -7.2251e-05 -0.000163419 -6.45041e-05 -0.00280008 0.000984321 0.000406001 0.00123657 -0.000660494
internal_weight=2.38264e+07 1.31361e+06 2.25128e+07 2.19233e+07 4.84672e+06 1.70766e+07 1.6627e+07 1.62348e+07 1.5891e+07 448032 4.39869e+06 3.04998e+06 1.71464e+06 1.33534e+06
internal_count=35323 1814 33509 33025 5071 27954 27872 27794 27713 462 4609 3847 2105 1742
is_linear=0
shrinkage=0.05


Tree=263
num_leaves=15
num_cat=0
split_feature=16 4 23 27 10 7 7 26 4 20 20 10 23 7
split_gain=1999.01 1839.31 2394.83 1098.8 2121.44 771.615 1967.65 1649.6 1365.73 1021.9 665.876 796.801 690.39 610.814
threshold=18.435443290659602 17.017299882291177 2.4308761225760551 8.5000000000000018 0.054700591423640206 16.39444836774533 16.29414425370425 0.6830127018922193 16.286603766617137 0.0013846527960236002 -0.053432676894982038 0.076401761267267623 1.4736445321713953 10.896150602754432
decision_type=2 2 10 2 2 2 2 2 2 8 8 2 10 2
left_child=1 5 -3 -2 -5 6 8 9 10 -7 11 -1 -13 -12
right_child=3 2 -4 4 -6 7 -8 -9 -10 -11 13 12 -14 -15
leaf_value=0.0042464433928081557 0.0012744501182921511 -3.6812823440873017e-06 -0.00071034748492519815 -0.00065817526423028554 0.00038321814631092995 0.00059626447891901978 -0.0003169808574314053 -7.5971131246474607e-05 0.0028265321954148385 5.5803373400250397e-05 0.0050704125125007474 -0.0055813640171068447 0.00023434291571781734 -6.8819178781843001e-05
leaf_weight=419393.25557470322 663733.24853515625 794996.77319335938 569310.19360351562 277079.60440063477 485040.00833129883 630238.90551757812 453835.7431640625 496537.43994140625 476068.982421875 631659.685546875 1414195.8040286303 76149.323594093323 96668.40978717804 16545518.128189087
leaf_count=713 219 148 95 142 140 142 128 112 150 148 12734 137 233 20153
internal_value=0.000117422 2.88749e-06 -0.00177672 0.00193318 0.00063786 0.000117195 2.66555e-05 0.00112029 0.000104259 0.00208093 3.64018e-05 0.00168602 -0.00117106 -1.79934e-05
internal_weight=2.40304e+07 2.26046e+07 1.36431e+06 1.42585e+06 762120 2.12403e+07 1.94818e+07 1.75844e+06 1.9028e+07 1.2619e+06 1.85519e+07 592211 172818 1.79597e+07
internal_count=35394 34893 243 501 282 34650 34248 402 34120 290 33970 1083 370 32887
is_linear=0
shrinkage=0.05


Tree=264
num_leaves=15
num_cat=1
split_feature=10 0 3 16 9 11 30 4 2 10 15 4 21 22
split_gain=1697.92 3349.5 2339.1 1759.74 2634.54 1651.74 1527.38 3573.68 1386.82 1268.31 1607.35 1610.94 1571.55 3499.33
threshold=0.054700591423640206 16.154648050165125 16.043295900230813 18.472836192843562 0.21233104827981572 0.096595287447461112 0 16.411339423236502 15.804681797931783 -0.049407973878109197 19.211355620242706 16.411339423236502 9.2446040057347396 19.630753430190442
decision_type=2 2 2 2 2 2 1 2 2 2 2 2 10 2
left_child=3 2 8 6 -5 -3 9 -8 -2 10 -1 -12 -11 -14
right_child=1 5 -4 4 -6 -7 7 -9 -10 12 11 -13 13 -15
leaf_value=1.6649321759553027e-06 0.00025064292371628725 0.00037397759141704224 -0.019740669088063777 -0.00091997991476313896 0.00025715311172408477 0.0028475877332609207 -0.0012691967595541837 -0.0055931465440711616 0.0071948179053399966 0.0055488433489363784 0.0011695713499478655 0.00045960892988027876 -0.0001351316370840707 -0.003633240040489052
leaf_weight=6311908.89889431 6542782.8734498024 1301981.2482910156 93207.3876953125 215584.41305541992 222554.16030883789 605881.083984375 1511843.9185502529 100270.66040039062 325185.11010742188 559712.16595077515 2192689.0124690533 424062.89868164062 3298582.4972555637 152677.34927368164
leaf_count=10707 13459 304 31 81 122 142 3545 27 129 813 2581 88 3165 58
internal_value=0.000182151 0.000730509 0.000221818 -0.000142295 -0.0032644 0.00258656 -4.82914e-05 -0.00149956 0.000328592 0.000132519 0.000464302 0.00150621 -0.000606049 -0.00100462
internal_weight=2.38589e+07 8.86904e+06 6.96118e+06 1.49899e+07 438139 1.90786e+06 1.45517e+07 1.61211e+06 6.86797e+06 1.29396e+07 8.92866e+06 2.61675e+06 4.01097e+06 3.45126e+06
internal_count=35252 14065 13619 21187 203 446 20984 3572 13588 17412 13376 2669 4036 3223
cat_boundaries=0 1
cat_threshold=9
is_linear=0
shrinkage=0.05


Tree=265
num_leaves=15
num_cat=0
split_feature=0 2 0 19 4 24 4 11 11 8 9 15 1 19
split_gain=1708.82 1590.24 1068.46 1540.67 4060.64 1995.13 1758.24 1595.31 1473.68 1229.36 1644.21 1816.2 1492.31 1265.2
threshold=17.419860989426706 17.4270168375546 14.450960958817744 -0.017213670397123248 17.017299882291177 0.93963787086104311 16.856164222692549 -0.45109524278571372 0.026494436646094854 0.18539566487688322 0.17872418023876313 17.821797180512196 15.035932932970189 0.015675456447670554
decision_type=2 2 2 2 2 8 2 2 2 2 2 2 2 2
left_child=1 2 -1 4 5 8 7 -5 -4 10 11 -9 -12 -14
right_child=-2 -3 3 6 -6 -7 -8 9 -10 -11 12 -13 13 -15
leaf_value=-0.00016931316387746765 0.00047888198074872595 -0.0010541425378812878 -5.0807608792878024e-05 -0.0044130945112968722 -0.00035153786646482862 0.00024121300757234872 0.00017676314289725872 -4.0376737735853358e-05 -0.001962424242191767 0.0010793322323898273 0.00082671596019069323 0.0014224666424922142 -0.00025529850899395169 -0.0072591507508839416
leaf_weight=12344139.327319741 892564.150390625 158309.810546875 277068.57373046875 223183.64874267578 359660.23852539062 2206724.0249023438 1216740.3090820312 515331.98791503906 290582.18243408203 3960565.8986206055 263146.68395996094 614216.11486816406 415641.44482421875 289806.84985351562
leaf_count=31000 130 26 110 118 69 957 242 189 130 1930 166 228 149 101
internal_value=0.00027835 0.000195528 0.000229937 0.000597315 -0.000333671 0.000314335 0.000986418 0.000649464 -0.00232933 0.000802392 -0.000176153 0.00111998 -0.00168767 -0.00288633
internal_weight=2.40277e+07 2.31351e+07 2.29768e+07 1.06327e+07 3.13404e+06 2.77437e+06 7.49863e+06 6.28189e+06 567651 6.05871e+06 2.09814e+06 1.12955e+06 968595 705448
internal_count=35545 35415 35389 4389 1266 1197 3123 2881 240 2763 833 417 416 250
is_linear=0
shrinkage=0.05


Tree=266
num_leaves=15
num_cat=1
split_feature=16 10 25 24 10 21 14 14 5 7 11 15 11 29
split_gain=2094.42 1493.42 1402.42 964.144 1370.32 1456.92 1257.92 1804.52 1186.55 931.198 735.486 705.09 2740.53 3433.93
threshold=18.435443290659602 0.054700591423640206 -0.5 7.5560444616056701 0.43847745150569489 9.1055041605223739 0.93663882078426508 0.89250645782943205 14.880350224662141 17.114749279343759 0.23492209120391291 19.211355620242706 0.026494436646094854 0
decision_type=2 2 2 10 2 10 8 10 2 2 2 2 2 1
left_child=3 2 -2 9 6 -6 7 10 -8 11 -5 -1 -13 -14
right_child=1 -3 -4 4 5 -7 8 -9 -10 -11 -12 12 13 -15
leaf_value=-6.6915585097635088e-05 -9.7494313543364488e-05 0.0020943130753343525 6.1024555721268872e-05 0.0021157305298447628 0.010248549767411338 -0.074866324006518117 0.0061201977218110042 -0.016419718180379603 0.0050612486274900972 -0.00010887073804819017 -0.026650099784285321 0.0019978683204842636 -0.00043866349063496554 -6.770846578288486e-05
leaf_weight=13407257.790575743 320412.29998779297 702360.42047119141 348671.91784667969 193943.24383640289 81972.161844491959 68050.862337589264 884535.14003181458 66922.022994995117 565024.85803222656 966352.3212890625 60615.476097583771 2966413.0675685406 112843.4560546875 3101757.5539245605
leaf_count=24587 144 226 130 360 297 130 2411 53 183 159 142 3287 32 3153
internal_value=0.000108368 0.0020053 0.00031481 -7.38093e-06 0.00106381 -0.00352442 0.00145248 -0.00137711 0.00208002 -0.000107496 0.000543609 -3.27472e-05 0.000409062 -0.000602307
internal_weight=2.38471e+07 1.37144e+06 669084 2.24757e+07 1.92106e+06 150023 1.77104e+06 321481 1.44956e+06 2.05546e+07 254559 1.95883e+07 6.18101e+06 3.2146e+06
internal_count=35294 500 274 34794 3576 427 3149 555 2594 31218 502 31059 6472 3185
cat_boundaries=0 1
cat_threshold=16
is_linear=0
shrinkage=0.05


Tree=267
num_leaves=15
num_cat=1
split_feature=24 9 23 2 8 24 27 17 2 26 22 1 28 15
split_gain=921.917 1307.72 1161.79 1818.48 1548.31 826.835 1691.19 767.932 779.608 692.235 2484.26 3658.74 1849.29 1605.64
threshold=7.8914968238984153 0.71937531870891092 1.0000000180025095e-35 15.144338772874399 0.12460012248063866 7.0411549898009458 9.5000000000000018 0.0092484692873037507 14.071450802365243 -0.5 19.458610751230562 17.156634566241113 0 17.767562967025874
decision_type=10 2 10 2 2 10 2 2 2 2 2 2 1 2
left_child=2 -2 3 -1 -5 9 -7 8 -3 10 11 12 -4 -12
right_child=1 7 5 4 -6 6 -8 -9 -10 -11 13 -13 -14 -15
leaf_value=0.00037964748520821968 0.0032002087287722894 -0.008590731185687801 0.0014901247351447886 -6.6088039200672298e-06 0.0013124562239996988 -0.0063450084416721009 -0.14709269573961245 0.01604613128436292 -0.10702802454117544 -3.8129243284198966e-05 -0.00014507401231177408 -0.0015882406030543013 -0.00022833409067084687 0.0026424904799332068
leaf_weight=2177179.5349855423 1312504.1866798401 379865.46022081375 1355227.549185276 332980.39318847656 720017.1259765625 201662.52554416656 64069.964607715607 105656.01715087891 47325.575317382812 12310675.047451138 328456.38341522217 120280.5380859375 3695836.6539951563 699297.98226928711
leaf_count=4515 1390 1582 3257 83 244 555 186 180 44 17736 396 22 4926 211
internal_value=0.00023045 0.00130392 0.000140431 0.00101632 0.00272218 -1.02588e-05 -0.00277951 -0.00078507 -0.00172906 2.94975e-05 0.000460394 1.41761e-05 0.000219406 0.00270562
internal_weight=2.3851e+07 1.84535e+06 2.20057e+07 3.23018e+06 1.053e+06 1.87755e+07 265732 532847 427191 1.85098e+07 6.1991e+06 5.17134e+06 5.05106e+06 1.02775e+06
internal_count=35327 3196 32131 4842 327 27289 741 1806 1626 26548 8812 8205 8183 607
cat_boundaries=0 1
cat_threshold=653
is_linear=0
shrinkage=0.05


Tree=268
num_leaves=15
num_cat=1
split_feature=16 28 26 23 2 7 5 2 23 20 0 2 9 17
split_gain=1392.14 943.814 1498.37 672.024 3180.72 1714.44 1366.53 1570.64 854.546 816.718 1971.84 2304.91 1297.83 1777.65
threshold=18.435443290659602 0 0.6830127018922193 -1.0000000180025095e-35 17.165049622732749 16.39444836774533 16.320212067152102 15.804681797931783 -17.613524436317444 -0.041909716095439441 16.273039820797113 15.804681797931783 0.16972413989572196 0.39233366882668819
decision_type=2 1 2 8 2 2 2 2 10 8 2 2 2 2
left_child=3 -2 -3 4 5 6 7 8 -1 10 11 -5 -11 -14
right_child=1 2 -4 9 -6 -7 -8 -9 -10 12 -12 -13 13 -15
leaf_value=-0.0092694812993441896 0.00038267738473776833 5.5010313845109843e-05 -0.00046007953604249182 0.0028475250870136672 -0.0002887392475279854 0.00053967897224444243 -6.2682574502972627e-05 0.00201068791938626 0.0016181712722998329 -8.7444455078398533e-05 0.00051332537337192541 -0.0012824862877756299 -5.2690247647561019e-05 0.0015732175583780381
leaf_weight=84260.855825424194 849562.95324707031 388386.60998535156 206855.73959350586 774755.89352846146 73327.74072265625 240557.51416015625 83546.436279296875 276773.10546875 2608056.4546265602 2258702.4117736816 266721.88842773438 102948.08374023438 14968715.076429486 626433.70440673828
leaf_count=124 196 205 113 1432 13 53 25 93 5027 1240 61 33 26241 315
internal_value=0.000152769 0.00165699 0.000130248 5.55929e-05 0.000706691 0.000936024 0.00061577 0.000793228 0.000424509 -5.97826e-05 0.00123507 9.09634e-05 -0.000142782 1.94535e-05
internal_weight=2.38096e+07 1.44481e+06 595242 2.23648e+07 3.36652e+06 3.29319e+06 3.05264e+06 2.96909e+06 2.69232e+06 1.89983e+07 1.14443e+06 877704 1.78539e+07 1.55951e+07
internal_count=35171 514 318 34657 5335 5322 5269 5244 5151 29322 1526 1465 27796 26556
cat_boundaries=0 1
cat_threshold=352
is_linear=0
shrinkage=0.05


Tree=269
num_leaves=15
num_cat=0
split_feature=8 8 24 20 21 1 4 5 17 11 10 11 26 20
split_gain=1069.17 1689.14 2972.83 1432.71 928.765 965.062 884.814 1204.08 851.826 943.264 2002.82 1465.43 1803.88 1500.03
threshold=0.11517032025683187 0.13271539659187379 2.8564195071282907 -0.027732843247890045 10.580695250462366 16.686730721057785 17.458037941908348 17.377938260320832 0.35606061239567061 0.11096014400528181 0.0088057716234723523 -0.045827233625647744 -0.68301270189221952 -0.0023617981921557995
decision_type=2 2 10 8 10 2 2 2 2 2 2 2 2 10
left_child=3 2 4 -1 -2 -6 7 -3 9 11 -11 12 -5 -14
right_child=1 6 -4 8 5 -7 -8 -9 -10 10 -12 -13 13 -15
leaf_value=0.0016710227510417189 0.00071788281117948132 5.4631303987842086e-05 -0.0020666795683095159 -0.0013324654158950234 -0.00041072882296168482 1.3522782781353968e-05 8.1723115256761183e-05 -0.0029570076815159103 -0.00010013692729072555 0.00019008280221647917 -0.00018198354371149798 0.0005900627443998506 -0.0021217347110772133 0.00018970001457259796
leaf_weight=255239.85596847534 197680.71103858948 20392489.764352202 211240.02314758301 122773.57690858841 235303.7657623291 296048.75244140625 396421.34912109375 119225.40576171875 302015.65161132812 166475.78985786438 255267.41748046875 619473.56070899963 107634.39303278923 271877.28563535213
leaf_count=104 141 33415 164 128 173 55 60 20 81 127 156 316 230 156
internal_value=0.000117063 1.34711e-05 -0.00205965 0.00119444 -0.000546288 -0.00163482 0.000106703 6.14842e-05 0.000708847 0.00118402 -0.000831837 0.00194191 -6.50573e-05 0.00163921
internal_weight=2.39492e+07 2.18484e+07 940273 2.10076e+06 729033 531353 2.09081e+07 2.05117e+07 1.84552e+06 1.5435e+06 421743 1.12176e+06 502285 379512
internal_count=35326 34028 533 1298 369 228 33495 33435 1194 1113 283 830 514 386
is_linear=0
shrinkage=0.05


Tree=270
num_leaves=15
num_cat=0
split_feature=7 27 0 15 4 16 19 3 4 7 3 2 24 9
split_gain=2127.28 1047.45 2572.25 1061.65 1381.34 1170.66 1553.83 1449.95 1166.47 2076.34 970.867 943.148 1853.35 1251.86
threshold=17.375687477891912 11.500000000000002 16.154648050165125 19.255681931610429 17.017299882291177 17.068592372900032 -0.041595675058156645 15.474442394707193 16.856164222692549 16.807051060811158 16.691666025947082 14.938278118190341 2.3577099561428603 0.24864430950222369
decision_type=2 2 2 2 2 2 2 2 2 2 2 2 10 2
left_child=1 3 -3 4 8 6 7 -5 9 10 -1 -8 -13 -14
right_child=-2 2 -4 5 -6 -7 11 -9 -10 -11 -12 12 13 -15
leaf_value=-0.00012464588246721377 0.00033446565725073294 0.00033140098781798613 0.0036917309882823763 -0.0028983974225424867 -0.00012616956460502642 0.00015305272680716936 0.00011904450601887159 -0.0017742018921773546 0.00057527468337412267 -0.00021991903928350191 0.00043623072623095294 -6.3043112896664821e-05 9.1173716936265782e-05 0.0077053926330363431
leaf_weight=13943765.8745327 1001538.3706054688 1513010.9408504963 365149.93383789062 321962.90756988525 931956.27270507812 467364.36218261719 2824101.1255226135 104398.60632324219 476439.61743164062 269703.45458984375 231041.88525390625 566037.79333496094 318343.25732421875 615783.15441894531
leaf_count=26607 145 2799 89 429 184 119 4058 32 100 57 56 224 110 240
internal_value=0.000200441 0.000102 0.00123344 1.1496e-06 -0.000202469 0.000619767 0.000384866 -0.00249494 -8.5824e-05 -0.000166114 -8.34241e-05 0.000668808 0.00168196 0.00305
internal_weight=2.39506e+07 2.29491e+07 1.87816e+06 2.10709e+07 1.58529e+07 5.21799e+06 4.75063e+06 426362 1.4921e+07 1.44445e+07 1.41748e+07 4.32427e+06 1.50016e+06 934126
internal_count=35249 35104 2888 32216 27004 5212 5093 461 26820 26720 26663 4632 574 350
is_linear=0
shrinkage=0.05


Tree=271
num_leaves=15
num_cat=0
split_feature=17 17 10 25 25 9 5 8 10 1 23 8 19 20
split_gain=1699.83 2463.29 3264.08 4393.54 2563.59 2744.65 1177.17 1735.66 1913.84 1543.16 1258.95 1613.17 1487.5 2357.58
threshold=0.27754239535709518 0.39233366882668819 0.086090403615409969 1.0000000180025095e-35 0.68301270189221941 0.16473991554958628 14.994068672294743 0.36652280341936799 -0.23418982621056633 14.98199065743526 4.1863613804348558 0.26379183338537915 -0.0099925694715324986 0.030979115423930954
decision_type=2 2 2 2 2 2 2 2 2 2 10 2 2 10
left_child=6 2 3 -2 5 -3 9 8 -8 -1 12 -12 -10 -14
right_child=1 4 -4 -5 -6 -7 7 -9 10 -11 11 -13 13 -15
leaf_value=0.00022291894810839912 0.0014169888148840306 -3.4477180763175928e-05 -0.002710562146386914 -0.00034239674191980426 -0.00083191491445902457 0.0017372258026650909 -0.0035449781261452126 0.0043202697174182809 -6.576627117663473e-05 -0.0043283282093509153 0.002077587469503202 -0.00019691655989772326 0.00027255346410592646 -0.00029542308923140884
leaf_weight=13962202.846384645 428711.82470703125 324355.51867675781 338882.66265869141 599271.35540771484 314652.24255371094 773039.21929931641 391032.955078125 1208157.4243164062 1771189.5567626953 353917.71374511719 720355.81420898438 284837.05261230469 1743804.4636230469 667022.73657226562
leaf_count=31832 144 89 109 170 125 338 121 509 553 219 247 106 531 218
internal_value=8.36982e-05 -0.00107875 -0.00259179 -0.00118892 0.000385883 0.00152667 0.000236776 0.000779172 0.000407041 -2.03401e-05 0.000661322 0.00225015 0.000279431 0.0010877
internal_weight=2.38814e+07 2.77891e+06 1.36687e+06 1.02798e+06 1.41205e+06 1.09739e+06 2.11025e+07 6.7864e+06 5.57824e+06 1.43161e+07 5.18721e+06 1.00519e+06 4.18202e+06 2.41083e+06
internal_count=35311 975 423 314 552 427 34336 2285 1776 32051 1655 353 1302 749
is_linear=0
shrinkage=0.05


Tree=272
num_leaves=15
num_cat=0
split_feature=19 17 8 2 21 19 17 24 9 17 9 5 3 15
split_gain=1095.24 2618.45 1224.47 1039.52 993.336 945.517 1508.72 1184.27 1067.57 874.692 807.909 1264.62 2601.87 798.857
threshold=-0.058059964860614648 0.35606061239567061 0.14143416268128789 15.930207739512172 11.075003298483759 0.046605178120161704 0.17521381558578317 7.8914968238984153 0.71937531870891092 0.0099515484587904528 0.420089133377123 16.445570641160668 16.154648050165125 17.807422595860427
decision_type=2 2 2 2 8 2 2 8 2 2 2 2 2 2
left_child=1 2 -1 4 -4 7 -7 13 10 -10 11 12 -9 -2
right_child=5 -3 3 -5 -6 6 -8 8 9 -11 -12 -13 -14 -15
leaf_value=-0.00025304156883685183 -9.542797170474536e-05 -0.0020017231606359025 -1.2097724925638459e-05 0.0022797068890604653 -0.0098096532232348505 0.00032576182042118394 0.0013740998245509849 0.0036325615686701607 -0.01031308059389683 0.025175116757674379 0.010734778294594675 0.0040259226273602691 -0.0037461303160991654 6.8890573500270263e-05
leaf_weight=88123.904524803162 6076865.5221252441 64269.742919921875 535773.18455076218 88512.4638671875 61518.657541275024 1883922.5828889608 449988.32275390625 508399.45822525024 621700.36004424095 86556.315361022949 700387.29064559937 151614.44799804688 107738.35864257812 12395867.135700822
leaf_count=67 14062 22 1097 26 99 3307 165 756 2139 141 771 35 29 12512
internal_value=0.000200239 -0.00157506 -0.000769738 -5.68197e-05 -0.000806188 0.000264985 0.0012189 0.000157167 0.00126034 -0.000334028 0.00202949 0.000909206 -9.7425e-05 2.71953e-05
internal_weight=2.38212e+07 838198 773928 685804 597292 2.2983e+07 2.33391e+06 2.06491e+07 2.1764e+06 708257 1.46814e+06 767752 616138 1.84727e+07
internal_count=35228 1311 1289 1222 1196 33917 3472 30445 3871 2280 1591 820 785 26574
is_linear=0
shrinkage=0.05


Tree=273
num_leaves=15
num_cat=0
split_feature=6 5 26 23 0 10 1 1 1 7 6 20 10 4
split_gain=1065.55 3069.88 2573.01 2325.74 1196.46 2025.43 970.056 1459.24 1233.22 1150.24 1846.32 1441.27 2877.21 834.145
threshold=16.804439504542483 16.960881889764313 -0.24999999999999997 2.0850945990171454 16.3974896391274 0.070154175197686158 16.275843258113319 16.041732990297305 15.928669810864353 15.415654357169361 15.515705039931486 0.025642384699198401 -0.053194798630288496 15.337605015458943
decision_type=2 2 2 10 2 2 2 2 2 2 2 8 2 2
left_child=4 -2 -3 -4 6 -6 7 8 9 10 13 -11 -13 -1
right_child=1 2 3 -5 5 -7 -8 -9 -10 11 -12 12 -14 -15
leaf_value=0.00022351783410006531 -0.00010709293783929876 5.8399954153968612e-05 6.3028643713983058e-05 -0.00010275407953703482 -7.5716707580136424e-08 0.0030733419552469265 -0.00011092325284796272 0.0010854948473275137 -0.00033933110257936162 0.003231803300674416 -0.0064656459577799533 0.0021701701160496325 -0.0049993564492700872 -0.0010975920740963804
leaf_weight=15745840.314438105 685291.6806640625 1014569.9873046875 654163.64892578125 789716.208984375 801601.16748046875 477629.08740234375 649018.10961914062 689370.67114257812 346190.40747070312 589090.29418945312 64518.088012695312 540453.22607421875 317375.17944335938 694711.92919921875
leaf_count=32983 145 175 120 131 198 134 189 216 117 226 30 199 129 358
internal_value=8.11909e-05 -0.000777087 4.78377e-05 -0.00130809 0.000210194 0.00169183 0.000113673 0.000178645 9.35663e-05 0.000150568 3.20674e-05 0.00150231 0.000194598 6.51955e-05
internal_weight=2.40595e+07 3.14374e+06 2.45845e+06 1.44388e+06 2.09158e+07 1.27923e+06 1.96366e+07 1.89876e+07 1.82982e+07 1.7952e+07 1.65051e+07 1.44692e+06 857828 1.64406e+07
internal_count=35350 571 426 251 34779 332 34447 34258 34042 33925 33371 554 328 33341
is_linear=0
shrinkage=0.05


Tree=274
num_leaves=15
num_cat=0
split_feature=5 7 7 8 7 8 8 4 14 27 0 7 15 17
split_gain=1398.84 1617.21 2221.56 1588.5 1208.59 1204.24 1025.74 902.88 685.83 705.332 1724.78 1187.61 986.67 1471.37
threshold=16.960881889764313 16.807051060811158 16.39444836774533 0.1520367391642001 16.29414425370425 0.10357422990767361 0.19206645172841594 16.411339423236502 2.630209526314232 2.5000000000000004 14.930056930652285 16.110960638906878 19.250863594461013 0.010689770198948153
decision_type=2 2 2 2 2 2 2 2 8 2 2 2 2 2
left_child=1 2 4 5 7 -2 -4 8 9 10 -1 12 -11 -14
right_child=3 -3 6 -5 -6 -7 -8 -9 -10 11 -12 -13 13 -15
leaf_value=-6.6720499106712528e-05 0.00010640346078970814 -8.3686530464819868e-05 7.8200441305374205e-05 0.00055238523837882348 -0.00028751100279062895 -2.0271878254663808e-05 0.001061133902473777 0.0038936555190733409 0.0029180069668185322 -0.00067616446605544623 0.0025359845740698227 -0.00085849406662838002 -0.00043277490706221633 0.0024181601315400635
leaf_weight=2365313.762087822 677858.91943359375 752865.7587890625 595785.43310546875 926750.13671875 495867.76196289062 819431.62109375 442189.49291992188 271775.37890625 1060219.6515290737 10180014.776094675 682256.35656738281 597755.87475585938 2888981.0840339661 1137540.8676757812
leaf_count=4355 116 158 147 160 140 142 110 85 7118 17428 293 181 4350 539
internal_value=6.92658e-05 -5.92782e-05 2.34434e-05 0.00120783 -9.54649e-05 0.000200843 0.00227791 -3.24686e-05 -7.35886e-05 -0.000146966 0.000545729 -0.000289563 -0.000197702 0.000464852
internal_weight=2.38946e+07 2.14706e+07 2.07177e+07 2.42404e+06 1.96797e+07 1.49729e+06 1.03797e+06 1.91839e+07 1.89121e+07 1.78519e+07 3.04757e+06 1.48043e+07 1.42065e+07 4.02652e+06
internal_count=35322 34904 34746 418 34489 258 257 34349 34264 27146 4648 22498 22317 4889
is_linear=0
shrinkage=0.05


Tree=275
num_leaves=15
num_cat=1
split_feature=28 14 9 23 14 22 0 24 2 2 14 21 24 24
split_gain=1012.01 1622.4 1366.34 2661.55 5956.46 1341.17 1338.21 1211.69 1088.38 1058.84 973.292 889.543 798.879 797.691
threshold=0 2.4405343785816407 0.29286280406977633 2.4308761225760551 2.3410992662615091 21.06749716986349 16.994451200594245 0.76154620333277312 15.090779240072619 14.984754333482348 2.4000152134729311 10.330501608383948 2.4883974610312305 2.3102844075357454
decision_type=1 8 2 10 10 2 2 10 2 2 10 10 10 10
left_child=1 2 3 7 8 -2 10 -1 13 -3 11 -4 -9 -5
right_child=5 9 6 4 -6 -7 -8 12 -10 -11 -12 -13 -14 -15
leaf_value=0.0003326080178724221 9.0142045662560083e-05 0.0006106445442634837 -0.0046773096991010827 -0.01128125662552993 -0.0014368583629846157 0.0057890441268788565 0.0050680556653237285 -0.00017661224979497329 0.00020490274175968403 0.0016541878588661567 -0.014743247951668282 0.001810989595490419 5.9409491901631271e-05 0.0019039205485652932
leaf_weight=517374.16842651367 18535422.270506382 532736.61321640015 944929.74487066269 135182.07684326172 296512.42953491211 314599.00009155273 122587.9013671875 406887.29095458984 123592.89172363281 180665.03149414062 86306.132570266724 1256034.6388092041 302255.36108398438 131048.43296813965
leaf_count=182 27421 1400 2640 134 73 214 21 156 41 69 171 2472 121 151
internal_value=0.000112782 -0.000516865 -0.000881444 -0.0018792 -0.00437245 0.000281003 -8.9462e-05 -0.00048403 -0.000310045 0.00169222 -0.000362235 -0.000157992 -0.00182637 -0.00211013
internal_weight=2.38861e+07 5.03611e+06 4.32271e+06 1.91285e+06 686336 1.885e+07 2.40986e+06 1.22652e+06 389823 713402 2.28727e+06 2.20096e+06 709143 266231
internal_count=35266 7631 6162 858 399 27635 5304 459 326 1469 5283 5112 277 285
cat_boundaries=0 1
cat_threshold=664
is_linear=0
shrinkage=0.05


Tree=276
num_leaves=15
num_cat=1
split_feature=24 8 10 8 15 18 28 19 25 19 24 7 21 24
split_gain=1152.62 1782.59 2050.47 2498.88 3555.3 2496.25 3304.78 2964.57 2494.03 2165.69 1912.12 1730.93 1833.32 1719.76
threshold=2.4100052801830851 0.21504900098657187 0.0029213243098231002 0.14143416268128789 18.149248788068657 0.24527785062670263 0 0.016262469629360007 -0.24999999999999997 0.040781185357162006 1.8416714859271952 15.341530067137889 11.075003298483759 1.2213433041331703
decision_type=10 2 2 2 2 10 1 2 2 2 10 2 10 10
left_child=1 2 3 9 5 6 -5 13 -6 -1 -4 -2 -13 -8
right_child=11 -3 10 4 8 -7 7 -9 -10 -11 -12 12 -14 -15
leaf_value=0.00011890539737762156 8.6475076587728416e-05 0.00042680182847890102 0.00012695533173432259 0.00456361528593605 -0.0030330899161978139 0.00021433936851525753 -4.2583539641414327e-05 -0.0036506719097044605 -0.0027286473009232484 -0.0027635741368571519 -0.0002038923070438489 0.00056310711943897052 -3.3505407301805691e-05 -0.0055464399204904376
leaf_weight=847451.16971206665 7301888.7931739092 8816342.1901688576 1879624.0967941284 104070.1613407135 238189.25420188904 278646.31225585938 114168.11746788025 95549.532440185547 318020.91983032227 181336.52684020996 384100.45750045776 2351242.5109863281 604556.92211914062 88397.269012451172
leaf_count=484 15996 15637 1033 79 121 104 142 103 138 84 272 711 126 131
internal_value=0.000107146 -0.000199174 -0.00100537 -0.00206869 -0.00358295 -0.00116016 -0.00368021 -0.00635801 -0.00654858 -0.000247911 5.89492e-05 0.000505688 0.00152654 -0.00293378
internal_weight=2.36036e+07 1.33459e+07 4.52955e+06 2.26583e+06 1.23704e+06 680831 402185 298115 556210 1.02879e+06 2.26372e+06 1.02577e+07 2.9558e+06 202565
internal_count=35161 18328 2691 1386 818 559 455 376 259 568 1305 16833 837 273
cat_boundaries=0 1
cat_threshold=34
is_linear=0
shrinkage=0.05


Tree=277
num_leaves=15
num_cat=0
split_feature=24 0 17 6 9 18 4 19 3 20 18 15 15 21
split_gain=1696.01 1605.78 874.26 838.42 788.402 755.321 2142.5 1270.58 2427.08 1087.67 1120.36 1425.44 1356.48 3139.68
threshold=7.8914968238984153 16.154648050165125 0.66050347867193426 16.195747581550723 4.3265036187091388 0.60663487474600142 17.017299882291177 -0.047788368191836093 16.154648050165125 -0.041909716095439441 0.47436460484201598 19.435665480687568 19.203026137930177 10.764281662318151
decision_type=10 2 2 2 2 10 2 2 2 8 8 2 2 10
left_child=2 3 5 4 -2 9 7 8 -7 -1 11 -11 13 -12
right_child=1 -3 -4 -5 -6 6 -8 -9 -10 10 12 -13 -14 -15
leaf_value=0.0021285312259051734 0.0056589061530370735 0.0041269611317282231 -9.0218537485701396e-05 -0.00063218310629387521 -0.017223320595771936 -0.00069268635181884248 -0.010699867220377643 -3.8264281141835728e-05 -0.00076604024048214326 1.0424640072203063e-05 0.0044593403120195439 -0.0004519673552999172 0.0019626602841028764 -0.0040915044874930175
leaf_weight=802916.83161592484 1216136.3567554951 372871.49438476562 378076.26977539062 51486.465087890625 162724.6474609375 301677.75390052795 177151.3388671875 7588828.573568821 104399.13671875 11599500.984861612 335941.21119117737 63508.949188232422 598976.16628265381 122546.24139404297
leaf_count=1280 2511 95 136 14 523 381 31 8586 27 20896 346 47 392 40
internal_value=0.00013371 0.00160808 1.32657e-05 0.000846273 0.00108019 5.48051e-05 -0.00032471 -0.000204197 -0.00292908 0.000284142 0.000171485 3.0191e-05 0.00172985 -0.000316993
internal_weight=2.38767e+07 1.80322e+06 2.20735e+07 1.43035e+06 1.37886e+06 2.16954e+07 8.17206e+06 7.99491e+06 406077 1.35234e+07 1.27205e+07 1.1663e+07 1.05746e+06 458487
internal_count=35305 3143 32162 3048 3034 32026 9025 8994 408 23001 21721 20943 778 386
is_linear=0
shrinkage=0.05


Tree=278
num_leaves=15
num_cat=0
split_feature=2 17 22 10 24 19 23 9 17 25 2 1 22 24
split_gain=983.751 1800.8 1740.85 1127.7 1198.2 1117.62 2041.74 2350.16 2492.36 1412.08 844.639 1865.63 1450.41 1379.6
threshold=16.998031306214585 0.27754239535709518 17.36764517752238 0.092781599462948117 1.4547165740020251 0.038131311719641459 1.8140463560826752 0.25255206439602912 0.35606061239567061 0.25000000000000011 15.930207739512172 16.275843258113319 16.163049915072651 4.0594884298776703
decision_type=2 2 2 2 10 2 10 2 2 2 2 2 2 10
left_child=1 10 -3 4 -2 6 9 -8 -9 -4 11 -1 -12 -14
right_child=3 2 5 -5 -6 -7 7 8 -10 -11 12 -13 13 -15
leaf_value=5.2417203110815239e-05 0.00040352107520753372 0.0036425123000789691 -5.3239812442001813e-05 -0.00015076080082114952 2.7435668397704315e-05 0.00025424010630887536 -0.0018904630416844877 -0.0057728908076718497 0.0028929881462781181 0.00011931315539211508 0.0034859814729676537 -0.004692522046229196 0.00030624049927725457 -0.0001706780931462848
leaf_weight=17216339.211675286 766731.63232421875 240010.40014648438 414690.5322265625 716203.93359375 819401.4853515625 255838.14306640625 244786.62231445312 220270.42077636719 201928.06427001953 328096.08435058594 345536.29760742188 71704.809814453125 1572901.8627929688 537239.68432617188
leaf_count=33247 139 152 162 128 130 96 63 86 128 123 109 23 434 154
internal_value=9.87456e-05 -5.75213e-06 -0.00147358 0.00108136 0.00182494 -0.00204725 -0.002599 -0.00460703 -0.00234709 -0.000795888 0.00013592 1.26649e-05 0.00100364 0.000511915
internal_weight=2.39517e+07 2.16493e+07 1.90562e+06 2.30234e+06 1.58613e+06 1.66561e+06 1.40977e+06 666985 422198 742787 1.97437e+07 1.7288e+07 2.45568e+06 2.11014e+06
internal_count=35174 34777 810 397 269 658 562 277 214 285 33967 33270 697 588
is_linear=0
shrinkage=0.05


Tree=279
num_leaves=15
num_cat=2
split_feature=14 14 15 9 16 28 14 26 14 0 25 8 29 2
split_gain=771.567 870.836 1926.38 1802.06 1203.37 1386.7 1187.05 954.73 926.924 880.091 850.809 2329.32 1043.23 1021.61
threshold=2.6761871755968305 2.4201405926952608 18.25756534370446 0.14408993956811442 18.435443290659602 0 2.4673701038747824 0.25000000000000017 2.4000152134729311 15.396689041202601 -0.6830127018922193 0.2734578133485796 1 14.107311327929638
decision_type=8 10 2 2 2 1 10 2 10 2 2 2 1 2
left_child=1 4 3 -3 8 -6 -4 -7 -1 -10 11 -5 -13 -12
right_child=-2 2 6 10 5 7 -8 -9 9 -11 13 12 -14 -15
leaf_value=-6.5719527954072821e-06 0.0041699613402703282 -0.0013084124311882176 -0.0053483067863301613 -0.010034147531903103 0.001100587469990138 0.00010913678954504524 -0.00050587256775945445 -0.00032021601086855357 -0.0050126230445166784 0.0005500472324980679 -0.0051315733157894228 -0.011878496352821184 0.0069344837269475941 0.00068245756297050748
leaf_weight=19889363.590291858 972892.75719237328 120458.20803833008 98030.448661804199 94192.011880874634 639307.37841796875 227849.56369018555 97298.766648292542 216994.97482299805 130660.27299594879 181166.70629882812 392623.86519145966 62289.558604240417 100586.44156360626 652601.83642578125
leaf_count=25536 6853 53 64 64 147 118 142 113 212 42 1256 203 178 245
internal_value=9.98848e-05 4.1304e-05 -0.00107692 -0.000437684 0.00012631 0.00174914 -0.00573302 -0.0003946 3.92162e-05 0.00274415 0.000103512 -0.00247348 0.00114595 0.000737309
internal_weight=2.38763e+07 2.29034e+07 1.61808e+06 1.42275e+06 2.12853e+07 1.08415e+06 195329 444845 2.02012e+07 311827 1.30229e+06 257068 162876 1.04523e+06
internal_count=35226 28373 2205 1999 26168 378 206 231 25790 254 1946 445 381 1501
cat_boundaries=0 1 2
cat_threshold=352 2
is_linear=0
shrinkage=0.05


Tree=280
num_leaves=15
num_cat=0
split_feature=9 17 21 26 19 14 11 26 23 10 7 2 27 24
split_gain=909.353 1494.73 1299.68 2468.35 3777.39 2747.11 1723.83 3200.41 3126.95 1863.17 1750.24 2887.18 1479.23 1609.32
threshold=0.22464668477171018 0.39233366882668819 10.603241363941821 0.6830127018922193 -0.017213670397123248 1.6439011579210194 -0.066779074227504481 -0.68301270189221952 2.0850945990171454 -0.12689275197370972 16.39444836774533 16.276512134422696 3.5000000000000004 3.1370264973460507
decision_type=2 2 10 2 2 10 2 2 10 2 2 2 2 10
left_child=2 -2 12 6 -5 -6 7 -4 -9 -8 11 -11 -1 -14
right_child=1 -3 3 4 5 -7 9 8 -10 10 -12 -13 13 -15
leaf_value=0.00050336218723125679 8.1510990786606971e-05 0.00056808883825564731 -0.00083831871830546069 -0.00098331390283933908 0.0019006193963792533 -0.0010263027579376775 -0.0016657663214052047 0.0010544313269101495 -0.00065831123001740429 0.00086273746937875573 0.00014643812156916899 -0.0005534227572518704 5.3387149208738852e-05 -0.00079248046395934395
leaf_weight=647991.07029724121 17157003.152642131 741744.97314453125 303038.60995483398 259381.68981933594 321220.43341064453 253333.02630615234 237411.14950561523 215090.24759674072 334537.71327209473 460992.06190490723 812913.15112304688 129048.34350585938 1360838.5677719116 499998.68535614014
leaf_count=459 31645 340 159 109 108 180 84 95 174 467 149 37 782 528
internal_value=4.34656e-05 0.000220185 -0.000498544 -0.00114651 -0.00350127 -0.00124025 -0.000358824 -0.00218244 9.21177e-05 0.0005891 0.00128229 -0.000790605 0.000360721 -0.000355723
internal_weight=2.37345e+07 1.78987e+07 5.83579e+06 3.32697e+06 833935 574553 2.49303e+06 852667 549628 1.64036e+06 1.40295e+06 590040 2.50883e+06 1.86084e+06
internal_count=35316 31985 3331 1562 397 288 1165 428 269 737 653 504 1769 1310
is_linear=0
shrinkage=0.05


Tree=281
num_leaves=15
num_cat=1
split_feature=7 11 11 28 9 2 17 21 21 10 17 4 8 17
split_gain=2215.05 1872.82 2333.38 2131.38 1121.76 1973.54 1562.55 1088.15 1051.6 1988.01 957.945 843.197 832.775 756.773
threshold=16.39444836774533 0.019965365044892953 -0.13830438816724025 0 0.18903641329208787 16.276512134422696 0.31408482136343246 10.853087446570838 11.02335878839904 -0.018100155079673944 0.50349840709625271 16.286603766617137 0.11517032025683187 0.27754239535709518
decision_type=2 2 2 1 2 2 2 10 10 2 2 2 2 2
left_child=4 2 -2 -4 5 6 8 -3 -1 -10 11 12 -6 -14
right_child=1 7 3 -5 10 -7 -8 -9 9 -11 -12 -13 13 -15
leaf_value=0.00018806472282814678 0.00029922370598748602 8.0764867946146041e-05 8.3500594442772048e-05 -4.2772270258903415e-05 0.0027427614292906992 -0.00019467485878517222 -0.0013094366940179941 0.0012648795304517069 0.00097872757130125563 -0.0057319123116876822 0.0032141975306033202 0.00090386499997799374 2.8371227184560955e-05 -0.0030133070483110568
leaf_weight=1296450.2536964417 681180.8310546875 1004516.9626464844 692135.59741210938 929209.22485351562 232957.32056295872 231208.62744140625 240391.85015869141 810545.005859375 81956.015243530273 80720.152648925781 213056.37872314453 505084.87426757812 16304799.322996974 448853.02575683594
leaf_count=1402 137 216 147 184 425 67 91 137 112 105 149 156 31618 338
internal_value=0.000206327 0.00126072 0.000313959 -0.000717742 -1.47799e-05 -0.0011592 -0.000569577 0.00246174 4.57937e-05 -0.00374356 0.00011002 6.94296e-05 9.56818e-06 -3.17141e-05
internal_weight=2.37531e+07 4.11759e+06 2.30253e+06 1.62134e+06 1.96355e+07 1.93073e+06 1.69952e+06 1.81506e+06 1.45913e+06 162676 1.77048e+07 1.74917e+07 1.69866e+07 1.67537e+07
internal_count=35284 821 468 331 34463 1777 1710 353 1619 217 32686 32537 32381 31956
cat_boundaries=0 1
cat_threshold=520
is_linear=0
shrinkage=0.05


Tree=282
num_leaves=15
num_cat=0
split_feature=0 2 7 4 0 27 8 20 11 1 3 17 2 11
split_gain=1834.49 1877.04 1101.97 1066.82 3131 1092.77 1671.77 2305.42 3996.07 3779.33 1630.8 1245.39 2066.49 2222.63
threshold=17.419860989426706 17.4270168375546 17.375687477891912 17.017299882291177 16.994451200594245 9.5000000000000018 0.16757110848279974 0.058363286076296809 -0.006194589326005499 15.469568271585974 16.537870894875581 0.010881109273156201 14.316183614265919 0.060864497908834608
decision_type=2 2 2 2 2 2 2 8 2 2 2 2 2 2
left_child=1 2 3 4 5 10 7 8 -7 -10 -1 12 -8 -14
right_child=-2 -3 -4 -5 -6 6 11 -9 9 -11 -12 -13 13 -15
leaf_value=6.1277887339596755e-05 0.0004896835999834686 -0.00058071641981162058 0.00044176891772183477 -4.0058043365457372e-05 0.0012749667980723417 -4.8901932900447652e-05 -0.0019488636933068537 0.0017718248754778881 -0.0010986060598784108 -0.00058474165989130702 0.00013183221989246672 0.00077742750893042539 -0.0018425128198136965 -0.015256064046734847
leaf_weight=14889010.824581981 831237.033203125 111115.6474609375 113661.9501953125 1107391.7465820312 404128.00268554688 365431.64983081818 1768090.4174660444 209518.02882242203 189107.39609909058 197150.05346679688 1026037.6708984375 2219874.4125976562 145631.06536865234 148451.51770019531
leaf_count=25903 122 18 18 217 84 253 5537 268 184 55 241 2125 110 117
internal_value=0.00014126 5.74854e-05 8.91022e-05 6.44799e-05 0.000142211 5.89419e-05 -0.000567092 -0.0024515 -0.00374429 -0.00729024 0.00026519 -0.000144091 -0.0010288 -0.00490978
internal_weight=2.37258e+07 2.28946e+07 2.27835e+07 2.26698e+07 2.15624e+07 2.11583e+07 5.24325e+06 961207 751689 386257 1.5915e+07 4.28205e+06 2.06217e+06 294083
internal_count=35252 35130 35112 35094 34877 34793 8649 760 492 239 26144 7889 5764 227
is_linear=0
shrinkage=0.05


Tree=283
num_leaves=15
num_cat=0
split_feature=0 27 18 21 19 20 16 23 15 20 27 10 5 10
split_gain=850.601 1141.86 2185.06 1873.97 2122.03 5503.88 3217.48 1844.94 1582.24 3045.76 1416.67 2723.61 2643.23 4001.19
threshold=13.362698596641676 8.5000000000000018 0.32463388459104575 11.048277798141749 -0.017213670397123248 -0.0062509675210142496 16.994388566398658 6.9575763188586714 17.905926190032304 0.019754769219243504 6.5000000000000009 0.070154175197686158 17.377938260320832 0.029856275999582804
decision_type=2 2 10 10 2 10 2 10 2 10 2 2 2 2
left_child=-1 2 8 4 5 6 -3 10 9 -2 11 12 13 -4
right_child=1 3 7 -5 -6 -7 -8 -9 -10 -11 -12 -13 -14 -15
leaf_value=-0.001558057308419684 -6.3639758123511063e-05 0.0053186353016088095 -9.9382604835465476e-05 0.00060646862168972507 -2.1855435362896934e-05 -0.0037193375242024502 -0.00010893637241646778 0.0033315638954837684 0.0013238744719406648 0.00077730537511702474 0.00024943220417308762 0.002279456915073687 -0.00056852405335553748 -0.0044235584628394952
leaf_weight=7824244.8176670074 1856990.9395446777 497910.25610351562 2304766.9466552734 568382.15850830078 3814696.7262573242 233272.76049804688 215527.36804199219 545762.24169921875 2148248.2516479492 514578.99493408203 1404270.4307556152 1373738.5245361328 213718.73583984375 289579.22674560547
leaf_count=26551 1183 343 1152 240 2152 119 85 296 1089 307 706 818 29 138
internal_value=0.000168593 0.000377718 0.00067668 -0.000219759 -0.000543688 -0.00266254 -0.000482569 6.18444e-05 0.0015108 0.000620429 -0.000209246 -0.000670664 -0.00156317 -0.00112287
internal_weight=2.38057e+07 1.59814e+07 1.06517e+07 5.32979e+06 4.76141e+06 946710 713438 6.13184e+06 4.51982e+06 2.37157e+06 5.58607e+06 4.1818e+06 2.80806e+06 2.59435e+06
internal_count=35208 8657 5718 2939 2699 547 428 3139 2579 1490 2843 2137 1319 1290
is_linear=0
shrinkage=0.05


Tree=284
num_leaves=15
num_cat=0
split_feature=16 20 11 11 11 25 19 1 6 11 0 2 7 1
split_gain=1044.5 2919.01 1555.54 3070.14 2534.84 2422.26 1875.91 1458.85 966.468 945.792 893.379 686.891 1079.08 897.669
threshold=18.179163792832941 -0.015625610486747297 0.023233663807122402 -0.13830438816724025 -0.095412541209442134 -0.24999999999999997 -0.0099925694715324986 17.156634566241113 17.353540390897464 -0.26664551351803467 15.804232180326846 17.165049622732749 16.984761516005801 16.997225798689893
decision_type=2 10 2 2 2 2 2 2 2 2 2 2 2 2
left_child=7 -2 3 9 -5 -6 8 11 -4 -3 -8 12 13 -1
right_child=1 2 6 4 5 -7 10 -9 -10 -11 -12 -13 -14 -15
leaf_value=5.8570211442269736e-05 0.00084690234256572195 -8.0185994237312521e-05 9.8748184503836753e-05 -0.00057142396429682137 -0.00041558667621933065 0.00010763761428186771 0.00042278948403005347 -0.0008357862752074813 -0.00089373805037681821 0.0014131604631310638 0.00058162293683028756 0.0012484953547631204 -0.0048883228717336788 0.0011155466872033212
leaf_weight=19215030.084968328 526506.23544311523 262066.9599609375 291909.42178344727 346277.83125305176 425079.45072937012 533083.16844177246 238512.23692321777 174804.056640625 278983.2548828125 539070.51968383789 630969.46557617188 71633.7197265625 139066.4384765625 94025.160888671875
leaf_count=33608 199 119 167 122 150 177 235 32 40 201 121 14 27 21
internal_value=0.00022284 0.000951763 0.000435947 -0.000430209 -0.00192646 -0.00060143 0.00170212 7.21125e-05 -0.000524731 0.00200604 0.00316424 0.000112836 9.48346e-05 0.000126442
internal_weight=2.3767e+07 4.07246e+06 3.54595e+06 2.10558e+06 1.30444e+06 958163 1.44037e+06 1.96946e+07 570893 801137 869482 1.95198e+07 1.94481e+07 1.93091e+07
internal_count=35233 1531 1332 769 449 327 563 33702 207 320 356 33670 33656 33629
is_linear=0
shrinkage=0.05


Tree=285
num_leaves=15
num_cat=0
split_feature=16 0 19 10 7 12 25 6 0 5 20 14 20 11
split_gain=1177.25 986.915 1134.06 1262.85 1097.21 1025.64 1020.36 3108.91 3164.79 1994.06 1396.91 4345.82 1521.39 2425.89
threshold=18.650510177953056 13.053364206238179 0.042837075796135708 -0.027175518119125944 11.112434575358048 9.5000000000000018 0.68301270189221941 17.353540390897464 16.3974896391274 16.208499887276016 0.044217436649307058 2.2633418623200963 -0.0020953970531691498 -0.14234333029296484
decision_type=2 2 2 2 2 2 2 2 2 2 10 10 8 2
left_child=1 4 6 -4 5 -1 10 8 9 -8 12 -12 13 -3
right_child=-2 2 3 -5 -6 -7 7 -9 -10 -11 11 -13 -14 -15
leaf_value=0.0066522232830707843 -0.00027256934698967729 0.0019515334675567265 0.0011293473215363921 0.00017756194317046414 -0.0042451495010667447 0.00027812635506149302 0.001142550020343244 -0.00080783777287730539 0.00081914870784330254 -0.00029097418937219826 0.00021521742294847306 -0.0036992180281971241 0.00017295945689400037 -0.00023069319026116191
leaf_weight=495497.70522320271 343696.58291625977 777842.48010253906 834858.55151367188 1085369.530456543 5029151.5033874512 1278959.0656590462 2656699.3489685059 174166.73681640625 715114.21435546875 159826.9306640625 487280.10726928711 237863.52291870117 7566062.2021331787 2229699.5839233398
leaf_count=5034 122 517 462 671 10789 9399 1913 25 158 44 280 110 4625 1266
internal_value=0.000177862 0.000219944 0.000424393 0.00156849 -0.000288646 0.000780312 0.000277975 0.000997935 0.00131954 0.000565346 4.18404e-05 -0.0020811 0.000187433 -0.000763847
internal_weight=2.40721e+07 2.37284e+07 1.69248e+07 1.92023e+06 6.80361e+06 1.77446e+06 1.50046e+07 3.70581e+06 3.53164e+06 2.81653e+06 1.12987e+07 725144 1.05736e+07 3.00754e+06
internal_count=35415 35293 10071 1133 25222 14433 8938 2140 2115 1957 6798 390 6408 1783
is_linear=0
shrinkage=0.05


Tree=286
num_leaves=15
num_cat=0
split_feature=0 24 1 2 3 23 2 17 23 18 22 24 11 15
split_gain=1944.5 2519.82 870.589 1814.5 3360.81 640.631 1215.48 933.304 3213.71 596.544 1862.64 2901.94 1742.86 2133.61
threshold=17.153843914118731 1.5894288049463752 16.997225798689893 16.998031306214585 17.169510099143395 -5.2891854188194145 15.038259050445179 0.015678876794700505 -8.828509700084318 0.99898163980900689 16.726908132640744 2.5817442166231257 0.30431076118094952 19.315261944420012
decision_type=2 10 2 2 2 10 2 2 10 10 2 8 2 2
left_child=2 -2 3 4 5 6 7 -1 -9 -7 -11 -12 -13 -14
right_child=1 -3 -4 -5 -6 9 -8 8 -10 10 11 12 13 -15
leaf_value=0.0031330728699114595 0.00036141244362109079 -1.2871151726418619e-05 -7.0062048848759667e-05 0.00028751062194697893 -0.0042205663330605811 9.771278744134969e-05 0.0052567498302404031 -0.018950419853072248 0.0063061146932540529 0.0018828312624396227 -0.024138618573773307 -3.7930857289626459e-05 -0.024054652320595501 0.0036254172403546872
leaf_weight=583204.84388256073 792347.9169921875 747666.44384765625 695454.74438476562 286520.17626953125 92321.9267578125 16836199.293217659 247050.52880859375 107841.7565612793 110626.38691711426 2433283.4918391705 140948.04840087891 742910.07181549072 167776.75752258301 115827.56390380859
leaf_count=1294 134 117 137 59 18 27611 93 111 157 4476 95 951 197 84
internal_value=0.000244178 0.00196316 0.000126835 0.00018223 0.000129743 0.000170647 0.0013759 0.00043095 -0.00235645 0.000108799 -0.00047533 -0.0021171 -0.00119338 -0.00452788
internal_weight=2.41e+07 1.54001e+06 2.256e+07 2.18645e+07 2.1578e+07 2.14857e+07 1.04872e+06 801673 218468 2.04369e+07 3.60075e+06 1.16746e+06 1.02651e+06 283604
internal_count=35534 251 35283 35146 35087 35069 1655 1562 268 33414 5803 1327 1232 281
is_linear=0
shrinkage=0.05


Tree=287
num_leaves=15
num_cat=1
split_feature=26 4 28 0 22 18 8 17 19 2 22 1 17 4
split_gain=1072.03 2373.1 1646.22 3125.57 1671.16 1854.26 1779.88 2039.27 1484.43 1517.51 2156.28 1257.39 1177.63 1499.2
threshold=0.25000000000000017 16.168471743006108 0 17.419860989426706 21.036281688279555 0.085209576819229874 0.078990536318368373 0.089301647703461315 -0.0022014466654497996 14.74651423346843 18.655332724125884 13.4480170887727 0.27754239535709518 14.651034248477425
decision_type=2 2 1 2 2 10 2 2 2 2 2 2 2 2
left_child=1 12 3 8 6 -6 -4 -8 -2 11 -11 -10 -1 -14
right_child=2 -3 4 -5 5 -7 7 -9 9 10 -12 -13 13 -15
leaf_value=0.00017307389902643179 -1.9685112499208488e-05 0.00013185058049365768 -0.00021263120753905104 -0.012818369735059273 0.003658298228983821 -0.015100572229519119 8.2832958583122078e-06 0.00076070846464777557 -0.015868840541395285 -0.0038149196473881014 -0.00022924082361501716 0.0036818016583083472 0.00077844011825053462 -0.0017535082213861607
leaf_weight=10356247.889981747 1774799.389903903 2967981.2075195312 266430.26790845394 73095.98828125 104055.42707633972 133301.36721801758 5256046.9302634001 1169291.2394714355 375507.57134854794 295748.49255371094 389311.26501464844 227296.18096923828 196582.23577880859 278252.43811035156
leaf_count=19456 2506 656 206 12 132 120 9477 610 1419 136 98 200 193 125
internal_value=0.000144234 0.000430442 -0.00024816 -0.00119871 0.000182012 -0.00394095 0.000328253 0.000494303 -0.000954847 -0.00224708 -0.00385707 -0.00041739 8.72013e-05 -0.00234763
internal_weight=2.38639e+07 1.37991e+07 1.00649e+07 3.13576e+06 6.92913e+06 237357 6.69177e+06 6.42534e+06 3.06266e+06 1.28786e+06 685060 602804 1.08311e+07 474835
internal_count=35346 20430 14916 4371 10545 252 10293 10087 4359 1853 234 1619 19774 318
cat_boundaries=0 1
cat_threshold=680
is_linear=0
shrinkage=0.05


Tree=288
num_leaves=15
num_cat=1
split_feature=8 20 20 7 8 19 23 11 29 2 19 1 5 19
split_gain=1541.69 2861.05 1515.57 1104.9 2040.41 2699.11 1356.64 3232.85 1004.43 929.093 624.642 1550.28 1192.64 2408.89
threshold=0.078990536318368373 0.018474634224689205 -0.026618144467127847 16.39444836774533 0.14868143367913414 -0.016407059656580947 1.6180047367891852 0.029668056121176102 0 16.401501956730314 -0.015044224044914999 16.041732990297305 15.659325953385059 0.012756320567288053
decision_type=2 10 10 2 2 2 10 2 1 2 2 2 2 2
left_child=1 2 -1 9 6 -6 -5 -8 -7 10 -2 12 -12 -14
right_child=3 -3 -4 4 5 8 7 -9 -10 -11 11 -13 13 -15
leaf_value=0.0015708445085251496 0.00068550706556623443 -0.0001812729612585283 -0.00016078994659981253 6.4708739994061949e-05 -2.2397471648424403e-05 0.00087695567809478845 -0.00044281545556692896 3.9098110969720945e-05 0.0004185043341111902 -0.00031335624465287683 -0.00012348690406632833 0.0016074283465056585 -0.0039981896316297685 0.00022035228003769864
leaf_weight=144968.13508403301 6492466.4660856724 189883.47700536251 438308.49509716034 544300.37109375 611377.23559570312 540586.59814453125 526642.76025390625 528762.51171875 876232.72998046875 424262.41577148438 11335395.497843266 665585.06127929688 354447.16284179688 338166.09252929688
leaf_count=355 11524 93 159 109 124 116 105 99 174 126 21950 212 124 121
internal_value=0.000179048 -0.00201743 -0.000282013 0.000252127 0.0010537 0.00210679 -0.000281466 -0.00132713 0.00330498 0.000103836 0.000155013 -4.90219e-05 -0.000179005 -0.00219319
internal_weight=2.40114e+07 773160 583277 2.32382e+07 3.6279e+06 2.0282e+06 1.59971e+06 1.05541e+06 1.41682e+06 1.96103e+07 1.91861e+07 1.26936e+07 1.2028e+07 692613
internal_count=35391 607 514 34784 727 414 313 204 290 34057 33931 22407 22195 245
cat_boundaries=0 1
cat_threshold=1
is_linear=0
shrinkage=0.05


Tree=289
num_leaves=15
num_cat=0
split_feature=9 15 20 7 23 5 9 5 2 10 10 20 9 9
split_gain=1494.63 2691.47 1190.37 1420.32 1026.8 1031.62 1618.98 960.996 1960.94 1192.29 1630.23 1695.69 2468.82 1173.71
threshold=0.099641508914028162 19.180433274424654 -0.0016089120246880499 17.114749279343759 -4.8051499210838244 14.47067029338009 0.30291371750963841 15.811000708615643 15.671478107019702 0.17394572890052643 0.011699089724676651 0.026715660282547904 0.18903641329208787 0.12236701337558946
decision_type=2 2 10 2 8 2 2 2 2 2 2 10 2 2
left_child=1 -1 3 4 5 6 -2 8 13 10 11 12 -9 -4
right_child=2 -3 7 -5 -6 -7 -8 9 -10 -11 -12 -13 -14 -15
leaf_value=0.00021264488748534043 -0.0098896356353501951 -0.000145604795803856 -0.0040649654675379201 -0.0023019270618616573 -4.4356713871859602e-05 0.011039116712581346 0.0044567294009930604 -0.00010981625037659402 -0.0059691416837320925 -0.0001343517265801426 0.00057465760744434809 0.00016906567851538508 0.00022158158310873555 0.00067268587686981896
leaf_weight=213304.94146728516 58948.723526000977 322615.59948730469 70485.827239990234 136749.39697265625 13012519.301365972 242314.03125 390845.05928134918 534615.55297851562 149823.87512207031 458054.71166992188 1130486.953125 455676.7490234375 818233.74169921875 5996314.105825901
leaf_count=229 83 78 88 25 23026 108 895 104 60 112 244 111 171 10089
internal_value=0.000164022 -0.00244683 0.000223676 -7.31819e-05 -2.25875e-05 0.00185402 0.000437165 0.00065108 0.000281541 0.00132734 0.00169714 0.000766104 -0.000122452 0.000421092
internal_weight=2.3991e+07 535921 2.34551e+07 1.38414e+07 1.37046e+07 692108 449794 9.61369e+06 6.21662e+06 3.39707e+06 2.93901e+06 1.80853e+06 1.35285e+06 6.0668e+06
internal_count=35423 307 35116 24137 24112 1086 978 10979 10237 742 630 386 275 10177
is_linear=0
shrinkage=0.05


Tree=290
num_leaves=15
num_cat=2
split_feature=17 8 5 8 10 11 11 17 20 20 28 17 29 8
split_gain=2603.68 1367 1611.6 1251.94 2039.14 3902.8 1770.19 1628.55 1932.67 1240.58 773.052 1202.7 931.877 1266.74
threshold=0.39233366882668819 0.13271539659187379 16.445570641160668 0.078990536318368373 -0.036449754158273749 -0.074318750415683241 0.11096014400528181 0.13910918456452201 -0.0025522599899027994 0.0092365809962844016 0 0.27754239535709518 1 0.21504900098657187
decision_type=2 2 2 2 2 2 2 2 10 8 1 2 1 2
left_child=3 -2 9 4 5 -1 7 8 -6 -3 11 -5 -12 -14
right_child=1 2 -4 10 6 -7 -8 -9 -10 -11 12 -13 13 -15
leaf_value=-0.0018900414926833386 -3.1305490151946042e-05 -0.0014976535768137754 0.00054223883282577276 -0.0011495557083429143 0.0017832930569860992 -0.0007351674162802079 -0.0004736996553649554 0.0018816706212836732 -0.00041427467159616698 0.0016222623216866254 0.00016663304098106095 -0.043296742374343958 -0.00026821963773966169 0.00030271324963150912
leaf_weight=70577.87405693531 400831.72235107422 204557.86108398438 570504.46752929688 1559901.34438622 104814.05062866211 61793.093058586121 154401.89657020569 161379.44097900391 83878.674425125122 298042.45733642578 7985670.0164384842 82500.505676269531 2229159.7062110901 9952806.1446454525
leaf_count=163 118 156 107 4166 176 77 66 36 62 195 9743 88 1493 18771
internal_value=0.000214978 0.00225068 0.00318131 8.13071e-05 -0.00210392 -0.00762723 -0.000654632 0.00131239 -0.00184145 0.0011169 0.000145115 -0.000898001 0.000230064 -4.51175e-05
internal_weight=2.39208e+07 1.47394e+06 1.0731e+06 2.24469e+07 636845 132371 504474 350072 188693 502600 2.181e+07 1.6424e+06 2.01676e+07 1.2182e+07
internal_count=35417 576 458 34841 580 240 340 274 238 351 34261 4254 30007 20264
cat_boundaries=0 1 2
cat_threshold=152 1
is_linear=0
shrinkage=0.05


Tree=291
num_leaves=15
num_cat=0
split_feature=17 19 14 22 21 5 15 9 15 5 8 5 2 19
split_gain=1734.21 1687.79 1028.8 907.095 1135.32 598.663 581.001 1801.57 1474.71 3721.36 1460.34 3442.13 1440.95 1412.42
threshold=0.35606061239567061 -0.029549318239527746 1.6439011579210194 17.325438677254457 10.482047616024342 2.7385129428282564 19.255681931610429 0.099641508914028162 19.240998570495709 16.089743665749982 0.11517032025683187 17.377938260320832 14.938278118190341 -0.035637932706194649
decision_type=2 2 10 2 10 2 2 2 2 2 2 2 2 2
left_child=5 -2 3 -3 -5 -1 8 -8 10 -10 -7 13 -9 -12
right_child=1 2 -4 4 -6 6 7 12 9 -11 11 -13 -14 -15
leaf_value=0.028453845103747405 -7.6095476086948275e-05 0.0042561205640959509 0.00014626275934450899 -0.0071765211386882665 0.0015257282994635079 0.00026142710565611385 -0.00011066941838514648 0.00010029111393476548 -0.00045511752385731332 -0.0019442184079792675 0.0028467957284445781 -0.010379891034099795 0.00033093727938656039 -8.0234136829306719e-05
leaf_weight=77438.112345218658 353920.44390869141 160952.39001464844 1076160.0427246094 150466.79284667969 162442.07281494141 922203.02702903748 246251.10681152344 3536602.1085968018 637109.97913360596 199868.49145507812 1342319.9818515778 93951.873046875 2586575.5230712891 12414772.006663322
leaf_count=897 126 102 224 127 100 653 51 5019 749 42 2882 14 839 23498
internal_value=0.000312572 0.00176039 0.00247175 0.00053051 -0.00103845 0.000187598 0.000172136 0.000574577 7.92856e-06 -0.00203381 0.000123603 -4.6684e-06 0.000743211 6.04692e-05
internal_weight=2.3961e+07 1.90394e+06 1.55002e+06 473861 312909 2.20571e+07 2.19797e+07 6.36943e+06 1.56102e+07 836978 1.47732e+07 1.3851e+07 6.12318e+06 1.37571e+07
internal_count=35323 679 553 329 227 34644 33747 5909 27838 791 27047 26394 5858 26380
is_linear=0
shrinkage=0.05


Tree=292
num_leaves=15
num_cat=0
split_feature=0 16 3 9 25 14 17 20 16 15 20 25 10 15
split_gain=1540.23 1406.35 1078.67 1468.15 2127.64 2294.24 2918.03 1779.43 1566.15 1237.9 1232.28 1147.25 1512.31 2176.15
threshold=14.34831692812387 18.650510177953056 17.169510099143395 0.22873494940835284 -0.6830127018922193 1.5170000176554674 0.031388013454770956 -0.010135193956616847 18.287152929951038 17.182182440199757 -0.00072534460720574993 -0.5 0.23224135235051338 18.491211600811145
decision_type=2 2 2 2 2 10 2 8 2 2 10 2 2 2
left_child=-1 2 3 4 10 6 -6 -7 -9 -5 -2 12 -11 -14
right_child=1 -3 -4 9 5 7 -8 8 -10 11 -12 -13 13 -15
leaf_value=-0.00039413212955567332 0.0013923240924604919 -0.00031128684082327236 0.00012342520095785824 0.0047582454343702216 6.7235714137146922e-05 -0.00016819183680334801 -0.0029888129857529484 9.0422725474387971e-05 -0.00011239613371270669 0.0001804618005064557 -9.1528171374247172e-06 0.0018228265863807413 -0.0094556288272453076 -0.0011405223114513607
leaf_weight=11763237.986932993 484096.12951660156 285115.35888671875 1408104.59375 802985.97784423828 303506.71765136719 638788.41467285156 347276.34350585938 1191791.4143066406 531297.54614257812 1386606.2610473633 551464.92578125 3747238.6184082031 188826.11822509766 295901.80303955078
leaf_count=30311 169 65 228 459 177 198 116 433 159 665 212 1756 84 181
internal_value=0.000263183 0.000657703 0.000741001 0.000566261 -0.000179457 -0.000851505 -0.00348011 -0.00012723 0.000708385 0.00103637 0.00177567 0.000773928 -0.000237108 -0.00264115
internal_weight=2.39262e+07 1.2163e+07 1.18779e+07 1.04698e+07 4.04822e+06 3.01266e+06 650783 2.36188e+06 1.72309e+06 6.42156e+06 1.03556e+06 5.61857e+06 1.87133e+06 484728
internal_count=35213 4902 4837 4609 1464 1083 293 790 592 3145 381 2686 930 265
is_linear=0
shrinkage=0.05


Tree=293
num_leaves=15
num_cat=0
split_feature=7 7 15 15 25 25 24 5 1 4 7 2 5 1
split_gain=2922.6 1380.91 1175.17 1679.19 1194.87 1373.62 2414.83 954.459 1076.25 1399.01 976.377 769.315 1239.22 1195.39
threshold=16.39444836774533 16.29414425370425 19.34182737979339 19.274552379291809 0.68301270189221941 1.0000000180025095e-35 1.6082913793358704 16.445570641160668 16.275843258113319 16.286603766617137 16.110960638906878 16.276512134422696 15.811000708615643 15.804232180326846
decision_type=2 2 2 2 2 2 10 2 2 2 2 2 2 2
left_child=1 7 3 4 5 6 -2 8 9 10 11 12 13 -1
right_child=2 -3 -4 -5 -6 -7 -8 -9 -10 -11 -12 -13 -14 -15
leaf_value=0.00024871437210678151 -3.4766956459253641e-05 -0.00037588005962161725 0.00045072772814974113 -0.00013297235294154933 0.00052980554579125838 -9.7671208984506696e-05 0.00093682738631094417 0.0058945948821439364 -0.00072342103341270069 0.0023789176527941741 -0.0012472536972389005 -0.0012336257628283026 0.0012093316173846832 -0.0014324831977390849
leaf_weight=17320334.200398803 753949.4248046875 467789.72436523438 565852.83618164062 505966.03149414062 799064.60546875 785217.30737304688 718758.15625 100520.04516601562 328432.70654296875 397273.88037109375 351793.70629882812 75933.810546875 478734.759765625 211654.7470703125
leaf_count=33728 153 132 105 93 160 158 151 31 104 126 107 26 175 88
internal_value=0.000328501 7.53796e-05 0.00153823 0.00120206 0.00164366 0.0010556 0.0019561 0.000140558 0.000115069 0.000164548 0.000101296 0.00015204 0.000173213 0.000104678
internal_weight=2.38613e+07 1.97325e+07 4.12881e+06 3.56296e+06 3.05699e+06 2.25792e+06 1.47271e+06 1.92647e+07 1.91642e+07 1.88357e+07 1.84385e+07 1.80867e+07 1.80107e+07 1.7532e+07
internal_count=35337 34517 820 715 622 462 304 34385 34354 34250 34124 34017 33991 33816
is_linear=0
shrinkage=0.05


Tree=294
num_leaves=15
num_cat=0
split_feature=9 2 7 15 19 27 19 5 7 1 19 10 7 9
split_gain=909.87 2136.51 3025.1 2110.98 1367.73 1212.83 1071.92 5761.41 1506.26 1407.51 1030.9 871.002 813.546 2856.48
threshold=0.11267707992664321 16.849067115038203 16.984761516005801 19.301978056957818 0.012644651757098852 9.5000000000000018 -0.047788368191836093 15.959129877069087 15.035768653938314 14.934321118192484 -0.040513359699795894 0.020842451520212305 15.415654357169361 0.35556328842598045
decision_type=2 2 2 2 2 2 2 2 2 2 2 2 2 2
left_child=3 2 6 4 -1 11 7 8 9 -2 -8 -3 -12 -14
right_child=1 5 -4 -5 -6 -7 10 -9 -10 -11 12 -13 13 -15
leaf_value=0.0010912476517386453 -0.00071093659477130774 4.4382139748698856e-05 -0.0013204526107823487 -0.00017332666994439536 -6.9846540696345697e-05 -0.00010697002379748266 0.0050082716715351711 -0.0015903249040503443 0.0040441612953847567 -0.0088600486632025334 -6.6029742585459352e-05 0.0015700116236976335 -9.4699700543872677e-06 0.0033731034946558099
leaf_weight=298297.84323120117 737157.99583864212 898778.1298828125 121898.36962890625 364506.60412597656 214721.05589294434 586572.78930664062 800002.61233985424 163515.12475585938 134317.94299316406 49378.317749023438 14970181.805415154 667233.22998046875 2544353.4135742188 1282070.6032714844
leaf_count=223 1676 156 24 87 118 108 1316 46 59 30 30182 126 779 443
internal_value=0.000149496 0.000209899 5.47323e-05 -0.0014306 0.000636531 0.00170945 0.000101023 -0.00142924 0.000106538 -0.000729125 0.000185699 0.00243581 0.000110883 0.00076152
internal_weight=2.3833e+07 2.29555e+07 2.08029e+07 877526 513019 2.15258e+06 2.0681e+07 1.08437e+06 920854 786536 1.95966e+07 1.56601e+06 1.87966e+07 3.82642e+06
internal_count=35373 34945 34555 428 341 390 34531 1811 1765 1706 32720 282 31404 1222
is_linear=0
shrinkage=0.05


Tree=295
num_leaves=15
num_cat=1
split_feature=0 8 27 2 2 3 17 19 19 28 8 5 20 19
split_gain=1126.85 1368.51 993.579 2033.76 1189.04 1847.15 939.028 953.473 1097.5 2347.52 1594.63 817.616 683.77 660.955
threshold=17.153843914118731 0.13271539659187379 1.5000000000000002 16.401501956730314 16.04258516408715 15.674799135655663 0.19132961672338733 0.012644651757098852 0.0029976683777618502 0 0.45306485003017077 13.633998236272594 0.076153158415675312 -0.036895586668078545
decision_type=2 2 2 2 2 2 2 2 2 1 2 2 10 2
left_child=2 -2 3 4 5 6 7 8 13 10 -10 -9 -4 -1
right_child=1 -3 12 -5 -6 -7 -8 11 9 -11 -12 -13 -14 -15
leaf_value=-0.0022326840863108282 -4.4657492839353044e-05 0.00042649673010871015 3.3925644165674948e-05 -0.00025025639045471963 0.0016524516977990907 -0.034955499081661061 0.0087852752998113202 -0.0071162504244915315 -0.042847578420863272 -0.00064727799733474672 -0.037034330585412542 0.0049635886677468523 0.00042031315009300986 0.0042584935647627864
leaf_weight=463701.47854316235 720426.46240234375 743690.740234375 19780258.563754201 373133.06469726562 100247.6455078125 80783.968139648438 106535.47943115234 125168.80996119976 69193.734437465668 280654.82051849365 46989.482564210892 130033.56439208984 392766.61938285828 366637.05748081207
leaf_count=985 115 123 31302 84 31 30 80 414 133 414 204 91 530 758
internal_value=0.000115586 0.00145933 2.74253e-05 -0.00099617 -0.000288954 -0.000606499 -0.000231513 -0.00055737 -0.00113564 -0.00329856 -0.0092752 0.00222334 0.000136167 -0.000101935
internal_weight=2.37802e+07 1.46412e+06 2.23161e+07 2.14308e+06 1.76995e+06 1.6697e+06 1.58891e+06 1.48238e+06 1.22718e+06 396838 116183 255202 2.0173e+07 830339
internal_count=35294 238 35056 3224 3140 3109 3079 2999 2494 751 337 505 31832 1743
cat_boundaries=0 1
cat_threshold=105
is_linear=0
shrinkage=0.05


Tree=296
num_leaves=15
num_cat=0
split_feature=4 26 21 8 22 2 9 20 10 3 3 0 3 8
split_gain=918.273 2595.69 1921.92 2112.44 1656.73 984.242 899.325 1715.74 846.162 842.056 1422.03 1425.18 897.48 1343.24
threshold=16.286603766617137 -0.24999999999999997 10.98975100650992 0.14143416268128789 18.655332724125884 16.401501956730314 0.11267707992664321 0.053948671483569362 0.0088057716234723523 16.537870894875581 16.154648050165125 15.671123781704924 15.474442394707193 0.36280192865305716
decision_type=2 2 10 2 2 2 2 8 2 2 2 2 2 2
left_child=5 4 3 -3 -2 6 7 -1 -5 10 11 12 -8 -14
right_child=1 2 -4 8 -6 -7 9 -9 -10 -11 -12 -13 13 -15
leaf_value=-0.0021627699223364435 -2.1639010887264259e-05 -4.101594999484726e-05 -0.00024307791666846888 3.7455780172468715e-05 0.00049023320217652419 -0.00041099327854188152 0.00026694442893286722 0.0077827628741563917 0.00086146955655921681 0.0068907673476620961 -0.00083409658929854084 0.0014382453708577003 -0.0032068125606880306 0.0004018693810036239
leaf_weight=79405.202087402344 659232.95556640625 859710.78344726562 655113.07983398438 671681.72583007812 1354752.1396484375 427346.26123046875 16285232.062891006 48228.460083007812 474926.66845703125 88485.9970703125 459425.8837890625 1051575.5301513672 450813.14111328125 332892.79467773438
leaf_count=107 166 182 123 156 265 122 33099 172 107 25 144 393 191 155
internal_value=0.000204312 0.000832765 -0.000192077 0.000575707 0.00218707 5.14628e-05 0.000105409 -0.00407738 0.00198056 0.000134006 0.000110832 0.000180483 7.04211e-05 -0.0015823
internal_weight=2.38988e+07 4.67542e+06 2.66143e+06 2.00632e+06 2.01399e+06 1.92234e+07 1.87961e+07 127634 1.14661e+06 1.86684e+07 1.85799e+07 1.81205e+07 1.70689e+07 783706
internal_count=35407 999 568 445 431 34408 34286 279 263 34007 33982 33838 33445 346
is_linear=0
shrinkage=0.05


Tree=297
num_leaves=15
num_cat=0
split_feature=8 0 5 26 16 21 26 23 10 19 7 21 22 21
split_gain=1292.51 2221.43 1504.15 1503.34 1504.86 2954.17 1074.3 870.106 782.254 781.702 2058.77 1293.75 724.043 680.052
threshold=0.096489678386156755 16.846705175829062 16.796940509220686 -0.5 18.344174158923945 9.4700273674408137 -0.24999999999999997 2.5228400253385952 -0.05636993168386429 0.046605178120161704 14.969803638982372 7.3322049754256104 21.06749716986349 10.860054239547923
decision_type=2 2 2 2 2 10 2 10 2 2 2 8 2 10
left_child=3 2 9 8 5 -5 -3 -8 -1 12 11 -11 13 -2
right_child=1 6 -4 4 -6 -7 7 -9 -10 10 -12 -13 -14 -15
leaf_value=-0.0012509868703358298 -7.2683971300726056e-05 0.00026685746277645914 -0.00016153893028403196 0.0074794763931390479 -3.5985539193932574e-05 -0.00084995872657174206 -1.0064602045516609e-05 0.00051594902830150548 0.00067831633699182679 -0.028951407022514194 0.0016714398928711705 0.00084109826698737131 0.0082896234477245184 0.00029579462425497263
leaf_weight=142065.25323724747 15105204.52898407 908712.63891601562 259379.27587890625 102650.61363327503 354759.80123901367 410175.32942962646 588098.03002929688 593777.591796875 255738.96329498291 77372.312031388283 544235.30847167969 1374125.0423717499 208311.90232849121 3020440.6736352444
leaf_count=107 25828 164 56 302 90 189 109 108 169 197 207 2961 253 4628
internal_value=0.000137861 0.000224631 6.69489e-05 -0.00141734 -0.00258432 -0.0043163 0.00177756 0.000783698 0.00112778 0.000115221 0.00105495 7.15994e-05 1.29277e-05 -2.07571e-05
internal_weight=2.3945e+07 2.26797e+07 2.05891e+07 1.26539e+06 867586 512826 2.09059e+06 1.18188e+06 397804 2.03297e+07 1.99573e+06 1.4515e+06 1.8334e+07 1.81256e+07
internal_count=35368 34511 34130 857 581 491 381 217 276 34074 3365 3158 30709 30456
is_linear=0
shrinkage=0.05


Tree=298
num_leaves=15
num_cat=0
split_feature=0 26 9 11 23 17 9 12 10 11 9 11 17 26
split_gain=1395.45 2597.53 760.252 2814.08 1187.39 718.365 1824.37 647.6 592.578 574.435 2627.3 896.305 1304.46 2970.47
threshold=17.153843914118731 -0.24999999999999997 0.12236701337558946 -0.088321798024870682 1.4447413516365402 0.39233366882668819 0.21233104827981572 6.5000000000000009 0.0060859532655932009 -0.47321791919183992 0.28194686203971314 -0.12976329723944952 0.27754239535709518 -0.24999999999999997
decision_type=2 2 2 2 10 2 2 2 2 2 2 2 2 2
left_child=2 -2 3 -1 -5 7 -7 -4 -6 10 -9 -11 -13 -14
right_child=1 -3 5 4 8 6 -8 9 -10 11 -12 12 13 -15
leaf_value=-0.00056856367446851501 0.0011456619026646042 -2.4633514673900401e-05 0.006951377617322738 5.3183903993684646e-05 -0.0016081120280458433 -6.8762030049482139e-05 0.0034221576922519557 -0.0069648762851802484 0.00023202760851897863 0.00049823343025782953 -0.0023197390145742254 4.7754347604761095e-06 -0.0016421826824149566 6.7751312359117083e-05
leaf_weight=169862.6487121582 654979.37353515625 929686.7255859375 177958.07109487057 244724.42442321777 189291.47416687012 445594.80157470703 557976.69702148438 77574.686206817627 178765.92108154297 4706263.6954174042 1459587.5162308216 13362123.074634075 328022.61169433594 433032.48095703125
leaf_count=190 106 152 1829 92 123 138 334 108 81 7016 4079 20790 110 135
internal_value=0.000145888 0.00157963 4.41446e-05 -0.00148666 9.18677e-05 9.97446e-05 0.00140595 3.59383e-05 -0.00170284 9.69765e-06 -0.000919676 8.55681e-05 -0.000113569 -0.00212706
internal_weight=2.39154e+07 1.58467e+06 2.23308e+07 782644 612782 2.15481e+07 1.00357e+06 2.05446e+07 368057 2.03666e+07 1.53716e+06 1.88294e+07 1.41232e+07 761055
internal_count=35283 258 35025 486 296 34539 472 34067 204 32238 4187 28051 21035 245
is_linear=0
shrinkage=0.05


Tree=299
num_leaves=15
num_cat=1
split_feature=21 21 17 25 16 16 18 28 25 2 18 9 24 3
split_gain=659.316 1059.8 652.138 2206.97 1258.26 1764 1584.21 1094.22 879.259 1618.74 1891 3699.78 1511.78 1438.41
threshold=11.326698545955214 11.306576306974611 0.39233366882668819 0.68301270189221941 18.52807987505204 18.435443290659602 0.24527785062670263 0 0.68301270189221941 14.558935995233595 0.55125686852329092 0.22873494940835284 2.6761558945178754 17.004815837258366
decision_type=10 10 2 2 2 2 10 1 2 2 10 2 8 2
left_child=1 2 4 -4 5 8 -6 -7 13 -10 -11 -12 -13 -1
right_child=-2 -3 3 -5 6 7 -8 -9 9 10 11 12 -14 -15
leaf_value=-1.396486943712199e-05 0.0047692469997440527 -0.0041228734579685537 0.00015209970084184121 -0.00040994398005729673 6.2704306827740923e-05 0.0015887518163182849 -0.00084142874628324405 0.00042962990028114927 -0.00046474553660788429 0.0011029894540111928 -0.00046422897756720884 -0.00038351690221797029 0.0029218671370112668 -0.00014203989108095037
leaf_weight=14683403.584057808 401274.94331979752 160485.58654785156 1108459.8793334961 300615.16363525391 248802.63446044922 292590.46508789062 282791.64501953125 252366.31625366211 3108549.7924413681 1201750.0989990234 317704.83020019531 352890.17041015625 473684.08404541016 663782.71508789062
leaf_count=24894 752 86 425 127 183 55 43 165 7576 456 89 138 209 120
internal_value=0.000124755 9.03638e-05 0.000118269 0.00116087 5.11201e-05 0.000110957 -0.00235171 0.00291912 3.73903e-05 0.000582661 0.00157415 0.000119398 0.00188203 -0.000156406
internal_weight=2.38492e+07 2.34479e+07 2.32874e+07 1.40908e+06 2.18783e+07 2.13467e+07 531594 544957 2.08018e+07 5.45458e+06 2.34603e+06 1.14428e+06 826574 1.53472e+07
internal_count=35318 34566 34480 552 33928 33702 226 220 33482 8468 892 436 347 25014
cat_boundaries=0 1
cat_threshold=288
is_linear=0
shrinkage=0.05


end of trees

feature_importances:
std12=286
lag0=241
yoy12=201
std6=199
lag11=194
mean12=188
thb_chg3=181
mom3_12=163
share_hs12=158
ctry_mean3=156
ccy_chg3=154
inflation=153
gdp_growth=152
uv12=148
gdppc_log=140
hs_mean3=131
lag2=128
hs4=125
lag5=123
pop_log=116
mean3=115
cos_m=108
region=108
lag1=105
mean6=101
origin_month=89
sin_m=80
share_ctry12=74
active12=73
income=8
since_last=2

parameters:
[boosting: gbdt]
[objective: quantile]
[metric: quantile]
[tree_learner: serial]
[device_type: cpu]
[data_sample_strategy: bagging]
[data: ]
[valid: ]
[num_iterations: 300]
[learning_rate: 0.05]
[num_leaves: 15]
[num_threads: 4]
[seed: 0]
[deterministic: 0]
[force_col_wise: 0]
[force_row_wise: 0]
[histogram_pool_size: -1]
[max_depth: -1]
[min_data_in_leaf: 100]
[min_sum_hessian_in_leaf: 0.001]
[bagging_fraction: 0.8]
[pos_bagging_fraction: 1]
[neg_bagging_fraction: 1]
[bagging_freq: 1]
[bagging_seed: 7719]
[bagging_by_query: 0]
[feature_fraction: 0.8]
[feature_fraction_bynode: 1]
[feature_fraction_seed: 2437]
[extra_trees: 0]
[extra_seed: 11797]
[early_stopping_round: 0]
[early_stopping_min_delta: 0]
[first_metric_only: 0]
[max_delta_step: 0]
[lambda_l1: 0]
[lambda_l2: 0]
[linear_lambda: 0]
[min_gain_to_split: 0]
[drop_rate: 0.1]
[max_drop: 50]
[skip_drop: 0.5]
[xgboost_dart_mode: 0]
[uniform_drop: 0]
[drop_seed: 21238]
[top_rate: 0.2]
[other_rate: 0.1]
[min_data_per_group: 100]
[max_cat_threshold: 32]
[cat_l2: 10]
[cat_smooth: 10]
[max_cat_to_onehot: 4]
[top_k: 20]
[monotone_constraints: ]
[monotone_constraints_method: basic]
[monotone_penalty: 0]
[feature_contri: ]
[forcedsplits_filename: ]
[refit_decay_rate: 0.9]
[cegb_tradeoff: 1]
[cegb_penalty_split: 0]
[cegb_penalty_feature_lazy: ]
[cegb_penalty_feature_coupled: ]
[path_smooth: 0]
[interaction_constraints: ]
[verbosity: -1]
[saved_feature_importance_type: 0]
[use_quantized_grad: 0]
[num_grad_quant_bins: 4]
[quant_train_renew_leaf: 0]
[stochastic_rounding: 1]
[linear_tree: 0]
[max_bin: 255]
[max_bin_by_feature: ]
[min_data_in_bin: 3]
[bin_construct_sample_cnt: 200000]
[data_random_seed: 38]
[is_enable_sparse: 1]
[enable_bundle: 1]
[use_missing: 1]
[zero_as_missing: 0]
[feature_pre_filter: 1]
[pre_partition: 0]
[two_round: 0]
[header: 0]
[label_column: ]
[weight_column: ]
[group_column: ]
[ignore_column: ]
[categorical_feature: 28,29,30]
[forcedbins_filename: ]
[precise_float_parser: 0]
[parser_config_file: ]
[objective_seed: 8855]
[num_class: 1]
[is_unbalance: 0]
[scale_pos_weight: 1]
[sigmoid: 1]
[boost_from_average: 1]
[reg_sqrt: 0]
[alpha: 0.1]
[fair_c: 1]
[poisson_max_delta_step: 0.7]
[tweedie_variance_power: 1.5]
[lambdarank_truncation_level: 30]
[lambdarank_norm: 1]
[label_gain: ]
[lambdarank_position_bias_regularization: 0]
[eval_at: ]
[multi_error_top_k: 1]
[auc_mu_weights: ]
[num_machines: 1]
[local_listen_port: 12400]
[time_out: 120]
[machine_list_filename: ]
[machines: ]
[gpu_platform_id: -1]
[gpu_device_id: -1]
[gpu_device_id_list: ]
[gpu_use_dp: 0]
[num_gpu: 1]

end of parameters

pandas_categorical:[["0301", "0302", "0303", "0304", "0305", "0306", "0307", "0308", "1604", "1605"], ["East Asia & Pacific", "Europe & Central Asia", "Latin America & Caribbean ", "Middle East, North Africa, Afghanistan & Pakistan", "North America", "South Asia", "Sub-Saharan Africa "], ["High income", "Low income", "Lower middle income", "Upper middle income"]]
