tree
version=v4
num_class=1
num_tree_per_iteration=1
label_index=0
max_feature_idx=30
objective=quantile
feature_names=lag0 lag1 lag2 lag5 lag11 mean3 mean6 mean12 std6 std12 mom3_12 yoy12 active12 since_last uv12 hs_mean3 ctry_mean3 share_hs12 share_ctry12 thb_chg3 ccy_chg3 gdppc_log pop_log gdp_growth inflation sin_m cos_m origin_month hs4 region income
feature_infos=[0:18.205255335410698] [0:18.205255335410698] [0:18.205255335410698] [0:18.205255335410698] [0:18.205255335410698] [0:18.157048131452463] [0:18.124264077093692] [0:18.035115378112071] [0:7.5608558192104249] [0:7.3277870058189585] [-13.843435827688648:1.3862609760987381] [-16.608309852465645:15.089828325648837] [0:12] [0:83] [-2.600506288365116:7.1655352645109822] [12.740363635469087:19.486066681140084] [0:18.809523438786815] [0:0.82993581876002709] [0:1.0000000000000002] [-0.13109644777546911:0.073659523213825295] [-0.17392252264560989:0.46498583640067781] [5.974823611473119:11.636223317283363] [10.566871159890386:21.086567492848818] [-32.9088287752921:63.334634365485499] [-3.7491452479962901:221.34164402336501] [-1:1] [-1:1] [1:12] -1:8:0:5:6:9:2:3:4:1:7 -1:0:1:3:2:5:4:6 -1:0:3:2:1
tree_sizes=1732 1804 1836 1836 1790 1802 1794 1785 1803 1799 1785 1802 1804 1791 1822 1830 1808 1797 1817 1818 1796 1807 1832 1791 1794 1822 1792 1787 1825 1800 1813 1828 1783 1836 1812 1806 1835 1799 1808 1831 1839 1811 1820 1833 1833 1810 1818 1825 1828 1825 1829 1804 1829 1834 1834 1814 1820 1830 1835 1820 1826 1839 1838 1783 1849 1815 1822 1825 1830 1844 1836 1855 1810 1821 1832 1839 1839 1809 1832 1834 1831 1853 1850 1793 1816 1781 1839 1827 1799 1831 1821 1833 1846 1830 1832 1836 1857 1817 1826 1811 1826 1804 1807 1825 1803 1815 1850 1805 1790 1845 1856 1827 1843 1841 1843 1828 1824 1805 1834 1849 1812 1838 1826 1832 1808 1809 1852 1828 1818 1780 1806 1828 1827 1826 1862 1812 1839 1825 1834 1839 1838 1837 1839 1803 1846 1789 1815 1838 1798 1823 1848 1835 1789 1827 1823 1827 1823 1823 1842 1826 1843 1818 1824 1803 1838 1839 1815 1814 1830 1814 1807 1804 1806 1805 1835 1815 1839 1800 1777 1822 1819 1822 1841 1855 1825 1811 1829 1831 1839 1822 1828 1831 1839 1805 1819 1816 1828 1829 1851 1813 1830 1830 1801 1842 1837 1825 1820 1786 1819 1820 1852 1827 1825 1791 1809 1792 1848 1848 1829 1848 1803 1833 1837 1832 1822 1828 1836 1855 1818 1823 1824 1811 1803 1815 1830 1821 1829 1801 1790 1837 1821 1815 1815 1835 1831 1839 1833 1818 1822 1832 1812 1835 1824 1852 1823 1828 1835 1850 1834 1830 1829 1819 1844 1856 1791 1816 1805 1837 1845 1815 1833 1837 1840 1821 1809 1842 1825 1817 1828 1811 1814 1818 1833 1867 1820 1843 1836 1849 1817 1794 1841 1802 1856 1816 1803 1799 1817 1801 1795 1819

Tree=0
num_leaves=15
num_cat=0
split_feature=9 9 5 10 20 11 8 10 8 10 21 10 3 5
split_gain=226667 30744.1 20772.8 8278.53 5975.69 5236.99 4546.44 5594.84 4484.72 3821.8 3547.77 4900.21 4682.39 3487.89
threshold=0.74927123953946428 0.42992382811509372 11.162645146051828 -2.2044854766058095 inf 1.0165568848694415 0.78454898152777353 -0.60943316398494918 1.2306384405783761 -0.41410043547065806 9.4582235351437216 -0.35071639039848707 14.489244905225535 13.498519527348675
decision_type=2 2 2 2 8 2 2 2 2 2 8 2 2 2
left_child=1 4 3 -2 -1 10 7 -4 -5 -6 11 13 -12 -3
right_child=2 5 6 8 9 -7 -8 -9 -10 -11 12 -13 -14 -15
leaf_value=-0.99939070762880255 -1.5434361874166478 -1.0355582494577902 -1.0890688227944507 -1.1506635562080676 -1.046707957734121 -1.0934311351397374 -1.3187616665312354 -1.0665191652670711 -1.4969772778801038 -1.010531786748228 -1.0303450374484524 -1.0307092167858511 -1.0086160548656387 -1.0569841382862251
leaf_weight=10492482.609893799 191442.05666542053 250653.68898844719 94594.518646240234 292310.61154341698 115026.10758209229 85244.205000638962 2062183.7104492188 885742.47877502441 961872.39824533463 3049324.1111030579 1992215.5177211761 1736774.9366800785 917702.66998291016 270149.5146484375
leaf_count=7232 1342 529 116 2172 94 149 4268 1583 7203 3437 3397 2535 478 141
internal_value=-1.02653 -1.02414 -1.03663 -1.04157 -1.02288 -1.02739 -1.03429 -1.03149 -1.04009 -1.02479 -1.02718 -1.02867 -1.02603 -1.03292
internal_weight=2.33977e+07 1.89096e+07 4.48815e+06 1.44563e+06 1.36568e+07 5.25274e+06 3.04252e+06 980337 1.25418e+06 3.16435e+06 5.1675e+06 2.25758e+06 2.90992e+06 520803
internal_count=34676 17992 16684 10717 10763 7229 5967 1699 9375 3531 7080 3205 3875 670
is_linear=0
shrinkage=1


Tree=1
num_leaves=15
num_cat=0
split_feature=9 6 9 10 8 0 21 4 21 23 22 21 17 3
split_gain=166963 25119.3 20564.2 9052.01 5564.32 5368.94 5265.13 5793.73 4979.15 4130.44 3949.83 3759.04 5917.86 3301.78
threshold=0.63261438802544501 11.240494920727942 0.36431287008202179 -1.9426483902455074 1.8936022150566603 13.078061513633648 9.4582235351437216 16.410410087137191 8.5011833225147395 5.0121942176547156 15.564473602356127 7.7713535867490036 0.034434481707413658 14.712079425912988
decision_type=2 2 2 2 2 2 10 2 8 10 2 10 2 2
left_child=2 3 8 -2 -5 10 7 -4 9 11 -3 -1 -13 -8
right_child=1 5 6 4 -6 -7 13 -9 -10 -11 -12 12 -14 -15
leaf_value=0.019598598367704941 -0.44878229128961433 -0.05302121568580196 -0.0054026533010325889 -0.096333880203603464 -0.45388734086883109 -0.017884297555437096 0.0016127177633755902 -0.055843944104425371 0.026771344290489898 0.022467095987909757 -0.1849715470210167 -0.41457402977049967 -0.0024778028487552769 0.018238217779428335
leaf_weight=220841.25157165527 168168.5849108696 713955.18235778809 2396723.1845219135 473736.32019770145 843752.51361846924 1490049.9050750732 2445347.1286869049 97988.86279296875 10384247.176805496 669959.66255950928 1863720.7257080078 130322.25690460205 197362.70825195312 1313160.9085693359
leaf_count=367 1402 1719 3262 3499 6421 1541 3811 26 6871 943 3907 200 82 575
internal_value=0.000318816 -0.00725297 0.00267372 -0.0128173 -0.0114229 -0.00522072 0.000362388 -0.00141843 0.0039194 0.000895656 -0.00660182 -0.00232159 -0.00571957 0.00154441
internal_weight=2.34093e+07 5.55338e+06 1.7856e+07 1.48566e+06 1.31749e+06 4.06773e+06 6.25322e+06 2.49471e+06 1.16027e+07 1.21849e+06 2.57768e+06 548526 327685 3.75851e+06
internal_count=34626 18489 16137 11322 9920 7167 7674 3288 8463 1592 5626 649 282 4386
is_linear=0
shrinkage=0.05


Tree=2
num_leaves=15
num_cat=1
split_feature=8 5 0 28 10 8 8 11 8 11 14 1 25 8
split_gain=124167 26146.2 18226.7 14598.8 6745.67 5930.95 5436.09 4999.31 3375.97 3154.37 2757.01 2697.15 2524.69 2636.27
threshold=0.59704651947438137 11.682860331677636 14.414843953916092 0 -0.94524850852315623 0.36086100738313065 1.8936022150566603 0.26223373617785395 0.32826613290569889 0.73958177482048637 0.93419468834912467 8.401600841950339 1.0000000180025095e-35 5.5181131715225336
decision_type=2 2 2 1 2 2 2 2 2 2 8 2 2 2
left_child=2 3 4 6 -1 -4 -2 8 -6 12 -7 -5 13 -3
right_child=1 9 5 11 7 10 -8 -9 -10 -11 -12 -13 -14 -15
leaf_value=-0.29733507711754337 -0.097798586223747486 -0.030644337041614057 0.025466342254927721 -0.4564718181692845 0.015541229546923122 -0.023149092101395253 -0.38954622129710836 -0.011017333482249172 0.00037032106964435176 -0.23095113847319457 0.0093374219219738014 -0.4328266707196578 -0.017228401655073052 -0.59316922410635187
leaf_weight=60295.646672010422 156804.31977009773 1321111.6853027344 9337703.1051635742 442585.76702022552 2833250.8392782211 199983.94818115234 372476.51543545723 1394443.9431614876 2809545.3411879539 192642.88975524902 1652189.6919555664 1011333.6084709167 1543827.0944671631 88859.043426513672
leaf_count=268 1263 2004 3386 3119 5129 127 3111 2670 5246 338 793 4659 2261 163
internal_value=0.000580453 -0.00629402 0.00250875 -0.0107903 0.000526735 0.00376591 -0.0179004 0.000669417 0.0013319 -0.00345999 0.00118127 -0.00820182 -0.00305569 -0.00458529
internal_weight=2.34171e+07 5.12964e+06 1.82874e+07 1.9832e+06 7.09754e+06 1.11899e+07 529281 7.03724e+06 5.6428e+06 3.14644e+06 1.85217e+06 1.45392e+06 2.9538e+06 1.40997e+06
internal_count=34537 16918 17619 12152 13313 4306 4374 13045 10375 4766 920 7778 4428 2167
cat_boundaries=0 1
cat_threshold=224
is_linear=0
shrinkage=0.05


Tree=3
num_leaves=15
num_cat=1
split_feature=8 8 7 28 6 12 11 2 21 10 20 10 10 17
split_gain=111227 22998.9 16064.9 12387.3 6997.65 5937.23 4938.74 4307.48 4063.15 3900.32 3446.91 3330.69 3154.34 3222.05
threshold=0.80745693611732816 0.31471858214471243 11.730868347547142 0 14.123489483430413 9.5000000000000018 0.83962188154483652 13.104002137723532 9.4582235351437216 -0.55713783259182914 0.0087827843012652021 -1.9426483902455074 -0.40530650397317636 0.033425308874965559
decision_type=2 2 2 1 2 2 2 2 10 2 8 2 2 2
left_child=1 4 3 -2 9 -5 7 -3 12 -1 -8 -4 13 -9
right_child=2 6 11 5 -6 -7 10 8 -10 -11 -12 -13 -14 -15
leaf_value=-0.35615486072980618 -0.35081163543549476 -0.010282750077039139 -0.55408423438386523 -0.43727316495899071 0.024369985926810847 -0.39403318396496051 -0.087488801405462988 -0.0056755568527222912 0.012075835864215127 0.0099805511606560048 -0.015235749828942633 -0.065468235941316455 0.0013350810055672527 -0.038101187648968936
leaf_weight=53404.575665712357 452811.47300732136 2551821.79088521 76491.006286621094 484990.66632342339 9165814.8643188477 638392.13247680664 85018.080532073975 184345.64233398438 3170546.0711364746 2479314.9581632614 173399.65868139267 1857000.7351379395 1705739.0517578125 170225.15051269531
leaf_count=248 4006 7290 125 3265 3570 3337 120 123 2261 5283 384 3121 1280 83
internal_value=0.000715416 0.00217367 -0.0074863 -0.0112329 0.00358864 -0.00841851 0.00011512 0.000340916 0.00116251 0.0012623 -0.00668512 -0.00443202 -0.000566177 -0.00485722
internal_weight=2.32493e+07 1.97396e+07 3.50969e+06 1.57619e+06 1.16985e+07 1.12338e+06 8.0411e+06 7.78268e+06 5.23086e+06 2.53272e+06 258418 1.93349e+06 2.06031e+06 354571
internal_count=34496 20642 13854 10608 9101 6602 11541 11037 3747 5531 504 3246 1486 206
cat_boundaries=0 1
cat_threshold=224
is_linear=0
shrinkage=0.05


Tree=4
num_leaves=15
num_cat=3
split_feature=9 9 12 28 9 14 28 5 4 29 4 9 11 1
split_gain=103968 29231.7 13711.4 8195.78 6516.5 5455.8 4435.33 4264.48 3731.01 3652.42 3633.68 4132.15 2988.99 2505.6
threshold=1.0362509522933818 0.38664999634558345 8.5000000000000018 0 2.1449396904784304 0.92225932109080733 1 11.890378581634184 15.26867331021578 2 16.410410087137191 0.49940127148418528 0.50624272296586981 14.978919991828326
decision_type=2 2 2 1 2 8 1 2 2 1 2 2 2 2
left_child=1 5 6 4 -4 8 -2 -6 -1 -7 11 12 -3 -13
right_child=2 10 3 -5 7 9 -8 -9 -10 -11 -12 13 -14 -15
leaf_value=0.0094493378183352125 -0.37250557023689801 0.0080773039505864491 -0.069212388563771349 -0.38818847968059778 -0.32168258559523549 0.026762830456719639 -0.42000609287043533 -0.31828204751369604 -0.027054971356423298 0.013102428950049603 -0.013072828492359391 -0.010676197204617342 -0.010938418081102463 0.0067155987428753477
leaf_weight=1174508.8185653687 85253.362540483475 2837903.857875824 277870.69040155411 2285834.0682144165 261528.36597061157 8452647.8906936646 445175.38819265366 78579.333129882812 94228.76318359375 2665416.720615387 254025.1884765625 3742428.5450415611 256478.14711761475 482937.00335693359
leaf_count=1604 1204 3427 1201 7271 1699 4804 2899 174 34 2848 69 6780 293 232
internal_value=0.000754676 0.00213725 -0.00728117 -0.00593089 -0.0110397 0.00363344 -0.0146732 -0.0156808 0.00052711 0.00398792 -0.000309748 -0.000105726 0.00128248 -0.00112236
internal_weight=2.33948e+07 1.99606e+07 3.43424e+06 2.90381e+06 617978 1.23868e+07 530429 340108 1.26874e+06 1.11181e+07 7.57377e+06 7.31975e+06 3.09438e+06 4.22537e+06
internal_count=34539 20091 14448 10345 3074 9290 4103 1873 1638 7652 10801 10732 3720 7012
cat_boundaries=0 1 2 3
cat_threshold=96 96 49
is_linear=0
shrinkage=0.05


Tree=5
num_leaves=15
num_cat=3
split_feature=8 8 28 12 21 10 4 1 29 28 17 21 2 10
split_gain=75283.6 28301.1 15404.8 11523.5 6726.05 7909.92 12592.6 6440.4 5671.79 4825.7 3229.68 3083.99 3275.16 2987.7
threshold=1.4916051250336417 0.29283686091921496 0 8.5000000000000018 8.0643671857026558 -0.20240299002401932 15.811075110773315 14.448797104450888 1 2 0.0023630177936827005 10.303415031121625 12.542476168367722 -0.35071639039848707
decision_type=2 2 1 2 8 2 2 2 1 1 2 8 2 2
left_child=1 7 10 -4 5 6 -3 13 11 -10 -2 -6 -13 -1
right_child=2 4 3 -5 8 -7 -8 -9 9 -11 -12 12 -14 -15
leaf_value=-0.013058360462151778 -0.31599403780933177 -0.03581815171485974 -0.40411053216532933 -0.39054033532434418 0.0010602080024424065 -0.0071787542480723611 -0.057937625161742716 0.023143638037930268 -0.0027006633177590385 -0.060457240009921309 -0.24792148855006141 -0.006262113205743886 0.015873727409661104 0.014250755257368046
leaf_weight=210943.69632279873 327238.80164217949 345228.53810739517 420018.18100738525 1328924.9912471771 2327857.4339524508 826735.525192976 59098.6865234375 7891329.684753418 3366504.4635434151 408745.70793819427 167530.93285369873 605938.49045395851 2351169.5314025879 2696843.1323080063
leaf_count=438 3092 869 2634 4499 3159 1915 19 2724 5019 988 425 2018 1816 4956
internal_value=0.000863095 0.00178943 -0.0078442 -0.00564051 -8.68168e-05 -0.00355454 -0.00928557 0.00357744 0.000384362 -0.0010958 -0.0156335 0.0014417 0.00251334 0.00156591
internal_weight=2.33341e+07 2.10904e+07 2.24371e+06 1.74894e+06 1.02913e+07 1.23106e+06 404327 1.07991e+07 9.06022e+06 3.77525e+06 494770 5.28497e+06 2.95711e+06 2.90779e+06
internal_count=34571 23921 10650 7133 15803 2803 888 8118 13000 6007 3517 6993 3834 5394
cat_boundaries=0 1 2 3
cat_threshold=98 57 833
is_linear=0
shrinkage=0.05


Tree=6
num_leaves=15
num_cat=3
split_feature=9 9 12 28 9 21 4 3 28 20 7 12 28 7
split_gain=78099.4 21115.2 19854.7 8004.75 7403.26 4232.31 8271.82 4944.3 3465.98 4481.03 3192.84 3091.96 3090.41 2888.01
threshold=0.78489806277090901 0.32130729923916251 8.5000000000000018 0 2.371874528719228 9.4582235351437216 16.410410087137191 14.38872262148198 1 0.0080454043116241509 14.563901574557894 10.500000000000002 2 12.290287177946675
decision_type=2 2 2 1 2 10 2 2 1 8 2 2 1 2
left_child=1 10 12 4 13 6 8 -7 9 -3 -1 -5 -2 -4
right_child=2 5 3 11 -6 7 -8 -9 -10 -11 -12 -13 -14 -15
leaf_value=0.016765220699805305 -0.35367142071912872 -0.042793873442197483 -0.080642030966499884 -0.41383518016128396 -0.32738466189067539 0.00022438240105499791 -0.024642960943740369 0.012933853604966183 0.0025860046205648107 -0.0044386526159519183 0.023325854781748763 -0.02353981415130757 -0.38319321711526322 -0.011209235937920439
leaf_weight=2582785.7809772491 162768.32808566093 134235.39769661427 233656.67980527878 820740.40261459351 283307.30593967438 3042125.9300346375 178502.4716796875 2388039.3175048828 3014789.6090934277 435021.11441802979 7226992.0124511719 2172962.8864631653 367389.20176148415 244736.62094116211
leaf_count=4409 1739 165 1630 3175 1527 5331 48 1137 4191 608 2414 5526 2350 343
internal_value=0.000885885 0.00226096 -0.00521129 -0.00393258 -0.008509 0.000539209 -0.000749641 0.00143225 -0.000226445 -0.00380466 0.0038744 -0.00276814 -0.0142691 -0.00471574
internal_weight=2.32881e+07 1.90025e+07 4.28556e+06 3.7554e+06 761701 9.19271e+06 3.76255e+06 5.43017e+06 3.58405e+06 569257 9.80978e+06 2.9937e+06 530158 478393
internal_count=34593 18303 16290 12201 3500 11480 5012 6468 4964 773 6823 8701 4089 1973
cat_boundaries=0 1 2 3
cat_threshold=96 84 736
is_linear=0
shrinkage=0.05


Tree=7
num_leaves=15
num_cat=4
split_feature=9 1 9 7 9 10 14 28 29 22 28 0 28 16
split_gain=70267.1 23037.5 11139.1 8059.35 7700.29 4773.54 4636.12 4292.68 3639.35 3356.93 2916.29 2795.82 2548 2454.38
threshold=0.49940127148418528 7.8005342464074801 0.32130729923916251 11.730868347547142 3.7451684383430117 -2.8890179336213073 0.92225932109080733 0 1 17.969279179620951 2 15.255068443456883 3 17.340407118629656
decision_type=2 2 2 2 2 2 8 1 1 2 1 2 1 2
left_child=2 5 6 4 10 -2 -1 -6 -8 -5 -3 -11 -7 -4
right_child=1 3 13 9 7 12 8 -9 -10 11 -12 -13 -14 -15
leaf_value=0.0022139042128080937 -0.35492582471052486 -0.085912405328632854 0.0026744763039203202 -0.0026311207275418421 -0.35719803483027618 -0.30928426613287008 0.0095056986487764474 -0.36612976793320451 0.023962809924798815 -0.024470271575611789 -0.023327111130107245 0.025381555900899751 -0.36096732915652452 0.015747525117646152
leaf_weight=961179.55377960205 131295.08567428589 240138.31321334839 4946666.9175510406 3789301.872467041 71350.912185668945 212091.59768748283 1304700.1778755188 482439.91741752625 7638088.482208252 1536400.0124206543 769073.83600997925 124734.54742431641 429495.04273581505 806133.58791351318
leaf_count=1203 1061 1373 5802 5242 442 2527 1481 2414 4156 1979 4014 58 2438 444
internal_value=0.000821834 -0.00305988 0.00275226 -0.00215704 -0.00532216 -0.0112526 0.00376869 -0.0100598 0.00412335 -0.00124938 -0.00272244 -0.00312353 -0.00947506 0.00100238
internal_weight=2.34431e+07 7.78632e+06 1.56568e+07 7.01344e+06 1.563e+06 772882 9.90397e+06 553791 8.94279e+06 5.45044e+06 1.00921e+06 1.66113e+06 641587 5.7528e+06
internal_count=34634 21548 13086 15522 8243 6026 6840 2856 5637 7279 5387 2037 4965 6246
cat_boundaries=0 1 2 3 4
cat_threshold=224 10 224 114
is_linear=0
shrinkage=0.05


Tree=8
num_leaves=15
num_cat=3
split_feature=9 9 7 9 28 28 14 5 14 7 17 17 10 28
split_gain=71696.8 21500.7 14171.3 8995.93 6648.06 4943.77 4666.99 3451.91 3130.96 2149.74 1833.05 1820.78 1808.19 1803.85
threshold=0.80054137072402598 0.32130729923916251 11.682582490663085 3.4733984984129749 0 1 1.3353693951882131 10.218728698286029 0.92225932109080733 14.495121830246518 0.037514686128720907 0.018072580359405555 -2.8890179336213073 2
decision_type=2 2 2 2 1 1 8 2 10 2 2 2 2 1
left_child=1 6 3 5 -5 -2 11 -4 9 -3 -8 -1 -6 -9
right_child=2 8 7 4 12 -7 10 13 -10 -11 -12 -13 -14 -15
leaf_value=0.018009199646355768 -0.10377037155689073 -0.0054179205595515619 -0.4569512320698505 -0.31666693820595709 -0.32461236699984997 -0.11207571496701561 0.018147989733642175 -0.12464471842416419 0.0044359631682345307 -0.026489964175219777 0.023911524207109344 0.0025622857240335055 -0.34192664318405769 -0.029068849255146346
leaf_weight=879052.36098480225 306126.63492679596 1299741.4636803865 58432.362152099609 182602.59352111816 44229.215227127075 531789.84677004814 1820573.801279068 340451.67294311523 7753301.5308375359 282098.59411621094 6229210.0944824219 1260316.5330963135 697247.27113342285 2050181.2344665527
leaf_count=987 3028 2420 122 1323 313 3327 2697 630 9121 164 2098 1087 3985 3441
internal_value=0.000995127 0.00227136 -0.00492204 -0.00834165 -0.0117437 -0.00458981 0.00385954 -0.00246178 0.000537887 -0.00148938 0.0044112 0.00178382 -0.00963863 -0.00216831
internal_weight=2.37354e+07 1.95243e+07 4.21106e+06 1.762e+06 924079 837916 1.01892e+07 2.44907e+06 9.33514e+06 1.58184e+06 8.04978e+06 2.13937e+06 741476 2.39063e+06
internal_count=34743 18574 16169 11976 5621 6355 6869 4193 11705 2584 4795 2074 4298 4071
cat_boundaries=0 1 2 3
cat_threshold=224 224 40
is_linear=0
shrinkage=0.05


Tree=9
num_leaves=15
num_cat=2
split_feature=9 12 9 6 11 8 28 29 21 21 4 21 11 5
split_gain=65326.9 28587.2 9966.09 4519.85 3864.22 3798.78 7939.79 3675.82 3383.81 2821.95 10903.4 2655.19 2179.48 2367.95
threshold=0.49940127148418528 9.5000000000000018 0.32130729923916251 11.315724806339341 0.70939193494982089 1.7181381290696101 0 1 10.303415031121625 8.405822045254201 16.04903536344861 8.9604316773488719 -0.18801757600459273 14.470216742040632
decision_type=2 2 2 2 2 2 1 1 10 10 2 10 2 2
left_child=2 3 7 -2 9 -3 -7 -1 -9 10 12 -6 13 -4
right_child=1 5 4 -5 11 6 -8 8 -10 -11 -12 -13 -14 -15
leaf_value=-0.0010422883139978984 -0.30660465885364091 -0.0092342685752884578 -0.0045035690521266448 -0.42529918518669962 0.0026387312196133519 -0.23647006324161457 -0.30407363741998922 0.011397969900008081 0.02206732867115237 0.0086759314355610972 -0.052723524267705324 -0.042982720443544425 0.010709013875725235 -0.023946288811842853
leaf_weight=541894.42893791199 563515.42951667309 5564414.788962841 127265.04323577881 275736.05366516113 82230.414237976074 455857.81612062454 907552.21048545837 2722351.7629470825 6709013.6042633057 4600244.5252456665 81611.313720703125 93337.884643554688 591198.02331542969 57255.515747070312
leaf_count=919 4953 10894 287 698 116 2111 2862 2478 3386 4706 24 105 903 34
internal_value=0.000889735 -0.00285721 0.00275453 -0.0115725 0.00107331 -0.00180142 -0.00416674 0.00370413 0.00393421 0.0013082 -0.00132547 -0.00622802 0.000503471 -0.00424046
internal_weight=2.33735e+07 7.76708e+06 1.56064e+07 839251 5.63314e+06 6.92782e+06 1.36341e+06 9.97326e+06 9.43137e+06 5.45757e+06 857330 175568 775719 184521
internal_count=34476 21518 12958 5651 6175 15867 4973 6783 5864 5954 1248 221 1224 321
cat_boundaries=0 1 2
cat_threshold=102 2
is_linear=0
shrinkage=0.05


Tree=10
num_leaves=15
num_cat=5
split_feature=12 6 12 29 30 10 17 28 11 28 14 29 7 8
split_gain=56717.1 25928.1 8757.21 8578.23 6592.24 6005.58 6331.12 5726.15 4346.45 5125.87 5595.12 4310.61 3397.02 2657.54
threshold=10.500000000000002 14.475127244721319 8.5000000000000018 0 1 -0.18331093563270331 0.057369818065769303 2 0.29247374235359486 3 0.93419468834912467 4 11.730868347547142 0.52769748341270406
decision_type=2 2 2 1 1 2 2 1 2 1 10 1 2 2
left_child=2 3 -1 8 11 6 -6 -5 13 10 -10 -3 -4 -2
right_child=1 4 12 7 5 -7 -8 -9 9 -11 -12 -13 -14 -15
leaf_value=-0.30607202135476519 0.013539859155390558 0.0041003007681449767 -0.31993362622630284 -0.084002526959270837 0.0044766592621645973 0.012618072273397686 -0.037590058753396473 -0.0078393143552073618 -0.081830234273397362 -0.0028684167336838562 -0.0091861027978589489 0.019074387103815652 -0.42857979207786179 -0.0026295520429033591
leaf_weight=531765.73869526386 3490595.6459884644 838602.28601074219 480133.13506031036 696832.49907064438 409642.11596679688 2324641.7799072266 278122.58703613281 3796655.5916652679 60512.892168045044 994393.09557914734 72531.275978088379 7556782.2143554688 425788.91213989258 1310394.1016674042
leaf_count=4326 5411 455 3059 3037 187 1071 109 8083 128 2140 159 2568 838 2994
internal_value=0.000921188 0.00155471 -0.00869814 -0.000248136 0.00320175 0.00119519 -0.0029092 -0.00189581 0.00100073 -0.00179301 -0.0110096 0.00392173 -0.00570839 0.0016568
internal_weight=2.32674e+07 2.18297e+07 1.43769e+06 1.04219e+07 1.14078e+07 3.01241e+06 687765 4.49349e+06 5.92843e+06 1.12744e+06 133044 8.39538e+06 905922 4.80099e+06
internal_count=34565 26342 8223 21952 4390 1367 296 11120 10832 2427 287 3023 3897 8405
cat_boundaries=0 1 2 3 4 5
cat_threshold=21 1 96 144 2
is_linear=0
shrinkage=0.05


Tree=11
num_leaves=15
num_cat=1
split_feature=9 0 9 9 10 5 29 21 18 16 21 7 11 7
split_gain=59100.3 14949.6 12854.4 6228.94 4980.57 4093.35 4052.98 3884.84 3077.98 3898.97 3657.77 2115.35 1830.9 2660.2
threshold=0.61014120234960034 7.8935351240928551 0.35653112994742936 4.2391860663690002 -4.1449263364832349 12.539203920947122 0 9.3758338504850141 0.12867381965737423 15.679141583617698 9.0980263226204752 10.845048505945721 0.4404620972914941 15.413491738038497
decision_type=2 2 2 2 2 2 1 10 8 2 10 2 2 2
left_child=2 4 6 -3 -2 11 7 8 9 -1 -11 -5 -4 -14
right_child=1 3 12 5 -6 -7 -8 -9 -10 10 -12 -13 13 -15
leaf_value=0.020260575300364892 -0.30885136187319961 -0.015280442826236251 0.0043187686241845024 -0.26746702718178511 -0.28483292752850081 -0.2446387004621472 0.0079540896140099394 0.019974143839905509 0.013139996658704939 -0.56975514965390928 -0.001377061098048299 -0.35238070562052798 -0.014030981340528437 0.025284834525050481
leaf_weight=208883.71492767334 110121.47375011444 4130777.1477775574 5591854.4311233759 176445.03070068359 692892.22416400909 212787.46130371094 2033904.8748836517 7346017.6753845215 1433579.0770645142 88667.868782043457 105761.29014587402 512068.00854492188 584773.06672096252 119195.53686523438
leaf_count=722 833 9757 6703 1173 5247 327 2228 3765 1099 137 152 1534 817 38
internal_value=0.000951265 -0.00340681 0.00240334 -0.00239581 -0.0097422 -0.00616185 0.00341822 0.00386552 0.00180892 -0.00204987 -0.00714547 -0.00803508 0.000595216 -0.00180792
internal_weight=2.33477e+07 5.83509e+06 1.75126e+07 5.03208e+06 803014 901301 1.12168e+07 9.18291e+06 1.83689e+06 403313 194429 688513 6.29582e+06 703969
internal_count=34532 18871 15661 12791 6080 3034 8103 5875 2110 1011 289 2707 7558 855
cat_boundaries=0 1
cat_threshold=53
is_linear=0
shrinkage=0.05


Tree=12
num_leaves=15
num_cat=3
split_feature=9 9 9 7 29 28 14 0 18 11 23 11 25 28
split_gain=53505.7 18879.3 9885.3 9122.52 4014.6 3548.33 3101.2 2767.4 1977.98 2386.25 3155.66 2295.7 2270.97 2362.79
threshold=0.49940127148418528 3.9925573291283736 0.31823383458751148 11.682582490663085 0 1 1.2029067376628559 9.2088277266108243 0.99695363127711401 -0.18801757600459273 0.88788377220714665 0.47214055279155431 1.0000000180025095e-35 2
decision_type=2 2 2 2 1 1 8 2 10 2 10 2 2 1
left_child=2 7 4 5 6 -3 -1 -2 12 10 -10 -11 13 -4
right_child=1 3 8 -5 -6 -7 -8 -9 9 11 -12 -13 -14 -15
leaf_value=0.0087014694946369511 -0.13290150472152812 -0.26016595224785899 0.0091560589257602912 -0.39311753520245063 0.0054412101598732762 -0.27865713480500204 0.01956740004313736 -0.0074453248484235195 -1.8202223262280774e-05 0.0068049877285713926 -0.53997122047214874 -0.023823811075752252 0.013369958144435541 -0.0024868323405825028
leaf_weight=1203021.7429504395 519737.0039948225 129527.44855499268 1424368.9418563843 658059.15344238281 1578221.7344341278 657165.00417327881 6917762.7037887573 5765652.7333831787 114975.71395874023 819248.55848693848 107151.9134979248 106281.42739868164 2356588.9320240021 900294.96278381348
leaf_count=1416 5579 896 1800 1216 1714 3409 3467 10372 101 779 114 76 2665 852
internal_value=0.000941362 -0.0024576 0.00263344 -0.00761153 0.00361144 -0.0112453 0.00405989 -0.00127292 0.0010061 -0.000854111 -0.005508 0.000262823 0.00146215 0.000353343
internal_weight=2.32581e+07 7.73014e+06 1.55279e+07 1.44475e+06 9.69901e+06 786692 8.12078e+06 6.28539e+06 5.82891e+06 1.14766e+06 222128 925530 4.68125e+06 2.32466e+06
internal_count=34456 21472 12984 5521 6597 4305 4883 15951 6387 1070 215 855 5317 2652
cat_boundaries=0 1 2 3
cat_threshold=21 224 775
is_linear=0
shrinkage=0.05


Tree=13
num_leaves=15
num_cat=3
split_feature=12 9 12 29 14 9 28 22 29 26 10 6 20 22
split_gain=50960.3 27800.5 7028.49 5997.12 4137.34 3207.49 2500.03 2494.9 2330.64 3410.62 2465.68 2142.77 2095.63 2173.15
threshold=10.500000000000002 0.36026868242151089 8.5000000000000018 0 1.0508514150902728 0.49940127148418528 1 18.504247377479935 2 -0.68301270189221952 -0.21327881188719727 12.604151352569984 0.142451470323991 16.658468846749958
decision_type=2 2 2 1 10 2 1 2 1 2 2 2 8 2
left_child=2 3 -1 4 -2 -3 -4 8 9 -5 -10 -8 -6 -14
right_child=1 5 6 7 12 -7 11 -9 10 -11 -12 -13 13 -15
leaf_value=-0.25898646394091762 0.0053400019027601778 0.0029059620792066098 -0.30203340522825645 -0.016398132543504741 0.017990364106752491 -0.0087280849369406055 -0.30179647689619465 -0.010183898303010841 -0.010192638918233786 0.0047469455439150335 0.012983188108966849 0.044029121987902514 0.022584883357952702 -0.012763809259293858
leaf_weight=535836.75634491444 1018026.6421813965 4217201.7964992523 85193.510924816132 171857.45529174805 7522597.4186019897 6300164.1194543839 650626.97063064575 110975.56338500977 176273.30128479004 509397.62379074097 1465722.6045150757 163468.20904541016 187926.74920654297 89017.351295471191
leaf_count=4305 1366 4738 771 292 3766 13474 2879 168 129 893 1135 253 249 82
internal_value=0.00085517 0.0014568 -0.00827078 0.0031843 0.0037908 -0.000391335 -0.00556979 0.000987308 0.00133716 -0.00112145 0.00235722 -0.00471676 0.0041821 -8.94017e-05
internal_weight=2.32043e+07 2.17692e+07 1.43513e+06 1.12518e+07 8.81757e+06 1.05174e+07 899289 2.43423e+06 2.32325e+06 681255 1.642e+06 814095 7.79954e+06 276944
internal_count=34500 26292 8208 8080 5463 18212 3903 2617 2449 1185 1264 3132 4097 331
cat_boundaries=0 1 2 3
cat_threshold=49 98 2
is_linear=0
shrinkage=0.05


Tree=14
num_leaves=15
num_cat=2
split_feature=9 12 9 16 0 9 28 23 25 10 22 22 14 29
split_gain=51275.9 27538.1 10243.8 3090.54 2819.96 2414.29 4172.92 2147.58 2073.82 3215.16 2336.61 2021.2 2288.14 1786.61
threshold=0.49940127148418528 9.5000000000000018 0.27949460387174296 16.533272588522085 11.866563170988838 1.1537579925396309 0 0.67676828523480714 -0.24999999999999997 -0.40530650397317636 17.376671901868402 17.625123546087476 0.92225932109080733 1
decision_type=2 2 2 2 2 2 1 10 2 2 2 2 10 1
left_child=2 4 3 -1 -2 -3 -7 -8 9 -4 -11 -12 -13 -14
right_child=1 5 8 -5 -6 6 7 -9 -10 10 11 12 13 -15
leaf_value=0.011965520551844196 -0.24584863761564812 -0.0046475100544664163 -0.033471584749251403 0.018988143608959406 -0.31472974439545742 -0.11106317986159731 -0.25104683384444726 -0.12430385535947688 0.0090398011975012637 0.0092512816809053929 -0.0079789897058212666 -0.025291809231142232 0.010254557701252262 -0.0017156878661943491
leaf_weight=3124562.8139247894 674537.29256093502 4515096.4655618668 213029.65301895142 5060701.9800262451 162394.71486663818 1481883.7283287048 167881.17730236053 696231.43384599686 4314955.1833457947 1413146.737909317 179048.07004165649 175152.2611541748 451533.95850372314 675049.58747291565
leaf_count=3382 5262 7543 194 1804 418 4483 664 3100 4599 1735 176 186 393 556
internal_value=0.000963466 -0.00237597 0.0026106 0.00383037 -0.0109384 -0.0013315 -0.00263268 -0.00539418 0.00126537 0.000280407 0.000716802 -0.000671124 1.39731e-05 0.000840535
internal_weight=2.33052e+07 7.69802e+06 1.56072e+07 8.18526e+06 836932 6.86109e+06 2.346e+06 864113 7.42192e+06 3.10696e+06 2.89393e+06 1.48078e+06 1.30174e+06 1.12658e+06
internal_count=34495 21470 13025 5186 5680 15790 8247 3764 7839 3240 3046 1311 1135 949
cat_boundaries=0 1 2
cat_threshold=905 9
is_linear=0
shrinkage=0.05


Tree=15
num_leaves=15
num_cat=1
split_feature=9 12 9 0 21 10 3 8 28 16 11 4 10 21
split_gain=49504.7 26551.6 9650.58 2888.93 2781.82 5650 2863.86 2569.5 3706.28 2436.25 2144.73 2020.48 2014.13 2337.15
threshold=0.49464497022536813 9.5000000000000018 0.2415324954904873 11.822324424398333 8.2221461300403185 -0.40530650397317636 14.421288347762045 1.6349304261932518 0 16.533272588522085 0.59050290328047705 13.432947376706847 -0.08346678586575243 9.2446040057347396
decision_type=2 2 2 2 10 2 2 2 1 2 2 2 2 8
left_child=2 3 9 11 5 -4 10 12 -9 -1 -6 -2 13 -3
right_child=1 7 4 -5 6 -7 -8 8 -10 -11 -12 -13 -14 -15
leaf_value=0.011529028584313218 -0.22641561528534426 -0.027635107868555421 -0.043319456080144522 -0.29202032617014145 0.0053429165293584751 0.0022398051531183323 0.0094690219970508353 -0.18146413597800598 -0.24094809604756212 0.020195792892669297 -0.034831771848377241 -0.39119522012940799 0.00063636060412805085 -0.0034108120139240156
leaf_weight=2141748.4664096832 644428.20676004887 1062132.7696352005 122958.85424041748 173555.93353271484 3232322.7698917389 1104914.3635253906 4540181.3373413086 463177.31427812576 939337.74569416046 4451584.9454803467 99247.262817382812 17989.836212158203 3063133.9834756851 1491763.692258358
leaf_count=2364 5160 1997 118 457 5278 1616 1966 2158 2976 1477 166 28 6118 2711
internal_value=0.00098154 -0.0022587 0.00260353 -0.0106821 0.00154808 -0.00066543 0.00189335 -0.00125554 -0.00316997 0.00406017 0.000780029 -0.0121866 -0.000777524 -0.00181444
internal_weight=2.35485e+07 7.85552e+06 1.5693e+07 835974 9.09962e+06 1.22787e+06 7.87175e+06 7.01955e+06 1.40252e+06 6.59333e+06 3.33157e+06 662418 5.61703e+06 2.5539e+06
internal_count=34590 21605 12985 5645 9144 1734 7410 15960 5134 3841 5444 5188 10826 4708
cat_boundaries=0 1
cat_threshold=102
is_linear=0
shrinkage=0.05


Tree=16
num_leaves=15
num_cat=2
split_feature=9 12 9 5 21 8 28 29 3 11 21 23 4 14
split_gain=46190 25374.6 7469.48 3370.5 2632.49 2273.05 3119.03 2226.41 2122.44 3323.97 3282.88 2330.57 2302.97 2138.4
threshold=0.49940127148418528 9.5000000000000018 0.23722442326870483 12.225366836274842 10.401658970514688 1.7181381290696101 0 1 14.668719113494934 0.27422329231156795 8.1721778583950595 5.0731261683422906 13.880980401753911 0.60980368726387135
decision_type=2 2 2 2 10 2 1 1 2 2 10 10 2 10
left_child=2 3 4 -2 -1 7 -7 -3 9 -4 -10 12 13 -11
right_child=1 5 8 -5 -6 6 -8 -9 10 11 -12 -13 -14 -15
leaf_value=0.0065350778997811778 -0.22616963892553674 0.0083579258059218262 0.0074386172524937887 -0.29932327709886092 0.017977020195356058 -0.19560711400844663 -0.22957513597890938 -0.010083623922673299 -0.0018555200971080361 -0.55779031410085211 0.0094331465075691862 0.0074490903613712014 -0.025297224492574533 -0.00030999241283029082
leaf_weight=1275705.8745727539 729228.20084369183 1158055.2716994286 3973638.6682395935 104124.79019165039 5040747.6207199097 535633.17702817917 827225.18971824646 4386897.7154979706 449305.9921875 53016.58097076416 4073607.8991088867 293199.72085571289 178275.50872802734 308912.08054733276
leaf_count=1329 5461 2054 6214 213 2356 2440 2548 8810 163 105 1640 486 137 643
internal_value=0.000917905 -0.00224114 0.00248086 -0.0104829 0.0038086 -0.00124685 -0.00307633 -0.000797196 0.00158198 0.000850469 0.00235944 -0.00202048 -0.00396843 -0.00167719
internal_weight=2.33876e+07 7.74116e+06 1.56464e+07 833353 6.31645e+06 6.90781e+06 1.36286e+06 5.54495e+06 9.32996e+06 4.80704e+06 4.52291e+06 833404 540204 361929
internal_count=34599 21526 13073 5674 3685 15852 4988 10864 9388 7585 1803 1371 885 748
cat_boundaries=0 1 2
cat_threshold=118 24
is_linear=0
shrinkage=0.05


Tree=17
num_leaves=15
num_cat=2
split_feature=12 9 12 14 9 29 5 11 1 16 9 23 29 16
split_gain=44565.3 22533.6 7106.67 4692.31 4047.83 3060.9 2429.72 2014.76 2002.68 1972.03 2572.15 1953.09 1958.44 1922.96
threshold=10.500000000000002 0.31823383458751148 8.5000000000000018 1.3353693951882131 0.61014120234960034 0 12.126820582821304 0.27422329231156795 14.978919991828326 15.661890594559518 0.18934025675728464 3.5502198050944007 1 18.534756489305497
decision_type=2 2 2 10 2 1 2 2 2 2 2 10 1 2
left_child=2 3 -1 9 13 7 -4 -5 -6 -2 -11 12 -12 -3
right_child=1 4 6 5 8 -7 -8 -9 -10 10 11 -13 -14 -15
leaf_value=-0.20995925786951963 0.012019663124099075 0.003783802813950304 -0.23794147112707109 0.01003216838532415 -0.017548601002914967 0.015605796151453811 -0.32968697549815518 -0.014967577754351775 0.0244241405486307 -0.0084480669190746521 -0.0097550147223821743 0.012643758341606443 0.0018477898994368356 -0.0074336765934854571
leaf_weight=533459.63726198673 1145336.7172546387 7552341.5213499069 625089.24628925323 864041.86489868164 4064449.8806200027 6693340.2346343994 272623.30798339844 114196.22222900391 273823.89929199219 139418.05661773682 124062.44097900391 423562.76838684082 250927.52426147461 124843.5373840332
leaf_count=4297 1331 8929 3381 1158 10646 3231 509 117 140 97 52 288 257 60
internal_value=0.000934225 0.00149608 -0.00761244 0.00328138 4.66612e-05 0.00385284 -0.00489638 0.00124032 -0.00117416 0.00117703 -0.000522863 0.000571171 -0.00205685 0.000736533
internal_weight=2.32015e+07 2.17703e+07 1.43117e+06 9.75489e+06 1.20155e+07 7.67158e+06 897713 978238 4.33827e+06 2.08331e+06 937971 798553 374990 7.67719e+06
internal_count=34493 26306 8187 6531 19775 4506 3890 1275 10786 2025 694 597 309 8989
cat_boundaries=0 1 2
cat_threshold=10 10
is_linear=0
shrinkage=0.05


Tree=18
num_leaves=15
num_cat=3
split_feature=12 9 9 29 14 6 25 10 22 15 29 29 26 21
split_gain=42052.1 25325.4 5077.17 4376.95 3847.65 2590.09 2344.4 2693.92 6173.92 8321.06 2603.19 2336.01 2275.41 2054.26
threshold=9.5000000000000018 0.31823383458751148 0.63261438802544501 0 0.92225932109080733 12.348101972708852 1.0000000180025095e-35 -0.19798148450617689 18.001898704888614 18.165701425233532 1 2 -0.68301270189221952 7.9927916376927541
decision_type=2 2 2 1 10 2 2 2 2 2 1 1 2 8
left_child=5 3 6 4 -2 -1 7 8 -3 -10 -9 -8 -12 -13
right_child=1 2 -4 -5 -6 -7 11 10 9 -11 12 13 -14 -15
leaf_value=-0.20434454032125773 0.0020528797640340288 0.00056618374095739282 -0.019772090697298003 0.0040122105444880844 0.014676010954152977 -0.31833599763523318 -0.003415968526145808 0.0076176078088302322 -0.0080301947806368165 -0.044366680174610998 -0.0077522407854130823 -0.008393541206524701 -0.0019358070374101558 0.013127608423863263
leaf_weight=744280.7726726532 721757.07202148438 725843.0320224762 4667769.8122553825 1660616.7063598633 7359334.6019058228 90569.923645019531 1292714.0788955688 1881700.5011329651 182414.33216094971 129562.05502319336 175657.83839988708 355547.017121315 879975.62743186951 2414530.3605957031
leaf_count=5633 981 908 12656 1799 3750 155 1695 2213 213 88 189 698 1024 2389
internal_value=0.000925861 0.00133566 -0.000134899 0.00325365 0.00373409 -0.0100928 0.000626765 -0.000236508 -0.00242629 -0.00830863 0.000537186 0.00147142 -0.00145011 0.00229044
internal_weight=2.32823e+07 2.24474e+07 1.27057e+07 9.74171e+06 8.08109e+06 834851 8.03794e+06 3.97515e+06 1.03782e+06 311976 2.93733e+06 4.06279e+06 1.05563e+06 2.77008e+06
internal_count=34391 28603 22073 6530 4731 5788 9417 4635 1209 301 3426 4782 1213 3087
cat_boundaries=0 1 2 3
cat_threshold=81 45 6
is_linear=0
shrinkage=0.05


Tree=19
num_leaves=15
num_cat=2
split_feature=12 9 12 29 28 17 0 11 20 6 3 11 2 0
split_gain=44919.3 20224.7 6549.78 5422.22 4656.97 2642.58 2819.67 2563.52 2914.27 3873.56 2504.13 2086.49 1943.97 1914.92
threshold=10.500000000000002 0.38664999634558345 8.5000000000000018 0 1 0.066595107586941413 15.467382582974407 0.50624272296586981 -0.0072048872719389489 13.585881244990302 13.135634182188978 0.097101459332613119 16.842637334131179 13.129347038622393
decision_type=2 2 2 1 1 2 2 2 8 2 2 2 2 2
left_child=2 3 -1 4 -2 6 -5 10 9 -9 -3 -6 -13 -4
right_child=1 7 13 5 11 -7 -8 8 -10 -11 -12 12 -14 -15
leaf_value=-0.19312884778002831 0.014448707520329255 -0.0087058452404273866 -0.24181556795736492 -0.0015295795944199606 0.0078210002917837914 -0.010660288100583542 0.011735614081592063 -0.0084456118116383334 -0.008050020180474354 -0.056335764895296209 0.0036824015067436649 0.0025460197215398258 -0.0059553552572395524 0.12209426106955537
leaf_weight=536763.10298860073 7349855.2429275513 3703251.2512626648 817356.3475728035 1281666.8459911346 1662283.8748168945 265249.1985168457 890287.54174804688 97527.786821365356 937410.83819198608 80043.290832519531 4828603.1816711426 743325.62126922607 152878.11938476562 83052.387329101562
leaf_count=4312 4536 11193 3770 2266 1221 129 304 276 2053 63 3711 664 29 128
internal_value=0.000903589 0.00146325 -0.0076606 0.00280358 0.00332327 0.000690769 0.00126613 -0.000252043 -0.00250672 -0.00837999 4.26085e-05 0.001486 -0.000458617 -0.00505444
internal_weight=2.34296e+07 2.19924e+07 1.43717e+06 1.23455e+07 9.90834e+06 2.4372e+06 2.17195e+06 9.64684e+06 1.11498e+06 177571 8.53185e+06 2.55849e+06 896204 900409
internal_count=34655 26445 8210 9149 6450 2699 2570 17296 2392 339 14904 1914 693 3898
cat_boundaries=0 1 2
cat_threshold=53 841
is_linear=0
shrinkage=0.05


Tree=20
num_leaves=15
num_cat=5
split_feature=9 9 6 29 28 17 28 18 17 29 6 28 17 11
split_gain=40414.8 21397.1 8154.37 4806.29 4012.29 2503.72 2550.85 3038.08 2191.09 1988.76 1900.36 2138.27 1819.26 1714.41
threshold=3.9925573291283736 0.37498423222372806 11.794990730150587 0 1 0.0077494838309168515 2 0.99898163980900689 0.071344068163355465 3 17.129815940530211 4 0.038458530883509361 -0.063208372046369185
decision_type=2 2 2 1 1 2 1 10 2 1 2 1 2 2
left_child=1 3 -2 8 -5 -3 7 -7 12 -8 11 -6 -1 -13
right_child=2 5 -4 4 10 6 9 -9 -10 -11 -12 13 -14 -15
leaf_value=0.0022397054229946747 -0.1917952867200354 -0.011268862309670847 -0.29057698075553873 0.014180337807590128 0.0082050093564197783 0.010714269904454843 -0.064054305692973018 -0.0052655791773091104 -0.006363175842830417 -0.0017806077623214187 -0.0044553418511710831 0.0079135225923230631 0.013536330125090815 -0.0085981733869639008
leaf_weight=1988255.8092212677 880711.28849029541 4505660.437767148 568443.36450195312 6819772.3073348999 1790339.6432876587 2370075.8326187134 275007.71548461914 738731.16493225098 193295.80093383789 2171745.0326919556 164475.13330078125 217794.37158966064 530174.90783691406 274677.7378692627
leaf_count=2614 4501 14046 1017 4008 1219 2522 401 438 95 2740 30 305 207 348
internal_value=0.000859435 0.00139125 -0.00722882 0.00281902 0.0033608 -0.000308649 0.000401669 0.00135215 0.000967541 -0.000806006 0.00162403 0.00199803 0.0013613 -0.000919697
internal_weight=2.34892e+07 2.204e+07 1.44915e+06 1.19788e+07 9.26706e+06 1.00612e+07 5.55556e+06 3.10881e+06 2.71173e+06 2.44675e+06 2.44729e+06 2.28281e+06 2.51843e+06 492472
internal_count=34491 28973 5518 8826 5910 20147 6101 2960 2916 3141 1902 1872 2821 653
cat_boundaries=0 1 2 3 4 5
cat_threshold=78 841 835 2 34
is_linear=0
shrinkage=0.05


Tree=21
num_leaves=15
num_cat=1
split_feature=9 9 5 29 14 9 0 16 20 16 22 14 17 22
split_gain=39898.9 21302.1 6538.6 4789.19 3214.84 2517 2421.78 2117.88 2010.42 3477.94 1732.09 2083.79 3099.76 2470.05
threshold=3.9925573291283736 0.35653112994742936 11.428383504134899 0 1.0508514150902728 0.49940127148418528 13.960884258327606 15.679141583617698 inf 15.703804113298469 18.001898704888614 0.59594160633400883 0.17523538740422129 18.387169605296958
decision_type=2 2 2 1 8 2 2 2 8 2 2 10 2 2
left_child=1 3 -2 4 7 -3 -4 -1 -6 -10 -7 12 -12 -13
right_child=2 5 6 -5 8 10 -8 -9 9 -11 11 13 -14 -15
leaf_value=0.012025577752336293 -0.17576151445410468 0.0030575034462649482 -0.26997060657464628 0.0030451500385151858 0.012846976386206944 -0.0013986256968020981 0.11401669902364849 -0.0077104327142356712 0.018449676714155538 -0.012593129946914637 -0.028713025908242287 -0.020237969270609807 -0.040531959425864898 0.0024674214591631338
leaf_weight=702110.3210144043 756688.56613922119 4342293.0386772156 613141.47546386719 2211479.9735240936 7730015.5459747314 4445469.3945953846 79314.191345214844 484032.1524810791 191377.50885009766 82734.365631103516 86013.214423537254 790445.53493118286 46781.089477539062 937372.65886986256
leaf_count=975 4031 4866 1424 2462 3895 12008 68 467 374 55 290 1326 35 2271
internal_value=0.000984558 0.00151273 -0.00705205 0.00301459 0.00351727 -9.53963e-05 -0.00354115 0.00108802 0.00387727 -0.00033079 -0.000733292 -0.00201417 -0.00804988 -0.00155028
internal_weight=2.34993e+07 2.20501e+07 1.44914e+06 1.14017e+07 9.19027e+06 1.06484e+07 692456 1.18614e+06 8.00413e+06 274112 6.30608e+06 1.86061e+06 132794 1.72782e+06
internal_count=34547 29024 5523 8228 5766 20796 1492 1442 4324 429 15930 3922 325 3597
cat_boundaries=0 1
cat_threshold=113
is_linear=0
shrinkage=0.05


Tree=22
num_leaves=15
num_cat=1
split_feature=12 8 12 6 3 6 10 16 21 28 22 18 24 21
split_gain=40659.5 17119.6 6473.61 5134.85 3996.59 2557.39 1808.89 1799.83 2540.05 1765.1 1522.64 2912.09 1977.06 1761.8
threshold=10.500000000000002 0.23857776118454019 8.5000000000000018 16.09600000920798 13.135634182188978 12.604151352569984 -0.36756611986874516 18.534756489305497 10.86269250270397 0 17.36764517752238 0.99898163980900689 2.9130887548773505 10.657170068442776
decision_type=2 2 2 2 2 2 2 2 10 1 2 10 10 10
left_child=2 3 -1 6 9 -4 -2 8 10 -3 -6 13 -13 -12
right_child=1 4 5 -5 7 -7 -8 -9 -10 -11 11 12 -14 -15
leaf_value=-0.16291619191780679 -0.028866917433618258 -0.032522700068455847 -0.20268710026109252 0.013565502918477846 0.0069017479683624178 0.14237768743307244 0.0079324099454958375 -0.0044990365521639228 0.011954691160259883 -0.0027142916948033639 0.0043991108233455449 -0.00040991384718374853 -0.038328455406986893 -0.0070987666227695749
leaf_weight=517324.67429947853 122637.35901451111 903369.86930990219 722274.6685256958 4189662.3894042969 3059212.592376709 157712.37930297852 4151541.5458145142 182854.06060791016 1503503.4154052734 3902024.5989608765 3062935.385345459 162370.45446777344 167374.03384399414 636727.13464355469
leaf_count=4197 150 3756 3595 911 2305 242 4470 54 960 11101 2152 102 104 464
internal_value=0.000958871 0.00148314 -0.00731214 0.00324813 0.000383131 -0.00470275 0.00202882 0.00101788 0.00112234 -0.00077596 0.000726417 8.79019e-05 -0.0044145 0.000489193
internal_weight=2.34415e+07 2.20442e+07 1.39731e+06 8.46384e+06 1.35804e+07 879987 4.27418e+06 8.77498e+06 8.59212e+06 4.80539e+06 7.08862e+06 4.02941e+06 329744 3.69966e+06
internal_count=34563 26529 8034 5531 20998 3837 4620 6141 6087 14857 5127 2822 206 2616
cat_boundaries=0 1
cat_threshold=224
is_linear=0
shrinkage=0.05


Tree=23
num_leaves=15
num_cat=5
split_feature=12 9 12 6 11 29 29 25 29 5 4 19 28 28
split_gain=38944.5 17766.1 5563.63 3883.11 3508.84 2978.43 2697.65 2496.36 2977.86 2255.44 2244.86 3333.99 2047.13 1936.15
threshold=10.500000000000002 0.28262551853150103 8.5000000000000018 14.475127244721319 0.20100442139833954 0 1 -0.6830127018922193 2 12.102329824434955 14.297722475902729 -0.0075834941803622994 3 4
decision_type=2 2 2 2 2 1 1 2 1 2 2 2 1 1
left_child=2 4 -1 5 6 -3 -2 8 -5 -4 13 -12 -8 -7
right_child=1 3 9 7 -6 10 12 -9 -10 -11 11 -13 -14 -15
leaf_value=-0.15049204707775166 -0.0053324837454178089 0.0031387371789035343 -0.18312496718170901 -0.0027820953685382854 0.0021010297011243065 -0.054128016005781258 -0.0016280930334138485 0.0084243837534943838 0.0020141373182994862 -0.26724720670529195 0.00020397871956709217 -0.022688818562665927 0.012835114446527915 -0.0032403934830809306
leaf_weight=524705.96472835541 246570.27751159668 4533302.3540477753 621858.80783605576 255860.2587890625 1210060.0056304932 628629.38987970352 332083.19593811035 3680348.2507324219 1020434.6773681641 287805.48931884766 196939.22113037109 267482.04769897461 6614471.2038955688 3095010.9531784058
leaf_count=4261 478 8792 3353 84 934 2920 432 1674 489 541 161 219 3352 7054
internal_value=0.000848193 0.0013668 -0.00713535 0.000255153 0.00317624 -0.000379959 0.00359529 0.00137265 -0.000532804 -0.00477033 -0.00134129 -0.00461912 0.00377772 -0.000932471
internal_weight=2.35156e+07 2.20812e+07 1.43437e+06 1.3678e+07 8.40318e+06 8.72136e+06 7.19312e+06 4.95664e+06 1.27629e+06 909664 4.18806e+06 464421 6.94655e+06 3.72364e+06
internal_count=34744 26589 8155 21393 5196 19146 4262 2247 573 3894 10354 380 3784 9974
cat_boundaries=0 1 2 3 4 5
cat_threshold=21 2 16 22 96
is_linear=0
shrinkage=0.05


Tree=24
num_leaves=15
num_cat=3
split_feature=12 9 5 9 1 1 12 14 29 26 25 28 11 28
split_gain=39042.5 16094.3 5284.86 3730.59 3579.81 2593.6 2392 1752.76 2101.14 1815.76 1676.5 1632.53 1623.99 2043.38
threshold=10.500000000000002 0.28262551853150103 11.682860331677636 0.49940127148418528 15.666227172830069 17.423965936235351 8.5000000000000018 0.58162593746153834 0 -0.68301270189221952 -0.24999999999999997 1 0.70939193494982089 2
decision_type=2 2 2 2 2 2 2 10 1 2 2 1 2 1
left_child=2 4 6 5 7 12 11 -2 9 -9 -5 -1 -3 -14
right_child=1 3 -4 10 -6 -7 -8 8 -10 -11 -12 -13 13 -15
leaf_value=-0.043269409592120577 -0.0040883951647163732 0.0049557048795885773 -0.22642383830632706 -0.010385802327914452 0.01261150038514426 -0.004328806887250407 -0.16082534587443778 -0.010201927434972747 0.0088889649357861197 0.0053449809315658202 0.00052570136418165743 -0.14290921461264139 0.0084228477441300013 -0.039748380325718452
leaf_weight=53141.216130256653 362974.90465545654 6900368.1580238342 462657.81019592285 2590797.581849575 4564785.5665283203 104463.0263671875 509859.65694761276 114790.28994750977 2997942.404876709 358817.5111579895 3773737.1244373322 403220.63621079922 93692.680435180664 101405.02810287476
leaf_count=889 507 7438 1028 5592 1046 17 3070 206 2772 656 7940 3177 117 144
internal_value=0.000842522 0.00136353 -0.00716605 0.000298473 0.00308354 0.00107808 -0.00927021 0.0019573 0.00230296 -0.000791882 -0.000583465 -0.0118998 0.00119323 -0.00330541
internal_weight=2.33927e+07 2.19638e+07 1.42888e+06 1.35645e+07 8.39931e+06 7.19993e+06 966222 3.83453e+06 3.47155e+06 473608 6.36453e+06 456362 7.09547e+06 195098
internal_count=34599 26435 8164 21248 5187 7716 7136 4141 3634 862 13532 4066 7699 261
cat_boundaries=0 1 2 3
cat_threshold=42 11 550
is_linear=0
shrinkage=0.05


Tree=25
num_leaves=15
num_cat=1
split_feature=12 9 12 6 21 29 7 21 5 1 22 27 9 15
split_gain=36378.1 14700.6 5226.15 3961.25 2902.52 2445.12 2419.45 2230.04 2056.08 2025.99 1845.56 2887.62 3010.43 3009.98
threshold=10.500000000000002 0.22149683170429854 8.5000000000000018 14.398866120038827 10.424475973262055 0 8.1633192086238804 7.0672765267554487 12.102329824434955 12.916140264311101 17.376671901868402 6.5000000000000009 0.29346633789800242 18.165701425233532
decision_type=2 2 2 2 10 1 2 8 2 2 2 2 2 2
left_child=2 4 6 5 -2 -3 -1 9 -4 -7 -5 -12 -13 -14
right_child=1 3 8 10 -6 7 -8 -9 -10 -11 11 12 13 -15
leaf_value=0.0036171042562307913 0.0046139854474761136 0.0036844078341135983 -0.16240773121491847 0.0087360701101489059 0.01277072471133462 -0.45788457699680479 -0.14310207119807988 -0.0058805634838079469 -0.23400555869925369 -0.56107870046812625 0.0093058070130284821 0.0025244976391223979 0.0021882030565498357 -0.0058677280454086838
leaf_weight=39031.392992258072 1089811.1191291809 5089900.1034626961 624180.35626745224 2960976.0733642578 4692562.9440155029 71282.742858886719 484001.129322052 4024087.2419342995 275898.51556396484 86303.881317138672 2145618.0164794922 623449.78930664062 577351.767578125 784019.25561523438
leaf_count=1575 1007 10242 3359 1489 2019 123 2687 9808 517 90 895 235 258 351
internal_value=0.000807149 0.00130512 -0.00694186 0.000539314 0.00347219 -0.000141055 -0.0109167 -0.00103688 -0.00463211 -0.00687167 0.00142885 0.000745906 -0.000628634 -0.00194639
internal_weight=2.35685e+07 2.21454e+07 1.42311e+06 1.6363e+07 5.78237e+06 9.27157e+06 523033 4.18167e+06 900079 157587 7.09141e+06 4.13044e+06 1.98482e+06 1.36137e+06
internal_count=34655 26517 8138 23491 3026 20263 4262 10021 3876 213 3228 1739 844 609
cat_boundaries=0 1
cat_threshold=53
is_linear=0
shrinkage=0.05


Tree=26
num_leaves=15
num_cat=0
split_feature=12 9 12 7 5 11 21 4 7 7 7 27 4 3
split_gain=36085.5 16070.1 5778.97 4587.56 2622.09 2594.96 3044.35 6803.65 2509.23 2261.19 3182.5 2150.61 3793.53 2254.59
threshold=10.500000000000002 0.31823383458751148 8.5000000000000018 16.109296304012165 12.458492217813129 0.50624272296586981 8.086112581589127 15.937568612521352 8.2964826046586335 15.497417197683715 14.764891916897021 6.5000000000000009 17.458037941908348 14.79341559639948
decision_type=2 2 2 2 2 2 10 2 2 2 2 2 2 2
left_child=2 3 8 -2 -4 6 7 -3 -1 10 -7 -8 13 -13
right_child=1 5 4 -5 -6 9 11 -9 -10 -11 -12 12 -14 -15
leaf_value=0.0019652321061712956 0.006109384383751605 -0.0058637615507197453 -0.16437681289066963 0.010329555706789124 0.17212893240957919 -0.017691143434521685 0.0080985152152330368 -0.041896859940859975 -0.14142118269095191 0.018948816578239779 -0.034607987259634439 -0.0029458344163965076 -0.0052724877993798715 0.0069184264349546236
leaf_weight=43133.979668021202 5345853.3145046234 1238347.1025886536 718975.7644162178 4572905.7888183594 185082.39395141602 1000566.0097999573 4886812.5702376366 70476.12255859375 482339.94823074341 149706.72509765625 129731.544921875 3460945.888168335 66788.35400390625 1184584.5056152344
leaf_count=1636 5589 2877 3614 996 314 2471 7310 22 2625 46 68 6609 12 502
internal_value=0.000808368 0.00130622 -0.0068906 0.00280058 -0.00446692 9.00909e-05 0.000340013 -0.00192214 -0.0110605 -0.0020397 -0.00280451 0.000648452 -0.00011368 5.64208e-05
internal_weight=2.35363e+07 2.21067e+07 1.42953e+06 9.91876e+06 904058 1.2188e+07 1.0908e+07 1.30882e+06 525474 1.28e+06 1.1303e+06 9.59913e+06 4.71232e+06 4.64553e+06
internal_count=34691 26502 8189 6585 3928 19917 17332 2899 4261 2585 2539 14433 7123 7111
is_linear=0
shrinkage=0.05


Tree=27
num_leaves=15
num_cat=4
split_feature=12 9 12 14 8 29 11 7 29 4 28 28 24 3
split_gain=35125.5 14663.8 4592.86 3927.05 2800.95 2863.79 2574.49 2298.31 2271.01 2228.65 2109.85 2017.42 1947.17 2934.22
threshold=10.500000000000002 0.31072499967316097 8.5000000000000018 0.92225932109080733 0.10994347008993212 0 0.51957295101886747 8.436491356748844 1 14.907408996081463 2 3 1.9579585482887751 15.804550983324974
decision_type=2 2 2 10 2 1 2 2 1 2 1 1 8 2
left_child=2 3 7 9 -3 -6 11 -1 12 10 -2 -7 13 -5
right_child=1 4 -4 8 5 6 -8 -9 -10 -11 -12 -13 -14 -15
leaf_value=-0.00032146469851344466 -0.013949232758837913 -0.0058738215574524813 -0.15684876124584612 0.0018609156668823912 0.0037767726210315706 -0.05712788041782816 -0.036550327373601484 -0.12904540970340203 0.0099726306195443998 -0.0045228426270423382 0.0086487581845752261 -0.00038870710150069751 0.0082138979727545379 -0.036337767938512955
leaf_weight=48140.538927674294 93661.384765625 93823.680732727051 895525.30639314651 515515.67039108276 7482364.7597351074 409633.46393013 372160.14005088806 486526.23712921143 7316599.5774993896 129437.41967773438 669401.49813079834 4123165.7255830765 765548.70280075073 87875.203857421875
leaf_count=1698 112 86 3874 748 11669 1112 742 2587 3657 54 937 6547 693 28
internal_value=0.000790938 0.00128326 -0.00680258 0.00275485 0.00015396 0.000219147 -0.000719827 -0.0104696 0.00307939 -0.000403494 0.000625555 -0.000391598 0.00121021 -0.00091384
internal_weight=2.34894e+07 2.20592e+07 1.43019e+06 9.57804e+06 1.24811e+07 1.23873e+07 4.90496e+06 534667 8.68554e+06 892500 763063 4.5328e+06 1.36894e+06 603391
internal_count=34544 26385 8159 6229 20156 20070 8401 4285 5126 1103 1049 7659 1469 776
cat_boundaries=0 1 2 3 4
cat_threshold=57 14 176 44
is_linear=0
shrinkage=0.05


Tree=28
num_leaves=15
num_cat=2
split_feature=12 9 5 9 28 22 11 22 7 27 3 28 6 26
split_gain=32229.3 15431.6 5315.08 3877.33 3265.69 3730.99 3260.11 3081.63 2825.81 2739.79 2716.03 2668.55 2643.51 2625.99
threshold=9.5000000000000018 0.29992799671008102 17.382494435338344 0.61014120234960034 0 19.617331230798943 0.18280861307515647 18.387169605296958 8.436491356748844 6.5000000000000009 16.041732990297305 1 11.096453943815964 -0.24999999999999997
decision_type=2 2 2 2 1 2 2 2 2 2 2 1 2 2
left_child=8 4 3 9 6 7 -2 -6 -1 10 -3 -11 -10 -13
right_child=1 2 -4 -5 5 -7 -8 -9 12 11 -12 13 -14 -15
leaf_value=0.0032899127314572618 0.011801784589404271 0.0046751088934491722 -0.0053458170407747908 -0.015427428114294825 0.0018787726688250144 -0.0038745284838500589 0.0018794164864803491 0.0086217694942970682 -0.10347387775414574 0.0027198621590494611 0.014313135101874331 -0.011061461849265986 -0.17608438401475088 -0.00067813356721068113
leaf_weight=66690.176058769226 5076535.0304279327 3801648.3511095047 62295.6455078125 4972209.7023487091 1356366.0328521729 388735.3623046875 969180.36323928833 1298859.1251831055 431893.33905792236 2855185.2021865845 487618.43017578125 425985.01681900024 339024.60623168945 759449.65333366394
leaf_count=2164 3193 4799 10 13135 1341 108 765 412 2725 3407 122 468 924 847
internal_value=0.000600789 0.000960015 -0.000120991 -5.27539e-05 0.0025494 0.00121375 0.00322188 0.00188355 -0.00902912 0.000606771 0.00148689 -0.000327508 -0.00988329 -0.00232167
internal_weight=2.32917e+07 2.24541e+07 1.33644e+07 1.33021e+07 9.08968e+06 3.04396e+06 6.04572e+06 2.65523e+06 837608 8.32989e+06 4.28927e+06 4.04062e+06 770918 1.18543e+06
internal_count=34420 28607 22788 22778 5819 1861 3958 1753 5813 9643 4921 4722 3649 1315
cat_boundaries=0 1 2
cat_threshold=329 775
is_linear=0
shrinkage=0.05


Tree=29
num_leaves=15
num_cat=4
split_feature=12 0 12 16 11 29 14 4 28 28 21 4 27 28
split_gain=30248.2 9212.94 5240.68 3620.39 3869.27 3528.84 4224.65 4376.93 2480.09 2233.18 2811.64 3441.18 2727.87 2215.7
threshold=10.500000000000002 16.03763924788834 8.5000000000000018 18.472836192843562 0.18280861307515647 0 0.80965718365754724 15.052223841656147 1 2 8.1322792806531705 15.937568612521352 6.5000000000000009 3
decision_type=2 2 2 2 2 1 10 2 1 1 10 2 2 1
left_child=2 5 -1 4 -3 6 7 13 -7 -8 11 -11 -12 -2
right_child=1 3 -4 -5 -6 8 9 -9 -10 10 12 -13 -14 -15
leaf_value=-0.11304393873041785 -0.017016724579373876 0.012191576737194579 -0.13543298160362174 -0.0002670915782064029 -0.00058076330447263621 0.0012801262551258418 0.0092318185345848999 -0.027388039981983678 -0.012915002526644749 -0.012198029201800967 0.0094432769785243176 -0.038680386735628625 9.7928032968690903e-05 0.0031694524026602295
leaf_weight=534942.97831237316 236847.34836006165 3897256.9868164062 879061.32865190506 809267.923828125 604440.47875976562 6400778.1785907745 2979343.8635373116 93684.185791015625 1677520.4891924858 345471.45364761353 1827681.5321378708 50469.338134765625 1688338.3480491638 1309730.1311264038
leaf_count=4279 390 909 3834 142 155 8898 4093 53 4301 1099 1986 17 1920 2430
internal_value=0.000659925 0.00111713 -0.00642803 0.00292988 0.00348338 0.000537512 0.00124668 -0.0010339 -0.000211446 0.0017895 0.001004 -0.00299051 0.00145382 -0.000398209
internal_weight=2.33348e+07 2.19208e+07 1.414e+06 5.31097e+06 4.5017e+06 1.66099e+07 8.53157e+06 1.64026e+06 8.0783e+06 6.8913e+06 3.91196e+06 395941 3.51602e+06 1.54658e+06
internal_count=34506 26393 8113 1206 1064 25187 11988 2873 13199 9115 5022 1116 3906 2820
cat_boundaries=0 1 2 3 4
cat_threshold=49 261 321 144
is_linear=0
shrinkage=0.05


Tree=30
num_leaves=15
num_cat=1
split_feature=9 9 7 1 8 15 18 28 22 3 9 1 23 23
split_gain=32683.2 12399.1 4918.52 3763.46 3119.86 2584.86 2374.41 2722.86 2336.41 2195.3 1985.34 1957.02 1799.37 2688.42
threshold=3.9925573291283736 0.30363858763936519 11.730868347547142 16.036713423938284 0.11522875168704111 18.165701425233532 0.96974843315012171 0 19.617331230798943 13.135634182188978 4.5961321856522028 2.5217528794144459 6.664195412093501 6.9575763188586714
decision_type=2 2 2 2 2 2 10 1 2 2 2 2 8 8
left_child=1 3 10 6 5 -3 7 -1 -5 -6 -2 -4 -11 -14
right_child=2 4 11 8 9 -7 -8 -9 -10 12 -12 -13 13 -15
leaf_value=0.008188572871381512 -0.1122546242190386 -0.0011163508900851229 -0.21374983132790992 0.010512710794954312 -0.0053516985193191131 -0.011419087551806942 -0.0014714507921212816 0.0021111926400188617 0.00412717198635364 0.0039042418166821847 -0.10871518598974322 -0.20156821312388359 -0.02179976639845483 0.0029672152897478985
leaf_weight=2656766.5874557495 288485.4948425293 55668.055639028549 126963.03985595703 3738314.0959472656 4859631.4238142967 60632.156410217285 599736.66746139526 1663970.3686790466 627412.4189453125 6665969.9425964355 549326.55283355713 495743.32153320312 274766.93612670898 844805.33944702148
leaf_count=3101 1793 171 237 839 17180 42 418 1679 111 4832 2675 874 178 581
internal_value=0.00071883 0.00119867 -0.00652471 0.00258867 0.000187201 -0.00796471 0.00164053 0.00204974 0.00365728 0.000262175 -0.00902622 -0.00315908 0.000782665 -0.00107211
internal_weight=2.35082e+07 2.20477e+07 1.46052e+06 9.2862e+06 1.27615e+07 116300 4.92047e+06 4.32074e+06 4.36573e+06 1.26452e+07 837812 622706 7.78554e+06 1.11957e+06
internal_count=34711 29132 5579 6148 22984 213 5198 4780 950 22771 4468 1111 5591 759
cat_boundaries=0 1
cat_threshold=329
is_linear=0
shrinkage=0.05


Tree=31
num_leaves=15
num_cat=1
split_feature=12 9 12 16 7 19 5 16 21 9 17 16 27 29
split_gain=28287.3 10753.7 4906.27 4596.1 3643.26 3470.56 3638.38 2921.55 2900.17 1975.13 1959.68 1951.18 1921.81 2057.11
threshold=10.500000000000002 0.20793076625117812 8.5000000000000018 18.650510177953056 8.9373372992228006 0.071218089062251702 13.106022269218842 18.472836192843562 10.414501320143701 0.13827813384070328 0.00051426831511960003 1.0000000180025095e-35 6.5000000000000009 0
decision_type=2 2 2 2 2 2 2 2 10 2 2 2 2 1
left_child=2 7 4 5 -1 6 -3 8 9 -2 -4 -6 13 -8
right_child=1 3 10 -5 11 -7 12 -9 -10 -11 -12 -13 -14 -15
leaf_value=0.0026089438573231164 -0.0076348725918131055 -0.0050629408007862951 -0.11877695468000689 -0.0032650227122908099 -0.19986936794277643 -0.027844463959045791 0.010094106901987532 -0.0014272218871675089 0.010336633737159652 0.0063493331359013002 -0.12854108553433702 -0.10636566492094762 0.0010039813429612177 0.0031584200115369397
leaf_weight=73954.838540315628 116755.83558654785 4951591.035153389 229544.815117836 207872.48992919922 20398.876564025879 107663.41042327881 3020446.3433837891 481651.13619995117 3794131.5841445923 706646.74348068237 668442.84749794006 445591.39915466309 5633870.7225646973 2927071.7024230957
leaf_count=2045 110 15767 1453 82 82 152 1918 133 1682 668 2421 2197 3900 2038
internal_value=0.000599715 0.00104482 -0.00619414 0.000435955 -0.00996063 0.000528254 0.000586524 0.00305662 0.00344315 0.00075331 -0.00392941 -0.0115968 0.00107152 0.0016984
internal_weight=2.33856e+07 2.19477e+07 1.43793e+06 1.68485e+07 539945 1.66406e+07 1.6533e+07 5.09919e+06 4.61753e+06 823403 897988 465990 1.15814e+07 5.94752e+06
internal_count=34648 26450 8198 23857 4324 23775 23623 2593 2460 778 3874 2279 7856 3956
cat_boundaries=0 1
cat_threshold=49
is_linear=0
shrinkage=0.05


Tree=32
num_leaves=15
num_cat=5
split_feature=12 9 29 12 7 30 9 16 6 28 8 28 30 6
split_gain=30704.8 11900.8 4406.31 4010.65 3386.04 2728.27 2344.87 2255.9 1837.03 1824.39 2409.98 1783.4 1821.62 2002.06
threshold=10.500000000000002 0.19850244440611808 0 8.5000000000000018 8.9373372992228006 1 0.38290691586738707 18.650510177953056 12.269023437694313 2 0.16739021057928191 3 4 15.793578236670717
decision_type=2 2 1 2 2 1 2 2 2 1 2 1 1 2
left_child=3 5 6 4 -1 -2 7 -3 -5 -8 -11 12 13 -4
right_child=1 2 11 8 -6 -7 9 -9 -10 10 -12 -13 -14 -15
leaf_value=0.0019284120162133577 0.0090077356289066778 0.0057776660685210039 0.001266324899747607 -0.11981400187370364 -0.10359276398894535 -0.007624558151010763 0.0065322063204452524 -0.00083985099340489725 -0.18218403649380407 -0.0085106378563673743 -0.0021409093232720869 -0.014562536931009288 -0.4159810002424868 -0.0075906625112784959
leaf_weight=71391.147752523422 4382221.1991004944 5949499.9066505432 4028750.2111005783 654612.04855108261 457609.97736358643 219585.68872070312 3398085.2094078064 201379.91323852539 235128.30972290039 61266.870162963867 2047652.8654875755 1036835.1897945404 336325.4806060791 176510.13012695312
leaf_count=2000 2164 4688 6441 3444 2241 162 5557 55 401 52 4260 2280 579 65
internal_value=0.000636176 0.00109924 0.000496135 -0.00649159 -0.00993929 0.0033582 0.00104914 0.00172012 -0.00444174 0.000299714 -0.000855488 -0.000659549 -0.000232388 5.08063e-05
internal_weight=2.32569e+07 2.18381e+07 1.72363e+07 1.41874e+06 529001 4.60181e+06 1.16579e+07 6.15088e+06 889740 5.507e+06 2.10892e+06 5.57842e+06 4.54159e+06 4.20526e+06
internal_count=34389 26303 23977 8086 4241 2326 14612 4743 3845 9869 4312 9365 7085 6506
cat_boundaries=0 1 2 3 4 5
cat_threshold=57 5 775 321 9
is_linear=0
shrinkage=0.05


Tree=33
num_leaves=15
num_cat=1
split_feature=12 9 12 7 25 28 6 7 9 21 1 23 7 10
split_gain=27601.6 9604.14 4276.21 3255.13 3013.44 3585.47 3496.53 2803.83 2779.51 2651.6 2650.57 2414.14 2826.56 2224.49
threshold=10.500000000000002 0.21296953327358806 8.5000000000000018 9.0425168874445365 -0.24999999999999997 0 14.281392066842658 16.39377301661273 0.44612213447215082 10.597509584741148 17.423965936235351 0.67676828523480714 14.563901574557894 -0.017988149188065346
decision_type=2 2 2 2 2 1 2 2 2 10 2 10 2 2
left_child=2 -2 3 -1 5 10 -6 8 -7 13 11 12 -3 -8
right_child=1 4 -4 -5 6 7 9 -9 -10 -11 -12 -13 -14 -15
leaf_value=-0.0022015317097842969 0.0082218684844900716 -0.029378761963379102 -0.11552898345584883 -0.098542273938387145 0.0010862374015468332 0.0065755075211218032 -0.0021043259381098656 -0.018407581818764417 -0.0049675306878561925 0.011110049376993336 -0.0039741130970164691 -0.0022376529070996243 -0.025961503735568194 0.00933794113503119
leaf_weight=81381.034241080284 5200623.3396110535 127292.2743024826 897385.14597511292 454094.50159454346 5204879.6451125145 2357889.3433818817 1259741.0177001953 137745.32666015625 2553869.9964027405 1930170.7521972656 132634.431640625 1510580.3866047859 69311.474243164062 1424342.9328613281
leaf_count=2126 2712 308 3889 2181 11767 2660 611 31 4869 839 22 1860 33 704
internal_value=0.000637187 0.00107689 -0.00608606 -0.0096221 0.000492844 -0.000308799 0.00105529 0.000379724 0.000577031 0.00205738 -0.00219849 -0.00166952 -0.00688131 0.00104096
internal_weight=2.33419e+07 2.19091e+07 1.43286e+06 535476 1.67085e+07 6.88932e+06 9.81913e+06 5.0495e+06 4.91176e+06 4.61425e+06 1.83982e+06 1.70718e+06 196604 2.68408e+06
internal_count=34612 26416 8196 4307 23704 9783 13921 7560 7529 2154 2223 2201 341 1315
cat_boundaries=0 1
cat_threshold=672
is_linear=0
shrinkage=0.05


Tree=34
num_leaves=15
num_cat=3
split_feature=12 0 16 5 7 29 14 28 6 22 18 11 12 28
split_gain=28134.5 8928.45 5481.07 3188.74 4319.35 3127.6 2776.25 2726.51 3004.22 2335.55 3364.72 2279.57 2091.72 1987.46
threshold=10.500000000000002 16.03763924788834 18.472836192843562 12.153216806222021 9.0425168874445365 0 0.88133211313821269 1 16.195518319119824 18.420839330262382 0.085220218820378321 0.18710667239654463 8.5000000000000018 2
decision_type=2 2 2 2 2 1 10 1 2 2 10 2 2 1
left_child=3 5 11 4 -1 6 9 8 -7 -2 -11 -3 -6 -8
right_child=1 2 -4 -5 12 7 13 -9 -10 10 -12 -13 -14 -15
leaf_value=0.0062058079040422419 0.0019296189490733196 0.0097244052335811616 -0.0012202012134654658 -0.17608145416544063 -0.089033962997157073 0.0024757358548986932 0.0088116600464901561 -0.012617826167886467 -0.043055056343209878 -0.0017694952522792616 -0.032066138872836242 0.0018941679468492305 -0.11831139746556961 0.0035215349791324715
leaf_weight=133735.7701536417 1480165.2186088562 4084936.0662841797 789063.40942382812 300526.74237060547 411731.047996521 6338458.9093532562 1983355.2041950226 1696338.0413584709 95360.29736328125 204791.95951080322 145493.22212219238 622898.41064453125 572612.98164367676 4653212.2859649658
leaf_count=3236 2686 952 139 576 2087 8950 3160 4374 27 313 164 160 2244 5647
internal_value=0.000691308 0.00112957 0.00287611 -0.00613436 -0.00736337 0.000551123 0.0012237 -0.000149322 0.000320839 -0.000500258 -0.00417164 0.00352249 -0.00850886 0.00169919
internal_weight=2.35127e+07 2.20941e+07 5.4969e+06 1.41861e+06 1.11808e+06 1.65972e+07 8.46702e+06 8.13016e+06 6.43382e+06 1.83045e+06 350285 4.70783e+06 984344 6.63657e+06
internal_count=34715 26572 1251 8143 7567 25321 11970 13351 8977 3163 477 1112 4331 8807
cat_boundaries=0 1 2 3
cat_threshold=49 261 259
is_linear=0
shrinkage=0.05


Tree=35
num_leaves=15
num_cat=3
split_feature=9 9 12 7 4 3 11 29 28 17 28 7 9 9
split_gain=26829.1 9188.68 4022.39 3586.76 2879.1 3469.37 2665.82 2133.72 5871.44 2123.84 2017.58 2107.48 2301.44 1952.13
threshold=3.9925573291283736 0.21296953327358806 8.5000000000000018 9.2346131769403357 17.458037941908348 14.38872262148198 0.17826101669115957 0 1 0.049853867182557653 2 14.531911762216939 2.3236056925697293 0.15391910863585098
decision_type=2 2 2 2 2 2 2 1 1 2 1 2 2 2
left_child=1 6 3 -2 5 10 7 -1 9 -9 11 12 -3 -8
right_child=2 4 -4 -5 -6 -7 13 8 -10 -11 -12 -13 -14 -15
leaf_value=0.0087267308220490107 0.0038275739659435651 -0.0016815695082914627 -0.12593064793742212 -0.093389378646781249 -0.0020745078112272383 0.0043869776805665955 -0.0029712873225518541 -0.0015240313619085564 -0.0062807286678040241 0.011691257201761947 0.0018445333439896135 -0.011366657911080727 -0.08692444585990286 0.0046945752189401571
leaf_weight=3343064.4116439819 58333.441455841064 1953928.7212883234 958160.61890411377 429867.20533752441 251616.9892578125 6785683.4859619141 210707.64584350586 274781.36115264893 238681.9540977478 765255.56646728516 7129765.1377522945 127972.20544433594 331589.14625501633 434436.92479705811
leaf_count=1687 824 5019 2731 1980 41 3182 129 350 184 205 15420 79 2371 338
internal_value=0.00058697 0.00102358 -0.00600803 -0.009702 0.000445647 0.000527435 0.00284293 0.0032632 0.00152608 0.00314917 -8.71259e-05 -0.00133667 -0.000987055 -0.000167877
internal_weight=2.32938e+07 2.18475e+07 1.44636e+06 488201 1.65806e+07 1.63289e+07 5.26693e+06 4.62178e+06 1.27872e+06 1.04004e+06 9.54326e+06 2.41349e+06 2.28552e+06 645145
internal_count=34540 29005 5535 2804 26112 26071 2893 2426 739 555 22889 7469 7390 467
cat_boundaries=0 1 2 3
cat_threshold=1 257 240
is_linear=0
shrinkage=0.05


Tree=36
num_leaves=15
num_cat=1
split_feature=12 8 16 11 6 12 7 19 16 4 29 0 10 1
split_gain=26807 7395.03 4636.7 4133.55 3435.3 3305.3 3704.89 2752.51 2679.1 3896.5 2231.2 2020.41 1986.63 2214.06
threshold=10.500000000000002 0.27096312069424594 18.650510177953056 0.17355709227571658 16.09600000920798 8.5000000000000018 9.2746499500069692 0.040781185357162006 18.114578210008297 16.701148858548322 0 13.385912181170903 0.12459154711502181 16.84045422280521
decision_type=2 2 2 2 2 2 2 2 2 2 1 2 2 2
left_child=5 3 8 4 10 6 -1 -6 9 11 -2 -3 13 -5
right_child=1 2 -4 12 7 -7 -8 -9 -10 -11 -12 -13 -14 -15
leaf_value=-0.0015049095887566327 0.0055111686454712375 -0.0042070482395636776 -0.0062999521600557249 -0.0015876242682338103 0.0089773967090539947 -0.10190036620762025 -0.089527641572293509 0.00017102676152470889 0.011493953316052569 -0.031487947008712013 -0.00030546604818840575 0.0029923403692678767 0.0062088028571795351 -0.0053222350309633133
leaf_weight=97602.759559631348 2769713.9739151001 5194339.4650659561 65283.007598876953 1072545.6958408356 3360456.1447753906 903625.66688776016 431299.60887145996 590319.75634765625 795298.17245483398 142367.22729492188 1301967.7406215668 5986918.330871582 614238.68677330017 141907.0537109375
leaf_count=2301 2767 14800 39 1101 734 3874 1985 125 450 34 1590 4253 550 24
internal_value=0.000618935 0.00104981 0.000226191 0.00206848 0.00255748 -0.00600881 -0.0091481 0.00360785 0.00029778 0.000100763 0.00153829 0.000205421 -7.67365e-05 -0.00124876
internal_weight=2.34679e+07 2.20354e+07 1.21842e+07 9.85115e+06 8.02246e+06 1.43253e+06 528902 3.95078e+06 1.21189e+07 1.13236e+07 4.07168e+06 1.11813e+07 1.82869e+06 1.21445e+06
internal_count=34627 26467 19576 6891 5216 8160 4286 859 19537 19087 4357 19053 1675 1125
cat_boundaries=0 1
cat_threshold=37
is_linear=0
shrinkage=0.05


Tree=37
num_leaves=15
num_cat=0
split_feature=12 9 7 4 12 7 18 7 21 10 0 3 14 16
split_gain=23949.6 10766 4471.67 3869.42 2993.93 3532.59 2446.47 2511.89 2316.2 3574.99 7046.8 2264.19 1949.98 2590.82
threshold=10.500000000000002 0.27949460387174296 16.109296304012165 17.458037941908348 8.5000000000000018 9.397414581985613 0.98937513678999711 14.13601093847395 8.086112581589127 -0.19798148450617689 15.554451119783065 14.79341559639948 1.3651085897081752 15.787094078585232
decision_type=2 2 2 2 2 2 10 2 10 2 2 2 10 2
left_child=4 2 6 8 5 -1 -2 -8 9 10 -3 -10 13 -13
right_child=1 3 -4 -5 -6 -7 7 -9 11 -11 -12 12 -14 -15
leaf_value=-0.0027089793042750325 0.0041841644407887109 -0.021764481410571426 0.0078753665059390944 -0.0025176210304938508 -0.091052124707688586 -0.080556027525701179 0.0026364553764667014 -0.010437261343801806 0.00047910304245532131 0.00069253788077984274 -0.039607052476922165 0.0035467522825000219 0.0086175400127116043 -0.0089677339821738495
leaf_weight=110010.10182440281 3720243.8326034546 581247.12036132812 4087374.6103515625 169301.4140625 888873.4367313385 430131.26047515869 143301.20829772949 204388.16540527344 8355264.3526377678 1199673.7860388756 63478.791259765625 677511.08172607422 2338499.0850830078 413801.60986328125
leaf_count=2401 3894 1375 897 28 3844 1933 151 99 15828 2646 18 333 948 164
internal_value=0.000658194 0.00106645 0.0025067 0.000215231 -0.00561383 -0.00854971 0.0013331 -0.0026778 0.000308548 -0.00133907 -0.00434185 0.000566406 0.0016481 -9.7095e-05
internal_weight=2.33831e+07 2.19541e+07 8.15531e+06 1.37988e+07 1.42901e+06 540141 4.06793e+06 347689 1.36295e+07 1.8444e+06 644726 1.17851e+07 3.42981e+06 1.09131e+06
internal_count=34559 26381 5041 21340 8178 4334 4144 250 21312 4039 1393 17273 1445 497
is_linear=0
shrinkage=0.05


Tree=38
num_leaves=15
num_cat=0
split_feature=9 9 0 12 11 7 6 14 6 11 7 27 7 26
split_gain=21535.3 10011.4 4211.17 3806.97 3504.12 3204.22 2419.78 2773.12 1838.02 1714.62 2246.9 1754.84 2773.12 1961.08
threshold=3.9925573291283736 0.27949460387174296 17.419860989426706 8.5000000000000018 0.18710667239654463 9.397414581985613 16.09600000920798 2.3575037049707972 12.604151352569984 0.47214055279155431 15.497417197683715 6.5000000000000009 16.39377301661273 -0.68301270189221952
decision_type=2 2 2 2 2 2 2 10 2 2 2 2 2 2
left_child=1 4 9 5 6 -2 -1 -8 -5 11 -11 -3 13 -13
right_child=3 2 -4 8 -6 -7 7 -9 -10 10 -12 12 -14 -15
leaf_value=0.0042143491685992232 0.0015507428615297288 0.0050513363704137622 -0.0029963411455243738 -0.1048329333298007 -7.6456637751021834e-05 -0.076872489907421571 0.0085508467102362335 0.0039134277070845677 -0.019403237206396647 -0.013389459703465757 0.011888216296794731 -0.0073295879411620808 -0.004403273878614433 0.0023885177617866764
leaf_weight=3256214.2865829468 74003.377643585205 6192107.3289293051 143540.6533203125 686054.48010253906 1318293.0689353943 408405.51734924316 3056671.7189941406 691884.00122070312 263716.92581176758 1336248.3953229189 178486.009765625 962502.53559839725 282279.4912109375 4579351.5003529787
leaf_count=3447 982 10250 23 2362 974 1835 683 143 338 3536 56 1698 62 8119
internal_value=0.000609957 0.000996745 0.000164567 -0.00533091 0.00236399 -0.00894803 0.00280905 0.00367519 -0.0034937 0.00025494 -0.00133034 0.000454776 -0.000168253 7.79829e-05
internal_weight=2.34298e+07 2.19976e+07 1.36745e+07 1.43218e+06 8.32306e+06 482409 7.00477e+06 3.74856e+06 949771 1.3531e+07 1.51473e+06 1.20162e+07 5.82413e+06 5.54185e+06
internal_count=34508 28991 23744 5517 5247 2817 4273 826 2700 23721 3592 20129 9879 9817
is_linear=0
shrinkage=0.05


Tree=39
num_leaves=15
num_cat=1
split_feature=9 9 6 6 8 10 9 9 11 14 23 29 24 24
split_gain=24038 9898.36 4083.29 3218.18 2919.87 3690.09 2903.76 2158.24 2074.14 1761.84 1673.38 1472.27 1370.04 2991.57
threshold=4.052479745709932 0.27569399517207915 16.09600000920798 12.578674411879526 0.10994347008993212 -0.062788496814352543 4.976880301114841 0.49940127148418528 0.17826101669115957 2.3575037049707972 8.6124410049195621 0 2.4443359843414556 2.1087010900403804
decision_type=2 2 2 2 2 2 2 2 2 10 10 1 8 10
left_child=1 2 10 6 5 -3 -2 -6 9 -4 12 -9 13 -1
right_child=3 4 8 -5 7 -7 -8 11 -10 -11 -12 -13 -14 -15
leaf_value=0.0024032960116129151 -0.079184205541169103 -0.013045175418565341 0.0080035205157340927 -0.18470925250599754 0.0022002165893040171 -0.0012940096882613286 -0.081803091337948719 0.0060478473574458787 -0.000253934768755697 0.004802486535621096 -0.016680671648680132 -0.0063917698014655869 0.006447939527066896 -0.024524286467953408
leaf_weight=1950803.6761932373 536860.44135284424 62462.48394882679 3002637.5378417969 268470.03817749023 7513134.1696720123 78565.292102813721 612404.717628479 1235859.9574449062 443183.25341796875 722992.0439453125 98230.112098693848 5075839.1624876261 1718166.3827857971 187710.69918823242
leaf_count=1964 2701 144 666 361 7874 77 2348 3121 91 151 105 12815 1897 202
internal_value=0.000559118 0.00096418 0.00235194 -0.0057521 0.000156942 -0.00700112 -0.00690347 0.000229962 0.00344378 0.00382844 0.00120104 -0.000451635 0.00136518 0.000520477
internal_weight=2.35073e+07 2.20896e+07 8.12372e+06 1.41774e+06 1.39659e+07 141028 1.14927e+06 1.38248e+07 4.16881e+06 3.72563e+06 3.95491e+06 6.3117e+06 3.85668e+06 2.13851e+06
internal_count=34517 29107 5076 5410 24031 221 5049 23810 908 817 4168 15936 4063 2166
cat_boundaries=0 1
cat_threshold=24
is_linear=0
shrinkage=0.05


Tree=40
num_leaves=15
num_cat=1
split_feature=12 9 11 0 7 12 9 19 28 2 9 17 11 1
split_gain=18874 8276.46 4497.21 3743.71 3108.96 3684.45 2469.29 1982.2 1866.72 2617.31 2137.28 1669.6 1749.05 2477.79
threshold=10.500000000000002 0.27949460387174296 0.16869539470513309 16.03763924788834 9.5935278112197704 8.5000000000000018 0.15391910863585098 0.03267160604033946 0 17.165595607188539 2.0881704302923918 0.0074394519359799009 0.70939193494982089 13.326532452957961
decision_type=2 2 2 2 2 2 2 2 1 2 2 2 2 2
left_child=4 2 3 -2 -1 -6 -4 -5 11 10 -10 12 -3 -14
right_child=1 8 6 7 5 -7 -8 -9 9 -11 -12 -13 13 -15
leaf_value=0.0034253434112096327 0.0035738772087860098 0.00075134676336176048 -0.0029990092251096258 0.0081792537724651986 -0.068049278444900718 -0.095394213209308909 0.0016673342035764694 0.0018345756757682016 -0.00014440780253107489 -0.0045003972508506317 -0.11423894622599969 0.0035666197355527333 -0.0051360586980039114 -0.073813730299855496
leaf_weight=208113.52000403404 3148091.007938385 3943918.4911975861 217065.59027099609 2985598.2783203125 397227.82925415039 802857.48782348633 1171843.9897232056 666593.720703125 4576027.9776592255 107180.82958984375 539789.25820732117 4353525.6421279907 104362.46257019043 69186.670074462891
leaf_count=3942 3186 7636 132 653 1710 2446 930 145 7211 20 2128 3920 330 70
internal_value=0.000580743 0.000941804 0.00219923 0.00272876 -0.00503009 -0.00600843 -0.000393444 0.00381795 0.000189848 -0.000553602 -0.000391594 0.00064824 -7.3555e-05 -0.00498612
internal_weight=2.32914e+07 2.18832e+07 8.18919e+06 6.80028e+06 1.4082e+06 1.20009e+06 1.38891e+06 3.65219e+06 1.3694e+07 5.223e+06 5.11582e+06 8.47099e+06 4.11747e+06 173549
internal_count=34459 26361 5046 3984 8098 4156 1062 798 21315 9359 9339 11956 8036 400
cat_boundaries=0 1
cat_threshold=771
is_linear=0
shrinkage=0.05


Tree=41
num_leaves=15
num_cat=2
split_feature=9 9 6 11 8 25 14 7 20 28 7 15 14 28
split_gain=19455 10283.5 4289.79 2649.95 2825.28 2274.85 2899.87 5936.85 2322.12 2456.16 2249.75 2181.86 2164.99 2214.8
threshold=4.3957790800803229 0.21296953327358806 12.450917102854746 0.18710667239654463 0.12898077988898074 -0.24999999999999997 2.4073537941007941 16.610313958149195 0.05203257581059121 0 9.6308223982782888 17.960157183053635 0.85695025179346362 1
decision_type=2 2 2 2 2 2 10 2 8 1 2 2 10 1
left_child=1 3 10 -1 -5 6 -3 11 12 -10 -2 -8 13 -7
right_child=2 5 -4 4 -6 8 7 -9 9 -11 -12 -13 -14 -15
leaf_value=0.006656162372398325 0.0047463037793699023 -0.00013952968741316678 0.044737095626970459 -0.003844971765499874 0.0045220530340130093 -0.042749588164891911 0.0067740813773306948 -0.0064475922877566625 -0.016188989088065871 0.001960932171005529 -0.08229202314861582 -0.011171146709303094 0.0075365764609835045 1.3474172751640357e-05
leaf_weight=4710915.9757804871 66118.202327728271 6024075.5556156635 248948.32901000977 217843.53429412842 384478.3487701416 108484.5777400732 395708.86415672302 138028.7939453125 647053.21692538261 3912785.3037528992 901171.1056060791 300239.26869344711 4895718.5449242592 310128.06051254272
leaf_count=2427 707 8101 374 133 303 185 2326 28 2216 6235 3279 767 6789 550
internal_value=0.000515677 0.000855314 -0.00564056 0.00277167 -0.00035115 0.000246783 -0.000452768 -0.00321606 0.000732653 -9.51213e-05 -0.00714701 -0.00133732 0.0014429 -0.00200834
internal_weight=2.32617e+07 2.20455e+07 1.21624e+06 5.31324e+06 602322 1.67322e+07 6.85805e+06 833977 9.87417e+06 4.55984e+06 967289 695948 5.31433e+06 418613
internal_count=34420 30060 4360 2863 436 27197 11222 3121 15975 8451 3986 3093 7524 735
cat_boundaries=0 1 2
cat_threshold=104 400
is_linear=0
shrinkage=0.05


Tree=42
num_leaves=15
num_cat=0
split_feature=12 9 7 12 8 0 18 10 16 15 17 1 1 15
split_gain=19061.4 7213.24 3176.61 4733.72 3033.73 3227.48 2078.02 2584.83 2331.79 1854.98 1796.57 1790.05 1763.12 1757.25
threshold=10.500000000000002 0.14967138442708725 9.7612266781472048 8.5000000000000018 0.064852118826147817 13.237444756635101 0.99898163980900689 -0.10203056927905059 15.048729992448905 14.636145638210072 0.39211591187223777 12.018455430230221 16.036713423938284 19.211355620242706
decision_type=2 2 2 2 2 2 10 2 2 2 2 2 2 2
left_child=2 10 -1 -4 -3 9 13 8 -8 -6 12 -5 -2 -7
right_child=1 4 3 11 5 6 7 -9 -10 -11 -12 -13 -14 -15
leaf_value=0.0010526938709526255 0.003521540039197794 -0.0080481355164825612 -0.069634193198053168 -0.085416331430897968 0.010975411334897725 0.0023201860799663483 -0.0026954298794084654 0.0020233554062800327 -0.012708655073193657 -0.0056020012240982969 -0.00032737868175750887 -0.059961304310095977 0.0088833093612631 0.0064744252270334552
leaf_weight=233579.05923354626 559138.05869293213 106216.22876739502 391575.9019317627 524878.44036865234 635322.20016670227 7914075.8336486816 522034.68292236328 1410731.4838256836 214479.22998046875 5209693.1974458694 318617.47375488281 273157.65063476562 1582785.5690917969 3471222.5198974609
leaf_count=4117 559 59 1637 1806 3313 4584 408 1051 77 13904 86 570 311 2061
internal_value=0.000570643 0.000934317 -0.00503688 -0.00608361 0.000612171 0.000658363 0.00108245 -0.000344264 -0.00274518 -0.000323495 0.00348523 -0.00387426 0.00400631 0.00135153
internal_weight=2.33675e+07 2.19443e+07 1.42319e+06 1.18961e+06 1.94838e+07 1.93776e+07 1.35325e+07 2.14725e+06 736514 5.84502e+06 2.46054e+06 798036 2.14192e+06 1.13853e+07
internal_count=34543 26413 8130 4013 25457 25398 8181 1536 485 17217 956 2376 870 6645
is_linear=0
shrinkage=0.05


Tree=43
num_leaves=15
num_cat=2
split_feature=12 29 28 4 16 21 10 7 12 18 18 17 14 20
split_gain=17812.7 6215.56 5000.49 3425.89 3285.37 3414.12 4265.69 3071.92 3857.61 3030.09 2712.63 2698.18 3234.47 4335.06
threshold=10.500000000000002 0 1 16.701148858548322 18.534756489305497 9.4582235351437216 0.18685577207270218 9.7612266781472048 8.5000000000000018 0.99991832796946301 0.26788879700688789 0.029644111595316252 2.1163166400099445 -0.0031007088973616496
decision_type=2 1 1 2 2 10 2 2 2 10 10 2 10 8
left_child=7 2 9 -3 5 6 11 -1 -9 10 -2 -4 13 -13
right_child=1 3 4 -5 -6 -7 -8 8 -10 -11 -12 12 -14 -15
leaf_value=0.00058268649126361324 0.0046828453752397114 -0.00026379286585506961 0.0012084874260810694 -0.034125201376382856 -0.0047356494090496359 0.0035304322708483086 0.012571407384940576 -0.065744713990768935 -0.083804600880192037 -0.17076583136583515 0.007336058749161197 -0.031055809465763019 0.01382363367229026 -0.013152756301897614
leaf_weight=235258.44122946262 3365255.9649848938 9041961.6011843681 436270.35660934448 110171.50756835938 218352.18017578125 3341665.6594734192 430628.28278923035 389397.91361999512 794739.81451416016 171470.29266357422 4115283.816116333 134085.7227935791 192978.20141601562 413593.79446411133
leaf_count=4142 4800 14298 980 31 128 2974 572 1622 2368 346 1750 120 54 320
internal_value=0.000492453 0.000843148 0.00155371 -0.000152153 0.000352041 0.000616848 -0.00127654 -0.00493617 -0.00597297 0.00236522 0.00251586 -0.0028345 -0.00467189 -0.00663323
internal_weight=2.33911e+07 2.19717e+07 1.28196e+07 9.15213e+06 5.16757e+06 4.94922e+06 1.60756e+06 1.4194e+06 1.18414e+06 7.65201e+06 7.48054e+06 1.17693e+06 740658 547680
internal_count=34505 26373 12044 14329 5148 5020 2046 8132 3990 6896 6550 1474 494 440
cat_boundaries=0 1 2
cat_threshold=17 779
is_linear=0
shrinkage=0.05


Tree=44
num_leaves=15
num_cat=2
split_feature=9 0 9 0 9 25 18 29 15 24 28 18 15 21
split_gain=17166.2 9854.12 3390.35 3164.43 3287.45 2681.31 5687.47 1855.16 2362.43 2029.62 1824.73 2851.26 2291.21 2129.83
threshold=3.9925573291283736 16.152874941917947 0.21296953327358806 13.129347038622393 5.224919936141907 0.25000000000000011 0.4517827516017775 0 19.211355620242706 29.675544147785903 1 0.99898163980900689 19.416922399778489 10.200325611990445
decision_type=2 2 2 2 2 2 10 1 2 8 1 10 2 10
left_child=1 7 -3 4 -2 6 -4 10 -9 -10 11 12 -1 -12
right_child=3 2 5 -5 -6 -7 -8 8 9 -11 13 -13 -14 -15
leaf_value=0.0069494786198975025 -0.05561552218483741 0.0064286316607630794 -0.0024568546928282094 0.11837733184331273 -0.069715313731573303 0.010068050508991917 0.0092127342017849449 -0.0073738191762378882 0.005021284599658611 -0.049042879255663543 -0.0051404907770850397 -0.0042141565321982006 -0.007948600319546582 0.0016411497177591949
leaf_weight=3686533.0400180817 760496.42696380615 3063764.4206542969 530559.79638671875 173636.50317382812 506980.77096557617 849009.96118164062 556379.73876953125 3008575.584654808 2534468.0614929199 179418.9794921875 2130988.3957238197 805805.89779663086 190539.86267089844 4455955.7348134518
leaf_count=5840 3484 640 114 216 1806 201 149 7446 2958 211 5005 939 151 5495
internal_value=0.000512688 0.000859112 0.0028103 -0.0047739 -0.0056411 0.00117235 -0.000472209 0.000285005 -0.000448159 0.000621493 0.000657282 0.00141185 0.00197431 0.000120836
internal_weight=2.34331e+07 2.1992e+07 4.99971e+06 1.44111e+06 1.26748e+06 1.93595e+06 1.08694e+06 1.69923e+07 5.72246e+06 2.71389e+06 1.12698e+07 4.68288e+06 3.87707e+06 6.58694e+06
internal_count=34655 29149 1104 5506 5290 464 263 28045 10615 3169 17430 6930 5991 10500
cat_boundaries=0 1 2
cat_threshold=57 259
is_linear=0
shrinkage=0.05


Tree=45
num_leaves=15
num_cat=0
split_feature=9 9 16 19 6 5 7 12 6 22 24 5 24 25
split_gain=15183.6 6859.11 4103.01 4132.63 3803.53 3329.27 2839.54 4125.99 2069.41 2001.01 1877.57 1863.96 1862.11 3684.56
threshold=3.9925573291283736 0.2415324954904873 18.650510177953056 0.071218089062251702 16.09600000920798 15.80993700773832 10.017247535502035 8.5000000000000018 14.398866120038827 19.607205262989968 0.99073465505241309 12.668259907129586 1.4321253711642201 0.25000000000000011
decision_type=2 2 2 2 2 2 2 2 2 2 8 2 8 2
left_child=1 4 3 8 5 -1 -2 -8 -3 -6 -10 -9 13 -12
right_child=6 2 -4 -5 9 -7 7 11 10 -11 12 -13 -14 -15
leaf_value=0.0029944446062099305 0.0047781420526638117 -0.00076883781456221051 -0.0030309244892422582 -0.023037984008832647 0.0061019234596541919 -0.0063229727810742119 -0.058988604911259672 -0.082237499215938842 0.0051654645283343795 0.0019833934626997097 -0.0097236048452175507 0.021806746644082994 0.0029461751665230272 0.0049647437117091471
leaf_weight=2631542.505979538 149801.03332901001 8921309.5911377668 202229.51550292969 108962.63967895508 2967531.8510742188 217472.3818359375 363134.27735900879 695579.34771728516 1349838.3602294922 727949.45068359375 301726.90734863281 241031.451171875 4219306.4697265625 234119.05798339844
leaf_count=2973 1596 22094 77 170 676 72 1450 2157 643 117 141 310 1955 104
internal_value=0.000423706 0.000751996 0.000173738 0.000268268 0.00210718 0.000734365 -0.00453208 -0.00528337 0.000338624 0.00316555 0.00104794 -0.00352925 0.000580759 -0.0021957
internal_weight=2.33315e+07 2.1882e+07 1.53375e+07 1.51353e+07 6.5445e+06 2.84901e+06 1.44955e+06 1.29975e+06 1.50263e+07 3.69548e+06 6.10499e+06 936611 4.75515e+06 535846
internal_count=34535 29022 25184 25107 3838 3045 5513 3917 24937 793 2843 2467 2200 245
is_linear=0
shrinkage=0.05


Tree=46
num_leaves=15
num_cat=2
split_feature=9 0 16 4 9 5 29 16 6 28 20 5 9 23
split_gain=15747.9 6927.79 5658.17 3666.03 2640.21 3657.78 2415.31 3740.67 1708.87 1455.1 1763.16 2514.74 1757.51 1481.32
threshold=3.9925573291283736 16.395876229078294 18.435443290659602 16.860170040119087 5.2946216232492738 12.643018981898761 0 16.369913229133029 14.475127244721319 1 0.024583626075367352 16.440364546327579 2.0881704302923918 6.07994861155814
decision_type=2 2 2 2 2 2 1 2 2 1 8 2 2 10
left_child=1 3 -3 6 -2 -6 7 8 -1 10 -8 13 -11 -12
right_child=4 2 -4 -5 5 -7 9 -9 -10 12 11 -13 -14 -15
leaf_value=-0.0064090420715567616 -0.04623757599458847 0.0065056199506413259 -0.0011961086455896492 -0.04449148537550502 -0.06565532013499914 0.14380045351376106 0.0052277677284899605 -0.011044291581057656 0.0042469314815917055 0.0011811677041080517 0.0010824982147955122 -0.0059829243656882754 -0.10761843873734232 0.01272438445612973
leaf_weight=3068870.8035018444 911854.37773895264 3222781.7114257812 961189.67822265625 63381.10205078125 449406.76403045654 102594.75924682617 2306738.0370159149 81100.711944580078 1075233.1135253906 5805249.4235191345 3992813.6923732758 69917.9931640625 272072.06039428711 1000876.5828533173
leaf_count=7911 3801 690 171 16 1616 145 3014 86 547 7198 5613 19 1904 1794
internal_value=0.000562367 0.000897678 0.00272781 0.000465952 -0.00445868 -0.00718786 0.000509001 -0.000533803 -0.000325682 0.000836645 0.00130893 0.000786969 0.000263874 0.000918816
internal_weight=2.33841e+07 2.19202e+07 4.18397e+06 1.77363e+07 1.46386e+06 552002 1.76729e+07 4.2252e+06 4.1441e+06 1.34477e+07 7.37035e+06 5.06361e+06 6.07732e+06 4.99369e+06
internal_count=34525 28963 861 28102 5562 1761 28086 8544 8458 19542 10440 7426 9102 7407
cat_boundaries=0 1 2
cat_threshold=66 267
is_linear=0
shrinkage=0.05


Tree=47
num_leaves=15
num_cat=3
split_feature=9 1 14 7 12 28 11 28 19 16 28 18 17 21
split_gain=12353.4 5692.7 5434.24 3148.33 3939.52 2870.35 1871.96 2334.88 3198.37 3100.5 1835.6 2844.07 2926.05 1840.43
threshold=3.9925573291283736 16.150297738002418 2.4073537941007941 9.9143388476517913 8.5000000000000018 0 0.3330559304640755 1 0.024878563584934604 16.175282617074242 2 0.99898163980900689 0.035368886550791706 8.0643671857026558
decision_type=2 2 10 2 2 1 2 1 2 2 1 10 2 10
left_child=1 6 5 -2 -5 -3 10 8 -8 -10 11 -1 -13 -12
right_child=3 2 -4 4 -6 -7 7 -9 9 -11 13 12 -14 -15
leaf_value=0.0048844319431412056 0.0092556838552667227 -0.00036892078845432403 -0.0019834115821987103 -0.053173160109006148 -0.068057124577007355 0.0054647356233450206 -0.016525973178688407 -0.0008859914110371991 -0.039060498206530209 -0.043893410455244232 -0.015154888225827412 -0.00070526103088976253 -0.070226289881340484 0.00037117147964672945
leaf_weight=6677102.4772962332 139242.30878448486 726429.6435546875 553388.83374023438 375734.16806030273 936251.98545837402 3846514.0244140625 315389.74773859978 2269246.8373432159 41458.979792118073 39114.361709594727 422755.37748396397 2315417.6565563679 76975.776245117188 4825566.1136572361
leaf_count=10336 1536 169 115 1521 2501 838 818 4488 182 42 1435 3219 47 7406
internal_value=0.000581068 0.000874394 0.0023347 -0.00388772 -0.00464641 0.00290101 0.000433598 -0.000783101 -0.00432588 -0.0132167 0.000660083 0.00109075 -0.000388449 -8.4139e-05
internal_weight=2.35606e+07 2.21094e+07 5.12633e+06 1.45123e+06 1.31199e+06 4.57294e+06 1.6983e+07 2.66521e+06 395963 80573.3 1.43178e+07 9.0695e+06 2.39239e+06 5.24832e+06
internal_count=34653 29095 1122 5558 4022 1007 27973 5530 1042 224 22443 13602 3266 8841
cat_boundaries=0 1 2 3
cat_threshold=32 208 323
is_linear=0
shrinkage=0.05


Tree=48
num_leaves=15
num_cat=1
split_feature=9 9 9 5 25 28 26 0 16 23 7 26 22 1
split_gain=12277.5 6344.05 4318.74 3296.39 3136.93 3690.32 4004.82 4158.37 3593.8 3019.62 1848.79 1844.81 1904.83 1546.68
threshold=2.0881704302923918 0.14407582608325048 5.224919936141907 12.643018981898761 -0.24999999999999997 0 -0.24999999999999997 16.84045422280521 16.533272588522085 0.39789849906303959 10.392436583241816 0.25000000000000017 19.623793835603895 16.150297738002418
decision_type=2 2 2 2 2 1 2 2 2 10 2 2 2 2
left_child=1 13 -2 10 5 6 7 9 -6 -3 -4 -10 -13 -1
right_child=2 4 3 -5 8 -7 -8 -9 11 -11 -12 12 -14 -15
leaf_value=0.0036581843418690288 -0.042038556727346438 -0.020864444235155849 0.0020646248541170338 0.1551307493367125 0.0018541421047637953 0.0022561922565272254 -0.00016733738298179584 -0.0040321100026299147 0.0080132162526812788 -0.0046475255381670981 -0.062502780428522364 0.0052376736842875728 -0.0051201278706207651 0.0063553182622353909
leaf_weight=506023.97658538818 2132351.9067983627 107728.07079935074 47464.69556427002 108769.47061157227 7419435.8986655474 5264655.8221936226 1420092.9854048491 181579.43359375 1966136.6573410034 725642.10978007317 422325.85220336914 1141358.3397216797 286487.79190063477 1574035.7138671875
leaf_count=640 10154 146 300 153 10692 6485 1507 35 1098 848 1440 648 166 312
internal_value=0.000528522 0.000944916 -0.00263457 -0.00646587 0.000650752 -0.000120555 -0.00173007 -0.00412861 0.00119996 -0.0026347 -0.00828187 0.00254767 0.00117976 0.00356306
internal_weight=2.33041e+07 2.05932e+07 2.71091e+06 578560 1.85131e+07 7.6997e+06 2.43504e+06 1.01495e+06 1.08134e+07 833370 469791 3.39398e+06 1.42785e+06 2.08006e+06
internal_count=34624 22577 12047 1893 21625 9021 2536 1029 12604 994 1740 1912 814 952
cat_boundaries=0 1
cat_threshold=680
is_linear=0
shrinkage=0.05


Tree=49
num_leaves=15
num_cat=2
split_feature=12 1 16 7 12 9 11 29 8 29 4 20 4 15
split_gain=11691.1 8117.22 3921.83 3564.85 3347.11 2391.41 2336.96 2241.93 2117.74 2088.85 2069.75 1852.77 2814.77 1807.59
threshold=10.500000000000002 16.150297738002418 18.534756489305497 10.423632847887243 8.5000000000000018 0.13827813384070328 0.50624272296586981 0 0.1520367391642001 1 12.613606707486385 0.0235257527394933 15.811075110773315 19.416922399778489
decision_type=2 2 2 2 2 2 2 1 2 1 2 8 2 2
left_child=3 6 5 -1 -5 -3 9 -8 -7 13 -9 -11 -13 -2
right_child=1 2 -4 4 -6 8 7 10 -10 11 -12 12 -14 -15
leaf_value=0.0019063004706361875 -0.00032018948734809913 0.0071543269252141344 -0.0014818556711786346 -0.054098645188350759 -0.067444007022925342 0.0020656221002554715 -0.0028798783952568761 0.00032292541178398013 0.0060658892217522369 0.0041811747529228154 -0.07439075379877319 0.0015795061298801958 -0.014744584631133709 -0.020239997030525335
leaf_weight=347997.86105620861 5411801.6735200882 1264018.0732421875 574120.537109375 315449.75465393066 752920.01010131836 978897.587890625 1191136.0050821304 64811.361114501953 2196870.6083984375 5153105.7902603149 128163.46166992188 4549218.4773130417 230849.22607421875 216475.75875854492
leaf_count=4861 9445 255 98 1155 2087 215 2513 191 531 5859 110 6965 82 206
internal_value=0.000606543 0.000890525 0.00265779 -0.00379634 -0.00522797 0.00316065 0.00036762 -0.00160121 0.00242856 0.000542737 -0.00660055 0.000978792 0.00026978 -0.000226846
internal_weight=2.33758e+07 2.19595e+07 5.01391e+06 1.41637e+06 1.06837e+06 4.43979e+06 1.69456e+07 1.38411e+06 3.17577e+06 1.55615e+07 192975 9.93317e+06 4.78007e+06 5.62828e+06
internal_count=34573 26470 1099 8103 3242 1001 25371 2814 746 22557 301 12906 7047 9651
cat_boundaries=0 1 2
cat_threshold=43 10
is_linear=0
shrinkage=0.05


Tree=50
num_leaves=15
num_cat=2
split_feature=9 0 11 7 12 28 29 3 17 15 9 17 22 25
split_gain=11054.7 7317.76 4227.93 3529.01 3811.74 2117.54 2104.49 2267.44 1924.06 1923.63 2441.35 2276.74 2150.04 1882.82
threshold=3.9925573291283736 16.152874941917947 0.10440284066056275 10.507939550633195 8.5000000000000018 0 1 16.536937448267057 0.22619975375775667 19.416922399778489 0.35285099206208809 0.0074394519359799009 19.125980550043845 0.25000000000000011
decision_type=2 2 2 2 2 1 1 2 2 2 2 2 2 2
left_child=1 5 13 -2 -5 6 -1 9 -4 11 -11 12 -8 -3
right_child=3 2 8 4 -6 -7 7 -9 -10 10 -12 -13 -14 -15
leaf_value=0.0052321648674568139 0.0027705685923934205 0.0028720152351605975 0.0033241312299527345 -0.05103398870958431 -0.070575806518895681 -0.00067791597486981374 -0.00053450864615089174 -0.038955295693336001 -0.0024701723910673474 -0.029967448563006361 -0.005872062579242378 0.004936569617813618 -0.07015019950382767 0.0088777860441505967
leaf_weight=2601196.7434558868 251989.04391860962 2250340.0249023438 820773.28369140625 298343.69903564453 896650.06303405762 8018438.0452846289 3034889.2386815548 68865.619384765625 454281.9755859375 96483.18017578125 292398.62215423584 2620106.5986633301 64014.35563659668 1467743.1484375
leaf_count=4004 2196 502 199 1074 2280 14244 6379 19 83 64 345 2540 204 321
internal_value=0.000518931 0.000799969 0.00248054 -0.00371312 -0.00484701 0.000300379 0.000836948 0.000334543 -3.98002e-06 0.000436265 -0.00296654 0.000667649 -0.000249673 0.00333256
internal_weight=2.32365e+07 2.17895e+07 4.99314e+06 1.44698e+06 1.19499e+06 1.67964e+07 8.77795e+06 6.17676e+06 1.27506e+06 6.10789e+06 388882 5.71901e+06 3.0989e+06 3.71808e+06
internal_count=34454 28904 1105 5550 3354 27799 13555 9551 282 9532 409 9123 6583 823
cat_boundaries=0 1 2
cat_threshold=259 17
is_linear=0
shrinkage=0.05


Tree=51
num_leaves=15
num_cat=0
split_feature=9 9 3 16 0 8 5 16 21 4 9 22 14 23
split_gain=10426.7 6585.34 3604.79 2912.91 2666.41 2443.92 2207.52 2795.09 2541.78 2587.29 2113.67 1838.23 1688.39 2381.82
threshold=5.0723541889436889 0.22149683170429854 16.3974896391274 18.435443290659602 13.634269521010056 0.079084972427515068 13.19458149969042 18.650510177953056 10.902443370709145 16.860170040119087 5.8294051430410763 19.612712971140649 2.3575037049707972 0.71288589993053408
decision_type=2 2 2 2 2 2 2 2 10 2 2 2 10 10
left_child=1 2 3 -1 10 -3 -7 8 9 12 -2 -4 -8 -14
right_child=4 5 11 -5 -6 6 7 -9 -10 -11 -12 -13 13 -15
leaf_value=0.0021488153941881783 -0.026708980513957183 -0.0065339812211387422 0.0060274107380342973 -0.0048055480869863294 0.17845012553062176 -0.0046346977522755987 0.0021851079835246544 -0.0027117857112973431 0.0069243330010163827 -0.0036701243031701889 -0.10913966081849102 0.002424854089359173 -0.014646023694491382 -0.00085535792828911935
leaf_weight=2717131.7310829163 470078.70149230957 73586.741506695747 2106045.7180175781 143356.70727539062 62478.283905029297 5890517.9449027777 8040156.869934082 209222.95947265625 1634423.8012695312 225824.08862304688 186323.47546386719 520427.44140625 146400.67333984375 689657.39074707031
leaf_count=2460 1733 193 435 106 66 21593 5579 50 943 46 519 80 103 510
internal_value=0.000523014 0.000713265 0.00221838 0.000990345 -0.00540426 0.000224879 0.000264618 0.000684624 0.000796162 0.000470158 -0.00634373 0.00355583 0.000604619 -0.00153387
internal_weight=2.31156e+07 2.23968e+07 5.48696e+06 2.86049e+06 718880 1.69098e+07 1.68362e+07 1.09457e+07 1.07365e+07 9.10204e+06 656402 2.62647e+06 8.87621e+06 836058
internal_count=34416 32098 3081 2566 2318 29017 28824 7231 7181 6238 2252 515 6192 613
is_linear=0
shrinkage=0.05


Tree=52
num_leaves=15
num_cat=2
split_feature=12 0 16 7 11 12 8 29 16 19 19 28 18 22
split_gain=8538.25 5707.4 4425.83 3385.62 2720.37 2406.59 1791.33 1689.27 2204.5 1762.94 2733.5 1468.73 2713.12 1740.78
threshold=10.500000000000002 16.152874941917947 18.435443290659602 10.563648419533086 0.13971898582045392 8.5000000000000018 0.064852118826147817 0 16.358074686910602 0.0538948132917463 0.055362550854933253 1 0.94212472453502083 21.05931847536657
decision_type=2 2 2 2 2 2 2 1 2 2 2 1 10 2
left_child=3 7 4 6 -3 -5 -1 8 9 -2 -11 12 -9 -13
right_child=1 2 -4 5 -6 -7 -8 11 -10 10 -12 13 -14 -15
leaf_value=-0.052345137164468092 -0.00026143606957241649 0.0050606865072381543 -0.00090589575698102809 -0.047163728999706299 0.00062098545521645308 -0.062608655754706782 0.0030552695693544336 0.0054010500049733231 -0.0076276601487065519 -0.030745420452116652 -0.0058516700492145558 0.00049289429062837696 0.00027393256410799155 -0.011695913348497572
leaf_weight=8910.422210931778 3766002.9704322815 3326592.3935546875 1060519.6533203125 272516.57350158691 749987.173828125 741852.4719543457 393324.53917300701 2806926.2952041626 97542.259851455688 92837.808332443237 210815.44336700439 6610483.7874202728 3028604.2533073425 254851.86045074463
leaf_count=296 6984 761 192 957 181 2035 4880 4491 109 141 385 9759 3124 232
internal_value=0.000563013 0.000805231 0.00226438 -0.00319954 0.00301293 -0.00473878 0.00068217 0.000360852 -0.000512686 -0.000334646 -0.00399954 0.000647463 0.00123066 0.000151746
internal_weight=2.34218e+07 2.20052e+07 5.1371e+06 1.4166e+06 4.07658e+06 1.01437e+06 402235 1.68681e+07 4.1672e+06 4.06966e+06 303653 1.27009e+07 5.83553e+06 6.86534e+06
internal_count=34527 26359 1134 8168 942 2992 5176 25225 7619 7510 526 17606 7615 9991
cat_boundaries=0 1 2
cat_threshold=66 257
is_linear=0
shrinkage=0.05


Tree=53
num_leaves=15
num_cat=1
split_feature=9 9 4 11 9 25 28 26 7 16 23 22 14 23
split_gain=8855.75 6033.85 2943.96 3363.12 2725.43 2476.38 4631.02 4781.88 5299.66 3285.88 2649.68 4683.06 2442.57 2303.29
threshold=3.7124643210969066 0.13827813384070328 15.937568612521352 0.10810501041286356 5.8294051430410763 -0.24999999999999997 0 -0.24999999999999997 17.115974588496943 16.533272588522085 0.80599558502481061 18.039102659331217 1.1023536118693273 6.1439054272991207
decision_type=2 2 2 2 2 2 1 2 2 2 10 2 10 10
left_child=1 2 3 -1 -2 6 7 8 10 -7 11 -3 -11 -12
right_child=4 5 -4 -5 -6 9 -8 -9 -10 12 13 -13 -14 -15
leaf_value=0.0047253493912048092 -0.025953299396389153 -0.004102015912099452 0.0060096450035786383 -0.0087811162807216025 -0.086308508435246567 0.0014352368948068117 0.0021777013801440332 -0.00023466431643008883 -0.0069595139421350224 -0.0051869594883707992 -0.0040051580999709195 -0.039316642017968605 0.0051577381114030832 -0.026265285759758505
leaf_weight=272000.40592956543 1520556.2676544189 81148.67053937912 1490592.3818359375 90047.922317504883 200359.87454223633 8036681.9558540583 5574055.3545453548 1580717.1116050482 82195.80126953125 327863.66800689697 670135.4276766777 65346.427875518799 3289254.4491920471 138565.28571844101
leaf_count=436 5987 180 307 91 540 14010 7911 2008 14 297 846 45 1712 259
internal_value=0.000498415 0.00077223 0.00350116 -0.000543079 -0.00295405 0.000517482 -0.000148675 -0.00188328 -0.00452102 0.000985765 -0.00347268 -0.00966001 0.00223723 -0.00235185
internal_weight=2.34195e+07 2.16986e+07 1.85264e+06 362048 1.72092e+06 1.9846e+07 8.19216e+06 2.61811e+06 1.03739e+06 1.16538e+07 955196 146495 3.61712e+06 808701
internal_count=34643 28116 834 527 6527 27282 11263 3352 1344 16019 1330 225 2009 1105
cat_boundaries=0 1
cat_threshold=680
is_linear=0
shrinkage=0.05


Tree=54
num_leaves=15
num_cat=1
split_feature=9 0 16 11 19 9 3 24 24 4 21 11 29 23
split_gain=6638.92 3154.94 5807.63 3203.73 2474.41 2188.62 1467.24 1702.83 2255.81 3788.35 2935.08 4168.16 2839.08 2797.35
threshold=2.0881704302923918 16.152874941917947 18.472836192843562 0.13971898582045392 0.031168418490475556 5.8294051430410763 16.536937448267057 2.6761558945178754 0.70292538345719902 15.003254220103308 10.697462854147622 -0.0029606646261219499 0 3.3697958812695457
decision_type=2 2 2 2 2 2 2 10 8 2 8 2 1 10
left_child=1 6 3 4 -3 -2 7 8 -1 -10 12 -12 -11 -14
right_child=5 2 -4 -5 -6 -7 -8 -9 9 10 11 -13 13 -15
leaf_value=0.0039632418932186485 -0.025913193337343862 0.0052293779296495018 -0.0018458758922595356 -0.00061516918790058305 0.00015959319116438841 -0.078034517609243376 -0.022049942037172258 0.0040576431853048874 0.00070036421032119815 -0.014335852733578128 -0.012891900844296695 -0.0012458891774973523 0.003037945583349124 -0.0040066347135593993
leaf_weight=2819963.7050366402 2549240.9530444145 2868603.6940917969 776374.2041015625 800178.77172851562 683132.1767578125 205615.16656494141 153421.66235351562 5780696.5633275509 5201301.22372365 287123.30322265625 270162.21789550781 234070.97973632812 546429.35559082031 379703.07598876953
leaf_count=4018 11629 649 135 189 153 553 42 8699 7866 139 134 109 247 172
internal_value=0.000434049 0.000739522 0.00181601 0.0025267 0.00317062 -0.0018725 0.000387286 0.000435387 3.18749e-05 -0.000453946 -0.00249 -0.00569622 -0.00115748 0.000189276
internal_weight=2.3556e+07 2.08012e+07 5.12829e+06 4.35191e+06 3.55174e+06 2.75486e+06 1.56729e+07 1.55195e+07 9.73875e+06 6.91879e+06 1.71749e+06 504233 1.21326e+06 926132
internal_count=34734 22552 1126 991 802 12182 21426 21384 12685 8667 801 243 558 419
cat_boundaries=0 1
cat_threshold=6
is_linear=0
shrinkage=0.05


Tree=55
num_leaves=15
num_cat=0
split_feature=9 0 16 9 11 20 3 23 23 21 24 8 23 23
split_gain=6387.75 3506.86 5241.83 2821.03 2807.69 1775.99 1673.73 1403.22 1532.07 1256.09 7864.3 9590.5 2967.19 1969.49
threshold=2.0881704302923918 16.152874941917947 18.435443290659602 5.8294051430410763 0.18280861307515647 0.047141080607334657 16.536937448267057 8.7956552023814165 6.9575763188586714 7.9927916376927541 2.6761558945178754 0.25774008379635577 6.5834778381794061 6.3447365270717011
decision_type=2 2 2 2 2 8 2 8 10 10 8 2 10 10
left_child=1 6 4 -2 5 -3 7 8 9 10 11 -1 -12 -13
right_child=3 2 -4 -5 -6 -7 -8 -9 -10 -11 12 13 -14 -15
leaf_value=-0.55181387870157128 -0.022693763697017831 0.0050781065523558787 -0.00099561806484342488 -0.081202721581361839 -0.00058537746813257447 0.0012964180866861367 -0.02136623784134975 -0.0068559522254287271 0.009651202711498481 0.0013865471795145104 0.0065132527395711159 -0.52447621601229055 -0.26246932656611438 0.00017341709141898299
leaf_weight=48984.297233581543 2507096.2953643799 2756774.4792480469 1069158.8049316406 202940.59365844727 560481.5419921875 695843.58374023438 146544.353515625 481545.40190315247 1128808.0064334869 12579619.933817387 1020857.8913327456 57611.501152038574 55247.508182048798 73432.759273529053
leaf_count=72 11480 602 192 541 139 181 40 558 2054 16222 1971 150 140 142
internal_value=0.000467759 0.000766946 0.00190756 -0.00181474 0.00273639 0.00326924 0.000395175 0.000445632 0.000531121 0.000386615 -0.00112101 -0.0107935 0.000497159 -0.00373783
internal_weight=2.33849e+07 2.06749e+07 5.08226e+06 2.71004e+06 4.0131e+06 3.45262e+06 1.55927e+07 1.54461e+07 1.49646e+07 1.38358e+07 1.25613e+06 180029 1.07611e+06 131044
internal_count=34484 22463 1114 12021 922 783 21349 21309 20751 18697 2475 364 2111 292
is_linear=0
shrinkage=0.05


Tree=56
num_leaves=15
num_cat=3
split_feature=9 9 28 29 7 23 12 20 25 7 28 17 17 14
split_gain=6338.34 4296.17 4227.98 7051.97 3660.44 3134.03 2758.57 2607.52 2016.35 2760.63 1664.95 2936.82 1805.08 1600.8
threshold=4.052479745709932 0.20793076625117812 0 1 10.692780269359531 3.3697958812695457 8.5000000000000018 0.05149265664784921 -0.24999999999999997 16.610313958149195 2 0.030566075449498156 0.16135964454892707 2.0037756639484567
decision_type=2 2 1 1 2 10 2 10 2 2 1 2 2 8
left_child=1 2 7 -4 -2 -5 -6 -1 9 10 11 -3 -12 -7
right_child=4 8 3 5 6 13 -8 -9 -10 -11 12 -13 -14 -15
leaf_value=0.0050019847486237369 0.0052911058202188173 -0.0010427520587949295 -0.010997939803505856 0.0033929737324367259 -0.047227910267953192 -0.0074549310270374709 -0.057027776211699382 -0.0025890979559928212 0.002527041941669193 -0.0023337976399268956 -0.00025524410003398496 -0.012544882248462881 0.0048523937478063134 0.0016468250103850426
leaf_weight=2931551.6621932983 318380.03020858765 410991.45989406109 190939.9052772522 1332784.8968963623 254719.78050231934 219736.40247344971 835293.81069946289 215943.82431030273 9938216.6276066303 480682.76708984375 5307966.7087247372 199946.62210083008 559719.51843261719 177822.31335449219
leaf_count=1544 2456 799 92 602 853 262 2085 101 15408 94 9548 164 330 149
internal_value=0.000473818 0.0006823 0.00195901 0.000110704 -0.00277781 0.00111698 -0.00415544 0.00308724 0.000299323 -0.000353376 -8.21202e-05 -0.00256617 0.000176521 -0.00277915
internal_weight=2.33747e+07 2.19663e+07 5.06878e+06 1.92128e+06 1.40839e+06 1.73034e+06 1.09001e+06 3.1475e+06 1.68975e+07 6.95931e+06 6.47862e+06 610938 5.86769e+06 397559
internal_count=34487 29093 2750 1105 5394 1013 2938 1645 26343 10935 10841 963 9878 411
cat_boundaries=0 1 2 3
cat_threshold=265 18 640
is_linear=0
shrinkage=0.05


Tree=57
num_leaves=15
num_cat=2
split_feature=9 9 22 8 25 28 16 28 6 18 7 11 2 18
split_gain=5369.89 3150.53 3866.17 3830.23 2983.86 2938 2701.24 2326.41 2863.9 2689.7 4477.31 2588.68 8650.34 2647.78
threshold=3.6582292731355119 0.14967138442708725 19.612712971140649 0.064852118826147817 1.0000000180025095e-35 0 15.918925371104235 1 17.356241645943843 0.94212472453502083 16.39377301661273 -0.3452728503976274 16.533265774342059 0.22107087948092077
decision_type=2 2 2 2 2 1 2 1 2 10 2 2 2 10
left_child=1 2 5 -3 7 -1 -6 9 11 -5 -11 12 -9 -13
right_child=-2 3 -4 4 6 -7 -8 8 -10 10 -12 13 -14 -15
leaf_value=-0.0011222273925937127 -0.027928287164114798 -0.0088185258370635389 -0.0049957271223269248 0.0029307851305132569 0.0011844411362393426 0.0052122500275832984 0.0048406863548610237 -0.017588880139930829 -0.0020472749636828102 -0.00079057845964065161 -0.020925327949446529 -0.004070391704952595 -0.024862430259645126 0.003566937192466744
leaf_weight=335773.96487426758 1793956.0882663727 113641.35013270378 275101.28591918945 3686271.0478546619 5370534.7011531591 1867819.3802947998 4294371.1325788498 376616.35821533203 111062.25 2183249.6604635715 136031.74243164062 1822190.7781114578 42892.39208984375 1006743.7133483887
leaf_count=248 6753 145 88 5988 10568 765 2982 1059 18 2384 35 2990 10 580
internal_value=0.000399466 0.000617563 0.00229486 0.000400387 0.000455041 0.00299258 0.00107135 -0.000180998 -0.00123465 0.000408414 -0.000925605 -0.000964716 -0.00463004 -0.000421178
internal_weight=2.34163e+07 2.16223e+07 2.47869e+06 1.91436e+07 1.903e+07 2.20359e+06 9.66491e+06 9.36506e+06 3.35951e+06 6.00555e+06 2.31928e+06 3.24844e+06 419509 2.82893e+06
internal_count=34613 27860 1101 26759 26614 1013 13550 13064 4657 8407 2419 4639 1069 3570
cat_boundaries=0 1 2
cat_threshold=98 327
is_linear=0
shrinkage=0.05


Tree=58
num_leaves=15
num_cat=1
split_feature=9 4 9 5 9 24 20 28 11 14 23 9 16 0
split_gain=7989.77 5092.38 4195.15 4028.28 1974.76 1576.79 1524.64 1993.37 1981.51 1971.97 1374.53 1964.28 1244.22 1855.3
threshold=0.27213890144042535 16.701148858548322 5.8294051430410763 17.382494435338344 2.3236056925697293 5.0120516059876357 0.071970663367092721 0 0.093651099673423624 2.3575037049707972 0.88788377220714665 0.17453154080605807 18.534756489305497 16.395876229078294
decision_type=2 2 2 2 2 10 10 1 2 10 10 2 2 2
left_child=1 6 3 4 12 -4 7 -1 9 -9 -10 -12 13 -2
right_child=2 -3 5 -5 -6 -7 -8 8 10 -11 11 -13 -14 -15
leaf_value=0.0028275576898375066 0.00086527071362035239 0.0047796326516282902 -0.043333600848939294 -0.0026759897355885997 -0.018895027032132125 -0.092794656017445604 -0.002881402708036235 0.0043934182844137552 -0.0066505980340927674 -0.0033291487125355159 -0.0068670495924782211 0.0015598190186361966 -0.0039520449214558084 0.0063263352379938579
leaf_weight=2831797.203918457 11765269.492000699 2575337.0910644531 139934.44119262695 110800.7451171875 2453414.147977829 61182.788452148438 194652.97548675537 1166589.2327270508 136717.95327758789 366619.01229858398 155632.50093841553 448575.43916702271 165485.19702148438 721977.09692382812
leaf_count=2503 17793 479 375 18 11004 162 127 1029 100 187 116 384 89 172
internal_value=0.000599158 0.00189478 -6.26791e-05 3.21386e-05 0.000101811 -0.00723679 0.00100858 0.00117415 7.1717e-05 0.00109772 -0.0020514 -0.00102697 0.000353546 0.000410625
internal_weight=2.3294e+07 7.87592e+06 1.54181e+07 1.52169e+07 1.51061e+07 201117 5.30058e+06 5.10593e+06 2.27413e+06 1.53321e+06 740926 604208 1.26527e+07 1.24872e+07
internal_count=34538 4925 29613 29076 29058 537 4446 4319 1816 1216 600 500 18054 17965
cat_boundaries=0 1
cat_threshold=265
is_linear=0
shrinkage=0.05


Tree=59
num_leaves=15
num_cat=2
split_feature=29 19 6 9 28 18 14 0 21 0 16 9 4 24
split_gain=5082 3396.89 3391.31 3385.38 2846.47 4176.29 2973.92 2758.71 2722.76 2469.07 3485.75 2338.41 2209.83 2645.8
threshold=0 0.071218089062251702 15.793578236670717 1.6606642077571649 1 0.99898163980900689 1.1023536118693273 17.419860989426706 9.0515012950816871 16.152874941917947 18.435443290659602 6.1700718015765093 14.953516001606376 1.2736174209524151
decision_type=1 2 2 2 1 10 10 2 10 2 2 2 2 8
left_child=1 3 -2 4 5 -1 -7 9 -8 12 -11 -5 -6 -14
right_child=2 -3 -4 11 7 6 8 -9 -10 10 -12 -13 13 -15
leaf_value=0.0044307929308189343 -0.0031621602089762103 -0.0082506412293934465 -0.0096850823759777049 -0.021943580821913604 0.0029977058020339703 -0.033819905049664596 0.0085581824212721778 -0.001477804875208472 -0.0080664394993726143 0.0039070450485210566 -0.00059369465856283932 -0.13635648655106189 0.0017506043917590629 -0.0032651160766870163
leaf_weight=5742099.8929862976 6418087.3445284367 126937.67924880981 202587.21264648438 1153768.5451500416 4670187.8476933241 157300.6897277832 591680.80487060547 181778.44775390625 168845.02541732788 1665585.1032714844 470468.00561523438 20921.153656005859 617052.61645507812 1108232.5324707031
leaf_count=4986 13530 158 74 6191 7550 113 470 30 113 382 103 40 256 533
internal_value=0.000418957 0.000884297 -0.000753052 0.000946801 0.00114449 0.0019227 -0.00120904 0.00054967 8.53446e-05 0.000679535 0.00215135 -0.00164036 0.000187956 -0.00134119
internal_weight=2.32955e+07 1.66749e+07 6.62067e+06 1.65479e+07 1.53732e+07 6.65993e+06 917827 8.7133e+06 760526 8.53153e+06 2.13605e+06 1.17469e+06 6.39547e+06 1.72529e+06
internal_count=34529 20925 13604 20767 14536 5682 696 8854 583 8824 485 6231 8339 789
cat_boundaries=0 1 2
cat_threshold=57 257
is_linear=0
shrinkage=0.05


Tree=60
num_leaves=15
num_cat=1
split_feature=0 16 8 21 23 7 14 4 28 20 20 24 17 17
split_gain=6275.22 3664.31 3090.41 1756.17 1649.24 1393.17 1224.66 5852.23 2688.91 1647.93 1621.9 3314.18 2977.09 1541.92
threshold=16.152874941917947 18.435443290659602 5.7791861403026159 10.341663122118431 3.7969788825071551 11.021616329858988 0.92225932109080733 15.567517914566457 0 -0.018508709103498545 -0.041772712071427742 1.9434536580973651 0.13000427664369207 0.095675110188606319
decision_type=2 2 2 10 8 2 8 2 1 8 10 10 2 2
left_child=2 3 6 4 -2 -4 7 8 10 -10 -1 -12 -13 -11
right_child=1 -3 5 -5 -6 -7 -8 -9 9 13 11 12 -14 -15
leaf_value=-0.00032341841495230295 -0.0025292880321843587 -0.00062307621920636798 0.004399397222924986 0.0036034791980124737 0.0082701897745327164 -0.061133781787508529 0.00080425378616113771 -0.021199829962936057 -0.021981976587597596 -0.0012201108480748106 0.002797023276588065 -0.042065597933711042 -0.098783058712129793 0.0089818963634836577
leaf_weight=156034.12064504623 383061.62768554688 1055363.8269042969 98229.250030517578 3100751.4162597656 541507.9228515625 379705.33386230469 14523775.596819758 58801.486450195312 176007.50327682495 2250845.2850230932 76469.699279785156 81679.164536595345 48092.09619140625 481042.77111816406
leaf_count=347 105 191 487 681 138 888 25338 24 297 5305 134 225 51 389
internal_value=0.000451603 0.00200649 2.06373e-05 0.00269404 0.000781479 -0.00394723 0.000126861 -0.000738127 -0.000457011 4.90569e-05 -0.00451898 -0.00742905 -0.0122945 0.000351181
internal_weight=2.34114e+07 5.08068e+06 1.83307e+07 4.02532e+06 924570 477935 1.78527e+07 3.32897e+06 3.27017e+06 2.9079e+06 362275 206241 129771 2.73189e+06
internal_count=34600 1115 33485 924 243 1375 32110 6772 6748 5991 757 410 276 5694
cat_boundaries=0 1
cat_threshold=144
is_linear=0
shrinkage=0.05


Tree=61
num_leaves=15
num_cat=1
split_feature=0 9 16 7 19 12 28 18 15 16 26 16 24 19
split_gain=6490.44 3732.58 3639.45 3512.62 1782.22 1682.2 1343.54 2766.87 1818.26 3480.43 1824.04 2038.49 1334.32 2935.55
threshold=16.152874941917947 3.9925573291283736 18.435443290659602 10.967039385038531 0.031168418490475556 8.5000000000000018 0 0.73594580878816873 19.370557373690556 15.738107061301703 0.25000000000000017 15.769869319422773 4.7082670710920711 0.012756320567288053
decision_type=2 2 2 2 2 2 1 10 2 2 2 2 8 2
left_child=1 6 4 -3 -2 -5 7 -1 10 -10 11 -9 -12 -14
right_child=2 3 -4 5 -6 -7 -8 8 9 -11 12 -13 13 -15
leaf_value=0.0055544369199790706 0.0039900471193481443 0.0050866871820203167 -0.00087932298694874548 -0.054873432035614539 0.00058795606323631044 -0.066780842941274746 -0.00037834603427721355 0.0026042312313884568 -0.0044127226131566478 -0.033411337811397185 2.9231263878460131e-05 0.0079601626923705877 -0.0092932812616051477 -0.045544655761081514
leaf_weight=3185679.1160507202 3227840.4340820312 451692.7968711853 1044523.9697265625 192140.28466796875 792805.78271484375 789861.75453186035 8081373.3070032597 2638425.3090670109 683835.05890274048 110156.73803710938 1306582.4034485817 311332.40002441406 432483.96402359009 106261.96082305908
leaf_count=7066 748 3123 187 573 180 1828 14218 3370 801 37 1560 106 524 146
internal_value=0.000507544 6.8903e-05 0.00209143 -0.00238028 0.00277456 -0.00405878 0.000277218 0.00070561 3.52968e-05 -0.00218095 0.000402273 0.00117359 -0.000830676 -0.0029245
internal_weight=2.3355e+07 1.82898e+07 5.06517e+06 1.43369e+06 4.02065e+06 982002 1.68561e+07 8.77476e+06 5.58908e+06 793992 4.79509e+06 2.94976e+06 1.84533e+06 538746
internal_count=34467 33352 1115 5524 928 2401 27828 13610 6544 838 5706 3476 2230 670
cat_boundaries=0 1
cat_threshold=259
is_linear=0
shrinkage=0.05


Tree=62
num_leaves=15
num_cat=1
split_feature=9 9 28 16 19 9 27 9 20 11 24 9 1 16
split_gain=5292.87 2750.77 2392.75 3018.33 2151.77 3457.13 2036.5 2545.4 2727.27 1883.16 1741.43 1769.15 1714.13 2099.45
threshold=0.2415324954904873 6.0138703852461353 0 18.407908271991452 0.071218089062251702 0.40556096786897616 9.5000000000000018 0.14967138442708725 0.014765864921467252 -0.077904549126598596 1.9236438744811404 0.11263565210970426 12.787373469769031 18.650510177953056
decision_type=2 2 1 2 2 2 2 2 10 2 8 2 2 2
left_child=2 4 3 9 12 -6 10 -8 -9 -1 11 -4 -2 -14
right_child=1 -3 6 -5 5 -7 7 8 -10 -11 -12 -13 13 -15
leaf_value=0.0050584938356044995 -0.0054203950206791014 -0.079915164853098464 -0.00080998221923653409 -0.0055315912604534173 -0.035970254579183437 0.00055833075438922861 0.0032689858670175067 0.00089753308277922309 -0.0034789737014685458 -0.00080559940229686818 0.0051060419618599731 0.0027998426342298534 0.0013500734434425676 -0.0024767425539469253
leaf_weight=550407.2206993103 5328213.9605273008 113822.1534576416 354679.0845489502 172325.90985107422 50642.564002990723 79467.514930725098 518426.31364440918 510236.01294708252 192834.60521697998 894311.89360427856 1748779.7645359039 1686764.2071304321 11060332.729217529 179134.26751708984
leaf_count=427 21634 263 100 68 41 200 190 338 120 661 1078 878 8463 50
internal_value=0.000518497 4.67114e-05 0.00171502 4.26342e-05 9.95165e-05 -0.00630541 0.00225462 0.000479184 -0.00148077 0.000788698 0.0028268 0.00183485 0.000149816 0.000499987
internal_weight=2.34404e+07 1.68116e+07 6.62877e+06 1.61705e+06 1.66978e+07 130110 5.01172e+06 1.2215e+06 703071 1.44472e+06 3.79022e+06 2.04144e+06 1.65677e+07 1.12395e+07
internal_count=34511 30651 3860 1156 30388 241 2704 648 458 1088 2056 978 30147 8513
cat_boundaries=0 1
cat_threshold=118
is_linear=0
shrinkage=0.05


Tree=63
num_leaves=15
num_cat=0
split_feature=8 4 8 16 4 16 3 8 17 4 14 21 15 21
split_gain=5170.96 2558.14 2455.8 2401.78 2354.38 2292.25 2186.87 1975.01 3308.64 1465.5 1450.43 2309.8 1601.07 3478.59
threshold=0.25113423558437525 16.701148858548322 5.7791861403026159 18.435443290659602 13.288002841091638 18.534756489305497 17.171183635107628 0.1520367391642001 0.24497248980684103 16.701148858548322 0.58162593746153834 9.3378136516604595 16.016447214750503 7.661716070909109
decision_type=2 2 2 2 2 2 2 2 2 2 8 10 2 10
left_child=1 3 5 10 -4 6 9 8 -3 -2 11 12 -1 -14
right_child=2 7 4 -5 -6 -7 -8 -9 -10 -11 -12 -13 13 -15
leaf_value=0.00675562848051902 0.00024901354381595524 0.0039896719269880828 -0.013919990489270437 -0.0013069927211649414 -0.3320783449529115 -0.00291998844653381 0.0076964319256361885 0.0042316602082481131 -0.00086552727709317615 -0.015236166265932716 0.002197069383196869 -0.012636476907875902 0.022190317878224598 -0.5340006047921031
leaf_weight=226358.81089913845 13332733.348589897 1170889.4912109375 396732.92453765869 276595.71371459961 62669.264862060547 162290.79776000977 223567.7431640625 900339.74877929688 685000.40600585938 238612.763671875 5514511.4444491863 92935.161636352539 79738.46683883667 68444.123977661133
leaf_count=375 26687 212 1284 171 78 86 38 173 131 56 4885 157 135 89
internal_value=0.000494578 0.00143389 -9.27806e-05 0.000874938 -0.00368976 2.56141e-05 9.51148e-05 0.0027031 0.00177087 1.43141e-05 0.00108556 -0.00158849 0.000162235 -0.00387817
internal_weight=2.34314e+07 9.01481e+06 1.44166e+07 6.25858e+06 459402 1.39572e+07 1.37949e+07 2.75623e+06 1.85589e+06 1.35713e+07 5.98199e+06 467477 374541 148183
internal_count=34557 6328 28229 5812 1362 26867 26781 516 343 26743 5641 756 599 224
is_linear=0
shrinkage=0.05


Tree=64
num_leaves=15
num_cat=1
split_feature=0 14 9 9 3 21 24 15 24 29 8 20 20 26
split_gain=6920.26 3238.55 2812.85 1625.04 1579.26 1428.26 1730.22 1738.3 1368.99 1553.63 1634.78 2363.92 4397.37 4361.91
threshold=16.152874941917947 2.4073537941007941 2.0881704302923918 6.1700718015765093 16.536937448267057 10.902443370709145 2.8993566068214203 19.416922399778489 2.8807611819448851 0 0.32497926850270425 0.0071851726470421005 -0.031853191950766545 -0.24999999999999997
decision_type=2 10 2 2 2 10 8 2 10 1 2 8 10 2
left_child=2 -2 4 -4 5 6 7 8 9 -1 11 12 -11 -14
right_child=1 -3 3 -5 -6 -7 -8 -9 -10 10 -12 -13 13 -15
leaf_value=0.00091131839055494856 0.002860610137801721 -0.00031294335369367975 -0.019145933028974178 -0.083560474119187877 -0.018088911774531018 0.0038091508940611336 0.0034079363850557363 -0.016365222547382475 -0.012715310342601607 0.007127882315213975 -0.00078751689420506865 -0.00089559398673466129 -0.018049274447086681 -0.010343253453777967
leaf_weight=5514176.6560673714 4464513.7553710938 565279.72680664062 2649471.0370154381 68298.638092041016 124470.38354492188 2010767.7938506603 5203829.162749052 133368.97366333008 133135.75370788574 82112.519292831421 1710762.4152185917 463345.96701812744 102890.81567573547 105936.98158836365
leaf_count=6548 991 117 11937 138 34 2776 7789 118 141 156 2837 624 144 180
internal_value=0.000536917 0.00217952 8.55073e-05 -0.00139883 0.000344354 0.000389516 0.000203696 -0.000246823 -0.00015374 -6.98396e-05 -0.00111333 -0.0030525 -0.00658489 -0.0104395
internal_weight=2.33324e+07 5.02979e+06 1.83026e+07 2.71777e+06 1.55848e+07 1.54603e+07 1.34496e+07 8.24573e+06 8.11236e+06 7.97923e+06 2.46505e+06 754286 290940 208828
internal_count=34530 1108 33422 12075 21347 21313 18537 10748 10630 10489 3941 1104 480 324
cat_boundaries=0 1
cat_threshold=89
is_linear=0
shrinkage=0.05


Tree=65
num_leaves=15
num_cat=3
split_feature=0 25 19 28 29 17 24 10 28 21 22 23 3 11
split_gain=3689.03 2867.04 2849.78 4296.48 2255.83 1929.36 2626.17 1963.68 1905.3 3305.04 2215.95 1522.69 1378.56 1983.61
threshold=14.447757987402893 -0.93301270189221919 0.034215370636019864 0 1 0.10935963947130596 2.4077208795437905 0.046142006192233007 2 9.2446040057347396 16.66341058270601 0.59316263508013412 17.006344156415725 0.057901913564297254
decision_type=2 2 2 1 1 2 10 2 1 10 2 10 2 2
left_child=4 -2 11 -4 8 6 7 -5 -1 10 -10 -3 -13 -14
right_child=1 2 3 5 -6 -7 -8 -9 9 -11 -12 12 13 -15
leaf_value=0.0058344712532626911 0.0046451937189323361 0.0069878709665123044 -0.0046269072777621392 -0.0045249326247731661 -0.0043633948140676081 0.0021814184298442874 0.0012505996923128078 -0.0022697478419676344 0.013048651019010211 0.0032893916181956162 -0.035627406374176572 0.00068684585190200657 0.0034997432538480169 -0.00049969731178223144
leaf_weight=3045194.7029881477 1004578.5257568359 1068497.1885375977 257217.19525146484 240674.37377929688 6703270.8130159378 548497.18725585938 337015.09088134766 204209.18817138672 187162.7462259531 1550040.1540374756 547521.70278072357 6109933.2554931641 933704.7841796875 596208.42749023438
leaf_count=6182 394 461 88 112 18805 160 153 110 878 3025 1293 2674 167 96
internal_value=0.000497818 0.00114656 0.000897795 -0.00105042 -0.00011143 9.33068e-05 -0.00150146 -0.00402353 0.000656314 -0.000435081 -0.00319733 0.00125297 0.00100571 0.00234794
internal_weight=2.33337e+07 1.13005e+07 1.0296e+07 1.58761e+06 1.20332e+07 1.3304e+06 781899 444884 5.32992e+06 2.28472e+06 734684 8.70834e+06 7.63985e+06 1.52991e+06
internal_count=34598 4415 4021 623 30183 535 375 222 11378 5196 2171 3398 2937 263
cat_boundaries=0 1 2 3
cat_threshold=516 17 803
is_linear=0
shrinkage=0.05


Tree=66
num_leaves=15
num_cat=0
split_feature=0 16 18 27 6 25 8 23 0 15 15 11 6 17
split_gain=3055.67 3918.38 2098.57 2231.58 1959.22 1597.89 1903.08 1503.36 1428.87 2382.67 1278.62 1710.02 1860.95 1826.19
threshold=16.03763924788834 18.435443290659602 0.68030029102845868 8.5000000000000018 16.30949344286088 0.25000000000000011 0.12898077988898074 3.5502198050944007 13.237444756635101 14.64514666431573 19.224701742754604 0.51957295101886747 15.947782723660634 0.010123518085374603
decision_type=2 2 10 2 2 2 2 8 2 2 2 2 2 2
left_child=4 2 5 7 8 6 -2 -4 9 -1 -10 12 13 -12
right_child=1 -3 3 -5 -6 -7 -8 -9 10 -11 11 -13 -14 -15
leaf_value=0.008221495265925376 0.0018504212284524337 -0.00064392436615870745 -0.0019661106826265803 0.0036431403469700599 -0.01880346982539717 0.0064581364444069346 -4.9345449573591797e-05 0.0021600577350663133 8.0362621809554829e-05 -0.0067086645562612129 0.0019256468823087393 -0.02094143628260205 -0.015246758609802298 0.0084761209970599695
leaf_weight=831544.24045801163 687142.79077148438 1040637.6059570312 601333.40222167969 550308.16430664062 107545.68920898438 1364961.6672363281 709778.31909179688 448615.10559082031 6922482.6174316406 6438772.514398098 1876721.2738342285 231372.08093261719 143816.44848632812 1324853.8870849609
leaf_count=5119 147 189 157 148 30 293 170 124 5013 20378 1772 203 45 670
internal_value=0.000369332 0.00141134 0.00206903 0.000628271 5.44171e-05 0.00290381 0.00171499 -0.00072349 9.51384e-05 -0.000443665 0.000468238 0.00123586 0.00152337 0.00177331
internal_weight=2.32799e+07 5.40278e+06 4.36214e+06 1.60026e+06 1.78771e+07 2.76188e+06 1.39692e+06 1.04995e+06 1.77696e+07 7.27032e+06 1.04992e+07 3.57676e+06 3.34539e+06 3.20158e+06
internal_count=34458 1228 1039 429 33230 610 317 281 33200 25497 7703 2690 2487 2442
is_linear=0
shrinkage=0.05


Tree=67
num_leaves=15
num_cat=1
split_feature=5 16 14 1 9 15 15 14 29 23 8 19 4 3
split_gain=3859.02 3800.04 6508.69 3291 2404.62 1863.78 1569.21 1534.06 1283.42 2244.89 2039.76 1864.79 1523.63 2756.57
threshold=13.411694112779058 18.435443290659602 2.3575037049707972 16.150297738002418 6.0138703852461353 14.636145638210072 19.224701742754604 1.3935148121836254 0 2.0894143703875003 0.49174493693206545 0.038131311719641459 15.157226915591695 15.804550983324974
decision_type=2 2 10 2 2 2 2 8 1 10 2 2 2 2
left_child=4 3 -3 6 5 -1 8 -5 9 11 -11 -2 -10 -14
right_child=1 2 -4 7 -6 -7 -8 -9 12 10 -12 -13 13 -15
leaf_value=0.007811642089932418 0.0055705375821625928 0.0022499916080052072 -0.0047956083158835101 -0.00030249483805601613 -0.067933169329934262 -0.0058859628937018085 0.0036895952918551684 0.0028947475714523087 0.0028365091779497397 -0.015192950122629514 0.0036105346693309083 -0.011627182964018292 -0.0020372186625551196 0.0023090765164814207
leaf_weight=845705.9500323534 613835.32446289062 795517.85107421875 426900.48693847656 420719.203125 106308.24961853027 6718925.889850378 3734968.1582641602 3470906.3881835938 3801556.8988647461 268899.67687988281 139108.71069335938 168929.69836425781 1153703.5079345703 555738.53869628906
leaf_count=5030 409 230 88 114 259 20916 2593 780 2973 176 121 117 555 179
internal_value=0.000484478 0.000937177 -0.00173876 0.00116547 -0.000433248 -0.000328304 0.000702752 0.00240642 0.000245056 -0.00124347 -0.00425049 0.000323886 0.000566688 -0.000673103
internal_weight=2.32217e+07 1.55508e+07 1.22242e+06 1.43284e+07 7.67094e+06 7.56463e+06 1.04367e+07 3.89163e+06 6.70177e+06 1.19077e+06 408008 782765 5.511e+06 1.70944e+06
internal_count=34540 8335 318 8017 26205 25946 7123 894 4530 823 297 526 3707 734
cat_boundaries=0 1
cat_threshold=66
is_linear=0
shrinkage=0.05


Tree=68
num_leaves=15
num_cat=0
split_feature=0 17 9 24 9 7 12 10 21 15 1 0 11 20
split_gain=4257.78 3177.84 3814 2480.17 1916.36 1519.95 1734.72 1323.99 1792.3 1813.31 1198.18 1108.71 1091.07 1342.65
threshold=16.152874941917947 0.39211591187223777 0.17899252706628047 1.5087611308160251 2.0881704302923918 10.994067053814303 8.5000000000000018 -0.024014385761135147 10.874170175814578 19.416922399778489 16.684754232979486 13.570058183101773 0.32680036378643607 0.025141444953454203
decision_type=2 2 2 10 2 2 2 2 10 2 2 2 2 10
left_child=4 2 -2 -4 7 -6 -7 8 9 -1 -5 -8 -9 -14
right_child=1 -3 3 10 5 6 11 12 -10 -11 -12 -13 13 -15
leaf_value=-0.00065666557188296499 0.0036982309332385561 -0.00020817065255538194 -0.00080933628812054599 0.0068521821855241048 0.0053434556266994011 -0.047931594705362707 -0.058081880541006853 0.0031794568702827107 0.0042261577703943468 -0.039443378706872582 0.0010723327645287032 0.071453339534672325 0.00041719634808258245 -0.01940789111226392
leaf_weight=6583818.4090567827 2181040.2995605469 928300.37524414062 587882.26733398438 779736.57836914062 836159.8740272522 192259.88667297363 1515658.5599365234 6429721.7574455738 1180832.2522215843 143913.11622619629 570611.595703125 164107.58203125 1215744.6565190554 141112.94247150421
leaf_count=8723 427 196 144 223 7583 562 3655 8873 1577 139 122 187 1919 214
internal_value=0.000507203 0.00179364 0.00238921 0.000775295 0.000154365 -0.00107393 -0.00186558 0.000366307 -8.9367e-05 -0.000404713 0.00195543 -0.00135065 0.00082912 -0.000459284
internal_weight=2.34509e+07 5.04757e+06 4.11927e+06 1.93823e+06 1.84033e+07 2.70819e+06 1.87203e+06 1.56951e+07 7.90856e+06 6.72773e+06 1.35035e+06 1.67977e+06 7.78658e+06 1.35686e+06
internal_count=34544 1112 916 489 33432 11987 4404 21445 10439 8862 345 3842 11006 2133
is_linear=0
shrinkage=0.05


Tree=69
num_leaves=15
num_cat=1
split_feature=4 14 24 9 24 9 22 22 11 5 24 28 24 21
split_gain=4003.96 4166.65 2001.48 2301.46 2119.06 1779.98 1711.33 1701 2318.75 4732.4 2062.67 1932.18 1894.9 4807.38
threshold=16.701148858548322 2.3967765170570732 2.6761558945178754 0.38664999634558345 2.6579006910763554 6.0138703852461353 19.630753430190442 18.215556499103055 0.15999476376998611 15.958426927865597 0.70292538345719902 0 2.1087010900403804 10.051566777035639
decision_type=2 10 10 2 10 2 2 2 2 2 8 1 10 10
left_child=2 -2 4 6 7 -5 -4 8 10 12 -1 -9 -10 -14
right_child=1 -3 3 5 -6 -7 -8 11 9 -11 -12 -13 13 -15
leaf_value=0.0055164830132933967 0.003209648202982369 -0.00097625576473514292 0.0042550788013277436 0.0012232030521123261 -0.0070419800493411447 -0.059081595017713977 -0.0083197843250225317 0.0048090101239796701 -0.0026909306398965184 -0.015270088394435423 -0.00091413526158102838 -0.0004253587435685059 -0.48730325057089952 0.0010601292967602435
leaf_weight=1783510.9292831421 2557167.1733398438 560828.96435546875 3067292.9828128815 4502272.4454154968 87790.328758239746 70043.047393798828 133606.78582763672 1049228.4283504486 2113476.9703083038 149831.591796875 5098152.6164338589 1714658.515203476 129907.70068740845 166203.98719120026
leaf_count=3832 482 110 3274 10968 126 158 99 932 4285 47 7971 1661 240 363
internal_value=0.000414419 0.00208133 0.000155402 0.000783373 -0.00024169 6.35276e-05 0.00181163 -0.000186014 -0.00050539 -0.00179027 -2.75204e-05 0.000904934 -0.00125414 -0.0050001
internal_weight=2.3184e+07 3.118e+06 2.0066e+07 7.77322e+06 1.22928e+07 4.57232e+06 3.2009e+06 1.2205e+07 9.44108e+06 2.55942e+06 6.88166e+06 2.76389e+06 2.40959e+06 296112
internal_count=34548 592 33956 14499 19457 11126 3373 19331 16738 4935 11803 2593 4888 603
cat_boundaries=0 1
cat_threshold=289
is_linear=0
shrinkage=0.05


Tree=70
num_leaves=15
num_cat=2
split_feature=9 8 29 25 16 28 7 3 23 5 14 6 16 23
split_gain=3155.35 3632.29 2789.56 2326.83 3526.71 2135.28 3938.61 2520.4 3207.78 5242.98 3569.13 10026.2 2432.84 2107.84
threshold=0.13056622037921709 0.064852118826147817 0 0.68301270189221941 16.48633237923827 1 17.115974588496943 16.690778174436563 1.6363777215733102 16.440364546327579 2.3575037049707972 15.947782723660634 18.314726746826736 3.9102097402214055
decision_type=2 2 1 2 2 1 2 2 10 2 10 2 2 10
left_child=-1 2 -2 5 -5 12 7 8 9 10 -7 -12 13 -3
right_child=1 3 -4 4 -6 6 -8 -9 -10 -11 11 -13 -14 -15
leaf_value=0.002336510243339451 -0.0085325371575649608 -0.00023650112000959522 -0.0015636887595210217 0.0015821801804775113 0.0043232054456257404 -0.00071228146639612294 -0.0017674738592844607 0.0016527606885696931 6.7149195497424324e-05 -0.0053694222475854239 -0.0078157494881825763 -0.017239452710678616 0.0062997624911723116 0.0043783333091973837
leaf_weight=1491334.7203674316 78351.38232421875 5555054.4191093445 86875.870141148567 3943709.6324048042 1645079.9501190186 1403624.8099048138 387888.79345703125 618547.85888671875 4343212.7571684122 110510.55615234375 383176.72324466705 43884.18701171875 349535.01428222656 2984014.1831927299
leaf_count=692 15 8308 214 7630 962 2277 66 130 8061 28 1014 14 204 4998
internal_value=0.000321631 0.000170313 -0.00721515 0.000226371 0.00110593 -7.74502e-05 -0.000711675 -0.000436197 -0.000735935 -0.00242564 -0.0017872 -0.00578964 0.00044277 0.000275411
internal_weight=2.34248e+07 2.19335e+07 165227 2.17682e+07 5.58879e+06 1.61794e+07 7.29085e+06 6.90296e+06 6.28441e+06 1.9412e+06 1.83069e+06 427061 8.8886e+06 8.53907e+06
internal_count=34613 33921 229 33692 8592 25100 11590 11524 11394 3333 3305 1028 13510 13306
cat_boundaries=0 1 2
cat_threshold=16 275
is_linear=0
shrinkage=0.05


Tree=71
num_leaves=15
num_cat=1
split_feature=29 7 25 16 24 0 15 16 25 14 21 23 24 9
split_gain=3194.7 2360.25 2197.35 2354.24 2770.5 1783.82 1681.28 1886.42 1834.94 2320.15 3583.53 1908.87 2195.85 3463.93
threshold=0 16.39377301661273 -0.93301270189221919 18.650510177953056 0.48034932442572503 14.585311022316217 17.196524932171446 18.36763154562799 -0.24999999999999997 2.192650358679165 10.714103478350465 2.52628242779662 3.8452582889243656 0.15391910863585098
decision_type=1 2 2 2 8 2 2 2 2 10 10 10 10 2
left_child=2 5 -1 4 -4 -2 -6 8 9 -8 -11 -10 13 -13
right_child=1 -3 3 -5 6 -7 7 -9 11 10 -12 12 -14 -15
leaf_value=0.0045022622868124591 -0.0034876999072081501 -0.0046561809963549007 0.003742233089926425 -0.0016781258029624686 -0.00058438758940102388 0.002396659429518755 0.0012757646602182746 -0.00060137944648575839 0.0054981555214167295 0.00056534479047687532 -0.0088445689765861164 -0.0020138586807804731 0.0079169236391301266 0.0014909723731824618
leaf_weight=1190869.7346065044 6708393.0171095133 266926.38549804688 1719887.6888103485 291910.45620727539 3328595.4807953835 2944382.5124511719 1279169.7583236694 869823.70178222656 1579558.3215036392 411014.29562091827 286922.96084594727 225843.69918823242 704822.23117446899 1571969.6944038868
leaf_count=1360 17392 69 1433 106 7202 1354 1248 167 1063 455 192 92 836 1544
internal_value=0.000437344 -0.000243491 0.000939087 0.000740062 0.000848186 -0.000115237 0.000536808 0.000980474 0.00129305 4.27863e-05 -0.00227604 0.00189858 0.00103961 0.000112265
internal_weight=2.33801e+07 9.9197e+06 1.34604e+07 1.22695e+07 1.19776e+07 9.65278e+06 1.02577e+07 6.92912e+06 6.0593e+06 1.97711e+06 697937 4.08219e+06 2.50264e+06 1.79781e+06
internal_count=34513 18815 15698 14338 14232 18746 12799 5597 5430 1895 647 3535 2472 1636
cat_boundaries=0 1
cat_threshold=49
is_linear=0
shrinkage=0.05


Tree=72
num_leaves=15
num_cat=0
split_feature=16 11 14 10 17 9 3 16 18 10 23 16 20 15
split_gain=2137.79 2799.36 2861.66 2820.41 2797.48 4634.98 2563.96 1916.66 1688.23 1673.5 1803.44 3499.02 3550.68 4511.9
threshold=17.596891769448991 0.11548245711180712 1.5533272473917241 0.039571462424036405 0.39211591187223777 0.16989039898214703 16.690778174436563 18.342196337377381 0.11387300037632896 -0.16449141470753043 3.5708120929133655 16.659930501733985 0.025141444953454203 19.177649224056299
decision_type=2 2 10 2 2 2 2 2 10 2 10 2 8 2
left_child=9 4 -3 -4 6 -6 7 -2 -9 -1 11 -11 -13 -14
right_child=1 2 3 -5 5 -7 -8 8 -10 10 -12 12 13 -15
leaf_value=-0.0018973013727371084 0.0033957243060857285 -0.0060777030978946857 0.0043092434685771432 -0.0040450948835768184 -0.0038182013009043191 0.0036359051163522439 0.0029117269120742407 0.00047844322922665513 -0.004551628015496449 0.0012137733458170243 0.0042257089451133026 -0.00044447237921073379 -0.0092995745536134829 -0.0056524695060776453
leaf_weight=5706105.5249037743 703836.29051208496 232633.31736755371 322132.0451965332 239547.61819458008 380714.61291503906 442926.61688232422 1689077.2797851562 398097.26260375977 214598.91186523438 6515239.4033491611 5145153.8694608212 854156.53049850464 220941.52450561523 177689.77575683594
leaf_count=11556 442 115 124 124 97 135 311 357 56 11165 9092 603 221 44
internal_value=0.000323982 0.00128626 -0.00141503 0.000516379 0.0018466 -0.000735029 0.00255406 0.00089993 -0.00114482 8.5028e-05 0.000400133 -8.07591e-05 -0.00250075 -0.00639721
internal_weight=2.32429e+07 4.62356e+06 794313 561680 3.82925e+06 823641 3.00561e+06 1.31653e+06 612696 1.86193e+07 1.29132e+07 7.76803e+06 1.25279e+06 398631
internal_count=34442 1761 363 248 1398 232 1166 855 413 32681 21125 12033 868 265
is_linear=0
shrinkage=0.05


Tree=73
num_leaves=15
num_cat=2
split_feature=2 19 21 4 9 7 28 24 9 3 29 2 26 1
split_gain=4212.81 2675.05 2726.05 1991.01 2055.44 1496.74 1382.31 1297.46 1746.92 1447.53 1399.89 1523.29 1836.09 1429.19
threshold=16.272388657055533 0.022226864345365301 10.870851662968304 16.701148858548322 2.3236056925697293 10.994067053814303 0 2.6761558945178754 0.42992382811509372 16.3974896391274 1 15.466483240848307 -0.5 14.619832342740713
decision_type=2 2 10 2 2 2 1 10 2 2 1 2 2 2
left_child=3 6 -3 4 7 -6 -2 9 -9 10 -1 12 13 -12
right_child=1 2 -4 -5 5 -7 -8 8 -10 -11 11 -13 -14 -15
leaf_value=0.0014072167552529693 0.0032615894816376209 0.00044084024468352205 -0.0026650487761354074 -0.013169518722767577 0.004638423815675567 -0.043625332929354277 0.00023288778399776036 0.0044893604086295594 0.00033661960617291945 -0.0029274118747148574 -0.0050941226990594141 -0.0042478962114167879 0.0015705632700460531 -0.011397260959822991
leaf_weight=6089478.3032860756 2544741.7189941406 670093.55932617188 571296.80810546875 117073.9189453125 814352.86433267593 1841142.7154541016 840428.08740234375 3218956.2850170135 2754255.6480094194 164511.92309570312 889382.84597945213 352467.47717285156 2278821.1106910706 229468.85882568359
leaf_count=7635 520 154 104 32 7234 4354 199 3787 5162 46 1593 134 3483 135
internal_value=0.000456388 0.00180764 -0.000177733 0.000122965 0.000163806 -0.00112433 0.00253571 0.0003779 0.000961009 2.97397e-05 0.000107508 -0.000652457 -0.00032789 -0.0019867
internal_weight=2.33765e+07 4.62656e+06 1.24139e+06 1.87499e+07 1.86328e+07 2.6555e+06 3.38517e+06 1.59773e+07 5.97321e+06 1.00041e+07 9.83962e+06 3.75014e+06 3.39767e+06 1.11885e+06
internal_count=34572 977 258 33595 33563 11588 719 21975 8949 13026 12980 5345 5211 1728
cat_boundaries=0 1 2
cat_threshold=768 9
is_linear=0
shrinkage=0.05


Tree=74
num_leaves=15
num_cat=2
split_feature=9 8 29 19 16 1 21 16 28 25 18 7 25 22
split_gain=3615.6 3329.65 3262.43 2336.72 3063.37 2128.46 1676.95 2118.8 1575.44 1502.71 1488.29 3112.15 2831.92 2764.11
threshold=0.13056622037921709 0.064852118826147817 0 0.071218089062251702 16.245575259198525 13.02369501484158 10.949198539433239 18.650510177953056 1 0.68301270189221941 0.21373264058444422 14.495121830246518 -0.24999999999999997 17.906568142820003
decision_type=2 2 1 2 2 2 10 2 1 2 10 2 2 2
left_child=-1 2 -2 5 -5 8 7 9 -3 10 11 -7 13 -13
right_child=1 3 -4 4 -6 6 -8 -9 -10 -11 -12 12 -14 -15
leaf_value=0.0024440463126841308 0.00014255782098672714 0.0056394606949048834 -0.009509979395414694 -0.00042239200410472942 -0.017677772805623659 0.0025243045071257058 0.0023078767256218074 -0.0014803976028604279 -0.0080636380507566417 0.0034408586863964152 0.00098116008609498251 -0.012460829739071644 -0.00017832862410797196 -0.003210389854938483
leaf_weight=1512648.3649139404 75911.691800951958 1466172.3613672256 81971.947712779045 95592.032138824463 68129.89860534668 1397948.7199859619 2138422.3596191406 192253.52209472656 4954798.9477404356 3261278.2000732422 6922522.9607849121 206054.5263671875 524340.98693847656 438329.81713867188
leaf_count=682 109 7457 127 201 43 1562 1122 49 16427 2066 4137 123 246 186
internal_value=0.000381667 0.000217817 -0.00701694 0.000270538 -0.00568023 0.000315848 0.000640446 0.000426133 -0.000446544 0.000504689 0.000186472 -0.000841889 -0.00274605 -0.00496624
internal_weight=2.33364e+07 2.18237e+07 157884 2.16658e+07 163722 2.15021e+07 1.50812e+07 1.29427e+07 6.42097e+06 1.27505e+07 9.4892e+06 2.56667e+06 1.16873e+06 644384
internal_count=34537 33855 236 33619 244 33375 9491 8369 23884 8320 6254 2117 555 309
cat_boundaries=0 1 2
cat_threshold=1 515
is_linear=0
shrinkage=0.05


Tree=75
num_leaves=15
num_cat=2
split_feature=29 4 19 17 23 11 17 5 23 1 10 21 28 3
split_gain=2528.35 2201.9 1969.64 1917.11 3128.08 3135.66 4173.82 3208.99 2143.46 3064.9 2977.99 2000.65 1947.5 2264.93
threshold=0 16.860170040119087 0.071218089062251702 0.008056163950089101 3.5708120929133655 -0.11052986724660478 0.24497248980684103 17.382494435338344 1.5288461383437102 14.551374374587914 -0.0093581280678662494 10.882353424141339 1 14.752723084872505
decision_type=1 2 2 2 10 2 2 2 8 2 2 10 1 2
left_child=1 -1 3 -2 5 11 7 8 -7 -10 -11 12 13 -5
right_child=2 -3 -4 4 -6 6 -8 -9 9 10 -12 -13 -14 -15
leaf_value=0.0018400477565067815 -0.008667713444159347 0.0022358754000858161 -0.034799879716228721 -0.011308856233902105 0.0042209476082584003 0.0031479591782344711 -0.0014881909880044757 0.0082864947097277455 0.0032912125817516433 -0.0095160598168032087 -0.0011934079180676296 0.0051235310820751216 0.0038821293956669521 0.0061738325218134837
leaf_weight=10499300.25408268 3928717.3128870726 1251352.3244628906 82467.601373672485 306155.44055175781 1752869.4236984253 1200215.0730743408 654468.67944335938 392658.4541015625 587059.26132965088 517538.22473144531 506991.69171142578 668713.56353759766 794750.42570495605 99948.16943359375
leaf_count=15008 13326 247 149 354 1630 1181 143 56 998 204 233 273 695 56
internal_value=0.000436194 0.000951918 -9.1113e-05 -3.54646e-05 0.000434195 -0.000131358 -0.000945595 -0.000202456 -0.000793733 -0.00198508 -0.00363563 0.00154929 0.000328729 -0.00248807
internal_weight=2.32432e+07 1.17507e+07 1.14926e+07 1.14101e+07 7.48137e+06 5.7285e+06 3.85893e+06 3.20446e+06 2.8118e+06 1.61159e+06 1.02453e+06 1.86957e+06 1.20085e+06 406104
internal_count=34553 15255 19298 19149 5823 4193 2815 2672 2616 1435 437 1378 1105 410
cat_boundaries=0 1 2
cat_threshold=5 556
is_linear=0
shrinkage=0.05


Tree=76
num_leaves=15
num_cat=1
split_feature=3 19 7 9 25 25 28 15 19 2 10 26 15 22
split_gain=3730.56 3253.8 1633.87 1571.57 1563.85 1582.39 2659.7 2107.36 1549.67 1843.46 1384.14 1608.42 3360.16 2002.64
threshold=17.006344156415725 0.016262469629360007 17.115974588496943 0.94040243928908251 -0.93301270189221919 -0.6830127018922193 0 18.240697324411439 -0.015044224044914999 16.035613885257231 -0.024014385761135147 -0.5 19.393848674083568 17.223726295556734
decision_type=2 2 2 2 2 2 1 2 2 2 2 2 2 2
left_child=2 -2 3 4 -1 6 7 -6 -8 -10 -7 12 13 -12
right_child=1 -3 -4 -5 5 10 8 -9 9 -11 11 -13 -14 -15
leaf_value=0.0041889903156819286 0.0041122392913086397 -0.00066617999174140756 -0.0062576206564878018 -0.0083694366349311971 -0.0022776706646603869 0.00022560799747514064 0.001299579489653281 -0.006085811773643977 -0.00033256072679269799 -0.0037092975173342218 0.0078599480279128581 0.0036901466863259146 -0.019052424427211227 -0.0011584490911420182
leaf_weight=1536338.9573962688 1490389.111328125 599592.6708984375 98020.810546875 3688868.1804802418 406437.29597699642 6373862.9546779394 779590.28054046631 170301.40655136108 1395664.6270422935 245563.80883789062 910900.42573595047 4288067.0496854782 129552.52969360352 1336632.183604002
leaf_count=1636 259 101 18 15059 395 6881 877 131 1775 65 1215 4887 99 1250
internal_value=0.000471203 0.00248732 0.000273934 0.000303626 0.000500578 0.000354585 -0.000681296 -0.00373263 4.56712e-05 -0.00082621 0.000592725 0.0010965 5.32848e-05 0.000504618
internal_weight=2.34498e+07 2.08998e+06 2.13598e+07 2.12618e+07 1.75729e+07 1.60366e+07 2.99756e+06 576739 2.42082e+06 1.64123e+06 1.3039e+07 6.66515e+06 2.37709e+06 2.24753e+06
internal_count=34648 360 34288 34270 19211 17575 3243 526 2717 1840 14332 7451 2564 2465
cat_boundaries=0 1
cat_threshold=168
is_linear=0
shrinkage=0.05


Tree=77
num_leaves=15
num_cat=2
split_feature=9 16 28 24 16 11 8 3 2 3 2 28 7 5
split_gain=1969.33 1943.79 3249.83 6226.56 2346.05 2323.29 3294.77 2266.1 3191.44 1452.85 1775.81 1527.92 1293.87 2144.82
threshold=1.6606642077571649 18.435443290659602 0 1.6185599954412302 17.596891769448991 0.093651099673423624 0.14137066746495244 16.690778174436563 16.395876229078294 16.850451675266942 16.395876229078294 1 11.140366070157127 12.668259907129586
decision_type=2 2 1 10 2 2 2 2 2 2 2 1 2 2
left_child=1 4 -3 -4 9 7 -7 8 -6 10 11 -1 -2 -14
right_child=12 2 3 -5 5 6 -8 -9 -10 -11 -12 -13 13 -15
leaf_value=-0.081900439586621104 0.0036213655304729699 0.0031909078735602339 -0.0021045275470086273 0.0021172920056560913 0.0028273404203644414 -0.0029712094367709933 0.00201252465697581 0.003378501579431808 -0.0020080472530054432 -0.0028446590346730386 0.0028981028354932779 0.00099479217962618284 -0.053789090436811106 0.045340371222527369
leaf_weight=75087.232876062393 986301.84132027626 445588.78198242188 496511.13235473633 369275.25408935547 1062576.435043335 234536.52835083008 395527.91439819336 1355781.5258789062 258250.03833007812 352251.5087890625 880349.97729492188 14602278.604616761 1359940.5833129883 496054.72094726562
leaf_count=164 8542 175 172 137 679 70 211 256 65 77 225 19685 3489 736
internal_value=0.000364158 0.000534947 -0.00132755 -0.00311319 0.000662047 0.00187387 -0.00085779 0.00251689 0.00104292 0.000410186 0.000482081 0.000351253 -0.00086933 -0.001647
internal_weight=2.33703e+07 2.0528e+07 1.31138e+06 865786 1.92166e+07 3.30667e+06 630064 2.67661e+06 1.32083e+06 1.591e+07 1.55577e+07 1.46774e+07 2.8423e+06 1.856e+06
internal_count=34683 21916 484 309 21432 1281 281 1000 744 20151 20074 19849 12767 4225
cat_boundaries=0 1 2
cat_threshold=273 128
is_linear=0
shrinkage=0.05


Tree=78
num_leaves=15
num_cat=1
split_feature=9 11 16 19 29 21 20 27 11 16 10 21 9 9
split_gain=2665.15 2007.79 1787.82 1739.43 2488.95 1636.67 1561.92 1916.14 2220.59 3899.49 1510.11 2255.52 1452.3 1429.55
threshold=0.13056622037921709 0.12804778057018137 18.650510177953056 0.071218089062251702 0 10.902443370709145 0.060067265379637753 6.5000000000000009 -0.35317269885486707 17.340407118629656 -0.21327881188719727 11.052118412003972 6.0138703852461353 0.16480325760715323
decision_type=2 2 2 2 1 10 10 2 2 2 2 10 2 2
left_child=1 -1 3 5 -5 12 7 -7 9 -9 11 -10 -2 -12
right_child=2 -3 -4 4 -6 6 -8 8 10 -11 13 -13 -14 -15
leaf_value=0.0025868289667587787 0.00024145712040154522 -0.0023050952388261876 -0.0014498792918177595 -0.032660214327254626 0.0010819846260097393 0.0054770204711321428 -0.0079272323686455076 -0.0028442419632714998 -0.0080998556025337204 -0.16768210082578716 -0.0088271239415534525 0.00082004126573614216 -0.045061260282732864 0.002600733266852358
leaf_weight=1179912.213394165 18076765.223171592 257148.46459960938 326610.4020690918 80975.869972229004 89159.811611175537 1743811.3592379093 84316.038610458374 73780.227315425873 91760.273595809937 33868.193687438965 138595.03454589844 111045.10273456573 109214.35827636719 1013112.8257465363
leaf_count=582 29255 95 110 134 130 1993 124 309 145 15 73 207 249 1130
internal_value=0.000351164 0.00243727 0.00021473 0.00027013 -0.0047656 0.000310024 0.0013362 0.00151287 0.000177945 -0.00673391 0.000727257 -0.0032512 0.000124363 0.00142783
internal_weight=2.34101e+07 1.43706e+06 2.1973e+07 2.16464e+07 170136 2.14763e+07 3.29029e+06 3.20597e+06 1.46216e+06 107648 1.35451e+06 202805 1.8186e+07 1.15171e+06
internal_count=34551 677 33874 33764 264 33500 3996 3872 1879 324 1555 352 29504 1203
cat_boundaries=0 1
cat_threshold=26
is_linear=0
shrinkage=0.05


Tree=79
num_leaves=15
num_cat=1
split_feature=16 10 16 26 24 11 16 25 18 18 11 28 0 15
split_gain=1910.71 3989.52 2926.46 4890.72 2589.73 1592.15 1342.6 3628.28 2832.41 5486.15 2256.92 1593.81 1454.5 1490.68
threshold=18.435443290659602 -0.059266550924993645 18.114578210008297 -0.9330127018922193 1.2270203362160601 0.13971898582045392 17.150215940223493 -0.24999999999999997 0.28324693998890349 0.076578205313238265 0.093651099673423624 0 13.206897620634777 14.636145638210072
decision_type=2 2 2 2 10 2 2 2 10 10 2 1 2 2
left_child=2 -2 6 -4 -3 -5 12 8 9 11 -9 -8 13 -1
right_child=1 4 3 5 -6 -7 7 10 -10 -11 -12 -13 -14 -15
leaf_value=0.0069413619869234007 -0.0040129148603495228 -0.00071849280663222894 -0.0030819503638857045 0.0025734221721529799 0.0025980212839423664 -0.00078707777863504388 -0.032594440405094301 0.0038114977859210158 -0.0015086257770044146 -0.014693571028039263 -0.0053331457078600718 0.010435950095153232 0.001035416324676986 -0.0043801540036834015
leaf_weight=666138.38835382462 274777.17739868164 302353.60745239258 286641.5677947998 2497447.0299987793 765772.35403442383 321513.82418823242 70626.609312057495 414847.51630401611 187598.96557617188 142791.32214355469 246425.57155609131 83748.911628723145 10926128.2840271 6187301.0416884422
leaf_count=4686 130 97 113 889 266 179 139 255 40 73 179 112 7422 19951
internal_value=0.000302042 -0.001529 0.000413652 0.00183622 -0.000146743 0.00246894 0.000180214 -0.00147853 -0.00476436 -0.00780103 0.000930246 -0.00126723 0.000287134 -0.000283877
internal_weight=2.33741e+07 1.3429e+06 2.20312e+07 3.1056e+06 1.06813e+06 2.81896e+06 1.89256e+07 1.14604e+06 484766 297167 661273 154376 1.77796e+07 6.85344e+06
internal_count=34531 493 34038 1181 363 1068 32857 798 364 324 434 251 32059 24637
cat_boundaries=0 1
cat_threshold=664
is_linear=0
shrinkage=0.05


Tree=80
num_leaves=15
num_cat=1
split_feature=0 6 17 14 20 4 0 22 22 28 21 14 14 23
split_gain=2239.31 4145.17 3672.79 2092.31 1784.93 1561.87 1606.94 1659.11 7157.89 1664.08 1512.25 1854.68 2421.48 2047.15
threshold=16.03763924788834 16.30949344286088 0.39211591187223777 2.3208692223973153 0.017956078993836253 16.410410087137191 14.874167293398422 16.66341058270601 16.673857609499837 0 10.482047616024342 1.9503587306536587 1.4304988899977686 2.7293621976896754
decision_type=2 2 2 8 10 2 2 2 2 1 8 10 10 10
left_child=1 5 4 -4 -2 6 7 -1 -9 -10 -8 12 -12 -13
right_child=2 -3 3 -5 -6 -7 10 8 9 -11 11 13 -14 -15
leaf_value=0.0025862660635181649 0.001868837546496998 -0.017600553653752338 0.00019949458530136655 -0.0012197561841422585 -0.00021911181713503026 -0.0065215923168323552 0.0035294041860639996 -0.48211388379920961 0.005226940281756404 -0.0016549246404322427 -0.0031376791136341433 -2.8614188313115699e-05 0.0072136727536044601 -0.0064468093392098594
leaf_weight=6111806.0015993118 3601428.6761474609 109229.41625976562 501334.02880859375 463809.697265625 824875.72448730469 176905.2490234375 2056298.9817504883 72333.675037384033 762603.51037883759 7074706.7188794613 354092.00067138672 476654.31750488281 520201.33020019531 264486.49560546875
leaf_count=15504 821 30 123 81 195 55 993 146 3534 12215 171 224 257 127
internal_value=0.000427976 0.000159962 0.00132174 -0.00147299 0.00193113 0.000219318 0.000266058 2.22174e-05 -0.000455882 -0.000311381 0.00119723 5.23872e-05 0.00161223 -0.0017877
internal_weight=2.33708e+07 1.79793e+07 5.39145e+06 965144 4.4263e+06 1.78701e+07 1.76932e+07 1.40214e+07 7.90964e+06 7.83731e+06 3.67173e+06 1.61543e+06 874293 741141
internal_count=34476 33256 1220 204 1016 33226 33171 31399 15895 15749 1772 779 428 351
cat_boundaries=0 1
cat_threshold=3
is_linear=0
shrinkage=0.05


Tree=81
num_leaves=15
num_cat=1
split_feature=29 4 17 11 5 15 20 11 5 19 20 0 24 22
split_gain=2012.45 3329.44 1905.73 5188.29 2598.04 1639.17 2730.52 1863.36 4566.71 1618.29 1635.85 3117.9 1547.85 1654.26
threshold=0 17.019152678527846 0.24497248980684103 -0.059825594992933093 17.382494435338344 17.925087204804424 0.075003129718802464 -0.016427861013408294 16.793627513211842 0.012756320567288053 0.010904555156009953 15.668470468809554 1.9156176504468603 16.66341058270601
decision_type=1 2 2 2 2 2 10 2 2 2 8 2 10 2
left_child=1 5 4 -4 -2 7 -7 9 12 10 -1 -12 -9 -14
right_child=2 -3 3 -5 -6 6 -8 8 -10 -11 11 -13 13 -15
leaf_value=0.0028251887407481184 -0.00017632309214821737 0.0022033007741482126 0.0010540735686953933 -0.0017853834108061272 0.006612310553378427 0.0028015248405013297 -0.002441472492851305 0.0017142250398237198 -0.010593925721908592 0.0030807508709605005 -0.0020589491967792019 -0.0091666527409544774 0.006956271392688413 -0.0087224604467838959
leaf_weight=1026080.8213231564 11373187.38785255 890533.88256835938 498190.80200195312 571425.33178710938 621153.80615234375 4323706.3050422668 120011.20861816406 1042046.7062168121 63055.4609375 939113.78556871414 511022.93542945385 87310.15185546875 359346.02611684799 959597.91597080231
leaf_count=1523 20047 172 104 120 88 4660 56 1642 13 1632 1425 25 1055 2019
internal_value=0.000340618 0.000862431 -7.16668e-05 -0.00209393 0.000108672 0.00058649 0.00128483 -3.57033e-05 -0.00102956 0.000904075 -5.11157e-05 -0.00212896 -0.000674894 -0.00181283
internal_weight=2.33858e+07 1.03218e+07 1.3064e+07 1.06962e+06 1.19943e+07 9.43129e+06 4.44372e+06 4.98757e+06 2.42405e+06 2.56353e+06 1.62441e+06 598333 2.36099e+06 1.31894e+06
internal_count=34581 14222 20359 224 20135 14050 4716 9334 4729 4605 2973 1450 4716 3074
cat_boundaries=0 1
cat_threshold=33
is_linear=0
shrinkage=0.05


Tree=82
num_leaves=15
num_cat=1
split_feature=7 11 17 21 14 20 17 10 8 7 11 9 28 9
split_gain=2066.02 2323.44 5367.76 1792.8 4273.35 1791.56 4709.11 1754.19 1476.53 1488.26 1319.59 1305.23 1305.11 2669.34
threshold=15.413491738038497 0.11548245711180712 0.24497248980684103 10.051566777035639 1.5238669723298408 0.054858233316907506 0.054653862295155356 -0.024014385761135147 0.25774008379635577 15.035255036558885 -0.088377571599897481 6.0138703852461353 0 0.27569399517207915
decision_type=2 2 2 8 8 8 2 2 2 2 2 2 1 2
left_child=7 5 3 -3 -5 -2 10 11 -9 -10 -7 12 -1 -14
right_child=1 2 -4 4 -6 6 -8 8 9 -11 -12 -13 13 -15
leaf_value=0.00042133717813165226 0.0017261104313136032 0.007201535776324439 -0.0042364411336618521 -0.0033916178412145971 0.0028161390952377461 -0.00041867534520818422 -0.0025638376618777807 0.0035991225502264323 0.0017921995708422859 -0.0056985451589702599 0.0056297651487592394 -0.040231772431848861 -0.0070270086695610953 -0.0020192009593630969
leaf_weight=4663804.282135129 4251866.5246582031 621354.63354492188 363469.15185546875 372958.11157226562 434430.01904296875 287267.18920898438 378233.89526367188 2420427.243844986 5377130.0348973274 366451.9638671875 422484.19775390625 63723.780578613281 532872.72521972656 2745710.4978100061
leaf_count=9004 1026 205 78 116 101 103 99 3092 13138 183 143 147 468 6605
internal_value=0.000387002 0.00109591 -0.000461843 0.000918314 -0.00063546 0.00161873 -0.000191769 7.433e-05 0.000590047 0.000153537 0.00220958 -0.000451558 -0.000394373 -0.00115881
internal_weight=2.33022e+07 7.13206e+06 1.79221e+06 1.42874e+06 807388 5.33985e+06 1.08799e+06 1.61701e+07 8.16401e+06 5.74358e+06 709751 8.00611e+06 7.94239e+06 3.27858e+06
internal_count=34508 1871 500 422 217 1371 345 32637 16413 13321 246 16224 16077 7073
cat_boundaries=0 1
cat_threshold=323
is_linear=0
shrinkage=0.05


Tree=83
num_leaves=15
num_cat=0
split_feature=3 26 19 19 0 21 5 3 23 11 4 25 23 4
split_gain=2380.37 1988.63 2242.19 2614.91 2354.58 2238.98 1869.61 2850.8 1799.25 1755.83 1566.45 2296.23 1442.69 1415.23
threshold=14.89165024877475 0.25000000000000017 0.024761595864785001 -0.014479573299769398 16.152874941917947 10.915910710730113 16.440364546327579 15.804550983324974 1.4447413516365402 0.25134356041538203 14.23098100930329 1.0000000180025095e-35 6.8867884999821509 15.333319931153808
decision_type=2 2 2 2 2 8 2 2 8 2 2 2 8 2
left_child=9 -2 3 5 8 6 7 -3 -5 -1 12 -12 -11 -10
right_child=1 2 -4 4 -6 -7 -8 -9 13 10 11 -13 -14 -15
leaf_value=0.0014228564760171807 0.001707722776470944 0.0015602495001720649 -0.0028921433891413544 0.0048663029036878627 0.0037274633934164872 -0.00078052647571582765 0.0031325282041741263 -0.0037729281686403066 0.0016991601074811625 -0.0072086483215711011 -0.012086736953369724 -0.0020875457250605469 0.010528880232282472 -0.004911315014536257
leaf_weight=10813264.374083281 5525594.510925293 428639.14929199219 498425.04870605469 300363.23083496094 1095566.9140625 306615.65856933594 286248.32080078125 284576.55029296875 359663.56561279297 2244839.7486190796 242721.11337280273 221671.15539550781 456421.57572555542 311643.90588378906
leaf_count=23319 1821 210 165 127 243 69 63 89 193 6386 168 148 1408 118
internal_value=0.00044229 0.00105766 0.000188743 0.000651256 0.00175778 -0.00110012 4.651e-05 -0.0013235 -3.40311e-05 2.86042e-05 -0.00100707 -0.00368955 -0.000545903 -0.00147322
internal_weight=2.33763e+07 9.39734e+06 3.87174e+06 3.37332e+06 2.06724e+06 1.30608e+06 999464 713216 971671 1.39789e+07 3.16565e+06 464392 2.70126e+06 671307
internal_count=34527 3098 1277 1112 681 431 362 299 438 31429 8110 316 7794 311
is_linear=0
shrinkage=0.05


Tree=84
num_leaves=15
num_cat=0
split_feature=10 16 8 16 14 14 3 26 16 7 22 16 23 8
split_gain=1606.3 7776.34 1977.3 2481.85 1720.02 2761.85 5679.11 2068.52 2800.68 2653.5 1591.17 2407.77 1619.45 1584.46
threshold=-0.059266550924993645 18.472836192843562 0.26426021986977311 18.650510177953056 2.1163166400099445 2.0203755209170109 15.328408887801364 -0.9330127018922193 16.99325722950546 16.203243434593986 18.66055157771083 18.284852716366021 2.9297587472125404 0.079084972427515068
decision_type=2 2 2 2 10 10 2 2 2 2 2 2 10 2
left_child=1 4 10 -4 5 13 -7 8 -6 -9 11 -2 -12 -1
right_child=2 -3 3 -5 7 6 -8 9 -10 -11 12 -13 -14 -15
leaf_value=-0.0090840030043324548 0.001083662654664071 -0.0081463723293014236 0.00049139204883933243 -0.0039783412271793784 0.0062919649783036782 -0.00084405518167746303 -0.034906001578335961 0.0013063327958578038 -0.0078709674201614815 0.006359655198306201 0.0039749138073179495 -0.002178886696276622 0.0016814442369156445 -0.00026809967755171487
leaf_weight=81307.724531769753 4108598.7475910187 191301.8232421875 7001022.1606156826 53956.735565185547 161163.84009838104 149283.85804176331 62746.015380859375 1813864.6077947617 118838.333984375 682710.21142578125 1225566.3564338684 428119.4235534668 720484.54351043701 6643092.470672369
leaf_count=133 3670 96 14324 26 470 337 22 4810 42 144 447 138 379 9551
internal_value=0.000275723 -0.000208167 0.00062974 5.04916e-05 -1.1547e-05 -0.000432513 -0.00605114 0.00104011 -0.00303497 0.00149715 0.00126012 0.000747074 0.00245615 -0.00025535
internal_weight=2.34421e+07 9.90431e+06 1.35377e+07 7.05498e+06 9.71301e+06 6.93643e+06 212030 2.77658e+06 280002 2.49657e+06 6.48277e+06 4.53672e+06 1.94605e+06 6.7244e+06
internal_count=34589 15605 18984 14350 15509 10043 359 5466 512 4954 4634 3808 826 9684
is_linear=0
shrinkage=0.05


Tree=85
num_leaves=15
num_cat=0
split_feature=3 26 10 17 9 14 26 14 16 9 22 23 21 18
split_gain=2208.91 2105.71 3137.16 2263.81 5079.85 2743.72 1821.1 3198.13 4623.97 2946.04 2519.36 2415.28 1715.57 1633.69
threshold=15.150770732625224 0.25000000000000017 0.22810750419466871 0.24497248980684103 0.16989039898214703 1.2986853142466546 -0.5 1.7253518187772425 18.342196337377381 0.17899252706628047 18.651885674616626 2.52628242779662 10.64927198777376 0.60285375058031188
decision_type=2 2 2 2 2 10 2 10 2 2 2 8 10 10
left_child=-1 6 3 5 -5 -3 7 9 10 -2 -9 -8 -7 -14
right_child=1 2 -4 4 -6 12 11 8 -10 -11 -12 -13 13 -15
leaf_value=0.00015719019068207178 0.0040830891769942047 -0.0092240580989092907 0.006931291891127663 -0.0017199986913476835 0.00015933302192595064 0.0033966899995627117 0.0063543309227498583 -0.0011397708493880501 -0.0042859928219616652 0.00024970036496259747 0.002862931892896884 0.0016279700576941111 0.0024485454405307923 -0.0025162537890484368
leaf_weight=15106953.989468336 633867.78576660156 309430.36730957031 325005.24658203125 398252.20849609375 551579.09460449219 935920.19079589844 1215177.96875 327123.34326171875 429506.63208007812 974099.73034667969 438804.83666992188 938343.48870849609 472829.20373535156 449999.90869140625
leaf_count=32130 138 117 98 93 136 320 357 129 99 343 111 302 136 127
internal_value=0.000420973 0.00107097 0.000121094 -0.000366182 -0.0024017 0.000525534 0.00173074 0.000890774 -0.00106785 0.0023469 0.00126081 0.00282419 0.00125124 -0.000278513
internal_weight=2.35069e+07 8.39994e+06 3.44302e+06 3.11801e+06 949831 2.16818e+06 4.95692e+06 2.8034e+06 1.19543e+06 1.60797e+06 765928 2.15352e+06 1.85875e+06 922829
internal_count=34636 2506 1027 929 229 700 1479 820 339 481 240 659 583 263
is_linear=0
shrinkage=0.05


Tree=86
num_leaves=15
num_cat=0
split_feature=11 9 16 19 17 23 2 23 21 21 7 4 17 7
split_gain=2174.08 3368.31 2787.93 2134.89 3304.09 1842.19 2819.96 1974.41 2232.7 2582.86 5142.05 1872 1805.55 1760.53
threshold=-0.12235937657627534 0.35285099206208809 18.650510177953056 0.034215370636019864 0.35588037541285428 1.4743159764435603 16.842637334131179 6.8867884999821509 10.843321358735773 10.631555854924844 16.805898420640069 15.157226915591695 0.13000427664369207 17.115974588496943
decision_type=2 2 2 2 2 10 2 10 8 10 2 2 2 2
left_child=1 12 3 5 13 6 -2 8 9 -7 11 -11 -1 -5
right_child=2 -3 -4 4 -6 7 -8 -9 -10 10 -12 -13 -14 -15
leaf_value=0.0023261356605323866 0.0019386582648674865 0.00052899949317041677 -0.0015597663976458561 -0.0023740906453324348 -0.0023563492914662728 -0.00079389233389398801 0.0033944215140042523 0.0054483635475440269 0.0013527591719401444 -0.0018398985926450758 -0.0035891954007734976 -0.0047876674900013058 0.0046837240451626056 0.0016635623799707529
leaf_weight=1555471.3323707581 3022615.1170597076 4353571.3370143175 238923.6852722168 2296350.4156391621 220890.21740722656 4962227.1466135979 445690.01513671875 1524931.7756884098 2275366.8188228607 756997.5047121048 90763.40234375 365619.50341796875 1096698.3081665039 127193.17822265625
leaf_count=1700 4517 10430 85 3591 78 7606 86 2583 2084 1168 18 139 388 20
internal_value=0.000275599 0.00101241 -4.05463e-05 3.90734e-05 -0.0012596 0.000294518 0.00128715 -5.05881e-05 -0.000349391 -0.000842698 -0.00291055 -0.00198505 0.00241706 -0.000726027
internal_weight=2.33333e+07 7.00574e+06 1.63276e+07 1.60886e+07 2.64443e+06 1.34442e+07 3.46831e+06 9.97591e+06 8.45097e+06 6.17561e+06 1.21338e+06 1.12262e+06 2.65217e+06 2.42354e+06
internal_count=34493 12518 21975 21890 3689 18201 4603 13598 11015 8931 1325 1307 2088 3611
is_linear=0
shrinkage=0.05


Tree=87
num_leaves=15
num_cat=2
split_feature=16 9 24 29 9 26 4 10 0 14 21 6 9 28
split_gain=2453.34 1986.9 1786.76 2473.03 3039.57 3400.21 3361.49 2560.22 8138.52 1999.91 3274.54 5838.76 2282.46 1935.26
threshold=18.650510177953056 0.099641508914028162 2.4077208795437905 0 0.14967138442708725 -0.68301270189221952 16.410410087137191 0.18685577207270218 15.668470468809554 0.92225932109080733 8.8662249854973947 14.763316496656628 0.63261438802544501 1
decision_type=2 2 10 1 2 2 2 2 2 10 10 2 2 1
left_child=1 -1 3 -3 -5 7 -7 -6 -9 10 -4 13 -11 -12
right_child=-2 2 9 4 5 6 -8 8 -10 12 11 -13 -14 -15
leaf_value=0.0017100595310797493 -0.0011090776816226782 0.00042801604809375487 0.0016513271436241141 -0.0051722567715154107 -0.0042024722603795396 -0.0018085717894572814 0.0046088806687471463 -0.026174861086187093 -0.011001444728177477 0.0025693288766472245 -0.022296362778592604 -0.030154825464644604 -0.0034433682444305149 -0.0060741946928507661
leaf_weight=467791.61112976074 366009.76574707031 7545228.682346344 1375661.929172039 217473.74142456055 1061456.4830651283 3245293.2461516857 506074.67749023438 182591.23043632507 56068.93359375 5645125.8276147842 70683.275932312012 54326.095947265625 2038034.2213191986 550812.27791023254
leaf_count=282 133 9964 2807 92 1546 5903 95 448 20 5242 95 28 6925 1125
internal_value=0.000242206 0.00030679 0.000239878 -0.000148054 -0.000979267 -0.000730092 3.3585e-05 -0.00293361 -0.00761289 0.000750532 -0.000636387 -0.00348643 0.00112085 -0.00211239
internal_weight=2.33826e+07 2.30166e+07 2.25488e+07 1.28142e+07 5.26896e+06 5.05148e+06 3.75137e+06 1.30012e+06 238660 9.73464e+06 2.05148e+06 675822 7.68316e+06 621496
internal_count=34705 34572 34290 18068 8104 8012 5998 2014 468 16222 4055 1248 12167 1220
cat_boundaries=0 1 2
cat_threshold=9 48
is_linear=0
shrinkage=0.05


Tree=88
num_leaves=15
num_cat=0
split_feature=9 1 26 0 2 23 17 6 1 19 2 23 0 5
split_gain=1683.4 2118.28 1563.63 2973.45 3099.79 1665.65 2669.37 2513.52 3339.41 1563.12 1471.7 1413.9 1810.9 2206.99
threshold=0.099641508914028162 17.423965936235351 -0.5 16.684382928863482 16.996524025785622 1.6363777215733102 0.39211591187223777 16.419896991757508 16.036713423938284 0.01031223928624665 16.395876229078294 -1.0000000180025095e-35 15.802459769609863 15.358794976538235
decision_type=2 2 2 2 2 10 2 2 2 2 2 8 2 2
left_child=-1 2 5 4 9 6 7 8 11 -4 -11 -2 13 -13
right_child=1 -3 3 -5 -6 -7 -8 -9 -10 10 -12 12 -14 -15
leaf_value=0.0036892432524540429 0.00065074545124228886 -0.00035926432100752675 8.1703209711946295e-05 0.0030235581413043085 -0.0021607663279358067 0.00036948331660796889 -0.0041338456734602734 0.00092553285626621826 -0.0097355925912773061 0.0038404798974507551 -0.002705035389337074 -0.0058908250896450758 0.005667062100416535 -0.0066466481137909582
leaf_weight=445048.9542388916 900122.18909358978 706655.41650390625 8942298.0974743366 1405701.8896484375 70206.020263671875 5110056.5733342171 141512.88305664062 249156.8291015625 155352.62548828125 4055694.776455164 180846.7265625 798366.5551981926 78617.719116210938 57912.52294921875
leaf_count=276 1697 104 14978 288 15 8011 58 51 49 7234 49 1560 29 23
internal_value=0.000328515 0.000269203 0.000355194 0.000655576 0.000423589 -0.000232441 -0.00132468 -0.00090385 -0.0014965 0.000479409 0.00127054 -0.0009006 -0.00226245 -0.00292924
internal_weight=2.32975e+07 2.28525e+07 2.21458e+07 1.46547e+07 1.3249e+07 7.4911e+06 2.38104e+06 2.23953e+06 1.99037e+06 1.31788e+07 4.23654e+06 1.83502e+06 934897 856279
internal_count=34422 34146 34042 22564 22276 11478 3467 3409 3358 22261 7283 3309 1612 1583
is_linear=0
shrinkage=0.05


Tree=89
num_leaves=15
num_cat=0
split_feature=10 1 9 2 3 1 17 2 11 0 7 11 9 17
split_gain=1653.03 1754.79 1594.42 1759.92 2552.57 1666.36 1554.66 1569.81 3663.14 1516.74 2162.1 1486.62 1281.88 1141.02
threshold=-0.024014385761135147 17.423965936235351 0.13056622037921709 17.165595607188539 17.171183635107628 16.995067760631983 0.12005163561103827 15.666534854658034 0.057901913564297254 16.993748182993098 16.98736325551755 -0.10687412552496318 6.0138703852461353 0.044588837978661207
decision_type=2 2 2 2 2 2 2 2 2 2 2 2 2 2
left_child=2 9 -1 4 5 6 7 12 -9 10 -2 -8 13 -4
right_child=1 -3 3 -5 -6 -7 11 8 -10 -11 -12 -13 -14 -15
leaf_value=0.0039477978608124112 0.0016590208546308977 -0.00050772053939388126 3.2465867601466204e-05 -0.00088735368518860563 0.0043390201647684678 -0.012128875881565597 0.0036196290530189873 -0.0040065796352914476 4.3617697470303856e-05 0.0016999125054857596 -0.014644440034358422 -8.0504048289008019e-05 -0.045101710684443054 -0.0055884973926448606
leaf_weight=465872.56707763672 10607026.969404578 603794.12158203125 6684838.3938361406 359988.0849609375 235939.759765625 84293.80859375 706831.27801513672 385372.716796875 418484.85473632812 833203.47705078125 81133.0615234375 997983.55038452148 60294.794448852539 764751.69631958008
leaf_count=182 17170 90 14687 55 45 16 369 113 123 164 16 511 138 786
internal_value=0.000303036 0.000707245 -0.000135948 -0.000260633 -0.000140971 -0.000261032 -0.00020213 -0.000484179 -0.0025842 0.000844945 0.000684769 0.00117332 -0.000259394 -0.000200624
internal_weight=2.32898e+07 1.21252e+07 1.11647e+07 1.06988e+07 1.03388e+07 1.01029e+07 1.00186e+07 8.31374e+06 803858 1.15214e+07 1.06882e+07 1.70481e+06 7.50988e+06 7.44959e+06
internal_count=34465 17440 17025 16843 16788 16743 16727 15847 236 17350 17186 880 15611 15473
is_linear=0
shrinkage=0.05


Tree=90
num_leaves=15
num_cat=0
split_feature=26 3 16 22 10 22 20 8 8 17 6 7 9 6
split_gain=1660.31 2261.64 2096.75 1855.16 1576.68 3433.37 3670.36 2054.09 2326.84 2340.37 3093.83 1915.75 1688.24 1646.34
threshold=0.25000000000000017 15.203240784805905 18.650510177953056 19.623793835603895 0.19167570720599605 19.623793835603895 0.003965790234785751 0.096798193245150224 0.18850960025037897 0.24497248980684103 16.964547881697367 14.728527936818516 0.30363858763936519 14.398866120038827
decision_type=2 2 2 2 2 2 10 2 2 2 2 2 2 2
left_child=1 -1 4 -3 5 7 12 -2 9 10 -9 -6 -7 -10
right_child=2 3 -4 -5 11 6 -8 8 13 -11 -12 -13 -14 -15
leaf_value=0.00072285823647726924 0.0041176065366519193 0.00068169007670615097 -0.0011799120088810749 0.0096301451154784043 0.001284232286300967 -0.011424128706208361 0.0079969915959180442 -0.0021054401754724578 -0.0031707862619513509 -0.00092931502410625714 0.003498864715568633 0.0069764364107200594 -0.018657340940847072 0.0026212298659951151
leaf_weight=9129868.937011838 469544.61610424519 4175546.7907714844 240332.62835693359 475447.390625 1291293.6555384398 150767.70803833008 134147.92820739746 1090319.2589378357 3019573.8346297741 360322.25811767578 186376.78955078125 536442.01599121094 157234.65072631836 1880210.6134033203
leaf_count=19086 332 1221 84 126 3402 58 149 941 7779 108 31 216 153 862
internal_value=0.000345582 0.000696344 -0.000162354 0.00159378 -4.28939e-05 -0.000365802 -0.00463904 -9.61298e-05 -0.000325581 -0.00195763 -0.000953271 0.00127304 -0.00764549 0.000219686
internal_weight=2.32974e+07 1.37809e+07 9.51657e+06 4.65099e+06 9.27623e+06 7.4485e+06 442150 7.00635e+06 6.5368e+06 1.63702e+06 1.2767e+06 1.82774e+06 308002 4.89978e+06
internal_count=34548 20433 14115 1347 14031 10413 360 10053 9721 1080 972 3618 211 8641
is_linear=0
shrinkage=0.05


Tree=91
num_leaves=15
num_cat=1
split_feature=25 28 27 5 1 15 11 4 17 15 22 11 4 15
split_gain=1867.9 2217.72 1886.65 2353.45 2634.67 2144.45 2433.9 3799.65 2091.52 2616.75 1879.44 1808.08 4011.36 2327.41
threshold=-0.24999999999999997 0 8.5000000000000018 17.131665029836004 16.995067760631983 18.220333147986914 0.071927894036668313 15.26867331021578 0.028027163426691502 18.165701425233532 18.657458918293191 0.18280861307515647 17.458037941908348 19.393848674083568
decision_type=2 1 2 2 2 2 2 2 2 2 2 2 2 2
left_child=1 2 8 4 5 -4 7 -7 -1 10 -10 13 -13 -2
right_child=11 -3 3 -5 -6 6 -8 -9 9 -11 -12 12 -14 -15
leaf_value=-0.00046163638291277893 0.0024625685544981562 0.00024402353492757969 0.0020568624878085895 0.0034759540874709062 -0.010751507005520461 -0.0031933154520887188 0.0030080808055313723 -0.0085400464558363642 -0.0050236937945272375 -0.0062566440681838436 0.00019004204156535928 -3.0819942201479771e-05 -0.0060393131049809815 -0.0075186732964278892
leaf_weight=444670.08676218987 9994266.6583856344 6670798.1077198982 979272.88442277908 189149.45458984375 86255.57177734375 174155.6340303421 203296.31618833542 87365.599365234375 247466.63317871094 257245.33898925781 273212.54724121094 3412227.575262785 73024.06884765625 231067.7866897583
leaf_count=1345 13798 10109 1678 35 18 363 340 35 143 85 96 6141 10 203
internal_value=0.000348737 -0.000185644 -0.0013292 -0.000261554 -0.000911878 -0.000404847 -0.00320152 -0.00639152 -0.00283077 -0.00439432 -0.00235601 0.000723408 -0.000260088 0.00105863
internal_weight=2.33235e+07 9.61289e+06 2.94209e+06 1.7195e+06 1.53035e+06 1.44409e+06 464818 261521 1.22259e+06 777925 520679 1.37106e+07 3.48525e+06 1.02253e+07
internal_count=34399 14247 4138 2469 2434 2416 738 398 1669 324 239 20152 6151 14001
cat_boundaries=0 1
cat_threshold=680
is_linear=0
shrinkage=0.05


Tree=92
num_leaves=15
num_cat=1
split_feature=6 11 19 27 4 22 8 15 14 0 15 29 26 19
split_gain=2238.45 2017.25 2396.67 1668.98 2562.49 2002.96 1663.61 1582.21 1309.9 1829.72 1717.26 2829.48 1389.94 1313.34
threshold=16.605552301010523 0.13971898582045392 0.022226864345365301 6.5000000000000009 16.166066284103554 21.05931847536657 0.18190792179624982 16.595431688625535 1.5533272473917241 14.343032940722862 18.199200115638927 0 0.6830127018922193 -0.010786498609322749
decision_type=2 2 2 2 2 2 2 2 10 2 2 1 2 2
left_child=3 2 -2 -1 5 8 -6 -7 9 -5 13 12 -12 -10
right_child=1 -3 -4 4 6 7 -8 -9 10 -11 11 -13 -14 -15
leaf_value=0.001401189486390553 0.0025253155660519924 -0.00081247948064594618 -0.00045129513015540099 -0.0006657975619692811 -0.0039009612123701884 -0.001862404216502011 -0.00029711649807637462 -0.031846860443835612 -0.0028343845258089655 0.0040091662572770848 -0.011214641508543274 -0.0041963493901443346 -0.0062362839888577791 0.0018605753016469465
leaf_weight=10016971.812537551 2138629.8322753906 572231.39477539062 764223.66259765625 3519349.1436772346 398008.00512695312 81512.840200424194 379353.32568359375 132590.82653808594 917227.46681547165 1767787.9201660156 80057.414579391479 955556.85837817192 65694.610796928406 1387505.4313420057
leaf_count=17109 413 107 146 7317 114 130 111 116 2617 997 150 1289 104 3717
internal_value=0.000309988 0.00147999 0.00201485 0.000103617 -0.000364411 -0.000124141 -0.0031175 -0.00490175 -6.47415e-06 0.000486149 -0.000771164 -0.00239529 -0.00888423 4.91742e-06
internal_weight=2.31767e+07 3.47508e+06 2.90285e+06 1.97016e+07 9.68464e+06 8.90728e+06 777361 214104 8.69318e+06 5.28714e+06 3.40604e+06 1.10131e+06 145752 2.30473e+06
internal_count=34437 666 559 33771 16662 16437 225 246 16191 8314 7877 1543 254 6334
cat_boundaries=0 1
cat_threshold=24
is_linear=0
shrinkage=0.05


Tree=93
num_leaves=15
num_cat=0
split_feature=16 3 16 24 4 2 16 22 22 9 25 22 11 22
split_gain=2993.74 3879.74 1331.1 3769.41 2395.05 2034.42 1290.29 1394.89 3249.77 1715.06 1455.39 1258.74 1288.58 1207.16
threshold=18.650510177953056 17.171183635107628 18.435443290659602 1.7949352587435352 17.019152678527846 17.165595607188539 18.407908271991452 16.66341058270601 16.673857609499837 5.9067517031441037 0.93301270189221952 16.541949759453949 0.26223373617785395 15.853999784557958
decision_type=2 2 2 10 2 2 2 2 2 2 2 2 2 2
left_child=1 2 4 -4 5 6 7 11 -9 10 -10 12 -1 -14
right_child=-2 -3 3 -5 -6 -7 -8 8 9 -11 -12 -13 13 -15
leaf_value=0.0030331654400997184 -0.0011681770485124207 0.0019420505249810368 -0.003230922835289772 0.0022602737251243921 0.0017910149956616051 -0.0071999458331135739 0.0030199580639541494 -0.45721298434800367 -0.0001318483512160438 -0.063674915909910396 0.0034962227242574077 0.0087067916022511762 0.0003674052377552891 -0.0096954326401178757
leaf_weight=5163055.2772679329 323667.8786315918 1296870.8452148438 398725.7975769043 215389.49017333984 606405.17309570312 80344.01953125 196813.72229003906 86395.767902374268 11633444.321628094 102036.83026123047 1153878.5420093536 673921.83104419708 987674.27195453644 413552.88110542297
leaf_count=11075 123 211 199 109 122 16 102 155 15763 237 1480 1300 2607 942
internal_value=0.000345655 0.000412829 0.000254147 -0.00204052 0.000320941 0.000229296 0.000260553 0.000221326 -8.88895e-05 -2.41065e-05 2.74143e-05 0.000777442 0.000566175 -0.000778544
internal_weight=2.33322e+07 2.30085e+07 2.17116e+07 614115 2.10975e+07 2.04911e+07 2.04108e+07 2.0214e+07 1.29758e+07 1.28894e+07 1.27873e+07 7.2382e+06 6.56428e+06 1.40123e+06
internal_count=34441 34318 34107 308 33799 33677 33661 33559 17635 17480 17243 15924 14624 3549
is_linear=0
shrinkage=0.05


Tree=94
num_leaves=15
num_cat=2
split_feature=16 11 16 28 17 23 15 23 24 22 22 8 28 15
split_gain=1813.69 2939.28 3794.11 4363.31 1968.31 1617.79 1341.34 1461.89 1298.49 1855.16 2949.81 2040.54 1784.06 1493.4
threshold=18.114578210008297 -0.11849552186030624 18.435443290659602 0 0.24497248980684103 2.9455941718968108 17.781014958955442 0.88788377220714665 2.6761558945178754 18.504247377479935 18.523966482831309 0.47706342242016703 1 19.326047965111346
decision_type=2 2 2 1 2 10 2 10 10 2 2 2 1 2
left_child=8 -2 5 -4 -5 6 7 -3 -1 11 -11 -10 -12 -13
right_child=1 2 3 4 -6 -7 -8 -9 9 10 12 13 -14 -15
leaf_value=-0.00026494464534120731 0.0038150421780936495 -0.00019097393206599967 -0.0022707584507664267 0.0024740410956813497 -0.00086159739444919929 -0.00070959557604451269 0.0014184836056808129 0.0015861702098830784 0.0034804082947728627 -0.018504093799888637 -0.029738242550933758 0.0028112091587124181 -0.0006513130113580608 -0.037418354449263946
leaf_weight=11400112.601080179 1213464.2297821045 235694.2790222168 278645.11999511719 397636.63800048828 327124.18853759766 298081.43472290039 1157737.9445800781 521002.65629577637 3950680.0843476057 50496.610912322998 45421.264131546021 1920512.83611691 1092169.5769070387 467905.95394134521
leaf_count=18506 498 154 123 178 66 111 227 331 4580 76 148 5845 2799 809
internal_value=0.000346237 0.00125703 0.000465839 -0.00208438 -3.99153e-05 0.0016224 0.0021559 0.000518845 0.000133093 0.000642756 -0.00117039 0.000982581 -0.000645488 -0.000171163
internal_weight=2.33567e+07 4.42939e+06 3.21592e+06 1.00341e+06 724761 2.21252e+06 1.91443e+06 756697 1.89273e+07 7.52719e+06 1.18809e+06 6.3391e+06 1.13759e+06 2.38842e+06
internal_count=34451 1688 1190 367 244 823 712 485 32763 14257 3023 11234 2947 6654
cat_boundaries=0 1 2
cat_threshold=100 4
is_linear=0
shrinkage=0.05


Tree=95
num_leaves=15
num_cat=1
split_feature=10 16 9 17 9 26 26 24 24 15 29 17 9 1
split_gain=2001.49 3682.56 2305.04 2190.54 1568.27 3760.02 1316.49 1289.91 1849.85 1299.89 1261.69 1897.76 1317.62 1242.23
threshold=-0.033155664309178996 18.472836192843562 0.14407582608325048 0.20761420437122818 0.16480325760715323 0.25000000000000017 -0.5 0.98264219006143716 2.4077208795437905 17.040689872065794 0 0.24497248980684103 0.26433815840575609 15.92279794700919
decision_type=2 2 2 2 2 2 2 10 10 2 1 2 2 2
left_child=1 3 -2 -1 5 -4 10 -5 -9 -10 -6 12 -12 -14
right_child=2 -3 4 7 6 -7 -8 8 9 -11 11 -13 13 -15
leaf_value=-0.00064272084563547283 0.0013501975600968734 -0.0063335465712500349 0.0015642450230239939 0.0035565540447897838 0.00060350290728669587 -0.0048029841514423072 0.0026511160973064088 -0.00040708485866212355 -3.5345491183738025e-05 0.0089647648487018276 0.0056134485595688774 -0.0052223935843419469 -0.0031855731254169018 -0.010188415167544991
leaf_weight=8891918.2588365078 1507786.5270843506 233912.41384887695 320374.20526123047 491547.46075439453 2014076.5110861063 250022.47836303711 6975256.6996970177 526184.82208251953 266890.73010253906 287642.39111328125 227087.85865402222 145192.4599609375 1083637.287168026 64710.608642578125
leaf_count=15874 700 111 182 185 3229 148 11236 172 177 62 176 36 2164 23
internal_value=0.000262698 -0.000240136 0.000690035 -0.00010144 0.000440448 -0.00211293 0.000579025 0.00161895 0.000653098 0.00266815 -0.000207083 -0.00129424 -0.00072036 -0.00140854
internal_weight=2.32862e+07 1.06981e+07 1.25881e+07 1.04642e+07 1.10804e+07 570397 1.051e+07 1.57227e+06 1.08072e+06 554533 3.5347e+06 1.52063e+06 1.37544e+06 1.14835e+06
internal_count=34475 16581 17894 16470 17194 330 16864 596 411 239 5628 2399 2363 2187
cat_boundaries=0 1
cat_threshold=41
is_linear=0
shrinkage=0.05


Tree=96
num_leaves=15
num_cat=1
split_feature=0 7 20 0 17 16 14 11 7 23 29 16 17 24
split_gain=2057.33 1841.12 1499.05 3242.36 1811.07 1595.46 1281.87 1267.79 3461.68 1530.4 1777.19 2559.06 1508.59 2268.87
threshold=16.993748182993098 17.115974588496943 0.024583626075367352 16.684382928863482 0.071344068163355465 17.150215940223493 1.7102166426109984 -0.074499969512946643 16.203243434593986 6.8867884999821509 0 15.226810335536266 0.066595107586941413 0.71970720841918912
decision_type=2 2 10 2 2 2 10 2 2 8 1 2 2 8
left_child=1 2 7 4 5 -4 -2 8 -1 12 -11 -12 -9 -14
right_child=6 -3 3 -5 -6 -7 -8 9 -10 10 11 -13 13 -15
leaf_value=0.0020807614946939923 0.0012394450191371956 -0.002868997885230872 -0.0018677719500370814 -0.0027894466440527418 0.0016948012750376607 -0.0077964843480908879 6.9538810048249016e-05 0.00024558287560895551 0.0047736453106225468 0.0062843722925485044 -0.0019856002407140382 -0.049408497522304036 0.0022468070852631888 -0.0014352432384022891
leaf_weight=6031937.6759171486 1186403.8884277344 159563.82470703125 1939619.7688807249 211352.41235351562 771142.92007446289 116508.34745025635 1003951.8466796875 7591525.4463703632 725586.94970703125 1166009.4031267166 274805.55624389648 38529.122016906738 542115.03289794922 1688737.6489562988
leaf_count=12190 190 29 3636 46 429 168 187 13588 177 1795 818 33 274 950
internal_value=0.000319177 0.000168837 0.000209304 -0.00081817 -0.000371607 -0.0011466 0.00177822 0.000382185 0.000923965 5.82445e-05 0.00155749 -0.00178558 -0.000167556 -0.00131064
internal_weight=2.34478e+07 2.12574e+07 2.10979e+07 3.03862e+06 2.82727e+06 2.05613e+06 2.19036e+06 1.80592e+07 6.75752e+06 1.13017e+07 1.47934e+06 313335 9.82238e+06 2.23085e+06
internal_count=34510 34133 34104 4279 4233 3804 377 29825 12367 17458 2646 851 14812 1224
cat_boundaries=0 1
cat_threshold=9
is_linear=0
shrinkage=0.05


Tree=97
num_leaves=15
num_cat=2
split_feature=29 4 16 2 1 27 23 29 23 18 3 6 20 2
split_gain=2290.82 4397.92 1906.06 2268.67 2536.17 1597.89 2656.16 7305.59 2286.05 1713.36 1787.18 2051.17 1662.97 3773.77
threshold=0 16.701148858548322 18.650510177953056 17.4270168375546 17.423965936235351 5.5000000000000009 -2.0808519107870547 1 2.6039781056343654 0.22854701975735484 17.171183635107628 16.964547881697367 -0.0031007088973616496 14.171090910649712
decision_type=1 2 2 2 2 2 8 1 10 8 2 2 8 2
left_child=2 -2 3 4 5 8 7 -7 -1 12 11 -11 13 -8
right_child=1 -3 -4 -5 -6 6 9 -9 -10 10 -12 -13 -14 -15
leaf_value=0.0043996930951574762 -0.00025536167640068059 -0.017747081253282001 -0.00062168226668320777 0.0023472837979051069 -0.0021828062586087939 0.00023772077392462439 0.0036605806038995541 -0.015999091307105338 0.00071334614868398408 0.001656335235594838 -0.002898148747970597 0.0028324480632762046 0.0003182690635555645 -0.0071213887227989494
leaf_weight=2449689.9982304573 9843935.9440237284 96715.555419921875 353876.73071289062 639241.6259765625 95204.81787109375 415726.56165981293 512107.51879036427 124698.57901000977 2953115.892031908 2300302.4986476898 204951.4375 421469.09375 2650589.8278310299 495472.45782470703
leaf_count=2135 18763 27 124 91 16 622 1125 67 4462 2008 37 82 4751 253
internal_value=0.000335186 -0.000241885 0.000756475 0.000853107 0.000705948 0.000767729 0.00027602 -0.00309376 0.0014162 0.00055258 0.00145428 0.00179333 -0.000168824 -0.00189789
internal_weight=2.35571e+07 9.94065e+06 1.36164e+07 1.32626e+07 1.26233e+07 1.25281e+07 7.12532e+06 540425 5.40281e+06 6.58489e+06 2.92672e+06 2.72177e+06 3.65817e+06 1.00758e+06
internal_count=34563 18790 15773 15649 15558 15542 8945 689 6597 8256 2127 2090 6129 1378
cat_boundaries=0 1 2
cat_threshold=49 33
is_linear=0
shrinkage=0.05


Tree=98
num_leaves=15
num_cat=0
split_feature=0 24 19 24 22 17 26 21 18 21 6 16 27 14
split_gain=2244.72 1682.05 2663.6 2242.59 2162.21 3387.74 1639.7 1858.18 1705.18 1557.99 1500.61 1376.39 1565.78 1049.99
threshold=14.874167293398422 2.6761558945178754 -0.031869132652534493 1.5087611308160251 18.658842747333861 0.27895765299337733 0.6830127018922193 10.773133290054206 0.9747604151270588 10.870851662968304 17.356241645943843 18.342196337377381 9.5000000000000018 2.7016475488026721
decision_type=2 8 2 10 2 2 2 10 10 8 2 2 2 8
left_child=9 2 3 -2 5 6 7 8 -4 13 -6 12 -3 -1
right_child=1 11 4 -5 10 -7 -8 -9 -10 -11 -12 -13 -14 -15
leaf_value=-0.0016554453376821704 -8.5644135363273062e-05 0.0035435175467396097 0.0016032345158746696 -0.0039074926291633475 0.0021823899368438515 -0.00087574843979912472 0.0035542446700824654 -0.001611921952822536 -0.0023257407726357676 0.002904698693435845 -0.00010734618047884995 -0.0011526961310935275 -9.0421150775054192e-05 0.0061258904274392326
leaf_weight=11044957.13331008 492154.43835449219 2063564.6579589844 1228723.7922973633 381393.24243164062 1780419.6987304688 439156.48107910156 577514.87921142578 554241.29125976562 288025.39099121094 2279881.5239386559 613056.5517578125 301781.4892578125 492016.16137695312 751551.2760951519
leaf_count=21342 142 763 489 117 464 127 234 202 117 4581 91 72 199 5737
internal_value=0.000345352 0.000952157 0.000499106 -0.00206508 0.000907769 3.34241e-05 0.000707827 5.08584e-05 0.000956211 -5.17604e-05 0.0020357 0.00195973 0.00233683 -0.000283013
internal_weight=2.32884e+07 9.21205e+06 6.35469e+06 873548 5.48114e+06 3.08766e+06 2.64851e+06 2.07099e+06 1.51675e+06 1.40764e+07 2.39348e+06 2.85736e+06 2.55558e+06 1.17965e+07
internal_count=34677 3017 1983 259 1724 1169 1042 808 606 31660 555 1034 962 27079
is_linear=0
shrinkage=0.05


Tree=99
num_leaves=15
num_cat=0
split_feature=9 8 20 23 4 7 14 24 22 6 17 11 0 23
split_gain=1988.58 2740.4 3566.03 3988.04 4328.27 2151.97 2071.68 2012.33 2447.57 2489.9 1748.74 2130.8 1885.29 1724.8
threshold=0.099641508914028162 0.13724328153741419 -0.034671565695483138 2.7865340521339403 15.333319931153808 14.728527936818516 0.92225932109080733 2.6826072617621555 18.658842747333861 16.195518319119824 0.35588037541285428 0.047013165624397453 16.272741767951768 0.88788377220714665
decision_type=2 2 10 10 2 2 10 10 2 2 2 2 2 10
left_child=-1 2 -2 10 -5 -3 -7 8 9 -8 11 12 13 -4
right_child=1 5 3 4 -6 6 7 -9 -10 -11 -12 -13 -14 -15
leaf_value=0.00091720591992886641 0.0028919319893436473 -6.9078473702716096e-05 -0.0027102278193057686 -0.0017864065410654268 -0.0013174175053636853 -0.010939544232706667 0.00027354240816506847 0.0040126630950406521 0.0021134889202409821 -0.00095094421678860184 -0.00085651199356110645 -0.0024490812690094628 0.0040262450993454185 0.0017966594121117962
leaf_weight=527587.3265838623 551341.62677037716 12555789.258166909 135152.5754699707 333488.74346482754 397273.48229980469 334871.24450683594 2533797.0939941406 2207714.125 1806287.5092773438 761339.47607421875 345122.28381347656 429573.88263702393 467916.35302734375 164423.08919334412
leaf_count=296 626 29825 85 389 83 164 1187 846 458 197 86 181 89 148
internal_value=0.000238252 0.000168703 -0.00129013 -0.00216516 -0.00520769 0.000372674 0.00103409 0.00121028 0.000664506 -0.000146359 -0.00072346 0.000180589 0.0017588 -0.00133829
internal_weight=2.35517e+07 2.30241e+07 2.82429e+06 2.27295e+06 730762 2.01998e+07 7.64401e+06 7.30914e+06 5.10142e+06 3.29514e+06 1.54219e+06 1.19707e+06 767492 299576
internal_count=34660 34364 1687 1061 472 32677 2852 2688 1842 1384 589 503 322 233
is_linear=0
shrinkage=0.05


Tree=100
num_leaves=15
num_cat=0
split_feature=9 23 11 16 15 0 17 20 11 14 4 5 18 14
split_gain=1629.48 1636.82 1646.65 3004.36 2256.91 2252.09 1445.69 3306.43 1288.93 1239.27 3842.57 1369.72 1342.08 1840.03
threshold=0.11263565210970426 6.9575763188586714 -0.11467684021774179 18.650510177953056 19.416922399778489 16.03763924788834 0.095675110188606319 -0.012482423216461848 -0.36043592769963684 1.2865527337631597 15.404129925016466 14.352959662338554 0.99326862275930228 1.506213645372531
decision_type=2 10 2 2 2 2 2 10 2 10 2 2 10 10
left_child=6 2 4 -4 5 8 7 -1 9 11 12 -2 -11 -14
right_child=1 -3 3 -5 -6 -7 -8 -9 -10 10 -12 -13 13 -15
leaf_value=0.004042102984856649 -0.0018299337145761627 0.0048112973210851506 -0.00013083029334720199 -0.00098646047660634574 -0.098204500380717985 0.0030329170301114585 0.00081188963439835079 -0.0019671442380380009 0.0035704212004811012 -5.2487300488128209e-05 -0.023924226714614361 0.027008283716440474 -0.0062393468045125362 -0.37291012831752179
leaf_weight=100882.47958374023 779890.19438838959 1991420.8223598003 13605744.852992296 269957.69171142578 128034.85382080078 1133237.9543457031 654347.46429443359 97852.004943847656 3340328.5168642998 885886.48657000065 113823.24731445312 157872.39514160156 107338.82232165337 50631.21364736557
leaf_count=194 2010 3963 18779 83 165 260 167 64 5341 3064 52 79 200 129
internal_value=0.000238146 0.000157047 2.45536e-05 -0.000286216 0.000668441 0.000796586 0.00238321 -0.0013517 0.000373875 -0.000598224 -0.0016926 0.000752797 -0.000741379 -0.00498699
internal_weight=2.34172e+07 2.25642e+07 2.05727e+07 1.38757e+07 6.69704e+06 6.56901e+06 853082 198734 5.43577e+06 2.09544e+06 1.15768e+06 937763 1.04386e+06 157970
internal_count=34550 34125 30162 18862 11300 11135 425 258 10875 5534 3445 2089 3393 329
is_linear=0
shrinkage=0.05


Tree=101
num_leaves=15
num_cat=0
split_feature=21 25 25 26 7 20 8 10 4 19 9 4 3 0
split_gain=1803.43 1524.91 2188.35 2565.26 2998.61 2554.08 3853.61 2960.1 2712.26 2494.29 2896.8 2294.99 1811.66 2626.37
threshold=11.171121089012329 -0.24999999999999997 -0.93301270189221919 0.6830127018922193 17.115974588496943 0.012158174755690051 0.18190792179624982 0.023710827087195501 15.567517914566457 -0.010786498609322749 0.20355798802146721 15.404129925016466 15.150770732625224 15.140196249094553
decision_type=10 2 2 2 2 10 2 2 2 2 2 2 2 2
left_child=1 2 -1 4 5 8 7 -7 11 10 -5 -4 13 -8
right_child=-2 -3 3 9 -6 6 12 -9 -10 -11 -12 -13 -14 -15
leaf_value=0.00229551665169451 0.0030212037840281485 0.00084668676369558402 -0.0027572302501103459 -0.0060329861905402968 -0.0025111693566826341 -0.005502848698183075 -0.0069172076781616812 -0.0064548262176371404 0.00050686039112559256 0.0052783096848095451 -0.0010586628668841551 -0.023917426208997897 0.0092292711633293455 -0.02113134658869089
leaf_weight=1913496.623298645 1041526.9291107655 13083733.759563327 3100068.7151316404 80650.354370117188 280766.6123046875 199832.35824203491 645847.67766749859 188181.66137695312 855083.75 1387700.8973228931 284136.87830734253 89336.315551757812 140606.95703125 54617.32080078125
leaf_count=2809 1282 19420 6378 36 47 120 1372 93 251 2049 493 42 51 29
internal_value=0.000189309 9.4345e-05 -0.00039814 -0.000792329 -0.00131857 -0.00105051 -0.00304658 -0.00716855 -0.000443919 0.000875534 -0.00280358 -0.00111435 -0.00114497 -0.00218466
internal_weight=2.33456e+07 2.23041e+07 9.22033e+06 7.30683e+06 5.55434e+06 5.27357e+06 1.22909e+06 388014 4.04449e+06 1.75249e+06 364787 3.18941e+06 841072 700465
internal_count=34472 33190 13770 10961 8383 8336 1665 213 6671 2578 529 6420 1452 1401
is_linear=0
shrinkage=0.05


Tree=102
num_leaves=15
num_cat=1
split_feature=1 16 16 26 21 3 10 20 9 7 12 0 29 1
split_gain=1966.37 2140.24 2111.49 1925.43 2027.63 1900.38 1612.56 3066.93 994.812 1139.18 1368.42 1095.75 1257.51 1564.31
threshold=16.150297738002418 18.314726746826736 18.213483320293424 -0.5 10.934349973511816 16.536937448267057 0.073442736509610612 0.010512023056598601 2.0881704302923918 11.140366070157127 9.5000000000000018 13.634269521010056 0 10.917279845813843
decision_type=2 2 2 2 10 2 2 8 2 2 2 2 1 2
left_child=5 2 6 -3 -5 8 7 -2 -1 10 -10 12 13 -11
right_child=1 3 -4 4 -6 -7 -8 -9 9 11 -12 -13 -14 -15
leaf_value=0.0003484724493646965 0.0004915521159728378 -0.0014449672646307608 0.0033242940805071302 0.0035022402389143143 -0.00016158420023872216 -0.010945657759130221 0.004197755272985328 -0.0012362718592688216 0.009518666103683 -0.17094203027023966 -0.021799607317150756 0.05926517047202913 -0.032122050369725971 -0.20605121588280195
leaf_weight=15478680.858172894 783650.46313476562 690196.70385742188 700355.91577148438 696559.3134765625 708925.73486328125 128850.42895507812 792892.96801757812 734821.583984375 490257.43298625946 45142.008911132812 456872.10512924194 154460.5778503418 1437383.5434875488 106488.34262084961
leaf_count=21408 175 133 142 146 124 36 223 179 4642 109 3394 180 3421 234
internal_value=0.000238421 0.00110588 0.00195968 -0.000121126 0.000940922 -3.70367e-06 0.00123092 0.00027659 3.92066e-05 -0.000848182 0.000547687 -0.00160648 -0.00199728 -0.00632784
internal_weight=2.34055e+07 5.1074e+06 3.01172e+06 2.09568e+06 1.40549e+06 1.82981e+07 2.31137e+06 1.51847e+06 1.81693e+07 2.6906e+06 947130 1.74347e+06 1.58901e+06 151630
internal_count=34546 1122 719 403 270 33424 577 354 33388 11980 8036 3944 3764 343
cat_boundaries=0 1
cat_threshold=8
is_linear=0
shrinkage=0.05


Tree=103
num_leaves=15
num_cat=2
split_feature=26 16 29 16 20 9 9 24 23 24 8 18 20 28
split_gain=1601.75 2954.47 2794.63 3140.27 1962.48 1922.45 2111.87 2878.43 3101.41 1790.81 1662.98 6026.58 2635.02 1605.19
threshold=0.25000000000000017 18.650510177953056 0 16.369913229133029 0.017447102804422254 0.099641508914028162 0.17899252706628047 0.80042292159832307 2.9455941718968108 2.4548095692014305 0.16368538215422643 0.74978640121454598 0.029729803673413803 1
decision_type=2 2 1 2 8 2 2 8 10 8 2 10 8 1
left_child=2 5 4 -4 -1 -2 7 -7 9 -9 11 12 -6 -10
right_child=1 -3 3 -5 10 6 -8 8 13 -11 -12 -13 -14 -15
leaf_value=0.0014862732748315043 0.0049278462517205667 -0.000956395879990018 -0.0014849779491999473 -0.014613865775442401 -0.0027001073693083918 9.2602304098207843e-05 0.00017531967205003198 -0.0033961245824325973 0.0031220520771276161 -0.00061058968318980543 0.0014941336879005383 -0.014838286300771148 0.0011908312475902814 -0.006350474641845444
leaf_weight=4911314.702747941 178103.78427124023 247631.92907714844 4011233.9670523405 54551.353721618652 172844.78721618652 475051.76829528809 7671950.5529237986 341636.06238555908 136123.43933105469 277359.63302612305 3884850.9982857704 146559.14495849609 577222.54771232605 110319.93832397461
leaf_count=4122 112 89 8866 60 85 181 13173 134 65 139 6702 65 496 158
internal_value=0.000212315 -0.000289331 0.000556436 -0.000543829 0.00101796 -0.00014412 -0.000245778 -0.00207684 -0.00379344 -0.00568207 0.000296907 -0.00164404 0.000167951 0.000950258
internal_weight=2.31968e+07 9.43818e+06 1.37586e+07 4.06579e+06 9.69279e+06 9.19055e+06 9.01244e+06 1.34049e+06 865439 618996 4.78148e+06 896626 750067 246443
internal_count=34447 14051 20396 8926 11470 13962 13850 677 496 273 7348 646 581 223
cat_boundaries=0 1 2
cat_threshold=25 768
is_linear=0
shrinkage=0.05


Tree=104
num_leaves=15
num_cat=0
split_feature=22 14 8 9 22 22 11 11 9 18 16 20 19 14
split_gain=1746.12 2048.74 1725.24 3110.26 3190.8 1790.1 1577.12 6553.52 1471.96 1383.18 2551.83 1344.62 1406.94 2112.23
threshold=18.66055157771083 1.3176792718363892 0.1520367391642001 0.12238891660113292 19.600808566351393 19.607205262989968 -0.11052986724660478 -0.045803081300736147 0.37877235545358895 0.28324693998890349 18.472836192843562 0.010512023056598601 0.067389763769534761 1.6554688479737332
decision_type=2 8 2 2 2 2 2 2 2 8 2 10 2 10
left_child=11 -2 3 -3 -5 6 8 -8 -4 10 -9 -1 -13 -14
right_child=1 2 5 4 -6 -7 7 9 -10 -11 -12 12 13 -15
leaf_value=0.00032082218607042037 -0.0050476394196743634 0.0030395216256622125 0.0055876286269243552 0.00059505367129224175 -0.0027223546622547955 0.004715603238178565 -0.0024188487148639136 0.0025712474956757492 -0.0018005877586524069 0.007066299806799319 -0.011266438041949713 -0.00038957085709459218 -0.017416723785556251 -0.0026706120285599293
leaf_weight=14094228.577544689 878726.46335709095 439760.68447875977 335092.04401397705 415502.30082607269 520424.55575561523 1375841.9148902893 128205.87754440308 247877.17757797241 138482.24677062035 313740.60110473633 40817.116790771484 4301201.8176736832 66559.105226516724 78391.244572639465
leaf_count=23924 1501 203 131 156 171 753 116 700 530 246 37 5798 75 136
internal_value=0.00019522 0.00104151 0.00152663 9.66293e-05 -0.00153302 0.0022891 0.000881351 -0.000575426 0.0031289 0.00160909 -0.000888501 -2.54525e-05 -0.000783575 -0.00562866
internal_weight=2.33749e+07 4.83447e+06 3.95574e+06 1.37569e+06 935927 2.58006e+06 1.20422e+06 730641 473574 602435 288694 1.85404e+07 4.44615e+06 144950
internal_count=34477 4544 3043 530 327 2513 1760 1099 661 983 737 29933 6009 211
is_linear=0
shrinkage=0.05


Tree=105
num_leaves=15
num_cat=0
split_feature=21 1 20 25 15 7 23 15 11 2 15 21 15 0
split_gain=1040.91 3590.31 2259.59 1860.53 2397.21 3430.57 1824.18 1875.11 1706.52 1408.44 1331.04 1188.03 2741.51 1868.56
threshold=10.88513981165346 17.423965936235351 0.064762142072606707 1.0000000180025095e-35 18.469007873877761 17.115974588496943 4.1863613804348558 17.866439219487656 0.11548245711180712 16.533265774342059 18.152409394355409 10.64927198777376 19.363417049936697 14.655800836573913
decision_type=10 2 10 2 2 2 10 2 2 2 2 8 2 2
left_child=1 11 3 4 5 6 9 -8 -6 10 -2 13 -13 -1
right_child=2 -3 -4 -5 8 -7 7 -9 -10 -11 -12 12 -14 -15
leaf_value=-0.00071065154196576965 0.00036725583694081383 -0.0035925072841226759 -0.0044714045249611978 0.0031167994845809201 0.0028716690251036491 -0.0051417568562850983 -0.0024802312963991043 -0.013418299337501445 -0.0005347804350432808 0.0036196727842062442 -0.010320242087308834 -0.0004315255821684179 -0.0049185330719544416 0.00085095376263461778
leaf_weight=9078022.5299677849 537741.3586640358 80807.50634765625 103664.16261768341 2142937.2354114056 623958.09397888184 171173.92041015625 104411.88436865807 67256.306343078613 292870.05108642578 152115.99755859375 91900.970009803772 3450112.6943500042 239059.15286254883 6107639.4084472656
leaf_count=22540 1151 13 126 2333 349 30 246 75 180 34 140 4896 166 2322
internal_value=0.000230312 7.11703e-05 0.000933815 0.00111447 3.42541e-05 -0.00151278 -0.000342668 -0.00500981 0.00193188 0.000682202 -0.00036094 0.000116195 -0.000688619 0.000311715
internal_weight=2.32437e+07 1.89556e+07 4.28803e+06 4.18437e+06 2.04143e+06 1.1246e+06 953427 171668 916828 781758 629642 1.88748e+07 3.68917e+06 1.51857e+07
internal_count=34601 29937 4664 4538 2205 1676 1646 321 529 1325 1291 29924 5062 24862
is_linear=0
shrinkage=0.05


Tree=106
num_leaves=15
num_cat=1
split_feature=16 26 23 15 15 15 23 17 24 24 24 29 9 21
split_gain=2648.65 1718.35 1443.32 2592.89 1621.85 1311.11 1220.31 1696.33 3456.7 1915.72 2518.39 1820.18 1673.91 1647.09
threshold=18.179163792832941 -0.9330127018922193 2.9297587472125404 18.353848608161744 17.078457952410592 16.820983279067956 6.9575763188586714 0.044588837978661207 -0.10540420376509449 5.0917406202086264 0.98264219006143716 0 0.17453154080605807 8.2142698968677212
decision_type=2 2 10 2 2 2 10 2 10 10 10 1 2 10
left_child=6 -2 4 -4 5 -3 7 12 -9 10 11 -10 -1 -12
right_child=1 2 3 -5 -6 -7 -8 8 9 -11 13 -13 -14 -15
leaf_value=0.0050484703734583001 -0.0022252861711407608 0.002489279137826116 0.0014042956906438039 -0.00018377367035674386 0.0020060107707569304 -0.00093527140888525909 0.0044758594418033079 -0.0032925917859702365 -0.0023254627167030128 0.0044385179927287979 -0.011359874438112271 0.0044470241685089507 0.00049886015860325093 -0.00037267163930616989
leaf_weight=417219.6420211792 359577.04260253906 525974.61817932129 508693.9541015625 315580.10400390625 2025908.6466064453 274689.02868652344 2019765.4209415913 178765.89932250977 267288.50024414062 580982.27670288086 224107.46722412109 448412.42636108398 12420114.395058274 2707203.7129211426
leaf_count=691 135 525 263 46 443 110 4012 135 120 323 157 305 25681 1542
internal_value=0.000309145 0.00147816 0.00180297 -3.80088e-05 0.00233983 0.000434678 6.57741e-05 -7.04215e-05 -0.000916834 -0.000628885 -0.00105368 0.00160538 0.000220132 -0.00170291
internal_weight=2.32743e+07 4.01042e+06 3.65085e+06 824274 2.82657e+06 800664 1.92639e+07 1.72441e+07 4.40676e+06 4.22799e+06 3.64701e+06 715701 1.28373e+07 2.93131e+06
internal_count=34488 1522 1387 309 1078 635 32966 28954 2582 2447 2124 425 26372 1699
cat_boundaries=0 1
cat_threshold=18
is_linear=0
shrinkage=0.05


Tree=107
num_leaves=15
num_cat=2
split_feature=16 10 28 10 28 2 4 8 11 23 16 18 18 21
split_gain=1932.75 3527.38 1807.27 1819.08 1008.94 1725.16 1873.63 923.282 1389.6 931.923 1208.33 978.279 1419.7 882.171
threshold=18.407908271991452 -0.069648936950512594 0 0.13202621615014018 1 16.395876229078294 16.04903536344861 0.15992055085477316 -0.059825594992933093 4.8593148467407357 15.28730768860558 0.072275822405849066 0.024544215280866602 10.958945887304722
decision_type=2 2 1 2 1 2 2 2 2 10 2 10 10 10
left_child=4 -2 -3 -4 5 6 7 8 -1 -9 -11 12 -12 -6
right_child=1 2 3 -5 13 -7 -8 9 -10 10 11 -13 -14 -15
leaf_value=-0.0081248197049518158 -0.001627510003984093 0.0030968810966594414 -0.001435573458670136 0.0025506063535426942 0.00015415866888271389 -0.001998381045742484 0.0030754026685442092 0.00032973818213188563 -0.0026762635803869732 0.0036866227009893942 -0.066169051074063984 -0.021123088487632644 0.0048654450997133968 0.0023514072945441619
leaf_weight=55818.533014655113 338745.10409545898 885753.6982421875 249278.69067382812 224621.14474487305 17661381.475010157 149903.25 144042.55834960938 1144994.6695899963 56923.118698120117 170469.60919642448 137187.54149532318 61849.16357421875 65960.712860107422 2050269.8124554157
leaf_count=106 159 184 173 103 26977 39 41 2709 104 714 521 55 95 2595
internal_value=0.000305727 0.00193005 0.00306742 0.000575162 0.000178588 -0.000895227 -0.000474416 -0.000940131 -0.00531165 -0.00062829 -0.00259705 -0.0047095 -0.00303324 0.000286841
internal_weight=2.33972e+07 1.6984e+06 1.35965e+06 473900 2.16988e+07 1.98715e+06 1.83725e+06 1.6932e+06 112742 1.58046e+06 435467 264997 203148 1.97117e+07
internal_count=34575 619 460 276 33956 4384 4345 4304 210 4094 1385 671 616 29572
cat_boundaries=0 1 2
cat_threshold=776 152
is_linear=0
shrinkage=0.05


Tree=108
num_leaves=15
num_cat=0
split_feature=16 18 25 25 15 15 10 8 4 16 10 8 3 23
split_gain=1935.11 2893.83 1683.32 3249.58 2592.81 2050.29 1458.82 4258.95 1148.61 1059.2 2756.98 2264.91 1978.85 1743.95
threshold=18.179163792832941 0.54841520192399529 -0.6830127018922193 -0.93301270189221919 17.930318745336759 18.03598866506842 0.046142006192233007 0.16739021057928191 16.04903536344861 17.150215940223493 -0.027150203300232347 0.17821180525053623 15.929939596008317 6.7582366309950865
decision_type=2 10 2 2 2 2 2 2 2 2 2 2 2 10
left_child=9 2 3 -2 6 -5 8 -8 -4 -1 12 -12 -11 -13
right_child=1 -3 4 5 -6 -7 7 -9 -10 10 11 13 -14 -15
leaf_value=0.0005435531159032049 0.0029854814220935354 -0.00041477292607193647 -0.00022673081984781786 0.00019405613412622606 0.0028672906669811003 -0.0023718827089980886 -0.0048415572954965212 0.0058968580797964659 0.0018786111294038536 -0.0040045907044580402 -0.0023383854762657886 -0.0076427219229392622 0.0006309757681579115 0.012738563922176184
leaf_weight=17782861.250500202 341967.11547851562 275230.05029296875 436454.55770874023 298661.41357421875 1482670.4389648438 366265.06982421875 131509.57582092285 215435.41766357422 530811.38525390625 303891.9868221283 411303.59573364258 319259.18398284912 313802.23510742188 136478.55500793457
leaf_count=32045 136 36 407 196 285 70 78 206 132 324 146 286 69 101
internal_value=0.00033142 0.00132076 0.001679 -7.4038e-05 0.00231011 -0.00211107 0.000693112 -0.0020884 0.0016908 0.000121973 -0.00116101 -0.00297958 0.00139166 -0.000551853
internal_weight=2.33466e+07 4.07901e+06 3.80377e+06 1.00689e+06 2.79688e+06 664926 1.31421e+06 346945 967266 1.92676e+07 1.48474e+06 867041 617694 455738
internal_count=34517 1546 1510 402 1108 266 823 284 539 32971 926 533 393 387
is_linear=0
shrinkage=0.05


Tree=109
num_leaves=15
num_cat=1
split_feature=26 3 24 6 2 28 22 23 15 4 0 4 11 22
split_gain=1313.28 1901.34 1765.53 2211.19 1682.6 1378.81 3380.75 2244.81 2832.82 1314.36 1300.99 3380.88 1283.93 1498.32
threshold=0.25000000000000017 17.171183635107628 2.4077208795437905 13.280080485417924 17.4270168375546 0 19.600808566351393 3.5502198050944007 17.925087204804424 13.288002841091638 16.684382928863482 16.410410087137191 0.50624272296586981 21.05931847536657
decision_type=2 2 10 2 2 1 2 10 2 2 2 2 2 2
left_child=1 2 5 9 10 6 7 -1 -9 -4 11 12 -2 -14
right_child=4 -3 3 -5 -6 -7 -8 8 -10 -11 -12 -13 13 -15
leaf_value=0.00031207758163990173 0.0002614292547574786 0.0010524724950616948 0.00072664360417222745 0.0027927584568326839 -0.00033113442429691869 0.00014052925377250894 -0.0068280180300380371 -0.041923233321623878 -0.00083320328396595126 -0.041198696990859027 0.0017287972606734069 -0.0018894916111343364 -0.0062081179437564046 -0.061776649161627187
leaf_weight=767557.41856384277 7040387.2827391624 789156.0146484375 1813347.9399901628 3771505.7969360352 442974.615234375 6163984.5920755863 111927.55945587158 56779.046314239502 75542.350028991699 222712.07934570312 854947.79150390625 441898.11865234375 653771.70509278774 46501.175765991211
leaf_count=761 11931 127 7227 2235 66 9383 100 114 158 315 177 114 1788 39
internal_value=0.000189764 0.000501523 0.000356685 0.0010048 -0.000263134 -0.000167852 -0.00187853 -0.000859239 -0.00687386 -0.000323048 -0.000115661 -0.000309575 -6.67392e-05 -0.00210855
internal_weight=2.3253e+07 1.37725e+07 1.29834e+07 5.80757e+06 9.48048e+06 7.17579e+06 1.01181e+06 899879 132321 2.03606e+06 9.03751e+06 8.18256e+06 7.74066e+06 700273
internal_count=34535 20420 20293 9777 14115 10516 1133 1033 272 7542 14049 13872 13758 1827
cat_boundaries=0 1
cat_threshold=640
is_linear=0
shrinkage=0.05


Tree=110
num_leaves=15
num_cat=1
split_feature=29 3 2 11 16 19 19 19 11 1 22 8 26 20
split_gain=1654.68 1719.79 1793.88 1600.19 2203.04 2071.74 1360.2 2161.82 3052.49 2084.42 1863.02 1724.16 3238.46 3562.15
threshold=0 16.536937448267057 16.395876229078294 -0.11849552186030624 18.650510177953056 0.01031223928624665 -0.03461718224751404 0.022226864345365301 -0.09545175456844919 14.74055071528516 17.755708106961873 0.21545443286370766 1.0000000180025095e-35 0.010904555156009953
decision_type=1 2 2 2 2 2 2 2 2 2 2 2 2 8
left_child=3 2 -2 5 6 -1 -5 8 10 -10 -8 12 -9 -14
right_child=1 -3 -4 4 -6 -7 7 11 9 -11 -12 -13 13 -15
leaf_value=0.00054960144542214886 -0.0009389809886676862 -0.012441875282023465 0.0041038154946171175 -0.0005611744692885091 -0.00056849321073674586 0.0038729456334169465 -0.0011572309793817085 -0.00021523083341915775 0.001018790387121929 0.0024826892875879354 -0.0078336398222612503 0.00083546274007273175 -0.0083987489795628641 -0.0014040587234852818
leaf_weight=2284331.7818598747 9425938.9041506052 216737.01977539062 232916.93872070312 1231890.8125724792 266585.17233276367 1506716.8920853138 150589.85518836975 858841.80494785309 2402362.4138519764 2837518.6467285156 125214.49873352051 1313402.9180047512 177544.83963012695 216294.52432250977
leaf_count=3269 18683 59 68 1348 91 2106 171 438 4911 914 89 2071 78 152
internal_value=0.000199035 -0.000291816 -0.000192977 0.00056156 0.00021748 0.00143108 0.000345757 0.000581666 0.00113944 0.0014093 -0.00398749 -0.000617256 -0.00194435 -0.00569854
internal_weight=2.32469e+07 9.87559e+06 9.65886e+06 1.33713e+07 9.58025e+06 3.79105e+06 9.31366e+06 8.08177e+06 5.51569e+06 5.23988e+06 275804 2.56608e+06 1.25268e+06 393839
internal_count=34448 18810 18751 15638 10263 5375 10172 8824 6085 5825 260 2739 668 230
cat_boundaries=0 1
cat_threshold=49
is_linear=0
shrinkage=0.05


Tree=111
num_leaves=15
num_cat=1
split_feature=25 4 15 25 10 23 23 19 14 6 8 14 29 11
split_gain=1431.53 2473 1981.69 1780.17 1976.88 2157.29 4024.5 3114.85 6173.71 6038.72 2389.34 2024.72 1561.46 1967.86
threshold=0.25000000000000011 16.410410087137191 19.177649224056299 -0.93301270189221919 0.21359628231287517 1.6363777215733102 1.5864063555315504 0.041803552290595757 2.3753785055257124 13.280080485417924 0.064852118826147817 1.6413411368289612 0 0.11979208635499011
decision_type=2 2 2 2 2 10 8 2 10 2 2 8 1 2
left_child=3 -2 -3 -1 5 6 7 -5 11 -10 -7 12 13 -9
right_child=1 2 -4 4 -6 10 -8 8 9 -11 -12 -13 -14 -15
leaf_value=0.0022476018218858473 0.00060482996383730021 0.0042861349821638698 1.2952050511182165e-05 -0.00019585050579866816 0.0024007841040491365 -0.0024508941868265242 -0.01007688904841561 0.0066009123180690681 -0.0030269184760595589 -0.033787222104945197 -7.9551838797695538e-05 0.0019231432263106662 -0.024291258038720547 -0.016729275345175466
leaf_weight=1970028.9274179935 8265074.7936409712 1000621.2377929688 713064.72290039062 2267773.4338507652 2100722.449085474 154114.31719863415 195454.29209899902 109415.15402603149 40894.882659912109 59822.311340332031 6273730.3446575403 122327.79926300049 139812.22393035889 75969.36869430542
leaf_count=2922 14334 209 145 2947 4164 174 149 144 238 23 8818 135 157 108
internal_value=0.000161615 0.000615797 0.00234443 -0.000173851 -0.00041099 -0.000719715 -0.00182404 -0.00134249 -0.00472458 -0.015909 -0.000202334 -0.00220748 -0.00427016 -0.001261
internal_weight=2.34888e+07 9.97876e+06 1.71369e+06 1.35101e+07 1.154e+07 9.43931e+06 3.01147e+06 2.81602e+06 548242 100717 6.42784e+06 447525 325197 185385
internal_count=34667 14688 354 19979 17057 12893 3901 3752 805 261 8992 544 409 252
cat_boundaries=0 1
cat_threshold=73
is_linear=0
shrinkage=0.05


Tree=112
num_leaves=15
num_cat=0
split_feature=7 6 25 0 26 7 25 19 7 9 22 22 19 9
split_gain=1811.19 3380.13 1446.77 2004.82 1999.03 2208.49 1879.47 1891.02 1809.23 1648.74 1634.92 1686.33 1565.19 1516.89
threshold=17.376805783880858 17.356241645943843 -0.24999999999999997 16.84045422280521 0.6830127018922193 17.115974588496943 -0.93301270189221919 -0.020948958783492597 16.98736325551755 0.29002137798542671 16.964017972763202 17.053857670155924 -0.010786498609322749 0.33522401064971458
decision_type=2 2 2 2 2 2 2 2 2 2 2 2 2 2
left_child=1 2 4 8 5 6 9 13 -4 -1 -9 -12 -6 -8
right_child=-2 -3 3 -5 12 -7 7 10 -10 -11 11 -13 -14 -15
leaf_value=0.0040536735853640444 0.00074105884221019921 -0.0027572322516759371 0.0010800127840707406 0.0027008042766945325 -0.007805562538092223 -0.0044215626164879982 0.0019634041345936884 -0.00018048273115412082 -0.0015501716003624415 -0.00012940636648091871 -0.010444718116710175 -0.0030643967950824348 0.0059016757933582761 -0.0033733107195386631
leaf_weight=596816.81296730042 976548.38134765625 75658.275390625 12040882.053711414 874835.50732421875 347371.13045883179 168184.77880859375 652668.22770309448 1478101.7870756388 130142.85400390625 1216283.2809016705 85834.741928100586 2465625.3001840115 1371951.6719076633 900988.32543504238
leaf_count=432 141 13 19977 175 521 31 510 3165 25 2425 76 3145 2125 1890
internal_value=0.000315466 0.000223594 0.000259341 0.000598854 -0.00021775 -0.000567538 -0.000438709 -0.00089291 0.000432677 0.000959949 -0.00146429 -0.00223085 0.00132121 0.000589016
internal_weight=2.33819e+07 2.24053e+07 2.23297e+07 1.30459e+07 9.28383e+06 7.5645e+06 7.39632e+06 5.58322e+06 1.2171e+07 1.8131e+06 4.02956e+06 2.55146e+06 1.71932e+06 1.55366e+06
internal_count=34651 34510 34497 20177 14320 11674 11643 8786 20002 2857 6386 3221 2646 2400
is_linear=0
shrinkage=0.05


Tree=113
num_leaves=15
num_cat=1
split_feature=29 6 10 11 11 3 7 11 23 5 23 2 23 5
split_gain=1323.46 2228.67 1806.94 1446.93 1622.67 1424.59 1500.92 1381.87 2913.49 2069.96 3645.84 1286.14 1626.87 1258.51
threshold=0 15.793578236670717 0.21859436831513077 0.51957295101886747 0.54525815309865255 14.561583073875969 14.563901574557894 0.093651099673423624 6.7582366309950865 15.291499726667199 2.5228400253385952 15.086136089130719 8.9503191493707508 17.382494435338344
decision_type=1 2 2 2 2 2 2 2 8 2 10 2 10 2
left_child=2 3 7 -2 -5 6 -4 13 9 -9 -11 12 -10 -1
right_child=1 -3 5 4 -6 -7 -8 8 11 10 -12 -13 -14 -15
leaf_value=0.00040415182272274881 -7.8606991707095661e-05 -0.008082270436934701 0.0061541119083378792 -0.05831897342693694 -0.017515973909847667 0.0042244712569548338 -0.01210941601294499 -0.00025819900160054985 0.0076301556829691712 -0.00011248500745912718 -0.0016468405000312791 0.010606966657146914 -0.010579612562791279 0.00032729457440194783
leaf_weight=9277383.5607955456 5937469.5522992611 194975.52880859375 1332895.6062730551 50637.424013137817 465458.21951675415 827081.05541992188 116357.40246582031 2506099.376979351 401678.84439754486 731217.83947753906 756876.42199707031 290089.47485351562 50246.385795593262 401297.55810546875
leaf_count=10225 12176 71 4238 93 1296 321 72 4422 991 183 187 94 98 59
internal_value=0.000193518 -0.000403049 0.000431145 -0.000243931 -0.00278332 0.00174028 0.000795355 0.000224412 -0.000475414 -0.00100992 -0.00248706 0.00240179 0.000733999 0.000566868
internal_weight=2.33398e+07 6.64854e+06 1.66912e+07 6.45357e+06 516096 2.27633e+06 1.44925e+06 1.44149e+07 4.73621e+06 3.99419e+06 1.48809e+06 742015 451925 9.67868e+06
internal_count=34526 13636 20890 13565 1389 4631 4310 16259 5975 4792 370 1183 1089 10284
cat_boundaries=0 1
cat_threshold=57
is_linear=0
shrinkage=0.05


Tree=114
num_leaves=15
num_cat=1
split_feature=0 21 21 10 14 28 11 16 24 4 9 3 23 11
split_gain=1680.52 1862.67 1980.71 2149.29 2271.06 1906.06 4410.09 1831.35 1619.43 1405.97 1281.15 2313.26 1401.72 1669.07
threshold=14.874167293398422 7.8620326633585247 8.1864425068513551 -0.30505848810325265 2.3575037049707972 0 -0.091611451029473642 18.407908271991452 5.2464385899001664 14.297722475902729 0.23722442326870483 14.79341559639948 1.5529401796786453 0.32680036378643607
decision_type=2 8 10 2 10 1 2 2 10 2 2 2 10 2
left_child=9 -2 -3 -4 7 -6 -7 8 -5 -1 11 -11 -12 -14
right_child=1 2 3 4 5 6 -8 -9 -10 10 12 -13 13 -15
leaf_value=0.001240886124169819 0.0081165472267682778 -0.0058559071476924334 0.011445774339491331 0.00029632568003268083 5.1210115853671755e-05 0.001815614679693611 -0.0046295423443043519 0.001571804489681735 0.0060506370961626917 -0.0022914396248790046 -0.0075727208863112724 -0.011381519783824021 0.0018473988005698633 -0.012569964543241283
leaf_weight=10889586.729421258 341411.04113769531 338189.78247070312 493785.494140625 5082923.4479980469 1014450.1804199219 294260.39404296875 293202.89233398438 899716.62548828125 676736.20068359375 470491.04528808594 683145.99053955078 169204.43835449219 1599466.4506835938 177214.58734130859
leaf_count=29261 151 109 148 1793 256 103 107 190 254 327 487 100 1095 115
internal_value=0.000378412 0.000894109 0.000757979 0.000903014 0.000711486 -0.00097879 -0.0032452 0.00111808 0.000790369 3.06103e-05 -0.000908942 -0.00290232 -0.000390551 0.000349566
internal_weight=2.34238e+07 9.43468e+06 9.09327e+06 8.75508e+06 8.26129e+06 1.60191e+06 587463 6.65938e+06 5.75966e+06 1.39891e+07 3.09952e+06 639695 2.45983e+06 1.77668e+06
internal_count=34496 3111 2960 2851 2703 466 210 2237 2047 31385 2124 427 1697 1210
cat_boundaries=0 1
cat_threshold=512
is_linear=0
shrinkage=0.05


Tree=115
num_leaves=15
num_cat=3
split_feature=9 23 20 24 10 16 29 5 15 29 29 23 6 10
split_gain=1284.19 2572.35 3533.09 2410.95 1817.89 2691.95 1632.73 1902.85 1380.73 3344.98 1917.37 2028.57 1896.99 3305.28
threshold=0.14407582608325048 2.5830001599057755 -0.012482423216461848 2.4261816552850752 0.12459154711502181 18.650510177953056 0 15.358794976538235 19.366258896332727 1 2 2.5039231257198153 16.195518319119824 -0.03970098221279264
decision_type=2 10 10 10 2 2 1 2 2 1 1 10 2 2
left_child=1 -1 -3 -4 5 8 7 -6 10 -10 11 -2 -12 -14
right_child=4 2 3 -5 6 -7 -8 -9 9 -11 12 -13 13 -15
leaf_value=0.002117667871825732 -9.7627243866663631e-05 0.0052414522597689465 -0.00091540472631241514 -0.00064220879408224832 0.0036271979980050809 -0.0011460391444210823 6.6198080253834549e-05 0.0061221744968044415 -0.0067197093233763803 0.00054025584608280192 2.9288265348824857e-05 0.0032381967843591259 0.00010770721990154328 -0.0017783953710137049
leaf_weight=1411466.9900360107 1330773.0106506348 208136.08061981201 222734.28700256348 262302.16174316406 2299656.6348171234 129628.03918457031 2765505.1726642847 888552.55065917969 327492.59666442871 617813.82022476196 10065400.735113382 1411325.8273792267 613900.87939453125 620189.04809570312
leaf_count=480 1171 251 110 108 5233 58 5339 308 165 825 18827 1208 141 148
internal_value=0.000292667 0.00147033 -0.00102404 -0.00336241 0.000175034 -0.000116432 0.000915066 0.00168623 -5.43774e-05 -0.00190403 7.01447e-05 0.00125619 -0.00021768 -0.00206786
internal_weight=2.31749e+07 2.10464e+06 693173 485036 2.10702e+07 1.51165e+07 5.95371e+06 3.18821e+06 1.49869e+07 945306 1.40416e+07 2.7421e+06 1.12995e+07 1.23409e+06
internal_count=34372 949 469 218 33423 22543 10880 5541 22485 990 21495 2379 19116 289
cat_boundaries=0 1 2 3
cat_threshold=9 24 20
is_linear=0
shrinkage=0.05


Tree=116
num_leaves=15
num_cat=0
split_feature=0 6 10 16 8 16 8 4 9 25 16 22 26 10
split_gain=2613.17 1361.34 1414.23 5904.02 2467.7 2498.89 1746.53 1427.71 1876.45 1339.75 1252.14 3736.86 1419.16 1236.04
threshold=17.419860989426706 17.356241645943843 -0.059266550924993645 18.472836192843562 0.064852118826147817 17.596891769448991 0.096798193245150224 16.860170040119087 0.11263565210970426 0.25000000000000011 18.314726746826736 18.66055157771083 0.6830127018922193 0.089407070082038367
decision_type=2 2 2 2 2 2 2 2 2 2 2 2 2 2
left_child=1 2 3 4 -1 -6 -4 8 -8 -7 -10 -12 13 -13
right_child=-2 -3 6 -5 5 9 7 -9 10 -11 11 12 -14 -15
leaf_value=-0.0025870885065673072 0.00024962701218380977 -0.0030187718558232213 0.0030316642637001844 -0.0077925625078995447 -0.00029802269496355453 -0.00028500039092082689 -0.001279990089840443 0.00028178151477910166 0.0014657123881049003 0.0029501525664091619 -0.0045208870214827534 -0.0017831540934882878 0.0039645755098106951 0.0018728800650653688
leaf_weight=65822.084910154343 829422.521484375 159969.75146484375 787171.85082435608 149595.33462524414 8121238.1663177013 357045.79194641113 111481.89532470703 751846.64721679688 10605235.714727044 875547.11981201172 164649.07901000977 163202.90289306641 203974.0973815918 156622.03555297852
leaf_count=201 122 26 534 88 14754 193 62 152 17735 327 84 116 117 122
internal_value=0.000447583 0.000346745 0.000379403 -8.14975e-05 7.50142e-05 0.000142902 0.000720133 0.000572344 0.000433224 0.00224063 0.000496943 -0.0015694 0.000495907 -0.00158252
internal_weight=2.35028e+07 2.26734e+07 2.25134e+07 9.56925e+06 9.41965e+06 9.35383e+06 1.29442e+07 1.2157e+07 1.14052e+07 1.23259e+06 1.12937e+07 688448 523799 319825
internal_count=34633 34511 34485 15563 15475 15274 18922 18388 18236 520 18174 439 355 238
is_linear=0
shrinkage=0.05


Tree=117
num_leaves=15
num_cat=2
split_feature=0 11 28 23 4 29 18 9 7 12 12 8 8 11
split_gain=1910.27 1290.06 1711.27 1543.54 3801.68 1171.39 1296.92 1062.31 1065.19 1102.83 1085.93 1016.34 981.63 2530.92
threshold=17.419860989426706 0.70939193494982089 0 4.7517768316887556 13.348124785695015 1 0.020928514436610552 1.1236096408838694 11.261122692147756 9.5000000000000018 10.500000000000002 1.2771491878784356 0.18850960025037897 -0.17875717535374572
decision_type=2 2 1 10 2 1 10 2 2 2 2 2 2 2
left_child=1 7 -3 5 -5 -4 -7 12 9 11 -10 -9 13 -1
right_child=-2 2 3 4 -6 6 -8 8 10 -11 -12 -13 -14 -15
leaf_value=0.0028138884768662371 0.00023715959133332196 0.0035480765551593966 -0.40804688023503521 -0.027610095944991603 -0.081895588350354084 -0.18005215331720092 0.015896491450001701 -0.053643102342472021 -0.042375589728013703 -0.013659004186689284 -0.0086097577908959173 0.010320455597358573 0.0014729731131721479 -0.00027118421939339456
leaf_weight=638869.99992156029 837339.150390625 401208.22657442093 56565.970458984375 141009.37901258469 56795.696044921875 42390.802119493484 185953.34118652344 21565.345404624939 620367.40829467773 577076.02663850784 1230924.8125610352 434065.86389446259 13388990.934201479 4704765.4900474548
leaf_count=680 122 1593 116 523 43 216 327 248 1450 4112 2485 3839 15978 2794
internal_value=0.000299576 0.000212311 -0.00165994 -0.00366558 -0.00705893 -0.0013098 0.00028604 0.000288869 -0.000604444 0.000682131 -0.00132213 0.00252097 0.0004264 -0.000146528
internal_weight=2.33379e+07 2.25005e+07 883923 482715 197805 284910 228344 2.16166e+07 2.884e+06 1.03271e+06 1.85129e+06 455631 1.87326e+07 5.34364e+06
internal_count=34526 34404 2818 1225 566 659 543 31586 12134 8199 3935 4087 19452 3474
cat_boundaries=0 1 2
cat_threshold=551 84
is_linear=0
shrinkage=0.05


Tree=118
num_leaves=15
num_cat=0
split_feature=7 6 21 7 6 15 1 11 4 10 16 16 6 18
split_gain=1637.44 3098.12 1309.26 1622.7 2056 1576.4 1315.01 1159.43 1187.35 1031.94 1631.33 1554.56 1340.46 1047.58
threshold=17.376805783880858 17.356241645943843 11.078461293765502 17.115974588496943 16.605552301010523 17.950196819742171 16.395026300101303 0.26223373617785395 14.40475591603775 -0.036641548093828448 18.534756489305497 17.403758522100876 15.793578236670717 0.23558739954954733
decision_type=2 2 10 2 2 2 2 2 2 2 2 2 2 8
left_child=1 2 3 4 6 -6 9 -4 -9 10 11 12 -1 -11
right_child=-2 -3 7 -5 5 -7 -8 8 -10 13 -12 -13 -14 -15
leaf_value=-0.00036663652413520376 0.00028757404066771271 -0.0033295136716711992 0.0026112398543701666 -0.00035514263856021981 -0.00049195032011930932 0.0022538250469034625 -0.00057171374057365314 0.0024058025901968205 -0.010418209347533583 -0.00011196462898685118 -0.013661047216395682 0.0018381868950099905 -0.0032761758545868415 0.0032253626800443284
leaf_weight=7405689.3587664366 952741.58642578125 110365.96435546875 1229422.3618018627 541419.10205078125 469724.05590820312 1133534.1955566406 671543.8232421875 136113.86664223671 46247.106018066406 3892998.7646052837 58602.614044189453 633645.03641319275 570577.81591796875 5366355.5495877266
leaf_count=14648 138 19 1555 99 101 243 189 408 27 9874 54 415 172 6469
internal_value=0.000314381 0.000227526 0.000269153 0.000168882 0.000241276 0.00195929 9.31846e-05 0.00174249 -0.00197794 0.000174553 -0.000217505 -0.000160917 -0.000350281 0.000541594
internal_weight=2.3219e+07 2.22662e+07 2.21559e+07 2.07441e+07 2.02027e+07 1.60326e+06 1.85994e+07 1.41178e+06 182361 1.79279e+07 8.66851e+06 8.60991e+06 7.97627e+06 9.25935e+06
internal_count=34411 34273 34254 32264 32165 344 31821 1990 435 31632 15289 15235 14820 16343
is_linear=0
shrinkage=0.05


Tree=119
num_leaves=15
num_cat=2
split_feature=19 16 0 16 17 3 14 19 8 28 23 17 28 9
split_gain=1314.32 2390.52 2391.32 3100.64 2277.35 3899.66 2203.64 3437.78 2280.77 2218.82 1614.67 1561.59 2584.16 2516.18
threshold=-0.014024481491092899 18.650510177953056 16.84045422280521 18.435443290659602 0.089239508121144312 16.850451675266942 2.3864374454103636 0.022226864345365301 0.089414884982887063 0 3.1997519322157855 0.029644111595316252 1 0.21296953327358806
decision_type=2 2 2 2 2 2 10 2 2 1 10 2 1 2
left_child=1 2 3 11 5 -2 8 -8 -6 10 -10 -1 13 -13
right_child=4 -3 -4 -5 6 -7 7 -9 9 -11 -12 12 -14 -15
leaf_value=0.00096848026933474014 0.00064305398705762692 -0.00073528347651028629 0.00038266921559698078 -0.008243297944889455 -0.00068596903679555557 -0.012524323964931323 0.0015524199451032855 -0.0017005379297183024 0.0042330842261066896 0.00075893507123390861 0.0013766308282859609 -0.00026836686550634961 -0.00061380730789655077 -0.0099720681192841231
leaf_weight=4690441.2654476166 10371896.658250093 175454.35940551758 949200.9482421875 133566.94061279297 385515.07626342773 103764.4423828125 412419.61145019531 339767.57702636719 1320577.6218261719 1029203.0487976074 399536.99157714844 293462.70391845703 2410280.4541625977 265775.32348632812
leaf_count=10757 19715 60 173 95 87 24 148 113 332 836 119 106 1632 209
internal_value=0.000259389 -0.000217373 -0.000101405 -0.000389993 0.000555423 0.000171906 0.00158902 -0.000841373 0.00217218 0.0026772 0.00377592 -0.000258299 -0.00115553 -0.00421762
internal_weight=2.32809e+07 8.91818e+06 8.74273e+06 7.79353e+06 1.43627e+07 1.04757e+07 3.88702e+06 752187 3.13483e+06 2.74932e+06 1.72011e+06 7.65996e+06 2.96952e+06 559238
internal_count=34406 13032 12972 12799 21374 19739 1635 261 1374 1287 451 12704 1947 315
cat_boundaries=0 1 2
cat_threshold=864 648
is_linear=0
shrinkage=0.05


Tree=120
num_leaves=15
num_cat=1
split_feature=29 3 15 1 11 18 6 15 15 8 11 8 7 20
split_gain=2083.07 1761.54 1579.11 2634.55 2260.45 1959.85 1676.15 1314.11 2619.81 2560.87 1951.94 2031.17 1552.6 1270.58
threshold=0 16.536937448267057 19.370557373690556 14.978919991828326 -0.18801757600459273 0.99469856099704412 15.215897328759032 19.250863594461013 19.240998570495709 0.1520367391642001 0.22614567688386258 0.18190792179624982 14.90671057703466 -0.014474752489416149
decision_type=1 2 2 2 2 10 2 2 2 2 2 2 2 10
left_child=7 2 3 -2 -4 6 -6 8 -1 -10 13 -12 -13 -9
right_child=1 -3 4 -5 5 -7 -8 10 9 -11 11 12 -14 -15
leaf_value=0.00035328245917266176 -0.002619317598945813 -0.012147463233820634 -0.38314208764361912 0.003209006160431497 -0.003804140145931079 0.0083356969518929222 -0.0084697582315003041 0.0018182667113406327 -0.0065051237999213798 -0.0037838078960507719 -0.00336531549951086 -0.013751925332238173 0.0092743476999516423 0.0035425557814330422
leaf_weight=11586204.250231147 5466471.4377151728 189434.01928710938 154055.56619262695 1737384.4940795898 210633.93634033203 323047.05798339844 132489.93225097656 1282049.0528030396 109372.67034912109 227679.28926849365 104220.75561141968 349909.81843948364 128536.32263183594 1423873.5200958252
leaf_count=15092 14719 51 191 695 216 342 48 1582 36 271 46 605 55 564
internal_value=0.000316464 -0.000325196 -0.000212689 2.39914e-05 -0.0022914 -0.00102915 -0.0036606 0.000662923 0.00041886 -0.00392653 0.00154781 -0.00107729 0.00030053 0.00211307
internal_weight=2.34254e+07 8.21352e+06 8.02408e+06 7.20386e+06 820226 666171 343124 1.52118e+07 1.19233e+07 337052 3.28859e+06 582667 478446 2.70592e+06
internal_count=34513 16262 16211 15414 797 606 264 18251 15399 307 2852 706 660 2146
cat_boundaries=0 1
cat_threshold=53
is_linear=0
shrinkage=0.05


Tree=121
num_leaves=15
num_cat=2
split_feature=29 25 23 20 22 28 26 18 22 3 22 19 15 20
split_gain=1155.89 1485.67 3154.01 4043.2 4413.14 1914.16 1960.78 3179.91 4104.56 3051.54 2069.76 2237.13 3105.18 1961.03
threshold=0 0.25000000000000011 2.5543468899421558 0.043200315873088459 17.063436003454161 1 -0.24999999999999997 0.28324693998890349 19.577528614108676 17.171183635107628 18.66055157771083 -0.0093007948730438484 18.302467564332336 0.0011474289684619504
decision_type=1 2 10 10 2 1 2 8 2 2 2 2 2 10
left_child=1 5 -3 -4 -5 -1 7 8 -7 10 11 12 13 -8
right_child=-2 2 3 4 -6 6 9 -9 -10 -11 -12 -13 -14 -15
leaf_value=0.00060948923008278069 -0.00024918114780559633 0.0034912956363544242 0.0010184134981892515 -0.0068752203840547303 0.0010006100996312597 -0.0023782716900389625 0.0030892248606654085 0.00016268073402543267 -0.0091157348575751224 -0.0034176189574941732 0.002254829486479508 0.0024328696869175075 -0.0095034048741683298 -0.0074733118275392939
leaf_weight=4031180.5199209452 9866858.414973855 2543935.7743639946 2975505.7075442076 95681.397346496582 106746.86894989014 1043954.8242999315 337040.64750146866 394625.86032104492 284323.45000457764 145952.8427734375 650476.41304540634 823054.09958028793 139559.78787899017 100150.95305633545
leaf_count=5061 18786 2094 4319 98 125 1418 494 181 197 26 443 1113 144 104
internal_value=0.000305083 0.000602732 0.00121711 0.00016681 -0.00667081 0.000160562 -0.00062628 -0.00188898 -0.00305981 0.000364279 0.000861545 -0.000221396 -0.00260922 -0.00053639
internal_weight=2.3539e+07 1.36722e+07 5.72187e+06 3.17793e+06 202428 7.95032e+06 3.91914e+06 1.7229e+06 1.32828e+06 2.19623e+06 2.05028e+06 1.39981e+06 576751 437192
internal_count=34603 15817 6636 4542 223 9181 4120 1796 1615 2324 2298 1855 742 598
cat_boundaries=0 1 2
cat_threshold=49 327
is_linear=0
shrinkage=0.05


Tree=122
num_leaves=15
num_cat=0
split_feature=4 19 20 15 24 20 11 19 6 5 22 24 24 9
split_gain=2180.01 2315.81 934.547 2790.95 5483.26 2455.68 2336.52 2134.59 1600.49 1420.61 1440.12 2610.96 2019.32 3085.23
threshold=16.860170040119087 0.023269345272802205 0.024583626075367352 19.332164999170981 2.3926138686932208 0.030705938114335352 0.32680036378643607 -0.014159784794791548 17.129815940530211 12.938617911953836 17.202764792092243 -0.18930193706925849 0.71970720841918912 0.16989039898214703
decision_type=2 2 10 2 10 10 2 2 2 2 2 8 8 2
left_child=2 -2 8 5 -5 6 7 -4 9 -1 -11 -12 -13 -14
right_child=1 -3 3 4 -6 -7 -8 -9 -10 10 11 12 13 -15
leaf_value=-0.0026425854481450582 0.0014296226552691213 -0.00036101239525537478 -0.02140212468314398 -0.015242263786355174 0.002086242818727923 0.00051670932562221372 -0.051446501593653361 -0.00071610152820611016 -0.011400600181045606 0.002713307335834041 -0.0018468398856020753 0.0030144622657083831 -0.0018727735702829826 0.00022827839417867784
leaf_weight=5448723.8221527338 1988556.8435058594 723632.86865234375 67747.085397720337 113012.23583221436 145485.30291748047 2316539.8944288492 60640.617082595825 233195.87008237839 67731.421875 4960193.6726989746 159977.52679443359 1104311.6634521484 488440.07916259766 5465682.5472106934
leaf_count=21328 357 133 108 92 133 3408 118 367 13 3907 91 673 206 3606
internal_value=0.000346985 0.00167965 0.000171796 -0.000654252 -0.00561571 -0.000175363 -0.00400763 -0.00220341 0.000308884 0.000338361 0.000638597 0.000187884 0.000331045 -3.31679e-05
internal_weight=2.33439e+07 2.71219e+06 2.06317e+07 2.93662e+06 258498 2.67812e+06 361584 300943 1.76951e+07 1.76273e+07 1.21786e+07 7.21841e+06 7.05843e+06 5.95412e+06
internal_count=34540 490 34050 4226 225 4001 593 475 29824 29811 8483 4576 4485 3812
is_linear=0
shrinkage=0.05


Tree=123
num_leaves=15
num_cat=2
split_feature=29 11 22 17 17 10 16 14 20 24 24 16 28 3
split_gain=1607.93 1585.59 1498.22 1284.77 1534.26 1104.33 3246.76 2247.89 2534.71 1657.08 1261.13 1700.45 1258.83 1097.31
threshold=0 -0.12235937657627534 18.66055157771083 0.27895765299337733 0.13942728314171829 0.092839518376594612 18.534756489305497 0.89102330145622111 -0.018508709103498545 -0.21262599751042496 1.2771739641164903 15.679141583617698 1 16.850451675266942
decision_type=1 2 2 2 2 2 2 8 8 8 8 2 1 2
left_child=1 2 13 4 -2 6 7 8 -3 -9 -10 -12 -13 -1
right_child=3 5 -4 -5 -6 -7 -8 9 10 -11 11 12 -14 -15
leaf_value=0.0019478365601792134 -0.00063232955657737322 -0.036745972316799262 0.0029258744864439478 -0.019846202109736758 0.014666945914208744 0.001121083355688339 -0.00036684492377728173 -0.0010141888505501588 0.0079165660397925493 0.00022364740377549993 -0.0028412694627704686 -0.00065152704428883719 -0.10637307216159951 -0.0026045054060575622
leaf_weight=2462600.4464576244 9649884.2100263834 79988.847026824951 1157970.1314129829 72183.68603515625 230370.21911621094 2778676.7529540062 190305.28359985352 208002.5966053009 116560.08191680908 5691803.5060162544 456459.91392612457 90747.178573608398 72939.099853515625 107883.08251953125
leaf_count=4247 18730 106 1071 26 97 3750 95 194 173 4947 903 105 123 22
internal_value=0.000255278 0.000612546 0.00148871 -0.000226251 -0.000177694 0.000275266 -6.33737e-05 0.000119104 -0.00233942 0.000459431 -0.00142157 -0.00231844 -0.00669064 0.000815987
internal_weight=2.33664e+07 1.34139e+07 3.72845e+06 9.95244e+06 9.88025e+06 9.68548e+06 6.90681e+06 6.7165e+06 816695 5.89981e+06 736706 620146 163686 2.57048e+06
internal_count=34589 15736 5340 18853 18827 10396 6646 6551 1410 5141 1304 1131 228 4269
cat_boundaries=0 1 2
cat_threshold=49 6
is_linear=0
shrinkage=0.05


Tree=124
num_leaves=15
num_cat=4
split_feature=20 6 28 9 29 23 8 18 23 28 18 7 21 29
split_gain=1500.15 3807.08 2059.86 2416.51 1604.8 1508.67 2363.2 2079.49 2417.97 2313.13 1811.04 8738.98 1635.13 2882.94
threshold=-0.0031007088973616496 17.129815940530211 0 0.14407582608325048 1 2.5543468899421558 0.15992055085477316 0.56513799080747829 3.3697958812695457 2 0.29038378392357483 17.115974588496943 10.896494053253278 3
decision_type=10 2 1 2 1 10 2 8 10 1 10 2 10 1
left_child=1 2 3 -1 5 10 7 8 -7 -10 11 -2 13 -12
right_child=4 -3 -4 -5 -6 6 -8 -9 9 -11 12 -13 -14 -15
leaf_value=0.0031785086920679559 0.0014018325608917354 -0.0031963614739097847 -0.0016206463642755718 0.00055889802946180978 -0.0018345012319331334 0.00069784215734047155 0.0012564206482775662 -0.0012390368822781969 -0.0019743251675044793 0.00058925696114228265 0.0015465687057410853 -0.0045413164920241429 0.0053759057547183419 -0.0011815888060402241
leaf_weight=418487.44213104248 2500484.7651405334 175397.04736328125 4021649.8490736485 8693234.7696275711 2185289.3862493038 412216.88436889648 2753524.3731321096 387345.22534179688 119800.78753662109 160766.04964864254 512020.46569824219 130358.42919921875 649427.76000976562 309289.90556335449
leaf_count=280 2171 32 9198 13748 4736 219 3371 82 55 198 189 24 122 95
internal_value=0.000264211 -8.46811e-05 1.30471e-05 0.000429056 0.000723013 0.00105342 0.000340315 -0.00164176 -1.31988e-06 -0.0035818 0.00171995 0.000934392 0.00312515 0.00164267
internal_weight=2.34293e+07 1.33088e+07 1.31334e+07 9.11172e+06 1.01205e+07 7.93523e+06 3.83365e+06 1.08013e+06 692784 280567 4.10158e+06 2.63084e+06 1.47074e+06 821310
internal_count=34520 23258 23226 14028 11262 6526 3925 554 472 253 2601 2195 406 284
cat_boundaries=0 1 2 3 4
cat_threshold=771 57 768 1
is_linear=0
shrinkage=0.05


Tree=125
num_leaves=15
num_cat=0
split_feature=0 24 11 11 6 26 4 4 1 16 16 27 14 19
split_gain=1309.27 1373.05 1239.52 2393.17 4363.42 1860.44 3943.53 5578.69 1477.25 2378.17 2187.29 1828.27 2495.67 1524.61
threshold=13.237444756635101 8.8180795304207269 -0.11467684021774179 -0.032791685209332337 17.129815940530211 -0.68301270189221952 15.937568612521352 14.809368848950902 16.684754232979486 18.314726746826736 18.407908271991452 5.5000000000000009 1.7102166426109984 -0.036895586668078545
decision_type=2 10 2 2 2 2 2 2 2 2 2 2 10 2
left_child=-1 2 -2 4 5 6 7 -4 9 13 -11 -10 -13 -5
right_child=1 -3 3 8 -6 -7 -8 -9 11 10 -12 12 -14 -15
leaf_value=-0.0019121815043866232 0.0021012141246033573 0.010024329859323257 -0.0027692942947913604 -0.0015830877867996096 -0.001218346336269085 0.00016112405116178061 0.0024106345660750306 -0.012814969450512595 0.0025456739058739748 -0.0033888119697470681 -0.00021664666274494481 0.0013216786520972201 -0.00024227656579935459 0.0011746155875159094
leaf_weight=7266316.0827001333 4284835.5639953613 838674.005859375 218620.59338378906 752141.93389892578 236129.43115234375 1424223.8925170898 197479.626953125 142267.607421875 788101.474609375 210029.06030273438 298107.27423095703 632055.35717773438 547705.84399414062 5530574.8616638184
leaf_count=25539 2619 501 188 486 39 762 48 70 142 96 149 110 107 3706
internal_value=0.000308401 0.000559828 0.000451591 0.000170075 -0.00129674 -0.000531511 -0.0029777 -0.00608603 0.000541642 0.00019209 -0.00309804 0.00174791 0.000502282 0.00045819
internal_weight=2.33673e+07 1.61009e+07 1.52623e+07 1.09774e+07 2.21872e+06 1.98259e+06 558368 360888 8.75872e+06 6.79085e+06 508136 1.96786e+06 1.17976e+06 6.28272e+06
internal_count=34562 9023 8522 5903 1107 1068 306 258 4796 4437 245 359 217 4192
is_linear=0
shrinkage=0.05


Tree=126
num_leaves=15
num_cat=1
split_feature=19 16 19 17 20 22 6 28 9 6 19 2 16 21
split_gain=1003.11 4547.57 1488.08 2873.27 2442.13 1779.85 3929.51 1688.07 2092.25 1593.41 1958.14 1446.03 1417.28 3172.52
threshold=-0.014024481491092899 18.650510177953056 -0.015044224044914999 0.24497248980684103 0.016988435916322903 18.66055157771083 17.129815940530211 0 0.20793076625117812 15.629731816529048 -0.039197507078945044 15.666534854658034 15.918925371104235 11.118488127248211
decision_type=2 2 2 2 10 2 2 1 2 2 2 2 2 10
left_child=1 2 5 4 -4 6 9 -7 -9 11 -11 -1 -2 -14
right_child=12 -3 3 -5 -6 7 -8 8 -10 10 -12 -13 13 -15
leaf_value=0.00099088310594184874 -0.00033995258893838295 -0.00024097622578902615 -0.00023157677794585736 -0.0077758363147913644 -0.014312041366624756 0.0026035966988935417 -0.0030911145983819337 -0.0061186028136916287 0.0041113520115585436 -0.0024888858728180563 -8.6574591864140314e-05 -0.012388613923936358 0.0012253124069177197 -0.00097987198091992493
leaf_weight=4959412.4527187347 7716601.4670472145 163977.6614074707 699920.860440135 112966.35083007812 91845.208445549011 714167.33950042725 115677.53515625 174640.30950927734 589801.96302485466 414411.8857421875 765264.56787109375 51503.869140625 6314225.6345252991 414622.62831878662
leaf_count=9710 17066 61 1194 40 130 632 21 76 777 120 226 24 4306 207
internal_value=0.000100986 -0.000318078 -0.000162413 -0.00208174 -0.00101741 6.06443e-05 -0.000305436 0.00162198 -1.09671e-05 -0.000134824 -0.00178809 0.000254392 0.000357829 0.000888195
internal_weight=2.3299e+07 8.85359e+06 8.68961e+06 904732 791766 7.78488e+06 6.30627e+06 1.47861e+06 764442 6.19059e+06 1.17968e+06 5.01092e+06 1.44454e+07 6.72885e+06
internal_count=34590 13011 12950 1364 1324 11586 10101 1485 853 10080 346 9734 21579 4513
cat_boundaries=0 1
cat_threshold=769
is_linear=0
shrinkage=0.05


Tree=127
num_leaves=15
num_cat=2
split_feature=29 8 28 4 15 14 23 10 17 9 7 11 10 2
split_gain=1302.31 1450.4 5023.73 3607 3200.66 1541.98 1308.59 1505.68 3738.14 3031.02 1669.73 1653.95 1490.73 2024.92
threshold=0 0.15572691317479698 1 16.554399131064109 19.327865131340943 1.5336888121784449 2.4308761225760551 0.023710827087195501 0.39211591187223777 0.11263565210970426 14.692311409078973 -0.05325308337230699 -0.16449141470753043 14.029554453784121
decision_type=1 2 1 2 2 8 10 2 2 2 2 2 2 2
left_child=6 2 -2 4 5 -4 7 10 9 -9 -1 -12 13 -8
right_child=1 -3 3 -5 -6 -7 12 8 -10 -11 11 -13 -14 -15
leaf_value=0.0017641001720179101 -0.0029071701751457401 6.0290785601991216e-05 -0.0084009558173827447 0.00092551835280800748 -0.0031911265894470097 0.0012782771905793448 0.0009798461969927712 -0.00034393877903443794 -0.0018060582861022013 0.0017329212490960211 0.00086924325739644564 0.0023445377457369443 0.0010122233304476662 -0.0032110466320511948
leaf_weight=982470.55073022842 199509.94735145569 10955940.119415045 162630.92008018494 568593.1650390625 124717.96633911133 222846.84889543056 1165339.6813069582 143982.75621032715 201683.36993408203 1538545.6507902145 823878.29162597656 877197.90759277344 4752992.1490430832 646126.73706054688
leaf_count=2065 83 18236 113 87 60 404 3432 39 91 1904 259 259 7220 340
internal_value=0.000223345 -0.000132723 -0.00172652 -0.000378505 -0.00343067 -0.00117805 0.000614661 0.00126454 0.000181172 0.00095223 0.0020252 0.00297305 0.000162458 -0.00105804
internal_weight=2.33665e+07 1.22342e+07 1.2783e+06 1.07879e+06 510196 385478 1.11322e+07 4.56776e+06 1.88421e+06 1.68253e+06 2.68355e+06 1.70108e+06 6.56446e+06 1.81147e+06
internal_count=34592 18983 747 664 577 517 15609 4617 2034 1943 2583 518 10992 3772
cat_boundaries=0 1 2
cat_threshold=97 576
is_linear=0
shrinkage=0.05


Tree=128
num_leaves=15
num_cat=0
split_feature=0 19 11 21 19 3 26 11 6 6 24 19 24 9
split_gain=1526.37 3878.36 3343.32 4502.53 5176.64 2602.21 1156.15 1005.05 871.349 986.112 909.862 1463.33 1342.01 2100.12
threshold=16.03763924788834 -0.031869132652534493 -0.077904549126598596 10.609716491129488 0.022226864345365301 16.536937448267057 -0.5 0.061171045982236501 16.09600000920798 15.947782723660634 0.80042292159832307 0.071218089062251702 1.9489560573862301 0.13827813384070328
decision_type=2 2 2 10 2 2 2 2 2 2 8 2 10 2
left_child=5 -2 -3 6 7 8 -4 -5 9 10 11 -1 13 -12
right_child=1 2 3 4 -6 -7 -8 -9 -10 -11 12 -13 -14 -15
leaf_value=0.0025265004225637003 -0.00046493843996817103 0.0024982408688894314 2.0183447261240515e-05 0.002110319959785356 -0.0010616939621508239 -0.016472850382545905 0.0038791472754294899 -6.6918151547801596e-05 0.0018008101015928311 -0.0013773398078450218 -0.0054139754322170518 -0.032631058126523262 0.00065843523673968869 -0.0012086600371874541
leaf_weight=3222994.7722654343 808870.34423828125 1469409.6066894531 428876.88134765625 574005.6337890625 649034.02661132812 98959.7060546875 923554.34252929688 550248.16796875 247932.17504882812 215672.05053710938 84125.988830566406 59791.53436088562 9343437.9012606144 4683250.8246769905
leaf_count=6377 183 341 109 120 134 27 234 107 75 72 99 109 18510 7990
internal_value=0.00027192 0.00100865 0.00157064 0.000645931 -0.00101133 5.01965e-05 0.00281891 0.00104128 9.50047e-05 5.35613e-05 9.52257e-05 0.000844978 -7.91992e-05 -0.000761829
internal_weight=2.33602e+07 5.404e+06 4.59513e+06 3.12572e+06 1.77329e+06 1.79562e+07 1.35243e+06 1.12425e+06 1.78572e+07 1.76093e+07 1.73936e+07 3.28279e+06 1.41108e+07 4.76738e+06
internal_count=34487 1228 1045 704 361 33259 343 227 33232 33157 33085 6486 26599 8089
is_linear=0
shrinkage=0.05


Tree=129
num_leaves=15
num_cat=4
split_feature=23 29 23 28 4 18 28 17 17 29 23 15 18 7
split_gain=1045.68 1510.54 1116.03 1827.6 6836.44 2289.09 1389.82 973.498 1211.79 967.993 1193.63 1335.75 1298.36 1217.67
threshold=6.9837319657132264 0 5.6230170896949767 1 15.567517914566457 0.058585984288874508 2 0.042937960574262857 0.030566075449498156 3 6.07994861155814 18.277160725709198 0.66387493325288449 13.288883304460429
decision_type=10 1 8 1 2 10 1 2 2 1 8 2 10 2
left_child=2 7 -1 4 5 -4 -7 8 -2 -5 11 13 -12 -11
right_child=1 -3 3 9 -6 6 -8 -9 -10 10 12 -13 -14 -15
leaf_value=0.00019228876802515789 0.0061753803218793151 -0.0082653217676949275 0.0069599789526686127 0.002358000291314236 -0.027115590648307448 -0.43521359055877418 -0.011003810449705401 0.0069109091541610899 -0.028130751760459594 -0.032742913380625648 0.005684764140374594 -0.0088507096026298731 -0.0040097317666639284 0.0067025256335092711
leaf_weight=19245031.055292964 813043.55349600315 527523.57000851631 226915.78234755993 337477.24254751205 44276.569702148438 66315.17954826355 167515.80500411987 513590.54592895508 70301.242309570312 70960.30011177063 503417.97739398479 162578.56219482422 503637.64214324951 81842.120544433594
leaf_count=26778 2028 1429 758 592 12 129 257 360 96 258 1074 170 495 54
internal_value=0.000260551 0.00137696 0.000160201 -0.000916108 -0.00354982 -0.00174652 -0.0052183 0.00223778 0.00123134 -0.000114786 -0.000724744 -0.00340903 0.000115889 -5.25623e-05
internal_weight=2.33344e+07 1.92446e+06 2.141e+07 2.16494e+06 505023 460747 233831 1.39694e+06 883345 1.65991e+06 1.32244e+06 315381 1.00706e+06 152802
internal_count=34490 3913 30577 3799 1156 1144 386 2484 2124 2643 2051 482 1569 312
cat_boundaries=0 1 2 3 4
cat_threshold=9 708 64 52
is_linear=0
shrinkage=0.05


Tree=130
num_leaves=15
num_cat=0
split_feature=16 25 4 7 20 7 27 8 6 24 1 16 1 10
split_gain=909.636 2344.16 3174.86 3133.51 1826.34 1425.59 1332.58 1756.5 1077.44 1045.85 1845.78 1614.29 1603.55 3080.8
threshold=18.179163792832941 0.25000000000000011 16.166066284103554 17.115974588496943 0.012530097932456801 14.563901574557894 8.5000000000000018 0.19925397828363969 17.129815940530211 2.6761558945178754 16.150297738002418 17.099172047158188 16.395026300101303 0.03295857581619361
decision_type=2 2 2 2 10 2 2 2 2 10 2 2 2 2
left_child=9 3 5 4 6 -3 7 -2 -4 12 11 -11 -1 -14
right_child=1 2 8 -5 -6 -7 -8 -9 -10 10 -12 -13 13 -15
leaf_value=-7.2450367224981542e-05 0.0012862653099040948 0.0039803003482784712 0.0048830100475971711 -0.00052039291645104466 -0.00070422607332914014 -0.0016640941665774537 0.0027502475731115477 -0.0063730849556397325 0.0013823103089795339 0.0012346796008473025 0.0024361188187719124 -0.0069610366456829432 -0.0007163161963797697 0.00015425821952906826
leaf_weight=10723018.272700787 258185.99684143066 198534.70678710938 661845.26513671875 851781.49462890625 468230.79467773438 242220.70983886719 621463.00273132324 193170.7158203125 561632.06640625 6668125.3085075617 748778.36987304688 207450.98303222656 492732.54370117188 431703.5380859375
leaf_count=18591 108 270 150 135 197 107 322 140 90 13949 196 189 107 106
internal_value=0.00020078 0.000881255 0.0023224 -0.00012107 0.00122412 -0.00131612 0.00236128 0.00029351 0.00363317 5.75281e-05 0.000512785 0.000256053 -0.00024048 -0.00223858
internal_weight=2.33289e+07 4.05706e+06 1.66423e+06 2.39283e+06 1.54105e+06 440755 1.07282e+06 451357 1.22348e+06 1.92718e+07 7.62435e+06 6.87558e+06 1.16475e+07 924436
internal_count=34657 1519 617 902 767 377 570 248 240 33138 14334 14138 18804 213
is_linear=0
shrinkage=0.05


Tree=131
num_leaves=15
num_cat=0
split_feature=11 7 16 17 16 8 20 24 20 24 4 16 9 4
split_gain=1600.83 3358.26 1676.48 4574.78 1863.17 2297.06 4081.75 5676.92 5570.9 3320.88 1705.68 2314.4 1523.22 1205.02
threshold=-0.11467684021774179 16.203243434593986 18.472836192843562 0.24497248980684103 18.407908271991452 0.13724328153741419 -0.065599494673786576 1.4321253711642201 -0.0012666252323352998 2.1287889848007757 17.019152678527846 18.314726746826736 1.1236096408838694 16.283999875186893
decision_type=2 2 2 2 2 2 10 10 10 10 2 2 2 2
left_child=1 13 4 -4 5 6 -2 -8 -9 -10 11 12 -7 -1
right_child=2 -3 3 -5 -6 10 7 8 9 -11 -12 -13 -14 -15
leaf_value=0.0019395301761543767 0.0050661503192029845 0.002232911347852585 0.00034694034282012034 -0.00082309624926804039 0.0011875101202799263 0.00071471315748755865 0.00018066752302047981 -0.0044823570346519542 -0.0080414895524448179 -0.00017885961512853564 0.0011991824741923707 -0.0033447403659201697 -0.017464087738419853 -0.0059225994988209791
leaf_weight=5976978.3488222361 324344.01012706757 1117186.3483886719 394433.14068603516 348535.49719238281 581293.30065917969 10197063.554582357 786410.3337726593 252844.62033462524 211429.31946563721 430888.37861633301 390484.95483398438 287528.72650146484 1900016.7605311871 129389.15234375
leaf_count=12504 399 244 204 63 217 12043 348 137 106 191 67 167 7820 43
internal_value=0.00020935 0.000827802 -6.8038e-05 -0.00238772 4.41489e-05 -6.50489e-05 -0.00163805 -0.00262862 -0.00535158 -0.00287682 0.000181941 7.93524e-05 0.00018473 0.000366672
internal_weight=2.33288e+07 7.22355e+06 1.61053e+07 742969 1.53623e+07 1.4781e+07 2.00592e+06 1.68157e+06 895162 642318 1.27751e+07 1.23846e+07 1.20971e+07 6.10637e+06
internal_count=34553 12791 21762 267 21495 21278 1181 782 434 297 20097 20030 19863 12547
is_linear=0
shrinkage=0.05


Tree=132
num_leaves=15
num_cat=0
split_feature=9 8 0 10 21 14 10 0 2 11 2 7 10 5
split_gain=1784.51 4723.88 4024.67 2051.26 1708.97 1552 1677.19 1507.16 1542.01 1186.95 1689.44 923.244 903.62 2097.54
threshold=0.14407582608325048 0.064852118826147817 16.395876229078294 -0.053331828534046645 10.902443370709145 1.6156902530320585 0.029641844564056653 16.84045422280521 16.996524025785622 -0.091611451029473642 16.395876229078294 14.728527936818516 0.086090403615409969 16.793627513211842
decision_type=2 2 2 2 10 10 2 2 2 2 2 2 2 2
left_child=3 2 -2 -1 12 -5 -7 8 9 -6 11 -11 13 -3
right_child=1 4 -4 5 7 6 -8 -9 -10 10 -12 -13 -14 -15
leaf_value=-0.00047980736958193543 -0.0007674373999591237 -0.00015499682851440101 -0.0074203763387852457 0.0026634786513574024 0.0056917455786797732 0.0011373918965240056 -0.00040489188505831998 0.00057228637891518208 -0.00056061334050445672 -0.00074249502877696749 -0.0029762851807603311 0.0035513420387390396 0.0012999780576045655 -0.0010887603030232547
leaf_weight=453157.7523727417 55629.641824364662 11143197.087742805 58440.27294921875 859191.13841247559 931346.14948940277 478110.52066040039 401992.8099822998 765752.3076171875 67563.14990234375 1063174.3816809654 111127.09326171875 353864.16625976562 6014862.7846952677 518990.79736328125
leaf_count=196 211 18300 11 394 1533 218 163 132 14 2115 28 166 10905 100
internal_value=0.000261469 0.000120293 -0.0100271 0.0016191 0.000175492 0.00239975 0.000924016 0.00122132 0.000632475 0.000837183 -2.03144e-05 0.000445246 -1.9322e-05 -0.000276055
internal_weight=2.32764e+07 2.10839e+07 114070 2.19245e+06 2.09699e+07 1.73929e+06 880103 3.29283e+06 2.52707e+06 2.45951e+06 1.52817e+06 1.41704e+06 1.76771e+07 1.16622e+07
internal_count=34486 33515 222 971 33293 775 381 3988 3856 3842 2309 2281 29305 18400
is_linear=0
shrinkage=0.05


Tree=133
num_leaves=15
num_cat=1
split_feature=24 1 27 4 8 28 1 18 23 24 16 0 21 4
split_gain=1200.94 2732.17 2359.64 6871.72 2857.88 3136.65 2672.52 2064.88 1885.03 1718.6 2467.6 2349.05 1962.62 3535.14
threshold=0.82582797440728506 17.423965936235351 2.5000000000000004 17.458037941908348 0.18850960025037897 0 17.423965936235351 0.72105831032941603 2.6039781056343654 1.4321253711642201 18.472836192843562 16.272741767951768 10.617770933943616 15.474442394707193
decision_type=8 2 2 2 2 1 2 10 10 10 2 2 8 2
left_child=1 -1 3 4 5 -2 9 8 -7 10 11 12 -4 -14
right_child=2 -3 6 -5 -6 7 -8 -9 -10 -11 -12 -13 13 -15
leaf_value=0.0014038448515618007 -0.006551418645001094 -0.00056322950890083309 -0.0002430661236095531 -0.00031702651506626892 9.500934009734857e-06 0.0039411348446554018 0.0019261427039292019 -0.0040602082208332649 -0.0031424388260184268 0.00053942648331068224 -0.010787609336098661 0.0021397763531743777 -0.0047983536499578263 -0.0079764612722478326
leaf_weight=4967742.9993662834 145023.59318101406 133568.36279296875 1465950.71022892 93063.31787109375 2427727.652433157 144713.77359771729 554734.47119140625 149518.68760299683 179565.48504960537 11848944.118843675 105970.3424987793 372983.75146484375 629484.01259422302 100212.01525878906
leaf_count=7064 89 22 2711 13 4131 117 80 79 232 18855 53 80 986 42
internal_value=0.000262412 0.000940494 7.25376e-05 -0.00117451 -0.000765669 -0.0037989 0.000332198 -0.00182928 0.000412024 0.000202103 -0.000942702 -0.000634227 -0.00125743 -0.00337626
internal_weight=2.33192e+07 5.10131e+06 1.82179e+07 3.13961e+06 3.04655e+06 618822 1.50783e+07 473798 324279 1.45235e+07 2.6746e+06 2.56863e+06 2.19565e+06 729696
internal_count=34554 7086 27468 4661 4648 517 22807 428 349 22727 3872 3819 3739 1028
cat_boundaries=0 1
cat_threshold=584
is_linear=0
shrinkage=0.05


Tree=134
num_leaves=15
num_cat=1
split_feature=29 27 4 25 24 24 22 22 20 18 7 20 26 18
split_gain=1464.79 1461.52 6020.57 2955.65 2768.76 4701.44 3271.55 2433.9 3110.51 2071.42 3772.2 2873.35 2018.6 2347.06
threshold=0 2.5000000000000004 17.458037941908348 0.25000000000000011 0.98264219006143716 1.2736174209524151 21.05931847536657 18.651885674616626 0.043200315873088459 0.27769490368242228 17.115974588496943 -0.027732843247890045 -0.24999999999999997 0.16050553623248007
decision_type=1 2 2 2 8 8 2 2 10 8 2 8 2 10
left_child=1 2 4 9 -1 -6 -7 8 -5 10 12 -11 13 -3
right_child=-2 3 -4 7 5 6 -8 -9 -10 11 -12 -13 -14 -15
leaf_value=0.0042029516986098062 -0.0003310080078415109 -0.00043936385552654909 -0.00027005321761071495 0.002405368011030801 -0.0046372397520579693 0.00041124789066353555 -0.012964322449396113 0.0046119740891794395 -0.0019495643155736213 -0.002978664871470266 -0.0062526629873719741 0.0007131251720348266 0.00072418429611074845 -0.0034225196717860931
leaf_weight=556118.3885974884 9878477.672699213 1456829.7287116051 105946.14892578125 1858219.6946220398 133062.42910766602 1389936.0777857304 96686.171966552734 1417968.2204904556 154240.29202270508 227453.1682434082 85688.61376953125 2931755.3529090881 2573313.1785149574 557482.59840488434
leaf_count=491 18875 2722 15 2889 101 1954 78 949 145 91 16 2059 3884 307
internal_value=0.000275376 0.000613048 -0.000540883 0.000846822 2.58621e-05 -0.00101927 -0.000213339 0.00207073 0.000952791 0.000310786 -0.000357758 0.00129974 -0.000163615 -0.00134907
internal_weight=2.34232e+07 1.35447e+07 2.28175e+06 1.1263e+07 2.1758e+06 1.61968e+06 1.48662e+06 3.43043e+06 2.01246e+06 7.83252e+06 4.67331e+06 3.15921e+06 4.58763e+06 2.01431e+06
internal_count=34576 15701 2639 13062 2624 2133 2032 3983 3034 9079 6929 2150 6913 3029
cat_boundaries=0 1
cat_threshold=49
is_linear=0
shrinkage=0.05


Tree=135
num_leaves=15
num_cat=0
split_feature=21 15 5 4 16 10 10 4 7 4 15 9 8 17
split_gain=2080.41 1682.5 2603.58 1641.51 1425.3 2336.37 2085.73 1321.85 3493.17 1146.45 1038.96 2747.35 1814.59 1287.24
threshold=10.949198539433239 19.363417049936697 17.131665029836004 17.458037941908348 18.179163792832941 0.029641844564056653 0.092839518376594612 17.181523356598721 16.98736325551755 16.166066284103554 19.220245496564996 0.17453154080605807 0.13255708096274924 0.35588037541285428
decision_type=10 2 2 2 2 2 2 2 2 2 2 2 2 2
left_child=3 2 10 4 7 9 -7 8 -1 -6 11 12 -2 -13
right_child=1 -3 -4 -5 5 6 -8 -9 -10 -11 -12 13 -14 -15
leaf_value=-1.5414260565674907e-05 -0.0011814788976581717 -0.00080163169890828739 0.0019416545179285251 -9.1393982543230137e-05 0.00015182743774575869 -0.0010170095307452177 0.00093080850199788508 0.0003435218151345489 -0.0093944344110621896 0.0019630839875699525 0.0044706019213374883 0.0012272189913519692 -0.008863222914765833 0.001341697439281826
leaf_weight=17118952.260200024 147396.93965148926 253392.40249633789 515425.1376953125 243802.47265625 390617.38906860352 465657.25151062012 447163.85057067871 129764.43896484375 139928.35400390625 1009474.2470703125 408257.80809020996 1635830.6872355938 111431.06692504883 211315.87646484375
leaf_count=29814 139 140 76 40 309 169 196 25 27 222 398 2793 95 43
internal_value=0.000269072 0.00143539 0.00176274 7.70933e-05 0.000127552 0.00129363 -0.00067447 -2.75504e-05 -6.53511e-05 0.00257677 0.00109909 0.000651571 -0.00417285 0.00132758
internal_weight=2.32284e+07 3.28305e+06 3.02966e+06 1.99454e+07 1.97016e+07 2.31291e+06 912821 1.73886e+07 1.72589e+07 1.40009e+06 2.51423e+06 2.10597e+06 258828 1.84715e+06
internal_count=34486 3684 3544 30802 30762 896 365 29866 29841 531 3468 3070 234 2836
is_linear=0
shrinkage=0.05


Tree=136
num_leaves=15
num_cat=1
split_feature=17 4 18 17 11 9 28 14 9 3 23 23 25 0
split_gain=1906.07 2467.08 2078 1966.04 1715.6 1330.28 1648.72 1264.73 1099.05 4380.29 1746.31 3316.03 1397.12 1670.57
threshold=0.19139240720341238 17.458037941908348 0.12553379349491872 0.24497248980684103 -0.091611451029473642 0.17453154080605807 0 2.4495170593992293 0.15898284897048959 16.3974896391274 2.6039781056343654 2.9155339332431152 -0.24999999999999997 15.668470468809554
decision_type=2 2 10 2 2 2 1 10 2 2 10 10 2 2
left_child=1 8 7 -4 -5 -6 -7 -2 10 12 -1 -12 -10 -14
right_child=2 -3 3 4 5 6 -8 -9 9 -11 11 -13 13 -15
leaf_value=0.0020197815288513399 -0.00014278389682629325 -0.0042953364568996772 0.0050964895099520346 0.0014421879831030338 -0.00039972809054414165 -5.3355674186060216e-05 0.0017145063929704042 -0.0048238207768602822 -0.00061371838755253571 -0.0016268491530703035 -0.0033216295483468024 0.00086925621115953701 0.0010856589330813012 0.002653558962395608
leaf_weight=1006106.922668457 474109.42181396484 96277.3564453125 807587.84008789062 788794.62219238281 693670.7265625 578473.50036621094 553134.64379882812 180607.28106689453 6939179.7927831411 664605.45751953125 160995.4875793457 527314.28047943115 8886920.9343886375 858412.64013671875
leaf_count=466 406 16 233 227 163 169 171 113 13215 177 66 544 18261 288
internal_value=0.000253228 4.41479e-05 0.00123492 0.00172873 0.00106257 0.00022052 0.00127735 -0.00134584 8.45107e-05 -3.41962e-05 0.00129995 -0.000640718 0.000124369 0.000510457
internal_weight=2.32162e+07 1.91398e+07 4.07638e+06 3.42166e+06 2.61407e+06 1.82528e+06 1.13161e+06 654717 1.90435e+07 1.73491e+07 1.69442e+06 688310 1.66845e+07 9.74533e+06
internal_count=34515 33033 1482 963 730 503 340 519 33017 31941 1076 610 31764 18549
cat_boundaries=0 1
cat_threshold=100
is_linear=0
shrinkage=0.05


Tree=137
num_leaves=15
num_cat=0
split_feature=17 3 15 15 16 8 18 21 19 20 27 16 18 16
split_gain=1965.18 4253.02 2193.12 6623.68 1815.37 1990.69 2690.16 1414.32 1610.91 1481.34 1292.85 2175.97 1056.24 1084.29
threshold=0.089239508121144312 16.850451675266942 19.274552379291809 19.196375705064558 18.650510177953056 0.089414884982887063 0.12867381965737423 10.414501320143701 0.03267160604033946 0.0080454043116241509 7.5000000000000009 16.312023237142931 0.015236076684256051 18.314726746826736
decision_type=2 2 2 2 2 2 10 10 2 10 2 2 10 2
left_child=1 -1 3 4 5 -2 12 9 -9 10 11 -8 -7 -14
right_child=2 -3 -4 -5 -6 6 7 8 -10 -11 -12 -13 13 -15
leaf_value=0.00013406748743660784 -0.00099595737886613639 -0.0055554120052093182 0.002609599201336629 -0.00051337185773114239 -0.00014408103163914072 0.0040634612621058648 0.006124379446166269 0.0019890597790413671 1.1913945623826954e-05 0.0080665651654457191 0.0031934332099783692 -0.0052960711793122979 0.00033524860585015332 -0.0019343893767816284
leaf_weight=16763970.571450114 388568.85391235352 144468.65014648438 636111.96728515625 357860.5283203125 239891.83044433594 279593.17727661133 262050.44696044922 1659997.897277832 429177.15454101562 337019.16314697266 384194.79791259766 287944.01818847656 859789.92715454102 369593.01708984375
leaf_count=31775 130 34 99 58 68 371 187 414 104 137 190 102 669 173
internal_value=0.000265096 -1.88215e-05 0.00100458 0.000701685 0.00113072 0.00132479 0.00159962 0.00238715 0.0031873 0.00107215 4.69716e-05 -0.00150764 -0.000154167 -0.000785024
internal_weight=2.34002e+07 1.69084e+07 6.49179e+06 5.85568e+06 5.49782e+06 5.25793e+06 4.86936e+06 3.36038e+06 2.08918e+06 1.27121e+06 934189 549994 1.50898e+06 1.22938e+06
internal_count=34511 31809 2702 2603 2545 2477 2347 1134 518 616 479 289 1213 842
is_linear=0
shrinkage=0.05


Tree=138
num_leaves=15
num_cat=0
split_feature=10 2 23 11 4 9 14 22 15 25 15 15 25 3
split_gain=1291.67 1466.01 1273.69 1163.65 2832.27 1272.41 2059.2 6762.52 1977.09 1971.72 1852.55 1943.56 2234.34 3207.34
threshold=0.21859436831513077 16.150297738002418 10.170567152485452 -0.10687412552496318 16.860170040119087 0.32476872530145534 1.5533272473917241 19.612712971140649 19.261483453064301 1.0000000180025095e-35 16.719317543853553 17.809145887374708 1.0000000180025095e-35 17.006344156415725
decision_type=2 2 10 2 2 2 8 2 2 2 2 2 2 2
left_child=3 2 -2 4 -1 6 7 -5 10 -10 -8 -12 13 -13
right_child=1 -3 -4 5 -6 -7 8 -9 9 -11 11 12 -14 -15
leaf_value=0.00042962262209124088 0.0030058658891913997 0.0031265170834190192 -0.024936114598640004 -0.00041391682023678963 0.0012286692356039486 0.00026745001918669262 0.0018111111581433426 -0.0064614048949511796 -7.771326153536363e-05 0.0040203916910053978 -0.001068052681104055 0.00014700286601432142 0.0008298874731146041 -0.0014462202938860034
leaf_weight=5734449.8035188913 3191549.9043809175 476941.58740234375 61379.469459533691 2704553.8327026367 695957.14868164062 6284222.0297613144 465335.69235992432 237917.84954833984 456749.25079345703 375968.17950439453 926755.03541564941 585338.17267227173 893410.25839233398 307167.96875
leaf_count=10211 7602 122 137 1865 132 11738 1262 108 121 106 477 288 316 56
internal_value=0.000145389 0.00099847 0.000618905 -1.63925e-05 0.000535412 -0.000284445 -0.000750476 -0.00175505 -1.34685e-05 0.00215523 -0.000581723 -0.00108171 -0.000117614 -0.00188704
internal_weight=2.33977e+07 3.72987e+06 3.25293e+06 1.96678e+07 6.43041e+06 1.32374e+07 6.9532e+06 2.94247e+06 4.01072e+06 832717 3.17801e+06 2.71267e+06 1.78592e+06 892506
internal_count=34541 7861 7739 26680 10343 16337 4599 1973 2626 227 2399 1137 660 344
is_linear=0
shrinkage=0.05


Tree=139
num_leaves=15
num_cat=1
split_feature=16 17 14 22 4 8 14 19 8 4 16 19 29 26
split_gain=1808.51 2340.83 1477.1 2411 1656.5 1484.6 1984.73 1994.3 1805.55 1535.94 1456.36 1058.96 1422.69 1458.04
threshold=18.650510177953056 0.095675110188606319 1.5238669723298408 19.623793835603895 14.538346794461615 0.1520367391642001 1.7102166426109984 -0.014321172063744747 0.12460012248063866 17.181523356598721 18.342196337377381 0.034215370636019864 0 -0.68301270189221952
decision_type=2 2 10 2 2 2 10 2 2 2 2 2 1 2
left_child=1 11 3 -3 -5 6 -4 -8 -9 10 -7 -1 -13 -14
right_child=-2 2 5 4 -6 9 7 8 -10 -11 -12 12 13 -15
leaf_value=0.0004984168714356887 -0.00011895026216473483 0.00097800435303822147 0.00038268120064821989 -0.007974388845172483 -0.0089240263218665732 0.0018682225184391988 -0.001329068224981458 0.00056109811623164844 -0.0041255259066160632 0.0028465951718452029 -6.0613355588522126e-05 5.7179029375052977e-05 -0.014799338084701866 -0.0031341813779766602
leaf_weight=14118797.14037621 335893.67584228516 1031771.2046508789 955198.96966552734 142990.00537109375 157683.99981689453 1379267.9074707031 379261.34246826172 492524.66610717773 294687.99615478516 488250.76977539062 625610.64520263672 1597557.079067111 444962.11496257782 785410.10601639748
leaf_count=26483 116 847 192 127 80 524 132 168 101 81 203 2964 871 1532
internal_value=0.000327565 0.000381003 0.00123446 -0.000232001 -0.00417192 0.00165787 0.000685724 -0.000698132 0.000736865 0.00248518 0.00187274 8.14943e-05 -0.000801648 -0.00207955
internal_weight=2.32299e+07 2.2894e+07 5.94725e+06 1.33245e+06 300674 4.6148e+06 2.12167e+06 1.16647e+06 787213 2.49313e+06 2.00488e+06 1.69467e+07 2.82793e+06 1.23037e+06
internal_count=34421 34305 2455 1054 207 1401 593 401 269 808 727 31850 5367 2403
cat_boundaries=0 1
cat_threshold=41
is_linear=0
shrinkage=0.05


Tree=140
num_leaves=15
num_cat=1
split_feature=11 3 16 0 0 10 19 19 3 0 0 28 22 6
split_gain=1436.1 2513.05 2147.32 1262.14 1210.41 1200.35 1787.44 3114.25 6369.79 2126.96 1810.81 1588.78 1571.98 2299.61
threshold=-0.11052986724660478 16.536937448267057 18.650510177953056 16.684382928863482 13.29455939264597 -0.059266550924993645 0.034215370636019864 0.042837075796135708 16.273039820797113 17.419860989426706 14.929620221025113 0 18.66055157771083 17.129815940530211
decision_type=2 2 2 2 2 2 2 2 2 2 2 1 2 2
left_child=1 3 5 4 -1 6 9 8 -8 -2 11 -9 13 -7
right_child=2 -3 -4 -5 -6 12 7 10 -10 -11 -12 -13 -14 -15
leaf_value=-0.0013917189161410969 2.9192934366768051e-05 0.00051872308212092401 -0.00013791542511095049 -0.18059094117604013 0.002813887123500225 0.00011419913052114536 -0.0099520898455803739 -0.012342427277520048 -0.011228486352797688 -0.0047520643277976019 0.00025464305897675591 0.0056767508304774502 0.0018603038742425538 -0.00048830559912185344
leaf_weight=2832635.1309643984 5122257.1513671875 912862.23071289062 254701.02908325195 95834.04248046875 3576040.8804321289 7277768.1647417545 258118.56439304352 313451.30571365356 78577.267578125 96236.7431640625 231628.02697753906 155381.95494842529 1968106.1097269058 258171.91796875
leaf_count=10299 7425 183 83 23 2497 10770 469 548 16 13 67 470 1680 47
internal_value=0.00022496 0.000800122 -4.14375e-05 0.000455342 0.000540514 3.2167e-05 -0.000505692 -0.00240152 -0.00635335 -0.000128902 -0.000501973 -0.00228887 0.000386191 5.75708e-05
internal_weight=2.34318e+07 7.41737e+06 1.60144e+07 6.50451e+06 6.40868e+06 1.57597e+07 6.25565e+06 1.03716e+06 336696 5.21849e+06 700461 468833 9.50405e+06 7.53594e+06
internal_count=34590 13002 21588 12819 12796 21505 9008 1570 485 7438 1085 1018 12497 10817
cat_boundaries=0 1
cat_threshold=436
is_linear=0
shrinkage=0.05


Tree=141
num_leaves=15
num_cat=1
split_feature=3 24 8 14 16 19 19 15 3 28 23 19 18 22
split_gain=2458.07 1806.53 2015.71 1521.26 883.612 749.202 1320.91 1250.46 1738.9 1400.03 1237.89 1606.85 1927.26 2945.03
threshold=16.536937448267057 1.4958823093712301 0.13724328153741419 1.5533272473917241 18.261687824277342 0.034215370636019864 0.01031223928624665 19.393848674083568 14.992560563850814 0 -8.828509700084318 0.042837075796135708 0.99576056513194044 16.089372560372563
decision_type=2 10 2 10 2 2 2 2 2 1 8 2 10 2
left_child=5 2 -2 -3 -5 6 -1 8 9 -8 -7 12 -12 -14
right_child=1 3 -4 4 -6 10 7 -9 -10 -11 11 -13 13 -15
leaf_value=0.00012099115974162773 -0.00015531264484533794 7.0707214233346706e-05 0.00023037774321390885 0.0014801200156335005 0.0013131855034341222 -0.014349695321692103 -0.0020783847137665758 -0.010752871450376187 0.0032189634791566684 0.0043289623043671838 -0.0014623805354787736 0.00069591438636918161 0.0017506714724625895 -0.024544112325715291
leaf_weight=12116447.920375347 817739.5244140625 619280.802734375 926988.541015625 627884.10693359375 634372.06762695312 168081.46771907806 634719.46544110775 143683.94959259033 1072978.5966796875 2375946.4882321358 785393.4057444334 2188238.6867293119 95642.11225271225 113360.05076599121
leaf_count=20808 156 126 176 130 118 286 1699 157 430 4990 1409 3759 200 122
internal_value=0.0004035 0.0015998 0.00044087 0.00267445 0.00367028 0.000183231 0.000322864 0.00108386 0.00124517 0.000629217 -0.000497859 -0.000277004 -0.00194361 -0.00621067
internal_weight=2.33208e+07 3.62627e+06 1.74473e+06 1.88154e+06 1.26226e+06 1.96945e+07 1.63438e+07 4.22733e+06 4.08364e+06 3.01067e+06 3.35072e+06 3.18263e+06 994396 209002
internal_count=34566 706 332 374 248 33860 28084 7276 7119 6689 5776 5490 1731 322
cat_boundaries=0 1
cat_threshold=56
is_linear=0
shrinkage=0.05


Tree=142
num_leaves=15
num_cat=0
split_feature=11 16 17 6 20 23 17 14 17 23 23 11 9 19
split_gain=1271.17 2818.3 2470.24 3220.24 1757.12 2199.75 3149.47 2531.11 2938.96 1947.52 1679.41 2470.94 3563.78 2071.21
threshold=-0.12235937657627534 18.650510177953056 0.13000427664369207 16.803986779003264 -0.018238388317656597 1.1346346977615454 0.13000427664369207 1.5148129450681804 0.029644111595316252 6.2469092399764614 2.6039781056343654 -0.10329582865198798 0.20355798802146721 0.022226864345365301
decision_type=2 2 2 2 8 10 2 8 2 8 10 2 2 2
left_child=2 4 3 -1 5 -2 7 8 -7 10 11 12 -6 -13
right_child=1 -3 -4 -5 9 6 -8 -9 -10 -11 -12 13 -14 -15
leaf_value=0.0014627427666538241 0.0012563713966696304 -0.00012357230311422181 0.0014645211507725701 -0.0051907529683277269 -0.0067488205969830689 -0.0062618513235301963 -0.0067334244735419982 0.0010597487546733389 -0.019531885436395238 0.0037206300377583602 -0.00066872826337372121 0.0018144215408037343 9.807140040206978e-05 -0.00030099552317916592
leaf_weight=5454027.2359479666 588785.1796169281 282937.25018310547 1554076.5908508301 61129.689453125 109077.92121887207 363793.85535812378 343343.57965087891 734990.91485977173 97726.349700927734 2237954.4684550762 4958258.4491629601 4331048.2296214104 175565.26498889923 2157832.4282474518
leaf_count=11950 582 96 657 12 37 501 149 1264 66 3788 7167 5345 238 2679
internal_value=0.00025326 1.14317e-05 0.000813642 0.000317494 9.83764e-05 -0.00123983 -0.00223373 -0.00102242 -0.00392452 0.000302285 4.44389e-05 0.000556267 -0.00400335 0.00075628
internal_weight=2.34505e+07 1.63813e+07 7.06923e+06 5.51516e+06 1.60984e+07 2.12864e+06 1.53985e+06 1.19651e+06 461520 1.39697e+07 1.17318e+07 6.77352e+06 284643 6.48888e+06
internal_count=34531 21912 12619 11962 21816 2562 1980 1831 567 19254 15466 8299 275 8024
is_linear=0
shrinkage=0.05


Tree=143
num_leaves=15
num_cat=1
split_feature=17 14 10 1 4 14 11 24 3 1 24 25 28 15
split_gain=945.337 2113.24 5565.29 1809.78 2482.12 1448.98 1674.71 1785.29 1448.45 1741.68 1087.79 947.391 1300.69 852.458
threshold=0.19139240720341238 2.3753785055257124 -0.10203056927905059 17.423965936235351 17.458037941908348 2.2253863858737941 0.18710667239654463 2.4883974610312305 16.3974896391274 15.666227172830069 1.5968982021809051 -0.5 0 14.636145638210072
decision_type=2 10 2 2 2 10 2 10 2 2 8 2 1 2
left_child=3 5 -3 4 13 6 7 8 9 -2 -8 -9 -13 -1
right_child=1 2 -4 -5 -6 -7 10 11 -10 -11 -12 12 -14 -15
leaf_value=0.0057423387979429058 0.010723601754257982 0.001837950003384178 -0.0017293952915398729 -0.0012756358378765886 -0.0082626171456275984 0.0021511620026817124 0.0013399798046813732 0.0028038827714914065 0.0019152800339691475 -0.0016743771209011438 -0.0068782096331718367 0.0015695204276500029 -0.0041356902847215797 0.00012381174899927895
leaf_weight=697853.94659912586 315604.98101806641 447184.47430419922 644170.88800048828 101556.00732421875 66115.779296875 939117.40692138672 240384.07464599609 232286.11126708984 475062.724609375 218604.00903320312 251474.10119628906 203042.46490478516 271451.48052978516 18305778.39843142
leaf_count=4841 252 114 192 17 11 217 112 118 89 68 118 117 127 28153
internal_value=0.000271058 0.000946817 -0.000949068 0.000121662 0.000157114 0.00160429 0.000904575 0.00164181 0.00299138 0.00120516 -0.00166756 -0.000285371 -0.00156619 0.000190761
internal_weight=2.34097e+07 4.23838e+06 1.09136e+06 1.91713e+07 1.90697e+07 3.14703e+06 2.20791e+06 1.71605e+06 1.00927e+06 534209 491858 706780 474494 1.90036e+07
internal_count=34546 1524 306 33022 33005 1218 1001 771 409 320 230 362 244 32994
cat_boundaries=0 1
cat_threshold=24
is_linear=0
shrinkage=0.05


Tree=144
num_leaves=15
num_cat=1
split_feature=16 22 19 18 18 16 22 18 4 8 20 28 18 16
split_gain=3068.5 1856.58 2364.73 1228.1 1284.67 1314 1214.92 1922.47 2280.84 2204.86 3584.86 1677.02 1794.71 1675.7
threshold=18.179163792832941 19.617331230798943 0.0094135040371133016 0.37401513140501497 0.33359816648213325 18.284852716366021 17.396444931912352 0.99898163980900689 17.019152678527846 0.089414884982887063 0.020568971285481154 0 0.12251630558482386 17.150215940223493
decision_type=2 2 2 10 10 2 2 10 2 2 10 1 10 2
left_child=6 3 -3 4 5 -2 13 8 9 10 -8 12 -11 -1
right_child=1 2 -4 -5 -6 -7 7 -9 -10 11 -12 -13 -14 -15
leaf_value=0.0012965445450769295 0.0026241357270013741 0.0017769331265163456 -0.0032044541509582839 0.00082070509516426527 -0.0003144866142413519 0.00090148016135365859 0.0030146410495117538 -0.015673898471624554 0.00048678103438868942 -0.012087453630770441 -0.0090214448233068237 1.8741956349477101e-05 -0.012957460536707691 -0.0040638795269642832
leaf_weight=10592135.187361717 687908.84239196777 328032.07800292969 318010.43173217773 329387.8388671875 266540.255859375 2020132.2335205078 61785.643832564354 543506.63386535645 302191.962890625 612357.73300945759 48435.371969223022 6840908.7104873657 153850.76918792725 253217.86000061035
leaf_count=20010 293 135 125 47 46 868 194 736 59 1591 55 10106 167 201
internal_value=0.000353499 0.0016238 -0.000827603 0.00210314 0.00178236 0.00210835 9.49664e-05 -0.000350235 -0.000155199 -0.000322058 -0.00734314 -0.000220329 -0.00243857 0.000446479
internal_weight=2.33584e+07 3.95001e+06 646043 3.30397e+06 2.97458e+06 2.70804e+06 1.94084e+07 8.56304e+06 8.01953e+06 7.71734e+06 110221 7.60712e+06 766209 1.08454e+07
internal_count=34633 1514 260 1254 1207 1161 33119 12908 12172 12113 249 11864 1758 20211
cat_boundaries=0 1
cat_threshold=152
is_linear=0
shrinkage=0.05


Tree=145
num_leaves=15
num_cat=0
split_feature=9 8 26 2 18 16 17 3 18 2 16 11 11 24
split_gain=1730.68 2745.14 5633.34 2514.25 1985.55 1235.93 1641.07 2182.26 1276.26 1868.08 1878.81 1735.34 1788.57 3169.01
threshold=0.13827813384070328 0.096798193245150224 -0.5 17.165595607188539 0.34298014506208535 18.650510177953056 0.089239508121144312 16.850451675266942 0.095123304185175658 15.321986804136829 16.204580489039632 0.20100442139833954 0.013465213433564152 1.6185599954412302
decision_type=2 2 2 2 10 2 2 2 10 2 2 2 2 10
left_child=3 2 -2 4 -1 6 7 -3 9 10 -8 12 -10 -14
right_child=1 5 -4 -5 -6 -7 8 -9 11 -11 -12 -13 13 -15
leaf_value=0.0013208763665315342 -0.0082461892790506707 0.00020832586874528302 -1.7642748006820761e-06 0.0026291983247792531 -0.00059672288653668363 -0.00013007482283417399 -0.020959637283123909 -0.016245831415476173 0.0011398095853334094 -0.0062751786905329348 0.0016685358588883936 0.0058731491150335029 0.00074329137507280765 -0.0026349072470034742
leaf_weight=757768.08555603027 158401.06402444839 16167845.62086761 328870.470256567 568265.267578125 429228.16833496094 281139.06967163086 98087.899627685547 79912.656982421875 1988444.9948730469 105837.140625 725194.2492980957 595071.03768920898 523860.92456054688 397394.57110595703
leaf_count=594 140 30965 313 93 135 102 157 19 684 44 708 259 157 125
internal_value=0.000246317 0.000122796 -0.00358723 0.0017558 0.000446452 0.000209034 0.000253796 2.11283e-05 0.0011064 -0.000541165 0.000262689 0.00154317 0.00104002 -0.000781211
internal_weight=2.32053e+07 2.14501e+07 487272 1.75526e+06 1.187e+06 2.09628e+07 2.06816e+07 1.62478e+07 4.43389e+06 929119 823282 3.50477e+06 2.9097e+06 921255
internal_count=34495 33673 453 822 729 33220 33118 30984 2134 909 865 1225 966 282
is_linear=0
shrinkage=0.05


Tree=146
num_leaves=15
num_cat=1
split_feature=7 25 24 25 16 3 24 3 8 4 17 22 22 28
split_gain=2268.92 2423.86 1841.24 2341.61 1339.99 925.197 2143.24 1602.63 1555.95 2033.41 2146.51 1484.34 5307.64 1640.31
threshold=16.610313958149195 0.25000000000000011 1.4547165740020251 -0.5 18.213483320293424 16.153319173089113 0.76154620333277312 14.89165024877475 0.18850960025037897 15.333319931153808 0.13000427664369207 16.66341058270601 16.673857609499837 0
decision_type=2 2 10 2 2 2 10 2 2 2 2 2 2 1
left_child=5 2 -2 -4 -3 7 -7 11 9 -9 -11 -1 -13 -14
right_child=1 4 3 -5 -6 6 -8 8 -10 10 -12 12 13 -15
leaf_value=0.001793489642432367 -0.00015975109032396862 0.00049629578581021703 0.0018391894737204697 -0.00051883897157773849 0.00192127208235666 -0.0021692722994151271 2.0710585353687576e-05 0.0040920248943919074 0.0023937010593754258 -0.0058621726440056211 -3.5818889282342577e-05 -0.43332321471843821 0.003200157822426661 -0.0020076178770062915
leaf_weight=6106015.012362957 834323.92602539062 620429.52075195312 646952.01025390625 531905.1474609375 897322.2109375 430307.75659179688 1080200.443359375 533787.4375 3111275.1477661133 282664.57897949219 385697.28381347656 65865.878520965576 1462520.6280781031 6353708.1817138195
leaf_count=15487 155 130 123 102 158 125 311 275 1446 107 142 151 5136 10671
internal_value=0.0003122 0.00147987 0.000342409 0.00161451 0.00298864 0.000104095 -0.00108524 0.000202257 0.00104484 -0.000482895 -0.00232062 -5.75648e-05 -0.000510896 -0.00039179
internal_weight=2.3343e+07 3.53093e+06 2.01318e+06 1.17886e+06 1.51775e+06 1.9812e+07 1.51051e+06 1.83015e+07 4.31342e+06 1.20215e+06 668362 1.39881e+07 7.88209e+06 7.81623e+06
internal_count=34519 668 380 225 288 33851 436 33415 1970 524 249 31445 15958 15807
cat_boundaries=0 1
cat_threshold=67
is_linear=0
shrinkage=0.05


Tree=147
num_leaves=15
num_cat=1
split_feature=0 19 8 6 21 20 23 16 2 4 11 26 16 29
split_gain=1169.42 2345.37 2389.31 1520.05 1434.92 2314.06 2360.32 3187 2256.87 1881.26 1594.12 2570.65 1515.23 1175.42
threshold=14.874167293398422 -0.031869132652534493 0.29283686091921496 16.195518319119824 10.583531120727168 0.010512023056598601 0.80599558502481061 17.023691353714977 16.842637334131179 16.410410087137191 -0.059825594992933093 0.25000000000000017 18.314726746826736 0
decision_type=2 2 2 2 8 8 8 2 2 2 2 2 2 1
left_child=-1 2 3 -2 8 10 -7 -8 9 13 -6 12 -12 -3
right_child=1 4 -4 -5 5 6 7 -9 -10 -11 11 -13 -14 -15
leaf_value=-9.1311961039607778e-05 0.0013604516256540038 0.0029827372237060182 -0.0042612089188922694 -0.00072241984745134648 0.0012326371044181228 0.0007725439317856971 -0.00017647166011821387 -0.003531581042793509 0.0022198865923542372 -0.00039547770280906895 0.0018276881768299589 -0.00034522847429034381 -0.00018515946308839311 2.2665443701757499e-05
leaf_weight=14087469.586362123 352430.31604003906 1872863.7040405273 375361.58221435547 596327.2216796875 1191931.9072265625 526486.96606445312 615737.15887451172 503545.9853515625 468507.58740234375 468147.326171875 579957.92138671875 551023.98864746094 430745.01379394531 704362.20758056641
leaf_count=31496 154 823 145 127 310 155 247 136 97 123 183 148 88 315
internal_value=0.000252855 0.000690062 -0.00125761 7.83403e-05 0.00101596 0.000414233 -0.00106907 -0.00236773 0.00176933 0.00127232 0.00130075 0.000249764 0.00174759 0.00180197
internal_weight=2.33249e+07 9.23743e+06 1.32412e+06 948758 7.91331e+06 4.39943e+06 1.64577e+06 1.11928e+06 3.51388e+06 3.04537e+06 2.75366e+06 1.56173e+06 1.0107e+06 2.57723e+06
internal_count=34547 3051 426 281 2625 1267 538 383 1358 1261 729 419 271 1138
cat_boundaries=0 1
cat_threshold=41
is_linear=0
shrinkage=0.05


Tree=148
num_leaves=15
num_cat=2
split_feature=17 18 20 19 16 25 4 7 22 19 19 28 28 27
split_gain=2358.05 1586.51 1471.45 2204 1415.18 1289.91 1266.09 1435.45 1138.89 2151.66 1622.57 2397.7 1576.49 1365
threshold=0.12005163561103827 0.27769490368242228 -0.018951446666215746 0.023269345272802205 16.289781015192947 0.68301270189221941 16.166066284103554 15.211416453830568 19.617331230798943 0.013538468270925351 -0.010786498609322749 0 1 8.5000000000000018
decision_type=2 10 10 2 2 2 2 2 2 2 2 1 1 2
left_child=-1 5 4 -4 -3 8 7 -7 10 -10 11 -2 -12 -14
right_child=1 2 3 -5 -6 6 -8 -9 9 -11 12 -13 13 -15
leaf_value=6.8073621322612958e-05 -0.006289630650445615 0.0056150443644819902 0.0012047185754678307 -3.6278011343836448e-05 -0.0025384052734447036 0.0028403261171033871 0.0026916127418719739 -0.0018477901158224605 1.7446868192988088e-05 -0.0057936748471029949 0.0034366526020715308 5.9050327975860533e-05 -0.00060077995305119825 0.0033433990343469154
leaf_weight=17409022.749339342 255586.05383300781 335545.38159179688 1589368.8736572266 657095.13854980469 262485.11608886719 251794.65463256836 374689.55908203125 137207.66796875 299453.07702636719 173535.47253417969 260612.57836914062 491104.18725585938 420003.16833496094 372809.86581420898
leaf_count=32134 139 203 353 155 70 249 89 50 190 93 70 188 253 205
internal_value=0.000315209 0.00118079 0.00202931 0.00261606 -0.000174773 0.000386007 0.00216385 0.000165814 -0.000211291 -0.00239466 0.000362398 -0.00142061 0.00162623 0.000517202
internal_weight=2.32903e+07 5.88129e+06 2.84449e+06 2.24646e+06 598030 3.0368e+06 763692 389002 2.2731e+06 472989 1.80012e+06 746690 1.05343e+06 792813
internal_count=34441 2307 781 508 273 1526 388 299 1138 283 855 327 528 458
cat_boundaries=0 1 2
cat_threshold=164 32
is_linear=0
shrinkage=0.05


Tree=149
num_leaves=15
num_cat=0
split_feature=1 6 11 27 26 23 11 11 2 20 3 23 7 14
split_gain=2468.87 3499.6 2093.61 1713.21 1321.53 958.081 1403.37 1339.93 1312.23 1251.61 2045.28 1115.29 2083.4 1040.16
threshold=16.684754232979486 16.803986779003264 -0.12235937657627534 5.5000000000000009 -0.24999999999999997 6.1439054272991207 0.10810501041286356 0.097101459332613119 15.321986804136829 -0.010784092758715799 14.036533719447151 5.5553872495854106 15.094816631668587 0.92225932109080733
decision_type=2 2 2 2 2 8 2 2 2 8 2 10 2 8
left_child=1 5 -2 -4 -5 11 7 -7 9 10 -8 13 -13 -1
right_child=2 -3 3 4 -6 6 8 -9 -10 -11 -12 12 -14 -15
leaf_value=-0.0037691526787426545 0.0017509262527363033 -0.0038850442907005945 0.00045851823041008645 -0.00050039963698292366 0.00012927372483552567 0.00045279674959050332 0.011564220124898496 -0.0040583633392377062 0.01190116585637248 0.0065123055536570875 -0.024058402825886161 -0.0018196469493128717 -0.0083613117080861606 0.00033869886760735772
leaf_weight=2375998.9240803719 667948.02709960938 98131.45654296875 1058210.9221191406 677565.0673828125 832610.79418945312 1629794.5325517654 75215.50170135498 52532.495809555054 351672.28247070312 1067236.8613932133 70716.774353027344 496498.77585458755 102841.0283203125 13799827.95810008
leaf_count=4770 130 21 198 129 157 3519 216 76 125 2526 46 1261 40 21275
internal_value=0.000311954 0.000105786 0.00159371 0.000945175 -0.000135806 0.00015195 0.000938081 -6.44174e-05 0.00201585 0.00123629 -0.0031068 -2.20958e-07 -0.00211823 7.82545e-05
internal_weight=2.33568e+07 2.01205e+07 3.23633e+06 2.56839e+06 1.51018e+06 2.00223e+07 3.24717e+06 1.68233e+06 1.56484e+06 1.21317e+06 145932 1.67752e+07 599340 1.61758e+07
internal_count=34489 33875 614 484 286 33854 6508 3595 2913 2788 262 27346 1301 26045
is_linear=0
shrinkage=0.05


Tree=150
num_leaves=15
num_cat=1
split_feature=17 23 29 6 3 8 14 14 20 20 1 17 11 3
split_gain=2640.64 1170.51 1884.3 1857.33 1089.63 1346.4 1453.98 1126.04 938.22 1324.33 4862.04 1783.93 1162.57 1282.92
threshold=0.16135964454892707 6.07994861155814 0 13.790486986096001 16.273039820797113 0.1520367391642001 1.7102166426109984 2.4769696827677885 0.019746731956912605 0.031175985051537704 16.272388657055533 0.089239508121144312 -0.09545175456844919 13.215111518039867
decision_type=2 8 1 2 2 2 10 10 10 10 2 2 2 2
left_child=1 8 -3 -4 7 6 -6 -2 12 10 -10 -11 13 -1
right_child=4 2 3 -5 5 -7 -8 -9 9 11 -12 -13 -14 -15
leaf_value=-0.0020145644979999797 0.00087353249604285468 0.002999985472618258 -0.0076207643619431017 -0.042408751830572862 0.00040090042639955134 0.0010740319413306302 -0.00027387921120602233 -0.003263285900989735 -0.0028958924289838898 -0.0010935587598810631 -0.00060255012773482639 0.00098325070300413014 -0.00034017978576513712 0.0031574326194048642
leaf_weight=1917131.3234974146 1645707.2550048828 2431339.611122489 432353.97645759583 77043.015502929688 685769.876953125 1506546.7185058594 696380.82983398438 259145.85009765625 715714.58345365524 1725938.5904283524 148441.5615234375 300038.80911254883 8400580.1677412987 2519614.337890625
leaf_count=6952 1036 4350 1991 66 117 303 144 161 1245 2914 33 112 13351 1763
internal_value=0.000330613 6.18177e-05 0.00097742 -0.00178766 0.00137742 0.00198958 0.000862589 0.000449093 -0.000109383 -0.000923283 -0.0025621 -0.000224266 7.3855e-05 0.00072859
internal_weight=2.34617e+07 1.86682e+07 2.94074e+06 509397 4.79355e+06 2.8887e+06 1.38215e+06 1.90485e+06 1.57275e+07 2.89013e+06 864156 2.02598e+06 1.28373e+07 4.43675e+06
internal_count=34538 32777 6407 2057 1761 564 261 1197 26370 4304 1278 3026 22066 8715
cat_boundaries=0 1
cat_threshold=29
is_linear=0
shrinkage=0.05


Tree=151
num_leaves=15
num_cat=2
split_feature=4 18 18 18 15 14 23 25 28 0 6 29 1 19
split_gain=2359.96 2571.03 3229.07 1589.44 1435.36 1611.21 1751.09 1293.19 882.616 765.563 2354.82 664.662 1724.21 1352.25
threshold=15.937568612521352 0.33359816648213325 0.40752003801242304 0.58393570905678183 19.360877792805137 1.3176792718363892 2.6039781056343654 0.25000000000000011 0 16.532359858528654 16.30949344286088 1 16.036713423938284 -0.010786498609322749
decision_type=2 10 10 10 2 8 10 2 1 2 2 1 2 2
left_child=9 7 -3 -4 5 -5 -7 8 -2 10 11 13 -13 -1
right_child=1 2 3 4 -6 6 -8 -9 -10 -11 -12 12 -14 -15
leaf_value=-0.0007469047598974367 0.00039925517806991585 -0.00024353481369375485 0.00076593811426352906 -0.0045397812210066007 -0.00067174191434914621 0.0024021678334617907 1.0426574091946494e-05 0.0021916718808596453 -1.1141833344816324e-05 0.0078990475887719645 -0.0038890835303238228 -0.00051402314388816392 -0.0178446846938899 0.0015934296075288399
leaf_weight=4344543.0760464668 823452.76098632812 530345.66650390625 516909.13525390625 366001.017578125 417957.1669921875 651679.9638671875 825401.47680664062 1118372.9948730469 642454.20190429688 79900.86962890625 92469.707763671875 6764158.8767470121 56856.264892578125 6313503.5429446697
leaf_count=7324 171 90 94 111 108 177 205 256 168 24 27 15192 21 10706
internal_value=0.000406087 0.00127249 0.000349412 0.00103195 0.000460093 0.00106001 0.0017959 0.00245418 0.00147723 0.000116856 9.46517e-05 0.000136752 -0.00024866 0.000383411
internal_weight=2.3544e+07 5.89257e+06 3.30829e+06 2.77795e+06 2.26104e+06 1.84308e+06 1.47708e+06 2.58428e+06 1.46591e+06 1.76514e+07 1.75715e+07 1.74791e+07 6.82102e+06 1.0658e+07
internal_count=34674 1380 785 695 601 493 382 595 339 33294 33270 33243 15213 18030
cat_boundaries=0 1 2
cat_threshold=832 25
is_linear=0
shrinkage=0.05


Tree=152
num_leaves=15
num_cat=0
split_feature=21 11 2 1 4 21 8 26 10 21 23 21 9 2
split_gain=1497.6 1690.85 3483.56 2017.41 2730.24 1226.63 2272.3 3319.91 6326.75 3988.48 2213.08 1536.16 1788.23 1482.91
threshold=10.98975100650992 0.20612924574132216 15.394373704489619 17.423965936235351 17.181523356598721 10.64927198777376 0.21545443286370766 -0.24999999999999997 -0.0093581280678662494 10.934349973511816 2.5543468899421558 10.88513981165346 0.21708761234420867 15.086136089130719
decision_type=10 2 2 2 2 8 2 2 2 10 10 10 2 2
left_child=5 3 -3 4 -2 -1 7 11 10 13 -9 12 -7 -10
right_child=1 2 -4 -5 -6 6 -8 8 9 -11 -12 -13 -14 -15
leaf_value=0.00042684009864093673 0.0010912212658867031 0.0021244022113100017 -0.00065146280025367269 0.0026527260291852022 -0.0035682743645282923 0.00016669403025093967 7.7144469668928063e-05 -0.0035812043872515092 -0.0004276248735973077 -0.00063753302716278832 -0.011791131523548938 0.0020544645550570249 -0.0052851309872132025 0.00054250055787333272
leaf_weight=15283062.78983748 1859278.1176371574 337726.31658482552 71065.244506835938 420446.06640625 98544.3759765625 266743.65531921387 3590587.2175166607 236446.82827758789 156506.74049377441 198241.3690032959 177477.30097198486 319763.46504974365 207784.18933486938 267288.04565429688
leaf_count=24724 2267 732 15 57 19 181 5562 128 212 75 155 130 148 75
internal_value=0.000258859 0.00134696 -0.00162353 0.00185755 0.0011827 0.000112383 -0.000533824 -0.00196765 -0.0038323 -0.000644864 -0.00862231 0.000464324 -0.0013407 0.00209346
internal_weight=2.3491e+07 2.78706e+06 408792 2.37827e+06 1.95782e+06 2.07039e+07 5.42084e+06 1.83025e+06 1.03596e+06 622036 413924 794291 474528 423795
internal_count=34480 3090 747 2343 2286 31390 6666 1104 645 362 283 459 329 287
is_linear=0
shrinkage=0.05


Tree=153
num_leaves=15
num_cat=0
split_feature=3 24 8 14 11 23 24 18 14 22 22 15 22 25
split_gain=1508.25 2628.08 1613.08 1934 3135.84 2967.23 1925.11 3721.58 1709.59 1397.32 3325.33 1361.41 1112.66 1031.82
threshold=15.203240784805905 -0.21262599751042496 0.15572691317479698 1.3109742562875988 0.20612924574132216 4.0128480070401906 1.9489560573862301 0.33359816648213325 2.3474724148787502 16.66341058270601 16.673857609499837 14.681450125389187 19.600808566351393 -0.24999999999999997
decision_type=2 8 2 10 2 10 8 10 10 2 2 2 2 2
left_child=9 -2 6 4 5 -4 7 8 -3 -1 -11 -12 -5 -13
right_child=1 2 3 12 -6 -7 -8 -9 -10 10 11 13 -14 -15
leaf_value=0.0019686137769992311 -0.0016556486267138551 0.0019732684942018732 -0.010794829403146989 0.00062529086822957366 0.0057081436149370437 0.0035222482538091286 0.00029005604750040483 -0.00056262264876992226 -0.00010853981177724414 -0.40892501524660974 0.0039537205112088244 -0.0021301429015928267 0.0050217508332210037 2.0522342208471634e-05
leaf_weight=6484070.7678879499 345279.83544921875 642323.11499023438 327142.3232421875 2783874.7020263672 270471.01916503906 266315.98028564453 1190484.791015625 766812.05944824219 522561.23413085938 66233.709327697754 750296.12356948853 3393959.2974758148 941880.57788085938 4717322.5836868286
leaf_count=15668 112 155 123 913 105 103 294 173 131 147 3419 5499 234 7576
internal_value=0.00032944 0.000883806 0.00107488 0.00167131 -0.000460142 -0.00249378 0.000198121 -0.000776558 0.00100404 3.96245e-05 -0.00036611 -0.000282685 0.00216555 -0.000471171
internal_weight=2.3469e+07 8.05715e+06 7.71187e+06 4.58968e+06 863929 593458 3.12218e+06 1.9317e+06 1.16488e+06 1.54119e+07 8.92781e+06 8.86158e+06 3.72576e+06 8.11128e+06
internal_count=34652 2343 2231 1478 331 226 753 459 286 32309 16641 16494 1147 13075
is_linear=0
shrinkage=0.05


Tree=154
num_leaves=15
num_cat=0
split_feature=16 21 6 25 17 5 16 16 6 16 16 17 2 20
split_gain=941.535 1095.59 3483.44 2151.18 3600.51 1654.09 1991.4 1341.35 1555.19 1348.79 1752.17 1173.67 1133.56 1112.84
threshold=18.650510177953056 10.915910710730113 17.356241645943843 1.0000000180025095e-35 0.31408482136343246 16.793627513211842 18.36763154562799 18.407908271991452 17.129815940530211 18.314726746826736 18.213483320293424 0.22619975375775667 17.4270168375546 0.043200315873088459
decision_type=2 8 2 2 2 2 2 2 2 2 2 2 2 10
left_child=1 2 7 4 11 6 13 8 9 10 -1 12 -3 -5
right_child=-2 3 -4 5 -6 -7 -8 -9 -10 -11 -12 -13 -14 -15
leaf_value=0.00012924199490961275 -5.7656147284240364e-05 0.00027580340755086933 -0.0036559075823002492 0.003662940960193436 -0.0033649406567828571 0.001133082050308702 -0.00089891715613895371 0.00087052244297084022 -0.00030514592158017165 -0.0015105577073635135 0.0019178325314101127 0.002921772555716691 -0.0037262732120960929 -0.0046231131736749788
leaf_weight=17209749.454020619 327352.45074462891 1224669.0232439041 111547.443359375 1255038.012604475 190180.0263671875 601367.2216796875 142752.46282958984 496997.99194335938 368972.30322265625 419778.1505279541 592934.73774719238 133649.9775390625 117558.2451171875 82432.466400146484
leaf_count=29532 118 1855 18 1829 37 97 98 186 68 168 260 25 16 144
internal_value=0.000216322 0.000254304 0.000101669 0.00103628 -0.00030272 0.00210799 0.00120962 0.000153153 8.46232e-05 0.000149696 0.000215751 0.000531661 8.6734e-05 0.00180877
internal_weight=2.3275e+07 2.29476e+07 1.92e+07 3.74765e+06 1.66606e+06 2.08159e+06 1.48022e+06 1.90884e+07 1.85914e+07 1.82225e+07 1.78027e+07 1.47588e+06 1.34223e+06 1.33747e+06
internal_count=34451 34333 30232 4101 1933 2168 2071 30214 30028 29960 29792 1896 1871 1973
is_linear=0
shrinkage=0.05


Tree=155
num_leaves=15
num_cat=2
split_feature=3 19 14 19 25 28 9 24 10 4 2 29 3 5
split_gain=2946.53 2350.88 1921.97 1533.5 903.127 1462.81 1932.05 2924.81 2463.35 881.101 1331.93 879.351 1169.38 1196.82
threshold=16.690778174436563 -0.014321172063744747 1.7253518187772425 0.014367283444524951 0.68301270189221941 0 0.28262551853150103 1.9434536580973651 -0.053331828534046645 15.157226915591695 14.382325651015725 1 16.536937448267057 15.658864879501165
decision_type=2 2 10 2 2 1 2 8 2 2 2 1 2 2
left_child=4 2 -2 -3 11 -6 7 -7 -9 10 -8 12 13 -1
right_child=1 3 -4 -5 5 6 9 8 -10 -11 -12 -13 -14 -15
leaf_value=5.8067050484026646e-05 0.00033643767022820744 0.0024175853554315556 -0.00014790026028325823 0.00034349410844544811 0.0026807622621687144 0.0010688442189011594 0.0014415199708282984 -0.013443044050819575 -0.0016352278656172289 -0.0039946280932615791 0.017393266208712795 -0.001145251554246382 -0.0040164263487262345 0.00052792093071557522
leaf_weight=8377360.6294486523 579951.00170898438 1051581.2067871094 561482.48657226562 1052838.9235839844 3324704.7162833214 260831.81388092041 809137.59512376785 124814.50569152832 142127.20449066162 185706.65234375 186475.27777099609 4905014.2306525707 263352.97216796875 1446382.2631835938
leaf_count=15581 105 199 110 200 5292 163 2627 105 163 76 116 9201 66 458
internal_value=0.000312938 0.00171041 -0.000116688 0.00270142 8.64319e-05 0.000665903 -0.000522899 -0.00303801 -0.00671733 0.000600763 0.00119051 -0.000108133 0.000158895 0.00024704
internal_weight=2.32718e+07 3.24585e+06 1.14143e+06 2.10442e+06 2.00259e+07 5.0338e+06 1.70909e+06 527774 266942 1.18132e+06 995613 1.49921e+07 1.00871e+07 9.82374e+06
internal_count=34462 614 215 399 33848 8542 3250 431 268 2819 2743 25306 16105 16039
cat_boundaries=0 1 2
cat_threshold=905 45
is_linear=0
shrinkage=0.05


Tree=156
num_leaves=15
num_cat=0
split_feature=6 24 10 1 1 7 4 19 10 24 11 3 9 1
split_gain=1621.19 2492.48 2119.59 1134.23 1103.24 1082.72 1029.26 894.468 888.069 675.03 1236.3 3740.09 1742.28 1006.46
threshold=16.419896991757508 2.1287889848007757 0.023710827087195501 16.395026300101303 16.995067760631983 16.39377301661273 16.554399131064109 0.01031223928624665 0.023710827087195501 0.80042292159832307 0.11979208635499011 16.153319173089113 0.53135990468239969 16.150297738002418
decision_type=2 10 2 2 2 2 2 2 2 8 2 2 2 2
left_child=3 2 4 5 -2 6 9 8 -3 10 12 -12 -1 -11
right_child=1 7 -4 -5 -6 -7 -8 -9 -10 13 11 -13 -14 -15
leaf_value=0.0027658064024906363 0.0013303733860305007 0.00024702724678226745 -6.7613891519942537e-05 -0.0015212577646621208 -0.00011585286164813589 -0.0099705458491485838 0.0052501797087584016 0.003438737069188394 0.0014247620149497632 -5.3369633748176953e-05 0.00031575665935456524 -0.0033100213215108733 -0.0037236371990539961 0.0021910874628001775
leaf_weight=1686793.5845470428 763507.0048828125 535973.92236328125 1002299.3530273438 357583.54370117188 716037.48193359375 99535.263427734375 167819.24877929688 508657.1552734375 477940.580078125 14528482.072380066 1254802.7549228668 66244.95654296875 720885.20386648178 375099.244140625
leaf_count=1847 163 110 199 107 122 26 51 106 99 26755 2295 21 2449 118
internal_value=0.000316939 0.0012323 0.000255251 0.000126595 0.00145791 0.000179376 0.000206913 0.00282493 0.00196656 0.000171802 0.000773479 -0.000455633 0.00144787 2.12688e-05
internal_weight=2.32617e+07 4.00442e+06 2.48184e+06 1.92572e+07 1.47954e+06 1.88997e+07 1.88001e+07 1.52257e+06 1.01391e+06 1.86323e+07 3.72873e+06 1.32105e+06 2.40768e+06 1.49036e+07
internal_count=34468 799 484 33669 285 33562 33536 315 209 33485 6612 2316 4296 26873
is_linear=0
shrinkage=0.05


Tree=157
num_leaves=15
num_cat=2
split_feature=16 15 0 21 29 14 16 28 9 3 24 24 8 19
split_gain=1498.36 1337.64 4608.85 1499.53 1106.62 1380.03 1074.26 1281.94 1764.42 962.672 2656.07 2436.02 1780.12 2376.7
threshold=18.407908271991452 19.381805013860188 16.84045422280521 8.3921194953222642 0 1.497090039949321 18.435443290659602 1 0.23312286427676673 14.89165024877475 5.2180833036994203 4.5218846838804909 0.18850960025037897 -0.035489958220306199
decision_type=2 2 2 8 1 10 2 1 2 2 8 10 2 2
left_child=1 9 3 -3 -5 -6 -2 -8 -9 -1 11 12 -11 -14
right_child=6 2 -4 4 5 -7 7 8 -10 10 -12 -13 13 -15
leaf_value=-5.6441465875758961e-05 0.0020497250737706234 0.011254924623763584 -0.003612660012046286 -0.002375334838021723 -0.0031984255292991344 0.0040145448390311572 0.00037000945669422533 -0.00085567186968092234 0.00011744388568842349 -4.6445714783055817e-05 0.0055840461282488062 -0.0059345851676801719 -0.0010136933179917911 0.0023997087663996074
leaf_weight=12973747.257679582 330299.72317504883 253887.38068389893 113266.9345703125 301817.64462280273 457753.63051986694 184035.60020446777 704443.72192382812 269693.43896484375 337636.86157226562 2925952.2014160156 933352.61633300781 315529.36804199219 374740.40478515625 2933947.4123535156
leaf_count=30067 125 331 22 171 611 158 238 93 160 862 347 105 146 1171
internal_value=0.000251854 0.000141988 -0.00140644 -0.000494601 -0.00141237 -0.000238119 0.00170829 0.00106655 -0.000616841 0.000241201 0.000692812 0.000337236 0.000554155 0.00134866
internal_weight=2.34101e+07 2.1768e+07 1.31076e+06 1.19749e+06 943607 641789 1.64207e+06 1.31177e+06 607330 2.04573e+07 7.48352e+06 6.55017e+06 6.23464e+06 3.30869e+06
internal_count=34607 33991 1293 1271 940 769 616 491 253 32698 2631 2284 2179 1317
cat_boundaries=0 1 2
cat_threshold=24 305
is_linear=0
shrinkage=0.05


Tree=158
num_leaves=15
num_cat=1
split_feature=29 6 5 16 6 0 8 11 19 27 3 3 8 8
split_gain=1399.11 3394.1 2286.9 1213.84 1153.25 1075.84 1917.75 1838.64 1577.31 1357.93 1248.06 1005.22 1115.17 1042.91
threshold=0 15.793578236670717 14.829033239722879 18.650510177953056 11.195821301960038 15.467382582974407 0.15572691317479698 0.11548245711180712 -0.035489958220306199 9.5000000000000018 17.171183635107628 16.850451675266942 0.18850960025037897 0.30550411218978107
decision_type=1 2 2 2 2 2 2 2 2 2 2 2 2 2
left_child=1 2 4 5 -1 -2 7 9 -8 -7 11 12 -10 -14
right_child=3 -3 -4 -5 -6 6 8 -9 10 -11 -12 -13 13 -15
leaf_value=0.006733464956202498 0.00034089758495628225 -0.010445153577900219 0.0046050774009265298 -5.0827530920051893e-05 -0.0072481273165300557 0.00043700434887506811 -0.00043519337220038375 -0.002113919915177996 -6.2831651678038568e-05 -0.00046633151752551089 0.0012359631271834945 -0.00032451257167838865 0.0029069286710071978 0.0017466350467185651
leaf_weight=697528.96076154709 11757650.887583256 194553.7529296875 609013.47631835938 325584.83160400391 3406286.1791687012 1668068.6491699219 458528.23095703125 439016.02722167969 443653.56677246094 563160.39892578125 519581.47509765625 390533.49609375 1014703.3782958984 834721.33544921875
leaf_count=5418 21682 71 286 117 5290 374 125 91 133 129 87 81 314 301
internal_value=0.00021661 -0.000533578 -0.00026641 0.000416524 -0.000690709 0.000470984 0.000996421 -2.2556e-05 0.00173949 0.000559428 0.00213212 0.00169784 0.0020972 0.00263725
internal_weight=2.33226e+07 4.90738e+06 4.71283e+06 1.84152e+07 4.10382e+06 1.80896e+07 6.33197e+06 2.67025e+06 3.66172e+06 2.23123e+06 3.20319e+06 2.68361e+06 2.29308e+06 1.84942e+06
internal_count=34499 11065 10994 23434 10708 23317 1635 594 1041 503 916 829 748 615
cat_boundaries=0 1
cat_threshold=66
is_linear=0
shrinkage=0.05


Tree=159
num_leaves=15
num_cat=3
split_feature=25 4 6 24 6 28 17 28 22 5 1 22 28 23
split_gain=1316.38 1830.68 1821.68 1642.6 2626.3 1440.61 1765.21 3214.2 2667.15 1867.3 1270.08 1292.94 1188.22 1188.11
threshold=1.0000000180025095e-35 17.019152678527846 16.605552301010523 4.3406823669239403 13.725426200215137 0 0.24497248980684103 1 19.577528614108676 17.131665029836004 16.532859834196291 21.05931847536657 2 3.0199582761667703
decision_type=2 2 2 10 2 1 2 1 2 2 2 2 1 10
left_child=1 2 10 5 -5 13 8 -8 9 -7 11 -1 -13 -2
right_child=3 -3 -4 4 -6 6 7 -9 -10 -11 -12 12 -14 -15
leaf_value=0.00015259925686898952 0.0013055182038136286 -0.00026000234771685158 0.00022342943926899445 -3.6413810819558283e-05 0.0048820899128909859 8.813370822165407e-05 0.00013788939552415507 -0.0051603810471670987 0.0054481370013354869 -0.0029483252625289026 -0.0015611519866237497 0.001296313419902258 -0.027744072648483154 -0.0014214680303563322
leaf_weight=9258154.7694250345 1378607.4640693665 1164982.3088378906 623007.26123046875 1062021.9964896441 1343435.2474365234 6043636.6965209246 383144.25122070312 347724.69110107422 720006.59199523926 130024.4296875 201049.71923828125 94410.522583007812 132298.7859172821 496599.45768690109
leaf_count=16297 1242 203 138 3648 711 10048 115 146 491 23 56 102 152 1035
internal_value=0.000298052 -8.41209e-05 0.000128191 0.000666379 0.00183352 0.000370843 6.54869e-05 -0.00227102 0.000313204 -2.26614e-05 -4.03775e-05 4.29812e-05 -0.00368755 0.0016124
internal_weight=2.33791e+07 1.14739e+07 1.03089e+07 1.19052e+07 2.40546e+06 9.49974e+06 7.62454e+06 730869 6.89367e+06 6.17366e+06 9.68591e+06 9.48486e+06 226709 1.87521e+06
internal_count=34407 16948 16745 17459 4359 13100 10823 261 10562 10071 16607 16551 254 2277
cat_boundaries=0 1 2 3
cat_threshold=648 34 517
is_linear=0
shrinkage=0.05


Tree=160
num_leaves=15
num_cat=1
split_feature=7 5 24 7 24 7 14 10 2 29 11 4 0 18
split_gain=2067.13 3637.88 814.359 1325.97 1187.1 2860.85 1648.56 1221.2 2518.62 1123.9 1860.19 4484.32 1533.26 1492.72
threshold=17.376805783880858 17.382494435338344 2.6761558945178754 15.497417197683715 2.4443359843414556 16.805898420640069 0.70986711347050657 -0.16449141470753043 14.876673487829445 0 -0.09545175456844919 17.019152678527846 15.255068443456883 0.30596901053234932
decision_type=2 2 10 2 10 2 8 2 2 1 2 2 2 10
left_child=1 2 4 -4 9 6 -6 8 -8 -1 12 13 -11 -12
right_child=-2 -3 3 -5 5 -7 7 -9 -10 10 11 -13 -14 -15
leaf_value=0.00043262530842343432 0.00045223308265298549 -0.0023154040700383836 0.00068406038769067579 0.00075126433327734287 -0.013953839375800609 -0.00066284287064957573 0.00046008987767039633 0.00014416050226996786 -0.01069854789914099 -0.00061655645313872173 0.00058791795593961813 -0.0043958924097349224 0.0021914632506466174 -0.0032731672867605381
leaf_weight=7961840.4225711823 900507.39599609375 102308.603515625 6336918.3642890453 1800050.3029785156 151131.43141889572 98801.25390625 218907.33212089539 634914.59444379807 82321.33984375 1712465.5483865738 1158644.1593761444 85065.44482421875 502932.13244628906 1609552.496635437
leaf_count=10173 130 18 14020 534 241 20 395 775 32 3558 2480 17 139 2044
internal_value=0.000262424 0.000168229 0.000211283 0.000610189 -1.70344e-05 -0.00153143 -0.000791192 -8.91719e-06 -0.00263073 0.000120811 -0.000461177 -0.00130521 0.000625866 -0.000957729
internal_weight=2.33564e+07 2.24559e+07 2.23535e+07 8.13697e+06 1.42166e+07 1.18608e+06 1.08727e+06 936143 301229 1.30305e+07 5.06866e+06 2.85326e+06 2.2154e+06 2.7682e+06
internal_count=34576 34446 34428 14554 19874 1463 1443 1202 427 18411 8238 4541 3697 4524
cat_boundaries=0 1
cat_threshold=9
is_linear=0
shrinkage=0.05


Tree=161
num_leaves=15
num_cat=2
split_feature=3 15 15 9 15 29 23 8 21 5 14 10 29 19
split_gain=1743.17 1507.34 2216.29 1498.59 1524.71 1466.23 1451.74 1514.38 1398.47 1283.54 1180.42 1403.54 2185.89 993.427
threshold=15.150770732625224 19.360877792805137 19.261483453064301 0.29002137798542671 18.152409394355409 0 2.9455941718968108 0.34308435479600702 10.609716491129488 15.291499726667199 2.3864374454103636 -0.1560078460808513 1 0.0035602670693549504
decision_type=2 2 2 2 2 1 8 2 10 2 10 2 1 2
left_child=9 2 3 10 -5 -4 7 -6 -3 -1 11 -2 -13 -14
right_child=1 8 5 4 6 -7 -8 -9 -10 -11 -12 12 13 -15
leaf_value=0.00022327071849876352 -0.00091359381810843156 0.0021035325086482225 0.00022676151930497887 0.0057142501417799807 4.9837347124653299e-05 0.0025588000880575868 0.0057065373650923967 -0.0121936016113438 -0.0010654253727839767 -0.0022944528084324306 -0.00032376248427856864 0.00072281610787414358 -0.00010625375475623344 0.00046935112848691963
leaf_weight=14732171.984313488 474802.25048828125 381972.16882324219 518408.08703613281 1074936.8841552734 302213.35656738281 1097046.8920898438 440471.51147460938 271245.65026855469 412982.47033691406 428098.78100585938 724750.177734375 578430.87780761719 1137988.021484375 825637.12817382812
leaf_count=31981 127 129 173 359 88 283 174 117 99 200 201 129 322 239
internal_value=0.000317151 0.000902463 0.00112342 0.00066935 0.00174219 0.00276223 0.00035129 -0.00130684 -0.00116709 -1.01611e-06 7.0406e-05 0.000505692 0.000971782 0.000176
internal_weight=2.34012e+07 8.24089e+06 7.44593e+06 5.83048e+06 2.08887e+06 1.61545e+06 1.01393e+06 573459 794955 1.51603e+07 3.74161e+06 3.01686e+06 2.54206e+06 1.96363e+06
internal_count=34621 2440 2212 1756 738 456 379 205 228 32181 1018 817 690 561
cat_boundaries=0 1 2
cat_threshold=8 16
is_linear=0
shrinkage=0.05


Tree=162
num_leaves=15
num_cat=0
split_feature=21 5 1 24 7 16 9 16 7 3 1 7 27 24
split_gain=2576.96 3069.29 2446.05 1712.76 3169.12 1590.85 1558.21 1447.69 2781.15 1317.57 1128.38 3550.16 1650.4 1021.99
threshold=10.902443370709145 17.382494435338344 16.532859834196291 0.98264219006143716 17.115974588496943 14.775491281937375 0.12238891660113292 18.36763154562799 14.967409639598865 15.929939596008317 16.150297738002418 16.293698930881778 3.5000000000000004 2.9130887548773505
decision_type=10 2 2 8 2 2 2 2 2 2 2 2 2 10
left_child=1 3 6 5 10 -1 -2 9 -9 -8 11 13 -12 -5
right_child=2 -3 -4 4 -6 -7 7 8 -10 -11 12 -13 -14 -15
leaf_value=-0.0028783553059461764 -0.0022562242445736068 -0.0019027272125121944 0.00058530883976091574 -0.0010474270008482018 -0.0035775776306505151 0.0012162502124903095 0.0017134577217362721 0.00038743979956772892 -0.0062387034057374271 0.0024553976210750861 -0.00032977542667907253 -0.0068136339012898539 0.0016255602655750384 0.0010420448869243599
leaf_weight=1154512.5925779343 58252.447723388672 116606.86669921875 1632102.5400390625 6702943.6900043488 198528.01953125 3795912.735918045 1853226.2907514572 213554.85345458984 117780.77478027344 202533.72192382812 385989.71435546875 124106.24584960938 1099079.5551757812 5809292.6993516684
leaf_count=3629 79 19 292 11264 35 3056 3586 243 43 54 102 34 286 11844
internal_value=0.000337415 9.71124e-05 0.00147998 0.000146051 -0.000131105 0.00094777 0.000479488 0.000676655 -0.00239043 0.00117099 -4.29103e-05 -0.000196132 0.00126084 -0.000112666
internal_weight=2.34644e+07 1.9387e+07 4.07745e+06 1.92704e+07 1.43199e+07 4.95043e+06 2.44535e+06 2.3871e+06 331336 2.05576e+06 1.41214e+07 1.26363e+07 1.48507e+06 1.25122e+07
internal_count=34566 30269 4297 30250 23565 6685 4005 3926 286 3640 23530 23142 388 23108
is_linear=0
shrinkage=0.05


Tree=163
num_leaves=15
num_cat=0
split_feature=25 1 9 5 8 3 24 8 24 25 2 26 19 27
split_gain=1717.18 2212.81 1117.42 1691.03 1461.49 1639.61 1250.54 1147.11 1206.14 1111.12 1058.11 1054.71 1911.15 1037.2
threshold=0.68301270189221941 16.684754232979486 0.29668629036742261 15.80993700773832 0.22874562240464044 15.804550983324974 2.5065205163606255 0.19925397828363969 2.7913085752714406 -0.93301270189221919 15.924256278800728 1.0000000180025095e-35 -0.0083378322809124477 10.500000000000002
decision_type=2 2 2 2 2 2 8 2 10 2 2 2 2 2
left_child=9 2 4 -4 7 6 -6 8 11 10 -1 -2 -13 -11
right_child=1 -3 3 -5 5 -7 -8 -9 -10 13 -12 12 -14 -15
leaf_value=0.0010791606481451387 0.00093921626167075059 0.0011572497484225038 0.0042089664710629072 0.0057992231352577833 -0.004670852407020842 -0.0054004840965262233 0.0050105903510665496 0.0014270527874865077 0.0018695472591108789 -0.00016937860876210933 0.0026253631250718408 -0.00036764227263642868 -0.0029332709701047634 0.00070664483898731515
leaf_weight=1482831.7197086811 142086.83930206299 746698.24536132812 3320910.3828849792 260919.6640625 274569.30350875854 120184.48828125 129138.19733428955 247624.03964996338 290881.29172515869 11925199.200808883 496596.15209960938 201388.17346954346 159735.22022247314 3562014.2538087368
leaf_count=2789 112 140 7147 79 286 36 132 201 305 17596 117 164 121 5267
internal_value=0.00026812 0.00100607 0.000637089 0.00112414 -0.000477189 -0.00263136 -0.00110517 0.00060617 -0.00032036 1.90967e-05 0.00113458 -0.00180191 -0.00323776 -0.000123474
internal_weight=2.33608e+07 5.89414e+06 5.14744e+06 3.58183e+06 1.56561e+06 523892 403708 1.04172e+06 794092 1.74666e+07 1.97943e+06 503210 361123 1.54872e+07
internal_count=34492 8723 8583 7226 1357 454 418 903 702 25769 2906 397 285 22863
is_linear=0
shrinkage=0.05


Tree=164
num_leaves=15
num_cat=1
split_feature=9 8 14 14 18 16 8 22 16 10 10 27 28 21
split_gain=1607.77 2722.65 2909.57 2032.67 2395.21 1602.72 1482.13 3866.54 2492.94 1992.35 2345.62 1595.87 2189.17 1737.71
threshold=0.13827813384070328 0.064852118826147817 1.5631120779999457 1.6156902530320585 0.34298014506208535 18.342196337377381 0.14863880570699337 19.617331230798943 17.340407118629656 0.092839518376594612 0.061003165100905705 6.5000000000000009 0 10.98975100650992
decision_type=2 2 10 10 10 2 2 2 2 2 2 2 1 10
left_child=3 2 -2 -1 5 -5 7 9 -8 10 -3 -10 -13 -14
right_child=1 6 -4 4 -6 -7 8 -9 11 -11 -12 12 13 -15
leaf_value=0.00083275066906994967 -0.0083337999583676017 -7.8085907721583847e-05 -0.0011621492201053618 0.0023456543662584177 -0.00057859202512681345 -0.0009343758845657274 0.00021180066647231576 -0.0083885219345504903 0.001123079926952153 0.0019135460936760983 -0.0045613513999267375 0.0011193243706791754 -0.0014254013693131328 0.0012143641977813029
leaf_weight=866752.52976989746 64413.392224192619 1298199.3552494049 87524.254425883293 415422.33262634277 231239.56188964844 259143.24713134766 16456522.911033392 180076.85687255859 1458087.4317474365 441158.73560714722 167533.54399871826 667716.10465240479 351648.94746208191 210962.45455932617
leaf_count=403 120 854 110 249 58 103 30636 86 691 327 105 351 216 108
internal_value=0.000306142 0.000186191 -0.00648317 0.00175321 9.69334e-05 0.0016023 0.000233918 -0.00103137 0.000371845 -0.000370004 -0.00125667 0.00178347 0.000457292 -0.00184038
internal_weight=2.31564e+07 2.13838e+07 151938 1.77256e+06 905805 674566 2.12319e+07 2.08697e+06 1.91449e+07 1.90689e+06 1.46573e+06 2.68841e+06 1.23033e+06 562611
internal_count=34417 33604 230 813 410 352 33374 1372 32002 1286 959 1366 675 324
cat_boundaries=0 1
cat_threshold=421
is_linear=0
shrinkage=0.05


Tree=165
num_leaves=15
num_cat=1
split_feature=1 17 26 18 3 6 17 28 18 22 19 7 9 1
split_gain=1652.69 2000.47 2258.78 1900.89 1851.53 1626.56 958.387 957.763 1446.06 1705.41 2032.53 1540.56 1288.67 1202.21
threshold=16.532859834196291 0.31408482136343246 0.25000000000000017 0.33359816648213325 16.850451675266942 16.605552301010523 0.66252544723962614 0 0.99898163980900689 16.685836778085033 0.00029145502070358038 15.156395737790072 4.1059634224312616 16.395026300101303
decision_type=2 2 2 10 2 2 2 1 10 2 2 2 2 2
left_child=5 3 -3 -2 -5 6 7 -1 13 -10 12 -12 -11 -9
right_child=1 2 -4 4 -6 -7 -8 8 9 10 11 -13 -14 -15
leaf_value=-0.00050770070473975498 0.0021482470877209445 0.00022269815844756379 -0.00047710880721749891 0.0012650465860545215 1.0736839380873042e-05 -0.00015328585411089634 0.0019316394106769616 0.0011515103963254253 0.00092836985432908519 0.0011727666813649391 -0.014232634852855612 -0.012892296756333738 -0.065720119077870023 -0.0021759622134199593
leaf_weight=4335924.4884641171 682658.25219726562 808692.73657226562 558675.31567382812 615661.80322265625 1119125.6818847656 149572.16479492188 247259.27490234375 11196233.69533062 2457387.1261725426 541470.30230712891 409106.19985198975 146242.44323730469 94611.832405090332 161747.671875
leaf_count=8970 137 160 111 155 185 34 99 18863 4562 478 536 64 212 47
internal_value=0.000307696 0.00126479 -0.00026366 0.00212931 0.00124979 0.000124186 0.000163845 0.000124304 0.000313424 -0.000552528 -0.00210495 -0.00431513 -0.000175295 0.000591617
internal_weight=2.35244e+07 3.78481e+06 1.36737e+06 2.41745e+06 1.73479e+06 1.97396e+07 1.959e+07 1.93427e+07 1.50068e+07 3.64882e+06 1.19143e+06 555349 636082 1.1358e+07
internal_count=34613 748 271 477 340 33865 33831 33732 24762 5852 1290 600 690 18910
cat_boundaries=0 1
cat_threshold=184
is_linear=0
shrinkage=0.05


Tree=166
num_leaves=15
num_cat=0
split_feature=0 27 18 9 0 16 3 21 4 1 20 22 22 8
split_gain=1631.29 1247.32 986.302 955.118 2097.46 1650.83 1564.84 1320.69 1379.93 2740.72 2130.4 1348.1 2429.7 2077.89
threshold=16.993748182993098 5.5000000000000009 0.33359816648213325 0.28262551853150103 16.03763924788834 18.36763154562799 16.153319173089113 7.7713535867490036 16.410410087137191 16.395026300101303 0.00036693853648560006 17.063436003454161 16.163049915072651 0.19583774589217531
decision_type=2 2 10 2 2 2 2 10 2 2 10 2 2 2
left_child=3 -2 -3 5 -5 7 -7 -1 9 11 -10 12 -9 -14
right_child=1 2 -4 4 -6 6 -8 8 10 -11 -12 -13 13 -15
leaf_value=0.0054269445290898045 0.0015263608468749947 0.00025939262212734178 -0.00018973716638551462 0.00068795024528300126 0.0045468602114353152 -0.00055770496249343989 -0.0020176288480114909 -0.00072379123863088046 0.00061903373706216234 -0.0020716272479988826 -0.00040792443723191489 0.00019371039884133486 -0.087351338991432034 -0.0070614891543317425
leaf_weight=499231.56614685059 744157.87158203125 637593.89306640625 751252.84375 13729900.705655217 913152.5361328125 321491.70181274414 263576.55395507812 1089895.8428039551 696625.61962890625 254385.462890625 545244.16479492188 2603661.9234428406 100215.12586975098 124362.98274803162
leaf_count=734 125 122 122 28812 260 248 65 1218 164 70 125 2174 79 145
internal_value=0.000267374 0.00158523 0.000700176 0.000134415 0.0003583 -0.00037005 -0.00290361 -0.000119391 -0.000346283 -0.000781757 0.00111685 -0.000455237 -0.00176053 -0.00649618
internal_weight=2.32747e+07 2.133e+06 1.38885e+06 2.11417e+07 1.46431e+07 6.49869e+06 585068 5.91362e+06 5.41439e+06 4.17252e+06 1.24187e+06 3.91814e+06 1.31447e+06 224578
internal_count=34463 369 244 34094 29072 5022 313 4709 3975 3686 289 3616 1442 224
is_linear=0
shrinkage=0.05


Tree=167
num_leaves=15
num_cat=0
split_feature=21 27 17 23 19 1 17 22 2 27 17 16 6 3
split_gain=1268.84 1589.49 3712.7 2961.11 2500.06 2617.34 1630.37 1814.58 1375.08 1365.95 1353.6 1396.53 1221.52 1394.19
threshold=10.874170175814578 6.5000000000000009 0.39211591187223777 4.1863613804348558 0.01031223928624665 14.657116740874661 0.35588037541285428 19.630753430190442 16.533265774342059 10.500000000000002 0.50405116301040798 17.596891769448991 17.129815940530211 17.171183635107628
decision_type=10 2 2 10 2 2 2 2 2 2 2 2 2 2
left_child=9 6 3 8 5 -5 7 -2 -3 12 11 -11 13 -1
right_child=1 2 -4 4 -6 -7 -8 -9 -10 10 -12 -13 -14 -15
leaf_value=-8.3574352845559678e-05 0.00047396261267423976 0.00025446841371884449 -0.0016951320872688237 -0.0040530916368759027 0.00019387536194636777 -0.0070867849923085292 0.0041891946665979984 -0.0041515812007076559 0.00044306106477283528 0.0017137177778744569 -0.0047839605062316888 0.0024777891073313632 -0.00042978125763831098 0.0016508459652048791
leaf_weight=15222200.933606863 2003930.3743088245 1027785.1126914024 204904.21142578125 114730.86773490906 190752.4399459362 80633.164672851562 346726.458984375 84690.244323730469 649218.53662109375 2448817.3835921288 89213.781982421875 324372.84480285645 375087.79150390625 133082.9169921875
leaf_count=24905 2444 1705 35 260 248 26 63 39 116 4393 40 135 69 26
internal_value=0.000204123 0.000937789 -1.468e-05 0.000622855 -0.00332483 -0.0073004 0.00182482 0.00129771 0.00153178 1.85297e-05 0.00102319 0.00121821 -0.000164285 -9.5422e-05
internal_weight=2.32961e+07 4.70337e+06 2.26802e+06 2.06312e+06 386116 195364 2.43535e+06 2.08862e+06 1.677e+06 1.85928e+07 2.8624e+06 2.77319e+06 1.57304e+07 1.53553e+07
internal_count=34504 4936 2390 2355 534 286 2546 2483 1821 29568 4568 4528 25000 24931
is_linear=0
shrinkage=0.05


Tree=168
num_leaves=15
num_cat=0
split_feature=21 16 10 4 2 10 22 22 26 10 0 7 2 5
split_gain=852.913 1571.62 1368.73 1792.89 1220.14 1067.07 894.682 1013.92 2260.02 1057.99 1616.18 1280.9 1219.64 1835.12
threshold=10.98975100650992 18.650510177953056 0.0059906210141562012 17.181523356598721 13.693228738286029 -0.13045331306821853 21.066306965512343 21.05931847536657 1.0000000180025095e-35 0.092839518376594612 16.532359858528654 16.203243434593986 17.4270168375546 17.131665029836004
decision_type=10 2 2 2 2 2 2 2 2 2 2 2 2 2
left_child=1 6 3 4 -2 -6 7 9 -9 12 11 -11 13 -1
right_child=2 -3 -4 -5 5 -7 -8 8 -10 10 -12 -13 -14 -15
leaf_value=-3.6744022633833778e-05 -0.0049711981167961947 -0.00012065902228832904 0.0025839871862425434 -0.0012124012423328455 0.0042315276883577203 -0.000131309018319877 0.0077071098090006774 0.0053560149783772604 -0.014982023856938987 0.0018816225798269802 0.0022162080872145645 -0.0012635387634335211 0.0028539154012428257 -0.00041080779624944438
leaf_weight=13202708.301882386 470211.79094648361 270102.81848144531 1304853.2013680935 273251.73120117188 398004.94000244141 318344.72210693359 466227.5027217865 126409.6007232666 138509.98544311523 5315924.8566154242 563332.4970703125 151604.90356445312 114513.1962890625 477846.37255859375
leaf_count=19951 1321 93 1440 41 166 149 391 105 108 10658 132 43 18 84
internal_value=0.000171804 6.22707e-05 0.000996959 -5.48564e-05 0.000786024 0.00208504 0.000112057 6.18087e-05 -0.00301098 0.000102868 0.000655283 0.000392552 -0.000138634 -0.000181647
internal_weight=2.35918e+07 2.08272e+07 2.76467e+06 1.45981e+06 1.18656e+06 716350 2.05571e+07 2.00908e+07 264920 1.98259e+07 6.03086e+06 5.46753e+06 1.37951e+07 1.36806e+07
internal_count=34700 31583 3117 1677 1636 315 31490 31099 213 30886 10833 10701 20053 20035
is_linear=0
shrinkage=0.05


Tree=169
num_leaves=15
num_cat=0
split_feature=2 15 10 10 3 24 15 2 18 22 23 24 22 10
split_gain=1114.35 1459 1220.15 1429.01 3802.06 1153.61 1121.77 2379.37 1315.16 2430.95 2735.82 1448.23 1417.67 2055
threshold=12.615526772000122 14.601287008984416 0.21859436831513077 0.18302655970226264 16.153319173089113 3.4299781801481708 17.809145887374708 16.684754232979486 0.60285375058031188 18.001898704888614 3.6830937136130157 4.0594884298776703 18.647042967283316 0.049083492096420905
decision_type=2 2 2 2 2 8 2 2 10 2 10 10 2 2
left_child=1 -1 3 6 5 -5 7 -2 12 -10 -11 -12 -8 -14
right_child=2 -3 -4 4 -6 -7 8 -9 9 10 11 -13 13 -15
leaf_value=0.0053379651225822881 -1.9529173400312286e-05 -0.0052825186142079076 0.002954065741801229 -0.0019177813765893842 -0.0050673770610571581 0.0065731072497057222 0.00035468618252427775 -0.0014271081475668113 0.00045764215006431467 -0.0057056569251566795 -0.0013949656841160697 0.010555797604625801 0.0007457775121499483 -4.1395132269893652e-05
leaf_weight=617173.80778133869 3568331.7576599121 4708593.0563849211 2652548.5885162354 341290.77926635742 141927.04443359375 167025.50509643555 2901256.9161071777 214821.70922851562 4569886.7459411621 447333.48574829102 237580.20556640625 243657.58013916016 1890470.3807678223 788455.58776855469
leaf_count=4231 2784 18339 2411 281 30 153 2127 47 3066 192 108 119 478 200
internal_value=0.000301315 -0.000334684 0.000487787 0.00031833 -0.00197597 4.42852e-05 0.000418712 -0.000324655 0.000672558 0.000123752 -0.00220854 0.000408091 0.00121333 0.00204269
internal_weight=2.34904e+07 5.32577e+06 1.81646e+07 1.5512e+07 650243 508316 1.48618e+07 3.78315e+06 1.10786e+07 5.49846e+06 928571 481238 5.58018e+06 2.67893e+06
internal_count=34566 22570 11996 9585 464 434 9121 2831 6290 3485 419 227 2805 678
is_linear=0
shrinkage=0.05


Tree=170
num_leaves=15
num_cat=0
split_feature=6 23 6 26 23 11 0 14 15 17 20 10 8 0
split_gain=1510.21 1563.96 1205.62 944.927 907.74 799.759 1057.15 839.323 2144.76 2899.01 1152 1209.46 1494.85 1280.33
threshold=16.605552301010523 2.6039781056343654 17.129815940530211 -0.24999999999999997 1.8230783772914052 -0.13849335254270204 13.29455939264597 1.2865527337631597 18.145971631732113 0.030566075449498156 0.0029340187198133006 0.20008315189671769 0.30242323372690594 14.238948969927616
decision_type=2 10 2 2 8 2 2 10 2 2 8 2 2 2
left_child=5 2 -2 -3 -4 6 -1 -8 -9 10 -10 12 -12 -14
right_child=1 3 4 -5 -6 -7 7 8 9 -11 11 -13 13 -15
leaf_value=-0.00030378187065708341 0.00088288204298952306 -0.00014206523896674139 -0.00010700368500333866 0.0002048084510551935 0.00015865109858322196 -1.7291762454243575e-05 0.0054160160546322215 0.0028828312907065176 0.0058610140498462499 -0.0068686745112269193 0.0052655698229550716 0.01081319581554312 -0.0019730004856053796 -0.017438538147219431
leaf_weight=2641589.8822824955 1187760.7788085938 524582.61352539062 605299.13916015625 681724.85400390625 610150.03271484375 13974747.676380873 1012497.6761474609 1001355.4002685547 298702.74398803711 322498.99841308594 151061.43939208984 134774.9033203125 131797.16479492188 174986.23724365234
leaf_count=9657 250 102 104 132 96 21922 810 584 235 131 105 121 125 111
internal_value=0.000357317 0.00129807 0.00203545 -0.000170943 0.000928376 0.0001862 0.000675996 0.00128306 0.000737951 -0.000675147 0.000794673 -0.0004815 -0.00170703 -0.00371183
internal_weight=2.34535e+07 3.60952e+06 2.40321e+06 1.20631e+06 1.21545e+06 1.9844e+07 5.86926e+06 3.22767e+06 2.21518e+06 1.21382e+06 891322 592620 457845 306783
internal_count=34485 684 450 234 200 33801 11879 2222 1412 828 697 462 341 236
is_linear=0
shrinkage=0.05


Tree=171
num_leaves=15
num_cat=0
split_feature=16 11 16 14 1 23 14 3 7 24 15 15 17 15
split_gain=1146.23 1527.36 1445.2 1392.55 1822.94 1026.15 1117.42 1978.93 1340.07 2543.09 1022.92 1014.71 2803.69 912.023
threshold=18.407908271991452 0.11548245711180712 18.36763154562799 2.3864374454103636 16.684754232979486 11.604326765379101 2.3300545347507993 14.840603961213503 14.018312434570285 1.5087611308160251 16.860951492516261 17.925087204804424 0.27895765299337733 19.250863594461013
decision_type=2 2 2 10 2 10 8 2 2 8 2 2 2 2
left_child=2 3 5 4 10 6 13 8 -8 -10 -2 12 -9 -1
right_child=1 -3 -4 -5 -6 -7 7 11 9 -11 -12 -13 -14 -15
leaf_value=-0.00018574645561205802 0.002334740720151164 -0.00012874973562924643 -0.0036176406382878753 -0.00011904348155272336 0.0038944643420594609 0.0071465190130049015 0.0022741235008437058 0.0046634351058696096 -0.0089001500157409406 0.0018229752959898152 -0.00027966214664750606 0.0020222835466328529 -0.00089372546092500015 0.00069993186057514911
leaf_weight=11863309.727119088 149357.48959350586 387440.87432861328 353956.56980895996 421009.33404541016 598602.58154296875 222183.19046974182 1583724.6734163761 369864.14440917969 199119.64538574219 247225.80505371094 139618.01708984375 763813.0390625 304394.970703125 5722305.8638954163
leaf_count=18098 145 164 130 147 104 333 8862 161 134 171 63 257 78 5663
internal_value=0.000234115 0.00148581 0.000135968 0.00230225 0.0034256 0.000188683 0.000153012 0.000973257 -3.1987e-05 -0.0024518 0.000164295 0.00239232 0.000978705 -8.75284e-06
internal_weight=2.33259e+07 1.69603e+06 2.16299e+07 1.30859e+06 887578 2.12759e+07 2.10538e+07 3.46814e+06 2.03007e+06 446345 288976 1.43807e+06 674259 1.75856e+07
internal_count=34510 623 33887 459 312 33757 33424 9663 9167 305 208 496 239 23761
is_linear=0
shrinkage=0.05


Tree=172
num_leaves=15
num_cat=0
split_feature=21 6 3 3 15 21 17 20 11 27 8 17 16 17
split_gain=2251.47 1979.66 1757.54 1519.7 1015.08 2677.03 2436.21 1263.93 1287.69 1036.16 2297.51 3236.01 2173.49 3912.17
threshold=10.98975100650992 17.129815940530211 17.171183635107628 16.536937448267057 19.381805013860188 8.3921194953222642 0.020387674020296755 -0.054960946806693445 0.040133708090834809 2.5000000000000004 0.19925397828363969 0.24497248980684103 16.99325722950546 0.049853867182557653
decision_type=10 2 2 2 2 8 2 10 2 2 2 2 2 2
left_child=1 2 4 -2 9 -6 7 8 -7 10 11 12 13 -1
right_child=3 -3 -4 -5 5 6 -8 -9 -10 -11 -12 -13 -14 -15
leaf_value=-0.00079312980640897806 0.00088494688080450242 -0.00015072308905559126 0.0025319307537032248 0.00043242942211606239 0.0094894762583607462 -0.027081486264318833 -0.0053210534195122635 0.0017083729157476896 -0.00097394587834513473 0.00033537016603017093 -2.179824065907427e-05 -0.0027961486337894762 0.0021603234576660999 -0.0095831998106543099
leaf_weight=313588.1360925436 1695939.2361969948 1040431.7861328125 176087.73046875 1071246.4875488281 274136.69962310791 148856.67092895508 271108.72924804688 224399.53938293457 218365.61393737793 15030924.078145266 2473085.207095623 177931.76177978516 154496.16332244873 127580.16473388672
leaf_count=433 2918 180 34 193 335 245 85 226 292 24795 4529 59 80 82
internal_value=9.39938e-05 -8.56329e-05 2.72398e-05 0.00143322 -1.78627e-05 -0.00146751 -0.0028352 -0.00103658 -0.00284315 7.23053e-05 -0.000737716 -0.00311588 -0.00134844 -0.00313577
internal_weight=2.33982e+07 2.0631e+07 1.95906e+07 2.76719e+06 1.94145e+07 1.13687e+06 862731 591622 367222 1.82776e+07 3.24668e+06 773596 595664 441168
internal_count=34486 31375 31195 3111 31161 1183 848 763 537 29978 5183 654 595 515
is_linear=0
shrinkage=0.05


Tree=173
num_leaves=15
num_cat=0
split_feature=23 21 20 10 6 4 11 2 1 14 11 27 26 7
split_gain=1211.22 959.672 1687.26 1791.71 1173.67 2175.04 1109.18 2030.34 947.729 778.569 1574.68 770.63 1636.93 926.938
threshold=11.604326765379101 10.98975100650992 0.042076762466386801 -0.056449282874538591 17.129815940530211 17.181523356598721 0.22614567688386258 15.25666115188052 17.156634566241113 2.5445769719349749 -0.059825594992933093 6.5000000000000009 -0.68301270189221952 14.90671057703466
decision_type=10 10 10 2 2 2 2 2 2 10 2 2 2 2
left_child=1 4 6 -4 5 8 9 -8 -1 11 -11 -3 -13 -14
right_child=-2 2 3 -5 -6 -7 7 -9 -10 10 -12 12 13 -15
leaf_value=4.8795190029667786e-05 0.0073965350226518544 0.0018339911091665739 -0.0044999372242305775 0.00012755033296448862 -0.00012187846991938369 0.0017418492801851227 0.00073619430850507686 -0.0021016039430157489 0.0005643537181197095 0.00060138127690922071 -0.0098779633828462894 -0.0012332831896139259 0.00057670347618099657 0.00052657235602380538
leaf_weight=18964167.825202703 221322.07153511047 1104321.9541757107 79220.543361663818 80616.063073158264 1000424.484375 228308.94287109375 265101.03112387657 49391.614135742188 97799.11474609375 98181.087899208069 42813.702138900757 198742.06057739258 372207.816385746 441471.76574707031
leaf_count=30908 320 944 115 100 172 44 626 16 20 258 118 169 630 96
internal_value=0.000215954 0.000180566 0.00106031 -0.00392432 6.2112e-05 0.000148712 0.00137005 -0.00141188 9.06073e-05 0.00175756 -0.00184005 0.00199719 0.00100081 0.00199444
internal_weight=2.32441e+07 2.30228e+07 2.73207e+06 159837 2.02907e+07 1.92903e+07 2.57223e+06 314493 1.9062e+07 2.25774e+06 140995 2.11674e+06 1.01242e+06 813680
internal_count=34536 34216 3072 215 31144 30972 2857 642 30928 2215 376 1839 895 726
is_linear=0
shrinkage=0.05


Tree=174
num_leaves=15
num_cat=0
split_feature=7 7 2 19 8 18 24 7 3 20 20 15 15 20
split_gain=1953.35 2448.32 2391.3 1223.87 930.028 1870.81 1784.66 1680.76 2095 1576.16 2116.7 1544.94 1229.66 1132.05
threshold=17.376805783880858 17.115974588496943 16.842637334131179 0.0023306812258853502 0.18538194333684188 0.99807217882714416 4.6221149401245762 15.945746507756189 16.3974896391274 -0.039274574527554992 -0.021412410169891746 19.327865131340943 19.360877792805137 0.042076762466386801
decision_type=2 2 2 2 2 10 10 2 2 8 8 2 2 10
left_child=1 2 4 -4 5 6 9 -6 -9 -1 -11 13 -8 -12
right_child=-2 -3 3 -5 7 -7 12 8 -10 10 11 -13 -14 -15
leaf_value=0.0017355256120040374 0.0005091333426545711 -0.00022296081056160353 0.00096606305980198582 0.00022322641031505687 0.00040459528578061678 -0.0029802356921642564 0.0042691469004105592 0.0039206162905474793 -0.00010103204619359678 -0.0042199318771886079 1.072228630602167e-05 -0.0010026359861686905 -0.0013727309464506162 -0.00079651389983294773
leaf_weight=305985.04163360596 989117.55029296875 714355.90966796875 658722.71655273438 491177.57421875 15078078.736410737 222077.80387878418 386304.25363755226 930715.27294921875 763900.70678710938 218184.3316116333 2150615.6865148544 215479.74365234375 76537.183044433594 371346.68828773499
leaf_count=178 143 130 138 103 30285 188 578 281 195 151 1909 104 38 240
internal_value=0.000274134 0.000178879 0.000272971 0.00249233 0.000149798 -0.000540799 -0.000274973 0.000312292 0.00180529 -0.000687276 -0.00104093 -0.000663173 0.0026305 -0.000315967
internal_weight=2.35726e+07 2.25835e+07 2.18691e+07 1.1499e+06 2.07192e+07 3.94653e+06 3.72445e+06 1.67727e+07 1.69462e+06 3.26161e+06 2.95563e+06 2.73744e+06 462841 2.52196e+06
internal_count=34661 34518 34388 241 34147 3386 3198 30761 476 2582 2404 2253 616 2149
is_linear=0
shrinkage=0.05


Tree=175
num_leaves=15
num_cat=3
split_feature=28 6 4 19 19 19 28 29 11 3 8 23 10 5
split_gain=1142.72 2470.29 1202.19 873.75 3333.43 1556.12 1502.98 2018.4 1239.75 5669.37 1166.86 943.116 906.76 3923.43
threshold=0 17.129815940530211 17.019152678527846 -0.011925026231760148 -0.013014312526441299 -0.020948958783492597 1 2 0.093651099673423624 16.153319173089113 0.32181661440647952 -8.1530168038385273 -0.13473438770671547 14.829033239722879
decision_type=1 2 2 2 2 2 1 1 2 2 2 10 2 2
left_child=-1 2 3 4 5 8 7 10 -2 -10 -7 -5 13 -8
right_child=1 -3 -4 11 -6 6 12 -9 9 -11 -12 -13 -14 -15
leaf_value=0.00027666849548129005 0.00086965014696118316 -0.00019494060544558164 0.0029794022342250668 -0.015450208228116434 -0.011146079091797673 -0.043417282169919441 -0.00054284634798967065 -0.0059652190291513557 -0.00043116391407623748 -0.0082426037618603312 -0.11085429254624464 0.00038916802252048983 2.032888713110572e-05 -0.0081650167851041542
leaf_weight=14950133.564440966 1331523.3522244692 176137.96337890625 186152.18627929688 98533.477433204651 60101.220847129822 48409.535779953003 223008.00203800201 190353.4783539772 639191.27934741974 67465.7255859375 58614.671617507935 4722843.5163272619 553950.83241593838 61474.68701171875
leaf_count=19673 2302 32 39 227 120 42 585 319 1431 18 190 8581 916 21
internal_value=0.000227855 -0.000238111 -0.000112893 -0.000204693 -0.000840503 -0.000619612 -0.00210267 -0.00515664 0.000206845 -0.00148588 -0.0106501 0.000221797 -0.0010194 -0.00331392
internal_weight=2.33679e+07 8.41776e+06 8.24162e+06 8.05547e+06 3.23409e+06 3.17399e+06 1.13581e+06 297378 2.03818e+06 706657 107024 4.82138e+06 838434 284483
internal_count=34496 14823 14791 14752 5944 5824 2073 551 3751 1449 232 8808 1522 606
cat_boundaries=0 1 2 3
cat_threshold=771 192 18
is_linear=0
shrinkage=0.05


Tree=176
num_leaves=15
num_cat=1
split_feature=21 14 18 20 11 2 7 24 18 6 17 14 20 28
split_gain=1174.82 1132.3 4489.04 1521.02 1369.58 1118.87 1033.27 937.654 2085.69 3520.19 1659.64 1560.14 1713.49 1539.82
threshold=10.98975100650992 2.3864374454103636 0.21373264058444422 0.043200315873088459 0.11979208635499011 14.450234353504042 14.531911762216939 0.80042292159832307 0.33359816648213325 16.09600000920798 0.017069713605520103 2.4166086314241375 0.054858233316907506 0
decision_type=10 10 10 10 2 2 2 8 10 2 2 10 10 1
left_child=7 3 4 5 -3 6 -2 8 11 10 -10 -1 -13 -9
right_child=1 2 -4 -5 -6 -7 -8 13 9 -11 -12 12 -14 -15
leaf_value=0.0012303634229819972 0.0032547912304018052 0.0012903873519041216 -0.0067566553345043221 -0.0045577191223425727 -0.0098106035930900556 0.00069164974043136056 -0.0160805088592944 0.00054701032124738981 -0.0014887796624531774 -0.0017938878989279521 0.0045568105254468897 -0.00014233883605076762 -0.0046689451645335724 -0.00053838636716331512
leaf_weight=2268559.6358785629 839798.55819153786 348322.9289355278 93025.240234375 111636.13708686829 65563.464629650116 1246396.6486206055 56375.353271484375 9744133.1784214973 904907.9962310791 369847.06127929688 351786.08950805664 495297.39738321304 39285.67715549469 6235208.940407753
leaf_count=2381 1798 531 19 133 205 372 37 14551 1623 84 203 1519 107 10918
internal_value=0.00024183 0.00120979 -0.000925406 0.00168995 0.00130529 0.00198641 0.000638926 0.000110875 0.00075456 -0.00066973 0.000592146 0.00158101 -0.000848936 -6.75627e-05
internal_weight=2.31701e+07 2.76112e+06 506912 2.25421e+06 413886 2.14257e+06 896174 2.0409e+07 4.42968e+06 1.62654e+06 1.25669e+06 2.80314e+06 534583 1.59793e+07
internal_count=34481 3095 755 2340 736 2207 1835 31386 5917 1910 1826 4007 1626 25469
cat_boundaries=0 1
cat_threshold=263
is_linear=0
shrinkage=0.05


Tree=177
num_leaves=15
num_cat=1
split_feature=9 8 22 25 15 8 15 4 0 22 14 17 28 27
split_gain=1332.98 2248.55 3703.09 1659.39 1641.42 1445.11 2734.3 1399.76 3256.43 1138.33 3023.89 3458.19 1486.19 1730.87
threshold=0.13827813384070328 0.064852118826147817 18.66055157771083 -0.24999999999999997 17.196524932171446 0.079084972427515068 19.184782302808376 16.04903536344861 14.585311022316217 19.600808566351393 1.5744415257333089 0.24497248980684103 0 8.5000000000000018
decision_type=2 2 2 2 2 2 2 2 2 2 10 2 1 2
left_child=3 2 -2 5 7 -1 -7 8 -5 -3 11 12 -11 -14
right_child=1 9 -4 4 -6 6 -8 -9 -10 10 -12 -13 13 -15
leaf_value=0.00082852586796212837 0.00024396230254487692 7.0481630885128893e-05 -0.0085186013898407558 0.0011885947219809183 0.00071164267935921685 4.1578613939861881e-05 -0.0014160176788170311 0.0037526432249462161 -0.0078344343965451538 -0.020545702026635197 0.0015667456933390507 -0.0057903416822056627 0.009095634742230109 -0.0032959759907080118
leaf_weight=245307.04046630859 71854.723945021629 19043562.713722229 69295.190453290939 59729.209243774414 856789.77374267578 235211.5218963623 241346.33471679688 103337.02075195312 48271.006225585938 134258.24588394165 1458703.9279232025 121084.99371337891 385461.40042114258 165562.63177490234
leaf_count=117 154 31704 78 208 242 144 57 28 22 297 769 43 329 145
internal_value=0.000278203 0.000168813 -0.00612114 0.00158905 0.00284056 -0.000262782 -0.00186784 -0.00110599 -0.00508637 0.000210478 0.00127012 -0.00118701 0.000189366 0.00133874
internal_weight=2.32398e+07 2.14498e+07 141150 1.78999e+06 1.06813e+06 721865 476558 211337 108000 2.13086e+07 2.26507e+06 806367 685282 551024
internal_count=34337 33519 232 818 500 318 201 258 230 33287 1583 814 771 474
cat_boundaries=0 1
cat_threshold=152
is_linear=0
shrinkage=0.05


Tree=178
num_leaves=15
num_cat=0
split_feature=8 8 15 26 8 21 23 22 14 10 14 19 22 15
split_gain=1486.52 1472.28 3207.22 1228.79 1281.92 1404.52 3053.2 1179.23 1999.6 1535.35 1805.15 1747.79 1391.1 1191.61
threshold=0.11522875168704111 0.12460012248063866 19.163725546763626 -0.5 0.096798193245150224 10.887190336892145 1.3301870585578202 19.600808566351393 1.3299412169006739 -0.17872074920533701 2.3864374454103636 0.0094135040371133016 21.05931847536657 15.845635085955449
decision_type=2 2 2 2 2 10 10 2 10 2 10 2 2 2
left_child=3 2 -2 4 5 6 -1 -3 13 -10 12 -12 -11 -9
right_child=1 7 -4 -5 -6 -7 -8 8 9 10 11 -13 -14 -15
leaf_value=0.00028569997945915234 0.00010174785035947214 0.00010431128977980815 -0.000719959366364356 0.00053500373054108676 0.00036498776832142996 0.00029262310592447584 -0.0072533018248432217 -0.012652879759395028 0.0024198325605003525 0.0051615430432039588 0.00092584053669697336 -0.0077320944420398233 -0.0002050200871130546 -0.00046766093735453823
leaf_weight=115159.89552402496 279637.98196411133 18728875.724071622 166446.87268066406 1404858.4869400263 234710.92810821533 202785.88316345215 121863.46841144562 88951.803894042969 401851.18853569031 692342.67811203003 185921.17893981934 158659.03291320801 272528.77481079102 394402.78401184082
leaf_count=63 209 31519 52 872 125 62 158 187 197 318 165 116 103 486
internal_value=0.000285145 0.000160962 -0.00268137 0.00156136 -0.000192763 -0.00178511 -0.00439862 0.00022156 0.0013181 0.0021202 0.00129054 -0.00181595 0.00239995 -0.00152171
internal_weight=2.3449e+07 2.13696e+07 446085 2.07938e+06 674520 439809 237023 2.09235e+07 2.19466e+06 1.7113e+06 1.30945e+06 344580 964871 483355
internal_count=34632 33352 261 1280 408 283 221 33091 1572 899 702 281 421 673
is_linear=0
shrinkage=0.05


Tree=179
num_leaves=15
num_cat=0
split_feature=9 20 19 22 14 24 17 11 4 18 18 24 24 9
split_gain=1486.61 1261.76 1559.95 1130.57 1405.09 1641.64 1404.36 1228.68 1797.09 1176.89 1000.13 920.774 1975.97 2690.02
threshold=0.13827813384070328 0.031175985051537704 -0.0081292404924435489 19.607205262989968 1.5238669723298408 2.5806700154537503 0.066595107586941413 0.090357195516635763 16.554399131064109 0.024544215280866602 0.33359816648213325 2.6761558945178754 0.82582797440728506 0.2858742468060762
decision_type=2 8 2 2 10 10 2 2 2 10 10 10 8 2
left_child=1 2 -1 11 5 9 -7 -6 -9 -5 -4 12 -2 -14
right_child=3 -3 10 4 7 6 -8 8 -10 -11 -12 -13 13 -15
leaf_value=0.00049606173216924234 0.00038858839032204919 0.0015511747120300274 0.00053103518840980687 -0.016145207265978762 0.0014083143696894554 -0.0041308026348266065 -0.0084738069636021152 0.0058425192984989114 -0.0029179031509138816 0.0080397644258250796 -0.0004619804821702843 0.0010341333730557738 -0.0004403952035261006 -2.07237653404929e-05
leaf_weight=711341.03704833984 4278348.6805515289 434107.53907775879 344061.65672302246 122416.61022949219 925740.01211357117 109624.0288734436 72272.780639648438 344083.86555480957 255032.86083984375 339741.04974365234 245352.47717285156 7323631.4694895744 2571189.3438835144 5284528.1705830097
leaf_count=243 6808 346 188 286 434 210 39 282 45 240 50 13818 1721 9898
internal_value=0.000305899 0.00171415 0.000935166 0.000192931 0.00127573 -0.000682456 -0.0047062 0.00210282 0.000338552 0.000901217 -0.000967031 7.22327e-05 -0.000194982 -0.000665854
internal_weight=2.33615e+07 1.73486e+06 1.30076e+06 2.16266e+07 2.16891e+06 644054 181897 1.52486e+06 599117 462158 589414 1.94577e+07 1.21341e+07 7.85572e+06
internal_count=34608 827 481 33781 1536 775 249 761 327 526 238 32245 18427 11619
is_linear=0
shrinkage=0.05


Tree=180
num_leaves=15
num_cat=0
split_feature=23 16 0 14 15 16 23 19 19 11 11 4 7 6
split_gain=1096.84 1110.6 1573.53 1485.58 1265.81 1236.48 1730.5 2204.99 1859.42 1308.61 1098.23 1168.98 1671.83 1201.26
threshold=11.604326765379101 18.213483320293424 17.156634566241113 1.5238669723298408 19.274552379291809 18.314726746826736 2.5228400253385952 0.031168418490475556 -0.018468429717034846 -0.032791685209332337 -0.11467684021774179 16.860170040119087 16.805898420640069 16.30949344286088
decision_type=8 2 2 10 2 2 10 2 2 2 2 2 2 2
left_child=1 2 10 -3 5 9 7 8 -7 -5 11 12 13 -1
right_child=-2 3 -4 4 -6 6 -8 -9 -10 -11 -12 -13 -14 -15
leaf_value=0.0015765192798267 0.004761173987299837 -0.00018669984642923434 -0.0002718142306566671 0.00028289897360983068 0.0020506737525087565 -0.00030040852602894745 0.00029949752362785665 -0.0015129325719332801 0.00057186602342346919 0.0015456447793032045 -0.0001483683880229514 0.0024679478338139912 -0.001973559680088709 0.005206259602708054
leaf_weight=5825154.8214943409 325295.96578598022 411841.1882019043 175422.63427734375 457997.32662963867 495542.43994140625 339043.71594238281 785178.16790771484 291583.38545227051 620744.57479858398 350587.26924133301 12860791.938774824 150517.4296875 77480.38720703125 153488.20581054688
leaf_count=12225 453 271 31 155 75 110 300 105 221 133 20388 33 17 39
internal_value=0.000252033 0.000211249 5.78032e-05 0.000998119 0.00134742 0.000941237 0.000284447 -0.000870067 0.000286774 0.00259547 0.000101171 0.000647402 0.000539224 0.000633796
internal_weight=2.33207e+07 2.29954e+07 1.92429e+07 3.75252e+06 3.34068e+06 2.84513e+06 2.03655e+06 1.25137e+06 959788 808585 1.90674e+07 6.20664e+06 6.05612e+06 5.97864e+06
internal_count=34556 34103 32733 1370 1099 1024 736 436 331 288 32702 12314 12281 12264
is_linear=0
shrinkage=0.05


Tree=181
num_leaves=15
num_cat=0
split_feature=0 6 11 6 21 19 19 16 18 23 20 7 1 21
split_gain=1323.31 1459.85 3519.55 1578.1 1278.91 1747.51 1416.85 1358.13 1106.49 1854.37 1485.15 1083.47 932.977 1425.73
threshold=15.140196249094553 17.129815940530211 -0.0029606646261219499 16.419896991757508 10.736652180469823 0.01031223928624665 -0.042555712315249843 18.314726746826736 0.99898163980900689 2.2074747423528405 -0.021705058441736147 15.637623508097588 14.657116740874661 10.482047616024342
decision_type=2 2 2 2 10 2 2 2 10 10 8 2 2 8
left_child=11 3 -3 4 6 -6 -2 8 10 -10 -8 12 -1 -14
right_child=1 2 -4 -5 5 -7 7 -9 9 -11 -12 -13 13 -15
leaf_value=0.00037039997413141858 -0.0030585899156354932 -0.00030554464192143792 0.00020367773317942715 0.00050601771318684681 -0.0025115732531262049 0.00025686373895864462 -0.00070177862058109163 -0.0013840902187279866 0.0044319392508499053 -0.010808854929063633 0.0015418867858278842 0.01040976374460858 0.00031400114074837341 -0.0026336624865112342
leaf_weight=12890492.022058249 241728.23791503906 663036.54345703125 1031294.3911132812 2435418.0812988281 444078.23681640625 322338.34008789062 298313.5 255475.81127929688 279672.65014648438 253328.16357421875 2125834.0744628906 106069.41040039062 1111215.7444458008 1032542.2243652344
leaf_count=30713 93 110 163 548 177 121 123 79 119 111 844 38 676 610
internal_value=0.000243028 0.000748343 -0.000561989 0.00108189 0.000497077 -0.00135068 0.000907039 0.00118481 0.00148697 -0.000575662 0.00194049 -3.56736e-05 -7.12012e-05 -0.00103706
internal_weight=2.34908e+07 8.35052e+06 1.69433e+06 6.65619e+06 4.22077e+06 766417 3.45435e+06 3.21262e+06 2.95715e+06 533001 2.42415e+06 1.51403e+07 1.50342e+07 2.14376e+06
internal_count=34525 2488 273 2215 1667 298 1369 1276 1197 230 967 32037 31999 1286
is_linear=0
shrinkage=0.05


Tree=182
num_leaves=15
num_cat=1
split_feature=1 6 25 2 8 9 24 11 6 28 14 9 24 22
split_gain=4170.97 1660.63 1315.52 2032.53 1097.56 1526.2 1012.64 1602.12 3507.34 1205.82 3268.99 4504.38 1215.98 1561.61
threshold=16.532859834196291 16.605552301010523 -0.24999999999999997 17.165595607188539 0.11522875168704111 0.17453154080605807 0.80042292159832307 0.11979208635499011 16.09600000920798 0 2.0525569131549912 0.51028472330015739 2.6237885083862906 19.577528614108676
decision_type=2 2 2 2 2 2 8 2 2 1 10 2 10 2
left_child=1 6 3 -2 -4 -6 7 -1 -9 10 -8 -12 13 -11
right_child=2 -3 4 -5 5 -7 9 8 -10 12 11 -13 -14 -15
leaf_value=0.0015347466774938811 -0.00031826251113904925 -0.00023868042450311618 0.0012604706044435654 0.00038707055425478334 5.4115634690539572e-06 0.002925818536956613 -0.00020577107212409204 0.00025392942135104662 -0.0057175433517357883 -0.0010391204293439906 -0.02808206066739315 -0.0037191620750339459 0.0011161291833511869 0.0046709323256039414
leaf_weight=2585340.6554532051 874707.69921875 150269.73364257812 569875.55444335938 781100.5185546875 719926.43725585938 903427.0458984375 789378.27247428894 1248768.8148260117 117788.03540039062 6551024.861528635 27255.530014038086 33875.836396217346 7318988.5602127314 819639.85264587402
leaf_count=4346 199 34 105 128 138 185 1863 2322 36 10602 57 179 13641 784
internal_value=0.000333761 3.88344e-05 0.00183882 0.000774975 0.00264199 0.00197928 7.92004e-05 0.000793849 -0.000590862 -0.000102536 -0.00193294 -0.013072 3.44288e-06 -0.000449872
internal_weight=2.34914e+07 1.96423e+07 3.84904e+06 1.65581e+06 2.19323e+06 1.62335e+06 1.94921e+07 3.9519e+06 1.36656e+06 1.55402e+07 850510 61131.4 1.46897e+07 7.37066e+06
internal_count=34619 33864 755 327 428 323 33830 6704 2358 27126 2099 236 25027 11386
cat_boundaries=0 1
cat_threshold=136
is_linear=0
shrinkage=0.05


Tree=183
num_leaves=15
num_cat=1
split_feature=21 6 4 23 1 19 14 8 11 19 28 9 14 1
split_gain=1351.1 1691.67 2192.92 1112.66 2438.55 1457.92 1871.88 3123.86 1864.63 1378.56 1166.59 3326.45 1131.62 4866.45
threshold=10.98975100650992 17.129815940530211 17.181523356598721 3.9102097402214055 16.272388657055533 0.0094135040371133016 1.2865527337631597 0.18850960025037897 -0.019390666040090196 -0.11381263375967689 0 0.36431287008202179 0.92225932109080733 15.255753935927729
decision_type=8 2 2 8 2 2 10 2 2 2 1 2 8 2
left_child=1 2 3 12 5 6 -5 8 -8 -9 11 -11 13 -1
right_child=-2 -3 -4 4 -6 -7 7 9 -10 10 -12 -13 -14 -15
leaf_value=-0.0033172641136745952 0.00030081568055690538 -0.00020757279419343061 0.0014477636646543415 0.0025824188844684403 0.0074680427453846987 0.0034129953668851514 -0.014094495603945864 -0.010128194443217673 -0.0032673437059238899 -0.018574475036435119 0.00049441079173883078 -0.017675039795356475 -4.5618710906941133e-05 -0.02524253451098862
leaf_weight=1437467.3414053917 2883395.9065616131 1076710.9057617188 221052.7177734375 1915290.5483322144 515321.92504882812 2161997.4804079533 62873.272118926048 53077.049535751343 125606.88283348083 40796.456970214844 1143020.5741329193 219711.94239711761 11329804.938691616 79671.287231445312
leaf_count=3019 3187 186 43 3540 136 4506 118 92 165 66 2750 681 15920 27
internal_value=8.4285e-05 -5.90257e-05 4.85482e-05 -8.80321e-06 0.000539091 0.000242421 -0.00037949 -0.00161653 -0.00767356 -0.000832769 -0.000533643 -0.00355307 -0.000274828 -0.00155721
internal_weight=2.32658e+07 2.03824e+07 1.93057e+07 1.90846e+07 6.2377e+06 5.72237e+06 3.56038e+06 1.64509e+06 188480 1.45661e+06 1.40353e+06 260508 1.28469e+07 1.51714e+06
internal_count=34436 31249 31063 31020 12054 11918 7412 3872 283 3589 3497 747 18966 3046
cat_boundaries=0 1
cat_threshold=576
is_linear=0
shrinkage=0.05


Tree=184
num_leaves=15
num_cat=0
split_feature=27 0 3 27 3 17 8 8 0 20 24 11 3 0
split_gain=1343.41 1979.92 2105.33 1506.6 5779.08 1968.5 1518.94 1305.6 1126.24 1114.02 1011.46 3682.31 3688.1 1601.73
threshold=10.500000000000002 16.684382928863482 16.153319173089113 9.5000000000000018 17.006344156415725 0.12005163561103827 0.079084972427515068 0.089414884982887063 12.941158356550817 -0.010277681475407549 0.80042292159832307 0.11979208635499011 16.153319173089113 16.993748182993098
decision_type=2 2 2 2 2 2 2 2 2 8 8 2 2 2
left_child=3 2 8 6 5 -5 -1 -8 -2 -10 11 13 -13 -9
right_child=1 -3 -4 4 -6 -7 7 10 9 -11 -12 12 -14 -15
leaf_value=0.001007222932087362 -0.0023581501733682276 0.0016552155664725397 -0.0037205082585359209 -0.0033023904477336888 -0.00395060643760832 0.0011489027078485019 -0.0015419428923279434 0.0011825338129503949 -0.0017238847608975283 0.0038255019831322764 -5.4972324354742123e-05 -0.001173281186182333 -0.0028531742265953453 0.00073434840808058019
leaf_weight=417469.4131000042 959513.4969856739 556542.67944335938 273039.50805664062 1437939.8067579269 182541.4892578125 325053.43188476562 175220.82292556763 2071463.0516190529 280210.20986938477 1621392.5856018066 13549086.605307817 981746.6344203949 132238.43090820312 375341.9775390625
leaf_count=397 3710 105 75 2710 31 168 98 3224 210 1278 20694 1746 32 70
internal_value=0.000207131 0.0010824 0.000594388 4.27211e-05 -0.00127799 -0.000401118 0.000187869 0.000115891 0.000994715 0.00169938 0.000159866 0.000909763 -0.0014732 0.00199468
internal_weight=2.33388e+07 3.6907e+06 3.13416e+06 1.96481e+07 1.94553e+06 1.76299e+06 1.77026e+07 1.72851e+07 2.86112e+06 1.9016e+06 1.71099e+07 3.56079e+06 1.11399e+06 2.44681e+06
internal_count=34548 5378 5273 29170 2909 2878 26261 25864 5198 1488 25766 5072 1778 3294
is_linear=0
shrinkage=0.05


Tree=185
num_leaves=15
num_cat=0
split_feature=15 17 15 18 4 15 9 11 16 19 16 3 23 4
split_gain=1120.63 2518.4 1390.81 1559.42 1783.38 1101.54 4602.35 1576.7 1093 3470.26 1891.49 1658.14 1286.79 993.332
threshold=19.261483453064301 0.011069784977526352 19.327865131340943 0.60285375058031188 16.410410087137191 19.240998570495709 0.14407582608325048 0.15999476376998611 18.435443290659602 -0.014024481491092899 18.407908271991452 17.171183635107628 2.4308761225760551 14.332612286627141
decision_type=2 2 2 10 2 2 2 2 2 2 2 2 10 2
left_child=5 13 -3 -4 -5 8 -7 -8 10 -10 11 -1 -11 -2
right_child=1 2 3 4 -6 6 7 -9 9 12 -12 -13 -14 -15
leaf_value=5.0922929791944017e-05 0.00085114840695821011 0.0026478931232027953 0.0021206445890156063 0.0017810221272285091 -0.00054162970344077228 -0.0037199199375054525 0.0031987166151102846 -0.010436279958690195 -0.00036038640279731213 -0.00076810606896133237 0.0020264902978203879 0.00056159492177745309 0.0030106903106344703 -0.0032149377398459113
leaf_weight=14638711.326792479 2527840.881855011 1241746.0419921875 393044.69360351562 819155.72009277344 339296.912109375 103890.26208496094 548377.51072692871 316850.61675262451 436965.91693115234 384954.84664916992 281510.25238037109 439047.39892578125 283325.82540893555 605245.869140625
leaf_count=27379 4188 406 90 322 74 17 613 325 177 160 122 77 117 448
internal_value=0.000233283 0.000827256 0.00191888 0.000920736 -2.59485e-06 3.13704e-05 -0.00160682 -0.000412845 0.000127796 -0.00139087 0.000237078 0.000161261 0.00087464 -0.000145957
internal_weight=2.336e+07 5.92633e+06 2.79324e+06 1.5515e+06 1.15845e+06 1.74336e+07 969118 865228 1.64645e+07 1.10525e+06 1.53593e+07 1.50778e+07 668281 3.13309e+06
internal_count=34515 5528 892 486 396 28987 955 938 28032 454 27578 27456 277 4636
is_linear=0
shrinkage=0.05


Tree=186
num_leaves=15
num_cat=0
split_feature=3 19 20 19 14 24 17 25 21 14 24 19 0 19
split_gain=1769.41 1366.47 2080.93 2512.24 1685.15 2150.97 2405.04 1545.34 2688.98 3379.57 1957.08 1369.29 1171.59 1245.36
threshold=15.150770732625224 -0.029986948250196144 -0.079429059004751834 -0.040797071066403741 1.3935148121836254 5.8247722486595706 0.041433429624679156 1.0000000180025095e-35 10.583531120727168 1.7546898962752173 1.2576410032575902 -0.0064566021574407996 16.993748182993098 -0.0083378322809124477
decision_type=2 2 10 2 10 8 2 2 10 10 10 2 2 2
left_child=-1 2 -2 -4 5 6 11 8 -6 -10 -11 -3 13 -9
right_child=1 4 3 -5 7 -7 -8 12 9 10 -12 -13 -14 -15
leaf_value=-0.00023012417254283189 -0.0016514380829950092 0.0068211376769345133 0.001172461464152581 -0.00037218209737688036 0.0013648289478799384 0.0051472999322190087 -0.0036252561720136267 0.0018681263024605281 0.00020488871384817393 -0.0010980828035815941 -0.00035509462082366469 -0.0023192979296914247 0.00041716014206016785 0.00031019925734233965
leaf_weight=15104724.996489882 366723.88037109375 234364.099609375 512840.30871582031 422102.01904296875 839327.26477050781 454241.99780273438 342127.55285644531 655713.23974609375 966772.44738769531 483303.45874023438 405976.45043945312 393128.0087890625 831154.0029296875 1417193.0952148438
leaf_count=32062 131 104 143 115 274 157 103 218 226 129 109 170 141 453
internal_value=0.000199313 0.000784596 -0.000703391 0.000548673 0.00106037 -0.000475507 -0.00180564 0.00145093 0.000588737 -0.000473262 -0.00269784 3.30972e-05 0.00225116 0.00161523
internal_weight=2.34297e+07 8.32497e+06 1.30167e+06 934942 7.0233e+06 1.42386e+06 969620 5.59944e+06 2.69538e+06 1.85605e+06 889280 627492 2.90406e+06 2.07291e+06
internal_count=34535 2473 389 258 2084 534 377 1550 738 464 238 274 812 671
is_linear=0
shrinkage=0.05


Tree=187
num_leaves=15
num_cat=0
split_feature=0 19 20 10 19 10 14 23 25 27 25 0 0 23
split_gain=2270.59 2069.99 1782.99 1569.8 2035.85 2831.24 2232.41 2392.31 1327.59 1348.73 2331.15 3582.49 3193.96 1940.14
threshold=15.082936492503885 -0.03461718224751404 -0.073626625578556593 -0.24604488811636385 -0.0083378322809124477 -0.1691935307846765 1.6956826436250614 1.7866793806953503 -0.93301270189221919 10.500000000000002 1.0000000180025095e-35 16.84045422280521 16.993748182993098 2.2074747423528405
decision_type=2 2 10 2 2 2 10 10 2 2 2 2 2 10
left_child=-1 2 -2 -3 6 -6 -5 -8 -7 10 11 13 -12 -10
right_child=1 3 -4 4 5 8 7 -9 9 -11 12 -13 -14 -15
leaf_value=-0.00010230473860231001 -0.0017283800297168584 0.0026658005208742971 2.5342270812493689e-05 0.00092453862598384498 -0.00040954293546708025 0.0014476269381726735 -0.0018349166677782442 0.00023206265077018386 0.0010035775237744668 0.0014073519193094337 -1.3510589048737189e-05 -0.00089751304913470364 0.001292381886350187 -0.00207054263013825
leaf_weight=14804242.138772964 329473.46008300781 752687.39221191406 775640.80346679688 1396777.555480957 350637.53967285156 319134.20727539062 419301.9365234375 624872.4033203125 319765.99633789062 718343.25885009766 1512064.9705200195 372017.87158203125 401492.75268554688 309573.18981933594
leaf_count=31875 122 206 219 432 93 97 125 187 116 229 534 69 70 126
internal_value=0.000332859 0.000978921 -0.00104126 0.00127672 0.00103501 0.000380707 0.00218844 0.000439582 0.000762713 0.000491126 1.28953e-05 -0.00194175 0.00103575 0.000357611
internal_weight=2.3406e+07 8.60178e+06 1.10511e+06 7.49667e+06 6.74398e+06 4.30303e+06 2.44095e+06 1.04417e+06 3.95239e+06 3.63326e+06 2.91491e+06 1.00136e+06 1.91356e+06 629339
internal_count=34500 2625 341 2284 2078 1334 744 312 1241 1144 915 311 604 242
is_linear=0
shrinkage=0.05


Tree=188
num_leaves=15
num_cat=1
split_feature=8 15 15 28 6 0 9 9 10 25 22 25 16 15
split_gain=1191.51 1228.16 1942.94 893.079 3164.48 1994.32 2229.43 1375.66 1594.4 1062.24 1003.54 1391.14 1186.56 1272.55
threshold=0.079084972427515068 19.184782302808376 18.277160725709198 0 17.129815940530211 15.924256278800728 0.24582791545837626 0.23312286427676673 -0.066420037265679341 1.0000000180025095e-35 17.782557274254184 1.0000000180025095e-35 16.732634901765508 17.987304240628603
decision_type=2 2 2 1 2 2 2 2 2 2 2 2 2 2
left_child=1 2 -1 -2 5 7 -7 8 -5 -10 11 12 -9 -14
right_child=3 -3 -4 4 -6 6 -8 10 9 -11 -12 -13 13 -15
leaf_value=0.00076816711929358265 0.00017167112403775422 0.00070403189841843517 -0.005513799151544721 -0.005032803477398564 -0.00030709739319184263 -7.3451896875465508e-05 0.0040696087643779504 -0.00049433750142324718 0.00105602503954329 -0.0047398842539520336 -0.0038609554608603409 0.0067066735936087626 -0.00022845382574175006 -0.0090653447339273888
leaf_weight=259112.73304617405 16170729.178558588 386803.9464225769 96849.420249938965 194519.5205078125 159257.5556640625 633298.71826171875 671519.06420898438 1019699.4571224451 210535.63424682617 177930.17325973511 1956060.37197721 1251692.6266248226 83874.875495910645 112393.33911132812
leaf_count=401 22464 117 60 145 29 168 173 3110 176 159 3722 3426 198 60
internal_value=0.000248501 0.00221903 9.96245e-05 0.000183857 -0.000312562 -0.000136922 0.00160409 -0.000590654 -0.0028737 -0.00102338 -0.000289781 0.000380708 -0.000823776 -0.00438389
internal_weight=2.33843e+07 742766 355962 2.26415e+07 6.47078e+06 6.31152e+06 1.30482e+06 5.00671e+06 582985 388466 4.42372e+06 2.46766e+06 1.21597e+06 196268
internal_count=34408 578 461 33830 11366 11337 341 10996 480 335 10516 6794 3368 258
cat_boundaries=0 1
cat_threshold=835
is_linear=0
shrinkage=0.05


Tree=189
num_leaves=15
num_cat=0
split_feature=9 26 9 25 7 24 14 15 23 20 19 20 5 16
split_gain=2933.19 1596.61 2964.69 2059.61 2020.92 1573.82 1716.01 3252.79 1678.04 2496.11 1332.14 2863.43 1508.57 1551.31
threshold=0.15391910863585098 0.25000000000000017 0.17453154080605807 -0.24999999999999997 17.115974588496943 1.2270203362160601 1.6554688479737332 18.03598866506842 2.5830001599057755 -0.0059985707831071988 0.071218089062251702 0.022044691351665403 15.80993700773832 18.342196337377381
decision_type=2 2 2 2 2 8 10 2 10 10 2 10 2 2
left_child=5 10 3 -3 -4 -1 8 -8 -7 -10 12 -12 -2 -14
right_child=1 2 4 -5 -6 6 7 -9 9 -11 11 -13 13 -15
leaf_value=0.0006979102326341983 0.00061698793608045257 -2.7329962593000587e-05 -6.0987706888420741e-05 -0.0046529976307556299 -0.00036082815855208866 0.0019281997468716958 0.00020081829894752005 -0.0020523402713688902 0.0031307004002257169 -0.00046503640805738546 0.0016429932201171178 -0.013745543446536987 0.0012590506798823963 -0.00017454638450400067
leaf_weight=1155472.8310852051 9662893.4737824202 170613.16465759277 7679534.5483834743 216978.58332061768 280491.9189453125 454939.60218811035 302994.06407165527 146644.81817626953 210568.36281585693 413069.7021484375 84428.414865493774 74915.326614379883 1809579.5197753906 578521.99169921875
leaf_count=411 18801 96 13310 139 46 138 276 46 227 130 144 114 488 120
internal_value=0.000286387 8.34397e-05 -0.00044948 -0.00471968 -0.000241554 0.00184103 0.000788174 -0.00180679 0.00186997 0.000185525 0.000447771 -0.00409399 0.000507824 0.00163313
internal_weight=2.32416e+07 2.0558e+07 8.34762e+06 387592 7.96003e+06 2.68369e+06 1.52822e+06 449639 1.07858e+06 623638 1.22103e+07 159344 1.2051e+07 2.3881e+06
internal_count=34486 33258 13591 235 13356 1228 817 322 495 357 19667 258 19409 608
is_linear=0
shrinkage=0.05


Tree=190
num_leaves=15
num_cat=0
split_feature=24 25 22 3 24 27 17 6 21 4 8 8 6 8
split_gain=1302.34 1436.18 1742.5 3472.35 1403.63 2043.62 2155.01 1962.33 2418.86 2214.3 1999.56 1578.18 1561.47 1548.93
threshold=0.80042292159832307 0.25000000000000011 17.312043008173376 15.929939596008317 1.7949352587435352 2.5000000000000004 0.31408482136343246 17.356241645943843 10.622856058979133 15.209778070787939 0.17442642456179139 0.13255708096274924 15.091113295066929 0.12898077988898074
decision_type=8 2 2 2 10 2 2 2 10 2 2 2 2 2
left_child=1 -1 3 -3 7 6 11 8 -2 12 -11 -6 -10 -7
right_child=4 2 -4 -5 5 13 -8 -9 9 10 -12 -13 -14 -15
leaf_value=1.0970574103392392e-05 0.00010810518214344241 0.0022877833936175425 0.002722622698764332 -0.026525113859178318 0.00093103066062413169 -0.00038132138820418088 -0.0056262298103230621 0.0027228346329750456 -0.0032197173127314904 -0.00019423696724686214 -0.0025964014347764071 -0.0012679208396486833 0.0050331174805384018 0.00098910661125267869
leaf_weight=2864998.3069729805 2621897.8796710968 712222.98997163773 1366960.9235687256 44800.2451171875 240583.91000008583 1135143.9146836996 152197.89886474609 332421.27099609375 1371748.3444948196 456777.43737792969 514491.330078125 1867115.6108443737 133742.93200683594 9750955.5281443596
leaf_count=3967 4404 1709 1149 14 194 813 61 50 2433 110 169 3242 66 16197
internal_value=0.000162029 0.000879281 0.00186455 -5.98904e-05 -3.05934e-05 0.00024876 -0.00111949 -0.000706771 -0.000949449 -0.00206995 -0.00393125 -0.000704582 -0.000869133 0.000532801
internal_weight=2.35661e+07 4.98898e+06 2.12398e+06 757023 1.85771e+07 1.3146e+07 2.2599e+06 5.43108e+06 5.09866e+06 2.47676e+06 971269 2.1077e+06 1.50549e+06 1.08861e+07
internal_count=34578 6839 2872 1723 27739 20507 3497 7232 7182 2778 279 3436 2499 17010
is_linear=0
shrinkage=0.05


Tree=191
num_leaves=15
num_cat=0
split_feature=21 0 9 8 4 3 0 8 6 9 22 0 4 4
split_gain=3209.3 2613.74 1874.45 5766.24 1835.77 1374.22 1285.51 1758.75 1395.5 1358.24 1211.1 1060.59 1055.68 1221.06
threshold=10.822352375188466 16.152874941917947 0.099641508914028162 0.079084972427515068 17.019152678527846 16.536937448267057 15.467382582974407 0.18850960025037897 15.421178037787511 0.17453154080605807 18.523966482831309 15.192901335237337 14.367076137041632 14.466930158372014
decision_type=10 2 2 2 2 2 2 2 2 2 2 2 2 2
left_child=2 -2 3 -1 5 6 8 9 11 -8 -9 12 -4 -14
right_child=1 -3 4 -5 -6 -7 7 10 -10 -11 -12 -13 13 -15
leaf_value=0.00057765620033953214 0.00064808364168945269 0.00025197635588891995 0.00063456539318437635 -0.00040785393083710175 0.00035229805497022349 -0.0007945375602627586 0.00021537343812827919 0.00081882914240161684 -0.0011894223762112118 -0.00072222550046256208 0.0040901998325395478 0.0013921265679393096 -0.0050828071127503828 -0.00086550029059694229
leaf_weight=132001.2624206543 3090015.6150317192 2271534.6474609375 9409567.1082968712 123526.49017333984 754964.20532226562 868992.17578125 492197.50122070312 1297471.7521972656 389123.03637695312 519067.18542480469 353013.39013671875 611729.42700195312 360140.94091796875 2679490.0735473633
leaf_count=183 5433 435 24584 35 147 202 156 486 158 168 118 320 275 1691
internal_value=0.000368323 0.00144204 4.83452e-05 -0.00420354 0.000109604 2.34407e-06 0.000106805 0.00111076 -9.18762e-05 -0.000531195 0.0021168 -3.96796e-06 -0.000103845 -0.000913947
internal_weight=2.33528e+07 5.36155e+06 1.79913e+07 255528 1.77358e+07 1.69808e+07 1.61118e+07 2.66175e+06 1.34501e+07 1.01126e+06 1.65049e+06 1.30609e+07 1.24492e+07 3.03963e+06
internal_count=34391 5868 28523 218 28305 28158 27956 928 27028 324 604 26870 26550 1966
is_linear=0
shrinkage=0.05


Tree=192
num_leaves=15
num_cat=1
split_feature=8 17 6 10 23 29 20 8 20 15 15 9 15 18
split_gain=1560.63 1025.33 3385.02 1285.39 1575.96 1969.18 1280.32 1818.74 2793.46 2797.69 2614.73 1742.67 2490.17 2395.41
threshold=0.064852118826147817 0.010873695698383052 14.8589760919619 0.12127513645696457 2.3158080270847505 0 0.033927186185155708 0.14863880570699337 0.008558111368864002 18.199200115638927 19.243659703164621 0.1943338755616151 17.866439219487656 0.26118470085058776
decision_type=2 2 2 2 10 1 10 2 10 2 2 2 2 10
left_child=-1 2 -2 6 5 -5 7 8 10 -10 11 13 -13 -3
right_child=1 3 -4 4 -6 -7 -8 -9 9 -11 -12 12 -14 -15
leaf_value=0.00014603426022276385 -0.00010809220810618537 -0.00023315525616890312 -0.03810331916339154 0.002017760044288434 0.0030016859647261167 -0.0022382399508773425 0.0004407707092085325 0.00018573365082933386 -0.00018620784123720758 -0.0024718464004769881 -0.00072883183288060876 0.00050092613666918981 -0.0033932390452273429 0.0014877552146083887
leaf_weight=373093.15897119045 8531834.9291342497 407222.15846252441 53195.5302734375 830949.41244506836 2163212.90209198 442555.06982421875 1410704.3064041138 7112299.7092056274 276145.31582641602 250264.58288574219 486890.43884277344 159231.61251831055 195564.17413330078 583784.14990234375
leaf_count=438 23247 365 34 648 1868 383 988 5834 161 60 114 175 62 154
internal_value=0.000380486 0.000328233 -0.000103813 0.000587271 0.00143026 3.4788e-05 0.000321046 0.000111739 -0.0010913 -0.00430164 -0.000169184 0.000966778 -0.00204024 0.00204334
internal_weight=2.32769e+07 2.29039e+07 8.58503e+06 1.43188e+07 3.43672e+06 1.2735e+06 1.08821e+07 9.4714e+06 2.3591e+06 526410 1.83269e+06 1.3458e+06 354796 991006
internal_count=34531 34093 23281 10812 2899 1031 7913 6925 1091 221 870 756 237 519
cat_boundaries=0 1
cat_threshold=77
is_linear=0
shrinkage=0.05


Tree=193
num_leaves=15
num_cat=0
split_feature=21 19 26 16 3 24 10 8 9 26 23 23 16 19
split_gain=1478.66 1441.08 2717.38 4854.5 2086.22 1180.73 1892.01 887.996 2324.65 1263.2 1333.33 2104.11 881.995 2631.33
threshold=10.98975100650992 0.022226864345365301 1.0000000180025095e-35 18.314726746826736 14.107311327929638 1.7949352587435352 -0.024014385761135147 0.096798193245150224 0.099641508914028162 -0.24999999999999997 1.3301870585578202 2.2637526207970207 18.435443290659602 -0.0035655580594122498
decision_type=10 2 2 2 2 10 2 2 2 2 10 10 2 2
left_child=7 4 5 -4 -2 6 -3 9 -9 10 -1 -12 -10 -14
right_child=1 2 3 -5 -6 -7 -8 8 12 -11 11 -13 13 -15
leaf_value=0.00060725173210814012 -0.00028236655020583167 -0.0099666312620539169 0.0017806999981234764 -0.0056897063475978837 0.00042620084560449512 0.0012627259042039352 0.0030637817483779792 -0.00042633740440042211 0.00018158644395253339 0.0015117296963609575 -0.0080853390285342084 0.00037537889038015437 -0.00019007007356630585 0.00029594288873614359
leaf_weight=129950.58881855011 682050.98820996284 104819.75201034546 159178.15166306496 117720.05834960938 1298698.8186645508 355632.93035578728 101118.87511444092 122465.52217102051 18929233.454554796 654005.1278232336 97654.375084877014 112565.47664642334 270668.97732543945 302637.5510559082
leaf_count=73 1803 137 258 47 433 323 124 33 30341 496 38 170 101 121
internal_value=0.000294708 0.00136873 -0.000368758 -0.00442238 0.00210422 0.00162999 -0.00138284 0.000147859 7.40068e-05 0.00160571 -0.000865545 -0.00332672 0.000117129 -0.00181498
internal_weight=2.34384e+07 2.81922e+06 838470 276898 1.98075e+06 561572 205939 2.06192e+07 1.9625e+07 994176 340170 210220 1.95025e+07 573307
internal_count=34498 3125 889 305 2236 584 261 31373 30596 777 281 208 30563 222
is_linear=0
shrinkage=0.05


Tree=194
num_leaves=15
num_cat=0
split_feature=3 10 21 16 2 16 22 24 19 10 22 23 0 15
split_gain=2380.76 1345.21 1646.26 1315.59 1690.96 1603.92 1492.26 1833.46 1604.82 1228.07 1561.78 1107.55 2837.1 1787.66
threshold=14.89165024877475 -0.24604488811636385 10.83135179505072 18.407908271991452 17.165595607188539 18.284852716366021 18.651885674616626 2.6761558945178754 -0.035637932706194649 0.054734134884702308 17.219696843575843 2.6039781056343654 16.395876229078294 19.255681931610429
decision_type=2 2 10 2 2 2 2 10 2 2 2 8 2 2
left_child=-1 2 -2 5 -5 6 7 8 -3 10 -9 13 -13 -10
right_child=1 3 -4 4 -6 -7 -8 9 11 -11 -12 12 -14 -15
leaf_value=-0.000283771149609608 0.00049687590040351653 -0.0023601080246828895 0.0041182288648683582 -1.2269809475855942e-05 0.00044341928811785403 -0.0007477331877017491 0.00090416267821822162 0.002182455336095475 -4.2831394937974485e-05 0.0046938126790040269 -0.00054463281831392148 -8.8259459957271309e-06 -0.00066357089998898052 0.0031928738247395841
leaf_weight=13962149.198374033 938761.87060546875 295570.38854980469 454263.69763183594 586241.4765625 832755.5263671875 949945.12353515625 1331481.8249511719 419812.54833984375 804494.80932617188 769098.66564941406 538719.33215332031 895689.86694335938 262121.8828125 412980.84924316406
leaf_count=31346 412 105 130 162 135 217 375 160 321 300 191 407 62 141
internal_value=0.000296592 0.000907558 0.00234279 0.000660697 0.00204335 0.000366984 0.000682447 0.000238499 -0.000582521 0.00150777 0.000313661 -0.000150176 -0.00125732 0.000902715
internal_weight=2.34541e+07 9.49194e+06 1.39303e+06 8.09891e+06 1.419e+06 6.67992e+06 5.72997e+06 4.39849e+06 2.67086e+06 1.72763e+06 958532 2.37529e+06 1.15781e+06 1.21748e+06
internal_count=34464 3118 542 2576 297 2279 2062 1687 1036 651 351 931 469 462
is_linear=0
shrinkage=0.05


Tree=195
num_leaves=15
num_cat=0
split_feature=9 8 19 17 3 19 21 4 20 2 10 15 20 16
split_gain=1639.76 1168.94 2546.65 2104.33 1983 1862.87 1392.96 1389.72 1626.49 1317.91 1133.43 1976.71 1045.68 1811.55
threshold=0.13827813384070328 0.13724328153741419 0.042837075796135708 0.17523538740422129 15.150770732625224 -0.036895586668078545 10.949198539433239 16.701148858548322 0.014765864921467252 15.466483240848307 -0.027150203300232347 19.240998570495709 0.027696085225571553 18.213483320293424
decision_type=2 2 2 2 2 2 10 2 10 2 2 2 8 2
left_child=12 2 3 7 9 -6 -7 8 10 -3 11 -2 13 -1
right_child=1 4 -4 -5 5 6 -8 -9 -10 -11 -12 -13 -14 -15
leaf_value=-0.00010529710797479823 0.00054147218960982457 9.043765728816014e-05 0.00049879787278105537 -0.0011987133322839969 -0.00049510117753996706 0.00055730190653040712 0.00084514814263176262 0.0017049682796814382 -0.0043728180791652999 -0.0023685784308898981 0.0018261758808807219 -0.018645320622954296 0.0011311625620229512 0.00088544787955419546
leaf_weight=488287.0954284668 148761.13111662865 14045361.340756059 195795.08209705353 640598.50048828125 584259.86303710938 4171121.2189941406 811238.73461914062 112789.8916015625 182506.515879035 304393.18249511719 363900.33539390564 89291.428554534912 504604.88354492188 812776.1356048584
leaf_count=235 306 30562 137 192 191 1417 198 23 148 142 377 60 377 221
internal_value=0.000297449 0.000176716 -0.00106855 -0.00175233 0.000285112 0.00108615 0.00139937 -0.000189519 -0.00093567 -2.56302e-05 0.000317958 -0.00236454 0.00174504 0.000995704
internal_weight=2.34557e+07 2.165e+07 1.73364e+06 1.53785e+06 1.99164e+07 5.56662e+06 4.98236e+06 897249 784459 1.43498e+07 601953 238053 1.80567e+06 1.30106e+06
internal_count=34586 33753 1243 1106 32510 1806 1615 914 891 30704 743 366 833 456
is_linear=0
shrinkage=0.05


Tree=196
num_leaves=15
num_cat=1
split_feature=8 22 2 11 3 16 8 18 1 23 29 5 23 7
split_gain=2497.24 1342.11 1351.27 1241.63 3407.45 1824.21 1368.11 4514.28 1329.41 963.019 2188.27 3198.33 1790.63 5674.44
threshold=0.11522875168704111 19.617331230798943 15.924256278800728 -0.12235937657627534 16.536937448267057 18.650510177953056 0.12898077988898074 0.39331165445237215 16.150297738002418 6.2469092399764614 0 13.952386519906094 5.5553872495854106 15.27065450272619
decision_type=2 2 2 2 2 2 2 10 2 10 1 2 10 2
left_child=1 2 -1 4 -2 6 7 8 -5 12 11 -11 -8 -14
right_child=3 -3 -4 5 -6 -7 9 -9 -10 10 -12 -13 13 -15
leaf_value=0.00011122821697118473 0.00077494423363454125 -0.0013458604722487168 0.00054634459773955375 -0.003545804504570755 0.0013594621145114202 -0.0005031131649335227 1.7467545066374709e-05 -0.0041928428185974594 0.0014364218622962179 -0.011899709543127921 0.0021674358184439611 -0.039363129553940543 -0.0023215579823275974 -0.0048529496243360512
leaf_weight=562131.21910440922 5986293.9271993637 208648.65027618408 1295114.9897460938 185677.549949646 636156.48413085938 177423.24694824219 11238340.503436089 205260.76600646973 189349.1806640625 197602.4245967865 2054160.4010697603 53574.712524414062 383522.86579704285 72387.7490234375
leaf_count=916 12012 77 268 198 130 70 16012 74 39 584 3287 40 823 19
internal_value=0.000336158 0.00199619 0.00242334 0.000175752 0.000744551 -7.95012e-05 -1.81769e-05 -0.00239715 0.000865451 8.04324e-05 0.00101444 -0.00339084 -0.000103692 -0.00317553
internal_weight=2.34456e+07 2.06589e+06 1.85725e+06 2.13797e+07 6.62245e+06 1.47573e+07 1.45799e+07 580287 375027 1.39996e+07 2.30534e+06 251177 1.16943e+07 455911
internal_count=34549 1261 1184 33288 12142 21146 21076 311 237 20765 3911 624 16854 842
cat_boundaries=0 1
cat_threshold=66
is_linear=0
shrinkage=0.05


Tree=197
num_leaves=15
num_cat=0
split_feature=3 19 19 19 16 23 10 10 5 18 11 16 11 17
split_gain=3360.51 1646.87 1905.18 2263.4 1212.51 1330.39 1210.31 2720.3 2689.9 1222.1 1519.39 1897.95 1551.21 1481.32
threshold=14.89165024877475 0.042837075796135708 0.034215370636019864 0.025659554270821953 18.534756489305497 -1.6566533296846646 -0.29680081341008963 -0.16449141470753043 16.207104619767552 0.13822478146293629 -0.070000168779436892 18.407908271991452 -0.032791685209332337 0.27895765299337733
decision_type=2 2 2 2 2 8 2 2 2 10 2 2 2 2
left_child=-1 2 3 4 5 -2 -7 8 -8 -9 -11 12 -12 -14
right_child=1 -3 -4 -5 -6 6 7 9 -10 10 11 -13 13 -15
leaf_value=-0.00029511089431312227 0.0017375887299064217 0.00061717311192616272 -0.00080933382993439895 0.0012871434637677724 9.4244727472702426e-05 0.0037685569876330185 -0.00075688650643865882 -0.00027049565842704172 -0.00093450974141887685 0.001274275618782882 -0.00094355671944869454 0.0017449947607673954 0.00033006229193468769 -0.0010355203288751307
leaf_weight=14039006.840711236 418564.23974609375 1018818.9289550781 487134.3955078125 488536.125 494730.72888183594 787401.94854736328 529823.48779296875 582802.76953125 297344.36108398438 1170814.8743896484 304803.50964355469 372748.13696289062 2102667.0676269531 415890.69116210938
leaf_count=31528 142 334 160 167 93 317 230 229 59 373 92 70 730 112
internal_value=0.000372462 0.00110021 0.000871328 0.00105695 0.000841525 0.000672052 0.000497779 0.000247124 -0.00240702 0.000690669 0.000977685 0.000413202 -2.95148e-05 0.000378199
internal_weight=2.35111e+07 9.47208e+06 8.45326e+06 7.96613e+06 7.47759e+06 6.98286e+06 6.5643e+06 5.77689e+06 827168 4.94973e+06 4.36692e+06 3.19611e+06 2.82336e+06 2.51856e+06
internal_count=34636 3108 2774 2614 2447 2354 2212 1895 289 1606 1377 1004 934 842
is_linear=0
shrinkage=0.05


Tree=198
num_leaves=15
num_cat=1
split_feature=7 11 14 19 19 7 7 24 4 0 15 29 15 19
split_gain=1904.09 1596.48 2182.66 1473.8 1281.03 1121.23 878.659 1335.91 775.278 1119.31 677.274 669.731 1235.39 1024.73
threshold=16.39377301661273 0.061171045982236501 1.6838557647090264 0.01031223928624665 -0.015584734230140198 16.293698930881778 16.109296304012165 1.3895382628829653 16.283999875186893 16.152874941917947 18.491211600811145 0 14.64514666431573 0.034215370636019864
decision_type=2 2 10 2 2 2 2 10 2 2 2 1 2 2
left_child=5 3 -3 4 -2 6 8 -8 9 11 -5 13 -13 -1
right_child=1 2 -4 10 -6 -7 7 -9 -10 -11 -12 12 -14 -15
leaf_value=0.00091978857336069654 0.00020777276670390398 0.00022039250645011603 -0.00025101095498590695 0.00071059452016775972 -0.00012217710078714995 -0.00059121304678651189 -0.00034682671966427002 0.003086901137317312 -0.0036434621594192808 0.0066363584600828756 0.00013697822009837638 0.0067189795552718831 -0.00095417250751967341 -0.0011651836756665422
leaf_weight=8177666.690309763 836161.86181640625 749895.21337890625 600309.4658203125 564938.76684570312 838656.99340820312 460451.61401367188 350050.66333007812 551004.78076171875 163089.8955078125 215771.69458007812 526604.88061523438 394216.38239192963 7329811.0414801836 1671498.8714669943
leaf_count=13373 173 139 118 119 169 130 106 167 56 76 99 3098 14094 2712
internal_value=0.000308931 0.00128524 -0.00012417 0.00197315 0.00104146 0.000100835 0.000160372 0.00168397 8.38996e-05 0.000115361 0.0034027 7.14129e-05 -0.000277143 0.000344761
internal_weight=2.34301e+07 4.11657e+06 1.3502e+06 2.76636e+06 1.67482e+06 1.93136e+07 1.88531e+07 901055 1.79521e+07 1.7789e+07 1.09154e+06 1.75732e+07 7.72403e+06 9.84917e+06
internal_count=34629 817 257 560 342 33812 33682 273 33409 33353 218 33277 17192 16085
cat_boundaries=0 1
cat_threshold=69
is_linear=0
shrinkage=0.05


Tree=199
num_leaves=15
num_cat=0
split_feature=3 25 16 24 8 2 10 0 8 24 7 24 9 4
split_gain=1759.36 2069.25 1751.68 962.364 1433.2 1282.11 1384.93 1049.5 1081.76 981.178 1162.92 2233.04 875.936 1089.85
threshold=16.690778174436563 0.25000000000000011 18.36763154562799 7.9624243260001153 0.52769748341270406 16.395876229078294 0.051858354433619906 16.03763924788834 0.16368538215422643 0.80042292159832307 15.637623508097588 2.6826072617621555 0.66592440534453423 14.053653326201793
decision_type=2 2 2 10 2 2 2 2 2 8 2 10 2 2
left_child=3 2 -2 5 -5 7 -7 9 -9 12 -11 -12 -1 -14
right_child=1 -3 -4 4 -6 6 -8 8 -10 10 11 -13 13 -15
leaf_value=0.0012859220545694645 -9.883008539467099e-05 0.00065841530832557718 0.00010275114787102075 0.0066278718812913771 -0.0067613134995810498 -2.3049230392658316e-05 -0.001251591135088048 -0.00019699176929265585 0.0026514978533588602 -0.00014986034660079538 -0.0033865546558182269 7.4489091612388599e-05 -0.0020331867713535741 -0.032473633697933102
leaf_weight=2554535.9608421326 831986.79052734375 1494247.0915527344 953756.51318359375 919340.0250992775 656698.13737463951 455539.1875 460426.83056640625 437484.5439453125 670870.71740722656 12473043.537469745 354911.15405273438 326951.82836914062 803084.60922193527 56179.910522460938
leaf_count=3162 168 281 164 1152 1779 114 124 131 211 23695 125 114 3301 48
internal_value=0.000272904 0.00134687 0.000198079 9.82506e-05 0.00128453 -2.30475e-06 -0.0018263 9.22085e-05 0.00158178 -7.43544e-06 -0.000203444 -0.0022141 0.000747873 -0.000633082
internal_weight=2.34491e+07 3.27999e+06 1.78574e+06 2.01691e+07 1.57604e+06 1.8593e+07 915966 1.76771e+07 1.10836e+06 1.65687e+07 1.31549e+07 681863 3.4138e+06 859265
internal_count=34569 613 332 33956 2931 31025 238 30787 342 30445 23934 239 6511 3349
is_linear=0
shrinkage=0.05


Tree=200
num_leaves=15
num_cat=0
split_feature=9 19 22 19 15 24 24 22 18 22 7 16 3 22
split_gain=1667.85 1671.29 1753.38 1286.34 898.626 1593.95 2751.48 1841.27 1805.88 1364.65 1287.27 1766.77 1255.95 962.421
threshold=0.14407582608325048 0.00029145502070358038 19.585498256664632 -0.015250994280609949 19.247516825326425 4.6221149401245762 5.0672077605370811 18.784044453584031 0.99991832796946301 17.427159595342317 17.115974588496943 18.407908271991452 16.3974896391274 16.186696316812878
decision_type=2 2 2 2 2 8 8 2 10 2 2 2 2 2
left_child=1 2 3 -1 10 13 -7 8 -8 -10 11 -2 -13 -6
right_child=4 -3 -4 -5 5 6 7 -9 9 -11 -12 12 -14 -15
leaf_value=0.00010281162915086074 -3.7495494886600957e-05 0.00071949703356764295 0.00011214752286635489 -0.00035622002004627234 0.00057700482680272979 -0.015057315942545335 0.006055232065504337 -0.01854247059048774 -0.0007988353245357079 -0.045665590537063101 -9.4369891253427726e-05 0.00037420242249931908 0.0023374070814935768 0.0026718904426592102
leaf_weight=625283.21323394775 14150411.814590096 940463.76188659668 248538.75158691406 380445.36541748047 1731069.4836349487 127815.49504089355 715156.36026000977 93720.830207824707 806526.6629447937 165488.56163024902 623859.5224609375 459486.47958374023 288122.98461914062 1935202.6866760254
leaf_count=269 27149 462 70 184 2168 149 528 144 1331 192 103 374 64 1327
internal_value=0.000281971 0.00159377 0.000399008 -0.000530322 0.000145503 0.000690007 -0.000481725 2.68516e-05 0.000405772 -0.000997359 -5.00663e-05 4.31114e-05 0.00241199 0.00130003
internal_weight=2.32916e+07 2.19473e+06 1.25427e+06 1.00573e+06 2.10969e+07 5.57498e+06 1.90871e+06 1.78089e+06 1.68717e+06 972015 1.55219e+07 1.4898e+07 747609 3.66627e+06
internal_count=34514 985 523 453 33529 5839 2344 2195 2051 1523 27690 27587 438 3495
is_linear=0
shrinkage=0.05


Tree=201
num_leaves=15
num_cat=0
split_feature=25 2 2 18 20 20 11 2 23 7 0 19 6 25
split_gain=1034.39 1683.88 993.489 2451.3 821.726 887.562 2301.28 3378.66 1781.5 1823.83 1445.45 1949.51 2133.34 1269.2
threshold=-0.93301270189221919 15.802459769609863 17.165595607188539 0.37401513140501497 -0.065599494673786576 -0.017565873385491444 -0.070000168779436892 15.553725433719146 6.2742497690081001 14.018312434570285 13.206897620634777 -0.042555712315249843 14.440854144261182 1.0000000180025095e-35
decision_type=2 2 2 8 8 8 2 2 10 2 2 2 2 2
left_child=1 -1 4 -4 -2 6 -6 8 -8 -10 -7 12 -12 -13
right_child=2 -3 3 -5 5 10 7 -9 9 -11 11 13 -14 -15
leaf_value=0.00091824177208750144 0.0035999184743681664 0.0014859437563721979 -0.00014829075786814523 0.00010567358535676244 0.0013823748860644271 -0.0020998328195917862 0.00018103746659236093 -0.0011120442322089432 7.8835883151898861e-05 -0.0453223594201069 0.012183151956354613 2.1218723437932273e-05 -0.0020593558780753734 0.0011665366994830259
leaf_weight=1442888.6128137112 438479.8529753685 534635.82739257812 672506.08349609375 635306.98779296875 966178.88817727566 5832133.9976801872 812331.30504131317 433434.81335449219 64551.946529388428 66359.357421875 162275.56866455078 4815246.2945861816 399814.03796386719 5849452.5032653809
leaf_count=2795 666 129 120 93 1522 20513 1381 116 193 44 171 3011 167 3517
internal_value=0.000142939 0.00123649 4.06827e-05 -0.00129412 0.000128669 8.02948e-05 -0.000832245 -0.00214503 -0.000465934 -0.00587883 0.000205622 0.00053735 -0.00233262 0.000688614
internal_weight=2.31256e+07 1.97752e+06 2.11481e+07 1.30781e+06 1.98403e+07 1.94018e+07 2.34286e+06 1.37668e+06 943243 130911 1.70589e+07 1.12268e+07 562090 1.06647e+07
internal_count=34438 2924 31514 213 31301 30635 3256 1734 1618 237 27379 6866 338 6528
is_linear=0
shrinkage=0.05


Tree=202
num_leaves=15
num_cat=0
split_feature=16 26 21 9 15 18 7 18 23 15 15 2 15 5
split_gain=738.325 1616.8 1622.21 1382.75 1790.1 2402.61 1313.99 2171.9 1341.51 996.062 2265.35 1548.03 1459.27 943.097
threshold=18.114578210008297 -0.9330127018922193 10.583531120727168 0.29002137798542671 19.261483453064301 0.27269474564116902 16.293698930881778 0.77546786253635869 2.6039781056343654 17.078457952410592 16.78864029174326 14.876673487829445 15.845635085955449 13.106022269218842
decision_type=2 2 10 2 2 10 2 10 10 2 2 2 2 2
left_child=6 -2 -3 4 5 9 13 8 -8 10 11 12 -4 -1
right_child=1 2 3 -5 -6 -7 7 -9 -10 -11 -12 -13 -14 -15
leaf_value=-0.0032229917653866613 -0.0011184303997176547 0.00063936915729050374 0.0012745371562585834 0.0021869073214278788 0.00039695598095662978 -0.00017651133392868393 -0.00013876892278103043 0.00025262314248973095 -0.00064544344551824837 0.00032841158276269728 -0.0031476370906766021 0.0012607051878362201 -0.0088394802130133277 0.00053282049892056863
leaf_weight=6403142.9090611935 405072.66624450684 581287.00451660156 110502.27507019043 820108.4599609375 504747.47021484375 764841.611328125 435075.5849609375 576329.037109375 492516.93408203125 711239.65197753906 272178.640625 184026.16491699219 69363.573364257812 10984343.219818115
leaf_count=24430 150 223 199 449 77 132 102 144 114 205 117 62 59 8062
internal_value=9.11554e-05 0.000672634 0.00097614 0.00056299 1.56224e-06 -0.000637715 -4.49962e-05 -0.00146287 -0.00296061 0.000632863 -0.000804725 0.0017759 -0.00152277 7.76425e-05
internal_weight=2.33148e+07 4.42337e+06 4.01829e+06 3.43701e+06 2.6169e+06 2.11215e+06 1.88914e+07 1.50392e+06 927593 1.34731e+06 636071 363892 179866 1.73875e+07
internal_count=34525 1673 1523 1300 851 774 32852 360 216 642 437 320 258 32492
is_linear=0
shrinkage=0.05


Tree=203
num_leaves=15
num_cat=0
split_feature=16 7 1 3 24 10 16 1 25 10 6 1 2 16
split_gain=1079.38 1020.77 3174.91 1736.93 1031.06 2007.21 3295.37 2866.03 1787.06 1440.56 1656.61 1574.8 3969.1 1282.58
threshold=18.650510177953056 17.376805783880858 17.423965936235351 17.445700346247609 0.80042292159832307 0.063754421242180961 18.472836192843562 16.272388657055533 0.68301270189221941 0.026820908930745551 14.356633635441016 17.156634566241113 16.272388657055533 16.289781015192947
decision_type=2 2 2 2 8 2 2 2 2 2 2 2 2 2
left_child=1 2 3 4 9 6 -6 8 13 10 -1 12 -11 -7
right_child=-2 -3 -4 -5 5 7 -8 -9 -10 11 -12 -13 -14 -15
leaf_value=0.00059812115611123534 -0.00010921981381855806 0.00011900155429945393 -0.0042911024923484092 -0.00054861953988511239 -0.00013743403375396577 0.00068218654159867833 -0.0033452909918059793 0.0022336890678527899 0.0048511384696454905 0.00015663405201160122 0.00082142166369177842 0.0016390928025239303 -0.0030762681610438454 -0.0023291817354511211
leaf_weight=1277664.3369851112 322737.44567871094 739494.02294921875 73229.095703125 67187.56298828125 11009797.809008598 3249571.9057348967 171100.5771484375 876610.12646484375 1117916.4738678932 1588980.8380031586 1461234.7044677734 133600.74658203125 329038.50561523438 942020.66809272766
leaf_count=3314 117 105 13 12 16651 7002 98 227 2365 2905 526 25 82 1016
internal_value=6.54248e-05 0.000105653 4.50414e-05 7.92887e-05 0.000103629 -7.5506e-05 -0.000475335 0.000647152 0.000209854 0.000753045 0.00150347 -0.000248762 -0.000614368 -0.000263873
internal_weight=2.33602e+07 2.30374e+07 2.2298e+07 2.22247e+07 2.21575e+07 1.7367e+07 1.11809e+07 6.18612e+06 5.30951e+06 4.79052e+06 2.7389e+06 2.05162e+06 1.91802e+06 4.19159e+06
internal_count=34458 34341 34236 34223 34211 27359 16749 10610 10383 6852 3840 3012 2987 8018
is_linear=0
shrinkage=0.05


Tree=204
num_leaves=15
num_cat=1
split_feature=15 19 1 16 2 21 4 15 24 25 9 3 8 29
split_gain=1110.92 2231.23 2910.2 2503.04 1660.16 1361.93 2533.77 1125.67 1219.77 948.052 1183.93 2379.3 1227.75 1411.69
threshold=19.250863594461013 -0.024565255806190598 15.92279794700919 14.197338018149594 17.4270168375546 7.8178869819202257 13.464423698855954 19.360877792805137 1.9156176504468603 -0.93301270189221919 0.29668629036742261 16.041732990297305 0.27660404883642425 0
decision_type=2 2 2 2 2 8 2 2 8 2 2 2 2 1
left_child=4 2 -2 5 9 6 -3 -5 -9 -1 12 -12 -11 -14
right_child=1 3 -4 7 -6 -7 -8 8 -10 10 11 -13 13 -15
leaf_value=0.0017116284446350646 0.00083120329945310281 -0.039553267468979247 -0.00061418135278027385 0.0027555587661054798 -0.00030964400313681587 0.0020148587042929738 -0.57102898749125863 -0.00036279406623116768 0.0010638339370134663 -7.5416427327616107e-05 4.6208891929713974e-05 0.0028597899266406285 5.2188984029179388e-07 -0.0047169030579165046
leaf_weight=1405004.318862915 1312940.3213272095 168521.61739349365 545642.326171875 1929295.5839233398 444605.318359375 1299353.0396842957 54262.762481689453 233918.46984863281 647736.12005615234 5012941.690662384 8915086.4122797251 767493.64697265625 243045.64521026611 435750.99086761475
leaf_count=2390 1596 394 127 901 69 2368 57 102 299 3769 21547 195 159 516
internal_value=0.000150782 0.000725192 -0.000724069 0.00134682 -5.57067e-05 -0.000286252 -0.0038982 0.00223113 0.000751002 2.41993e-05 -8.94168e-05 0.000246988 -0.000661696 -0.00265732
internal_weight=2.34156e+07 6.19167e+06 1.85858e+06 4.33309e+06 1.72239e+07 1.52214e+06 222784 2.81095e+06 881655 1.67793e+07 1.53743e+07 9.68258e+06 5.69174e+06 678797
internal_count=34489 5844 1723 4121 28645 2819 451 1302 401 28576 26186 21742 4444 675
cat_boundaries=0 1
cat_threshold=56
is_linear=0
shrinkage=0.05


Tree=205
num_leaves=15
num_cat=1
split_feature=17 15 24 7 16 24 28 7 2 0 16 7 4 14
split_gain=1225.83 4867 2796.36 2694.04 2182.75 2007.79 1466.05 1075.45 1266.59 1158.49 1052.97 1411.04 1211.79 1105.27
threshold=0.31408482136343246 18.179828606340042 1.9434536580973651 16.805898420640069 18.407908271991452 0.36516383443875106 0 17.376805783880858 17.165595607188539 17.156634566241113 18.114578210008297 16.293698930881778 17.019152678527846 2.4495170593992293
decision_type=2 2 10 2 2 10 1 2 2 2 2 2 2 10
left_child=4 2 5 6 7 -2 -4 8 9 10 12 13 -1 -12
right_child=1 -3 3 -5 -6 -7 -8 -9 -10 -11 11 -13 -14 -15
leaf_value=0.00012648981522162241 -0.00014072685531312887 -0.00026042894576385248 -0.002208584799316239 -0.00046315340972027588 0.0013751076285304174 0.0012403269680577125 0.00137151353513787 -0.00080101834759314103 0.00059501701261188667 -0.0035051430285522739 0.00036195171423734706 0.00052908630793229827 -0.0078984230719379104 -0.0036693944896956164
leaf_weight=17965715.34365356 391177.35595703125 300259.0791015625 206294.49493408203 305356.6044921875 1080560.5584411621 788955.19378662109 356400.31091308594 336178.20166015625 242091.42724609375 104250.40380859375 563982.33090209961 358431.98168945312 58456.21630859375 177122.0340423584
leaf_count=32373 123 52 117 63 488 276 170 46 45 20 408 78 13 177
internal_value=0.000174494 -0.00090858 -3.70663e-05 -0.00219121 0.000296271 0.00154742 -0.000139259 0.000176884 0.000225297 0.000180046 0.000208701 0.00171085 0.000117065 0.000465198
internal_weight=2.32352e+07 2.34844e+06 2.04818e+06 868051 2.08868e+07 1.18013e+06 562695 1.98062e+07 1.947e+07 1.9228e+07 1.91237e+07 1.09954e+06 1.80242e+07 741104
internal_count=34449 801 749 350 33648 399 287 33160 33114 33069 33049 663 32386 585
cat_boundaries=0 1
cat_threshold=140
is_linear=0
shrinkage=0.05


Tree=206
num_leaves=15
num_cat=0
split_feature=16 23 16 7 20 11 14 14 8 24 25 5 3 11
split_gain=1144.7 2272.74 2417.84 2131.33 2603.19 2782.98 1873.32 2640.14 2473.25 1817.87 1576.09 1287.27 1083.69 2025.47
threshold=18.114578210008297 3.5502198050944007 18.314726746826736 16.293698930881778 -0.0042176546751504984 0.11180057633168511 1.5238669723298408 1.6956826436250614 0.10396346776495162 1.6185599954412302 0.25000000000000011 16.440364546327579 15.203240784805905 -0.23889539934963802
decision_type=2 10 2 2 8 2 10 10 2 10 2 2 2 2
left_child=3 2 -2 12 -5 -6 -4 -8 -9 10 -10 -11 -1 -14
right_child=1 -3 6 4 5 -7 7 8 9 11 -12 -13 13 -15
leaf_value=-6.5210589998475213e-05 0.0010493667295201521 -0.0004633769589215151 -0.003279468513793838 0.00055340466577081561 -0.00078397959722982893 -2.2729977865337009e-05 0.00080005921636141218 -0.00034877450824898635 -0.00085968944824415172 -0.00012655276430204382 0.0012688029714864072 0.0024501741361140474 -0.001185467644007134 0.0014056940781922332
leaf_weight=14582131.333764672 1418744.5149993896 402763.32421875 296073.54010009766 464650.89306640625 600858.0625 435621.18798828125 639887.46160888672 246860.25123596191 563930.93212890625 231820.71343994141 332215.72972106934 304924.08935546875 314716.58416748047 2555887.1239013672
leaf_count=31294 541 154 180 107 144 108 129 95 203 179 117 63 136 1040
internal_value=0.000151554 0.000874462 0.001232 -1.76834e-05 -0.00182556 -0.00321967 0.000330536 0.000808583 -0.000232542 0.000563802 -0.000814485 0.00286498 0.000137814 0.00102582
internal_weight=2.33911e+07 4.43722e+06 4.03446e+06 1.89539e+07 1.50113e+06 1.03648e+06 2.61571e+06 2.31964e+06 1.67975e+06 1.43289e+06 896147 536745 1.74527e+07 2.8706e+06
internal_count=34490 1661 1507 32829 359 252 966 786 657 562 320 242 32470 1176
is_linear=0
shrinkage=0.05


Tree=207
num_leaves=15
num_cat=0
split_feature=17 10 17 7 16 22 8 3 16 25 18 24 23 21
split_gain=1159.19 1610.55 1148.9 3126.75 2585.01 2257.32 2716.81 1554.95 1470.82 2308.98 2444.48 1525.16 1372.73 1268.49
threshold=0.44081722901546433 0.03602567610895676 0.24497248980684103 17.115974588496943 18.114578210008297 18.658842747333861 0.30550411218978107 16.690778174436563 17.150215940223493 -0.5 0.076578205313238265 2.4443359843414556 1.6180047367891852 10.915910710730113
decision_type=2 2 2 2 2 2 2 2 2 2 10 10 10 10
left_child=2 -2 4 5 8 6 -4 -7 -1 10 -10 -11 -6 -14
right_child=1 -3 3 -5 12 7 -8 -9 9 11 -12 -13 13 -15
leaf_value=0.0002409605340505744 0.0010990183637516657 -0.00026164980749274555 -0.0012754666851762001 -0.00030010030381293442 0.0010354474751738537 -0.00023096597678203394 0.0039705334408279705 0.00063494693027603074 0.0010814437764926298 0.001401391675866018 -0.00627393197159694 -0.00068658890559924882 -0.00036938486447031169 0.00035316247373785788
leaf_weight=17129113.567931294 627254.95330810547 324874.26959228516 430236.06652832031 405200.2666015625 777261.60966491699 400430.49047851562 263599.33685302734 688448.6220703125 117669.39347076416 307158.92608642578 196112.02185058594 123150.00752258301 559257.85479736328 1059750.4784240723
leaf_count=31639 260 152 162 67 347 137 176 141 205 308 76 82 258 534
internal_value=0.000282101 0.00199087 0.000209654 -0.000878867 0.00032715 2.2279e-05 -0.0022066 0.00144253 0.0001204 -0.00205582 -0.00531752 0.000322607 0.00186925 0.00104006
internal_weight=2.34095e+07 952129 2.24574e+07 2.18791e+06 2.02695e+07 1.78271e+06 693835 1.08888e+06 1.78732e+07 744090 313781 430309 2.39627e+06 1.61901e+06
internal_count=34544 412 34132 683 33449 616 338 278 32310 671 281 390 1139 792
is_linear=0
shrinkage=0.05


Tree=208
num_leaves=15
num_cat=0
split_feature=8 9 22 14 19 9 19 2 5 19 25 0 9 20
split_gain=1186.54 4408.1 5186.21 1639.18 907.697 1902.45 1528.75 2280 1379.96 1168.01 1322.52 1152.6 1131.48 1268.46
threshold=0.064852118826147817 0.14967138442708725 18.66055157771083 1.5995415049211423 0.0041528008782671507 0.14407582608325048 0.034215370636019864 17.165595607188539 14.097413330795289 0.040781185357162006 0.25000000000000011 15.467382582974407 0.40953654163587716 -0.0080898029629855994
decision_type=2 2 2 10 2 2 2 2 2 2 2 2 2 10
left_child=1 3 -3 -1 -2 -6 8 9 -7 -8 -11 -12 13 -10
right_child=4 2 -4 -5 5 6 7 -9 12 10 11 -13 -14 -15
leaf_value=0.0011086160240548479 -1.816319582549321e-05 -0.0085610140596864195 -0.0035886589307943455 -5.1059349848470845e-05 0.00037077111567621784 0.00028221923229596307 -0.0055300301801851862 -0.00011738893204915167 -0.00044183460873154922 -0.00049365480286968604 0.0032891672184302712 0.0035297908685452718 0.0091980969636900854 0.00097126004747567947
leaf_weight=125392.08123779297 13565396.303361773 54802.660224795341 51677.453209638596 129669.84588623047 721605.55746459961 2519709.0311272144 614395.59918749332 131959.62158203125 563341.68609619141 1875437.0137342215 703886.61678195 220504.41027832031 743116.90447998047 1370760.1784057617
leaf_count=174 19895 153 66 46 305 7065 1029 20 257 3043 1480 65 430 563
internal_value=0.000198851 -0.00264331 -0.0111882 0.000923894 0.000243469 0.000619267 0.000415615 -0.00038477 0.000961766 -0.000135522 0.000297696 0.00184555 0.0017522 0.00111505
internal_weight=2.33917e+07 361542 106480 255062 2.30301e+07 9.46472e+06 8.74311e+06 3.54618e+06 5.19693e+06 3.41422e+06 2.79983e+06 924391 2.67722e+06 1.9341e+06
internal_count=34591 439 219 220 34152 14257 13952 5637 8315 5617 4588 1545 1250 820
is_linear=0
shrinkage=0.05


Tree=209
num_leaves=15
num_cat=1
split_feature=8 19 11 3 4 24 20 3 22 20 12 9 28 7
split_gain=1215.78 2226.71 2687.9 2051.8 1774.95 1620.97 1117.22 1093.84 880.744 801.498 770.867 975.24 793.862 2160.63
threshold=0.10994347008993212 1.0000000180025095e-35 -0.09545175456844919 16.850451675266942 16.701148858548322 1.5894288049463752 -0.00085447462900219986 15.804550983324974 21.068462403521643 0.044958077363770707 7.5000000000000009 5.9067517031441037 0 17.115974588496943
decision_type=2 2 2 2 2 10 8 2 2 10 2 2 1 2
left_child=1 2 3 6 5 -4 -1 9 10 -3 -2 12 13 -12
right_child=8 7 4 -5 -6 -7 -8 -9 -10 -11 11 -13 -14 -15
leaf_value=0.0042190680029897632 0.0095770752359749089 0.0023630839671149747 0.00035554294267545281 -0.0014233118188047515 0.00080359015503256911 -0.0047758003702054793 -0.0033007025962899714 0.00094241849184337862 0.0045338153437239816 -0.0048375357159165435 -0.00018851394314688293 -0.056461352239380549 9.4146056017619867e-05 -0.00073257038240128435
leaf_weight=47643.010056495667 307206.63235223293 179632.16774260998 116417.74078941345 88016.61767578125 429198.00415039062 196608.21595430374 49460.316750764847 674403.69970703125 138980.07760620117 63556.284004211426 4919180.339861393 78751.687744140625 16020309.109909058 114428.673828125
leaf_count=44 2653 346 99 16 80 198 159 136 145 62 8287 150 22114 20
internal_value=0.000182521 0.00141447 -0.000313418 -0.00570352 0.00103094 -0.00183214 -0.00069193 0.00316072 7.71928e-05 0.000285905 5.14743e-05 1.53261e-05 3.60997e-05 -0.000511636
internal_weight=2.34238e+07 1.84494e+06 927344 185120 742224 313026 97103.3 917592 2.15789e+07 243188 2.14399e+07 2.11327e+07 2.10539e+07 5.03361e+06
internal_count=34509 1140 596 219 377 297 203 544 33369 408 33224 30571 30421 8307
cat_boundaries=0 1
cat_threshold=180
is_linear=0
shrinkage=0.05


Tree=210
num_leaves=15
num_cat=1
split_feature=15 2 11 23 22 24 29 4 19 7 11 21 11 11
split_gain=987.391 5069.62 1801.25 3605.95 1458.51 1138.16 1854.49 1340.37 2091.6 2133.12 2801.25 2167.49 2141.93 1822.48
threshold=19.247516825326425 17.165595607188539 0.68775895724936131 4.1370218690183416 18.523966482831309 1.1394161556931202 0 14.953516001606376 -0.029986948250196144 15.497417197683715 0.11979208635499011 10.480130275481486 -0.18331798320561082 -0.029507131948196947
decision_type=2 2 2 10 2 10 1 2 2 2 2 10 2 2
left_child=1 5 4 -4 -2 6 -1 -7 -9 12 11 -11 -10 -14
right_child=2 -3 3 -5 -6 7 -8 8 9 10 -12 -13 13 -15
leaf_value=-0.0018101011667655256 0.00057465677861269168 -0.00014142968332565609 0.01230021948434303 -0.036331703706265026 0.0011007532829139112 0.00034784163237522444 0.00050539819924002932 -0.0031986863528135653 0.002596446428938803 -0.0010781098730433031 0.0069950124287141719 0.00018949447749567414 -0.0075419575928771208 -0.0015695474915787605
leaf_weight=1373418.7756724358 5122658.2915115356 896229.7490234375 121556.10076904297 75711.115272521973 1159675.6481552124 7414158.8724837303 3817132.0638976097 433971.79272460938 266639.36907958984 542747.08935546875 361501.31469726562 1007889.6142578125 269410.90051269531 543918.60595703125
leaf_count=3219 5301 152 192 108 514 18665 5198 157 156 167 99 258 144 282
internal_value=8.09306e-05 -0.000119992 0.000605812 -0.00409872 0.000753536 8.4605e-05 0.00069345 -0.000206924 -0.00102481 -0.000554322 0.000448988 -0.000475042 -0.00233073 -0.00360569
internal_weight=2.34066e+07 1.6927e+07 6.4796e+06 197267 6.28233e+06 1.60308e+07 5.19055e+06 1.08402e+07 3.42608e+06 2.99211e+06 1.91214e+06 1.55064e+06 1.07997e+06 813330
internal_count=34612 28497 6115 300 5815 28345 8417 19928 1263 1106 524 425 582 426
cat_boundaries=0 1
cat_threshold=66
is_linear=0
shrinkage=0.05


Tree=211
num_leaves=15
num_cat=0
split_feature=19 3 8 1 6 1 15 8 0 5 21 16 19 24
split_gain=1308.4 2640.53 1718.92 1633.2 3477.92 1606.24 1349.04 1018.45 1158.67 1048.45 733.814 851.021 689.922 1645.28
threshold=0.022226864345365301 17.006344156415725 0.14137066746495244 17.423965936235351 17.356241645943843 17.156634566241113 19.393848674083568 0.14863880570699337 15.802459769609863 15.80993700773832 7.1157407444515224 13.946091096677362 0.01031223928624665 -0.13554048001705246
decision_type=2 2 2 2 2 2 2 2 2 2 8 2 2 10
left_child=3 2 -2 4 5 12 7 -4 9 10 11 -9 -1 -14
right_child=1 -3 6 -5 -6 -7 -8 8 -10 -11 -12 -13 13 -15
leaf_value=0.00013102921951301701 0.00082149155671191868 -0.00034464035500321509 -0.00096288674041338776 9.3300845766682469e-05 -0.0013716220912386829 0.00062872504001436217 -0.0095589510120913032 -0.017253844084036952 0.0008622725135140366 -0.017272560496049041 -0.0003586952602752584 -0.14786291039326921 -0.0090142338566069815 0.0019673568242432925
leaf_weight=13515641.704572797 562300.67779576778 586959.03857421875 123837.0442276001 634908.1162109375 124930.06884765625 391030.30419921875 136003.71662139893 54635.568869948387 711602.91687011719 52668.173095703125 4044562.6104832888 43220.656935691833 259057.36355876923 2201908.9045364857
leaf_count=21132 472 99 75 93 20 74 153 188 203 17 8023 70 454 3456
internal_value=0.000241118 -0.000374008 -4.67637e-05 0.000467948 0.00037215 0.000435585 -0.00033249 -0.000199643 -8.66208e-05 -0.00040307 -0.00031394 -0.0045923 0.000358095 0.0011281
internal_weight=2.34433e+07 6.31579e+06 5.72883e+06 1.71275e+07 1.64926e+07 1.63676e+07 5.16653e+06 5.03053e+06 4.90669e+06 4.19509e+06 4.14242e+06 97856.2 1.59766e+07 2.46097e+06
internal_count=34529 9300 9201 25229 25136 25116 8729 8576 8501 8298 8281 258 25042 3910
is_linear=0
shrinkage=0.05


Tree=212
num_leaves=15
num_cat=0
split_feature=9 0 20 10 14 0 21 7 4 16 23 1 27 21
split_gain=1108.68 2252.54 1713.74 1599.42 1570.07 1329.21 983.056 2483.61 2168.67 1866.62 3767.05 1782.62 1264.9 1119.99
threshold=0.13827813384070328 17.419860989426706 0.027696085225571553 0.051858354433619906 1.6413411368289612 17.419860989426706 10.887190336892145 17.376805783880858 17.181523356598721 18.472836192843562 2.5228400253385952 13.961767076934715 10.500000000000002 10.603241363941821
decision_type=2 2 8 2 10 2 8 2 2 2 10 2 2 10
left_child=1 2 3 4 -1 6 7 8 12 11 -11 -8 13 -2
right_child=5 -3 -4 -5 -6 -7 9 -9 -10 10 -12 -13 -14 -15
leaf_value=0.00098539109590037983 1.6975144231007555e-05 0.00018184136334602698 0.00056424852053355457 -0.00028971846589845773 -0.00027886981348271468 -6.1920012791144246e-05 -0.00024070002291015006 -0.0058467016301856998 0.00068944099951027916 -0.0034284236899428757 0.0044619325073915594 0.0012717886216973941 0.0013620440516594291 -0.00064293383032924551
leaf_weight=337711.48788452148 11081945.1437186 345781.380859375 499527.11450195312 239855.50221252441 467326.04983520508 549958.22021484375 1214718.3527355194 66261.5947265625 217852.65185546875 203547.18515014648 212553.36218261719 1671503.1318969727 2690040.3989508152 3777010.9713435173
leaf_count=120 19617 49 364 90 239 82 3373 10 42 100 128 777 4494 5000
internal_value=0.000190799 0.00135217 0.000535457 -0.000616148 0.000451631 8.95686e-05 0.000152714 5.97371e-06 4.20087e-05 0.000945138 -0.00218565 0.0013965 -1.95397e-05 -0.000200156
internal_weight=2.35756e+07 1.8902e+06 1.54442e+06 1.04489e+06 805038 2.16854e+07 2.11354e+07 1.78331e+07 1.77668e+07 3.30232e+06 416101 2.88622e+06 1.7549e+07 1.4859e+07
internal_count=34485 862 813 449 359 33623 33541 29163 29153 4378 228 4150 29111 24617
is_linear=0
shrinkage=0.05


Tree=213
num_leaves=15
num_cat=0
split_feature=7 3 1 2 25 7 6 9 9 17 8 8 20 9
split_gain=1427.83 4591.5 2032.35 1061.55 4467.03 1062.43 1197.69 793.633 1025.93 2558.77 1363.52 2305.16 1463.05 1204.9
threshold=17.376805783880858 17.445700346247609 17.423965936235351 16.842637334131179 -0.5 16.98736325551755 16.803986779003264 0.14407582608325048 0.18387354076970366 0.24497248980684103 0.11522875168704111 0.13724328153741419 -0.034144990921820197 0.16989039898214703
decision_type=2 2 2 2 2 2 2 2 2 2 2 2 10 2
left_child=1 2 3 5 -5 6 7 -1 9 10 -9 -12 -13 -14
right_child=-2 -3 -4 4 -6 -7 -8 8 -10 -11 11 12 13 -15
leaf_value=0.00042320908658889075 0.00011098869499853877 -0.0005510838808996069 -0.00014525422686915488 -0.00022879957557314754 0.0003672829152187592 0.00020488047443685157 -0.00094820257838274132 0.00055001900271939763 0.0002291404103258374 -0.0013895715499226916 -0.015978393189906025 0.0055304534575332971 0.00078070342522611419 -0.0012763536984268936
leaf_weight=878999.05661010742 912348.681640625 89631.90771484375 95629.013671875 555599.9619140625 1093038.3330078125 112122.62841796875 238239.66650390625 203320.0853805542 18098777.040524125 204629.85369873047 173167.75441741943 161629.76335144043 289469.3295211792 208183.42543792725
leaf_count=726 132 16 17 112 220 22 53 179 32221 73 135 174 224 165
internal_value=0.000246288 0.000167324 0.000212693 0.000244 0.00146477 0.000146151 0.000119547 0.000161077 9.42912e-05 -0.00129679 -0.000287407 -0.00118397 0.000164494 -0.00117784
internal_weight=2.33148e+07 2.24024e+07 2.23128e+07 2.22172e+07 1.64864e+06 2.05685e+07 2.04564e+07 2.02182e+07 1.93392e+07 1.2404e+06 1.03577e+06 832450 659283 497653
internal_count=34469 34337 34321 34304 332 33972 33950 33897 33171 950 877 698 563 389
is_linear=0
shrinkage=0.05


Tree=214
num_leaves=15
num_cat=1
split_feature=16 9 3 16 9 0 3 2 1 2 20 4 29 8
split_gain=1264.17 2763.8 2321.37 1884.33 1653.55 2601.63 1646.07 2643.15 1865.34 1728.34 919.62 3176.13 1690.82 1295.5
threshold=18.407908271991452 0.27949460387174296 17.006344156415725 18.314726746826736 0.20355798802146721 16.395876229078294 17.445700346247609 17.165595607188539 17.156634566241113 16.842637334131179 0.05203257581059121 16.283999875186893 0 0.18850960025037897
decision_type=2 2 2 2 2 2 2 2 2 2 10 2 1 2
left_child=3 -2 -3 6 -5 -6 7 8 9 10 -1 12 13 -12
right_child=1 2 -4 4 5 -7 -8 -9 -10 -11 11 -13 -14 -15
leaf_value=0.00033122300329323359 0.0007021449554091121 0.0016362040802553948 -0.00030016639088283731 -0.00064990370720112911 -0.0061690152395585543 0.00027198951761033923 0.00087469341366219137 -0.00021412406792589058 -0.00028535849884983643 0.00053354996282704837 -0.013351114711333309 -0.011521869905069825 0.00049638890069696271 -0.0098419175307546698
leaf_weight=18399339.144742608 1196920.9733886719 270190.0283203125 198231.873046875 596355.8621673584 211808.77825927734 232285.28002929688 181192.98876953125 232604.3994140625 125886.66015625 608083.18530273438 55094.761337280273 76033.773193359375 460398.08865308762 403712.73017549515
leaf_count=31670 367 203 33 179 167 44 26 44 24 129 59 20 525 908
internal_value=0.000252677 0.00158001 -0.001676 0.000150258 -0.00192566 0.000384192 0.000255402 0.00021318 0.000274419 0.000312604 0.000230307 -0.00125007 -0.0004377 -0.00258582
internal_weight=2.32481e+07 1.66534e+06 468422 2.15828e+07 1.04045e+06 444094 2.05423e+07 2.03612e+07 2.01285e+07 2.00027e+07 1.93946e+07 995239 919206 458807
internal_count=34398 603 236 33795 390 211 33405 33379 33335 33311 33182 1512 1492 967
cat_boundaries=0 1
cat_threshold=70
is_linear=0
shrinkage=0.05


Tree=215
num_leaves=15
num_cat=0
split_feature=9 8 16 23 20 14 20 4 23 25 9 10 1 2
split_gain=1478.99 2108.65 2797.44 1119.87 2462.24 2004.72 1341.56 812.636 884.271 790.172 1138.49 2319.58 3685.3 3426.55
threshold=0.13056622037921709 0.064852118826147817 18.36763154562799 3.3697958812695457 0.016988435916322903 1.6156902530320585 0.011366177416779403 14.907408996081463 2.0007089153292004 -0.93301270189221919 0.26062656832843351 -0.033155664309178996 17.156634566241113 16.684754232979486
decision_type=2 2 2 10 8 10 10 2 10 2 2 2 2 2
left_child=3 2 7 5 -5 -1 -7 8 -2 -3 11 12 -11 -13
right_child=1 9 -4 4 -6 6 -8 -9 -10 10 -12 13 -14 -15
leaf_value=0.0011477729519216327 -0.021322372873683174 0.0018432324789779142 -0.0035218973000438743 -0.0013048901002270033 0.0040404639862343609 -0.000219191059503899 0.00013139020747371049 0.00012290330108218617 0.0094672644292387326 -0.0002775680591800644 0.00044506517608394324 -0.0002952770100917982 -0.0036951991687110804 0.0012425309941268025
leaf_weight=549116.37921142578 17890.371689319611 1796719.1369240284 67312.984375 147612.66139221191 93592.627197265625 371680.00408935547 316227.10740661621 44381.695434570312 19681.17094874382 2057629.5304832458 14583151.10016799 2114347.3011627197 212324.40625 819196.99072265625
leaf_count=166 60 2831 12 75 176 175 95 13 144 1392 27348 1832 31 157
internal_value=0.000241943 0.00013785 -0.00578451 0.0017723 -0.00134429 0.00238 0.000581644 0.000418977 -0.0049924 0.000178808 8.76432e-05 -0.000547287 -0.00174738 0.000381335
internal_weight=2.32109e+07 2.17326e+07 149266 1.47823e+06 241205 1.23702e+06 687907 81953.2 37571.5 2.15834e+07 1.97866e+07 5.2035e+06 2.26995e+06 2.93354e+06
internal_count=34507 33820 229 687 251 436 270 217 204 33591 30760 3412 1423 1989
is_linear=0
shrinkage=0.05


Tree=216
num_leaves=15
num_cat=1
split_feature=9 25 23 26 14 11 28 2 23 5 2 7 2 0
split_gain=1700.6 1741.07 1692.01 1541.41 1262.05 1015.05 813.485 1553.2 1583.24 1182.57 1681.63 1199.65 1122.35 2211.15
threshold=0.14407582608325048 -0.6830127018922193 1.3301870585578202 0.25000000000000017 1.6413411368289612 -0.026447842179487095 0 17.4270168375546 -8.828509700084318 17.131665029836004 16.996524025785622 16.98736325551755 16.395876229078294 15.924256278800728
decision_type=2 2 10 2 10 2 1 2 10 2 2 2 2 2
left_child=1 4 -3 5 -1 -4 -2 8 -8 10 11 12 13 -10
right_child=6 2 3 -5 -6 -7 7 -9 9 -11 -12 -13 -14 -15
leaf_value=0.00050671691266853823 0.00016116853967732789 0.0011019357741956588 -0.00047898920187861748 0.0002934649949326229 -0.00074652044229057274 0.00079923490901241559 -0.086127379292300549 -0.010351239605563315 -0.00048869638555983422 0.011311164015470172 -0.0019742028020374625 0.0073991825172575664 -0.00095185475470425983 0.0009688426199531817
leaf_weight=261763.74342346191 15023236.770087004 518438.6491394043 220595.54455566406 463240.58450317383 291217.53506469727 356151.49855041504 71247.477219581604 64238.46533203125 4804802.8252210617 105814.08544921875 143665.46752929688 108811.95263671875 452050.28955078125 472796.11254882812
leaf_count=106 22167 180 170 231 131 137 189 11 10830 21 30 21 115 141
internal_value=0.000208124 0.00156148 0.00241675 0.00125353 -0.000848869 -0.000471616 7.36331e-05 -0.000407058 -0.00032639 -0.000239668 -0.000332349 -0.000200846 -0.000299616 -9.48081e-05
internal_weight=2.33581e+07 2.11141e+06 1.55843e+06 1.03999e+06 552981 576747 2.12467e+07 6.22343e+06 6.15919e+06 6.08794e+06 5.98213e+06 5.83846e+06 5.72965e+06 5.2776e+06
internal_count=34480 955 718 538 237 307 33525 11358 11347 11158 11137 11107 11086 10971
cat_boundaries=0 1
cat_threshold=835
is_linear=0
shrinkage=0.05


Tree=217
num_leaves=15
num_cat=0
split_feature=3 1 25 16 4 4 24 23 15 24 0 18 24 10
split_gain=1504.48 3141.69 801.328 2025.19 1583.65 1481.8 4471.73 1935.46 1359.41 1367.21 1695.33 1688.86 1734.06 2088.9
threshold=17.445700346247609 17.423965936235351 0.25000000000000011 18.213483320293424 15.937568612521352 16.410410087137191 2.6579006910763554 1.8842839142952352 19.393848674083568 5.0917406202086264 14.062157545637962 0.34298014506208535 4.5218846838804909 -0.024014385761135147
decision_type=2 2 2 2 2 2 10 10 2 10 2 10 10 2
left_child=1 2 5 8 -5 -1 7 -7 9 11 -11 -4 13 -13
right_child=-2 -3 3 4 -6 6 -8 -9 -10 10 -12 12 -14 -15
leaf_value=2.1507373731769374e-05 0.00017334774278421604 -0.0007412432978536836 0.00085646293947732363 -0.00021310889162146226 0.0020343146454478646 -0.00015867344355998899 -0.0010013711611792952 0.00016648199467616365 -0.024672474083259285 0.00072589420091264214 0.0054529262885591526 -0.0015823015597730067 -0.014136527035598832 0.0008228467275390749
leaf_weight=11159275.163865089 859045.16162109375 219425.65966796875 3374871.1749778986 307777.91604614258 739668.79321289062 671612.8837890625 474345.33154296875 718904.70947265625 72476.287208557129 875268.7462927103 630608.27661132812 1637541.9431562424 133489.77135467529 1618513.2090454102
leaf_count=19610 125 37 7280 306 168 146 117 155 78 2656 302 1808 161 1717
internal_value=0.000101338 2.33868e-05 8.16714e-05 0.000433757 0.00250607 -0.000172178 -0.0014768 -4.67757e-05 0.000173576 0.000233325 0.00159586 -6.99993e-05 -0.000858333 -0.000629346
internal_weight=2.34928e+07 2.26338e+07 2.24144e+07 9.39022e+06 1.04745e+06 1.30241e+07 1.86486e+06 1.39052e+06 8.34277e+06 8.27029e+06 1.50588e+06 6.76442e+06 3.38954e+06 3.25606e+06
internal_count=34666 34541 34504 14476 474 20028 418 301 14002 13924 2958 10966 3686 3525
is_linear=0
shrinkage=0.05


Tree=218
num_leaves=15
num_cat=0
split_feature=8 14 19 9 17 15 3 4 2 18 21 2 4 1
split_gain=1238.57 1811.65 1089.14 2775.35 1771.26 1488.93 1358.97 1346.57 1340.26 1168.46 1138.63 2147.33 1555.33 2464.67
threshold=0.079084972427515068 1.5238669723298408 -0.014024481491092899 0.11263565210970426 0.12005163561103827 19.250863594461013 16.850451675266942 16.554399131064109 17.165595607188539 0.26118470085058776 10.949198539433239 17.165595607188539 16.860170040119087 16.684754232979486
decision_type=2 8 2 2 2 2 2 2 2 10 8 2 2 2
left_child=1 -1 3 -2 6 8 7 -4 9 -6 11 12 13 -5
right_child=2 -3 4 10 5 -7 -8 -9 -10 -11 -12 -13 -14 -15
leaf_value=-0.0051769471039609105 -0.00016098990140538366 0.00038081092362163385 0.0001800376891281278 -0.000216290799955873 6.4233001214856239e-05 0.0035070458742711935 -0.0033383380894603113 0.00052675317279189573 -0.00012707881003390457 0.0019434609243653687 0.00033905337046890921 -0.00010118941800988599 0.00051032108843475029 -0.0084961422954387602
leaf_weight=148312.36504161358 231009.16854858398 606561.10223138332 10265070.920826197 6729135.6686477661 1533098.2586364746 271501.34033203125 166029.12060546875 323796.771484375 619623.330078125 982819.96765136719 1145965.2407541275 156031.529296875 300915.357421875 114648.591796875
leaf_count=165 76 413 19631 11265 865 43 36 83 105 373 1337 28 60 27
internal_value=0.000249964 0.00224262 0.000184105 -0.000256984 0.000454382 0.00144787 0.000139654 0.000210033 0.0011403 0.00165331 -0.000109108 -0.000339105 -0.000212383 -0.000367073
internal_weight=2.35945e+07 754873 2.28396e+07 8.67771e+06 1.41619e+07 3.40704e+06 1.07549e+07 1.05889e+07 3.13554e+06 2.51592e+06 8.4467e+06 7.30073e+06 7.1447e+06 6.84378e+06
internal_count=34507 578 33929 12793 21136 1386 19750 19714 1343 1238 12717 11380 11352 11292
is_linear=0
shrinkage=0.05


Tree=219
num_leaves=15
num_cat=0
split_feature=19 0 0 11 23 11 23 10 22 24 10 10 25 23
split_gain=811.107 2518.35 1582.55 2265.59 2845.86 2507.97 1799.37 1611.03 1476.87 1340.01 1285.09 1253 1253.84 1245.06
threshold=-0.035489958220306199 16.272741767951768 15.140196249094553 0.20612924574132216 2.6039781056343654 0.061171045982236501 6.034614423542136 -0.049526114149462445 18.015356146246784 0.32498050864751504 -0.18836902308916406 -0.090596926117772286 0.25000000000000011 1.6675682832131702
decision_type=2 2 2 2 10 2 10 2 2 10 2 2 2 10
left_child=1 -1 -2 4 9 6 7 -6 -5 -4 -11 -12 13 -13
right_child=2 -3 3 8 5 -7 -8 -9 -10 10 11 12 -14 -15
leaf_value=0.00022221720396104736 -4.3706665253630156e-05 -0.00073429889257863479 0.00053288077167975916 0.0011718623168425139 -0.00037024847697704569 -0.00037331038435842444 -0.00082190679840761613 0.0011577567276039402 0.0041769862408341345 0.0010317018314338054 -0.00019642720993088628 -0.00050263199904595948 0.0012777897164871245 0.00051996944555499265
leaf_weight=2274888.1004536152 13306118.962184787 575574.52905273438 486151.47467041016 645989.9345703125 393399.84265136719 655598.71105957031 336251.28491210938 738780.78637695312 583315.36932373047 467701.08813476562 507733.57751464844 802910.56457519531 798554.90673828125 905766.14990234375
leaf_count=4128 28126 124 142 258 117 198 95 256 182 112 138 235 224 226
internal_value=0.000184351 -0.000606228 0.000293595 0.000883964 0.000488906 -0.000988217 0.000159785 0.00111363 0.00284201 0.00127943 0.000936173 0.000557883 0.00101658 0.000252186
internal_weight=2.34787e+07 2.85046e+06 2.06283e+07 7.32215e+06 6.09285e+06 2.12403e+06 1.46843e+06 1.13218e+06 1.22931e+06 3.96882e+06 3.48267e+06 3.01497e+06 2.50723e+06 1.70868e+06
internal_count=34561 4252 30309 2183 1743 666 468 373 440 1077 935 823 685 461
is_linear=0
shrinkage=0.05


Tree=220
num_leaves=15
num_cat=0
split_feature=17 10 21 8 11 4 1 21 15 15 0 9 5 15
split_gain=1085.31 3042.13 2679.02 4594.28 3232.25 1888.25 1671.03 1527.77 1466.22 3954.58 1874.28 1447.58 1335.33 1316.2
threshold=0.24497248980684103 -0.18836902308916406 10.609716491129488 0.17100216458663789 0.075648506650049172 16.860170040119087 16.684754232979486 10.83135179505072 19.255681931610429 19.247516825326425 15.802459769609863 0.29668629036742261 17.382494435338344 16.860951492516261
decision_type=2 2 10 2 2 2 2 10 2 2 2 2 2 2
left_child=7 6 4 -4 5 13 -2 -1 9 12 11 -10 -9 -3
right_child=1 2 3 -5 -6 -7 -8 8 10 -11 -12 -13 -14 -15
leaf_value=5.8077363793970325e-06 3.1760486479519199e-05 0.0012470098686616781 -0.00016991102497974434 -0.00075208964024138546 -0.0048173310476167476 0.0007258181303815256 8.0771824459199753e-05 0.00017188015497755695 -0.0070772317346361139 -0.00074385038934818835 0.0012729075835922127 0.0068235152357680592 0.0056521228588748687 -0.00071944003770290461
leaf_weight=16014351.649482131 457492.90130615234 325068.63659667969 568569.51666259766 439249.45867919922 445739.57977294922 270343.4228515625 291267.61181640625 2870314.4802246094 106106.69213867188 88632.729385375977 776153.7431640625 384136.06958770752 178444.8271484375 347856.19213867188
leaf_count=27866 240 210 128 116 198 55 51 4832 79 51 154 517 27 96
internal_value=0.000122238 -0.000742296 -0.00161138 -0.00357384 -0.000187482 0.00147055 0.00203969 0.000255426 0.00108019 0.000500556 0.0025162 9.58935e-05 0.000803227 5.26159e-05
internal_weight=2.35637e+07 3.14559e+06 2.39683e+06 1.00782e+06 1.38901e+06 943268 748761 2.04181e+07 4.40379e+06 3.13739e+06 1.2664e+06 490243 3.04876e+06 672925
internal_count=34620 1094 803 244 559 361 291 33526 5660 4910 750 596 4859 306
is_linear=0
shrinkage=0.05


Tree=221
num_leaves=15
num_cat=1
split_feature=7 1 8 1 0 3 6 26 11 28 0 14 9 22
split_gain=1637.27 2041.39 1234.76 1561.25 1878.02 945.932 1788.58 733.255 1268.42 722.499 1498.16 1355.89 2170.51 1198.88
threshold=17.376805783880858 17.423965936235351 0.079084972427515068 16.995067760631983 16.993748182993098 17.171183635107628 16.964547881697367 -0.24999999999999997 -0.070000168779436892 0 16.395876229078294 2.0525569131549912 0.51028472330015739 21.051425057064606
decision_type=2 2 2 2 2 2 2 2 2 1 2 10 2 2
left_child=1 2 7 4 5 6 9 8 -1 10 11 13 -13 -4
right_child=-2 -3 3 -5 -6 -7 -8 -9 -10 -11 -12 12 -14 -15
leaf_value=5.8307356193052466e-05 2.3866273452342223e-05 -0.0021513877759488358 5.8473699012450659e-05 -0.00010292951441774072 0.00076535416253129982 0.0051868711896114299 -0.0039005360648274243 0.0014655690551104036 -0.0044313279793900548 0.00016594781746838647 -0.0015496861996786837 -0.019024691186214047 -0.0010152023612532083 -0.063955297613720249
leaf_weight=92320.267388343811 930345.9794921875 124556.744140625 1052753.0944476128 935259.45239257812 289296.51391601562 99713.794921875 78281.82080078125 370713.58763480186 94404.639644145966 19073790.524976254 118954.44702148438 26432.306339263916 35544.323046684265 52506.532592773438
leaf_count=117 134 22 2136 183 60 20 16 364 85 31041 31 64 173 130
internal_value=0.000217613 0.000132417 0.000168038 0.000108519 0.000198262 0.000141912 0.00011821 0.00249169 -6.34669e-05 0.000147213 -0.000999788 -0.000455034 -0.00765152 -5.14961e-05
internal_weight=2.33749e+07 2.24445e+07 2.232e+07 2.17625e+07 2.08273e+07 2.0538e+07 2.04383e+07 557438 186725 2.036e+07 1.28619e+06 1.16724e+06 61976.6 1.10526e+06
internal_count=34576 34442 34420 33854 33671 33611 33591 566 202 33575 2534 2503 237 2266
cat_boundaries=0 1
cat_threshold=136
is_linear=0
shrinkage=0.05


Tree=222
num_leaves=15
num_cat=0
split_feature=5 10 11 19 11 25 19 1 3 4 24 18 23 23
split_gain=1288.4 1410.73 1980.22 1078.05 2241.89 1729.78 2186.18 2141.9 2204.67 2038.02 1315.93 1272.52 1768.04 2155.23
threshold=13.992223143421745 0.23271075789843998 -0.36833761214363653 0.0041528008782671507 -0.12235937657627534 0.68301270189221941 -0.0083378322809124477 15.92279794700919 16.3974896391274 16.554399131064109 0.046305856448976758 0.29784986915237166 -0.66096064410260891 3.5502198050944007
decision_type=2 2 2 2 2 2 2 2 2 2 10 10 8 10
left_child=-1 2 -2 5 -5 7 9 10 -9 -7 -4 12 -6 -14
right_child=1 -3 3 4 11 6 -8 8 -10 -11 -12 -13 13 -15
leaf_value=-0.00065583638726904065 -0.0039672281376789426 0.0031172403195327721 0.0037978228091532771 0.0020355648586781361 -0.0014615216926601711 0.0007965636388874794 -0.00083493958755375222 -0.0025171850085977826 -4.9668598805231609e-05 0.0020872121732277474 0.000173703772231875 0.00020747990721557653 0.00026742427915608631 -0.0031818353353606217
leaf_weight=9781229.8129945993 602654.73004150391 1667984.3029174805 260545.52905273438 1083444.5311279297 216213.39849853516 1070219.9083862305 567384.06719970703 566105.27001953125 1484137.5871582031 478777.92065429688 2227682.5085449219 2241333.0572509766 774585.11486816406 256614.77252197266
leaf_count=28371 340 1002 156 454 91 554 231 172 299 92 1309 876 329 155
internal_value=0.000266917 0.000583569 0.000391626 0.000541505 0.00113261 0.00013539 0.00131586 -0.000415086 -0.00161171 0.00228845 0.000570903 0.00051561 -0.000764405 9.7542e-05
internal_weight=2.32789e+07 1.34977e+07 1.18297e+07 1.1227e+07 4.57219e+06 6.65485e+06 2.11638e+06 4.53847e+06 2.05024e+06 1.549e+06 2.48823e+06 3.48875e+06 1.24741e+06 1.0312e+06
internal_count=34431 6060 5058 4718 1905 2813 877 1936 471 646 1465 1451 575 484
is_linear=0
shrinkage=0.05


Tree=223
num_leaves=15
num_cat=2
split_feature=22 5 28 25 18 24 10 6 0 28 9 25 26 22
split_gain=1407.7 5523.72 2218.12 1839.51 1781.15 1416.66 1720.33 2798.97 2011.26 1602.93 1784.51 2427.2 1853.16 1660.67
threshold=19.577528614108676 17.382494435338344 0 -0.6830127018922193 0.22107087948092077 0.80042292159832307 0.057715428966110559 16.09600000920798 17.156634566241113 1 0.28262551853150103 0.68301270189221941 -0.24999999999999997 17.906568142820003
decision_type=2 2 1 2 10 8 2 2 2 1 2 2 2 2
left_child=1 5 -2 -4 -5 -1 8 -8 9 10 11 12 -7 -12
right_child=2 -3 3 4 -6 6 7 -9 -10 -11 13 -13 -14 -15
leaf_value=0.00032196737942554073 0.0013962933941061538 -0.0012110064751948658 -0.0012913064123306675 -0.0021996831479552817 0.00017186673664536473 -0.003525260577896764 0.00071925568080957183 0.0017798490909739185 -0.0031064944398147393 -5.3382845043347504e-05 0.0034608184888943365 -0.0063014776698524406 0.00051982806412319662 -0.015272204353648242
leaf_weight=4697261.3564596176 2345659.5524291992 117797.8203125 236601.16217803955 380765.85981559753 307917.6435546875 191789.50760650635 4985548.2789121866 606814.90942382812 122942.48095703125 7794003.8823753595 736400.27357673645 173654.16041564941 234085.87641525269 505441.94320905209
leaf_count=6781 1213 19 181 460 56 141 10100 166 21 12153 2080 125 173 911
internal_value=0.000224319 6.82541e-05 0.00118648 -0.000886624 0.000420086 0.000131687 -0.000100815 0.000598385 -0.000501518 -0.000420434 -0.00174722 -0.00398743 -0.00195592 -0.000665721
internal_weight=2.34367e+07 2.01657e+07 3.27094e+06 925285 688684 2.00479e+07 1.53507e+07 5.59236e+06 9.75832e+06 9.63538e+06 1.84137e+06 599530 425875 1.24184e+06
internal_count=34580 32670 1910 697 516 32651 25870 10266 15604 15583 3430 439 314 2991
cat_boundaries=0 1 2
cat_threshold=357 96
is_linear=0
shrinkage=0.05


Tree=224
num_leaves=15
num_cat=0
split_feature=9 9 14 1 4 15 11 7 23 7 6 27 2 22
split_gain=1143.22 1603.16 1082.41 1945.26 2302.84 1768 3283.53 2622.59 1725.45 2434.17 1521.99 1404.66 2675.41 1365.47
threshold=0.099641508914028162 0.11263565210970426 2.1460133213896366 16.532859834196291 17.019152678527846 18.145971631732113 -0.022939798456089646 14.797759784107527 0.84312269806514462 17.376805783880858 13.39999018191687 9.5000000000000018 15.666534854658034 15.734421347539966
decision_type=2 2 10 2 2 2 2 2 10 2 2 2 2 2
left_child=-1 -2 8 4 5 -4 7 -7 10 -10 -3 13 -13 -12
right_child=1 2 3 -5 -6 6 -8 -9 9 -11 11 12 -14 -15
leaf_value=0.00029481722863320954 -0.00024652709604258211 -0.0028040508790155754 0.00095930922329665589 0.00023025608587438223 -0.00071764540788700763 -0.0074479272381289307 0.00088752471646207131 -0.0062185757097263901 -8.9530444042117087e-05 -0.00064606211006208768 -0.00057656542158604398 0.0058584698090368885 -0.0029805947093724788 0.0024492090069775374
leaf_weight=485429.91004943848 367696.33467102051 1213435.9333763123 3636392.1358141899 1541246.9428710938 44595.2177734375 225058.10703468323 501581.7721824646 201167.9560546875 12269407.104721546 451670.87255859375 300906.45660400391 387459.57189941406 201369.41491699219 1565985.6062011719
leaf_count=293 140 3177 10108 308 10 532 728 93 17560 62 229 302 55 915
internal_value=0.00022062 0.000169739 0.000223162 0.000788801 0.000274565 0.000385041 -0.00156317 -0.00478989 1.09198e-05 -0.000264598 0.00096615 0.00168198 -0.000447289 0.00235357
internal_weight=2.33934e+07 2.2908e+07 2.25403e+07 6.15004e+06 4.6088e+06 4.5642e+06 927808 426226 1.63902e+07 1.27211e+07 3.66916e+06 2.45572e+06 588829 1.86689e+06
internal_count=34512 34219 34079 11779 11471 11461 1353 625 22300 17622 4678 1501 357 1144
is_linear=0
shrinkage=0.05


Tree=225
num_leaves=15
num_cat=0
split_feature=21 21 15 15 9 21 8 11 11 17 11 7 4 20
split_gain=1340.72 1355.12 2202.53 1106.07 2051.06 3935.57 3112.19 1167.81 2889.67 2089.51 1078.26 979.709 979.616 1115.11
threshold=10.822352375188466 10.64927198777376 19.393848674083568 19.272704281253588 0.17453154080605807 11.085195289202607 0.13255708096274924 -0.11052986724660478 -0.081390816143468145 0.061807040985669207 0.22614567688386258 14.33058679986442 15.209778070787939 0.030979115423930954
decision_type=10 8 2 2 2 10 2 2 2 2 2 2 2 8
left_child=1 -1 12 4 5 6 -2 -6 -9 -10 11 -5 -3 -14
right_child=3 2 -4 10 7 -7 -8 8 9 -11 -12 -13 13 -15
leaf_value=0.00014105415141445109 0.0012011169422226468 -8.4359221496478002e-05 -0.0031536184819208122 -0.00019834881424035122 0.0020867087961558509 -0.0030101322646864203 -0.00051482814204042906 -0.0027237660608479333 -0.00042111757484031314 0.00040842883054047435 -0.00066991078997493574 0.0013235021125121871 -0.0021328580774558474 4.4998082873971828e-06
leaf_weight=15170587.432270408 292242.5986328125 2064773.4777140617 143908.49719238281 221063.77320861816 1284423.3991405964 184526.22462463379 196855.18759155273 214811.0092010498 1174950.3771574497 783858.48226928711 194548.84879302979 795351.93395996094 370996.56274414062 254874.35595703125
leaf_count=24725 149 3553 91 330 1914 132 112 196 2443 290 168 207 151 100
internal_value=0.000302724 9.63314e-05 -0.000907173 0.000998287 0.000608805 -0.00191527 0.000432176 0.00110049 0.00039417 0.000997889 0.00232715 0.0029799 -0.00058484 -0.0023177
internal_weight=2.33478e+07 1.80051e+07 2.83455e+06 5.34263e+06 4.13167e+06 673624 489098 3.45804e+06 2.17362e+06 1.95881e+06 1.21096e+06 1.01642e+06 2.69064e+06 625871
internal_count=34561 28620 3895 5941 5236 393 261 4843 2929 2733 705 537 3804 251
is_linear=0
shrinkage=0.05


Tree=226
num_leaves=15
num_cat=1
split_feature=9 8 4 20 25 14 9 25 4 6 29 1 4 0
split_gain=1365.22 3187.52 4994.91 2250.77 1973.72 1169.49 1026.66 2030.02 5746.16 2395.45 1618.46 4158.11 2528.99 1459.17
threshold=0.13827813384070328 0.064852118826147817 16.554399131064109 0.013096199608154701 1.0000000180025095e-35 1.6156902530320585 0.25705177322892886 0.93301270189221952 16.283999875186893 17.356241645943843 0 16.995067760631983 17.019152678527846 16.03763924788834
decision_type=2 2 2 8 2 8 2 2 2 2 1 2 2 2
left_child=3 2 -2 4 -1 -6 7 9 -9 10 12 -12 -3 -8
right_child=1 6 -4 -5 5 -7 13 8 -10 -11 11 -13 -14 -15
leaf_value=-0.00011842093458279038 0.00027052896004098998 -0.00013240332952530156 -0.0032027739514619599 0.00070078801351790992 0.0021589494271368136 -7.914394449382463e-06 0.00034549583694380373 0.00016562307543215469 -0.0027954914092091806 0.0014657206989476567 -0.00053245423721898905 -0.0048847577596547965 0.00020465469233527504 0.00033246379849172832
leaf_weight=606419.36750793457 67687.567410588264 2803775.753944397 67581.896728515625 612544.31761169434 302825.27868652344 280898.0979309082 14599768.808482885 280893.01567077637 150618.31127929688 335646.9873046875 1267014.1270771027 171801.80444335938 332959.02709960938 1589916.5485839844
leaf_count=202 222 2110 11 402 68 149 29569 265 31 48 988 32 66 402
internal_value=0.000153508 4.35146e-05 -0.00760781 0.00147558 0.000208093 0.00228347 9.15813e-05 -0.00050942 -0.00379746 -0.000220523 -0.000519605 -0.00190807 0.000117286 0.000289916
internal_weight=2.34704e+07 2.16677e+07 135269 1.80269e+06 1.19014e+06 583723 2.15324e+07 5.34271e+06 431511 4.9112e+06 4.57555e+06 1.43882e+06 3.13673e+06 1.61897e+07
internal_count=34565 33744 233 821 419 217 33511 3540 296 3244 3196 1020 2176 29971
cat_boundaries=0 1
cat_threshold=5
is_linear=0
shrinkage=0.05


Tree=227
num_leaves=15
num_cat=1
split_feature=25 14 7 7 6 22 9 17 28 21 17 20 19 14
split_gain=1314.07 2108.1 3433.73 1869.01 1834 1408.5 3053.32 1398.18 1219.72 2343.91 1155.18 1436.49 3749.18 1385.87
threshold=1.0000000180025095e-35 1.5533272473917241 16.39377301661273 17.115974588496943 16.803986779003264 21.063481265874838 0.31823383458751148 0.24497248980684103 0 10.597509584741148 0.095675110188606319 0.012158174755690051 -0.010786498609322749 1.5437069834013577
decision_type=2 8 2 2 2 2 2 2 1 10 2 8 2 10
left_child=3 4 7 5 -2 10 -7 8 -3 -10 13 -12 -13 -1
right_child=1 2 -4 -5 -6 6 -8 -9 9 -11 11 12 -14 -15
leaf_value=0.00037731018358488292 0.0001516630830321414 0.0024494670334155063 0.00028728125720657463 -0.00013026328092902547 -0.0024744946612237635 -0.00532608720445997 0.001457728550474321 -0.00079210516483302958 -0.0034931825767818905 0.0013399785861269511 0.00059944435145892541 -0.0041655538331454613 0.00033081382875870024 -0.0014672740455474735
leaf_weight=5250296.7855573893 6177850.6160476208 1727405.7152402401 1562284.6071777344 854729.3857421875 320771.201171875 114939.50579833984 156006.24075889587 263329.99536132812 767896.20088362694 1091568.9315080643 1229370.8027954102 260627.57015991211 620387.97723388672 3004919.4744092226
leaf_count=7976 8837 4918 309 137 53 54 175 96 1943 1388 563 131 329 7645
internal_value=0.000171487 0.000539495 0.00126837 -0.000209966 -6.75591e-05 -2.92048e-05 -0.00358801 0.000466148 0.000724316 -0.000164369 6.38186e-05 0.00110777 -0.000433185 -0.00020306
internal_weight=2.34024e+07 1.19111e+07 5.41249e+06 1.14913e+07 6.49862e+06 1.06365e+07 270946 3.8502e+06 3.58687e+06 1.85947e+06 1.03656e+07 2.11039e+06 881016 8.25522e+06
internal_count=34554 17544 8654 17010 8890 16873 229 8345 8249 3331 16644 1023 460 15621
cat_boundaries=0 1
cat_threshold=577
is_linear=0
shrinkage=0.05


Tree=228
num_leaves=15
num_cat=1
split_feature=3 26 29 22 1 24 9 5 25 14 25 8 14 19
split_gain=1369.65 2981.88 3493.59 1726.71 1566.63 1312.12 1533.55 2191.97 1261.67 2183.54 1370.65 1070.39 954.545 905.84
threshold=14.89165024877475 0.93301270189221952 0 18.658842747333861 16.995067760631983 2.6761558945178754 0.13056622037921709 16.440364546327579 0.25000000000000011 2.3864374454103636 -0.5 0.50144210879414153 1.3651085897081752 0.0076312335699731011
decision_type=2 2 1 2 2 8 2 2 2 8 2 2 10 2
left_child=-1 3 -3 4 5 6 -2 11 9 10 -5 12 -8 -10
right_child=1 2 -4 8 -6 -7 7 -9 13 -11 -12 -13 -14 -15
leaf_value=1.7096566844290551e-05 0.00045774244033411332 9.0517409244489236e-05 -0.0026094158977236041 0.0011228172515444735 -0.00014747760903609532 0.0013041039779121844 -0.003032236477599658 -0.00050247783321174687 0.00045336197404033022 -0.0010684101445234918 -0.00065310528172056372 0.0090000202258414385 0.00017520150865662685 0.0027075184415114731
leaf_weight=14035465.326378822 284731.67565917969 359371.95751953125 360456.04748535156 876958.84106445312 370571.8701171875 1930621.7510375977 345696.78002929688 392394.166015625 965891.80187988281 408306.0537109375 438865.31262207031 257256.06994628906 1732559.5560302734 493832.19848632812
leaf_count=31424 85 120 114 217 71 771 161 94 238 90 99 130 724 125
internal_value=0.000324639 0.000798162 -0.00229174 0.0010599 0.000508204 0.000743264 9.1149e-05 -0.00027331 0.00198069 0.00106485 0.00205605 0.000307644 -6.89583e-05 0.00306241
internal_weight=2.3253e+07 9.21751e+06 719828 8.49769e+06 5.31383e+06 4.94326e+06 3.01264e+06 2.72791e+06 3.18385e+06 1.72413e+06 1.31582e+06 2.33551e+06 2.07826e+06 1.45972e+06
internal_count=34463 3039 234 2805 2036 1965 1194 1109 769 406 316 1015 885 363
cat_boundaries=0 1
cat_threshold=3
is_linear=0
shrinkage=0.05


Tree=229
num_leaves=15
num_cat=0
split_feature=3 14 9 23 20 24 24 11 10 8 23 23 11 15
split_gain=2630.63 1712.68 1870.48 2117.41 2375.79 2775.03 1847.65 1513.27 1431.38 1427.74 1561.17 2762.73 1378.87 1347.98
threshold=14.89165024877475 1.4478720133079912 0.29002137798542671 2.7865340521339403 0.0043912355071254504 1.9434536580973651 1.3895382628829653 0.0064020624786324505 0.0087459878308173023 0.18538194333684188 4.0128480070401906 1.3966166207412101 -0.10687412552496318 18.145971631732113
decision_type=2 10 2 8 8 10 10 2 2 2 10 8 2 2
left_child=-1 9 3 6 5 -5 7 13 -9 -2 11 -11 -13 -3
right_child=1 2 -4 4 -6 -7 -8 8 -10 10 -12 12 -14 -15
leaf_value=-3.9189176371848191e-05 -0.00086758447795524734 0.00011792252878678552 0.0025778743208535564 0.00031178063933050715 0.00023683440862461234 -0.00072989464496196613 0.00033815155527894134 0.00047678949543654713 -0.00018936127058472569 0.0053257969351303324 0.0045852038653851719 0.00030071994307923788 -0.0067221411764264161 -0.00064156728079802362
leaf_weight=13950025.033944011 541182.751953125 594632.44995117188 1995704.9398193359 372132.88427734375 457726.96118164062 540964.27685546875 1552795.2764892578 422555.40600585938 441432.35620117188 451477.751953125 740378.71362304688 263365.63232421875 503198.71655273438 427842.64086914062
leaf_count=31453 184 170 717 128 154 130 434 107 107 195 318 116 208 95
internal_value=0.000414398 0.00106551 0.0014766 0.00094268 -0.000718961 -0.00219273 0.00160498 0.000553548 0.0020941 -5.37802e-05 0.000574392 -0.00052623 -0.00235371 -0.000748214
internal_weight=2.32554e+07 9.30539e+06 6.80579e+06 4.81008e+06 1.37082e+06 913097 3.43926e+06 1.88646e+06 863988 2.4996e+06 1.95842e+06 1.21804e+06 766564 1.02248e+06
internal_count=34516 3063 2042 1325 412 258 913 479 214 1021 837 519 324 265
is_linear=0
shrinkage=0.05


Tree=230
num_leaves=15
num_cat=0
split_feature=9 2 1 4 6 1 14 1 7 20 0 10 1 22
split_gain=1419.67 3726.07 1693.69 2309.05 1470.61 1433.5 1610.05 1268.71 1624.64 1268.16 1511.31 1307.82 1847.59 1732.19
threshold=0.22149683170429854 17.165595607188539 16.532859834196291 16.701148858548322 16.605552301010523 16.995067760631983 1.5744415257333089 16.395026300101303 15.413491738038497 0.015125594916739203 16.395876229078294 0.086090403615409969 16.150297738002418 17.759590116637096
decision_type=2 2 2 2 2 2 8 2 2 8 2 2 2 2
left_child=4 2 3 7 9 -6 -7 8 -2 10 11 12 -1 -13
right_child=1 -3 -4 -5 5 6 -8 -9 -10 -11 -12 13 -14 -15
leaf_value=-6.5093848979669031e-05 0.00013639994116799458 -0.00057085475548365641 0.0005475876983652223 -0.0022028824452177786 0.00035863180432046558 0.00040295806379314538 -2.9380868910981676e-05 -0.0028621604265819996 0.001254589091098525 0.00030501699809425782 -0.0018890172486033122 0.00017530075962844313 0.0023083463772882551 -0.0036351942150730297
leaf_weight=1098418.6831855774 14387595.056748271 393915.14697265625 852504.62231445312 177141.59619140625 917328.16870117188 587558.2216796875 1013877.3862304688 155622.55517578125 1886344.7814941406 1435804.9091339111 170908.79956054688 144759.75803375244 198105.8759765625 134288.30499267578
leaf_count=972 30554 69 198 46 199 85 185 46 678 1357 46 128 57 105
internal_value=0.000335351 0.000115995 0.000224494 0.000112916 0.00102228 0.00192492 0.00102214 0.000174136 0.000217102 0.000307838 -0.000597171 -0.000112745 0.000555558 -0.00321784
internal_weight=2.35542e+07 1.78531e+07 1.74592e+07 1.66067e+07 5.70105e+06 2.51876e+06 1.60144e+06 1.64296e+07 1.62739e+07 3.18229e+06 1.74648e+06 1.57557e+06 1.29652e+06 279048
internal_count=34725 31591 31522 31324 3134 469 270 31278 31232 2665 1308 1262 1029 233
is_linear=0
shrinkage=0.05


Tree=231
num_leaves=15
num_cat=2
split_feature=2 25 23 14 10 3 11 0 4 26 28 30 23 21
split_gain=1674.86 3262.59 3860.75 1784.43 1676.37 1452.71 1146.51 640.437 1073.26 1747.66 1073.96 810.087 1250.61 774.747
threshold=16.533265774342059 -0.24999999999999997 2.6039781056343654 1.7253518187772425 -0.024014385761135147 16.536937448267057 -0.029507131948196947 13.29455939264597 13.258194159720896 -0.5 0 1 1.1516567307597303 10.902443370709145
decision_type=2 2 10 10 2 2 2 2 2 2 1 1 10 10
left_child=5 2 3 -2 6 7 -3 8 -1 11 -11 -10 -13 -9
right_child=1 4 -4 -5 -6 -7 -8 13 9 10 -12 12 -14 -15
leaf_value=0.00044270314022461547 0.0005425695926811236 -2.836823410646678e-05 -0.00067622001779829458 -0.00043065933904684242 0.0010975783246575074 -0.00019303992069689914 5.4786067583869369e-05 0.00021815103291665351 -0.012249658269373737 -0.013598795182920939 0.0079007632235639745 -0.051752186294522454 -0.017737203000432473 0.0011955916451747116
leaf_weight=6337107.5146945715 565743.37133789062 542568.76147460938 541958.76416015625 507542.98193359375 1022943.0444335938 411822.0732421875 551064.0537109375 10336686.58291626 157140.3420715332 218665.15753173828 513612.80532836914 88124.092010498047 147924.21249389648 1426993.2485046387
leaf_count=24355 106 106 111 103 209 107 102 6870 198 282 627 113 187 1021
internal_value=0.00035608 0.00132708 -0.000365262 0.00137179 0.00261858 0.00017156 0.00125767 0.000234499 -0.000127818 -0.00155066 -0.0001069 -0.00423953 -0.00609118 0.000464343
internal_weight=2.33699e+07 3.73182e+06 1.61525e+06 1.07329e+06 2.11658e+06 1.96381e+07 1.09363e+06 1.92263e+07 7.46257e+06 1.12547e+06 732278 393189 236048 1.17637e+07
internal_count=34497 737 320 209 417 33760 208 33653 25762 1407 909 498 300 7891
cat_boundaries=0 1 2
cat_threshold=557 12
is_linear=0
shrinkage=0.05


Tree=232
num_leaves=15
num_cat=0
split_feature=9 14 18 9 22 1 5 17 17 22 2 0 26 15
split_gain=1246.03 1810.74 3172.23 1789.06 978.308 1319.82 1111.8 1235.61 1171.09 941.753 1388.98 979.793 983.888 925.106
threshold=0.13827813384070328 1.6413411368289612 0.34298014506208535 0.11263565210970426 19.600808566351393 17.423965936235351 14.317348577797789 0.24497248980684103 0.19139240720341238 19.593415907659992 16.842637334131179 16.395876229078294 1.0000000180025095e-35 19.274552379291809
decision_type=2 10 10 2 2 2 2 2 2 2 2 2 2 2
left_child=1 13 3 -3 5 9 8 -8 -6 10 11 -2 -13 -1
right_child=4 2 -4 -5 6 -7 7 -9 -10 -11 -12 12 -14 -15
leaf_value=0.0010702803662069216 0.00018672368315298998 -0.000419583634936911 -0.00025534484311011678 0.0015584353847250213 0.0010657300215966973 -0.00020953252628089691 0.0037941182598716944 3.4700821246770211e-05 -0.022983837649424778 -0.00064174860709590115 0.00015826772245325837 -0.00039490840096384971 -0.00033325395987998988 6.025502448912954e-05
leaf_weight=547802.21891784668 17318996.063812852 238187.64508056641 217285.66625976562 447655.7371673584 466201.63849830627 297449.80029296875 923876.96728515625 882673.14416503906 72668.798034667969 125258.70193481445 660635.9052734375 419880.91357421875 424844.330078125 400663.83093261719
leaf_count=324 31654 124 55 231 908 47 409 194 85 58 127 109 113 97
internal_value=0.000331657 0.00157645 -2.5917e-05 0.00164202 0.000224914 0.000107428 0.00118903 0.00178358 -0.000804196 0.000159302 0.000188055 0.000106145 -0.00155665 0.00310222
internal_weight=2.34441e+07 1.8516e+06 903129 685843 2.15925e+07 1.92471e+07 2.34542e+06 1.80655e+06 538870 1.89496e+07 1.88244e+07 1.81637e+07 844725 948466
internal_count=34535 831 410 355 33704 32108 1596 603 993 32061 32003 31876 222 421
is_linear=0
shrinkage=0.05


Tree=233
num_leaves=15
num_cat=0
split_feature=16 4 1 1 25 4 21 2 6 16 15 8 16 17
split_gain=1100.77 1430.44 2342.97 1074.67 2231.46 1972.74 1062.12 789.434 2428.2 735.148 761.028 2405.05 2051.14 1628.9
threshold=18.650510177953056 17.458037941908348 17.423965936235351 16.684754232979486 -0.6830127018922193 17.019152678527846 10.896494053253278 16.842637334131179 16.803986779003264 13.45013211563549 19.224701742754604 0.18850960025037897 15.807088896835586 0.010123518085374603
decision_type=2 2 2 2 2 2 10 2 2 2 2 2 2 2
left_child=1 2 3 5 -5 7 -6 8 9 -1 -11 12 -12 -13
right_child=-2 -3 -4 4 6 -7 -8 -9 -10 10 11 13 -14 -15
leaf_value=-0.0054475773492026966 -2.8412667234961068e-05 2.0541566759974637e-05 -0.0021702361597952537 -0.00023867455374551331 0.0001679241572980235 -0.001239431049129163 0.00064344887842118423 0.00027627843218674405 -0.0041174903835496284 9.8377649194270956e-05 0.0013176406492559367 0.00061586525983141544 -0.00091210650142346241 0.0042603386590829998
leaf_weight=3318077.7757382393 332495.38418579102 708860.111328125 119159.6376953125 514482.31811523438 1143139.5261230469 94100.51416015625 536631.42236328125 84899.3974609375 59286.07568359375 12026060.444930792 396528.55853271484 1847358.3070983887 479757.86560058594 1819681.828125
leaf_count=12199 116 104 20 108 237 21 109 20 13 18686 276 1735 171 794
internal_value=0.00026093 0.00030196 0.000232101 0.000269432 0.00132016 0.000154873 0.0022026 0.000188802 0.000168324 0.000198444 0.000334482 0.000885787 -0.00146753 0.00144814
internal_weight=2.34805e+07 2.3148e+07 2.24392e+07 2.232e+07 2.19425e+06 2.01258e+07 1.67977e+06 2.00317e+07 1.99468e+07 1.98875e+07 1.65694e+07 4.54333e+06 876286 3.66704e+06
internal_count=34609 34493 34389 34369 454 33915 346 33894 33874 33861 21662 2976 447 2529
is_linear=0
shrinkage=0.05


Tree=234
num_leaves=15
num_cat=2
split_feature=16 5 20 28 15 4 18 6 9 12 8 28 18 24
split_gain=1207.73 858.732 1147.85 1211.52 1044.31 2123.41 1763.07 895.53 1046.63 862.945 1163.82 841.985 767.132 1788.03
threshold=18.650510177953056 13.106022269218842 0.08151618644158122 0 16.820983279067956 16.166066284103554 0.040553387126233957 11.096453943815964 4.3211043423098756 9.5000000000000018 1.2771491878784356 1 0.99807217882714416 1.9737141019610702
decision_type=2 2 10 1 2 2 10 2 2 2 2 1 10 10
left_child=1 7 3 4 5 6 -3 9 11 10 -1 -9 13 -5
right_child=-2 2 -4 12 -6 -7 -8 8 -10 -11 -12 -13 -14 -15
leaf_value=-0.049275508585071522 -2.9946725474707422e-05 -0.00011962274423463438 0.00084760392717971489 3.2847659566288073e-05 -0.00054475206510813266 0.0002401065150082372 -0.026328387980937458 -0.012027341637139696 -0.030933515394250655 0.00034220839003987398 0.01059166335265627 0.0009154502365297031 -0.00046457906258051381 0.00048802341156164173
leaf_weight=24535.714156746864 324031.45483398438 229938.98968505859 334618.93560791016 6869237.2254943848 197985.05261230469 224365.7109375 104207.54040527344 1364740.3690643311 700326.33882141113 1316939.7463741302 475582.73121094704 2721714.4561309814 2522002.7671508789 5898945.6923522949
leaf_count=455 112 226 178 3661 106 62 94 3056 1834 9342 4457 5633 1825 3497
internal_value=0.000237307 0.00028004 0.000474083 0.000413644 -0.00153954 -0.000433494 -0.00295977 -0.000201299 -0.000560035 0.000743739 0.00251191 -0.000253964 0.00051028 0.000667681
internal_weight=2.33092e+07 2.29851e+07 1.63813e+07 1.60467e+07 756497 558512 334147 6.60384e+06 4.78678e+06 1.81706e+06 500118 4.08645e+06 1.52902e+07 1.27682e+07
internal_count=34538 34426 9649 9471 488 382 320 24777 10523 14254 4912 8689 8983 7158
cat_boundaries=0 1 2
cat_threshold=137 116
is_linear=0
shrinkage=0.05


Tree=235
num_leaves=15
num_cat=0
split_feature=7 15 7 25 17 2 25 8 9 0 2 24 4 24
split_gain=991.093 4267.29 1916.85 913.967 1467.82 874.977 1786.66 2323.46 1630.16 1376.58 1533.85 1344.05 1256.01 1092.18
threshold=17.115974588496943 19.261483453064301 16.98736325551755 -0.93301270189221919 0.066595107586941413 16.272388657055533 -0.24999999999999997 0.14483486216721952 0.20355798802146721 15.467382582974407 15.666534854658034 2.3102844075357454 16.410410087137191 1.9156176504468603
decision_type=2 2 2 2 2 2 2 2 2 2 2 10 2 8
left_child=2 -2 3 4 -1 9 8 -8 -7 10 -5 -9 13 -11
right_child=1 -3 -4 5 -6 6 7 11 -10 12 -12 -13 -14 -15
leaf_value=0.00080315967033332727 -0.00018680119635821458 0.0011221270013643421 0.00043265757561717732 0.00027710064010427309 0.0025122842635289955 -0.00039707692286670499 0.00062281419603861814 -0.00055806118737161973 -0.00059940814861036528 8.4916502992578874e-05 -0.0052523923526304542 2.1334699372436821e-05 -0.0005825961520663298 0.0031054683199650771
leaf_weight=1362244.2255833149 965055.25634765625 650973.537109375 637021.86474609375 14658585.455834508 429514.56976318359 421506.91186523438 406062.63061523438 393587.681640625 409544.2763671875 806626.83117675781 245428.99340820312 457450.53686523438 322688.24926757812 1009260.7249755859
leaf_count=2675 161 101 126 29682 243 104 100 104 107 298 103 119 93 384
internal_value=0.000212263 -0.00098202 0.000301782 0.000219517 0.00129935 0.000118382 -0.000847645 0.00034151 -0.00264644 0.000236745 6.65234e-05 -0.00114331 0.00142304 0.00193384
internal_weight=2.31756e+07 1.61603e+06 2.15595e+07 2.09225e+07 1.79176e+06 1.91307e+07 2.08815e+06 1.2571e+06 831051 1.70426e+07 1.4904e+07 851038 2.13858e+06 1.81589e+06
internal_count=34400 262 34138 34012 2918 31094 534 323 211 30560 29785 223 775 682
is_linear=0
shrinkage=0.05


Tree=236
num_leaves=15
num_cat=2
split_feature=11 11 4 8 29 22 28 14 4 23 4 23 9 9
split_gain=1225.71 2076.59 2677.49 1614.59 3660.74 1496.67 2070.69 3314.37 1080.58 930.526 2339.3 1617.41 1700.91 4064.61
threshold=-0.11467684021774179 -0.088377571599897481 15.103985640381827 0.064852118826147817 0 19.26608474480301 1 2.3864374454103636 14.053653326201793 -1.9532581333759798 16.283999875186893 2.52628242779662 0.099641508914028162 0.15898284897048959
decision_type=2 2 2 2 1 2 1 10 2 10 2 10 2 2
left_child=3 2 -2 4 -1 -5 -7 8 -8 10 -3 -11 -13 -14
right_child=1 9 -4 5 -6 6 7 -9 -10 11 -12 12 13 -15
leaf_value=0.0024192625523439108 -0.00022793610436925606 -0.0006865511175714428 -0.0039434187289250633 0.00040785200494523996 -0.0054241206682680634 0.0033981145922790702 -0.0072386152871227296 -0.0031677464253924131 0.0014905930279079428 0.000211800796871062 -0.00071462867771308934 0.00096729559623516591 -0.00069429201757835175 -2.4208148961460194e-05
leaf_weight=32808.868456721306 494929.7697353363 1232896.9776210785 384894.78369140625 6213488.1426459551 31634.002375841141 545697.29442882538 103376.96229195595 130766.90700721741 207426.73571777344 5760263.5447459221 251119.69165039062 146743.25936889648 644723.98926544189 7186811.2510019541
leaf_count=79 834 2048 112 11919 142 247 263 141 88 6776 53 74 346 11402
internal_value=0.000105875 -0.000137366 -0.00249918 0.000644987 -0.00723416 0.000715501 0.0025239 -2.17255e-05 0.00278808 -8.58902e-07 -0.0011903 0.000127622 -0.000333352 -0.000433286
internal_weight=2.33676e+07 1.61024e+07 879825 7.2652e+06 64442.9 7.20076e+06 987268 441571 310804 1.52226e+07 1.48402e+06 1.37385e+07 7.97828e+06 7.83154e+06
internal_count=34524 21645 946 12879 221 12658 739 492 351 20699 2101 18598 11822 11748
cat_boundaries=0 1 2
cat_threshold=1 292
is_linear=0
shrinkage=0.05


Tree=237
num_leaves=15
num_cat=1
split_feature=26 5 4 1 28 9 2 1 9 22 3 1 5 4
split_gain=935.122 2203.26 1795.65 1770.06 1539.75 1315.18 1931.08 4569.58 1752.92 4699.84 2559.35 1494.31 4086.7 1444.51
threshold=-0.5 17.382494435338344 17.181523356598721 16.995067760631983 0 0.13827813384070328 17.165595607188539 16.995067760631983 0.16989039898214703 18.662531985835098 17.171183635107628 16.84045422280521 16.440364546327579 17.181523356598721
decision_type=2 2 2 2 1 2 2 2 2 2 2 2 2 2
left_child=1 2 3 4 -1 6 7 -2 9 11 13 12 -7 -10
right_child=5 -3 -4 -5 -6 8 -8 -9 10 -11 -12 -13 -14 -15
leaf_value=-0.045631118627317627 0.0010879779005149809 -0.00046744822344474163 0.00016577574759220473 -0.0037327149568352567 -1.993687449496906e-05 0.0001382871807623164 0.00016559000599291807 -0.0016978790185077663 0.00039993314988159335 -0.0032840927063146116 0.00030940600977990526 0.00012153844361195101 -0.0023155107235402076 -9.9382195128140552e-05
leaf_weight=81067.772799015045 623057.68957519531 308784.64501953125 280265.54443359375 194807.7099609375 7042420.6334389448 520988.055519104 375836.77734375 182369.806640625 12464018.10735333 217671.47319030762 520866.5078125 212719.52392578125 163333.36694335938 133915.93237304688
leaf_count=220 445 45 51 39 11329 427 60 36 21579 77 87 42 38 26
internal_value=0.00021064 -0.000231412 -6.31642e-05 -0.00021358 -8.49879e-05 0.0004374 0.00204056 0.000659594 0.000304351 -0.00159918 0.000466096 9.70994e-08 -0.00113768 0.000324091
internal_weight=2.33221e+07 7.90735e+06 7.59856e+06 7.3183e+06 7.12349e+06 1.54148e+07 1.18126e+06 805427 1.42335e+07 1.11471e+06 1.31188e+07 897041 684321 1.25979e+07
internal_count=34501 11684 11639 11588 11549 22817 541 481 22276 584 21692 507 465 21605
cat_boundaries=0 1
cat_threshold=128
is_linear=0
shrinkage=0.05


Tree=238
num_leaves=15
num_cat=0
split_feature=16 2 11 11 1 19 9 9 15 15 2 1 17 24
split_gain=2913.24 1241.04 1096.89 2374.85 1702.42 1574.1 1105.4 2967.04 3199.07 1918.9 2023.23 1524.88 1064.35 941.638
threshold=17.596891769448991 16.996524025785622 0.11548245711180712 0.14727295230863377 17.423965936235351 -0.0014855709088409498 0.28262551853150103 0.18934025675728464 18.024457383567057 17.925087204804424 16.533265774342059 16.150297738002418 0.35588037541285428 8.8180795304207269
decision_type=2 2 2 2 2 2 2 2 2 2 2 2 2 10
left_child=1 13 4 -4 6 -5 7 9 12 10 11 -2 -9 -1
right_child=2 -3 3 5 -6 -7 -8 8 -10 -11 -12 -13 -14 -15
leaf_value=-3.4142448555983033e-05 -1.4912608100394721e-05 -0.0026158199435142955 -0.0023735545732497809 0.0017102646119961787 0.00062045615674236867 -0.0028332174001548891 0.002838009486366695 -0.00080078458134344552 -0.0022134195979145784 0.00018958791249848071 -0.0005494439932296636 0.00081173657847581301 0.00015937805312167953 0.0039626396789112055
leaf_weight=17187535.339743733 366767.26249694824 126207.77734375 220570.23358154297 292776.47225952148 542115.23583984375 295732.76121520996 758769.8420715332 288929.63854980469 248234.26806640625 1009643.9770507812 266678.74658203125 232644.6005859375 222860.64794921875 1325919.8592760563
leaf_count=30125 268 26 67 149 81 155 434 196 56 203 61 66 64 2393
internal_value=0.000329494 4.79029e-05 0.00143549 -0.000241261 0.00178011 0.00141714 0.00136458 0.000880473 -0.00175495 0.00194831 0.000221628 0.00183354 0.000504238 8.15884e-05
internal_weight=2.33854e+07 1.86397e+07 4.74572e+06 809079 3.93664e+06 588509 3.39453e+06 2.63576e+06 760025 1.87573e+06 866091 599412 511790 1.85135e+07
internal_count=34344 32544 1800 371 1429 304 1348 914 316 598 395 334 260 32518
is_linear=0
shrinkage=0.05


Tree=239
num_leaves=15
num_cat=1
split_feature=19 2 0 29 1 18 17 16 5 23 27 10 10 10
split_gain=2031.92 3819.8 2200.29 2131.47 2552.02 1306.87 1133.91 1677.43 1194.56 983.644 1053.23 907.675 1664.84 983.55
threshold=-0.036895586668078545 17.165595607188539 15.255068443456883 0 14.74055071528516 0.12867381965737423 0.39211591187223777 18.407908271991452 16.960686163940348 3.7468072186000154 8.5000000000000018 -0.24604488811636385 -0.1691935307846765 -0.11050003848079633
decision_type=2 2 2 1 2 10 2 2 2 10 2 2 2 2
left_child=1 3 -2 4 -1 -4 7 11 -8 -5 -11 -7 -13 -14
right_child=2 -3 5 9 -6 6 8 -9 -10 10 -12 12 13 -15
leaf_value=0.00078441798198137223 0.00017936168049566969 -0.00071159898141282809 -0.00062752978049216551 0.0019511092304314295 -0.0031204325399041615 0.0024048758737901382 7.7439090485788379e-05 0.00052413995905894605 -0.00021834091170912221 -0.0052250882062474637 0.0011177423693825071 -0.00088801582903420384 0.0016241554784353837 0.00016855630408293431
leaf_weight=377136.60952615738 13929967.703918815 140578.64404296875 597736.63940429688 999873.93124055862 402178.41320800781 445880.48168945312 456688.83093261719 822419.77734375 462196.1669921875 439604.12683033943 147048.94435358047 341910.55834960938 349051.12829589844 3422003.9805908203
leaf_count=843 28865 22 223 1511 146 128 121 151 80 920 311 91 99 1072
internal_value=0.000295294 -0.0010497 0.00045715 -0.000573898 -0.00271521 0.00118746 0.00139944 0.00167663 -0.000223846 0.000477947 -0.0011474 0.00130168 0.00106939 0.00137229
internal_weight=2.33343e+07 2.50642e+06 2.08279e+07 2.36584e+06 779315 6.89789e+06 6.30015e+06 5.38127e+06 918885 1.58653e+06 586653 4.55885e+06 4.11297e+06 3.77106e+06
internal_count=34583 3753 30830 3731 989 1965 1742 1541 201 2742 1231 1390 1262 1171
cat_boundaries=0 1
cat_threshold=28
is_linear=0
shrinkage=0.05


Tree=240
num_leaves=15
num_cat=1
split_feature=8 19 29 6 7 10 24 25 8 17 11 10 17 10
split_gain=1845.46 935.331 4083.44 4250.96 1688.94 1902.08 2242.01 2587.03 2972.52 1321.71 1145.1 1115.79 969.509 1018.12
threshold=0.079084972427515068 -0.036895586668078545 0 16.09600000920798 15.497417197683715 -0.11050003848079633 1.6463606773498352 -0.6830127018922193 0.17442642456179139 0.19139240720341238 0.0064020624786324505 0.057715428966110559 0.041433429624679156 -0.32775365697459374
decision_type=2 2 1 2 2 2 8 2 2 2 2 2 2 2
left_child=-1 2 3 12 -3 9 7 -7 10 -6 -9 -8 13 -2
right_child=1 4 -4 -5 5 6 11 8 -10 -11 -12 -13 -14 -15
leaf_value=0.00023070434353780175 -0.034374267362610456 0.00015119273723755955 0.00035887345622493723 -0.0013590279422369149 0.00013254472558438883 -0.00033778104460574677 4.0660894379058736e-05 2.4379731065475601e-05 -0.00031437417127699126 0.0012637418469610695 0.00093045333290011755 0.0039123354004043263 0.0016967235831213926 -0.0013297027192671063
leaf_weight=685745.23519408703 54337.230566978455 14502873.696778655 1759945.9290498495 298110.73950195312 797178.203125 643129.08154296875 906736.65942382812 461417.6962890625 620568.69970703125 800948.96166992188 475239.203125 974347.70703125 96968.49609375 223513.68832588196
leaf_count=564 158 28772 2953 69 245 153 239 109 170 180 103 280 73 417
internal_value=0.000327123 0.000249639 -0.000676505 -0.00398921 0.00036128 0.00109218 0.000519618 -0.00056391 0.000537878 0.00255445 0.002316 0.00178705 -0.00044517 -0.00194743
internal_weight=2.33011e+07 2.26153e+07 2.43288e+06 672930 2.01824e+07 5.67957e+06 4.08144e+06 2.20035e+06 1.55723e+06 1.59813e+06 936657 1.88108e+06 374819 277851
internal_count=34485 33921 3670 717 30251 1479 1054 535 382 425 212 519 648 575
cat_boundaries=0 1
cat_threshold=24
is_linear=0
shrinkage=0.05


Tree=241
num_leaves=15
num_cat=2
split_feature=16 20 10 28 16 14 4 25 6 23 11 28 14 9
split_gain=1351.25 2414.66 1341.87 1942.13 948.769 1028.32 1079.72 1268.18 780.976 758.141 1646.57 1177.37 1977.37 2970.3
threshold=18.114578210008297 -0.026682482658103846 0.13541946835009527 0 18.534756489305497 1.5238669723298408 15.937568612521352 -0.24999999999999997 17.129815940530211 6.2469092399764614 0.14356020976537923 1 2.0363001697733902 0.3710769374985175
decision_type=2 10 2 1 2 10 2 2 2 10 2 1 8 2
left_child=8 -2 4 -4 5 -3 -7 -8 9 -1 11 12 13 -11
right_child=1 2 3 -5 -6 6 7 -9 -10 10 -12 -13 -14 -15
leaf_value=-2.9802342290692789e-05 -0.00030169320940143371 -0.0020928660978052293 -0.0011963695410907725 0.0020058569804387635 0.0019666916015351442 -9.8270993688409354e-05 3.3612383467999944e-05 0.00023690347583315356 -0.0055671108146895677 -0.014321301318753858 0.0043496776748615301 0.0014522292360008614 0.0023452390699144668 -0.0041102575366270778
leaf_weight=15858805.448601127 461468.87438964844 276765.990234375 230097.59289550781 342709.84033203125 391721.41674804688 477385.95196533203 862075.31884765625 1443336.83984375 84267.8828125 71995.145378112793 1462211.6002554893 1179524.1170907021 248983.43153715134 168683.29451417923
leaf_count=26671 180 179 70 180 167 423 184 299 16 81 2640 2431 555 482
internal_value=0.000278711 0.00105956 0.00145241 -0.000788775 0.00182438 0.00152775 0.00181683 0.002265 9.50858e-05 0.000116398 0.00082736 -0.00024575 -0.00230673 -0.00553848
internal_weight=2.356e+07 4.48556e+06 4.02409e+06 572807 3.45129e+06 3.05956e+06 2.7828e+06 2.30541e+06 1.90745e+07 1.89902e+07 3.1314e+06 1.66919e+06 489662 240678
internal_count=34558 1682 1502 250 1252 1085 906 483 32876 32860 6189 3549 1118 563
cat_boundaries=0 1 2
cat_threshold=584 736
is_linear=0
shrinkage=0.05


Tree=242
num_leaves=15
num_cat=0
split_feature=1 4 25 17 24 15 9 3 3 0 9 9 8 26
split_gain=2686.2 2469.5 2219.11 1451.79 1257.11 995.307 1152.07 712.425 886.47 984.246 1118.91 1737.83 1590.69 1443.85
threshold=16.532859834196291 16.701148858548322 0.25000000000000011 0.39211591187223777 2.1287889848007757 19.247516825326425 0.18934025675728464 16.850451675266942 16.536937448267057 15.467382582974407 0.23722442326870483 0.19850244440611808 0.34684179644412305 0.25000000000000017
decision_type=2 2 2 2 10 2 2 2 2 2 2 2 2 2
left_child=1 7 3 5 -4 6 -2 8 9 -1 11 13 -12 -11
right_child=2 -3 4 -5 -6 -7 -8 -9 -10 10 12 -13 -14 -15
leaf_value=2.5364736862509374e-05 0.00051910361251137455 -0.00037382868690344356 0.00010259380373742043 -0.00031703632519223006 0.00088867301514452201 -0.00017781630338472481 1.1995619379466721e-05 0.0063901228873173462 -0.00022588647663683879 0.00023571544676538795 0.0028881709070655843 -0.0022643541751445318 -2.8154376914172618e-05 -0.00014735243145371131
leaf_weight=16356900.003598213 581612.18627929688 227950.50561523438 959749.98461914062 533499.49267578125 524542.70068359375 765475.87255859375 459340.18603515625 74858.744140625 254964.58666992188 513996.99584960938 938589.69519042969 309848.59558105469 620268.37902832031 315629.36181640625
leaf_count=32775 113 58 181 104 105 144 103 19 70 166 339 100 254 99
internal_value=0.000307219 7.08526e-05 0.00151945 0.000560171 0.00303172 0.001237 0.00224344 0.000131693 0.00011282 0.000152007 0.00103675 -0.000154138 0.00190725 0.00103918
internal_weight=2.34372e+07 1.9613e+07 3.82422e+06 2.33993e+06 1.48429e+06 1.80643e+06 1.04095e+06 1.93851e+07 1.93102e+07 1.90552e+07 2.69833e+06 1.13947e+06 1.55886e+06 829626
internal_count=34630 33880 750 464 286 360 216 33822 33803 33733 958 365 593 265
is_linear=0
shrinkage=0.05


Tree=243
num_leaves=15
num_cat=1
split_feature=9 16 3 25 21 16 16 23 17 17 17 28 3 14
split_gain=1931.58 956.329 1188.2 2786.31 1341.97 1091.73 2865.51 3203.5 1320.12 1092.11 1460.58 1370.85 1084.43 1126.23
threshold=0.099641508914028162 18.650510177953056 16.690778174436563 -0.6830127018922193 10.622856058979133 18.314726746826736 18.407908271991452 1.9571320152036804 0.44081722901546433 0.27895765299337733 0.12005163561103827 0 15.203240784805905 0.99005157842509295
decision_type=2 2 2 2 10 2 2 10 2 2 2 1 2 10
left_child=-1 2 5 -4 -5 8 7 -7 9 10 -2 -11 13 -12
right_child=1 -3 3 4 -6 6 -8 -9 -10 11 12 -13 -14 -15
leaf_value=0.00030583054137162786 -7.1411984981726117e-05 -0.00012624115284398139 -0.00027199761438370917 0.00065234521762207241 0.00011059002612390332 -0.0034358010524766767 0.00034091210325379193 -0.00053771063243714839 0.00096003631182376434 0.0028575513494028403 0.0055286479592567021 -0.0048906461582481769 0.0012696331874828934 -0.0017460145033243652
leaf_weight=521236.59770202637 16481061.623875618 334394.45126342773 642368.974609375 665516.974609375 1352815.7348632812 201911.60015869141 528912.30014038086 242010.99893188477 505339.81744384766 188883.98352050781 358338.66619873047 281556.61682128906 728910.72546386719 301022.34057617188
leaf_count=295 31399 112 123 138 245 111 344 162 291 96 338 164 275 262
internal_value=0.000180776 0.000112013 0.000151497 0.00114361 0.00205642 1.82993e-05 -0.00161505 -0.00457708 0.000102617 3.3151e-05 9.57554e-05 -0.00234483 0.00165327 0.000183982
internal_weight=2.33343e+07 2.2813e+07 2.24787e+07 2.6607e+06 2.01833e+06 1.98179e+07 972835 443923 1.88451e+07 1.83398e+07 1.78693e+07 470441 1.38827e+06 659361
internal_count=34355 34060 33948 506 383 33442 617 273 32825 32534 32274 260 875 600
cat_boundaries=0 1
cat_threshold=52
is_linear=0
shrinkage=0.05


Tree=244
num_leaves=15
num_cat=0
split_feature=9 25 16 16 6 24 24 8 18 10 17 3 9 21
split_gain=2788 971.943 1520.69 2195.45 2429.86 1120.43 923.555 1543.85 2288.01 1120.16 1000.47 1747.93 927.337 1681.79
threshold=0.099641508914028162 0.68301270189221941 18.472836192843562 17.059661910813187 16.803986779003264 -0.49634585822530647 2.6237885083862906 0.17821180525053623 0.34298014506208535 -0.22393485061297361 0.046427168937550709 15.670241562971784 0.32862901115479254 10.254684084283534
decision_type=2 2 2 2 2 8 10 2 10 2 2 2 2 10
left_child=-1 5 3 4 6 -2 7 8 -3 -8 11 12 13 -9
right_child=1 2 -4 -5 -6 -7 9 10 -10 -11 -12 -13 -14 -15
leaf_value=0.00026535745042517662 0.0025436347446369362 0.0015160629253778094 -0.0014475934017456691 0.00020782509732490017 -0.0097853805798823051 -2.7095449507821397e-05 -0.0048202605389344871 0.0030891028779755549 -0.002856260171081538 0.0053020705849584002 0.0044681539754729428 -0.0027395632101757349 0.0030126752332850274 -0.0064717123532875842
leaf_weight=488901.2186126709 576464.82489681244 139037.98667144775 72744.724822998047 1206112.7622299194 58559.86181640625 16557057.374837279 571668.36798906326 146496.16417312622 178604.00954818726 1318623.3465046883 371282.99523925781 105175.71606445312 1391004.398059845 235777.04138183594
leaf_count=283 1081 227 25 584 13 24553 1232 187 99 2425 278 39 3312 260
internal_value=0.000307968 0.000228303 0.000788054 0.000879376 0.000373259 3.89776e-05 0.000506188 -0.000111355 -0.00337441 0.00134493 0.000349358 -0.000119411 0.000252039 -0.00192907
internal_weight=2.34175e+07 2.29286e+07 5.79509e+06 5.72234e+06 4.51623e+06 1.71335e+07 4.45767e+06 2.56738e+06 317642 1.89029e+06 2.24974e+06 1.87845e+06 1.77328e+06 382273
internal_count=34598 34315 8681 8656 8072 25634 8059 4402 326 3657 4076 3798 3759 447
is_linear=0
shrinkage=0.05


Tree=245
num_leaves=15
num_cat=0
split_feature=9 16 4 21 20 10 14 17 24 20 20 24 4 23
split_gain=899.696 1221.26 1046.25 2654.27 1397.29 2325.17 1188.01 1097.43 1053.44 1105.05 2024.39 873.116 699.135 2405.25
threshold=0.099641508914028162 18.650510177953056 15.811075110773315 11.118488127248211 -0.017565873385491444 -0.036641548093828448 1.4171568503734171 0.051978863781600708 1.9737141019610702 0.030705938114335352 0.0087827843012652021 1.2270203362160601 15.333319931153808 2.5543468899421558
decision_type=2 2 2 10 8 2 10 2 10 10 8 10 2 8
left_child=-1 2 12 4 5 -4 7 -6 9 10 11 -8 -2 -14
right_child=1 -3 3 -5 6 -7 8 -9 -10 -11 -12 -13 13 -15
leaf_value=0.00022051225040599918 0.00032290463184460674 -0.00013090428071490365 7.1877105571756025e-05 -0.00028313441300691289 0.001098843074790104 -0.00040048773831050078 0.0014319245111949425 -0.0020777711258442729 0.00056742240201503686 0.00042771377183588798 -0.00016346926273603553 4.7038866219363632e-05 0.00036647594965554957 -0.0021428473634001544
leaf_weight=517220.68022155762 15824105.130134583 316904.63858032227 427462.90100097656 456217.83361816406 502141.69506835938 410851.97106933594 475411.18823242188 350011.35034179688 963953.66479492188 511478.76098632812 696811.52880859375 797270.10131835938 685903.14392089844 679089.28332519531
leaf_count=277 32371 116 115 93 171 107 114 84 243 128 182 155 302 305
internal_value=0.000280803 0.00023462 0.000277502 0.000871605 0.0011963 -0.000670979 0.00156058 -0.000110984 0.00197407 0.00142907 0.000891309 0.00207745 8.42399e-05 -0.00100148
internal_weight=2.36148e+07 2.30976e+07 2.27807e+07 5.59161e+06 5.13539e+06 838315 4.29708e+06 852153 3.44493e+06 2.48097e+06 1.96949e+06 1.27268e+06 1.71891e+07 1.36499e+06
internal_count=34763 34486 34370 1392 1299 222 1077 255 822 579 451 269 32978 607
is_linear=0
shrinkage=0.05


Tree=246
num_leaves=15
num_cat=0
split_feature=2 25 15 19 2 15 20 0 15 23 24 4 24 10
split_gain=1909.51 2426.92 1452.48 876.099 873.732 2230.17 1637.91 1106.52 1557.46 1552.21 691.139 849.363 3692.07 3136.39
threshold=16.842637334131179 1.0000000180025095e-35 18.376372921978952 -0.0081292404924435489 16.395876229078294 18.05662753402839 -0.010553949424156149 16.03763924788834 18.302467564332336 2.9297587472125404 0.80042292159832307 15.333319931153808 1.9579585482887751 -0.059266550924993645
decision_type=2 2 2 2 2 2 10 2 2 8 8 2 10 2
left_child=4 2 -2 -3 7 -6 -7 10 -9 -10 -1 -12 13 -13
right_child=1 3 -4 -5 5 6 -8 8 9 -11 11 12 -14 -15
leaf_value=0.00096076827838954988 -0.00024331465429862907 8.116688713938073e-05 7.8457350537009871e-05 0.00021215200015492448 -0.0001547451514460461 -0.00017547311166307033 0.00057223934751579413 0.00072277729293748197 -0.00091367823232853251 0.0019065473242738632 0.00018694312756244679 -0.0014694575206254138 0.00011321438477193906 -0.0078283916335404793
leaf_weight=3437877.0670700073 570788.65600585938 621073.05712890625 912727.08251953125 700563.76293945312 575019.02270507812 490891.45825195312 442083.19580078125 564767.00537109375 365485.43029785156 328725.23278808594 12706339.592689753 321643.34338378906 1165104.9460449219 230623.82641601562
leaf_count=6546 115 110 155 126 135 134 107 168 113 103 26050 142 483 101
internal_value=0.000272763 0.00149672 0.000108592 0.00305487 0.000106324 -0.00105239 0.000457154 0.000197709 0.00163039 4.41869e-05 9.67259e-05 -5.51187e-05 -0.00109877 -0.00446606
internal_weight=2.34337e+07 2.80515e+06 1.48352e+06 1.32164e+06 2.06286e+07 1.50799e+06 932975 1.91206e+07 1.25898e+06 694211 1.78616e+07 1.44237e+07 1.71737e+06 552267
internal_count=34588 506 270 236 34082 376 241 33706 384 216 33322 26776 726 243
is_linear=0
shrinkage=0.05


Tree=247
num_leaves=15
num_cat=0
split_feature=0 23 9 8 8 10 25 26 11 23 1 11 11 14
split_gain=1463.93 1834 2233.6 1968.71 2364.05 2126.62 2620.61 1390.48 1378.07 2780.66 1826.84 1728.43 1420.44 1320.67
threshold=15.140196249094553 2.6039781056343654 0.4643871632574984 0.35337529085142211 0.23198270913806382 -0.0093581280678662494 1.0000000180025095e-35 -0.5 0.040133708090834809 2.5228400253385952 17.156634566241113 -0.013452875405590649 -0.08465989510246523 2.3967765170570732
decision_type=2 8 2 2 2 2 2 2 2 10 2 2 2 10
left_child=-1 8 3 4 5 -3 -7 -6 9 10 11 12 13 -2
right_child=1 2 -4 -5 7 6 -8 -9 -10 -11 -12 -13 -14 -15
leaf_value=-0.00010430575082663718 -5.3045675497016054e-05 -0.00037757186961618597 0.0080649713429894968 -0.0077969312500370232 -0.00021943918058930261 -0.00015822772230354709 0.00048360759224522708 0.0023482539844746526 0.00060691578494106134 0.004521150307524765 -0.00028810426428379972 -0.00010741280723760709 0.00057223593261956755 0.0016753110487024783
leaf_weight=15186419.620418072 865824.27807617188 649417.5927734375 341578.96575927734 437937.25939941406 363100.29956054688 587555.07971191406 462495.69445800781 516272.97192382812 1824856.8690185547 374684.62487792969 440489.591796875 470056.68298339844 689638.63360595703 307898.01501464844
leaf_count=32115 296 185 147 161 114 163 137 166 538 80 76 135 189 90
internal_value=0.000221356 0.000753937 -0.000148808 -0.000582701 -5.63417e-05 -0.00114531 0.00024565 0.00204819 0.00136352 0.000729897 0.000183796 0.000741298 0.00142478 0.000366594
internal_weight=2.35182e+07 8.33181e+06 3.35836e+06 3.01678e+06 2.57884e+06 1.69947e+06 1.05005e+06 879373 4.97345e+06 3.14859e+06 2.77391e+06 2.33342e+06 1.86336e+06 1.17372e+06
internal_count=34592 2477 1073 926 765 485 300 280 1404 866 786 710 575 386
is_linear=0
shrinkage=0.05


Tree=248
num_leaves=15
num_cat=0
split_feature=9 0 4 17 11 4 2 1 14 1 7 21 17 21
split_gain=1632.83 1190.33 1779.34 821.369 1154.38 1031.73 1631 1489.52 1326.98 947.928 1744.4 884.12 774.604 1249.43
threshold=0.099641508914028162 17.419860989426706 17.458037941908348 0.44081722901546433 -0.022939798456089646 17.181523356598721 16.842637334131179 16.995067760631983 2.3208692223973153 16.684754232979486 16.805898420640069 10.902443370709145 0.27895765299337733 10.896494053253278
decision_type=2 2 2 2 2 2 2 2 10 2 2 8 2 10
left_child=-1 2 3 5 -5 6 7 9 -8 10 11 12 13 -2
right_child=1 -3 -4 4 -6 -7 8 -9 -10 -11 -12 -13 -14 -15
leaf_value=0.0002072222517153191 9.3459587476002213e-05 -4.8878568641932541e-05 0.00024265945148507618 0.0015540596956340785 -9.2670249961918045e-05 -0.00024785068551962618 0.001120374734162111 -0.0102362710218406 -2.2091418975044931e-05 0.00046387108637077406 -0.0013832826023680415 0.00091601124956292913 -0.0019809053909753934 -0.012646037129721384
leaf_weight=511178.54368591309 16051817.328446865 743771.30859375 196604.33837890625 404851.39410400391 361165.67321777344 446861.49633789062 572550.78930664062 75789.378662109375 482487.5439453125 358760.9716796875 71614.8798828125 2613453.4565665722 503522.83380126953 56148.294708251953
leaf_count=288 28832 108 33 192 184 84 120 17 98 85 15 4129 290 103
internal_value=0.000260793 0.000198511 0.000264444 0.000222122 0.00183063 0.000164092 0.000215195 0.000112779 0.00213056 0.000139755 9.24097e-05 0.000121425 -1.30672e-05 4.72991e-05
internal_weight=2.34506e+07 2.29394e+07 2.21956e+07 2.1999e+07 766017 2.1233e+07 2.07861e+07 1.97311e+07 1.05504e+06 1.96553e+07 1.92966e+07 1.92249e+07 1.66115e+07 1.6108e+07
internal_count=34578 34290 34182 34149 376 33773 33689 33471 218 33454 33369 33354 29225 28935
is_linear=0
shrinkage=0.05


Tree=249
num_leaves=15
num_cat=0
split_feature=16 2 25 18 16 1 0 15 16 17 8 19 11 19
split_gain=1453.83 1329.13 1796.85 1709.19 1542.12 1386.29 953.758 1229.36 919.933 1089.26 1434.05 968.065 1797.95 2634.05
threshold=18.650510177953056 16.533265774342059 0.25000000000000011 0.40752003801242304 18.407908271991452 16.395026300101303 15.140196249094553 19.393848674083568 15.597758421320533 0.071344068163355465 0.38701580839263988 0.0054342923760856013 0.064962438497367714 -0.020020769047220648
decision_type=2 2 2 10 2 2 2 2 2 2 2 2 2 2
left_child=1 5 3 4 -3 6 -1 8 -8 10 -10 12 13 -11
right_child=-2 2 -4 -5 -6 -7 7 -9 9 11 -12 -13 -14 -15
leaf_value=0.00022974004284806007 -7.5762533592199177e-05 -0.00040151633641203108 0.00014852947792353321 0.00064685344312345652 6.6958059353034415e-05 -0.00024726467895992547 0.0045313016162357401 -0.00079595608329233896 0.00025314029286885379 0.0011109931615204695 -0.0084455887101722929 0.000625532591882566 0.0029402389518558762 -0.0033682312838669939
leaf_weight=15093158.960788965 363440.78451538086 611748.90502929688 1485137.5639648438 870343.06274414062 571235.93383789062 647818.62646484375 638624.29028320312 247372.19970703125 1240986.5191650391 277573.49523925781 294818.25372314453 583216.95129394531 282586.77673339844 310965.48107910156
leaf_count=32107 130 123 293 173 115 178 316 101 481 98 124 216 113 110
internal_value=0.000325071 0.000374321 0.00126626 0.000308026 -0.000929321 0.000213436 0.000291111 0.000990717 0.00122321 0.000855295 -7.336e-05 0.00183597 0.000780454 -0.000793553
internal_weight=2.3519e+07 2.31556e+07 3.53847e+06 2.05333e+06 1.18298e+06 1.96171e+07 1.89693e+07 3.87614e+06 3.62877e+06 2.99015e+06 1.5358e+06 1.45434e+06 871126 588539
internal_count=34678 34548 704 411 238 33844 33666 1559 1458 1142 605 537 321 208
is_linear=0
shrinkage=0.05


Tree=250
num_leaves=15
num_cat=0
split_feature=8 14 1 22 4 6 19 1 8 6 8 22 4 27
split_gain=1589.94 2515.87 2079.21 1590.41 1123.14 1163.53 995.822 765.724 743.035 2408.09 3464.6 3136.48 2266.59 1097.05
threshold=0.079084972427515068 1.5437069834013577 17.156634566241113 19.593415907659992 16.860170040119087 16.964547881697367 -0.0035655580594122498 16.84045422280521 0.18850960025037897 15.51431486659332 0.14137066746495244 18.365027608596542 15.567517914566457 2.5000000000000004
decision_type=2 8 2 2 2 2 2 2 2 2 2 2 2 2
left_child=1 -1 4 -4 5 7 -6 8 9 13 -11 -12 -10 -2
right_child=2 -3 3 -5 6 -7 -8 -9 12 10 11 -13 -14 -15
leaf_value=-0.00019890439189940799 -0.0027060413498492422 0.00060727242700232137 -0.00013893804423532793 -5.3516945302733936e-06 0.0011947433814176013 -0.0019753510291909029 2.7516277747438491e-05 0.0002317059155530966 0.00021979177840596292 9.0884264593291077e-05 -0.0023674621115934019 -9.6683255872785154e-05 0.00074188259497178649 0.001348148323228251
leaf_weight=202927.62360131741 396590.55680847168 527964.62459552288 687266.38330078125 682001.1845703125 519731.63891601562 128052.310546875 563112.48779296875 231497.7421875 14261726.672158718 669717.52563476562 372257.11865234375 342802.68237304688 2038201.4375 1811835.3984718323
leaf_count=180 482 405 119 104 105 26 117 55 29771 196 117 102 694 2050
internal_value=0.000260508 0.00255588 0.000186618 -0.0017021 0.000307832 0.000223948 0.00187672 0.000254179 0.000220908 -0.000429933 -0.00206455 -0.00448492 0.000364382 0.000595044
internal_weight=2.34357e+07 730892 2.27048e+07 1.36927e+06 2.13355e+07 2.02527e+07 1.08284e+06 2.01246e+07 1.98931e+07 3.5932e+06 1.38478e+06 715060 1.62999e+07 2.20843e+06
internal_count=34523 585 33938 223 33715 33493 222 33467 33412 2947 415 219 30465 2532
is_linear=0
shrinkage=0.05


Tree=251
num_leaves=15
num_cat=0
split_feature=19 3 3 1 14 8 14 15 1 22 10 24 10 16
split_gain=1216.72 5452.25 1563.63 1563.49 1346.24 1716.31 1637.64 1633.71 2367.08 1666.54 1404.53 1362.4 1310.63 1614.8
threshold=-0.035489958220306199 17.445700346247609 14.89165024877475 15.92279794700919 0.93419468834912467 0.31131776125310823 1.4051769385408155 19.250863594461013 17.156634566241113 16.964017972763202 -0.10658283610293659 1.9236438744811404 0.023710827087195501 18.284852716366021
decision_type=2 2 2 2 8 2 10 2 2 2 2 10 2 2
left_child=1 3 -2 -1 -4 7 10 8 9 -6 -7 -9 -11 -14
right_child=2 -3 4 -5 5 6 -8 11 -10 12 -12 -13 13 -15
leaf_value=0.00057082470658929841 -2.8401162196179337e-05 -0.00052689973238460115 -0.0034936229874395069 -0.00042758423453740724 -0.00091441224296901543 0.0012263871247531362 0.005857170127201986 -3.3259043650125677e-05 -0.00013236976434063884 0.00020204835636407651 -0.008137581785736191 0.0010729779908910107 0.00022975600061247352 -0.00074569455157184558
leaf_weight=2112461.7302020788 12184424.086286783 102128.8251953125 295137.69970703125 592528.90893554688 347771.93017578125 405876.41064453125 1140225.2947998047 647408.76745605469 766691.67041015625 2012739.5972900391 299080.22912597656 1070705.7602539062 748753.43664550781 434708.92102050781
leaf_count=4046 27402 15 145 150 159 185 454 171 131 608 129 309 277 124
internal_value=0.000215972 -0.000759868 0.000350558 -0.000331696 0.000885779 0.00101005 0.00234438 0.000601656 8.20227e-05 0.000626989 0.000449977 0.00190539 0.000984643 -0.000335767
internal_weight=2.31606e+07 2.80712e+06 2.03535e+07 2.70499e+06 8.1691e+06 7.87396e+06 1.84518e+06 6.02878e+06 4.31067e+06 3.54397e+06 704957 1.71811e+06 3.1962e+06 1.18346e+06
internal_count=34305 4211 30094 4196 2692 2547 768 1779 1299 1168 314 480 1009 401
is_linear=0
shrinkage=0.05


Tree=252
num_leaves=15
num_cat=0
split_feature=9 9 0 25 14 21 20 15 15 25 15 1 18 14
split_gain=2327.01 761.124 1964.2 1733.69 1635.49 2650.56 1809.42 1631.73 1967.7 2654.29 3156.75 2438.66 2352.18 2385.78
threshold=0.099641508914028162 0.29668629036742261 15.467382582974407 -0.93301270189221919 1.5336888121784449 11.085195289202607 0.0059417211302317009 19.250863594461013 19.220245496564996 -0.6830127018922193 18.240697324411439 16.84045422280521 0.26118470085058776 2.3864374454103636
decision_type=2 2 2 2 10 10 8 2 2 2 2 2 10 10
left_child=-1 3 -3 -2 5 6 -5 8 9 10 12 -11 13 -6
right_child=1 2 -4 4 7 -7 -8 -9 -10 11 -12 -13 -14 -15
leaf_value=0.00050916471523724301 0.001651580928975938 0.00051846217027047689 0.0012737908784939108 -0.0017470839821889794 -8.9912441751765622e-05 -0.0030925374950375511 -0.00016382159450107082 0.0003035202791167751 -0.00069629972315665516 -3.2083150546111423e-05 -0.0048064284217368067 0.00021186007286368733 0.0011772965078537059 -0.0045589607827216097
leaf_weight=446558.9356842041 706498.8959980011 12209118.389589787 2132870.5897216797 936077.94555664062 220571.78973388672 138961.93341064453 1844605.8306121826 984142.15423583984 214099.560546875 2235259.3869934082 188427.50618362427 716278.9541015625 152720.0059928894 101558.92644882202
leaf_count=278 460 27792 691 606 130 97 1458 273 54 1987 69 138 78 215
internal_value=0.000255767 0.000185699 0.000407394 -0.00019106 -0.000407678 -0.0013413 -0.00100453 0.000158669 -0.000308071 -3.22182e-05 -0.00289032 0.000610062 -0.000717439 -0.00314047
internal_weight=2.32278e+07 2.27812e+07 1.4342e+07 8.4392e+06 7.7327e+06 2.91965e+06 2.78068e+06 4.81306e+06 3.82892e+06 3.61482e+06 663278 2.95154e+06 474851 322131
internal_count=34326 34048 28483 5565 5105 2161 2064 2944 2671 2617 492 2125 423 345
is_linear=0
shrinkage=0.05


Tree=253
num_leaves=15
num_cat=2
split_feature=0 19 10 17 11 10 0 24 29 2 26 17 28 9
split_gain=1318.35 1577.3 1932.31 2953.04 1569.34 1112.85 963.548 724.641 748.038 2048.02 4851.86 1528.19 1814.5 1621.76
threshold=16.152874941917947 -0.031869132652534493 0.017765846398964901 0.24497248980684103 0.050548495316121413 -0.062788496814352543 16.84045422280521 -0.49634585822530647 0 15.666534854658034 0.25000000000000017 0.0083753703778510508 1 0.38664999634558345
decision_type=2 2 2 2 2 2 2 8 1 2 2 2 1 2
left_child=7 -2 5 4 -4 6 -3 -1 -9 11 -11 -10 13 -13
right_child=1 2 3 -5 -6 -7 -8 8 9 10 -12 12 -14 -15
leaf_value=0.0018783417608120405 -9.5126255794067741e-05 0.00040399475839823735 0.00095053911124146789 -0.00010403223913801931 -9.6067223663192879e-05 0.00067192325250306799 -3.3337177490966182e-05 0.00037741175927736887 -0.0057885071479260759 0.00080337573055244129 -0.0077240843231024528 0.00017204819298886052 -0.00055112472083618073 0.0073555679034171418
leaf_weight=739025.4184217453 737050.81420898438 621966.76318359375 712113.33544921875 790972.73388671875 636173.75634765625 940583.91625976562 563921.0439453125 9421495.7693608999 3771057.8293310404 569966.66833496094 416806.38220214844 994691.43050384521 1574277.2870178223 971862.56954193115
leaf_count=1444 163 149 173 170 150 202 98 15893 11507 197 140 1309 1995 953
internal_value=0.00026987 0.000989822 0.00135886 0.000297876 0.00172074 0.00242623 0.00140755 7.475e-05 1.07734e-05 -0.000335368 -0.00247352 -4.68147e-05 0.000699158 0.00171186
internal_weight=2.3462e+07 5.00278e+06 4.26573e+06 2.13926e+06 1.34829e+06 2.12647e+06 1.18589e+06 1.84592e+07 1.77202e+07 8.29866e+06 986773 7.31189e+06 3.54083e+06 1.96655e+06
internal_count=34543 1105 942 493 323 449 247 33438 31994 16101 337 15764 4257 2262
cat_boundaries=0 1 2
cat_threshold=37 321
is_linear=0
shrinkage=0.05


Tree=254
num_leaves=15
num_cat=0
split_feature=7 10 14 16 15 11 9 19 15 6 24 7 24 7
split_gain=988.794 2797.47 4135.52 2736.21 1576.07 2650.66 1906.92 1493.34 1432.39 1016.49 720.002 859.185 793.756 935.554
threshold=15.945746507756189 -0.10658283610293659 2.3864374454103636 18.407908271991452 19.322912792280288 -0.077904549126598596 0.25705177322892886 -0.0064566021574407996 18.145971631732113 15.793578236670717 9.4029902889189376 12.801776898829036 0.80042292159832307 15.156395737790072
decision_type=2 2 10 2 2 2 2 2 2 2 10 2 8 2
left_child=9 8 3 4 5 -3 7 -7 -2 10 12 -12 13 -1
right_child=1 2 -4 -5 -6 6 -8 -9 -10 -11 11 -13 -14 -15
leaf_value=0.0013854493495064017 0.0021848234849844517 0.00013713112418098076 -0.00042815244206819 0.001713955319479126 0.0002463722709025947 -0.00013498972482594291 0.0005311733475681364 -0.00019579258798754751 1.217675303533495e-05 -0.0029222956926470219 -0.0011737521022759292 0.015733855817475256 -0.00011193815723679925 0.0043593553382261143
leaf_weight=2820372.8801188469 713865.91064453125 657840.65258789062 564959.01953125 901839.9384765625 694611.08911132812 586484.32568359375 405795.46313476562 480343.63891601562 768480.22338867188 401303.59765625 384003.05385899544 440042.70324707031 13027301.303644419 392839.30395507812
leaf_count=6289 167 164 123 168 171 135 114 109 187 148 1642 403 24464 175
internal_value=0.00025345 0.000820671 0.00017389 0.000778179 1.2725e-05 -0.000661611 -0.00184037 -0.00295004 0.00269331 6.59263e-05 0.000124421 0.00156625 5.12623e-05 0.000755098
internal_weight=2.32401e+07 5.77422e+06 4.29187e+06 3.72692e+06 2.82508e+06 2.13046e+06 1.47262e+06 1.06683e+06 1.48235e+06 1.74659e+07 1.70646e+07 824046 1.62405e+07 3.21321e+06
internal_count=34459 1338 984 861 693 522 358 244 354 33121 32973 2045 30928 6464
is_linear=0
shrinkage=0.05


Tree=255
num_leaves=15
num_cat=2
split_feature=25 16 15 28 25 8 15 17 19 16 9 4 19 28
split_gain=1161.83 1896.67 1553.58 2250.33 1675.49 1250.31 2073.14 2176.07 1134.26 2496.38 2222.85 3148.97 2804.64 3180.4
threshold=0.25000000000000011 16.4547010273733 19.309486169614129 0 0.93301270189221952 0.20286302323876182 17.925087204804424 0.24497248980684103 -0.010786498609322749 18.650510177953056 0.11263565210970426 16.860170040119087 -0.015044224044914999 1
decision_type=2 2 2 1 2 2 2 2 2 2 2 2 2 1
left_child=8 -2 3 5 -5 6 7 -3 9 10 -1 12 -12 -14
right_child=1 2 -4 4 -6 -7 -8 -9 -10 -11 11 -13 13 -15
leaf_value=-0.00030621414299133976 0.00024572054414725004 0.0018263078627602494 0.00069996667238205932 8.4641313237764558e-06 -0.00010179516186517839 0.0028992773817076954 0.0016757524556292791 -0.0021774567430416169 0.00012335618727502074 -0.0001846951747650751 -8.7032799776134157e-05 0.00025561854351857037 -0.00032770818205227876 -0.017732272548645643
leaf_weight=194480.76429748535 6424640.2545969486 203598.35440826416 305401.86218261719 1086007.4819717407 283938.97451019287 1096016.5691947937 275073.60241699219 187149.099609375 7880298.176817894 124514.44760131836 4033715.172432065 435658.3583984375 406174.66744935513 381171.0968375206
leaf_count=74 12741 208 69 710 181 604 67 47 11600 47 6716 82 478 822
internal_value=0.000235682 0.000647947 0.00159595 0.001264 -0.000255955 0.00244585 0.00073693 -0.00160397 -6.64639e-05 -0.000612209 -0.000452312 -0.000258107 -0.000625981 -0.00335563
internal_weight=2.33178e+07 9.86183e+06 3.43719e+06 3.13178e+06 1.36995e+06 1.76184e+06 665821 390747 1.3456e+07 5.57571e+06 5.4512e+06 5.25672e+06 4.82106e+06 787346
internal_count=34446 14627 1886 1817 891 926 322 255 19819 8219 8172 8098 8016 1300
cat_boundaries=0 1 2
cat_threshold=609 274
is_linear=0
shrinkage=0.05


Tree=256
num_leaves=15
num_cat=0
split_feature=1 1 25 3 17 10 26 15 21 16 21 15 8 10
split_gain=846.696 1867.1 2254.57 1392.81 1093.84 1018.51 976.428 1356.64 789.098 1449.74 1240.1 3652.69 912.767 1377.32
threshold=17.156634566241113 16.684754232979486 -0.24999999999999997 16.536937448267057 0.082267795018298021 0.020774445777007603 -0.9330127018922193 17.266549879097024 7.7713535867490036 14.197338018149594 7.8178869819202257 17.848155662029146 0.10994347008993212 0.063754421242180961
decision_type=2 2 2 2 2 2 2 2 8 2 8 2 2 2
left_child=1 3 -3 4 8 -2 -6 -8 9 -1 11 -10 13 -12
right_child=5 2 -4 -5 6 -7 7 -9 10 -11 12 -13 -14 -15
leaf_value=-0.012990400301493532 -0.00010594281643425135 -3.2165109003498645e-05 0.00053548519419556668 -0.00016358791219122995 -0.0031872932761478354 -3.2988093290265392e-06 0.00044675019178142374 0.0010054552349771009 -0.38743018495270465 0.0062619716723516438 -0.0035102679910705586 -0.0024119279263881241 -4.6739070907078306e-05 0.00040207123416990124
leaf_weight=685943.36825585365 684443.73974609375 682552.71337890625 1007546.6547851562 704649.44140625 309483.70547485352 891232.91357421875 2376772.0953979492 530867.54016113281 41200.703855514526 892418.64408254623 176358.89226090908 112604.27164077759 14081410.873067498 70256.277370452881
leaf_count=2634 106 147 210 175 192 148 1789 168 180 1714 377 158 26310 77
internal_value=0.000122041 0.000203404 0.00179916 6.84332e-05 0.000148244 -0.000997036 0.000989764 0.00127395 -2.03266e-05 0.00104129 -0.000136031 -0.00460178 -8.80936e-05 -0.00310367
internal_weight=2.32477e+07 2.16721e+07 1.6901e+06 1.9982e+07 1.92773e+07 1.57568e+06 3.21712e+06 2.90764e+06 1.60602e+07 1.57836e+06 1.44818e+07 153805 1.4328e+07 246615
internal_count=34385 34131 357 33774 33599 254 2149 1957 31450 4348 27102 338 26764 454
is_linear=0
shrinkage=0.05


Tree=257
num_leaves=15
num_cat=1
split_feature=6 7 0 10 10 20 11 23 6 29 17 11 7 3
split_gain=1144.67 2408.39 1867.33 1985.33 3304.31 3082.6 1811.94 909.98 1233.93 1076.68 1418.38 1422.53 907.526 895.899
threshold=17.129815940530211 17.376805783880858 16.03763924788834 0.082762934500757404 -0.094102787106248031 0.035198188454513106 -0.070000168779436892 6.1439054272991207 16.30949344286088 0 0.018072580359405555 0.76494606717733815 12.053955361982814 16.041732990297305
decision_type=2 2 2 2 2 8 2 10 2 1 2 2 2 2
left_child=2 -2 7 4 -4 6 -6 8 13 10 11 -9 -11 -1
right_child=1 -3 3 -5 5 -7 -8 9 -10 12 -12 -13 -14 -15
leaf_value=-0.00016413203425572355 -8.6497911344386358e-05 2.5102953587421802e-06 0.00039208900709224344 0.0016745862812645473 0.00048970837747085714 -0.0004850424247773295 -2.4296616224342257e-05 0.0025880061007029645 -0.0084175527354785461 -0.0036877427072798843 -0.032355341760110727 -0.067700456436317988 0.003779849818141084 0.00084012038352988805
leaf_weight=14658846.242513061 694472.61083984375 890775.39794921875 892972.67749023438 1125142.1884765625 427099.50805664062 538249.25756835938 844693.21997070312 348644.57761335373 81418.8779296875 525699.5435230732 36872.999908447266 33941.513854980469 1857062.8595581055 356997.30322265625
leaf_count=26866 128 129 211 316 108 142 202 1035 22 3339 49 70 1806 117
internal_value=0.000148873 -0.00114822 0.000243509 0.00124581 0.000511179 -0.000716715 0.000625642 2.91466e-05 -0.000124445 0.000856638 -0.00147926 -0.000576666 0.00126785 -9.11597e-05
internal_weight=2.33129e+07 1.58525e+06 2.17276e+07 3.82816e+06 2.70301e+06 1.81004e+06 1.27179e+06 1.78995e+07 1.50973e+07 2.80222e+06 419459 382586 2.38276e+06 1.50158e+07
internal_count=34540 257 34283 979 663 452 310 33304 27005 6299 1154 1105 5145 26983
cat_boundaries=0 1
cat_threshold=66
is_linear=0
shrinkage=0.05


Tree=258
num_leaves=15
num_cat=2
split_feature=9 9 25 9 21 21 28 11 14 21 26 6 14 28
split_gain=867.414 1416.08 2027.49 1254.05 1550.69 2493.02 4211.67 2222.05 2634.42 2793.61 2651.34 2491.92 2201.89 2153.28
threshold=0.13827813384070328 0.11263565210970426 0.25000000000000011 0.2858742468060762 11.01375165277071 10.603241363941821 0 -0.13849335254270204 1.5148129450681804 10.804094355342125 1.0000000180025095e-35 14.805753421441523 1.7733484618321111 1
decision_type=2 2 2 2 10 10 1 2 10 10 2 2 10 1
left_child=1 2 -1 4 5 13 -7 -8 11 10 -10 -9 -12 -2
right_child=3 -3 -4 -5 -6 6 7 8 9 -11 12 -13 -14 -15
leaf_value=-4.5318169547818346e-05 0.00058235154791590811 0.0002650237526215872 0.00014206794691383861 0.00073084423909188293 7.9421394326481296e-05 -0.0020151372306990438 0.00052248114373815689 -0.0030884287007615033 -1.3925496435051609e-05 0.0012451213748443614 -0.0018285491363080634 -0.0042113809105227872 -0.0029364938065796751 -0.0003613238086496469
leaf_weight=429955.54080200195 1175524.8827781677 1009339.4322662354 383773.5373840332 14826797.822905064 821515.16314697266 387365.55523681641 468186.04100799561 201337.41543579102 311481.37637329102 487876.35186004639 144463.66638183594 245650.92150878906 148222.7201385498 2248792.6616020203
leaf_count=202 1330 425 211 29073 416 133 326 192 223 306 48 76 175 1384
internal_value=0.000179039 0.00122612 -0.00032587 9.01174e-05 -0.000480921 -0.000768014 -0.00200562 -0.00108442 -0.00200198 -0.000678507 -0.00295103 -0.00523539 -0.00636798 9.74328e-05
internal_weight=2.32903e+07 1.82307e+06 813729 2.14672e+07 6.64042e+06 5.8189e+06 2.39458e+06 2.00722e+06 1.53903e+06 1.09204e+06 604168 446988 292686 3.42432e+06
internal_count=34520 838 413 33682 4609 4193 1479 1346 1020 752 446 268 223 2714
cat_boundaries=0 1 2
cat_threshold=512 579
is_linear=0
shrinkage=0.05


Tree=259
num_leaves=15
num_cat=2
split_feature=16 24 11 28 19 21 23 22 4 20 10 29 16 9
split_gain=1780.63 905.707 2104.01 2206.72 2365.89 1392.31 1862.68 1744.37 1238.44 1140.81 992.935 1748.43 1619.62 1558.01
threshold=18.650510177953056 0.70292538345719902 0.13567473040218478 0 -0.025353462715368095 9.9818127845966949 0.84312269806514462 16.230494632781809 14.089196194806737 0.010904555156009953 0.063754421242180961 1 18.472836192843562 0.25705177322892886
decision_type=2 8 2 1 2 10 10 2 2 10 2 1 2 2
left_child=1 2 8 4 -4 -6 -7 -8 -1 -10 11 13 -13 -3
right_child=-2 10 3 -5 5 6 7 -9 9 -11 -12 12 -14 -15
leaf_value=0.00064256807871168847 0.00085014426710117294 -0.0056653358181560269 -0.014091398061675709 0.0021952503751741319 0.019301278657270583 0.0059828941022337248 -0.0017787847052213096 -0.017365548431896034 0.0010850042763387367 0.000107445533699441 0.00030655522628993522 3.1964924427596481e-06 -0.00045232128051025001 -0.0013724240400801516
leaf_weight=1228071.3397598267 315917.49856567383 342693.92150115967 168627.25038146973 566829.14253520966 122610.95651626587 171987.98504829407 103837.384516716 111904.87080383301 1040079.4927978516 894253.77600097656 6595404.5837407112 9624065.0446497202 284046.05911254883 1731861.4487990141
leaf_count=3538 119 223 163 1300 228 198 160 72 431 310 10785 13812 114 2926
internal_value=0.000137036 8.57955e-05 0.000730112 -0.00101028 -0.002933 -0.00123646 -0.00270507 -0.00579933 0.00141572 0.00220412 -6.70878e-05 -0.000338278 -6.19112e-05 -0.0016582
internal_weight=2.33022e+07 2.29863e+07 4.4082e+06 1.2458e+06 678968 510341 387730 215742 3.1624e+06 1.93433e+06 1.85781e+07 1.19827e+07 9.90811e+06 2.07456e+06
internal_count=34379 34260 6400 2121 821 658 430 232 4279 741 27860 17075 13926 3149
cat_boundaries=0 1 2
cat_threshold=320 72
is_linear=0
shrinkage=0.05


Tree=260
num_leaves=15
num_cat=2
split_feature=1 14 7 24 8 20 2 8 28 28 2 24 5 4
split_gain=1252.7 2858.17 2816.78 1146.75 1041.01 1948.1 1469.12 1543.34 963.473 869.717 1283.48 1138.25 836.664 859.566
threshold=17.156634566241113 1.5869445368927224 15.945746507756189 -0.39493987281497694 0.23198270913806382 -0.035779561396696198 16.272388657055533 0.13255708096274924 0 1 15.666534854658034 1.9236438744811404 15.80993700773832 15.209778070787939
decision_type=2 10 2 8 2 10 2 2 1 1 2 10 2 2
left_child=2 -2 3 -1 5 -4 -7 -8 -9 12 -11 -12 13 -5
right_child=1 -3 4 9 -6 6 7 8 -10 10 11 -13 -14 -15
leaf_value=0.0049643899619980433 5.9141592846141484e-05 -0.0001822819769593897 -0.00020684178146520291 -0.0014360174784306744 0.00099364886633322236 0.00055208249048173559 0.00012915457672661154 5.1236511750594052e-05 -8.1198081614735089e-05 0.00038724321564905992 -0.0032755190226153191 -0.0012260266364818024 0.0012189862808065235 -0.0032157074132977172
leaf_weight=754245.6965970993 630004.13671875 957621.138671875 681251.68701171875 3194141.4202233553 1359231.802734375 434009.40966796875 897638.54516601562 547848.61059570312 439428.66625976562 12562091.425033569 271875.02160644531 313060.71142578125 61996.112548828125 325215.76391601562
leaf_count=1608 91 165 182 8112 367 132 198 133 97 23035 107 125 24 159
internal_value=0.000203714 -0.00115236 0.000302282 1.87443e-05 0.00143936 0.000919295 0.00160987 0.00100598 -0.000358243 -6.72424e-05 0.000120924 -0.00216851 -0.000757993 -0.000859427
internal_weight=2.34297e+07 1.58763e+06 2.1842e+07 1.74826e+07 4.35941e+06 3.00018e+06 2.31893e+06 1.88492e+06 987277 1.67284e+07 1.3147e+07 584936 3.58135e+06 3.51936e+06
internal_count=34535 256 34279 33170 1109 742 560 428 230 31562 23267 232 8295 8271
cat_boundaries=0 1 2
cat_threshold=288 184
is_linear=0
shrinkage=0.05


Tree=261
num_leaves=15
num_cat=0
split_feature=3 19 26 0 0 14 3 4 19 11 11 3 20 22
split_gain=1499.21 1591.82 3444.83 2452.97 1738.94 1493.44 1306.82 1419.52 1209.76 1754.61 3215.92 1211.01 1408.81 1117.34
threshold=14.89165024877475 -0.016407059656580947 0.6830127018922193 16.272741767951768 17.156634566241113 0.95855673083479476 16.3974896391274 16.166066284103554 -0.0083378322809124477 -0.077904549126598596 -0.029507131948196947 16.690778174436563 0.00036693853648560006 16.66341058270601
decision_type=2 2 2 2 2 8 2 2 2 2 2 2 10 2
left_child=13 2 4 -4 6 -3 7 -2 11 -10 -11 12 -7 -1
right_child=1 5 3 -5 -6 8 -8 -9 9 10 -12 -13 -14 -15
leaf_value=0.0013463759134499031 0.00065771228114546451 -0.0038257705307665995 -3.0601258088787145e-05 -0.00038383302596003825 -7.27588391522799e-05 0.0030680130859477052 0.00034621233982809225 -0.0009838158919690356 0.00046227942416655183 -0.00016743792640438673 0.00016786995519559614 0.0008670184908610572 -0.00091248895468602005 -0.0012322012378853874
leaf_weight=6092683.3301312923 986386.98193359375 287403.712890625 376513.67504882812 320152.95556640625 338338.31787109375 509459.20629882812 636593.005859375 308557.4423828125 1740850.117980957 497667.7119140625 2693641.9422607422 418324.03051757812 245002.16564941406 7817680.0231568813
leaf_count=15420 453 135 159 66 55 211 144 91 548 148 900 79 97 15875
internal_value=0.00029954 0.000788831 -0.000168386 -0.0032439 0.000775545 0.00123305 0.00135475 0.000442885 0.00139887 0.00105566 0.000359131 0.00284228 0.00164589 -2.96539e-05
internal_weight=2.32693e+07 9.35889e+06 2.96654e+06 696667 2.26988e+06 6.39235e+06 1.93154e+06 1.29494e+06 6.10495e+06 4.93216e+06 3.19131e+06 1.17279e+06 754461 1.39104e+07
internal_count=34381 3086 968 225 743 2118 688 544 1983 1596 1048 387 308 31295
is_linear=0
shrinkage=0.05


Tree=262
num_leaves=15
num_cat=1
split_feature=3 16 23 23 21 28 19 21 21 15 5 4 3 22
split_gain=1372.59 2397.83 1639.54 1524.19 1226.12 1226.91 770.914 1341.77 1350.64 3377.35 3100.97 1393.59 1147.92 1015.21
threshold=16.3974896391274 18.472836192843562 2.6039781056343654 4.1863613804348558 10.896494053253278 0 0.01031223928624665 7.7351608760303376 7.8178869819202257 19.211355620242706 11.790861154804574 16.283999875186893 15.262163244648258 18.66055157771083
decision_type=2 2 10 10 10 1 2 10 10 2 2 2 2 2
left_child=6 2 4 -4 5 -2 7 -1 9 10 -9 13 -8 -10
right_child=1 -3 3 -5 -6 -7 12 8 11 -11 -12 -13 -14 -15
leaf_value=0.007441323255857878 5.5848628141227303e-05 -0.00010666000910389182 -0.00014084271220655623 0.00011699447800261726 0.00085635666314455626 0.00025729366684205566 0.00046864269872768684 0.014560802155680154 -0.00025009002956696917 0.013168614404387999 -0.36746268294550222 -0.0011546849950687947 0.00075672513882767307 0.0014328431870918312
leaf_weight=1004626.1092551947 872057.18896484375 772242.93579101562 622644.78051757812 520129.46533203125 733020.40356445312 650164.11743164062 5990094.5374524593 40662.830374717712 8828551.8713653088 104100.80274200439 73274.738677978516 442467.56176757812 1277472.236328125 1358565.9564760923
leaf_count=2669 188 133 130 119 138 141 12418 245 15639 121 91 130 478 1885
internal_value=0.000296717 0.00111861 0.00169017 0.000147282 0.00247198 0.00166296 0.000117453 -0.000131161 -0.00029306 -0.00418857 -0.0101368 -0.000213154 0.000522902 -9.38387e-05
internal_weight=2.32901e+07 4.17026e+06 3.39802e+06 1.14277e+06 2.25524e+06 1.52222e+06 1.91198e+07 1.18522e+07 1.08476e+07 218038 113938 1.06296e+07 7.26757e+06 1.01871e+07
internal_count=34525 849 716 249 467 329 33676 20780 18111 457 336 17654 12896 17524
cat_boundaries=0 1
cat_threshold=288
is_linear=0
shrinkage=0.05


Tree=263
num_leaves=15
num_cat=1
split_feature=15 0 17 15 2 17 14 9 5 29 16 20 23 20
split_gain=1155.54 4076.19 2033.02 1723.78 1448.9 1221.45 1273.21 1064.83 4008.45 846.566 1572.35 934.898 1194.63 811.243
threshold=19.255681931610429 17.419860989426706 0.010123518085374603 19.327865131340943 14.702044463091365 0.021115310027280055 1.4367014174903823 0.099641508914028162 16.960686163940348 0 16.358074686910602 0.078107624657525007 0.73882932105507859 0.091086086462480967
decision_type=2 2 2 2 2 2 10 2 2 1 2 10 10 8
left_child=1 7 4 13 -2 -5 -7 8 -1 -9 11 -11 -13 -4
right_child=2 -3 3 5 -6 6 -8 9 -10 10 -12 12 -14 -15
leaf_value=0.00059822562205655533 0.00052671514894777206 -0.00023290893962399524 0.0021579251728189148 0.0038475447503756514 -0.013167917723456549 -0.0032871324024868805 7.5908763461436248e-05 8.882023449242112e-05 -0.0010368242165919729 -0.00036223583114922077 -0.0063849075823850885 0.00054354297644383079 -0.021435444893341732 0.0021597686182056436
leaf_weight=107991.21559143066 2963665.4601669312 454524.251953125 839304.22595214844 421916.88696289062 155100.29254150391 407102.42358398438 759306.95581054688 12502669.543646574 97336.52197265625 3959024.8004868031 108159.72561073303 61438.139085769653 70208.813019752502 592618.32214355469
leaf_count=198 4620 70 258 225 110 134 163 18230 19 9892 112 143 179 237
internal_value=0.000162421 -4.60685e-05 0.000752036 0.00167665 -0.000143373 0.000542477 -0.000291446 7.95499e-05 -0.00349922 0.000123547 -0.000490723 -0.000333392 -0.00447857 0.00293471
internal_weight=2.35004e+07 1.73614e+07 6.13901e+06 3.02025e+06 3.11877e+06 1.58833e+06 1.16641e+06 1.69068e+07 205328 1.67015e+07 4.19883e+06 4.09067e+06 131647 1.43192e+06
internal_count=34590 28843 5747 1017 4730 522 297 28773 217 28556 10326 10214 322 495
cat_boundaries=0 1
cat_threshold=57
is_linear=0
shrinkage=0.05


Tree=264
num_leaves=15
num_cat=0
split_feature=8 9 22 14 2 17 17 24 11 11 1 7 21 18
split_gain=1027 2400.7 1713.16 1035.39 3064.09 1695.03 2331.86 1228.46 1007.6 3525.65 774.368 860.003 773.459 802.549
threshold=0.14483486216721952 0.14407582608325048 19.617331230798943 2.4769696827677885 15.466483240848307 0.16135964454892707 0.13000427664369207 1.9434536580973651 -0.009750128694434949 -0.066974212558948296 14.875645025660647 14.563901574557894 10.562766155196092 0.26118470085058776
decision_type=2 2 2 10 2 2 2 10 2 2 2 2 10 10
left_child=2 -2 3 5 -5 6 8 -7 9 12 11 -10 13 -1
right_child=1 -3 -4 4 -6 7 -8 -9 10 -11 -12 -13 -14 -15
leaf_value=0.0039708285658920069 -0.00011747641559117313 0.00024213664022738597 -0.00074757268442305431 0.0024924626308567787 -0.0031716909820981745 0.00061216646569290029 -0.0012990137618230013 1.388056200367367e-05 0.00165753750967391 -0.00040086464990380716 0.00073319410201091214 -0.0088475018074266939 0.0005926642270251874 -0.0018216408359182871
leaf_weight=67325.482001543045 347757.64420318604 19268442.92950809 393325.49336242676 136941.33559417725 76351.870361328125 869834.04138183594 207222.61767578125 387865.78967285156 216704.50384902954 230571.80522918701 636713.06091308594 64627.542724609375 316707.00649642944 126231.93758392334
leaf_count=231 153 32106 162 413 24 228 68 106 407 102 196 41 161 88
internal_value=0.000367886 0.000223271 0.00112834 0.0014962 -0.00187427 0.00172633 0.000770159 0.00314505 0.00139485 2.30892e-05 0.00250182 0.000317208 0.00234173 -0.000148356
internal_weight=2.33466e+07 1.96162e+07 3.73042e+06 3.3371e+06 213293 3.1238e+06 1.8661e+06 1.2577e+06 1.65888e+06 740836 918045 281332 510264 193557
internal_count=34486 32259 2227 2065 437 1628 1294 334 1226 582 644 448 480 319
is_linear=0
shrinkage=0.05


Tree=265
num_leaves=15
num_cat=0
split_feature=7 10 0 1 19 19 8 8 11 2 0 4 24 5
split_gain=1460.82 4628.58 2241.23 1517.34 1423.26 1145.29 1128.5 1791.29 2390.27 1606.46 1061.32 1665.99 1402.41 1058.01
threshold=17.115974588496943 -0.029996462998554695 15.668470468809554 15.466919523786144 -0.035489958220306199 -0.020948958783492597 0.11957039339654042 0.19221792523455603 -0.088377571599897481 16.533265774342059 15.140196249094553 15.209778070787939 1.4770627534572751 14.93104648894627
decision_type=2 2 2 2 2 2 2 2 2 2 2 2 8 2
left_child=2 -2 3 10 -4 -6 -7 8 -8 -10 13 -12 -13 -1
right_child=1 -3 4 -5 5 6 7 -9 9 -11 11 12 -14 -15
leaf_value=-3.0012946945338952e-05 -6.5132444079058735e-05 3.4969795672602651e-05 -0.00021261351224747507 -0.0021375621214473188 0.00092282016131235061 0.00011212082840183243 -0.0013934179232844152 0.00057787676476136411 -0.00019960174569224419 0.0008689873345517975 0.0052258559822912984 0.0014241418304760728 -0.0031775392657842497 -0.0013371371599722741
leaf_weight=14167830.585167885 672487.65625 1046438.1186523438 603662.71850585938 748703.09094238281 592543.18334960938 704529.96655273438 391875.70703125 1730855.0352783203 388541.07470703125 398492.427734375 621730.72631835938 229798.88818359375 368393.83459472656 845284.05407714844
leaf_count=31726 107 169 168 324 164 173 106 530 117 91 341 103 173 450
internal_value=5.96039e-05 -0.00134371 0.000170294 -9.9583e-05 0.001123 0.00144879 0.00111475 0.000680007 -0.000823183 0.000765477 1.91913e-06 0.0014202 -0.000463537 -0.000113326
internal_weight=2.35112e+07 1.71893e+06 2.17922e+07 1.69817e+07 4.8105e+06 4.20684e+06 3.61429e+06 2.90976e+06 1.17891e+06 787034 1.6233e+07 1.21992e+06 598193 1.50131e+07
internal_count=34742 276 34466 33117 1349 1181 1017 844 314 208 32793 617 276 32176
is_linear=0
shrinkage=0.05


Tree=266
num_leaves=15
num_cat=0
split_feature=7 23 7 2 1 15 23 21 21 16 6 16 15 24
split_gain=1591.99 2250.45 2190.02 1641.83 2442.82 1988.21 1291.12 668.725 2882.5 4951.67 1283.67 990.536 647.558 951.851
threshold=17.115974588496943 2.5830001599057755 15.945746507756189 16.395876229078294 16.684754232979486 18.145971631732113 2.7458058519979605 7.7713535867490036 7.8178869819202257 14.426647594791264 13.280080485417924 13.473796531885618 17.987304240628603 1.7949352587435352
decision_type=2 10 2 2 2 2 10 8 8 2 2 2 2 10
left_child=2 -2 7 12 5 -5 -6 11 9 10 -9 -1 -4 -14
right_child=1 -3 3 4 6 -7 -8 8 -10 -11 -12 -13 13 -15
leaf_value=-0.028566518098182565 2.5704639210487875e-06 -7.5377387316382654e-05 0.00058920757652216769 -0.00021518626192374679 0.00040378131709759642 7.2285453059384866e-05 -0.00024154622515060593 0.041945065216287394 -9.4878370772058233e-05 -0.36341896317785544 -0.58519964958026194 0.0054352583325187019 -0.00012486418487898967 0.0018853655099470895
leaf_weight=540120.94809520245 1047948.283203125 618991.28125 571801.28393554688 437929.35815429688 981923.095703125 593062.19262695312 524231.10888671875 58289.468997955322 15662531.675910234 40509.029605865479 34021.429565429688 1178409.7756156921 335108.283203125 698434.19213867188
leaf_count=2301 174 94 167 108 208 160 116 238 28306 78 30 2193 101 210
internal_value=0.000121349 -0.00136759 0.000235957 0.00126982 0.000478018 -0.00139719 0.00176164 -8.57812e-06 -0.000110488 -0.0074453 -0.00104996 0.000928096 0.0025212 0.00177427
internal_weight=2.33233e+07 1.66694e+06 2.16564e+07 4.14249e+06 2.53715e+06 1.03099e+06 1.50615e+06 1.75139e+07 1.57954e+07 132820 92310.9 1.71853e+06 1.60534e+06 1.03354e+06
internal_count=34484 268 34216 1070 592 268 324 33146 28652 346 268 4494 478 311
is_linear=0
shrinkage=0.05


Tree=267
num_leaves=15
num_cat=2
split_feature=7 11 16 26 27 14 19 25 16 16 28 9 28 3
split_gain=1358.56 3202.14 1380.87 1164.32 1122.55 3196.54 1088.31 858.606 2801.47 1654.26 1611.21 1195.91 1157.31 1118.8
threshold=17.115974588496943 -0.0029606646261219499 17.596891769448991 -0.9330127018922193 2.5000000000000004 2.3575037049707972 -0.025823528620961395 -0.24999999999999997 17.099172047158188 16.732634901765508 0 0.33183490843569974 1 14.712079425912988
decision_type=2 2 2 2 2 8 2 2 2 2 1 2 1 2
left_child=2 -2 7 -4 5 -5 -6 8 13 -9 -11 -10 -13 -1
right_child=1 -3 3 4 6 -7 -8 9 11 10 -12 12 -14 -15
leaf_value=-0.0012402052768944612 -0.00014341675580221348 7.1880428107248676e-06 -0.00026717717088265141 0.00017690740593818884 -0.00011579235823875373 -0.00095629488530502504 0.00053167096318972127 0.00022574502016610464 -0.0025264924009900033 0.00085229713680007139 -0.004498677129247175 0.0087279149626919763 -0.0079008606545719895 0.00060782786259577987
leaf_weight=5079447.2848006487 674456.8935546875 983043.048828125 248245.02647399902 288913.61569213867 358683.51490783691 194467.74606323242 1890938.5496368408 9661754.6213026047 286884.51644897461 991093.57130432129 283486.04083251953 86300.06330871582 139526.27116203308 2186940.3015136719
leaf_count=12228 112 155 127 157 183 93 948 18158 125 620 413 86 197 943
internal_value=0.000155359 -0.00122438 0.000260764 0.00126019 0.00155799 -0.000628068 0.00202771 0.000101562 -0.000299987 0.000387186 0.00208028 -0.00387207 -0.00115032 -4.79434e-05
internal_weight=2.33542e+07 1.6575e+06 2.16967e+07 2.98125e+06 2.733e+06 483381 2.24962e+06 1.87154e+07 7.7791e+06 1.09363e+07 1.27458e+06 512711 225826 7.26639e+06
internal_count=34545 267 34278 1508 1381 250 1131 32770 13579 19191 1033 408 283 13171
cat_boundaries=0 1 2
cat_threshold=357 324
is_linear=0
shrinkage=0.05


Tree=268
num_leaves=15
num_cat=1
split_feature=1 8 0 16 14 8 8 23 19 6 3 16 6 28
split_gain=2028.29 2017.11 1377.9 1683.77 1730.13 2420.89 1579.68 2179.18 1815.63 1244.94 771.612 651.171 805.84 728.286
threshold=17.156634566241113 0.11957039339654042 15.802459769609863 18.435443290659602 1.3651085897081752 0.20964551492359293 0.13255708096274924 1.1748484155608001 0.0041528008782671507 16.195518319119824 16.273039820797113 17.596891769448991 15.947782723660634 0
decision_type=2 2 2 2 10 2 2 10 2 2 2 2 2 1
left_child=2 -2 9 4 -4 6 8 -8 -6 10 11 12 13 -1
right_child=1 -3 3 -5 5 -7 7 -9 -10 -11 -12 -13 -14 -15
leaf_value=-0.0014719465415425376 2.6041397381669427e-06 -0.00010801664349861873 -0.0012054284386816142 -0.00040483504617379502 2.7270027771362915e-05 0.0035141944154483901 4.7784508003269315e-05 -0.00013178924949182883 0.00011184280129408874 -0.010561177790381559 0.0020977876759241958 0.00037959300992900554 -0.015534311819607863 0.00021347779974584345
leaf_weight=2651519.2099618912 657885.197265625 906694.291015625 622939.54284667969 373940.13842773438 672472.98315429688 1187463.8095703125 432463.17724609375 805654.86413574219 479865.66455078125 55574.9619140625 78285.149658203125 1066890.9917755127 71163.0224609375 13235007.931509495
leaf_count=6520 105 150 197 86 160 349 117 201 112 16 26 1056 23 25256
internal_value=0.000103516 -0.00163525 0.00022869 0.000999715 0.00128591 0.0017093 0.000792636 -0.000447368 0.00212495 2.3118e-05 4.73958e-05 2.4622e-05 -5.53346e-05 -3.15541e-05
internal_weight=2.32978e+07 1.56458e+06 2.17332e+07 4.5748e+06 4.20086e+06 3.57792e+06 2.39046e+06 1.23812e+06 1.15234e+06 1.71584e+07 1.71029e+07 1.70246e+07 1.59577e+07 1.58865e+07
internal_count=34374 255 34119 1222 1136 939 590 318 272 32897 32881 32855 31799 31776
cat_boundaries=0 1
cat_threshold=176
is_linear=0
shrinkage=0.05


Tree=269
num_leaves=15
num_cat=0
split_feature=0 11 8 9 11 11 11 10 10 4 5 21 9 1
split_gain=1198.76 2098.25 1764.44 2277.69 1153.51 1082.97 999.274 1634.54 1508.21 854.534 1528.95 1599.46 1521.91 1351.86
threshold=15.802459769609863 0.033327541454186205 0.19583774589217531 0.19850244440611808 0.061171045982236501 -0.070000168779436892 0.29247374235359486 0.023710827087195501 0.11389723311351392 15.333319931153808 15.162938269030475 10.638418371281032 0.3710769374985175 15.552773349616709
decision_type=2 2 2 2 2 2 2 2 2 2 2 8 2 2
left_child=9 2 3 5 -3 -2 7 -6 -9 -1 -11 12 13 -12
right_child=1 4 -4 -5 6 -7 -8 8 -10 10 11 -13 -14 -15
leaf_value=0.00030018223032028261 4.6844999672473477e-05 0.0011292081249636597 0.00071423993715198728 -0.00027214424931079926 6.2115793452384373e-05 -2.7154514652342486e-05 0.0037593967818075995 -0.00040831176725698653 0.00017121775646682444 0.0011100769090918263 -0.00086582368271628492 -0.0060043574206721136 -0.0044122178910053819 0.00089878577046178403
leaf_weight=15692357.730083823 844546.12036132812 449557.59289550781 1350756.46875 477605.85595703125 817314.80151367188 838771.74755859375 482411.34204101562 434287.47900390625 422184.43212890625 508640.13000488281 267021.91430664062 288349.99780273438 281803.18505859375 246894.27807617188
leaf_count=32336 190 101 362 115 181 186 139 93 110 264 118 119 106 92
internal_value=0.000238378 0.000839905 4.22347e-05 -0.000843869 0.0019149 2.07994e-05 0.00143454 0.000856674 -0.000669683 2.5489e-05 -0.00107802 -0.00213916 -0.000983029 0.000636213
internal_weight=2.34025e+07 6.11744e+06 3.51168e+06 2.16092e+06 2.60576e+06 1.68332e+06 2.1562e+06 1.67379e+06 856472 1.72851e+07 1.59271e+06 1.08407e+06 795719 513916
internal_count=34512 1477 853 491 624 376 523 384 203 33035 699 435 316 210
is_linear=0
shrinkage=0.05


Tree=270
num_leaves=15
num_cat=0
split_feature=16 14 11 16 25 3 19 0 7 14 8 19 19 10
split_gain=1117.45 3436.39 2477.88 2267.95 1585.11 835.509 2968.62 2660.44 2279.99 1704.95 1477.71 1362.25 1322.88 1743.9
threshold=18.407908271991452 2.3753785055257124 0.12804778057018137 18.342196337377381 0.25000000000000011 15.203240784805905 -0.035637932706194649 16.272741767951768 15.156395737790072 1.3651085897081752 0.26426021986977311 -0.0014855709088409498 0.042837075796135708 -0.049526114149462445
decision_type=2 10 2 2 2 2 2 2 2 10 2 2 2 2
left_child=3 2 -2 5 -5 8 7 -7 -1 -8 12 -10 13 -11
right_child=1 -3 -4 4 -6 6 9 -9 11 10 -12 -13 -14 -15
leaf_value=0.00019481801543097375 0.0020316641656074634 -0.00012789131139318659 -0.00017966313582274692 -0.00064257303635374154 -1.8742040755251409e-05 5.0748442582595392e-05 -0.00043758830398968947 -0.00072943743190889514 -0.00030757110870935855 -1.9000822645791495e-05 0.0041743090976870262 -0.0027111240369509194 0.00037283571746774121 9.6989493464594046e-05
leaf_weight=14244214.523350358 911880.50103759766 493254.17321777344 324360.97164916992 405057.46304321289 304549.35888671875 385237.33972167969 1147420.4396972656 351815.52319335938 326225.79211425781 1040107.6882324219 1182781.9605712891 323487.32702636719 382925.3388671875 1591131.947265625
leaf_count=31351 305 181 135 153 106 153 446 81 152 279 427 150 105 445
internal_value=0.000161733 0.00138483 0.00279264 6.41846e-05 -0.00271587 0.000158235 0.000652083 -0.00232262 -4.34104e-05 0.00106233 0.00152928 -0.00294002 0.000941567 0.000541969
internal_weight=2.34145e+07 1.7295e+06 1.23624e+06 2.1685e+07 709607 2.09753e+07 6.08142e+06 737053 1.48939e+07 5.34437e+06 4.19695e+06 649713 3.01416e+06 2.63124e+06
internal_count=34469 621 440 33848 259 33589 1936 234 31653 1702 1256 302 829 724
is_linear=0
shrinkage=0.05


Tree=271
num_leaves=15
num_cat=0
split_feature=16 19 23 9 10 16 2 18 5 2 16 2 20 19
split_gain=1851.01 1147.1 1682.15 2131.83 2594.1 4146.87 2388.45 1658.6 1554.42 1445.75 1486.96 1756.93 1498.37 1412.6
threshold=18.650510177953056 0.0054342923760856013 1.1346346977615454 0.28262551853150103 -0.033155664309178996 18.36763154562799 16.684754232979486 0.26118470085058776 14.581923659881538 16.842637334131179 16.732634901765508 15.25666115188052 -0.0034840980949241494 -0.0014855709088409498
decision_type=2 2 10 2 2 2 2 8 2 2 2 2 8 2
left_child=1 2 -1 4 5 9 -5 -6 -3 10 11 12 -4 -9
right_child=-2 8 3 6 7 -7 -8 13 -10 -11 -12 -13 -14 -15
leaf_value=0.00024527660137512028 -0.00029745157933831442 8.7160366023325011e-05 -0.0055871439291967509 -0.00010284733155843694 -0.00090694608533204129 -0.0024166835848065476 0.0050736813618886718 0.00097053062826759403 0.00014007138859684583 -0.00051416598766097581 0.00034898351753099107 -0.0049630736780099634 0.00017198048409601625 -0.0010637005393760123
leaf_weight=3103567.028629303 328613.9758605957 5106467.3389897346 216887.75000762939 6510116.3417987823 761838.91757202148 150313.80645751953 243374.08227539062 1245517.6213722229 4302384.0718994141 195596.31591796875 400550.02793121338 164876.81506347656 403229.46361160278 239660.7836894989
leaf_count=4308 123 12452 243 13401 958 56 51 530 1593 34 166 57 464 100
internal_value=0.000146093 0.000199227 -9.38079e-05 -0.000395277 -0.00134631 -0.00293324 0.000136813 -0.000264745 0.000623901 -0.0020749 -0.00141782 -0.00268272 -0.00146301 0.00070818
internal_weight=2.3373e+07 2.30444e+07 1.36355e+07 1.0532e+07 3.77847e+06 1.53145e+06 6.75349e+06 2.24702e+06 9.40885e+06 1.38114e+06 1.18554e+06 784994 620117 1.48518e+06
internal_count=34536 34413 20368 16060 2608 1020 13452 1588 14045 964 930 764 707 630
is_linear=0
shrinkage=0.05


Tree=272
num_leaves=15
num_cat=1
split_feature=26 29 9 8 17 8 1 5 19 21 23 2 19 18
split_gain=1111.64 2370.48 1742.33 2540.12 2378.45 1292.11 1631.83 1205.63 1218.79 1413.94 1174 1613.95 1738.78 2795.25
threshold=-0.5 0 0.14407582608325048 0.064852118826147817 0.66252544723962614 0.53877358574524026 15.319488255298628 13.106022269218842 0.0054342923760856013 10.81598335797027 6.1684285672841659 15.466483240848307 -0.029986948250196144 0.34298014506208535
decision_type=2 1 2 2 2 2 2 2 2 10 8 2 2 10
left_child=1 5 -2 -4 7 -1 -7 -5 10 -10 11 -9 -13 -14
right_child=2 -3 3 4 -6 6 -8 8 9 -11 -12 12 13 -15
leaf_value=0.0038842867479538406 0.00059486096825326826 -0.00011893668174583787 -0.0030510157754166452 -0.0017948667994536604 -0.0008471245974610072 0.0025221836752698044 -0.71421627843514679 0.0010667204039550076 0.00065837479837904244 0.003914386834500445 0.0010881482461628821 -0.00084078935927633784 -0.00016219632170385288 0.00085781286257181715
leaf_weight=865529.8022236824 1461736.3290328979 6696038.4205309153 83220.448662400246 4298656.1114443541 101494.31823730469 348984.50776004791 27350.318603515625 3440704.6669921875 2450822.0015258789 826043.37890625 891912.10012817383 390026.92651367188 619909.14416503906 809372.02795410156
leaf_count=854 652 9337 161 15992 44 1441 9 2747 1652 442 610 111 155 247
internal_value=0.000289797 -0.000190715 0.000537897 0.00036536 0.000417771 0.00181563 -0.000630249 0.000474154 0.000790543 0.00156944 0.000375656 9.12316e-05 -0.00111323 -0.000305755
internal_weight=2.33118e+07 7.9379e+06 1.53739e+07 1.39122e+07 1.38289e+07 1.24186e+06 376335 1.37274e+07 9.42879e+06 3.27687e+06 6.15192e+06 5.26001e+06 1.81931e+06 1.42928e+06
internal_count=34454 11641 22813 22161 22000 2304 1450 21956 5964 2094 3870 3260 513 402
cat_boundaries=0 1
cat_threshold=40
is_linear=0
shrinkage=0.05


Tree=273
num_leaves=15
num_cat=0
split_feature=1 10 3 10 14 10 14 17 20 16 17 8 22 23
split_gain=1128.76 1558.24 1488.29 1227.22 2116.03 2046.25 3773.52 1573.66 1526.74 1352.22 1314.15 1903.56 1136.62 1068.36
threshold=17.156634566241113 0.061003165100905705 14.89165024877475 -0.11050003848079633 1.4739290126631273 -0.033155664309178996 2.3007789970073866 0.049853867182557653 0.050059528744351808 18.314726746826736 0.12005163561103827 0.18850960025037897 16.648858389263836 1.0742637429835253
decision_type=2 2 2 2 10 2 10 2 10 2 2 2 2 8
left_child=2 -2 -1 4 7 6 10 12 9 13 11 -5 -4 -7
right_child=1 -3 3 5 -6 8 -8 -9 -10 -11 -12 -13 -14 -15
leaf_value=5.1704265294148105e-05 -6.0635795338376611e-05 4.5573090868899982e-05 -0.0019796719609528331 -0.002129449497684217 0.001264246604695645 0.0020896661337946212 -0.00060422430552748829 -0.0038017728112434666 -0.0002994123539454522 -0.00012504165664230962 0.00040461968904291831 0.00040805416146542402 0.0018271237636247432 0.00053204358550141683
leaf_weight=13997105.265033484 877204.75341796875 701942.6240234375 251547.93316650391 314167.25366210938 1711631.6159667969 782431.83972167969 345068.00964355469 253576.04260253906 284079.13708496094 652452.16235351562 306046.45910644531 293731.43786621094 487635.05548095703 2255809.6535644531
leaf_count=31451 138 119 108 92 587 275 102 103 97 179 105 124 222 860
internal_value=0.000244727 -0.00104639 0.000337676 0.000884567 0.00174942 0.00043768 -0.00131896 -8.70258e-05 0.000994096 0.00126597 0.000363021 -0.000982251 0.00107893 0.00170948
internal_weight=2.35144e+07 1.57915e+06 2.19353e+07 7.93818e+06 2.70439e+06 5.23379e+06 1.25901e+06 992759 3.97477e+06 3.69069e+06 913945 607899 739183 3.03824e+06
internal_count=34562 257 34305 2854 1020 1834 423 433 1411 1314 321 216 330 1135
is_linear=0
shrinkage=0.05


Tree=274
num_leaves=15
num_cat=0
split_feature=7 17 8 26 21 21 21 15 19 0 21 7 2 17
split_gain=2826.02 2013.28 1498.34 2355.73 1727.96 925.366 1389.05 2237.61 1408.37 1360.63 1133.89 6547.49 1852.04 1072.67
threshold=17.115974588496943 0.24497248980684103 0.096798193245150224 -0.5 10.583531120727168 10.822352375188466 10.657170068442776 19.381805013860188 0.0538948132917463 14.480265858311538 11.104263422778596 16.805898420640069 16.533265774342059 0.27895765299337733
decision_type=2 2 2 2 10 10 8 2 2 2 10 2 2 2
left_child=2 -2 3 4 -1 6 13 8 -8 -10 12 -12 -7 -4
right_child=1 -3 5 -5 -6 10 7 -9 9 -11 11 -13 -14 -15
leaf_value=-0.002869950417653146 -2.2876584244080957e-05 -0.00033243270879194237 0.00019119448462287636 0.0014631992197098554 4.9482647492007275e-05 0.00042667895613729607 -0.0002076745433265785 -0.016094671507033139 -0.0075456434941641353 -0.0093105220751841418 5.4829091347781064e-05 -0.0044389474735716103 0.0019152151035753907 -6.4335181575133252e-05
leaf_weight=122302.4524064064 1097831.8447265625 655410.40185546875 12685626.680445552 562976.80415546894 170497.90182113647 2314053.0147967339 2215121.1848955154 131053.66807556152 105006.58148169518 90986.232177734375 991423.44830965996 63623.53173828125 490187.1416015625 1660397.7688598633
leaf_count=166 175 107 23528 536 94 3762 3246 87 223 46 1682 14 109 734
internal_value=2.10371e-05 -0.00190956 0.000177718 0.00222802 -0.00140955 9.31481e-05 -6.64788e-05 -0.00114369 -0.000797848 -0.0048604 0.000791673 -0.000605575 0.00131736 0.000124407
internal_weight=2.33565e+07 1.75324e+06 2.16033e+07 855777 292800 2.07475e+07 1.68882e+07 2.54217e+06 2.41111e+06 195993 3.85929e+06 1.05505e+06 2.80424e+06 1.4346e+07
internal_count=34509 282 34227 796 260 33431 27864 3602 3515 269 5567 1696 3871 24262
is_linear=0
shrinkage=0.05


Tree=275
num_leaves=15
num_cat=1
split_feature=8 10 9 10 20 18 2 28 16 0 15 26 8 1
split_gain=1066.73 1834.9 1394.78 3890.85 2424.31 2697.13 4913.95 2494.3 1434.78 2505.62 1447.98 1321.42 1141.04 1108.93
threshold=0.079084972427515068 0.076401761267267623 0.20355798802146721 -0.16449141470753043 0.054858233316907506 0.26118470085058776 16.395876229078294 0 18.407908271991452 17.156634566241113 19.322058562137219 -0.68301270189221952 0.10994347008993212 16.150297738002418
decision_type=2 2 2 2 10 10 2 1 2 2 2 2 2 2
left_child=1 11 3 -2 5 6 7 -5 9 10 -7 -1 -4 -9
right_child=2 -3 12 4 -6 8 -8 13 -10 -11 -12 -13 -14 -15
leaf_value=-0.00032075161305277351 -0.00080891093727694814 -0.0027435253122580563 -0.00025079479640537268 -0.0042485152221743497 -0.00055738660902513132 0.00046703952268151053 -0.0008684162732530402 -2.8717051209164255e-05 0.0013155718336644532 -0.00014213220159717469 -0.00017390093680575292 0.00024924275317698085 0.00017370835983854976 0.0018869321534604397
leaf_weight=139127.0076918602 282925.98776245117 130633.41387557983 196911.26864242554 193955.85209274292 272720.17886352539 1341058.1961975098 175711.52294921875 669083.92357635498 419019.9365234375 381454.09423828125 348987.79278564453 466472.52524638176 18208206.652405977 122540.73950195312
leaf_count=108 144 62 158 135 115 538 44 960 70 63 129 412 31493 36
internal_value=0.000133147 0.00200613 7.21658e-05 -0.000749144 -0.000340895 -1.28978e-06 -0.00199123 -0.000617924 0.000926592 0.000386842 0.00121299 0.00316545 0.000259919 0.000627161
internal_weight=2.33488e+07 736233 2.26126e+07 4.20746e+06 3.92453e+06 3.65181e+06 1.16129e+06 985581 2.49052e+06 2.0715e+06 1.69005e+06 605600 1.84051e+07 791625
internal_count=34467 582 33885 2234 2090 1975 1175 1131 800 730 667 520 31651 996
cat_boundaries=0 1
cat_threshold=36
is_linear=0
shrinkage=0.05


Tree=276
num_leaves=15
num_cat=0
split_feature=8 24 24 4 22 7 19 15 2 17 8 24 14 17
split_gain=2087 880.558 1533.2 739.27 4310.9 1158.15 914.924 799.182 2094.28 1440.53 1588.69 939.079 772.525 751.557
threshold=0.079084972427515068 2.9585329507594404 6.1185926698610364 16.701148858548322 18.651885674616626 16.39377301661273 -0.015044224044914999 19.224701742754604 16.272388657055533 0.010123518085374603 0.18850960025037897 -1.0098130449048599 1.453570225490584 0.0094235403098520513
decision_type=2 8 8 2 2 2 2 2 2 2 2 8 10 2
left_child=1 -1 -3 5 -5 7 -6 8 11 12 -11 -2 13 -9
right_child=3 2 -4 4 6 -7 -8 9 -10 10 -12 -13 -14 -15
leaf_value=0.00020108017276234126 0.0039272938410187721 0.00019622507096535066 -0.0091613136574541631 -0.0001885177068347968 -5.5279454898365054e-05 0.00028248427846198622 5.5976165416241991e-05 0.0028783216699007543 -0.00044171537225946666 -0.0004612209479091182 0.0041234499497684466 3.1100133175025817e-06 -0.0030579487536728763 -0.012977843542756426
leaf_weight=534471.17889738083 239663.65838623047 129346.00119030476 54952.168045043945 591147.62963867188 718782.68286132812 795267.380859375 1404986.8181152344 2661567.4725990295 311900.17016601562 440287.78894042969 1709855.2849121094 12421798.502843261 995301.06406402588 84740.567749023438
leaf_count=243 537 177 158 133 128 195 257 4434 93 176 750 25796 1248 55
internal_value=0.00024669 0.00289867 -8.16009e-05 0.0001615 -0.000611901 0.000268299 0.000439261 0.000189507 -2.9803e-05 0.000672418 0.00170376 6.99042e-05 7.97474e-05 0.000512261
internal_weight=2.30941e+07 718769 184298 2.23753e+07 2.71492e+06 1.96604e+07 2.12377e+06 1.88651e+07 1.29734e+07 5.89175e+06 2.15014e+06 1.26615e+07 3.74161e+06 2.74631e+06
internal_count=34380 578 335 33802 518 33284 385 33089 26426 6663 926 26333 5737 4489
is_linear=0
shrinkage=0.05


Tree=277
num_leaves=15
num_cat=0
split_feature=8 9 15 11 7 19 3 0 7 4 19 25 20 0
split_gain=2249.27 1650.33 2280.63 798.061 1470.74 1464.85 4576.19 1370.21 1287.4 1217.02 2057.83 1201.73 1350.62 2388.37
threshold=0.079084972427515068 0.15391910863585098 18.469007873877761 -0.12235937657627534 17.376805783880858 0.034215370636019864 17.006344156415725 17.156634566241113 16.293698930881778 15.474442394707193 0.01031223928624665 -0.93301270189221919 0.0235257527394933 16.152874941917947
decision_type=2 2 2 2 2 2 2 2 2 2 2 2 10 2
left_child=1 -1 -3 4 7 -5 11 8 9 -2 -11 -7 -13 -14
right_child=3 2 -4 5 -6 6 -8 -9 -10 10 -12 12 13 -15
leaf_value=0.0005100258370160024 0.0015851062437291148 0.00020754386801006696 -0.0037780449895677862 4.08380234045823e-05 0.00072188556510624025 0.0039080203053311405 -0.00068022625954546349 -0.00033041323163732927 0.00018031659976119419 -0.0011280574588389016 0.00043602933992494187 -0.00010570744438158662 -0.0018058492653818968 -0.0014632447229937185
leaf_weight=575336.36897277832 5192749.8431491852 86993.207807183266 81760.216464996338 13113429.05853653 183946.72509765625 333620.88812220097 224563.75341796875 109318.5673828125 603717.18481445312 458938.27270507812 332311.62634277344 1402514.9225937128 503705.95067691803 142064.32666015625
leaf_count=329 11810 194 69 17994 28 484 39 21 136 173 128 2274 795 35
internal_value=0.000229271 0.00293413 -0.00141375 0.000140219 0.0005893 -5.63551e-05 -0.00113897 0.000468152 0.000560282 0.000338268 -0.00148842 -0.000495685 -0.000948939 -0.00284109
internal_weight=2.3345e+07 744090 168753 2.26009e+07 6.88098e+06 1.57199e+07 2.60647e+06 6.69704e+06 6.58772e+06 5.984e+06 791250 2.38191e+06 2.04829e+06 645770
internal_count=34509 592 263 33917 12296 21621 3627 12268 12247 12111 301 3588 3104 830
is_linear=0
shrinkage=0.05


Tree=278
num_leaves=15
num_cat=2
split_feature=19 23 19 26 28 23 23 17 14 10 4 10 20 28
split_gain=730.233 1206.08 1151.77 1590.45 1681.53 1585.41 1636.07 1155.94 1885.29 3645.41 3375.4 1675.25 3223.36 3486.63
threshold=-0.014024481491092899 -3.2482735470987945 -0.0083378322809124477 0.93301270189221952 0 3.0998433709741007 3.5502198050944007 0.054653862295155356 2.3864374454103636 -0.13045331306821853 16.860170040119087 -0.17370755413706976 0.0010283317524848003 1
decision_type=2 10 2 2 1 10 10 2 10 2 2 2 10 1
left_child=1 -1 3 5 -5 -2 -7 -4 11 -10 -11 12 13 -9
right_child=2 -3 7 4 -6 6 -8 8 9 10 -12 -13 -14 -15
leaf_value=0.0077326720569923808 0.0045402649802648992 -8.3826696810192724e-05 -0.00014981114745371096 0.0054493474606316763 -0.012350692089044988 -0.0059782917045053023 0.00059746783321784299 -0.0040015409636542949 0.0016367724089365898 -0.00014760625879130238 -0.0016785777138422883 0.00030211893260650188 0.002780808023721432 0.0018427540508082045
leaf_weight=298745.57950401306 874073.68428516388 8611152.600069046 8593981.0796179771 97073.760673522949 77299.544610023499 61241.704796791077 301379.00756835938 210781.09814453125 288441.67575073242 325525.46194458008 262294.68725585938 2978558.3082275391 255292.87609863281 208267.2204284668
leaf_count=482 1138 12503 17246 98 165 102 580 80 94 189 51 1316 171 163
internal_value=0.000113081 -0.000243323 0.000331568 0.00168895 -0.00278145 0.00231928 -0.000460166 0.000185615 0.000832024 -0.0012508 -0.00350989 0.00133165 -0.000918716 -0.0036169
internal_weight=2.34441e+07 8.9099e+06 1.45342e+07 1.41107e+06 174373 1.23669e+06 362621 1.31231e+07 4.52916e+06 876262 587820 3.6529e+06 674341 419048
internal_count=34378 12985 21393 2083 263 1820 682 19310 2064 334 240 1730 414 243
cat_boundaries=0 1 2
cat_threshold=768 304
is_linear=0
shrinkage=0.05


Tree=279
num_leaves=15
num_cat=0
split_feature=7 1 3 16 22 4 1 12 8 9 5 0 3 4
split_gain=1110.51 4151.26 1721.61 1278.04 1285.15 2854.47 932.641 742.912 812.527 1950.16 1337.85 888.234 777.539 1147.52
threshold=17.376805783880858 17.423965936235351 17.445700346247609 18.407908271991452 19.593415907659992 16.701148858548322 16.532859834196291 7.5000000000000009 0.079084972427515068 0.099641508914028162 17.131665029836004 17.156634566241113 17.171183635107628 17.181523356598721
decision_type=2 2 2 2 2 2 2 2 2 2 2 2 2 2
left_child=1 2 3 7 6 -6 -5 -1 -9 -10 11 12 13 -11
right_child=-2 -3 -4 4 5 -7 -8 8 9 10 -12 -13 -14 -15
leaf_value=0.0079799824496850566 0.00012280039654162536 -0.0013047631834331042 -0.00069781520498720826 0.00019972421174346882 0.0051671767071666853 -0.00048087031543438591 0.0010168783069857436 0.00033915244767763141 -0.00016415564144541369 -6.2387119201852073e-06 0.0026791609419153073 -0.0043378766296842657 0.00018969343566684811 0.00016254178576040608
leaf_weight=314395.1583442688 842145.8935546875 119642.599609375 66983.83154296875 298735.32830810547 254783.26306152344 203768.51635742188 352224.64282226562 412762.48343849182 160137.79029846191 19693137.828815937 231395.81689453125 70840.52099609375 173966.4990234375 113982.015625
leaf_count=2925 121 21 12 219 198 42 73 215 53 30410 44 14 34 23
internal_value=0.000167668 0.00010085 0.000150581 0.000174644 0.00182883 -0.000198688 0.00325706 8.79513e-05 5.15856e-05 7.24068e-06 5.06322e-05 7.01041e-06 2.68251e-05 -2.40591e-06
internal_weight=2.33089e+07 2.24668e+07 2.23471e+07 2.22801e+07 1.10951e+06 458552 650960 2.11706e+07 2.08562e+07 2.04435e+07 2.02833e+07 2.00519e+07 1.99811e+07 1.98071e+07
internal_count=34404 34283 34262 34250 532 240 292 33718 30793 30578 30525 30481 30467 30433
is_linear=0
shrinkage=0.05


Tree=280
num_leaves=15
num_cat=1
split_feature=21 23 0 21 9 19 2 11 28 25 19 23 9 9
split_gain=743.443 1263.79 5091.79 1173.3 2473.12 1101.45 979.308 965.452 1196.84 1027.59 940.336 2346.4 908.877 833.512
threshold=10.98975100650992 4.3049967057824512 16.84045422280521 10.954471502539871 0.38664999634558345 0.057106237952437459 14.064489421267693 0.22614567688386258 0 1.0000000180025095e-35 -0.027724910116950847 2.9297587472125404 0.13827813384070328 0.27949460387174296
decision_type=10 10 2 8 2 2 2 2 1 2 2 10 2 2
left_child=3 5 6 -1 -5 7 13 8 9 -2 -9 -12 -10 -3
right_child=1 2 -4 4 -6 -7 -8 10 12 -11 11 -13 -14 -15
leaf_value=6.7337233872915157e-05 0.00033098091806547795 -0.006727489289434058 -0.0026415205188306031 -0.00070277737166637186 0.0047329130872463031 -0.0010147069092900822 0.00049397512586358704 -0.00011854766816870892 0.00039690718591732754 -0.0069774530922694271 0.00039392249407994834 -0.0092314801906634072 0.0011585688122869285 0.0038489076309312937
leaf_weight=19980014.753091574 77012.563140869141 36619.066299438477 91414.95166015625 277821.81182861328 195986.38698577881 97825.597885131836 119525.99487304688 75366.77135848999 288840.25100708008 86979.86344909668 159910.66493415833 51797.790128707886 1505650.5275025368 155601.97198963165
leaf_count=30968 178 69 14 143 279 110 58 107 64 199 311 104 1412 496
internal_value=0.000216771 0.000989167 -0.00159664 0.000113053 -0.00234609 0.00143404 0.00144616 0.00166029 0.00205722 -0.00203144 -0.00104763 -0.00275502 0.00243086 -0.000763672
internal_weight=2.32004e+07 2.74655e+06 403162 2.04538e+07 473808 2.34338e+06 311747 2.24556e+06 1.95848e+06 163992 287075 211708 1.79449e+06 192221
internal_count=34512 3122 637 31390 422 2485 623 2375 1853 377 522 415 1476 565
cat_boundaries=0 1
cat_threshold=9
is_linear=0
shrinkage=0.05


Tree=281
num_leaves=15
num_cat=0
split_feature=17 24 10 19 2 6 18 21 8 14 10 8 5 7
split_gain=1354.9 3168.35 3733.35 3269.68 2287.64 2624.79 1775.07 1688.38 1541.92 2608.57 989.567 1656.54 598.421 882.39
threshold=0.27895765299337733 0.98264219006143716 -0.10203056927905059 0.0023306812258853502 16.533265774342059 16.419896991757508 0.25361110759804034 10.482047616024342 0.14483486216721952 2.3300545347507993 0.089407070082038367 0.10994347008993212 13.021032868670725 10.994067053814303
decision_type=2 10 2 2 2 2 10 10 2 10 2 2 2 2
left_child=4 8 6 7 5 12 -3 -4 -2 -10 11 -6 13 -1
right_child=1 2 3 -5 10 -7 -8 -9 9 -11 -12 -13 -14 -15
leaf_value=0.0041139991948750112 0.00056055260692831476 0.0019304249343512329 -0.0055646191998115543 -0.0031255420494334754 0.00059119408351739988 -0.00082717976327899073 -0.0001191618727222186 2.4443524720730861e-05 0.0010542414287777438 -0.00026481980373139959 0.0028886159078758329 -3.2433820135442556e-05 0.00026090096140588177 -0.0039213309539904879
leaf_weight=1564404.9229539633 472364.79516601562 302092.51489257812 274033.27783203125 423385.58068847656 697927.953125 222325.63696289062 350025.17626953125 284526.31884765625 374681.27954101562 254440.95263671875 615161.33032226562 857659.20922851562 11784668.766021729 4741497.7784881592
leaf_count=13456 124 137 133 138 125 57 103 71 193 57 133 167 8664 10917
internal_value=0.000125242 -0.000919916 -0.00231699 -0.00426461 0.000264821 8.28984e-05 0.000615698 -0.00175265 0.00115265 -0.000468344 0.00179956 0.00112823 0.000149259 -0.000243868
internal_weight=2.32192e+07 2.73555e+06 1.63406e+06 981945 2.04836e+07 1.83129e+07 652118 558560 1.10149e+06 629122 2.17075e+06 1.55559e+06 1.80906e+07 6.3059e+06
internal_count=34475 956 582 342 33519 33094 240 204 374 250 425 292 33037 24373
is_linear=0
shrinkage=0.05


Tree=282
num_leaves=15
num_cat=0
split_feature=7 1 3 18 8 24 18 18 4 17 10 14 11 21
split_gain=1562.64 3892.69 1439.94 1114.55 1611.1 4175.99 1635.99 1335.35 1481.28 2133.07 1282.72 1710.09 1145.17 2036.84
threshold=17.376805783880858 17.423965936235351 17.445700346247609 0.68030029102845868 0.18850960025037897 2.3926138686932208 0.99326862275930228 0.69371429413507457 16.701148858548322 0.037514686128720907 -0.027150203300232347 1.4171568503734171 0.26223373617785395 10.254684084283534
decision_type=2 2 2 10 2 8 10 10 2 2 2 10 2 10
left_child=1 2 3 -1 5 -5 -7 -6 9 12 -11 -12 -9 -14
right_child=-2 -3 -4 4 7 6 -8 8 -10 10 11 -13 13 -15
leaf_value=0.00014772052124446361 0.00013170827677430079 -0.00088599546105208409 -0.0005910458320807074 -0.002263852160945564 -0.022333227526003342 0.00034368884078452017 -0.0015966287677634063 0.00013802124234939118 -0.0030350186961210532 0.0042885450667394364 -0.0043186582600150264 0.0063277942540720961 -0.001822078394254478 -0.015331858688772749
leaf_weight=13598652.177124143 868691.68896484375 95951.8759765625 72320.11083984375 480136.90086364746 83128.923376083374 480686.41753768921 257693.80699539185 4549765.9612927437 204785.57690429688 486254.84118652344 300329.85440063477 283456.01226806641 1117599.4696025848 285873.09844207764
leaf_count=24399 126 17 13 196 81 196 183 6647 49 198 113 105 1766 363
internal_value=9.41989e-05 1.31414e-05 5.65743e-05 7.95948e-05 -0.000368454 -0.00205168 0.000308671 -8.79195e-05 -1.54528e-05 0.000106771 0.00216209 0.000582151 -0.000262653 -0.00151125
internal_weight=2.31653e+07 2.22966e+07 2.22007e+07 2.21284e+07 8.52971e+06 1.21852e+06 738380 7.31119e+06 7.22806e+06 7.02328e+06 1.07004e+06 583786 5.95324e+06 1.40347e+06
internal_count=34452 34326 34309 34296 9897 575 379 9322 9241 9192 416 218 8776 2129
is_linear=0
shrinkage=0.05


Tree=283
num_leaves=15
num_cat=1
split_feature=8 3 27 5 12 0 19 20 10 19 23 26 28 18
split_gain=872.209 993.305 1755.71 1029.39 752.848 697.363 1988.66 1671.67 1236.75 1224.59 1543.02 1551.3 798.829 935.165
threshold=0.079084972427515068 17.006344156415725 6.5000000000000009 17.131665029836004 7.5000000000000009 15.802459769609863 -0.035489958220306199 0.00036693853648560006 -0.014941596721911249 0.01031223928624665 3.1499754584058057 -0.24999999999999997 0 0.80601993450050302
decision_type=2 2 2 2 2 2 2 10 2 2 10 2 1 10
left_child=-1 3 -3 4 -2 12 -7 9 -9 10 11 -8 -6 -14
right_child=1 2 -4 -5 5 6 7 8 -10 -11 -12 -13 13 -15
leaf_value=0.00019205501472042402 0.0081178275036901549 3.8128122724063156e-05 -0.00027597037189481139 0.0015739605247502273 -0.0009878971097462266 -0.00060707476646327532 -2.4474747946818372e-05 3.1819566667784455e-05 -0.0001305579313677128 0.0027566530586268685 -0.00034654788196203997 0.0019816756256508328 0.00065380742445548265 -0.00084689344504021164
leaf_weight=670434.80665171146 305493.16475820541 1076997.6147460938 758215.27465820312 215682.4658203125 3610331.6882405281 456718.09448242188 358514.09899902344 470922.73583984375 705737.32312011719 711605.45300292969 447996.4716796875 436251.38220214844 7589244.1308336258 5454954.253544569
leaf_count=581 2634 188 132 42 7595 131 101 126 204 205 134 124 14642 7556
internal_value=0.00014501 9.2284e-05 -0.00102272 0.000190836 0.000154766 0.000117586 0.000749889 0.00119948 -0.000289466 0.00209593 0.00114885 0.00247161 -1.86256e-05 0.000163552
internal_weight=2.32691e+07 2.25987e+07 1.83521e+06 2.07635e+07 2.05478e+07 2.02423e+07 3.58775e+06 3.13103e+06 1.17666e+06 1.95437e+06 1.24276e+06 794765 1.66545e+07 1.30442e+07
internal_count=34395 33814 320 33494 33452 30818 1025 894 330 564 359 225 29793 22198
cat_boundaries=0 1
cat_threshold=184
is_linear=0
shrinkage=0.05


Tree=284
num_leaves=15
num_cat=0
split_feature=16 17 2 1 17 16 16 22 10 17 6 3 7 14
split_gain=1272.05 2638.4 2578.79 1409.31 870.68 1549.93 1334.34 1400.13 1019.14 810.839 715.589 766.314 1697.82 1173.92
threshold=18.407908271991452 0.31408482136343246 17.165595607188539 16.532859834196291 0.31408482136343246 18.314726746826736 17.340407118629656 17.36764517752238 -0.053331828534046645 0.27895765299337733 17.129815940530211 14.79341559639948 15.156395737790072 1.4478720133079912
decision_type=2 2 2 2 2 2 2 2 2 2 2 2 2 10
left_child=2 3 4 -2 9 6 7 -6 -8 10 11 12 -1 -13
right_child=1 -3 -4 -5 5 -7 8 -9 -10 -11 -12 13 -14 -15
leaf_value=-0.0001119966672118665 0.00019366594403536224 -5.0586605477429811e-05 -0.00022582423479557958 0.00095360908527508204 0.0039763090512619928 -8.1990481226227032e-05 4.7579796283874077e-06 -0.0029141750940368653 0.00068802496077681355 -0.0042865545377612337 -0.00011611981334880254 -0.00012123101067986413 -0.0040341887225222783 0.00029982721912714483
leaf_weight=12845182.108871698 439436.09573364258 632225.94598388672 675290.34765625 650991.31396484375 228014.41857910156 286565.89202880859 358253.31311035156 278216.87072753906 416264.47967529297 294578.44122314453 125651.47509765625 2308929.8353271484 144204.158203125 3567835.5773925781
leaf_count=30447 375 145 112 114 142 78 110 172 123 115 23 978 64 1437
internal_value=0.000141696 0.0014491 3.70839e-05 0.00293907 0.000135558 0.00126888 0.00201264 1.63961e-05 0.00331739 4.34574e-05 8.38339e-05 0.000108881 -0.00010546 0.000582639
internal_weight=2.32516e+07 1.72265e+06 2.1529e+07 1.09043e+06 2.08537e+07 1.56731e+06 1.28075e+06 506231 774518 1.92864e+07 1.89918e+07 1.88662e+07 1.29894e+07 5.87677e+06
internal_count=34435 634 33801 489 33689 625 547 314 233 33064 32949 32926 30511 2415
is_linear=0
shrinkage=0.05


Tree=285
num_leaves=15
num_cat=2
split_feature=10 15 5 15 28 16 0 19 3 5 19 10 29 8
split_gain=641.084 1464.43 2946.69 1536.31 1243.77 1386.05 1216.44 1159.97 2101.72 1275.19 1127.15 3824.41 1490.38 2822.38
threshold=0.051858354433619906 19.435665480687568 15.438052545520319 19.301978056957818 0 18.435443290659602 15.082936492503885 -0.058059964860614648 15.400587266853529 15.054998215635852 0.027603022798991603 0.023710827087195501 1 0.18850960025037897
decision_type=2 2 2 2 1 2 2 2 2 2 2 2 1 2
left_child=4 3 -3 -2 5 7 -5 8 -1 -9 12 -12 13 -6
right_child=1 2 -4 6 10 -7 -8 9 -10 -11 11 -13 -14 -15
leaf_value=0.0046564131151619007 8.7498276664187255e-05 0.0062566561244866347 -0.0044588983197589556 0.0013463794397329146 -0.0030536399598299502 -0.00023066159196054935 0.0038382407613767873 0.001315092250072344 -0.0048233692934531031 0.00016859144279387109 -0.00016876522799485929 -0.0035933443217513157 8.2266686827990438e-05 -0.0011881119589183245
leaf_weight=90807.622749328613 6816910.3336925507 174330.6925201416 124821.60302734375 928272.85832214355 184998.16446959972 280178.55407714844 808194.81127929688 2005679.3373670578 49659.345458984375 906685.77111816406 2189117.9390211105 218204.10592460632 7119728.244554162 1629530.8393130302
leaf_count=269 12029 228 34 1381 139 111 273 6016 13 230 2791 171 8860 2064
internal_value=0.000115114 0.000451155 -0.00298753 0.000571422 -8.76048e-05 0.000761527 0.00189912 0.00107042 -0.00336747 0.00128447 -0.000337144 -0.0012974 -7.84049e-05 -0.0013576
internal_weight=2.35271e+07 8.85253e+06 299152 8.55338e+06 1.46746e+07 3.33301e+06 1.73647e+06 3.05283e+06 140467 2.91237e+06 1.13416e+07 2.40732e+06 8.93426e+06 1.81453e+06
internal_count=34609 13945 262 13683 20664 6639 1654 6528 282 6246 14025 2962 11063 2203
cat_boundaries=0 1 2
cat_threshold=523 72
is_linear=0
shrinkage=0.05


Tree=286
num_leaves=15
num_cat=0
split_feature=17 11 17 15 2 6 10 21 19 10 10 17 3 8
split_gain=700.14 1161.55 823.11 2037.64 1340.55 3267.53 1392.32 1418.46 1692.56 1231.61 1833.27 899.782 799.893 1405.21
threshold=0.50405116301040798 -0.022939798456089646 0.31408482136343246 18.139697170727047 16.533265774342059 16.605552301010523 0.11389723311351392 10.603241363941821 0.0094135040371133016 0.049083492096420905 -0.18331093563270331 0.27895765299337733 15.203240784805905 0.23198270913806382
decision_type=2 2 2 2 2 2 2 8 2 2 2 2 2 2
left_child=2 -2 4 9 5 11 7 -6 -9 10 -4 12 -1 -14
right_child=1 -3 3 -5 6 -7 -8 8 -10 -11 -12 -13 13 -15
leaf_value=-3.201409151497461e-05 0.00039123694640707781 -5.3024671479592035e-05 0.002381477597324821 -0.00028771356998774254 0.00023898254895391739 -0.010741384921828807 0.0037059443777954526 6.7325801535544016e-05 -0.00011809046007348428 0.00020431681864346689 -0.00022809210189561841 -0.0063674535129749467 -0.00017248638920733768 0.0013556332628674181
leaf_weight=14897430.976615191 361672.96258544922 320626.41302490234 417337.56805419922 360282.01416015625 567225.64379882812 65377.04345703125 501905.48413085938 722680.45703125 577795.50805664062 327100.91815185547 657753.00659179688 191275.70428466797 1497082.3740234375 2071757.8837280273
leaf_count=31905 137 161 147 64 117 16 110 133 105 146 193 98 557 825
internal_value=0.000151836 0.00173013 0.000104719 -0.000933315 0.000191456 4.96489e-05 0.00131191 0.000683626 -0.000226394 -7.1547e-05 -0.000888923 8.87491e-05 0.000124088 0.000796427
internal_weight=2.35373e+07 682299 2.2855e+07 1.76247e+06 2.10925e+07 1.87229e+07 2.36961e+06 1.8677e+06 1.30048e+06 1.40219e+06 1.07509e+06 1.86575e+07 1.84663e+07 3.56884e+06
internal_count=34714 298 34416 550 33866 33401 465 355 238 486 340 33385 33287 1382
is_linear=0
shrinkage=0.05


Tree=287
num_leaves=15
num_cat=1
split_feature=24 1 4 26 21 19 28 11 4 9 10 22 26 10
split_gain=793.195 1306.22 1796.46 1430.17 1108.71 2055.71 1939.54 2065.42 1864.15 1835.71 6022.68 4919.2 1961.92 2339.54
threshold=2.2922532850629858 16.036713423938284 16.410410087137191 -0.68301270189221952 10.609716491129488 -0.042555712315249843 0 0.053840866121356905 17.019152678527846 0.19850244440611808 -0.053331828534046645 18.657458918293191 0.25000000000000017 0.029641844564056653
decision_type=10 2 2 2 8 2 1 2 2 2 2 2 2 2
left_child=4 2 -2 -3 8 6 -6 -8 -1 10 11 -7 13 -12
right_child=1 3 -4 -5 5 9 7 -9 -10 -11 12 -13 -14 -15
leaf_value=0.00016258802022003086 0.00043442618410748118 -0.00011862600345569817 -0.0040900830787806248 0.0002065597056716274 -0.00076725608892950147 -4.8327503673545471e-05 0.0051834923456471754 -0.01522029493853683 0.00090229847481150733 3.6617164373615852e-05 0.00063717345485585035 -0.00064513854461669025 -0.00026199557636118794 -0.00010261731579583266
leaf_weight=6056581.2555558681 8354325.0638133287 443050.48364257812 132661.98022460938 1484756.6645507812 131597.13335418701 262022.82672119141 118275.21979999542 105699.40634918213 305471.23120117188 4374134.1513671875 392093.80367279053 259476.62326049805 551789.49624633789 358411.83166503906
leaf_count=10357 16647 105 40 361 104 137 160 114 59 5821 187 69 222 159
internal_value=0.000129013 0.000453674 0.000186799 0.00162856 -0.000132786 -0.000589228 -0.00428644 -0.00145552 0.00033739 -0.000377121 -0.00170974 -0.00625026 0.000108489 0.00177254
internal_weight=2.33303e+07 1.04148e+07 8.48699e+06 1.92781e+06 1.29156e+07 6.5535e+06 355572 223975 6.36205e+06 6.19793e+06 1.82379e+06 521499 1.3023e+06 750506
internal_count=34542 17153 16687 466 17389 6973 378 274 10416 6595 774 206 568 346
cat_boundaries=0 1
cat_threshold=544
is_linear=0
shrinkage=0.05


Tree=288
num_leaves=15
num_cat=0
split_feature=9 2 4 2 10 8 20 27 23 23 0 23 9 27
split_gain=1708.24 1176.1 1779.74 1185.41 1095.53 1045.93 1741.66 901.378 814.068 815.139 1266.29 1313.07 931.965 2311.18
threshold=0.13827813384070328 17.165595607188539 17.019152678527846 16.842637334131179 0.051858354433619906 0.064852118826147817 0.0010283317524848003 3.5000000000000004 13.480208117152952 0.73882932105507859 15.554451119783065 -1.9532581333759798 0.29668629036742261 3.5000000000000004
decision_type=2 2 2 2 2 2 8 2 10 8 2 10 2 2
left_child=1 2 3 4 7 6 -2 -1 9 10 -7 -12 13 -11
right_child=5 -3 -4 -5 -6 8 -8 -9 -10 12 11 -13 -14 -15
leaf_value=-0.00017355988877204483 -0.0023158823011720522 0.00011717928823430449 -0.00044170844335871548 0.0011345859735534306 -0.00030833913614134096 0.0004511215409018208 -0.0013380706352009715 0.00046288955680462668 0.0051096059445046357 -0.00035899497436721729 4.6160007388999059e-06 0.0010912083383118891 0.00019905633384765007 -2.9648113583729616e-06
leaf_weight=173038.35125732422 61820.960822105408 597290.51904296875 221213.5703125 208872.47314453125 145351.44329833984 3210213.8076405525 57904.787479639053 502447.05096435547 152535.13846206665 1607955.9783592224 386412.79565429688 473053.63842773438 11328918.826079965 4348103.7522583008
leaf_count=157 49 96 43 44 105 6334 171 395 224 1097 112 155 22547 3088
internal_value=0.000175324 0.00163434 0.000762791 0.00163693 0.000781156 5.06377e-05 -0.00460976 0.00162849 7.65811e-05 5.05827e-05 0.000687222 0.00239177 -9.93117e-05 -0.000605661
internal_weight=2.34751e+07 1.84821e+06 1.25092e+06 1.02971e+06 820837 2.16269e+07 119726 675485 2.15072e+07 2.13547e+07 4.06968e+06 859466 1.7285e+07 5.95606e+06
internal_count=34617 840 744 701 657 33777 220 552 33557 33333 6601 267 26732 4185
is_linear=0
shrinkage=0.05


Tree=289
num_leaves=15
num_cat=0
split_feature=9 2 1 10 1 15 2 8 19 14 19 19 17 2
split_gain=1240.04 1925.19 3551.11 1593.9 1481.88 1261.18 3507.14 1049.3 4834.82 2728.97 1052.43 2992.36 3651.25 1970.67
threshold=0.13827813384070328 17.165595607188539 16.995067760631983 0.03295857581619361 16.036713423938284 17.078457952410592 14.931030630979903 0.096798193245150224 -0.019356527226552598 1.5336888121784449 0.034215370636019864 0.03655989498873196 0.039761933329148458 16.842637334131179
decision_type=2 2 2 2 2 2 2 2 2 10 2 2 2 2
left_child=1 2 3 4 5 6 -1 8 -2 -10 13 12 -12 -9
right_child=7 -3 -4 -5 -6 -7 -8 10 9 -11 11 -13 -14 -15
leaf_value=0.0036914435800485591 -0.0035997952512644596 0.00011800133745309009 -0.0003978830264630174 -0.00020145323682493728 0.00072255537729314784 0.0007699592973682899 -0.006032051543858624 0.0001684098271729865 -0.003943180987635549 0.00091619220642354463 -0.0010961516300691402 -0.0001254805502443963 -0.0023858098378435571 0.00015600488396994662
leaf_weight=70670.073974609375 132176.54989182949 583175.64599609375 307347.92919921875 285661.79705810547 423218.06469726562 147343.62435913086 48798.713745117188 16233776.406258583 105743.75005805492 249186.19831740856 106097.63610172272 3359448.465947032 66715.864959716797 1341855.0412597656
leaf_count=265 131 93 60 169 102 146 21 27464 154 180 220 5359 35 244
internal_value=0.000229752 0.00146629 0.000383598 0.00185995 0.00316023 0.000241982 -0.00357565 0.000122892 -0.00217143 0.000868435 0.000175838 -0.000611704 -0.00702817 0.000334114
internal_weight=2.34612e+07 1.86622e+06 1.28304e+06 975692 690030 266812 119469 2.1595e+07 487106 354930 2.11079e+07 3.53226e+06 172814 1.75756e+07
internal_count=34643 856 763 703 534 432 286 33787 465 334 33322 5614 255 27708
is_linear=0
shrinkage=0.05


Tree=290
num_leaves=15
num_cat=1
split_feature=8 22 23 25 11 14 17 17 30 20 10 14 20 9
split_gain=1198.9 1857.93 1270.43 1785.27 1661.66 1648 4954.39 1612.98 1426.22 1306.69 2755.49 1138.35 1827.51 1170.73
threshold=0.17821180525053623 15.704707482268249 3.3697958812695457 -0.93301270189221919 -0.099139503929562986 2.4166086314241375 0.24497248980684103 0.16135964454892707 0 -0.014474752489416149 0.0087459878308173023 1.5238669723298408 0.0087827843012652021 0.12238891660113292
decision_type=2 2 10 2 2 10 2 2 1 10 2 8 10 2
left_child=1 -1 5 -4 -5 9 -7 8 -6 10 -3 -11 -13 -14
right_child=-2 2 3 4 7 6 -8 -9 -10 11 -12 12 13 -15
leaf_value=-0.0042307250062852044 2.6384497502034567e-05 0.00080666971857528726 -0.0026466449464745204 0.00022579458334835955 0.0002040113314372787 0.0019024132149784629 -0.0013751476245811396 -0.0049941013149517443 -0.0032149552543923386 1.4494811315690839e-05 -0.00058008898840981827 0.00088369544672249199 -8.5380637934442141e-05 9.6121341493739275e-05
leaf_weight=222013.93364715576 17835791.833285093 527988.47130584717 107231.10113668442 273645.75877058506 498119.28455543518 256448.41453361511 155324.36694335938 243725.95062255859 142049.65011787415 523793.00817108154 388000.80877685547 1160914.770652771 311303.41619873047 729949.01536560059
leaf_count=389 31163 249 100 380 466 501 39 101 133 224 189 349 84 251
internal_value=0.000231814 0.000874273 0.00106134 -0.000322136 0.000249616 0.00149299 -0.00150521 -0.000804448 0.000513468 0.00183198 0.000198162 0.00238098 0.0028793 0.00135841
internal_weight=2.33763e+07 5.54051e+06 5.31849e+06 1.26477e+06 1.15754e+06 4.05372e+06 411773 883895 640169 3.64195e+06 915989 2.72596e+06 2.20217e+06 1.04125e+06
internal_count=34618 3455 3066 1180 1080 1886 540 700 599 1346 438 908 684 335
cat_boundaries=0 1
cat_threshold=5
is_linear=0
shrinkage=0.05


Tree=291
num_leaves=15
num_cat=0
split_feature=16 2 21 18 18 9 8 26 20 27 2 16 14 17
split_gain=1328.86 2374.19 1549.94 2087.23 3253.57 1827.4 2969.15 1749.87 2383.64 952.966 935.785 1220.98 1492.86 1245.49
threshold=17.340407118629656 16.996524025785622 10.609716491129488 0.56513799080747829 0.37401513140501497 0.25337784117556028 0.17821180525053623 -0.5 -0.0063596322073472995 9.5000000000000018 16.842637334131179 17.099172047158188 2.3659437737977824 0.089239508121144312
decision_type=2 2 10 10 10 2 2 2 10 2 2 2 8 2
left_child=1 10 7 4 5 6 9 8 -2 -4 11 -1 13 -13
right_child=2 -3 3 -5 -6 -7 -8 -9 -10 -11 -12 12 -14 -15
leaf_value=0.00017466665009672059 -0.0006119474904627731 -0.0029761029861828333 4.9346024697838255e-05 -0.00057165793005626371 0.00098492988012599059 0.00063611937118942911 -0.0011678287050075828 0.00066909927437059909 0.0002583277661985492 -0.0002086207833757097 0.0015564181031980171 0.0012674996353289406 -0.0054482245129738984 -0.0010896591199366632
leaf_weight=17626894.931114078 291643.8628692627 66839.707763671875 887230.97375488281 303632.24658203125 401746.41015625 1095568.2453155518 385504.82556152344 1025336.0439128876 308795.59400939941 310043.1739654541 182236.76611328125 267109.94458770752 102979.70330047607 163869.27481079102
leaf_count=31910 125 15 313 41 58 588 165 494 147 118 42 294 121 86
internal_value=0.000301803 0.000105335 0.00102383 0.000414202 0.000804099 0.000174722 -0.00091186 0.00229264 0.00014905 0.000316976 0.00013961 0.000103836 -0.0022517 -0.000959369
internal_weight=2.34194e+07 1.84099e+07 5.0095e+06 3.38373e+06 3.08009e+06 2.67835e+06 1.58278e+06 1.62578e+06 600439 1.19727e+06 1.83431e+07 1.81609e+07 533959 430979
internal_count=34517 32468 2049 1283 1242 1184 596 766 272 431 32453 32411 501 380
is_linear=0
shrinkage=0.05


Tree=292
num_leaves=15
num_cat=1
split_feature=5 15 16 14 10 26 25 17 9 22 25 24 28 2
split_gain=1758.25 2034.48 1874.11 1184.73 3083.44 3340.77 1139.09 1673.27 1356.98 1312.02 987.078 698.07 834.841 1089.55
threshold=15.658864879501165 19.366258896332727 18.534756489305497 1.5631120779999457 0.03602567610895676 1.0000000180025095e-35 0.68301270189221941 0.13942728314171829 0.31823383458751148 19.450328062977167 -0.24999999999999997 -0.49634585822530647 0 15.666534854658034
decision_type=2 2 2 10 2 2 2 2 2 2 2 8 1 2
left_child=11 2 3 4 5 -2 7 -5 9 10 -9 -1 -13 -14
right_child=1 -3 -4 6 -6 -7 -8 8 -10 -11 -12 12 13 -15
leaf_value=0.0027720710540600122 0.00012400103672950818 -0.00070560756849569629 -0.00021779283223692685 0.00026036476968072623 0.0057766064990188047 -0.0015939688913289779 0.00062919948187565179 0.00011864538300420333 0.0023645495679936023 -0.00012592404259303784 -7.5390803058777227e-05 0.00082726971307330727 -0.00026214167045166822 -0.0044212649010275098
leaf_weight=690400.54619598389 585151.34057617188 562966.65258789062 453873.86157226562 674422.22509765625 786563.50561523438 474378.86328125 995632.57861328125 511215.2314453125 418897.69458007812 594375.17456054688 426651.69384765625 4293046.4107775688 11759144.239360929 174292.73217773438
leaf_count=1459 147 141 81 170 239 123 229 132 112 109 108 11547 19760 76
internal_value=0.000301041 0.00100109 0.00127418 0.00153048 0.000499634 -0.00126101 0.00205601 0.00150992 0.000767818 7.83672e-05 0.00124313 3.27176e-05 -3.35342e-05 -0.000248644
internal_weight=2.3401e+07 6.48413e+06 5.92116e+06 5.46729e+06 1.84609e+06 1.05953e+06 3.62119e+06 2.62556e+06 1.95114e+06 1.53224e+06 937867 1.69169e+07 1.62265e+07 1.19334e+07
internal_count=34433 1591 1450 1369 509 270 860 631 461 349 240 32842 31383 19836
cat_boundaries=0 1
cat_threshold=579
is_linear=0
shrinkage=0.05


Tree=293
num_leaves=15
num_cat=0
split_feature=16 24 26 2 21 10 0 11 4 9 11 20 17 24
split_gain=2103.11 1873.21 2522.26 1610.32 1455.1 1438.49 874.141 1066.68 690.377 1440.19 1750.89 1902.29 2341.47 2081.18
threshold=18.114578210008297 1.6185599954412302 -0.68301270189221952 16.996524025785622 10.964230917622825 -0.17872074920533701 15.802459769609863 0.029888912601606404 15.567517914566457 0.4643871632574984 0.11548245711180712 0.021089878290802406 0.054653862295155356 2.0409321501487305
decision_type=2 10 2 2 10 2 2 2 2 2 2 8 2 10
left_child=3 4 -3 8 5 -2 7 -4 -1 10 11 13 -13 -10
right_child=1 2 6 -5 -6 -7 -8 -9 9 -11 -12 12 -14 -15
leaf_value=-9.8624263445246314e-05 -0.0003662971791089935 -0.00011887643234067707 0.0027573766236342239 -0.00014592519990094449 -0.00036926062014724887 7.1647989954747572e-05 0.000256834967501647 -0.0051267821015564853 -0.00038868763205153565 0.006617450181687537 0.0011275999016916096 -3.4037184811574294e-05 -0.0010300864519020077 0.00057513097711067154
leaf_weight=15809923.955159068 303821.90679931641 428811.07518005371 200472.12509155273 216808.927734375 447658.28945922852 1863769.0716247559 994753.154296875 117723.02214050293 446715.1650390625 459024.81872558594 822525.14526367188 526899.90197753906 331078.09985351562 395972.01892089844
leaf_count=31928 132 169 191 44 165 683 190 117 128 180 249 177 89 117
internal_value=0.000251468 0.00124229 0.00251266 2.43641e-05 0.000396217 0.000932191 0.00360004 0.00131892 7.37949e-05 0.000771578 0.000302922 -0.000613066 -0.00227034 0.00107428
internal_weight=2.3366e+07 4.35701e+06 1.74176e+06 1.90089e+07 2.61525e+06 2.16759e+06 1.31295e+06 318195 1.87921e+07 2.98222e+06 2.52319e+06 1.70067e+06 857978 842687
internal_count=34559 1647 667 32912 980 815 498 308 32868 940 760 511 266 245
is_linear=0
shrinkage=0.05


Tree=294
num_leaves=15
num_cat=0
split_feature=16 7 24 11 3 25 19 17 14 17 24 2 6 1
split_gain=870.227 2526.85 1761.95 2109.59 3892.2 3202.02 2519.09 2158.52 1257.32 1028.24 1198.36 850.01 824.512 812.794
threshold=17.403758522100876 16.98736325551755 1.5894288049463752 -0.0029606646261219499 17.006344156415725 0.25000000000000011 -0.0068088616079068987 0.20761420437122818 1.6956826436250614 0.22619975375775667 3.2535659683325453 16.842637334131179 16.803986779003264 16.036713423938284
decision_type=2 2 10 2 2 2 2 2 10 2 10 2 2 2
left_child=1 11 3 4 6 7 -2 8 -5 10 -4 12 -1 -8
right_child=2 -3 9 5 -6 -7 13 -9 -10 -11 -12 -13 -14 -15
leaf_value=1.8414201833038865e-05 -0.00054321717671768262 -0.0057689987111291287 0.0010004655374695 0.007045878104620088 -0.0008231351654158786 0.0011862050317851137 -3.592108319498606e-05 -0.00018234391698344909 -0.0012353954595983449 0.00018742839261612896 -0.00031527395316489248 0.00085000536339656244 -0.00082949048868901178 0.00054938161803108122
leaf_weight=18003856.646227598 347206.99388122559 71019.87939453125 587414.69726371765 197584.75607299805 465522.4169921875 534945.23135375977 221854.12632751465 339593.19500732422 200996.0132598877 1046653.6184692383 499048.46115112305 300647.33203125 152547.49072265625 372421.556640625
leaf_count=32535 166 14 390 83 82 215 179 100 124 263 229 69 34 91
internal_value=0.000169045 1.34391e-05 0.000768036 -8.54141e-05 -0.00141979 0.00138929 0.000429409 -0.00074534 0.00175035 0.00184034 0.000762874 4.96594e-05 5.99635e-06 0.00240631
internal_weight=2.33413e+07 1.85281e+07 4.81324e+06 2.68012e+06 1.40701e+06 1.27312e+06 941483 738174 398581 2.13312e+06 1.08646e+06 1.84571e+07 1.81564e+07 594276
internal_count=34574 32652 1922 1040 518 522 436 307 207 882 619 32638 32569 270
is_linear=0
shrinkage=0.05


Tree=295
num_leaves=15
num_cat=0
split_feature=8 7 16 7 7 16 16 9 7 2 7 0 0 20
split_gain=1452.93 1828.03 1917.38 5244.56 1416.01 1123.63 1949.74 1003.94 980.435 2208.4 1207.8 1025.37 860.97 907.86
threshold=0.079084972427515068 17.376805783880858 18.472836192843562 16.98736325551755 17.376805783880858 18.407908271991452 18.36763154562799 0.099641508914028162 16.39377301661273 16.996524025785622 16.293698930881778 16.84045422280521 15.029197086270768 0.00086986813109385006
decision_type=2 2 2 2 2 2 2 2 2 2 2 2 2 10
left_child=4 2 5 -4 12 6 7 -2 10 11 -9 -10 13 -1
right_child=1 -3 3 -5 -6 -7 -8 8 9 -11 -12 -13 -14 -15
leaf_value=0.00069699066879735255 -8.6763755687445233e-05 0.00014197623690485859 0.00015366577778215619 -0.00055828163060541651 -0.0012924433335778549 0.00042368093814853982 -0.0011202533003922834 0.00010404444662723706 0.00065162681344706403 -3.5082078808242071e-05 -0.00015564472783569496 1.4487331958462042e-05 0.00056503378534776799 -0.011462603823524296
leaf_weight=72963.034940123558 177109.18110656738 709159.98291015625 380823.50680541992 189804.734375 161718.08837890625 507442.46148681641 254598.01301574707 18073380.995355844 881892.68823242188 504802.06787109375 393400.01611328125 498706.74853515625 452703.90966796875 23654.472372412682
leaf_count=363 54 104 264 35 22 219 114 32622 211 98 111 106 114 81
internal_value=0.00020416 0.000134055 5.30125e-05 -0.00280724 0.00242957 0.00012967 7.29142e-05 0.000126845 0.000159462 0.00124556 4.85755e-05 0.0022803 0.00364023 -0.000644565
internal_weight=2.32822e+07 2.25711e+07 2.1862e+07 570628 711040 2.12913e+07 2.07839e+07 2.05293e+07 2.03522e+07 1.8854e+06 1.84668e+07 1.3806e+06 549321 96617.5
internal_count=34518 33938 33834 299 580 33535 33316 33202 33148 415 32733 317 558 444
is_linear=0
shrinkage=0.05


Tree=296
num_leaves=15
num_cat=1
split_feature=28 14 6 20 0 23 15 23 14 6 3 8 22 9
split_gain=845.87 1301.06 2811.48 2015.17 3445.74 1542.06 3240.25 1653.41 1388.65 1212.84 1093.41 1145.21 1475.15 1373.73
threshold=0 2.3575037049707972 16.964547881697367 0.0087827843012652021 15.467382582974407 0.39789849906303959 17.836249916376257 2.9297587472125404 2.3967765170570732 13.617834224632984 17.445700346247609 0.13724328153741419 19.593415907659992 0.13056622037921709
decision_type=1 10 2 10 2 10 2 10 8 2 2 2 2 2
left_child=10 -2 3 5 -5 6 -3 9 -9 -7 11 12 -1 -13
right_child=1 2 -4 4 -6 7 -8 8 -10 -11 -12 13 -14 -15
leaf_value=0.00024649965972927995 5.189168055873134e-05 0.0045801416763495096 -0.00060573320026732769 -0.0050867308099930833 -0.0025380610618765342 -0.0058655659346711856 -0.042099804192732293 -0.01278083163358087 -0.00083601532684824753 0.0016867298920365593 0.0043632979223669479 -0.00051957056402328957 -0.00042400305793580052 3.5193284415776907e-05
leaf_weight=819359.29403018951 16719917.352346539 58254.80997800827 46502.62353515625 380599.65302228928 123469.01049804688 171456.45397543907 74964.010612487793 44763.972471237183 265686.74425172806 378959.47503662109 144402.3349609375 84506.150253295898 120792.19235229492 3906630.3795070648
leaf_count=767 19899 194 9 1041 44 855 199 70 992 157 23 51 98 10173
internal_value=0.000140493 -1.81837e-05 -0.00140659 -0.00103076 -0.00360599 0.000275048 -0.00473099 0.00104973 -0.00186798 0.0026954 0.000711479 0.0005859 0.00215584 0.000216086
internal_weight=2.33403e+07 1.82646e+07 1.54466e+06 1.49815e+06 504069 994085 133219 860867 310451 550416 5.07569e+06 4.93129e+06 940151 3.99114e+06
internal_count=34572 23460 3561 3552 1085 2467 393 2074 1062 1012 11112 11089 865 10224
cat_boundaries=0 1
cat_threshold=523
is_linear=0
shrinkage=0.05


Tree=297
num_leaves=15
num_cat=0
split_feature=16 24 16 17 7 8 16 15 19 3 0 26 17 23
split_gain=1699.57 2153.07 2498.42 2696.34 1532.54 1305.77 1769.53 1363.89 1409.05 960.124 971.741 853.583 815.301 655.957
threshold=18.114578210008297 1.6185599954412302 18.435443290659602 0.31408482136343246 17.115974588496943 0.13255708096274924 18.36763154562799 17.925087204804424 0.014979895159869651 17.171183635107628 16.993748182993098 -0.68301270189221952 0.16135964454892707 6.07994861155814
decision_type=2 10 2 2 2 2 2 2 2 2 2 2 2 10
left_child=4 2 5 -4 13 -2 7 8 -7 10 11 -3 -13 -1
right_child=1 9 3 -5 -6 6 -8 -9 -10 -11 -12 12 -14 -15
leaf_value=-2.3510869728980577e-05 0.00010074036944249151 -0.00010027100869593529 0.00021821051892071875 -0.00040309483982071666 -0.0099210911408259047 -0.00054717879268499376 -0.00097594641710881743 0.0012961217600953453 4.1590837378418674e-05 0.00047901145135268342 -6.0695252667441082e-05 0.00051780983253287482 0.00081478546837210309 0.0008620049453815096
leaf_weight=15714341.454562187 767305.72285461426 257495.64442443848 455379.65435791016 341005.44128417969 64481.95849609375 281280.88851928711 262548.0661315918 343267.88208007812 189205.04737854004 668300.89599609375 238214.7099609375 232147.72004699707 378462.74615478516 3236763.7658132315
leaf_count=26422 217 151 213 71 12 181 117 73 114 101 48 236 144 6482
internal_value=0.000265485 0.0011493 0.000243973 -0.00209634 6.03018e-05 0.00125492 0.000131386 0.00128295 -0.000465512 0.00249609 0.00159218 0.00236843 0.00338657 8.64849e-05
internal_weight=2.34302e+07 4.41461e+06 2.63999e+06 796385 1.90156e+07 1.84361e+06 1.0763e+06 813754 470486 1.77462e+06 1.10632e+06 868106 610610 1.89511e+07
internal_count=34582 1666 986 284 32916 702 485 368 295 680 579 531 380 32904
is_linear=0
shrinkage=0.05


Tree=298
num_leaves=15
num_cat=0
split_feature=8 4 1 23 26 15 19 20 11 11 9 20 14 7
split_gain=2178.43 1868.38 2965.67 1492.74 3765.79 1499.13 1311.94 2148.71 1073.75 2329.93 1003.15 960.926 705.289 3980.24
threshold=0.11522875168704111 17.458037941908348 17.423965936235351 4.0128480070401906 -0.5 19.196375705064558 0.071218089062251702 0.025642384699198401 -0.059825594992933093 -0.0029606646261219499 0.16480325760715323 0.0017446852817193002 2.3753785055257124 17.115974588496943
decision_type=2 2 2 10 2 2 2 10 2 2 2 10 10 2
left_child=3 2 6 5 -5 8 12 -8 10 -10 -1 -11 -2 -14
right_child=1 -3 -4 4 -6 -7 7 -9 9 11 -12 -13 13 -15
leaf_value=0.00048270992949329218 0.00011456263469323974 0.0001869951938544315 -0.00097787853349596524 -0.004105862712323923 0.00019550394993514183 0.0003127952001382734 0.0017862037065608186 -0.0037279083166075599 -0.00048059551639657795 0.0014607872569871118 -2.3121024082362739e-05 -0.00011604674664970928 -0.00015274517283921942 -0.0019231163829271779
leaf_weight=266667.6791229248 17729037.959941983 523184.7890625 143526.16796875 86100.827264785767 209988.07418930531 733076.92068099976 79842.54686164856 79230.880447387695 168497.31635761261 196582.10324907303 178580.78493595123 191251.60648727417 2732005.8626396656 83795.185546875
leaf_count=136 24179 78 24 133 327 187 143 113 80 141 141 99 8715 15
internal_value=0.000209112 6.04016e-05 -1.36604e-05 0.00177407 -0.00150712 0.00233413 3.59924e-05 -0.00448728 0.00107661 -0.000387969 0.00290659 0.00174482 7.1015e-05 -0.000664081
internal_weight=2.34014e+07 2.13706e+07 2.08474e+07 2.03075e+06 296089 1.73466e+06 2.07039e+07 159073 1.00158e+06 556331 445248 387834 2.05448e+07 2.8158e+06
internal_count=34511 33267 33189 1244 460 784 33165 256 597 320 277 240 32909 8730
is_linear=0
shrinkage=0.05


Tree=299
num_leaves=15
num_cat=0
split_feature=8 22 10 9 8 10 17 21 9 19 21 16 16 5
split_gain=1483.82 1903.17 1806.2 1339.21 1790.29 3855.57 1106.24 910.993 1257.92 1233.68 2057 1076.83 1326.06 806.051
threshold=0.11957039339654042 19.617331230798943 -0.036641548093828448 0.1943338755616151 0.10396346776495162 -0.22886537988889527 0.50405116301040798 10.98975100650992 0.11263565210970426 -0.11381263375967689 10.365166714030563 18.472836192843562 18.407908271991452 17.131665029836004
decision_type=2 2 2 2 2 2 2 10 2 2 10 2 2 2
left_child=1 2 3 -1 5 -5 7 8 -2 10 -10 12 -11 -9
right_child=6 -3 -4 4 -6 -7 -8 13 9 11 -12 -13 -14 -15
leaf_value=1.0169740150023956e-05 -0.00070638038630780079 -0.0010501140239411496 0.00046658242546940629 -0.0011354317991073884 -0.00049627536039379241 -0.0041202304406830551 0.00018272313594909232 0.00042414856074374794 0.0034996018336520412 -2.245180397328256e-05 -0.0053512213800637892 -0.00022400215795374698 0.00042192078969529304 0.00015420110627172538
leaf_weight=426780.283203125 89275.730377197266 181686.83334350586 1529035.8969078064 59560.601490616798 80210.470336914062 64367.280544281006 410455.24676513672 1916014.2429757118 67557.176158905029 17465980.617838621 65249.370653152466 378394.80941772461 284267.97399902344 274779.634765625
leaf_count=226 30 85 846 171 63 44 203 2835 142 29487 76 139 133 40
internal_value=0.000199471 0.00139317 0.00180659 -0.000444294 -0.00377509 -0.00754214 6.6061e-05 1.4704e-05 -0.000100346 -7.14009e-05 -0.00487289 -3.62263e-05 2.00379e-05 0.000978393
internal_weight=2.32936e+07 2.34164e+06 2.15995e+06 630919 204138 123928 2.0952e+07 2.05415e+07 1.83507e+07 1.82614e+07 132807 1.81286e+07 1.77502e+07 2.19079e+06
internal_count=34520 1435 1350 504 278 215 33085 32882 30007 29977 218 29759 29620 2875
is_linear=0
shrinkage=0.05


end of trees

feature_importances:
std12=295
ctry_mean3=241
yoy12=196
std6=188
thb_chg3=170
mean12=168
gdp_growth=168
mom3_12=164
hs4=163
uv12=161
lag11=160
share_hs12=159
inflation=157
hs_mean3=153
lag0=151
gdppc_log=149
lag5=142
pop_log=132
lag1=128
ccy_chg3=124
mean6=121
lag2=113
sin_m=111
region=108
share_ctry12=101
mean3=82
cos_m=77
active12=70
origin_month=43
income=5

parameters:
[boosting: gbdt]
[objective: quantile]
[metric: quantile]
[tree_learner: serial]
[device_type: cpu]
[data_sample_strategy: bagging]
[data: ]
[valid: ]
[num_iterations: 300]
[learning_rate: 0.05]
[num_leaves: 15]
[num_threads: 4]
[seed: 0]
[deterministic: 0]
[force_col_wise: 0]
[force_row_wise: 0]
[histogram_pool_size: -1]
[max_depth: -1]
[min_data_in_leaf: 100]
[min_sum_hessian_in_leaf: 0.001]
[bagging_fraction: 0.8]
[pos_bagging_fraction: 1]
[neg_bagging_fraction: 1]
[bagging_freq: 1]
[bagging_seed: 7719]
[bagging_by_query: 0]
[feature_fraction: 0.8]
[feature_fraction_bynode: 1]
[feature_fraction_seed: 2437]
[extra_trees: 0]
[extra_seed: 11797]
[early_stopping_round: 0]
[early_stopping_min_delta: 0]
[first_metric_only: 0]
[max_delta_step: 0]
[lambda_l1: 0]
[lambda_l2: 0]
[linear_lambda: 0]
[min_gain_to_split: 0]
[drop_rate: 0.1]
[max_drop: 50]
[skip_drop: 0.5]
[xgboost_dart_mode: 0]
[uniform_drop: 0]
[drop_seed: 21238]
[top_rate: 0.2]
[other_rate: 0.1]
[min_data_per_group: 100]
[max_cat_threshold: 32]
[cat_l2: 10]
[cat_smooth: 10]
[max_cat_to_onehot: 4]
[top_k: 20]
[monotone_constraints: ]
[monotone_constraints_method: basic]
[monotone_penalty: 0]
[feature_contri: ]
[forcedsplits_filename: ]
[refit_decay_rate: 0.9]
[cegb_tradeoff: 1]
[cegb_penalty_split: 0]
[cegb_penalty_feature_lazy: ]
[cegb_penalty_feature_coupled: ]
[path_smooth: 0]
[interaction_constraints: ]
[verbosity: -1]
[saved_feature_importance_type: 0]
[use_quantized_grad: 0]
[num_grad_quant_bins: 4]
[quant_train_renew_leaf: 0]
[stochastic_rounding: 1]
[linear_tree: 0]
[max_bin: 255]
[max_bin_by_feature: ]
[min_data_in_bin: 3]
[bin_construct_sample_cnt: 200000]
[data_random_seed: 38]
[is_enable_sparse: 1]
[enable_bundle: 1]
[use_missing: 1]
[zero_as_missing: 0]
[feature_pre_filter: 1]
[pre_partition: 0]
[two_round: 0]
[header: 0]
[label_column: ]
[weight_column: ]
[group_column: ]
[ignore_column: ]
[categorical_feature: 28,29,30]
[forcedbins_filename: ]
[precise_float_parser: 0]
[parser_config_file: ]
[objective_seed: 8855]
[num_class: 1]
[is_unbalance: 0]
[scale_pos_weight: 1]
[sigmoid: 1]
[boost_from_average: 1]
[reg_sqrt: 0]
[alpha: 0.1]
[fair_c: 1]
[poisson_max_delta_step: 0.7]
[tweedie_variance_power: 1.5]
[lambdarank_truncation_level: 30]
[lambdarank_norm: 1]
[label_gain: ]
[lambdarank_position_bias_regularization: 0]
[eval_at: ]
[multi_error_top_k: 1]
[auc_mu_weights: ]
[num_machines: 1]
[local_listen_port: 12400]
[time_out: 120]
[machine_list_filename: ]
[machines: ]
[gpu_platform_id: -1]
[gpu_device_id: -1]
[gpu_device_id_list: ]
[gpu_use_dp: 0]
[num_gpu: 1]

end of parameters

pandas_categorical:[["0301", "0302", "0303", "0304", "0305", "0306", "0307", "0308", "1604", "1605"], ["East Asia & Pacific", "Europe & Central Asia", "Latin America & Caribbean ", "Middle East, North Africa, Afghanistan & Pakistan", "North America", "South Asia", "Sub-Saharan Africa "], ["High income", "Low income", "Lower middle income", "Upper middle income"]]
