tree
version=v4
num_class=1
num_tree_per_iteration=1
label_index=0
max_feature_idx=30
objective=quantile
feature_names=lag0 lag1 lag2 lag5 lag11 mean3 mean6 mean12 std6 std12 mom3_12 yoy12 active12 since_last uv12 hs_mean3 ctry_mean3 share_hs12 share_ctry12 thb_chg3 ccy_chg3 gdppc_log pop_log gdp_growth inflation sin_m cos_m origin_month hs4 region income
feature_infos=[0:18.205255335410698] [0:18.205255335410698] [0:18.205255335410698] [0:18.205255335410698] [0:18.205255335410698] [0:18.157048131452463] [0:18.124264077093692] [0:18.035115378112071] [0:7.5608558192104249] [0:7.3277870058189585] [-13.843435827688648:1.3862609760987381] [-16.608309852465645:15.089828325648837] [0:12] [0:83] [-2.600506288365116:7.1655352645109822] [12.740363635469087:19.486066681140084] [0:18.809523438786815] [0:0.82993581876002709] [0:1.0000000000000002] [-0.13109644777546911:0.073659523213825295] [-0.17392252264560989:0.46498583640067781] [5.974823611473119:11.636223317283363] [10.566871159890386:21.086567492848818] [-32.9088287752921:63.334634365485499] [-3.7491452479962901:221.34164402336501] [-1:1] [-1:1] [1:12] -1:8:0:5:6:9:2:3:4:1:7 -1:0:1:3:2:5:4:6 -1:0:3:2:1
tree_sizes=1731 1829 1810 1818 1837 1822 1806 1831 1833 1815 1831 1843 1846 1845 1798 1843 1831 1829 1856 1821 1823 1804 1822 1820 1842 1840 1839 1837 1814 1848 1824 1813 1855 1832 1823 1826 1813 1842 1840 1821 1814 1801 1801 1837 1810 1822 1848 1825 1851 1831 1806 1809 1844 1849 1826 1802 1830 1835 1825 1846 1845 1827 1852 1829 1812 1837 1831 1835 1827 1812 1827 1803 1827 1825 1815 1823 1828 1810 1845 1826 1845 1847 1832 1869 1834 1829 1828 1834 1827 1836 1821 1844 1828 1853 1836 1805 1829 1830 1829 1811 1836 1841 1816 1804 1789 1814 1857 1828 1828 1832 1817 1847 1819 1840 1862 1864 1800 1822 1824 1816 1822 1852 1804 1846 1836 1842 1832 1825 1794 1838 1834 1817 1856 1841 1811 1819 1825 1827 1841 1849 1835 1833 1795 1841 1830 1840 1829 1822 1806 1814 1835 1813 1837 1799 1830 1847 1858 1806 1835 1829 1848 1816 1845 1820 1827 1851 1838 1825 1806 1810 1812 1839 1798 1866 1821 1834 1831 1833 1828 1814 1834 1821 1816 1843 1824 1793 1803 1829 1829 1847 1841 1835 1842 1819 1809 1805 1860 1855 1804 1826 1826 1799 1804 1855 1835 1814 1842 1798 1798 1850 1804 1823 1804 1828 1833 1806 1829 1821 1790 1837 1814 1824 1850 1822 1827 1823 1821 1852 1824 1830 1825 1851 1838 1849 1824 1854 1848 1854 1800 1857 1840 1839 1775 1815 1803 1845 1817 1818 1830 1842 1817 1807 1782 1850 1812 1805 1819 1805 1840 1803 1837 1825 1833 1803 1817 1820 1844 1826 1823 1816 1817 1809 1836 1834 1840 1808 1832 1814 1808 1792 1819 1841 1838 1819 1824 1812 1844 1854 1802 1840 1833 1823 1831 1828 1819 1802 1821 1822 1800 1855

Tree=0
num_leaves=15
num_cat=0
split_feature=9 9 4 10 21 23 9 11 2 18 11 5 4 24
split_gain=77010.6 18330.8 13346.7 5564.7 7777.47 4985.64 4549.33 4201.38 6268.74 4944.6 3819.76 3454.47 3309.08 2984.99
threshold=0.44191865165192801 1.2375453774386229 15.157226915591695 0.082762934500757404 9.3012984624044073 6.7048748567085958 0.30363858763936519 -0.36043592769963684 14.590223865098237 0.11115700954869977 -0.36833761214363653 15.549813916882114 13.432947376706847 29.675544147785903
decision_type=2 2 2 2 8 10 2 2 2 10 2 2 2 8
left_child=2 3 6 12 7 -4 -1 8 -5 -9 -3 -8 -2 -11
right_child=1 10 5 4 -6 -7 11 9 -10 13 -12 -13 -14 -15
leaf_value=0.49249949924078706 0.50415415419024134 0.5280146943362779 0.48495278581279128 0.51464004843411293 0.50024173597787602 0.49833557965669228 0.49810510138043373 0.52418504725429005 0.51975536997368854 0.50416573769374773 0.51459068925029261 0.50318292388856178 0.49585867772964209 0.50749663590517602
leaf_weight=3664645.6799468994 1698715.3729368448 735866.03407859802 6780574.8338623047 87172.873977541924 1316924.743929863 472720.84252929688 3011671.4169654846 177350.57034850121 57844.85986328125 587238.24580955505 2362085.4755656719 97450.552978515625 2257231.112701416 90226.520431518555
leaf_count=4684 4372 3835 1894 215 2055 142 4409 600 33 723 9872 41 1697 104
internal_value=0.497189 0.500699 0.494845 0.499145 0.501091 0.493354 0.496441 0.504416 0.512285 0.503081 0.503846 0.497848 0.498005 0.501135
internal_weight=2.33977e+07 9.37066e+06 1.40271e+07 6.2727e+06 2.31676e+06 7.2533e+06 6.77377e+06 999833 145018 854815 3.09795e+06 3.10912e+06 3.95595e+06 677465
internal_count=34676 23506 11170 9799 3730 2036 9134 1675 248 1427 13707 4450 6069 827
is_linear=0
shrinkage=1


Tree=1
num_leaves=15
num_cat=1
split_feature=9 9 9 4 10 21 29 7 9 21 18 21 17 25
split_gain=70368.7 13829.7 12851 5811.17 5714.39 6429.15 4960.47 3894.36 3368.09 3033.21 2639.34 2596.91 2703.81 3177.81
threshold=0.44191865165192801 1.2375453774386229 0.22149683170429854 13.742861480680888 0.046142006192233007 8.2483669120804475 0 13.892481415952069 4.9209086683219132 10.919075312383926 0.0077347275549166511 10.617770933943616 0.22619975375775667 1.0000000180025095e-35
decision_type=2 2 2 2 2 8 1 2 2 8 10 8 2 2
left_child=2 4 -1 -4 7 6 -6 -2 10 -9 -3 12 13 -7
right_child=1 8 3 -5 5 11 -8 9 -10 -11 -12 -13 -14 -15
leaf_value=-0.011719891101563877 0.0068336543062333822 0.035393864964727274 0.0029331060148737858 -0.0044417043275468068 0.01690721417892142 0.0052514131933469235 0.017424939373309609 -0.0048442820401630952 0.029310399237682007 0.010214586975717794 0.013473446454805979 0.00077090260349326931 -0.0025984952022537621 0.017453412675904018
leaf_weight=5711882.10389328 1982084.3914986849 317770.168415308 2159255.1715183258 6179129.0230712891 75382.15864276886 692325.24851703644 355303.0200060606 1562133.7136230469 832536.83268737793 166633.38671875 1965383.0036015511 754067.63367676735 110715.61267089844 544734.90399110317
leaf_count=3165 4586 3577 4819 3153 67 998 865 972 2738 98 7416 1203 67 902
internal_value=-1.19838e-06 0.00335766 -0.00223858 -0.000987037 0.00199988 0.00383095 0.00939627 0.00075024 0.00607843 -0.000984139 0.00508573 0.00269057 0.00400517 0.00467515
internal_weight=2.34093e+07 9.35907e+06 1.40503e+07 8.33838e+06 6.24338e+06 2.53253e+06 430685 3.71085e+06 3.11569e+06 1.72877e+06 2.28315e+06 2.10184e+06 1.34778e+06 1.23706e+06
internal_count=34626 23489 11137 7972 9758 4102 932 5656 13731 1070 10993 3170 1967 1900
cat_boundaries=0 1
cat_threshold=8
is_linear=0
shrinkage=0.05


Tree=2
num_leaves=15
num_cat=1
split_feature=4 21 8 11 5 6 11 24 6 14 30 14 21 24
split_gain=59088.8 14395.8 11241.2 6592.23 12267.8 6426.45 4551.2 4071.36 4069.64 4351.76 4022.47 3684.65 7052.37 3656.98
threshold=13.713003950990858 10.228089216411165 0.51670295075577555 -0.27915491921175473 15.225370992279283 15.947782723660634 -0.57552395328253059 10.960149042668801 16.09600000920798 1.0508514150902728 0 1.4888741965011159 9.2186961132544649 2.1030596753287956
decision_type=2 8 2 2 2 2 2 8 2 10 1 10 10 10
left_child=2 3 10 4 13 -3 -4 11 9 -9 -1 -5 -13 -2
right_child=1 5 6 7 -6 -7 -8 8 -10 -11 -12 12 -14 -15
leaf_value=0.00012919034850702332 0.01610851020973857 -0.0050575354937490123 0.032778909578420716 -0.00388124213022881 0.024704861134511834 -0.012664321651636107 0.013355690816654135 -0.004318647435057844 -0.0065977795703998357 0.011608882421252242 0.0076380245494486023 0.0097619308868137911 -0.0056351322916479594 -0.0017132853268629845
leaf_weight=2447992.3586535454 137013.94494628906 4852692.0313415527 541627.53722882271 2859854.511138916 168237.31115722656 4823889.580078125 4190941.8151261806 146932.52947998047 171608.05297851562 289746.46459960938 1633657.7220752239 386992.03509521484 362132.62600708008 403734.91934204102
leaf_count=5765 126 3136 2887 1759 64 1080 14706 114 50 201 3995 175 150 329
internal_value=-1.20204e-05 -0.00196335 0.00322081 0.000236908 0.00469783 -0.00308347 0.00487908 -0.00051304 0.00327105 0.00583484 0.00129809 -0.00115084 0.00197071 0.00102925
internal_weight=2.34171e+07 1.46028e+07 8.81422e+06 4.92625e+06 708986 9.67658e+06 4.73257e+06 4.21727e+06 608287 436679 4.08165e+06 3.60898e+06 749125 540749
internal_count=34537 7184 27353 2968 519 4216 17593 2449 365 315 9760 2084 325 455
cat_boundaries=0 1
cat_threshold=1
is_linear=0
shrinkage=0.05


Tree=3
num_leaves=15
num_cat=2
split_feature=4 17 12 24 23 29 17 23 30 10 18 14 18 11
split_gain=53652.9 11959 10130.7 8047.65 6391.69 7142.35 6215.53 5099.44 4831.43 4389.62 3716.53 5441.56 3601.07 2999.16
threshold=13.742861480680888 0.041433429624679156 11.500000000000002 10.044046971679252 -3.6944936482584798 0 0.010873695698383052 4.4028401820488208 1 0.26323608978067897 0.64702786001430701 2.0525569131549912 0.10828878379505351 -0.11849552186030624
decision_type=2 2 2 10 8 1 2 8 1 2 10 10 10 2
left_child=2 3 -1 4 5 -2 -5 13 10 -9 11 -3 -11 -4
right_child=1 8 7 6 -6 -7 -8 9 -10 12 -12 -13 -14 -15
leaf_value=0.019231129855100934 -0.0067507480314709092 -0.0014360200570129981 0.0069302354996938599 0.0012987939456274875 -0.0032256557061330331 0.016278717047426412 0.016420222235885816 0.0079335332655074489 -0.010667183290234977 0.025987198257161934 -0.0041887489245292769 0.0092421471876205329 0.011840175995059958 0.00045224490314083564
leaf_weight=2307705.3540204763 173782.67333984375 537769.56414794922 1545761.8438405991 180513.94854736328 5398752.6504516602 222524.46063232422 163253.95471191406 1663611.0755095482 6756282.5646972656 229379.11413860321 713883.75982666016 170025.88543701172 173236.55418586731 3012832.4537324905
leaf_count=11300 138 366 3636 152 3731 129 64 4371 2150 789 228 58 327 7057
internal_value=-0.000101752 -0.00199901 0.00293911 -0.00033109 -0.000772015 0.00535684 0.00710181 0.0019453 -0.00325104 0.00400579 -0.000601677 0.00196574 0.00869042 0.00101136
internal_weight=2.32493e+07 1.43168e+07 8.93253e+06 6.13883e+06 5.79506e+06 396307 343768 6.62482e+06 8.17796e+06 2.06623e+06 1.42168e+06 707795 402616 4.55859e+06
internal_count=34496 7016 27480 4214 3998 267 216 16180 2802 5487 652 424 1116 10693
cat_boundaries=0 1 2
cat_threshold=67 8
is_linear=0
shrinkage=0.05


Tree=4
num_leaves=15
num_cat=1
split_feature=9 9 4 4 14 23 24 9 14 14 21 28 24 27
split_gain=57926 16960.7 7662.62 7080.26 4532.33 3474.26 3184.51 3103.95 2550.2 5732.07 2467.12 2420.35 2319.34 2726.69
threshold=0.56178561302611463 0.22149683170429854 11.914161492751845 13.775496469836702 2.3474724148787502 6.7776371437129308 -1.8434447414988349 4.8751067931764753 2.066498497879881 2.2373904011419681 10.303415031121625 0 10.434858902707102 3.5000000000000004
decision_type=2 2 2 2 10 10 10 2 10 10 10 1 8 2
left_child=1 10 7 5 6 11 -5 -2 -8 -10 -1 -3 -4 -14
right_child=2 3 12 4 -6 -7 8 -9 9 -11 -12 -13 13 -15
leaf_value=-0.0026950520341243196 0.015836256367784889 0.0044797932184605874 0.0055976188557216068 0.0058272124602752268 -0.0093438252502148489 0.01297729934455545 -0.0037313384863114211 0.031429065140556406 0.0068804114263634822 -0.0025797880616212571 -0.011636670901852523 -0.0022129319297349032 0.020410890350683275 0.010047717252640309
leaf_weight=873301.16284561157 2188910.2994960546 1567365.6535358429 3333590.6005172729 288936.33178710938 1447427.4908447266 409164.36767578125 4774949.8616333008 557292.63320159912 335622.48266601562 860761.87518310547 4816307.9806137085 1473469.5510200262 126530.68672180176 341185.16563415527
leaf_count=982 12295 2488 4774 181 558 950 2798 2217 150 408 2178 3997 141 422
internal_value=-0.00024073 -0.00179176 0.0037502 -0.000658888 -0.00150155 0.00122372 -0.000918549 0.00576263 -0.00116661 0.000897679 -0.0040134 0.000641693 0.00229635 0.00559359
internal_weight=2.33948e+07 1.68473e+07 6.54751e+06 1.11577e+07 7.7077e+06 3.45e+06 6.26027e+06 2.7462e+06 5.97133e+06 1.19638e+06 5.68961e+06 3.04084e+06 3.80131e+06 467716
internal_count=34539 14690 19849 11530 4095 7435 3537 14512 3356 558 3160 6485 5337 563
cat_boundaries=0 1
cat_threshold=292
is_linear=0
shrinkage=0.05


Tree=5
num_leaves=15
num_cat=2
split_feature=4 8 29 11 17 5 21 12 28 21 4 10 22 4
split_gain=50966 11742.7 11189.2 8759.62 4962.29 7766.57 4823.06 4646.46 4186.3 3682.92 3545.8 3019.11 2563.61 2492.26
threshold=14.23098100930329 0.53332814199853928 0 -0.070000168779436892 0.033425308874965559 15.162938269030475 9.1055041605223739 8.5000000000000018 1 9.5204591033819863 15.157226915591695 0.082762934500757404 21.068016142521437 11.938658837756185
decision_type=2 2 1 2 2 2 10 2 1 8 2 2 2 2
left_child=1 9 3 4 5 -2 8 -3 -4 11 -8 -1 13 -9
right_child=2 7 6 -5 -6 -7 10 12 -10 -11 -12 -13 -14 -15
leaf_value=0.0015023655950414886 0.0060964591580858441 0.034969067541518094 0.0058299538882106983 -0.0027050417057878349 -0.0049042986682402605 0.017830955760312489 -0.0047457886199693232 0.015921221580487765 -0.0053850607907134414 -0.00081321454456172333 -0.010300244613695117 0.0079604038761667256 0.027789861473892126 0.0074575061865118242
leaf_weight=1479172.7990945578 346886.42425537109 517744.90252196789 339333.74755859375 1831517.3319091797 203184.84820556641 187002.31616210938 2769089.0799865723 1991453.3923072815 912055.51574707031 3218344.8247699738 5934241.7117919922 1011573.4576129913 40530.674558639526 2551976.7707672119
leaf_count=3156 235 3971 132 797 66 83 1840 9585 537 6363 1605 1942 78 4181
internal_value=-0.000159606 0.00235544 -0.00233073 0.000611505 0.00521424 0.00774514 -0.0030899 0.00409865 -0.000187464 0.000797684 -0.00350723 0.00224124 0.00359153 0.00347985
internal_weight=2.33341e+07 1.08108e+07 1.25233e+07 2.56859e+06 737074 533889 9.95472e+06 5.10171e+06 1.25139e+06 5.70909e+06 8.70333e+06 2.49075e+06 4.58396e+06 4.54343e+06
internal_count=34571 29276 5295 1181 384 318 4114 17815 669 11461 3445 5098 13844 13766
cat_boundaries=0 1 2
cat_threshold=12 32
is_linear=0
shrinkage=0.05


Tree=6
num_leaves=15
num_cat=0
split_feature=9 9 4 7 2 24 7 24 9 0 4 17 10 21
split_gain=49750.8 10154.6 9475.3 3374.26 3274.53 3095.83 3009.94 3296.51 2996.26 2861.81 2796.96 2655.5 2582.26 3389.5
threshold=0.44191865165192801 0.22149683170429854 11.914161492751845 16.98736325551755 16.150297738002418 12.187031981800301 14.84567446316664 6.8753646891352309 4.8751067931764753 16.84045422280521 13.742861480680888 0.011819588045148802 0.039571462424036405 10.597509584741148
decision_type=2 2 2 2 2 8 2 10 2 2 2 2 2 10
left_child=1 6 8 9 5 12 7 -1 -2 10 -3 -7 -4 -14
right_child=2 3 4 -5 -6 11 -8 -9 -10 -11 -12 -13 13 -15
leaf_value=-0.0060185960035384223 0.013116791771340328 0.0013403870053713526 0.0014651359116442707 -0.0099470225493045461 -0.012788990274747145 0.010377096728778935 -0.011211223965378875 0.012472242803194224 0.027900628816882329 0.0046354108001965899 -0.0032975827624289003 0.015511234928767013 0.0089138246179022301 -0.00090215448198405874
leaf_weight=1146686.1380653381 2452102.0519975424 2172995.3424949646 3508296.3044433594 620129.43017578125 189084.30590820312 486277.81733703613 4341745.42578125 76762.883941650391 560741.03722381592 223815.435546875 5343503.0920410156 100295.3557434082 1437354.3861846924 628264.05258178711
leaf_count=1781 13462 4836 4468 109 57 582 1195 170 2222 51 3003 91 1784 782
internal_value=-0.000241655 -0.00213657 0.00257684 -0.00103498 0.00148115 0.00168007 -0.00379146 -0.00160093 0.00488601 -0.00075066 -0.000916561 0.00513525 0.00131647 0.002719
internal_weight=2.32881e+07 1.39256e+07 9.36242e+06 8.36044e+06 6.34957e+06 6.16049e+06 5.56519e+06 1.22345e+06 3.01284e+06 7.74031e+06 7.5165e+06 586573 5.57391e+06 2.06562e+06
internal_count=34593 11145 23448 7999 7764 7707 3146 1951 15684 7890 7839 673 7034 2566
is_linear=0
shrinkage=0.05


Tree=7
num_leaves=15
num_cat=1
split_feature=9 9 9 14 21 10 21 0 28 10 8 25 9 14
split_gain=41617.2 10688.3 9011.52 5430.53 3810.25 3557.21 4693.99 6489.17 3228.92 5617.77 4886.26 4285.49 2594.44 2325.66
threshold=0.44191865165192801 0.23312286427676673 1.3447683831661743 2.3390992561901038 9.4706546142230987 0.061003165100905705 8.1511145926401163 15.029197086270768 0 0.046142006192233007 0.26118580091138838 -0.24999999999999997 5.0281947065297521 1.8495005879959623
decision_type=2 2 2 10 10 2 8 2 1 2 2 2 2 10
left_child=1 4 5 8 -1 -2 7 -7 9 -3 11 -11 -4 -8
right_child=2 3 12 -5 -6 6 13 -9 -10 10 -12 -13 -14 -15
leaf_value=-0.0010308110984367043 0.00070156269388718434 -0.001110221818489287 0.011528440010112235 -0.0071237168623515482 -0.010364078979691365 0.011193581151210795 0.0067920648531762627 0.019097267302065738 -0.0014599032538126873 0.0071301642036797315 0.0027207683990854606 0.011594570003916688 0.023037202054902339 -0.0014752680826124369
leaf_weight=958624.8902130127 3872797.3506485224 756615.84787368774 2264663.4572350979 1626806.0413761139 5135406.5343818665 298825.48849880695 1630096.6795635223 79223.9560546875 4989867.0604629517 118407.17990112305 308131.02093505859 147762.10513305664 758750.15524291992 497112.08904361725
leaf_count=1029 5963 782 10988 2135 2486 803 2094 33 4186 103 336 129 2443 1124
internal_value=-0.000272636 -0.00199644 0.00230196 -0.000788488 -0.00357181 0.00123616 0.0027043 0.00783818 -0.000125424 0.00206274 0.00579135 0.0107536 0.00455033 0.0017919
internal_weight=2.34431e+07 1.40416e+07 9.40147e+06 7.94759e+06 6.09403e+06 6.37806e+06 2.50526e+06 378049 6.32078e+06 1.33092e+06 574300 266169 3.02341e+06 2.12721e+06
internal_count=34634 11186 23448 7671 3515 10017 4054 836 5536 1350 568 232 13431 3218
cat_boundaries=0 1
cat_threshold=37
is_linear=0
shrinkage=0.05


Tree=8
num_leaves=15
num_cat=1
split_feature=9 4 9 23 0 17 21 10 10 17 19 28 4 2
split_gain=42897.1 10858.5 7757.36 3717.89 3402.31 3374.21 2803.56 4367.51 2755.6 2745.02 2316.94 2173.38 2170.09 2142.69
threshold=0.44191865165192801 15.157226915591695 1.2946952320936134 6.5834778381794061 15.668470468809554 0.0048433687659590512 8.2483669120804475 0.51117753467031746 -0.25153528940530462 0.033425308874965559 0.01031223928624665 0 10.801445527591129 16.150297738002418
decision_type=2 2 2 10 2 2 8 2 2 2 2 1 2 2
left_child=1 4 6 9 5 -1 7 8 -2 10 -3 -7 -4 -8
right_child=2 3 12 -5 -6 11 13 -9 -10 -11 -12 -13 -14 -15
leaf_value=0.0030752072898264861 -0.0035838507173379269 -0.0064963022521613099 0.022213418094549915 0.00039581874720366248 0.010231071690778535 0.0062117603112468436 0.0028495794301572723 0.030142322867909091 0.010561873094147647 -0.0090636981135369509 0.0079052469784213677 -0.0035252331198650706 0.010100298002611249 -0.012461750309701971
leaf_weight=969773.31910896301 350611.04169106483 456057.40673828125 1244798.1958360672 493997.28430175781 80380.22216796875 411255.02412414551 5179783.1595509052 65964.731985926628 595508.48300933838 6316531.5555419922 294512.88928222656 5295046.1663360596 1823656.681602478 157479.04833984375
leaf_count=2102 713 205 8857 155 34 528 7793 168 1225 1604 132 6457 4723 47
internal_value=-0.000420179 -0.00214414 0.00220069 -0.00344576 -0.000687495 -0.00081061 0.00120311 0.00361586 0.00274857 -0.0037389 -0.000880215 -0.00127401 0.00426492 0.000745595
internal_weight=2.37354e+07 1.43176e+07 9.4178e+06 7.5611e+06 6.75645e+06 6.67607e+06 6.34935e+06 1.01208e+06 946120 7.0671e+06 750570 5.7063e+06 3.06845e+06 5.33726e+06
internal_count=34743 11217 23526 2096 9121 9087 9946 2106 1938 1941 337 6985 13580 7840
cat_boundaries=0 1
cat_threshold=4
is_linear=0
shrinkage=0.05


Tree=9
num_leaves=15
num_cat=1
split_feature=4 9 9 7 24 23 7 21 7 12 23 28 21 17
split_gain=38542.4 11337.6 6221.07 4802.4 5280.11 4406.27 5297.47 3629.02 3005.05 2639.58 2588.63 2094.99 2974.14 2627.99
threshold=13.742861480680888 0.2415324954904873 0.94040243928908251 15.945746507756189 8.9320038468601108 -3.6944936482584798 14.797759784107527 10.168939851082321 14.62282888752793 6.5000000000000009 2.1778171124778605 0 7.1667323839111727 0.047954409601328109
decision_type=2 2 2 2 10 8 2 10 2 2 10 1 10 2
left_child=2 10 7 4 5 6 -3 11 -6 -4 -2 12 -1 -14
right_child=1 3 9 -5 8 -7 -8 -9 -10 -11 -12 -13 13 -15
leaf_value=0.023028309776795101 -0.010618710048317331 -0.001490059425254815 0.045290316647917515 -0.005230561130181847 0.0084296592872425882 -0.0013595395896576655 0.015975832018430346 -0.00043752535774975389 0.013452611654356636 0.012268040266964061 -0.0067709683963791973 0.0047869373327942156 0.006018408945377255 0.034231028195476736
leaf_weight=47399.094190597534 2951845.7282104492 225505.25231933594 170804.66771864891 1963816.8686523438 163020.69467163086 5815260.3485717773 176106.75524902344 2734210.200334549 134745.57250976562 3139611.1213781834 3006077.7957763672 2569197.8962283134 209250.08174645901 66626.737487792969
leaf_count=88 932 195 1748 495 150 3950 76 5928 66 12859 1186 6029 709 65
internal_value=-0.000428213 -0.00202574 0.00215232 -0.000851134 -0.000197783 -0.000509312 0.00455594 0.00114046 0.00630643 0.00387216 -0.00369726 0.00237504 0.00616848 0.00418079
internal_weight=2.33735e+07 1.44364e+07 8.9371e+06 8.47846e+06 6.51464e+06 6.21687e+06 401612 5.62668e+06 297766 3.31042e+06 5.95792e+06 2.89247e+06 323276 275877
internal_count=34476 7050 27426 4932 4437 4221 271 12819 216 14607 2118 6891 862 774
cat_boundaries=0 1
cat_threshold=36
is_linear=0
shrinkage=0.05


Tree=10
num_leaves=15
num_cat=2
split_feature=4 17 24 17 22 30 28 11 4 14 23 3 14 4
split_gain=34682.9 9056.35 9034.85 6349.27 5612.61 5545.44 4898.51 4053.34 3164.61 3142.44 3066.13 5035.03 2521.32 1918.83
threshold=13.775496469836702 0.041433429624679156 13.769584241537652 0.0024809638687862006 21.040452452046065 0 1 -0.40072936448552271 14.907408996081463 2.066498497879881 -3.6944936482584798 14.840603961213503 2.4073537941007941 6.4573415689722866
decision_type=2 2 10 2 2 1 1 2 2 10 8 2 10 2
left_child=3 2 10 7 12 9 -6 -1 -7 -3 11 -2 -5 -9
right_child=1 5 -4 4 6 8 -8 13 -10 -11 -12 -13 -14 -15
leaf_value=0.026318929891746376 -0.0015876352688777842 -0.0028765663772109748 0.013994170470191789 0.0033808810744252967 0.040103760810906684 -0.00035507737479087285 0.0072658700055557805 0.025257137821035239 -0.0086970269062612241 0.0047274769606357268 -0.0025893531268981916 0.015290230992966881 -0.0043812532404326893 0.0074502588378932508
leaf_weight=610723.77126920223 244466.89050292969 958886.96978759766 227298.55783081055 4604763.4444160461 61685.809204101562 675385.07873535156 208182.60079956055 334845.21727395058 6054266.7547607422 440811.20092773438 5373284.9125366211 172427.12353515625 889405.53974533081 2410959.9999637604
leaf_count=3688 203 523 147 8732 69 483 429 2812 1642 116 3670 74 3871 8106
internal_value=-0.000377857 -0.00192787 -0.000457461 0.00202635 0.00101965 -0.00301629 0.00805951 0.00375513 -0.00361185 -0.000152827 -0.000841324 0.0032894 0.000673854 0.00293569
internal_weight=2.32674e+07 1.41468e+07 6.01748e+06 9.12057e+06 5.76404e+06 8.12935e+06 269868 3.35653e+06 6.72965e+06 1.3997e+06 5.79018e+06 416894 5.49417e+06 2.74581e+06
internal_count=34565 6858 4094 27707 13101 2764 498 14606 2125 639 3947 277 12603 10918
cat_boundaries=0 1 2
cat_threshold=8 68
is_linear=0
shrinkage=0.05


Tree=11
num_leaves=15
num_cat=1
split_feature=4 9 9 14 11 0 0 9 7 30 10 21 10 22
split_gain=34241.4 8778.77 7225.04 4343.2 4216.55 3513.26 3434.89 3246.69 3105.21 2670.39 2671.28 2179.33 2138.8 1669.05
threshold=14.332612286627141 0.26433815840575609 0.5412214474935747 2.3208692223973153 -0.24441418805156442 14.585311022316217 14.738985821463588 0.27949460387174296 11.045920196212599 0 0.092839518376594612 10.303415031121625 0.75490649013291133 19.577528614108676
decision_type=2 2 2 10 2 2 2 2 2 1 2 10 2 2
left_child=2 11 6 4 5 -3 9 -6 -4 -1 -11 -2 -10 -13
right_child=1 3 8 -5 7 -7 -8 -9 12 10 -12 13 -14 -15
leaf_value=-0.0017667574156107887 -0.003373722868389491 -0.0019230164336409275 0.020522529047123636 -0.0056646647853625907 0.0041911932570083497 0.012718867157547432 0.0058830228622057182 -0.0023029101573821733 0.0059999221230362552 0.00026880239118346161 0.0073900896349877168 -0.0095515296400124766 0.029060319961262012 -0.0045968090716222735
leaf_weight=3206638.5524520874 1004073.4992675781 347998.07452392578 1219781.0352951288 1405011.307434082 271630.92877197266 433883.1259765625 211296.15966796875 3357125.0109863281 4586248.2743530273 1300850.1368865967 680510.86876296997 4068852.1649169922 112054.93473815918 1141774.8081054688
leaf_count=5921 440 267 10764 543 132 201 138 1691 8858 2482 1251 1346 226 272
internal_value=-0.000460155 -0.00231735 0.00151404 -0.000921114 -0.000149918 0.00318056 0.000191405 -0.000867529 0.00272073 -6.31041e-05 0.00138001 -0.00362393 0.00213715 -0.00403495
internal_weight=2.33477e+07 1.20303e+07 1.13174e+07 5.81565e+06 4.41064e+06 781881 5.3993e+06 3.62876e+06 5.91808e+06 5.188e+06 1.98136e+06 6.2147e+06 4.6983e+06 5.21063e+06
internal_count=34532 4892 29640 2834 2291 468 9792 1823 19848 9654 3733 2058 9084 1618
cat_boundaries=0 1
cat_threshold=1
is_linear=0
shrinkage=0.05


Tree=12
num_leaves=15
num_cat=1
split_feature=9 9 4 14 28 16 11 8 14 11 11 2 24 23
split_gain=32929 7529.08 6336.32 5251.36 4080 5269.49 3865.49 3791.8 3322.92 2977.38 2879.41 2735.03 2834.19 2828.95
threshold=0.39384908484016884 0.22149683170429854 12.238822938492754 2.3390992561901038 0 18.314726746826736 0.20100442139833954 0.24438651934023772 1.4666126693410426 -0.40072936448552271 -0.17430569069665838 16.150297738002418 13.769584241537652 -10.063395810728649
decision_type=2 2 2 10 1 2 2 2 10 2 2 2 10 8
left_child=1 8 9 4 5 6 -3 -8 -1 -2 -6 12 13 -4
right_child=2 3 11 -5 10 -7 7 -9 -10 -11 -12 -13 -14 -15
leaf_value=-0.0035887723449601243 0.022098294234568105 -0.0012713841072999402 0.01387052744782946 -0.0061594742432076223 0.0028778834962663474 0.0076143902819987667 0.016055491975547394 0.00066284012913902569 -0.008837908358177252 0.0090741254993508373 -0.0035715031890429204 -0.0084439673899673919 0.011223476056405541 0.001408474209243498
leaf_weight=1222637.0549850464 664109.75502991676 1038608.6710205078 140733.05804443359 1427696.2082901001 650954.88892364502 140562.63555908203 162364.99905395508 230247.44592285156 4352999.0763244629 3004472.5630975962 3242523.5112838745 320796.34008789062 292251.33291625977 6367100.4341888428
leaf_count=1088 4066 1056 102 1806 640 83 142 215 2007 13441 2411 94 305 7000
internal_value=-0.000505656 -0.00225576 0.00151681 -0.00115072 -0.000445355 0.00170478 0.000797515 0.00502384 -0.00362188 0.00320494 -0.00131336 0.000647107 0.000859941 0.000643626
internal_weight=2.32581e+07 1.24686e+07 1.07895e+07 6.89296e+06 5.46526e+06 1.57178e+06 1.43122e+06 392612 5.57564e+06 3.66858e+06 3.89348e+06 7.12088e+06 6.80008e+06 6.50783e+06
internal_count=34456 9448 25008 6353 4547 1496 1413 357 3095 17507 3051 7501 7407 7102
cat_boundaries=0 1
cat_threshold=549
is_linear=0
shrinkage=0.05


Tree=13
num_leaves=15
num_cat=1
split_feature=4 9 9 6 18 10 14 22 23 28 12 21 21 25
split_gain=31843.4 8329.91 5698.83 5004.8 3503.53 3461.04 3330.84 3247.01 3198.26 2487.52 2381.98 2311.31 2080.8 2034.87
threshold=14.266612344806093 0.26433815840575609 0.94040243928908251 16.30949344286088 0.47177133088911288 0.096112965020435717 2.066498497879881 19.607205262989968 -1.4313464411276098 0 6.5000000000000009 9.1355654698632609 10.733130828250484 -0.24999999999999997
decision_type=2 2 2 2 10 2 10 2 8 1 2 10 10 2
left_child=2 11 5 4 13 -1 8 -7 -6 -9 -4 -2 -10 -3
right_child=1 3 10 -5 6 7 -8 9 12 -11 -12 -13 -14 -15
leaf_value=-7.1261239871747012e-05 -0.002695935917561473 -0.01259180775722215 0.043291775292914336 -0.0050579867127111544 0.0098742475892376596 0.0042749797066297833 0.0092888086119985187 0.019021615870404664 -0.0012300813512415333 0.0036224762208644243 0.009528994070754632 -0.0077479024143565379 0.0052637682328113451 -0.00070323826712902866
leaf_weight=4873885.0858538151 653255.00274658203 826590.16561889648 175831.04593765736 1107916.9318847656 411126.7236328125 2400558.4934186935 204460.56994628906 77658.569305419922 2088594.1741333008 84482.75260925293 3349777.031119585 5532779.9716796875 371079.17443847656 1046290.3801269531
leaf_count=9638 282 529 1782 247 214 4562 82 80 1103 142 13162 1832 206 639
internal_value=-0.000446319 -0.00219905 0.00151106 -0.000880878 -0.000200734 0.000726104 0.00083755 0.00221367 0.000398404 0.0090618 0.00316677 -0.00348953 -0.000283896 -0.00190559
internal_weight=2.32043e+07 1.22421e+07 1.09622e+07 6.05606e+06 4.94814e+06 7.43658e+06 3.07526e+06 2.5627e+06 2.8708e+06 162141 3.52561e+06 6.18603e+06 2.45967e+06 1.87288e+06
internal_count=34500 5134 29366 3020 2773 14422 1605 4784 1523 222 14944 2114 1309 1168
cat_boundaries=0 1
cat_threshold=76
is_linear=0
shrinkage=0.05


Tree=14
num_leaves=15
num_cat=3
split_feature=7 9 30 14 11 11 29 19 10 28 16 23 14 3
split_gain=30781.4 9039.68 5280.4 4100.6 3375.98 3364.5 4074.35 4846.34 3150.06 4277.23 3345.93 2635.28 3889.75 2276.14
threshold=14.018312434570285 0.22149683170429854 0 2.3390992561901038 -0.088377571599897481 -0.070000168779436892 1 0.03655989498873196 0.4388536361654225 2 14.793595579088564 6.7582366309950865 1.497090039949321 14.89165024877475
decision_type=2 2 1 10 2 2 1 2 2 1 2 10 10 2
left_child=2 -2 4 5 -1 6 7 13 -4 10 -10 -7 -13 -3
right_child=1 3 8 -5 -6 11 -8 -9 9 -11 -12 12 -14 -15
leaf_value=0.0054599233024992602 -0.0071208480324215272 -0.0014639323090619605 0.0073866035474999484 -0.0053823170734250839 -0.0012186774418163895 -0.0037296082583788471 -0.0015820511191731966 0.013464394443470791 0.022216849731269341 0.015016853814235285 0.032431844354143355 -0.0018984729597887489 0.0069297814502688381 0.0072523073377900663
leaf_weight=2309180.4980041981 5067366.9155273438 420129.29467773438 3774720.0587341785 1635564.0483398438 3184632.0628817081 3884403.2478027344 1139246.6015625 200319.3603515625 47236.548060059547 306281.56647586823 68611.182228565216 443299.09497070312 289819.65344238281 534394.9248046875
leaf_count=6883 1669 293 10718 637 9084 2080 726 107 462 1069 208 234 105 220
internal_value=-0.000558207 -0.00209128 0.00159563 -0.00109925 0.000575504 -0.000566497 0.000998594 0.00309144 0.002931 0.00702727 0.0152105 -0.00134407 0.00140543 0.00160764
internal_weight=2.33052e+07 1.36145e+07 9.69066e+06 8.54718e+06 5.49381e+06 6.91161e+06 2.29409e+06 1.15484e+06 4.19685e+06 422129 115848 4.61752e+06 733119 954524
internal_count=34495 6071 28424 4402 15967 3765 1346 620 12457 1739 670 2419 339 513
cat_boundaries=0 1 2 3
cat_threshold=1 92 116
is_linear=0
shrinkage=0.05


Tree=15
num_leaves=15
num_cat=1
split_feature=9 21 7 4 2 20 25 21 19 0 9 28 14 10
split_gain=29683.8 7850.18 5622.05 5051.52 2495.05 2262.62 2904.44 2175.03 2108.39 1819.01 1953.22 1668.53 3442.37 2480.36
threshold=0.39052465416344978 10.228089216411165 11.602052117968833 15.26867331021578 16.150297738002418 -0.01363960273594435 -0.93301270189221919 10.009361174731852 -0.014321172063744747 16.03763924788834 4.9209086683219132 0 2.2253863858737941 -0.029996462998554695
decision_type=2 8 2 2 2 10 2 10 2 2 2 1 10 2
left_child=1 7 -2 5 9 6 -3 11 -9 10 -4 -1 13 -13
right_child=2 3 4 -5 -6 -7 -8 8 -10 -11 -12 12 -14 -15
leaf_value=-0.0022043091227322699 0.013287996728821604 0.010794765727670406 0.0016222201435454671 -0.0067111868152817727 -0.0082190456649677331 -0.0055807948274215601 -0.00055496542019342631 -0.0012756082372325556 0.012125413204000098 0.006877576050930579 0.015533423635233114 -0.00103217542366499 -0.0036797789790393668 0.0096602868670117199
leaf_weight=2509577.7814331055 2058046.5490041971 83830.537956237793 7944130.3650817871 5358261.7080078125 337761.65966796875 2516620.0312538147 854132.55879974365 83167.976823806763 80081.886503219604 201688.29064941406 401127.87118530273 285448.32785797119 379713.51643753052 454888.42089080811
leaf_count=2062 14139 110 10090 1336 98 2830 1145 90 118 69 744 398 737 624
internal_value=-0.000672403 -0.00232637 0.00123292 -0.00314494 0.000687465 -0.00165408 0.000441935 -0.00042442 0.00522134 0.000854031 0.000740634 -0.00067835 0.000926324 0.00291148
internal_weight=2.35485e+07 1.26057e+07 1.09428e+07 8.81284e+06 8.88471e+06 3.45458e+06 937963 3.79288e+06 163250 8.54695e+06 8.34526e+06 3.62963e+06 1.12005e+06 740337
internal_count=34590 9450 25140 5421 11001 4085 1255 4029 208 10903 10834 3821 1759 1022
cat_boundaries=0 1
cat_threshold=786
is_linear=0
shrinkage=0.05


Tree=16
num_leaves=15
num_cat=2
split_feature=4 9 17 2 28 14 7 25 24 22 22 28 20 23
split_gain=26069.9 7926.03 6402.75 5682.06 3227.57 6034.99 3105.88 2230.82 3427.49 3068.02 1953.17 3461.95 2533.08 1680.36
threshold=14.907408996081463 0.48587106661633606 0.035368886550791706 15.802459769609863 0 2.2103059293770739 11.551779103136491 1.0000000180025095e-35 8.222146695717635 17.63492691758827 19.607205262989968 1 -0.01363960273594435 2.9297587472125404
decision_type=2 2 2 2 1 10 2 2 10 2 2 1 10 10
left_child=1 10 3 -2 5 -4 -3 -8 -9 -10 12 -12 -1 -6
right_child=2 6 4 -5 13 -7 7 8 9 -11 11 -13 -14 -15
leaf_value=0.00077302232485364859 -0.0022025592476652913 0.014374473335177393 0.0070027949712092351 0.0089131570684788282 -0.006514289828538489 -0.0039474392472620629 0.00093739777280430609 0.0051874977156916311 0.010802341858449943 0.020985495950902266 0.0095730405562273607 -0.0011920717494947081 -0.0037128344197633369 -0.0047491230031891105
leaf_weight=3310334.7769584656 1572896.6069946289 1870509.7705715895 425641.07751464844 225632.40185546875 3992061.4849853516 1244024.2192382812 2633577.2114257812 2436489.241027832 205896.20785522461 79799.397064208984 137742.25387573242 314742.3176574707 3038023.2157917023 1900204.1080932617
leaf_count=5243 824 13188 154 89 1056 376 4113 3785 306 118 97 397 4255 598
internal_value=-0.000572228 0.000791447 -0.00261576 6.56408e-05 -0.00325351 -0.00131296 0.00194447 0.00133187 0.00233558 0.00751677 -0.000433704 0.00274015 -0.000659923 -0.00380338
internal_weight=2.33876e+07 1.40271e+07 9.36046e+06 1.79853e+06 7.56193e+06 1.66967e+06 7.22627e+06 5.35576e+06 2.72218e+06 285696 6.80084e+06 452485 6.34836e+06 5.89227e+06
internal_count=34599 31502 3097 913 2184 530 21510 8322 4209 424 9992 494 9498 1654
cat_boundaries=0 1 2
cat_threshold=32 72
is_linear=0
shrinkage=0.05


Tree=17
num_leaves=15
num_cat=1
split_feature=9 1 18 24 11 2 5 30 9 20 22 2 23 2
split_gain=23615.5 6881.66 5165.43 5455.62 5602.14 7413.71 3055.01 3033 2985.25 2712.43 2392.16 2161.35 2037.42 2402.48
threshold=0.39052465416344978 15.666227172830069 0.051109010495808356 13.769584241537652 -0.059825594992933093 13.928450186652878 14.388259988531539 0 4.8306859531814297 -0.013221200221717598 19.607205262989968 16.150297738002418 -4.8051499210838244 14.064489421267693
decision_type=2 2 10 10 2 2 2 1 2 10 2 2 8 2
left_child=1 9 6 8 5 -5 -2 -3 11 -1 -11 12 13 -4
right_child=2 7 3 4 -6 -7 -8 -9 -10 10 -12 -13 -14 -15
leaf_value=5.7133567175167871e-05 0.00943375069219618 -0.0058487313330596504 0.0011876962054799198 0.010865959209926538 0.0044596787510909446 0.017552816990902047 0.016362471649082617 -0.00096937079649172294 0.013034512818217436 -0.0052459836797327563 0.0021720174103463598 -0.010179401713279208 -0.00026289953346126727 0.009325830517791029
leaf_weight=3101401.2846736908 2348446.8630672693 4694582.7860107422 226307.48111152649 79043.995662689209 329963.15389060974 70677.786682128906 51175.254821777344 902527.4716796875 654781.30690765381 3142173.0204944611 483313.31735229492 293059.27783203125 6679452.8735380173 144610.98571777344
leaf_count=4051 11583 1075 409 181 482 37 40 242 1996 3534 428 84 10263 88
internal_value=-0.000600702 -0.00209935 0.00109724 0.000517559 0.0056968 0.0137184 0.00314524 -0.00339464 0.000206939 -0.00102161 -0.00195023 -8.15061e-05 9.33799e-05 0.00370029
internal_weight=2.32015e+07 1.2324e+07 1.08775e+07 8.4779e+06 479685 149722 2.39962e+06 5.59711e+06 7.99821e+06 6.72689e+06 3.62549e+06 7.34343e+06 7.05037e+06 370918
internal_count=34493 9330 25163 13540 700 218 11623 1317 12840 8013 3962 10844 10760 497
cat_boundaries=0 1
cat_threshold=1
is_linear=0
shrinkage=0.05


Tree=18
num_leaves=15
num_cat=1
split_feature=9 3 17 11 24 27 8 18 0 17 29 11 10 25
split_gain=23851.5 6837.53 3809.07 3440.51 3214.87 3308.89 4899.89 2688.8 3371.77 2565.59 2886.97 5124.54 2066.05 3501.94
threshold=0.39052465416344978 16.273039820797113 0.0024809638687862006 -0.93027530669026326 10.434858902707102 8.5000000000000018 0.50612436027803032 0.058585984288874508 14.585311022316217 0.0044324542208503508 0 -0.24441418805156442 0.023710827087195501 1.0000000180025095e-35
decision_type=2 2 2 2 10 2 2 10 2 2 1 2 2 2
left_child=1 9 3 -2 7 6 -6 8 -4 -1 11 -11 -3 -14
right_child=2 12 4 -5 5 -7 -8 -9 -10 10 -12 -13 13 -15
leaf_value=0.0039891328959060154 0.041980162805663766 -0.0054773929787881991 0.0047685616756724296 0.0080867271498226267 0.013769317032156321 -0.0032860784620408652 0.0089003041547030346 -0.00048286714320468606 0.014257093849448467 0.0097665288052641124 -0.0039113284993341343 -0.00054196668445104809 -0.0070755176676911896 0.0015595584227108702
leaf_weight=591337.02708816528 167289.44334840775 2532330.1647949219 1744270.6714706421 2951959.4209136963 137878.13957977295 147537.98690032959 176252.84425354004 5517503.4025268555 39721.177795410156 205705.0369720459 5479906.9713973999 1814733.9455795288 1201301.2316894531 574546.26733398438
leaf_count=1428 1423 527 5176 12199 143 182 216 5597 33 170 5480 1452 244 121
internal_value=-0.000552052 -0.00205129 0.00115624 0.00263198 0.000563279 0.00460972 0.00751069 0.000307425 0.00199483 -0.00119457 -0.00144456 0.000170973 -0.00366039 -0.00235286
internal_weight=2.32823e+07 1.23999e+07 1.08824e+07 3.11925e+06 7.76316e+06 461669 314131 7.3015e+06 1.78399e+06 8.09168e+06 7.50035e+06 2.02044e+06 4.30818e+06 1.77585e+06
internal_count=34391 9422 24969 13622 11347 541 359 10806 5209 8530 7102 1622 892 365
cat_boundaries=0 1
cat_threshold=88
is_linear=0
shrinkage=0.05


Tree=19
num_leaves=15
num_cat=2
split_feature=9 4 21 17 11 28 20 3 10 18 16 6 28 11
split_gain=22421.5 6555.63 4112.81 3655.72 3198.27 2494.06 2471.53 2373.04 2122.7 3407.24 2553.5 2297.05 1879 1819.94
threshold=0.39384908484016884 15.052223841656147 10.242716923870818 0.0024809638687862006 -1.0733176251515413 0 -0.0046799235547726496 14.752723084872505 0.16646239986030584 0.072275822405849066 16.358074686910602 14.356633635441016 1 0.047013165624397453
decision_type=2 2 8 2 2 1 10 2 2 10 2 2 1 2
left_child=1 5 -3 4 -2 6 7 -1 -5 11 -11 12 13 -10
right_child=3 2 -4 8 -6 -7 -8 -9 9 10 -12 -13 -14 -15
leaf_value=0.0061429246669104532 0.046366341491110831 -0.00058050768760676749 -0.0057804698477204024 9.8802593088510412e-05 0.0080314717482358085 -0.0022649070338214622 -0.0019755558232335602 0.012822642433276436 0.0056011587987340938 0.0036736972874788112 -0.0053516922653027727 0.014755835808337912 0.0069022656177715885 0.02350616456185068
leaf_weight=553100.44114875793 116624.47764658928 1515603.6831054688 5668508.9030761719 5486357.8393173218 3013296.3357287645 4070912.0287055969 702042.11686325073 75752.268310546875 62718.350166320801 1264147.7495727539 339048.82977294922 39034.760498046875 441210.89419555664 81195.953216552734
leaf_count=875 1140 515 1536 7894 12629 5880 702 44 104 1465 153 29 1521 168
internal_value=-0.000510242 -0.00194595 -0.00293545 0.00115614 0.00259737 -0.000629959 0.00124904 0.00352566 0.000571346 0.0018731 0.000652903 0.00500727 0.00422382 0.00918478
internal_weight=2.34296e+07 1.25859e+07 7.18411e+06 1.08436e+07 3.12992e+06 5.40181e+06 1.33089e+06 628853 7.71371e+06 2.22736e+06 1.6032e+06 624160 585125 143914
internal_count=34655 9552 2051 25103 13769 7501 1621 919 11334 3440 1618 1822 1793 272
cat_boundaries=0 1 2
cat_threshold=100 578
is_linear=0
shrinkage=0.05


Tree=20
num_leaves=15
num_cat=2
split_feature=4 16 9 23 24 11 16 28 7 28 14 22 24 25
split_gain=22478.8 6889.92 6205.32 3805.96 2722.29 2366.66 2447.08 3499.42 2183.31 2034.68 5296.62 1977.77 1949.23 1928.07
threshold=14.907408996081463 16.144681085850902 0.5412214474935747 -1.4313464411276098 6.3963118133265811 -0.62691036137418521 16.4547010273733 0 11.523840517031498 1 2.2607014958487679 19.623793835603895 12.187031981800301 0.25000000000000011
decision_type=2 2 2 8 10 2 2 1 2 1 10 2 10 2
left_child=2 3 11 -2 -5 -4 8 -8 -7 10 -3 -1 -10 -14
right_child=1 9 5 4 -6 6 7 -9 12 -11 -12 -13 13 -15
leaf_value=-0.0011678709745107613 0.010432513032509132 0.003240937760332937 0.017110687149354681 -0.0029332644816419001 0.0030876137527929407 0.011149436350000498 0.017937524132725334 0.0045337894563819451 0.00089048301166900351 -0.0055291295569428025 -0.0046524132360136325 0.0037888678520419392 0.0025822927875064601 0.017209038973761508
leaf_weight=7310038.294260025 278249.78930664062 419899.86169433594 609809.65618121624 1746095.8005981445 320299.77111816406 1421053.8450891972 163729.54902648926 340217.45251083374 3556804.0194702148 5546259.2236328125 1114986.177734375 391422.82797241211 152601.90295410156 117692.37631225586
leaf_count=10890 130 117 2895 842 143 9883 179 838 5875 1531 347 427 223 171
internal_value=-0.000655123 -0.00254446 0.000611179 -0.000195197 -0.000934418 0.00176676 0.00145276 0.00478083 0.00113319 -0.00332232 -0.00171116 -0.000343406 0.000511753 0.0046051
internal_weight=2.34892e+07 9.42579e+06 1.40634e+07 2.34465e+06 2.0664e+06 6.36191e+06 5.7521e+06 503947 5.24815e+06 7.08115e+06 1.53489e+06 7.70146e+06 3.8271e+06 270294
internal_count=34491 3110 31381 1115 985 20064 17169 1017 16152 1995 464 11317 6269 394
cat_boundaries=0 1 2
cat_threshold=96 32
is_linear=0
shrinkage=0.05


Tree=21
num_leaves=15
num_cat=3
split_feature=9 7 30 9 24 7 4 10 11 7 18 30 28 17
split_gain=20129.1 5016.23 4338.83 3512.32 4163.24 7114.25 2441.5 2405.12 2759.88 5415.86 2726.27 3174.01 2780.9 2445.32
threshold=0.30363858763936519 15.945746507756189 0 4.6383813108818224 8.9320038468601108 15.413491738038497 14.160035783292683 0.042949091005053355 -0.41064458705580703 15.27065450272619 0.070050519123765351 1 2 0.0030172069199944002
decision_type=2 2 1 2 10 2 2 2 2 2 10 1 1 2
left_child=2 3 -1 4 7 -6 -4 13 9 -9 11 12 -10 -2
right_child=1 -3 6 -5 5 -7 -8 8 10 -11 -12 -13 -14 -15
leaf_value=-0.0046140364478683199 0.0053386965214282482 -0.0027395485848498982 0.0048656894721715903 0.014553445749548033 0.0074386472204699466 0.012119642112664418 -0.0013838452124014795 0.010448749752509676 0.035620336932109954 0.018853538813667789 0.000104309678909797 0.0022734488192407564 0.01200998697219155 -0.0017038076656024387
leaf_weight=8122064.5186805725 1599950.9325865507 1202590.5087890625 305119.95315551758 1023194.1842956543 652375.61363840103 68198.530029296875 972108.89825439453 430690.84563958645 135982.93369579315 37557.889892578125 3071955.831284523 669676.09127044678 263869.8419303894 4943932.4582557678
leaf_count=5230 6457 315 501 3516 1700 26 470 1518 505 16 4032 2482 1116 6663
internal_value=-0.000556751 0.000638045 -0.00234908 0.000926022 0.000683811 0.00436724 0.00035992 0.000445845 0.00132065 0.0049591 0.000909274 0.00308341 0.00660836 -0.000170396
internal_weight=2.34993e+07 1.41e+07 9.39929e+06 1.28974e+07 1.18742e+07 720574 1.27723e+06 1.11536e+07 4.60973e+06 468249 4.14148e+06 1.06953e+06 399853 6.54388e+06
internal_count=34547 28346 6201 28031 24515 1726 971 22789 9669 1534 8135 4103 1621 13120
cat_boundaries=0 1 2 3
cat_threshold=5 12 100
is_linear=0
shrinkage=0.05


Tree=22
num_leaves=15
num_cat=2
split_feature=7 4 29 23 0 17 24 23 30 16 12 0 24 26
split_gain=17125.1 4862.37 3663.56 4202.21 4184.47 3536.18 4306.77 3451.55 3031.31 2474.64 2070.48 2087.83 2061.88 2585.45
threshold=14.018312434570285 17.019152678527846 0 6.7582366309950865 16.84045422280521 0.039761933329148458 8.222146695717635 -3.6944936482584798 1 17.059661910813187 7.5000000000000009 14.513399953409595 2.9130887548773505 1.0000000180025095e-35
decision_type=2 2 1 10 2 2 10 8 1 2 2 2 8 2
left_child=8 2 4 9 5 6 7 -2 -1 -4 -10 -12 13 -5
right_child=1 -3 3 12 -6 -7 -8 -9 10 -11 11 -13 -14 -15
leaf_value=0.00075556240350771974 0.0083794718076459773 -0.0057167480415358414 -0.0036122917776666564 0.00470742726193101 0.0072607928621836364 -0.0035009634334471568 0.0094717029149413452 -0.0018347226533201848 0.037877983060197858 -0.005929796689386202 0.0046797791155371053 0.023800753912058232 -0.0089183818526779295 -0.00017350656836988108
leaf_weight=5550058.638355732 243882.77368164062 2150539.4479980469 4220682.9516601562 293456.22497558594 240890.97583007812 1924675.8345947266 265651.63012695312 1703514.533203125 161738.23457455635 2167845.8460693359 4017889.346534729 41793.832092285156 186843.69091796875 272060.60070800781
leaf_count=16018 124 371 2494 148 51 721 158 977 1646 748 10788 43 133 143
internal_value=-0.000563013 -0.0017056 -0.00129816 -0.00199638 -0.000159444 -0.000532395 0.000830742 1.60764e-05 0.00103543 -0.00241263 0.00204521 0.00182419 0.00153805 0.0030426
internal_weight=2.34415e+07 1.367e+07 1.15195e+07 7.14089e+06 4.37862e+06 4.13772e+06 2.21305e+06 1.9474e+06 9.77148e+06 6.38853e+06 4.22142e+06 4.05968e+06 752361 565517
internal_count=34563 6068 5697 3666 2031 1980 1259 1101 28495 3242 12477 10831 424 291
cat_boundaries=0 1 2
cat_threshold=28 1
is_linear=0
shrinkage=0.05


Tree=23
num_leaves=15
num_cat=3
split_feature=9 2 11 29 5 7 30 24 2 23 23 28 17 12
split_gain=20667.5 4967.32 3576.19 4977.12 6305.83 3724.92 3561.73 2379.23 2122.18 2022.99 2760.5 2578.09 1965.89 1910.73
threshold=0.24582791545837626 16.150297738002418 -0.066974212558948296 0 15.80993700773832 14.531911762216939 1 -1.3623815550806297 15.034060023796416 6.8867884999821509 6.9837319657132264 2 0.0021858439728123006 8.5000000000000018
decision_type=2 2 2 1 2 2 1 8 2 10 10 1 2 2
left_child=6 2 3 4 7 12 -1 -2 -8 13 11 -11 -5 -4
right_child=1 -3 9 5 -6 -7 8 -9 -10 10 -12 -13 -14 -15
leaf_value=0.00039926599499467302 0.01844224502046371 -0.0022528271201903149 0.02025401303546066 0.011076405665314296 0.009846900109542478 -0.0056485572269948728 -0.0037501069498220123 0.0062663617578709212 -0.0053561564518192183 0.035261167889495813 0.0026721030376590715 0.0044755468017963502 0.0015202475663873265 -0.00072991107614180616
leaf_weight=677116.06266021729 54295.839141845703 1588746.9208984375 212175.22823214531 910845.9229477644 139607.97827148438 820138.6318359375 1602190.4932880402 1706773.5750821829 4462777.6217041016 58656.660669326782 925003.78374004364 91455.570888519287 2516627.9226760864 7749149.8856477737
leaf_count=481 86 383 1654 4619 46 444 2328 3219 1176 153 2039 156 4760 13200
internal_value=-0.000542447 0.000397322 0.000675642 0.00160589 0.00373255 0.000654262 -0.00288048 0.0029217 -0.00326447 4.27118e-05 0.0020785 0.00836777 0.00137855 -0.000232206
internal_weight=2.35156e+07 1.67735e+07 1.51847e+07 6.14829e+06 1.90068e+06 4.24761e+06 6.74208e+06 1.76107e+06 6.06497e+06 9.03644e+06 1.07512e+06 150112 3.42747e+06 7.96133e+06
internal_count=34744 30759 30376 13174 3351 9823 3985 3305 3504 17202 2348 309 9379 14854
cat_boundaries=0 1 2 3
cat_threshold=28 8 101
is_linear=0
shrinkage=0.05


Tree=24
num_leaves=15
num_cat=1
split_feature=9 14 4 14 9 5 11 1 29 23 23 2 8 22
split_gain=16595.5 5905.42 4769.1 4123.54 2739.01 2872.36 2527.16 4254.65 2960.3 6001.24 5116.04 2181.92 2050.43 1893.33
threshold=0.23312286427676673 1.5336888121784449 12.238822938492754 2.3474724148787502 0.11263565210970426 16.793627513211842 -0.070000168779436892 16.395026300101303 0 -1.4313464411276098 -6.4752406869837689 16.684754232979486 0.30550411218978107 15.853999784557958
decision_type=2 10 2 10 2 2 2 2 1 8 10 2 2 2
left_child=1 4 -2 6 5 -1 7 8 9 10 -4 -6 -5 -8
right_child=2 -3 3 12 11 -7 13 -9 -10 -11 -12 -13 -14 -15
leaf_value=-0.00080118685723110984 0.0063868135659901062 -0.0056971030136084488 0.0079263039434511722 -0.0066161174718776892 -0.00062880967624986755 0.005766833384700556 -0.0037490730141322422 0.0075069044332105933 -0.00019274894620423887 0.0027428520026053643 0.020161961483735908 -0.0076792734636249764 -0.001794038006495813 0.00014143561407656982
leaf_weight=75303.761260986328 4100589.301951766 4398567.2217330933 157145.48509216309 855747.07116699219 1428951.576133728 67832.08740234375 1635156.7723693848 110626.06860351562 2566502.5459594727 1240285.00440979 129236.81005859375 268251.02685546875 1125632.6412200928 5232826.2216491699
leaf_count=198 19562 2182 114 359 1144 11 1970 28 2824 1101 111 48 948 3999
internal_value=-0.000472043 -0.00268031 0.000331114 -0.000136163 -0.00030211 0.00634007 0.000239781 0.00120532 0.000943818 0.00268725 0.00921115 -0.000862287 -0.0022369 -0.000351214
internal_weight=2.33927e+07 6.23891e+06 1.71537e+07 1.30532e+07 1.84034e+06 143136 1.10718e+07 4.2038e+06 4.09317e+06 1.52667e+06 286382 1.6972e+06 1.98138e+06 6.86798e+06
internal_count=34599 3583 31016 11454 1401 209 10147 4178 4150 1326 225 1192 1307 5969
cat_boundaries=0 1
cat_threshold=28
is_linear=0
shrinkage=0.05


Tree=25
num_leaves=15
num_cat=1
split_feature=9 7 21 10 10 21 22 27 28 23 9 18 18 22
split_gain=13978.1 4572.48 4138.48 2251.71 2153.36 2489.07 2175.12 4208.61 3258.77 2138.38 3365.85 2165.22 3608.8 1997.98
threshold=0.26433815840575609 13.468901720294882 9.3012984624044073 0.57650142125757109 0.039571462424036405 10.919075312383926 18.387169605296958 5.5000000000000009 0 2.4308761225760551 0.099641508914028162 0.030889401640907952 0.021450564911768152 21.051425057064606
decision_type=2 2 10 2 2 8 2 2 1 10 2 10 10 2
left_child=2 3 13 -2 -3 6 -6 -8 -9 -4 -11 12 -12 -1
right_child=1 4 9 -5 5 -7 7 8 -10 10 11 -13 -14 -15
leaf_value=-0.00053750785439065718 0.0033030715577964265 -0.0018788808182518208 -0.0055116489965066559 0.017180950119513851 0.00044356133051783964 -0.0060399411791001792 0.0097842317532937373 0.007412065809369559 -0.0025658298611201781 0.0035996769931241034 -0.0043496264908477579 -0.0045105178473827858 0.014073970344154356 0.0029725227234273597
leaf_weight=1208731.1950149536 6630461.2745215893 5255284.5368652344 3483313.4135932922 375139.60117721558 2361264.0542602539 517213.54595947266 246404.95489501953 205111.74993896484 308273.50012207031 223504.7837677002 188359.7926902771 2414841.1729984283 50923.864700317383 99646.888702392578
leaf_count=1256 22406 3321 1633 1984 1548 286 150 96 194 54 479 1147 54 47
internal_value=-0.000527662 0.000318043 -0.00228088 0.00127342 -0.000434521 0.000500542 0.00103293 0.00335987 0.0007818 -0.00280765 -0.00179902 -0.00229525 0.00224154 0.000280099
internal_weight=2.35685e+07 1.58992e+07 7.66932e+06 7.0056e+06 8.89355e+06 3.63827e+06 3.12105e+06 759790 513385 6.36094e+06 2.87763e+06 2.65412e+06 239284 1.30838e+06
internal_count=34655 29985 4670 24390 5595 2274 1988 440 290 3367 1734 1680 533 1303
cat_boundaries=0 1
cat_threshold=36
is_linear=0
shrinkage=0.05


Tree=26
num_leaves=15
num_cat=1
split_feature=9 9 23 9 21 7 1 24 5 9 22 28 27 3
split_gain=12899.2 4153.51 2947.7 6986.38 2742.91 2245.54 2177.96 2599.63 3244.55 2412.59 1903.34 1770.35 2512.56 1701.49
threshold=0.24582791545837626 0.56178561302611463 2.1778171124778605 0.099641508914028162 9.2713364699917058 10.787902814186703 16.395026300101303 7.9624243260001153 15.291499726667199 0.31823383458751148 21.036281688279555 0 10.500000000000002 16.536937448267057
decision_type=2 2 10 2 10 2 2 8 2 2 2 1 2 2
left_child=2 6 11 -4 10 -3 7 -2 -9 -8 -5 -1 13 -13
right_child=1 5 3 4 -6 -7 9 8 -10 -11 -12 12 -14 -15
leaf_value=-0.0062246801324577919 -0.00061212236790449137 0.015642965962020011 0.0050375714928144943 -0.0011532759620542365 -0.0050763385071831953 0.0025436550012076491 -0.00023046852995610998 0.0011397184715988288 0.0072056227527580305 -0.003119049905227037 0.0027891856757900459 -0.0037020226556915749 0.00035024607168674505 -0.0051856276177284838
leaf_weight=1440029.1314697266 8099814.4346030951 973586.94229125977 239656.45805358887 626505.69837188721 2614701.6987457275 5627149.4881439209 606094.20263671875 609931.80579566956 254023.27661132812 570963.7890625 118101.50836181641 832557.43910598755 251619.15007019043 671514.9892578125
leaf_count=517 9409 9639 193 654 1630 10296 128 968 89 131 72 712 128 125
internal_value=-0.000477116 0.000268593 -0.00231449 -0.00133314 -0.00192154 0.00124475 -0.000366795 -0.000101266 0.00250592 -0.0023889 0.000755763 -0.00341966 -0.00235381 -0.00312747
internal_weight=2.35363e+07 1.67416e+07 6.79469e+06 3.59897e+06 3.35931e+06 6.60074e+06 1.01408e+07 8.96377e+06 863955 1.17706e+06 744607 3.19572e+06 1.75569e+06 1.50407e+06
internal_count=34691 30660 4031 2549 2356 19935 10725 10466 1057 259 726 1482 965 837
cat_boundaries=0 1
cat_threshold=586
is_linear=0
shrinkage=0.05


Tree=27
num_leaves=15
num_cat=1
split_feature=9 17 14 14 10 11 6 28 27 23 18 27 18 24
split_gain=12912 3670.27 3295.79 2684.52 2204.51 2818.73 12545.3 2747.26 3361.55 2162.56 2668.26 2061.01 2006.15 2128.82
threshold=0.26433815840575609 0.0024809638687862006 2.3474724148787502 2.3575037049707972 0.042949091005053355 -0.41064458705580703 15.283934880793558 0 10.500000000000002 6.7582366309950865 0.087911071991607512 11.500000000000002 0.030889401640907952 1.5644185871462801
decision_type=2 2 10 10 2 2 2 1 2 10 10 2 10 10
left_child=3 -2 4 12 -3 6 -6 8 9 -7 -11 -10 13 -1
right_child=1 2 -4 -5 5 7 -8 -9 11 10 -12 -13 -14 -15
leaf_value=-0.0026992126382065018 0.0064674493514524497 -0.00074085504502263927 -0.0034311031792574123 -0.0057237583947956569 0.0027492633849975998 0.00079555523379304805 0.013853610080851619 -0.00019812353887525965 0.014104725436194877 0.027498530495673273 0.0044078054023704832 0.0083823360461531427 -0.0033044839373781061 0.0077188380138766685
leaf_weight=145353.8755645752 3320835.9702016115 6009839.0303955078 2308530.6052970886 1290958.2397823334 290474.3904800415 848924.08118438721 65769.44921875 2641895.1867980957 106482.58389282227 75952.902641296387 133835.02197265625 111981.86392974854 5998705.0585479736 139841.04969787598
leaf_count=170 14303 6820 3991 1309 520 1139 26 2552 131 195 113 136 2796 343
internal_value=-0.000510468 0.000298294 -9.1621e-05 -0.00220965 0.000291588 0.00115948 0.00541773 0.000772409 0.00267637 0.00151115 0.00605694 0.00832333 -0.00178301 0.00231426
internal_weight=2.34894e+07 1.59145e+07 1.25937e+07 7.57486e+06 1.02852e+07 4.27532e+06 356244 3.91907e+06 1.27718e+06 1.05871e+06 209788 218464 6.2839e+06 285195
internal_count=34544 29926 15623 4618 11632 4812 546 4266 1714 1447 308 267 3309 513
cat_boundaries=0 1
cat_threshold=103
is_linear=0
shrinkage=0.05


Tree=28
num_leaves=15
num_cat=0
split_feature=4 14 5 3 18 12 9 14 15 21 11 18 19 24
split_gain=11847.3 4880.54 3843.68 3627.98 3449.62 2755.06 2538.48 3097.11 3111.07 3821.5 2475.65 2357.53 3954.58 2129.75
threshold=14.907408996081463 1.5533272473917241 17.382494435338344 15.804550983324974 0.73594580878816873 8.5000000000000018 0.22149683170429854 2.3474724148787502 18.240697324411439 10.486149554514741 -0.063208372046369185 0.98937513678999711 0.01031223928624665 10.960149042668801
decision_type=2 10 2 2 10 2 2 10 2 10 2 10 2 10
left_child=3 2 4 5 -2 -1 -3 8 9 -8 -7 12 -6 -13
right_child=1 6 -4 -5 11 10 7 -9 -10 -11 -12 13 -14 -15
leaf_value=0.018726984996317832 -0.0057983122084970459 -0.0050765677885469956 0.0011075119264728414 0.010636059011570421 -0.0022220996635937953 0.0027986804815557801 -0.00038994713157797033 -0.0047074260753448465 -0.0036629862159764433 0.006410146965043332 -0.0008796896675223241 -0.0028081675771439826 0.0075100263629463513 0.004973223551741489
leaf_weight=528247.02127122879 967559.30059814453 3149900.453125 361950.8916015625 74811.801147460938 560433.1416015625 5324699.7173304558 473769.9931640625 1251186.8818359375 440445.61419677734 273247.06604003906 8021890.9358692169 1273762.3968505859 319524.08905029297 270246.73315429688
leaf_count=4255 388 847 51 31 219 11216 160 375 181 116 15844 521 123 93
internal_value=-0.00050112 -0.00187909 -0.000484598 0.000421701 -0.0010073 0.000362492 -0.00281568 -0.00160458 0.000224468 0.00218962 0.000222322 1.7384e-07 0.00206569 -0.001177
internal_weight=2.32917e+07 9.34203e+06 3.75348e+06 1.39496e+07 3.39153e+06 1.38748e+07 5.58855e+06 2.43865e+06 1.18746e+06 747017 1.33466e+07 2.42397e+06 879957 1.54401e+06
internal_count=34420 3074 1395 31346 1344 31315 1679 832 457 276 27060 956 342 614
is_linear=0
shrinkage=0.05


Tree=29
num_leaves=15
num_cat=1
split_feature=4 17 24 14 28 11 2 23 16 15 14 27 27 16
split_gain=11092.8 4257.59 3843.56 2540.51 2132.98 1857.43 5343.77 2434.45 4472.03 1835.14 3088.02 2848.58 1834.76 3843.02
threshold=15.937568612521352 0.0053358939649768506 -1.8434447414988349 2.4637064124656534 0 -0.24441418805156442 15.553725433719146 6.7582366309950865 16.914387590806829 19.172460310684176 2.2485594647498934 10.500000000000002 6.5000000000000009 16.48633237923827
decision_type=2 2 8 10 1 2 2 10 2 2 10 2 2 2
left_child=1 -1 -3 5 9 6 12 -7 -9 10 -2 -11 13 -4
right_child=4 2 3 -5 -6 7 -8 8 -10 11 -12 -13 -14 -15
leaf_value=0.0040945627526282839 0.0038284158232431602 0.011474258789556815 0.00050484006860426289 -0.0063948244297538015 -0.0044063978132344046 -0.0017129870567841644 0.011849272821556407 0.0018290216906419979 0.02061283690184906 -0.0044195549662364728 -0.00367117734462734 0.00045385905731736654 -0.0035401758640565247 0.012980076805836261
leaf_weight=5572963.9589561224 787508.6337890625 115979.73834228516 670798.25016784668 1222154.1442337036 1645648.2614746094 7836505.7117385864 102093.806640625 894246.6164855957 106115.09419250488 1969156.6166992188 856112.43469238281 440188.89379882812 900622.96416473389 214739.43955993652
leaf_count=18842 192 121 922 3196 383 7531 43 978 111 455 210 98 1185 239
internal_value=-0.000515725 0.00010396 -0.000424072 -0.000512007 -0.00243354 -0.000265881 0.00115758 -0.000570044 0.00175272 -0.00181713 -0.000528984 -0.00269589 0.000521656 0.00213775
internal_weight=2.33348e+07 1.76362e+07 1.20633e+07 1.19473e+07 5.69861e+06 1.07251e+07 1.88825e+06 8.83687e+06 1.00036e+06 4.05297e+06 1.64362e+06 2.40935e+06 1.78616e+06 885538
internal_count=34506 33168 14326 14205 1338 11009 2389 8620 1089 955 402 553 2346 1161
cat_boundaries=0 1
cat_threshold=288
is_linear=0
shrinkage=0.05


Tree=30
num_leaves=15
num_cat=2
split_feature=8 14 28 24 8 29 3 7 9 18 23 3 16 11
split_gain=11181.3 4358.21 2539.42 2928.04 6902.24 3754.16 2744.79 2560.08 2408.15 2159.65 2720.81 2556.75 2143.89 2044.51
threshold=0.28965371821658548 2.3575037049707972 0 0.32498050864751504 0.11522875168704111 1 17.006344156415725 15.945746507756189 4.8751067931764753 0.072275822405849066 6.8867884999821509 14.036533719447151 15.111557947720604 -0.059825594992933093
decision_type=2 10 1 10 2 1 2 2 2 10 10 2 2 2
left_child=1 2 6 4 -4 -6 12 -5 9 10 -2 -12 -1 -11
right_child=8 -3 3 7 5 -7 -8 -9 -10 13 11 -13 -14 -15
leaf_value=0.011154522085494582 0.0026524883917358748 -0.0057516360405508518 0.0050153081374028109 -0.0018308113076119948 0.0067131597783047399 -0.0059375139309403762 0.0075868381382419893 -0.003226196084320886 0.01226606165108763 0.0016186954763491559 0.012804200030852539 0.032175194168760794 -0.00063015745251513897 -0.0016277487782648062
leaf_weight=187091.84799051285 2447911.4042875767 1971711.9833278656 175897.15966033936 3087755.6815979481 170892.02127075195 515164.04644775391 140397.2431640625 2951100.767578125 866046.4642791748 3614289.5006768703 358789.8624958992 21359.285522460938 1593204.945350647 5406580.1879377365
leaf_count=619 10455 2275 77 2620 118 338 27 667 2830 4591 1744 18 1316 7016
internal_value=-0.000460877 -0.00164443 -0.00116943 -0.00161698 0.00110913 -0.00115641 0.000438576 -0.00200609 0.000543796 0.000357765 0.00156336 0.00549882 -9.22187e-05 -2.01912e-05
internal_weight=2.35082e+07 1.07932e+07 8.8215e+06 6.90081e+06 861953 686056 1.92069e+06 6.03886e+06 1.2715e+07 1.18489e+07 2.82806e+06 380149 1.7803e+06 9.02087e+06
internal_count=34711 8057 5782 3820 533 456 1962 3287 26654 23824 12217 1762 1935 11607
cat_boundaries=0 1 2
cat_threshold=167 12
is_linear=0
shrinkage=0.05


Tree=31
num_leaves=15
num_cat=1
split_feature=4 29 23 11 16 11 22 14 1 16 27 4 18 9
split_gain=12008.8 4679.63 3906.93 3319.64 4528.52 2207.54 2108.7 2357.29 1972.96 1947.84 2689.29 2144.54 1903.13 2057.62
threshold=14.332612286627141 0 2.3158080270847505 -0.21251535993143636 15.206442176382145 -0.57552395328253059 21.040452452046065 2.192650358679165 14.585750372472571 18.314726746826736 6.5000000000000009 15.157226915591695 0.054662785967308156 0.86082944610528145
decision_type=2 1 10 2 2 2 2 10 2 2 2 2 10 2
left_child=5 3 -3 4 -2 8 -7 12 -1 11 -11 -4 13 -8
right_child=1 2 9 -5 -6 6 7 -9 -10 10 -12 -13 -14 -15
leaf_value=0.010533010497344182 -0.00070508953456868998 -0.0044558694301836789 -0.00081065500492958134 -0.0012669341456457376 0.0082547187197012633 0.00082325069065008994 0.031393877667665944 -0.0035262135166246999 0.019171151367977379 0.0041916172964262264 -0.0044997874901464173 -0.0037481004890188236 0.0020248796423625623 0.021404052971229656
leaf_weight=823304.9043200016 233294.51971435547 4267832.899230957 1807617.7659912109 2295615.7171020508 237899.92620849609 10177415.490895271 54590.244995117188 119745.52758789062 23359.367980957031 503155.21044921875 649249.10998535156 2052312.1002807617 70959.849304199219 69281.146118164062
leaf_count=3712 154 1582 1163 987 98 25464 69 189 16 114 160 687 88 165
internal_value=-0.000503978 -0.0016032 -0.00214128 0.000201582 0.00402433 0.000663916 0.000465731 0.00449758 0.00311985 -0.00119463 0.000609279 -0.0017332 0.00789081 0.011631
internal_weight=2.33856e+07 1.2047e+07 9.28017e+06 2.76681e+06 471194 1.13387e+07 1.0492e+07 314577 846664 5.01233e+06 1.1524e+06 3.85993e+06 194831 123871
internal_count=34648 4945 3706 1239 252 29703 25975 511 3728 2124 274 1850 322 234
cat_boundaries=0 1
cat_threshold=76
is_linear=0
shrinkage=0.05


Tree=32
num_leaves=15
num_cat=1
split_feature=9 14 22 17 24 14 8 3 17 10 14 28 19 16
split_gain=8514.14 4348.1 7155.98 3869.04 4229.99 2830.96 2938.06 4249.34 2814.59 2747.74 4131.34 2606.32 3412.11 4155.98
threshold=0.19850244440611808 1.5336888121784449 19.585498256664632 0.0041322987886311504 -1.8434447414988349 2.3474724148787502 0.32181661440647952 16.3974896391274 0.071344068163355465 0.042949091005053355 2.3300545347507993 0 0.024761595864785001 18.342196337377381
decision_type=2 10 2 2 8 10 2 2 2 2 10 1 2 2
left_child=1 2 8 -2 -5 9 -7 -8 -1 10 -6 12 13 -11
right_child=3 -3 -4 4 5 6 7 -9 -10 11 -12 -13 -14 -15
leaf_value=0.0013051194550556234 0.0044498525346023691 -0.0042414615962022423 0.0063829764137285014 0.010241256853656826 -0.0020724839626161964 -0.0059247577079609695 -0.0040099965742985671 0.0030309394681118 -0.0062460560917474133 0.0053056571704417537 0.0063011597748443872 -5.1080654693610691e-05 -0.001942021699155666 0.0077387180079691144
leaf_weight=622557.60009765625 4656777.3627793789 3496173.5008277893 127623.40377807617 124079.2633972168 6480521.7645339966 1359229.6217269897 1059741.5283126831 177777.17041015625 355612.38311767578 1156746.0724639893 141589.76924133301 2980469.1759338379 390810.67752838135 127144.85363769531
leaf_count=703 16968 1603 30 135 6342 1499 2291 38 150 1445 85 2594 438 68
internal_value=-0.000396933 -0.00232308 0.000409719 7.82281e-05 -0.000337092 -0.000419289 -0.0019077 -0.00014509 -0.00104315 -7.65619e-05 -0.000730935 0.000854302 0.0024326 0.00367779
internal_weight=2.32569e+07 4.60197e+06 1.10579e+06 1.86549e+07 1.39981e+07 1.3874e+07 2.59675e+06 1.23752e+06 978170 1.12773e+07 6.62211e+06 4.65517e+06 1.6747e+06 1.28389e+06
internal_count=34389 2486 883 31903 14935 14800 3828 2329 853 10972 6427 4545 1951 1513
cat_boundaries=0 1
cat_threshold=103
is_linear=0
shrinkage=0.05


Tree=33
num_leaves=15
num_cat=0
split_feature=9 8 14 19 10 14 10 24 21 10 15 24 22 23
split_gain=9291.8 3707.84 3316.74 2777.07 2998.9 2449.89 3947.69 3448.73 4183.22 1911.11 1858.97 1797.27 1610.53 1440.49
threshold=0.19850244440611808 0.57822950804517115 1.5238669723298408 -0.0081292404924435489 0.026820908930745551 2.3474724148787502 -0.37600540508759467 1.2736174209524151 10.767242519106899 -0.19278451385756137 19.397684439101905 23.807886358159802 19.600808566351393 -10.063395810728649
decision_type=2 2 10 2 2 8 2 10 10 2 2 10 2 10
left_child=2 5 3 4 -1 9 7 -7 -9 -2 11 -11 -4 -3
right_child=1 13 12 -5 -6 6 -8 8 -10 10 -12 -13 -14 -15
leaf_value=-0.0032417149517947226 -0.0026550871351407549 0.0090230574092084233 -0.0044430866099411069 -0.0054908191641443085 0.0043226616071083421 -0.0087106144806947238 -0.0040332298866045269 -0.010496443175916137 0.0086591166939897057 0.00043909683946043583 -0.0054804991336470299 0.010411872828386477 -0.0026457169851918905 0.0039830806189942404
leaf_weight=273159.64468383789 2621307.776586771 152482.91541004181 2924707.3303642273 572602.1824798584 184174.32906341553 99451.455396652222 2004786.6742296219 94638.140590190887 129462.01838684082 7779744.1919722557 520863.35745239258 130403.18599128723 592825.10754394531 5261333.2923775911
leaf_count=249 2777 365 1417 477 127 85 3448 244 64 7672 400 114 181 16992
internal_value=-0.000415509 7.51972e-05 -0.00244357 5.19099e-05 0.00295706 -0.000371516 -0.00184555 0.00327929 0.00671814 -6.09876e-05 0.000305623 0.000496141 -0.00317425 0.00117928
internal_weight=2.33419e+07 1.87945e+07 4.54747e+06 1.02994e+06 457334 1.33807e+07 2.32834e+06 323552 224100 1.10523e+07 8.43101e+06 7.91015e+06 3.51753e+06 5.41382e+06
internal_count=34612 32161 2451 853 376 14804 3841 393 308 10963 8186 7786 1598 17357
is_linear=0
shrinkage=0.05


Tree=34
num_leaves=15
num_cat=1
split_feature=8 28 24 15 24 8 8 24 11 0 16 7 14 16
split_gain=8119.82 3897.6 2745.53 2632.65 2427.26 4260.61 2329.52 2046.54 7111.56 1652.54 1809.64 1707.15 1616.6 1518.77
threshold=0.21545443286370766 0 7.9624243260001153 19.397684439101905 0.32498050864751504 0.11957039339654042 0.63265684301759439 13.769584241537652 -0.17430569069665838 13.757361771766945 16.204580489039632 13.597772722020069 1.2122006987296556 14.730123874409648
decision_type=2 1 10 2 10 2 2 10 2 2 2 2 8 2
left_child=1 -1 4 6 5 -3 7 -2 -9 11 13 -8 -4 -11
right_child=3 2 12 -5 -6 -7 9 8 -10 10 -12 -13 -14 -15
leaf_value=-0.0044235457372232174 -9.5757747944488691e-05 0.003323364195161293 -0.00031095955703591075 -0.0061039276324131976 -0.0031072031807662967 -0.0031963741309747567 0.0052229839508575217 0.011838007693377787 -0.00012869294890709918 0.011273843596932478 0.016763276819762508 -0.006001321261234256 0.0061883779725049074 -0.00043459772883808846
leaf_weight=1681438.6374282837 10339919.988214493 257803.87889480591 166125.23158454895 791381.30826568604 4723515.3189781904 506637.05052757263 3541232.8258640766 76962.071907043457 247865.57954025269 291648.29150390625 125973.10119628906 327503.64141845703 141370.6536026001 293301.98806762695
leaf_count=706 12466 158 141 923 3334 399 15094 100 402 289 99 282 130 192
internal_value=-0.000313953 -0.0016747 -0.00105979 0.000320511 -0.0013174 0.00129647 0.00046648 6.14474e-05 0.00396929 0.00140969 0.00362534 0.00100253 0.00353775 0.00245467
internal_weight=2.35127e+07 7.47689e+06 5.79545e+06 1.60358e+07 5.48796e+06 764441 1.52444e+07 1.06647e+07 324828 4.57966e+06 710923 3.86874e+06 307496 584950
internal_count=34715 4868 4162 29847 3891 557 28924 12968 502 15956 580 15376 271 481
cat_boundaries=0 1
cat_threshold=520
is_linear=0
shrinkage=0.05


Tree=35
num_leaves=15
num_cat=0
split_feature=9 14 22 17 25 7 26 3 10 7 23 5 14 14
split_gain=8384.67 4791.34 4219.65 2915.09 2534.44 3472.31 2955.45 3825.02 2751.46 3627.74 2543.37 2514.49 2329.93 2464.72
threshold=0.22149683170429854 1.5336888121784449 19.585498256664632 0.0041322987886311504 -0.24999999999999997 16.109296304012165 0.6830127018922193 14.752723084872505 0.046142006192233007 16.610313958149195 -5.751513763805769 16.623495956216509 1.1249486545691687 1.0243282701570202
decision_type=2 10 2 2 2 2 2 2 2 2 8 2 10 10
left_child=1 2 11 -2 5 6 10 -8 -6 12 -5 -1 13 -10
right_child=3 -3 -4 4 8 -7 7 -9 9 -11 -12 -13 -14 -15
leaf_value=0.00028251783779273355 0.0042657721795849512 -0.0038283333535613522 0.0034458937238759572 0.0079938760697682854 -0.00038938079675803752 -0.0089312932035257083 -0.00018054931951765678 0.0059650241946914238 0.0046049822116959217 0.0064470186266590308 -0.0033606867065479927 -0.005395886417334266 0.00024339267308707012 0.0062628804895280043
leaf_weight=1163258.044593811 4640485.7371872663 3985904.877872467 210803.98519897461 162924.18379974365 4938352.1420211792 757564.10131835938 591430.91680145264 244994.06396484375 613249.60011291504 166656.47143554688 3583779.6829376221 280841.2568359375 1828229.178352356 125370.57322692871
leaf_count=1131 17036 1923 50 191 5200 180 938 121 915 35 4531 57 2130 102
internal_value=-0.000372525 -0.00205068 0.000210867 0.000163707 -0.000219989 -0.00105633 -0.000537993 0.00214928 0.00036222 0.00163494 -0.00113791 -0.000753767 0.00117081 0.00354079
internal_weight=2.32938e+07 5.64081e+06 1.6549e+06 1.7653e+07 1.30126e+07 5.34069e+06 4.58313e+06 836425 7.67186e+06 2.73351e+06 3.7467e+06 1.4441e+06 2.56685e+06 738620
internal_count=34540 3161 1238 31379 14343 5961 5781 1059 8382 3182 4722 1188 3147 1017
is_linear=0
shrinkage=0.05


Tree=36
num_leaves=15
num_cat=2
split_feature=8 14 11 10 29 19 11 6 21 29 10 20 17 6
split_gain=6236.75 3692.81 2470.33 2288.73 2208.91 2852.51 2133.35 2370.11 2081.27 2218.15 4995.5 1635.83 1630.99 1631.26
threshold=0.28664440230768101 2.3575037049707972 -0.17036342957058262 0.046142006192233007 0 -0.0014855709088409498 -0.7823591363113892 15.215897328759032 7.8433387586434309 1 0.11737189786700061 0.043537573837943204 0.0020769425240930004 12.219585147730639
decision_type=2 10 2 2 1 2 2 2 8 1 2 10 2 2
left_child=1 2 4 -4 11 -6 7 12 -5 10 -10 -1 13 -2
right_child=6 -3 3 8 5 -7 -8 -9 9 -11 -12 -13 -14 -15
leaf_value=-0.001856821190474475 0.020452792236963724 -0.0047851023342775243 -0.0031865153414517055 0.0043635911458841494 -6.423005983493246e-05 0.0073236969282418872 0.00037068625903437149 0.010950654226848867 0.0056384237980997435 -0.0018203235451629838 -0.0058517605831682369 0.0019860012580098486 0.00058163787018609546 0.039844877746869699
leaf_weight=756678.69488656521 181751.02416551113 1943440.5415487289 4332842.2880678177 288298.59485626221 247075.56403422356 248147.00772571564 12410598.180481911 30667.55517578125 313782.49700927734 2006461.5249347687 320057.61074829102 89631.345245361328 270636.70710754395 27814.154602050781
leaf_count=876 1616 2232 2550 385 195 192 24469 13 94 1207 118 59 569 52
internal_value=-0.000351808 -0.00125403 -0.000809345 -0.00117352 0.00116187 0.00381413 0.000384583 0.00355113 -9.37976e-05 -0.00053425 0.00204421 -0.000390155 0.00269048 0.00600193
internal_weight=2.34679e+07 1.05464e+07 8.60298e+06 7.26144e+06 1.34153e+06 495223 1.29215e+07 510869 2.9286e+06 2.6403e+06 633840 846310 480202 209565
internal_count=34627 7908 5676 4354 1322 387 26719 2250 1804 1419 212 935 2237 1668
cat_boundaries=0 1 2
cat_threshold=3 80
is_linear=0
shrinkage=0.05


Tree=37
num_leaves=15
num_cat=0
split_feature=8 14 25 0 4 10 22 25 24 18 20 18 18 21
split_gain=5100.79 3874.01 2870.35 4518.86 2743.27 2010.18 2493.46 2235.55 1978.03 2123.79 1843.29 1808.56 3241.93 2110.55
threshold=0.22874562240464044 2.3575037049707972 0.68301270189221941 16.993748182993098 11.055391776479214 0.046142006192233007 19.577528614108676 -0.93301270189221919 12.944662958778151 0.99898163980900689 0.019409927785869505 0.21373264058444422 0.18078107058413123 11.078461293765502
decision_type=2 10 2 2 2 2 2 2 10 10 8 10 10 10
left_child=1 5 4 8 -2 -1 7 -7 11 -10 -9 12 13 -4
right_child=2 -3 3 -5 -6 6 -8 10 9 -11 -12 -13 -14 -15
leaf_value=-0.0024277137668511166 0.0065087783323116476 -0.0061831941862965784 0.0021605962685816689 0.00094059576841912457 -0.0010339692796338801 0.0044931046940633454 0.0036794996486707874 -0.0039897976228173843 0.011425530698889715 0.011206459808074833 0.00028764282351342982 2.6637025939592521e-05 0.0047225988516763941 0.0098724290563846854
leaf_weight=4061902.1493484974 1571442.9998158216 1435769.4172019958 1342548.6153526306 86179.91748046875 9736252.0062408447 187779.34484863281 581783.03485107422 856588.84208106995 58257.449352264404 99090.152503967285 878067.11341094971 2266034.5345430374 120288.42093467712 101115.85875558853
leaf_count=2470 10251 1515 3898 15 11409 118 193 492 161 141 681 2824 124 267
internal_value=-0.00027707 -0.00130092 0.000255576 0.00139358 -0.000154382 -0.000786472 0.000327723 -0.000540217 0.00114875 0.00664307 -0.00110121 0.00092303 0.00223088 0.00157377
internal_weight=2.33831e+07 8.00189e+06 1.53812e+07 4.07351e+06 1.13077e+07 6.56612e+06 2.50422e+06 1.92244e+06 3.98734e+06 157348 1.73466e+06 3.82999e+06 1.56395e+06 1.44366e+06
internal_count=34559 5469 29090 7430 21660 3954 1484 1291 7415 302 1173 7113 4289 4165
is_linear=0
shrinkage=0.05


Tree=38
num_leaves=15
num_cat=1
split_feature=9 2 14 18 22 10 21 11 29 5 7 9 7 15
split_gain=6495.58 2923.07 2817.33 2471.77 3395.79 2211.88 2459.66 1953.67 3276.53 3304.49 2406.04 1843.69 1808.22 1731.19
threshold=0.26433815840575609 16.150297738002418 2.3575037049707972 0.030889401640907952 19.612712971140649 0.52722474772644923 6.704775057094122 -0.070000168779436892 0 15.054998215635852 14.563901574557894 0.30728752298279599 14.454911017715082 19.400405232517958
decision_type=2 2 10 10 2 2 8 2 1 2 2 2 2 2
left_child=2 5 3 4 12 6 -2 8 9 -8 -10 -3 -1 -5
right_child=1 11 -4 13 -6 -7 7 -9 10 -11 -12 -13 -14 -15
leaf_value=0.0077754891840997016 0.0098826224932940174 0.00021543744810009356 -0.0033664487506346549 -0.0019080134176159549 0.013705862546797905 0.011299631597984697 0.0031269744360872642 -0.00064524727884327459 0.0016896412073671978 0.0079413197117143338 -0.0062910408268062297 -0.0041616150886953874 -0.0074159672834261219 -0.0048895477748843626
leaf_weight=126891.14611053467 173578.24053764343 449526.08154296875 1253544.0164089203 5748433.288848877 67839.136383056641 611620.34469747543 1351228.9818823338 8081809.514216423 3075926.095688343 412853.9736328125 713876.87316894531 885222.83374023438 106660.02111816406 370748.7431640625
leaf_count=389 250 100 1317 2728 69 2467 2815 15114 8292 167 379 221 69 131
internal_value=-0.000323373 0.000257647 -0.00151626 -0.00109295 0.00332753 0.00046484 0.00033452 0.000259231 0.000981191 0.00276122 0.000152615 -0.00198091 0.00046714 -0.00131067
internal_weight=2.34298e+07 1.57556e+07 7.67412e+06 6.42057e+06 301390 1.44209e+07 1.38093e+07 1.36357e+07 5.55389e+06 1.76408e+06 3.7898e+06 1.33475e+06 233551 6.11918e+06
internal_count=34508 29805 4703 3386 527 29484 27017 26767 11653 2982 8671 321 458 2859
cat_boundaries=0 1
cat_threshold=28
is_linear=0
shrinkage=0.05


Tree=39
num_leaves=15
num_cat=2
split_feature=9 11 6 29 23 7 23 17 28 16 4 6 4 1
split_gain=6604.09 2636.07 3900.88 2956.79 3007.63 4932.56 2722.68 2539.96 2468.64 2873.04 2211.05 2148.82 1958.78 1743.24
threshold=0.19850244440611808 -0.070000168779436892 17.129815940530211 0 -1.2668356165456798 14.764891916897021 6.7582366309950865 0.011311887394503553 1 16.963386836788654 15.567517914566457 15.215897328759032 15.157226915591695 17.423965936235351
decision_type=2 2 2 1 8 2 10 2 1 2 2 2 2 2
left_child=7 2 3 4 5 -2 13 -1 9 -8 11 12 -5 -3
right_child=1 6 -4 10 -6 -7 8 -9 -10 -11 -12 -13 -14 -15
leaf_value=0.0034533705965612473 0.0086016319517457623 -0.001371841022469936 0.00093434661578958844 0.0011334724937792689 0.003155576311075492 0.013154910781501959 0.0089178304427069074 -0.003039735941758233 0.0017063127281734031 0.033779042527697693 -0.0020046325080811437 0.0022693593751936534 -0.00645725417583251 -0.0072581903842742672
leaf_weight=331115.20428085327 224844.11529588699 9762112.3215489388 178136.5126953125 4152191.9170416594 1389904.1493426561 114794.72351074219 166006.43620204926 4332513.2584991455 1288204.8323254585 44511.699813842773 921059.62670898438 160443.46789550781 213862.18994140625 227619.51318359375
leaf_count=538 528 15775 30 9463 3018 47 458 1949 2160 54 267 71 124 35
internal_value=-0.000320071 9.68499e-05 0.000835941 0.000654534 0.00245564 0.00667359 -0.000376337 -0.00200467 0.00161092 0.00663058 8.26969e-05 0.00053709 0.000328254 -0.000674478
internal_weight=2.35073e+07 1.88437e+07 7.35524e+06 7.1771e+06 1.72954e+06 339639 1.14885e+07 4.66363e+06 1.49872e+06 210518 5.44756e+06 4.5265e+06 4.36605e+06 9.98973e+06
internal_count=34517 32030 13548 13518 3593 575 18482 2487 2672 512 9925 9658 9587 15810
cat_boundaries=0 1 2
cat_threshold=44 196
is_linear=0
shrinkage=0.05


Tree=40
num_leaves=15
num_cat=0
split_feature=9 14 11 1 1 24 3 23 2 3 14 18 17 9
split_gain=6948.56 3724.12 3027.26 11090 2909.4 1942.76 3673.09 2168.83 3876.02 1877.26 2579 4613.98 1833.87 1998.69
threshold=0.23312286427676673 2.3474724148787502 -0.070000168779436892 16.684754232979486 14.781061066776951 13.769584241537652 15.203240784805905 -2.6989368213334193 15.034060023796416 16.850451675266942 2.0829044824272738 0.47177133088911288 0.0053358939649768506 0.29002137798542671
decision_type=2 10 2 2 2 10 2 8 2 2 10 10 2 2
left_child=-1 2 3 5 -3 7 -7 8 -2 10 -4 -12 -9 -14
right_child=1 4 9 -5 -6 6 -8 12 -10 -11 11 -13 13 -15
leaf_value=-0.0025026874177688451 0.0076682454117377799 -0.00033455203982274385 -0.00055134181367652395 0.0068229485528614915 -0.0042763830644787157 0.0045145093620105872 0.00703546427749638 0.0057827780113201208 0.012759320399742534 -0.0086687074973016472 0.00077485230740289679 0.0092386174605125406 0.0025651336814637915 -0.0010390945755701442
leaf_weight=6172874.2483673096 349772.14730548859 1739568.4907724857 7586742.0259208679 75169.94677734375 1135120.8962402344 119552.57295608521 62600.087158203125 1742928.1135678291 71395.83740234375 187707.2861328125 763944.50065231323 218744.39309692383 520712.17373657227 2544550.0353775024
leaf_count=3555 626 8223 11220 17 332 283 22 5249 30 38 1280 129 442 3013
internal_value=-0.000326565 0.000192033 0.00052334 0.00144423 -0.00144957 0.00117929 0.00625536 0.00100248 0.00444298 -5.36326e-05 5.47141e-05 0.00246484 0.000701114 -3.52112e-05
internal_weight=2.32914e+07 1.71185e+07 1.42438e+07 5.48668e+06 2.87469e+06 5.41151e+06 182153 5.22936e+06 421168 8.75714e+06 8.56943e+06 982689 4.80819e+06 3.06526e+06
internal_count=34459 30904 22349 9682 8555 9665 305 9360 656 12667 12629 1409 8704 3455
is_linear=0
shrinkage=0.05


Tree=41
num_leaves=15
num_cat=0
split_feature=9 14 24 11 26 2 25 26 11 14 3 23 17 16
split_gain=4304.93 2349.67 4792.05 3051.76 2102.7 2663.5 2055 3012.88 1969.77 2175.27 2484.78 1952.28 1741.71 2491
threshold=0.26433815840575609 1.6956826436250614 0.32498050864751504 0.075648506650049172 -0.5 16.150297738002418 0.25000000000000011 -0.5 -0.070000168779436892 1.5631120779999457 17.445700346247609 0.67676828523480714 0.20761420437122818 16.914387590806829
decision_type=2 10 8 2 2 2 2 2 2 10 2 10 2 2
left_child=1 2 3 -1 5 -2 -3 -8 12 10 11 -10 13 -4
right_child=4 6 8 -5 -6 -7 7 -9 9 -11 -12 -13 -14 -15
leaf_value=0.0048483189705443332 -0.0005369573264347125 -0.0049838623533491663 0.0015390153382575994 0.00093425256080339591 0.0010854967178503521 -0.0056452048765967744 0.0013241895970419108 -0.0015367741862863998 0.00072826486126987156 -0.0039282716918411899 0.001177230266332622 -0.0038796060871514968 0.001114077756501074 -0.004470828919073461
leaf_weight=189896.99880981445 4820033.8746824265 1816370.1006031036 619245.68279266357 187557.97760009766 10454308.986588836 461098.07299804688 269612.17503356934 1035257.6903419495 201789.50735473633 809154.28469848633 246102.662109375 1485850.8137054443 240393.44128417969 425025.41345214844
leaf_count=121 9933 1251 616 86 19785 111 183 707 126 229 33 1042 85 112
internal_value=-0.000231678 -0.0012152 -0.000471536 0.00491544 0.000238739 -0.000574473 -0.00226472 -0.000751056 -0.000976393 -0.00173313 -0.000822301 -0.00150674 0.000639328 -0.000243992
internal_weight=2.32617e+07 7.52626e+06 4.40502e+06 377455 1.57354e+07 5.28113e+06 3.12124e+06 1.30487e+06 4.02756e+06 2.7429e+06 1.93374e+06 1.68764e+06 1.28466e+06 1.04427e+06
internal_count=34420 4591 2450 207 29829 10044 2141 890 2243 1430 1201 1168 813 728
is_linear=0
shrinkage=0.05


Tree=42
num_leaves=15
num_cat=0
split_feature=9 14 22 15 8 3 2 3 27 9 17 1 0 14
split_gain=4546.18 2677.93 4237.87 3168.31 3838.04 3724.92 2565.67 3061.5 2320.32 2288.72 2456.4 2064.86 2310.25 1780.21
threshold=0.40953654163587716 2.3575037049707972 19.577528614108676 19.274552379291809 0.29898727367573363 17.006344156415725 14.417260238422054 14.79341559639948 10.500000000000002 0.26433815840575609 0.16135964454892707 16.272388657055533 15.924256278800728 1.6156902530320585
decision_type=2 10 2 2 2 2 2 2 2 2 2 2 2 10
left_child=1 2 6 4 5 9 7 -1 -8 10 -4 12 -2 -10
right_child=11 -3 3 -5 -6 -7 8 -9 13 -11 -12 -13 -14 -15
leaf_value=-0.00011660399824650425 0.001288786993564955 -0.0023873613395934139 0.0065797974879544157 -0.0027238705613145168 -0.0036347209560898225 0.0043062771357725545 -0.0026425692468984023 0.0042201168122107313 -0.0017547715673600494 0.0030736054701004903 -0.0048066990706480345 -0.0095411171512147126 0.0057802650796308199 0.0015768327466211393
leaf_weight=2995991.3547477722 9850542.9287737608 2392014.6229095459 201852.18937683105 432596.64404296875 259413.5291595459 412286.1923828125 4910083.2233276367 74040.052856445312 538684.55541992188 219335.36163330078 237211.88330078125 213749.3427734375 234271.50439453125 395434.14526367188
leaf_count=4220 24309 2836 153 92 147 67 1954 49 226 120 80 63 81 146
internal_value=-0.000304953 -0.000924045 -0.000585272 0.00165486 0.00286377 0.00418583 -0.00102824 0.000142125 -0.00164304 0.00185209 -0.000231501 0.000480678 0.000583752 0.00064111
internal_weight=2.33675e+07 1.30689e+07 1.06769e+07 1.7627e+06 1.3301e+06 1.07069e+06 8.91423e+06 3.07003e+06 5.8442e+06 658399 439064 1.02986e+07 1.00848e+07 934119
internal_count=34543 10090 7254 659 567 420 6595 4269 2326 353 233 24453 24390 372
is_linear=0
shrinkage=0.05


Tree=43
num_leaves=15
num_cat=1
split_feature=4 25 22 19 22 14 11 0 19 22 25 6 29 0
split_gain=3939.72 4510.11 4005.26 4407.56 5063.03 3936.63 2867.84 3190.88 2080.64 2646.91 2855.3 2517.09 2468.71 4935.09
threshold=12.358893953292894 0.25000000000000011 19.577528614108676 -0.028865370756790996 19.617331230798943 2.2253863858737941 -0.35317269885486707 14.780286135977523 -0.025572442508694396 19.585498256664632 -0.6830127018922193 15.947782723660634 0 15.140196249094553
decision_type=2 2 2 2 2 10 2 2 2 2 2 2 1 2
left_child=-1 5 6 -4 -5 8 7 -3 -2 11 -11 12 13 -10
right_child=1 2 3 4 -6 -7 -8 -9 9 10 -12 -13 -14 -15
leaf_value=0.0033402762190889593 -0.0051534547013286705 0.0020899103269212483 -0.0013422646359831148 0.0056382535013663193 0.0015872281184968772 -0.0047077975911244858 -0.00071523517267361785 0.0092900919060821662 -0.00035870934906704293 -0.0037845371549986755 0.0035270896715465464 -0.0026372928192267666 -0.0013229738725989977 0.0098608515367339753
leaf_weight=4633689.6090966463 1441019.2480621338 493928.78495788574 260115.14083862305 358585.11749267578 624942.13803100586 2637331.3711853027 6132896.1331787109 124421.27392578125 592980.71997070312 299927.07125854492 390360.65069580078 1442318.4575195312 3698239.1711578369 260358.66223144531
leaf_count=21186 1086 600 114 115 314 1487 4463 60 554 159 202 368 3686 111
internal_value=-0.000229914 -0.000552432 0.000347125 0.00295462 0.00448539 -0.00122066 -0.0001332 0.00311222 -0.000675858 -0.000304355 0.00262759 -0.000642012 -6.52272e-05 0.00235891
internal_weight=2.33911e+07 1.87574e+07 7.99489e+06 1.24364e+06 983527 1.07625e+07 6.75125e+06 618350 8.1252e+06 6.68418e+06 690288 5.9939e+06 4.55158e+06 853339
internal_count=34505 13319 5666 543 429 7653 5123 660 6166 5080 361 4719 4351 665
cat_boundaries=0 1
cat_threshold=8
is_linear=0
shrinkage=0.05


Tree=44
num_leaves=15
num_cat=3
split_feature=4 29 25 22 28 19 18 22 24 18 15 18 22 28
split_gain=5090.63 3680.12 3715.76 3917.54 3219.38 3214.08 4093.48 3056.49 2555.65 2134.29 1827.04 2060.35 1689.45 2398.89
threshold=14.332612286627141 0 -0.24999999999999997 19.577528614108676 1 0.012756320567288053 0.99151408075824599 19.617331230798943 2.8993566068214203 0.27269474564116902 17.935066874906465 0.15071198892050977 21.036281688279555 2
decision_type=2 1 2 2 1 2 10 2 10 10 2 10 2 1
left_child=12 5 4 10 9 -2 -7 -5 -8 -3 -4 -12 -1 -14
right_child=1 2 3 7 -6 6 8 -9 -10 -11 11 -13 13 -15
leaf_value=0.00086291818095024075 -0.0011312981799997339 -0.0036390678075941905 -0.0030741088617171584 0.0029919892883280854 -0.0048499928235450924 0.010344632065187764 -0.0025022449434489637 -0.00078405945097035138 0.0055474201272722535 0.0035988619973606169 0.002667462213500517 -0.0012486722991854641 0.014473258458314417 0.003986220865614681
leaf_weight=10947990.310256243 1615938.3557739258 226609.62854003906 1444594.8637695312 641807.03088378906 3663017.9984130859 265950.16125488281 258508.44519042969 822589.20635986328 273484.96374511719 236182.12329101562 259446.24896240234 2393424.7611083984 97425.752838134766 286143.32437133789
leaf_count=29020 726 114 657 149 1473 116 121 271 122 110 120 992 96 568
internal_value=-0.000271589 -0.000984713 -0.00141995 -0.000576564 -0.0025569 0.000762043 0.00335842 0.00164314 0.000826339 0.00137252 -0.00136986 -0.000590751 0.000489993 0.00375168
internal_weight=2.34331e+07 1.21016e+07 9.68767e+06 5.56186e+06 4.12581e+06 2.41388e+06 797944 1.4644e+06 531993 462792 4.09747e+06 2.65287e+06 1.13316e+07 383569
internal_count=34655 4971 3886 2189 1697 1085 359 420 243 224 1769 1112 29684 664
cat_boundaries=0 1 2 3
cat_threshold=12 66 68
is_linear=0
shrinkage=0.05


Tree=45
num_leaves=15
num_cat=0
split_feature=4 25 22 8 6 17 27 10 12 9 15 4 18 27
split_gain=5133.88 2411.09 4323.8 2137.17 2460.68 2090.03 2983.97 2157.35 1905.42 1851.34 1637.95 1753 3022.1 2229.79
threshold=16.04903536344861 0.68301270189221941 19.450328062977167 0.18190792179624982 15.793578236670717 0.31408482136343246 10.500000000000002 -0.014941596721911249 6.5000000000000009 0.3426578080604461 19.397684439101905 15.052223841656147 0.47177133088911288 8.5000000000000018
decision_type=2 2 2 2 2 2 2 2 2 2 2 2 10 2
left_child=3 5 -3 -1 8 6 7 -2 -5 -6 11 -10 -13 -14
right_child=1 2 -4 4 9 -7 -8 -9 10 -11 -12 12 13 -15
leaf_value=-0.0026211356777838795 -0.00075207503117749467 -0.0022058943485277222 0.0010237202631592343 0.026846927788706339 0.0033002519812410317 -0.0050666816629513257 0.00018644015995594263 -0.0036211940277528828 0.001002418837009141 0.00050225576350071519 -0.0062120581311043629 -0.0094443536062013139 -0.0017355101559652496 0.0056672778186027247
leaf_weight=2424093.8056666851 895571.07250976562 938314.7744140625 520625.0146484375 160366.39274251461 306527.15844726562 1389928.1027832031 521005.0263671875 1211901.2932128906 12199867.091789007 377989.9716796875 682435.42531585693 672736.57983398438 727519.09387207031 302654.03747558594
leaf_count=2849 219 240 95 1610 100 302 118 271 26864 127 884 358 352 146
internal_value=-0.000367587 -0.00170667 3.43388e-05 4.32181e-05 0.000260043 -0.00233876 -0.00150956 -0.00234719 0.000124001 0.00319061 6.44026e-05 0.000181796 -0.00132097 0.000381174
internal_weight=2.33315e+07 5.47735e+06 1.45894e+06 1.78542e+07 1.54301e+07 4.01841e+06 2.62848e+06 2.10747e+06 1.47456e+07 684517 1.45852e+07 1.39028e+07 1.70291e+06 1.03017e+06
internal_count=34535 1245 335 33290 30441 910 608 490 30214 227 28604 27720 856 498
is_linear=0
shrinkage=0.05


Tree=46
num_leaves=15
num_cat=2
split_feature=17 15 4 6 25 25 9 16 28 17 29 24 9 4
split_gain=3886.09 3252.76 2427.91 4494.09 3114.85 2722.99 2632.82 1770.06 1709.35 2907.87 1953.57 1621.73 1990.69 2950.02
threshold=0.0041322987886311504 19.400405232517958 17.019152678527846 17.129815940530211 -0.93301270189221919 -0.6830127018922193 0.13827813384070328 16.369913229133029 0 0.16135964454892707 1 5.8247722486595706 0.19850244440611808 16.860170040119087
decision_type=2 2 2 2 2 2 2 2 1 2 1 10 2 2
left_child=-1 2 3 4 8 7 -4 -6 9 -2 -10 12 -7 -14
right_child=1 -3 6 -5 5 11 -8 -9 10 -11 -12 -13 13 -15
leaf_value=0.0036270542550095094 0.0022932927433729033 -0.005377082801466892 -0.00053465828716768116 0.0027286047480362618 -0.0024415067279676076 -0.0022210243241619961 -0.0031280329956248944 -0.007527258598235451 0.0065808550548306748 0.0072697920874107459 0.0009954486644086105 0.0022616710424638443 -0.00026811934545907127 0.0044208718992938432
leaf_weight=4737753.9619624615 104828.24380493164 696212.90380859375 734234.662109375 216245.7041015625 1559529.1884994507 2118119.2427215576 1274035.1401367188 890327.18701171875 179947.81601715088 90919.015747070312 847435.72179412842 1458835.0503463745 8353941.9770965576 121714.99584960938
leaf_count=17361 164 316 125 41 2037 1296 226 657 187 55 955 1611 9467 27
internal_value=-0.000216275 -0.00054118 -0.000411122 -0.000204729 -0.000303173 -0.000507536 -0.00204949 -0.00202718 0.00211992 0.00640201 0.00130397 -0.000198647 -0.000413874 -7.12364e-05
internal_weight=2.33841e+07 1.86463e+07 1.79501e+07 1.59418e+07 1.57256e+07 1.45025e+07 2.00827e+06 2.44986e+06 1.22313e+06 195747 1.02738e+06 1.20526e+07 1.05938e+07 8.47566e+06
internal_count=34525 17164 16848 16497 16456 15095 351 2694 1361 219 1142 12401 10790 9494
cat_boundaries=0 1 2
cat_threshold=194 8
is_linear=0
shrinkage=0.05


Tree=47
num_leaves=15
num_cat=2
split_feature=21 25 28 23 14 28 23 16 9 4 10 15 9 9
split_gain=3381.99 3301.36 3617.7 2424.4 5595.88 2401.85 3627.1 6204.01 2632.86 2443.74 2201.64 2100.21 2164.11 2060.43
threshold=10.183216718561182 0.25000000000000011 0 -3.9999557871577749 1.5869445368927224 1 2.5228400253385952 16.614160736749827 0.099641508914028162 15.26867331021578 0.042949091005053355 17.979750751109087 0.22942956425113353 0.48978400595872723
decision_type=8 2 1 8 8 1 10 2 2 2 2 2 2 2
left_child=10 2 -2 4 -4 6 11 -8 -7 -10 -1 -3 -13 -14
right_child=1 5 3 -5 -6 8 7 -9 9 -11 -12 12 13 -15
leaf_value=-0.00045305433313952187 -0.0056664946702990465 -0.001771327378282235 -0.012690169108421585 -0.0012411593002512537 0.0055108858037590394 0.0016436948630850869 -0.00072664618201932535 0.0057548600862930566 0.00060828755707930705 -0.0019324929969362283 0.0026019123655878404 0.00085645790560203979 -0.0020439557109712576 0.0078669854621933391
leaf_weight=5488145.2028719187 3337136.4227542877 512504.61781978607 108693.89266967773 4477731.7735996246 88132.691415786743 194210.69836425781 416971.60919475555 430317.98469543457 2223925.1008913517 1424803.3580322266 4282779.0421789885 193146.6050567627 250932.65244674683 131156.63984298706
leaf_count=10523 4429 588 128 4624 97 43 674 148 4427 409 8085 63 126 289
internal_value=-0.000173609 -0.000677868 -0.00133487 -0.000437144 0.00499397 0.000233123 0.00166974 0.0041225 -0.000490259 -0.000792198 0.00053805 -0.000240804 0.00183299 -0.000347474
internal_weight=2.35606e+07 1.37897e+07 8.01169e+06 4.67456e+06 196827 5.77797e+06 1.93503e+06 847290 3.84294e+06 3.64873e+06 9.77092e+06 1.08774e+06 575236 382089
internal_count=34653 16045 9278 4849 225 6767 1888 822 4879 4836 18608 1066 478 415
cat_boundaries=0 1 2
cat_threshold=553 546
is_linear=0
shrinkage=0.05


Tree=48
num_leaves=15
num_cat=1
split_feature=17 21 25 28 23 11 11 17 22 14 15 26 9 11
split_gain=3668.66 2374.47 2443.96 3232.94 2493.95 4227.04 2233.4 2622.75 1981.07 2521.22 1915.17 2328.27 2333.32 1853.03
threshold=0.0030991565347809505 9.3430234186030727 0.25000000000000011 0 -3.6944936482584798 0.040133708090834809 -0.063208372046369185 0.35588037541285428 18.66055157771083 1.5437069834013577 19.234941184331863 0.6830127018922193 0.32476872530145534 -1.0733176251515413
decision_type=2 8 2 1 8 2 2 2 2 10 2 2 2 2
left_child=13 -2 3 -3 5 -5 7 -4 -8 -10 -6 -12 -13 -1
right_child=1 2 6 4 10 -7 8 -9 9 -11 11 12 -14 -15
leaf_value=0.03213135835628244 0.00053661184221777825 -0.0051743689892867787 0.00039387677736421947 0.0062155556103793957 1.5618634770577273e-05 -0.004603659076375762 -0.0020692453553790456 0.0045610770608646252 0.0049348132681436216 -0.00019075818839360071 -0.0034485409324300168 0.0014690881470889182 -0.0063505393979619825 0.0035920981322626919
leaf_weight=123036.52213430405 5526437.4597396851 3125752.2369689941 2065950.4491348267 120909.5931930542 2659913.2475814819 124596.63833618164 2671930.8043060303 280681.60357666016 209178.91110229492 653157.97108459473 1312251.1776123047 337379.33813476562 207465.53289794922 3885447.2392275333
leaf_count=1285 6544 3081 2072 97 2850 115 2591 100 125 278 599 128 133 14626
internal_value=-0.000162294 -0.00044823 -0.000799623 -0.00137479 -0.000554742 0.00435309 -2.81302e-05 0.00116767 -0.000822101 0.00126164 -0.000821491 -0.00205364 0.00069388 0.00121411
internal_weight=2.33041e+07 1.92956e+07 1.37692e+07 7.88827e+06 4.76252e+06 245506 5.8809e+06 2.34663e+06 3.53427e+06 862337 4.51701e+06 1.8571e+06 544845 4.00848e+06
internal_count=34624 18713 12169 7003 3922 212 5166 2172 2994 403 3710 860 261 15911
cat_boundaries=0 1
cat_threshold=553
is_linear=0
shrinkage=0.05


Tree=49
num_leaves=15
num_cat=0
split_feature=4 6 17 9 25 25 23 5 4 11 16 15 8 26
split_gain=3545.81 3741.34 2707.18 2473.79 1962.47 2317.33 2762.24 2948.51 2390.84 2351.89 4265.54 2513.16 2966.01 2190.58
threshold=17.019152678527846 17.129815940530211 0.0043370034965782506 0.13827813384070328 -0.93301270189221919 -0.24999999999999997 -5.751513763805769 14.734903986928076 16.283999875186893 -0.066974212558948296 18.314726746826736 17.935066874906465 0.13724328153741419 0.6830127018922193
decision_type=2 2 2 2 2 2 8 2 2 2 2 2 2 2
left_child=1 2 -1 -2 -4 6 7 -6 13 10 11 -7 -13 -8
right_child=3 -3 4 -5 5 9 8 -9 -10 -11 -12 12 -14 -15
leaf_value=0.0032451989506137053 -0.0011063847342720624 0.0028267382242050496 0.0024789911758929003 -0.0030833429281590823 -0.0064219172557658912 -0.00098388779328334214 -0.0042568420549876822 0.0081388252993803093 -0.0037899216698868 -0.0013188010145030991 0.0051956318427068843 0.002619155594536085 0.0018254661242263232 0.0012571659174263916
leaf_weight=4876594.4604223967 760615.02734375 232583.5556640625 1350004.2686386108 1404239.3293457031 109087.88899230957 1750227.7999420166 3337152.3292236328 100348.68273925781 726039.521484375 5820537.0886230469 208983.75944519043 170526.92340087891 1503055.6936645508 1025839.8573150635
leaf_count=17646 129 44 1414 246 170 2691 3904 41 188 5786 121 70 955 1168
internal_value=-0.000237643 -4.09093e-05 -0.00011083 -0.00216521 -0.000423412 -0.000590397 -0.00142746 0.00420006 -0.00165906 -0.000121234 0.000877035 0.000453745 0.00183906 -0.00121696
internal_weight=2.33758e+07 2.1211e+07 2.09784e+07 2.16485e+06 1.61018e+07 1.47518e+07 5.29847e+06 209437 5.08903e+06 9.45333e+06 3.63279e+06 3.42381e+06 1.67358e+06 4.36299e+06
internal_count=34573 34198 34154 375 16508 15094 5471 211 5260 9623 3837 3716 1025 5072
is_linear=0
shrinkage=0.05


Tree=50
num_leaves=15
num_cat=2
split_feature=10 17 9 3 30 28 10 15 7 9 11 24 3 9
split_gain=3153.18 3146.09 3097.45 2307.1 2074.29 2825.67 2884.41 4664.92 2160.34 1810.15 1674.27 1624.33 1588.64 1446.94
threshold=0.046142006192233007 0.39211591187223777 0.17453154080605807 17.171183635107628 0 1 0.336551078665976 18.145971631732113 14.053891367552808 0.20793076625117812 -0.56196213089371028 2.0000789954627005 16.273039820797113 0.17899252706628047
decision_type=2 2 2 2 1 1 2 2 2 2 2 10 2 2
left_child=2 3 -1 4 9 10 12 8 11 -2 -6 -8 -7 -12
right_child=1 -3 -4 -5 5 6 7 -9 -10 -11 13 -13 -14 -15
leaf_value=-0.0022223069285425374 -0.0017252490999688484 -0.0064032244667556184 -0.00060321814076112095 0.0026288424666679666 0.010402247353281522 0.004101188215071023 0.030381870359867641 0.027047322579306123 -0.0082125495141858618 0.00067052718530924925 0.0045995187467991619 0.022714553335993877 -0.0023882172129734125 4.5281547645551895e-05
leaf_weight=2474756.8979415894 940714.44418334961 431375.37072753906 11849445.143931508 342168.80908203125 134271.38831424713 532829.81896829605 58700.470100879669 58539.966181278229 77529.868286132812 3839383.9107439518 66901.330596923828 114791.39796948433 73850.21142578125 2241254.6135892868
leaf_count=1310 516 178 19029 53 370 902 221 159 46 7156 52 672 17 3773
internal_value=-0.000224777 0.000513634 -0.000684207 0.000725503 0.000556411 0.00150868 0.00387651 0.00780391 0.00483983 -0.000112689 0.000620408 0.00794061 0.0018726 0.00030467
internal_weight=2.32365e+07 8.91231e+06 1.43242e+07 8.48094e+06 8.13877e+06 3.35867e+06 916242 309562 251022 4.7801e+06 2.44243e+06 173492 606680 2.30816e+06
internal_count=34454 14115 20339 13937 13884 6212 2017 1098 939 7672 4195 893 919 3825
cat_boundaries=0 1 2
cat_threshold=1 777
is_linear=0
shrinkage=0.05


Tree=51
num_leaves=15
num_cat=0
split_feature=4 14 8 3 4 23 14 25 8 24 25 24 8 8
split_gain=4738.77 1676.04 2843.74 1883.06 1657.75 1574.66 2002.93 2568.7 2540.82 2328.73 2790.96 1593.11 1964.94 2386.3
threshold=14.907408996081463 2.3575037049707972 0.24731574798531047 16.3974896391274 7.5226343720597564 -3.6944936482584798 2.0829044824272738 -0.24999999999999997 0.24122941733205663 6.5933856730851659 1.0000000180025095e-35 2.2469877006854504 0.10396346776495162 0.23198270913806382
decision_type=2 10 2 2 2 8 10 2 2 10 2 8 2 2
left_child=4 5 -3 -4 -1 -2 9 -8 -9 11 -11 12 -7 -14
right_child=1 2 3 -5 -6 6 7 8 -10 10 -12 -13 13 -15
leaf_value=0.010883407747357285 0.0012852535359796865 -0.0038560655155313699 -0.0069948303878681175 0.00036525733381240211 0.00013683395207008273 0.0018102136145561434 -0.001867176304300118 0.0039425409317182941 -0.00083432116179719008 -0.0039669216410001384 0.0035031947401254469 -0.003884162299230433 -0.0026566522279312613 0.00014652958644716398
leaf_weight=721580.77082681656 381283.91125488281 1164854.6363525391 371125.55261230469 343389.091796875 13163453.008466721 475840.00659179688 619065.59265136719 456138.13366699219 325071.99572753906 345388.4716796875 382137.29162597656 2108402.5530395508 1366752.9581298828 891148.55401611328
leaf_count=6025 138 324 158 72 25322 98 205 130 105 119 125 790 409 396
internal_value=-0.00038982 -0.00126785 -0.00260036 -0.000117003 0.000193882 -0.000927187 -0.00109834 0.000592085 0.00249844 -0.00152333 0.00111427 -0.00191963 -0.00112316 -0.00173854
internal_weight=2.31156e+07 9.2306e+06 1.87937e+06 714515 1.3885e+07 7.35123e+06 6.96995e+06 1.40028e+06 781210 5.56967e+06 727526 4.84214e+06 2.73374e+06 2.2579e+06
internal_count=34416 3069 554 230 31347 2515 2377 440 235 1937 244 1693 903 805
is_linear=0
shrinkage=0.05


Tree=52
num_leaves=15
num_cat=1
split_feature=2 25 15 23 12 25 25 27 22 27 14 14 28 9
split_gain=3769.9 3468.32 2253.37 2746.45 1778.45 1841.2 1554.9 3044.44 1937.25 1979.57 1884.48 2157.79 1758.62 1985.51
threshold=16.533265774342059 0.25000000000000011 19.240998570495709 2.3158080270847505 6.5000000000000009 -0.93301270189221919 -0.24999999999999997 10.500000000000002 19.607205262989968 3.5000000000000004 2.4380734563316504 1.9503587306536587 0 0.55136379373500632
decision_type=2 2 2 10 2 2 2 2 2 2 10 8 1 2
left_child=4 -2 3 -3 -1 -6 7 -7 12 -10 11 -11 -8 -14
right_child=1 2 -4 -5 5 6 8 -9 9 10 -12 -13 13 -15
leaf_value=0.025503861156577941 -0.0037021613172312558 -0.00075672608239518799 -0.0018210563286345999 0.0032370462841272147 0.0029838676181152776 -0.0034286850307131489 0.00070766100895257224 0.0019897685672627674 -0.00080443002078293318 0.0065557001731278881 -0.0053160548563246984 0.0055607351693689397 -0.0025061927577582611 0.0023369292138754084
leaf_weight=174999.10523402691 2255510.4328613281 528295.62280273438 545421.3583984375 507078.49731445312 1658616.4203255177 4843161.6914918423 8014794.1084494591 1498766.6646735668 350522.6863861084 246854.37321472168 105230.91844177246 105370.52024841309 1760880.7835350037 826264.72253131866
leaf_count=1930 444 106 104 102 2679 8023 10832 2488 355 270 119 70 3109 3896
internal_value=-0.00027198 -0.00170527 9.05239e-05 0.00146067 8.76719e-06 -3.6473e-05 -0.000185325 -0.000812993 0.000163549 0.00252356 0.00468996 0.00644405 -1.63082e-05 -0.00114975
internal_weight=2.34218e+07 3.83631e+06 1.5808e+06 1.03537e+06 1.95855e+07 1.94105e+07 1.77518e+07 6.34193e+06 1.14099e+07 807978 457456 352225 1.06019e+07 2.58715e+06
internal_count=34527 756 312 208 33771 31841 29162 10511 18651 814 459 340 17837 7005
cat_boundaries=0 1
cat_threshold=932
is_linear=0
shrinkage=0.05


Tree=53
num_leaves=15
num_cat=1
split_feature=4 28 17 0 11 23 18 3 10 17 16 23 23 20
split_gain=3767.25 2496.67 2315.98 2285.95 2124.66 2033.93 1798.78 4172.39 2509.71 1549.86 1549.41 1545.97 2133.83 1535.11
threshold=14.907408996081463 0 0.35588037541285428 15.554451119783065 -0.88751580412423337 0.80599558502481061 0.19778262491497353 14.752723084872505 0.079653527074158015 0.0048433687659590512 15.769869319422773 6.7582366309950865 6.9077953815999456 -0.040266084731604444
decision_type=2 1 2 2 2 10 10 2 2 2 2 10 10 8
left_child=1 5 13 4 -3 -1 7 8 -7 -6 -8 -10 -13 -2
right_child=2 3 -4 -5 9 6 10 -9 11 -11 -12 12 -14 -15
leaf_value=-0.0027478363328405845 0.00087763013725341936 0.018137985754179096 -0.0019630835668650445 0.0078780094767364958 0.00062136629447030907 0.0019359712995619368 0.0015630689521114927 0.01218549078030829 0.0060385205048607638 -0.0020523311774591551 -0.0037666269722673655 0.028203109226153478 0.011002860375064252 -0.0012182968197909634
leaf_weight=694864.05044126511 492310.13720703125 196247.0266559124 1559286.3388671875 100437.52783203125 4274990.5830163956 1510971.6771544218 568225.38306713104 204860.82739257812 727189.55184626579 5298857.3699264526 228836.51000976562 29300.33374786377 162404.2608846426 7370739.4265136719
leaf_count=1898 171 892 369 46 11376 4695 875 126 2366 8463 141 72 591 2562
internal_value=-0.000333332 0.000186967 -0.00110625 -0.00024481 -0.000321959 0.00121973 0.00171922 0.00234884 0.0017711 -0.000427525 -0.000362009 0.00383167 0.00782601 -0.000757171
internal_weight=2.34195e+07 1.39972e+07 9.42234e+06 9.87053e+06 9.77009e+06 4.12665e+06 3.43179e+06 2.63473e+06 2.42987e+06 9.57385e+06 797062 918894 191705 7.86305e+06
internal_count=34643 31541 3102 20777 20731 10764 8866 7850 7724 19839 1016 3029 663 2733
cat_boundaries=0 1
cat_threshold=230
is_linear=0
shrinkage=0.05


Tree=54
num_leaves=15
num_cat=0
split_feature=14 4 7 19 9 14 25 15 11 27 14 22 23 3
split_gain=4389.18 3798.98 2797.03 2440.35 2694.26 2856.41 3664.17 4176.91 2880.02 2116.83 2061.68 1993.93 1943.64 1921.04
threshold=2.3575037049707972 16.166066284103554 10.763062922380472 -0.029986948250196144 0.099641508914028162 2.0829044824272738 0.25000000000000011 18.024457383567057 -0.11052986724660478 10.500000000000002 1.3989802320832128 17.738574498502665 1.8032016426999051 16.273039820797113
decision_type=10 2 2 2 2 10 2 2 2 2 10 2 10 2
left_child=2 -2 -1 10 -5 8 9 12 -6 -7 -4 -11 -8 -10
right_child=1 -3 3 4 5 6 7 -9 13 11 -12 -13 -14 -15
leaf_value=0.015423994742836185 -0.0014430852891640996 -0.0031528345914356077 0.00011086819102333654 0.0025082143955830875 0.001539832948488546 -0.0022800068792632315 -0.0009118141844379669 0.0065130677941308201 -0.0005714495682114612 -0.0044664862713060475 -0.0037210673804916397 0.0044000063722863967 0.00393548291910814 -0.0018951711563579829
leaf_weight=692722.76218819618 2573558.0882327557 1266407.2646484375 1295187.9301147461 307597.17709350586 4039489.2678222656 961515.38410949707 251148.36457824707 286944.03955078125 7690448.5493469238 126876.1766204834 1632923.1715087891 241141.4439239502 454451.20491027832 1735606.228515625
leaf_count=5832 9260 266 1709 68 5010 767 219 194 9037 146 1285 149 410 382
internal_value=-0.000256317 -0.00180284 4.48894e-05 -6.87541e-05 0.000172791 8.24936e-05 0.00170205 0.00400081 -0.000196792 -1.40597e-05 -0.00139648 0.00321078 0.00193238 -0.000675481
internal_weight=2.3556e+07 3.83997e+06 1.97161e+07 1.90233e+07 1.60952e+07 1.57876e+07 2.32208e+06 992544 1.34655e+07 1.32953e+06 2.92811e+06 368018 705600 9.42605e+06
internal_count=34734 9526 25208 19376 16382 16314 1885 823 14429 1062 2994 295 629 9419
is_linear=0
shrinkage=0.05


Tree=55
num_leaves=15
num_cat=0
split_feature=14 7 14 8 21 0 24 3 3 16 27 15 7 23
split_gain=2436.37 2376.99 2265.23 2156.57 1972.03 3189.23 1818.27 2518.2 4061.67 1762.99 4309.4 2497.12 2069.33 2139.55
threshold=2.3390992561901038 10.738661173482123 2.3300545347507993 0.23521360670235616 10.583531120727168 16.993748182993098 12.187031981800301 16.273039820797113 15.670241562971784 18.407908271991452 10.500000000000002 19.203026137930177 15.773853429635489 -9.4467092689102419
decision_type=10 2 10 2 10 2 10 2 2 2 2 2 2 8
left_child=1 -1 6 4 5 -2 9 8 -8 12 11 -11 13 -3
right_child=3 2 -4 -5 -6 -7 7 -9 -10 10 -12 -13 -14 -15
leaf_value=0.014355334927966562 -0.0011317403665637919 0.0090064785609737224 0.0042466840203164392 -0.00054365333171692146 -0.0036685528457687622 0.0015903864357463702 0.0050489089152085491 -0.006362261235805149 0.0056813628384413369 0.0018692776115334356 0.0024298628101078416 -0.0032335233312555316 -0.0014193748012358298 -0.00038884090112825329
leaf_weight=655021.02791345119 372453.88201284409 169949.94982910156 178182.08540344238 2464615.0786335468 1315983.4122085571 65593.9111328125 507587.23463439941 102145.36303710938 112147.88403320312 411414.95147705078 256760.98880004883 270013.57080078125 3653557.43359375 12849520.178268433
leaf_count=5558 726 244 108 8100 904 13 752 29 36 236 96 39 920 16723
internal_value=-0.000265602 -2.61656e-05 -0.000130908 -0.00135342 -0.00269347 0.000212375 -0.000185437 0.00227404 0.00347296 -0.00028625 0.00182268 -0.000257436 -0.000404919 -0.00010984
internal_weight=2.33849e+07 1.91663e+07 1.85113e+07 4.21865e+06 1.75403e+06 438048 1.83331e+07 721880 619735 1.76112e+07 938190 681429 1.6673e+07 1.30195e+07
internal_count=34484 24741 19183 9743 1643 739 19075 817 788 18258 371 275 17887 16967
is_linear=0
shrinkage=0.05


Tree=56
num_leaves=15
num_cat=0
split_feature=17 10 9 14 17 24 25 23 9 20 20 17 25 7
split_gain=3401.32 2579.67 3272.36 2268.99 5855.73 1907.93 2448.28 2458.79 1715.4 1635.68 2536.76 1650.43 1614.39 2161.17
threshold=0.39211591187223777 0.042949091005053355 0.099641508914028162 2.2607014958487679 0.31408482136343246 7.8914968238984153 1.0000000180025095e-35 5.4286142290767812 0.13056622037921709 -0.030744735600487894 -0.035779561396696198 0.14878762078016677 -0.93301270189221919 16.610313958149195
decision_type=2 2 2 10 2 10 2 10 2 8 10 2 2 2
left_child=1 5 -3 4 -4 12 -7 -8 -5 10 -10 -11 13 -1
right_child=-2 2 3 8 -6 6 7 -9 9 11 -12 -13 -14 -15
leaf_value=0.0032372003578437572 -0.0028259846768445389 0.0044653791854981544 0.00099247626383826282 0.0019024604302261489 0.0049905260829011715 -0.0031483967531322371 0.0038263230853290303 0.013193230385260574 -0.00015286462276707825 -0.00088246141070972563 0.0049502598943847141 -0.0029659148018814675 -0.0010712016082010908 -0.0025952918221134663
leaf_weight=869387.98969423771 1448296.897644043 140012.41543579102 6673803.4043166637 46189.591522216797 110809.79650878906 388653.78635406494 460305.77193021774 93007.879860401154 139421.80348300934 1052099.5610070229 48225.937924385071 479120.3046875 11308749.761173248 116611.42822265625
leaf_count=1510 552 38 9644 32 43 757 724 200 390 3725 118 159 16572 23
internal_value=-9.81609e-05 5.68512e-05 0.000726206 0.000602039 0.0010175 -0.000382569 0.00178615 0.00392253 -0.000994922 -0.00125044 0.00315557 -0.00179039 -0.000548727 0.00139164
internal_weight=2.33747e+07 2.19264e+07 8.68968e+06 8.54967e+06 6.78461e+06 1.32367e+07 941967 553314 1.76506e+06 1.71887e+06 187648 1.53122e+06 1.22947e+07 985999
internal_count=34487 33935 14149 14111 9687 19786 1681 924 4424 4392 508 3884 18105 1533
is_linear=0
shrinkage=0.05


Tree=57
num_leaves=15
num_cat=1
split_feature=25 7 11 28 22 26 19 9 24 21 24 10 0 16
split_gain=2929.06 4664.18 2801.36 2276.22 2233.89 4502.51 4828.62 3178.16 2425.46 2161.5 1954.86 3826.72 2490.33 1828.82
threshold=-0.24999999999999997 16.109296304012165 -0.066974212558948296 0 19.450328062977167 1.0000000180025095e-35 0.016262469629360007 0.35285099206208809 2.1287889848007757 8.8084469769761675 10.960149042668801 -0.046298490001117139 13.129347038622393 18.314726746826736
decision_type=2 2 2 1 2 2 2 2 10 10 10 2 2 2
left_child=1 3 13 -1 7 6 -6 9 -7 -4 -9 12 -12 -2
right_child=2 -3 4 -5 5 8 -8 10 -10 -11 11 -13 -14 -15
leaf_value=0.002159819101249925 0.0014360949844498423 -0.0033829019299398732 0.00051827962448086878 -0.0014690057288618084 0.002746523090349859 -0.0049269574190882919 -0.0030663391715032048 5.6780985699459529e-06 0.0018483830701065608 -0.0025507260394103098 0.0061238303754534828 -0.0014012833347045197 0.014510428755093646 0.0037037875055048598
leaf_weight=874019.2839910984 4837162.5882078409 2279229.6713867188 639395.6449508667 6599657.0623912811 332898.53917694092 450279.57650756836 230604.94317626953 3506862.0713269711 254220.96748352051 2714264.604019165 64173.801895141602 145136.91026687622 63200.455322265625 425149.72563171387
leaf_count=1671 8377 508 665 12228 189 228 122 7793 167 2021 173 260 44 167
internal_value=-0.000236649 -0.00089854 0.000235809 -0.000294707 -0.000330819 0.00160298 0.0049344 -0.00067458 -0.0010617 -0.00179498 0.000319612 0.0043989 0.0107236 0.0011404
internal_weight=2.34163e+07 9.75291e+06 1.36633e+07 7.47368e+06 8.40104e+06 1.268e+06 563503 7.13303e+06 704501 3.35366e+06 3.77937e+06 272511 127374 5.26231e+06
internal_count=34613 14407 20206 13899 11662 706 311 10956 395 2686 8270 477 217 8544
cat_boundaries=0 1
cat_threshold=66
is_linear=0
shrinkage=0.05


Tree=58
num_leaves=15
num_cat=0
split_feature=9 20 9 20 14 14 24 3 4 2 3 8 4 2
split_gain=2185.92 2107.2 3779.04 2491.37 2067.56 2763.83 3098.96 8927.98 2576.94 2689.32 2480.57 2085.25 2010.79 2381.54
threshold=0.19850244440611808 -0.034671565695483138 0.099641508914028162 -0.05916215992804829 2.3474724148787502 1.497090039949321 5.5771649410151056 15.558852899793896 16.410410087137191 16.035613885257231 15.262163244648258 0.25113423558437525 17.181523356598721 16.996524025785622
decision_type=2 10 2 10 10 10 10 2 2 2 2 2 2 2
left_child=1 3 -3 -1 5 -2 8 -8 9 10 -7 -6 13 -4
right_child=4 2 12 -5 11 6 7 -9 -10 -11 -12 -13 -14 -15
leaf_value=-0.00055541391274955881 -0.0004050797425697941 0.001141589021109897 -0.0025053439574544561 0.0019904159377777809 -0.0034169143457220014 0.00035521327356459779 0.0052046764528099259 0.0098844843784379258 0.0011657377402901909 -0.0022078324328200852 0.0060727461242740663 -8.4478925551524487e-05 -0.0039671641366118065 0.00082001477045187589
leaf_weight=660353.1658706665 10525789.111753106 421029.41632080078 2176557.0173606873 231711.91784667969 828578.69546461105 3206145.1920113564 517518.19863343239 54959.00732421875 663433.19067382812 286062.20385742188 375345.61437988281 2237411.4615557194 757523.314453125 351567.81005859375
leaf_count=715 15968 134 1342 102 1036 5671 1214 21 135 85 161 7763 122 69
internal_value=-0.000203259 -0.00117985 -0.00170491 0.00100186 3.69666e-05 0.000269856 0.00122474 0.00469101 0.000786789 0.000292926 0.000665551 -0.00115022 -0.00227641 -0.00159932
internal_weight=2.3294e+07 4.59874e+06 3.70668e+06 892065 1.86952e+07 1.56293e+07 5.10346e+06 572477 4.53099e+06 3.86755e+06 3.58149e+06 3.06599e+06 3.28565e+06 2.52812e+06
internal_count=34538 2484 1667 817 32054 23255 7287 1235 6052 5917 5832 8799 1533 1411
is_linear=0
shrinkage=0.05


Tree=59
num_leaves=15
num_cat=1
split_feature=17 10 9 4 0 11 6 18 11 23 28 23 18 17
split_gain=3177.77 2448.14 2915.17 2873.31 9735.83 2318.64 3987.84 2224.07 1972.01 1924.32 1844.95 2884.33 1572.23 1568.12
threshold=0.39211591187223777 0.042949091005053355 0.099641508914028162 17.181523356598721 17.156634566241113 -0.43995038294915545 15.215897328759032 0.06802674838824567 -0.081390816143468145 6.7048748567085958 0 6.9575763188586714 0.18078107058413123 0.011819588045148802
decision_type=2 2 2 2 2 2 2 10 2 10 1 10 10 2
left_child=1 -1 -3 4 5 6 -4 9 -2 -7 -11 -12 -9 -14
right_child=8 2 3 -5 -6 7 -8 12 -10 10 11 -13 13 -15
leaf_value=-0.00066136127162395625 0.00031189688823552857 0.0042499590537719038 0.0059508841756305978 -0.0059817707098824922 0.0029065141813547444 0.0020272486869186766 0.0043189699986390618 -0.0037494219275591573 -0.004424335290813099 0.0053388404219400646 0.032073527323323324 0.014623772747645571 -0.0015143188321408091 0.0005594589834005295
leaf_weight=13246573.583839536 409934.33953857422 146545.20834350586 527302.2464556694 333359.29248046875 173959.46533203125 1258513.1973779202 68699.929931640625 1132071.8870515823 981927.48217773438 132987.52878952026 32615.031765937805 75486.519982337952 2348101.8792209625 2427455.3092041016
leaf_count=19929 178 40 1899 53 35 4524 27 1374 363 476 96 326 3920 1289
internal_value=-7.81589e-05 6.90501e-05 0.000722926 0.000602527 0.000788024 0.000533665 0.00353392 0.000292258 -0.00239478 0.00201189 0.00610412 0.0109551 -0.000144255 0.000252887
internal_weight=2.32955e+07 2.19037e+07 8.6571e+06 8.51055e+06 8.17719e+06 8.00323e+06 596002 7.40723e+06 1.39186e+06 1.4996e+06 241089 108102 5.90763e+06 4.77556e+06
internal_count=34529 33988 14059 14019 13966 13931 1926 12005 541 5422 898 422 6583 5209
cat_boundaries=0 1
cat_threshold=649
is_linear=0
shrinkage=0.05


Tree=60
num_leaves=15
num_cat=1
split_feature=19 2 24 14 0 20 23 10 25 28 16 15 17 26
split_gain=2619.15 2631.71 1943.42 2679.89 4800.81 1885.67 1727.16 3028.82 1621.2 4605 7040.97 5237.6 3677.43 2716.03
threshold=-0.026476018212164797 13.891709294720899 7.9624243260001153 1.4601957803951482 14.132077279613386 0.069816759505121104 5.0390964404623313 -0.024014385761135147 0.25000000000000011 0 16.533272588522085 18.024457383567057 0.31408482136343246 -0.24999999999999997
decision_type=2 2 10 8 2 10 10 2 2 1 2 2 2 2
left_child=1 -1 5 6 -5 8 -4 -8 12 10 -10 -12 13 -2
right_child=2 -3 3 4 -6 -7 7 -9 9 -11 11 -13 -14 -15
leaf_value=0.0010679150760046373 -0.0018032399977228816 -0.0032786864687133904 -0.001324674640805612 -0.0020509278141690019 0.0050069504697996033 -0.0041226276266911341 0.0091002065928571917 -0.00066750044494182786 -0.0014811193901794028 -4.7212983848790931e-05 0.0015838909060885095 0.0035115534955476981 -0.0041022583650936672 0.0010419396069909779
leaf_weight=1844618.782074213 3504163.4060797691 2634524.8666687012 703301.86699199677 161813.75106596947 193112.33935546875 602318.65787935257 126424.31310081482 163171.07297945023 839489.18480825424 5119193.3285032511 581549.94421386719 331690.33528137207 1118393.180480957 5487602.0714514256
leaf_count=5421 5620 1225 871 997 67 714 161 197 1882 7859 213 99 378 8896
internal_value=-8.18951e-05 -0.00116917 0.000175342 0.00200512 0.00573415 3.50912e-05 0.000672128 0.00392194 0.000132603 0.000725164 0.00293718 0.00597558 -0.000270164 6.61448e-05
internal_weight=2.34114e+07 4.47914e+06 1.89322e+07 1.34782e+06 354926 1.75844e+07 992897 289595 1.69821e+07 6.87192e+06 1.75273e+06 913240 1.01102e+07 8.99177e+06
internal_count=34600 6646 27954 2293 1064 25661 1229 358 24947 10053 2194 312 14894 14516
cat_boundaries=0 1
cat_threshold=544
is_linear=0
shrinkage=0.05


Tree=61
num_leaves=15
num_cat=1
split_feature=9 24 2 24 9 17 4 0 16 6 4 17 28 27
split_gain=2070.84 1856.29 2305.7 1682.97 2017.37 8056.33 4459.18 3354.21 1653.71 3145.65 1411.95 3199.8 1346.75 1951.43
threshold=0.26433815840575609 -1.8434447414988349 14.783352547626933 6.9311429615844604 0.099641508914028162 0.16135964454892707 17.181523356598721 17.156634566241113 18.534756489305497 17.129815940530211 15.937568612521352 0.023056676643761254 0 8.5000000000000018
decision_type=2 8 2 10 2 2 2 2 2 2 2 2 1 2
left_child=3 2 -2 4 5 -1 7 -6 9 12 11 -5 13 -3
right_child=1 8 -4 10 6 -7 -8 -9 -10 -11 -12 -13 -14 -15
leaf_value=-0.0041091955768145835 0.00027512184750830911 2.9384337415514933e-05 0.0082508716335624888 0.00021217239152428744 -0.0011381577737504087 0.0031219333872569335 -0.0038599121376075964 0.0016166181949551614 -0.0059693980455551958 0.00039004745652903975 -0.0009720706227642653 0.012948937677792705 -0.00050030871674847717 0.0044826605185801774
leaf_weight=246668.4379119873 95363.066558837891 3197599.4823617935 64553.5107421875 93976.857872009277 5620369.3519382477 200858.08148193359 1018647.4716796875 194963.89892578125 293017.19488525391 166314.1083984375 137464.04321289062 61366.800643920898 10526200.885866165 1437632.0874958038
leaf_count=195 253 6838 26 194 3921 43 161 37 127 28 27 61 19329 3227
internal_value=-0.000216931 0.000109253 0.00546888 -0.000896517 -0.00104597 0.00220624 -0.00125895 -0.000724401 5.43837e-05 0.000125514 0.00282017 0.00608633 5.04937e-05 0.000760632
internal_weight=2.3355e+07 1.57807e+07 159917 7.57431e+06 7.28151e+06 447527 6.83398e+06 5.81533e+06 1.56208e+07 1.53277e+07 292808 155344 1.51614e+07 4.63523e+06
internal_count=34467 29828 279 4639 4357 238 4119 3958 29549 29422 282 255 29394 10065
cat_boundaries=0 1
cat_threshold=230
is_linear=0
shrinkage=0.05


Tree=62
num_leaves=15
num_cat=1
split_feature=15 17 25 14 30 9 24 20 22 14 24 7 7 9
split_gain=2022.73 1779.95 3442.26 1980.31 1628.19 2002.38 1714.41 1764.69 1820.34 1530.45 3328.21 7554.93 1704.01 2144.39
threshold=19.400405232517958 0.39211591187223777 0.68301270189221941 1.6554688479737332 0 4.8306859531814297 29.675544147785903 -0.029547630580271298 18.66055157771083 1.497090039949321 6.3963118133265811 15.035255036558885 14.13601093847395 0.40182679422987727
decision_type=2 2 2 10 1 2 10 8 2 8 10 2 2 2
left_child=1 4 3 -3 5 9 7 8 -6 12 -11 -12 -1 -14
right_child=-2 2 -4 -5 6 -7 -8 -9 -10 10 11 -13 13 -15
leaf_value=0.0032206362623066302 -0.0036522376044904829 -0.00043092891836761309 0.0010129492524199525 -0.0061407501919238834 0.00072752113722540147 0.017917787979956301 0.011363935871430681 -0.00060194849595505669 0.0026514680260860566 0.00070957219064369181 0.0017056476277116811 0.021750641048959525 0.00072161547076320023 -0.0041774707053378324
leaf_weight=1765900.5423871279 1032240.3665084839 415465.00347900391 329256.60760498047 698490.68774414062 1330269.5667734146 356366.35033416748 97839.283713340759 14204991.518490791 144116.2490234375 1080835.4177844524 88518.030595779419 50598.665283203125 892709.36267089844 952780.54943847656
leaf_count=3293 956 275 125 149 2176 1069 166 22166 61 2469 539 22 484 561
internal_value=-0.000175611 -7.59225e-05 -0.00177437 -0.00310195 4.09976e-05 0.000809424 -0.000211669 -0.000252842 0.00139363 0.000542636 0.00207377 0.00935314 2.54096e-05 -0.00103701
internal_weight=2.34404e+07 2.24081e+07 1.44321e+06 1.11396e+06 2.09649e+07 5.18771e+06 1.57772e+07 1.56794e+07 1.47439e+06 4.83134e+06 1.21995e+06 139117 3.61139e+06 1.84549e+06
internal_count=34511 33555 549 424 33006 8437 24569 24403 2237 7368 3030 561 4338 1045
cat_boundaries=0 1
cat_threshold=10
is_linear=0
shrinkage=0.05


Tree=63
num_leaves=15
num_cat=0
split_feature=10 17 16 8 23 4 5 8 20 25 21 17 15 23
split_gain=2719.86 4004.78 2990.73 2957.09 2885 1930.81 1724.9 2422.96 1832.45 1634.41 1975.31 1613.79 1566.54 1532.53
threshold=0.046142006192233007 0.39211591187223777 18.407908271991452 0.21545443286370766 2.0894143703875003 17.181523356598721 16.623495956216509 0.11522875168704111 0.022531079646756703 -0.24999999999999997 7.5547324815505208 0.0099507826762108027 18.409999512429653 6.7582366309950865
decision_type=2 2 2 2 10 2 2 2 10 2 8 2 2 8
left_child=3 2 9 6 -4 -5 7 8 -1 10 11 -2 -9 -11
right_child=1 -3 4 5 -6 -7 -8 12 -10 13 -12 -13 -14 -15
leaf_value=0.00032657427594547919 0.0025281010602806152 -0.0072456796193720759 -1.3349000908878689e-05 -0.00032630082845122967 0.0035505546938505873 0.00036617841101074615 -0.0014997132075855973 -0.0036840639109210621 0.0023225004605039274 0.0011441493768542079 -0.0010460611126393881 0.0091389870593158364 -0.00028417591234065318 0.0039057156976786038
leaf_weight=489719.16480994225 134132.31837439537 446534.62060546875 348272.19097900391 9457768.8357365131 352961.7633972168 173227.5048828125 1814394.9426269531 1456599.4528179169 123145.19136655331 3621006.6587939262 3342621.2954938412 81481.778778076172 961930.77631378174 627623.71512103081
leaf_count=691 427 184 116 17132 132 28 341 1501 107 6587 5399 116 550 1246
internal_value=-0.000190877 0.000494068 0.000736309 -0.000614551 0.00386418 -0.000107662 -0.00162199 -0.000892174 0.00191594 0.000455355 -0.000335176 0.0043033 -0.00160376 0.00111743
internal_weight=2.34314e+07 8.95463e+06 8.5081e+06 1.44768e+07 701234 9.631e+06 4.84579e+06 3.03139e+06 612864 7.80687e+06 3.55824e+06 215614 2.41853e+06 4.24863e+06
internal_count=34557 14207 14023 20350 248 17160 3190 2849 798 13775 5942 543 2051 7833
is_linear=0
shrinkage=0.05


Tree=64
num_leaves=15
num_cat=0
split_feature=4 27 15 1 1 14 8 0 0 7 10 1 23 3
split_gain=2458.59 2316.46 2454.07 2273.06 1905.26 1882.95 1623.53 1261.62 1850.47 1513.59 1212.8 2137.33 1502.39 1574.36
threshold=16.701148858548322 5.5000000000000009 19.172460310684176 16.995067760631983 16.995067760631983 1.6838557647090264 0.751655953425167 13.662861250651188 14.168072347787305 13.403640903771075 -0.1691935307846765 16.150297738002418 2.0007089153292004 13.450911803189918
decision_type=2 2 2 2 2 10 2 2 2 2 2 2 8 2
left_child=3 2 -2 6 -3 -6 10 9 -9 -8 11 12 13 -1
right_child=1 4 -4 -5 5 -7 7 8 -10 -11 -12 -13 -14 -15
leaf_value=0.00074458090282670392 0.0010566643853451832 -0.0053013961361712504 -0.0010432048929514871 0.0034284348405878269 0.00049912568747123608 -0.0035454587121989387 0.0036404573117135202 0.011672910600654238 0.0002114517162945202 -0.0090230117313799246 2.1161856621921413e-05 0.0023256814835121106 -0.00088680430121512797 -0.0072518835824231121
leaf_weight=421933.23716115952 776170.16479492188 631642.9833984375 586531.01953125 91265.74755859375 603563.57397460938 692190.63818359375 3059339.5296154022 182286.87622070312 240222.0885925293 300747.90728759766 12119656.181375504 108555.78442382812 2490863.9035742283 1027390.9439697266
leaf_count=1003 152 143 102 20 95 129 13843 217 192 281 14359 28 3287 679
internal_value=-0.000165731 -0.00143251 0.000145328 4.22213e-05 -0.00254807 -0.0014505 6.20715e-06 0.000938722 0.00351384 0.000614918 -0.000211955 -0.000961188 -0.00115187 -0.00243183
internal_weight=2.33324e+07 3.2901e+06 1.3627e+06 2.00423e+07 1.9274e+06 1.29575e+06 1.9951e+07 3.7826e+06 422509 3.36009e+06 1.61684e+07 4.04874e+06 3.94019e+06 1.44932e+06
internal_count=34530 621 254 33909 367 224 33889 14533 409 14124 19356 4997 4969 1682
is_linear=0
shrinkage=0.05


Tree=65
num_leaves=15
num_cat=2
split_feature=17 10 17 16 2 18 1 10 25 10 3 28 8 28
split_gain=2592.07 1814.92 1979.43 1529.14 2323.9 1626.45 1517.84 1413.38 2934.81 3579.27 6301.95 2848.78 1661.2 2025.01
threshold=0.10935963947130596 0.063754421242180961 0.076672180804922621 16.426235436460452 16.395876229078294 0.032788672044412409 16.684754232979486 -0.027150203300232347 -0.24999999999999997 0.070047103189919413 17.006344156415725 0 0.21888637230923327 1
decision_type=2 2 2 2 2 10 2 2 2 2 2 1 2 1
left_child=1 6 3 4 -3 -5 -1 12 -9 10 -10 -11 -2 -14
right_child=7 2 -4 5 -6 -7 -8 8 9 11 -12 -13 13 -15
leaf_value=-0.00052748791639028807 -0.0027082890683426016 0.0013131163594767839 0.0050374507954939682 0.0031349078676789588 0.0039231923867048589 -0.0037129478477643616 -0.0036929355154239271 -0.0020858321715631046 -0.00028798706943220718 0.0030539430322247246 0.0023460973259479974 -0.0030794755779590668 0.00051939026938000496 -0.001694039287620279
leaf_weight=10521891.490185738 1445537.3613586426 5034050.5383321047 295009.70077514648 239258.51622009277 61015.49951171875 773826.45129394531 259271.37280273438 1844342.1350097656 487562.68481445312 255877.12829589844 336598.869140625 492217.4016418457 205123.71453857422 1082142.4719238281
leaf_count=19477 474 11345 201 637 20 428 58 652 231 107 57 252 79 580
internal_value=-0.000281542 3.37056e-05 0.000700463 0.000507263 0.000860029 -0.00126689 -0.000362296 -0.00116249 -0.000484555 0.00110261 0.0033755 -0.00140139 -0.00201006 -0.000703718
internal_weight=2.33337e+07 1.71843e+07 6.40316e+06 6.10815e+06 5.09507e+06 1.01308e+06 1.07812e+07 6.1494e+06 3.4166e+06 1.57226e+06 824162 748095 2.7328e+06 1.28727e+06
internal_count=34598 32166 12631 12430 11365 1065 19535 2432 1299 647 288 359 1133 659
cat_boundaries=0 1 2
cat_threshold=44 514
is_linear=0
shrinkage=0.05


Tree=66
num_leaves=15
num_cat=0
split_feature=25 26 0 25 0 16 22 15 15 11 17 11 3 18
split_gain=2029.52 3678.73 3876.39 2734.26 2464.27 2379.27 2925.67 3796.08 4659.7 4511.85 2159.63 2083.78 1942.9 1549.44
threshold=0.25000000000000011 0.6830127018922193 16.684382928863482 -0.93301270189221919 17.156634566241113 18.472836192843562 18.651885674616626 17.848155662029146 18.240697324411439 0.017004124361912752 0.13000427664369207 -0.006194589326005499 16.041732990297305 0.15551783186158002
decision_type=2 2 2 2 2 2 2 2 2 2 2 2 2 10
left_child=1 2 3 12 -3 6 10 13 9 -9 -2 -10 -1 -8
right_child=5 4 -4 -5 -6 -7 7 8 11 -11 -12 -13 -14 -15
leaf_value=0.0010763539049141655 0.00061736522429347424 0.0011759288783749081 -0.0035226459990118442 -0.0020615943692385893 0.0013160200991615292 -0.0057176644033903462 0.0015402325357079373 0.0031927404654637972 -0.00098380101285130885 0.00082742908950415362 -0.0026585114025293117 0.0019821187859284414 0.0041416657870285891 -0.0017280531963696265
leaf_weight=1516807.5409002304 6640379.3605486155 3324327.148859024 1439111.3713378906 6754912.5649877787 253867.83447265625 190831.43295288086 759602.77095460892 335092.30447936058 278383.65116119385 253062.67555379868 711626.2033996582 374629.17359542847 137949.02001953125 309302.75378799438
leaf_count=2803 12065 5292 274 11432 42 63 1150 122 152 127 401 192 39 304
internal_value=-1.63274e-05 -0.000416244 -0.000915095 -0.000504748 0.000956814 0.000528656 0.00063785 0.00219001 0.00407097 0.00729908 0.000150145 0.00116348 0.00131681 5.92503e-06
internal_weight=2.32799e+07 1.3427e+07 9.84878e+06 8.40967e+06 3.57819e+06 9.85291e+06 9.66208e+06 2.31007e+06 1.24117e+06 588155 7.35201e+06 653013 1.65476e+06 1.06891e+06
internal_count=34458 19882 14548 14274 5334 14576 14513 2047 593 249 12466 344 2842 1454
is_linear=0
shrinkage=0.05


Tree=67
num_leaves=15
num_cat=0
split_feature=10 8 17 14 17 18 11 7 9 23 9 4 16 16
split_gain=3003.29 2778.28 2775.14 2022.19 5516.01 2317.66 1836.13 3427.57 1680.77 1635.87 1601.87 1971.07 2595.1 1582.05
threshold=0.042949091005053355 0.21545443286370766 0.39211591187223777 2.3575037049707972 0.35588037541285428 0.072275822405849066 -0.43995038294915545 15.156395737790072 0.13827813384070328 6.7582366309950865 0.099641508914028162 17.181523356598721 18.342196337377381 16.426235436460452
decision_type=2 2 2 10 2 10 2 2 2 10 2 2 2 2
left_child=1 -1 3 4 5 9 7 -7 -5 -2 -8 12 13 -12
right_child=2 -3 -4 8 -6 6 10 -9 -10 -11 11 -13 -14 -15
leaf_value=-0.0016005966576370719 0.0035501436149519847 -0.00028141883664654547 -0.0046749268066753093 0.0015642596969303868 0.0045995689950791277 0.0066841796049083527 0.0011572154061829786 0.0053292440905655259 -0.0030470332719266476 0.021970579296813633 0.00066971984034370829 -0.0041346065522608463 0.0023469931271487003 -0.0017580465470470163
leaf_weight=4676119.6757853031 1111981.2173520327 9514599.1147354841 419377.75567626953 84743.201385498047 87388.521423339844 295775.93004846573 135259.74298095703 58876.7841796875 1064411.7567634583 205173.0978833437 4083097.4393587112 308199.05517578125 126004.09838867188 1050717.1418457031
leaf_count=3126 3289 17074 179 66 27 591 28 25 3814 799 5027 47 31 417
internal_value=-0.000186658 -0.000640273 0.000526123 0.000719544 0.00102021 0.000872238 0.000458935 0.00394969 -0.00123295 0.00277312 0.000241866 0.000111262 0.000338983 0.000164989
internal_weight=2.32217e+07 1.41907e+07 9.03101e+06 8.61163e+06 7.46247e+06 7.37508e+06 6.05793e+06 354653 1.14915e+06 1.31715e+06 5.70328e+06 5.56802e+06 5.25982e+06 5.13381e+06
internal_count=34540 20200 14340 14161 10281 10254 6166 616 3880 4088 5550 5522 5475 5444
is_linear=0
shrinkage=0.05


Tree=68
num_leaves=15
num_cat=0
split_feature=10 17 9 4 0 8 4 18 0 24 20 4 0 24
split_gain=2566.04 2882.72 2650.1 2720.9 8191.28 2383.96 2823.71 2022.53 4580.66 2322.56 2263.86 3508.51 1907.63 2145.21
threshold=0.046142006192233007 0.39211591187223777 0.099641508914028162 17.181523356598721 17.156634566241113 0.23521360670235616 17.181523356598721 0.028985143481474355 14.929620221025113 2.3307521302205805 -0.016941499659840997 15.26867331021578 16.532359858528654 3.2214559674090402
decision_type=2 2 2 2 2 2 2 10 2 8 8 2 2 10
left_child=5 2 -2 4 7 -1 -7 8 -4 -9 11 -11 13 -12
right_child=1 -3 3 -5 -6 6 -8 9 -10 10 12 -13 -14 -15
leaf_value=-0.0010095154686237387 0.0037417274511692212 -0.0051672487217960025 0.0050070022479413766 -0.0056032814807516068 0.0027388094046998024 -0.00028463706905104881 0.00047501920281610807 -0.00092537849510470173 0.011369826120204306 0.0028163893347700805 0.0033902742207361906 0.0028147831213358875 -0.0022209896338983878 4.5087478687054619e-05
leaf_weight=5313793.9280122519 152283.5612487793 447732.99530029297 995874.40876996517 331325.25927734375 190068.2451171875 8915511.0828855038 149517.2958984375 3275802.6621985435 27388.086853027344 243716.83342552185 1068154.9671907425 90813.117797851562 257934.40893554688 1990983.299908638
leaf_count=3662 42 192 4879 53 38 16676 24 3953 18 419 1468 32 68 3020
internal_value=-0.000163041 0.00049542 0.000698499 0.00058099 0.00076176 -0.000578486 -8.55668e-05 0.000516534 0.00259148 0.000210039 0.00107717 0.00499742 0.000681812 0.00102998
internal_weight=2.34509e+07 9.07208e+06 8.62434e+06 8.47206e+06 8.14074e+06 1.43788e+07 9.06503e+06 7.95067e+06 1.02326e+06 6.92741e+06 3.6516e+06 334530 3.31707e+06 3.05914e+06
internal_count=34544 14182 13990 13948 13895 20362 16700 13857 4897 8960 5007 451 4556 4488
is_linear=0
shrinkage=0.05


Tree=69
num_leaves=15
num_cat=0
split_feature=21 24 5 22 15 25 22 11 20 20 8 4 19 2
split_gain=2030.2 1991.94 2232.12 2068.82 1779.26 2000.11 1496.33 1926.21 2671.54 2042.86 5349.11 2288.69 1611.48 4430.91
threshold=9.3430234186030727 7.8248135322397507 14.4275443051254 19.617331230798943 17.670840436178803 0.68301270189221941 19.607205262989968 0.11548245711180712 -0.039274574527554992 -0.05345532385139929 0.14483486216721952 16.283999875186893 0.040781185357162006 15.142648137605784
decision_type=8 10 2 2 2 2 2 2 10 10 2 2 2 2
left_child=-1 3 -3 6 5 -5 7 8 9 11 -11 12 -2 -14
right_child=1 2 -4 4 -6 -7 -8 -9 -10 10 -12 -13 13 -15
leaf_value=0.00071371664044990685 0.00094363670164751296 -0.001542197370176121 0.0020496044036413972 -0.0054487608756642247 -0.0047410626931500598 0.0038595785427607771 0.00083810517725552288 -0.002287024884474775 -0.0009111264352981666 0.0025660771534918654 0.00090811446376615809 -0.0030766657557590418 0.0019694382438962019 0.0089671498912950592
leaf_weight=7748558.0708961487 1657189.1485931873 244836.69593906403 247161.23071289062 213466.79714775085 594374.15307617188 116231.56103515625 381896.30877685547 3500382.2872123718 7653363.0040054321 70944.366348266602 293445.37981939316 231977.95654296875 178163.19284343719 51982.314208984375
leaf_count=14471 3441 803 91 220 149 102 147 5756 8388 31 434 60 434 21
internal_value=-0.000224492 -0.000556002 0.00257434 -0.000659066 -0.00295055 -4.72085e-06 -0.000508024 -0.000594466 -0.00024528 0.00117957 0.0046378 0.000584975 0.00116103 0.00508155
internal_weight=2.3184e+07 1.54354e+07 491998 1.49434e+07 924073 329698 1.40193e+07 1.36374e+07 1.01371e+07 2.4837e+06 364390 2.11931e+06 1.88733e+06 230146
internal_count=34548 20077 894 19183 471 322 18712 18565 12809 4421 465 3956 3896 455
is_linear=0
shrinkage=0.05


Tree=70
num_leaves=15
num_cat=0
split_feature=17 10 23 15 17 17 15 27 17 17 8 25 21 4
split_gain=2402.33 2141.96 1810.23 1979.16 1765.54 1593.37 1715.53 1451.44 6178.06 2251.69 1439.96 2787.4 2307.57 1930.3
threshold=0.39211591187223777 0.042949091005053355 -9.4467092689102419 19.228329333847224 0.35588037541285428 0.0030172069199944002 19.359974475038499 10.500000000000002 0.20761420437122818 0.19139240720341238 0.10994347008993212 0.25000000000000011 10.631555854924844 17.181523356598721
decision_type=2 2 8 2 2 2 2 2 2 2 2 2 10 2
left_child=1 5 3 -3 7 -1 10 9 -9 -4 11 -7 -13 -12
right_child=-2 2 4 -5 -6 6 -8 8 -10 -11 13 12 -14 -15
leaf_value=0.0024752310941016931 -0.0026175149559324162 0.0096535343329203025 0.0004520903051997396 0.0034726124871073704 0.0031535326035992124 -0.001501050553776412 -0.0038443326143769471 0.0012011463734575801 0.0019420456322681561 -0.0026132191255472609 -0.00065719976668325391 0.00061549071289464447 0.0027783383229379593 -0.002365054350865892
leaf_weight=2234212.3067140579 1387207.344909668 61498.415418624878 6127188.8579282761 89608.566909790039 150058.18939208984 459221.57716369629 730997.54144287109 1427449.659766674 184416.86010742188 680429.47241210938 9087791.9821128845 201815.73548126221 208298.34434509277 394606.00366210938
leaf_count=8908 536 166 11150 107 41 226 394 2387 50 265 10118 114 86 65
internal_value=-0.000175496 -4.84569e-05 0.00056069 0.00598567 0.000465031 -0.000447359 -0.000692923 0.000369219 0.00171837 4.97764e-05 -0.000527614 0.00142 0.00441595 -0.000706169
internal_weight=2.34248e+07 2.20376e+07 8.72065e+06 151107 8.56954e+06 1.33169e+07 1.10827e+07 8.41948e+06 1.61187e+06 6.80762e+06 1.03517e+07 869336 410114 9.4824e+06
internal_count=34613 34077 14166 273 13893 19911 11003 13852 2437 11415 10609 426 200 10183
is_linear=0
shrinkage=0.05


Tree=71
num_leaves=15
num_cat=0
split_feature=14 11 11 21 16 5 24 23 2 4 7 23 26 23
split_gain=2103.97 1961.03 2753.94 2324.87 1921.43 4046.52 1500.75 1568.01 3724.9 2012.35 3652.27 1500.59 1619.29 1616.45
threshold=2.3575037049707972 -0.17875717535374572 -0.19261757742674127 10.692380982045336 18.36763154562799 17.131665029836004 23.807886358159802 -3.6044341388234296 14.553726825293177 15.567517914566457 15.035255036558885 6.7582366309950865 -0.5 8.5560337144001029
decision_type=10 2 2 10 2 2 10 8 2 2 2 8 2 8
left_child=1 2 6 -4 5 -2 7 8 -1 10 -9 12 -3 -13
right_child=4 11 3 -5 -6 -7 -8 9 -10 -11 -12 13 -14 -15
leaf_value=3.8100493471461529e-06 -0.00091979059013425578 -0.0017311694951296251 0.0022410327534972204 0.005786016769523031 -0.0037672202345391558 0.0018755308921216769 0.011223790675427565 0.00043436134019153431 0.010345274591059876 -0.0025261152970395728 0.0056953328450087548 0.0044271248488998403 2.2878333132111608e-05 -0.00083503298384812014
leaf_weight=224068.13364028931 3006640.0208423138 4613225.432975769 156943.99279308319 125931.73554229736 732662.26370239258 52942.65966796875 69176.202129364014 3019271.3304870129 99594.8232421875 485370.73474121094 229831.76989746094 1092409.071449399 8831822.9327025414 640198.8345079422
leaf_count=404 9236 4958 192 97 259 9 106 6833 42 152 110 1853 9571 691
internal_value=-0.000127774 8.09251e-05 0.00100902 0.00578161 -0.00120576 -0.000655006 0.000681919 0.000557438 0.00389592 0.000268095 0.000716698 -0.000188753 -0.000367224 0.00119619
internal_weight=2.33801e+07 1.95878e+07 4.41019e+06 282876 3.79224e+06 3.05958e+06 4.12731e+06 4.05814e+06 323663 3.73447e+06 3.2491e+06 1.51777e+07 1.3445e+07 1.73261e+06
internal_count=34513 25009 7936 289 9504 9245 7647 7541 446 7095 6943 17073 14529 2544
is_linear=0
shrinkage=0.05


Tree=72
num_leaves=15
num_cat=0
split_feature=17 25 24 15 20 17 4 9 24 17 2 14 3 14
split_gain=2721.31 2740.76 1828.2 2112.85 1941.95 1928.92 1808.59 1803.1 3196.34 4107.33 2745.06 2556.09 1801.03 2486.93
threshold=0.35588037541285428 0.68301270189221941 7.8914968238984153 19.416922399778489 -0.029547630580271298 0.089239508121144312 8.6096203339377038 0.14407582608325048 0.18163509864909802 0.19139240720341238 16.150297738002418 1.5995415049211423 14.63276297057798 2.1602104379475313
decision_type=2 2 10 2 8 2 2 2 8 2 2 10 2 10
left_child=2 -2 3 4 12 -4 -6 8 -8 11 -9 -10 -1 -14
right_child=1 -3 5 -5 6 -7 7 10 9 -11 -12 -13 13 -15
leaf_value=0.00026490563374609831 -0.0029512513155055351 0.00091063793262432028 0.0023546755925200761 -0.0060545080315512201 0.00974630284793436 0.0014010400125785891 0.0024420283703231222 -0.0001915317647743395 0.00057712518545226905 0.0006337636781240482 -0.0021743879817924948 -0.0042800051508334967 0.0012748806161415745 0.0042821079363329758
leaf_weight=939009.34654521942 1397722.8045654297 449462.79608154297 1529239.2026789188 582129.72724151611 689755.2754881382 209042.51031494141 262576.42469787598 13460692.288656235 407719.7163848877 345090.02001953125 1806102.9677734375 402644.86040496826 475346.34399414062 286316.29895019531
leaf_count=2237 495 164 2933 543 6065 104 84 20570 183 67 429 267 184 117
internal_value=-0.00010592 -0.00194721 5.30465e-05 -8.43945e-05 6.16139e-06 0.0016073 -0.000151675 -0.000255397 0.00145009 0.000318463 -0.000413809 -0.00162689 0.00161867 0.00342531
internal_weight=2.32429e+07 1.84719e+06 2.13957e+07 1.96574e+07 1.90753e+07 1.73828e+06 1.73746e+07 1.66848e+07 1.41803e+06 1.15545e+06 1.52668e+07 810365 1.70067e+06 761663
internal_count=34442 659 33783 30746 30203 3037 27665 21600 601 517 20999 450 2538 301
is_linear=0
shrinkage=0.05


Tree=73
num_leaves=15
num_cat=0
split_feature=19 9 17 1 3 4 2 7 3 3 4 25 17 24
split_gain=2054.11 2390.76 10066.5 2369.53 3295.44 2808.01 4691.94 1903.49 1783.1 1769.52 2754.55 1965.14 2167.2 1861.14
threshold=-0.029986948250196144 0.099641508914028162 0.16135964454892707 17.423965936235351 17.445700346247609 17.181523356598721 16.996524025785622 16.98736325551755 16.536937448267057 17.006344156415725 16.701148858548322 -0.93301270189221919 0.061807040985669207 0.45979570280003906
decision_type=2 2 2 2 2 2 2 2 2 2 2 2 2 8
left_child=8 2 -2 4 5 6 7 9 -1 10 11 12 -3 -13
right_child=1 3 -4 -5 -6 -7 -8 -9 -10 -11 -12 13 -14 -15
leaf_value=-0.0013739393524316043 -0.0030902804111604398 0.0012675378065396907 0.0037546436712106845 -0.0027737688584300387 0.00081051378942466562 -0.0047785450385415765 0.001531007418647642 -0.00096392567032873395 -0.0029269074116942875 0.0032649248506719472 -0.0026224123840580061 -0.0025267831859737524 0.0054546131711453857 0.00036959058447846274
leaf_weight=3032826.792906642 197345.54246520996 1208283.9887006283 222848.54107666016 664097.392578125 153477.05126953125 500502.39379882812 471190.46826171875 182378.18603515625 575902.3994140625 130773.974609375 518968.36791992188 2034150.2829728127 273174.86288452148 13210551.879744291
leaf_count=5210 203 2399 46 98 25 94 95 36 112 29 123 3659 187 22256
internal_value=-5.20389e-05 0.00014822 0.00387941 6.71848e-05 0.000171507 0.000111072 0.000213624 8.14912e-05 -0.00114901 0.000134827 9.08876e-05 0.000202198 0.00194073 3.32494e-05
internal_weight=2.33765e+07 1.97677e+07 420194 1.93475e+07 1.86835e+07 1.853e+07 1.80295e+07 1.75583e+07 3.60873e+06 1.73759e+07 1.72451e+07 1.67262e+07 1.48146e+06 1.52447e+07
internal_count=34572 29250 249 29001 28903 28878 28784 28689 5322 28653 28624 28501 2586 25915
is_linear=0
shrinkage=0.05


Tree=74
num_leaves=15
num_cat=0
split_feature=25 26 22 9 22 8 21 18 16 2 9 26 4 4
split_gain=2143.6 3967.51 3337.65 4587.44 2810.44 2872.17 2553.21 2497.07 2291.6 2229.98 2212.25 4925.32 2944.67 3019.44
threshold=-0.24999999999999997 -0.24999999999999997 18.66055157771083 0.099641508914028162 18.662531985835098 0.15992055085477316 10.628952567679544 0.50981340312335688 16.426235436460452 16.996524025785622 0.32130729923916251 0.25000000000000017 16.554399131064109 15.811075110773315
decision_type=2 2 2 2 2 2 8 10 2 2 2 2 2 2
left_child=1 8 -2 -4 -5 -6 9 -8 -1 -3 11 -7 13 -12
right_child=2 6 3 4 5 10 7 -9 -10 -11 12 -13 -14 -15
leaf_value=-0.0019662212446102472 -2.8527360936002552e-05 0.00097438107330956574 0.0031621746612148305 0.0022051369446779269 -0.0024933545597817558 0.002247465833297223 -0.0041110829798827074 0.00029381428383008681 -0.0051486311416450992 0.0013209143466759569 0.0015462203854412957 -0.00074648237460617163 -0.0014088609751195047 0.0044875015506192955
leaf_weight=2548435.0438747406 10764600.896847486 3371002.4680638313 154877.6494140625 244117.61201477051 487546.70314538479 418595.18778991699 1509689.7750089169 713502.46967792511 1460468.0971298218 152205.3349609375 809682.0982401371 373893.9942779541 211010.21899414062 116748.78784179688
leaf_count=5038 17561 5924 71 98 219 196 2044 475 812 29 1843 154 42 31
internal_value=-5.8031e-05 -0.000623451 0.000348111 0.0018805 0.00139373 0.000877426 0.000218765 -0.00110801 -0.00183069 0.00105598 0.00174365 0.00377173 0.000330631 0.00154477
internal_weight=2.33364e+07 9.7553e+06 1.35811e+07 2.81647e+06 2.66159e+06 2.41748e+06 5.7464e+06 2.22319e+06 4.0089e+06 3.52321e+06 1.92993e+06 792489 1.13744e+06 926431
internal_count=34537 14322 20215 2654 2583 2485 8472 2519 5850 5953 2266 350 1916 1874
is_linear=0
shrinkage=0.05


Tree=75
num_leaves=15
num_cat=1
split_feature=25 25 22 16 27 14 28 10 8 17 22 24 25 23
split_gain=1862.01 2825.48 3335.65 2997.28 2962.36 2145.26 5280.84 4484.09 3511.12 2014.8 2246.01 2873.23 3729.78 2221.28
threshold=-0.93301270189221919 -0.6830127018922193 19.450328062977167 18.114578210008297 1.5000000000000002 2.2607014958487679 0 -0.10658283610293659 0.10994347008993212 0.22619975375775667 19.593415907659992 1.9737141019610702 1.0000000180025095e-35 2.9297587472125404
decision_type=2 2 2 2 2 10 1 2 2 2 2 10 2 10
left_child=-1 3 -3 -2 -4 6 -6 -7 -8 10 -10 12 -12 -13
right_child=1 2 4 -5 5 7 8 -9 9 -11 11 13 -14 -15
leaf_value=0.00094138233497420435 -0.0014888941644391142 -0.00034332914833378874 -0.0039719962572329209 -0.0065283760341274272 0.0067852355346660681 0.0012532007362628767 0.00075141306235366491 -0.0018472360117799344 -0.0073278756214589227 -0.0024191788803658702 -2.4323398002387901e-05 0.004162932484323925 0.0077869226764080094 -0.0068375914202012892
leaf_weight=1995695.1732317209 3158176.9226828814 14847171.65454483 302169.26924741268 739735.80410766602 189360.70568847656 414099.27729034424 212765.04852294922 451089.79469299316 123769.52333521843 209750.91711425781 109441.73765563965 105825.49812316895 170364.82836914062 213789.74551773071
leaf_count=2940 5529 24310 173 287 48 160 51 292 80 57 100 93 166 267
internal_value=-0.000131831 -0.000268984 4.31214e-06 -0.00148542 0.00169303 0.00233055 0.00358739 0.000391142 0.00230887 0.000987049 0.00223842 0.00350458 0.00720434 0.00026563
internal_weight=2.32432e+07 2.12475e+07 1.73496e+07 3.89791e+06 2.50243e+06 2.20026e+06 1.33507e+06 865189 1.14571e+06 932942 723191 599422 279807 319615
internal_count=34553 31613 25797 5816 1487 1314 862 452 814 763 706 626 266 360
cat_boundaries=0 1
cat_threshold=32
is_linear=0
shrinkage=0.05


Tree=76
num_leaves=15
num_cat=0
split_feature=24 15 9 7 9 15 1 24 16 15 19 7 18 25
split_gain=2152.78 1896.34 1694.93 3743.7 3466.3 4590.76 2651.37 2167.83 3494.57 3840.83 3054.13 2388.61 1959.44 2312.87
threshold=7.8914968238984153 19.400405232517958 0.14407582608325048 17.376805783880858 0.11263565210970426 18.409999512429653 17.423965936235351 1.2736174209524151 18.261687824277342 17.979750751109087 0.017275286540550706 13.501231848773335 0.64702786001430701 0.25000000000000011
decision_type=8 2 2 2 2 2 2 10 2 2 2 2 10 2
left_child=1 2 3 4 -1 -6 7 11 -9 10 -10 -4 13 -13
right_child=-2 -3 6 -5 5 -7 -8 8 9 -11 -12 12 -14 -15
leaf_value=-0.0015020283720936333 0.0023055835969436988 -0.0041017597396184142 0.00096063502224940321 0.00074723298130917369 -0.00043482041716097264 0.0023185323526596561 -0.0033092184274592438 -2.8712189497290959e-05 -0.0010400909347975204 0.0023979392787621041 0.0059369976075347901 -0.007010685914894863 -0.00015278118618768197 -0.00094260840500524467
leaf_weight=595241.67333984375 2453466.2387263775 780116.4741897583 2069140.0376057625 258047.18701171875 608296.71028900146 447216.31042480469 433540.208984375 10988619.416199923 364849.39636230469 301314.15649414062 180509.33322143555 1458779.0763549805 1343571.5778198242 1167074.4959716797
leaf_count=351 4256 668 7116 36 366 127 66 19050 250 62 110 809 774 607
internal_value=-6.00723e-05 -0.000223836 -0.000130492 0.00128735 0.000411867 0.00213245 -0.000278322 -0.00018461 0.000208715 0.00330393 0.000800745 -0.000955507 -0.00167348 -0.00246811
internal_weight=2.34498e+07 2.09963e+07 2.02162e+07 1.9088e+06 1.65075e+06 1.05551e+06 1.83074e+07 1.78739e+07 1.18353e+07 846673 545359 6.03857e+06 3.96943e+06 2.62585e+06
internal_count=34648 30392 29724 880 844 493 28844 28778 19472 422 360 9306 2190 1416
is_linear=0
shrinkage=0.05


Tree=77
num_leaves=15
num_cat=0
split_feature=24 11 27 16 25 25 9 15 15 11 24 6 7 9
split_gain=1552.76 2631.89 1476.7 3071.81 2028.65 4114.42 2071.82 3369.17 2952.55 2888.12 2603.52 2058.28 3574.29 1975.43
threshold=-1.8434447414988349 0.0064020624786324505 10.500000000000002 18.472836192843562 1.0000000180025095e-35 -0.93301270189221919 0.12238891660113292 19.272704281253588 19.11675235650759 -0.042533717487904292 7.8248135322397507 16.09600000920798 14.62282888752793 0.14407582608325048
decision_type=8 2 2 2 2 2 2 2 2 2 10 2 2 2
left_child=1 -1 3 4 5 13 7 8 9 -6 -8 12 -12 -2
right_child=2 -3 -4 -5 6 -7 10 -9 -10 -11 11 -13 -14 -15
leaf_value=0.0082541754686436819 0.0026180931967563019 -0.0001870162898693225 0.00086127453677254664 -0.0036015392542164261 0.0022449523119496329 -0.0033108851132691748 -9.4659123748065875e-05 -0.0027295637643421425 0.0032094596830001495 -0.0019167266343094954 0.0057650005969855627 -0.0026776263569935361 0.0064362723348542735 0.00086625037353480849
leaf_weight=69654.408557891846 133700.20394897461 102742.19047927856 3577291.1702749729 692131.34210205078 101350.99711608887 5514155.8923791647 10102175.202165604 207201.01782226562 185627.8896484375 110383.35331726074 526490.07029080391 177308.86865234375 180286.09484863281 1689813.3779814243
leaf_count=132 65 174 5274 248 120 8611 15490 50 39 90 1490 49 85 2766
internal_value=-9.75715e-05 0.00463014 -0.000132706 -0.000303044 -0.000183412 -0.000833982 0.000228436 0.00307809 0.00577343 0.0017379 7.16222e-05 0.00267349 0.00388186 0.00122489
internal_weight=2.33703e+07 172397 2.31979e+07 1.96206e+07 1.89285e+07 7.33767e+06 1.15908e+07 604563 397362 211734 1.09863e+07 884085 706776 1.82351e+06
internal_count=34683 306 34377 29103 28855 11442 17413 299 249 210 17114 1624 1575 2831
is_linear=0
shrinkage=0.05


Tree=78
num_leaves=15
num_cat=1
split_feature=4 23 2 9 11 14 9 4 0 10 28 4 7 0
split_gain=1793.02 2421.57 1473.43 2531.62 1766.31 3055.21 2093.26 1557.11 1720.81 1216 1065.61 1612.15 2100.5 1311.37
threshold=17.181523356598721 2.3158080270847505 16.996524025785622 0.17453154080605807 -0.066974212558948296 1.8098146262522998 0.14407582608325048 17.019152678527846 16.84045422280521 0.75490649013291133 0 15.811075110773315 15.637623508097588 15.082936492503885
decision_type=2 10 2 2 2 10 2 2 2 2 1 2 2 2
left_child=2 -2 3 4 5 6 -1 8 9 10 11 12 13 -5
right_child=1 -3 -4 7 -6 -7 -8 -9 -10 -11 -12 -13 -14 -15
leaf_value=0.0025964115616002375 -0.0024667578967673427 -9.3335253243355485e-05 0.00085029953487359474 0.0018581056178347283 -0.0019744670950755188 -0.0011769253101058062 -0.00094082133169985172 -0.0019141360857823381 0.0013478166354402524 0.017104920554901187 -0.00039461928382017583 -0.0050495497067313769 0.0040309415370733568 -0.0019781402289445718
leaf_weight=201992.34637451172 710355.92260742188 836621.4306640625 782946.54931640625 2646941.4380395412 1464261.7606887817 424682.30502319336 205597.08503723145 155036.93872070312 243635.53466796875 192494.74472391605 14986092.671561956 191196.76098632812 111311.62377929688 256908.28637695312
leaf_count=178 122 130 154 6185 913 313 147 34 56 1074 25002 70 42 131
internal_value=-0.000238752 -0.00188379 -0.000122354 -0.000201459 -0.00176852 7.07448e-05 0.00316302 -9.86682e-06 3.16637e-05 -2.36567e-05 -6.54849e-05 0.000761811 0.00104414 0.00078576
internal_weight=2.34101e+07 1.54698e+06 2.18631e+07 2.10802e+07 2.29653e+06 832272 407589 1.87836e+07 1.86286e+07 1.83849e+07 1.81925e+07 3.20636e+06 3.01516e+06 2.90385e+06
internal_count=34551 252 34299 34145 1551 638 325 32594 32560 32504 31430 6428 6358 6316
cat_boundaries=0 1
cat_threshold=198
is_linear=0
shrinkage=0.05


Tree=79
num_leaves=15
num_cat=2
split_feature=16 19 2 4 3 25 2 3 9 29 18 29 17 3
split_gain=1990.63 1869.47 2644.17 1834.9 2038.37 1748.14 1667.87 2924.82 1531.51 1452.45 1796.64 1405.21 1719.88 4393.03
threshold=18.650510177953056 -0.028865370756790996 17.165595607188539 17.019152678527846 17.006344156415725 -0.93301270189221919 17.165595607188539 17.171183635107628 0.13827813384070328 0 0.066127330497710871 1 0.038458530883509361 14.712079425912988
decision_type=2 2 2 2 2 2 2 2 2 1 10 1 2 2
left_child=1 6 3 4 5 8 7 9 -3 10 -1 12 13 -10
right_child=-2 2 -4 -5 -6 -7 -8 -9 11 -11 -12 -13 -14 -15
leaf_value=0.00065791353385800521 -0.0070181564075190335 0.0044729791952771106 0.00042031703712253423 -0.0014631329960781573 0.001976562823424728 -9.4482936134495992e-05 -0.0020984062341606706 0.0015610336524535145 0.0020625572095420482 0.00056080282742946457 -0.0035031644038766257 0.00085969400840010899 -0.00025861752076626393 0.0085803524255950985
leaf_weight=459690.63598763943 350446.17041015625 62175.195831298828 1079486.8095703125 684296.599609375 312827.42163085938 15335577.875917554 241610.74755859375 74143.34765625 116151.34641933441 1774686.3648136854 1475201.7984466553 1275584.080444932 77326.157531738281 54907.61962890625
leaf_count=1305 122 44 175 136 65 25385 40 14 344 3317 1341 2184 34 25
internal_value=-5.04649e-05 6.46246e-06 0.000213851 6.90706e-05 0.00016989 9.59563e-05 -0.000972349 -0.000715162 0.00167617 -0.000911694 -0.00185921 0.00136235 0.00480295 0.0076005
internal_weight=2.33741e+07 2.30237e+07 1.89983e+07 1.79188e+07 1.72345e+07 1.69217e+07 4.02533e+06 3.78372e+06 1.58614e+06 3.70958e+06 1.93489e+06 1.52397e+06 248385 171059
internal_count=34531 34409 28392 28217 28081 28016 6017 5977 2631 5963 2646 2587 403 369
cat_boundaries=0 1 2
cat_threshold=5 8
is_linear=0
shrinkage=0.05


Tree=80
num_leaves=15
num_cat=1
split_feature=8 28 18 0 14 16 8 8 21 22 0 8 23 1
split_gain=1883.34 1899.08 1909.96 2065.32 1735.78 2113.32 1586.77 3391.5 1489.3 1429.51 1211.58 1207.7 1202.32 1439.5
threshold=0.064852118826147817 0 0.059942419178211352 14.929620221025113 2.3575037049707972 18.407908271991452 0.096798193245150224 0.10396346776495162 7.4332380043719963 21.048113136224188 16.03763924788834 0.27096312069424594 1.6180047367891852 17.423965936235351
decision_type=2 1 10 2 10 2 2 2 10 2 2 2 10 2
left_child=10 12 3 8 5 6 -4 -8 -3 -10 -1 -6 -2 -14
right_child=1 2 4 -5 11 -7 7 -9 9 -11 -12 -13 13 -15
leaf_value=0.0016777433164800533 -0.0014111148721817639 0.037882193966642913 -0.0021096721252577924 0.0053134138537956482 -0.004658868490871616 0.0008547296980980333 0.0030553900294467773 8.945371452869546e-05 0.0017995459432113019 0.017524714517661463 -0.0032119178950915472 -0.00032541726814487782 -1.4340365664684662e-05 -0.0085233275889174068
leaf_weight=90628.277316689491 1669779.7189445496 64223.547635912895 444415.99253845215 56586.734191894531 378660.83885192871 582524.9482421875 154775.13531494141 13217550.235449553 1713843.0347709656 99712.463150024414 296557.74169921875 791280.08248806 3656552.4865994453 153674.58642578125
leaf_count=383 3551 530 166 34 193 101 61 13198 6300 146 53 1135 8600 25
internal_value=4.36166e-06 6.26187e-05 0.000316927 0.0017987 0.000132827 0.000283312 0.000158936 0.000256618 0.00151509 0.0012501 -0.00345381 -0.00171931 -0.00074966 -0.000259382
internal_weight=2.33708e+07 2.29836e+07 1.75036e+07 1.93437e+06 1.55692e+07 1.43993e+07 1.38167e+07 1.33723e+07 1.87778e+06 1.81356e+06 387186 1.16994e+06 5.48001e+06 3.81023e+06
internal_count=34476 34040 21864 7010 14854 13526 13425 13259 6976 6446 436 1328 12176 8625
cat_boundaries=0 1
cat_threshold=537
is_linear=0
shrinkage=0.05


Tree=81
num_leaves=15
num_cat=1
split_feature=17 9 9 9 15 24 11 20 11 0 0 1 4 29
split_gain=2141.68 1654.24 2445.05 1913.33 1579.45 1577.58 1851.21 1192.54 1118.14 3052.72 2188.97 1936.93 3288.63 2011.08
threshold=0.31408482136343246 0.27213890144042535 0.20355798802146721 0.13827813384070328 19.416922399778489 6.8375649050227407 0.11180057633168511 0.074648380525799515 0.078995346981836065 16.395876229078294 17.156634566241113 16.995067760631983 17.019152678527846 0
decision_type=2 2 2 2 2 8 2 10 2 2 2 2 2 1
left_child=4 2 3 -2 7 -6 -7 8 10 -10 11 12 13 -1
right_child=1 -3 -4 -5 5 6 -8 -9 9 -11 -12 -13 -14 -15
leaf_value=0.0021734611609347163 0.00034763812832412644 -0.0024665846981985172 0.0010895564385471851 -0.0031602533184593561 -0.0067770331878434344 0.0053145763166059451 -0.0070932697636036553 -0.0041232220008385291 7.3688760549264385e-05 -0.0018307338692189067 0.00086426284454621787 -0.0047449041854305289 0.00083146189060928979 -0.00014919984462950371
leaf_weight=3718956.9195462465 390739.95764160156 876000.03070068359 473774.58996582031 551221.91717529297 540971.39837646484 107335.67127227783 151675.2300567627 507517.16147851944 6817879.9770092964 938016.48803710938 574329.68505859375 253921.37255859375 127719.42626953125 7355722.7022947073
leaf_count=5732 101 389 147 151 430 139 158 683 12977 189 93 51 27 13314
internal_value=-0.000120002 -0.00157167 -0.000514982 -0.00198862 3.77131e-05 -0.00214144 0.00106744 0.000123614 0.000184999 -0.000283127 0.000486789 0.00033578 0.000433661 0.000341662
internal_weight=2.33858e+07 2.29174e+06 1.41574e+06 941962 2.1094e+07 799982 259011 2.02941e+07 1.97865e+07 7.7559e+06 1.20307e+07 1.14563e+07 1.12024e+07 1.10747e+07
internal_count=34581 788 399 252 33793 727 297 33066 32383 13166 19217 19124 19073 19046
cat_boundaries=0 1
cat_threshold=60
is_linear=0
shrinkage=0.05


Tree=82
num_leaves=15
num_cat=1
split_feature=17 20 17 16 15 5 28 8 20 3 10 0 2 14
split_gain=2660.21 1813 1855.05 1620.03 2470.51 1694.93 1566.03 4549.66 2599.7 2569.97 1437.08 2093.14 2411.82 2050.48
threshold=0.31408482136343246 -0.024876270524701944 0.0052184909146936508 18.472836192843562 18.051916129165203 14.620793532289065 0 0.14137066746495244 -0.05345532385139929 15.262163244648258 0.042949091005053355 17.156634566241113 16.684754232979486 2.2103059293770739
decision_type=2 8 2 2 2 2 1 2 10 2 2 2 2 10
left_child=1 6 -3 4 5 -2 7 -1 -9 -10 -4 12 13 -12
right_child=3 2 10 -5 -6 -7 -8 8 9 -11 11 -13 -14 -15
leaf_value=0.012290823544459623 0.0022239701577496619 0.0018660336444497273 -0.0011935415835842699 -0.0040905959145034728 0.00041080408898567616 -0.0011106691063688294 2.80130233047166e-05 -0.0013478036100559268 0.003632001684073208 0.0019960034415503316 0.0010629412322367604 0.0007364336166708731 -0.0046429969187898852 -0.0021139510213748795
leaf_weight=91734.380464553833 254776.57409667969 5154143.4543880224 8349718.3494110107 363606.11828613281 259848.38232421875 1419674.1182861328 1213561.003284812 273424.62867879868 397481.03236961365 163303.89074707031 3524309.3257522583 466209.0048828125 324984.04028320312 1045409.9479980469
leaf_count=42 266 17341 7914 69 49 412 1867 450 778 59 3422 75 78 1686
internal_value=-0.000203687 -2.69845e-05 -0.000183424 -0.00181886 -0.00124326 -0.00194718 0.0013524 0.00290102 0.00173882 0.00368783 -0.000487422 0.000151427 -0.000153487 0.000142495
internal_weight=2.33022e+07 2.10043e+07 1.88648e+07 2.29791e+06 1.9343e+06 1.67445e+06 2.1395e+06 925944 834210 560785 1.37106e+07 5.36091e+06 4.8947e+06 4.56972e+06
internal_count=34508 33712 30516 796 727 678 3196 1329 1287 837 13175 5261 5186 5108
cat_boundaries=0 1
cat_threshold=608
is_linear=0
shrinkage=0.05


Tree=83
num_leaves=15
num_cat=1
split_feature=16 0 15 25 17 25 16 18 28 17 23 26 16 16
split_gain=1919.7 2653.35 1334.43 1227.5 2633.28 2085.72 2592.66 2627.53 2032.31 2468.19 1999.13 1854.81 2996.77 3750.94
threshold=18.650510177953056 17.156634566241113 19.406561740727586 -0.93301270189221919 0.22619975375775667 -0.24999999999999997 16.914387590806829 0.066127330497710871 0 0.13000427664369207 -1.8111477621546197 0.25000000000000017 16.4547010273733 17.099172047158188
decision_type=2 2 2 2 2 2 2 10 1 2 10 2 2 2
left_child=1 2 3 4 -1 6 -5 -8 10 -10 -7 12 -12 -14
right_child=-2 -3 -4 5 -6 8 7 -9 9 -11 11 -13 13 -15
leaf_value=0.00070523159709650913 -0.0067641596629011164 0.00026938746999982465 -0.0040581579193077035 -0.00074861980221563481 0.0046597957116046793 -0.0029721168253373075 0.00013717798177295451 -0.0066645333694771748 0.00023852663590475618 -0.0023315432310491622 0.0014072348413672114 6.3723088216827031e-05 0.0072551586809111793 0.0014309985296740776
leaf_weight=1442480.3758802414 339287.58703613281 1263756.4067382812 877760.94237518311 5164568.2925810814 213169.45208740234 290080.95380592346 424329.94852256775 1038220.8425292969 7452147.6667559147 1139130.8174743652 1136495.1023995876 1558228.9502527714 342287.21431350708 694310.26942443848
leaf_count=2640 120 205 868 9891 89 514 613 330 13067 617 2662 2361 263 287
internal_value=-2.8484e-05 2.65043e-05 -0.000102774 -2.25472e-05 0.00128384 -0.000134966 -0.000853155 -0.00271157 0.000242394 -0.000191837 0.00117008 0.00148092 0.0024249 0.00436908
internal_weight=2.33763e+07 2.3037e+07 2.17732e+07 2.08954e+07 1.65565e+06 1.92398e+07 6.62712e+06 1.46255e+06 1.26127e+07 8.59128e+06 4.0214e+06 3.73132e+06 2.17309e+06 1.0366e+06
internal_count=34527 34407 34202 33334 2729 30605 10834 943 19771 13684 6087 5573 3212 550
cat_boundaries=0 1
cat_threshold=676
is_linear=0
shrinkage=0.05


Tree=84
num_leaves=15
num_cat=0
split_feature=19 2 19 24 0 25 19 2 10 25 17 14 7 14
split_gain=1760.91 2446.48 1768.25 2512.94 1159.28 3117.81 4589 2376.33 1943.61 1576.03 1720.81 1333.91 1569.83 1475.15
threshold=-0.029986948250196144 13.891709294720899 -0.029759344070959644 2.4883974610312305 16.84045422280521 -0.6830127018922193 0.016262469629360007 16.533265774342059 0.023710827087195501 -0.93301270189221919 0.22619975375775667 2.3575037049707972 10.763062922380472 2.2791852349621702
decision_type=2 2 2 8 2 2 2 2 2 2 2 10 2 10
left_child=1 -1 3 -2 7 -6 8 9 -7 10 -4 12 -11 -14
right_child=2 -3 4 -5 5 6 -8 -9 -10 11 -12 -13 13 -15
leaf_value=0.0012692117408544821 0.011106354591574701 -0.002222987465693254 0.0018264699735600406 -0.0017973898498736766 -0.001890430455782206 0.00010306402266328972 -0.00082615962839950412 -0.0017749735212360782 0.0022229287193400536 0.012967727912824864 0.0064672005342222812 -0.0018199270773283688 -0.00022918312718099175 0.002316003094677865
leaf_weight=1495304.0117137432 102229.21260881424 2115615.0984191895 1369369.8371827602 82611.640960216522 611001.732421875 584818.64892578125 556727.259765625 925154.04443359375 538689.88842773438 516865.13800036907 115896.31597900391 2145541.7956521511 11529911.062149048 752321.16580200195
leaf_count=4362 145 991 2493 134 111 103 100 221 100 4391 61 7055 13723 599
internal_value=-7.07496e-05 -0.00108631 0.000114167 0.0049817 6.83712e-05 0.00112544 0.00223767 -7.11843e-05 0.00407708 6.76511e-05 0.00162102 -8.67301e-05 0.000106676 -6.91864e-06
internal_weight=2.34421e+07 3.61092e+06 1.98311e+07 184841 1.96463e+07 2.29124e+06 1.68024e+06 1.73551e+07 1.12351e+06 1.64299e+07 1.48527e+06 1.49446e+07 1.27991e+07 1.22822e+07
internal_count=34589 5353 29236 279 28957 414 303 28543 203 28322 2554 25768 18713 14322
is_linear=0
shrinkage=0.05


Tree=85
num_leaves=15
num_cat=1
split_feature=24 14 24 6 27 16 0 24 15 1 28 16 9 4
split_gain=1621.32 3379.67 2160.36 2064.32 2011.29 3072.81 3879.99 2529.5 2577.17 1982.63 1975.29 2559.42 2568.31 1943.59
threshold=1.2736174209524151 1.7253518187772425 1.2771739641164903 17.129815940530211 5.5000000000000009 16.289781015192947 15.668470468809554 0.97386040980592359 17.885145013315057 16.036713423938284 0 18.179163792832941 0.3426578080604461 14.648082066951638
decision_type=8 10 8 2 2 2 2 10 2 2 1 2 2 2
left_child=1 3 -2 -1 7 6 -6 8 -3 -10 11 13 -13 -4
right_child=2 4 10 -5 5 -7 -8 -9 9 -11 -12 12 -14 -15
leaf_value=-5.9570915412325037e-05 0.0041797634725186704 -0.0014912708840584096 0.0037283295464184464 0.00085428113510855718 -0.0026594849496217507 -0.0063358600370416983 0.0059362812512231307 -0.0058519423123957713 0.00073824570686004652 0.0013886348269395749 -0.0001143994352332913 0.0034737488373619376 0.0022137883063993087 -0.0011028063563619528
leaf_weight=3626602.0341300964 187029.41891479492 520396.00523853302 2381049.7366073132 451592.62646484375 537311.37013292313 1284432.8821334839 28525.89208984375 375223.29814338684 264151.35143184662 206888.91235351562 11755959.026341915 274397.54284667969 275362.17071533203 1337971.727722168
leaf_count=4833 165 1075 6752 76 2155 664 11 423 490 43 17095 121 121 612
internal_value=-3.26684e-05 -0.00065169 0.000245885 0.000304134 -0.00186341 -0.0029379 0.000132048 -0.000408712 0.000914623 0.00359408 0.000183529 0.00110476 0.00428908 0.00063404
internal_weight=2.35069e+07 7.29512e+06 1.62118e+07 4.07819e+06 3.21693e+06 1.85027e+06 565837 1.36666e+06 991436 471040 1.60247e+07 4.26878e+06 549760 3.71902e+06
internal_count=34636 9770 24866 4909 4861 2830 2166 2031 1608 533 24701 7606 242 7364
cat_boundaries=0 1
cat_threshold=102
is_linear=0
shrinkage=0.05


Tree=86
num_leaves=15
num_cat=0
split_feature=27 16 25 22 26 10 11 24 11 5 5 16 16 17
split_gain=1657.01 3410.37 2729.1 3364.24 4189.37 5463.62 8934.6 4374.37 2686.07 2300.21 1913.35 1887.19 1869.19 1944.39
threshold=10.500000000000002 18.472836192843562 0.25000000000000011 18.651885674616626 1.0000000180025095e-35 -0.056449282874538591 0.078995346981836065 0.97386040980592359 0.050548495316121413 16.623495956216509 16.315474838755737 18.472836192843562 16.10919805215795 0.22619975375775667
decision_type=2 2 2 2 2 2 2 10 2 2 2 2 2 2
left_child=1 2 9 -4 5 8 7 -7 -5 10 12 -2 13 -1
right_child=11 -3 3 4 -6 6 -8 -9 -10 -11 -12 -13 -14 -15
leaf_value=-0.00060328695702405134 0.0006018321790977122 -0.0038283456791143667 -7.8660597880250512e-05 -0.00014918025210976314 5.1167961454164255e-05 0.0030339588881098628 3.8378470133790788e-05 0.003913799911378738 0.001093470778687738 -0.0027879343036846284 0.002350233934520678 0.00074170892365625456 -0.0026481371152645649 0.004927878331988704
leaf_weight=5431858.4884103537 3264123.0201072693 668260.55523681641 7305941.1045137644 359016.43227386475 1403766.0060166121 125783.5252532959 209760.15485095978 159681.02490544319 139703.29117012024 1063622.0681152344 406333.22607421875 309576.04083251953 2269602.3812236786 216282.43890380859
leaf_count=11813 5196 252 12439 264 1256 44 207 196 127 211 111 112 2134 131
internal_value=-8.36632e-05 -0.000262853 -0.000139958 0.000448037 0.00207316 0.00455693 0.00827705 0.014034 0.00086289 -0.000747743 -0.000467974 0.000907111 -0.000639701 -0.000152714
internal_weight=2.33333e+07 1.97596e+07 1.90914e+07 9.70365e+06 2.39771e+06 993944 495225 285465 498720 9.3877e+06 8.32408e+06 3.5737e+06 7.91774e+06 5.64814e+06
internal_count=34493 29185 28933 14533 2094 838 447 240 391 14400 14189 5308 14078 11944
is_linear=0
shrinkage=0.05


Tree=87
num_leaves=15
num_cat=1
split_feature=19 28 7 22 17 4 4 26 11 3 17 7 4 25
split_gain=2293.82 2152.22 2078.45 1796.36 3016.63 3393.79 2458.32 1807.93 1399.72 2321.66 2214.95 2466.81 3403.8 1840.85
threshold=-0.028865370756790996 0 13.978460232926528 19.600808566351393 0.22619975375775667 15.811075110773315 15.052223841656147 -0.68301270189221952 0.11548245711180712 16.273039820797113 0.35588037541285428 17.376805783880858 17.181523356598721 -0.93301270189221919
decision_type=2 1 2 2 2 2 2 2 2 2 2 2 2 2
left_child=2 -2 -1 8 5 6 7 -5 10 -10 11 12 13 -3
right_child=1 3 -4 4 -6 -7 -8 -9 9 -11 -12 -13 -14 -15
leaf_value=0.00063100805316807049 -0.00054209341343509476 0.0040253005301215498 -0.0016194797591803469 0.0083537611454484548 -0.000343984243717645 0.0033624990101290653 -0.0074784352659085637 0.0039310086922040056 -7.7257067361496869e-05 -0.0023914581672401475 0.0034121730376642924 0.0035425317297554208 -0.0027553915110411463 0.00046912142568442664
leaf_weight=1708198.9882452488 4617086.5498301983 779695.29669594765 2445592.3953857422 105369.76552581787 648629.20123291016 299008.158203125 139543.39965820312 281148.6124458313 3949563.4538232088 448674.36499023438 220022.71179199219 86571.703125 273473.98681640625 7380053.4115108252
leaf_count=5010 10250 1053 1099 119 154 61 67 330 6424 106 178 14 50 9790
internal_value=-6.82996e-06 0.00022334 -0.00107234 0.000520691 0.00217599 0.00418175 0.00176412 0.00381784 0.000335016 -0.00039249 0.000701127 0.000573212 0.000487011 0.000670908
internal_weight=2.33826e+07 1.92288e+07 4.15379e+06 1.46118e+07 1.4737e+06 825070 526062 386518 1.31381e+07 4.39824e+06 8.73982e+06 8.51979e+06 8.43322e+06 8.15975e+06
internal_count=34705 28596 6109 18346 731 577 516 449 17615 6530 11085 10907 10893 10843
cat_boundaries=0 1
cat_threshold=537
is_linear=0
shrinkage=0.05


Tree=88
num_leaves=15
num_cat=2
split_feature=17 8 7 28 8 25 18 9 11 7 1 29 18 9
split_gain=1689.68 1772.5 3658.19 2316.22 3170.46 1741.54 1638.58 1452.65 1149.11 2121.78 3317.36 2394.37 1762.43 1639.36
threshold=0.31408482136343246 0.10396346776495162 17.376805783880858 0 0.096798193245150224 0.68301270189221941 0.24468250763569246 0.11263565210970426 0.11548245711180712 16.39377301661273 16.995067760631983 1 0.058585984288874508 0.16989039898214703
decision_type=2 2 2 1 2 2 10 2 2 2 2 1 10 2
left_child=1 2 3 -1 -5 -2 -7 -3 9 11 -11 -9 -10 -14
right_child=5 7 -4 4 -6 6 -8 8 12 10 -12 -13 13 -15
leaf_value=0.0045078587460177406 -0.0013503327145948857 -0.0040108539967004791 0.00074951117012518012 -0.0022026504286529066 0.0028219273799340813 0.0021840607006435205 -3.4600829100978432e-05 0.0025559043398438214 0.0025645986260989292 0.0018470385590696765 -0.00016975820280623505 -0.00050777279043629322 -0.0030782770089262911 -0.0010335896405094954
leaf_weight=127229.35218369961 1792529.6262817383 212091.59483337402 210459.220703125 656788.21480584145 148731.95018005371 297495.27923583984 315215.25317382812 2872161.2243059874 1355094.6504255533 528022.60180664062 577828.88037109375 8701663.242895484 237593.31504821777 5264645.3722343445
leaf_count=97 607 74 30 668 103 125 87 5206 5414 125 100 14974 99 6713
internal_value=-9.65214e-05 4.7957e-05 0.00196213 0.000618615 -0.000371643 -0.00135148 0.000949762 -6.28479e-05 -1.81683e-05 0.000263829 0.00235628 6.39e-05 -0.0005396 -0.000937399
internal_weight=2.32975e+07 2.08923e+07 1.14321e+06 932750 805520 2.40524e+06 612711 1.97491e+07 1.9537e+07 1.26797e+07 1.10585e+06 1.15738e+07 6.85733e+06 5.50224e+06
internal_count=34422 33603 898 868 771 819 212 32705 32631 20405 225 20180 12226 6812
cat_boundaries=0 1 2
cat_threshold=576 44
is_linear=0
shrinkage=0.05


Tree=89
num_leaves=15
num_cat=1
split_feature=27 25 28 4 16 6 16 25 24 1 17 3 3 11
split_gain=1856.11 2747.02 2752.17 2587.41 1928.85 3903.87 3081.27 1837.36 2565.77 2797.43 4042.33 2317.43 1820.68 1720.13
threshold=10.500000000000002 0.25000000000000011 0 13.556988202188204 18.472836192843562 17.356241645943843 18.407908271991452 -0.93301270189221919 0.25066650891964654 15.319488255298628 0.22619975375775667 14.712079425912988 17.006344156415725 0.16493427755937248
decision_type=2 2 1 2 2 2 2 2 8 2 2 2 2 2
left_child=1 2 3 -1 5 6 -3 8 11 10 -10 -4 -2 -5
right_child=12 4 7 13 -6 -7 -8 -9 9 -11 -12 -13 -14 -15
leaf_value=-0.00036141995945024688 0.001387729639336267 0.0001825620305360426 0.0013755367124278972 -0.0052406667388181921 -0.0030483800321535817 0.00036613768938998205 0.0017923957135837149 -0.0011943863119804627 0.002456277636580865 -0.0013768118552943884 0.011962434645783828 0.0050530346326916747 0.00057583716818178127 8.2445916664876709e-05
leaf_weight=1068811.622718215 3235874.3214650154 9303189.9719338417 77209.827198028564 1835762.0058898926 175070.02749633789 236842.9921875 126083.25103759766 5269699.6157882214 790591.44604718685 349529.92761230469 50900.840148925781 68666.332885742188 351613.17041015625 349963.78167724609
leaf_count=3791 5260 14425 187 850 66 33 55 7751 1635 101 40 25 61 185
internal_value=-9.6341e-05 -0.00028681 -0.000876608 -0.00206672 0.000304183 0.000398388 0.000239137 -0.000290333 0.00136514 0.00059855 0.00216028 0.00762403 0.000949709 -0.00305257
internal_weight=2.32898e+07 1.97023e+07 9.86114e+06 3.25454e+06 9.84119e+06 9.66612e+06 9.42927e+06 6.6066e+06 1.3369e+06 1.19102e+06 841492 145876 3.58749e+06 2.18573e+06
internal_count=34465 29144 14565 4826 14579 14513 14480 9739 1988 1776 1675 212 5321 1035
cat_boundaries=0 1
cat_threshold=568
is_linear=0
shrinkage=0.05


Tree=90
num_leaves=15
num_cat=0
split_feature=16 15 9 9 15 22 22 10 17 17 25 17 7 4
split_gain=2183 1691.88 1874.63 1915.42 1792.43 1834.53 4920.13 3674.56 2902.04 2045.65 2088.39 3297.99 1584.26 2218.93
threshold=18.472836192843562 19.358924260592001 0.15898284897048959 0.19850244440611808 19.355727249030448 19.577528614108676 19.617331230798943 -0.17872074920533701 0.17523538740422129 0.0053358939649768506 -0.93301270189221919 0.17523538740422129 15.773853429635489 15.052223841656147
decision_type=2 2 2 2 2 2 2 2 2 2 2 2 2 2
left_child=1 4 -3 -4 5 9 7 -7 12 -1 11 -11 13 -8
right_child=-2 2 3 -5 -6 6 8 -9 -10 10 -12 -13 -14 -15
leaf_value=0.0023400180317151619 -0.0023156782292168931 -0.0029344498374625689 0.0018698236852791664 -0.003085137724484936 0.0071884811108286891 5.5967682248525037e-05 0.0035582787980096794 0.0033165081027550017 -0.001461895086717257 0.00097652110994162595 -0.00060978118440434942 0.0045339442978853031 0.0036493656937021503 -0.0065001902300142952
leaf_weight=4694563.5903767347 1022138.5702209473 309531.74633789062 125598.4951171875 1608105.2378234863 151151.87155914307 278027.19311523438 614702.18465423584 358771.29730224609 893153.28625488281 850778.66134643555 12001778.459785461 193376.83038330078 81387.405517578125 114364.24621582031
leaf_count=17231 376 81 52 1801 161 75 958 158 313 999 12173 87 26 57
internal_value=-0.000148176 -4.44979e-05 -0.00141571 -0.000775774 9.39805e-05 5.31498e-05 0.00136892 0.00511862 -3.2701e-05 -0.000120432 -0.000442512 0.00170225 0.00213369 0.00139508
internal_weight=2.32974e+07 2.22753e+07 2.04324e+06 1.7337e+06 2.02321e+07 2.00809e+07 2.34041e+06 636798 1.70361e+06 1.77405e+07 1.30459e+07 1.04416e+06 810454 729066
internal_count=34548 34172 1934 1853 32238 32077 1587 233 1354 30490 13259 1086 1041 1015
is_linear=0
shrinkage=0.05


Tree=91
num_leaves=15
num_cat=1
split_feature=15 27 25 9 25 22 4 24 0 17 17 18 21 28
split_gain=1979.34 2169.52 2393.48 4683.5 4511.9 2603.45 2104.59 1994.06 1907.1 1813.52 2465.13 2118.6 1776.57 3532.78
threshold=19.406561740727586 10.500000000000002 -0.93301270189221919 0.14407582608325048 1.0000000180025095e-35 17.453627775619143 15.671112823407698 7.8248135322397507 16.395876229078294 0.049853867182557653 0.13000427664369207 0.27769490368242228 9.2186961132544649 0
decision_type=2 2 2 2 2 2 2 10 2 2 2 10 10 1
left_child=1 2 3 -1 5 8 -7 -6 -4 -3 11 -11 -9 -14
right_child=-2 9 4 -5 7 6 -8 12 -10 10 -12 -13 13 -15
leaf_value=0.0018655108841369725 -0.0033605270596095138 0.00083539333372706056 -0.0014714850336253688 0.0006295037844810203 -2.6531816672169761e-05 -0.0034346420803070808 -0.0048672960210411984 0.0020402967421726203 0.0019284407979953408 0.0024705873233318407 0.00027406227555340311 0.0045369458892885158 0.0086780279026594711 -0.0025666683872059854
leaf_weight=146261.8058013916 944945.49926757812 2067970.0135066509 2408852.4969279766 1630045.0920155048 10928468.586390138 1754322.811933279 1160873.7287597656 618019.7954351902 128112.93627929688 167828.98495483398 847052.24185180664 222829.43844604492 212619.82796001434 85271.003921508789
leaf_count=68 868 4486 4888 2689 15763 3109 273 1112 32 183 338 66 304 220
internal_value=-0.00010959 -1.49401e-05 -0.000219895 0.00152793 -0.000399392 -0.00158965 -0.00260891 0.000148504 -0.000418436 0.00116759 0.00268138 0.00596715 0.00238947 0.00556129
internal_weight=2.33235e+07 2.23785e+07 1.90728e+07 1.77631e+06 1.72965e+07 5.45216e+06 2.9152e+06 1.18444e+07 2.53697e+06 3.30568e+06 1.23771e+06 390658 915911 297891
internal_count=34399 33531 28458 2757 25701 8302 3382 17399 4920 5073 587 249 1636 524
cat_boundaries=0 1
cat_threshold=352
is_linear=0
shrinkage=0.05


Tree=92
num_leaves=15
num_cat=0
split_feature=24 14 2 24 17 22 19 20 8 0 8 4 9 11
split_gain=1724.13 3326 2042.39 1917.98 3929.89 3462.58 2688.61 2071.86 5336.31 1998.49 2544.52 2009.12 1609.43 1859.16
threshold=1.2736174209524151 1.7253518187772425 16.272388657055533 1.8519302615259103 0.35588037541285428 19.612712971140649 1.0000000180025095e-35 0.043537573837943204 0.27096312069424594 16.684382928863482 0.11522875168704111 16.554399131064109 0.14407582608325048 -0.049601257345627391
decision_type=10 10 2 10 2 2 2 10 2 2 2 2 2 2
left_child=1 12 -3 4 5 7 -7 9 -9 10 -2 -12 -1 -14
right_child=3 2 -4 -5 -6 6 -8 8 -10 -11 11 -13 13 -15
leaf_value=0.0017320100086559037 0.011355313007621945 -0.0019282441960903882 -0.0028061512227885665 4.2166608277736011e-05 0.0016170849691579396 0.0013061026578069096 0.0064307904743688415 0.0081497283901166388 -0.0035448221746611514 -0.0042434177615499327 -0.00063097437913416403 0.00045834054402092396 0.0015596581696806801 -0.0017165560312229996
leaf_weight=590715.47689819336 63038.498107910156 2082935.9475493431 1051277.8129882812 12548034.570621729 262282.80059814453 203728.85094451904 154867.07438659668 75047.416809082031 122726.28747940063 209539.35473632812 1635563.7058823109 57874.25439453125 1667804.7422180176 2451263.7518758774
leaf_count=161 53 4605 225 19961 72 168 75 58 197 40 2909 14 2676 3223
internal_value=-2.95096e-05 -0.000632444 -0.00189456 0.000278943 0.00146603 0.000860339 0.00541095 0.000106186 0.0049843 -0.000384534 0.000166069 -0.000201103 0.000207454 -0.000142568
internal_weight=2.31767e+07 7.844e+06 3.13421e+06 1.53327e+07 2.78467e+06 2.52239e+06 358596 2.16379e+06 197774 1.96602e+06 1.75648e+06 1.69344e+06 4.70978e+06 4.11907e+06
internal_count=34437 10890 4830 23547 3586 3514 243 3271 255 3016 2976 2923 6060 5899
is_linear=0
shrinkage=0.05


Tree=93
num_leaves=15
num_cat=1
split_feature=15 19 25 9 20 9 25 4 3 11 11 25 18 28
split_gain=1666.24 1806.45 1500.32 4813.63 2331.39 4963.49 1560.49 1961.18 1949.7 1731.73 1820.8 1722.38 1823.13 2756.25
threshold=19.400405232517958 -0.047788368191836093 -0.93301270189221919 0.14407582608325048 -0.01363960273594435 0.36786407658468873 -0.6830127018922193 15.811075110773315 15.929939596008317 -0.066974212558948296 -0.074499969512946643 -0.5 0.27269474564116902 0
decision_type=2 2 2 2 8 2 2 2 2 2 2 2 8 1
left_child=1 -1 3 -3 5 -5 7 8 -4 10 -8 -11 13 -13
right_child=-2 2 6 4 -6 -7 9 -9 -10 11 -12 12 -14 -15
leaf_value=-0.0029474192990872018 -0.0025784470719139494 0.0020094705357531499 -0.0010235281848018237 0.0069293584011692489 0.00011709854804437392 -0.0060074490644513139 0.000731152719840734 -0.0042340184858246296 0.0049586132801379889 0.0017728058195181065 0.0066110955539560468 -0.0034912490418770635 -0.00097076583223154015 0.001484924090501087
leaf_weight=995788.12727689743 1020753.8302612305 128954.82373046875 2483657.1805619001 70265.287355422974 1273113.6871373653 91052.341369628906 6172418.3941966295 835071.99609375 72350.900634765625 993150.31766271591 193077.70930767059 1034957.045819521 5411971.6259155273 2555593.3823633194
leaf_count=1621 966 65 4955 63 2104 213 10063 207 27 1408 188 3204 4891 4466
internal_value=-8.42512e-05 6.12582e-06 0.000103368 0.00159441 0.000762541 0.00642533 -1.46476e-05 -0.000990828 -0.000303537 0.000187679 0.000832282 -0.00022282 -0.000440819 0.000432745
internal_weight=2.33322e+07 2.23114e+07 2.13156e+07 1.56339e+06 1.43443e+06 161318 1.97522e+07 3.39108e+06 2.55601e+06 1.63612e+07 6.3655e+06 9.99567e+06 9.00252e+06 3.59055e+06
internal_count=34441 33475 31854 2445 2380 276 29409 5189 4982 24220 10251 13969 12561 7670
cat_boundaries=0 1
cat_threshold=153
is_linear=0
shrinkage=0.05


Tree=94
num_leaves=15
num_cat=0
split_feature=19 0 5 19 19 0 17 1 20 5 20 5 19 19
split_gain=1781.79 1968.09 1973.85 1670.15 2992.55 6771.68 3072.97 3402.28 2167.95 1889.46 1760.89 1661.55 1570.65 2259.96
threshold=-0.025823528620961395 16.532359858528654 16.440364546327579 -0.0083378322809124477 -0.010786498609322749 16.84045422280521 0.31408482136343246 16.532859834196291 -0.0072048872719389489 14.734903986928076 0.030705938114335352 15.549813916882114 -0.0059187558919284993 -0.0053716608009118493
decision_type=2 2 2 2 2 2 2 2 8 2 8 2 2 2
left_child=1 2 -1 4 6 8 7 9 -6 -2 11 -11 -5 -14
right_child=3 -3 -4 12 5 -7 -8 -9 -10 10 -12 -13 13 -15
leaf_value=-0.001102853463208173 0.0021737031221549701 -0.001419752066484258 0.0016434951091612476 -0.0030300895291699935 0.0031745189377503286 0.0025073471197568139 -0.0029796350898079536 0.0010656241244692138 0.001062423735871133 -0.0025129112086074187 -0.0041901219495426535 0.00071903223317271311 0.0016692698743723177 -9.6525859608799413e-05
leaf_weight=3897682.6318986416 2708241.2842262983 754726.10668945312 64357.50537109375 898739.67871999741 76215.167424201965 102147.65283203125 485564.73889160156 495665.50073242188 549457.77168655396 413565.69738769531 497160.86511230469 294748.46728515625 189168.80337095261 11929243.546744823
leaf_count=6744 6365 148 16 1308 90 19 169 97 956 221 211 100 271 17736
internal_value=-0.000103913 -0.000972059 -0.000526295 0.000115768 0.000835895 0.00382731 0.000391106 0.000806835 0.00187861 0.000312563 -0.00133411 0.00026689 -0.000195291 -4.57209e-05
internal_weight=2.33567e+07 4.71677e+06 3.96204e+06 1.86399e+07 5.62277e+06 727821 4.89495e+06 4.40938e+06 625673 3.91372e+06 1.20548e+06 708314 1.30172e+07 1.21184e+07
internal_count=34451 6908 6760 27543 8228 1065 7163 6994 1046 6897 532 321 19315 18007
is_linear=0
shrinkage=0.05


Tree=95
num_leaves=15
num_cat=2
split_feature=10 16 10 3 29 17 18 0 14 28 22 23 2 27
split_gain=2400.87 2003.56 1963.81 8121.99 2608.98 1972.7 1594.99 2139.47 1782.31 2414.21 1818.58 2331.36 1781.5 1609.23
threshold=0.046142006192233007 18.472836192843562 0.066837316019536366 17.006344156415725 0 0.39211591187223777 0.06802674838824567 14.874167293398422 2.3659437737977824 1 17.219696843575843 2.6039781056343654 16.035613885257231 7.5000000000000009
decision_type=2 2 2 2 1 2 10 2 10 1 2 10 2 2
left_child=1 -1 3 4 -2 6 7 -4 9 10 -8 -12 13 -13
right_child=2 -3 5 -5 -6 -7 8 -9 -10 -11 11 12 -14 -15
leaf_value=-0.00028741339086356014 0.0043390894338769335 -0.0026478673685380255 0.0030450973677445918 0.0030453040682733769 -0.0013650051361955851 -0.0023088931563433036 -0.0014368705679274349 0.0072165423947703616 -0.0028402218195062003 -0.00011036461403904683 0.0033468558365513839 0.0019955968494790644 -0.0010730094809559174 0.014960268819830452
leaf_weight=13807952.674894571 101280.49040985107 418923.45419311523 1477013.3849817514 150296.81005859375 576602.42450714111 413565.82598876953 161389.3653011322 100063.76971435547 606877.27562713623 4842597.6072964668 203471.81248855591 143339.55034828186 171720.15942382812 111146.107421875
leaf_count=20082 136 184 6170 25 762 174 187 58 1066 5203 136 140 43 109
internal_value=-0.000123153 -0.000528287 0.000513071 0.00283388 0.000502377 0.000279563 0.000457598 0.00187828 9.85711e-05 0.000375907 0.0029368 0.00415053 0.00204841 0.00470382
internal_weight=2.32862e+07 1.42269e+07 9.05936e+06 828180 677883 8.23118e+06 7.81762e+06 1.57708e+06 6.24054e+06 5.63366e+06 791067 629678 426206 254486
internal_count=34475 20266 14209 923 898 13286 13112 6228 6884 5818 615 428 292 249
cat_boundaries=0 1 2
cat_threshold=8 50
is_linear=0
shrinkage=0.05


Tree=96
num_leaves=15
num_cat=1
split_feature=4 11 29 21 17 8 17 19 25 16 16 16 19 14
split_gain=1311.94 1269.92 3022.19 2511.34 2528.85 3167.49 2534.58 1873.99 1750.79 2315.63 1703.68 1997.24 1685.73 2244.87
threshold=9.8118570016362465 0.11548245711180712 0 10.949198539433239 0.35588037541285428 0.10994347008993212 0.071344068163355465 0.053255371535972207 -0.93301270189221919 18.261687824277342 16.99325722950546 16.267592425760743 0.015675456447670554 2.3390992561901038
decision_type=2 2 1 8 2 2 2 2 2 2 2 2 2 8
left_child=-1 2 3 4 5 -2 -7 8 9 10 11 -4 -5 -14
right_child=1 -3 7 12 -6 6 -8 -9 -10 -11 -12 -13 13 -15
leaf_value=0.0056285940897878479 0.0037627322811322065 -0.00091930432793515301 0.0015910007777023363 -0.00042527350648406952 0.0010440677913976357 0.0021830731494839957 -0.0051989404633351211 -0.0030597455964124507 -0.00044462628965854568 0.0019015912216700692 -0.0025866665370692567 0.0069632596418524074 0.0026711546973800723 -0.003407238608982335
leaf_weight=1238718.8247476816 137458.41202545166 7114067.9410018921 402034.680809021 887732.07485198975 273097.8505859375 3173091.7343139648 214016.90673828125 836247.3547668457 8443024.7306632996 101029.09051513672 120462.56479644775 65994.731323242188 236781.92613220215 204031.02053833008
leaf_count=10379 76 8391 658 460 45 3323 95 943 9760 36 69 65 136 74
internal_value=-0.000122379 -0.000210707 4.88511e-05 0.00103544 0.00169001 0.00133086 0.0010289 -0.000458479 -0.000251034 0.00217148 0.000970921 0.00233577 -0.000835649 0.00169184
internal_weight=2.34478e+07 2.22091e+07 1.5095e+07 5.12621e+06 3.79766e+06 3.52457e+06 3.38711e+06 9.96879e+06 9.13255e+06 689521 588492 468029 1.32855e+06 440813
internal_count=34510 24131 15740 4209 3539 3494 3418 11531 10588 828 792 723 670 210
cat_boundaries=0 1
cat_threshold=28
is_linear=0
shrinkage=0.05


Tree=97
num_leaves=15
num_cat=1
split_feature=26 27 18 3 4 2 0 26 2 9 22 22 22 29
split_gain=1181.92 2425.8 2620.12 3746.89 2292.22 1862.23 1680.9 1720.64 3264.18 1701.95 1665.86 1568.33 2630.46 1371.89
threshold=-0.5 6.5000000000000009 0.68030029102845868 16.041732990297305 13.5265570353332 17.165595607188539 17.419860989426706 1.0000000180025095e-35 16.996524025785622 0.11263565210970426 21.040452452046065 19.623793835603895 21.05931847536657 0
decision_type=2 2 8 2 2 2 2 2 2 2 2 2 2 1
left_child=1 5 4 -4 -3 11 7 8 10 -9 -2 13 -13 -1
right_child=6 2 3 -5 -6 -7 -8 9 -10 -11 -12 12 -14 -15
leaf_value=0.00086529488875658185 0.00096762885483389323 -0.00064337370747746554 -0.001734228284106726 0.0024417118219426564 -0.0056172804752850081 0.0012253804632295839 -0.0022393691484171906 -0.0022908648806480789 0.00098534681134218312 8.1322383903680525e-05 0.0054631571011467999 0.0096020115007533925 -0.0013164918075481103 -0.0028767098027005743
leaf_weight=2295895.9776250124 3450343.4535682201 881938.22797214985 1163670.505181551 295314.6376953125 1648102.6642150879 242249.34912109375 552593.9814453125 355038.70736694336 170498.77661132812 10892093.208226919 158092.5093536377 118902.16526031494 111651.63639831543 1220712.7392389774
leaf_count=3289 5609 3323 1637 81 836 38 81 197 32 16793 145 118 102 2282
internal_value=-9.32029e-06 -0.000504211 -0.0013761 0.000311371 -0.0023492 0.00036759 0.000244133 0.000343732 0.00126679 3.35927e-05 0.000947362 9.29197e-05 0.00408789 -0.000168996
internal_weight=2.35571e+07 7.97844e+06 3.98903e+06 1.45899e+06 2.53004e+06 3.98941e+06 1.55787e+07 1.50261e+07 3.77893e+06 1.12471e+07 3.60844e+06 3.74716e+06 230554 3.51661e+06
internal_count=34563 11706 5877 1718 4159 5829 22857 22776 5786 16990 5754 5791 220 5571
cat_boundaries=0 1
cat_threshold=13
is_linear=0
shrinkage=0.05


Tree=98
num_leaves=15
num_cat=0
split_feature=12 19 22 17 0 22 19 14 25 17 19 1 0 1
split_gain=1283.75 1121.29 954.949 3540.54 1846.63 1524.79 4420.45 1298.51 978.822 1698.28 1320.79 1672.92 1675.36 1454.41
threshold=6.5000000000000009 -0.074097794645887186 19.617331230798943 0.17523538740422129 15.802459769609863 19.600808566351393 -0.013014312526441299 0.64468211406758302 -0.93301270189221919 0.22619975375775667 0.031168418490475556 16.395026300101303 16.272741767951768 16.84045422280521
decision_type=2 2 2 2 2 2 2 10 2 2 2 2 2 2
left_child=-1 -2 5 4 7 8 -7 -4 9 -3 13 12 -12 -10
right_child=1 2 3 -5 -6 6 -8 -9 10 -11 11 -13 -14 -15
leaf_value=0.020825903011343586 -0.0033596705265078611 0.00083625310633690512 0.017792835238758284 -0.002176199194080406 0.0022629822018286256 -0.00026858853820326846 0.0019268716034722055 -0.00034072105441230365 -0.00016267848960675496 0.0036242862149374676 -0.0018476043292820713 -0.0025792033404517436 0.0018260072719499703 0.00027691355204951016
leaf_weight=173963.6176712513 521621.49652767181 1405194.4044969082 78216.924018859863 1028936.529296875 83687.908935546875 313319.19418334961 354240.76983642578 631511.51010704041 13887375.62292695 184117.63903808594 2766731.4981896877 443698.69677734375 71768.124267578125 1344054.0717773438
leaf_count=1937 754 2330 117 331 28 111 131 839 22759 72 4900 96 21 251
internal_value=-0.000130357 -0.000162562 -0.000109647 -0.00120709 0.00130267 -1.33599e-05 0.00233755 0.000474355 -9.14267e-05 0.00109936 -0.00019365 -0.00110341 -0.000657115 2.39332e-06
internal_weight=2.32884e+07 2.31145e+07 2.25929e+07 1.82235e+06 793416 2.07705e+07 667560 709728 2.01029e+07 1.58931e+06 1.85136e+07 3.2822e+06 2.8385e+06 1.52314e+07
internal_count=34677 32740 31986 1315 984 30671 242 956 30429 2402 28027 5017 4921 23010
is_linear=0
shrinkage=0.05


Tree=99
num_leaves=15
num_cat=0
split_feature=7 4 9 2 14 14 25 20 21 17 7 11 8 17
split_gain=1607.74 3583.2 1411.95 2282.66 1865.12 2311.32 2402.63 2650.87 1529.71 1473.64 1643.31 1382.95 1342.17 1336.35
threshold=17.376805783880858 17.181523356598721 0.099641508914028162 16.996524025785622 2.3474724148787502 2.3007789970073866 -0.24999999999999997 -1.0000000180025095e-35 10.603241363941821 0.27895765299337733 14.62282888752793 -0.029507131948196947 0.23521360670235616 0.011311887394503553
decision_type=2 2 2 2 10 10 2 10 10 2 2 2 2 2
left_child=1 2 -1 4 5 9 8 12 -7 -4 11 -11 -8 -6
right_child=-2 -3 3 -5 13 6 7 -9 -10 10 -12 -13 -14 -15
leaf_value=-0.0020881618681292992 6.4871596722772482e-05 -0.0044137706109075693 0.00030386222235252074 0.0010430266775611526 0.0019233368154364047 0.0025602068623595195 -0.0028045053193962695 0.0029785639350113457 -0.0056326579454057391 0.0075154805008405962 -0.0018215087699337447 -0.0055339425375250523 0.0093330939842678259 -0.0019235959143793899
leaf_weight=354889.4574432373 964921.841796875 629425.32592773438 15821156.64348495 651817.39208984375 1004819.2053096294 116688.74672579765 92337.851226806641 218317.52820301056 159492.16656160355 135057.98321533203 897719.30859375 133079.01452636719 108503.05822324753 2263452.5469512939
leaf_count=269 140 118 23214 131 6991 106 38 186 154 157 324 138 166 2528
internal_value=2.69651e-05 -5.84207e-05 4.82048e-05 9.95956e-05 8.93818e-06 0.00021176 0.00303723 0.00542296 -0.000583596 9.61031e-05 -0.00161945 0.00181533 0.0012773 -0.00108839
internal_weight=2.35517e+07 2.25868e+07 2.19573e+07 2.16024e+07 2.09506e+07 1.76824e+07 695339 419158 276181 1.6987e+07 1.16586e+06 268137 200841 3.26827e+06
internal_count=34660 34520 34402 34133 34002 24483 650 390 260 23833 619 295 204 9519
is_linear=0
shrinkage=0.05


Tree=100
num_leaves=15
num_cat=0
split_feature=17 10 5 5 21 11 15 3 8 11 14 10 9 23
split_gain=1568.21 1633.32 2579.62 1986.09 2017.44 1951.73 1728.31 2416.02 3274.18 3452 2438.84 4769.71 1772.61 1662.73
threshold=0.39211591187223777 -0.17872074920533701 15.358794976538235 15.225370992279283 6.704775057094122 -0.93027530669026326 19.358924260592001 16.041732990297305 0.096798193245150224 0.11548245711180712 2.3390992561901038 0.017765846398964901 0.13827813384070328 0.80599558502481061
decision_type=2 2 2 2 8 2 2 2 2 2 10 2 2 8
left_child=1 2 3 4 -1 -3 7 -7 -9 10 11 -10 -8 -14
right_child=-2 5 -4 -5 -6 6 12 8 9 -11 -12 -13 13 -15
leaf_value=0.013610298425636689 -0.0016427000236155871 0.016343815351175139 -0.002146685818435422 0.008943607904817694 -0.0013275693939275174 -2.2248982792412245e-05 -0.0018798626541398477 -0.0014800225308855971 0.00072443173317872497 -0.00018977988872307579 0.00021765704616623046 0.0020455422587706495 0.0019679670628629307 -0.0033056942803920929
leaf_weight=57174.436078071594 1458569.6998901367 164569.97074532509 874957.65673828125 80144.1767578125 4912981.1406577826 11015466.805678129 277493.611328125 554177.99584960938 750489.47338867188 536346.28637695312 623219.70678710938 648809.59594726562 325552.87138366699 1137295.5726928711
leaf_count=91 555 970 225 32 11053 19531 65 108 171 127 140 157 303 1022
internal_value=-0.000160861 -5.54071e-05 -0.000764759 -0.000330519 -0.00045643 0.000206738 0.00015056 0.000333698 0.00156363 0.00231825 0.00326396 0.00442269 -0.00133619 -0.000641192
internal_weight=2.34172e+07 2.19587e+07 5.92526e+06 5.0503e+06 4.97016e+06 1.60334e+07 1.58689e+07 1.41285e+07 3.11304e+06 2.55887e+06 2.02252e+06 1.3993e+06 1.74034e+06 1.46285e+06
internal_count=34550 33995 11401 11176 11144 22594 21624 20234 703 595 468 328 1390 1325
is_linear=0
shrinkage=0.05


Tree=101
num_leaves=15
num_cat=1
split_feature=20 19 2 3 19 11 0 28 27 0 9 9 0 0
split_gain=1715.84 1432.37 1960.63 3217.99 1951 2356.99 1314.73 1251.19 1364.31 3812.53 1364.1 4065.22 8148.66 1874.12
threshold=0.067003649777882965 -0.028865370756790996 17.165595607188539 17.171183635107628 -0.027724910116950847 0.040133708090834809 16.395876229078294 0 10.500000000000002 17.156634566241113 0.17899252706628047 0.20793076625117812 16.395876229078294 17.419860989426706
decision_type=10 2 2 2 2 2 2 1 2 2 2 2 2 2
left_child=1 2 3 6 5 -3 -1 -6 10 -10 -9 12 -12 -13
right_child=-2 4 -4 -5 7 -7 -8 8 9 -11 11 13 -14 -15
leaf_value=-0.00037588563804380037 -0.0029752347570013624 0.0049012741002585625 -0.0012077059682732887 0.0026752438110293972 -0.001468653683285359 -0.0015012466515445871 -0.0033592094819764303 -0.00030942984074695991 0.0012776933980860239 0.0008724633949549924 0.00039506278706300039 0.00026344144643337519 0.0031946766145775837 -0.0062427515404063078
leaf_weight=3404786.9036670923 664441.88208723068 92377.034395217896 248268.5732421875 95076.189453125 2206264.0928814411 91655.925559997559 401656.28344726562 2120791.2832336426 2504543.6381556988 233369.158203125 506268.73984527588 10393929.962597847 211733.79516601562 170423.34814453125
leaf_count=5954 880 139 40 18 7392 135 98 833 3342 39 337 15194 44 27
internal_value=7.46513e-05 0.000148019 -0.000691647 -0.00041749 0.000336048 0.00545856 -0.000644435 0.000284666 0.00043732 0.0014544 0.000229558 0.000448252 0.00408883 0.000200822
internal_weight=2.33456e+07 2.26811e+07 4.14979e+06 3.90152e+06 1.85314e+07 184033 3.80644e+06 1.83473e+07 1.61411e+07 2.73791e+06 1.34031e+07 1.12824e+07 718003 1.05644e+07
internal_count=34472 33592 6110 6070 27482 274 6052 27208 19816 3381 16435 15602 381 15221
cat_boundaries=0 1
cat_threshold=25
is_linear=0
shrinkage=0.05


Tree=102
num_leaves=15
num_cat=0
split_feature=11 15 20 17 7 22 7 21 21 15 15 15 9 9
split_gain=1559.11 2114.18 2494.1 3775.54 1828.8 2598.53 2886.4 1548.26 6603.71 3624.74 3934.56 4180.69 2227.65 1967.62
threshold=0.12804778057018137 18.000102791799385 -0.03811659352642599 0.027175029342101604 16.293698930881778 17.858402406689304 15.413491738038497 10.949198539433239 10.817995120197638 18.258714205592188 19.112388648776662 19.272704281253588 0.11263565210970426 0.14407582608325048
decision_type=2 2 8 2 2 2 2 8 10 2 2 2 2 2
left_child=1 -1 3 -3 5 -2 -7 8 12 -10 -11 -12 -4 -14
right_child=4 2 7 -5 -6 6 -8 -9 9 10 11 -13 13 -15
leaf_value=-0.0003050829624376068 -0.0021954073506534129 -0.00041138488523598206 -0.003138873666366216 0.0022217497123911958 -0.0023652189433933605 0.0012682468534707227 0.0029590406164772894 -0.00048915536509946587 0.001841759592662625 -0.0039290084680544228 0.0050300644468110915 -0.0010867789060451701 0.00080678841781324907 0.00034930868760800287
leaf_weight=6479482.0568858385 4402300.3957813978 284519.72780895233 254513.00299072266 264523.67553710938 897659.84497070312 1662367.4594531059 312935.1591796875 1397899.5166597366 219427.08297634125 207914.36218929291 396172.58366394043 220790.49143981934 373066.35876464844 6031966.2629175186
leaf_count=13056 8745 340 104 74 180 3264 112 866 137 96 196 129 114 7133
internal_value=-2.39268e-05 0.000250138 0.000719176 0.00399187 -0.000631566 -0.000334156 0.00117255 0.000521758 0.000799546 0.00449628 0.00297698 0.00498162 0.000219849 0.00040214
internal_weight=2.34055e+07 1.61303e+07 9.65079e+06 549043 7.27526e+06 6.3776e+06 1.9753e+06 9.10175e+06 7.70385e+06 1.0443e+06 824877 616963 6.65955e+06 6.40503e+06
internal_count=34546 22245 9189 414 12301 12121 3376 8775 7909 558 421 325 7351 7247
is_linear=0
shrinkage=0.05


Tree=103
num_leaves=15
num_cat=0
split_feature=17 3 24 8 9 19 1 11 21 4 15 9 4 8
split_gain=1748.73 2009.4 3402.21 3362.27 3082.23 2786.53 1984.27 1728.7 1609.62 1600.72 1553.73 1546.75 1531.34 1483.1
threshold=0.39211591187223777 16.041732990297305 2.8807611819448851 0.21545443286370766 0.14407582608325048 -0.0035655580594122498 14.781061066776951 0.013465213433564152 6.704775057094122 13.809641895847301 19.247516825326425 0.31823383458751148 16.04903536344861 0.10994347008993212
decision_type=2 2 8 2 2 2 2 2 8 2 2 2 2 2
left_child=1 8 3 4 13 -5 11 -6 9 -1 -4 -2 -10 -3
right_child=6 2 10 5 7 -7 -8 -9 12 -11 -12 -13 -14 -15
leaf_value=0.0064413317786427421 0.0035033404114123423 0.00086787463289988574 0.00013544628078784778 0.00018074912791159168 6.0899573563641759e-05 0.0032286109912914858 -0.0016005821037361739 -0.00027571850891868187 7.1860193755292296e-06 0.0081942896890488236 -0.0015125622850780205 -0.0044771810103893537 -0.0020737254001336378 0.00014865168084563424
leaf_weight=112455.98948144913 122450.96459960938 572598.3701171875 429985.76538085938 409557.52270507812 750043.32446289062 387106.42114257812 1179660.9044189453 602020.05712890625 16704763.921177983 74919.407287597656 651055.01708984375 140736.6845703125 549455.26684570312 509944.99291992188
leaf_count=215 100 108 112 105 170 104 298 138 32450 60 150 151 182 104
internal_value=9.34328e-05 0.000205237 0.00117167 0.001984 0.00106138 0.00480352 -0.00159225 -0.00053051 -3.37068e-05 0.00457554 -0.0012564 0.00233335 -8.37618e-05 0.00304959
internal_weight=2.31968e+07 2.17539e+07 4.31231e+06 3.23127e+06 2.43461e+06 796664 1.44285e+06 1.35206e+06 1.74416e+07 187375 1.08104e+06 263188 1.72542e+07 1.08254e+06
internal_count=34447 33898 991 729 520 209 549 308 32907 275 262 251 32632 212
is_linear=0
shrinkage=0.05


Tree=104
num_leaves=15
num_cat=0
split_feature=21 17 17 24 10 8 2 19 2 11 10 26 5 8
split_gain=1654.02 1960.94 2280.77 1702.73 1558.38 1443.45 1419.34 1270.23 1754.05 1799.06 1920.29 2487.3 2954.19 1167.77
threshold=7.1667323839111727 0.0092548267664155515 0.021757902025248153 29.675544147785903 0.2787943214439102 0.47264712812707804 13.602256541655874 -0.025823528620961395 13.891709294720899 0.036558439494653407 -0.066420037265679341 -0.5 15.358794976538235 0.17821180525053623
decision_type=8 2 2 10 2 2 2 2 2 2 2 2 2 2
left_child=1 6 -3 7 5 -5 -1 8 -2 10 -10 -12 -13 -9
right_child=3 2 -4 4 -6 -7 -8 13 9 -11 11 12 -14 -15
leaf_value=0.011226176118609286 0.00038618587075881308 0.010650907552683438 0.00025230677610412584 0.011506904476097137 -0.0089951402380528192 0.0053561594731801922 -0.0084637030447669986 -0.00041219953377258871 -0.0028340072490301064 -0.0018553616024916926 -0.00346057491714645 -0.0020036025890553528 0.0022321282221812178 5.6967273340528141e-05
leaf_weight=253741.37207508087 1811297.4881675243 65924.496109008789 66458.310333251953 76642.594190597534 64200.280507087708 98322.109913825989 164899.17031860352 4471443.0338352919 574053.45678710938 1342902.6852111816 345177.15856933594 219762.67449951172 267291.10400390625 13552735.79360652
leaf_count=1100 5300 99 107 122 117 168 157 2587 244 617 159 162 71 23467
internal_value=-0.000188314 0.0025186 0.00782283 -0.000253665 0.00394302 0.00638786 0.000841294 -0.000298107 -0.00104357 -0.00183951 -0.000589605 0.000944909 0.00324606 -0.00010949
internal_weight=2.33749e+07 551023 132383 2.28238e+07 239165 174965 418641 2.25847e+07 4.56048e+06 2.74919e+06 1.40628e+06 832231 487054 1.80242e+07
internal_count=34477 1463 206 33014 407 290 1257 32607 6553 1253 636 392 233 26054
is_linear=0
shrinkage=0.05


Tree=105
num_leaves=15
num_cat=0
split_feature=9 15 20 15 1 2 25 24 17 7 24 16 1 4
split_gain=1225.02 5477.79 3292.95 3270.03 1987.59 1948.17 1251.47 2463.59 1305.53 1224.68 1113.17 2054.86 1780.34 2028.23
threshold=0.13827813384070328 19.350799637334983 0.015921347333427153 19.224701742754604 17.423965936235351 17.4270168375546 0.68301270189221941 0.54314141846829012 0.12005163561103827 17.115974588496943 0.33909062170152304 17.340407118629656 16.84045422280521 16.701148858548322
decision_type=2 2 10 2 2 2 2 10 2 2 8 2 2 2
left_child=1 2 3 6 5 9 7 -1 -9 10 11 -2 13 -12
right_child=4 -3 -4 -5 -6 -7 -8 8 -10 -11 12 -13 -14 -15
leaf_value=0.0021071287872203104 -0.00013060530761234312 -0.001042134016321842 0.0016820078371130179 0.00015442043057023428 -0.0024479265561638697 0.00011504155796576282 -0.0012004380666688734 0.00024361945254831267 -0.0026042134701496156 -0.0038285571844761421 0.00020493787287061594 -0.004220805602629032 0.00085177003729499658 -0.0010379381331249826
leaf_weight=155126.66334533691 1739421.4592628479 291158.30358886719 419860.61212158203 344247.20581054688 538285.44140625 77251.787109375 192764.59953308105 151335.02627563477 202034.15856933594 380701.15185546875 17001243.938908815 574628.53596496582 634061.22631835938 541551.16235351562
leaf_count=72 3637 70 153 79 80 13 141 195 81 67 29434 317 136 126
internal_value=-5.52064e-06 0.00126403 0.00250865 0.00100662 -0.000109304 -3.22188e-05 -0.000952571 0.00034793 -0.00195797 -6.15534e-05 -9.34815e-06 -0.00104221 0.000122143 2.80675e-05
internal_weight=2.32437e+07 1.75653e+06 1.46537e+06 1.04551e+06 2.14871e+07 2.09489e+07 701260 508496 353369 2.08716e+07 2.04909e+07 2.31405e+06 1.81769e+07 1.75428e+07
internal_count=34601 791 721 568 33810 33730 489 348 276 33717 33650 3954 29696 29560
is_linear=0
shrinkage=0.05


Tree=106
num_leaves=15
num_cat=1
split_feature=7 4 2 6 3 15 15 23 15 15 19 20 29 6
split_gain=1533.03 2807.57 1557.98 2105.93 1250.95 1128.46 1031.63 1572.29 1210.16 2075.24 1605.53 2725.55 1876.84 2697.63
threshold=17.376805783880858 17.181523356598721 16.996524025785622 16.964547881697367 17.006344156415725 14.28282671730881 19.400405232517958 -0.37154178192389492 19.220245496564996 19.177649224056299 -0.014768983421864898 -0.012482423216461848 0 16.30949344286088
decision_type=2 2 2 2 2 2 2 10 2 2 2 8 1 2
left_child=1 2 3 4 5 -1 8 -8 9 -7 11 -10 13 -12
right_child=-2 -3 -4 -5 -6 6 7 -9 10 -11 12 -13 -14 -15
leaf_value=0.0088516621733991385 5.8097974653912072e-05 -0.0039853789442790754 0.00069321767209497114 -0.00099975908623175808 0.0007583709278888947 -2.9741919934072368e-05 0.0051674615235714587 -0.0037863808181889769 0.0026493498851204045 -0.0026225275436487991 0.0043081008302276501 -0.0025754464270207542 0.00037574400269899116 -0.00650789050715961
leaf_weight=172735.65456771851 875137.71630859375 612946.96752929688 761691.2568359375 211523.15283203125 177537.35229492188 12682820.340964437 92516.762771606445 830155.17643737793 400563.98992156982 1174775.7626636028 1580530.9069061279 1567807.4673461914 1976537.357334137 157003.27026367188
leaf_count=579 126 115 151 42 39 25203 94 851 318 1241 1629 1748 2309 43
internal_value=3.06257e-05 -4.95846e-05 4.43099e-05 -3.61698e-05 1.42778e-05 -2.16773e-05 -5.56489e-05 -0.00168942 2.14968e-05 -0.000230475 0.000635974 -0.000518497 0.00124782 0.0024466
internal_weight=2.32743e+07 2.23991e+07 2.17862e+07 2.10245e+07 2.0813e+07 2.06354e+07 2.04627e+07 922672 1.954e+07 1.38576e+07 5.68244e+06 1.96837e+06 3.71407e+06 1.73753e+06
internal_count=34488 34362 34247 34096 34054 34015 33436 945 32491 26444 6047 2066 3981 1672
cat_boundaries=0 1
cat_threshold=10
is_linear=0
shrinkage=0.05


Tree=107
num_leaves=15
num_cat=2
split_feature=3 11 17 29 23 3 4 10 25 8 28 21 3 4
split_gain=2322.16 1561.92 2797.74 1615.91 1946.68 2155.06 3493.3 3286.16 1752.99 3180.46 3035.28 1940.77 4584.5 2115.86
threshold=17.445700346247609 -0.066974212558948296 0.35588037541285428 0 4.7886687297469059 14.840603961213503 16.701148858548322 0.03295857581619361 0.25000000000000011 0.13255708096274924 1 10.81598335797027 16.536937448267057 15.811075110773315
decision_type=2 2 2 1 8 2 2 2 2 2 1 10 2 2
left_child=1 3 -3 4 5 -1 7 -7 11 10 -10 13 -13 -5
right_child=-2 2 -4 8 -6 6 -8 -9 9 -11 -12 12 -14 -15
leaf_value=0.0014499035009026436 9.6093651130178993e-05 -0.00011621430893803476 -0.0021197219792753858 -0.0013464155807256153 -0.0032095667145649455 0.0038727479272198449 -0.00042723573502023542 0.0060250073841895723 0.00022525413194864619 0.00022470845789623165 0.0027578873578578732 0.00017424663969248637 0.0035769196138497935 -0.0022304214081355547
leaf_weight=1207876.2830374241 858309.13525390625 12772359.963348866 1041877.0068969727 2365968.9399137497 439802.11225640774 376517.28662109375 404609.654296875 259389.2158203125 146724.43209075928 2307253.6141176224 143965.76962733269 486459.68019366264 81112.904052734375 504973.08447265625
leaf_count=2599 125 19516 385 5147 665 155 81 101 60 4388 169 1028 19 137
internal_value=2.35178e-05 -7.36875e-05 -0.000404471 0.000450061 0.00146974 0.00206483 0.00373266 0.00604358 -4.03156e-06 0.000976224 0.00590492 -0.000744656 0.00192695 -0.00127282
internal_weight=2.33972e+07 2.25389e+07 1.38142e+07 8.72465e+06 2.68819e+06 2.24839e+06 1.04052e+06 635907 6.03646e+06 2.59794e+06 290690 3.43851e+06 567573 2.87094e+06
internal_count=34575 34450 19901 14549 3601 2936 337 256 10948 4617 229 6331 1047 5284
cat_boundaries=0 1 2
cat_threshold=28 256
is_linear=0
shrinkage=0.05


Tree=108
num_leaves=15
num_cat=0
split_feature=20 20 3 23 11 8 6 27 20 23 3 0 21 23
split_gain=1346.43 1647.61 1591.25 3978.13 1332.83 964.91 1754.1 1242.73 3203.22 2707.66 1684.24 1587.21 1500.67 2199.19
threshold=0.067003649777882965 0.064762142072606707 17.006344156415725 1.7866793806953503 0.057901913564297254 0.38701580839263988 16.09600000920798 8.5000000000000018 -0.024876270524701944 3.1658505022604353 16.850451675266942 16.84045422280521 11.037231308731972 2.9455941718968108
decision_type=10 10 2 10 2 2 2 2 8 10 2 2 10 10
left_child=1 2 5 -4 -5 7 -7 12 9 -9 11 -10 -1 -14
right_child=-2 -3 3 4 -6 6 -8 8 10 -11 -12 -13 13 -15
leaf_value=-0.00083262372825326141 -0.002954914759904578 0.0047060281677395567 -0.00051536237519667625 0.00082774831906482513 3.0892748496133877e-05 0.0010980611388867196 -0.0058093561001887964 0.00013362065577660607 -7.0509053041105632e-05 0.0079982328728907745 -0.0022184023492653202 0.0003802346900081535 0.0013194479576662472 -0.00093213940025983549
leaf_weight=7009540.5453178883 704315.52471208572 73180.708666801453 606255.1796875 789359.16455078125 628104.18310546875 8747306.9264196157 208896.76318359375 229757.99812316895 3145989.1066154242 139490.35601806641 166672.43115234375 155330.126953125 413824.44718170166 328578.37004852295
leaf_count=6865 891 110 112 134 100 21986 60 164 3311 124 34 35 326 265
internal_value=2.97101e-05 9.6679e-05 7.23918e-05 0.00141011 0.0028599 -5.93731e-05 0.000330408 -0.000360599 0.000375316 0.00480256 -9.60668e-05 0.000151516 -0.000724879 0.00141275
internal_weight=2.33466e+07 2.26423e+07 2.25691e+07 2.02372e+06 1.41746e+06 2.05454e+07 8.9562e+06 1.15892e+07 3.83724e+06 369248 3.46799e+06 3.30132e+06 7.75194e+06 742403
internal_count=34517 33626 33516 346 234 33170 22046 11124 3668 288 3380 3346 7456 591
is_linear=0
shrinkage=0.05


Tree=109
num_leaves=15
num_cat=1
split_feature=27 3 15 24 28 1 0 17 26 20 10 6 3 7
split_gain=1579.49 2890.26 5227.98 2391.48 2150.58 1925.95 3117.43 1707.5 1451.86 1603.24 2207.86 5157.77 1429.25 1850.51
threshold=6.5000000000000009 16.850451675266942 19.177649224056299 7.8248135322397507 0 16.395026300101303 14.874167293398422 0.16135964454892707 0.6830127018922193 0.061830180953620105 0.26839603107521359 13.825262809094253 16.690778174436563 16.610313958149195
decision_type=2 2 2 10 1 2 2 2 2 8 2 2 2 2
left_child=1 3 -3 7 8 6 -5 12 9 -2 -11 -12 13 -1
right_child=4 2 -4 5 -6 -7 -8 -9 -10 10 11 -13 -14 -15
leaf_value=0.00012942627792112628 -0.0046618750913322371 0.00080456551732899597 -6.1315789518675973e-05 0.0049835814072047352 -2.8191660389360934e-05 -0.0048471798152823495 0.0060164118488360953 -0.0012804104901684061 0.00033064788670780467 -0.0056838381636598323 -0.004664271630252184 0.021239441960539771 -0.0043927171697413694 0.0024880683118181676
leaf_weight=8094226.2376875877 1819896.4830578566 807224.53759765625 630993.1552734375 583542.49039196968 8089381.2953201532 75828.11083984375 196489.76635742188 1304941.4821777344 1014556.954921484 350938.12231254578 62654.231452226639 29088.009582519531 134427.7529296875 58804.8564453125
leaf_count=14898 1953 155 106 1535 12362 20 77 687 1435 890 355 17 31 14
internal_value=-3.88494e-05 0.000364124 0.00246559 7.48551e-05 -0.000460257 0.00260732 0.00334684 -0.000151098 -0.00154081 -0.00224554 0.000453106 0.00735934 0.000113612 0.000197926
internal_weight=2.3253e+07 1.18865e+07 1.43822e+06 1.04483e+07 1.13665e+07 855860 780032 9.5924e+06 3.27713e+06 2.26258e+06 442680 91742.2 8.28746e+06 8.15303e+06
internal_count=34535 17523 261 17262 17012 1632 1612 15630 4650 3215 1262 372 14943 14912
cat_boundaries=0 1
cat_threshold=560
is_linear=0
shrinkage=0.05


Tree=110
num_leaves=15
num_cat=2
split_feature=25 16 28 16 17 14 8 10 8 28 10 10 15 19
split_gain=1244.94 3999.64 4725.77 2103.11 1779.76 2854.17 2265.44 2258.63 1643.4 1520.74 2307.7 2114.32 2204.85 1635.02
threshold=-0.24999999999999997 18.213483320293424 0 16.771582977651619 0.054653862295155356 2.0203755209170109 0.27660404883642425 -0.020832447195937496 0.49174493693206545 1 0.054734134884702308 0.089407070082038367 17.925087204804424 0.00029145502070358038
decision_type=2 2 1 2 2 10 2 2 2 1 2 2 2 2
left_child=3 8 -3 4 -1 6 7 -6 -2 -5 -11 -12 13 -13
right_child=1 2 -4 9 5 -7 -8 -9 -10 10 11 12 -14 -15
leaf_value=-0.00057809534181173586 -0.00043370549319985714 0.0013689449852030949 7.7651880506314757e-05 -0.0033182406936723414 0.0036219277129644783 0.0051823596379122943 -0.0062715543134087733 -0.00012935292138450131 0.0020484095530570582 -0.0025712427530023988 0.0017251116146829238 0.0031792610226065903 -0.00017894739577189328 -0.0036569210106391493
leaf_weight=5839808.6513774395 7655366.4972755909 834713.125 1155064.7426300049 1155879.9162597656 190159.80877685547 181593.15396118164 341689.01641845703 177183.62387084961 3960599.5837568045 941584.71375083923 190922.75485992432 96198.41862487793 453891.228515625 72231.787826538086
leaf_count=12191 8122 178 562 524 138 100 313 134 11224 519 75 140 126 102
internal_value=-1.30527e-05 0.000294957 0.00236627 -0.000447722 3.79186e-05 0.00211992 0.00068747 0.00341326 -5.9851e-05 -0.00157067 -0.000643103 0.00130791 -0.000104192 0.00478141
internal_weight=2.32469e+07 1.36057e+07 1.98978e+06 9.64114e+06 6.73043e+06 890626 709032 367343 1.1616e+07 2.91071e+06 1.75483e+06 813244 622321 168430
internal_count=34448 20086 740 14362 12876 685 585 272 19346 1486 962 443 368 242
cat_boundaries=0 1 2
cat_threshold=544 104
is_linear=0
shrinkage=0.05


Tree=111
num_leaves=15
num_cat=1
split_feature=19 8 6 22 19 2 20 20 22 21 19 25 28 27
split_gain=1413.86 1670.79 1769.28 1208.62 1172.03 4047.48 1247.17 1316.88 1015.18 1006.04 1266.72 922.324 2108.28 3267.25
threshold=0.053255371535972207 0.16368538215422643 16.803986779003264 21.05931847536657 0.043489306917255603 15.666534854658034 0.05203257581059121 0.046587602636409452 18.021219278560512 10.609716491129488 0.024878563584934604 0.25000000000000011 0 3.5000000000000004
decision_type=2 2 2 2 2 2 10 10 2 10 2 2 1 2
left_child=3 -2 -3 4 6 8 7 11 -6 10 -8 -1 13 -13
right_child=1 2 -4 -5 5 -7 9 -9 -10 -11 -12 12 -14 -15
leaf_value=-0.00018350005011074332 -0.0021864813854820028 -0.0024407274755474015 0.0015964823114658123 -0.0015899187970631508 -0.0014741601728376645 0.0041276798732803825 -0.0020333548380561755 0.0030588238878800304 0.0090698261843962322 -0.0074486240554879415 0.0022465452886386776 7.7989819517898965e-05 1.3721627103022462e-05 0.0018089295565193429
leaf_weight=10808572.012835622 371768.5773601532 1388583.8469616175 58991.38720703125 665672.68362998962 395188.02174735069 165107.474609375 271490.1150970459 203111.25767374039 97015.163471221924 416448.14066886902 126265.24192714691 1337439.8855147362 6380111.7787300348 803060.67112374306
leaf_count=16379 219 2457 11 535 772 43 419 224 209 446 186 1857 9799 1111
internal_value=-5.17711e-05 -0.00139055 -0.000622681 6.06314e-05 0.000127108 0.00220513 5.99763e-05 0.0001399 -6.72926e-05 -0.00185736 -5.89677e-05 9.78153e-05 0.000486819 0.00184468
internal_weight=2.34888e+07 1.81934e+06 1.44758e+06 2.16695e+07 2.10038e+07 657311 2.03465e+07 1.95323e+07 492203 814203 397755 1.93292e+07 8.52061e+06 2.1405e+06
internal_count=34667 2687 2468 31980 31445 1024 30421 29370 981 1051 605 29146 12767 2968
cat_boundaries=0 1
cat_threshold=672
is_linear=0
shrinkage=0.05


Tree=112
num_leaves=15
num_cat=0
split_feature=27 25 22 18 5 20 23 4 5 8 14 4 7 26
split_gain=1281.34 1687.89 3343.55 3497.02 6522.96 3256.34 2715.21 2950.16 2410.29 2254.76 2190.65 2168.08 2245.34 1895.5
threshold=1.5000000000000002 -0.24999999999999997 18.651885674616626 0.54841520192399529 17.382494435338344 0.015784659954767355 2.0894143703875003 15.811075110773315 16.793627513211842 0.30242323372690594 2.3105909151280808 15.003254220103308 15.035255036558885 -0.24999999999999997
decision_type=2 2 2 10 2 10 10 2 2 2 8 2 2 2
left_child=-1 13 11 4 5 6 -4 -8 9 -5 -7 12 -3 -2
right_child=1 2 3 8 -6 10 7 -9 -10 -11 -12 -13 -14 -15
leaf_value=-0.0016582613890083521 -0.0017276662424766537 0.00078147415062232927 -0.00063397013835271468 0.0065438753308966931 0.00049541054310965529 0.0015091476377811696 0.00045464363883421775 0.0012754090875269452 -0.0020816720795039773 -0.0037507480005320188 0.0020153215836703152 -0.0012033908087866097 0.0046357388904114203 0.00018475036497583028
leaf_weight=1971002.6186022758 3981571.6775288582 6009433.1119205952 806110.63827037811 76430.999740600586 207243.34033203125 230589.8537197113 621667.05937075615 439426.48889160156 271186.1357421875 170237.56301879883 164354.32942962646 2411130.4948730469 284901.47595214844 5736607.3417551517
leaf_count=2946 5900 13753 540 57 31 159 1182 92 42 277 125 928 135 8484
internal_value=2.86263e-05 0.000140928 0.000545654 0.00198902 0.00277244 0.00199462 0.00112216 0.00278402 -0.0017467 0.00182996 0.00611941 5.03679e-05 0.000538736 -0.000346028
internal_weight=2.33819e+07 2.14109e+07 1.16927e+07 2.98725e+06 2.46939e+06 2.26215e+06 1.8672e+06 1.06109e+06 517855 246669 394944 8.70547e+06 6.29433e+06 9.71818e+06
internal_count=34651 31705 17321 2505 2129 2098 1814 1274 376 334 284 14816 13888 14384
is_linear=0
shrinkage=0.05


Tree=113
num_leaves=15
num_cat=1
split_feature=9 7 23 9 16 23 4 0 23 11 23 7 28 11
split_gain=2499.31 4943.91 3169.89 2797.44 1878.38 3708.21 1839.42 2067.06 1755.55 1234.17 1258.66 1029.59 985.897 1144.59
threshold=0.14407582608325048 17.376805783880858 0.67676828523480714 0.15898284897048959 17.099172047158188 2.7572624043141754 17.019152678527846 16.84045422280521 1.9571320152036804 -0.0029606646261219499 3.4491163655965806 10.738661173482123 0 0.11548245711180712
decision_type=2 2 10 2 2 10 2 2 10 2 10 2 1 2
left_child=1 2 -1 -2 5 -4 7 11 -6 10 -7 -5 -13 -14
right_child=3 -3 4 6 8 9 -8 -9 -10 -11 -12 12 13 -15
leaf_value=0.0018121567671069959 -0.0029981088756037455 0.0002244215818827416 0.0035032902832643335 0.0050244189402717 -2.3983395121482893e-05 -0.0020913106121644601 -0.0014369730269645764 0.0010036933867200257 -0.0038786796464416727 -0.0041606338015598458 0.0025455490331594065 -0.0016247390354657912 0.00051477856832058376 -0.00087186898388931814
leaf_weight=362786.37205505371 747269.21343994141 347870.76318359375 136364.04023742676 1250121.790558219 604472.03419494629 72902.913208007812 1053130.0104980469 470886.92041015625 344096.90089416504 168408.54062652588 67069.21728515625 3450900.8649902344 8980639.5781402588 5282845.0914764404
leaf_count=145 380 48 106 11897 151 59 188 101 141 141 152 5673 9544 5800
internal_value=1.83358e-06 0.00164562 0.000566875 -0.000161028 -0.000517098 0.00216402 -5.14303e-05 5.88503e-05 -0.00177416 -0.000871986 0.00259758 -2.24023e-05 -0.000120271 6.32036e-05
internal_weight=2.33398e+07 2.10397e+06 1.7561e+06 2.12358e+07 1.39331e+06 444745 2.04885e+07 1.94354e+07 948569 308381 139972 1.89645e+07 1.77144e+07 1.42635e+07
internal_count=34526 943 895 33583 750 458 33203 33015 292 352 211 32914 21017 15344
cat_boundaries=0 1
cat_threshold=537
is_linear=0
shrinkage=0.05


Tree=114
num_leaves=15
num_cat=1
split_feature=10 9 17 22 14 17 21 2 4 9 24 9 28 24
split_gain=1628.81 1843.98 1835.78 1772.18 1751.59 5036.38 2858.95 2838.16 4718.69 1820.98 1647.26 1736.68 2023.34 1474.72
threshold=0.03295857581619361 0.099641508914028162 0.44081722901546433 15.829671694164057 2.3208692223973153 0.35588037541285428 11.085195289202607 16.842637334131179 16.410410087137191 0.13827813384070328 2.3102844075357454 0.28262551853150103 0 10.960149042668801
decision_type=2 2 2 2 10 2 10 2 2 2 10 2 1 10
left_child=13 -2 3 -3 5 6 7 8 10 -6 11 -5 -13 -1
right_child=1 2 -4 4 9 -7 -8 -9 -10 -11 -12 12 -14 -15
leaf_value=-0.00026659799887649289 0.0019863843130558129 -0.0012878764342686181 -0.0032533435956449059 -0.0023031510049365002 0.0010326146683888424 0.0026418587381548918 0.0018023709789685574 -0.00048912900115084714 0.0021762416879342961 -0.0011537272337216276 0.0027417290564790524 0.0059186967096395782 -0.00052053480902132076 0.0043125454462792428
leaf_weight=13384611.873615742 196368.21197509766 1975234.0267071724 329495.87994384766 589510.42820739746 93708.141860961914 163059.88891601562 225370.00136566162 494548.4365234375 159316.77905273438 1331138.5213356018 2393425.7732268572 449741.59437036514 1183780.596683979 454475.14655923843
leaf_count=18960 55 4544 156 384 56 65 166 90 41 3284 3645 665 1556 829
internal_value=2.79441e-05 0.000528948 0.000428648 0.000561993 0.000931285 0.00132582 0.00106888 0.000833052 0.00120643 -0.000635596 0.000914465 -6.55516e-05 0.000773986 -0.000319042
internal_weight=2.34238e+07 9.5847e+06 9.38833e+06 9.05883e+06 7.0836e+06 5.65875e+06 5.49569e+06 5.27032e+06 4.77578e+06 1.42485e+06 4.61646e+06 2.22303e+06 1.63352e+06 1.38391e+07
internal_count=34496 14707 14652 14496 9952 6612 6547 6381 6291 3340 6250 2605 2221 19789
cat_boundaries=0 1
cat_threshold=112
is_linear=0
shrinkage=0.05


Tree=115
num_leaves=15
num_cat=1
split_feature=25 9 25 28 26 16 23 25 24 0 26 14 1 9
split_gain=1408.07 4627.98 1699.61 2343.13 3450.64 4767.94 4752.81 6079.27 2250.1 2287.33 1759.47 1941.22 2168.75 1800.04
threshold=-0.93301270189221919 0.14407582608325048 1.0000000180025095e-35 0 0.25000000000000017 16.4547010273733 2.0007089153292004 0.68301270189221941 12.944662958778151 17.419860989426706 0.6830127018922193 1.6156902530320585 15.393567486515412 0.13056622037921709
decision_type=2 2 2 1 2 2 10 2 10 2 2 10 2 2
left_child=1 -1 10 4 5 -4 -7 -8 9 -5 11 -2 -13 -12
right_child=2 -3 3 8 -6 6 7 -9 -10 -11 13 12 -14 -15
leaf_value=0.001584921370472071 -0.00026222226560258425 0.00054701518212488926 0.00030705267215278985 -0.00022001369211528725 -0.00081020492620779711 0.00040343000433967964 0.0010014543650219792 0.0055869086389553242 0.0050148362662410942 0.00023072922258233952 -0.0017902308266093748 -0.0028216381321044554 -0.0044138795669978349 0.00095019593916060479
leaf_weight=188156.49966430664 3439115.0350039005 1771101.5224938393 917499.26243400574 8064311.3341277838 1006739.2813577652 445975.08711242676 354201.57392883301 329749.73230743408 360400.7113494873 297511.51611328125 222382.63400268555 1451197.9878721237 992525.37341308594 3334010.2830684185
leaf_count=76 4609 2799 2268 12787 1366 160 161 144 576 42 103 3811 255 5215
internal_value=0.00019232 0.00147481 7.38824e-05 0.000474545 0.00166641 0.00284491 0.00501916 0.00763773 5.71994e-05 -0.000109525 -0.000425984 -0.000956751 -0.00203424 0.000451988
internal_weight=2.31749e+07 1.95926e+06 2.12156e+07 1.17764e+07 3.05416e+06 2.04743e+06 1.12993e+06 683951 8.72222e+06 8.36182e+06 9.43923e+06 5.88284e+06 2.44372e+06 3.55639e+06
internal_count=34372 2875 31497 17504 4099 2733 465 305 13405 12829 13993 8675 4066 5318
cat_boundaries=0 1
cat_threshold=672
is_linear=0
shrinkage=0.05


Tree=116
num_leaves=15
num_cat=0
split_feature=17 1 7 9 24 0 0 20 20 9 3 9 6 15
split_gain=1563.32 2131.68 1636.39 1594.14 1377.67 2195.24 3524.6 1249.1 1397.57 1129.18 2764.97 3618.7 2670.8 2337.69
threshold=0.39211591187223777 14.781061066776951 17.376805783880858 0.32130729923916251 12.944662958778151 16.272741767951768 15.554451119783065 0.071970663367092721 0.065475958979019908 0.11263565210970426 16.536937448267057 0.14407582608325048 16.803986779003264 18.258714205592188
decision_type=2 2 2 2 10 2 2 10 10 2 2 2 2 2
left_child=2 3 4 -2 7 6 -6 8 9 12 -11 -12 -1 -13
right_child=1 -3 -4 -5 5 -7 -8 -9 -10 10 11 13 -14 -15
leaf_value=0.00046081417895542891 0.003048831504539534 -0.0011519040993640667 0.00014784997602035777 -0.0033450684810514631 0.0040872167705388353 -0.0052675703321284732 0.0041816706079493135 -0.0031572504988115709 0.00086608944153972319 -0.00011286539634388357 0.0011987632691951142 0.00048378499595765892 -0.0020052552338403868 -0.0013356321595554739
leaf_weight=166891.5347442627 130791.234375 1149989.4515380859 641859.42431640625 135105.66943359375 533573.14682531357 93778.9462890625 130565.09790039062 565921.07242059708 125064.65139102936 17588315.131689191 537466.72729492188 663508.14038085938 400565.7080078125 639429.05688476562
leaf_count=274 106 293 90 146 1262 28 43 715 175 31024 108 142 78 149
internal_value=3.85375e-05 -0.00157206 0.000141785 0.00246261 6.73286e-05 0.00216105 0.00317221 -9.37908e-06 5.5779e-05 2.28239e-05 8.70369e-05 0.00193098 -0.00217572 0.000507003
internal_weight=2.35028e+07 1.41589e+06 2.20869e+07 265897 2.14451e+07 757917 664138 2.06872e+07 2.01212e+07 1.99962e+07 1.94287e+07 1.8404e+06 567457 1.30294e+06
internal_count=34633 545 34088 252 33998 1333 1305 32665 31950 31775 31423 399 352 291
is_linear=0
shrinkage=0.05


Tree=117
num_leaves=15
num_cat=0
split_feature=4 23 16 23 9 20 20 3 15 17 4 16 0 17
split_gain=1334.7 1243.81 1479.85 1818.89 1468.36 2142.56 2847.39 2128.38 3127.13 1774.76 1734.27 1626.3 1545.43 2591.04
threshold=15.103985640381827 3.1813620832570053 16.017805482584212 5.5204677422272566 0.31823383458751148 -0.0043389657546150989 -1.0000000180025095e-35 16.536937448267057 18.258714205592188 0.20761420437122818 15.937568612521352 18.261687824277342 16.684382928863482 0.19139240720341238
decision_type=2 8 2 10 2 8 10 2 2 2 2 2 2 2
left_child=-1 4 3 -3 5 11 -7 10 -9 -10 -8 -2 13 -6
right_child=1 2 -4 -5 12 6 7 8 9 -11 -12 -13 -14 -15
leaf_value=0.00035869025123258296 -5.4793835894862377e-05 -0.0010913031027037191 -0.0017151959886581908 0.0045176984766094833 -0.0045137792582397073 0.0025074252673636496 0.00020280167156861545 0.00096783247483828215 0.00014021854653193527 -0.00015408466116090919 -0.0012362190613602149 -0.0017883200164880689 -0.0021756146919417949 0.0010412104580467269
leaf_weight=14887891.575657606 753152.85900878906 493631.68176269531 1577857.6147460938 218480.06549072266 952997.80316162109 446976.5517578125 426895.3408203125 662977.5673828125 790645.68530273438 608116.06494140625 514150.17504882812 399319.90600585938 264472.71459960938 340322.84106445312
leaf_count=31939 222 225 472 96 441 150 194 134 152 90 151 96 55 109
internal_value=-5.85191e-05 -0.000560422 -0.00155536 0.000336652 -0.000190558 0.000258565 0.000882118 0.000327902 0.00122724 -0.000113378 -0.00164245 -0.00160795 -0.00151741 -0.000805256
internal_weight=2.33379e+07 8.45e+06 2.28997e+06 712112 6.16003e+06 4.60223e+06 3.44976e+06 3.00278e+06 2.06174e+06 1.39876e+06 941046 1.15247e+06 1.55779e+06 1.29332e+06
internal_count=34526 2587 793 321 1794 1189 871 721 376 242 345 318 605 550
is_linear=0
shrinkage=0.05


Tree=118
num_leaves=15
num_cat=0
split_feature=16 10 8 4 1 22 11 1 24 25 26 14 11 15
split_gain=1621.6 1382.06 1837.04 1385.41 1392.75 1413.26 1681.94 3846.77 1619.29 2923.2 1878.82 2009.29 2517.34 1647.8
threshold=18.472836192843562 -0.17872074920533701 0.17442642456179139 17.458037941908348 17.156634566241113 17.219696843575843 0.040133708090834809 16.84045422280521 1.2736174209524151 0.25000000000000011 0.6830127018922193 2.3753785055257124 -0.081390816143468145 17.809145887374708
decision_type=2 2 2 2 2 2 2 2 8 2 2 10 2 2
left_child=1 2 -1 4 5 6 7 -3 9 -7 11 12 -11 -14
right_child=-2 3 -4 -5 -6 8 -8 -9 -10 10 -12 -13 13 -15
leaf_value=-0.0044313123865400801 -0.0016574551967723655 0.00025481447672812569 -0.00026214410889090342 0.00015443637254924616 -0.00081547855039882419 -0.0020236705635079465 -0.0020655764659982378 0.00047302026638727568 0.0010419230659346882 0.0066280393194520816 -0.001738572872059127 -0.00037648487271759926 -0.00085360390748359096 0.0017250584781720155
leaf_weight=392158.3663340807 1019768.6369018555 3340868.1662973166 5786253.0865623951 324356.1123046875 507525.3984375 1683392.835682869 3186299.2327730656 79609.23291015625 5752199.3819943666 193602.55522918701 243640.41323184967 222978.91077423096 270313.04962158203 216015.82228088379
leaf_count=416 360 6291 11059 46 94 1511 5814 19 7730 195 210 338 218 110
internal_value=-6.58198e-05 2.37378e-05 -0.000611548 0.000268735 0.000201897 0.00028799 -0.000261703 0.000508278 0.000711159 -0.000268021 0.00167916 0.00273056 0.00408129 0.00216174
internal_weight=2.3219e+07 2.21992e+07 6.17841e+06 1.60208e+07 1.56964e+07 1.51889e+07 6.60678e+06 3.42048e+06 8.58214e+06 2.82994e+06 1.14655e+06 902910 679931 486329
internal_count=34411 34051 11475 22576 22530 22436 12124 6310 10312 2582 1071 861 523 328
is_linear=0
shrinkage=0.05


Tree=119
num_leaves=15
num_cat=2
split_feature=9 7 24 20 2 3 28 10 7 28 17 23 15 0
split_gain=2633.85 4100.94 2467.72 2094.92 4608.81 2160.39 2478.32 2101.56 1802.46 1955.12 2760.77 2201.48 1534.7 1366.55
threshold=0.14407582608325048 17.376805783880858 -0.021237342309276347 0.025982796680330402 16.842637334131179 16.850451675266942 0 0.023710827087195501 17.115974588496943 1 0.14878762078016677 -0.49725121083246643 16.820983279067956 15.924256278800728
decision_type=2 2 8 8 2 2 1 2 2 1 2 10 2 2
left_child=1 2 -1 5 7 6 -4 -5 9 10 -2 -11 -8 -13
right_child=8 -3 3 4 -6 -7 12 -9 -10 11 -12 13 -14 -15
leaf_value=0.0013395942882786858 -0.00012196910376883949 0.00021056729414253646 0.0013043398949597427 -0.0014851931713361116 0.0018552926700577087 -0.0016593271627547833 0.001840590222078063 0.0017329963950467649 -0.001488604929759201 -0.003868006145312269 -0.0051521320239442132 0.00078910378396508446 -0.0032557461333778599 0.00075715746367606255
leaf_weight=298222.35643005371 11190097.915989757 358620.990234375 241166.16345214844 183124.94346618652 119093.78564453125 506945.20556640625 160088.96946716309 91985.083297729492 914233.15576171875 828673.88731861115 559269.82934570312 6171112.3428930044 218651.77508544922 1439576.6188964844
leaf_count=93 18769 50 84 240 24 97 204 78 147 1635 390 12153 83 359
internal_value=0.000202132 0.00185759 0.000894295 7.89046e-05 0.00321619 -0.0010186 0.000961191 -0.000340907 3.12826e-05 0.000129617 -0.000287396 0.000710186 -0.00156156 0.00097666
internal_weight=2.32809e+07 2.1779e+06 1.81928e+06 1.52106e+06 394204 1.12685e+06 619907 275110 2.1103e+07 2.01887e+07 1.17494e+07 8.43936e+06 378741 7.61069e+06
internal_count=34406 953 903 810 342 468 371 318 33453 33306 19159 14147 287 12512
cat_boundaries=0 1 2
cat_threshold=768 281
is_linear=0
shrinkage=0.05


Tree=120
num_leaves=15
num_cat=0
split_feature=25 9 20 9 6 17 25 6 18 1 1 15 21 9
split_gain=1874.42 7429.92 1498.87 3760.04 1833.05 1626.8 1370.23 2501.17 2278.53 12976.8 2747.59 2382.86 2188.48 2186.16
threshold=-0.93301270189221919 0.14407582608325048 -0.01363960273594435 0.34947942343131305 15.947782723660634 0.22619975375775667 -0.24999999999999997 17.356241645943843 0.26118470085058776 16.84045422280521 16.995067760631983 17.963881366973016 10.733130828250484 0.1943338755616151
decision_type=2 2 8 2 2 2 2 2 10 2 2 2 10 2
left_child=1 -1 3 -3 5 -4 -2 8 9 11 -10 -8 13 -13
right_child=6 2 4 -5 -6 -7 7 -9 10 -11 -12 12 -14 -15
leaf_value=0.0015146502869635562 -0.0010698727782564757 0.0033325677903139174 0.00026541813583407729 -0.0030838674637252376 -0.0037933580235236216 0.0040542678460255702 -0.00011234309350912613 0.00016873790174284551 -0.00015733727643561858 0.0019260645134874617 -0.0010008816934096601 0.0033012826450622423 0.0040576269315595196 0.00031727110695194474
leaf_weight=165168.78132629395 7792703.2513977289 126022.00448417664 1165256.2819097042 151734.39692592621 303459.14672851562 67757.977111816406 4080540.3790603876 513566.794921875 7065275.2632303238 93524.51953125 595628.18579101562 77045.671760559082 380805.14040851593 846874.32869148254
leaf_count=72 11417 106 2339 321 73 47 10221 74 7556 19 112 74 463 1619
internal_value=1.62129e-05 0.00148841 0.000564111 0.00394427 -4.6938e-05 0.000809825 -0.000119667 0.000182272 4.84806e-05 0.000827059 -0.00050833 0.000506381 0.00236639 0.00105172
internal_weight=2.34254e+07 1.9794e+06 1.81423e+06 277756 1.53647e+06 1.23301e+06 2.1446e+07 1.36533e+07 1.31397e+07 5.47879e+06 7.6609e+06 5.38527e+06 1.30473e+06 923920
internal_count=34513 2958 2886 427 2459 2386 31555 20138 20064 12396 7668 12377 2156 1693
is_linear=0
shrinkage=0.05


Tree=121
num_leaves=15
num_cat=1
split_feature=24 14 14 22 25 3 15 3 7 29 8 22 24 19
split_gain=1645.29 1696.27 2248.97 1722.85 1882.28 3406.76 1332.61 2725.42 1675.02 1676.56 1401.81 1262.3 2225.81 3722.69
threshold=1.2736174209524151 1.6554688479737332 1.6413411368289612 18.662531985835098 -0.93301270189221919 16.041732990297305 19.327865131340943 17.006344156415725 15.773853429635489 0 0.36730762058499672 16.964017972763202 2.8807611819448851 -0.033656323159915791
decision_type=8 10 10 2 2 2 2 2 2 1 2 2 8 2
left_child=1 2 6 4 5 -3 7 8 9 -1 -11 -2 13 -13
right_child=11 3 -4 -5 -6 -7 -8 -9 -10 10 -12 12 -14 -15
leaf_value=0.0026056651023795767 -0.00068830185295741476 -0.001715774734428706 0.0032051249852406158 -0.0040013076204082065 -0.0011226514636190671 0.0013516682546181463 -0.0030192380730434676 0.00036414714179021086 -0.0022086515511518141 -0.0051705607640058632 0.00023112754502358892 -0.0010643512929730588 -0.00012354721589195921 0.00086437162472964004
leaf_weight=1411554.8932247162 5665998.3554370403 174962.44274282455 93785.425464630127 742727.47547912598 2717153.59202528 89184.48291015625 534331.78082275391 164628.611328125 330616.00708007812 364998.24797058105 674276.39555072784 663672.83687877655 5182982.8309493065 4728174.1836967468
leaf_count=2250 11399 392 59 297 4470 20 518 26 95 367 1300 632 8412 4366
internal_value=-2.39367e-05 -0.000647518 0.000130567 -0.0013943 -0.000857511 0.00317192 -7.53185e-05 0.00034135 -2.86328e-05 0.000422029 -0.00110204 0.000256285 0.000578948 0.00129016
internal_weight=2.3539e+07 7.29822e+06 3.57419e+06 3.72403e+06 2.9813e+06 264147 3.48041e+06 2.94607e+06 2.78145e+06 2.45083e+06 1.03927e+06 1.62408e+07 1.05748e+07 5.39185e+06
internal_count=34603 9794 4615 5179 4882 412 4556 4038 4012 3917 1667 24809 13410 4998
cat_boundaries=0 1
cat_threshold=9
is_linear=0
shrinkage=0.05


Tree=122
num_leaves=15
num_cat=0
split_feature=24 17 8 15 0 6 20 20 8 9 14 10 25 8
split_gain=987.969 2154.38 1200.89 1181.59 1513.56 1512.54 1454.1 3107.28 7004.89 1777.28 3461.04 1340.86 2542.53 1333.53
threshold=-0.04553885756598159 0.13000427664369207 0.11957039339654042 19.350799637334983 16.395876229078294 16.30949344286088 -0.03811659352642599 -0.05916215992804829 0.14137066746495244 0.099641508914028162 1.5869445368927224 -0.18331093563270331 -0.5 0.22179407724374697
decision_type=8 2 2 2 2 2 8 10 2 2 10 2 2 2
left_child=1 2 -1 6 5 -5 7 -2 -9 10 -8 -10 -13 -11
right_child=3 -3 -4 4 -6 -7 9 8 11 13 -12 12 -14 -15
leaf_value=0.0012851531285903279 -0.00053422555460680681 -0.0038878321609812495 -0.0012428290358084376 -0.0015146357172480856 -0.0014863192681240113 0.00164202059012576 0.0030469040131623597 0.0016637524904191316 -0.0060112019240790874 -0.00023110156749993707 -0.0017531081074503329 0.0031265778965936584 0.0015906342395712383 0.00019123982982246804
leaf_weight=47268.554824829102 553613.2066617012 450327.03509521484 1092578.9923686981 1731316.7438545227 519719.23413085938 104185.33447265625 118657.51263427734 106113.81659984589 158272.23771762848 5541200.1746026278 163999.64912414551 82584.293212890625 315672.81724071503 12358361.848705411
leaf_count=47 815 176 2421 2043 101 29 178 60 271 3956 65 135 462 23781
internal_value=-6.19363e-05 -0.00126503 -0.000108253 2.60087e-05 -0.00103155 -0.000357082 0.00015441 0.00182818 0.00413817 4.24472e-05 0.00397628 0.0018934 0.00344056 -1.96732e-05
internal_weight=2.33439e+07 1.59017e+06 1.13985e+06 2.17537e+07 2.35522e+06 1.8355e+06 1.93985e+07 1.21626e+06 662643 1.81822e+07 282657 556529 398257 1.78996e+07
internal_count=34540 2644 2468 31896 2173 2072 29723 1743 928 27980 243 868 597 27737
is_linear=0
shrinkage=0.05


Tree=123
num_leaves=15
num_cat=2
split_feature=11 2 17 25 22 9 11 4 3 9 18 10 29 28
split_gain=1197.72 3010.63 1927.57 1656.84 2941.58 2139.54 1919.17 1609.27 1559.64 1515.87 2519.87 1361.19 1748.41 2615.91
threshold=-0.070000168779436892 17.4270168375546 0.39211591187223777 -0.24999999999999997 17.396444931912352 0.12238891660113292 -0.074499969512946643 17.181523356598721 12.524650943659475 0.34947942343131305 0.84676138572968596 -0.31163606792827897 0 1
decision_type=2 2 2 2 2 2 2 2 2 2 8 2 1 1
left_child=1 3 -2 4 9 -5 7 11 -6 10 -1 -7 13 -13
right_child=2 -3 -4 5 8 6 -8 -9 -10 -11 -12 12 -14 -15
leaf_value=0.00065232466977458315 -0.0001474132709016921 0.0001482106691141879 -0.0022554390370475535 0.00077650566494021816 0.0021056342090372397 -0.0012795880930000624 0.0088789760189616259 -0.0016046367976196374 -0.0037970763438289925 -0.00036333351319365269 0.0065681279895175139 0.0029467189227292824 0.00018965247705003194 0.0020354135137544962
leaf_weight=433095.15215682983 13524052.626992464 214604.1416015625 950157.34930419922 206286.51524353027 362531.31840074062 1168738.4053394794 68661.991725921631 129184.052734375 1538380.7559204102 1093414.2165261507 116076.20802116394 121113.67520856857 2310942.3956724405 1129136.2311923504
leaf_count=485 19722 32 349 149 1590 2576 67 23 943 2925 101 201 3968 1458
internal_value=-5.39821e-05 0.000402734 -0.000334564 0.000258052 -0.000573569 0.000832031 0.000623193 0.000505898 -0.00191271 0.000976181 0.00311944 0.000656276 0.00114219 0.00264841
internal_weight=2.33664e+07 8.89217e+06 1.44742e+07 8.67756e+06 3.5435e+06 5.13406e+06 4.92778e+06 4.85911e+06 1.90091e+06 1.64259e+06 549171 4.72993e+06 3.56119e+06 1.25025e+06
internal_count=34589 14518 20071 14486 6044 8442 8293 8226 2533 3511 586 8203 5627 1659
cat_boundaries=0 1 2
cat_threshold=92 32
is_linear=0
shrinkage=0.05


Tree=124
num_leaves=15
num_cat=1
split_feature=25 9 2 17 19 1 19 2 11 11 26 28 19 9
split_gain=1668.71 4218.48 1870.15 1265.42 1160.25 2584.38 2420.47 2781.64 1766.33 1317.21 1519.03 1274.18 2012.97 1656.31
threshold=-0.93301270189221919 0.14407582608325048 16.842637334131179 0.22619975375775667 -0.018468429717034846 15.031438254144009 -0.015584734230140198 16.842637334131179 0.061171045982236501 -0.006194589326005499 -0.5 0 0.046605178120161704 0.2858742468060762
decision_type=2 2 2 2 2 2 2 2 2 2 2 1 2 2
left_child=1 -1 3 -3 5 -2 7 -6 9 10 -7 12 13 -8
right_child=4 2 -4 -5 6 8 11 -9 -10 -11 -12 -13 -14 -15
leaf_value=0.00087422092774184926 0.00012218144778053565 0.00060570009765526477 -0.0036704450873642509 0.0024689973966520763 0.0018799200590187922 -0.0054362565722565273 0.0012179476845259429 0.00083809653387389754 -0.0022852548282766899 0.0012515628262458843 -5.5911568027755502e-05 -0.00014064895206869073 -0.0023720107643519978 0.0010397090448236348
leaf_weight=182883.73692321777 3845520.443313241 1518613.2708923817 135121.97094726562 155874.28790283203 501436.38080263138 357452.2470703125 584693.18088531494 72538.8798828125 1012843.3951416016 380487.95947265625 511216.45141601562 12680386.484459162 266401.36473178864 1223823.086242795
leaf_count=78 8349 2750 25 72 791 109 349 13 321 106 156 18464 402 2535
internal_value=5.69287e-06 0.00138978 0.000658393 0.00111499 -0.000122954 -0.000705721 0.000109233 0.0032948 -0.00204678 -0.000788658 -0.00186322 -1.46841e-05 0.00113393 0.00173166
internal_weight=2.34293e+07 1.99249e+06 1.80961e+06 1.67449e+06 2.14368e+07 6.10752e+06 1.53293e+07 573975 2.262e+06 1.24916e+06 868669 1.47553e+07 2.07492e+06 1.80852e+06
internal_count=34520 2925 2847 2822 31595 9041 22554 804 692 371 265 21750 3286 2884
cat_boundaries=0 1
cat_threshold=160
is_linear=0
shrinkage=0.05


Tree=125
num_leaves=15
num_cat=1
split_feature=16 28 18 16 11 16 19 19 23 21 3 23 4 17
split_gain=1427.26 1112.35 1411.6 1854.96 3423.55 2286.63 1849.58 3939.17 1437.44 1246.86 1339.45 1230.99 1132.2 1069.13
threshold=18.650510177953056 0 0.062848074781887822 18.179163792832941 -0.15065407153081437 17.212782933134285 0.016262469629360007 -0.016407059656580947 6.7582366309950865 7.4332380043719963 13.762988967118929 6.9837319657132264 15.404129925016466 0.16135964454892707
decision_type=2 1 10 2 2 2 2 2 10 10 2 10 2 2
left_child=1 13 8 5 -5 -4 7 -6 12 -10 11 -11 -3 -1
right_child=-2 2 3 4 6 -7 -8 -9 9 10 -12 -13 -14 -15
leaf_value=-0.00058216262177354335 -0.0046184113105229383 0.0015342671779267052 -1.430879256393513e-05 -0.00030518817226385473 1.365230664539313e-05 -0.0012475935337724873 -6.7236954016437258e-06 0.00092411352043226679 0.043126218013780755 0.014973256091268454 0.010634385797777023 -0.0018846288996685523 0.0025955204451510289 -0.0017967510233454827
leaf_weight=2021674.2863473892 335870.97497558594 2047346.3705483675 14187538.225912571 551416.0009765625 655226.87768554688 853255.40747070312 740603.07006835938 836715.9833984375 54623.860859632492 75551.241756439209 29918.775634765625 173488.43705844879 38354.075317382812 765679.02185058594
leaf_count=8991 121 7171 15631 129 127 261 147 174 305 256 27 775 18 429
internal_value=3.28793e-05 8.00686e-05 0.000209006 5.51872e-05 0.00124076 -0.000164256 0.00211216 0.00312613 0.00134231 0.00438983 0.00303713 0.00183625 0.000854896 -0.000856377
internal_weight=2.33673e+07 2.30314e+07 2.0244e+07 1.78248e+07 2.78396e+06 1.50408e+07 2.23255e+06 1.49194e+06 2.41928e+06 333582 278958 249040 2.0857e+06 2.78735e+06
internal_count=34562 34441 25021 16469 577 15892 448 301 8552 1363 1058 1031 7189 9420
cat_boundaries=0 1
cat_threshold=25
is_linear=0
shrinkage=0.05


Tree=126
num_leaves=15
num_cat=0
split_feature=19 6 20 0 9 19 19 15 23 8 19 14 1 19
split_gain=1487.87 1658.01 1402.57 1744.86 1425.23 3796.16 5395.46 2717.13 5242.12 2103.21 1554.79 1691.29 1367.82 1271.61
threshold=-0.025572442508694396 13.461871007364469 0.05203257581059121 16.993748182993098 0.20793076625117812 0.016262469629360007 0.012756320567288053 17.7996960086219 1.8842839142952352 0.14137066746495244 -0.014024481491092899 1.5437069834013577 15.084651829390133 0.034215370636019864
decision_type=2 2 10 2 2 2 2 2 10 2 2 10 2 2
left_child=1 -1 4 12 5 6 7 -2 -9 -6 -10 -12 -4 -7
right_child=2 -3 3 -5 9 13 -8 8 10 -11 11 -13 -14 -15
leaf_value=0.0014142485397210273 -0.00092597032023910913 -0.00099285418431862573 -0.001137373859061999 8.2238234292640066e-05 -0.005483813432593557 -0.0021678821447322105 0.0024716378184975619 0.00097676404876530535 0.00044448800040340235 0.00018518703540986502 -0.0034258484677079579 0.00020257110344057842 -0.0031607006675718474 2.0731612968845619e-05
leaf_weight=1625825.5030807257 651593.48608398438 3315880.3505249023 698576.72630548477 98835.2373046875 501739.19118475914 580612.82454681396 188866.45718383789 564592.09252929688 359189.59758377075 13148614.518066883 275758.4994354248 239217.75008392334 408063.41821289062 641674.08155059814
leaf_count=5474 669 1718 1422 19 504 338 96 162 150 23335 135 76 136 356
internal_value=2.01045e-05 -0.000750001 0.000227413 -0.00142114 0.000343278 0.00124319 0.00244881 0.00171757 0.00293071 0.000112437 0.000505213 -0.00125586 -0.00198963 -0.00100493
internal_weight=2.3299e+07 4.94171e+06 1.83573e+07 1.20548e+06 1.71519e+07 3.5015e+06 2.27922e+06 2.09035e+06 1.43876e+06 1.36504e+07 874166 514976 1.10664e+06 1.22229e+06
internal_count=34590 7192 27398 1577 25821 1982 1288 1192 523 23839 361 211 1558 694
is_linear=0
shrinkage=0.05


Tree=127
num_leaves=15
num_cat=0
split_feature=9 17 17 11 11 10 17 22 21 4 17 9 1 20
split_gain=2162.91 7123.21 1346.8 2158.27 1342.22 1332.13 2304.17 1461.76 3025.92 3634.99 1818.48 2170.28 3679.34 1391.19
threshold=0.099641508914028162 0.16135964454892707 0.39211591187223777 -0.056514246921988545 -0.14652427829735695 0.051858354433619906 0.31408482136343246 17.053857670155924 11.259500804045736 17.181523356598721 0.27895765299337733 0.1943338755616151 15.80192062988186 -0.036863791796119892
decision_type=2 2 2 2 2 2 2 2 10 2 2 2 2 8
left_child=1 -1 5 4 -4 13 7 -7 9 10 11 12 -9 -2
right_child=2 -3 3 -5 -6 6 -8 8 -10 -11 -12 -13 -14 -15
leaf_value=-0.0013696911069423583 0.00066512542827828341 0.0018475641188206657 -0.00024228757727720658 -0.0024696303147298277 0.00079707792163868571 -0.0005742478346217509 0.00081408912587783641 -0.00057457446783358286 0.0018916423073082639 -0.0036710197443917628 -0.0018673990270678406 0.0015799213024652913 0.0016101612670275365 -0.00028266487723297416
leaf_weight=244589.99517822266 911872.47171354294 230330.23809814453 265773.02252197266 889226.79547119141 245525.22412109375 3284161.6109329462 278058.17913818359 165933.98176574707 74775.923309326172 251391.30126953125 115643.76354980469 3793129.6063907146 235178.5849609375 12380865.362993121
leaf_count=233 1259 48 125 331 87 7154 78 200 39 40 42 6147 59 18750
internal_value=6.33748e-05 0.00340317 -5.9145e-06 -0.00150825 0.00108024 9.19898e-05 0.000593248 0.000436188 0.0010079 0.000844345 0.00118524 0.00135578 0.00485335 -0.00021716
internal_weight=2.33665e+07 474920 2.28915e+07 1.40053e+06 511298 2.1491e+07 8.19827e+06 7.92021e+06 4.63605e+06 4.56128e+06 4.30989e+06 4.19424e+06 401113 1.32927e+07
internal_count=34592 281 34311 543 212 33768 13759 13681 6527 6488 6448 6406 259 20009
is_linear=0
shrinkage=0.05


Tree=128
num_leaves=15
num_cat=0
split_feature=7 26 0 24 8 24 0 20 5 6 14 9 10 7
split_gain=2364.77 1503.54 1460.09 1171.49 2498.83 1089.12 1338.09 1040.74 1122.91 1033.45 1010.64 949.504 881.775 879.36
threshold=16.98736325551755 1.0000000180025095e-35 16.84045422280521 29.675544147785903 0.47264712812707804 -1.8434447414988349 14.698311606593888 0.05203257581059121 15.958426927865597 14.010305124920231 1.1642031943738416 0.17453154080605807 0.54264034449228149 15.341005383859821
decision_type=2 2 2 10 2 8 2 10 2 2 8 2 2 2
left_child=2 -2 3 5 -5 6 -1 12 11 10 -6 -9 -7 -14
right_child=1 -3 -4 4 9 7 -8 8 -10 -11 -12 -13 13 -15
leaf_value=-0.00072146625225498397 -7.4765410173566695e-05 -0.0010551188717379952 0.00068588114288350912 0.012109175861697553 -0.0066069852367601004 1.138337427637359e-05 0.0070343106932798105 0.0047743941601899546 -0.0028128938131321501 -0.0090945879605775458 0.010999705175915243 -0.0030241575878795389 0.0054360996179285033 0.014912985676791144
leaf_weight=95845.882774353027 1176872.7329101562 1165158.4575195312 526209.57885742188 97341.678922653198 61123.640758514404 18432856.077824593 81193.796081542969 60221.339141845703 189708.11499023438 68871.451232910156 45423.459436416626 823223.0141248703 503623.83661437035 32490.89501953125
leaf_count=271 201 200 118 157 105 29499 36 63 53 52 132 1416 2172 12
internal_value=-1.76616e-05 -0.00152471 0.000150267 8.34866e-05 0.0033384 3.95772e-05 0.00394406 5.08736e-06 -0.00150973 -0.000226599 0.0028589 -0.000760243 9.07869e-05 0.0020897
internal_weight=2.33602e+07 2.34203e+06 2.10181e+07 2.04919e+07 272760 2.02192e+07 177040 2.00421e+07 1.07315e+06 175419 106547 883444 1.8969e+07 536115
internal_count=34487 401 34086 33968 446 33522 307 33215 1532 289 237 1479 31683 2184
is_linear=0
shrinkage=0.05


Tree=129
num_leaves=15
num_cat=0
split_feature=20 17 17 20 9 23 19 2 20 2 9 3 23 22
split_gain=1050.9 1566.27 2736.18 2976.23 1484.92 2859.67 1505.09 3006.26 1384.05 1510.48 1924.94 1451.14 1553.41 1969.82
threshold=-0.029547630580271298 0.31408482136343246 0.037514686128720907 -0.05916215992804829 0.099641508914028162 2.4592401346601553 -0.018468429717034846 13.96468888223211 0.05203257581059121 15.25666115188052 0.22149683170429854 14.712079425912988 4.2586100650120358 16.658468846749958
decision_type=8 2 2 10 2 10 2 2 10 2 2 2 8 2
left_child=1 2 -1 -4 5 -2 7 -6 11 10 -10 -8 -13 -14
right_child=4 -3 3 -5 6 -7 8 -9 9 -11 -12 12 13 -15
leaf_value=0.00014800452597430483 -0.00044232765989588789 -0.00093903340083129397 -0.00010288639330902435 0.0014833007036266803 0.0013334876479384871 0.0020924254464250048 -0.00011726719052922047 -0.0017168774100332447 0.0065070929186090689 -0.001646853716360531 -0.0041704708068820802 0.00044615630580180696 0.0036717058225458122 -0.002327789351288198
leaf_weight=1118023.2116917372 209810.71646118164 241832.80010986328 249190.21301269531 398210.17709350586 2216749.2718645334 159471.86463928223 8591936.0625362396 2878738.1369018555 63282.477516174316 420414.28356933594 662242.84003782272 4772555.7053222656 310317.31768798828 1041652.0701293945
leaf_count=2395 96 102 111 199 6379 163 20045 1302 83 127 1317 1636 129 406
internal_value=0.000137974 0.00123172 0.00174866 0.00433542 3.50327e-05 0.00317807 -2.03484e-05 -0.000767947 0.000219803 -0.00145391 -7.20687e-05 0.000350132 0.000938207 -0.000557922
internal_weight=2.33344e+07 2.00726e+06 1.76542e+06 647400 2.13272e+07 369283 2.09579e+07 5.09549e+06 1.58624e+07 1.14594e+06 725525 1.47165e+07 6.12453e+06 1.35197e+06
internal_count=34490 2807 2705 310 31683 259 31424 7681 23743 1527 1400 22216 2171 535
is_linear=0
shrinkage=0.05


Tree=130
num_leaves=15
num_cat=1
split_feature=25 4 29 8 16 22 23 17 17 23 19 4 4 4
split_gain=1285.81 2100.21 1300.67 1661.61 1239.4 1792.07 3897.71 3123.48 2532.73 2426.41 3692.28 1957.36 1791.36 2016.5
threshold=-0.93301270189221919 17.458037941908348 0 0.47264712812707804 18.534756489305497 19.585498256664632 3.1178987166590555 0.16135964454892707 0.12005163561103827 2.3158080270847505 -0.0093007948730438484 15.937568612521352 16.410410087137191 17.181523356598721
decision_type=2 2 1 2 2 2 10 2 2 10 2 2 2 2
left_child=1 2 3 -1 5 11 9 8 -8 -7 -11 -2 -13 -14
right_child=4 -3 -4 -5 -6 6 7 -9 -10 10 -12 12 13 -15
leaf_value=0.0049605283054287878 -1.2503703855669668e-05 0.00034841501824714249 0.00024113657439925405 -0.0031955252101482246 -0.001651829703237397 -0.0020991278284111393 0.00030068749279543462 -0.0035602767905795621 0.0050257124746404917 0.00012122631916807827 0.0033313665872683378 -0.001580349050321111 8.1284257240166047e-05 -0.0021436278583106998
leaf_weight=169374.77597808838 14965918.582516551 94639.27001953125 1565119.5163595676 95904.898511886597 616389.08700561523 254235.48623657227 505915.73980331421 602620.92297363281 78173.931762695312 372097.11192321777 468360.79956054688 1300476.7952880859 1761620.0900878906 478026.7607421875
leaf_count=150 29115 15 2469 274 228 108 721 243 63 153 206 411 416 85
internal_value=-5.11179e-05 0.00118664 0.000811114 0.00404849 -0.000162441 -9.69234e-05 0.00122529 -0.000759646 0.0018459 0.00337708 0.00467177 -0.000259925 -0.00131721 -0.000460144
internal_weight=2.33289e+07 1.92504e+06 1.8304e+06 265280 2.14038e+07 2.07874e+07 2.2814e+06 1.18671e+06 584090 1.09469e+06 840458 1.8506e+07 3.54012e+06 2.23965e+06
internal_count=34657 2908 2893 424 31749 31521 1494 1027 784 467 359 30027 912 501
cat_boundaries=0 1
cat_threshold=8
is_linear=0
shrinkage=0.05


Tree=131
num_leaves=15
num_cat=3
split_feature=24 9 11 6 28 24 10 8 22 11 7 29 29 1
split_gain=1279.22 2088.32 1194.62 2466.07 1944.91 1922.14 1614.93 1972.21 1733.62 1583.16 1619.75 1479.92 1310.17 2115.15
threshold=29.675544147785903 0.4728103479894093 0.12804778057018137 17.356241645943843 0 1.2213433041331703 0.29122376437308001 0.27096312069424594 21.06749716986349 0.12366346145278931 17.115974588496943 1 2 16.84045422280521
decision_type=10 2 2 2 1 10 2 2 2 2 2 1 1 2
left_child=2 -2 3 9 11 -6 8 -8 -7 10 12 -4 13 -1
right_child=1 -3 4 -5 5 6 7 -9 -10 -11 -12 -13 -14 -15
leaf_value=0.00055482337490283574 0.011163651367660454 0.0024478419879331668 0.0014505965099226241 0.00026068889503687211 -0.0020541269336113066 0.00011712978726430528 0.01522363068477638 0.010752683227661602 0.0024623343371878246 0.0027262266513797678 -0.00095774572866667818 -0.0020322597553077463 -7.3041015461967001e-05 0.00061637893869981677
leaf_weight=4233394.3011549711 72155.107246398926 203932.15856075287 711441.67288208008 622290.12548828125 1119366.0822429657 1722442.1518073082 45051.378177642822 310655.15717840195 63213.350982666016 122192.45300102234 634998.1953125 3115821.5530495644 10162322.598396063 189550.16137695312
leaf_count=5528 119 332 1055 92 2228 4092 58 1206 42 129 114 3334 16182 42
internal_value=2.73467e-05 0.0034106 -1.31722e-05 0.000226658 -0.000553357 0.000343959 0.00122166 0.00429814 0.000608819 0.000101505 5.59962e-05 -0.00131784 0.000163621 0.00088194
internal_weight=2.33288e+07 276087 2.30527e+07 1.59647e+07 7.08799e+06 3.26073e+06 2.14136e+06 355707 1.78566e+06 1.53425e+07 1.52203e+07 3.82726e+06 1.45853e+07 4.42294e+06
internal_count=34553 451 34102 22087 12015 7626 5398 1264 4134 21995 21866 4389 21752 5570
cat_boundaries=0 1 2 3
cat_threshold=400 2 28
is_linear=0
shrinkage=0.05


Tree=132
num_leaves=15
num_cat=1
split_feature=28 11 16 2 22 8 14 14 16 17 25 8 21 27
split_gain=1386.57 1896.25 2452.53 2378.99 1871.46 3004.39 1692.37 1923.73 2332.83 2069.15 3419.64 1342.98 1351.97 2014.3
threshold=0 0.11548245711180712 18.534756489305497 16.996524025785622 19.593415907659992 0.2738144895036892 2.3474724148787502 2.3300545347507993 18.407908271991452 0.089239508121144312 0.68301270189221941 0.079084972427515068 10.597509584741148 8.5000000000000018
decision_type=1 2 2 2 2 2 10 8 2 2 2 2 10 2
left_child=11 2 6 4 -3 -6 7 8 9 -2 -11 -1 13 -13
right_child=1 3 -4 -5 5 -7 -8 -9 -10 10 -12 12 -14 -15
leaf_value=0.0015733121800119581 0.00026385006223941901 -0.0017602282456834276 0.00092773291474971533 -0.0026782462644484228 0.0040052145005472738 -0.0028130234268906717 -0.0018208561300641813 0.0039520129951633263 0.0011121356497722011 -0.0021930707316909089 0.00035456835278292688 0.00014321392659243296 -0.00013086719756243728 0.0028560245782904311
leaf_weight=138443.65865457058 7598297.901227355 4836999.1813621521 279217.69573974609 481640.5009765625 197425.97155761719 180694.73782348633 1298592.4308335781 136022.44228601456 323378.1286315918 1111989.8227539062 531672.91818237305 2168884.8403383493 2998964.8124279976 994175.01141893864
leaf_count=152 9999 8554 109 76 117 228 4605 222 88 400 184 3852 4085 1815
internal_value=5.03815e-05 -0.000184719 0.000190839 -0.000928296 -0.000617782 0.00276989 7.33724e-05 0.000300276 0.000216315 7.02536e-05 -0.0015383 0.000683833 0.000574415 0.00129556
internal_weight=2.32764e+07 1.69759e+07 1.12792e+07 5.69676e+06 5.21512e+06 378121 1.1e+07 9.70136e+06 9.56534e+06 9.24196e+06 1.64366e+06 6.30047e+06 6.16202e+06 3.16306e+06
internal_count=34486 24582 15607 8975 8899 345 15498 10893 10671 10583 584 9904 9752 5667
cat_boundaries=0 1
cat_threshold=710
is_linear=0
shrinkage=0.05


Tree=133
num_leaves=15
num_cat=1
split_feature=20 11 8 3 0 8 0 11 28 19 5 4 5 20
split_gain=1308.65 1164.8 2144.8 3302.88 1446.96 1404.8 1827.05 1324.33 1286.14 1261.23 1216.23 2147.47 1310.48 1165.53
threshold=0.075003129718802464 0.12804778057018137 0.17821180525053623 17.445700346247609 16.395876229078294 0.19925397828363969 14.82627648560308 0.12366346145278931 0 -0.039197507078945044 16.793627513211842 15.811075110773315 15.438052545520319 -0.041772712071427742
decision_type=10 2 2 2 2 2 2 2 1 2 2 2 2 8
left_child=1 7 4 5 9 6 -4 13 10 -3 11 12 -7 -1
right_child=-2 2 3 -5 -6 8 -8 -9 -10 -11 -12 -13 -14 -15
leaf_value=0.00067922999779182231 -0.0030325378732430964 0.0029148862477461489 -0.0027056883843094483 0.0012642914544802849 -0.0032683633091095325 0.0010853222686691894 0.0029973836505113611 0.0029589078732172877 -0.0021663560824483992 -0.0028720354987571378 -0.01167827673338357 0.0048251459060737207 -0.0017287457271571627 7.2339549894642597e-05
leaf_weight=905174.67512083054 511136.49049520493 95527.729949951172 124533.03866958618 56006.861328125 381204.49633789062 1681342.0516052246 167299.66674804688 119927.95153522491 3570367.3458690643 599275.86678552628 92116.4404296875 116834.14318847656 143931.69604492188 14754524.839867711
leaf_count=1166 661 91 186 9 69 4385 60 127 6420 682 18 36 60 20584
internal_value=9.04924e-06 6.51216e-05 -0.000470268 -9.89082e-05 -0.00252462 -0.000213696 0.00316842 0.000303591 -0.000389804 -0.00116649 0.000613652 0.000879917 0.00045927 0.000263505
internal_weight=2.33192e+07 2.28081e+07 7.02844e+06 5.95243e+06 1.07601e+06 5.89642e+06 291833 1.57796e+07 5.60459e+06 694804 2.03422e+06 1.94211e+06 1.82527e+06 1.56597e+07
internal_count=34554 33893 12016 11174 842 11165 246 21877 10919 773 4499 4481 4445 21750
cat_boundaries=0 1
cat_threshold=614
is_linear=0
shrinkage=0.05


Tree=134
num_leaves=15
num_cat=0
split_feature=11 9 26 8 24 19 11 17 8 4 8 25 4 24
split_gain=1137.1 2391.51 6078.81 1626.6 1783.36 3047.56 4330.88 4983.75 4201.7 1620.81 1804.15 2962.99 1806.75 1410.08
threshold=-0.070000168779436892 0.13056622037921709 1.0000000180025095e-35 0.16368538215422643 1.4770627534572751 0.016262469629360007 0.12804778057018137 0.31408482136343246 0.11957039339654042 15.811075110773315 0.34989924431085156 0.25000000000000011 16.554399131064109 4.4764529762567458
decision_type=2 2 2 2 8 2 2 2 2 2 2 2 2 10
left_child=1 2 -1 4 5 6 7 8 -2 -5 11 12 -11 -6
right_child=3 -3 -4 9 13 -7 -8 -9 -10 10 -12 -13 -14 -15
leaf_value=0.0018211218937313573 0.0040745951918975658 0.00013996517783263298 -0.00033049831770153981 -0.00033934690984520761 -0.0026449216873745988 -0.0027271777506008461 -0.0030741652452954404 -0.0029496050506004675 0.0010709098722990547 0.0027998038903020756 -0.0035161634465477112 0.00041890490862049623 -0.0016070881996929254 -7.1159275096638314e-05
leaf_weight=208272.66496276855 230472.42613220215 8318026.9982504845 265930.92352294922 9454790.7351379395 1218316.9137477875 455751.75310516357 289885.84054756165 292110.4794921875 300020.02415275574 412358.68762207031 398245.82556152344 676698.12585449219 433553.337890625 468743.00079059601
leaf_count=141 105 14107 148 17896 714 194 166 67 143 125 121 172 88 389
internal_value=4.37192e-05 0.000493119 0.00394682 -0.00022634 -0.00121186 1.9503e-06 0.00141272 0.00326467 0.0061526 5.56812e-05 0.0013798 0.00216348 0.000190714 -0.00234019
internal_weight=2.34232e+07 8.79223e+06 474204 1.46309e+07 3.2553e+06 1.56824e+06 1.11249e+06 822603 530492 1.13756e+07 1.92086e+06 1.52261e+06 845912 1.68706e+06
internal_count=34576 14396 289 20180 1778 675 481 315 248 18402 506 385 213 1103
is_linear=0
shrinkage=0.05


Tree=135
num_leaves=15
num_cat=0
split_feature=7 7 1 11 25 16 22 24 8 9 15 1 7 6
split_gain=1685.73 1277.25 1737.48 1193.8 1597.76 5687.97 2702.51 1917.68 5219.82 1711.37 4597.6 1442.22 1357.7 2445.77
threshold=17.376805783880858 16.98736325551755 16.995067760631983 -0.063208372046369185 0.25000000000000011 18.314726746826736 17.614755522059962 0.86965070831088365 0.20286302323876182 0.34947942343131305 19.326047965111346 16.684754232979486 15.773853429635489 15.215897328759032
decision_type=2 2 2 2 2 2 2 8 2 2 2 2 2 2
left_child=1 2 3 4 6 7 9 8 -6 10 -1 -5 13 -9
right_child=-2 -3 -4 11 5 -7 -8 12 -10 -11 -12 -13 -14 -15
leaf_value=0.0011408523984024093 0.00013217783397734875 -0.00043403465935350129 0.00066339935315142418 -0.00013629713457125034 0.0019940503176900889 0.0038438056397676343 -0.0021429184145418485 0.00060952754436312273 0.0025191930108352093 0.00013486974242017319 0.01059806018907759 -0.0018060231938569077 -0.0014534309912613251 0.0025514597391504824
leaf_weight=715549.23531723022 899715.30029296875 1408738.1494140625 221006.94848632812 12074227.974006653 139624.6544380188 130936.58546447754 2156211.7435309887 2193532.5716450214 530912.09573030472 1661359.0996930599 95489.372192382812 425987.84448242188 395290.81176757812 179827.79614257812
leaf_count=803 131 267 49 19323 109 77 3209 4688 1166 4308 63 101 114 78
internal_value=6.67237e-05 -1.87781e-05 7.93542e-05 3.22697e-05 0.000501133 0.00129589 -0.000111879 0.000906481 0.00330561 0.0010164 0.00289915 -0.000275252 0.000325439 0.000777309
internal_weight=2.32284e+07 2.23287e+07 2.092e+07 2.06989e+07 8.19873e+06 3.57012e+06 4.62861e+06 3.43919e+06 670537 2.4724e+06 811039 1.25002e+07 2.76865e+06 2.37336e+06
internal_count=34486 34355 34088 34039 14615 6232 8383 6155 1275 5174 866 19424 4880 4766
is_linear=0
shrinkage=0.05


Tree=136
num_leaves=15
num_cat=0
split_feature=3 4 0 5 2 4 9 11 7 1 4 7 9 4
split_gain=2650.44 1078.02 1391.94 1126.03 1406.54 2116.21 1254.32 2221.28 1333.17 1336.77 1045.89 1032.25 945.076 829.426
threshold=17.445700346247609 17.181523356598721 17.156634566241113 17.131665029836004 16.996524025785622 16.701148858548322 0.11263565210970426 -0.077904549126598596 16.610313958149195 16.395026300101303 16.410410087137191 16.203243434593986 0.16480325760715323 16.283999875186893
decision_type=2 2 2 2 2 2 2 2 2 2 2 2 2 2
left_child=1 2 3 4 5 6 7 -1 9 10 11 13 -7 -8
right_child=-2 -3 -4 -5 -6 12 8 -9 -10 -11 -12 -13 -14 -15
leaf_value=0.0016918245139966673 0.00013670008819096938 -0.0012246684897492168 0.0004875407687281089 -0.003747632304647914 0.00068423866692129097 -0.0012695738604473735 0.00010571690280472779 -5.3736312936627088e-06 0.0025668506175239988 -0.0021465564555013146 0.0012536416106083189 -0.00066834317192289655 -0.0004012300391232825 -0.0045790199072587778
leaf_weight=78789.38005065918 835881.82275390625 767875.63452148438 309467.07275390625 113292.37353515625 330641.78002929688 460275.89965820312 17810570.13945663 137440.95527648926 272409.88061523438 647456.81616210938 336914.38525390625 511239.84887695312 478821.09448242188 125113.82446289062
leaf_count=149 121 141 60 22 68 101 33059 147 63 183 100 147 112 42
internal_value=5.76812e-05 -4.55647e-05 1.98453e-05 -2.8518e-05 -1.93757e-06 -5.32255e-05 5.61231e-05 0.00384357 1.45593e-05 -3.41373e-05 4.28575e-05 -7.56426e-06 -0.00237271 5.55829e-05
internal_weight=2.32162e+07 2.23803e+07 2.16124e+07 2.1303e+07 2.11897e+07 2.0859e+07 1.99199e+07 216230 1.97037e+07 1.94313e+07 1.87838e+07 1.84469e+07 939097 1.79357e+07
internal_count=34515 34394 34253 34193 34171 34103 33890 296 33594 33531 33348 33248 213 33101
is_linear=0
shrinkage=0.05


Tree=137
num_leaves=15
num_cat=1
split_feature=19 3 3 8 20 28 8 5 23 9 5 8 19 24
split_gain=1521.69 2256.46 1837.85 1421.85 2385.42 1795.92 2444.91 4721.11 1836.46 2749.17 2381.98 1453 1338.37 1983.93
threshold=-0.025572442508694396 17.445700346247609 13.305056975328563 0.18190792179624982 -0.039274574527554992 0 0.23857776118454019 16.440364546327579 1.7866793806953503 0.29002137798542671 14.734903986928076 0.27096312069424594 0.021145090474372654 1.8519302615259103
decision_type=2 2 2 2 8 1 2 2 10 2 2 2 2 8
left_child=2 3 -1 4 -2 6 7 8 -5 10 -10 -8 13 -6
right_child=1 -3 -4 5 12 -7 11 -9 9 -11 -12 -13 -14 -15
leaf_value=0.0017663815401197823 0.0005733397339091204 0.0001358759596509575 -0.00074854486618473014 -0.00062062968930011713 0.000354399335587618 -1.5820884510409446e-05 -0.0013635161174445768 0.0030401382893456589 0.0036553327452403571 -0.0032024859884155921 0.0045725743799232025 0.0010034673094970041 -0.0010089934655164912 -0.0011209306588117003
leaf_weight=1533463.1992795467 151430.12791633606 643882.81201171875 3333590.945892334 187480.26861000061 1324441.0439758301 9590775.9888306856 401194.08389472961 118043.546875 128953.52418899536 130116.8591709137 119325.54431152344 3126664.8719221354 1459727.825591445 1151141.3586359024
leaf_count=5370 74 93 1836 167 727 16113 343 27 162 161 58 7381 953 1046
internal_value=4.14341e-06 0.000210768 -0.000782657 0.000106099 -0.000713103 0.000348653 0.0012093 0.00394534 0.00204798 0.00405294 0.00713822 0.000678893 -0.000950066 -0.000242012
internal_weight=2.34002e+07 1.85332e+07 4.86705e+06 1.78893e+07 4.08674e+06 1.38026e+07 4.21178e+06 683920 565876 378396 248279 3.52786e+06 3.93531e+06 2.47558e+06
internal_count=34511 27305 7206 27212 2800 24412 8299 575 548 381 220 7724 2726 1773
cat_boundaries=0 1
cat_threshold=230
is_linear=0
shrinkage=0.05


Tree=138
num_leaves=15
num_cat=0
split_feature=19 3 2 14 18 9 14 10 3 19 23 6 10 6
split_gain=1620.78 2444.24 1667.75 1328.21 1560.84 2754.26 1776.19 1789.74 4369.4 1694.77 1947.36 2958.73 1563.01 1490.39
threshold=-0.025572442508694396 17.445700346247609 13.508942513304182 2.3474724148787502 0.017523061796571954 0.18934025675728464 1.4601957803951482 -0.11050003848079633 15.203240784805905 0.051609855019227706 0.44770571011952853 15.793578236670717 -0.059266550924993645 17.129815940530211
decision_type=2 2 2 10 10 2 10 2 2 2 10 2 2 2
left_child=2 3 -1 4 5 -2 -6 8 -8 10 11 -9 -12 -5
right_child=1 -3 -4 13 6 -7 7 9 -10 -11 12 -13 -14 -15
leaf_value=0.0011764820014602314 0.0082648276858427096 0.0002229532418078433 -0.00080946958585487476 -0.00027750098388533797 -0.00039522985236774884 0.0049370886867796428 0.0003579820524159331 -8.8977394364181233e-06 0.0013586886792472045 -0.0011149823632732743 -0.001664104042707777 0.0014309882921343089 0.00023880873756879632 -0.0046692621076345406
leaf_weight=1731614.2527786493 23169.155548095703 633783.80322265625 3120422.4979553223 2868404.9511778355 7984276.4988770485 913881.72801959515 1046340.9620242119 329367.66932868958 630196.50439453125 378045.6226079464 382331.14595794678 270276.79541015625 2885053.6580526829 200530.93798828125
leaf_count=5553 174 92 1597 7527 10454 4158 1610 394 203 309 250 72 2113 35
internal_value=9.31887e-06 0.000222175 -0.00080427 0.000114201 0.00030998 0.00228516 0.000176882 0.000833048 0.00221624 0.000286775 0.000599143 0.00321827 0.000118468 -0.000832687
internal_weight=2.33977e+07 1.85457e+07 4.85204e+06 1.79119e+07 1.48429e+07 937051 1.39059e+07 5.92161e+06 1.67654e+06 4.24507e+06 3.86703e+06 599644 3.26738e+06 3.06894e+06
internal_count=34541 27391 7150 27299 19737 4332 15405 4951 1813 3138 2829 466 2363 7562
is_linear=0
shrinkage=0.05


Tree=139
num_leaves=15
num_cat=1
split_feature=16 3 19 3 3 19 14 7 15 14 10 10 28 23
split_gain=1663.73 3459.3 1047.59 3231.53 2034.1 1388.32 2431.94 1321.56 1484.25 1394.46 1169.98 1528.11 1336.21 1968.21
threshold=18.650510177953056 17.445700346247609 -0.029986948250196144 17.171183635107628 16.153319173089113 -0.029759344070959644 1.383325065610973 17.115974588496943 19.393848674083568 2.4898991146353726 0.049083492096420905 0.066837316019536366 0 2.3916062024611104
decision_type=2 2 2 2 2 2 8 2 2 10 2 2 1 8
left_child=1 2 3 4 10 6 -4 8 9 -7 -1 -12 13 -13
right_child=-2 -3 5 -5 -6 7 -8 -9 -10 -11 11 12 -14 -15
leaf_value=-0.0020394675669906013 -0.0039835801738902178 0.00022855354735986817 -0.0020763740878643219 0.0013928893776405339 -0.0012576857954259464 0.0003111637335825404 0.0078870440353980657 -0.00093839711293672062 -0.0024275608368682167 -0.0021040565265868318 0.0088796256916413071 0.0038803971053842402 -0.00098441973920345522 0.0018559018081236321
leaf_weight=1661480.2933205366 335893.67584228516 725591.81396484375 85793.30645942688 100214.052734375 529278.9716796875 15806134.738773704 81941.946691513062 660024.7080078125 766276.41202926636 1395750.8117964268 70669.855445861816 41248.442334651947 866291.16316604614 103277.43070149422
leaf_count=3049 116 105 129 19 132 21327 133 118 777 6451 122 97 1599 247
internal_value=0.000102387 0.000153641 4.24467e-05 -0.000768994 -0.00103985 0.000188039 0.00471655 0.000147263 0.000227978 0.000323891 -0.00049225 0.000787677 0.000290721 0.00474126
internal_weight=2.32299e+07 2.2894e+07 2.21684e+07 3.37246e+06 3.27225e+06 1.87959e+07 167735 1.86282e+07 1.79682e+07 1.72019e+07 2.74297e+06 1.08149e+06 1.01082e+06 144526
internal_count=34421 34305 34200 5265 5246 28935 262 28673 28555 27778 5114 2065 1943 344
cat_boundaries=0 1
cat_threshold=82
is_linear=0
shrinkage=0.05


Tree=140
num_leaves=15
num_cat=0
split_feature=3 25 25 16 3 19 22 22 10 23 22 10 21 11
split_gain=2401.28 1448.82 1590.63 1790.78 1779.86 2740.25 2513.31 1714.55 2201.65 1870.93 2307.18 2297.6 2124.24 1710.66
threshold=17.445700346247609 -0.93301270189221919 -0.24999999999999997 16.732634901765508 14.752723084872505 -0.010786498609322749 17.36764517752238 18.007319161832651 0.15410700526675034 1.0000000180025095e-35 18.786968878750148 -0.0093581280678662494 10.98975100650992 -0.15065407153081437
decision_type=2 2 2 2 2 2 2 2 2 10 2 2 10 2
left_child=1 -1 3 4 -3 -6 -7 -4 9 10 11 -9 -11 -10
right_child=-2 2 7 -5 5 6 -8 8 13 12 -12 -13 -14 -15
leaf_value=0.00072121272751701217 0.00014405788263330402 -0.0020780224707024758 -0.00037539175607420046 -0.0012680485566660662 -0.00099026063920284904 0.0036617656666981186 2.5892476068149175e-06 0.0003663818353038377 0.0084630192287426121 -0.00015491354145342356 -0.0084505738439370533 0.0026061474678684545 0.0012196127170607327 0.0017993393555159815
leaf_weight=1963767.3832274675 809886.2998046875 3955791.0578198433 8651114.3406316042 2144828.1686267853 570579.31707763672 448603.02691650391 426944.74365234375 199564.18425750732 172631.20983433723 2871887.3914550543 125340.01501655579 126144.50408172607 404826.62164306641 559862.25620746613
leaf_count=2935 118 9565 15045 1195 250 208 186 186 410 3108 174 87 187 936
internal_value=-2.96181e-05 -0.00012539 -0.00024876 -0.00082706 -0.000341734 0.00115934 0.00291637 8.41019e-05 0.000880402 0.000387975 0.00340711 0.00562545 -2.76171e-05 0.00338643
internal_weight=2.34318e+07 2.26219e+07 2.06581e+07 7.54675e+06 5.40192e+06 1.44613e+06 875548 1.31114e+07 4.46026e+06 3.72776e+06 451049 325709 3.27671e+06 732493
internal_count=34590 34472 31537 11404 10209 644 394 20133 5088 3742 447 273 3295 1346
is_linear=0
shrinkage=0.05


Tree=141
num_leaves=15
num_cat=1
split_feature=9 5 6 24 2 9 15 9 9 28 17 0 1 3
split_gain=1371.19 4330.63 1691.62 1156.95 1644.5 957.194 857.91 956.167 1664.96 1106.22 1306.98 2439.52 1101.73 2096.87
threshold=0.099641508914028162 17.131665029836004 16.803986779003264 -1.8434447414988349 14.783352547626933 4.8306859531814297 19.406561740727586 0.11263565210970426 0.12238891660113292 0 0.14878762078016677 14.780286135977523 17.423965936235351 17.006344156415725
decision_type=2 2 2 8 2 2 2 2 2 1 2 2 2 2
left_child=1 2 -1 4 -2 6 7 -5 -9 10 11 -10 13 -11
right_child=3 -3 -4 5 -6 -7 -8 8 9 12 -12 -13 -14 -15
leaf_value=0.00088664260367564722 0.0003118208703134303 0.0013275346289869396 -0.0026927632410057318 -0.0018379508515923419 0.0067356846736211342 0.006252337694026131 -0.0034364245866845573 0.0011532574925704818 -0.0014025684216353686 -1.4638073005660722e-06 -0.0028618333264979739 0.0056282827112812683 -0.0015613534072361497 0.00037979779586841904
leaf_weight=136022.38359069824 112188.80307006836 164767.5634765625 136776.603515625 338774.20668029785 68596.692993164062 870511.84625244141 826799.07408905029 319069.21812438965 1837802.6243268251 16281961.922274113 683047.02227783203 28724.6201171875 591045.81005859375 924668.79541015625
leaf_count=212 283 26 28 124 29 2942 717 136 8351 20996 444 18 87 173
internal_value=1.96573e-05 0.00279223 -0.00107355 -3.33592e-05 0.00395068 -6.50852e-05 -0.000129915 -6.77305e-05 -2.4539e-05 -8.07382e-05 -0.0010548 -0.000369979 5.87995e-05 0.00013171
internal_weight=2.33208e+07 437567 272799 2.28832e+07 180785 2.27024e+07 2.18319e+07 2.10051e+07 2.06663e+07 2.03473e+07 2.54957e+06 1.86653e+06 1.77977e+07 1.72066e+07
internal_count=34566 266 240 34300 312 33988 31046 30329 30205 30069 8813 8369 21256 21169
cat_boundaries=0 1
cat_threshold=25
is_linear=0
shrinkage=0.05


Tree=142
num_leaves=15
num_cat=0
split_feature=20 20 17 6 15 14 24 27 8 1 1 15 23 9
split_gain=1078.73 2330.74 1357.52 1044.08 1032.1 1514.26 1032.21 1392.69 1120.43 1030.07 880.924 865.086 2511.31 1274.76
threshold=-0.05345532385139929 -0.049813040619205391 0.057369818065769303 14.805753421441523 14.363194565195966 0.92225932109080733 29.675544147785903 7.5000000000000009 0.51670295075577555 11.822324424398333 12.866464298568845 19.358924260592001 -3.6044341388234296 0.099641508914028162
decision_type=8 8 2 2 2 10 10 2 2 2 2 2 8 2
left_child=2 -2 3 10 5 9 11 8 -8 -3 -1 13 -13 -6
right_child=1 4 -4 -5 6 -7 7 -9 -10 -11 -12 12 -14 -15
leaf_value=0.002294738688265489 0.00075611296134161675 0.006720156011347355 -0.0015088477966987996 0.0036835762088916605 0.00092815970518603903 -8.8822376512391697e-05 0.018697356415740999 -0.0045506520577667719 0.0044204694410754563 0.020183150520569237 -0.0068029060157800041 0.0058966550343291565 -0.00097444885306546098 2.5986676834929335e-05
leaf_weight=156123.0914978981 132103.84994125366 38455.079126119614 296831.05093383789 93988.006225585938 360353.19816589355 118816.75633716583 84388.880971908569 111122.51105308533 89131.330014228821 43079.686157226562 188103.74685668945 127109.27807617188 1820913.810760498 19790027.131198764
leaf_count=694 139 237 120 44 220 412 120 171 162 58 189 121 1690 30154
internal_value=0.000105652 0.000166654 -0.00177953 -1.1064e-05 0.000127918 0.00370064 9.59383e-05 0.00308769 0.0058865 0.008948 -0.00128635 5.74026e-05 -0.00094875 0.000154672
internal_weight=2.34505e+07 2.27155e+07 735046 438215 2.25834e+07 200352 2.2383e+07 284643 173520 81534.8 344227 2.20984e+07 1.94802e+06 2.01504e+07
internal_count=34531 33484 1047 927 33345 707 32638 453 282 295 883 32185 1811 30374
is_linear=0
shrinkage=0.05


Tree=143
num_leaves=15
num_cat=1
split_feature=19 4 24 10 8 3 1 1 19 28 19 0 4 16
split_gain=1379.92 1225.68 1033.6 1383.01 1199.61 977.055 1776.64 1398.22 1226.84 925.251 1525.1 2083.69 2337.81 2309.8
threshold=-0.028865370756790996 13.58703834873304 29.675544147785903 0.24755150283344649 0.51670295075577555 17.445700346247609 16.995067760631983 16.84045422280521 0.0023306812258853502 0 0.046605178120161704 16.03763924788834 14.907408996081463 16.395081116082935
decision_type=2 2 10 2 2 2 2 2 2 1 2 2 2 2
left_child=1 -1 5 4 -4 6 7 9 -8 10 11 12 13 -2
right_child=2 -3 3 -5 -6 -7 8 -9 -10 -11 -12 -13 -14 -15
leaf_value=0.00022160951689918426 0.00048467298778392384 -0.00087062948969638245 0.023858031520332175 -0.0063131080263448703 0.0037029984182677337 7.3028496240156585e-05 -0.00010317883668524003 0.000520633004362079 -0.0026625412595494835 -0.00013366097932424953 -0.0020861053798151004 0.0013542704075611492 -0.0040520974984832158 0.0052358931343304081
leaf_weight=1471598.5647141933 1650771.6386996508 2604284.7730102539 73952.580230712891 66266.194893836975 84335.441143989563 698958.54052734375 539269.9140625 452641.6162109375 590031.42016601562 13129956.777456284 472190.14183413982 401447.92626953125 615458.59118652344 558522.7276763916
leaf_count=4735 4840 1328 106 114 141 101 103 97 111 20958 834 109 290 679
internal_value=-0.000141715 -0.000977794 3.45439e-05 0.00340702 0.0059459 -5.08627e-06 -7.47494e-05 5.08129e-05 -0.00199615 -2.29486e-05 0.000675611 0.00106406 0.000585022 0.00134422
internal_weight=2.34097e+07 4.07588e+06 1.93338e+07 224554 158288 1.91092e+07 1.84103e+07 1.7281e+07 1.1293e+06 1.68283e+07 3.69839e+06 3.2262e+06 2.82475e+06 2.20929e+06
internal_count=34546 6063 28483 361 247 28122 28021 27807 214 27710 6752 5918 5809 5519
cat_boundaries=0 1
cat_threshold=166
is_linear=0
shrinkage=0.05


Tree=144
num_leaves=15
num_cat=0
split_feature=25 9 3 3 6 25 19 7 23 19 22 19 23 8
split_gain=1549.35 3755.91 1748.94 1567.94 1000.88 850.205 1829.46 2537.88 1990.69 1148.43 1385.51 3285.84 1594.22 1517.36
threshold=-0.93301270189221919 0.14407582608325048 16.690778174436563 16.041732990297305 15.947782723660634 -0.6830127018922193 0.055362550854933253 16.805898420640069 2.0007089153292004 0.0538948132917463 18.015356146246784 0.013538468270925351 -2.6989368213334193 0.079084972427515068
decision_type=2 2 2 2 2 2 2 2 10 2 2 2 10 2
left_child=1 -1 3 4 -3 6 7 -2 -8 10 -7 12 -12 -14
right_child=5 2 -4 -5 -6 9 8 -9 -10 -11 11 -13 13 -15
leaf_value=0.00087596066476385264 -0.00087912987113580128 0.0011364121811677104 -0.003471560725568785 0.0019235379284725054 -0.0042581346216066154 -0.00031271367780690419 -0.0014613137920798176 -0.0036608868759784152 0.0042740251598290596 -0.0019814651168132635 0.0017581429032337923 0.00079141514095308965 -0.0010780091881007242 -5.9367841997139857e-06
leaf_weight=168817.87342834473 3309479.0404951572 1461747.0824157 127464.72680664062 170078.28076171875 76692.5 10547291.774676204 81150.327558279037 462958.99658203125 101538.29589176178 923174.28394174576 133902.21718597412 1640682.0894601345 171522.06240081787 3981902.0013744831
leaf_count=77 5517 2774 24 47 24 18376 106 87 170 1345 155 1742 112 4077
internal_value=-2.28863e-05 0.00130611 0.000649863 0.00107137 0.000567747 -0.00014766 -0.000809376 -0.00104602 0.00407722 2.76526e-06 9.89248e-05 0.000710535 -1.76764e-05 -0.000190794
internal_weight=2.33584e+07 2.0048e+06 1.83598e+06 1.70852e+06 1.53844e+06 2.13536e+07 3.95513e+06 3.77244e+06 182689 1.73985e+07 1.64753e+07 5.92801e+06 4.28733e+06 4.15342e+06
internal_count=34633 2946 2869 2845 2798 31687 5880 5604 276 25807 24462 6086 4344 4189
is_linear=0
shrinkage=0.05


Tree=145
num_leaves=15
num_cat=1
split_feature=9 11 11 29 16 11 19 6 7 3 2 3 17 17
split_gain=1823.7 5428.67 1126.11 2778.89 2573.67 2193.13 2239.78 2653.44 2102.41 3469.23 1666.6 4054.68 1543.85 1758.38
threshold=0.099641508914028162 -0.006194589326005499 -0.070000168779436892 0 18.534756489305497 -0.081390816143468145 0.0094135040371133016 16.803986779003264 16.98736325551755 16.690778174436563 16.035613885257231 14.712079425912988 0.0083753703778510508 0.35588037541285428
decision_type=2 2 2 1 2 2 2 2 2 2 2 2 2 2
left_child=1 -1 3 5 -4 6 8 10 9 -2 11 -8 -5 -14
right_child=2 -3 4 12 -6 -7 7 -9 -10 -11 -12 -13 13 -15
leaf_value=-0.00047166038335892825 0.00030189586966359932 0.0010107378842495083 -0.00010097430121010139 0.0018896068292507948 -0.004229092350594604 0.0046606720986562978 0.0016483592010132974 0.00080934079450782094 -0.0012103998803414838 0.0013250421335115781 -0.001778912485992425 0.0062508169565986052 -0.0010175635605093633 0.00046924867061975712
leaf_weight=224013.55354309082 1234555.3146202564 209305.03955078125 13723218.350910187 2139332.1693660021 373026.72177124023 140592.64071655273 568053.7175681591 194464.92236328125 269307.41748046875 64858.9755859375 170317.28149414062 252712.15417480469 3272512.1493453979 369050.81256103516
leaf_count=160 1996 115 19733 7022 143 122 1265 33 46 15 46 119 3483 197
internal_value=4.89941e-05 0.00326228 -1.21501e-05 0.000436035 -0.000287993 0.00170058 0.00138965 0.0030298 0.000150126 0.000983435 0.001982 0.002916 -0.000197206 -0.000823489
internal_weight=2.32053e+07 433319 2.2772e+07 8.67576e+06 1.40962e+07 2.89486e+06 2.75427e+06 1.18555e+06 1.56872e+06 1.29941e+06 991083 820766 5.7809e+06 3.64156e+06
internal_count=34495 275 34220 14344 19876 3642 3520 1463 2057 2011 1430 1384 10702 3680
cat_boundaries=0 1
cat_threshold=28
is_linear=0
shrinkage=0.05


Tree=146
num_leaves=15
num_cat=2
split_feature=7 25 9 1 20 20 29 28 1 6 17 22 8 8
split_gain=2232.38 1942.15 3853.89 2292.2 1486.75 3665.38 1688 2073.54 1288.51 1380.28 972.886 1064.38 916.317 3175.84
threshold=17.376805783880858 -0.93301270189221919 0.14407582608325048 17.156634566241113 -0.024876270524701944 -0.035779561396696198 0 1 15.031438254144009 14.727405637912609 0.0010772851336225003 14.344852323764679 0.10396346776495162 0.096798193245150224
decision_type=2 2 2 2 8 10 1 1 2 2 2 2 2 2
left_child=1 2 -1 10 5 -4 7 -6 9 -8 11 -3 13 -12
right_child=-2 3 4 -5 6 -7 8 -9 -10 -11 12 -13 -14 -15
leaf_value=0.0012737472810122603 0.00013016643353817801 -0.0028863214492550362 -0.00043053738336928569 -0.00072965058543860296 0.0048447301826569679 0.0052568827758381108 -0.00088268089001739588 0.0023983244680979934 -0.0039897185851628606 0.0050844780451132594 -0.0002453625918179499 0.0081839940110468787 -0.00019577043486031915 0.0025816099295352403
leaf_weight=152644.32437133789 954502.44580078125 564698.11698961258 128167.90006065369 570580.5126953125 49926.418288469315 77673.724362373352 629685.5552533865 495541.53891968727 307816.50061035156 65903.98779296875 712879.87645721436 1047275.3386435509 17388457.228847504 197221.69502258301
leaf_count=70 138 2302 202 106 157 105 1309 941 105 38 429 6911 21582 124
internal_value=0.000102219 1.25863e-06 0.00152728 -0.000140856 0.000864387 0.00485673 0.000333815 0.00257252 -0.000883199 0.000308707 -5.13119e-05 0.00112626 -0.000155048 0.00139152
internal_weight=2.3343e+07 2.23885e+07 1.90736e+06 2.04811e+07 1.75472e+06 205842 1.54887e+06 545468 1.00341e+06 695590 1.99105e+07 1.61197e+06 1.82986e+07 910102
internal_count=34519 34381 2927 31454 2857 307 2550 1098 1452 1347 31348 9213 22135 553
cat_boundaries=0 1 2
cat_threshold=10 80
is_linear=0
shrinkage=0.05


Tree=147
num_leaves=15
num_cat=0
split_feature=10 21 16 9 15 4 4 11 17 19 2 0 11 11
split_gain=1161.14 1769.85 1444.63 3458.07 1303.98 1281.43 1486.02 1266.51 3205.91 1932.61 5219.3 2323.71 1512.11 1622.96
threshold=0.042949091005053355 6.704775057094122 18.407908271991452 0.18934025675728464 18.220333147986914 17.181523356598721 16.701148858548322 -0.066974212558948296 0.50405116301040798 0.055362550854933253 16.035613885257231 17.156634566241113 -0.006194589326005499 0.013465213433564152
decision_type=2 8 2 2 2 2 2 2 2 2 2 2 2 2
left_child=1 -1 5 -4 -5 6 -2 8 9 11 -11 -3 -9 -14
right_child=2 7 3 4 -6 -7 -8 12 -10 10 -12 -13 13 -15
leaf_value=0.0082490768606428757 0.00010810818135217238 5.9570486488632142e-05 0.0010199723851392728 0.00034127859886832709 -0.0013987478222069055 -0.0039618692010965273 0.00059405889001247416 -0.0012257924497027157 0.001444617391814032 0.00098694959868477687 0.0045007594396747038 -0.00078600663755936859 0.00066828840414315184 -0.00055815907765781694
leaf_weight=92172.379868984222 7739637.9963572025 5163933.9276049137 379442.12298583984 249316.95739746094 248676.8759765625 115163.78125 284247.7333984375 1442238.5565080643 155320.16436767578 261420.00491547585 67632.82666015625 239175.69189453125 509870.16861724854 6376649.2850341797
leaf_count=151 13914 8566 89 159 47 20 61 1486 66 487 15 39 559 8888
internal_value=1.75356e-07 -0.000279868 0.000444581 0.00237214 -0.00036779 0.000236779 0.00031194 -0.000324644 0.000236671 4.46112e-05 0.00376486 -0.000181954 -0.00072143 -0.000413118
internal_weight=2.33249e+07 1.43084e+07 9.01649e+06 877436 497994 8.13905e+06 8.02389e+06 1.42162e+07 5.88748e+06 5.73216e+06 329053 5.40311e+06 8.32876e+06 6.88652e+06
internal_count=34547 20257 14290 295 206 13995 13975 20106 9173 9107 502 8605 10933 9447
is_linear=0
shrinkage=0.05


Tree=148
num_leaves=15
num_cat=0
split_feature=8 8 8 23 0 3 11 18 14 11 8 11 17 2
split_gain=1223.41 2615.42 1591.97 2299.35 1438.05 3651.85 1329.62 2313.26 2008.03 1409.35 1802.65 2010.79 1315.34 1215.72
threshold=0.10396346776495162 0.096798193245150224 0.17442642456179139 2.6039781056343654 17.419860989426706 17.006344156415725 -0.006194589326005499 0.54841520192399529 1.6956826436250614 -0.077904549126598596 0.079084972427515068 -0.13849335254270204 0.021115310027280055 16.035613885257231
decision_type=2 2 2 10 2 2 2 8 10 2 2 2 2 2
left_child=1 6 3 -2 5 13 9 8 -8 10 11 -1 -5 -4
right_child=2 -3 4 12 -6 -7 7 -9 -10 -11 -12 -13 -14 -15
leaf_value=-0.0041437505793443987 4.9965537127107559e-06 0.001669491722596701 0.00019162212846922551 -3.0772587017468383e-05 -0.001820858132412022 0.00035668830074706633 0.00099934353672103218 -0.0021035155422311561 0.00012055860906096375 -0.0036793046514574574 -0.0017471291742644831 0.00060321005085529444 -0.0029821362284844426 -0.00065207557289197226
leaf_weight=89283.81297326088 2231583.7719268799 260531.82301330566 15648729.86017561 437566.22243690491 238485.8203125 515359.75219726562 251282.91390228271 186854.98062133789 225857.21151018143 224159.37614917755 151309.965259552 112214.39730834961 1167935.9663696289 1549157.669921875
leaf_count=253 1038 138 30585 538 38 97 189 69 119 99 95 37 711 435
internal_value=2.89335e-05 0.00140939 -6.61955e-05 -0.000990624 0.000131396 0.000183322 0.000453233 0.00197886 0.0038257 -0.00130251 0.000667244 0.00376434 -0.00243365 5.9044e-05
internal_weight=2.32903e+07 1.50149e+06 2.17888e+07 3.83709e+06 1.79517e+07 1.77132e+07 1.24096e+06 663995 477140 576968 352808 201498 1.6055e+06 1.71979e+07
internal_count=34441 999 33442 2287 31155 31117 861 377 308 484 385 290 1249 31020
is_linear=0
shrinkage=0.05


Tree=149
num_leaves=15
num_cat=0
split_feature=0 15 14 6 1 4 8 7 20 14 14 7 4 1
split_gain=1551.38 5081.48 3174.11 1627.32 3138 1235.53 927.626 876.918 780.078 1294.92 2201.77 3045.3 1058.79 1037.6
threshold=16.84045422280521 18.179828606340042 1.5744415257333089 16.803986779003264 16.84045422280521 16.701148858548322 0.12460012248063866 10.738661173482123 -0.024876270524701944 2.1460133213896366 2.3208692223973153 14.692311409078973 12.43561572119957 16.684754232979486
decision_type=2 2 10 2 2 2 2 2 8 10 10 2 2 2
left_child=3 -2 -3 4 5 7 -4 -1 9 12 11 -11 -9 -10
right_child=1 2 6 -5 -6 -7 -8 8 13 10 -12 -13 -14 -15
leaf_value=0.0040209771162970894 0.00031744836771168349 0.00027227364681262192 -0.00010088249995423016 -0.002044502433181388 0.0014645042698465745 -0.0012215233680465769 -0.0018042658210438536 0.011402790228225976 -0.00029095068214353019 0.0011382586907591947 3.9697045185496549e-05 0.0044591168875458198 -0.00027569482155607246 -0.0020023229945533212
leaf_weight=1247109.631644249 849165.37841796875 636019.07592773438 607024.53369140625 414652.00634765625 93159.0595703125 398975.44482421875 582611.47924804688 193611.86383056641 16448447.105102539 127474.53680419922 362378.76528930664 149325.87109375 1130442.6914367676 116403.95874023438
leaf_count=11980 167 104 112 88 23 98 104 502 19725 179 433 63 880 31
internal_value=-2.80958e-05 0.00110501 -0.000381282 -0.000174642 -0.000111203 -0.000153481 -0.00190568 -9.79016e-05 -0.000184284 0.000758108 0.0026063 0.00596401 -0.000134094 -0.000295975
internal_weight=2.33568e+07 2.67482e+06 1.82566e+06 2.0682e+07 2.02673e+07 2.01742e+07 1.18964e+06 1.97752e+07 1.85281e+07 1.96323e+06 639179 276800 1.32405e+06 1.65649e+07
internal_count=34489 487 320 34002 33914 33891 216 33793 21813 2057 675 242 1382 19756
is_linear=0
shrinkage=0.05


Tree=150
num_leaves=15
num_cat=0
split_feature=11 15 14 6 15 19 19 25 17 1 14 3 8 11
split_gain=974.489 1150.81 1028.06 2159.86 1348.17 2186.45 1881.05 2016.36 4374.04 2882.52 2298.28 2644.64 3100.11 1995.18
threshold=-1.2837159493585018 19.290377912030959 1.4424560335824832 16.605552301010523 17.979750751109087 0.059274043176975655 -0.029986948250196144 0.25000000000000011 0.13942728314171829 16.995067760631983 2.3390992561901038 16.041732990297305 0.13255708096274924 0.068390123543403861
decision_type=2 2 8 2 2 2 2 2 2 2 10 2 2 2
left_child=1 -1 3 -2 -4 6 13 10 9 -9 11 -8 -13 -6
right_child=2 -3 4 -5 5 -7 7 8 -10 -11 -12 12 -14 -15
leaf_value=0.013680263140843491 -0.00031686400772726781 0.045961056938790629 -0.00013262239764807971 -0.004887619747391915 0.0001374640391582928 -0.0032965196166688734 -0.00022638129685268263 0.0018559247101141351 0.00090615432491281611 -0.0027110377660455073 -0.0011001291784399345 7.4556511737224389e-06 0.001674048669520072 -0.00084539831682800049
leaf_weight=98811.238258838654 10050080.507201672 17172.438545227051 5714535.9311828613 249418.310546875 617222.73535919189 244006.3266954422 1533111.4740099907 1521352.4012179375 488668.44555664062 166734.02294921875 1041552.2562417984 579724.06225585938 574189.99658203125 565166.3605222702
leaf_count=1019 15128 61 12314 50 481 197 1833 1551 85 32 1099 108 134 446
internal_value=-7.69984e-06 0.00456407 -3.04127e-05 -0.000403844 0.000264396 0.000713128 0.000873336 0.00123782 0.00244702 0.0012411 0.00053188 0.00130475 0.00311283 -0.000947029
internal_weight=2.34617e+07 115984 2.33458e+07 1.02995e+07 1.30463e+07 7.33173e+06 7.08772e+06 5.90533e+06 2.17675e+06 1.68809e+06 3.72858e+06 2.68703e+06 1.15391e+06 1.18239e+06
internal_count=34538 1080 33458 15178 18280 5966 5769 4842 1668 1583 3174 2075 242 927
is_linear=0
shrinkage=0.05


Tree=151
num_leaves=15
num_cat=1
split_feature=25 9 2 15 23 9 20 15 14 14 29 9 3 6
split_gain=936.989 5521.44 1689.52 872.399 1514.53 1256.27 931.734 1431.69 1983.07 2084.13 1568.94 1439.71 970.154 913.696
threshold=-0.93301270189221919 0.14407582608325048 16.842637334131179 19.358924260592001 0.80599558502481061 0.39764145371579879 -0.029547630580271298 19.247516825326425 2.2103059293770739 2.3300545347507993 0 0.51544361700208008 13.366609737861138 16.964547881697367
decision_type=2 2 2 2 8 2 8 2 8 10 1 2 2 2
left_child=1 -1 -3 6 5 -5 7 8 11 -10 -9 -2 -13 -11
right_child=3 2 -4 4 -6 -7 -8 10 9 13 -12 12 -14 -15
leaf_value=0.00046278926978623536 -0.00050293886965011752 0.00073958352297415003 -0.0036131548240873842 0.0025276818422885843 -0.001327475374298703 -0.00070218065279601402 -3.0238414315893951e-05 0.0014573006315015044 0.0040394577182048695 0.0010765013232666282 0.0020839564398452484 0.00075418187366860852 0.012769481640916229 -0.0051500076312348333
leaf_weight=181173.07423400879 584719.97023010254 1674688.1628375053 140798.9541015625 208650.45324707031 1460405.7531433105 183204.44805908203 17950589.957532644 125308.27477264404 206348.09819984436 371962.87884616852 134523.28854370117 190318.06626784801 70663.603515625 60651.7392578125
leaf_count=78 405 2861 26 103 1355 264 27477 144 175 1073 63 573 65 12
internal_value=5.48453e-05 0.00109104 0.000260437 -4.11726e-05 -0.0010786 0.00168155 5.63943e-05 0.00115956 0.000560334 0.00266264 0.00458352 -0.00102805 0.00205989 0.000690472
internal_weight=2.3544e+07 1.99666e+06 1.81549e+06 2.15473e+07 1.85226e+06 391855 1.96951e+07 1.7445e+06 1.48466e+06 638963 259832 845702 260982 432615
internal_count=34674 2965 2887 31709 1722 367 29987 2510 2303 1260 207 1043 638 1085
cat_boundaries=0 1
cat_threshold=10
is_linear=0
shrinkage=0.05


Tree=152
num_leaves=15
num_cat=1
split_feature=15 24 21 3 23 29 0 22 3 26 1 22 19 8
split_gain=979.851 1644.18 1590.67 1428.27 1334.11 1333.29 1263.63 1474.29 1130.43 2077.19 2321.43 3348.54 2061.15 1496.09
threshold=19.329453528475412 5.696572452317251 11.078461293765502 16.536937448267057 -2.0808519107870547 0 16.272741767951768 18.234342963727155 16.041732990297305 1.0000000180025095e-35 16.395026300101303 18.657458918293191 -0.0014855709088409498 0.096798193245150224
decision_type=2 8 10 2 10 1 2 2 2 2 2 2 2 2
left_child=8 3 6 4 5 -2 7 -3 13 10 -10 -12 -13 -1
right_child=1 2 -4 -5 -6 -7 -8 -9 9 -11 11 12 -14 -15
leaf_value=0.0024428410314333857 0.0052821278541386671 0.00023870008099958508 0.0013480465902431823 -0.00077405020095569098 -0.0012649018799215236 -0.0041361399635908578 -0.0050422260496147302 0.0036056514849165154 0.0014338445397129151 -6.6022288294637714e-05 -0.00076109724668760044 0.00046915768296438437 6.3855958534154221e-05 -0.00016428719352530548
leaf_weight=270371.65415978432 111268.74873352051 689451.39720153809 108352.70501708984 494337.32104492188 1437066.3986282349 136130.93043518066 102893.66723632812 112300.46632385254 576200.23803710938 2305569.6765136719 499889.1220703125 574012.51684570312 703770.68310546875 15369346.197217822
leaf_count=627 87 904 63 89 1453 180 31 105 174 532 114 112 134 29875
internal_value=5.21144e-05 -0.000762254 0.000902044 -0.00153604 -0.00084254 0.00254881 0.000216341 0.000885785 0.000180164 0.00086376 0.00190857 0.00101462 0.00237193 -2.34953e-05
internal_weight=2.3491e+07 3.1918e+06 1.013e+06 2.1788e+06 1.68447e+06 247400 904646 801752 2.02992e+07 4.65944e+06 2.35387e+06 1.77767e+06 1.27778e+06 1.56397e+07
internal_count=34480 2912 1103 1809 1720 267 1040 1009 31568 1066 534 360 246 30502
cat_boundaries=0 1
cat_threshold=9
is_linear=0
shrinkage=0.05


Tree=153
num_leaves=15
num_cat=3
split_feature=25 9 29 9 24 23 23 12 27 3 3 28 29 15
split_gain=1229.89 4984.78 1463.18 1098 1995.15 2884.32 1093.98 917.209 812.966 1606.26 2838.51 1414.87 1783.4 2165.54
threshold=-0.93301270189221919 0.14407582608325048 0 0.33522401064971458 0.98264219006143716 3.5708120929133655 8.0340021077742509 8.5000000000000018 10.500000000000002 17.445700346247609 17.171183635107628 1 2 18.409999512429653
decision_type=2 2 1 2 10 10 10 2 2 2 2 1 1 2
left_child=1 -1 3 4 -3 -6 -5 -2 -9 10 11 12 -10 -14
right_child=7 2 -4 6 5 -7 -8 8 9 -11 -12 -13 13 -15
leaf_value=0.00092992667188854467 0.0098175664078908962 -0.00097537232465339191 -0.0028891684164651394 -0.00023931137316120354 0.0038743528543727203 -0.00016050843929872117 0.010642855153460497 -0.00016216228691806373 0.0016150627557748158 -0.00044992160467634252 0.0011552115724547442 -5.7722308124939999e-05 8.564374569985268e-06 0.0051871470331941155
leaf_weight=175677.52079772949 485098.10780203342 160443.5664100647 464182.07202291489 790146.59338307381 201656.19655227661 155010.87467575073 45572.518634796143 17468688.192409992 97088.792205810547 127099.09521484375 125822.169921875 2604658.0773921013 488058.96982049942 79825.372338294983
leaf_count=72 3917 128 580 1745 165 153 80 23099 49 19 23 3697 818 107
internal_value=-1.44236e-05 0.00117385 0.000396255 0.00122737 0.00303826 0.00512129 0.000106879 -0.000124678 -0.000174351 0.000518578 0.00072515 0.000441557 0.00250004 0.00142931
internal_weight=2.3469e+07 1.99269e+06 1.81701e+06 1.35283e+06 517111 356667 835719 2.14763e+07 2.09912e+07 3.52255e+06 3.39545e+06 3.26963e+06 664973 567884
internal_count=34652 2923 2851 2271 446 318 1825 31729 27812 4713 4694 4671 974 925
cat_boundaries=0 1 2 3
cat_threshold=11 164 16
is_linear=0
shrinkage=0.05


Tree=154
num_leaves=15
num_cat=0
split_feature=7 9 16 14 14 21 20 9 16 26 23 16 14 21
split_gain=930.734 848.79 1297.56 825.22 671.516 794.259 1443.19 2349.49 2274.94 1899.79 1119.96 2837.3 2123.56 940.815
threshold=10.738661173482123 0.099641508914028162 18.650510177953056 2.7328237914591962 2.5804380986578428 11.037231308731972 -0.021412410169891746 0.15391910863585098 15.267760043637267 -0.9330127018922193 2.5228400253385952 18.435443290659602 2.4283401526158253 10.934349973511816
decision_type=2 2 2 10 10 10 8 2 2 2 10 2 10 8
left_child=3 -2 4 -1 5 13 8 -8 -7 -9 -11 12 -12 -3
right_child=1 2 -4 -5 -6 6 7 9 -10 10 11 -13 -14 -15
leaf_value=0.009243624976590533 0.00049775031974254075 -7.0351252611334348e-05 -0.0037075772003994489 -0.0011754272518051793 -0.0031214310643862919 -0.00012374738450489996 -0.0017619940673116081 0.0014188888172408333 0.0033015152137580149 -0.0022352151044419378 -0.00098757022138125372 0.0018398930860057785 0.0027951262192799564 -0.001192903179465934
leaf_weight=796611.75190031528 472294.44848632812 17560169.181900024 304582.00762939453 456452.62538933754 639680.36605834961 113848.09580993652 325157.99307250977 126346.88269042969 99603.728713989258 369171.39709472656 579432.31332397461 148008.96408081055 121100.27520751953 1162519.9359893799
leaf_count=6945 126 18283 107 5124 1352 149 80 107 87 393 595 59 47 997
internal_value=-0.000133598 -0.000209019 -0.000254974 0.0011919 -0.000208519 -0.000158989 0.000819955 0.000324917 0.00469121 0.00124757 0.000642057 0.00164223 0.000313261 -0.000257428
internal_weight=2.3275e+07 2.20219e+07 2.15496e+07 1.25306e+06 2.1245e+07 2.06054e+07 1.88267e+06 1.66922e+06 213452 1.34406e+06 1.21771e+06 848542 700533 1.87227e+07
internal_count=34451 22382 22256 12069 22149 20797 1517 1281 236 1201 1094 701 642 19280
is_linear=0
shrinkage=0.05


Tree=155
num_leaves=15
num_cat=1
split_feature=27 11 16 16 25 28 25 11 0 3 19 4 3 18
split_gain=1056.17 1556.98 1316.55 1304.38 2689.07 3859.99 3607.01 3860.91 1689.72 4073.62 1642.4 1462.47 2179.13 2026.9
threshold=1.5000000000000002 -0.15420949516146981 15.446699873087537 18.179163792832941 -0.24999999999999997 0 -0.93301270189221919 0.061171045982236501 17.156634566241113 16.536937448267057 0.015675456447670554 15.157226915591695 14.668719113494934 0.19778262491497353
decision_type=2 2 2 2 2 1 2 2 2 2 2 2 2 10
left_child=1 -1 -3 11 6 -6 -5 -8 9 10 -7 12 -2 -14
right_child=3 2 -4 4 5 8 7 -9 -10 -11 -12 -13 13 -15
leaf_value=0.00058666469552834757 -8.4855920259487456e-05 -0.00034922011811024535 -0.0019214278389084955 0.00015200056176306045 0.0009037232153752472 -0.00084919172770929756 -0.0018573441664168769 0.00098427023197961605 -0.00016687177631755898 0.00059868630085258988 0.0016005936404363678 -0.00023331643954277524 0.0034671273255494164 0.0011530433424086634
leaf_weight=531900.70222091675 11085931.927846432 606020.76730442047 835881.47356891632 385632.95655822754 759232.93432617188 375323.4659576416 964291.43823242188 390248.23983764648 440573.1025390625 175632.46069335938 190021.98686218262 4437307.0533447266 438639.23785400391 1655123.7325439453
leaf_count=960 27338 1355 619 141 165 313 342 160 67 38 154 1599 265 946
internal_value=3.8663e-05 -0.00106781 -0.00192072 0.000141206 0.000997236 0.00227691 -0.00042996 -0.00164458 0.000489422 0.00194742 -0.000118923 -3.7656e-05 0.000226679 0.00170606
internal_weight=2.32718e+07 1.9738e+06 1.4419e+06 2.1298e+07 3.68096e+06 1.94078e+06 1.74017e+06 1.35454e+06 1.18155e+06 740978 565345 1.7617e+07 1.31797e+07 2.09376e+06
internal_count=34462 2934 1974 31528 1380 737 643 502 572 505 467 30148 28549 1211
cat_boundaries=0 1
cat_threshold=544
is_linear=0
shrinkage=0.05


Tree=156
num_leaves=15
num_cat=1
split_feature=18 28 0 14 8 14 3 25 24 19 15 18 19 9
split_gain=1017.76 1233.85 1157.8 920.511 2642.96 1128.4 2452.64 2320.71 2315.22 3869.9 2301.28 2357.75 3107.05 4243.03
threshold=0.0065622736957354011 0 13.385912181170903 2.4898991146353726 0.096798193245150224 1.453570225490584 15.042681194196861 0.25000000000000011 1.2736174209524151 -0.016407059656580947 17.610026332588514 0.27269474564116902 0.016262469629360007 0.23722442326870483
decision_type=10 1 2 10 2 10 2 2 8 2 2 10 2 2
left_child=1 -1 -3 5 -5 6 -2 8 -7 -10 -9 -12 13 -13
right_child=3 2 -4 4 -6 7 -8 10 9 -11 11 12 -14 -15
leaf_value=0.025898445952999977 -0.0001299880467324157 0.0011816013307546353 0.0093038008776900969 0.016291361758752048 -0.0026052807759456256 -0.001590372152431037 -0.0010219564437565017 -0.00061590184413836638 -0.00095785820848961903 0.00085670585523154761 0.0013390836954989367 0.00052854340259485147 -0.0013945902479073772 -9.7162730451427862e-05
leaf_weight=87741.869125962257 7992985.3602616787 726027.19301068783 15763.404724121094 34948.937849521637 1375952.9706244469 2421103.4346256256 2296341.8732299805 1078626.9487090111 1232059.4237623215 2517738.3615062237 1420977.3937373161 699498.52178955078 585217.11965179443 776678.55725860596
leaf_count=623 13424 5270 21 80 5135 1741 886 1423 1132 2287 1379 178 303 586
internal_value=-0.000132612 0.00158724 0.000923964 -0.000196212 -0.00143253 -0.000113233 -0.000487358 0.000245464 -0.000386653 0.000391553 0.0011007 0.00172576 0.000645587 0.00186782
internal_weight=2.32617e+07 829532 741791 2.24321e+07 1.4109e+06 2.10212e+07 1.02893e+07 1.07319e+07 6.1709e+06 3.7498e+06 4.561e+06 3.48237e+06 2.06139e+06 1.47618e+06
internal_count=34468 5914 5291 28554 5215 23339 14310 9029 5160 3419 3869 2446 1067 764
cat_boundaries=0 1
cat_threshold=642
is_linear=0
shrinkage=0.05


Tree=157
num_leaves=15
num_cat=0
split_feature=5 9 9 8 8 7 27 9 15 24 17 22 18 19
split_gain=2160.96 2767.18 3812.57 2600.03 2246.16 2049.1 1731.54 1748.68 2701.92 1473.87 1978.81 1453.17 3200.5 1422.24
threshold=16.315474838755737 0.11263565210970426 0.13827813384070328 0.12460012248063866 0.10396346776495162 15.773853429635489 3.5000000000000004 0.20793076625117812 18.165701425233532 -1.8434447414988349 0.013815891606778602 17.376671901868402 0.28324693998890349 0.020977209751282453
decision_type=2 2 2 2 2 2 2 2 2 8 2 2 10 2
left_child=4 -2 -3 -4 11 9 -5 -8 -9 10 -6 -1 13 -13
right_child=1 2 3 6 5 -7 7 8 -10 -11 -12 12 -14 -15
leaf_value=0.00024172162634701589 -0.00029666178949403063 0.00054471326204327244 -0.0014897584858641266 -9.0974015442245667e-05 -0.00073535109994552329 -0.00074255481397184281 0.00095002910754950383 0.00051284146705679471 -0.00092092783538758136 -0.00010328455359212216 0.014671527397152148 -0.00016502818670226758 0.012262757487694646 0.0014763245488339449
leaf_weight=222825.89585196972 691406.86206054688 628360.78759765625 539804.50244140625 673944.23901367188 74442.169147491455 1679059.353515625 661178.630859375 513512.31323242188 675583.8779296875 16706775.456195235 61340.390808105469 141186.87278544903 75024.480117797852 65658.365290164948
leaf_count=378 133 122 104 145 227 527 144 111 155 32102 58 243 53 105
internal_value=0.00011452 0.00111531 0.00165891 0.000931324 -0.000116069 -0.000205748 0.00160487 0.00239522 0.00124902 -3.96968e-05 0.00514855 0.00317501 0.00556047 0.00235173
internal_weight=2.34101e+07 4.38379e+06 3.69238e+06 3.06402e+06 1.90263e+07 1.85216e+07 2.52422e+06 1.85027e+06 1.1891e+06 1.68426e+07 135783 504696 281870 206845
internal_count=34607 914 781 659 33693 32914 555 410 266 32387 285 779 401 348
is_linear=0
shrinkage=0.05


Tree=158
num_leaves=15
num_cat=0
split_feature=3 17 7 0 23 2 5 5 25 18 21 0 18 7
split_gain=1799.54 3648.57 2528.2 1335.03 1493.1 1450.07 1512.96 1180.4 821.019 809.112 793.726 1706.29 1002.72 1489.69
threshold=17.171183635107628 0.22619975375775667 17.115974588496943 16.84045422280521 2.0298081854869152 16.533265774342059 16.315474838755737 16.088345866970069 -0.24999999999999997 0.0065622736957354011 11.037231308731972 15.082936492503885 0.47177133088911288 13.978460232926528
decision_type=2 2 2 2 8 2 2 2 2 10 10 2 10 2
left_child=2 -2 3 5 -5 6 7 9 -9 -1 12 -12 13 -11
right_child=1 -3 -4 4 -6 -7 -8 8 -10 10 11 -13 -14 -15
leaf_value=0.0031204960691899783 0.00027232530069610383 -7.4064524128730598e-05 -0.00098441552300574417 0.00050415387008768422 -7.5937068646873835e-06 -0.00089982077999836403 0.00028955062625014833 -0.0018176664497967757 -0.00010367614812256917 1.5482529815071798e-05 0.00062644364460798653 0.0012379258352515721 0.00018865128026690224 -0.0016101913940985493
leaf_weight=819012.00991749763 719316.55859375 820091.5078125 365326.9697265625 472736.6865234375 471581.28662109375 1001627.267578125 664834.03564453125 324342.07788085938 495772.38500976562 4631886.2080385685 959764.99343109131 142484.75659179688 7585612.7656502724 3848195.1373291016
leaf_count=5886 115 134 66 96 104 244 183 98 151 13375 1542 65 10020 2420
internal_value=-2.47929e-05 0.00162734 -0.000141549 -7.11981e-05 0.00176688 -0.000155977 -6.05403e-05 -0.000143406 -0.0019985 -5.88233e-05 -0.000132069 0.00116588 -0.000221119 -0.000594718
internal_weight=2.33226e+07 1.53941e+06 2.17832e+07 2.14178e+07 944318 2.04735e+07 1.94719e+07 1.88071e+07 820114 1.7987e+07 1.71679e+07 1.10225e+06 1.60657e+07 8.48008e+06
internal_count=34499 249 34250 34184 200 33984 33740 33557 249 33308 27422 1607 25815 15795
is_linear=0
shrinkage=0.05


Tree=159
num_leaves=15
num_cat=0
split_feature=24 24 17 16 16 7 9 23 9 22 19 1 2 15
split_gain=1258.2 2116.47 1708.79 1134.27 1769.27 2391.66 1530.48 1889.95 1994.04 1650.34 3150.43 1479.66 1190.09 1089.54
threshold=-0.04553885756598159 -0.021237342309276347 0.031433905072916657 18.650510177953056 18.261687824277342 16.98736325551755 0.3426578080604461 2.0894143703875003 0.22942956425113353 18.662531985835098 -0.015584734230140198 16.995067760631983 15.924256278800728 14.363194565195966
decision_type=8 8 2 2 2 2 2 10 2 2 2 2 2 2
left_child=2 -2 -1 4 5 11 7 9 -9 10 -6 13 -8 -3
right_child=1 3 -4 -5 6 -7 12 8 -10 -11 -12 -13 -14 -15
leaf_value=6.3341790348073529e-05 0.0004490398018539613 0.0057408827183684126 -0.0011449866050712242 -0.0026739818798360358 -0.001283138977426347 -0.0013073691549971218 0.0029540706778782792 0.00013821751575568119 0.00073116881764721071 -0.0020213798250091472 0.00032095592847610518 0.00058742388979512203 -0.0014921948558018914 -9.3699708461798868e-05
leaf_weight=944392.55452251434 219910.59090423584 173306.14422941208 720796.75462341309 293846.81460571289 308849.24481201172 435237.06005859375 167875.5432434082 677411.14300537109 420383.14361572266 506042.54641723633 326626.58818054199 110386.64697265625 285077.40600585938 17788962.012243152
leaf_count=2311 133 672 364 111 99 80 206 200 141 167 111 24 65 29723
internal_value=-4.66613e-05 5.49155e-05 -0.00137121 4.98437e-06 4.77466e-05 -0.000126465 0.00124536 0.00178152 0.00326274 0.000357039 0.00205356 -3.82604e-05 -0.00140531 -7.37269e-05
internal_weight=2.33791e+07 2.17139e+07 1.66519e+06 2.1494e+07 2.12002e+07 1.85079e+07 2.69227e+06 2.23931e+06 1.09779e+06 1.14152e+06 635476 1.80727e+07 452953 1.79623e+07
internal_count=34407 31732 2675 31599 31488 30499 989 718 341 377 210 30419 271 30395
is_linear=0
shrinkage=0.05


Tree=160
num_leaves=15
num_cat=1
split_feature=20 0 24 4 24 20 18 10 3 11 29 7 15 15
split_gain=862.833 3817.82 1618.24 3894.29 1461.37 1224.01 1017.71 1457.99 1466.51 1264.49 1700.02 1833.11 1600.79 2927.99
threshold=0.043537573837943204 16.993748182993098 1.2736174209524151 16.410410087137191 1.4958823093712301 0.036736044477041603 0.062848074781887822 0.22335371943621582 14.455972143169271 0.30614242716132362 0 14.294688227985311 17.935066874906465 18.139697170727047
decision_type=10 2 10 2 10 10 10 2 2 2 1 2 2 2
left_child=5 2 -2 4 -4 6 7 -1 -9 12 11 -11 -8 -14
right_child=1 -3 3 -5 -6 -7 9 8 -10 10 -12 -13 13 -15
leaf_value=0.00032119719223698865 -0.0024023416578579197 0.00044432978476560139 0.0060315670009602534 0.0030370554083696544 -0.00027043613165348242 -0.002667712889729001 -0.00086735993009459027 0.0049522905464886953 0.0093724693961452065 -0.0012126235267648528 -0.0024322653771906445 0.0072027104178339716 0.0011415763152141307 -1.0655482378594966e-05
leaf_weight=2931131.3386669159 694216.53819561005 144873.0263671875 126721.07521057129 70583.11279296875 698003.73716306686 521040.7872928381 3556659.1165838242 741647.13317644596 26160.652282714844 509369.56472682953 2000634.5650510788 102647.48413085938 1228548.0381631851 10004124.652948618
leaf_count=10661 904 28 165 16 1174 663 4054 3595 18 1075 2418 53 827 8925
internal_value=-4.06494e-05 0.00103236 0.000324149 0.00172897 0.000764262 -0.000126721 -6.76053e-05 0.000685562 0.00262511 -0.000227697 -0.00124176 0.00106424 -4.85561e-05 0.000244157
internal_weight=2.33564e+07 1.7344e+06 1.58952e+06 895308 824725 2.1622e+07 2.11009e+07 3.69894e+06 767808 1.7402e+07 2.61265e+06 612017 1.47893e+07 1.12327e+07
internal_count=34576 2287 2259 1355 1339 32289 31626 14274 3613 17352 3546 1128 13806 9752
cat_boundaries=0 1
cat_threshold=66
is_linear=0
shrinkage=0.05


Tree=161
num_leaves=15
num_cat=1
split_feature=25 9 3 3 7 29 1 1 17 3 25 19 23 3
split_gain=1764.36 5215.07 1772.43 1788.96 1004.4 975.338 2271.59 1246.39 1208.46 843.609 836.533 1787.62 2167.49 1715.71
threshold=-0.93301270189221919 0.14407582608325048 16.690778174436563 16.041732990297305 15.945746507756189 0 15.084651829390133 15.319488255298628 0.12005163561103827 13.39406411602973 -0.6830127018922193 0.055362550854933253 2.0007089153292004 16.850451675266942
decision_type=2 2 2 2 2 1 2 2 2 2 2 2 8 2
left_child=1 -1 3 4 5 6 9 8 -7 -3 11 13 -13 -2
right_child=10 2 -4 -5 -6 7 -8 -9 -10 -11 -12 12 -14 -15
leaf_value=0.00080613899174144035 -0.0008902596495531011 0.0054262949825535037 -0.0030660426942002352 0.001837273256091112 -0.003789361925680856 0.00027605420724299552 0.0047547998907227209 -0.0043861229292189467 0.0026376706476132945 -0.0049923136281772914 4.2890965837884189e-05 -0.0027173764472751866 0.0039918560484380212 -0.0027953367240656063
leaf_weight=208401.98536682129 3277278.4686063528 82708.276566267014 128327.56494140625 163289.8115234375 77105.592529296875 1019070.9978814125 48809.069702148438 100380.57299804688 112803.06039428711 62713.858947753906 17473215.06741035 81329.077399969101 98407.057462930679 467315.78002929688
leaf_count=87 5468 343 24 44 24 2185 21 45 95 50 25892 97 161 85
internal_value=0.0001126 0.0015314 0.000662261 0.00109818 0.000558381 0.000858827 0.00415183 0.000339739 0.000813298 0.0010194 -2.02518e-05 -0.000679932 0.00419098 -0.00091373
internal_weight=2.34012e+07 2.00361e+06 1.79521e+06 1.66688e+06 1.50359e+06 1.42649e+06 194231 1.23225e+06 1.13187e+06 145422 2.13975e+07 3.92433e+06 179736 3.74459e+06
internal_count=34621 2918 2831 2807 2763 2739 414 2325 2280 393 31703 5811 258 5553
cat_boundaries=0 1
cat_threshold=8
is_linear=0
shrinkage=0.05


Tree=162
num_leaves=15
num_cat=2
split_feature=11 3 18 16 29 9 16 17 23 29 11 7 4 7
split_gain=1266.39 1979.98 1778.1 2149.14 1577.98 3699.92 1679.59 1485.87 1520.45 1372.55 1330.92 1601.62 1204.13 2020.01
threshold=0.12804778057018137 17.171183635107628 0.058585984288874508 18.314726746826736 0 0.20793076625117812 16.204580489039632 0.061807040985669207 7.8590930932529712 1 0.12366346145278931 17.115974588496943 16.04903536344861 14.797759784107527
decision_type=2 2 10 2 1 2 2 2 8 1 2 2 2 2
left_child=1 9 -2 4 5 -4 7 8 -7 12 11 -11 13 -1
right_child=2 -3 3 -5 -6 6 -8 -9 -10 10 -12 -13 -14 -15
leaf_value=0.00047559571511024076 0.0015446258296379972 0.00013568981494489985 0.0029450234263201165 -0.0033333869470806294 -0.0019223881514711966 -0.00035196329263441898 -0.0051843337302909 0.00189489574450284 0.0047304892268769539 -5.8533027907307762e-05 0.0026968496175174381 -0.0011357111461288217 -0.00077422675245812796 0.0035908653641578761
leaf_weight=1813030.0069055557 1391783.0404937267 1145640.240234375 153561.73675537109 317032.23999023438 2888834.3497219086 1851439.2580814362 436433.46008300781 67538.653259277344 134587.6704750061 11701645.067128778 93770.738264083862 276479.14697265625 416116.056640625 776531.08312988281
leaf_count=4270 5473 189 55 50 3482 2838 180 54 152 17204 102 50 128 339
internal_value=-6.44082e-05 0.000180998 -0.000614217 -0.000996401 -0.000766976 0.000115762 -0.000348767 0.000249888 1.86597e-06 2.87369e-05 -0.000209304 -0.000255756 0.000984794 0.00138597
internal_weight=2.34644e+07 1.62232e+07 7.24121e+06 5.84943e+06 5.5324e+06 2.64356e+06 2.49e+06 2.05357e+06 1.98603e+06 1.50776e+07 1.20719e+07 1.19781e+07 3.00568e+06 2.58956e+06
internal_count=34566 22282 12284 6811 6761 3279 3224 3044 2990 22093 17356 17254 4737 4609
cat_boundaries=0 1 2
cat_threshold=90 12
is_linear=0
shrinkage=0.05


Tree=163
num_leaves=15
num_cat=0
split_feature=27 16 1 3 0 23 2 7 6 2 24 19 4 6
split_gain=922.107 1543.18 1451.03 2427.18 2182.35 1292.28 1089.99 1597.26 1191.98 1003.03 980.998 1417.76 1624.58 1255.75
threshold=10.500000000000002 18.213483320293424 16.995067760631983 17.171183635107628 16.993748182993098 1.8032016426999051 16.842637334131179 16.39377301661273 16.195518319119824 15.924256278800728 5.2180833036994203 -0.035489958220306199 14.266612344806093 16.09600000920798
decision_type=2 2 2 2 2 10 2 2 2 2 10 2 2 2
left_child=2 6 4 -4 10 -3 7 8 9 -2 11 12 -1 -12
right_child=1 5 3 -5 -6 -7 -8 -9 -10 -11 13 -13 -14 -15
leaf_value=-0.00061556152195209996 0.00015472919090003107 0.0012965753634042905 -0.002547015321624714 -8.7502144453432875e-05 0.00023898124026366799 0.00016677527453571727 -0.0011818431271823316 0.0010048380965864479 -0.0039998337046095274 0.0039211840384032071 0.0012716680398853768 -0.00013252677417116278 -0.0022732611137172821 -0.0011892912972322779
leaf_weight=855944.69065141678 2540240.3200471401 275484.07879638672 622006.5673828125 1037921.2255859375 268375.24682617188 356494.54100036621 101249.3525390625 85546.92578125 111227.55126953125 91771.484375 2584834.6958186626 13201008.125943542 840468.33374023438 388204.03247070312
leaf_count=2204 4919 108 122 163 55 134 21 21 33 31 5718 20472 386 105
internal_value=-0.000159885 0.000580722 -0.000293129 -0.00170811 -0.000163641 0.00282159 9.73909e-05 0.000279839 7.00281e-05 0.000284285 -0.00023085 -0.000396344 -0.00175702 0.000598411
internal_weight=2.33608e+07 3.56201e+06 1.97988e+07 1.65993e+06 1.81388e+07 631979 2.93004e+06 2.82879e+06 2.74324e+06 2.63201e+06 1.78705e+07 1.48974e+07 1.69641e+06 2.97304e+06
internal_count=34492 5267 29225 285 28940 242 5025 5004 4983 4950 28885 23062 2590 5823
is_linear=0
shrinkage=0.05


Tree=164
num_leaves=15
num_cat=0
split_feature=10 23 7 11 16 14 11 9 8 0 0 24 0 16
split_gain=1424.88 2237.31 2011.1 1704.4 1657.83 2955.64 3792.13 3951.56 1432.83 1658.35 1538.83 1625.98 2311.84 1083.86
threshold=-0.17872074920533701 1.8842839142952352 13.468901720294882 -0.93027530669026326 18.407908271991452 2.3864374454103636 0.10079175338375811 0.18934025675728464 0.17442642456179139 16.03763924788834 15.668470468809554 10.960149042668801 12.415924465861936 15.661890594559518
decision_type=2 10 2 2 2 10 2 2 2 2 2 10 2 2
left_child=1 2 -1 -2 13 6 7 -6 -3 10 11 -10 -13 -5
right_child=3 8 -4 4 5 -7 -8 -9 9 -11 -12 12 -14 -15
leaf_value=-0.0011841730966491335 0.016090536339802713 -0.0034885167558502878 -0.0043082853155443123 0.00072340006004924023 0.0011307841905613346 -0.0026441986670416875 -0.00015243082136644527 0.00053396372482774203 -2.1627780633582327e-05 0.00020814146891943742 -0.0059713613506170854 -0.0064937614703992497 0.010989059612443654 -0.00010944195248302562
leaf_weight=918848.37025737762 162867.32023489475 299499.86529421806 1230288.2752075195 7074915.1238644123 386362.24963378906 416422.92581176758 424543.46774291992 394798.90826416016 3088506.0811790228 402446.14135742188 150634.60620117188 51776.340827465057 48921.260467529297 8105570.7229061127
leaf_count=3128 963 320 767 15465 81 150 147 171 6889 87 44 210 38 5957
internal_value=-6.44219e-06 -0.000655718 -0.00195922 0.000230487 0.000181147 0.00170047 0.00295477 0.00502197 3.73906e-05 0.000303715 -6.16532e-05 0.000171598 0.00642405 1.87971e-05
internal_weight=2.31564e+07 6.19092e+06 2.14914e+06 1.69655e+07 1.68026e+07 1.62213e+06 1.2057e+06 781161 4.04178e+06 3.74228e+06 3.33984e+06 3.1892e+06 100698 1.51805e+07
internal_count=34417 11483 3895 22934 21971 549 399 252 7588 7268 7181 7137 248 21422
is_linear=0
shrinkage=0.05


Tree=165
num_leaves=15
num_cat=2
split_feature=25 9 29 20 9 16 17 7 17 20 25 28 16 11
split_gain=1200.21 3974.48 2345.87 1471.02 4736.36 973.417 2530.49 909.924 856.12 1692.51 866.906 2406.33 3388.64 1982.46
threshold=-0.93301270189221919 0.14407582608325048 0 -0.0083508118461383483 0.34947942343131305 16.963386836788654 0.17523538740422129 13.288883304460429 0.39211591187223777 0.019409927785869505 1.0000000180025095e-35 1 16.659930501733985 -0.3366311077394703
decision_type=2 2 1 8 2 2 2 2 2 10 2 1 2 2
left_child=1 -1 3 4 -3 6 -5 -6 10 -10 -2 12 -12 -13
right_child=8 2 -4 5 7 -7 -8 -9 9 -11 11 13 -14 -15
leaf_value=0.0004347055254415887 -0.00021795148347215408 0.0037670043001618372 -0.0021753927642582977 0.00077351049805043828 0.0090294783976889916 -0.0040496153240618905 0.0045079574942160179 -0.0072764518882169026 -0.00060354230833905903 0.00066406445427262919 1.6149193928359991e-05 0.0034702006047091141 0.00073433344937091785 -0.00018069113602188841
leaf_weight=196028.28300476074 8954669.4269577265 124457.68459892273 308914.68114089966 1004321.4154229164 66899.944013595581 152512.02058410645 56094.18896484375 81582.639953613281 1007455.0022583008 273866.27453613281 1542153.8040957451 964166.20319330692 1175803.5766067505 7615443.8435602188
leaf_count=83 13915 94 352 1902 257 100 35 60 369 124 3380 2515 418 11009
internal_value=-2.28205e-06 0.0011723 0.000433969 0.00125819 0.00457465 0.000511916 0.00104909 -0.00145555 -0.000110874 -0.00136427 -3.15739e-05 0.000259667 0.00155615 -0.000151051
internal_weight=2.35244e+07 1.99081e+06 1.79478e+06 1.48587e+06 272940 1.21293e+06 1.06042e+06 148483 2.15336e+07 1.28132e+06 2.02522e+07 1.12976e+07 2.71796e+06 8.57961e+06
internal_count=34613 2883 2800 2448 411 2037 1937 317 31730 493 31237 17322 3798 13524
cat_boundaries=0 1 2
cat_threshold=15 544
is_linear=0
shrinkage=0.05


Tree=166
num_leaves=15
num_cat=0
split_feature=16 0 18 15 11 6 4 12 21 4 5 4 23 23
split_gain=2176.17 1029.25 4230.63 1592.56 1707.97 1226.24 905.5 902.452 790.951 633.369 1078.09 1183.17 677.055 1107.86
threshold=18.650510177953056 16.84045422280521 0.54841520192399529 18.165701425233532 -0.0029606646261219499 16.964547881697367 17.181523356598721 5.5000000000000009 6.704775057094122 17.019152678527846 16.793627513211842 16.860170040119087 0.88788377220714665 0.93612315783617861
decision_type=2 2 10 2 2 2 2 2 8 2 2 2 10 10
left_child=1 5 3 -3 -5 6 7 -1 -9 10 11 12 -10 -14
right_child=-2 2 -4 4 -6 -7 -8 8 9 -11 -12 -13 13 -15
leaf_value=0.025189473057165221 -0.0027923274190095305 0.00019127158394842232 -0.0010241751817114469 -0.00030006153178342975 0.00026571410570888268 -0.0057330005437598863 0.00011626897358950129 0.0057328563378570268 -0.00062826842929280776 -0.0041497250830522308 0.0010638153034551886 -0.0019293206671083169 0.00028157355869426514 -1.5837490113709858e-06
leaf_weight=96226.638136506081 340954.43322753906 613110.1767578125 659720.396484375 600394.57177734375 583662.33349609375 126448.03857421875 65810.486083984375 180848.01691436768 4433919.8083043098 66614.533203125 141374.44604492188 124826.4765625 189804.36267852783 15051034.076034546
leaf_count=1297 125 119 122 108 100 25 14 243 6991 15 32 30 150 25092
internal_value=-3.43321e-05 2.4618e-05 0.000991629 0.00224872 0.00117767 -9.14072e-05 -6.09076e-05 -7.99048e-05 -0.00010293 -0.000132684 -0.000116424 -0.00014749 -0.000116703 4.15004e-05
internal_weight=2.32747e+07 2.29338e+07 2.45689e+06 1.79717e+06 1.18406e+06 2.04769e+07 2.03505e+07 2.02846e+07 2.01884e+07 2.00076e+07 1.9941e+07 1.97996e+07 1.96748e+07 1.52408e+07
internal_count=34463 34338 449 327 208 33889 33864 33850 32553 32310 32295 32263 32233 25242
is_linear=0
shrinkage=0.05


Tree=167
num_leaves=15
num_cat=2
split_feature=17 4 15 23 26 11 4 29 4 6 5 11 29 8
split_gain=1395.21 2954.77 3338.44 1924.21 1305.31 1827.69 1062.15 958.92 861.701 1487.22 1112.11 755.322 1654.68 2065.16
threshold=0.39211591187223777 16.410410087137191 18.240697324411439 1.9571320152036804 -0.5 -0.045803081300736147 15.937568612521352 0 15.811075110773315 16.195518319119824 15.958426927865597 -0.066974212558948296 1 0.27096312069424594
decision_type=2 2 2 10 2 2 2 1 2 2 2 2 1 2
left_child=1 6 -3 -4 -2 -6 8 -5 9 10 11 12 13 -1
right_child=4 2 3 7 5 -7 -8 -9 -10 -11 -12 -13 -14 -15
leaf_value=0.0090010959419290996 -0.0017268552845170978 0.00029856772777940528 0.00011193331145471135 -0.00072201218654153576 0.00098954486221638029 -0.00090934551810482661 -0.00041970832469020677 3.0563433732654609e-05 0.0021505046503412688 -0.0049833142541651984 0.0022581933834445646 -0.00049774973043336149 -0.00015426653683306199 0.0022217966273318963
leaf_weight=268132.44644284248 482961.11962890625 898978.09619140625 875727.20825195312 536565.17651367188 370044.2578125 553217.93890380859 1403673.7696533203 945073.7255859375 316623.8994140625 152873.2568359375 196471.447265625 10084742.733213663 4742190.58910954 1468871.3983660936
leaf_count=433 178 197 176 118 142 210 439 175 114 47 69 18773 9735 3698
internal_value=-5.28417e-06 9.27894e-05 0.0014824 0.00049376 -0.00153194 -0.000430165 -0.000150054 -0.000604478 -4.23069e-05 -9.06868e-05 -4.59085e-05 -9.02663e-05 0.00033097 0.00165121
internal_weight=2.32961e+07 2.18899e+07 3.25634e+06 2.35737e+06 1.40622e+06 923262 1.86336e+07 1.48164e+06 1.72299e+07 1.69133e+07 1.67604e+07 1.65639e+07 6.47919e+06 1.737e+06
internal_count=34504 33974 666 469 530 352 33308 293 32869 32755 32708 32639 13866 4131
cat_boundaries=0 1 2
cat_threshold=1 108
is_linear=0
shrinkage=0.05


Tree=168
num_leaves=15
num_cat=0
split_feature=8 24 26 6 20 16 22 24 24 20 16 17 9 8
split_gain=1259.7 2258.75 4184.27 1743.83 2288.76 1596.64 1071.72 916.441 1894.8 2126.51 3767.53 1648.16 2936.32 1366.23
threshold=0.10396346776495162 1.2270203362160601 1.0000000180025095e-35 16.09600000920798 -0.014119412270197198 15.28730768860558 15.809709588671307 0.41318358220978907 0.49128118563292256 -0.0043389657546150989 18.261687824277342 0.27895765299337733 0.12238891660113292 0.12898077988898074
decision_type=2 8 2 2 8 2 2 8 8 10 2 2 2 2
left_child=1 2 -1 4 -3 6 -6 11 9 -9 -11 12 -2 -10
right_child=7 3 -4 -5 5 -7 -8 8 13 10 -12 -13 -14 -15
leaf_value=0.0015906252839818409 0.00086672844779800808 0.011615440841852705 -0.00031139216773465973 -0.00019335593310019908 0.015369229650624171 -0.001919668454631255 0.0045638749601057934 -0.00086194029149788047 -0.00033248367617334009 0.00064848105825607706 0.00099484769613794187 -0.0016028090479787592 -0.00046802372974679248 3.9298147361915411e-05
leaf_weight=245678.04396629333 67970.468414306641 60614.85031414032 283046.42490386963 698197.5927734375 24590.886386871338 193062.73164415359 60400.856979966164 184017.60677242279 946210.22184753418 148255.02768659592 117836.07260131836 505434.37213134766 2348723.171643734 17707808.092908978
leaf_count=114 24 59 119 135 76 202 298 222 564 182 54 173 4308 28170
internal_value=5.64635e-05 0.00142689 0.00408645 7.07041e-05 0.00301486 0.00109572 0.00680616 -4.09439e-05 8.51918e-05 0.00329084 0.00614882 -0.000865587 -0.000322534 7.84167e-06
internal_weight=2.35918e+07 1.56559e+06 528724 1.03687e+06 338669 278054 84991.7 2.20263e+07 1.91041e+07 450109 266091 2.92213e+06 2.41669e+06 1.8654e+07
internal_count=34700 1003 233 770 635 576 374 33697 29192 458 236 4505 4332 28734
is_linear=0
shrinkage=0.05


Tree=169
num_leaves=15
num_cat=0
split_feature=0 15 23 9 20 20 1 24 6 10 10 20 17 9
split_gain=1580.99 1138.67 1662.52 1111.26 2582.01 2565.2 1707.34 1436.79 1675.77 1290.47 2264.35 4706.65 1099.88 1116.09
threshold=17.419860989426706 19.358924260592001 -4.8051499210838244 0.13827813384070328 0.024166679454223756 -0.03811659352642599 16.995067760631983 0.046305856448976758 13.072474235254479 -0.059266550924993645 1.0000000180025095e-35 -0.00036653997500149993 0.0042353034405061508 0.33183490843569974
decision_type=2 2 8 2 10 8 2 8 2 2 2 8 2 2
left_child=1 3 -3 4 5 -1 9 8 -5 -7 11 -11 13 -4
right_child=-2 2 12 7 -6 6 -8 -9 -10 10 -12 -13 -14 -15
leaf_value=0.00089531517518975565 -0.00024595971295672016 0.0041361220933265825 0.011935705468414241 0.0023651461288874132 0.00035962188676364365 -0.0012856064199436188 -0.0007357605861663531 8.1839542773237434e-05 -0.002957346748917288 0.0055118683317994478 -0.0012260812604373019 -9.4190327123435671e-05 -0.00060337621320236687 -0.00087120426197711447
leaf_weight=166505.40647888184 866331.158203125 106084.58396911621 49933.227874755859 479035.25503730774 389896.44529724121 118900.24404907227 207504.02294921875 17755170.313402176 1132820.6196899414 80847.640914916992 238557.5384979248 87079.32014465332 1234418.2421875 577269.13171005249
leaf_count=54 126 109 64 2127 141 81 39 28947 710 47 172 198 603 1148
internal_value=-2.50668e-05 5.5202e-05 -0.00109409 0.000164683 0.00158605 0.000112814 -0.00115996 7.00603e-05 -0.00135928 0.00035669 0.00169691 0.00614482 -0.00144103 0.000263968
internal_weight=2.34904e+07 2.2624e+07 1.96771e+06 2.06563e+07 1.28929e+06 899394 732889 1.9367e+07 1.61186e+06 525385 406484 167927 1.86162e+06 627202
internal_count=34566 34440 1924 32516 732 591 537 31784 2837 498 417 245 1815 1212
is_linear=0
shrinkage=0.05


Tree=170
num_leaves=15
num_cat=0
split_feature=15 23 24 15 9 24 10 11 11 24 17 17 21 25
split_gain=1135.77 1752.62 1311.7 1466.73 1198.64 4857.8 1958.28 2205.11 2537.87 1401.54 2041.98 1896.9 1635.55 1360.96
threshold=19.358924260592001 0.80599558502481061 6.3963118133265811 19.375419251953549 0.13827813384070328 0.18163509864909802 -0.03970098221279264 -0.074499969512946643 -0.12602270055513637 0.046305856448976758 0.031433905072916657 0.014223772330488103 10.537253710438213 -0.24999999999999997
decision_type=2 8 10 2 2 8 2 2 2 8 2 2 10 2
left_child=4 2 3 -2 5 -1 -7 8 -8 10 11 -6 -13 -11
right_child=1 -3 -4 -5 9 6 7 -9 -10 13 -12 12 -14 -15
leaf_value=0.00094568955621552773 0.00066878845664086176 -0.0006871273873551337 -0.0035575697087791786 0.0050643556905401212 -0.0021852758903381608 -0.0014902448033353912 -8.9692341636198831e-05 -0.00014316636112724 0.00070834114560319739 -0.0003435058253582129 -0.0042485294720873267 0.00037329793522166668 0.014680169683254814 0.00018086211940068189
leaf_weight=329472.80505371094 190873.30657958984 1662746.7277069092 114666.96780395508 126589.46528244019 759092.00457191467 352142.21890258789 130612.17422485352 667118.44732666016 130231.01651000977 6976432.2251471281 617335.76164245605 118787.65615844727 80712.70751953125 11196716.05601418
leaf_count=106 171 1520 97 127 2191 159 158 303 54 11527 356 139 112 17465
internal_value=2.12021e-05 -0.00108981 0.00174707 0.00340266 0.000130171 0.00144221 4.8661e-05 0.00125336 0.00515127 2.32384e-05 -0.00140713 3.72199e-05 0.00437584 0.000147276
internal_weight=2.34535e+07 2.09488e+06 432130 317463 2.13587e+07 1.60958e+06 1.2801e+06 927962 260843 1.97491e+07 1.57593e+06 958592 199500 1.81731e+07
internal_count=34485 1915 395 298 32570 780 674 515 212 31790 2798 2442 251 28992
is_linear=0
shrinkage=0.05


Tree=171
num_leaves=15
num_cat=0
split_feature=25 9 19 3 16 19 3 9 16 3 11 19 6 3
split_gain=2253.05 6203.67 1093.4 2214.17 1730.02 1053.55 2280.79 1780.04 2088.77 2152.05 2598.14 6129.57 1635.49 1612.78
threshold=-0.93301270189221919 0.14407582608325048 -0.016407059656580947 16.041732990297305 16.044036325488225 0.024761595864785001 17.171183635107628 0.099641508914028162 18.534756489305497 16.041732990297305 -0.0029606646261219499 -0.014159784794791548 15.091113295066929 15.328408887801364
decision_type=2 2 2 2 2 2 2 2 2 2 2 2 2 2
left_child=1 -1 4 -4 -3 7 -7 -2 9 12 -11 -12 13 -9
right_child=5 2 3 -5 -6 6 -8 8 -10 10 11 -13 -14 -15
leaf_value=0.00055839605749901256 0.00073595559214927378 0.0018527195125555133 0.0015296770047295973 0.00061385356649791176 -0.0028936274276697102 -0.00034377350806430245 -0.0030843204816543147 -2.4877813172558348e-05 -0.0011559108715385469 -1.2104607904611066e-05 -8.6259422259840526e-05 0.0014154668853407697 -0.0010327967895597981 0.010637119520925329
leaf_weight=187405.00453186035 314420.5074005127 395397.0310716629 955258.19077217579 200855.4033203125 274021.56912612915 4513839.0801697969 300510.28662109375 10200424.292943597 493996.31015014648 1458374.388671875 933561.4736328125 787496.181640625 2188561.8354492188 121804.37042236328
leaf_count=80 198 871 1745 47 194 7112 48 22290 170 347 216 186 937 69
internal_value=1.9599e-05 0.00161858 0.000729224 0.00166036 -0.000878888 -0.000131419 -0.000782193 5.84786e-05 -1.39099e-05 8.68799e-05 0.00124846 0.00256418 -0.000208318 5.49173e-05
internal_weight=2.33259e+07 2.01294e+06 1.82553e+06 1.15611e+06 669419 2.1313e+07 4.81435e+06 1.64986e+07 1.61842e+07 1.56902e+07 3.17943e+06 1.72106e+06 1.25108e+07 1.03222e+07
internal_count=34510 2937 2857 1792 1065 31573 7160 24413 24215 24045 749 402 23296 22359
is_linear=0
shrinkage=0.05


Tree=172
num_leaves=15
num_cat=0
split_feature=25 9 3 17 21 21 9 9 23 10 3 20 23 6
split_gain=1540.23 7419.61 1736.26 1709.98 1287.98 3021.79 2117.91 1860.3 3022.66 1103.73 3625.3 1002.36 2724.54 918.378
threshold=-0.93301270189221919 0.14407582608325048 16.690778174436563 0.22619975375775667 11.037231308731972 11.052118412003972 0.17453154080605807 0.34947942343131305 2.6039781056343654 -0.36756611986874516 14.63276297057798 -0.020675541173786796 2.5830001599057755 13.585881244990302
decision_type=2 2 2 2 10 10 2 2 10 2 2 8 10 2
left_child=1 -1 3 11 -2 -6 -7 8 -8 10 -9 12 -3 -11
right_child=4 2 -4 -5 5 6 7 9 -10 13 -12 -13 -14 -15
leaf_value=0.00092665753424357646 -6.8770972677637592e-05 -0.005819774087630976 -0.0023294135872662398 0.0021883599448503312 0.0024814062996485666 -0.0012073946157935256 0.0028839531737716146 -0.0079802414180406914 -0.00032751803959727983 0.0011197018724381036 0.0040238285081779278 -1.4050901593021226e-05 0.003665770757755156 -0.0044129825566645185
leaf_weight=180388.12721252441 19401256.986985207 73397.309887886047 139077.67016601562 142443.42254638672 280399.82420730591 467349.41749572754 265507.130859375 99528.305374622345 304520.33525085449 295974.1449842453 63110.07763671875 1303312.2317181826 104007.11339092255 277905.90692138672
leaf_count=79 29349 120 25 76 169 197 164 379 189 962 27 2404 197 149
internal_value=2.09642e-06 0.00135027 0.000361635 0.000821038 -0.00011997 0.00107055 0.00030813 0.00134141 0.003486 -0.000318387 0.00331748 0.000317687 0.00384374 -0.0013488
internal_weight=2.33982e+07 1.94263e+06 1.76224e+06 1.62316e+06 2.14556e+07 2.0543e+06 1.7739e+06 1.30655e+06 570027 736518 162638 1.48072e+06 177404 573880
internal_count=34486 2901 2822 2797 31585 2236 2067 1870 353 1517 406 2721 317 1111
is_linear=0
shrinkage=0.05


Tree=173
num_leaves=15
num_cat=1
split_feature=7 0 9 24 5 3 9 9 10 19 29 9 15 24
split_gain=1212.09 3271.09 2325.11 2345.62 1165.98 2044.06 1048.33 1110.6 1334.03 1120.53 1029.1 1564.09 2644.35 1747.44
threshold=16.98736325551755 16.84045422280521 0.17899252706628047 0.98264219006143716 16.623495956216509 16.536937448267057 0.11263565210970426 0.49940127148418528 -0.43396823784931277 -0.089495761178203195 0 0.18934025675728464 19.200048426286092 1.6463606773498352
decision_type=2 2 2 10 2 2 2 2 2 2 1 2 2 10
left_child=1 4 3 -2 5 6 -1 8 -8 -10 11 12 -11 -13
right_child=2 -3 -4 -5 -6 -7 7 -9 9 10 -12 13 -14 -15
leaf_value=0.001466118941217233 -1.1213745325262976e-05 0.00025582497462560151 2.5558764641489725e-05 -0.001043518327474322 -0.00051530287747245096 0.00021988106838843419 -0.006411136575922162 0.00060767874287193796 -0.0047068228493401341 -0.00080010866952723585 -0.00057798738661207338 -0.0015933773803676089 0.0059686810341846204 0.00091576477339988147
leaf_weight=178517.18630981445 628610.17333984375 532160.65991210938 895192.71728515625 723044.21826171875 567846.46484375 502285.99853515625 440126.98052597046 7672718.9233911037 176345.72773361206 229900.32434844971 7014731.4648895264 1264613.6770820618 177743.03497314453 2240252.5259170532
leaf_count=301 118 120 154 115 134 131 408 21506 181 242 8035 1132 59 1900
internal_value=-0.000123031 -4.92104e-06 -0.00122679 -0.00253576 -0.000105556 -4.17992e-05 -0.000123354 -0.000158785 -0.00046868 -0.000361667 -0.000297858 0.000351854 0.00328321 1.09151e-05
internal_weight=2.32441e+07 2.09972e+07 2.24685e+06 1.35165e+06 2.04651e+07 1.98972e+07 1.93949e+07 1.92164e+07 1.15437e+07 1.11036e+07 1.09272e+07 3.91251e+06 407643 3.50487e+06
internal_count=34536 34149 387 233 34029 33895 33764 33463 11957 11549 11368 3333 301 3032
cat_boundaries=0 1
cat_threshold=92
is_linear=0
shrinkage=0.05


Tree=174
num_leaves=15
num_cat=1
split_feature=9 25 9 20 19 19 28 24 15 10 2 10 21 16
split_gain=2066.34 2228.78 4228.35 3450.03 1854.34 11318.8 2427.01 2912.35 1807.09 2355.36 4210.49 2342.9 2592.46 1760.77
threshold=0.25705177322892886 -0.93301270189221919 0.14407582608325048 -0.015767709280261197 0.016262469629360007 0.013538468270925351 0 1.6185599954412302 19.148051096798838 -0.11050003848079633 16.150297738002418 0.023710827087195501 10.822352375188466 18.114578210008297
decision_type=2 2 2 10 2 2 1 10 2 2 2 2 10 2
left_child=1 2 -1 -4 5 8 -6 -8 9 10 -3 13 -13 -10
right_child=-2 4 3 -5 6 -7 7 -9 11 -11 -12 12 -14 -15
leaf_value=0.0010335234751412336 -9.4875813253620509e-05 -0.00050817096823182681 0.0026820532760828248 -0.0017527961631267222 -0.00065100539930073253 0.0018830076258831451 -0.00018606042527288078 0.0013328561961192472 0.00047016735587207303 -0.00045006291859698655 0.0013793111892609806 0.00052498420325937031 0.0013862350183915216 -1.7056473976285091e-05
leaf_weight=169378.02665710449 16190136.294679523 394254.29551696777 141057.84461212158 264049.88306427002 1461910.3347663879 228874.94176483154 335248.64248657227 203695.15542602539 744749.11584472656 2076994.1470489502 188651.203125 484044.962890625 381734.51922607422 307819.83203125
leaf_count=77 30221 352 120 161 887 129 142 144 359 1678 41 214 87 49
internal_value=0.000152243 0.000845496 0.0038362 0.0010625 0.000593128 0.00112551 -0.000685931 0.0021821 0.000583034 -0.000260574 0.00254799 0.00175275 0.0036794 0.000167993
internal_weight=2.35726e+07 7.38246e+06 574486 405108 6.80798e+06 4.80712e+06 2.00085e+06 538944 4.57825e+06 2.6599e+06 582905 1.91835e+06 865779 1.05257e+06
internal_count=34661 4440 358 281 4082 2909 1173 286 2780 2071 393 709 301 408
cat_boundaries=0 1
cat_threshold=299
is_linear=0
shrinkage=0.05


Tree=175
num_leaves=15
num_cat=1
split_feature=10 22 14 28 11 22 2 22 4 20 2 4 1 24
split_gain=1449.54 1604.37 1820.73 2291.91 5297.36 1144.89 2841.26 2583.42 1749.91 1206.49 1087.26 1076.8 1074.99 1050.29
threshold=0.17451780369894895 17.202764792092243 2.3864374454103636 0 0.11979208635499011 19.617331230798943 16.395876229078294 19.607205262989968 15.811075110773315 0.0080454043116241509 17.4270168375546 17.181523356598721 15.031438254144009 0.18163509864909802
decision_type=2 2 10 1 2 2 2 2 2 10 2 2 2 8
left_child=5 -2 3 4 -3 7 8 10 9 -7 11 -1 -4 -5
right_child=1 2 12 13 -6 6 -8 -9 -10 -11 -12 -13 -14 -15
leaf_value=-0.00015373210993327154 -0.00094173436818838555 0.0038335256174918484 0.00073415671303393877 -0.010089848706404753 3.6160836304035564e-05 -0.0030597952161342591 -0.0015430944694150685 0.0022088084160974816 0.0013707597360274304 0.0020754465148290413 0.00033744663045285716 -0.00034607271907514232 -0.010893948715946488 0.0017897074163075602
leaf_weight=15929043.286083698 1993804.0426208973 181243.28855061531 232711.7426276207 93941.090507507324 219645.39528083801 523848.67812347412 710850.19360351562 337119.6728515625 125757.69921875 224949.54935264587 301313.46923828125 562584.5146484375 153540.23388671875 1777540.6364871264
leaf_count=23988 4991 149 1105 125 190 588 129 116 36 296 47 100 40 2596
internal_value=-0.000172801 0.000617033 0.00142111 0.00196057 0.00539144 -0.000369143 -0.00165461 -0.000250172 0.000253704 -0.000662874 -0.000337171 -0.000391553 -0.00175261 0.00122561
internal_weight=2.33679e+07 4.65243e+06 2.65862e+06 2.27237e+06 400889 1.87155e+07 1.58541e+06 1.71301e+07 874556 748798 1.67929e+07 1.64916e+07 386252 1.87148e+06
internal_count=34496 9196 4205 3060 339 25300 1049 24251 920 884 24135 24088 1145 2721
cat_boundaries=0 1
cat_threshold=32
is_linear=0
shrinkage=0.05


Tree=176
num_leaves=15
num_cat=0
split_feature=9 22 9 8 21 7 23 1 7 2 24 24 22 10
split_gain=1755.68 4460.72 2054.53 2173.54 1942.17 1300.65 1104.08 1003.87 1355.06 1592.95 885.668 1747.91 1430.55 1548.07
threshold=0.12238891660113292 19.577528614108676 0.11263565210970426 0.079084972427515068 10.628952567679544 16.98736325551755 2.5830001599057755 16.84045422280521 16.805898420640069 16.842637334131179 1.2736174209524151 1.2771739641164903 17.202764792092243 0.042949091005053355
decision_type=2 2 2 2 10 2 10 2 2 2 10 10 2 2
left_child=1 2 3 4 -1 7 -7 8 9 10 -2 -12 -13 -14
right_child=5 -3 -4 -5 -6 6 -8 -9 -10 -11 11 12 13 -15
leaf_value=0.00052014202739593916 -0.00062672479014639867 0.00068152204381323955 0.0017255372852195941 -0.0021170124001496271 -0.00065190214227874542 -1.1262306405540058e-05 -0.0012092107014181979 0.00038407459713223367 -0.0013959565282881919 0.00093003044766905752 0.0035982958243011794 -0.00062991613423370044 -0.00011176994328399785 0.0017121354435849817
leaf_weight=119474.51971435547 6246234.9273247719 209441.36434936523 274495.64953613281 420465.81559753418 125855.46710205078 987724.9794921875 655617.970703125 394933.64794921875 231632.08837890625 120803.05200195312 146855.26998138428 5928912.1983047724 4402686.2433307171 2905011.1134685278
leaf_count=182 10449 71 109 142 55 171 108 89 50 30 170 11555 6523 4777
internal_value=-0.000104531 0.00180024 0.000330389 -0.00117031 0.00256971 -0.000203983 -0.00155713 -9.48562e-05 -0.000144194 -9.96039e-05 -0.00013483 9.46124e-05 3.44256e-05 0.000502625
internal_weight=2.31701e+07 1.14973e+06 940291 665796 245330 2.20204e+07 1.64334e+06 2.03771e+07 1.99821e+07 1.97505e+07 1.96297e+07 1.33835e+07 1.32366e+07 7.3077e+06
internal_count=34481 559 488 379 237 33922 279 33643 33554 33504 33474 23025 22855 11300
is_linear=0
shrinkage=0.05


Tree=177
num_leaves=15
num_cat=0
split_feature=15 21 4 25 8 25 7 22 24 19 15 24 25 3
split_gain=1014.34 1767.47 1497.04 1216.75 2823.41 1822.82 1814.39 1637.38 2210.54 2493.1 6543.9 5603.14 1562.13 1545.21
threshold=19.332164999170981 11.078461293765502 15.157226915591695 -0.93301270189221919 0.10396346776495162 -0.24999999999999997 16.98736325551755 18.007319161832651 0.88970295594175008 -0.0083378322809124477 18.051916129165203 0.45979570280003906 0.68301270189221941 16.690778174436563
decision_type=2 10 2 2 2 2 2 2 10 2 2 10 2 2
left_child=3 2 -2 4 -1 6 -5 13 9 10 12 -11 -9 -7
right_child=1 -3 -4 5 -6 7 -8 8 -10 11 -12 -13 -14 -15
leaf_value=0.0010152168925312041 -0.0005953811991445076 0.00086844759328808408 -0.00038305240129665448 -0.00047920349976777728 0.0010336831775799712 -9.8248817365527707e-06 -0.0012074200566805583 -0.0021063068719248258 4.4125290282791004e-05 -0.0017904507908631422 0.0016597152806653364 0.0022691342477205076 0.003030782317858363 -0.0029368249411824104
leaf_weight=131183.17770051956 1645437.8287658691 285376.04861450195 1010309.9525756836 5464099.7841565609 1482057.1618613005 7622177.7277127504 568469.58544921875 151346.4320640564 3608123.0347136259 389041.07556152344 318889.96050643921 185700.65264225006 218607.24907970428 158956.0634765625
leaf_count=92 2255 177 303 9784 2538 14050 101 123 4267 175 126 135 174 37
internal_value=-2.37902e-05 -0.000891597 -0.00129339 0.000101949 0.00141941 -1.17971e-05 -0.000727008 0.000329198 0.00104804 0.00284781 0.00487649 0.000416376 0.000351943 -0.000120862
internal_weight=2.32398e+07 2.94112e+06 2.65575e+06 2.02987e+07 1.61324e+06 1.86854e+07 6.03257e+06 1.26528e+07 4.87171e+06 1.26359e+06 688844 574742 369954 7.78113e+06
internal_count=34337 2735 2558 31602 2630 28972 9885 19087 5000 733 423 310 297 14087
is_linear=0
shrinkage=0.05


Tree=178
num_leaves=15
num_cat=1
split_feature=27 28 18 10 19 5 17 15 16 22 1 10 16 23
split_gain=1358.14 1609.87 1876.97 2058.7 1599.58 4413.17 1488.25 1409.22 2064.13 2218.03 1045.47 1032.71 1474.72 1024.66
threshold=10.500000000000002 0 0.13822478146293629 -0.017988149188065346 0.013538468270925351 16.960686163940348 0.0048433687659590512 19.356947056987359 16.533272588522085 18.474196691413308 13.926752991283239 0.12127513645696457 17.596891769448991 -2.0808519107870547
decision_type=2 1 10 2 2 2 2 2 2 2 2 2 2 8
left_child=7 4 11 -4 6 -6 10 -1 9 13 -2 -3 -13 -9
right_child=1 2 3 -5 5 -7 -8 8 -10 -11 -12 12 -14 -15
leaf_value=-7.8184143668690709e-05 0.0025040384128898062 -0.0015788087628263649 0.0011469719756834801 0.0018014321826324696 0.00057394657231371138 0.0012133331257172871 -0.00061077505589099152 0.0050591652461950999 -0.0013854156098698938 0.0060796942829766595 0.0059446707935373391 0.00086741164892639537 0.0012754167811762508 -0.0035997151881674741
leaf_weight=18149022.530053139 437165.58112215996 346201.44970464706 193683.30277442932 285914.99622154236 558217.21222877502 74914.94287109375 1404377.0511550903 157236.81635284424 424078.56787109375 104937.16863250732 55460.228881835938 160721.7425942421 41790.782104492188 1055274.309513092
leaf_count=27718 1318 883 201 188 878 13 1228 192 97 109 61 515 23 1208
internal_value=-0.00021723 0.000682419 0.00235059 0.00463553 4.42038e-06 0.00218056 -0.000721876 -0.000378179 -0.0017368 -0.000760169 0.00164272 0.000353507 0.00318962 -0.00136371
internal_weight=2.3449e+07 3.55845e+06 1.02831e+06 479598 2.53014e+06 633132 1.897e+06 1.98905e+07 1.74153e+06 1.31745e+06 492626 548714 202513 1.21251e+06
internal_count=34632 5308 1810 389 3498 891 2607 29324 1606 1509 1379 1421 538 1400
cat_boundaries=0 1
cat_threshold=793
is_linear=0
shrinkage=0.05


Tree=179
num_leaves=15
num_cat=0
split_feature=17 18 11 9 17 10 15 9 0 3 15 23 4 4
split_gain=1384.67 2342.53 2619.36 1339.38 2984.45 1396.97 1327.88 3537.28 1890.65 2016.41 2616.53 1265.89 4100.69 1686.49
threshold=0.35588037541285428 0.24468250763569246 -0.029507131948196947 0.099641508914028162 0.12005163561103827 -0.0033114177625187999 19.457303695299927 0.3426578080604461 17.419860989426706 16.536937448267057 19.177649224056299 6.7582366309950865 16.166066284103554 16.701148858548322
decision_type=2 10 2 2 2 2 2 2 2 2 2 10 2 2
left_child=3 2 -2 4 5 -1 8 -8 9 11 -11 13 -13 -5
right_child=1 -3 -4 6 -6 -7 7 -9 -10 10 -12 12 -14 -15
leaf_value=-0.0021373686241203988 0.0010009895819194064 -0.0010170887465072076 -0.0026380183907604429 -0.00019453142420610434 0.00073306696139999476 0.00052596890599713379 0.0014161151864587594 -0.0044059936720885311 -0.0011080475152562784 0.00063390456702372801 -5.4395904378564899e-05 0.0010342080215903502 0.0043287120810794593 -0.00552707066558197
leaf_weight=103485.94987487793 473699.66680908203 1138293.5623779297 328745.70788574219 16251295.778859615 161671.26202392578 117202.16891479492 103763.72317504883 139921.10585784912 530726.78125 845849.24194335938 822374.57006835938 2073584.1184151173 87127.117431640625 183730.82763671875
leaf_count=31 220 309 158 28364 42 185 51 184 75 183 178 4554 26 48
internal_value=-3.42193e-05 -0.00131309 0.000755854 8.16477e-05 0.00301439 -0.000766488 2.83468e-05 0.00369783 -1.46544e-05 6.25022e-05 0.00172774 -8.68866e-05 0.00105087 -0.000236467
internal_weight=2.33615e+07 1.94074e+06 802445 2.14207e+07 382359 220688 2.10384e+07 243685 2.07947e+07 2.0264e+07 1.66822e+06 1.85957e+07 2.16071e+06 1.6435e+07
internal_count=34608 687 378 33921 258 216 33663 235 33428 33353 361 32992 4580 28412
is_linear=0
shrinkage=0.05


Tree=180
num_leaves=15
num_cat=0
split_feature=14 5 19 19 0 11 24 0 24 16 16 20 20 14
split_gain=1190.65 2367.21 1887.29 3002.56 6777.41 2960.45 2778.69 2658.03 2798.23 1951.87 2263.92 1712.44 2517.23 2087.12
threshold=1.4424560335824832 16.440364546327579 -0.0099925694715324986 -0.0083378322809124477 16.532359858528654 -0.074499969512946643 1.4547165740020251 14.929620221025113 1.8135144024022452 16.358074686910602 17.403758522100876 -0.028500110249422349 -0.05916215992804829 1.4666126693410426
decision_type=8 2 2 2 2 2 8 2 8 2 2 8 10 10
left_child=1 -1 11 4 5 -4 -5 -8 -9 -10 -11 12 -2 -13
right_child=2 -3 3 6 -6 -7 7 8 9 10 -12 13 -14 -15
leaf_value=-0.00021737954488621294 -0.00072804348773548844 -0.0041323457768668278 0.0081815879550021786 -0.00021813469147487325 0.0016222013045002184 -0.0015253424897637173 0.00065321793861817948 0.0020956500481201434 0.00294382329961852 -0.0012680927707146184 0.0001661597179818406 0.0016697223738631221 0.0009111790077463806 -0.00046181291246156153
leaf_weight=9927868.3792968988 416950.06492233276 338073.98657226562 46884.048431396484 3115160.2777314186 78759.040283203125 150761.20610332489 2213150.3816188574 510365.79467773438 324208.49133300781 539254.18823242188 625420.3291015625 210883.75811767578 810245.2873415947 4012684.2173891068
leaf_count=15477 666 79 122 3900 15 280 6157 126 145 170 146 247 1143 5883
internal_value=7.26295e-05 -0.000330251 0.000389445 0.000898441 0.00601411 0.00107173 0.000705472 0.00154278 0.00286425 0.00176906 0.000813906 -0.000320618 0.0013235 -0.00079833
internal_weight=2.33207e+07 1.02659e+07 1.30547e+07 7.60396e+06 276404 197645 7.32756e+06 4.2124e+06 1.99925e+06 1.48888e+06 1.16467e+06 5.45076e+06 1.2272e+06 4.22357e+06
internal_count=34556 15556 19000 11061 417 402 10644 6744 587 461 316 7939 1809 6130
is_linear=0
shrinkage=0.05


Tree=181
num_leaves=15
num_cat=1
split_feature=16 22 22 21 28 21 14 6 0 14 6 14 16 22
split_gain=1044.55 911.281 3275.36 775.066 986.18 1560.41 1143.18 1474.63 2003.23 755.941 1823.57 1347.5 3264.34 2680.38
threshold=18.650510177953056 21.068016142521437 21.06749716986349 7.1667323839111727 0 7.1157407444515224 1.1947886878439473 13.016514780800859 10.696008428507954 1.4424560335824832 16.605552301010523 1.6956826436250614 18.407908271991452 19.612712971140649
decision_type=2 2 2 8 1 10 8 2 2 8 2 10 2 2
left_child=1 2 3 4 5 -1 -6 8 -8 10 -5 12 13 -11
right_child=-2 -3 -4 9 6 -7 7 -9 -10 11 -12 -13 -14 -15
leaf_value=-0.0012272540923350488 -0.0023860717572127405 -0.005256343025661918 0.001408539732643261 -0.00028108996113552126 -0.0042250616776953074 0.013421311187867421 0.00083617952950600755 0.0019468986440633392 0.032610052469940101 0.00025863664097963723 -0.0062070168194368431 -4.139422865791952e-05 0.00058590186231022258 -0.0025195969692751513
leaf_weight=34225.952765464783 346787.6999206543 266443.99876976013 113858.20771789551 9522162.1545143127 289700.97853410244 36543.570514678955 24579.580333471298 165038.00341796875 28481.53337097168 3578529.0868405104 210377.27563476562 8200957.6904170513 368125.662109375 305026.03656005859
leaf_count=160 119 241 91 14382 741 66 329 149 46 3182 43 14816 73 87
internal_value=-5.05662e-05 -9.75327e-06 2.41057e-05 -1.82054e-05 0.00178843 0.00731761 0.00101769 0.00375191 0.0110027 -6.53209e-05 -0.000395462 0.000192706 0.000915069 0.000488519
internal_weight=2.34908e+07 2.3144e+07 2.28776e+07 2.27637e+07 578570 70769.5 507800 218099 53061.1 2.21852e+07 9.73254e+06 1.24526e+07 4.25168e+06 3.88356e+06
internal_count=34525 34406 34165 34074 1491 226 1265 524 375 32583 14425 18158 3342 3269
cat_boundaries=0 1
cat_threshold=32
is_linear=0
shrinkage=0.05


Tree=182
num_leaves=15
num_cat=0
split_feature=11 1 17 11 10 6 8 24 11 26 19 20 22 6
split_gain=988.499 3954.41 1671.66 1525.86 1652.32 1513.13 1341.06 1314.88 1244.52 1125.02 1669.04 3170.84 1443.63 1357.65
threshold=-0.070000168779436892 17.423965936235351 0.50405116301040798 -0.081390816143468145 -0.020832447195937496 17.129815940530211 0.26426021986977311 23.807886358159802 -0.006194589326005499 -0.5 -0.024983050529634447 -0.021705058441736147 18.647042967283316 16.419896991757508
decision_type=2 2 2 2 2 2 2 10 2 2 2 10 2 2
left_child=1 2 3 5 6 7 -5 -1 9 -2 11 -11 13 -12
right_child=8 -3 -4 4 -6 -7 -8 -9 -10 10 12 -13 -14 -15
leaf_value=-7.8492040896215056e-07 -0.0039524033704664997 0.00015123132790080299 0.0013026990664907628 -0.0039523110786350091 0.0020197124556421172 -0.00032301482006237363 0.0069991226778105143 0.0031188024877638223 -3.7389406995282776e-05 -5.6000798157777615e-05 -0.00086934994126479685 0.0075942575139024849 -0.00082448786582565287 0.00023771732428567809
leaf_weight=7753361.7809914351 869601.74478149414 195251.4072265625 161834.70422363281 98627.470066070557 179928.68501472473 247154.00927734375 94114.840612411499 102188.2410993576 12194602.4954319 201542.91741943359 789674.18805170059 94789.873931884766 431857.45608711243 76837.59375
leaf_count=13838 921 29 76 60 191 44 154 144 17460 237 1107 104 236 18
internal_value=-8.1624e-05 0.00033622 0.000177153 8.10328e-05 0.00320928 -6.28458e-05 -7.46141e-06 5.83505e-05 -0.000333388 -0.00135823 -0.000569329 0.00281656 -0.00134211 -0.000165093
internal_weight=2.34914e+07 8.83246e+06 8.63721e+06 8.47538e+06 372671 8.1027e+06 192742 7.85555e+06 1.46589e+07 2.4643e+06 1.5947e+06 296333 1.29837e+06 866512
internal_count=34619 14536 14507 14431 405 14026 214 13982 20083 2623 1702 341 1361 1125
is_linear=0
shrinkage=0.05


Tree=183
num_leaves=15
num_cat=0
split_feature=24 2 9 20 19 24 9 8 24 17 10 3 23 4
split_gain=1277.35 1706.55 1237.73 2311.6 2550.19 1903.59 1722.87 1687.71 1633.59 2035.11 1083.25 1970.25 1940.42 1722.32
threshold=-1.8434447414988349 14.783352547626933 0.13827813384070328 0.040420831882392753 0.026742964172620756 1.2576410032575902 0.15391910863585098 0.079084972427515068 0.12805959700701952 0.16135964454892707 -0.18836902308916406 17.445700346247609 1.8230783772914052 15.052223841656147
decision_type=8 2 2 10 2 8 2 2 8 2 2 2 10 2
left_child=1 -1 3 4 5 -2 -4 -7 9 -8 12 -12 13 -10
right_child=2 -3 6 -5 -6 7 8 -9 10 -11 11 -13 -14 -15
leaf_value=0.00021785263375350249 0.00079502202701095277 0.0056125534596851955 -0.00029668270654800797 0.00043502909711724347 -0.0011998755232109637 0.00025457092451069751 -0.0011757512829249828 -0.00016100351712212919 -0.0031499149254329965 -0.0036740719776684745 7.193341885692838e-05 0.00032473849017635343 -3.2040497438974444e-06 -0.0048591120304326291
leaf_weight=110021.13971710205 493384.83152770996 68394.836303710938 943105.43768310547 236960.85214233398 259539.28186035156 243066.91889953613 1160172.8345031738 542599.43737792969 1296179.3144812584 444323.94757080078 13061572.871994257 211186.09130859375 3706693.0043894053 488598.42944335938
leaf_count=290 172 28 417 86 138 163 2567 282 2951 162 19874 31 7090 185
internal_value=-0.000149472 0.00406493 -0.00018204 0.00108631 0.000378304 0.00129527 -0.00028771 -0.000233307 -0.000190975 -0.00172226 -6.00379e-05 0.000184324 -0.000650655 -0.00200514
internal_weight=2.32658e+07 178416 2.30874e+07 1.77555e+06 1.53859e+06 1.27905e+06 2.13118e+07 785666 2.03687e+07 1.6045e+06 1.87642e+07 1.32728e+07 5.49147e+06 1.78478e+06
internal_count=34436 318 34118 841 755 617 33277 445 32860 2729 30131 19905 10226 3136
is_linear=0
shrinkage=0.05


Tree=184
num_leaves=15
num_cat=0
split_feature=1 6 17 20 14 20 20 10 18 6 22 21 19 19
split_gain=2115.9 1280.2 1053.92 1260.56 2273.62 1721.39 4023.74 1730.21 1491.31 2751 1374 1215.62 1187.2 1582.55
threshold=17.423965936235351 17.356241645943843 0.0041322987886311504 -0.029547630580271298 1.5533272473917241 -0.05916215992804829 -0.049813040619205391 -0.059266550924993645 0.20574223000262817 14.617189579642124 18.015356146246784 7.4332380043719963 0.013538468270925351 0.015675456447670554
decision_type=2 2 2 8 10 10 10 2 10 2 2 10 2 2
left_child=1 2 11 4 -4 7 -7 -6 9 10 -8 -1 -5 -14
right_child=-2 -3 3 12 5 6 8 -9 -10 -11 -12 -13 13 -15
leaf_value=0.010659271714381739 -0.00045335067805884924 0.00042277373418940977 -0.0012638358252933361 -0.00035394105260069873 0.00092794215106036622 0.0011992856844708719 -0.0014545524309547912 -0.0022046995641458247 -2.9805338541006118e-05 0.003335578945595215 0.005507201450394409 0.00098888314074042482 0.001075468059144342 -6.5366901428474112e-05
leaf_weight=340450.13756084442 781525.8798828125 132053.10009765625 619111.34212493896 10079258.898200989 163164.73014831543 106985.17530059814 122001.88830566406 194841.18509674072 297011.32552337646 108562.68823242188 48578.017555236816 4414641.6796166897 433818.61511993408 5496795.4809112549
leaf_count=1608 113 21 547 9759 146 96 273 181 180 44 113 15719 414 5334
internal_value=-0.000202499 -0.000113884 -0.000142789 -0.000320603 0.000990808 0.00241763 0.00388942 -0.000390798 0.00223585 0.00485981 0.000899962 0.000517975 -0.000456599 0.00010471
internal_weight=2.33388e+07 2.25573e+07 2.24252e+07 1.76701e+07 1.66026e+06 1.04115e+06 683139 358006 576154 279143 170580 4.75509e+06 1.60099e+07 5.93061e+06
internal_count=34548 34435 34414 17087 1580 1033 706 327 610 430 386 17327 15507 5748
is_linear=0
shrinkage=0.05


Tree=185
num_leaves=15
num_cat=0
split_feature=25 26 16 15 25 15 20 0 23 21 24 0 23 24
split_gain=918.28 1662.15 2597.81 3220.83 2967.06 4545.01 2785.67 2467.39 2226.63 2216.72 1846.89 1784.08 1539.77 1598.96
threshold=1.0000000180025095e-35 1.0000000180025095e-35 16.533272588522085 19.272704281253588 0.25000000000000011 18.03598866506842 0.0235257527394933 16.532359858528654 2.0894143703875003 10.597509584741148 1.6020544337808504 15.924256278800728 7.8937081562421314 2.4755880669540953
decision_type=2 2 2 2 2 2 8 2 10 8 10 2 8 8
left_child=-1 2 -2 4 8 6 7 9 -4 -6 -11 -10 -3 -14
right_child=1 12 3 -5 5 -7 -8 -9 11 10 -12 -13 13 -15
leaf_value=-0.00018274936466892579 1.2473773226724084e-05 -0.00017552242145669702 -0.0043651644162128649 -0.00092309627771445006 0.0019401547226703725 0.0012794911331999884 0.0014078165788915082 -0.00090418535515224177 -0.00011746424626316627 -0.0058593796946466298 0.0030574962831240297 0.0010812017981825543 -0.0023831686356034511 0.0066103978741131348
leaf_weight=11459047.912794471 3954760.1363745928 5614804.456379652 229178.0943069458 332705.25744628906 143863.5133895874 383238.30136108398 149185.46863555908 141324.53588867188 175951.01376724243 142466.07867431641 158150.93444061279 155741.93188476562 125325.51545858383 194220.92464351654
leaf_count=17003 7676 8178 122 75 152 106 123 29 196 118 158 32 204 343
internal_value=-0.000128805 0.000178808 0.000768112 0.00223089 0.00312143 0.00460997 0.00230818 0.000754792 0.00015367 0.00258455 0.000141867 0.00277234 -0.000413695 0.00296238
internal_weight=2.336e+07 1.19009e+07 5.96657e+06 2.01181e+06 1.6791e+06 1.11823e+06 734991 585805 560871 444481 300617 331693 5.93435e+06 319546
internal_count=34515 17512 8787 1111 1036 686 580 457 350 428 276 228 8725 547
is_linear=0
shrinkage=0.05


Tree=186
num_leaves=15
num_cat=0
split_feature=7 1 4 20 19 25 14 14 19 6 1 20 17 2
split_gain=1450.71 1255.62 1236.52 854.299 858.021 1478.32 1577.76 2991.96 1630.79 1627.15 7787.99 1583.12 2326.61 2010.22
threshold=17.376805783880858 17.423965936235351 17.458037941908348 0.084788545653853922 -0.026476018212164797 -0.24999999999999997 2.192650358679165 2.2698188051545185 -0.052218753701508393 16.964547881697367 16.150297738002418 -0.044725145043466141 0.032527944669654606 14.346424655912459
decision_type=2 2 2 10 2 2 8 10 2 2 2 8 2 2
left_child=1 2 3 4 5 -1 11 -8 -9 10 -10 12 -7 -13
right_child=-2 -3 -4 -5 -6 6 7 8 9 -11 -12 13 -14 -15
leaf_value=-0.0023063353462641095 0.00013471349572843542 -0.003753432699907704 0.00034486060441520983 -0.0026921116302768781 6.6863589088905504e-05 -0.0017031225046783333 0.0075373657122622187 -0.0048921100641741051 0.00049461780893474323 -0.0049220119126784263 0.0018996981389541791 0.0016283285087881627 0.0015468331638148842 -0.0011896274660059913
leaf_weight=1507588.9607299566 969424.96484375 124678.556640625 102719.8125 379163.04565906525 17579390.821909666 168580.25532531738 73746.321537971497 137633.4366607666 350615.13199281693 63459.5322265625 53091.27685546875 977979.93414282799 133108.04019165039 808512.73168945312
leaf_count=2333 141 22 19 501 27291 247 100 272 1014 12 13 2128 73 369
internal_value=8.54809e-05 3.74245e-06 3.16736e-05 6.38636e-06 4.72115e-05 -0.000588156 9.8247e-05 0.00219285 0.00103348 0.00244274 0.00361268 -0.000582386 0.00276776 -0.00114813
internal_weight=2.34297e+07 2.24603e+07 2.23356e+07 2.22329e+07 2.18537e+07 4.27432e+06 2.76673e+06 678546 604799 467166 403706 2.08818e+06 301688 1.78649e+06
internal_count=34535 34394 34372 34353 33852 6561 4228 1411 1311 1039 1027 2817 320 2497
is_linear=0
shrinkage=0.05


Tree=187
num_leaves=15
num_cat=1
split_feature=20 19 19 16 29 9 17 17 4 3 25 8 18 18
split_gain=1209.55 2072.74 2522.15 3386.95 2692.48 1397.45 2086.45 1311.87 1257.99 2808.22 990.028 2520.14 1295.21 2341.24
threshold=-0.029547630580271298 -0.0052027977376574493 -0.024983050529634447 17.059661910813187 0 0.099641508914028162 0.16135964454892707 0.10935963947130596 15.052223841656147 14.524023047831765 -0.93301270189221919 0.079084972427515068 0.33359816648213325 0.99898163980900689
decision_type=8 2 2 2 1 2 2 2 2 2 2 2 10 10
left_child=1 2 4 8 -1 6 7 -2 9 -4 11 -7 -13 -14
right_child=5 -3 3 -5 -6 10 -8 -9 -10 -11 -12 12 13 -15
leaf_value=-2.5249388634873494e-05 9.6130949451433777e-05 -0.001672265733843164 0.0011592739277363174 0.0005186109633382736 0.0066088187215722592 0.00041313034812940166 0.001016681734818558 -0.0010399193547784499 -0.00046503094055902385 0.0077894396519712934 -0.00013810258227806219 -0.00060975632081745554 0.0022491810181410276 -0.0015377485373700242
leaf_weight=1209582.6229866743 97590.091690063477 283834.91172409058 160918.01436376572 122520.30410766602 103892.12089538574 63509.270424365997 226741.39868164062 108794.99822998047 88544.113891601562 55073.737670898438 19262843.792499781 778729.4226847887 504493.34356689453 338957.3331849575
leaf_count=1735 189 391 450 60 131 43 45 36 36 33 28786 1641 405 519
internal_value=-4.60907e-05 0.00112205 0.00176814 0.00510611 0.000682845 -0.000156688 0.00265448 -0.00098294 0.00228177 0.00433932 -0.00021481 0.000947142 0.000564614 0.00192216
internal_weight=2.3406e+07 2.02437e+06 1.74053e+06 427056 1.31347e+06 2.13817e+07 433126 206385 304536 215992 2.09485e+07 1.68569e+06 1.62218e+06 843451
internal_count=34500 2836 2445 579 1866 31664 270 225 519 483 31394 2608 2565 924
cat_boundaries=0 1
cat_threshold=67
is_linear=0
shrinkage=0.05


Tree=188
num_leaves=15
num_cat=1
split_feature=1 9 16 22 9 17 20 11 15 28 1 8 6 6
split_gain=1947.91 978.472 2129.99 3248.88 1956.34 1814.53 2310.63 1566.29 1231.4 1215.06 1733.42 1751.19 1367.78 1317.16
threshold=17.423965936235351 0.14407582608325048 18.407908271991452 18.657458918293191 0.15391910863585098 0.31408482136343246 -0.032994320150765741 0.036558439494653407 19.284222484924129 0 16.532859834196291 0.10396346776495162 15.947782723660634 15.793578236670717
decision_type=2 2 2 2 2 2 10 2 2 1 2 2 2 2
left_child=1 2 3 5 -3 6 8 -8 -1 10 11 -6 13 -13
right_child=-2 4 -4 -5 9 -7 7 -9 -10 -11 -12 12 -14 -15
leaf_value=0.0029492053648947549 -0.00057828771407909688 -0.00079898923981006065 0.00023593694886133378 -0.00023759600251136646 0.0053315675732046753 0.0010052050315835499 8.3478393736518029e-05 -0.0027871521533017678 0.0009356226676425788 -0.00012204427807808955 0.00019780404546455963 0.00011930567036866006 -0.0027471951653249113 0.0013860631011091741
leaf_weight=109958.13376617432 816752.1728515625 502458.36553192139 323534.87548828125 443977.87274169922 103226.01779735088 208833.44226074219 380163.58367919922 247886.32780456543 96148.232666015625 14642460.373184323 519189.7734375 4785665.2284609079 123331.67358398438 80690.54150390625
leaf_count=195 119 267 102 205 129 53 207 111 39 23474 100 9340 37 30
internal_value=-7.76239e-05 9.1914e-06 0.00112396 0.000324 -8.80428e-05 0.00184885 0.000805357 -0.000702151 0.00539906 -1.15892e-05 0.000613945 0.000333378 0.000200022 0.00033181
internal_weight=2.33843e+07 2.25675e+07 1.8105e+06 1.48697e+06 2.0757e+07 1.04299e+06 834156 628050 206106 2.02546e+07 5.6121e+06 5.09291e+06 4.98969e+06 4.86636e+06
internal_count=34408 34289 912 810 33377 605 552 318 234 33110 9636 9536 9407 9370
cat_boundaries=0 1
cat_threshold=710
is_linear=0
shrinkage=0.05


Tree=189
num_leaves=15
num_cat=1
split_feature=7 5 27 1 6 3 28 1 16 22 9 8 16 5
split_gain=1202.8 1202.42 962.994 3481.17 1295.38 1911.66 1266.51 1552.84 1215.38 930.235 970.853 1670.74 892.829 963.531
threshold=17.376805783880858 17.382494435338344 10.500000000000002 16.995067760631983 16.964547881697367 17.006344156415725 0 15.80192062988186 18.314726746826736 17.765944560180927 0.15898284897048959 0.13255708096274924 18.472836192843562 16.793627513211842
decision_type=2 2 2 2 2 2 1 2 2 2 2 2 2 2
left_child=1 2 4 6 5 12 7 -4 -6 10 -8 -12 13 -1
right_child=-2 -3 3 -5 8 -7 9 -9 -10 -11 11 -13 -14 -15
leaf_value=-0.00010280672079212995 0.00012145389888098255 -0.0035430711536086085 0.0010172644268382754 0.00083365275636641627 -0.00058276247919889911 0.00031764990716584562 -0.0052692205514331672 0.0016846799549210395 -5.1391914304048253e-05 -0.0038929380450635834 0.0075258997958640829 0.00054629208574669293 -0.0024253658117598591 0.00022791598575013622
leaf_weight=16922333.595959783 951730.1904296875 124346.5048828125 781264.34924960136 208386.80346679688 546939.52099609375 193027.22973632812 89996.232727050781 149391.7841796875 557637.591796875 672766.54082870483 65226.610019683838 1360664.8944404125 251828.49652099609 366105.97729492188
leaf_count=28544 138 22 1735 42 106 42 65 46 106 985 77 2307 190 81
internal_value=-2.26245e-05 -9.69498e-05 -6.94442e-05 0.000714683 -0.00020796 -0.00010448 0.000296692 0.00184172 -0.00186926 -0.000360289 0.000326425 0.000644319 -0.000158939 -0.000115885
internal_weight=2.32416e+07 2.22899e+07 2.21656e+07 3.3277e+06 1.88379e+07 1.77333e+07 3.11931e+06 930656 1.10458e+06 2.18865e+06 1.51589e+06 1.42589e+06 1.75403e+07 1.72884e+07
internal_count=34486 34348 34326 5257 29069 28857 5215 1781 212 3434 2449 2384 28815 28625
cat_boundaries=0 1
cat_threshold=230
is_linear=0
shrinkage=0.05


Tree=190
num_leaves=15
num_cat=1
split_feature=9 3 11 2 7 17 19 17 2 11 28 4 23 21
split_gain=1407.91 4899.71 1106.88 3372.44 2016.18 1660.57 1451.25 1449.29 1346.8 1401.8 1972.25 1801.88 1486.49 1482.93
threshold=0.099641508914028162 17.171183635107628 -0.066974212558948296 17.4270168375546 17.115974588496943 0.35588037541285428 -0.024983050529634447 0.50405116301040798 16.996524025785622 -0.077904549126598596 0 15.671112823407698 2.9708515693138455 10.682834224481246
decision_type=2 2 2 2 2 2 2 2 2 2 1 2 8 10
left_child=1 -1 3 4 7 -4 -7 8 9 11 -11 -2 13 -13
right_child=2 -3 5 -5 -6 6 -8 -9 -10 10 -12 12 -14 -15
leaf_value=-0.00073030810423401393 0.00058726854182964295 0.0010753608695483871 -8.80893262111009e-05 0.00013286675612129265 -0.00098935381938433675 8.9878000438247429e-05 -0.001315043287773484 0.0013626949914875897 0.00092788037276152311 0.003870027187720572 -0.0033964268591071311 -0.00039870936259628987 -0.0025214420785715 0.00031591551582389608
leaf_weight=314419.6717376709 6377509.6603478193 178829.61572265625 13135753.791952133 164946.41650390625 277575.0869140625 300262.78344726562 831726.56805419922 146461.34130859375 171494.47021484375 182187.13439178467 122760.5824174881 567798.75122070312 402937.16174316406 391395.48681640625
leaf_count=249 13510 28 19417 25 48 99 287 73 36 166 230 188 120 102
internal_value=-4.09058e-06 0.00263912 -6.05969e-05 0.000380243 0.00024504 -0.000332653 -0.00217015 0.000384194 0.00029631 0.000202842 0.00352798 7.18297e-05 -0.00157895 -0.000508395
internal_weight=2.35661e+07 493249 2.30728e+07 8.80507e+06 8.64012e+06 1.42677e+07 1.13199e+06 8.36254e+06 8.21608e+06 8.04459e+06 304948 7.73964e+06 1.36213e+06 959194
internal_count=34578 277 34301 14498 14473 19803 386 14425 14352 14316 396 13920 410 290
cat_boundaries=0 1
cat_threshold=288
is_linear=0
shrinkage=0.05


Tree=191
num_leaves=15
num_cat=1
split_feature=9 24 11 11 0 14 26 22 18 28 14 24 18 10
split_gain=1298.65 4340.24 2880.57 4168.65 4130.7 1696.98 1666.44 3141.88 876.531 1002.76 1032.11 2404.24 1985.53 2501.06
threshold=0.13827813384070328 0.18163509864909802 -0.077904549126598596 -0.12602270055513637 16.993748182993098 1.6295261165334365 -0.24999999999999997 17.376671901868402 0.0067532406757846511 0 1.4739290126631273 5.5156877989882709 0.43169913517137892 -0.066420037265679341
decision_type=2 8 2 2 2 10 2 2 10 1 10 10 10 2
left_child=1 -1 3 5 6 -3 -4 -8 -2 -10 -11 -12 -13 -14
right_child=8 2 4 -5 -6 -7 7 -9 9 10 11 12 13 -15
leaf_value=0.00096485551916958832 0.0036396217323113617 0.0002119507955610241 -0.00011182145305081373 0.00079446517595878677 -0.0015657986759767405 -0.00081131887757516651 -0.0027835551683926445 0.00090257070663143891 -0.0017019862853071379 -0.00043247118477127399 1.5662466182541765e-05 0.00020751592716188733 0.0094075813594383887 0.0022839935734787768
leaf_weight=361264.9407043457 785701.83822441101 108581.35293579102 255278.22213745117 212511.68218994141 447310.75634765625 129970.16290283203 154030.14038085938 152228.52133178711 2216125.8755836487 9441781.7400333881 8257367.3644387722 417860.29465103149 127138.41046142578 285683.50898742676
leaf_count=113 5644 132 153 77 74 77 97 108 6439 12297 7757 1080 130 213
internal_value=1.9573e-06 0.00128402 6.97891e-05 0.00339133 -0.0014153 -0.00114546 0.00144022 0.003927 -0.000106481 -0.000168565 -4.83484e-05 0.000332007 0.00289606 0.00535544
internal_weight=2.33528e+07 1.82118e+06 1.45991e+06 451063 1.00885e+06 238552 561537 306259 2.15317e+07 2.0746e+07 1.85298e+07 9.08805e+06 830682 412822
internal_count=34391 831 718 286 432 209 358 205 33560 27916 21477 9180 1423 343
cat_boundaries=0 1
cat_threshold=153
is_linear=0
shrinkage=0.05


Tree=192
num_leaves=15
num_cat=1
split_feature=25 20 26 19 1 29 20 19 8 8 8 10 10 1
split_gain=1209.62 2141.35 2156.77 3737.22 6069.31 2232.26 2018.45 3187.71 5959.51 1994.93 1914.46 1722.49 3483.64 1881.57
threshold=0.25000000000000011 1.0000000180025095e-35 1.0000000180025095e-35 0.016262469629360007 17.156634566241113 0 -0.00036653997500149993 -0.0059187558919284993 0.21545443286370766 0.13255708096274924 0.10994347008993212 -0.18331093563270331 -0.22886537988889527 16.272388657055533
decision_type=2 8 2 2 2 1 10 2 2 2 2 2 2 2
left_child=9 2 3 4 6 -4 7 -2 -9 -1 -7 12 -12 -13
right_child=1 -3 5 -5 -6 10 -8 8 -10 -11 11 13 -14 -15
leaf_value=-0.00038186734599033809 0.0011562980656373569 -5.5643054567956838e-05 0.004428985962843141 -0.001754823148569928 0.00094146696687554985 0.00058144326688705473 -0.00030093134149715618 0.0018670662814604601 0.0069365698115051487 -2.1202995664506532e-05 -6.063987709773434e-05 -0.00027127083635268919 0.0013251971250686722 -0.0010268592198213538
leaf_weight=1909532.5359787941 513628.97852802277 6341354.3557087183 100509.07803153992 418532.76273059845 106782.4384765625 222668.81532478333 137545.74899864197 67475.693054199219 108649.30120611191 11475845.714114785 531794.0875043869 807087.22323417664 137617.05177021027 397923.66625976562
leaf_count=1082 699 10799 152 427 17 84 75 43 210 18875 609 1277 103 79
internal_value=3.98314e-05 0.00045912 0.00144233 0.00301317 0.00477242 0.000475482 0.00332443 0.0044273 0.010232 -0.000270016 0.000126594 -0.000394097 0.00163949 -0.0015238
internal_weight=2.32769e+07 9.89157e+06 3.55021e+06 1.35261e+06 934082 2.1976e+06 827300 689754 176125 1.33854e+07 2.09709e+06 1.87442e+06 669411 1.20501e+06
internal_count=34531 14574 3775 1471 1044 2304 1027 952 253 19957 2152 2068 712 1356
cat_boundaries=0 1
cat_threshold=76
is_linear=0
shrinkage=0.05


Tree=193
num_leaves=15
num_cat=0
split_feature=8 26 23 21 4 20 19 15 14 19 3 8 9 15
split_gain=1713.85 1972.23 3888.41 2841.67 1207.68 1501.04 2839.32 2043.9 3420.64 1881.22 3125.79 1920.33 3467.3 1834.37
threshold=0.079084972427515068 1.0000000180025095e-35 2.3158080270847505 10.603241363941821 14.266612344806093 -0.031853191950766545 -0.014321172063744747 17.900129943970168 1.6295261165334365 -0.0083378322809124477 15.929939596008317 0.16368538215422643 0.13056622037921709 19.220245496564996
decision_type=2 2 10 10 2 8 2 2 10 2 2 2 2 2
left_child=1 2 -1 -3 -2 7 -7 -6 -9 10 -8 12 -11 -13
right_child=4 3 -4 -5 5 6 9 8 -10 11 -12 13 -14 -15
leaf_value=-2.6934718189984737e-05 0.00041986883791580342 0.00099897124180328288 0.0010126066620907107 -0.00083452066757741463 -0.00019594618760132118 -0.00089385470639722134 -0.0006459322641570826 -0.00077890458179311495 0.0010771643208596516 0.00038613640882510851 0.0012048984117134015 -5.4495913594475759e-05 -0.0014614076618882218 0.00085723005611355115
leaf_weight=189823.39243125916 10907643.280120373 164586.84626471996 138775.35491895676 264104.76254653931 297654.87811279297 3513993.8004150391 470590.32708740234 373129.1689453125 297608.98883056641 440245.51696777344 404241.275390625 3107877.5146789551 1370422.8888549805 1497702.6522827148
leaf_count=108 28840 245 160 86 127 1499 270 174 116 110 97 1475 477 714
internal_value=-7.44594e-05 0.00226542 0.00517987 3.1442e-05 -0.000152585 -0.000503763 -0.000672778 0.00138207 0.00291229 -0.00011009 0.00206498 -0.000406652 -0.00178621 0.000135717
internal_weight=2.34384e+07 757290 328599 428692 2.26811e+07 1.17735e+07 1.08051e+07 968393 670738 7.29108e+06 874832 6.41625e+06 1.81067e+06 4.60558e+06
internal_count=34498 599 268 331 33899 5059 4642 417 290 3143 367 2776 587 2189
is_linear=0
shrinkage=0.05


Tree=194
num_leaves=15
num_cat=0
split_feature=26 9 8 26 16 21 9 6 7 5 19 11 7 24
split_gain=818.255 1929.48 1854.79 1738.71 4201.23 2503.99 1382.63 3413.18 2068.66 2101.18 1792.65 1224.44 1135.99 1348.05
threshold=-0.5 0.099641508914028162 0.13724328153741419 1.0000000180025095e-35 18.261687824277342 10.934349973511816 0.20793076625117812 16.605552301010523 16.39377301661273 16.315474838755737 0.022226864345365301 -0.026447842179487095 16.98736325551755 3.5139988058455356
decision_type=2 2 2 2 2 10 2 2 2 2 2 2 2 8
left_child=1 -1 -3 4 12 -6 7 10 9 -8 11 -4 13 -2
right_child=3 2 6 -5 5 -7 8 -9 -10 -11 -12 -13 -14 -15
leaf_value=0.00089810017173048019 0.0011029182860715296 -0.0017587340624257127 -0.0010907262464303711 -4.0961822716891381e-05 0.0010630222948825898 6.9095616982946465e-05 -0.0004977787529364475 0.00078782534055633902 -0.00069493139439586772 0.0038982181075456254 -0.0021177411531917308 0.002896507112133748 -0.001481659080957361 -0.00046408337367879701
leaf_weight=163116.82562255859 2258946.3753017187 940712.43874120712 155557.81546020508 11606205.27401197 297462.22737121582 296534.50787353516 5394056.0205198526 213296.55004882812 428075.17529296875 96493.020263671875 229530.04605102539 218625.61674499512 96155.3740234375 1059319.793717742
leaf_count=101 3612 519 143 16965 107 110 10389 40 87 29 162 172 18 2010
internal_value=-7.43237e-05 -0.000491124 -0.000605469 0.000134935 0.00103273 0.00491368 -0.000315014 0.00161309 -0.00058117 -0.00032016 -0.000307845 0.00182608 0.000357571 0.000512821
internal_weight=2.34541e+07 7.83946e+06 7.67635e+06 1.56146e+07 4.00842e+06 593997 6.73563e+06 817010 5.91862e+06 5.49055e+06 603713 374183 3.41442e+06 3.31827e+06
internal_count=34464 11642 11541 22822 5857 217 11022 517 10505 10418 477 315 5640 5622
is_linear=0
shrinkage=0.05


Tree=195
num_leaves=15
num_cat=0
split_feature=9 9 20 23 16 9 8 8 10 16 3 2 21 4
split_gain=1222.65 1837.73 4384.1 4371.26 3812.15 1627.23 1438.65 1646.63 2465.03 2249.03 1709.17 1815.07 1638.17 1381.51
threshold=0.13827813384070328 0.11263565210970426 0.015921347333427153 2.8773835523188405 17.059661910813187 0.12238891660113292 0.16368538215422643 0.23857776118454019 0.310639084650636 18.36763154562799 14.597023301625571 16.842637334131179 10.836836505858395 17.181523356598721
decision_type=2 2 10 8 2 2 2 2 2 2 2 2 10 2
left_child=1 3 5 -1 -5 -3 -2 8 10 13 -8 12 -12 -9
right_child=6 2 -4 4 -6 -7 7 9 -10 -11 11 -13 -14 -15
leaf_value=-0.00023858655198545311 -0.00028104621942544192 5.3063212119468837e-05 0.00089554226973367261 -0.0001561032835435749 0.003693509612155102 -0.00035674280278193826 -0.00052293679772128638 -5.8921560785970239e-05 0.0036713213362521606 -0.0044987526134012794 0.00063467969984094146 -0.00025684418873196695 0.001650038672634851 0.00013863686433248092
leaf_weight=668842.4937286377 3045142.0994654894 234277.74574279785 276073.39099121094 98611.173034667969 100631.05236816406 427232.25871276855 1316541.4036540985 14321172.783760667 129607.05851364136 550525.19067382812 1356810.3544921875 439632.353515625 373873.19140625 116712.78955078125
leaf_count=223 2097 103 94 182 27 204 2051 28375 109 304 571 79 147 20
internal_value=-1.22677e-05 0.00123772 0.00277258 -0.000420014 0.00608073 0.000563813 -0.00011652 4.83757e-05 0.00100599 -0.000182682 0.000754318 0.0016165 0.00234528 -6.30829e-05
internal_weight=2.34557e+07 1.80567e+06 937583 868085 199242 661510 2.165e+07 1.86049e+07 3.61646e+06 1.49884e+07 3.48686e+06 2.17032e+06 1.73068e+06 1.44379e+07
internal_count=34586 833 401 432 209 307 33753 31656 2957 28699 2848 797 718 28395
is_linear=0
shrinkage=0.05


Tree=196
num_leaves=15
num_cat=1
split_feature=16 22 4 11 5 8 22 24 29 19 8 1 8 19
split_gain=918.096 930.998 1079.9 1112.36 1056.44 1187.95 961.331 2055.68 1121.63 1093.64 1502.11 1070.2 1791.93 1467.49
threshold=18.650510177953056 15.836732877555834 16.554399131064109 -0.056514246921988545 14.620793532289065 0.11957039339654042 16.077557596650617 -0.13554048001705246 0 0.039395723563671707 0.32826613290569889 14.82627648560308 0.28664440230768101 -0.015913561776993296
decision_type=2 2 2 2 2 2 2 8 1 2 2 2 2 2
left_child=1 2 3 -1 5 -5 9 -8 11 -3 -11 -9 13 -13
right_child=-2 6 -4 4 -6 -7 7 8 -10 10 -12 12 -14 -15
leaf_value=0.00036546879501135306 -0.002209381278607897 0.0011968868988420081 0.0041809422529471068 0.0040595273113282265 -0.0036105099830323578 -0.0031388909025468446 -0.002987872691247462 0.0013912995052080251 -0.00012265921204710999 0.0085749063621217876 0.0013299321687129894 -0.00015548379109558649 -0.0031064198075442702 8.1255023501305198e-05
leaf_weight=1778787.6678190231 333798.82864379883 847119.02388548851 65577.120849609375 65945.568531036377 515293.71850585938 2373481.8064861298 585858.09445858002 5041190.4232436419 7062023.7601975203 62335.02961730957 87220.489990234375 1194208.1771240234 978956.59515380859 2453848.3659667969
leaf_count=4514 123 1397 20 125 255 5723 805 10006 9757 52 172 372 459 769
internal_value=-9.92839e-05 -6.16821e-05 -0.000681587 -0.000769867 -0.00136458 -0.000930049 0.000100772 1.38592e-05 0.000115805 0.00161077 0.00555263 0.000465697 -8.33957e-05 0.000426324
internal_weight=2.34456e+07 2.31118e+07 4.79909e+06 4.73351e+06 2.95472e+06 2.43943e+06 1.83128e+07 1.73161e+07 1.67302e+07 996675 149556 9.6682e+06 4.62701e+06 3.64806e+06
internal_count=34549 34426 10637 10617 6103 5848 23789 22168 21363 1621 224 11606 1600 1141
cat_boundaries=0 1
cat_threshold=101
is_linear=0
shrinkage=0.05


Tree=197
num_leaves=15
num_cat=1
split_feature=20 4 15 20 3 19 2 5 28 14 18 4 0 24
split_gain=1349.53 1604.93 1365.45 1877.58 1748.74 1161.01 2846.04 2543.59 1256.49 1037.37 2177.73 1803 2571.61 1909.59
threshold=-0.029547630580271298 16.166066284103554 17.935066874906465 -0.032994320150765741 15.096491744934644 -0.014321172063744747 14.134565773885354 14.508186758085548 0 1.3238487943951847 0.35554071259540482 17.181523356598721 17.156634566241113 0.45979570280003906
decision_type=8 2 2 10 2 2 2 2 1 8 8 2 2 10
left_child=1 2 -1 4 -4 6 7 -2 -8 -7 11 12 13 -11
right_child=5 -3 3 -5 -6 9 8 -9 -10 10 -12 -13 -14 -15
leaf_value=-0.00081409342114519749 0.00081959393603303577 8.5334287715248714e-05 -0.00032481068996381441 0.0067239888161001841 0.0070973696869333948 -0.00025533621683361687 9.9091403946550516e-05 0.010562140720476697 -0.0014804918956884204 -0.0014646934622193416 0.00069713777872194328 -0.00067356397581989848 0.00068900705464451509 0.00031671465382849076
leaf_weight=753324.67256820202 3114368.9161916971 438728.37768554688 575061.52324676514 97393.656562805176 154531.63916015625 4925851.6035318375 518068.89904785156 41837.473449707031 3274055.8667907715 922170.16010332108 4087116.25426054 442711.4560546875 159072.24755859375 4006795.3593302965
leaf_count=1828 8683 104 729 121 71 8157 181 26 1438 1499 3624 80 31 8064
internal_value=7.03707e-05 0.00130629 0.000563525 0.00196627 0.00109582 -4.57361e-05 -0.000577411 0.000531785 -0.0015006 0.000208274 0.000510479 -0.000136291 0.000130003 -7.19344e-05
internal_weight=2.35111e+07 2.01904e+06 1.58031e+06 826987 729593 2.1492e+07 6.94833e+06 3.15621e+06 3.79212e+06 1.45437e+07 9.61787e+06 5.53075e+06 5.08804e+06 4.92897e+06
internal_count=34636 2853 2749 921 800 31783 10328 8709 1619 21455 13298 9674 9594 9563
cat_boundaries=0 1
cat_threshold=514
is_linear=0
shrinkage=0.05


Tree=198
num_leaves=15
num_cat=0
split_feature=8 14 19 18 14 26 7 16 11 15 7 5 21 23
split_gain=979.931 1561.59 2213.45 1473.97 1157.66 1807.95 832.888 1207.95 1789.94 2824.94 1279.56 2525 956.614 1331.84
threshold=0.079084972427515068 1.5869445368927224 -0.0053716608009118493 0.28324693998890349 2.3753785055257124 0.25000000000000017 16.98736325551755 18.179163792832941 -0.23889539934963802 17.289213070966639 16.805898420640069 16.793627513211842 10.597509584741148 0.67676828523480714
decision_type=2 8 2 8 8 2 2 2 2 2 2 2 10 10
left_child=1 2 -1 4 -3 -6 7 10 -9 12 11 -2 -10 -14
right_child=6 3 -4 -5 5 -7 -8 8 9 -11 -12 -13 13 -15
leaf_value=0.0001043286661434951 -6.1497946302898967e-05 -0.0019041292827728644 -0.0015201862850432613 0.00073849216126058311 0.0006868057358800062 -0.0096275359701927868 -4.0339282216529546e-05 -0.0021434895180168587 0.00051841676676711319 0.00089225520762520002 -0.00045024102543461675 0.0018164122570578469 0.00091516311790966216 -0.0028654151124072364
leaf_weight=166247.9556363821 18255324.916112065 119190.50660455227 200999.58307683468 192807.13026809692 40655.449903964996 32377.417756080627 2014298.197265625 237863.56625366211 221553.82855224609 593209.42077636719 434014.0419921875 100845.810546875 162773.96069335938 657967.03028869629
leaf_count=100 32457 48 128 83 125 108 349 145 142 160 94 24 121 545
internal_value=-3.42769e-05 0.00174111 -0.000591451 0.00396593 0.000867622 0.00582463 -9.31706e-05 1.43605e-06 0.00121216 0.00180157 -0.000119273 -5.58279e-05 0.00023389 -0.000553119
internal_weight=2.34301e+07 752278 367248 385031 192223 73032.9 2.26779e+07 2.06636e+07 1.87337e+06 1.6355e+06 1.87902e+07 1.83562e+07 1.04229e+06 820741
internal_count=34629 592 228 364 281 233 34037 33688 1113 968 32575 32481 808 666
is_linear=0
shrinkage=0.05


Tree=199
num_leaves=15
num_cat=0
split_feature=8 22 3 24 9 9 27 3 4 14 25 19 21 0
split_gain=1153.29 2377.93 6188.83 1822.5 1423.07 1971.31 991.346 1627.38 2581.3 967.905 1725.35 2492.15 2653.15 4113.93
threshold=0.079084972427515068 19.607205262989968 17.171183635107628 3.2756293038533957 0.11263565210970426 0.12238891660113292 1.5000000000000002 15.470030417566621 15.404129925016466 1.497090039949321 -0.24999999999999997 -0.014321172063744747 10.603241363941821 17.156634566241113
decision_type=2 2 2 8 2 2 2 2 2 10 2 2 8 2
left_child=1 2 3 -1 -2 -6 7 8 -7 -8 11 -11 13 -13
right_child=4 -3 -4 -5 5 6 9 -9 -10 10 -12 12 -14 -15
leaf_value=-0.00037223976284387667 -0.00016294940426265177 -0.002341673262847491 0.00073093510190588634 0.0015681023525743057 0.0012640536813627859 -0.0017669195016286913 -0.000290250803694168 -0.00096897460975832776 0.0050671000039540504 -0.0019042889026894439 0.00023853431453120955 0.001593141729931505 -0.00019288491554717894 0.00033393987104883538
leaf_weight=363313.70698070526 586659.54301452637 133686.00281524658 145802.50537109375 97002.450630307198 277086.53265380859 1305737.2018201351 10376528.21664834 485965.77514648438 58154.963745117188 1583079.0157213211 5286220.6865429878 1028096.7992563248 1655267.1335773468 66456.3037109375
leaf_count=203 183 37 24 304 119 2670 15068 132 25 2648 8621 2578 1944 13
internal_value=-8.12543e-05 0.00186151 0.00319281 0.000349331 -0.000144544 -8.00893e-05 -0.000133246 -0.00124063 -0.000355401 -3.07979e-05 0.00033051 -0.000409138 0.000500707 0.00241062
internal_weight=2.34491e+07 739805 606119 460316 2.27093e+07 2.21226e+07 2.18455e+07 1.84986e+06 1.36389e+06 1.99956e+07 9.61912e+06 4.3329e+06 2.74982e+06 1.09455e+06
internal_count=34569 568 531 507 34001 33818 33699 2827 2695 30872 15804 7183 4535 2591
is_linear=0
shrinkage=0.05


Tree=200
num_leaves=15
num_cat=1
split_feature=7 3 26 8 22 23 10 9 16 28 10 9 11 7
split_gain=2457.48 2326 1424.39 1759.23 1116.26 2718.67 3513.69 3818.86 1726.73 1662.03 1355.6 2334.44 1767.8 1496.71
threshold=16.98736325551755 17.006344156415725 0.25000000000000017 0.14483486216721952 18.015356146246784 1.0000000180025095e-35 -0.014941596721911249 0.15898284897048959 17.150215940223493 0 0.26839603107521359 0.31823383458751148 -0.50636770767543726 16.805898420640069
decision_type=2 2 2 2 2 10 2 2 2 1 2 2 2 2
left_child=1 4 3 -2 8 6 -6 -8 -1 -9 13 -12 -13 -7
right_child=2 -3 -4 -5 5 10 7 9 -10 -11 11 12 -14 -15
leaf_value=-0.00015935947241848533 -0.0022252903568806661 0.0012186338966061756 -0.00041905591480021317 6.2786269689065898e-05 -0.00033367930193603978 5.5006171577202294e-06 0.0016850214967679929 0.021852423162923185 -0.0038368765578302693 0.00055233325275617061 0.00097039436556085933 0.014425407027825056 0.00031324919701768026 -0.00099504951406656559
leaf_weight=14565044.132233977 744962.31103515625 195112.33715820312 944523.4365234375 632212.458984375 310287.62524461746 4376306.2599629164 118207.29916381836 72111.144439697266 265564.83949279785 168637.16896104813 71223.998077392578 75861.906748175621 513830.64363861084 237706.412109375
leaf_count=25721 129 43 161 108 474 5761 50 75 208 326 38 251 1118 51
internal_value=-0.000137654 3.32377e-05 -0.00168117 -0.00065553 -1.77953e-05 0.000561124 0.00356318 0.00693156 -0.000249829 0.00331782 0.000180246 0.00229809 0.00126536 -0.000123117
internal_weight=2.32916e+07 2.09699e+07 2.3217e+06 1.37717e+06 2.07748e+07 5.94417e+06 669243 358956 1.48306e+07 240748 5.27493e+06 660917 589693 4.61401e+06
internal_count=34514 34116 398 237 34073 8144 925 451 25929 401 7219 1407 1369 5812
cat_boundaries=0 1
cat_threshold=384
is_linear=0
shrinkage=0.05


Tree=201
num_leaves=15
num_cat=2
split_feature=8 2 20 28 24 14 7 3 25 5 28 3 11 24
split_gain=2129.88 2416.47 2654.64 2119.37 1129.75 903.411 1224.55 3872.41 1164.03 2019.3 1129.01 3149.92 1115.04 981.206
threshold=0.079084972427515068 17.165595607188539 0.033612892412992958 0 3.2214559674090402 2.3753785055257124 16.98736325551755 17.006344156415725 -0.93301270189221919 17.131665029836004 1 15.558852899793896 0.10440284066056275 1.2576410032575902
decision_type=2 2 8 1 8 10 2 2 2 2 1 2 2 10
left_child=1 2 -1 -4 -5 8 7 -7 9 10 11 13 -12 -2
right_child=5 -3 3 4 -6 6 -8 -9 -10 -11 12 -13 -14 -15
leaf_value=-0.0013614513783276438 -0.0038252133057700582 0.00028920135204539018 0.00095450804864402746 -0.0033940223424572483 0.013360149854894624 -0.0013910577506856849 -0.0011998019856724669 0.0015690406509453214 -1.132461397793894e-05 0.00013683049517558305 0.001214057776026156 0.0041017263754595064 -0.0018881105296133663 0.0042664969694228621
leaf_weight=339302.49121189117 81483.763964653015 203456.49658203125 46080.042477011681 36374.173444271088 57276.534135222435 2682796.969712019 494112.64111328125 66047.24853515625 17574018.690066695 111391.41455078125 726481.29175198078 60360.325073242188 453187.85048091412 193226.14405608177
leaf_count=193 182 31 51 80 233 8965 89 15 22703 19 865 20 546 446
internal_value=-1.93307e-05 0.00273232 0.00079338 0.0065935 0.00227283 -0.000103008 -0.000874893 -0.000462961 2.73657e-05 0.00130721 0.000829407 0.00339067 0.000101883 0.00111834
internal_weight=2.31256e+07 682490 479033 139731 93650.7 2.24431e+07 3.24296e+06 2.74884e+06 1.92001e+07 1.62613e+06 1.51474e+06 335070 1.17967e+06 274710
internal_count=34438 588 557 364 313 33850 9069 8980 24781 2078 2059 648 1411 628
cat_boundaries=0 1 2
cat_threshold=584 77
is_linear=0
shrinkage=0.05


Tree=202
num_leaves=15
num_cat=2
split_feature=16 7 9 6 10 9 1 4 9 28 18 0 28 0
split_gain=1135.2 2282.74 871.017 2834.78 2059.22 1564.17 3266.28 1594.3 1403.91 1111.16 839.06 2792.87 1455.4 1193.23
threshold=18.650510177953056 17.376805783880858 0.11263565210970426 16.605552301010523 0.017765846398964901 0.14407582608325048 16.150297738002418 14.685140230171404 0.14967138442708725 0 0.030889401640907952 14.929620221025113 1 11.289819202737165
decision_type=2 2 2 2 2 2 2 2 2 1 10 2 1 2
left_child=1 2 3 4 -1 6 7 9 -7 -4 11 12 13 -10
right_child=-2 -3 5 -5 -6 8 -8 -9 10 -11 -12 -13 -14 -15
leaf_value=-7.3290861355416339e-05 -0.0020357206254364721 0.00017388858356528626 -0.0015785302000258833 -0.0011702746720822913 0.001058221560261258 -0.0027840461997144924 0.00070866489512178151 -0.0033542652429276567 0.042717832450357096 0.0031352543930018833 -0.00012590269281777131 0.0059451219762201093 0.00090829367529802649 0.020377903289084273
leaf_weight=106885.66621398926 308742.34262084961 708724.1962890625 89620.656120300293 533829.79345703125 73155.701766967773 282439.890625 720304.38793945312 230693.69775390625 17114.009724617004 81715.027206420898 17671211.675034761 36879.440246582031 2439181.2408652306 14277.477386474609
leaf_count=239 119 102 195 107 53 129 155 101 187 69 21396 23 11609 41
internal_value=-5.28471e-05 -1.24298e-05 -0.000101225 -0.00181956 0.00360588 -4.43913e-05 0.00177303 -0.00183745 -0.00014408 0.00181614 -9.5081e-05 0.000760847 0.000556968 0.0112527
internal_weight=2.33148e+07 2.3006e+07 2.22973e+07 713871 180041 2.15834e+07 1.12233e+06 402029 2.04611e+07 171336 2.01787e+07 2.50745e+06 2.47057e+06 31391.5
internal_count=34525 34406 34304 399 292 33905 520 365 33385 264 33256 11860 11837 228
cat_boundaries=0 1 2
cat_threshold=43 2
is_linear=0
shrinkage=0.05


Tree=203
num_leaves=15
num_cat=1
split_feature=25 5 25 28 6 7 19 4 1 0 7 11 3 5
split_gain=1439.83 2994.29 1138.49 1377.25 2425.52 1867.41 1495.52 3365.27 2845.92 1548.65 1677.49 1394.16 3320.85 1576.57
threshold=-0.93301270189221919 17.131665029836004 -0.6830127018922193 0 17.356241645943843 17.115974588496943 -0.0083378322809124477 16.701148858548322 16.84045422280521 16.395876229078294 16.293698930881778 -0.41064458705580703 14.945645722752802 15.162938269030475
decision_type=2 2 2 1 2 2 2 2 2 2 2 2 2 2
left_child=1 -1 -2 4 5 -4 8 -8 9 10 11 12 -5 -13
right_child=2 -3 3 6 -6 -7 7 -9 -10 -11 -12 13 -14 -15
leaf_value=0.00045307525523345139 -0.00094785286740184718 0.00012198139326894806 0.00034433391810521577 0.0039008596184174626 0.00022570390680422422 -0.00092668500178841101 -0.00019820935427457135 -0.00054613558876903787 0.00025927337307860281 -0.002368602160218856 0.00027016239338440221 0.00036460943224984112 0.016628488138950282 -0.0012349294948055343
leaf_weight=1827746.7221139669 3893031.2993189096 157456.89697265625 5064527.5266172886 303421.41202664375 128215.77587890625 230037.97314453125 6098857.5312899351 746142.8154296875 470099.18090820312 275680.93432617188 134749.30126953125 3142719.7499203682 34100.077392578125 853397.62268066406
leaf_count=2870 5802 26 7806 1061 20 41 10049 136 79 72 37 6103 15 341
internal_value=2.19181e-05 0.00130998 -9.77111e-05 7.44881e-05 0.000736291 0.000571735 -0.000223113 -0.000709087 0.000414859 4.71465e-05 0.000271534 0.000100705 0.00318651 -0.000159929
internal_weight=2.33602e+07 1.9852e+06 2.1375e+07 1.74819e+07 5.42278e+06 5.29457e+06 1.20592e+07 6.845e+06 5.21417e+06 4.74407e+06 4.46839e+06 4.33364e+06 337521 3.99612e+06
internal_count=34458 2896 31562 25760 7867 7847 17893 10185 7708 7629 7557 7520 1076 6444
cat_boundaries=0 1
cat_threshold=676
is_linear=0
shrinkage=0.05


Tree=204
num_leaves=15
num_cat=0
split_feature=2 6 25 14 3 2 3 14 21 1 3 26 16 19
split_gain=1708.14 1306.75 1154.38 1624.98 918.368 1011.51 1658.14 1851.96 3393.7 1425.63 1884.74 1642.72 1440.69 1914.32
threshold=16.996524025785622 16.964547881697367 0.25000000000000011 1.7102166426109984 17.006344156415725 16.533265774342059 16.041732990297305 1.4478720133079912 10.583531120727168 14.930301469425119 15.328408887801364 0.25000000000000017 16.914387590806829 0.01031223928624665
decision_type=2 2 2 10 2 2 2 10 10 2 2 2 2 2
left_child=1 4 3 -2 5 6 9 -8 -9 10 -1 -11 13 -13
right_child=2 -3 -4 -5 -6 -7 7 8 -10 11 -12 12 -14 -15
leaf_value=7.2548816614566913e-05 8.3157795662570813e-05 -0.00074224592172550462 0.00016735079887963237 -0.00056518432423255372 0.00079768253354430072 -0.00023411598915314502 -0.00015671706223779547 0.0025247153159142595 0.00012733258282367923 -0.0012475323522100042 0.0053187527541854627 -0.00041321449159961688 -0.0025436127744252984 0.0055482945027499828
leaf_weight=13857794.685244203 655312.58056640625 307367.49560546875 856975.6552734375 631069.0771484375 191872.45751953125 1198099.5148925781 539469.13037109375 372248.77709960938 797588.81372070312 2151146.6290283203 311579.66253662109 847362.27587890625 342702.6142578125 355008.89495849609
leaf_count=31338 105 60 146 118 42 288 164 114 227 992 158 402 167 168
internal_value=7.79961e-05 -5.75603e-05 0.00142336 0.000476257 -1.01096e-05 -4.19142e-05 4.4404e-05 0.00153215 0.00264978 -9.79375e-05 0.000130185 -0.00097244 0.000271313 0.00108643
internal_weight=2.34156e+07 2.12722e+07 2.14336e+06 1.28638e+06 2.09649e+07 2.0773e+07 1.95749e+07 1.70931e+06 1.16984e+06 1.78656e+07 1.41694e+07 3.69622e+06 1.54507e+06 1.20237e+06
internal_count=34489 34120 369 223 34060 34018 33730 505 341 33225 31496 1729 737 570
is_linear=0
shrinkage=0.05


Tree=205
num_leaves=15
num_cat=0
split_feature=16 23 25 15 20 0 21 0 15 10 7 21 20 8
split_gain=2509.15 2713.86 2988.27 3544.16 2264.99 2800.4 2486.27 1934.9 1897.55 1689.1 1671.46 1495.09 1178.55 1659.12
threshold=18.114578210008297 3.5502198050944007 -0.24999999999999997 19.255681931610429 0.018899533227028253 16.993748182993098 11.048277798141749 16.395876229078294 18.165701425233532 0.057715428966110559 16.98736325551755 10.609716491129488 -0.024876270524701944 0.10396346776495162
decision_type=2 10 2 2 10 2 10 2 2 2 2 10 8 2
left_child=10 2 3 8 5 6 7 11 9 -2 12 -4 13 -1
right_child=1 -3 4 -5 -6 -7 -8 -9 -10 -11 -12 -13 -14 -15
leaf_value=0.0069414982950140886 -0.0016148593502648065 -0.0036018400840620054 0.00063927953175858191 8.8618551952284792e-05 0.00095672914013739227 0.00017846164153006419 0.0012770541282732355 -0.00086687802418321637 -0.002763423917274738 0.001147592309662059 -0.005033688221701609 -0.00032252213393515279 -0.00016864451080076637 0.00028807598798193866
leaf_weight=70510.657779693604 556980.85966491699 369111.36834716797 184750.84030151367 318584.64208984375 347356.10771179199 804532.43994140625 346433.10354614258 368018.7138671875 543373.08911132812 320299.99363708496 175793.212890625 263072.26651000977 16720183.284215808 1846230.9573221207
leaf_count=55 313 147 112 49 131 131 192 77 105 192 34 226 29612 3073
internal_value=0.000104562 0.00117621 0.00154997 -1.60138e-05 0.00272691 0.00206953 0.000499834 -0.00100711 -0.00108486 0.000353283 -0.000147362 0.00120027 -0.000101589 0.00107275
internal_weight=2.32352e+07 4.42251e+06 4.0534e+06 1.73924e+06 2.31416e+06 1.96681e+06 1.16227e+06 815842 1.42065e+06 877281 1.88127e+07 447823 1.86369e+07 1.91674e+06
internal_count=34449 1675 1528 659 869 738 607 415 610 505 32774 338 32740 3128
is_linear=0
shrinkage=0.05


Tree=206
num_leaves=15
num_cat=0
split_feature=9 20 26 10 9 2 8 11 1 4 11 24 16 18
split_gain=1824.81 2980.25 2559.92 3629.06 4540.36 2832.82 2396.56 1985.07 2949.78 1590.4 1892.59 2050.66 4120.46 1855.12
threshold=0.20793076625117812 -0.041772712071427742 1.0000000180025095e-35 0.12459154711502181 0.19850244440611808 16.395876229078294 0.079084972427515068 0.08656168567912291 15.319488255298628 15.103985640381827 -0.22256126908752086 1.3488563346028002 17.403758522100876 0.32430810839464513
decision_type=2 8 2 2 2 2 2 2 2 2 2 10 2 10
left_child=1 -1 3 4 6 7 -3 -4 -9 -2 -11 13 -13 -12
right_child=9 2 5 -5 -6 -7 -8 8 -10 10 11 12 -14 -15
leaf_value=0.00033831934485298721 9.8903619081752549e-05 0.00035300478908946383 -8.6239102653117396e-05 0.00025684327102819357 0.0019971146476060291 -0.00028662632966128563 -0.00012877255472487363 0.0008500132282879731 0.0026802044109932744 -0.0020162799902230803 -0.0052318947176284948 -0.00034030216711461236 0.00059544156865547161 -0.00024755213442780114
leaf_weight=418134.61672973633 13679431.771176934 235703.23779296875 778459.24639511108 206886.55200195312 208172.42768859863 1264184.3962402344 1652474.4738922119 216355.03706359863 115904.44592285156 777860.93286132812 506965.55493164062 1988262.3748779297 674987.99670410156 667302.67791748047
leaf_count=173 30117 151 744 118 120 249 906 262 42 312 165 752 147 232
internal_value=3.20356e-05 0.000868776 0.00050729 0.00169497 0.00107148 -0.000644551 0.000298845 0.00119775 0.0044332 -0.00020105 -0.00100363 -0.000547785 0.000219698 -0.00228844
internal_weight=2.33911e+07 5.09627e+06 4.67814e+06 2.30324e+06 2.09635e+06 2.3749e+06 1.88818e+06 1.11072e+06 332259 1.82948e+07 4.61538e+06 3.83752e+06 2.66325e+06 1.17427e+06
internal_count=34490 2765 2592 1295 1177 1297 1057 1048 304 31725 1608 1296 899 397
is_linear=0
shrinkage=0.05


Tree=207
num_leaves=15
num_cat=0
split_feature=9 2 2 14 20 8 6 0 20 21 21 19 16 21
split_gain=1420.05 6255.31 2028.39 2714.45 1265.75 2027.2 1826.01 2074.07 1351.82 1224.52 1383.47 938.628 2228.38 3844.02
threshold=0.099641508914028162 17.165595607188539 16.842637334131179 1.5995415049211423 -0.024876270524701944 0.11957039339654042 16.964547881697367 16.532359858528654 -0.021121605284877148 11.017229765033061 11.35535808636317 0.012756320567288053 18.284852716366021 11.048277798141749
decision_type=2 2 2 10 8 2 2 2 8 10 10 2 2 10
left_child=1 2 3 -1 5 -2 7 9 -6 -7 -11 -10 -13 -14
right_child=4 -3 -4 -5 8 6 -8 -9 11 10 -12 12 13 -15
leaf_value=-0.002335940634091926 0.0011128188039704057 0.0009494289845509206 -0.0026628871550378038 0.00073634425512376185 -0.0032755020065193194 0.00012620160137452407 -0.0038112366434484256 0.00013140515204511117 -0.00015292389899039321 0.0040972581632629807 -0.001770693071462057 1.3497043458794543e-05 0.00034802518652657312 -0.00023168570806782597
leaf_weight=79840.928527832031 206592.58538341522 161579.18408203125 170884.28515625 61633.073959350586 347035.30696105957 1829343.2793949842 133436.8427734375 99510.6328125 12499739.650838494 95878.303600311279 68739.479114532471 6707007.9800716639 520302.04011535645 427994.29238891602
leaf_count=190 112 26 35 43 448 2858 26 23 18898 164 114 11238 199 170
internal_value=8.84762e-05 0.00279754 -0.00133389 0.00309436 3.24965e-05 0.00111063 0.00067108 0.00103255 -9.5473e-05 0.000680971 0.00481148 -4.21977e-05 0.00039381 0.0026625
internal_weight=2.34095e+07 473937 312358 141474 2.29356e+07 2.4335e+06 2.22691e+06 2.09347e+06 2.05021e+07 1.99396e+06 164618 2.0155e+07 7.6553e+06 948296
internal_count=34544 294 268 233 34250 3297 3185 3159 30953 3136 278 30505 11607 369
is_linear=0
shrinkage=0.05


Tree=208
num_leaves=15
num_cat=0
split_feature=9 7 24 8 17 17 23 0 8 17 25 8 0 8
split_gain=2310.42 2648.95 2359.76 1808.16 1598.87 1609.65 1923.64 1394.81 1762.61 2702.58 1132.57 1124.69 1026 1027.2
threshold=0.14407582608325048 17.376805783880858 -0.021237342309276347 0.16368538215422643 0.27895765299337733 0.082267795018298021 2.7077828279574203 16.03763924788834 0.10396346776495162 0.049853867182557653 -0.6830127018922193 0.11957039339654042 14.738985821463588 0.12460012248063866
decision_type=2 2 8 2 2 2 10 2 2 2 2 2 2 2
left_child=1 2 -1 7 5 6 -4 8 9 -2 -8 -9 13 -12
right_child=3 -3 4 -5 -6 -7 10 11 -10 -11 12 -13 -14 -15
leaf_value=0.00045062082927214411 -0.0019266028694727773 0.00018590062902889578 0.0036788618740643702 1.2235390660003809e-05 0.00054222416995749925 -0.00030847409126779035 0.00065274170395175494 -0.003290488642031541 -0.0010141737703781961 0.0059557895002458998 0.0035553084910336288 -0.00043194783118154494 -0.0029078201619147752 -0.0058506009725745748
leaf_weight=307498.93748474121 149654.64046347141 325291.5576171875 103139.54991149902 18508319.458718181 388469.81811523438 724675.68814086914 92067.501480102539 478820.85205078125 1200128.4522476196 116479.79565429688 44339.900985717773 772890.4580078125 137438.88879394531 42439.463386535645
leaf_count=97 369 45 133 31663 100 240 84 100 1229 87 156 180 49 59
internal_value=-4.1069e-06 0.0015517 0.00081641 -0.00016282 1.43662e-05 -0.000926685 0.00153849 -0.00136706 -0.000320529 0.00336081 -0.000395155 -0.00259297 -0.00231241 0.00194412
internal_weight=2.33917e+07 2.16536e+06 1.84007e+06 2.12263e+07 1.53257e+06 1.1441e+06 419425 2.71797e+06 1.46626e+06 266134 316286 1.25171e+06 224218 86779.4
internal_count=34591 963 918 33628 821 721 481 1965 1685 456 348 280 264 215
is_linear=0
shrinkage=0.05


Tree=209
num_leaves=15
num_cat=1
split_feature=25 9 7 23 11 11 11 4 22 29 3 17 3 20
split_gain=1302.71 3306.12 1484.46 1382.71 1498.78 1023.69 2008.67 3148.94 1621.32 1413.64 2260.26 2066.92 1386.27 1313.57
threshold=-0.93301270189221919 0.14407582608325048 16.98736325551755 2.9297587472125404 -0.013452875405590649 -0.063208372046369185 -0.077904549126598596 16.04903536344861 21.06749716986349 0 16.690778174436563 0.17523538740422129 14.945645722752802 0.10733905033026202
decision_type=2 2 2 10 2 2 2 2 2 1 2 2 2 10
left_child=1 -1 5 4 -4 6 9 -8 13 10 11 12 -2 -7
right_child=2 -3 3 -5 -6 8 7 -9 -10 -11 -12 -13 -14 -15
leaf_value=0.00039411078732894621 0.0014518324196848595 0.00029677700245397595 -0.00033272982196629725 -0.0019326353552237855 7.7818301756878822e-05 -0.00024735394178478835 0.002042869181912424 0.0027172816798252805 0.0010140705387254021 -2.8081106923421463e-05 0.00087344604653378892 -0.0037170383159730786 0.0025553852269656792 0.0037832995548687087
leaf_weight=190342.40946960449 711364.73880958557 1770165.0005972385 805103.85791015625 606838.279296875 772849.94775390625 11381943.827487826 287490.00553607941 81321.25146484375 174419.67457580566 6105381.9182628393 116928.43896484375 121578.5703125 227986.42016601562 70078.237524032593
leaf_count=85 1101 2844 143 100 133 17511 447 22 164 11691 26 42 100 100
internal_value=-1.84899e-05 0.00121527 -0.000131184 -0.00136638 -0.000586339 8.79867e-06 0.000457908 0.00405785 -0.000286787 0.000275613 0.00186155 0.00113442 0.00192839 -0.000359655
internal_weight=2.34238e+07 1.96051e+06 2.14633e+07 2.18479e+06 1.57795e+06 1.92785e+07 7.65205e+06 368811 1.16264e+07 7.28324e+06 1.17786e+06 1.06093e+06 939351 1.1452e+07
internal_count=34509 2929 31580 376 276 31204 13429 469 17775 12960 1269 1243 1201 17611
cat_boundaries=0 1
cat_threshold=20
is_linear=0
shrinkage=0.05


Tree=210
num_leaves=15
num_cat=0
split_feature=9 11 24 19 19 19 11 27 6 7 18 3 24 9
split_gain=1620.1 3397.19 4183.64 2640.2 1060.91 1860.49 1587.49 1022.13 844.196 1266 1513.4 837.871 703.728 1242.44
threshold=0.14407582608325048 -0.077904549126598596 0.48034932442572503 0.013538468270925351 0.017275286540550706 -0.025353462715368095 0.068390123543403861 5.5000000000000009 17.356241645943843 16.805898420640069 0.28324693998890349 16.850451675266942 -1.8434447414988349 0.45718043056996704
decision_type=2 2 8 2 2 2 2 2 2 2 10 2 8 2
left_child=1 3 -3 7 5 -4 -7 -1 9 11 -11 12 13 -2
right_child=8 2 4 -5 -6 6 -8 -9 -10 10 -12 -13 -14 -15
leaf_value=0.00029359281425165012 0.0049498038395964731 0.00042450976642777129 -0.0011156653632050171 0.00087966793385147531 -0.002324019838954972 0.00044438858994620104 -4.2394104505863118e-05 5.0030990109974194e-06 0.00018108355107723112 2.4360718367555033e-07 -0.0025530214072368011 0.0011040443705979273 -5.7143495815306128e-05 -0.00043195857849009299
leaf_weight=169330.92207336426 76568.214508056641 464925.9973449707 276241.18258666992 171591.97434997559 286921.75747680664 273626.87333679199 237452.75775909424 213141.95960998535 547081.57177734375 600946.48486328125 616068.548828125 142202.45849609375 19241182.02745676 89336.572902679443
leaf_count=111 83 145 96 109 130 150 86 119 81 120 119 35 33008 220
internal_value=4.90383e-05 0.0013764 0.000167865 0.00473365 -0.00154706 -0.0005985 0.00118843 0.00242182 -8.13246e-05 -0.0001324 -0.00169708 -3.4993e-05 -6.30129e-05 0.00317948
internal_weight=2.34066e+07 2.09323e+06 1.53917e+06 554065 1.07424e+06 787321 511080 382473 2.13134e+07 2.07663e+07 1.21702e+06 1.95493e+07 1.94071e+07 165905
internal_count=34612 946 607 339 462 332 236 230 33666 33585 239 33346 33311 303
is_linear=0
shrinkage=0.05


Tree=211
num_leaves=15
num_cat=2
split_feature=16 22 10 18 19 18 19 28 10 10 16 28 4 4
split_gain=1123.91 1965.59 2165.03 2894.36 3306.58 2505.74 2319.03 1766.57 1382.61 1316.24 1189.38 1107.24 1105.14 1802.86
threshold=18.179163792832941 19.617331230798943 0.026820908930745551 0.13474773468880638 -0.0053716608009118493 0.33359816648213325 0.013538468270925351 0 0.0059906210141562012 -0.13045331306821853 18.435443290659602 1 16.860170040119087 16.410410087137191
decision_type=2 2 2 10 2 10 2 1 2 2 2 1 2 2
left_child=12 2 3 9 -5 6 7 -4 -3 -2 -9 -11 13 -1
right_child=1 8 5 4 -6 -7 -8 10 -10 11 -12 -13 -14 -15
leaf_value=-2.7813316681221132e-05 -0.0048303198627613281 -0.0015860772343974335 -0.0025638739512273724 0.00065723889977758131 0.00010991965930895361 -0.00075636729729803057 0.0008735056761178207 -4.1480528025448035e-05 2.1596548754838595e-05 -0.00059800850254756706 0.00087777459967792884 0.0021438635201795572 -0.00019219396264593064 0.00029487667592115082
leaf_weight=17817449.708188295 245276.96231079102 414173.63946533203 261527.2275390625 640151.5126953125 767416.33081054688 330915.5380859375 334250.67568969727 249678.4916229248 308865.5612487793 149163.7333984375 252821.05813598633 192284.26922607422 573599.517578125 905692.63940429688
leaf_count=32640 188 163 69 123 148 51 170 154 116 61 119 178 119 230
internal_value=0.000155593 0.000902432 0.00140272 0.00246715 0.00369695 -8.25876e-05 0.00106661 -0.000453059 -0.00146636 -0.000483168 0.00128144 0.00152401 -4.88945e-06 6.13401e-05
internal_weight=2.34433e+07 4.14653e+06 3.42349e+06 1.99429e+06 1.40757e+06 1.42919e+06 1.09828e+06 764027 723039 586725 502500 341448 1.92967e+07 1.87231e+07
internal_count=34529 1540 1261 698 271 563 512 342 279 427 273 239 32989 32870
cat_boundaries=0 1 2
cat_threshold=520 64
is_linear=0
shrinkage=0.05


Tree=212
num_leaves=15
num_cat=0
split_feature=10 10 0 8 4 20 19 1 3 24 9 25 24 0
split_gain=1423.58 2013.16 4270.64 1498.4 1745.44 1738.21 3861.28 1686.24 1387.68 1379.2 2403.91 2799.07 4500.36 1501.53
threshold=0.046142006192233007 0.051858354433619906 15.393567486515412 0.079084972427515068 17.181523356598721 0.048319697470155257 0.029993409272914853 16.995067760631983 17.171183635107628 0.80042292159832307 0.25705177322892886 0.25000000000000011 0.41318358220978907 16.993748182993098
decision_type=2 2 2 2 2 8 2 2 2 8 2 2 10 2
left_child=3 2 -2 4 5 -1 -7 9 -3 10 11 -5 -13 -11
right_child=1 8 -4 7 -6 6 -8 -9 -10 13 -12 12 -14 -15
leaf_value=-0.00034107905006259127 -0.001472759341326341 0.00021028026656250994 0.0013506496833597297 -0.00029561466377683794 0.00036176105533834068 -0.0004056731146890148 0.00087825216519788829 -0.0003926282956947835 6.007991464659666e-05 -0.00027440942432380768 -0.00016116199661307903 0.00022908023939590172 0.0013779441841993345 8.2806182219057856e-05
leaf_weight=251248.68152368069 142395.11973762512 8402055.9546285868 106549.21875 399204.73337173462 193790.76220703125 63489.860652208328 31286.624443054199 940332.19677734375 466908.4697265625 10276362.271404624 1724947.2726974487 286895.89017486572 188414.72317504883 101710.76879882812
leaf_count=156 235 13812 29 297 30 234 75 158 72 15734 3379 161 93 20
internal_value=5.98666e-05 0.000549116 0.00498364 -0.000248685 0.00233595 0.00020824 0.00597815 -0.000348932 0.000424643 -0.000200786 0.000829134 0.0029646 0.005557 -0.000458757
internal_weight=2.35756e+07 9.11791e+06 248944 1.44577e+07 539816 346025 94776.5 1.39179e+07 8.86896e+06 1.29775e+07 2.59946e+06 874515 475311 1.03781e+07
internal_count=34485 14148 264 20337 495 465 309 19842 13884 19684 3930 551 254 15754
is_linear=0
shrinkage=0.05


Tree=213
num_leaves=15
num_cat=0
split_feature=0 11 5 23 7 8 12 9 6 3 0 24 10 24
split_gain=2004.34 2064.95 1090.22 3108.38 1254.84 1040.21 826.098 610.657 809.209 1115.93 841.562 800.602 1179.79 945.767
threshold=17.156634566241113 0.068390123543403861 16.623495956216509 1.8032016426999051 16.39377301661273 0.17442642456179139 6.5000000000000009 0.11263565210970426 16.30949344286088 16.273039820797113 16.395876229078294 23.807886358159802 0.26839603107521359 50.654209035759408
decision_type=2 2 2 10 2 2 2 2 2 2 2 10 2 10
left_child=2 -2 4 -4 6 -5 -1 -8 9 10 11 -9 13 -13
right_child=1 -3 3 5 -6 -7 7 8 -10 -11 -12 12 -14 -15
leaf_value=0.015403964473075502 0.00015256470636794103 -0.00017430605351085985 0.00015665437330729371 -0.0014424630702597795 0.00040045821534929809 -0.00037295161103469675 0.00026553122137324027 -7.8627310102684584e-05 -0.00095972321743910275 0.00047731562694026025 -0.00098826499609056548 0.0099293912849354009 -0.0066473987217295543 -0.00061139514740109289
leaf_weight=172389.96386516094 904233.8564453125 616137.037109375 657338.50048828125 671931.00317382812 639734.68115234375 636993.99487304688 153565.52212524414 17597513.137209654 438476.81005859375 383560.59301757812 145484.61328125 146190.23031616211 71622.191877365112 79614.366819381714
leaf_count=1908 152 96 135 146 161 136 133 30851 127 118 46 242 128 90
internal_value=2.84468e-05 0.00178369 -9.39984e-05 -0.00121698 1.73628e-05 -0.0026258 -5.52652e-05 -8.65017e-05 -0.000112067 -6.15451e-05 -0.000118285 -8.74936e-05 0.00248497 0.0042585
internal_weight=2.33148e+07 1.52037e+06 2.17944e+07 1.96626e+06 1.98282e+07 1.30892e+06 1.91884e+07 1.9016e+07 1.88625e+07 1.8424e+07 1.80404e+07 1.78949e+07 297427 225805
internal_count=34469 248 34221 417 33804 282 33643 31735 31602 31475 31357 31311 460 332
is_linear=0
shrinkage=0.05


Tree=214
num_leaves=15
num_cat=2
split_feature=0 19 19 5 9 3 4 20 9 18 28 28 20 2
split_gain=2237.8 2346.58 3031.9 1146.67 1395.67 1417.99 1139.47 1100.12 1001.44 808.799 992.871 889.023 1216.81 870.967
threshold=16.84045422280521 0.016262469629360007 -0.0099925694715324986 16.623495956216509 0.11263565210970426 16.536937448267057 16.283999875186893 0.024166679454223756 0.23312286427676673 0.0065622736957354011 0 1 0.018899533227028253 12.760065250180011
decision_type=2 2 2 2 2 2 2 8 2 10 1 1 10 2
left_child=3 2 -2 4 7 6 9 -1 -8 11 13 12 -6 -11
right_child=1 -3 -4 -5 5 -7 8 -9 -10 10 -12 -13 -14 -15
leaf_value=-7.2300761263646143e-06 2.4719026733225607e-05 -0.00011455911646369758 0.00036072080123187401 -0.00042386263482532594 0.015129161255277924 0.00049492242243730103 -1.9656555034580792e-05 0.001024926516294171 -0.0020504278944720017 -0.0007139612075126705 -1.5428199255375626e-05 0.0015332852687172534 0.028959956921619758 -0.0034707281108564423
leaf_weight=103350.71223449707 1093596.5551757812 851082.79931640625 771414.81518554688 767048.8173828125 69033.56006860733 456430.64990234375 413043.02368164062 102458.24533081055 444967.33813476562 1223281.6613149643 15330204.744711399 702798.41250765324 15481.461143493652 903945.73086547852
leaf_count=108 197 152 142 172 492 118 118 200 133 5603 20912 5085 72 894
internal_value=4.60831e-05 0.00139483 0.00238763 -0.000132337 -5.87266e-05 -0.000101826 -0.000167633 0.00403725 -0.00194836 -8.38891e-05 -0.000154587 0.00148372 0.0063285 -0.00116685
internal_weight=2.32481e+07 2.71609e+06 1.86501e+06 2.0532e+07 1.9765e+07 1.95592e+07 1.91028e+07 205809 858010 1.82447e+07 1.74574e+07 787313 84515 2.12723e+06
internal_count=34398 491 339 33907 33735 33427 33309 308 251 33058 27409 5649 564 6497
cat_boundaries=0 1 2
cat_threshold=153 642
is_linear=0
shrinkage=0.05


Tree=215
num_leaves=15
num_cat=0
split_feature=9 2 0 4 2 14 6 2 4 1 21 1 3 26
split_gain=1862.32 3029.84 2051.9 2889.18 1412 2384.68 1268.11 1240.14 1122.2 1727.54 890.665 838.851 1093.6 4122.54
threshold=0.099641508914028162 17.165595607188539 17.419860989426706 17.458037941908348 16.842637334131179 1.5869445368927224 17.356241645943843 16.996524025785622 16.701148858548322 16.84045422280521 10.870851662968304 16.684754232979486 16.041732990297305 1.0000000180025095e-35
decision_type=2 2 2 2 2 10 2 2 2 2 10 2 2 2
left_child=1 4 3 6 5 -1 7 8 9 11 -10 12 -2 -14
right_child=2 -3 -4 -5 -6 -7 -8 -9 10 -11 -12 -13 13 -15
leaf_value=-0.0022922213038433061 -0.00011209778066054906 0.00082403935557813577 -0.00099618413474586312 0.00042532685579477067 -0.0022584959027206657 0.00079954942479267964 -0.0020461836027394426 0.00023649767290754512 -5.7355569925206592e-05 0.0011742053735644101 -0.00031479826910753788 -0.001641580913409059 0.0014936907339461096 -0.00015266369899136136
leaf_weight=66731.757415771484 17718635.165498972 197868.8193359375 735590.06591796875 153588.6923828125 156764.15283203125 55504.253036499023 126977.982421875 891435.99169921875 559240.166015625 138072.96704101562 446347.65185546875 160975.01123046875 846523.01904296875 956607.77172851562
leaf_count=179 33068 32 107 26 32 39 21 175 126 33 98 41 250 280
internal_value=8.21377e-06 0.00310057 -5.66516e-05 3.0211e-05 -0.000255777 0.0037724 -1.78362e-05 1.12931e-05 -6.6876e-05 1.57941e-05 -0.00169636 -2.33021e-05 6.33862e-06 0.00117946
internal_weight=2.32109e+07 476869 2.2734e+07 2.19984e+07 279000 122236 2.18448e+07 2.17178e+07 2.08264e+07 1.98208e+07 1.00559e+06 1.96827e+07 1.95218e+07 1.80313e+06
internal_count=34507 282 34225 34118 250 218 34092 34071 33896 33672 224 33639 33598 530
is_linear=0
shrinkage=0.05


Tree=216
num_leaves=15
num_cat=2
split_feature=3 27 1 28 18 4 3 1 2 25 7 4 5 28
split_gain=1493.6 1120.88 2569.48 1622.58 4064.12 1508.36 1485.82 1456.05 1113.81 1091.05 2832.11 1148.19 1107.69 1095.17
threshold=17.445700346247609 10.500000000000002 16.995067760631983 0 0.47177133088911288 15.209778070787939 14.89165024877475 14.781061066776951 17.4270168375546 -0.93301270189221919 16.98736325551755 16.860170040119087 16.793627513211842 1
decision_type=2 2 2 1 10 2 2 2 2 2 2 2 2 1
left_child=1 8 3 4 -3 6 7 -5 9 10 13 12 -11 -1
right_child=-2 2 -4 5 -6 -7 -8 -9 -10 11 -12 -13 -14 -15
leaf_value=-0.0034651800427298977 6.1538436795093387e-05 0.0010824910052962826 0.00054390932128684508 0.00051355074749052107 0.004897679508530978 -0.0017539624992147368 0.0052270117877771137 -0.0046414033431568308 -0.0058820817062080954 -0.00011399756647379944 0.00036675173033266941 -0.0003296642588708408 0.00042157991491436042 0.00037622283013805157
leaf_weight=245534.3101978302 865473.1181640625 548195.69741749763 262693.35424804688 1548559.3168337345 87378.245361328125 602433.29919433594 237104.04443359375 153735.47479248047 119826.44921875 15296857.309051752 117420.0576171875 1403948.8420410156 327426.04541015625 1541485.436829567
leaf_count=394 126 1131 52 3684 46 207 126 97 20 25698 22 279 72 2526
internal_value=3.38169e-05 -4.46118e-05 0.000786044 0.000393132 0.00265269 -0.00017187 0.000506974 -9.52839e-06 -0.000194594 -0.00016418 0.000970795 -0.000291116 -0.000168042 0.000476544
internal_weight=2.33581e+07 2.24926e+07 3.4401e+06 3.17741e+06 635574 2.54183e+06 1.9394e+06 1.70229e+06 1.90525e+07 1.89327e+07 1.90444e+06 1.70282e+07 1.56243e+07 1.78702e+06
internal_count=34480 34354 5343 5291 1177 4114 3907 3781 29011 28991 2942 26049 25770 2920
cat_boundaries=0 1 2
cat_threshold=164 32
is_linear=0
shrinkage=0.05


Tree=217
num_leaves=15
num_cat=2
split_feature=25 16 28 21 15 2 11 2 20 15 1 1 28 18
split_gain=1344.1 3433.14 2602.25 2741.09 2578.87 3784.46 2432.81 2261.37 2109.26 2542.52 1677.07 2673.53 1321.29 1838.6
threshold=-0.24999999999999997 18.534756489305497 0 11.078461293765502 17.935066874906465 16.996524025785622 0.0030688687109714004 16.996524025785622 -0.030982934530548695 18.051916129165203 16.532859834196291 16.150297738002418 1 0.19778262491497353
decision_type=2 2 1 10 2 2 2 2 8 2 2 2 1 10
left_child=7 2 3 4 -2 8 -5 12 9 -6 11 -10 13 -1
right_child=1 -3 -4 6 5 -7 -8 -9 10 -11 -12 -13 -14 -15
leaf_value=-0.0029343479404761574 -0.00050331196872552525 0.00034299691369498212 -5.742396639560286e-05 0.0012030355201440076 0.005569418390767928 0.00039021754599221454 0.0014132312390610141 -0.00086961355087988097 0.00016201584086299769 0.0013537831859034921 -0.0023059094991722266 0.0022731261286524493 -0.00019171352791823952 0.0029242452535274024
leaf_weight=92863.370957374573 1301213.6944949627 220457.90686035156 10018868.521843433 173804.256275177 90712.769869804382 277523.68896484375 109541.26766204834 966907.82421875 1050631.4999785423 144408.56475925446 199714.66552734375 93304.69580078125 8682695.6356129646 70176.6650390625
leaf_count=266 2138 76 15370 168 95 51 119 168 1931 169 42 28 13997 48
internal_value=-4.33817e-05 0.000276924 0.000175553 0.00136187 0.000939126 0.00213549 0.00607287 -0.000489932 0.00118895 0.00555786 0.000424447 0.00116253 -0.000238981 0.00422034
internal_weight=2.34928e+07 1.36802e+07 1.34597e+07 3.44086e+06 3.15751e+06 1.8563e+06 283346 9.81264e+06 1.57877e+06 235121 1.34365e+06 1.14394e+06 8.84574e+06 163040
internal_count=34666 20187 20111 4741 4454 2316 287 14479 2265 264 2001 1959 14311 314
cat_boundaries=0 1 2
cat_threshold=672 2
is_linear=0
shrinkage=0.05


Tree=218
num_leaves=15
num_cat=0
split_feature=7 0 25 4 6 3 21 21 23 3 4 2 7 11
split_gain=2599.74 1290.41 1001.38 2913.57 1164 2797.37 1157.16 3618.16 3409.6 3073.49 1708.6 1460.28 1448.31 1392.15
threshold=17.376805783880858 17.419860989426706 -0.93301270189221919 17.019152678527846 16.605552301010523 16.041732990297305 11.037231308731972 11.104263422778596 1.1516567307597303 16.536937448267057 14.297722475902729 13.414204744536725 17.115974588496943 0.036558439494653407
decision_type=2 2 2 2 2 2 10 10 10 2 2 2 2 2
left_child=1 2 3 4 5 -1 12 8 -8 10 11 -10 -4 -9
right_child=-2 -3 6 -5 -6 -7 7 13 9 -11 -12 -13 -14 -15
leaf_value=0.00026537960536828566 8.8403796314731373e-05 -0.0017196926855247284 -7.5347686918580891e-05 0.00038235145584619186 -0.0018245335397135628 0.0011718380071885017 -0.0057789003543392533 -0.0019889748750500534 0.0024315654602716213 0.0011663268966485283 -0.0017016452287669051 0.0091301729150447854 -0.0002439532585516633 0.0012886264835143444
leaf_weight=1542472.9597966671 992777.12646484375 128713.951171875 18389561.534669638 133848.35522460938 88737.7197265625 126320.2236328125 156111.69103002548 591534.8430826664 100284.24448013306 243782.76245117188 140340.79833984375 66297.774841308594 501579.76318359375 392154.98525738716
leaf_count=2809 144 23 29187 27 20 37 170 880 263 53 75 55 91 673
internal_value=0.000102064 -7.93413e-06 2.06579e-05 0.00112166 0.000580102 0.000876823 -8.05207e-05 0.00117276 0.00390161 0.00575057 0.00242157 0.00584573 -0.000192672 -0.000788027
internal_weight=2.35945e+07 2.26017e+07 2.2473e+07 1.89138e+06 1.75753e+06 1.66879e+06 2.05816e+07 1.69051e+06 706817 550706 306923 166582 1.88911e+07 983690
internal_count=34507 34363 34340 2893 2866 2846 31447 2169 616 446 393 318 29278 1553
is_linear=0
shrinkage=0.05


Tree=219
num_leaves=15
num_cat=1
split_feature=7 0 4 24 11 11 3 28 2 23 19 4 4 7
split_gain=2948.62 1109.63 1940.04 937.973 1169.51 820.648 807.226 691.476 1349.5 1204.89 2567.15 4256.44 1337.05 1241.34
threshold=17.376805783880858 17.419860989426706 17.458037941908348 -1.8434447414988349 0.017004124361912752 -1.3925072129351033 17.445700346247609 0 16.842637334131179 -2.0808519107870547 -0.0083378322809124477 15.052223841656147 15.671112823407698 14.728527936818516
decision_type=2 2 2 8 2 2 2 1 2 8 2 2 2 2
left_child=1 2 3 4 -1 -5 7 9 -9 10 11 -7 13 -12
right_child=-2 -3 -4 5 -6 6 -8 8 -10 -11 12 -13 -14 -15
leaf_value=0.0053386845926577317 0.00022067544003592367 -0.0015803008000189519 0.00044355289158312861 0.031141207557535158 0.00030014659192172577 0.0024293496932847785 -0.0043587966893878357 4.9073584080609674e-06 0.00037356854110408939 -0.00016563668386521273 -0.00074498689517892903 0.0082363214902762306 -0.0012727923062714331 0.0035990094421603173
leaf_weight=69055.970165252686 958070.0029296875 112360.01220703125 86697.55712890625 84143.755411028862 97857.757713317871 283517.88459968567 83550.490234375 9185859.3092005253 895479.92041015625 10782587.160037041 535510.58171272278 76043.897827148438 131643.33349609375 96357.649047851562
leaf_count=126 139 20 16 967 161 519 15 15377 183 15840 1088 27 39 44
internal_value=7.19793e-05 -4.3592e-05 -1.87396e-05 -4.77338e-05 0.00368639 -7.58668e-05 -9.46565e-05 -7.60162e-05 0.000228698 -0.000334039 0.00122452 0.004708 -0.000415954 0.000539085
internal_weight=2.34787e+07 2.25207e+07 2.24083e+07 2.23216e+07 166914 2.21547e+07 2.20706e+07 2.1987e+07 1.00813e+07 1.19057e+07 1.12307e+06 359562 763512 631868
internal_count=34561 34422 34402 34386 287 34099 33132 33117 15560 17557 1717 546 1171 1132
cat_boundaries=0 1
cat_threshold=273
is_linear=0
shrinkage=0.05


Tree=220
num_leaves=15
num_cat=0
split_feature=2 17 1 21 1 5 0 21 5 26 9 20 19 11
split_gain=2334.7 2820.37 1463.71 746.956 2349.64 1442.19 1494.24 1428.68 1542.58 1353.25 1295.46 3341.32 1763.27 1224.54
threshold=17.165595607188539 0.22619975375775667 16.995067760631983 11.037231308731972 16.84045422280521 16.088345866970069 13.412180609518545 10.934349973511816 14.4275443051254 0.25000000000000017 0.13827813384070328 0.025141444953454203 -0.024983050529634447 0.075648506650049172
decision_type=2 2 2 10 2 2 2 8 2 2 2 10 2 2
left_child=2 -2 3 7 5 6 -5 10 -9 13 11 12 -1 -8
right_child=1 -3 -4 4 -6 -7 9 8 -10 -11 -12 -13 -14 -15
leaf_value=0.0011872579688395675 0.00011895442554014782 -4.8515387961163728e-06 -0.00038679161358166078 -0.0022865716437798496 0.0005932299167862832 -0.0014323228073991493 0.003088923416930978 -0.00027826851667179831 -0.0018778002480132915 -4.7600610333975496e-05 -6.2709671352217063e-05 0.0011136517997970344 -0.00031296340631905293 0.00042725146059795877
leaf_weight=158902.12713623047 804489.3779296875 758732.9111328125 749338.19555664062 532879.98751354218 109296.27490234375 287500.16162109375 249800.74761962891 583441.599152565 516912.94934082031 285337.56579589844 17781091.847918868 194365.5511932373 340672.45645141602 210965.75769042969
leaf_count=103 130 123 148 1743 24 69 176 1207 204 209 29910 95 326 153
internal_value=3.47744e-05 0.00190188 -9.7891e-05 -2.13087e-05 0.000991839 0.000497299 0.00121659 -0.000108041 -0.00185832 0.0026609 -3.79568e-06 0.00211558 -4.85234e-05 0.00433661
internal_weight=2.35637e+07 1.56322e+06 2.20005e+07 2.12512e+07 1.67578e+06 1.56648e+06 1.27898e+06 1.95754e+07 1.10035e+06 746104 1.8475e+07 693940 499575 460767
internal_count=34620 253 34367 34219 2374 2350 2281 31845 1411 538 30434 524 429 329
is_linear=0
shrinkage=0.05


Tree=221
num_leaves=15
num_cat=0
split_feature=0 8 8 19 21 14 14 21 7 9 18 18 18 0
split_gain=1134.98 2316.08 2064.32 1277.92 751.832 1803.29 2931.35 1341.74 1122.81 951.527 1833.61 1281.18 888.625 1281.31
threshold=16.84045422280521 0.21545443286370766 0.15572691317479698 0.015675456447670554 11.037231308731972 2.4898991146353726 2.4283401526158253 11.048277798141749 16.805898420640069 0.32130729923916251 0.39331165445237215 0.03212508432901811 0.062848074781887822 15.029197086270768
decision_type=2 2 2 2 10 10 10 10 2 2 10 10 10 2
left_child=4 2 3 -2 12 6 7 -6 9 10 11 -9 13 -1
right_child=1 -3 -4 -5 5 -7 -8 8 -10 -11 -12 -13 -14 -15
leaf_value=0.00053261385061290252 0.00035033603050559472 0.00036214099249964313 -0.00034443626046350536 -0.00013519347704363127 0.0029762268753145628 -0.0039091589223771836 0.0023173719822907795 0.0049580396042381552 -0.0036554227779680018 -0.00045869992360131378 0.0032552824025100708 -0.0016064890452017002 -0.00021202143706706736 0.0026447220617355806
leaf_weight=3563564.8102183342 1063168.2041015625 529468.50708007812 549704.6142578125 589230.3017578125 102031.79041290283 196552.12604999542 103061.73185300827 117874.9870300293 87321.70654296875 698685.39326620102 132881.30963134766 196945.40756225586 15357098.039320707 87285.099670410156
leaf_count=14350 191 101 97 103 94 457 70 103 19 1375 85 178 17308 45
internal_value=3.23331e-05 0.000990127 0.00027622 0.00115919 -9.44045e-05 0.000934328 0.001548 0.000921109 0.000465382 0.000881687 0.00268123 0.000602346 -0.000182912 0.000518251
internal_weight=2.33749e+07 2.73157e+06 2.2021e+06 1.6524e+06 2.06433e+07 1.63535e+06 1.4388e+06 1.33574e+06 1.23371e+06 1.14639e+06 447702 314820 1.90079e+07 3.65085e+06
internal_count=34576 492 391 294 34084 2381 1924 1854 1760 1741 366 281 31703 14395
is_linear=0
shrinkage=0.05


Tree=222
num_leaves=15
num_cat=2
split_feature=25 9 29 10 9 25 28 16 21 10 16 17 2 27
split_gain=900.386 3661.18 1713.91 1773.42 4587.67 1538.97 2091.21 3327.63 2697.16 2077.97 1792.92 1631.14 1801.01 1568.35
threshold=-0.93301270189221919 0.13827813384070328 0 0.15762180725784528 0.35285099206208809 -0.24999999999999997 1 18.284852716366021 11.037231308731972 0.086090403615409969 18.179163792832941 0.12005163561103827 16.996524025785622 3.5000000000000004
decision_type=2 2 1 2 2 2 1 2 10 2 2 2 2 2
left_child=1 -1 -3 -4 -5 10 7 8 9 -7 -2 12 -8 -11
right_child=5 2 3 4 -6 6 11 -9 -10 13 -12 -13 -14 -15
leaf_value=0.00033265142345111044 -0.00023418828027410609 -0.001659650785790208 -1.7820859132291366e-05 0.0021565174254790371 0.0019206671343389914 -0.0004536152143755595 -1.7299024863404353e-06 0.00035707420402851292 0.0015091254535422648 -0.0011938610857750655 -0.00098501321683370884 -0.00027419005363009532 0.00065155547901815214 0.0021764445745057303
leaf_weight=164542.37643432617 6292724.0235630274 292234.48340797424 1157831.7011010647 66843.510597229004 303526.11422133446 1982550.8745474815 7961863.9724087715 679398.09783935547 216692.96628952026 224752.78592300415 1371954.4792480469 2025673.7113037109 86025.7900390625 452297.62431287766
leaf_count=70 10878 228 1870 64 694 2847 14453 155 314 575 523 900 17 843
internal_value=-8.72313e-05 0.00093125 0.000285664 0.000956559 0.00396812 -0.000182172 0.000136591 0.00117906 0.000435661 -1.37791e-06 -0.000748993 -0.000231372 8.78315e-05 0.00239019
internal_weight=2.32789e+07 1.98498e+06 1.82044e+06 1.5282e+06 370370 2.12939e+07 1.36293e+07 3.55569e+06 2.87629e+06 2.6596e+06 7.66468e+06 1.00736e+07 8.04789e+06 677050
internal_count=34431 2926 2856 2628 758 31505 20104 4734 4579 4265 11401 15370 14470 1418
cat_boundaries=0 1 2
cat_threshold=80 672
is_linear=0
shrinkage=0.05


Tree=223
num_leaves=15
num_cat=2
split_feature=5 0 2 3 10 9 0 20 14 28 30 0 6 9
split_gain=1370.1 1499.89 975.785 1923.65 1670.92 1445.91 3824.74 1118.04 1114.48 988.581 926.975 1829.25 1283.37 1353.22
threshold=17.131665029836004 17.419860989426706 16.533265774342059 16.850451675266942 -0.059266550924993645 0.13827813384070328 16.272741767951768 0.023185659485719903 1.6413411368289612 0 1 16.152874941917947 13.553492602565838 0.22149683170429854
decision_type=2 2 2 2 2 2 2 8 10 1 1 2 2 2
left_child=2 -2 5 8 -5 6 7 -1 -4 -9 11 12 -7 -14
right_child=1 -3 3 4 -6 10 -8 9 -10 -11 -12 -13 13 -15
leaf_value=-0.00032099212215288826 0.00018613012481259302 -1.0846135780752811e-05 -0.00042131003287238905 -0.00024099538185395975 0.00039085012798416481 0.0036328361451186059 0.0039236673708720393 0.0031365920007888474 -0.0014337621921777727 -1.6988376656785603e-05 -0.00018491091674251249 0.0022065729746392412 0.002563539481876521 -0.0006144361831614283
leaf_weight=269561.57272338867 755992.91943359375 827632.18017578125 589204.13525390625 560788.73901367188 513934.49389648438 2155981.2800991535 116306.03637695312 59031.101852416992 442639.0126953125 111798.71519470215 13679572.480032325 230497.416015625 258415.7841796875 2865328.8406982422
leaf_count=268 137 121 146 111 107 6623 32 86 104 213 24439 69 163 1961
internal_value=3.19603e-05 0.00145209 -7.09522e-05 -0.00109389 0.000386597 3.81752e-05 0.00255018 0.00042036 -0.0026359 0.00358501 -3.46984e-05 0.000512847 0.000322499 -0.000325129
internal_weight=2.34367e+07 1.58363e+06 2.18531e+07 2.10657e+06 1.07472e+06 1.97465e+07 556697 440391 1.03184e+06 170830 1.91898e+07 5.51022e+06 5.27973e+06 3.12374e+06
internal_count=34580 258 34322 468 218 33854 599 567 250 299 33255 8816 8747 2124
cat_boundaries=0 1 2
cat_threshold=112 10
is_linear=0
shrinkage=0.05


Tree=224
num_leaves=15
num_cat=1
split_feature=8 23 11 4 23 9 9 15 29 1 0 8 19 4
split_gain=1613.04 2944.65 3264.65 3260.98 2752.97 2215.55 1828.23 1264.49 3293.01 1350.8 3136.85 882.034 1673.31 1113.36
threshold=0.079084972427515068 2.3158080270847505 0.11548245711180712 17.458037941908348 2.8694399824600154 0.11263565210970426 0.099641508914028162 19.457303695299927 0 17.423965936235351 17.156634566241113 0.16368538215422643 -0.043346914351681191 17.181523356598721
decision_type=2 10 2 2 10 2 2 2 1 2 2 2 2 2
left_child=1 -1 3 4 -3 -2 -6 9 -9 10 11 12 -7 -13
right_child=5 2 -4 -5 6 7 -8 8 -10 -11 -12 13 -14 -15
leaf_value=-0.00022155691998907527 -0.00051422363370905069 -0.00063758279242553755 -0.0012709505173178726 0.00031864205411776848 0.0037588875118404318 0.00082858308592106869 0.0061559565263577566 -0.0084473636719740296 0.0045535133932039897 -0.00080459991242789585 0.00025877854083168074 -1.3993547587471731e-05 -0.00031988105238046124 0.00035272783037815063
leaf_weight=415076.67557191849 538608.45648193359 52399.184120178223 104074.02163505554 76599.53076171875 40154.26416015625 168516.20881271362 48989.112790346146 106029.47427368164 110037.75006103516 560887.11181640625 486154.14794921875 17739255.556555033 2810582.5397377014 136039.30200195312
leaf_count=206 183 28 94 11 128 123 126 104 124 83 89 31275 1912 26
internal_value=-6.52184e-05 0.00223633 0.00582271 0.009299 0.00480178 -0.000140117 0.010148 -6.29579e-05 0.00374332 -0.000100509 -3.68489e-05 -0.000129404 -0.000925927 3.34415e-06
internal_weight=2.33934e+07 737293 322216 218142 141543 2.26561e+07 89143.4 2.21175e+07 216067 2.19014e+07 2.13405e+07 2.08544e+07 2.9791e+06 1.78753e+07
internal_count=34512 593 387 293 282 33919 254 33736 228 33508 33425 33336 2035 31301
cat_boundaries=0 1
cat_threshold=76
is_linear=0
shrinkage=0.05


Tree=225
num_leaves=15
num_cat=0
split_feature=8 9 23 11 11 9 14 14 16 14 14 23 16 18
split_gain=1890.01 2437.6 1864.28 1697.15 1855.67 1549.91 1326.45 2965.55 2846.95 1440.46 2614.7 3549.55 1407.78 1297.83
threshold=0.079084972427515068 0.11263565210970426 3.1658505022604353 0.033327541454186205 -0.077904549126598596 0.12238891660113292 2.3753785055257124 2.3659437737977824 18.36763154562799 2.3474724148787502 2.3300545347507993 2.1778171124778605 18.534756489305497 0.58393570905678183
decision_type=2 2 8 2 2 2 10 10 2 10 10 10 2 8
left_child=2 -2 3 4 -1 -3 7 9 -8 10 12 -12 -7 -4
right_child=1 5 13 -5 -6 6 8 -9 -10 -11 11 -13 -14 -15
leaf_value=0.00029394449046364624 -0.00056899969118675013 0.0010821364542371785 0.0057490037659230272 0.00026141755305322822 -0.0013990033411340036 -1.1998579515902127e-05 -0.00023412720146986585 0.00075769179135288254 -0.0025540681683989008 -0.0002675209214116232 0.0016774214042265562 -0.00041483860317576726 0.00029792178629575272 0.00076600398550415812
leaf_weight=187516.13237142563 530018.32473754883 260156.36401367188 66738.156031370163 217856.07334756851 206096.31673908234 17446363.16245234 2552894.0444130898 249684.11144256592 551245.85289001465 403465.8245139122 181128.74120140076 172009.02061271667 261810.97521972656 60789.060470581055
leaf_count=126 188 116 219 77 89 23888 8808 132 184 268 115 151 134 66
internal_value=1.88502e-06 -7.94469e-05 0.00249015 0.00134327 -0.000616449 9.92793e-07 -4.47518e-05 0.000114024 -0.00100199 4.0833e-05 0.000106838 0.00436695 2.18824e-05 0.00798922
internal_weight=2.33478e+07 2.26088e+07 738996 611469 393612 2.20788e+07 2.18186e+07 1.87145e+07 3.10414e+06 1.84648e+07 1.80613e+07 353138 1.77082e+07 127527
internal_count=34561 33984 577 292 215 33796 33680 24688 8992 24556 24288 266 24022 285
is_linear=0
shrinkage=0.05


Tree=226
num_leaves=15
num_cat=0
split_feature=18 9 19 14 19 9 8 0 21 23 18 19 18 18
split_gain=671.195 808.604 672.703 1331.66 1758.92 3249.94 1630.69 2803.62 1930.86 2126.29 2176.42 1912.57 1621.79 2375.25
threshold=0.0022545870432749506 5.3666527245502778 0.012756320567288053 1.2503043946830044 0.015675456447670554 0.21296953327358806 0.14483486216721952 16.993748182993098 11.078461293765502 2.6039781056343654 0.20574223000262817 0.041274684494610407 0.47177133088911288 0.56513799080747829
decision_type=10 2 2 10 2 2 2 2 10 10 10 2 10 10
left_child=1 -1 -2 -4 5 -5 11 8 12 10 -10 -6 -8 -14
right_child=2 -3 3 4 6 -7 7 -9 9 -11 -12 -13 13 -15
leaf_value=0.0049956983043788093 -5.4552117033019644e-05 0.043060968169030253 -0.0015616371910280916 0.001779850297073515 -0.0019198594457063404 0.0017006690634074357 -0.00053477944487392143 0.00047595104198769778 0.0061141982771339073 0.00082039482457171094 0.0030323785252000953 0.00010388708975619997 0.0074646287276775207 0.0011985630478665188
leaf_weight=212514.13474857807 15322803.968186378 10112.705169677734 2239446.7764964104 136497.82496643066 595274.75919723511 367318.49427652359 1993769.3283700943 243875.740234375 76486.604320526123 144373.90956878662 81558.164962768555 429419.05128097534 97158.76838684082 1519740.6795966625
leaf_count=2599 20867 51 3731 59 244 597 3992 43 134 199 76 181 101 1691
internal_value=2.54046e-05 0.00275775 -7.61172e-07 0.000373231 0.000780008 0.00360039 0.000505781 0.000946163 0.000621998 0.00445974 0.00846685 -0.00128076 0.000300561 0.00147727
internal_weight=2.34704e+07 222627 2.32477e+07 7.92492e+06 5.68547e+06 503816 5.18166e+06 4.15696e+06 3.91309e+06 302419 158045 1.02469e+06 3.61067e+06 1.6169e+06
internal_count=34565 2650 31915 11048 7317 656 6661 6236 6193 409 210 425 5784 1792
is_linear=0
shrinkage=0.05


Tree=227
num_leaves=15
num_cat=1
split_feature=8 26 9 14 20 8 11 28 4 18 22 22 11 17
split_gain=2023.77 2358.57 3113.28 2336.39 1264.75 1008.93 736.529 704.635 2580.81 1672.12 1300.05 2471.15 1982.53 968.434
threshold=0.079084972427515068 1.0000000180025095e-35 0.14407582608325048 1.6838557647090264 0.087309770381889654 0.096798193245150224 0.026797030576848752 0 17.019152678527846 0.040553387126233957 18.657458918293191 18.387169605296958 -0.036197695480266696 0.20761420437122818
decision_type=2 2 2 8 10 2 2 1 2 10 2 2 2 2
left_child=1 2 -1 -3 5 6 -2 8 9 -7 11 13 -13 -11
right_child=4 3 -4 -5 -6 7 -8 -9 -10 10 -12 12 -14 -15
leaf_value=0.00057471185097386114 -0.0020534781617504573 -0.00040866394747577381 -0.00099521754101559068 0.00057566199717684434 -0.002275507394514422 0.0028262882933679993 -1.096094745918151e-05 -7.2783526732114412e-05 0.00033042717387633461 -0.0011012008683751063 -0.00090230895217036512 0.0018543741682435192 0.00014848912306453322 0.00079442881937318651
leaf_weight=213178.11831665039 302227.89984512329 263566.94355082512 138049.78460931778 123983.76776123047 292342.8550157547 1420141.965993166 209225.21507263184 15834237.818566799 536270.26220703125 2579227.0894269943 700256.43990135193 144151.12467956543 159568.50682067871 485957.21807861328
leaf_count=139 157 138 142 174 391 4733 105 23656 98 3802 515 68 146 290
internal_value=-0.000104331 0.00247097 0.00543858 -0.000218511 -0.00018828 -0.000145582 -0.00234079 -9.42205e-05 0.00036596 4.25286e-05 -0.000473007 -6.55488e-05 0.00423641 -0.000491817
internal_weight=2.34024e+07 738779 351228 387551 2.26636e+07 2.23713e+07 511453 2.18598e+07 6.02557e+06 5.4893e+06 4.06916e+06 3.3689e+06 303720 3.06518e+06
internal_count=34554 593 281 312 33961 33570 262 33308 9652 9554 4821 4306 214 4092
cat_boundaries=0 1
cat_threshold=710
is_linear=0
shrinkage=0.05


Tree=228
num_leaves=15
num_cat=0
split_feature=5 22 20 20 3 8 22 4 5 22 11 20 4 5
split_gain=2132.28 2662.66 754.358 1457.85 5887.28 978.25 857.81 1265.05 1129.58 1007.33 2228.94 3124.11 4027.72 1324.82
threshold=17.131665029836004 19.585498256664632 0.034394579826167407 0.030705938114335352 15.558852899793896 0.079084972427515068 15.836732877555834 16.554399131064109 14.547467365584611 18.657458918293191 0.16493427755937248 -0.0074934595211710994 15.671112823407698 16.793627513211842
decision_type=2 2 10 10 2 2 2 2 2 2 2 10 2 2
left_child=2 -2 3 6 -5 -4 7 8 -1 13 -11 -12 -13 -8
right_child=1 -3 5 4 -6 -7 9 -9 -10 10 11 12 -14 -15
leaf_value=-0.00047931171359066318 -5.0344881120263372e-05 0.00017034451197432579 0.00032648240835176311 -0.00047892639844401114 0.001862421789625645 -0.00071234197372117749 0.00029397894590022135 0.0045657797772149008 -0.0012739688843405039 -0.00037361959780734708 -0.00054201472416970798 0.0017622988212069556 0.0029339472592967808 0.00046247376287339285
leaf_weight=3718391.3332741261 690357.0439453125 832333.85009765625 85371.221599936485 253673.74477434158 77245.80712890625 2291892.358962059 10368465.19638741 60056.97265625 743871.92712402344 3007859.5864322186 404251.52664375305 371697.98275566101 96970.690673828125 250540.16552734375
leaf_count=9713 122 128 52 431 23 3171 16070 18 372 2927 898 460 24 54
internal_value=0.000146919 0.00195567 2.01751e-05 0.000123425 0.00341361 -0.000820372 6.61873e-05 -0.000535037 -0.000632054 0.000253702 -0.000435675 0.00178867 0.00456671 0.000505639
internal_weight=2.3253e+07 1.52269e+06 2.17303e+07 1.9353e+07 330920 2.37726e+06 1.90221e+07 4.52232e+06 4.46226e+06 1.44998e+07 3.88078e+06 872920 468669 1.0619e+07
internal_count=34463 250 34213 30990 454 3223 30536 10103 10085 20433 4309 1382 484 16124
is_linear=0
shrinkage=0.05


Tree=229
num_leaves=15
num_cat=0
split_feature=22 7 7 16 23 1 20 7 20 23 15 9 8 17
split_gain=1143.29 2035.84 1809.68 1577.32 2397.96 1325.54 1040.24 4569.68 1548.77 1406.03 3312.58 1360.9 5260.54 1037.41
threshold=19.617331230798943 16.98736325551755 17.376805783880858 18.36763154562799 2.5228400253385952 17.423965936235351 -0.018238388317656597 17.115974588496943 -0.019459409050540794 4.0723090901500258 19.301978056957818 0.15898284897048959 0.12460012248063866 0.14878762078016677
decision_type=2 2 2 2 10 2 8 2 10 10 2 2 2 2
left_child=2 3 5 4 -2 6 7 8 9 11 -11 -1 -13 -6
right_child=1 -3 -4 -5 13 -7 -8 -9 -10 10 -12 12 -14 -15
leaf_value=-0.00025911435371294838 0.00082404333068599183 -0.00092719601513072689 9.5433762337760673e-05 -0.0065320580386284931 0.00087503485641184141 -0.0029595849649451042 -2.8202540330865671e-05 0.0001599821011966958 0.0026796589280490926 0.00092198400396436946 0.0055189318984173027 0.0052781796942580166 -8.7717888045451981e-05 -0.00062591807212770772
leaf_weight=424935.71739196777 108455.36674499512 434787.16064453125 592063.49267578125 219982.6706237793 655074.4594745636 130280.7568359375 17586597.108463764 98090.48681640625 111989.55882263184 360347.16431605816 59165.021118164062 76551.92342376709 1793751.3040013313 603343.60064697266
leaf_count=157 101 69 89 123 884 23 28775 18 200 875 54 50 2797 301
internal_value=-2.50696e-06 -0.00113869 0.000105667 -0.000308149 0.000324249 2.74923e-05 5.9425e-05 0.000932557 0.0005644 0.000326692 0.0029883 -0.000159784 0.000420547 -0.00029056
internal_weight=2.32554e+07 2.02164e+06 2.12338e+07 1.58686e+06 1.36687e+06 2.06417e+07 2.05114e+07 2.92483e+06 2.82674e+06 2.71475e+06 419512 2.29524e+06 1.8703e+06 1.25842e+06
internal_count=34516 1478 33038 1409 1286 32949 32926 4151 4133 3933 929 3004 2847 1185
is_linear=0
shrinkage=0.05


Tree=230
num_leaves=15
num_cat=0
split_feature=2 23 8 2 14 16 16 10 26 17 11 20 4 16
split_gain=1948.68 3112.47 1427.63 1103.37 953.294 1138.63 675.601 1958.87 1578.02 1869.3 1302.05 829.675 1485.5 1614.34
threshold=16.996524025785622 2.6039781056343654 0.14863880570699337 16.533265774342059 1.5995415049211423 18.261687824277342 18.261687824277342 0.15410700526675034 1.0000000180025095e-35 0.31408482136343246 0.053840866121356905 -0.011052540312359497 16.410410087137191 17.023691353714977
decision_type=2 10 2 2 10 2 2 2 2 2 2 8 2 2
left_child=3 2 -2 6 -5 -6 11 8 9 -8 -10 12 13 -1
right_child=1 -3 -4 4 5 -7 7 -9 10 -11 -12 -13 -14 -15
leaf_value=0.00078953470600818761 7.5791475906376339e-05 -0.00042932967980329796 0.00032191810708833335 -0.00031079827697538527 5.7252863742875963e-05 -0.00039151171034569187 5.5394250827702824e-05 0.0015215882799915522 -0.0028110249628277234 0.0010569366697930182 0.0015992433562179921 -0.00018705867511565054 0.0010531970541365254 -0.0019182819951504241
leaf_weight=2557026.1184200048 1020612.2602539062 617166.60595703125 562103.39624023438 643171.09106445312 512081.412109375 479728.45166015625 439605.31271362305 165255.74656677246 320009.50744628906 161566.82446289062 157522.71435546875 15400116.256592274 73993.938232421875 444214.23031616211
leaf_count=4685 179 103 98 157 112 104 330 155 211 59 134 27964 20 414
internal_value=2.06345e-05 0.00143757 0.00261198 -0.000125335 -0.00137352 -0.000401271 -2.18452e-05 0.00110603 0.000329435 0.00203386 -0.00181629 -9.77862e-05 0.000652023 0.000479473
internal_weight=2.35542e+07 2.19988e+06 1.58272e+06 2.13543e+07 1.63498e+06 991810 1.97193e+07 1.24396e+06 1.0787e+06 601172 477532 1.84754e+07 3.07523e+06 3.00124e+06
internal_count=34725 380 277 34345 373 216 33972 889 734 389 345 33083 5119 5099
is_linear=0
shrinkage=0.05


Tree=231
num_leaves=15
num_cat=1
split_feature=3 20 11 28 23 10 17 15 1 21 10 22 15 15
split_gain=1124.49 4364.13 3095.5 2704.66 2277.35 3306.32 2784.13 2594.63 1194.27 2139.6 1324.64 1031.66 869.604 1092.58
threshold=16.041732990297305 -0.0029215449920671995 -0.19785089375234216 0 2.4592401346601553 1.0000000180025095e-35 0.22619975375775667 19.240998570495709 15.393567486515412 9.1055041605223739 0.16177586142404807 18.657458918293191 19.381805013860188 19.375419251953549
decision_type=2 8 2 1 8 2 2 2 2 8 2 2 2 2
left_child=8 11 -3 -4 5 -5 7 -6 12 10 -10 -2 13 -1
right_child=1 2 3 4 6 -7 -8 -9 9 -11 -12 -13 -14 -15
leaf_value=-0.00010527253943832969 -3.6562697143561513e-05 -0.00060182215802413383 0.00036127779186207468 -2.0451870747370594e-05 0.002462519480855518 0.00067492687335921444 -0.0004082409640666267 -9.5131506698948568e-05 0.00074902279651252403 -0.0018052513975997707 -0.0010116674477577943 -0.00019212257112722188 -0.0031484249224215891 0.0059737718142980172
leaf_weight=15074457.039341331 471395.17822265625 446658.79077148438 988213.28588867188 669097.822265625 428767.9638671875 601341.68041992188 451633.13110351562 636588.140625 339497.87536621094 1341540.1975097656 266567.78991699219 735476.26440429688 862666.18635177612 55995.659790039062
leaf_count=31255 120 104 214 154 107 134 80 155 132 533 111 167 1153 78
internal_value=-0.000105121 0.000525361 0.00128325 0.0017489 0.000952074 0.00251378 -0.000355804 0.00103886 -0.000295916 -0.00146492 0.00100071 -0.00212617 -0.000153557 -6.55208e-05
internal_weight=2.33699e+07 5.42917e+06 4.2223e+06 3.77564e+06 2.78743e+06 1.27044e+06 1.51699e+06 1.06536e+06 1.79407e+07 1.94761e+06 606066 1.20687e+06 1.59931e+07 1.51305e+07
internal_count=34497 1235 948 844 630 288 342 262 33262 776 243 287 32486 31333
cat_boundaries=0 1
cat_threshold=584
is_linear=0
shrinkage=0.05


Tree=232
num_leaves=15
num_cat=1
split_feature=12 20 10 20 16 24 11 27 4 21 29 2 20 5
split_gain=863.13 647.261 1968.08 736.161 1305.84 1041 2203.57 2168.12 2932.38 1711.23 2512.52 5206.45 2279.57 2249.27
threshold=5.5000000000000009 0.10733905033026202 -0.024014385761135147 0.05203257581059121 18.213483320293424 0.80042292159832307 0.27984070666355804 7.5000000000000009 17.181523356598721 10.414501320143701 0 14.590223865098237 -0.03811659352642599 16.315474838755737
decision_type=2 10 2 10 2 8 2 2 2 10 1 2 8 2
left_child=-1 3 -3 5 -5 6 7 8 9 13 11 -11 -12 -2
right_child=1 2 -4 4 -6 -7 -8 -9 -10 10 12 -13 -14 -15
leaf_value=0.02733909550806489 -0.0015354856167630274 -0.0039814925368377631 0.00076451577558301785 -0.00091623358312002137 -0.0024339048344651018 -3.9764325897358986e-05 -0.0034693925297142637 -6.7293955611312257e-05 0.00028945112066137778 0.0010695063993857864 0.0025950976404073285 0.01608502761202895 0.00032493051299505244 0.0048251410490889983
leaf_weight=91670.977604985237 606591.63226556778 76249.847728729248 82945.108427047729 860279.28962612152 225197.5691986084 17500956.801144123 679325.89653778076 1671202.7845087051 171074.05810546875 64227.028761386871 158338.30094051361 48323.731079101562 1152492.0150671005 55206.3203125
leaf_count=1261 1347 123 83 1259 80 25352 1334 2129 30 219 147 24 1133 14
internal_value=-2.74233e-05 -4.64316e-05 0.00313088 -6.82402e-05 -0.00133951 -5.82157e-06 0.000662916 0.00111771 0.00212877 0.00161247 0.00258915 0.00975792 0.00197354 -0.000488165
internal_weight=2.34441e+07 2.33524e+07 159195 2.31932e+07 1.08548e+06 2.21077e+07 4.60678e+06 3.92746e+06 2.25625e+06 2.08518e+06 1.42338e+06 112551 1.31083e+06 661798
internal_count=34535 33274 206 33068 1339 31729 6377 5043 2914 2884 1523 243 1280 1361
cat_boundaries=0 1
cat_threshold=8
is_linear=0
shrinkage=0.05


Tree=233
num_leaves=15
num_cat=1
split_feature=25 8 19 0 6 27 17 10 21 17 1 25 28 8
split_gain=1078.1 2119.93 1132.3 1754.91 1381.88 969.892 1640.97 3278.88 1307.89 2134.28 1241.62 1093.07 1693.52 1629.44
threshold=-0.93301270189221919 0.10396346776495162 0.025659554270821953 14.617858962947688 16.419896991757508 10.500000000000002 0.049853867182557653 0.10272671117821817 10.782629513939696 0.13000427664369207 15.92279794700919 1.0000000180025095e-35 0 0.14863880570699337
decision_type=2 2 2 2 2 2 2 2 10 2 2 2 1 2
left_child=1 -1 4 -4 -3 11 10 8 9 -8 -7 12 -2 -13
right_child=5 2 3 -5 -6 6 7 -9 -10 -11 -12 13 -14 -15
leaf_value=0.0002612145089450292 -0.0026263146497994853 0.00017789481794771973 2.5331949709950735e-05 0.0023821535225994673 -0.001540241888771293 0.00027696120682151287 0.0008017843123861129 0.0010548717658190674 -0.00054886533791134447 -0.00053341199586603852 -0.0049117096436161536 -0.00016665482134971556 -0.00011862707121489591 0.00013326658102962992
leaf_weight=180936.74142885208 1759678.8702573776 1000443.0316394567 383517.81807410717 289833.21057128906 138107.4150390625 2190113.9450683594 214797.22647094727 442929.33889770508 232363.58288574219 431498.04049682617 122883.087890625 1760125.9107353687 4153269.0202575922 10180021.927427888
leaf_count=100 2564 1772 918 111 28 4686 135 172 99 205 41 1138 6227 16413
internal_value=5.23614e-05 0.00116487 0.000649536 0.00227485 -0.000311695 -5.08165e-05 0.000693686 0.00209919 0.000330947 0.00148763 -0.000109384 -0.000202385 -0.00075834 7.29332e-05
internal_weight=2.34805e+07 1.99284e+06 1.8119e+06 673351 1.13855e+06 2.14877e+07 3.63459e+06 1.32159e+06 878659 646295 2.313e+06 1.78531e+07 5.91295e+06 1.19401e+07
internal_count=34609 2929 2829 1029 1800 31680 5338 611 439 340 4727 26342 8791 17551
cat_boundaries=0 1
cat_threshold=688
is_linear=0
shrinkage=0.05


Tree=234
num_leaves=15
num_cat=0
split_feature=8 10 2 9 4 22 5 6 6 20 20 14 1 18
split_gain=1373.99 4219.6 3725.14 1797.07 1079.42 2094.5 1480.44 1209.95 1740.39 839.932 1430.17 740.999 942.833 937.918
threshold=0.079084972427515068 0.023710827087195501 16.996524025785622 0.11263565210970426 17.019152678527846 19.593415907659992 17.131665029836004 17.129815940530211 16.964547881697367 -0.0083508118461383483 0.025141444953454203 2.4898991146353726 15.80192062988186 0.0065622736957354011
decision_type=2 2 2 2 2 2 2 2 2 8 10 10 2 10
left_child=1 2 9 -2 6 -6 7 8 11 -1 -11 13 -13 -5
right_child=3 -3 -4 4 5 -7 -8 -9 -10 10 -12 12 -14 -15
leaf_value=0.00053708031200836912 -0.00025732107254258931 -0.00059313888886325654 0.00025227569860470516 0.0080745881352569469 0.0002281054269720354 -0.00022412530229794057 -0.00037474340598910087 0.00051569089831440883 -0.0013224489347663053 -0.0032184732913434289 0.0006020950472806929 -0.0014328154408121596 -0.0041063634856866437 -2.0816232120305536e-05
leaf_weight=66693.966568946838 549842.22639465332 279259.31829452515 189745.07373046875 499897.24198770523 786774.80883789062 654369.701171875 155251.93603515625 68031.576171875 181166.05029296875 125978.725887537 44137.226860404015 1501716.9749281406 141292.95288085938 18065014.944795132
leaf_count=52 179 107 31 3065 142 111 30 13 37 338 46 7625 41 22721
internal_value=-4.59304e-05 0.00212647 0.00525454 -0.000113766 -4.33701e-05 0.00127956 -0.000135865 -9.89499e-05 -0.000121162 0.00107201 -0.000792496 -7.74226e-05 -0.00109518 1.26498e-05
internal_weight=2.33092e+07 705814 426555 2.26034e+07 2.20535e+07 1.44114e+06 2.06124e+07 2.04571e+07 2.03891e+07 236810 170116 2.02079e+07 1.64301e+06 1.85649e+07
internal_count=34538 574 467 33964 33785 253 33532 33502 33489 436 384 33452 7666 25786
is_linear=0
shrinkage=0.05


Tree=235
num_leaves=15
num_cat=0
split_feature=17 22 23 10 4 3 10 21 10 14 15 15 17 17
split_gain=719.539 893.796 902.667 665.282 1331.82 2856.17 1176.06 923.193 897.328 690.773 1019.96 1849.48 2964.39 1994.27
threshold=0.0043370034965782506 14.149672121696677 13.480208117152952 -0.40530650397317636 14.907408996081463 15.328408887801364 -0.37600540508759467 10.902443370709145 -0.35889249672117429 0.82090683459238856 17.930318745336759 18.165701425233532 0.27895765299337733 0.31408482136343246
decision_type=2 2 8 2 2 2 2 10 2 10 2 2 2 2
left_child=1 -1 -3 4 5 7 -5 -2 -8 -10 -11 12 -12 -13
right_child=3 2 -4 6 -6 -7 8 -9 9 10 11 13 -14 -15
leaf_value=-0.0032814614558978245 -0.0038542993556713112 0.0018633024439568186 0.01078862704193654 0.0010727424346996938 -0.0041700471734899989 0.010093401820816994 -0.0040732007237796082 0.0079279359123687818 0.0011252301082586463 -0.00038837525889749838 -7.2900645468170229e-05 -7.9204085505110729e-06 0.000279350495714468 -0.0035756312822501184
leaf_weight=796970.26042699814 923199.48038482666 4022094.2384251356 31322.123933792114 185251.40432739258 646529.2939453125 60256.058654785156 141319.22163391113 111403.81890869141 1636569.6345214844 5024933.480758667 1021340.7537536621 7714205.1448364258 530226.818359375 329930.0126953125
leaf_count=2974 1671 14530 62 198 278 34 134 173 2523 7309 703 3651 103 57
internal_value=-0.000103371 0.000438153 0.000739115 -0.000246704 -0.0011764 -0.000113827 -0.000149081 -0.000730133 -0.000193833 -0.000159349 -0.000268392 3.38154e-05 0.00161437 -0.000271045
internal_weight=2.31756e+07 4.85039e+06 4.05342e+06 1.83252e+07 1.74139e+06 1.09486e+06 1.65838e+07 1.0346e+06 1.63985e+07 1.62572e+07 1.46206e+07 9.5957e+06 1.55157e+06 8.04414e+06
internal_count=34400 17566 14592 16834 2156 1878 14678 1844 14480 14346 11823 4514 806 3708
is_linear=0
shrinkage=0.05


Tree=236
num_leaves=15
num_cat=1
split_feature=24 0 9 18 24 29 0 0 11 3 8 24 0 10
split_gain=950.636 4833.67 1648.74 2730.81 1635.39 1383.91 1126.95 1720.79 1095.64 5254.14 1655.35 3124.03 1720.84 1473.83
threshold=5.5156877989882709 16.84045422280521 0.27949460387174296 0.99469856099704412 6.0416610653851466 0 16.152874941917947 15.924256278800728 -0.066974212558948296 17.445700346247609 0.13724328153741419 0.26511602469553558 17.419860989426706 -0.18331093563270331
decision_type=10 2 2 8 10 1 2 2 2 2 2 8 2 2
left_child=8 2 3 -2 5 -4 7 -6 9 -1 11 -10 13 -12
right_child=1 -3 4 -5 6 -7 -8 -9 10 -11 12 -13 -14 -15
leaf_value=0.00010477167648577541 0.00018839064969584436 0.00031649195403262619 0.010408764476712833 0.0034596022736459822 -0.00092873040167743947 0.0017600675948339557 -0.0032899037309218277 0.0022938952760617774 0.00034915830795575944 0.00024647876569296748 -0.0010609101927860887 -0.00067112310125806934 -0.0010290017467875915 0.00016928676678259699
leaf_weight=7642178.1701312065 455222.9490776062 146883.08862304688 91625.76075553894 145356.88629150391 2043541.4442782402 198288.58317613602 176786.02709960938 73122.668212890625 351266.88430023193 202622.994140625 2578142.8441987038 1643226.4282422066 294625.12353515625 7324692.3279420137
leaf_count=12180 554 28 174 84 4679 728 52 24 133 31 4453 831 45 10528
internal_value=0.000100265 0.000882447 0.000473341 0.00283312 -7.52601e-05 0.00346306 -0.000522538 -0.000202224 -2.97621e-05 0.000431168 -0.000326344 -0.00164372 -6.86823e-05 4.33515e-05
internal_weight=2.33676e+07 3.33083e+06 3.18394e+06 600580 2.58336e+06 289914 2.29345e+06 2.11666e+06 2.00368e+07 7.8448e+06 1.2192e+07 1.99449e+06 1.01975e+07 9.90284e+06
internal_count=34524 6323 6295 638 5657 902 4755 4703 28201 12211 15990 964 15026 14981
cat_boundaries=0 1
cat_threshold=2
is_linear=0
shrinkage=0.05


Tree=237
num_leaves=15
num_cat=1
split_feature=6 4 16 16 23 21 26 19 19 23 17 17 29 14
split_gain=2215.77 1069.33 1194.17 1865.72 1790.83 1944.93 2415.67 1590.2 1571.92 2692.07 1445.72 1394.56 1288.53 1665.6
threshold=17.356241645943843 14.332612286627141 15.165602536422581 15.067377206799263 3.2343031096144554 9.0515012950816871 -0.68301270189221952 -0.043346914351681191 -0.014321172063744747 2.5039231257198153 0.27895765299337733 0.39211591187223777 0 1.3403162585898698
decision_type=2 2 2 2 8 8 2 2 2 10 2 2 1 10
left_child=1 -1 3 -3 7 6 -6 -4 9 -9 12 -12 -10 -14
right_child=-2 2 4 -5 5 -7 -8 8 10 -11 11 -13 13 -15
leaf_value=0.00022060549233276998 9.4385640022151649e-05 3.4337198120734126e-05 0.00037593660761917443 0.0057673001555578508 0.0030988348559780796 -0.0018884725520044946 -0.0011366700830900997 -0.0014143054202654984 -0.00028353570268245526 0.00035041277791130225 0.00024022738304281784 -6.9439822729203406e-05 -0.00040640644299486784 0.0029708649696209804
leaf_weight=11228576.311038494 948554.201171875 1265051.6901855469 337791.13635253906 190791.07116699219 245684.47900390625 2035064.819519043 779092.34704589844 1467205.8405151367 2641112.4901733398 614066.40283203125 536580.22912597656 437159.19262695312 319598.48950195312 275794.84606933594
leaf_count=29566 138 885 126 110 107 894 333 512 1120 254 128 104 120 104
internal_value=-0.000106597 -0.000206946 -0.000553907 0.0007813 -0.000754528 -0.00175508 2.13483e-05 -0.000292712 -0.000472147 -0.00159623 8.35244e-05 0.0017727 -0.000424684 0.00167652
internal_weight=2.33221e+07 2.23736e+07 1.1145e+07 1.45584e+06 9.68915e+06 3.05984e+06 1.02478e+06 6.62931e+06 6.29152e+06 2.08127e+06 4.21025e+06 973739 3.23651e+06 595393
internal_count=34501 34363 4797 995 3802 1334 440 2468 2342 766 1576 232 1344 224
cat_boundaries=0 1
cat_threshold=19
is_linear=0
shrinkage=0.05


Tree=238
num_leaves=15
num_cat=0
split_feature=20 7 15 24 11 25 14 1 25 1 20 20 11 1
split_gain=1268.33 1692 1493.16 1580.18 2308 2331.85 3259.99 3795.96 2899.01 3340.75 2624.41 1862.86 1573.04 1427.42
threshold=0.035387477786229506 16.98736325551755 19.457303695299927 0.88970295594175008 0.27984070666355804 0.25000000000000011 1.7102166426109984 17.156634566241113 0.93301270189221952 16.684754232979486 -0.03811659352642599 0.015784659954767355 0.017004124361912752 14.74055071528516
decision_type=8 2 2 10 2 2 10 2 2 2 10 10 2 2
left_child=2 -2 3 4 5 6 7 -1 9 10 -7 -8 -13 -10
right_child=1 -3 -4 -5 -6 8 11 -9 13 -11 -12 12 -14 -15
leaf_value=0.001070781664502609 -0.0001672401937316017 -0.00091760170203365309 0.00063228327852687201 2.0204718426040312e-06 -0.0024748395928788983 0.0083198400717888112 -0.0020876847671176097 0.00072159049641132419 0.0020773426981411285 0.00093336784442325349 0.00057854741963916229 -0.0023858650405681049 0.0014279013293939785 -0.0012704856315120202
leaf_weight=764407.44786071777 10379474.408015609 190101.884765625 109017.26577758789 9144157.4044642448 487642.37900161743 107530.0906791687 630588.17233657837 123179.3984375 127580.29382133484 261056.10815429688 669268.12301111221 148079.4528465271 111469.09171676636 131835.14172363281
leaf_count=816 19327 36 71 10848 796 148 761 22 247 51 881 190 111 39
internal_value=7.99743e-05 -0.000325495 0.000414376 0.000364387 0.00125767 0.00176447 0.000588267 0.00273249 0.00337628 0.00455799 0.00291348 -0.00154981 0.00201548 -0.00135142
internal_weight=2.33854e+07 1.05696e+07 1.28158e+07 1.27068e+07 3.56264e+06 3.07499e+06 1.77772e+06 887587 1.29727e+06 1.03785e+06 776798 890137 259549 259415
internal_count=34344 19363 14981 14910 4062 3266 1900 838 1366 1080 1029 1062 301 286
is_linear=0
shrinkage=0.05


Tree=239
num_leaves=15
num_cat=1
split_feature=7 7 21 3 10 11 10 28 6 18 10 8 21 4
split_gain=1605.35 1470.71 1023.69 2308.61 3474.96 2471.5 934.02 1560.17 2215.69 1444.23 1842.52 1777.38 1597.45 1435.86
threshold=17.376805783880858 17.115974588496943 10.836836505858395 14.992560563850814 -0.11050003848079633 0.040133708090834809 -0.059266550924993645 0 16.605552301010523 0.26788879700688789 0.12127513645696457 0.17442642456179139 10.482047616024342 17.181523356598721
decision_type=2 2 10 2 2 2 2 1 2 10 2 2 10 2
left_child=1 2 6 -4 -5 -6 13 9 -9 11 12 -8 -11 -1
right_child=-2 -3 3 4 5 -7 7 8 -10 10 -12 -13 -14 -15
leaf_value=-0.0008161348701182389 0.00015418337848823921 -0.00021507389397912551 -0.00029123286524033109 0.0014794544009335887 0.00022264696286660834 -0.0020894563661100732 -0.0022592957131974921 -8.0883883249817636e-06 -0.00079551157106018627 0.0019706362057259753 -0.00097842305218062242 0.0015825586422750825 0.00019080914360666319 0.00022259038234227524
leaf_weight=7478987.582829237 931055.66845703125 725955.56201171875 2472096.7469184399 520500.30981445312 677422.25219726562 324150.02429199219 188003.49676513672 7922745.3189827204 455607.22314453125 202475.64869689941 193358.9958190918 975165.65915870667 207699.10437011719 59052.34326171875
leaf_count=12979 135 132 5047 174 188 111 188 13163 102 145 204 1940 63 12
internal_value=-5.3056e-05 -0.000137601 -6.3465e-05 0.0006595 0.00219146 0.000469208 -0.000226765 8.64708e-05 -0.000198259 0.00143676 0.00342138 0.000407006 0.00531819 -0.000648332
internal_weight=2.33343e+07 2.24032e+07 2.16773e+07 3.99417e+06 1.52207e+06 1.00157e+06 1.76831e+07 1.01451e+07 8.37835e+06 1.7667e+06 603534 1.16317e+06 410175 7.53804e+06
internal_count=34583 34448 34316 5520 473 299 28796 15805 13265 2540 412 2128 208 12991
cat_boundaries=0 1
cat_threshold=518
is_linear=0
shrinkage=0.05


Tree=240
num_leaves=15
num_cat=1
split_feature=2 5 10 6 10 4 24 19 6 11 1 10 6 29
split_gain=1025.33 1281.07 1012.07 2103.89 1242.85 2233.79 1169.99 2138.48 4840.93 1190.08 1500.49 1249.34 4379.49 1121.12
threshold=17.4270168375546 17.382494435338344 0.046142006192233007 16.803986779003264 0.014640914114211851 16.04903536344861 8.9320038468601108 0.0029976683777618502 14.581710184625944 -0.070000168779436892 17.156634566241113 -0.76084099731976351 14.398866120038827 0
decision_type=2 2 2 2 2 2 10 2 2 2 2 2 2 1
left_child=1 2 4 -4 6 -6 9 13 -9 -1 11 12 -11 -8
right_child=-2 -3 3 -5 5 -7 7 8 -10 10 -12 -13 -14 -15
leaf_value=0.00014848914278170643 7.3903243417836764e-05 -0.0012444219824911257 0.00012364132744770417 0.0002196093589279693 -0.00020010397894781791 -0.0014759572466242453 0.015301685643339275 0.00077920204856127728 0.0093437054618862158 -0.00053479342059680596 0.00011888979025890238 -0.00043222871056859918 0.014235650071721005 -0.0030224314429903401
leaf_weight=5075335.4916325808 812125.3857421875 131242.3056640625 7927482.2095956802 621150.88623046875 825762.16997003555 452605.12451171875 70988.160720825195 149245.36458969116 92967.174682617188 404373.47732591629 151512.166015625 6242771.8165974617 51861.75439453125 291637.7397518158
leaf_count=8111 119 22 13994 129 1224 109 194 437 31 1574 27 7955 27 532
internal_value=-1.15004e-05 -7.45294e-05 -4.56163e-05 0.000381941 -0.0003103 -0.0017954 -0.000158791 0.00198656 0.00562432 -0.000267596 -0.000697513 -0.000808799 0.001717 -0.000443247
internal_weight=2.33011e+07 2.24889e+07 2.23577e+07 8.54863e+06 1.38091e+07 1.27837e+06 1.25307e+07 604838 242213 1.19259e+07 6.85052e+06 6.69901e+06 456235 362626
internal_count=34485 34366 34344 14123 20221 1333 18888 1194 468 17694 9583 9556 1601 726
cat_boundaries=0 1
cat_threshold=37
is_linear=0
shrinkage=0.05


Tree=241
num_leaves=15
num_cat=0
split_feature=25 9 1 6 16 8 10 20 8 8 3 10 8 20
split_gain=890.175 3312.72 958.438 1612.05 1355.2 1731.02 2463.77 880.53 2161.05 1382.5 1513.03 976.195 2769.78 2556.83
threshold=-0.93301270189221919 0.14407582608325048 17.156634566241113 16.803986779003264 16.571547292673412 0.20286302323876182 -0.0033114177625187999 -0.031312550254196346 0.13255708096274924 0.17821180525053623 15.400587266853529 -0.036641548093828448 0.14483486216721952 0.10733905033026202
decision_type=2 2 2 2 2 2 2 8 2 2 2 2 2 10
left_child=1 -1 3 4 5 6 -3 8 -2 -10 -11 12 -9 -13
right_child=7 2 -4 -5 -6 -7 -8 11 9 10 -12 13 -14 -15
leaf_value=0.00021132073382166842 0.00037396850181415676 -0.00026751667764351533 -0.0016736885579212522 0.00017176822727730728 -0.0016035608375297523 0.00012978367139392658 0.0057289118366901865 -0.0017051675016777669 -0.00052088042759796467 1.8003265715014302e-05 0.00052203748332112232 2.9344380315888458e-05 -6.0058662049478024e-05 0.00078303579346147487
leaf_weight=187767.57569885254 267352.04351711273 99162.921009540558 78809.5146484375 76468.89697265625 372577.11350250244 1121171.952434659 95330.252899169922 1004916.0167256594 181796.62117576599 987395.85918271542 227229.09130859375 10597605.221167684 8172856.9533816576 89592.711820602417
leaf_count=81 122 118 13 16 296 2334 94 695 112 2044 79 15159 13306 89
internal_value=3.86518e-05 0.00103921 0.000394802 0.000635726 0.000314103 0.00106796 0.0054224 -5.57534e-05 0.00104916 0.000260686 0.000869333 -0.000148295 -0.000526526 0.000176516
internal_weight=2.356e+07 2.03129e+06 1.84352e+06 1.76471e+06 1.68824e+06 1.31567e+06 194493 2.15287e+07 1.66377e+06 1.39642e+06 1.21462e+06 1.9865e+07 9.17777e+06 1.06872e+07
internal_count=34558 2952 2871 2858 2842 2546 212 31606 2357 2235 2123 29249 14001 15248
is_linear=0
shrinkage=0.05


Tree=242
num_leaves=15
num_cat=0
split_feature=9 5 1 15 14 3 27 11 8 6 0 21 17 4
split_gain=1752.63 4895.29 1407.46 987.79 967.409 1625.8 928.823 1627.88 1723.49 1443.92 894.506 1381.53 804.492 1199.28
threshold=0.099641508914028162 17.131665029836004 16.84045422280521 14.28282671730881 0.93419468834912467 12.474534108157295 1.5000000000000002 -0.056514246921988545 0.17100216458663789 15.283934880793558 16.532359858528654 10.631555854924844 0.22619975375775667 15.404129925016466
decision_type=2 2 2 2 10 2 2 2 2 2 2 10 2 2
left_child=1 2 10 4 5 -2 7 8 -5 -9 11 -1 13 -10
right_child=3 -3 -4 6 -6 -7 -8 9 12 -11 -12 -13 -14 -15
leaf_value=0.0026737957243559551 -0.0020653413894462622 0.00068838017651695399 -0.002801707988205092 0.00097190231250268678 0.00039577379990388909 0.013980667893788691 1.4528833357141595e-05 -0.0021184339832863385 -0.0012983617670639771 -0.0022264462844923207 -0.0020276910766679327 -0.00031789276896856256 -0.0012142946878881244 0.0032083232449630836
leaf_weight=39056.505706787109 31255.400804042816 208558.86962890625 133033.9794921875 122322.77803981304 103537.93763160706 39154.623962402344 20821898.76800406 766151.88838863373 475815.41865730286 420383.89477539062 73653.60693359375 41515.219757080078 80029.837524414062 80858.56103515625
leaf_count=162 176 34 27 97 322 50 30913 1538 1078 119 17 44 25 28
internal_value=6.04637e-05 0.00300157 -0.00123169 -3.10068e-06 0.00375043 0.00827209 -3.17784e-05 -0.00107654 0.000731764 -0.00223331 0.00201884 0.00565958 -0.000312551 0.000361337
internal_weight=2.34372e+07 495818 287259 2.29414e+07 173948 70410 2.27675e+07 1.94556e+06 759027 1.18654e+06 154225 80571.7 636704 556674
internal_count=34630 284 250 34346 548 226 33798 2885 1228 1657 223 206 1131 1106
is_linear=0
shrinkage=0.05


Tree=243
num_leaves=15
num_cat=0
split_feature=22 1 15 15 1 16 4 24 24 14 23 21 25 9
split_gain=911.833 960.076 907.861 1361.65 2568.64 1977.22 2042.9 1289.48 1680.29 1195.37 2504.47 1315.35 953.596 3655.47
threshold=21.05931847536657 14.875645025660647 19.332164999170981 19.301978056957818 17.156634566241113 16.175282617074242 15.404129925016466 2.4443359843414556 3.0581028395564558 1.2366605736610996 3.9271851939580404 8.7217587867881754 -0.93301270189221919 0.14407582608325048
decision_type=2 2 2 2 2 2 2 8 8 8 8 10 2 2
left_child=2 -2 3 12 5 6 9 -4 -9 -5 11 -11 13 -1
right_child=1 -3 7 4 -6 -7 -8 8 -10 10 -12 -13 -14 -15
leaf_value=0.00038914055871209309 0.00041736548030348963 -0.0012344409544278101 -0.00056581821778835381 -0.0014965110246613499 0.00019780332752892036 -0.00077788554631667416 0.0036923006301337832 0.0035393169930823514 -0.00031491298493481354 0.0051716242514756117 0.010061612271439398 -0.0014433958491477767 -3.4062395327282141e-05 0.00015188803833521541
leaf_weight=123304.81788635254 298184.42886924744 385401.27160644531 1098224.9049606323 341685.17842102051 184526.947265625 275253.84356689453 144663.05603027344 217438.61222839355 1651129.3383140564 115389.67263031006 140185.72616577148 384312.68431091309 16686015.044928551 1288565.878993988
leaf_count=66 436 126 858 559 28 96 57 177 1679 154 183 426 27169 2341
internal_value=-8.61804e-05 -0.00188536 -3.18821e-05 9.10108e-05 0.00149579 0.000765652 0.00169409 -0.000847245 -4.80999e-05 0.000876578 0.00215161 0.000494802 -3.20973e-05 0.00121562
internal_weight=2.33343e+07 683586 2.26507e+07 1.96839e+07 1.58602e+06 1.40149e+06 1.12624e+06 2.96679e+06 1.86857e+06 981573 639888 499702 1.80979e+07 1.41187e+06
internal_count=34355 562 33793 31079 1503 1475 1379 2714 1856 1322 763 580 29576 2407
is_linear=0
shrinkage=0.05


Tree=244
num_leaves=15
num_cat=0
split_feature=27 24 4 20 7 16 24 4 0 0 8 18 11 0
split_gain=831.65 1785.31 2030.69 1767.02 1422.55 2836.31 1595.35 1204.41 1534.12 1774.65 1149.26 2544.97 2806.93 3898.77
threshold=10.500000000000002 1.5087611308160251 17.019152678527846 0.014470804589951602 16.805898420640069 18.407908271991452 6.5933856730851659 16.860170040119087 16.03763924788834 15.255068443456883 0.11522875168704111 0.50981340312335688 0.036558439494653407 16.993748182993098
decision_type=2 10 2 8 2 2 10 2 2 2 2 10 2 2
left_child=10 3 4 -2 5 6 -3 8 9 -5 11 12 -1 -14
right_child=1 2 -4 7 -6 -7 -8 -9 -10 -11 -12 -13 13 -15
leaf_value=3.0285143152841742e-05 -0.0019188930744728095 0.0019300532118989872 0.00072903660726339296 0.00033012193961653682 -0.00035900247720552345 0.0011217321948415893 -0.0033811533318860729 2.2863853130690439e-05 -0.0017810455276391611 0.0015499607918519395 -0.00015146763532539778 -0.00025358178471878676 0.00014109070537435348 0.00067802422546942194
leaf_weight=793249.26528680325 717542.32540130615 1463510.7868928909 112596.3291015625 536366.79120826721 89643.4345703125 102903.74661254883 357757.40799617767 62276.2548828125 114039.13720703125 84550.2529296875 18122356.4120574 473127.76698303223 206290.81775331497 181300.06396484375
leaf_count=583 752 2530 18 1221 18 65 650 12 33 36 28213 189 246 32
internal_value=-0.000106682 0.000587737 0.00152218 -0.000724024 0.00115682 0.00144366 0.000987356 0.000896099 0.000330386 0.00130938 -0.000234537 0.00102715 0.00226863 0.00575609
internal_weight=2.34175e+07 3.64119e+06 2.12641e+06 1.51477e+06 2.01382e+06 1.92417e+06 1.82127e+06 797232 734956 620917 1.97763e+07 1.65397e+06 1.18084e+06 387591
internal_count=34598 5335 3281 2054 3263 3245 3180 1302 1290 1257 29263 1050 861 278
is_linear=0
shrinkage=0.05


Tree=245
num_leaves=15
num_cat=0
split_feature=8 10 10 8 8 9 7 23 10 20 5 10 9 6
split_gain=1485.01 2266.97 6233.37 1311.02 1344.82 2215.17 1276.63 3208.87 3565.16 1233.91 932.998 931.893 1372.55 1896.06
threshold=0.079084972427515068 -0.027150203300232347 0.014640914114211851 0.096798193245150224 0.10396346776495162 0.11263565210970426 16.610313958149195 2.6039781056343654 0.042949091005053355 0.033612892412992958 16.440364546327579 -0.35889249672117429 0.49464497022536813 14.475127244721319
decision_type=2 2 2 2 2 2 2 10 2 10 2 2 2 2
left_child=1 -1 -3 -2 -5 -6 9 8 -8 10 11 12 -7 -14
right_child=3 2 -4 4 5 6 7 -9 -10 -11 -12 -13 13 -15
leaf_value=-0.0022303508174822367 -0.00091731912984630677 0.00056701937105191065 -0.00010133327950588153 0.00059261613539816384 -0.0023880007503836119 -0.0036834568644509417 6.5390450227545522e-05 -0.00041085983506642667 0.00050087849183721436 -0.0011448933856485941 -0.00088348143646169619 0.00016690315157758846 -0.0020987086135624967 0.0042282285962647308
leaf_weight=198883.7422658205 539177.42964172363 208282.48342895508 349638.99462509155 252192.18037414551 285672.39682006836 673866.32672119141 1044618.3505859375 903335.1845703125 528586.310546875 2079378.9082317352 461434.02099609375 13988117.219694138 1841400.2891062498 260250.03381347656
leaf_count=240 277 199 133 135 92 643 200 176 101 3213 127 23091 6009 127
internal_value=5.16008e-05 0.00223066 0.00386452 -2.05456e-05 3.83097e-05 -3.18224e-06 5.41899e-05 0.00112293 0.00248674 -8.29166e-05 5.59726e-05 0.000117025 -0.000719881 -9.02746e-05
internal_weight=2.36148e+07 756805 557921 2.2858e+07 2.23189e+07 2.20667e+07 2.1781e+07 2.47654e+06 1.5732e+06 1.93044e+07 1.72251e+07 1.67636e+07 2.77552e+06 2.10165e+06
internal_count=34763 572 332 34191 33914 33779 33687 477 301 33210 29997 29870 6779 6136
is_linear=0
shrinkage=0.05


Tree=246
num_leaves=15
num_cat=0
split_feature=9 21 26 8 20 20 19 8 2 20 8 19 24 15
split_gain=3168.05 3292.2 2830.71 5023.24 2250.79 2206.95 1935.31 886.655 2623.83 2041.7 1757.38 1138.17 2572.44 2050.95
threshold=0.14407582608325048 11.063850759570821 1.0000000180025095e-35 0.10396346776495162 0.020084229609293604 0.0038197719312303507 -0.024983050529634447 0.16368538215422643 17.4270168375546 -0.034671565695483138 0.16739021057928191 -0.0088679598446286482 2.0409321501487305 19.301978056957818
decision_type=2 10 2 2 10 8 2 2 2 8 2 2 10 2
left_child=1 2 3 -1 6 -5 -4 9 10 -2 -9 12 -11 -14
right_child=7 -3 4 5 -6 -7 -8 8 -10 11 -12 -13 13 -15
leaf_value=0.00049397877480307658 0.00048966899028946313 -0.00032110742054426255 0.00037345622961593671 -0.00017947081325356328 0.00027950785965711369 0.0015794325401567678 -0.0004889327106798305 0.0041194619006211944 0.00010438824201152886 -0.0017736973001665508 -1.7462540589584083e-05 -0.0016933354158622993 0.00062446096317821185 0.0010999716551362085
leaf_weight=299770.12705993652 214880.98638439178 370352.4055480957 194189.58329772949 251007.52816772461 292967.48098754883 252460.24342346191 397707.27849578857 157654.93034744263 306794.021484375 586240.61340141296 18126921.70346272 1563379.8665716648 271397.8119648695 147988.09881591797
leaf_count=175 141 145 82 98 98 108 229 125 47 365 31511 1083 309 72
internal_value=0.00012945 0.00200285 0.00293944 0.00508843 0.000988691 0.00203739 -0.000785439 -5.09597e-05 7.36529e-05 -0.000883148 -3.28903e-06 -0.00127476 3.74532e-05 0.00302734
internal_weight=2.34337e+07 2.05845e+06 1.6881e+06 803238 884864 503468 591897 2.13753e+07 1.85914e+07 2.78389e+06 1.82846e+07 2.56901e+06 1.00563e+06 419386
internal_count=34588 935 790 381 409 206 311 33653 31683 1970 31636 1829 746 381
is_linear=0
shrinkage=0.05


Tree=247
num_leaves=15
num_cat=0
split_feature=16 23 18 22 14 24 21 11 11 25 9 2 25 23
split_gain=2427.04 2689.02 5122.53 3431.65 3033.35 2920.03 2531.38 1932.65 1772.85 1635.08 1262.15 1195.45 1186.94 1021.46
threshold=18.114578210008297 2.9297587472125404 0.37401513140501497 18.657458918293191 2.2888209230885503 1.7949352587435352 10.609716491129488 -0.11052986724660478 -0.08465989510246523 0.25000000000000011 0.23312286427676673 16.996524025785622 1.0000000180025095e-35 1.5864063555315504
decision_type=2 10 10 2 10 10 10 2 2 2 2 2 2 10
left_child=11 2 3 4 -2 6 9 -8 -7 -5 -3 13 -12 -1
right_child=1 10 -4 5 -6 8 7 -9 -10 -11 12 -13 -14 -15
leaf_value=-0.00046766955612570965 9.7380287173285121e-06 -0.0011704379353282208 0.0002404227742410004 -8.1329810651349088e-05 0.0010317668578799556 -0.00035276483883378443 -1.2958425281163572e-05 -0.0027118208578805932 0.00094574910219348692 0.0003595479885464914 -0.001459359378796707 -0.0015585997295517332 0.00024756676306785392 9.1981657504736311e-05
leaf_weight=5484956.369355917 273239.62847900391 592706.3772277832 473623.16162109375 413091.97897338867 259902.54098510742 220426.71728515625 486141.86616516113 602966.98091125488 398244.72819519043 296639.39694213867 217356.1335144043 223826.279296875 232019.17391967773 13343084.84650588
leaf_count=9527 128 170 68 152 103 96 182 254 193 109 106 45 107 23352
internal_value=9.76794e-05 0.00114673 0.00182353 0.00104874 0.00467973 0.000247982 -0.00077111 -0.00228524 0.00321108 0.00155238 -0.00107721 -0.000148252 0.000921224 -0.000105068
internal_weight=2.35182e+07 4.46636e+06 3.42428e+06 2.95065e+06 533142 2.41751e+06 1.79884e+06 1.08911e+06 618671 709731 1.04208e+06 1.90519e+07 449375 1.8828e+07
internal_count=34592 1668 1285 1217 231 986 697 436 289 261 383 32924 213 32879
is_linear=0
shrinkage=0.05


Tree=248
num_leaves=15
num_cat=0
split_feature=5 19 7 0 24 7 14 20 5 27 18 4 21 20
split_gain=3575 1134.59 970.955 2145.43 1554.42 1336.73 1782.24 2156.3 4029.92 2131.68 2236.19 1885.21 1633.9 1494.99
threshold=17.131665029836004 -0.0099925694715324986 13.372667153848946 13.757361771766945 -0.10540420376509449 13.892481415952069 1.4739290126631273 0.017956078993836253 16.793627513211842 7.5000000000000009 0.47177133088911288 14.297722475902729 10.736652180469823 -0.044725145043466141
decision_type=2 2 2 2 8 2 10 8 2 2 10 2 10 10
left_child=2 -2 -1 -4 -5 -6 -7 11 9 -9 -11 12 -8 -13
right_child=1 -3 3 4 5 6 7 8 -10 10 -12 13 -14 -15
leaf_value=0.00081360917473970163 5.3460814308277668e-05 0.00016907399996870709 -0.0041911114811888604 -0.0011930686168909735 0.0041247020435689749 -0.00062145447663241075 -4.5536275471312271e-05 -0.00014271143978814618 0.0011052953250341752 0.00044838063382633513 0.0044693100363702816 0.00015408908962281424 0.0065812795594954732 -7.2370831859041286e-05
leaf_weight=7308037.4168646336 660438.8662109375 1011538.1752929688 1899628.3204345703 816909.74853515625 651205.00830078125 4714326.0903320312 155004.24853515625 1004157.560546875 266303.26025390625 455047.52258300781 304727.24633789062 401140.89880371094 178584.69140625 3623529.1768798828
leaf_count=25897 106 166 1919 390 696 2645 120 477 55 236 139 153 128 1451
internal_value=7.31828e-05 0.00230126 -9.78704e-05 -0.000335124 -9.84582e-05 4.81183e-05 -8.10155e-05 0.000463171 0.00180906 0.000943507 0.00294175 -0.000163792 0.00344825 -0.00046318
internal_weight=2.34506e+07 1.67198e+06 2.17786e+07 1.44706e+07 1.25709e+07 1.1754e+07 1.11028e+07 6.38849e+06 2.03024e+06 1.76393e+06 759775 4.35826e+06 333589 4.02467e+06
internal_count=34578 272 34306 8409 6490 6100 5404 2759 907 852 375 1852 248 1604
is_linear=0
shrinkage=0.05


Tree=249
num_leaves=15
num_cat=1
split_feature=2 10 7 24 0 16 20 19 10 0 14 15 8 30
split_gain=1054.96 2383.63 1546.49 938.158 1525.01 1244.45 3309.5 1486.5 1140.92 3563.56 1846.81 1275.95 1060.47 1048.04
threshold=17.165595607188539 0.049083492096420905 16.98736325551755 -0.04553885756598159 16.03763924788834 18.114578210008297 0.030979115423930954 -0.039197507078945044 -0.09823521267061068 15.924256278800728 2.3105909151280808 17.057670450788944 0.13255708096274924 0
decision_type=2 2 2 8 2 2 10 2 2 2 10 2 2 1
left_child=2 -2 3 4 -1 13 7 -7 9 -9 11 12 -10 -5
right_child=1 -3 -4 5 -6 6 -8 8 10 -11 -12 -13 -14 -15
leaf_value=-0.00069458457046293485 0.00014042053365555585 -1.3900537747842829e-05 -0.00031016892503653353 0.00058723967420299967 -0.003130376395437669 0.00095466509137079206 0.00053685046520375124 -0.0036672148535585821 -0.00046676439545367354 0.0013015486584689398 -0.0010631037776788969 0.00080842867601921525 0.00019231418831129385 -8.8818326950318804e-05
leaf_weight=1244209.2271127701 851333.126953125 701890.4462890625 894620.24853515625 5484517.3377799988 220640.029296875 198118.25112915039 238016.17381286621 230279.73097229004 158072.89520263672 250097.34716796875 454786.34439086914 163346.74938964844 303903.76422119141 12125196.132315874
leaf_count=2559 134 117 172 8457 64 118 130 208 56 64 278 74 256 21991
internal_value=5.41992e-05 0.00131351 -3.48481e-05 5.15978e-05 -0.00116898 0.000142791 0.0013258 0.000576907 5.89421e-05 0.0020862 -0.000842679 0.000920509 -0.000422504 8.65869e-06
internal_weight=2.3519e+07 1.55322e+06 2.19658e+07 2.10712e+07 1.46485e+06 1.96063e+07 1.99662e+06 1.75861e+06 1.56049e+06 480377 1.08011e+06 625323 461977 1.76097e+07
internal_count=34678 251 34427 34255 2623 31632 1184 1054 936 272 664 386 312 30448
cat_boundaries=0 1
cat_threshold=10
is_linear=0
shrinkage=0.05


Tree=250
num_leaves=15
num_cat=1
split_feature=9 3 6 20 18 9 3 27 0 28 4 1 4 0
split_gain=1397.23 5459.29 2377.81 1059.06 1461.09 2102.05 1240.36 1077.08 2691.69 2202 5073.5 1937.51 2406.05 1851.62
threshold=0.099641508914028162 17.171183635107628 16.803986779003264 0.050059528744351808 0.72105831032941603 0.32130729923916251 15.150770732625224 10.500000000000002 16.84045422280521 0 15.671112823407698 17.423965936235351 17.458037941908348 16.152874941917947
decision_type=2 2 2 10 10 2 2 2 2 1 2 2 2 2
left_child=1 2 -1 7 6 -6 -5 11 9 10 -9 12 -2 -11
right_child=3 -3 -4 4 5 -7 -8 8 -10 13 -12 -13 -14 -15
leaf_value=0.00048474001112452946 1.7032036216192865e-05 0.00056633415399621014 -0.0019462658228597857 -0.0017215890089599996 0.0033926651033544769 -0.0013289128937879491 -0.0012645119691972442 0.0012252904664964879 0.00036900698114993675 0.00022623784700757056 0.0037304678182682157 -0.00042188982893048827 0.0001932821614616261 -0.0023789462253508442
leaf_weight=146501.33798217773 17539377.866254568 176666.94189453125 177953.63330078125 560862.25463867188 113511.77150726318 192692.39889526367 372258.54016113281 463834.25048327446 379324.97631835938 2144114.1303961277 87664.729370117188 633109.89599609375 200849.8076171875 246962.85229492188
leaf_count=221 27475 28 36 1229 61 259 118 988 69 3822 26 90 34 67
internal_value=0.000122879 0.00273467 -0.00111627 6.58108e-05 -0.00135578 0.00164116 -0.00233923 0.000147018 0.000975557 0.000464545 0.00331251 -2.7818e-06 9.42151e-05 -0.000192348
internal_weight=2.34357e+07 501122 324455 2.29346e+07 1.23932e+06 306204 933121 2.16952e+07 3.3219e+06 2.94258e+06 551499 1.83733e+07 1.77402e+07 2.39108e+06
internal_count=34523 285 257 34238 1667 320 1347 32571 4972 4903 1014 27599 27509 3889
cat_boundaries=0 1
cat_threshold=36
is_linear=0
shrinkage=0.05


Tree=251
num_leaves=15
num_cat=1
split_feature=8 9 11 20 28 8 9 23 17 19 0 5 3 11
split_gain=2003.65 1434.01 1960.76 1585.97 1501.12 1075.66 1327.3 2399.5 2289.36 1313.88 2860.74 1480.77 1149.26 1140.87
threshold=0.079084972427515068 0.14407582608325048 -0.006194589326005499 -0.00085447462900219986 0 0.12898077988898074 0.16480325760715323 2.52628242779662 0.19139240720341238 0.011194478362104751 16.993748182993098 16.088345866970069 16.153319173089113 0.040133708090834809
decision_type=2 2 2 10 1 2 2 10 2 2 2 2 2 2
left_child=1 2 -1 4 -3 9 7 8 -7 10 11 -2 -11 -9
right_child=5 3 -4 -5 -6 6 -8 13 -10 12 -12 -13 -14 -15
leaf_value=0.00010871449011674827 -0.000110110215548644 -0.0023024655563786125 0.0004534693898465201 -0.0033673049317131942 0.00396036759990126 3.5254232303204584e-05 -8.4054059692295148e-07 6.6414727255101916e-05 0.00048128002038890698 -0.00063312511029617509 0.00010751575967270105 -0.0014821948245543506 -0.002137660172006665 -0.0021137589996964904
leaf_weight=256404.50430297852 510222.42070388794 39867.475275993347 241729.8983001709 145513.8683052063 39118.516476631165 363703.80595397949 19206625.233526826 262246.4567565918 418080.27655029297 279428.28555297852 416794.44677734375 344456.99267578125 433744.63061523438 202706.45637512207
leaf_count=173 526 95 116 74 111 202 32046 196 101 295 74 85 88 123
internal_value=6.51525e-05 0.00265657 0.00415185 -0.000661242 0.00504284 -1.83064e-05 8.95321e-05 0.00167046 0.00336208 -0.00112967 -0.000166171 -0.00182238 -0.00284743 -0.00117388
internal_weight=2.31606e+07 722634 498134 224500 78986 2.2438e+07 2.04534e+07 1.24674e+06 781784 1.98465e+06 1.27147e+06 854679 713173 464953
internal_count=34305 569 289 280 206 33736 32668 622 303 1068 685 611 383 319
cat_boundaries=0 1
cat_threshold=352
is_linear=0
shrinkage=0.05


Tree=252
num_leaves=15
num_cat=0
split_feature=9 20 8 27 4 16 20 18 8 14 8 16 25 15
split_gain=2792.15 1845.42 1906.95 3480.56 3288.66 1732.02 1455.12 1693.4 1318.89 1296.36 1179.76 2531.31 2816.16 2559.47
threshold=0.14407582608325048 0.015921347333427153 0.11522875168704111 9.5000000000000018 17.181523356598721 18.261687824277342 -0.027130136650847847 0.26788879700688789 0.096798193245150224 1.6838557647090264 0.16368538215422643 18.284852716366021 -0.24999999999999997 18.075277209881644
decision_type=2 10 2 2 2 2 8 10 2 8 2 2 2 2
left_child=1 2 3 4 6 -4 -1 8 -8 -3 -2 -12 -13 -14
right_child=10 9 5 -5 -6 -7 7 -9 -10 -11 11 12 13 -15
leaf_value=7.5093267967269069e-05 -0.00045032436904941288 7.8343601668677545e-05 0.00012043650624764885 -0.00047776948591434794 0.00028026120061435138 -0.0011903324827732596 -0.00034590719017088323 -0.0020698385560148263 0.0030911422810403467 0.00022951123303406262 -4.1686710077686104e-05 -0.00038104709515051239 0.00018791542241576307 0.00062258800758266874
leaf_weight=126564.1325378418 2710735.658118844 298886.24301147461 379643.092918396 212845.45745849609 287644.3828125 281923.40721130371 49222.614486694336 155734.27459716797 53179.421890258789 311712.27116394043 16947722.779114604 643505.37658691406 510510.87454223633 257920.818359375
leaf_count=39 1954 80 221 101 45 91 169 56 39 136 30729 324 293 49
internal_value=0.000119037 0.00183225 0.000913444 0.00243118 0.00419524 -0.00111732 0.00117146 -0.000981766 0.0040124 0.00415975 -5.63752e-05 8.7386e-05 0.00212142 0.00416487
internal_weight=2.32278e+07 2.15736e+06 1.54676e+06 885190 672345 661567 384700 258136 102402 610599 2.10704e+07 1.83597e+07 1.41194e+06 768432
internal_count=34326 977 761 449 348 312 303 264 208 216 33349 31395 666 342
is_linear=0
shrinkage=0.05


Tree=253
num_leaves=15
num_cat=0
split_feature=9 19 11 11 17 11 9 24 24 10 22 9 24 14
split_gain=1825.92 2650.42 3885.2 2912.09 2828.7 2179.71 1300.8 1029.77 2664.45 1292.37 1344.3 1726.61 1514.01 3051.81
threshold=0.14407582608325048 0.00097256279978885011 -0.077904549126598596 -0.006194589326005499 0.19139240720341238 0.10440284066056275 0.15391910863585098 0.45979570280003906 0.48034932442572503 -0.40530650397317636 17.241071435641139 0.16480325760715323 1.2576410032575902 0.91151648614625425
decision_type=2 2 2 2 2 2 2 10 10 2 2 2 10 10
left_child=1 3 -3 -1 -4 -5 -2 -8 -9 -10 -11 -12 13 -13
right_child=6 2 4 5 -6 -7 7 8 9 10 11 12 -14 -15
leaf_value=-0.00020452829872948165 -0.0014198922929932426 0.00040377547539699867 -0.0002864873928066734 0.00044303922811864555 0.00015268934657827941 -2.7898783511255238e-05 -0.00075618846966312629 0.0089922322966452407 -0.0018387168152558095 -0.00028977774026458131 0.0012092921468477603 0.0092369744239436287 0.00046428980356941809 -0.0017469868237418571
leaf_weight=553379.75862121582 571312.30722808838 281019.44512939453 374218.92280578613 345029.78614807129 346665.71478271484 310274.87191772461 3324166.069126606 98623.394424438477 2364405.8320889473 6263254.4381910563 226249.17613220215 126959.66502761841 6766425.004945159 1509981.3314266205
leaf_count=297 281 171 212 130 79 94 5696 137 5732 11374 130 208 8514 1488
internal_value=6.60119e-05 0.00143364 0.00333523 -0.000142629 0.00139122 0.00211268 -7.62499e-05 -1.12305e-05 0.000143182 9.63484e-05 0.000268753 0.000673453 0.000557405 -0.000807087
internal_weight=2.3462e+07 2.21059e+06 1.0019e+06 1.20868e+06 720885 655305 2.12514e+07 2.06801e+07 1.73559e+07 1.72573e+07 1.48929e+07 8.62962e+06 8.40337e+06 1.63694e+06
internal_count=34543 983 462 521 291 224 33560 33279 27583 27446 21714 10340 10210 1696
is_linear=0
shrinkage=0.05


Tree=254
num_leaves=15
num_cat=0
split_feature=9 10 10 15 24 17 24 7 1 3 2 2 19 17
split_gain=2629.01 3231.83 8608.25 4259.78 5432.11 2248.69 1306.72 861.391 3000.98 3666.22 1159.53 932.592 676.893 819.44
threshold=0.13827813384070328 0.014640914114211851 -0.014941596721911249 19.172460310684176 0.54314141846829012 0.12005163561103827 0.54314141846829012 16.98736325551755 16.995067760631983 17.006344156415725 16.684754232979486 17.165595607188539 -0.058059964860614648 0.0085610318635257008
decision_type=2 2 2 2 10 2 10 2 2 2 2 2 2 2
left_child=1 2 5 4 -4 -1 -3 8 9 10 12 -9 13 -2
right_child=7 6 3 -5 -6 -7 -8 11 -10 -11 -12 -13 -14 -15
leaf_value=0.00031021159079851023 0.00077944652494683529 0.00014613712204692328 0.00075106703524536675 0.00040447921764936361 -0.0031696910859911626 -0.00020408462146339148 -0.00013097748383976014 -0.00065115493529312521 0.00012934900844908533 0.0012049914784872827 -0.00050966182956071072 -1.3404676708554456e-05 -2.7882856967241993e-05 -0.0039743529108034028
leaf_weight=279805.79125976562 278015.00401353836 310438.20452880859 82076.569061279297 155397.65368652344 77137.01643371582 329412.13116455078 547805.09420776367 584377.63671875 185836.83154296875 137905.30151367188 463989.92651367188 841094.5576171875 18537044.18664217 429747.19905090332
leaf_count=154 811 79 49 45 176 109 224 111 41 31 111 135 31938 445
internal_value=4.73583e-05 0.00189271 0.00394501 0.0106613 0.00491343 0.000476586 -0.000316424 -0.000105897 -2.1391e-05 -8.06093e-05 -0.000137455 -0.00129348 -7.79052e-05 -0.00159548
internal_weight=2.32401e+07 1.78207e+06 923829 314611 159214 609218 858243 2.1458e+07 2.00325e+07 1.98467e+07 1.97088e+07 1.42547e+06 1.92448e+07 707762
internal_count=34459 836 533 270 225 263 303 33623 33377 33336 33305 246 33194 1256
is_linear=0
shrinkage=0.05


Tree=255
num_leaves=15
num_cat=2
split_feature=21 24 28 21 27 16 19 15 0 0 26 14 4 28
split_gain=1806.27 1641.28 2844.06 1772.77 1418.22 1637.28 1169.04 1641.55 1336.09 2386.98 1159.32 1525.2 1450.88 1449.29
threshold=11.037231308731972 5.5771649410151056 0 11.104263422778596 8.5000000000000018 18.472836192843562 0.025659554270821953 19.220245496564996 16.532359858528654 15.393567486515412 -0.5 2.2607014958487679 14.648082066951638 1
decision_type=10 10 1 10 2 2 2 2 2 2 2 10 2 1
left_child=10 3 -3 4 5 -2 8 -8 9 -5 11 -1 -13 -12
right_child=1 2 -4 6 -6 -7 7 -9 -10 -11 13 12 -14 -15
leaf_value=-3.2127848443677707e-05 0.0022196269477646165 0.00073573516410445686 -9.1525394889067872e-05 -0.0028040947767719519 -6.5627922834348218e-05 -0.00094044629125260109 -0.00071301954207662226 0.0022157507435746578 -0.0037845060875670608 0.0013212525870904624 0.00026109770992717169 -0.00026809624008942241 -0.0012596313353318918 -4.7967217047411074e-06
leaf_weight=5554639.7481172085 350780.86194849014 244445.46182250977 210210.25135231018 551095.41710495949 260775.52055358887 162499.75439453125 149768.61119008064 63832.596710205078 203050.40234375 62724.449096679688 1705281.9503160715 690354.98431038857 876683.11401367188 12231695.759450555
leaf_count=7461 302 130 253 1106 171 59 282 60 34 19 2093 3049 308 19119
internal_value=6.81885e-05 0.00141175 0.00409663 0.000735282 0.00254348 0.00406898 -0.000622977 0.0026704 -0.00148415 -0.000321117 -7.5949e-05 -0.000594929 -0.00197255 0.000189245
internal_weight=2.33178e+07 2.25918e+06 454656 1.80453e+06 774056 513281 1.03047e+06 213601 816870 613820 2.10587e+07 7.12168e+06 1.56704e+06 1.3937e+07
internal_count=34446 2416 383 2033 532 361 1501 342 1159 1125 32030 10818 3357 21212
cat_boundaries=0 1 2
cat_threshold=320 640
is_linear=0
shrinkage=0.05


Tree=256
num_leaves=15
num_cat=1
split_feature=9 10 10 15 24 8 28 24 23 25 15 2 22 2
split_gain=1291.23 2725.14 4393.5 4193.93 1427.61 1335.9 1427.36 1539.47 1357.36 1566.33 1272.85 1251.26 1244.76 1346.19
threshold=0.13827813384070328 0.014640914114211851 -0.0033114177625187999 19.172460310684176 1.2736174209524151 0.14863880570699337 0 5.9622309163361615 2.0894143703875003 1.0000000180025095e-35 19.242938431960084 14.450234353504042 18.658842747333861 16.035613885257231
decision_type=2 2 2 2 10 2 1 10 10 2 2 2 2 2
left_child=1 2 4 -4 -1 6 12 8 9 -8 -3 -10 13 -2
right_child=5 10 3 -5 -6 -7 7 -9 11 -11 -12 -13 -14 -15
leaf_value=-8.4141658266264637e-05 -0.0033895573633333752 0.00013423581676152106 0.00017318209492699847 0.00038248213255744914 7.1732695970447069e-05 -2.1832968872961044e-05 0.00076795403313661623 0.00077402209056840919 0.0016364144134036144 -0.0041469569042256226 -0.00084706295032230228 -0.0011489092081806878 -0.0016604443216190071 0.00011538845980371985
leaf_weight=354875.91386413574 316806.91210126877 428818.35827636719 112864.59727478027 111626.38989257812 409339.93937683105 19219318.922738194 211860.16000938416 121962.99652910233 212209.99446606636 199178.7399520874 358210.83972167969 566794.60412597656 472698.58746755123 151174.87866210938
leaf_count=112 314 202 195 34 190 32001 155 149 446 135 84 197 133 38
internal_value=-7.70917e-05 0.00121868 0.00296626 0.00911591 0.00115978 -0.000184252 -0.00133622 -0.000270491 -0.000818795 0.00150589 -0.000976721 -0.00204541 -0.0028226 -0.000994656
internal_weight=2.32477e+07 1.77574e+06 988707 224491 764216 2.1472e+07 2.25269e+06 1.31201e+06 1.19004e+06 411039 787029 779005 940680 467982
internal_count=34385 817 531 229 302 33568 1567 1082 933 290 286 643 485 352
cat_boundaries=0 1
cat_threshold=556
is_linear=0
shrinkage=0.05


Tree=257
num_leaves=15
num_cat=0
split_feature=9 20 26 27 15 11 11 14 8 20 5 22 15 9
split_gain=1929.49 1470.56 1679.49 2143.87 1813.33 2641.23 3091.77 1122.97 968.494 1989.72 1285.82 1274.36 1819.17 1076.42
threshold=0.14407582608325048 0.015921347333427153 1.0000000180025095e-35 2.5000000000000004 19.322912792280288 0.043086293841822554 -0.039731929232751796 1.6838557647090264 0.16368538215422643 -0.034671565695483138 17.131665029836004 15.829671694164057 19.240998570495709 0.21296953327358806
decision_type=2 10 2 2 2 2 2 8 2 8 2 2 2 2
left_child=1 2 4 -4 5 6 -1 -3 9 -2 13 12 -11 -10
right_child=8 7 3 -5 -6 -7 -8 -9 10 11 -12 -13 -14 -15
leaf_value=0.00011884943834072717 0.00035794767389492858 1.313878458429524e-05 4.0632720854629189e-05 -0.00068667218494747155 -0.00082669945509327564 0.00034526130526805636 -0.00022612797860114008 0.00027971409913216089 0.00048617048497687936 -0.0018650868650029269 0.00013248639625549537 -0.00094532091502179101 0.0049446954433281622 -8.2015462840279767e-05
leaf_weight=255078.10362243652 199581.22205734253 274701.0417175293 293441.46859741211 452985.03763580322 207838.59765625 200200.55807495117 177798.2554473877 287708.1083984375 1272329.130947113 180447.1089515686 492830.294921875 2316262.2427998781 100521.01739120483 16601166.590255737
leaf_count=180 135 75 137 223 53 85 92 128 928 277 83 1501 72 30571
internal_value=4.53125e-05 0.00147253 0.000694118 -0.00103214 0.00222641 0.00355676 0.00136044 0.0036695 -9.96638e-05 -0.000966442 3.23286e-05 -0.00133613 0.00184386 -3.71407e-05
internal_weight=2.33129e+07 2.14975e+06 1.58734e+06 746427 840916 633077 432876 562409 2.11631e+07 2.79681e+06 1.83663e+07 2.59723e+06 280968 1.78735e+07
internal_count=34540 973 770 360 410 357 272 203 33567 1985 31582 1850 349 31499
is_linear=0
shrinkage=0.05


Tree=258
num_leaves=15
num_cat=1
split_feature=16 14 11 4 28 21 4 17 1 18 24 14 11 9
split_gain=2330.76 4503.38 4934.62 5905.22 1048.79 947.14 1102.11 690.666 725.356 750.932 709.711 1389.45 1643.61 1409.66
threshold=18.407908271991452 2.3864374454103636 0.13175843516344707 17.019152678527846 0 6.704775057094122 12.841687702313495 0.0041322987886311504 14.132437894699029 0.024544215280866602 0.88970295594175008 2.4495170593992293 0.32680036378643607 0.11263565210970426
decision_type=2 10 2 2 1 8 2 2 2 10 8 10 2 2
left_child=5 2 3 4 -2 6 -1 8 9 -7 11 12 13 -9
right_child=1 -3 -4 -5 -6 7 -8 10 -10 -11 -12 -13 -14 -15
leaf_value=-0.0032161606121476048 -0.00015721882410407332 -0.0010365419347736413 -0.0015745339972795605 0.0004977687782520856 0.00050206016126029898 0.0080712351734948239 0.0062277931132486662 -0.00020874369646947715 0.004536628681539868 0.00014826338528256151 -9.8820396044550419e-05 -0.004304647616413023 -0.0021232502361083799 0.00035978077128695149
leaf_weight=93816.548048973083 226634.91482543945 478464.11334228516 306062.01397705078 474778.986328125 219952.60144042969 655074.16318058968 99637.139068603516 240461.35998535156 91943.7021484375 3865800.2067224979 12970663.060585022 277802.05970001221 444221.52411651611 2844970.6953582764
leaf_count=189 112 181 136 78 134 6345 96 56 105 10683 12993 711 460 2241
internal_value=8.79124e-05 0.00186712 0.00347106 0.00529827 0.00117099 -5.27045e-05 0.00343014 -8.42023e-05 0.000457646 0.000368231 -0.000233173 0.000367036 0.000635 0.0010444
internal_weight=2.32903e+07 1.70589e+06 1.22743e+06 921367 446588 2.15844e+07 193454 2.13909e+07 4.61282e+06 4.52087e+06 1.67781e+07 3.80746e+06 3.52965e+06 3.08543e+06
internal_count=34520 641 460 324 246 33879 285 33594 17133 17028 16461 3468 2757 2297
cat_boundaries=0 1
cat_threshold=524
is_linear=0
shrinkage=0.05


Tree=259
num_leaves=15
num_cat=0
split_feature=9 19 24 10 16 20 2 15 10 10 3 26 26 22
split_gain=4131.41 3401.5 4166.68 3661 3026.86 2944.76 1679.99 1860.46 1169.84 1517.01 3691.42 1295.52 1209.56 3877.61
threshold=0.14407582608325048 -0.0064566021574407996 2.1287889848007757 0.014640914114211851 18.407908271991452 0.015921347333427153 17.165595607188539 19.125373234592548 0.042949091005053355 0.076401761267267623 15.558852899793896 0.93301270189221952 -0.9330127018922193 19.612712971140649
decision_type=2 2 10 2 2 10 2 2 2 2 2 2 2 2
left_child=1 4 5 -4 6 -3 7 -1 -2 10 11 -10 13 -11
right_child=8 2 3 -5 -6 -7 -8 -9 9 12 -12 -13 -14 -15
leaf_value=-0.00023295595836342645 -0.00017473166887618495 -0.00011260052808468277 0.0003876541280541559 0.00012544221530643002 0.00015376243493008858 0.00016746609111877589 -0.0014219417333474335 0.00032554937715540951 -0.0010860732156042529 0.0011911903298959462 0.0025832444370734614 0.0068522015917765536 -2.5107724450048411e-05 0.0081935518749593466
leaf_weight=297735.95302581787 12570564.756677628 382468.08676147461 217950.02964782715 161145.72999572754 259401.84259033203 336152.95802307129 216995.22412109375 338782.30603027344 720291.57873153687 506873.74379980564 293176.90905761719 61526.836862564087 6883506.5677303076 55618.231674194336
leaf_count=259 19414 171 177 71 60 108 35 99 1173 965 82 100 11625 40
internal_value=0.000128211 0.00218466 0.0041595 0.00840077 0.000236779 0.0019221 -0.00120075 9.44511e-05 -8.73278e-05 0.000364955 0.00212076 0.000326547 0.000111465 0.00234077
internal_weight=2.33022e+07 2.21063e+06 1.09772e+06 379096 1.11292e+06 718621 853513 636518 2.10916e+07 8.52099e+06 1.075e+06 781818 7.446e+06 562492
internal_count=34379 980 527 248 453 279 393 358 33399 13985 1355 1273 12630 1005
is_linear=0
shrinkage=0.05


Tree=260
num_leaves=15
num_cat=1
split_feature=8 26 2 21 1 20 5 30 7 15 15 24 14 23
split_gain=1316.04 2806.42 4628.27 2833.46 1442.74 1248.58 1122.47 963.08 1628.23 895.296 1161.71 1297.74 2074.16 2426.83
threshold=0.079084972427515068 1.0000000180025095e-35 16.996524025785622 10.597509584741148 17.423965936235351 -0.0038714831586634493 17.131665029836004 0 12.4391188344414 19.400405232517958 19.217144507318054 2.4980180575279705 1.497090039949321 3.9271851939580404
decision_type=2 2 2 10 2 10 2 1 2 2 2 8 10 10
left_child=1 2 5 -3 6 -1 7 8 -2 10 -9 -12 -13 -14
right_child=4 3 -4 -5 -6 -7 -8 9 -10 -11 11 12 13 -15
leaf_value=0.00078794224029976384 0.0030614023961064414 0.00037498246050987204 0.0001956816338791522 -0.00025363576742805713 -0.00014222638280268383 -0.0011611527785641881 3.5427904138940791e-05 -5.3972012724356363e-05 -0.0024371758520025529 -0.0015437305166061499 -1.3462032424692306e-05 0.00077095019308959017 0.00062757777878619421 0.0060227240647759061
leaf_weight=82541.879467487335 793812.08513200283 130219.45643830299 139365.0732421875 264545.52795791626 730399.052734375 117595.68824005127 707465.93212890625 13171409.720190287 1470317.1351623535 770163.1549911499 2669764.511893034 1803633.5164756775 352634.64966583252 225792.76445770264
leaf_count=182 4066 215 23 87 108 68 128 22361 1352 773 2544 2110 300 218
internal_value=-2.41474e-05 0.00205921 0.00539245 -0.000807418 -9.15506e-05 0.000520865 -1.88548e-05 -8.40607e-05 -0.00105881 3.21363e-05 0.000102708 0.000747321 0.00159572 0.00420105
internal_weight=2.34297e+07 734268 339503 394765 2.26954e+07 200138 2.1965e+07 2.12575e+07 2.26413e+06 1.89934e+07 1.82232e+07 5.05183e+06 2.38206e+06 578427
internal_count=34535 575 273 302 33960 250 33852 33724 5418 28306 27533 5172 2628 518
cat_boundaries=0 1
cat_threshold=4
is_linear=0
shrinkage=0.05


Tree=261
num_leaves=15
num_cat=1
split_feature=9 2 27 16 1 25 8 18 28 11 14 18 16 19
split_gain=1570.45 3358.27 1177.97 3813.2 1521.82 1164.76 3133.91 1205.76 1856.95 1336.26 1935.6 1325.05 1150.99 1120.28
threshold=0.099641508914028162 17.165595607188539 10.500000000000002 18.472836192843562 17.423965936235351 -0.93301270189221919 0.089414884982887063 0.29038378392357483 0 0.10440284066056275 1.2926424766217925 0.72105831032941603 18.534756489305497 0.0039419723110017506
decision_type=2 2 2 2 2 2 2 10 1 2 10 10 2 2
left_child=1 13 4 -4 5 6 -2 -8 9 10 -9 -12 -7 -1
right_child=2 -3 3 -5 -6 12 7 8 -10 -11 11 -13 -14 -15
leaf_value=-0.001352209265161302 0.00035196481271128837 0.00035727349889706468 6.2626220029457605e-05 0.00070256088172062085 -0.00044943733057078972 -6.4999863984050826e-05 -0.000190302729417387 -0.002816345312142518 0.0031314711315194653 -0.00076404545588223309 4.536307499085379e-05 0.0043429457636433326 -0.005174854936448715 0.00025051464216044496
leaf_weight=173585.3247833252 82412.277590274811 195434.3828125 3232990.8599917889 271459.67272949219 513066.57958984375 16703301.550456524 815934.63844203949 202042.0202255249 96607.178909301758 347664.27481460571 129758.43075942993 191004.76038908958 186660.01095581055 127332.65701293945
leaf_count=139 61 31 5121 104 74 25800 1814 276 165 342 73 176 101 104
internal_value=2.15611e-05 0.00280387 -3.90815e-05 0.000804139 -0.000192442 -0.000118948 0.00106669 0.000626088 0.00182041 0.00109043 0.00268797 0.00510252 -0.000249897 -0.000510561
internal_weight=2.32693e+07 496352 2.27729e+07 3.50445e+06 1.92685e+07 1.87554e+07 1.86542e+06 1.78301e+06 967077 870469 522805 320763 1.689e+07 300918
internal_count=34381 274 34107 5225 28882 28808 2907 2846 1032 867 525 249 25901 243
cat_boundaries=0 1
cat_threshold=304
is_linear=0
shrinkage=0.05


Tree=262
num_leaves=15
num_cat=1
split_feature=5 10 25 26 16 22 0 23 22 0 29 1 7 20
split_gain=2517.87 1745.45 935.704 1760.16 3973.96 3181.41 1722.64 1826.79 2052.68 4212.56 1075.98 1555.22 1022.1 939.755
threshold=17.131665029836004 0.086090403615409969 1.0000000180025095e-35 1.0000000180025095e-35 18.261687824277342 18.662531985835098 16.395876229078294 7.8021434237992562 16.044647369593921 12.941158356550817 0 15.319488255298628 13.784420561407968 -0.026212463261853246
decision_type=2 2 2 2 2 2 2 8 2 2 1 2 2 8
left_child=2 -2 -1 4 -4 -6 7 10 9 -9 11 -5 -12 -14
right_child=1 -3 3 6 5 -7 -8 8 -10 -11 12 -13 13 -15
leaf_value=-0.00013258766502804016 7.3923537520480644e-05 -2.8297720980683138e-05 0.00030550937114494397 0.0017948043453161412 0.00040666597890992042 0.00040246643980487479 -0.00040695072146253446 -0.0018545021071553203 0.0010633645647960092 0.0054963041116652287 0.0010157104635941227 0.002808868015403641 0.0011833956096348626 -0.0011813875835761506
leaf_weight=10446474.819813132 1062183.421875 591662.86181640625 4950352.5087077618 189921.67579936981 248550.7811126709 332689.81912231445 699703.7333984375 44713.474389076233 225812.50261116028 39493.699523925781 1959126.5301691294 61856.46044921875 300209.94396972656 2137323.3032836914
leaf_count=16781 169 101 8441 624 98 168 157 184 405 30 5925 25 173 1244
internal_value=9.65689e-05 0.00197694 -4.71645e-05 0.00027054 0.000904772 0.00481585 -0.000349505 -2.17772e-05 0.00369443 0.0103569 -0.000269623 0.00290916 -0.000451665 -0.00113512
internal_weight=2.32901e+07 1.65385e+06 2.16362e+07 1.11898e+07 5.53159e+06 581241 5.65816e+06 4.95846e+06 310020 84207.2 4.64844e+06 251778 4.39666e+06 2.43753e+06
internal_count=34525 270 34255 17474 8707 266 8767 8610 619 214 7991 649 7342 1417
cat_boundaries=0 1
cat_threshold=96
is_linear=0
shrinkage=0.05


Tree=263
num_leaves=15
num_cat=0
split_feature=9 8 26 4 17 8 9 9 9 23 0 4 8 5
split_gain=2144.09 2123.84 2927.15 2489.01 2086.4 1277.2 1519.92 1450.44 1321.25 923.776 1648.06 2966.86 1035.39 876.912
threshold=0.14407582608325048 0.10396346776495162 1.0000000180025095e-35 16.860170040119087 0.13000427664369207 0.14863880570699337 0.15898284897048959 0.15898284897048959 0.25705177322892886 3.9573534472893157 16.03763924788834 15.103985640381827 0.11522875168704111 15.358794976538235
decision_type=2 2 2 2 2 2 2 2 2 10 2 2 2 2
left_child=1 2 3 -1 -4 6 -2 -7 9 10 11 12 -8 -9
right_child=5 -3 4 -5 -6 7 8 13 -10 -11 -12 -13 -14 -15
leaf_value=8.4509640793872147e-05 -0.0020515301296808396 -7.9089247206330924e-06 0.000313605325580731 0.00023239271572493404 -6.6851496206198554e-05 0.00036085467279043358 0.0047267682377224495 0.00010435836512058663 -0.0033976722588317885 -0.0019931347013098294 -0.00020569404645411315 0.0028245300145697135 -0.0022082241692345057 -7.0800272262106875e-05
leaf_weight=193726.39128112793 460167.49739837646 1200732.9264526367 259521.63105773926 224927.89892578125 296846.94390869141 334370.26885986328 100671.70587158203 14670055.443306327 434728.95851004124 233311.27700042725 545333.47607421875 148979.70788574219 174342.92172241211 4222650.5302734375
leaf_count=176 231 500 177 40 79 163 122 30663 556 216 118 64 201 1284
internal_value=9.8531e-06 0.00150502 0.00323859 0.00639678 0.000862126 -0.000142699 -0.00131425 -1.48912e-05 -0.000600723 0.000253223 0.000933081 0.00327123 0.000192838 -7.26649e-05
internal_weight=2.35004e+07 2.17576e+06 975023 418654 556369 2.13246e+07 2.09754e+06 1.92271e+07 1.63737e+06 1.20264e+06 969328 423994 275015 1.88927e+07
internal_count=34590 972 472 216 256 33618 1508 32110 1277 721 505 387 323 31947
is_linear=0
shrinkage=0.05


Tree=264
num_leaves=15
num_cat=0
split_feature=19 4 18 3 3 20 21 15 5 4 9 16 0 23
split_gain=1187.91 1689.18 3625.38 1341.89 2255.73 2460.21 1096.55 1017.92 977.431 949.004 1062.7 2385.08 2437.6 2621.02
threshold=0.031168418490475556 17.019152678527846 0.33359816648213325 16.850451675266942 15.203240784805905 0.048319697470155257 11.259500804045736 19.393848674083568 14.280691373041703 14.907408996081463 0.25705177322892886 15.614752719167706 14.655800836573913 1.7866793806953503
decision_type=2 2 10 2 2 8 10 2 2 2 2 2 2 10
left_child=1 7 -3 4 6 -6 8 9 -2 -1 -11 12 -12 -14
right_child=3 2 -4 -5 5 -7 -8 -9 -10 10 11 -13 13 -15
leaf_value=0.00043984276015424963 -0.0017710210486487046 0.0002561624778437697 -2.198441486456654e-05 -0.00023905024103038536 -0.00010628330727010306 0.0014733107734848513 0.0035376716467887615 -0.0013684990604343492 -0.0040698985003472512 1.3866879836072001e-05 -0.0065455362384910778 -0.00063223809161810354 -0.001202295318496941 0.0090843680967828359
leaf_weight=10767054.02110076 2033459.1391147375 700980.26123046875 964855.72705078125 497001.36157226562 498568.43395996094 435016.640625 61446.592377662659 1048105.3733940125 786374.87707519531 2775271.6859130859 255905.05590820312 1963114.3197021484 235817.96362304688 323651.60791015625
leaf_count=24689 5314 132 153 88 168 154 134 1077 494 925 152 732 113 161
internal_value=-4.84783e-06 0.000164902 0.00168582 -0.00075421 -0.000435837 0.0017001 -0.00112792 1.90327e-05 -0.00127191 0.000116033 -0.000414837 -0.00110608 0.00116698 0.00301593
internal_weight=2.33466e+07 1.90348e+07 1.66584e+06 4.31187e+06 3.81487e+06 933585 2.88128e+06 1.73689e+07 2.81983e+06 1.63208e+07 5.55376e+06 2.77849e+06 815375 559470
internal_count=34486 28134 285 6352 6264 322 5942 27849 5808 26772 2083 1158 426 274
is_linear=0
shrinkage=0.05


Tree=265
num_leaves=15
num_cat=0
split_feature=9 24 17 8 16 26 8 21 3 22 15 16 0 27
split_gain=1704.88 2111.47 1794.9 1847.07 2252.59 1559.88 1000.48 1798.96 2443.45 4147.43 1611.68 1476.47 1586.48 1385.36
threshold=0.14407582608325048 0.18163509864909802 0.27895765299337733 0.064852118826147817 17.150215940223493 -0.68301270189221952 0.14863880570699337 10.836836505858395 14.992560563850814 19.585498256664632 19.11675235650759 18.407908271991452 16.993748182993098 6.5000000000000009
decision_type=2 8 2 2 2 2 2 10 2 2 2 2 2 2
left_child=1 -1 3 -3 5 -5 -2 11 -9 10 -10 12 -8 -11
right_child=6 2 -4 4 -6 -7 7 8 9 13 -12 -13 -14 -15
leaf_value=0.00045549303499197303 -0.00037409337521367609 5.5497916839752028e-05 0.00017888687458726964 0.0017664765667775172 -0.00064305601356937027 -7.4764943865324377e-05 -6.6137075543443578e-05 1.8712328700112298e-05 0.0017559776968768233 0.00020263159882151507 0.0009430921100987001 0.00038291490451598938 -0.00096820226477040009 -8.9762125989726924e-05
leaf_weight=370972.66813659668 2063780.5323630571 192992.11907958984 367464.9111328125 159048.79284667969 724745.87411499023 326717.7370223999 15122739.645142198 2264782.5769970417 331624.17321777344 466072.32983398438 336347.63659667969 159705.05609130859 168242.74926757812 455930.26550292969
leaf_count=122 1509 196 97 100 211 243 27008 4701 109 101 114 96 34 101
internal_value=0.00014253 0.00148737 0.000768873 -4.56161e-05 -0.000769869 0.00186468 7.72989e-06 0.000119589 0.0010859 0.00258832 0.00558853 -0.000121493 -0.000171445 0.000414729
internal_weight=2.35112e+07 2.14194e+06 1.77097e+06 1.4035e+06 1.21051e+06 485767 2.13692e+07 1.93054e+07 3.85476e+06 1.58997e+06 667972 1.54507e+07 1.5291e+07 922003
internal_count=34742 969 847 750 554 343 33773 32264 5126 425 223 27138 27042 202
is_linear=0
shrinkage=0.05


Tree=266
num_leaves=15
num_cat=1
split_feature=22 22 1 23 22 22 26 22 22 24 15 28 15 15
split_gain=744.426 933.481 772.547 710.231 682.27 753.435 1365.17 717.136 1564.86 1483.92 797.932 948.352 764.887 1791.13
threshold=21.068016142521437 21.06749716986349 14.875645025660647 17.026569103003052 21.05931847536657 21.040452452046065 1.0000000180025095e-35 19.617331230798943 19.612712971140649 4.8433109226126057 17.821797180512196 0 19.220245496564996 19.228329333847224
decision_type=2 2 2 8 2 2 2 2 2 10 2 1 2 2
left_child=1 3 -2 4 5 7 -7 8 12 10 11 -9 -1 -14
right_child=2 -3 -4 -5 -6 6 -8 9 -10 -11 -12 -13 13 -15
leaf_value=-8.6116265387428545e-05 0.00026047736785078196 0.00063532117917572157 -0.0058554984897430254 -0.0016281850397774434 -0.00059584270676574886 0.0019410790287381586 -0.00066322227459592357 0.0011277609272081317 0.0013017949817679163 4.4104145881441113e-05 -0.0013651969737548389 -0.0061124033141231361 0.003799568907446046 8.9034428172138141e-05
leaf_weight=13919277.195174336 114223.36603355408 121760.34802246094 154641.79370117188 193245.3581161499 351762.53555297852 149892.71445465088 148762.72776794434 147452.24206542969 229923.28048706055 213757.37333679199 446741.73611450195 195594.39756774902 317986.42539215088 6618289.913105011
leaf_count=25898 181 91 50 230 263 155 143 74 80 152 132 212 308 6515
internal_value=-8.08019e-05 -5.02965e-05 -0.00269655 -7.34796e-05 -4.78284e-05 -1.34981e-05 0.00248105 -4.72257e-05 1.49269e-05 -0.00135311 -0.00235337 -0.000539738 -3.02999e-05 0.000398646
internal_weight=2.33233e+07 2.30544e+07 268865 2.29327e+07 2.27394e+07 2.23877e+07 298655 2.2089e+07 2.10855e+07 1.00355e+06 789788 343047 2.08556e+07 6.93628e+06
internal_count=34484 34253 231 34162 33932 33669 298 33371 32801 570 418 286 32721 6823
cat_boundaries=0 1
cat_threshold=560
is_linear=0
shrinkage=0.05


Tree=267
num_leaves=15
num_cat=1
split_feature=8 11 1 8 9 9 23 19 19 28 7 1 3 17
split_gain=1213.73 4312.1 1781.81 1769.29 1279.94 2602.65 4394.85 1310.81 1266.38 835.525 2131.48 5662.15 1352.16 2169.84
threshold=0.079084972427515068 0.043086293841822554 16.995067760631983 0.064852118826147817 0.12238891660113292 0.14407582608325048 2.6039781056343654 0.00097256279978885011 0.00029145502070358038 0 16.98736325551755 17.156634566241113 17.006344156415725 0.14878762078016677
decision_type=2 2 2 2 2 2 10 2 2 1 2 2 2 2
left_child=1 2 3 -1 7 6 8 -2 -6 10 11 12 13 -7
right_child=4 -3 -4 -5 5 9 -8 -9 -10 -11 -12 -13 -14 -15
leaf_value=-0.0024790013545075394 -0.00031451562145809535 0.00021112734458152811 -0.00038311646779331517 0.00035066533672658412 4.1366167337072845e-05 -8.1839447989737239e-05 -0.0015604499674331666 1.3474538923140891e-05 0.00021434857043631432 2.1665061396678974e-05 -0.0019002375980100652 0.00086446797384624741 0.001136350566059466 -0.00081104138106144203
leaf_weight=136651.36609482765 463383.15791320801 257754.61449098587 166827.671875 146340.64385986328 311954.06700134277 3964340.0318293571 266991.3212890625 355287.6819152832 285513.09442138672 15566308.210855365 264603.4736328125 42067.54443359375 81663.52685546875 1044494.659362793
leaf_count=324 174 140 30 64 93 12812 178 124 112 19898 49 9 18 520
internal_value=1.40677e-05 0.00205329 -0.000901405 0.00151477 -4.9646e-05 2.31507e-05 0.00271178 -0.0019906 0.00509498 -8.77187e-05 -0.000623796 -0.000398187 -0.000549156 -0.000653208
internal_weight=2.33542e+07 707574 449820 282992 2.26466e+07 2.18279e+07 864458 818671 597467 2.09635e+07 5.39717e+06 5.13257e+06 5.0905e+06 5.00883e+06
internal_count=34545 558 418 388 33987 33689 383 298 205 33306 13408 13359 13350 13332
cat_boundaries=0 1
cat_threshold=57
is_linear=0
shrinkage=0.05


Tree=268
num_leaves=15
num_cat=1
split_feature=10 9 10 16 23 3 7 30 19 9 9 20 6 16
split_gain=833.36 1960 1124.08 4102.14 896.438 843.498 851.872 1047.76 754.378 1122.7 2098.98 2596.73 2029.73 1637.11
threshold=-0.40530650397317636 0.49940127148418528 -0.37600540508759467 16.332838995369084 3.8701406512379957 15.328408887801364 13.403640903771075 0 -0.018812029140904147 0.14407582608325048 0.11263565210970426 0.015921347333427153 16.964547881697367 18.213483320293424
decision_type=2 2 2 2 8 2 2 1 2 2 2 10 2 2
left_child=1 -1 3 4 -2 6 7 -3 -4 10 12 -12 13 -10
right_child=2 5 8 -5 -6 -7 -8 -9 9 -11 11 -13 -14 -15
leaf_value=-0.002526840819010996 -0.0035093855729912537 0.021655306427483159 -5.7518089421342415e-05 0.0018602473097383513 0.012230361262629974 0.0081453675850254037 -0.0055577624560172213 0.00052739995019932093 -0.0002660801845628165 2.3380632228376866e-05 7.8964148526414043e-06 0.00038899986304105779 -0.00016295679066928733 0.00013940392926752534
leaf_weight=670067.18481445312 115318.17033576965 28996.239227294922 5588137.5001094341 61473.670810699463 51320.447596549988 158873.47821044922 625827.72576904297 1304831.486515522 154081.39323425293 13136955.444442034 609642.77336120605 331370.03634643555 352679.40380859375 108245.98091125488
leaf_count=531 201 49 7443 47 130 73 519 5718 187 18962 272 119 63 60
internal_value=1.54899e-05 -0.000795491 0.000125757 0.00361608 -0.000456392 -4.99915e-05 -0.000334065 0.000380012 8.64997e-05 0.00027456 0.00154451 0.00302911 -0.000727052 0.00260351
internal_weight=2.32978e+07 2.7886e+06 2.05092e+07 228112 166639 2.11853e+06 1.95966e+06 1.33383e+06 2.02811e+07 1.4693e+07 1.55602e+06 941013 615007 262327
internal_count=34374 6890 27484 378 331 6359 6286 5767 27106 19663 701 391 310 247
cat_boundaries=0 1
cat_threshold=2
is_linear=0
shrinkage=0.05


Tree=269
num_leaves=15
num_cat=0
split_feature=7 5 4 7 16 19 11 24 0 10 11 17 1 26
split_gain=2157.11 1145.25 1474.18 1051.44 969.074 2472.95 1502.7 1366.07 1620.77 1541.22 1348.34 1094.94 1019.59 1425.46
threshold=17.376805783880858 17.382494435338344 17.458037941908348 16.98736325551755 18.114578210008297 -0.036895586668078545 -0.23889539934963802 -0.04553885756598159 15.924256278800728 -0.0033114177625187999 -0.039731929232751796 0.089239508121144312 15.466919523786144 -0.5
decision_type=2 2 2 2 2 2 2 10 2 2 2 2 2 2
left_child=1 2 3 4 12 -6 -7 -8 9 -9 -10 -11 -1 -14
right_child=-2 -3 -4 -5 5 6 7 8 10 11 -12 -13 13 -15
leaf_value=1.8642028345140598e-05 3.6467568426523673e-05 -0.0046641530668835741 0.00024362681545479618 -0.00010922817968907677 0.0011144961803858993 -0.0013496396417028349 -0.002582056803525596 -0.0031005712516687283 0.00075272895630245631 -0.0043982950278810794 9.2249730028805924e-05 0.003282286901759815 5.3843914311193623e-05 -0.00029248555659228158
leaf_weight=15512073.628475547 922321.1865234375 119023.9453125 97682.9658203125 1271710.0756835938 236334.89739990234 238752.24829101562 219714.66522216797 351070.85554504395 444274.43334960938 101108.60531616211 372167.67724609375 244925.18627929688 1106843.0979003906 2164499.6071777344
leaf_count=31735 134 21 18 244 141 148 103 331 118 153 100 204 359 703
internal_value=-1.11708e-05 -0.000108404 -8.23674e-05 -0.000109259 -2.46851e-05 0.000966095 0.000386863 0.000899126 0.00143394 -0.000336763 0.00294583 0.00203129 -0.00014117 -0.000943343
internal_weight=2.34025e+07 2.24802e+07 2.23612e+07 2.22635e+07 2.09918e+07 2.20835e+06 1.97201e+06 1.73326e+06 1.51355e+06 697105 816442 346034 1.87834e+07 3.27134e+06
internal_count=34512 34378 34357 34339 34095 1298 1157 1009 906 688 218 357 32797 1062
is_linear=0
shrinkage=0.05


Tree=270
num_leaves=15
num_cat=0
split_feature=6 0 9 24 10 23 4 4 8 8 10 19 7 5
split_gain=2315.16 1368.95 1186.4 2422.95 1466.35 3086.3 1758.31 1280.88 1944.46 2481.86 941.309 1354.98 842.075 1033.99
threshold=17.356241645943843 17.419860989426706 0.13827813384070328 -0.021237342309276347 0.020774445777007603 1.9571320152036804 16.701148858548322 16.554399131064109 0.25437539763590844 0.13724328153741419 -0.042991284989437988 -0.0035655580594122498 16.610313958149195 16.440364546327579
decision_type=2 2 2 8 2 10 2 2 2 2 2 2 2 2
left_child=1 2 3 -1 5 -5 -6 12 9 -9 -7 -12 13 -4
right_child=-2 -3 7 4 6 10 -8 8 -10 -11 11 -13 -14 -15
leaf_value=0.00017983346039150564 4.7921245324593204e-05 -0.0012492373977236403 1.902087226306496e-05 8.7977751441150692e-05 6.7848398691467812e-05 -0.0019349199523554775 -0.00043549297825129355 -0.00028425199431083621 -0.0011420395011788231 6.0707342972552383e-05 -0.00033346268064150087 0.00063969261259116342 0.0010848056403152827 -0.0019025594958701935
leaf_weight=266504.11207580566 949558.9208984375 137656.55322265625 18514539.62564528 349111.61154174805 231808.82685852051 157455.91844177246 220970.8115234375 522055.66040039062 508948.64599609375 874023.19799804688 92221.89990234375 97077.306533813477 173692.54931640625 318824.70751953125
leaf_count=89 138 24 32978 143 167 100 45 109 118 192 125 112 40 89
internal_value=7.30642e-05 -2.91538e-05 1.49355e-06 0.00140258 0.000406031 0.00184707 -0.00180867 -9.33202e-05 -0.00132936 -0.000364861 -0.00149409 0.000881822 3.05648e-05 -1.3958e-06
internal_weight=2.34145e+07 2.24649e+07 2.23272e+07 1.41515e+06 1.14865e+06 695867 452780 2.09121e+07 1.90503e+06 1.39608e+06 346755 189299 1.90071e+07 1.88334e+07
internal_count=34469 34331 34307 781 692 480 212 33526 419 301 337 237 33107 33067
is_linear=0
shrinkage=0.05


Tree=271
num_leaves=15
num_cat=0
split_feature=8 23 9 18 16 7 9 7 17 20 8 19 9 4
split_gain=2797.47 3351.93 6304.27 2705.33 1256.67 1345.92 1291.94 948.05 903.201 2147 2674.85 1453.71 1321.71 1187.22
threshold=0.079084972427515068 2.3158080270847505 0.12238891660113292 0.48979111816747495 18.534756489305497 17.376805783880858 0.11263565210970426 17.115974588496943 0.27895765299337733 -0.0042176546751504984 0.2738144895036892 0.0016775896035682502 0.12238891660113292 17.019152678527846
decision_type=2 10 2 10 2 2 2 2 2 8 2 2 2 2
left_child=1 -1 -3 -4 5 6 -2 -6 12 -10 11 -11 -8 -14
right_child=4 2 3 -5 7 -7 8 -9 9 10 -12 -13 13 -15
leaf_value=-7.015442798277296e-06 -0.0012996189051499864 0.00090681904369176397 0.00069173638291898014 -0.0044465571514167457 -0.00032612415856096287 3.1743025631623801e-05 0.00075617207397844831 -0.00099574042881451857 -0.0011368938049370403 0.0010937470204241751 -0.0022772585950684818 -1.1772856826153548e-07 2.0022071009046102e-05 -0.0026573423551745964
leaf_weight=404294.3445854187 417196.03469848633 132963.17050170898 97086.832803010941 99080.594661712646 254301.04931640625 451178.28662109375 167314.16874694824 353653.328125 731341.82733154297 348677.66094970703 429101.67602539062 565431.96966552734 18635246.367259264 286127.02978515625
leaf_count=209 157 161 169 45 183 64 87 56 287 113 229 191 32530 55
internal_value=7.23284e-06 0.00304638 0.0067927 0.00109558 -9.12225e-05 -2.93414e-05 -8.58481e-05 -0.00233373 -3.15305e-05 -0.00102236 0.000164539 0.00169326 7.61521e-05 3.70284e-05
internal_weight=2.3373e+07 733425 329131 196167 2.26396e+07 2.20316e+07 2.15804e+07 607954 2.11632e+07 2.07455e+06 1.34321e+06 914110 1.90887e+07 1.89214e+07
internal_count=34536 584 375 214 33952 33713 33649 239 33492 820 533 304 32672 32585
is_linear=0
shrinkage=0.05


Tree=272
num_leaves=15
num_cat=0
split_feature=9 24 1 11 21 19 25 1 14 18 15 3 6 3
split_gain=1643.93 4575.37 2988.02 2045.02 3018.94 4095.64 1420.54 1987.3 1535.5 1457.89 4774.03 4054.63 2438 2907.25
threshold=0.14407582608325048 0.18163509864909802 17.156634566241113 -0.039731929232751796 10.628952567679544 -0.0059187558919284993 -0.24999999999999997 16.532859834196291 -0.28595694182758397 0.28324693998890349 17.935066874906465 16.041732990297305 16.419896991757508 16.273039820797113
decision_type=2 8 2 2 10 2 2 2 10 10 2 2 2 2
left_child=1 -1 3 4 5 -3 7 8 -2 10 12 -12 13 -8
right_child=6 2 -4 -5 -6 -7 9 -9 -10 -11 11 -13 -14 -15
leaf_value=0.00030979373890151771 0.002148989112313069 3.0486004195544224e-05 -0.00012438147415593995 -3.2714312701695794e-05 1.9007707416530749e-05 0.0027635708667442488 -0.00027255738707504442 -0.0011214914941794808 -0.00035556939907452199 -0.00015140181819912657 0.0019302897174985221 0.00078905979228911262 -0.00043327952813403337 0.0016590010432315724
leaf_weight=359369.82629394531 115303.67820501328 130988.8918762207 506379.18212890625 656599.12149810791 348505.85401916504 121488.64372253418 3504690.3164405823 986467.43505859375 7693361.1857315302 6846431.0001974106 1343015.7234654427 351599.19091796875 248671.93017578125 98928.52294921875
leaf_count=114 223 104 81 379 182 113 9744 200 13483 7307 2360 80 55 29
internal_value=-5.32388e-05 0.00127313 0.000225519 0.00153135 0.00363886 0.00780237 -0.000186156 -0.000672138 -0.000405001 0.000158728 0.000761212 0.00297284 -0.000211677 0.000118747
internal_weight=2.33118e+07 2.12333e+06 1.76396e+06 1.25758e+06 600983 252478 2.11885e+07 8.79513e+06 7.80866e+06 1.23933e+07 5.54691e+06 1.69461e+06 3.85229e+06 3.60362e+06
internal_count=34454 973 859 778 399 217 33481 13906 13706 19575 12268 2440 9828 9773
is_linear=0
shrinkage=0.05


Tree=273
num_leaves=15
num_cat=0
split_feature=3 20 19 21 1 20 8 3 19 8 3 21 16 19
split_gain=1385.73 1631.2 2868.86 1931.19 1484.79 1484.25 1823.48 1890.22 1126.36 1353.83 967.599 2350.14 2721.67 1548.39
threshold=16.041732990297305 0.015921347333427153 0.015675456447670554 11.078461293765502 15.466919523786144 0.011366177416779403 0.21249175715776444 15.203240784805905 0.034215370636019864 0.29898727367573363 14.840603961213503 10.836836505858395 16.99325722950546 0.0054342923760856013
decision_type=2 10 2 10 2 10 2 2 2 2 2 10 2 2
left_child=4 3 -3 8 10 6 -6 -8 9 -2 -1 13 -13 -12
right_child=1 2 -4 -5 5 -7 7 -9 -10 -11 11 12 -14 -15
leaf_value=-0.00016013772245070682 3.8255966237722163e-05 0.00051896579884517103 -1.8383269501711424e-05 0.0003843654736123792 0.0008348176170232352 -0.0030244393730410211 0.00083828150965248858 -0.0013844538967307672 -0.00047346309605566362 -0.00032434483459117656 -0.00044057726440781286 0.0073659355319360817 7.1641103706140925e-05 0.0013274622136798763
leaf_weight=13660589.741107702 2792857.8435058594 589943.74487304688 594897.26586914062 557562.72192382812 269724.91943359375 418237.36987304688 259393.92211914062 682476.06103515625 531374.18969726562 529658.44482421875 1393287.9761962891 192609.60327148438 203001.40417480469 838814.03479003906
leaf_count=31264 624 141 139 103 101 165 121 250 119 138 734 105 113 445
internal_value=0.000142368 0.00082918 0.00247633 0.000386783 -7.21412e-05 -0.00151101 -0.000624502 -0.00166252 -1.1131e-05 0.000330711 7.18347e-05 0.000950504 0.00450232 0.000320991
internal_weight=2.35144e+07 5.59629e+06 1.18484e+06 4.41145e+06 1.79181e+07 1.62983e+06 1.21159e+06 941870 3.85389e+06 3.32252e+06 1.62883e+07 2.62771e+06 395611 2.2321e+06
internal_count=34562 1264 280 984 33298 637 472 371 881 762 32661 1397 218 1179
is_linear=0
shrinkage=0.05


Tree=274
num_leaves=15
num_cat=2
split_feature=20 26 0 29 7 11 8 28 4 24 8 2 17 18
split_gain=1265.14 1424.31 2130.98 2030.47 1393.39 1312.54 1213.67 1999.41 1567.77 1843.33 1248.99 3328 3126.57 3869.38
threshold=-0.024876270524701944 -0.5 16.993748182993098 0 17.376805783880858 0.071927894036668313 0.12460012248063866 1 17.181523356598721 0.26511602469553558 0.25437539763590844 15.924256278800728 0.057369818065769303 0.73594580878816873
decision_type=8 2 2 1 2 2 2 1 2 8 2 2 2 10
left_child=1 -1 3 -3 6 -5 7 -2 9 -9 12 -12 -8 -14
right_child=4 2 -4 5 -6 -7 10 8 -10 -11 11 -13 13 -15
leaf_value=-8.4720447345952641e-05 -0.0013414926077500644 0.0051540899967398215 0.00020653412106948568 0.00061513698808007226 4.3314116749125449e-05 -0.0014852218999285693 -0.00029545105798408733 0.00039956406548079812 -0.00063879630611296653 -6.0983564426094698e-05 -3.418701600432739e-05 -0.0012496823436598814 0.00017565294656534934 0.0030009061377454706
leaf_weight=892820.51820802689 469117.02583491802 94248.972713470459 111661.2236328125 882705.77264261246 998429.33056640625 443611.70789146423 3030295.4143028259 150024.95890808105 160215.96044921875 1002432.8676478863 11565962.293465495 1023245.7546386719 2263252.8103027344 268474.04614257812
leaf_count=1206 242 97 22 1230 145 723 3273 105 29 947 25052 291 1077 70
internal_value=9.49087e-05 0.00117603 0.00210101 0.00157823 -3.03466e-05 0.00107428 -0.000121648 -0.0013669 -0.000365605 0.00027867 5.90625e-07 -0.000275094 0.000624582 0.00192153
internal_weight=2.33565e+07 2.42505e+06 1.53223e+06 1.42057e+06 2.09315e+07 1.32632e+06 1.9933e+07 1.78179e+06 1.31267e+06 1.15246e+06 1.81512e+07 1.25892e+07 5.56202e+06 2.53173e+06
internal_count=34509 3278 2072 2050 31231 1953 31086 1323 1081 1052 29763 25343 4420 1147
cat_boundaries=0 1 2
cat_threshold=24 544
is_linear=0
shrinkage=0.05


Tree=275
num_leaves=15
num_cat=0
split_feature=9 24 18 11 15 15 15 24 9 8 10 0 21 22
split_gain=1633.04 3593.5 2369.7 2739.49 1401.72 1811.84 1223.34 1661.92 758.432 1124.39 876.949 1388.49 1753.05 2545.29
threshold=0.14407582608325048 0.18163509864909802 0.43169913517137892 0.071927894036668313 19.129644275016393 17.979750751109087 16.944033183193465 0.54314141846829012 0.15391910863585098 0.14483486216721952 -0.22886537988889527 16.532359858528654 11.017229765033061 16.964017972763202
decision_type=2 8 8 2 2 2 2 10 2 2 2 2 10 2
left_child=1 -1 4 -4 5 6 7 -3 9 -2 11 12 -10 -14
right_child=8 2 3 -5 -6 -7 -8 -9 10 -11 -12 -13 13 -15
leaf_value=0.00023773640221822517 -0.0019010905561672533 0.00016913610988543039 9.0290791369705529e-05 -5.0268340618409448e-05 -0.00042018342589503492 0.00090099514789127109 -0.00048529203094087022 -0.0023423235741243014 -0.00069234197659167902 6.1289068400753176e-05 5.0369572025254392e-05 -0.00025013838065785675 -0.0038911482247352305 0.0020758675596587225
leaf_weight=371757.16026306152 318551.50541687012 81251.890960693359 374333.25659179688 356684.6865234375 392934.73425292969 207897.29843139648 218257.93557739258 192674.37924957275 4392896.2471460104 253916.44313812256 15498548.85819447 304496.86669921875 213992.49092674255 170615.33898162842
leaf_count=116 149 35 136 83 92 73 102 346 9347 118 23098 54 605 113
internal_value=6.19333e-05 0.00135979 0.000446629 0.00265031 -0.00102721 0.000314233 -0.00133893 0.000886166 -7.27907e-05 -0.00186792 -2.28575e-05 -0.000592834 -0.000384185 0.00285275
internal_weight=2.33488e+07 2.19579e+06 1.82403e+06 731018 1.09302e+06 700082 492184 273926 2.1153e+07 572468 2.05805e+07 5.082e+06 4.7775e+06 384608
internal_count=34467 983 867 219 648 556 483 381 33484 267 33217 10119 10065 718
is_linear=0
shrinkage=0.05


Tree=276
num_leaves=15
num_cat=1
split_feature=25 2 24 24 23 22 18 20 25 16 18 18 29 10
split_gain=1289.7 2425.51 1424.28 2369.8 3200.44 4379.57 1846.44 1568.25 1252.66 1782.44 1766.36 1742.91 1348.28 1931.99
threshold=-0.93301270189221919 17.165595607188539 1.8887705489460453 1.1046866433200202 1.8230783772914052 17.025435638241444 0.26788879700688789 -0.024876270524701944 -0.6830127018922193 18.534756489305497 0.47177133088911288 0.54841520192399529 0 0.00289798297464825
decision_type=2 2 8 10 10 2 10 10 2 2 8 8 1 2
left_child=1 2 3 6 -5 -6 -1 -8 10 -10 -2 -12 13 -13
right_child=8 -3 -4 4 5 -7 7 -9 9 -11 11 12 -14 -15
leaf_value=-0.00083985450352386389 -0.0018525093513696135 5.9448161965645191e-05 -0.00028311916045348543 -0.0011167161130756196 0.0027295261982263593 0.0057533307320422169 -0.0028068369037970464 0.0016547746223478793 2.0515455043289795e-05 0.00011913366026578565 0.001085656930037082 -0.0011593816669607964 -0.00067239569585449317 0.0011930896211165213
leaf_weight=230904.35425901413 2157872.8588818312 144160.224609375 1039145.3536887169 90041.811809539795 76221.492105960846 105267.69354724884 108878.37603759766 127169.4556350708 16812990.39993608 408831.68035888672 120081.30662536621 593019.17502760887 511845.10694885254 567639.07979631424
leaf_count=465 3914 23 1741 121 161 122 147 104 25519 153 84 620 611 595
internal_value=0.000134055 0.00137426 0.000868415 0.00254728 0.00626162 0.0100851 0.000387397 0.00349709 2.14818e-05 0.00020568 -0.000781523 0.000378481 -3.92734e-05 0.000903472
internal_weight=2.30941e+07 1.92179e+06 1.77763e+06 738483 271531 181489 466952 236048 2.11723e+07 1.72218e+07 3.95046e+06 1.79258e+06 1.6725e+06 1.16066e+06
internal_count=34380 2884 2861 1120 404 283 716 251 31496 25672 5824 1910 1826 1215
cat_boundaries=0 1
cat_threshold=43
is_linear=0
shrinkage=0.05


Tree=277
num_leaves=15
num_cat=0
split_feature=8 18 18 15 8 8 2 10 19 19 24 11 15 19
split_gain=1679.35 1259.33 7300.14 1241.41 1318.7 742.322 2360.26 1822.74 2009.85 2654.25 2146.95 3369.37 1501.28 1592.47
threshold=0.079084972427515068 0.32430810839464513 0.27769490368242228 18.440224510330371 0.064852118826147817 0.25437539763590844 14.702044463091365 0.33030830724908805 0.055362550854933253 0.061160380032340055 7.9624243260001153 0.020126692846760701 19.431146717110575 0.021145090474372654
decision_type=2 10 8 2 2 2 2 2 2 2 10 2 2 2
left_child=1 2 3 4 -1 7 -7 8 10 -10 12 -12 13 -2
right_child=5 -3 -4 -5 -6 6 -8 -9 9 -11 11 -13 -14 -15
leaf_value=-0.0023722016133229068 4.1591146982439534e-05 1.7301331973643459e-06 0.0021990000963704576 -0.0028904277443917662 0.00041805896718230561 0.00022375034280232623 -0.00053742077467811575 0.0026623554279292744 0.0025670919004816945 -0.00022481808449115225 -0.00023789496050144067 0.0034755432996552665 -0.0032965687574989474 -0.0006123213585508408
leaf_weight=85213.768973946571 5538223.3793869019 353472.04149627686 119298.13397216797 89203.283447265625 96902.565355300903 10420685.221794367 3749497.7991943359 159376.0754699707 195072.00339508057 263076.18499755859 158296.17455291748 220798.97246551514 178522.85159301758 1717332.4566497803
leaf_count=301 3992 134 71 22 64 26340 1597 139 116 163 157 187 75 1151
internal_value=7.1052e-05 0.00240824 0.00436496 -0.000167517 0.0021995 -5.89544e-06 -0.000226924 0.000365605 0.000263552 0.00348221 7.48171e-05 0.00374516 -0.000112349 -8.94521e-07
internal_weight=2.3345e+07 744090 390618 271320 182116 2.26009e+07 1.41702e+07 8.4307e+06 8.27132e+06 458148 7.81317e+06 379095 7.43408e+06 7.25556e+06
internal_count=34509 592 458 387 365 33917 27937 5980 5841 279 5562 344 5218 5143
is_linear=0
shrinkage=0.05


Tree=278
num_leaves=15
num_cat=0
split_feature=1 3 4 3 10 3 26 0 24 24 3 2 9 15
split_gain=956.417 2308.3 3282.39 2247.83 1762.14 1313.43 2358.44 2171.89 2191.27 1519.55 1083.98 1053.53 951.177 1058.05
threshold=16.995067760631983 17.171183635107628 17.019152678527846 17.171183635107628 0.0059906210141562012 16.041732990297305 1.0000000180025095e-35 16.395876229078294 1.2576410032575902 1.8135144024022452 16.536937448267057 16.150297738002418 0.11263565210970426 16.987319979545152
decision_type=2 2 2 2 2 2 2 2 8 8 2 2 2 2
left_child=1 2 5 -2 -5 11 9 8 -8 -7 -11 12 13 -1
right_child=3 -3 -4 4 -6 6 7 -9 -10 10 -12 -13 -14 -15
leaf_value=-0.0023923529833051798 -0.0001166528649838702 -0.00083766521126471928 0.00042010371432063233 -6.6904057545681865e-05 5.2294934896821103e-05 0.00046703591350655672 -0.00052332505828425139 -0.0010797408552070554 0.00094298005800383822 0.00086278454803546771 -0.00016048099242477513 -0.0018176056950223556 -4.7953216804134771e-05 0.0027169778034546246
leaf_weight=39226.252838134766 807311.83569335938 218830.85546875 307292.8017578125 659118.53271484375 731722.96630859375 574979.21704101562 336387.7080078125 682596.6201171875 392704.95849609375 433400.37084960938 392662.1591796875 353160.31201171875 17453262.008427143 61451.690063476562
leaf_count=177 159 42 65 104 114 159 101 167 116 129 93 112 32742 98
internal_value=6.01011e-06 0.000108733 0.0001619 -0.000986845 0.000231315 8.58222e-05 0.00109027 -0.00035209 0.00154553 0.0025436 0.0011698 -7.19502e-05 -1.75526e-05 0.00482846
internal_weight=2.34441e+07 2.1246e+07 2.10271e+07 2.19815e+06 1.39084e+06 2.07198e+07 2.81273e+06 1.41169e+06 729093 1.40104e+06 826063 1.79071e+07 1.75539e+07 100678
internal_count=34378 34001 33959 377 218 33894 765 384 217 381 222 33129 33017 275
is_linear=0
shrinkage=0.05


Tree=279
num_leaves=15
num_cat=0
split_feature=20 8 3 20 2 5 9 17 8 25 0 4 16 1
split_gain=1559.72 2766.83 1249.69 1144.98 1631.9 1216.43 954.943 1545.87 900.22 1192.19 882.344 1302.82 963.222 1966.8
threshold=-0.030982934530548695 0.14137066746495244 17.171183635107628 -0.051226922091783693 15.924256278800728 15.162938269030475 0.35653112994742936 0.025022069932995303 1.0148905305296354 0.68301270189221941 17.419860989426706 17.458037941908348 18.179163792832941 16.995067760631983
decision_type=8 2 2 10 2 2 2 2 2 2 2 2 2 2
left_child=1 -1 10 8 5 6 7 -5 9 -3 11 12 -2 -14
right_child=2 3 -4 4 -6 -7 -8 -9 -10 -11 -12 -13 13 -15
leaf_value=0.00018519160006350661 -2.1202912110246064e-05 -0.0039365833015569769 -4.7102869449945095e-05 0.00022130796929357025 0.00050372298994169693 -0.0017942361147952606 0.00030072579417803627 0.0030554051716763608 0.0063619767248674873 9.7166286049284531e-05 -0.0022230242446755828 0.0004230640106480461 0.00028517752348036134 -6.0958660286702418e-05
leaf_weight=378860.74080753326 17521646.427844644 399483.84838008881 1403035.1274414062 117361.88006973267 123350.76049804688 115593.47705078125 485918.6654227972 80074.363174438477 87854.158920764923 159423.41800689697 84891.09228515625 64472.07080078125 1860351.595489502 426584.5625
leaf_count=164 30256 504 226 183 34 50 1138 72 405 166 15 12 1094 85
internal_value=0.000108765 0.0014632 -1.47464e-05 0.000537229 0.00166829 0.000841881 0.0016443 0.00457657 -0.00107569 -0.00181527 8.66533e-05 0.000108382 8.52857e-05 0.00105037
internal_weight=2.33089e+07 1.94792e+06 2.1361e+07 1.56906e+06 922299 798948 683355 197436 646761 558907 1.99579e+07 1.98731e+07 1.98086e+07 2.28694e+06
internal_count=34404 2716 31688 2552 1477 1443 1393 255 1075 670 31462 31447 31435 1179
is_linear=0
shrinkage=0.05


Tree=280
num_leaves=15
num_cat=2
split_feature=20 11 29 15 10 2 24 25 0 17 27 24 28 11
split_gain=1930.83 1546.44 1724.08 2148.41 2849.71 1231.67 1317.4 1629.16 1227.99 1021.63 911.949 1031.06 2264.07 2319.97
threshold=-0.024876270524701944 0.28585726330758382 0 17.935066874906465 -0.03970098221279264 16.533265774342059 1.9434536580973651 -0.24999999999999997 16.152874941917947 0.0050866336459702505 3.5000000000000004 0.88970295594175008 1 -0.019390666040090196
decision_type=8 2 1 2 2 2 10 2 2 2 2 8 1 2
left_child=1 2 -1 5 -5 6 7 -4 -6 -2 11 12 13 -11
right_child=9 -3 3 4 8 -7 -8 -9 -10 10 -12 -13 -14 -15
leaf_value=-0.00023396342467912857 0.00090689928149589806 -0.0038635669985127158 0.0020502010234811257 0.0020409224137988668 0.0031093915787534453 -0.0020709610896573081 -0.00022715348697612491 0.00018011943498988121 -2.3950684607066217e-05 0.0012872270212028018 -3.7768446554620757e-05 -0.00074644653831410629 -0.0002531377863457445 -0.00033168643732933175
leaf_weight=644856.99865007401 5015637.4986879826 334930.49207305908 81492.847873687744 355092.79414606094 211844.39903259277 85354.05419921875 323531.93980979919 202220.96105575562 224578.35107421875 127863.29670715332 11815755.122558594 3079444.4920196533 518681.25593566895 179084.46231079102
leaf_count=1429 17153 627 119 188 161 19 507 239 51 98 10597 2756 424 144
internal_value=-0.000100349 0.00122293 0.00171977 0.00265767 0.00443722 0.000624003 0.00141451 0.00390145 0.00173103 -0.000257581 -0.000455813 -0.00111823 0.000450835 0.00385437
internal_weight=2.32004e+07 2.4639e+06 2.12897e+06 1.48412e+06 791516 692600 607246 283714 436423 2.07365e+07 1.57208e+07 3.90507e+06 825629 306948
internal_count=34512 3340 2713 1284 400 884 865 358 212 31172 14019 3422 666 242
cat_boundaries=0 1 2
cat_threshold=66 708
is_linear=0
shrinkage=0.05


Tree=281
num_leaves=15
num_cat=0
split_feature=6 10 4 10 6 14 10 2 22 4 24 9 14 5
split_gain=1319.97 954.302 1312.03 1326.07 1716.23 1167.05 1879.11 2089.94 1759.1 1807.31 1201.43 1174.6 1145.99 1096.5
threshold=17.356241645943843 0.046142006192233007 17.458037941908348 0.020774445777007603 15.421178037787511 2.3390992561901038 0.073442736509610612 15.666534854658034 17.053857670155924 16.410410087137191 0.23794212935990353 1.0111063797935571 2.3007789970073866 16.088345866970069
decision_type=2 2 2 2 2 10 2 2 2 2 8 2 10 2
left_child=1 2 3 -1 -5 8 7 -7 13 10 -10 -8 -12 -3
right_child=-2 5 -4 4 -6 6 11 -9 9 -11 12 -13 -14 -15
leaf_value=-3.9846486299776751e-05 6.0838861412951558e-05 -1.4312609976766089e-05 -0.0024345961996185537 -0.00045439516204433847 -0.0014843792810209579 1.3199856967881306e-05 -0.00097032000902475338 0.0013615435057750544 -0.0078418617752214152 0.00037372142699476895 0.0007663221035138681 0.0053076443756654339 0.00085683841325165421 -0.0033101977876494127
leaf_weight=12614177.317474246 883617.78076171875 2888306.7150403261 149637.8291015625 584943.05971431732 434180.95849609375 113961.93863677979 912129.47449016571 53197.840087890625 234733.32141876221 513227.66479492188 3213773.7592784166 239170.31195187569 140776.51709079742 243361.00463867188
leaf_count=19138 129 5429 26 933 116 394 1662 13 274 113 4146 1908 126 68
internal_value=-1.11642e-05 -8.6147e-05 -0.000343597 -0.000292489 -0.00202736 0.000328745 -0.00103938 0.00391446 0.000578092 0.00125931 0.000862467 -0.00175864 0.00110445 -0.000314304
internal_weight=2.32192e+07 2.23356e+07 1.37829e+07 1.36333e+07 1.01912e+06 8.55264e+06 1.31846e+06 167160 7.23418e+06 4.10251e+06 3.58928e+06 1.1513e+06 3.35455e+06 3.13167e+06
internal_count=34475 34346 20213 20187 1049 14133 3977 407 10156 4659 4546 3570 4272 5497
is_linear=0
shrinkage=0.05


Tree=282
num_leaves=15
num_cat=0
split_feature=11 1 2 19 19 24 11 6 2 4 0 21 8 14
split_gain=1341.86 6912.39 1952.71 2069.82 3131.76 1660.15 4089.14 1853.22 1925.47 1957.78 1309.34 2854.09 2614.47 1320.3
threshold=-0.042533717487904292 17.423965936235351 16.272388657055533 0.015675456447670554 -0.011925026231760148 0.23794212935990353 -0.070000168779436892 16.964547881697367 16.996524025785622 17.019152678527846 15.467382582974407 10.583531120727168 0.24731574798531047 1.3935148121836254
decision_type=2 2 2 2 2 10 2 2 2 2 2 8 2 8
left_child=1 5 10 4 -4 6 -1 8 9 -7 -2 12 -12 -14
right_child=2 -3 3 -5 -6 7 -8 -9 -10 -11 11 -13 13 -15
leaf_value=0.0008680115340885449 -0.00027577814783451998 8.2892815874305526e-05 -0.0001736031729258893 -0.00085682369003295595 0.00037271669147903477 -4.6309590522149205e-05 0.00034591539302346758 -0.00036644652723368204 0.00059371580330460857 0.00010739887823523627 0.0020286126699538666 -0.00068798347792355542 -0.0023104609675032484 0.0016139269493633411
leaf_weight=973159.59019374847 9244570.5894880295 216155.435546875 1219471.0495605469 825509.80224609375 777166.63232421875 7710568.5690332651 102018.08253860474 525748.1376953125 68955.4951171875 182308.67700195312 320984.10510253906 444789.79138183594 254136.65124511719 299784.10729980469
leaf_count=1977 17837 32 259 180 167 13235 125 98 15 39 116 157 103 112
internal_value=-8.04228e-05 0.000364814 -0.000405673 -0.00157406 -0.000703382 0.000164952 0.00201594 -6.95249e-05 0.000120331 4.76536e-05 -9.35491e-05 0.00137972 0.00303765 0.000956996
internal_weight=2.31653e+07 9.77891e+06 1.33864e+07 2.82215e+06 1.99664e+06 9.56276e+06 1.07518e+06 8.48758e+06 7.96183e+06 7.89288e+06 1.05643e+07 1.31969e+06 874905 553921
internal_count=34452 15521 18931 606 426 15489 2102 13387 13289 13274 18325 488 331 215
is_linear=0
shrinkage=0.05


Tree=283
num_leaves=15
num_cat=0
split_feature=27 16 21 20 3 2 5 20 6 1 16 15 12 10
split_gain=1972.27 5344.61 1645.18 1920.27 2278.55 2074.87 1872.95 824.953 794.166 761.215 737.466 635.78 635.608 662.977
threshold=10.500000000000002 18.472836192843562 10.88513981165346 0.046587602636409452 14.597023301625571 16.533265774342059 15.438052545520319 0.084788545653853922 15.351940916703095 14.978919991828326 18.650510177953056 19.320833299017838 5.5000000000000009 -0.43396823784931277
decision_type=2 2 8 10 2 2 2 10 2 2 2 2 2 2
left_child=7 2 3 5 -5 6 8 10 -2 11 12 -4 -1 -14
right_child=1 -3 9 4 -6 -7 -8 -9 -10 -11 -12 -13 13 -15
leaf_value=0.021182081508929029 0.00061691152840093763 0.00050335894054978159 -0.0044417334500885305 -0.0035695393054208471 0.00085650792971879897 -0.00030934679445495392 0.0024184140468586392 -0.0015456710984868038 -0.0039581450025216146 -0.0019289170263398607 -0.0038208306844178101 0.0025617981371759196 -0.0014791195739091729 -1.4481674034974122e-05
leaf_weight=76608.357876181602 1930989.4164764881 280579.31698608398 214564.59179449081 78264.268116950989 125168.15161132812 236490.2255859375 408852.03552246094 361628.98490619659 66566.86962890625 169381.28161621094 182278.3190612793 50344.722900390625 2163602.3956098557 16923780.02088666
leaf_count=1069 4076 99 517 219 44 52 141 455 28 53 68 59 5057 22458
internal_value=-3.20453e-05 0.00105085 0.000484373 0.000921741 0.00560274 0.000561429 0.00100061 -0.000227723 0.000369538 -0.00238212 -0.000183495 -0.000708271 -0.000153388 -0.000171631
internal_weight=2.32691e+07 3.5612e+06 3.28062e+06 2.84633e+06 203432 2.6429e+06 2.40641e+06 1.97079e+07 1.99756e+06 434291 1.93463e+07 264909 1.9164e+07 1.90874e+07
internal_count=34395 5288 5189 4560 263 4297 4245 29107 4104 629 28652 576 28584 27515
is_linear=0
shrinkage=0.05


Tree=284
num_leaves=15
num_cat=1
split_feature=16 21 3 6 11 14 18 17 17 18 0 21 4 28
split_gain=868.623 1328.24 1762.83 2251.42 2588.17 1863.99 2078.48 1152 1030.96 874.758 1485.77 813.405 1231.92 786.737
threshold=18.650510177953056 10.836836505858395 14.992560563850814 16.09600000920798 0.050548495316121413 2.3753785055257124 0.54841520192399529 0.034434481707413658 0.082267795018298021 0.0065622736957354011 13.324915549053701 6.704775057094122 13.258194159720896 0
decision_type=2 10 2 2 2 10 10 2 2 10 2 8 2 1
left_child=1 9 7 4 -4 6 -5 -3 -9 10 13 12 -11 -1
right_child=-2 2 3 5 -6 -7 -8 8 -10 11 -12 -13 -14 -15
leaf_value=0.022090649777524816 -0.00080030521819548421 0.00044141434037028426 0.0037308801861330766 9.9941225409121026e-05 9.2548958481368881e-05 -0.00059053914213938333 1.1559215523928991e-05 -0.0050388379252288328 0.0014358290846019528 -0.0060065285271692862 0.0097671305151405194 -6.2141884018057284e-05 0.0069155133772506429 0.0012554854430689435
leaf_weight=75496.057864189148 338654.27297973633 1769819.8362631798 225067.60961914062 634695.9130859375 203961.69470214844 507911.892578125 774985.09497070312 410352.0052947998 199119.97634887695 98712.255474090576 12357.134674072266 17500324.646408558 88160.913391113281 412020.9699203968
leaf_count=519 120 4303 106 112 99 108 161 422 194 179 17 24348 76 3671
internal_value=-1.94674e-05 1.76858e-05 0.00076449 0.00173687 0.00501111 0.00100431 0.00194003 -0.000194534 -0.00206936 -0.000176371 0.00188631 -0.000234667 0.00304661 0.00145232
internal_weight=2.32516e+07 2.2913e+07 4.72591e+06 2.34662e+06 429029 1.91759e+06 1.40968e+06 2.37929e+06 609472 1.81871e+07 499874 1.76872e+07 186873 487517
internal_count=34435 34315 5505 586 205 381 273 4919 616 28810 4207 24603 255 4190
cat_boundaries=0 1
cat_threshold=642
is_linear=0
shrinkage=0.05


Tree=285
num_leaves=15
num_cat=0
split_feature=19 16 9 9 5 3 10 10 5 14 24 11 2 9
split_gain=1522.5 5788.57 1606.92 5112.35 1667.83 1645.62 2148.43 2490.81 2430.38 1805.13 1732.56 1545.22 1300.55 2625.72
threshold=0.01031223928624665 18.534756489305497 0.14407582608325048 0.13056622037921709 16.440364546327579 14.712079425912988 0.15410700526675034 -0.027150203300232347 14.658326290749033 1.453570225490584 2.2469877006854504 -0.009750128694434949 14.417260238422054 0.20793076625117812
decision_type=2 2 2 2 2 2 2 2 2 10 8 2 2 2
left_child=12 2 3 11 5 -4 7 8 -7 -9 -10 -2 -1 -14
right_child=1 -3 4 -5 -6 6 -8 9 10 -11 -12 -13 13 -15
leaf_value=0.0002694218905579858 7.9034175057839118e-05 0.0001091771674872781 -0.00014427119718504744 0.00024465981389189668 -0.00026111469180520699 0.0031615097256682727 -0.0011594012578639817 0.0079218207681690748 0.001448896021166677 0.00044151883795554795 -0.0021611097824056815 -0.0015700713311251103 2.0039867974788576e-05 -0.00045024135890224016
leaf_weight=7250481.1506361961 276982.08642578125 149459.79541015625 5034621.2617115974 236597.54066467285 868369.16455078125 271352.40063476562 374337.8359375 263040.2353515625 382692.03173828125 412072.15539550781 426505.42736816406 232141.23417663574 2776807.3481445312 4571660.5547485352
leaf_count=18429 129 57 11734 116 181 174 172 119 151 174 165 119 829 2060
internal_value=3.59342e-05 0.000550267 0.000384147 0.0026044 0.000178036 0.000428856 0.00159387 0.00232712 0.000838499 0.00470974 -0.000534671 -0.000217785 -0.000278613 -0.00074738
internal_weight=2.35271e+07 8.92817e+06 8.77871e+06 745721 8.03299e+06 7.16462e+06 2.13e+06 1.75566e+06 1.08055e+06 675112 809197 509123 1.45989e+07 7.34847e+06
internal_count=34609 13291 13234 364 12870 12689 955 783 490 293 316 248 21318 2889
is_linear=0
shrinkage=0.05


Tree=286
num_leaves=15
num_cat=1
split_feature=11 2 16 18 16 16 3 23 28 19 3 20 22 11
split_gain=1411.46 1869.51 1249.66 1249.02 1902.13 5858.7 1713.02 1328.04 1467.61 1290.12 1566.41 1102.83 1093.28 1464.22
threshold=0.12804778057018137 17.165595607188539 18.435443290659602 0.06802674838824567 18.342196337377381 18.261687824277342 16.3974896391274 6.8867884999821509 0 0.0023306812258853502 11.832997641793042 0.087309770381889654 17.488363951266518 0.66650865740697285
decision_type=2 2 2 10 2 2 2 10 1 2 2 10 2 2
left_child=1 2 11 7 5 6 12 -2 9 10 -9 -1 -5 -14
right_child=3 -3 -4 4 -6 -7 -8 8 -10 -11 -12 -13 13 -15
leaf_value=4.4647356157476356e-05 -1.3465040686235333e-05 6.6616633111202746e-05 -0.0005998015705978749 -0.0015277311893518821 -0.0016348604498750649 9.1442363216102495e-05 -0.0014886331825740536 0.035589708363949479 0.0022793400661508859 0.0071777867408263562 0.034246652671304521 -0.0021871604245679399 0.00048320917546479581 -0.0068082830112629004
leaf_weight=14443373.799916506 1265723.5237121582 1145895.466796875 509420.23287963867 3031100.1225805283 279861.14868164062 95068.4150390625 432279.681640625 24214.628762245178 149128.49557113647 28990.749361038208 23460.499725341797 220197.0511341095 1578922.1668777466 309667.97501564026
leaf_count=21733 4792 191 272 4259 44 15 105 167 641 110 37 258 1573 517
internal_value=-6.20588e-05 0.000195456 4.83852e-05 -0.000644229 -0.000979881 -0.000773333 -0.000991883 0.000644553 0.00417699 0.00979856 0.0148577 0.000132962 -0.000726723 0.000217552
internal_weight=2.35373e+07 1.63189e+07 1.5173e+07 7.21842e+06 5.7269e+06 5.44704e+06 5.35197e+06 1.49152e+06 225794 76665.9 47675.1 1.46636e+07 4.91969e+06 1.88859e+06
internal_count=34714 22454 22263 12260 6513 6469 6454 5747 955 314 204 21991 6349 2090
cat_boundaries=0 1
cat_threshold=356
is_linear=0
shrinkage=0.05


Tree=287
num_leaves=15
num_cat=0
split_feature=20 6 0 23 19 19 18 4 4 18 4 11 22 20
split_gain=1055.17 2853.46 2228.74 2389.1 2134.25 2635.35 2417.4 1615.16 1319.72 1407.53 1334.21 1051.1 1077.87 1753.56
threshold=-0.0074934595211710994 16.605552301010523 15.802459769609863 2.6039781056343654 -0.014321172063744747 0.025659554270821953 0.37401513140501497 16.860170040119087 14.648082066951638 0.79135072784035787 14.613371299883068 0.17355709227571658 18.504247377479935 -0.041772712071427742
decision_type=10 2 2 10 2 2 10 2 2 10 2 2 2 8
left_child=1 11 8 4 -4 6 -6 -5 10 -10 -2 12 -1 -14
right_child=2 -3 3 7 5 -7 -8 -9 9 -11 -12 -13 13 -15
leaf_value=0.00031262957957560905 0.00023921784653301676 -0.00019441036074476347 -3.1580812898284289e-05 0.00039898206487328939 0.00011053609733047673 3.7965156311337761e-05 0.00050456410659225433 -0.00026107350716475872 -0.0019615904420387494 0.003213068827948631 0.0030722366512065322 -0.00047522563036073737 0.00024596036970283999 -0.001641858141165216
leaf_weight=6971346.6980184317 4687884.069642663 775485.64501953125 627711.8505859375 533940.79052734375 834813.25732421875 809776.37036132812 436855.73779296875 595812.82177734375 1767745.3287353516 285817.06005859375 87696.439758300781 3791282.0894682407 229566.32132530212 894612.69102919102
leaf_count=12852 10135 166 134 146 188 178 95 103 966 148 60 7518 191 1662
internal_value=4.36057e-05 -0.000265038 0.000409945 0.00137385 0.00217934 0.00295002 0.00436974 -0.000557707 -0.000131903 -0.00119186 0.000323892 -7.33235e-05 0.000248435 -0.00118828
internal_weight=2.33303e+07 1.26623e+07 1.06681e+07 3.83891e+06 2.70916e+06 2.08145e+06 1.27167e+06 1.12975e+06 6.82914e+06 2.05356e+06 4.77558e+06 1.18868e+07 8.09553e+06 1.12418e+06
internal_count=34542 22389 12153 844 595 461 283 249 11309 1114 10195 22223 14705 1853
is_linear=0
shrinkage=0.05


Tree=288
num_leaves=15
num_cat=0
split_feature=16 14 26 1 11 10 2 0 10 16 4 16 22 7
split_gain=1282.61 2327.38 2856.28 681.944 589.773 622.506 1440.55 1287.85 1210.15 4164 1208.21 841.31 2400.45 1045.84
threshold=18.435443290659602 1.8495005879959623 0.6830127018922193 16.995067760631983 -1.194447431280149 -0.40530650397317636 15.802459769609863 15.029197086270768 -0.37600540508759467 16.614160736749827 15.209778070787939 16.732634901765508 17.396444931912352 13.258920228400084
decision_type=2 10 2 2 2 2 2 2 2 2 2 2 2 2
left_child=4 -2 3 -3 -1 6 7 10 9 -7 11 13 -13 -6
right_child=1 2 -4 -5 5 8 -8 -9 -10 -11 -12 12 -14 -15
leaf_value=0.015160604411818194 0.00023645190254687325 -0.00043724420335682838 0.00011017615863303734 -0.0026331874177160214 0.00080944537496476388 -0.0016391517041172731 -0.001589359409869751 0.0023939686906624224 1.3297109195943339e-05 0.0033747851211281955 -0.0092442228776372648 0.010770062556239329 -0.0037274501722524694 -0.0036245635710607012
leaf_weight=154103.52675640583 513176.03967285156 272709.0964050293 296590.79675292969 265131.50390625 1252400.8526473045 191836.51838970184 181604.5908203125 133330.36535644531 18964387.83528018 69612.261383056641 227368.25347900391 88882.356666564941 99939.97575378418 764059.11993408203
leaf_count=1263 167 166 119 48 5234 363 42 48 26040 46 112 137 151 681
internal_value=0.000120297 0.0016179 -1.16157e-05 -0.00218395 2.90897e-05 7.4723e-06 -0.000696507 -0.000391932 0.000108079 0.00348657 -0.000654173 -0.000296378 0.00289504 -0.000595224
internal_weight=2.34751e+07 1.34761e+06 834431 537841 2.21275e+07 2.19734e+07 2.74759e+06 2.56598e+06 1.92258e+07 261449 2.43265e+06 2.20528e+06 188822 2.01646e+06
internal_count=34617 500 333 214 34117 32854 6405 6363 26449 409 6315 6203 288 5915
is_linear=0
shrinkage=0.05


Tree=289
num_leaves=15
num_cat=1
split_feature=10 1 3 1 30 9 23 20 14 14 1 1 3 6
split_gain=1183.26 1317.97 1691.82 1457.39 1355.17 962.743 3214.66 1257.16 1002.89 1819.92 4763.48 1651.53 4577.55 1611.27
threshold=-0.34247253512690973 15.031438254144009 15.203240784805905 13.634347420111107 0 0.099641508914028162 2.2945413447560106 0.05203257581059121 2.4073537941007941 2.3659437737977824 16.684754232979486 16.995067760631983 16.850451675266942 15.947782723660634
decision_type=2 2 2 2 1 2 10 10 10 10 2 2 2 2
left_child=1 2 3 4 -1 6 -2 8 9 -7 -11 12 13 -10
right_child=5 -3 -4 -5 -6 7 -8 -9 11 10 -12 -13 -14 -15
leaf_value=0.011993526829872182 -0.00023711856186247289 -0.0011012814641422253 0.0043406788289401532 -0.0058565919226062678 -0.0017604247612648925 3.7251148492040041e-05 0.00058927547175142633 -0.0014335611723594952 -0.00027857726693218373 -0.003116975413264098 0.00031744334307797438 -0.0017618659120903766 0.00096941205537790171 -0.0077552820988282742
leaf_weight=58588.835861206055 279999.3391418457 426969.15478515625 254634.61431884766 491892.91741943359 2171159.8241801262 15802161.226498604 246620.64654541016 984766.00583124161 1541464.0850925446 268048.76693439484 423013.56396484375 212170.80322265625 88709.41552734375 211016.5625
leaf_count=83 113 118 127 338 7232 18502 188 1159 6283 302 82 39 18 59
internal_value=3.74359e-05 -0.000824613 -0.000451931 -0.000816563 -0.000273126 0.0001837 0.0022933 0.00012682 0.000219254 0.000348985 0.00286054 -0.000822789 -0.000341425 -0.000902337
internal_weight=2.34612e+07 3.40325e+06 2.97628e+06 2.72164e+06 2.22975e+06 2.0058e+07 526620 1.95314e+07 1.85466e+07 1.64932e+07 691062 2.05336e+06 1.84119e+06 1.75248e+06
internal_count=34643 7898 7780 7653 7315 26745 301 26444 25285 18886 384 6399 6360 6342
cat_boundaries=0 1
cat_threshold=2
is_linear=0
shrinkage=0.05


Tree=290
num_leaves=15
num_cat=0
split_feature=23 3 3 11 11 22 11 22 10 10 22 10 9 27
split_gain=936.441 2974.45 1372.23 1796.85 2166.06 1855.32 1539.92 1508.51 3796.68 2630.51 2595.56 2349.11 2562.49 2554.29
threshold=5.5553872495854106 15.470030417566621 14.712079425912988 -0.35317269885486707 -0.15773087572732788 17.808064097070986 0.34942036083676703 18.784044453584031 0.066837316019536366 -0.027150203300232347 19.612712971140649 0.014640914114211851 0.12238891660113292 8.5000000000000018
decision_type=8 2 2 2 2 2 2 2 2 2 2 2 2 2
left_child=2 -2 -1 -4 5 -5 7 9 10 -6 -9 -11 -13 -14
right_child=1 -3 3 4 6 -7 -8 8 -10 11 -12 12 13 -15
leaf_value=-0.00015491460115738963 0.00012425486881258152 -0.0010766952500087009 0.005501977215526024 0.00070266155871216685 -2.6791540794268804e-05 -0.00024638072766799637 -0.0013316262090523939 0.00037436013966112946 -5.9622682163319409e-05 0.00036576759608929416 0.00053232505604061469 -0.001514008585026699 1.6921747647795785e-05 0.00037259739640410909
leaf_weight=10472266.340183139 3251218.0918493271 914604.53759765625 331665.52197265625 440455.94506835938 2264407.9330444336 808848.33984375 558424.09466552734 508299.65515136719 516259.30346679688 592376.72766113281 502632.62890625 357541.25573730469 1156420.5068359375 700878.90209960938
leaf_count=23640 7691 264 150 214 873 238 250 111 109 184 123 86 436 249
internal_value=0.000149256 -0.000530325 0.000296624 0.000759243 0.000616828 -0.0013042 0.000952147 0.0011655 0.00254314 0.000750655 0.00432469 0.00177337 0.00102535 0.00177155
internal_weight=2.33763e+07 4.16582e+06 1.92105e+07 8.73821e+06 8.40655e+06 1.2493e+06 7.15724e+06 6.59882e+06 1.52719e+06 5.07163e+06 1.01093e+06 2.80722e+06 2.21484e+06 1.8573e+06
internal_count=34618 7955 26663 3023 2873 452 2421 2171 343 1828 234 955 771 685
is_linear=0
shrinkage=0.05


Tree=291
num_leaves=15
num_cat=0
split_feature=24 8 8 22 21 20 8 15 16 16 9 21 24 15
split_gain=1339.44 1987.8 1905.18 2331.71 4286.22 1880.68 2093.04 1678 1677.69 2381.87 1541.28 2611.83 1402.69 3116.49
threshold=2.5238496343422105 0.10396346776495162 0.13255708096274924 19.612712971140649 11.085195289202607 -0.0086401168306570481 0.24731574798531047 19.272704281253588 16.144681085850902 18.36763154562799 0.14407582608325048 10.638418371281032 2.4755880669540953 17.879079254012016
decision_type=10 2 2 2 10 10 2 2 2 2 2 10 10 2
left_child=1 10 7 12 5 -5 -7 -3 -2 -10 -1 -12 -4 -14
right_child=8 2 3 4 -6 6 -8 -9 9 -11 11 -13 13 -15
leaf_value=7.2866968642780545e-05 -5.46205994403908e-05 -0.00057073665927487825 -2.0710215068639402e-06 -0.00027064225241871817 0.0027994734365708236 0.0017437052145699479 9.4791794874926724e-05 0.00011691691129517722 -0.00055112843809316928 0.00026440045059639708 0.00055926639710433389 -0.0052085755624136695 -0.0001990064699194574 0.0056841386081144391
leaf_weight=657285.43771362305 6359816.1169196367 816765.8554019928 10935194.549675226 290637.94665527344 153693.16226196289 267406.99990844727 472205.95894432068 242957.70556640625 2121622.7226219177 279867.37609863281 190035.26403856277 165088.76814651489 283892.59939479828 182961.24046993256
leaf_count=217 13651 450 16953 225 62 112 453 64 1405 111 149 80 429 156
internal_value=2.47122e-05 0.000317053 0.000158455 0.000329887 0.00244186 0.00127989 0.00261904 -0.00187759 -0.000464389 -0.00159035 0.00245471 -0.000199413 0.000110588 0.00279459
internal_weight=2.34194e+07 1.46581e+07 1.36457e+07 1.2586e+07 1.18394e+06 1.03025e+06 739613 1.05972e+06 8.76131e+06 2.40149e+06 1.01241e+06 355124 1.1402e+07 466854
internal_count=34517 19350 18904 18390 852 790 565 514 15167 1516 446 229 17538 585
is_linear=0
shrinkage=0.05


Tree=292
num_leaves=15
num_cat=1
split_feature=15 15 24 9 11 9 22 27 15 16 5 28 0 4
split_gain=1320.96 1698.07 1377.28 1170.32 2666.97 1258.65 1071.36 1046.33 2402.45 2067.94 1816.76 1376.72 2456.86 2147.88
threshold=19.400405232517958 19.397684439101905 4.1215529140759157 0.099641508914028162 -0.006194589326005499 0.11263565210970426 18.234342963727155 10.500000000000002 19.375419251953549 18.650510177953056 17.131665029836004 0 16.84045422280521 15.404129925016466
decision_type=2 2 8 2 2 2 2 2 2 2 2 1 2 2
left_child=1 3 -2 4 -1 -5 -4 -7 9 10 11 13 -13 -9
right_child=2 -3 6 5 -6 7 -8 8 -10 -11 -12 12 -14 -15
leaf_value=-8.5310389050141381e-05 -0.0015574182429069904 0.00026535065511018753 -0.00091472961448127985 -0.00049341090259208225 0.00043246028402656942 -1.0203289554355164e-05 0.0032999537556833089 0.0010378714026472618 0.0067646138764133907 0.00072745880057045384 -3.0290634319737317e-05 -0.00011739919175935754 0.00051955330522808583 0.0010253172436829291
leaf_weight=215805.94291687012 469800.32389831543 86527.007320404053 487827.01444244385 355441.67002868652 228123.17126464844 18336103.382794499 99860.07559967041 477946.23743009567 69228.095245361328 95428.626708984375 143795.255859375 2097497.5402860641 63307.865234375 174320.54125976562
leaf_count=146 392 82 525 133 121 28079 71 1101 78 36 26 3576 14 53
internal_value=2.65525e-05 0.000108278 -0.00170022 8.11005e-05 0.0026226 2.93771e-05 -8.68812e-05 7.826e-05 0.000924481 0.00071558 0.000481778 0.000761989 0.000154255 0.00277522
internal_weight=2.3401e+07 2.23435e+07 1.05749e+06 2.2257e+07 443929 2.18131e+07 587687 2.14576e+07 3.12152e+06 3.0523e+06 2.95687e+06 2.81307e+06 2.16081e+06 652267
internal_count=34433 33445 988 33363 267 33096 596 32963 4884 4806 4770 4744 3590 1154
cat_boundaries=0 1
cat_threshold=164
is_linear=0
shrinkage=0.05


Tree=293
num_leaves=15
num_cat=0
split_feature=17 11 10 24 17 20 4 23 23 21 20 8 20 25
split_gain=1034.03 3978.47 1300.2 1255.04 1054.78 2783.19 2412.11 1695.84 2379.03 1013.16 786.659 2160.85 941.721 1365.89
threshold=0.44081722901546433 -0.022939798456089646 1.0000000180025095e-35 1.4547165740020251 0.22619975375775667 0.042076762466386801 17.458037941908348 2.7077828279574203 1.6180047367891852 10.597509584741148 -0.024876270524701944 0.089414884982887063 -0.05345532385139929 0.68301270189221941
decision_type=2 2 2 10 2 8 2 10 10 10 8 2 10 2
left_child=4 3 -3 -2 6 7 10 8 9 -6 11 -1 13 -13
right_child=1 2 -4 -5 5 -7 -8 -9 -10 -11 -12 12 -14 -15
leaf_value=0.00016884712194441517 0.00025230814263040626 2.7619689096257677e-05 -0.0030510226498180748 0.00029263892985482894 -4.4071614167417287e-05 0.00037883373469845612 2.8614565492285628e-05 -0.00022734103657807379 0.00012673834585672346 -0.0011691433341109066 -9.6239750223957147e-05 -0.0023604721462664241 0.00032261791944274577 0.0012192696848271902
leaf_weight=68485.876266479492 243291.72503662109 225360.19006347656 238566.71893310547 246506.36999511719 330283.02404785156 343871.69592285156 378093.9130859375 757915.47381591797 716028.52191162109 395447.02380371094 17466899.922817707 453622.58657550812 1374431.0294588804 127152.60553121567
leaf_count=42 97 100 112 106 128 176 55 263 159 90 30113 810 2108 200
internal_value=-2.40457e-06 0.00161 -0.00170818 0.00475292 -7.10186e-05 -0.0010297 5.17094e-05 -0.00168364 -0.000677063 -0.00269451 -2.50217e-05 0.000908204 0.00060242 -0.00108566
internal_weight=2.3366e+07 953725 463927 489798 2.24122e+07 2.54355e+06 1.98687e+07 2.19967e+06 1.44176e+06 725730 1.94906e+07 2.02369e+06 1.95521e+06 580775
internal_count=34559 415 212 203 34144 816 33328 640 377 218 33273 3160 3118 1010
is_linear=0
shrinkage=0.05


Tree=294
num_leaves=15
num_cat=1
split_feature=9 24 19 25 9 4 6 11 10 27 25 2 28 4
split_gain=2303.66 1959.96 1865.75 2133.15 1831.68 4171.41 2355.97 2280.52 2381.52 1814.43 4410.06 1715.74 1814.84 1565.46
threshold=0.27213890144042535 1.8519302615259103 -0.039197507078945044 -0.93301270189221919 0.17899252706628047 17.181523356598721 17.129815940530211 -0.022939798456089646 -0.11450405681473523 3.5000000000000004 0.25000000000000011 16.684754232979486 0 16.04903536344861
decision_type=2 8 2 2 2 2 2 2 2 2 2 2 1 2
left_child=1 2 -1 -4 6 7 9 8 -6 -5 11 12 -11 -9
right_child=-2 -3 3 4 5 -7 -8 13 -10 10 -12 -13 -14 -15
leaf_value=0.00062341401700392255 -8.1068951081918181e-05 3.6338098981111006e-06 0.00023379509543687045 -0.0012041734667841432 -0.00046977580211491092 0.00030873751811256631 -0.00055849164253487583 0.00020747120826749974 0.0027782474007355304 0.0024241193594011254 0.00034054247954054231 -0.0022242776652640897 -0.000387003239023447 -0.00071103791797632481
leaf_weight=317283.36473846436 15469002.9167068 3967684.1194534302 311846.42504882812 252431.06791687012 140870.03422546387 186179.39501953125 465482.47021484375 566601.26639938354 446140.51135253906 152348.2331237793 235900.43351745605 261558.76782226562 304753.84797668457 263229.56127929688
leaf_count=174 29665 2796 177 142 99 29 79 548 324 72 117 54 234 64
internal_value=0.000221334 0.000917634 0.00171292 0.00138787 0.00101166 0.00221938 -0.000145902 0.0012948 0.00367985 0.0010195 0.00201641 6.92901e-05 0.00191733 -0.000392355
internal_weight=2.33413e+07 7.87231e+06 3.90463e+06 3.58734e+06 3.2755e+06 1.60302e+06 1.67247e+06 1.41684e+06 587011 1.20699e+06 954561 718661 457102 829831
internal_count=34574 4909 2113 1939 1762 1064 698 1035 423 619 477 360 306 612
cat_boundaries=0 1
cat_threshold=288
is_linear=0
shrinkage=0.05


Tree=295
num_leaves=15
num_cat=1
split_feature=9 19 17 15 2 8 3 16 24 15 28 2 3 26
split_gain=1417.21 1567.66 3301.04 1809.75 1977.72 1105.01 2412.21 1151.41 1902.55 3015.78 1843.22 1739.49 1413.67 1778.15
threshold=0.14407582608325048 0.024761595864785001 0.13000427664369207 18.353848608161744 17.165595607188539 0.13255708096274924 16.153319173089113 18.284852716366021 1.7949352587435352 17.979750751109087 0 15.924256278800728 16.690778174436563 -0.5
decision_type=2 2 2 2 2 2 2 2 10 2 1 2 2 2
left_child=1 3 -3 -1 -5 6 -2 -7 10 11 -9 -10 13 -12
right_child=5 2 -4 4 -6 7 -8 8 9 -11 12 -13 -14 -15
leaf_value=-0.00038544782438689547 0.00045869933284622863 -4.4790365331358748e-05 0.00015159928100854283 0.00012472809415833865 -9.7108621628946634e-05 -2.2043923601269637e-06 -0.0020067597735664833 0.00010991761443749418 0.0024776385754449078 0.00082079059657345389 -0.0025623252595654324 -0.00097827911068954442 -0.00016864047018884162 0.00028756290985281125
leaf_weight=623096.9139175415 764581.96826910973 203664.14508056641 254358.72003173828 547819.51303100586 493073.65234375 18025676.764402628 612883.28540039062 338647.93524169922 188667.08297729492 228566.59204101562 207287.10820007324 186441.8642578125 302094.41455078125 305299.94142150879
leaf_count=490 956 143 84 184 79 31678 127 139 188 45 121 45 53 186
internal_value=0.000135423 0.00136728 0.0039576 0.000654278 0.00193006 1.18881e-05 -0.00135741 0.000107232 0.00132904 0.00360323 0.000138681 0.000844584 -0.00115005 0.000448892
internal_weight=2.32822e+07 2.12201e+06 458023 1.66399e+06 1.04089e+06 2.11601e+07 1.37747e+06 1.97827e+07 1.757e+06 603676 1.15333e+06 375109 814681 512587
internal_count=34518 980 227 753 263 33538 1083 32455 777 278 499 233 360 307
cat_boundaries=0 1
cat_threshold=528
is_linear=0
shrinkage=0.05


Tree=296
num_leaves=15
num_cat=0
split_feature=1 4 9 20 10 10 22 10 4 19 9 9 19 1
split_gain=2231.63 2973.26 2423.45 3195.79 2300.49 1961.92 2161.69 1733.74 964.005 930.353 757.668 1047 3582.1 1053.72
threshold=17.423965936235351 17.458037941908348 0.14407582608325048 0.025141444953454203 -0.059266550924993645 -0.0093581280678662494 18.66055157771083 0.070047103189919413 16.860170040119087 -0.018468429717034846 0.14967138442708725 0.18387354076970366 -0.040513359699795894 16.272388657055533
decision_type=2 2 2 10 2 2 2 2 2 2 2 2 2 2
left_child=1 2 3 4 -1 -6 7 9 10 -7 -4 12 -12 -14
right_child=-2 -3 8 -5 5 6 -8 -9 -10 -11 11 -13 13 -15
leaf_value=-0.00014474593691125406 -5.2173423343883065e-05 0.00017598297442414964 -0.0018710993000692758 0.00020158147180126499 0.00018820515427777688 -0.00086270672512213419 -0.0016723934054400603 0.00014320630896735929 -8.4670602706243489e-05 9.727979519039308e-05 0.0021515726298040796 -4.3480634201183029e-05 0.00046982547991049578 -0.00089845627907451367
leaf_weight=235075.59250640869 814376.873046875 224025.67724609375 203038.06651306152 436648.68145751953 318444.79690551758 193283.88130187988 205808.98480224609 181084.67984008789 948868.4287109375 180752.06050109863 122772.46447753906 18287434.098860145 724828.35059356689 263821.82006835938
leaf_count=132 119 38 119 158 157 86 139 85 196 157 97 32316 704 69
internal_value=1.9193e-06 9.48801e-05 3.73064e-05 0.00182287 0.000591757 0.00156793 0.00018891 0.00181159 -0.000114839 -0.000132664 -3.94946e-05 -7.69208e-06 0.00148233 0.000482029
internal_weight=2.33403e+07 2.25259e+07 2.23019e+07 1.7511e+06 1.31445e+06 1.07937e+06 760930 555121 2.05508e+07 374036 1.96019e+07 1.93989e+07 1.11142e+06 988650
internal_count=34572 34453 34415 914 756 624 467 328 33501 243 33305 33186 870 773
is_linear=0
shrinkage=0.05


Tree=297
num_leaves=15
num_cat=0
split_feature=16 2 7 3 10 21 26 2 1 19 9 21 10 3
split_gain=1126.43 1849.03 2821.68 1512.55 2068.79 1702.55 1370.46 1538.46 1209.35 1203.1 1143.93 1428.16 919.315 767.162
threshold=18.650510177953056 17.165595607188539 16.98736325551755 16.041732990297305 0.042949091005053355 10.628952567679544 0.25000000000000017 16.272388657055533 15.466919523786144 -0.0075834941803622994 0.46873389938566429 10.127007212523232 0.026820908930745551 14.668719113494934
decision_type=2 2 2 2 2 10 2 2 2 2 2 8 2 2
left_child=1 2 3 8 6 -6 7 -5 13 -8 11 -10 -3 -1
right_child=-2 12 -4 4 5 -7 9 -9 10 -11 -12 -13 -14 -15
leaf_value=-0.00024268968813307624 -0.00053147311060700497 2.8974443375873085e-05 -0.00048741951232688426 0.00093789126463354527 0.00042745281505766073 0.000160403360787343 2.099965978694861e-05 -1.8319756499688978e-05 0.00044378004410454544 -0.0023754496383946409 -0.0054924152523149472 -0.001314673565455716 3.5265985987372547e-05 0.00065399374887172132
leaf_weight=12955143.118233085 349911.7981262207 702811.671875 840744.35693359375 520102.50122070312 580452.41162109375 396171.53393554688 414167.00634765625 705108.13623046875 517451.84521484375 365750.8017578125 332474.86022949219 817690.65209960938 600592.67822265625 3331628.2260131836
leaf_count=30778 123 110 161 157 161 102 113 170 200 101 141 306 102 1857
internal_value=4.51067e-05 8.77935e-05 -2.16936e-05 9.23601e-05 0.00113522 0.00302234 0.000216074 0.00125899 -8.08316e-05 -0.0014223 -0.00136325 -0.000709762 0.00191707 5.04763e-05
internal_weight=2.34302e+07 2.30803e+07 2.17769e+07 2.09361e+07 2.98175e+06 976624 2.00513e+06 1.22521e+06 1.79544e+07 779918 1.66762e+06 1.33514e+06 1.3034e+06 1.62868e+07
internal_count=34582 34459 34247 34086 804 263 541 327 33282 214 647 506 212 32635
is_linear=0
shrinkage=0.05


Tree=298
num_leaves=15
num_cat=1
split_feature=8 10 15 23 21 1 7 24 21 28 9 10 4 9
split_gain=3170.21 2371.34 3537.85 5011.39 1363.24 2261.47 1297.11 1342.62 1267.65 1176.91 1377.44 1209.91 1065.57 3394.36
threshold=0.079084972427515068 -0.027150203300232347 19.272704281253588 1.7866793806953503 11.259500804045736 16.684754232979486 16.98736325551755 2.6237885083862906 11.104263422778596 0 0.26794302399607889 -0.28351368333915422 16.283999875186893 0.30728752298279599
decision_type=2 2 2 10 10 2 2 8 8 1 2 2 2 2
left_child=1 6 3 -3 8 9 7 -1 12 -6 -11 -12 -2 -14
right_child=4 2 -4 -5 5 -7 -8 -9 -10 10 11 -13 13 -15
leaf_value=0.0019190720516110166 -3.9703748429335612e-05 1.7142839823036834e-05 -7.0648667058228965e-06 0.0040388289047012093 -0.001594818843723817 9.7689794382911237e-05 -0.0025875435228408087 -0.0024136496684539262 -0.0036898348481105786 0.0040171498245176809 0.0011878209406427165 -0.0013786134287095495 4.4021626399392274e-05 -0.0010547328492550025
leaf_weight=39923.528693675995 17670338.059775472 153570.04089355469 225608.97894287109 127544.08032608032 150489.01873970032 134780.95849609375 104011.2607421875 40281.672762036324 552207.74295043945 84360.509826660156 74449.096455574036 303010.01420903206 3045442.1184082031 695351.62353515625
leaf_count=54 31346 83 58 185 368 21 19 165 753 64 164 417 645 169
internal_value=0.000205967 0.00354243 0.00530857 0.00905132 0.000104459 0.00220488 -0.00131569 0.00346217 3.30122e-05 0.000914235 0.00216555 0.000874659 9.40153e-05 0.00086064
internal_weight=2.34014e+07 690940 506723 281114 2.27104e+07 747090 184216 80205.2 2.19633e+07 612309 461820 377459 2.14111e+07 3.74079e+06
internal_count=34511 564 326 268 33947 1034 238 219 32913 1013 645 581 32160 814
cat_boundaries=0 1
cat_threshold=539
is_linear=0
shrinkage=0.05


Tree=299
num_leaves=15
num_cat=1
split_feature=27 3 0 28 0 22 9 18 0 15 24 8 24 21
split_gain=1003.24 2976.77 1342.78 997.668 1354.37 1184.11 1038.6 1381.23 984.991 946.133 1324.24 1245.24 1148.64 1793.61
threshold=10.500000000000002 17.006344156415725 17.419860989426706 0 15.255068443456883 17.312043008173376 0.32862901115479254 0.72105831032941603 14.307240154501027 19.356947056987359 2.4443359843414556 0.20964551492359293 0.88970295594175008 10.424475973262055
decision_type=2 2 2 1 2 2 2 8 2 2 8 2 8 10
left_child=2 3 9 4 -2 6 7 -5 -7 12 -11 -12 13 -1
right_child=1 -3 -4 5 -6 8 -8 -9 -10 10 11 -13 -14 -15
leaf_value=-0.0010816399088505165 0.00062228067424084784 0.00015222964783877236 -0.00020516976087677597 -0.00091215078710449402 0.00035017217821053546 -0.00020815279805233732 -0.00089788222123940832 0.0031221308654592237 -0.0029227667292233352 -0.0029159827418785201 0.00072778548171388818 -0.0018314552451191791 -7.5080786592245135e-05 0.00019324692337059976
leaf_weight=1312576.197198391 858990.70900845528 356707.38818359375 654158.00439453125 154804.21482849121 351463.55877685547 445128.7657365799 800173.22909116745 215102.35633087158 391911.04510498047 633191.51271820068 234961.37843322754 764466.72484588623 13307020.498708367 2812960.5854177475
leaf_count=2894 1896 62 95 208 118 1099 1629 139 180 531 112 938 21550 3069
internal_value=-4.03335e-05 0.000730402 -0.000180035 0.000249961 0.00138369 -0.000433772 0.000593399 0.00278435 -0.00186964 -0.000103608 -0.00125458 -0.000121129 4.18411e-06 0.000733107
internal_weight=2.32936e+07 3.57428e+06 1.97193e+07 3.21757e+06 1.21045e+06 2.00712e+06 1.17008e+06 369907 837040 1.90652e+07 1.63262e+06 999428 1.74326e+07 4.12554e+06
internal_count=34520 5331 29189 5269 2014 3255 1976 347 1279 29094 1581 1050 27513 5963
cat_boundaries=0 1
cat_threshold=612
is_linear=0
shrinkage=0.05


end of trees

feature_importances:
std12=311
lag11=208
yoy12=203
inflation=198
std6=193
share_hs12=189
mom3_12=178
lag5=174
uv12=172
thb_chg3=168
ctry_mean3=167
ccy_chg3=160
gdp_growth=160
lag0=152
hs_mean3=148
sin_m=147
mean12=140
pop_log=134
gdppc_log=128
hs4=127
lag2=125
lag1=121
share_ctry12=112
mean6=92
mean3=79
cos_m=62
origin_month=61
region=59
income=17
active12=15

parameters:
[boosting: gbdt]
[objective: quantile]
[metric: quantile]
[tree_learner: serial]
[device_type: cpu]
[data_sample_strategy: bagging]
[data: ]
[valid: ]
[num_iterations: 300]
[learning_rate: 0.05]
[num_leaves: 15]
[num_threads: 4]
[seed: 0]
[deterministic: 0]
[force_col_wise: 0]
[force_row_wise: 0]
[histogram_pool_size: -1]
[max_depth: -1]
[min_data_in_leaf: 100]
[min_sum_hessian_in_leaf: 0.001]
[bagging_fraction: 0.8]
[pos_bagging_fraction: 1]
[neg_bagging_fraction: 1]
[bagging_freq: 1]
[bagging_seed: 7719]
[bagging_by_query: 0]
[feature_fraction: 0.8]
[feature_fraction_bynode: 1]
[feature_fraction_seed: 2437]
[extra_trees: 0]
[extra_seed: 11797]
[early_stopping_round: 0]
[early_stopping_min_delta: 0]
[first_metric_only: 0]
[max_delta_step: 0]
[lambda_l1: 0]
[lambda_l2: 0]
[linear_lambda: 0]
[min_gain_to_split: 0]
[drop_rate: 0.1]
[max_drop: 50]
[skip_drop: 0.5]
[xgboost_dart_mode: 0]
[uniform_drop: 0]
[drop_seed: 21238]
[top_rate: 0.2]
[other_rate: 0.1]
[min_data_per_group: 100]
[max_cat_threshold: 32]
[cat_l2: 10]
[cat_smooth: 10]
[max_cat_to_onehot: 4]
[top_k: 20]
[monotone_constraints: ]
[monotone_constraints_method: basic]
[monotone_penalty: 0]
[feature_contri: ]
[forcedsplits_filename: ]
[refit_decay_rate: 0.9]
[cegb_tradeoff: 1]
[cegb_penalty_split: 0]
[cegb_penalty_feature_lazy: ]
[cegb_penalty_feature_coupled: ]
[path_smooth: 0]
[interaction_constraints: ]
[verbosity: -1]
[saved_feature_importance_type: 0]
[use_quantized_grad: 0]
[num_grad_quant_bins: 4]
[quant_train_renew_leaf: 0]
[stochastic_rounding: 1]
[linear_tree: 0]
[max_bin: 255]
[max_bin_by_feature: ]
[min_data_in_bin: 3]
[bin_construct_sample_cnt: 200000]
[data_random_seed: 38]
[is_enable_sparse: 1]
[enable_bundle: 1]
[use_missing: 1]
[zero_as_missing: 0]
[feature_pre_filter: 1]
[pre_partition: 0]
[two_round: 0]
[header: 0]
[label_column: ]
[weight_column: ]
[group_column: ]
[ignore_column: ]
[categorical_feature: 28,29,30]
[forcedbins_filename: ]
[precise_float_parser: 0]
[parser_config_file: ]
[objective_seed: 8855]
[num_class: 1]
[is_unbalance: 0]
[scale_pos_weight: 1]
[sigmoid: 1]
[boost_from_average: 1]
[reg_sqrt: 0]
[alpha: 0.9]
[fair_c: 1]
[poisson_max_delta_step: 0.7]
[tweedie_variance_power: 1.5]
[lambdarank_truncation_level: 30]
[lambdarank_norm: 1]
[label_gain: ]
[lambdarank_position_bias_regularization: 0]
[eval_at: ]
[multi_error_top_k: 1]
[auc_mu_weights: ]
[num_machines: 1]
[local_listen_port: 12400]
[time_out: 120]
[machine_list_filename: ]
[machines: ]
[gpu_platform_id: -1]
[gpu_device_id: -1]
[gpu_device_id_list: ]
[gpu_use_dp: 0]
[num_gpu: 1]

end of parameters

pandas_categorical:[["0301", "0302", "0303", "0304", "0305", "0306", "0307", "0308", "1604", "1605"], ["East Asia & Pacific", "Europe & Central Asia", "Latin America & Caribbean ", "Middle East, North Africa, Afghanistan & Pakistan", "North America", "South Asia", "Sub-Saharan Africa "], ["High income", "Low income", "Lower middle income", "Upper middle income"]]
