tree
version=v4
num_class=1
num_tree_per_iteration=1
label_index=0
max_feature_idx=30
objective=regression_l1
feature_names=lag0 lag1 lag2 lag5 lag11 mean3 mean6 mean12 std6 std12 mom3_12 yoy12 active12 since_last uv12 hs_mean3 ctry_mean3 share_hs12 share_ctry12 thb_chg3 ccy_chg3 gdppc_log pop_log gdp_growth inflation sin_m cos_m origin_month hs4 region income
feature_infos=[0:18.205255335410698] [0:18.205255335410698] [0:18.205255335410698] [0:18.205255335410698] [0:18.205255335410698] [0:18.157048131452463] [0:18.124264077093692] [0:18.035115378112071] [0:7.5608558192104249] [0:7.3277870058189585] [-13.843435827688648:1.3862609760987381] [-16.608309852465645:15.089828325648837] [0:12] [0:83] [-2.600506288365116:7.1655352645109822] [12.740363635469087:19.486066681140084] [0:18.809523438786815] [0:0.82993581876002709] [0:1.0000000000000002] [-0.13109644777546911:0.073659523213825295] [-0.17392252264560989:0.46498583640067781] [5.974823611473119:11.636223317283363] [10.566871159890386:21.086567492848818] [-32.9088287752921:63.334634365485499] [-3.7491452479962901:221.34164402336501] [-1:1] [-1:1] [1:12] -1:8:0:5:6:9:2:3:4:1:7 -1:0:1:3:2:5:4:6 -1:0:3:2:1
tree_sizes=1795 1837 1855 1851 1822 1835 1831 1818 1814 1859 1823 1843 1839 1839 1832 1840 1812 1825 1848 1816 1805 1815 1832 1831 1819 1853 1825 1839 1848 1832 1801 1809 1835 1814 1796 1840 1833 1833 1833 1791 1857 1829 1800 1823 1848 1853 1839 1818 1831 1841 1834 1822 1835 1816 1835 1822 1825 1842 1796 1833 1826 1789 1832 1836 1808 1798 1797 1808 1836 1801 1835 1815 1852 1801 1826 1833 1834 1843 1826 1807 1832 1818 1829 1818 1844 1836 1794 1822 1807 1811 1819 1833 1795 1841 1840 1809 1809 1802 1816 1792 1823 1826 1821 1820 1831 1815 1809 1831 1847 1775 1848 1806 1820 1813 1797 1807 1824 1813 1807 1842 1837 1815 1804 1802 1813 1832 1779 1824 1811 1781 1840 1837 1838 1799 1821 1822 1812 1827 1815 1811 1831 1787 1800 1817 1818 1830 1817 1809 1819 1814 1824 1820 1791 1837 1824 1808 1800 1819 1828 1766 1819 1803 1795 1833 1802 1834 1818 1810 1820 1801 1799 1829 1785 1807 1825 1765 1788 1853 1827 1844 1826 1814 1800 1825 1807 1799 1783 1800 1806 1799 1801 1834 1821 1826 1806 1842 1820 1805 1850 1811 1800 1815 1828 1859 1832 1825 1828 1798 1819 1812 1818 1838 1840 1854 1811 1810 1841 1850 1822 1817 1872 1843 1810 1794 1821 1799 1859 1805 1825 1818 1789 1860 1814 1829 1819 1806 1840 1791 1849 1819 1784 1831 1822 1822 1814 1820 1797 1820 1821 1809 1811 1808 1835 1823 1834 1837 1837 1815 1792 1793 1811 1819 1823 1797 1826 1820 1824 1827 1793 1804 1819 1837 1836 1834 1804 1822 1813 1787 1826 1827 1847 1798 1836 1852 1825 1819 1800 1809 1805 1805 1791 1790 1816 1835 1810 1837 1794 1820 1768 1806

Tree=0
num_leaves=15
num_cat=0
split_feature=9 25 14 4 10 4 26 10 18 9 14 22 23 21
split_gain=254775 150745 155592 115095 83177.2 80020.4 64595.2 64384 51942.5 49259.5 47159.3 41677.8 37329.1 34392.6
threshold=0.34613507659866899 0.25000000000000011 2.3208692223973153 16.554399131064109 -0.41410043547065806 17.181523356598721 -0.24999999999999997 0.11006254139884762 0.33359816648213325 0.14407582608325048 1.5744415257333089 21.036281688279555 1.6180047367891852 10.767242519106899
decision_type=2 2 10 2 2 2 2 2 10 2 10 2 10 10
left_child=1 2 7 11 13 6 -4 9 -5 10 -1 -3 -11 -2
right_child=4 3 5 8 -6 -7 -8 -9 -10 12 -12 -13 -14 -15
leaf_value=-0.05760264413779919 -0.079313690452174151 -0.060568959850090913 -0.068921278493556629 -0.056262396534696876 -0.065294879741477227 -0.077959454359920646 -0.062248913403066 -0.057212686688858094 -0.059069302732150816 -0.066519523140178782 -0.062464946705033053 -0.04915353053218368 -0.062409465965081505 -0.064253019645227311
leaf_weight=344565.95890808105 2170247.3600236177 3058867.4244880676 497242.25270462036 660429.24536132812 9898585.9625104666 258300.33984375 628594.20444297791 1111823.2943878174 745082.94677734375 725066.80616760254 555559.72406005859 112467.40887451172 2144751.97996521 486134.22740983963
leaf_count=196 5560 2939 603 131 20153 46 756 719 137 520 153 82 1486 1195
internal_value=-0.0631127 -0.0574984 -0.062537 -0.0506003 -0.0679614 -0.0773339 -0.0715755 -0.0583416 -0.0386901 -0.0614599 -0.0512547 -0.0558788 -0.0646608 -0.0758175
internal_weight=2.33977e+07 1.08428e+07 6.2659e+06 4.57685e+06 1.2555e+07 1.38414e+06 1.12584e+06 4.88177e+06 1.40551e+06 3.76994e+06 900126 3.17133e+06 2.86982e+06 2.65638e+06
internal_count=34676 7768 4479 3289 26908 1405 1359 3074 268 2355 349 3021 2006 6755
is_linear=0
shrinkage=1


Tree=1
num_leaves=15
num_cat=0
split_feature=9 25 4 21 10 22 18 11 10 18 26 26 8 11
split_gain=239846 163776 128954 86902.3 96223.8 72798 77132.7 72587.5 60238.9 59359.3 53380.8 52608.1 56743.9 47073.9
threshold=0.14407582608325048 0.25000000000000011 16.554399131064109 10.583531120727168 -0.42406669668989039 16.089372560372563 0.045835964925845907 0.12804778057018137 -0.34247253512690973 0.40752003801242304 0.6830127018922193 -0.24999999999999997 0.39889637350529655 0.11979208635499011
decision_type=2 2 2 8 2 2 10 2 2 10 2 2 2 2
left_child=7 3 8 4 -2 13 -7 -1 -3 10 -8 -6 -13 -5
right_child=1 2 -4 5 11 6 9 -9 -10 -11 -12 12 -14 -15
leaf_value=0.0041457266170547664 -0.01730749895116853 -0.0061532158287625561 0.0052534472580584293 0.002201924821329642 -0.0024154876436599687 5.8866833150547659e-05 -0.010988249213671832 -0.0020433734853904893 0.0022857078290060917 -0.0016948098914499059 -0.004512482201843822 0.0043923279948263338 -0.0031714856721061849 -0.0084017908835105105
leaf_weight=1860068.6868438721 1009208.6023467779 1599481.9448950291 987945.85400390625 1042711.054186821 2745814.3550949097 697124.46278190613 1304177.5674285889 352393.37421417236 6455185.8263001442 833196.03332519531 466864.73488616943 2065405.9125061035 1540609.3876905441 449148.5760281086
leaf_count=844 2741 3556 199 1859 4580 1806 792 149 10424 436 288 2180 3843 929
internal_value=0.000188662 -0.00144643 0.00364895 -0.00523733 -0.00182567 -0.0104767 -0.0146189 0.015854 0.0015578 -0.0185731 -0.0237507 0.000453004 0.00442372 -0.00131028
internal_weight=2.34093e+07 2.11969e+07 9.04261e+06 1.21543e+07 7.36104e+06 4.79322e+06 3.30136e+06 2.21246e+06 8.05467e+06 2.60424e+06 1.77104e+06 6.35183e+06 3.60602e+06 1.49186e+06
internal_count=34626 33633 14179 19454 13344 6110 3322 993 13980 1516 1080 10603 6023 2788
is_linear=0
shrinkage=0.05


Tree=2
num_leaves=15
num_cat=1
split_feature=25 4 28 10 21 24 25 26 17 0 26 0 14 8
split_gain=174905 263812 135491 115393 109334 55805.7 53636.3 69393.2 62884.9 46455.2 41485.9 46877.9 39680.5 33460.1
threshold=-0.24999999999999997 16.554399131064109 0 -0.34247253512690973 10.583531120727168 0.18163509864909802 -0.93301270189221919 0.6830127018922193 0.038458530883509361 13.357895733545574 -0.24999999999999997 14.274425384624829 2.3390992561901038 0.50612436027803032
decision_type=2 2 1 2 10 8 2 2 2 2 2 2 10 2
left_child=2 3 4 -2 10 -5 8 -8 -4 -7 -1 -12 -6 -9
right_child=1 -3 6 5 12 9 7 13 -10 -11 11 -13 -14 -15
leaf_value=-0.0066425943806758163 -0.0073119857253646954 0.0045776167873518171 -1.3022183569361424e-05 -0.0026246568403720436 -0.0075404118616596467 -0.00033376305750620981 -0.0034918215504630423 0.0046990962077844501 0.007184319414345281 0.0032374733434365577 -0.0071457936742380622 0.0060140645775640187 -0.012585138157922837 -0.0054864717937127836
leaf_weight=495268.46373617649 2050562.4822376966 2123912.8527832031 913704.09213209152 912976.93744945526 596231.2501001358 2930564.6198242903 4192975.4436452389 914065.69762086868 493836.40521240234 5646912.552734375 398926.48029696941 376191.37469482422 991346.36889743805 379578.41788315773
leaf_count=1040 4725 414 1830 1475 850 9827 6254 921 255 3666 1348 152 795 985
internal_value=0.000453266 0.00410375 -0.00466189 0.00112345 -0.0138154 0.00344742 -0.000867301 -0.00310106 0.00783994 0.0046983 -0.00288296 0.00433957 -0.0225637 0.00702242
internal_weight=2.34171e+07 1.36649e+07 9.75212e+06 1.1541e+07 2.85796e+06 9.49045e+06 6.89416e+06 5.48662e+06 1.40754e+06 8.57748e+06 1.27039e+06 775118 1.58758e+06 1.29364e+06
internal_count=34537 20107 14430 19693 4185 14968 10245 8160 2085 13493 2540 1500 1645 1906
cat_boundaries=0 1
cat_threshold=688
is_linear=0
shrinkage=0.05


Tree=3
num_leaves=15
num_cat=1
split_feature=10 25 4 14 21 3 26 29 24 10 19 18 11 8
split_gain=156273 138340 186933 114601 74617.6 64402.2 54077.6 47683.5 41460.2 40680.9 38193.5 38680.8 50682.2 38084.9
threshold=-0.43396823784931277 0.25000000000000011 16.554399131064109 2.3208692223973153 10.583531120727168 17.006344156415725 0.25000000000000017 0 5.2464385899001664 -0.21327881188719727 -0.025572442508694396 0.22107087948092077 0.068390123543403861 0.18190792179624982
decision_type=2 2 2 10 10 2 2 1 10 2 2 8 2 2
left_child=5 3 8 7 -5 -1 -4 9 -3 13 -11 -12 -13 -2
right_child=1 2 6 4 -6 -7 -8 -9 -10 10 11 12 -14 -15
leaf_value=-0.013422293920798925 -0.0096578758362833514 0.00091620811802295985 0.0064048711243622691 0.00031197251589259355 -0.0068642184699697142 0.0042202253228302037 0.0033954541688806803 -0.0051613086398727727 0.0068518717768673498 -0.0018134405590148801 -0.00016135745100267059 0.0048543373944675743 0.0010273985338376714 -0.0031776045913011232
leaf_weight=2527171.9153225422 101620.76887512207 6004910.3399641514 861757.880859375 787060.1181178093 1591003.9371414185 73856.0263671875 616596.00146484375 1974847.1336174011 1158805.8972923756 1169873.1442779303 1941519.2434790134 2067774.3418960571 1644157.0294494629 728362.07909488678
leaf_count=6544 69 9147 167 2904 1887 14 120 3365 2184 1179 3254 1462 1186 1014
internal_value=0.000140109 0.00159502 0.0064189 -0.00187721 -0.0117065 -0.0114097 0.0226065 0.000550528 0.00307831 0.00233794 0.00360933 0.00531101 0.00830212 -0.00811417
internal_weight=2.32493e+07 2.06483e+07 8.64207e+06 1.20062e+07 2.37806e+06 2.60103e+06 1.47835e+06 9.62815e+06 7.16372e+06 7.65331e+06 6.82332e+06 5.65345e+06 3.71193e+06 829983
internal_count=34496 27938 11618 16320 4791 6558 287 11529 11331 8164 7081 5902 2648 1083
cat_boundaries=0 1
cat_threshold=29
is_linear=0
shrinkage=0.05


Tree=4
num_leaves=15
num_cat=2
split_feature=9 9 24 14 16 22 25 28 5 25 28 22 18 3
split_gain=204510 116445 78939.5 58222.1 72519.5 47074.9 111001 48819.5 46887.6 44188.2 63535.7 52693 41086.7 39692.6
threshold=0.33907209454201565 0.12238891660113292 -0.18930193706925849 2.3753785055257124 18.435443290659602 18.66055157771083 -0.24999999999999997 0 17.382494435338344 -0.24999999999999997 1 21.031814324763207 0.17109761809175791 17.171183635107628
decision_type=2 2 8 10 2 2 2 1 2 2 1 2 10 2
left_child=1 8 -3 5 13 12 -7 -8 -1 10 11 -2 -4 -5
right_child=9 2 3 4 -6 6 7 -9 -10 -11 -12 -13 -14 -15
leaf_value=0.0027945392751324645 -0.01496000932123049 -0.0037109802664679818 -0.00093519929220988438 -0.00080797189733828971 -0.010057898774907384 -0.0001974538956841384 0.010595169020053795 0.003839603211635235 0.011228364272622729 -0.0013150787467585009 -0.004375650695546426 0.0029580117839552462 0.0024157445140663568 0.0074814445438979738
leaf_weight=964386.93106079102 1118791.1478196383 491582.14660263062 1482013.2891159058 946864.36673355103 233381.77026367188 857718.78619384766 496337.28173828125 710617.20119476318 240981.35400390625 7397292.1015530825 4149375.6473145485 75334.621643066406 4137138.8648376465 93000.63330078125
leaf_count=546 2444 426 1697 1668 71 317 110 359 36 15709 8815 47 2278 16
internal_value=0.000317575 0.00542978 0.00356276 0.00463341 -0.00526951 0.00627437 0.0127307 0.0225039 0.020065 -0.00395732 -0.00742188 -0.0175851 0.00390209 0.000383584
internal_weight=2.33948e+07 1.0654e+07 9.44865e+06 8.95707e+06 1.27325e+06 7.68383e+06 2.06467e+06 1.20695e+06 1.20537e+06 1.27408e+07 5.3435e+06 1.19413e+06 5.61915e+06 1.03987e+06
internal_count=34539 7524 6942 6516 1755 4761 786 469 582 27015 11306 2491 3975 1684
cat_boundaries=0 1 2
cat_threshold=544 544
is_linear=0
shrinkage=0.05


Tree=5
num_leaves=15
num_cat=1
split_feature=10 25 4 28 21 26 3 25 22 26 26 21 24 17
split_gain=132545 117350 138748 103660 96125.7 65089.1 55688.8 54394.8 53256.2 42120.1 40731.7 37805.1 36851 36654
threshold=-0.43396823784931277 -0.24999999999999997 16.554399131064109 0 10.66818635281496 -0.24999999999999997 17.006344156415725 -0.93301270189221919 21.036281688279555 0.6830127018922193 0.6830127018922193 10.076053570289632 2.6761558945178754 0.061807040985669207
decision_type=2 2 2 1 10 2 2 2 2 2 2 10 10 2
left_child=6 3 8 4 5 11 -1 13 12 -9 -4 -2 -3 -5
right_child=1 2 10 7 -6 -7 -8 9 -10 -11 -12 -13 -14 -15
leaf_value=-0.012577053306205314 -0.00065272363450018115 -0.00050401512885209037 0.0041330882013587058 0.0026815808598089179 -0.012821151939961689 0.0018759200112073724 0.0054432471772733653 -0.0020175399539290816 0.011770948071999413 0.0024998241001340134 0.002092778931283075 -0.0064105536423451201 0.0028668625041678229 0.0054764282445986419
leaf_weight=2522876.3533657789 263512.67907691002 5750233.4016113281 1473955.2309570312 900764.04805397987 1118172.6252717972 919407.26531469822 69505.71923828125 3746098.1870037317 434983.78080749512 1143485.2091662884 529015.4091796875 359981.70319461823 3731770.8541969061 370345.33081054688
leaf_count=6576 560 8736 286 1550 1155 1309 13 5156 422 1603 101 359 6577 168
internal_value=0.000158071 0.00149031 0.00472572 -0.00288137 -0.0111281 -0.00303819 -0.0105012 0.000680782 0.00230138 -0.00171468 0.016729 -0.015509 0.00151659 0.00989542
internal_weight=2.33341e+07 2.07417e+07 1.192e+07 8.82177e+06 2.66107e+06 1.5429e+06 2.59238e+06 6.16069e+06 9.91699e+06 4.88958e+06 2.00297e+06 623494 9.482e+06 1.27111e+06
internal_count=34571 27982 16122 11860 3383 2228 6589 8477 15735 6759 387 919 15313 1718
cat_boundaries=0 1
cat_threshold=688
is_linear=0
shrinkage=0.05


Tree=6
num_leaves=15
num_cat=2
split_feature=9 24 25 24 28 26 1 25 28 4 24 21 15 10
split_gain=157994 67573.8 71946.9 114216 78113 76434.5 66325.3 55888.6 76965.8 54822.2 49498.7 49257.9 45476.7 42430.5
threshold=0.31072499967316097 -0.18930193706925849 0.25000000000000011 0.86965070831088365 0 0.25000000000000017 16.684754232979486 -0.24999999999999997 1 17.181523356598721 1.4770627534572751 10.500110902490539 17.266549879097024 0.020774445777007603
decision_type=2 8 2 8 1 2 2 2 1 2 8 10 2 2
left_child=1 -1 4 12 -3 6 -5 8 11 13 -7 -2 -4 -9
right_child=7 2 3 5 -6 10 -8 9 -10 -11 -12 -13 -14 -15
leaf_value=-0.0029320502406942725 -0.0084381965335770543 -0.0023599155138259312 0.0028348586820175973 0.0027229263109865122 0.0015469801434526041 -0.0050157619933417115 0.0055261627201119781 -0.0031297229787716494 -0.0035271422745099808 0.0047872379870051432 0.00053789807044245057 -0.014435218314787925 0.0074518047254103839 0.0025726468804865973
leaf_weight=447056.84143066406 474915.09953916073 1322437.8934173584 268182.52771759033 1312832.6979751587 3859428.5356731415 256551.18098449707 458419.24438476562 4844312.7946394682 4465026.3541166782 52956.52880859375 924625.66762161255 823628.86492156982 552444.70618057251 3225234.1220558882
leaf_count=373 1474 729 238 1163 2765 154 82 9339 9138 9 718 1131 195 7085
internal_value=9.71699e-06 0.00501471 0.00596182 0.011214 0.00213754 0.00662763 0.0131973 -0.00337906 -0.00714472 -0.000707022 -0.00322399 -0.0178588 0.0277148 -0.00103979
internal_weight=2.32881e+07 9.40198e+06 8.95492e+06 3.77306e+06 5.18187e+06 2.95243e+06 1.77125e+06 1.38861e+07 5.76357e+06 8.1225e+06 1.18118e+06 1.29854e+06 820627 8.06955e+06
internal_count=34593 6417 6044 2550 3494 2117 1245 28176 11743 16433 872 2605 433 16424
cat_boundaries=0 1 2
cat_threshold=540 544
is_linear=0
shrinkage=0.05


Tree=7
num_leaves=15
num_cat=2
split_feature=9 9 10 24 25 24 26 26 22 28 1 25 29 3
split_gain=141596 71779.9 63992.1 52979.8 47978.2 77608.3 74366.9 65323.3 62138.3 59915.3 46743.5 41857.8 68725.5 50606.6
threshold=0.31072499967316097 0.099641508914028162 -0.47869463615996372 -0.18930193706925849 0.25000000000000011 0.86965070831088365 -0.24999999999999997 0.25000000000000017 18.66055157771083 0 17.156634566241113 0.25000000000000011 1 16.690778174436563
decision_type=2 2 2 8 2 8 2 2 2 1 2 2 1 2
left_child=1 10 -2 -3 6 -6 9 8 -7 -5 -1 -4 -13 -14
right_child=2 3 11 4 5 7 -8 -9 -10 -11 -12 12 13 -15
leaf_value=0.0023694205977766824 -0.012391322093214295 -0.0036358463530493917 -0.0037953060623216895 -0.0044409823307128117 0.0053204920211441433 0.0014749300131234196 0.0020928940511688384 -0.0013347922911474061 0.0071920566541924802 -0.00055836543575477722 0.010668687793445802 0.0080230348203672915 0.00049008813925417651 -0.0086082052297182087
leaf_weight=290665.13999938965 2201088.6404229403 430681.17012023926 6915879.4363592863 367053.69804382324 760150.64440536499 1238141.7835083008 2785623.0801506042 1178613.3974761963 435713.05546569824 1817309.3520584106 175365 331897.51983642578 4452776.7316861153 62131.20703125
leaf_count=245 5991 358 12967 148 420 1007 1855 843 189 1323 28 248 8998 14
internal_value=-0.000183958 0.00453234 -0.00338562 0.003543 0.00440172 0.00878651 0.00121447 0.00500337 0.0113526 -0.00569239 0.0236669 -0.00192143 0.00164144 2.71384e-05
internal_weight=2.34431e+07 9.47932e+06 1.39638e+07 9.01329e+06 8.58261e+06 3.61262e+06 4.96999e+06 2.85247e+06 1.67385e+06 2.18436e+06 466030 1.17627e+07 4.84681e+06 4.51491e+06
internal_count=34634 6416 28218 6143 5785 2459 3326 2039 1196 1471 273 22227 9260 9012
cat_boundaries=0 1 2
cat_threshold=512 16
is_linear=0
shrinkage=0.05


Tree=8
num_leaves=15
num_cat=0
split_feature=9 25 14 4 26 10 4 26 10 23 26 23 21 4
split_gain=148954 74981.5 74505.2 73506.7 63028 58718.9 52714.8 49642.3 44201.6 43320.2 68852.7 54236.9 54450.7 40293.3
threshold=0.36026868242151089 0.25000000000000011 2.3208692223973153 16.554399131064109 0.25000000000000017 -0.33503486615952743 17.458037941908348 -0.24999999999999997 0.11006254139884762 1.6675682832131702 0.6830127018922193 2.6039781056343654 10.887190336892145 15.157226915591695
decision_type=2 2 10 2 2 2 2 2 2 10 2 10 10 2
left_child=1 2 8 -3 -5 -2 7 -4 9 10 -1 12 -11 -13
right_child=5 3 6 4 -6 -7 -8 -9 -10 11 -12 13 -14 -15
leaf_value=-0.002921132306520067 -0.0090249237037905976 0.0020434504236504789 -0.0041569903251880867 0.0049781904194818542 0.002168516599432093 -0.0014985953973143703 -0.015192345151277207 0.00032723848069983295 0.0050319163695068132 0.0003965902447278923 0.004473818821026973 0.0024723647774236605 0.0063590771925669219 -0.0020301748570456511
leaf_weight=870883.03958129883 3241687.1329040527 3362065.8023262024 602758.97967910767 896609.57446289062 613591.84790039062 8758797.6311658621 181328.294921875 778725.98579216003 1246130.1517105103 461444.90553283691 315929.60188293457 1096622.4545059204 430290.42700195312 878489.38024902344
leaf_count=517 7847 3242 659 170 119 18519 30 819 806 238 191 1177 146 263
internal_value=0.000202946 0.00420846 0.000840791 0.00895183 0.0181152 -0.00371391 -0.0087531 -0.00542618 0.00366986 0.00113813 -0.00689534 0.00446381 0.0146989 -0.00015721
internal_weight=2.37354e+07 1.17349e+07 6.8626e+06 4.87227e+06 1.5102e+06 1.20005e+07 1.56281e+06 1.38148e+06 5.29979e+06 4.05366e+06 1.18681e+06 2.86685e+06 891735 1.97511e+06
internal_count=34743 8377 4846 3531 289 26366 1508 1478 3338 2532 708 1824 384 1440
is_linear=0
shrinkage=0.05


Tree=9
num_leaves=15
num_cat=1
split_feature=10 8 7 9 24 17 11 19 25 28 21 27 17 16
split_gain=118138 83578.2 94400.5 78611.5 63199.8 62896.1 47623.3 54546.2 47187.2 71802.4 59365.5 34852 32168.8 31928.4
threshold=-0.22393485061297361 0.15992055085477316 16.610313958149195 0.14407582608325048 0.18163509864909802 0.036387299225014755 0.13567473040218478 0.027603022798991603 -0.24999999999999997 0 10.657170068442776 8.5000000000000018 0.049853867182557653 17.023691353714977
decision_type=2 2 2 2 8 2 2 2 2 1 10 2 2 2
left_child=1 -1 -3 6 5 -5 7 -2 9 10 11 -6 -11 -10
right_child=3 2 -4 4 8 -7 -8 -9 13 12 -12 -13 -14 -15
leaf_value=-0.010444133336836857 0.0036129259803230314 -0.0054914575889129106 0.0047050123691165617 -0.00031739870116253389 -0.0041361374797631613 -0.0067023092153852193 -0.0025104488183681187 -0.00074100624174059087 0.0017073363741643523 -0.00028412277764076703 -0.0095246733626208283 0.0012392693497145512 0.0028601376712580097 0.0041495007205167968
leaf_weight=198562.90372395515 1563330.2221984863 4723787.4309996367 349498.75561523438 884455.40633583069 394324.9961950779 579061.84173583984 265950.57147979736 391733.90878295898 6490669.1801335812 3230853.8283343315 882462.64328193665 643294.20047020912 1168651.2347717285 1606841.6909866333
leaf_count=279 675 9958 68 1969 624 261 127 169 11133 5708 865 941 783 916
internal_value=3.13101e-05 -0.00655558 -0.0053101 0.00194965 0.000717409 -0.00918257 0.0107604 0.0134608 0.00172238 -0.0015156 -0.00958304 -0.00147522 0.0020053 0.00424942
internal_weight=2.33735e+07 5.27185e+06 5.07329e+06 1.81016e+07 1.58806e+07 1.46352e+06 2.22101e+06 1.95506e+06 1.44171e+07 6.31959e+06 1.92008e+06 1.03762e+06 4.39951e+06 8.09751e+06
internal_count=34476 10305 10026 24171 23200 2230 971 844 20970 8921 2430 1565 6491 12049
cat_boundaries=0 1
cat_threshold=552
is_linear=0
shrinkage=0.05


Tree=10
num_leaves=15
num_cat=2
split_feature=10 25 22 1 14 25 29 5 20 28 15 5 8 20
split_gain=106512 66781.6 87047.5 66820.7 50110.6 47608.1 64022.1 39172.1 37966.2 37146.9 40013 38414.5 38214.3 43584.6
threshold=-0.079693183657009337 0.25000000000000011 18.647042967283316 15.92279794700919 2.3474724148787502 0.68301270189221941 0 17.382494435338344 -0.063597480440391138 1 19.327865131340943 14.170859559025066 0.16368538215422643 -0.010110481714401749
decision_type=2 2 2 2 10 2 1 2 8 1 2 2 2 10
left_child=5 4 -3 -4 -2 9 -7 -6 -8 10 11 -1 -13 -14
right_child=1 2 3 -5 7 6 8 -9 -10 -11 -12 12 13 -15
leaf_value=-0.0043218785158830276 0.00078305975198606588 0.0020166236162621073 0.0035504574318994467 0.0066755837636515011 -0.0023511124646234489 0.005618128272499778 0.007962722137490651 -0.01375719161891195 -0.0016731434901937658 -0.0074626060570838889 -0.0070444164061738077 -0.0019227874410425933 0.000975842780333619 0.0061110419812920383
leaf_weight=1631301.9191194773 7340742.3152396679 4053553.5733377934 585416.71019387245 766169.703125 1435985.2224912643 481273.05282592773 72946.031960010529 79182.9072265625 2380348.21397686 2456374.619631052 790787.49742507935 242578.29211425781 607150.00415039062 343583.80847167969
leaf_count=4507 8590 6842 995 155 3229 180 66 13 3881 4649 948 78 274 158
internal_value=0.000203727 0.00289213 0.00727175 0.0182603 0.000219068 -0.00405322 0.00117583 -0.00805955 -0.00209522 -0.00658048 -0.00335684 -0.000573659 0.00624389 0.0107635
internal_weight=2.32674e+07 1.42611e+07 5.40514e+06 1.35159e+06 8.85591e+06 9.00634e+06 2.93457e+06 1.51517e+06 2.45329e+06 6.07178e+06 3.6154e+06 2.82461e+06 1.19331e+06 950734
internal_count=34565 19824 7992 1150 11832 14741 4127 3242 3947 10614 5965 5017 510 432
cat_boundaries=0 1 2
cat_threshold=16 323
is_linear=0
shrinkage=0.05


Tree=11
num_leaves=15
num_cat=1
split_feature=9 14 22 25 17 10 3 10 28 10 26 21 17 11
split_gain=112734 60940.9 72095.5 80620.8 59888.5 55656.5 46269.6 44483.5 41306.2 64218 38372.6 36987.5 34600.4 30673.2
threshold=0.36026868242151089 2.3753785055257124 18.66055157771083 -0.24999999999999997 0.35588037541285428 0.11737189786700061 16.850451675266942 -0.024014385761135147 0 -0.076360390764011535 -0.24999999999999997 9.6587912576485042 0.20761420437122818 -0.11052986724660478
decision_type=2 10 2 2 2 2 2 2 1 2 2 8 2 2
left_child=1 2 5 10 6 13 12 -2 -5 -10 -4 -9 -3 -1
right_child=7 4 3 8 -6 -7 -8 11 9 -11 -12 -13 -14 -15
leaf_value=0.0018806617099061673 -0.0046197807890997408 0.00032682847844550189 -0.0024766037247247329 0.010303853667370052 -0.0049274200081782724 0.0045500186505008288 0.0045327460272600517 0.0033824298036848632 -0.0005948980884691586 0.0056764695875831626 0.0026665613745986238 -0.0031777165972084105 -0.0049635496026948058 -0.0005297030332271107
leaf_weight=1526978.802532196 6351041.3767859936 823186.74605751038 434426.85549926758 452297.19799804688 480927.99926757812 1434303.9146537781 167017.44482421875 2827229.1327592134 349933.28189086914 668197.4909362793 711809.7671585083 2810285.7710063457 175906.23486328125 4134186.8659057617
leaf_count=1230 13560 2029 166 103 89 1102 34 6472 159 319 257 6263 77 2672
internal_value=0.000479683 0.00404899 0.00555715 0.012651 -0.00484417 0.00294107 0.00127877 -0.00290224 0.0203998 0.0148138 0.00271061 0.000330448 -0.0027934 0.0007121
internal_weight=2.33477e+07 1.13592e+07 9.71213e+06 2.61666e+06 1.64704e+06 7.09547e+06 1.16611e+06 1.19886e+07 1.47043e+06 1.01813e+06 1.14624e+06 5.63751e+06 999093 5.66117e+06
internal_count=34532 8237 6008 1004 2229 5004 2140 26295 581 478 423 12735 2106 3902
cat_boundaries=0 1
cat_threshold=544
is_linear=0
shrinkage=0.05


Tree=12
num_leaves=15
num_cat=1
split_feature=9 24 25 25 26 22 28 15 7 11 24 24 25 21
split_gain=135719 49162.3 47321.1 87484.7 95338.4 74323.9 62123.4 43309.8 42082.2 37581.8 34542 86183.5 53407.9 37394
threshold=0.34947942343131305 -0.18930193706925849 -0.24999999999999997 -0.93301270189221919 0.6830127018922193 18.66055157771083 0 17.266549879097024 17.115974588496943 0.093651099673423624 0.86965070831088365 1.1046866433200202 0.25000000000000011 10.822352375188466
decision_type=2 8 2 2 2 2 1 2 2 2 10 10 2 10
left_child=1 9 3 -3 6 10 -5 -7 -9 -1 12 -12 -4 -13
right_child=-2 2 5 4 -6 7 -8 8 -10 -11 11 13 -14 -15
leaf_value=2.8141976672337555e-05 -0.0025549184351204486 0.0037721252342123135 -0.00041127802901755643 -0.0060949817764739921 0.0031552747747323434 0.00041318264409577997 -0.0011142937331006094 0.0076637793101240366 0.0036706733607563924 -0.0063803247713512786 -0.0043506284361753567 0.00060400407162803803 0.0051885814904807544 0.0035151798657689958
leaf_weight=313721.92580413818 12364361.331150889 903233.38769340515 307506.89989471436 440427.92295837402 817771.1270904541 460455.71366882324 2228025.2991485596 608501.89617919922 635547.45556640625 205066.67179870605 289923.67465400696 2418545.1560020447 700071.09016799927 564898.42295074463
leaf_count=305 26647 625 224 188 571 485 1643 189 97 162 209 2218 483 410
internal_value=0.000359294 0.00442842 0.00517953 0.00123633 -0.00235663 0.00807129 -0.00693396 0.0169012 0.0217501 -0.0105925 0.00455556 0.00206374 0.0126508 0.00459285
internal_weight=2.32581e+07 1.08937e+07 1.03749e+07 4.38946e+06 3.48622e+06 5.98545e+06 2.66845e+06 1.70451e+06 1.24405e+06 518789 4.28095e+06 3.27337e+06 1.00758e+06 2.98344e+06
internal_count=34456 7809 7342 3027 2402 4315 1831 771 286 467 3544 2837 707 2628
cat_boundaries=0 1
cat_threshold=512
is_linear=0
shrinkage=0.05


Tree=13
num_leaves=15
num_cat=1
split_feature=9 10 25 22 28 14 14 26 4 23 11 2 22 10
split_gain=112106 61670 61470.2 91016.7 65780.5 60677.8 51741 50704.1 52041.1 46576.8 42875.2 39991.7 35820.2 34260.4
threshold=0.14407582608325048 0.054734134884702308 -0.24999999999999997 19.577528614108676 0 0.89102330145622111 1.6956826436250614 -0.24999999999999997 15.333319931153808 2.3158080270847505 0.11548245711180712 17.4270168375546 17.906568142820003 0.023710827087195501
decision_type=2 2 2 2 1 10 10 2 2 10 2 2 2 2
left_child=1 6 4 12 -2 -5 10 8 -6 -7 -1 -9 13 -4
right_child=2 -3 3 5 7 9 -8 11 -10 -11 -12 -13 -14 -15
leaf_value=0.0030742499389206476 -0.00028842962930619015 0.0049015162948383602 -0.0010962631632444036 -0.020963416552812583 -0.0091997379023063732 -0.0019478830417712007 -0.001495506425919148 -0.002070617273613799 -0.011029943256615346 0.0080760489488986859 -0.0015974690432098582 -0.013444845573187465 -0.0018657002006309772 0.0027978648491242737
leaf_weight=849963.19737243652 5273290.0433946848 479114.0154876709 4414963.1575988531 171151.628074646 1001623.9566680193 222976.07125854492 486278.5990524292 2092387.3505414724 456051.05590820312 1144806.7585906982 246814.44494628906 89762.0341796875 2958463.7514876127 3316640.0078909397
leaf_count=390 8097 180 7971 194 2268 83 305 3538 123 732 70 15 4367 6167
internal_value=-0.00010994 0.0110179 -0.00119534 0.00110636 -0.00435331 0.0124752 0.00626112 -0.00952346 -0.0167439 0.0159872 0.0122801 -0.00470024 -0.00053029 0.00126008
internal_weight=2.32043e+07 2.06217e+06 2.11421e+07 1.2229e+07 8.91311e+06 1.53893e+06 1.58306e+06 3.63982e+06 1.45768e+06 1.36778e+06 1.09678e+06 2.18215e+06 1.06901e+07 7.7316e+06
internal_count=34500 945 33555 19514 14041 1009 765 5944 2391 815 460 3553 18505 14138
cat_boundaries=0 1
cat_threshold=323
is_linear=0
shrinkage=0.05


Tree=14
num_leaves=15
num_cat=1
split_feature=9 26 25 9 26 28 21 3 10 22 22 19 0 15
split_gain=112318 55027.7 81514.4 68279.7 61772.1 56092.3 55328.6 48203.2 46725.3 43617.7 41903.6 35397.6 40292.9 28350.6
threshold=0.42992382811509372 -0.5 1.0000000180025095e-35 0.099641508914028162 0.25000000000000017 0 10.685879078667826 16.3974896391274 -0.33503486615952743 19.62016056693923 16.964017972763202 -0.014024481491092899 16.532359858528654 17.935066874906465
decision_type=2 2 2 2 2 1 8 2 2 2 2 2 2 2
left_child=1 2 5 -3 10 7 13 -1 -2 -4 -5 12 -8 -6
right_child=8 3 9 4 6 -7 11 -9 -10 -11 -12 -13 -14 -15
leaf_value=-0.0044932501896779867 -0.010245146398022591 0.0055451461834065763 0.00096410974465550186 0.00025790886905396545 -0.00053619685366864918 -0.0012097591277659778 -0.0024708085930067198 -0.0095178873060594096 -0.0016294569818875817 0.0071505249351483547 0.0037558156568529228 -0.00019781007943990445 -0.0049920049365011921 0.0032014913419412248
leaf_weight=296910.37292480469 2812307.0116621256 320311.15426635742 2135802.4582462311 910049.53497505188 1233258.0502510071 1823601.257806778 462865.09907531738 209706.88305664062 6852135.9065039158 221490.46893310547 2357808.8830776215 1217788.3305740356 257320.55688476562 2193849.0896263123
leaf_count=292 7471 185 1750 1083 1616 1452 426 42 16296 102 1541 839 47 1353
internal_value=0.000110193 0.0030319 -0.00135705 0.00532975 0.00448868 -0.00798874 0.0011878 -0.0227066 -0.00401362 0.00519848 0.00990799 -0.00556442 -0.0143515 0.00500607
internal_weight=2.33052e+07 1.36408e+07 4.68751e+06 8.95325e+06 8.63294e+06 2.33022e+06 5.36508e+06 506617 9.66444e+06 2.35729e+06 3.26786e+06 1.93797e+06 720186 3.42711e+06
internal_count=34495 10728 3638 7090 6905 1786 4281 334 23767 1852 2624 1312 473 2969
cat_boundaries=0 1
cat_threshold=664
is_linear=0
shrinkage=0.05


Tree=15
num_leaves=15
num_cat=1
split_feature=9 10 16 11 7 8 10 20 3 21 15 15 11 29
split_gain=110623 56999.5 52274.9 45728.7 69800.7 40634.9 51236.5 46098.9 35957.4 31872.8 34194.3 31923.5 46284.6 29307.8
threshold=0.14407582608325048 -0.43396823784931277 18.650510177953056 0.12804778057018137 17.376805783880858 0.38277586721453422 0.096112965020435717 0.05203257581059121 17.006344156415725 10.954471502539871 19.326047965111346 18.083455705517334 0.010041080534270051 0
decision_type=2 2 2 2 2 2 2 10 2 10 2 2 2 1
left_child=3 8 5 4 9 6 7 13 -2 10 11 12 -1 -3
right_child=1 2 -4 -5 -6 -7 -8 -9 -10 -11 -12 -13 -14 -15
leaf_value=0.002615292977736525 -0.0089458848627644045 0.0023762882908401894 -0.0086868044517904985 -0.0013115727116985176 0.0082066803450968531 -0.0017700054260911602 0.0031911471097801959 -0.0050918874102429861 0.0039083777486296134 -0.0028045703877112305 -0.00049189088186373171 0.0039302801791945216 -0.0021781942160656628 -0.00022906131634915021
leaf_weight=431125.29516601562 2468686.0904918909 1841647.9597711563 321113.11630249023 346259.30052947998 223811.41162109375 7306108.3877735138 3312860.9378681183 462496.95527076721 59028.48876953125 230619.36750793457 203096.61486816406 659476.38201904297 145818.2419128418 5536328.9316806793
leaf_count=361 6454 1148 111 149 32 16936 3203 366 11 130 52 208 65 5364
internal_value=0.00042152 -0.000689653 0.000259074 0.0109907 0.0140452 0.000606996 0.00250567 0.000302807 -0.00773856 0.0105314 0.013296 0.0164193 0.00782964 0.00126272
internal_weight=2.35485e+07 2.13083e+07 1.87806e+07 2.24021e+06 1.89395e+06 1.84594e+07 1.11533e+07 7.84047e+06 2.52771e+06 1.67014e+06 1.43952e+06 1.23642e+06 576944 7.37798e+06
internal_count=34590 33593 27128 997 848 27017 10081 6878 6465 816 686 634 426 6512
cat_boundaries=0 1
cat_threshold=116
is_linear=0
shrinkage=0.05


Tree=16
num_leaves=15
num_cat=0
split_feature=9 25 22 23 24 15 10 9 5 25 6 0 10 14
split_gain=102596 54584.8 96255.1 52842.6 55815.8 51784.2 51229.7 62358.7 69562 57978.6 54966 38665.9 37269.4 41901.1
threshold=0.34947942343131305 0.25000000000000011 18.658842747333861 0.44770571011952853 5.1211864077960962 17.266549879097024 0.054734134884702308 0.14407582608325048 17.382494435338344 -0.93301270189221919 16.803986779003264 15.802459769609863 0.11389723311351392 2.3864374454103636
decision_type=2 2 2 10 8 2 2 2 2 2 2 2 2 10
left_child=1 6 3 11 -5 -4 9 -8 12 -1 -11 -3 -9 -14
right_child=-2 2 5 4 -6 -7 7 8 -10 10 -12 -13 13 -15
leaf_value=0.0031284108788914669 -0.0021756399649490127 0.0011781379982352905 0.00068001770996266439 -0.00055738070221352247 0.0058900760194225063 0.0059612230412866823 0.0032936856407257652 -0.0010841177672772113 -0.0085001668410712976 -0.00073589936439777306 -0.0024500798374009667 0.0077360732328494528 0.0047281617434455324 -0.0037688073639067367
leaf_weight=623981.69757652283 12423742.576586604 291338.3796043396 361175.1996383667 2294163.222454071 440183.86626815796 1091188.1947021484 385415.4914855957 684068.59786987305 221249.61181640625 2557365.774017334 667207.59423828125 199906.40747070312 1011781.3600463867 134806.31713485718
leaf_count=456 26704 337 353 1931 446 243 121 537 35 2348 117 55 708 208
internal_value=0.000260816 0.00378605 0.00787563 0.00306295 0.000350392 0.0185642 0.000742572 0.00641462 0.00294847 -0.00284959 -0.00554922 0.0181615 0.00614895 0.0116594
internal_weight=2.33876e+07 1.09638e+07 4.67796e+06 3.22559e+06 2.73435e+06 1.45236e+06 6.28588e+06 2.43732e+06 2.05191e+06 3.84856e+06 3.22457e+06 491245 1.83066e+06 1.14659e+06
internal_count=34599 7895 3365 2769 2377 596 4530 1609 1488 2921 2465 392 1453 916
is_linear=0
shrinkage=0.05


Tree=17
num_leaves=15
num_cat=0
split_feature=9 24 19 19 19 14 18 20 25 15 16 26 15 25
split_gain=64071.2 64432.9 63060.4 45735.4 42291.7 44173.1 39469.4 38844.4 37123.8 37002.7 32623 31611.4 49487 31276.5
threshold=0.42992382811509372 2.6761558945178754 0.031168418490475556 -0.064570836395922496 -0.011925026231760148 2.3474724148787502 0.06121518760899821 0.049313473536420058 0.25000000000000011 19.41280450904318 16.395081116082935 0.25000000000000017 17.157511498693712 -0.93301270189221919
decision_type=2 10 2 2 2 10 10 10 2 2 2 2 2 2
left_child=1 2 4 10 5 9 -7 -6 13 11 -3 12 -1 -4
right_child=-2 3 8 -5 7 6 -8 -9 -10 -11 -12 -13 -14 -15
leaf_value=-0.0018701079543064953 -0.0030581462937167474 0.0014501667109456356 0.0021599730491935996 0.0027648396504154319 0.0023457140251328256 0.0040826734188728472 -0.0038477379513378756 -0.003063514671016222 0.0007561143350840677 -0.0029110088695835819 -0.0047456593135539807 -0.00098364018983068376 0.0029678162263356931 -0.0044574604449114982
leaf_weight=347499.94873046875 9623331.0887056589 119220.95630264282 235778.6170425415 3985497.7277698517 3316776.4535217285 120852.05791664124 637775.0549621582 332618.54819869995 527632.74659347534 179211.12927246094 108858.35635375977 1270341.0205612183 1208518.3987503052 1187604.7547607422
leaf_count=381 23787 156 163 3812 2392 471 304 220 398 84 50 817 645 813
internal_value=-1.59218e-05 0.00219608 -0.000114302 0.00733086 0.00199054 -0.00172787 -0.0125089 0.00582593 -0.00811241 0.000993349 -0.0144447 0.00239034 0.00716817 -0.0123117
internal_weight=2.32015e+07 1.35782e+07 9.36461e+06 4.21358e+06 7.41359e+06 3.7642e+06 758627 3.6494e+06 1.95102e+06 3.00557e+06 228079 2.82636e+06 1.55602e+06 1.42338e+06
internal_count=34493 10706 6688 4018 5314 2702 775 2612 1374 1927 206 1843 1026 976
is_linear=0
shrinkage=0.05


Tree=18
num_leaves=15
num_cat=1
split_feature=10 14 22 17 29 10 3 24 11 24 15 15 3 11
split_gain=70253.2 66221.2 66405.3 60934.7 55149.4 49064.9 41349.8 44734.9 49493.3 39308.1 42629 38208 34415.7 30878.2
threshold=-0.35889249672117429 2.3753785055257124 18.66055157771083 0.35588037541285428 0 -0.21923102840204392 15.328408887801364 1.2576410032575902 0.075648506650049172 2.7913085752714406 19.41280450904318 18.240697324411439 16.690778174436563 0.22089994922951028
decision_type=2 10 2 2 1 2 2 10 2 10 2 2 2 2
left_child=4 2 9 11 -1 -4 -7 -8 -9 10 -2 12 -3 -11
right_child=1 3 5 -5 -6 6 7 8 -10 13 -12 -13 -14 -15
leaf_value=0.0059197108755851841 -0.00030841584516546515 -0.0014635836450420409 -0.0029271902717715472 -0.0058099819926889307 -0.0086281631001645185 0.0024851186258161135 0.00054458505754444164 0.0059334858163899058 0.003060098697967114 0.0028703941866223869 -0.0051292382290410218 -0.0090425612996879751 0.0046902699666444003 -0.0012474409015933165
leaf_weight=289468.6988067627 8373182.053743124 1823589.2627251148 317331.81643104553 450611.46630859375 2957380.0925370455 1247487.3453762531 549304.1181640625 677089.18017578125 585521.30578613281 3718319.1323405504 255539.49224853516 290782.36683177948 192094.00708007812 1554573.3930892944
leaf_count=150 10182 6561 254 85 7402 1861 115 134 117 4615 216 454 40 2205
internal_value=0.000105803 0.00121146 0.00235973 -0.00598462 -0.00671693 0.00864906 0.0105902 0.0154134 0.0205954 0.000832038 -0.00124637 -0.00269909 -0.000254831 0.0042332
internal_weight=2.32823e+07 2.00354e+07 1.72783e+07 2.75708e+06 3.24685e+06 3.37673e+06 3.0594e+06 1.81191e+06 1.26261e+06 1.39016e+07 8.62872e+06 2.30647e+06 2.01568e+06 5.27289e+06
internal_count=34391 26839 19699 7140 7552 2481 2227 366 251 17218 10398 7055 6601 6820
cat_boundaries=0 1
cat_threshold=16
is_linear=0
shrinkage=0.05


Tree=19
num_leaves=15
num_cat=0
split_feature=10 9 17 8 8 4 21 19 3 6 25 21 26 9
split_gain=78626.3 62191.1 48200 51232.8 38271.6 47550.8 42503.4 49436 77483.2 35738.1 35190 34549.1 38163.5 33852.8
threshold=-0.069648936950512594 0.099641508914028162 0.39211591187223777 0.34989924431085156 0.16368538215422643 17.458037941908348 10.902443370709145 -0.040513359699795894 16.153319173089113 16.964547881697367 -0.24999999999999997 10.631555854924844 1.0000000180025095e-35 0.35653112994742936
decision_type=2 2 2 2 2 2 10 2 2 2 2 10 2 2
left_child=4 11 3 -3 5 10 9 -8 -9 13 -1 12 -2 -6
right_child=1 2 -4 -5 6 -7 7 8 -10 -11 -12 -13 -14 -15
leaf_value=-0.0055818178045565917 -0.002892801004027622 0.0018447334641799676 -0.0021459534329326358 -0.00091208052827633555 0.00057661387566654873 -0.0074249866866695951 -0.0035273444768007694 0.00021915383871999673 0.0055528983633543662 -0.0032272701791692029 -8.3204254264649711e-05 0.0073584667484358993 0.0023561455473602253 -0.0044575091417401545
leaf_weight=376690.57610404491 120996.98382568359 7518577.4449825287 809355.7919921875 5167647.2091819048 1857244.4183673859 158403.734375 152905.21327018738 735276.17126512527 388464.69604492188 170185.13525390625 613915.54732728004 236611.56468200684 119158.84970092773 5004121.2949515581
leaf_count=343 96 6369 314 12466 1697 24 161 1465 79 31 482 79 106 10943
internal_value=0.000112296 0.00249527 0.00186828 0.00262303 -0.00340837 -0.0119614 -0.00222551 0.00616753 0.00979692 -0.00374934 -0.00789395 0.020243 0.00688295 -0.00318795
internal_weight=2.34296e+07 1.39723e+07 1.34956e+07 1.26862e+07 9.45721e+06 1.14901e+06 8.3082e+06 1.27665e+06 1.12374e+06 7.03155e+06 990606 476767 240156 6.86137e+06
internal_count=34655 19430 19149 18835 15225 849 14376 1705 1544 12671 825 281 202 12640
is_linear=0
shrinkage=0.05


Tree=20
num_leaves=15
num_cat=0
split_feature=9 22 14 1 9 15 3 16 24 22 17 7 11 11
split_gain=63968.2 78027.5 40281.3 69989.1 40987.7 36539.6 35992.4 34284.5 32605.5 43218.1 62196.5 56237.6 51240.5 50837.9
threshold=0.12238891660113292 18.832068744820841 2.4073537941007941 16.84045422280521 0.63261438802544501 19.299471307164911 16.850451675266942 18.284852716366021 2.6761558945178754 18.651885674616626 0.14878762078016677 16.805898420640069 0.036558439494653407 -0.099139503929562986
decision_type=2 2 10 2 2 2 2 2 10 2 2 2 2 2
left_child=1 5 4 6 8 7 -4 -1 9 11 12 -2 -11 -12
right_child=2 -3 3 -5 -6 -7 -8 -9 -10 10 13 -13 -14 -15
leaf_value=0.0027726599321627934 -0.0007270541348279835 0.0075941984822552504 -0.0027821294161384565 -0.0079778105208224495 -0.005152288611545661 -0.00071418808864474805 0.0070363786781119158 -0.00021132317817736319 0.0019024523012289218 0.00024729640485629875 0.0025103758646530944 -0.0041567336108053309 0.0079669655722161576 -0.0014864623972991944
leaf_weight=377658.68417358398 6685996.2495632172 222874.986328125 2244938.7374007702 300420.0615234375 4814733.5557197332 290223.353515625 75012.14990234375 282074.06962585449 5076927.1198625565 393369.41209411621 586312.14526367188 251891.30078125 516484.32806396484 1370244.3940429688
leaf_count=249 6095 148 8558 55 13370 74 16 73 4593 311 167 52 331 399
internal_value=-0.000249635 0.0111322 -0.000847805 -0.00667175 -7.29812e-05 0.00488543 -0.0037312 0.0113895 0.00122442 -0.000459757 0.00470487 -0.00259354 0.0155054 -0.000317667
internal_weight=2.34892e+07 1.17283e+06 2.23163e+07 2.62037e+06 1.9696e+07 949956 2.31995e+06 659733 1.48812e+07 9.8043e+06 2.86641e+06 6.93789e+06 909854 1.95656e+06
internal_count=34491 544 33947 8629 25318 396 8574 322 11948 7355 1208 6147 642 566
is_linear=0
shrinkage=0.05


Tree=21
num_leaves=15
num_cat=3
split_feature=9 25 28 29 15 29 11 0 22 9 18 26 22 14
split_gain=61051.1 53902.3 62340.5 77239.6 49807.7 72444.7 52822.6 83982.7 49459.1 46726.4 43527.4 39441.9 37362.7 35723.4
threshold=0.099641508914028162 -0.24999999999999997 0 1 17.289213070966639 2 0.050548495316121413 17.419860989426706 19.577528614108676 0.13056622037921709 0.21373264058444422 -0.24999999999999997 19.630753430190442 2.3208692223973153
decision_type=2 2 1 1 2 1 2 2 2 2 10 2 2 10
left_child=11 2 3 10 -3 6 8 12 9 -6 13 -1 -8 -2
right_child=1 4 -4 -5 5 -7 7 -9 -10 -11 -12 -13 -14 -15
leaf_value=0.00040313184202528759 0.00027263057724405778 -0.0015703699099787632 -0.00027967581300376875 -0.011328547814598364 0.0059394199731968604 -0.0010069049164225005 0.0011872885961522509 -0.0029523699863594679 0.0064483111654736322 0.0019891487131610906 0.0016036196955670637 0.0043499568872230592 0.0058099755181552602 -0.0089672539897459966
leaf_weight=201806.1162109375 314074.93545293808 3749980.3187938929 7124989.3998174667 982346.84187352657 208831.35223388672 3903378.1287281513 1967222.7872638702 214675.6591796875 669848.09985351562 2552454.1682372093 716486.15544128418 268967.03530883789 256645.25366210938 367562.77934122086
leaf_count=123 449 9510 11101 1838 58 5730 2034 30 171 2424 371 163 118 427
internal_value=0.000357687 -6.7002e-06 -0.002892 -0.00989732 0.0020214 0.00390107 0.00741158 0.00178525 0.0114103 0.0084536 -0.00234777 0.0181822 0.00466819 -0.0113927
internal_weight=2.34993e+07 2.30285e+07 9.50546e+06 2.38047e+06 1.3523e+07 9.77306e+06 5.86968e+06 2.43854e+06 3.43113e+06 2.76129e+06 1.39812e+06 470773 2.22387e+06 681638
internal_count=34547 34261 14186 3085 20075 10565 4835 2182 2653 2482 1247 286 2152 876
cat_boundaries=0 1 2 3
cat_threshold=544 5 21
is_linear=0
shrinkage=0.05


Tree=22
num_leaves=15
num_cat=1
split_feature=10 17 28 7 19 14 21 22 4 0 24 23 8 4
split_gain=63155.7 55033.1 62333 53445 44700.8 43397.8 44193.6 43220.7 34041.4 45080.3 30811.1 29772.4 29560 28518.2
threshold=-0.1691935307846765 0.22619975375775667 0 16.203243434593986 0.071218089062251702 2.3474724148787502 10.812806977008099 19.577528614108676 17.181523356598721 17.156634566241113 2.4755880669540953 -8.1530168038385273 0.40702420102342313 14.23098100930329
decision_type=2 2 1 2 2 10 8 2 2 2 8 8 2 2
left_child=1 3 -3 -1 5 7 -7 8 9 10 11 -2 -9 -8
right_child=4 2 -4 -5 -6 6 13 12 -10 -11 -12 -13 -14 -15
leaf_value=-0.0035642148706946891 0.012059696235917822 -0.0062157331577925396 0.0042372446534099167 -0.005344976974654283 -0.012524104441539783 8.1751957185810102e-05 0.00063405967253776731 0.0033952931625884477 -0.00081048140101195308 0.0065604145273397176 0.0020816573020439803 -0.00039782871668268881 -0.0044349711553506761 -0.0073483038277920784
leaf_weight=5198651.7213051319 153969.31184577942 257998.81365966797 634354.62591552734 345589.53369140625 152777.51801109314 1867714.018250227 233746.65005111694 1585702.4897918701 303880.77685546875 138109.67626953125 5792896.7673299313 5908453.8658924103 196116.64712905884 671562.14532470703
leaf_count=11326 171 170 179 87 172 5123 1071 627 55 26 7981 7062 322 191
internal_value=3.236e-05 -0.00418599 0.0073381 -0.00604081 0.00162906 0.00187315 -0.00384411 0.00299922 0.0019447 0.00236344 0.00203258 -0.000459098 0.010277 -0.0129104
internal_weight=2.34415e+07 6.43659e+06 892353 5.54424e+06 1.70049e+07 1.68522e+07 2.77302e+06 1.40791e+07 1.22973e+07 1.19934e+07 1.18553e+07 6.06242e+06 1.78182e+06 905309
internal_count=34563 11762 349 11413 22801 22629 6385 16244 15295 15240 15214 7233 949 1262
cat_boundaries=0 1
cat_threshold=404
is_linear=0
shrinkage=0.05


Tree=23
num_leaves=15
num_cat=1
split_feature=9 24 19 19 16 28 23 15 24 22 9 4 17 27
split_gain=56176.2 37188.9 43019.4 31462 33074 31061.2 31542.8 30206.8 29843.3 29652.3 45851.9 46308.5 41249.4 38708.8
threshold=0.38290691586738707 1.9489560573862301 0.03267160604033946 -0.029986948250196144 18.36763154562799 0 0.80599558502481061 18.024457383567057 1.4547165740020251 18.66055157771083 0.12238891660113292 17.181523356598721 0.054653862295155356 3.5000000000000004
decision_type=2 10 2 2 2 1 10 2 10 2 2 2 2 2
left_child=1 2 3 4 -1 6 -2 8 -4 12 -11 -12 -3 -14
right_child=5 9 7 -5 -6 -7 -8 -9 -10 10 11 -13 13 -15
leaf_value=-0.00028206965289674022 -0.016421587178200504 0.0024408796773542395 -0.0018369554889924606 0.00098278091680832863 -0.0037893838166937486 -0.00045680728813400927 -0.0044850499625075386 -0.0040802149151074477 0.0048318392447439691 0.0046043434290897328 0.0038702298000258327 -0.0012301914897402935 -0.0040745219814049913 0.0004150282964780845
leaf_weight=672031.3426322937 608279.83583021164 2983136.7890720367 443632.53135681152 4167317.3941707611 201296.49496459961 7920663.8208608627 2722530.7581315041 854903.54843902588 107762.60609054565 262323.9372253418 940656.28964233398 287811.8203125 346129.54095458984 997085.38800048828
leaf_count=526 1641 3300 432 2828 63 16733 7173 363 101 130 651 43 195 565
internal_value=0.000237048 0.0025778 -3.75936e-05 0.00211976 -0.00650922 -0.00231437 -0.00636553 -0.00777027 0.00135426 0.00547635 0.0115577 0.00750558 0.00338083 -0.00389499
internal_weight=2.35156e+07 1.22641e+07 6.44694e+06 5.04065e+06 873328 1.12515e+07 3.33081e+06 1.4063e+06 551395 5.81714e+06 1.49079e+06 1.22847e+06 4.32635e+06 1.34321e+06
internal_count=34744 9197 4313 3417 589 25547 8814 896 533 4884 824 694 4060 760
cat_boundaries=0 1
cat_threshold=60
is_linear=0
shrinkage=0.05


Tree=24
num_leaves=15
num_cat=0
split_feature=25 25 26 4 22 8 14 23 17 19 0 0 10 0
split_gain=60891.8 70098.8 87121.9 59959 49044.8 61749.9 70629.3 46039.8 62594.7 45164 42766.4 35443.7 34575.1 35968.8
threshold=-0.24999999999999997 -0.93301270189221919 0.6830127018922193 16.860170040119087 19.577528614108676 0.16739021057928191 0.89102330145622111 6.1439054272991207 0.14878762078016677 -0.010786498609322749 16.84045422280521 14.513399953409595 -0.15164469951145945 16.684382928863482
decision_type=2 2 2 2 2 2 10 10 2 2 2 2 2 2
left_child=1 11 3 -3 12 -6 -7 -8 -9 -4 -11 -1 13 -2
right_child=4 2 9 -5 5 6 7 8 -10 10 -12 -13 -14 -15
leaf_value=-0.00072692859440152057 -0.0009983229966693092 -0.0034917329793139823 -0.0044137303199093822 -0.0035777965131767175 -0.00057176849290028976 -0.018985904551358467 0.0076364853556801131 0.010461672888969077 -0.003891243030004455 0.0021387016102332938 0.0066454084229868211 0.0032908467177545225 0.001242658215883473 -0.0014981970102067501
leaf_weight=1012553.4470796585 3746241.9126080275 5168362.8950141668 346135.00558996201 755416.39892578125 564898.03324127197 158277.10743713379 741257.81573486328 223472.32883453369 142367.34826660156 1235592.7567741871 188301.6708984375 1013965.0648193359 7990562.7290996313 105249.08154296875
leaf_count=2550 7110 8645 528 139 190 180 364 303 55 2054 36 393 12034 18
internal_value=0.000223625 -0.00280183 -0.00498099 -0.00788939 0.00237457 0.00999186 0.0161281 0.0205947 0.00608081 0.00475258 0.00869044 0.0054715 0.00119726 -0.0026942
internal_weight=2.33927e+07 9.72033e+06 7.69381e+06 5.92378e+06 1.36723e+07 1.83027e+06 1.26537e+06 1.1071e+06 365840 1.77003e+06 1.42389e+06 2.02652e+06 1.18421e+07 3.85149e+06
internal_count=34599 14345 11402 8784 20254 1092 902 722 358 2618 2090 2943 19162 7128
is_linear=0
shrinkage=0.05


Tree=25
num_leaves=15
num_cat=2
split_feature=10 9 23 20 27 28 15 19 23 0 7 28 19 16
split_gain=50110.6 42225.6 72772.1 38456.9 38327.8 46318.1 67443.6 43643.2 44296.6 41527.4 41246.9 41198.3 50267.2 46170.6
threshold=-1.0901649903774835 0.099641508914028162 2.0007089153292004 0.053354863296571957 5.5000000000000009 0 19.327865131340943 -0.010786498609322749 1.9571320152036804 14.513399953409595 15.156395737790072 1 -0.041595675058156645 16.204580489039632
decision_type=2 2 8 10 2 1 2 2 10 2 2 1 2 2
left_child=-1 2 -2 4 11 6 9 10 -9 -6 -7 12 -3 -14
right_child=1 3 -4 -5 5 7 -8 8 -10 -11 -12 -13 13 -15
leaf_value=-0.026116979087471643 -0.00040397764457912149 -0.0018993465268772429 0.0061927927965195542 -0.0032701185227089753 1.7918124694854225e-05 -0.0040304043539708271 -0.0025109761368425475 -0.0046991247754869479 0.0013628295151669868 0.002562214086369221 -0.0055217911150823125 0.00043641672674984435 0.00066313595827013081 0.0063766876609470408
leaf_weight=567888.54929709435 282595.12493896484 243558.4924659729 251240.52726745605 1080747.3272037506 3436457.8810964823 1106582.2190355062 2176943.3273391724 805331.57479000092 1489883.5465852022 2540325.2166748047 787911.95336914062 6677277.8741179705 743535.33438181877 1378195.3806438446
leaf_count=2561 109 275 191 1399 8553 2380 2050 1121 2229 1076 209 9957 1916 629
internal_value=-1.38498e-06 0.000360884 0.014259 3.06499e-05 0.000495683 -0.00131603 0.00087951 -0.00558883 -0.000952551 0.00362394 -0.0112058 0.00296874 0.00863923 0.0111089
internal_weight=2.35685e+07 2.30006e+07 533836 2.24668e+07 2.1386e+07 1.23434e+07 8.15373e+06 4.18971e+06 2.29522e+06 5.97678e+06 1.89449e+06 9.04257e+06 2.36529e+06 2.12173e+06
internal_count=34655 32094 300 31794 30395 17618 11679 5939 3350 9629 2589 12777 2820 2545
cat_boundaries=0 1 2
cat_threshold=327 672
is_linear=0
shrinkage=0.05


Tree=26
num_leaves=15
num_cat=1
split_feature=10 9 3 6 23 11 4 28 7 7 0 23 11 11
split_gain=62956.4 43880.1 76759.3 37189.4 34570.7 55011 44146.2 44051.9 44823.2 56317.3 44307.4 35881.5 33507.6 31516.8
threshold=-0.076360390764011535 0.099641508914028162 17.171183635107628 16.803986779003264 5.0390964404623313 0.093651099673423624 14.953516001606376 0 17.115974588496943 16.805898420640069 17.156634566241113 0.80599558502481061 0.18280861307515647 0.51957295101886747
decision_type=2 2 2 2 8 2 2 1 2 2 2 10 2 2
left_child=13 2 3 -2 5 7 -7 10 9 -9 -3 -8 -13 -1
right_child=1 4 -4 -5 -6 6 11 8 -10 -11 -12 12 -14 -15
leaf_value=-0.00098561403605120076 0.004386750311850718 0.0017867244178320753 0.0076241416238668896 -0.0022818981352663308 0.0037231725476653942 -0.00051614052008025013 0.00089749049274092546 -0.0010863531651457662 -0.009182013214668874 0.0028518743770182681 0.0038452242011141253 -0.0027408989634609949 -0.010829349419189751 -0.013785789196496518
leaf_weight=8613655.9518915415 114427.54200744629 3782832.9786131382 173886.98095703125 151932.228515625 2973548.5393562317 2434622.5537748337 353169.3173828125 2374990.1748518944 186609.3662109375 486795.17919921875 365877.52587890625 432083.16076660156 449449.65649414062 642368.85668087006
leaf_count=13181 228 5032 27 31 5203 5151 120 3472 32 99 60 122 160 1773
internal_value=0.000138745 0.00222067 0.0177608 0.000891948 0.00172634 0.000419119 -0.00456326 0.0029593 -0.00160416 -5.59398e-05 0.00631244 -0.0122645 -0.0176595 -0.00307326
internal_weight=2.35363e+07 1.42802e+07 440247 266360 1.384e+07 1.08664e+07 3.66932e+06 7.19711e+06 3.04839e+06 2.86179e+06 4.14871e+06 1.2347e+06 881533 9.25602e+06
internal_count=34691 19737 286 259 19451 14248 5553 8695 3603 3571 5092 402 282 14954
cat_boundaries=0 1
cat_threshold=321
is_linear=0
shrinkage=0.05


Tree=27
num_leaves=15
num_cat=1
split_feature=10 14 7 8 21 3 0 21 28 11 23 21 4 3
split_gain=66777.2 52361.7 71245.2 48934.3 65179.1 53091.6 48173.8 40417 35026.3 28371.3 38743.7 46368.4 34652.7 34210.4
threshold=-0.14806335239545637 2.3753785055257124 17.115974588496943 0.16368538215422643 10.855980825255221 15.328408887801364 16.84045422280521 10.896494053253278 0 -0.070000168779436892 5.0121942176547156 9.206368512138237 15.052223841656147 15.804550983324974
decision_type=2 10 2 2 10 2 2 10 1 2 10 10 2 2
left_child=3 6 8 -1 -5 -6 9 -8 -3 13 -11 -12 -13 -2
right_child=1 2 -4 4 5 -7 7 -9 -10 10 11 12 -14 -15
leaf_value=-0.0054412349352229612 0.0017569634701107624 -0.0069703192142637248 -0.010664281873964119 -0.0032828949718976502 -0.0011259202561828313 0.0066453906640453588 0.00068387265006207131 0.0029260379926692916 0.00093443866109080807 -0.00063898842087565296 0.0059335418326051719 0.0020005351403834075 -0.0076502712187939753 0.0030778315944021638
leaf_weight=511195.46478152275 3554688.2814477682 706042.53202652931 152906.9873046875 5354221.0600612164 747383.17103385925 547236.76379394531 980034.21044921875 902116.1083984375 1324350.010641098 5970260.0369386673 1339751.8166379929 534572.12341403961 209412.61242675781 655208.13024902344
leaf_count=473 5905 1658 26 10283 1661 134 196 145 4270 6686 2039 802 75 191
internal_value=0.000218685 0.001984 -0.00522298 -0.00380733 -0.00266118 0.00740647 0.00309632 0.0105444 -0.00274433 0.00195326 0.000214554 0.00608458 -0.00392439 0.00527959
internal_weight=2.34894e+07 1.63293e+07 2.1833e+06 7.16004e+06 6.64884e+06 1.29462e+06 1.4146e+07 1.88215e+06 2.03039e+06 1.22639e+07 8.054e+06 2.08374e+06 743985 4.2099e+06
internal_count=34544 21993 5954 12551 12078 1795 16039 341 5928 15698 9602 2916 877 6096
cat_boundaries=0 1
cat_threshold=96
is_linear=0
shrinkage=0.05


Tree=28
num_leaves=15
num_cat=1
split_feature=27 14 15 6 24 10 15 11 9 9 5 6 29 18
split_gain=66252.7 62818.6 71573.4 55187.7 42037.7 39827.6 42983.1 39643.8 54115.3 31870.6 31463.7 32919.8 32227.5 36199.9
threshold=5.5000000000000009 2.3208692223973153 17.753218375598042 16.09600000920798 0.23794212935990353 -0.21327881188719727 19.346842938638883 -0.049601257345627391 0.15898284897048959 0.22149683170429854 17.131665029836004 16.964547881697367 0 0.19168110925403023
decision_type=2 10 2 2 10 2 2 2 2 2 2 2 1 8
left_child=3 5 -3 -1 -4 9 10 -5 -9 -2 11 12 13 -7
right_child=1 2 4 7 -6 6 -8 8 -10 -11 -12 -13 -14 -15
leaf_value=0.00068317517848901334 -0.0056774030656796086 0.0010445929942715351 -0.0076514216223127181 0.0035351635017064446 -0.0052496866581358877 -9.7772455012344654e-05 -0.0021691445838800676 0.0023637797836596934 -0.00048156110464324647 -0.0044937278717614316 0.0031367622844239978 -0.0026672422403202205 -0.0018233628329688532 0.0034453651821463992
leaf_weight=7618294.9374662638 93268.49137878418 792708.1074385643 235010.21642303467 874374.87524414062 1595366.9930906296 1847813.4371058941 1732934.4820709229 620602.69506835938 858176.38647460938 2151174.7319631577 462809.96630859375 129354.92578125 1801456.2982093096 2478329.4928131104
leaf_count=14040 39 3706 265 196 1869 3464 1448 123 209 4084 77 26 2714 2160
internal_value=0.00024269 -0.00206456 -0.0089986 0.0033248 -0.0144339 -0.000364241 0.00120788 0.0100177 0.00502739 -0.00628492 0.00301853 0.00208803 0.00261497 0.00495487
internal_weight=2.32917e+07 1.33202e+07 2.62309e+06 9.97145e+06 1.83038e+06 1.06971e+07 8.4527e+06 2.35315e+06 1.47878e+06 2.24444e+06 6.71976e+06 6.25695e+06 6.1276e+06 4.32614e+06
internal_count=34420 19852 5840 14568 2134 14012 9889 528 332 4123 8441 8364 8338 5624
cat_boundaries=0 1
cat_threshold=13
is_linear=0
shrinkage=0.05


Tree=29
num_leaves=15
num_cat=2
split_feature=10 27 5 14 24 28 21 24 21 15 29 19 4 19
split_gain=43228.2 33947.8 47128.3 43314.4 40726.1 35035.3 33369 38475.5 31703.4 31661.1 31186.3 33241.7 56589.2 30984.9
threshold=-0.076360390764011535 5.5000000000000009 16.793627513211842 2.2373904011419681 0.41318358220978907 0 10.638418371281032 1.6185599954412302 10.470596507890082 18.113345086591163 1 -0.025353462715368095 15.157226915591695 0.027603022798991603
decision_type=2 2 2 10 10 1 10 10 10 2 1 2 2 2
left_child=13 2 -2 5 9 -3 8 -8 -6 -5 -7 12 -12 -1
right_child=1 3 -4 4 6 10 7 -9 -10 -11 11 -13 -14 -15
leaf_value=-0.0004071443840144883 0.0015576035228500162 0.0068859318823788294 0.0032814281213816216 -0.0018298103057803501 -0.0020407295435661537 0.0030073714697133598 -0.010148608434395232 -0.00060301207685615869 0.0026641743906338985 -0.0087933793971152942 -0.00091971686915001411 0.00066044036538623384 -0.0047009943588213962 -0.0045920520929206392
leaf_weight=7191690.9334361553 4625715.163081646 593671.43011188507 674116.92431640625 227863.1914191246 482778.51914525032 668949.09342956543 373979.62357711792 624728.41353797913 417669.88511657715 206109.04312419891 713098.06988418102 4253543.4682741165 262919.85717773438 2018000.9493041039
leaf_count=11601 7796 1110 126 423 1638 266 414 809 333 165 1114 5346 79 3286
internal_value=0.000198437 0.00193615 0.00509925 3.66207e-05 -0.00580653 0.0021365 -0.00264871 -0.00894191 0.00433122 -0.0196258 0.000971212 -0.0003291 -0.00865105 -0.00246673
internal_weight=2.33348e+07 1.41251e+07 5.29983e+06 8.82531e+06 2.33313e+06 6.49218e+06 1.89916e+06 998708 900448 433972 5.89851e+06 5.22956e+06 976018 9.20969e+06
internal_count=34506 19619 7922 11697 3782 7915 3194 1223 1971 588 6805 6539 1193 14887
cat_boundaries=0 1 2
cat_threshold=35 16
is_linear=0
shrinkage=0.05


Tree=30
num_leaves=15
num_cat=0
split_feature=9 6 11 15 6 18 27 22 26 23 16 0 23 24
split_gain=55798.4 36221.2 31355.2 28600.8 40185.9 32359.5 30619.1 59128.2 56723.1 59081.8 46821.1 40926.7 40391.1 32999.6
threshold=0.33907209454201565 16.964547881697367 0.4513552894078377 17.885145013315057 16.964547881697367 0.4517827516017775 6.5000000000000009 19.577528614108676 0.6830127018922193 2.6039781056343654 16.914387590806829 16.84045422280521 0.71288589993053408 2.6761558945178754
decision_type=2 2 2 2 2 8 2 2 2 10 2 2 10 8
left_child=3 2 -2 4 5 -1 7 12 -8 11 -11 -10 -5 -14
right_child=1 -3 -4 6 -6 -7 8 -9 9 10 -12 -13 13 -15
leaf_value=-0.00021070639143304151 -0.00039443064029319528 -0.0094242656199918853 -0.0081553827033021987 0.0042378526721183621 -0.0044155015810450572 0.0077849372866856826 -0.0008240782911411959 0.0054895554994339561 0.0027821505081254 0.0032507477399880396 -0.0050220487973190982 0.005707470859649455 -0.00083748889501084197 0.003046515741682224
leaf_weight=3114425.7925682068 10946696.42898035 111079.37109375 1789993.2531363964 538923.35467529297 89702.02001953125 225911.1042137146 2456233.547870636 703703.27514648438 373441.39325714111 384641.96970367432 188276.50854492188 317167.32104492188 1437023.7276382446 830973.33369445801
leaf_count=3854 22440 20 4736 270 18 297 1141 146 218 276 47 58 696 494
internal_value=0.000454182 -0.00176475 -0.00151682 0.00312841 -0.000631722 0.000255155 0.00491218 0.00826146 0.00175121 0.0103599 -0.00151077 0.0202076 0.00501242 0.00208867
internal_weight=2.35082e+07 1.28478e+07 1.27367e+07 1.06604e+07 3.43004e+06 3.34034e+06 7.23038e+06 3.51062e+06 3.71976e+06 1.26353e+06 572918 690609 2.80692e+06 2.268e+06
internal_count=34711 27196 27176 7515 4169 4151 3346 1606 1740 599 323 276 1460 1190
is_linear=0
shrinkage=0.05


Tree=31
num_leaves=15
num_cat=0
split_feature=14 4 9 15 14 17 9 0 3 24 24 14 11 5
split_gain=34724.1 76524.5 42574.7 36377.6 32328.8 31659.9 31339.9 39419.4 47862.5 29807.4 28308.9 38853.9 33336.4 35480.9
threshold=2.3753785055257124 17.458037941908348 0.63261438802544501 19.363417049936697 2.3659437737977824 0.35588037541285428 0.14407582608325048 16.684382928863482 16.536937448267057 1.3488563346028002 6.3963118133265811 0.93419468834912467 0.50624272296586981 15.109585528751779
decision_type=10 2 2 2 10 2 2 2 2 10 10 10 2 2
left_child=2 5 3 4 10 6 -2 8 9 -8 -1 -12 13 -13
right_child=1 -3 -4 -5 -6 -7 7 -9 -10 -11 11 12 -14 -15
leaf_value=0.00061177432314121012 0.0028409527162507678 -0.010658315001701883 -0.0043899428934268594 -0.0014243499024814987 0.0036419642216359259 -0.0043267629689141083 -0.0055280641043406282 -0.0056200694934831468 0.0058951147679231026 0.0004015553620066684 -0.004323447611435589 0.0038050549189094494 -0.0085576901372161791 0.0096990481865578439
leaf_weight=12342978.690485954 279444.92862701416 119217.70751953125 4762762.3002934456 1544627.4969177246 199163.40391540527 343678.7578125 807125.25489664078 159914.47680664062 111129.7861328125 1515453.7084457874 312687.94353485107 393346.39350891113 128665.90099334717 365437.0302734375
leaf_count=10080 251 20 13249 918 70 68 2876 35 26 5927 405 517 87 119
internal_value=-0.000149695 -0.00487308 0.000636206 0.00192227 0.00274 -0.0034152 -0.00169959 -0.00341371 -0.00183362 -0.0033674 0.00244591 0.00977696 0.0151171 0.0191077
internal_weight=2.33856e+07 3.33596e+06 2.00497e+07 1.52869e+07 1.37423e+07 3.21675e+06 2.87307e+06 2.59362e+06 2.43371e+06 2.32258e+06 1.35431e+07 1.20014e+06 887449 758783
internal_count=34648 9203 25445 12196 11278 9183 9115 8864 8829 8803 11208 1128 723 636
is_linear=0
shrinkage=0.05


Tree=32
num_leaves=15
num_cat=0
split_feature=10 9 22 20 14 25 24 26 1 21 6 26 25 8
split_gain=45570.1 40519.8 37596.5 37302.3 33817.3 36312.6 33549.3 40298.9 80605 53057.1 39523.7 32421.4 32323.2 30982.7
threshold=0.061003165100905705 0.099641508914028162 19.612712971140649 0.05203257581059121 0.89102330145622111 1.0000000180025095e-35 0.76154620333277312 0.25000000000000017 16.84045422280521 10.896494053253278 17.129815940530211 -0.24999999999999997 -0.93301270189221919 0.76378148543790769
decision_type=2 2 2 10 10 2 8 2 2 10 2 2 2 2
left_child=1 11 13 4 -3 12 10 9 -9 -8 -7 -1 -6 -2
right_child=2 3 -4 -5 5 6 7 8 -10 -11 -12 -13 -14 -15
leaf_value=-0.0011272054897757294 0.0015186460145094087 -0.0065941518139721851 0.0051133903301936699 -0.0043612627238306537 0.0012886602824669564 0.0027884367316841287 1.2729499056988898e-06 -0.0012087298181228268 -0.0041541733447832269 0.0023807336570334614 0.0069941887326657598 0.0024507272932117498 -0.0021464279185392935 -0.0061530396737011763
leaf_weight=162218.04389953613 6196444.0672135353 1872946.6641763449 817336.88236236572 805852.67175149918 926383.47020077705 1280147.952026844 2732008.093931675 1481924.5056176186 182079.662109375 852006.68472003937 103056.1630859375 236918.42028808594 4248638.9808958769 1358891.8855073452
leaf_count=119 7226 3843 629 1032 1289 1698 3769 2166 31 677 18 154 6093 5645
internal_value=0.000316565 -0.00134342 0.00326754 -0.00177647 -0.00116062 -0.000170439 0.0022792 0.00045337 -0.00597686 0.00343883 0.00920658 0.0143725 -0.00330938 0.00216553
internal_weight=2.32569e+07 1.48842e+07 8.37267e+06 1.4485e+07 1.36792e+07 1.18062e+07 6.63122e+06 5.24802e+06 1.664e+06 3.58401e+06 1.3832e+06 399136 5.17502e+06 7.55534e+06
internal_count=34389 20889 13500 20616 19584 15741 8359 6643 2197 4446 1716 273 7382 12871
is_linear=0
shrinkage=0.05


Tree=33
num_leaves=15
num_cat=3
split_feature=10 25 28 15 28 23 19 9 17 29 24 15 1 19
split_gain=43794.4 32172.8 55313.9 61913.6 50629.4 49864 62032.3 56712.3 48396.9 37221.3 37176.2 34622 33916.6 32497.6
threshold=-1.0901649903774835 0.68301270189221941 0 19.304735945379395 1 -2.0808519107870547 -0.010786498609322749 0.13827813384070328 0.12005163561103827 2 6.1185926698610364 19.363417049936697 16.150297738002418 -0.0083378322809124477
decision_type=2 2 1 2 1 10 2 2 2 1 10 2 2 2
left_child=-1 4 9 13 11 12 8 -8 -7 -3 -5 -2 -6 -4
right_child=1 2 3 10 5 6 7 -9 -10 -11 -12 -13 -14 -15
leaf_value=-0.024016139712800432 0.0013355656350832121 0.0097179141508556433 0.0016554554390606682 0.0016075967480499301 -0.00707419595351012 -0.0019746323021301321 0.0026736550886163452 4.4253372046608539e-05 -0.0050211514491987005 0.0031002849855226344 0.0090423199358087916 -0.0015016788681175969 -0.0093910208786776358 -0.0024388166217718986
leaf_weight=563180.95496928692 8515086.1460311413 358158.52429199219 1934745.4487900734 446895.00096130371 366638.99678039551 1496375.3224873543 211708.50323486328 3487439.33796525 1069522.926940918 1087342.5667362213 208938.73180389404 1699847.0000534058 170464.5927734375 1725597.5487093925
leaf_count=2618 12555 105 3086 399 768 3311 97 5196 395 1546 207 1551 39 2739
internal_value=0.00033967 0.000680212 0.00390958 0.00107444 -0.000413193 -0.00375532 -0.00250188 0.0016418 -0.00847564 0.012375 0.0152219 0.00181234 -0.0183762 -0.0014604
internal_weight=2.33419e+07 2.27788e+07 5.76168e+06 4.31618e+06 1.70171e+07 6.80215e+06 6.26505e+06 3.69915e+06 2.5659e+06 1.4455e+06 655834 1.02149e+07 537104 3.66034e+06
internal_count=34612 31994 8082 6431 23912 9806 8999 5293 3706 1651 606 14106 807 5825
cat_boundaries=0 1 2 3
cat_threshold=544 323 16
is_linear=0
shrinkage=0.05


Tree=34
num_leaves=15
num_cat=0
split_feature=10 17 22 27 15 17 19 8 26 17 22 15 24 5
split_gain=50692.1 40529.5 35741.5 34107.7 45866.4 33723.9 32745.3 30221.1 31418.7 54895.8 28565.3 29918.5 27005.1 41617.2
threshold=-0.020832447195937496 0.39211591187223777 19.365988340097658 6.5000000000000009 17.809145887374708 0.22619975375775667 0.027603022798991603 0.77450898445741723 -0.5 0.051978863781600708 19.62016056693923 19.242938431960084 0.80042292159832307 14.620793532289065
decision_type=2 2 2 2 2 2 2 2 2 2 2 2 8 2
left_child=6 2 7 4 -4 10 12 8 9 -2 -5 -12 13 -1
right_child=1 -3 3 5 -6 -7 -8 -9 -10 -11 11 -13 -14 -15
leaf_value=-0.0017634294166961511 0.0015794569438077185 -0.0019751547765334563 0.001847987650277591 0.0057392460050989663 0.0059059642507861363 -0.0050706374844128347 -0.0031846381178305414 -0.006151225019047149 0.0019729169874597107 -0.0022584660419729397 0.0029382559725435096 -0.0054795829795412955 -0.00089552588006270694 0.0028261620413117575
leaf_weight=1019647.7855219841 1986094.3283214569 686763.48919677734 273434.44710540771 239568.11844480038 420471.82109069824 335536.82202148438 2412907.4677929878 1533579.2342340946 5269228.4162559509 925050.04727172852 300308.06268692017 123516.10894775391 7106013.200694561 880560.21740722656
leaf_count=2336 2795 265 386 212 149 72 3700 6374 6428 419 303 62 10947 267
internal_value=6.89244e-05 0.00232487 0.0030351 0.00973959 0.018255 0.00382435 -0.00232026 0.00186672 0.00307424 -0.00109464 0.010358 0.00255745 -0.000934374 0.00436024
internal_weight=2.35127e+07 1.20936e+07 1.14068e+07 1.69284e+06 693906 998929 1.14191e+07 9.71395e+06 8.18037e+06 2.91114e+06 663392 423824 9.00622e+06 1.90021e+06
internal_count=34715 17465 17200 1184 535 649 17250 16016 9642 3214 577 365 13550 2603
is_linear=0
shrinkage=0.05


Tree=35
num_leaves=15
num_cat=2
split_feature=29 10 17 14 11 22 22 9 21 25 5 28 21 25
split_gain=47095.9 49284.2 39752.3 30966.1 33123.9 55509.8 56797.8 39199.4 29949.7 32327.6 53036.6 39562.6 39565.7 26090.8
threshold=0 0.042949091005053355 0.44081722901546433 0.89102330145622111 -0.074499969512946643 19.607205262989968 17.761716877746604 0.13827813384070328 11.104263422778596 -0.6830127018922193 16.793627513211842 1 10.583531120727168 1.0000000180025095e-35
decision_type=1 2 2 8 2 2 2 2 8 2 2 1 10 2
left_child=1 3 8 -1 5 6 -5 -8 9 11 -11 12 -3 -6
right_child=-2 2 -4 4 13 -7 7 -9 -10 10 -12 -13 -14 -15
leaf_value=-0.0055252466525496698 -0.0030221588669342809 0.0031307696313817262 -0.0032553790162066771 0.0039299698169063361 -0.0023149254504450214 0.0061702124905467295 0.001511645694939486 -0.0018420798400416922 -0.0041774653255833181 0.0031596515805593279 0.0038834967793128592 0.0015888268922642839 -0.012173585017081958 0.0004290199923871283
leaf_weight=1615299.2491725683 5215581.3689877987 125936.64386749268 281053.89978027344 1797577.6666035652 2600353.7900452614 378362.78780174255 263233.94781494141 1139074.8185095787 337580.15374922752 3936660.2884647846 683850.29760742188 1417745.5676314831 212565.53010559082 3288968.8055176735
leaf_count=3192 12589 173 130 2801 2633 209 98 912 482 6141 130 1907 121 3022
internal_value=0.000531303 0.00173888 0.00502486 -0.0003352 0.000756478 0.00455066 0.00240922 -0.00513285 0.00579601 0.00656435 0.0087592 0.000789925 -0.0145679 -0.0015488
internal_weight=2.32938e+07 1.80783e+07 6.99539e+06 1.10829e+07 9.46757e+06 3.57825e+06 3.19989e+06 1.40231e+06 6.71434e+06 6.37676e+06 4.62051e+06 1.75625e+06 338502 5.88932e+06
internal_count=34540 21951 9084 12867 9675 4020 3811 1010 8954 8472 6271 2201 294 5655
cat_boundaries=0 1 2
cat_threshold=29 32
is_linear=0
shrinkage=0.05


Tree=36
num_leaves=15
num_cat=1
split_feature=10 26 22 24 0 22 26 20 20 23 4 28 17 24
split_gain=39170.6 37213.7 53353.7 65620.9 42960.5 36770.6 31988.7 38167.7 30602.8 29688.3 29392.5 28005.9 29859.1 26700.2
threshold=-1.0901649903774835 -0.5 17.36764517752238 7.8914968238984153 16.152874941917947 18.651885674616626 0.25000000000000017 0.025141444953454203 0.04416268415455931 2.1960463750234953 16.554399131064109 0 0.14878762078016677 3.3960136704876702
decision_type=2 2 2 10 2 2 2 10 10 10 2 1 2 10
left_child=-1 2 10 8 -5 -3 -7 11 9 -4 -2 12 -8 -13
right_child=1 5 3 4 -6 6 7 -9 -10 -11 -12 13 -14 -15
leaf_value=-0.023839546062492098 0.00045201060011064697 -1.8142948071702176e-05 -0.0031191954149312343 0.0023978306968039606 0.0051597465873156039 0.0036952536040166482 0.00034649169308802836 0.0043213990637920655 -0.0056137225229048121 -0.00069585511832135759 0.0030862990876751092 0.0016789243628953622 -0.0074337990450997968 -0.0032393973689012808
leaf_weight=557096.20190548897 3327819.1678398848 11206597.305805445 1673545.6242570877 245238.22230935097 85750.072509765625 1453850.4928530455 165665.55881500244 298503.08854711056 403013.4466342926 1898087.9844743013 168242.87548828125 1447029.280090332 143443.20275878906 394000.76630163193
leaf_count=2564 6187 18222 1455 512 19 1124 243 226 384 2259 41 664 68 659
internal_value=-0.00034891 -3.03737e-05 -0.00283468 -0.00656056 0.0148297 0.00141765 0.00559756 0.00210942 -0.00834183 -0.00686807 0.00175399 -0.000216507 -0.0141426 0.00212174
internal_weight=2.34679e+07 2.29108e+07 7.8017e+06 4.30564e+06 330988 1.51091e+07 3.90249e+06 2.44864e+06 3.97465e+06 3.57163e+06 3.49606e+06 2.15014e+06 309109 1.84103e+06
internal_count=34627 32063 10857 4629 531 21206 2984 1860 4098 3714 6228 1634 311 1323
cat_boundaries=0 1
cat_threshold=68
is_linear=0
shrinkage=0.05


Tree=37
num_leaves=15
num_cat=0
split_feature=14 17 9 14 24 15 17 21 22 8 19 3 18 27
split_gain=47822.6 68088 46484.9 49048.3 43977.9 43154.3 55167.8 42572 50829.7 69759.1 47129.4 42193.3 38251.1 45314.7
threshold=2.3864374454103636 0.35588037541285428 0.63261438802544501 1.4601957803951482 5.5156877989882709 19.354651923403164 0.054653862295155356 11.104263422778596 19.600808566351393 0.16739021057928191 -0.031869132652534493 16.850451675266942 0.17109761809175791 10.500000000000002
decision_type=10 2 2 8 10 2 2 10 2 2 2 2 10 2
left_child=2 11 3 5 7 6 -1 8 10 -10 -5 -2 -12 -14
right_child=1 -3 -4 4 -6 -7 -8 -9 9 -11 12 -13 13 -15
leaf_value=0.0017076717569696497 -0.002281413133779091 -0.0044933312236285598 -0.0042360800836995895 -0.0017398634800713489 0.0043526159483915005 -0.0040069416270344894 -0.0029762682770431703 -0.0013143621088041362 -4.871245959180548e-05 0.0057463689703343987 -0.00012951440642042098 0.0026958835713301829 0.0013373037530625938 0.0052427665824731681
leaf_weight=4933181.5875269175 2586793.7338650227 398301.63037109375 4747085.587526083 781530.37725830078 625399.37895965576 1076694.6800842285 1599347.6954956055 548385.12742614746 462688.26071166992 626137.86524963379 1697292.1700782776 182127.22900390625 2586139.9077377319 531994.62542724609
leaf_count=5537 8964 75 13223 460 526 829 1301 313 121 258 1559 38 1124 231
internal_value=0.000241053 -0.00547166 0.00113606 0.00246427 0.00523455 -0.000397159 0.00113152 0.00413486 0.00523337 0.0151178 0.00331047 -0.0026912 0.00515887 0.00844667
internal_weight=2.33831e+07 3.16722e+06 2.02159e+07 1.54688e+07 7.85957e+06 7.60922e+06 6.53253e+06 7.23417e+06 6.68578e+06 1.08883e+06 5.59696e+06 2.76892e+06 4.81543e+06 3.11813e+06
internal_count=34559 9077 25482 12259 4592 7667 6838 4066 3753 379 3374 9002 2914 1355
is_linear=0
shrinkage=0.05


Tree=38
num_leaves=15
num_cat=1
split_feature=29 10 5 6 14 11 22 22 19 18 24 3 6 19
split_gain=36028.5 42058.6 43175.7 40020.3 39704.5 33358.4 61877.9 60487.3 52142.5 41268.6 37558.2 37383.2 36466.9 32429.1
threshold=0 0.042949091005053355 17.382494435338344 16.803986779003264 0.4906323956972567 -0.077904549126598596 19.607205262989968 17.761716877746604 0.026742964172620756 0.14153482940193327 0.70292538345719902 16.690778174436563 17.129815940530211 -0.035637932706194649
decision_type=1 2 2 2 8 2 2 2 2 10 8 2 2 2
left_child=1 4 3 -3 -1 6 7 -6 10 -8 12 -10 -7 -12
right_child=-2 2 -4 -5 5 8 9 -9 11 -11 13 -13 -14 -15
leaf_value=-0.0081425609714518687 -0.00282457909974081 0.0018988960641400155 -0.0025232752375112977 0.0028668814300535014 0.0038413879203149878 0.0015150882346139118 0.0017234256877374406 -0.0014138494677517265 -0.0025965924600632774 0.006605737864006804 -0.0045318221459928537 -0.0046959486646192348 0.0049254943357610673 0.00012631499893946951
leaf_weight=685669.50456035137 5165324.7711045742 5901564.7620025873 481902.8515625 706552.1318359375 2009024.9178738594 799881.01433944702 182251.55842399597 1519024.9097366333 1047227.4225444794 220295.51245117188 665424.88106536865 328741.26953125 135929.56103515625 3580944.2230734825
leaf_count=1467 12593 8867 74 146 3296 860 205 1145 1408 46 670 61 24 3646
internal_value=0.00057702 0.00161971 0.0046319 0.00568558 -0.000291488 0.000470544 0.00411281 0.00199372 -0.00171243 0.0226852 0.000584897 -0.0103646 0.00965226 -0.00141336
internal_weight=2.34298e+07 1.82644e+07 7.09002e+06 6.60812e+06 1.11744e+07 1.04887e+07 3.9306e+06 3.52805e+06 6.55815e+06 402547 5.18218e+06 1.37597e+06 935811 4.24637e+06
internal_count=34508 21915 9087 9013 12828 11361 4692 4441 6669 251 5200 1469 884 4316
cat_boundaries=0 1
cat_threshold=29
is_linear=0
shrinkage=0.05


Tree=39
num_leaves=15
num_cat=3
split_feature=26 9 24 22 11 0 0 16 4 25 23 28 29 28
split_gain=41038 55204.2 44437.2 45825.6 43999.6 96286.3 58040.9 66667.6 40682.2 39948.1 32185.1 31913.6 30625.6 30287.5
threshold=-0.5 0.099641508914028162 7.8914968238984153 17.36764517752238 0.050548495316121413 17.419860989426706 16.272741767951768 18.36763154562799 16.554399131064109 0.25000000000000011 2.5228400253385952 0 1 2
decision_type=2 2 10 2 2 2 2 2 2 2 10 1 1 1
left_child=2 -2 3 -1 6 -6 -3 -8 -4 10 11 -5 -11 -14
right_child=1 4 8 9 5 -7 7 -9 -10 12 -12 -13 13 -15
leaf_value=0.0002057253842663452 0.0028836467314122274 0.00074443042292612492 0.003627181132010378 -0.0017843935940180648 -0.00026981105356124524 -0.0044285777343207088 0.0028168203767557653 -0.00020458327563577087 0.0043743519726467863 -0.013254875560573198 -0.0023665516465153297 -0.0056322420792262618 0.0053125975607289377 0.00010722692851568267
leaf_weight=3293512.7951711416 332855.59016418457 6908707.5296379328 525603.88888573647 426244.47905445099 6303824.3903212547 278580.029296875 1101364.0075683594 656099.27685546875 73591.44287109375 203833.77954483032 1440888.8233087063 1162992.3725962639 125449.10129165649 673772.46171808243
leaf_count=6231 193 12165 1028 628 10030 39 252 130 16 363 1848 842 76 676
internal_value=0.000153156 0.00164314 -0.00277599 -0.00384665 0.00120343 -0.00187835 0.0035442 0.0116572 0.0103155 -0.00742 -0.010283 -0.0151897 0.00122892 0.00564113
internal_weight=2.35073e+07 1.55814e+07 7.92589e+06 7.32669e+06 1.52486e+07 6.5824e+06 8.66617e+06 1.75746e+06 599195 4.03318e+06 3.03013e+06 1.58924e+06 1.00306e+06 799222
internal_count=34517 22809 11708 10664 22616 10069 12547 382 1044 4433 3318 1470 1115 752
cat_boundaries=0 1 2 3
cat_threshold=89 2 512
is_linear=0
shrinkage=0.05


Tree=40
num_leaves=15
num_cat=1
split_feature=10 19 1 19 25 20 28 24 10 19 2 21 1 14
split_gain=32196.2 29024.8 44472.7 30083.5 22841.9 32042.1 28847.6 29756.5 30203.1 31336.3 48118.7 32824.7 36245.5 28550.8
threshold=-1.0901649903774835 -0.058059964860614648 16.272388657055533 0.071218089062251702 0.68301270189221941 -0.063597480440391138 0 6.5933856730851659 0.12127513645696457 -0.0083378322809124477 16.395876229078294 11.037231308731972 16.84045422280521 2.3864374454103636
decision_type=2 2 2 2 2 8 1 10 2 2 2 10 2 10
left_child=-1 2 -2 4 13 -6 -7 8 9 11 -11 12 -8 -3
right_child=1 3 -4 -5 5 6 7 -9 -10 10 -12 -13 -14 -15
leaf_value=-0.020186884213735608 -0.0010628462075409266 0.000379495923227879 -0.0046858839670711012 -0.0096202310337024505 0.0042766053232848556 0.0037547992580821369 0.0010371399162595232 0.005897001138592017 0.0034548422378881428 -0.0020797854331530093 -0.0044689852892650208 -0.0026588030321636254 0.0058941049603082598 -0.0023699891305513235
leaf_weight=548967.79392886162 684064.28668642044 13971435.802888155 167471.71948242188 189886.70901870728 132661.58358812332 1337826.0297284126 1140481.1655101776 526016.90095806122 841964.89470148087 1156818.0393943787 197519.22143554688 94925.175738334656 84332.306640625 2217011.1257646084
leaf_count=2546 1183 16714 37 248 126 1689 1670 839 1631 1737 38 93 15 5893
internal_value=0.000355686 0.000644508 -0.00841212 0.000996802 0.00117019 0.00395004 0.00335144 0.00124504 -0.000414288 -0.00301462 -0.00835765 0.00246849 0.00466373 0.00022358
internal_weight=2.32914e+07 2.27424e+07 851536 2.18909e+07 2.1701e+07 5.51255e+06 5.37988e+06 4.04206e+06 3.51604e+06 2.67408e+06 1.35434e+06 1.31974e+06 1.22481e+06 1.61884e+07
internal_count=34459 31913 1220 30693 30445 7838 7712 6023 5184 3553 1775 1778 1685 22607
cat_boundaries=0 1
cat_threshold=672
is_linear=0
shrinkage=0.05


Tree=41
num_leaves=15
num_cat=0
split_feature=10 25 25 26 16 11 0 0 15 6 16 26 17 15
split_gain=38836.5 28115.4 49301.3 61161.4 46163.9 34148.7 62929.2 31793 28497.4 35012.8 57223.4 36338.6 27906.9 27333.3
threshold=-1.0901649903774835 -0.24999999999999997 -0.93301270189221919 0.6830127018922193 16.073408910566762 0.08656168567912291 17.419860989426706 17.419860989426706 17.078457952410592 16.964547881697367 16.4547010273733 0.6830127018922193 0.046427168937550709 18.139697170727047
decision_type=2 2 2 2 2 2 2 2 2 2 2 2 2 2
left_child=-1 2 -2 4 -4 6 8 -7 -3 10 12 -12 -10 -6
right_child=1 5 3 -5 13 7 -8 -9 9 -11 11 -13 -14 -15
leaf_value=-0.021188356894174323 0.0020932039290427994 -0.00081163963452709912 -0.001305542617235169 0.0013910476551934471 -0.0028520389222962419 -0.00017319533336205466 0.0045428881426371626 -0.0013914207776004033 0.0022564521042786538 -0.00050354049293912595 0.0042411622561225265 6.5975065371947294e-05 -0.0039619664219250278 -0.0037852043456741836
leaf_weight=569422.04880416393 1925422.8399685621 1861935.2478154898 3194732.2474250793 1736335.6717476845 1297693.555934906 4710550.7811589241 216628.841796875 211700.32421875 3679020.7234995365 719799.67919921875 1155477.9660644531 436855.6468963623 263419.78002929688 1282702.327495575
leaf_count=2573 2681 4685 6573 2451 1152 7416 32 30 5507 133 459 190 111 427
internal_value=0.000199402 0.000523031 -0.00156283 -0.00339255 -0.00586646 0.00200801 0.00395848 -0.00129403 0.00324863 0.00486512 0.00621421 0.0142139 0.00298317 -0.0108406
internal_weight=2.32617e+07 2.26923e+07 9.43689e+06 7.51146e+06 5.77513e+06 1.32554e+07 8.33314e+06 4.92225e+06 8.11651e+06 6.25457e+06 5.53477e+06 1.59233e+06 3.94244e+06 2.5804e+06
internal_count=34420 31847 13284 10603 8152 18563 11117 7446 11085 6400 6267 649 5618 1579
is_linear=0
shrinkage=0.05


Tree=42
num_leaves=15
num_cat=0
split_feature=9 24 15 27 22 7 10 24 22 7 14 21 9 14
split_gain=30806.8 33671.2 36892.5 32039.1 34627.5 48747 29124.8 39606.8 31708.4 160850 43858 42236 55011.5 41567.5
threshold=0.63261438802544501 7.8914968238984153 19.406561740727586 9.5000000000000018 18.474196691413308 16.109296304012165 0.11389723311351392 1.9737141019610702 19.617331230798943 16.98736325551755 1.1947886878439473 10.83135179505072 0.099641508914028162 2.2791852349621702
decision_type=2 10 2 2 2 2 2 8 2 2 10 10 2 10
left_child=1 2 6 4 5 -3 8 -8 11 10 -10 -1 -13 -12
right_child=-2 3 -4 -5 -6 -7 7 -9 9 -11 13 12 -14 -15
leaf_value=-0.00026973620780022426 -0.0041087821529719069 0.0069286934468137523 -0.0026711820481094342 -0.0031094164675272151 0.0066234561100853712 -0.0069802139633898686 -5.3039976970174538e-05 0.004019238285377957 -0.020091913027773724 -0.0048323566452236405 0.004989993920376825 0.0061807238490457659 0.0011135276782039366 -0.002765505196623521
leaf_weight=8452018.8598557711 5568694.0712960958 416647.74476623535 608435.45556640625 271883.22981262207 306748.86250305176 140140.40747070312 1982556.4476718903 1851999.4700320959 157723.45687866211 262815.3251953125 374044.78147888184 151364.81718444824 2546940.2502326965 275494.35041809082
leaf_count=8165 18413 668 371 272 214 38 1809 1954 137 43 195 48 2015 201
internal_value=-9.64594e-06 0.00100583 0.000438151 0.00933701 0.0140499 0.00661817 0.000896145 0.00469788 -0.000296775 -0.00851827 0.00254265 0.000492228 0.00593854 0.00828557
internal_weight=2.33675e+07 1.77988e+07 1.66634e+07 1.13542e+06 863537 556788 1.6055e+07 3.83456e+06 1.22204e+07 1.07008e+06 807263 1.11503e+07 2.69831e+06 649539
internal_count=34543 16130 14938 1192 920 706 14567 3763 10804 576 533 10228 2063 396
is_linear=0
shrinkage=0.05


Tree=43
num_leaves=15
num_cat=4
split_feature=10 25 16 29 20 28 25 25 29 24 19 28 19 18
split_gain=28318.4 26969 38125.8 57568.9 34574.4 33005.4 25052.2 26511.7 33323 37887.3 34794.4 31034.6 33293.5 29657.6
threshold=-1.2055482538841609 0.68301270189221941 18.472836192843562 0 -0.063597480440391138 1 -0.93301270189221919 -0.6830127018922193 2 1.6020544337808504 -0.021836054212983447 3 -0.0035655580594122498 0.43169913517137892
decision_type=2 2 2 1 8 1 2 2 1 10 2 1 2 8
left_child=-1 6 3 5 -5 -3 -2 13 10 -10 -9 12 -12 -8
right_child=1 2 -4 4 -6 -7 7 8 9 -11 11 -13 -14 -15
leaf_value=-0.022625485660266439 0.0024336824725548255 0.010970484513280884 -0.0046536917207181481 0.0047590307509030802 0.0006718094021845464 0.0009957839849919093 -0.0037656645550774533 -0.001549373974223371 -0.0041106759357780699 8.0536503998080699e-05 0.0042711487942232182 -0.00033014708986408474 0.0014011762300280804 -7.1109404569273766e-05
leaf_weight=474063.35354793072 1932274.7133414745 319411.18041992188 77933.044708251953 135301.86080169678 4941053.6473455429 364307.84425354004 2052016.252807498 1834141.2219817638 1647494.6785199642 2310139.7567293644 915811.03869152069 1459693.2462688684 3133823.8875112534 1793647.822674036
leaf_count=2319 2731 95 26 128 7678 241 3559 2394 2398 3899 888 3200 3068 1881
internal_value=0.000332834 0.000583051 0.0035168 0.00398679 0.00215229 0.017607 -0.000419771 -0.00110374 0.000116526 -0.00358187 0.00210971 0.00409554 0.00634856 -0.00468968
internal_weight=2.33911e+07 2.29171e+07 5.83801e+06 5.76007e+06 5.07636e+06 683719 1.7079e+07 1.51468e+07 1.13011e+07 3.95763e+06 7.34347e+06 5.50933e+06 4.04963e+06 3.84566e+06
internal_count=34505 32186 8168 8142 7806 336 24018 21287 15847 6297 9550 7156 3956 5440
cat_boundaries=0 1 2 3 4
cat_threshold=16 544 13 802
is_linear=0
shrinkage=0.05


Tree=44
num_leaves=15
num_cat=1
split_feature=19 11 23 0 24 23 18 20 15 2 25 28 11 1
split_gain=26735.3 28810.1 35599.9 32256.5 28773.6 27991.1 25868.3 27550.7 27060.3 26300.8 24707.5 31018.2 24133.6 22777.3
threshold=0.0538948132917463 0.050548495316121413 6.7582366309950865 17.156634566241113 20.769463396915004 6.664195412093501 0.52848028837820415 0.075003129718802464 19.381805013860188 14.171090910649712 0.68301270189221941 0 -0.36043592769963684 16.995067760631983
decision_type=2 2 10 2 8 10 8 10 2 2 2 1 2 2
left_child=1 3 5 6 -4 -3 10 8 9 -8 -1 -12 -11 -13
right_child=-2 2 4 -5 -6 -7 7 -9 -10 12 11 13 -14 -15
leaf_value=-0.00048952787637182647 -0.0026906754026081309 -0.00087917692010987833 0.0041779477456380691 0.0012400910002146994 -0.011553158139357781 -0.017266354115655174 0.0017562996381483076 -0.0090657468358115775 -0.0035155699062027488 0.016433232352956403 0.003706074576093401 -8.4418230081081673e-05 0.0023245330526936946 -0.0037986665085210387
leaf_weight=5296107.7017835379 1663950.6137071848 7936327.419829607 1206217.5661561489 763090.14013671875 65111.169204711914 138493.8322429657 1870790.0223324299 84824.041187286377 423651.28853607178 280310.60961914062 985320.88391160965 813249.3161034584 1846778.0202026367 58890.5498046875
leaf_count=9415 2436 11772 2224 127 43 145 3824 73 472 149 1324 1826 814 11
internal_value=0.000177081 0.000644006 -0.00145309 0.00222171 0.00632397 -0.00267754 0.00156992 0.00453718 0.00507867 0.006352 -0.000299287 0.00466254 0.0101553 -0.00220523
internal_weight=2.34331e+07 2.17692e+07 9.34615e+06 1.2423e+07 1.27133e+06 8.07482e+06 1.16599e+07 4.50635e+06 4.42153e+06 3.99788e+06 7.15357e+06 1.85746e+06 2.12709e+06 872140
internal_count=34655 32219 14184 18035 2267 11917 17908 5332 5259 4787 12576 3161 963 1837
cat_boundaries=0 1
cat_threshold=680
is_linear=0
shrinkage=0.05


Tree=45
num_leaves=15
num_cat=1
split_feature=10 8 17 23 20 19 5 17 20 16 28 8 6 10
split_gain=35438.1 41138.4 42867.9 32460.9 31078.9 31128.1 45741.3 28920.8 33178.7 25556.9 24662.3 22739.2 24101 23587.4
threshold=-0.18331093563270331 0.17100216458663789 0.19139240720341238 3.2343031096144554 0.05203257581059121 -0.058059964860614648 15.549813916882114 0.054653862295155356 -0.014474752489416149 16.571547292673412 0 0.32181661440647952 16.30949344286088 -0.0033114177625187999
decision_type=2 2 2 10 10 2 2 2 10 2 1 2 2 2
left_child=1 -1 7 -4 5 6 -2 9 -9 10 -3 13 -13 -7
right_child=4 2 3 -5 -6 11 -8 8 -10 -11 -12 12 -14 -15
leaf_value=-0.0047571818364048534 -0.00032659961648861939 -0.014312672537585053 0.0036549174848837214 -0.0016962191807359717 -0.0020953318371041752 0.00014870945561599883 -0.0053226599004100698 -0.018169452535068902 -0.00061578592801785775 0.0063250063996991082 -0.0011803349004961652 0.00033700414403327008 -0.007493070417271242 0.0014539193570812729
leaf_weight=363481.78784060478 410647.29130315781 654996.056848526 535939.216796875 221980.78100585938 934396.89893960953 3679123.0310459137 174408.98803710938 298297.52481079102 330903.84579467773 411040.33411979675 3323833.4677188396 6241681.1548188925 168399.21923828125 5582405.24243927
leaf_count=390 779 2732 215 121 1029 2706 46 209 257 570 6916 14108 41 4416
internal_value=0.000140314 -0.00312018 -0.00209363 0.00899009 0.00130493 0.00181462 -0.00950909 -0.00376736 -0.0137926 -0.00233044 -0.00355664 0.00223735 -5.19879e-05 0.00382185
internal_weight=2.33315e+07 6.14047e+06 5.77699e+06 757920 1.71911e+07 1.62567e+07 585056 5.01907e+06 629201 4.38987e+06 3.97883e+06 1.56716e+07 6.41008e+06 9.26153e+06
internal_count=34535 11410 11020 336 23125 22096 825 10684 466 10218 9648 21271 14149 7122
cat_boundaries=0 1
cat_threshold=224
is_linear=0
shrinkage=0.05


Tree=46
num_leaves=15
num_cat=1
split_feature=15 9 24 11 8 25 25 28 15 17 19 20 6 17
split_gain=28748.3 30827 34194.9 28229 31249.3 27875.5 26796.5 42505.2 32978.1 25041.3 23279.8 31452.6 34169.7 31663.4
threshold=19.393848674083568 0.63261438802544501 6.3963118133265811 0.66650865740697285 0.21545443286370766 -0.93301270189221919 -0.6830127018922193 0 18.179828606340042 0.12005163561103827 -0.029986948250196144 -0.0055496425183037988 13.461871007364469 0.35588037541285428
decision_type=2 2 10 2 2 2 2 1 2 2 2 8 2 2
left_child=1 2 5 4 -4 -1 7 8 -7 -9 11 13 -13 -8
right_child=-2 -3 3 -5 -6 6 10 9 -10 -11 -12 12 -14 -15
leaf_value=0.0029684575860421661 -0.0019140319665727724 -0.0034322894471579997 0.0043523821812798602 -0.011832765460312021 0.0035118354285833043 -0.002785423724518018 0.0028464112858024118 -0.00066663700700109857 -0.0085863564778157122 0.0024188176280795712 0.00059773844588815626 0.0047162123237068712 -0.0052794109399781639 -0.0024815200301099268
leaf_weight=1218099.1181758642 1200169.9537277222 5313881.773182869 355954.18058776855 86208.432884216309 997866.26610088348 764990.35294723511 725013.6120647192 1077209.5686569214 345678.72640991211 308312.34701538086 9888534.7886772156 213628.814661026 747552.61950683594 140980.25640869141
leaf_count=1125 1130 17870 368 77 1232 674 657 1250 203 148 8866 517 355 53
internal_value=0.000316382 0.000724155 0.00177024 0.00913892 0.0109055 0.00108254 0.000460364 -0.00424321 -0.0115305 0.00159849 0.00146253 -0.0037225 -0.00994928 0.0031887
internal_weight=2.33841e+07 2.21839e+07 1.687e+07 1.44003e+06 1.35382e+06 1.543e+07 1.42119e+07 2.49619e+06 1.11067e+06 1.38552e+06 1.17157e+07 1.82718e+06 961181 865994
internal_count=34525 33395 15525 1677 1600 13848 12723 2275 877 1398 10448 1582 872 710
cat_boundaries=0 1
cat_threshold=572
is_linear=0
shrinkage=0.05


Tree=47
num_leaves=15
num_cat=0
split_feature=14 16 10 11 7 9 17 26 9 9 23 1 17 7
split_gain=36444.4 51173.5 41091 38021.1 49846.7 29539 66505.2 33013.6 26816.6 25404.6 23963.6 26389.6 22205 27328.8
threshold=2.3864374454103636 18.472836192843562 -0.22393485061297361 -0.26101293535925663 14.294688227985311 0.12238891660113292 0.14878762078016677 1.0000000180025095e-35 0.21708761234420867 0.13056622037921709 -2.0808519107870547 16.532859834196291 0.20761420437122818 16.39377301661273
decision_type=10 2 2 2 2 2 2 2 2 2 10 2 2 2
left_child=2 10 8 4 -4 6 7 -5 -1 -7 11 -2 13 -10
right_child=1 -3 3 5 -6 9 -8 -9 12 -11 -12 -13 -14 -15
leaf_value=-0.0052542868466109675 -0.0082291001149760734 -0.0092621801020858451 0.0017970074246479264 -0.0010236289794576048 0.0074847576065178974 -0.0029491251563229502 0.0035035673483271006 0.00093424820073298746 -0.0026565011950389246 0.00024977949219373851 -0.00049770611255576841 -0.0043084669648961252 0.0027141765055050436 -0.013331168935505492
leaf_weight=119379.68858337402 210533.68251800537 307649.42785644531 1347382.8987088203 313131.9451751709 664882.6533203125 239202.50692749023 396549.36651611328 311979.48196411133 3824656.2751381397 12641946.165027857 2642341.2478892803 49871.935546875 431109.28009033203 59971.736572265625
leaf_count=45 852 102 3492 121 351 87 86 120 7423 13608 8107 10 234 15
internal_value=7.08365e-05 -0.00488021 0.000851902 0.00203796 0.00846168 0.00110821 0.00929173 -0.000868751 -0.00340419 0.000459136 -0.0028251 -0.0172965 -0.00275756 -0.00395234
internal_weight=2.35606e+07 3.2104e+06 2.03502e+07 1.59151e+07 2.01227e+06 1.39028e+07 1.02166e+06 625111 4.43512e+06 1.28811e+07 2.90275e+06 260406 4.31574e+06 3.88463e+06
internal_count=34653 9071 25582 17865 3843 14022 327 241 7717 13695 8969 862 7672 7438
is_linear=0
shrinkage=0.05


Tree=48
num_leaves=15
num_cat=0
split_feature=9 24 8 20 24 9 15 21 14 23 22 0 16 11
split_gain=37419.2 48785.2 42516.9 54532.5 34020.6 33611.8 56673.2 32791.1 34050 43133.4 41871.6 43783.5 38320.7 36064.9
threshold=0.14407582608325048 0.48034932442572503 0.096798193245150224 -0.00085447462900219986 2.4077208795437905 0.099641508914028162 19.320833299017838 10.597509584741148 2.3753785055257124 0.93612315783617861 19.593415907659992 17.419860989426706 18.36763154562799 -0.074499969512946643
decision_type=2 8 2 10 10 2 2 8 10 10 2 2 2 2
left_child=1 -1 3 -2 7 -3 -7 -4 10 -10 11 13 -11 -9
right_child=2 5 4 -5 -6 6 -8 8 9 12 -12 -13 -14 -15
leaf_value=0.0029409569704965145 0.0019625788491056243 0.0014705659585646505 0.00043121833296830032 -0.0056251300010526891 0.0010018027671516822 0.00067178059861392738 -0.0015929530873160999 0.00063972010152483518 -0.012406676319609147 -0.00016511303431443214 0.0029667625762324051 -0.007623899237617509 -0.0070424115625310705 -0.002650044684766028
leaf_weight=586295.42532348633 186743.71889519691 289777.89765930176 5804893.0512070656 276704.26009786129 9117639.4129804373 949151.10221099854 254835.26525878906 1774498.8817002773 297670.80231904984 718328.59783935547 359182.29760742188 94637.72900390625 247977.99765014648 2345752.2852773666
leaf_count=199 314 212 10261 132 15755 480 61 2396 499 1492 181 16 55 2571
internal_value=0.00027974 0.0066797 -0.000347487 -0.0153256 -1.31246e-05 0.00188244 -0.00179713 -0.00180427 -0.00445021 -0.0117142 -0.00244291 -0.00383941 -0.00658776 -0.00306709
internal_weight=2.33041e+07 2.08006e+06 2.1224e+07 463448 2.07606e+07 1.49376e+06 1.20399e+06 1.16429e+07 5.83805e+06 1.26398e+06 4.57407e+06 4.21489e+06 966307 4.12025e+06
internal_count=34624 952 33672 446 33226 753 541 17471 7210 2046 5164 4983 1547 4967
is_linear=0
shrinkage=0.05


Tree=49
num_leaves=15
num_cat=2
split_feature=16 10 5 10 1 11 23 0 29 23 19 29 19 25
split_gain=28065.9 30884 23384.7 36905.4 24037.6 20851.7 30283.5 28155.9 26614.2 22123.7 21960.5 20271.6 25734.2 19562.4
threshold=18.650510177953056 -0.41410043547065806 17.131665029836004 0.03295857581619361 16.995067760631983 -0.070000168779436892 5.0390964404623313 16.272741767951768 0 4.8593148467407357 -0.036895586668078545 1 -0.029986948250196144 0.68301270189221941
decision_type=2 2 2 2 2 2 10 2 1 8 2 1 2 2
left_child=1 11 4 -4 5 7 9 8 -3 -7 -8 12 -1 -14
right_child=-2 2 3 -5 -6 6 10 -9 -10 -11 -12 -13 13 -15
leaf_value=-0.0057927714421927585 -0.0043868019327097246 0.0047468461818696295 -2.9764236985877701e-05 0.0023222322923382305 -0.0013272795852521668 -0.00050798014599929262 -0.0038389611022837515 0.0023404507721592922 -0.00010574871685750645 -0.0085792280859804896 0.003141227737129377 -0.0062846853630211912 -4.8737242209823871e-05 0.0077100229743983749
leaf_weight=76256.940452575684 371360.90551757812 1726133.4999330044 774482.18896484375 607058.376953125 518636.80053710938 8673943.7745568752 371763.08386611938 771185.61108398438 4250862.6147642136 195967.43417930603 2364877.3025738001 2304119.5148713589 199258.00974464417 169930.12824630737
leaf_count=94 127 2680 122 105 105 11744 548 186 7884 346 3952 6190 326 164
internal_value=0.000101419 0.000321543 0.000996533 0.00727587 0.000536882 0.000836832 -0.000448184 0.003047 0.00188689 -0.00186682 0.00414985 -0.00465083 0.00511333 0.0105753
internal_weight=2.33758e+07 2.30045e+07 2.02549e+07 1.38154e+06 1.88734e+07 1.83547e+07 1.16066e+07 6.74818e+06 5.977e+06 8.86991e+06 2.73664e+06 2.74956e+06 445445 369188
internal_count=34573 34446 27672 227 27445 27340 16590 10750 10564 12090 4500 6774 584 490
cat_boundaries=0 1 2
cat_threshold=28 20
is_linear=0
shrinkage=0.05


Tree=50
num_leaves=15
num_cat=1
split_feature=11 25 24 27 0 0 16 17 3 28 9 20 10 4
split_gain=29790.3 23686.6 31280.5 28599.5 46140.7 40060.1 29854.1 35725.2 30287.9 27972.4 26932.2 25240.9 24944.6 22206.6
threshold=0.66650865740697285 0.68301270189221941 6.5933856730851659 10.500000000000002 16.84045422280521 16.684382928863482 18.472836192843562 0.24497248980684103 17.445700346247609 0 0.11263565210970426 -0.065599494673786576 -0.50252096685139491 12.988225987307624
decision_type=2 2 10 2 2 2 2 2 2 1 2 8 2 2
left_child=1 3 9 6 5 -5 8 -8 10 -3 -1 -11 -4 -14
right_child=-2 2 12 4 -6 -7 7 -9 -10 11 -12 -13 13 -15
leaf_value=-0.0012582112975589247 -0.0091267854625404141 0.0033942136060115349 -0.0093093666860984674 0.00079039196975230471 0.0044215650913980121 -0.003805084681413141 -0.00061007377822317702 -0.008165355307267903 0.0009117370505268103 0.0040586946370031896 -0.00022477770647306072 -9.1692238029066829e-07 0.0041011733825989582 0.006400297651810923
leaf_weight=365262.78463745117 1017589.1166987419 723174.14182662964 71552.387313842773 2873209.818924427 406411.85595703125 91130.60595703125 290196.44821166992 319983.01898193359 271190.97607421875 105328.66744279861 11965860.55108273 4234526.5877556801 176230.06939220428 324866.61178588867
leaf_count=209 3142 771 186 4730 74 21 161 60 38 94 18092 6057 621 198
internal_value=0.000191061 0.000574191 0.0033746 -0.000377505 0.00373346 0.00156741 -0.00142629 -0.0122276 -0.000903311 0.00212183 -0.00126682 0.000604713 0.0144509 0.0183943
internal_weight=2.32365e+07 2.22189e+07 5.63568e+06 1.65832e+07 3.37075e+06 2.96434e+06 1.32125e+07 610179 1.26023e+07 5.06303e+06 1.23311e+07 4.33986e+06 572649 501097
internal_count=34454 31312 7927 23385 4825 4751 18560 221 18339 6922 18301 6151 1005 819
cat_boundaries=0 1
cat_threshold=640
is_linear=0
shrinkage=0.05


Tree=51
num_leaves=15
num_cat=0
split_feature=25 26 9 9 9 7 10 14 8 22 9 10 3 20
split_gain=25683.9 32375.4 34432.3 31333.9 32901.5 37468.7 27703.1 25133.2 24901.9 36160.2 36105.1 21905.5 28943.4 24217.5
threshold=-0.24999999999999997 -0.24999999999999997 0.14407582608325048 0.16480325760715323 0.31823383458751148 16.293698930881778 0.03295857581619361 -0.40525054065368621 0.12460012248063866 18.66055157771083 0.17453154080605807 0.099490246868353574 15.400587266853529 -0.065599494673786576
decision_type=2 2 2 2 2 2 2 8 2 2 2 2 2 8
left_child=1 8 6 -4 -5 -6 -3 -2 9 -1 -10 13 -13 -9
right_child=7 2 3 4 5 -7 -8 11 10 -11 -12 12 -14 -15
leaf_value=-0.0015406506730487673 -0.0093419816746880581 0.00013947525174853455 -0.0033741184849239167 0.0013090619881574233 -0.001427265546715477 -0.010814388577502065 0.0034220958644589471 0.0036643770404719313 0.0011616185400831333 -0.0069374271483328273 -0.003417741207346647 0.0016840112238431519 0.0031558328661531682 -1.9116256085535655e-05
leaf_weight=261263.45962572098 108348.02079725266 249393.2179107666 258466.64677429199 1599715.2410068512 3114082.346353054 144857.68334960938 257595.39260864258 258675.62361192703 261392.91758728027 184924.71685409546 3204604.4796689749 2860962.4485348463 687043.99438476562 9664306.339370966
leaf_count=173 244 135 141 1251 6800 34 84 311 143 70 5427 6413 197 12993
internal_value=-3.21951e-05 -0.00202102 0.000408777 -0.00082266 7.97603e-05 -0.00280296 0.0128379 0.00136449 -0.00551408 -0.0166322 -0.00408281 0.0015574 0.00492931 0.000351765
internal_weight=2.31156e+07 9.5363e+06 5.62411e+06 5.11712e+06 4.85866e+06 3.25894e+06 506989 1.35793e+07 3.91219e+06 446188 3.466e+06 1.3471e+07 3.54801e+06 9.92298e+06
internal_count=34416 14258 8445 8226 8085 6834 219 20158 5813 243 5570 19914 6610 13304
is_linear=0
shrinkage=0.05


Tree=52
num_leaves=15
num_cat=1
split_feature=19 29 1 7 15 18 22 18 18 11 21 9 14 15
split_gain=33808.9 25168.8 41272 59892.8 24597.8 39874 34208.2 48287.3 37665.4 32672 60501.3 40483 33034.1 64254
threshold=0.071218089062251702 0 15.80192062988186 15.27065450272619 17.124395582223048 0.064534407541223415 19.623793835603895 0.66387493325288449 0.21373264058444422 0.15103904149881583 7.6411112733216315 0.16989039898214703 1.7102166426109984 18.240697324411439
decision_type=2 1 2 2 2 10 2 10 10 2 8 2 10 2
left_child=1 4 3 -3 5 -1 9 8 -8 12 -11 -12 -6 -14
right_child=-2 2 -4 -5 6 -7 7 -9 -10 10 11 -13 13 -15
leaf_value=0.0010214623679452555 -0.0099819294964593134 -0.0029324206917368998 -0.013656806607691786 0.0046180763018663631 0.0015144690335635231 -0.0020166130970986676 0.0029102150202630203 -0.0013177361879901435 0.0053999234483357869 0.0088198170883111941 -0.0050594609027886433 -0.00089787218383759269 0.00056018132145644402 -0.0037274395988944145
leaf_weight=2727705.6944589615 185579.24461174011 4546828.3006269932 222054.08520507812 367478.892578125 5601816.0642899275 1821455.3272247314 443157.11752319336 250785.69018554688 296549.36572265625 320919.94558143616 275181.55392456055 2675203.020096302 2841780.4910793304 845273.11280012131
leaf_count=8152 278 12181 83 149 4889 1993 304 52 69 456 82 3116 2200 523
internal_value=0.000309482 0.000479251 -0.00260982 -0.0016571 0.00135587 -0.00182537 0.00242386 0.0113698 0.0177979 0.00171838 -0.00257877 -0.00482137 0.00323173 -0.000443584
internal_weight=2.34218e+07 2.32362e+07 5.13636e+06 4.91431e+06 1.80998e+07 4.54916e+06 1.35507e+07 990492 739706 1.25602e+07 3.2713e+06 2.95038e+06 9.28887e+06 3.68705e+06
internal_count=34527 34249 12413 12330 21836 10145 11691 425 373 11266 3654 3198 7612 2723
cat_boundaries=0 1
cat_threshold=29
is_linear=0
shrinkage=0.05


Tree=53
num_leaves=15
num_cat=0
split_feature=10 15 20 27 17 15 0 11 3 16 23 0 22 22
split_gain=30968.7 20308.2 20526.3 27353.5 19265 18856.5 39144.2 36130.5 31293.8 30179.1 27099.7 25482.5 23503.8 21481.3
threshold=-0.43396823784931277 19.381805013860188 0.05203257581059121 10.500000000000002 0.12005163561103827 19.217144507318054 17.419860989426706 0.12804778057018137 16.536937448267057 18.213483320293424 3.9271851939580404 17.156634566241113 17.276193377882166 17.396444931912352
decision_type=2 2 10 2 2 2 2 2 2 2 10 2 2 2
left_child=-1 2 5 -4 -5 6 11 9 12 10 13 -2 -9 -7
right_child=1 -3 3 4 -6 7 -8 8 -10 -11 -12 -13 -14 -15
leaf_value=-0.0041503293380608748 0.00020801886553328751 -0.0013953241821611244 -0.0031921675130301566 -0.00072924772739556168 0.0045386882946058206 0.0021014884313976987 -0.0049092886031220223 -0.0019685695174363519 -0.0018952702613383142 0.0026093749859809222 0.0058624066400342172 0.0020072127560397664 0.0038699727585938763 -0.0015484335934783991
leaf_weight=2549416.4135143757 12294232.442320108 1333258.5041275024 900061.35522222519 94447.622364521027 71527.299011230469 1455427.9377810955 306877.53759765625 1072622.6030807495 286908.140625 337287.5673828125 999662.0849609375 402816.94873046875 542047.56147766113 772926.98636627197
leaf_count=6564 20630 1131 1008 204 27 1532 49 1294 53 53 1026 74 482 516
internal_value=0.000554438 0.00118992 0.00159736 -0.00514877 0.0135024 0.00198672 0.000950881 0.00445063 -0.00111518 0.00741919 0.0059322 0.00137736 0.0015886 0.00286375
internal_weight=2.34195e+07 2.08701e+07 1.95368e+07 1.06604e+06 165975 1.84708e+07 1.30039e+07 5.46688e+06 1.90158e+06 3.5653e+06 3.22802e+06 1.2697e+07 1.61467e+06 2.22835e+06
internal_count=34643 28079 26948 1239 231 25709 20753 4956 1829 3127 3074 20704 1776 2048
is_linear=0
shrinkage=0.05


Tree=54
num_leaves=15
num_cat=0
split_feature=19 19 9 24 25 25 8 4 21 23 21 27 22 7
split_gain=28347.1 24609.1 22130.6 26762.8 35091.2 33777.7 40322.3 31683.2 57271 45333.3 61502.9 45082.2 36163.1 30789.1
threshold=0.0538948132917463 0.055362550854933253 0.63261438802544501 5.3140313342831904 1.0000000180025095e-35 -0.93301270189221919 0.11957039339654042 15.157226915591695 11.052118412003972 0.27521096291274455 10.912215497723921 10.500000000000002 21.040452452046065 15.413491738038497
decision_type=2 2 2 10 2 2 2 2 8 10 10 2 2 2
left_child=2 -2 3 5 -5 6 -1 13 9 -9 11 12 -11 -7
right_child=1 -3 -4 4 -6 7 -8 8 -10 10 -12 -13 -14 -15
leaf_value=0.0043649852072593538 -0.0077639514472683359 -0.0011160898360501089 -0.0026199037833631819 0.00014310079550404755 0.0035182779758128608 0.00087980507096645883 0.0019436869914515984 0.003188459590148433 -0.0031962626279975533 -0.0017720682102968989 0.0012844789042224694 0.0012431270933375917 0.0030630187887358035 0.010647896345935583
leaf_weight=196705.42018890381 377746.09960699081 1293535.8785698414 5160145.7884817123 981867.14537811279 1099793.0961313248 7262669.2256052494 886984.39895820618 682954.20361328125 655870.62280273438 2908445.6999511719 999774.21484375 625479.30712890625 316639.58056640625 107406.37133789062
leaf_count=75 541 1877 17180 1131 1297 9956 843 221 148 944 197 197 84 43
internal_value=0.000448782 -0.00582774 0.000928105 0.00181128 0.00711606 0.00105715 0.00955161 0.000378249 -0.00225922 -0.000603298 -0.00230153 -0.00517046 -0.00755303 0.00259311
internal_weight=2.3556e+07 1.67128e+06 2.18847e+07 1.67246e+07 2.08166e+06 1.46429e+07 1.08369e+06 1.35592e+07 6.18916e+06 5.53329e+06 4.85034e+06 3.85056e+06 3.22509e+06 7.37008e+06
internal_count=34734 2418 32316 15136 2428 12708 918 11790 1791 1643 1422 1225 1028 9999
is_linear=0
shrinkage=0.05


Tree=55
num_leaves=15
num_cat=0
split_feature=9 23 2 0 18 26 14 20 19 2 3 21 0 11
split_gain=35335 87698.5 39778 25050 31692.5 50889.5 46667.4 28606.9 26982.7 21909.4 17550.3 18166.1 43999.8 31135.2
threshold=0.099641508914028162 2.2637526207970207 17.4270168375546 16.272741767951768 0.66387493325288449 1.0000000180025095e-35 2.3208692223973153 0.048319697470155257 0.0035602670693549504 15.321986804136829 16.3974896391274 10.583531120727168 14.513399953409595 -0.37642231387363795
decision_type=2 10 2 2 10 2 10 10 2 2 2 8 2 2
left_child=1 -1 3 7 6 -6 8 10 -5 -9 11 12 -2 -14
right_child=2 -3 -4 4 5 -7 -8 9 -10 -11 -12 -13 13 -15
leaf_value=-0.00066245735621224436 -0.00048930574104842498 0.0048037007915800482 -0.0019566304019754135 0.003007775038606714 0.0016667229375797816 -0.0029863930552917195 1.9575786418177278e-05 -0.0030000242300998146 0.00031969426476258006 -0.0071661846491698688 -0.0020392873220035153 -0.00073202167186473628 0.014273687331916883 0.0019568114850487721
leaf_weight=253201.89916992188 7755672.3324266672 241042.7013092041 767799.33544921875 591540.51416015625 611999.068359375 579161.5634765625 1195850.7421875 892666.05498981476 453035.90893554688 216238.79956054688 427550.58447265625 6075475.7412877083 227655.43237304688 3096056.2736206055
leaf_count=104 20047 174 111 134 153 149 252 1688 100 81 119 9659 117 1596
internal_value=0.000141143 0.0133682 -0.000144449 0.000243849 0.00417052 -0.00241941 0.00767417 -0.00047706 0.0153953 -0.00826598 1.41796e-05 0.000263567 0.00146843 0.00628165
internal_weight=2.33849e+07 494245 2.28907e+07 2.21229e+07 3.43159e+06 1.19116e+06 2.24043e+06 1.86913e+07 1.04458e+06 1.1089e+06 1.75824e+07 1.71549e+07 1.10794e+07 3.32371e+06
internal_count=34484 278 34206 34095 788 302 486 33307 234 1769 31538 31419 21760 1713
is_linear=0
shrinkage=0.05


Tree=56
num_leaves=15
num_cat=0
split_feature=16 7 10 8 6 20 14 22 5 25 22 22 3 22
split_gain=38078.1 62099.1 29749.6 40057.6 32357.7 21735 21427.9 26783.1 24940 21658.3 34167.7 34750.6 38873 22621.5
threshold=18.650510177953056 17.376805783880858 0.096112965020435717 0.34989924431085156 16.964547881697367 0.05149265664784921 0.4906323956972567 18.900000702514706 14.242432402050637 1.0000000180025095e-35 17.984736745364881 17.796530112971812 14.597023301625571 19.623793835603895
decision_type=2 2 2 2 2 10 8 2 2 2 2 2 2 2
left_child=1 2 4 -4 5 6 7 8 -1 10 11 -8 -13 -11
right_child=-2 -3 3 -5 -6 -7 9 -9 -10 13 -12 12 -14 -15
leaf_value=-0.0062142095696853823 -0.0040424169955713919 0.0026005493270683179 0.0020773426147861406 -0.00096672882326274121 -0.0011215507191210247 -0.0038970578327685934 -0.00038076600080311088 -0.026088397899856692 0.0091197998809066077 0.00061040754751055392 -0.0027726018270429137 -0.0027792358841399155 0.0092967531845090361 0.0056082147289706783
leaf_weight=596412.97858905792 315003.53414916992 769947.728515625 3154251.4919109344 3584108.6434090137 1075513.9624023438 853095.56998872757 3810966.4397850037 115323.72822511196 103115.50744628906 6513642.6285418272 1781325.2111729383 148677.09745407104 170786.78002929688 382525.02814483643
leaf_count=1549 118 111 2951 9049 204 1132 6435 193 67 9633 2349 283 70 343
internal_value=4.42727e-05 0.000280139 -0.000202102 0.00257291 -0.00140451 -0.000782836 -0.000298001 -0.00815989 -0.0044793 0.000202179 -0.00201851 0.000477771 0.0163179 0.00210587
internal_weight=2.33747e+07 2.30597e+07 2.22897e+07 6.73836e+06 1.55514e+07 1.44759e+07 1.36228e+07 814852 699528 1.28079e+07 5.91176e+06 4.13043e+06 319464 6.89617e+06
internal_count=34487 34369 34258 12000 22258 22054 20922 1809 1616 19113 9137 6788 353 9976
is_linear=0
shrinkage=0.05


Tree=57
num_leaves=15
num_cat=1
split_feature=10 11 24 21 22 28 9 16 6 10 9 25 22 11
split_gain=23519.7 19123.7 18993.7 31426.9 44670.3 29798.7 25583.5 32665.8 33422.3 28377.4 34516.7 26788.3 43069.5 31460.2
threshold=-0.5283600589620131 0.83962188154483652 2.4077208795437905 10.609716491129488 19.617331230798943 0 0.14407582608325048 18.650510177953056 17.356241645943843 0.03295857581619361 0.11263565210970426 0.25000000000000011 16.102069491722229 0.24136866357326084
decision_type=2 2 10 8 2 1 2 2 2 2 2 2 2 2
left_child=1 -1 3 5 6 -2 9 8 11 10 -5 12 13 -8
right_child=2 -3 -4 4 -6 -7 7 -9 -10 -11 -12 -13 -14 -15
leaf_value=-0.0048327557374232086 0.0021076904896360983 -0.040184712467554631 0.00070148660813659303 -0.0019779282117985538 -0.0055987394546944914 0.00023643227481611723 0.0029984695777394155 -0.0040710875713547172 0.0037159666267273178 0.0021412049196422593 0.00094535544799777434 6.7121536674836842e-06 -0.0041635572059282927 -0.008394663242035097
leaf_weight=1762991.9982497692 591457.97654724121 128678.03874492645 9216612.9659069777 260057.0832824707 210936.61938476562 5199525.3389279842 859555.2506082058 201723.69409179688 261187.2021484375 338223.96574401855 356549.47457885742 2025636.0927357674 1817074.313955307 186045.83082771301
leaf_count=4825 636 661 13713 105 73 8169 1356 72 39 120 159 2505 1798 382
internal_value=-0.000167322 -0.00551263 0.000302445 -0.000982842 -0.0033645 0.0016974 -0.0026074 -0.00395267 -0.00317948 0.00493195 -0.00145202 -0.00411059 -0.00722416 0.000860696
internal_weight=2.34163e+07 1.89167e+06 2.15246e+07 1.2308e+07 6.51699e+06 5.79098e+06 6.30605e+06 5.35122e+06 5.1495e+06 954831 616607 4.88831e+06 2.86268e+06 1.0456e+06
internal_count=34613 5486 29127 15414 6609 8805 6536 6152 6080 384 264 6041 3536 1738
cat_boundaries=0 1
cat_threshold=512
is_linear=0
shrinkage=0.05


Tree=58
num_leaves=15
num_cat=0
split_feature=9 0 25 11 3 15 25 18 24 15 16 22 9 23
split_gain=37934.6 33884.5 33124.3 30086.1 39795.8 26829.3 30096.1 34337 31912.1 28274.3 27485.4 23771.1 45220.1 54246.4
threshold=0.31072499967316097 16.993748182993098 -0.93301270189221919 0.071927894036668313 16.153319173089113 17.885145013315057 -0.6830127018922193 0.50981340312335688 1.9434536580973651 19.177649224056299 17.212782933134285 19.577528614108676 0.11263565210970426 0.93612315783617861
decision_type=2 2 2 2 2 2 2 8 8 2 2 2 2 10
left_child=2 -2 3 4 -1 -4 10 11 9 -9 -7 12 -8 -14
right_child=1 -3 5 -5 -6 6 7 8 -10 -11 -12 -13 13 -15
leaf_value=0.0025777624203275782 -0.00038054550768549649 -0.0062329064228807754 -0.00037689164540974742 -7.9456011417226166e-05 0.0035363973324650357 0.00083432783605680207 -0.00036933662826380692 0.0015568675060273404 0.00079452046087591334 -0.0035287323173135384 -0.0027164180576319565 0.0032948516245306092 0.0029674751551577987 0.00094099459970290475
leaf_weight=277187.97541618347 13655866.512479901 213298.4501953125 2805455.437002182 271815.36209106445 216399.9453125 654026.25138092041 247046.6217956543 242000.18621826172 1434524.7767944336 526152.0998840332 493313.54333496094 558626.44323730469 475620.42178344727 1222651.29063797
leaf_count=282 28098 41 3299 207 46 411 74 106 596 228 99 132 199 720
internal_value=0.000626597 -0.00103673 0.00307428 0.0130445 0.0204009 0.00219301 0.00411968 0.00588975 0.00133638 -0.00688799 -0.00314153 0.00989528 0.00728463 0.0101922
internal_weight=2.3294e+07 1.38692e+07 9.42482e+06 765403 493588 8.65942e+06 5.85396e+06 4.70662e+06 2.20268e+06 768152 1.14734e+06 2.50394e+06 1.94532e+06 1.69827e+06
internal_count=34538 28139 6399 535 328 5864 2565 2055 930 334 510 1125 993 919
is_linear=0
shrinkage=0.05


Tree=59
num_leaves=15
num_cat=1
split_feature=10 9 23 6 8 1 4 7 1 0 21 7 28 6
split_gain=30632.6 35015.2 66412 29099.3 25465.5 39380.1 32221.5 30717 24265.5 24194.6 22189.8 54796.7 33485.9 30282.4
threshold=-0.069648936950512594 0.099641508914028162 2.2637526207970207 17.356241645943843 0.20964551492359293 16.995067760631983 17.181523356598721 16.203243434593986 15.255753935927729 17.156634566241113 9.2446040057347396 16.39377301661273 0 14.398866120038827
decision_type=2 2 10 2 2 2 2 2 2 2 10 2 1 2
left_child=4 2 -2 9 5 7 10 8 -1 -3 11 12 -6 -12
right_child=1 3 -4 -5 6 -7 -8 -9 -10 -11 13 -13 -14 -15
leaf_value=-0.0017569171534481489 -0.00069579091813501111 0.00051862082478553058 0.0046319812631568048 -0.001232442708550433 5.3768247481477556e-05 -0.0016169641908300944 0.004409609121240967 0.00082372641350428463 -0.0065167645803602854 0.0018257688149901673 -0.0016974012023238062 -0.031904357450814332 -0.0117514727064933 0.0027408821830748279
leaf_weight=829836.08075642586 232880.86770629883 12446706.049516439 228198.19221496582 517086.87841796875 1877974.2355127335 303986.6259765625 155191.03564453125 563650.78247070312 233143.64501953125 477766.3017578125 2942116.9145653248 96904.91845703125 685442.90533554554 1704647.4681396484
leaf_count=1106 99 18871 169 76 3677 49 26 134 84 91 7527 23 1826 771
internal_value=0.000195948 0.00168626 0.0152346 0.00122152 -0.0020099 -0.0071283 -0.000685678 -0.00404125 -0.00904457 0.00168685 -0.00116449 -0.00480601 -0.00341079 0.000920314
internal_weight=2.32955e+07 1.39026e+07 461079 1.34416e+07 9.39289e+06 1.93062e+06 7.46228e+06 1.62663e+06 1.06298e+06 1.29245e+07 7.30709e+06 2.66032e+06 2.56342e+06 4.64676e+06
internal_count=34529 19306 268 19038 15223 1373 13850 1324 1190 18962 13824 5526 5503 8298
cat_boundaries=0 1
cat_threshold=779
is_linear=0
shrinkage=0.05


Tree=60
num_leaves=15
num_cat=2
split_feature=11 28 23 24 15 21 23 28 7 14 22 4 14 0
split_gain=32803.3 22781.8 27894.4 21339.1 21906.2 27231.1 19451.8 18776.8 30484.1 28126.7 27813.8 38927.6 33846.9 28921.8
threshold=0.50624272296586981 0 6.7582366309950865 7.5560444616056701 19.381805013860188 8.0217497082141769 2.0007089153292004 1 16.98736325551755 2.5170742365223657 19.450328062977167 14.953516001606376 0.90061980637153138 13.180367096710359
decision_type=2 1 10 10 2 10 8 1 2 10 2 2 10 2
left_child=3 2 -2 4 7 -6 -7 8 9 10 11 13 -12 -1
right_child=1 -3 -4 -5 5 6 -8 -9 -10 -11 12 -13 -14 -15
leaf_value=-0.0042039841460743488 -0.0041929977691153768 -0.0098416204806473246 0.012036376766165693 0.0027840083253134942 0.0092733605182868644 -0.00069395941733997916 -0.0032354017550821445 0.00045364991983763681 -0.0068397952102128862 -0.010144991170286307 -0.0082057893986441626 -0.0034419504465542775 0.0068636221440429059 0.003795065507785739
leaf_weight=1072788.1155821085 460812.91794252396 1118103.6524415016 226299.40571689606 1664185.8500697613 116571.82584381104 340281.6710319519 625805.63956451416 14542606.230164886 287130.5498046875 290171.00162887573 167806.8484069109 842311.41540527344 508212.86469078064 1148279.1126403809
leaf_count=3740 1950 1967 559 2897 152 264 536 19506 53 1194 183 367 274 958
internal_value=0.000356817 -0.00611818 0.00104705 0.000897809 0.000443881 -0.00647262 -0.00922713 0.000840938 -0.00205482 -0.000933219 0.000230441 -0.00179527 0.00940996 0.00167572
internal_weight=2.34114e+07 1.80522e+06 687112 2.16062e+07 1.9942e+07 1.08266e+06 966087 1.88593e+07 4.3167e+06 4.02957e+06 3.7394e+06 3.06338e+06 676020 2.22107e+06
internal_count=34600 4476 2509 30124 27227 952 800 26275 6769 6716 5522 5065 457 4698
cat_boundaries=0 1 2
cat_threshold=611 52
is_linear=0
shrinkage=0.05


Tree=61
num_leaves=15
num_cat=0
split_feature=9 2 6 15 8 16 23 2 9 5 0 1 7 1
split_gain=23275.6 46154.2 25927.4 20873.2 53433 57017.1 23267.7 22171.3 27284.9 21449.2 22615.4 20233.3 19364.4 30480
threshold=0.099641508914028162 17.165595607188539 16.803986779003264 19.354651923403164 0.096798193245150224 18.284852716366021 -0.82400864795265238 13.891709294720899 0.31072499967316097 17.382494435338344 17.156634566241113 16.395026300101303 17.115974588496943 16.995067760631983
decision_type=2 2 2 2 2 2 8 2 2 2 2 2 2 2
left_child=1 2 11 9 -5 6 -6 -8 -9 10 12 -1 13 -2
right_child=3 -3 -4 4 5 -7 7 8 -10 -11 -12 -13 -14 -15
leaf_value=0.0071689403398141997 0.00020887256901962314 0.0041060213645318271 -0.0020402122719679629 -0.0032980447595958385 0.005873044461206167 0.0036344513362817975 0.00071484392747149256 -0.0007954863346237858 -0.0068297094710068817 -0.0013643685490912754 0.0014778592902156334 -0.00070928855121866672 -0.001826911829137386 0.0012478436187514641
leaf_weight=73016.696273803711 18864081.684161186 170488.81298828125 152277.49609375 165881.46853256226 307602.56369018555 99785.28466796875 643801.94519805908 498566.73315429688 543281.68872070312 652870.7578125 447963.70068359375 74401.2197265625 334545.12451171875 326430.10375976562
leaf_count=211 31727 27 31 50 331 14 1215 219 316 97 83 18 60 68
internal_value=0.000176343 0.0111884 -0.000626995 -4.99077e-05 -0.00461287 -0.00244799 -0.00429443 -0.00660212 -0.0111098 0.000449822 0.000741337 0.0143199 0.000486493 0.000694395
internal_weight=2.3355e+07 470184 299695 2.28848e+07 2.25892e+06 2.09304e+06 1.99325e+06 1.68565e+06 1.04185e+06 2.06259e+07 1.9973e+07 147418 1.95251e+07 1.91905e+07
internal_count=34467 287 260 34180 2145 2095 2081 1750 535 32035 31938 229 31855 31795
is_linear=0
shrinkage=0.05


Tree=62
num_leaves=15
num_cat=1
split_feature=16 22 2 17 22 7 11 28 16 16 0 24 2 9
split_gain=28435.7 38046.5 51382 50194.1 52007.4 93285.5 34426.6 30464.5 27398.7 42941.8 35326.7 19452.3 36400.8 27080.2
threshold=18.650510177953056 19.585498256664632 17.4270168375546 0.24497248980684103 19.617331230798943 16.805898420640069 -0.022939798456089646 0 18.407908271991452 18.36763154562799 16.684382928863482 2.6761558945178754 16.842637334131179 0.42992382811509372
decision_type=2 2 2 2 2 2 2 1 2 2 2 10 2 2
left_child=1 2 8 4 5 -3 -5 -6 9 11 -10 -1 13 -13
right_child=-2 3 -4 6 7 -7 -8 -9 10 -11 -12 12 -14 -15
leaf_value=-0.0004551741796843435 -0.0036667097229435286 0.00092909402805840455 -0.0043724872678286312 0.00099776796279663614 0.0083354446648626658 0.0051199199626816398 -0.0031103787149493059 0.00013513776295508639 -0.00034753083028648716 -0.0026020568295719165 0.0034582798107016689 0.0017411929958138185 -0.0023186199283971465 -0.00038237723075275386
leaf_weight=11811752.396711111 328918.60882568359 229483.33651733398 97400.40380859375 447738.05035400391 334400.69757080078 236383.2099609375 502275.95385742188 1086249.4117603302 307374.38949584961 187717.87548828125 299756.39013671875 3404797.7220420837 189564.40258789062 3976565.3527146578
leaf_count=18258 120 204 16 101 184 35 118 1101 174 70 57 3718 41 10314
internal_value=0.000212571 0.000420325 -0.000338475 0.00584407 0.010564 0.0250613 -0.0035287 0.00581002 -0.000163594 -0.000488115 0.0102971 -0.000257623 0.00172086 0.00227645
internal_weight=2.34404e+07 2.31115e+07 2.02749e+07 2.83653e+06 1.88652e+06 465867 950014 1.42065e+06 2.01775e+07 1.95704e+07 607131 1.93827e+07 7.57093e+06 7.38136e+06
internal_count=34511 34391 32648 1743 1524 239 219 1285 32632 32401 231 32331 14073 14032
cat_boundaries=0 1
cat_threshold=36
is_linear=0
shrinkage=0.05


Tree=63
num_leaves=15
num_cat=1
split_feature=16 11 23 23 24 10 11 29 5 17 17 10 15 4
split_gain=29351 24681.9 24807.8 35101.2 23847 23879.9 21376 19455.3 27099.8 23823.2 35495.3 22096.9 28532.3 32454.2
threshold=18.650510177953056 0.4513552894078377 6.7582366309950865 9.6551477601696103 5.3140313342831904 0.14327876101422718 0.60924320100967233 0 15.958426927865597 0.19139240720341238 0.036387299225014755 0.11389723311351392 19.272704281253588 16.283999875186893
decision_type=2 2 8 10 8 2 2 1 2 2 2 2 2 2
left_child=1 7 4 -4 5 -3 -6 11 9 10 -9 -1 -13 -14
right_child=-2 2 3 -5 6 -7 -8 8 -10 -11 -12 12 13 -15
leaf_value=0.00012438087936820306 -0.003190056738858138 -0.010592429698366178 0.0096041542857049113 -0.017950269242542359 0.0075779384652085689 -0.0019027259163165201 -0.010074710569710483 -0.0012691611229756026 -0.021035011161985528 0.0031286863132146494 -0.016580187088174794 0.00090655067734987855 0.004183846593148053 0.0049542820561523796
leaf_weight=12339809.560105085 338782.05474853516 723695.98785257339 421177.91115760803 63323.274423599243 239701.5276594162 410592.82896018028 322640.56679439545 4066978.7101966143 98965.326904296875 362615.41381835938 169715.16061401367 2788357.0986089706 896189.76188659668 188875.0263671875
leaf_count=12989 117 1663 1016 72 368 1130 886 10331 36 189 214 4573 932 41
internal_value=1.32212e-05 0.000227562 -0.00483388 0.00514471 -0.00768343 -0.0118572 0.000735458 0.000755485 -0.00207761 -0.00152059 -0.00257336 0.00157646 0.0048711 0.0117503
internal_weight=2.34314e+07 2.30926e+07 2.18113e+06 484501 1.69663e+06 1.13429e+06 562342 2.09115e+07 4.69827e+06 4.59931e+06 4.23669e+06 1.62132e+07 3.87342e+06 1.08506e+06
internal_count=34557 34440 5135 1088 4047 2793 1254 29305 10770 10734 10545 18535 5546 973
cat_boundaries=0 1
cat_threshold=29
is_linear=0
shrinkage=0.05


Tree=64
num_leaves=15
num_cat=1
split_feature=14 7 28 23 1 6 15 15 3 10 8 14 21 6
split_gain=19941.3 61072 30847.9 35509.6 32654.1 23253.6 22700.1 22280.1 23140.8 21444.9 26172.1 23796.5 23340.7 22804.9
threshold=2.4073537941007941 17.115974588496943 0 0.93612315783617861 16.84045422280521 15.51431486659332 17.354791445354209 18.179828606340042 16.273039820797113 0.11737189786700061 0.58456805945293089 0.4906323956972567 8.1511145926401163 15.793578236670717
decision_type=10 2 1 10 2 2 2 2 2 2 2 8 8 2
left_child=9 2 -2 5 7 6 -4 8 -5 11 12 -1 -11 -12
right_child=1 -3 3 4 -6 -7 -8 -9 -10 10 13 -13 -14 -15
leaf_value=-0.0059984712757116835 0.00093006417328118549 -0.0066281510637264118 0.0067782534851839344 -0.00048196061632726768 -0.014536923194360238 -0.0098616932554251163 -0.026448630844534443 -0.016056918748888368 0.0086580403141106859 0.007824130542455298 -0.0013871984336298172 -3.4689900630650393e-05 0.0016379086112451654 -0.012167344743127737
leaf_weight=840180.467674613 1491495.9643754959 182978.67138671875 80773.736798286438 546522.64151835442 35323.2890625 117111.6552734375 108151.08542013168 159975.22468233109 105244.01782226562 633405.14695501328 1579628.6794706583 13983755.40422678 3422459.8110599518 45354.783935546875
leaf_count=1877 5652 30 260 1944 8 36 459 434 27 967 4649 15284 2888 15
internal_value=-6.82016e-05 -0.0040045 -0.00207162 -0.00821316 -0.00293926 -0.0228108 -0.0119595 -0.000891397 0.00321253 0.000474607 0.00308665 -0.000526383 0.0052348 -0.00227502
internal_weight=2.33324e+07 2.82758e+06 2.6446e+06 1.1531e+06 847065 306036 188925 811742 651767 2.05048e+07 5.68085e+06 1.48239e+07 4.05586e+06 1.62498e+06
internal_count=34530 8850 8820 3168 2413 755 719 2405 1971 25680 8519 17161 3855 4664
cat_boundaries=0 1
cat_threshold=521
is_linear=0
shrinkage=0.05


Tree=65
num_leaves=15
num_cat=0
split_feature=10 19 26 18 2 22 1 10 19 6 8 10 21 10
split_gain=27295.8 24759.1 24675.3 17156.9 16728 16049.8 16007.8 14826.5 13407.1 19074.7 13870.8 20250.8 26289 31508.5
threshold=-0.8417272397694634 0.0538948132917463 -0.68301270189221952 0.98937513678999711 13.726146623643793 15.853999784557958 12.193744465713896 0.070047103189919413 -0.058059964860614648 14.356633635441016 0.70281923119930045 0.12459154711502181 9.0515012950816871 0.13541946835009527
decision_type=2 2 2 10 2 2 2 2 2 2 2 2 8 2
left_child=3 8 5 4 -1 -3 -5 -7 9 -2 11 -10 -13 -14
right_child=1 2 -4 6 -6 7 -8 -9 10 -11 -12 12 13 -15
leaf_value=-0.018215280227371882 0.001039064537923879 0.00073267161486019548 -0.00041891124782601096 -0.005999473403721518 -0.020779601572551321 -0.0085907963755576626 0.01585516000654515 -0.0029146861606632254 0.00015099346740769055 -0.0030822593990975523 -0.0025369692097691929 0.0066493012774821655 0.0044924066852636878 0.00036909516237884133
leaf_weight=596009.01212823391 425948.14616537094 110382.14602994919 1005025.1719143391 175929.31412363052 28921.937744140625 289240.32317829132 62408.8642578125 158602.65578079224 12798053.988937736 421783.21655273438 3070334.5105978251 1221235.5143237114 209373.7579870224 2760476.7761235237
leaf_count=2890 1041 232 1395 473 16 312 50 186 12087 170 10804 1735 183 3024
internal_value=0.000213441 0.000548633 -0.00552104 -0.00851143 -0.0128645 -0.0139499 0.0029025 -0.018159 0.00100247 -0.00515668 0.00126276 0.0018217 0.00483828 0.00229891
internal_weight=2.33337e+07 2.24705e+07 1.56325e+06 863269 624931 558225 238338 447843 2.09072e+07 847731 2.00595e+07 1.69891e+07 4.19109e+06 2.96985e+06
internal_count=34598 31169 2125 3429 2906 730 523 498 29044 1211 27833 17029 4942 3207
is_linear=0
shrinkage=0.05


Tree=66
num_leaves=15
num_cat=2
split_feature=22 22 8 15 4 22 11 8 18 16 7 3 28 29
split_gain=21028.9 48817.6 42613.7 39328.3 33729.2 24038.7 23236.5 23918 44630.6 19232.1 39277.8 25395 14614.2 14443.4
threshold=19.623793835603895 19.617331230798943 0.14137066746495244 17.144358115821483 15.003254220103308 19.607205262989968 -0.088377571599897481 0.28664440230768101 0.48979111816747495 18.650510177953056 17.376805783880858 17.445700346247609 0 1
decision_type=2 2 2 2 2 2 2 2 10 2 2 2 1 1
left_child=1 5 -2 4 12 9 -5 -8 -9 10 11 13 -4 -1
right_child=2 -3 3 6 -6 -7 7 8 -10 -11 -12 -13 -14 -15
leaf_value=0.00015173599863569078 -0.00319596402365848 -0.001613490011326056 -0.010264973950267793 0.0062789209935948526 -0.020873320279650266 0.0047110230887676009 0.0058484775981832247 0.0058872142633611098 -0.0053409958405844218 -0.0030161295328291365 0.0040628162903692273 -0.0027614411744603172 0.0074782877931321851 -0.001071434794035681
leaf_weight=11898018.052422285 188402.88177490234 408231.32504272461 175185.92469978333 208139.6371307373 69317.259521484375 422798.79205322266 351512.50305175781 178214.01712036133 141484.40782165527 242833.87506103516 361657.14892578125 62457.54296875 221153.88124084473 8350478.5581753254
leaf_count=15221 104 156 401 132 38 152 123 147 78 87 56 11 255 17497
internal_value=3.15602e-05 -0.000367486 0.00569074 0.00881032 -0.00293887 -3.9815e-05 0.0150321 0.010506 0.00060899 -0.00027842 -0.000114094 -0.000404917 0.00268878 -0.000306725
internal_weight=2.32799e+07 2.17465e+07 1.53341e+06 1.34501e+06 465657 2.13382e+07 879351 671211 319698 2.09154e+07 2.06726e+07 2.0311e+07 396340 2.02485e+07
internal_count=34458 33180 1278 1174 694 33024 480 348 225 32872 32785 32729 656 32718
cat_boundaries=0 1 2
cat_threshold=145 21
is_linear=0
shrinkage=0.05


Tree=67
num_leaves=15
num_cat=0
split_feature=15 10 16 21 8 3 10 10 8 11 15 15 2 11
split_gain=20883.4 24227 36507.6 28336.2 33988.1 42994.3 27631.2 27509.4 24173.2 37728.4 33046.3 25414.2 22014.8 21415.9
threshold=19.424843156643991 -0.029996462998554695 18.472836192843562 10.83135179505072 0.17442642456179139 14.992560563850814 -0.13045331306821853 -0.24604488811636385 0.10994347008993212 0.13175843516344707 17.879079254012016 16.860951492516261 14.202104997510981 -0.28572511696519415
decision_type=2 2 2 10 2 2 2 2 2 2 2 2 2 2
left_child=1 2 3 -1 6 -6 -5 -7 9 10 11 -3 -2 -10
right_child=12 8 -4 4 5 7 -8 -9 13 -11 -12 -13 -14 -15
leaf_value=-0.0010238191195459697 0.0017458219965768606 0.0011811012259253168 -0.0085482430971096993 -0.003978165009192419 0.00042670242839443375 0.0071710708004361677 0.00057932171366208238 0.00069434543306289237 0.0042294139201607441 -0.00083396276259391244 0.0022698366626890229 -0.0022128935455812868 -0.0036488884651742549 9.0323489224633036e-05
leaf_weight=8321166.8222113848 255440.24077606201 95985.522163391113 216959.52899169922 221004.21807098389 937820.99404764175 351709.61828613281 281702.55172729492 354428.15991210938 1406244.569991231 224331.27286720276 666388.04963684082 163710.01968383789 444132.74450683594 9280700.2201100588
leaf_count=13772 460 211 112 101 2193 104 152 102 3388 143 219 73 187 13323
internal_value=0.000100675 0.000364938 -0.00136114 -0.000940371 0.00418143 0.0076605 -0.00719588 0.016979 0.00192295 0.00880961 0.0132661 -0.00186382 -0.00840703 0.00118162
internal_weight=2.32217e+07 2.25222e+07 1.06848e+07 1.04678e+07 2.14667e+06 1.64396e+06 502707 706138 1.18374e+07 1.15041e+06 926084 259696 699573 1.06869e+07
internal_count=34540 33893 16536 16424 2652 2399 253 206 17357 646 503 284 647 16711
is_linear=0
shrinkage=0.05


Tree=68
num_leaves=15
num_cat=1
split_feature=9 11 20 25 29 14 20 10 8 17 7 15 20 15
split_gain=21120.4 63177.3 20914.3 19356.7 28512.1 40955.9 28483.9 24498.2 37808 29899.6 47622.7 33306.4 24023.7 21634.9
threshold=0.099641508914028162 0.017004124361912752 -0.0026135390833788995 0.68301270189221941 0 2.1761615727478807 -0.063597480440391138 -0.18331093563270331 0.16368538215422643 0.24497248980684103 17.115974588496943 17.979750751109087 0.094421467364360259 19.307661424879033
decision_type=2 2 8 2 1 10 8 2 2 2 2 2 10 2
left_child=1 2 -1 7 5 -5 -6 8 -2 -9 11 -11 13 -8
right_child=3 -3 -4 4 6 -7 12 9 -10 10 -12 -13 -14 -15
leaf_value=-0.0024849312941560998 -0.00483619059069879 0.0036765383690347923 0.00018375931034202262 -0.0002782438222147401 0.0057142909923081006 0.0066425310110021507 -3.9388986838450572e-05 0.00031325766542520387 -0.0016581056544964787 -0.0013417902253827368 -0.00593722006078255 0.001428010671345639 -0.0094013636818726237 0.0043364793717999518
leaf_weight=117200.84716796875 270021.40686166286 250381.21063232422 149178.19657897949 332286.78009033203 124474.8360710144 379151.09132385254 4400149.9546608925 11170121.958088875 3834576.6755543947 1055258.2017211914 344646.3173828125 417661.66748046875 76392.064945220947 529398.94425964355
leaf_count=31 291 57 202 169 130 192 7516 16775 7906 467 57 86 116 549
internal_value=0.000245247 0.0102415 -0.00670798 2.00071e-05 0.00250468 0.0118849 0.00120389 -0.000829212 -0.0041964 0.000234947 -0.00571236 -0.00179739 0.000616415 0.0010476
internal_weight=2.34509e+07 516760 266379 2.29341e+07 5.84185e+06 711438 5.13042e+06 1.70923e+07 4.1046e+06 1.29877e+07 1.81757e+06 1.47292e+06 5.00594e+06 4.92955e+06
internal_count=34544 290 233 34254 8672 361 8311 25582 8197 17385 610 553 8181 8065
cat_boundaries=0 1
cat_threshold=16
is_linear=0
shrinkage=0.05


Tree=69
num_leaves=15
num_cat=0
split_feature=15 15 24 18 2 11 16 8 16 4 19 24 19 9
split_gain=21874 31812.4 30137.3 38820.2 29661.3 27848 59149.6 38927 49114.6 24431.2 30907.2 32352.4 23443.8 31669.3
threshold=19.344577984086857 19.217144507318054 2.4261816552850752 0.99695363127711401 16.150297738002418 0.11548245711180712 18.314726746826736 0.15572691317479698 16.533272588522085 13.496096070332307 -0.018812029140904147 4.4764529762567458 0.026742964172620756 0.1943338755616151
decision_type=2 2 10 8 2 2 2 2 2 2 2 10 2 2
left_child=1 -1 5 -4 -5 6 12 -7 -9 -2 11 -11 -3 -14
right_child=9 2 3 4 -6 7 -8 8 -10 10 -12 -13 13 -15
leaf_value=-0.00019051762936913324 0.0034618628905744814 0.0017466911694988909 0.0032085230086676499 0.0027505487212703961 -0.0055279773491221408 -0.0070132562829020974 0.0029522673974961191 -0.0045205492860435651 0.0044860068603338682 -0.0056960350522935995 -0.00049804207754756177 -0.00016501095356314955 -0.0030208156913983505 -0.00057122297620696078
leaf_weight=15468369.795154572 682732.15672302246 1242262.2105853558 1281111.8298454285 1009112.1497344971 190017.85668945312 114490.78077697754 136352.25537109375 670204.67922592163 96953.058166503906 431557.16387939453 1182345.286895752 242902.06469726562 115712.37731933594 319848.80209350586
leaf_count=27214 1415 1275 962 1344 53 28 22 829 33 230 608 132 34 369
internal_value=4.20937e-05 0.000580756 0.00397379 0.00795139 0.00148575 0.00031428 0.00385694 -0.00697548 -0.00291674 -0.0043368 -0.00731057 -0.0158516 0.0012832 -0.00869822
internal_weight=2.3184e+07 2.06444e+07 5.17607e+06 2.48024e+06 1.19913e+06 2.69582e+06 1.81418e+06 881649 767158 2.53954e+06 1.8568e+06 674459 1.67782e+06 435561
internal_count=34548 32163 4949 2359 1397 2590 1700 890 862 2385 970 362 1678 403
is_linear=0
shrinkage=0.05


Tree=70
num_leaves=15
num_cat=1
split_feature=17 7 0 23 4 10 7 21 29 25 9 27 15 16
split_gain=24814.9 101558 57351.3 34816.3 33769.9 23479 38370.5 30637.7 35538.4 23256.3 22228.8 22207.3 20084.7 36240.2
threshold=0.24497248980684103 17.115974588496943 17.419860989426706 6.1439054272991207 16.410410087137191 0.11737189786700061 16.610313958149195 9.1746073831275172 0 0.25000000000000011 2.0881704302923918 2.5000000000000004 17.100172273442549 16.771582977651619
decision_type=2 2 2 10 2 2 2 8 1 2 2 2 2 2
left_child=2 3 5 4 11 -1 7 8 10 -6 -7 -2 -9 -14
right_child=1 -3 -4 -5 9 6 -8 12 -10 -11 -12 -13 13 -15
leaf_value=-0.00038090458410556301 -0.0060743643059930508 -0.0049261190012145958 0.0010735993785279806 -0.0064308745931336946 0.00017965722586215825 0.0075451054882854363 0.0035620867690792468 0.0032912410365607044 -0.0021624667115990987 0.0030272988402830036 -0.0042532061557220861 -0.00019846397290609267 -0.0004146010606163023 -0.0064315340973655558
leaf_weight=14175365.657922745 191491.85150146484 622078.087890625 579730.40087890625 327089.24932861328 693290.2783203125 1241170.4858375788 128874.72485351562 913985.47284555435 623687.26821315289 477438.81372070312 244235.66430902481 777110.08892822266 2088159.4831380844 341093.330078125
leaf_count=22462 110 102 83 128 152 1844 29 2930 1494 104 1163 485 3341 186
internal_value=-0.000195418 -0.00437132 0.000438782 0.000182149 0.002505 -1.60625e-05 0.00273093 0.00209355 0.00681247 0.008219 0.0110181 -0.00440139 -0.0008834 -0.00326053
internal_weight=2.34248e+07 3.0885e+06 2.03363e+07 2.46642e+06 2.13933e+06 1.97566e+07 5.58121e+06 5.45233e+06 2.10909e+06 1.17073e+06 1.48541e+06 968602 3.34324e+06 2.42925e+06
internal_count=34613 1081 33532 979 851 33449 10987 10958 4501 256 3007 595 6457 3527
cat_boundaries=0 1
cat_threshold=11
is_linear=0
shrinkage=0.05


Tree=71
num_leaves=15
num_cat=1
split_feature=22 9 9 6 14 25 11 14 7 19 22 4 16 28
split_gain=20477.7 58655.4 74590.2 56087.6 47660.8 36416.8 44043 38604.8 33326.1 27784.8 24426.2 23501.2 22797.7 22146.2
threshold=19.577528614108676 0.12238891660113292 0.16480325760715323 17.356241645943843 0.54812476241481123 -0.24999999999999997 0.0064020624786324505 2.4073537941007941 16.98736325551755 -0.015044224044914999 21.048113136224188 17.019152678527846 18.407908271991452 0
decision_type=2 2 2 2 10 2 2 10 2 2 2 2 2 1
left_child=3 -2 -3 12 -4 7 -7 9 10 -6 -8 13 -1 -11
right_child=1 2 4 -5 5 6 8 -9 -10 11 -12 -13 -14 -15
leaf_value=-0.00011804163801265501 0.0029999248507472046 -0.0038490933857105942 -0.02049662530146841 -0.0024403361253909771 -0.0032004905184335308 0.0052843999924862169 -0.00057504585928577648 -0.0061337156027263442 -0.0029860770449755734 -0.0061316796388276237 0.0094556615692815218 0.0037832183325438168 0.00066846664405381217 0.0039834487605752058
leaf_weight=19514148.616740346 235540.82360839844 330984.52297973633 160255.90238189697 125668.73095703125 256049.47001647949 671343.37239837646 229856.83171081543 229730.93135643005 278466.72607421875 126195.63900756836 275266.30726623535 200178.193359375 522715.90979003906 223687.96067428589
leaf_count=32400 76 101 187 20 161 402 213 158 47 144 213 33 203 155
internal_value=0.000153371 0.00385759 0.00196028 -0.000437753 0.00475445 0.00645497 0.0115563 -0.000710229 0.00350404 0.00444272 0.0111601 0.0107761 -0.000228905 0.00295878
internal_weight=2.33801e+07 3.21756e+06 2.98202e+06 2.01625e+07 2.65103e+06 2.49078e+06 1.45493e+06 1.03584e+06 783590 806111 505123 550062 2.00369e+07 349884
internal_count=34513 1890 1814 32623 1713 1526 875 651 473 493 426 332 32603 299
cat_boundaries=0 1
cat_threshold=280
is_linear=0
shrinkage=0.05


Tree=72
num_leaves=15
num_cat=1
split_feature=19 24 16 4 20 19 25 28 4 20 6 26 16 21
split_gain=22228.7 47289.4 43912.7 31095.8 22849.9 25571.7 29144.1 34946.2 65697.3 27867.8 25018.6 24779.1 23522.1 22954.9
threshold=0.027603022798991603 1.4321253711642201 17.403758522100876 16.283999875186893 0.042076762466386801 0.012756320567288053 0.68301270189221941 0 16.860170040119087 0.029729803673413803 17.356241645943843 0.6830127018922193 18.36763154562799 7.5062745199212761
decision_type=2 10 2 2 10 2 2 1 2 10 2 2 2 10
left_child=4 3 -3 -2 5 6 7 8 13 10 12 -6 -8 -1
right_child=1 2 -4 -5 11 -7 9 -9 -10 -11 -12 -13 -14 -15
leaf_value=0.016687485774550977 -0.0028645191603248353 -0.00048055143826550116 0.0028851947705310983 -0.0026198389030968948 -0.0056393640107151293 0.00241937407991113 0.00091070301040775388 8.4127855283320081e-05 -0.0094089489958836467 0.0061074557004455153 0.0031189138633613382 0.00011513202076983387 -0.0037677923647214959 -0.0026258454277876151
leaf_weight=72743.975246548653 1547442.0321660042 2424620.3705691099 337113.41954040527 536024.53833007812 518293.56056499481 2716240.8888447285 3795033.0298399925 8595934.8374694586 188334.01123046875 99518.979872703552 156380.390625 423337.63087546825 93225.871459960938 1738607.047162056
leaf_count=312 2673 4225 145 113 698 4221 5911 12444 37 100 23 534 44 2962
internal_value=-0.000108994 -0.00312205 0.00116836 -0.00880919 0.000684524 0.00109378 0.000272268 -0.00111818 -0.00707166 0.00382731 0.00318416 -0.00690235 0.00239552 -0.00414939
internal_weight=2.32429e+07 4.8452e+06 2.76173e+06 2.08347e+06 1.83977e+07 1.7456e+07 1.47398e+07 1.05956e+07 1.99969e+06 4.14416e+06 4.04464e+06 941631 3.88826e+06 1.81135e+06
internal_count=34442 7156 4370 2786 27286 26054 21833 15755 3311 6078 5978 1232 5955 3274
cat_boundaries=0 1
cat_threshold=168
is_linear=0
shrinkage=0.05


Tree=73
num_leaves=15
num_cat=3
split_feature=10 11 9 7 2 28 23 19 29 23 14 1 19 28
split_gain=20042.4 18390.6 51753.7 29962 28828.1 32371.1 43893.8 25162.9 26614.8 41750.4 24591.5 23715.4 22851 26267
threshold=-1.0901649903774835 0.12804778057018137 0.15898284897048959 17.376805783880858 16.996524025785622 0 6.7582366309950865 0.0538948132917463 1 2.5830001599057755 1.5437069834013577 14.199847144297729 0.042837075796135708 2
decision_type=2 2 2 2 2 1 10 2 1 8 10 2 2 1
left_child=-1 7 10 4 5 6 -4 12 9 11 -3 -9 -2 -14
right_child=1 2 3 -5 -6 -7 -8 8 -10 -11 -12 -13 13 -15
leaf_value=-0.015288003534807949 0.00035578740993233335 -0.00011720463572442811 0.00062470237041653966 0.0039856982408661987 -0.0050466369587890197 -0.0017889642824356626 0.010545170086702915 -0.0085976587184610747 -7.1758938514817036e-05 0.011815340965794341 -0.0037393942082109299 -0.0087224249252777532 -0.0010909428780443763 0.0035507093483095019
leaf_weight=564730.28287053108 13873990.630113244 206191.96895599365 1705499.2121696472 111928.42333984375 108646.03515625 4252450.6681370735 407483.95139026642 143208.20146656036 743943.9462082386 81327.749212265015 288450.56954956055 185699.87005615234 198410.56286811829 504510.0531437397
leaf_count=2590 18171 73 4454 17 21 5718 976 342 913 109 153 72 412 551
internal_value=0.000352731 0.000583085 -0.00153299 -0.000361501 -0.000804932 -0.000369037 0.00468927 0.00153554 -0.00557114 -0.0157956 -0.017131 -0.0237277 0.00209824 0.0108933
internal_weight=2.33765e+07 2.28117e+07 7.08065e+06 6.58601e+06 6.47408e+06 6.36543e+06 2.11298e+06 1.57311e+07 1.15418e+06 410236 494643 328908 1.45769e+07 702921
internal_count=34572 31982 11412 11186 11169 11148 5430 20570 1436 523 226 414 19134 963
cat_boundaries=0 1 2 3
cat_threshold=611 82 595
is_linear=0
shrinkage=0.05


Tree=74
num_leaves=15
num_cat=2
split_feature=9 7 25 28 4 16 28 26 7 4 24 14 24 5
split_gain=27644.9 39976.3 24971.4 30720 30205 25191 24081.4 28171.8 23301.3 24929.5 25737.3 20638.4 19850.1 23049.9
threshold=0.31425363346767915 16.293698930881778 -0.24999999999999997 0 14.768364567205413 16.4547010273733 1 0.25000000000000017 15.341005383859821 13.713003950990858 2.4077208795437905 1.2503043946830044 7.6932098739811012 15.958426927865597
decision_type=2 2 2 1 2 2 1 2 2 2 8 10 10 2
left_child=-1 2 3 4 11 12 7 -7 9 -5 -11 -2 13 -4
right_child=1 -3 5 8 -6 6 -8 -9 -10 10 -12 -13 -14 -15
leaf_value=0.00027880564429378583 0.015596742130875802 -0.0035112929480536972 -0.00015325232348240063 0.00040571437786779548 -0.0082573455042131792 0.011141290772747101 -0.00054209808382717586 0.0010947900202973918 0.0037719677872146071 -0.0097168426239285562 -0.0007632665318592246 -0.0074112731368909078 0.0056070815357195649 -0.012409757845365835
leaf_weight=9544199.1543006897 58011.191269874573 702844.3837890625 5619311.9515401125 2512615.4806650877 326212.34094238281 389392.1842880249 449659.58014297485 304058.67428588867 489517.29907226562 636207.07284545898 703001.52151489258 689730.55220830441 771006.92966485023 140608.02075195312
leaf_count=6482 149 157 13230 7770 166 275 854 229 186 514 550 2199 1728 48
internal_value=0.000332431 -0.00109914 -0.000475371 -0.00307513 -0.0106467 0.00135919 0.00820657 0.0140503 -0.00120206 -0.00250793 -0.00801769 -0.00510833 0.00016069 -0.00084783
internal_weight=2.33364e+07 1.37922e+07 1.30893e+07 5.4153e+06 1.07395e+06 7.67404e+06 1.14311e+06 693451 4.34134e+06 3.85182e+06 1.33921e+06 747742 6.53093e+06 5.75992e+06
internal_count=34537 28055 27898 11534 2514 16364 1358 504 9020 8834 1064 2348 15006 13278
cat_boundaries=0 1 2
cat_threshold=544 864
is_linear=0
shrinkage=0.05


Tree=75
num_leaves=15
num_cat=1
split_feature=19 24 4 3 15 29 16 10 15 16 22 16 24 19
split_gain=22969 36910.6 52793.5 51330.8 24595.3 22007.2 30140.9 25194 24759.1 38297.7 23411.5 51097.6 31436.1 23784.8
threshold=0.031168418490475556 2.4077208795437905 16.701148858548322 17.006344156415725 19.228329333847224 0 16.245575259198525 0.12817914883059969 17.196524932171446 18.650510177953056 18.651885674616626 17.212782933134285 0.48034932442572503 0.013538468270925351
decision_type=2 10 2 2 2 1 2 2 2 2 2 2 10 2
left_child=5 3 4 -2 -3 8 -7 -8 -1 10 11 -10 -12 -14
right_child=1 2 -4 -5 -6 6 7 -9 9 -11 12 -13 13 -15
leaf_value=-0.0005315452293182041 -0.0012104161263718431 -0.0024204654784723088 0.0037912337508395851 -0.0026538960595521585 0.0027160684198277428 -8.613620507722868e-05 -0.0097084246734294131 -0.0013534353155311898 0.0011627593557633909 -0.0023400674092681679 0.0031618957367089856 -0.0022216592370544381 0.00038297296443588129 0.0024919993408849218
leaf_weight=3492561.7275453806 2463305.9746649265 986749.87943232059 132958.953125 293165.64208984375 442501.24598693848 6201783.7164119482 372007.24096107483 331696.23318862915 5109871.937871933 286274.10400390625 458486.107421875 436685.19659423828 1832073.7695007324 403084.17132568359
leaf_count=6698 3736 2122 27 50 469 14070 293 192 5849 50 111 115 627 144
internal_value=0.000174358 -0.0031159 0.00302422 -0.00659577 0.000220754 0.000925212 -0.00132425 -0.0111307 0.00221763 0.00367004 0.00429463 0.00243737 0.00811898 0.0056726
internal_weight=2.32432e+07 4.31868e+06 1.56221e+06 2.75647e+06 1.42925e+06 1.89245e+07 6.90549e+06 703703 1.2019e+07 8.52648e+06 8.2402e+06 5.54656e+06 2.69364e+06 2.23516e+06
internal_count=34553 6404 2618 3786 2591 28149 14555 485 13594 6896 6846 5964 882 771
cat_boundaries=0 1
cat_threshold=21
is_linear=0
shrinkage=0.05


Tree=76
num_leaves=15
num_cat=2
split_feature=19 24 29 16 15 21 15 9 16 7 25 24 24 28
split_gain=20783.2 32586.8 35908.7 34387.5 22820.9 26458.5 36034.3 24069.3 22560.2 28534.1 22047.1 21047.9 26662 32560.6
threshold=0.027603022798991603 1.4321253711642201 0 17.403758522100876 19.424843156643991 9.2967430752252067 19.457303695299927 0.63261438802544501 18.650510177953056 17.376805783880858 -0.93301270189221919 0.88970295594175008 2.4077208795437905 1
decision_type=2 10 1 2 2 8 2 2 2 2 2 10 10 1
left_child=4 2 -2 -3 7 -6 -7 8 9 11 -4 -1 -13 -14
right_child=1 3 10 -5 5 6 -8 -9 -10 -11 -12 12 13 -15
leaf_value=0.0012785066837753059 -0.0066337487480750889 -0.00035368688021634477 0.0043736104439007998 0.0033410846174854805 0.00076481963245053381 -0.0050682087433023574 0.00018448401365730928 -0.0024258880794141269 -0.0021114451114795491 0.0010422049119428497 -0.0019354119238411665 -0.00037907935291464553 0.0019038134071530097 -0.0009785690874719729
leaf_weight=3364472.0003585815 269733.58476257324 2433754.06419909 208914.22791290283 397387.64758300781 272699.14392852783 267884.52938079834 171889.16201019287 4208590.5543782711 293119.29122924805 506982.521484375 1614373.6812815666 4106526.2793712616 3747222.9207115173 1586232.6844040155
leaf_count=2982 129 4232 327 162 329 206 126 14253 107 73 2371 3676 2976 2699
internal_value=0.000406125 -0.00248107 -0.0072117 0.00101621 0.00117355 -0.00760122 -0.0151887 0.00152452 0.00254677 0.00284891 -0.00469262 0.00238827 0.00117805 0.0035097
internal_weight=2.34498e+07 4.92416e+06 2.09302e+06 2.83114e+06 1.85256e+07 712473 439774 1.78131e+07 1.36046e+07 1.33114e+07 1.82329e+06 1.28045e+07 9.43998e+06 5.33346e+06
internal_count=34648 7221 2827 4394 27427 661 332 26766 12513 12406 2698 12333 9351 5675
cat_boundaries=0 1 2
cat_threshold=16 834
is_linear=0
shrinkage=0.05


Tree=77
num_leaves=15
num_cat=1
split_feature=11 14 16 21 5 3 6 24 6 20 28 19 6 7
split_gain=22118.1 21175.5 47610.8 32789.1 59917.1 32847.5 40235 19562 35377.8 33136.8 25845 41256.8 25192.8 30752.8
threshold=0.66650865740697285 2.3753785055257124 18.36763154562799 10.902443370709145 17.382494435338344 17.171183635107628 16.803986779003264 0.80042292159832307 16.964547881697367 0.041395916522617808 0 -0.039197507078945044 16.195518319119824 15.035255036558885
decision_type=2 8 2 10 2 2 2 8 2 8 1 2 2 2
left_child=1 3 -3 4 7 6 -5 9 -9 10 -1 -12 13 -11
right_child=-2 2 -4 5 -6 -7 -8 8 -10 12 11 -13 -14 -15
leaf_value=0.0017042975913005279 -0.0076256803734214441 -0.00016914407591097608 -0.003740880764254266 0.0018317093672569229 -0.0029911605842458037 0.0020751281248522799 -0.0029016916073387614 -7.7368299392056104e-05 -0.0016139123802066631 -0.0024943850064538687 0.0071102008866171726 5.3540767980823038e-05 -0.0025805363716775863 0.0072137264783189133
leaf_weight=707888.11938095093 1009003.02957654 2685309.9197986126 574846.48080444336 2123397.4589531422 82006.77490234375 797241.39892578125 288070.373046875 12096560.32508266 387961.3857421875 774449.81613731384 144676.2939453125 1283542.9706230164 184034.96166992188 231322.77099609375
leaf_count=644 3098 8368 215 2880 14 118 59 16366 74 1517 107 1092 46 85
internal_value=1.51496e-05 0.000341895 -0.00338244 0.000977559 4.67194e-05 0.00558792 0.00267915 0.000267827 -0.000639941 0.00367532 0.00740007 0.003528 -0.00301186 0.000100363
internal_weight=2.33703e+07 2.23613e+07 3.26016e+06 1.91012e+07 1.58924e+07 3.20871e+06 2.41147e+06 1.58104e+07 1.24845e+07 3.32591e+06 2.13611e+06 1.42822e+06 1.18981e+06 1.00577e+06
internal_count=34683 31585 8583 23002 19945 3057 2939 19931 16440 3491 1843 1199 1648 1602
cat_boundaries=0 1
cat_threshold=584
is_linear=0
shrinkage=0.05


Tree=78
num_leaves=15
num_cat=0
split_feature=9 24 11 4 20 20 22 19 4 24 24 7 2 15
split_gain=19148.2 40958.7 32090.2 25865.8 18242 17762.5 23870.8 19479.5 30612.6 24580.5 26223.2 20785.4 56399.1 16832.3
threshold=0.13056622037921709 0.32498050864751504 0.11548245711180712 17.458037941908348 0.032674146079223358 0.042076762466386801 19.427359208437831 -0.029986948250196144 14.332612286627141 5.0672077605370811 0.76154620333277312 17.376805783880858 17.4270168375546 19.381805013860188
decision_type=2 10 2 2 8 10 2 2 2 10 10 2 2 2
left_child=1 -1 4 5 -3 7 -7 8 -2 10 -10 12 13 -9
right_child=3 2 -4 -5 -6 6 -8 11 9 -11 -12 -13 -14 -15
leaf_value=0.00289725974293057 0.00067006444397319865 8.0798710485276129e-05 -0.0019313108966291766 -0.00071783451255235092 0.0026739488144701218 -0.0025698659098343539 0.013915192428624405 0.00052926122789052898 0.00014447228276396148 0.0014497601146659675 -0.0039385494448229297 0.0050617769007363991 -0.0034302939662438333 -0.0029522632265453715
leaf_weight=289382.91735839844 1746872.5685001612 682158.72514343262 260786.85879516602 638713.18212890625 204732.17669677734 1584907.5940694809 91101.058338522911 15391596.122137189 275694.38983154297 247584.15289306641 944773.98315429688 132883.14306640625 73524.9775390625 845363.54891586304
leaf_count=94 4510 273 90 96 220 2264 97 25348 120 115 412 21 13 878
internal_value=-8.60686e-05 0.00550558 0.00126688 -0.000451769 0.0058006 -0.000154943 -0.00509597 0.000266315 -0.00329324 -0.00861548 -0.0115295 0.000962261 0.000801805 0.000999656
internal_weight=2.34101e+07 1.43706e+06 1.14768e+06 2.1973e+07 886891 2.13343e+07 1.67601e+06 1.96583e+07 3.21493e+06 1.46805e+06 1.22047e+06 1.64434e+07 1.63105e+07 1.6237e+07
internal_count=34551 677 583 33874 493 33778 2361 31417 5157 647 532 26260 26239 26226
is_linear=0
shrinkage=0.05


Tree=79
num_leaves=15
num_cat=0
split_feature=10 26 22 11 11 1 5 22 14 19 2 23 22 22
split_gain=18639.4 13493 29801.1 43045.2 27326.9 45346.7 34725.2 29293.8 36647.2 29138.7 28805.4 25834.9 23606.4 32289.5
threshold=-1.0901649903774835 -0.5 17.614755522059962 -1.0000000180025095e-35 0.050548495316121413 17.423965936235351 17.131665029836004 19.600808566351393 1.497090039949321 -0.016407059656580947 16.684754232979486 -1.5563709029689499 19.593415907659992 19.630753430190442
decision_type=2 2 2 2 2 2 2 2 10 2 2 10 2 2
left_child=-1 2 -2 -4 7 6 10 -3 -9 -10 -6 -5 -13 -14
right_child=1 4 3 11 5 -7 -8 8 9 -11 -12 12 13 -15
leaf_value=-0.014543685012039068 0.00053215753065520338 0.0003920531931227667 -0.002094984253030657 -0.0052805159751147723 -7.9192902360956908e-05 -0.0028422518501133652 0.0026858835328456457 -0.006721960196982066 -9.467312046409016e-06 0.0040926451264985241 -0.0021790061325627518 -0.0001935921496195144 0.0039524699109875936 0.00077453973642578654
leaf_weight=547153.86055636406 3900042.6107517481 7738140.5532866716 1913720.5347611904 184050.90875244141 5653424.9988029003 322488.03955078125 188976.79638671875 163848.01691818237 234942.7561340332 510988.65872192383 349755.81103515625 1180247.5748195648 176743.38812255859 309587.66285705566
leaf_count=2546 6710 11248 2061 189 9245 46 35 228 108 232 75 1508 73 227
internal_value=-1.90317e-05 0.000199568 -0.00151024 -0.00468373 0.00106384 -0.00138178 -0.000429785 0.00290618 0.0113931 0.0160963 -0.00109412 0.000753369 0.00271659 0.0119869
internal_weight=2.33741e+07 2.2827e+07 7.66439e+06 3.76435e+06 1.51626e+07 6.51465e+06 6.19216e+06 8.64792e+06 909779 745931 6.00318e+06 1.85063e+06 1.66658e+06 486331
internal_count=34531 31985 10768 4058 21217 9401 9355 11816 568 340 9320 1997 1808 300
is_linear=0
shrinkage=0.05


Tree=80
num_leaves=15
num_cat=1
split_feature=28 0 23 23 17 22 7 1 0 9 17 19 0 14
split_gain=17322.1 38813.5 31050.6 36660.6 47122.1 41680.7 44309.9 27516.1 31558.2 26905.7 21321.8 23766.6 19219.2 17215
threshold=0 17.419860989426706 1.8842839142952352 3.1658505022604353 0.31408482136343246 21.040452452046065 14.592437095259962 16.395026300101303 15.924256278800728 0.18387354076970366 0.071344068163355465 -0.0053716608009118493 13.757361771766945 2.4283401526158253
decision_type=1 2 10 10 2 2 2 2 2 2 2 2 2 10
left_child=1 2 7 10 5 6 12 8 9 -1 -4 -12 -5 -11
right_child=-2 -3 3 4 -6 -7 -8 -9 -10 13 11 -13 -14 -15
leaf_value=-0.0088419215314838994 0.00020808108676906593 -0.011589253683386307 0.0011919395202154293 -0.0016130718676545339 -0.0063165126554418378 0.0094807230686594773 -0.0056883815478036446 -0.0034013062984385501 0.0016675529631346977 -0.002228990226008391 0.0010158143915460643 0.007142763403889061 0.0053540741273801545 -0.031594770424971434
leaf_weight=78879.44189453125 17987121.996279597 62597.16943359375 842564.28233599663 947944.40683686733 244184.64453125 228405.80458068848 425626.48803710938 275611.60083007812 305558.2900390625 925241.92917323112 282312.26098632812 323230.24792480469 282055.83694458008 159431.42379188538
leaf_count=58 25595 11 1605 3594 76 150 200 70 88 1855 105 121 234 714
internal_value=0.000189691 -0.00229846 -0.00183799 0.000829801 -0.00334604 -0.000667554 -0.00342982 -0.00730641 -0.00458671 -0.00834208 0.00696684 0.0141235 0.0013819 -0.00629171
internal_weight=2.33708e+07 5.38364e+06 5.32105e+06 3.57632e+06 2.12822e+06 1.88403e+06 1.65563e+06 1.74472e+06 1.46911e+06 1.16355e+06 1.44811e+06 605543 1.23e+06 1.08467e+06
internal_count=34476 8881 8870 6085 4254 4178 4028 2785 2715 2627 1831 226 3828 2569
cat_boundaries=0 1
cat_threshold=44
is_linear=0
shrinkage=0.05


Tree=81
num_leaves=15
num_cat=1
split_feature=17 23 14 11 10 6 29 0 1 0 24 21 15 18
split_gain=18406.9 26154.5 36017 27968.6 21406 69111.3 27059.2 24280.3 22946.3 33217.7 18292.2 17496.8 24245.7 19980.6
threshold=0.39211591187223777 2.5830001599057755 1.7102166426109984 0.047013165624397453 -0.23441005491775516 16.964547881697367 0 17.156634566241113 15.92279794700919 14.698311606593888 2.4443359843414556 10.583531120727168 19.393848674083568 0.99326862275930228
decision_type=2 10 10 2 2 2 1 2 2 2 8 8 2 10
left_child=4 2 -2 -3 5 6 -1 11 9 -8 -11 13 -13 -6
right_child=1 3 -4 -5 7 -7 8 -9 -10 10 -12 12 -14 -15
leaf_value=0.0024891035169693852 4.8014699570373857e-05 0.0016318012058675121 -0.0040333815928801147 -0.0012941121134307093 0.0014039651084958628 -0.0050127421475472424 -0.0033119153447208186 0.00064008380844992642 -0.0056234948321405385 0.0058129579794697732 -0.00049501215021925888 -2.2591365113038105e-05 -0.0032709953524232213 -0.00045159858565418432
leaf_weight=858494.38367640972 339814.26715087891 296990.26208496094 396925.60424804688 338266.63903808594 6157799.1057701111 93296.3515625 3257106.3986283541 1219105.8134765625 110572.0458984375 246790.60095214844 252433.734375 6275117.2506146431 332411.6884765625 3210658.3814888
leaf_count=1569 175 145 81 133 11726 15 8156 196 29 103 97 7682 215 4259
internal_value=0.000447527 -0.00517142 -0.0115818 0.00226304 0.000797724 -0.00214757 -0.00130618 0.0016231 -0.00308895 -0.00242814 0.00958181 0.00110408 -0.000866206 0.00249372
internal_weight=2.33858e+07 1.372e+06 736740 635257 2.20138e+07 4.81869e+06 4.7254e+06 1.71951e+07 3.8669e+06 3.75633e+06 499224 1.5976e+07 6.60753e+06 9.36846e+06
internal_count=34581 534 256 278 34047 9969 9954 24078 8385 8356 200 23882 7897 15985
cat_boundaries=0 1
cat_threshold=52
is_linear=0
shrinkage=0.05


Tree=82
num_leaves=15
num_cat=0
split_feature=10 16 11 8 26 2 17 22 20 11 5 8 8 16
split_gain=27970.5 54771.6 20519.1 20251.4 35283.4 35281.8 35263.4 27630.1 24802.2 22943.8 52914.8 21038.3 19900 19375.5
threshold=-0.03970098221279264 18.472836192843562 0.83962188154483652 0.22179407724374697 0.25000000000000017 17.4270168375546 0.24497248980684103 19.450328062977167 -0.011801449958917498 -0.41064458705580703 15.358794976538235 0.079084972427515068 0.26426021986977311 16.144681085850902
decision_type=2 2 2 2 2 2 2 2 8 2 2 2 2 2
left_child=1 2 -1 4 11 7 8 9 -6 10 -5 -2 -9 -11
right_child=3 -3 -4 5 6 -7 -8 12 -10 13 -12 -13 -14 -15
leaf_value=-0.00016831215587375989 0.0019429340165660392 -0.0091587544290398348 -0.014037994860667855 0.0026638782877335052 0.0030779284429948723 -0.0058302518986149202 -0.0019887830184022902 0.0026974972607594259 4.5172403199162236e-05 8.3648062852938426e-05 0.029406758757388241 0.00076279834004850712 0.0022493032527875702 -0.00301592958077046
leaf_weight=9986523.1546666622 256467.30387306213 183364.39553833008 273499.15730381012 656268.58920586109 229754.11520957947 75906.99072265625 589217.2802734375 151648.43078613281 1389821.7824211121 4805190.0511928797 67957.171020507812 2568977.6853981018 580343.22871088982 1487244.9149303436
leaf_count=15255 179 100 1033 2242 176 12 163 78 1057 10570 29 1654 632 1328
internal_value=0.000235218 -0.00168699 -0.00120292 0.00179636 0.00427013 0.000204757 -0.000464149 0.000537067 0.00334644 -0.000427286 0.00800043 0.00797116 0.00978107 -0.00139727
internal_weight=2.33022e+07 1.04434e+07 1.026e+07 1.28588e+07 5.03424e+06 7.82456e+06 2.20879e+06 7.74865e+06 1.61958e+06 7.01666e+06 724226 2.82544e+06 731992 6.29243e+06
internal_count=34508 16388 16288 18120 3229 14891 1396 14879 1233 14169 2271 1833 710 11898
is_linear=0
shrinkage=0.05


Tree=83
num_leaves=15
num_cat=0
split_feature=16 9 11 5 15 21 19 7 0 11 20 24 16 15
split_gain=20795 17006.8 39279.3 25959.1 19640.3 24611.6 21601.8 43639.1 29311.4 30765.3 33966.8 27421.4 44590.6 30734.9
threshold=18.650510177953056 0.099641508914028162 0.017004124361912752 16.960686163940348 19.363417049936697 8.0217497082141769 0.026742964172620756 17.115974588496943 16.272741767951768 0.047013165624397453 -0.0021108289551947999 1.4321253711642201 16.369913229133029 19.242938431960084
decision_type=2 2 2 2 2 8 2 2 2 2 10 10 2 2
left_child=1 2 3 -1 6 -6 8 11 -3 -10 -11 -8 13 -13
right_child=-2 4 -4 -5 5 -7 7 -9 9 10 -12 12 -14 -15
leaf_value=0.0014755719348570483 -0.0018988355046661081 0.00018028939062822208 0.002961098402358529 -0.0014408449680993326 0.0068204268477495451 -0.002578630886733377 -0.0025621019075633741 -0.0021998141329031325 0.0011725775878819122 -0.0020747870749921837 0.00030803042990945113 -0.0035614174987897008 0.0031182196933764528 0.0034205693943023929
leaf_weight=135500.06742858887 339287.58703613281 13416666.956828475 216775.93362426758 154289.26904296875 211427.29731750488 1510825.9711074829 1794237.6026587486 247498.99365234375 1691878.1486816406 507416.59936523438 483293.49877929688 1448777.3731402159 655470.93016052246 562908.59335327148
leaf_count=203 120 24657 50 28 283 1375 2703 40 372 126 93 3360 462 655
internal_value=0.000204309 0.00038529 0.00944544 -0.00259656 0.000181585 -0.00494972 0.000606294 -0.00237251 0.00147757 0.0062488 -0.000748573 -0.00123881 0.0019763 -0.00171402
internal_weight=2.33763e+07 2.3037e+07 506565 289789 2.25304e+07 1.72225e+06 2.08081e+07 4.70889e+06 1.60993e+07 2.68259e+06 990710 4.46139e+06 2.66716e+06 2.01169e+06
internal_count=34527 34407 281 231 34126 1658 32468 7220 25248 591 219 7180 4477 4015
is_linear=0
shrinkage=0.05


Tree=84
num_leaves=15
num_cat=1
split_feature=11 0 24 0 23 28 10 24 16 17 16 22 5 5
split_gain=23557.1 22779.9 21969.8 25845.4 17495.3 25898.9 17180.7 30950.1 35447.2 35347.8 34099.4 30241.1 29054.6 30833
threshold=0.4513552894078377 16.532359858528654 0.45979570280003906 16.152874941917947 6.8867884999821509 0 0.051858354433619906 0.76154620333277312 18.472836192843562 0.44081722901546433 18.407908271991452 19.593415907659992 17.382494435338344 16.793627513211842
decision_type=2 2 8 2 8 1 2 8 2 2 2 2 2 2
left_child=6 2 -2 4 -4 -6 7 9 10 -1 -9 12 13 -8
right_child=1 -3 3 -5 5 -7 11 8 -10 -11 -12 -13 -14 -15
leaf_value=0.00067633525266770926 -0.014218858476046157 0.0062374811513431 -0.0042922866946305755 -0.010436410217266458 -0.010215179570584989 0.013528084221510906 0.00046403197002677717 -0.00031840596267967931 -0.0051196640808324574 0.0022547757908122491 0.00087059529303396607 0.0023932076061394776 -0.0040136957968184587 0.0012672503911860811
leaf_weight=2532250.6623239517 221732.96001243591 90461.280029296875 1403531.6110477448 54771.21337890625 173434.70790231228 232649.34117603302 6145071.5964542627 10259651.826247334 355745.79858398438 216618.41424560547 283156.51803588867 880781.27261352539 188216.70947265625 403982.94091796875
leaf_count=3505 594 22 3466 16 366 659 10686 14248 153 83 103 573 31 84
internal_value=0.000345259 -0.00460905 -0.00567423 -0.00390469 -0.00288051 0.00625937 0.000852347 -0.00020947 -0.0014053 0.00453167 -0.000881493 0.00275455 0.00161551 0.00217215
internal_weight=2.34421e+07 2.17658e+06 2.08612e+06 1.86439e+06 1.80962e+06 406084 2.12655e+07 1.36474e+07 1.08986e+07 2.74887e+06 1.05428e+07 7.61805e+06 6.73727e+06 6.54905e+06
internal_count=34589 5123 5101 4507 4491 1025 29466 18092 14504 3588 14351 11374 10801 10770
cat_boundaries=0 1
cat_threshold=408
is_linear=0
shrinkage=0.05


Tree=85
num_leaves=15
num_cat=0
split_feature=10 14 7 21 3 9 21 4 18 3 17 14 18 27
split_gain=22034.7 17404.3 33339.9 30980.6 30636.2 43223.2 20880.5 21754.9 18192.5 18793.2 31853 16561.6 30262.3 50877.3
threshold=-1.0901649903774835 2.3753785055257124 17.115974588496943 10.83135179505072 15.328408887801364 0.18934025675728464 10.609716491129488 17.181523356598721 0.27769490368242228 16.536937448267057 0.20761420437122818 2.1324266943184376 0.48979111816747495 5.5000000000000009
decision_type=2 8 2 10 2 2 10 2 10 2 2 10 10 2
left_child=-1 3 6 11 -5 -6 -3 8 9 10 -8 -2 13 -13
right_child=1 2 -4 4 5 -7 7 -9 -10 -11 -12 12 -14 -15
leaf_value=-0.014732148327797935 -0.00010524028535513014 0.0010536696075750219 -0.0018530231260152855 0.00057348726952553342 3.3708219371134983e-05 0.0041454569988674797 -0.00029725901822297616 -0.0023819982639401039 -0.0061273442473932672 0.0023254075416008933 -0.0054762158464838808 0.0042653770762681635 0.004726687248723908 -0.0022178254556298109
leaf_weight=554402.66815316677 13440917.802099347 1265251.1801483631 311179.68408203125 2271079.6312091351 1048764.1911621094 832844.20263671875 1044978.8251290321 76066.129638671875 169531.02045440674 288206.0283203125 179343.39758300781 591862.54185914993 530508.89179801941 901957.80099320412
leaf_count=2573 17698 5606 52 3511 196 202 2693 16 122 64 68 623 279 933
internal_value=0.000529012 0.000766928 -0.00257265 0.00133457 0.00516901 0.00988719 -0.000968692 -0.00449368 -0.00331092 -0.00157004 -0.00427413 0.000304959 0.00452111 0.000877958
internal_weight=2.35069e+07 2.29525e+07 3.33456e+06 1.96179e+07 4.15269e+06 1.88161e+06 3.02338e+06 1.75813e+06 1.68206e+06 1.51253e+06 1.22432e+06 1.54652e+07 2.02433e+06 1.49382e+06
internal_count=34636 32063 8621 23442 3909 398 8569 2963 2947 2825 2761 19533 1835 1556
is_linear=0
shrinkage=0.05


Tree=86
num_leaves=15
num_cat=0
split_feature=19 26 16 10 6 19 23 11 7 3 19 17 7 6
split_gain=25615.3 20872.8 27290.6 16221.3 16118.3 15059.6 31138.6 26549.2 33711.2 21325.6 19375.7 18195.8 17373.2 49313.9
threshold=0.0538948132917463 -0.68301270189221952 16.204580489039632 -2.5374914540929998 14.54410695101992 0.042837075796135708 -0.37154178192389492 0.093651099673423624 15.035255036558885 15.328408887801364 0.038131311719641459 0.046427168937550709 17.376805783880858 17.356241645943843
decision_type=2 2 2 2 2 2 10 2 2 2 2 2 2 2
left_child=3 2 4 -1 -2 10 11 8 -8 -9 12 -7 13 -5
right_child=1 -3 -4 5 -6 6 7 9 -10 -11 -12 -13 -14 -15
leaf_value=-0.10517569594114813 -0.0074408616148318842 -0.0005038349787274322 -0.0065733684199656625 0.00018917582447605831 0.0033844353340746823 0.00064163494545180179 0.0036259851569074193 0.0027403918759069923 0.0039649358703361384 -0.0029679226130181779 -0.0025417340265008301 -0.0036125105214036995 0.00040085780350178259 -0.0061703234101626141
leaf_weight=161467.13520812988 247086.1031126976 1096342.3625340462 226470.14241027832 18779028.588439226 83927.7978515625 232698.17833328247 250679.19406294823 178685.88938331604 176342.50341796875 59438.317993164062 862792.6620541811 118051.26248168945 773152.2451171875 87147.37548828125
leaf_count=1158 615 1589 149 27999 43 445 560 382 54 18 1282 71 113 15
internal_value=0.000411413 -0.00558665 -0.0134639 0.000868978 -0.0043134 0.000987453 0.00692969 0.0132864 0.020746 -9.0613e-05 0.000693011 -0.00512496 0.00101518 0.000714135
internal_weight=2.33333e+07 1.65383e+06 557484 2.16795e+07 331014 2.1518e+07 1.0159e+06 665146 427022 238124 2.05021e+07 350749 1.96393e+07 1.88662e+07
internal_count=34493 2396 807 32097 658 30939 1530 1014 614 400 29409 516 28127 28014
is_linear=0
shrinkage=0.05


Tree=87
num_leaves=15
num_cat=3
split_feature=19 19 9 19 5 28 4 7 21 28 21 19 0 29
split_gain=17174.1 23110.3 25230.9 20108.2 24088.2 18227.1 17953.8 47687.4 32261 29261.9 29221.2 25104.5 27647.6 29354.5
threshold=0.0538948132917463 0.042837075796135708 0.20793076625117812 0.055362550854933253 17.131665029836004 0 14.953516001606376 15.413491738038497 11.104263422778596 1 10.912215497723921 -0.014024481491092899 15.924256278800728 2
decision_type=2 2 2 2 2 1 2 2 8 1 10 2 2 1
left_child=1 6 -3 -2 5 -5 7 -1 9 10 -8 -11 13 -13
right_child=3 2 -4 4 -6 -7 8 -9 -10 11 -12 12 -14 -15
leaf_value=0.00050229290907191713 -0.004914101653567658 0.0020727915976743562 0.00096750897839152021 -0.0086351203846890389 0.0031981423451541932 -0.00016107466274952075 -2.562342287493304e-05 0.015378533059615602 -0.0015512918295206013 -0.0026594321671439998 0.00095493109404604342 -0.0037758428331305972 0.00058609748591224788 0.0021823194885214133
leaf_weight=12627444.505123615 374399.3919672966 244150.15380096436 836394.84773039818 262397.56719732285 92226.146484375 917204.96443033218 3658549.0881347656 124283.14135742188 579226.80358886719 1109660.6176757812 1048394.5850830078 497234.88702392578 801174.18432617188 209891.11535644531
leaf_count=28090 532 111 1473 413 15 1444 1275 49 160 386 207 237 211 102
internal_value=9.85307e-05 0.000471447 0.00759964 -0.00482537 -0.00182714 -0.00375119 9.85583e-05 0.00125912 -0.00177378 -0.000875512 0.00148134 -0.00511298 -0.000913331 -0.00811892
internal_weight=2.33826e+07 2.17364e+07 1.08055e+06 1.64623e+06 1.27183e+06 1.1796e+06 2.06559e+07 1.27517e+07 7.90413e+06 7.3249e+06 4.70694e+06 2.61796e+06 1.5083e+06 707126
internal_count=34705 32301 1584 2404 1872 1857 30717 28139 2578 2418 1482 936 550 339
cat_boundaries=0 1 2 3
cat_threshold=164 768 1
is_linear=0
shrinkage=0.05


Tree=88
num_leaves=15
num_cat=2
split_feature=11 0 14 7 10 29 23 23 7 28 11 9 5 7
split_gain=21234.3 31483.7 42015.7 36944.7 34717.9 32987.1 21543.5 33792.5 20031.7 23842 51308.8 25633.5 25586.2 19522.7
threshold=-0.077904549126598596 15.924256278800728 2.3474724148787502 16.109296304012165 -0.0093581280678662494 0 6.7582366309950865 6.664195412093501 16.98736325551755 1 0.093651099673423624 0.22149683170429854 11.983779747236701 14.220276627435018
decision_type=2 2 10 2 2 1 10 10 2 1 2 2 2 2
left_child=1 3 4 5 -3 13 7 -2 9 10 -8 -12 -13 -1
right_child=6 2 -4 -5 -6 -7 8 -9 -10 -11 11 12 -14 -15
leaf_value=0.0022702760762948922 -0.00014655957431151178 0.0004933553398545526 -0.00022495944355159508 -0.0093490224867226381 0.0028623413393047041 -0.00027218077983397177 -0.019510149128993605 -0.013784262032952389 -0.0065943097096092199 0.00088851320607959442 -0.0063509208304991923 -0.0031409117847507294 0.01538213613549784 0.0060854909357760979
leaf_weight=1015021.6726833582 12983111.584966421 460905.0595703125 689194.79833984375 58292.169189453125 583862.63098144531 4843245.1948344707 104436.64162492752 175580.78150558472 71675.83203125 1101143.0157183409 60055.501922607422 64108.333532333374 304582.97760009766 782333.583984375
leaf_count=2841 17249 108 150 17 150 10365 166 185 14 1981 72 446 220 458
internal_value=0.000686492 0.00269061 0.00869553 0.00113628 0.015017 0.00148417 -0.000450462 -0.00113585 0.00483602 0.00597066 0.0146493 0.0223047 0.0272389 0.00726897
internal_weight=2.32975e+07 8.43286e+06 1.73396e+06 6.69889e+06 1.04477e+06 6.6406e+06 1.48647e+07 1.31587e+07 1.706e+06 1.63433e+06 533183 428747 368691 1.79736e+06
internal_count=34422 14089 408 13681 258 13664 20333 17434 2899 2885 904 738 666 3299
cat_boundaries=0 1 2
cat_threshold=28 102
is_linear=0
shrinkage=0.05


Tree=89
num_leaves=15
num_cat=0
split_feature=19 17 11 15 15 9 21 3 6 16 10 0 11 17
split_gain=17145.1 31816 41631.6 20417.2 36733.5 27675.9 31325.4 26995.9 40505.7 40751.3 25446.7 53699 20253.8 29539.3
threshold=-0.023291557472638346 0.24497248980684103 -0.029507131948196947 19.217144507318054 19.196375705064558 0.22527589011465718 10.692380982045336 16.041732990297305 16.964547881697367 18.314726746826736 0.11737189786700061 16.993748182993098 0.08656168567912291 0.054653862295155356
decision_type=2 2 2 2 2 2 8 2 2 2 2 2 2 2
left_child=1 -1 -3 4 7 -6 -7 -2 9 -9 12 -12 -5 -14
right_child=3 2 -4 10 5 6 -8 8 -10 -11 11 -13 13 -15
leaf_value=-8.0053294694205508e-05 -0.00033142190867598709 0.00010752457261496735 -0.0028445726201580079 0.00083291976144629631 -0.0046805788025190151 -0.0077177554222867557 0.0062275860825302233 0.0028949816506512911 -0.00029809636367982559 -0.00046681763824152849 0.003767750568397274 0.0036035620431676685 0.00031112454741453067 -0.0018384878791141319
leaf_weight=4839905.6137799025 9074889.3517481089 348103.21606445312 391501.21697998047 2259961.2491950989 143672.81756591797 360266.89379119873 89488.612449645996 964622.24951171875 1055970.8857421875 446069.21875 1556434.8536529541 103738.39306640625 1262289.9359779358 392894.62622070312
leaf_count=7992 19782 129 129 2067 50 424 90 259 195 114 1810 17 1336 71
internal_value=0.000334516 -0.00208245 -0.011741 0.00109597 -5.47549e-05 -0.0121867 -0.00608377 0.000569028 0.00520726 0.0107508 0.00360057 0.00878795 0.00140092 -0.00280128
internal_weight=2.32898e+07 5.57951e+06 739604 1.77103e+07 1.2135e+07 593428 449756 1.15416e+07 2.46666e+06 1.41069e+06 5.57532e+06 1.66017e+06 3.91515e+06 1.65518e+06
internal_count=34465 8250 258 26215 20914 564 514 20350 568 373 5301 1827 3474 1407
is_linear=0
shrinkage=0.05


Tree=90
num_leaves=15
num_cat=1
split_feature=15 15 8 16 24 22 9 18 18 25 17 29 15 26
split_gain=15876.1 26801.1 23544.8 50306.2 31396.2 27444.6 21780.8 19119.7 39478.9 46761.9 61295.8 30079.7 49354.3 32928.5
threshold=19.344577984086857 19.343179532786586 0.11522875168704111 17.403758522100876 2.4755880669540953 16.154979374578421 0.22149683170429854 0.47177133088911288 0.99326862275930228 -0.5 0.24497248980684103 0 18.199200115638927 0.25000000000000017
decision_type=2 2 2 2 8 2 2 8 10 2 2 1 2 2
left_child=1 7 -2 4 5 -4 -6 -1 9 11 -11 13 -13 -9
right_child=2 -3 3 -5 6 -7 -8 8 -10 10 -12 12 -14 -15
leaf_value=-0.00017957058403507507 -0.0017650105242225577 0.0026699785346475675 -0.0012966109404879552 0.0018095752390343439 0.0053292342311727367 -0.0060393024275732909 -0.00049221482571928737 0.007451159593357572 -0.00083386712885686665 0.0011999693062581815 -0.0053097569501701124 0.0096801469241652519 -0.00069477380870992637 0.0034171526473898727
leaf_weight=12481143.769539952 329981.12430953979 77851.288238525391 413897.70038604736 165714.56237792969 79126.666564941406 438012.51348876953 1221196.2377662659 219116.00737762451 3761339.0213620663 2735703.5342693329 386025.53454589844 277848.40546417236 512770.6199798584 197702.09033966064
leaf_count=23060 104 70 488 31 41 261 1501 137 5324 2484 98 374 454 121
internal_value=-5.14975e-05 0.0004159 -0.00369643 -0.00191751 -0.00396143 -0.0114224 0.000926613 0.000305087 0.00219837 0.00545399 0.00222216 0.0138096 0.00807914 0.0246784
internal_weight=2.32974e+07 2.06495e+07 2.64793e+06 2.31795e+06 2.15223e+06 851910 1.30032e+06 2.05716e+07 8.09051e+06 4.32917e+06 3.12173e+06 1.20744e+06 790619 416818
internal_count=34548 32122 2426 2322 2291 749 1542 32052 8992 3668 2582 1086 828 258
cat_boundaries=0 1
cat_threshold=88
is_linear=0
shrinkage=0.05


Tree=91
num_leaves=15
num_cat=1
split_feature=11 23 28 16 24 23 27 16 21 9 24 5 0 4
split_gain=16501.2 17013.7 22008.4 18549.8 16706.3 25196.7 23336.5 27353.4 30620.4 22915.2 22330.8 33246.8 22761.7 33563.4
threshold=0.66650865740697285 7.1314674813542256 0 17.340407118629656 6.7743177034872462 7.0925913143390664 10.500000000000002 18.472836192843562 10.804094355342125 0.15391910863585098 0.88970295594175008 16.793627513211842 16.272741767951768 15.157226915591695
decision_type=2 8 1 2 10 10 2 2 8 2 8 2 2 2
left_child=4 3 -3 -2 6 -6 10 8 -8 -10 -1 12 13 -12
right_child=1 2 -4 -5 5 -7 7 -9 9 -11 11 -13 -14 -15
leaf_value=0.00037947046890587151 -0.01064410332186724 0.017503155516579126 -0.014741167076125335 0.0037028766379984916 0.0024354129892812377 -0.008887057046136123 0.0014983893463504721 0.0043735260908135658 -0.0033277203845295486 -0.0015922940664466157 -0.00010727897318858541 -0.00094911523511981776 0.00088437102349795858 -0.0023205806538215612
leaf_weight=4356038.7901735306 793117.02036643028 80034.680035710335 68116.60396194458 49247.606796264648 1973993.726195097 144475.68230438232 2299574.5277392864 268092.06274414062 79203.195098876953 440190.18280053139 8183153.9471976757 1516215.2883300781 898265.86596679688 2173755.0837402344
leaf_count=5751 2539 247 217 40 3434 262 3470 94 34 706 16197 271 231 906
internal_value=1.01906e-05 -0.0063048 0.00932077 -0.00905296 0.000290274 0.0045146 -0.000152433 0.00384914 0.00239769 -0.00856723 -0.000873679 -0.00192807 -0.000991741 -0.00165393
internal_weight=2.33235e+07 990516 148151 842365 2.2333e+07 2.11847e+06 2.02145e+07 3.08706e+06 2.81897e+06 519393 1.71274e+07 1.27714e+07 1.12552e+07 1.03569e+07
internal_count=34399 3043 464 2579 31356 3696 27660 4304 4210 740 23356 17605 17334 17103
cat_boundaries=0 1
cat_threshold=738
is_linear=0
shrinkage=0.05


Tree=92
num_leaves=15
num_cat=0
split_feature=24 17 6 4 14 0 9 24 19 17 1 4 5 24
split_gain=16965.9 41585.5 30017.5 21759.2 15589.2 46423.3 20445.9 27080.3 33295 29500.6 34501.2 26027.1 18230 18359.3
threshold=-0.18930193706925849 0.044588837978661207 14.805753421441523 14.648082066951638 2.4073537941007941 17.419860989426706 0.099641508914028162 1.2939662262770451 0.034215370636019864 0.35588037541285428 16.84045422280521 14.466930158372014 10.420547857201905 0.25066650891964654
decision_type=8 2 2 2 8 2 2 10 2 2 2 2 2 8
left_child=1 2 3 -1 12 6 -6 8 -8 10 -9 -10 -2 -14
right_child=4 -3 -4 -5 5 -7 7 9 11 -11 -12 -13 13 -15
leaf_value=-0.0012736959744576494 -0.01441462453528154 -0.0048126667613510969 0.009501929608507452 -0.0079638429135267443 0.005910821499938497 -0.0098028083756790049 -0.000402323525229884 0.001173455324924686 -0.0023285744777468867 0.0079793776897096307 -0.012022207792563836 -0.010299725697455129 0.0024266044838433982 0.00017580529078249857
leaf_weight=608485.00172996521 641849.94949269295 280193.84390258789 164910.65856933594 72357.774780273438 55367.297485351562 51594.3759765625 692487.96449136734 1524368.4868824482 80958.254466056824 30311.1162109375 61802.1962890625 145352.78649902344 1164867.8158950806 17601793.022819519
leaf_count=1881 4940 152 72 47 185 8 1694 5867 411 5 14 47 894 18220
internal_value=0.000260329 -0.00572634 -0.000195525 -0.00483145 0.000566018 -0.00303711 -0.00210181 -0.00275823 -0.00961246 0.00113767 0.000203933 -0.026262 0.00105654 0.00133994
internal_weight=2.31767e+07 1.12595e+06 845753 680843 2.20508e+07 2.64224e+06 2.59065e+06 2.53528e+06 918799 1.61648e+06 1.58617e+06 226311 1.94085e+07 1.87667e+07
internal_count=34437 2152 2000 1928 32285 8231 8223 8038 2152 5886 5881 458 24054 19114
is_linear=0
shrinkage=0.05


Tree=93
num_leaves=15
num_cat=1
split_feature=11 16 17 16 2 15 19 2 9 6 21 15 5 28
split_gain=23203.5 25360.4 47995.4 28270.9 37643.5 31979 24202.2 24867.3 21865.4 20998.9 34708 48705.7 29752.8 27724.9
threshold=-0.070000168779436892 18.472836192843562 0.22619975375775667 18.179163792832941 16.996524025785622 19.220245496564996 -0.036895586668078545 14.346424655912459 0.28262551853150103 16.09600000920798 10.954471502539871 18.258714205592188 15.958426927865597 0
decision_type=2 2 2 2 2 2 2 2 2 2 10 2 2 1
left_child=9 3 -3 4 6 -5 7 -2 -9 12 11 -11 13 -1
right_child=1 2 -4 5 -6 -7 -8 8 -10 10 -12 -13 -14 -15
leaf_value=0.0023737865540865311 -0.00039986287570182406 0.0015203854005555928 -0.0049383593650027448 0.00019509542129882225 -0.0024922031233049701 0.0013353989513154056 -2.1705183469016363e-05 -0.0015912550675792798 -0.0076434767137755202 0.0032338030623745499 -0.00049940834292518306 0.00013712328597033065 -0.0052464409189715783 -0.0011956289464655481
leaf_weight=4116374.1283558607 723022.60900115967 272078.16656494141 345006.8271484375 1474210.2208862305 215160.98706054688 479621.71337890625 10345824.738175869 349831.5849609375 317503.22894287109 509019.60595703125 595531.75366210938 554925.82373046875 201192.66870117188 2832872.5931602716
leaf_count=6484 1799 174 66 645 42 75 16856 144 168 119 124 126 67 7552
internal_value=0.000389118 -0.000838995 -0.0107575 -0.00039883 -0.00131039 0.00517708 -0.000930444 -0.00712419 -0.0140844 0.00241354 0.00748068 0.0128906 0.00123755 0.00178634
internal_weight=2.33322e+07 1.45223e+07 617085 1.39052e+07 1.19513e+07 1.95383e+06 1.17362e+07 1.39036e+06 667335 8.80992e+06 1.65948e+06 1.06395e+06 7.15044e+06 6.94925e+06
internal_count=34441 19969 240 19729 19009 720 18967 2111 312 14472 369 245 14103 14036
cat_boundaries=0 1
cat_threshold=456
is_linear=0
shrinkage=0.05


Tree=94
num_leaves=15
num_cat=1
split_feature=15 17 22 0 28 17 14 7 18 8 7 11 18 0
split_gain=14744.5 18355.3 16291.3 12725.7 19237.9 12954 34760.4 32088.3 31928.6 33537 28937.3 26502.5 22545.6 45953.5
threshold=19.393848674083568 0.004649560055880751 16.186696316812878 9.150260162607486 0 0.036387299225014755 1.4424560335824832 15.413491738038497 0.076578205313238265 0.36086100738313065 15.341005383859821 -0.16614534291755581 0.19168110925403023 16.532359858528654
decision_type=2 2 2 2 1 2 10 2 10 2 2 2 10 2
left_child=3 -2 -3 4 -1 7 8 10 9 -7 -5 -10 13 -8
right_child=1 2 -4 5 -6 6 12 -9 11 -11 -12 -13 -14 -15
leaf_value=-0.058118715429122239 0.0022866548926414234 -0.0059211151809912058 -0.0003157948808554746 0.00074128065978647543 -0.00085322814133023813 -0.0029685396624040197 -6.4448030013854036e-05 0.0046160460568498074 -0.0063237327988708153 0.011917130357160072 -0.0083326778767759228 -0.0017023637798427094 0.00038402733023525017 -0.0039423975991893217
leaf_weight=307677.54071199894 419802.43941497803 227469.78234863281 605700.09484863281 10677014.835918427 685666.18088006973 395034.59561157227 2145124.3375244141 714720.2744140625 389719.81958007812 329346.50598144531 104913.85180664062 1360538.576385498 4749319.059753418 244637.52319335938
leaf_count=3538 772 123 242 19379 5060 564 1531 287 260 424 48 798 1363 62
internal_value=9.03059e-05 -0.00518615 -0.00948186 0.000389407 -0.00514125 0.000649651 -0.0007048 0.00178227 -0.0058114 0.00301678 0.00110216 -0.00946513 0.00106531 -0.00289581
internal_weight=2.33567e+07 1.25297e+06 833170 2.21037e+07 993344 2.11104e+07 9.61372e+06 1.14966e+07 2.47464e+06 724381 1.07819e+07 1.75026e+06 7.13908e+06 2.38976e+06
internal_count=34451 1137 365 33314 8598 24716 5002 19714 2046 988 19427 1058 2956 1593
cat_boundaries=0 1
cat_threshold=96
is_linear=0
shrinkage=0.05


Tree=95
num_leaves=15
num_cat=2
split_feature=14 17 22 15 28 17 21 14 10 19 26 17 28 21
split_gain=14041.4 39705.3 21744 49691.8 42041.3 42983.9 33365.7 32566.3 23654.2 19117.7 26106.8 20867.6 18645.1 34099.6
threshold=2.4073537941007941 0.39211591187223777 19.39894507182478 19.290377912030959 0 0.39211591187223777 10.934349973511816 0.47260507788121786 0.20423046042489676 -0.014024481491092899 1.0000000180025095e-35 0.13000427664369207 1 11.078461293765502
decision_type=10 2 2 2 1 2 10 10 2 2 2 2 1 10
left_child=2 12 -1 4 6 7 -4 -6 9 11 -11 -9 -2 -14
right_child=1 -3 3 -5 5 -7 -8 8 -10 10 -12 -13 13 -15
leaf_value=-5.1279983869595537e-05 0.00035782908271307797 -0.0047792113317393749 3.8686369745399542e-05 -0.00018583582659713533 -0.01700119661607246 -0.0038046480741806415 0.0026491396633643955 0.0049196810885830137 0.011556051070107128 0.0080049854909614443 -0.00049880797666860925 -0.0038059185594372228 -0.0048016930641581199 0.0021947563204968465
leaf_weight=17722958.279454112 1570974.6723499298 130129.33203125 352007.15797424316 479028.86029052734 117257.57400357723 192535.462890625 547892.26611328125 149918.1176071167 249974.59086298943 270063.946434021 260859.00567162037 184293.20593261719 914828.38431382179 143519.85672569275
leaf_count=24067 5978 21 237 176 155 42 95 182 218 219 207 71 2691 116
internal_value=-2.1722e-06 -0.00335086 0.000447998 0.00453939 0.00756091 0.0022174 0.0160216 0.00564996 0.00828566 0.0043712 0.0102683 -0.0049969 -0.00201658 -0.00714634
internal_weight=2.32862e+07 2.75945e+06 2.05268e+07 2.80383e+06 2.3248e+06 1.4249e+06 899899 1.23237e+06 1.11511e+06 865134 530923 334211 2.62932e+06 1.05835e+06
internal_count=34475 8806 25669 1602 1426 1094 332 1052 897 679 426 253 8785 2807
cat_boundaries=0 1 2
cat_threshold=769 537
is_linear=0
shrinkage=0.05


Tree=96
num_leaves=15
num_cat=0
split_feature=0 0 6 11 5 17 21 0 16 21 22 7 14 14
split_gain=23258.9 18288.2 30919.5 16136.3 38000.3 32937.4 40909.3 30884.9 28012.7 25766 14794.8 26789.9 14673 20194.4
threshold=17.419860989426706 17.156634566241113 16.964547881697367 -0.070000168779436892 16.207104619767552 0.036387299225014755 8.9271941577945562 15.140196249094553 15.597758421320533 10.882353424141339 17.984736745364881 14.33058679986442 2.3105909151280808 1.5336888121784449
decision_type=2 2 2 2 2 2 10 2 2 10 2 2 10 10
left_child=1 2 3 4 5 7 8 10 -7 -6 -1 -12 13 -8
right_child=-2 -3 -4 -5 9 6 12 -9 -10 -11 11 -13 -14 -15
leaf_value=0.0025123812820643087 -0.0002941434237949886 0.0013851968215600127 -0.00080431878043716514 -0.00028784816637640983 0.0026565303592974879 -0.0098495960525695047 -0.0028575454988576396 0.0059447833596574301 -0.014725600959326207 0.00024415319191066958 0.00018550450970625912 -0.010987540648727987 -0.0026103189561296411 0.0023576367189451636
leaf_weight=3710331.0482623577 893778.17431640625 667228.93359375 865553.234375 12874090.265069246 444747.60400390625 191882.80599975586 520996.02644348145 399497.88092041016 120791.26348876953 419082.5927734375 967389.91986715794 180553.67932128906 531497.61181640625 660368.80355834961
leaf_count=9386 131 122 166 19804 113 199 588 185 83 95 2767 113 332 426
internal_value=2.6078e-05 0.000339563 9.09687e-05 0.000472309 0.00221371 0.0010377 -0.00437958 0.00312468 -0.0210109 0.0121291 0.00202578 -0.00293476 -0.00134362 0.00176041
internal_weight=2.34478e+07 2.2554e+07 2.18868e+07 2.10212e+07 8.14714e+06 7.28331e+06 2.02554e+06 5.25777e+06 312674 863830 4.85827e+06 1.14794e+06 1.71286e+06 1.18136e+06
internal_count=34510 34379 34257 34091 14287 14079 1628 12451 282 208 12266 2880 1346 1014
is_linear=0
shrinkage=0.05


Tree=97
num_leaves=15
num_cat=0
split_feature=4 17 10 2 0 8 3 9 23 0 2 11 26 26
split_gain=26700.7 27442.9 17922.4 17292.3 22347.9 18104.4 18205.4 16780.9 16480.4 14599.6 17061.1 16364.2 14019.8 36327.5
threshold=17.181523356598721 0.22619975375775667 -0.47869463615996372 16.150297738002418 14.698311606593888 0.39432922291620892 13.864075557280456 0.66592440534453423 17.026569103003052 13.570058183101773 13.854678445639609 0.64421256980206387 -0.5 0.25000000000000017
decision_type=2 2 2 2 2 2 2 2 8 2 2 2 2 2
left_child=2 -2 3 4 5 6 7 -1 12 10 11 -7 -4 -14
right_child=1 -3 8 -5 -6 9 -8 -9 -10 -11 -12 -13 13 -15
leaf_value=0.0042652808052976027 8.9115901145881694e-06 -0.00085454341606552593 -0.0003323777362979959 -0.0067647909173678801 0.0031850842626733561 -0.0034556945405852021 -0.019403711937109373 -0.033916710933064552 -0.0037258435170152817 0.0065776700655221388 -0.017764966894009453 -0.030837813705063857 0.0018532194079545303 -7.657236849363308e-05
leaf_weight=70541.921568274498 696271.154296875 840489.55151367188 6592475.0196449757 36113.652099609375 177148.56384277344 1255905.5479588509 82902.789672851562 43519.786600828171 186279.37935256958 257222.77398681641 55052.143432617188 150857.09976577759 4867905.6740248203 8244413.4815188646
leaf_count=133 112 138 9493 8 67 4401 54 254 199 165 38 770 7058 11673
internal_value=-0.000213237 -0.00658529 0.000231458 -0.00412838 -0.00353652 -0.00510746 -0.0194661 -0.0065065 0.000698162 -0.00346227 -0.00539516 -0.00432659 0.000838095 0.00178376
internal_weight=2.35571e+07 1.53676e+06 2.20203e+07 2.12926e+06 2.09315e+06 1.916e+06 196964 114062 1.98911e+07 1.71904e+06 1.46181e+06 1.40676e+06 1.97048e+07 1.31123e+07
internal_count=34563 250 34313 5890 5882 5815 441 387 28423 5374 5209 5171 28224 18731
is_linear=0
shrinkage=0.05


Tree=98
num_leaves=15
num_cat=0
split_feature=24 24 10 7 16 27 7 22 8 17 16 8 15 18
split_gain=12377.1 21144.4 29104.5 44225.7 40127.2 26136.6 48116.5 20485.6 18765.3 18652.5 27375.2 32029.3 18173.7 17640
threshold=-0.18930193706925849 0.82582797440728506 0.10619708692387236 17.376805783880858 18.36763154562799 2.5000000000000004 16.98736325551755 16.102069491722229 0.14483486216721952 0.12005163561103827 18.284852716366021 0.13255708096274924 19.374115140306774 0.35554071259540482
decision_type=8 8 2 2 2 2 2 2 2 2 2 2 2 10
left_child=7 2 3 9 8 6 12 -1 -4 -2 -11 -12 -3 -9
right_child=1 5 4 -5 -6 -7 -8 13 -10 10 11 -13 -14 -15
leaf_value=0.00055762860142363573 0.00041214405526993151 -0.0016011160123793385 0.0022638930017697613 0.0069649699575512194 -0.0052051151031691847 8.3213786607277881e-05 -0.0024790047392826025 -0.00078263311127494068 -0.00079235588083666089 0.0025814586943198642 0.00097971530268422288 -0.00074728837582782918 0.0047007762724791341 -0.0062922281145683283
leaf_weight=652439.65555953979 1470775.9817790985 2704591.7002493143 67342.922941207886 103147.94189453125 165384.12966918945 15073168.959393382 266976.0224609375 279357.73077583313 824946.78478479385 531704.48580932617 386929.94561767578 411051.07995605469 150285.55868530273 200335.10847473145
leaf_count=1518 2827 4518 39 17 62 22842 44 451 1562 213 104 142 158 180
internal_value=0.000165614 0.000426175 0.00373655 0.00632321 -0.00336455 -0.000294535 -0.00445857 -0.00493367 0.00082829 0.00513893 0.00943057 0.0035744 -0.00256032 -0.0127776
internal_weight=2.32884e+07 2.21563e+07 3.96128e+06 2.90361e+06 1.05767e+06 1.8195e+07 3.12185e+06 1.13213e+06 892290 2.80046e+06 1.32969e+06 797981 2.85488e+06 479693
internal_count=34677 32528 4966 3303 1663 27562 4720 2149 1601 3286 459 246 4676 631
is_linear=0
shrinkage=0.05


Tree=99
num_leaves=15
num_cat=0
split_feature=20 18 18 17 11 15 15 22 22 18 8 7 0 2
split_gain=22617.4 17957.4 15942 12260.8 53515.6 45676.5 28127.7 27488 47712.4 63585.7 57528.5 28038.9 24499.7 24255.9
threshold=0.071970663367092721 0.21373264058444422 0.60285375058031188 0.24497248980684103 0.057901913564297254 17.821797180512196 17.078457952410592 19.585498256664632 19.617331230798943 0.19168110925403023 0.13724328153741419 14.531911762216939 15.802459769609863 15.25666115188052
decision_type=10 10 10 2 2 2 2 2 2 10 2 2 2 2
left_child=3 -2 -3 7 6 -6 -5 -1 9 11 -10 -9 13 -12
right_child=1 2 -4 4 5 -7 -8 8 10 -11 12 -13 -14 -15
leaf_value=-3.890723378410486e-05 -0.00010412046761963521 -0.0038385880783314771 -0.0033819263642387702 -0.00064895717515538708 -0.00027078099494969016 -0.0046633994837822724 0.0004111363698534462 0.0083445047099470274 -0.0017795497866361606 0.0038952783400127526 0.0015407349631355171 -0.003172507923406192 0.0033676277067122423 -0.0026341393842965145
leaf_weight=17957783.575024486 270037.03198862076 146748.30694961548 194482.02035903931 770839.79577636719 454074.65191650391 460709.87060546875 1378088.3112792969 128954.75192260742 247667.50566101074 278957.1826171875 766180.63942146301 149755.96325683594 247320.21948242188 100078.24401855469
leaf_count=31274 511 76 186 425 265 83 290 181 114 42 1038 72 58 45
internal_value=-0.000143087 -0.00963525 -0.0172589 0.00010984 -0.00283442 -0.0129627 0.00147714 0.000563657 0.00625177 0.0185697 0.00120542 0.00167879 0.00605291 0.00209017
internal_weight=2.35517e+07 611267 341230 2.29404e+07 3.06371e+06 914785 2.14893e+06 1.98767e+07 1.91891e+06 557668 1.36125e+06 278711 1.11358e+06 866259
internal_count=34660 773 262 33887 1063 348 715 32824 1550 295 1255 253 1141 1083
is_linear=0
shrinkage=0.05


Tree=100
num_leaves=15
num_cat=1
split_feature=15 21 29 14 0 10 9 4 2 3 21 23 7 0
split_gain=17390.5 16387.8 29878.3 15973.9 41754.3 18402.4 41514.5 45403 29389.1 32392.5 33576 20186.5 40027.9 30993.8
threshold=19.416922399778489 8.1721778583950595 0 2.4073537941007941 17.419860989426706 -0.22393485061297361 0.22149683170429854 17.181523356598721 15.924256278800728 14.752723084872505 8.7063340716444291 5.0731261683422906 16.98736325551755 16.993748182993098
decision_type=2 10 1 10 2 2 2 2 2 2 10 10 2 2
left_child=3 -2 -3 5 -5 6 -1 8 9 -8 -11 13 -13 -7
right_child=1 2 -4 4 -6 11 7 -9 -10 10 -12 12 -14 -15
leaf_value=-0.0029810213748532738 0.0097844108810856735 -0.011371411256617586 -0.00043904897549339292 -0.0006491707652617663 -0.0073489697430988475 -6.8053458462698137e-05 -0.0028828823168264958 0.0048072623913296237 -0.0049295587921421779 -0.0078757963159088434 0.0048274134744869541 0.0032846896893160109 -0.0040802958978639926 0.00050686543486345536
leaf_weight=156374.31185913086 107742.41676330566 180415.36688232422 499304.48442077637 2644300.96383214 71183.14892578125 10849284.857377887 3027449.3869041204 83727.53955078125 228465.2861328125 212133.94152832031 713319.18994140625 2896169.441141963 173751.13671875 1573627.5283203125
leaf_count=54 138 114 469 8679 11 12692 7079 15 56 108 362 4472 29 272
internal_value=1.94576e-05 -0.00728492 -0.0101567 0.000273633 -0.00332381 0.000764174 -0.00208098 -0.00115329 -0.00188329 -0.000875532 0.00731091 0.00157615 0.00520679 0.000678953
internal_weight=2.34172e+07 787462 679720 2.26298e+07 2.71548e+06 1.99143e+07 4.42147e+06 4.2651e+06 4.18137e+06 3.9529e+06 925453 1.54928e+07 3.06992e+06 1.24229e+07
internal_count=34550 721 583 33829 8690 25139 7674 7620 7605 7549 470 17465 4501 12964
cat_boundaries=0 1
cat_threshold=72
is_linear=0
shrinkage=0.05


Tree=101
num_leaves=15
num_cat=0
split_feature=19 24 4 21 3 20 5 15 14 3 19 25 20 11
split_gain=16541.6 31440.6 37708.1 25633.5 27777.7 27175.5 23544.7 21165.6 22049.2 19045.9 17137.8 16880.3 18627.9 20898.8
threshold=0.027603022798991603 1.6020544337808504 17.458037941908348 9.9176831409593937 16.690778174436563 -0.00072534460720574993 16.315474838755737 19.255681931610429 1.2721256823197133 14.945645722752802 0.012756320567288053 -0.93301270189221919 -0.013221200221717598 -0.063208372046369185
decision_type=2 10 2 10 2 8 2 2 10 2 2 2 8 2
left_child=10 2 11 4 6 -5 7 -3 -9 -7 -1 -2 -13 -14
right_child=1 3 -4 5 -6 9 -8 8 -10 -11 -12 12 13 -15
leaf_value=3.9759963923920253e-05 0.0015342393684608943 -0.0038749272765571021 -0.0023136054778324575 -0.0062502155413489803 -0.0089441445790643514 0.0015843934675179587 0.0054316618556328978 -0.00049125084501949181 0.015933967877144441 0.0034970671963917596 0.0013475109284248909 -0.0045230867342603296 0.00017902521193011782 -0.0036303714787521398
leaf_weight=15396974.685680032 260984.94521212578 1074463.915353179 138293.203125 135421.12637233734 63662.759521484375 479560.86640501022 80471.7353515625 186361.77266693115 120439.43646240234 413919.21496582031 3148346.7170072794 138002.35920906067 683161.36355423927 1025522.7091932297
leaf_count=22564 365 2351 22 192 14 1024 21 255 115 120 4764 164 1086 1415
internal_value=0.000153477 -0.00246254 -0.00677791 0.00133191 -0.0027818 0.00743068 -0.00137369 -0.00290536 0.00867745 0.0105942 0.000830606 -0.00511838 -0.00680054 -0.0053734
internal_weight=2.33456e+07 4.80027e+06 2.24596e+06 2.5543e+06 1.5254e+06 1.0289e+06 1.46174e+06 1.38127e+06 306801 893480 1.85453e+07 2.10767e+06 1.84669e+06 1.70868e+06
internal_count=34472 7144 3052 4092 2756 1336 2742 2721 370 1144 27328 3030 2665 2501
is_linear=0
shrinkage=0.05


Tree=102
num_leaves=15
num_cat=0
split_feature=10 21 6 7 2 9 9 15 21 1 8 10 11 0
split_gain=15445.2 15273.1 39752.7 28417.3 41018.8 24417.5 50108.5 48718 28608.5 22463.3 18067.3 26388.4 19318.5 39702.8
threshold=-2.5374914540929998 11.104263422778596 16.803986779003264 17.376805783880858 17.4270168375546 0.11263565210970426 0.13827813384070328 18.290683852818248 11.085195289202607 16.995067760631983 0.12460012248063866 -0.11050003848079633 -0.12235937657627534 15.467382582974407
decision_type=2 8 2 2 2 2 2 2 10 2 2 2 2 2
left_child=-1 3 -3 4 5 9 7 -7 10 -2 11 -8 13 -12
right_child=1 2 -4 -5 -6 6 8 -9 -10 -11 12 -13 -14 -15
leaf_value=-0.10516808931087451 -3.927765394683721e-05 -0.00047906011543387184 -0.0014362938328647775 0.00097637525909056305 -0.0024670938888738669 0.00014629352443432223 -0.0029233197662961361 0.0028480126318861142 0.0071649343367648629 -0.0016997806547273187 0.00042932811937307949 -0.00023495099289225419 -0.00031880612334230413 0.0028776038625533021
leaf_weight=164808.45572948456 414471.30949401855 1104145.78039217 261844.6650390625 731387.95068359375 113440.82763671875 423658.39505004883 205389.81471073627 353524.32763671875 156014.03712081909 281533.251953125 4885944.0453650951 782032.88699150085 12552655.028581738 974687.20483398438
leaf_count=1203 327 1724 40 108 20 260 143 101 137 53 10506 542 19087 295
internal_value=-6.81117e-05 4.00497e-05 -0.00508923 0.000360353 2.51737e-05 0.000186922 0.000502131 0.0129531 7.33168e-06 -0.00902195 -0.00016416 -0.0067532 0.000189181 0.00255939
internal_weight=2.34055e+07 2.32407e+07 1.36599e+06 2.18747e+07 2.11434e+07 2.10299e+07 2.03339e+07 777183 1.95567e+07 696005 1.94007e+07 987423 1.84133e+07 5.86063e+06
internal_count=34546 33343 1764 31579 31471 31451 31071 361 30710 380 30573 685 29888 10801
is_linear=0
shrinkage=0.05


Tree=103
num_leaves=15
num_cat=0
split_feature=24 24 9 1 20 2 4 3 7 7 15 7 7 1
split_gain=15773.9 37899.4 34847.6 29571.9 23969.2 36207.5 22249.7 31840.5 45482.8 28004.8 35791.1 19604.5 21591.2 17829.1
threshold=2.4077208795437905 0.88970295594175008 0.14407582608325048 17.156634566241113 0.038577705117675908 16.996524025785622 14.266612344806093 15.328408887801364 15.094816631668587 16.98736325551755 19.228329333847224 16.203243434593986 15.637623508097588 16.150297738002418
decision_type=10 10 2 2 10 2 2 2 2 2 2 2 2 2
left_child=1 2 -1 4 5 11 -3 8 -8 10 13 12 -4 -9
right_child=-2 6 3 -5 -6 -7 7 9 -10 -11 -12 -13 -14 -15
leaf_value=0.0010194731474188689 0.00047991991933644284 -0.000169018736172989 0.00080397106358524005 -0.0027888303806203794 -0.002621366294797596 0.0030851424646376612 -0.0021391610792152135 0.0005320146356288276 -0.0078373036949182222 -0.0012120141516538806 -0.0018911265679769649 -0.0019146889300286078 0.0048887293849402373 0.0032654648506205081
leaf_weight=791878.70588684082 9870931.0101977587 3093934.1660995483 3617233.3360514641 144500.39111328125 558259.91489696503 119126.56567382812 1313129.4733886719 534675.06689453125 406854.68383789062 1020345.2509765625 514477.13269042969 394608.39404296875 340909.98803710938 475890.52954101562
leaf_count=267 16297 7766 7321 25 777 23 896 215 192 171 160 102 115 120
internal_value=7.83234e-05 -0.00104384 0.00191756 0.00042275 0.00106339 0.00228288 -0.00344478 -0.00578627 -0.0110415 -0.00223514 0.00205471 0.00153859 0.00259809 0.00752006
internal_weight=2.31968e+07 1.33258e+07 5.96652e+06 5.17464e+06 5.03014e+06 4.47188e+06 7.35931e+06 4.26537e+06 1.71998e+06 2.54539e+06 1.52504e+06 4.35275e+06 3.95814e+06 1.01057e+06
internal_count=34447 18150 8630 8363 8338 7561 9520 1754 1088 666 495 7538 7436 335
is_linear=0
shrinkage=0.05


Tree=104
num_leaves=15
num_cat=0
split_feature=25 8 21 5 8 24 11 18 15 4 3 3 18 21
split_gain=20315.7 27186.1 20733.2 32667.8 17423.6 40513.8 27000.8 31777.9 26678.1 19645.5 15549.9 28742.3 30809 15810.5
threshold=-0.93301270189221919 0.13255708096274924 11.104263422778596 14.996863421050795 0.12460012248063866 0.32498050864751504 0.15103904149881583 0.37401513140501497 19.240998570495709 17.019152678527846 17.171183635107628 16.690778174436563 0.34298014506208535 11.078461293765502
decision_type=2 2 8 2 2 10 2 10 2 2 2 2 10 10
left_child=1 -1 4 -4 5 -2 7 9 -8 -7 11 13 -13 -6
right_child=2 -3 3 -5 10 6 8 -9 -10 -11 -12 12 -14 -15
leaf_value=0.0023510434547433113 0.0015001651036312849 0.00077707817681598444 -0.00019384180323509616 -0.0018963772747088367 -9.8883012563165618e-05 -0.0003459897440984538 -0.0024551393754589953 0.00021841860464616149 -0.0065822756080749683 -0.0016780154654768295 -0.00049987356426266466 0.0010558368070722425 -0.000215909561718859 0.0064695424428233873
leaf_weight=273121.13715934753 315901.08131790161 1671439.2726340294 741610.88452458382 530223.51281738281 16168670.383313537 603120.33660006523 167097.41469812393 554641.33520507812 152339.16232299805 328692.25146484375 695439.7099609375 528556.2783203125 479291.076171875 164707.89161682129
leaf_count=153 174 2771 1539 143 28001 639 213 192 39 61 118 110 108 216
internal_value=-0.000357751 0.00453569 -0.000801776 -0.00699338 -0.000411137 -0.00469698 -0.00758666 -0.00475247 -0.0207752 -0.0103927 9.30405e-05 0.000387039 0.00858171 -0.000118611
internal_weight=2.33749e+07 1.94456e+06 2.14303e+07 1.27183e+06 2.01585e+07 2.12179e+06 1.80589e+06 1.48645e+06 319437 931813 1.80367e+07 1.73412e+07 1.00785e+06 1.63334e+07
internal_count=34477 2924 31553 1682 29871 1318 1144 892 252 700 28553 28435 218 28217
is_linear=0
shrinkage=0.05


Tree=105
num_leaves=15
num_cat=3
split_feature=25 28 4 22 17 8 18 9 4 23 28 17 28 4
split_gain=17605.5 36968.4 50537.5 31684.3 34097.9 33843.8 34223.6 31219.7 52621.7 31608.5 30942.1 27383.7 64312 27058.1
threshold=-0.24999999999999997 0 17.458037941908348 19.630753430190442 0.12005163561103827 0.12460012248063866 0.27269474564116902 0.36786407658468873 13.951494642484921 -0.37154178192389492 1 0.24497248980684103 2 14.685140230171404
decision_type=2 1 2 2 2 2 10 2 2 10 1 2 1 2
left_child=1 3 7 4 -1 -6 -7 9 -9 -3 -2 -12 -13 -5
right_child=10 2 -4 13 5 6 -8 8 -10 -11 11 12 -14 -15
leaf_value=-0.00010231322236233427 0.0015047599033212475 -0.0058467858294530559 -0.0061181807811852701 -0.0002780016347280325 -0.0004982717163359542 0.0005258266576468896 0.0057954264822515089 -0.0035331229241648853 -0.0092401522409437439 0.00028043802332801399 0.00021376403481601983 -0.0084668456750774355 7.7980919100683221e-06 -0.0034047182154621214
leaf_weight=5181170.0337435007 1566182.0447406769 163811.72215652466 147989.4443359375 115829.66795349121 411468.38973999023 193185.38665771484 342158.64221191406 1041908.8269424438 490470.08413696289 1527327.9198074341 10754822.985607743 352222.32397460938 815178.40197753906 139945.3984375
leaf_count=8758 1691 117 25 195 113 146 129 3766 293 896 17903 128 372 69
internal_value=-7.78993e-05 -0.00169599 -0.00593136 0.000540882 0.00126054 0.00998537 0.018273 -0.00461973 -0.00978896 6.42216e-05 0.00109236 0.000224378 -0.00704888 -0.0167009
internal_weight=2.32437e+07 9.75527e+06 3.37151e+06 6.38376e+06 6.12798e+06 946812 535344 3.22352e+06 1.53238e+06 1.69114e+06 1.34884e+07 1.19222e+07 1.1674e+06 255775
internal_count=34601 14507 5097 9410 9146 388 275 5072 4059 1013 20094 18403 500 264
cat_boundaries=0 1 2 3
cat_threshold=327 512 324
is_linear=0
shrinkage=0.05


Tree=106
num_leaves=15
num_cat=0
split_feature=24 17 6 9 4 24 17 10 5 3 22 4 17 17
split_gain=16326.6 38629.3 26397.9 18015.9 48495.8 31502.8 30311.5 23703.7 24153.4 19465.3 27808.4 20780.3 26534 41513.8
threshold=-0.18930193706925849 0.044588837978661207 15.51431486659332 0.31072499967316097 16.410410087137191 0.26511602469553558 0.14878762078016677 0.11389723311351392 15.658864879501165 15.328408887801364 17.223726295556734 13.742861480680888 0.042937960574262857 0.061807040985669207
decision_type=8 2 2 2 2 8 2 2 2 2 2 2 2 2
left_child=1 2 -1 5 9 6 -2 -7 -9 11 -11 -5 -13 -14
right_child=3 -3 -4 4 -6 7 -8 8 -10 10 -12 12 13 -15
leaf_value=-0.0021966939817507597 0.003933787307221704 -0.0026413916550607538 0.013091289878569379 0.0011029036247936035 -0.0029371918065822494 1.8976161802109843e-05 0.00062731185556213652 0.00064237241740481654 0.0026388552935899998 -0.0018062445147996624 0.0051177631897869474 -0.00059875992920867141 -0.013169299954397477 -0.0030492468973450631
leaf_weight=767026.0683555603 331207.12882614136 341988.70108032227 91035.525146484375 7227768.7146052122 645732.08032226562 6668261.0558280945 483263.57940673828 828484.96768569946 671256.68774414062 495613.15728759766 911755.1201171875 3021147.5859375 189805.63836669922 599937.12426757812
leaf_count=1969 270 166 34 22717 154 4524 142 924 160 199 359 2335 118 417
internal_value=0.000443487 -0.00523618 0.000427193 0.000752259 -0.00043093 0.00247673 0.0118538 0.0015417 0.0072213 0.00026223 0.00580006 -0.000443813 -0.00343144 -0.0115917
internal_weight=2.32743e+07 1.20005e+06 858062 2.20742e+07 1.30918e+07 8.98247e+06 814471 8.168e+06 1.49974e+06 1.2446e+07 1.40737e+06 1.10387e+07 3.81089e+06 789743
internal_count=34488 2169 2003 32319 26299 6020 412 5608 1084 26145 558 25587 2870 535
is_linear=0
shrinkage=0.05


Tree=107
num_leaves=15
num_cat=0
split_feature=8 1 10 10 24 17 0 20 8 6 24 8 18 21
split_gain=13681.7 38126.3 26437.4 19125.7 22580.3 23330.9 23238 20428.7 39606.6 22448.7 21747.7 35700.1 47130.7 38810.7
threshold=0.37868208131702258 16.395026300101303 -0.44665743408754283 0.11737189786700061 0.60932200920351154 0.14878762078016677 15.924256278800728 0.05149265664784921 0.096798193245150224 16.605552301010523 0.80042292159832307 0.15572691317479698 0.54841520192399529 10.470596507890082
decision_type=2 2 2 2 8 2 2 8 2 2 10 2 10 10
left_child=2 -2 -1 7 5 -5 -6 10 -9 -10 -4 13 -13 -12
right_child=1 -3 3 4 6 -7 -8 8 9 -11 11 12 -14 -15
leaf_value=-0.0046248521371781409 -0.00041377770794807575 -0.0052259384275113304 0.00092283931854872294 0.0014114522662404449 0.0012982195460339268 -0.0050937978716751528 0.002851227907434549 0.0028670077392326226 -0.001336105073622508 -0.0023181843001971601 -0.0057681081949161874 3.6162214937249514e-05 0.0025324165161058469 -0.00011445885046315596
leaf_weight=349404.62381470203 9392838.1122584343 213588.62158203125 2078224.8954982758 354375.0797958374 1774423.9144515991 165045.09588623047 868394.99462890625 165463.99617004395 2536953.3838758469 157266.91381835938 343530.71564292908 2466638.7220668793 788559.16232872009 1742490.8501815796
leaf_count=522 22997 51 1366 408 2219 59 217 290 2733 34 263 2259 449 708
internal_value=0.000329913 -0.00111876 0.00133904 0.001692 0.00509246 -0.00443795 0.00696557 0.000645893 -0.00294448 -0.00440272 0.00202973 0.000341172 0.00361349 -0.00476522
internal_weight=2.33972e+07 9.60643e+06 1.37908e+07 1.34414e+07 3.16224e+06 519420 2.64282e+06 1.02791e+07 2.85968e+06 2.69422e+06 7.41944e+06 5.34122e+06 3.2552e+06 2.08602e+06
internal_count=34575 23048 11527 11005 2903 467 2436 8102 3057 2767 5045 3679 2708 971
is_linear=0
shrinkage=0.05


Tree=108
num_leaves=15
num_cat=1
split_feature=20 25 17 2 16 25 2 3 29 6 15 22 22 4
split_gain=19352.1 18458.1 36197 13145.1 16490 11416.6 26707.1 18504.9 14008.6 35682.1 28128.9 22308.4 22858.2 19646.6
threshold=0.071970663367092721 -0.93301270189221919 0.12005163561103827 17.4270168375546 18.650510177953056 -0.6830127018922193 16.533265774342059 16.041732990297305 0 16.605552301010523 17.289213070966639 21.068016142521437 19.623793835603895 14.685140230171404
decision_type=10 2 2 2 2 2 2 2 1 2 2 2 2 2
left_child=1 2 -1 4 5 6 7 -3 10 -10 13 12 -12 -7
right_child=-2 3 -4 -5 -6 8 -8 -9 9 -11 11 -13 -14 -15
leaf_value=0.00056691520991699717 -0.001739707805089457 -0.0014986541352721727 0.0018842388945540787 -0.00023589581836559365 0.0036138547938522735 8.5357788567392038e-05 -0.0017247295451358283 0.0010904603184657626 -0.00039549003217522811 -0.012146673412600572 0.00060314231105367054 -0.0030082465785844226 0.0047580624555939241 -0.0012798064488413368
leaf_weight=1420815.4507138729 610350.43010568619 2868706.3217279911 503041.35980224609 755407.14013671875 126696.45324707031 2392229.1231377125 446483.568359375 301536.85986328125 5847080.3302855492 90103.71826171875 6377292.8669426441 121949.00401306152 486840.42779541016 998068.77734375
leaf_count=2636 762 5495 194 110 84 6406 95 92 11673 23 6174 65 269 439
internal_value=-3.37302e-05 0.000202128 0.00488788 -0.000231013 1.2852e-05 -0.000101455 -0.002643 -0.00103056 0.000462007 -0.00147497 0.00157031 0.00338385 0.00376045 -0.00216667
internal_weight=2.33466e+07 2.27363e+07 1.92386e+06 2.08124e+07 2.0057e+07 1.99303e+07 3.61673e+06 3.17024e+06 1.63136e+07 5.93718e+06 1.03764e+07 6.98608e+06 6.86413e+06 3.3903e+06
internal_count=34517 33755 2830 30925 30815 30731 5682 5587 25049 11696 13353 6508 6443 6845
cat_boundaries=0 1
cat_threshold=53
is_linear=0
shrinkage=0.05


Tree=109
num_leaves=15
num_cat=1
split_feature=14 15 15 8 6 23 4 28 6 3 27 17 3 7
split_gain=13306.6 29431.9 31913.5 29601.2 26884 22891.6 28687.6 24743.9 21738 20880.9 18906.4 43177.2 32761.8 27454.8
threshold=2.3390992561901038 18.199200115638927 18.323326947787617 0.22506985407108257 17.129815940530211 -2.0808519107870547 17.019152678527846 0 16.803986779003264 15.804550983324974 2.5000000000000004 0.31408482136343246 16.690778174436563 16.39377301661273
decision_type=8 2 2 2 2 10 2 1 2 2 2 2 2 2
left_child=-1 5 3 -3 -4 6 7 -2 -5 -9 11 13 -12 -7
right_child=1 2 4 8 -6 10 -8 9 -10 -11 12 -13 -14 -15
leaf_value=0.00013311703717712057 -0.014262610988330305 -0.0042714790410216001 0.0021383388018831571 -0.010882571244681609 -0.0080001744778200982 -0.0014196246326285795 -0.0081666776766097307 -0.0033089762036112207 0.0039798427198645516 0.0012432420267801752 -4.8259120826952915e-05 -0.0054649282125113418 0.0015966306629537606 0.0067327894939864423
leaf_weight=19074331.837837219 82725.42794418335 157989.03403091431 254502.11025619507 158376.7017455101 109848.8828125 373833.62634897232 65346.982177734375 178467.26075553894 58114.22314453125 65529.766845703125 1967066.157106638 133828.70483398438 529739.64306640625 43293.12744140625
leaf_count=24622 195 58 372 374 18 1388 13 678 11 16 6648 28 104 10
internal_value=0.000135017 -0.00242045 -0.0114748 -0.0217249 -0.000939683 -0.000475697 -0.011848 -0.00579936 -0.00971601 0.00221313 0.000987257 -0.0073961 0.00283716 0.000532197
internal_weight=2.3253e+07 4.17866e+06 738831 374480 364351 3.43983e+06 392069 326722 216491 243997 3.04776e+06 550955 2.49681e+06 417127
internal_count=34535 9913 833 443 390 9080 902 889 385 694 8178 1426 6752 1398
cat_boundaries=0 1
cat_threshold=32
is_linear=0
shrinkage=0.05


Tree=110
num_leaves=15
num_cat=1
split_feature=29 19 16 17 7 7 8 17 15 25 18 21 11 0
split_gain=15663.9 27503.9 26832.7 23963.8 25866.3 20329.6 26858 26255.4 19221.9 36485.3 29971.1 76983.7 23517.4 22891.1
threshold=0 -0.029549318239527746 16.312023237142931 0.20761420437122818 15.773853429635489 13.93413233424074 0.35337529085142211 0.031433905072916657 17.22766781809803 -0.6830127018922193 0.50981340312335688 11.052118412003972 -0.11467684021774179 15.140196249094553
decision_type=1 2 2 2 2 2 2 2 2 2 8 10 2 2
left_child=1 5 3 4 -2 -1 -7 -8 -3 -10 -11 12 13 -12
right_child=2 8 -4 -5 -6 6 7 -9 9 10 11 -13 -14 -15
leaf_value=0.0016636982493186349 -0.001382931715431795 -0.00037432989020647609 -0.014129431272363994 0.004918080594814315 -0.016562053616224651 -0.00029234696340497735 -0.0025038074975774561 -0.010564074879683784 -0.00016909982970939638 0.0014624581245729989 0.0033099661256331351 -0.0030371798368168811 0.0004469286441515371 0.0056314546737044778
leaf_weight=1025626.1157443523 4567000.6926987171 4016096.2862050533 175391.80722808838 358000.95294189453 76852.175048828125 1536913.6455078125 240029.03161621094 242966.87170410156 2797481.0386484861 3926203.2219216824 690291.90111541748 312006.98773193359 2926585.3100509644 355440.98474121094
leaf_count=2823 12192 8752 176 182 27 611 161 106 2371 3455 994 102 2375 121
internal_value=0.000262557 0.00095728 -0.00216217 -0.00148812 -0.00244904 -0.00337538 -0.00628631 -0.0165711 0.00183555 0.0029158 0.00459604 0.00170416 0.00358256 0.0100185
internal_weight=2.32469e+07 1.80696e+07 5.17725e+06 5.00185e+06 4.64385e+06 3.04554e+06 2.01991e+06 482996 1.50241e+07 1.1008e+07 8.21053e+06 4.28433e+06 3.97232e+06 1.04573e+06
internal_count=34448 21871 12577 12401 12219 3701 878 267 18170 9418 7047 3592 3490 1115
cat_boundaries=0 1
cat_threshold=29
is_linear=0
shrinkage=0.05


Tree=111
num_leaves=15
num_cat=0
split_feature=19 19 6 11 19 9 4 19 9 10 21 21 6 9
split_gain=13074.7 23040.9 25331 17863.9 16575.2 30344.9 14999.4 12224.1 13998 11918.6 12260.5 23309.8 24876.7 11978.7
threshold=0.0538948132917463 0.042837075796135708 14.210278877931932 -0.019390666040090196 0.034215370636019864 0.22149683170429854 14.367076137041632 0.054199206273200004 0.14407582608325048 0.30467721666810466 10.870851662968304 10.575700988984993 14.693021325263455 0.2858742468060762
decision_type=2 2 2 2 2 2 2 2 2 2 10 8 2 2
left_child=1 4 6 -4 -1 -6 -3 -2 -9 10 11 -10 -13 -12
right_child=7 2 3 -5 5 -7 -8 8 9 -11 13 12 -14 -15
leaf_value=-7.5667088517205785e-06 -0.005813053931076553 0.00063269554477562865 0.004091636380748033 0.00058777598262362495 -0.0032163379301979513 -0.00045678218976642022 -0.016574185947952277 0.0013276627832255596 -0.0010855018164004611 0.005293934734294267 0.004060220251226601 -0.0035883395901687987 -0.0056920938196438342 -0.0034777556443034898
leaf_weight=19509001.121978998 194704.88272237778 464396.56631016731 266454.56762695312 288928.1435546875 325096.21279144287 957663.63405299187 42467.863464355469 115622.6630859375 680198.92984962463 119004.08414447308 88703.727188110352 158273.18580985069 146485.73486328125 131824.94111442566
leaf_count=28792 275 1318 108 125 174 1697 37 49 1192 315 53 293 54 185
internal_value=-0.000377205 -5.45606e-05 0.00712813 0.0145043 -0.000421523 -0.00592705 -0.000954146 -0.00469026 -0.0031005 -0.00455696 -0.00604721 -0.00843319 -0.0199245 0.00460942
internal_weight=2.34888e+07 2.1854e+07 1.06225e+06 555383 2.07918e+07 1.28276e+06 506864 1.63482e+06 1.44011e+06 1.32449e+06 1.20549e+06 984958 304759 220529
internal_count=34667 32251 1588 233 30663 1871 1355 2416 2141 2092 1777 1539 347 238
is_linear=0
shrinkage=0.05


Tree=112
num_leaves=15
num_cat=0
split_feature=19 17 25 9 2 21 9 0 11 6 21 25 2 10
split_gain=18679.2 17018 16837.4 20106.5 29818.2 17355.5 47356.2 24947.6 31758.5 25305.6 22738.3 18532 22612.6 16666.8
threshold=0.071218089062251702 0.038458530883509361 -0.6830127018922193 0.13827813384070328 16.272388657055533 11.104263422778596 0.13827813384070328 16.84045422280521 -0.042533717487904292 16.964547881697367 11.078461293765502 1.0000000180025095e-35 14.828165520230906 -0.51655621893846326
decision_type=2 2 2 2 2 8 2 2 2 2 10 2 2 2
left_child=2 -2 3 -1 13 7 -7 9 -9 10 -4 12 -8 -5
right_child=1 -3 5 4 -6 6 11 8 -10 -11 -12 -13 -14 -15
leaf_value=0.0012018042622150495 -0.0019794121182891778 -0.0093261260653936928 0.00021416545476472348 -0.011512257965690159 -0.0016408806725138761 -0.0012824803033266788 -0.00010070574062968131 -0.00022174551717977942 0.0011802220223290586 -0.003047315042601288 0.0039270998726058381 0.00049630145147083651 -0.0083457281523184237 -8.1550551576981684e-05
leaf_weight=416157.28218078613 103452.96404266357 67724.853881835938 14194742.253045082 422286.11325311661 835938.06469726562 149782.58407592773 159438.21840000153 622509.01611328125 1104597.2551269531 112459.849609375 178356.32247543335 638267.05382609367 99809.552856445312 4276371.7455635071
leaf_count=190 222 40 23681 1316 182 54 362 115 201 22 207 908 36 7115
internal_value=0.000259368 -0.0161969 0.000380731 -0.00191276 -0.00270972 0.00117146 -0.00506677 0.00157444 0.00725466 0.000897187 0.00108204 -0.000723333 -0.0119967 -0.00116174
internal_weight=2.33819e+07 171178 2.32107e+07 5.95075e+06 5.5346e+06 1.726e+07 1.0473e+06 1.62127e+07 1.72711e+06 1.44856e+07 1.43731e+07 897515 259248 4.69866e+06
internal_count=34651 262 34389 8803 8613 25586 1360 24226 316 23910 23888 1306 398 8431
is_linear=0
shrinkage=0.05


Tree=113
num_leaves=15
num_cat=2
split_feature=16 26 23 11 23 23 28 25 9 2 29 2 0 23
split_gain=17984.4 38815.3 31838.2 14572.3 31695.5 39484.1 27880.3 23402.8 44063.5 18180.2 17079.1 17621.8 26920 16657.5
threshold=18.472836192843562 0.6830127018922193 2.5228400253385952 0.093651099673423624 17.026569103003052 5.0731261683422906 0 -0.93301270189221919 0.26433815840575609 16.395876229078294 1 16.996524025785622 16.152874941917947 4.8593148467407357
decision_type=2 2 10 2 10 10 1 2 2 2 1 2 2 10
left_child=3 2 -2 7 5 13 -7 8 9 -1 11 12 -8 -5
right_child=1 -3 -4 4 -6 6 10 -9 -10 -11 -12 -13 -14 -15
leaf_value=0.0025527888252596838 -0.0038351552062461111 0.00089614931770610323 -0.00036822962373233301 -0.00091143563945394524 -0.0088374789918462902 -0.027646303002707359 0.0025602372106398965 6.1289252350012647e-05 0.00066155013663594508 0.0027249084318285242 -0.0042987729749745735 -0.0031758544390991651 0.0068812552541076336 -0.026687051110090655
leaf_weight=236061.35254096985 322912.55474853516 361962.32052612305 304539.17483520508 5687872.4379630089 66314.929328918457 93276.54244017601 1683720.4315328598 13054319.778976917 764270.9800812006 174534.59375 131132.52815818787 65574.18408203125 227507.65258789062 165764.78964614868
leaf_count=205 120 133 110 8983 59 306 3017 19039 1490 36 598 13 64 353
internal_value=1.57071e-05 -0.00658093 -0.0141028 0.00030773 -0.00138222 -0.00109879 0.00460987 0.00127225 0.00803147 0.0212423 0.0057936 0.00695279 0.00782725 -0.00324549
internal_weight=2.33398e+07 989414 627452 2.23504e+07 8.12116e+06 8.05485e+06 2.20121e+06 1.42292e+07 1.17487e+06 410596 2.10793e+06 1.9768e+06 1.91123e+06 5.85364e+06
internal_count=34526 363 230 34163 13393 13334 3998 20770 1731 241 3692 3094 3081 9336
cat_boundaries=0 1 2
cat_threshold=144 15
is_linear=0
shrinkage=0.05


Tree=114
num_leaves=15
num_cat=0
split_feature=10 20 11 24 23 12 26 9 17 7 3 11 4 24
split_gain=12832.1 14702 16019.5 13662 19082 14899.7 14982.8 17845.5 14485.9 14302.5 13236.4 30896.7 13120.6 12830.1
threshold=-1.2055482538841609 -0.025395523774335946 0.40928949421149957 8.9320038468601108 7.290151956778721 9.5000000000000018 0.25000000000000017 0.55625045780972815 0.010873695698383052 14.294688227985311 15.096491744934644 -0.074499969512946643 16.166066284103554 0.82582797440728506
decision_type=2 8 2 10 10 2 2 2 2 2 2 2 2 8
left_child=-1 2 10 13 5 -5 8 -8 9 -7 -2 -12 -10 -3
right_child=1 3 -4 4 -6 6 7 -9 12 -11 11 -13 -14 -15
leaf_value=-0.011263708278483262 0.0010871654545742471 0.00043872281504517529 -0.0064052627110212316 -0.046751340232037648 -0.0086254381327378997 0.0079881116987471357 -0.0026538449682534811 0.0097716209164674401 0.012639395586869898 -0.012380921647865863 0.0035513882460417694 0.00019642110396406406 0.0022289847030070547 -0.00016240319040318401
leaf_weight=479214.98552024364 1179556.7601107359 4373620.8344559669 173115.24134635925 60685.389715671539 113990.98522949219 287144.25982093811 216438.95405769348 201254.02933263779 172762.05116271973 49613.927368164062 360283.10498046875 625484.8056640625 134536.08251953125 14996083.889059424
leaf_count=2322 2330 5924 361 353 126 695 265 368 197 35 125 185 38 21172
internal_value=0.00043765 0.000606778 0.00436389 0.000180411 0.00527615 0.00725563 0.00863287 0.00125742 0.0134161 0.00625299 0.00553402 0.0098103 0.0212659 -0.000144865
internal_weight=2.34238e+07 2.29446e+07 2.33844e+06 2.06061e+07 1.23643e+06 1.12243e+06 1.06175e+06 417693 644056 336758 2.16532e+06 985768 307298 1.93697e+07
internal_count=34496 32174 3001 29173 2077 1951 1598 633 965 730 2640 310 235 27096
is_linear=0
shrinkage=0.05


Tree=115
num_leaves=15
num_cat=3
split_feature=25 9 14 9 15 17 0 25 28 15 28 17 17 28
split_gain=14477.2 21162.5 18643 14780.4 13045.1 28370.8 22080.5 12987.5 39004.7 27583 24562.6 34433.9 36037.9 24355.2
threshold=-0.93301270189221919 0.26433815840575609 1.5437069834013577 0.16480325760715323 18.113345086591163 0.044588837978661207 15.554451119783065 0.25000000000000011 0 19.250863594461013 1 0.24497248980684103 0.19139240720341238 2
decision_type=2 2 8 2 2 2 2 2 1 2 1 2 2 1
left_child=1 2 -1 -4 6 -6 -3 13 -9 10 -10 12 -12 -2
right_child=7 4 3 -5 5 -7 -8 8 9 -11 11 -13 -14 -15
leaf_value=0.0035754706499199979 -0.0011170505007116434 0.0031914045135700802 -0.00053277683369005221 0.0015944482359998365 0.00041142002149059719 -0.0067835876537845358 0.004478043218472433 0.0022742336619934332 0.00086876015331588299 0.0015262097994136123 -0.0014572653998034509 -0.0079546347374410877 0.0025372453081006496 5.4172501463103093e-05
leaf_weight=228254.14212036133 2306085.9024833441 468272.81882143021 227013.1875 175163.94434547424 693093.41106033325 111192.92590332031 56267.592407226562 1282061.3845787048 2466273.1432238817 2341640.2248764038 3253845.0409413576 292634.27844238281 167408.32141113281 9105671.5161340237
leaf_count=148 3369 1435 100 129 1015 31 17 1505 5900 2242 4723 128 72 13558
internal_value=0.000673967 0.00478627 0.0123307 0.00585311 0.00120702 -0.00279376 0.00734147 0.000294196 0.00162889 0.000405629 -0.00134537 -0.00391407 -0.00250602 -0.000852446
internal_weight=2.31749e+07 1.95926e+06 630431 402177 1.32883e+06 804286 524540 2.12156e+07 9.80386e+06 8.5218e+06 6.18016e+06 3.71389e+06 3.42125e+06 1.14118e+07
internal_count=34372 2875 377 229 2498 1046 1452 31497 14570 13065 10823 4923 4795 16927
cat_boundaries=0 1 2 3
cat_threshold=640 57 536
is_linear=0
shrinkage=0.05


Tree=116
num_leaves=15
num_cat=1
split_feature=19 4 24 28 23 8 10 16 14 4 17 14 20 3
split_gain=21866.7 16392.8 13572.4 22385.2 29650.4 32782.8 22112.5 23677.7 22406.9 36073.5 21205 19956.1 25719.1 19815.8
threshold=0.071218089062251702 14.266612344806093 0.88970295594175008 0 -0.49725121083246643 0.1520367391642001 0.11389723311351392 18.472836192843562 0.54812476241481123 14.726399824289746 0.39211591187223777 2.3575037049707972 -0.024368638359344247 14.38872262148198
decision_type=2 2 8 1 10 2 2 2 10 2 2 10 8 2
left_child=2 -2 3 4 -1 -6 7 8 9 13 -7 -5 -13 -4
right_child=1 -3 6 11 5 10 -8 -9 -10 -11 -12 12 -14 -15
leaf_value=-0.0020968309472907689 -0.0013512584727929113 -0.0085299037771257129 -0.0061250242682010826 0.00041695813967329093 0.0019175534181137728 0.00031928512924654895 0.00095449011057304779 -0.0034668181305652019 -8.5866394600397545e-05 -0.024918346238907523 0.0063967572643751679 0.0033846234594892806 -0.0050390780486356014 0.010920530378305364
leaf_weight=243837.20427131653 88651.903125762939 93689.740783691406 647095.84626090527 3755418.6117887497 278389.5993309021 563062.0979385376 5015000.0279399157 423066.66604614258 11776357.01690352 77681.378295898438 119577.87255859375 62492.798366546631 283298.26985883713 75205.960021972656
leaf_count=560 231 38 1824 4112 200 1594 8955 190 15968 46 82 126 652 55
internal_value=0.000276857 -0.0169707 0.000411715 0.00263428 0.00862594 0.0125769 -0.000242932 -0.00133099 -0.000939605 -0.00903707 0.0066796 0.000874 -0.0106201 -0.00555511
internal_weight=2.35028e+07 182342 2.33205e+07 5.30608e+06 1.20487e+06 961030 1.80144e+07 1.29994e+07 1.25763e+07 799983 682640 4.10121e+06 345791 722302
internal_count=34633 269 34364 7326 2436 1876 27038 18083 17893 1925 1676 4890 778 1879
cat_boundaries=0 1
cat_threshold=659
is_linear=0
shrinkage=0.05


Tree=117
num_leaves=15
num_cat=0
split_feature=24 24 11 9 6 18 4 16 8 23 16 16 23 23
split_gain=12496 23227.7 35204.6 23808.7 45171.9 35027.5 31939.3 27548.4 23716.3 29061.4 35566.3 25656.4 42601.3 29213.5
threshold=-0.18930193706925849 0.48034932442572503 0.29875751599946293 0.29668629036742261 16.30949344286088 0.27769490368242228 15.567517914566457 18.284852716366021 0.18190792179624982 -1.9532581333759798 18.407908271991452 17.150215940223493 2.5830001599057755 1.3301870585578202
decision_type=8 8 2 2 2 10 2 2 2 10 2 2 10 10
left_child=-1 2 3 5 6 7 -5 -2 9 -3 11 -11 13 -13
right_child=1 8 -4 4 -6 -7 -8 -9 -10 10 -12 12 -14 -15
leaf_value=-0.0016520504343943523 0.0024778975470484224 -0.0029534984644969606 -0.0096646377139569077 0.0008197965146709116 -0.0075911882134902702 0.0022978816943377009 0.0099857257258999781 -0.00013122382247185549 0.00034287332582451065 -0.00013920760120999888 0.00063181103139409547 -0.0011382147918158154 -0.0031214412809880054 7.6162920865705745e-05
leaf_weight=1127807.2610769272 340675.09489059448 305583.51367378235 245247.35014247894 762672.28712844849 61357.370361328125 468660.09986877441 89116.827758789062 391399.50538635254 15303799.88968277 2239983.501213789 603678.30294799805 382812.74072265625 426659.8861541748 588434.81574249268
leaf_count=2123 302 181 461 1680 11 139 33 164 26601 2205 176 121 144 185
internal_value=0.000405656 0.000666372 0.00535681 0.00743725 0.00135239 0.0120647 0.00433709 0.00523186 0.000108951 -0.00306158 -0.00198868 -0.00385379 -0.00916907 -0.00338388
internal_weight=2.33379e+07 2.22101e+07 2.35913e+06 2.11388e+06 913146 1.20073e+06 851789 732075 1.9851e+07 4.54715e+06 4.24157e+06 3.63789e+06 1.39791e+06 971248
internal_count=34526 32403 2790 2329 1724 605 1713 466 29613 3012 2831 2655 450 306
is_linear=0
shrinkage=0.05


Tree=118
num_leaves=15
num_cat=0
split_feature=17 15 27 15 14 10 22 9 8 22 6 24 18 7
split_gain=27967.5 52409.1 35216.5 26997.7 23545.8 22730.1 24405.7 24243.1 28141.8 21739.4 41445.9 40324.4 54722.5 34221.1
threshold=0.24497248980684103 18.199200115638927 2.5000000000000004 18.075277209881644 -0.18160916797342183 0.0059906210141562012 19.617331230798943 0.17453154080605807 0.23198270913806382 19.577528614108676 17.356241645943843 2.8807611819448851 0.19778262491497353 14.454911017715082
decision_type=2 2 2 2 8 2 2 2 2 2 2 10 10 2
left_child=4 2 -2 5 -1 6 -4 -7 -9 10 -6 12 13 -11
right_child=1 -3 3 -5 9 7 -8 8 -10 11 -12 -13 -14 -15
leaf_value=-0.0083327131526170339 -0.0031973415686895241 -0.0032364842802221623 0.0014347543522535396 0.0015949062165290491 6.2421709028614457e-05 -0.0025330582431741032 -0.0037237063332517489 0.0026083654159903382 -0.0046610328888984625 0.0072675056529226166 -0.0025383997017342044 -0.00036067868250153827 0.0030464498098038591 -0.0017179796254257439
leaf_weight=195470.09790897369 455582.279296875 530569.56103515625 886115.19647216797 256158.990234375 17853937.552903295 245061.03332519531 258451.62860107422 169471.68853759766 289857.32269287109 517014.03195381165 83706.98388671875 531894.01234436035 491008.33435058594 454682.48779296875
leaf_count=608 172 91 370 49 31101 67 71 81 173 813 14 455 95 251
internal_value=-0.000216826 -0.00464479 -0.00168135 0.00104643 0.000463233 -0.00106116 0.00328789 -0.00812794 -0.00135257 0.000632585 8.19537e-05 0.00558448 0.00987155 0.00299684
internal_weight=2.3219e+07 3.09127e+06 2.5607e+06 2.10512e+06 2.01277e+07 1.84896e+06 1.14457e+06 704390 459329 1.99322e+07 1.79376e+07 1.9946e+06 1.4627e+06 971697
internal_count=34411 1074 983 811 33337 762 441 321 254 32729 31115 1614 1159 1064
is_linear=0
shrinkage=0.05


Tree=119
num_leaves=15
num_cat=1
split_feature=15 2 10 16 19 1 8 16 29 15 23 7 17 11
split_gain=20492.1 19353.3 19252.3 16665.9 14068.6 22484.4 29540.5 19620.6 19128.1 30441.6 19126.1 18777.7 21356.8 17546.9
threshold=19.416922399778489 14.099561589698883 -1.0901649903774835 16.204580489039632 -0.029986948250196144 13.538234333711417 0.36378424774900431 16.369913229133029 0 17.289213070966639 -5.2891854188194145 15.773853429635489 0.082267795018298021 -0.10687412552496318
decision_type=2 2 2 2 2 2 2 2 1 2 10 2 2 2
left_child=2 -2 -1 -3 5 -4 -7 -8 9 10 -6 12 -10 -11
right_child=1 3 4 -5 8 6 7 -9 11 13 -12 -13 -14 -15
leaf_value=-0.013057593996710465 0.0019608188540834784 -0.0069694196239978084 0.0028761988889833001 -7.6478221276410832e-05 -0.013054443799029095 -7.6075481410626796e-05 -0.0024776256152054827 -0.0095263100467977667 -0.0011804808003513779 0.0018067502030660078 -0.00013174413600948342 -0.013807308420999059 0.0063122519911499413 0.00053332321499902275
leaf_weight=527102.95081305504 275033.78755187988 270092.46423339844 1145609.2540237904 238495.85321044922 126912.96734237671 1648028.1470947266 351553.99603271484 185803.12933349609 3662283.3540135622 3052645.4645819664 3953546.2109218836 165614.083984375 262198.99877929688 7415942.3609323502
leaf_count=2510 499 164 3588 61 281 734 261 96 9205 2881 8140 59 144 5783
internal_value=0.000630372 -0.00731794 0.000907227 -0.0130963 0.00113378 -0.00185921 -0.00483346 -0.0150139 0.00166866 0.00251792 -0.00114541 -0.00135229 -0.000656338 0.00394582
internal_weight=2.32809e+07 783622 2.24972e+07 508588 2.19701e+07 3.33099e+06 2.18539e+06 537357 1.86391e+07 1.4549e+07 4.08046e+06 4.0901e+06 3.92448e+06 1.04686e+07
internal_count=34406 724 33682 225 31172 4679 1091 357 26493 17085 8421 9408 9349 8664
cat_boundaries=0 1
cat_threshold=29
is_linear=0
shrinkage=0.05


Tree=120
num_leaves=15
num_cat=1
split_feature=19 3 10 15 21 29 15 20 25 8 2 19 19 0
split_gain=16909.3 17447.6 13531.4 13908.6 24322.3 26305.6 13950.8 13638.5 13690.3 38653.3 28930.9 18207.3 17554 20626.5
threshold=0.071218089062251702 14.036533719447151 -2.8890179336213073 19.416922399778489 8.1511145926401163 0 19.457303695299927 0.037821991612311708 -0.93301270189221919 0.14137066746495244 16.842637334131179 0.027603022798991603 0.012756320567288053 14.062157545637962
decision_type=2 2 2 2 10 1 2 10 2 2 2 2 2 2
left_child=2 -2 -1 7 -5 6 -6 8 9 -4 -11 12 -10 -14
right_child=1 -3 3 4 5 -7 -8 -9 11 10 -12 -13 13 -15
leaf_value=-0.12656275221000129 0.00091941392856366802 -0.007959288196852014 0.0029767177078294724 0.0091473476546976677 -0.0027534048080740249 -0.0046953919578586059 0.0016184184280928268 -0.00092153652812039717 7.6645622711547985e-05 0.001639485945742127 -0.0044838667583445751 -0.00057341472621878981 -0.00024343226851412632 0.0019419881525397878
leaf_weight=147875.13654232025 83758.549533843994 93181.822448730469 237121.82218694687 113411.20398712158 283515.74015045166 256752.73504638672 140408.68587493896 2021427.7715147734 12819253.451588392 1261501.9325983524 73443.07666015625 3405856.0509725809 1104811.4096164703 1383042.7345581055
leaf_count=1089 221 39 130 143 310 126 151 2587 18742 2309 14 4910 3108 634
internal_value=-0.000108276 -0.0155066 8.9185e-06 0.00010543 -0.0063971 -0.00996896 -0.00231905 0.000336914 0.000727197 0.00520871 0.00190439 0.000350708 0.00108639 0.00492992
internal_weight=2.34254e+07 176940 2.32484e+07 2.31005e+07 794088 680677 423924 2.23065e+07 2.0285e+07 1.57207e+06 1.33495e+06 1.8713e+07 1.53071e+07 2.48785e+06
internal_count=34513 260 34253 33164 730 587 461 32434 29847 2453 2323 27394 22484 3742
cat_boundaries=0 1
cat_threshold=7
is_linear=0
shrinkage=0.05


Tree=121
num_leaves=15
num_cat=2
split_feature=16 26 28 16 14 20 16 14 3 10 28 18 9 15
split_gain=18325.6 40209.6 26800.8 14245.3 26657.3 14252.4 12571.3 19866.9 20556.4 13002.3 12537.4 11924.6 12881 11833.7
threshold=18.472836192843562 0.6830127018922193 0 18.407908271991452 1.6956826436250614 0.091086086462480967 18.314726746826736 1.6554688479737332 16.690778174436563 -1.0901649903774835 1 0.17109761809175791 0.33183490843569974 19.393848674083568
decision_type=2 2 1 2 10 10 2 10 2 2 1 10 2 2
left_child=3 2 -2 5 -5 6 9 -8 -9 10 -1 12 -7 -11
right_child=1 -3 -4 4 -6 11 7 8 -10 13 -12 -13 -14 -15
leaf_value=-0.029701031284321645 -0.0057590794752501208 0.0011305647441814347 -0.00028347325447606074 0.0016432762080209658 -2.3456073556472972e-06 0.0060260845468473991 -0.0017657700287415216 -0.0019451545016188254 0.00055933257630966921 0.00042950141554227582 -0.00072988696036255056 -0.0031931265515435822 -0.01307199102453669 -0.0011533701116502259
leaf_weight=218445.05953252316 307373.25903320312 391188.20849609375 355448.68380737305 268639.09790039062 465735.15020751953 38931.586921691895 316439.87615966797 338638.17428588867 370563.44458007812 18765008.471672893 322883.92463493347 174342.77149581909 46079.841556549072 1159330.0112762451
leaf_count=1396 61 144 177 90 174 38 112 196 71 29608 1132 142 173 1089
internal_value=0.000225755 -0.00621785 -0.0137204 0.000527806 0.00737696 0.000296556 0.000437159 -0.00496471 -0.00031637 0.000707875 -0.00693801 -0.0113544 0.00399907 0.000915608
internal_weight=2.3539e+07 1.05401e+06 662822 2.2485e+07 734374 2.17507e+07 2.14913e+07 1.02564e+06 709202 2.04657e+07 541329 259354 85011.4 1.99243e+07
internal_count=34603 382 238 34221 264 33957 33604 379 267 33225 2528 353 211 30697
cat_boundaries=0 1 2
cat_threshold=544 228
is_linear=0
shrinkage=0.05


Tree=122
num_leaves=15
num_cat=0
split_feature=26 16 22 24 19 8 4 6 11 17 11 4 15 25
split_gain=23535.3 56100.6 38968.9 39195.6 34933.8 33450.9 27139.8 25579.6 23964.2 38604.3 28115.2 23195 66211.4 22294.8
threshold=-0.5 18.114578210008297 17.36764517752238 7.8914968238984153 0.03655989498873196 0.28341767990237621 13.742861480680888 15.038219169445155 -0.13849335254270204 0.13942728314171829 -0.10687412552496318 17.181523356598721 18.113345086591163 0.25000000000000011
decision_type=2 2 2 10 2 2 2 2 2 2 2 2 2 2
left_child=2 -2 -1 4 8 11 -6 -5 9 -4 -10 12 -3 -12
right_child=1 5 3 7 6 -7 -8 -9 10 -11 13 -13 -14 -15
leaf_value=0.00072646515046207805 -7.1166622331837731e-05 0.00018559011177052287 -0.002053965360689592 -0.002637818093339326 -0.0016918343022515093 0.0046075207640358141 -0.0035551761460779854 0.0034600936738346647 0.0052463553904214906 -0.0036374971784094664 -0.00091152529604255576 -0.00018968494405147176 0.0032763826314431404 0.0012217173783419968
leaf_weight=3564765.9410705566 12522801.031481147 1146499.4177093506 603126.18433058262 210903.81967902184 273300.99325847626 508257.44009399414 766299.9736328125 177118.85815429688 134793.98440933228 289040.31121826172 1389043.5328779221 793101.56811523438 416999.87231445312 547818.52290058136
leaf_count=6738 21753 579 1100 549 787 294 328 49 111 109 1378 126 87 552
internal_value=5.57671e-05 0.00119736 -0.00215212 -0.00530486 -0.00677547 0.00750935 -0.0146617 0.00986817 -0.00400926 -0.0108604 -0.0010588 0.00500024 0.00853321 -0.00259543
internal_weight=2.33439e+07 1.53877e+07 7.95621e+06 4.39145e+06 4.00342e+06 2.86486e+06 1.0396e+06 388023 2.96382e+06 892166 2.07166e+06 2.3566e+06 1.5635e+06 1.93686e+06
internal_count=34540 22839 11701 4963 4365 1086 1115 598 3250 1209 2041 792 666 1930
is_linear=0
shrinkage=0.05


Tree=123
num_leaves=15
num_cat=0
split_feature=24 24 6 5 10 11 4 22 22 3 16 24 14 18
split_gain=19396 17867 22989.4 26952.3 26852.2 20257.9 23123.7 18465.3 27713.1 25648.8 18687.4 17592.2 18512.2 17302.2
threshold=2.4077208795437905 2.4443359843414556 16.419896991757508 16.315474838755737 0.029641844564056653 0.15103904149881583 15.157226915591695 18.340008978107928 18.387169605296958 14.036533719447151 17.059661910813187 12.944662958778151 0.54812476241481123 0.99807217882714416
decision_type=10 10 2 2 2 2 2 2 2 2 2 10 8 10
left_child=-1 5 3 7 -4 6 -2 10 9 -9 -3 12 -10 -14
right_child=1 2 4 -5 -6 -7 -8 8 11 -11 -12 -13 13 -15
leaf_value=-0.00025345139292506284 0.0011731351996434277 0.0014818343261612462 -7.5757524264743956e-06 0.0067581955950143952 -0.0021599178061010305 -0.00015516307687529131 0.0062418760293634426 -0.0081767717312441063 -0.025842631962223295 -0.046277412824297599 -0.00829885365504744 0.0085226099922203341 5.0523429401498819e-05 -0.031031406889433732
leaf_weight=13312613.007844925 146170.07561302185 6158358.1216979027 744325.7646484375 199128.734375 449650.92578125 135291.38348388672 165400.39111328125 77458.695362091064 91591.720404982567 75501.483276367188 87221.361248016357 172007.49780416489 1453609.0004849434 98046.872901916504
leaf_count=18080 195 11612 155 60 100 95 47 162 276 40 126 297 3219 125
internal_value=-0.000165346 0.00149232 0.00103772 0.00195916 -0.00545487 0.0112655 0.0182807 0.00151852 -0.00270453 -0.0231434 0.00284936 -0.00098228 -0.00257479 -0.00128542
internal_weight=2.33664e+07 1.00538e+07 9.6069e+06 8.41292e+06 1.19398e+06 446862 311570 8.21379e+06 1.96822e+06 152960 6.24558e+06 1.81526e+06 1.64325e+06 1.55166e+06
internal_count=34589 16509 16172 15917 255 337 242 15857 4119 202 11738 3917 3620 3344
is_linear=0
shrinkage=0.05


Tree=124
num_leaves=15
num_cat=2
split_feature=25 25 18 14 29 1 9 14 21 2 23 10 29 9
split_gain=9862.1 15697.2 26713.3 28109.5 32933.7 30098.2 15292.4 22236.8 20798.4 14913.5 14501.9 12629.8 19157.7 27452.8
threshold=-0.93301270189221919 -0.6830127018922193 0.43169913517137892 1.5869445368927224 0 15.255753935927729 0.26433815840575609 1.5631120779999457 10.631555854924844 15.666534854658034 -3.9999557871577749 0.12127513645696457 1 0.29668629036742261
decision_type=2 2 10 10 1 2 2 8 10 2 8 2 1 2
left_child=6 2 9 10 5 -5 7 -1 -9 -2 -4 -3 13 -13
right_child=1 11 3 4 -6 -7 -8 8 -10 -11 -12 12 -14 -15
leaf_value=0.002952520032170496 -0.0031282772357612842 -8.0545545001789353e-05 0.0093778271224883563 0.0026408016973441038 -0.0002595688343207284 0.0063823249495424091 5.0485330780982495e-05 0.00088672236991778016 -0.0012623448536734092 -0.0021774814258890226 -0.00085788532566488185 0.0080363842256424758 0.00051250763213425796 0.0036481962045212014
leaf_weight=264564.67058563232 1584040.6780347824 13154944.395983219 99387.574981689453 86767.357160568237 168592.88158226013 87796.762817382812 1328848.3534252644 206883.49178504944 192196.75086975098 510171.58996582031 1380530.7971823215 102497.74501800537 3644128.0242848396 617942.06640744209
leaf_count=165 3792 17668 106 177 173 26 2518 135 107 117 1457 64 6776 1239
internal_value=-7.57877e-06 -0.000320326 -0.00318167 0.0012437 0.0141371 0.0293587 0.0033572 0.0095556 0.00210358 -0.00703408 -0.00174596 0.000319458 0.00265013 0.0101003
internal_weight=2.34293e+07 2.14368e+07 3.91729e+06 1.82308e+06 343157 174564 1.99249e+06 663645 399080 2.09421e+06 1.47992e+06 1.75195e+07 4.36457e+06 720440
internal_count=34520 31595 5848 1939 376 203 2925 407 242 3909 1563 25747 8079 1303
cat_boundaries=0 1 2
cat_threshold=18 8
is_linear=0
shrinkage=0.05


Tree=125
num_leaves=15
num_cat=1
split_feature=16 17 11 3 29 17 23 4 24 19 21 14 4 9
split_gain=16958 44564.4 20055.8 38778.1 16749.8 18482.4 21856.1 20631.4 13152.5 12977.4 16622.8 17864 30928.4 18599.8
threshold=18.435443290659602 0.22619975375775667 0.11548245711180712 16.850451675266942 0 0.082267795018298021 1.2217472174589452 15.157226915591695 12.187031981800301 0.042837075796135708 7.5547324815505208 0.54812476241481123 15.003254220103308 0.17899252706628047
decision_type=2 2 2 2 1 2 10 2 10 2 8 8 2 2
left_child=4 2 3 -2 9 7 -7 8 -6 10 -1 12 13 -12
right_child=1 -3 -4 -5 5 6 -8 -9 -10 -11 11 -13 -14 -15
leaf_value=0.0051030774869468797 -0.00016329962001309997 -0.0019482670336825631 -0.00096296718440608503 0.0026895467489600777 -0.0022661177008691485 0.0060301699953583593 -0.0028355043664062712 -0.0049985910335035456 0.0044913015482857394 0.0009982430157098347 -0.013093792264078967 0.00013027921925218037 -0.024680613495308423 -0.0015707066356378226
leaf_weight=697560.95966124535 204191.44351196289 780850.05059814453 192592.37860107422 181448.21826171875 4055053.5870586634 222088.83416748047 217229.75054931641 401995.73138427734 293662.02449417114 1906209.7484605312 68285.160743713379 13274518.495134234 51631.164306640625 819945.06292760372
leaf_count=1487 197 156 109 29 11400 108 109 186 817 2485 94 15467 29 1889
internal_value=6.88004e-05 -0.00535149 0.00516992 0.0117506 0.000403522 -0.00207954 0.00773237 -0.00298689 -0.00198508 0.00116979 0.000673202 0.00030339 -0.00635813 -0.00417132
internal_weight=2.33673e+07 1.35908e+06 578232 385640 2.20082e+07 5.19003e+06 439319 4.75071e+06 4.34872e+06 1.68182e+07 1.49119e+07 1.42144e+07 939861 888230
internal_count=34562 491 335 226 34071 12620 217 12403 12217 21451 18966 17479 2012 1983
cat_boundaries=0 1
cat_threshold=29
is_linear=0
shrinkage=0.05


Tree=126
num_leaves=15
num_cat=0
split_feature=23 2 24 15 18 14 14 16 18 7 1 18 24 2
split_gain=14143.2 18431.5 16347.2 18706.8 17274.3 16540.4 25954.2 23176.4 22476.8 17684.6 15081.1 13801.9 13132.4 21903.1
threshold=8.5560337144001029 16.272388657055533 8.9320038468601108 19.416922399778489 0.99326862275930228 1.2433225752248334 0.92225932109080733 16.10919805215795 0.99695363127711401 13.892481415952069 15.552773349616709 0.76299320854494446 -1.3623815550806297 15.034060023796416
decision_type=8 2 10 2 10 8 10 2 10 2 2 10 8 2
left_child=2 -2 3 12 11 6 9 10 -8 -4 -7 -5 13 -1
right_child=1 -3 5 4 -6 7 8 -9 -10 -11 -12 -13 -14 -15
leaf_value=0.0010435069448057966 -0.0024771370723723806 -0.0040435741550256714 0.0061112905081605953 -0.00032496812306325861 0.0017895313908298342 -0.0022027492240964089 0.011344181433466239 -0.015074779637098388 0.0048444839175427086 -0.017451906070273946 0.018597827414364176 -0.0086043618585627101 -4.1858650144536648e-05 0.018951384321149334
leaf_weight=165063.06010055542 708079.62071895599 134053.93090820312 138706.53818702698 226901.02159118652 210391.44412231445 369925.90988469124 172032.20049476624 40367.259986877441 371957.12138366699 80065.606323242188 58733.912719726562 183993.29742431641 20376697.834368587 62070.975463867188
leaf_count=427 1202 34 384 147 302 1244 199 70 318 40 21 112 30065 25
internal_value=-0.000242929 -0.00660443 -4.37245e-06 -0.000329355 -0.00887753 0.00559544 0.0101388 -0.00179329 0.0159878 -0.00440499 0.00161748 -0.0148434 -7.1594e-05 0.0118846
internal_weight=2.3299e+07 842134 2.24569e+07 2.12251e+07 621286 1.23179e+06 762761 469027 543989 218772 428660 410894 2.06038e+07 227134
internal_count=34590 1236 33354 31078 561 2276 941 1335 517 424 1265 259 30517 452
is_linear=0
shrinkage=0.05


Tree=127
num_leaves=15
num_cat=1
split_feature=4 7 3 1 10 0 17 14 4 8 29 15 2 11
split_gain=33256.6 17348.9 50988.2 18436.3 14955 34066.1 22918.6 21638.9 18860.9 18115.7 15232.1 12573.4 17663.9 12508.9
threshold=17.458037941908348 17.376805783880858 17.445700346247609 17.423965936235351 0.12459154711502181 15.802459769609863 0.22619975375775667 1.4739290126631273 14.953516001606376 0.26426021986977311 0 18.083455705517334 14.171090910649712 0.70939193494982089
decision_type=2 2 2 2 2 2 2 10 2 2 1 2 2 2
left_child=1 2 3 4 13 8 7 -7 9 11 -10 -6 -13 -1
right_child=-2 -3 -4 -5 5 6 -8 -9 10 -11 -12 12 -14 -15
leaf_value=-6.2618251206379919e-05 -0.0004134493881520413 0.0047090664619031802 -0.0030291575828798141 -0.0022291048772417215 0.0047219213436120065 0.0010886179751983221 -8.4295486128127121e-06 0.0051746206219711486 -0.0050731268996765224 2.4301425004829907e-06 0.00026260575185934389 0.0062213100726015253 -0.0010092295024231987 -0.0072951910232198717
leaf_weight=15875584.464239478 786068.01318359375 214017.35400390625 89479.19384765625 84160.61474609375 422350.77634620667 405753.27355957031 355313.82348632812 293267.19165039062 236108.03369140625 3427698.772736907 218064.76818847656 130111.78028106689 314319.88726806641 514158.11418533325
leaf_count=21973 115 34 16 15 768 137 91 93 124 9199 111 184 214 1518
internal_value=-0.000216348 0.000135598 2.67294e-08 0.000151327 0.000239906 0.00242122 0.0105514 0.0158072 0.000616087 0.00164084 -0.00907361 0.00809869 0.0022282 -0.000532415
internal_weight=2.33665e+07 2.25804e+07 2.23664e+07 2.22769e+07 2.21927e+07 5.80299e+06 1.05433e+06 699020 4.74865e+06 4.29448e+06 454173 866782 444432 1.63897e+07
internal_count=34592 34477 34443 34427 34412 10921 321 230 10600 10365 235 1166 398 23491
cat_boundaries=0 1
cat_threshold=17
is_linear=0
shrinkage=0.05


Tree=128
num_leaves=15
num_cat=0
split_feature=0 0 24 21 24 11 6 15 14 21 25 6 11 5
split_gain=26351.5 21791.5 18965.8 26730.1 23999.7 24296.6 18792.3 32600.4 32381.5 30014.5 19022.9 18032.5 17910.5 24050.7
threshold=17.419860989426706 17.156634566241113 2.4077208795437905 10.64927198777376 0.36516383443875106 0.24136866357326084 14.654616748326504 19.315261944420012 1.9076184328149643 10.817995120197638 0.68301270189221941 14.92054041406344 -0.099139503929562986 14.734903986928076
decision_type=2 2 10 8 8 2 2 2 10 10 2 2 2 2
left_child=1 2 3 12 5 11 -6 8 9 -8 -10 -5 13 -1
right_child=-2 -3 -4 4 6 -7 7 -9 10 -11 -12 -13 -14 -15
leaf_value=0.00061497026970590621 -0.00020314150828380767 0.0005419047529913938 0.00062042695403636454 0.0033533912927672981 -0.0013733569409784814 -0.0041429113948146402 -0.0026480267712690585 -0.0046829719163089005 -0.0045515841585039348 0.0014244417292448676 -0.00029210970740279631 0.0086593315815672901 -0.00022739908286026898 0.0011126795763831624
leaf_weight=1642082.9812512398 852755.2041015625 651409.7373046875 9562134.1926863194 465855.2141418457 2179337.4341807365 175638.09128665924 341260.88269042969 320945.86291503906 698944.32482910156 360331.88818359375 268681.19384765625 58436.539794921875 5069910.3247666359 712440.08422851562
leaf_count=4124 124 119 16326 904 4477 296 143 117 299 122 100 23 7060 253
internal_value=2.10833e-05 0.00034796 7.9368e-05 -0.00121961 -0.00409846 0.00446894 -0.00553666 -0.00904932 -0.00624326 0.00193522 -0.0121732 0.00986079 0.000668522 0.00427216
internal_weight=2.33602e+07 2.25074e+07 2.1856e+07 1.22939e+07 4.86943e+06 699930 4.1695e+06 1.99016e+06 1.66922e+06 701593 967626 524292 7.42443e+06 2.35452e+06
internal_count=34487 34363 34244 17918 6481 1223 5258 781 664 265 399 927 11437 4377
is_linear=0
shrinkage=0.05


Tree=129
num_leaves=15
num_cat=0
split_feature=1 9 15 4 2 9 1 9 15 20 9 24 15 18
split_gain=15970.6 14543.7 14156.2 21620.5 26898.7 15586.2 31871.8 26027.8 71076.9 23522.4 20426.9 33810.3 34942.7 25403.2
threshold=17.423965936235351 0.63261438802544501 19.393848674083568 16.410410087137191 15.802459769609863 0.11263565210970426 16.995067760631983 0.13827813384070328 18.113345086591163 0.015921347333427153 0.19850244440611808 2.4755880669540953 17.885145013315057 0.70833132583844394
decision_type=2 2 2 2 2 2 2 2 2 8 2 10 2 10
left_child=1 2 5 4 -4 6 -1 8 9 -7 11 13 -13 -9
right_child=-2 -3 3 -5 -6 7 -8 10 -10 -11 -12 12 -14 -15
leaf_value=6.7389411943220842e-05 -0.00014527221579537709 -0.001666064709644733 -0.001235837617302877 0.0018071167636631428 -0.009102056349336184 -0.0018265583328998171 -0.0013409353986044439 -0.00042296660386071197 0.0022960219668493038 0.0014979795403553711 0.00082791184446785954 -0.00097331409715112642 0.003271882362664757 -0.0046396955117429649
leaf_weight=356769.63858032227 847075.6396484375 5544935.0506551266 553287.28002929688 152431.6875 143552.71716308594 236405.5870513916 233834.4296875 1438749.6682128906 398997.87313842773 138522.11116027832 12260724.159251451 434504.31414031982 405320.6149597168 189316.37739562988
leaf_count=330 124 18370 486 34 46 156 44 846 115 101 13142 405 221 70
internal_value=0.000715136 0.000969014 0.00169646 -0.00459501 -0.00832623 0.00202847 -0.00594363 0.00233219 0.0112697 -0.0043616 0.00186256 -0.0022878 0.00586062 -0.00649109
internal_weight=2.33344e+07 2.24874e+07 1.69424e+07 849272 696840 1.60931e+07 590604 1.55025e+07 773926 374928 1.47286e+07 2.46789e+06 839825 1.62807e+06
internal_count=34490 34366 15996 566 532 15430 374 15056 372 257 14684 1542 626 916
is_linear=0
shrinkage=0.05


Tree=130
num_leaves=15
num_cat=1
split_feature=19 16 25 5 4 25 28 17 0 5 6 8 7 19
split_gain=12748.9 15355.2 11941.3 21149.9 16976.5 10853.9 21012.2 29406.6 19188.4 18953.7 20627 14577 25936.9 13946.1
threshold=0.071218089062251702 16.204580489039632 -0.93301270189221919 15.225370992279283 14.019701526899604 -0.6830127018922193 0 0.14878762078016677 17.419860989426706 16.440364546327579 16.195518319119824 0.10396346776495162 16.98736325551755 -0.027724910116950847
decision_type=2 2 2 2 2 2 1 2 2 2 2 2 2 2
left_child=2 -2 3 4 -1 6 7 9 11 10 13 -8 -13 -4
right_child=1 -3 5 -5 -6 -7 8 -9 -10 -11 -12 12 -14 -15
leaf_value=0.0029980891620743633 -0.000410682577310767 -0.0075099227783350236 0.0026775940351177405 0.0020682230153916403 -0.0019305074313710595 2.5755206890667819e-05 -0.0024509139563189388 0.0021832582046748413 -0.0061182083443886738 -0.00094600327029216696 0.0025238718201019165 -0.0042193065120177016 0.0011457965623244539 -0.0019344348003373577
leaf_weight=813113.99391961098 83837.241878509521 76190.745742797852 342132.05969381332 646848.8115234375 465075.65542602539 17224723.037224412 99520.446523070335 360174.34020996094 66212.2490234375 207285.08422851562 97609.533935546875 1163910.4642392397 76869.72998046875 1605370.3752205372
leaf_count=2389 206 48 634 186 333 25593 62 129 11 45 28 2060 15 2918
internal_value=-4.5987e-05 -0.0141101 5.11546e-05 0.00382201 9.37331e-05 -0.000290547 -0.00263024 2.24279e-05 -0.00755747 -0.00209882 -0.000638598 -0.00625949 -0.00478272 -0.00176278
internal_weight=2.33289e+07 160028 2.31688e+07 1.92504e+06 1.27819e+06 2.12438e+07 4.01908e+06 2.61257e+06 1.40651e+06 2.2524e+06 2.04511e+06 1.3403e+06 1.24078e+06 1.9475e+06
internal_count=34657 254 34403 2908 2722 31495 5902 3754 2148 3625 3580 2137 2075 3552
cat_boundaries=0 1
cat_threshold=331
is_linear=0
shrinkage=0.05


Tree=131
num_leaves=15
num_cat=2
split_feature=15 4 17 29 11 28 23 11 9 1 17 1 1 23
split_gain=14172.9 15876.5 16132.1 13548.9 12750.6 30878 28757.8 25844.5 40435.9 30073.4 23267.4 20222.1 19065.5 18061.5
threshold=19.416922399778489 13.464423698855954 0.041433429624679156 0 -0.099139503929562986 1 -0.49725121083246643 -0.006194589326005499 0.099641508914028162 16.395026300101303 0.036387299225014755 17.423965936235351 15.195512925607076 -1.8111477621546197
decision_type=2 2 2 1 2 1 10 2 2 2 2 2 2 10
left_child=4 -2 3 -3 -1 6 10 9 -9 -7 -6 13 -8 -10
right_child=1 2 -4 -5 5 7 12 8 11 -11 -12 -13 -14 -15
leaf_value=0.00060768302516428128 0.0048080750063740031 -0.0019928172543845282 -5.1096985001279963e-05 -0.0097371449948663452 0.0019738705255461474 -0.00092982115749044728 0.0014288636697195837 0.002531740068836595 -0.0022728349824102071 -0.0012368931596810605 -0.0035356846864803022 -0.00033463773640079753 0.00099399758926281014 6.5522789042974825e-05
leaf_weight=7534367.2823797464 200347.23908996582 162798.34454345703 213319.84497070312 201826.416015625 148370.12586593628 2051983.0189652443 1593586.6396045685 167818.82824707031 1097913.1103162766 659005.07177734375 178599.9479675293 370778.5322265625 683034.77111816406 8065077.2737693787
leaf_count=13145 412 119 45 132 608 2348 5005 82 1410 143 113 53 161 10777
internal_value=-2.5109e-05 -0.00665886 -0.0108635 -0.0172529 0.000203843 -0.000638329 0.00431228 -0.00167674 -0.000470694 -0.00599273 -0.00955376 -0.000898967 0.00630375 -0.000435744
internal_weight=2.33288e+07 778292 577945 364625 2.25505e+07 1.50162e+07 2.60359e+06 1.24126e+07 9.70159e+06 2.71099e+06 326970 9.53377e+06 2.27662e+06 9.16299e+06
internal_count=34553 708 296 251 33845 20700 5887 14813 12322 2491 721 12240 5166 12187
cat_boundaries=0 1 2
cat_threshold=5 515
is_linear=0
shrinkage=0.05


Tree=132
num_leaves=15
num_cat=1
split_feature=20 24 5 5 24 24 17 17 11 6 14 28 3 20
split_gain=12974.9 13831 14074.3 20253.4 11481.2 31893.4 39524.1 33541 27550 33512.4 23206.6 44286.1 27376.5 26518.8
threshold=0.05203257581059121 -0.13554048001705246 16.960686163940348 15.291499726667199 0.88970295594175008 1.2736174209524151 0.20761420437122818 0.13942728314171829 0.10079175338375811 16.195518319119824 2.3390992561901038 0 17.171183635107628 -0.027732843247890045
decision_type=10 10 2 2 8 8 2 2 2 2 10 1 2 8
left_child=4 -2 3 -3 8 6 7 -6 10 -10 12 13 -1 -12
right_child=1 2 -4 -5 5 -7 -8 -9 9 -11 11 -13 -14 -15
leaf_value=0.0016738099046338607 -0.0020642360371796245 -0.00034135452162620158 9.0360299078665854e-05 -0.0034251172963421818 -0.0021003030991916223 7.6049996884419986e-05 -0.0020235832828798773 0.0040726594195433117 0.00029936188936174543 -0.0024959371290713098 -0.001534510743724539 -0.003196557565801502 0.002140300239131988 0.0014098829017235132
leaf_weight=2352212.4089813232 125368.75287246704 705701.13952302933 101813.32763671875 271471.45520019531 1146071.2764520645 15358716.160785913 466336.69030761719 153332.47650146484 1411489.6943750381 255518.99731445312 83545.371025085449 304800.35765171051 132876.70263671875 407145.24295043945
leaf_count=2935 148 1334 20 86 1974 23761 124 77 2534 55 122 514 24 778
internal_value=5.48652e-05 -0.00499882 -0.00317238 -0.00501566 0.000330618 -0.00028234 -0.00664628 -0.00216487 0.00245217 -0.00278191 0.00511184 -0.00232098 0.00749113 0.00697703
internal_weight=2.32764e+07 1.20435e+06 1.07899e+06 977173 2.2072e+07 1.71245e+07 1.76574e+06 1.2994e+06 4.94759e+06 1.66701e+06 3.28058e+06 795491 2.48509e+06 490691
internal_count=34486 1588 1440 1420 32898 25936 2175 2051 6962 2589 4373 1414 2959 900
cat_boundaries=0 1
cat_threshold=513
is_linear=0
shrinkage=0.05


Tree=133
num_leaves=15
num_cat=2
split_feature=15 29 21 24 7 3 19 8 7 23 7 23 28 0
split_gain=14376.2 30374.2 18242.3 14394.1 10843.3 30067.7 9509.12 30121 37578.8 10584.9 38250.4 23936.1 22711.4 29569.3
threshold=19.416922399778489 0 9.3758338504850141 2.4443359843414556 17.376805783880858 17.445700346247609 -0.074097794645887186 0.16739021057928191 15.773853429635489 5.0731261683422906 16.98736325551755 4.8593148467407357 1 16.272741767951768
decision_type=2 1 10 8 2 2 2 2 2 10 2 8 1 2
left_child=4 3 -3 -2 5 6 7 -1 -9 11 12 -8 13 -11
right_child=1 2 -4 -5 -6 -7 9 8 -10 10 -12 -13 -14 -15
leaf_value=0.004224436664125847 -0.0039468272188079639 -0.0033923998392770974 -0.0043866797224652396 0.0016849228338401186 0.00014301805390975778 -0.0016482542982069763 -3.7515344812479834e-05 -0.0023118112606547534 -0.0060921282284670669 0.0015171369828771712 -0.0087455626407706988 -0.011126383460943662 -0.0017548367243936927 0.0045087457768686135
leaf_weight=53545.426239013672 136901.28192138672 144580.30328369141 140240.40005493164 342611.2515411377 803650.3916015625 84028.88671875 16692216.144617558 235945.48933267593 59586.6259765625 2530807.7577325106 97381.87158203125 402041.89312839508 1242904.5924620628 352760.97778320312
leaf_count=56 122 142 60 405 117 15 23791 558 16 4149 19 845 4165 94
internal_value=-0.00021723 -0.00696118 -0.0198937 0.000720876 1.13072e-05 -0.00019942 -8.36518e-05 -0.00826928 -0.014521 5.03854e-05 0.00229174 -0.000503434 0.00302268 0.00545799
internal_weight=2.33192e+07 764333 284821 479513 2.25549e+07 2.17512e+07 2.16672e+07 349078 295532 2.13181e+07 4.22386e+06 1.70943e+07 4.12647e+06 2.88357e+06
internal_count=34554 729 202 527 33825 33708 33693 630 574 33063 8427 24636 8408 4243
cat_boundaries=0 1 2
cat_threshold=7 294
is_linear=0
shrinkage=0.05


Tree=134
num_leaves=15
num_cat=1
split_feature=2 24 8 22 10 7 19 18 23 22 3 7 7 28
split_gain=13584.7 11658.5 23451.5 28474.6 22583.1 27393.3 25149.5 20886.7 20690 39141.4 31827.6 48435.2 25450.5 18788.6
threshold=17.4270168375546 0.71970720841918912 0.15572691317479698 19.593415907659992 0.046142006192233007 15.156395737790072 0.023269345272802205 0.27769490368242228 0.80599558502481061 17.761716877746604 16.690778174436563 16.203243434593986 15.413491738038497 0
decision_type=2 8 2 2 2 2 2 10 8 2 2 2 2 1
left_child=1 4 3 13 5 -1 7 -7 10 -10 11 12 -6 -3
right_child=-2 2 -4 -5 8 6 -8 -9 9 -11 -12 -13 -14 -15
leaf_value=0.00056645415056897827 -0.00019717321398166244 -0.00046155395368165531 0.00013934028566117552 -0.0054774725521869894 -0.00036443050478933463 0.00024602157715837862 -1.6002513283280449e-05 0.0037954767829071093 0.00082266762047395305 -0.0053713435721483571 0.002298966287800408 -0.0036404287437140901 0.0113130620970469 0.0010418356579619294
leaf_weight=1650738.2723174095 816704.47314453125 1630898.2554963827 15299146.912380934 333135.64190673828 377218.85773420334 430306.42932128906 371570.99340820312 403607.68286132812 574532.38059854507 450161.39866256714 104053.69140625 67823.69482421875 101064.60864257812 812214.44406592846
leaf_count=3605 120 881 25877 197 799 119 105 113 1362 408 20 19 38 913
internal_value=-1.53556e-05 0.000213514 -0.000354987 -0.0045828 0.00248138 0.00518443 0.0109144 0.0157352 -0.00212827 -0.00655492 0.0048484 1.94723e-05 0.00562685 -0.00271294
internal_weight=2.34232e+07 2.26065e+07 1.80754e+07 2.77625e+06 4.53108e+06 2.85622e+06 1.20549e+06 833914 1.67485e+06 1.02469e+06 650161 546107 478283 2.44311e+06
internal_count=34576 34456 27868 1991 6588 3942 337 232 2646 1770 876 856 837 1794
cat_boundaries=0 1
cat_threshold=286
is_linear=0
shrinkage=0.05


Tree=135
num_leaves=15
num_cat=2
split_feature=11 28 10 16 9 7 24 14 29 19 7 7 4 24
split_gain=12764.5 21880 25592.9 33778.1 24296.7 42611.2 34564.6 28282.3 21273.8 24381.1 28700.6 22279.3 20954.3 20405.1
threshold=-0.10687412552496318 0 -0.13045331306821853 16.48633237923827 0.14407582608325048 16.98736325551755 0.45979570280003906 1.5631120779999457 1 -0.017213670397123248 15.945746507756189 15.211416453830568 14.953516001606376 1.6463606773498352
decision_type=2 1 2 2 2 2 10 8 1 2 2 2 2 10
left_child=8 2 3 -2 6 -6 -3 -8 9 10 11 -1 -4 -11
right_child=1 4 12 -5 5 -7 7 -9 -10 13 -12 -13 -14 -15
leaf_value=-0.00011206236047701365 0.002166931995754452 0.0016069793097056061 0.0019768833509725085 0.0025303736963357987 -0.00058421809667842412 -0.0013648262748587783 0.0014718387336966803 -0.00038800683980758457 -5.1432915409915308e-05 0.00014805848673726471 -0.0022302986621873153 0.024317288914940977 -0.00091477535213720605 0.0052789129905615401
leaf_weight=389470.93690824509 419523.27097702026 339466.55615234375 1221328.2869205475 282125.53854370117 11137908.565215111 556530.30322265625 374527.69789123535 723764.42919921875 5086371.7149596214 714105.69770050049 196099.966796875 59200.061889648438 632171.42529296875 1095815.7309343815
leaf_count=863 1551 96 4060 171 14899 91 115 214 9850 958 46 24 168 1380
internal_value=4.7963e-05 -0.000764688 0.00346861 0.0116017 -0.00158837 -0.00234247 0.00454532 0.000235272 0.00173849 0.00556128 -0.00278752 0.00418657 0.000389795 0.00853551
internal_weight=2.32284e+07 1.56873e+07 2.55515e+06 701649 1.31322e+07 1.16944e+07 1.43776e+06 1.09829e+06 7.54106e+06 2.45469e+06 644771 448671 1.8535e+06 1.80992e+06
internal_count=34486 21365 5950 1722 15415 14990 425 329 13121 3271 933 887 4228 2338
cat_boundaries=0 1 2
cat_threshold=515 28
is_linear=0
shrinkage=0.05


Tree=136
num_leaves=15
num_cat=1
split_feature=20 18 19 29 18 9 14 14 23 10 3 3 18 6
split_gain=11843.3 17490.6 11071.8 13802.1 9792.13 38640.8 30860.7 42070.4 30078.5 30221.4 29512.7 29097.2 23649.8 21240.3
threshold=0.10215510083930376 0.27769490368242228 0.071218089062251702 0 0.47177133088911288 0.099641508914028162 2.1324266943184376 2.2485594647498934 2.8470399424932453 -0.10658283610293659 15.400587266853529 16.273039820797113 0.79135072784035787 16.964547881697367
decision_type=10 10 2 1 8 2 10 10 10 2 2 2 10 2
left_child=2 -2 4 -4 -1 -6 11 -8 10 -10 -9 -7 -13 -11
right_child=1 -3 3 -5 5 6 7 8 9 13 -12 12 -14 -15
leaf_value=-8.8560565400657383e-05 0.0011620205290303468 -0.0032106696628731984 -0.015625256583635408 -0.00053306805963156774 0.0028427729767882106 0.00076062638723422508 0.0099393918309808593 -9.5726250928310816e-05 0.0042214840377827441 -0.0017403475076639492 0.013188534579234579 -0.00010381051113540436 -0.0035198800666462931 -0.0040759114991515124
leaf_weight=12579928.643538356 86777.923444747925 109798.1424369812 84924.129121780396 104311.78854370117 180533.85583496094 7907239.716550827 185952.0541229248 90316.965456008911 88096.133083343506 122473.84823608398 84935.926513671875 991881.56176757812 519878.5263671875 79141.69287109375
leaf_count=22951 161 85 129 148 78 9369 102 351 288 468 25 201 143 16
internal_value=0.000320334 -0.0119003 0.000424692 -0.0116197 0.000524525 0.00167167 0.00126063 0.0117899 0.00375122 -0.00613972 0.020102 0.000532984 -0.00582272 -0.0168145
internal_weight=2.32162e+07 196576 2.30196e+07 189236 2.28304e+07 1.02505e+07 1.00699e+07 650917 464965 289712 175253 9.419e+06 1.51176e+06 201616
internal_count=34515 246 34269 277 33992 11041 10963 1250 1148 772 376 9713 344 484
cat_boundaries=0 1
cat_threshold=26
is_linear=0
shrinkage=0.05


Tree=137
num_leaves=15
num_cat=1
split_feature=20 3 6 4 29 15 6 17 6 4 20 8 21 18
split_gain=13352.5 24356.3 36269 33981.4 18230.2 20720.3 23132.8 18683.3 55370.1 20799.4 15464.5 21813.1 15928.9 18902.6
threshold=-0.014474752489416149 17.171183635107628 16.964547881697367 16.860170040119087 0 19.309486169614129 14.805753421441523 0.31408482136343246 15.421178037787511 15.333319931153808 -0.0050695668200827987 0.18850960025037897 10.64927198777376 0.15551783186158002
decision_type=8 2 2 2 1 2 2 2 2 2 8 2 10 10
left_child=1 2 3 4 -1 7 -7 8 9 -6 11 -2 13 -13
right_child=10 -3 -4 -5 5 6 -8 -9 -10 -11 -12 12 -14 -15
leaf_value=0.0029960024331272522 -0.0016784437731502803 0.0021736591580676168 -0.0018053809408403933 0.0027058201419020052 0.00098763108172565564 -0.00030428584955929477 -0.0036061282518767713 -0.0011709649217664609 0.0048694924601889594 -0.0080168488494503955 -1.3814866548294853e-06 -0.0016250634484463275 -0.006250923253076553 0.0056290289947485157
leaf_weight=326901.89802360535 366235.15712165833 128328.1591796875 131355.6103515625 142199.44995117188 1782702.08976686 217753.9514541626 131482.35852050781 299909.75378417969 308576.15466308594 84246.145385742188 18573837.583826542 294299.97700405121 339246.09704971313 273157.61502456665
leaf_count=271 215 24 26 31 3865 270 61 150 100 44 27946 639 582 287
internal_value=0.000139258 0.00296193 0.00216067 0.00318816 0.00210939 0.000815681 -0.0105855 0.00242417 0.00403699 0.000794035 -0.000366126 -0.00569752 -0.00153772 0.00358642
internal_weight=2.34002e+07 3.55346e+06 3.42513e+06 3.29377e+06 3.15157e+06 2.82467e+06 349236 2.47543e+06 2.17552e+06 1.86695e+06 1.98468e+07 1.27294e+06 906704 567458
internal_count=34511 4842 4818 4792 4761 4490 331 4159 4009 3909 29669 1723 1508 926
cat_boundaries=0 1
cat_threshold=80
is_linear=0
shrinkage=0.05


Tree=138
num_leaves=15
num_cat=0
split_feature=4 14 14 10 23 11 20 10 10 23 26 23 14 14
split_gain=12340.5 18979.2 21229.5 32362.1 30216.9 25408.5 22864.3 31125 32717.9 19809 27358.2 23302.1 19288 17526
threshold=13.432947376706847 0.92225932109080733 2.3390992561901038 0.17879510618564873 0.71288589993053408 -0.27915491921175473 0.00086986813109385006 -0.2772170703404217 0.026820908930745551 1.6675682832131702 -0.5 1.4447413516365402 1.6295261165334365 1.7102166426109984
decision_type=2 10 10 2 8 2 8 2 2 10 2 8 10 10
left_child=-1 -2 4 5 12 -4 7 -7 -9 10 -6 -12 -3 -14
right_child=1 2 3 -5 9 6 -8 8 -10 -11 11 -13 13 -15
leaf_value=0.0013964792066900856 -0.0037285059648712693 0.00072676373029423053 -0.0053077744500271227 -0.0040753752478574976 -0.0032988717433255648 0.0036463050636434974 -0.00091406253643778665 -0.00096799318042515257 0.0010642505429608064 4.896745247720253e-05 0.00058627500485342878 -0.0037284915937316841 0.0021076629907023129 0.0012838920072977798
leaf_weight=7862064.3671815395 1388291.4352111816 1414037.762298584 288511.29159545898 394341.31219482422 578930.19061279297 303708.14544677734 812462.12451171875 648694.91528320312 292962.85437011719 7662501.8487854004 781105.94564819336 326920.70300292969 249194.56884765625 393968.71835327148
leaf_count=26248 1151 884 163 185 304 100 375 216 97 3974 389 176 75 204
internal_value=2.63523e-05 -0.000790518 -0.000243064 -0.00419447 0.000706343 -0.00196707 -1.88336e-05 0.00423811 -0.000250974 -0.000500805 -0.00540583 -0.000803265 0.00619253 0.0133712
internal_weight=2.33977e+07 1.55356e+07 1.41473e+07 2.74068e+06 1.14067e+07 2.34634e+06 2.05783e+06 1.24537e+06 941658 9.34946e+06 1.68696e+06 1.10803e+06 2.0572e+06 643163
internal_count=34541 8293 7142 1136 6006 951 788 413 313 4843 869 565 1163 279
is_linear=0
shrinkage=0.05


Tree=139
num_leaves=15
num_cat=0
split_feature=22 22 22 11 8 15 22 3 23 21 15 23 14 23
split_gain=12066.5 17250.8 14812.7 14220.3 20986.6 34052.9 20349.1 19588.4 19507.5 17240.5 13910.8 19316.7 26213.3 21025
threshold=21.066306965512343 21.05931847536657 21.036281688279555 0.22614567688386258 0.18850960025037897 19.224701742754604 18.241532315535697 15.558852899793896 4.3305736744223404 9.3012984624044073 19.224701742754604 0.71288589993053408 1.5995415049211423 4.3305736744223404
decision_type=2 2 2 2 2 2 2 2 8 8 2 8 10 10
left_child=1 2 3 10 5 6 9 8 -6 -5 -1 12 -12 -13
right_child=-2 -3 -4 4 7 -7 -8 -9 -10 -11 11 13 -14 -15
leaf_value=-2.0817249535701249e-05 0.0023128922516261058 -0.0071711953257256435 0.0068049169393561955 0.0017373958666837279 -0.003327970222562664 -0.0083493817496473974 0.0044171265307899263 0.0025948967550170018 0.0021026985575250431 -0.0068691866530278048 0.0019858261142717496 -0.00012236054984805458 0.0019997031196225894 0.0016689656497016769
leaf_weight=12289279.745417953 442515.71294212341 253715.62156677246 377558.59702301025 138104.84103059769 2200399.3462481499 212745.15691757202 89854.532157897949 513707.99194335938 1177275.382384181 142184.19512176514 1000735.4876403809 3054780.8799362183 158852.47341918945 1178157.659198761
leaf_count=19633 380 197 368 242 4980 90 89 169 3190 162 1072 2437 72 1340
internal_value=0.00034421 0.000185408 0.000331386 0.000164039 -0.0023541 -0.011202 -0.0020398 -0.00102878 -0.00241224 -0.0086776 0.000801239 0.00291838 0.00863592 0.00135209
internal_weight=2.32299e+07 2.27874e+07 2.25336e+07 2.21561e+07 4.47427e+06 582889 370144 3.89138e+06 3.37767e+06 280289 1.76818e+07 5.39253e+06 1.15959e+06 4.23294e+06
internal_count=34421 34041 33844 33476 8922 583 493 8339 8170 404 24554 4921 1144 3777
is_linear=0
shrinkage=0.05


Tree=140
num_leaves=15
num_cat=0
split_feature=0 24 11 24 0 0 6 16 15 0 14 14 3 22
split_gain=16191.3 12367.9 24839.6 24031.4 37578.7 26500.9 50868.1 25691 21112.9 31796.2 21194.7 19927.1 38143.8 29738.5
threshold=17.419860989426706 0.88970295594175008 0.19139388103843213 1.3488563346028002 16.993748182993098 17.156634566241113 16.964547881697367 18.261687824277342 19.309486169614129 16.532359858528654 1.453570225490584 0.92225932109080733 15.470030417566621 19.607205262989968
decision_type=2 8 2 8 2 2 2 2 2 2 10 10 2 2
left_child=1 2 -1 4 7 6 11 8 9 10 -3 12 -5 -13
right_child=-2 3 -4 5 -6 -7 -8 -9 -10 -11 -12 13 -14 -15
leaf_value=0.00067087086639865611 -0.00021962515571850286 0.0027775797318115012 -0.002114350271484882 -0.0013064953058832542 -0.0028558971141113242 0.00056388907461041825 -0.0016011013433358272 -0.0019937366819644492 -0.0049447622052417898 0.0037461777411101275 -0.0019239964077549148 9.9373507657069511e-05 -0.026269461351308639 0.0027149095988169766
leaf_weight=4029437.528594017 818213.27392578125 509070.56141853333 1141506.3987541199 2753398.4354016781 144238.5712890625 314287.314453125 306436.27587890625 260924.39929199219 172915.27545166016 77648.70263671875 994884.35307884216 10672028.636039376 109835.84301757812 1126944.9510211945
leaf_count=5330 120 877 2079 5727 27 57 60 140 190 16 1548 17394 39 986
internal_value=-0.000202372 4.76384e-05 0.00219525 -0.00058903 -0.00552602 0.000108632 -0.000193064 -0.0037616 -0.00158462 0.000228942 -0.00138192 0.000228314 -0.00351353 0.00113634
internal_weight=2.34318e+07 2.26136e+07 5.17094e+06 1.74426e+07 2.15968e+06 1.52829e+07 1.49686e+07 2.01544e+06 1.75452e+06 1.5816e+06 1.50395e+06 1.46622e+07 2.86323e+06 1.1799e+07
internal_count=34590 34470 7409 27061 2798 24263 24206 2771 2631 2441 2425 24146 5766 18380
is_linear=0
shrinkage=0.05


Tree=141
num_leaves=15
num_cat=0
split_feature=24 2 24 17 26 19 8 1 24 21 8 5 15 22
split_gain=12323.7 19765.1 15030.4 30166.1 15914.8 12146.3 31458.9 41655.5 15388.9 11443.9 10642.3 10291.9 10887.3 28938.9
threshold=-1.3623815550806297 14.783352547626933 -0.6002379113180264 0.044588837978661207 1.0000000180025095e-35 -0.074097794645887186 0.17100216458663789 16.272388657055533 2.4980180575279705 10.882353424141339 0.29283686091921496 7.5996171804676704 19.354651923403164 19.617331230798943
decision_type=8 2 8 2 2 2 2 2 8 8 2 2 2 2
left_child=1 -1 3 4 -2 6 -4 8 -8 10 -10 -7 -13 -14
right_child=2 -3 5 -5 -6 11 7 -9 9 -11 -12 12 13 -15
leaf_value=0.00080176065356958592 0.004150272485006757 0.014719787556269744 0.0019198585067685141 -0.019534137229390614 -0.0054651263130430644 -0.062108900334176147 -0.007734021386268896 -0.0046796406123728136 0.0049840423704775377 -0.0058390226724199653 -0.00040983655343717934 0.00012331651383715579 -0.0003052771307313949 -0.0011256208397455859
leaf_weight=157855.59851837158 149334.10210895538 68596.692993164062 79307.617074966431 74448.619201660156 157562.87477302551 192872.9088498354 77790.446904182434 75726.10302734375 59929.484035491943 54286.855473518372 158604.50359106064 19917599.400716782 1981344.1368560791 115497.84213256836
leaf_count=419 330 29 71 51 324 3433 124 19 73 103 394 27279 1869 48
internal_value=2.52346e-05 0.0116326 -8.8582e-05 -0.00993278 -0.00300646 7.66999e-05 -0.00758596 -0.0129649 -0.00570155 -0.000108038 0.0049959 0.000251173 0.000351925 -0.00307506
internal_weight=2.33208e+07 226452 2.30943e+07 381346 306897 2.2713e+07 505645 426337 350611 272821 218534 2.22073e+07 2.20144e+07 2.09684e+06
internal_count=34566 448 34118 705 654 33413 784 713 694 570 467 32629 29196 1917
is_linear=0
shrinkage=0.05


Tree=142
num_leaves=15
num_cat=0
split_feature=7 10 26 20 21 1 25 16 17 4 22 8 24 4
split_gain=18233.3 21876.4 18821 13968.8 16445.5 25844.4 11696.9 25605.3 40174.6 37372.1 22209.5 21771.5 21984.3 23125.5
threshold=16.98736325551755 0.020774445777007603 1.0000000180025095e-35 0.071970663367092721 10.459170692851488 15.031438254144009 0.68301270189221941 17.059661910813187 0.047954409601328109 16.410410087137191 16.685836778085033 0.17442642456179139 2.4883974610312305 15.26867331021578
decision_type=2 2 2 10 8 2 2 2 2 2 2 2 8 2
left_child=3 2 -2 6 5 -5 -1 8 10 -9 -8 -10 -13 -14
right_child=1 -3 -4 4 -6 -7 7 9 11 -11 -12 12 13 -15
leaf_value=-1.335646366363487e-05 -7.0397265308265182e-05 3.6521906436505429e-05 -0.0010617961567342914 -0.0048682063771632528 -0.00017771808508338852 -0.011135654260191695 -0.00027324268976154794 0.00087124497911815436 -0.0060783161208728866 0.0028147833539279863 0.0035204751772065102 0.0027732226734291801 -0.00014467834217080449 -0.010840203268443425
leaf_weight=15340729.453911901 769180.9541015625 1026635.4174804688 644078.03759765625 136249.55210828781 323570.31499958038 50713.655395507812 1670505.610291481 575441.87228393555 234615.64205932617 251618.85498046875 1801088.2731547356 319563.27294921875 153427.06118774414 153129.43481445312
leaf_count=24943 132 173 111 382 339 21 3882 454 127 60 3449 242 161 55
internal_value=-2.94436e-05 -0.00412073 -0.00815598 0.000445663 -0.00772385 -0.0195294 0.000649116 0.00270857 0.00116955 0.0107703 0.00356703 -0.00850019 -0.00363243 -0.0131982
internal_weight=2.34505e+07 2.43989e+06 1.41326e+06 2.10107e+07 510534 186963 2.05001e+07 5.15939e+06 4.33233e+06 827061 3.47159e+06 860735 626120 306556
internal_count=34531 416 243 34115 742 403 33373 8430 7916 514 7331 585 458 216
is_linear=0
shrinkage=0.05


Tree=143
num_leaves=15
num_cat=0
split_feature=4 3 18 3 27 24 24 10 8 21 18 19 8 3
split_gain=12119.3 29037.9 27087.7 28925 23788.5 25267.9 29683.4 34650 32612.6 34430.2 34053.5 29501.3 50473.4 33976.9
threshold=15.003254220103308 15.328408887801364 0.17109761809175791 16.041732990297305 10.500000000000002 2.3102844075357454 1.6240440107171552 -0.13473438770671547 0.16739021057928191 10.622856058979133 0.32430810839464513 0.022226864345365301 0.11522875168704111 16.690778174436563
decision_type=2 2 10 2 2 10 8 2 2 10 10 2 2 2
left_child=1 -1 3 -2 5 6 7 -4 10 -10 -9 12 -7 -14
right_child=2 -3 4 -5 -6 11 -8 8 9 -11 -12 -13 13 -15
leaf_value=0.00017761041461316826 -0.0033730876633276379 0.0065915578694373299 0.00081035651562105663 -0.00017170001676258305 0.0010420299550369099 -0.00075218363759397807 -0.003510915911988557 0.00060116459475258838 -0.00076746550384556331 -0.0036734681873420031 -0.00045340804548793219 0.0017579380315264508 -0.00021444881139001779 0.0010818922334607918
leaf_weight=14039727.322813749 725851.73828125 411042.28485107422 717341.47442626953 727872.3330078125 1163733.8447875977 343842.48889160156 929889.19812011719 579557.30493164062 438233.09497070312 466148.53515625 594275.08984375 714474.12585449219 1182984.682800293 374713.32934570312
leaf_count=31503 336 202 221 209 352 80 299 131 161 141 139 239 459 74
internal_value=-9.44504e-05 0.000801312 -0.00153932 -0.00778627 -0.000329311 -0.00153519 -0.00417998 -0.00160592 -0.00487635 -0.0120122 0.000621466 0.00223123 -0.00102347 0.00280378
internal_weight=2.34097e+07 1.44508e+07 8.95892e+06 1.45372e+06 7.50519e+06 6.34146e+06 3.72544e+06 2.79556e+06 2.07821e+06 904382 1.17383e+06 2.61601e+06 1.90154e+06 1.5577e+06
internal_count=34546 31705 2841 545 2296 1944 1092 793 572 302 270 852 613 533
is_linear=0
shrinkage=0.05


Tree=144
num_leaves=15
num_cat=1
split_feature=21 11 7 23 14 30 21 25 9 8 20 16 3 2
split_gain=12235.2 11261 17285.3 19689.2 19322.8 13804 16600.3 10520.7 22368.8 16413.8 53881.2 21170.8 19003.4 42587.1
threshold=11.44577791145767 0.68775895724936131 16.293698930881778 7.1314674813542256 0.51027428856790658 0 9.2713364699917058 -0.93301270189221919 0.26794302399607889 0.089414884982887063 0.032674146079223358 18.314726746826736 17.445700346247609 17.4270168375546
decision_type=10 2 2 8 10 1 10 2 2 2 8 2 2 2
left_child=1 7 3 4 -3 6 -6 8 -1 10 11 -9 13 -11
right_child=-2 2 -4 -5 5 -7 -8 9 -10 12 -12 -13 -14 -15
leaf_value=0.0016255494624295751 0.0065917217494306487 -0.029908347203246557 -0.0093109763785124856 0.012452965897329188 -0.0020589043044871042 -0.015527408677875054 0.015593792195030981 -0.0019584654625911901 -0.00023600329539065655 -2.6422691627346403e-05 0.0011867343593865802 -0.00041105106091722271 0.0010005033552969707 -0.0023404792489487391
leaf_weight=645587.64466094971 121972.36594843864 114488.69237327576 34965.277099609375 126139.18885719776 301122.94221735001 291872.94191122055 60289.378945350647 323747.27677726746 1269985.4430118799 18870715.286379576 211364.32303357124 258072.91676330566 613258.4873046875 114819.3876953125
leaf_count=411 293 341 9 439 1121 892 135 172 2272 28009 361 67 91 20
internal_value=-0.000122449 -0.000205358 -0.00559948 -0.00425052 -0.00725829 -0.00393768 0.00259396 1.92515e-05 0.00356205 -0.000313551 -0.00736491 -0.0152195 -2.81747e-05 -0.000307996
internal_weight=2.33584e+07 2.32364e+07 928878 893913 767774 653285 361412 2.23076e+07 1.91557e+06 2.0392e+07 793185 581820 1.95988e+07 1.89855e+07
internal_count=34633 34340 2937 2928 2489 2148 1256 31403 2683 28720 600 239 28120 28029
cat_boundaries=0 1
cat_threshold=12
is_linear=0
shrinkage=0.05


Tree=145
num_leaves=15
num_cat=1
split_feature=0 28 19 9 1 1 8 24 25 9 9 7 23 8
split_gain=10335.6 17618.4 9665.08 35844.6 39315.7 13277.7 12876.4 29411.7 19349.2 19211.6 17780.2 20557.7 20910.7 25852.7
threshold=7.6107868574726618 0 -0.058059964860614648 0.14407582608325048 16.272388657055533 14.307351709230916 0.12460012248063866 -0.021237342309276347 -0.93301270189221919 0.11263565210970426 0.099641508914028162 14.563901574557894 2.7458058519979605 0.096798193245150224
decision_type=2 1 2 2 2 2 2 8 2 2 2 2 10 2
left_child=1 -1 3 -2 5 -5 7 -4 -9 -8 -10 -12 13 -13
right_child=2 -3 6 4 -6 -7 9 8 10 -11 11 12 -14 -15
leaf_value=-0.092427898174476816 0.0012998243879977617 -0.00024001874781129134 0.0017586210149358374 0.0011122417144857671 -0.0039242383533988666 -0.0052346118793450578 -0.0020423835510674452 0.00056568297244241855 0.00068125671707376049 0.00029626815016433532 0.00056525114577730083 -0.0014740271884901468 -0.0030048751747706465 -4.921894007028735e-06
leaf_weight=243931.45946288109 91740.803298950195 527243.30776250362 221630.18479919434 389773.05204200745 114327.15014648438 232192.47454833984 119647.17454528809 216499.97983551025 304304.65827941895 19142910.055455208 279597.04221343994 422377.74865722656 405025.32348632812 494120.80651855469
leaf_count=3035 38 3091 97 877 28 126 35 95 86 26109 497 103 143 135
internal_value=0.000342058 -0.00534937 0.000537701 -0.0047636 -0.0084357 -0.00348212 0.000740869 -0.00275858 -0.00456884 0.00116662 -0.00617826 -0.0082839 -0.0108899 -0.00670878
internal_weight=2.32053e+07 771175 2.24341e+07 828033 736293 621966 2.16061e+07 2.34356e+06 2.12193e+06 1.92626e+07 1.90543e+06 1.60112e+06 1.32152e+06 916499
internal_count=34495 6126 28369 1069 1031 1003 27300 1156 1059 26144 964 878 381 238
cat_boundaries=0 1
cat_threshold=98
is_linear=0
shrinkage=0.05


Tree=146
num_leaves=15
num_cat=1
split_feature=21 6 21 9 14 11 17 1 27 8 20 3 4 28
split_gain=12682.3 30059.1 19260.7 17363.8 28852.3 41620.3 30206.8 26156.4 37149 21260.8 37591 36790.7 32661.8 19731.2
threshold=11.104263422778596 14.8589760919619 11.085195289202607 0.14407582608325048 1.5744415257333089 0.08656168567912291 0.12005163561103827 17.423965936235351 4.5000000000000009 0.13724328153741419 -0.0005830145054240999 17.445700346247609 17.458037941908348 0
decision_type=8 2 10 2 10 2 2 2 2 2 10 2 2 1
left_child=2 -2 3 4 7 6 -6 8 -1 10 13 12 -11 -5
right_child=1 -3 -4 9 5 -7 -8 -9 -10 11 -12 -13 -14 -15
leaf_value=-0.0009343692863365699 0.0011851069420969244 -0.00079923160775375679 0.0033762830676877589 0.0016531558089626416 -0.00018117770332277351 -0.001610656247605748 0.0011487850283965887 0.0027535025400358022 0.0022021994508664342 0.00010505171157267377 -0.001933722845328412 0.0030972684279988796 -0.0013202083895712921 -0.00021264242195377552
leaf_weight=189911.56997680664 758334.92002701759 635221.1611328125 243310.66444778442 107536.13662719727 357427.53791809082 267513.47817230225 618060.17462158203 169608.08935546875 266932.73896789551 17991992.611834884 787363.26036298275 295693.599609375 135378.03369140625 518691.18737018108
leaf_count=140 1648 187 161 50 178 107 190 25 210 30516 409 46 23 629
internal_value=0.000373282 -0.00425202 0.00066694 0.000510126 0.0051167 0.000706977 0.00549823 0.0138664 0.00764122 7.59916e-05 -0.00583342 0.000529417 0.000244045 0.00330922
internal_weight=2.3343e+07 1.39356e+06 2.19494e+07 2.17061e+07 1.86945e+06 1.243e+06 975488 626452 456844 1.98367e+07 1.41359e+06 1.84231e+07 1.81274e+07 626227
internal_count=34519 1835 32684 32523 850 475 368 375 350 31673 1088 30585 30539 679
cat_boundaries=0 1
cat_threshold=512
is_linear=0
shrinkage=0.05


Tree=147
num_leaves=15
num_cat=1
split_feature=10 8 2 21 8 29 0 14 0 4 20 16 24 4
split_gain=14330.7 39823.7 30270.3 27194.6 24766.2 25402.2 29217.5 18690.1 37765.4 16747.7 14752.2 29535.3 15145.6 14646.1
threshold=0.11389723311351392 0.21249175715776444 17.165595607188539 10.98975100650992 0.18850960025037897 0 16.532359858528654 2.2373904011419681 15.802459769609863 14.466930158372014 -0.063597480440391138 16.10919805215795 31.243014639083103 15.671112823407698
decision_type=2 2 2 10 2 1 2 10 2 2 8 2 10 2
left_child=10 3 7 4 5 6 -2 8 -3 -9 11 -1 -12 -7
right_child=1 2 -4 -5 -6 13 -8 9 -10 -11 12 -13 -14 -15
leaf_value=-0.0040087202891665582 0.00090195893667475557 0.00024509849754654023 -0.0031967097912619711 0.0021676068375924488 0.0057872230761162064 0.00075461826031441703 0.0015835763477273961 -0.000157904690383035 0.004216291770365593 -0.0048303590688514066 -0.00011808766776860203 0.0017074015056594467 0.010518295582764759 -0.0021586104805227393
leaf_weight=189331.58303689957 341963.59834289551 3563021.6756126881 97893.9453125 168911.43819046021 240393.44226837158 152955.99870300293 139738.50219726562 601528.43171024323 469482.37292480469 366880.47918701172 16420968.600821018 263663.33757019043 143634.40179824829 164530.66516113281
leaf_count=432 370 7057 18 79 197 172 30 3035 163 160 22479 141 176 38
internal_value=0.000236058 0.00227179 0.000337566 0.0104326 0.00740921 0.00317661 0.0104134 0.000876576 0.00237451 -0.0053609 -0.000518454 0.00838366 -0.000761902 -0.00780342
internal_weight=2.33249e+07 6.3073e+06 5.09881e+06 1.20849e+06 1.03958e+06 799189 481702 5.00091e+06 4.0325e+06 968409 1.70176e+07 452995 1.65646e+07 317487
internal_count=34547 11319 10433 886 807 610 400 10415 7220 3195 23228 573 22655 210
cat_boundaries=0 1
cat_threshold=1
is_linear=0
shrinkage=0.05


Tree=148
num_leaves=15
num_cat=0
split_feature=0 2 8 18 23 26 14 23 22 7 3 19 16 23
split_gain=15739.3 14337.2 13529.7 24984.4 31852.7 26440.6 23549.9 16452.6 25223.5 29692.1 26830.2 17658.1 24644.4 16808.1
threshold=17.419860989426706 17.165595607188539 0.17821180525053623 0.68030029102845868 2.2637526207970207 -0.9330127018922193 2.1761615727478807 3.5708120929133655 19.607205262989968 16.203243434593986 15.558852899793896 -0.013532994891894247 18.36763154562799 1.3301870585578202
decision_type=2 2 2 10 10 2 8 10 2 2 2 2 2 8
left_child=1 2 3 5 -5 6 -1 8 9 10 -4 -10 -13 -12
right_child=-2 -3 7 4 -6 -7 -8 -9 11 -11 13 12 -14 -15
leaf_value=-5.1611720874479946e-05 -0.00016856653835739711 0.00043782440210296688 -0.00085649066810574662 0.00031148452524679376 -0.0024970038940340523 8.7021481094488607e-05 -0.0049961042114744832 0.0012095342919808912 -0.00018660474994594857 -0.0017085030317809326 0.0042690580692925665 0.0065650113505757021 2.7406928880785035e-05 2.1492693014655207e-05
leaf_weight=170537.63042402267 860548.4375 719866.9443359375 8907473.9559600353 368857.83882522583 685409.45746994019 3043162.2939383984 141199.06729841232 6332257.2439353466 186620.33417510986 745204.12475585938 388160.13623046875 232592.84863853455 157447.31091308594 350975.91967773438
leaf_count=114 126 130 17200 171 317 2537 105 12874 125 182 146 179 97 138
internal_value=-0.000262847 -8.2523e-06 -0.000238443 -0.00271096 -0.0094251 -0.000601061 -0.0144697 0.000391689 -0.000779861 -0.00134469 -0.000601846 0.00939867 0.0154508 0.00855213
internal_weight=2.32903e+07 2.24298e+07 2.17099e+07 4.40917e+06 1.05427e+06 3.3549e+06 311737 1.73007e+07 1.09685e+07 1.03918e+07 9.64661e+06 576660 390040 739136
internal_count=34441 34315 34185 3244 488 2756 219 30941 18067 17666 17484 401 276 284
is_linear=0
shrinkage=0.05


Tree=149
num_leaves=15
num_cat=0
split_feature=27 0 3 9 23 20 3 11 8 4 17 17 9 9
split_gain=14819.2 39171.8 21047.9 18914.5 42269.7 13803.2 32516.5 21975.9 19379.2 18189.9 17096.9 13705.3 58870.5 34567.6
threshold=10.500000000000002 16.84045422280521 16.850451675266942 0.11263565210970426 2.7572624043141754 -0.014474752489416149 15.203240784805905 0.064962438497367714 0.089414884982887063 15.003254220103308 0.20761420437122818 0.35588037541285428 0.1943338755616151 0.31072499967316097
decision_type=2 2 2 2 8 8 2 2 2 2 2 2 2 2
left_child=3 2 -2 4 -1 6 9 -8 10 -5 -7 -10 -13 -14
right_child=1 -3 -4 5 -6 8 7 -9 11 -11 -12 12 13 -15
leaf_value=-0.00050950369834545874 0.00046630480637925272 0.0023120241086298974 -0.0036769545013935405 0.00034654250291000794 0.00096161490314844401 -0.00081067469389083872 0.0022045137733676919 -0.00020027974813873031 -0.00019426975851874316 -0.0051486610478776017 -0.0026132993133545089 -0.0023537710872128712 0.0029758561573068791 -0.00013483134608687934
leaf_weight=522224.11782836914 3070021.5509943962 400590.177734375 61787.933349609375 1751624.7765744925 225182.85127258301 202757.81164908409 687438.52136230469 300953.30541992188 14594686.991648078 208742.77044677734 192188.23077392578 288666.60235595703 496936.59234619141 352999.16821289062
leaf_count=186 5186 74 14 3787 187 262 210 105 23913 114 45 79 145 182
internal_value=-4.31735e-05 0.00294043 0.00105732 -0.000574805 -0.00837749 -0.000269107 0.00287631 0.0102708 -0.00084419 -0.000851882 -0.0117834 -0.000569588 0.00471383 0.0113396
internal_weight=2.33568e+07 3.5324e+06 3.13181e+06 1.98244e+07 747407 1.9077e+07 2.94876e+06 988392 1.61282e+07 1.96037e+06 394946 1.57333e+07 1.1386e+06 849936
internal_count=34489 5274 5200 29215 373 28842 4216 315 24626 3901 307 24319 406 327
is_linear=0
shrinkage=0.05


Tree=150
num_leaves=15
num_cat=0
split_feature=19 4 20 16 25 16 2 23 20 4 21 17 17 15
split_gain=13638.1 26768.2 18146.2 21008 16901 23092.1 13531.5 13865.5 12874.9 34546.8 16618.3 13381.2 22558.2 19247.6
threshold=-0.029986948250196144 13.742861480680888 -0.018508709103498545 15.627869581093195 -0.93301270189221919 17.150215940223493 14.134565773885354 2.7293621976896754 -0.0031007088973616496 15.157226915591695 10.66818635281496 0.31408482136343246 0.24497248980684103 17.848155662029146
decision_type=2 2 8 2 2 2 2 10 8 2 10 2 2 2
left_child=1 -1 3 -2 -5 6 -6 -8 9 10 -4 12 -10 -13
right_child=2 -3 8 4 5 -7 7 -9 11 -11 -12 13 -14 -15
leaf_value=0.0016364924539049221 -0.0015406883177908311 -0.0010394174424853526 0.0033573238218975359 0.0043866577763137854 0.00017289694067168046 -0.00048531382347860954 0.0022733664334041188 0.0046666008688892192 -8.6546168303180454e-07 -0.00130841285260728 -0.0038548907253176828 -0.0001844527444429451 -0.0030727658386793498 0.001127807845038543
leaf_weight=1394595.8493583202 733145.55696773529 2209720.9459228516 635746.38368737698 166467.44820785522 175684.93015480042 352024.6272354126 223412.68280029297 228686.36322021484 14184762.168017268 602579.33215332031 467423.95609474182 789420.29071044922 464586.47991943359 833489.49267578125
leaf_count=4212 1688 1075 1290 116 378 154 101 111 23675 186 864 360 173 155
internal_value=-0.000350939 -0.00318048 0.000162651 0.00483742 0.00906509 0.00656258 0.0123105 0.0168866 -0.000326049 -0.00445878 0.000800201 0.000107167 -0.000370066 0.00441496
internal_weight=2.34617e+07 3.60432e+06 1.98574e+07 1.87942e+06 1.14628e+06 979809 627784 452099 1.7978e+07 1.70575e+06 1.10317e+06 1.62723e+07 1.46493e+07 1.62291e+06
internal_count=34538 5287 29251 2548 860 744 590 212 26703 2340 2154 24363 23848 515
is_linear=0
shrinkage=0.05


Tree=151
num_leaves=15
num_cat=1
split_feature=25 19 14 0 11 28 19 2 19 3 6 1 27 0
split_gain=14851.8 19239.9 33240.6 26572.9 21428.8 18340.2 13440.2 34537.7 25853 16588.3 15602.7 14529.4 14362.7 24668
threshold=-0.93301270189221919 -0.016407059656580947 1.6720026075585481 16.152874941917947 -0.066974212558948296 0 -0.023291557472638346 15.553725433719146 -0.020948958783492597 16.690778174436563 16.195518319119824 15.319488255298628 10.500000000000002 16.84045422280521
decision_type=2 2 10 2 2 1 2 2 2 2 2 2 2 2
left_child=1 2 4 -3 -1 -4 7 -2 11 10 -9 -8 -10 -14
right_child=6 3 5 -5 -6 -7 8 9 12 -11 -12 -13 13 -15
leaf_value=-0.0038339944677068631 0.0002229575889966921 0.0023969015512020284 -0.0006047050670228239 0.0026151149775906291 0.002820550932157028 -0.0045338941912511288 0.0037686611721981754 -0.0020368762264592216 -3.5690731550287346e-05 -0.00013063652870280902 -0.0042445933236510041 0.0026469900535993165 0.00061411701020153457 0.0020419074027355202
leaf_weight=136825.78861987591 3754654.3637797832 962955.68702614307 146072.06692552567 299401.38037109375 312025.10435676575 139380.16387367249 243581.57625293732 372588.23107910156 13048954.192983508 717885.67065429688 361717.78686523438 142173.35827636719 2540844.5223789215 364946.82934570312
leaf_count=238 7367 1834 330 67 338 158 489 136 19180 136 98 40 4195 68
internal_value=0.000449658 0.00457504 -0.00186032 0.00831843 0.00662333 -0.0152002 6.73848e-05 -0.0021448 0.000772289 -0.0086927 -0.0139765 0.0135626 0.000463043 0.0036421
internal_weight=2.3544e+07 1.99666e+06 734303 1.26236e+06 448851 285452 2.15473e+07 5.20685e+06 1.63405e+07 1.45219e+06 734306 385755 1.59547e+07 2.90579e+06
internal_count=34674 2965 1064 1901 576 488 31709 7737 23972 370 234 529 23443 4263
cat_boundaries=0 1
cat_threshold=593
is_linear=0
shrinkage=0.05


Tree=152
num_leaves=15
num_cat=0
split_feature=4 0 21 24 27 7 1 21 4 10 23 2 21 8
split_gain=11722.5 22586.5 20235 17199 22120.8 20635.8 24307.8 19857.8 29494.2 19461.7 26071.8 24719.2 17706.3 19524.5
threshold=13.742861480680888 14.168072347787305 10.896494053253278 6.1185926698610364 8.5000000000000018 16.203243434593986 15.466919523786144 8.4619717517376625 15.209778070787939 -0.30505848810325265 2.0581599371963653 15.142648137605784 8.7858665845119077 0.38277586721453422
decision_type=2 2 8 8 2 2 2 10 2 2 10 2 10 2
left_child=-1 2 -2 7 5 6 -5 8 -3 10 -9 -12 -11 -14
right_child=1 3 -4 4 -6 -7 -8 9 -10 12 11 -13 13 -15
leaf_value=0.0011415726898186208 -0.0040101907709383161 -0.00072738024883523043 0.0022905022570910735 0.0041568010856769168 -0.001857498646588452 -5.7383185994054349e-05 0.011809242839743345 -0.00078418932162518896 -0.014895465601615705 0.0046711810687794231 0.0014019594498453159 0.0051760727242052421 -2.128437954011877e-05 -0.0036367511279517643
leaf_weight=8958907.6651059389 1909920.3175964355 374126.91040039062 258601.90350341797 466790.70153808594 471431.34136962891 297948.57983398438 186780.44018554688 355578.21923828125 249980.02685546875 255129.71331787109 275269.27978515625 241762.12609863281 8113235.8789672852 1075498.6187744141
leaf_count=27432 1749 240 232 295 222 71 71 150 96 108 153 60 3015 586
internal_value=3.1446e-05 -0.000845544 -0.00555228 -1.99978e-05 0.00515101 0.00953911 0.0145107 -0.000692549 -0.00935322 -0.000168612 0.00697569 0.014143 -0.000828743 -0.0011895
internal_weight=2.3491e+07 1.45321e+07 2.16852e+06 1.23635e+07 1.42295e+06 951520 653571 1.09406e+07 624107 1.03165e+07 872610 517031 9.44386e+06 9.18873e+06
internal_count=34480 7048 1981 5067 659 437 366 4408 336 4072 363 213 3709 3601
is_linear=0
shrinkage=0.05


Tree=153
num_leaves=15
num_cat=1
split_feature=24 24 3 28 14 18 7 8 15 15 25 19 7 22
split_gain=11988.7 25911.4 24782.9 18844.9 27512.8 26659.4 22814.9 21678.7 31179.3 36841.8 26800.2 31371.6 40716.4 27660.2
threshold=2.6761558945178754 2.6579006910763554 16.850451675266942 0 2.5612082233386304 0.39331165445237215 11.313387425243381 0.14483486216721952 18.075277209881644 16.78864029174326 0.25000000000000011 -0.040513359699795894 13.854974508242888 19.607205262989968
decision_type=10 10 2 1 10 10 2 2 2 2 2 2 2 2
left_child=1 3 -2 5 -5 7 -7 8 9 -1 13 -12 -13 -9
right_child=2 -3 -4 4 -6 6 -8 10 -10 -11 11 12 -14 -15
leaf_value=0.0011582643815195757 0.00071713770574490529 -0.027985078026153638 -0.00015578398822634521 -0.00016316635960522631 -0.013756883304693346 0.0047406151452352597 -0.007901948831349757 -0.0014939821381260944 0.0021007433388773142 -0.0013239480032110615 -0.0015766117833784369 -0.00050742436495886253 0.0037431560172312417 0.0038419364746995672
leaf_weight=242321.92150497437 7915996.3651372194 94155.127902984619 482793.87353515625 11352473.116311312 179526.39438390732 42353.709428787231 66121.720123291016 1172186.7741146088 226369.73046875 323007.31935119629 154292.39202690125 469641.62817382812 572394.84869384766 175393.19842529297
leaf_count=356 14610 131 88 12674 1194 437 20 2670 62 104 254 1643 234 175
internal_value=6.22527e-05 -0.000781388 0.00157603 -0.000616997 -0.00158628 0.00262851 -0.0217653 0.00342182 0.0106474 0.00436848 0.00117313 0.00661992 0.00973553 -0.00366231
internal_weight=2.3469e+07 1.50702e+07 8.39879e+06 1.49761e+07 1.1532e+07 3.44408e+06 108475 3.33561e+06 791699 565329 2.54391e+06 1.19633e+06 1.04204e+06 1.34758e+06
internal_count=34652 19954 14698 19823 13868 5955 457 5498 522 460 4976 2131 1877 2845
cat_boundaries=0 1
cat_threshold=521
is_linear=0
shrinkage=0.05


Tree=154
num_leaves=15
num_cat=1
split_feature=1 11 14 20 6 2 23 9 6 20 7 29 22 9
split_gain=14491 23346.3 12008.8 25146.9 21284.4 18346.1 17207.6 17186.3 16830 16737 22277.1 30418.5 22192.5 19308.4
threshold=16.995067760631983 0.0030688687109714004 1.4666126693410426 -0.024368638359344247 16.419896991757508 17.165595607188539 2.5543468899421558 0.3426578080604461 16.605552301010523 0.0080454043116241509 14.454911017715082 0 21.051425057064606 0.40182679422987727
decision_type=2 2 8 8 2 2 10 2 2 8 2 1 2 2
left_child=2 -2 4 6 9 -5 8 -8 -4 10 -1 13 -11 -12
right_child=1 -3 3 5 -6 -7 7 -9 -10 12 11 -13 -14 -15
leaf_value=-0.00026690464647345224 -0.00043791668483718506 2.5391140857861113e-05 4.1898066810194093e-05 1.9155189065105255e-05 -0.0028058261522402685 0.0011964602303187633 0.0048282597662369876 0.0026098150135592667 0.0013148269201611969 0.00018402755482061596 -0.0019865364978671552 0.00051779946632317321 0.019361493316799341 -0.014576692101195846
leaf_weight=1567846.4710284472 972573.50927734375 1123491.4636230469 768346.4682674408 8743471.2397078276 316172.36987304688 93878.7783203125 316377.30408477783 310020.07088565826 123685.65600585938 7985251.6548279524 397558.28112792969 293393.39294433594 98683.2587890625 164230.04858398438
leaf_count=2904 175 188 1242 15674 82 18 277 775 27 12484 247 123 135 100
internal_value=-0.000186068 -0.00415181 0.000206419 0.0014236 -0.000958198 0.000402285 0.00736768 0.0137195 0.00290735 -0.000573564 -0.0042186 -0.0107101 0.000518976 -0.0175246
internal_weight=2.3275e+07 2.09606e+06 2.11789e+07 1.03558e+07 1.08231e+07 8.83735e+06 1.51843e+06 626397 892032 1.0507e+07 2.42303e+06 855182 8.08393e+06 561788
internal_count=34451 363 34088 18013 16075 15692 2321 1052 1269 15993 3374 470 12619 347
cat_boundaries=0 1
cat_threshold=3
is_linear=0
shrinkage=0.05


Tree=155
num_leaves=15
num_cat=0
split_feature=24 9 14 4 9 10 14 14 18 23 16 20 16 24
split_gain=12095.5 18679.4 16097.1 27786.7 19350.1 16651 18242.6 16399.2 25482.4 14759 20746.6 14318.8 13980.3 13313.3
threshold=2.4077208795437905 0.099641508914028162 0.92225932109080733 15.333319931153808 0.63261438802544501 0.11389723311351392 2.3575037049707972 1.453570225490584 0.69371429413507457 4.1370218690183416 15.985870127497373 -0.073626625578556593 14.95390290507696 1.8416714859271952
decision_type=10 2 10 2 2 2 10 10 10 10 2 8 2 10
left_child=13 -2 3 -3 5 11 7 9 -9 10 12 -4 -7 -1
right_child=1 2 4 -5 -6 6 -8 8 -10 -11 -12 -13 -14 -15
leaf_value=1.6353351325079411e-05 0.0014130802773283952 -0.00078295021947195279 0.001770702284304689 -0.02465741238664089 -0.0020312491180504212 -0.0028495808555452844 -0.0032026100193796509 0.0021905440664794322 0.0071842984057543567 0.0045091236302530185 -0.0058788601568754706 0.00022072055822315389 0.0035388947090174067 -0.0013545080620336386
leaf_weight=10516563.486418486 211853.14514160156 1874417.0496529341 118637.68939399719 119967.52001953125 2082637.0099707842 142345.23348999023 195058.55351066589 380088.46881103516 208005.70262908936 313095.08631896973 134513.06820678711 4083793.3252086639 166498.08541870117 2724288.0554988384
leaf_count=14274 187 3944 99 47 6954 176 455 343 99 256 72 3678 103 3775
internal_value=0.000280274 0.00158992 0.00127299 -0.00273694 0.00229506 0.00379251 0.0082409 0.0103139 0.0165766 0.00544507 -0.000424015 0.0021628 0.00671405 -0.000711879
internal_weight=2.32718e+07 1.00309e+07 9.81906e+06 1.99438e+06 7.82467e+06 5.74204e+06 1.5396e+06 1.34455e+06 588094 756451 443356 4.20243e+06 308843 1.32409e+07
internal_count=34462 16413 16226 3991 12235 5281 1504 1049 442 607 351 3777 279 18049
is_linear=0
shrinkage=0.05


Tree=156
num_leaves=15
num_cat=0
split_feature=22 22 22 9 22 9 8 24 8 24 22 14 3 19
split_gain=13835 18400.3 16293.3 62027.4 15349.7 14045.6 28996.9 22866.2 20287.5 16955.4 15614.6 14943.6 44573.8 19554.1
threshold=21.05931847536657 21.066306965512343 21.068016142521437 0.32862901115479254 21.048113136224188 0.11263565210970426 0.10994347008993212 1.9489560573862301 0.064852118826147817 2.9305149592845954 19.593415907659992 1.4666126693410426 16.536937448267057 -0.016407059656580947
decision_type=2 2 2 2 2 2 2 8 2 10 2 10 2 2
left_child=4 -2 -3 -4 5 6 7 -1 10 -9 -7 12 -10 -13
right_child=1 2 3 -5 -6 8 -8 9 11 -11 -12 13 -14 -15
leaf_value=-0.00025311357512448066 -0.0083409331161990764 0.0031789788576718882 -0.0035490298937252774 0.0053812824008691073 0.0087283594939006597 -0.0018049809407402338 -0.0016574803232952537 0.0013811536349355297 -8.2716786242074402e-05 -8.2329901293808755e-05 -0.0032872427328435056 -0.00011280210926320318 -0.003002931337826184 0.00053494321603985285
leaf_weight=319417.24989318848 259975.23323059082 189421.61186218262 121864.34457397461 151803.56957054138 198010.56275939941 106453.40268301964 217275.3447265625 178048.8896484375 10008101.473982096 165936.43943786621 105943.08542633057 3365220.7374482155 337944.70825195312 7536244.7163724899
leaf_count=116 196 151 53 179 195 225 75 52 15335 184 20 5467 80 12140
internal_value=1.66047e-05 -0.00679132 -0.000815087 -0.0086178 0.000235011 0.000112167 -0.00607651 -0.000884276 0.00036614 0.00806088 -0.0150101 0.000519846 -0.000841283 0.00181163
internal_weight=2.32617e+07 723065 463090 273668 2.25386e+07 2.23406e+07 880678 663403 2.14599e+07 343985 212396 2.12475e+07 1.0346e+07 1.09015e+07
internal_count=34468 579 383 232 33889 33694 427 352 33267 236 245 33022 15415 17607
is_linear=0
shrinkage=0.05


Tree=157
num_leaves=15
num_cat=1
split_feature=9 14 9 9 5 17 16 19 26 29 15 7 14 26
split_gain=15911.4 35308 12352.6 21162.4 21092.5 24964 22817 20435 14740.3 32383.8 26668.4 22420.4 22138.4 17501.6
threshold=0.11263565210970426 1.5437069834013577 0.14967138442708725 0.16480325760715323 16.088345866970069 0.17523538740422129 15.679141583617698 -0.0064566021574407996 -0.5 0 17.196524932171446 17.376805783880858 2.4637064124656534 1.0000000180025095e-35
decision_type=2 10 2 2 2 2 2 2 2 1 2 2 10 2
left_child=1 -1 4 7 6 -6 -2 -4 9 -5 -11 13 -12 -10
right_child=2 -3 3 8 5 -7 -8 -9 11 10 12 -13 -14 -15
leaf_value=0.00033832459964408247 0.0015314941202736905 -0.00054548488823047447 -4.3826774518759021e-05 0.00025765105752072832 0.0018068909827687165 0.00010242616950848047 -0.0021188678502820977 -0.0026454279414470359 0.0015957973124521867 0.0032491751579914463 -0.0025940435856516386 0.001854967091152882 -0.0080878575557007965 5.2987038512440286e-05
leaf_weight=215189.03616333008 122846.17436218262 624923.86344909668 380750.90658569336 4363173.7701195478 480256.609375 647121.556640625 369114.36730957031 308551.50741577148 3333447.6401407719 487944.35479545593 1817938.2494223118 301283.68798828125 187203.51299190521 9770358.9600870609
leaf_count=211 164 198 213 7065 104 129 295 193 5602 1622 2067 46 441 16257
internal_value=0.000333962 -0.00642249 0.000585455 0.000260253 0.00479285 0.00856245 -0.00384558 -0.0083553 0.000553359 -0.00133238 -0.00587829 0.00151785 -0.00842933 0.00120779
internal_weight=2.34101e+07 840113 2.257e+07 2.09507e+07 1.61934e+06 1.12738e+06 491961 689302 2.02614e+07 6.85626e+06 2.49309e+06 1.34051e+07 2.00514e+06 1.31038e+07
internal_count=34607 409 34198 33506 692 233 459 406 33100 11195 4130 21905 2508 21859
cat_boundaries=0 1
cat_threshold=45
is_linear=0
shrinkage=0.05


Tree=158
num_leaves=15
num_cat=0
split_feature=10 16 8 21 20 8 23 23 20 17 10 5 11 6
split_gain=15132.9 21814.3 20074.9 18295.3 17579.6 33887.2 16382.9 23610.8 17082.4 14139.2 32448.9 20705.1 12708.2 47609.7
threshold=-0.024014385761135147 18.472836192843562 0.079084972427515068 10.622856058979133 -0.067379845310698391 0.18538194333684188 17.026569103003052 9.1835420664035023 0.091086086462480967 0.35588037541285428 -0.11807808009102233 16.793627513211842 -0.41064458705580703 15.149957080825279
decision_type=2 2 2 10 8 2 8 10 10 2 2 2 2 2
left_child=1 2 3 -1 5 -4 7 8 9 11 -11 -6 13 -2
right_child=12 -3 4 -5 6 -7 -8 -9 -10 10 -12 -13 -14 -15
leaf_value=-0.00038093330013336344 0.00246939182901221 -0.0047247068182624252 0.0019328128165231326 -0.0028695979949411037 -0.00022261178972944563 -0.00022002609232863319 -0.0079234281788007205 0.01398267626167239 -0.0067474796185162935 0.0014803807393585073 -0.0013063805406092394 -0.00090762759842331485 0.0001005676419076667 0.011992043680583365
leaf_weight=95277.09394466877 707199.98468697071 235065.42608642578 78072.709732055664 106096.67365264893 8979281.0969834328 155304.20946931839 91782.66229057312 117548.8354434967 140255.59346580505 500504.46588134766 310406.11212158203 424849.998046875 11271071.392453909 109868.39208984375
leaf_count=208 2427 120 28 44 15482 295 109 245 200 195 103 71 14931 41
internal_value=0.000261177 -0.00105995 -0.000737866 -0.0163795 -0.000446163 0.0131276 -0.000746013 -0.000561687 -0.000814629 -0.000576669 0.00575816 -0.00112292 0.00148901 0.00751023
internal_weight=2.33226e+07 1.12344e+07 1.09994e+07 201374 1.0798e+07 233377 1.05646e+07 1.04728e+07 1.03553e+07 1.0215e+07 810911 9.40413e+06 1.20881e+07 817068
internal_count=34499 17100 16980 252 16728 323 16405 16296 16051 15851 298 15553 17399 2468
is_linear=0
shrinkage=0.05


Tree=159
num_leaves=15
num_cat=2
split_feature=24 22 7 24 8 10 2 8 28 9 28 17 15 2
split_gain=9481.22 28909.3 26618.7 16754.9 44327.8 24268.5 14338 25971.8 24922.7 12843.1 18250.5 21420.3 11771.4 11725.5
threshold=-0.18930193706925849 16.102069491722229 14.84567446316664 0.12805959700701952 0.12460012248063866 0.16646239986030584 17.165595607188539 0.16368538215422643 0 0.15391910863585098 1 0.044588837978661207 18.051916129165203 14.382325651015725
decision_type=8 2 2 8 2 2 2 2 1 2 1 2 2 2
left_child=1 2 13 4 -2 6 7 -6 -9 -3 -11 -12 -10 -1
right_child=3 9 -4 -5 5 -7 -8 8 12 10 11 -13 -14 -15
leaf_value=0.00034706251611211803 0.0017246266585933066 1.0865521525351994e-05 0.0088299981089702603 3.9113205300672184e-05 -0.0019915005301650657 -0.0067847080062530783 0.0010527500211509418 -0.0026119402272572903 0.0043935786342118961 0.00063778672769625048 -0.0075969829991226938 -0.0057114040329884798 1.8155128345417598e-05 -0.0043921359531705687
leaf_weight=453979.58187484741 256521.56046295166 72782.109832763672 148070.54406738281 21144235.941016555 99403.889846801758 127875.80269050598 101476.869140625 243828.49211120605 134258.87635707855 73053.206275939941 186900.26479625702 166664.56372070312 82267.366307258606 87785.124938964844
leaf_count=1416 93 23 65 31192 43 236 18 288 269 169 371 67 98 59
internal_value=0.000364899 -0.00398452 0.00264843 0.000598 0.00677632 0.000906682 0.00476269 0.00162782 0.0066325 -0.0131468 -0.0164587 -0.0211591 0.0189775 -0.00248633
internal_weight=2.33791e+07 1.18924e+06 689835 2.21899e+07 1.04563e+06 789111 661235 559759 460355 499400 426618 353565 216526 541765
internal_count=34407 2170 1540 32237 1045 952 716 698 655 630 607 438 367 1475
cat_boundaries=0 1 2
cat_threshold=396 25
is_linear=0
shrinkage=0.05


Tree=160
num_leaves=15
num_cat=0
split_feature=11 23 18 18 2 1 11 1 14 3 24 19 25 23
split_gain=10134.5 26103.3 33714.3 33343 28191.3 25406.7 21092.7 40421.7 19584.6 23533.2 19595.2 19716.8 22222.4 18400.6
threshold=0.050548495316121413 -1.8111477621546197 0.54841520192399529 0.64702786001430701 16.842637334131179 16.150297738002418 -1.0000000180025095e-35 16.995067760631983 2.1324266943184376 15.400587266853529 8.9320038468601108 0.00097256279978885011 -0.24999999999999997 1.0742637429835253
decision_type=2 10 10 10 2 2 2 2 8 2 10 2 2 10
left_child=6 2 5 13 8 -2 -1 -8 10 -10 -5 12 -12 -3
right_child=1 3 -4 4 -6 -7 7 -9 9 -11 11 -13 -14 -15
leaf_value=1.0930660614097592e-05 -0.006292043867071973 0.0018965168821853948 0.00014177086544618791 -0.0019923464183254332 -0.0029313377987887166 -0.0034737359021198562 0.00069308952133616914 0.00093828827337805653 -0.00065464147672878305 0.011339573977925585 -0.0051633119886374829 0.0079252622973091207 0.003653607137950723 0.00030280003846742189
leaf_weight=11441935.359027982 422840.62530612946 526390.57699108124 540283.61968231201 2983340.60405159 239937.18530273438 151649.12548828125 1627118.573718071 318822.017578125 89093.504335403442 54107.87060546875 150172.39422607422 183587.42863464355 137183.65595245361 4489898.2818523645
leaf_count=17340 999 1109 618 3135 51 33 2035 56 495 15 134 183 121 8252
internal_value=3.94185e-06 -0.00120307 -0.00841369 -0.000295175 -0.00380335 -0.0168461 0.000902669 0.0057151 -0.00269658 0.0154224 -0.00344773 0.00603063 -0.00214677 0.00238855
internal_weight=2.33564e+07 9.96848e+06 1.11477e+06 8.85371e+06 3.83742e+06 574490 1.33879e+07 1.94594e+06 3.59749e+06 143201 3.45428e+06 470943 287356 5.01629e+06
internal_count=34576 15145 1650 13495 4134 1032 19431 2091 4083 510 3573 438 255 9361
is_linear=0
shrinkage=0.05


Tree=161
num_leaves=15
num_cat=0
split_feature=10 8 24 5 24 24 10 11 14 26 14 5 27 23
split_gain=12491.3 16433.8 13606.5 30040.4 11754.1 20467.6 39744.9 25708.2 29197.5 40357 38824.2 19805.9 25188.6 33132.8
threshold=-0.99408322453290232 0.86397096416868624 -1.8434447414988349 14.93104648894627 -0.13554048001705246 0.26511602469553558 0.13541946835009527 0.28585726330758382 2.2698188051545185 0.25000000000000017 1.6720026075585481 16.440364546327579 3.5000000000000004 2.6039781056343654
decision_type=2 2 8 2 10 10 2 2 10 2 10 2 2 10
left_child=1 -1 3 -2 -4 6 7 8 10 -10 -6 -7 -13 -14
right_child=2 -3 4 -5 5 11 -8 -9 9 -11 -12 12 13 -15
leaf_value=-0.022917237223756565 -0.002543596971303927 -0.005572048686891564 -0.0012112874483299571 0.021530462158767492 0.0026529501080071473 0.00030538527092210195 -0.0023816346431460057 -0.0050774237685192389 0.0014536256373512272 -0.0020032758650802098 0.0038114358336565285 -0.0010972892639227918 0.0001238843575460265 -0.00044849484791659606
leaf_weight=117058.95957159996 97949.349060058594 551580.29010677338 1654785.9742889404 72321.735229492188 354576.03891563416 16138321.386689901 258156.39718151093 117971.65699863434 194124.29689884186 140641.327876091 288829.06136417389 826369.33032226562 1791096.0187988281 797374.41845703125
leaf_count=402 264 2498 2941 29 340 26458 386 141 191 130 158 163 351 169
internal_value=0.000297806 -0.0064379 0.000495926 0.0145771 0.000389659 0.000710724 0.00665507 0.0108119 0.0134711 0.00149522 0.0197022 0.000299005 -0.00316041 -0.000734065
internal_weight=2.34012e+07 668639 2.27325e+07 170271 2.25622e+07 2.09075e+07 1.3543e+06 1.09614e+06 978171 334766 643405 1.95532e+07 3.41484e+06 2.58847e+06
internal_count=34621 2900 31721 293 31428 28487 1346 960 819 321 498 27141 683 520
is_linear=0
shrinkage=0.05


Tree=162
num_leaves=15
num_cat=0
split_feature=9 11 20 21 10 15 9 14 16 7 14 26 2 8
split_gain=15284.6 41764.2 32764.4 31941.7 29503.5 28547 47079.3 21615.9 16398.1 24484.2 23539.4 29173.2 22546.4 22242.9
threshold=0.14967138442708725 0.15561477243697561 0.011366177416779403 10.896494053253278 -0.033155664309178996 17.266549879097024 0.12238891660113292 1.5631120779999457 18.36763154562799 17.376805783880858 2.3208692223973153 0.6830127018922193 16.996524025785622 0.19925397828363969
decision_type=2 2 8 10 2 2 2 10 2 2 10 2 2 2
left_child=1 2 3 4 -1 -4 -7 -5 9 12 11 -10 -2 -12
right_child=8 -3 5 7 -6 6 -8 -9 10 -11 13 -13 -14 -15
leaf_value=0.00032347536643109173 1.3224193098991997e-05 -0.0049696340600609108 -0.00019193452492376187 0.0024578932837987428 -0.0004771978928256248 8.9053804841156411e-05 0.0019313693508518359 -5.2631509455576366e-06 -0.00019550784694401412 0.0026293168589877399 -6.6584726448507792e-05 0.0037752299363251079 -0.0017754846604241339 -0.0023359565710759154
leaf_weight=325526.69721984863 19121542.598424315 229448.34506988525 222674.46109008789 282024.18630981445 505934.29710388184 297539.75671386719 341684.55673217773 311324.36161804199 415406.78695678711 182360.13916015625 327947.71038818359 193761.27923583984 302714.58666992188 404532.98544311523
leaf_count=115 32782 115 251 68 181 142 104 147 231 27 105 111 60 127
internal_value=6.98193e-05 0.00375194 0.00579245 0.0011375 -0.00518668 0.0134876 0.0188583 0.0099996 -0.00037245 -6.50935e-06 -0.00572025 0.00154211 -0.00017771 -0.01176
internal_weight=2.34644e+07 2.51616e+06 2.28671e+06 1.42481e+06 831461 861899 639224 593349 2.09483e+07 1.96066e+07 1.34165e+06 609168 1.94243e+07 732481
internal_count=34566 1123 1008 511 296 497 246 215 33443 32869 574 342 32842 232
is_linear=0
shrinkage=0.05


Tree=163
num_leaves=15
num_cat=0
split_feature=16 25 3 2 25 18 4 20 26 16 15 15 24 1
split_gain=14233.5 9239.23 20115 15625.7 12697 20650.9 26642.2 19968 16178.7 26140.3 26030.4 37698.8 17907.1 26102.9
threshold=18.650510177953056 -0.93301270189221919 15.203240784805905 14.482503132588896 0.25000000000000011 0.22854701975735484 15.052223841656147 0.018899533227028253 0.25000000000000017 16.48633237923827 19.177649224056299 17.066656910815951 0.86965070831088365 16.395026300101303
decision_type=2 2 2 2 2 8 2 10 2 2 2 2 10 2
left_child=1 2 3 -1 5 6 -3 -8 9 -6 11 -11 -10 -14
right_child=-2 4 -4 -5 8 -7 7 -9 12 10 -12 -13 13 -15
leaf_value=0.0017561089613227555 -0.00075874405992988614 -0.0010896769659421649 0.0015484783826119645 -0.0038401749393115908 0.00032739268965479066 4.7487769030407336e-05 -0.0036259932259202934 -0.00014184498253951784 0.00071290509235712217 -0.0001178929886070978 -0.00026362347706115511 0.00305477326011073 -0.00061686673552761504 -0.0010417305444716373
leaf_weight=997619.00175213814 335142.66949462891 3350152.5720980167 650995.68188476562 298525.73028564453 3929062.1984298229 6925761.3611359596 669196.08410644531 302980.07836914062 1012292.8015584946 419910.97634887695 487579.16967773438 1050733.8383178711 2488729.9885050058 442095.02026367188
leaf_count=2526 119 9878 189 179 7647 6694 246 112 1444 544 118 391 4316 89
internal_value=0.000115179 0.000264078 0.00355944 -4.21456e-05 -4.03337e-05 -0.00118755 -0.00389946 -0.0111866 0.00127233 0.00293237 0.0076517 0.010971 -0.00120619 -0.00318645
internal_weight=2.33608e+07 2.30256e+07 1.94714e+06 1.29614e+06 2.10785e+07 1.12481e+07 4.32233e+06 972176 9.8304e+06 5.88729e+06 1.95822e+06 1.47064e+06 3.94312e+06 2.93083e+06
internal_count=34492 34373 2894 2705 31479 16930 10236 358 14549 8700 1053 935 5849 4405
is_linear=0
shrinkage=0.05


Tree=164
num_leaves=15
num_cat=0
split_feature=21 9 15 9 17 15 9 8 9 24 1 0 9 3
split_gain=14972.7 8749.28 29470.5 19707.4 15372.3 14538.4 22679.8 22028.4 18432.7 15349.3 15109.2 14915.7 19164.7 23648.4
threshold=11.473572412334855 0.099641508914028162 19.290377912030959 0.11263565210970426 0.17523538740422129 19.381805013860188 0.12238891660113292 0.14863880570699337 0.27213890144042535 3.2535659683325453 13.7870662021431 17.419860989426706 0.13827813384070328 16.536937448267057
decision_type=10 2 2 2 2 2 2 2 2 8 2 2 2 2
left_child=1 2 4 -3 -1 6 -5 -7 -9 10 -10 12 13 -8
right_child=-2 3 -4 5 -6 7 11 8 9 -11 -12 -13 -14 -15
leaf_value=-0.00095575261585886676 0.0060045773331718136 -0.00022469689828164593 0.00078673241685134343 0.0011081313567239905 0.0013069476325518687 -0.0027296736956847491 -0.00037871295883491393 0.0016356827657091025 -0.0028802091506051038 -0.00015913155458898142 -0.008356182445359182 -0.00060973323363527258 2.6225966051336139e-05 0.0012086643631418776
leaf_weight=152409.30123901367 111641.35810899734 343304.69805908203 193423.74182128906 300920.64794921875 127422.283203125 167075.87651062012 237321.14196777344 250734.99462890625 162398.20758056641 537932.63589477539 184174.03271484375 568163.56640625 19566272.70783329 253206.46533203125
leaf_count=201 233 136 46 127 33 61 188 113 291 684 117 85 32051 51
internal_value=5.93781e-05 -2.91152e-05 0.00669914 -0.000170186 -0.00367429 1.34219e-05 0.000332423 -0.00511236 -0.00261767 -0.00600984 -0.0142158 0.000133596 0.000359905 0.0101213
internal_weight=2.31564e+07 2.30448e+07 473255 2.25715e+07 279832 2.22282e+07 2.09259e+07 1.30232e+06 1.13524e+06 884505 346572 2.0625e+07 2.00568e+07 490528
internal_count=34417 34184 280 33904 234 33768 32502 1266 1205 1092 408 32375 32290 239
is_linear=0
shrinkage=0.05


Tree=165
num_leaves=15
num_cat=1
split_feature=11 2 3 18 19 15 9 4 4 2 7 16 28 0
split_gain=11769.5 36382.1 27656.9 37231.4 24062.3 18698.8 32208.5 20163.8 24741.7 20658.8 17589.8 17797.6 17438 16783.6
threshold=0.11548245711180712 16.842637334131179 15.558852899793896 0.79135072784035787 -0.011925026231760148 19.224701742754604 0.15898284897048959 16.701148858548322 16.410410087137191 16.150297738002418 17.115974588496943 18.650510177953056 0 15.554451119783065
decision_type=2 2 2 10 2 2 2 2 2 2 2 2 1 2
left_child=5 2 12 -4 -5 10 -7 8 9 13 11 -1 -2 -8
right_child=1 -3 3 4 -6 6 7 -9 -10 -11 -12 -13 -14 -15
leaf_value=6.8026394269430818e-06 0.0017163179086690833 -0.00097541357272315314 0.0035437068220998884 -0.00089517993596093112 0.0017124040607367982 0.00080818405771416839 0.0005663035104277117 -0.0010245079029969366 0.0038466676369057172 -0.0033677933555718246 -0.00035122849299179369 0.0038945999269903576 -0.0014019128725599574 0.008199641152077301
leaf_weight=10571407.089705467 912095.07343101501 548872.94995117188 449611.79638671875 297784.69567871094 385707.068359375 836328.7783203125 2819911.3594856262 192283.1591796875 140385.0234375 235447.21997070312 668655.58740234375 107395.41619873047 5058559.0565407276 299924.71484375
leaf_count=17475 3217 93 149 99 124 207 3753 36 40 71 112 74 9049 114
internal_value=6.76603e-05 -0.00154298 -0.000584678 0.00657682 -0.000774108 0.000844236 0.00356217 0.00155319 0.00242029 0.00155986 -0.000239416 0.00025318 -0.00194378 0.00263766
internal_weight=2.35244e+07 7.65263e+06 7.10376e+06 1.1331e+06 683492 1.58717e+07 4.52428e+06 3.68795e+06 3.49567e+06 3.35528e+06 1.13475e+07 1.06788e+07 5.97065e+06 3.11984e+06
internal_count=34613 12731 12638 372 223 21882 4221 4014 3978 3938 17661 17549 12266 3867
cat_boundaries=0 1
cat_threshold=515
is_linear=0
shrinkage=0.05


Tree=166
num_leaves=15
num_cat=1
split_feature=14 21 10 18 21 10 3 23 0 29 9 2 18 2
split_gain=12022.6 24361.6 49137 34679.5 20343.4 18865.3 31515.5 18518.7 17638 17337.3 19948.7 40793.8 24714.5 21665.2
threshold=2.3753785055257124 10.949198539433239 -0.26440231926440821 0.18078107058413123 10.919075312383926 0.023710827087195501 15.929939596008317 2.6039781056343654 17.419860989426706 0 0.11263565210970426 17.165595607188539 0.32430810839464513 16.996524025785622
decision_type=10 10 2 10 10 2 2 10 2 1 2 2 10 2
left_child=9 4 3 -3 8 6 -4 -7 -2 -1 12 13 -11 -12
right_child=1 2 5 -5 -6 7 -8 -9 -10 10 11 -13 -14 -15
leaf_value=0.00042591118872436947 -0.00011137312092354917 0.0092316428290594912 -0.0017638149336008935 -0.00054370262661614913 0.0032550748403572917 2.8305309489976691e-05 -0.0078233747701931845 -0.0086825225826039337 -0.0068899373899366755 6.8439316318757076e-05 7.4208850661564902e-05 0.00095231317398469665 -0.0010928114638014031 -0.0018669255022273998
leaf_weight=2278298.7069091797 2553011.6849505901 132193.32170915604 95941.215760707855 94183.0302734375 67268.572868347168 146357.07467269897 150503.23266601562 94859.304062366486 40569.5458984375 224926.01005554199 16628881.872163653 251244.34814453125 313787.59118652344 202723.28295898438
leaf_count=1050 8173 236 253 18 64 206 33 170 6 229 23862 47 75 41
internal_value=0.000224569 -0.00253488 -0.0107354 0.00851574 -0.000334263 -0.019672 -0.0294014 -0.00973169 -0.00103835 0.000692554 0.00016189 0.000460637 -0.00931153 0.000162118
internal_weight=2.32747e+07 3.37489e+06 714037 226376 2.66085e+06 487661 246444 241216 2.59358e+06 1.98999e+07 1.76216e+07 1.70828e+07 538714 1.68316e+07
internal_count=34463 9159 916 254 8243 662 286 376 8179 25304 24254 23950 304 23903
cat_boundaries=0 1
cat_threshold=16
is_linear=0
shrinkage=0.05


Tree=167
num_leaves=15
num_cat=0
split_feature=21 6 3 5 11 4 21 5 16 15 21 3 17 24
split_gain=11516.3 26559.2 19906.5 26880.1 17241.3 15137.5 14700.7 13893.8 17512.8 23985.5 14294.2 18208.9 16000.1 11165.8
threshold=11.104263422778596 14.763316496656628 17.445700346247609 17.382494435338344 -0.016427861013408294 14.019701526899604 11.085195289202607 17.131665029836004 18.472836192843562 17.100172273442549 11.037231308731972 14.421288347762045 0.034434481707413658 -1.3623815550806297
decision_type=8 2 2 2 2 2 10 2 2 2 10 2 2 8
left_child=2 5 3 6 -3 -2 7 8 10 -10 13 12 -12 -1
right_child=1 4 -4 -5 -6 -7 -8 -9 9 -11 11 -13 -14 -15
leaf_value=0.0048376452756677488 -0.0011784211366547919 -0.0042831307998896055 0.00026196928437342289 -0.0010115096307505192 -0.00018010286293601425 0.0045410393196593807 0.003933977265060562 0.00032562509522995729 0.0011885643423702114 -0.0054035969848361589 0.0045794143031486568 0.0022394260491407515 -0.0082557812135439137 -6.010166431084294e-05
leaf_weight=221242.7696018219 510579.72298765182 345482.47912597656 696086.0009765625 233670.68603515625 329605.55249023438 204949.62713623047 164321.6231803894 594180.01220703125 157478.56405639648 166512.30187988281 98593.638790130615 230777.87774658203 46764.132080078125 19295902.074895144
leaf_count=432 1472 104 103 39 109 145 146 112 170 52 291 81 45 31203
internal_value=-7.47528e-05 -0.00448698 0.000205347 -6.77132e-05 -0.0116009 0.00222484 0.00012016 2.54078e-06 -0.000218935 -0.0117501 -3.11336e-05 0.00962343 -0.00423831 -0.000217197
internal_weight=2.32961e+07 1.39062e+06 2.19055e+07 2.12094e+07 675088 715529 2.09758e+07 2.08115e+07 2.02173e+07 323991 1.98933e+07 376136 145358 1.95171e+07
internal_count=34504 1830 32674 32571 213 1617 32532 32386 32274 222 32052 417 336 31635
is_linear=0
shrinkage=0.05


Tree=168
num_leaves=15
num_cat=1
split_feature=10 16 17 29 15 22 4 15 16 9 16 24 24 9
split_gain=9593.84 18336.2 25701.7 43026.8 20366.5 32858.9 20612 19661.8 25076.1 31726.1 27579.7 17456.6 37933.6 33177.4
threshold=0.070047103189919413 18.314726746826736 0.22619975375775667 0 17.848155662029146 18.657458918293191 14.648082066951638 19.224701742754604 18.407908271991452 0.22527589011465718 18.472836192843562 0.51109248003172314 0.48034932442572503 0.13827813384070328
decision_type=2 2 2 1 2 2 2 2 2 2 2 8 10 2
left_child=1 2 -1 -4 5 6 -5 8 9 -3 -10 12 13 -2
right_child=11 7 3 4 -6 -7 -8 -9 10 -11 -12 -13 -14 -15
leaf_value=-0.0002780043858220246 0.0010745566152953916 -0.0021475215925890706 0.0032867232756083583 0.0066508858674129648 0.0010896508511329635 -0.0012925195474358065 -0.00017946706008965363 0.00013603314723736987 0.0006812468092600208 -0.00048789556323403972 -0.0013730899634422586 0.0005289852322178471 -0.013427409020169635 -0.0014880222627194351
leaf_weight=12144141.188329339 132240.90173339844 418644.08883666992 342183.8427734375 213605.43286132812 284024.150390625 326827.05706787109 386390.72644042969 280593.65625 418195.62457275391 287117.43371582031 419634.32885742188 6835091.8170973063 89043.345248699188 1014112.8267998695
leaf_count=20293 32 141 91 206 58 133 151 41 159 125 212 11188 123 1747
internal_value=-0.000104917 -0.000831977 -0.000204817 0.00585178 0.00142748 -0.00216225 0.00478613 -0.00554111 -0.0077543 -0.0146979 -0.00190526 0.00129338 -0.00417638 -0.00173453
internal_weight=2.35918e+07 1.55214e+07 1.36972e+07 1.55303e+06 1.21085e+06 926823 599996 1.82419e+06 1.54359e+06 705762 837830 8.07049e+06 1.2354e+06 1.14635e+06
internal_count=34700 21610 20932 639 548 490 357 678 637 266 371 13090 1902 1779
cat_boundaries=0 1
cat_threshold=18
is_linear=0
shrinkage=0.05


Tree=169
num_leaves=15
num_cat=0
split_feature=9 24 9 19 3 26 23 10 23 4 23 10 19 4
split_gain=16788.4 27032.8 17377 33981.4 36429.5 21272.5 16475.1 33181.4 29979.2 30526.4 22712.3 15716.7 15501.2 24219.2
threshold=0.14407582608325048 -0.021237342309276347 0.17899252706628047 0.013538468270925351 15.804550983324974 -0.68301270189221952 2.5830001599057755 -0.029996462998554695 1.7866793806953503 16.860170040119087 2.9455941718968108 0.017765846398964901 -0.029986948250196144 13.742861480680888
decision_type=2 8 2 2 2 2 10 2 10 2 10 2 2 2
left_child=1 -1 3 5 -5 -2 8 -8 9 -3 -9 -12 13 -4
right_child=2 6 12 4 -6 -7 7 10 -10 -11 11 -13 -14 -15
leaf_value=0.0010474629749626201 0.0013166436207089061 0.0010657672340197795 0.0014702602917926267 0.00033410220814229807 -0.001593283594446247 -0.00037217382282124219 -0.0059294136594619179 -0.00031689344384737243 0.00088452531243318083 -0.00058568915060682705 0.0027563165492039306 1.5002827782944527e-05 0.00031631854592651445 -0.001521173868827047
leaf_weight=301951.12533569336 236729.34195709229 305045.64178466797 1383926.1333619356 208267.29486846924 350719.01928710938 944995.65091705322 195105.05631256104 191511.0224609375 491559.03280639648 389540.09765625 108994.87966918945 156507.169921875 16577302.502395511 1648199.1816711426
leaf_count=96 133 166 4182 217 78 547 128 64 176 72 169 97 27540 901
internal_value=0.000455942 0.00467778 3.27291e-05 -0.00475497 -0.0149124 4.97729e-05 0.00240032 -0.00398358 0.00591006 -0.000777014 0.00338569 0.0128524 0.000457729 -0.0028293
internal_weight=2.34904e+07 2.14021e+06 2.13501e+07 1.74071e+06 558986 1.18172e+06 1.83826e+06 652118 1.18614e+06 694586 457013 265502 1.96094e+07 3.03213e+06
internal_count=34566 968 33598 975 295 680 872 458 414 238 330 266 32623 5083
is_linear=0
shrinkage=0.05


Tree=170
num_leaves=15
num_cat=0
split_feature=0 17 4 0 14 27 9 24 11 26 11 0 9 23
split_gain=14611.1 32908.5 11934.2 22973.6 28963.6 33191.7 38125.9 43435.4 29370.5 24329 19498.2 17509.6 15850.6 20514.6
threshold=17.156634566241113 0.24497248980684103 13.742861480680888 14.026954677321831 2.3575037049707972 3.5000000000000004 0.25337784117556028 1.2939662262770451 -0.25054590979377073 -0.5 -0.20737232215967258 15.140196249094553 0.61695072849104349 5.0121942176547156
decision_type=2 2 2 2 10 2 2 10 2 2 2 2 2 10
left_child=2 -2 12 -4 8 -6 -7 -8 11 -9 -10 -5 13 -1
right_child=1 -3 3 4 5 6 7 9 10 -11 -12 -13 -14 -15
leaf_value=0.0011686917780004871 0.00039465503146957005 -0.00057930574760776867 -0.003447595206711852 0.0014226306546338881 -0.002726841966068969 0.0010200243849714714 -0.0051585517248596549 -0.0023005582604389047 -0.0038149674799854982 0.0021701989834455307 6.6883286555129007e-05 0.0064980564565116864 -0.00049004883488749224 0.0048724459188009932
leaf_weight=3285341.5340366364 975021.693359375 611256.8134765625 1718281.1336975098 635342.48193359375 527319.13757324219 569084.84106445312 266958.3388671875 248980.88751220703 323851.69641113281 250553.50329589844 8057770.3227539062 327060.30126953125 4641994.7081292868 1014712.1470638514
leaf_count=7193 153 104 1622 430 174 186 109 103 165 106 3743 133 17776 2488
internal_value=0.000523811 0.00515737 0.000187687 -0.000783871 4.15382e-05 -0.00565126 -0.0014576 -0.00873674 0.0011765 -3.55838e-05 0.000226608 0.00944915 0.00159202 0.00377922
internal_weight=2.34535e+07 1.58628e+06 2.18673e+07 1.29252e+07 1.12069e+07 1.8629e+06 1.33558e+06 766493 9.34402e+06 499534 8.38162e+06 962403 8.94205e+06 4.30005e+06
internal_count=34485 257 34228 6771 5149 678 504 318 4471 209 3908 563 27457 9681
is_linear=0
shrinkage=0.05


Tree=171
num_leaves=15
num_cat=1
split_feature=19 16 8 6 3 2 29 9 14 5 26 16 11 11
split_gain=15084.2 20907.7 13557.7 43727.4 18025 16920.1 17994.1 22672 16342.2 21064.7 20474.9 31863.5 22150.1 18531.5
threshold=0.071218089062251702 16.204580489039632 0.34684179644412305 16.30949344286088 15.670241562971784 14.621783176980921 0 0.40953654163587716 1.4666126693410426 16.623495956216509 -0.9330127018922193 18.342196337377381 -0.13439531590661241 -0.074499969512946643
decision_type=2 2 2 2 2 2 1 2 8 2 2 2 2 2
left_child=2 -2 8 4 5 -4 7 -7 9 -1 11 12 -10 -12
right_child=1 -3 3 -5 -6 6 -8 -9 10 -11 13 -13 -14 -15
leaf_value=7.4190338415613166e-05 0.00062304178542940333 -0.011938564365996508 9.9787848911035582e-05 -0.0027544385466850667 0.0032028492736604509 -0.0066988200084568423 -0.0055552768108194026 0.0018351445879806628 -0.0042472526334695277 -0.00061443531868240607 0.0010385230078177258 -0.0040003389244370946 0.00033073753524152477 0.00011641954732570083
leaf_weight=4488623.7803313732 96381.531259536743 71137.948379516602 8261597.5341174603 289840.49853515625 501538.46545410156 244635.77783203125 546327.64019775391 587990.005859375 126433.85710954666 301150.35180664062 2448128.93280828 140620.22381591797 398692.36221027374 4822827.0162072182
leaf_count=4366 210 53 22993 68 187 122 316 335 116 61 1946 43 326 3368
internal_value=0.00040613 -0.0145436 0.000514271 -0.000821955 -0.000274712 -0.00075549 -0.00588266 -0.00125596 0.00160958 -0.000696816 0.00300148 -0.00539123 0.000269268 0.00376994
internal_weight=2.33259e+07 167519 2.31584e+07 1.04319e+07 1.01421e+07 9.64055e+06 1.37895e+06 832626 1.27265e+07 4.78977e+06 7.9367e+06 665746 525126 7.27096e+06
internal_count=34510 263 34247 24021 23953 23766 773 457 10226 4427 5799 485 442 5314
cat_boundaries=0 1
cat_threshold=14
is_linear=0
shrinkage=0.05


Tree=172
num_leaves=15
num_cat=0
split_feature=14 14 20 16 23 10 3 21 6 26 20 22 8 9
split_gain=11203.9 20776.6 21958.4 21620.5 28242 24299.8 20549.3 19655 37971.7 18381 31712.7 22987.5 24629.8 19036.1
threshold=1.4666126693410426 1.5533272473917241 inf 15.226810335536266 2.1778171124778605 0.054734134884702308 16.536937448267057 9.0692646837956854 15.947782723660634 -0.5 -0.014474752489416149 18.662531985835098 0.18538194333684188 0.37498423222372806
decision_type=8 10 8 2 10 2 2 10 2 2 10 2 2 2
left_child=6 3 7 -2 -5 -6 -1 8 -3 13 11 12 -11 -9
right_child=1 2 -4 4 5 -7 -8 9 -10 10 -12 -13 -14 -15
leaf_value=-0.00023623193636399163 -0.0010647639385362806 0.0035332188009039403 -0.0071205191066187473 0.0020414168073018871 -0.00028121913475409794 0.0021116871300427497 -0.0021704323073893478 3.0248928512488629e-05 0.010378965231943538 0.0013681242994033342 6.223053866963588e-05 -0.00063812797446493295 0.0018380076250793988 -0.004072731050617855
leaf_weight=10541852.319671392 565886.63013505936 219077.7651052475 1055179.233926177 437139.13734436035 417259.42267990112 258115.81492614746 367074.34228515625 2140993.7729911804 58835.343505859375 473142.35535812378 4852644.2158336639 116026.50791168213 786792.44405794144 1108158.698905468
leaf_count=16055 996 859 5149 183 199 123 85 1291 17 239 5292 80 1547 2371
internal_value=0.0002701 0.00129265 0.000489114 0.00646838 0.0105157 0.00410652 -0.000900585 0.00123021 0.0143364 0.000845902 0.00243625 0.00913629 0.0110975 -0.00220278
internal_weight=2.33982e+07 1.24893e+07 1.08109e+07 1.6784e+06 1.11251e+06 675375 1.09089e+07 9.75567e+06 277913 9.47776e+06 6.22861e+06 1.37596e+06 1.25993e+06 3.24915e+06
internal_count=34486 18346 16845 1501 505 322 16140 11696 876 10820 7158 1866 1786 3662
is_linear=0
shrinkage=0.05


Tree=173
num_leaves=15
num_cat=0
split_feature=24 3 3 7 7 21 11 21 9 11 9 24 17 17
split_gain=11334.7 14888.2 20012.8 11339.7 21813.8 10426.6 9301.68 22308.3 30491.9 22262.4 21607.7 18205.4 32436.9 21348.1
threshold=13.769584241537652 16.273039820797113 15.670241562971784 14.294688227985311 12.919879289934668 11.473572412334855 0.050548495316121413 11.063850759570821 0.13827813384070328 0.033327541454186205 0.16989039898214703 0.32498050864751504 0.44081722901546433 0.034434481707413658
decision_type=10 2 2 2 2 10 2 8 2 2 2 8 2 2
left_child=5 2 3 4 -2 6 9 -8 -9 11 -11 12 -1 -13
right_child=1 -3 -4 -5 -6 -7 7 8 -10 10 -12 13 -14 -15
leaf_value=0.00092896657090726302 -0.00054060551897819624 -0.0051638726264597451 0.013712242716072066 -0.0065531756497613745 0.012384079247704911 0.0048864034415846552 -0.00019162451468766173 -0.0010803576611545115 -0.0014972807142755867 0.0018457560874855419 0.00075939985218826712 0.00075653835182392238 0.001524038446312141 -0.00033106518705925319
leaf_weight=1176540.7219944 234335.16508245468 92079.227783203125 76158.288330078125 80622.640991210938 184269.86358642578 107712.30702209473 8711171.1135749817 135961.76849365234 622273.92275619507 208464.54403686523 470059.99528503418 5899908.6368505955 113224.52850341797 5131307.3530578613
leaf_count=2129 927 26 25 49 188 223 13517 36 783 67 586 13267 36 2677
internal_value=-0.000106668 0.00631478 0.00930207 0.00565996 0.00896707 -0.000296515 -0.000370912 -0.00156287 -0.00978866 0.000497364 0.0093146 1.1793e-05 0.00563267 -0.000645398
internal_weight=2.32441e+07 667465 575386 499228 418605 2.25766e+07 2.24689e+07 9.46941e+06 758236 1.29995e+07 678525 1.2321e+07 1.28977e+06 1.10312e+07
internal_count=34536 1215 1189 1164 1115 33321 33098 14336 819 18762 653 18109 2165 15944
is_linear=0
shrinkage=0.05


Tree=174
num_leaves=15
num_cat=0
split_feature=7 2 20 25 3 21 3 21 16 19 15 21 23 9
split_gain=26595.6 23397.7 12817.9 12811.2 22716 13789.6 27578.3 27164 17042.2 28227 14622.6 26870.1 22205.6 20075.1
threshold=17.376805783880858 17.4270168375546 0.067003649777882965 -0.93301270189221919 15.328408887801364 10.83135179505072 15.150770732625224 10.954471502539871 18.314726746826736 -0.015913561776993296 19.344577984086857 10.480130275481486 -3.6944936482584798 0.35653112994742936
decision_type=2 2 10 2 2 10 2 10 2 2 2 8 8 2
left_child=1 2 3 4 -1 8 -7 -8 10 -10 -5 12 -12 -13
right_child=-2 -3 -4 5 -6 6 7 -9 9 -11 11 13 -14 -15
leaf_value=0.00054255503219820017 0.00025369527613746041 -0.0017441382444820777 -0.0005693079851239424 7.577733313344935e-05 0.0019334761679191865 -0.00027129151451091559 0.0022870969968673102 7.7426156659137594e-05 -0.0020456752312999022 -4.1144567765358292e-05 0.0086393219495584563 -0.0042600232226713821 -0.0014426027419961107 -0.00065450078207732404
leaf_weight=1321808.3132941723 989117.55029296875 90779.56640625 670415.05845689774 13688139.078141332 518768.189453125 2338402.7370524406 633313.37634277344 830089.14038085938 278912.95953369141 497418.31546020508 96583.478042602539 241107.62445068359 1230782.324131012 146961.48770141602
leaf_count=2701 143 16 886 23642 153 4619 196 211 107 179 103 108 1432 165
internal_value=0.000369236 1.77575e-05 0.000120001 0.000329209 0.00432088 -3.84751e-05 0.00267123 0.00805438 -0.000675176 -0.00790342 -0.000310877 -0.00466255 -0.00127897 -0.0162359
internal_weight=2.35726e+07 2.25835e+07 2.24927e+07 2.18223e+07 1.84058e+06 1.99817e+07 3.80181e+06 1.4634e+06 1.61799e+07 776331 1.54036e+07 1.71543e+06 1.32737e+06 388069
internal_count=34661 34518 34502 33616 2854 30762 5026 407 25736 286 25450 1808 1535 273
is_linear=0
shrinkage=0.05


Tree=175
num_leaves=15
num_cat=4
split_feature=8 28 27 11 5 21 24 29 11 3 28 29 24 10
split_gain=13768.8 26149.6 30093.3 11617.7 28961.6 14388 14178.9 15446.6 13404.8 15495.5 12587.9 11292.5 10091.6 20451.8
threshold=0.064852118826147817 0 8.5000000000000018 0.68775895724936131 16.315474838755737 9.7349787751139356 13.769584241537652 1 0.42008941318755794 12.602792325235631 2 3 0.70292538345719902 0.051858354433619906
decision_type=2 1 2 2 2 10 10 1 2 2 1 1 8 2
left_child=1 2 -1 6 5 10 12 -8 9 -9 11 -5 13 -2
right_child=3 -3 -4 4 -6 -7 7 8 -10 -11 -12 -13 -14 -15
leaf_value=0.0017168045281712463 0.00088667562962468211 -0.0024237572125681527 -0.0022375136914863647 0.0072758230657405335 -0.0097077711039924002 -0.016685977831319958 -0.006463746748453192 0.00066368325656091692 -0.00012448405555202726 0.012795722180461967 -0.011848227104615958 -0.010915184393371642 -4.5082064073686576e-05 -0.00045293252900079051
leaf_weight=139863.32389485836 2631980.2312555313 86649.573364496231 147746.57955932617 270848.00332069397 34901.85791015625 268904.81490588188 171886.74172973633 102995.36837816238 111642.04060745239 253079.78210449219 217998.88343143463 125777.30230808258 17213097.421233892 1590521.5690774918
leaf_count=125 3559 209 98 584 9 865 285 541 117 177 887 544 24139 2357
internal_value=2.8114e-05 -0.00948506 -0.00223001 0.000182957 -0.0053271 -0.0035624 0.000412201 0.00774806 0.0124583 0.0171983 0.000658004 0.00596288 0.00019331 0.00238372
internal_weight=2.33679e+07 374259 287610 2.29936e+07 918431 883529 2.20752e+07 639604 467717 356075 614624 396625 2.14356e+07 4.2225e+06
internal_count=34496 432 223 34064 2889 2880 31175 1120 835 718 2015 1128 30055 5916
cat_boundaries=0 1 2 3 4
cat_threshold=321 68 866 9
is_linear=0
shrinkage=0.05


Tree=176
num_leaves=15
num_cat=0
split_feature=7 1 19 16 2 24 20 6 14 18 16 15 26 22
split_gain=16501.6 32473.8 10465.8 19947.2 37927.5 11784.3 10207.7 22043.8 28720 30329.4 32522.1 20550.4 20264.1 17349.5
threshold=17.376805783880858 17.423965936235351 -0.058059964860614648 17.403758522100876 15.802459769609863 57.266025300758656 -0.023021820319260696 16.964547881697367 1.4739290126631273 0.33359816648213325 15.725338825051873 19.366258896332727 -0.5 19.078423754423135
decision_type=2 2 2 2 2 10 8 2 10 10 2 2 2 2
left_child=1 2 3 4 -1 6 7 8 11 12 -11 13 -10 -4
right_child=-2 -3 5 -5 -6 -7 -8 -9 9 10 -12 -13 -14 -15
leaf_value=-0.0014337864353536015 0.00015489902233026083 -0.0015359107415545447 0.0019564177754446172 0.0012891887080560629 -0.0051132243026058054 0.0055227727877584639 -7.3434107630849683e-05 -0.00080700494255064252 -0.00089663324123860806 0.0025505273738017972 0.0049291595225777118 -0.0086260686726957001 0.0024833962679601754 -0.022264988606450573
leaf_weight=588107.11651945114 887349.19873046875 118894.244140625 530328.31216430664 125266.13385009766 129585.73413085938 69059.640462875366 19081745.731888175 161304.93310546875 390108.52968120575 190783.73206329346 196094.42065429688 81539.817810058594 537079.18614578247 82897.575888037682
leaf_count=1218 128 21 680 65 37 74 29986 31 719 315 59 69 977 102
internal_value=-8.18482e-06 -0.00027446 -0.000134659 -0.00559895 -0.00881228 8.13804e-05 1.43715e-05 0.00326375 0.00469173 0.00903885 0.0207984 -0.00353032 0.00413207 -0.000394613
internal_weight=2.31701e+07 2.22828e+07 2.21639e+07 842959 717693 2.13209e+07 2.12519e+07 2.17014e+06 2.00883e+06 1.31407e+06 386878 694766 927188 613226
internal_count=34481 34353 34332 1320 1255 33012 32938 2952 2921 2070 374 851 1696 782
is_linear=0
shrinkage=0.05


Tree=177
num_leaves=15
num_cat=1
split_feature=11 28 24 14 24 17 1 10 0 11 22 4 15 0
split_gain=13582.3 19721.1 21379.2 27380 19718.2 27292.5 72603.2 21780.4 47666.8 21432.3 20498.7 27766.6 19133.4 28842.2
threshold=-0.070000168779436892 0 2.4077208795437905 2.5170742365223657 1.6020544337808504 0.24497248980684103 16.84045422280521 -0.029996462998554695 14.698311606593888 0.075648506650049172 19.612712971140649 14.648082066951638 19.217144507318054 15.802459769609863
decision_type=2 1 8 10 10 2 2 2 2 2 2 2 2 2
left_child=12 -2 3 4 7 6 10 8 -3 -10 11 -6 -1 -14
right_child=1 2 -4 -5 5 -7 -8 -9 9 -11 -12 -13 13 -15
leaf_value=0.00010901013283935303 0.00086521158776530426 -0.0023978191503143688 0.00013459607455331343 -0.006534307497043171 -0.0030722397018205618 -0.0073281624012734138 0.0025346783386633398 -0.00057996151360371971 0.00010140531853760291 0.003761379580392573 0.0030990788379885673 -0.0045225085608105254 0.0013037343225822677 0.0025024209582028465
leaf_weight=6428937.3026683331 2370534.3812818527 1064195.4131536484 5767486.8350259066 141206.69772863388 787419.03382587433 188851.76501464844 101380.65283203125 2505978.2326393127 409707.26342773438 435185.87915039062 218692.05339813232 512990.2763671875 1859631.9680202007 447577.98034667969
leaf_count=11730 5483 1811 7499 666 1418 58 17 2309 129 149 181 206 2569 112
internal_value=0.000484856 -0.000453271 -0.00126823 -0.00326603 -0.00277213 -0.0071682 -0.00507181 -0.000970578 0.00305298 0.0119199 -0.00780588 -0.0101877 0.00204232 0.00594832
internal_weight=2.32398e+07 1.45036e+07 1.21331e+07 6.36561e+06 6.2244e+06 1.80933e+06 1.62048e+06 4.41507e+06 1.90909e+06 844893 1.5191e+06 1.30041e+06 8.73615e+06 2.30721e+06
internal_count=34337 19926 14443 6944 6278 1880 1822 4398 2089 278 1805 1624 14411 2681
cat_boundaries=0 1
cat_threshold=515
is_linear=0
shrinkage=0.05


Tree=178
num_leaves=15
num_cat=0
split_feature=5 19 6 23 23 23 8 14 16 11 14 23 22 5
split_gain=14360.5 32367.6 20959.3 11235.1 37596.5 20237.1 23085.9 15008.7 15289.5 13591.5 18518.7 26866.5 20910.1 19856.3
threshold=17.131665029836004 -0.011925026231760148 16.964547881697367 5.0121942176547156 5.0069514798528703 5.5553872495854106 0.34308435479600702 0.54812476241481123 16.017805482584212 -0.063208372046369185 2.2485594647498934 -2.0808519107870547 18.66055157771083 16.207104619767552
decision_type=2 2 2 10 10 10 2 8 2 2 8 10 2 2
left_child=2 -2 3 4 7 6 -5 8 -1 -9 -11 13 -13 -12
right_child=1 -3 -4 5 -6 -7 -8 9 -10 10 11 12 -14 -15
leaf_value=-0.0030851630416910978 -0.00018143760874934445 0.00049079359879505109 -0.00087903810099991249 0.0060855410877849857 -0.076584869311674408 0.00030656605142219482 0.0011664795329055491 0.00057188048299548321 -0.012202793491859685 -0.00054772210697468134 -0.0031527214791618125 0.00073554252926311245 0.00289314710054478 -0.0070087185903699462
leaf_weight=653449.30903625488 625960.572265625 967808.38525390625 729835.00732421875 320368.99164235592 67325.83268737793 3860788.397408843 385543.53782391548 6549771.0376927853 86795.541160583496 7061082.0636940002 213352.23460388184 1507673.2937707901 374566.0507144928 44676.427001953125
leaf_count=1613 100 158 142 374 139 7730 1049 10137 130 8222 597 3699 530 12
internal_value=0.000194117 0.00477614 -0.000140022 0.000147779 -0.000457764 0.00234345 0.0101275 -0.000305536 -0.00726348 2.14619e-05 -0.00121772 0.00285656 0.0049307 -0.0122737
internal_weight=2.3449e+07 1.59377e+06 2.18552e+07 2.11254e+07 1.65587e+07 4.5667e+06 705913 1.64914e+07 740245 1.57511e+07 9.20135e+06 2.14027e+06 1.88224e+06 258029
internal_count=34632 258 34374 34232 25079 9153 1423 24940 1743 23197 13060 4838 4229 609
is_linear=0
shrinkage=0.05


Tree=179
num_leaves=15
num_cat=1
split_feature=15 10 14 0 24 14 24 25 28 11 24 14 20 20
split_gain=8289.14 8610.46 31250.3 39161.4 39213.4 37065.5 19333.8 24192.5 24081.3 21006.2 18419.3 23301.1 17811.7 24929.7
threshold=14.37666733464455 0.11389723311351392 2.3390992561901038 15.802459769609863 1.6020544337808504 1.4739290126631273 0.82582797440728506 0.25000000000000011 0 0.3330559304640755 0.54314141846829012 2.3967765170570732 -0.017405564034211597 0.035198188454513106
decision_type=2 2 10 2 10 10 8 2 1 2 10 10 8 10
left_child=-1 6 3 -3 -5 -6 7 12 -9 -10 11 -4 -2 -14
right_child=1 2 10 4 5 -7 -8 8 9 -11 -12 -13 13 -15
leaf_value=0.0046731184102024896 -0.001300647637403752 0.00029237342397632059 -0.012956463055565991 -0.00028404308690546589 0.0013995835090758345 0.0052145306591191683 -0.00027630815913811031 0.0026236321458032712 0.00067044055766969678 -0.010899942298621942 -0.0014112458449495402 -0.0041718354638219483 0.00083149401608162248 -0.0015987299228774768
leaf_weight=246903.86344814301 340222.72921466827 4317770.5918289423 67647.455593109131 412507.91650390625 382472.15393066406 343924.63391113281 12929570.89402616 510358.25157833099 1076540.9315137863 106850.99876403809 763476.81101679802 131734.66604804993 1357837.2577495575 373652.42739677429
leaf_count=896 372 7823 54 113 127 90 17862 521 1282 197 2425 520 1901 425
internal_value=-7.6308e-05 -0.000173649 0.00138261 0.00284803 0.0110955 0.018087 -0.000772058 0.0023809 0.00681332 0.00289796 -0.00692217 -0.0204547 -0.00124287 0.000812213
internal_weight=2.33615e+07 2.31146e+07 6.41953e+06 5.45668e+06 1.1389e+06 726397 1.6695e+07 3.76546e+06 1.69375e+06 1.18339e+06 962859 199382 2.07171e+06 1.73149e+06
internal_count=34608 33712 11152 8153 330 217 22560 4698 2000 1479 2999 574 2698 2326
cat_boundaries=0 1
cat_threshold=544
is_linear=0
shrinkage=0.05


Tree=180
num_leaves=15
num_cat=1
split_feature=2 10 16 2 0 23 14 23 5 23 17 30 23 0
split_gain=15693.4 35231.1 36784.8 16358.2 26510 13477.9 12035.8 10035.5 38382.2 21264.9 28063 14416.8 13605.1 11812.5
threshold=16.684754232979486 0.063754421242180961 18.179163792832941 16.533265774342059 16.684382928863482 2.4592401346601553 1.6720026075585481 5.0731261683422906 16.315474838755737 4.8593148467407357 0.012694538202729751 0 5.3190805103258505 13.357895733545574
decision_type=2 2 2 2 2 8 10 10 2 8 2 1 10 2
left_child=3 2 -2 4 7 -3 -4 9 12 -1 11 -11 13 -9
right_child=1 5 6 -5 -6 -7 -8 8 -10 10 -12 -13 -14 -15
leaf_value=-5.5844604558700792e-05 -0.0020603797310616611 0.00063676334353825377 -0.00024371063870212893 0.00095438016624172168 -0.0036428207746287636 -0.00023121346518748692 -1.421851086640502e-05 0.0025703860822936849 0.0057246672556403233 -0.040587330086172491 -0.019646547670975099 0.0030956868447041229 0.00027976354866694379 0.0075842109542689764
leaf_weight=14878157.342110872 549407.1337890625 520584.51953125 687854.44946289062 470078.75537109375 156053.33129882812 602010.2060546875 925307.43383789062 147762.92104625702 112679.88452148438 41540.918071746826 152930.54266357422 214153.29648578167 3763200.9718817472 98947.745025634766
leaf_count=24119 115 100 109 118 40 120 174 564 33 100 151 607 8121 85
internal_value=-0.000408151 -0.00361132 -0.00734194 0.000117063 -0.000104388 0.00357536 -0.0035363 6.06409e-05 0.00224994 -0.000529778 -0.0117825 -0.00164892 0.00144121 0.0128159
internal_weight=2.33207e+07 3.28516e+06 2.16257e+06 2.00355e+07 1.95654e+07 1.12259e+06 1.61316e+06 1.94094e+07 4.12259e+06 1.52868e+07 408625 255694 4.00991e+06 246711
internal_count=34556 618 398 33938 33820 220 283 33780 8803 24977 858 707 8770 649
cat_boundaries=0 1
cat_threshold=4
is_linear=0
shrinkage=0.05


Tree=181
num_leaves=15
num_cat=0
split_feature=20 10 10 16 4 7 19 14 23 11 21 11 10 11
split_gain=7756.31 20318.5 10511 9442.68 8257.71 30988 28307.7 30740.9 38723.4 29087.8 31229 26795.6 23744.5 24589.7
threshold=-0.063597480440391138 0.049083492096420905 0.17451780369894895 16.312023237142931 15.003254220103308 15.413491738038497 -0.014321172063744747 1.7253518187772425 2.5543468899421558 0.31309758310340113 9.4706546142230987 0.068390123543403861 0.17066235336080557 -0.081390816143468145
decision_type=8 2 2 2 2 2 2 10 8 2 10 2 2 2
left_child=1 3 -3 -1 5 -2 7 8 -6 10 -8 -10 13 -12
right_child=4 2 -4 -5 6 -7 9 -9 11 -11 12 -13 -14 -15
leaf_value=0.00040358394667417221 0.00012397202859485798 -0.0019152803199777024 0.001478480307065388 0.0011956218982849434 0.00046170824317578671 0.011466211809897014 -0.0028912133956011513 -0.0014642450062639248 0.00022467763461453448 0.0044139397886496304 0.00053657970303362212 -0.0021862120724728084 0.001556773537110202 -0.00030063694948845505
leaf_weight=156480.91557168961 14065800.197597742 90194.011212348938 73871.359834671021 226790.33795166016 886809.01049804688 132935.3994140625 1048440.205078125 1313759.6500244141 370340.24536132812 447193.88525390625 1456752.7930908203 453399.53442382812 423119.62182617188 2344950.2642822266
leaf_count=367 30936 105 184 106 270 52 400 402 137 161 460 145 143 657
internal_value=-5.1046e-05 0.0058313 -0.00889296 0.0121343 -0.000191374 0.000553047 -0.00140008 -0.00531254 -0.000894751 0.000668373 -0.000369916 -0.0087004 0.00154689 0.000296369
internal_weight=2.34908e+07 547337 164065 383271 2.29435e+07 1.41987e+07 8.74477e+06 3.02431e+06 1.71055e+06 5.72046e+06 5.27326e+06 823740 4.22482e+06 3.8017e+06
internal_count=34525 762 289 473 33763 30988 2775 954 552 1821 1660 282 1260 1117
is_linear=0
shrinkage=0.05


Tree=182
num_leaves=15
num_cat=0
split_feature=21 21 1 10 1 14 26 6 10 18 10 10 17 1
split_gain=15337.4 21352.9 39862.4 19422.4 40514 25335.9 30203.4 19120 17686.3 28847.4 19360.8 16830.2 40990.5 21578.6
threshold=10.83135179505072 10.657170068442776 15.031438254144009 -0.26440231926440821 14.657116740874661 2.3864374454103636 -0.9330127018922193 15.091113295066929 0.14327876101422718 0.11387300037632896 0.358561251271313 0.0059906210141562012 0.071344068163355465 16.150297738002418
decision_type=10 8 2 2 2 10 2 2 2 10 2 2 2 2
left_child=1 -1 -3 4 -2 6 7 -5 9 -7 -10 12 -8 -13
right_child=3 2 -4 5 -6 8 11 -9 10 -11 -12 13 -14 -15
leaf_value=2.1387398934218488e-06 0.00063513886719704588 -0.00048826574974412799 -0.0038259384300570994 0.0012432610048818292 0.0029961124088934625 0.00012905311584201343 0.0019680944269920577 0.0025439342845351362 0.0014249377086695142 -0.0068133716354436885 -0.011376308182514895 -0.00055016337679937425 -0.00042431201290860418 0.00089851987311084227
leaf_weight=15541137.868622899 538432.51955032349 2019709.9166214466 657142.95104980469 155995.17350387573 330081.51416015625 174476.61107301712 740998.74122905731 159872.52758789062 142777.7958946228 254142.06930541992 47204.713566303253 1093451.9279499054 731297.05172729492 904646.02612304688
leaf_count=24982 1378 3574 269 231 79 652 938 35 236 67 194 1630 184 170
internal_value=2.47876e-05 -0.000662575 -0.00478713 0.00239943 0.00923311 0.00105202 0.00258477 0.0173871 -0.00832948 -0.0139581 0.0043693 0.0012375 -0.00281886 0.00422641
internal_weight=2.34914e+07 1.8218e+07 2.67685e+06 5.27338e+06 868514 4.40486e+06 3.78626e+06 315868 618601 428619 189983 3.47039e+06 1.4723e+06 1.9981e+06
internal_count=34619 28825 3843 5794 1457 4337 3188 266 1149 719 430 2922 1122 1800
is_linear=0
shrinkage=0.05


Tree=183
num_leaves=15
num_cat=1
split_feature=23 23 0 17 0 23 21 29 15 8 24 17 24 20
split_gain=12336.6 27412.6 24130.3 21135.8 26959.7 20688.2 21336.6 18592.7 18139.3 26570.8 17259.9 20728 26262.1 27108.2
threshold=5.0731261683422906 5.5553872495854106 16.532359858528654 0.31408482136343246 16.152874941917947 4.8593148467407357 7.7970608525821339 0 19.435665480687568 0.22506985407108257 1.5968982021809051 0.016165148012919402 3.9279265651996451 -0.0080898029629855994
decision_type=10 10 2 2 2 8 8 1 2 2 8 2 10 10
left_child=5 2 -2 4 10 8 -7 -8 -1 -10 -3 -12 13 -13
right_child=1 3 -4 -5 -6 6 7 -9 9 -11 11 12 -14 -15
leaf_value=-7.1902588875257941e-05 0.0034720073106026894 0.0050614560743549759 0.0046512048637759405 -0.0039927931157937345 0.0014442191937931663 -0.075127817536940228 -0.00099808470314645382 -0.019835307497743149 0.0019460430369105917 2.0981731073465442e-05 0.0010277451183843167 -0.010899357700554507 0.00070159101254038073 0.00049737628960015311
leaf_weight=17806490.914646864 555874.4441318512 597554.28388738632 75343.629638671875 311753.89733886719 415015.53076171875 72360.160205841064 303063.8303552866 58703.964449882507 127027.45510864258 218338.77130889893 1675116.5606255531 441313.07290649414 364452.95776367188 243389.75607299805
leaf_count=24318 1151 1317 18 116 108 136 688 64 38 261 5062 441 411 307
internal_value=-5.97761e-05 0.00223472 0.0119263 0.000723704 0.00176718 -0.000637512 -0.0114242 -0.00646678 -0.000379532 0.0109698 0.000266044 -0.00142193 -0.00693287 -0.0127043
internal_weight=2.32658e+07 4.67981e+06 631218 4.0486e+06 3.73684e+06 1.8586e+07 434128 361768 1.81519e+07 345366 3.32183e+06 2.72427e+06 1.04916e+06 684703
internal_count=34436 8931 1169 7762 7646 25505 888 752 24617 299 7538 6221 1159 748
cat_boundaries=0 1
cat_threshold=11
is_linear=0
shrinkage=0.05


Tree=184
num_leaves=15
num_cat=0
split_feature=0 7 10 0 21 8 24 15 3 11 17 16 17 23
split_gain=25057.6 19909.1 11057.8 30667.2 14361.3 23890.5 21028.5 20357.9 18283.9 18041.9 34676.7 17120.2 15311 15075.2
threshold=17.419860989426706 17.376805783880858 0.096112965020435717 16.993748182993098 9.1972389891052249 0.53332814199853928 9.1560123365439328 17.115559361361957 14.179558749883988 0.2114061323056822 0.042937960574262857 14.95390290507696 0.0042353034405061508 1.1346346977615454
decision_type=2 2 2 2 8 2 8 2 2 2 2 2 2 8
left_child=1 2 -1 4 5 6 -4 -6 -7 13 11 12 -11 -9
right_child=-2 -3 3 -5 7 8 -8 9 -10 10 -12 -13 -14 -15
leaf_value=-9.2955637431303426e-05 -0.00031971073546986504 0.0023734110305756633 0.0019664485963629286 0.0010317477947997446 0.0025015048573633881 -0.00012760348279859969 0.0072386070561483344 0.0022986687753803986 -0.0078758084428386492 -0.0088802862309838564 -0.0076235988623654192 0.0014311693812285487 -0.033496946849120475 -0.0010155923486865491
leaf_weight=15639411.964645863 791926.46875 172149.5224609375 1224629.0884056091 296330.384765625 1136256.0466432571 817951.78393054008 287350.45073699951 550375.68379974365 93321.426330566406 192159.13442778587 136392.72082519531 289723.03649902344 72243.454803466797 1638578.9766528606
leaf_count=22419 115 27 1551 61 3232 2971 317 730 55 638 59 287 73 2013
internal_value=-0.000180351 0.000126692 -3.63265e-06 0.00169015 0.000966365 0.00400614 0.00786034 -0.000867956 -0.00238874 -0.00310428 -0.010151 -0.00459203 -0.0137919 -0.000881363
internal_weight=2.33388e+07 2.25469e+07 2.23747e+07 6.73531e+06 6.43898e+06 2.42325e+06 1.51198e+06 4.01573e+06 911273 2.87947e+06 690518 554126 264403 2.18895e+06
internal_count=34548 34433 34406 11987 11926 4894 1868 7032 3026 3800 1057 998 711 2743
is_linear=0
shrinkage=0.05


Tree=185
num_leaves=15
num_cat=0
split_feature=16 21 20 19 24 3 11 15 5 21 18 6 18 20
split_gain=10417.1 9238.87 8740.99 13630.4 9220.07 29885 12303.8 11577.1 15013.9 11105.2 12228.7 24724.8 14096.2 10785.8
threshold=18.650510177953056 11.44577791145767 0.067003649777882965 0.010748464346764752 -0.18930193706925849 16.3974896391274 0.12804778057018137 19.234941184331863 14.206414576292724 10.657170068442776 0.11997665445244381 15.215897328759032 0.078633980170453213 0.011366177416779403
decision_type=2 10 10 2 8 2 2 2 2 10 10 2 10 10
left_child=1 2 4 -4 5 6 9 8 -8 10 12 -12 -1 -6
right_child=-2 -3 3 -5 13 -7 7 -9 -10 -11 11 -13 -14 -15
leaf_value=-0.001866354637731016 -0.0013942259043646238 0.0066261545365351032 -0.0072532121421275929 -0.00010185439201376901 -9.5357100546814959e-06 -0.0024235399103842738 -0.0064668789484447061 0.002814536970909541 -0.013259751745652269 0.00965636765544731 -0.0016983524496459062 0.0023192751723866332 -0.0046784388213023959 0.00051775400840310671
leaf_weight=79850.761305809021 345353.37432861328 126849.72579216957 214864.90231895447 454679.55443429947 16965148.949673533 140171.65014648438 172671.2232542038 144752.76170349121 65004.32373046875 156351.40259552002 311805.99213981628 78471.718383789062 37002.614645004272 4066985.1209937334
leaf_count=414 121 298 316 556 25725 31 596 163 35 288 555 28 34 5355
internal_value=1.96803e-05 0.000149022 7.44422e-05 -0.00555433 0.000244065 -0.00404504 -0.00113953 -0.00828256 -0.0150717 0.00297767 -0.000614095 0.00363438 -0.0148036 0.000485944
internal_weight=2.336e+07 2.30146e+07 2.28878e+07 669544 2.22182e+07 1.18608e+06 1.04591e+06 382428 237676 663482 507131 390278 116853 2.10321e+07
internal_count=34515 34394 34096 872 33224 2144 2113 794 631 1319 1031 583 448 31080
is_linear=0
shrinkage=0.05


Tree=186
num_leaves=15
num_cat=0
split_feature=24 3 5 7 3 23 20 20 8 2 4 23 7 0
split_gain=9850.95 23714.4 29158.5 11563.7 10873.6 10485.3 10113.6 23147.3 18370 12380.8 15144.5 26484.9 47262.5 18131.8
threshold=13.769584241537652 16.273039820797113 15.549813916882114 14.37023687928836 12.524650943659475 13.480208117152952 0.023185659485719903 0.025141444953454203 0.19925397828363969 17.165595607188539 15.937568612521352 2.3446812918771003 16.39377301661273 15.140196249094553
decision_type=10 2 2 2 2 10 8 8 2 2 2 8 2 2
left_child=5 2 3 4 -2 6 -1 8 -8 10 13 12 -12 -9
right_child=1 -3 -4 -5 -6 -7 7 9 -10 -11 11 -13 -14 -15
leaf_value=0.0001214640166345646 -0.00074922019961140042 -0.0024008752387246167 0.0095951676337069705 -0.016328534663495882 0.0080776426025843447 0.0053219275213715576 -0.0054551823341535141 -0.00056815730238966671 -0.0016733571926499915 0.0010134574419321184 -0.002202289191173728 -0.0036726349337358128 0.00084211221833907642 0.0012802112104803422
leaf_weight=11667196.936101794 208746.09889316559 94470.995849609375 123952.9951171875 56850.94921875 225690.35955810547 114203.80179595947 94519.527345657349 7797170.2448730469 167280.89871072769 161436.3828125 372831.255859375 635014.71765136719 374242.04760742188 1336085.6115112305
leaf_count=13481 846 27 41 36 264 201 49 18318 263 30 120 181 84 594
internal_value=0.000384068 0.00618488 0.00976636 0.00429884 0.00707379 0.000202866 0.00012652 -0.000965712 -0.0156541 -0.000605544 -0.00081651 -0.00569439 0.000686944 -7.83657e-05
internal_weight=2.34297e+07 709711 615240 491287 434436 2.272e+07 2.26058e+07 1.09386e+07 261800 1.06768e+07 1.05153e+07 1.38209e+06 747073 9.13326e+06
internal_count=34535 1214 1187 1146 1110 33321 33120 19639 312 19327 19297 385 204 18912
is_linear=0
shrinkage=0.05


Tree=187
num_leaves=15
num_cat=0
split_feature=19 16 2 20 19 4 16 18 23 16 5 2 19 2
split_gain=10947.8 17442.4 26612.7 14307.3 10760.1 29268.6 18943 11667.4 12668.7 21710.6 16160.3 12459.9 10750.6 26033.6
threshold=0.034215370636019864 18.472836192843562 17.4270168375546 -0.0039738287678419996 0.041274684494610407 15.937568612521352 17.403758522100876 0.99151408075824599 -3.9999557871577749 16.204580489039632 13.568744198502733 16.035613885257231 -0.014321172063744747 14.346424655912459
decision_type=2 2 2 8 2 2 2 10 10 2 2 2 2 2
left_child=12 2 3 -2 5 -5 7 8 9 10 -6 -9 13 -1
right_child=1 -3 -4 4 6 -7 -8 11 -10 -11 -12 -13 -14 -15
leaf_value=0.0011943233527291687 -0.0013950702763132464 -0.004528242030794178 0.00045577974047077878 -0.00044951798058257583 -0.012529382604595796 -0.0038498376216747664 0.00096127618945232671 -0.0024309413815627573 0.00058256186386288476 -0.0096689344623492116 0.0043629990201363 -0.006862055088076767 0.00027080552692893928 -0.00031274772849059987
leaf_weight=4087840.276315093 229574.07909679413 163134.1936340332 72732.3125 611721.32009863853 97718.47287273407 181109.35998535156 403366.50225830078 566661.28609228134 1412208.4031963348 56646.383224487305 73049.467041015625 75860.29296875 10949449.76782167 4424953.3594970703
leaf_count=10724 265 62 10 1167 327 45 178 870 2755 54 58 21 16174 1790
internal_value=-0.000287226 -0.00268943 -0.0019987 -0.00258623 -0.00178831 -0.0069065 -0.000277295 -0.00204276 0.000195225 -0.010757 -0.0018593 -0.00775378 0.000199551 -0.00113321
internal_weight=2.3406e+07 3.94378e+06 3.78065e+06 3.70792e+06 3.47834e+06 792831 2.68551e+06 2.28214e+06 1.63962e+06 227414 170768 642522 1.94622e+07 8.51279e+06
internal_count=34500 5812 5750 5740 5475 1212 4263 4085 3194 439 385 891 28688 12514
is_linear=0
shrinkage=0.05


Tree=188
num_leaves=15
num_cat=0
split_feature=11 2 0 1 0 27 19 16 21 11 21 3 0 22
split_gain=14935.5 24990.2 16512.5 11709.4 14898.8 29738.7 31769.5 31128.9 29312 31720.5 12372.2 21009.3 14085.3 12282.7
threshold=0.68775895724936131 16.395876229078294 15.029197086270768 17.423965936235351 16.272741767951768 8.5000000000000018 -0.010786498609322749 18.36763154562799 10.817995120197638 -0.045803081300736147 11.028483519367361 16.153319173089113 15.668470468809554 18.651885674616626
decision_type=2 2 2 2 2 2 2 2 10 2 10 2 2 2
left_child=3 2 -2 4 10 7 -7 8 9 -6 11 -1 -12 -11
right_child=1 -3 -4 -5 5 6 -8 -9 -10 13 12 -13 -14 -15
leaf_value=0.00012653821208576357 -0.0075171161921430323 -0.0089239146046905683 0.0083636037906685435 -0.00017204615457889897 0.0002997726438208751 -9.1619593075501122e-05 0.0012491072507722167 -0.00082909557864302864 0.00095585300613635802 -0.0021454296100930164 0.0013331920643471758 -0.0010754213833196703 0.0064859876649411528 -2.1651953677874457e-05
leaf_weight=15709221.453811884 821292.94632065296 45696.68017578125 73143.849304199219 816752.1728515625 456700.56713867188 473412.15307617188 746204.41040039062 497246.84814453125 731174.140625 426495.69189453125 1244198.3605606556 734059.27978515625 109220.38781738281 499457.6728515625
leaf_count=28060 2883 12 35 119 104 110 175 104 159 113 2174 219 31 110
internal_value=0.00040951 -0.0057646 -0.00392202 0.00066813 0.000890066 0.00371869 0.0101647 0.000707806 0.00335566 -0.000926 0.000281213 -9.70079e-05 0.00487638 -0.00624469
internal_weight=2.33843e+07 940133 894437 2.24441e+07 2.16274e+07 3.83069e+06 1.21962e+06 2.61107e+06 2.11383e+06 1.38265e+06 1.77967e+07 1.64433e+07 1.35342e+06 925953
internal_count=34408 2930 2918 31478 31359 875 285 590 486 327 30484 28279 2205 223
is_linear=0
shrinkage=0.05


Tree=189
num_leaves=15
num_cat=0
split_feature=21 8 20 23 27 4 14 3 15 24 6 11 20 24
split_gain=10669.9 10377.3 35042.4 46902.1 28295.7 14002 12911.8 32348.8 28370.5 26460.3 22366.1 18377.3 22220.4 15593.9
threshold=11.44577791145767 0.079084972427515068 0.025642384699198401 2.3158080270847505 10.500000000000002 15.474442394707193 1.4601957803951482 16.536937448267057 19.250863594461013 1.9489560573862301 17.129815940530211 0.050548495316121413 0.021089878290802406 9.4029902889189376
decision_type=10 2 8 10 2 2 10 2 2 10 2 2 8 10
left_child=1 2 3 -1 5 -4 7 13 -8 10 11 12 -10 -3
right_child=-2 6 4 -5 -6 -7 8 -9 9 -11 -12 -13 -14 -15
leaf_value=-0.0014226605510970214 0.0064225754674712299 -0.0004616782327637038 0.0026860798729866206 0.00025353946651277275 -0.00027424179364823328 0.0020943479318084246 1.9564791668622064e-05 -0.002318974148323646 0.0030223570356570102 0.0012940559003022831 0.00085710711859541535 -0.0024367357124145048 -0.002827590879622653 0.002664184577190087
leaf_weight=277651.28689193726 127348.96642065048 9386830.7855736017 58377.450670480728 271722.99465274811 67887.804368495941 47823.776611328125 9570076.846955061 331435.58227539062 241577.07760620117 1147522.3309631348 255896.08056640625 379016.75398254395 206467.55460357666 872011.03038787842
leaf_count=97 298 14456 274 115 72 11 16519 78 164 712 43 292 204 1151
internal_value=0.000249823 0.000170304 -0.00572353 -0.0119181 0.0138247 0.0299414 0.000360738 -0.000906697 0.00149818 0.00657639 0.000970518 -0.00302637 0.00382869 -0.000409995
internal_weight=2.32416e+07 2.31143e+07 723463 549374 174089 106201 2.23908e+07 1.05903e+07 1.18006e+07 2.23048e+06 1.08296e+06 827061 448045 1.02588e+07
internal_count=34486 34188 569 212 357 285 33619 15685 17934 1415 703 660 368 15607
is_linear=0
shrinkage=0.05


Tree=190
num_leaves=15
num_cat=0
split_feature=8 17 23 25 16 22 11 11 24 23 2 22 9 4
split_gain=11086.6 35361.5 28775.1 27923.6 19322.5 20967.7 15147.6 9789.85 19918.9 18916.9 18679 20164.4 27314.5 25024.1
threshold=0.096798193245150224 0.24497248980684103 2.4308761225760551 -0.5 18.342196337377381 17.396444931912352 -1.0000000180025095e-35 0.12804778057018137 0.48034932442572503 1.1346346977615454 16.842637334131179 17.219696843575843 0.63261438802544501 13.742861480680888
decision_type=2 2 10 2 2 2 2 2 8 8 2 2 2 2
left_child=1 2 6 -4 5 -5 -1 8 9 -2 11 13 -13 -9
right_child=7 -3 3 4 -6 -7 -8 10 -10 -11 -12 12 -14 -15
leaf_value=-0.0011110324459109569 0.0014660809699664932 -0.0020533260909152422 0.0024135040269800596 -0.0011228187695258691 -0.0020154624669469442 0.0049653732715730422 2.6287057709180412e-05 0.00022934082695474876 4.7243409368563633e-05 9.6161307542622204e-05 -0.00074832984015772849 0.0015393306418421604 -0.0069773203842419008 -0.0027808846024225116
leaf_weight=254261.79507064819 1000395.0077600479 372921.24060058594 174507.56425511837 116990.83524119854 92388.203247070312 78504.164858698845 180187.83668756485 1813834.6681275368 12914673.530845404 1280669.6619520187 418301.93286132812 2639048.0164432526 990740.58306121826 1238633.4817810059
leaf_count=147 1267 90 160 149 17 146 104 5808 18487 1862 72 2541 2984 744
internal_value=0.000129288 -0.00441517 0.000965366 0.00964669 8.02556e-05 0.00898525 -0.00827429 0.000388092 0.00110428 0.00541168 -0.0011446 -0.000502976 0.00201578 -0.00349811
internal_weight=2.35661e+07 1.26976e+06 896840 462391 287883 195495 434450 2.22963e+07 1.51957e+07 2.28106e+06 7.10056e+06 6.68226e+06 3.62979e+06 3.05247e+06
internal_count=34578 813 723 472 312 295 251 33765 21616 3129 12149 12077 5525 6552
is_linear=0
shrinkage=0.05


Tree=191
num_leaves=15
num_cat=2
split_feature=29 0 21 9 11 16 28 20 24 4 0 18 4 18
split_gain=9116.89 27248.1 13631.6 21715.7 16272.1 26681.9 21512.5 29166.2 28145.4 21823.3 29657.1 27480.4 21505 19245.7
threshold=0 16.03763924788834 11.104263422778596 0.13827813384070328 0.12804778057018137 18.472836192843562 1 -0.012482423216461848 0.48034932442572503 17.181523356598721 16.84045422280521 0.50981340312335688 16.166066284103554 0.76299320854494446
decision_type=1 2 8 2 2 2 1 8 8 2 2 10 2 10
left_child=2 -2 4 -4 6 13 8 12 -1 10 11 -9 -8 -6
right_child=1 -3 3 -5 5 -7 7 9 -10 -11 -12 -13 -14 -15
leaf_value=0.00081101804876844712 -0.00067328905785897042 -0.014618410070709449 -0.00081217914215462163 -0.00011921033268268856 0.00066301805890696787 -0.0032508264215726579 0.0027087161212529199 -0.00050568253125909469 0.00042871035711705761 -0.0073676982927786856 0.0036653654658624548 -0.0095683476008150015 0.003996024433165035 -0.00090649909806008811
leaf_weight=1244451.0394363403 5115459.3682394028 74012.45556640625 165222.18745422363 917278.20654916763 3168129.7077043056 243564.09973144531 587000.39360892773 2856276.0889729261 6425711.940656662 87495.890869140625 178451.0625 151583.79589080811 130886.20092773438 2007312.3732032776
leaf_count=791 12491 27 75 1158 5481 88 874 5387 5790 17 38 213 35 1926
internal_value=0.000478325 -0.00136992 0.00100639 -0.0044347 0.00135122 -0.000912699 0.00240321 -0.000573629 0.00395241 -0.00257503 -0.00189855 -0.0030735 0.00855342 -0.000151582
internal_weight=2.33528e+07 5.18947e+06 1.81634e+07 1.0825e+06 1.70809e+07 5.41901e+06 1.16619e+07 3.99169e+06 7.67016e+06 3.27381e+06 3.18631e+06 3.00786e+06 717887 5.17544e+06
internal_count=34391 12518 21873 1233 20640 7495 13145 6564 6581 5655 5638 5600 909 7407
cat_boundaries=0 1 2
cat_threshold=29 904
is_linear=0
shrinkage=0.05


Tree=192
num_leaves=15
num_cat=1
split_feature=7 9 26 9 11 11 19 8 1 8 7 10 0 30
split_gain=13134.7 16084 29232.7 13223.1 24190 24382.1 14417.3 14711.3 34067.9 14519.5 34108.6 10245.7 35907.5 18944.8
threshold=17.376805783880858 0.11263565210970426 1.0000000180025095e-35 0.13827813384070328 -0.091611451029473642 0.050548495316121413 -0.058059964860614648 0.096798193245150224 15.255753935927729 0.23857776118454019 15.773853429635489 0.12817914883059969 16.03763924788834 0
decision_type=2 2 2 2 2 2 2 2 2 2 2 2 2 1
left_child=1 2 -1 4 -3 -6 9 8 -8 -5 -11 13 -13 -9
right_child=-2 3 -4 6 5 -7 7 11 -10 10 -12 12 -14 -15
leaf_value=-0.0014145450278783172 0.0001926783409986712 -0.0003716701426240449 3.6738707911257337e-05 0.0001449099780852867 0.0013978480426737891 -0.00027122221491944043 0.0026167205013823431 8.2851835377282916e-05 -0.0020104375531260843 -0.0039022999901581461 -0.0072083245543332428 0.00034888844264099449 0.0020228030305186233 -0.0029179948141915628
leaf_weight=329501.96157836914 921363.091796875 202408.64045715332 377908.72286987305 237359.75482559204 368079.95411682129 237914.16226196289 159582.8503164053 12554009.370158792 254178.65014648438 476874.88682317734 78886.668212890625 4677246.1684515476 773526.40625 1628106.1626553535
leaf_count=195 134 106 208 184 154 125 354 18122 63 1089 23 10120 215 3439
internal_value=0.000345853 0.000104729 -0.00731433 0.000347166 0.00662138 0.01162 0.000103781 0.000365368 -0.00896486 -0.00650798 -0.0109291 0.000562002 0.00240443 -0.000146119
internal_weight=2.32769e+07 2.23556e+07 707411 2.16482e+07 808403 605994 2.08398e+07 2.00466e+07 413762 793121 555762 1.96329e+07 5.45077e+06 1.41821e+07
internal_count=34531 34397 403 33994 385 279 33609 32313 417 1296 1112 31896 10335 21561
cat_boundaries=0 1
cat_threshold=9
is_linear=0
shrinkage=0.05


Tree=193
num_leaves=15
num_cat=1
split_feature=2 22 19 20 9 14 20 3 6 10 29 8 23 4
split_gain=13065.2 37738.9 32465.7 18434.7 14140 18454 13690 36848.4 14587.8 10110.2 8599.76 7910.71 27057.2 32675.4
threshold=16.842637334131179 19.612712971140649 -0.019356527226552598 1.0000000180025095e-35 0.099641508914028162 1.5533272473917241 -0.061618572315373245 15.150770732625224 14.440854144261182 -2.5374914540929998 0 0.19925397828363969 2.4592401346601553 15.103985640381827
decision_type=2 2 2 8 2 8 8 2 2 2 1 2 10 2
left_child=4 2 -2 -4 5 -1 7 8 10 -8 -6 12 -11 -14
right_child=1 -3 3 -5 6 -7 9 -9 -10 11 -12 -13 13 -15
leaf_value=-0.00051251148720303865 -0.00035785718934128988 -0.00058876123865452825 0.00077032904013776653 -8.7748825886455024e-05 0.0078969413114523095 0.0055199118798608289 -0.084055214920667143 0.0018984310385311738 -0.0051966767362801392 0.00018702369552373423 -0.0048861634126038502 0.00025131924459056613 -0.00022249996122204044 -0.0028480510023083665
leaf_weight=68596.607727050781 549150.921875 746915.23999023438 786636.85888671875 648810.7001953125 88745.537139892578 62816.76481628418 164247.00483083725 209751.89636230469 73832.333862304688 2048895.7965393066 173649.22179841995 15630569.583001137 1351129.3690556288 834652.81176757812
leaf_count=29 101 126 137 130 171 197 1199 72 45 1348 550 28329 1764 300
internal_value=8.89129e-05 -0.00316136 0.000444112 0.00439958 0.000517667 0.0168667 0.000413248 0.00822491 -0.00203464 0.000200311 0.00348987 0.000302456 -0.00161448 -0.005484
internal_weight=2.34384e+07 2.73151e+06 1.9846e+06 1.43545e+06 2.07069e+07 131413 2.05755e+07 545979 336227 2.00295e+07 262395 1.98652e+07 4.23468e+06 2.18578e+06
internal_count=34498 494 368 267 34004 226 33778 838 766 32940 721 31741 3412 2064
cat_boundaries=0 1
cat_threshold=1
is_linear=0
shrinkage=0.05


Tree=194
num_leaves=15
num_cat=0
split_feature=16 18 8 10 18 0 7 22 15 8 9 0 24 8
split_gain=13827.2 34185.5 17479.9 35307.3 33530.6 28765 42455.9 26796.6 29920.7 28832.9 25232.1 25011.3 20595.2 35503.9
threshold=18.534756489305497 0.31437157538871791 0.19221792523455603 -0.21327881188719727 0.73594580878816873 16.03763924788834 16.203243434593986 19.612712971140649 19.284222484924129 0.14137066746495244 0.19850244440611808 16.684382928863482 1.7293231743809152 0.16368538215422643
decision_type=2 10 2 2 10 2 2 2 2 2 2 2 8 2
left_child=2 -2 3 11 7 6 -4 8 10 -9 -5 -1 13 -12
right_child=1 -3 5 4 -6 -7 -8 9 -10 -11 12 -13 -14 -15
leaf_value=-0.0014031896303307392 -0.00048140614796770296 0.00080440170131443496 0.00022352921598843214 -0.00011512800919206475 -0.0024220670385898275 0.00068665137398746722 -0.0046040985930158092 -0.0019937250750542241 0.00068684941701410414 9.473693768724634e-05 0.0032150474065392046 -0.0035466091972084705 -0.00020798281562225995 -0.0005109211859743323
leaf_weight=292836.65745985508 368742.49816894531 313810.6455078125 14853272.806375146 2547368.7782897949 850274.09914779663 1725491.6374511719 225339.49072265625 339452.97030639648 703404.0456237793 252959.36402893066 285870.34747695923 103868.71728515625 416160.18692398071 175234.81627655029
leaf_count=400 194 47 29861 1590 404 450 63 133 247 107 234 17 550 167
internal_value=0.000258017 0.00727023 4.78331e-05 -0.00227682 -0.00125049 0.000873357 0.000173563 0.000395864 0.00182298 -0.00954852 -0.000106234 -0.016689 0.00720718 0.0144853
internal_weight=2.34541e+07 682553 2.27715e+07 5.96743e+06 5.57072e+06 1.68041e+07 1.50786e+07 4.72045e+06 4.12804e+06 592412 3.42463e+06 396705 877265 461105
internal_count=34464 241 34223 3849 3432 30374 29924 3028 2788 240 2541 417 951 401
is_linear=0
shrinkage=0.05


Tree=195
num_leaves=15
num_cat=2
split_feature=17 20 3 29 5 19 20 28 23 19 19 17 23 4
split_gain=10443.1 10704.2 23792.6 9150.57 28984.7 18740.2 28896.9 30710.7 24251.1 20152.7 18520.3 17225.2 16999 30705.7
threshold=0.66252544723962614 -0.065599494673786576 15.150770732625224 0 16.088345866970069 -0.018812029140904147 -0.014965046821651048 1 2.5830001599057755 -0.017991666024770748 0.016262469629360007 0.44081722901546433 2.6039781056343654 14.953516001606376
decision_type=2 8 2 1 2 2 8 1 8 2 2 2 8 2
left_child=1 2 -1 5 -5 8 7 -7 -3 -8 -9 12 -11 -14
right_child=-2 3 -4 4 -6 6 9 10 -10 11 -12 -13 13 -15
leaf_value=-0.00068849594153525396 -0.00015312476816257823 -0.0011443675692806804 0.0015888041000041147 -0.00072404036062545605 -0.023008755308021208 0.0062996550473664375 0.00054809570267820682 0.0013625925875857504 6.5263050174248615e-05 0.00037649281423170764 -0.0013099440426633088 0.0017891449542114695 0.00058089003933318691 -0.00078653229465966304
leaf_weight=265900.52907180786 389000.61682128906 1874007.5166702271 195355.09582519531 4946449.0533223152 51793.78466796875 269591.91533613205 247108.31072235107 350124.43787097931 2825001.2874909639 5614813.400121212 85511.560329437256 336452.88311767578 3832475.8814097643 2172099.0668334961
leaf_count=635 137 2038 61 12067 18 208 310 431 3842 6054 100 148 7766 771
internal_value=0.000291441 0.000428448 0.00796876 0.000274591 -0.0016135 0.000810574 0.00179477 0.0116356 -0.00189302 0.00122606 0.00342709 0.00093394 0.000610992 -0.00123835
internal_weight=2.34557e+07 2.30667e+07 461256 2.26054e+07 4.99824e+06 1.76072e+07 1.29082e+07 705228 4.69901e+06 1.22029e+07 435636 1.19558e+07 1.16194e+07 6.00457e+06
internal_count=34586 34449 696 33753 12085 21668 15788 739 5880 15049 531 14739 14591 8537
cat_boundaries=0 1 2
cat_threshold=29 544
is_linear=0
shrinkage=0.05


Tree=196
num_leaves=15
num_cat=2
split_feature=11 4 2 28 19 16 16 28 14 16 22 4 3 11
split_gain=15347.4 34312.1 28989.5 22124.7 21950.9 41224.9 29036.6 19251 17531.2 26406.5 45252.6 29547.2 21138.2 17288.9
threshold=-0.12235937657627534 16.166066284103554 16.150297738002418 0 0.023412783306648553 18.36763154562799 18.407908271991452 1 2.3474724148787502 18.472836192843562 19.450328062977167 15.671112823407698 14.79341559639948 -0.006194589326005499
decision_type=2 2 2 1 2 2 2 1 10 2 2 2 2 2
left_child=1 2 7 4 6 -6 -2 -1 13 10 11 12 -10 -5
right_child=3 -3 -4 8 5 -7 -8 -9 9 -11 -12 -13 -14 -15
leaf_value=-0.0019025625559154276 0.00091281239534387953 0.00045391246180293243 -0.0029435664868081002 -0.00066993382833335725 0.00036273850012709277 -0.0055869943688317391 0.0013478665991882906 0.0010517118547206221 -0.0096620543417432828 -0.0089687082543407643 0.0032361313402568767 -0.0053229430052313606 0.0030200387821751628 2.128869572655952e-05
leaf_weight=1316387.0805950165 1754968.6295623779 1222971.0510253906 104484.95336914062 3052293.7762570381 579030.4994468689 113391.08631896973 247581.82943725586 4376945.6711331606 416365.5097413063 102402.716796875 98457.310607910156 143272.13903808594 179321.86315917969 9737770.5539842844
leaf_count=4012 4424 286 33 2788 1511 37 97 8230 1947 34 45 47 91 10967
internal_value=0.000367359 0.00232402 0.000718641 -0.000469012 0.00367302 -0.00400103 0.00632649 0.0011976 -0.00128203 -0.00787311 -0.00494229 -0.00918491 -0.00428161 -0.000797718
internal_weight=2.34456e+07 7.02079e+06 5.79782e+06 1.64249e+07 2.69497e+06 692422 2.00255e+06 5.69333e+06 1.37299e+07 939820 837417 738960 595687 1.27901e+07
internal_count=34549 12561 12275 21988 6069 1548 4521 12242 15919 2164 2130 2085 2038 13755
cat_boundaries=0 1 2
cat_threshold=515 519
is_linear=0
shrinkage=0.05


Tree=197
num_leaves=15
num_cat=1
split_feature=21 23 21 11 3 5 24 3 2 2 21 5 28 15
split_gain=18609 27405.9 32679.4 61952.9 22918.5 22973.1 17869.5 16090 25394.2 18716.3 16346.5 43520.4 14864.5 14164.2
threshold=11.037231308731972 -1.5563709029689499 11.104263422778596 0.18710667239654463 16.690778174436563 16.623495956216509 5.5156877989882709 17.445700346247609 17.4270168375546 17.165595607188539 10.954471502539871 14.69536293825468 0 19.381805013860188
decision_type=10 10 10 2 2 2 10 2 2 2 8 2 1 2
left_child=7 -2 3 4 5 -3 13 8 9 10 -1 -12 -8 -4
right_child=1 2 6 -5 -6 -7 12 -9 -10 -11 11 -13 -14 -15
leaf_value=1.6784898986209128e-05 -0.0022541108680899746 0.0071782414992411121 -3.4030410244123473e-05 -0.0055906494376313015 0.0027972513860894917 -0.00072567008060947904 0.0039631258671812709 0.00046860211774387214 -0.0010820441348846285 0.00037646351887369873 0.0018812305751611887 -0.0040284910617372173 0.00085357816993813368 -0.0017902327875877902
leaf_weight=19334276.571748853 216911.91581726074 272571.02786922455 954091.43419599533 136037.45376586914 295033.93872070312 84433.35888671875 123241.53093719482 405542.19140625 145113.1142578125 534210.90576171875 469308.77846050262 325017.06799316406 145422.78691291809 69876.02880859375
leaf_count=30961 99 401 1418 138 56 20 97 64 24 99 951 100 156 52
internal_value=0.000722451 0.00499672 0.00675987 0.0147851 0.0211884 0.0126667 0.00186717 0.000259508 6.72666e-05 0.000213647 -3.15049e-05 -0.00706126 0.0133441 -0.00114411
internal_weight=2.35111e+07 2.29762e+06 2.08071e+06 788076 652038 357004 1.29263e+06 2.12135e+07 2.08079e+07 2.06628e+07 2.01286e+07 794326 268664 1.02397e+06
internal_count=34636 2437 2338 615 477 421 1723 32199 32135 32111 32012 1051 253 1470
cat_boundaries=0 1
cat_threshold=320
is_linear=0
shrinkage=0.05


Tree=198
num_leaves=15
num_cat=1
split_feature=8 5 0 28 2 4 0 24 1 11 21 14 14 23
split_gain=9596.62 15464.3 18829.2 12490.7 14148.8 12434.3 21732.7 21516.1 16168.3 15854.4 15802.1 14915.8 14596.8 28166.7
threshold=0.70281923119930045 14.136953208379738 13.570058183101773 0 13.130303766881843 12.565189524910139 14.062157545637962 -1.8434447414988349 14.168908082749139 -0.41064458705580703 7.9083241265977566 1.0877509185762508 1.4424560335824832 6.7582366309950865
decision_type=2 2 2 1 2 2 2 10 2 2 10 10 10 10
left_child=5 2 3 4 -2 -1 -7 -8 -9 -10 11 -11 -12 -14
right_child=1 -3 -4 -5 -6 6 7 8 9 10 12 -13 13 -15
leaf_value=0.0028369745274459575 0.0028379004181910052 -0.0075592491938785743 0.010433446650131156 -0.0093945154746955944 -0.013961935950667557 -0.0012117282948350681 0.0066066268765349575 0.003047398563209726 0.0036865108904809139 -0.00018026202000170159 -0.00058997934035451825 0.0021881675005292964 7.1301561257330197e-06 0.0035813909743730291
leaf_weight=2485768.1809312105 1824424.0780702829 330044.42431640625 322122.39678955078 1377685.4962701797 302046.89266967773 4073487.7810058594 313368.80700683594 821271.72033691406 395088.03161621094 193520.78424072266 2755099.8203735352 205385.42492675781 7623165.5000610352 407649.47711181641
leaf_count=9018 7232 216 374 6979 405 4935 190 680 199 116 1351 93 2683 158
internal_value=0.000590394 -0.00158868 -0.000692941 -0.00175639 0.000646412 0.0010603 0.000571619 0.00158988 0.00126292 0.000782121 0.000434405 0.0102069 7.29784e-05 0.00115033
internal_weight=2.34301e+07 4.15632e+06 3.82628e+06 3.50416e+06 2.12647e+06 1.92738e+07 1.6788e+07 1.27145e+07 1.24012e+07 1.15799e+07 1.11848e+07 398906 1.07859e+07 8.03081e+06
internal_count=34629 15206 14990 14616 7637 19423 10405 5470 5280 4600 4401 209 4192 2841
cat_boundaries=0 1
cat_threshold=283
is_linear=0
shrinkage=0.05


Tree=199
num_leaves=15
num_cat=0
split_feature=7 9 0 5 8 22 6 7 16 2 16 10 14 24
split_gain=21955.6 14047.8 21812.3 17636.8 13056.2 34374.2 19007.7 19514.3 13628.4 34924.6 22272.4 22217.9 19035.4 16030.1
threshold=17.376805783880858 0.11263565210970426 16.532359858528654 17.131665029836004 0.12460012248063866 19.593415907659992 16.419896991757508 14.563901574557894 18.213483320293424 16.996524025785622 18.342196337377381 0.0087459878308173023 2.3753785055257124 1.4547165740020251
decision_type=2 2 2 2 2 2 2 2 2 2 2 2 10 10
left_child=1 2 -1 4 5 6 7 -3 9 -6 11 -10 13 -12
right_child=-2 3 -4 -5 8 -7 -8 -9 10 -11 12 -13 -14 -15
leaf_value=0.00087014840351000888 0.00029867557470994032 0.0013231376089410747 -0.00056846510245391871 0.0003544178693430087 3.3159956995457562e-05 -0.0060627977335696833 0.00010039738631226474 -0.0012639425327710667 0.0019130914638894798 -0.0028015920960680393 -0.00020254446419873496 -0.00022712571442567243 -0.0025502087870902957 0.0048399745762483203
leaf_weight=198862.43473815918 956261.15673828125 296377.00466072559 551402.69799804688 588691.78955078125 18070580.316380024 149610.96680450439 307334.47143554688 531434.64672851562 422075.54113769531 109185.8330078125 378619.54055786133 228586.40240478516 344699.64892578125 315334.38656616211
leaf_count=296 138 643 111 110 31935 96 69 234 181 23 226 150 140 217
internal_value=0.000391889 7.64277e-05 -0.00665024 0.000308544 7.09829e-05 -0.00481399 -0.00184484 -0.00578713 0.000386851 -1.23248e-05 0.00468263 0.0119363 0.000138604 0.00490918
internal_weight=2.34491e+07 2.24928e+07 750265 2.17425e+07 2.11538e+07 1.28476e+06 1.13515e+06 827812 1.98691e+07 1.81798e+07 1.68932e+06 650662 1.03865e+06 693954
internal_count=34569 34431 407 34024 33914 1042 946 877 32872 31958 914 331 583 443
is_linear=0
shrinkage=0.05


Tree=200
num_leaves=15
num_cat=0
split_feature=21 19 24 22 3 22 25 10 19 8 16 22 10 15
split_gain=10517.5 29611.5 24481.9 22318.5 28217.4 27804.7 22679.7 20112.4 26031.6 34130.4 25336.4 29834.1 26230.1 38927.3
threshold=10.83135179505072 -0.035637932706194649 2.2922532850629858 19.617331230798943 17.445700346247609 19.607205262989968 1.0000000180025095e-35 0.17879510618564873 -0.018468429717034846 0.26764680133063945 16.99325722950546 16.964017972763202 0.042949091005053355 17.950196819742171
decision_type=10 2 10 2 2 2 2 2 2 2 2 2 2 2
left_child=-1 2 -2 4 5 7 -5 8 9 -3 11 -10 13 -12
right_child=1 3 -4 6 -6 -7 -8 -9 10 -11 12 -13 -14 -15
leaf_value=9.1305202917896127e-06 -0.00432040042040215 0.0013994753621933967 -6.1169967693134239e-05 -0.0010658528087646264 0.0019241235442399585 0.0033447969410058706 7.8942983735690568e-05 -0.0023554068063411466 0.0010104804794399363 3.7843624966754668e-05 0.0026840119416579157 0.0024508577351274041 0.00083113504302370362 -0.0023862351587097064
leaf_weight=18037522.940421462 235312.1739988327 277266.6695022583 376070.77048778534 272517.3498840332 481978.0478515625 222558.31326293945 345089.69046020508 616272.07475209236 998382.69097566605 251920.12658166885 206839.82934570312 397589.43909454346 250751.45175933838 321520.40539550781
leaf_count=28717 271 194 426 113 72 122 137 1123 2062 479 257 323 142 76
internal_value=0.000632859 0.00260151 -0.00774229 0.00396366 0.00532161 0.00377756 -0.00488646 0.00263085 0.00448847 0.014434 0.00206877 0.00610026 -0.00515465 -0.0114748
internal_weight=2.32916e+07 5.25407e+06 611383 4.64269e+06 4.02508e+06 3.5431e+06 617607 3.32054e+06 2.70427e+06 529187 2.17508e+06 1.39597e+06 779112 528360
internal_count=34514 5797 697 5100 4850 4778 250 4656 3533 673 2860 2385 475 333
is_linear=0
shrinkage=0.05


Tree=201
num_leaves=15
num_cat=0
split_feature=19 18 23 7 7 26 14 2 14 19 21 7 10 18
split_gain=12544.7 16892.5 17766.1 22892.2 23806 19643.3 23804.5 33697.6 23214.2 22342.2 20745 20413.8 29930 25915.2
threshold=0.026742964172620756 0.22854701975735484 1.4743159764435603 15.156395737790072 15.773853429635489 1.0000000180025095e-35 2.3659437737977824 16.842637334131179 2.3300545347507993 0.023412783306648553 10.521641313954829 15.341005383859821 0.054734134884702308 0.56513799080747829
decision_type=2 8 8 2 2 2 10 2 10 2 10 2 2 10
left_child=1 -1 3 -3 -5 6 8 10 9 -4 -8 -7 13 -13
right_child=-2 2 5 4 -6 11 7 -9 -10 -11 -12 12 -14 -15
leaf_value=-0.00031425410568251236 -0.00034453629715792776 0.00051129969474721126 0.00041681533177956548 0.006597386860320395 0.00036632420675943744 0.00047922700995359441 0.005274064734911408 0.0014502098644097587 -0.0022014232305522809 0.0026764543828093103 -0.0051223687691764009 -4.939267311622679e-05 0.00017290577450176526 -0.0040432408788306324
leaf_weight=6950253.5002328157 4967022.6575248241 1702216.5876655579 3137168.2348508835 344162.32055664062 918347.18579101562 2643071.3742659092 118077.93413257599 107448.72021484375 111757.03609466553 176539.84957885742 85927.747047424316 470227.57397460938 687905.49365234375 705469.86157226562
leaf_count=16411 7402 2525 2891 148 225 3711 381 19 38 147 61 102 175 202
internal_value=7.88714e-05 0.000687932 0.00188883 0.00520825 0.0103099 0.000695035 0.00337538 0.0166098 0.00217206 0.00292796 0.004674 -0.0015275 -0.00553507 -0.010382
internal_weight=2.31256e+07 1.81586e+07 1.12083e+07 2.96473e+06 1.26251e+06 8.24359e+06 3.73692e+06 311454 3.42547e+06 3.31371e+06 204006 4.50667e+06 1.8636e+06 1.1757e+06
internal_count=34438 27036 10625 2898 373 7727 3537 461 3076 3038 442 4190 479 304
is_linear=0
shrinkage=0.05


Tree=202
num_leaves=15
num_cat=3
split_feature=29 1 0 1 1 27 7 4 3 11 28 22 28 14
split_gain=8045.76 24933.5 21042.4 17982.4 14998.9 15847.4 16907.1 14417 13905.1 12693.2 19650.8 20770.8 19300.6 21548.6
threshold=0 16.150297738002418 16.152874941917947 15.319488255298628 15.195512925607076 4.5000000000000009 15.211416453830568 14.436030834377304 14.421288347762045 -0.14652427829735695 1 19.607205262989968 2 2.5304234000068475
decision_type=1 2 2 2 2 2 2 2 2 2 1 2 1 10
left_child=9 2 3 4 5 -2 7 8 -7 10 11 -1 -11 -14
right_child=1 -3 -4 -5 -6 6 -8 -9 -10 12 -12 -13 13 -15
leaf_value=0.00093632766208608337 0.002080246016391122 -0.015124637216187868 -0.013872887347441194 0.0028703206325506308 -0.0058613546849792583 -0.0034128253066058561 0.0037483867976486232 -0.0059782001719075138 0.0054340110439858721 0.0005790251531026916 -0.000821354328040611 0.0021405777143265517 -2.4916109338896918e-05 -0.0051180121778491147
leaf_weight=2783313.6735748053 1572869.7969835997 55667.80810546875 41112.994384765625 424073.38708496094 102846.22729492188 2435885.78640306 71454.419311523438 393412.07684326172 135515.35363769531 2550368.5301146507 1361720.2344170809 253532.46614074707 10979972.465475082 153029.98347902298
leaf_count=3749 4204 20 15 179 50 7801 31 276 102 4454 3047 137 10037 423
internal_value=0.000396107 -0.00133049 -0.000972605 -0.000687407 -0.00157497 -0.00115358 -0.00326374 -0.00384297 -0.00247918 0.000895778 0.00323233 0.0054702 0.000144687 -0.000754097
internal_weight=2.33148e+07 5.23284e+06 5.17717e+06 5.13606e+06 4.71198e+06 4.60914e+06 3.03627e+06 2.96481e+06 2.5714e+06 1.80819e+07 4.39857e+06 3.03685e+06 1.36834e+07 1.1133e+07
internal_count=34525 12678 12658 12643 12464 12414 8210 8179 7903 21847 6933 3886 14914 10460
cat_boundaries=0 1 2 3
cat_threshold=29 360 643
is_linear=0
shrinkage=0.05


Tree=203
num_leaves=15
num_cat=1
split_feature=21 4 19 16 5 19 6 28 16 18 19 21 2 2
split_gain=8752.76 8547.13 21995.3 24562.4 23999.5 23835.4 22530 19161.6 30951.3 24767.1 28833.9 23661.2 56477.5 38682.8
threshold=11.44577791145767 13.742861480680888 -0.014321172063744747 18.284852716366021 16.623495956216509 -0.0083378322809124477 16.30949344286088 0 15.738107061301703 0.33359816648213325 0.0016775896035682502 11.063850759570821 17.165595607188539 16.684754232979486
decision_type=10 2 2 2 2 2 2 1 2 10 2 8 2 2
left_child=1 -1 3 4 6 -4 -3 8 -7 10 -9 12 13 -11
right_child=-2 2 5 -5 -6 7 -8 9 -10 11 -12 -13 -14 -15
leaf_value=0.001028166542587109 0.0047828131020743025 -0.00074099715524749939 0.0017143922992772587 -0.00083126891927793451 0.00012919306074981397 -0.0080674344262918491 -0.001296693031050671 -0.0021015552989678723 0.00042954376819843114 0.00022284484731915902 -0.00052080642343379461 -0.0017742348685564067 0.00092550154225091693 -0.0020373668057200802
leaf_weight=8842987.8751629591 123724.29529285431 3468504.4097595215 1074310.1392211914 1020785.5065307617 533091.8203125 262284.03189086914 232865.138671875 262433.54553222656 2553102.0042419434 2987245.0801086426 1038581.7464294434 456047.19000244141 233551.83837890625 270670.19775390625
leaf_count=27133 287 2138 510 266 111 220 63 151 1006 1683 640 152 38 60
internal_value=-2.91657e-05 -9.97889e-05 -0.000851432 -0.00342886 -0.00175053 0.000630806 -0.00317907 -0.00030125 0.00302659 -0.00208635 -0.00806923 -0.000114529 0.0012845 -0.00041815
internal_weight=2.33602e+07 2.32365e+07 1.43935e+07 5.25525e+06 4.23446e+06 9.13823e+06 3.70137e+06 8.06392e+06 2.81539e+06 5.24853e+06 1.30102e+06 3.94751e+06 3.49147e+06 3.25792e+06
internal_count=34458 34171 7038 2578 2312 4460 2201 3950 1226 2724 791 1933 1781 1743
cat_boundaries=0 1
cat_threshold=554
is_linear=0
shrinkage=0.05


Tree=204
num_leaves=15
num_cat=1
split_feature=18 24 9 8 25 29 14 24 17 17 9 14 21 2
split_gain=15792.3 26286.7 46066.7 37570.5 35781.3 42845.2 33287.6 28835.6 27101.4 49905.3 24365.8 24195.9 23137 22432.1
threshold=0.43169913517137892 2.3307521302205805 0.1943338755616151 0.17442642456179139 -0.5 0 2.1324266943184376 0.48034932442572503 0.24497248980684103 0.082267795018298021 0.22527589011465718 1.5744415257333089 9.4673346760406538 15.321986804136829
decision_type=8 8 2 2 2 1 10 10 2 2 2 10 10 2
left_child=-1 4 -3 -4 5 -2 7 -7 9 13 -5 -9 -12 -6
right_child=1 2 3 10 8 6 -8 11 -10 -11 12 -13 -14 -15
leaf_value=-7.3146842174807316e-05 0.0027921380136449164 0.00098798752933817991 -0.0036643360917809516 -0.0005390969168056032 -0.0012544249770102213 0.0049791698032035456 0.0065581127674183464 -0.00028436230831007368 -0.0047322729490901633 0.00095393758088328394 0.00059913024650940254 -0.0069156721006147955 0.0039853164850057595 -0.0038334233540115951
leaf_weight=12675418.183268666 158386.02783203125 812446.83270263672 339673.61284255981 184415.39617919922 1712673.1187405586 357275.77835083008 129201.89892196655 689926.9871301651 329762.44421386719 299731.67797851562 3645620.1687545776 124069.94043922424 1351666.1366882324 605330.06005859375
leaf_count=23002 35 301 244 91 2605 411 164 782 86 76 4690 74 1723 205
internal_value=0.000520406 0.00193104 0.00399423 0.00235853 -0.00103464 0.00536975 0.00237926 -0.000277567 -0.00420449 -0.00250281 0.00341453 -0.00547509 0.00407318 -0.00498532
internal_weight=2.34156e+07 1.07402e+07 6.33382e+06 5.52138e+06 4.40636e+06 1.45886e+06 1.30047e+06 1.17127e+06 2.9475e+06 2.61773e+06 5.1817e+06 813997 4.99729e+06 2.318e+06
internal_count=34489 11487 7049 6748 4438 1466 1431 1267 2972 2886 6504 856 6413 2810
cat_boundaries=0 1
cat_threshold=16
is_linear=0
shrinkage=0.05


Tree=205
num_leaves=15
num_cat=0
split_feature=14 3 2 15 19 23 16 3 8 11 11 8 8 25
split_gain=10968.4 41356.8 30006.8 29002.6 21252.3 27376.6 36779.3 27034 35764.1 29280 44338.4 23366.6 28584.7 22415.6
threshold=1.4601957803951482 16.273039820797113 16.533265774342059 19.366258896332727 -0.014321172063744747 -1.8111477621546197 18.472836192843562 15.328408887801364 0.21888637230923327 -0.074499969512946643 -0.009750128694434949 0.16739021057928191 0.18190792179624982 -0.24999999999999997
decision_type=8 2 2 2 2 8 2 2 2 2 2 2 2 2
left_child=1 2 -1 4 13 6 11 -7 9 -9 -11 -6 -13 -2
right_child=3 -3 -4 -5 5 7 -8 8 -10 10 -12 12 -14 -15
leaf_value=-7.8185317028347975e-05 -0.0014989045744644137 -0.0022914163199331409 0.0054869007785874222 0.0010669703786763661 0.0007980256045283569 0.00032569771589853431 -0.0042352304365061181 0.00042173009169781518 0.00327989978376231 -0.00076279785015458373 0.00039039745264485601 -0.0053470063773783097 -0.0013555839004083779 9.5850122863066331e-05
leaf_weight=10021230.831908703 1627936.0418319702 634458.84204101562 65567.27880859375 695259.00857543945 217586.82234191895 3804267.4966968298 134153.68978881836 736241.51062011719 955375.51013183594 458873.17639160156 769755.28576660156 50360.739593505859 463118.73716640472 2601046.5652732849
leaf_count=15745 2701 162 19 402 131 9457 44 184 281 107 177 30 1206 3803
internal_value=0.000391118 -0.000782543 -3.70772e-06 0.00139664 0.000812823 0.0023955 -0.00597619 0.00347266 0.00709109 0.00323272 -0.00149213 -0.00156017 -0.00737911 -0.0020276
internal_weight=2.32352e+07 1.07213e+07 1.00868e+07 1.2514e+07 1.18187e+07 7.58973e+06 865220 6.72451e+06 2.92025e+06 1.96487e+06 1.22863e+06 731066 513479 4.22898e+06
internal_count=34449 15926 15764 18523 18121 11617 1411 10206 749 468 284 1367 1236 6504
is_linear=0
shrinkage=0.05


Tree=206
num_leaves=15
num_cat=2
split_feature=7 1 3 2 16 4 25 28 2 7 16 21 21 28
split_gain=25275.6 30551.1 14877.7 17347.8 14900.7 13572.3 12975.5 26468.6 28478.2 26508.6 25511.4 32727.9 21317 19897.7
threshold=17.376805783880858 17.423965936235351 17.445700346247609 17.165595607188539 18.650510177953056 17.181523356598721 1.0000000180025095e-35 0 16.395876229078294 16.293698930881778 15.843964138725681 10.817995120197638 10.954471502539871 1
decision_type=2 2 2 2 2 2 2 1 2 2 2 10 10 1
left_child=1 2 3 4 5 6 13 10 9 -9 -8 -12 -13 -1
right_child=-2 -3 -4 -5 -6 -7 7 8 -10 -11 11 12 -14 -15
leaf_value=0.0019600290513975818 0.00019699322081103218 -0.0018546867516153181 -0.0013871505727337382 0.00037122759978300474 0.0050227959908484094 -0.00034613738011594924 0.0003750905986199763 -0.001065919284469005 -0.0010896725385101523 0.0021248282710820319 0.00041860713862346794 0.0028514926389011973 0.00050306048791769079 -0.00037741086860699417
leaf_weight=1489850.1557666063 900038.9638671875 112846.9033203125 78378.70361328125 515000.60888671875 103193.71429443359 345153.095703125 4655668.5805535316 3013161.1675819159 93274.52685546875 59882.268310546875 2215801.5395269394 429647.00607299805 458453.73486328125 8920734.7729803324
leaf_count=4662 130 20 14 98 82 67 7685 8010 24 16 1277 180 146 12079
internal_value=0.000606226 0.000277434 0.000408295 0.000484727 0.000270305 0.000180091 0.0003392 0.00154279 -0.00230976 -0.00148364 0.00311484 0.00662604 0.0147358 -0.000923971
internal_weight=2.33911e+07 2.2491e+07 2.23782e+07 2.22998e+07 2.17848e+07 2.16816e+07 2.13365e+07 1.09259e+07 3.16632e+06 3.07304e+06 7.75957e+06 3.1039e+06 888101 1.04106e+07
internal_count=34490 34360 34340 34326 34228 34146 34079 17338 8050 8026 9288 1603 326 16741
cat_boundaries=0 1 2
cat_threshold=928 67
is_linear=0
shrinkage=0.05


Tree=207
num_leaves=15
num_cat=0
split_feature=2 17 20 6 5 14 21 17 15 24 0 8 22 1
split_gain=15303.6 23674.4 13759.6 21661.8 29761 19281.7 19375.3 16939.5 24439.1 18574.3 16820 16749.7 22064.4 20344.6
threshold=17.165595607188539 0.22619975375775667 -0.024876270524701944 16.964547881697367 16.793627513211842 1.4666126693410426 9.1746073831275172 0.018629371684204154 17.900129943970168 1.4958823093712301 14.780286135977523 0.19221792523455603 19.617331230798943 17.156634566241113
decision_type=2 2 8 2 2 10 10 2 2 10 2 2 2 2
left_child=2 -2 3 4 5 6 -1 -7 9 -9 -8 12 -4 -13
right_child=1 -3 11 -5 -6 7 10 8 -10 -11 -12 13 -14 -15
leaf_value=0.0050060123115588072 0.00023491478762030553 -5.861015938469519e-05 -0.00019489442674629329 -0.00019303081591807116 0.0017145312090900593 0.00042943173551136067 -0.0015083296327471603 0.0013289687543518458 0.0059969048738175408 -0.0013423197308971976 -0.0028042942780358579 0.00016867290373377179 -0.0036782988074917661 0.0025982377904168129
leaf_weight=161270.92181622982 763608.451171875 730812.4560546875 4074161.4025838375 169217.4716796875 102078.16748046875 578647.00409650803 463322.1760635376 226843.6651763916 370966.14489746094 261521.84140014648 136673.1552734375 14989125.509225368 309156.6042175293 72112.89404296875
leaf_count=190 123 118 3225 33 22 1749 693 162 166 233 62 27551 203 14
internal_value=0.000620764 0.00551636 0.000286926 0.00380175 0.00507132 0.00384632 -0.00258816 0.00725274 0.0117059 0.00435695 -0.00672368 -0.000159653 -0.00287987 0.00063202
internal_weight=2.34095e+07 1.49442e+06 2.19151e+07 2.47054e+06 2.30132e+06 2.19924e+06 761266 1.43798e+06 859332 488366 599995 1.94446e+07 4.38332e+06 1.50612e+07
internal_count=34544 241 34303 3310 3277 3255 945 2310 561 395 755 30993 3428 27565
is_linear=0
shrinkage=0.05


Tree=208
num_leaves=15
num_cat=0
split_feature=3 9 24 8 10 24 8 26 20 24 24 14 9 2
split_gain=8316.06 24377.7 50772.3 24825.4 20045.2 38957 34622 32316.5 31066.9 30846.2 45655.2 28319.2 18837.4 16009.3
threshold=15.558852899793896 0.40556096786897616 1.9156176504468603 0.34684179644412305 0.017765846398964901 0.82582797440728506 0.12898077988898074 1.0000000180025095e-35 -0.0011390669759102998 2.4883974610312305 0.80042292159832307 1.4666126693410426 0.20793076625117812 15.25666115188052
decision_type=2 2 8 2 2 10 2 2 8 10 10 8 2 2
left_child=13 3 -3 4 7 -6 -7 8 -2 10 -9 -8 -10 -1
right_child=1 2 -4 -5 5 6 11 9 12 -11 -12 -13 -14 -15
leaf_value=0.00013034340855549192 0.0010601472621440237 0.0065186012577988818 -2.8819599427727791e-05 -0.0026873244717070463 -0.00090493344038579154 -0.00026212189296533864 -0.00060383877707900833 0.00019956803800632341 0.00035876716952496147 0.00040154108546427601 -0.0027752257685203226 0.00098515689103608785 -0.00026442172058480546 -0.0018214109466655967
leaf_weight=15279475.603194714 437017.99609375 295939.95812988281 480831.37756347656 432919.36047363281 780721.01513671875 522671.23876953125 386705.64770507812 470211.9736328125 675790.42065429688 426741.560546875 524799.34033203125 774344.31628417969 626843.54833984375 1276641.6062011719
leaf_count=32244 111 107 168 133 182 102 120 115 151 111 125 174 149 599
internal_value=0.000441324 0.00190853 0.0102478 0.000839391 0.00172723 -0.00165312 0.00262759 0.00436235 0.00893242 -0.00122957 -0.00605269 0.0074382 0.00506229 -0.000164443
internal_weight=2.33917e+07 6.83554e+06 776771 6.05877e+06 5.62585e+06 2.46444e+06 1.68372e+06 3.1614e+06 1.73965e+06 1.42175e+06 995011 1.16105e+06 1.30263e+06 1.65561e+07
internal_count=34591 1748 275 1473 1340 578 396 762 411 351 240 294 300 32843
is_linear=0
shrinkage=0.05


Tree=209
num_leaves=15
num_cat=0
split_feature=8 9 20 14 23 10 10 9 0 0 8 8 8 5
split_gain=12367.1 27587.6 18599.6 18224.9 16745.5 13788.2 16789.2 13451.2 16527.8 21900.4 22597.9 18646.6 15283.9 22517
threshold=0.10396346776495162 0.2415324954904873 0.032674146079223358 2.3474724148787502 2.0007089153292004 0.042949091005053355 -0.029996462998554695 0.11263565210970426 17.419860989426706 16.84045422280521 0.16739021057928191 0.12460012248063866 0.13255708096274924 16.623495956216509
decision_type=2 2 8 10 8 2 2 2 2 2 2 2 2 2
left_child=1 2 4 -3 -1 6 -4 -2 9 11 -11 -9 -13 -14
right_child=7 3 5 -5 -6 -7 -8 8 -10 10 -12 12 13 -15
leaf_value=-0.00016165590493701367 -0.00055312917218432948 -0.00073847678508610307 0.00010644146723039606 -0.0051047651449344107 0.00050335816179509368 -0.00032694548997128033 0.0025834639153193939 -0.0018644628608704399 -0.00032051295003281084 0.00048983030512432578 4.0572970860930526e-05 0.0021494509902041932 0.00020865988022174516 -0.00025504518884973725
leaf_weight=546468.1453704834 247902.11335754395 113357.97655308247 90389.623695373535 64357.327073574066 511519.76084899902 97452.976921081543 151577.44356536865 559848.43589019775 559775.39306640625 582729.4775390625 666199.255859375 285416.63034057617 18424774.779281497 522023.23876953125
leaf_count=161 83 210 85 91 195 56 213 425 83 114 135 228 32312 118
internal_value=0.000636544 0.00491543 0.00727521 -0.0136399 0.00400791 0.0174595 0.023855 0.000328069 0.000460975 0.000686563 0.00710811 0.000281347 0.000543193 0.000370194
internal_weight=2.34238e+07 1.57512e+06 1.39741e+06 177715 1.05799e+06 339420 241967 2.18487e+07 2.16008e+07 2.1041e+07 1.24893e+06 1.97921e+07 1.92322e+07 1.89468e+07
internal_count=34509 1011 710 301 356 354 298 33498 33415 33332 249 33083 32658 32430
is_linear=0
shrinkage=0.05


Tree=210
num_leaves=15
num_cat=0
split_feature=15 19 24 9 2 16 4 0 27 18 27 9 7 19
split_gain=12450.8 22389.9 47147.5 23821.8 21315.3 18668.9 14122.3 36146.1 22717.3 36508.9 50516.1 31103 31092 28635
threshold=19.224701742754604 -0.017213670397123248 2.4755880669540953 0.21708761234420867 17.165595607188539 15.247556895887334 14.953516001606376 14.82627648560308 3.5000000000000004 0.47177133088911288 5.5000000000000009 0.37498423222372806 16.610313958149195 0.03655989498873196
decision_type=2 2 8 2 2 2 2 2 2 10 2 2 2 2
left_child=6 2 5 -4 -3 -2 7 -1 -8 10 12 13 -10 -12
right_child=1 4 3 -5 -6 -7 8 -9 9 -11 11 -13 -14 -15
leaf_value=-0.00020430008360671875 -0.0012689022316021035 0.00058401359218399269 0.0012117924829198375 0.00015616330671838649 0.00083720255080829524 -0.0027590457628700387 -0.0010348300829284083 0.0035581872332992592 -0.00028623930629410622 0.0010391376726221432 -0.0001810101891748504 -0.0084657983622343901 0.0012655359237109111 -0.0016749982310602877
leaf_weight=9228253.762075901 457313.26097869873 4510893.4194831848 227115.97515869141 1177553.0770797729 564748.2197265625 563074.25079345703 1442225.3616943359 775096.99157714844 343964.03356933594 1453371.8797607422 1563394.8740234375 364220.43487548828 337288.5107421875 398105.25183105469
leaf_count=25122 621 4703 74 1390 86 209 465 451 146 516 472 176 66 115
internal_value=0.000166987 0.00184629 -0.00210583 0.00383619 0.00373454 -0.0102856 -0.000624914 0.000519521 -0.00256444 -0.000800597 -0.00394551 -0.00745299 0.00802864 -0.00496138
internal_weight=2.34066e+07 7.5007e+06 2.42506e+06 1.40467e+06 5.07564e+06 1.02039e+06 1.59059e+07 1.00034e+07 5.90257e+06 4.46034e+06 3.00697e+06 2.32572e+06 681253 1.9615e+06
internal_count=34612 7083 2294 1464 4789 830 27529 25573 1956 1491 975 763 212 587
is_linear=0
shrinkage=0.05


Tree=211
num_leaves=15
num_cat=1
split_feature=21 6 3 4 15 22 9 28 9 14 18 10 15 22
split_gain=10814.8 21199.1 13855.3 15463.3 20908.3 14211.6 29123.3 28104.1 20140.2 39488.9 25266.6 23586.7 21224.2 16954.7
threshold=11.104263422778596 14.8589760919619 14.992560563850814 15.157226915591695 18.05662753402839 18.651885674616626 0.30363858763936519 0 0.22527589011465718 1.497090039949321 0.74978640121454598 0.11389723311351392 19.301978056957818 17.427159595342317
decision_type=8 2 2 2 2 2 2 1 2 10 10 2 2 2
left_child=2 -2 -1 4 -4 7 -7 8 10 11 13 12 -10 -5
right_child=1 -3 3 5 -6 6 -8 -9 9 -11 -12 -13 -14 -15
leaf_value=-0.00010676158172169239 0.00056575815831952684 -0.00074392076219330914 0.0060318779530909878 0.00052394032325968939 0.00039747648850477771 0.00023616904830761338 -0.00057292554561050085 -0.0017686913188128643 0.00037004026380273598 0.0054640038688005118 -0.0021244128123992481 0.0029136688110036092 -0.0056852864759473765 -0.00036038150245414839
leaf_weight=13600070.288450718 767173.78996157646 630440.52954101562 442310.2666015625 399156.02758789062 804493.55212402344 2808257.9736328125 649431.87426757812 659648.65588378906 649765.12414550781 342937.19689941406 422586.5478515625 418766.1611328125 397037.07043457031 451191.80688476562
leaf_count=29973 1684 184 234 114 429 604 148 248 236 130 119 145 137 144
internal_value=0.000543922 -0.00372126 0.000814319 0.00240496 0.00754583 0.00151458 0.00382541 -0.000621196 0.00138391 0.00477523 -0.00343425 0.00120125 -0.00281069 0.00153167
internal_weight=2.34433e+07 1.39761e+06 2.20457e+07 8.44558e+06 1.2468e+06 7.19878e+06 3.45769e+06 3.74109e+06 3.08144e+06 1.80851e+06 1.27293e+06 1.46557e+06 1.0468e+06 850348
internal_count=34529 1868 32661 2688 663 2025 752 1273 1025 648 377 518 373 258
cat_boundaries=0 1
cat_threshold=320
is_linear=0
shrinkage=0.05


Tree=212
num_leaves=15
num_cat=0
split_feature=3 11 14 10 10 23 19 23 20 19 19 27 8 14
split_gain=21877.6 27564.8 23183.1 44185.1 23758.1 23507.1 26497.9 23156.3 22516.7 28158.9 32997.9 26361.8 27632.7 22066.2
threshold=14.992560563850814 -0.31484044652040838 1.4424560335824832 -0.28351368333915422 -0.18331093563270331 -1.9532581333759798 0.041274684494610407 2.2074747423528405 -0.031853191950766545 -0.019356527226552598 0.021145090474372654 3.5000000000000004 0.18190792179624982 1.6956826436250614
decision_type=2 2 10 2 2 10 2 8 8 2 2 2 2 10
left_child=-1 -2 4 -4 -3 -5 8 -6 -7 -10 11 -11 13 -13
right_child=1 2 3 5 7 6 -8 -9 9 10 -12 12 -14 -15
leaf_value=-0.00034080477594190703 0.0040496712137313611 -0.0055190424601465589 0.0029652672679167467 -0.0013517506338583923 0.00058286284583762126 0.00057300248958588602 0.0021143305450621098 -0.00086411870322006907 -0.00023879332862172462 -0.00043907570669853864 -0.0004455851786571175 0.00094874416051997368 0.002064643814627187 -0.00065021407200553172
leaf_weight=14420857.701633096 434849.35406494141 573080.77142333984 608908.75061035156 455090.64465332031 562664.41418457031 571955.03381347656 570810.28686523438 1056938.4620361328 1195797.7924804688 552317.14733886719 810960.43127441406 517434.36804199219 656817.03540039062 587110.35424804688
leaf_count=31596 171 237 214 118 214 176 157 403 317 163 229 109 207 174
internal_value=0.000596108 0.00250777 0.00189508 0.00338934 -0.00255303 0.0020698 0.00297929 0.000542896 0.00178986 0.00055568 0.00305282 0.00609483 0.00908349 0.00425414
internal_weight=2.35756e+07 9.15473e+06 8.71989e+06 6.5272e+06 2.19268e+06 5.91829e+06 5.4632e+06 1.6196e+06 4.89239e+06 4.32044e+06 3.12464e+06 2.31368e+06 1.76136e+06 1.10454e+06
internal_count=34485 2889 2718 1864 854 1650 1532 617 1375 1199 882 653 490 283
is_linear=0
shrinkage=0.05


Tree=213
num_leaves=15
num_cat=1
split_feature=3 9 9 7 20 10 24 22 21 26 17 2 25 28
split_gain=9846.44 24690.8 20989.3 44515.5 21143.5 22661.4 16559.1 12078.4 24094.6 21638 30436.8 7932.87 6775.06 18499.2
threshold=15.670241562971784 0.44612213447215082 0.30363858763936519 16.203243434593986 -0.0063596322073472995 -0.033155664309178996 1.9737141019610702 18.66055157771083 10.98975100650992 -0.68301270189221952 0.082267795018298021 16.150297738002418 -0.24999999999999997 0
decision_type=2 2 2 2 10 2 10 2 10 2 2 2 2 1
left_child=11 2 4 -4 5 -2 -7 9 -9 -6 -11 12 13 -1
right_child=1 -3 3 -5 7 6 -8 8 -10 10 -12 -13 -14 -15
leaf_value=0.0045228117041372076 9.1717137011026361e-05 0.0042955514613135905 0.0017822862557413111 -0.0026807972704558924 0.00093588851722370848 -0.00095706371006545269 -0.00014815081963071337 0.00065793239369746554 6.4166464245479036e-05 0.000302610806191327 -0.00083995862174712299 -0.0055102276865473324 0.00037420103956758321 -0.00090821213112631286
leaf_weight=504926.29727363586 695369.17236328125 482607.50183105469 428250.73193359375 720609.86474609375 404673.47314453125 404679.08642578125 520916.78955078125 921820.15991210938 773419.71435546875 394475.56884765625 751496.30322265625 82756.100830078125 9795465.4080597162 6433320.3293161392
leaf_count=2606 183 170 160 163 100 99 139 183 124 114 182 29 19180 11037
internal_value=0.000609599 0.00226255 0.0013896 -0.00468916 0.00282454 -0.00183898 -0.00696314 0.00515346 0.00807054 0.00196437 -0.00154547 -2.91454e-05 4.72244e-05 -0.00114819
internal_weight=2.33148e+07 6.49832e+06 6.01571e+06 1.14886e+06 4.86685e+06 1.62097e+06 925596 3.24589e+06 1.69524e+06 1.55065e+06 1.14597e+06 1.68165e+07 1.67337e+07 6.93825e+06
internal_count=34469 1617 1447 323 1124 421 238 703 307 396 296 32852 32823 13643
cat_boundaries=0 1
cat_threshold=3
is_linear=0
shrinkage=0.05


Tree=214
num_leaves=15
num_cat=0
split_feature=21 7 0 19 8 19 20 7 0 16 9 8 20 21
split_gain=8496.33 21173.2 15170.3 24066.6 27238.6 26723 16644.2 15065.8 20499 16181.6 16228.4 20044.2 14030.7 15337.4
threshold=11.104263422778596 14.90671057703466 16.272741767951768 -0.018812029140904147 0.13255708096274924 0.025659554270821953 0.010512023056598601 15.773853429635489 15.924256278800728 18.213483320293424 0.22527589011465718 0.32826613290569889 0.020568971285481154 10.934349973511816
decision_type=8 2 2 2 2 2 8 2 2 2 2 2 8 10
left_child=2 -2 7 4 -4 12 -7 8 -1 10 -9 -12 13 -5
right_child=1 -3 3 5 -6 6 -8 9 -10 -11 11 -13 -14 -15
leaf_value=8.8933235066928566e-05 0.00086467850328996853 -0.00075686934547437032 0.00010959061691122661 0.00089531423054438851 -0.0012847275833497154 -0.00021846618316431166 0.00011658708043521646 -0.0022795130362524558 0.0093775708363884012 0.00031940334412641877 0.00058146460195853712 -0.0057674093650206815 0.00012166024569261454 0.00061901194629922999
leaf_weight=15970899.778927922 756230.64854097366 627837.16918945312 503280.88623046875 884390.96606445312 666568.64306640625 475097.47705078125 510316.81811523438 406524.966796875 136267.74719238281 326823.55053710938 452842.453125 342688.70874023438 696481.92944335938 491886.78393554688
leaf_count=31120 1650 179 102 188 154 89 120 125 57 98 145 109 173 89
internal_value=0.000347657 -0.00345142 0.000588151 0.00327803 -0.0028212 0.00561118 -0.00116753 -5.67141e-05 0.000393525 -0.00480011 -0.00748229 -0.0033293 0.00883386 0.0117603
internal_weight=2.32481e+07 1.38407e+06 2.18641e+07 4.22802e+06 1.16985e+06 3.05817e+06 985414 1.7636e+07 1.61072e+07 1.52888e+06 1.20206e+06 795531 2.07276e+06 1.37628e+06
internal_count=34398 1829 32569 915 256 659 209 31654 31177 477 379 254 450 277
is_linear=0
shrinkage=0.05


Tree=215
num_leaves=15
num_cat=0
split_feature=10 24 27 7 23 10 24 7 0 21 27 8 20 4
split_gain=9765.04 9659.41 14375.2 25317.5 14347.7 12478.9 10685.3 20192.7 39003.6 46347 18379.4 17598.2 16569.2 13495.9
threshold=-2.8890179336213073 10.434858902707102 8.5000000000000018 15.035255036558885 4.6945711880189807 0.049083492096420905 0.88970295594175008 16.98736325551755 16.272741767951768 10.954471502539871 7.5000000000000009 0.16739021057928191 0.020568971285481154 15.157226915591695
decision_type=2 10 2 2 10 2 8 2 2 10 2 2 8 2
left_child=-1 6 3 5 -4 -3 12 8 13 10 -10 -9 -2 -8
right_child=1 2 4 -5 -6 -7 7 11 9 -11 -12 -13 -14 -15
leaf_value=-0.10949459465019853 0.00065009020781687946 0.0065158547232689662 0.00097593728765058268 0.0065417984622740608 -0.010254675279779645 -0.0057349185440070307 0.00010526387796294323 -5.4196621096551293e-05 0.00057411244850887316 -0.00063518053156273605 0.0026480330579517954 -0.00031559609723605755 -0.00011575108918687942 -0.0009005997684741158
leaf_weight=142388.17827367783 2956593.940038681 268620.79391717911 204240.43691730499 182771.888671875 71872.189140319824 165037.51368284225 11119091.994594812 901057.53759765625 589259.79443359375 489201.646484375 467358.82446289062 602714.51318359375 2345304.8391032219 2705349.376953125
leaf_count=1077 3314 620 414 60 89 449 22806 144 154 114 122 103 3912 1129
internal_value=0.000436074 0.000516647 0.00561656 0.00986337 -0.00386459 0.00328498 0.000311385 -0.000303832 0.000237181 0.00776945 0.0136604 -0.0058336 0.0022694 -0.000605062
internal_weight=2.32109e+07 2.30685e+07 892543 616430 276113 433658 2.21759e+07 1.6874e+07 1.53703e+07 1.54582e+06 1.05662e+06 1.50377e+06 5.3019e+06 1.38244e+07
internal_count=34507 33430 1632 1129 503 1069 31798 24572 24325 390 276 247 7226 23935
is_linear=0
shrinkage=0.05


Tree=216
num_leaves=15
num_cat=1
split_feature=0 11 4 11 11 28 18 15 25 23 14 27 23 23
split_gain=11625.5 33487.5 23804.5 16855.6 16793.6 13619.5 23492 21995.2 12378.9 11824.4 21119.4 20183.4 18036.5 19239.1
threshold=14.698311606593888 -0.41064458705580703 14.367076137041632 0.55793568120354753 0.12804778057018137 0 0.26118470085058776 17.821797180512196 -0.6830127018922193 0.71288589993053408 2.3967765170570732 3.5000000000000004 0.88788377220714665 1.3301870585578202
decision_type=2 2 2 2 2 1 10 2 2 8 10 2 10 10
left_child=2 -2 -1 9 5 6 7 -4 -7 10 11 -3 -11 -14
right_child=1 3 4 -5 -6 8 -8 -9 -10 12 -12 -13 13 -15
leaf_value=0.00029502750139341795 0.006544817036897319 0.0022848221501782099 -0.0047573356400201494 0.003669203320192339 -0.0056620614431678274 -0.0044853607807808548 -0.0073215142453212133 0.0018814622648672199 0.001288811907953767 -0.0010898233058249756 -0.0013381369403673556 0.00033651271162330907 0.0015499616766341015 -3.5133013894124065e-06
leaf_weight=10954995.455401182 321378.21905517578 329188.57373046875 162244.48504638672 295801.42254638672 508914.81854248047 275727.43896484375 208116.63177490234 283184.98101806641 750713.46423339844 470186.1005859375 288656.45275878906 978087.72253417969 421580.64923095703 7109294.5853881836
leaf_count=29365 145 119 123 125 343 200 137 191 525 148 82 365 145 2467
internal_value=0.000433825 0.0016992 -0.000549501 0.00118319 -0.00530976 -0.00289931 -0.00854115 -0.00206157 0.000692992 0.000820849 0.00475054 0.00745332 3.70132e-05 0.000630191
internal_weight=2.33581e+07 1.02142e+07 1.31439e+07 9.8928e+06 2.1889e+06 1.67999e+06 653546 445429 1.02644e+06 9.59699e+06 1.59593e+06 1.30728e+06 8.00106e+06 7.53088e+06
internal_count=34480 3596 30884 3451 1519 1176 451 314 725 3326 566 484 2760 2612
cat_boundaries=0 1
cat_threshold=564
is_linear=0
shrinkage=0.05


Tree=217
num_leaves=15
num_cat=2
split_feature=11 11 5 20 0 6 23 23 28 28 20 20 4 18
split_gain=7545.5 38089.7 37908.1 17517.7 14678.1 21248 16241.3 20065.9 30352.2 16863.2 16714.4 16217.3 20337.5 19072
threshold=-0.074499969512946643 -0.0029606646261219499 16.440364546327579 0.091086086462480967 16.993748182993098 16.964547881697367 0.19449656900461301 0.80599558502481061 0 1 -0.013221200221717598 0.060067265379637753 17.181523356598721 0.17109761809175791
decision_type=2 2 2 10 2 2 8 10 1 1 8 10 2 8
left_child=3 2 -2 4 5 6 -1 8 -8 -9 -11 12 13 -12
right_child=1 -3 -4 -5 -6 -7 7 9 -10 10 11 -13 -14 -15
leaf_value=0.0020945163943322811 -0.00051884353551446053 3.8532060016452572e-05 -0.00069774214802307698 -0.007221631467880814 0.00030609396222782548 -0.0019263922696903001 -0.014504571252734655 0.003457213298332706 -0.0014439608460135121 0.0020171032003649253 -0.0022353138658747439 0.00266303385129064 -0.0045096645011495811 0.00051459179044018824
leaf_weight=1232498.1226401329 2001662.9640755653 11951386.236763239 748339.42626953125 94524.364778518677 619639.4853515625 133494.2587890625 134531.6672744751 317680.66018867493 282487.60719680786 1220101.6462310553 1775724.6445621252 149179.12695074081 54319.0751953125 2777255.7415978909
leaf_count=2204 2728 17378 157 150 110 26 200 701 431 1912 5099 200 11 3359
internal_value=-0.000237916 -0.000930858 -0.00623649 0.000920849 0.00115353 0.000584603 0.000917044 -5.18065e-05 -0.0106734 0.000651917 5.52328e-05 -0.00128396 -0.00180931 -0.00144646
internal_weight=2.34928e+07 1.47014e+07 2.75e+06 8.79144e+06 8.69691e+06 8.07727e+06 7.94378e+06 6.71128e+06 417019 6.29426e+06 5.97658e+06 4.75648e+06 4.6073e+06 4.55298e+06
internal_count=34666 20263 2885 14403 14253 14143 14117 11913 631 11282 10581 8669 8469 8458
cat_boundaries=0 1 2
cat_threshold=616 8
is_linear=0
shrinkage=0.05


Tree=218
num_leaves=15
num_cat=0
split_feature=3 18 14 7 0 20 2 18 15 9 25 25 24 24
split_gain=12706.4 34888.3 21447.4 11993 16831 11787.6 18871 17058 17187.1 22076.1 16860.7 14077.8 13606.8 26400.8
threshold=17.006344156415725 0.34298014506208535 2.3474724148787502 17.115974588496943 17.156634566241113 -0.023021820319260696 16.684754232979486 0.98937513678999711 17.930318745336759 0.37877235545358895 0.68301270189221941 -0.24999999999999997 2.6761558945178754 2.6579006910763554
decision_type=2 10 10 2 2 8 2 10 2 2 2 2 10 10
left_child=3 2 -2 4 5 7 12 8 -1 11 -11 -10 13 -7
right_child=1 -3 -4 -5 -6 6 -8 -9 9 10 -12 -13 -14 -15
leaf_value=-4.6016082317331706e-06 0.00070710549022036514 -7.0037409051067467e-05 0.00013927181786725073 -0.0013658783321099559 0.0029062215913516695 -0.00032404003522907275 -0.00048624081593943058 -0.0048028313117140231 0.0042456422442783111 -0.0019820057109260119 0.010081097819893423 0.0017752808749055338 0.00040462353399058098 -0.031105585293572054
leaf_weight=1078949.7828215361 545934.18994140625 1137480.6774902344 579529.4853515625 113949.810546875 109661.78076171875 10741582.949997187 811060.59423828125 239907.24910736084 218033.79716491699 343330.98614597321 99571.166187763214 409087.09930038452 7074575.1487492323 91864.015548706055
leaf_count=2177 99 180 110 21 23 17057 184 266 114 493 149 210 13303 121
internal_value=0.000166175 0.00372864 0.00997 -0.000211747 -0.000124864 -0.000226368 -0.000648466 0.00308116 0.00449287 0.00898301 0.000437137 0.0150185 -0.000310613 -0.00142437
internal_weight=2.35945e+07 2.26294e+06 1.12546e+06 2.13316e+07 2.12176e+07 2.1108e+07 1.87191e+07 2.38888e+06 2.14897e+06 1.07002e+06 442902 627121 1.7908e+07 1.08334e+07
internal_count=34507 389 209 34118 34097 34074 30665 3409 3143 966 642 324 30481 17178
is_linear=0
shrinkage=0.05


Tree=219
num_leaves=15
num_cat=0
split_feature=3 18 17 2 0 3 7 4 20 4 0 22 4 18
split_gain=13939.2 27701.3 28380.3 16142.5 16541.7 13868.6 11600.1 13428.4 26182.8 11628.1 29322.1 33354.7 18678.6 37060.9
threshold=17.006344156415725 0.34298014506208535 0.31408482136343246 16.684754232979486 16.84045422280521 16.690778174436563 16.610313958149195 16.283999875186893 -0.014965046821651048 16.04903536344861 15.802459769609863 17.914354898512197 15.052223841656147 0.60285375058031188
decision_type=2 10 2 2 2 2 2 2 10 2 2 2 2 10
left_child=3 2 -2 5 -5 6 7 9 -9 10 12 -12 -1 -14
right_child=1 -3 -4 4 -6 -7 -8 8 -10 -11 11 -13 13 -15
leaf_value=0.00011282736262454019 0.00066288221137728509 -3.1440819265494377e-05 2.949282739402815e-05 -0.00090040585004698285 -7.5709629331500354e-05 0.00035127349984907699 -0.00075216996507652685 -0.00010735606703055226 0.0006458398174137292 -0.00070514715324543971 8.3583365017381259e-05 0.005928673514496597 -0.0031606579549429744 0.00058001442708724231
leaf_weight=14626494.160477757 545372.1103515625 1096940.1604003906 551043.93359375 503294.27587890625 704319.40161132812 276300.65380859375 169406.96484375 595861.02270507812 459876.53125 680070.24047851562 517611.1904296875 370211.8916015625 1237957.2641601562 1143975.4805297852
leaf_count=31801 101 174 102 118 146 68 40 175 132 215 187 126 631 545
internal_value=0.000229677 0.0040249 0.00964533 -0.000161402 -0.00577586 0.00017629 2.10616e-05 0.000133479 0.00561878 -0.000178264 6.55961e-05 0.008924 -0.000396804 -0.00450277
internal_weight=2.34787e+07 2.19336e+06 1.09642e+06 2.12854e+07 1.20761e+06 2.00778e+07 1.98015e+07 1.96321e+07 1.05574e+06 1.85763e+07 1.78962e+07 887823 1.70084e+07 2.38193e+06
internal_count=34561 377 203 34184 264 33920 33852 33812 307 33505 33290 313 32977 1176
is_linear=0
shrinkage=0.05


Tree=220
num_leaves=15
num_cat=1
split_feature=19 20 20 19 25 20 7 9 4 0 24 28 8 19
split_gain=9006.54 13998.6 11790.3 14982.1 15236.3 25321.8 17606.6 14617.5 15933.4 31658.7 12628.2 17053.8 24926.4 18285.1
threshold=0.026742964172620756 -0.0039738287678419996 0.04416268415455931 0.017275286540550706 0.68301270189221941 -0.065599494673786576 16.39377301661273 0.30728752298279599 15.474442394707193 14.617858962947688 1.5894288049463752 0 0.10396346776495162 -0.010786498609322749
decision_type=2 8 10 2 2 8 2 2 2 2 10 1 2 2
left_child=2 -2 3 4 10 -6 7 -7 9 -9 -1 12 -12 -14
right_child=1 -3 -4 -5 5 6 -8 8 -10 -11 11 -13 13 -15
leaf_value=0.00020573444772301757 -0.0015552283366825383 -0.00012015161883785426 -0.0011163738821302277 0.0014252130811741471 0.0017379437089912846 -0.0009199722460324581 0.00032837079770543987 0.0014084943171821479 -0.0031197077805103736 0.0082151387708684926 -0.002882432917162826 -3.7180019494055973e-05 -0.0025245853008837239 0.00048453882279642611
leaf_weight=4485972.2922215462 371641.36349201202 4696569.4760366678 853272.21356725693 1659934.1570134163 128112.83371973038 1098796.6818466187 740882.8623046875 1890799.8623628616 217967.49951171875 290440.7060546875 131017.6131824255 5139732.3882826567 1122289.2239050865 736298.33745384216
leaf_count=6172 475 6982 1142 2613 140 1032 145 4796 82 160 87 7724 1834 1236
internal_value=3.95836e-06 -0.00186342 0.000515665 0.000793295 0.00032372 0.00284147 0.00217957 0.000696551 0.00288391 0.00417197 -0.000622878 -0.00193064 -0.00586108 -0.00437521
internal_weight=2.35637e+07 5.06821e+06 1.84955e+07 1.76422e+07 1.59823e+07 4.367e+06 4.23889e+06 3.498e+06 2.39921e+06 2.18124e+06 1.16153e+07 7.12934e+06 1.98961e+06 1.85859e+06
internal_count=34620 7457 27163 26021 23408 6355 6215 6070 5038 4956 17053 10881 3157 3070
cat_boundaries=0 1
cat_threshold=680
is_linear=0
shrinkage=0.05


Tree=221
num_leaves=15
num_cat=1
split_feature=1 3 4 0 21 25 28 18 21 16 3 24 16 14
split_gain=12033.5 13909.1 22610.9 14086.6 10783.8 10701.8 15216.2 19654.9 22437 14844.8 21741.9 14149.7 14908 13861.2
threshold=17.423965936235351 17.171183635107628 17.181523356598721 17.156634566241113 11.473572412334855 -0.24999999999999997 0 0.64702786001430701 10.414501320143701 16.732634901765508 16.273039820797113 13.769584241537652 15.581034083622281 2.192650358679165
decision_type=2 2 2 2 10 2 1 10 10 2 2 10 2 10
left_child=1 2 3 4 5 6 7 -1 -9 10 11 -7 -13 -8
right_child=-2 -3 -4 -5 -6 9 13 8 -10 -11 -12 12 -14 -15
leaf_value=0.00052779884153497647 -6.9503526491233953e-05 0.00036610138579994947 -0.00064232276886400173 0.00087284417934855143 0.0056189450361669932 -1.7952731863527403e-05 -0.00015058212325190325 0.0018578412801846245 0.015659630560159715 0.00034251628087714642 -0.0029981200171247729 0.0038693336539838245 0.0079280365315710245 -0.0023655921928337825
leaf_weight=1089238.3476868868 845303.98486328125 792836.8115234375 355689.35668945312 179861.84765625 111778.1747674942 8830803.107626915 5872401.3582686186 86848.718696594238 67351.593921661377 2918018.3763999939 321987.44116210938 290398.5481171608 65062.129753112793 1547294.2316224575
leaf_count=3432 123 143 69 36 230 17182 7852 443 43 1913 94 658 43 2315
internal_value=-5.3987e-05 0.000165759 -7.15078e-05 0.000136487 1.82785e-05 -6.38175e-05 -0.00141277 0.00370599 0.0204135 0.000876626 -8.07473e-05 0.000366882 0.0101478 -0.00227061
internal_weight=2.33749e+07 2.25296e+07 2.17367e+07 2.1381e+07 2.12012e+07 2.10894e+07 8.66313e+06 1.24344e+06 154200 1.24263e+07 9.50825e+06 9.18626e+06 355461 7.4197e+06
internal_count=34576 34453 34310 34241 34205 33975 14085 3918 486 19890 17977 17883 701 10167
cat_boundaries=0 1
cat_threshold=67
is_linear=0
shrinkage=0.05


Tree=222
num_leaves=15
num_cat=0
split_feature=9 16 24 3 22 11 21 16 9 19 11 19 10 11
split_gain=15637.9 13660.1 24187.5 15476.8 22959.1 35009.5 27592.9 25877 20783.4 37646.6 18958.8 18536.4 17827.1 17814.2
threshold=0.11263565210970426 18.472836192843562 1.4547165740020251 15.328408887801364 16.964017972763202 0.20100442139833954 9.0980263226204752 16.245575259198525 0.14407582608325048 0.0023306812258853502 -0.11052986724660478 -0.014024481491092899 -0.076360390764011535 0.029888912601606404
decision_type=2 2 10 2 2 2 10 2 2 2 2 2 2 2
left_child=-1 3 -3 -2 -5 6 -6 -8 -9 11 -11 -10 -7 -12
right_child=1 2 -4 4 5 12 7 8 9 10 13 -13 -14 -15
leaf_value=-0.0001505259918338094 -0.00010808020463203026 -0.0028527861644310586 0.00027185941916055121 -0.00080040831361800663 -0.0046735817814975286 0.0034786199282055858 0.0037824673953140023 0.00024075652960264934 7.3598514970546806e-05 0.00016802021451253293 -0.0010233969583922449 0.0013785505841869838 0.0012284264403484603 -0.00024641738572361388
leaf_weight=853032.53945922852 15455273.951239228 368678.15609741211 503421.63018798828 837578.173828125 502658.26940917969 329110.27319335938 393717.24377441406 862443.6962890625 920500.92321777344 501984.4453125 404371.44372558594 478997.03576660156 464336.0458984375 402808.68383789062
leaf_count=427 31858 139 200 313 184 107 148 194 250 129 99 132 149 102
internal_value=4.72946e-05 0.000300042 -0.00583476 0.000548265 0.00268119 0.00390529 0.00218636 0.0035855 0.00224426 9.19e-05 -0.00600269 0.0057931 0.0135837 -0.0107477
internal_weight=2.32789e+07 2.24259e+07 872100 2.15538e+07 6.09851e+06 5.26093e+06 4.46748e+06 3.96482e+06 3.57111e+06 2.70866e+06 1.30916e+06 1.3995e+06 793446 807180
internal_count=34431 34004 339 33665 1807 1494 1238 1054 906 712 330 382 256 201
is_linear=0
shrinkage=0.05


Tree=223
num_leaves=15
num_cat=1
split_feature=25 21 4 0 0 4 20 8 4 0 2 14 4 28
split_gain=11931.4 18016.6 53303.5 18348.3 18064 15483.2 14543.1 17299.8 13156.9 13182.9 14526.9 11106.7 27974.2 16307.4
threshold=-0.93301270189221919 10.628952567679544 17.019152678527846 16.532359858528654 15.924256278800728 15.209778070787939 0.010904555156009953 0.21545443286370766 16.166066284103554 14.585311022316217 13.891709294720899 0.54812476241481123 14.953516001606376 0
decision_type=2 8 2 2 2 2 8 2 2 2 2 8 2 1
left_child=1 2 6 4 5 -3 7 -1 9 10 -8 12 13 -2
right_child=11 3 -4 -5 -6 -7 8 -9 -10 -11 -12 -13 -14 -15
leaf_value=0.0063767531569265644 -0.011560288692631053 0.0017523065499985919 0.0028801361255715091 -0.00016440307429093376 0.0025039445259057553 -0.0069735706993815268 0.0023125404376853789 0.0021017979472449599 -0.004946275877972286 0.0033837013106101767 -0.0054256139486554321 3.065857842447578e-05 -0.018852948250176506 0.00027200371994837212
leaf_weight=98697.525056838989 308706.65377008915 415639.13677501678 70735.4970703125 202606.48364257812 69295.31396484375 78001.35205078125 438399.74004864693 183608.56728935242 56088.233154296875 226473.55609130859 121502.29534912109 20199385.436868429 57167.98876953125 910376.92774009705
leaf_count=71 720 783 14 38 20 39 1349 349 16 113 100 28655 33 2280
internal_value=0.000331301 0.00406463 0.00789969 -0.00192436 0.00271952 -0.000636267 0.00525205 0.0150737 0.00196087 0.00362962 -0.000487685 -9.60848e-06 -0.00453327 -0.00293024
internal_weight=2.34367e+07 1.96105e+06 1.19551e+06 765542 562936 493640 1.12477e+06 282306 842464 786376 559902 2.14756e+07 1.27625e+06 1.21908e+06
internal_count=34580 2892 2012 880 842 822 1998 420 1578 1562 1449 31688 3033 3000
cat_boundaries=0 1
cat_threshold=400
is_linear=0
shrinkage=0.05


Tree=224
num_leaves=15
num_cat=0
split_feature=19 19 11 3 4 8 14 0 16 23 23 7 2 3
split_gain=14780.1 16734.2 14372.2 27897.1 24357.3 22958.7 15201.3 21943.8 19847.1 14951.1 14212.3 67719.1 16861.5 13665.7
threshold=0.027603022798991603 0.0094135040371133016 -0.12235937657627534 16.850451675266942 15.671112823407698 0.17442642456179139 2.4073537941007941 16.272741767951768 18.114578210008297 0.84312269806514462 0.71288589993053408 17.115974588496943 17.4270168375546 17.445700346247609
decision_type=2 2 2 2 2 2 10 2 2 10 10 2 2 2
left_child=1 10 3 6 -4 -6 8 9 -2 -8 11 -1 13 -12
right_child=2 -3 4 -5 5 -7 7 -9 -10 -11 12 -13 -14 -15
leaf_value=0.00044374250151252276 -4.8665047293026025e-05 0.00058232271213612841 -0.00065029191227623665 0.0012481578415880037 -0.00010713324053262997 -0.0037408488194344267 -0.0093077081939704209 -0.0066972181913955544 0.0039029442269472741 0.0032449201323523583 -1.6728072540484012e-05 0.0022294047954319186 -0.00012917997255816916 -0.0012121812816356123
leaf_weight=2056007.1695756912 1166411.6869770288 4277337.6218334436 2354880.4520618916 112497.30981445312 562189.98547363281 426126.44128417969 69391.141095161438 33604.294677734375 110233.29647827148 95444.885099172592 11404793.310170889 96962.64111328125 511768.2998046875 115754.80126953125
leaf_count=3315 1965 6418 4322 20 120 118 237 8 61 366 17451 17 75 19
internal_value=4.39719e-05 0.000693463 -0.00238796 0.00152934 -0.00424817 -0.010836 -0.000301045 -0.0131753 0.00170011 -0.005668 -0.000133132 0.00360831 -0.000802597 -0.0004081
internal_weight=2.33934e+07 1.84626e+07 4.93078e+06 1.58758e+06 3.3432e+06 988316 1.47509e+06 198440 1.27664e+06 164836 1.41853e+07 2.15297e+06 1.20323e+07 1.15205e+07
internal_count=34512 27295 7217 2657 4560 238 2637 611 2026 603 20877 3332 17545 17470
is_linear=0
shrinkage=0.05


Tree=225
num_leaves=15
num_cat=0
split_feature=17 15 22 16 11 20 4 2 9 11 2 22 24 15
split_gain=14816 69049.6 32893.6 26679.2 23968.2 31853.6 29523.2 21915.7 20436.8 19394.4 41953.9 19157 16934.2 16466.7
threshold=0.24497248980684103 18.240697324411439 19.585498256664632 18.472836192843562 -0.019390666040090196 0.016445850632137802 16.166066284103554 17.4270168375546 0.1943338755616151 0.18280861307515647 15.666534854658034 18.647042967283316 2.4261816552850752 19.243659703164621
decision_type=2 2 2 2 2 8 2 2 2 2 2 2 10 2
left_child=2 4 7 9 6 8 11 -1 -6 13 12 -2 -11 -4
right_child=1 -3 3 -5 5 -7 -8 -9 -10 10 -12 -13 -14 -15
leaf_value=-1.9143417765637547e-05 0.00035752054035429631 -0.0026161937835389813 0.00048368179101956893 0.002737371151392113 -0.0028528496467623136 0.00076080737760091544 0.00037327998721321657 -0.00045643978715267247 -0.00062443880717505569 0.0040949455796132489 0.0044025521314200551 -0.0041138135238142611 -0.0071802258518070157 -4.9795480812909202e-05
leaf_weight=18266935.457970977 278500.15179443359 421297.17626953125 756743.63987159729 371504.18594360352 292075.306640625 435840.31469726562 1050568.4350585938 59891.29833984375 486826.87902832031 263144.30267333984 125808.29455566406 152925.5947265625 80810.662391662598 304900.46049499512
leaf_count=31899 219 70 811 199 79 189 236 10 183 295 31 88 127 125
internal_value=-1.88566e-05 -0.0032271 0.000475634 0.00673262 -0.000286169 -0.00549271 0.00398147 -0.000174041 -0.0115493 0.00381664 0.0122755 -0.00703108 0.0032386 7.36994e-05
internal_weight=2.33478e+07 3.11803e+06 2.02297e+07 1.90291e+06 2.69674e+06 1.21474e+06 1.48199e+06 1.83268e+07 778902 1.53141e+06 469763 431426 343955 1.06164e+06
internal_count=34561 1064 33497 1588 994 451 543 31909 262 1389 453 307 422 936
is_linear=0
shrinkage=0.05


Tree=226
num_leaves=15
num_cat=0
split_feature=10 14 15 15 15 19 19 19 10 21 6 8 23 0
split_gain=9984.05 9590.65 24346.2 21003.2 21404.6 18555.5 22678.2 23617.1 21446.1 35613.9 28419.8 25695.3 19528.1 30088.9
threshold=-2.8890179336213073 1.4601957803951482 19.211355620242706 19.177649224056299 19.154990282375522 -0.0099925694715324986 -0.0083378322809124477 -0.0068088616079068987 -0.11807808009102233 8.0643671857026558 16.195518319119824 0.23857776118454019 -0.49725121083246643 15.924256278800728
decision_type=2 8 2 2 2 2 2 2 2 10 2 2 10 2
left_child=-1 -2 3 4 5 8 -7 -8 9 -3 -10 -11 -9 -14
right_child=1 2 -4 -5 -6 6 7 12 10 11 -12 -13 13 -15
leaf_value=-0.12209220111065167 -0.0002350629253346624 -0.027189042222029891 0.00032472713340363332 -0.0013292608151890717 0.0033445541501496024 0.0055156944636578125 -0.0036923143726010528 -0.0022397210481797367 -0.00074973323477949352 0.0012348991991312159 -0.0012794930684444431 5.6602786564071862e-05 -3.7399333330565737e-05 0.00047383659482655519
leaf_weight=142768.79543972015 10745849.786332369 77274.663255214691 3192238.5001296997 223726.08233642578 130145.08363342285 200094.96783924103 222182.11903524399 597151.45728683472 1660368.7055873871 308884.76470565796 814544.87060546875 874060.98922204971 2804541.5721074343 1476518.5522460938
leaf_count=1080 15657 301 1906 115 78 354 363 1236 4015 211 182 1828 6893 346
internal_value=3.78735e-05 0.00011855 0.00105548 -0.000226971 0.000142487 -0.000147497 0.00175455 0.00110677 -0.00284668 0.00246275 -0.00555022 0.00461104 0.00183288 0.00301439
internal_weight=2.34704e+07 2.33276e+07 1.25817e+07 9.38949e+06 9.16577e+06 9.03562e+06 5.30049e+06 5.10039e+06 3.73513e+06 1.26022e+06 2.47491e+06 1.18295e+06 4.87821e+06 4.28106e+06
internal_count=34565 33485 17828 15922 15807 15729 9192 8838 6537 2340 4197 2039 8475 7239
is_linear=0
shrinkage=0.05


Tree=227
num_leaves=15
num_cat=0
split_feature=11 0 21 4 20 23 23 4 23 6 8 17 14 17
split_gain=11435.6 16096.5 41156.5 17265.2 25763.5 14752.4 43468.4 16624.4 14291.9 15850.8 15039.5 17854.7 15282.6 21683.3
threshold=-0.070000168779436892 16.272741767951768 10.954471502539871 15.567517914566457 0.00036693853648560006 6.7582366309950865 6.664195412093501 16.410410087137191 7.5477531352008409 15.947782723660634 0.24438651934023772 0.020387674020296755 2.2607014958487679 0.037514686128720907
decision_type=2 2 10 2 10 10 10 2 10 2 2 2 10 2
left_child=1 3 -3 -1 -5 6 -2 8 9 -7 11 -10 13 -12
right_child=5 2 -4 4 -6 7 -8 -9 10 -11 12 -13 -14 -15
leaf_value=0.00077308704711008677 -9.2952737554102957e-05 0.00051951045435358236 -0.00030817812560892256 -8.9963766378179307e-05 -0.0035032668210064882 0.0027905798933113685 -0.010336448678160779 0.0006992979622904745 3.447280849752274e-05 0.0069353237720142687 0.00064841030436848775 -0.0083051902162987919 -0.0099059791345589548 0.011074395354189404
leaf_weight=6421659.6728841066 12728867.216037035 940397.78149414062 546140.09057617188 644566.36877441406 280642.87109375 516259.29018974304 189011.26182460785 133523.17846679688 151908.77613449097 101958.07641601562 432092.58793699741 135943.90147399902 75308.013936042786 104105.92260742188
leaf_count=13860 16996 204 110 231 102 1215 186 31 197 30 891 120 302 79
internal_value=1.85705e-05 0.00143802 0.006183 0.000477939 -0.00590777 -0.000842065 -0.00141089 0.00360831 0.00212011 0.00797254 -0.00190283 -0.0113268 0.0025333 0.00549558
internal_weight=2.34024e+07 8.83341e+06 1.48654e+06 7.34687e+06 925209 1.4569e+07 1.29179e+07 1.6511e+06 1.51758e+06 618217 899359 287853 611507 536199
internal_count=34554 14507 314 14193 333 20047 17182 2865 2834 1245 1589 317 1272 970
is_linear=0
shrinkage=0.05


Tree=228
num_leaves=15
num_cat=0
split_feature=14 18 25 24 22 22 3 9 1 9 15 5 20 19
split_gain=14376 25547.2 25763.5 23726.6 25002.1 34756.3 19630 19558.6 29653.5 21051.8 26331.4 26041.6 16868.4 23251.5
threshold=1.4601957803951482 0.43169913517137892 0.25000000000000011 2.8807611819448851 18.57429936513331 18.027512172091555 16.3974896391274 0.37498423222372806 15.466919523786144 0.11263565210970426 19.309486169614129 17.382494435338344 -0.020327089932287098 0.0035602670693549504
decision_type=8 8 2 10 2 2 2 2 2 2 2 2 8 2
left_child=6 2 7 4 5 -3 -1 9 -9 -2 11 -11 -5 -14
right_child=1 3 -4 12 -6 -7 -8 8 -10 10 -12 -13 13 -15
leaf_value=-0.00015727831636901506 -0.00029444934153729141 5.5299278559408023e-05 0.00040928788180105539 0.0041509450953902136 0.00065785277416401838 -0.029708879003941504 -0.00058855059850994806 -0.0034160956699687247 -0.0079965773594262816 0.000149315639737961 0.00078558894149829007 -0.0018678235839526818 2.2661984401902951e-05 0.0022432362135164376
leaf_weight=10282754.939515471 315036.55252075195 1645474.0149059296 3685619.8799276352 177674.00105667114 669439.57262420654 103989.17639160156 467222.28515625 1758948.6833921671 157527.83044433594 2475038.5633583069 177828.94451904297 189893.90478515625 571935.95390319824 574595.10548210144
leaf_count=15833 153 1679 6416 208 163 62 114 6278 53 2158 81 31 605 629
internal_value=0.000424222 0.001577 9.95937e-05 0.00503455 0.00208918 -0.00105533 -0.000916546 -0.00221136 -0.00619604 0.000206949 0.00156599 0.000322923 0.0104148 0.00819329
internal_weight=2.3253e+07 1.2503e+07 8.75989e+06 3.74311e+06 2.4189e+06 1.74946e+06 1.075e+07 5.07427e+06 1.91648e+06 3.1578e+06 2.84276e+06 2.66493e+06 1.32421e+06 1.14653e+06
internal_count=34463 18516 15170 3346 1904 1741 15947 8754 6331 2423 2270 2189 1442 1234
is_linear=0
shrinkage=0.05


Tree=229
num_leaves=15
num_cat=1
split_feature=3 10 14 8 8 10 11 3 11 5 10 28 27 24
split_gain=12458 21191.4 43897.4 34440.7 31466.4 26755.9 28710.7 54934.7 20010.4 13146 12169.7 19712.4 22553.3 22092
threshold=15.328408887801364 -0.11807808009102233 1.4601957803951482 0.19925397828363969 0.31131776125310823 -0.069648936950512594 0.14356020976537923 16.273039820797113 0.08656168567912291 15.80993700773832 0.017765846398964901 0 10.500000000000002 1.6185599954412302
decision_type=2 2 10 2 2 2 2 2 2 2 2 1 2 10
left_child=9 2 8 -4 -5 -3 10 -8 -2 -1 -7 -12 13 -13
right_child=1 5 3 4 -6 6 7 -9 -10 -11 11 12 -14 -15
leaf_value=-0.0001592587423193958 -0.0046502402481207123 -0.001091982526748458 -2.976497748207585e-05 0.003679224574021628 0.00067560447243644522 0.00042099272826156067 0.0013179425981485 -0.0025488337725626926 0.00058534253713918391 -0.0055088601126597391 -0.00017559356946377451 -0.00025992821294808639 0.0023191255461083066 0.00025640354586023428
leaf_weight=15648700.917061687 317842.28900146484 674443.16845703125 495250.85412597656 413373.9931640625 530366.16845703125 1377278.7432861328 480886.72387695312 503220.86987304688 321437.0751953125 117759.83715820312 543016.20532226562 600290.38000488281 383544.85119628906 848003.7158203125
leaf_count=32387 115 184 121 109 172 353 187 109 121 45 117 155 97 244
internal_value=0.000260956 0.0019401 0.00623166 0.0110751 0.0166787 0.000291694 0.00161851 -0.00598289 -0.00467074 -0.000536626 0.00361219 0.00144367 0.00392385 0.00106884
internal_weight=2.32554e+07 7.48896e+06 2.07827e+06 1.43899e+06 943740 5.41068e+06 4.73624e+06 984108 639279 1.57665e+07 3.75213e+06 2.37486e+06 1.83184e+06 1.44829e+06
internal_count=34516 2084 638 402 281 1446 1262 296 236 32432 966 613 496 399
cat_boundaries=0 1
cat_threshold=520
is_linear=0
shrinkage=0.05


Tree=230
num_leaves=15
num_cat=0
split_feature=9 8 9 23 17 23 15 16 8 14 11 17 22 26
split_gain=12724.9 25499.6 23360.7 20014.9 14641.7 24037.8 33419.2 29249.5 26946.1 24478.1 21000.6 28562.2 26915 22820.9
threshold=0.11263565210970426 0.10396346776495162 0.099641508914028162 2.4308761225760551 0.089239508121144312 2.9297587472125404 16.970449717789354 18.284852716366021 0.13724328153741419 2.3208692223973153 0.12366346145278931 0.35588037541285428 21.05931847536657 -0.5
decision_type=2 2 2 10 2 10 2 2 2 10 2 2 2 2
left_child=1 2 3 -1 -2 6 -6 -8 -7 -9 11 13 -12 -10
right_child=4 -3 -4 -5 5 8 7 9 10 -11 12 -13 -14 -15
leaf_value=-5.0228458840961043e-05 -4.5604298900747864e-06 -0.00064727426805948453 -0.00037792146895737752 0.0038823142328755778 -0.00038550979328197334 -0.0022027253923482485 0.0014001057545847558 0.00064355325088384272 -0.0054473326403781351 -3.3286060556169535e-05 0.0022926719189221979 0.00073747273110784058 -0.0026581348061962395 -0.00025271008529516347
leaf_weight=225247.9162902832 16789138.6988343 294937.93330383301 205271.82647705078 153565.18536376953 921033.81118774414 387881.75650024414 996821.39868164062 645063.50146484375 252693.10125732422 985574.98791503906 545162.92584228516 484846.39263916016 188398.0768737793 478536.35375976562
leaf_count=98 31736 96 71 159 704 165 296 127 145 219 309 209 113 278
internal_value=0.000505921 -0.00539661 0.000654909 0.00801574 0.000734738 0.00288056 0.00547392 0.00834679 -0.00105631 0.0042221 0.00133818 -0.0026922 0.00801965 -0.00893186
internal_weight=2.35542e+07 879023 584085 378813 2.26752e+07 5.88601e+06 3.54849e+06 2.62746e+06 2.33752e+06 1.63064e+06 1.94964e+06 1.21608e+06 733561 731229
internal_count=34725 424 328 257 34301 2565 1346 642 1219 346 1054 632 422 423
is_linear=0
shrinkage=0.05


Tree=231
num_leaves=15
num_cat=1
split_feature=3 4 11 26 28 3 17 0 21 14 14 4 20 11
split_gain=19124.8 28000.5 11656.7 11196.1 13645.3 28846 21364.8 32748.3 22196 18560.6 29282.5 29842.2 14010.5 24344.7
threshold=17.171183635107628 17.181523356598721 0.0030688687109714004 1.0000000180025095e-35 0 16.041732990297305 0.031433905072916657 15.802459769609863 10.896494053253278 2.3753785055257124 1.3403162585898698 15.003254220103308 -0.0026135390833788995 -0.05325308337230699
decision_type=2 2 2 2 1 2 2 2 10 10 10 2 8 2
left_child=1 3 -2 -1 5 -5 7 -6 9 10 11 -8 -12 -14
right_child=2 -3 -4 4 6 -7 8 -9 -10 -11 12 -13 13 -15
leaf_value=0.00025289496833297965 -2.7465936996476094e-06 -0.00091642465093431989 0.00027627148149696141 -0.00038524753546924991 -0.0003324274418847039 0.0018743881637996486 -0.00064614935462639514 0.01135044711224195 -0.0022049557925763997 -0.0018229262743583549 -0.00013768428667914332 -0.011137762476553155 0.0017660938397852325 0.00010791798094958441
leaf_weight=10887276.617133737 644022.6826171875 382258.10986328125 862712.04638671875 1548831.5506701469 5305074.2598392963 443137.22509765625 610765.07992553711 87691.42236328125 571132.34036254883 318362.67144775391 392636.26663208008 413580.69641113281 299985.19169616699 602430.84539794922
leaf_count=17272 107 72 138 5187 9709 116 636 37 346 126 169 151 158 273
internal_value=2.16807e-05 -0.000353812 0.00547019 -0.000115114 -0.00127233 0.00245664 -0.00213588 -0.000213677 -0.00536629 -0.00343129 -0.00187739 -0.00819433 0.0031191 0.00654951
internal_weight=2.33699e+07 2.18632e+07 1.50673e+06 2.14809e+07 1.05936e+07 1.99197e+06 8.60166e+06 5.39277e+06 3.20889e+06 2.63776e+06 2.3194e+06 1.02435e+06 1.29505e+06 902416
internal_count=34497 34252 245 34180 16908 5303 11605 9746 1859 1513 1387 787 600 431
cat_boundaries=0 1
cat_threshold=161
is_linear=0
shrinkage=0.05


Tree=232
num_leaves=15
num_cat=1
split_feature=29 23 10 18 18 11 17 15 9 4 14 20 15 4
split_gain=13024.9 28460 21272.2 19232.7 19150.2 37714.9 17345.4 15344.7 15286.5 15354.7 30076.2 16125.8 12698.7 12628.2
threshold=0 0.59316263508013412 0.17879510618564873 0.095123304185175658 0.54841520192399529 0.0030688687109714004 0.14878762078016677 18.096825429615407 0.11263565210970426 17.019152678527846 1.5631120779999457 0.012158174755690051 17.001248682662279 17.019152678527846
decision_type=1 10 2 10 10 2 2 2 2 2 8 8 2 2
left_child=1 -1 3 6 5 7 12 -5 9 10 -2 -12 -3 -10
right_child=8 2 -4 4 -6 -7 -8 -9 13 -11 11 -13 -14 -15
leaf_value=-0.001714335997389413 -0.00118510553619055 0.0040825286828913071 -0.00088722807064518414 0.001972063346987964 -5.5228071435387892e-06 0.0021927032479734944 -0.0040017863323423344 -9.8833667618785539e-05 -7.4950678779808679e-05 -0.001325566885235173 -3.9563046921245529e-05 0.001261774486911641 -0.0020026052839666442 0.00035545728895756566
leaf_weight=280057.24197387695 152587.2985534668 240272.87925720215 431341.34837341309 454856.13452148438 523639.291015625 523075.98413085938 119440.15899658203 410493.03930664062 18996428.745295167 286603.0166015625 147996.56600952148 102643.17485046387 160978.97387695312 613667.50854492188
leaf_count=123 62 405 228 143 103 125 102 93 32608 54 71 171 127 120
internal_value=-1.56787e-05 0.00297889 0.00446643 0.00628087 0.00860083 0.0116738 -0.00223839 0.00526686 -0.000479494 -0.00779503 -0.00150599 0.0091487 0.00274057 -0.000222154
internal_weight=2.34441e+07 3.14416e+06 2.8641e+06 2.43276e+06 1.91206e+06 1.38843e+06 520692 865349 2.02999e+07 689830 403227 250640 401252 1.96101e+07
internal_count=34535 1449 1326 1098 464 361 634 236 33086 358 304 242 532 32728
cat_boundaries=0 1
cat_threshold=16
is_linear=0
shrinkage=0.05


Tree=233
num_leaves=15
num_cat=1
split_feature=16 19 16 1 28 10 11 19 19 1 8 23 23 0
split_gain=9886.52 37088.5 31391 27010.1 23875.6 20473.6 16449.6 42895 29176.5 23187.6 10534.7 10086.5 36824.9 31446.9
threshold=18.179163792832941 -0.016407059656580947 18.314726746826736 16.84045422280521 0 0.12817914883059969 -0.09545175456844919 0.021145090474372654 0.016262469629360007 16.532859834196291 0.16368538215422643 5.0121942176547156 5.0069514798528703 16.532359858528654
decision_type=2 2 2 2 1 2 2 2 2 2 2 10 10 2
left_child=3 2 -2 11 -4 6 8 9 -3 10 -8 12 -1 -13
right_child=1 5 4 -5 -6 -7 7 -9 -10 -11 -12 13 -14 -15
leaf_value=-2.5619194641934457e-05 0.00045276477194266645 6.2174608620052161e-05 -0.0025552255707709795 -0.00058351806175807412 -2.711887237202888e-05 0.0018678643764971717 -0.00088585860040863622 -0.00070085469896899824 0.0019915854929823877 0.00056815394505805921 0.00048297010312900191 0.00062898874717908317 -0.068908183859519176 0.002592084696881867
leaf_weight=14308228.833320379 357627.30967712402 447887.09759521484 441017.38537597656 586991.88671875 398345.1845703125 503227.98182678223 147576.35498046875 665615.23315429688 297937.74003601074 661282.73315429688 175645.59005737305 4220429.3830990791 69528.588584899902 199177.86499023438
leaf_count=23765 139 170 118 124 199 216 93 229 117 120 128 9004 135 52
internal_value=0.000475692 0.00270759 -0.00469686 4.06274e-06 -0.00998213 0.00576469 0.00383906 0.00105377 0.0100014 0.00768232 -0.00329338 0.000333881 -0.000308271 0.00242291
internal_weight=2.34805e+07 4.09616e+06 1.19699e+06 1.93844e+07 839363 2.89917e+06 2.39594e+06 1.65012e+06 745825 984505 323222 1.87974e+07 1.43778e+07 4.41961e+06
internal_count=34609 1529 456 33080 317 1073 857 570 287 341 221 32956 23900 9056
cat_boundaries=0 1
cat_threshold=292
is_linear=0
shrinkage=0.05


Tree=234
num_leaves=15
num_cat=1
split_feature=29 10 14 24 4 11 4 11 25 0 1 22 22 22
split_gain=12150.3 31541.6 32411.5 28238.4 23225.3 20380.8 30859.8 22886.5 19650.3 17069.3 12180.4 11379.9 13207.9 15723.3
threshold=0 -0.26440231926440821 2.3967765170570732 1.2576410032575902 16.701148858548322 0.17355709227571658 16.283999875186893 -0.066974212558948296 1.0000000180025095e-35 15.924256278800728 14.657116740874661 21.068462403521643 21.068016142521437 21.06749716986349
decision_type=1 2 10 10 2 2 2 2 2 2 2 2 2 2
left_child=1 9 3 -3 8 6 7 10 -4 -1 -5 12 13 -2
right_child=11 2 4 5 -6 -7 -8 -9 -10 -11 -12 -13 -14 -15
leaf_value=0.00044202696923743162 -2.8091947010869198e-05 -0.0007942133840769599 0.0017924773851377305 0.0079638563178635359 -0.0048151593219779064 -0.0020862884250138548 0.0010031374285023021 -0.0030786460226248681 -0.002408879014504576 0.0023068430231812753 -0.00086154508562860286 0.00072480350341638713 -0.00059855236984295793 0.0071120885506200633
leaf_weight=202687.93734741211 19867944.005830646 455229.04234313965 145402.42741394043 154159.58006286621 226368.22143554688 266438.2310333252 863314.17529296875 290013.05543518066 91778.23323059082 241506.01806640625 130491.34313964844 142233.76951599121 128830.26144218445 102776.42324829102
leaf_count=173 32761 187 141 169 45 146 158 195 125 47 66 150 85 90
internal_value=0.00030455 0.00323705 0.00115066 0.00372556 -0.0108456 0.00668035 0.00903385 5.60925e-05 8.81479e-05 0.0155584 0.0101278 -0.000139836 -0.000239565 -0.00013662
internal_weight=2.33092e+07 3.06739e+06 2.62319e+06 2.15965e+06 463549 1.70442e+06 1.43798e+06 574664 237181 444194 284651 2.02418e+07 2.00996e+07 1.99707e+07
internal_count=34538 1452 1232 921 311 734 588 430 266 220 235 33086 32936 32851
cat_boundaries=0 1
cat_threshold=16
is_linear=0
shrinkage=0.05


Tree=235
num_leaves=15
num_cat=1
split_feature=29 23 10 19 10 10 24 23 19 17 3 4 20 17
split_gain=9658.85 39945.9 35019.9 29076.1 32915.7 51172 32079.6 29065.1 25911.8 23149 13059.6 9086.57 7626.08 20495.7
threshold=0 1.8842839142952352 -0.26440231926440821 -0.00078157301100149987 0.14327876101422718 0.046142006192233007 3.8717401976123855 2.5830001599057755 -0.024983050529634447 0.20761420437122818 15.670241562971784 14.503345204972591 0.067003649777882965 0.082267795018298021
decision_type=1 10 2 2 2 2 10 10 2 2 2 2 10 2
left_child=1 9 -3 4 5 8 7 -5 -4 10 11 -1 -2 -14
right_child=12 2 3 6 -6 -7 -8 -9 -10 -11 -12 -13 13 -15
leaf_value=0.0012901103918102294 6.2966712279991993e-05 0.003486162848891194 0.0016458073124352289 0.00015348703996363912 -0.002617611925858371 0.0035158540810246081 -0.00030069919952627699 0.0029747444265650633 -0.0010521800268179023 -0.0029045299024162436 0.00085297071968788252 -0.0049709606696626283 -0.0055281590766011746 0.00040744518764920335
leaf_weight=104133.64755249023 19454876.239940524 335294.48266601562 253567.14086914062 348204.31774902344 240878.41711425781 274053.82499694824 276860.08874511719 361425.3830871582 356986.10629272461 234600.9365234375 163987.30969238281 122979.16882324219 403235.76696252823 244468.91455078125
leaf_count=155 32101 164 111 157 125 105 129 180 160 44 44 69 766 90
internal_value=0.000540456 0.0031512 0.00603371 0.00365054 -0.00184196 0.00262 0.00991692 0.0155488 -0.00543689 -0.00812296 -0.000674383 -0.00843821 0.000141365 -0.00519592
internal_weight=2.31756e+07 3.07297e+06 2.44727e+06 2.11198e+06 1.12549e+06 884607 986490 709630 610553 625701 391100 227113 2.01026e+07 647705
internal_count=34400 1443 1131 967 501 376 466 337 271 312 268 224 32957 856
cat_boundaries=0 1
cat_threshold=16
is_linear=0
shrinkage=0.05


Tree=236
num_leaves=15
num_cat=1
split_feature=0 23 23 16 0 24 23 28 24 9 0 7 22 20
split_gain=12164.4 11139 29582.1 17932.1 16974.6 30409.5 14733.6 20029.6 18839.3 14560.5 11944.6 25718.8 23506.5 24682.5
threshold=17.156634566241113 5.0121942176547156 5.0069514798528703 14.883831308791066 16.532359858528654 1.8887705489460453 5.5553872495854106 0 10.960149042668801 0.099641508914028162 15.802459769609863 13.93413233424074 17.223726295556734 -0.0039738287678419996
decision_type=2 10 8 2 2 10 10 1 8 2 2 2 2 10
left_child=1 2 4 -4 9 -6 7 -3 10 -1 11 -8 -13 -14
right_child=-2 6 3 -5 5 -7 8 -9 -10 -11 -12 12 13 -15
leaf_value=0.0024436313091269713 0.00011662952483699388 -0.0056501997616833395 -0.0021656599564568932 -0.036031038257719743 2.4289206588257552e-05 -0.00057882028520914533 0.0031642308428406138 0.005451951600181075 -0.0082363059983886957 -3.9388739835184987e-05 0.00067683104521717692 0.0012400450098231347 -0.0088110804637121735 1.209136867227221e-05
leaf_weight=74676.086715698242 1564939.2172851562 136600.51543772221 83890.727760314941 73479.532176971436 1102342.0998535156 854332.67333984375 1834152.0190176964 572346.10520935059 216010.22520637512 15048620.83664465 541099.17797851562 365894.60522460938 542865.97937011719 356332.37878417969
leaf_count=107 253 312 170 78 229 194 6453 1115 231 24409 154 227 358 234
internal_value=7.30171e-05 -0.000232618 -0.000814236 -0.0223933 -0.000615413 -0.0049976 0.00196342 0.00858819 0.000745527 -4.84395e-05 0.00159682 0.000400094 -0.00508424 -0.00943188
internal_weight=2.33676e+07 2.18026e+07 1.72373e+07 157370 1.708e+07 1.95667e+06 4.5653e+06 708947 3.85635e+06 1.51233e+07 3.64034e+06 3.09924e+06 1.26509e+06 899198
internal_count=34524 34271 25187 248 24939 423 9084 1427 7657 24516 7426 7272 819 592
cat_boundaries=0 1
cat_threshold=720
is_linear=0
shrinkage=0.05


Tree=237
num_leaves=15
num_cat=2
split_feature=23 14 17 6 23 28 16 4 0 4 28 3 0 0
split_gain=9481.3 19732.4 13595.7 15398.5 12849.5 18419 10871.5 26888 24313.6 22265.7 16841.4 9989.14 9964.12 33355.8
threshold=5.0731261683422906 0.47260507788121786 0.020387674020296755 14.510808270971454 5.5553872495854106 0 17.278295926961022 14.685140230171404 15.802459769609863 15.26867331021578 1 13.796235801990344 16.532359858528654 16.993748182993098
decision_type=10 8 2 2 10 1 2 2 2 2 1 2 2 2
left_child=1 2 -1 -4 5 -2 8 10 9 -6 -8 -7 -3 -14
right_child=4 12 3 -5 6 11 7 -9 -10 -11 -12 -13 13 -15
leaf_value=0.00028724566826937283 -0.014343148272877608 0.00010713373862483815 -0.010092747242115532 0.0003468533808432591 0.00078274349462935714 0.0029082467273442028 0.019316880178138651 -0.0032909534785615655 0.0021173107262198276 -0.0075201729819833396 -0.0027279265506463327 0.0043748870010496517 -0.0003885842140841009 5.3661278930036654e-05
leaf_weight=218347.76099395752 56138.627320289612 14726590.160676479 321599.57011413574 76753.066772460938 2790178.9464330673 262226.52794075012 80206.047973632812 320065.57080078125 500133.10473632812 224936.14135742188 77383.367950439453 319320.82122802734 1356136.9914550781 1992106.8405761719
leaf_count=902 157 23525 513 48 7136 855 84 94 152 95 125 169 306 340
internal_value=0.000110734 -0.000391048 -0.00918608 -0.0146824 0.0021362 0.00872697 0.00108362 -0.00599408 0.00204534 0.000351757 0.0109122 0.0113671 -9.09684e-05 -0.00255301
internal_weight=2.33221e+07 1.86915e+07 616700 398353 4.63059e+06 637686 3.9929e+06 477655 3.51525e+06 3.01512e+06 157589 581547 1.80748e+07 3.34824e+06
internal_count=34501 25634 1463 561 8867 1181 7686 303 7383 7231 209 1024 24171 646
cat_boundaries=0 1 2
cat_threshold=656 196
is_linear=0
shrinkage=0.05


Tree=238
num_leaves=15
num_cat=1
split_feature=17 11 9 14 17 24 24 24 24 2 0 30 14 22
split_gain=13200 23124.1 40925.1 16531.6 14307.8 10645.9 32236.7 19016.6 16346.7 28703.7 25450.2 19076.5 16451.8 15578.9
threshold=0.44081722901546433 -0.059825594992933093 0.19850244440611808 -0.18160916797342183 0.089239508121144312 2.4077208795437905 2.4443359843414556 2.4548095692014305 2.0753629681971755 17.165595607188539 16.684382928863482 0 1.0009242062934596 18.668553778068077
decision_type=2 2 2 8 2 8 8 8 10 2 2 1 10 2
left_child=3 -2 -3 4 -1 8 -7 -8 12 10 11 -10 -5 -9
right_child=1 2 -4 5 -6 6 7 13 9 -11 -12 -13 -14 -15
leaf_value=-0.0029174662450368017 0.0033886282332267533 -0.0014935464872438112 0.00040407615715014691 0.0036316681465135177 -0.013560318318800153 0.0030874815407597872 -0.0065945312243909648 0.00032608258313725598 -0.0019412988346021297 0.00082507369802448842 -0.0019325724769111105 -0.038820236075673004 -7.8616768362856841e-05 -0.00036730827066762297
leaf_weight=135708.44960069656 328526.94543457031 238616.85949707031 397540.50476074219 1036861.1479854584 63059.337310791016 428694.60167121887 96205.619031906128 8314500.7475397587 990439.07452917099 69486.08447265625 87888.162353515625 66227.789569854736 9701460.2935388088 1430171.0453161001
leaf_count=535 152 76 183 2322 87 316 141 13741 1646 11 19 112 12215 2788
internal_value=0.000316865 0.00604372 0.000480665 7.04582e-05 -0.0142851 0.000198864 0.00137951 0.000794823 -0.00081556 -0.00631489 -0.00820921 -0.00605894 -0.000193822 0.00101321
internal_weight=2.33854e+07 964684 636157 2.24207e+07 198768 2.22219e+07 1.02696e+07 9.84088e+06 1.19524e+07 1.21404e+06 1.14456e+06 1.05667e+06 1.07383e+07 9.74467e+06
internal_count=34344 411 259 33933 622 33311 16986 16670 16325 1788 1777 1758 14537 16529
cat_boundaries=0 1
cat_threshold=9
is_linear=0
shrinkage=0.05


Tree=239
num_leaves=15
num_cat=0
split_feature=16 2 7 4 23 23 22 15 2 3 21 11 23 4
split_gain=13578.8 14345.6 18791.1 13304.9 30127.4 32030.8 22350.7 11422.1 18576.2 9034.72 26782.5 24804 20294.9 17525.9
threshold=18.650510177953056 17.165595607188539 16.98736325551755 16.283999875186893 3.5708120929133655 2.4592401346601553 18.658842747333861 19.400405232517958 14.202104997510981 14.992560563850814 7.9927916376927541 -0.23289705498523092 6.1684285672841659 15.333319931153808
decision_type=2 2 2 2 10 10 2 2 2 2 10 2 8 2
left_child=1 2 3 7 5 6 -5 9 -9 -1 -11 -12 13 -13
right_child=-2 -3 -4 4 -6 -7 -8 8 -10 10 11 12 -14 -15
leaf_value=-0.00010255163423729952 -0.00058436959383903898 0.00026382355180713682 -0.00022675130037327123 0.00065183521382884951 0.0010282372118919135 -0.0004799019179635567 -0.00035692377968519188 0.00248560495177301 -0.0034958729653063111 -0.0044671874711669961 0.0031705368471206053 0.00091868744596128272 0.0046710615553786101 -0.00045249855923630415
leaf_weight=13733305.62244904 351505.48892211914 1271137.0991210938 871304.80810546875 722641.33203125 495246.02685546875 545237.0791015625 395724.74243164062 391712.53659057617 437104.76654052734 293880.46807861328 445074.61920166016 1241152.8491210938 430292.66162109375 1708955.8365478516
leaf_count=30829 127 207 167 189 130 136 101 693 238 132 202 640 169 623
internal_value=0.000387466 0.000536631 0.000234373 0.000535141 0.00425151 0.00102877 0.00587305 0.000105674 -0.0056323 0.000372062 0.00242582 0.00354326 0.00208236 0.000602765
internal_weight=2.33343e+07 2.29828e+07 2.17116e+07 2.08403e+07 2.15885e+06 1.6636e+06 1.11837e+06 1.86815e+07 828817 1.78527e+07 4.11936e+06 3.82548e+06 3.3804e+06 2.95011e+06
internal_count=34583 34456 34249 34082 556 426 290 33526 931 32595 1766 1634 1432 1263
is_linear=0
shrinkage=0.05


Tree=240
num_leaves=15
num_cat=0
split_feature=24 18 11 15 10 24 25 1 24 17 27 17 16 25
split_gain=11326.3 15153 23399.7 19851.2 10946.1 9480.69 16291.1 17992 9912.22 26473.8 14181.8 14347.2 9537.25 9641.85
threshold=13.769584241537652 0.99991832796946301 0.43001602906359798 19.304735945379395 -0.13045331306821853 -1.3623815550806297 -0.6830127018922193 12.614553199269517 -0.66570422814755437 0.044588837978661207 3.5000000000000004 0.013042207876639003 18.650510177953056 -0.93301270189221919
decision_type=10 10 2 2 2 8 2 2 8 2 2 2 2 2
left_child=5 3 4 -2 -3 6 -1 -8 9 10 -7 -12 13 -10
right_child=1 2 -4 -5 -6 8 7 -9 12 -11 11 -13 -14 -15
leaf_value=-0.00092922136475198788 0.0028355712067435982 0.012457726035595973 -0.0086147976385930365 0.0070235022389097583 -0.0033300251022125743 -0.0066026483221895112 -0.0027903818053844499 0.011362133531858406 0.0005539151402032869 -0.019860640559078407 -0.0010957764085277794 0.0048077534364505759 -0.00076122564881346902 -1.8713032580025099e-05
leaf_weight=53772.528516769409 162990.4250998497 115467.70413208008 75938.819297790527 145734.54183959961 168863.30138778687 74471.824731826782 61919.873859405518 91364.805267333984 1837151.5926909447 68170.435150146484 153696.67367172241 57485.367095947266 358583.47415161133 19875449.860532403
leaf_count=113 591 149 77 94 268 133 251 73 2712 47 351 55 120 29451
internal_value=0.000204492 0.00661625 -0.000349682 0.0147452 0.0062357 1.49629e-05 0.0106649 0.0189717 -8.33717e-05 -0.00838586 -0.00170454 0.00491127 4.97258e-05 0.000183296
internal_weight=2.33011e+07 668995 360270 308725 284331 2.26321e+07 207057 153285 2.2425e+07 353824 285654 211182 2.20712e+07 2.17126e+07
internal_count=34485 1179 494 685 417 33306 437 324 32869 586 539 406 32283 32163
is_linear=0
shrinkage=0.05


Tree=241
num_leaves=15
num_cat=2
split_feature=14 3 8 8 11 7 28 6 20 9 22 28 8 11
split_gain=9539.14 35732.4 23025 16802.3 17272.2 16368.4 14348 15763.9 14023.6 19321.1 16352.8 14356.4 12871.3 22671.5
threshold=1.4601957803951482 16.041732990297305 0.21888637230923327 0.95068726941918269 -0.56196213089371028 13.623205172261185 0 10.800599560236122 0.008558111368864002 0.16480325760715323 21.051425057064606 1 0.096798193245150224 0.0030688687109714004
decision_type=8 2 2 2 2 2 1 2 8 2 2 1 2 2
left_child=1 8 -3 4 -2 6 -5 -8 9 -1 -10 -11 13 -6
right_child=3 2 -4 5 12 -7 7 -9 10 11 -12 -13 -14 -15
leaf_value=-0.007296625550411117 -0.0090696212416057614 -9.048496090316957e-05 -0.0061521801274089377 0.0026200120615520427 -0.0011949432988407019 -0.022835719825706102 -0.085753206122153799 -0.0014536611731103858 0.00040332143197213395 -0.013278049499467259 0.018416680652958543 -0.0005147727827409435 0.00029196440089682667 0.00010929555506690555
leaf_weight=70035.648620605469 201110.49232470989 488190.01440429688 427492.50317382812 696699.77394604683 572936.36050605774 88969.28076171875 248329.03006696701 322297.12240600586 7467284.3894015551 138752.42131531239 99389.833419799805 2155366.9413452148 10012693.603852272 570485.32990121841
leaf_count=66 670 119 127 3570 294 81 2807 847 12228 304 134 2974 10150 187
internal_value=0.000477185 -0.000612058 -0.010063 0.00140647 0.00203462 -0.00385346 -0.0023981 -0.00827653 0.000259379 -0.00310203 0.00130963 -0.00231226 0.00229642 -0.00272929
internal_weight=2.356e+07 1.08465e+07 915683 1.27135e+07 1.13572e+07 1.3563e+06 1.26733e+06 570626 9.93083e+06 2.36416e+06 7.56667e+06 2.29412e+06 1.11561e+07 1.14342e+06
internal_count=34558 15952 246 18606 11301 7305 7224 3654 15706 3344 12362 3278 10631 481
cat_boundaries=0 1 2
cat_threshold=793 17
is_linear=0
shrinkage=0.05


Tree=242
num_leaves=15
num_cat=1
split_feature=3 4 25 6 28 20 9 21 9 24 17 21 14 11
split_gain=11901.2 17056.9 13442.5 18958.1 27363.2 25202.8 35392.9 26367.5 21267.7 18766 25085.2 32665.2 35122.8 33390.3
threshold=14.561583073875969 13.742861480680888 -0.5 17.129815940530211 0 0.017956078993836253 0.20355798802146721 10.902443370709145 0.30363858763936519 0.88970295594175008 0.054653862295155356 10.470596507890082 1.5533272473917241 0.21642186794538179
decision_type=2 2 2 2 1 10 2 8 2 8 2 10 10 2
left_child=1 -1 3 4 -2 7 -7 8 -6 -4 -11 13 -13 -12
right_child=2 -3 9 -5 5 6 -8 -9 -10 10 11 12 -14 -15
leaf_value=0.00049318696910906638 0.004030333533657989 -0.0016096841290304253 0.00041469751515905734 0.00019107081484786805 0.0010694194219448938 -0.0019504757082154608 0.00057383977111764059 -0.0014913613083884763 1.1012908570994662e-05 0.00038351567181985801 -0.0057884667567039806 -0.00048482659817907756 0.00012845406746268511 2.5705288695328899e-05
leaf_weight=8849637.6436738968 326009.45202636719 3654589.3231811523 1726769.6531982422 624920.8798828125 879208.88195800781 296500.48193359375 255487.8828125 362918.79187011719 806333.40716552734 2607785.2843017578 570604.45635986328 418426.47021484375 1743160.1671142578 314874.5146484375
leaf_count=27480 149 3086 587 103 331 83 127 123 381 1290 219 77 480 114
internal_value=0.000524287 -0.000529261 0.00172924 0.00425689 0.00256875 0.00085683 -0.00862558 0.00341201 0.00604425 0.000513163 -0.00087995 -0.00396075 -0.000647344 -0.0120493
internal_weight=2.34372e+07 1.25042e+07 1.0933e+07 3.55138e+06 2.92646e+06 2.60045e+06 551988 2.04846e+06 1.68554e+06 7.38162e+06 5.65485e+06 3.04707e+06 2.16159e+06 885479
internal_count=34630 30566 4064 1297 1194 1045 210 835 712 2767 2180 890 557 333
cat_boundaries=0 1
cat_threshold=66
is_linear=0
shrinkage=0.05


Tree=243
num_leaves=15
num_cat=3
split_feature=17 8 8 28 14 23 17 3 15 28 17 9 24 29
split_gain=12277.5 17201.3 22333.4 18269.4 13941.5 13143.3 17966.3 27114.4 41636.1 13101.4 24627.5 27035.2 21805.5 14933.9
threshold=0.35588037541285428 0.21888637230923327 0.17442642456179139 0 -0.18160916797342183 3.5708120929133655 0.27895765299337733 15.929939596008317 19.274552379291809 1 0.017069713605520103 0.22942956425113353 8.9320038468601108 2
decision_type=2 2 2 1 8 10 2 2 2 1 2 2 8 1
left_child=4 2 -2 -3 -1 -6 7 9 -9 -7 11 -11 13 -12
right_child=1 3 -4 -5 5 6 -8 8 -10 10 12 -13 -14 -15
leaf_value=-0.0060771236627546804 0.00014900679004822782 0.0023566721721978642 -0.00042182860714174613 0.00039121858924292657 -5.1192779462009979e-05 0.0058058615395907356 -0.0047298220952075283 0.0026161099994011015 -0.00011114646544432461 0.0050359784765490771 -0.0043360284415824447 0.00082524644784755729 0.0061335497363575117 0.00084138061446522639
leaf_weight=200541.18658685684 861476.65246582031 261184.20861816406 363522.28942871094 433792.41760253906 14267651.187841415 482117.16027641296 209781.11151123047 411066.91064453125 412520.83935546875 352795.76378631592 1024242.5407104492 3489075.1544098854 104688.05154418945 459825.93139648438
leaf_count=614 239 70 114 266 19621 1209 71 118 113 510 1208 9659 98 445
internal_value=0.000431959 0.00426226 0.000697588 0.0105455 8.85404e-05 0.000212581 0.00199627 0.00244502 0.0109446 0.00126111 0.000559826 0.0027251 -0.00467615 -0.00623192
internal_weight=2.33343e+07 1.91998e+06 1.225e+06 694977 2.14143e+07 2.12138e+07 6.94611e+06 6.73633e+06 823588 5.91274e+06 5.43063e+06 3.84187e+06 1.58876e+06 1.48407e+06
internal_count=34355 689 353 336 33666 33052 13431 13360 231 13129 11920 10169 1751 1653
cat_boundaries=0 1 2 3
cat_threshold=514 6 69
is_linear=0
shrinkage=0.05


Tree=244
num_leaves=15
num_cat=0
split_feature=15 9 0 20 21 0 24 7 10 21 4 20 4 4
split_gain=10492.6 23300 11361.4 25038 32129.6 17060.6 37408.7 22497.6 20387.4 19351.8 37257.3 14353 13637.1 15591.1
threshold=19.457303695299927 0.28262551853150103 16.532359858528654 -0.011365163692606749 10.954471502539871 15.802459769609863 1.6463606773498352 16.203243434593986 0.020774445777007603 10.562766155196092 16.04903536344861 0.022893839687211804 16.166066284103554 15.003254220103308
decision_type=2 2 2 10 10 2 8 2 2 8 2 10 2 2
left_child=2 -2 5 -4 11 7 8 12 -7 10 -8 -5 13 -1
right_child=1 -3 3 4 -6 6 9 -9 -10 -11 -12 -13 -14 -15
leaf_value=0.00014803084343448797 0.0017052787890551359 -0.0016583569700250524 -0.00027142576690524292 0.00037416083922096129 -0.00027390629447614413 7.5303232197987963e-05 0.003871934716157337 -0.0083892734395082779 -0.0015360116653496258 0.002213190499278104 -0.0032457725450064537 -7.9689764173269343e-05 0.0047062341969044841 -0.0010206616952299426
leaf_weight=14255825.034448028 106337.02642822266 163944.1990737915 860366.99096679688 1198067.7189941406 1133174.455078125 591884.1181640625 356595.62976074219 94376.662353515625 436589.13720703125 480065.15051269531 419304.06005859375 544583.82080078125 142007.82299804688 2634388.966003418
leaf_count=31507 42 210 200 228 197 174 128 27 146 144 122 113 49 1311
internal_value=-0.00014593 0.00964858 -0.000260296 -0.00278521 -0.000546409 0.000225693 0.00428441 -0.00031568 -0.00278623 0.0100744 0.00519245 0.00371531 -0.000180785 -0.000310513
internal_weight=2.34175e+07 270281 2.31472e+07 3.73619e+06 2.87583e+06 1.9411e+07 2.28444e+06 1.71266e+07 1.02847e+06 1.25596e+06 775900 1.74265e+06 1.70322e+07 1.68902e+07
internal_count=34598 252 34346 738 538 33608 714 32894 320 394 250 341 32867 32818
is_linear=0
shrinkage=0.05


Tree=245
num_leaves=15
num_cat=1
split_feature=9 8 25 9 23 15 8 20 24 15 21 29 21 7
split_gain=9007.85 33668.1 24432.9 18306.3 46452.7 39687.5 20521.1 30156.2 20324.2 9364.51 19269.8 24215.7 12145.4 17001.4
threshold=0.11263565210970426 0.10396346776495162 0.25000000000000011 0.14407582608325048 2.5830001599057755 18.139697170727047 0.064852118826147817 0.0020340127131542505 2.4980180575279705 19.416922399778489 8.1511145926401163 0 10.83135179505072 14.797759784107527
decision_type=2 2 2 2 10 2 2 8 10 2 8 1 10 2
left_child=1 2 -1 4 5 -2 7 -5 -6 12 -11 -12 -8 -14
right_child=3 -3 -4 6 8 -7 9 -9 -10 10 11 -13 13 -15
leaf_value=-0.00010387752418168429 1.9213629331232195e-05 -0.00071635490979747238 0.00067759660919556371 -0.0095011484553888439 -0.004212435001774777 0.00082546715645901098 1.3459754621954936e-05 0.00016214490274482258 8.0410813177449298e-05 0.0065240409993269997 -0.00046170264811250901 -0.0046641556806074182 -4.7227767306237839e-06 0.00044065341619715231
leaf_weight=338224.99806213379 415505.50157165527 285672.39682006836 241838.13751220703 62579.344481468201 259620.86032104492 491191.19299316406 16264694.952832103 62507.689160466194 196497.82550811768 99622.193946838379 352020.44876861572 231784.59576416016 2233679.3439092636 2079394.3897705078
leaf_count=168 188 92 150 49 145 110 27419 172 120 127 454 127 4869 573
internal_value=0.000584317 -0.00442153 0.0024981 0.000774819 0.00639354 0.0129409 0.000416772 -0.0197757 -0.0066216 0.000535572 -0.00522243 -0.00869065 0.000726806 0.00308569
internal_weight=2.36148e+07 865736 580063 2.27491e+07 1.36282e+06 906697 2.13863e+07 125087 456119 2.12612e+07 683427 583805 2.05778e+07 4.31307e+06
internal_count=34763 410 318 34353 563 298 33790 221 265 33569 708 581 32861 5442
cat_boundaries=0 1
cat_threshold=7
is_linear=0
shrinkage=0.05


Tree=246
num_leaves=15
num_cat=0
split_feature=15 18 5 2 0 20 22 5 9 23 20 15 9 20
split_gain=7120.77 8585.31 6745.96 16174 13986.6 32661.8 19826.6 16925.7 9160.44 16332.5 35014 17293.3 10208.5 19777
threshold=14.28282671730881 0.019751593253120401 17.131665029836004 17.4270168375546 16.684382928863482 0.011875159835229352 19.585498256664632 16.793627513211842 0.14407582608325048 2.3446812918771003 -0.021121605284877148 17.115559361361957 0.16989039898214703 0.056127227015961907
decision_type=2 10 2 2 2 10 2 2 2 10 10 2 2 8
left_child=1 -1 4 -4 7 6 -6 8 9 11 -11 -2 13 -10
right_child=2 -3 3 -5 5 -7 -8 -9 12 10 -12 -13 -14 -15
leaf_value=-0.00010783638318822387 7.7944521463213726e-05 0.013895367757121496 0.00018183506957905019 -6.4674674354871218e-05 -6.4647996914218568e-05 0.00027961253196703281 -0.001694272755862365 -0.0043741925096124849 -0.0014978525563248892 0.0030793981829226732 -0.0042216696002057774 0.0027639542872880739 0.00013041343848599376 0.00046870973452236002
leaf_weight=90777.257472991943 270278.79840087891 80440.286609649658 783869.90234375 877969.2373046875 676959.56274414062 502805.97094726562 470300.35766601562 68711.6044921875 622056.37914276123 121546.21019744873 222911.67100524902 170483.16784667969 18334575.586845636 140026.68639373779
leaf_count=365 173 208 143 128 148 107 97 15 425 186 225 89 32126 153
internal_value=0.000390338 0.0105497 0.000315563 0.00338531 7.93928e-05 -0.00434466 -0.00900169 0.000445296 0.000530911 0.00582367 -0.00233341 0.0121985 0.000313282 -0.00535702
internal_weight=2.34337e+07 171218 2.32625e+07 1.66184e+06 2.16007e+07 1.65007e+06 1.14726e+06 1.99506e+07 1.98819e+07 785220 344458 440762 1.90967e+07 762083
internal_count=34588 573 34015 271 33744 352 245 33392 33377 673 411 262 32704 578
is_linear=0
shrinkage=0.05


Tree=247
num_leaves=15
num_cat=0
split_feature=3 7 2 3 21 5 24 25 10 21 23 11 11 14
split_gain=12368.5 32224.6 19815.9 12161.4 17080.2 34561 28813.6 20187 19932.1 19567.5 16458.2 17925.8 31661.5 20076.1
threshold=17.445700346247609 17.376805783880858 17.4270168375546 15.328408887801364 10.817995120197638 16.440364546327579 1.8887705489460453 -0.93301270189221919 -0.11050003848079633 10.657170068442776 0.71288589993053408 0.20100442139833954 0.093651099673423624 2.3208692223973153
decision_type=2 2 2 2 8 2 10 2 2 10 10 2 2 10
left_child=1 2 3 -1 7 8 -7 -5 -6 10 -9 12 13 -12
right_child=-2 -3 -4 4 5 6 -8 9 -10 -11 11 -13 -14 -15
leaf_value=-9.3604831576967273e-05 0.0001145894951539922 -0.0012588787732345571 -0.00097650443857160091 0.0011547401349647941 0.0070582709332221195 0.0010107305159831705 -0.00033882048905425926 0.00036746229842903852 0.00088662659648909158 -0.001930320568052161 8.6651090182090346e-05 0.00096026461604937379 -0.002343373277404952 -0.00050903251062706014
leaf_weight=15869192.839717388 882884.42236328125 156280.0927734375 85286.541015625 389545.29455566406 300567.99035644531 490204.36157226562 518813.27221679688 948271.10485839844 297201.39367675781 378372.5029296875 1685863.3881225586 647305.39208984375 350775.56042480469 517662.02270507812
leaf_count=32471 127 25 15 118 106 102 116 287 104 140 509 218 117 137
internal_value=0.000473885 0.000247428 0.00040473 0.000496344 0.00231353 0.00678908 0.0011449 0.000851235 0.0163163 -8.83455e-05 0.000904117 -0.000809546 -0.00269295 -0.000471917
internal_weight=2.35182e+07 2.26353e+07 2.24791e+07 2.23938e+07 6.52458e+06 1.60679e+06 1.00902e+06 4.9178e+06 597769 4.52825e+06 4.14988e+06 3.20161e+06 2.5543e+06 2.20353e+06
internal_count=34592 34465 34440 34425 1954 428 218 1526 210 1408 1268 981 763 646
is_linear=0
shrinkage=0.05


Tree=248
num_leaves=15
num_cat=0
split_feature=14 15 11 24 23 9 9 7 26 15 11 11 2 1
split_gain=11332.9 23275.8 21096.3 23097.5 25595.9 21354.9 42063.1 19861.9 25280.5 19628.2 33476.5 30124 47398.2 27921.9
threshold=1.4601957803951482 19.211355620242706 0.078995346981836065 1.9579585482887751 2.2945413447560106 0.13056622037921709 0.14967138442708725 15.773853429635489 1.0000000180025095e-35 18.240697324411439 -1.0000000180025095e-35 -0.10687412552496318 16.996524025785622 17.156634566241113
decision_type=8 2 2 10 10 2 2 2 2 2 2 2 2 2
left_child=7 9 5 4 -4 -3 -7 -1 -9 13 11 12 -11 -2
right_child=1 2 3 -5 -6 6 -8 8 -10 10 -12 -13 -14 -15
leaf_value=8.2889276585048266e-05 0.00010078570648000341 -2.7355274256148063e-05 0.00048548472652572061 0.00073351128519837875 -0.0036880390869970126 0.0026595792474606709 0.0013958082428829873 -6.4997907194558197e-06 -0.0028327539935655973 -0.0056178701176072092 0.00054841451479282859 -0.001605683153441916 0.0023353141792192291 0.0014896938703076778
leaf_weight=9559429.2255367041 7437391.9756966829 334376.39367675781 351703.43583679199 791000.58935546875 304673.41461181641 174200.50024414062 1216453.1802368164 599271.79931640625 625636.06567382812 465574.45104432106 854746.39234399796 351935.15442371368 122760.4169921875 261425.236328125
leaf_count=15611 15031 71 186 468 196 38 921 173 176 643 807 187 22 48
internal_value=0.000624834 0.00163907 0.00534694 0.000895651 -0.00603818 0.00908177 0.0118097 -0.000566384 -0.00656081 0.000400062 -0.00430827 -0.0108185 -0.00389673 0.00149783
internal_weight=2.34506e+07 1.26662e+07 3.17241e+06 1.44738e+06 656377 1.72503e+06 1.39065e+06 1.07843e+07 1.22491e+06 9.49383e+06 1.79502e+06 940270 588335 7.69882e+06
internal_count=34578 18618 1880 850 382 1030 959 15960 349 16738 1659 852 665 15079
is_linear=0
shrinkage=0.05


Tree=249
num_leaves=15
num_cat=0
split_feature=14 14 4 20 24 24 8 24 16 19 8 18 18 2
split_gain=9842.21 21071.3 33024.3 20599.2 19560.9 22964.6 23727.7 21401.6 20673.3 18774.9 20056.5 22537.7 25819.6 23339.9
threshold=2.3390992561901038 2.2888209230885503 16.860170040119087 -0.031853191950766545 1.2939662262770451 1.4770627534572751 0.10994347008993212 1.5087611308160251 18.650510177953056 0.023269345272802205 0.10994347008993212 0.32430810839464513 0.25361110759804034 15.666534854658034
decision_type=10 8 2 8 8 10 2 10 2 2 2 10 10 2
left_child=1 -1 3 -3 8 -6 -7 -8 9 10 -2 12 -12 -13
right_child=4 2 -4 -5 5 6 7 -9 -10 -11 11 13 -14 -15
leaf_value=8.5931134774169758e-05 0.00074091520948017233 0.0055322229976384162 0.0014809471401438761 8.830799171413069e-06 0.0019335807411581141 -0.0015073344040763157 -0.016520874802484865 0.00029766221924755677 -0.0080154608867123323 -0.00171795124748589 1.4859847653221616e-05 -0.00015333240501608819 -0.0012382967164845363 0.0049258539297128076
leaf_weight=18472189.425640345 138232.65880775452 103036.54203414917 143382.87451171875 563312.05073475838 246452.80332660675 81464.726354122162 73842.576110839844 2039536.1928188801 73887.480285644531 518953.15535593033 659915.9375576973 47703.561599731445 318528.44223403931 38589.377197265625
leaf_count=24079 81 72 28 741 337 151 89 5917 18 934 1857 242 124 8
internal_value=0.000521736 0.00100121 0.0088958 0.00421183 -0.00166022 0.00125351 -0.000371497 0.00064919 -0.00562127 -0.00450999 -0.00108082 -0.00340706 -0.00556741 0.0210883
internal_weight=2.3519e+07 1.92819e+07 809731 666349 4.23711e+06 2.4413e+06 2.19484e+06 2.11338e+06 1.79581e+06 1.72192e+06 1.20297e+06 1.06474e+06 978444 86292.9
internal_count=34678 24920 841 813 9758 6494 6157 6006 3264 3246 2312 2231 1981 250
is_linear=0
shrinkage=0.05


Tree=250
num_leaves=15
num_cat=1
split_feature=8 22 11 11 24 19 3 1 7 29 0 22 11 11
split_gain=11383.7 22469.3 17958.3 9503.98 15216.2 13918.4 32572.7 19229.2 16782.9 11681.1 11562.1 10018 15425.5 15664.7
threshold=0.064852118826147817 18.66055157771083 -0.006194589326005499 0.50624272296586981 0.45979570280003906 -0.029986948250196144 16.041732990297305 14.38011723331117 15.211416453830568 0 14.655800836573913 21.036281688279555 0.22089994922951028 0.064962438497367714
decision_type=2 2 2 2 8 2 2 2 2 1 2 2 2 2
left_child=1 2 -1 11 -5 7 8 -6 9 10 -7 -2 13 -13
right_child=3 -3 -4 4 5 6 -8 -9 -10 -11 -12 12 -14 -15
leaf_value=0.0001127013237852217 5.2870590015187349e-05 -7.3843590124097135e-05 0.0022990335266929777 -0.01199043371375616 -0.0025924830488191046 0.00077725831987040671 0.0047045378023740855 -0.015540150407311815 -0.0086856581599433665 -0.014153420382009622 0.012389917328314209 0.0025321922477916105 0.0051805573009092859 -0.0032039084596301769
leaf_weight=62484.71474301815 20429828.514279008 204407.77154481411 88311.244328975677 167117.00277996063 178453.08326435089 688178.79530704021 126005.61938476562 81303.685913085938 97921.25439453125 306195.3981256485 93684.488952636719 453299.28210258484 238389.30126190186 220105.23072814941
leaf_count=175 28922 164 101 496 546 1963 36 36 39 1202 61 476 157 149
internal_value=0.000597342 0.00948029 0.0241216 0.000460636 -0.00309389 -0.00156875 0.000524845 -0.0121431 -0.00204312 -0.000258779 0.00298328 0.000750249 0.00587805 0.00200862
internal_weight=2.34357e+07 355204 150796 2.30805e+07 1.73886e+06 1.57174e+06 1.31199e+06 259757 1.18598e+06 1.08806e+06 781863 2.13416e+07 911794 673405
internal_count=34523 440 276 34083 4379 3883 3301 582 3265 3226 2024 29704 782 625
cat_boundaries=0 1
cat_threshold=19
is_linear=0
shrinkage=0.05


Tree=251
num_leaves=15
num_cat=1
split_feature=22 7 14 25 28 0 22 19 23 7 3 22 1 22
split_gain=7386.3 29320.6 24051.5 27448.1 21585.3 14563.6 9595.85 19718.8 20004.4 11684.1 27520.2 14046.9 24725.6 16447.8
threshold=21.036281688279555 16.98736325551755 0.54812476241481123 1.0000000180025095e-35 0 13.853998799621131 19.62016056693923 0.019428933938286402 6.1439054272991207 17.376805783880858 17.445700346247609 19.607205262989968 17.423965936235351 19.593415907659992
decision_type=2 2 10 2 1 2 2 2 10 2 2 2 2 2
left_child=6 2 -2 4 -4 -5 9 8 -8 10 11 12 13 -1
right_child=1 -3 3 5 -6 -7 7 -9 -10 -11 -12 -13 -14 -15
leaf_value=4.7285007917621459e-05 -0.012041623185519676 -0.0048989423604452291 0.0024799454172066675 0.0037705932939476835 -0.0031667525144543256 0.0053108394031032621 -8.8163759118710372e-05 0.00071529343005864374 -0.0033799862878006143 0.00049357421551958676 -0.0023536235672382902 0.001637177916788345 -0.0027864476897631295 -0.0017827730794919108
leaf_weight=19979638.847561479 128627.13356781006 127327.34130859375 172072.04351806641 126250.33639526367 240417.4882183075 283478.20153808594 247422.07153320312 203993.2181930542 184438.96906661987 678501.81103515625 95788.89892578125 388450.46328735352 62359.55810546875 241876.88589477539
leaf_count=32511 156 25 59 248 319 131 106 125 173 101 17 192 11 131
internal_value=0.000371249 0.00441224 0.00742954 0.0105748 0.00146994 0.0197411 0.000173948 -0.0058793 -0.0119309 0.000353416 0.000142473 0.00026637 8.60032e-05 0.000182945
internal_weight=2.31606e+07 1.07817e+06 950845 822218 412490 409729 2.20825e+07 635854 431861 2.14466e+07 2.07681e+07 2.06723e+07 2.02839e+07 2.02215e+07
internal_count=34305 938 913 757 378 379 33367 404 279 32963 32862 32845 32653 32642
cat_boundaries=0 1
cat_threshold=36
is_linear=0
shrinkage=0.05


Tree=252
num_leaves=15
num_cat=1
split_feature=16 0 8 8 18 14 14 19 29 6 1 1 15 19
split_gain=11813.8 15336.2 30936.2 18466.2 23382.7 19887.3 30059.4 18759.2 13131.5 11813.5 13568.8 17953.1 9195.37 12976.5
threshold=18.650510177953056 16.03763924788834 0.25113423558437525 0.11957039339654042 0.34298014506208535 2.3208692223973153 1.7253518187772425 0.01031223928624665 0 16.195518319119824 16.272388657055533 16.150297738002418 19.393848674083568 -0.027724910116950847
decision_type=2 2 2 2 10 10 10 2 1 2 2 2 2 2
left_child=1 9 3 4 -3 6 7 -5 -4 10 11 12 -1 -14
right_child=-2 2 8 5 -6 -7 -8 -9 -10 -11 -12 -13 13 -15
leaf_value=0.00015796908378972176 -0.00040983867694849383 0.00033001410190135736 0.0015282382243201346 9.2750490944656854e-05 -2.4651111302468779e-05 -0.00038981939899115594 0.0013968766216581373 -0.00071016127343374478 0.00041760095569299779 -0.0019364418521183745 0.0037995503296677081 -0.0057985405694350976 0.0011574339260492868 -0.00332487838444704
leaf_weight=16603209.94747591 338101.70782470703 753923.5791015625 680033.8662109375 827576.2509765625 692029.80615234375 735250.7939453125 421053.47973632812 594792.3935546875 420991.68127441406 179573.70825195312 67862.502197265625 88244.2333984375 287283.21244812012 537823.64226150513
leaf_count=31890 122 165 153 199 130 160 102 137 136 51 22 30 364 665
internal_value=0.000599977 0.000737022 0.0031464 0.00111467 0.00563758 -0.00142148 0.00135162 -0.00212223 0.010573 4.1817e-05 0.000172117 8.56671e-05 0.000199569 -0.00495234
internal_weight=2.32278e+07 2.28896e+07 5.12565e+06 4.02463e+06 1.44595e+06 2.57867e+06 1.84342e+06 1.42237e+06 1.10103e+06 1.7764e+07 1.75844e+07 1.75166e+07 1.74283e+07 825107
internal_count=34326 34204 1182 893 295 598 438 336 289 33022 32971 32949 32919 1029
cat_boundaries=0 1
cat_threshold=17
is_linear=0
shrinkage=0.05


Tree=253
num_leaves=15
num_cat=2
split_feature=24 2 24 19 11 28 10 7 20 30 15 16 2 18
split_gain=7876.29 10923.5 7868.91 12313.7 10557.5 10856.9 15128.1 25435.4 13277.6 11948.1 7727.06 7499.29 34224.2 34186.5
threshold=-1.8434447414988349 14.783352547626933 -0.13554048001705246 -0.043346914351681191 0.64421256980206387 0 -0.076360390764011535 14.220276627435018 -0.024876270524701944 1 19.374115140306774 18.179163792832941 16.842637334131179 0.56513799080747829
decision_type=8 2 10 2 2 1 2 2 8 1 2 2 2 10
left_child=1 -1 3 -2 5 6 7 -5 -7 -10 -11 12 -4 -13
right_child=2 -3 11 4 -6 8 -8 -9 9 10 -12 13 -14 -15
leaf_value=0.00041568481137180735 0.0045595441581544049 0.018096799576737769 0.00014970419296665249 0.0036841940203381747 -0.019137670101858194 -0.011585451103179793 0.0024343244690583333 -0.0080497372151394318 -0.0074427204823334361 -0.0013376161406944125 0.0099669574266131305 0.00012351112124530763 -0.0015370238813771852 -0.00037327704383555561
leaf_weight=94966.06506729126 117305.15036582947 66777.225463867188 17035391.500920296 64018.397630691528 102816.90032958984 68104.908538818359 159721.03972434998 31735.158569335938 88919.282165527344 1075443.4811306 72972.796932220459 3655265.6014404297 554074.08422851562 274454.12548828125
leaf_count=256 200 28 29375 350 313 74 455 12 128 1633 125 1441 117 36
internal_value=0.000479349 0.0114749 0.000403022 -0.0027909 -0.00389483 -0.0028726 0.00655351 -0.0091604 -0.0047173 -0.0035343 -0.002167 0.000667366 0.000226181 0.00264212
internal_weight=2.3462e+07 161743 2.33002e+07 1.78104e+06 1.66373e+06 1.56092e+06 255475 95753.6 1.30544e+06 1.23734e+06 1.14842e+06 2.15192e+07 1.75895e+07 3.92972e+06
internal_count=34543 284 34259 3290 3090 2777 817 362 1960 1886 1758 30969 29492 1477
cat_boundaries=0 1 2
cat_threshold=545 4
is_linear=0
shrinkage=0.05


Tree=254
num_leaves=15
num_cat=0
split_feature=3 22 11 3 14 14 11 3 9 19 11 24 19 11
split_gain=11740.1 31596.7 29565.9 17704.5 28840.9 27114.3 17520.6 13733.3 26093.3 17273.7 11987.1 15503.5 11636.8 20278.3
threshold=16.690778174436563 19.617331230798943 -0.074499969512946643 16.153319173089113 1.5148129450681804 2.3208692223973153 -0.019390666040090196 15.670241562971784 0.21708761234420867 -0.0035655580594122498 0.4513552894078377 0.45979570280003906 0.014367283444524951 0.061171045982236501
decision_type=2 2 2 2 10 10 2 2 2 2 2 8 2 2
left_child=3 2 -2 7 -5 6 -6 10 -9 -10 -1 -12 13 -4
right_child=1 -3 12 4 5 -7 -8 8 9 -11 11 -13 -14 -15
leaf_value=0.0003184501377637176 0.00030563436208895078 -0.00032342793418257542 0.00012362710723967066 -0.0024647967578293145 0.00046931392886610118 -0.0010131441197592237 -0.00012566825392269163 -0.00053591968750828548 0.00043232174334791268 0.0034939868186090505 -0.011039197895404817 -0.0013759756564455806 -0.00014076803300405553 -4.5570586067685226e-05
leaf_weight=14958519.741463184 803753.43432617188 632316.88940429688 603832.27319335938 630589.16357421875 388079.51171875 375376.63696289062 389217.98999023438 383725.86206054688 538333.55554199219 484406.4365234375 209026.04551124573 1701145.4865365028 535194.73681640625 606565.34033203125
leaf_count=27847 156 114 119 181 105 99 107 124 196 172 600 4427 102 110
internal_value=0.000623602 0.00344529 0.0059268 0.000176026 -0.00457937 0.000123758 0.00545288 0.000640051 0.00538688 0.00955843 0.000244273 -0.00348561 0.00227303 0.00498765
internal_weight=2.32401e+07 3.18166e+06 2.54935e+06 2.00584e+07 1.78326e+06 1.15267e+06 777298 1.82752e+07 1.40647e+06 1.02274e+06 1.68687e+07 1.91017e+06 1.74559e+06 1.2104e+06
internal_count=34459 601 487 33858 492 311 212 33366 492 368 32874 5027 331 229
is_linear=0
shrinkage=0.05


Tree=255
num_leaves=15
num_cat=1
split_feature=19 19 21 21 25 29 19 19 6 16 16 6 7 25
split_gain=12285.1 12778.3 19165.4 26763.6 14703.9 25990.1 20991.6 20798.2 17020.4 15827.3 15825.3 16257.7 14271.9 13300.9
threshold=0.027603022798991603 0.012756320567288053 11.259500804045736 10.749952978625446 0.68301270189221941 0 -0.0083378322809124477 -0.0052027977376574493 14.981657796599658 18.284852716366021 17.023691353714977 14.92054041406344 14.764891916897021 -0.6830127018922193
decision_type=2 2 8 10 2 1 2 2 2 2 2 2 2 2
left_child=1 4 3 -3 -1 8 9 -8 -6 10 11 -7 -4 -5
right_child=-2 2 12 13 5 6 7 -9 -10 -11 -12 -13 -14 -15
leaf_value=-5.4570923738430387e-05 -0.00015283090725260568 0.00039686866124150652 0.0017643945677463327 0.0028937014079440538 0.00016402920973011622 0.0032412451703945641 -0.0042278662381181357 8.8530472343690563e-05 0.0014174592386533231 -0.0014368680644354511 0.00085704108890627341 -0.0014569763715382644 -0.0074560935102063602 0.0020098540530275322
leaf_weight=10929327.646018624 4824923.407389164 2257658.1605445147 91910.660305500031 141813.20649194717 256785.36950874329 1581177.8536353111 616550.98758935928 450393.16548633575 522397.75012207031 92782.024597167969 392440.09872436523 452626.67346191406 92668.247802734375 614383.63104724884
leaf_count=16141 7122 3643 179 171 665 3552 920 697 135 35 212 185 28 761
internal_value=0.000489561 0.00107578 0.00394988 0.00490772 0.000474735 0.00292784 0.0011294 -0.00474867 0.0112045 0.00361909 0.00439412 0.0026203 -0.0116899 0.013049
internal_weight=2.33178e+07 1.84929e+07 3.19843e+06 3.01385e+06 1.52945e+07 4.36515e+06 3.58597e+06 1.06694e+06 779183 2.51903e+06 2.42624e+06 2.0338e+06 184579 756197
internal_count=34446 27324 4782 4575 22542 6401 5601 1617 800 3984 3949 3737 207 932
cat_boundaries=0 1
cat_threshold=112
is_linear=0
shrinkage=0.05


Tree=256
num_leaves=15
num_cat=1
split_feature=11 11 15 26 4 5 17 1 9 10 28 25 24 8
split_gain=11086.8 20134.1 32237 19794.7 19754.1 37676.8 18506.8 65693 23076.6 18357.5 15417.5 17051.8 31221.2 20661.4
threshold=0.050548495316121413 0.033327541454186205 18.051916129165203 0.25000000000000017 17.181523356598721 16.960686163940348 0.24497248980684103 16.995067760631983 0.099641508914028162 -0.10658283610293659 0 1.0000000180025095e-35 6.1185926698610364 0.12460012248063866
decision_type=2 2 2 2 2 2 2 2 2 2 1 2 10 2
left_child=1 4 9 -4 5 -1 8 -8 -2 -3 -10 13 -13 -12
right_child=6 2 3 -5 -6 -7 7 -9 10 -11 11 12 -14 -15
leaf_value=5.5546522378473763e-05 0.001607434267232824 0.0020620646252099517 0.0022036315138832612 0.00011438758562456 -0.00012479845634590268 0.00074485624662978269 0.0001820811641132106 -0.0034766297598457126 0.00077180305110581559 -0.0045545528003835701 -0.0010444854548874738 -0.00043902863550441222 0.0046773847653876445 -0.001195734318092099
leaf_weight=11405073.756905317 153875.44290161133 58852.92786026001 298192.22084712982 193073.9649477005 855427.77709960938 460187.00244140625 593105.03393554688 345227.7060546875 2728973.5090084076 125132.08308601379 229393.86321640015 2518976.6658043861 540214.23003768921 2742035.6503119469
leaf_count=18409 34 123 186 127 145 91 299 59 7256 225 93 3160 629 3549
internal_value=-4.43742e-05 0.000892008 0.00930543 0.0159911 0.000445399 0.000974449 -0.00131762 -0.00799678 -0.00061449 -0.00854637 -0.000951681 -0.00236276 0.000257546 -0.00506047
internal_weight=2.32477e+07 1.33959e+07 675251 491266 1.27207e+07 1.18653e+07 9.8518e+06 938333 8.91347e+06 183985 8.75959e+06 6.03062e+06 3.05919e+06 2.97143e+06
internal_count=34385 19306 661 313 18645 18500 15079 358 14721 348 14687 7431 3789 3642
cat_boundaries=0 1
cat_threshold=611
is_linear=0
shrinkage=0.05


Tree=257
num_leaves=15
num_cat=0
split_feature=3 2 16 23 23 17 5 8 15 17 17 11 11 17
split_gain=10001.3 38661.8 10157.1 10517.8 19205.2 43847.4 16381.6 17099.4 19175.6 15850.9 16843.6 24193.1 15667.5 15059.1
threshold=17.445700346247609 17.4270168375546 18.650510177953056 3.5502198050944007 3.3232691812397701 0.057369818065769303 16.207104619767552 0.18850960025037897 19.366258896332727 0.50405116301040798 0.12005163561103827 0.14727295230863377 0.047013165624397453 0.018072580359405555
decision_type=2 2 2 10 10 2 2 2 2 2 2 2 2 2
left_child=1 2 3 4 -1 -6 7 8 13 10 -9 -12 -8 -5
right_child=-2 -3 -4 6 5 -7 12 9 -10 -11 11 -13 -14 -15
leaf_value=-2.0996682978597858e-05 0.00012120728809082529 -0.0011873552223363669 0.001568374620103446 0.00073180939041083944 -0.0020511355600616285 -0.027911644694585531 0.00071894879916776621 0.0010315824395169377 -0.010252059600741333 0.0058041477772076159 -0.006474518852868736 0.0018588668160092411 6.0421193768983128e-05 -0.0026288251225998469
leaf_weight=14168932.010699749 800623.54541015625 161503.08935546875 146897.23846435547 385823.56519329548 297673.87224912643 94130.884674072266 403684.21752929688 5136966.6200361252 75942.940780639648 93163.374450683594 329564.54794311523 206096.39181518555 462911.88037109375 548974.59950256348
leaf_count=19258 116 27 94 727 675 52 102 12288 51 59 221 170 117 583
internal_value=0.000337052 0.000141751 0.000317886 0.00023119 -0.000557238 -0.0114772 0.0017332 0.00090542 -0.0050934 0.00195701 0.00162104 -0.00681625 0.00820624 -0.00313045
internal_weight=2.33129e+07 2.25123e+07 2.23508e+07 2.22039e+07 1.45607e+07 391805 7.64313e+06 6.77653e+06 1.01074e+06 5.76579e+06 5.67263e+06 535661 866596 934798
internal_count=34540 34424 34397 34303 19985 727 14318 14099 1361 12738 12679 391 219 1310
is_linear=0
shrinkage=0.05


Tree=258
num_leaves=15
num_cat=0
split_feature=9 11 11 21 24 19 11 19 16 24 6 24 17 0
split_gain=12331.7 22381.4 18640.6 17214.2 13917.3 11691.7 11166.6 11084.4 17873.1 9956.69 12244.1 7920.79 22219.6 7991.2
threshold=0.14407582608325048 0.0064020624786324505 0.057901913564297254 10.954471502539871 2.1087010900403804 0.012756320567288053 -0.11052986724660478 0.071218089062251702 16.204580489039632 -1.8434447414988349 14.763316496656628 -0.6002379113180264 0.044588837978661207 14.447757987402893
decision_type=2 2 2 10 8 2 2 2 2 8 2 8 2 2
left_child=1 3 -3 5 -4 6 -1 9 -9 10 -2 12 13 -11
right_child=7 2 4 -5 -6 -7 -8 8 -10 11 -12 -13 -14 -15
leaf_value=-0.00051382807630591572 0.00067015767378255135 0.0016164163955156544 -7.5873662613788284e-05 -0.0014619862949500459 0.00037428283256073225 0.00039345320767687308 4.3259323616565271e-06 0.0034548318244492339 -0.0093704637940668668 0.0013409622382285992 0.019583312639531166 9.2161412465349247e-06 -0.014871313967279032 -0.0043831875129599351
leaf_weight=197015.12506103516 102108.32335281372 333088.8498840332 408171.07139587402 274910.20489501953 285738.77056121826 293277.99644470215 356528.2126159668 89676.789077758789 70899.540817260742 236886.38027095795 71072.78857421875 20389630.581408978 68676.174255371094 112602.28021240234
leaf_count=154 283 102 143 124 96 167 186 213 49 720 29 32146 46 62
internal_value=0.000274561 0.00388343 0.00921656 -0.000999296 0.0045495 0.00252984 -0.00174655 -9.22281e-05 -0.0131789 7.92993e-06 0.0119472 -9.14393e-05 -0.0069034 -0.00179423
internal_weight=2.32903e+07 2.14873e+06 1.027e+06 1.12173e+06 693910 846821 553543 2.11416e+07 160576 2.0981e+07 173181 2.08078e+07 418165 349489
internal_count=34520 972 341 631 239 507 340 33548 262 33286 312 32974 828 782
is_linear=0
shrinkage=0.05


Tree=259
num_leaves=15
num_cat=3
split_feature=25 28 29 29 17 4 16 15 2 3 2 2 24 11
split_gain=8086.84 17965.3 37667.6 20869.4 19341.4 15799.2 23409.9 14154.6 16268.9 25006.6 20221.1 13981.7 12867.3 13898.7
threshold=-0.6830127018922193 0 1 2 0.12005163561103827 17.019152678527846 17.059661910813187 19.284222484924129 16.996524025785622 16.690778174436563 16.533265774342059 15.19858736117188 29.675544147785903 -0.53402106612729827
decision_type=2 1 1 1 2 2 2 2 2 2 2 2 10 2
left_child=1 2 -1 4 -3 6 11 -2 9 10 12 -4 13 -9
right_child=7 3 5 -5 -6 -7 -8 8 -10 -11 -12 -13 -14 -15
leaf_value=-0.0037436075755461966 1.798318474860594e-05 0.00046056674461777589 0.002360544918480284 -0.00036313221762191241 0.001481696490262859 0.00027764917617574628 -0.0036139444833731926 0.017205095836565338 0.00041216993389472554 -0.0018563668213376087 0.0025391290063501108 -0.0025318567587258789 0.0079783218047327943 0.00034582917936882993
leaf_weight=570852.42687880993 13694950.845447302 1728958.2521538734 450158.85459399223 2328581.8298026323 314342.96789550781 167151.06982421875 235313.92642211914 118600.50842285156 446184.25 179405.61279296875 92307.170654296875 83969.107666015625 116874.62725830078 2774539.3049163818
leaf_count=1016 22160 2990 829 3598 103 34 128 242 71 41 25 32 120 2990
internal_value=0.000370026 -0.00123343 -0.00594033 0.000389543 0.00407736 0.000230205 -0.00279655 0.00091111 0.00364264 0.00242471 0.0034743 0.00299217 0.00276739 0.00211034
internal_weight=2.33022e+07 5.87933e+06 1.50745e+06 4.37188e+06 2.0433e+06 936593 769442 1.74229e+07 3.72791e+06 3.28173e+06 3.10232e+06 534128 3.01001e+06 2.89314e+06
internal_count=34379 8730 2039 6691 3093 1023 989 25649 3489 3418 3377 861 3352 3232
cat_boundaries=0 1 2 3
cat_threshold=672 26 26
is_linear=0
shrinkage=0.05


Tree=260
num_leaves=15
num_cat=0
split_feature=3 19 19 8 20 15 22 25 15 23 7 7 7 7
split_gain=11510.5 18641.4 30770.5 32490.5 21526.9 21773 22873.8 19129.8 24613.7 16131.1 15186.9 31339.6 8758.87 11493.2
threshold=15.670241562971784 -0.018812029140904147 0.021145090474372654 0.27096312069424594 0.036736044477041603 19.203026137930177 18.662531985835098 -0.24999999999999997 19.217144507318054 2.0298081854869152 16.98736325551755 16.39377301661273 15.773853429635489 15.637623508097588
decision_type=2 2 2 2 8 2 2 2 2 8 2 2 2 2
left_child=12 10 3 4 5 6 -3 9 -9 -4 11 -2 13 -1
right_child=1 2 7 -5 -6 -7 -8 8 -10 -11 -12 -13 -14 -15
leaf_value=-5.0034060013566703e-05 -0.00055494898282994339 0.00031522735757200749 -0.00022210337073994181 0.0035465211056095037 -0.0002033830163924575 0.00037536221279913152 -0.00012879847049307235 0.00019864176174918237 -0.001033579640316896 0.00051061266412372739 -0.00017362397450210686 0.0004616910833868891 -0.0040776111897641706 0.0046118434781611348
leaf_weight=16462678.159041524 661663.15295410156 582471.67578125 437502.61499023438 673017.99438476562 499139.73583984375 675851.36840820312 537342.70776367188 512256.63244628906 422242.67126464844 413406.44409179688 689992.28173828125 454430.96923828125 235386.19775390625 172277.54248046875
leaf_count=32768 218 154 110 203 136 135 106 127 103 103 118 107 80 67
internal_value=0.000576473 0.0023538 0.00399686 0.00711713 0.00428398 0.00683719 0.0025599 -0.00118986 -0.00612851 0.00423394 -0.00197039 0.00163462 -0.000114564 2.09581e-05
internal_weight=2.34297e+07 6.55932e+06 4.75323e+06 2.96782e+06 2.29481e+06 1.79567e+06 1.11981e+06 1.78541e+06 934499 850909 1.80609e+06 1.11609e+06 1.68703e+07 1.6635e+07
internal_count=34535 1620 1177 734 531 395 260 443 230 213 443 325 32915 32835
is_linear=0
shrinkage=0.05


Tree=261
num_leaves=15
num_cat=0
split_feature=18 18 9 16 0 18 3 4 14 4 3 26 9 16
split_gain=9847.63 26308.9 30386.1 22171.9 17702.1 17595.9 26548.3 18377.6 13230.9 12785.4 26343.1 19088.3 15479.7 16244.9
threshold=0.22854701975735484 0.25361110759804034 0.29668629036742261 18.650510177953056 16.532359858528654 0.20574223000262817 16.536937448267057 15.003254220103308 -0.18160916797342183 14.367076137041632 14.840603961213503 0.6830127018922193 0.43379361865621308 18.342196337377381
decision_type=8 8 2 2 2 10 2 2 8 2 2 2 2 2
left_child=4 2 -2 -3 5 6 8 -7 -1 10 -10 12 13 -11
right_child=1 3 -4 -5 -6 7 -8 -9 9 11 -12 -13 -14 -15
leaf_value=-0.0058386886702583088 0.0034544421433372035 0.00010203091302505763 6.2881616586798447e-05 -0.00020023798718661818 -0.0013362818947904166 -0.0012772411375490322 0.00097132214731897402 -0.0097119276248028175 0.00046963035440704577 0.00055983205805324777 0.017916153143872099 -0.0020605172491242056 -0.00325378755190045 -0.00057148128326907919
leaf_weight=191802.48118114471 187526.33935546875 13774276.934989214 214161.33561706543 231369.5810546875 407473.31640625 200050.57976150513 169692.71557617188 92473.134765625 5422930.6550400257 1066862.7892456055 100829.11291503906 490225.81311035156 380233.03308105469 339346.79736328125
leaf_count=598 91 13229 258 36 97 280 43 43 18466 535 65 245 249 146
internal_value=0.000433036 0.00123975 0.0138562 0.0008779 -0.000878476 -0.000387879 4.3955e-05 -0.0124368 -0.000371563 -5.25569e-05 0.00124701 -0.00320564 -0.000807315 0.00161291
internal_weight=2.32693e+07 1.44073e+07 401688 1.40056e+07 8.86192e+06 8.45445e+06 8.16192e+06 292524 7.99223e+06 7.80043e+06 5.52376e+06 2.27667e+06 1.78644e+06 1.40621e+06
internal_count=34381 13614 349 13265 20767 20670 20347 323 20304 19706 18531 1175 930 681
is_linear=0
shrinkage=0.05


Tree=262
num_leaves=15
num_cat=0
split_feature=1 16 23 10 27 3 4 11 11 20 20 14 10 23
split_gain=15471.1 14991.9 49601.6 13806.6 11808.2 19831.8 23484.1 18906.6 34908.7 24945.6 17908.4 43335.2 25290.4 26647.8
threshold=17.156634566241113 18.472836192843562 2.0894143703875003 0.023710827087195501 1.5000000000000002 15.400587266853529 15.157226915591695 -0.20737232215967258 -0.070000168779436892 0.00069622554784605007 -0.0031007088973616496 2.1324266943184376 0.020774445777007603 2.3158080270847505
decision_type=2 2 10 2 2 2 2 2 2 8 8 10 2 10
left_child=1 4 -3 -2 -1 -6 -7 -8 9 -9 -10 12 13 -12
right_child=3 2 -4 -5 5 6 7 8 10 -11 11 -13 -14 -15
leaf_value=-0.00059161041194031173 4.1641378979138844e-06 -0.0046558705840029106 0.0019192849134976324 0.000434544384558898 0.00011314829783793152 0.0067165774272398664 -0.0020190714889901217 0.0026212791474504327 -0.00018335694299097136 0.00014598564611153703 0.0010201816016983381 0.0012084223498646952 -0.0009721544957735995 -0.00042228547029658081
leaf_weight=1875089.0989266634 674516.501953125 170807.89947509766 274933.1982421875 868506.57421875 14467453.296672463 426890.71423339844 506624.42907714844 524707.68078613281 843097.2177734375 556755.33874511719 415523.14929199219 539017.30993652344 708998.16845703125 437154.95825195312
leaf_count=2879 105 88 193 145 29609 199 160 139 224 159 122 146 218 139
internal_value=0.00103825 0.000694982 -0.00838029 0.00587618 0.000884887 0.00125063 0.0039794 0.00292334 0.00406907 0.0117513 0.00124684 0.00371744 -0.000501607 0.00530046
internal_weight=2.32901e+07 2.17471e+07 445741 1.54302e+06 2.13013e+07 1.94262e+07 4.95877e+06 4.53188e+06 4.02525e+06 1.08146e+06 2.94379e+06 2.10069e+06 1.56168e+06 852678
internal_count=34525 34275 281 250 33994 31115 1506 1307 1147 298 849 625 479 261
is_linear=0
shrinkage=0.05


Tree=263
num_leaves=15
num_cat=2
split_feature=23 23 30 26 7 23 5 15 4 7 4 29 4 4
split_gain=11006.1 13525.8 24733.8 13013.1 31026.7 20335.6 19556.3 13813.6 20590.4 22298.6 12232 12803.5 14584.7 10305.2
threshold=5.0731261683422906 5.0069514798528703 0 0.6830127018922193 16.805898420640069 17.026569103003052 16.315474838755737 19.211355620242706 15.209778070787939 15.156395737790072 16.04903536344861 1 14.854909523109006 14.019701526899604
decision_type=8 10 1 2 2 10 2 2 2 2 2 1 2 2
left_child=1 -1 -3 5 10 6 7 8 9 13 11 -5 -13 -2
right_child=3 2 -4 4 -6 -7 -8 -9 -10 -11 -12 12 -14 -15
leaf_value=-4.6877172544791299e-05 0.0025072988269138879 -0.0015486021481659719 -0.072310368718937534 0.00014695052254688249 -0.0066071114714807231 -0.0044674101602429662 0.00052047323072294176 0.0031988453595592167 -0.0037115087886527816 0.0083637736157514513 0.0043338369571784543 -0.0028692408842879396 -0.0057412007325111786 -0.0024272216331695969
leaf_weight=18643910.24553442 1334968.4087632895 114882.21163845062 56056.362071990967 794700.91196453571 60703.6162109375 75369.671180725098 398126.6875 993943.48234176636 261058.66186523438 74469.607177734375 106894.33544921875 107830.31677150726 53575.299621582031 423877.76043701172
leaf_count=25252 4956 291 97 1830 11 92 93 1168 109 34 31 284 22 320
internal_value=-3.26361e-05 -0.000572617 -0.0145733 0.00213567 -0.0025556 0.00361571 0.00417119 0.00282665 0.000523003 0.00239379 -0.000570177 -0.00236357 -0.0152019 0.00125913
internal_weight=2.35004e+07 1.88148e+07 170939 4.68552e+06 1.1237e+06 3.56181e+06 3.48644e+06 3.08832e+06 2.09437e+06 1.83332e+06 1.063e+06 956107 161406 1.75885e+06
internal_count=34590 25640 388 8950 2178 6772 6680 6587 5419 5310 2167 2136 306 5276
cat_boundaries=0 1 2
cat_threshold=9 39
is_linear=0
shrinkage=0.05


Tree=264
num_leaves=15
num_cat=0
split_feature=14 14 3 24 17 19 23 10 4 16 4 2 4 20
split_gain=13498.5 23204.9 33498.3 16681.9 25549.3 17902.7 15428 20593.1 39992.5 18973.2 14783.7 13704.7 12658.5 15271.1
threshold=2.3390992561901038 2.1324266943184376 17.006344156415725 0.45979570280003906 0.14878762078016677 -0.013532994891894247 2.5543468899421558 0.13541946835009527 17.019152678527846 16.771582977651619 17.458037941908348 16.842637334131179 17.181523356598721 0.043200315873088459
decision_type=10 8 2 8 2 2 10 2 2 2 2 2 2 10
left_child=1 10 3 -3 5 -5 12 8 -8 -9 11 -1 13 -2
right_child=6 2 -4 4 -6 -7 7 9 -10 -11 -12 -13 -14 -15
leaf_value=6.4434826667443483e-05 -0.00010525302645263926 -0.0018039932467008174 0.0025095273726640221 -0.0032897357588715301 0.0028618515444745821 0.0025850418302553273 0.00079573617709462457 0.00055996190322520046 0.0017033711820673471 -0.0036489899123506916 4.9062762206661589e-05 -0.00055925714721408333 -0.0005661185105543102 -0.0025089953845374787
leaf_weight=15504221.76360023 1938611.802365303 224365.23214244843 188490.29296875 525721.56506967545 401221.96789550781 803957.23402285576 1104902.4048452377 251451.72923851013 96820.453857421875 190882.26526260376 658216.1923828125 858290.7431640625 333475.33569335938 265994.07804870605
leaf_count=22073 4159 298 37 743 118 1251 3386 1432 19 108 92 166 60 544
internal_value=0.000450689 0.00101232 0.00591476 0.00397417 0.00563693 0.00230004 -0.00212297 0.00165032 0.00504536 -0.00757325 0.00039486 9.93093e-05 -0.00456714 -0.00319381
internal_weight=2.33466e+07 1.91645e+07 2.14376e+06 1.95527e+06 1.7309e+06 1.32968e+06 4.18214e+06 1.64406e+06 1.20172e+06 442334 1.70207e+07 1.63625e+07 2.53808e+06 2.20461e+06
internal_count=34486 24778 2447 2410 2112 1994 9708 4945 3405 1540 22331 22239 4763 4703
is_linear=0
shrinkage=0.05


Tree=265
num_leaves=15
num_cat=1
split_feature=24 29 15 7 2 3 19 9 22 1 19 14 2 21
split_gain=11025.2 19592.6 16154.3 21915.9 20286 17823.8 15800.6 33347.5 22346.6 18186 16413.9 18731.3 17742.5 16866.8
threshold=2.4077208795437905 0 17.173828385191694 15.035255036558885 14.981457470965625 13.700193647591924 0.024878563584934604 0.17899252706628047 18.657458918293191 17.423965936235351 0.041274684494610407 2.5304234000068475 13.663674312943698 10.919075312383926
decision_type=10 1 2 2 2 2 2 2 2 2 2 8 2 8
left_child=1 6 4 -4 5 -3 -1 8 -8 10 13 -12 -13 -9
right_child=-2 2 3 -5 -6 -7 7 9 -10 -11 11 12 -14 -15
leaf_value=0.00013211793572973611 0.00017189657610378235 0.0018799149251486407 -0.0028731244668666429 -0.010322182806622206 0.0053572609474333149 -0.011594471793030234 -0.00075659838902517604 -0.00068196874091218981 -0.0017076731285613621 0.0011623886837704329 0.0011034383585517143 0.00013186822491046592 -0.012339165434568098 -0.0041422583778180358
leaf_weight=7557753.2217254639 10082414.668368578 419209.84786987305 2626514.3070662022 253723.14343261719 150190.85791015625 47066.972229003906 328215.66442108154 601902.00978279114 218946.12879943848 83058.17724609375 969855.97483587265 40492.699520111084 30969.001037597656 100854.39310073853
leaf_count=8442 16474 2367 4670 110 58 30 176 786 75 12 1167 247 11 117
internal_value=0.000417078 -0.000521111 -0.00373986 -0.00531213 0.003606 -0.00154169 0.000612094 -0.00294599 -0.0137743 0.000296714 -0.000791872 0.0031929 -0.0215118 -0.00669636
internal_weight=2.35112e+07 1.34288e+07 3.49671e+06 2.88024e+06 616468 466277 9.93205e+06 2.37429e+06 547162 1.82713e+06 1.74407e+06 1.04132e+06 71461.7 702756
internal_count=34742 18268 7235 4780 2455 2397 11033 2591 251 2340 2328 1425 258 903
cat_boundaries=0 1
cat_threshold=25
is_linear=0
shrinkage=0.05


Tree=266
num_leaves=15
num_cat=1
split_feature=15 15 2 15 24 19 24 11 16 0 22 29 7 22
split_gain=10229.9 23144 25490.7 18669.6 17377.4 17454.9 15986.5 15605.3 28579.3 26172.2 16209.6 23130.1 20204.6 15073.8
threshold=19.211355620242706 19.177649224056299 16.842637334131179 19.172460310684176 3.1370264973460507 -0.014479573299769398 7.5560444616056701 0.17355709227571658 18.472836192843562 16.395876229078294 16.598715905043658 0 13.784420561407968 21.068462403521643
decision_type=2 2 2 2 10 2 10 2 2 2 2 1 2 2
left_child=1 3 4 13 5 -3 -6 8 -2 10 11 12 -9 -1
right_child=7 2 -4 -5 6 -7 -8 9 -10 -11 -12 -13 -14 -15
leaf_value=-3.1502781315724979e-05 0.00020196837559491779 0.0052409597264359252 -0.0017951541586261719 0.0032816292253810241 -0.01031825375139203 -0.0028528045866451153 0.00031025800411739094 -0.0044456550519650648 0.000218662707213517 -0.0038310481678598095 0.0016414811114245293 0.00030484318926479953 -0.0077049585012462507 0.00037520010339465548
leaf_weight=14116106.528532386 5387923.2634837627 148542.63005065918 110244.30224609375 167117.69271087646 231972.44953918457 426591.98673248291 100604.78968811035 257568.64482116699 146819.77392578125 290200.251953125 1007880.1243743896 669856.13164520264 149016.23388671875 112866.60330200195
leaf_count=25761 5046 160 19 164 251 446 86 610 21 61 898 747 115 99
internal_value=0.000176475 -0.000573627 -0.00785962 -5.84301e-05 -0.00510222 0.000158551 -0.0141998 0.00163832 0.00309303 -0.00175245 0.000206256 -0.00406035 -0.0134678 -0.000253567
internal_weight=2.33233e+07 1.5414e+07 1.01796e+06 1.43961e+07 907712 575135 332577 7.90926e+06 5.53474e+06 2.37452e+06 2.08432e+06 1.07644e+06 406585 1.4229e+07
internal_count=34484 26986 962 26024 943 606 337 7498 5067 2431 2370 1472 725 25860
cat_boundaries=0 1
cat_threshold=5
is_linear=0
shrinkage=0.05


Tree=267
num_leaves=15
num_cat=1
split_feature=3 11 21 19 22 19 1 24 19 9 3 9 28 7
split_gain=9077.6 22722.7 48049 22001.8 20134.9 18434.6 21202.5 35046 33317.3 23171.2 21152.4 23889.1 19976.8 19711.9
threshold=15.096491744934644 0.23104525522443173 8.1864425068513551 -0.013014312526441299 18.027512172091555 0.042837075796135708 16.036713423938284 0.32498050864751504 0.016262469629360007 0.30363858763936519 16.041732990297305 0.17453154080605807 0 16.39377301661273
decision_type=2 2 10 2 2 2 2 8 2 2 2 2 1 2
left_child=-1 2 -2 -3 -5 6 7 -4 9 13 11 -9 -13 -8
right_child=1 3 5 4 -6 -7 8 10 -10 -11 -12 12 -14 -15
leaf_value=-0.00010296780740007882 -0.0055289798011455352 4.5007238568016346e-07 0.005003228108820118 0.00063343142460410356 0.0058298776884526827 0.00057643422695859365 -0.00035151976699748653 -0.0032443459514550628 -0.00055366605782636736 -0.0012931471301949925 0.0026953510855631615 0.0029007033891164814 -3.6339119093381321e-05 0.0001043763181949358
leaf_weight=14879622.701999784 376627.16662597656 534466.74658203125 228795.33825683594 410242.73815917969 333408.22155761719 810842.54113769531 563230.77880859375 213843.7802734375 840519.36938476562 436143.92236328125 270666.64379882812 214141.79248046875 1064061.0907592773 2177568.2336425781
leaf_count=31950 134 195 93 166 108 230 169 97 186 110 88 92 503 424
internal_value=0.000502877 0.00180908 0.000717971 0.00795256 0.013514 0.00167809 0.000723161 0.00494156 -0.00136796 0.000974107 0.00255193 0.000219087 0.00280687 0.0026775
internal_weight=2.33542e+07 8.47456e+06 7.19644e+06 1.27812e+06 743651 6.81981e+06 6.00897e+06 1.99151e+06 4.01746e+06 3.17694e+06 1.76271e+06 1.49205e+06 1.2782e+06 2.7408e+06
internal_count=34545 2595 2126 469 274 1992 1762 873 889 703 780 692 595 593
cat_boundaries=0 1
cat_threshold=64
is_linear=0
shrinkage=0.05


Tree=268
num_leaves=15
num_cat=0
split_feature=23 23 17 0 17 4 23 7 7 20 14 10 9 6
split_gain=8706.81 19292.2 19148.6 17275.6 22337.6 21029.3 14711.4 12108.5 8421.86 15132.1 14316.2 13259.6 9538.6 14355.7
threshold=5.0121942176547156 5.0069514798528703 0.013042207876639003 15.668470468809554 0.17523538740422129 15.209778070787939 5.3190805103258505 14.098514482198654 13.93413233424074 -0.0038714831586634493 1.2503043946830044 0.014640914114211851 0.61014120234960034 13.825262809094253
decision_type=10 8 2 2 2 2 10 2 2 8 10 2 2 2
left_child=1 -1 -3 5 -5 6 7 -2 12 -10 -11 -12 13 -8
right_child=3 2 -4 4 -6 -7 8 -9 9 10 11 -13 -14 -15
leaf_value=-1.4963251148546352e-05 0.004144166021011148 -9.4440962631776886e-05 -0.025136097749158232 0.0030204887142011899 -1.4798897641331406e-05 -0.0047335042462547487 0.0023291732513277467 0.010072304096619822 -0.0063839282557070463 0.0018443037199319505 0.00030484727525782816 -0.0063294778163874568 -0.00080303596189574297 0.012465790340827719
leaf_weight=18447241.424274445 264599.49353504181 81349.105205535889 77513.059814453125 542998.64990234375 366308.41064453125 256785.08142089844 854748.3084653616 80417.461669921875 257374.38720703125 522777.78063964844 177800.46057128906 161731.1689453125 1143376.6953822374 62799.447814941406
leaf_count=24966 861 199 54 171 77 121 2097 56 179 384 117 106 4923 63
internal_value=0.000128773 -0.000356605 -0.0177062 0.00205365 0.00824164 0.000566035 0.00157219 0.0113787 0.00050843 -0.00298219 0.00019339 -0.00780074 0.00240485 0.00620204
internal_weight=2.32978e+07 1.86061e+07 158862 4.69172e+06 909307 3.78241e+06 3.52563e+06 345017 3.18061e+06 1.11968e+06 862309 339532 2.06092e+06 917548
internal_count=34374 25219 253 9155 248 8907 8786 917 7869 786 607 223 7083 2160
is_linear=0
shrinkage=0.05


Tree=269
num_leaves=15
num_cat=0
split_feature=0 18 5 7 14 5 21 21 10 7 21 1 9 19
split_gain=16728.1 32964.1 10681.6 9926.97 8195.2 53596.7 15591.7 24596.7 15637.9 14675.9 14505.4 13136.1 10728.8 17216.9
threshold=16.993748182993098 0.33359816648213325 17.131665029836004 17.115974588496943 2.4898991146353726 16.207104619767552 11.028483519367361 11.104263422778596 -0.21923102840204392 15.156395737790072 11.259500804045736 15.195512925607076 0.38290691586738707 0.010748464346764752
decision_type=2 10 2 2 10 2 10 10 2 2 10 2 2 2
left_child=2 -2 3 4 6 9 -1 8 -8 11 -9 -6 13 -10
right_child=1 -3 -4 -5 5 -7 7 10 12 -11 -12 -13 -14 -15
leaf_value=2.2003763286372044e-05 0.00044743813055126141 -1.1573309808992451e-05 0.00045681207919327256 -0.0022961858411553776 0.00010596889021512782 -0.0033645330921628597 0.010115223452624979 -0.002768415422809898 0.0024860785051385829 -0.0029936721646618321 0.0014796719510561036 0.0088735006387187839 -0.0014031677761055575 0.00017056745764855284
leaf_weight=17800060.980199218 935687.77294921875 1218128.4631347656 68270.22021484375 108935.029296875 1372825.4699928761 58646.113525390625 114187.59737205505 347182.20768356323 181871.37017822266 258226.0263671875 634302.30127024651 20452.222778320312 132303.50132465363 151423.79925537109
leaf_count=24274 176 197 13 20 7706 15 142 514 103 103 885 11 235 118
internal_value=0.000701563 0.00490034 0.000275965 0.000212319 0.000290149 -0.00302767 0.000583206 0.00537415 0.0135395 -0.00135965 0.000550658 0.000669497 0.00947296 0.014255
internal_weight=2.34025e+07 2.15382e+06 2.12487e+07 2.11804e+07 2.10715e+07 1.71015e+06 1.93613e+07 1.56127e+06 579786 1.6515e+06 981485 1.39328e+06 465599 333295
internal_count=34512 373 34139 34126 34106 7835 26271 1997 598 7820 1399 7717 456 221
is_linear=0
shrinkage=0.05


Tree=270
num_leaves=15
num_cat=0
split_feature=3 19 14 14 11 21 27 10 24 16 23 11 14 4
split_gain=16852.2 20656.1 33579.6 22113.7 20059.2 21304.3 22636 19584.1 23112.6 23167 20351.5 18159.3 34542.3 17840.6
threshold=15.096491744934644 -0.014024481491092899 2.3208692223973153 2.3864374454103636 0.3988870665248232 10.283958610394317 4.5000000000000009 0.089407070082038367 1.5968982021809051 17.340407118629656 2.9155339332431152 -0.081390816143468145 2.3474724148787502 13.742861480680888
decision_type=2 2 10 10 2 10 2 2 8 2 10 2 10 2
left_child=13 2 7 -4 5 6 -3 8 -2 10 -10 12 -7 -1
right_child=1 4 3 -5 -6 11 -8 -9 9 -11 -12 -13 -14 -15
leaf_value=0.000775645494398717 0.00040384457239856105 -0.0034960138049838618 -0.00085554219622866043 -0.00015697157282850452 0.0050342701402873559 0.0013520195147852831 0.00025210256161072183 0.0015512872743814864 0.00069192232902183601 -0.00040955611614438024 -0.00073529950338895478 0.00013334376049588991 4.8502964001145508e-05 -0.00098356542898779867
leaf_weight=8876777.5354353189 714516.52893066406 389171.40881347656 404242.08203125 421539.21215820312 341557.79174804688 826939.6826171875 777619.82244873047 604712.14404296875 386150.0810546875 344617.18273925781 403103.79907226562 2365233.0400390625 583932.240234375 5974337.7965087891
leaf_count=27386 214 145 102 120 131 233 286 196 146 71 145 651 154 4489
internal_value=0.000650063 0.00241657 -0.000700956 -0.00942203 0.00435092 0.00354114 -0.00236412 0.0022348 -0.000320502 -0.00475885 -3.62355e-05 0.00536582 0.00985524 -0.000368524
internal_weight=2.34145e+07 8.56334e+06 3.27888e+06 825781 5.28445e+06 4.9429e+06 1.16679e+06 2.4531e+06 1.84839e+06 1.13387e+06 789254 3.7761e+06 1.41087e+06 1.48511e+07
internal_count=34469 2594 994 222 1600 1469 431 772 576 362 291 1038 387 31875
is_linear=0
shrinkage=0.05


Tree=271
num_leaves=15
num_cat=1
split_feature=5 19 5 19 8 19 9 22 28 4 10 22 22 4
split_gain=11448.5 18737.3 16193.2 14860.2 32262.2 29974.8 13920.4 7375.14 16348 24009 18321 13168 27186.6 15670.3
threshold=16.440364546327579 -0.023291557472638346 16.315474838755737 0.016262469629360007 0.1520367391642001 0.041274684494610407 0.099641508914028162 19.600808566351393 0 15.157226915591695 -0.1560078460808513 18.657458918293191 18.651885674616626 15.811075110773315
decision_type=2 2 2 2 2 2 2 2 1 2 2 2 2 2
left_child=2 -2 6 4 -3 -5 -1 11 10 -10 -9 12 13 -8
right_child=1 3 -4 5 -6 -7 7 8 9 -11 -12 -13 -14 -15
leaf_value=0.0056045788590507115 -0.00024693086647490839 0.00023206368893121662 0.0010929959982785386 -0.00098083300583279233 -0.00024088929367230895 0.00010918189678602459 0.00020932496633116433 0.0067217349990179101 0.00096144284367555885 -0.0093225427307719547 0.00086681670450207545 -0.00122414320889701 0.0024190923776904487 -0.00060913967484534483
leaf_weight=60452.335952758789 890212.02001953125 903700.5615234375 503658.92822265625 684451.42358398438 913153.02490234375 515654.404296875 14773562.818776727 176719.57661437988 656903.10345840454 73484.640502929688 377887.20672607422 1383042.0193661451 174681.21841430664 1285431.0587158203
leaf_count=209 177 175 143 135 191 101 28625 124 978 38 272 2817 117 434
internal_value=6.77468e-05 -0.00240223 0.000563519 -0.000521377 0.0023306 -0.00483902 0.000328488 0.000251874 0.0039088 -0.00100562 0.0103807 -1.48687e-05 0.000384134 0.00017073
internal_weight=2.3373e+07 3.90717e+06 1.94658e+07 3.01696e+06 1.81685e+06 1.20011e+06 1.89622e+07 1.89017e+07 1.28499e+06 730388 554607 1.76167e+07 1.62337e+07 1.6059e+07
internal_count=34536 779 33757 602 366 236 33614 33405 1412 1016 396 31993 29176 29059
cat_boundaries=0 1
cat_threshold=104
is_linear=0
shrinkage=0.05


Tree=272
num_leaves=15
num_cat=1
split_feature=3 15 9 1 7 23 5 7 3 3 28 9 5 1
split_gain=13032 18238.6 22473.1 14247.5 16910.5 9154.56 11309 20120.1 13258.8 11327.7 12329.9 14290.5 10762.6 21278.8
threshold=16.850451675266942 18.199200115638927 0.14407582608325048 17.156634566241113 16.610313958149195 2.8470399424932453 16.440364546327579 16.39377301661273 16.3974896391274 16.041732990297305 0 0.1943338755616151 16.207104619767552 15.393567486515412
decision_type=2 2 2 2 2 10 2 2 2 2 1 2 2 2
left_child=3 -2 -3 4 5 6 7 8 9 10 11 -1 13 -7
right_child=1 2 -4 -5 -6 12 -8 -9 -10 -11 -12 -13 -14 -15
leaf_value=-0.0080617788549791746 0.00045071790158168908 5.7061166595395094e-05 -0.00031880520947959271 0.00030296259923209899 -0.00022728428837439935 0.00066292075975226555 -0.00105566101273628 0.0026367427034286795 -0.0037864718064226249 0.00043976349157390579 -0.0001489641295176128 -0.0023436799987514309 0.0011802857855643452 -0.0013539925838025179
leaf_weight=92595.328674316406 915089.7080078125 985266.78466796875 760945.5869140625 62534.896484375 794604.69287109375 7899107.1265531778 309658.18627929688 131849.14111328125 179621.52001953125 610323.23266601562 8701233.641122818 367569.10286331177 547474.68823242188 953926.8662109375
leaf_count=81 179 175 129 13 179 16850 83 35 53 192 15082 874 160 369
internal_value=0.000494057 0.00378716 0.000790744 6.96631e-05 -2.71846e-06 0.000284398 -0.000738277 -0.000449237 -0.000706327 -0.000458884 -0.000898279 -0.00887452 0.00141503 0.000994311
internal_weight=2.33118e+07 2.6613e+06 1.74621e+06 2.06505e+07 2.0588e+07 1.97934e+07 1.03929e+07 1.00832e+07 9.95134e+06 9.77172e+06 9.1614e+06 460164 9.40051e+06 8.85303e+06
internal_count=34454 483 304 33971 33958 33779 16400 16317 16282 16229 16037 955 17379 17219
cat_boundaries=0 1
cat_threshold=10
is_linear=0
shrinkage=0.05


Tree=273
num_leaves=15
num_cat=1
split_feature=3 19 16 19 19 19 19 23 4 20 17 17 17 28
split_gain=14248.4 14001.5 30863 37354.6 25210.8 24452.1 19303.6 19846.6 26759.1 19997.7 23542.5 16705.6 18867.1 15400
threshold=14.561583073875969 -0.014321172063744747 18.435443290659602 -0.015250994280609949 -0.0083378322809124477 -0.017213670397123248 -0.0059187558919284993 -1.9532581333759798 15.811075110773315 -0.0042176546751504984 0.046427168937550709 0.023056676643761254 0.017545637841621154 0
decision_type=2 2 2 2 2 2 2 10 2 10 2 2 2 1
left_child=-1 2 3 5 -3 -2 -6 8 -8 10 11 12 -9 -12
right_child=1 4 -4 -5 6 -7 7 9 -10 -11 13 -13 -14 -15
leaf_value=-0.000254025630466882 4.270590511385161e-05 0.0013647954066215232 -0.00124490266029486 -0.0029781887434411161 -0.0022630002013146349 0.0034370207425742949 0.00084389299233873804 0.0011384412423820253 -0.0019112141616529198 0.00024214007310999924 -0.0012221467106770557 0.005833436182370348 -0.0062985956080006599 6.7949806766624693e-05
leaf_weight=12445431.253070593 3010131.3868408203 847054.3125 476251.9677734375 313481.86804199219 472537.71862792969 283659.45556640625 270135.55493164062 377625.08416748047 311900.81176757812 3275184.5662841797 509070.3154296875 387333.41076660156 187208.42626953125 347423.11065673828
leaf_count=30451 1167 322 99 121 186 116 142 237 74 1121 146 159 86 135
internal_value=0.000641024 0.0019461 -0.00037976 0.00119967 0.00330574 0.00276935 0.00218992 0.00299966 -0.00574616 0.00400095 -0.000218968 0.00519136 -0.000293015 -0.00623365
internal_weight=2.35144e+07 1.1069e+07 4.08352e+06 3.60727e+06 6.98547e+06 3.29379e+06 6.13842e+06 5.66588e+06 582036 5.08384e+06 1.80866e+06 952167 564834 856493
internal_count=34562 4111 1503 1404 2608 1283 2286 2100 216 1884 763 482 323 281
cat_boundaries=0 1
cat_threshold=328
is_linear=0
shrinkage=0.05


Tree=274
num_leaves=15
num_cat=0
split_feature=11 15 2 15 21 5 24 15 23 21 21 16 10 21
split_gain=10044.3 17398.9 20120.6 19461 22597.5 13808 11611.5 14299.3 13486.1 11587.1 27201.2 29386.4 26343.5 21846.4
threshold=0.4513552894078377 19.440512457253472 15.142648137605784 19.416922399778489 10.326674706467216 16.440364546327579 0.45979570280003906 19.446468547402016 11.092650807481451 7.9927916376927541 7.7713535867490036 13.820782551242965 0.13202621615014018 8.0217497082141769
decision_type=2 2 2 2 10 2 8 2 10 10 8 2 2 10
left_child=1 3 -3 9 -5 6 -2 8 -8 10 -1 -12 -13 -11
right_child=5 2 -4 4 -6 -7 7 -9 -10 13 11 12 -14 -15
leaf_value=8.6573338967288902e-05 -0.010907492876526197 -0.00010397931286027228 0.001032337159712463 8.1605423014232585e-05 -0.0018648476372580955 0.0036292614909781262 -0.00069320175894845839 -0.018810891152903613 -0.0086257462164602994 0.0041037419210800787 0.0041612355850377744 -0.01332535774876787 0.00076789675770711223 8.1830121504100151e-05
leaf_weight=1290237.8673335314 222011.8347120285 205235.52621459961 185552.31555175781 171324.43773651123 147370.28606414795 99888.21728515625 1771037.4381939173 46204.742950439453 44472.61067199707 129514.68360900879 192948.22810649872 349080.00272750854 131907.75029754639 18369712.715892553
leaf_count=3191 598 287 53 193 93 24 4437 51 48 141 634 398 179 24182
internal_value=0.000213533 0.000546517 0.0109989 0.000349969 -0.0119106 -0.00301517 -0.0038857 -0.00259678 -0.00189772 0.000540913 -0.00311045 -0.0112519 -0.0178647 0.000928601
internal_weight=2.33565e+07 2.11729e+07 390788 2.07821e+07 318695 2.18361e+06 2.08373e+06 1.86171e+06 1.81551e+06 2.04634e+07 1.96417e+06 673936 480988 1.84992e+07
internal_count=34509 29351 340 29011 286 5158 5134 4536 4485 28725 4402 1211 577 24323
is_linear=0
shrinkage=0.05


Tree=275
num_leaves=15
num_cat=0
split_feature=1 16 15 14 14 2 2 26 18 23 2 21 7 26
split_gain=14271.1 11607.1 15707.8 19880.4 18271.2 15704.2 14949.7 14086.1 13093.5 22367.5 19063 14485.9 14859.7 12201.4
threshold=17.423965936235351 18.179163792832941 19.203026137930177 1.6554688479737332 2.4898991146353726 15.924256278800728 16.842637334131179 -0.24999999999999997 0.47177133088911288 -8.1530168038385273 15.25666115188052 7.5547324815505208 15.27065450272619 -0.68301270189221952
decision_type=2 2 2 10 10 2 2 2 8 10 2 10 2 2
left_child=1 6 3 7 13 -6 8 -3 9 -1 11 -11 -13 -5
right_child=-2 2 -4 4 5 -7 -8 -9 -10 10 -12 12 -14 -15
leaf_value=-0.012329384137853904 -6.5836804030607607e-05 -0.0012737693298971319 0.00035856830473661553 0.00082563668171325522 0.00046732988421661204 -0.0017097096472121075 -0.00044327709241988046 -2.9065645928446834e-06 0.00029414990866749119 0.0048175621145304728 -0.0019941195088213526 -0.00041643797849325655 0.0037523097323189751 0.00010288891275707822
leaf_weight=191042.76610946655 880811.5205078125 282812.8115234375 280420.53955078125 546461.12728881836 136098.826171875 175931.52758789062 603652.02734375 308655.81484985352 9526276.6628806591 398434.0834017992 707485.7666015625 7570289.102391839 172785.0888671875 1567651.4272766113
leaf_count=529 129 151 51 197 216 46 128 189 11062 1692 296 19134 80 567
internal_value=0.000191794 0.000436546 0.00317643 0.00212453 0.00412835 -0.007166 -3.48284e-05 -0.00609493 0.000216943 -0.00114611 -0.000780671 -9.65618e-05 -0.000574984 0.00579533
internal_weight=2.33488e+07 2.2468e+07 3.29803e+06 3.01761e+06 2.42614e+06 312030 1.917e+07 591469 1.85663e+07 9.04004e+06 8.84899e+06 8.14151e+06 7.74307e+06 2.11411e+06
internal_count=34467 34338 1417 1366 1026 262 32921 340 32793 21731 21202 20906 19214 764
is_linear=0
shrinkage=0.05


Tree=276
num_leaves=15
num_cat=2
split_feature=14 23 4 19 3 7 28 23 7 28 23 24 14 25
split_gain=8542.93 19664.3 19146.4 15807.1 14523.4 20762.1 13908.6 11259 42460.7 20962.2 17297.1 16509.8 15733.3 14363.5
threshold=2.4380734563316504 2.2429219836884204 13.680129858928925 0.0023306812258853502 16.536937448267057 16.610313958149195 0 0.71288589993053408 15.27065450272619 1 0.84312269806514462 0.63487293097619857 1.1642031943738416 1.0000000180025095e-35
decision_type=10 10 2 2 2 2 1 8 2 1 8 8 8 2
left_child=7 2 6 -4 5 -3 -2 8 9 11 -9 -1 -11 -10
right_child=1 4 3 -5 -6 -7 -8 10 13 12 -12 -13 -14 -15
leaf_value=0.0012763104188266295 0.0022923676971404092 0.00069248638570189194 -0.0014419254065441735 -0.0035184283971560308 0.0027072266480761059 -0.006673003767897802 -0.021070440880055243 -0.0012173320266766806 0.00013593434687601054 -0.0031647079882547754 6.9757014154999157e-05 -0.012916405374792212 0.0024697158461919732 0.0010343763000143975
leaf_weight=196676.32601451874 368848.43024158478 1161479.3998749256 218385.21807861328 238001.01156616211 63356.343994140625 34093.2919921875 162230.63960409164 530079.3519821167 599742.18579101562 660449.71373748779 16400472.350696802 256078.08536720276 1546353.4529438019 657822.5673828125
leaf_count=365 2412 4868 96 115 16 8 907 371 176 1202 20733 509 2403 199
internal_value=0.000545484 -0.00238412 -0.00766622 -0.0151767 0.00175899 0.000522732 -0.00121206 0.000861157 0.00327686 -0.00030279 0.00030225 -0.0101029 0.00170786 0.0108473
internal_weight=2.30941e+07 2.24639e+06 987465 456386 1.25893e+06 1.19557e+06 531079 2.08477e+07 3.91712e+06 2.65956e+06 1.69306e+07 452754 2.2068e+06 1.25756e+06
internal_count=34380 8422 3530 211 4892 4876 3319 25958 4854 4479 21104 874 3605 375
cat_boundaries=0 1 2
cat_threshold=577 38
is_linear=0
shrinkage=0.05


Tree=277
num_leaves=15
num_cat=1
split_feature=25 11 2 19 11 3 28 21 8 17 2 6 24 14
split_gain=10037.7 16972.7 35797.8 12650.9 12866.1 13113.7 11856.5 11828.5 12873.9 10964.2 11710.2 10087.8 9542.96 12214
threshold=-0.93301270189221919 0.043086293841822554 17.165595607188539 -0.016407059656580947 -0.05325308337230699 14.489244905225535 0 10.500110902490539 0.54955376436111825 0.24497248980684103 15.142648137605784 13.016514780800859 13.769584241537652 1.2366605736610996
decision_type=2 2 2 2 2 2 1 8 2 2 2 2 10 10
left_child=1 2 3 -1 9 -6 7 8 -3 10 -5 -10 -2 -14
right_child=12 6 -4 4 5 -7 -8 -9 11 -11 -12 -13 13 -15
leaf_value=-0.00074456206125233517 -1.9963036460236172e-05 0.00047055868286513633 0.00074714104972463044 0.0020084264734114561 0.0046332007054590571 0.004636964871667773 0.0047686731465276027 -0.0029464573884333272 -0.0036332405915594141 -0.00025542867150715563 0.0033161499138077326 -0.0201955889307006 0.0044096283302468798 -0.00037892312455032706
leaf_weight=328930.49060249329 20730787.842943192 304062.2298374176 78550.22412109375 359629.90606665611 86694.151929855347 86880.580322265625 223384.75021243095 232967.09757804871 64990.643770098686 71942.433288574219 95658.04833984375 44229.367370605469 392283.4986038208 243979.64775800705
leaf_count=536 30478 243 13 809 170 34 604 189 236 26 33 37 479 622
internal_value=0.000258384 0.00366606 0.0077689 0.005287 0.00908383 0.0208912 -0.0015627 -0.00499515 8.35331e-05 0.00519661 0.00806282 -0.0146407 -5.706e-05 0.00597449
internal_weight=2.3345e+07 1.97792e+06 1.10829e+06 1.02974e+06 700805 173575 869634 646249 413282 527230 455288 109220 2.13671e+07 636263
internal_count=34509 2930 1621 1608 1072 204 1309 705 516 868 842 273 31579 1101
cat_boundaries=0 1
cat_threshold=928
is_linear=0
shrinkage=0.05


Tree=278
num_leaves=15
num_cat=1
split_feature=1 1 9 20 20 9 15 15 25 28 18 20 18 4
split_gain=14675.9 15474.7 14472.1 21514.5 15864.9 14949.2 26177.3 13016.9 10585.4 19621.4 28485.7 17810.5 17175.8 15740.1
threshold=17.156634566241113 17.423965936235351 0.11263565210970426 0.016445850632137802 0.049313473536420058 0.13827813384070328 17.182182440199757 16.860951492516261 -0.6830127018922193 0 0.18589430793310766 0.041395916522617808 0.070050519123765351 14.160035783292683
decision_type=2 2 2 8 8 2 2 2 2 1 10 8 10 2
left_child=2 -2 3 -1 -5 6 7 -4 9 10 12 -12 -7 -11
right_child=1 -3 5 4 -6 8 -8 -9 -10 13 11 -13 -14 -15
leaf_value=-0.001464350063361735 0.00025689012850405068 1.3815803786456079e-05 0.00017489704476053667 0.00031814232673737906 -0.0002705746906391851 0.0025695838203077647 0.00064300883884434591 -0.0016398059707603775 0.00013304127932680946 -0.0001249866767915903 0.0070148169310238545 0.00030728326642467507 -0.0042409934944076721 -0.0013492354799880977
leaf_weight=289887.02851867676 694145.42822265625 899938.10302734375 132101.40238952637 117161.86557006836 132322.12059020996 548840.88579082489 475238.24710083008 117180.95947265625 15368739.449842334 1900990.1809402704 180559.47541427612 117961.57690048218 201335.23969459534 2267706.3255004883
leaf_count=140 127 131 169 37 195 2113 162 44 24874 4447 241 285 294 1119
internal_value=0.000380328 0.00501188 4.24298e-05 -0.00804601 0.00271827 0.000247147 0.00730614 -0.00581636 -1.29096e-06 -0.00194723 0.00416616 0.0172295 -0.00103213 -0.00348515
internal_weight=2.34441e+07 1.59408e+06 2.185e+07 539371 249484 2.13107e+07 724521 249282 2.05861e+07 5.21739e+06 1.0487e+06 298521 750176 4.1687e+06
internal_count=34378 258 34120 372 232 33748 375 213 33373 8499 2933 526 2407 5566
cat_boundaries=0 1
cat_threshold=71
is_linear=0
shrinkage=0.05


Tree=279
num_leaves=15
num_cat=1
split_feature=17 18 9 28 14 17 20 16 16 3 3 2 4 9
split_gain=14344.6 19673.7 21452.3 31357 11757.1 10826.3 9407.97 21731.6 30695.3 11982.1 13758.9 32402.3 16022.5 15639.6
threshold=0.39211591187223777 0.39331165445237215 0.18387354076970366 0 -0.18160916797342183 0.089239508121144312 -0.014965046821651048 18.314726746826736 18.261687824277342 17.171183635107628 16.850451675266942 16.684754232979486 16.410410087137191 0.36786407658468873
decision_type=2 10 2 1 8 2 8 2 2 2 2 2 2 2
left_child=4 2 -2 -4 5 -1 7 8 9 10 11 12 13 -6
right_child=1 -3 3 -5 6 -7 -8 -9 -10 -11 -12 -13 -14 -15
leaf_value=-0.0020705537377289089 -4.6128346361509396e-06 -0.00043290458733609622 0.0020234396122224339 0.0001354853212240434 0.0017788214298278611 -0.0089072639595929072 9.2341658036570911e-06 -0.0008373744367068663 0.0020696931464639335 0.0017933139280982659 -0.00026166776595269676 0.0014181591412567019 -0.0014118564302320882 -0.00034668025103318321
leaf_weight=130778.97753429413 472635.20336914062 270247.84167480469 378811.49462890625 277760.30377197266 1056196.9540042877 58169.671081542969 18544624.731306195 224122.29705810547 111044.70976257324 64399.4306640625 105507.66259765625 96965.031982421875 67674.302001953125 1449963.577254653
leaf_count=514 132 87 122 194 1072 82 28749 83 42 12 22 22 18 3253
internal_value=0.000659281 0.00556711 0.00846731 0.0143144 0.000345796 -0.0120726 0.000453825 0.00296838 0.00410807 0.00309997 0.0026054 0.003305 0.00223605 0.00288432
internal_weight=2.33089e+07 1.39945e+06 1.12921e+06 656572 2.19094e+07 188949 2.17205e+07 3.17587e+06 2.95175e+06 2.84071e+06 2.77631e+06 2.6708e+06 2.57383e+06 2.50616e+06
internal_count=34404 535 448 316 33869 596 33273 4524 4441 4399 4387 4365 4343 4325
cat_boundaries=0 1
cat_threshold=514
is_linear=0
shrinkage=0.05


Tree=280
num_leaves=15
num_cat=1
split_feature=11 9 11 10 11 17 28 17 19 17 23 2 23 24
split_gain=11415.5 17550.4 34057.8 20728.6 16283.9 21333.5 14036.3 24377.4 31090.9 21517.3 38988.4 34560.7 16333.1 14503.8
threshold=0.047013165624397453 0.14407582608325048 0.0064020624786324505 0.046142006192233007 -0.074499969512946643 0.17523538740422129 0 0.22619975375775667 -0.00078157301100149987 0.095675110188606319 2.4308761225760551 16.842637334131179 -2.0808519107870547 1.0103857006349501
decision_type=2 2 2 2 2 2 1 2 2 2 10 2 10 8
left_child=1 2 3 4 5 -1 12 9 -9 11 -11 13 -2 -8
right_child=6 -3 -4 -5 -6 -7 7 8 -10 10 -12 -13 -14 -15
leaf_value=2.7675218294324689e-05 -0.0023732988125343972 0.00010037644123592515 0.0014297771861930385 -0.00034346534408909754 -8.9279027675424137e-05 0.00075227398534359938 -0.0026251186425886135 -0.0031265584322546836 -0.00033587725098101624 0.00066117294676106388 -0.00023560607871879295 -0.0053553877656240638 0.0012193068795105344 -5.9611552434794662e-05
leaf_weight=294474.20545959473 318204.6259803772 11831039.940047026 253300.91432189941 248591.71603393555 407533.61827087402 179257.00207519531 1097224.3935747147 296736.47784423828 299925.38739013672 319782.67791748047 387351.92819213867 81406.1923828125 2477996.8896343708 4707542.9970095158
leaf_count=253 622 18618 78 103 222 52 1673 98 102 98 132 19 5890 6552
internal_value=0.000462187 0.00142635 0.00675563 0.00304071 0.00663766 0.0129416 -0.00081364 -0.00198265 -0.0116607 -0.00110683 0.00713412 -0.00209686 0.00219227 -0.00164315
internal_weight=2.32004e+07 1.32142e+07 1.38316e+06 1.12986e+06 881265 473731 9.98617e+06 7.18997e+06 596662 6.59331e+06 707135 5.88617e+06 2.7962e+06 5.80477e+06
internal_count=34512 19326 708 630 527 305 15186 8674 200 8474 230 8244 6512 8225
cat_boundaries=0 1
cat_threshold=583
is_linear=0
shrinkage=0.05


Tree=281
num_leaves=15
num_cat=0
split_feature=7 1 2 8 17 9 18 18 1 23 18 24 1 4
split_gain=15450.9 42897.3 15812.7 13498.2 27238.6 9132.85 8807.36 17363.7 27792 11594.1 22442.2 15868.3 28263.6 18648.3
threshold=17.376805783880858 17.423965936235351 17.165595607188539 0.064852118826147817 0.20761420437122818 0.099641508914028162 0.47177133088911288 0.37401513140501497 14.274425384624829 0.44770571011952853 0.64702786001430701 1.0609290397511502 16.150297738002418 15.209778070787939
decision_type=2 2 2 2 2 2 10 10 2 8 10 8 2 2
left_child=1 2 3 4 5 -1 7 -5 -9 -8 11 -11 13 -13
right_child=-2 -3 -4 6 -6 -7 9 8 -10 10 -12 12 -14 -15
leaf_value=0.0004506752141635126 0.00016923565259890165 -0.0050433770883715279 0.00017677882717862472 -2.4281813304328391e-05 -0.0021899271446591813 -0.00036725855574801225 0.0015252529958804622 0.001420389464898751 -0.0034934248947258795 -0.0013648143859895233 -5.283349908612702e-05 0.0042308176342801852 0.0046665390794466341 -0.0028594543064739547
leaf_weight=52384.592529296875 890442.666015625 113205.3603515625 530885.47607421875 11110190.53789854 72521.909851074219 97692.416849732399 1868013.2141189575 229595.92324829102 335870.76293945312 151181.38830566406 7042812.9903309345 435275.9712600708 134624.85400390625 154497.42919921875
leaf_count=172 129 20 100 22253 20 228 2319 342 187 149 7935 515 39 67
internal_value=0.000562127 0.000304558 0.000461002 0.000252279 -0.0119969 0.000161575 0.000379324 -0.000547992 -0.00909487 0.00148566 0.000649771 0.00819912 0.0112741 0.00655552
internal_weight=2.32192e+07 2.23288e+07 2.22155e+07 2.16847e+07 222599 150077 2.14621e+07 1.16757e+07 565467 9.78641e+06 7.91839e+06 875580 724398 589773
internal_count=34475 34346 34326 34226 420 400 33806 22782 529 11024 8705 770 621 582
is_linear=0
shrinkage=0.05


Tree=282
num_leaves=15
num_cat=0
split_feature=3 1 3 10 7 20 8 4 21 20 3 2 18 4
split_gain=11801.9 11978.5 8819.94 33095.4 18245.2 43376.8 20366.8 16473.9 19663.1 23215.3 8918.36 8490.08 7636.98 26516.8
threshold=17.445700346247609 17.423965936235351 17.006344156415725 -0.029996462998554695 16.203243434593986 0.030705938114335352 0.29283686091921496 16.283999875186893 10.896494053253278 -0.0050695668200827987 16.041732990297305 16.035613885257231 0.47177133088911288 14.953516001606376
decision_type=2 2 2 2 2 10 2 2 10 8 2 2 10 2
left_child=1 2 4 -4 10 6 7 -6 9 -9 11 12 13 -1
right_child=-2 -3 3 -5 5 -7 -8 8 -10 -11 -12 -13 -14 -15
leaf_value=7.9151925544249154e-05 0.00012326545841688627 -0.00063770047228908777 -0.00013779850364177633 0.00038597275419064179 -0.0018987285688221419 0.00064990009080763606 -0.0028495173615462627 -7.6046517501885593e-05 -0.00019823981361565755 0.00033422314742510693 0.0014201579087987739 -0.0016139776312567985 0.00039558984135417975 -0.0019484690913494718
leaf_weight=8351678.9149838686 796404.53662109375 178706.79638671875 611055.30639648438 518982.07763671875 420943.6796875 420570.0068359375 381628.126953125 451365.6328125 525585.21875 615516.22143554688 639788.60620117188 324397.81469726562 7531384.4303689003 1397319.3460083008
leaf_count=21960 116 30 119 100 118 103 100 108 119 153 213 113 10381 719
internal_value=-0.000116445 -0.000329392 -0.000225558 0.00407779 -0.000456465 -0.00420269 -0.0068033 -0.00479592 -0.00247063 0.00142901 0.000121674 -8.90665e-05 6.13768e-05 -0.000862495
internal_weight=2.31653e+07 2.23689e+07 2.21902e+07 1.13004e+06 2.10602e+07 2.81561e+06 2.39504e+06 2.01341e+06 1.59247e+06 1.06688e+06 1.82446e+07 1.76048e+07 1.72804e+07 9.749e+06
internal_count=34452 34336 34306 219 34087 701 598 498 380 261 33386 33173 33060 22679
is_linear=0
shrinkage=0.05


Tree=283
num_leaves=15
num_cat=1
split_feature=21 29 16 1 1 20 3 2 11 20 10 23 17 0
split_gain=11022.2 8823.92 20442.4 21512.7 14702.5 10608.8 20142.9 14412.4 20564 33744.9 40674.7 28708.8 22596.3 15777.5
threshold=11.44577791145767 0 16.245575259198525 15.319488255298628 15.195512925607076 0.032674146079223358 15.929939596008317 15.321986804136829 0.29247374235359486 0.020568971285481154 0.12817914883059969 4.0723090901500258 0.076672180804922621 14.655800836573913
decision_type=10 1 2 2 2 10 2 2 2 8 2 8 2 2
left_child=1 5 3 4 -3 7 -7 13 9 -9 12 -10 -11 -1
right_child=-2 2 -4 -5 -6 6 -8 8 11 10 -12 -13 -14 -15
leaf_value=0.00010641161894490723 0.0055018416028927222 -0.0011790252779738464 -0.010555434721660303 0.001968321277175192 -0.0043880996405685022 -3.900652404822544e-05 0.00053932210276476757 -1.9196749586865449e-05 0.0044032227778617299 -0.002881860058990261 0.00039944908914365591 -0.00047730854172615489 -0.0031253728858384833 0.00092441085780457051
leaf_weight=7968746.0937106609 131124.43551325798 4353745.2003283501 263288.34344100952 431012.66955566406 65480.022338867188 1109561.6734889746 680712.82385253906 4063403.3566894531 282656.31396484375 726603.5849609375 439351.16564941406 370607.35595703125 320248.7451171875 2062557.1740112305
leaf_count=17201 296 11912 270 180 32 1498 158 942 102 247 163 122 82 1190
internal_value=4.0127e-05 -4.17936e-05 -0.00187499 -0.00113843 -0.00217837 0.000478283 0.00413109 7.54582e-05 -0.00181909 -0.00280683 -0.00925369 0.00657193 -0.0146124 0.00124696
internal_weight=2.32691e+07 2.3138e+07 5.11353e+06 4.85024e+06 4.41923e+06 1.80244e+07 1.79027e+06 1.62342e+07 6.20287e+06 5.54961e+06 1.4862e+06 653264 1.04685e+06 1.00313e+07
internal_count=34395 34099 12394 12124 11944 21705 1656 20049 1658 1434 492 224 329 18391
cat_boundaries=0 1
cat_threshold=29
is_linear=0
shrinkage=0.05


Tree=284
num_leaves=15
num_cat=1
split_feature=3 6 11 14 22 27 25 28 18 22 4 21 3 21
split_gain=10428.8 17761.7 16580.4 7470.63 12874.5 12186.6 8817.47 14566.1 25841 18792.5 21406.8 20983.8 26472.7 17091.1
threshold=17.171183635107628 17.129815940530211 0.0030688687109714004 -0.18160916797342183 17.223726295556734 4.5000000000000009 -0.24999999999999997 0 0.34298014506208535 18.662531985835098 17.019152678527846 9.0515012950816871 15.096491744934644 10.414501320143701
decision_type=2 2 2 8 2 2 2 1 10 2 2 10 2 10
left_child=1 3 -2 4 -1 -6 7 8 -5 10 -9 12 -11 -10
right_child=2 -3 -4 6 5 -7 -8 9 13 11 -12 -13 -14 -15
leaf_value=-0.0061939281618349261 -3.2582737170606554e-05 -0.0011669319476481268 0.00021594252281857305 0.00035647035434720838 -0.0039235838821671349 0.004558316536040166 0.00020439448484461738 -0.0001536515148716794 0.0041636933158373662 -0.0039003545338515224 0.00055965008797944141 -0.0023662172046259406 0.0082923425697046145 0.012928498970861894
leaf_weight=136303.42095470428 621175.5830078125 344549.83447265625 873438.28076171875 1344055.8917571306 71337.362730026245 133225.74560165405 12244924.531702399 6156106.2595951557 160657.08528137207 133763.59129190445 125320.8154296875 796859.40629386902 38556.693603515625 71365.771091461182
leaf_count=399 104 64 140 3963 99 203 19488 8286 547 469 26 585 13 49
internal_value=0.00027387 -3.6702e-06 0.00431401 0.000177549 -0.00716542 0.000766591 0.000296333 -0.000908349 0.00344817 -0.00185534 -0.000855459 -0.00833574 0.00748522 0.0188574
internal_weight=2.32516e+07 2.1757e+07 1.49461e+06 2.14125e+07 340867 204563 2.10716e+07 8.82669e+06 1.57608e+06 7.25061e+06 6.28143e+06 969180 172320 232023
internal_count=34435 34191 244 34127 701 302 33426 13938 4559 9379 8312 1067 482 596
cat_boundaries=0 1
cat_threshold=69
is_linear=0
shrinkage=0.05


Tree=285
num_leaves=15
num_cat=0
split_feature=0 10 5 26 14 15 2 11 5 3 0 24 3 3
split_gain=25748.2 22183.9 13639.3 25689.5 12842.2 17591.2 9777.7 8061.83 11757.6 17204.8 9297.76 42954.3 38510.7 18821.9
threshold=16.84045422280521 -0.027150203300232347 16.440364546327579 1.0000000180025095e-35 2.3208692223973153 19.242938431960084 16.533265774342059 0.40928949421149957 16.088345866970069 15.804550983324974 16.152874941917947 1.2270203362160601 16.153319173089113 16.041732990297305
decision_type=2 2 2 2 10 2 2 2 2 2 2 10 2 2
left_child=2 -2 6 -4 5 -3 7 10 9 -9 12 -12 13 -1
right_child=1 4 3 -5 -6 -7 -8 8 -10 -11 11 -13 -14 -15
leaf_value=0.00018136546649488971 -4.1731707131141969e-05 0.00038861444044938423 0.00011193094697023691 -0.00081256442453573198 2.5599125560630479e-05 0.0001271958109884212 0.00092029005711476717 -0.0020674525865518674 -0.0079179005738017998 0.0069950219133698326 -0.00044035988316384639 0.0025326124118494409 -0.003164080136443518 0.0037206692358187454
leaf_weight=15381738.664624691 938363.7451171875 532540.66137695312 620373.173828125 634758.62670898438 550300.9375 711577.42260742188 153743.4462890625 2155101.9134945869 83991.602783203125 97601.179443359375 402930.17138671875 599971.17236328125 487099.37353515625 177028.1318359375
leaf_count=27639 162 104 149 154 107 121 43 5560 25 34 120 180 150 61
internal_value=0.000585418 0.0051482 -1.42208e-05 -0.00506667 0.00840589 0.0112191 0.000310331 0.000210723 -0.00254347 -0.00185862 0.000588211 0.00525873 0.000296294 0.000729705
internal_weight=2.35271e+07 2.73278e+06 2.07943e+07 1.25513e+06 1.79442e+06 1.24412e+06 1.95392e+07 1.93855e+07 2.33669e+06 2.2527e+06 1.70488e+07 1.0029e+06 1.60459e+07 1.55588e+07
internal_count=34609 494 34115 303 332 225 33812 33769 5619 5594 28150 300 27850 27700
is_linear=0
shrinkage=0.05


Tree=286
num_leaves=15
num_cat=1
split_feature=16 25 19 21 2 15 8 8 28 8 27 17 6 18
split_gain=16799.3 21068.9 27030.4 21941.8 22715.9 16861 14762.9 30384.2 45083.3 26619.6 24235.6 25886 21231.2 18077.4
threshold=17.403758522100876 -0.93301270189221919 -0.042555712315249843 11.063850759570821 16.272388657055533 16.749506799762457 0.17821180525053623 0.22179407724374697 0 0.13724328153741419 9.5000000000000018 0.16135964454892707 16.605552301010523 0.32430810839464513
decision_type=2 2 2 10 2 2 2 2 1 2 2 2 2 10
left_child=-1 -2 -3 6 5 -5 9 -8 -9 13 11 -10 -11 -4
right_child=1 2 3 4 -6 -7 7 8 10 12 -12 -13 -14 -15
leaf_value=-3.7017354445638206e-05 0.00025562195927693408 0.00035210099055716417 0.00011317108633818667 -0.0013350283472042127 -0.00094500686498512657 0.0028060259397885931 -0.0009055221990636902 0.0031525765879062925 0.00027602202863236997 0.00011283971281193472 0.0031339992741451668 -0.0031108732977466473 0.00072550666259632763 -0.00029780742116554236
leaf_weight=18639865.008332491 431771.84544372559 297446.32843017578 977759.63890075684 122525.47659301758 507161.0732421875 160569.13366699219 468731.26472473145 174480.99426269531 216037.00852966309 298596.66549682617 154069.0428981781 312980.67736816406 329142.67578125 446167.1240234375
leaf_count=32774 171 114 328 149 88 72 183 46 217 149 132 155 62 74
internal_value=0.0005275 0.0031335 0.00211376 0.0010746 -0.00642564 0.00492077 0.00282923 -0.00128189 0.00431313 0.00548687 -0.00148106 -0.00656363 0.0140646 0.00170538
internal_weight=2.35373e+07 4.89744e+06 4.46567e+06 4.16822e+06 790256 283095 3.37797e+06 1.3263e+06 857568 2.05167e+06 683087 529018 627739 1.42393e+06
internal_count=34714 1940 1769 1655 309 221 1346 733 550 613 504 372 211 402
cat_boundaries=0 1
cat_threshold=768
is_linear=0
shrinkage=0.05


Tree=287
num_leaves=15
num_cat=0
split_feature=3 4 9 21 21 17 23 9 11 23 9 6 7 10
split_gain=11677.5 22374.9 22516.3 19367.3 31194.8 23024.8 22509.8 22061.7 19008.8 18835.6 17928.7 14223.6 13436.3 13196.5
threshold=14.597023301625571 13.464423698855954 0.21708761234420867 10.954471502539871 10.83135179505072 0.24497248980684103 2.6039781056343654 0.22149683170429854 -0.41064458705580703 3.3697958812695457 0.31072499967316097 14.8589760919619 14.410907515604666 -0.29035647367592782
decision_type=2 2 2 8 10 2 8 2 2 8 2 2 2 2
left_child=1 -1 12 4 8 6 -5 -6 -2 -8 -9 13 -3 -4
right_child=3 2 11 5 7 -7 9 10 -10 -11 -12 -13 -14 -15
leaf_value=0.00096986524049330375 0.0052539344574501039 0.0031659912365063904 -0.0049231603379729398 0.000376732688161239 0.00016464067887061464 -0.00078351684921217394 -0.00097552963364206887 0.0030529860921132143 4.7345556510200351e-05 2.7711055821626611e-05 0.0017412646574903566 -0.0077467689963915537 -0.00049076479586357424 -0.00097481303751059927
leaf_weight=7894806.9267348051 288253.85662841797 334990.42608642578 946614.38565063477 638464.86376953125 463148.29602050781 597405.93774414062 295089.7099609375 417086.5712890625 7253949.6735839844 303279.28112792969 388815.7412109375 240565.11511230469 183644.84191894531 3084231.5445861816
leaf_count=26352 141 298 928 198 121 116 101 117 2865 104 148 131 125 2797
internal_value=0.000630941 -0.000393823 -0.00308975 0.00185202 0.00282506 -0.00282223 0.00107108 0.0100778 0.00160472 -0.00589654 0.0150755 -0.00428427 0.00674817 -0.00357941
internal_weight=2.33303e+07 1.26849e+07 4.79005e+06 1.06455e+07 8.81125e+06 1.83424e+06 1.23683e+06 1.26905e+06 7.5422e+06 598369 805902 4.27141e+06 518635 4.03085e+06
internal_count=34542 30631 4279 3911 3392 519 403 386 3006 205 265 3856 423 3725
is_linear=0
shrinkage=0.05


Tree=288
num_leaves=15
num_cat=0
split_feature=9 9 17 17 11 25 25 20 11 11 1 10 8 5
split_gain=12601 20598.6 22139.1 22013 23097 21623.3 20339 25756.4 20947.6 29564.2 19305 18058.5 17619 16074.7
threshold=0.14967138442708725 0.17453154080605807 0.061807040985669207 0.35588037541285428 -0.13849335254270204 -0.24999999999999997 0.68301270189221941 -5.4204875377647449e-05 -0.063208372046369185 0.017004124361912752 16.84045422280521 0.10619708692387236 0.11522875168704111 16.793627513211842
decision_type=2 2 2 2 2 2 2 8 2 2 2 2 2 2
left_child=6 2 -2 10 -5 -4 7 12 -9 -10 13 -6 -1 -3
right_child=1 3 5 4 11 -7 -8 8 9 -11 -12 -13 -14 -15
leaf_value=-7.9424064194641387e-05 0.00033427440024203468 -1.5418058555314315e-05 -5.744002224087601e-06 -0.00016342023090356973 0.00082950574905844984 -0.0015133930495531585 -7.921217104827312e-05 0.0012729322736196574 -0.00073783751592723028 0.00022138881639764416 -0.00050929815158395225 -7.8180044917956805e-05 5.1849355772062382e-05 0.001721403576027662
leaf_weight=299167.2678527832 363728.03028106689 17976976.255648971 305718.36492919922 380455.51177978516 621296.64080810547 428130.93981933594 627998.82099151611 357102.05061340332 293553.60775756836 649674.8028717041 555106.43676757812 258925.52526855469 290369.59562683105 66929.2421875
leaf_count=92 424 32194 93 166 240 151 294 236 165 209 106 110 122 15
internal_value=0.000211796 -0.000189733 -0.00685765 0.000178779 0.00657269 -0.011857 0.00355389 0.00614438 0.0100747 0.00616989 -0.000254612 0.0110221 -0.0025246 2.79292e-05
internal_weight=2.34751e+07 2.09573e+07 1.09758e+06 1.98597e+07 1.26068e+06 733849 2.51787e+06 1.88987e+06 1.30033e+06 943228 1.8599e+07 880222 589537 1.80439e+07
internal_count=34617 33499 668 32831 516 244 1118 824 610 374 32315 350 214 32209
is_linear=0
shrinkage=0.05


Tree=289
num_leaves=15
num_cat=1
split_feature=3 8 1 1 6 20 2 19 0 3 8 1 28 18
split_gain=19702.1 20521.2 8352.47 14715.9 13642.7 14986.1 31567.3 10972.4 19787.6 23808.5 14496.4 12864.4 10718.4 10432.5
threshold=17.171183635107628 0.12898077988898074 17.423965936235351 17.156634566241113 16.964547881697367 -0.024876270524701944 16.684754232979486 -0.023291557472638346 16.395876229078294 16.153319173089113 0.11522875168704111 15.80192062988186 0 0.11659567837725072
decision_type=2 2 2 2 2 8 2 2 2 2 2 2 1 10
left_child=2 -2 3 4 5 6 7 10 9 11 -1 12 -9 -14
right_child=1 -3 -4 -5 -6 -7 -8 8 -10 -11 -12 -13 13 -15
leaf_value=-0.0043138391465960884 0.00029424328241762273 2.9579652613547051e-05 -0.0032257365809592294 0.00010045508142330713 -0.00045996874178770629 -8.9434152175505488e-06 0.0011679811687515917 -0.00023307457044307746 0.00074413330943755567 -0.0027487526966391961 0.00011006329891777105 0.0040790286659692964 0.0028700196712097732 0.009218709488995884
leaf_weight=68694.715534210205 723746.0966796875 816235.70361328125 67600.98583984375 325096.32568359375 506324.25 18762141.346024156 113768.40869140625 348600.63191175461 81563.782958984375 65211.587158203125 1239668.2766503096 60267.2236328125 131609.45081233978 150686.9766330719
leaf_count=54 115 134 12 63 100 30930 25 483 21 19 2001 20 469 197
internal_value=0.000633369 0.00610008 0.000249329 0.000303611 0.00014417 0.000339508 0.00418592 0.00282544 0.00729261 0.00476948 -3.55601e-05 0.0074943 0.00538599 0.0126279
internal_weight=2.34612e+07 1.53998e+06 2.19212e+07 2.18536e+07 2.15285e+07 2.10222e+07 2.26007e+06 2.1463e+06 837940 756376 1.30836e+06 691164 630897 282296
internal_count=34643 249 34394 34382 34319 34219 3289 3264 1209 1188 2055 1169 1149 666
cat_boundaries=0 1
cat_threshold=464
is_linear=0
shrinkage=0.05


Tree=290
num_leaves=15
num_cat=0
split_feature=9 11 20 9 0 1 26 17 9 23 22 11 5 0
split_gain=13420 18744.1 23492 16756.4 41794.2 26853.7 24042.7 49505.4 27290.2 22851.3 22083.4 8010.98 17276.4 12677.1
threshold=0.11263565210970426 -0.019390666040090196 1.0000000180025095e-35 0.14967138442708725 17.419860989426706 17.156634566241113 1.0000000180025095e-35 0.24497248980684103 0.13827813384070328 1.7866793806953503 18.635446065607507 0.68775895724936131 16.315474838755737 15.140196249094553
decision_type=2 2 8 2 2 2 2 2 2 10 2 2 2 2
left_child=1 2 -1 6 5 11 8 10 9 -2 -8 -5 13 -13
right_child=3 -3 -4 4 -6 -7 7 -9 -10 -11 -12 12 -14 -15
leaf_value=-0.00087832959616069607 0.00051545116011337145 4.9049225544485063e-05 -0.00022334466347580131 0.00011102249401068587 -0.00043960451863271844 0.00030231885484746467 -0.00024954964687535396 -0.0015530368041773701 0.00091033429959037459 -0.00015225028687347977 0.0016143829657825721 -0.0055545684803137247 -0.007624544237290103 0.0072853846429485449
leaf_weight=214471.05801391602 233759.60926818848 445209.95492553711 194816.58735656738 19244946.778577209 446559.0576171875 325227.47607421875 242150.94217681885 260434.51586914062 281469.43714904785 308586.63929748535 242710.39814758301 838719.44734716415 34106.96142578125 63130.920837402344
leaf_count=84 76 188 150 30456 68 58 171 65 120 151 77 2917 9 28
internal_value=0.000434508 -0.00571592 -0.0134394 0.000667861 0.00029464 0.000624178 0.00565156 -0.000855514 0.0115384 0.00498248 0.00858885 0.000394482 -0.00412275 -0.00280169
internal_weight=2.33763e+07 854498 409288 2.25218e+07 2.09527e+07 2.05061e+07 1.56911e+06 745296 823816 542346 484861 2.01809e+07 935957 901850
internal_count=34618 422 234 34196 33536 33468 660 313 347 227 248 33410 2954 2945
is_linear=0
shrinkage=0.05


Tree=291
num_leaves=15
num_cat=0
split_feature=9 16 9 20 23 8 18 23 15 23 19 22 19 16
split_gain=10250.6 26372.8 21843.3 18599.5 18342.5 15436 14429.6 13332.9 21724.3 19682.1 8108.6 16584.7 10590.7 20464.4
threshold=0.14407582608325048 18.472836192843562 0.11263565210970426 0.012158174755690051 1.6180047367891852 0.064852118826147817 0.56513799080747829 2.5228400253385952 18.113345086591163 2.8694399824600154 0.071218089062251702 17.453627775619143 0.063808042190683562 15.822618349812968
decision_type=2 2 2 8 10 2 10 10 2 10 2 2 2 2
left_child=1 2 3 -1 -5 6 -2 8 -4 -9 12 -12 -7 -14
right_child=5 -3 7 4 -6 10 -8 9 -10 -11 11 -13 13 -15
leaf_value=-0.00054063894511247794 -0.0015753127631127552 0.00055680571404177531 2.1610731745455954e-05 0.00058522156414232555 -8.8856275209134837e-05 5.518005601022607e-05 -0.016704394991858277 -0.0017456571433472929 0.00073522960248694055 0.00018544369744322072 0.0034246360330550656 -0.011524462888596751 -0.0015219441347232663 0.0015888007630009864
leaf_weight=435832.15812683105 48722.918056607246 236236.02368164062 315028.72299194336 142310.95883178711 146919.44393920898 20689630.730950475 48747.732494354248 171111.9847869873 380490.73010253906 308172.87257385254 72523.920900344849 85033.549495697021 183921.57337868214 154748.38350629807
leaf_count=143 155 64 135 73 179 32571 62 62 93 207 155 102 400 116
internal_value=0.000588212 0.00389013 0.00193106 -0.00489331 0.00493708 0.000256815 -0.0195952 0.00614291 0.0105646 -0.000273714 0.000348149 -0.0109525 0.00043282 0.00920318
internal_weight=2.34194e+07 2.1361e+06 1.89987e+06 725063 289230 2.12833e+07 97470.7 1.1748e+06 695519 479285 2.11859e+07 157557 2.10283e+07 338670
internal_count=34517 956 892 395 252 33561 217 497 228 269 33344 257 33087 516
is_linear=0
shrinkage=0.05


Tree=292
num_leaves=15
num_cat=0
split_feature=6 4 14 15 14 10 14 10 24 16 10 11 26 11
split_gain=11731.2 27182 16295.3 23884.3 25363 21289.5 27821.9 32208.3 31573.9 47732 28928 24612.5 36772.6 24655.1
threshold=14.123489483430413 13.920032043128908 1.4424560335824832 19.327865131340943 1.4171568503734171 -0.11450405681473523 2.3208692223973153 0.11389723311351392 1.4547165740020251 17.403758522100876 0.17879510618564873 0.22089994922951028 -0.68301270189221952 0.078995346981836065
decision_type=2 2 10 2 10 2 10 2 10 2 2 2 2 2
left_child=1 -1 3 4 -2 11 7 -7 -9 10 -10 12 -4 -14
right_child=2 -3 5 -5 -6 6 -8 8 9 -11 -12 -13 13 -15
leaf_value=0.00032960296134368334 0.00029560398157427002 -0.0040588455237689017 -0.00083723984883966309 -0.0028301787834643603 -0.0029749493168954024 2.3509395209725319e-05 -0.00014387353573096394 5.2447125743825652e-05 0.0026405133806562306 0.0034784433874205899 0.0001018392806149155 0.0040902260043093122 0.0010779119892461507 -0.00044039388566396542
leaf_weight=8997807.6525112391 3155132.583190918 1245939.1578369141 530288.30065917969 876822.88208007812 305027.96337890625 3255906.9301757812 1760195.6300048828 552841.48687744141 219205.06225585938 235800.66040039062 389584.36145019531 281445.4189453125 1273087.2938232422 321927.36669921875
leaf_count=27576 1729 1212 194 427 160 1163 610 240 103 75 191 121 503 129
internal_value=0.000663344 -0.000605407 0.00165115 -0.000858231 0.00100961 0.00288502 0.00138022 0.00340563 0.00975517 0.0158358 0.00843816 0.00689503 0.00505502 0.00884726
internal_weight=2.3401e+07 1.02437e+07 1.31573e+07 4.33698e+06 3.46016e+06 8.82028e+06 6.41353e+06 4.65334e+06 1.39743e+06 844590 608789 2.40675e+06 2.1253e+06 1.59501e+06
internal_count=34433 28788 5645 2316 1889 3329 2382 1772 609 369 294 947 826 632
is_linear=0
shrinkage=0.05


Tree=293
num_leaves=15
num_cat=2
split_feature=27 1 20 16 5 28 26 9 28 5 17 24 17 23
split_gain=11401.9 36036.8 17196.9 17789.9 20941.3 16950.6 13929.7 19791.6 22660.9 23612.5 21973.4 26701.7 23845.8 21867.9
threshold=10.500000000000002 16.532859834196291 0.0087827843012652021 16.571547292673412 14.880678502542052 0 1.0000000180025095e-35 0.21708761234420867 1 16.440364546327579 0.089239508121144312 1.1394161556931202 0.031433905072916657 6.4575558270746409
decision_type=2 2 10 2 2 1 2 2 1 2 2 8 2 10
left_child=6 2 3 -2 -5 -4 -1 8 9 -8 12 -12 -9 -14
right_child=1 -3 5 4 -6 -7 7 10 -10 -11 11 -13 13 -15
leaf_value=9.2701878286809104e-05 4.6538791470595762e-05 0.00079351793929771761 0.0043288800029186881 -0.00011913272127225196 -0.0034121823013322839 0.000249884214872051 0.00095139839967092103 -5.1582358165899928e-05 -0.0021673361066990248 -0.00020769671495058669 0.0027322226325381975 3.2352441838389495e-05 -0.0045330585334919177 0.0012621850136028685
leaf_weight=11799095.238441586 1857507.1691179276 642273.41967773438 254473.76741027832 169424.77752494812 161267.66418457031 510535.13392329216 489726.15996551514 4022475.0409860611 682398.57696914673 693700.078125 308481.7981262207 754393.95529174805 892540.74584960938 127663.15167236328
leaf_count=17526 3632 130 380 249 73 848 491 9293 403 128 170 416 716 104
internal_value=0.000286427 0.0028764 0.000541994 -0.001714 -0.0123988 0.00699494 -0.000184589 -0.00179928 -0.0063061 -0.00212173 -0.000422019 0.00611147 -0.00179912 -0.00862642
internal_weight=2.3366e+07 3.59548e+06 2.95321e+06 2.1882e+06 330692 765009 1.97705e+07 7.97138e+06 1.86582e+06 1.18343e+06 6.10555e+06 1.06288e+06 5.04268e+06 1.0202e+06
internal_count=34559 5312 5182 3954 322 1228 29247 11721 1022 619 10699 586 10113 820
cat_boundaries=0 1 2
cat_threshold=224 265
is_linear=0
shrinkage=0.05


Tree=294
num_leaves=15
num_cat=0
split_feature=7 5 6 16 19 19 7 14 19 2 19 7 19 10
split_gain=10922.8 26344.5 15253 9557.19 31719.4 36627.3 27473.1 20902 27041.2 22119.6 16005.3 26646 9480 15473.4
threshold=17.376805783880858 17.131665029836004 17.129815940530211 17.403758522100876 -0.036895586668078545 -0.027724910116950847 16.98736325551755 2.5170742365223657 0.041274684494610407 15.802459769609863 0.023412783306648553 16.98736325551755 -0.016407059656580947 -0.069648936950512594
decision_type=2 2 2 2 2 2 2 10 2 2 2 2 2 2
left_child=1 2 3 6 -5 -6 -1 8 10 -9 11 12 -7 -14
right_child=-2 -3 -4 4 5 7 -8 9 -10 -11 -12 -13 13 -15
leaf_value=4.5303154798121414e-05 -8.6811999298079594e-05 0.00023446200937896674 -0.0025277963786325091 0.00267763647418944 -0.00089783763645414564 -0.0004771341156330513 -0.011513259134980563 0.00048143606432924941 0.002030674555577898 -0.0022731392043454893 -0.001152638329031669 0.00051205242778741133 -0.00027707401836920734 0.00047004621856846954
leaf_weight=18443827.385973692 893810.72705078125 735427.97216796875 138634.78759765625 299948.8190612793 243261.0415802002 281427.53352355957 60585.62353515625 160146.81713867188 391088.4666595459 121707.29638671875 338032.01551055908 264528.61376953125 341176.00122642517 627709.3136138916
leaf_count=32635 128 137 26 169 125 144 12 233 178 36 163 52 185 351
internal_value=0.000553514 0.000769345 0.000454098 0.000560334 0.00314445 0.00147149 0.000131748 0.00325608 0.00486809 -0.00957782 0.00234641 0.00454162 0.00149141 0.00383786
internal_weight=2.33413e+07 2.24475e+07 2.17121e+07 2.15734e+07 3.06903e+06 2.76908e+06 1.85044e+07 2.52582e+06 2.24396e+06 281854 1.85287e+06 1.51484e+06 1.25031e+06 968885
internal_count=34574 34446 34309 34283 1636 1467 32647 1342 1073 269 895 732 680 536
is_linear=0
shrinkage=0.05


Tree=295
num_leaves=15
num_cat=1
split_feature=9 11 15 24 0 5 2 19 22 17 20 6 22 28
split_gain=10145 15760.9 18341.5 22836.1 11430 13068.2 17850 11295.3 10874.9 10835.4 20313.7 12454.1 10821.7 19321.9
threshold=0.14407582608325048 0.13971898582045392 16.970449717789354 0.76154620333277312 17.419860989426706 17.131665029836004 16.996524025785622 -0.11381263375967689 18.66055157771083 0.35588037541285428 -0.011365163692606749 16.964547881697367 21.048113136224188 0
decision_type=2 2 2 10 2 2 2 2 2 2 8 2 2 1
left_child=1 2 3 -1 5 6 7 -2 -4 11 -11 12 -9 -14
right_child=4 -3 8 -5 -6 -7 -8 9 -10 10 -12 -13 13 -15
leaf_value=0.00038186564771560126 -0.003521986650282131 -0.00035906168809899292 7.2808643695489785e-05 -0.0017651238925946314 -0.0001874286735676437 0.00014874844293622533 -0.00050509454952839196 -3.5845883463088967e-05 0.00019844429245839259 -0.00067547768449444101 0.00081003829550685836 -0.00089761868867160768 0.0050004051765910017 -0.00035807608654770106
leaf_weight=116143.96603393555 152747.18715190887 250998.17153167725 996881.5539855957 194846.72477722168 491004.45361328125 375839.107421875 312489.25830078125 18182620.073742867 563142.52807617188 197161.41925048828 746193.32043457031 80041.66943359375 268426.20172119141 353624.2656917572
leaf_count=75 256 122 368 308 74 67 64 31904 107 115 361 16 158 523
internal_value=0.00024855 0.00354441 0.00512269 -0.00596499 -8.19709e-05 9.71369e-05 -7.39597e-05 0.000111489 0.00733301 0.000215831 0.00544546 -4.54061e-05 3.83653e-05 0.00652322
internal_weight=2.32822e+07 2.12201e+06 1.87101e+06 310991 2.11601e+07 2.06691e+07 2.02933e+07 1.99808e+07 1.56002e+06 1.98281e+07 943355 1.88847e+07 1.88047e+07 622050
internal_count=34518 980 858 383 33538 33464 33397 33333 475 33077 476 32601 32585 681
cat_boundaries=0 1
cat_threshold=100
is_linear=0
shrinkage=0.05


Tree=296
num_leaves=15
num_cat=0
split_feature=9 26 25 8 8 20 4 23 19 24 4 25 21 4
split_gain=9891.01 12842 10140.7 25269.9 22044.3 21677.7 17854.7 15578.8 14022.4 13709.9 15801.8 13318.2 10017.1 8838.2
threshold=0.099641508914028162 0.25000000000000017 -0.93301270189221919 0.096798193245150224 0.096798193245150224 0.025642384699198401 17.458037941908348 0.93612315783617861 -0.014321172063744747 -1.0000000180025095e-35 14.768364567205413 -0.24999999999999997 7.8178869819202257 13.071017983270645
decision_type=2 2 2 2 2 8 2 10 2 8 2 2 10 2
left_child=1 -1 3 -2 5 8 9 -7 -4 10 -5 -9 13 -11
right_child=2 -3 4 6 -6 7 -8 11 -10 12 -12 -13 -14 -15
leaf_value=-1.808981052070018e-05 0.00014461310097725499 0.00067102701254461675 -0.0013945755125763849 0.0012825786045388226 1.6515940319300069e-05 -0.0001082804224925942 -0.0010322274366474848 0.0024494378671310085 -0.00055136898328448627 0.0030751668113398502 0.0027289929102806564 0.00023403353643515015 0.00078160932837060973 -0.0034951729037805755
leaf_weight=260363.57548522949 142091.10621881485 176500.02230834961 246141.01469421387 77746.865477561951 20104090.13935709 81190.911056041718 65202.931640625 66295.255694270134 374817.90096092224 77734.543723106384 58955.074829101562 86183.475246667862 1440678.2686183453 82273.371520996094
leaf_count=162 72 110 112 209 30842 61 11 94 144 324 21 142 2195 73
internal_value=0.000296597 0.00774931 0.000154443 0.00360836 -0.000166034 -0.00803087 0.00200813 0.00495044 -0.0129158 0.00297215 0.0181708 0.0143712 0.00167415 -0.0101945
internal_weight=2.33403e+07 436864 2.29034e+07 1.94468e+06 2.09587e+07 854629 1.80259e+06 233670 620959 1.73739e+06 136702 152479 1.60069e+06 160008
internal_count=34572 272 34300 2905 31395 553 2833 297 256 2822 230 236 2592 397
is_linear=0
shrinkage=0.05


Tree=297
num_leaves=15
num_cat=0
split_feature=16 7 19 24 16 10 15 9 5 8 1 0 3 3
split_gain=10825.6 37751.7 22291.6 26409.5 23403.1 21235.3 16126 15940.4 13718.4 12886.4 30444.8 19545 21313.2 19136.7
threshold=18.114578210008297 16.98736325551755 -0.016407059656580947 1.7949352587435352 18.435443290659602 0.023710827087195501 18.152409394355409 0.30363858763936519 16.088345866970069 0.12898077988898074 15.255753935927729 16.272741767951768 16.153319173089113 14.668719113494934
decision_type=2 2 2 10 2 2 2 2 2 2 2 2 2 2
left_child=1 9 4 7 6 -5 -2 8 -4 10 -1 12 13 -11
right_child=2 -3 3 5 -6 -7 -8 -9 -10 11 -12 -13 -14 -15
leaf_value=0.00036179354139202925 -0.00010954487567628267 -0.0038989538783626245 -0.0014362522468514655 0.0011597862855887004 -0.00077020320264255401 1.5380568611090814e-05 0.00048350842482333271 -0.0012211384744188806 0.00012768637610793319 -0.00061841535445887293 -0.0019773567802472574 0.00064195207072233152 -0.0020916464926560969 0.00080399176116440613
leaf_weight=559036.51611101627 649335.76669311523 160745.08642578125 352753.43701171875 546496.94798278809 432778.05224609375 426443.20225524902 272238.330078125 358652.49786376953 1375916.1850585938 12107456.704935789 518662.23547363281 1120314.1169433594 528756.32397460938 4020616.1950073242
leaf_count=1020 309 31 287 194 153 184 48 210 281 29186 158 299 160 2062
internal_value=0.000175313 -0.000342532 0.00240589 0.00476952 -0.00293492 0.0115729 0.00156918 0.00159836 0.0035886 -0.000136829 -0.00544576 0.000185013 -0.00024495 7.88936e-05
internal_weight=2.34302e+07 1.90156e+07 4.41461e+06 3.06026e+06 1.35435e+06 972940 921574 2.08732e+06 1.72867e+06 1.88548e+07 1.0777e+06 1.77771e+07 1.66568e+07 1.61281e+07
internal_count=34582 32916 1666 1156 510 378 357 778 568 32885 1178 31707 31408 31248
is_linear=0
shrinkage=0.05


Tree=298
num_leaves=15
num_cat=0
split_feature=24 8 23 14 7 7 21 16 7 20 11 1 4 26
split_gain=8541.55 17129.2 24333.5 13154.8 24227.4 18937.1 8546.12 8285.49 8488.47 8110.65 16708.7 17976.5 22597 15903.8
threshold=8.9320038468601108 0.21545443286370766 7.290151956778721 0.93419468834912467 14.294688227985311 14.692311409078973 7.9927916376927541 14.515059110167183 13.050460195925426 -0.023021820319260696 0.42008941318755794 17.156634566241113 16.166066284103554 -0.5
decision_type=10 2 10 10 2 2 10 2 2 8 2 2 2 2
left_child=9 6 3 4 -3 7 -2 8 -5 10 11 12 13 -1
right_child=1 2 -4 5 -6 -7 -8 -9 -10 -11 -12 -13 -14 -15
leaf_value=-0.0015349681536245871 0.0015669919120422594 0.0038337618839251924 -0.014135772302642326 -0.0011936873415092002 -0.03085374883117728 0.0059424253663281279 0.010084560617674867 -0.0059808428705140819 0.0066059256828750641 9.1569601937452319e-06 -0.006688619374455031 -0.00066512291195445009 0.00077368348842912164 0.0025940105992790087
leaf_weight=634204.67725789547 83669.54246711731 115637.85960960388 103502.17390060425 251798.79769015312 54484.511108398438 268101.54333496094 84454.148134231567 78035.88964176178 221657.98358154297 19591821.092034221 193666.35728645325 96073.853515625 524380.48486328125 1099879.7903308868
leaf_count=1020 123 296 133 1148 24 96 83 199 221 28846 406 18 128 1770
internal_value=0.000709952 0.00471207 0.00242709 0.00483943 -0.00781303 0.00746569 0.0195701 0.00216652 0.00465461 0.000481947 0.00313551 0.00429668 0.00519777 0.00244749
internal_weight=2.34014e+07 1.26134e+06 1.09322e+06 989717 170122 819594 168124 551493 473457 2.214e+07 2.54821e+06 2.35454e+06 2.25846e+06 1.73408e+06
internal_count=34511 2323 2117 1984 320 1664 206 1568 1369 32188 3342 2936 2918 2790
is_linear=0
shrinkage=0.05


Tree=299
num_leaves=15
num_cat=0
split_feature=14 14 24 4 4 21 15 19 21 3 2 5 24 2
split_gain=8690.27 21039.1 18895.1 21420.7 17311.3 16355.4 16678.3 16123.5 17885.6 39456.1 24849.3 20191.3 16870.5 16308.7
threshold=2.3474724148787502 2.2888209230885503 0.18163509864909802 16.860170040119087 14.053653326201793 10.817995120197638 19.440512457253472 -0.039197507078945044 11.085195289202607 15.150770732625224 15.19858736117188 14.880678502542052 2.8216508891923557 14.742370668645821
decision_type=10 8 10 2 2 8 2 2 10 2 2 2 10 2
left_child=1 5 -3 -4 -2 -1 7 12 9 11 -10 -9 13 -7
right_child=4 2 3 -5 -6 6 -8 8 10 -11 -12 -13 -14 -15
leaf_value=-7.4611359726658842e-05 0.0011860131742420076 -0.0011168889952311095 0.0018388034641391255 0.00086689137205401754 -0.00033037915153894486 -0.0018221037565564137 0.0020826408886673027 0.00097864591703263515 0.001059377766227072 0.00062664429319004243 -0.0012719434701277421 -0.012494804515905558 0.0011111668823167405 -0.0041130293247887252
leaf_weight=14548837.462578177 1593165.6181929111 164944.96447372437 706188.03048348427 137459.82373046875 2337078.3971557617 109880.24627113342 98318.345916748047 1193795.2746152878 659874.14205932617 1138484.7514648438 264843.64477539062 102065.50720214844 147777.60377883911 90902.356079101562
leaf_count=19951 8733 93 853 28 859 199 53 2057 1137 276 51 55 151 24
internal_value=-4.21553e-05 0.000392943 0.00742383 0.0104499 -0.00218578 6.59697e-06 0.00292475 0.00238576 0.0034479 0.00569657 -0.00247179 -0.000269938 -0.00785005 -0.0172871
internal_weight=2.32936e+07 1.93634e+07 1.00859e+06 843648 3.93024e+06 1.83548e+07 3.80594e+06 3.70762e+06 3.35906e+06 2.43435e+06 924718 1.29586e+06 348560 200783
internal_count=34520 24928 974 881 9592 23954 4003 3950 3576 2388 1188 2112 374 223
is_linear=0
shrinkage=0.05


end of trees

feature_importances:
inflation=229
std12=225
yoy12=214
thb_chg3=195
gdp_growth=195
uv12=192
mom3_12=187
hs_mean3=181
lag11=176
gdppc_log=173
ctry_mean3=167
share_hs12=165
lag5=164
lag0=158
std6=158
pop_log=157
mean12=154
ccy_chg3=137
hs4=137
sin_m=125
lag2=124
share_ctry12=109
lag1=96
mean6=92
mean3=86
cos_m=83
region=72
origin_month=42
income=6
active12=1

parameters:
[boosting: gbdt]
[objective: regression_l1]
[metric: l1]
[tree_learner: serial]
[device_type: cpu]
[data_sample_strategy: bagging]
[data: ]
[valid: ]
[num_iterations: 300]
[learning_rate: 0.05]
[num_leaves: 15]
[num_threads: 4]
[seed: 0]
[deterministic: 0]
[force_col_wise: 0]
[force_row_wise: 0]
[histogram_pool_size: -1]
[max_depth: -1]
[min_data_in_leaf: 100]
[min_sum_hessian_in_leaf: 0.001]
[bagging_fraction: 0.8]
[pos_bagging_fraction: 1]
[neg_bagging_fraction: 1]
[bagging_freq: 1]
[bagging_seed: 7719]
[bagging_by_query: 0]
[feature_fraction: 0.8]
[feature_fraction_bynode: 1]
[feature_fraction_seed: 2437]
[extra_trees: 0]
[extra_seed: 11797]
[early_stopping_round: 0]
[early_stopping_min_delta: 0]
[first_metric_only: 0]
[max_delta_step: 0]
[lambda_l1: 0]
[lambda_l2: 0]
[linear_lambda: 0]
[min_gain_to_split: 0]
[drop_rate: 0.1]
[max_drop: 50]
[skip_drop: 0.5]
[xgboost_dart_mode: 0]
[uniform_drop: 0]
[drop_seed: 21238]
[top_rate: 0.2]
[other_rate: 0.1]
[min_data_per_group: 100]
[max_cat_threshold: 32]
[cat_l2: 10]
[cat_smooth: 10]
[max_cat_to_onehot: 4]
[top_k: 20]
[monotone_constraints: ]
[monotone_constraints_method: basic]
[monotone_penalty: 0]
[feature_contri: ]
[forcedsplits_filename: ]
[refit_decay_rate: 0.9]
[cegb_tradeoff: 1]
[cegb_penalty_split: 0]
[cegb_penalty_feature_lazy: ]
[cegb_penalty_feature_coupled: ]
[path_smooth: 0]
[interaction_constraints: ]
[verbosity: -1]
[saved_feature_importance_type: 0]
[use_quantized_grad: 0]
[num_grad_quant_bins: 4]
[quant_train_renew_leaf: 0]
[stochastic_rounding: 1]
[linear_tree: 0]
[max_bin: 255]
[max_bin_by_feature: ]
[min_data_in_bin: 3]
[bin_construct_sample_cnt: 200000]
[data_random_seed: 38]
[is_enable_sparse: 1]
[enable_bundle: 1]
[use_missing: 1]
[zero_as_missing: 0]
[feature_pre_filter: 1]
[pre_partition: 0]
[two_round: 0]
[header: 0]
[label_column: ]
[weight_column: ]
[group_column: ]
[ignore_column: ]
[categorical_feature: 28,29,30]
[forcedbins_filename: ]
[precise_float_parser: 0]
[parser_config_file: ]
[objective_seed: 8855]
[num_class: 1]
[is_unbalance: 0]
[scale_pos_weight: 1]
[sigmoid: 1]
[boost_from_average: 1]
[reg_sqrt: 0]
[alpha: 0.9]
[fair_c: 1]
[poisson_max_delta_step: 0.7]
[tweedie_variance_power: 1.5]
[lambdarank_truncation_level: 30]
[lambdarank_norm: 1]
[label_gain: ]
[lambdarank_position_bias_regularization: 0]
[eval_at: ]
[multi_error_top_k: 1]
[auc_mu_weights: ]
[num_machines: 1]
[local_listen_port: 12400]
[time_out: 120]
[machine_list_filename: ]
[machines: ]
[gpu_platform_id: -1]
[gpu_device_id: -1]
[gpu_device_id_list: ]
[gpu_use_dp: 0]
[num_gpu: 1]

end of parameters

pandas_categorical:[["0301", "0302", "0303", "0304", "0305", "0306", "0307", "0308", "1604", "1605"], ["East Asia & Pacific", "Europe & Central Asia", "Latin America & Caribbean ", "Middle East, North Africa, Afghanistan & Pakistan", "North America", "South Asia", "Sub-Saharan Africa "], ["High income", "Low income", "Lower middle income", "Upper middle income"]]
