tree
version=v4
num_class=1
num_tree_per_iteration=1
label_index=0
max_feature_idx=30
objective=quantile
feature_names=lag0 lag1 lag2 lag5 lag11 mean3 mean6 mean12 std6 std12 mom3_12 yoy12 active12 since_last uv12 hs_mean3 ctry_mean3 share_hs12 share_ctry12 thb_chg3 ccy_chg3 gdppc_log pop_log gdp_growth inflation sin_m cos_m origin_month hs4 region income
feature_infos=[0:18.205255335410698] [0:18.205255335410698] [0:18.205255335410698] [0:18.205255335410698] [0:18.205255335410698] [0:18.157048131452463] [0:18.124264077093692] [0:18.035115378112071] [0:7.5608558192104249] [0:7.3277870058189585] [-13.843435827688648:1.3862609760987381] [-16.608309852465645:15.089828325648837] [0:12] [0:83] [-2.600506288365116:7.4076275661581246] [12.740363635469087:19.486066681140084] [0:18.809523438786815] [0:0.82993581876002709] [0:1.0000000000000002] [-0.13109644777546911:0.073659523213825295] [-0.17392252264560989:0.46498583640067781] [5.974823611473119:11.636223317283363] [10.533375393456884:21.095474558318681] [-32.9088287752921:63.334634365485499] [-3.7491452479962901:221.34164402336501] [-1:1] [-1:1] [1:12] -1:8:0:5:6:9:2:3:4:1:7 -1:0:1:3:2:5:4:6 -1:0:3:2:1
tree_sizes=1748 1812 1827 1819 1828 1833 1833 1813 1832 1848 1850 1853 1790 1847 1829 1843 1855 1790 1829 1838 1803 1834 1829 1808 1837 1846 1827 1825 1843 1830 1842 1817 1812 1840 1828 1809 1840 1852 1828 1847 1838 1863 1834 1826 1807 1836 1831 1836 1840 1828 1828 1808 1849 1840 1831 1818 1849 1846 1827 1788 1807 1842 1843 1857 1812 1857 1838 1831 1845 1811 1829 1810 1843 1863 1843 1812 1854 1821 1814 1831 1857 1835 1839 1833 1839 1836 1804 1832 1830 1844 1828 1803 1830 1812 1842 1851 1812 1837 1846 1840 1831 1846 1851 1838 1834 1831 1854 1831 1819 1838 1861 1836 1844 1836 1862 1809 1834 1814 1822 1849 1848 1832 1814 1817 1866 1825 1838 1822 1823 1840 1814 1799 1822 1836 1817 1838 1853 1836 1835 1842 1816 1803 1833 1832 1831 1839 1822 1845 1823 1853 1825 1832 1813 1824 1794 1829 1856 1821 1835 1824 1838 1849 1828 1812 1825 1814 1801 1813 1825 1851 1835 1815 1796 1859 1821 1834 1843 1828 1818 1854 1850 1862 1805 1833 1835 1792 1823 1832 1817 1809 1826 1851 1840 1836 1836 1830 1831 1814 1817 1801 1818 1849 1808 1853 1842 1857 1835 1826 1789 1837 1821 1805 1814 1817 1825 1828 1810 1826 1838 1820 1807 1795 1835 1860 1835 1820 1818 1849 1837 1821 1831 1825 1816 1850 1808 1812 1822 1848 1817 1815 1809 1814 1833 1814 1850 1826 1834 1857 1797 1847 1810 1847 1827 1841 1844 1812 1818 1808 1810 1850 1805 1845 1812 1839 1833 1818 1813 1838 1827 1829 1823 1824 1839 1849 1830 1792 1848 1799 1841 1842 1822 1789 1827 1813 1835 1796 1805 1792 1788 1824 1820 1826 1821 1822 1835 1858 1831 1825 1801 1823

Tree=0
num_leaves=15
num_cat=0
split_feature=9 10 9 3 10 10 3 9 11 10 14 14 2 26
split_gain=96825.1 32031.3 14048.3 12249.6 8968.8 8374.12 5889.6 4666.75 4595.58 4592.21 3926.17 3739.93 3426.53 2684.53
threshold=0.4563926739562531 0.057840140148659451 0.23204774798088268 13.704377352937861 0.45892431574135811 0.32252695937234499 16.153319173089113 2.0254938738143484 -0.72957832853775606 -0.076497089331154691 2.1199549144160237 1.0042974536608253 12.790492476361855 0.6830127018922193
decision_type=2 2 2 2 2 2 2 2 2 2 10 10 2 2
left_child=2 3 -1 7 8 6 9 -2 -3 -4 -7 -6 -10 -14
right_child=1 4 5 -5 11 10 -8 -9 12 -11 -12 -13 13 -15
leaf_value=0.43466160425231881 0.45103876261936421 0.47672304501969598 0.4397609909611111 0.44133848200337994 0.48201797460650114 0.4594582060300032 0.43870146506685942 0.464364179881818 0.46562356807828525 0.44614635506797157 0.4434268379403446 0.47243296028670995 0.45653290425589699 0.44869212126304797
leaf_weight=6439181.5432052612 2114251.4927048683 125993.63720297813 2707062.5120182037 1846021.3630981445 272598.17309439182 307187.34297943115 1501648.9584960938 1562100.1208295822 1123694.5034675598 3949524.0522193909 147097.51036262512 636989.43941807747 1121237.7593994141 441631.7102355957
leaf_count=3719 5391 501 3028 1352 872 307 349 7198 4650 4632 124 2279 1155 465
internal_value=0.445969 0.449997 0.443496 0.447581 0.453582 0.444817 0.444449 0.449249 0.452186 0.445087 0.451424 0.457898 0.451748 0.450234
internal_weight=2.42962e+07 9.24452e+06 1.50517e+07 5.52237e+06 3.72215e+06 8.61252e+06 8.15824e+06 3.67635e+06 2.81256e+06 6.65659e+06 454285 909588 2.68656e+06 1.56287e+06
internal_count=36022 23863 12159 13941 9922 8440 8009 12589 6771 7660 431 3151 6270 1620
is_linear=0
shrinkage=1


Tree=1
num_leaves=15
num_cat=0
split_feature=9 10 17 9 10 10 10 9 17 3 11 1 0 3
split_gain=84813.6 31624.8 18682.4 9951.91 7424.85 5603.33 4720.12 3656.31 3636.57 3197.97 2826.26 2701.13 2528.02 2212.18
threshold=0.39228756957520811 0.2847015596502489 0.0024838276399156002 0.2281070573203863 -0.18836902308916406 0.12426973711345822 0.61422879683807363 0.98917281280080072 0.023148680761724553 16.274415002168297 -0.62691036137418521 14.825212236573535 11.788975950710443 15.328891282024424
decision_type=2 2 2 2 2 2 2 2 2 2 2 2 2 2
left_child=3 2 -2 -1 8 9 10 13 -4 -5 -3 12 -8 -6
right_child=1 6 4 5 7 -7 11 -9 -10 -11 -12 -13 -14 -15
leaf_value=-0.010627632573113107 0.015556435357296087 0.030433286521497589 0.00018649570595503354 -0.003896389794321652 0.0036360255757819787 0.00091042103091979018 0.043526606598722428 0.01517150565151037 -0.010402138726408279 -0.0084569913710934135 0.01547976388464342 0.0023902025008774447 0.042334872315498449 -0.002021863129655594
leaf_weight=6256917.8728790283 2561048.537227869 110043.06506061554 1806892.4405326843 4010086.6047019958 2430199.4823608398 1867904.9186477661 134017.26470589638 508028.72594451904 1285194.795211792 938871.34155273438 1644835.8260216713 50450.485290527344 217657.61951446533 465278.43310546875
leaf_count=3550 10719 459 3362 4511 3272 1618 1306 1447 1119 210 3687 36 484 176
internal_value=-7.77319e-05 0.00311262 0.00181678 -0.00281417 0.000390841 -0.00149253 0.00855349 0.00200211 -0.0013827 -0.00237322 0.00743385 0.0134396 0.0149917 0.00131565
internal_weight=2.42874e+07 1.12136e+07 9.05664e+06 1.30738e+07 6.49559e+06 6.81686e+06 2.157e+06 3.40351e+06 3.09209e+06 4.94896e+06 1.75488e+06 402125 351675 2.89548e+06
internal_count=35956 26067 20095 9889 9376 6339 5972 4895 4481 4721 4146 1826 1790 3448
is_linear=0
shrinkage=0.05


Tree=2
num_leaves=15
num_cat=0
split_feature=8 10 17 17 10 10 10 21 17 11 14 24 21 23
split_gain=77093.8 30987.7 17929.7 8127.65 5209.52 5081.74 4825.09 4353.29 4040.18 3279.13 2796.03 2781.23 2899.45 2651.59
threshold=0.32007997075104716 0.22289269063962977 0.0028679770200472506 0.034651624029566459 -0.059358409974969044 0.61422879683807363 0.03307091523889031 9.3012984624044073 0.015345598600400403 -0.66215256418610824 1.0042974536608253 12.083481402384152 8.3458852589543664 -10.063395810728649
decision_type=2 2 2 2 2 2 2 10 2 2 10 10 10 8
left_child=3 2 -2 6 8 9 -1 -5 -4 -3 -7 13 -13 -11
right_child=1 5 4 7 -6 10 -8 -9 -10 11 -12 12 -14 -15
leaf_value=-0.006806247706914609 0.014002105812835062 0.029826894870556772 0.0017196924746598081 -0.0023403735691731927 0.0032471372186844115 0.042617576489693394 0.00078347324563893652 -0.0095871865065691956 -0.0087957899159097058 0.024895576964427554 0.03118573838925881 0.014760664220592277 0.01919860882781441 0.013020391101894221
leaf_weight=2377916.5890958309 2607251.5311982632 110422.32222795486 1958926.8117790222 1134738.2944793701 2275545.9496078491 131352.4493522644 1932994.7609100342 7136099.2120513916 2241357.2219390869 50347.094225883484 263198.02455949783 94490.052267074585 73667.542484283447 1921804.2592246532
leaf_count=3564 10305 490 3637 745 3095 511 2569 2878 2065 80 1309 153 133 4329
internal_value=-0.000169165 0.00274718 0.00136021 -0.0028877 -4.93479e-05 0.00750958 -0.00112746 -0.00380517 -0.00109317 0.00659203 0.0127438 0.00615854 0.0123311 0.00563224
internal_weight=2.43101e+07 1.17284e+07 9.08308e+06 1.25817e+07 6.47583e+06 2.64528e+06 4.31091e+06 8.27084e+06 4.20028e+06 2.25073e+06 394550 2.14031e+06 168158 1.97215e+06
internal_count=35863 26107 19102 9756 8797 7005 6133 3623 5702 5185 1820 4695 286 4409
is_linear=0
shrinkage=0.05


Tree=3
num_leaves=15
num_cat=0
split_feature=8 10 17 10 10 17 0 14 3 2 2 24 2 26
split_gain=62618.3 28353.5 15498.9 10975 7475.56 6248.71 4983.01 5180.97 4468.1 3393.71 3114.75 2914.3 2707.49 2348.67
threshold=0.34149259284235772 0.076529845611253713 0.0024254334855972506 0.12426973711345822 0.31601509098182223 0.037688364822814006 16.395026300101303 0.94895786600059495 13.643519879027018 14.417559911266872 11.965841379859887 10.850432702359802 15.321986804136829 0.6830127018922193
decision_type=2 2 2 2 2 2 2 10 2 2 2 8 2 2
left_child=3 2 -2 5 10 -1 7 -6 -4 -5 -3 -12 -9 -11
right_child=1 4 8 9 6 -7 -8 12 -10 13 11 -13 -14 -15
leaf_value=-0.0036283054893653864 0.014236084356133711 0.020982364706529994 0.0025418840013099043 0.0047772695375508517 0.026163544924102833 -0.0097722629979739607 0.013862586385800263 0.018031354215520729 -0.0054219491960697738 0.00019987852543746352 0.0049833162289605049 0.012113394291610588 -0.0026032467232798388 -0.0064325080242166729
leaf_weight=3751637.2701017857 1863856.2688888311 496779.63241147995 2195884.4626541138 820809.17347145081 433198.7175205946 6614338.3367919922 57407.09814453125 1127951.860481739 2989318.1165466309 1279189.5391845703 1533920.0875701904 190622.58113098145 110444.9462890625 670910.77056884766
leaf_count=5310 8078 2659 5372 1622 1248 2811 18 3817 1961 540 1850 206 56 277
internal_value=-0.000223809 0.00255941 0.000659035 -0.00255417 0.00595049 -0.00330136 0.00841587 0.00791844 -0.00074662 0.000241072 0.00403153 0.00302663 0.00627208 -0.000894171
internal_weight=2.41363e+07 1.09994e+07 7.04906e+06 1.31369e+07 3.95032e+06 1.0366e+07 1.729e+06 1.6716e+06 5.1852e+06 2.77091e+06 2.22132e+06 1.72454e+06 1.2384e+06 1.9501e+06
internal_count=35825 25265 15411 10560 9854 8121 5139 5121 7333 2439 4715 2056 3873 817
is_linear=0
shrinkage=0.05


Tree=4
num_leaves=15
num_cat=1
split_feature=9 9 7 7 25 5 11 24 3 1 29 23 9 2
split_gain=66556.9 20354.9 7521.11 5464.78 2857.32 2502.09 2439.6 2324.06 2317.46 2276.51 2179.2 2567.36 2135.69 2810.98
threshold=0.56640887940416607 0.24434486505599717 12.05747730902932 16.200060939344187 -0.24999999999999997 12.567293406650558 -0.20159486909803706 7.8914968238984153 14.180357946604799 14.825212236573535 0 1.2939954646533052 3.7226517615845771 13.69464836027071
decision_type=2 2 2 2 2 2 2 8 2 2 1 10 2 2
left_child=1 -1 5 7 12 6 -2 8 9 -3 11 -10 -4 -14
right_child=2 3 4 -5 -6 -7 -8 -9 10 -11 -12 -13 13 -15
leaf_value=-0.0088318918237502396 0.024697695603724954 0.00076610820127619129 0.010233284825402896 -0.0051113330696400333 0.0043463156878600457 0.048286767118554917 0.016371914955717118 0.0041060808835940007 0.0077728536852368331 0.007393245946075328 -0.0034060935603709309 -0.0014005512170698826 0.017131386595084088 0.025424102272941493
leaf_weight=6944479.3145065308 926073.99993979931 3920045.6818480492 1335027.9456787109 1502049.4587402344 2473125.9643554688 25011.566955566406 1641067.901825428 853326.1568107605 302465.77911376953 84461.634399414062 3038655.6206665039 934946.20452880859 237082.58938598633 67325.12548828125
leaf_count=4116 5715 7350 1702 349 3201 65 9329 1139 146 56 1774 468 401 74
internal_value=-0.000257859 -0.00187434 0.00398073 -0.0004996 0.00265121 0.00609007 0.00593673 -3.99982e-05 -0.000296029 0.000568329 -0.00110549 0.000663313 0.00426992 0.0080492
internal_weight=2.42851e+07 1.75804e+07 6.70472e+06 1.0636e+07 4.11256e+06 2.59215e+06 2.56714e+06 9.1339e+06 8.28057e+06 4.00451e+06 4.27607e+06 1.23741e+06 1.63944e+06 304408
internal_count=35885 15398 20487 11282 5378 15109 15044 10933 9794 7406 2388 614 2177 475
cat_boundaries=0 1
cat_threshold=12
is_linear=0
shrinkage=0.05


Tree=5
num_leaves=15
num_cat=0
split_feature=8 10 17 17 10 10 0 10 15 17 2 23 0 1
split_gain=60053.2 27097.8 12622.9 10699.3 7576.01 5176.58 4372.28 4364.51 4132.03 3726.52 3417.44 3812.89 2976.69 3148.6
threshold=0.34149259284235772 0.31601509098182223 0.0026715652761519506 0.035624050696511055 0.057840140148659451 0.017793595495978452 16.272741767951768 0.12426973711345822 18.1698561100105 0.025115221429542155 15.667476843999895 5.3190805103258505 15.554735341441647 14.779397460058892
decision_type=2 2 2 2 2 2 2 2 2 2 2 10 2 2
left_child=3 2 -2 5 9 -1 10 -5 -9 -4 11 12 13 -3
right_child=1 6 4 7 -6 -7 -8 8 -10 -11 -12 -13 -14 -15
leaf_value=-0.0063389025615121324 0.012538889384464111 0.019372025847892927 0.00091700173495373413 -0.0091147243691742149 0.0058300025365735269 0.0011068805125200767 0.013892333076670763 0.0018899632300289862 -0.0045403874896331768 -0.0069935309903018487 -0.0041413005311516735 0.024801873150918651 0.0095895046199550235 -0.0018437215051825976
leaf_weight=2490275.1161521673 2719315.4441379309 1018952.4167875051 3025279.8592262268 6817380.5763244629 1690114.5027770996 2318133.6851272583 87723.598876953125 743944.66262817383 747410.43347167969 1878009.8941650391 68360.921997070312 421548.11757159233 52024.266479492188 129282.76947021484
leaf_count=3711 11012 3483 5212 2926 2407 3122 28 555 190 1551 30 1539 28 88
internal_value=-0.000182003 0.00252633 0.00144646 -0.00247192 0.000264275 -0.000594786 0.0081828 -0.00355824 -0.00110812 -0.000730787 0.0076179 0.0080795 0.00664274 0.00611273
internal_weight=2.42078e+07 1.10906e+07 9.31272e+06 1.31171e+07 6.5934e+06 4.80841e+06 1.77789e+06 8.30874e+06 1.49136e+06 4.90329e+06 1.69017e+06 1.62181e+06 1.20026e+06 1.14824e+06
internal_count=35882 25378 20182 10504 9170 6833 5196 3671 745 6763 5168 5138 3599 3571
is_linear=0
shrinkage=0.05


Tree=6
num_leaves=15
num_cat=0
split_feature=9 9 10 10 17 0 10 2 10 10 17 21 1 0
split_gain=57607.9 19794.5 15319.5 9070.28 7382.77 5580.09 4193.03 3582.05 3548.31 3165.61 3114.31 2068.38 1972.91 2700.25
threshold=0.56640887940416607 0.2281070573203863 0.21295027063371652 -0.087310317250094138 0.0024254334855972506 15.318456598892277 0.78234805860863565 16.684382928863482 0.18230216649481343 -0.23964729292406062 0.043174545708711452 9.2446040057347396 14.925743884546302 14.060388003296344
decision_type=2 2 2 2 2 2 2 2 2 2 2 10 2 2
left_child=1 11 4 10 -2 6 12 8 -5 -6 -3 -1 13 -4
right_child=2 3 5 7 9 -7 -8 -9 -10 -11 -12 -13 -14 -15
leaf_value=-0.0041035790659930925 0.014545110994891329 -0.0041183714357664351 0.015802323191767855 7.0721596962961257e-05 -0.0048296235465221391 0.018743726686233707 0.044518504796324944 -0.0032008639205483263 0.0048864433097612833 0.007112227793657569 -0.01054683692025456 -0.0091145436257113396 -0.0016686809947907462 0.018365235872283957
leaf_weight=756114.2537689209 1945956.8071386814 2762521.745806098 1320432.4930622578 4195548.4652233124 1531268.1607437134 170447.84967041016 159525.74173879623 608560.15185546875 2029676.9765025377 1327760.6499252319 1710267.6184387207 5355934.5348968506 88903.406860351562 209140.37432861328
leaf_count=865 8852 3511 4968 4891 2872 78 959 126 2322 2564 973 2669 60 208
internal_value=-0.000309576 -0.00182946 0.00361054 -0.000590197 0.00209409 0.00735019 0.00652172 0.00055551 0.000913424 0.000477158 -0.00234067 -0.00412195 0.00575942 0.00618028
internal_weight=2.41721e+07 1.74186e+07 6.75344e+06 1.13066e+07 4.80499e+06 1.94845e+06 1.778e+06 6.83379e+06 6.22523e+06 2.85903e+06 4.47279e+06 6.11205e+06 1.61848e+06 1.52957e+06
internal_count=35918 15357 20561 11823 14288 6273 6195 7339 7213 5436 4484 3534 5236 5176
is_linear=0
shrinkage=0.05


Tree=7
num_leaves=15
num_cat=0
split_feature=9 9 10 10 0 7 10 14 10 14 10 2 0 1
split_gain=56658.7 16348.6 14998.1 7476.38 6270.61 5509.35 3763.6 3491.68 4178.5 3425.85 3206.79 2770.87 2927.2 2430.42
threshold=0.54052733527969965 0.2281070573203863 0.12093633502597352 -0.087310317250094138 15.92068809672695 11.707495274292931 0.6338452826462585 2.2638290444340918 0.32977039935613922 1.3655576604020998 -0.54365928504994521 14.92996095023479 14.235516137896871 15.919736107867337
decision_type=2 2 2 2 2 2 2 10 2 10 2 2 2 2
left_child=1 -1 5 13 6 -2 11 8 -5 -8 -7 12 -4 -3
right_child=2 3 4 7 -6 10 9 -9 -10 -11 -12 -13 -14 -15
leaf_value=-0.0083777693038768614 0.015856098261477752 -0.005891977038215427 0.01348112920068583 0.00061738908570400561 0.020301502914793806 -0.0093482969988831939 0.037324949444090483 -0.0022533781236640459 0.010105135374885077 0.025636572221132792 0.0049036210274176146 -0.0021863552139241306 0.015900737507915843 -0.01320297914234779
leaf_weight=6114468.1923561096 1319571.2913430929 3553815.7921924591 1706977.0644471645 4659809.0078163147 96568.070922851562 1048745.795715332 186804.85209143162 1565540.4145469666 468179.87477874756 167351.42856478691 2289053.4092712402 167900.51715087891 235795.41668701172 731600.73657226562
leaf_count=3500 8621 4023 5856 4386 36 1438 708 2164 480 987 3301 96 205 164
internal_value=-0.000330346 -0.00189893 0.00338393 -0.000744962 0.00645711 0.00169379 0.00596743 0.000299047 0.000930031 0.0107371 0.000612511 0.00516711 0.00569969 -0.00237563
internal_weight=2.43122e+07 1.70934e+07 7.21877e+06 1.09789e+07 2.5614e+06 4.65737e+06 2.46483e+06 6.69353e+06 5.12799e+06 354156 3.3378e+06 2.11067e+06 1.94277e+06 4.28542e+06
internal_count=35965 14717 21248 11217 7888 13360 7852 7030 4866 1695 4739 6157 6061 4187
is_linear=0
shrinkage=0.05


Tree=8
num_leaves=15
num_cat=0
split_feature=9 10 7 9 9 0 10 9 10 0 3 14 10 26
split_gain=50008.3 17094.6 10228.6 9481.43 5137.42 5073.98 4860.91 3743.16 2916.87 2550.37 3166.9 2501.65 2882.91 2439.39
threshold=0.39999189359947401 0.043085873416503107 13.537639450062738 0.21184317304381686 0.73885706506541082 15.669470324654373 -0.091015885827138335 3.8723688368875604 0.82260511362952127 13.785363752752064 12.55070866293744 2.3042081920376813 0.35768662263961298 1.0000000180025095e-35
decision_type=2 2 2 2 2 2 2 2 2 2 2 10 2 2
left_child=3 2 7 -1 13 8 -5 -2 9 10 -6 12 -8 -3
right_child=1 4 -4 6 5 -7 11 -9 -10 -11 -12 -13 -14 -15
leaf_value=-0.0084156338006568087 0.0039689002401343777 0.0077460903380743573 -0.0046240769257690243 -0.0083664513925600526 0.017635365329335188 0.025822243819005303 -0.00015522266302149543 0.017197786952473055 0.04295582879172314 0.023092690260221236 0.0006977907061012866 -0.0028074104426018287 0.0093647532362506596 0.0032173078960446924
leaf_weight=5633133.289188385 2813607.0255064964 1222939.8123297691 2777357.2183227539 2863340.8513946533 1233568.0897271633 29379.130126953125 3922320.707649231 825104.22862052917 135306.95383477211 280046.52178955078 320417.94746398926 1096254.0256919861 133632.00836181641 1332771.4755592346
leaf_count=3014 9454 1696 1920 2440 5880 13 3223 3359 870 278 520 1472 116 1820
internal_value=-0.000413044 0.0021005 0.00043759 -0.00243337 0.00444313 0.00634204 -0.00132861 0.00218174 0.00603434 0.00551168 0.00472016 -0.000410694 0.000162096 0.00295806
internal_weight=2.46192e+07 1.09705e+07 6.41607e+06 1.36487e+07 4.55443e+06 1.99872e+06 8.01555e+06 3.63871e+06 1.96934e+06 1.83403e+06 1.55399e+06 5.15221e+06 4.05595e+06 2.55571e+06
internal_count=36075 25810 14733 10265 11077 7561 7251 12813 7548 6678 6400 4811 3339 3516
is_linear=0
shrinkage=0.05


Tree=9
num_leaves=15
num_cat=1
split_feature=9 10 17 9 10 10 2 23 17 24 4 11 28 23
split_gain=46745.2 15631.4 11249.5 8944.2 5209.29 4099.12 3443.32 2791.89 2780.33 2744.45 3491.08 2668.13 2664.55 2622.64
threshold=0.39228756957520811 0.26245826620048884 0.004977622954005851 0.21184317304381686 -0.059358409974969044 -0.34250060548415012 15.667476843999895 4.8593148467407357 0.0013466006016494001 8.222146695717635 15.158023965317618 -0.62691036137418521 0 -10.063395810728649
decision_type=2 2 2 2 2 2 2 10 2 10 2 2 1 8
left_child=3 2 8 7 -5 -4 -7 -1 -2 11 -11 -3 13 -13
right_child=1 9 5 4 -6 6 -8 -9 -10 10 -12 12 -14 -15
leaf_value=-0.008454246103033464 0.013797270373874043 0.03178523298730198 -0.0098424276765271563 -0.0071842664470253689 -0.00067542357969645618 0.0020351662393187464 -0.0028742677232274959 -0.0022280013209180576 0.0052442952431426375 0.016965360358521125 0.014226153236100693 0.012053407843222067 0.016935836359396751 0.008854819094546806
leaf_weight=4865868.9687690735 1602380.5822755098 136420.80253398418 1763693.230140686 3154627.4295101166 4425866.6028518677 3022005.7427139282 401730.77355957031 584477.52046203613 2073689.0946121216 232412.70305562019 42856.688232421875 49242.178993225098 759271.03132939339 1122046.4122085571
leaf_count=2334 8018 739 2273 2698 4134 4318 138 632 4847 650 17 60 2282 2638
internal_value=-0.000486333 0.0018816 0.000921614 -0.00252261 -0.00141186 -0.000577896 0.000430894 -0.00406748 0.00303763 0.00551434 0.0102043 0.00488975 0.00441222 0.00291656
internal_weight=2.42366e+07 1.12057e+07 8.8635e+06 1.30308e+07 7.58049e+06 5.18743e+06 3.42374e+06 5.45035e+06 3.67607e+06 2.34225e+06 275269 2.06698e+06 1.93056e+06 1.17129e+06
internal_count=35778 25980 19594 9798 6832 6729 4456 2966 12865 6386 667 5719 4980 2698
cat_boundaries=0 1
cat_threshold=785
is_linear=0
shrinkage=0.05


Tree=10
num_leaves=15
num_cat=1
split_feature=8 10 7 10 17 23 12 10 28 11 15 3 4 8
split_gain=40915.4 13587.9 8558.12 7577.62 4442.49 3839.29 3626.17 3367.16 2966.46 3254.87 2947.93 2620.9 2852.89 2471.4
threshold=0.32007997075104716 0.21794357096155534 13.537639450062738 0.12093633502597352 0.040054321639036605 6.7582366309950865 10.500000000000002 -0.36819048945318128 0 -0.12532067883542011 18.022840715319276 16.274415002168297 15.051618336847701 0.15560614218777458
decision_type=2 2 2 2 2 10 2 2 1 2 2 2 2 2
left_child=3 2 6 4 -1 -6 -2 -4 -3 -10 -7 12 -9 -5
right_child=1 8 7 13 5 10 -8 11 9 -11 -12 -13 -14 -15
leaf_value=-0.0034317420714569179 0.017344867651275218 0.017266303494265247 -0.012882717098202026 -0.0047989780031605193 -0.0077213947484344476 -0.0062120108612345633 0.0041450677911222195 -0.0015957834341826381 0.01521243822506417 0.0080995335672334693 0.0028811575676690824 -0.0087921516328996266 0.0025110434003773711 0.00096932918609334397
leaf_weight=3546833.5688706636 981989.52515912056 714411.74724888802 1231161.6701660156 512222.19094085693 5911619.9906616211 161653.53784179688 3778446.517141819 1977990.4661254883 630928.84728693962 1367164.4446275234 160337.15161132812 239628.138671875 813422.83874511719 2107852.6961536407
leaf_count=4931 5374 2416 784 350 2339 165 10788 1601 1697 3070 45 62 368 1890
internal_value=-0.000433459 0.00168275 0.000749887 -0.00243612 -0.00307585 -0.00387966 0.00220698 -0.000877529 0.00478576 0.00379698 0.00143722 1.81377e-05 0.000448919 -4.80971e-05
internal_weight=2.41357e+07 1.17351e+07 9.02264e+06 1.24005e+07 9.78044e+06 6.23361e+06 4.76044e+06 4.2622e+06 2.71251e+06 1.99809e+06 321991 3.03104e+06 2.79141e+06 2.62007e+06
internal_count=35880 26160 18977 9720 7480 2549 16162 2815 7183 4767 210 2031 1969 2240
cat_boundaries=0 1
cat_threshold=174
is_linear=0
shrinkage=0.05


Tree=11
num_leaves=15
num_cat=1
split_feature=9 9 10 10 17 21 16 26 26 17 29 21 7 22
split_gain=41927.1 12561.8 9470.65 7295 6608.54 3788.63 4189.92 3137.99 2755.22 2636.25 2595.24 2499.87 2492.72 2391.65
threshold=0.5150152030113303 0.22056940262137284 0.076529845611253713 -0.11480315899142374 0.0012430865063212501 9.4700273674408137 16.422710289603057 0.6830127018922193 0.6830127018922193 0.03159716680096946 0 10.554105787377948 13.537639450062738 19.623793835603895
decision_type=2 2 2 2 2 10 2 2 2 2 1 10 2 2
left_child=1 5 4 9 -2 6 -1 13 -4 -3 11 -9 -6 -5
right_child=2 3 8 7 12 -7 -8 10 -10 -11 -12 -13 -14 -15
leaf_value=-0.0032761172861723491 0.014813433595018508 -0.0037053560717388296 0.014284342264049009 0.00047314428655470509 0.0045680557968273633 -0.007688907288361805 0.0053347885974790238 -0.00091631732933814035 0.009162542256550393 -0.0092087824342310023 -0.0055080703485760486 0.0085436102969896465 -0.0036686401494005201 0.0040437565759135572
leaf_weight=683806.49801635742 1118788.6029542685 1817542.8214302063 2170478.7653442621 4511703.9040966034 2097283.209941864 5069155.6265144348 142366.55902099609 449146.64241790771 845004.12441182137 1940030.0672912598 1353933.4138526917 128247.45073318481 1523590.4334716797 393642.31108093262
leaf_count=852 6069 2359 6459 4905 5974 2329 61 415 2387 1147 1441 100 1125 259
internal_value=-0.000457303 -0.00188324 0.00257462 -0.000853777 0.00118092 -0.00373323 -0.000593526 0.000118923 0.00476521 -0.00262354 -0.00158826 0.00121842 0.000143116 0.000791074
internal_weight=2.42447e+07 1.64896e+07 7.75515e+06 1.05942e+07 4.73966e+06 5.89533e+06 826173 6.83667e+06 3.01548e+06 3.75757e+06 1.93133e+06 577394 3.62087e+06 4.90535e+06
internal_count=35882 13868 22014 10626 13168 3242 913 7120 8846 3506 1956 515 7099 5164
cat_boundaries=0 1
cat_threshold=108
is_linear=0
shrinkage=0.05


Tree=12
num_leaves=15
num_cat=0
split_feature=9 7 9 9 24 0 25 16 8 0 21 17 11 11
split_gain=37577.8 10789.3 6075.31 3519.57 3434.08 3261.54 3013.11 3774.08 3467.57 3424.25 2598.88 2572.79 2475.87 2417.67
threshold=0.3306820070916458 12.567615610931226 0.21622032195833482 5.1804441104781178 10.434020817578153 13.203712334137043 -0.5 16.264812753376869 0.32007997075104716 14.737066263731045 9.4700273674408137 0.015345598600400403 -0.21184961112774917 0.41630779703321169
decision_type=2 2 2 2 8 2 2 2 2 2 10 2 2 2
left_child=2 3 10 5 6 -2 7 11 -9 -10 -1 -3 -6 -4
right_child=1 4 13 -5 12 -7 -8 8 9 -11 -12 -13 -14 -15
leaf_value=-0.0015582331062347198 0.0082504594055608383 0.0035166739226590682 -0.0029595183876667073 0.022182830423962439 0.017239761437494443 0.032994550208226003 -0.0016648710801153779 0.0011618688564914207 0.0080942500442448898 0.011544756054402328 -0.0075185039393965026 -0.0054295506746771527 0.0044830619156573442 0.002544962361016419
leaf_weight=731745.23645019531 3792872.6819000244 1185500.172668457 4707466.1301746368 511980.61310577393 195121.23498535156 41038.191314697266 5533859.2775878906 358812.36944580078 223192.78979492188 200048.10113525391 4820813.8598098755 733932.55151367188 746852.38159179688 351037.84127235413
leaf_count=836 18294 1349 3995 1944 169 86 4866 196 240 96 2233 513 638 325
internal_value=-0.000494517 0.00125315 -0.00272182 0.00330547 0.000281276 0.0027855 -4.58357e-05 0.00132299 0.0042508 0.00731632 -0.00386375 0.00013009 0.0031411 -0.00146836
internal_weight=2.41343e+07 1.35232e+07 1.06111e+07 4.34589e+06 9.17732e+06 3.83391e+06 8.23535e+06 2.70149e+06 782053 423241 5.55256e+06 1.91943e+06 941974 5.0585e+06
internal_count=35780 28391 7389 20324 8067 18380 7260 2394 532 336 3069 1862 807 4320
is_linear=0
shrinkage=0.05


Tree=13
num_leaves=15
num_cat=1
split_feature=9 10 10 17 9 2 17 29 22 17 11 26 22 10
split_gain=38178.3 10777.5 7389.33 7126.54 5950.74 4751.5 3253.39 3185.64 2802.2 2762.17 2931.29 2755.54 3058.84 2141.98
threshold=0.36967858473553522 -0.19281545991556018 0.12093633502597352 0.015345598600400403 0.73885706506541082 15.92068809672695 0.0010479270204117503 0 17.241071435641139 0.052252073271174058 -0.66215256418610824 0.6830127018922193 21.040452452046065 0.87944213661781678
decision_type=2 2 2 2 2 2 2 1 2 2 2 2 2 2
left_child=2 3 5 6 -3 7 -2 8 -1 10 -6 12 -4 -12
right_child=1 4 11 -5 9 -7 -8 -9 -10 -11 13 -13 -14 -15
leaf_value=-0.00054902544407104651 0.014256525645568669 0.0033245151489403311 0.00077624283088934096 -0.0083919262609485762 0.0263275508899742 -0.0075029292637854338 0.00079779976492767911 -0.0054904776514077061 0.008444934660812144 0.019676559701861364 0.010120171763596439 -0.0026750444158696977 0.0046845779118298214 0.042348196100730234
leaf_weight=826570.58368682861 648975.92876839638 4813930.874997139 1536860.4958953857 1696404.6713104248 235414.53314065933 4299181.4309082031 2157513.7859611511 4430530.2157535553 106962.73160552979 117557.22267150879 2277402.3886704445 739163.7624168396 126864.806640625 84369.412720680237
leaf_count=873 4070 6459 1283 1601 1261 962 4749 5054 193 142 8054 518 60 557
internal_value=-0.000441355 0.00155167 -0.00242867 -0.000383329 0.00270899 -0.00304569 0.00116316 -0.0020531 0.00060142 0.00458089 0.00424157 5.26473e-05 0.00118124 0.00371125
internal_weight=2.40977e+07 1.20316e+07 1.20661e+07 4.50289e+06 7.52867e+06 9.66324e+06 2.80649e+06 5.36406e+06 933533 2.71474e+06 2.59719e+06 2.40289e+06 1.66373e+06 2.36177e+06
internal_count=35836 26893 8943 10420 16473 7082 8819 6120 1066 10014 9872 1861 1343 8611
cat_boundaries=0 1
cat_threshold=44
is_linear=0
shrinkage=0.05


Tree=14
num_leaves=15
num_cat=1
split_feature=9 10 10 7 3 26 28 14 16 11 10 23 10 9
split_gain=33706.5 9200.85 8630.54 6036.42 4629.79 4548.11 5893.55 3977.59 6355.29 3591.75 3201.65 3046.84 2746.29 2616.02
threshold=0.39228756957520811 0.057840140148659451 0.092861128004522606 12.591270263703185 16.399633848597894 0.6830127018922193 0 2.2638290444340918 16.713804950542301 -0.75573708027549624 0.4483043805338971 -10.063395810728649 -0.36819048945318128 3.6375202014166064
decision_type=2 2 2 2 2 2 1 10 2 2 2 8 2 2
left_child=2 3 4 13 -1 6 7 8 -4 -3 -11 -12 -5 -2
right_child=1 9 5 12 -6 -7 -8 -9 -10 10 11 -13 -14 -15
leaf_value=-0.0041211324623437349 0.003706774010591744 0.023478759160217261 0.0070663009994861546 -0.0094781097192661225 -0.0082673970628762312 -0.0036993178459369357 -0.00046641990421890692 4.404222535965056e-05 0.0065722531792359543 0.0048922034242696432 0.01703586375733401 0.014436454917223899 0.00027542116706623225 0.01584451788379726
leaf_weight=6502481.0295963287 1681546.6384946108 174198.47773420811 163826.78965759277 1712723.1974487305 3288451.6245117188 1018600.585269928 1735975.6290817261 180096.29081344604 143330.8349609375 3387093.2027440071 36015.369115829468 894483.28118062019 2530672.9435424805 765641.0064907074
leaf_count=6622 7650 863 184 1556 666 743 1511 85 59 7002 59 2831 2353 3649
internal_value=-0.000527684 0.0014862 -0.00225564 0.000311048 -0.00299602 -1.9557e-05 0.0012481 0.00610718 0.00956649 0.00323661 0.00295261 0.00555033 -0.000829476 0.0022887
internal_weight=2.42151e+07 1.11824e+07 1.30328e+07 6.69058e+06 9.79093e+06 3.24183e+06 2.22323e+06 487254 307158 4.49179e+06 4.31759e+06 930499 4.2434e+06 2.44719e+06
internal_count=35833 25963 9870 15208 7288 2582 1839 328 243 10755 9892 2890 3909 11299
cat_boundaries=0 1
cat_threshold=36
is_linear=0
shrinkage=0.05


Tree=15
num_leaves=15
num_cat=1
split_feature=9 10 17 16 10 9 10 30 14 16 0 2 17 2
split_gain=30660.5 9476.98 6925.18 5650.61 4915.01 3075.66 2837.91 3611.25 3759.38 3414.72 2757.88 2753.26 2294.26 2187.19
threshold=0.3306820070916458 0.29034260811881657 0.0015536022893272502 17.298855028885153 -0.18836902308916406 0.56640887940416607 -0.039677234406679092 0 1.7252575892023538 15.161848592469212 16.272741767951768 14.590350457736251 0.013927170645445202 15.801121753769563
decision_type=2 2 2 2 2 2 2 1 10 2 2 2 2 2
left_child=3 2 -2 6 12 11 -1 8 -8 -9 -7 -3 -4 -6
right_child=1 5 4 -5 13 10 7 9 -10 -11 -12 -13 -14 -15
leaf_value=-0.0062432966220773 0.0096255883850234428 0.0080601065640890455 -0.00067409906982730989 -0.0062950602322406242 0.0024610927164628459 0.013783943635815782 0.0011773606665135255 0.002284808106651309 0.0055549856897756447 -0.0034101860214226566 0.0091567752356766698 -0.0022445753296940151 -0.0074846501214268545 -0.0010447000374288358
leaf_weight=2605044.4561500549 1926303.1147210598 364591.29024076462 1952478.149017334 4511698.9370727539 4623256.5950698853 1470907.9240584373 715536.63148498535 599391.54476737976 132954.13529968262 2365608.7982559204 50000.2744140625 420093.55291748047 2123675.9814300537 591969.66052246094
leaf_count=2368 9081 683 3994 1527 7156 5102 572 1269 152 1670 17 209 1931 185
internal_value=-0.000520774 0.00107093 0.00047086 -0.00249009 -9.4801e-05 0.00399054 -0.00153695 -0.000667997 0.00220824 -0.00149109 0.00530227 0.00144809 -0.00139558 0.00092187
internal_weight=2.44535e+07 1.35233e+07 1.12177e+07 1.09302e+07 9.29138e+06 2.30559e+06 6.41854e+06 3.81349e+06 848491 2.965e+06 1.52091e+06 784685 4.07615e+06 5.21523e+06
internal_count=35916 28358 22347 7558 13266 6011 6031 3663 724 2939 5119 892 5925 7341
cat_boundaries=0 1
cat_threshold=10
is_linear=0
shrinkage=0.05


Tree=16
num_leaves=15
num_cat=1
split_feature=3 9 10 17 10 26 10 17 0 2 10 12 29 24
split_gain=28848.5 9011.02 8509.7 5503.91 3869.21 3914.64 2806.06 2470.66 2982.37 2899.62 2409.6 2404.79 2204.65 2044.19
threshold=14.180357946604799 0.21622032195833482 0.26767863605239312 0.0044513066473054509 -0.24565712921254507 0.6830127018922193 0.092861128004522606 0.39280578722323817 15.025324965703875 15.256051248973158 0.82260511362952127 9.5000000000000018 0 1.2939662262770451
decision_type=2 2 2 2 2 2 2 2 2 2 2 2 1 10
left_child=2 6 3 11 -3 7 -2 8 -6 13 -4 -1 -7 -10
right_child=1 4 10 -5 5 12 -8 -9 9 -11 -12 -13 -14 -15
leaf_value=0.020499667629550841 -0.0064791727169916996 -0.010271285626772887 0.0094785023463057321 -0.00074878236837020698 -0.0017575911952772952 -0.0071394227610810032 -0.0021379408459971374 -0.0027156560105750585 0.00068604893681709252 0.00050589516387029431 0.036994865142821645 0.0044116987401117084 3.7447073906891887e-05 0.0071377973203280033
leaf_weight=484864.31191110611 4192615.5357666016 2072994.5578613281 1812209.4149833918 5112954.6856842041 1595126.3000488281 1178661.8159179688 762244.044921875 321165.17077636719 196678.14691162109 1956231.3132324219 130432.51355922222 3515821.6680512428 583558.29144287109 365404.66540527344
leaf_count=3759 1338 1053 5459 10088 1114 577 245 102 106 660 835 10123 269 195
internal_value=-0.000529108 -0.00210494 0.00135578 0.000715351 -0.00109468 -0.000469155 -0.00379109 0.000323042 0.000652812 0.00172431 0.00436028 0.00210444 -0.00246271 0.00488947
internal_weight=2.4281e+07 1.32247e+07 1.10563e+07 9.11364e+06 8.26982e+06 6.19683e+06 4.95486e+06 4.43461e+06 4.11344e+06 2.51831e+06 1.94264e+06 4.00069e+06 1.76222e+06 562083
internal_count=35923 5659 30264 23970 4076 3023 1583 2177 2075 961 6294 13882 846 301
cat_boundaries=0 1
cat_threshold=51
is_linear=0
shrinkage=0.05


Tree=17
num_leaves=15
num_cat=0
split_feature=9 9 0 7 11 2 7 0 0 7 23 22 0 7
split_gain=27848.6 11156.7 6550.62 4067.21 3834.08 3624.81 2499.07 3356.41 2387.74 1857.59 1827.07 2441.31 1814.25 1740.2
threshold=0.57827212242699799 0.21184317304381686 16.272741767951768 11.599869483290343 0.17218021801644492 16.684382928863482 14.532504659498324 13.723022170293161 16.845079520562013 13.40800236356638 2.2945413447560106 17.761583980270867 14.547622183520915 13.93921741413917
decision_type=2 2 2 2 2 2 2 2 2 2 10 2 2 2
left_child=1 4 3 -2 -1 8 7 -5 13 -9 -6 -12 -11 -3
right_child=2 5 -4 6 10 -7 -8 9 -10 12 11 -13 -14 -15
leaf_value=-0.005971735752644044 0.014855941873407334 0.00093735271165480574 0.010032489642583346 0.0034974912090544709 -0.0039639420455138009 -0.0049381099915303409 -0.0052591865207831205 0.02310527225881159 0.0045238898604710752 0.0053288995310411666 -0.0041545402787407371 0.0019114490257510143 0.020337817684932924 -0.001649633229453729
leaf_weight=4699987.4424133301 1929639.8124057055 4016121.1543675661 64029.822509765625 3161824.3682250977 247145.54425048828 1082683.1730957031 566435.83728027344 128173.18621826172 96294.7578125 440134.38446044922 240584.33925628662 216825.52757263184 165236.22521972656 7026025.6013183594
leaf_count=2480 13313 8499 22 5828 146 211 302 187 23 418 245 90 140 3908
internal_value=-0.000487439 -0.00151646 0.00232214 0.00216273 -0.00340811 -0.000679917 0.00133325 0.00178449 -0.000411447 0.00483161 3.15185e-05 0.00190312 0.00367385 -0.000479811
internal_weight=2.40811e+07 1.76257e+07 6.45547e+06 6.39144e+06 5.40454e+06 1.22211e+07 4.4618e+06 3.89537e+06 1.11384e+07 733544 704555 457410 605371 1.10421e+07
internal_count=35812 15602 20210 20188 2961 12641 6875 6573 12430 745 481 335 558 12407
is_linear=0
shrinkage=0.05


Tree=18
num_leaves=15
num_cat=0
split_feature=9 9 10 10 10 11 7 0 26 10 3 10 26 0
split_gain=25129.5 8838.19 8673.25 4681.83 4489.69 4782.36 4008.86 3236.57 2863.92 2708.71 2415.1 2119.97 2109.5 1991.19
threshold=0.45965712248966961 0.21184317304381686 0.049124915194930403 -0.19281545991556018 0.092861128004522606 0.13055797970242278 11.496392630181498 16.272741767951768 0.6830127018922193 0.75047879239174986 15.328891282024424 -0.50377747366413306 0.6830127018922193 14.305793255099841
decision_type=2 2 2 2 2 2 2 2 2 2 2 2 2 2
left_child=1 4 6 -3 -1 -6 -2 9 -5 10 12 -8 13 -4
right_child=2 3 7 8 5 -7 11 -9 -10 -11 -12 -13 -14 -15
leaf_value=-0.0059173941726136927 0.010767714692646875 -0.0077236156256571004 0.0088343538671683455 0.00025282110653609925 -0.0036182358127865217 0.0023062315193928787 -0.0096864976761668643 0.0077131181287754258 -0.0027253586360022207 0.028609722477536344 -0.0051842404681441039 0.00077803863479468686 0.0036610745121162559 0.011479957688240944
leaf_weight=4451106.7767372131 1063091.6886659861 2331538.4092292786 1907783.2170596123 5424497.9257507324 664217.14888763428 232718.69309234619 1398666.4376220703 111311.14208984375 2044864.739528656 201181.99719166756 125847.02819824219 2872504.4656677246 898428.4206931591 443084.11389160156
leaf_count=2480 7600 1977 6127 5381 319 151 1927 36 1963 1115 51 3952 2311 322
internal_value=-0.000576448 -0.0018206 0.00151265 -0.000928478 -0.00345552 -0.000228258 0.00022366 0.0033772 -0.000317924 0.00311587 0.00277992 -0.000460181 0.00304314 0.00383071
internal_weight=2.41708e+07 1.51489e+07 9.0219e+06 9.8009e+06 5.34804e+06 896936 5.33426e+06 3.68764e+06 7.46936e+06 3.57632e+06 3.37514e+06 4.27117e+06 3.2493e+06 2.35087e+06
internal_count=35712 12271 23441 9321 2950 470 13479 9962 7344 9926 8811 5879 8760 6449
is_linear=0
shrinkage=0.05


Tree=19
num_leaves=15
num_cat=0
split_feature=9 9 10 10 17 0 2 4 10 17 10 26 26 11
split_gain=26863.7 8824.66 6769.78 4480.52 4473.32 2946.04 3917.67 3599.94 3051.95 2760.68 2668.15 2494.51 2308.99 2156.1
threshold=0.39228756957520811 0.21184317304381686 0.043085873416503107 -0.11480315899142374 0.0022480356664287505 16.272741767951768 15.667476843999895 15.403376953653414 0.75047879239174986 0.015801928648999954 0.036328897241778756 0.6830127018922193 1.0000000180025095e-35 0.22938298630418877
decision_type=2 2 2 2 2 2 2 2 2 2 2 2 2 2
left_child=1 9 4 -3 -2 6 7 8 12 10 -1 -5 -4 -11
right_child=2 3 5 11 -6 -7 -8 -9 -10 13 -12 -13 -14 -15
leaf_value=-0.003879072957412607 0.0072634488106981063 -0.0065698435961371541 0.0075606439820253245 0.00048637470777556328 -0.001305701379146481 0.0081574295744483282 -0.0032016643849919202 0.0066515301328662919 0.02842772651926578 -0.005677196775285772 0.0054826377760930278 -0.0023518182181329226 0.0035192419134475539 -0.00071240993918304232
leaf_weight=355150.53382110596 1699132.2311903238 2457963.386472702 1849568.7402365208 3740993.6215858459 4859323.7957611084 203128.1044921875 271886.712890625 106969.54248046875 207552.05959236622 4579233.8009643555 207166.57752227783 1421386.0218963623 2050235.5061645508 325448.51281738281
leaf_count=563 7718 2055 4708 3563 7145 64 109 55 1144 1997 232 1290 5114 223
internal_value=-0.00051721 -0.00205729 0.00127475 -0.000957577 0.000237511 0.00272542 0.00245875 0.00283404 0.00259821 -0.00359017 -0.000271848 -0.000120992 0.00228378 -0.00397061
internal_weight=2.43351e+07 1.30873e+07 1.12478e+07 7.62034e+06 6.55846e+06 4.68934e+06 4.48621e+06 4.21433e+06 4.10736e+06 5.467e+06 562317 5.16238e+06 3.8998e+06 4.90468e+06
internal_count=35980 9923 26057 6908 14863 11194 11130 11021 10966 3015 795 4853 9822 2220
is_linear=0
shrinkage=0.05


Tree=20
num_leaves=15
num_cat=0
split_feature=9 9 11 17 7 1 17 24 25 5 19 6 16 7
split_gain=24966 9717.76 3921.18 3790.07 3167.1 2830.57 2790.95 2187.79 2064.12 2863 2001.19 2067.47 2037.24 1784.28
threshold=0.24434486505599717 0.57827212242699799 0.43702432918447182 0.043174545708711452 11.496392630181498 15.919736107867337 0.077637765091449415 6.9311429615844604 -0.5 15.291886549576136 0.040781185357162006 16.310251285128391 16.997630321311302 13.93921741413917
decision_type=2 2 2 2 2 2 2 10 2 2 2 2 2 2
left_child=2 3 6 5 -3 13 7 -1 9 -6 11 -5 -12 -2
right_child=1 4 -4 10 8 -7 -8 -9 -10 -11 12 -13 -14 -15
leaf_value=-0.0035531319494031227 0.0017498448183889785 0.01370630388776954 0.0031129193473766357 -0.0023658834986168553 0.0068262922590305074 0.0051606570506433688 -0.0060447920983632284 0.0049151147466749128 0.0017802975703611699 0.015291782301664544 -0.0043926339727844857 -0.0049578724178091019 0.0036536272163489782 -0.0013866608526415902
leaf_weight=2455556.3198986053 3095614.7503918409 1750162.8716739416 174720.94031906128 2135669.1166381836 1431321.5117492676 322442.64306640625 4224977.4779968262 116109.8989982605 3227066.7430419922 76907.640502929688 256928.3359375 1101438.4714355469 247549.22384643555 3727595.822265625
leaf_count=2387 6902 12654 178 1630 2388 115 1329 190 5035 34 187 241 111 2377
internal_value=-0.000606384 0.000407931 -0.00313407 -0.000504775 0.0019401 0.000170284 -0.00332419 -0.00202551 0.00126837 0.00279536 -0.001794 -0.00225048 0.00113517 -4.60465e-05
internal_weight=2.43441e+07 1.73727e+07 6.97136e+06 1.08872e+07 6.48546e+06 7.14565e+06 6.79664e+06 2.57167e+06 4.7353e+06 1.50823e+06 3.74159e+06 3.23711e+06 504478 6.82321e+06
internal_count=35758 31674 4084 11563 20111 9394 3906 2577 7457 2422 2169 1871 298 9279
is_linear=0
shrinkage=0.05


Tree=21
num_leaves=15
num_cat=2
split_feature=8 10 3 17 10 10 22 10 0 8 29 3 28 22
split_gain=21611 8118.65 7656.46 3974.6 2909.98 2717.77 3155.79 2655.1 3999.79 2213.12 2157.31 2371.42 2055.68 2979.97
threshold=0.34149259284235772 0.03307091523889031 16.399633848597894 0.0015536022893272502 0.20358469079361316 0.027005861573130053 19.442384479942255 0.45892431574135811 16.151584451074552 0.34515757819935416 0 14.668449700368564 1 19.607205262989968
decision_type=2 2 2 2 2 2 2 2 2 2 1 2 1 2
left_child=2 3 4 -2 10 -4 -7 9 -9 -3 11 -1 -12 -14
right_child=1 7 5 -5 -6 6 -8 8 -10 -11 12 -13 13 -15
leaf_value=-0.0019943351035667882 0.007765791864020633 0.0044831560109619834 -0.0073072529284848257 -0.0010442565032260656 0.0017020138951981572 -0.0044065062921806643 -8.9202660047741897e-06 0.012460281712379118 0.0076113520862633455 0.0044972385368370746 -0.0036537977892423489 -0.0049281500304244486 -0.00046659240307679362 0.0038998881142135798
leaf_weight=2469032.9798301458 1273523.5761321783 48911.017961502075 2427708.4255371094 5263281.7846832275 1139020.4461269379 848879.1455078125 853252.14233398438 875026.8515638113 53154.637939453125 3498152.7882390022 675386.35032653809 2056666.861328125 2799972.6033055782 137713.68588256836
leaf_count=3564 6253 61 494 8072 1245 189 148 3138 18 7701 1654 953 2308 96
internal_value=-0.000522853 0.00111841 -0.00187087 -4.90715e-06 -0.0010737 -0.00366174 -0.0021299 0.0027592 0.00513999 0.00213621 -0.00140496 -0.00213231 -0.000493889 7.79654e-05
internal_weight=2.44197e+07 1.10121e+07 1.34076e+07 6.53681e+06 9.27779e+06 4.12984e+06 1.70213e+06 4.47525e+06 928181 3.54706e+06 8.13877e+06 4.5257e+06 3.61307e+06 2.93769e+06
internal_count=35894 25243 10651 14325 9820 831 337 10918 3156 7762 8575 4517 4058 2404
cat_boundaries=0 1 2
cat_threshold=1 521
is_linear=0
shrinkage=0.05


Tree=22
num_leaves=15
num_cat=2
split_feature=3 10 17 28 10 0 2 0 29 3 23 12 0 2
split_gain=19870.8 9424.05 7393.15 2756.9 2634.48 2832.67 2692.44 2649.11 2485.65 3360.11 2465.35 2090.41 2041.87 1597.44
threshold=16.399633848597894 0.18605922696324037 0.005235288708114301 0 0.82260511362952127 16.272741767951768 14.202853340140424 14.272900864308589 1 14.596157820890438 7.9391589943978209 9.5000000000000018 14.477135018207695 11.585967812575783
decision_type=2 2 2 1 2 2 2 2 1 2 10 2 2 2
left_child=1 2 11 -2 5 6 7 13 9 12 -10 -1 -4 -3
right_child=3 4 8 -5 -6 -7 -8 -9 10 -11 -12 -13 -14 -15
leaf_value=0.017558897885982291 -0.0017431868059586998 0.013697970869910951 -0.002618666741648261 -0.0053276991874313352 0.02902918955593449 0.0076350535723766324 -7.4403216574750618e-05 0.011297913614933484 -0.00089908933883460918 -0.0048712383213239821 0.0048314205786886191 0.0030352155632808169 0.0029814663364959738 0.0037599502170848642
leaf_weight=462119.0075802803 811719.43090820312 581577.74026417732 2867609.6320953369 3641982.6376953125 135028.15874302387 260816.48095703125 1481231.167175293 192841.77825927734 5579382.2301330566 2440118.5147094727 194082.3949508667 3715197.7101855278 436938.45184326172 1530013.5888977051
leaf_count=3559 178 3985 4810 733 841 81 946 187 5886 1203 193 10018 296 2987
internal_value=-0.000543818 0.000132555 -0.00042939 -0.00356249 0.00224184 0.00201258 0.00166534 0.0027344 -0.0010829 -0.00181925 -0.000350224 0.00137255 -0.000780141 0.00222209
internal_weight=2.43307e+07 1.9877e+07 1.56954e+07 4.4537e+06 4.18151e+06 4.04648e+06 3.78566e+06 2.30443e+06 1.15181e+07 5.74467e+06 5.77346e+06 4.17732e+06 3.30455e+06 2.11159e+06
internal_count=35903 34992 25965 911 9027 8186 8105 7159 12388 6309 6079 13577 5106 6972
cat_boundaries=0 1 2
cat_threshold=32 1
is_linear=0
shrinkage=0.05


Tree=23
num_leaves=15
num_cat=0
split_feature=9 9 18 11 25 6 22 5 22 17 17 19 16 0
split_gain=18237.9 7701.56 4225.66 3701.97 3100.11 4169.58 3425.99 3283.51 2894.1 2468.7 4142.05 2685.68 2352.5 2776.34
threshold=0.24434486505599717 0.98917281280080072 0.84782601655572065 0.41630779703321169 -0.5 16.310251285128391 19.623793835603895 16.316951694982571 21.05931847536657 0.035624050696511055 0.032687349781495102 0.050069976757008208 16.196978788768508 15.554735341441647
decision_type=2 2 8 2 2 2 2 2 2 2 2 2 2 2
left_child=2 4 3 -1 6 7 9 12 -8 10 -2 -11 13 -6
right_child=1 -3 -4 -5 5 -7 8 -9 -10 11 -12 -13 -14 -15
leaf_value=-0.004118360080432649 0.0015250469281288363 0.0080315834144943313 0.0010999448413266672 0.0040613847788451805 -0.00051759034175947766 -0.0062166120112949813 0.005166612050780995 0.0048397460653228988 0.0026422301733847161 -0.0024695320734994305 0.010449093984159366 0.0010618925592562212 -0.003289762160231649 0.0034061337328000277
leaf_weight=6332252.3085632324 2674746.6880418062 3681264.8001359701 481575.23468208313 178846.82343292236 5613246.3736296892 931387.8115234375 190848.0415802002 81432.7431640625 179345.75201416016 1095470.0821838379 111972.72491455078 206914.43176269531 2181682.9566116333 502947.42248535156
leaf_count=3647 4207 15329 289 189 8882 210 135 25 115 707 90 133 1946 197
internal_value=-0.000539278 0.000325254 -0.00269684 -0.00303112 -0.000217844 -0.000737043 0.000866207 -0.000384277 0.00547226 0.000449212 0.00128908 -0.00134787 -0.000482328 2.04858e-05
internal_weight=2.44439e+07 1.74513e+07 6.99267e+06 6.5111e+06 1.377e+07 9.3107e+06 4.4593e+06 8.37931e+06 370194 4.0891e+06 2.78672e+06 1.30238e+06 8.29788e+06 6.11619e+06
internal_count=36101 31976 4125 3836 16647 11260 5387 11050 250 5137 4297 840 11025 9079
is_linear=0
shrinkage=0.05


Tree=24
num_leaves=15
num_cat=1
split_feature=9 9 10 10 30 10 25 26 6 11 10 4 0 2
split_gain=18479.3 7615.72 5389 3642.24 2730.56 2663.82 2396.14 2719.24 2069.81 2017.19 2278.57 1687.65 1659.35 2024.67
threshold=0.24434486505599717 0.75007295440719046 -0.13476230694478977 0.023875644189685855 0 0.35768662263961298 -0.5 0.6830127018922193 16.310251285128391 -0.31463892221885714 -0.55954239979595755 14.72421256348523 16.151584451074552 15.256051248973158
decision_type=2 2 2 2 1 2 2 2 2 2 2 2 2 2
left_child=3 2 8 -1 11 9 12 -8 -2 10 -3 -5 13 -4
right_child=1 5 6 4 -6 -7 7 -9 -10 -11 -12 -13 -14 -15
leaf_value=-0.005311957388318223 -0.0038188783710002791 0.0046243744505902306 0.0031398539332876674 0.00041963075486543068 0.0031307266753904349 0.012158916005418071 0.00084894705093749463 -0.0042624776679230829 -0.010206758508212318 0.0028070542140533599 0.015822710795618436 -0.0027351734851526806 0.0016455285524747034 -0.0029150651375787003
leaf_weight=4168506.0835666656 4050876.1888679266 397396.72405040264 2003499.3077452183 424076.68464279175 554369.90129089355 888687.32839775085 3747470.3976508379 1505309.1254329681 429356.98095703125 2775649.2932395935 579078.06960368156 1775622.2983398438 518053.71606445312 444733.58630371094
leaf_count=2521 4827 1806 2968 633 462 3684 4647 1722 88 9473 2298 494 128 193
internal_value=-0.000542324 0.000329546 -0.000303895 -0.00272624 -0.00131525 0.00206292 0.000456559 -0.000184986 -0.00169896 0.00147993 0.00343452 -0.00210561 0.00159262 0.00104863
internal_weight=2.42627e+07 1.73401e+07 1.26993e+07 6.92257e+06 2.75407e+06 4.64081e+06 8.21907e+06 5.25278e+06 4.48023e+06 3.75212e+06 976475 2.1997e+06 2.96629e+06 2.44823e+06
internal_count=35944 31834 14573 4110 1589 17261 9658 6369 4915 13577 4104 1127 3289 3161
cat_boundaries=0 1
cat_threshold=1
is_linear=0
shrinkage=0.05


Tree=25
num_leaves=15
num_cat=1
split_feature=7 10 18 12 0 26 22 6 29 9 9 10 0 10
split_gain=16262.8 6164.51 4934.12 4461.19 4251.31 3354.34 4204.7 3572.29 2162.64 2039.3 2005.13 3061.23 2107.27 1834.86
threshold=13.982303625925214 0.079722233239354318 0.73991455881546375 10.500000000000002 14.1660187938525 0.6830127018922193 19.442384479942255 16.422516562593881 0 0.5509852645617539 0.29859942951882151 -0.32733423262103839 15.318456598892277 0.067051355666603918
decision_type=2 2 10 2 2 2 2 2 1 2 2 2 2 2
left_child=3 2 10 -1 13 6 7 9 -7 -3 -2 -12 -13 -5
right_child=1 5 -4 4 -6 8 -8 -9 -10 -11 11 12 -14 -15
leaf_value=0.011776128979807806 -0.004687170376385108 -0.00018605148653327302 -0.0014613655535885501 -0.00051128002176081778 0.01059229469507351 0.0023775795882730443 0.0028723677049387704 -0.004412699086312203 -0.0052659578354438989 0.0056401828232617362 -0.013637533874800298 -0.0024747163929838348 0.00086729995937148349 0.003572454636417974
leaf_weight=1475340.9070433378 4930586.6630859375 1729508.7807617188 3099790.3282470703 5278686.0345582962 272310.44708251953 232998.98913574219 661539.34228515625 327884.50390625 1060666.8874511719 320515.19506835938 885617.9775390625 821737.30334472656 384240.24645996094 2966849.4106311798
leaf_count=8458 1793 936 1519 12943 285 110 217 75 488 202 458 563 111 7838
internal_value=-0.000586807 -0.00165903 -0.00233461 0.00096416 0.000524492 -8.09049e-05 0.00082668 -0.00015421 -0.00221326 0.000620834 -0.00306806 -0.00177084 -0.000131634 0.000321495
internal_weight=2.44483e+07 1.44551e+07 1.0122e+07 9.99319e+06 8.51785e+06 4.33311e+06 3.03945e+06 2.37791e+06 1.29367e+06 2.05002e+06 7.02218e+06 2.0916e+06 1.20598e+06 8.24554e+06
internal_count=35996 6472 4444 29524 21066 2028 1430 1213 598 1138 2925 1132 674 20781
cat_boundaries=0 1
cat_threshold=8
is_linear=0
shrinkage=0.05


Tree=26
num_leaves=15
num_cat=0
split_feature=9 10 17 10 26 10 3 18 11 0 2 26 15 22
split_gain=17688.2 6357.28 4249.53 2811.14 2503.18 2500.96 2463.15 2279.91 2174.34 3957.95 2625.96 2095.72 2195.8 2945.95
threshold=0.27084885979223167 -0.11092257871642089 0.015345598600400403 0.11358221954224576 0.93301270189221952 0.52521591862502259 14.456657109362167 0.84782601655572065 -0.022923450325359647 17.152781891435371 16.395876229078294 0.6830127018922193 19.359974475038499 19.442384479942255
decision_type=2 2 2 2 2 2 2 10 2 2 2 2 2 2
left_child=3 2 -2 6 5 8 -1 -8 9 -3 -10 12 13 -5
right_child=1 4 -4 11 -6 -7 7 -9 10 -11 -12 -13 -14 -15
leaf_value=-0.0014119939801209777 0.00088421672099028977 0.0034246223478425217 -0.0056313637831566597 0.00023479705499696978 -0.0036585826679807819 0.014031871209803138 -0.0045198030489162905 -3.0144192084197248e-06 0.0013489784024080433 0.0021094077912445024 -0.0044272264113402781 -0.0034030472069811902 -0.002425176131757429 0.0031133433589083533
leaf_weight=1349193.7492542267 3706295.2344615459 3306549.7557375431 3010684.2501068115 543565.43940353394 881936.39495635033 593535.81390023232 5120843.4562988281 461298.65087890625 4236990.4424815178 70707.9609375 309870.10668945312 463312.24778747559 160145.02795410156 201279.27389526367
leaf_count=2459 10678 6076 2549 482 1574 2290 1658 165 7623 13 76 260 54 75
internal_value=-0.000556072 0.000409681 -0.000765046 -0.00243141 0.00124914 0.0015117 -0.00284026 -0.00330365 0.00127722 0.00223824 0.000563403 -0.000360317 0.00103979 0.0021818
internal_weight=2.44162e+07 1.61166e+07 6.71698e+06 8.29964e+06 9.39959e+06 8.51765e+06 6.93134e+06 5.58214e+06 7.92412e+06 3.37726e+06 4.54686e+06 1.3683e+06 904990 744845
internal_count=36032 30879 13227 5153 17652 16078 4282 1823 13788 6089 7699 871 611 557
is_linear=0
shrinkage=0.05


Tree=27
num_leaves=15
num_cat=0
split_feature=9 10 9 17 10 17 10 27 23 4 11 6 0 5
split_gain=17235 5224.54 3583.15 3576.14 3062.16 3046.27 2653.58 2064.15 2437 5183.87 2383.67 2952.46 2592.39 2072.52
threshold=0.27084885979223167 -0.25133433240486175 0.75007295440719046 0.015345598600400403 0.12093633502597352 0.077637765091449415 0.13173146616956369 11.500000000000002 6.934833725132326 16.045152042135335 -0.022923450325359647 16.199027200927723 16.151584451074552 15.811000708615643
decision_type=2 2 2 2 2 2 2 2 8 2 2 2 2 2
left_child=4 3 7 -2 5 -1 -6 8 10 13 -3 12 -12 -10
right_child=1 2 -4 -5 6 -7 -8 -9 9 -11 11 -13 -14 -15
leaf_value=-0.0020569436959572193 0.00090305975400141588 0.0020237282523562022 0.0084189088806198974 -0.0079788299322625985 0.0028502776289600993 -0.004739752060462666 -0.00064732952791733114 -0.0053571729499171505 0.006463284502879578 0.0074865725083898063 -0.00026299566708389504 -0.0041965566949364519 0.0097802118082153215 -0.007529135876910141
leaf_weight=2852902.8949928284 2614511.6620323658 3038336.8012654781 2819744.0584583282 2105477.1340789795 159989.83354187012 4136642.9664306641 1081293.2241325378 764814.07957744598 633857.43179011345 97954.1552734375 3503132.4590167999 385075.87646484375 81927.35400390625 96228.45751953125
leaf_count=2901 8147 3624 10419 1767 93 1360 695 912 969 28 4791 96 27 32
internal_value=-0.000541611 0.00040787 0.000986159 -0.000991431 -0.00240359 -0.00281001 -0.000115087 0.000479085 0.000721062 0.00328627 0.000417987 -0.000388685 5.81879e-05 0.00183718
internal_weight=2.43719e+07 1.61411e+07 1.14211e+07 4.71999e+06 8.23083e+06 6.98955e+06 1.24128e+06 8.60133e+06 7.83651e+06 828040 7.00847e+06 3.97014e+06 3.58506e+06 730086
internal_count=35861 30812 20898 9914 5049 4261 788 10479 9567 1029 8538 4914 4818 1001
is_linear=0
shrinkage=0.05


Tree=28
num_leaves=15
num_cat=2
split_feature=7 9 29 3 12 10 11 7 26 10 28 11 11 3
split_gain=16259.3 6744.25 2846.19 3864.9 2618.14 2600.87 2497.73 2389.01 3511.33 2133.24 2125.81 1802.38 1661.04 1332.33
threshold=16.292036902815017 0.57827212242699799 0 14.489763660570123 9.5000000000000018 -0.23964729292406062 -0.026288712893304447 15.094785014784197 1.0000000180025095e-35 0.42655510076971398 1 0.43702432918447182 -0.75573708027549624 16.274415002168297
decision_type=2 2 1 2 2 2 2 2 2 2 1 2 2 2
left_child=1 2 6 9 -3 -6 7 -1 -9 -4 -2 -5 -7 -8
right_child=10 4 3 11 5 12 13 8 -10 -11 -12 -13 -14 -15
leaf_value=0.0010060779340003581 -0.0033539356603180361 0.014666763409090209 -0.00036697024083742644 -0.0031439290835812159 -0.0015615244281251782 0.018021667158897203 -0.00033671283738081895 0.0057445830506036473 0.00012430298800772873 0.011566380258174226 -0.0036937230371041022 0.0014971528167605221 0.0045565995060254496 -0.0072967998858400572
leaf_weight=1127483.5653648376 850887.2109375 875550.44947552681 4747940.9751657248 3578730.8229370117 2112095.4238648415 176004.7775759697 2303532.4684181213 340508.54357910156 325342.02429199219 111632.37886762619 3887787.4479980469 232022.78765869141 3331119.3633971214 156852.13110351562
leaf_count=1402 191 5902 8504 1842 5303 638 2201 129 123 179 797 118 8360 48
internal_value=-0.000546297 9.44865e-05 -0.000566067 -0.00108579 0.00140893 0.00101267 0.000493274 0.00191243 0.00428716 -0.000150968 -0.00317219 -0.00227789 0.00184745 -0.000541122
internal_weight=2.41575e+07 1.94188e+07 1.2924e+07 8.67033e+06 6.49477e+06 5.61922e+06 4.25372e+06 1.79333e+06 665851 4.85957e+06 4.73867e+06 3.81075e+06 3.50712e+06 2.46038e+06
internal_count=35737 34749 14546 10643 20203 14301 3903 1654 252 8683 988 1960 8998 2249
cat_boundaries=0 1 2
cat_threshold=28 32
is_linear=0
shrinkage=0.05


Tree=29
num_leaves=15
num_cat=0
split_feature=17 10 0 22 17 3 23 3 21 11 0 24 19 20
split_gain=11179.1 6909.02 4776.73 4752.46 4451.39 3279.64 2662.53 2657.12 2299.31 2268.49 2157.87 2319.74 2579.57 2119.66
threshold=0.040054321639036605 0.079722233239354318 16.272741767951768 21.012916483439771 0.0044513066473054509 15.096941483212452 6.8867884999821509 15.804550983324974 10.883171797382753 -0.16967552808856101 15.191273691281006 1.4770627534572751 -0.013532994891894247 0.0011474289684619504
decision_type=2 2 2 2 2 2 10 2 10 2 2 10 2 10
left_child=2 6 4 5 9 -3 -2 -8 -7 -1 -6 -12 -13 -5
right_child=1 3 -4 13 10 8 7 -9 -10 -11 11 12 -14 -15
leaf_value=0.008998700177798951 -0.0042667667497331011 0.0036701387735329342 0.0093870505181460947 0.0014872485270252857 -0.0013070986961413508 -0.0030992472153295141 -0.0080457857087993159 0.0022025515482954859 -2.2671725860593355e-05 0.0024240667377674417 0.0065513623858551948 0.0047910611381371572 -0.0020257096610507386 0.0090080504941946922
leaf_weight=1637448.958632946 6575040.5744628906 821393.55928039551 108541.73876953125 169306.07493591309 7752432.3162002563 990419.220703125 242331.97814941406 191226.76391601562 689758.28759765625 3523183.9639801979 307918.81610107422 412895.89593505859 627312.26440429688 193159.82705688477
leaf_count=6801 3091 860 38 95 11854 307 237 53 139 11644 146 181 275 116
internal_value=-0.00049574 -0.00179111 0.000394233 0.000278024 0.000314703 -0.000497272 -0.00263665 0.00115848 -0.0017631 0.00148777 -0.000350505 0.00149579 0.000367343 0.00562875
internal_weight=2.42424e+07 9.87264e+06 1.43697e+07 2.86404e+06 1.42612e+07 2.50157e+06 7.0086e+06 433559 1.68018e+06 5.16063e+06 9.10056e+06 1.34813e+06 1.04021e+06 362466
internal_count=35837 4898 30939 1517 30901 1306 3381 290 446 18445 12456 602 456 211
is_linear=0
shrinkage=0.05


Tree=30
num_leaves=15
num_cat=0
split_feature=2 18 23 8 26 14 24 26 11 11 9 0 11 24
split_gain=11272.4 3849.89 3328.51 3168.03 2276.29 5858.96 5252.54 6279.79 2886.71 2129.81 2012.96 1916.99 1578.73 2858.18
threshold=14.030753275372371 0.58877922785088854 2.0038761575278055 0.66459451176061413 1.0000000180025095e-35 2.1649597433891983 1.4321253711642201 -0.68301270189221952 0.14638814560161337 0.20488455615039933 0.11252992811194856 14.272900864308589 0.029782640118431104 6.8753646891352309
decision_type=2 10 10 2 2 10 10 2 2 2 2 2 2 10
left_child=3 2 -2 11 5 9 -7 -8 -6 -4 -3 -1 13 -12
right_child=1 10 4 -5 8 6 7 -9 -10 -11 12 -13 -14 -15
leaf_value=-0.00021344553614608278 -0.0041644456673337509 -0.0044994786359380638 -0.0040742977156927986 0.005966494531855898 -0.0046024140138319052 -0.0026387370224550486 -7.5722827548819243e-05 0.0042123851888518637 0.0014203324463860063 0.0016537593586712842 -2.2921045813768384e-05 0.0047874411492344572 -0.0011626271672528536 0.0079519571717614722
leaf_weight=5956930.2390954494 3354568.787902832 230170.56335449219 1035273.6600341797 4165705.0866990089 1779656.0666503906 251080.04364013672 346325.56744384766 334910.93267822266 616704.63748168945 273511.64715576172 2240913.9895019531 382438.96661376953 3065335.0799560547 326032.00689697266
leaf_count=13452 1258 56 529 16050 837 108 139 139 335 176 1072 318 1382 157
internal_value=-0.00045342 -0.00139001 -0.00210386 0.000781783 -0.00123601 -9.05292e-05 0.00293849 0.00521689 -0.00230728 -0.00224826 -0.000416836 7.79237e-05 -0.000229539 0.00068523
internal_weight=2.43596e+07 1.38545e+07 7.99203e+06 1.05051e+07 4.63746e+06 2.2411e+06 932317 681237 2.39636e+06 1.30879e+06 5.86245e+06 6.33937e+06 5.63228e+06 2.56695e+06
internal_count=36008 6188 3521 29820 2263 1091 386 278 1172 705 2667 13770 2611 1229
is_linear=0
shrinkage=0.05


Tree=31
num_leaves=15
num_cat=0
split_feature=3 18 12 0 26 18 15 17 22 2 2 15 15 3
split_gain=12049.2 3722.3 3166.13 2651.6 2352.13 3158.07 4078 5904.23 2583.11 1747.36 1642.42 1958.61 1899.5 1793.92
threshold=14.422947772680603 0.58877922785088854 10.500000000000002 14.82482845695414 1.0000000180025095e-35 0.25414202363584087 17.987304240628603 0.052252073271174058 19.62016056693923 15.321986804136829 16.995746452383802 19.11675235650759 18.000102791799385 16.399633848597894
decision_type=2 10 2 2 2 10 2 2 2 2 2 2 2 2
left_child=2 4 -1 -4 5 6 8 -8 -2 -6 11 12 -3 -13
right_child=1 10 3 -5 9 -7 7 -9 -10 -11 -12 13 -14 -15
leaf_value=0.009670708121452605 -0.0037336419418292481 -5.983786313674091e-05 0.00038882440424640498 0.0051691862466662275 -0.0027780604454477496 -0.0024714400560370935 -0.00078577737916905681 0.0034598935728241882 0.0013313005668031345 -0.0048571451487187519 -0.0057885422849281261 -0.00015793344993929979 0.0030796194388636755 -0.0032426949653845748
leaf_weight=1489457.5023378134 749824.2958984375 540653.84429931641 10409227.772684574 386920.93212890625 1312684.4981079102 1804377.6885986328 279725.32556152344 215549.82690429688 253903.75695800781 2233845.8719482422 351101.58081054688 3128520.2189331055 281762.70123291016 847683.21923828125
leaf_count=8496 317 204 22484 252 815 593 167 63 112 561 61 1509 101 216
internal_value=-0.000494591 -0.00162151 0.000606094 0.000307957 -0.00238506 -0.00142504 0.000271106 0.0039837 -0.00156082 -0.00327927 -0.000605861 -0.000364327 0.0018568 -0.000823734
internal_weight=2.42852e+07 1.19996e+07 1.22856e+07 1.07961e+07 6.84991e+06 3.30338e+06 1.499e+06 495275 1.00373e+06 3.54653e+06 5.14972e+06 4.79862e+06 822417 3.9762e+06
internal_count=35951 4719 31232 22736 2628 1252 659 230 429 1376 2091 2030 305 1725
is_linear=0
shrinkage=0.05


Tree=32
num_leaves=15
num_cat=3
split_feature=2 10 29 8 0 28 26 3 9 21 12 28 14 2
split_gain=12750.8 5381.96 3768.9 3687.82 3611.71 3349.06 2993.7 2439.63 2140.14 2016.99 1744.73 1646.08 1457.63 1528
threshold=15.321986804136829 0.061199223527969658 0 0.32007997075104716 15.554735341441647 1 -0.24999999999999997 15.804550983324974 0.27833393931657552 10.053624326332711 10.500000000000002 2 0.81286676713326445 14.877045488826939
decision_type=2 2 1 2 2 1 2 2 2 10 2 1 10 2
left_child=1 3 7 -1 9 6 -4 -2 -9 11 -5 -3 13 -13
right_child=2 4 5 10 -6 -7 -8 8 -10 -11 -12 12 -14 -15
leaf_value=-0.0022288393882922918 0.0042140347473030053 0.0025536650511623752 0.0014270406514133396 0.0074901314749585939 0.010831798955858875 -0.004038434869316437 -0.0024070450368968033 0.0010809689329485722 -0.0044673830929774878 0.00041311922479190253 -0.0002326747917999117 0.012810997289900455 0.0059865037014343904 -0.0065444887872934954
leaf_weight=3974257.9197442532 421310.01647949219 1939976.4603214264 584261.54223632812 833805.43188655376 122236.36437988281 4951256.3232421875 881994.00573730469 386156.48461914062 577532.40502929688 2735814.569549799 5628060.5885138512 479468.17863154411 568901.15876603127 53962.93310546875
leaf_count=5239 167 3973 157 4540 60 1296 252 110 182 5855 10637 1134 2062 35
internal_value=-0.000637406 0.000156771 -0.00230021 -0.000525615 0.00136373 -0.00281072 -0.000711756 6.52754e-05 -0.00132225 0.0011838 0.000211498 0.00206967 0.00361256 0.00549025
internal_weight=2.4139e+07 1.63365e+07 7.80251e+06 1.04361e+07 5.90036e+06 6.41751e+06 1.46626e+06 1.385e+06 963689 5.77812e+06 6.46187e+06 3.04231e+06 1.10233e+06 533431
internal_count=35699 33535 2164 20416 13119 1705 409 459 292 13059 15177 7204 3231 1169
cat_boundaries=0 1 2 3
cat_threshold=8 32 257
is_linear=0
shrinkage=0.05


Tree=33
num_leaves=15
num_cat=1
split_feature=9 30 10 10 6 25 17 2 0 10 0 22 17 10
split_gain=10978.4 3910.15 3978.59 3788.25 3527.29 3004.19 2072.88 1980.89 4480.88 1938.46 2498.77 5659.45 1917.97 1807.8
threshold=0.27084885979223167 0 -0.042991284989437988 0.049124915194930403 16.310251285128391 -0.5 0.0015188983925241504 15.256051248973158 15.468529255393248 -0.36819048945318128 15.391705729975646 17.257397725886797 0.017664215942517002 0.68718059951902444
decision_type=2 1 2 2 2 2 2 2 2 2 2 2 2 2
left_child=1 -1 -3 4 6 -4 -2 8 13 12 -11 -12 -8 -5
right_child=3 2 5 7 -6 -7 9 -9 -10 10 11 -13 -14 -15
leaf_value=-0.0022912651775094553 0.0057503945569404866 -0.0051967236725490402 0.0044546427332947886 0.0027976301293532917 -0.0064123464031076507 0.00071525525183097581 -0.001232857695183012 -0.00042639619156857014 0.011179703367242277 -0.00051336226116908479 -0.0023096068245912036 0.0042596354145385427 -0.0084798014591076411 0.021360582639008488
leaf_weight=7164372.7113609314 1384468.8399060965 334237.71603393555 207566.67224121094 4635222.979455471 617331.76635742188 458423.76962280273 1378714.143032074 1462172.3645019531 124938.39123535156 4514748.4405593872 301101.71313476562 284883.68054199219 1090677.8290710449 261294.66785538197
leaf_count=4373 6932 233 143 10888 131 330 2893 564 65 6688 108 106 1062 1388
internal_value=-0.00052434 -0.00201712 0.000911333 0.000234772 -0.000397328 0.00314532 -0.000145313 0.00116796 0.00163956 -0.000470643 8.60627e-05 0.00315784 -0.00162056 0.00140098
internal_weight=2.42202e+07 8.1646e+06 1.00023e+06 1.60556e+07 9.57193e+06 665990 8.95459e+06 6.48363e+06 5.02146e+06 7.57013e+06 5.10073e+06 585985 2.46939e+06 4.89652e+06
internal_count=35904 5079 706 30825 17920 473 17789 12905 12341 10857 6902 214 3955 12276
cat_boundaries=0 1
cat_threshold=5
is_linear=0
shrinkage=0.05


Tree=34
num_leaves=15
num_cat=0
split_feature=7 10 18 0 12 23 0 6 23 11 20 15 22 11
split_gain=8141.36 5553.68 3997.96 2921.22 2874.95 2251.2 3523.62 2456.59 2692.33 2058.99 2026.97 1931.97 1799.86 1737.66
threshold=14.260079074862517 0.073504500234495368 0.75304202863640612 14.19782601107992 7.5000000000000009 2.5228400253385952 16.845079520562013 16.310251285128391 -1.4313464411276098 0.10348476322433341 -0.010216366657065599 19.137211339184482 18.285855943138731 -0.16967552808856101
decision_type=2 2 10 2 2 10 2 2 8 2 8 2 2 2
left_child=3 2 -2 4 -1 7 12 8 -3 11 -5 -4 -7 -6
right_child=1 5 9 10 13 6 -8 -9 -10 -11 -12 -13 -14 -15
leaf_value=0.019206706906630438 -0.0034072801941459128 0.0065266502687807045 0.004560325952094808 -0.0012210757904064396 0.003954822567689034 -0.0013671573718326089 0.0022540411697267965 -0.0028980637030967104 -0.0011713350614675764 -0.0038559251956277493 0.0064139935271486388 1.2606048905162361e-05 0.0020819310650875738 -0.0004162498809116946
leaf_weight=343148.2616121769 6605280.0356445312 306444.20446777344 286094.46887207031 128828.79644775391 3036710.483397007 1121232.7858886719 500465.98681640625 561569.99951171875 910671.55053710938 1107799.6665039062 580500.30450439453 1210992.0933837891 612854.18823242188 7069898.814581871
leaf_count=3151 2554 163 143 118 8508 609 95 119 472 484 538 548 281 18235
internal_value=-0.000364545 -0.00120385 -0.00188025 0.000630027 0.000419258 0.000348442 0.00140498 -0.000978876 0.000283309 -0.000221404 0.00373507 0.000987828 0.00033833 0.000266441
internal_weight=2.43825e+07 1.32234e+07 9.21017e+06 1.11591e+07 1.04498e+07 4.01324e+06 2.23455e+06 1.77869e+06 1.21712e+06 2.60489e+06 709329 1.49709e+06 1.73409e+06 1.01066e+07
internal_count=36018 5468 3729 30550 29894 1739 985 754 635 1175 656 691 890 26743
is_linear=0
shrinkage=0.05


Tree=35
num_leaves=15
num_cat=0
split_feature=10 3 26 22 1 21 3 0 11 25 19 11 9 25
split_gain=8644.24 6052.78 2417.62 2776.43 3086.6 2598.33 2252.51 3077.52 2128.21 2076.81 2787.48 2027.34 1981.57 1886.8
threshold=0.057840140148659451 14.142326158632001 0.6830127018922193 18.794625418761356 16.394248834739713 10.335781717654472 16.690778174436563 16.531633219399612 -0.31463892221885714 -0.93301270189221919 -0.0053716608009118493 0.13850159114328073 0.5509852645617539 -0.24999999999999997
decision_type=2 2 2 2 2 8 2 2 2 2 2 2 2 2
left_child=1 -1 3 4 12 13 7 -3 -5 -10 11 -11 -2 -4
right_child=2 6 5 8 -6 -7 -8 -9 9 10 -12 -13 -14 -15
leaf_value=5.2615906559501286e-05 0.00057319848427645587 -0.0022975163167519605 0.0059104964646860539 0.014510252385594039 -0.0019284725200042218 -0.0037038564840097495 -0.0043186857601142763 0.0012106628404199818 0.0033609105078075637 0.0019647732191465542 -0.0012987764405076011 0.004919300962856526 0.0069805812622613364 -0.00058128363900386332
leaf_weight=6584044.6515961885 2933854.9390968084 6076824.0105285645 421732.03706336021 94758.03315103054 549032.80053710938 1335802.6514708996 2435344.1313476562 289260.45043945312 153653.56896400452 222563.13707542419 350252.61617851257 160484.2536907196 1824521.444929719 767474.287068367
leaf_count=17981 3341 3252 773 211 138 1571 464 70 106 187 429 209 5682 1478
internal_value=-0.00041155 -0.00112681 0.000836969 0.00136167 0.000909845 -0.000469919 -0.00198456 -0.00148983 0.00380435 0.00304343 0.00193592 0.00488373 0.00131943 0.00123
internal_weight=2.41996e+07 1.53855e+07 8.81413e+06 6.28912e+06 5.30741e+06 2.52501e+06 8.80143e+06 6.36608e+06 981712 886954 733300 383047 4.75838e+06 1.18921e+06
internal_count=35892 21767 14125 10303 9161 3822 3786 3322 1142 931 825 396 9023 2251
is_linear=0
shrinkage=0.05


Tree=36
num_leaves=15
num_cat=0
split_feature=2 10 25 22 16 23 17 11 0 11 23 4 20 10
split_gain=9549.91 4527.76 3180.92 4262.24 3433.55 2943.58 2839.11 2211.33 2099.41 1980.41 1893.24 1860.89 1679.94 1662.55
threshold=15.321986804136829 0.21295027063371652 -0.6830127018922193 19.442384479942255 17.298855028885153 5.8710438034225358 0.005235288708114301 -0.019332323891942896 15.191273691281006 -0.098662478290201236 4.6962050463584903 15.806872716436748 -0.076544173137655838 -0.066622226906553686
decision_type=2 2 2 2 2 10 2 2 2 2 10 2 10 2
left_child=1 6 3 12 5 7 -1 9 10 -4 -3 13 -2 -8
right_child=2 8 4 -5 -6 -7 11 -9 -10 -11 -12 -13 -14 -15
leaf_value=0.0025022890763520692 0.0010288150984786024 0.0020220609122781684 -0.003203889579933776 0.001326675186618268 -0.0041029095034140527 0.0028470592596285317 -0.0034575462611004838 -0.0036255747008661987 0.0082111199090670502 0.001394751670112146 0.0073351527300971279 0.005518435786529198 -0.0015694903744121469 -8.1610233956834753e-05
leaf_weight=4315221.5493756533 400468.48950195312 1907610.4748146534 516280.53466796875 574006.302734375 3238493.611328125 508589.06677246094 4730667.5286941528 1365355.8486328125 231195.71166992188 290836.58471679688 876566.42669034004 194208.97570800781 964218.95446777344 4283618.4293670654
leaf_count=14028 140 5098 185 112 718 168 6193 471 136 102 2724 81 279 5565
internal_value=-0.000519947 0.000161929 -0.00195508 -0.000197261 -0.00253077 -0.0012073 -0.000228712 -0.0020089 0.00191393 6.58847e-05 0.00153375 -0.000724642 -0.00171773 -0.000828971
internal_weight=2.43973e+07 1.65391e+07 7.85825e+06 1.93869e+06 5.91956e+06 2.68106e+06 1.35237e+07 2.17247e+06 3.01537e+06 807117 2.78418e+06 9.20849e+06 1.36469e+06 9.01429e+06
internal_count=36000 33825 2175 531 1644 926 25867 758 7958 287 7822 11839 419 11758
is_linear=0
shrinkage=0.05


Tree=37
num_leaves=15
num_cat=1
split_feature=10 9 0 26 22 29 4 8 14 5 0 9 10 14
split_gain=6925.54 5170.81 4384.57 3745.25 6297.9 3439.44 3411.53 3377.78 2935.33 2437.57 2372.53 2311.8 2255.91 1988.06
threshold=0.049124915194930403 0.3306820070916458 16.99330550331128 0.6830127018922193 18.794625418761356 0 16.160271952234268 0.39252713231068909 1.5342516483535913 15.662058436694817 15.391705729975646 0.98917281280080072 -0.042991284989437988 0.71134844808159436
decision_type=2 2 2 2 2 1 2 2 10 2 2 2 2 10
left_child=1 5 9 4 7 -1 13 -2 -5 10 11 -3 -7 -6
right_child=3 2 -4 8 6 12 -8 -9 -10 -11 -12 -13 -14 -15
leaf_value=0.0015045031119226419 -0.00031209853926785901 -0.0016954962316738491 0.00041530869622761698 0.00091626333563169437 0.01904668000459709 -0.004893325726610491 0.0026405416787025943 0.004786994436888431 -0.0044018911327536204 -0.0051304990496768652 0.0049636989003293995 0.0046557940341358179 -0.0011659004914561779 0.001175779492256531
leaf_weight=614144.01361083984 3137143.0143947601 5036787.0250667334 73673.06298828125 1339602.1576650143 65723.035916447639 3618892.5666847229 488136.3984375 2475917.8197841644 1269116.4353733063 617371.51123046875 223149.51904296875 2135440.0184280872 2645184.9048175812 478403.52856135368
leaf_count=526 3086 7399 13 1899 140 2513 91 6491 2029 171 92 8701 1785 923
internal_value=-0.000324287 -0.000989184 -0.000131996 0.000750913 0.00138114 -0.00199694 0.00497048 0.000721051 -0.000854509 -0.000243636 8.33548e-06 -0.000149632 -0.00234703 0.00224797
internal_weight=2.42187e+07 1.49646e+07 8.08642e+06 9.25404e+06 6.64532e+06 6.87822e+06 1.03226e+06 5.61306e+06 2.60872e+06 8.01275e+06 7.39538e+06 7.17223e+06 6.26408e+06 544127
internal_count=35859 21200 16376 14659 10731 4824 1154 9577 3928 16363 16192 16100 4298 1063
cat_boundaries=0 1
cat_threshold=40
is_linear=0
shrinkage=0.05


Tree=38
num_leaves=15
num_cat=0
split_feature=2 18 26 10 10 3 19 11 10 23 1 0 7 0
split_gain=6515.83 3246.91 3903.91 3723.9 2343.23 2101.63 2172.45 1832.82 1893.85 1761.2 2678 1602.43 2783.33 2244.92
threshold=13.930144450595252 0.58877922785088854 0.6830127018922193 0.12426973711345822 0.36483637938546121 17.441669403438507 -0.043346914351681191 -0.16967552808856101 -0.066622226906553686 1.7678978680882202 17.151381608784849 16.99330550331128 16.802510489396727 16.395026300101303
decision_type=2 10 2 2 2 2 2 2 2 10 2 2 2 2
left_child=4 2 3 5 7 6 -2 8 -1 -8 -11 12 13 -3
right_child=1 11 -4 -5 -6 -7 9 -9 -10 10 -12 -13 -14 -15
leaf_value=0.0009113145664814712 0.0012051520391449383 -0.00064865219950675616 -0.0063255244229041656 0.0015058131260125226 0.0088876351703940336 -0.0043372282362831392 -0.002319202202198012 -0.00044253953779233328 0.0075759062018514447 -0.0014531810472182276 0.00060548996469474094 0.00115791529105962 -0.0057065644192969989 0.0010512432150318804
leaf_weight=1746362.8328176737 259251.2841796875 4551792.995300293 2137590.2774963379 1100609.4057617188 981527.88138365746 441679.80859375 1627022.3016357422 6272434.2749609947 1059490.3969931602 2448237.1299438477 218141.001953125 359911.75122070312 405367.94921875 716462.23803710938
leaf_count=5286 125 2476 996 616 4181 65 638 16615 3224 1252 37 64 87 194
internal_value=-0.00043873 -0.0011259 -0.00177166 -0.00112685 0.000535761 -0.00170703 -0.00138756 0.000284843 0.00134706 -0.00165595 -0.000864895 -0.000244781 -0.000450012 -0.000142817
internal_weight=2.43259e+07 1.42661e+07 8.23253e+06 6.09494e+06 1.00598e+07 4.99433e+06 4.55265e+06 9.07829e+06 2.80585e+06 4.2934e+06 2.66638e+06 6.03353e+06 5.67362e+06 5.26826e+06
internal_count=35856 6550 3729 2733 29306 2117 2052 25125 8510 1927 1289 2821 2757 2670
is_linear=0
shrinkage=0.05


Tree=39
num_leaves=15
num_cat=1
split_feature=7 25 22 10 17 0 28 10 10 21 0 14 9 6
split_gain=6285.2 4164.14 4431.78 3627.39 2392.22 2520.58 2031.76 2095.32 1986.64 1558.42 2125.7 1545.51 1936.98 1351
threshold=16.200060939344187 -0.6830127018922193 19.442384479942255 0.36483637938546121 0.0028679770200472506 13.785363752752064 0 1.0000000180025095e-35 -0.066622226906553686 9.5685267080585223 15.801121753769563 1.5745832427368971 0.4634684841817317 16.096070044609853
decision_type=2 2 2 2 2 2 1 2 2 10 2 10 2 2
left_child=3 2 -2 4 5 -1 7 -3 13 10 -10 12 -5 -6
right_child=1 6 -4 11 8 -7 -8 -9 9 -11 -12 -13 -14 -15
leaf_value=0.0027500437823949394 -0.0013197556598846048 -0.0045652430235804441 0.0012779282062136224 0.013809162816455549 -0.0026253844827616732 0.020667696651038247 -0.0050024663018134203 -0.000633379960622511 0.00064795836581028367 -0.00057216286578236776 0.010436954913334994 0.0003338369047418948 0.0069750141739856625 0.0015045874495859231
leaf_weight=3315345.0033435822 737302.50073242188 1450689.3552246094 526712.28637695312 135022.70431518555 6374849.5339050293 53456.373901367188 1173561.5170898438 1394220.9553222656 2648039.2700958252 4818853.4721832275 232705.55065917969 496522.59166359901 946229.86440837383 99654.4140625
leaf_count=13006 179 315 96 147 8072 70 249 299 3286 5552 88 2103 2340 31
internal_value=-0.000402519 -0.00192917 0.000573873 1.92498e-05 -0.000187282 0.00101037 -0.0027165 -0.00199438 -0.000471931 7.08824e-05 0.000990903 0.00231563 0.00337608 -0.00111745
internal_weight=2.44032e+07 5.28249e+06 1.26401e+06 1.91207e+07 1.75429e+07 3.3688e+06 4.01847e+06 2.84491e+06 1.41741e+07 7.6996e+06 2.88074e+06 1.57778e+06 1.08125e+06 6.4745e+06
internal_count=35833 1138 275 34695 30105 13076 863 614 17029 8926 3374 4590 2487 8103
cat_boundaries=0 1
cat_threshold=288
is_linear=0
shrinkage=0.05


Tree=40
num_leaves=15
num_cat=0
split_feature=3 10 26 22 17 0 11 7 2 10 0 22 20 9
split_gain=6483.77 3605.99 4174.3 4574.85 2958.12 2943.36 2274.82 1850.23 1806.46 2548.44 2368.27 1815.37 1628.81 1416.24
threshold=16.399633848597894 -0.03324017305912539 0.6830127018922193 19.577528614108676 0.0055895254713731512 16.272741767951768 -0.016257289874851599 10.948638528039796 15.321986804136829 -0.059358409974969044 15.191273691281006 16.121616644775823 -0.0029727261840753493 0.35889486925059022
decision_type=2 2 2 2 2 2 2 2 2 2 2 2 10 2
left_child=4 -2 3 12 7 8 -7 -1 9 10 13 -10 -3 -6
right_child=1 2 -4 -5 5 6 -8 -9 11 -11 -12 -13 -14 -15
leaf_value=0.010835477380449838 -0.0057190096295272521 -0.0021769775039761291 -0.0046601170583791358 0.0020370068305270318 -0.003864851247877599 0.0048878417840486077 0.00049912774230691996 0.0016446783618653963 0.0017960297904168754 0.00052158428502870763 0.003224554274022537 -0.0028215073934929375 -2.39048674428136e-05 -0.0023247106558825933
leaf_weight=1068266.5161966085 1771923.9716796875 496690.2470703125 825985.3076171875 658401.6572265625 1723980.8641815186 355806.28173828125 479906.9189453125 4899605.9876861572 406360.64367675781 5498228.9526367188 318117.466796875 2305300.0792236328 535624.74877929688 2832747.0558395386
leaf_count=10728 370 114 166 114 1972 103 141 9150 162 7553 141 907 113 4088
internal_value=-0.000406428 -0.00216972 -0.000953166 0.000470134 -2.62005e-05 -0.000425466 0.00245139 0.000905112 -0.000609209 -0.000308833 -0.00114114 -0.00175826 -0.00160699 -0.00143233
internal_weight=2.41769e+07 4.28863e+06 2.5167e+06 1.69072e+06 1.98883e+07 1.39204e+07 835713 5.96787e+06 1.30847e+07 1.03731e+07 4.87485e+06 2.71166e+06 1.03231e+06 4.55673e+06
internal_count=35822 877 507 341 34945 15067 244 19878 14823 13754 6201 1069 227 6060
is_linear=0
shrinkage=0.05


Tree=41
num_leaves=15
num_cat=1
split_feature=9 0 9 10 26 29 10 26 25 8 20 7 20 14
split_gain=7423.85 5176.56 2938.05 3780.44 2918.31 3181.22 2753.37 2316.69 2805.6 2575.96 2771.86 2054.29 1767.4 1733.24
threshold=0.3306820070916458 16.99330550331128 1.155922543266483 -0.38743022489779827 0.6830127018922193 0 -0.11480315899142374 -0.68301270189221952 0.93301270189221952 0.096436427034499561 0.043222848791774453 17.112074389479542 -0.026907504812762946 2.3613364729033721
decision_type=2 2 2 2 2 1 2 2 2 2 10 2 8 10
left_child=4 2 3 -2 6 -6 -1 -8 9 -9 11 12 -11 -14
right_child=1 -3 -4 -5 5 -7 7 8 -10 10 -12 -13 13 -15
leaf_value=-0.0042807962455366317 -0.0067771149592810017 0.00073007679873929776 0.0054164424477328747 0.00050881881255250311 0.00070190413221987811 -0.0046074520447583331 -0.00170132952554792 -0.0010320657904905359 -0.0043689146805685987 -0.0014135526263096198 -0.0030409295300844268 0.0015614302151825861 0.0020445257206654671 -0.0018001506092164511
leaf_weight=1879318.8225078583 1868029.0262354612 122473.49267578125 3314938.007755518 8143031.2873629332 238819.46046447754 2582563.8393192291 2032801.873790741 527750.69897842407 659974.58768844604 296681.81439208984 242262.40493774414 275452.423828125 1679797.5386657715 264786.04063987732
leaf_count=1275 2431 24 14413 11408 176 1732 1442 270 511 206 145 44 1182 446
internal_value=-0.000446331 0.000335245 0.000241202 -0.000186014 -0.00143049 -0.0028099 -0.000935268 -0.000410592 0.000295727 0.000893102 0.00150531 0.00199702 0.00149622 0.00204465
internal_weight=2.41287e+07 1.34485e+07 1.3326e+07 1.00111e+07 1.06802e+07 2.82138e+06 7.85883e+06 5.97951e+06 3.94671e+06 3.28673e+06 2.75898e+06 2.51672e+06 2.24127e+06 1.94458e+06
internal_count=35705 28276 28252 13839 7429 1908 5521 4246 2804 2293 2023 1878 1834 1628
cat_boundaries=0 1
cat_threshold=8
is_linear=0
shrinkage=0.05


Tree=42
num_leaves=15
num_cat=0
split_feature=3 10 10 9 26 9 10 9 0 10 8 9 20 27
split_gain=6717.7 3797.37 3201.84 2822.41 4013.72 2460.17 1816.6 2370.92 2818.14 1538.19 1479.55 1764.3 1396.83 1259.95
threshold=16.399633848597894 -0.11092257871642089 0.26245826620048884 0.20211980799428561 0.25000000000000017 0.98917281280080072 -0.056438637102747387 0.23204774798088268 15.554735341441647 0.95361226560188606 0.13258276074683381 0.11252992811194856 -0.041253933737891844 1.5000000000000002
decision_type=2 2 2 2 2 2 2 2 2 2 2 2 10 2
left_child=2 -2 5 10 -5 6 7 -1 -9 -4 11 -3 -8 -14
right_child=1 3 9 4 -6 -7 12 8 -10 -11 -12 -13 13 -15
leaf_value=-0.0042026815871315923 -0.0062380662208333763 -0.0032577679540182086 0.0034947022685544284 0.0014126786366010168 -0.0027490023031859529 0.0040423359349954519 0.0009378156505462532 -0.0021324589091596576 0.0032091497194166132 0.034373443111239396 -0.0029144791462844427 -2.6373066510522512e-06 -0.0054094872129572657 -0.00032950996801597241
leaf_weight=1117083.3533630371 1105102.201171875 670802.01635742188 2716642.0463531017 460033.8125 590296.10888671875 2730388.6642634869 3068809.8930797577 5284868.928750515 409951.59008789062 68403.103310585022 697814.4189453125 832000.54614257812 354068.53546524048 4118753.9407920837
leaf_count=954 236 129 6235 102 128 11023 3933 7154 137 557 142 160 417 4550
internal_value=-0.000336864 -0.0021151 5.29947e-05 -0.00125438 0.000878095 -0.000203279 -0.000464972 -0.00105683 -0.000643691 0.00162502 -0.00227219 -0.00138874 6.96194e-05 -0.000494022
internal_weight=2.4225e+07 4.35605e+06 1.9869e+07 3.25095e+06 1.05033e+06 1.70839e+07 1.43535e+07 6.8119e+06 5.69482e+06 2.78505e+06 2.20062e+06 1.5028e+06 7.54163e+06 4.47282e+06
internal_count=35857 897 34960 661 230 28168 17145 8245 7291 6792 431 289 8900 4967
is_linear=0
shrinkage=0.05


Tree=43
num_leaves=15
num_cat=2
split_feature=7 26 16 10 22 28 0 26 7 1 29 0 12 17
split_gain=5565.24 3218.28 3810.96 3637.18 4614.85 4168.65 3371.14 2682.57 2622.18 2531.11 3606.01 2327.06 2186.22 1873.2
threshold=14.220852105019436 0.6830127018922193 16.453140466248708 -0.087310317250094138 19.442384479942255 0 15.669470324654373 0.25000000000000017 16.802510489396727 16.14983443092261 1 14.19782601107992 6.5000000000000009 0.057972707573978856
decision_type=2 2 2 2 2 1 2 2 2 2 1 2 2 2
left_child=11 3 6 8 7 -6 -3 9 -2 10 -5 12 -1 -9
right_child=1 2 -4 4 5 -7 -8 13 -10 -11 -12 -13 -14 -15
leaf_value=0.025006636074810198 -0.0021189920684177 -0.0020543069965908152 -0.006328558565199819 0.0038240066318415014 0.0024555738469564255 0.00014220304935065597 0.0030386956117440583 -0.00028525331019472029 -0.005227600038254775 -0.0022005422214334733 -0.0007334351094278439 0.0051140837042329777 0.00036584202574371978 0.0018526255429804858
leaf_weight=184152.07786607742 2996257.7579345703 1208930.00390625 1893207.3131103516 187189.98193359375 391117.58972167969 871440.177734375 240467.81762695312 636683.55090332031 698470.38671875 1515282.0405273438 2290583.0321044922 586496.92572021484 10118781.900926828 442666.10144042969
leaf_count=2001 1499 715 614 93 97 292 84 342 125 374 1274 554 27622 135
internal_value=-0.00040877 -0.00109213 -0.00243576 -0.000644338 8.28182e-05 0.00278776 -0.00050624 -0.000590461 -0.00189112 -0.00118828 -0.000203837 0.000430402 0.000256012 0.00162116
internal_weight=2.42617e+07 1.33723e+07 3.34261e+06 1.00297e+07 6.33496e+06 1.26256e+06 1.4494e+06 5.0724e+06 3.69473e+06 3.99306e+06 2.47777e+06 1.08894e+07 1.03029e+07 1.07935e+06
internal_count=35821 5644 1413 4231 2607 389 799 2218 1624 1741 1367 30177 29623 477
cat_boundaries=0 1 2
cat_threshold=32 80
is_linear=0
shrinkage=0.05


Tree=44
num_leaves=15
num_cat=1
split_feature=9 2 25 28 0 0 18 0 24 19 9 22 7 22
split_gain=6231.36 3105.7 2687.84 3646.71 3313.99 2196.14 2124.16 2913.41 1923.4 6249.94 1746.64 1704.96 2489.37 1570.86
threshold=0.21184317304381686 13.182841317882938 -0.5 0 16.531633219399612 13.59807859006866 0.12263520552973337 14.616743586458327 0.25198477155947857 -0.0088679598446286482 0.11252992811194856 18.212358984098621 13.47618742610733 19.623793835603895
decision_type=2 2 2 1 2 2 10 2 8 2 2 2 2 2
left_child=8 5 4 -4 6 -2 7 -3 9 -1 -10 12 -7 -12
right_child=1 2 3 -5 -6 11 -8 -9 10 -11 13 -13 -14 -15
leaf_value=0.0029674914118291451 0.0019043065925601903 -9.5088181523204903e-06 -0.0055817485301459004 -0.0010105804009846841 0.0012565699344800471 0.013871782902196379 -0.000424939336014859 0.0057550250508998178 -0.002739592634162276 -0.0025951565415406543 -0.0020877986535593192 0.015109002630023426 -0.0018453297224058512 0.0020016662028812817
leaf_weight=318317.95420837402 6576148.5647370815 447891.40502929688 926898.83386230469 7122901.9343566895 451388.548828125 144988.65838623047 2679659.5843505859 256091.78271484375 779683.37777709961 469329.19049072266 3685488.7317695618 102882.15075683594 154725.55487060547 173204.89752197266
leaf_count=139 24625 489 529 4748 96 210 1880 147 401 210 2136 121 150 83
internal_value=-0.000426348 3.16888e-06 -0.000488451 -0.00100745 0.000600939 0.0008404 6.41004e-05 0.00250826 -0.00191956 0.000364882 -0.00230749 0.00442518 0.0025188 -0.00187134
internal_weight=2.42896e+07 1.88636e+07 1.18848e+07 8.0498e+06 3.83503e+06 6.97874e+06 3.38364e+06 703983 5.42602e+06 787647 4.63838e+06 402596 299714 3.85869e+06
internal_count=35964 32995 7889 5277 2612 25106 2516 636 2969 349 2620 481 360 2219
cat_boundaries=0 1
cat_threshold=512
is_linear=0
shrinkage=0.05


Tree=45
num_leaves=15
num_cat=2
split_feature=10 9 17 28 10 26 22 29 19 10 25 25 9 25
split_gain=5088.84 4721.49 4154.25 2677.5 2752.81 2797.28 2552.22 2455.49 2379.6 2060.36 2103.96 2935.26 3506.99 1578.09
threshold=0.21295027063371652 0.22056940262137284 0.041737351420350559 0 -0.3190146523152117 0.6830127018922193 18.66055157771083 1 0.0035602670693549504 -0.11480315899142374 0.68301270189221941 0.93301270189221952 0.13823427102772126 -0.6830127018922193
decision_type=2 2 2 1 2 2 2 1 2 2 2 2 2 2
left_child=2 -2 -1 4 -4 6 -6 -3 -8 -5 13 12 -12 -11
right_child=1 7 3 9 5 -7 8 -9 -10 10 11 -13 -14 -15
leaf_value=-0.00011407759883003779 0.00357795029973729 0.0046645200827409522 -0.0086974737040119224 -0.0034380301820471277 -0.00027513761301851134 -0.0063481516448189237 0.0032947927522037563 -0.00070589312456179759 0.00022601479976253275 -0.00018836528804039776 0.0011419405878476301 -0.0046214745847508159 -0.00013204435377149953 -0.0026875722344335182
leaf_weight=11584234.683189511 75078.595031738281 2007410.8670095205 503707.77087402344 1820552.54296875 686033.56118774414 444674.79376220703 370080.11102294922 1763050.0289406776 272824.09613037109 1174267.6198425293 256535.09631347656 373079.26586914062 470951.79110717773 2400881.5595703125
leaf_count=23484 45 4634 311 992 453 221 135 3607 96 456 68 159 240 969
internal_value=-0.000376212 0.00129191 -0.000691316 -0.00151204 -3.67806e-05 0.000889635 0.00203826 0.00104469 0.00430173 -0.0020292 -0.00147357 0.00043806 0.00228722 -0.00206204
internal_weight=2.42034e+07 3.84554e+06 2.03578e+07 8.77359e+06 2.27732e+06 1.77361e+06 1.32894e+06 3.77046e+06 642904 6.49627e+06 4.67572e+06 1.10057e+06 727487 3.57515e+06
internal_count=35870 8286 27584 4100 1216 905 684 8241 231 2884 1892 467 308 1425
cat_boundaries=0 1 2
cat_threshold=164 41
is_linear=0
shrinkage=0.05


Tree=46
num_leaves=15
num_cat=1
split_feature=3 23 4 26 15 25 19 5 26 29 24 2 5 19
split_gain=5038.21 2962.39 5094.62 2317.8 2398.02 2176.67 2889.36 2587.61 1922.35 2473.25 2301.02 2192.13 3523.91 1903.13
threshold=14.422947772680603 6.7582366309950865 16.045152042135335 0.6830127018922193 18.469007873877761 0.93301270189221952 0.0039419723110017506 17.126432758044093 -0.24999999999999997 0 1.4321253711642201 15.92068809672695 15.225370992279283 0.040781185357162006
decision_type=2 10 2 2 2 2 2 2 2 1 8 2 2 2
left_child=-1 3 -3 5 -5 6 7 8 9 -2 -10 12 -12 -8
right_child=1 2 -4 4 -6 -7 13 -9 10 -11 11 -13 -14 -15
leaf_value=0.00078349257830415261 -0.0019712356526109648 -0.0015671561295841304 0.0020064040407480007 -0.0069354131616473289 -0.0024059072142404467 -0.005954186123568051 -0.0028999989725518125 0.00078819376899423805 0.0025085378223235083 0.00095652376042741768 -0.0023399553872237781 -0.0017366324615852862 0.0036303741699424373 -0.00030821849484359586
leaf_weight=12241622.481720328 1391365.0387573242 643672.87750244141 291236.01171875 1289488.1004638672 1524351.7133178711 1057735.2802124023 1805650.0364990234 566317.4345703125 571832.31713867188 469570.30603027344 386589.4580078125 397624.76000976562 213164.9013671875 1407577.5672607422
leaf_count=31143 608 336 75 515 575 423 706 92 234 190 239 108 89 534
internal_value=-0.00034537 -0.00107268 0.00163014 -0.00130071 -0.00254022 -0.000878843 -0.000568093 0.000329429 -0.000187529 -0.00127447 0.00110148 -0.000348276 0.00156036 -0.00168439
internal_weight=2.42578e+07 1.20162e+07 934909 1.10813e+07 2.81384e+06 8.26743e+06 7.20969e+06 3.99646e+06 3.43015e+06 1.86094e+06 1.56921e+06 997379 599754 3.21323e+06
internal_count=35867 4724 411 4313 1090 3223 2800 1560 1468 798 670 436 328 1240
cat_boundaries=0 1
cat_threshold=11
is_linear=0
shrinkage=0.05


Tree=47
num_leaves=15
num_cat=2
split_feature=10 17 14 16 28 4 9 9 6 29 2 26 24 10
split_gain=3928.42 3306.73 2422.94 3823.22 2837.31 4547.62 2394.1 2864.02 2045.9 2300.49 2254.91 1727.3 2206.31 1751.79
threshold=0.057840140148659451 0.041737351420350559 2.2524333299768373 18.52807987505204 0 16.160271952234268 0.4563926739562531 0.4634684841817317 16.422516562593881 1 15.256051248973158 0.6830127018922193 6.8375649050227407 -0.3190146523152117
decision_type=2 2 10 2 1 2 2 2 2 1 2 2 10 2
left_child=1 -1 3 4 5 -2 -4 -8 9 -6 -11 12 13 -3
right_child=2 11 6 -5 8 -7 7 -9 -10 10 -12 -13 -14 -15
leaf_value=-0.00016992136506129319 0.004930527466770307 -0.010013160540391981 -0.00096737085808146781 0.0024670924848421627 0.0030494259118724809 0.0043031202177155189 0.0024888504073016858 0.0024734527253343968 -0.0022023856547179212 0.0011627777651171841 -0.0024096590863903933 -0.0038691105713386841 0.0012894388643206658 -0.0012173785275702131
leaf_weight=8877755.0701446533 1094009.4980101585 728711.51022338867 1378890.7272472382 206409.40728759766 1188441.3188848495 97207.76611328125 22362.945302963257 624521.66532659531 562337.77465820312 3194083.1798871756 593540.13537597656 1511006.0997009277 334132.33517456055 4041699.4675598145
leaf_count=18639 2238 465 1429 62 1043 22 33 3016 120 5974 269 767 161 1746
internal_value=-0.000310758 -0.000792727 0.000522479 0.000966787 0.000761198 0.00297492 -0.00099878 0.00151078 0.000285058 0.000608113 5.90614e-06 -0.00163891 -0.00119935 -0.00147446
internal_weight=2.44551e+07 1.54933e+07 8.9618e+06 6.93603e+06 6.72962e+06 1.19122e+06 2.02578e+06 646885 5.5384e+06 4.97606e+06 3.78762e+06 6.61555e+06 5.10454e+06 4.77041e+06
internal_count=35984 21778 14206 9728 9666 2260 4478 3049 7406 7286 6243 3139 2372 2211
cat_boundaries=0 1 2
cat_threshold=166 24
is_linear=0
shrinkage=0.05


Tree=48
num_leaves=15
num_cat=1
split_feature=7 0 25 25 25 9 24 11 21 28 14 17 0 18
split_gain=3702.96 2589.53 2566.62 3205.41 3558.76 3121.53 3102.27 3535.24 2484.87 2475.05 3515.69 2770.97 3937.67 2280.73
threshold=13.982303625925214 14.1660187938525 -0.24999999999999997 0.68301270189221941 0.93301270189221952 0.13823427102772126 6.1322219302358052 0.06068071358968026 10.692248232029115 0 2.2731382269426832 0.03159716680096946 15.025324965703875 0.8763965256532259
decision_type=2 2 2 2 2 2 10 2 8 1 10 2 2 10
left_child=1 -1 6 13 5 -5 8 -8 -2 10 -7 12 -11 -4
right_child=2 -3 3 4 -6 9 7 -9 -10 11 -12 -13 -14 -15
leaf_value=0.0008955524054860888 -0.0011354102536315748 0.0082469050307648305 -0.0031671291836269234 0.0013030359742516675 -0.0046203788262008738 0.0044878547442493621 0.0059937859057475522 -7.1294377838086975e-05 0.00041810579285011114 -0.0011797904622972309 -0.001552523091013974 -0.0025712105572243426 0.0083942762653285759 -0.00051182093557954663
leaf_weight=9713193.6123365164 3353582.9624023438 293964.84085083008 3591064.4978027344 269747.01953125 1246584.1296386719 341114.9794921875 237614.61083984375 347401.09887695312 1833855.9440917969 533047.02294921875 281901.56567382812 757684.71533203125 211095.37548828125 1215045.9832763672
leaf_count=29249 1585 312 1561 74 564 178 112 168 747 378 115 235 102 614
internal_value=-0.000251509 0.000485353 -0.000770077 -0.00132538 -0.000206377 0.000921453 4.25357e-05 0.00349415 -0.000346722 0.000278242 0.00292768 -0.000820864 0.0013463 -0.00217314
internal_weight=2.42269e+07 1.00072e+07 1.42197e+07 8.44729e+06 3.64117e+06 2.39459e+06 5.77245e+06 585016 5.18744e+06 2.12484e+06 623017 1.50183e+06 744142 4.80611e+06
internal_count=35994 29561 6433 3821 1646 1082 2612 280 2332 1008 293 715 480 2175
cat_boundaries=0 1
cat_threshold=100
is_linear=0
shrinkage=0.05


Tree=49
num_leaves=15
num_cat=0
split_feature=2 25 14 17 23 0 15 11 10 8 2 10 26 10
split_gain=4662.67 3897.65 3532.91 3345.28 2682.5 2355.14 2007.7 2106.39 1988.15 1853.53 1792.63 1651.36 1580.63 1723.51
threshold=13.930144450595252 -0.6830127018922193 2.0544189875129395 0.31457028705829077 1.7678978680882202 13.75625155393851 17.068622668571368 0.27241762004089592 0.95361226560188606 0.33359273791579397 13.182841317882938 -0.21306471571229038 0.93301270189221952 -0.056438637102747387
decision_type=2 2 10 2 10 2 2 2 2 2 2 2 2 2
left_child=5 2 -2 6 -4 8 7 9 10 -3 -1 -7 13 -8
right_child=1 3 4 -5 -6 11 12 -9 -10 -11 -12 -13 -14 -15
leaf_value=0.0013976181780123564 -0.00046420478281512291 -0.002307369074103355 -0.00050238219173159913 -0.0040184438394854057 0.0022507551440657165 -0.0013867342625628238 -0.003316377069225664 0.0075808707404064566 0.032218686951386966 0.0038012834671128344 -0.0033632967235424751 0.0062290345592503921 -0.0063569050488375013 -0.00038628121636754523
leaf_weight=6999215.0354149342 2413972.2405395508 361711.05383300781 350790.17077636719 1750042.580871582 754634.7216796875 350386.18389892578 2872163.7044067383 162471.42807006836 57169.74591088295 173754.29162597656 1712227.950958252 967416.78649902344 929696.89080810547 4401382.3909301758
leaf_count=25411 1173 222 144 492 310 277 1315 115 542 118 2122 1013 462 2172
internal_value=-0.000343781 -0.000928628 0.00051396 -0.00140529 0.00285497 0.000477882 -0.00101239 0.00156204 0.000181693 4.89843e-05 0.000120702 0.00244872 -0.00123142 -0.000983284
internal_weight=2.4257e+07 1.41706e+07 3.5194e+06 1.06512e+07 1.10542e+06 1.00864e+07 8.90118e+06 697937 8.76861e+06 535465 8.71144e+06 1.3178e+06 8.20324e+06 7.27355e+06
internal_count=35888 6523 1627 4896 454 29365 4404 455 28075 340 27533 1290 3949 3487
is_linear=0
shrinkage=0.05


Tree=50
num_leaves=15
num_cat=0
split_feature=16 25 0 7 7 0 8 10 16 10 9 26 12 7
split_gain=4158.02 5622.47 5176.11 2765.65 2712.47 4381.32 2518.18 1920.19 1830.05 1588.08 1542.53 1454.39 1449.04 1401.68
threshold=17.349108351734937 -0.6830127018922193 16.99330550331128 14.730856392635776 16.802510489396727 16.531633219399612 0.83384651316267966 -0.38743022489779827 18.369372682749788 -0.069757182762370543 0.20211980799428561 0.93301270189221952 6.5000000000000009 16.392307788785264
decision_type=2 2 2 2 2 2 2 2 2 2 2 2 2 2
left_child=2 8 4 -3 5 6 7 -1 -2 -5 -10 13 -8 -9
right_child=1 3 -4 9 -6 -7 12 11 10 -11 -12 -13 -14 -15
leaf_value=-0.0066598261028605991 -0.0010569064484075197 0.0011464482262936863 0.0015314078024491948 -0.0044746846937820375 -0.0042182020007621324 0.0017719381770528446 0.025218714221617103 9.3452066881191177e-05 0.00011694691730136796 -0.0020483860853456773 0.00074313901977557297 -0.0036942717776404775 0.0032371312342945632 -0.01020031096617159
leaf_weight=1560907.6708500385 463455.84719848633 616802.72404289246 98405.387451171875 1260594.099609375 347093.51416015625 516271.85668945312 164726.14680290222 11743923.377924085 415461.27505493164 1943341.4720458984 387326.94638061523 1092933.2846121788 3298610.3124320507 205106.435546875
leaf_count=2288 209 807 22 292 75 136 1657 15620 118 478 175 1485 12369 53
internal_value=-0.000249416 -0.00151922 9.00556e-05 -0.00247617 3.0597e-05 0.000112397 -1.73885e-05 -0.000304869 0.00136826 -0.0030664 0.00281252 -0.000106515 0.00119475 5.31719e-05
internal_weight=2.4115e+07 5.08698e+06 1.9028e+07 3.82074e+06 1.89296e+07 1.85825e+07 1.80662e+07 1.46029e+07 1.26624e+06 3.20394e+06 802788 1.3042e+07 3.46334e+06 1.1949e+07
internal_count=35784 2079 33705 1577 33683 33608 33472 19446 502 770 293 17158 14026 15673
is_linear=0
shrinkage=0.05


Tree=51
num_leaves=15
num_cat=0
split_feature=10 22 26 11 4 7 7 0 23 0 14 9 21 4
split_gain=3658.19 3696.59 4186.3 6115.74 4616.1 2708 2525.39 2298.75 2083.78 1918.59 1700.43 1509.39 1533.97 2068.54
threshold=0.049124915194930403 19.577528614108676 0.25000000000000017 0.15004965996972161 16.546269291430637 16.802510489396727 16.392307788785264 16.395026300101303 4.9560695645587414 16.684382928863482 2.1509423267881118 0.98917281280080072 11.037231308731972 16.278214614679609
decision_type=2 2 2 2 2 2 2 2 10 2 10 2 8 2
left_child=5 6 4 -4 10 9 7 8 -2 11 -3 12 -1 -14
right_child=1 2 3 -5 -6 -7 -8 -9 -10 -11 -12 -13 13 -15
leaf_value=-0.0010711879875102655 -0.00021660691920865011 0.0061867825314046859 -0.0031653423458494474 0.0033721189078934587 0.0021817094783090456 -0.0026884114983847704 -0.002282817098009142 0.0027075617696916536 0.0039311591989848824 0.00061932854249237149 -0.0059138670474801888 0.0027717516490858708 0.00043780173661906282 0.0028816049901872727
leaf_weight=9747248.7225254774 5377423.5497291088 207256.16135406494 470722.46756362915 236616.1492767334 326235.18090820312 1978282.5004882812 568957.90478515625 294915.43774414062 1462783.9419184923 145223.56494140625 119889.13987731934 2171714.5858949423 786312.45515441895 130186.41918945312
leaf_count=11136 9781 231 244 147 59 359 123 90 3656 34 150 8822 889 32
internal_value=-0.000141194 0.000651407 0.00305393 0.000388483 0.0059395 -0.000621492 0.000227065 0.000482696 0.000296346 -0.000358866 0.00174269 -0.000423524 -0.000668212 0.00128747
internal_weight=2.40238e+07 9.0648e+06 1.36072e+06 707339 653380 1.4959e+07 7.70408e+06 7.13512e+06 6.84021e+06 1.29807e+07 327145 1.28355e+07 1.06637e+07 916499
internal_count=35753 14481 831 391 440 21272 13650 13527 13437 20913 381 20879 12057 921
is_linear=0
shrinkage=0.05


Tree=52
num_leaves=15
num_cat=1
split_feature=8 19 19 0 27 28 0 23 4 11 1 7 19 0
split_gain=3910.81 2058.31 4078.96 3318.86 3496.64 3250.38 3418.76 2569.59 4535.86 2188.92 3972.21 2133.58 1699.78 3292.59
threshold=0.66459451176061413 -0.0093007948730438484 -0.020948958783492597 17.419860989426706 10.500000000000002 0 15.253807996189915 6.9837319657132264 15.932866114108959 -0.31463892221885714 16.271507969604979 16.802510489396727 0.040781185357162006 16.395026300101303
decision_type=2 2 2 2 2 1 2 10 2 2 2 2 2 2
left_child=1 2 7 4 5 6 -4 -1 -9 10 -3 12 -11 -14
right_child=-2 9 3 -5 -6 -7 -8 8 -10 11 -12 -13 13 -15
leaf_value=-0.0017138268275823727 0.0032256872758980627 0.00012994771152971776 0.0021705942532121735 0.0017307172735309359 -0.0029385940387333304 0.00019581120313814416 0.003465231330455629 0.00069571199776745926 0.0090314788799213518 -0.0018661181697153099 0.012692943764253468 -0.0025149177711201631 -0.00030192697955080207 0.002760988699497203
leaf_weight=4713469.0940631628 4634454.5691370964 1098391.7809303999 633401.0996837616 139494.65087890625 737753.76259803772 1431700.2792510986 466111.10168457031 321077.39850378036 78270.265869140625 6354817.779779911 69166.632568359375 1803469.6953125 1699632.0136327744 155040.37060546875
leaf_count=4514 16352 1664 881 21 784 1659 140 511 22 6953 15 326 1979 40
internal_value=-0.000309677 -0.000617091 -3.16923e-05 0.00130812 0.000985819 0.00186866 0.0039132 -0.000924877 0.00292606 -0.00106325 0.000985528 -0.00130215 -0.000960063 0.000371698
internal_weight=2.43363e+07 1.97018e+07 8.52128e+06 3.40846e+06 3.26897e+06 2.53121e+06 1.09951e+06 5.11282e+06 399348 1.11805e+07 1.16756e+06 1.0013e+07 8.20949e+06 1.85467e+06
internal_count=35861 19509 8532 3485 3464 2680 1021 5047 533 10977 1679 9298 8972 2019
cat_boundaries=0 1
cat_threshold=620
is_linear=0
shrinkage=0.05


Tree=53
num_leaves=15
num_cat=0
split_feature=2 10 0 22 17 20 11 27 27 15 18 25 18 0
split_gain=4446.11 4181.27 3011.37 2701.81 2512.72 2218.47 1607.77 1326.89 1660.8 2933.55 3084.36 1544.01 1544.6 3430.82
threshold=16.395876229078294 0.057840140148659451 16.272741767951768 18.66055157771083 0.0041433231366591007 -0.027872192550482944 -0.31463892221885714 1.5000000000000002 2.5000000000000004 17.202554478925649 0.27818051714576264 -0.24999999999999997 0.15059619600402643 13.75625155393851
decision_type=2 2 2 2 2 10 2 2 2 2 10 2 10 2
left_child=2 -2 4 -3 6 -4 -1 -6 9 10 -9 12 13 -10
right_child=1 3 5 -5 7 -7 -8 8 11 -11 -12 -13 -14 -15
leaf_value=0.0079634266462514005 -0.0028044079917872518 -0.0018575702002592946 0.0052778823020466006 0.0007119224601469477 -0.0030529659965951497 0.00015989572857663889 0.0014160029639971653 0.0049866897519259172 -0.0014348053546722602 -0.00012965056108491226 0.0083126858567244798 -0.0017003908685504698 -0.00038080891514293344 0.0036179453922334593
leaf_weight=1051774.5763632059 2867542.3432617188 690507.85864257812 371901.29467773438 883303.85815429688 1279341.599395752 375808.89501953125 3856470.1622153521 401526.02374267578 1376033.3305892944 789563.88632202148 106395.85153198242 5907037.3159179688 3388284.1058731079 967833.91845703125
leaf_count=5046 572 172 111 169 1491 106 13027 818 3536 531 140 6924 2640 649
internal_value=-0.000284855 -0.00171507 3.47953e-05 0.000355765 -8.6909e-05 0.00314764 0.000888476 -0.000423672 -0.000271764 0.00142502 0.00438925 -0.000460914 0.000123687 0.00111052
internal_weight=2.43133e+07 4.44135e+06 1.9872e+07 1.57381e+06 1.91243e+07 747710 4.90824e+06 1.4216e+07 1.29367e+07 1.29749e+06 507922 1.16392e+07 5.73215e+06 2.34387e+06
internal_count=35932 913 35019 341 34802 217 18073 16729 15238 1489 958 13749 6825 4185
is_linear=0
shrinkage=0.05


Tree=54
num_leaves=15
num_cat=1
split_feature=2 0 25 28 24 16 11 14 19 24 25 25 14 24
split_gain=3077.82 2270.07 2138.22 2589.69 4202.93 5402.63 2354.02 2338.18 2208.86 2401.54 2981.87 4187.72 4149.51 1884.17
threshold=13.182841317882938 13.322616594068213 -0.5 0 1.4547165740020251 15.962189930676031 -0.091346201908054384 2.2638290444340918 0.061160380032340055 0.86965070831088365 0.68301270189221941 0.93301270189221952 1.6159343587367463 8.222146695717635
decision_type=2 2 2 1 10 2 2 10 2 10 2 2 10 10
left_child=1 -1 3 4 -2 -6 -7 8 9 10 -4 12 -12 -5
right_child=2 -3 7 13 5 6 -8 -9 -10 -11 11 -13 -14 -15
leaf_value=0.00083469800847537062 -0.001100410127891434 0.0078895757135421223 -0.00081753977759070704 -0.0011063512452137787 -0.0032806848408626849 0.0011393879218829172 0.0030454262011614499 -0.0024680482619973848 0.00087629856210297849 -0.0014245865760711973 0.0042315955177667725 -0.0058766126369750853 0.0027887369802069421 0.0055882540860323331
leaf_weight=6678612.6591912508 731373.3620300293 683433.04016113281 1215048.5145568848 3511965.7856750488 266995.36236572266 314780.28424072266 441698.22625732422 2737443.1903991699 283300.57244873047 6499161.0629882812 339146.07952880859 274915.30355834961 158141.69940185547 305376.74069213867
leaf_count=25548 365 880 775 2069 248 131 189 1194 173 3844 241 168 69 192
internal_value=-0.000270958 0.000583646 -0.000639335 0.00016462 0.00175441 0.00382293 0.00598111 -0.00102864 -0.000630436 -0.000775421 0.000745669 0.00317518 0.0059129 -0.000566217
internal_weight=2.44414e+07 7.36205e+06 1.70793e+07 5.57219e+06 1.75485e+06 1.02347e+06 756479 1.15072e+07 8.76971e+06 8.48641e+06 1.98725e+06 772203 497288 3.81734e+06
internal_count=36086 26428 9658 3194 933 568 320 6464 5270 5097 1253 478 310 2261
cat_boundaries=0 1
cat_threshold=548
is_linear=0
shrinkage=0.05


Tree=55
num_leaves=15
num_cat=0
split_feature=27 23 25 26 24 9 26 18 4 4 0 6 2 16
split_gain=2616.35 2360.4 2340.91 2534.06 1931.85 3408.2 2538.69 3025.36 3769.77 2740.36 2372.6 2704.97 2245.66 1863.2
threshold=1.5000000000000002 8.5560337144001029 0.93301270189221952 0.93301270189221952 7.8248135322397507 0.22056940262137284 -0.5 0.17605115506550115 16.401501956730314 13.585183606448362 16.99330550331128 16.80495009680509 16.272388657055533 16.238508135383409
decision_type=2 10 2 2 10 2 2 10 2 2 2 2 2 2
left_child=1 13 3 4 6 -6 7 8 -2 -9 11 -8 -7 -1
right_child=2 -3 -4 -5 5 12 10 9 -10 -11 -12 -13 -14 -15
leaf_value=-0.0014904778897643003 0.00059015438450936159 0.0065353931985738731 -0.0036828592387109158 -0.0034378713965409163 0.004947687920274702 0.0053048701055809465 0.000817133724515274 0.0021345689237145539 0.0042962839948017251 -0.0019424612755259705 0.0010144774505369905 -0.0037257735248245752 -0.0038108145076782341 -0.0061170321465349332
leaf_weight=1258267.7490392923 2389664.8495959044 68772.389609336853 2186994.1625638008 1933464.5956442356 133261.29161071777 1070966.2813365459 8013900.669500351 1090461.4871571064 164845.31689453125 3659373.1229858398 871327.2548828125 375588.97802734375 182111.91870117188 880876.01705169678
leaf_count=2572 6242 107 3195 2909 102 2308 13243 2542 45 1738 151 78 50 515
internal_value=-0.000233546 -0.0018746 -6.9387e-05 0.00010138 0.000286619 0.00207957 0.000136567 -0.000560398 0.000827167 -0.00130664 0.000686288 0.000428371 0.00127111 -0.00216773
internal_weight=2.42799e+07 2.20792e+06 2.2072e+07 1.9885e+07 1.79515e+07 1.38634e+06 1.65652e+07 7.30434e+06 2.55451e+06 4.74983e+06 9.26082e+06 8.38949e+06 1.25308e+06 2.13914e+06
internal_count=35797 3194 32603 29408 26499 2460 24039 10567 6287 4280 13472 13321 2358 3087
is_linear=0
shrinkage=0.05


Tree=56
num_leaves=15
num_cat=1
split_feature=7 10 25 7 8 23 3 20 1 3 3 8 29 6
split_gain=3451.17 2663.82 2041.62 1732.02 1725.53 1570.13 1867.59 1814.11 1815.01 1526.59 1386.96 1198.31 1218.14 1306.95
threshold=16.802510489396727 -0.046327730681054939 -0.6830127018922193 16.609407827796193 0.83384651316267966 6.348148599668141 16.153319173089113 -0.029636095567391798 16.14983443092261 17.168440301826585 16.399633848597894 1.8944987622296263 0 15.284932258225647
decision_type=2 2 2 2 2 10 2 8 2 2 2 2 1 2
left_child=1 4 -2 5 -1 10 7 -7 -9 -4 11 12 -3 -14
right_child=2 3 9 -5 -6 6 -8 8 -10 -11 -12 -13 13 -15
leaf_value=-0.0019453783729634717 8.305635661675075e-05 0.00098571018215849065 -0.0030052194971753408 0.0012449590704946417 0.002130721064368131 0.0062236895294172359 0.0019806967405663462 0.0032844422152460378 -0.0059386057246777271 -0.0014262594097028628 -0.0033716944878793968 0.006006656720582839 -8.3238070248228016e-05 -0.0011927555894434539
leaf_weight=7612302.8384683132 748225.77001953125 2226638.3727459908 1149403.2250976562 360881.85327148438 1947614.5487716198 83700.005493164062 135921.548828125 1392915.5414144993 124573.10815429688 1194740.380859375 319880.87719726562 773725.953384161 5063632.9458069801 1119118.0799560547
leaf_count=9021 136 2685 232 85 7443 150 40 2994 40 193 88 3902 8348 438
internal_value=-0.000354819 -0.000126812 -0.00191505 0.000382442 -0.000744795 0.000272972 0.00165516 0.0011775 0.000782245 -0.00264088 2.03126e-05 0.000133051 -4.01986e-05 -0.000401334
internal_weight=2.42533e+07 2.11609e+07 3.09237e+06 1.1601e+07 9.55992e+06 1.12401e+07 1.73711e+06 1.60119e+06 1.51749e+06 2.34414e+06 9.503e+06 9.18312e+06 8.40939e+06 6.18275e+06
internal_count=35795 35234 561 18770 16464 18685 3224 3184 3034 425 15461 15373 11471 8786
cat_boundaries=0 1
cat_threshold=56
is_linear=0
shrinkage=0.05


Tree=57
num_leaves=15
num_cat=1
split_feature=10 2 25 0 26 21 16 9 18 14 28 3 11 10
split_gain=3031.71 2689 4730.14 2635.43 2629.34 2263.67 2049 1701.05 1684.25 1492.96 3433.91 7138.98 1572.04 1743.56
threshold=0.12426973711345822 15.321986804136829 -0.93301270189221919 15.191273691281006 0.6830127018922193 11.004346703685451 15.780923948391296 0.14967138442708725 0.72466662152277006 2.2524333299768373 0 15.929254580614556 -0.026288712893304447 0.13508066836174404
decision_type=2 2 2 2 2 8 2 2 10 10 1 2 2 2
left_child=1 3 -3 -1 5 -4 -5 -2 -6 10 11 -9 13 -12
right_child=7 2 4 6 8 -7 -8 9 -10 -11 12 -13 -14 -15
leaf_value=-0.00050544559098155372 0.0026038401580048402 0.00099343457793823749 -0.0012806240912410539 -1.722069586800185e-05 -0.0060077443060086036 0.00022184113161998397 0.0037165123080642746 0.0034043894109412596 -0.0010809381130703227 -0.00083552911280123483 0.0057769301145188211 0.0044558040484327854 -0.00024645190395479027 0.0026298045213104942
leaf_weight=11272621.308374524 102533.66079711914 463570.01416015625 3433042.4569091797 328965.25732421875 1067665.6994628906 735999.03881835938 320207.44372558594 341335.43217778206 394197.21533203125 1375503.9592871666 94655.658894062042 109689.70654296875 2758106.6576004028 1524653.3864969015
leaf_count=22714 40 125 926 152 262 148 150 824 128 3471 108 27 4080 2817
internal_value=-0.000287522 -0.000617792 -0.00147214 -0.000181045 -0.00187182 -0.00123202 0.00291678 0.000655988 -0.00369642 0.00055042 0.000964407 0.00511839 0.00053639 0.001773
internal_weight=2.43227e+07 1.80163e+07 6.09447e+06 1.19218e+07 5.6309e+06 4.16904e+06 649173 6.30648e+06 1.46186e+06 6.20394e+06 4.82844e+06 451025 4.37742e+06 1.61931e+06
internal_count=35972 24605 1589 23016 1464 1074 302 11367 390 11327 7856 851 7005 2925
cat_boundaries=0 1
cat_threshold=160
is_linear=0
shrinkage=0.05


Tree=58
num_leaves=15
num_cat=0
split_feature=2 25 20 11 14 25 3 16 8 26 24 25 14 9
split_gain=3341.69 2441.73 4382.63 2726.72 2102.57 2409.84 2701.17 2300.34 1744.71 1650.8 1635.13 3922.83 3614.42 1775.04
threshold=13.182841317882938 -0.93301270189221919 0.0016153205615641502 -0.066471296974667887 2.3042081920376813 -0.6830127018922193 16.850127835172454 18.342196337377381 0.089262396150043263 0.6830127018922193 0.98668192129992016 0.68301270189221941 1.6298520218113002 0.2281070573203863
decision_type=2 2 8 2 10 2 2 2 2 2 10 2 10 2
left_child=-1 2 3 -2 8 7 9 -6 -3 -7 11 13 -13 -10
right_child=1 4 -4 -5 5 6 -8 -9 10 -11 -12 12 -14 -15
leaf_value=0.0016594347986936286 0.0024369802512073427 -0.0031411209367045766 -0.001469588725986672 0.00074648591052497027 -0.0018632716365430256 -0.00030578761355005458 -0.0050490530068640366 0.00049641231228758447 -0.0015527397104852063 -0.0070890595908110173 -0.0010029339495976799 0.00079534005552117475 0.0024618688369644013 0.00038638132787294037
leaf_weight=7360827.2336037159 208618.08795166016 681621.32586669922 785773.32070922852 336693.78680419922 334561.04049682617 1158887.4780578613 845637.0732421875 234008.40209960938 635397.22521972656 589154.99862670898 8611677.5220336914 572164.20474243164 269548.95788574219 1517384.7748718262
leaf_count=26302 101 188 511 162 196 614 162 55 237 334 5269 405 123 1160
internal_value=-0.000317415 -0.000707015 0.00134779 0.00479177 -0.000884045 -0.00203384 -0.00268009 0.000914193 -0.000588147 -0.0015578 -0.000443762 0.000562667 0.00345685 -0.000568926
internal_weight=2.4142e+07 1.67811e+07 1.33109e+06 545312 1.545e+07 3.16225e+06 2.59368e+06 568569 1.22878e+07 1.74804e+06 1.16062e+07 2.9945e+06 841713 2.15278e+06
internal_count=35819 9517 774 263 8743 1361 1110 251 7382 948 7194 1925 528 1397
is_linear=0
shrinkage=0.05


Tree=59
num_leaves=15
num_cat=0
split_feature=10 7 22 22 26 1 14 9 8 23 0 1 9 4
split_gain=3026.31 2531.68 1871.78 2908.84 2568.06 2314.86 2204.04 2209.82 2542.9 2207.74 1731.43 1367.35 1524.14 1359.63
threshold=0.049124915194930403 16.802510489396727 19.577528614108676 19.593415907659992 0.93301270189221952 16.394248834739713 1.5251002779688654 0.20711755430775916 0.21185483078664943 5.4073640626474759 16.99330550331128 16.683255881525024 0.11252992811194856 14.190634456895479
decision_type=2 2 2 2 2 2 10 2 2 10 2 2 2 2
left_child=1 11 5 -4 6 -2 9 -8 -9 -5 -3 12 -1 -11
right_child=2 10 3 4 -6 -7 7 8 -10 13 -12 -13 -14 -15
leaf_value=-0.0052413376623726415 0.0010414995771352122 -0.003243911161433956 0.0020570905732078884 0.0049611670496317699 -0.0067635968865629925 -0.00093464204692060245 -0.0017354472930235629 0.0015279370394655526 -6.27886284120595e-05 0.014817084283387922 -0.00086508747294471275 0.0023310930660528357 -0.00039597610665378967 -0.00093907891151957194
leaf_weight=203067.83833312988 6925731.9199454784 789335.1669921875 181405.21145629883 79323.522857666016 175900.98672485352 899769.23168945312 187648.53869628906 186498.1934967041 364363.75921630859 81713.364971160889 1251014.1401367188 131382.71166992188 12653220.539407492 79489.2392578125
leaf_count=276 13439 161 57 90 93 217 61 82 233 165 212 31 20688 49
internal_value=-0.000181223 -0.00061789 0.000535035 0.00226447 0.00133995 0.000239704 0.00233932 0.000985431 0.00258175 0.0064963 -0.00225522 -0.000360667 -0.00041253 0.003136
internal_weight=2.41899e+07 1.5028e+07 9.16184e+06 1.33634e+06 1.15494e+06 7.8255e+06 979037 738510 550862 240526 2.04035e+06 1.29877e+07 1.28563e+07 161203
internal_count=35854 21368 14486 830 773 13656 680 376 315 304 373 20995 20964 214
is_linear=0
shrinkage=0.05


Tree=60
num_leaves=15
num_cat=0
split_feature=10 2 26 14 0 22 22 19 8 18 22 8 0 19
split_gain=2608.91 4371.35 1612.02 1765.5 2231.08 1710.53 2193.54 2726.99 3198.53 1695 1670.02 1605.86 3069.6 1451.29
threshold=-0.056438637102747387 16.395876229078294 0.93301270189221952 1.5444050540810594 16.395026300101303 19.607205262989968 19.617331230798943 0.012644651757098852 0.20541449899632494 0.065897298908043564 21.05931847536657 0.48996725607271852 16.272741767951768 -0.021836054212983447
decision_type=2 2 2 10 2 2 2 2 2 10 2 2 2 2
left_child=1 -1 5 4 -4 11 -7 8 -8 -10 -9 13 -13 -2
right_child=2 -3 3 -5 -6 6 7 10 9 -11 -12 12 -14 -15
leaf_value=-0.00070955636699088622 -0.0017409073749107625 -0.0039479693459589385 -0.0023496750677363034 -0.0047284407855981373 0.0014966375522521564 0.0015079825195999247 0.0031293694934124254 -0.002712844066745706 0.0062799453214683262 -0.0016133718374974626 0.0033389055838016555 0.0029831244678986501 0.0042559174677516496 7.1684532302405238e-05
leaf_weight=8951144.847592473 2016738.077829361 1352655.8181152344 575212.43454861641 615377.74821186066 80722.0703125 217825.36022949219 279507.53953552246 255670.60355377197 148444.61267471313 255262.92573547363 165849.08280944824 2908593.0632463694 72059.195068359375 6403771.3590683937
leaf_count=16093 1960 265 831 860 17 97 118 141 231 162 139 8839 24 6149
internal_value=-0.000216034 -0.000819837 0.000228514 -0.00146914 0.000335615 0.000398139 0.00210028 0.00119608 0.00314733 0.000300711 -0.00196657 0.000200687 0.00119807 -0.000152363
internal_weight=2.42988e+07 1.03038e+07 1.3995e+07 1.27131e+06 655935 1.27237e+07 1.32256e+06 1.10473e+06 683215 403708 421520 1.14012e+07 2.98065e+06 8.42051e+06
internal_count=35926 16358 19568 1708 848 17860 888 791 511 393 280 16972 8863 8109
is_linear=0
shrinkage=0.05


Tree=61
num_leaves=15
num_cat=0
split_feature=2 26 19 14 2 26 14 24 0 14 19 19 19 0
split_gain=3761.67 2922.41 3065.3 3084.17 1691.58 1511.94 1558.26 1565.98 1616.49 1022.2 1017.26 995.835 2748 3293.18
threshold=16.395876229078294 0.6830127018922193 0.022226864345365301 2.0855647629387168 9.7886500350013499 0.93301270189221952 2.5078013168185946 7.8248135322397507 16.272741767951768 -0.087255131155651283 -0.015250994280609949 -0.020948958783492597 -0.017213670397123248 15.253807996189915
decision_type=2 2 2 10 2 2 10 10 2 10 2 2 2 2
left_child=4 2 3 10 -1 6 7 9 -9 -6 -2 -11 13 -13
right_child=1 -3 -4 -5 5 -7 -8 8 -10 11 -12 12 -14 -15
leaf_value=0.0070610222107892161 -0.0030250303879159153 -0.0048413034865832701 -0.0020266327051669344 0.00044686643016192174 -0.0056899288731755522 -0.0025301325228576227 -0.002675097013283145 0.0037186000920552704 0.0081513765965486023 -0.0010370218237070155 -7.6431088140765493e-05 0.0030103380976562832 5.2662219662770908e-05 0.0048030066768939735
leaf_weight=1286656.5979458094 603417.20141601562 1204556.1337890625 1006292.7736816406 893452.86083984375 362057.89430999756 1504569.6862030029 1140089.2812461853 1111241.5059127808 103036.2060546875 3647065.2232818604 686099.36499023438 589471.29894256592 9971529.8790054321 140835.62805175781
leaf_count=10697 124 250 202 182 562 2033 2814 1538 30 4374 139 830 11975 50
internal_value=-0.000283718 -0.00160755 -0.000815068 0.000237378 9.21595e-06 -0.00011226 2.17018e-05 0.00014954 0.0018753 7.09098e-06 -0.00132699 7.32969e-05 0.00031646 0.00327704
internal_weight=2.42504e+07 4.39382e+06 3.18926e+06 2.18297e+06 1.98566e+07 1.85699e+07 1.70653e+07 1.59252e+07 1.21428e+06 1.4711e+07 1.28952e+06 1.43489e+07 1.07018e+07 730307
internal_count=35800 897 647 445 34903 24206 22173 19359 1568 17791 263 17229 12855 880
is_linear=0
shrinkage=0.05


Tree=62
num_leaves=15
num_cat=0
split_feature=26 11 0 19 25 19 20 23 0 19 26 16 16 19
split_gain=2396.03 1774.67 3815.26 1894.4 3236.88 2314.99 4222.8 2029.27 3173.52 1814.34 1697.18 2880.4 2222.66 1612.86
threshold=0.93301270189221952 -0.31463892221885714 16.845079520562013 0.00097256279978885011 0.93301270189221952 1.0000000180025095e-35 0.0080211411637440017 6.7582366309950865 15.92068809672695 0.040781185357162006 0.6830127018922193 16.778092955368212 18.52807987505204 -0.018468429717034846
decision_type=2 2 2 2 2 2 8 10 2 2 2 2 2 2
left_child=1 2 -1 4 5 7 -7 10 -9 -5 12 -12 13 -3
right_child=-2 3 -4 9 -6 6 -8 8 -10 -11 11 -13 -14 -15
leaf_value=0.0023144881663396803 -0.0030278556281283847 -0.00038761086558230791 0.013126295868331701 -0.0017231079812433459 -0.0049590932203340066 0.0070814456821005666 -0.0024259510278432507 0.0027874805438964454 0.003087051808002797 7.9942952931636447e-05 8.6631766615718922e-05 -0.0047450957336132651 0.00018363485858683277 0.0012738211515760909
leaf_weight=2756221.0561207533 1948485.1969263554 3470911.6526594162 51456.1357421875 6045107.6312109232 1237866.5831942558 142884.90106582642 161359.16717195511 711886.99479532242 188992.46020507812 2832236.9021956921 1237159.9525265694 634687.8010635376 258860.30239868164 2645138.8608603477
leaf_count=7035 2900 4596 11 8041 1662 134 290 1504 51 3743 2074 283 90 3415
internal_value=-0.000141051 5.39411e-06 0.00118094 -0.000163284 0.000285049 0.000599916 0.00489062 0.00045721 0.00271038 -0.00070315 0.000211073 -0.00111264 0.000599751 0.000407678
internal_weight=2.43233e+07 2.23748e+07 2.80768e+06 1.95671e+07 1.06897e+07 9.45188e+06 304244 9.14764e+06 900879 8.87734e+06 8.24676e+06 1.87185e+06 6.37491e+06 6.11605e+06
internal_count=35829 32929 7046 25883 14099 12437 424 12013 1555 11784 10458 2357 8101 8011
is_linear=0
shrinkage=0.05


Tree=63
num_leaves=15
num_cat=1
split_feature=10 2 1 21 21 2 6 18 20 16 29 25 11 9
split_gain=2887.48 5033.97 2237.64 1983.74 4435.42 2291.7 2282.13 1775.53 2517.53 2663.1 1874.4 1660.85 2242.29 1575.39
threshold=-0.046327730681054939 16.395876229078294 16.531196752664069 11.037231308731972 11.052118412003972 14.783751795995874 15.090645352471178 0.72466662152277006 -0.0043115216509560491 16.574267766561174 0 0.68301270189221941 0.06068071358968026 0.22412303304650502
decision_type=2 2 2 10 10 2 2 10 10 2 1 2 2 2
left_child=1 2 13 5 -5 6 -2 11 9 10 -9 -7 -13 -1
right_child=3 -3 -4 4 -6 7 -8 8 -10 -11 -12 12 -14 -15
leaf_value=-0.002384908720940028 0.0012533417224569055 -0.0036240958854286223 0.0036944038756463447 0.0015393010379059166 0.00011813154720819026 -0.0009130220358977985 0.01205828412031597 -0.0021296276714228516 0.0013735030516639211 -0.0027227649561185094 0.0016326180743506302 -0.0011391157734250395 0.0024871951189785937 -0.00036533218670216795
leaf_weight=1190949.4145355225 6511973.7594745159 1391321.1279296875 60890.533447265625 223822.77967453003 1156145.8019227982 3044173.6134643555 41957.287475585938 407718.26910400391 450603.10754394531 261868.58325195312 886455.12377929688 337569.06494140625 256665.77331542969 8081087.4864858389
leaf_count=936 15675 272 14 109 1290 1026 21 201 169 65 369 118 105 15533
internal_value=-0.000185258 -0.000798523 -0.000380262 0.000299079 0.00209591 9.58191e-05 0.000731838 -0.000642602 0.000551442 -0.000401592 0.00052887 -0.00130114 0.00111674 -0.000443002
internal_weight=2.43032e+07 1.07242e+07 9.33293e+06 1.3579e+07 1.37997e+06 1.2199e+07 6.55393e+06 5.64505e+06 2.00665e+06 1.55604e+06 1.29417e+06 3.63841e+06 594235 9.27204e+06
internal_count=35903 16755 16483 19148 1399 17749 15696 2053 804 635 570 1249 223 16469
cat_boundaries=0 1
cat_threshold=70
is_linear=0
shrinkage=0.05


Tree=64
num_leaves=15
num_cat=0
split_feature=10 3 10 22 23 4 14 23 9 6 2 0 10 3
split_gain=3349.06 3601.71 2218.42 2102.22 3187.24 5156.58 2089.8 1974.16 2900.42 1866.15 1236.77 1421.47 1408 1158.71
threshold=0.049124915194930403 16.399633848597894 -0.14816918667400353 18.794625418761356 2.5228400253385952 16.160271952234268 2.3418781086055476 9.6502484127742125 0.34825751579853986 14.922929341993816 16.532859834196291 16.395026300101303 0.95361226560188606 16.690778174436563
decision_type=2 2 2 2 10 2 10 10 2 2 2 2 2 2
left_child=1 7 -3 10 13 9 -4 -1 -9 -6 11 12 -2 -5
right_child=3 2 6 4 5 -7 -8 8 -10 -11 -12 -13 -14 -15
leaf_value=-0.00053730706279643938 0.00015191472543748584 -0.0041360661727643027 -0.0017088825747591978 0.00047302775549380147 0.0035121831868303978 0.0018158811446136614 0.00019616885155850913 0.0048340923445042479 0.0016886044385879561 -0.0031654439398898825 -0.00088950771499809891 0.0031780846003530783 0.029535401700974767 -0.001467135315040783
leaf_weight=11756657.052636027 6681154.634988904 905156.27001953125 1630891.603515625 189118.42437291145 423683.30545067787 561992.31811523438 497906.68920898438 54653.29411315918 125123.33711624146 210698.25512695312 648887.81469726562 284237.35693359375 58564.903871297836 166503.03759765625
leaf_count=20193 12491 191 333 281 1032 106 102 42 282 99 149 85 430 26
internal_value=-0.000229972 -0.000691746 -0.00223004 0.000519411 0.00219768 0.00343304 -0.00134842 -0.000300747 0.0048992 0.000343406 0.000179945 0.000372889 0.000226817 -0.00195828
internal_weight=2.41952e+07 1.49704e+07 3.03395e+06 9.22484e+06 1.552e+06 1.19637e+06 2.1288e+06 1.19364e+07 179777 634382 7.67284e+06 7.02396e+06 6.73972e+06 355621
internal_count=35842 21143 626 14699 1544 1237 435 20517 324 1131 13155 13006 12921 307
is_linear=0
shrinkage=0.05


Tree=65
num_leaves=15
num_cat=2
split_feature=17 25 10 26 16 16 0 28 4 26 17 8 17 30
split_gain=2278.02 2193.34 1536.45 1947.68 2900.57 2539.9 2964.52 2535.47 3810.46 2472.04 2350.75 1881.73 1843.34 1535.87
threshold=0.31457028705829077 -0.6830127018922193 -0.38743022489779827 0.6830127018922193 18.650510177953056 17.298855028885153 15.801121753769563 0 16.546269291430637 0.25000000000000017 0.043174545708711452 0.11951887288854611 0.025115221429542155 1
decision_type=2 2 2 2 2 2 2 1 2 2 2 2 2 1
left_child=2 -2 12 7 5 6 -5 8 13 10 -9 -11 -1 -4
right_child=1 -3 3 4 -6 -7 -8 9 -10 11 -12 -13 -14 -15
leaf_value=-0.00087128273522738453 0.00018968582988507598 -0.0027120739432899554 0.0054246441048940615 -0.0015929855894441605 0.0013657420648366387 -0.0034169282808991308 0.0010295598938910775 0.00052033509151776052 0.0024205159802699904 0.0018828749775125411 -0.0015450731719736004 0.001177972357766283 -0.0088356475711486165 0.00076381875869050645
leaf_weight=2070120.3264709711 615100.59533691406 1841190.7307739258 589147.38072538376 3388573.7152309418 92931.077209472656 817644.52462005615 481856.30297851562 5470744.2210769653 320835.47998046875 309203.7549495697 2520076.3121643066 2136685.1861003637 838944.08981323242 2683763.4264622927
leaf_count=6689 206 640 1004 6531 44 413 148 10110 73 156 1316 3312 704 4555
internal_value=-8.40285e-05 -0.00152729 7.91841e-05 0.000244555 -0.000626998 -0.000800393 -0.00026548 0.000541545 0.00168698 0.000147127 -0.000278607 0.00153802 -0.000990188 0.00117723
internal_weight=2.41768e+07 2.45629e+06 2.17205e+07 1.88115e+07 4.78101e+06 4.68807e+06 3.87043e+06 1.40305e+07 3.59375e+06 1.04367e+07 7.99082e+06 2.44589e+06 2.90906e+06 3.27291e+06
internal_count=35901 846 35055 27662 7136 7092 6679 20526 5632 14894 11426 3468 7393 5559
cat_boundaries=0 1 2
cat_threshold=676 8
is_linear=0
shrinkage=0.05


Tree=66
num_leaves=15
num_cat=0
split_feature=16 7 16 12 26 25 19 4 11 2 0 18 8 8
split_gain=3201.33 3518.32 2772.73 1755.58 1083.46 1216.34 1817.56 1389.77 2158.61 1560.16 3288.94 1781.56 2074.06 1614.99
threshold=18.650510177953056 16.802510489396727 18.407908271991452 9.5000000000000018 0.93301270189221952 0.93301270189221952 0.061160380032340055 16.278214614679609 -0.019332323891942896 15.321986804136829 15.191273691281006 0.51408689069345981 0.20245117395667769 0.23735828111523724
decision_type=2 2 2 2 2 2 2 2 2 2 2 10 2 2
left_child=1 3 -3 -1 5 7 -7 9 -9 10 -5 -11 -13 -12
right_child=-2 2 -4 4 -6 6 -8 8 -10 11 13 12 -14 -15
leaf_value=0.0085299810941256837 0.0012793014850692689 -0.0015982432859822666 4.3986233445510063e-05 -8.4889714132793746e-05 -0.0021784272213930234 -0.0035731101762858288 0.0092076131035491084 0.0017144227880243061 -0.0001256991278274562 -0.0024641877998461004 -6.4616069952657036e-05 0.0017479094816564783 -0.0012705055018059762 0.0036210593319337759
leaf_weight=864423.10947525501 338546.38629150391 2009741.447265625 795188.9375 11984402.858262062 1658123.9305276871 1690957.8161325455 156294.12427616119 783356.14599609375 680131.22509765625 845475.60461425781 226208.16772460938 392773.80017089844 1215775.7899169922 490293.91351318359
leaf_count=6057 119 380 135 22351 2398 2395 236 216 186 330 112 134 470 249
internal_value=-0.000239461 -0.000308156 -0.00197133 -8.58833e-05 -0.00018066 -7.07221e-05 -0.00128788 6.45736e-05 0.00153597 -7.75164e-05 0.000145481 -0.00123165 -0.000254942 0.00343612
internal_weight=2.41317e+07 2.37931e+07 2.80493e+06 2.09882e+07 2.01238e+07 1.84657e+07 1.84725e+06 1.66184e+07 1.46349e+06 1.51549e+07 1.27009e+07 2.45403e+06 1.60855e+06 716502
internal_count=35768 35649 515 35134 29077 26679 2631 24048 402 23646 22712 934 604 361
is_linear=0
shrinkage=0.05


Tree=67
num_leaves=15
num_cat=1
split_feature=2 10 29 26 17 26 22 14 26 14 14 5 11 7
split_gain=2263.05 2553.89 2983.19 3367 5034.33 2696.07 3243.15 2469.8 2368.21 2130.89 2791.39 2049 2691.65 2032.19
threshold=15.321986804136829 -0.23435690121601285 0 1.0000000180025095e-35 0.22636566645953302 0.6830127018922193 18.658842747333861 2.1965005822703065 -0.68301270189221952 1.5538678571976343 1.4484987875607256 14.928534728337596 0.21464584788278263 14.659791806609034
decision_type=2 2 1 2 2 2 2 10 2 10 10 2 2 2
left_child=11 -2 3 4 8 6 -4 -8 -3 10 -5 13 -13 -1
right_child=1 2 5 9 -6 -7 7 -9 -10 -11 -12 12 -14 -15
leaf_value=0.00019398067080364967 -0.0044499670890504909 -0.002200805680626292 -0.0014865594680925978 -0.0019906671013407585 0.00087064399274109662 -0.0044366898203633811 -0.0012407288207323284 0.001474117758080571 0.0023268527179367312 -0.0021982123773190919 0.0020706599003470615 0.00042756057348785931 0.0031968281371176862 -0.002243837164550279
leaf_weight=13156519.553478241 833225.8623046875 501254.39672851562 1865365.9588623047 570806.56530761719 396185.37036132812 1009479.8929443359 453894.44494628906 520925.06640625 505924.97204589844 628710.64685058594 373929.85571289062 1291267.6184082031 426080.29748535156 1588320.6651611328
leaf_count=31914 216 148 592 180 72 306 114 127 146 137 86 657 223 939
internal_value=-0.000238126 -0.000948112 -0.000629143 0.000559491 0.00234005 -0.00154827 -0.000759414 0.00157781 0.000461812 -0.0010286 0.00047245 9.22236e-05 0.00172674 -9.815e-05
internal_weight=2.41219e+07 7.6597e+06 6.82648e+06 2.97681e+06 1.40336e+06 3.84967e+06 2.84019e+06 974820 1.00718e+06 1.57345e+06 944736 1.64622e+07 1.71735e+06 1.47448e+07
internal_count=35857 2124 1908 769 366 1139 833 241 294 403 266 33733 880 32853
cat_boundaries=0 1
cat_threshold=24
is_linear=0
shrinkage=0.05


Tree=68
num_leaves=15
num_cat=1
split_feature=10 2 0 7 24 7 0 18 30 9 7 0 2 2
split_gain=2699.9 3496.42 3223.36 3022.47 1559.56 1495.87 3279.76 1331.13 1417.43 1320.58 1892.78 1407.92 1885.64 2692.37
threshold=0.049124915194930403 16.846705175829062 16.99330550331128 17.374289654612713 1.7949352587435352 16.802510489396727 16.531633219399612 0.085194302281984755 0 0.12233181171647202 17.112074389479542 17.152781891435371 16.995746452383802 16.846705175829062
decision_type=2 2 2 2 10 2 2 10 1 2 2 2 2 2
left_child=1 2 5 7 -3 6 -1 8 -2 -9 11 12 13 -11
right_child=3 4 -4 -5 -6 -7 -8 9 -10 10 -12 -13 -14 -15
leaf_value=-0.00041198321927590699 0.0079322796094664118 -0.0012954438060244198 0.0015694322167822509 0.00017773257457964439 -0.0025589853803753408 -0.0019697987910600534 0.0011367115252686362 0.0011717208266746359 0.00098536908177466304 -6.2396450204006557e-06 -0.00090742920485758138 0.0013706923974903045 -0.0045171245259615833 0.0019542024544452253
leaf_weight=12586196.903568983 667431.59841644764 1040848.0249023438 83040.71484375 337485.9853515625 683991.09936523438 331919.3603515625 339759.01342773438 211732.26516723633 1331707.9471399784 6064900.8747668266 187109.4794921875 180759.5556640625 184803.529296875 96025.505126953125
leaf_count=20842 2810 187 17 49 117 70 83 55 4383 7122 34 37 40 23
internal_value=-8.71277e-05 -0.000500127 -0.000226243 0.000584669 -0.00261851 -0.000287752 -0.000202645 0.000409023 0.00154557 8.09358e-05 -4.16803e-05 0.000100471 -2.34742e-05 0.000125802
internal_weight=2.43277e+07 1.50658e+07 1.33409e+07 9.26196e+06 1.72484e+06 1.32579e+07 1.2926e+07 8.92447e+06 1.99914e+06 6.92533e+06 6.7136e+06 6.52649e+06 6.34573e+06 6.16093e+06
internal_count=35869 21316 21012 14553 304 20995 20925 14504 7193 7311 7256 7222 7185 7145
cat_boundaries=0 1
cat_threshold=12
is_linear=0
shrinkage=0.05


Tree=69
num_leaves=15
num_cat=0
split_feature=10 9 22 8 8 15 15 16 16 19 1 4 10 22
split_gain=3555.61 3624.17 1847.18 4210.3 5578.46 6015.66 2874.07 1982.21 3423.55 1810.85 1646.34 4037.5 2156.95 1467.29
threshold=-0.056438637102747387 0.22412303304650502 18.832068744820841 0.089262396150043263 0.17089620152691587 19.240998570495709 18.373034009459602 17.298855028885153 16.997630321311302 -0.026476018212164797 16.394248834739713 16.278214614679609 0.076529845611253713 19.617331230798943
decision_type=2 2 2 2 2 2 2 2 2 2 2 2 2 2
left_child=1 -1 10 -4 5 -5 7 8 9 -6 11 -2 -12 -9
right_child=2 -3 3 4 6 -7 -8 13 -10 -11 12 -13 -14 -15
leaf_value=-0.0028662044074264448 0.00040303142411494768 -0.00073999244084836614 -0.0042098495034939001 0.00065969152943707188 0.011823550183421129 0.0021114829653225216 -0.0025356746708665966 0.00098543553346645287 0.010612034123989533 -0.00043964396566834035 -9.0576665728850774e-06 0.0016435301293665637 -0.0010429289017196961 -0.00043664950704353867
leaf_weight=1855178.7878799438 9461749.322244525 8426246.3471951485 210620.86730957031 389516.77742004395 36184.532449126244 253543.005859375 345764.40167999268 330331.82565307617 111674.47006225586 160152.60462391376 1125147.53515625 275497.55590820312 632483.76293945312 443506.88500213623
leaf_count=1030 17010 15352 119 198 125 43 310 189 100 609 249 83 161 304
internal_value=-8.7814e-05 -0.000791435 0.000437312 0.00173695 0.00242201 0.0062888 0.000680238 0.00194853 0.0053409 0.00136532 0.000179384 0.000433611 -0.00122903 0.000598266
internal_weight=2.40576e+07 1.02814e+07 1.37762e+07 2.2813e+06 2.07067e+06 643060 1.42761e+06 1.08185e+06 308012 196337 1.14949e+07 9.73725e+06 1.75763e+06 773839
internal_count=35882 16382 19500 1997 1878 241 1637 1327 834 734 17503 17093 410 493
is_linear=0
shrinkage=0.05


Tree=70
num_leaves=15
num_cat=0
split_feature=10 2 16 24 2 21 9 16 0 0 1 21 2 25
split_gain=2082.28 2869.7 1998.44 1899.82 1804.64 2219.49 2482.68 1941.26 2061.52 1606.75 2802.65 2345.02 2210.02 1587.59
threshold=-0.056438637102747387 16.395876229078294 18.650510177953056 1.4958823093712301 13.930144450595252 11.037231308731972 0.13823427102772126 18.472836192843562 14.19782601107992 15.191273691281006 15.253982129829343 10.482047616024342 14.515782578990523 0.68301270189221941
decision_type=2 2 2 10 2 10 2 2 2 2 2 8 2 2
left_child=1 9 4 -3 -2 7 -7 8 -6 12 -11 -12 -1 -10
right_child=2 3 -4 -5 5 6 -8 -9 13 10 11 -13 -14 -15
leaf_value=-0.00072410201557725619 0.0021853661662548339 -0.0013513244995377221 0.0010203822090802991 -0.0044146821260740328 -0.0049490521471713556 0.00054482613849683975 1.0176592513640503e-05 -0.0014285208370442394 -0.00021717714197899498 0.0034459338594794442 0.00068609275614343673 -0.0019503845141151178 -0.0041410666073709605 0.00090678058653441093
leaf_weight=6270000.1307195425 4942061.8578727245 678591.7900390625 341528.58514404297 686725.44409179688 858743.10635375977 320045.02270507812 678105.99456787109 240792.5830078125 5168465.3837890625 298465.69689941406 517655.328125 587375.72021484375 1301815.0421142578 1371426.6048583984
leaf_count=14918 15257 131 108 139 819 65 308 57 2321 133 170 183 710 607
internal_value=-0.000160412 -0.000697868 0.00023881 -0.00283348 0.000143804 -0.000292188 0.00192515 -0.000581901 -0.000438112 -0.000373 0.00118087 1.96638e-05 -0.000661022 -0.000135675
internal_weight=2.42618e+07 1.03406e+07 1.39212e+07 1.36532e+06 1.35796e+07 8.63758e+06 998151 7.63943e+06 7.39864e+06 8.97531e+06 1.4035e+06 1.10503e+06 7.57182e+06 6.53989e+06
internal_count=35926 16384 19542 270 19434 4177 373 3804 3747 16114 486 353 15628 2928
is_linear=0
shrinkage=0.05


Tree=71
num_leaves=15
num_cat=0
split_feature=6 0 16 25 19 0 14 2 11 0 23 16 9 15
split_gain=2502.32 2167.4 1708.02 3169.46 2719.26 2415.83 4874.47 2322.62 2653.56 2470.31 1571.68 1466.52 1335.6 1574.83
threshold=14.694520700668557 14.82482845695414 17.298855028885153 -0.6830127018922193 0.023412783306648553 15.554735341441647 1.8669079679184366 16.684382928863482 0.24979590169874569 16.272741767951768 2.5830001599057755 16.015253086165561 0.27450485260356511 17.979750751109087
decision_type=2 2 2 2 2 2 10 2 2 2 10 2 2 2
left_child=1 -1 5 4 -4 -2 7 8 9 11 -3 -7 13 -5
right_child=2 10 3 12 -6 6 -8 -9 -10 -11 -12 -13 -14 -15
leaf_value=0.00012857753864152968 -0.00132059000423512 0.00067380934664943814 0.0007662505818209148 -0.0025378397019279833 -0.001333788632706579 0.00094780720779680271 0.0018663301125769597 -0.0026128003313549892 -0.0031001056064340008 0.002493331795433013 0.0050536296505237083 -0.0021339961417400238 -0.0046695083531347768 -0.00036203570913934287
leaf_weight=13211070.581364393 3273951.6087646484 143815.19848632812 668367.63195800781 1096234.0087890625 420426.1064453125 477141.5625 509546.95446777344 435462.70263671875 401447.16442871094 622679.93579101562 150286.53033447266 495648.44934082031 714522.45227050781 1653315.3563232422
leaf_count=31885 1716 101 157 338 105 189 171 103 137 175 104 157 186 313
internal_value=-0.000266464 0.000186855 -0.000834975 -0.00157075 0.000782357 -0.000296054 0.000743799 -0.000187725 0.000533779 0.00144805 0.00443217 -0.000126022 -0.00231035 -0.00180986
internal_weight=2.42739e+07 1.35052e+07 1.07687e+07 4.55287e+06 1.08879e+06 6.21588e+06 2.94193e+06 2.43238e+06 1.99692e+06 1.59547e+06 294102 972790 3.46407e+06 2.74955e+06
internal_count=35837 32090 3747 1099 262 2648 932 761 658 521 205 346 837 651
is_linear=0
shrinkage=0.05


Tree=72
num_leaves=15
num_cat=1
split_feature=9 10 3 9 23 29 2 4 2 9 26 11 17 11
split_gain=2007.61 2590.61 3667.18 1962.01 1720.82 3017.32 2246.68 4992.04 2387.79 2107.6 4076.23 3233.54 3121.37 4148.26
threshold=0.11252992811194856 -0.11840866055289374 16.690778174436563 0.12233181171647202 4.3305736744223404 0 16.995746452383802 16.278214614679609 16.395876229078294 0.28853874293517429 -0.24999999999999997 0.0064548791282561012 0.20768332176806251 0.15845237602915943
decision_type=2 2 2 2 10 1 2 2 2 2 2 2 2 2
left_child=-1 2 -2 -3 5 -5 7 8 -6 10 11 -7 13 -12
right_child=1 3 -4 4 6 9 -8 -9 -10 -11 12 -13 -14 -15
leaf_value=-0.00066186275183773707 -0.0010387192767811915 0.0010265556329831841 -0.0038336011962105741 -0.00089526785302354106 0.0019280904862482352 0.0038331299343997457 -0.0059806541233377924 0.002784505322919152 -0.0046818913067724136 4.4889380096500915e-06 0.00014842377658950398 0.00090405560730821225 -0.0017399119020183572 0.0021997530682864998
leaf_weight=872722.52067565918 7253811.9618030787 310432.66348266602 788515.9033203125 6303527.3267772198 3461997.2962371111 254778.75497436523 145034.47827148438 242730.78759765625 165129.478515625 2877608.0313854218 501105.89051818848 357666.36786651611 392379.28796386719 179317.19695281982
leaf_count=425 13710 126 152 9271 6826 131 28 63 48 4334 294 182 67 115
internal_value=-0.000165423 -7.69898e-05 -0.00080263 0.000307156 0.000225087 -0.000101736 0.00110964 0.00133862 0.000874056 0.000877554 0.00228176 0.00553633 0.000423778 0.00247186
internal_weight=2.41068e+07 2.3234e+07 8.04233e+06 1.51917e+07 1.48813e+07 1.08664e+07 4.01489e+06 3.86986e+06 3.62713e+06 4.56286e+06 1.68525e+06 612445 1.0728e+06 680423
internal_count=35772 35347 13862 21485 21359 14394 6965 6937 6874 5123 789 313 476 409
cat_boundaries=0 1
cat_threshold=3
is_linear=0
shrinkage=0.05


Tree=73
num_leaves=15
num_cat=1
split_feature=19 19 17 18 1 26 10 29 17 10 26 20 26 9
split_gain=1892.55 4769.69 4174.22 5567.62 2177.53 2116.67 1700.81 2827.77 2492.39 2137.79 2200.68 1537.64 1500.94 5258.29
threshold=-0.024565255806190598 -0.013014312526441299 0.17548205026987088 0.33438753512126657 16.394248834739713 0.93301270189221952 -0.11840866055289374 0 0.030667774489101404 -0.083723403547914133 1.0000000180025095e-35 -0.038829840775491543 0.6830127018922193 0.19358036126114117
decision_type=2 2 2 10 2 2 2 1 2 2 2 8 2 2
left_child=4 2 -2 -4 -1 6 8 9 -3 10 -8 -9 -11 -14
right_child=1 5 3 -5 -6 -7 7 11 -10 12 -12 -13 13 -15
leaf_value=-0.00058485772848709805 0.00099699305827553441 0.0006081966252937639 0.00036322329592293836 0.0025977136735222529 -0.0016536087700949359 -0.0041571735128930736 0.0031913197987118338 0.003056245831995963 -0.0028426117388392546 0.00049712160179211701 0.0027191940828737919 -0.00036578556621374222 0.0039078259830179866 0.0017006649115113065
leaf_weight=4752669.3870939016 3040069.8376953602 2657656.0034000874 426719.91583251953 268724.04919433594 1012958.9604492188 1246283.9553444386 106986.51339626312 106626.95465087891 1921812.8121032715 2243941.0993605852 104183.66212368011 5715744.0050578117 117660.4836730957 546776.58885121346
leaf_count=8334 5265 6675 179 74 206 1852 99 122 1158 2828 106 8247 58 692
internal_value=-5.65881e-05 0.000189885 0.00178603 0.00528059 -0.000847576 -0.000213863 -3.2128e-05 0.000369182 -0.000815729 0.00158391 0.00644145 -0.000281657 0.00123122 0.00331862
internal_weight=2.42688e+07 1.85032e+07 3.73551e+06 695444 5.76563e+06 1.47677e+07 1.35214e+07 8.94192e+06 4.57947e+06 3.11955e+06 211170 5.82237e+06 2.90838e+06 664437
internal_count=35895 27355 5518 253 8540 21837 19985 12152 7833 3783 205 8369 3578 750
cat_boundaries=0 1
cat_threshold=60
is_linear=0
shrinkage=0.05


Tree=74
num_leaves=15
num_cat=1
split_feature=2 23 8 12 4 18 9 2 16 19 2 29 19 25
split_gain=3013.72 2510.87 2338.51 1436.97 1223.6 2544.22 2382 4398.11 3549.56 2648.77 1687.1 1812.72 1068.95 1025.1
threshold=16.395876229078294 2.5228400253385952 0.16724521322826488 9.5000000000000018 15.567207011766561 0.11692384011771841 0.17429314992524408 16.034497832506634 15.838778618023152 0.0035602670693549504 15.140579821840275 0 -0.015044224044914999 -0.24999999999999997
decision_type=2 10 2 2 2 10 2 2 2 2 2 1 2 2
left_child=3 12 -3 -1 10 -6 -7 8 -8 -10 13 -12 -2 -5
right_child=1 2 -4 4 5 6 7 -9 9 -11 11 -13 -14 -15
leaf_value=0.0069764297149064458 -0.0025972836529623861 0.00063774048674890759 -0.0010268748943496765 0.00068398284214711471 -0.0013280180786291852 0.0026983685234894827 -0.00049850565727775934 -0.0020500669050729976 0.0044190586120271061 0.0014708888633109523 -0.0036417862498511035 0.0016623317514245037 -0.00088779786799257133 -0.00075023992611648188
leaf_weight=892320.53829169273 784416.3388671875 979156.84741210938 978792.482421875 5879690.8282709122 368485.08654785156 299295.29638671875 547017.12109375 759484.36694335938 380649.49841308594 290656.73181152344 1348020.5168457031 530605.42785644531 1596455.9301757812 8611555.8419275284
leaf_count=6168 160 175 216 10961 127 89 227 223 135 103 669 230 327 16087
internal_value=-0.000235849 -0.0014299 -0.000103531 2.43885e-05 -6.7633e-05 0.000930063 0.0015538 0.000924722 0.00278633 0.00522255 -0.000228874 -0.00163865 -0.00252066 -4.61124e-05
internal_weight=2.42466e+07 4.33882e+06 1.95795e+06 1.99078e+07 1.90155e+07 2.64559e+06 2.2771e+06 1.97781e+06 1.21832e+06 671306 1.63699e+07 1.87863e+06 2.38087e+06 1.44912e+07
internal_count=35897 878 391 35019 28851 904 777 688 465 238 27947 899 487 27048
cat_boundaries=0 1
cat_threshold=23
is_linear=0
shrinkage=0.05


Tree=75
num_leaves=15
num_cat=2
split_feature=10 3 29 25 1 23 28 3 23 21 11 0 10 1
split_gain=1531.03 2557.45 1766.18 1515.23 4558.53 2315.79 2457 2625.52 2026.75 1829.9 1544.59 1530.4 1410.07 1300.13
threshold=-0.056438637102747387 17.441669403438507 0 0.68301270189221941 17.151381608784849 6.0091023940432207 1 15.096941483212452 10.170567152485452 9.0093464026334349 -0.16967552808856101 17.419860989426706 0.47059265389416094 16.394248834739713
decision_type=2 2 1 2 2 8 1 2 10 10 2 2 2 2
left_child=1 2 13 8 5 12 -7 -8 10 -10 11 -2 -5 -1
right_child=3 -3 -4 4 -6 6 7 -9 9 -11 -12 -13 -14 -15
leaf_value=0.0002280649798741978 0.0010080907859654137 -0.0048938637674030318 -0.0015712499164793833 -0.0002173338131408425 0.0023328711664616203 0.0027651766812559053 0.00689887802974607 0.015498517326067702 0.0073101038920000156 0.0016298026480461231 -0.00014106854739469172 0.00013439271979854344 0.01453350781475597 0.00086733442632363524
leaf_weight=4285919.4644995928 2089925.2955185175 304991.33349609375 5317518.3136137724 2119182.4016036987 175679.423828125 279646.31495189667 137262.13157606125 54571.15185546875 83734.16685295105 90484.700441360474 8617486.5240525007 69772.56787109375 122769.60186815262 330633.57836914062
leaf_count=8661 4020 45 7625 3162 27 524 399 19 79 134 10605 11 476 69
internal_value=-2.65977e-05 -0.000490134 -0.000351674 0.000316321 0.00133488 0.00082952 0.00401476 0.00837254 4.76135e-05 0.00539745 -3.88695e-05 0.00115682 0.000159668 0.000363843
internal_weight=2.40796e+07 1.02391e+07 9.93407e+06 1.38405e+07 2.88911e+06 2.71343e+06 471480 191833 1.09514e+07 174219 1.07772e+07 2.1597e+06 2.24195e+06 4.61655e+06
internal_count=35856 16400 16355 19456 4607 4580 942 418 14849 213 14636 4031 3638 8730
cat_boundaries=0 1 2
cat_threshold=58 281
is_linear=0
shrinkage=0.05


Tree=76
num_leaves=15
num_cat=1
split_feature=2 15 5 2 10 26 18 2 28 26 20 1 4 5
split_gain=1948.51 2377.7 2314.03 1481.3 2116.32 1813.34 1833.85 2351.47 1745.88 2683.86 2650.97 2549.05 2601.3 2389.54
threshold=17.154710110999769 19.184782302808376 17.126432758044093 10.538607361457261 -0.38743022489779827 0.6830127018922193 0.33438753512126657 14.877045488826939 0 0.25000000000000017 -0.040722534319729595 15.551911095921245 15.567207011766561 14.583251584368361
decision_type=2 2 2 2 2 2 10 2 1 2 8 2 2 2
left_child=2 -2 3 -1 -5 8 7 -7 10 11 13 12 -10 -6
right_child=1 -3 -4 4 5 6 -8 -9 9 -11 -12 -13 -14 -15
leaf_value=0.0042249545921639441 -0.0030587459100513597 -0.00010231241200111758 0.00064154661523213119 -0.0043564026408072845 0.0017572233667872497 -0.0017242124244304911 5.4587010217875792e-05 -0.0053638095666341205 -0.00037325602366538918 0.00091460656082489585 0.00061712642942534149 -0.0016221016052996888 0.0062993449978450732 0.0026869606856673289
leaf_weight=1757618.1353322268 671562.1220703125 879242.49755859375 242961.84619140625 2364378.5080871582 129134.96370697021 1475595.2385025024 2458777.5125961304 815568.27758789062 5247110.0738182068 2259724.013923645 3717149.9734573364 1962263.7109375 193275.0634765625 147611.81884765625
leaf_count=13225 118 134 46 2846 199 2564 2262 325 7309 2426 3752 603 84 53
internal_value=-0.000146838 -0.00186173 -3.00469e-05 -8.2391e-05 -0.000200332 -1.9443e-05 -0.000860934 -0.00187868 0.000273246 -9.02238e-05 0.00115258 -0.000550631 6.59273e-06 0.00587363
internal_weight=2.4322e+07 1.5508e+06 2.27712e+07 2.25282e+07 2.07706e+07 1.84062e+07 4.74994e+06 2.29116e+06 1.36563e+07 9.66237e+06 3.9939e+06 7.40265e+06 5.44039e+06 276747
internal_count=35946 252 35694 35648 22423 19577 5151 2889 14426 10422 4004 7996 7393 252
cat_boundaries=0 1
cat_threshold=676
is_linear=0
shrinkage=0.05


Tree=77
num_leaves=15
num_cat=0
split_feature=3 1 2 14 21 5 9 26 20 14 27 22 6 5
split_gain=2666.34 2984.84 1789.31 1934 1928.64 3300.37 2136.32 1593.04 1813.6 2101.82 1685.61 1565.44 1524.08 2995.35
threshold=17.441669403438507 17.419860989426706 9.7886500350013499 2.4212814213359697 11.037231308731972 16.957484469440555 0.13056622037921709 0.93301270189221952 -0.042524227494287491 2.2524333299768373 2.5000000000000004 17.361201131539747 17.127461868750938 17.126432758044093
decision_type=2 2 2 10 10 2 2 2 8 10 2 2 2 2
left_child=1 2 -1 4 7 6 -6 8 9 10 -4 -9 13 -10
right_child=-2 -3 3 -5 5 -7 -8 11 12 -11 -12 -13 -14 -15
leaf_value=0.006640738328993482 -0.0031774383078430253 0.0016179102476173938 0.0037150482297238769 -0.0016134563168406118 0.00046174842286093214 0.00065740057388685334 0.00062057280465027014 -3.6052036944344719e-05 -0.00017795031396296315 0.0020564563395501488 -0.0013242692513515718 -0.0055338641501169895 -0.0021856389239069181 0.0019225231424080591
leaf_weight=1286904.3422133923 833635.921875 231268.1923828125 210014.50091552734 2159838.2705955505 99347.155731201172 102195.38916015625 1274159.5864830017 702414.86176300049 15312722.299160004 218619.28858184814 493103.78148651123 786130.89457702637 436885.140625 95917.23193359375
leaf_count=10782 121 39 189 3802 35 20 1511 928 17246 117 448 678 80 19
internal_value=-0.000172876 -7.39236e-05 -0.00013032 -0.000236835 -8.13486e-05 0.00165732 0.00101233 -0.000221893 -8.27269e-05 0.00207333 0.000741972 -0.00178949 -0.000208145 -0.000125575
internal_weight=2.42432e+07 2.34095e+07 2.31783e+07 2.18913e+07 1.97315e+07 1.4757e+06 1.37351e+06 1.82558e+07 1.67673e+07 921738 703118 1.48855e+06 1.58455e+07 1.54086e+07
internal_count=36015 35894 35855 25073 21271 1566 1546 19705 18099 754 637 1606 17345 17265
is_linear=0
shrinkage=0.05


Tree=78
num_leaves=15
num_cat=0
split_feature=10 9 3 7 14 22 15 0 10 24 3 2 21 10
split_gain=2622.93 2847.37 2803.29 3562.42 1603.12 2182.44 1969.38 4953.31 1406.9 2614.56 1433.95 1512.52 1327.99 3087.94
threshold=0.051858354433619906 0.12233181171647202 17.441669403438507 17.374289654612713 2.3613364729033721 19.165897690438403 18.320843101700735 16.845079520562013 0.067051355666603918 1.2939662262770451 16.536166990069358 16.684382928863482 11.037231308731972 1.0000000180025095e-35
decision_type=2 2 2 2 10 2 2 2 2 10 2 2 8 2
left_child=2 -2 3 12 5 -3 7 -7 9 -6 11 -10 -1 -14
right_child=1 4 -4 -5 8 6 -8 -9 10 -11 -12 -13 13 -15
leaf_value=-0.00053076715526183878 0.00034678621575033852 0.00036833582948827111 -0.0035929147037305816 0.0012207775585652706 0.00010044253109383053 0.0033681238405432637 8.3198113013685319e-06 0.0020204521122014793 -0.0008002425877376648 -0.0012457119387711266 -0.0023164697054666788 0.0017471499594661191 9.9001318955547449e-05 0.002106171819314709
leaf_weight=13143889.281885028 268620.69129943848 6584239.2336378098 595079.60986328125 87053.8349609375 38212.911577224731 423947.82470142841 389782.98728942871 165557.38623046875 895086.98950409889 54971.51456451416 245581.5830078125 46628.20263671875 1126870.0630278587 216261.92985010147
leaf_count=19691 85 9703 88 14 76 524 190 35 3631 152 47 11 1411 204
internal_value=-1.33842e-05 0.000657089 -0.000416161 -0.000278813 0.000503056 0.000780039 0.00298234 0.00480559 -0.00113302 0.00478291 -0.00159733 -0.000709979 -0.000339411 0.00115814
internal_weight=2.42818e+07 9.11263e+06 1.51692e+07 1.45741e+07 8.84401e+06 7.56353e+06 979288 589505 1.28048e+06 93184.4 1.1873e+06 941715 1.4487e+07 1.34313e+06
internal_count=35862 14454 21408 21320 14369 10452 749 559 3917 228 3689 3642 21306 1615
is_linear=0
shrinkage=0.05


Tree=79
num_leaves=15
num_cat=0
split_feature=10 4 18 16 25 26 14 15 22 18 15 22 3 3
split_gain=2694.75 3653.76 1718.51 2074.24 1955.47 1796.63 2371.26 3117.44 3129.71 1668.49 1627.51 1808.26 1411.4 2096.93
threshold=0.057840140148659451 17.010791597598551 0.73991455881546375 16.97122621413417 0.93301270189221952 0.6830127018922193 1.5873482501538121 17.979750751109087 18.658842747333861 0.057110123806100706 19.326047965111346 17.765944560180927 17.003614330794793 16.274415002168297
decision_type=2 2 8 2 2 2 8 2 2 10 2 2 2 2
left_child=2 -2 4 -4 5 6 9 -8 12 -1 -11 -12 13 -9
right_child=1 -3 3 -5 -6 -7 7 8 -10 10 11 -13 -14 -15
leaf_value=0.0021072898356888584 0.0003106697584106732 0.00010259811482559636 6.5988396110907535e-05 0.0018011536405106738 -0.0042771914061731564 -0.0037287114706818962 -0.0003346942273840413 0.00089710579093538797 0.0023552544162263999 -0.0025733537992060239 -0.001317787410215029 0.0021725020778093941 -0.0012880280733749319 0.002065762913648348
leaf_weight=691183.96891891956 8225324.3171070814 672226.3544921875 4667170.8114259243 141524.02612304688 1121233.5715093613 2400774.269056201 2555755.4184936285 834861.15018749237 597670.86695432663 1809205.6578102112 150196.10548400879 123836.64373016357 177349.9970703125 74374.811767578125
leaf_count=2157 14050 115 5803 31 1520 3827 4952 1265 190 1673 131 109 33 18
internal_value=-7.65774e-05 0.000615714 -0.000477988 0.00030525 -0.000835448 -0.000600386 -0.000196309 0.000547336 0.00221743 -0.00133279 -0.00203906 0.00155185 0.000618913 0.00141478
internal_weight=2.42427e+07 8.89755e+06 1.53451e+07 4.80869e+06 1.05364e+07 9.41521e+06 7.01443e+06 4.24001e+06 1.68426e+06 2.77442e+06 2.08324e+06 274033 1.08659e+06 909236
internal_count=35874 14165 21709 5834 15875 14355 10528 6458 1506 4070 1913 240 1316 1283
is_linear=0
shrinkage=0.05


Tree=80
num_leaves=15
num_cat=1
split_feature=10 0 2 2 0 2 10 20 25 29 18 4 18 26
split_gain=2846.87 2991.39 2686.61 2332.06 2649.53 1429.21 1373.1 1340.46 1632.41 1299.93 2085.04 1381.23 1279.35 1336.95
threshold=-0.056438637102747387 17.419860989426706 15.321986804136829 17.154710110999769 16.99330550331128 16.995746452383802 0.95361226560188606 -0.042524227494287491 0.25000000000000011 0 0.51408689069345981 15.806872716436748 0.30663818787634861 1.0000000180025095e-35
decision_type=2 2 2 2 2 2 2 10 2 1 10 2 10 2
left_child=2 3 9 4 5 6 -2 8 -4 10 -1 -12 13 -9
right_child=1 -3 7 -5 -6 -7 -8 12 -10 -11 11 -13 -14 -15
leaf_value=-0.0031834268165672136 0.00011765695369666157 0.00029884434609297458 -0.005619931899531562 -0.0027693355296669144 0.00068847794355258876 -0.0049865435372550377 0.026592069397837027 0.00010430153600112841 0.0010037982516402631 -0.0011695852821298179 0.0037832531204077626 0.0073585665322336074 -0.0035182310596119193 -0.0036409158096774455
leaf_weight=1107430.4140290022 11959811.762640953 745686.41357421875 375660.25988769531 544476.26611328125 551915.41284179688 131437.13037109375 67957.586472272873 462596.61486816406 350429.00830078125 5225997.4874639511 1232346.5695073605 60181.119506835938 997243.66845703125 432881.18542480469
leaf_count=3990 18561 110 121 102 114 29 561 116 106 9408 2184 24 235 113
internal_value=-8.79669e-05 0.000375481 -0.00072135 0.00020214 0.000339398 0.000185601 0.000242268 -0.00210306 -0.000276671 -0.000246861 0.000716447 0.00208061 -0.0028037 -0.00143189
internal_weight=2.42461e+07 1.40013e+07 1.02448e+07 1.32556e+07 1.27111e+07 1.21592e+07 1.20278e+07 2.61881e+06 726089 7.62596e+06 2.39996e+06 1.29253e+06 1.89272e+06 895478
internal_count=35774 19477 16297 19367 19265 19151 19122 691 227 15606 6198 2208 464 229
cat_boundaries=0 1
cat_threshold=98
is_linear=0
shrinkage=0.05


Tree=81
num_leaves=15
num_cat=0
split_feature=10 6 0 20 1 18 14 14 20 0 4 17 18 1
split_gain=1795.74 3137.1 2485.35 1852.22 1753.37 1746.95 1505.68 1197.44 2584.5 2967.99 2135.23 1157.73 1135.13 1874.93
threshold=-0.12265312783316408 16.605113665682349 17.419860989426706 0.049313473536420058 16.394248834739713 0.08282833007831257 2.4107511939878674 1.8669079679184366 -0.061209268040578892 15.92068809672695 17.010791597598551 0.00091131824681035009 0.23625071714393409 14.974209097614517
decision_type=2 2 2 10 2 10 10 10 10 2 2 2 10 2
left_child=1 4 3 5 11 -2 7 -7 9 -9 12 -1 13 -10
right_child=2 -3 -4 -5 -6 6 -8 8 10 -11 -12 -13 -14 -15
leaf_value=0.0057539974743985502 0.0025356074331533791 -0.0029442036171000276 0.00019086065631647805 -0.0012430495792680062 0.0034159542899379136 -0.00011558476768741289 -0.0014671672407272835 0.0018153470854993853 0.0011523926589597966 0.003928342570979567 0.00054260409546610304 -0.0016035170262535044 0.000691276313951446 -0.0025820418838974511
leaf_weight=667312.41600072384 2977582.0044609308 704332.013671875 805682.00439453125 948336.36967229843 88745.3154296875 8370713.5458297729 804846.97404956818 136058.62177276611 407637.5044708252 94730.242919921875 314767.935546875 6521490.7981262207 922241.58018493652 491241.45324707031
leaf_count=4257 10018 128 118 1045 22 8034 1431 220 456 28 63 9428 456 189
internal_value=-3.81802e-05 -0.000652476 0.000263115 0.000122095 -0.000344102 0.000261924 -1.66345e-05 0.000139716 0.00113274 0.0061593 0.000589605 -0.000430332 -6.76426e-05 -0.00133207
internal_weight=2.42557e+07 7.98188e+06 1.62738e+07 1.54682e+07 7.27755e+06 1.45198e+07 1.15422e+07 1.07374e+07 2.36668e+06 230789 2.13589e+06 7.1888e+06 1.82112e+06 898879
internal_count=35893 13835 22058 21940 13707 20895 10877 9446 1412 248 1164 13685 1101 645
is_linear=0
shrinkage=0.05


Tree=82
num_leaves=15
num_cat=0
split_feature=0 2 2 0 0 6 11 19 19 22 9 19 8 5
split_gain=1796.47 2257.44 1461.96 2309.09 1408 2005.18 1399.63 1285.79 3628.84 3175.75 3200.82 2859.76 2436.07 2355.1
threshold=17.419860989426706 17.154710110999769 13.182841317882938 13.322616594068213 14.19782601107992 14.248166654976849 -0.31463892221885714 0.00097256279978885011 -0.018468429717034846 19.623793835603895 0.16473991554958628 0.040781185357162006 0.14479226927996539 16.08716199825297
decision_type=2 2 2 2 2 2 2 2 2 2 2 2 2 2
left_child=1 2 3 6 -4 -6 -1 8 -7 10 -10 -9 -13 -12
right_child=-2 -3 4 -5 5 7 -8 11 9 -11 13 12 -14 -15
leaf_value=0.0053558468736303235 0.000154655252523326 -0.0032707995440100662 -0.0026183854877633327 0.006176043058865861 0.0037268186174876775 -0.00064356886049834821 -0.00032983070274558626 -0.0016486498789279169 0.00084495624106728561 0.0024478953066156685 0.0011869958620462037 0.0018221652849553017 -1.3897836241046794e-06 -0.0014740086565247696
leaf_weight=1415688.4557621479 899321.22412109375 741926.529296875 4055519.3280639648 677838.59320068359 587200.78271484375 3090809.0991210938 5204595.3149791956 3358196.0762329102 638758.03942871094 231897.99060058594 1485988.1580810547 308058.52307128906 1076763.5128173828 420047.08911132812
leaf_count=6393 130 136 4225 871 523 1342 18918 1458 201 102 806 103 489 115
internal_value=-3.25869e-05 -0.000117247 -2.79668e-05 0.000554038 -0.000306435 -1.73351e-05 0.000269455 -0.000174736 0.00032013 0.00163203 0.00112158 -0.000786926 0.00112497 9.50356e-05
internal_weight=2.41926e+07 2.32933e+07 2.25514e+07 7.29812e+06 1.52532e+07 1.11977e+07 6.62028e+06 1.06105e+07 5.8675e+06 2.77669e+06 2.54479e+06 4.74302e+06 1.38482e+06 1.90604e+06
internal_count=35812 35682 35546 26182 9364 5139 25311 4616 2566 1224 1122 2050 592 921
is_linear=0
shrinkage=0.05


Tree=83
num_leaves=15
num_cat=2
split_feature=25 26 16 0 0 23 4 7 16 19 28 28 17 18
split_gain=2196.83 2527.15 2473 2868.33 2092.92 5085.14 2080.86 2076.67 1908.58 1703.43 1457.92 1423.83 1405.91 1260.68
threshold=0.93301270189221952 0.6830127018922193 17.298855028885153 16.531633219399612 16.99330550331128 2.5228400253385952 16.401501956730314 16.802510489396727 18.52807987505204 0.061160380032340055 0 1 0.24548736133639038 0.0051459338172857505
decision_type=2 2 2 2 2 10 2 2 2 2 1 1 2 8
left_child=1 4 3 12 7 -6 9 10 -4 -2 -1 -11 -3 -12
right_child=6 2 8 -5 5 -7 -8 -9 -10 11 13 -13 -14 -15
leaf_value=-0.002589079996106464 -0.0026690309928573148 -0.0011040021264856902 -0.0040793561435169432 0.0033796530389115457 -0.00017297679923845196 0.0013181926213097408 -0.0054240698445053893 -0.0013263334982032489 0.00043519265859810296 0.015540354923982034 0.010605799966949287 -0.0014362399217592401 0.0018773836451956702 0.0004360737539182561
leaf_weight=838777.95488929749 1670216.68145895 4334170.5313146114 1122566.0238704681 193400.72802734375 758522.4794921875 662797.89965820312 359631.5068359375 603260.498046875 294610.86404418945 71970.818054199219 243073.39424908161 73801.456209659576 191894.77770996094 12813870.887449741
leaf_count=4272 2892 8271 518 49 135 110 72 124 106 90 2090 167 119 16825
internal_value=-9.39309e-06 0.000140123 -0.000721908 -0.000171883 0.000472401 0.00230342 -0.00152522 0.000292908 -0.00255359 -0.000837088 0.000417588 0.00434643 -0.000426688 0.000547396
internal_weight=2.42326e+07 2.20569e+07 6.13664e+06 4.71947e+06 1.59203e+07 1.42132e+06 2.17562e+06 1.4499e+07 1.41718e+06 1.81599e+06 1.38957e+07 145772 4.52607e+06 1.30569e+07
internal_count=35840 32619 9063 8439 23556 245 3221 23311 624 3149 23187 257 8390 18915
cat_boundaries=0 1 2
cat_threshold=3 260
is_linear=0
shrinkage=0.05


Tree=84
num_leaves=15
num_cat=0
split_feature=10 2 5 10 26 24 4 24 19 9 18 14 22 18
split_gain=1982.15 2780.2 2158.37 1628.45 2219.72 1597.48 2543.55 1942.89 1500.03 2082.23 1303.14 2322.52 2201.78 1521.94
threshold=0.017793595495978452 16.395876229078294 16.316951694982571 -0.11840866055289374 1.0000000180025095e-35 0.33660816111543251 16.850127835172454 -1.7458481914143897 0.059274043176975655 0.28148266466704341 0.4760399267297884 1.2129449232471983 17.160547384304511 0.99898295829216222
decision_type=2 2 2 2 2 8 2 10 2 2 8 8 2 8
left_child=1 2 10 -3 -5 7 8 -2 -7 -10 -1 -12 13 -13
right_child=5 3 -4 4 -6 6 -8 -9 9 -11 11 12 -14 -15
leaf_value=-0.0011014164203361715 0.017130691706840975 -0.0024455417668897304 0.0021047659057287934 2.3616432752874577e-05 -0.0017507351006578659 0.00025744567721626069 0.00037084314417289171 -0.0010766463802799151 0.0033877805457378368 0.0026244291728202349 -0.0015656420869498014 -0.0013100424890558329 0.004396279082339259 0.0029264655323912119
leaf_weight=6344844.3592803478 76559.639686584473 822680.48095703125 150486.2626953125 753714.23217773438 707302.06005859375 8202025.0551208258 841833.4921875 1235329.1496343613 62895.146881103516 207467.85224401951 1747926.5324630737 1145886.5629043579 1192977.2540473938 837929.42366695404
leaf_count=13330 138 155 37 154 141 13568 148 1692 48 386 2418 1205 1117 1386
internal_value=-3.96644e-05 -0.000437071 -0.000118598 -0.00202966 -0.00102775 0.000472844 0.000702922 -0.00116068 0.00044247 0.00410688 -0.00019803 0.000412254 0.00121768 0.00019691
internal_weight=2.43299e+07 1.37037e+07 1.14201e+07 2.2837e+06 1.46102e+06 1.06261e+07 9.31422e+06 1.31189e+06 8.47239e+06 270363 1.12696e+07 4.92472e+06 3.17679e+06 1.98382e+06
internal_count=35923 19943 19493 450 295 15980 14150 1830 14002 434 19456 6126 3708 2591
is_linear=0
shrinkage=0.05


Tree=85
num_leaves=15
num_cat=2
split_feature=3 0 15 1 9 10 28 26 29 17 20 26 9 27
split_gain=1852.65 1837.64 5501.27 1802.68 1500.08 1989.09 1162.9 1078.41 1274.09 1058.43 2032.93 1363.59 1186.36 2456.23
threshold=17.441669403438507 16.99330550331128 18.469007873877761 16.993748182993098 0.98917281280080072 -0.38743022489779827 0 0.6830127018922193 1 0.31457028705829077 0.010512023056598601 1.0000000180025095e-35 0.13056622037921709 3.5000000000000004
decision_type=2 2 2 2 2 2 1 2 1 2 8 2 2 2
left_child=1 3 -3 4 5 6 7 -1 -9 12 11 -11 13 -7
right_child=-2 2 -4 -5 -6 9 -8 8 -10 10 -12 -13 -14 -15
leaf_value=-0.0037856935375536189 -0.0018327932683297396 0.00091882404685849229 -0.00052306560550642589 -0.0041103278643611031 0.0028021951013574493 0.0012779453364633148 -0.0075285893808936634 0.0059518153305345824 -0.0079619125905820275 0.00034154070265157488 -0.0028035873188261497 -0.0017349971702686256 5.3800096121510186e-07 0.00010466421133540135
leaf_weight=911971.69626998901 903783.25732421875 729817.3916015625 681243.54907226562 280691.19458007812 3682294.5239104033 122395.01034545898 644395.64583969116 149424.03644943237 121274.557310462 369689.888671875 593287.63244628906 366595.42468261719 14433455.180476665 380214.29150390625
leaf_count=1072 131 143 126 58 15367 144 866 140 164 131 279 145 16850 357
internal_value=-4.72176e-05 3.83362e-05 0.00178762 -7.35782e-05 -2.22561e-05 -0.000209478 -0.00177372 -0.000842565 0.00192869 -3.37718e-05 -0.00138562 0.000369409 8.65666e-05 0.00247455
internal_weight=2.43705e+07 2.34668e+07 1.41106e+06 2.20557e+07 2.1775e+07 1.80927e+07 1.82707e+06 1.18267e+06 270699 1.62656e+07 1.32957e+06 736285 1.49361e+07 502609
internal_count=35973 35842 269 35573 35515 20148 2242 1376 304 17906 555 276 17351 501
cat_boundaries=0 1 2
cat_threshold=348 10
is_linear=0
shrinkage=0.05


Tree=86
num_leaves=15
num_cat=0
split_feature=10 4 25 25 24 9 2 16 24 5 19 5 25 2
split_gain=1697.08 1958.75 1459.97 2374.09 5565.83 7573.51 1821.78 1671.83 1631.81 1604.24 1579.74 4978.54 1567.44 2143.95
threshold=0.26245826620048884 16.546269291430637 0.93301270189221952 0.68301270189221941 0.86965070831088365 0.15408858868079631 16.395876229078294 16.845668249076766 0.63487293097619857 15.662058436694817 -0.014479573299769398 15.225370992279283 -0.5 16.395876229078294
decision_type=2 2 2 2 8 2 2 2 10 2 2 2 2 2
left_child=2 -2 3 12 5 -5 -4 10 9 -7 11 -6 -1 -14
right_child=1 -3 6 4 7 8 -8 -9 -10 -11 -12 -13 13 -15
leaf_value=6.2943116358126175e-05 0.0012093647791096339 0.0010689582688873914 -0.0021117156604537296 0.0026087374297785321 0.0010376151564499708 0.0042740242061187414 -0.006304300592258655 -0.002472328266994425 0.0051284981291669597 -0.001050048877918465 -0.00014446946447092918 0.0078065336797428428 -0.00078161461854635642 -0.0020238055593516974
leaf_weight=6625710.3061947823 2788338.8213418722 115882.19140625 1621285.1552634239 177322.20555114746 630442.94018983841 424526.72227430344 327069.44555664062 780751.10132598877 101530.51015472412 146201.10302734375 1378030.2092347145 150666.73754882812 7090811.4425647259 1834339.4899902344
leaf_count=9255 6807 23 2547 58 1260 812 64 378 144 38 2372 54 11635 373
internal_value=-0.000136727 0.000997074 -0.000291401 -0.000159978 0.000962233 0.00452682 -0.00159597 -6.78739e-05 0.00210228 0.00106326 0.000649121 0.00244549 -0.000433442 -0.000865951
internal_weight=2.41929e+07 2.90422e+06 2.12887e+07 1.93403e+07 3.78947e+06 849581 1.94835e+06 2.93989e+06 672258 570728 2.15914e+06 781110 1.55509e+07 8.92515e+06
internal_count=35820 6830 28990 26379 5116 1052 2611 4064 994 850 3686 1314 21263 12008
is_linear=0
shrinkage=0.05


Tree=87
num_leaves=15
num_cat=0
split_feature=10 3 0 8 9 9 0 21 24 9 24 5 4 6
split_gain=2005.38 2811.83 2638.9 2041.08 2417.33 1724.53 3248.58 1705.75 2332.26 1226.04 1252.89 1391.01 1204.59 1929.55
threshold=-0.053331828534046645 17.441669403438507 17.419860989426706 0.064775341821398311 0.11252992811194856 0.20711755430775916 16.99330550331128 10.486149554514741 1.9225388344841303 0.12233181171647202 1.1046866433200202 17.126432758044093 16.850127835172454 16.80495009680509
decision_type=2 2 2 2 2 2 2 10 8 2 8 2 2 2
left_child=1 5 3 -2 -5 7 -7 8 -1 -6 11 -11 13 -12
right_child=2 -3 -4 4 9 6 -8 -9 -10 10 12 -13 -14 -15
leaf_value=0.0017300831851180304 0.00044986386828316553 -0.0035097807561552657 0.00032726867843459016 -0.0010918416980205108 0.00072308348069667183 -0.00038358877847777804 0.0012566684235217392 -0.0021332253278812424 -0.0020667852980196136 -0.00031712453850005971 0.00049525281365701043 -0.0034126881653381473 0.00062699842219420118 -0.0077577116236608352
leaf_weight=156281.14666748047 181814.23887062073 348650.4423828125 644304.1630859375 458128.38848876953 222156.35516357422 8616878.2823365927 74619.7705078125 949087.33958435059 344370.18307495117 3068595.5528659821 8456795.2516856194 175703.3955078125 342630.97241210938 235517.36083984375
leaf_count=95 247 52 95 170 103 15679 13 472 262 4644 14076 33 71 52
internal_value=-6.40412e-05 -0.00058501 0.000332379 0.000179202 0.000105395 -0.000433225 -0.000166934 -0.0020297 0.000331693 0.000236119 0.000169518 -0.000673319 0.000472166 0.000357543
internal_weight=2.42755e+07 1.04899e+07 1.37856e+07 1.31413e+07 1.29595e+07 1.01412e+07 8.6915e+06 1.44974e+06 500651 1.25014e+07 1.22792e+07 3.2443e+06 9.03494e+06 8.69231e+06
internal_count=36064 16573 19491 19396 19149 16521 15692 829 357 18979 18876 4677 14199 14128
is_linear=0
shrinkage=0.05


Tree=88
num_leaves=15
num_cat=1
split_feature=9 1 9 27 8 15 2 16 30 0 8 7 14 2
split_gain=2576.34 6889.54 1545.2 2579.24 1465.91 1818.65 1390.19 3582.8 1586.63 1731.17 1574.2 1277.45 1232.81 1073.62
threshold=0.13056622037921709 17.419860989426706 0.11252992811194856 7.5000000000000009 0.079084972427515068 19.288664296135448 16.684382928863482 18.407908271991452 0 15.92068809672695 0.14845197074217406 15.63972473235072 2.4809889045160438 10.660628580878607
decision_type=2 2 2 2 2 2 2 2 1 2 2 2 10 2
left_child=1 2 4 -4 5 -1 8 10 9 11 -8 -2 13 -10
right_child=6 -3 3 -5 -6 -7 7 -9 12 -11 -12 -13 -14 -15
leaf_value=-0.0020727293821210658 0.001568266914031015 0.0018769758972926336 0.00053293236834974801 -0.0013865642921131521 -0.00076262830905055739 0.00031428147858717615 -0.00036591960023512861 0.00018412490055531232 0.0061281164680127018 0.0014183803134399557 -0.0028956999755412084 -0.0068787660732019312 -0.0019502942761391367 -9.1006705957175587e-05
leaf_weight=163364.45928955078 5002113.9282151461 257930.17822265625 333331.95893859863 221992.33395385742 421726.70956420898 123260.31396484375 650797.42919921875 872334.712890625 947927.51514410973 428199.53857421875 904612.69702148438 255332.68603515625 1384658.1310069561 12222167.743888855
leaf_count=211 8901 37 153 111 157 39 127 155 5627 134 183 91 6083 13740
internal_value=9.91124e-05 0.00209076 0.000570747 0.00254542 -0.000977331 0.00178171 -3.45776e-05 -0.00116517 0.000101032 0.000809321 -0.00260364 0.00056033 -0.000175653 -2.64451e-05
internal_weight=2.41898e+07 1.52161e+06 1.26368e+06 555324 708351 286625 2.26681e+07 2.42774e+06 2.02404e+07 5.68565e+06 1.55541e+06 5.25745e+06 1.45548e+07 1.31701e+07
internal_count=35749 708 671 264 407 250 35041 465 34576 9126 310 8992 25450 19367
cat_boundaries=0 1
cat_threshold=10
is_linear=0
shrinkage=0.05


Tree=89
num_leaves=15
num_cat=1
split_feature=25 25 9 28 18 17 1 22 10 11 12 0 24 9
split_gain=1555.66 3296 6703.93 2959.96 3994.91 2128.45 1845.98 1633.25 1518.16 1738.35 1330.64 1283.19 1273.24 2169.55
threshold=0.93301270189221952 0.68301270189221941 0.13823427102772126 0 0.51408689069345981 0.029726195849631203 15.800436703226532 17.738574498502665 -0.3190146523152117 -0.053015775475538242 8.5000000000000018 15.025324965703875 6.3963118133265811 0.13056622037921709
decision_type=2 2 2 1 10 2 2 2 2 2 2 2 10 2
left_child=1 10 -3 4 7 11 -2 -4 -9 -10 -1 -5 -12 -14
right_child=6 2 3 5 -6 -7 -8 8 9 -11 12 -13 13 -15
leaf_value=0.010638042355261647 -0.0015999331996707133 0.0024239200129202517 -0.0016910663793117755 0.00076251933956111113 0.0028494495370211172 -0.00099591345183085286 -0.0047302930406823915 -0.0024839863668362377 0.0018883311817777121 0.0094249383873573032 -0.00031459505294043966 0.0070363625364433845 0.0014781643908389659 0.00082583249416281243
leaf_weight=416597.07311356068 1591170.0958824158 313788.18426513672 380398.68276119232 1619146.0610089302 138616.07646179199 962392.67866516113 500259.74389648438 173459.31404781342 170510.42899131775 198056.70453453064 15526658.046979427 174949.03210449219 90663.194107055664 1883803.6789674759
leaf_count=3329 3016 152 1143 3432 77 554 117 250 208 233 20118 84 34 3030
internal_value=-0.000111473 1.21444e-05 0.00128525 0.0007078 0.00295184 -0.000155997 -0.00141472 0.00176255 0.00352509 0.00534044 -0.000281399 0.000861602 -0.000347877 0.000848052
internal_weight=2.41405e+07 2.2049e+07 4.13132e+06 3.81753e+06 1.06104e+06 2.75649e+06 2.09143e+06 922425 542026 368567 1.79177e+07 1.7941e+06 1.75011e+07 1.97447e+06
internal_count=35777 32644 6133 5981 1911 4070 3133 1834 691 441 26511 3516 23182 3064
cat_boundaries=0 1
cat_threshold=228
is_linear=0
shrinkage=0.05


Tree=90
num_leaves=15
num_cat=1
split_feature=10 2 0 26 28 27 22 26 16 2 22 0 9 8
split_gain=1311.38 3304.88 2419.54 1276.65 2087.11 2883.98 2094.2 3011.18 5587.5 2690.73 1795.53 3264.59 1727.7 1655.33
threshold=-0.20240299002401932 16.395876229078294 15.801121753769563 0.93301270189221952 0 1.5000000000000002 19.442384479942255 -0.24999999999999997 18.314513342829532 16.995746452383802 18.647042967283316 16.272741767951768 0.34825751579853986 0.089262396150043263
decision_type=2 2 2 2 1 2 2 2 2 2 2 2 2 2
left_child=1 2 -1 4 5 -2 13 8 -8 12 11 -5 -9 -7
right_child=3 -3 -4 10 -6 6 7 9 -10 -11 -12 -13 -14 -15
leaf_value=-0.0017828506983188367 -0.0054356022176212139 -0.0030197372727938138 0.0043858423378780017 -0.0015839870255641162 -8.1162407062125211e-05 0.0012884561580073515 0.00056329091322174793 0.001020726468657953 0.0022977888581237004 -0.0021065792266862656 -0.0042482318325314248 0.00068909198819628594 0.0029847620321540101 0.0007287699128184597
leaf_weight=5156350.9875905514 539432.14168977737 414131.232421875 299528.96801757812 1047762.6410620213 11304931.266600013 124695.8984375 305800.42057490349 193343.47805786133 213669.19403076172 252186.02685546875 502306.45264911652 119860.9990234375 156183.11813652515 3584571.9537642002
leaf_count=11187 719 77 84 1801 14877 112 174 81 83 47 318 31 165 6142
internal_value=-4.3349e-05 -0.000693824 -0.000366962 0.000164792 0.000296791 0.00110843 0.00149565 0.00338927 0.00617805 0.000981657 -0.00115326 -7.79061e-05 0.00382174 0.000923281
internal_weight=2.42148e+07 5.87001e+06 5.45588e+06 1.83447e+07 1.66748e+07 5.36988e+06 4.83045e+06 1.12118e+06 519470 601713 1.66993e+06 1.16762e+06 349527 3.70927e+06
internal_count=35898 11348 11271 24550 22400 7523 6804 550 257 293 2150 1832 246 6254
cat_boundaries=0 1
cat_threshold=692
is_linear=0
shrinkage=0.05


Tree=91
num_leaves=15
num_cat=2
split_feature=6 0 29 0 1 25 16 15 15 25 20 11 25 29
split_gain=1783.54 4224.2 1860.61 1669.07 4089.15 2078.53 1573.16 1291.82 3074.59 2173.96 2533.23 2855.15 2219.82 1764.11
threshold=14.694520700668557 14.82482845695414 0 15.191273691281006 15.318614265512148 0.93301270189221952 15.592566388073381 19.335911568665306 19.2861135619324 -0.5 0.013554986683557752 -0.049274848705236289 0.68301270189221941 1
decision_type=2 2 1 2 2 2 2 2 2 2 10 2 2 1
left_child=1 -1 -3 -2 6 7 -5 8 9 10 11 -6 -11 -14
right_child=3 2 -4 4 5 -7 -8 -9 -10 12 -12 -13 13 -15
leaf_value=0.00014890368171025696 -0.001841762567356169 0.010060434803822182 0.0031868657387823943 0.0012665797424641389 -0.00010428589299916671 -0.0034121952467947047 0.0033233000394532705 -0.00089934924672513796 0.0010459419766081822 -0.0016683378750956405 -0.0019220760036182463 0.0015461161393711597 -0.00089789640412660352 0.00057421860204982756
leaf_weight=13197276.898878574 2455689.3106689453 154155.15728759766 145055.98773193359 361188.84411621094 550495.1171875 667169.80419921875 476543.60864257812 1116742.8814697266 797099.576171875 2249919.2458496094 451685.30004882812 627295.30419921875 416267.59521484375 540090.830078125
leaf_count=31772 1361 106 104 179 138 178 231 295 210 605 135 168 101 152
internal_value=-0.000142128 0.000240197 0.00611489 -0.000623917 -0.000283469 -0.000657482 0.00302781 -0.000394322 -8.63261e-05 -0.000560594 0.000926506 0.00214737 -0.00131636 0.000701548
internal_weight=2.42067e+07 1.34965e+07 299211 1.07102e+07 8.2545e+06 7.41677e+06 837732 6.7496e+06 5.63285e+06 4.83575e+06 1.62948e+06 1.17779e+06 3.20628e+06 956358
internal_count=35735 31982 210 3753 2392 1982 410 1804 1509 1299 441 306 858 253
cat_boundaries=0 1 2
cat_threshold=5 24
is_linear=0
shrinkage=0.05


Tree=92
num_leaves=15
num_cat=0
split_feature=26 22 17 14 0 9 4 8 14 0 9 2 0 2
split_gain=1431.88 1355.41 1467.43 1140.53 2499.58 2177.05 2609.16 1421.27 1315.17 4092.49 2132.34 1825.59 2541.05 1259.64
threshold=0.93301270189221952 18.647042967283316 0.083132364249998369 2.3334848586561807 17.419860989426706 0.36967858473553522 16.278214614679609 0.079084972427515068 2.0855647629387168 16.99330550331128 0.15408858868079631 15.801121753769563 15.191273691281006 15.321986804136829
decision_type=2 2 2 10 2 2 2 2 10 2 2 2 2 2
left_child=3 2 -2 8 5 7 -7 -5 13 10 -10 12 -12 -1
right_child=1 -3 -4 4 -6 6 -8 -9 9 -11 11 -13 -14 -15
leaf_value=0.00066896004804797805 -0.0017894805010511884 -0.0044245435665613729 0.00056224341793619903 0.00035902492713843433 0.00013402588983811684 -0.00036356797390625189 0.0033852097708112015 -0.0010388022936398016 0.00092520829863452147 0.0019554094374278209 0.00040458396245509113 -0.0018649728987057365 0.0036054321718008327 -0.00015317249563575781
leaf_weight=11325454.227119446 1298226.6896045208 528611.25261116028 167286.39840698242 144301.19624328613 140215.5 1600475.8938748837 189037.45288085938 2007033.1111469269 160981.2276763916 210510.5576171875 1262765.2107224464 416015.25756835938 180325.08215332031 4412423.6362304688
leaf_count=19700 2352 432 104 78 23 6862 47 2386 65 42 2188 110 80 1279
internal_value=-7.51814e-05 -0.00135824 -0.000575347 4.08563e-05 -0.000713702 -0.000947113 0.000341421 -0.00201894 0.000212234 0.00134847 0.000657107 0.000179083 0.00102034 5.11909e-05
internal_weight=2.40437e+07 1.99412e+06 1.46551e+06 2.20495e+07 4.08106e+06 3.94085e+06 1.78951e+06 2.15133e+06 1.79685e+07 2.2306e+06 2.02009e+06 1.85911e+06 1.44309e+06 1.57379e+07
internal_count=35748 2888 2456 32860 9396 9373 6909 2464 23464 2485 2443 2378 2268 20979
is_linear=0
shrinkage=0.05


Tree=93
num_leaves=15
num_cat=0
split_feature=10 6 21 9 22 19 5 9 5 2 15 11 21 20
split_gain=1833.74 2808.07 1777.21 4164.62 2359.9 2061.47 1736.31 1538.46 3128.46 1438.95 1315.31 1281.44 1383.56 1139.21
threshold=-0.053331828534046645 17.127461868750938 11.037231308731972 0.12233181171647202 19.617331230798943 0.028972848213832555 17.126432758044093 0.22412303304650502 16.793627513211842 16.684382928863482 18.320843101700735 -0.15338222727350806 11.083893699334228 0.040505058366572803
decision_type=2 2 8 2 2 2 2 2 2 2 2 2 10 8
left_child=1 7 9 -4 5 6 11 13 -9 -2 -11 12 -5 -1
right_child=2 -3 3 4 -6 -7 -8 8 -10 10 -12 -13 -14 -15
leaf_value=-0.0018919673661647457 0.00030393543000707993 -0.002529836576627119 0.0016763233157776878 0.0032438063590140851 -0.00060320272592014328 0.0077760906032668014 0.00049965872138095458 -0.00033529698416636788 0.00054430043302273665 6.8142869297436795e-05 -0.0012166162092667743 -0.00023782578184595093 0.00044069813402320725 0.00012797922686285323
leaf_weight=1203734.9383544922 10523525.1436764 490713.03369140625 206265.45359802246 48653.489660263062 425500.16986083984 134756.98002910614 90227.2431640625 8214303.7134916782 95851.29296875 614358.3720703125 1132018.8764648438 495119.03956842422 97861.403209924698 433367.37483215332
leaf_count=657 17500 77 70 71 162 200 14 15300 18 128 220 745 246 347
internal_value=-0.000107371 -0.000607183 0.000271545 0.00189713 0.000843933 0.00234121 0.00129479 -0.000425034 -0.000149043 7.30314e-05 -0.00125615 0.000381529 0.00448915 -0.001826
internal_weight=2.42063e+07 1.0438e+07 1.37683e+07 1.49838e+06 1.29212e+06 866618 731861 9.94726e+06 8.31016e+06 1.22699e+07 1.74638e+06 641634 146515 1.6371e+06
internal_count=35755 16399 19356 1508 1438 1276 1076 16322 15318 17848 348 1062 317 1004
is_linear=0
shrinkage=0.05


Tree=94
num_leaves=15
num_cat=1
split_feature=10 0 3 8 11 11 20 29 17 7 1 6 18 23
split_gain=1955.55 2027.75 1679.85 1657.91 2514.96 1720.99 2543.49 1584.35 1601.11 1599.86 1406.77 1576.64 1313.32 1259.77
threshold=0.029891896266188451 16.99330550331128 17.441669403438507 0.064775341821398311 0.032923249166138611 -0.11403850337572048 0.0039345413599795008 0 0.39280578722323817 17.112074389479542 16.271507969604979 15.951749892335336 0.99991832796946301 3.9102097402214055
decision_type=2 2 2 2 2 2 10 1 2 2 2 2 10 10
left_child=2 10 3 4 5 6 -1 8 12 -9 11 -2 -5 -14
right_child=1 -3 -4 7 -6 -7 -8 9 -10 -11 -12 -13 13 -15
leaf_value=-0.010750217820947865 0.00047255888067776995 0.00037325177527707378 -0.0020734698042845336 -0.00010398454082171838 0.002208022592361125 -0.0020332381869292899 0.00084224188867221587 -0.00085615326659635872 0.00050415990544176216 -0.0015972182862145836 -0.00078575648585373819 0.0016497452771713191 0.0010629978011271503 0.0084070944073135374
leaf_weight=31049.114194154739 7646144.0159317255 1115932.6628417969 547790.41064453125 4806374.5898108482 43164.383411884308 59015.986226081848 23466.986189246178 7314582.3656284809 182417.63488769531 222613.39990234375 1086480.9990234375 324297.1015625 671263.13382077217 171616.64667892456
leaf_count=214 14829 199 81 9115 63 91 32 9478 56 41 296 106 854 331
internal_value=-1.37836e-05 0.00051437 -0.000395557 -0.000285622 0.00482755 0.000921756 0.00732681 -0.000345553 0.000273256 -0.000824337 0.00026658 0.00049665 0.000124382 0.00194486
internal_weight=2.42462e+07 1.01729e+07 1.40734e+07 1.35256e+07 156696 113532 54516.1 1.33689e+07 5.83167e+06 7.5372e+06 9.05692e+06 7.97044e+06 5.64925e+06 842880
internal_count=35786 15430 20356 20275 400 337 246 19875 10356 9519 15231 14935 10300 1185
cat_boundaries=0 1
cat_threshold=58
is_linear=0
shrinkage=0.05


Tree=95
num_leaves=15
num_cat=1
split_feature=0 2 24 10 19 0 24 18 28 3 0 1 0 22
split_gain=1399.9 2685.53 1816.54 2390.85 1878.99 1399.28 1609.35 1177.33 1799.58 1301.01 1055.89 2891.2 2281.83 1836.35
threshold=17.419860989426706 16.395876229078294 2.6579006910763554 -0.0033114177625187999 0.0023306812258853502 16.272741767951768 2.1287889848007757 0.061135994298241854 0 14.668449700368564 14.737066263731045 14.974209097614517 15.191273691281006 17.325438677254457
decision_type=2 2 10 2 2 2 10 10 1 2 2 2 2 2
left_child=1 5 3 -3 -5 7 -7 8 -1 -10 -9 12 13 -12
right_child=-2 2 -4 4 -6 6 -8 10 9 -11 11 -13 -14 -15
leaf_value=-0.0012219540167539701 0.00032895068422405084 -0.00099187617473632376 -0.0014246149276674967 0.0006938958777390887 -0.00063705601326741841 -0.00028204378913596929 0.004078520631769487 -0.00092251369170557619 0.0031560975385782741 0.0034321886757676581 0.0026879981590855126 -0.00019720983562642857 0.0035632106543045904 -0.0013082898504690396
leaf_weight=1515409.7270450592 860719.02392578125 1254872.6931152344 905019.8447265625 701163.16333007812 593086.51733398438 367617.59448242188 388312.60473632812 9912961.6107816696 2611127.0470380783 133079.90161132812 514521.38775634766 3656056.4501953125 276032.84729003906 467609.2060546875
leaf_count=6562 126 254 217 159 132 107 114 16157 9599 78 328 1553 146 281
internal_value=-4.86972e-05 -0.000121857 -0.00140853 -0.000725313 0.000782479 0.000102121 0.00221195 1.85613e-05 0.000751212 0.00151492 -0.000191918 0.000407355 0.00247473 0.00134588
internal_weight=2.41576e+07 2.32969e+07 3.45414e+06 2.54912e+06 1.29425e+06 1.98427e+07 755930 1.90868e+07 4.25962e+06 2.74421e+06 1.48272e+07 4.91422e+06 1.25816e+06 982131
internal_count=35813 35687 762 545 291 34925 221 34704 16239 9677 18465 2308 755 609
cat_boundaries=0 1
cat_threshold=267
is_linear=0
shrinkage=0.05


Tree=96
num_leaves=15
num_cat=0
split_feature=19 19 0 16 19 21 0 25 24 16 8 0 8 21
split_gain=1691.79 5343.08 4097.69 2549.43 2187.12 2732.28 1709.7 1675.22 2113.4 1885.65 2092.55 6530.67 1777.95 1586.49
threshold=-0.021836054212983447 -0.013014312526441299 16.272741767951768 16.574267766561174 -0.043346914351681191 10.714103478350465 15.554735341441647 -0.5 8.9320038468601108 18.52807987505204 0.18165308323071347 16.99330550331128 0.079084972427515068 11.296005246241513
decision_type=2 2 2 2 2 10 2 2 10 2 2 2 2 8
left_child=3 2 13 6 5 -5 -1 8 9 10 12 -12 -3 -2
right_child=1 7 -4 4 -6 -7 -8 -9 -10 -11 11 -13 -14 -15
leaf_value=-0.00083198106650786375 0.00080610764642228541 0.00016001455337433623 0.0011135290360602115 0.0022901521370820906 -0.0031615881003591341 -0.0022016907661121191 0.0035936299744773223 -0.00059619029400945157 0.0074264519053474504 0.00071379243548104997 0.00088085222036724084 0.001631582882825125 -0.0015194118229306 0.0047030292261065355
leaf_weight=3671604.3212567568 2652447.4258053303 206484.35316979885 699281.5322265625 266700.25368499756 1560957.3450279236 212161.81790924072 426147.8876953125 9873246.8575253487 227783.81711101532 178083.2685546875 3154385.7519140244 99006.98876953125 976006.42314910889 108161.4758234024
leaf_count=7794 4773 142 149 138 840 115 147 14549 397 65 5985 19 581 145
internal_value=-5.3356e-05 0.000189021 0.00195701 -0.000771095 -0.00221544 0.00074054 -5.21158e-05 -0.00022668 0.000535144 0.000303039 0.000100511 0.000755221 -0.0017008 0.00109098
internal_weight=2.43125e+07 1.81749e+07 3.45989e+06 6.13757e+06 2.03982e+06 478862 4.09775e+06 1.4715e+07 4.84175e+06 4.61397e+06 4.43588e+06 3.25339e+06 1.18249e+06 2.76061e+06
internal_count=35839 26805 5067 9034 1093 253 7941 21738 7189 6792 6727 6004 723 4918
is_linear=0
shrinkage=0.05


Tree=97
num_leaves=15
num_cat=0
split_feature=10 17 26 14 0 4 22 17 20 4 17 9 27 21
split_gain=1628.11 2491.89 2118.48 2921.94 2222.37 1976.4 1954.35 2862.43 2359.52 1611.24 1831.09 1335.64 1312.36 4268.2
threshold=-0.36819048945318128 0.021827659434002052 0.6830127018922193 2.2145750821759007 17.419860989426706 16.850127835172454 17.373603326582536 0.037688364822814006 -0.06719629031158833 15.051618336847701 0.022488668809496602 0.13056622037921709 2.5000000000000004 10.657170068442776
decision_type=2 2 2 10 2 2 2 2 8 2 2 2 2 8
left_child=1 -1 6 4 5 -4 7 9 -8 -2 -11 -9 13 -10
right_child=2 -3 3 -5 -6 -7 8 11 12 10 -12 -13 -14 -15
leaf_value=-0.00041907513020248121 -8.8908311123031157e-06 -0.0050147447739783101 -1.2758544806946619e-05 -0.0046819061046022986 0.0011052318418515268 -0.0036980048608582124 0.0028869244531501219 0.00022929875522047154 0.0024158097904301064 0.00049395870706540597 0.0074414437157648214 -0.0029917913394290649 0.00025156079063485903 -0.0015600008112888484
leaf_weight=2071985.1177196503 4731918.150724411 1162137.2421875 3692140.8700610399 1473642.9167845249 152630.58447265625 210074.98779296875 212652.52753067017 173875.32339477539 694818.88139438629 388574.771484375 282446.90161132812 1398761.8455505371 7479557.4395318031 289686.50933456421
leaf_count=6746 10616 945 4754 2513 22 40 178 55 837 198 117 972 7717 191
internal_value=-6.22068e-05 -0.00110711 9.73412e-05 -0.000744049 -5.10842e-05 -0.000282587 0.000394525 -0.000228593 0.000895476 0.000317853 0.00261075 -0.00210596 0.000764784 0.00248086
internal_weight=2.44149e+07 3.23412e+06 2.11808e+07 5.52849e+06 4.05485e+06 3.90222e+06 1.56523e+07 6.97558e+06 8.67672e+06 5.40294e+06 671022 1.57264e+06 8.46406e+06 984505
internal_count=35901 7691 28210 7329 4816 4794 20881 11958 8923 10931 315 1027 8745 1028
is_linear=0
shrinkage=0.05


Tree=98
num_leaves=15
num_cat=1
split_feature=8 10 29 21 26 0 14 16 3 6 22 10 10 2
split_gain=1338.16 1774.61 1654.97 1632.19 3969.58 3042.74 1962.85 2834.26 1975.45 1750.43 1683.36 1125.01 2128.65 1587.62
threshold=0.83384651316267966 -0.38743022489779827 0 11.037231308731972 -0.24999999999999997 14.82482845695414 2.3334848586561807 18.650510177953056 17.441669403438507 15.284932258225647 19.62016056693923 1.0000000180025095e-35 0.04619646019654141 14.702044463091365
decision_type=2 2 1 10 2 2 10 2 2 2 2 2 2 2
left_child=1 2 -1 6 5 -5 7 8 -3 -8 11 13 -13 -6
right_child=-2 3 -4 4 10 -7 9 -9 -10 -11 -12 12 -14 -15
leaf_value=0.00051616183740609239 0.0026779460330738922 -5.0365560781914391e-05 -0.0066443919032793831 -0.00055952400823802478 0.0032414678922391619 0.00091668358846183943 -0.00048002743231813735 0.0014965448025980638 -0.0023718819735029126 -0.0008933383376259331 -0.0016169287995118507 0.0041669985977269156 0.00038130757259187512 -0.0035224938987392647
leaf_weight=582974.84341847897 3538576.5957591534 13537906.790437937 1218846.7767708302 307156.1735200882 199512.22810745239 540010.23376464844 1523427.3181791306 136696.16668701172 204247.43701171875 1366145.2369384766 381764.27648925781 109300.20405578613 392519.66972827911 171856.25952148438
leaf_count=892 14209 12876 1508 451 282 131 4609 51 31 352 151 76 375 40
internal_value=-0.000119691 -0.000273484 -0.0017727 -0.000130335 0.00118302 0.00382751 -0.000294979 -4.81429e-05 -0.000119406 -0.00148055 -0.000602172 0.000608673 0.00215258 -0.00147757
internal_weight=2.42109e+07 2.06724e+07 1.80182e+06 1.88705e+07 2.10212e+06 847166 1.67684e+07 1.38789e+07 1.37422e+07 2.88957e+06 1.25495e+06 873188 501820 371368
internal_count=36034 21825 2400 19425 1506 582 17919 12958 12907 4961 924 773 451 322
cat_boundaries=0 1
cat_threshold=38
is_linear=0
shrinkage=0.05


Tree=99
num_leaves=15
num_cat=1
split_feature=26 14 29 19 20 17 24 25 23 4 11 2 21 8
split_gain=1325.46 3533.93 2398.53 2103.51 3790.28 5099.47 2044.13 2027.36 2308.6 2846.61 1943.49 1844.61 1830.89 3633.17
threshold=0.6830127018922193 2.2524333299768373 0 -0.0083378322809124477 0.030705938114335352 0.048259312180682655 0.12805959700701952 0.93301270189221952 0.50349378463046413 14.401007350280038 0.064579413512144662 14.100188952754801 11.075003298483759 0.15560614218777458
decision_type=2 10 1 2 10 2 8 2 8 2 2 2 8 2
left_child=3 2 6 4 7 -6 -2 -1 9 -9 12 -3 13 -8
right_child=1 11 -4 -5 5 -7 10 8 -10 -11 -12 -13 -14 -15
leaf_value=0.00047800775046193551 0.00305490511383781 -0.00060847179982365584 -0.00092729864063987211 -0.00018960961495425319 0.00033049855622252966 0.0025279241460641894 0.0052783798651955616 -0.0009048893528606208 -0.0041028578373843638 0.0044205654257452893 -0.00041300885222089295 -0.0070188565465170993 -0.00271665375315177 0.0013394043076140026
leaf_weight=6677392.8443676233 127655.45904922485 509845.74781107903 3391663.660620451 10328444.851844668 123548.98819923401 89955.230834960938 95468.291119098663 131243.56347227097 848203.37621259689 57220.736389160156 507045.78243970871 937599.55639648438 110747.82487487793 482252.57507562637
leaf_count=9869 135 2509 4788 15279 236 39 56 318 1185 28 504 364 76 570
internal_value=-2.17804e-05 -0.000655837 7.59511e-06 0.000192244 0.000804858 0.00737651 0.00181313 0.000622973 -0.00143423 0.00357141 0.00117096 -0.00281687 0.00290104 0.00402997
internal_weight=2.44183e+07 6.16228e+06 4.71483e+06 1.8256e+07 7.92756e+06 213504 1.32317e+06 7.71406e+06 1.03667e+06 188464 1.19551e+06 1.44745e+06 688469 577721
internal_count=35956 9002 6129 26954 11675 275 1341 11400 1531 346 1206 2873 702 626
cat_boundaries=0 1
cat_threshold=56
is_linear=0
shrinkage=0.05


Tree=100
num_leaves=15
num_cat=0
split_feature=0 10 1 14 10 9 19 20 21 2 2 6 23 18
split_gain=2183.31 3221.25 3199.81 1615.27 1560.74 2020.74 5021.82 3571.76 2559.42 2172.23 1947.44 1906.41 1819.26 1475.04
threshold=16.99330550331128 0.051858354433619906 16.993748182993098 1.6834749498406556 -0.049500214394741136 0.16473991554958628 0.040781185357162006 -0.0015938599758202499 10.66421450309579 15.667476843999895 16.395876229078294 15.631254463732736 0.67676828523480714 0.4760399267297884
decision_type=2 2 2 10 2 2 2 8 10 2 2 2 8 8
left_child=2 3 4 -2 10 6 7 8 -6 11 -1 -7 -11 -9
right_child=1 -3 -4 -5 5 9 -8 13 -10 12 -12 -13 -14 -15
leaf_value=-0.0004558714516917909 -0.00041921678060477898 0.00047487540733061497 -0.0045135425328281277 0.00030709423103742091 0.0014535473534014231 0.0005373694933561733 0.0023176163780579957 -0.0020225358443605726 -9.977875685690036e-05 0.00080278229334867991 -0.0022659135185631994 0.0074370315620404586 -0.0012534005681424276 0.00023052393939001201
leaf_weight=9113859.1969408989 716292.32763671875 976284.59912109375 331553.82885742188 591296.013671875 240745.70349121094 8621709.7175326347 168555.36991882324 495503.30083465576 240010.60081481934 307982.3720703125 718692.42944335938 104516.88989257812 1399611.6690673828 249584.82141113281
leaf_count=16337 111 175 68 108 116 17289 116 517 122 106 161 41 454 127
internal_value=2.75999e-05 0.00149902 -0.000125205 -0.000123531 -5.05885e-05 0.000336377 0.00212407 0.00101142 0.00437138 9.74654e-05 -0.000516095 0.000416605 -0.00153342 -0.00115655
internal_weight=2.42762e+07 2.28387e+06 2.19923e+07 1.30759e+06 2.16608e+07 1.18282e+07 1.3944e+06 1.22584e+06 480756 1.04338e+07 9.83255e+06 8.72623e+06 1.70759e+06 745088
internal_count=35848 394 35454 219 35386 18888 998 882 238 17890 16498 17330 560 644
is_linear=0
shrinkage=0.05


Tree=101
num_leaves=15
num_cat=1
split_feature=10 6 4 19 14 28 14 18 18 5 5 21 26 8
split_gain=1632.4 2084.06 1989.98 1738.01 1557.84 1552.1 1531.9 1260.11 1121.36 1553.2 2397.2 1250.1 2519.53 2733.64
threshold=-0.16931284968113666 17.127461868750938 17.010791597598551 0.011194478362104751 0.5496448083676051 0 2.3334848586561807 0.032825636916868808 0.99898295829216222 15.662058436694817 15.053038501652599 11.048277798141749 -0.24999999999999997 0.29170489475926575
decision_type=2 2 2 2 10 1 10 10 10 2 2 10 2 2
left_child=1 4 6 -4 -1 -6 7 -2 11 10 -10 -7 13 -13
right_child=2 -3 3 -5 5 8 -8 -9 9 -11 -12 12 -14 -15
leaf_value=-0.0081411900481703822 0.0033264362014311061 -0.004402997691816255 0.00085974450255889463 -4.9490043575165193e-05 0.0025171970574131178 -0.0021604577688310077 -0.0011364477172397267 0.00014459876390678103 0.0015424185778957909 -0.0074003462713421401 0.011377702135821156 0.00430997447982134 -0.0035429700491107687 0.0012383580093006401
leaf_weight=535190.48876559734 1348227.8728687763 263925.4443359375 1131597.9526367188 596704.08569335938 1038768.9688141346 3237430.7589687109 2544610.5253338814 11840825.726936817 1083254.0683345795 110231.42358398438 76553.69384765625 66132.402862548828 226932.15995407104 92733.994504928589
leaf_count=1327 4467 42 194 104 2525 5850 6715 12030 1995 31 31 31 249 184
internal_value=1.66188e-05 -0.000644895 0.000271616 0.00188209 -0.000467165 -0.000234075 9.471e-05 0.000311418 -0.000606714 0.000671732 0.00121079 -0.00105485 0.00163554 0.00646481
internal_weight=2.41931e+07 6.73115e+06 1.7462e+07 1.7283e+06 6.46723e+06 5.93204e+06 1.57337e+07 1.31891e+07 4.89327e+06 1.27004e+06 1.15981e+06 3.62323e+06 385799 158866
internal_count=35775 12265 23510 298 12223 10896 23212 16497 8371 2057 2026 6314 464 215
cat_boundaries=0 1
cat_threshold=212
is_linear=0
shrinkage=0.05


Tree=102
num_leaves=15
num_cat=1
split_feature=26 14 16 10 3 28 3 6 11 26 9 3 9 15
split_gain=1357.13 2380.11 5069 1763.03 1854.94 1783.92 3542.67 1758.45 1739.95 1790.89 3842.5 2379.58 1486.59 2041.94
threshold=0.6830127018922193 2.2524333299768373 18.650510177953056 -0.36819048945318128 13.832278153368392 0 17.168440301826585 15.284932258225647 -0.31463892221885714 0.25000000000000017 0.16473991554958628 16.690778174436563 0.35136655900735952 18.03471421570551
decision_type=2 10 2 2 2 1 2 2 2 2 2 2 2 2
left_child=3 2 -2 4 -1 6 12 -3 -7 -10 -11 -12 13 -5
right_child=1 7 -4 5 -6 8 -8 -9 9 10 11 -13 -14 -15
leaf_value=0.00036154500810488 -0.00044852866363442168 -0.0016321253105498108 0.00076207646076372068 -0.0012536326857884011 -0.0060077598691801876 0.0035694899244882328 0.0018486062266565807 -0.0057713511944516719 -0.00018350112381114838 0.0011027535433669464 0.00039804513538098927 -0.002489413480302162 0.0036052222610851326 0.0020080287092394894
leaf_weight=1467924.4018113613 4589204.0062783957 802961.71375608444 85510.617889404297 824719.29674911499 1073338.7683105469 1213201.9879933596 98262.9365234375 657689.1171875 8861692.2398722172 508259.28964233398 1974087.9218297005 202805.1904296875 1409714.7974745035 506149.80573654175
leaf_count=5311 6108 2741 35 723 625 2724 19 175 10707 209 2991 38 3198 278
internal_value=-3.46225e-05 -0.000677454 -0.00012697 0.000182796 -0.00103845 0.000381752 0.00151537 -0.00243924 0.000129545 -5.97102e-05 0.00107151 0.000157573 0.00118092 -1.75921e-05
internal_weight=2.42755e+07 6.13537e+06 4.67471e+06 1.81402e+07 2.54126e+06 1.55989e+07 2.83885e+06 1.46065e+06 1.276e+07 1.15468e+07 2.68515e+06 2.17689e+06 2.74058e+06 1.33087e+06
internal_count=35882 9059 6143 26823 5936 20887 4218 2916 16669 13945 3238 3029 4199 1001
cat_boundaries=0 1
cat_threshold=164
is_linear=0
shrinkage=0.05


Tree=103
num_leaves=15
num_cat=0
split_feature=19 19 4 16 8 18 8 21 10 4 26 9 3 19
split_gain=1393.77 2752.43 3131.05 1870.26 1313.73 2476.78 1253.07 1590.61 1627.28 1579.95 1503.96 2239.43 1509.54 1286.86
threshold=-0.021836054212983447 -0.013014312526441299 16.546269291430637 16.735919888799909 0.12895936785305098 0.037767161093914002 0.48996725607271852 11.037231308731972 -0.17387673238854348 16.278214614679609 -0.68301270189221952 0.39999189359947401 16.040624683728151 0.043489306917255603
decision_type=2 2 2 2 2 10 2 8 2 2 2 2 2 2
left_child=3 2 -2 -1 -5 -6 7 8 9 -3 12 -12 -9 -10
right_child=1 6 -4 4 5 -7 -8 10 13 -11 11 -13 -14 -15
leaf_value=-0.000165799184335643 0.00055106935618772553 -0.0022301266329928533 0.0011162815284941261 -0.00026078642145989757 0.0014558241322964194 -0.0035511286170879126 0.0017529665977356315 0.00084105154655871267 -0.00037610600172016586 -0.0033152327278145018 -0.00020080394069982755 0.0037591470278234189 0.00038480854529779427 0.00025984545593498695
leaf_weight=4207016.8002083302 2843706.690128088 1434180.0604575872 545616.4921875 455150.88026428223 299917.979637146 991609.75347900391 4397615.7112292051 185600.04357910156 5855849.0185899734 446469.16748046875 845831.52215957642 187192.06435871124 169854.03149414062 1199350.3718261719
leaf_count=8021 4929 1762 107 136 481 318 12432 180 5567 100 448 195 30 1069
internal_value=-7.3304e-05 0.000144865 0.0014295 -0.000736978 -0.00211231 -0.00292635 -0.000150887 -0.000451947 -0.000696584 -0.00200346 0.00112247 0.000157182 0.00392779 -0.00034822
internal_weight=2.4065e+07 1.81113e+07 3.38932e+06 5.9537e+06 1.74668e+06 1.29153e+06 1.47219e+07 1.03243e+07 8.93585e+06 1.88065e+06 1.38848e+06 1.03302e+06 355454 7.0552e+06
internal_count=35775 26819 5036 8956 935 799 21783 9351 8498 1862 853 643 210 6636
is_linear=0
shrinkage=0.05


Tree=104
num_leaves=15
num_cat=0
split_feature=10 9 3 4 8 25 2 19 16 8 3 17 20 17
split_gain=1287.26 1937.43 1415.55 4282.34 1257.16 3272.72 1375.22 1250.27 1826.91 3512.5 4604.83 1742.72 1450.15 1341.48
threshold=-0.049500214394741136 0.15902261461074893 17.441669403438507 17.458037941908348 0.10341675701245411 -0.24999999999999997 16.395876229078294 0.040781185357162006 16.574267766561174 0.14133136496110874 16.153319173089113 0.44304468708809303 0.043222848791774453 0.31457028705829077
decision_type=2 2 2 2 2 2 2 2 2 2 2 2 10 2
left_child=1 -1 3 4 5 -3 -6 11 -9 -10 -11 12 13 -2
right_child=7 2 -4 -5 6 -7 -8 8 9 10 -12 -13 -14 -15
leaf_value=-0.0016363248363435196 0.00012518078035728014 0.0027950525886803719 -0.0026824474972231812 0.0010210322264925123 -0.00020506969356539302 -0.0040169012377803187 -0.0023782376918652613 0.000235118973031633 -5.5970513311144134e-05 0.0023673687133976529 0.0011907578004145237 -0.0020874909713649906 -0.0016688680795833204 0.00065953800690947927
leaf_weight=767621.57933044434 10099559.152127981 62301.720004081726 266196.45263671875 99036.05908203125 8788047.6341305971 77148.653175592422 522729.69873046875 1101250.1970137358 271690.24092102051 255014.59397125244 171133.71630859375 526997.65142822266 591759.56289339066 632742.56597900391
leaf_count=357 15561 122 41 17 15896 158 117 2068 83 233 39 225 724 171
internal_value=-2.86684e-05 -0.000442534 -0.000253346 -0.000153093 -0.000261486 0.00445075 -0.000332063 0.000292206 0.00152037 0.00352193 0.00635435 0.00010576 0.00023656 0.000369423
internal_weight=2.42332e+07 1.05831e+07 9.81546e+06 9.54926e+06 9.45023e+06 139450 9.31078e+06 1.36501e+07 1.79909e+06 697839 426148 1.18511e+07 1.13241e+07 1.07323e+07
internal_count=35812 16708 16351 16310 16293 280 16013 19104 2423 355 272 16681 16456 15732
is_linear=0
shrinkage=0.05


Tree=105
num_leaves=15
num_cat=0
split_feature=2 15 24 11 15 20 4 18 10 8 17 0 1 2
split_gain=1614.56 2268.47 2967.9 2022.01 1941.08 2095.7 1692.04 1604.3 1445.62 1444.91 2459.95 1416.86 2247.65 2010.83
threshold=15.321986804136829 19.2861135619324 1.2736174209524151 -0.081202438321659132 19.177649224056299 -0.0081230757044917484 16.045152042135335 0.27293993126873745 -0.049500214394741136 0.13258276074683381 0.041737351420350559 14.737066263731045 14.447373825934152 14.515782578990523
decision_type=2 2 8 2 2 8 2 10 2 2 2 2 2 2
left_child=11 3 -3 -2 5 -5 -7 -8 -6 -4 -11 13 -13 -1
right_child=1 2 9 4 8 6 7 -9 -10 10 -12 12 -14 -15
leaf_value=0.00019314348985839322 -0.0013998456950125165 0.00063696135919829233 0.0003373208551984084 -0.0011930061488746293 -0.004200312312666773 -0.001381424057297061 0.00088436552812497227 9.4361887116322513e-05 -0.00020293246033185311 0.0020218453930936318 -0.0022006264063423658 0.0077400275758937771 0.00065788062729886954 -0.0031799863051318756
leaf_weight=12310098.853200793 1957282.8836669922 445475.26452636719 488775.2724609375 643078.35595703125 421103.02648925781 644815.96740722656 623668.3935546875 795118.76416015625 579641.38342285156 537762.1455078125 602615.998046875 275009.79412841797 2275214.2035522461 1515936.4295654297
leaf_count=31312 540 102 104 182 106 271 153 164 167 216 151 185 1250 1023
internal_value=-0.000179842 -0.00077496 0.000639541 -0.001293 -0.000606624 8.90387e-05 0.000865705 0.00183091 -0.00248816 -0.000349366 -0.00132422 0.000101408 0.0011843 -9.83323e-05
internal_weight=2.41156e+07 7.73934e+06 2.07463e+06 5.66471e+06 3.70743e+06 2.70668e+06 2.0636e+06 1.41879e+06 1.00074e+06 1.62915e+06 1.14038e+06 1.63763e+07 2.55022e+06 1.3826e+07
internal_count=35926 2156 573 1583 1043 770 588 317 273 471 367 33770 1435 32335
is_linear=0
shrinkage=0.05


Tree=106
num_leaves=15
num_cat=1
split_feature=16 19 19 17 19 16 19 21 10 29 19 26 17 24
split_gain=2127.29 1560.56 2904.83 2998.63 2648.72 2013.07 2254.99 2448.97 1458.93 2858.48 3640.33 1879.03 1515.29 2290.58
threshold=18.650510177953056 -0.020948958783492597 -0.013014312526441299 0.17548205026987088 -0.015250994280609949 16.735919888799909 -0.043346914351681191 10.817995120197638 0.020836784047787604 0 0.0039419723110017506 1.0000000180025095e-35 0.025759635131991004 6.7743177034872462
decision_type=2 2 2 2 2 2 2 10 2 1 2 2 2 10
left_child=1 5 3 -3 -5 -1 7 -7 12 10 -10 -12 -4 -14
right_child=-2 2 8 4 -6 6 -8 -9 9 -11 11 -13 13 -15
leaf_value=-0.00017004058068738857 0.00066666448488012962 0.00067866923738571895 0.00034241448584395652 0.0002456546278049539 0.0018933484820291377 0.0019825604446566483 -0.0027241336593749215 -0.0033953007069666657 0.0021874776635986116 8.3755285317178534e-05 0.00051516705050811871 -0.0019550767952786897 -0.0011428484819928735 0.00062105523429292287
leaf_weight=4445450.9710509777 313118.5322265625 2628075.0054953098 4118672.6381694078 322737.84832763672 266756.55725097656 233064.74021911621 1311734.7383308411 214299.07257843018 237810.3046875 5489293.8977515697 266607.3429107666 202193.33166503906 3895931.0551757812 231399.38059997559
leaf_count=8359 116 4565 9703 122 101 115 698 110 116 9127 156 101 2284 150
internal_value=4.12637e-05 -1.24596e-05 0.000227205 0.0015858 0.0048087 -0.000694597 -0.00212632 0.000939106 -7.54812e-05 0.000504273 0.00349757 0.000941557 -0.000511098 -0.00118818
internal_weight=2.41771e+07 2.3864e+07 1.76595e+07 3.21757e+06 589494 6.20455e+06 1.7591e+06 447364 1.44419e+07 6.1959e+06 706611 468801 8.246e+06 4.12733e+06
internal_count=35823 35707 26425 4788 223 9282 923 225 21637 9500 373 257 12137 2434
cat_boundaries=0 1
cat_threshold=16
is_linear=0
shrinkage=0.05


Tree=107
num_leaves=15
num_cat=0
split_feature=24 7 25 2 26 0 2 20 0 10 3 21 21 8
split_gain=1642.49 4368.48 2907.28 5093.56 3874.61 2742.15 1917.26 1826.5 1753.67 1834.53 1724.12 1678.9 1534.16 1355.18
threshold=0.86965070831088365 17.374289654612713 0.68301270189221941 16.995746452383802 0.25000000000000017 13.925651575011299 13.930144450595252 -0.024876270524701944 14.272900864308589 -0.13476230694478977 17.168440301826585 9.0692646837956854 11.248931230929697 0.14479226927996539
decision_type=10 2 2 2 2 2 2 8 2 2 2 8 10 2
left_child=1 2 7 4 11 -6 -2 -1 -8 -10 13 -4 -11 -9
right_child=6 -3 3 -5 5 -7 8 10 9 12 -12 -13 -14 -15
leaf_value=-0.0028025657822179002 0.00071330472108784482 0.00098308522702094466 0.0041683129838712991 0.0024569233597744478 0.0036012641235774025 0.0060616632646635612 -0.0054702293129534523 0.00019639867484435048 -0.0017550453473004818 -6.7350180937787021e-05 -0.0010925375982122855 -0.00089046459673017644 0.00086131942634251005 -0.00020582146092175811
leaf_weight=443622.38752365112 7659043.9877140522 159410.40576171875 141637.92144107819 105559.61328125 226578.87002801895 240610.24346923828 1467731.9325256348 702964.89700317383 2257517.5803222656 6546270.2327880859 159116.0068359375 786334.61170434952 377901.89959716797 3007190.3261899948
leaf_count=561 22337 26 283 20 620 116 1223 383 834 2759 29 1154 130 5423
internal_value=-8.8323e-05 0.000631643 0.000407734 0.00230324 0.00150199 0.00521557 -0.000323208 -0.000251829 -0.000757127 -0.000500594 9.6579e-05 -0.00036762 -9.70391e-05 0.000315154
internal_weight=2.42815e+07 5.97303e+06 5.81361e+06 1.50072e+06 1.39516e+06 467189 1.83085e+07 4.31289e+06 1.06494e+07 9.18169e+06 3.86927e+06 927973 6.92417e+06 3.71016e+06
internal_count=35898 8615 8589 2193 2173 736 27283 6396 4946 3723 5835 1437 2889 5806
is_linear=0
shrinkage=0.05


Tree=108
num_leaves=15
num_cat=0
split_feature=9 2 10 16 23 10 0 6 20 11 10 9 15 21
split_gain=1670.98 3478.75 3075.79 3786.31 3796.87 7099.78 3064.1 1891.37 1656.18 1605.25 1116.46 906.27 2707.44 2351.22
threshold=0.13056622037921709 17.154710110999769 0.063871066696617754 18.282510670124854 1.0281736264686052 -0.030038897637663046 16.99330550331128 16.954827293078967 0.0028328073285291506 -0.75573708027549624 -0.49191654977582461 0.17429314992524408 19.308624816465294 10.628952567679544
decision_type=2 2 2 2 10 2 2 2 10 2 2 2 2 10
left_child=2 6 3 4 -1 -6 7 9 -7 10 -2 12 13 -11
right_child=1 -3 -4 -5 5 8 -8 -9 -10 11 -12 -13 -14 -15
leaf_value=-0.00037937105486278091 -0.0067515217205460012 -0.0016118411007337613 0.00047158142094893434 -0.00096902047130449946 0.0019335241971062966 -0.0011059419107253303 0.00061780749018424286 -0.0027427108255603269 0.00035760117327065366 0.00054608522479491432 0.01143128412864026 -0.0001974609222661896 0.0035604271904006121 -0.00088276265918283087
leaf_weight=347969.31341552734 196004.45381462574 1066068.8193359375 283124.52146911621 528903.36708068848 165448.61935424805 146829.61068725586 575497.34741210938 193832.58349609375 98937.169036865234 767088.31488037109 407846.32047688961 18698648.997282982 187242.74359130859 589261.30972290039
leaf_count=127 1034 173 93 158 90 206 115 38 55 538 1600 31157 82 403
internal_value=-1.35658e-05 -0.0001228 0.0015633 0.000526132 0.0027888 0.0060415 1.47176e-05 -8.37378e-05 0.000651018 -3.8025e-05 0.00250232 -0.000113807 0.00105061 0.000272574
internal_weight=2.42527e+07 2.26815e+07 1.57121e+06 1.28809e+06 759185 411215 2.16154e+07 2.10399e+07 245767 2.08461e+07 603851 2.02422e+07 1.54359e+06 1.35635e+06
internal_count=35869 35140 729 636 478 351 34967 34852 261 34814 2634 32180 1023 941
is_linear=0
shrinkage=0.05


Tree=109
num_leaves=15
num_cat=1
split_feature=0 26 2 28 8 0 23 1 0 1 10 23 27 6
split_gain=1728.5 4402.1 2593.61 3026.33 2790.54 1203.37 2737.5 1458.42 1111.91 2596.58 2418.34 2196.72 2239.44 1748.67
threshold=16.99330550331128 1.0000000180025095e-35 16.395876229078294 0 0.17798941854388167 16.151584451074552 1.6292395165837652 16.034161566018657 15.191273691281006 15.137270373196289 -0.053331828534046645 0.86064595097143159 4.5000000000000009 14.730613976537674
decision_type=2 2 2 1 2 2 10 2 2 2 2 8 2 2
left_child=2 -2 5 4 -4 7 -7 8 13 10 -10 -11 -13 -1
right_child=1 -3 3 -5 -6 6 -8 -9 9 11 -12 12 -14 -15
leaf_value=9.9453457968309852e-05 0.00036929686277010972 -0.00024950625015561994 0.00021322742661880069 -0.0031748503919089757 -0.0016861741611257208 0.0030120584441266298 -0.00017688603877203654 -0.0021369668108154822 0.0036989864924556791 -0.0019236848584168705 0.0017525010959770157 0.002899640252086198 -0.00064622866819281758 -0.0016875567652229818
leaf_weight=13648993.719088435 1072663.3986816406 1083095.771484375 855634.81713867188 723185.33862304688 625134.65893554688 394836.51513671875 627899.37719726562 494364.52075195312 218404.0859375 492215.81518554688 299606.77685546875 480808.87573242188 932725.28112792969 2185840.6875
leaf_count=32260 186 186 193 175 158 120 184 160 98 203 171 198 400 1195
internal_value=-3.66072e-05 0.0013145 -0.000169123 -0.00179608 -0.000501245 1.21976e-05 0.00168235 -7.8888e-05 -6.33318e-06 0.000990984 0.00412997 0.00013776 0.00113949 -0.000158988
internal_weight=2.41354e+07 2.15576e+06 2.19797e+07 2.20395e+06 1.48077e+06 1.97757e+07 1.02274e+06 1.8753e+07 1.82586e+07 2.42376e+06 518011 1.90575e+06 1.41353e+06 1.58348e+07
internal_count=35887 372 35515 526 351 34989 304 34685 34525 1070 269 801 598 33455
cat_boundaries=0 1
cat_threshold=768
is_linear=0
shrinkage=0.05


Tree=110
num_leaves=15
num_cat=1
split_feature=11 0 26 6 0 10 6 0 19 18 28 16 0 2
split_gain=1313.45 1358.7 3734.93 2524.28 2637.99 2157.04 1503.87 1940.12 1262.98 896.288 1112.67 1528.59 1129.03 1143.88
threshold=-0.75573708027549624 16.99330550331128 -0.24999999999999997 16.80495009680509 16.684382928863482 0.063871066696617754 16.310251285128391 16.272741767951768 -0.0083378322809124477 0.061135994298241854 0 18.342196337377381 12.813397275773996 12.919106377714755
decision_type=2 2 2 2 2 2 2 2 2 10 1 2 2 2
left_child=-1 3 -3 4 6 -4 7 9 -8 10 11 12 -2 -14
right_child=1 2 5 -5 -6 -7 8 -9 -10 -11 -12 -13 13 -15
leaf_value=0.0086423178868593378 0.0029459667035243707 0.00055238376648355961 -0.00088778941083231602 -0.0016631832312604948 0.00085804055058254908 0.00033803877470575645 -1.0290678522540016e-07 0.0016500406887340364 -0.0019342360751846246 -0.00025996891024003668 -0.00056142401061317856 -0.0016079133478062236 0.015840571816361077 0.0029993614369480002
leaf_weight=599119.05680298805 1153282.6213099957 845572.46557617188 760421.31982421875 870586.02734375 394177.32666015625 567323.88525390625 496553.2509765625 415443.40209960938 696390.95385742188 14505951.679449081 1890086.8718738556 242066.92758178711 131221.92292785645 600209.17431640625
leaf_count=2657 5932 146 128 181 95 103 133 130 184 17685 7425 221 216 601
internal_value=2.47653e-05 -3.40021e-05 0.00115714 -0.000154993 -4.31441e-05 -0.000496984 -0.000122462 -1.39994e-05 -0.00184433 -8.97903e-05 0.000571161 0.00135565 0.00183605 0.00337273
internal_weight=2.41684e+07 2.35693e+07 2.17332e+06 2.1396e+07 2.05254e+07 1.32775e+06 2.01312e+07 1.89383e+07 1.19294e+06 1.85228e+07 4.01687e+06 2.12678e+06 1.88471e+06 731431
internal_count=35837 33180 377 32803 32622 231 32527 32210 317 32080 14395 6970 6749 817
cat_boundaries=0 1
cat_threshold=740
is_linear=0
shrinkage=0.05


Tree=111
num_leaves=15
num_cat=1
split_feature=20 2 4 15 25 1 21 28 27 9 14 18 2 18
split_gain=1279.61 1077.6 2515.95 2276.11 1131.12 2268.2 1931.92 3418.05 3179.84 1507.42 1270.61 1123.92 1639.25 1433.01
threshold=0.073354104244627766 17.154710110999769 17.174121431257518 19.228329333847224 -0.5 16.993748182993098 11.01375165277071 0 9.5000000000000018 0.49389234505808893 2.3334848586561807 0.016918543765776704 14.310005316157767 0.27293993126873745
decision_type=10 2 2 2 2 2 10 1 2 2 10 10 2 10
left_child=1 2 4 -3 5 6 9 8 -8 10 -1 12 -6 -13
right_child=-2 3 -4 -5 11 -7 7 -9 -10 -11 -12 13 -14 -15
leaf_value=-9.3547422019393787e-05 -0.0011941714852512185 -0.0021025519037625034 0.00025136380946601147 0.0001614343556676887 0.0022812634531544154 0.00023831280616057787 0.0052999028477062719 9.0305074420868431e-05 0.00095723616522014939 0.0024799770954339615 -0.0022424096494291076 -0.0011897737372821814 0.0090038529466555019 1.4110508957967939e-05
leaf_weight=3287247.7108802795 593844.26320314407 781568.4892578125 413302.81469726562 741451.68115234375 1190861.2860405445 171748.056640625 106865.84150767326 382855.59051895142 106518.54221177101 2403074.5056021214 595193.02705764771 5429415.8734631538 22847.179809570312 8125835.6100287437
leaf_count=2654 739 135 79 112 6588 36 163 581 177 6723 1072 8215 18 8709
internal_value=-6.2456e-05 -5.15526e-06 8.29728e-05 -0.00129181 9.77848e-06 0.000530667 0.000389021 0.00310906 0.00817978 0.000131 -0.000478183 -0.000238992 0.00121868 -0.000369509
internal_weight=2.43526e+07 2.37588e+07 2.22358e+07 1.52302e+06 2.18225e+07 7.0535e+06 6.88176e+06 596240 213384 6.28552e+06 3.88244e+06 1.4769e+07 1.21371e+06 1.35553e+07
internal_count=36001 35262 35015 247 34936 11406 11370 921 340 10449 3726 23530 6606 16924
cat_boundaries=0 1
cat_threshold=608
is_linear=0
shrinkage=0.05


Tree=112
num_leaves=15
num_cat=1
split_feature=0 2 26 27 29 3 11 27 20 4 6 9 0 6
split_gain=2800.11 3297.13 1501.6 1169.08 1466.71 2133.97 1406.05 1585.27 2783.76 3718.1 1679.22 1522.99 2469.2 1415.28
threshold=16.99330550331128 17.154710110999769 1.0000000180025095e-35 1.5000000000000002 0 15.042681194196861 -0.31463892221885714 2.5000000000000004 -0.032689001410264491 14.645237312532011 16.80495009680509 0.15902261461074893 16.151584451074552 16.310251285128391
decision_type=2 2 2 2 1 2 2 2 8 2 2 2 2 2
left_child=3 -2 -3 4 5 -1 -5 8 9 -8 11 12 -9 -13
right_child=1 2 -4 6 -6 -7 7 10 -10 -11 -12 13 -14 -15
leaf_value=-0.0055947656279252758 0.00052999919084974092 0.00026548288258638157 -0.0010388922375302427 0.0025796088776668356 -0.0031177491340987078 0.0093822042249718466 -0.00026857939523710917 -0.00034190639537276849 0.00027200269659272066 0.0037449650818221132 -0.0015877380321785276 -0.00023238762324589727 0.00042021526466452737 -0.0027041605103780421
leaf_weight=166119.13406395912 773331.25561523438 719618.44677734375 737668.146484375 2751130.3602962494 1706887.3307020664 139919.13696289062 101755.96613693237 660335.48197937012 1563916.6744685173 98498.271362304688 575902.384765625 12931153.022410154 491347.02587890625 871351.50854492188
leaf_count=441 154 113 116 7041 2689 51 207 673 2280 36 121 21693 129 230
internal_value=0.000107468 0.00179568 0.000395332 -6.32501e-05 -0.00121193 0.00197548 5.20985e-05 -0.000114921 0.0013054 0.00685589 -0.000276266 -0.000174235 0.00157259 -0.000319991
internal_weight=2.42889e+07 2.23062e+06 1.45729e+06 2.20583e+07 2.01293e+06 306038 2.00454e+07 1.72943e+07 1.76417e+06 200254 1.55301e+07 1.49542e+07 1.15168e+06 1.38025e+07
internal_count=35974 383 229 35591 3181 492 32410 25369 2523 243 22846 22725 802 21923
cat_boundaries=0 1
cat_threshold=8
is_linear=0
shrinkage=0.05


Tree=113
num_leaves=15
num_cat=1
split_feature=10 2 5 3 8 9 19 29 8 19 2 23 7 10
split_gain=1427.98 2490.51 2154.68 1896.29 1402.7 2429.05 2883.5 2584.7 6159.83 5443.29 2056.42 1937.29 2591.91 1610.16
threshold=-0.056438637102747387 16.395876229078294 16.316951694982571 16.536166990069358 0.16724521322826488 0.25171235047456847 0.046605178120161704 0 0.10341675701245411 -0.015913561776993296 15.667476843999895 6.7048748567085958 15.416229331577304 0.20814292705963131
decision_type=2 2 2 2 2 2 2 1 2 2 2 8 2 2
left_child=1 2 3 -1 5 6 7 8 -2 -10 11 -6 -13 -12
right_child=4 -3 -4 -5 10 -7 -8 -9 9 -11 13 12 -14 -15
leaf_value=-0.00062644118160420589 -0.0010578462753620447 -0.0012161088649337154 0.0032011094557388682 0.0016422314541019644 6.7965271340863912e-05 -0.0022721205277243684 0.0021966326951734757 1.5379136446254631e-05 0.00020206169929429786 0.0019988123585012881 -0.00094748678376481129 0.002882529192250652 0.0065166413450531025 9.0247988674399353e-05
leaf_weight=8796567.9520902634 321128.60949707031 1301645.39453125 105381.443359375 133977.8291015625 7123462.7898749113 450462.38037490845 255263.63248443604 2067433.9257125854 214783.21685791016 284392.86989593506 1376945.1961669922 1051364.6849780083 47489.8984375 670973.48205566406
leaf_count=16033 129 258 25 37 14308 420 130 1111 100 177 388 2484 19 213
internal_value=-4.52784e-05 -0.000490056 -0.000195502 -0.000279374 0.000286373 0.00113662 0.00162876 0.00117849 0.00355326 0.0070285 -1.11213e-05 0.000341976 0.00229607 -0.0014288
internal_weight=2.42013e+07 1.03376e+07 9.03593e+06 8.93055e+06 1.38637e+07 3.59346e+06 3.143e+06 2.88774e+06 820305 499176 1.02702e+07 8.22232e+06 1.09885e+06 2.04792e+06
internal_count=35832 16353 16095 16070 19479 2067 1647 1517 406 277 17412 16811 2503 601
cat_boundaries=0 1
cat_threshold=26
is_linear=0
shrinkage=0.05


Tree=114
num_leaves=15
num_cat=1
split_feature=9 9 11 18 28 3 6 11 14 14 2 0 6 9
split_gain=1269.29 3604.45 3591.02 1363.66 1299.8 1360.66 1367.11 1284.18 1050.31 1022.48 944.382 2603.25 1988.29 1540.44
threshold=0.11252992811194856 0.12233181171647202 0.089565974268030105 0.034124918574009504 0 14.668449700368564 14.248166654976849 -0.23855543855681557 2.5078013168185946 2.4809889045160438 17.154710110999769 16.99330550331128 16.80495009680509 0.17429314992524408
decision_type=2 2 2 10 1 2 2 2 10 10 2 2 2 2
left_child=2 -2 -1 4 7 6 -6 -3 9 10 11 12 13 -5
right_child=1 3 -4 8 5 -7 -8 -9 -10 -11 -12 -13 -14 -15
leaf_value=-0.00071521748212690587 0.0013778496553665993 0.0051659090202023882 0.0011441714445019557 0.00046414915186852282 0.0054189271759274961 0.0059878523933006257 -0.0028466584275242193 -0.0017243194971335381 -0.0022385542677378035 0.0025620770236031796 -0.00072531504232573106 0.00034564296264928077 -0.0020289650782953986 -0.00016659098445036098
leaf_weight=665827.27117919922 331601.66709899902 315327.18674993515 256078.38641357422 1275511.4674987793 1304657.4949657917 61756.55322265625 128781.6572265625 1172902.1873683929 978030.05645656586 200975.31362819672 1128817.7236328125 594976.90258789062 535637.85009765625 15361100.164872646
leaf_count=382 144 1641 63 656 6420 42 91 4884 3043 159 183 118 112 17911
internal_value=-6.80909e-05 3.63358e-06 -0.00188784 -7.07997e-05 0.000926621 0.00196782 0.00165476 -0.000119463 -0.00021903 -0.000137185 -0.000174916 -8.58195e-05 -0.000198476 -0.000101937
internal_weight=2.4312e+07 2.33901e+07 921906 2.30585e+07 2.98343e+06 1.4952e+06 1.43344e+06 1.48823e+06 2.0075e+07 1.9097e+07 1.8896e+07 1.77672e+07 1.71722e+07 1.66366e+07
internal_count=35849 35404 445 35260 13078 6553 6511 6525 22182 19139 18980 18797 18679 18567
cat_boundaries=0 1
cat_threshold=25
is_linear=0
shrinkage=0.05


Tree=115
num_leaves=15
num_cat=0
split_feature=17 14 6 0 26 20 14 10 3 0 23 15 27 6
split_gain=1500.09 1351.77 1577.03 2255.58 1352.97 1503.79 1764.14 1210.91 1200.96 1608.77 1058.65 1130.74 1022 1888.41
threshold=0.50405116301040798 2.4212814213359697 15.354515454292986 15.191273691281006 0.93301270189221952 -0.040722534319729595 2.2524333299768373 0.42655510076971398 15.328891282024424 14.616743586458327 8.5560337144001029 16.240419470753448 8.5000000000000018 17.351774198266824
decision_type=2 10 2 2 2 8 10 2 2 2 10 2 2 2
left_child=1 4 3 -3 5 6 8 12 9 -1 11 -9 13 -7
right_child=-2 2 -4 -5 -6 7 -8 10 -10 -11 -12 -13 -14 -15
leaf_value=0.0011078603232551733 -0.0015046605253042813 -0.0013889743518030839 -0.001196911658010675 0.0033120800685843711 -0.0019466048196036781 -1.2494115510824985e-05 0.0012479519196106049 0.01229413005768124 -0.00099574476212902288 0.0053825503699449608 0.020827023504009876 0.0015008168597310026 0.00031899685800061846 -0.00064689045567644038
leaf_weight=434330.1639046669 654302.51947021484 1816819.1627442837 672082.3837890625 80122.881591796875 1699760.5293672085 11961840.87953186 236711.05143928528 163974.12531280518 269249.4208984375 109373.69128417969 37384.588223457336 667255.85640537739 4712090.5778096914 552993.4580078125
leaf_count=764 288 8709 192 39 2157 15149 173 644 80 61 70 1686 5594 80
internal_value=-5.47725e-05 1.12143e-05 -0.00107097 -0.000333589 0.000144587 0.000264614 0.00210451 0.000157887 0.000998428 0.0023508 0.00197939 0.00160921 6.60434e-05 -0.000170269
internal_weight=2.40683e+07 2.3414e+07 2.56902e+06 1.89694e+06 2.0845e+07 1.91452e+07 1.04966e+06 1.80955e+07 812953 543704 868615 831230 1.72269e+07 1.25148e+07
internal_count=35686 35398 8940 8748 26458 24301 1078 23223 905 825 2400 2330 20823 15229
is_linear=0
shrinkage=0.05


Tree=116
num_leaves=15
num_cat=0
split_feature=8 23 25 1 0 19 7 17 7 19 20 22 9 1
split_gain=1723.74 7315.34 1206.87 1778.63 2352.02 1290.62 2305.65 2250.7 1680.61 1327.4 2433.6 1841.84 2160.86 1427.64
threshold=0.064775341821398311 1.8140463560826752 0.93301270189221952 15.551911095921245 15.468529255393248 0.011194478362104751 17.374289654612713 0.13953037944050192 17.112074389479542 -0.024565255806190598 -0.06917238076580294 19.623793835603895 0.27084885979223167 17.151381608784849
decision_type=2 10 2 2 2 2 2 2 2 2 8 2 2 2
left_child=1 -1 5 4 -4 6 8 -7 9 -2 -11 13 -13 -12
right_child=2 -3 3 -5 -6 7 -8 -9 -10 10 11 12 -14 -15
leaf_value=0.00085258872527424175 -0.00023535951053268946 -0.0019514897036263818 -0.0014474251581588621 -0.0019947235168473326 0.0060968723657372111 -2.7467819804982366e-05 0.00047859808601323018 -0.0010025376438269195 -0.00039377893768874361 0.0048348565506782003 0.00019216963246505628 0.0021598644103341053 0.002027038228733632 0.00048979200476904146
leaf_weight=156387.98321056366 4810505.0467941761 238418.55524039268 1483934.6993126869 628745.32421875 64014.498291015625 6184867.2358051538 504342.66943359375 1745068.9661865234 406947.60791015625 76653.280100345612 7474975.3623501062 210113.72915649414 342207.64409828186 84156.2216796875
leaf_count=137 7568 366 2997 160 28 11116 74 688 74 140 12121 97 388 17
internal_value=-3.52475e-05 0.00324172 -8.91174e-05 -0.00121184 -0.000300932 2.27797e-05 0.000312993 -0.000486283 0.000188133 0.000287189 0.000674469 0.000590674 0.003378 0.000387013
internal_weight=2.44113e+07 394807 2.40165e+07 2.17669e+06 1.54795e+06 2.18398e+07 1.39099e+07 7.92994e+06 1.34056e+07 1.29986e+07 8.18811e+06 8.11145e+06 552321 7.55913e+06
internal_count=35971 503 35468 3185 3025 32283 20479 11804 20405 20331 12763 12623 485 12138
is_linear=0
shrinkage=0.05


Tree=117
num_leaves=15
num_cat=3
split_feature=3 4 9 16 26 11 6 28 30 3 6 27 28 7
split_gain=1473.09 1904.32 1301.04 2116.32 1794.51 977.524 1588.13 1369.63 2055.15 3075.97 1269.5 1178 1256.21 2567.87
threshold=17.441669403438507 17.174121431257518 0.11252992811194856 17.16568801555524 1.0000000180025095e-35 0.11865331527320321 16.422516562593881 0 1 15.804550983324974 14.922929341993816 1.5000000000000002 2 16.984176737668555
decision_type=2 2 2 2 2 2 2 1 1 2 2 2 1 2
left_child=1 2 3 4 -1 11 7 8 9 10 -7 -4 13 -13
right_child=-2 -3 5 -5 -6 6 -8 -9 -10 -11 -12 12 -14 -15
leaf_value=-0.0027013635660459471 -0.0018422444861194945 0.00014862824747305928 -0.0023010625327919559 -0.00064118117612417134 0.00087581669498015694 0.0048741153397343431 -0.00211715399073936 -0.0015728783273857437 -0.00019181509723074835 0.0056328993707900066 -0.002039573256117695 0.00066916093325008997 -0.00014517024695556778 0.0019652344092312688
leaf_weight=99562.430068969727 872871.45068359375 790328.08471679688 1310745.5617301464 442690.18316650391 91779.241165161133 327613.16586732864 459531.201171875 4792303.9553813934 1522355.1637027264 81783.301513671875 157886.24060058594 8802027.2243739367 4318490.8105393648 144318.49072265625
leaf_count=123 126 145 1911 141 141 729 107 8467 3557 29 79 11659 8603 28
internal_value=-0.000101785 -2.63693e-05 -0.000110916 -0.00234381 0.0020501 -4.63213e-05 -0.000516826 -0.000326796 0.000741404 0.00331008 0.00179902 0.000190664 0.000331962 0.000670021
internal_weight=2.42143e+07 2.33414e+07 2.25511e+07 634032 191342 2.19171e+07 7.34147e+06 6.88194e+06 2.08964e+06 567283 485499 1.45756e+07 1.32648e+07 8.94635e+06
internal_count=35845 35719 35574 405 264 35169 12968 12861 4394 837 808 22201 20290 11687
cat_boundaries=0 1 2 3
cat_threshold=102 8 436
is_linear=0
shrinkage=0.05


Tree=118
num_leaves=15
num_cat=2
split_feature=0 6 0 3 9 18 18 0 28 25 11 3 21 28
split_gain=1872.85 2551.54 2890.7 1681 4415.56 1082.48 1583.39 1207.72 1077.56 1052.15 1022.32 1177.44 923.92 905.211
threshold=16.99330550331128 16.80495009680509 16.845079520562013 17.441669403438507 0.17429314992524408 0.064452399637100213 0.11415333777827262 15.391705729975646 0 -0.5 0.73143770698659705 14.389700258940257 10.949198539433239 1
decision_type=2 2 2 2 2 10 10 2 1 2 2 2 10 1
left_child=1 2 5 4 -2 7 9 8 -1 12 11 -11 -7 -8
right_child=3 -3 -4 -5 -6 6 13 -9 -10 10 -12 -13 -14 -15
leaf_value=-0.0018913212325654121 -3.5555528852921946e-05 -0.0014565974883883478 0.00072520724581076363 -0.00021345724851720444 0.0010252476255188721 -0.00082650548546753233 -0.0013837023398731094 0.0011259448175426985 0.0020482448468786343 -0.0040035480221074391 0.0039273285002244763 -0.0033664277669481282 0.0030890522916064817 4.3953842124788981e-05
leaf_weight=720089.59003067017 785650.36865234375 848607.44775390625 112735.14697265625 837793.00927734375 591990.56958007812 461106.24105834961 655835.38928222656 45300.9619140625 3589904.831397891 626810.58766126633 82058.710342407227 448639.3916015625 87713.54850769043 14178027.998872995
leaf_count=4374 148 176 27 120 114 697 366 21 12009 1215 183 222 75 15999
internal_value=7.11849e-05 -6.92253e-05 3.93514e-05 0.00145643 0.00253048 -3.72904e-06 -0.000188397 0.00069759 0.000612229 -0.00163081 -0.00248574 -0.0028962 0.000172306 -2.24777e-05
internal_weight=2.40723e+07 2.18568e+07 2.10082e+07 2.21543e+06 1.37764e+06 2.08955e+07 1.65402e+07 4.3553e+06 4.30999e+06 1.70633e+06 1.15751e+06 1.07545e+06 548820 1.48339e+07
internal_count=35746 35364 35188 382 262 35161 18757 16404 16383 2392 1620 1437 772 16365
cat_boundaries=0 1 2
cat_threshold=257 10
is_linear=0
shrinkage=0.05


Tree=119
num_leaves=15
num_cat=1
split_feature=19 0 3 0 19 3 20 28 14 17 19 9 2 24
split_gain=1338.17 3171.02 1982 2389.7 1882.3 1767.72 1696.7 1631.84 1570.1 3960.95 1459.86 2033.18 1484.52 2600.89
threshold=-0.025353462715368095 17.419860989426706 17.003614330794793 16.99330550331128 -0.013014312526441299 17.441669403438507 -0.038829840775491543 0 2.2935292609403035 0.22636566645953302 0.038131311719641459 0.11252992811194856 15.321986804136829 6.3963118133265811
decision_type=2 2 2 2 2 2 8 1 10 2 2 2 2 10
left_child=5 2 3 4 8 -1 7 -6 -2 -10 12 -12 -8 -14
right_child=1 -3 -4 -5 6 -7 10 -9 9 -11 11 -13 13 -15
leaf_value=-0.00036727170234492567 0.00051638990838267194 0.00066376158827867492 -0.00050343379984966585 0.00032860105841606743 0.0032090690219289289 -0.0032840040251112274 -0.00038456094395692547 -0.0013270824095135084 0.0024604511863369747 0.0028492790043683942 0.00010733450392587663 0.00044647429268602519 -0.0016602737475603095 0.00057286084341693863
leaf_weight=5245002.462308526 3040659.517706275 697848.802734375 1058459.8391113281 375670.2509765625 106094.78540229797 229953.0595703125 7396152.1864532232 74871.210561752319 532570.55848407745 97362.594116210938 62232.434661865234 3102215.0068668127 1865250.8748779297 312479.54443359375
leaf_count=7967 4275 102 200 77 96 34 15171 143 1718 30 56 5162 627 103
internal_value=-2.15971e-05 0.00017948 5.14387e-05 0.000182402 9.31043e-05 -0.00070919 -0.00019078 0.00461663 0.00109228 0.00336425 -0.000259076 0.000671957 -0.000566809 -0.00171422
internal_weight=2.41968e+07 1.87219e+07 1.8024e+07 1.69656e+07 1.65899e+07 5.47496e+06 1.29193e+07 180966 3.67059e+06 629933 1.27383e+07 3.16445e+06 9.57388e+06 2.17773e+06
internal_count=35761 27760 27658 27458 27381 8001 21358 239 6023 1748 21119 5218 15901 730
cat_boundaries=0 1
cat_threshold=292
is_linear=0
shrinkage=0.05


Tree=120
num_leaves=15
num_cat=1
split_feature=25 3 9 9 15 11 19 6 14 18 7 29 2 8
split_gain=1672.19 2481.68 2384.28 3003.06 4356.32 1750.76 1610.73 1417.97 1133.87 1190.42 1185.88 1376.04 2250.53 1856.7
threshold=0.93301270189221952 15.563630538426585 0.13056622037921709 0.11252992811194856 18.066309886170984 0.089565974268030105 0.00029145502070358038 15.216173501223542 2.5078013168185946 0.08282833007831257 10.948638528039796 0 17.154710110999769 0.17089620152691587
decision_type=2 2 2 2 2 2 2 2 10 10 2 1 2 2
left_child=2 7 3 5 -5 6 -1 -2 10 -10 -4 13 -13 -12
right_child=1 -3 8 4 -6 -7 -8 -9 9 -11 11 12 -14 -15
leaf_value=-0.00075459140643235998 -0.00093347910989677535 -0.0032593688582104579 0.0075193816125605278 -6.512014718632125e-05 0.00080523804072946841 0.00045475649282933784 4.6948443192078927e-05 0.0033189474588531096 -4.8492809764176254e-05 -0.0039942840131600718 0.00069629891637123002 -0.00013406214240461008 -0.003722097234402877 0.00014735548436212539
leaf_weight=270388.66477966309 1417938.8557457924 659845.44323730469 835898.98779904842 245195.86598205566 350440.26943969727 229465.2571105957 285785.41125488281 107430.55920410156 812406.96905207634 659412.29560279846 1001145.1960754395 12794585.497711182 242379.44970703125 4332960.700592041
leaf_count=165 2975 174 6363 160 88 54 156 48 5333 1856 291 14996 46 3119
internal_value=3.47436e-05 -0.00128459 0.000165434 0.00217669 0.00485421 0.000146716 -0.00136937 -0.000176366 3.10885e-05 -0.0013064 0.00013358 4.97746e-05 -0.000227022 0.000726287
internal_weight=2.42453e+07 2.18521e+06 2.20601e+07 1.38128e+06 595636 785639 556174 1.52537e+06 2.06788e+07 1.47182e+06 1.9207e+07 1.83711e+07 1.3037e+07 5.33411e+06
internal_count=35824 3197 32627 623 248 375 321 3023 32004 7189 24815 18452 15042 3410
cat_boundaries=0 1
cat_threshold=56
is_linear=0
shrinkage=0.05


Tree=121
num_leaves=15
num_cat=1
split_feature=10 11 4 25 4 4 1 25 25 24 3 3 28 7
split_gain=1723.53 1582.06 3961.06 1478.37 1627.32 1368.31 1306.02 1175.91 2641.39 5025.21 6736.5 2021.26 1915.75 1695.19
threshold=-0.36819048945318128 -0.31463892221885714 17.010791597598551 0.25000000000000011 15.932866114108959 16.546269291430637 14.379217573757371 0.93301270189221952 0.68301270189221941 0.98668192129992016 17.003614330794793 15.804550983324974 0 15.949106681092259
decision_type=2 2 2 2 2 2 2 2 2 8 2 2 1 2
left_child=5 2 3 4 -2 -1 -5 8 -3 10 12 -9 -10 -11
right_child=1 7 -4 6 -6 -7 -8 11 9 13 -12 -13 -14 -15
leaf_value=-0.0023778924034427982 0.0048996746872731738 -6.4706492882589913e-05 0.01260202516708816 0.0013389444931173936 0.0044387126842239614 -0.0040013922927645438 -0.0021435956409911112 -8.6070327484610807e-05 0.0050788520274777926 0.0016583000064621979 0.0022883686076647621 -0.0029524455062040606 0.0014952814323209425 -0.00088450829511512558
leaf_weight=3031955.9224244356 1164224.5910353661 14305921.986984015 49993.96826171875 646317.62811946869 53989.865966796875 204476.28735351562 279626.20391845703 1072494.3351202011 140925.02288627625 1652511.0134086609 130793.3330078125 499322.98840332031 482127.3619966507 666139.97021484375
leaf_count=7632 2903 17388 10 1988 19 44 144 1871 158 2736 25 119 719 152
internal_value=3.33772e-05 0.000197849 0.00146889 0.00114449 0.00228912 -0.00104115 -0.00036143 5.06817e-05 0.000169135 0.00149926 0.00504558 -0.00125896 0.00287999 0.000346273
internal_weight=2.43808e+07 2.11444e+07 2.19415e+06 2.14416e+06 1.21821e+06 3.23643e+06 925944 1.89502e+07 1.73784e+07 3.0725e+06 753846 1.57182e+06 623052 2.31865e+06
internal_count=35908 28232 5064 5054 2922 7676 2132 23168 21178 3790 902 1990 877 2888
cat_boundaries=0 1
cat_threshold=196
is_linear=0
shrinkage=0.05


Tree=122
num_leaves=15
num_cat=0
split_feature=0 16 3 19 26 10 19 11 6 0 8 5 8 15
split_gain=1799.04 2365.85 1573.9 1274.66 1773.61 2222.24 1238.56 1995.93 1203.41 1472.89 1628.65 1686.1 2055.32 2099.21
threshold=17.419860989426706 18.173340830563301 17.168440301826585 0.011194478362104751 -0.24999999999999997 0.0060859532655932009 -0.0099925694715324986 -0.039412410617373349 16.954827293078967 15.468529255393248 0.13258276074683381 15.959352693436971 0.23430152897617593 18.400799232794149
decision_type=2 2 2 2 2 2 2 2 2 2 2 2 2 2
left_child=1 2 8 4 5 -3 -6 -8 9 -1 -11 12 -12 -14
right_child=-2 3 -4 -5 6 -7 7 -9 -10 10 11 -13 13 -15
leaf_value=-0.00018534273173923208 0.00029715337096737713 -0.00012977878249437305 0.0011978776094341594 -0.00079448352999154253 -0.0016248308052605846 0.0018052712447754892 -0.0013414659911877692 0.0012204845819312486 -0.0022167324793190652 0.00060065842518442142 -0.00026898770121273555 -0.0001648461939180284 0.0048695352140871138 0.00098398569501586641
leaf_weight=16169269.742810607 889677.4716796875 418652.1520690918 119812.4609375 1275032.1637878418 842933.59799194336 264354.21852111816 290360.78117370605 251123.09204101562 200680.62841796875 532666.42553710938 322838.08227539062 1771094.5859375 276655.22729492188 567211.66052246094
leaf_count=33076 129 156 23 552 381 139 114 117 40 139 129 504 118 236
internal_value=-2.02644e-05 -0.000104513 0.00010165 -0.00133566 -0.000568865 0.00151613 -0.0015975 0.000268442 6.71471e-05 0.00010651 0.00104114 0.000579917 0.00205576 0.00335379
internal_weight=2.41924e+07 2.33027e+07 1.99602e+07 3.34246e+06 2.06742e+06 683006 1.38442e+06 541484 1.98404e+07 1.96397e+07 3.47047e+06 2.9378e+06 1.1667e+06 843867
internal_count=35853 35724 34265 1459 907 295 612 231 34242 34202 1126 987 483 354
is_linear=0
shrinkage=0.05


Tree=123
num_leaves=15
num_cat=0
split_feature=25 9 1 4 21 10 2 0 2 5 9 1 1 25
split_gain=1832.37 2306.4 6852.29 2124.66 1834.99 1622.99 1481.57 2333.06 2324.47 1287.72 1187.18 1161.96 1289.62 905.225
threshold=0.93301270189221952 0.13056622037921709 17.419860989426706 16.401501956730314 10.631555854924844 0.043085873416503107 17.154710110999769 16.99330550331128 16.684382928863482 16.316951694982571 0.11252992811194856 15.253982129829343 15.079546929031205 0.68301270189221941
decision_type=2 2 2 2 10 2 2 2 2 2 2 2 2 2
left_child=1 2 4 9 5 -1 7 8 13 11 -6 12 -2 -3
right_child=3 6 -4 -5 10 -7 -8 -9 -10 -11 -12 -13 -14 -15
leaf_value=-0.00026982053276798239 -0.0015531004313115032 -0.0001870458633417728 0.0013724153227656407 -0.0023067584815966466 -7.3830763939649724e-07 0.00029648913983942383 -0.0014220132360191001 0.00054168727108814684 -0.0019076004659906998 0.00072585986524822802 0.00070636250473865927 -0.004834434034512526 0.0020373035090885875 0.00061223724565901349
leaf_weight=452973.15715026855 1441152.7200508118 14946510.592870235 225736.5810546875 363638.41625976562 266105.00590515137 188877.58055114746 1030173.4931640625 521144.30688476562 691152.275390625 68145.63671875 265547.27403259277 266688.30419921875 51728.3681640625 3487748.2885227203
leaf_count=296 2988 25711 32 72 120 64 167 105 155 19 138 99 26 5941
internal_value=-0.000130562 6.32446e-06 0.00197091 -0.00150958 0.000436295 -0.00136316 -0.000126624 -2.97062e-05 -0.000119648 -0.000815129 0.00260874 -0.00107631 -0.000533245 -1.29149e-05
internal_weight=2.42673e+07 2.2076e+07 1.39924e+06 2.19135e+06 1.1735e+06 641851 2.06767e+07 1.96466e+07 1.91254e+07 1.82772e+06 531652 1.75957e+06 1.49288e+06 1.84343e+07
internal_count=35933 32729 650 3204 618 360 32079 31912 31807 3132 258 3113 3014 31652
is_linear=0
shrinkage=0.05


Tree=124
num_leaves=15
num_cat=1
split_feature=19 19 17 5 20 28 17 2 9 19 0 19 11 3
split_gain=1475.21 1932.17 2026.29 5443.12 1567.7 1382.59 1556.16 2005.03 4410.53 1315.3 2016.4 1776.66 1339.03 2271.48
threshold=0.040781185357162006 0.020977209751282453 0.13021154930962461 16.793627513211842 0.054201319816996753 0 0.44304468708809303 16.995746452383802 0.17869954049459022 -0.021836054212983447 17.419860989426706 -0.0083378322809124477 0.11083728867168662 15.804550983324974
decision_type=2 2 2 2 10 1 2 2 2 2 2 2 2 2
left_child=1 4 3 -3 9 -2 7 8 -7 -1 11 12 -11 -14
right_child=5 2 -4 -5 -6 6 -8 -9 -10 10 -12 -13 13 -15
leaf_value=-0.00034147158633699744 -0.0029604745341052195 -0.0015008537425598076 -0.0016733853627011832 0.0012668897359466406 -0.0015015497243307137 0.0027131443706896081 0.0003884642461583817 -0.00038155412479591241 0.001558521897247876 0.0012768088670301431 0.00081262903366899938 -0.00010206760202547847 0.00090328227515624061 -0.0027770335646029164
leaf_weight=6075875.3819772005 427158.89206409454 2523536.2750614882 847972.60781860352 90021.84228515625 425820.89128255844 186384.3575668335 86985.290344238281 284803.67993164062 2211509.8942629099 2892467.7142074108 445090.79833984375 6161984.527244091 1341484.7177629471 289405.00952148438
leaf_count=8996 1315 4709 329 18 570 97 38 48 3246 4165 67 9536 2618 80
internal_value=-2.42981e-05 -0.00017599 -0.00125602 -0.00056695 3.60403e-05 0.000976608 0.00138496 0.00117155 0.00164264 0.000110209 0.000433197 0.000295846 0.00104835 -9.73119e-05
internal_weight=2.42905e+07 2.10937e+07 3.46153e+06 2.61356e+06 1.76321e+07 3.19684e+06 2.76968e+06 2.6827e+06 2.39789e+06 1.72063e+07 1.11304e+07 1.06853e+07 4.52336e+06 1.63089e+06
internal_count=35832 31088 5056 4727 26032 4744 3429 3391 3343 25462 16466 16399 6863 2698
cat_boundaries=0 1
cat_threshold=67
is_linear=0
shrinkage=0.05


Tree=125
num_leaves=15
num_cat=0
split_feature=9 11 27 6 6 10 9 0 21 4 23 3 0 17
split_gain=1291.28 2142.66 1564.58 2160.49 2366.4 1738.28 2220.94 1596.55 1158.23 2729.23 1209.88 1041.21 965.693 882.886
threshold=0.11252992811194856 0.092952296240045321 1.5000000000000002 16.310251285128391 15.951749892335336 -0.11092257871642089 0.22412303304650502 17.419860989426706 11.063850759570821 16.278214614679609 -11.606227684128148 16.274415002168297 15.92068809672695 0.040054321639036605
decision_type=2 2 2 2 2 2 2 2 8 2 8 2 2 2
left_child=1 -1 3 4 -2 6 -4 -7 10 13 -8 12 -12 -10
right_child=2 -3 5 -5 -6 7 8 -9 9 -11 11 -13 -14 -15
leaf_value=-0.00052745918567846087 -0.0022277742680938328 0.00026920820462100845 -0.0012201677243130105 -0.0044947465922632436 0.0025346956705481353 0.00013865539061026587 0.0071104174664396377 0.00040099648459996241 0.003003669526227997 0.002326379150307633 -0.00062486904846788293 -0.0021399303120715725 0.0082256151399795596 -0.0080475396276384545
leaf_weight=659863.96716308594 1596901.9698514938 268698.60018920898 950609.81365966797 341053.23608398438 112459.84057617188 13108231.43261373 61446.303570747375 580866.78564453125 290002.69067525864 126564.19116210938 5468310.0992256403 548251.25244140625 81980.4345703125 93653.320892333984
leaf_count=384 3019 65 507 73 35 19300 101 85 665 29 11402 125 24 63
internal_value=-0.00011997 -0.00194853 -4.72854e-05 -0.00136645 -0.00064148 7.96431e-05 -0.000525595 0.000416583 -0.000203363 0.00208597 -0.000392984 -0.000463321 -0.000257988 -1.43962e-05
internal_weight=2.42889e+07 928563 2.33603e+07 2.05042e+06 1.70936e+06 2.13099e+07 7.62082e+06 1.36891e+07 6.67021e+06 510220 6.15999e+06 6.09854e+06 5.55029e+06 383656
internal_count=35877 449 35428 3127 3054 32301 12916 19385 12409 757 11652 11551 11426 728
is_linear=0
shrinkage=0.05


Tree=126
num_leaves=15
num_cat=0
split_feature=2 14 2 4 21 20 14 20 9 20 2 16 1 21
split_gain=1040.32 1362.44 1475.99 4625.32 1125.75 1117.59 887.964 2831.76 3589.03 3419.23 1989.71 1910.64 4255.47 1842.62
threshold=10.538607361457261 2.4107511939878674 16.395876229078294 16.401501956730314 10.496751550033519 0.030705938114335352 2.1649597433891983 0.0039345413599795008 0.28853874293517429 -0.0029727261840753493 16.846705175829062 18.282510670124854 17.419860989426706 10.430093805918245
decision_type=2 10 2 2 10 10 10 8 2 10 2 2 2 8
left_child=-1 6 3 4 5 -3 11 8 9 -8 13 12 -2 -10
right_child=1 2 -4 -5 -6 -7 7 -9 10 -11 -12 -13 -14 -15
leaf_value=0.0032789368046587442 -9.801437944488804e-05 -0.00054502263167417178 -0.001104295264296083 0.0027947966499197461 -0.0021512569521493375 0.0034015643415593101 0.00026549901361392183 -0.0003265960995252316 0.0021629537454969277 0.0011683386272529764 -0.0020410099014463116 -0.00059838428190399264 0.0012352322474956168 -0.00016812111646633302
leaf_weight=1777360.7378641367 15164155.460990906 543855.84676361084 453091.93969726562 85355.069091796875 1018819.7242965698 111897.87889099121 562119.20893859863 1336968.5349197388 116570.8071975708 466623.20980834961 181229.9404296875 1508979.3889465332 123104.15234375 718710.64054107666
leaf_count=13286 16888 1051 92 23 1481 168 200 1050 118 156 32 606 18 732
internal_value=-8.94383e-05 -0.00018186 -0.00135957 -0.000704381 -0.00128308 0.000332825 -5.26977e-05 0.000686446 0.00185617 0.00393821 -0.000250915 -0.000201537 -3.39926e-05 0.000779488
internal_weight=2.41688e+07 2.23915e+07 2.21302e+06 1.75993e+06 1.67457e+06 655754 2.01785e+07 3.38222e+06 2.04525e+06 1.02874e+06 1.01651e+06 1.67962e+07 1.52873e+07 835281
internal_count=35901 22615 2815 2723 2700 1219 19800 2288 1238 356 882 17512 16906 850
is_linear=0
shrinkage=0.05


Tree=127
num_leaves=15
num_cat=0
split_feature=2 0 0 23 27 9 21 15 15 14 10 15 15 1
split_gain=1276.26 2923.49 1879.12 1938.86 1671.62 2183.12 1631.7 2012.67 2543.37 2464.94 2324.97 2847.59 2786.59 1476.05
threshold=15.256051248973158 14.82482845695414 15.554735341441647 6.7582366309950865 3.5000000000000004 0.14408993956811442 10.949198539433239 19.282122796127904 19.344577984086857 1.5745832427368971 0.13173146616956369 18.05005267201464 17.715886424932766 14.479949179620768
decision_type=2 2 2 8 2 2 10 2 2 10 2 2 2 2
left_child=1 13 -2 4 5 -4 7 9 -9 -6 11 12 -11 -1
right_child=2 -3 3 -5 6 -7 -8 8 -10 10 -12 -13 -14 -15
leaf_value=5.64927522826797e-05 -0.0036210727781211742 0.0017564109074775045 0.00014139934514808235 0.0013270814962995365 -0.0024114343094028576 -0.0027391922090778294 -0.00047356003564384122 0.0020298436276805286 -7.2326060642802261e-05 0.00043533444243553943 -0.0014523503247203414 0.00076159529006038489 -0.0014810978771877875 -0.0014326052739085772
leaf_weight=12320546.801764846 1324526.9558105469 2033336.2686157227 459740.25512695312 443412.5234375 661009.45446777344 1187361.9721679688 1162241.5437011719 473904.73217773438 539174.57983398438 447262.95947265625 394122.26745605469 611413.060546875 387618.15283203125 1821142.7685546875
leaf_count=31242 612 1134 94 127 191 306 223 130 154 135 109 130 92 1226
internal_value=-0.000161959 9.45083e-05 -0.000674623 -0.00033753 -0.000561634 -0.00193144 -7.92014e-05 0.000457873 0.00233804 -0.000303595 0.000637049 0.00156475 -0.000333861 -0.000160381
internal_weight=2.42668e+07 1.6175e+07 8.09179e+06 6.76726e+06 6.32385e+06 1.6471e+06 4.67675e+06 3.51451e+06 1.01308e+06 2.50143e+06 1.84042e+06 1.44629e+06 834881 1.41417e+07
internal_count=35905 33602 2303 1691 1564 400 1164 941 284 657 466 357 227 32468
is_linear=0
shrinkage=0.05


Tree=128
num_leaves=15
num_cat=0
split_feature=10 17 20 10 14 14 3 27 0 17 26 21 21 0
split_gain=1334.54 1905.37 1513.1 3967.56 2461.59 3959.33 2309.62 1589.49 1342.58 1984.91 2927.33 6792.57 2493.61 1991.49
threshold=-0.34250060548415012 0.026521796402470203 -0.040722534319729595 -0.20742589227461122 2.2524333299768373 2.3042081920376813 15.563630538426585 3.5000000000000004 15.191273691281006 0.22636566645953302 -0.24999999999999997 10.622856058979133 10.622856058979133 17.419860989426706
decision_type=2 2 8 2 10 10 2 2 2 2 2 10 10 2
left_child=1 -1 3 -2 6 -6 7 -5 -4 13 11 -11 -12 -10
right_child=2 -3 8 4 5 -7 -8 -9 9 10 12 -13 -14 -15
leaf_value=0.00047919891331955607 0.0073379583459389722 -0.0046077515979149244 -0.00010552445493412289 0.005813481782730558 0.0017570703779123801 5.0022982824765423e-05 -0.00092102893692040883 -0.00098485863862709361 0.00033661386273005378 -0.0013604767127262153 7.0144914340654593e-05 0.00068297638954679051 -0.0015978896471702587 0.0011542964327186855
leaf_weight=2383941.9975119829 117490.3946018219 1197851.7699127197 12090450.192658663 146961.01656341553 74352.521598815918 233509.50652313232 280550.18701171875 308412.52307939529 4428013.8851318359 456609.88610839844 660835.85925292969 606625.95092773438 823106.73217773438 414385.00830078125
leaf_count=7334 141 882 23963 189 47 577 73 417 1523 129 182 121 160 60
internal_value=0.000184401 -0.000706521 0.000338999 0.00209232 0.0011118 0.00486594 -0.00045869 0.00173991 0.000234477 0.000765431 -0.000364445 0.00163804 -0.00179922 0.00135976
internal_weight=2.42231e+07 3.58179e+06 2.06413e+07 1.16128e+06 1.04379e+06 307862 735924 455374 1.948e+07 7.38958e+06 2.54718e+06 1.06324e+06 1.48394e+06 4.8424e+06
internal_count=35798 8216 27582 1444 1303 624 679 606 26138 2175 592 250 342 1583
is_linear=0
shrinkage=0.05


Tree=129
num_leaves=15
num_cat=0
split_feature=4 22 2 22 0 9 21 4 7 18 6 0 2 5
split_gain=1392.74 1453.89 1144.34 1481.93 1406.04 932.377 1047.66 910.497 812.598 832.662 1619.96 4107.7 1349.93 1426.37
threshold=17.174121431257518 19.593415907659992 16.395876229078294 19.612712971140649 16.272741767951768 0.16473991554958628 10.631555854924844 16.546269291430637 10.592993464486051 0.45704862749753333 15.284932258225647 15.135452873697941 15.082936492503885 14.993811929589206
decision_type=2 2 2 2 2 2 10 2 2 10 2 2 2 2
left_child=2 -2 4 5 7 6 -4 8 -1 10 11 12 13 -10
right_child=1 -3 3 -5 -6 -7 -8 -9 9 -11 -12 -13 -14 -15
leaf_value=0.0042156623156750523 0.00035578738194358514 -2.1232498525485618e-05 -0.00020002266713523237 0.0007922681277310247 0.00053200215085960265 -0.0016186793023680213 9.6865224194250894e-05 -0.0039463531028076926 -0.000538221767543369 0.0002239341441053624 -0.0012859612756492042 0.0024023961059658114 -0.0057039566130745118 0.0012298130134786654
leaf_weight=1126172.5288587809 760902.93896484375 806920.76782226562 700266.20678710938 568612.537109375 678827.35693359375 1035310.4799804688 551900.2109375 162298.33422851562 7714545.8584747314 8350931.3612670898 996194.46655273438 404609.67645263672 289499.67395019531 93509.009399414062
leaf_count=11690 131 123 149 126 200 255 125 48 12526 9642 387 220 163 51
internal_value=-2.57905e-05 0.00141545 -0.000125453 -0.00106113 9.40233e-06 -0.00162897 -0.000711079 -6.99188e-05 -3.80236e-05 -0.000120211 -0.000440422 -0.000216908 -0.000462575 -0.000338266
internal_weight=2.42405e+07 1.56782e+06 2.26727e+07 2.85609e+06 1.98166e+07 2.28748e+06 1.25217e+06 1.91378e+07 1.89755e+07 1.78493e+07 9.49836e+06 8.50216e+06 8.09755e+06 7.80805e+06
internal_count=35836 254 35582 655 34927 529 274 34727 34679 22989 13347 12960 12740 12577
is_linear=0
shrinkage=0.05


Tree=130
num_leaves=15
num_cat=0
split_feature=8 23 20 6 10 17 25 17 17 19 0 24 6 8
split_gain=2032.49 8074.19 1136.94 2386.73 1684.57 1617.29 2959.64 2504.29 2376.32 1530.8 1631.31 1376.47 1242.87 1222.91
threshold=0.064775341821398311 1.9127035365501304 0.0019014128728865503 14.403795372009784 -0.056438637102747387 0.35659849993124221 -0.5 0.31457028705829077 0.44304468708809303 0.040781185357162006 16.845079520562013 0.60932200920351154 15.354515454292986 0.089262396150043263
decision_type=2 10 10 2 2 2 2 2 2 2 2 8 2 2
left_child=1 -1 5 -4 -5 7 -7 13 -8 10 12 -11 -6 -2
right_child=2 -3 3 4 9 6 8 -9 -10 11 -12 -13 -14 -15
leaf_value=0.00093789148467129924 -0.0018904650674977719 -0.0017223365731386033 0.00066487160778920334 -0.0018248670005004575 -0.0013544835539479143 0.00083693414540158368 0.00060488957067948983 -0.0033542988447029139 -0.00099070254069176349 -0.000317511951944298 0.00029340559786666964 0.0017686110151577451 -0.0013141436015283107 8.6802631285419609e-05
leaf_weight=170855.64769172668 283261.39499664307 195128.9125880003 3004295.7843737602 1322023.5368652344 670665.06689453125 411659.14392089844 460247.30334472656 315700.67584228516 388674.12310791016 265249.66735839844 410589.900390625 274141.28796386719 726547.69592285156 15305310.367330432
leaf_count=134 163 339 7389 557 421 128 120 95 153 87 82 121 241 25921
internal_value=-6.96699e-06 0.00369084 -6.37386e-05 -0.000617526 -0.00147314 0.000151568 0.00187548 1.49299e-05 0.000188385 -0.00066911 -0.00136659 0.00166854 -0.0021808 0.000104217
internal_weight=2.42044e+07 365985 2.38384e+07 6.67351e+06 3.66922e+06 1.71649e+07 1.26058e+06 1.59043e+07 848921 2.34719e+06 1.8078e+06 539391 1.39721e+06 1.55886e+07
internal_count=35951 473 35478 8898 1509 26580 401 26179 273 952 744 208 662 26084
is_linear=0
shrinkage=0.05


Tree=131
num_leaves=15
num_cat=0
split_feature=26 19 7 19 22 9 4 1 11 20 8 4 9 7
split_gain=1118.72 1426.08 1820.72 1615.04 2497.91 4646.96 2907.83 5176.8 1991.35 1600.89 2936.62 4280.19 1488.79 1406.91
threshold=0.93301270189221952 0.011957074242538002 16.802510489396727 -0.021836054212983447 19.577528614108676 0.21184317304381686 16.850127835172454 16.14983443092261 0.22454083965319691 -0.028778744780387045 0.10981636949537552 15.33255885197606 0.099550145179683913 13.93921741413917
decision_type=2 2 2 2 2 2 2 2 2 8 2 2 2 2
left_child=1 3 12 -1 9 -6 7 8 13 10 -5 -12 -3 -7
right_child=-2 2 -4 4 5 6 -8 -9 -10 -11 11 -13 -14 -15
leaf_value=-0.0002795597388707283 -0.0014825708176200688 0.0004756055333357506 -0.00034405699649491168 -0.0011441385954968531 0.0014232220275131899 0.0075226778686513481 -0.0003953211158177675 0.0023605674306368374 0.0092479516069275455 0.00010222240818301908 0.0027962622189367809 0.0016732690259226642 -0.00015807228486303771 -0.002919229172623555
leaf_weight=5635535.8359972239 1862136.9015371799 63849.939910888672 1017485.611328125 92105.496627807617 330506.97692871094 107821.70581245422 301718.05029296875 109850.53198242188 147552.60948181152 6998667.6338586807 306411.10059165955 124527.65649414062 6965319.5664680004 188549.08142089844
leaf_count=8259 2878 91 184 28 111 231 54 26 165 11381 652 39 11700 110
internal_value=-5.18362e-05 4.60984e-05 -0.000486662 0.00034498 0.000771809 0.00290447 0.000959135 0.00311083 0.000706017 0.000435538 0.00310382 0.00483586 -0.00020051 -0.00165689
internal_weight=2.4252e+07 2.23899e+07 8.04666e+06 1.43432e+07 8.70771e+06 1.186e+06 855492 553774 443923 7.52171e+06 523044 430939 7.02917e+06 296371
internal_count=35909 33031 11975 21056 12797 697 586 532 506 12100 719 691 11791 341
is_linear=0
shrinkage=0.05


Tree=132
num_leaves=15
num_cat=0
split_feature=2 8 2 16 20 26 20 5 2 10 2 11 22 11
split_gain=1296.66 1982.87 7825.16 1830.78 1671.67 1659.43 1263.6 1243.33 1969.55 1115.08 1311.77 1068.33 2163.61 1905.15
threshold=17.154710110999769 0.079084972427515068 16.995746452383802 18.256563611593634 -0.014637462022848649 1.0000000180025095e-35 0.0010178521539736002 17.126432758044093 16.995746452383802 -0.19281545991556018 16.395876229078294 0.046260074339423661 17.755708106961873 0.039456437215070708
decision_type=2 2 2 2 8 2 10 2 2 2 2 2 2 2
left_child=1 2 3 4 -1 -2 -6 8 9 10 -3 13 -13 -11
right_child=5 7 -4 -5 6 -7 -8 -9 -10 11 -12 12 -14 -15
leaf_value=0.0020025941071265445 0.00021836668246735222 -0.0007407475689126114 0.00091420216499063121 -0.0031418074707680096 -0.0021160226053461009 -0.0021917784250945452 0.00037129786994602996 0.00049979127770324644 -0.0026639025122891639 0.00034830573144609589 -0.00053266791404536849 -0.0006755846203420012 0.00047879220395466768 0.0037708976386120565
leaf_weight=59200.539845466614 721093.3583984375 5625166.9676572084 96385.8681640625 118423.17469787598 122227.62027955055 846847.255859375 103126.79013288021 250482.0693359375 362195.8427734375 8316291.4354205132 248987.26611328125 4520752.3392854929 2572487.3964452744 182336.95418834686
leaf_count=51 114 11306 19 52 368 140 89 47 74 12242 53 7603 3450 206
internal_value=7.29473e-05 0.000169504 0.00328517 0.000224099 0.00239821 -0.00131745 0.000433982 9.90352e-05 5.88418e-05 0.000120535 -0.000466581 0.000341728 -0.0001113 0.000719841
internal_weight=2.4146e+07 2.25781e+07 499364 402978 284555 1.56794e+06 225354 2.20787e+07 2.18282e+07 2.1466e+07 5.87415e+06 1.55919e+07 7.09324e+06 8.49863e+06
internal_count=35814 35560 579 560 508 254 457 34981 34934 34860 11359 23501 11053 12448
is_linear=0
shrinkage=0.05


Tree=133
num_leaves=15
num_cat=1
split_feature=27 1 8 28 16 11 27 24 16 20 18 16 4 0
split_gain=1101.2 1973.42 1735.76 2027.73 1257.02 1053.17 1096.39 4772.86 5372.92 1917.35 3199.89 1564.6 1208.51 2882.85
threshold=1.5000000000000002 16.394248834739713 0.17798941854388167 0 18.52807987505204 -0.75573708027549624 2.5000000000000004 0.98668192129992016 18.207355372150079 -0.0024824257760950497 0.29081360969282555 18.173340830563301 16.850127835172454 16.272741767951768
decision_type=2 2 2 1 2 2 2 10 2 8 10 2 2 2
left_child=1 2 3 -1 5 -2 7 8 9 10 -7 -9 13 -8
right_child=4 -3 -4 -5 -6 6 12 11 -10 -11 -12 -13 -14 -15
leaf_value=0.0020158065369127354 0.0082687461485895231 -0.0036281875629348608 -0.0014817109141073619 -0.0029221014754593488 0.00051147391022472223 0.0055948235861732355 -0.00021800081400618249 0.00028885866119197017 0.0029500230370177881 9.9287068899588847e-05 0.0044217919920380025 -0.0026144969729098629 -0.00014088851876588359 0.00052944218005036522
leaf_weight=146702.15148866177 546753.44507098198 384113.5087890625 1546528.6451380253 109023.24089562893 579720.87094116211 86509.649636268616 15140590.73923254 1325588.8973984718 80346.220184326172 325923.79186248779 76505.645584106445 206046.33976745605 1937386.0983886719 1703267.8283691406
leaf_count=94 2423 79 2851 197 225 151 26273 2098 30 524 56 76 363 447
internal_value=1.46538e-05 -0.00105557 -0.000362083 0.00345383 0.000120972 5.88197e-05 2.10077e-06 0.00108534 0.00499435 0.00302526 0.00745253 -0.000367584 -0.000119073 1.6953e-05
internal_weight=2.4195e+07 2.18637e+06 1.80225e+06 255725 2.20086e+07 2.14289e+07 2.08822e+07 2.10092e+06 569285 488939 163015 1.53164e+06 1.87812e+07 1.68439e+07
internal_count=35887 3221 3142 291 32666 32441 30018 2935 761 731 207 2174 27083 26720
cat_boundaries=0 1
cat_threshold=832
is_linear=0
shrinkage=0.05


Tree=134
num_leaves=15
num_cat=0
split_feature=2 8 21 24 26 26 4 2 9 2 18 15 11 15
split_gain=1366.37 3250.75 3002.94 3634.74 2077.79 1767.37 1577.92 1490.72 1391.26 1528.44 1957.68 1852.67 1867.37 2696.78
threshold=16.395876229078294 0.30415622002524251 10.631555854924844 1.4547165740020251 -0.24999999999999997 0.25000000000000017 15.567207011766561 15.394373704489619 0.49389234505808893 15.468529255393248 0.1316483775054981 18.066309886170984 0.067650660159445763 19.261483453064301
decision_type=2 2 10 10 2 2 2 2 2 2 10 2 2 2
left_child=6 2 4 -4 -2 -5 7 -1 9 -8 -11 -12 13 -13
right_child=1 -3 3 5 -6 -7 8 -9 -10 10 11 12 -14 -15
leaf_value=7.4400551177295217e-05 1.9619026259914195e-05 -0.0056833252924651835 0.00042833897604543794 0.00011438049360083384 -0.0016025709016818605 -0.0014628054174440333 0.0037884136162960984 -0.0029605757915800424 -0.0019312519897615133 -0.00070909385281630623 0.0029197874687120996 -0.00034015351529408154 -0.00070237984527237135 0.004488562571735041
leaf_weight=16208575.814530015 673757.69702148438 482656.94946289062 803064.22534179688 833030.44116210938 1033427.5698242188 659436.16723632812 341580.39685058594 1000494.9509277344 292560.22741699219 499937.375 361527.25732421875 308550.22131347656 488225.70703125 321356.0615234375
leaf_count=33662 146 114 152 157 227 128 146 446 123 161 108 100 155 103
internal_value=-4.02162e-05 -0.000828281 -0.000360864 0.000820177 -0.00194893 -0.000639268 0.000138102 -3.57513e-05 0.00128277 0.00169231 0.00115934 0.00207331 0.00106728 0.00286619
internal_weight=2.43082e+07 4.48537e+06 4.00272e+06 2.29553e+06 1.70719e+06 1.49247e+06 1.98228e+07 1.72091e+07 2.61374e+06 2.32118e+06 1.9796e+06 1.47966e+06 1.11813e+06 629906
internal_count=35928 924 810 437 373 285 35004 34108 896 773 627 466 358 203
is_linear=0
shrinkage=0.05


Tree=135
num_leaves=15
num_cat=0
split_feature=21 9 9 9 17 1 11 4 7 4 7 11 21 17
split_gain=1701.11 6825.55 2064.96 2060.08 3259.91 1233.7 2028.81 1865.97 1188.83 3788.57 1517.04 1083.59 951.216 1012.48
threshold=11.037231308731972 0.13056622037921709 0.11252992811194856 0.16971074990467663 0.39280578722323817 16.993748182993098 0.020126692846760701 17.010791597598551 16.802510489396727 16.546269291430637 15.037226902083733 0.074841917137115715 10.860054239547923 0.041737351420350559
decision_type=10 2 2 2 2 2 2 2 2 2 2 2 10 2
left_child=2 -2 11 -3 8 7 -7 12 9 10 -5 -1 -4 -14
right_child=1 3 5 4 -6 6 -8 -9 -10 -11 -12 -13 13 -15
leaf_value=-0.00095510797649633785 0.0007281965561599451 -0.0028930160976035034 -4.2048913458121251e-05 0.00098742858427968696 0.0010595592815057697 -8.7096381833443398e-05 0.00087930142083101042 -0.00094179429556355088 -0.00071131726006162918 0.0010054829877442048 -0.0035093648626637036 -0.00012936132074540247 -0.00072132055781512592 -0.0032521964043443043
leaf_weight=549651.87786865234 314574.20526123047 299245.9486541748 17533890.88384831 1122140.9499595165 84308.1142578125 622424.24462890625 580203.25366210938 294687.45922851562 205809.2529296875 170532.14379882812 255527.99938964844 192860.42883300781 1278016.5950574875 605242.22991943359
leaf_count=346 111 117 29687 2246 16 114 105 59 34 42 89 47 2491 317
internal_value=-6.94213e-05 0.00117874 -0.000210746 0.000166773 0.000793035 -0.000118753 0.00143596 -0.000213607 0.000331419 0.000806024 -6.41875e-05 -0.00280193 -0.000153676 -0.0012215
internal_weight=2.41091e+07 2.45214e+06 2.1657e+07 2.13756e+06 1.83832e+06 2.09145e+07 1.20263e+06 1.97118e+07 1.75401e+06 1.5482e+06 1.37767e+06 742512 1.94171e+07 1.88326e+06
internal_count=35821 2655 33166 2544 2427 32773 219 32554 2411 2377 2335 393 32495 2808
is_linear=0
shrinkage=0.05


Tree=136
num_leaves=15
num_cat=0
split_feature=19 19 20 7 6 4 3 2 9 0 17 20 17 9
split_gain=1590.44 2176.45 5003.39 3090.14 1805.76 1710.97 1885.85 1475.48 1445.86 1442.06 1369.41 1483.82 1846.74 1925.33
threshold=-0.024565255806190598 -0.0093007948730438484 0.036736044477041603 17.374289654612713 17.127461868750938 16.546269291430637 16.153319173089113 13.602376733796797 0.099550145179683913 15.669470324654373 0.50405116301040798 0.038054310746820454 0.083132364249998369 0.18890454628559564
decision_type=2 2 10 2 2 2 2 2 2 2 2 10 2 2
left_child=7 2 3 4 5 6 9 -1 -3 -2 11 -10 13 -13
right_child=1 8 -4 -5 -6 -7 -8 -9 10 -11 -12 12 -14 -15
leaf_value=0.00061313262643007791 0.00076650152028702185 0.00045307983908217815 0.0024243236799965503 0.00068193929291817572 -0.0021206630509656662 0.00050187693019754221 -0.0013802019438454325 -0.00089497076843658154 3.9907045341757952e-05 0.0020330916347576552 -0.0026349855760294462 0.0025807529531140486 -0.00080057045332286082 -0.0018520667722357082
leaf_weight=2111336.7216451168 3287273.7513539791 285474.60467529297 164165.29215908051 161004.2880859375 140999.54443359375 360224.68530273438 276779.73291015625 3647052.3167419434 11264000.245131612 262601.51550292969 332731.56890869141 67022.880569458008 551676.33828735352 1174599.7988613844
leaf_count=6676 6486 188 179 23 26 82 80 1835 17504 94 152 76 233 2181
internal_value=-2.97959e-05 0.000197936 0.00113201 0.000818464 0.000565435 0.00075286 0.000442744 -0.00075465 -0.000119881 0.000752682 -0.000194949 -0.000114232 -0.00145007 -0.000380536
internal_weight=2.40869e+07 1.83286e+07 4.65305e+06 4.48888e+06 4.32788e+06 4.18688e+06 3.82665e+06 5.75839e+06 1.36755e+07 3.54988e+06 1.339e+07 1.30573e+07 1.7933e+06 1.24162e+06
internal_count=35815 27304 6970 6791 6768 6742 6660 8511 20334 6580 20146 19994 2490 2257
is_linear=0
shrinkage=0.05


Tree=137
num_leaves=15
num_cat=0
split_feature=24 9 9 3 3 8 9 8 7 18 2 21 6 2
split_gain=986.421 1712.67 2130.56 1165.74 1768.91 1039.56 1032.09 1610.78 1990.91 2672.17 1916.01 3239.75 1549.59 1518.97
threshold=6.3963118133265811 0.22056940262137284 0.17869954049459022 17.441669403438507 17.168440301826585 0.2532483755218416 0.11252992811194856 0.16724521322826488 16.200060939344187 0.27293993126873745 16.150297738002418 10.631555854924844 16.096070044609853 15.321986804136829
decision_type=8 2 2 2 2 2 2 2 2 10 2 10 2 2
left_child=3 2 -2 4 6 -3 -1 10 12 -10 -8 -12 13 -9
right_child=1 5 -4 -5 -6 -7 7 8 9 -11 11 -13 -14 -15
leaf_value=-0.00033690275909192461 0.00057196590097128685 -0.0015422773898459822 0.0069796207657216065 -0.0011295109986108557 0.00073041728467648683 0.0006647930521803346 -9.7837766319614134e-05 -0.00015680072435569849 0.00015825141840830343 -0.0027095246316593638 9.0115567512284443e-07 0.00063875427637926534 0.0021640966662575547 -0.0018947542129171746
leaf_weight=520133.77127075195 237903.59945678711 513157.44918680191 125920.95257568359 795852.27783203125 681519.86865234375 2615621.5121405125 1919580.6963031292 12276104.676432014 582909.28759765625 886888.98974609375 759565.03076171875 622176.42016601562 301450.78564453125 1452219.7120361328
leaf_count=299 191 595 114 116 124 5288 2008 25711 140 220 177 148 96 615
internal_value=-9.6922e-05 0.000680611 0.00392755 -0.00022749 -0.000152823 0.000303047 -0.000241132 -0.000180349 -0.00039394 -0.00214472 0.000822453 0.00224221 -0.000210523 -0.00028839
internal_weight=2.4291e+07 3.4926e+06 363825 2.07984e+07 2.00025e+07 3.12878e+06 1.9321e+07 1.88009e+07 1.54996e+07 1.4698e+06 3.30132e+06 1.38174e+06 1.40298e+07 1.37283e+07
internal_count=35842 6188 305 29654 29538 5883 29414 29115 26782 360 2333 325 26422 26326
is_linear=0
shrinkage=0.05


Tree=138
num_leaves=15
num_cat=0
split_feature=4 19 6 10 4 14 3 20 23 10 1 2 10 26
split_gain=2062.2 3394.65 2136.24 1929.15 1189.52 3782.84 2151.38 1083.49 1015.64 1023.3 945.97 766.197 1017.22 1237.88
threshold=17.174121431257518 0.011194478362104751 16.80495009680509 0.049124915194930403 16.401501956730314 1.8669079679184366 16.399633848597894 0.025141444953454203 -10.063395810728649 0.30399372594295132 16.271507969604979 10.538607361457261 -0.5175113698312418 0.6830127018922193
decision_type=2 2 2 2 2 10 2 8 8 2 2 2 2 2
left_child=2 -2 4 -4 6 7 8 -6 9 -1 11 -10 13 -13
right_child=1 -3 3 -5 5 -7 -8 -9 10 -11 -12 12 -14 -15
leaf_value=0.0039383466486050088 0.00064380326055777813 -8.1452743963415265e-05 -0.00065784488200369684 8.3322509003963665e-05 -0.0008678167172386864 0.0011579387635248398 -0.0033846772260163181 0.00059013268886628752 0.0029158486369564867 0.0063676285069388886 -0.001104323800473777 -0.0084549298445026275 -5.2190634908456871e-06 0.0026247975832478891
leaf_weight=180834.18083572388 953638.208984375 643876.21899414062 989219.46337890625 605361.10693359375 421837.22412109375 366899.89965820312 506092.83227539062 450462.56396484375 1738139.8125375509 67712.123942375183 490267.27661132812 977337.41256713867 15598007.898555756 264777.05903625488
leaf_count=335 154 106 198 126 108 94 143 125 12996 117 148 1347 19491 375
internal_value=-2.75648e-05 0.00170871 -0.000149987 -0.0019145 -1.64004e-05 0.00148646 -0.000110348 -0.000305177 -2.60368e-05 0.00314956 -6.74286e-05 -1.02197e-05 -0.000113379 -0.00149046
internal_weight=2.42545e+07 1.59751e+06 2.26569e+07 1.59458e+06 2.10624e+07 1.2392e+06 1.98232e+07 872300 1.93171e+07 248546 1.90685e+07 1.85783e+07 1.68401e+07 1.24211e+06
internal_count=35863 260 35603 324 35279 327 34952 233 34809 452 34357 34209 21213 1722
is_linear=0
shrinkage=0.05


Tree=139
num_leaves=15
num_cat=1
split_feature=14 17 29 10 11 17 17 23 16 19 8 2 15 4
split_gain=1645.88 1459.39 1447.06 2455.22 1884.68 1974.39 2156.99 2396.34 2769.38 2096.81 4534.58 2011.76 1854.57 2788.39
threshold=2.4212814213359697 0.31457028705829077 0 -0.37657405567396285 0.51550054070302409 0.44304468708809303 0.35659849993124221 1.880395161751055 18.650510177953056 -0.019356527226552598 0.15974792189108142 16.532859834196291 19.329453528475412 16.045152042135335
decision_type=10 2 1 2 2 2 2 8 2 2 2 2 2 2
left_child=2 -2 3 -1 5 6 7 9 11 -5 -11 -9 13 -12
right_child=1 -3 -4 4 -6 -7 -8 8 -10 10 12 -13 -14 -15
leaf_value=-0.0049221437106110252 -0.00071666692213797722 -0.0016169016792727349 -6.1698966466977958e-05 -0.00025816536479216135 -0.003807768999510925 -0.0010382429201025107 0.00065043168964134764 0.00052887705469810192 0.0012290829957427678 0.0021941244949340555 0.0060148382290771745 -0.00063657113417509568 0.0049289908398959682 -0.001899007339536208
leaf_weight=663136.92012858391 2373931.2608335018 235657.85986328125 15399171.185472846 353521.06017398834 300773.49347949028 177040.26452636719 447970.64599609375 2257799.5866689682 144993.4499206543 111922.85620117188 550515.35271048546 762872.48168945312 210481.42004394531 128596.90649414062
leaf_count=1297 8945 48 20871 326 533 56 93 2448 63 37 731 134 130 32
internal_value=-6.13273e-05 -0.00124714 8.25434e-05 0.000733641 0.00108339 0.00130825 0.00149313 0.00116519 0.000412034 0.00292473 0.00409329 8.80291e-05 0.00289993 0.00162896
internal_weight=2.41184e+07 2.60959e+06 2.15088e+07 6.10962e+06 5.44649e+06 5.14571e+06 4.96867e+06 4.5207e+06 3.16567e+06 1.35504e+06 1.00152e+06 3.02067e+06 889594 679112
internal_count=35744 8993 26751 5880 4583 4050 3994 3901 2645 1256 930 2582 893 763
cat_boundaries=0 1
cat_threshold=56
is_linear=0
shrinkage=0.05


Tree=140
num_leaves=15
num_cat=0
split_feature=0 6 23 5 19 0 6 0 5 0 23 6 19 18
split_gain=2223.47 3652.05 3069.05 2210.19 2096.27 907.977 2393.08 1641.24 2273.65 1683.48 1892.81 1396.76 1571.46 1605.33
threshold=16.99330550331128 16.80495009680509 2.7865340521339403 16.793627513211842 -0.0068088616079068987 16.531633219399612 16.310251285128391 15.554735341441647 15.360434741238301 15.191273691281006 3.2966413733985105 15.631254463732736 -0.0052027977376574493 0.62802161716152061
decision_type=2 2 10 2 2 2 2 2 2 2 10 2 2 10
left_child=1 3 4 5 -2 6 7 8 9 -1 -11 -9 -13 -14
right_child=2 -3 -4 -5 -6 -7 -8 11 -10 10 -12 12 13 -15
leaf_value=-6.3319124141386442e-05 -0.00057430732186609403 -0.0012815553120354985 0.00064145315184975472 0.001256343489172922 0.00017440036586677623 0.00019489962928100402 -0.0019432347454275455 0.0028253897436890962 -0.004346505341037689 0.0030199708874021564 -0.00067085553420270219 -0.00025601361345455081 0.0022610920390320698 0.00036744473764235424
leaf_weight=15835352.460897923 641077.75390625 912199.0341796875 597357.02416992188 101807.580078125 947912.79833984375 746841.48291015625 801564.046875 435508.52661132812 762568.89013671875 508534.05010986328 256875.36529541016 916918.66723632812 366783.86962890625 480286.24291992188
leaf_count=33411 113 189 102 24 164 192 216 198 325 263 136 299 117 164
internal_value=0.000107088 -4.32248e-05 0.00162821 8.99855e-05 0.000479608 5.45436e-05 -8.25198e-06 0.000101463 -6.15362e-05 6.1092e-05 0.00235131 0.00138822 0.000762151 0.00231482
internal_weight=2.43116e+07 2.21252e+07 2.18635e+06 2.1213e+07 1.58899e+06 2.11112e+07 2.03644e+07 1.95628e+07 1.73633e+07 1.66008e+07 765409 2.1995e+06 1.76399e+06 847070
internal_count=35913 35534 379 35345 277 35321 35129 34913 34135 33810 399 778 580 281
is_linear=0
shrinkage=0.05


Tree=141
num_leaves=15
num_cat=2
split_feature=0 2 16 9 16 0 1 26 29 2 29 1 0 25
split_gain=2193.19 2817.48 2660.07 2873.92 1460.84 1232.98 2283.08 2307.36 2557.03 2235.23 1825.07 2040.7 1672.05 2659.98
threshold=16.99330550331128 16.995746452383802 18.342196337377381 0.16971074990467663 18.282510670124854 14.616743586458327 14.379217573757371 -0.5 0 14.27589745175983 1 15.667476843999895 16.036713423938284 0.25000000000000011
decision_type=2 2 2 2 2 2 2 2 1 2 1 2 2 2
left_child=1 4 -2 -4 5 9 -7 10 12 -1 11 -8 -9 -14
right_child=2 -3 3 -5 -6 6 7 8 -10 -11 -12 -13 13 -15
leaf_value=0.00013679006943972035 -1.6408773032964195e-05 -0.0034913147697251861 2.0165999162880668e-05 0.00055514111932080908 -0.00045121367191813577 0.0063762726541682817 0.0028861200198567701 0.00054628328834191106 -0.00147237798945692 -0.0019691198331198353 -0.0022428185272249752 -0.00064326462485445339 0.0016453892970751717 0.00013973368396135707
leaf_weight=10951646.219550848 917500.70263671875 382493.45703125 686148.35009765625 612334.1806640625 1445782.3759918213 360042.40643310547 362512.34161376953 2695798.0800170898 690531.70397949219 2058210.2593383789 1284189.6411132812 539300.81274414062 555428.412109375 650238.67236328125
leaf_count=29954 163 79 113 105 892 254 174 1356 263 1474 579 168 155 176
internal_value=4.23994e-05 -0.000108775 0.00154161 0.0029978 -3.34266e-05 7.67388e-05 0.000604795 0.0003987 0.0010352 -0.000212987 -0.000938365 0.000785652 0.00153158 0.00307937
internal_weight=2.41922e+07 2.19762e+07 2.21598e+06 1.29848e+06 2.15937e+07 2.01479e+07 7.13804e+06 6.778e+06 4.592e+06 1.30099e+07 2.186e+06 901813 3.90147e+06 1.20567e+06
internal_count=35905 35524 381 218 35445 34553 3125 2871 1950 31428 921 342 1687 331
cat_boundaries=0 1 2
cat_threshold=15 120
is_linear=0
shrinkage=0.05


Tree=142
num_leaves=15
num_cat=0
split_feature=27 10 20 21 4 25 17 17 2 11 24 27 27 21
split_gain=1350.55 1475.16 1565.43 2378.49 2930.92 1762.38 2149.01 2927.9 2111.09 1691.62 1763.61 1535.35 1518.42 1713.32
threshold=1.5000000000000002 -0.5175113698312418 0.014470804589951602 11.01375165277071 15.001491175378113 0.93301270189221952 0.35659849993124221 0.44304468708809303 16.395876229078294 0.26646058540027268 6.1322219302358052 7.5000000000000009 2.5000000000000004 10.482047616024342
decision_type=2 2 10 10 2 2 2 2 2 2 10 2 2 10
left_child=-1 -2 5 12 -5 6 9 -8 -7 10 -3 -9 13 -4
right_child=1 2 3 4 -6 8 7 11 -10 -11 -12 -13 -14 -15
leaf_value=-0.0015355325759865001 -0.0040165438074414609 0.00019619316094741316 0.0036239708787859787 0.00024609359120626251 0.0032892558486687703 -0.00013091527170930385 0.00057127502859307094 -0.00089915261809684352 -0.0028076901552031349 -0.00071732971904862159 0.0025876441635733164 0.00020568402625478909 -0.00044343839775641048 -5.6793583902921602e-05
leaf_weight=2157823.2681208849 1845292.4055074453 9435480.8466067314 102269.95028305054 202345.2114982605 79939.28466796875 1366964.2141256332 625083.72644042969 299243.19781494141 278118.40869140625 2581354.0392782688 1373777.2007157803 289784.34948730469 3607092.3417807817 99968.84352016449
leaf_count=3170 5266 12918 128 355 25 2232 161 119 53 4722 2261 113 4253 111
internal_value=6.33929e-05 0.000179534 0.00030233 -0.000571793 0.00385668 0.00052243 0.00069719 0.00271144 -0.00102906 0.00051456 0.00078919 0.000182025 -0.000899959 0.00331592
internal_weight=2.43445e+07 2.21867e+07 2.03414e+07 4.09162e+06 282284 1.62498e+07 1.46047e+07 1.21411e+06 1.64508e+06 1.33906e+07 1.08093e+07 589028 3.80933e+06 202239
internal_count=35887 32717 27451 4872 380 22579 20294 393 2285 19901 15179 232 4492 239
is_linear=0
shrinkage=0.05


Tree=143
num_leaves=15
num_cat=0
split_feature=0 11 3 18 12 10 4 26 18 11 15 4 1 26
split_gain=1676.62 2939.91 2071.34 1768.54 869.351 894.25 932.595 1162.13 1460.41 861.529 958.896 863.238 1848.15 914.21
threshold=16.99330550331128 -0.073829069530051791 16.690778174436563 0.37595173329403303 5.5000000000000009 -0.54365928504994521 12.58718965953719 0.6830127018922193 0.68394973854764296 -0.78399509069922046 19.282122796127904 16.546269291430637 16.394248834739713 0.93301270189221952
decision_type=2 2 2 10 2 2 2 2 10 2 2 2 2 2
left_child=2 -2 4 -3 -1 6 -6 -8 -9 10 -7 12 13 -11
right_child=1 3 -4 -5 5 9 7 8 -10 11 -12 -13 -14 -15
leaf_value=0.020562668778901932 -0.00047614928998756986 0.00050854161467234974 -0.00047821817225234778 1.0770031505371988e-05 0.00080581888448023995 0.0052734905176751654 -0.00907292200300743 -0.016624171731225441 0.0060846144894468992 0.00018021549714515147 0.010910314200118986 0.0002043511718902452 -0.0011344724647156528 -0.0018662404947489106
leaf_weight=102660.36205303669 589975.93505859375 785302.59423828125 1364294.8029785156 806624.28198242188 769527.74244594574 308993.23828697205 806619.74719238281 96782.311096191406 104407.80004882812 15832047.921960592 57676.707626342773 623404.99462890625 599376.88305664062 1412855.6256861687
leaf_count=1387 105 145 298 125 3917 1243 873 115 108 24865 112 159 171 2258
internal_value=3.27866e-05 0.00135501 -9.78811e-05 0.00247232 2.64064e-05 3.54641e-06 -0.00106855 -0.00206936 0.00133032 0.000104717 0.00250464 5.70667e-05 -6.82792e-06 8.80376e-05
internal_weight=2.42606e+07 2.1819e+06 2.20786e+07 1.59193e+06 2.07144e+07 2.06117e+07 1.77734e+06 1.00781e+06 201190 1.88344e+07 366670 1.84677e+07 1.78443e+07 1.72449e+07
internal_count=35881 375 35506 270 35208 33821 5013 1096 223 28808 1355 27453 27294 27123
is_linear=0
shrinkage=0.05


Tree=144
num_leaves=15
num_cat=1
split_feature=0 23 2 0 23 23 7 4 2 11 29 18 0 2
split_gain=1266.75 2871.76 1536.31 1587.39 2779.84 2122.76 1396.07 2443.04 1158.36 1510.59 1471.85 2002.41 1339.27 1931.71
threshold=17.152781891435371 2.5228400253385952 16.995746452383802 16.272741767951768 0.73882932105507859 2.1778171124778605 16.802510489396727 16.401501956730314 15.394373704489619 -0.13324085799501878 0 0.98576489705978543 14.82482845695414 14.515782578990523
decision_type=2 10 2 2 10 10 2 2 2 2 1 10 2 2
left_child=2 -2 3 8 -5 -6 7 -7 12 -10 11 -11 13 -1
right_child=1 -3 -4 4 5 6 -8 -9 9 10 -12 -13 -14 -15
leaf_value=0.00020601503232208797 -0.0001931367458549604 0.00053509299290750907 -0.0012592389182314425 0.0010790201263098825 -0.0002848403192231282 -3.722845978924245e-05 -0.00024252730037661307 0.0020230615858675533 0.00023261012088653815 0.0047596728824971166 -0.0018132710154804836 -0.0024887185090675867 0.00097710233773133605 -0.001814811874085288
leaf_weight=12489842.009120107 710223.796875 761533.9306640625 758287.52270507812 443819.49975585938 735367.74072265625 428206.16796875 435297.40869140625 428658.48657226562 709899.48022460938 296635.90942382812 1386429.1928710938 354324.33520507812 2474975.9019165039 1809342.3055419922
leaf_count=31385 122 120 150 120 178 123 92 109 257 110 539 113 1339 1194
internal_value=9.65218e-05 0.00151815 4.55742e-06 8.08506e-05 0.00127473 0.00049016 0.00171064 0.00288203 -7.02907e-05 -0.001022 -0.00171407 0.000247209 8.55812e-05 -0.000100291
internal_weight=2.42228e+07 1.47176e+06 2.27511e+07 2.19928e+07 2.47135e+06 2.02753e+06 1.29216e+06 856865 1.95214e+07 2.74729e+06 2.03739e+06 650960 1.67742e+07 1.42992e+07
internal_count=35951 242 35709 35559 622 502 324 232 34937 1019 762 223 33918 32579
cat_boundaries=0 1
cat_threshold=8
is_linear=0
shrinkage=0.05


Tree=145
num_leaves=15
num_cat=1
split_feature=25 25 0 24 24 6 6 19 2 0 29 2 14 19
split_gain=976.862 2186.62 3188.49 1894.03 2204.96 1860.48 2142.2 1731.68 1686.97 2344 1683.02 1938.01 1510.1 2934.18
threshold=0.68301270189221941 0.93301270189221952 16.99330550331128 0.80042292159832307 0.60932200920351154 16.80495009680509 16.605113665682349 0.061160380032340055 15.92068809672695 15.025324965703875 0 17.154710110999769 2.3802010571671852 0.054199206273200004
decision_type=2 2 2 8 10 2 2 2 2 2 1 2 10 2
left_child=10 2 3 4 -2 6 8 -3 9 -5 12 -12 -1 -14
right_child=1 7 -4 5 -6 -7 -8 -9 -10 -11 11 -13 13 -15
leaf_value=0.00045488494869658219 0.0015531524321331176 -0.0018502137136429701 0.0014223136989430462 0.00011705925581583724 0.0034373136881393055 -0.0026238290757291411 0.00052840057155473783 0.0077732044782770973 -0.0026566140776522109 0.003682966282096379 -0.00023137845017483008 -0.00086300728900018582 -0.00050836775913342476 0.0015574547375072859
leaf_weight=4379617.9609313011 643054.87683343887 1955083.1204528809 249286.39208984375 2169265.2838902473 121728.76519775391 154069.205078125 98469.175048828125 182199.39145421982 244777.8662109375 395068.37158203125 12335341.324779987 425057.47705078125 662283.28515839577 66966.183718681335
leaf_count=4268 1001 2913 41 4576 147 32 23 260 72 177 20229 80 1879 122
internal_value=4.80335e-05 0.000588092 0.00126735 0.000910396 0.00313614 0.000354417 0.000638141 -0.000707229 0.000384044 0.000762607 -0.00013974 -0.000446778 0.000627146 -0.0014795
internal_weight=2.40823e+07 6.213e+06 4.07572e+06 3.82643e+06 764784 3.06165e+06 2.90758e+06 2.13728e+06 2.80911e+06 2.56433e+06 1.78693e+07 1.27604e+07 5.10887e+06 729249
internal_count=35820 9242 6069 6028 1148 4880 4848 3173 4825 4753 26578 20309 6269 2001
cat_boundaries=0 1
cat_threshold=56
is_linear=0
shrinkage=0.05


Tree=146
num_leaves=15
num_cat=1
split_feature=21 9 17 21 0 6 26 28 4 10 10 17 2 8
split_gain=999.216 3724.57 3973.55 1864.26 2197.71 1884.39 1799.42 1803.69 1642.9 1486.07 1914.86 1878.63 1503.24 1379.15
threshold=11.037231308731972 0.12233181171647202 0.39280578722323817 10.954634716535832 17.419860989426706 17.351774198266824 0.25000000000000017 0 16.850127835172454 -0.039677234406679092 0.0029213243098231002 0.037688364822814006 14.450234353504042 0.11951887288854611
decision_type=8 2 2 10 2 2 2 1 2 2 2 2 2 2
left_child=3 -2 6 4 5 -1 7 -3 -5 11 -11 12 -9 -12
right_child=1 2 -4 8 -6 -7 -8 9 -10 10 13 -13 -14 -15
leaf_value=-3.5363927925655256e-06 0.00070954657379008166 0.0026585491620669016 0.00075497654031095492 -0.0010058899448084056 0.00047378176072344452 -0.0051395820318889734 -0.0011550921499349713 -0.00098811724329102204 -0.0017549152764241239 0.002312195119489502 -0.0061081350326800512 -0.0015669305658396967 0.0037604870272233827 0.00039884334154629484
leaf_weight=20324883.003994226 237028.5919342041 187220.73056030273 105765.89794921875 545953.67708873749 260487.35791015625 190579.5810546875 946383.93739128113 213136.09500980377 349525.0546875 81258.810448169708 81351.703002929688 247694.21594238281 48411.67236328125 380136.39978957176
leaf_count=32040 91 139 20 935 43 31 1137 538 60 80 17 97 29 577
internal_value=2.01041e-05 0.000960727 0.000343507 -8.96376e-05 6.64041e-06 -5.13062e-05 -0.00011453 0.00113922 -0.00232338 0.000334463 0.00215478 -0.00160562 0.00134974 0.000908562
internal_weight=2.41998e+07 2.52839e+06 2.29136e+06 2.16714e+07 2.07759e+07 2.05155e+07 2.18559e+06 1.23921e+06 895479 1.05199e+06 542747 509242 261548 461488
internal_count=35834 2725 2634 33109 32114 32071 2614 1477 995 1338 674 664 567 594
cat_boundaries=0 1
cat_threshold=32
is_linear=0
shrinkage=0.05


Tree=147
num_leaves=15
num_cat=1
split_feature=8 20 2 23 18 11 18 26 4 19 30 7 11 11
split_gain=1334.4 2430.81 2381.26 1967.29 2558.7 3260.24 3691.26 2900.18 2991.56 1920.7 1257.9 4770.89 1258.69 1405.27
threshold=0.13258276074683381 -0.026907504812762946 16.995746452383802 4.6193908550991907 0.58877922785088854 0.13055797970242278 0.27818051714576264 0.6830127018922193 16.045152042135335 -0.035398217630907496 0 16.984176737668555 -0.013392149411687048 -0.049274848705236289
decision_type=2 10 2 8 10 2 10 2 2 2 1 2 2 2
left_child=1 9 10 4 5 6 7 8 -3 -1 11 -2 13 -12
right_child=2 3 -4 -5 -6 -7 -8 -9 -10 -11 12 -13 -14 -15
leaf_value=0.000749560931310155 0.00026076359152970088 -0.00029275452117403416 -0.00083487208981843737 -0.0027300761494437821 0.0010182563596633375 0.001323451032771663 -0.0011205681398551558 -0.0012313961350025316 0.0010200239472486245 -0.0014006681586184724 -2.7880990723993665e-05 0.0012911583912929864 -0.00081769440663556614 0.0011242584252948962
leaf_weight=175127.50493180752 5661771.0854451656 195523.00570297241 1065365.7861328125 217920.91866052151 365207.11284637451 289516.39492034912 771413.99011230469 201781.34609031677 344662.53930664062 502999.37516450882 6221715.0108450651 65549.7802734375 7192509.2615485191 899942.64117717743
leaf_count=150 8967 228 185 174 107 146 190 127 83 663 11197 13 12517 1102
internal_value=-2.02896e-05 0.00095475 -0.000161839 0.00170552 0.00216069 0.00138762 0.00045764 0.00297552 0.00488607 -0.00168688 -3.93928e-05 0.000586839 -0.000289958 0.000181231
internal_weight=2.4171e+07 3.06415e+06 2.11069e+07 2.38603e+06 2.1681e+06 1.8029e+06 1.51338e+06 741967 540186 678127 2.00415e+07 5.72732e+06 1.43142e+07 7.12166e+06
internal_count=35849 1868 33981 1055 881 774 628 438 311 813 33796 8980 24816 12299
cat_boundaries=0 1
cat_threshold=10
is_linear=0
shrinkage=0.05


Tree=148
num_leaves=15
num_cat=0
split_feature=0 2 22 2 17 0 2 23 20 25 20 14 26 14
split_gain=2813.53 2662.31 2319.3 2134.52 2325.82 1662.26 1948.45 1477.71 1670.93 1212.57 1378.08 2040.9 1821.45 1257.63
threshold=16.99330550331128 16.395876229078294 19.607205262989968 17.154710110999769 0.22636566645953302 15.554735341441647 15.394373704489619 1.1438389005876803 0.038680543246289605 0.68301270189221941 0.010512023056598601 2.0855647629387168 0.6830127018922193 1.6715062570152324
decision_type=2 2 2 2 2 2 2 10 8 2 10 10 2 10
left_child=1 5 7 -2 -5 6 -1 -3 -9 10 11 12 -7 -11
right_child=3 2 -4 4 -6 9 -8 8 -10 13 -12 -13 -14 -15
leaf_value=9.54379375941555e-05 0.00011875985039869963 -0.00011434859215882494 9.7735608547140954e-05 0.00037734093617251222 -0.00052880152042696202 4.1899177941427055e-05 -0.0039230361996295355 -0.0021963642804147597 -0.00061925509622415948 -0.0010840961379550002 -2.4796226270422671e-05 0.0023809928220739269 0.001820193075343114 0.0015559400021474565
leaf_weight=16328993.561181903 779393.38208007812 422752.91577148438 419598.72778320312 808159.85986328125 636992.07275390625 715052.88928222656 909471.82141113281 824532.79956054688 450065.03051757812 376828.14672851562 492675.8564453125 313046.97033691406 320965.07006835938 366345.75927734375
leaf_count=33582 154 103 95 130 98 249 406 187 119 130 171 108 109 118
internal_value=0.000109465 -6.23271e-05 -0.00174776 0.00180382 0.000666397 0.000117661 -5.9637e-05 -0.00257062 -0.00342026 0.00130004 0.00198795 0.00281448 0.00174546 -0.000404742
internal_weight=2.41649e+07 2.19403e+07 2.11695e+06 2.22455e+06 1.44515e+06 1.98234e+07 1.72385e+07 1.69735e+06 1.2746e+06 2.58491e+06 1.84174e+06 1.34906e+06 1.03602e+06 743174
internal_count=35759 35377 504 382 228 34873 33988 409 306 885 637 466 358 248
is_linear=0
shrinkage=0.05


Tree=149
num_leaves=15
num_cat=0
split_feature=2 14 4 14 17 18 10 4 0 14 8 6 18 22
split_gain=1285.44 2583.58 2582.27 900.054 1216.27 1092.09 888.162 4169.81 2335.64 1417.7 1329.96 1297.38 1392.62 1355.94
threshold=17.154710110999769 1.6715062570152324 17.174121431257518 2.4212814213359697 0.27895765299337733 0.0051459338172857505 -0.018166846873522297 16.696051016634417 16.395026300101303 1.1469503163224553 0.11511944646971077 16.422516562593881 0.68394973854764296 17.160547384304511
decision_type=2 10 2 10 2 8 2 2 2 10 2 2 10 2
left_child=2 -2 3 5 -5 -1 8 -8 9 -7 -11 12 -12 -14
right_child=1 -3 -4 4 -6 6 7 -9 -10 10 11 -13 13 -15
leaf_value=0.0078676923405125495 8.5050626431341242e-05 -0.001050997135465077 0.00010545312962819233 -0.00079406924002887395 -0.0029646738770884393 -0.0015664312938981377 5.8717913357994441e-05 0.00034939731435122191 -0.0016866054234638437 0.0011620318896829081 -0.00067546142222936955 0.00039466478360456391 0.00036082292350062039 0.0044177508667035282
leaf_weight=349422.88928842545 764385.408203125 752043.29736328125 418174.05200195312 2260376.4197642803 171698.34521484375 2779738.6434798241 9320032.2840237617 564405.85034179688 846428.83154296875 210116.46711444855 3251133.3486728668 88167.61669921875 1707318.6259148121 804832.0876083374
leaf_count=2541 111 136 80 8886 46 4642 11769 123 186 141 4457 22 2004 692
internal_value=-5.60131e-05 -0.00146558 3.78531e-05 -3.4971e-05 -0.000943008 7.58842e-05 2.64199e-05 0.000359871 -0.000313801 -7.35874e-05 0.000355172 0.000214828 0.000122743 0.00100693
internal_weight=2.42883e+07 1.51643e+06 2.27718e+07 2.23537e+07 2.43207e+06 1.99216e+07 1.95722e+07 9.88444e+06 9.68774e+06 8.84131e+06 6.06157e+06 5.85145e+06 5.76328e+06 2.51215e+06
internal_count=35836 247 35589 35509 8932 26577 24036 11892 12144 11958 7316 7175 7153 2696
is_linear=0
shrinkage=0.05


Tree=150
num_leaves=15
num_cat=0
split_feature=10 2 4 16 2 7 3 8 6 15 7 1 2 2
split_gain=1204.8 2155.19 2091.34 2585.37 1641.22 1676.96 1368.61 1064.61 1389.7 1224.16 1069.8 1798.71 985.086 1230.09
threshold=-0.056438637102747387 17.154710110999769 16.696051016634417 18.314513342829532 16.684382928863482 16.609407827796193 16.399633848597894 0.14479226927996539 16.954827293078967 19.129644275016393 16.802510489396727 16.394248834739713 15.92068809672695 15.801121753769563
decision_type=2 2 2 2 2 2 2 2 2 2 2 2 2 2
left_child=1 7 4 -4 5 6 -2 9 10 -1 11 12 13 -9
right_child=2 -3 3 -5 -6 -7 -8 8 -10 -11 -12 -13 -14 -15
leaf_value=-0.00015701772352716444 0.00019535936030007058 -0.0018011715454818854 0.00034883775214656341 8.8114665505912741e-06 -0.0029218703548207856 0.0036583197861455824 -0.0016439032073098732 -0.00010829953442665841 8.8735159720946535e-05 -0.0011539921845633509 -0.00081659173861129753 0.0012655714955116535 -0.0023124774425507316 0.004946746034087404
leaf_weight=590306.52472853661 11059757.025414824 370655.54736328125 900777.32250976562 1260793.4467773438 370345.02026367188 62695.146240234375 343930.52734375 7791450.8666453362 246778.51220703125 330934.64828872681 199594.72119140625 188285.43994140625 520065.68701171875 110725.81958007812
leaf_count=602 18948 56 183 220 89 15 96 15205 46 155 42 46 150 36
internal_value=6.43631e-05 -0.000344706 0.000366784 0.00179691 0.00010562 0.00021143 0.000166596 -0.000205638 -4.09212e-05 -0.001825 -0.00014458 -6.06934e-05 -0.000168745 -3.00217e-05
internal_weight=2.43471e+07 1.03488e+07 1.39983e+07 2.16157e+06 1.18367e+07 1.14664e+07 1.14037e+07 9.97814e+06 9.0569e+06 921241 8.81012e+06 8.61053e+06 8.42224e+06 7.90218e+06
internal_count=35889 16338 19551 403 19148 19059 19044 16282 15525 757 15479 15437 15391 15241
is_linear=0
shrinkage=0.05


Tree=151
num_leaves=15
num_cat=1
split_feature=25 9 15 20 2 1 4 6 19 19 24 28 26 1
split_gain=941.979 2706.52 3280.83 2208.48 1741.81 1915.07 1874.64 1415.82 1209.75 2538.14 1693.82 1788.86 2831.18 3299.61
threshold=0.68301270189221941 0.16473991554958628 19.261483453064301 -0.025401344789704895 17.154710110999769 16.993748182993098 16.850127835172454 16.605113665682349 -0.025353462715368095 -0.013014312526441299 2.1287889848007757 0 0.25000000000000017 14.414933681949428
decision_type=2 2 2 10 2 2 2 2 2 2 8 1 2 2
left_child=8 2 3 -2 5 6 7 -3 10 -10 -1 12 13 -12
right_child=1 4 -4 -5 -6 -7 -8 -9 9 -11 11 -13 -14 -15
leaf_value=-0.0025187040520322375 0.00066318986824596092 7.1692834084030133e-05 0.00157097864913178 -9.5089491272513444e-05 -0.0036799194666405593 0.00037559483802083175 -0.0017306846076927244 0.00096771295117391786 0.00068404364651250484 -0.00018131273490710163 0.004130457630690163 -0.0008978773766090296 -0.0011413363317901827 0.0013957567001492777
leaf_weight=1625909.4286808968 178129.03267669678 4996657.7033510208 234610.990234375 446843.77319335938 162779.59619140625 120415.30224609375 173758.4150390625 119299.64331054688 3077923.9907162189 11145474.841747046 147575.1242287159 1772597.1068291664 158808.09384441376 70446.737548828125
leaf_count=2212 142 8839 64 217 25 23 36 28 4496 16505 389 2698 293 23
internal_value=-2.0497e-05 0.00049884 0.0031103 0.00121769 9.60402e-05 0.000249369 0.000107437 0.000280906 -0.000206101 5.08942e-06 -0.00100175 -8.06359e-05 0.00304776 0.0067467
internal_weight=2.44312e+07 6.43249e+06 859584 624973 5.57291e+06 5.41013e+06 5.28972e+06 5.11596e+06 1.79987e+07 1.42234e+07 3.77534e+06 2.14943e+06 376830 218022
internal_count=35990 9374 423 359 8951 8926 8903 8867 26616 21001 5615 3403 705 412
cat_boundaries=0 1
cat_threshold=660
is_linear=0
shrinkage=0.05


Tree=152
num_leaves=15
num_cat=0
split_feature=17 9 1 22 10 19 16 3 3 2 0 27 7 24
split_gain=1467.88 1962.81 2881.05 1628.69 2647.53 2360.35 2458.86 1529.94 2364.37 1401.49 1306.94 4720.05 2252.73 1334.51
threshold=0.66017914091461261 0.14408993956811442 17.419860989426706 18.651885674616626 0.027005861573130053 0.014367283444524951 17.072385504493145 17.441669403438507 17.168440301826585 16.995746452383802 16.531633219399612 7.5000000000000009 16.392307788785264 23.043396053732206
decision_type=2 2 2 2 2 2 2 2 2 2 2 2 2 10
left_child=1 2 3 4 5 6 -1 8 9 10 12 -12 13 -3
right_child=-2 7 -4 -5 -6 -7 -8 -9 -10 -11 11 -13 -14 -15
leaf_value=-0.00067167923820821672 -0.00090774058633741285 -5.0804527000201098e-05 0.0006002055683790305 -8.7797529199509056e-05 -0.0015962471918407281 0.0016357174605201676 0.00068371821943561696 -0.0018880379818261035 0.00087598238053950928 -0.0013080976943932393 -0.00030611653711185547 0.0010562289203345239 -0.002720132304007966 0.0063325973264939262
leaf_weight=222820.59433746338 398734.455078125 18779983.892539144 347245.26513671875 835538.80126953125 278519.51658630371 138891.40557861328 147974.7341003418 550194.30908203125 400980.84326171875 528001.99438476562 600577.15844726562 420050.89794921875 374029.1845703125 373669.6382522583
leaf_count=244 139 33564 49 337 154 107 38 82 74 106 141 103 94 557
internal_value=4.53617e-05 9.53531e-05 0.00160702 0.000723003 0.0023534 0.00449554 0.00241307 -3.99091e-05 2.67858e-05 -4.55749e-05 1.97829e-05 0.001764 -7.13799e-05 3.66581e-06
internal_weight=2.43972e+07 2.39985e+07 1.97099e+06 1.62375e+06 788206 509687 370795 2.20275e+07 2.14773e+07 2.10763e+07 2.05483e+07 1.02063e+06 1.95277e+07 1.91537e+07
internal_count=35789 35650 929 880 543 389 282 34721 34639 34565 34459 244 34215 34121
is_linear=0
shrinkage=0.05


Tree=153
num_leaves=15
num_cat=1
split_feature=5 19 2 22 11 3 7 18 3 28 11 23 8 23
split_gain=1421.52 3513.81 1689.1 807.724 1635.1 3066.2 1580.66 1052.21 1120.23 790.003 1196.67 1207.45 1125.87 3215.26
threshold=17.126432758044093 0.0076312335699731011 17.154710110999769 21.036281688279555 -0.098662478290201236 15.929254580614556 13.721965605992603 0.067915210861482167 13.800184762065772 0 0.26109980763558133 9.6502484127742125 0.064775341821398311 1.9127035365501304
decision_type=2 2 2 2 2 2 2 10 2 1 2 10 2 10
left_child=2 -2 3 9 6 7 -5 8 -6 -1 11 12 13 -11
right_child=1 -3 -4 4 5 -7 -8 -9 -10 10 -12 -13 -14 -15
leaf_value=-0.000326772037260954 0.00056272120483285778 -0.0001264925475062784 -0.0017550430953385526 0.010259652069137121 0.0019049238483949682 0.0012246957536224835 -0.0026169392157276965 -0.0013733149885558843 0.0080162723483603645 0.0012772144111662456 -0.00093123135237817192 0.0027176979155087702 6.9098115860764743e-05 -0.0012525715936922363
leaf_weight=4712420.5348863602 1016529.7299804688 661144.12890625 171452.7900390625 94372.023824691772 175746.17416381836 193115.58325195312 180417.21276855469 325494.19790649414 70313.599243164062 55543.474727153778 3282303.5986150503 281263.26324081421 13054784.736388087 86550.724934339523
leaf_count=11164 167 107 34 233 316 45 100 244 61 80 5826 353 17091 177
internal_value=4.78615e-05 0.00145229 -5.60087e-05 -1.83554e-05 0.00134288 0.00253166 -0.0019652 0.000691251 0.00315868 -8.425e-05 7.65622e-05 0.000285054 0.000215964 0.00464261
internal_weight=2.43615e+07 1.67767e+06 2.26838e+07 2.25123e+07 1.03946e+06 764670 274789 571554 246060 2.14729e+07 1.67604e+07 1.34781e+07 1.31969e+07 142094
internal_count=35998 274 35724 35690 999 666 333 621 377 34691 23527 17701 17348 257
cat_boundaries=0 1
cat_threshold=523
is_linear=0
shrinkage=0.05


Tree=154
num_leaves=15
num_cat=0
split_feature=20 23 11 11 26 14 14 1 20 24 27 21 24 6
split_gain=1429.13 1735.38 3659.06 5291.95 1349.52 1840.89 2186.72 1180.84 1135.16 940.566 923.6 2162.7 1855.57 4352.85
threshold=-0.040722534319729595 3.5395868905720955 -0.016257289874851599 0.06068071358968026 1.0000000180025095e-35 2.2524333299768373 2.3240573291054321 14.825212236573535 -0.049464541755432141 2.7992633769017754 3.5000000000000004 10.597509584741148 1.5628839460747501 16.954827293078967
decision_type=8 10 2 2 2 10 10 2 8 10 2 10 10 2
left_child=1 4 -3 -4 5 9 -7 8 -8 -1 11 12 13 -2
right_child=10 2 3 -5 -6 6 7 -9 -10 -11 -12 -13 -14 -15
leaf_value=-0.00057084707256423476 0.001106672024329039 -0.0015230888137726709 0.0062208862757794211 0.001792295230551181 -0.00089347205122369258 0.001928237745213984 0.0052428996155742423 -0.00021465502507811708 0.015009359891941682 0.0025386534741422425 5.3563810633761467e-06 -0.0013619732218871699 -0.00056964217734560389 0.00116660595268805
leaf_weight=329424.14650058746 1081577.8204035759 136347.31052112579 61889.382969856262 106213.23890399933 392082.91465854645 74503.941390991211 46495.464959144592 41331.401611328125 21418.755952835083 118680.02956151962 16892915.300042152 2372418.6414186954 2387248.6618864536 67723.5908203125
leaf_count=323 1993 278 69 202 472 49 225 14 89 135 25011 2759 4138 13
internal_value=-8.5256e-05 0.00150896 0.0048232 0.00975985 0.00052353 0.00195342 0.00616798 0.00166353 0.00571884 0.000225202 -0.000178132 -0.000716182 6.72809e-05 0.00171792
internal_weight=2.41303e+07 1.32839e+06 304450 168103 1.02394e+06 631854 183750 109246 67914.2 448104 2.28019e+07 5.90897e+06 3.53655e+06 1.1493e+06
internal_count=35770 1856 549 271 1307 835 377 328 314 458 33914 8903 6144 2006
is_linear=0
shrinkage=0.05


Tree=155
num_leaves=15
num_cat=0
split_feature=9 19 20 16 11 4 19 19 21 2 0 5 23 11
split_gain=1346.14 1720.55 1483.55 1190.94 2022.59 1815.34 1748.18 3656.78 2455.27 1314.77 1031.26 1914.55 1301.75 1364.87
threshold=0.099550145179683913 0.00029145502070358038 0.06067531864364601 18.369372682749788 -0.073829069530051791 17.174121431257518 0.023412783306648553 -0.015913561776993296 10.914779059107177 16.995746452383802 16.684382928863482 16.618815053474993 10.170567152485452 0.26646058540027268
decision_type=2 2 10 2 2 2 2 2 10 2 2 2 10 2
left_child=1 -1 3 5 -5 9 7 -6 -9 10 11 12 -2 -14
right_child=2 -3 -4 4 6 -7 -8 8 -10 -11 -12 -13 13 -15
leaf_value=-0.00028380999187019713 3.0461967092447457e-05 0.00034375613629739673 -0.00068058161887973585 -0.0011556404866197212 -0.0012258901822148594 9.5755470982272125e-05 -0.0026819609243819223 -2.0143414523146328e-05 0.001344614913001606 -0.00099182130090829236 0.00067703939849750815 -0.0022229856912361445 0.0052494608894338374 -0.0010115885150414649
leaf_weight=277895.39668273926 18764393.168910027 242407.13897705078 807949.92992782593 626658.14688110352 415059.51342773438 586398.0751953125 287545.10083007812 265895.08685302734 298673.6321105957 359558.02319335938 748242.15356445312 186546.16381835938 201410.29283905029 79674.721906661987
leaf_count=164 32798 140 1138 232 154 98 108 89 126 73 169 45 337 117
internal_value=8.91787e-06 0.00252461 -4.64791e-05 2.80698e-05 -0.00117262 0.000136733 -2.3541e-05 0.000982621 0.00360192 5.76603e-05 0.000111587 4.07335e-05 9.01064e-05 0.00346754
internal_weight=2.41483e+07 520303 2.3628e+07 2.28201e+07 1.89383e+06 2.09262e+07 1.26717e+06 979628 564569 2.03398e+07 1.99803e+07 1.9232e+07 1.90455e+07 281085
internal_count=35788 304 35484 34346 709 33637 477 369 215 33539 33466 33297 33252 454
is_linear=0
shrinkage=0.05


Tree=156
num_leaves=15
num_cat=1
split_feature=10 9 4 25 14 14 28 18 0 19 9 23 1 23
split_gain=1536.74 1939.18 1704.58 1831.08 1275.85 1220.98 1391.38 2177.19 7482.56 1351.98 2016.01 1182.58 2493.32 1276.76
threshold=-0.16931284968113666 0.22412303304650502 17.174121431257518 -0.24999999999999997 0.93796497789663114 2.3334848586561807 0 0.66863431804471674 16.151584451074552 0.059274043176975655 0.34163992465857956 -3.6480632050562698 16.14983443092261 4.1831153547221209
decision_type=2 2 2 2 10 10 1 10 2 2 2 8 2 10
left_child=1 -1 5 -4 -3 6 7 8 -2 11 -11 12 -8 -13
right_child=2 4 3 -5 -6 -7 9 -9 -10 10 -12 13 -14 -15
leaf_value=-0.001381176832132746 0.00071428556754514971 -0.0034586219226498912 7.8302944845464583e-06 0.00032245735057674944 -1.0821309350554081e-05 -0.00029975528695085573 0.0013589498238637506 -0.0025639685925266491 0.0012825398008477343 0.0029361157741375683 -0.00084251326504407645 -0.00046240127364905316 0.0014675867916942849 0.00076139626136808897
leaf_weight=503061.06519317627 2617728.704710722 1244529.9694559574 669393.62133789062 620485.27001953125 4996283.839841485 2753092.6937658787 517250.67235946655 229537.13426971436 282093.26391601562 186463.71981811523 200732.96596157551 6471408.9611799717 132207.39892578125 2724506.5173432827
leaf_count=239 4841 2730 112 98 9297 6811 681 125 72 108 319 6690 39 3638
internal_value=6.0052e-05 -0.000580721 0.000308332 0.00205731 -0.00034 0.000168341 0.000365894 0.00128851 0.00165956 8.37348e-05 0.00298183 -3.02408e-05 0.00203177 -0.00017587
internal_weight=2.41488e+07 6.74387e+06 1.74049e+07 1.28988e+06 6.24081e+06 1.6115e+07 1.33619e+07 3.12936e+06 2.89982e+06 1.02326e+07 387197 9.84537e+06 649458 9.19592e+06
internal_count=35800 12266 23534 210 12027 23324 16513 5038 4913 11475 427 11048 720 10328
cat_boundaries=0 1
cat_threshold=551
is_linear=0
shrinkage=0.05


Tree=157
num_leaves=15
num_cat=0
split_feature=8 22 16 15 19 22 0 6 22 3 0 0 15 18
split_gain=2317.69 2096.41 2657.58 1869.73 1781.2 1484.22 1303.41 1524.79 1120.83 2152.31 2069.94 2032.24 1806.49 1874.66
threshold=0.11511944646971077 17.019583006855296 18.435443290659602 17.013837748997727 -0.0037356066653217498 18.647042967283316 17.419860989426706 17.351774198266824 19.607205262989968 15.804550983324974 16.99330550331128 16.272741767951768 18.022840715319276 0.76515142976997297
decision_type=2 2 2 2 2 2 2 2 2 2 2 2 2 10
left_child=1 -1 3 5 -5 -3 7 8 9 11 -10 -2 -11 -14
right_child=6 2 -4 4 -6 -7 -8 -9 10 12 -12 -13 13 -15
leaf_value=-0.0010805496594198159 -1.210510844449927e-06 0.0020569876730665809 -0.00027967786230714993 0.00071508711648839368 0.00057610521769002349 -0.0018105871592218681 0.00031616567696989635 -0.0056787638346105012 5.6402266010129153e-05 -0.00078163159881560655 0.00082335805876622219 0.0048812707572450827 2.7905901542212416e-05 -0.0018240297407239943
leaf_weight=371197.02323389053 16062424.815367579 81090.934507250786 333258.52215576172 545147.87878596783 602248.2951335907 181662.44986248016 485890.67724609375 159231.26171875 1670794.6040763855 911810.37658691406 227629.63623046875 92692.7001953125 1301698.7501220703 1242249.1827392578
leaf_count=446 31983 176 87 183 183 236 72 25 1453 257 47 32 321 384
internal_value=8.322e-05 0.00166479 0.00239122 0.00334023 0.00421149 -0.000464368 -6.77381e-05 -0.000125168 -8.90796e-05 -0.000201378 0.00107098 4.08863e-05 -0.00133393 -0.00064952
internal_weight=2.4269e+07 2.11461e+06 1.74341e+06 1.41015e+06 1.1474e+06 262753 2.21544e+07 2.16685e+07 2.15093e+07 1.96109e+07 1.89842e+06 1.61551e+07 3.45576e+06 2.54395e+06
internal_count=35885 1311 865 778 366 412 34574 34502 34477 32977 1500 32015 962 705
is_linear=0
shrinkage=0.05


Tree=158
num_leaves=15
num_cat=0
split_feature=0 18 23 6 7 3 2 0 20 12 10 8 23 22
split_gain=1862.23 2572.54 2510.57 2100.69 1733.66 1507.44 865.33 1528.36 1816.75 722.639 722.556 836.511 749.474 815.988
threshold=16.99330550331128 0.49649213791301194 2.0850945990171454 16.80495009680509 16.609407827796193 16.690778174436563 16.532859834196291 16.272741767951768 -0.014637462022848649 6.5000000000000009 -0.78518039119013439 0.86446575534794767 -3.3715385934186446 17.202030787247562
decision_type=2 10 10 2 2 2 2 2 10 2 2 2 10 2
left_child=3 2 -2 4 5 6 7 9 -9 -1 11 -11 -12 -14
right_child=1 -3 -4 -5 -6 -7 -8 8 -10 10 12 -13 13 -15
leaf_value=0.017106563423565334 2.1795674809950378e-05 -0.00012916375380370233 0.000436385154482155 -0.0005164201329200495 6.1802805298351985e-05 -0.006576993171477816 -0.0012429379564554623 0.0024787787236289177 -0.00014091609209513836 -0.015300179618236832 -0.00098407707306361644 -0.0034259801986232237 -0.00021227199335131352 0.00035891299288884511
leaf_weight=185448.06772148609 858349.9189453125 642689.89208984375 718818.43798828125 912200.07373046875 580016.88916015625 147924.96850585938 340326.72338867188 476112.11108398438 346568.82739257812 246068.44308185577 1401248.8657217026 674265.35651874542 7509791.8214035034 9143388.7803330421
leaf_count=2047 159 99 124 189 133 40 95 143 101 446 2235 2599 14700 12697
internal_value=0.000143221 0.00152334 0.00260989 3.73076e-06 0.000105521 2.91443e-05 6.57496e-05 0.000108327 0.0022186 1.77188e-05 -1.26378e-05 -0.00137922 5.70246e-05 0.000150472
internal_weight=2.41832e+07 2.21986e+06 1.57717e+06 2.19634e+07 2.10512e+07 2.04711e+07 2.03232e+07 1.99829e+07 822681 1.91602e+07 1.89748e+07 920334 1.80544e+07 1.66532e+07
internal_count=35807 382 283 35425 35236 35103 35063 34968 244 34724 32677 3045 29632 27397
is_linear=0
shrinkage=0.05


Tree=159
num_leaves=15
num_cat=0
split_feature=15 10 18 8 9 10 24 24 8 3 5 19 17 3
split_gain=1073.47 1221.03 1702.54 1887.13 1483.98 1422.35 3387.43 1358.35 1296.6 1238.52 1161.67 1140.45 1897.92 1693.17
threshold=19.366258896332727 -0.18333363266888805 0.68394973854764296 0.1881634980890535 0.36658118487412145 -0.15616372725677238 0.49128118563292256 0.24542763497488204 0.14133136496110874 15.929254580614556 14.928534728337596 0.020977209751282453 0.44304468708809303 17.003614330794793
decision_type=2 2 10 2 2 2 8 8 2 2 2 2 2 2
left_child=1 2 4 -4 7 6 -3 -1 -8 10 -10 13 -13 -7
right_child=-2 5 3 -5 -6 11 8 -9 9 -11 -12 12 -14 -15
leaf_value=0.00014816020253070937 -0.0010646567000474746 0.0043311338244317373 0.0028133757890356306 0.00031938374672716785 -0.00082895971869588806 7.0528313799170296e-05 0.00078899255014893267 -0.0025533976645159637 9.3714587927398285e-05 -0.0043865126746176061 0.0038948035419743288 -0.00019951748180155305 0.00038215414770535164 0.00024777347724312432
leaf_weight=140751.37978363037 1923423.3965034485 88744.797168731689 74301.233226776123 2069101.1242406368 2650223.1484361887 10044905.891314626 80196.800811767578 1122666.2520332336 320024.99281597137 92026.628662109375 76521.724731445312 4337017.7437108755 175971.49517822266 1065398.3698730469
leaf_count=107 1771 117 81 2815 7512 15553 47 850 574 25 34 6008 77 184
internal_value=9.39254e-06 0.000106987 -0.000499079 0.000633652 -0.00111945 0.000332465 0.00261054 -0.00252958 0.00119294 0.000225734 0.00143847 0.000236591 -0.000433683 0.000508855
internal_weight=2.42613e+07 2.23379e+07 6.05704e+06 2.1434e+06 3.91364e+06 1.62808e+07 657515 1.26342e+06 568770 488573 396547 1.56233e+07 4.51299e+06 1.11103e+07
internal_count=35755 33984 11365 2896 8469 22619 797 957 680 633 608 21822 6085 15737
is_linear=0
shrinkage=0.05


Tree=160
num_leaves=15
num_cat=0
split_feature=4 24 21 19 4 2 5 21 18 3 16 0 4 20
split_gain=1704.39 3071.01 1287.27 2635.86 4418.56 1073.32 1620.49 1051.16 1062.41 2320.37 1162.63 2396.79 1264.9 1620.84
threshold=17.174121431257518 1.6185599954412302 11.037231308731972 -0.023291557472638346 16.278214614679609 17.154710110999769 17.126432758044093 10.867488701321804 0.061135994298241854 15.263008593059654 17.349108351734937 16.684382928863482 16.278214614679609 -0.0063596322073472995
decision_type=2 10 8 2 2 2 2 10 10 2 2 2 2 10
left_child=2 -2 5 -4 -5 6 7 8 9 -1 11 -10 -12 -14
right_child=1 -3 3 4 -6 -7 -8 -9 10 -11 12 -13 13 -15
leaf_value=0.0013238124998856866 0.000307575952044445 -6.7776896167288323e-05 -0.0013813813264919263 0.00049017542998364908 0.00178345760657796 -0.00053460902457764723 0.00019816101240969694 -0.0017068155534290951 -0.00013738943609684819 0.003036775468064161 -0.0014851878976121654 0.00080007696964776642 -0.00042363013579092644 9.7735982198215134e-05
leaf_weight=3143216.803945899 810327.54858398438 743501.92431640625 531030.6873960495 1162644.8084890842 359264.05493164062 378228.68701171875 120842.39111328125 1904478.8989839554 13084082.038177729 31615.75341796875 662724.96960449219 289379.9375 446935.62768554688 578952.0390625
leaf_count=13131 138 114 702 1907 82 72 24 2750 16399 15 246 71 105 137
internal_value=-3.8837e-06 0.00159815 -0.000113576 0.00108048 0.00213878 -0.000232339 -0.000183078 -0.000217713 -0.000100985 0.000730248 -0.000276195 -0.000120099 -0.00151244 -0.000412553
internal_weight=2.42472e+07 1.55383e+06 2.26934e+07 2.05294e+06 1.52191e+06 2.06405e+07 2.02622e+07 2.01414e+07 1.82369e+07 3.17483e+06 1.50621e+07 1.33735e+07 1.68861e+06 1.02589e+06
internal_count=35893 252 35641 2691 1989 32950 32878 32854 30104 13146 16958 16470 488 242
is_linear=0
shrinkage=0.05


Tree=161
num_leaves=15
num_cat=1
split_feature=14 17 8 19 19 17 20 5 17 24 29 25 11 10
split_gain=1349.38 1273.52 1185.1 2397.28 2165.62 3084.26 2144.89 1964.58 1740.3 2025.28 1532.64 2164.93 2121.62 1399.33
threshold=2.5078013168185946 0.014875009592210451 0.1987290366279422 -0.020948958783492597 -0.0093007948730438484 0.17548205026987088 -0.0074388590366343986 17.374892477213375 0.12036337428363401 1.4770627534572751 0 0.25000000000000011 -0.062805942101907528 -0.046327730681054939
decision_type=10 2 2 2 2 2 8 2 2 10 1 2 2 2
left_child=2 -2 3 -1 5 6 -5 -4 9 -8 13 12 -12 -6
right_child=1 -3 7 4 10 -7 8 -9 -10 -11 11 -13 -14 -15
leaf_value=-0.00049222646821875447 0.00024693530943830494 -0.0024340700457651937 -4.2095791131892279e-05 0.0013854617817834335 -0.00066088954137701896 0.00095336304781525017 0.00046322917326014094 -0.0012701216017738024 -0.0029726318207962555 -0.0010207579375798885 -0.0016090434907654859 0.00042240552410969032 0.00057264332151392894 5.6030311856686603e-05
leaf_weight=1548300.2512921095 812198.50922250748 877608.8740234375 15986214.651357651 169255.22744369507 800958.40595567226 395129.10083007812 123483.81033325195 203387.607421875 141605.21911621094 322395.03269577026 354656.327942729 454977.96334028244 389697.49493789673 1692364.4386291504
leaf_count=833 6493 1542 24454 90 521 105 105 32 44 268 153 194 144 967
internal_value=8.75081e-06 -0.0013541 0.000110731 0.000687143 0.00123452 0.00312731 0.00125775 -0.000116878 -0.000171053 0.00136256 0.00064409 0.00211281 0.000451985 -6.23965e-05
internal_weight=2.42722e+07 1.68981e+06 2.25824e+07 6.39282e+06 4.84452e+06 1.15187e+06 756739 1.61896e+07 587484 445879 3.69265e+06 1.19933e+06 744354 2.49332e+06
internal_count=35945 8035 27910 3424 2591 612 507 24486 417 373 1979 491 297 1488
cat_boundaries=0 1
cat_threshold=69
is_linear=0
shrinkage=0.05


Tree=162
num_leaves=15
num_cat=0
split_feature=3 8 21 1 2 25 23 1 4 20 11 3 8 16
split_gain=2157.33 1061.84 2564.56 1873.76 1287.16 1850.17 1739.46 1407.23 1224.99 1519.63 1273.91 1537.37 1399.36 1072.95
threshold=17.441669403438507 0.079084972427515068 10.912215497723921 16.993748182993098 15.256051248973158 -0.93301270189221919 -0.86918497523363636 15.800436703226532 16.045152042135335 0.030979115423930954 -0.084349274973293392 16.274415002168297 0.14845197074217406 17.298855028885153
decision_type=2 2 10 2 2 2 10 2 2 10 2 2 2 2
left_child=1 2 3 -1 7 -6 -7 -3 -8 10 -10 -12 -13 -14
right_child=-2 4 -4 -5 5 6 8 -9 9 -11 11 12 13 -15
leaf_value=-0.0010124737070594124 -0.00061509330121740631 0.00017489435719870861 0.00076245785038913901 0.00011851519330961034 0.00032771715318871247 0.00027285864556655741 -0.0021201643992465372 0.0043743711126389348 -0.0010277807102932561 0.00073798398250383892 0.0017404020419791765 2.6828915601373769e-05 -0.0001492004556521466 -0.00046826254432602658
leaf_weight=295918.52535569668 860613.06689453125 15987901.178615689 136626.88720703125 163662.85400390625 557986.24938964844 573541.83142089844 2088825.0789794922 72461.1259765625 985768.74291992188 467396.95385742188 451084.22534179688 746982.22338867188 437156.69482421875 508290.21655273438
leaf_count=515 124 33023 55 31 170 187 869 30 241 114 137 162 115 108
internal_value=-0.000120165 -3.00212e-05 0.0020531 0.000265114 -8.43094e-05 -0.000659965 -0.000905908 0.000160035 -0.00117065 -0.00061134 -0.00100854 -0.000324405 -0.00101571 -0.00229367
internal_weight=2.43342e+07 2.34736e+07 596208 459581 2.28774e+07 6.81703e+06 6.25905e+06 1.60604e+07 5.6855e+06 3.59668e+06 3.12928e+06 2.14351e+06 1.69243e+06 945447
internal_count=35881 35757 601 546 35156 2103 1933 33053 1746 877 763 522 385 223
is_linear=0
shrinkage=0.05


Tree=163
num_leaves=15
num_cat=0
split_feature=15 15 5 0 9 2 4 16 19 3 2 16 4 27
split_gain=1188.21 2380.18 2220.24 1656.44 1367.67 1004.51 1750.21 930.911 1780.52 1453.4 1031.78 1030.2 2984.28 983.438
threshold=19.363417049936697 19.360877792805137 16.441159161427745 17.419860989426706 0.17869954049459022 17.154710110999769 17.174121431257518 18.173340830563301 0.040781185357162006 17.003614330794793 16.395876229078294 18.369372682749788 16.045152042135335 2.5000000000000004
decision_type=2 2 2 2 2 2 2 2 2 2 2 2 2 2
left_child=1 3 4 5 -2 6 7 9 10 -1 11 13 -13 -9
right_child=2 -3 -4 -5 -6 -7 -8 8 -10 -11 -12 12 -14 -15
leaf_value=4.3317864750349682e-05 0.0011366238960707829 0.010146923373825396 -0.0020694470952677675 0.0002609454150755661 -0.00078036438388531804 -0.000769144570072441 0.00014903005914059637 0.0017095817604396669 0.0013883637453637038 0.00071298625432576052 -0.00050833260413915224 -0.0003775470514359661 0.0020351914501195636 -0.00169993713401593
leaf_weight=17813818.846320033 99123.629699707031 93421.789093017578 414081.77954101562 686129.03076171875 1504064.6389083862 633534.0712890625 373443.74145507812 151917.6436920166 400806.18478393555 172911.634765625 851435.49169921875 381819.15875244141 120401.34204101562 543302.21044921875
leaf_count=32287 52 86 80 102 1723 115 72 112 202 36 194 387 36 356
internal_value=-2.49192e-05 8.0551e-05 -0.00118682 4.69299e-05 -0.000343794 -3.04501e-05 2.92604e-05 -3.27252e-05 -0.00094714 9.18125e-05 -0.00154335 -0.000597208 0.0011283 -0.0018437
internal_weight=2.42402e+07 2.22229e+07 2.01727e+06 2.21295e+07 1.60319e+06 2.14434e+07 2.08099e+07 2.04364e+07 2.44968e+06 1.79867e+07 2.04888e+06 1.19744e+06 502221 695220
internal_count=35840 33985 1855 33899 1775 33797 33682 33610 1287 32323 1085 891 423 468
is_linear=0
shrinkage=0.05


Tree=164
num_leaves=15
num_cat=1
split_feature=0 3 8 14 27 19 11 1 11 8 8 28 11 2
split_gain=1228.79 994.908 1046.54 3443.75 5249.67 1636.31 2604.94 2717.69 2859.7 1191.62 1577.92 2818.68 2873.06 4428.7
threshold=17.419860989426706 17.441669403438507 0.10341675701245411 2.3516580839786636 7.5000000000000009 -0.035398217630907496 -0.059482296920258144 16.683255881525024 -0.14528160950462335 0.12452331614307141 0.15185011459021117 0 -0.0029672054596802996 16.272388657055533
decision_type=2 2 2 10 2 2 2 2 2 2 2 1 2 2
left_child=1 2 3 5 -5 -1 7 8 -7 -4 11 -11 -13 -14
right_child=-2 -3 9 4 -6 6 -8 -9 -10 10 -12 12 13 -15
leaf_value=0.0012346675556318451 0.00021508627661926956 -0.0040819975786975746 -0.00047894026652295965 -0.00013764612271867092 0.00090693626014864037 -0.00018743905021179801 -0.0016734835688716255 -0.00095167146379044514 0.0018164116347550629 -0.0012491288892779915 -2.7830880502875644e-05 6.9437706796938949e-06 0.0012389427055021981 0.00078137671451001731
leaf_weight=145358.84310615063 901184.80419921875 198262.06884765625 879983.94380187988 136583.97784519196 140062.59760141373 84638.379433035851 541512.61719036102 170543.47924804688 107839.64244842529 476064.04313087463 19270368.642538905 480153.96823692322 285089.57011413574 204713.80639648438
leaf_count=90 132 33 543 145 140 227 334 34 53 466 33083 229 201 44
internal_value=9.51232e-05 2.45236e-05 5.50265e-05 0.00141817 0.00638107 0.00011045 -0.000680846 0.00259629 0.00666851 -2.87037e-05 4.78436e-05 0.00164083 0.00318736 0.00588169
internal_weight=2.40224e+07 2.31212e+07 2.29229e+07 1.32654e+06 276647 1.04989e+06 904534 363022 192478 2.15964e+07 2.07164e+07 1.44602e+06 969957 489803
internal_count=35754 35622 35589 1023 285 738 648 314 280 34566 34023 940 474 245
cat_boundaries=0 1
cat_threshold=45
is_linear=0
shrinkage=0.05


Tree=165
num_leaves=15
num_cat=0
split_feature=25 25 0 0 0 16 16 0 16 16 20 7 3 9
split_gain=1226.81 1765.5 5127.95 1841.1 1522.3 1244.97 2245.36 1312.03 1132.87 2600.77 1167.37 1928.18 1077.11 1603.1
threshold=0.93301270189221952 0.68301270189221941 16.99330550331128 16.845079520562013 16.036713423938284 18.650510177953056 18.472836192843562 17.419860989426706 18.282510670124854 18.207355372150079 0.010512023056598601 16.392307788785264 16.040624683728151 0.20711755430775916
decision_type=2 2 2 2 2 2 2 2 2 2 10 2 2 2
left_child=1 5 3 8 -2 6 7 -1 9 10 11 -3 13 -12
right_child=4 2 -4 -5 -6 -7 -8 -9 -10 -11 12 -13 -14 -15
leaf_value=-6.404728774986951e-05 -0.0008238278810790145 0.0011213637011745776 0.0011834981340311549 -3.6686026709976862e-05 -0.0019349340443219178 0.00026017131614325476 -0.0010966070052274904 0.00010418697646146639 -0.0012246394447396579 0.0042559632258261501 0.00146087037671762 0.00019254732888241089 -0.0018312779238488517 -0.0015502370092121806
leaf_weight=16855756.136542678 1660772.0424304008 2594670.7618665695 281557.869140625 145575.82446289062 471957.6552734375 318416.22671508789 605578.06164550781 312482.486328125 164597.36935424805 94474.968948364258 57900.315078735352 142887.10229492188 140306.3798828125 554084.26802492142
leaf_count=26235 3098 4771 46 29 111 117 224 45 100 49 69 33 38 987
internal_value=-4.84295e-05 6.1289e-05 0.000987956 0.000516852 -0.00119402 -0.000152605 -0.00020812 -0.000102573 0.000731079 0.000917336 0.000695735 0.00117512 -0.00104872 -0.000142827
internal_weight=2.4401e+07 2.22683e+07 4.17605e+06 3.8945e+06 2.13273e+06 1.80922e+07 1.77738e+07 1.71682e+07 3.74892e+06 3.58432e+06 3.48985e+06 2.73756e+06 752291 611985
internal_count=35952 32743 6122 6076 3209 26621 26504 26280 6047 5947 5898 4804 1094 1056
is_linear=0
shrinkage=0.05


Tree=166
num_leaves=15
num_cat=0
split_feature=9 10 18 2 8 4 11 10 8 20 23 18 10 22
split_gain=1720.16 5407.67 5763.03 1027.09 1571.1 2751.38 1513.16 3441.14 778.623 844.854 1725.22 668.543 658.72 572.523
threshold=0.13056622037921709 0.063871066696617754 0.4760399267297884 17.154710110999769 0.096436427034499561 17.010791597598551 -0.026288712893304447 -0.036584324997682445 0.10341675701245411 0.0114069958951861 1.3301870585578202 0.34372273406691495 0.87944213661781678 16.691973129424301
decision_type=2 2 10 2 2 2 2 2 2 8 10 10 2 2
left_child=1 2 8 4 5 6 7 -2 9 -1 -11 -8 13 -6
right_child=3 -3 -4 -5 12 -7 11 -9 -10 10 -12 -13 -14 -15
leaf_value=-0.0018383928992095702 -0.00060210534772004061 0.00063756368555231225 0.00026755425124607763 -0.00065372812536496094 -0.00051390401924055677 0.0010669127880084245 0.00018630945667556106 0.0013050672099223686 -4.033107770570214e-05 -0.00043809886534724253 0.0011771605476363573 -0.0054811018149119265 0.016148220615345248 4.6308022017744891e-05
leaf_weight=296373.98469543457 87107.33552467823 287867.67077636719 386109.12353515625 1071499.1176757812 7432207.0644090176 101974.65234375 117077.82037401199 79679.232528686523 396160.82276916504 104334.13310241699 83417.743713378906 98507.307033538818 97113.770552039146 13496151.876781344
leaf_count=120 207 93 87 174 16216 20 163 52 197 73 160 64 699 17462
internal_value=3.90209e-05 0.00164795 0.000241828 -7.17214e-05 3.54098e-06 0.002819 0.000872874 0.00444888 -0.00199202 -0.00333719 -0.000712916 -0.00189369 -6.13163e-05 -8.03806e-05
internal_weight=2.41356e+07 1.55426e+06 1.2664e+06 2.25813e+07 2.15098e+07 484346 382372 166787 880287 484126 187752 215585 2.10255e+07 2.09284e+07
internal_count=35787 730 637 35057 34883 506 486 259 550 353 233 227 34377 33678
is_linear=0
shrinkage=0.05


Tree=167
num_leaves=15
num_cat=1
split_feature=10 2 29 4 2 21 21 4 7 22 21 16 11 15
split_gain=748.254 1502.68 1342.43 1468.66 1198.98 1657.13 1327.28 1612.81 1353.04 1270.35 999.299 1813.37 1453.72 2611.08
threshold=-0.16931284968113666 17.154710110999769 0 17.010791597598551 15.552773349616709 9.372415010612329 10.51164041634174 15.209778070787939 14.730856392635776 15.443001796541962 11.171121089012329 18.207355372150079 -0.049274848705236289 19.240998570495709
decision_type=2 2 1 2 2 8 10 2 2 2 10 2 2 2
left_child=1 2 4 -4 5 -1 7 8 -7 -8 -2 12 13 -12
right_child=10 -3 3 -5 -6 6 9 -9 -10 -11 11 -13 -14 -15
leaf_value=-0.0050567767443092486 7.5818375960514915e-05 -0.0031880175640779038 0.00012553099784667738 0.00029658843186207954 -0.001236654334624114 0.0061750286566313855 0.0059891956539540854 0.002694525139251724 -0.0082306967976364352 -0.002597324693022025 -0.00028823698063175135 -0.0011454862317557921 -0.00099844420056243322 0.0032369763255946146
leaf_weight=1081171.6555761099 16579509.845270753 176324.9150390625 3973257.9337937832 154262.65356445312 283867.64013671875 220533.6613035202 69194.110113143921 57473.2138671875 61119.374389648438 629902.21753120422 107880.904743433 466406.03530883789 290244.53667473793 57057.361251831055
leaf_count=2324 22664 26 8042 29 72 563 156 28 34 959 264 172 450 64
internal_value=3.7439e-06 -0.000445289 -0.000322316 0.000224687 -0.00126177 -0.000853054 0.000573684 0.00314049 0.00158289 -0.000671454 0.000175831 -0.00142668 0.000818403 0.00456674
internal_weight=2.42082e+07 6.70711e+06 6.53078e+06 4.12752e+06 2.40326e+06 2.11939e+06 1.03822e+06 339126 281653 699096 1.75011e+07 921589 455183 164938
internal_count=35847 12233 12207 8071 4136 4064 1740 625 597 1115 23614 950 778 328
cat_boundaries=0 1
cat_threshold=1
is_linear=0
shrinkage=0.05


Tree=168
num_leaves=15
num_cat=0
split_feature=0 2 20 4 16 10 10 4 11 7 26 0 16 17
split_gain=1033.31 1453.22 1122.85 1735.09 1276.45 1250.52 3164.99 1501.09 1206.03 1436.79 1142.67 1809.76 1599.55 3710.67
threshold=17.419860989426706 17.154710110999769 0.0085247208349715515 17.010791597598551 18.282510670124854 -0.19281545991556018 -0.178879075151304 13.913426827829547 0.62011096545621591 13.93921741413917 -0.5 14.547622183520915 17.128612055116722 0.062519781326042065
decision_type=2 2 10 2 2 2 2 2 2 2 2 2 2 2
left_child=1 2 3 10 5 7 -7 -4 -8 -10 -1 -12 13 -13
right_child=-2 -3 4 -5 -6 6 8 -9 9 -11 11 12 -14 -15
leaf_value=-0.00030620179080528105 0.00012871818844937139 -0.0010227658153067656 0.00024368390918985141 7.8899564638819226e-05 -0.0013060664191294619 0.0052752781654998165 -0.0001004717679772824 -0.005269552129432576 0.0040877846003948299 0.0091782914456717216 -5.8293283035808731e-05 0.00059628720969620206 -0.00010742822086233873 0.0024401871959028013
leaf_weight=5380187.2641950846 860420.81201171875 752593.60888671875 581744.57498431206 592747.48266601562 478771.26654052734 80029.256135940552 3563170.0188238621 630001.14288330078 102028.71069145203 43119.667236328125 6993139.2068192959 2509585.5842895508 1243912.7886352539 680188.12127685547
leaf_count=9176 126 137 1812 119 209 89 4509 385 350 28 17186 1211 431 273
internal_value=7.25254e-05 1.05545e-05 8.1669e-05 0.000278226 -0.000542557 -0.0003064 0.000140806 -0.00170452 -7.15028e-05 0.00439608 0.000184459 0.000467352 0.00125761 0.00185068
internal_weight=2.44916e+07 2.36312e+07 2.28786e+07 1.73998e+07 5.47886e+06 5.00009e+06 3.78835e+06 1.21175e+06 3.70832e+06 145148 1.6807e+07 1.14268e+07 4.43369e+06 3.18977e+06
internal_count=36041 35915 35778 28396 7382 7173 4976 2197 4887 378 28277 19101 1915 1484
is_linear=0
shrinkage=0.05


Tree=169
num_leaves=15
num_cat=1
split_feature=4 18 23 20 2 6 10 21 9 23 4 18 0 28
split_gain=1821.23 6146.24 2590.9 1554.47 723.077 2235.03 2014.71 3195.84 1788.64 2679.12 961.346 581.818 1349.34 861.554
threshold=17.010791597598551 0.49649213791301194 2.1192350831850755 0.073354104244627766 16.395876229078294 16.422516562593881 -0.018166846873522297 10.628952567679544 0.099550145179683913 2.5039231257198153 16.696051016634417 0.062719585299496158 15.391705729975646 0
decision_type=2 10 8 10 2 2 2 10 2 8 2 10 2 1
left_child=3 2 -2 4 5 8 -6 -8 9 -1 11 12 13 -10
right_child=1 -3 -4 -5 6 -7 7 -9 10 -11 -12 -13 -14 -15
leaf_value=0.0026742091035562758 6.010503709994533e-05 -0.00019667353636034499 0.00033049166561898525 -0.0037125452486758618 -0.0012914173503772079 0.0022064195172030606 -0.0007751945278141343 0.00084004486830154641 -0.0020863912872090495 -0.0031689579475913613 -0.0039433296701559765 -3.7308155103198144e-05 0.0020513407949889644 0.0015920592786857536
leaf_weight=31974.7568359375 1090994.0349121094 595476.3583984375 544573.33618164062 522854.52290058136 806477.72119140625 142572.34887695312 721646.50732421875 655566.94140625 659883.24836540222 31672.849716186523 94075.931396484375 14911634.646135092 35438.174560546875 3509785.6967300177
leaf_count=59 197 90 98 729 183 36 181 157 4040 142 28 18177 17 11752
internal_value=9.09661e-05 0.00145252 0.00303602 -4.63394e-05 1.8867e-05 0.000115881 -0.000843762 0.000318426 6.97438e-05 0.00843774 4.20197e-05 6.68321e-05 0.000586266 0.000503695
internal_weight=2.43546e+07 2.23104e+06 1.63557e+06 2.21236e+07 2.16007e+07 1.9417e+07 2.18369e+06 1.37721e+06 1.92745e+07 63647.6 1.92108e+07 1.91167e+07 4.20511e+06 4.16967e+06
internal_count=35886 385 295 35501 34772 34251 521 338 34215 201 34014 33986 15809 15792
cat_boundaries=0 1
cat_threshold=1
is_linear=0
shrinkage=0.05


Tree=170
num_leaves=15
num_cat=1
split_feature=0 26 6 6 17 0 6 20 6 23 11 28 3 15
split_gain=1212.48 2918.78 2562.89 1860.86 780.676 1444.52 2226.12 1389.24 1405.51 1144.55 2469.72 2482.08 1102.52 1011.22
threshold=16.99330550331128 1.0000000180025095e-35 16.80495009680509 16.605113665682349 0.0042490297276112513 14.445500943314316 14.694520700668557 -0.0015938599758202499 14.443497351391178 6.1439054272991207 0.042547590834538511 0 16.536166990069358 19.288664296135448
decision_type=2 2 2 2 2 2 2 10 2 10 2 1 2 2
left_child=2 -2 3 4 -1 -6 7 13 -9 12 -11 -12 -8 -7
right_child=1 -3 -4 -5 5 6 9 8 -10 10 11 -13 -14 -15
leaf_value=0.0014213937054145909 0.00025884634739749382 -8.6480980775807681e-05 -0.0013179419128402691 0.00040143370605278083 -0.0011780053652646223 0.0064367206616161438 -5.6500321999523607e-05 0.0041354350760617374 -0.0012848376036116713 0.0045369017234946568 0.0010887047920990997 -0.0022913986106331036 -0.00094556539365830874 0.00095949928962234417
leaf_weight=4966595.9281326532 1112061.5827636719 1142139.171875 931568.41162109375 569504.11547851562 7436126.9203643799 533173.458984375 5565520.1234130859 163388.73565673828 447700.560546875 296834.74963378906 248933.90417480469 368794.45520019531 305682.99462890625 237001.50421142578
leaf_count=18137 191 196 192 133 13075 391 2427 130 303 118 101 163 81 178
internal_value=3.76574e-05 0.00114223 -7.51579e-05 3.79488e-05 -4.0109e-05 -0.000213895 0.000245162 0.00207483 0.000294661 -0.000127274 0.00151802 -0.000283108 -0.000383563 0.0034873
internal_weight=2.4325e+07 2.2542e+06 2.20708e+07 2.11393e+07 2.05698e+07 1.56032e+07 8.16703e+06 1.38126e+06 611089 6.78577e+06 914563 617728 5.8712e+06 770175
internal_count=35816 387 35429 35237 35104 16967 3892 1002 433 2890 382 264 2508 569
cat_boundaries=0 1
cat_threshold=36
is_linear=0
shrinkage=0.05


Tree=171
num_leaves=15
num_cat=2
split_feature=6 17 29 7 8 23 19 19 11 1 8 27 28 24
split_gain=1531.02 1443.8 4714.91 1521.54 1839.89 2738.61 1692.77 1298.27 1210.9 1049.53 847.984 2412.9 5132.97 1586.89
threshold=17.351774198266824 0.35659849993124221 0 17.112074389479542 0.079084972427515068 1.9773152728145902 0.021145090474372654 -0.0068088616079068987 0.039456437215070708 16.993748182993098 0.17436454277045127 2.5000000000000004 1 2.4755880669540953
decision_type=2 2 1 2 2 10 2 2 2 2 2 2 1 8
left_child=1 3 -3 4 5 -1 -7 -4 -9 10 11 12 -6 -14
right_child=-2 2 7 -5 9 6 -8 8 -10 -11 -12 -13 13 -15
leaf_value=0.0011418144351527967 -0.00054757637568183463 0.00060184121514472288 0.00032089256279487139 -0.00026464900875232058 0.0017482421561543712 -0.0019482352933585967 0.00027136033232773722 -0.0012917916922956837 4.3809418332138929e-05 -0.0020828242126506129 -7.7197568004970681e-05 2.359796699661489e-05 0.00061538634904451583 -0.00087789829672079572
leaf_weight=148407.31976795197 995348.11328125 415748.0595703125 620807.54772949219 496526.45751953125 113910.6065826416 134180.4486348629 65988.343047499657 430899.11785888672 242082.0703125 339988.80688476562 17339547.528514624 2449068.2760219574 219415.69929122925 177610.39066314697
leaf_count=143 145 81 273 90 78 301 103 191 118 71 31882 1947 221 172
internal_value=-2.73152e-05 5.50881e-05 0.00145358 -5.61899e-05 8.52921e-06 0.00361083 -0.000205233 -3.49534e-05 -0.00155619 -5.23092e-05 -6.16623e-06 0.000775989 0.00390142 0.00121683
internal_weight=2.41895e+07 2.31942e+07 1.70954e+06 2.14846e+07 2.09881e+07 348576 200169 1.29379e+06 672981 2.06395e+07 2.02996e+07 2.96e+06 510937 397026
internal_count=35816 35671 663 35008 34918 547 404 582 309 34371 34300 2418 471 393
cat_boundaries=0 1 2
cat_threshold=16 576
is_linear=0
shrinkage=0.05


Tree=172
num_leaves=15
num_cat=0
split_feature=9 10 25 5 3 6 9 16 27 23 14 0 20 10
split_gain=1584.48 2483.34 2047.58 3926.24 1684.45 4588.25 1570.32 1266.37 1018.74 1803.9 933.148 1202.9 938.271 883.578
threshold=0.13056622037921709 0.057840140148659451 -0.5 17.126432758044093 17.441669403438507 17.351774198266824 0.11252992811194856 18.110571972836489 1.5000000000000002 8.5560337144001029 1.4312141537651566 15.077157622863298 0.021739666403418501 -0.59447067719830204
decision_type=2 2 2 2 2 2 2 2 2 10 10 2 10 2
left_child=1 2 -1 6 5 8 7 -4 9 10 11 12 -2 -10
right_child=4 -3 3 -5 -6 -7 -8 -9 13 -11 -12 -13 -14 -15
leaf_value=-0.000494694637590307 -0.0033567702339610986 0.00057997326324161678 0.00017166252649062047 0.0012934978624819171 -0.0016451562146640995 0.00062036110424574869 6.1294510891100502e-05 -0.00078426501393009549 -0.0039685555893838207 0.0015018903263839842 -0.0030244228882023694 0.0011814254816892994 0.0034261604765897409 2.6142368744186527e-05
leaf_weight=382542.24903869629 634020.63468921185 297407.14611816406 145540.3293762207 212032.36669921875 606486.85546875 105122.35205078125 268078.75729370117 203926.9895324707 1451040.3835552931 68908.801910400391 1045086.2745115757 140497.54846191406 94535.045007705688 18634131.921180367
leaf_count=179 1149 107 183 34 90 17 135 71 4629 95 1658 58 144 27264
internal_value=-5.12039e-06 0.00156365 0.000559107 0.0019546 -0.000109077 -3.79687e-05 -6.09598e-05 -0.00226926 -8.76099e-05 -0.00116877 -0.00145489 -0.000244264 -0.00106116 1.91348e-05
internal_weight=2.42894e+07 1.50953e+06 1.21212e+06 829578 2.27798e+07 2.21733e+07 617546 349467 2.20682e+07 1.98305e+06 1.91414e+06 869053 728556 2.00852e+07
internal_count=35813 709 602 423 35104 35014 389 254 34997 3104 3009 1351 1293 31893
is_linear=0
shrinkage=0.05


Tree=173
num_leaves=15
num_cat=1
split_feature=24 4 2 11 29 11 4 10 2 15 4 9 18 18
split_gain=1610.81 4121.25 1487.76 1990.74 2791.12 2429.09 3842.92 1550.77 2195.85 1606.32 2356.62 2051.99 2618.22 1648.27
threshold=0.80042292159832307 17.010791597598551 13.930144450595252 -0.073829069530051791 0 -0.019332323891942896 16.401501956730314 -0.087310317250094138 15.321986804136829 19.335911568665306 15.2679943451789 0.17869954049459022 0.65138207732360065 0.60888475603482362
decision_type=8 2 2 2 1 2 2 2 2 2 2 2 10 10
left_child=1 -1 -2 4 -4 6 -5 8 -7 10 -9 -12 -13 -11
right_child=2 -3 3 5 -6 7 -8 9 -10 13 11 12 -14 -15
leaf_value=9.1315670635239604e-05 0.00084057000461135688 0.00022522502890624793 -0.00075712759208625829 -9.9567618887322701e-06 0.0023194616331119878 -1.3749467212958209e-05 0.00071562766766250833 -0.00037268579958730125 -0.0018128465155623195 0.00015785075422929649 -6.6099329921407704e-05 0.0011971807444776117 0.00080947491086583417 -0.0025585817495018905
leaf_weight=4384863.9883875847 8149894.9960739613 695184.10034179688 2940774.6754760742 742786.94879150391 921838.91790771484 934944.22644042969 373200.29565429688 1664920.9816589355 839699.44494628906 250472.86706542969 464787.05969238281 344137.48693847656 613449.5537109375 829262.302734375
leaf_count=6868 23693 128 1366 402 504 569 78 1144 224 115 117 110 195 378
internal_value=8.8906e-05 0.000880087 -0.000121854 -0.000503375 -0.00141591 -3.94929e-06 0.00213641 -0.000405959 -0.00164375 0.000121187 0.00070174 0.00219631 0.00351939 -0.00153879
internal_weight=2.41502e+07 5.08005e+06 1.90702e+07 1.09203e+07 3.86261e+06 7.05766e+06 1.11599e+06 5.94167e+06 1.77464e+06 4.16703e+06 3.0873e+06 1.42237e+06 957587 1.07974e+06
internal_count=35891 6996 28895 5202 1870 3332 480 2852 793 2059 1566 422 305 493
cat_boundaries=0 1
cat_threshold=19
is_linear=0
shrinkage=0.05


Tree=174
num_leaves=15
num_cat=1
split_feature=25 9 9 10 18 19 2 17 26 21 15 19 28 21
split_gain=1651.23 1840.74 4144.26 3702.01 1825.42 2981.2 1481.94 1235.03 2965.54 4302.83 2623.34 840.299 837.736 1455.92
threshold=0.93301270189221952 0.13056622037921709 0.11252992811194856 0.023875644189685855 0.33438753512126657 0.0016775896035682502 16.395876229078294 0.35659849993124221 0.25000000000000017 10.883171797382753 17.647533409010787 0.011957074242538002 0 10.496751550033519
decision_type=2 2 2 2 10 2 2 2 2 10 2 2 1 10
left_child=1 2 4 -4 5 -1 12 -3 9 11 -10 -9 13 -2
right_child=6 7 3 -5 -6 -7 -8 8 10 -11 -12 -13 -14 -15
leaf_value=0.0012183620005926767 0.0010067196258409313 -2.5902142752373423e-05 2.4628937979324808e-05 0.00094044392637976793 -0.00030112361316073739 -0.00013464154492731853 -0.0025858167916956599 0.00042010883571392432 0.00073114377502661761 0.00045999006566567073 -0.0012962247760658387 -0.0028253047934339256 -0.0015291066810106963 -0.0038330245776011609
leaf_weight=157090.07588195801 233394.31428718567 19255031.05298996 375816.76637268066 248508.94163513184 430775.87756347656 193824.92236328125 334408.96997070312 288628.57843017578 338829.52563476562 340740.78515625 393509.54150390625 226106.58190917969 1364450.6367769241 249567.51393461227
leaf_count=150 528 31509 165 96 94 149 65 142 195 61 75 114 2244 389
internal_value=4.09678e-05 0.000169693 0.00192073 0.00495819 -0.000505243 0.00217182 -0.00127169 5.1571e-05 0.00139187 0.00339116 -0.000943572 0.000506042 -0.000717275 0.00107235
internal_weight=2.44307e+07 2.22489e+07 1.40602e+06 624326 781691 350915 2.18182e+06 2.08428e+07 1.58782e+06 855476 732339 514735 1.84741e+06 482962
internal_count=35976 32750 654 261 393 299 3226 32096 587 317 270 256 3161 917
cat_boundaries=0 1
cat_threshold=112
is_linear=0
shrinkage=0.05


Tree=175
num_leaves=15
num_cat=0
split_feature=24 4 6 2 1 4 14 10 1 24 8 3 22 19
split_gain=1110.99 3595.05 1951.15 2144.66 1419.76 1426.47 2410.61 1391.01 3112.82 1261.34 1203.59 2377.98 1052.59 2895.91
threshold=0.80042292159832307 17.174121431257518 17.127461868750938 16.684382928863482 16.394248834739713 15.051618336847701 1.9733315881121583 -0.13476230694478977 16.394248834739713 0.36186837138507255 0.40110684995689933 16.850127835172454 18.794625418761356 -0.029986948250196144
decision_type=8 2 2 2 2 2 10 2 2 10 2 2 2 2
left_child=1 2 3 4 5 -1 -7 8 10 -8 -2 -12 -9 -14
right_child=7 -3 -4 -5 -6 6 9 12 -10 -11 11 -13 13 -15
leaf_value=-0.00019416139474184708 -0.0013244213078489862 0.00079772372174560986 -0.0023390972531333321 0.00014792669940414779 -0.0012755653180225709 0.0030388641710804997 -0.00035500584657238775 -4.4995316803804488e-05 -0.0010254040942151909 0.00039221861672031452 5.830551177982498e-06 0.0016866453691217892 -0.0027688316824149937 0.00035754217851533275
leaf_weight=2861468.1031332016 2275832.6688529253 362998.8466796875 168065.08837890625 365617.17724609375 231364.703125 429724.33410644531 311313.29113769531 10416527.814295769 611688.45678710938 275060.84191894531 3417873.5942656994 53922.32666015625 422896.51587176323 2083719.2036523819
leaf_count=6330 2452 64 31 75 63 172 109 15731 115 108 8355 13 353 1866
internal_value=-7.73401e-08 0.000663637 0.000288952 0.000487607 0.000161077 0.000388106 0.00199745 -0.000172374 -0.000777759 -8.73951e-05 -0.000416879 0.000168933 0.000125529 0.00104541
internal_weight=2.42881e+07 5.00561e+06 4.64261e+06 4.47455e+06 4.10893e+06 3.87757e+06 1.0161e+06 1.92825e+07 6.35932e+06 586374 5.74763e+06 3.4718e+06 1.29231e+07 2.50662e+06
internal_count=35837 6952 6888 6857 6782 6719 389 28885 10935 217 10820 8368 17950 2219
is_linear=0
shrinkage=0.05


Tree=176
num_leaves=15
num_cat=1
split_feature=19 6 8 24 24 28 24 15 8 0 2 16 6 7
split_gain=1314.79 1539.22 1079.9 1880.11 2787.97 1398.97 1825.22 4371.29 1292.99 3004.34 1710.66 1648.54 1485.64 2165.07
threshold=0.059274043176975655 16.310251285128391 0.12895936785305098 2.5238496343422105 2.4339156147614505 0 1.6258859869717301 19.228329333847224 0.15560614218777458 17.419860989426706 16.995746452383802 18.282510670124854 16.954827293078967 16.802510489396727
decision_type=2 2 2 8 10 1 10 2 2 2 2 2 2 2
left_child=2 -2 3 4 5 -1 7 -7 11 10 12 -4 13 -10
right_child=1 -3 8 -5 -6 6 -8 -9 9 -11 -12 -13 -14 -15
leaf_value=0.00075445927052269124 0.0015685225403571314 0.00022069255908062463 -0.00014554845590410696 -5.6349696350824014e-05 0.00075195181206360836 -0.00012576893712831392 -0.0015535302684320414 0.00078759947976192771 -1.8267873881945875e-05 0.00040226382828932762 -0.0033574066454394313 -0.0025683789765688896 8.4071454119794437e-05 -0.00038325825361751179
leaf_weight=285768.04873657227 725369.26148283482 178029.49560546875 1132148.7843971252 907826.74996113777 211698.67625761032 710460.31744003296 309891.62261581421 265799.21032714844 17735317.546388149 324782.8359375 451257.84130859375 432590.80442810059 153431.5712890625 222045.3017578125
leaf_count=89 1289 37 821 832 72 424 196 65 31660 50 86 124 30 47
internal_value=3.86567e-05 0.00190996 -3.43904e-05 0.000907115 0.00184991 0.00112446 0.000421338 0.00148256 -0.000158293 -4.38618e-05 -0.000127278 -0.00153951 -5.15103e-05 -9.33698e-05
internal_weight=2.40464e+07 903399 2.3143e+07 2.69144e+06 1.78362e+06 1.57192e+06 1.28615e+06 976260 2.04516e+07 1.88868e+07 1.85621e+07 1.56474e+06 1.81108e+07 1.79574e+07
internal_count=35822 1326 34496 1678 846 774 685 489 32818 31873 31823 945 31737 31707
cat_boundaries=0 1
cat_threshold=512
is_linear=0
shrinkage=0.05


Tree=177
num_leaves=15
num_cat=0
split_feature=24 6 19 4 7 6 0 3 3 24 11 17 10 17
split_gain=1103.53 2963.35 2361.12 1511.89 1367.2 1337.58 1188.01 1624.76 2325.01 1077.21 1201.32 2706.58 1506.84 964.381
threshold=1.9225388344841303 16.80495009680509 -0.064570836395922496 17.010791597598551 17.112074389479542 17.351774198266824 16.531633219399612 16.850127835172454 16.399633848597894 1.7949352587435352 -0.14528160950462335 0.050070404773041907 -0.03324017305912539 0.004759300209087651
decision_type=8 2 2 2 2 2 2 2 2 10 2 2 2 2
left_child=2 6 -1 4 9 -5 7 8 13 -4 11 -11 -12 -2
right_child=1 -3 3 5 -6 -7 -8 -9 -10 10 12 -13 -14 -15
leaf_value=0.00224595163392506 0.0016581886459199114 -0.00028505098428043598 -7.156684306010278e-06 0.00018232469865581789 -0.0052844719296069051 -0.00010734865848339105 0.00037891199440733838 0.0036266706693721881 -0.0017310713257568174 0.0025112164985591672 0.0030321916216974852 0.0083704483574432841 -0.00023002851489666097 -0.000300912100455621
leaf_weight=131547.68258857727 3384971.3841469288 1087766.2329101562 8195268.139193058 923352.62377929688 130447.04248046875 601868.36767578125 586073.20483398438 61174.717529296875 378954.53686523438 114733.98135566711 196033.81507921219 72763.268798828125 286166.74565124512 8005184.2969360352
leaf_count=162 11791 195 12680 174 24 92 147 15 104 261 247 50 377 9357
internal_value=3.11048e-05 -0.000269042 0.000411611 0.000328371 8.15596e-05 0.00178401 -4.98123e-05 -0.00015867 -0.000200916 0.000156334 0.00208441 0.00548048 0.000763895 -7.27302e-05
internal_weight=2.41563e+07 1.35041e+07 1.06522e+07 1.05206e+07 8.99541e+06 1.52522e+06 1.24164e+07 1.18303e+07 1.17691e+07 8.86497e+06 669698 187497 482201 1.13902e+07
internal_count=35676 21609 14067 13905 13639 266 21414 21267 21252 13615 935 311 624 21148
is_linear=0
shrinkage=0.05


Tree=178
num_leaves=15
num_cat=2
split_feature=18 15 19 29 1 19 19 29 23 15 21 21 10 15
split_gain=702.729 1063.32 1022.73 1972.81 1098.4 1932.27 785.447 1625.88 1395.1 2161.46 735.71 1696.9 796.498 755.218
threshold=0.031544979093940211 15.177893088476788 -0.036895586668078545 0 17.151381608784849 0.0076312335699731011 -0.035398217630907496 1 1.8015199143536502 19.306524586559579 11.083893699334228 11.104263422778596 -0.35090333749292396 19.250863594461013
decision_type=10 2 2 1 2 2 2 1 8 2 10 10 2 2
left_child=1 -1 3 -2 6 -6 7 -4 -9 -10 -8 -12 -13 -14
right_child=2 -3 4 -5 5 -7 10 8 9 -11 11 12 13 -15
leaf_value=-0.0011105114764253334 -0.0037288748697722122 0.0031529679774197372 -0.0022263080966059804 -0.00041441893551290667 0.00060560730200697171 -5.7164854882545569e-05 -6.3394463595543325e-05 -0.0024204513389921574 0.0021203986262994879 0.013496964747346248 0.0019340187745815825 0.00066020226690132128 -0.00011991974531129586 0.0032976635979630204
leaf_weight=899931.05210566521 325662.3212890625 1942192.5411523581 242835.69799804688 2062906.5935182571 788499.6123046875 623299.24365234375 16247715.371824026 80049.512371063232 67854.959548950195 80905.785598754883 126521.86923217773 108330.22464752197 548384.88331604004 193357.60841369629
leaf_count=4922 95 8003 197 2493 130 100 18757 99 131 87 85 131 506 214
internal_value=2.67691e-05 0.000765656 -7.09224e-05 -0.00104637 5.10136e-05 0.00139315 -5.60629e-05 0.00195699 0.00498116 0.00784536 -0.000111185 0.0012217 0.000417622 -0.00016728
internal_weight=2.43384e+07 2.84212e+06 2.14963e+07 2.38857e+06 1.91078e+07 1.4118e+06 1.7696e+07 471646 228810 148761 1.72243e+07 976595 850073 741742
internal_count=35950 12925 23025 2588 20437 230 20207 514 317 218 19693 936 851 720
cat_boundaries=0 1 2
cat_threshold=16 17
is_linear=0
shrinkage=0.05


Tree=179
num_leaves=15
num_cat=1
split_feature=27 1 18 3 19 3 22 19 21 28 0 11 3 19
split_gain=887.529 1511.33 1488.49 1797.15 1213.11 2328.06 2239.77 2336.65 2253.31 2132.88 2041.19 1698.48 1814.42 1676.73
threshold=1.5000000000000002 16.394248834739713 0.28375601260943134 15.203240784805905 0.011957074242538002 17.441669403438507 17.160547384304511 0.0054342923760856013 10.631555854924844 0 17.419860989426706 -0.15655836780753851 15.473514183262067 -0.0093007948730438484
decision_type=2 2 10 2 2 2 2 2 10 1 2 2 2 2
left_child=1 2 -1 -4 6 10 11 13 9 -9 -6 -2 -13 -8
right_child=4 -3 3 -5 5 -7 7 8 -10 -11 -12 12 -14 -15
leaf_value=-0.0042192058312233811 0.0022028308835282482 -0.0030548569338084515 -0.00013707466721914245 0.0061364990966632817 -8.7874353839878993e-05 -0.00070264623036105089 0.00045893204267132156 0.0077210168809649163 0.0026872386614745776 -0.0010221050491033814 0.00023661270370432778 -0.00044586618222946936 -0.0014392802544493464 -7.1999642020418951e-05
leaf_weight=851181.71390080452 1289263.6380989552 390503.68383789062 683726.78213024139 225479.61340332031 7955726.161900878 260003.4609375 5612421.5282984972 93501.016646385193 140542.60237884521 198491.52042579651 73932.2666015625 3526854.8071238995 658969.67175292969 2271102.6359626055
leaf_count=1981 3463 79 1004 89 12260 37 6549 134 96 283 12 7137 203 2601
internal_value=4.00566e-05 -0.000929487 -0.000305251 0.00110151 0.0001345 -0.000343518 0.000421829 0.00093885 0.00451699 0.00201326 -0.000192739 -0.000363468 -0.000852216 0.000742533
internal_weight=2.42317e+07 2.15089e+06 1.76039e+06 909206 2.20808e+07 8.28966e+06 1.37911e+07 8.31606e+06 432535 291993 8.02966e+06 5.47509e+06 4.18582e+06 7.88352e+06
internal_count=35928 3153 3074 1093 32775 12309 20466 9663 513 417 12272 10803 7340 9150
cat_boundaries=0 1
cat_threshold=100
is_linear=0
shrinkage=0.05


Tree=180
num_leaves=15
num_cat=1
split_feature=19 2 19 0 6 20 1 0 16 16 4 29 2 4
split_gain=1332.33 1571.82 1547.61 2625.22 1825.94 1315.97 1463.69 1765.23 1384.54 2410.21 2776.99 1090.07 1823.35 2939.75
threshold=-0.020948958783492597 16.395876229078294 -0.0093007948730438484 17.419860989426706 17.127461868750938 -0.033069093002990789 15.318614265512148 14.737066263731045 18.435443290659602 17.227811305723851 16.278214614679609 0 17.154710110999769 16.850127835172454
decision_type=2 2 2 2 2 10 2 2 2 2 2 1 2 2
left_child=1 -1 3 4 5 6 7 -2 9 -7 -11 -4 13 -13
right_child=2 -3 11 -5 -6 8 -8 -9 -10 10 -12 12 -14 -15
leaf_value=-0.00021276964080341526 1.9538680239332424e-05 -0.0010849334692922983 0.00015204134940317382 0.00058797727812136009 -0.0018703536176234621 0.0013907664094687153 -0.00054091843323861386 0.0057290345685981703 -0.0011352733149066461 7.1672305051528404e-05 0.0010573514982091098 -0.00011027084446810873 0.00019495344082487437 -0.00038697154882648996
leaf_weight=5112570.2017842531 1108455.3075208664 1177186.0654296875 3886704.7014012337 163458.8642578125 129241.9111328125 1580351.2244474888 366780.28930664062 180033.74920654297 126831.65216064453 247716.47917938232 197523.46484375 9139688.4080445766 238716.70068359375 512332.73046875
leaf_count=9040 2936 245 4886 24 23 2558 121 100 79 204 45 15453 45 104
internal_value=2.95616e-05 -0.00059633 0.000249762 0.0011025 0.00084471 0.00104309 -1.68724e-05 0.000776402 0.00185823 0.00217555 0.00542494 -4.0264e-06 -0.000282824 -0.000389588
internal_weight=2.41676e+07 6.28976e+06 1.78778e+07 4.10039e+06 3.93693e+06 3.80769e+06 1.65527e+06 1.28849e+06 2.15242e+06 2.02559e+06 445240 1.37774e+07 9.89074e+06 9.65202e+06
internal_count=35863 9285 26578 6090 6066 6043 3157 3036 2886 2807 249 20488 15602 15557
cat_boundaries=0 1
cat_threshold=56
is_linear=0
shrinkage=0.05


Tree=181
num_leaves=15
num_cat=1
split_feature=27 16 10 0 14 9 6 9 10 11 28 17 11 17
split_gain=1579.61 1540.49 1306.07 1315.79 1112.5 1921.69 1573.58 1103.22 1046.82 1507.07 1234.6 1486.71 2133.19 1307.38
threshold=1.5000000000000002 18.650510177953056 -0.57653899140851805 12.069017835338441 1.5444050540810594 0.18890454628559564 15.284932258225647 0.20211980799428561 -0.54365928504994521 -0.41126268401539778 0 0.35659849993124221 -0.059482296920258144 0.13021154930962461
decision_type=2 2 2 2 10 2 2 2 2 2 1 2 2 2
left_child=2 8 3 -1 5 -4 7 -6 -2 -10 11 -11 -13 -12
right_child=1 -3 4 -5 6 -7 -8 -9 9 10 13 12 -14 -15
leaf_value=-0.0082491891012959947 -0.0040049241441866027 0.00028533428969351233 0.0057937746952401283 0.014149178974333218 0.0019507051171382232 -0.0014811763171967258 -0.0034665232331611891 -0.003535198434359719 0.0028156277446208392 0.0001029828960266348 -6.0694366773878703e-05 -0.00013732997239774867 0.00047153223109343886 -0.0003645449062888568
leaf_weight=90205.645572185516 1653248.7040456533 302165.93209838867 130667.96509552002 57291.723876953125 68891.049133300781 946312.91208207607 485029.44006347656 454793.99930095673 1473217.2677168846 4497731.8044959307 10767321.832290649 390687.03625488281 620143.01910400391 2454758.5101318359
leaf_count=397 4972 105 87 57 92 1292 123 1172 3848 6100 16258 130 198 1031
internal_value=-0.000165775 -3.80416e-05 -0.00143323 0.00311375 -0.00175478 -0.000637216 -0.00294799 -0.00104744 -8.70588e-05 1.19244e-05 -0.000109185 0.000519724 0.00225242 -0.0003712
internal_weight=2.43925e+07 2.21593e+07 2.23319e+06 147497 2.0857e+06 1.07698e+06 1.00871e+06 523685 2.18571e+07 2.02039e+07 1.87306e+07 5.50856e+06 1.01083e+06 1.32221e+07
internal_count=35862 32642 3220 454 2766 1379 1387 1264 32537 27565 23717 6428 328 17289
cat_boundaries=0 1
cat_threshold=676
is_linear=0
shrinkage=0.05


Tree=182
num_leaves=15
num_cat=0
split_feature=22 11 9 26 9 19 8 19 22 17 11 2 0 11
split_gain=873.505 2309.69 3896.33 1882.44 2835.91 3559.67 3569.92 5573.8 4111.73 1919.86 1866.01 1802.52 4081.98 1699.45
threshold=17.019583006855296 0.042547590834538511 0.13056622037921709 -0.5 0.27084885979223167 0.0039419723110017506 0.15560614218777458 -0.018468429717034846 18.658842747333861 0.043174545708711452 0.046260074339423661 16.395876229078294 15.801121753769563 0.16341782190516874
decision_type=2 2 2 2 2 2 2 2 2 2 2 2 2 2
left_child=10 -2 -3 9 5 6 -5 -8 -9 -4 -1 12 -6 -7
right_child=1 2 3 4 11 13 7 8 -10 -11 -12 -13 -14 -15
leaf_value=0.00037225057825514903 -3.5503121139897784e-05 0.000735607409967963 0.00068236320910333714 0.00065020874662049611 0.0002116702789632706 -0.0046055413800865112 2.3275061312474608e-05 0.0017008044690109134 0.0028584365811445672 -0.00076138941903857588 -0.0017475961945828068 -0.0032352267569676118 0.006007850740643317 0.00079824842663145487
leaf_weight=4707148.0735294819 9126270.8766601086 441236.14030456543 994116.55408334732 356737.03355407715 2294260.582634449 207052.38106536865 257033.75525665283 181473.64212417603 163511.08459472656 943136.15914916992 4054310.4701814651 244982.6103515625 193253.02294921875 174549.82034301758
leaf_count=10007 10017 112 1989 177 4417 107 148 152 65 472 8004 56 64 117
internal_value=2.18658e-06 0.000226827 0.000950959 0.000618018 0.0012283 0.00311211 0.00473772 0.00708635 0.0112391 -0.000665038 -0.000397218 0.000304248 0.000707258 -0.000972144
internal_weight=2.43391e+07 1.55776e+07 6.45134e+06 6.01011e+06 4.07285e+06 1.34036e+06 958756 602018 344985 1.93725e+06 8.76146e+06 2.7325e+06 2.48751e+06 381602
internal_count=35904 17893 7876 7764 5303 766 542 365 217 2461 18011 4537 4481 224
is_linear=0
shrinkage=0.05


Tree=183
num_leaves=15
num_cat=0
split_feature=10 9 2 9 4 20 17 9 23 3 10 0 4 3
split_gain=1200.99 3928.25 2056.79 1676.59 1874.53 1297.03 1313.55 1091.02 2215.44 1113.35 1047.81 5523.85 1947.48 1004.59
threshold=0.092861128004522606 0.13056622037921709 17.154710110999769 0.11252992811194856 17.174121431257518 0.038054310746820454 0.12036337428363401 0.18890454628559564 2.5039231257198153 17.003614330794793 0.043085873416503107 16.531633219399612 16.850127835172454 16.850127835172454
decision_type=2 2 2 2 2 8 2 2 10 2 2 2 2 2
left_child=2 -2 3 5 10 -1 -7 8 -3 13 12 -12 -5 -9
right_child=1 7 -4 4 -6 6 -8 9 -10 -11 11 -13 -14 -15
leaf_value=-0.00048463588461877566 0.00043191903888306697 -7.7736404635559816e-05 -0.00024827841773639175 -0.00016918874359007053 0.00011456299224334465 0.0010501489145091118 -0.00035466109509488085 0.00011471692998505701 0.0013010396764239838 -0.0026577369793832485 2.9508700080957408e-05 0.00081814612912647867 -0.00041870492565955248 0.00016400070783758659
leaf_weight=395875.45921325684 140323.9711151123 296110.84643554688 1092286.8286132812 12466592.000463367 341355.69116210938 68599.904998779297 72645.891845703125 6445759.7753149271 214636.5919342041 215338.2197265625 1532627.1702566147 179904.25512695312 554474.67651367188 125104.49243164062
leaf_count=172 42 120 174 20305 65 189 19 12246 139 37 2095 42 118 26
internal_value=-9.33234e-05 0.000435199 -0.000328637 -0.000181884 -8.40787e-05 -0.0029269 0.0011865 0.000275847 0.00250441 0.000108119 -0.000168946 0.000993734 -0.000321861 0.000224056
internal_weight=2.41416e+07 7.43727e+06 1.67044e+07 1.56121e+07 1.5075e+07 537121 141246 7.29695e+06 510747 6.7862e+06 1.47336e+07 1.71253e+06 1.30211e+07 6.57086e+06
internal_count=35789 12610 23179 23005 22625 380 208 12568 259 12309 22560 2137 20423 12272
is_linear=0
shrinkage=0.05


Tree=184
num_leaves=15
num_cat=1
split_feature=27 27 24 6 28 0 0 15 6 23 23 23 8 0
split_gain=1195.46 1354.67 5027.97 5271.96 2192.39 1938.17 1687.81 1366.52 1353.01 1108.35 1246.27 1947.28 5725.91 3506.49
threshold=1.5000000000000002 2.5000000000000004 0.98668192129992016 16.422516562593881 0 13.925651575011299 17.419860989426706 17.068622668571368 16.310251285128391 -10.063395810728649 2.3446812918771003 2.9155339332431152 0.16347407809631156 16.272741767951768
decision_type=2 2 8 2 1 2 2 2 2 10 10 10 2 2
left_child=8 2 3 4 5 -2 9 -4 -1 -3 -11 12 13 -12
right_child=1 6 7 -5 -6 -7 -8 -9 -10 10 11 -13 -14 -15
leaf_value=-0.00037214136690651536 0.0061482495981578719 0.0037589845578211976 0.0024335976864343052 0.0018816296838739842 0.00074735578430118075 0.0074143338009644332 0.00016882828369245691 -0.00070542664304855515 -0.0027544953195200029 -0.00025657513070285895 0.00308920161801657 -6.8719375363020103e-05 0.00013318754688384005 0.00072382773719028909
leaf_weight=1697737.9420175552 77146.275584697723 320323.66167640686 394203.62027978897 104028.3876953125 263367.65031909943 69500.887817382812 724503.28857421875 1251978.1268043518 408146.81396484375 8465159.36561203 197418.20950698853 8559832.2707332373 1478403.0661058426 229043.16162109375
leaf_count=3071 195 472 1089 21 451 36 106 1409 86 11534 203 14760 2423 49
internal_value=-7.46586e-05 3.3645e-05 0.00122307 0.00553981 0.00298927 0.00788875 -9.49895e-05 -0.000124888 -0.00121304 -0.000184154 -0.000233507 0.000131379 0.00157722 0.0066813
internal_weight=2.42408e+07 2.21349e+07 2.16022e+06 514043 410015 146647 1.99747e+07 1.64618e+06 2.10588e+06 1.92502e+07 1.89299e+07 1.04647e+07 1.90486e+06 426461
internal_count=35905 32748 3201 703 682 231 29547 2498 3157 29441 28969 17435 2675 252
cat_boundaries=0 1
cat_threshold=724
is_linear=0
shrinkage=0.05


Tree=185
num_leaves=15
num_cat=0
split_feature=23 18 0 19 21 0 21 25 22 4 9 5 8 21
split_gain=799.213 688.427 1543.78 934.87 2633.91 1093.71 917.424 835.571 2172.47 3142.17 6643.35 1913.59 1388.09 3009.05
threshold=26.461833989657652 0.062719585299496158 15.391705729975646 0.059274043176975655 10.617770933943616 15.669470324654373 9.6587912576485042 -0.5 19.442384479942255 17.458037941908348 0.27833393931657552 17.126432758044093 0.13258276074683381 11.037231308731972
decision_type=10 10 2 2 8 2 10 2 2 2 2 2 2 8
left_child=1 2 -1 7 5 6 -5 8 11 10 -10 -3 13 -9
right_child=-2 3 -4 4 -6 -7 -8 12 9 -11 -12 -13 -14 -15
leaf_value=0.00066967367657457325 0.00012620970088553294 2.5467740722120754e-07 0.0011723756368697998 -0.0037174884266753905 0.0012973736510245204 -0.0033195502589372381 0.0048050215530448075 -2.2970982676718269e-05 0.00080812682801631268 -0.00011751075747977276 -6.5382737031205264e-05 -0.0015262422909071982 -0.00029436916272488305 0.0013042842141780574
leaf_weight=4306186.2522822618 70988.306509017944 5173372.2803571224 33317.03125 242820.2349691391 307903.73001861572 118844.96716308594 101499.30204200745 1358687.1070518494 236420.11450195312 356081.2919921875 322198.65907287598 197438.9482421875 11143205.366780758 310720.26837158203
leaf_count=16385 65 5826 16 373 189 34 153 582 70 53 182 37 11832 78
internal_value=-4.84283e-05 -6.39625e-05 0.000506574 -0.00018857 0.00151832 -0.000864352 0.000563104 -0.000257484 0.000214705 0.00246717 0.00480688 -0.000168911 -0.000489126 0.000855445
internal_weight=2.42797e+07 2.42087e+07 4.3395e+06 1.98692e+07 771068 463165 344320 1.90981e+07 6.28551e+06 914700 558619 5.37081e+06 1.28126e+07 1.66941e+06
internal_count=35875 35810 16401 19409 749 560 526 18660 6168 305 252 5863 12492 660
is_linear=0
shrinkage=0.05


Tree=186
num_leaves=15
num_cat=0
split_feature=10 5 24 8 8 22 0 1 3 10 20 0 22 24
split_gain=1463.61 2015.7 2281.82 1925.79 4408.9 9296.3 2293.68 2325.66 1917.77 1751.34 1619.33 1558.45 1430.92 1128.35
threshold=-0.018166846873522297 15.360434741238301 0.24542763497488204 0.17089620152691587 0.15560614218777458 18.658842747333861 17.152781891435371 16.034161566018657 16.274415002168297 -0.012241241742093349 0.0119557296512362 15.191273691281006 16.154979374578421 11.289462023314501
decision_type=2 2 8 2 2 2 2 2 2 2 8 2 2 10
left_child=1 11 -3 4 6 -6 7 -2 9 12 -9 -1 -5 -11
right_child=3 2 -4 8 5 -7 -8 10 -10 13 -12 -13 -14 -15
leaf_value=-0.00034322676178063214 -0.00036252085130152105 9.3587587888892349e-05 -0.00035065554637245608 -0.0043928738036252473 4.5674345553650869e-05 0.0019566173609791952 -4.7901472256631846e-05 0.0002657927762362569 -0.00082195762366948195 -0.0001708528532712931 0.00051261212126815813 0.0016118546431879829 0.0091732831737240811 0.0030972501681936883
leaf_weight=8417815.2298127413 941857.80522537231 433566.39819335938 2782077.9641113281 55928.533017158508 301696.99700546265 160578.84985351562 786889.6669921875 512517.58959960938 780991.14379882812 7746003.3139451742 486098.896484375 367782.08776855469 79638.137647628784 450692.32428359985
leaf_count=17032 1172 113 699 102 263 58 129 122 178 14783 117 171 119 809
internal_value=-0.000151546 -0.000544401 -0.00161548 0.000231678 0.00128907 0.00580436 0.00052375 0.0014471 -0.00013841 8.36515e-05 0.00312816 -0.000152373 0.00572025 -9.57333e-06
internal_weight=2.43041e+07 1.20012e+07 3.21564e+06 1.23029e+07 3.18964e+06 462276 2.72736e+06 1.94047e+06 9.11325e+06 8.33226e+06 998616 8.7856e+06 135567 8.1967e+06
internal_count=35867 18015 812 17852 1861 321 1540 1411 15991 15813 239 17203 221 15592
is_linear=0
shrinkage=0.05


Tree=187
num_leaves=15
num_cat=0
split_feature=4 4 3 3 19 8 9 9 4 2 20 4 6 3
split_gain=1118.51 2411.02 1037.05 1288.97 771.475 2560.44 3802.11 2364.2 1395.46 1197.78 1087 1018.42 1420.15 1367.15
threshold=17.458037941908348 17.174121431257518 17.441669403438507 17.168440301826585 0.040781185357162006 0.14479226927996539 0.15408858868079631 0.17429314992524408 16.850127835172454 14.82926688053899 0.085253835121396115 16.696051016634417 16.80495009680509 16.850127835172454
decision_type=2 2 2 2 2 2 2 2 2 2 10 2 2 2
left_child=1 2 3 4 8 6 -6 -7 10 -9 11 12 13 -1
right_child=-2 -3 -4 -5 5 7 -8 9 -10 -11 -12 -13 -14 -15
leaf_value=-6.5646099577319238e-05 -8.9727202214986268e-05 0.00029351119818453523 -0.0069243743747766599 0.00054047373726835268 6.1879695434655988e-06 0.0024808766222258367 0.0044558497082328296 0.0017939515509990196 -9.7472820217837231e-05 -0.001585794152265278 -0.004633454580863932 0.00033512721143095923 -0.0027792192282145214 0.0018798383105972955
leaf_weight=17588276.385928273 832379.482421875 702607.32446289062 104812.6923828125 303699.2431640625 212099.68659973145 83681.543869018555 145716.87732982635 1806499.4392499924 836296.13110351562 688586.37744140625 218279.41422557831 461173.24780273438 223775.41552734375 89583.977783203125
leaf_count=30157 122 127 18 59 111 56 152 4120 176 277 307 108 50 23
internal_value=-1.28124e-05 5.10814e-05 -3.79629e-05 -1.50089e-05 -5.89659e-05 0.000696348 0.00465988 0.000146389 -0.000173196 -0.000130865 -8.32713e-05 -4.15762e-05 -0.000101342 -5.12365e-05
internal_weight=2.42975e+07 2.34651e+07 2.27625e+07 2.26577e+07 2.2354e+07 2.93658e+06 357817 2.57877e+06 1.94174e+07 2.49509e+06 1.85811e+07 1.83628e+07 1.79016e+07 1.76779e+07
internal_count=35863 35741 35614 35596 35537 4716 263 4453 30821 4397 30645 30338 30230 30180
is_linear=0
shrinkage=0.05


Tree=188
num_leaves=15
num_cat=0
split_feature=3 27 16 6 22 9 3 26 8 21 3 15 1 8
split_gain=1763.03 799.809 1610.45 2523.93 991.554 1791.76 2109.28 1175.14 1452.19 2862.41 1610.07 1185.7 997.338 898.286
threshold=17.441669403438507 1.5000000000000002 16.735919888799909 16.096070044609853 18.790129854690775 0.13823427102772126 17.168440301826585 0.93301270189221952 0.31324369284628856 11.083893699334228 16.040624683728151 17.86145722055198 14.3066757271254 0.11511944646971077
decision_type=2 2 2 2 2 2 2 2 2 10 2 2 2 2
left_child=1 2 3 -1 13 -6 7 8 9 11 -10 -7 -9 -3
right_child=-2 4 -4 -5 5 6 -8 12 10 -11 -12 -13 -14 -15
leaf_value=-0.00083482692971598757 -0.00044097552785243431 0.00024804141459891402 -0.0025030855953549476 0.0053081415839168044 -0.0028545840617186843 -0.0011806059031474428 0.00055701254480478989 0.0031850703790681847 0.0007319815405768895 0.0024134100689505444 -0.0038550491341874634 0.00037353291149202074 -0.0053735518880472007 -5.9419294425958503e-05
leaf_weight=1426716.3918328285 893827.3427734375 1452810.4702768326 554800.2180557251 86800.4892578125 138711.51843261719 440022.00268745422 267746.66357421875 81029.84680557251 932885.52200078964 273040.2353515625 152411.89672851562 537148.21862447262 152453.0087890625 16856877.064256549
leaf_count=2811 130 934 303 26 145 467 48 241 2264 123 36 191 66 27941
internal_value=-8.77387e-05 -4.32845e-06 -0.000943008 -9.82929e-05 8.68848e-05 0.000933438 0.00120476 0.000764599 0.00110272 0.00226437 -0.000235441 0.000999709 -0.00261758 -5.06858e-05
internal_weight=2.42473e+07 2.33535e+07 2.06832e+06 1.51352e+06 2.12851e+07 2.97545e+06 2.83674e+06 2.56899e+06 2.33551e+06 1.25021e+06 1.0853e+06 977170 233483 1.83097e+07
internal_count=35726 35596 3140 2837 32456 3581 3436 3388 3081 781 2300 658 307 28875
is_linear=0
shrinkage=0.05


Tree=189
num_leaves=15
num_cat=0
split_feature=4 16 27 4 14 5 14 17 11 4 27 3 8 20
split_gain=2234.78 3651 1892 1781.82 1494.28 1148.18 870.747 788.175 882.518 1530.61 1461.09 1267.89 1190.95 821.32
threshold=16.850127835172454 18.342196337377381 7.5000000000000009 16.546269291430637 1.5745832427368971 16.441159161427745 1.6834749498406556 0.14902370886592511 -0.016257289874851599 16.045152042135335 2.5000000000000004 14.072775135319171 0.49462923906591744 0.010913244316697652
decision_type=2 2 2 2 10 2 10 2 2 2 2 2 2 8
left_child=3 6 -3 5 -5 7 -2 -1 11 10 -10 12 -9 -13
right_child=1 2 -4 4 -6 -7 -8 8 9 -11 -12 13 -14 -15
leaf_value=1.6822341127210231e-06 -0.00036967231424345345 0.00010459572616992469 -5.3924391698778543e-05 -2.5173655923672711e-05 0.00089908151592607783 -0.0014102259385379496 -6.8930978385577761e-05 -0.0024444681082269174 0.0030097809407950839 0.00035981016855170364 -0.0019572818111375711 -0.0028241972573608103 0.010559271567563892 -0.00069595710223890189
leaf_weight=17477818.729342222 663373.37329101562 634241.66552734375 755467.11987304688 428877.9716796875 600690.78295898438 547235.81469726562 787066.39575195312 157573.765625 173071.15399169922 158188.11450195312 751137.8876953125 479221.43701171875 82481.942749023438 418925.43371582031
leaf_count=33524 122 106 130 108 139 143 156 197 119 47 525 200 96 192
internal_value=-0.00024466 -0.00156203 0.000269415 -6.87966e-05 0.0019603 -0.000171984 -0.00331679 -0.000109225 -0.000996532 2.56142e-05 -0.000752262 -0.00196856 0.00125933 -0.00283131
internal_weight=2.41154e+07 2.84015e+06 1.38971e+06 2.12752e+07 1.02957e+06 2.02457e+07 1.45044e+06 1.96984e+07 2.2206e+06 1.0824e+06 924209 1.1382e+06 240056 898147
internal_count=35804 514 236 35290 247 35043 278 34900 1376 691 644 685 293 392
is_linear=0
shrinkage=0.05


Tree=190
num_leaves=15
num_cat=0
split_feature=9 11 2 24 8 0 24 1 25 11 24 11 14 2
split_gain=817.058 6227.62 1557.51 1987.8 2386.57 1862.14 1604.76 1234.4 1058.52 1006.88 2440.26 860.571 774.753 582.159
threshold=0.12233181171647202 0.050031012338511212 16.395876229078294 1.7949352587435352 0.15974792189108142 16.272741767951768 2.1287889848007757 16.394248834739713 0.68301270189221941 -0.032640638324630246 1.2270203362160601 -0.035948671361395144 1.6000888407061888 15.321986804136829
decision_type=2 2 2 10 2 2 10 2 2 2 10 2 10 2
left_child=1 8 5 4 -4 7 -7 13 9 10 -1 -5 -13 -2
right_child=2 -3 3 11 -6 6 -8 -9 -10 -11 -12 12 -14 -15
leaf_value=-0.001102602526802478 3.2861345492481184e-05 0.00096089862383906674 -0.00012074003396259233 -0.0001592405567924038 0.00015092337773647794 -4.9318893363940615e-05 0.0022283917117429243 -0.0048699863319664801 -0.00019283880837688336 -0.00026423115160540252 0.0011030099844082332 -0.0017288044140280814 -8.0137257732881863e-06 -0.00055575770168990988
leaf_weight=178647.00053405762 16375440.45481205 402912.42576599121 879840.74877929688 600961.77807617188 970521.81689453125 347927.56201171875 350243.69555664062 128495.26708984375 227348.72416687012 251643.75540161133 183055.94075012207 593836.06005859375 484593.72387695312 2486183.8056640625
leaf_count=65 33382 116 175 133 195 101 103 38 133 119 144 129 99 988
internal_value=-0.000129233 0.00111937 -0.000196111 -0.00116328 -3.28849e-05 -2.27143e-05 0.00251332 -0.000115952 -0.00133012 -0.000249946 0.00143981 -0.00240876 -0.00156385 -8.26789e-05
internal_weight=2.44617e+07 1.24361e+06 2.3218e+07 3.52975e+06 1.85036e+06 1.96883e+07 698171 1.89901e+07 840695 613347 361703 1.67939e+06 1.07843e+06 1.88616e+07
internal_count=35920 577 35343 731 370 34612 204 34408 461 328 209 361 228 34370
is_linear=0
shrinkage=0.05


Tree=191
num_leaves=15
num_cat=1
split_feature=2 10 3 0 2 28 2 11 20 24 24 7 4 11
split_gain=815.259 956.466 767.325 759.361 3000.38 1754.64 1193.49 1168.88 1107.91 1042.47 1965.62 1619.31 1505.15 1375.12
threshold=9.9982289792023629 -0.55954239979595755 15.473514183262067 13.75625155393851 13.999904721988278 0 13.297779030646511 -0.31463892221885714 0.022497830660540605 6.3963118133265811 2.4339156147614505 16.802510489396727 16.278214614679609 0.25525069119731386
decision_type=2 2 2 2 2 1 2 2 8 10 8 2 2 2
left_child=-1 2 -2 6 5 8 -3 -7 -5 10 -6 12 -12 -11
right_child=1 3 -4 4 9 7 -8 -9 -10 13 11 -13 -14 -15
leaf_value=0.0040495501022892438 -0.0049946707531926329 -0.00027245681463379328 -0.011588267998970749 0.0016832929164056509 2.0389742858887492e-05 0.0096495398382971751 -0.0039037208924472401 0.000714072585571307 0.01183881382891554 0.00039312013642821058 -0.00076676996256989222 -0.00010687686236532371 0.0004578459627689014 -0.00077104330712201869
leaf_weight=1387035.983304143 1055141.2142868042 5257662.8461837769 142066.80297851562 114190.66351318359 7711103.3751220703 176845.68688964844 1929076.5684204102 985489.96978759766 124650.02227783203 886028.41589355469 2864979.7819824219 744924.5302734375 488924.97216796875 357186.8896484375
leaf_count=11268 1716 13530 54 109 3169 175 2188 963 120 393 1597 135 130 173
internal_value=-0.000103086 -0.000174568 -0.00155028 -9.84618e-05 0.000110382 0.0023091 -0.000518499 0.001507 0.0062123 -0.000125637 -0.000270613 -0.00115537 -0.000687003 0.00125156
internal_weight=2.42253e+07 2.28383e+07 1.19721e+06 2.16411e+07 1.44543e+07 1.40118e+06 7.18674e+06 1.16234e+06 238841 1.30531e+07 1.18099e+07 4.09883e+06 3.3539e+06 1.24322e+06
internal_count=35720 24452 1770 22682 6964 1367 15718 1138 229 5597 5031 1862 1727 566
cat_boundaries=0 1
cat_threshold=46
is_linear=0
shrinkage=0.05


Tree=192
num_leaves=15
num_cat=1
split_feature=7 11 0 1 0 28 5 0 20 9 5 14 6 0
split_gain=2387.77 2365.18 1303.81 1363.53 1078.72 2055.65 2701.02 3419.75 1714.14 1766.7 1678.09 1980.37 1326.73 1744.14
threshold=16.802510489396727 0.08213096814133887 16.684382928863482 16.683255881525024 15.077157622863298 0 15.291886549576136 15.554735341441647 0.053354863296571957 0.23584305122844387 16.08716199825297 1.3837626063351307 14.730613976537674 14.82482845695414
decision_type=2 2 2 2 2 1 2 2 8 2 2 10 2 2
left_child=2 -2 3 4 12 8 -7 -8 -6 -10 11 -11 13 -1
right_child=1 -3 -4 -5 5 6 7 -9 9 10 -12 -13 -14 -15
leaf_value=-0.00014095494160716859 -9.949894502917071e-05 4.8085202089821234e-05 0.00065742968823416601 -0.0029022951569270222 -0.00010288616266254862 0.0019831498087931661 -0.0015536312518818682 0.00042900316357648885 0.0018026521059997696 -0.00045120174270528858 -0.00096334370151264959 0.0057431631929814554 -0.001637021101350358 0.0038065547973842994
leaf_weight=13366124.153744459 2173252.7456054688 900986.51171875 443508.87231445312 209373.81884765625 2071245.1679077148 294783.01501464844 313838.46264648438 431005.36938476562 410635.08679199219 642138.00927734375 431884.36254882812 371647.80773925781 1808001.4520263672 291694.29077148438
leaf_count=31995 401 156 110 54 770 155 142 158 146 281 129 159 996 201
internal_value=-0.000148391 -0.00145019 4.1406e-05 -1.62244e-05 2.49112e-05 0.000665957 0.00264297 0.0010397 0.000142633 0.00124601 0.000423918 0.00153579 -0.000180974 -1.24808e-05
internal_weight=2.41601e+07 3.07424e+06 2.10859e+07 2.06424e+07 2.0433e+07 4.96718e+06 1.03963e+06 744844 3.92755e+06 1.85631e+06 1.44567e+06 1.01379e+06 1.54658e+07 1.36578e+07
internal_count=35853 557 35296 35186 35132 1940 455 300 1485 715 569 440 33192 32196
cat_boundaries=0 1
cat_threshold=312
is_linear=0
shrinkage=0.05


Tree=193
num_leaves=15
num_cat=0
split_feature=25 17 17 14 16 20 2 4 2 15 10 2 2 21
split_gain=997.219 3679.09 2098.57 1813.93 1195.81 1601.89 1051.02 1227.65 1383.71 1687.53 1638.53 1894.52 2528.98 1740.22
threshold=-0.93301270189221919 0.35659849993124221 0.048259312180682655 1.5635123287588428 15.893644524730769 0.078257974002596861 13.999904721988278 14.574847510012004 15.321986804136829 19.295484217602695 -0.024163792367961994 16.395876229078294 16.034497832506634 11.052118412003972
decision_type=2 2 2 10 2 8 2 2 2 2 2 2 2 8
left_child=1 2 4 -4 -1 -6 -2 -8 9 -9 11 12 -10 -12
right_child=6 -3 3 -5 5 -7 7 8 10 -11 13 -13 -14 -15
leaf_value=0.00076440291791905312 0.00029329254673147553 0.00042236128881768266 0.00057261928975425066 -0.00080741067690291365 0.0010056938647634562 0.0057754035090133047 -0.0019138436406945327 0.0007492251239106908 -0.0014316047009542469 -0.0020526601775513209 -3.4688571746800319e-05 -0.00012718129123910504 0.00049661161085114722 0.00040019841395120881
leaf_weight=980350.77319657803 9454524.084576726 166983.56237792969 203150.80435180664 359183.39978027344 212697.18584060669 80664.016506195068 2764570.5480041504 2419673.6232910156 909308.97058105469 565949.77740478516 3580074.4494628906 1579546.7170410156 552421.97509765625 471009.56323242188
leaf_count=2233 27104 56 133 150 285 73 2140 1386 323 326 1055 311 159 98
internal_value=-0.000145127 0.000923537 0.000277301 -0.00226676 0.00140049 0.00420112 -0.000241129 -0.00053567 -0.00027963 0.00062336 -0.000659756 -0.00153688 -0.000239625 -1.27392e-06
internal_weight=2.43001e+07 2.00303e+06 1.83605e+06 562334 1.27371e+06 293361 2.22971e+07 1.28426e+07 1.0078e+07 2.98562e+06 7.09236e+06 3.04128e+06 1.46173e+06 4.05108e+06
internal_count=35832 2930 2874 283 2591 358 32902 5798 3658 1712 1946 793 482 1153
is_linear=0
shrinkage=0.05


Tree=194
num_leaves=15
num_cat=0
split_feature=24 7 22 24 3 3 24 9 2 7 15 15 14 18
split_gain=836.438 4095.84 1809.56 1991.88 2032.18 3425.85 1304.71 1263.3 1424.76 1358.15 1157.84 1428.32 1021.54 1415.73
threshold=1.9225388344841303 16.802510489396727 18.66055157771083 0.18163509864909802 17.441669403438507 17.168440301826585 1.9489560573862301 0.099550145179683913 16.846705175829062 16.609407827796193 18.194842710884355 17.933081932435044 1.4484987875607256 0.34372273406691495
decision_type=8 2 2 10 2 2 8 2 2 2 2 2 8 8
left_child=2 6 7 -4 5 10 -2 -1 9 -9 11 -5 -8 -14
right_child=1 -3 3 4 -6 -7 12 8 -10 -11 -12 -13 13 -15
leaf_value=0.00097651295249460198 -0.0052247181966508238 -9.8431275756666653e-05 0.00054198302987593322 0.00010771989354112557 -0.00023292868611859762 0.00064870903832141768 -0.00052754115138896947 -8.822533481849574e-05 -0.00013775286201808264 0.0011004665089421601 -0.0003827333050523972 0.00075118463849580051 -3.7593416067199476e-05 0.0014597578177170363
leaf_weight=140751.38803100586 224711.2804145813 1170750.4301757812 211856.07098388672 811253.11320495605 381307.26953125 283668.68212890625 7146182.3057794571 7524086.1604208946 551055.90625 162626.01220703125 428163.92343139648 229942.55194091797 3189548.8824199438 1861820.9379653931
leaf_count=56 326 214 73 751 56 51 10606 12831 106 36 159 64 8146 2274
internal_value=-0.000109205 -0.000369677 0.000220929 0.00144827 0.000989275 0.00170883 -0.000103227 -0.000122757 -0.00020301 -2.69494e-05 0.000737644 0.0016377 -3.36765e-05 0.000510567
internal_weight=2.43177e+07 1.3593e+07 1.07247e+07 2.34619e+06 2.13434e+06 1.75303e+06 1.24223e+07 8.37852e+06 8.23777e+06 7.68671e+06 1.46936e+06 1.0412e+06 1.21976e+07 5.05137e+06
internal_count=35749 21566 14183 1154 1081 1025 21352 13029 12973 12867 974 815 21026 10420
is_linear=0
shrinkage=0.05


Tree=195
num_leaves=15
num_cat=0
split_feature=2 19 3 2 10 19 6 4 3 20 20 27 5 23
split_gain=1202.28 1803.73 3929.23 1182.19 1523.93 1128.96 1191.08 753.458 1418.81 1205.21 1527.48 1544.17 1344.68 1008.26
threshold=16.395876229078294 0.0039419723110017506 17.168440301826585 16.995746452383802 0.023875644189685855 0.020977209751282453 16.954827293078967 15.2679943451789 15.401126842181315 0.0085247208349715515 -0.0032981901407089496 3.5000000000000004 15.811000708615643 -0.37154178192389492
decision_type=2 2 2 2 2 2 2 2 2 8 10 2 2 10
left_child=7 2 3 4 -2 -3 -7 8 -1 10 11 -9 -13 -11
right_child=1 5 -4 -5 -6 6 -8 9 -10 13 -12 12 -14 -15
leaf_value=-4.2899769142490146e-05 -7.0423559539201322e-05 -0.0014507068671652684 0.00045819658076958137 -0.0010027710343471514 0.00013795261153452934 3.4121544802457502e-05 -0.00018448546217802146 0.0014197810781805831 -0.0038913488833101913 0.0027049099984451262 0.0018377061603055381 0.001142644288318095 -0.0014900713212345719 -0.00034181794107486811
leaf_weight=15678067.909740686 593264.27465820312 572607.95678710938 929513.0859375 516399.23193359375 577300.09985351562 515633.154296875 651437.85986328125 291184.62951660156 561991.69482421875 385113.98559570312 474609.83349609375 305666.83227539062 327793.03393554688 1967135.4637451172
leaf_count=33347 137 118 151 102 151 124 113 106 259 150 177 143 101 750
internal_value=-0.000144472 -0.000897162 -6.75404e-05 -0.00150581 -0.000626673 -0.00214491 -0.00125273 1.95388e-05 -0.000127993 0.000658195 0.00182016 0.000636596 -0.000748739 -3.3008e-05
internal_weight=2.43477e+07 4.35616e+06 2.61648e+06 1.68696e+06 1.17056e+06 1.73968e+06 1.16707e+06 1.99916e+07 1.62401e+07 3.7515e+06 1.39925e+06 924644 633460 2.35225e+06
internal_count=35929 896 541 390 288 355 237 35033 33606 1427 527 350 244 900
is_linear=0
shrinkage=0.05


Tree=196
num_leaves=15
num_cat=0
split_feature=5 24 7 2 19 3 6 19 3 1 4 22 15 23
split_gain=1360.22 3092.18 2577.84 884.265 817.398 2027.6 1113.09 1074.21 2640.6 1042.81 1811.29 1028.52 1152.32 1029.38
threshold=17.126432758044093 1.7949352587435352 17.112074389479542 17.154710110999769 -0.024565255806190598 15.929254580614556 16.605113665682349 -0.0083378322809124477 17.003614330794793 16.993748182993098 16.850127835172454 15.742901716416499 19.374115140306774 8.5128786525832663
decision_type=2 10 2 2 2 2 2 2 2 2 2 2 2 10
left_child=2 -2 3 4 5 -1 -7 8 11 10 -9 -6 13 -13
right_child=1 -3 -4 -5 7 6 -8 9 -10 -11 -12 12 -14 -15
leaf_value=-8.4783674723250054e-05 0.00041772869323000912 -6.5219063728475446e-05 -0.00080007964464790318 -0.0042297076014460918 -0.00096641468464296631 -0.001905615855730374 -3.4450508846434244e-05 1.665990881250297e-06 0.00082171181891779266 0.00041425490977159505 -0.00050934437506361776 0.00062805303581079611 -0.0033211253153845096 0.0001324011652748086
leaf_weight=4318079.7694121599 1070896.7998046875 653337.4072265625 259101.17724609375 87517.9658203125 815448.29192304611 597739.06494140625 400082.94018554688 11809921.170876026 103215.17358398438 196792.16235351562 340206.33764648438 3370431.3843033314 279803.7448348999 69334.961196899414
leaf_count=8126 182 99 47 18 1983 176 87 19640 22 41 75 5081 225 87
internal_value=6.1732e-05 0.0014155 -4.13341e-05 1.60522e-05 3.57371e-05 -0.000505354 -0.00253673 0.000205084 0.000853841 -3.86272e-05 -9.71071e-05 0.00067386 0.00102642 0.00127742
internal_weight=2.43719e+07 1.72423e+06 2.26477e+07 2.23886e+07 2.23011e+07 5.3159e+06 997822 1.69852e+07 4.63823e+06 1.23469e+07 1.21501e+07 4.53502e+06 3.71957e+06 3.43977e+06
internal_count=35889 281 35608 35561 35543 8389 263 27154 7398 19756 19715 7376 5393 5168
is_linear=0
shrinkage=0.05


Tree=197
num_leaves=15
num_cat=0
split_feature=5 27 2 10 10 4 0 5 27 20 18 0 10 18
split_gain=1556.56 1686.08 1549.2 1726.36 1952.95 1893.9 773.599 1902.65 1161.14 1447 1317.97 1949.37 1317.98 1280.4
threshold=17.126432758044093 5.5000000000000009 16.395876229078294 -0.018166846873522297 -0.14324176147344933 16.546269291430637 15.554735341441647 15.360434741238301 9.5000000000000018 0.037821991612311708 0.33438753512126657 16.036713423938284 0.020836784047787604 0.12871632758037738
decision_type=2 2 2 2 2 2 2 2 2 8 10 2 2 10
left_child=2 -2 6 4 -4 -5 7 -1 10 -10 13 12 -12 -8
right_child=1 -3 3 5 -6 -7 8 -9 9 -11 11 -13 -14 -15
leaf_value=-5.7023459274103875e-05 0.00012623328145938261 1.2963647676051006e-05 -7.3147358374874682e-06 -0.00089229980152806358 -0.00040736246640480115 3.3914370564138369e-05 -8.066774728410583e-05 -0.0034685035267164772 -0.00024039018468604092 0.0020099697212475685 0.0016518345751107774 -0.0010517558845366387 -0.00090330616243418978 0.0019984096401430298
leaf_weight=16637020.030529618 607783.232421875 1090690.154296875 523913.51831054688 587262.28686523438 797332.5009765625 857844.39721679688 340765.33422851562 701453.07580566406 286865.35205078125 294537.43127441406 376592.28234863281 623500.61303710938 333915.32788085938 317832.71484375
leaf_count=33886 96 182 108 164 175 193 112 301 102 103 129 194 141 96
internal_value=-7.29574e-05 0.001387 -0.000182297 -0.00129102 -0.00259731 -9.66888e-05 -2.82676e-05 -0.000148346 0.000780578 0.00274656 0.000206945 -0.000696586 0.0010939 0.00203707
internal_weight=2.43773e+07 1.69847e+06 2.26788e+07 2.76635e+06 1.32125e+06 1.44511e+06 1.99125e+07 1.73385e+07 2.57401e+06 581403 1.99261e+06 1.33401e+06 710508 658598
internal_count=35982 278 35704 640 283 357 35064 34187 877 205 672 464 270 208
is_linear=0
shrinkage=0.05


Tree=198
num_leaves=15
num_cat=0
split_feature=8 19 14 19 15 18 26 16 26 4 11 8 5 8
split_gain=1097.12 2355.29 2597.8 2475.36 1533.42 2449.83 1471.84 1032.85 4688.38 2211.86 2128.84 1021.18 1661.08 1142.64
threshold=0.11511944646971077 -0.0014855709088409498 1.5342516483535913 0.024878563584934604 19.295484217602695 0.28375601260943134 0.25000000000000017 18.435443290659602 0.25000000000000017 17.458037941908348 0.0030998491460714002 0.12452331614307141 15.225370992279283 0.13258276074683381
decision_type=2 2 10 2 2 10 2 2 2 2 2 2 2 2
left_child=1 4 6 -4 5 -1 -3 9 -9 11 -10 12 -2 -13
right_child=7 2 3 -5 -6 -7 -8 8 10 -11 -12 13 -14 -15
leaf_value=-0.00013120504392637067 0.0010817114036110742 -0.00083916471844571827 0.00068050105377400394 5.5079899781733502e-05 -0.0013920414873670199 0.00096640044486479254 7.4301468835522426e-05 0.00051705093610178345 -0.0016169876232658737 -0.0030406196861867052 0.00019386459678032668 0.0004353925801417679 -0.0014223535417373383 -1.8374442669941261e-05
leaf_weight=420211.96131634712 157369.14703369141 151171.10797309875 414986.16435956955 367066.94661092758 397942.10557174683 287005.26906967163 135364.2134937048 509025.43362426758 304417.39633178711 230397.2041015625 267841.34469604492 402666.4792804718 257788.83459472656 20022355.13356185
leaf_count=450 202 169 187 162 125 105 127 198 121 33 107 263 74 33643
internal_value=5.47043e-05 0.00112663 0.0028004 0.00429264 -0.00049175 0.000905333 -0.00127244 -5.04831e-05 0.00145665 -0.000127825 -0.00164852 -7.39612e-05 -0.00252892 -2.40618e-05
internal_weight=2.43256e+07 2.17375e+06 1.06859e+06 782053 1.10516e+06 707217 286535 2.21519e+07 1.08128e+06 2.10706e+07 572259 2.08402e+07 415158 2.0425e+07
internal_count=35966 1325 645 349 680 555 296 34641 426 34215 228 34182 276 33906
is_linear=0
shrinkage=0.05


Tree=199
num_leaves=15
num_cat=0
split_feature=8 16 16 9 10 22 19 27 24 21 26 21 25 19
split_gain=1767.8 1842.17 1817.9 1211.6 2006.23 4314.79 1966.17 1780.75 1845.71 1325.24 1994.51 1706.52 1690.85 1378.14
threshold=0.096436427034499561 16.997630321311302 15.780923948391296 0.19358036126114117 -0.042991284989437988 19.612712971140649 0.046605178120161704 2.5000000000000004 2.9455751501627803 10.628952567679544 0.25000000000000017 10.486149554514741 -0.5 -0.0075834941803622994
decision_type=2 2 2 2 2 2 2 2 10 10 2 10 2 2
left_child=1 2 -1 4 7 6 9 -2 -9 11 -11 12 -6 -12
right_child=3 -3 -4 -5 5 -7 -8 8 -10 10 13 -13 -14 -15
leaf_value=-0.0015074538246800063 7.4058119780328507e-05 -0.00053220229473165961 0.00092172954287293512 -5.5275810253459692e-05 -0.0020195289959584863 0.00082185362366636464 0.0018010277772855143 -0.0011064133692668576 0.00019114276713349382 -0.00066357744790705058 0.00081642484202789863 0.00035901368786953205 0.00018605434693860532 -0.00067419994114501143
leaf_weight=169796.45296394825 345624.78211212158 1036175.3596420288 141015.98900985718 19499808.050336003 184610.46306991577 235765.55587768555 205326.5489654541 669258.9741897583 202565.1975402832 472256.22361755371 175460.58006286621 364218.17784118652 472743.5100479126 178962.42503356934
leaf_count=522 150 273 94 33190 146 82 82 331 152 253 102 135 302 104
internal_value=-0.000119271 -0.00187982 0.00149632 -1.61945e-05 0.00083943 0.00171155 0.000976053 -0.000800537 -0.00200456 0.000460389 -0.00102795 0.00166479 0.000143636 0.00180701
internal_weight=2.43536e+07 1.34699e+06 310812 2.30066e+07 3.50679e+06 2.28934e+06 2.05358e+06 1.21745e+06 871824 1.84825e+06 826679 1.02157e+06 657354 354423
internal_count=35918 889 616 35029 1839 1206 1124 633 483 1042 459 583 448 206
is_linear=0
shrinkage=0.05


Tree=200
num_leaves=15
num_cat=0
split_feature=24 9 25 21 9 7 26 15 24 7 3 20 25 24
split_gain=875.832 1307.83 958.308 2172.93 2963.83 1346.61 954.617 1988.05 834.502 1157.41 902.913 806.177 829.257 1679.86
threshold=7.7005460251375011 0.13056622037921709 0.93301270189221952 10.480130275481486 0.19358036126114117 14.97230945765074 -0.9330127018922193 19.255681931610429 2.1087010900403804 15.341530067137889 14.561583073875969 0.078257974002596861 0.68301270189221941 0.98668192129992016
decision_type=10 2 2 10 2 2 2 2 10 2 2 10 2 8
left_child=2 -2 11 4 -4 -5 7 -3 9 10 -6 12 -1 -14
right_child=1 6 3 5 8 -7 -8 -9 -10 -11 -12 -13 13 -15
leaf_value=-2.9798092254312322e-07 7.8578326722881638e-05 -0.00085104017796465675 0.0024493263738917417 -0.0012829638061461811 0.0033776330538304068 -0.0026265810728658494 0.00041465292048010181 0.012751216723002883 -0.00096989753333919849 0.0021170971118185905 -0.0051182500794891006 -0.00035751062688443906 0.00096451369882922492 0.00013522133939680863
leaf_weight=16133983.741144061 55474.521469116211 84698.115748405457 99687.626091003418 516065.35304260254 277940.94615077972 537244.47509765625 1685741.9156630039 69605.209579467773 462438.59054660797 60925.348876953125 65590.690490722656 393405.46209049225 952613.1619849205 2749522.5350666046
leaf_count=23598 46 203 72 1003 721 147 3126 75 922 18 43 442 1322 4089
internal_value=9.76546e-05 0.00112938 9.75798e-06 -0.00102871 0.000683227 -0.00259969 0.000901334 0.00466558 -0.000255662 0.00140313 0.000276727 0.000113447 0.000157899 0.000832786
internal_weight=2.41449e+07 1.89552e+06 2.22494e+07 2.01989e+06 966583 1.05331e+06 1.84005e+06 154303 866896 404457 343532 2.02295e+07 1.98361e+07 3.70214e+06
internal_count=35827 3450 32377 2926 1776 1150 3404 278 1704 782 764 29451 29009 5411
is_linear=0
shrinkage=0.05


Tree=201
num_leaves=15
num_cat=0
split_feature=20 24 8 0 2 5 23 11 15 8 15 18 25 18
split_gain=1017.41 1117.15 1906.86 816.966 2208.09 1918.85 1582.84 2420.51 2022.89 2090.39 2556.15 2343.65 2591.56 1927.39
threshold=0.054858233316907506 1.3895382628829653 0.11511944646971077 14.445500943314316 15.321986804136829 14.172821431278054 -0.86918497523363636 -0.087989381429594837 19.356947056987359 0.24655225010203877 17.86145722055198 0.45704862749753333 1.0000000180025095e-35 0.73991455881546375
decision_type=10 10 2 2 2 2 10 2 2 2 2 10 2 10
left_child=3 -2 -3 5 -5 -1 -6 -8 9 10 -9 12 -12 -13
right_child=1 2 -4 4 6 -7 7 8 -10 -11 11 13 -14 -15
leaf_value=-6.3675352132243831e-05 -0.00059960615931365507 0.00081401559411200348 -0.00026666149680570786 0.00097415776010081011 0.00091228193125060953 -0.0021598339805902413 -0.00021062065908833392 -5.6241025869330874e-05 -0.0015603537257313912 -0.00044439142103287234 6.8805611729088232e-05 -0.00025827517124767877 0.0009049733965087489 0.00076191165263032022
leaf_weight=10419372.020949125 481221.01802253723 61974.014533996582 469496.77665090561 3836803.2161254883 535384.05615234375 1492350.8670043945 1893372.1865234375 591332.69494628906 676119.11267089844 1359970.0609130859 540902.08996582031 627553.45190429688 503994.78918457031 514600.24584960938
leaf_count=28950 575 36 787 2346 159 1079 514 179 183 450 116 142 107 150
internal_value=-5.03076e-05 -0.00160134 -2.11068e-05 1.80089e-05 0.00032704 -0.000269446 -0.00018668 -0.000395496 0.000200133 0.0006144 0.00140061 0.0021892 0.00390045 0.000623675
internal_weight=2.40044e+07 1.01269e+06 531471 2.29918e+07 1.108e+07 1.19117e+07 7.24323e+06 6.70784e+06 4.81447e+06 4.13835e+06 2.77838e+06 2.18705e+06 1.0449e+06 1.14215e+06
internal_count=35773 1398 823 34375 4346 30029 2000 1841 1327 1144 694 515 223 292
is_linear=0
shrinkage=0.05


Tree=202
num_leaves=15
num_cat=3
split_feature=26 28 18 23 0 28 15 28 18 10 14 16 16 21
split_gain=999.934 1711.92 1342.92 1170.69 2305.52 1134.27 997.581 1031.44 943.252 1261.61 1227.17 1101.16 1602.16 1058.83
threshold=0.93301270189221952 0 0.99991832796946301 0.7070285470886476 15.135452873697941 1 16.970449717789354 2 0.034829768932853257 -0.47977330185142092 2.5078013168185946 14.138703849963823 13.996505030299563 11.037231308731972
decision_type=2 1 8 10 2 1 2 1 8 2 10 2 2 10
left_child=5 3 -3 -2 6 -1 7 -5 -7 11 13 12 -10 -11
right_child=1 2 -4 4 -6 8 -8 -9 9 10 -12 -13 -14 -15
leaf_value=-0.00091880044188090068 -0.0028457558803821285 -0.0034226640577349463 0.00087217056018814947 0.013651982897681892 0.0010756458825185819 0.0027619359344244429 -0.004804333157254456 0.0015114579128065941 -0.0019855135010729244 5.519249869068118e-05 -0.00091202184611240741 -0.0061800550705848941 0.015981192311175906 0.00021086170347753066
leaf_weight=2276061.3327827454 73768.33262348175 1263988.2862160206 316933.4102935791 44269.711859703064 51275.603149414062 1748426.6915363073 80265.756405353546 115020.99693965912 746297.00194549561 14423041.633707285 631450.72886943817 834187.46896362305 41654.435577392578 1553438.021987915
leaf_count=7909 179 1454 489 104 19 7177 186 505 1946 13014 1172 687 52 979
internal_value=2.6826e-05 -0.0010602 -0.00177247 0.00202822 0.00345519 0.000121855 0.00139558 0.00368597 0.000242339 0.000135941 0.000265936 -0.00119498 0.000145414 0.000351382
internal_weight=2.42001e+07 1.94552e+06 1.58092e+06 364600 290832 2.22546e+07 239556 159291 1.99785e+07 1.82301e+07 1.66079e+07 1.62214e+06 787951 1.59765e+07
internal_count=35872 2936 1943 993 814 32936 795 609 25027 17850 15165 2685 1998 13993
cat_boundaries=0 1 2 3
cat_threshold=75 11 66
is_linear=0
shrinkage=0.05


Tree=203
num_leaves=15
num_cat=1
split_feature=25 21 21 21 7 19 20 19 4 26 2 19 23 28
split_gain=749.988 1577.24 1891.39 936.466 1080.78 879.561 1220.05 2161.95 2791.3 3364.41 2169.69 1514.15 1335.67 1590.18
threshold=0.93301270189221952 10.496751550033519 10.414501320143701 11.248931230929697 14.9114506364057 0.011957074242538002 -0.0081230757044917484 -0.033656323159915791 16.401501956730314 0.25000000000000017 14.783751795995874 0.0016775896035682502 6.3010262181924057 0
decision_type=2 10 8 10 2 2 10 2 2 2 2 2 10 1
left_child=5 2 -2 4 -3 6 -1 10 11 -10 -8 12 -9 -14
right_child=1 3 -4 -5 -6 -7 7 8 9 -11 -12 -13 13 -15
leaf_value=-4.5273432274608224e-06 -0.00027583079652909818 -0.0026635624902304998 0.0024837031075654564 -0.00018685841175222103 -0.002534481638898366 -6.3200759383258103e-05 0.0022143411697224985 0.00051135119790269158 0.00066766881917504372 5.1014915102338967e-05 -0.0027790776153213217 -0.0011730947376391116 0.0096010224202207235 0.0016890132747714949
leaf_weight=8644559.3408018351 1003033.4468650818 463975.20045042038 172259.91426086426 100513.61144447327 454858.69506835938 7859816.4327381849 305707.33290243149 2434108.9098852873 565886.744140625 820163.8310546875 416662.45764160156 786687.8768478632 57712.302211761475 161430.57621049881
leaf_count=14840 1929 890 149 118 130 11694 581 3530 108 158 118 1162 74 319
internal_value=3.79626e-05 -0.000843521 0.000404798 -0.00228282 -0.00278406 0.000125686 0.000360672 0.000939317 0.00132117 0.00321554 -0.00161176 0.000557872 0.00112908 0.00486791
internal_weight=2.42474e+07 2.19464e+06 1.17529e+06 1.01935e+06 918834 2.20527e+07 1.41929e+07 5.54836e+06 4.82599e+06 1.38605e+06 722370 3.43994e+06 2.65325e+06 219143
internal_count=35800 3216 2078 1138 1020 32584 20890 6050 5351 266 699 5085 3923 393
cat_boundaries=0 1
cat_threshold=40
is_linear=0
shrinkage=0.05


Tree=204
num_leaves=15
num_cat=1
split_feature=19 19 9 6 4 8 16 25 17 25 24 2 28 1
split_gain=731.838 1566.7 1294.29 2543.46 4183.81 2310.33 3237.59 1277.02 1610.3 1558.64 3178.57 1542.59 1432.27 2374.99
threshold=-0.020948958783492597 -0.0083378322809124477 0.20711755430775916 16.80495009680509 16.546269291430637 0.096436427034499561 17.072385504493145 0.93301270189221952 0.015801928648999954 0.68301270189221941 0.12805959700701952 16.995746452383802 0 16.84045422280521
decision_type=2 2 2 2 2 2 2 2 2 2 8 2 1 2
left_child=7 2 5 4 -4 -2 -7 9 -9 11 -11 12 -1 -14
right_child=1 -3 3 -5 -6 6 -8 8 -10 10 -12 -13 13 -15
leaf_value=-0.0014281347489511307 -0.00026548607549324712 -1.2387218833992726e-05 0.000737514627514159 -0.00030100978873935581 0.0020876602833005721 0.00014134035258960039 0.00066102416317572973 8.4652836218532734e-05 -0.003896923844561315 0.0078854416503148003 0.00037497924986000779 -0.001666380314664152 -2.9467793851784704e-05 0.00029243098260305702
leaf_weight=748280.28995752335 236131.68799591064 13461067.136310816 3154991.9549753666 193971.34375 70639.056884765625 376532.56229782104 420164.78530883789 325399.46006822586 432611.02005004883 125965.72340488434 963844.94267654419 421021.9853515625 3281388.4384438992 91250.870361328125
leaf_count=1249 102 19884 5981 35 19 314 146 798 274 173 1426 72 5317 20
internal_value=5.23384e-05 0.000216208 0.00102925 0.000560748 0.00089514 0.00258042 0.00386785 -0.000407064 -0.00233375 -0.00014774 0.00155037 -0.000555192 -0.000260662 0.00017841
internal_weight=2.43033e+07 1.79135e+07 4.45243e+06 3.4196e+06 3.22563e+06 1.03283e+06 796697 6.38976e+06 758010 5.63175e+06 1.08981e+06 4.54194e+06 4.12092e+06 3.37264e+06
internal_count=35810 26481 6597 6035 6000 562 460 9329 1072 8257 1599 6658 6586 5337
cat_boundaries=0 1
cat_threshold=40
is_linear=0
shrinkage=0.05


Tree=205
num_leaves=15
num_cat=1
split_feature=20 20 16 8 19 19 0 4 3 4 11 3 0 28
split_gain=982.143 835.849 833.818 2028.74 680.782 1041.64 2269.79 2002.28 1367.11 1704.97 1931.29 1747.36 1551.83 1780.4
threshold=0.073354104244627766 0.066203157304000615 16.97122621413417 0.17798941854388167 0.0039419723110017506 -0.018468429717034846 17.419860989426706 17.458037941908348 17.441669403438507 16.278214614679609 -0.035948671361395144 16.040624683728151 14.82482845695414 0
decision_type=10 10 2 2 2 2 2 2 2 2 2 2 2 1
left_child=1 4 3 -2 5 7 8 -1 9 11 -11 12 -7 -14
right_child=2 -3 -4 -5 -6 6 -8 -9 -10 10 -12 -13 13 -15
leaf_value=-8.7886493611939543e-06 0.0034639365415554528 0.0011758700220444013 -0.00013988394947485065 -0.0028757221631530885 -9.7173428015162131e-05 -2.4480545598775286e-06 0.00038253317023619168 -0.0021109467853237633 -0.0042877977258022242 -4.0916810769170631e-05 0.00046618900646601906 -0.0014309464267415013 -0.00033642147998249141 0.0015674268336437142
leaf_weight=6732886.0329605341 55172.129119873047 134129.66662311554 220420.57162475586 303564.70059633255 9408194.9657034874 4147417.1725043058 264036.83642578125 209251.11767578125 111032.52587890625 451396.59155273438 615567.62744140625 307138.318359375 248905.97314453125 910401.75244140625
leaf_count=10251 47 185 112 571 14227 9389 40 29 18 107 142 95 123 454
internal_value=3.01332e-06 5.30588e-05 -0.00203113 -0.000544011 3.05048e-05 0.000251574 0.000679399 -0.000183262 0.000502582 0.000594033 0.00242622 0.00024581 0.000458028 0.00207525
internal_weight=2.41195e+07 2.35404e+07 579157 358737 2.34062e+07 1.3998e+07 7.0559e+06 6.94214e+06 6.79186e+06 6.68083e+06 1.06696e+06 5.61386e+06 5.30672e+06 1.15931e+06
internal_count=35790 35060 730 618 34875 20648 10368 10280 10328 10310 249 10061 9966 577
cat_boundaries=0 1
cat_threshold=56
is_linear=0
shrinkage=0.05


Tree=206
num_leaves=15
num_cat=0
split_feature=3 1 16 2 11 9 14 7 3 11 2 4 24 8
split_gain=979.731 1640.16 1134.75 1914.75 2214.91 953.87 1091.69 961.464 1078.96 958.458 1898.3 1913.9 1083.81 1098.26
threshold=17.441669403438507 17.419860989426706 18.650510177953056 16.995746452383802 0.010211439004357252 0.099550145179683913 1.6159343587367463 17.112074389479542 17.168440301826585 0.28440517848816255 15.394373704489619 15.2679943451789 10.434020817578153 0.096436427034499561
decision_type=2 2 2 2 2 2 10 2 2 2 2 2 10 2
left_child=1 2 3 5 -5 6 -1 8 9 12 11 -11 13 -7
right_child=-2 -3 -4 4 -6 7 -8 -9 -10 10 -12 -13 -14 -15
leaf_value=-0.00099980744658127165 -0.00011889426736181829 0.00020323081259123669 5.4827566449085116e-05 -0.0002723657084509541 1.7640186906256477e-05 0.00019184568686424886 0.00014375043552385374 -0.00026654912961221076 0.00044149601237285143 -0.0009611971766579063 -0.0013558459212027871 0.0021748816397853402 0.002753319853606957 -8.2311968787170659e-06
leaf_weight=138647.07467651367 869271.76025390625 194501.32080078125 119329.08782958984 619320.60498046875 553549.17724609375 518431.21669971943 100003.82949829102 97635.109375 126943.36474609375 3101721.0277658701 659627.95422363281 122449.16772460938 660453.87314581871 16405084.433639288
leaf_count=197 126 33 85 121 107 475 45 18 26 7779 235 61 1293 25227
internal_value=-0.000117893 -5.67083e-05 -9.50032e-05 -0.000120122 -0.00208841 -1.48576e-05 0.00312896 -4.94446e-05 -2.70619e-05 -5.42394e-05 -0.000765115 -0.000265121 0.000102773 2.52259e-05
internal_weight=2.4287e+07 2.34177e+07 2.32232e+07 2.31039e+07 1.17287e+06 2.1931e+07 238651 2.16923e+07 2.15947e+07 2.14678e+07 3.8838e+06 3.22417e+06 1.7584e+07 1.69235e+07
internal_count=35828 35702 35669 35584 228 35356 242 35114 35096 35070 8075 7840 26995 25702
is_linear=0
shrinkage=0.05


Tree=207
num_leaves=15
num_cat=0
split_feature=16 2 21 24 15 0 24 2 21 0 1 2 0 23
split_gain=2356.03 1466.22 2062.43 1892.71 1552.21 1137.38 1338.62 1045.38 1659.54 1166.64 1547.64 1226.69 1576.67 1136.35
threshold=18.650510177953056 16.395876229078294 11.037231308731972 1.9434536580973651 18.05005267201464 16.272741767951768 2.1287889848007757 15.801121753769563 10.470596507890082 14.737066263731045 14.447373825934152 14.417559911266872 14.272900864308589 2.5830001599057755
decision_type=2 2 10 10 2 2 10 2 10 2 2 2 2 8
left_child=1 5 3 4 -3 7 -7 9 -9 11 13 12 -1 -11
right_child=-2 2 -4 -5 -6 6 -8 8 -10 10 -12 -13 -14 -15
leaf_value=-0.00010369392685101805 0.00012580347007140675 -0.00044432130779263569 4.3614016564418111e-05 -0.00066928960923677073 3.5080846208101972e-05 -0.00022944450094013766 0.0018281365000961001 -0.0023006910379991695 8.842101546860194e-06 0.0018884071428566154 0.00028556519198195675 -0.0013130863276120867 0.0023438641692802346 0.0062417577307903697
leaf_weight=10839672.114461184 354869.0627746582 544733.56787109375 910298.98803710938 1143486.2670898438 1466134.7453613281 367196.86499023438 380741.98852539062 579769.46752929688 774323.17578125 155057.43078613281 3588099.2857666016 2030718.4354248047 995865.51281738281 155369.73376464844
leaf_count=30036 121 119 167 264 294 106 113 202 254 101 1825 1370 795 103
internal_value=4.98179e-06 -5.49874e-05 -0.000920229 -0.00152527 -0.000601678 0.000122037 0.00203478 4.72093e-05 -0.00129195 0.000149284 0.00091345 -6.55622e-05 0.000129238 0.00430039
internal_weight=2.42863e+07 2.39315e+07 4.06465e+06 3.15435e+06 2.01087e+06 1.98668e+07 747939 1.91189e+07 1.35409e+06 1.77648e+07 3.89853e+06 1.38663e+07 1.18355e+07 310427
internal_count=35870 35749 844 677 413 34905 219 34686 456 34230 2029 32201 30831 204
is_linear=0
shrinkage=0.05


Tree=208
num_leaves=15
num_cat=1
split_feature=8 20 23 15 10 23 14 23 0 1 0 14 15 28
split_gain=849.623 1967.1 1278.31 1233.99 1358.6 2035.15 3187.93 1446.11 1856.32 1980.95 911.159 1118.69 1600.89 885.171
threshold=0.13258276074683381 0.073354104244627766 4.6193908550991907 19.322058562137219 -0.018166846873522297 1.0281736264686052 1.6554688479737332 2.7293621976896754 17.152781891435371 16.531196752664069 15.077157622863298 1.2741020167211208 17.848068235924121 0
decision_type=2 8 8 2 2 10 10 10 2 2 2 10 2 1
left_child=1 2 3 4 5 -1 -7 8 9 13 11 -3 -13 -6
right_child=-2 10 -4 -5 7 6 -8 -9 -10 -11 -12 12 -14 -15
leaf_value=-0.0013371828539065378 -2.504693312200343e-05 -0.0023032744421796784 -0.0011678861708723015 0.00042786087031778069 0.0011230421325978987 -0.00094916563112521749 0.0006130214578072763 -4.6730172953541932e-05 -0.00034254902459957253 0.00062843068022889201 -0.00042336539933765901 -0.0018607547616907858 0.0047654429338446543 -0.00019156021761629298
leaf_weight=287224.01734161377 21191577.182652473 171016.77471911907 216987.42583882809 475758.19384765625 149708.92548751831 259302.48369598389 296086.78598403931 282261.83128356934 251305.75 290876.13842773438 186522.388671875 26239.83194065094 25307.205697417259 127815.9462890625
leaf_count=108 34023 433 195 118 78 94 172 153 43 63 63 143 62 148
internal_value=2.28587e-05 0.000803627 0.00130402 0.00163362 0.00107519 -0.000436187 0.00133093 0.00223086 0.00329374 0.00487586 -0.00242237 -0.000262145 0.00619462 0.00185395
internal_weight=2.4238e+07 3.04641e+06 2.63733e+06 2.42034e+06 1.94458e+06 842613 555389 1.10197e+06 819707 568401 409086 222564 51547 277525
internal_count=35896 1873 1172 977 859 374 266 485 332 289 701 638 205 226
cat_boundaries=0 1
cat_threshold=608
is_linear=0
shrinkage=0.05


Tree=209
num_leaves=15
num_cat=0
split_feature=19 3 4 1 4 4 14 14 3 3 19 20 1 0
split_gain=899.581 1705.09 1229.57 1194.48 1515.4 3229.97 2967.29 1433.09 1103.17 1743.63 1106.05 1166.9 1324.15 1130.47
threshold=-0.021836054212983447 16.153319173089113 15.932866114108959 17.419860989426706 16.850127835172454 16.401501956730314 1.6953518466814177 2.3418781086055476 16.399633848597894 16.274415002168297 -0.0083378322809124477 -0.038030984283583494 14.550434113399705 16.395026300101303
decision_type=2 2 2 2 2 2 10 10 2 2 2 8 2 2
left_child=1 2 -1 4 5 8 -7 -6 9 10 -2 12 -12 -13
right_child=3 -3 -4 -5 7 6 -8 -9 -10 -11 11 13 -14 -15
leaf_value=-0.00016334220382774431 0.00063367045189058639 -0.00061196205969016749 0.0019357289092498137 4.9340949151445155e-05 -9.9004294410585323e-05 1.6184499994995079e-05 0.0019515103051145238 2.6357464011913357e-05 -0.00040174171906176559 0.0007049154046642823 -0.00035954853030335836 -0.00013743935701152082 0.0021835893001302706 -0.0025015977947649357
leaf_weight=4538534.17123878 3659753.1814488173 1410883.9084472656 265225.50073242188 689620.9951171875 809257.09619140625 695325.41430664062 425641.58251953125 605881.02978515625 440710.73999023438 210503.76684570312 76053.970204353333 10268093.841976523 66328.461059570312 120473.1708984375
leaf_count=8668 6706 312 86 101 159 179 103 120 121 64 187 18969 31 36
internal_value=8.76591e-05 -0.000431246 1.75933e-05 0.000266145 0.000185158 0.000324178 0.00291217 -0.001383 0.000128714 0.000204124 0.000137116 -0.000123108 0.00437264 -0.000184726
internal_weight=2.42823e+07 6.21464e+06 4.80376e+06 1.80676e+07 1.7378e+07 1.59629e+07 1.12097e+06 1.41514e+06 1.48419e+07 1.44012e+07 1.41907e+07 1.05309e+07 142382 1.03886e+07
internal_count=35842 9066 8754 26776 26675 26396 282 279 26114 25993 25929 19223 218 19005
is_linear=0
shrinkage=0.05


Tree=210
num_leaves=15
num_cat=0
split_feature=21 9 9 8 24 16 0 3 1 2 22 0 7 3
split_gain=1353.81 4278.8 1351.78 1318.62 1238.81 1188.73 1793.97 1179.28 1608.58 1061.66 1006.51 4626.61 1220.42 1463.34
threshold=11.037231308731972 0.13056622037921709 0.16971074990467663 0.13258276074683381 7.8248135322397507 18.407908271991452 16.272741767951768 17.441669403438507 17.419860989426706 17.154710110999769 18.793142232027119 16.99330550331128 16.984176737668555 15.804550983324974
decision_type=10 2 2 2 10 2 2 2 2 2 2 2 2 2
left_child=7 -2 -3 -4 5 6 -5 8 9 10 -1 12 13 -12
right_child=1 2 3 4 -6 -7 -8 -9 -10 -11 11 -13 -14 -15
leaf_value=-7.3753717860071066e-05 0.00010700160257241754 -0.0026592052679053463 0.00079530868082663324 0.00023911050959287951 0.00053231566857745111 0.0001097609487426859 -0.00039802561515575276 -0.0010191228715359405 0.00036118466873033951 -0.00063125474590925562 -0.00012211141633735166 0.00050513085111142343 -0.0045310401369227865 0.00047938962496383284
leaf_weight=18663927.964392185 339575.82730102539 316193.75575256348 83771.708976745605 1082225.9610102177 95687.115112304688 358371.98190307617 195685.20361328125 434602.5693359375 204669.765625 514152.3935546875 1512852.016086936 211317.8681640625 109453.4560546875 194480.0107421875
leaf_count=29771 115 121 53 2093 71 156 39 68 34 96 3236 42 21 49
internal_value=-6.52601e-05 0.0010439 0.000213606 0.000739 0.000442666 0.000119295 -0.000594377 -0.000190746 -0.000138407 -0.000180983 -0.000125216 0.000932655 0.00011819 0.000446306
internal_weight=2.4317e+07 2.47151e+06 2.13194e+06 1.81574e+06 1.73197e+06 1.63628e+06 1.27791e+06 2.18455e+07 2.14109e+07 2.12062e+07 2.0692e+07 2.0281e+06 1.81679e+06 1.70733e+06
internal_count=35965 2648 2533 2412 2359 2288 2132 33317 33249 33215 33119 3348 3306 3285
is_linear=0
shrinkage=0.05


Tree=211
num_leaves=15
num_cat=0
split_feature=22 9 15 17 9 14 16 17 3 19 0 5 8 21
split_gain=934.375 4725.39 2033.44 2119.32 3297.77 1435.54 692.079 671.951 1260.88 656.341 1950.99 1298.93 3157.96 1300.16
threshold=19.623793835603895 0.20711755430775916 18.400799232794149 0.14902370886592511 0.3200225785917819 2.2935292609403035 17.298855028885153 0.097164992058907759 13.800184762065772 -0.029549318239527746 16.845079520562013 17.126432758044093 0.12895936785305098 11.083893699334228
decision_type=2 2 2 2 2 10 2 2 2 2 2 2 2 10
left_child=9 -2 3 4 -3 6 -5 8 -6 10 -1 13 -13 -11
right_child=1 2 -4 5 7 -7 -8 -9 -10 11 -12 12 -14 -15
leaf_value=-0.00017397753073835094 0.00047035811087859275 0.0019757810914519188 -0.0010322338500104685 -3.7139568454690767e-05 0.0030658302007844297 0.00041048040550936866 -0.004867812423204586 -0.0016841976426016593 0.0068463488321126205 -4.6731570456626893e-05 -0.00074411249491266912 -8.9787609340548409e-05 0.00015906582262831238 0.00063410208426630714
leaf_weight=3652626.3432500362 228180.41360473633 70259.278900146484 301970.29840087891 236514.13854980469 235396.8484287262 269547.75616455078 243128.90936279297 91005.564483642578 81026.667602539062 16374712.923691154 351580.18896484375 664300.994140625 616041.08984375 924596.10964560509
leaf_count=6098 99 66 228 105 523 113 97 80 58 26557 62 109 101 1580
internal_value=2.6623e-05 0.00113726 0.000135517 0.00104018 0.00364268 -0.000619196 -0.00225994 0.0019175 0.00300646 -5.97848e-05 -0.000640411 6.53492e-05 0.00160207 -4.83853e-05
internal_weight=2.43409e+07 1.75703e+06 1.52885e+06 1.22688e+06 477688 749191 479643 407429 316424 2.25839e+07 4.00421e+06 1.85797e+07 1.28034e+06 1.72993e+07
internal_count=35876 1369 1270 1042 727 315 202 661 581 34507 6160 28347 210 28137
is_linear=0
shrinkage=0.05


Tree=212
num_leaves=15
num_cat=0
split_feature=16 6 3 18 19 9 17 4 11 4 1 3 26 18
split_gain=1331.34 2821.86 2008.2 1698.96 2101.89 4504.44 4072 1304.4 1468.01 2805.95 1942.46 1093.5 1494.76 1048.39
threshold=18.407908271991452 17.351774198266824 17.168440301826585 0.33438753512126657 0.011194478362104751 0.27833393931657552 0.27895765299337733 16.850127835172454 -0.016257289874851599 16.401501956730314 16.84045422280521 15.804550983324974 -0.24999999999999997 0.4760399267297884
decision_type=2 2 2 10 2 2 2 2 2 2 2 2 2 10
left_child=1 2 7 4 5 6 -2 8 9 11 -10 13 -13 -1
right_child=3 -3 -4 -5 -6 -7 -8 -9 10 -11 -12 12 -14 -15
leaf_value=3.0699143502685888e-06 9.9545827572400605e-06 -0.00025012369588143282 0.00027144532378085211 0.00021045615432274388 -0.0016011707385676002 -0.00038759094207668185 0.00050179794252798329 -4.8381413118151494e-05 -8.2184050782587673e-05 0.000990053311364881 -0.0021503334431451789 0.00013382463547612859 -0.001960039255197958 0.0016888428168064769
leaf_weight=4819460.6510936022 297730.74090576172 417118.443359375 448113.83984375 458086.451171875 438579.16668701172 334259.45916748047 274427.09405517578 1050169.7060546875 10963627.317334533 600872.27758789062 215516.84790039062 326080.98364257812 506073.00512695312 3305114.6981060505
leaf_count=11446 158 59 84 65 187 186 63 219 17995 156 49 106 165 4868
internal_value=9.85858e-05 -5.49755e-06 7.09377e-05 0.00140619 0.000510478 0.00188539 0.00457947 2.79008e-06 8.98537e-05 0.000544835 -0.000299132 0.000322938 -0.00140331 0.000499748
internal_weight=2.44552e+07 2.26521e+07 2.2235e+07 1.80308e+06 1.345e+06 906417 572158 2.17869e+07 2.07367e+07 9.5576e+06 1.11791e+07 8.95673e+06 832154 8.12458e+06
internal_count=35806 35147 35088 659 594 407 221 35004 34785 16741 18044 16585 271 16314
is_linear=0
shrinkage=0.05


Tree=213
num_leaves=15
num_cat=0
split_feature=1 6 7 5 2 0 3 0 15 2 6 2 0 2
split_gain=2787.04 1421.75 1612.17 910.331 2191.37 842.326 900.483 2102.78 2006.61 1716.43 1491.14 1044.43 908.693 2153.67
threshold=17.419860989426706 17.351774198266824 17.374289654612713 17.126432758044093 16.995746452383802 16.99330550331128 16.399633848597894 16.272741767951768 19.255681931610429 16.532859834196291 16.80495009680509 16.395876229078294 15.554735341441647 15.321986804136829
decision_type=2 2 2 2 2 2 2 2 2 2 2 2 2 2
left_child=1 2 3 4 5 6 7 11 -9 -8 -11 12 13 -1
right_child=-2 -3 -4 -5 -6 -7 9 8 -10 10 -12 -13 -14 -15
leaf_value=1.8807041497342873e-05 0.00011868137988897859 -0.0050144945839507762 0.00019505354251272337 4.9306050157634053e-05 -0.00028064354418988772 0.00031262177190250417 -0.00050074603673493946 1.482235874017995e-05 0.001936628022506656 7.4413227848999495e-05 -0.00051885609515300889 -0.0020231452156111037 0.00022170274326101266 -0.002962080054132211
leaf_weight=16134663.014364958 865793.2255859375 142952.22314453125 74120.724609375 607851.95703125 555991.69409179688 343959.05981445312 722735.24780273438 452385.76318359375 340025.72583007812 589571.71997070312 514204.982421875 162829.88549804688 1659615.1947021484 1063033.9210205078
leaf_count=33539 126 23 12 115 112 72 196 132 102 141 110 49 614 488
internal_value=7.43377e-05 -2.88912e-05 1.71173e-06 -2.18636e-05 -7.33574e-05 5.0488e-06 -3.39724e-05 6.39607e-05 0.00258761 -0.00109627 0.000144009 -4.11786e-05 -6.74925e-06 -0.000114571
internal_weight=2.42297e+07 2.33639e+07 2.3221e+07 2.31469e+07 2.2539e+07 2.1983e+07 2.16391e+07 1.98126e+07 792411 1.82651e+06 1.10378e+06 1.90201e+07 1.88573e+07 1.71977e+07
internal_count=35831 35705 35682 35670 35555 35443 35371 34924 234 447 251 34690 34641 34027
is_linear=0
shrinkage=0.05


Tree=214
num_leaves=15
num_cat=0
split_feature=16 8 21 16 19 20 22 17 3 17 18 20 2 0
split_gain=1889.95 1078.85 2096.5 2040.51 4244.89 2524.26 3636.87 2017.37 1746.68 2266.15 1598.56 1444.17 1299.34 1964.26
threshold=18.650510177953056 0.13720583619637758 10.414501320143701 18.282510670124854 0.020792233175059852 1.0000000180025095e-35 17.379142309474069 0.22636566645953302 16.399633848597894 0.35659849993124221 0.34372273406691495 0.012242522896923552 16.684382928863482 16.272741767951768
decision_type=2 2 10 2 2 8 2 2 2 2 10 8 2 2
left_child=1 2 -1 4 5 6 -4 -5 12 11 -6 -10 13 -3
right_child=-2 8 3 7 10 -7 -8 -9 9 -11 -12 -13 -14 -15
leaf_value=-0.0008703030570768142 0.00039091820622189912 -1.1121281848826888e-05 -0.00097488433599100257 -0.00085162146010330235 0.0016459847170650788 -0.00039802995759204824 0.00056410457469734652 5.3864203644320575e-05 -0.00073442737096176831 6.6239686482818332e-05 0.0011124710731072408 -3.0384455337241262e-05 -0.0037147397263788875 0.0012296014539351897
leaf_weight=598011.94441187382 291307.56161499023 17540531.598985314 269040.9313621521 539375.28712463379 218392.68942260742 501453.46208190918 396213.84228134155 575711.71313476562 889681.72045898438 761266.48510742188 207902.51953125 635583.62475585938 126513.25366210938 606185.39697265625
leaf_count=919 110 32918 161 173 149 279 153 128 180 152 57 163 33 183
internal_value=7.02267e-05 2.1366e-05 0.000859693 0.00145137 0.00259966 0.0010395 0.0030587 -0.000189077 -0.000113441 -0.00141627 0.00686959 -0.00252831 4.9582e-05 8.47861e-05
internal_weight=2.41572e+07 2.38659e+07 3.3061e+06 2.70809e+06 1.593e+06 1.16671e+06 665255 1.11509e+06 2.05598e+07 2.28653e+06 426295 1.52527e+06 1.82732e+07 1.81467e+07
internal_count=35758 35648 2019 1100 799 593 314 301 33629 495 206 343 33134 33101
is_linear=0
shrinkage=0.05


Tree=215
num_leaves=15
num_cat=1
split_feature=1 6 1 3 22 0 2 23 4 2 29 15 2 0
split_gain=2934.65 1493.83 1277.89 2124.65 1144.31 836.011 1495.63 1355.65 2613.56 1225.23 2500.47 2218.25 809.221 1162.45
threshold=17.419860989426706 17.351774198266824 17.151381608784849 16.399633848597894 19.612712971140649 15.554735341441647 15.801121753769563 1.0281736264686052 15.806872716436748 15.92068809672695 0 18.194842710884355 10.753971642045508 12.214787806952193
decision_type=2 2 2 2 2 2 2 8 2 2 1 2 2 2
left_child=1 2 3 5 -5 6 12 8 -7 10 -9 -11 13 -1
right_child=-2 -3 -4 4 -6 7 -8 9 -10 11 -12 -13 -14 -15
leaf_value=0.0012933456488786307 9.5347915676917151e-05 -0.0048629399862427812 3.5545418085724569e-05 -0.00013630683788975044 2.0924587788179462e-05 0.0010397105260936579 -0.011046706013478638 0.0054194897976128217 -0.00071953178867424649 0.00066937506969035065 0.00036324787299553667 -0.00080211458315673344 -0.00027137305490982494 0.011802505983199443
leaf_weight=1775965.0348700285 885665.671875 162304.8623046875 588969.9013671875 2152975.9987792969 497672.07373046875 291519.73449707031 218613.49560546875 263816.08190917969 506744.68481445312 340842.03076171875 432309.13317871094 789566.90649414062 14970392.11441803 193663.56924438477
leaf_count=13696 129 26 111 500 110 114 88 98 162 103 182 238 19833 432
internal_value=-0.000112076 -0.000219978 -0.00018628 -0.000246638 -0.00157597 -6.85291e-05 -0.000195654 0.000762504 -0.000956342 0.0015137 0.00316391 0.00049748 -0.000142624 0.000810108
internal_weight=2.4071e+07 2.31854e+07 2.30231e+07 2.24341e+07 2.65065e+06 1.97834e+07 1.71586e+07 2.6248e+06 798264 1.82653e+06 696125 1.13041e+06 1.694e+07 1.96963e+06
internal_count=35822 35693 35667 35556 610 34946 34049 897 276 621 280 341 33961 14128
cat_boundaries=0 1
cat_threshold=8
is_linear=0
shrinkage=0.05


Tree=216
num_leaves=15
num_cat=0
split_feature=16 15 15 23 0 16 9 2 11 4 9 23 3 4
split_gain=1395.34 3561.62 3196.38 1745.46 3300.16 1205.81 1125.05 2055.62 1979.02 2762.47 1602.96 1543.11 1107.45 2267.47
threshold=18.407908271991452 19.184782302808376 18.320843101700735 2.0850945990171454 16.99330550331128 18.369372682749788 0.18340941124588991 17.154710110999769 0.0064548791282561012 17.010791597598551 0.13056622037921709 2.52628242779662 16.690778174436563 16.278214614679609
decision_type=2 2 2 10 2 2 2 2 2 2 2 10 2 2
left_child=5 2 3 -2 -5 6 8 -8 10 12 -1 -12 13 -10
right_child=1 -3 -4 4 -6 -7 7 -9 9 -11 11 -13 -14 -15
leaf_value=-4.4758158759610365e-05 -0.00012900459821417435 0.00025873348570894927 -0.0014145597925907631 0.00043494876839784849 0.00051413699420695016 -0.001728325142351177 -9.9719671008101281e-05 -0.00096130079094716324 0.00038890526894157121 0.00045390819983597637 0.00021050020101087298 -0.00031369291192816641 -0.00040998252396990618 0.00070874701556056263
leaf_weight=623726.35528564453 464456.66000366211 390694.6162109375 321015.00952148438 340095.36492919922 214271.857421875 363453.54676818848 18633381.325900912 221235.205078125 659880.16773223877 328427.2109375 725816.12763977051 488952.84292602539 287341.05126953125 155160.81909179688
leaf_count=411 221 59 59 260 41 135 33110 36 585 55 323 393 61 42
internal_value=-1.89355e-06 0.00136622 0.000141328 0.00151217 0.00340647 -0.000107178 -6.02495e-05 -0.000208721 0.00079601 0.00219048 -0.000289234 0.000768678 0.000991304 0.00193227
internal_weight=2.42179e+07 1.73053e+06 1.33984e+06 1.01882e+06 554367 2.24874e+07 2.21239e+07 1.88546e+07 3.2693e+06 1.43081e+06 1.8385e+06 1.21477e+06 1.10238e+06 815041
internal_count=35791 640 581 522 301 35151 35016 33146 1870 743 1127 716 688 627
is_linear=0
shrinkage=0.05


Tree=217
num_leaves=15
num_cat=0
split_feature=20 15 4 24 6 11 4 3 15 20 2 4 11 0
split_gain=1040.84 1552.42 1764.06 2022.98 1659.62 1938.75 1670.42 2086.28 1214.26 1182.29 1057.05 1047.16 3040.49 950.022
threshold=0.00026145923696430003 19.406561740727586 15.158023965317618 0.30103458831553803 16.80495009680509 -0.073829069530051791 16.160271952234268 15.929254580614556 17.905926190032304 -0.011209626840475948 14.783751795995874 16.546269291430637 0.032923249166138611 14.510949415105239
decision_type=8 2 2 10 2 2 2 2 2 10 2 2 2 2
left_child=1 2 10 -4 6 -6 7 8 -5 -8 13 -2 -13 -1
right_child=11 -3 3 4 5 -7 9 -9 -10 -11 -12 12 -14 -15
leaf_value=-9.9544121337504139e-05 -7.0229974702359102e-05 -0.0018224536734611078 0.00044641866308697082 -0.00012855443471560454 -0.00010863998841822945 2.1282081805435446e-05 0.00010250243485503027 -0.0012787079028398207 0.0012219497956145416 0.00076457667025452375 -0.0012060103425434719 -0.00039788588969573056 5.6654760400737239e-05 0.0020978931746208165
leaf_weight=3140449.0933377743 14452310.902570248 357651.82958984375 441343.94262695312 267561.79467773438 733332.34716796875 1094595.8403320312 397526.93212890625 242318.64575195312 332650.08862304688 407526.32446289062 719061.271484375 732406.52026367188 584094.30541992188 479320.94439697266
leaf_count=7323 26431 198 110 122 135 186 106 78 161 103 414 163 129 326
internal_value=2.40096e-05 0.000466027 0.000605741 0.00137499 0.000970064 -6.72456e-05 0.00212092 0.000564671 0.00214557 0.00374961 -8.86947e-05 -0.000217432 -0.00156743 0.00025914
internal_weight=2.43822e+07 8.61334e+06 8.25569e+06 3.91686e+06 3.47551e+06 1.82793e+06 1.64758e+06 842531 600212 805053 4.33883e+06 1.57688e+07 1.3165e+06 3.61977e+06
internal_count=35985 9262 9064 1001 891 321 570 361 283 209 8063 26723 292 7649
is_linear=0
shrinkage=0.05


Tree=218
num_leaves=15
num_cat=1
split_feature=8 6 0 15 11 20 9 11 8 4 29 25 11 17
split_gain=768.196 2422.1 1825.06 1791.6 2001.69 2301.23 2084.02 2084.88 2850.73 1930.02 2723.83 2442.35 1849.98 917.999
threshold=0.17436454277045127 16.310251285128391 16.272741767951768 17.001248682662279 -0.1736777559771098 -0.014176404312729199 0.27084885979223167 0.14638814560161337 0.14479226927996539 17.174121431257518 0 -0.6830127018922193 0.20488455615039933 0.35659849993124221
decision_type=2 2 2 2 2 10 2 2 2 2 1 2 2 2
left_child=3 2 -2 -1 5 -5 7 9 12 10 -6 -12 -9 -3
right_child=1 13 -4 4 6 -7 -8 8 -10 -11 11 -13 -14 -15
leaf_value=-0.00042229089882647394 -0.00015683322436519796 -0.00079834943369777285 0.0034911452686833297 -0.0011486654346364736 0.00048904789170730917 0.0003389024877269725 -0.0009222081755299983 0.00081982002718693388 0.0016411735629206087 -0.0001195825799052676 0.00015527743633523807 -9.4571588346917626e-05 -0.00047138561848906357 -2.094351516916229e-05
leaf_weight=977246.56354939938 16635531.111708045 1136993.5026855469 322010.2734375 155041.21998870373 344663.37445068359 350419.40005493164 402134.54787445068 217533.16201782227 224073.34991455078 778203.03271484375 463852.93911743164 1456552.1814193726 252759.0860748291 756986.70092773438
leaf_count=1538 31847 273 102 208 104 131 270 81 101 126 178 585 127 147
internal_value=-9.58967e-05 -0.00024888 -5.94718e-05 0.000417039 0.000826417 0.00379678 0.00046374 0.000831716 0.00330394 0.000267643 0.00100569 0.000271129 0.00109255 -0.00194473
internal_weight=2.4474e+07 1.88515e+07 1.69575e+07 5.62248e+06 4.64523e+06 505461 4.13977e+06 3.73764e+06 694366 3.04327e+06 2.26507e+06 1.92041e+06 470292 1.89398e+06
internal_count=35818 32369 31949 3449 1911 339 1572 1302 309 993 867 763 208 420
cat_boundaries=0 1
cat_threshold=24
is_linear=0
shrinkage=0.05


Tree=219
num_leaves=15
num_cat=0
split_feature=9 10 10 20 3 26 20 22 19 22 2 24 11 9
split_gain=1350.56 2953.48 2039.49 1861.31 1656.3 1598.34 1060.12 2297.66 2116.5 2397.98 2297.06 1675.51 1831.34 1930.66
threshold=0.21622032195833482 0.15015011507692308 -0.19281545991556018 0.058502934753336712 16.536166990069358 0.25000000000000017 -0.022991205941994244 17.759590116637096 -0.021836054212983447 19.623793835603895 14.92996095023479 2.7657490059773351 -0.12917053820077654 0.15408858868079631
decision_type=2 2 2 10 2 2 8 2 2 2 2 8 2 2
left_child=1 2 -1 6 -2 -6 7 -4 10 11 -8 12 13 -10
right_child=4 -3 3 -5 5 -7 8 -9 9 -11 -12 -13 -14 -15
leaf_value=-0.0024174815305185904 2.6459760393745581e-05 0.00034298211794666418 -0.0011934951929868881 0.00026051361318355577 -5.2162283653332859e-06 -0.0020110698595499905 0.0027819981104927924 0.00014966371343971564 -0.00013366877871903962 0.00039271838885788964 -0.0018502368813144571 -0.001279090968233585 1.9583851320873512e-05 0.0019213040057899423
leaf_weight=254067.2505645752 17356373.27149117 290973.48122406006 246582.26913452148 297490.44401550293 785039.23046875 545412.7666015625 196853.2593460083 548613.89515686035 205521.02072143555 175769.68365478516 597329.39892578125 744661.79648590088 1839475.6895523071 250657.9232635498
leaf_count=122 32501 180 152 132 162 115 304 198 101 77 159 680 878 146
internal_value=0.000109363 0.000786901 0.000520427 0.000738114 -9.54189e-05 -0.00179562 0.000500519 0.00216827 0.000169821 0.000740627 -0.00214169 0.000412349 0.00108086 0.00391669
internal_weight=2.43348e+07 5.648e+06 5.35702e+06 5.10296e+06 1.86868e+07 1.33045e+06 4.80546e+06 795196 4.01027e+06 3.21609e+06 794183 3.04032e+06 2.29565e+06 456179
internal_count=35907 3129 2949 2827 32778 277 2695 350 2345 1882 463 1805 1125 247
is_linear=0
shrinkage=0.05


Tree=220
num_leaves=15
num_cat=0
split_feature=20 18 0 20 11 11 27 25 19 17 0 19 17 5
split_gain=731.237 968.773 1805.24 588.834 1301.46 3545.1 2359.17 1333.33 1241.43 1155.54 1586.37 983.517 2189.94 1462.83
threshold=0.073354104244627766 0.1316483775054981 14.737066263731045 -0.042524227494287491 -0.066471296974667887 -0.039412410617373349 2.5000000000000004 -0.24999999999999997 -0.025353462715368095 0.038623323741199207 14.616743586458327 -0.029986948250196144 0.14902370886592511 17.126432758044093
decision_type=10 10 2 8 2 2 2 2 2 2 2 2 2 2
left_child=3 2 -2 4 7 -6 -7 8 -1 10 -8 12 -5 -13
right_child=1 -3 -4 11 5 6 9 -9 -10 -11 -12 13 -14 -15
leaf_value=-0.00045727819528231737 -0.0056679828033186592 -0.00026939697904800893 0.002263326716722731 -0.00018871262249480671 0.0028609765924932223 0.0022697430244553066 -0.0025228248245211032 -0.0016469094006874288 0.0056491165535766195 -0.00082502997176235626 0.0052073253312862784 -1.0030174080311961e-05 -0.0013312143867079277 7.760351791557754e-05
leaf_weight=96037.717975616455 132173.28647279739 413899.36947059631 40237.120727539062 2632136.9808871746 92857.475602149963 191122.75304889679 194672.43179321289 355204.42767000198 76582.096006393433 209523.52871704102 53232.398498535156 17782142.309568524 724787.71649169922 1439831.166015625
leaf_count=157 413 315 16 4690 64 228 511 529 133 88 31 28272 268 236
internal_value=-3.18468e-05 -0.00177631 0.00137277 1.1041e-05 0.00105894 0.00240986 0.00110161 -0.000838631 0.00276622 -0.000847662 0.00146268 -4.78648e-05 -0.00083752 9.00406e-05
internal_weight=2.44344e+07 586310 172410 2.38481e+07 1.26923e+06 741409 648551 527824 172620 457428 247905 2.25789e+07 3.35692e+06 1.9222e+07
internal_count=35951 744 429 35207 1741 922 858 819 290 630 542 33466 4958 28508
is_linear=0
shrinkage=0.05


Tree=221
num_leaves=15
num_cat=0
split_feature=17 9 26 24 11 16 7 21 8 25 3 0 1 11
split_gain=1291.05 1212.45 1989.48 1857.78 3834.3 1361.38 1853.47 1683.01 1429.13 1346.63 1081.25 1199.98 1336.66 1058.79
threshold=0.66017914091461261 0.21184317304381686 -0.5 1.9434536580973651 0.14638814560161337 18.435443290659602 17.112074389479542 10.482047616024342 0.15974792189108142 0.25000000000000011 17.441669403438507 16.99330550331128 16.84045422280521 0.21005825356249727
decision_type=2 2 2 8 2 2 2 10 2 2 2 2 2 2
left_child=1 2 -1 4 5 6 7 -4 9 -9 11 12 -3 -5
right_child=-2 10 3 13 -6 -7 -8 8 -10 -11 -12 -13 -14 -15
leaf_value=-4.7103373106934813e-05 -0.0012544346175901405 -4.8030283027071993e-05 0.00041131116809650452 3.9734089004957988e-05 0.00082199834381964517 -0.001156783143487749 0.00046543115763801726 0.00018207570612770256 -0.00045258534449362821 -0.00011341061647117898 -0.0033900105301692234 0.0001347724094102089 -0.0035223682015072693 -0.0034647646310518401
leaf_weight=1614886.465675354 377060.45520019531 17853949.928462744 256974.9820098877 1443973.0156135559 321354.56929016113 267050.33480834961 222594.3056640625 243075.72691345215 291317.65902709961 224790.67231750488 313741.70703125 450879.74389648438 235433.16577148438 168945.60892486572
leaf_count=923 134 32743 158 933 169 82 40 120 163 128 48 88 53 138
internal_value=2.37733e-05 6.95546e-05 0.000757198 0.00143682 0.00252852 0.0014704 0.00216844 0.00126323 7.93638e-05 0.00179117 -0.00011481 -6.55542e-05 -0.000129061 0.00020012
internal_weight=2.4286e+07 2.3909e+07 5.05496e+06 3.44008e+06 1.82716e+06 1.5058e+06 1.23875e+06 1.01616e+06 759184 467866 1.8854e+07 1.85403e+07 1.80894e+07 1.61292e+06
internal_count=35920 35786 2854 1931 860 691 609 569 411 248 32932 32884 32796 1071
is_linear=0
shrinkage=0.05


Tree=222
num_leaves=15
num_cat=0
split_feature=19 19 9 11 17 10 4 0 2 6 1 0 17 2
split_gain=953 1395.95 2248.71 4452.55 4838.6 3992.64 3069.05 3389.23 1795.63 3216.29 1748.18 2487.79 1376.16 2059.82
threshold=0.0039419723110017506 -0.025353462715368095 0.27450485260356511 -0.026288712893304447 0.083132364249998369 -0.024163792367961994 16.850127835172454 16.531633219399612 17.154710110999769 17.127461868750938 14.585498254979507 14.737066263731045 0.13021154930962461 17.154710110999769
decision_type=2 2 2 2 2 2 2 2 2 2 2 2 2 2
left_child=1 8 3 6 -5 -6 7 -3 9 -1 11 -4 13 -2
right_child=12 2 10 4 5 -7 -8 -9 -10 -11 -12 -13 -14 -15
leaf_value=-0.00029174346611435313 -4.7121262879125455e-05 -0.00015605802371053328 0.00082962459617259723 5.4619742962469196e-05 0.00015215761919489069 0.00091196039190498803 -0.0015861136688533389 0.00012370910089550734 -0.0015970040808783578 0.00042251858525821893 -0.00048807856951271707 0.01006875956123229 -9.4752670058421051e-05 0.00025692729065157242
leaf_weight=4892646.1300675869 7508975.7609580755 878571.19083213806 3837353.4809480906 848204.93957519531 334162.54244995117 598663.28402709961 295256.92431640625 127494.4482421875 347208.421875 74564.61376953125 1785382.4115600586 139292.69055175781 2424737.1315917969 85615.67822265625
leaf_count=7864 13871 776 10135 831 110 182 56 30 55 13 801 87 937 16
internal_value=-3.35633e-05 0.000230502 0.000615347 0.0017054 0.00332979 0.0058149 -0.000517784 0.000797642 -0.000409966 -0.000166976 3.22283e-05 0.000615784 -0.000406727 -7.56218e-05
internal_weight=2.41781e+07 1.41588e+07 8.84438e+06 3.08235e+06 1.78103e+06 932826 1.30132e+06 1.00607e+06 5.31442e+06 4.96721e+06 5.76203e+06 3.97665e+06 1.00193e+07 7.59459e+06
internal_count=35764 20940 13008 1985 1123 292 862 806 7932 7877 11023 10222 14824 13887
is_linear=0
shrinkage=0.05


Tree=223
num_leaves=15
num_cat=1
split_feature=9 10 24 19 20 19 24 3 11 26 3 4 28 0
split_gain=1151.9 1989.14 1827.56 1456.27 2456.14 1976.72 1813.89 1530.44 1367.52 1946.04 4182.25 3293.75 2389.55 2228.57
threshold=0.19358036126114117 0.057840140148659451 0.38610267836588402 -0.019356527226552598 -0.014637462022848649 -0.043346914351681191 -0.04553885756598159 15.401126842181315 -0.013392149411687048 1.0000000180025095e-35 15.804550983324974 16.401501956730314 0 16.036713423938284
decision_type=2 2 8 2 8 2 10 2 2 2 2 2 1 2
left_child=1 3 -3 5 -5 -1 -6 -7 9 11 13 12 -2 -11
right_child=8 2 -4 4 6 7 -8 -9 -10 10 -12 -13 -14 -15
leaf_value=0.0001460478453743447 -0.0030503483886158787 0.0003560915847477879 0.00013861426423493061 0.00033031517486226429 -0.00096146796916697728 0.00069624203699056222 3.1506964470889505e-05 -0.001074199628761768 -0.00039450039062883976 1.4619452914917307e-05 -0.0031265168017311565 0.00055346263941061149 0.0019031906895967329 0.012401229862231333
leaf_weight=259721.24591064453 814703.34559369087 228995.46246337891 911854.54948806763 256887.18502807617 168830.09840393066 179069.12020111084 1970010.8257827759 526448.4189453125 10493355.650867939 3890527.7496201992 701958.03564453125 572766.46142578125 3308918.447425127 51528.8505859375
leaf_count=137 2549 85 466 96 103 267 1124 120 17212 8081 184 132 5345 19
internal_value=-1.96014e-05 0.000702444 0.0025064 9.01057e-05 0.000750734 -0.00154958 0.000195904 -0.00292243 -0.000183489 0.000256568 -0.000469202 0.000974244 0.000480749 0.000163971
internal_weight=2.43356e+07 4.50182e+06 1.14085e+06 3.36097e+06 2.39573e+06 965239 2.13884e+06 705518 1.98338e+07 9.3404e+06 4.64401e+06 4.69639e+06 4.12362e+06 3.94206e+06
internal_count=35920 2398 551 1847 1323 524 1227 387 33522 16310 8284 8026 7894 8100
cat_boundaries=0 1
cat_threshold=75
is_linear=0
shrinkage=0.05


Tree=224
num_leaves=15
num_cat=1
split_feature=23 30 26 9 20 11 26 18 20 19 14 27 1 6
split_gain=1163.89 1393.99 1257.77 1117.85 3351.79 1699.05 1911.38 1471.62 1481.52 1329.75 1573.56 638.684 822.982 1361.44
threshold=10.170567152485452 0 0.25000000000000017 0.14967138442708725 -0.024876270524701944 0.07129587195788821 1.0000000180025095e-35 0.37595173329403303 0.012741466478386202 -0.017991666024770748 2.3903428047784492 1.5000000000000002 16.271507969604979 15.951749892335336
decision_type=10 1 2 2 8 2 2 8 10 2 8 2 2 2
left_child=3 2 -2 4 -1 7 -7 8 9 -6 -11 12 13 -5
right_child=1 -3 -4 11 5 6 -8 -9 -10 10 -12 -13 -14 -15
leaf_value=0.00015675821718696801 0.0012539529821781249 -0.00035797213222697803 0.0069105140074333703 -0.0018408244040462368 -0.0017216951583124984 0.00083342048446744118 -6.2604960469522219e-05 6.5529112309279026e-05 -0.0002743049442692161 0.00012712106466227071 -0.00015941909532140051 -1.9650793582650477e-05 -0.0020241544496758363 0.0054127261190932445
leaf_weight=418445.5421295166 121603.81302833557 135434.65171813965 81691.100986480713 1550540.9514619112 159022.47244262695 339283.39407348633 384542.65634155273 454407.47241210938 433461.44749450684 259363.52877807617 142024.2371673584 19480828.048516273 228984.82055664062 89973.158203125
leaf_count=131 158 233 100 2947 121 125 138 164 179 122 176 31161 53 27
internal_value=9.35121e-06 0.00291972 0.0055376 -3.18264e-05 0.000949012 0.000159622 0.00213769 -0.000828983 -0.00190669 -0.000208907 0.00132412 -0.000150837 -0.00103362 -0.000641679
internal_weight=2.42796e+07 338730 203295 2.39409e+07 2.59055e+06 2.17211e+06 723826 1.44828e+06 993872 560410 401388 2.13503e+07 1.8695e+06 1.64051e+06
internal_count=35835 491 258 35344 1156 1025 263 762 598 419 298 34188 3027 2974
cat_boundaries=0 1
cat_threshold=10
is_linear=0
shrinkage=0.05


Tree=225
num_leaves=15
num_cat=0
split_feature=8 20 23 4 16 9 16 26 4 3 11 18 2 1
split_gain=1126.06 3036.04 2758.98 2029.87 2335.79 1227.17 1064.61 4021.66 2659.9 2527.44 1633.37 1410.7 1136.52 881.482
threshold=0.11511944646971077 -0.012654748388194097 2.8773835523188405 16.850127835172454 16.264812753376869 0.11252992811194856 18.435443290659602 0.25000000000000017 16.850127835172454 17.003614330794793 -0.006194589326005499 0.37595173329403303 16.846705175829062 16.84045422280521
decision_type=2 8 10 2 2 2 2 2 2 2 2 10 2 2
left_child=1 -1 3 4 -3 -2 8 -8 9 12 -9 -10 13 -7
right_child=5 2 -4 -5 -6 6 7 10 11 -11 -12 -13 -14 -15
leaf_value=0.00051847755738441189 -6.3497750189012926e-05 -0.0021988994540694451 -0.0013274283000240155 -2.30285696226667e-05 0.0010828562931669212 7.2629969826978993e-06 0.00045948229852777172 -0.0016739729942178072 -7.3552392385658872e-06 0.00038015694090517196 8.5129714386092631e-05 -0.00081694765844052177 -0.001872374568597392 -0.0022949412996116311
leaf_weight=442504.34695243835 185128.22972106934 132836.53257465363 556124.04900622368 607547.63720703125 361933.25397491455 19267801.087693334 456780.46514892578 298283.6416015625 621704.80493164062 171971.61206054688 265397.66143798828 572372.09375 194668.2177734375 87966.4970703125
leaf_count=196 64 232 610 109 176 33748 196 108 122 37 110 104 45 22
internal_value=1.76747e-05 0.00112389 0.00014209 0.00159062 0.00396822 -8.73837e-05 -5.31733e-05 0.00152379 -0.000130109 8.62812e-06 -0.00130181 -0.00242162 -4.44579e-05 -6.22636e-06
internal_weight=2.4223e+07 2.10095e+06 1.65844e+06 1.10232e+06 494770 2.21221e+07 2.19369e+07 1.02046e+06 2.09165e+07 1.97224e+07 563681 1.19408e+06 1.95504e+07 1.93558e+07
internal_count=35879 1323 1127 517 408 34556 34492 414 34078 33852 218 226 33815 33770
is_linear=0
shrinkage=0.05


Tree=226
num_leaves=15
num_cat=0
split_feature=20 10 23 10 26 9 5 0 6 23 0 19 11 11
split_gain=727.041 736.983 844.399 605.703 562.809 1607.56 2057.93 2374.33 2162.74 2044.84 3978.99 1584.92 2912.57 1442.41
threshold=0.075003129718802464 0.086143012586081313 2.5543468899421558 0.95361226560188606 -0.5 0.21622032195833482 17.126432758044093 16.99330550331128 16.80495009680509 2.5039231257198153 16.99330550331128 0.019257308454463853 -0.006194589326005499 -0.016257289874851599
decision_type=10 2 10 2 2 2 2 2 2 10 2 2 2 2
left_child=3 2 -2 4 13 9 7 8 -7 -6 11 -11 -13 -1
right_child=1 -3 -4 -5 5 6 -8 -9 -10 10 -12 12 -14 -15
leaf_value=9.6718644588952938e-05 -0.00035054696389447501 9.9369545671647085e-05 0.0002278543296552799 0.022280866606259508 8.9448548208661891e-06 1.0571286483794315e-05 -0.0031322017877772773 0.00042253231949343582 -0.0037848647014835745 3.6394528519115446e-05 0.00016535069617026673 -0.00026015999469568762 0.0054568666452716576 -0.00028124216727888894
leaf_weight=3722490.701870203 277759.16420459747 108386.58521366119 112601.09377861023 71187.710965156555 2082735.9645690918 11578181.383876443 297366.6884765625 151912.470703125 218152.90283203125 929108.61671066284 350349.78076171875 144990.96156311035 139385.59296417236 4124709.1150074005
leaf_count=5535 281 190 175 556 884 21196 52 32 45 871 53 125 113 5773
internal_value=-1.25227e-05 -0.00190185 -0.00291463 2.70521e-05 1.32424e-05 0.000184315 -9.01038e-05 1.21524e-05 -6.78332e-05 0.00110585 0.00247225 0.00111708 0.00438327 -0.000333215
internal_weight=2.43093e+07 498747 390360 2.38106e+07 2.37394e+07 1.58922e+07 1.22456e+07 1.19482e+07 1.17963e+07 3.64657e+06 1.56383e+06 1.21349e+06 284377 7.8472e+06
internal_count=35881 646 456 35235 34679 23371 21325 21273 21241 2046 1162 1109 238 11308
is_linear=0
shrinkage=0.05


Tree=227
num_leaves=15
num_cat=1
split_feature=19 7 4 0 6 20 19 0 17 29 9 6 19 23
split_gain=829.098 1852.48 2736.03 1530.8 1452.53 1265.87 1177.18 3658.27 1460.56 1349.81 3286.55 2430.76 1507.89 3984.35
threshold=-0.021836054212983447 15.949106681092259 15.932866114108959 17.419860989426706 17.351774198266824 -0.024876270524701944 0.0016775896035682502 16.99330550331128 0.39280578722323817 0 0.23204774798088268 16.199027200927723 0.014979895159869651 0.50349378463046413
decision_type=2 2 2 2 2 10 2 2 2 1 2 2 2 8
left_child=1 2 -1 4 6 -3 7 8 -2 10 -8 12 13 -12
right_child=3 5 -4 -5 -6 -7 9 -9 -10 -11 11 -13 -14 -15
leaf_value=-0.0002939253747729959 4.4018271841621205e-05 -7.3738120474809034e-05 0.0051719364907056057 0.00011230955852607683 -0.0042579318302103548 -0.0010530577704272789 0.0057334606737815758 0.00028109890239624949 0.00027802221750555534 -0.00016890148460936853 0.011289492170651986 -0.0031196793119000771 7.0681110644116153e-05 0.0019653644516106974
leaf_weight=4456403.5478380919 6388586.8087693453 710351.35034179688 70877.9912109375 656237.974609375 143380.9033203125 913322.40063476562 91164.572052001953 362275.501953125 291695.85461425781 8732882.3210883141 61891.6740193367 228852.13818359375 922613.45050084591 290590.8969271183
leaf_count=8613 10617 186 27 96 23 188 109 71 149 12807 89 66 2125 747
internal_value=-6.91213e-05 -0.000570873 -5.12295e-05 0.000100732 1.18956e-05 -0.00201979 5.3265e-05 0.000551723 0.000286345 -0.000286628 0.00105083 0.000492055 0.00134365 0.00412544
internal_weight=2.43211e+07 6.15096e+06 4.52728e+06 1.81702e+07 1.75139e+07 1.62367e+06 1.73706e+07 7.04256e+06 6.68028e+06 1.0328e+07 1.59511e+06 1.50395e+06 1.2751e+06 352483
internal_count=35913 9014 8640 26899 26803 374 26780 10837 10766 15943 3136 3027 2961 836
cat_boundaries=0 1
cat_threshold=40
is_linear=0
shrinkage=0.05


Tree=228
num_leaves=15
num_cat=1
split_feature=4 22 3 24 21 24 26 9 28 10 23 14 8 19
split_gain=1064.41 4181.83 1160.68 1968.6 2388.73 1066.67 1577.05 1177.27 2059.28 1569.05 1356.45 1053.67 994.947 1194.66
threshold=17.174121431257518 19.600808566351393 16.399633848597894 1.9434536580973651 10.714103478350465 12.944662958778151 -0.9330127018922193 0.19358036126114117 0 0.070235183018073813 4.9817173309635061 0.97333624632970117 0.14479226927996539 -0.0064566021574407996
decision_type=2 2 2 10 10 10 2 2 1 2 10 8 2 2
left_child=2 -2 5 4 -4 7 -7 8 -1 10 12 -12 13 -10
right_child=1 -3 3 -5 -6 6 -8 -9 9 -11 11 -13 -14 -15
leaf_value=-0.00022841561471760772 0.00017030440869770806 -3.2417913130375307e-05 -0.0001143053591516378 -0.00022001631669664456 0.00013872724898109486 0.012096894704983983 0.0014530274294695727 -0.00015069132809084724 0.0009912247755134529 0.00083308348326469181 0.00062951824087998092 0.0037485315641423034 -0.00065746266572022942 -0.00026762192904639657
leaf_weight=536671.22493362427 871787.21923828125 609325.15576171875 1016875.9711914062 1318594.7150878906 449945.04174804688 62188.340284347534 672757.332716465 17133979.537120938 259593.62268066406 317141.19451141357 70767.747894287109 111894.08982849121 427230.04654693604 304254.84133911133
leaf_count=874 149 92 226 313 96 116 1296 31623 135 182 102 156 234 177
internal_value=1.89189e-05 0.00131757 -6.58824e-05 -0.00102182 0.000238474 6.79443e-05 0.00193727 -3.75419e-06 0.00113554 0.00209157 0.00124843 0.00520771 0.000518711 0.00189772
internal_weight=2.4163e+07 1.48111e+06 2.26819e+07 2.78542e+06 1.46682e+06 1.98965e+07 734946 1.91615e+07 2.02755e+06 1.49088e+06 1.17374e+06 182662 991079 563848
internal_count=35771 241 35530 635 322 34895 1412 33483 1860 986 804 258 546 312
cat_boundaries=0 1
cat_threshold=37
is_linear=0
shrinkage=0.05


Tree=229
num_leaves=15
num_cat=0
split_feature=24 7 3 6 24 0 0 9 20 24 8 27 7 0
split_gain=1145.79 4834.98 1248.51 2184.34 1106.03 1287.43 1067.58 954.012 1600.24 1663.97 1565.92 2545.85 934.921 1804.28
threshold=0.80042292159832307 17.112074389479542 17.441669403438507 17.351774198266824 -0.04553885756598159 16.272741767951768 17.152781891435371 0.13823427102772126 0.05149265664784921 2.7657490059773351 0.096436427034499561 8.5000000000000018 13.058672633047452 13.322616594068213
decision_type=8 2 2 2 10 2 2 2 8 8 2 2 2 2
left_child=1 4 3 7 5 -1 -6 8 -2 -10 11 -9 13 -12
right_child=2 -3 -4 -5 6 -7 -8 10 9 -11 12 -13 -14 -15
leaf_value=-0.00066859086979816507 -0.0002401392800126323 0.00017563529940151017 -8.5042710064551472e-05 0.00034740015962275315 0.0003284525726468881 -0.0020022749244853421 -0.0021347880888691116 -2.9288127291955095e-05 0.0014626826173753035 -0.0032324232090541454 0.00047227202385493271 0.0010147376571509063 -0.00018227828649543961 0.011201485293890135
leaf_weight=1332261.3489999771 738954.76901245117 426851.08544921875 686330.56005859375 111035.36767578125 3015811.2571907043 177535.35864257812 81404.2978515625 215794.7635768652 62181.277359008789 90518.699356079102 4990789.7269831896 112407.08502519131 11906562.08392334 187538.51333618164
leaf_count=2654 346 75 98 18 4222 44 16 241 48 201 19614 158 7796 315
internal_value=-9.0133e-05 0.000580957 -0.000266981 -0.000188945 0.000109279 -0.00100033 0.00065018 -0.000231356 -0.00182652 0.00283313 -0.000149674 0.00327132 -0.000215392 0.000345462
internal_weight=2.4136e+07 5.03386e+06 1.91021e+07 1.84158e+07 4.60701e+06 1.5098e+06 3.09722e+06 1.83047e+07 891655 152700 1.74131e+07 328202 1.70849e+07 5.17833e+06
internal_count=35846 7011 28835 28737 6936 2698 4238 28719 595 249 28124 399 27725 19929
is_linear=0
shrinkage=0.05


Tree=230
num_leaves=15
num_cat=0
split_feature=5 4 7 27 2 6 23 5 8 25 8 2 11 20
split_gain=1444.99 1346.17 1636.49 941.829 1227.98 1963.97 1082.97 1579.38 1090.89 1032.62 1093.3 1333.64 1132.11 2401.82
threshold=17.374892477213375 17.458037941908348 17.374289654612713 1.5000000000000002 15.321986804136829 15.149957080825279 -1.8031698481729899 17.126432758044093 0.43818349540748464 0.93301270189221952 0.096436427034499561 16.995746452383802 0.032923249166138611 -0.014637462022848649
decision_type=2 2 2 2 2 2 8 2 2 2 2 2 2 8
left_child=1 2 3 4 5 -1 8 9 -5 10 12 -12 13 -8
right_child=-2 -3 -4 6 -6 -7 7 -9 -10 -11 11 -13 -14 -15
leaf_value=-0.0014914743547449986 -8.079078162037078e-05 -0.0009795618519872248 0.00031956732482135171 -0.00056852494893560278 -0.0014575847898287142 0.0060971839473187225 0.00037235412823120835 0.00026566252890838405 0.00051518034963170917 -0.00070501419374568346 5.0862284506454008e-05 -0.001135046235775901 0.00084511197271657868 -4.0289372720626877e-05
leaf_weight=1400017.1831554174 955927.7099609375 139194.1103515625 74245.91796875 1242845.0351543427 649830.30358886719 100061.77233886719 129384.225897789 505379.2431640625 799030.25824546814 1881776.8856954575 15729067.536245584 291550.79858398438 208513.31651639938 346199.00776517391
leaf_count=2983 140 24 12 1245 192 45 61 96 1999 2942 25726 61 186 366
internal_value=-0.000175003 -9.74778e-05 -6.82628e-05 -9.18959e-05 -0.00108893 -0.000302427 9.53081e-06 0.000126583 -0.00108493 5.15939e-05 0.000176679 9.30923e-05 0.00213417 0.000787356
internal_weight=2.4453e+07 2.34971e+07 2.33579e+07 2.32837e+07 2.14991e+06 1.50008e+06 2.11337e+07 1.90919e+07 2.04188e+06 1.85865e+07 1.67047e+07 1.60206e+07 684097 475583
internal_count=36078 35938 35914 35902 3220 3028 32682 29438 3244 29342 26400 25787 613 427
is_linear=0
shrinkage=0.05


Tree=231
num_leaves=15
num_cat=0
split_feature=21 19 4 19 1 4 3 16 24 25 3 21 17 11
split_gain=902.027 2679.27 3397.4 5884.99 2267.57 1154.46 1071.18 1703.38 1556.49 1018.1 3000.49 951.665 897.788 884.716
threshold=10.912215497723921 -0.020020769047220648 15.2679943451789 0.0076312335699731011 17.419860989426706 17.458037941908348 16.690778174436563 18.472836192843562 0.98668192129992016 -0.24999999999999997 16.690778174436563 10.867488701321804 0.012825767215475853 -0.44029923151382538
decision_type=10 2 2 2 2 2 2 2 10 2 2 10 2 2
left_child=4 5 13 -4 6 9 7 11 -8 10 -2 -1 -13 -3
right_child=1 2 3 -5 -6 -7 8 -9 -10 -11 -12 12 -14 -15
leaf_value=1.882417019414964e-06 -0.0010012773823553792 0.011188187511812674 0.00036053053623464205 7.4637231815926466e-07 0.00031479720937193051 -0.0012538330843330735 1.9841455014887404e-05 0.0008720816717047718 -0.00041337966521981268 -0.00089533094286446549 0.00048365798224977844 0.0012981384480766902 -0.003809368361418194 -0.00036927831738079852
leaf_weight=17552295.006984472 271292.2857465744 81804.043081998825 693826.021484375 786984.04138183594 99699.1640625 179333.8115234375 815651.67504882812 62142.580230712891 936254.90356445312 666871.89113712311 84181.76416015625 261529.21718788147 328572.58743286133 1464476.391515255
leaf_count=30061 409 353 145 165 16 25 162 41 195 790 17 706 250 2505
internal_value=3.41436e-05 0.000697777 0.00149074 0.00320243 -0.000105781 -0.00129974 -0.000143359 -2.97204e-05 -0.00132421 -0.000650657 0.00151049 -5.80268e-05 -0.00203303 -0.000148476
internal_weight=2.42849e+07 4.22877e+06 3.02709e+06 1.48081e+06 2.00561e+07 1.20168e+06 1.99564e+07 1.82045e+07 1.75191e+06 1.02235e+06 355474 1.81424e+07 590102 1.54628e+06
internal_count=35840 4409 3168 310 31431 1241 31415 31058 357 1216 426 31017 956 2858
is_linear=0
shrinkage=0.05


Tree=232
num_leaves=15
num_cat=0
split_feature=0 26 11 22 15 14 22 15 22 20 9 1 2 4
split_gain=1474.4 2825.94 1063.09 2027.01 1695.86 2476.7 2245.23 1435.28 2530.39 1362.29 1550.44 1273.76 1128.13 3855.53
threshold=16.99330550331128 1.0000000180025095e-35 -0.013392149411687048 17.241071435641139 19.125373234592548 1.4822394545021564 17.442235415899983 19.355727249030448 15.945632566334764 0.053354863296571957 0.13056622037921709 16.993748182993098 16.034497832506634 16.160271952234268
decision_type=2 2 2 2 2 8 2 2 2 10 2 2 2 2
left_child=2 -2 4 -4 11 -6 7 8 -7 10 -5 -1 13 -12
right_child=1 -3 3 9 5 6 -8 -9 -10 -11 12 -13 -14 -15
leaf_value=-3.8226767496924097e-05 0.00016800039003531767 -2.124853727904114e-05 -0.0011477033435867423 0.00069453344303813493 0.00053551504690404995 0.0031583253733384158 -9.0384166914734483e-05 0.00076846577655644965 0.0026055116862167133 -0.0005973482366535862 0.00033824411087859935 -0.0018717785206982249 -0.00029703482743242775 0.0039215760052919348
leaf_weight=6272449.2369856834 1156365.5046386719 1124290.005859375 5325501.0555853844 133757.64263916016 3095953.5927536488 184826.42214202881 351975.59088897705 114819.02272033691 273399.1555814743 432186.68858146667 4547216.7043199539 135831.8505859375 1112592.3591308594 67784.74658203125
leaf_count=12586 199 194 9966 108 3848 252 259 104 145 507 7335 28 295 21
internal_value=5.4059e-05 0.0012643 -7.11277e-05 -0.000400062 0.000295332 0.00110023 0.00337043 0.005301 0.0065536 0.000207437 0.00040719 -0.000209717 0.000282919 0.000627463
internal_weight=2.43289e+07 2.28066e+06 2.20483e+07 1.1619e+07 1.04293e+07 4.02097e+06 925020 573045 458226 6.29354e+06 5.86135e+06 6.40828e+06 5.72759e+06 4.615e+06
internal_count=35847 393 35454 18232 17222 4608 760 501 397 8266 7759 12614 7651 7356
is_linear=0
shrinkage=0.05


Tree=233
num_leaves=15
num_cat=1
split_feature=25 6 0 24 19 4 2 4 6 19 29 15 8 12
split_gain=1491.34 1675.43 1328.86 2346.31 1934.08 1615.72 890.037 1048.55 1018.47 888.677 1111.08 831.518 664.658 637.055
threshold=0.93301270189221952 16.80495009680509 16.845079520562013 2.0000789954627005 0.010748464346764752 16.850127835172454 16.995746452383802 16.546269291430637 16.422516562593881 0.061160380032340055 0 19.350799637334983 1.1582611969107299 6.5000000000000009
decision_type=2 2 2 8 2 2 2 2 2 2 1 2 2 2
left_child=2 9 5 4 -4 6 7 8 13 11 -11 12 -2 -1
right_child=1 -3 3 -5 -6 -7 -8 -9 -10 10 -12 -13 -14 -15
leaf_value=0.017113174190673371 -0.0016326542747905634 -0.0024898719915399017 0.00018038983759054386 -2.6558956847916017e-05 -6.4076051253608332e-07 -0.00059954207720301069 -0.0038548145648520517 0.00033135896193675304 -0.0010824922438623433 0.0078138042459319334 -0.00081370734744788578 0.0010901632924311178 0.0045729939878955458 -2.0041920300966811e-06
leaf_weight=169279.09026217461 1443658.3707756996 267669.3583984375 982026.7880859375 865544.6376953125 727656.4658203125 455962.76049804688 88271.491943359375 621634.80493164062 399518.83154296875 79154.731691837311 78918.773864746094 71554.847457885742 216324.98140382767 17902585.444955349
leaf_count=1849 1857 50 178 157 131 100 20 157 106 109 144 78 959 30042
internal_value=-4.26449e-05 -0.00129774 7.92505e-05 0.00114718 0.00222103 -6.07983e-05 9.12771e-06 3.22861e-05 -3.56882e-05 -0.000773306 0.00281544 -0.00110093 -0.00132841 1.95148e-05
internal_weight=2.43698e+07 2.15728e+06 2.22125e+07 2.57523e+06 1.70968e+06 1.96373e+07 1.91813e+07 1.9093e+07 1.84714e+07 1.88961e+06 158074 1.73154e+06 1.65998e+06 1.80719e+07
internal_count=35937 3197 32740 466 309 32274 32174 32154 31997 3147 253 2894 2816 31891
cat_boundaries=0 1
cat_threshold=5
is_linear=0
shrinkage=0.05


Tree=234
num_leaves=15
num_cat=0
split_feature=4 6 9 4 0 2 0 2 24 24 15 15 24 2
split_gain=2462.96 3512.16 2161.72 1050.29 1464.9 770.16 1051.33 1423.06 1148.44 681.992 826.975 1569.89 603.766 1375.52
threshold=17.010791597598551 17.351774198266824 0.17429314992524408 16.850127835172454 16.99330550331128 16.995746452383802 16.531633219399612 16.395876229078294 2.4100052801830851 23.043396053732206 19.335911568665306 19.274552379291809 -1.3336249092591048 14.977525524734654
decision_type=2 2 2 2 2 2 2 2 10 10 2 2 8 2
left_child=3 2 -2 4 5 6 7 9 -8 12 11 -11 13 -1
right_child=1 -3 -4 -5 -6 -7 8 -9 -10 10 -12 -13 -14 -15
leaf_value=0.00037640220115772434 5.2609101875093143e-05 -7.0262409511395076e-05 0.00018333364521691669 -0.00023245436288542822 0.00064082789892007277 -0.0022340783023817438 0.00018489601419676295 -0.00060229427857606582 -5.0156447995040023e-05 0.0027121188580009241 -0.0014319717082768588 0.0076445658287871698 -6.5833074416526508e-05 0.0086943715231675798
leaf_weight=173689.95397949219 720445.60009765625 898062.7412109375 512260.86791992188 609332.10400390625 177793.2119140625 164691.3564453125 403560.39990234375 660973.14208984375 445067.13061523438 151615.93927097321 124501.85247802734 96463.664306640625 19020281.165121555 56138.14404296875
leaf_count=467 137 130 101 128 38 36 101 182 113 358 121 88 33843 23
internal_value=2.26873e-05 0.0016461 0.00337876 -0.000133947 -7.58638e-05 -0.000113596 -8.70518e-05 -0.000159188 0.00163712 -8.23243e-05 0.00203646 0.00370523 -0.000123333 0.00242405
internal_weight=2.42149e+07 2.13077e+06 1.23271e+06 2.20841e+07 2.14748e+07 2.1297e+07 2.11323e+07 2.02837e+07 848628 1.96227e+07 372581 248080 1.92501e+07 229828
internal_count=35866 368 238 35498 35370 35332 35296 35082 214 34900 567 446 34333 490
is_linear=0
shrinkage=0.05


Tree=235
num_leaves=15
num_cat=0
split_feature=19 3 23 2 4 19 17 3 4 20 4 9 17 2
split_gain=1139 2510.66 3504.37 1271.85 2227.6 2072.47 2165.68 1485.89 1231.63 1552.99 1008.25 1511.19 900.355 2365.15
threshold=0.011194478362104751 16.850127835172454 2.5228400253385952 15.394373704489619 16.160271952234268 -0.020948958783492597 0.089787192288697915 15.929254580614556 15.403376953653414 0.015635392412614853 15.158023965317618 0.34163992465857956 0.16142613779182863 17.154710110999769
decision_type=2 2 10 2 2 2 2 2 2 8 2 2 2 2
left_child=1 3 -3 8 7 -6 -7 10 -1 -10 -5 -12 13 -2
right_child=12 2 -4 4 5 6 -8 -9 9 -11 11 -13 -14 -15
leaf_value=0.00019492452032643807 -0.00017122801088495228 -7.0036888212076031e-06 0.00018611723380496583 -0.0023954722802742444 -0.00094566108906492209 -6.0304905809178136e-05 0.00051234974968928672 -0.0032251770193024391 0.00470211433779747 -5.7139316222318868e-05 -0.0009589227732289189 0.0015993908336197358 -0.00017485437569195108 0.00027059767873084195
leaf_weight=10157180.820899606 6802397.1293119192 918002.267578125 863868.73803710938 275976.01635742188 599962.39697265625 426118.728515625 477507.71142578125 586672.97314453125 231099.83374023438 243748.50122070312 348750.58459472656 285911.81274414062 1712784.1329956055 114116.51953125
leaf_count=21282 12278 171 150 135 156 117 127 186 107 112 139 117 651 21
internal_value=-1.4856e-05 0.000242626 0.00200765 1.19309e-05 -0.000897094 0.000462329 0.0019749 -0.00226222 0.000268504 0.00275743 -0.000997968 9.91284e-05 -0.000474805 -0.000220651
internal_weight=2.40441e+07 1.54148e+07 1.78187e+06 1.36329e+07 3.0009e+06 1.50359e+06 903626 1.49731e+06 1.0632e+07 474848 910638 634662 8.6293e+06 6.91651e+06
internal_count=35749 22799 321 22478 977 400 244 577 21501 219 391 256 12950 12299
is_linear=0
shrinkage=0.05


Tree=236
num_leaves=15
num_cat=1
split_feature=8 24 14 29 10 18 14 4 18 18 20 9 4 23
split_gain=1700.8 2720.9 5746.23 1796.91 2075.45 3033.35 2003.88 2564.22 1742.77 1617.46 1512.09 1250.52 1242.81 1524.76
threshold=0.17089620152691587 0.18163509864909802 1.888658336122176 0 0.027005861573130053 0.57030531361969972 2.3802010571671852 15.670746037891478 0.58877922785088854 0.27818051714576264 0.050166488790925008 0.20711755430775916 16.850127835172454 -0.11178738457707753
decision_type=2 8 8 1 2 10 8 2 10 8 10 2 2 10
left_child=1 2 -1 4 8 -6 10 -8 9 11 12 -3 13 -5
right_child=-2 3 -4 6 5 -7 7 -9 -10 -11 -12 -13 -14 -15
leaf_value=0.00082351480320492229 -7.066007084164992e-05 -0.0028745562639947639 -0.00011213383219533199 0.0013071332884946232 0.00014227454507658468 -1.4526320376245151e-07 -0.00012600470437379584 0.002182357830779687 0.00017278964499932713 -0.0011938622760380233 0.0001672929993427542 3.8996451643910907e-05 -0.00027247500781547141 -0.00017086441356921618
leaf_weight=326496.41605377197 18848668.232735634 105688.83061218262 327452.43804931641 205289.1766242981 376831.81609344482 297680.71893310547 226667.37996530533 190852.79760742188 260030.25142288208 348980.35876464844 205624.1455078125 108915.23457229137 639254.15356445312 1786512.7848160267
leaf_count=125 32560 131 172 149 181 78 622 48 112 77 84 72 126 1312
internal_value=5.55344e-05 0.00083732 0.00386116 0.000421222 0.00185416 0.00391062 -0.000238459 0.00299562 0.000170001 -0.00139228 -0.000714471 0.00202349 -0.00103719 -0.00042156
internal_weight=2.42549e+07 5.40628e+06 653949 4.75233e+06 1.49813e+06 674513 3.2542e+06 417520 823615 563584 2.83668e+06 214604 2.63106e+06 1.9918e+06
internal_count=35849 3289 297 2992 651 259 2341 670 392 280 1671 203 1587 1461
cat_boundaries=0 1
cat_threshold=88
is_linear=0
shrinkage=0.05


Tree=237
num_leaves=15
num_cat=1
split_feature=11 28 0 3 19 0 26 11 22 8 16 22 8 9
split_gain=914.716 1244.99 1867.06 1482 1018.28 1085.66 1011.15 1758.41 1740.5 1625.42 1494.25 3426.9 3276.97 5729.03
threshold=0.24979590169874569 0 15.669470324654373 15.473514183262067 -0.013532994891894247 16.036713423938284 0.6830127018922193 0.21978652809335134 18.647042967283316 0.11951887288854611 18.314513342829532 19.617331230798943 0.23088992128660898 0.19777931787046935
decision_type=2 1 2 2 2 2 2 2 2 2 2 2 2 2
left_child=6 4 3 -3 5 -2 10 8 -8 -10 -1 12 13 -12
right_child=1 2 -4 -5 -6 -7 7 -9 9 -11 11 -13 -14 -15
leaf_value=6.8569864805779424e-05 0.0012539056995377635 -0.0017427447913195761 -0.0035534189697578921 0.0053296061713206597 -0.00048242413991623156 0.00023348988338821471 1.0764382291421564e-05 0.0013126699260766774 1.0564672336533306e-05 -0.0028157156260796637 2.4823295835231118e-05 -0.0014608073153700345 -4.487465487027505e-05 0.00068442104885354312
leaf_weight=12788601.436317325 618442.96752691269 2264905.0461463928 429801.15869140625 130229.16101074219 1055474.9424133301 97125.890869140625 3425223.0166136026 179074.45410823822 321541.26899719238 1024571.780151844 778376.37707519531 338903.87463378906 403735.42193603516 359387.73910522461
leaf_count=19423 1804 4013 132 56 2939 23 5588 215 119 850 223 112 207 111
internal_value=7.63225e-05 -0.000558601 -0.00121019 -0.000665672 0.000480729 0.00193682 0.000225058 -0.000392837 -0.000575398 -0.00209872 0.000433581 0.00174961 0.00275045 0.00412372
internal_weight=2.42154e+07 4.59598e+06 2.82494e+06 2.39513e+06 1.77104e+06 715569 1.96194e+07 4.95041e+06 4.77134e+06 1.34611e+06 1.4669e+07 1.8804e+06 1.5415e+06 1.13776e+06
internal_count=35815 8967 4201 4069 4766 1827 26848 6772 6557 969 20076 653 541 334
cat_boundaries=0 1
cat_threshold=103
is_linear=0
shrinkage=0.05


Tree=238
num_leaves=15
num_cat=0
split_feature=9 20 11 20 14 26 2 10 2 16 0 1 16 1
split_gain=1327.8 2007.18 2223.48 4323.8 3209.26 3500.86 1224.25 1166.49 1098.09 2086.28 2007.16 769.012 807.674 1211.58
threshold=0.14967138442708725 -0.025401344789704895 0.032923249166138611 0.00036693853648560006 1.6000888407061888 -0.24999999999999997 16.846705175829062 -0.024163792367961994 16.684382928863482 18.342196337377381 16.531633219399612 16.683255881525024 18.435443290659602 14.779397460058892
decision_type=2 8 2 10 10 2 2 2 2 2 2 2 2 2
left_child=1 -1 4 -4 5 -3 7 -6 10 -10 11 12 -2 -14
right_child=8 2 3 -5 6 -7 -8 -9 9 -11 -12 -13 13 -15
leaf_value=0.00016448664306909644 -1.4195302604112051e-05 -0.00013828055788203095 -3.1060601050203909e-06 0.00034144977055950592 -0.0031376514046845489 0.00013299869312507456 -0.0012268010165494166 0.00012848589579369374 -0.00029772633621633483 1.2709420533187025e-06 0.00064849013135307777 -0.0073677549197433429 -0.00029476849681098942 0.0018941626094802517
leaf_weight=426396.34596252441 18972680.804399967 157715.50350952148 485139.27654266357 389444.02908325195 148969.34272766113 246021.34320068359 347193.85546875 267766.43159484863 967220.45581054688 985286.16723632812 497175.26293945312 77055.9970703125 177838.18646240234 112359.69409179688
leaf_count=128 33759 132 180 138 112 191 66 174 197 176 130 20 212 49
internal_value=7.88056e-05 0.00117782 0.000526359 0.00243266 -0.000901461 0.00270425 -0.00280708 -0.000980097 -4.57064e-05 -0.00117708 6.56516e-05 -1.49881e-05 4.95308e-06 0.0026228
internal_weight=2.42583e+07 2.46865e+06 2.04225e+06 874583 1.16767e+06 403737 763930 416736 2.17896e+07 1.95251e+06 1.98371e+07 1.93399e+07 1.92629e+07 290198
internal_count=35664 1121 993 318 675 323 352 286 34543 373 34170 34040 34020 261
is_linear=0
shrinkage=0.05


Tree=239
num_leaves=15
num_cat=0
split_feature=17 26 16 25 19 2 8 11 15 23 0 6 23 23
split_gain=1308.38 2449.95 5901.79 1674.75 1397.82 1052.91 1666.46 1855.9 1696.1 1380.07 1706.74 1523.78 1403.35 1319.24
threshold=0.35659849993124221 1.0000000180025095e-35 18.314513342829532 1.0000000180025095e-35 0.00029145502070358038 14.590350457736251 0.15974792189108142 0.13055797970242278 19.335911568665306 2.5830001599057755 16.272741767951768 17.127461868750938 1.8140463560826752 0.86064595097143159
decision_type=2 2 2 2 2 2 2 2 2 10 2 2 10 10
left_child=5 2 3 -2 -3 -1 7 9 -8 11 -11 12 13 -7
right_child=1 4 -4 -5 -6 6 8 -9 -10 10 -12 -13 -14 -15
leaf_value=0.0003151915277007275 0.00029221712173995004 2.5297117281701317e-05 0.00041016160884616753 -0.0024704024859149923 -0.0005811883422242941 -1.9315362012962345e-06 -0.00017661525092732615 0.00013447488106414247 -0.0016020044644903927 -0.00033671576348459897 0.000182132496725031 -0.00016989770620796219 -0.00086382948958878725 0.00052845360863892931
leaf_weight=12890306.732397318 227331.85125732422 622632.90991210938 402684.41717529297 307712.18542480469 365243.87933349609 415688.08630371094 5309629.3448486328 637059.3955078125 1050163.1215820312 349365.51818847656 441678.89331054688 524371.4921875 373778.54028320312 321342.64538574219
leaf_count=31596 108 217 95 136 128 138 2333 195 449 177 88 89 116 92
internal_value=-3.20931e-05 0.00121839 0.00304893 -0.000392278 -0.000519215 -0.000140008 -0.000541722 0.000416351 -0.00100319 -0.000214285 0.00150021 -0.0010437 4.99134e-06 0.00127059
internal_weight=2.4239e+07 1.92561e+06 937728 535044 987877 2.23134e+07 9.42308e+06 3.06328e+06 6.35979e+06 2.42623e+06 791044 1.63518e+06 1.11081e+06 737031
internal_count=35957 684 339 244 345 35273 3677 895 2782 700 265 435 346 230
is_linear=0
shrinkage=0.05


Tree=240
num_leaves=15
num_cat=0
split_feature=16 19 25 4 19 19 8 24 2 19 24 2 4 8
split_gain=836.123 1554.52 2156.31 1018.21 1810.12 2670.24 5140.02 1920.21 2047.36 1881.86 2353.88 1288.04 2057.76 2042.77
threshold=18.472836192843562 -0.015250994280609949 -0.5 16.160271952234268 0.0039419723110017506 -0.015250994280609949 0.15560614218777458 0.98668192129992016 16.684382928863482 0.024055411823719303 1.9088804994597053 15.321986804136829 15.403376953653414 0.38093076367577544
decision_type=2 2 2 2 2 2 2 10 2 2 10 2 2 2
left_child=3 -2 -3 11 5 7 -7 -5 -9 -6 -11 12 -1 -14
right_child=1 2 -4 4 9 6 -8 8 -10 10 -12 -13 13 -15
leaf_value=8.7571258657838209e-05 -0.00019881432281995275 0.00019875148327834076 -0.0037435193808135186 0.00029973482675109409 -0.00019429059056840151 -8.4042642510677908e-06 0.00047104890420981602 0.00017480128014119083 -0.0010216602028964208 -7.6798528880408305e-05 0.00016411162185662399 -0.0003302827870303492 0.0024988490394330684 -0.00023668494980304684
leaf_weight=15499849.946694613 348734.19161987305 380073.55783081055 308913.35461425781 446307.85302734375 784011.02124023438 552549.41381835938 605271.21997070312 436533.11328125 508355.6904296875 660776.341796875 447166.35668945312 2622168.0935058594 366387.97229003906 236649.76403808594
leaf_count=33105 125 135 110 98 178 124 149 122 99 145 104 1033 177 116
internal_value=0.000114538 -0.00127397 0.000102822 0.000176736 0.000857403 0.00172707 0.00350098 0.000250735 -0.00102593 -0.000314295 0.00101222 1.53044e-05 0.000182645 0.00304819
internal_weight=2.42037e+07 1.03772e+06 688987 2.3166e+07 4.44097e+06 2.54902e+06 1.15782e+06 1.3912e+06 944889 1.89195e+06 1.10794e+06 1.87251e+07 1.61029e+07 603038
internal_count=35820 370 245 35450 1019 592 273 319 221 427 249 34431 33398 293
is_linear=0
shrinkage=0.05


Tree=241
num_leaves=15
num_cat=0
split_feature=2 3 10 0 4 23 23 3 4 2 0 19 2 2
split_gain=1404.94 2123.9 957.242 1034.87 1798.84 1239.62 1270.18 2799.34 942.987 837.323 2587.03 1030.44 833.307 2229.6
threshold=17.423965936235351 17.168440301826585 -0.5175113698312418 17.152781891435371 17.010791597598551 6.7048748567085958 6.7776371437129308 15.096941483212452 12.58718965953719 12.895289633280436 12.359274614938025 -0.0099925694715324986 16.995746452383802 16.846705175829062
decision_type=2 2 2 2 2 10 10 2 2 2 2 2 2 2
left_child=1 2 8 4 5 12 7 -7 -1 10 -8 -12 13 -4
right_child=-2 -3 3 -5 -6 6 9 -9 -10 -11 11 -13 -14 -15
leaf_value=0.0012517966738458145 -5.2786703618780725e-05 0.00012718720611158701 -4.0483980526092949e-05 -0.00011407671820221626 7.8867449232479723e-05 -0.000337734200912658 0.00048465778377358682 0.003986381231442712 -0.0047935920677130159 2.2645660051188698e-05 0.012649070043214332 0.0068081659878144636 -0.00084489546449227041 0.00068209063842521113
leaf_weight=832108.4478250742 856136.71435546875 797354.4560546875 17164400.953315616 395275.533203125 526737.41381835938 122833.86117839813 441058.03189659119 86859.402709960938 1163674.4657897949 1346494.2960205078 83459.545684814453 104656.74829101562 244367.54321289062 282079.94946289062
leaf_count=4605 125 144 25548 76 109 215 2306 32 1214 1037 155 191 52 62
internal_value=6.26443e-05 0.000134851 4.61197e-05 0.000146492 0.000195583 0.000119156 0.00124262 0.00494265 -0.000999869 0.00084991 0.00235574 0.00726505 -1.9627e-05 2.09861e-05
internal_weight=2.44475e+07 2.35914e+07 2.2794e+07 2.07982e+07 2.04029e+07 1.98762e+07 2.18536e+06 209693 1.99578e+06 1.97567e+06 629174 188116 1.76908e+07 1.74465e+07
internal_count=35871 35746 35602 29783 29707 29598 3936 247 5819 3689 2652 346 25662 25610
is_linear=0
shrinkage=0.05


Tree=242
num_leaves=15
num_cat=0
split_feature=22 20 10 15 15 4 4 19 21 20 24 17 0 3
split_gain=1513.54 1988.35 1335.07 2240.75 3748.27 2744.38 3565.73 1649.05 4118.24 3065.38 1809.9 2019.47 1255.43 2360.92
threshold=18.23660098240634 -0.06719629031158833 0.04619646019654141 19.302950998284398 19.228329333847224 17.174121431257518 16.546269291430637 -0.020020769047220648 11.248931230929697 -0.026257100531644196 0.60932200920351154 0.089787192288697915 16.395026300101303 15.929254580614556
decision_type=2 8 2 2 2 2 2 2 10 8 10 2 2 2
left_child=-1 -2 7 4 5 6 12 10 9 -9 -3 -12 13 -4
right_child=1 2 3 -5 -6 -7 -8 8 -10 -11 11 -13 -14 -15
leaf_value=-0.0001395305371035479 0.00041993355721308941 0.00036786911597631666 0.0010307589753931231 -0.00024731337872241577 0.0012573790244593801 -0.00035908807851708441 0.00074608246631046313 0.00030590658203749919 0.00068183385798402027 -3.7256840938184217e-05 0.0013821307558368461 -0.0007565736905126222 -0.0015110467847910488 0.00024560570265543983
leaf_weight=16090113.442624569 175482.22944641113 256651.80474853516 1209788.6788609028 505510.73308563232 232242.80405044556 247821.3232421875 496971.03466796875 183685.48915100098 194680.81787109375 3360844.1463717222 376093.30480861664 693852.79638671875 194239.60375976562 98169.69921875
leaf_count=28414 113 107 2418 249 141 43 105 102 75 3040 835 243 52 31
internal_value=5.82394e-05 0.00060994 0.000495171 0.00133401 0.00195263 0.0013276 0.00194283 9.30461e-07 0.000538262 0.00014938 -0.00151362 -0.00241814 0.000728265 0.00128529
internal_weight=2.43161e+07 8.22603e+06 8.05055e+06 2.98474e+06 2.47923e+06 2.24699e+06 1.99917e+06 5.06581e+06 3.73921e+06 3.54453e+06 1.3266e+06 1.06995e+06 1.5022e+06 1.30796e+06
internal_count=35968 7554 7441 3039 2790 2649 2606 4402 3217 3142 1185 1078 2501 2449
is_linear=0
shrinkage=0.05


Tree=243
num_leaves=15
num_cat=0
split_feature=0 20 24 15 5 15 16 5 27 3 4 4 7 15
split_gain=1476.88 4046.05 2095.54 1859.86 1679.52 1675.59 850.253 2292.89 766.034 725.835 1344.81 1105.05 1303.04 1836.14
threshold=16.531633219399612 0.030979115423930954 1.9088804994597053 18.084418670438271 16.441159161427745 19.154990282375522 18.435443290659602 14.928534728337596 7.5000000000000009 16.153319173089113 16.278214614679609 15.567207011766561 15.49980154218404 19.282122796127904
decision_type=2 8 10 2 2 2 2 2 2 2 2 2 2 2
left_child=4 2 3 -2 6 -5 9 -8 -4 11 -11 -1 -13 -14
right_child=1 -3 8 5 -6 -7 7 -9 -10 10 -12 12 13 -15
leaf_value=-0.00012515738592624431 0.00031902402649151834 7.2435763223140145e-05 -6.6972625770745782e-06 -0.00017013305886212946 -0.0013816660492243058 0.00014031045521595024 -0.00089992515603598252 0.0011954931329567486 -0.0003140704516157254 -0.0011798673445213301 8.1909096915362838e-05 0.0026680854393011065 -0.0001774013644111856 0.0030738249062286721
leaf_weight=16803621.947518349 569272.21044921875 701208.9599609375 767821.07543945312 698971.92041015625 389495.798828125 690482.42163085938 230274.4655456543 107318.5888671875 524772.92358398438 573964.77709960938 531430.33544921875 320739.70727539062 962809.8046875 345912.1650390625
leaf_count=33543 116 164 144 129 100 122 269 46 103 177 149 156 333 120
internal_value=5.17488e-06 0.000889301 0.000146381 0.00117756 -0.000167262 0.000191366 -0.000103543 0.00238433 -0.00141621 -0.000146529 -0.001391 -7.19011e-05 0.0011713 0.000471328
internal_weight=2.42181e+07 3.95253e+06 3.25132e+06 1.95873e+06 2.02656e+07 1.38945e+06 1.98761e+07 337593 1.29259e+06 1.95385e+07 1.1054e+06 1.84331e+07 1.62946e+06 1.30872e+06
internal_count=35671 778 614 367 34893 251 34793 315 247 34478 326 34152 609 453
is_linear=0
shrinkage=0.05


Tree=244
num_leaves=15
num_cat=0
split_feature=3 1 0 20 8 18 24 20 4 3 6 18 0 20
split_gain=1068.78 1431.47 680.918 1643.16 2783.29 2677.03 4027.9 2078.57 1033.85 1737.92 1255.63 857.865 2443.28 937.591
threshold=17.441669403438507 17.419860989426706 16.272741767951768 0.030979115423930954 0.1987290366279422 0.27818051714576264 1.4547165740020251 -0.0074388590366343986 16.696051016634417 16.850127835172454 16.310251285128391 0.085194302281984755 15.391705729975646 0.015635392412614853
decision_type=2 2 2 8 2 10 10 10 2 2 2 10 2 10
left_child=1 2 8 5 -5 6 -4 -7 9 10 11 12 -1 -13
right_child=-2 -3 3 4 -6 7 -8 -9 -10 -11 -12 13 -14 -15
leaf_value=0.00057375522945888224 -1.6558955291002765e-05 0.0001801134868438808 -0.000364067148226402 9.9066643484835149e-05 -0.00024283316015255463 5.342063268127033e-05 0.00013048047644437734 -0.00032106595898002765 -0.0057828466473994269 0.0031951328052637301 -0.0041192368307224588 -6.143694210203763e-05 0.00045401072015136402 -0.00097565607496228907
leaf_weight=4964255.9010672569 864923.630859375 244864.82275390625 653124.2783203125 587847.34716796875 481585.8857421875 576513.40869140625 550352.78540039062 812569.11840820312 109042.50512695312 58975.341552734375 254535.7998046875 11522433.769874573 97963.158447265625 2503680.3707466125
leaf_count=17653 125 41 148 136 139 129 124 175 30 15 72 14585 43 2498
internal_value=-5.11972e-05 1.25532e-05 -2.76316e-05 0.000597983 0.00224705 -8.22596e-05 0.00164388 -0.00157776 -0.000145053 -0.000117767 -0.000143897 -9.73781e-05 0.00046057 -0.000298749
internal_weight=2.42827e+07 2.34177e+07 2.31729e+07 3.66199e+06 1.06943e+06 2.59256e+06 1.20348e+06 1.38908e+06 1.95109e+07 1.94018e+07 1.93429e+07 1.90883e+07 5.06222e+06 1.40261e+07
internal_count=35913 35788 35747 851 275 576 272 304 34896 34866 34851 34779 17696 17083
is_linear=0
shrinkage=0.05


Tree=245
num_leaves=15
num_cat=1
split_feature=15 2 7 15 29 10 8 25 25 1 23 14 4 24
split_gain=796.256 1282.83 1466.61 983.439 863.003 790.182 733.239 664.203 1107.1 3421.03 997.509 3003.99 6612.18 1373.54
threshold=19.366258896332727 14.590350457736251 14.295040494504699 19.359974475038499 0 0.011719134432248651 0.16724521322826488 0.93301270189221952 0.68301270189221941 17.151381608784849 6.0182799744343756 2.1819686530605842 16.045152042135335 0.53553793161880658
decision_type=2 2 2 2 1 2 2 2 2 2 10 10 2 8
left_child=3 2 -2 7 -5 -3 -7 8 -1 10 13 -12 -13 -10
right_child=1 5 -4 4 -6 6 -8 -9 9 -11 11 12 -14 -15
leaf_value=-4.6865261443998537e-06 -0.00076811461285937726 -0.0032088910070759385 0.012651967522205741 0.012498246646861378 -3.6725862388158652e-05 0.00033801333757959651 -0.0013688400820675792 -0.00038481059900909674 0.00070981438718359261 0.00049464329938337151 0.0015004983960970988 6.9329049824352163e-05 0.0042336550364092595 -4.9961407812376105e-05
leaf_weight=16052441.719812036 760533.23001480103 377742.47277832031 134218.77697753906 115780.47076416016 126107.96933746338 275669.8056640625 430705.46130371094 2213986.9965324402 620527.93069124222 186964.966796875 469366.45870542526 69992.458430767059 33639.44677734375 2651243.3348441124
leaf_count=24802 1316 136 92 117 116 71 190 3218 890 29 814 304 9 3986
internal_value=3.71066e-06 -0.000957934 0.000443373 8.81368e-05 0.00325912 -0.00211447 -0.00112734 5.37383e-05 0.000144342 0.000885075 0.000563896 0.00248835 0.010193 0.000226858
internal_weight=2.45189e+07 1.97887e+06 894752 2.25401e+07 241888 1.08412e+06 706375 2.22982e+07 2.00842e+07 4.03173e+06 3.84477e+06 572998 103632 3.27177e+06
internal_count=36090 1805 1408 34285 233 397 261 34052 30834 6032 6003 1127 313 4876
cat_boundaries=0 1
cat_threshold=74
is_linear=0
shrinkage=0.05


Tree=246
num_leaves=15
num_cat=0
split_feature=2 25 0 7 0 27 8 2 18 18 8 25 20 14
split_gain=1217.71 2933.87 1285.88 1234.53 1129.39 1995.72 2376.15 1665.4 1353.05 1902.63 1311.43 1137.67 824.237 771.037
threshold=16.995746452383802 0.25000000000000011 16.99330550331128 16.984176737668555 15.801121753769563 8.5000000000000018 0.15185011459021117 15.801121753769563 0.65138207732360065 0.96382019581337286 0.20245117395667769 -0.6830127018922193 0.06969990330654012 1.6953518466814177
decision_type=2 2 2 2 2 2 2 2 10 10 2 2 10 10
left_child=2 13 3 4 7 8 -7 12 10 -10 -6 -8 -1 -2
right_child=1 -3 -4 -5 5 6 11 -9 9 -11 -12 -13 -14 -15
leaf_value=2.8271347773633568e-05 -1.1451570063965401e-05 1.8788301784839486e-05 8.9809153776976254e-05 -0.00014823157038212491 0.00013806285443515541 0.00017901811328902147 -0.0016219675109858762 -0.0054983136334229039 -0.00028014266140155168 6.3266082534351383e-05 -0.00013981225600051244 0.0014805791266447926 -0.0029139549294672916 -0.0012559403910576256
leaf_weight=17012560.868782878 679624.74658203125 912482.646484375 440798.86987304688 209441.76123046875 628503.73706054688 404696.97802734375 340010.85046386719 492702.349609375 757792.98693847656 560398.20666503906 437004.64916992188 327218.90747070312 432016.73833799362 686953.9677734375
leaf_count=33415 107 157 91 41 176 109 106 180 216 178 123 103 791 129
internal_value=-2.44821e-05 -0.00112475 8.92757e-05 3.47246e-05 7.21243e-05 0.000899822 0.00269166 -8.73322e-05 9.40489e-05 -0.000976954 0.00141904 0.000858289 -6.36415e-06 -0.00259066
internal_weight=2.43222e+07 2.27906e+06 2.20431e+07 2.16023e+07 2.13929e+07 3.45563e+06 1.07193e+06 1.79373e+07 2.3837e+06 1.31819e+06 1.06551e+06 667230 1.74446e+07 1.36658e+06
internal_count=35922 393 35529 35438 35397 1011 318 34386 693 394 299 209 34206 236
is_linear=0
shrinkage=0.05


Tree=247
num_leaves=15
num_cat=1
split_feature=9 10 16 24 0 19 11 9 10 17 17 26 28 9
split_gain=1953.56 2382.97 2604.46 2911.27 1926.2 3427.89 1685.46 1029.69 1006.42 2072.9 982.985 939.57 1018.55 972.554
threshold=0.19358036126114117 -0.069757182762370543 18.435443290659602 -0.021237342309276347 16.845079520562013 0.046605178120161704 0.21005825356249727 0.19777931787046935 -0.38743022489779827 0.025115221429542155 0.22636566645953302 -0.24999999999999997 0 0.13823427102772126
decision_type=2 2 2 8 2 2 2 2 2 2 2 2 1 2
left_child=1 -1 3 -3 5 6 11 -2 9 -9 -11 12 -5 -13
right_child=7 2 -4 4 -6 -7 -8 8 -10 10 -12 13 -14 -15
leaf_value=-5.4743523679360307e-05 -0.0031535900296426576 0.00017786594500598189 -2.3849921709680633e-05 0.00031883158768612638 0.00010544163178777106 0.002246242691400321 0.0011023649435840475 1.0268727355631155e-05 1.6430891509943176e-05 -0.0074912178260154259 -0.00027234474481026711 -0.00040453735578756961 -0.00082083076083857968 0.00024863580166298196
leaf_weight=1131225.548828125 205195.12716674805 381376.38305664062 503346.67590332031 132714.98391723633 825708.619140625 136016.51920318604 177575.73205566406 2022447.6886808872 16503845.584403396 745366.57597351074 295604.505859375 298039.78514099121 454001.14823150635 569018.31763076782
leaf_count=577 145 154 127 78 154 103 161 6611 25922 666 135 254 366 432
internal_value=8.24921e-05 0.00100949 0.0016579 0.00222076 0.00162087 0.000689409 5.3577e-05 -0.000133594 -9.66446e-05 -0.000928952 -0.00274186 -0.000508116 -0.00205336 0.000537509
internal_weight=2.43815e+07 4.60902e+06 3.4778e+06 2.97445e+06 2.59308e+06 1.76737e+06 1.63135e+06 1.97725e+07 1.95673e+07 3.06342e+06 1.04097e+06 1.45377e+06 586716 867058
internal_count=35885 2406 1829 1702 1548 1394 1291 33479 33334 7412 801 1130 444 686
cat_boundaries=0 1
cat_threshold=544
is_linear=0
shrinkage=0.05


Tree=248
num_leaves=15
num_cat=0
split_feature=9 20 19 4 19 2 16 15 17 24 24 17 4 15
split_gain=869.966 2336.36 1381.99 2093.42 2053.03 3070.66 7055.82 1697.32 1582.36 1237.7 1180.17 1144.3 1113.65 959.528
threshold=0.18890454628559564 0.054201319816996753 -0.019356527226552598 15.001491175378113 -0.0099925694715324986 16.995746452383802 17.298855028885153 18.066309886170984 0.20768332176806251 1.5968982021809051 2.8478999871834905 0.35659849993124221 14.432270155726421 19.203026137930177
decision_type=2 10 2 2 2 2 2 2 2 10 10 2 2 2
left_child=1 2 3 12 5 6 -4 11 9 -9 -11 -6 -1 -5
right_child=-2 -3 4 13 7 -7 -8 8 -10 10 -12 -13 -14 -15
leaf_value=0.00028943930592457279 -2.2434508600696246e-05 0.00011385537745897553 0.00032751028799954271 -0.00034413593247305892 -9.9289931045624946e-05 -0.00014108388797796659 0.00028598155706255265 -0.00013829632104083803 0.00010200056254574745 5.0799107331147577e-05 -8.2605004542854807e-05 -0.00054169538321928641 0.0039370739437778633 -7.5258061203234243e-05
leaf_weight=134720.70327758789 19945414.070551753 326084.29103088379 296501.64252853394 558405.67028808594 515638.08924865723 203156.6689453125 189807.23297119141 429165.37976074219 360529.6474609375 280829.47071838379 267071.0732421875 311295.21514892578 86429.651489257812 414804.83996582031
leaf_count=314 33643 128 244 161 654 35 77 128 56 85 161 86 55 85
internal_value=6.96347e-05 0.000708194 0.000380246 -0.0010478 0.000977864 0.00335397 0.00551067 0.000221005 0.00132189 0.000277246 0.00185224 -0.00155972 0.00334347 -0.00204566
internal_weight=2.43199e+07 4.37444e+06 4.04836e+06 1.19436e+06 2.85399e+06 689466 486309 2.16453e+06 1.3376e+06 977066 547901 826933 221150 973211
internal_count=35912 2269 2141 615 1526 356 321 1170 430 374 246 740 369 246
is_linear=0
shrinkage=0.05


Tree=249
num_leaves=15
num_cat=0
split_feature=15 1 0 19 4 19 15 7 19 4 15 0 1 0
split_gain=971.447 1122.69 1423.59 844.552 1795.66 3802.98 3404.72 1982.15 1626.16 1265.63 1140.42 996.18 1699.37 2049.66
threshold=19.366258896332727 16.271507969604979 15.92068809672695 0.011194478362104751 16.160271952234268 -0.0059187558919284993 18.066309886170984 16.108608577680538 -0.017991666024770748 16.850127835172454 19.360877792805137 14.973446251466557 14.13176208655887 14.095288981428773
decision_type=2 2 2 2 2 2 2 2 2 2 2 2 2 2
left_child=3 2 -2 4 7 6 -6 10 -8 -5 11 12 13 -1
right_child=1 -3 -4 9 5 -7 8 -9 -10 -11 -12 -13 -14 -15
leaf_value=3.1118469604436266e-05 -0.0011842156726574232 -0.0012485304282510931 0.0018952551398559823 -6.9633641076692181e-05 0.00028376426561382758 0.00016971959178983971 1.3155849569327061e-05 -0.0029590893108683205 -9.5933264607089852e-05 -0.00011380258919633775 0.0093739964044186625 0.00025558858401239796 -0.0014045142747997712 0.004616016884778756
leaf_weight=5783488.4051846266 1340049.5104827881 471713.02783203125 129100.19482421875 7472028.7138409615 797492.6181640625 711180.06665039062 854562.52368164062 370248.73461914062 636927.67456054688 1021565.5151367188 65740.268676757812 1902475.9804077148 2348389.5149230957 488213.14978027344
leaf_count=17593 1628 101 41 12661 191 158 179 109 136 186 81 900 1628 411
internal_value=-4.18916e-05 -0.00111509 -0.000433677 5.08794e-05 0.000290087 0.00137392 0.000381657 -6.63784e-06 -0.00102842 -0.000342245 0.000119108 7.80933e-05 -0.000150457 0.00027913
internal_weight=2.43932e+07 1.94086e+06 1.46915e+06 2.24523e+07 1.39587e+07 3.00016e+06 2.28898e+06 1.09586e+07 1.49149e+06 8.49359e+06 1.05883e+07 1.05226e+07 8.62009e+06 6.2717e+06
internal_count=36003 1770 1669 34233 21386 664 506 20722 315 12847 20613 20532 19632 18004
is_linear=0
shrinkage=0.05


Tree=250
num_leaves=15
num_cat=0
split_feature=0 6 3 10 4 8 8 24 6 10 4 3 11 11
split_gain=1146.13 920.952 817.395 615.764 865.34 835.92 805.279 808.983 998.888 771.097 2550.31 950.849 600.648 680.946
threshold=17.419860989426706 17.351774198266824 17.168440301826585 -0.47977330185142092 11.413900557164226 0.65578605533807754 0.68323567863244572 1.5628839460747501 13.377617292448287 -0.4149509370786183 13.805149079546441 14.945645722752802 -0.31463892221885714 -0.328351096820441
decision_type=2 2 2 2 2 2 2 10 2 2 2 2 2 2
left_child=1 2 3 4 -1 -5 7 -7 -9 10 -8 12 13 -11
right_child=-2 -3 -4 5 -6 6 9 8 -10 11 -12 -13 -14 -15
leaf_value=0.0037759531716944185 3.9326692107166889e-05 -0.0038529234531516354 2.7759660992167593e-05 -1.4228130988306099e-05 -0.0040417920444537816 -0.0028003651786963793 0.0015146254801010628 0.0033954918194365972 0.0074569356369659215 0.0043377466093250392 0.020603118560631673 -0.0039958036647834557 0.00033578575467653129 0.020277694934463925
leaf_weight=532466.15232491493 935915.75146484375 188313.53857421875 585259.30126953125 17014079.792319298 1725400.4457244873 59183.00404548645 121469.12263202667 66346.041149139404 61640.764526367188 629960.82460463047 43391.5029296875 79162.612182617188 2240995.9953154325 30695.919438362122
leaf_count=3867 136 30 109 17900 2349 129 421 176 53 2708 29 37 7785 102
internal_value=5.73795e-05 -1.13063e-05 1.69732e-05 -3.07918e-05 -0.00081418 5.61396e-05 0.000780241 0.00396645 0.00620176 0.00059066 0.00391937 0.000406558 0.000554059 0.00187898
internal_weight=2.43143e+07 2.33784e+07 2.31901e+07 2.26048e+07 2.25787e+06 2.03469e+07 3.33285e+06 187170 127987 3.14568e+06 164861 2.98082e+06 2.90165e+06 660657
internal_count=35831 35695 35665 35556 6216 29340 11440 358 229 11082 450 10632 10595 2810
is_linear=0
shrinkage=0.05


Tree=251
num_leaves=15
num_cat=1
split_feature=16 16 16 8 6 3 8 29 8 11 24 9 19 5
split_gain=1679.47 1722.28 2840.11 3382.25 1326.48 1211.89 1182.84 737.885 1629.05 1229.45 1288.49 1222.16 1368.7 1162.74
threshold=18.650510177953056 18.472836192843562 18.407908271991452 0.15560614218777458 17.351774198266824 17.168440301826585 0.21446576110521443 0 0.089262396150043263 0.51550054070302409 10.434020817578153 0.34825751579853986 0.040781185357162006 14.550046234936714
decision_type=2 2 2 2 2 2 2 1 2 2 10 2 2 2
left_child=1 2 4 -4 5 7 -3 8 -1 10 11 12 -10 -13
right_child=-2 6 3 -5 -6 -7 -8 -9 9 -11 -12 13 -14 -15
leaf_value=0.00055276319344342952 6.1344209357483024e-05 -0.0012295159088841093 -3.7811437002587327e-07 0.00097208843259729638 -0.00014089109041628069 5.8299481936905604e-05 -0.00011176511407491 -7.0250745569141229e-05 8.5277615356428712e-05 -0.0037329142403299577 0.0047569389645357955 0.0012867415259800231 0.0022965089780457135 -0.0013999884644936072
leaf_weight=69406.695867538452 294901.2294921875 392262.76281738281 408406.06121826172 306793.00903320312 375860.4755859375 508467.63671875 284375.5657043457 16413125.539654374 1582928.7004699707 409196.49850916862 352437.43397831917 1330028.6241079569 232880.71934509277 1139450.2899169922
leaf_count=181 116 115 105 155 53 95 138 27019 1093 1209 362 4370 154 500
internal_value=5.17592e-06 -4.128e-05 3.14614e-05 0.00313319 -6.75112e-05 -1.7278e-05 -0.00252774 -7.42593e-05 0.000450021 0.000345395 0.000577201 0.000338195 0.00132291 -0.000385869
internal_weight=2.41005e+07 2.38056e+07 2.3129e+07 715199 2.24138e+07 2.20379e+07 676638 2.15295e+07 5.11633e+06 5.04692e+06 4.63773e+06 4.28529e+06 1.81581e+06 2.46948e+06
internal_count=35665 35549 35296 260 35036 34983 253 34888 7869 7688 6479 6117 1247 4870
cat_boundaries=0 1
cat_threshold=56
is_linear=0
shrinkage=0.05


Tree=252
num_leaves=15
num_cat=2
split_feature=30 25 21 28 8 11 20 1 9 9 15 11 5 5
split_gain=751.78 778.218 1146.44 1600.56 2141.03 920.33 1162.76 4148.53 1559.66 1075.21 3466.64 2062.28 1507.23 3948.15
threshold=0 0.93301270189221952 10.496751550033519 1 0.39252713231068909 0.064579413512144662 -0.042524227494287491 16.84045422280521 0.12233181171647202 0.19358036126114117 19.329453528475412 0.010211439004357252 16.618815053474993 15.959352693436971
decision_type=1 2 10 1 2 2 8 2 2 2 2 2 2 2
left_child=-1 5 3 4 -3 6 7 -2 -8 10 11 12 13 -10
right_child=1 2 -4 -5 -6 -7 8 -9 9 -11 -12 -13 -14 -15
leaf_value=-0.00057373482590444792 0.00075723235853194419 0.0034729313357495894 -0.0021734746335671249 -0.00031766043111503835 -0.004952140233715964 -1.0137032180051692e-05 -6.5788106099223307e-05 0.00023284486406658866 -0.00097628141841366782 0.00013806735111191129 0.00049109149153738266 0.00072725883453229672 -0.00061208379480794616 0.00029664064077965794
leaf_weight=2372186.5952996016 664243.16499948502 87322.780702114105 1005412.0453147888 769008.11584758759 79214.302941322327 7728980.1427667141 608651.70254516602 85635.83056640625 474739.72458648682 8866300.1515903473 211322.16613769531 381943.80424880981 542060.81396484375 227178.5703125
leaf_count=5771 1003 75 1132 1197 238 11115 283 17 492 13924 61 171 108 67
internal_value=3.38317e-05 0.000126088 -0.000829339 0.000430392 0.00487433 0.000219789 0.000492723 0.00239942 0.000366328 0.00050633 0.00160721 0.00082421 -0.000162495 0.00136695
internal_weight=2.41042e+07 2.1732e+07 1.94096e+06 935545 166537 1.97911e+07 1.20621e+07 749879 1.13122e+07 1.07035e+07 1.83725e+06 1.62592e+06 1.24398e+06 701918
internal_count=35654 29883 2642 1510 313 27241 16126 1020 15106 14823 899 838 667 559
cat_boundaries=0 1 2
cat_threshold=4 96
is_linear=0
shrinkage=0.05


Tree=253
num_leaves=15
num_cat=0
split_feature=16 20 16 23 21 9 19 2 0 18 5 9 23 20
split_gain=1148.76 1762.39 3402.16 1519.46 894.101 779.756 1596.67 1150.82 1531.74 1131.75 974.332 637.827 629.716 1000.75
threshold=18.407908271991452 0.0021414117801414503 18.472836192843562 2.5830001599057755 10.999014057359625 0.099550145179683913 0.014367283444524951 16.684382928863482 16.531633219399612 0.37595173329403303 16.441159161427745 0.18890454628559564 3.1007700434228505 -0.022991205941994244
decision_type=2 10 2 10 10 2 2 2 2 10 2 2 8 8
left_child=5 2 -2 4 -4 6 -1 8 10 -9 12 -11 -7 -14
right_child=1 -3 3 -5 -6 7 -8 9 -10 11 -12 -13 13 -15
leaf_value=-4.2440461181658568e-06 0.00073506935797719539 -0.0013802772611750422 6.7866646142993947e-07 6.3669777476188535e-05 -0.0015612035447453881 -0.00015787681899601859 0.00012273680290354709 -5.8401949365781396e-06 0.00039170408614574059 -8.1983501904311478e-05 -0.0011778809882890709 -0.00083030274321548481 0.0011222469736331807 4.1869818880307924e-05
leaf_weight=271019.6508026123 468531.61099243164 287538.65267944336 289825.76516723633 387322.05316162109 305064.39727783203 10815582.728898287 163328.24768066406 882622.12133789062 542893.54174804688 521752.57348632812 162114.24438476562 513785.06323242188 821894.79137086868 7919735.5194567442
leaf_count=176 177 106 103 139 113 17739 100 176 138 97 42 107 1449 15207
internal_value=6.34932e-06 0.00124498 0.00195377 0.00028145 -0.00130538 -8.88584e-05 0.00200921 -0.000129944 -1.91317e-05 -0.00130049 -9.12641e-05 -0.00242176 -5.92652e-05 0.000256321
internal_weight=2.4353e+07 1.73828e+06 1.45074e+06 982212 594890 2.26147e+07 434348 2.21804e+07 2.02622e+07 1.91816e+06 1.97193e+07 1.03554e+06 1.95572e+07 8.74163e+06
internal_count=35869 638 532 355 216 35231 276 34955 34575 380 34437 204 34395 16656
is_linear=0
shrinkage=0.05


Tree=254
num_leaves=15
num_cat=1
split_feature=3 11 11 2 7 27 4 24 29 1 16 17 9 11
split_gain=1247.86 1890.56 1877.93 875.181 1154.22 707.885 1694.79 2146.6 3117.56 1156.53 2107.2 1082.37 1041.81 1025.59
threshold=17.003614330794793 -0.069545842827737084 0.06068071358968026 16.995746452383802 16.984176737668555 8.5000000000000018 15.2679943451789 1.2736174209524151 0 15.800436703226532 18.207355372150079 0.50405116301040798 0.27833393931657552 -0.13760408948080277
decision_type=2 2 2 2 2 2 2 10 1 2 2 2 2 2
left_child=3 -2 -3 4 5 9 13 -8 -9 11 -11 -1 -10 -7
right_child=1 2 -4 -5 -6 6 7 8 12 10 -12 -13 -14 -15
leaf_value=0.00012141565513823212 -8.8594870878745338e-05 0.00011322778078053 2.8707854658939968e-05 -0.00014132269350788338 0.00013412172819006243 0.0018643697281193713 -0.00018954517644527847 0.00064459290914635307 0.00069899069215709263 -0.00018044049486184996 6.3254756373245708e-05 -0.0049274014932613941 -0.00017710399844207889 -0.00037199573066367715
leaf_weight=11901333.514557123 626765.3798828125 687487.6943359375 823264.94018554688 448903.2177734375 126549.96337890625 1626077.6726955175 556308.22143554688 461994.81652832031 288191.60571289062 1787474.3784179688 560589.51904296875 159128.37561035156 438213.90667724609 3612713.3553261757
leaf_count=23020 112 122 137 92 25 3901 188 157 88 532 154 116 168 6963
internal_value=0.000182185 0.00133547 0.00229325 6.99662e-05 0.000115549 8.73836e-05 0.000500525 0.00185025 0.00305019 -0.000112857 -0.00112809 8.47994e-05 0.0010078 5.10176e-05
internal_weight=2.4105e+07 2.13752e+06 1.51075e+06 2.19675e+07 2.15186e+07 2.1392e+07 6.9835e+06 1.74471e+06 1.1884e+06 1.44085e+07 2.34806e+06 1.20605e+07 726406 5.23879e+06
internal_count=35775 371 259 35404 35312 35287 11465 601 413 23822 686 23136 256 10864
cat_boundaries=0 1
cat_threshold=1
is_linear=0
shrinkage=0.05


Tree=255
num_leaves=15
num_cat=0
split_feature=24 25 4 0 9 17 8 1 4 21 19 4 9 19
split_gain=1159.5 2720.68 4953.36 2180.75 2959.24 1284.8 1149.62 1073.42 1920.35 886.516 2029.46 2336.76 3311.92 3922.35
threshold=0.80042292159832307 0.68301270189221941 17.174121431257518 16.845079520562013 0.21184317304381686 0.16142613779182863 0.064775341821398311 15.253982129829343 14.610718329024341 10.914779059107177 -0.03455923080526354 15.103624502336496 0.18340941124588991 0.011957074242538002
decision_type=8 2 2 2 2 2 2 2 2 8 2 2 2 2
left_child=1 6 3 4 -3 7 -1 8 -6 -2 -11 -12 -13 -14
right_child=9 2 -4 -5 5 -7 -8 -9 -10 10 11 12 13 -15
leaf_value=0.00046195062620836092 -6.9790504753929538e-05 0.0026839241888307057 0.00047865100769691111 -0.0023134424527040073 -0.00046757527576094774 0.0030233185631417122 -7.5909198195379121e-06 -0.0042313298721266095 0.0051664250497514899 -0.00085883770520834473 -0.00099293693159556874 -2.6930059392671223e-05 0.00051894135838196438 3.1716451049816989e-05
leaf_weight=84194.053855895996 15592347.983169794 257498.24908447266 111863.619140625 108285.54638671875 530018.98950576782 107894.89764404297 3652031.5881996155 85762.193237304688 120341.03479003906 599283.50412845612 1284645.5744013786 784784.76391601562 470234.42810058594 419421.0751953125
leaf_count=49 25566 150 20 21 1422 69 5121 32 74 578 2331 145 115 103
internal_value=7.82751e-05 0.000751607 0.00270136 0.00177058 0.00243617 0.00100472 6.18944e-05 0.000257864 0.000951212 -9.95583e-05 0.000612558 0.00114993 0.00238063 0.00446916
internal_weight=2.42086e+07 5.05789e+06 1.32166e+06 1.2098e+06 1.10152e+06 844017 3.73623e+06 736122 650360 1.91507e+07 3.55837e+06 2.95909e+06 1.67444e+06 889656
internal_count=35796 6958 1788 1768 1747 1597 5170 1528 1496 28838 3272 2694 363 218
is_linear=0
shrinkage=0.05


Tree=256
num_leaves=15
num_cat=0
split_feature=8 21 3 1 8 6 5 6 11 8 10 26 6 2
split_gain=930.058 2000.35 4859.36 1365.16 1551.5 1416.15 1137.41 1553.62 2342.15 1795.09 1569.66 1236.88 824.081 1013.02
threshold=0.064775341821398311 10.597509584741148 17.003614330794793 17.419860989426706 0.079084972427515068 17.351774198266824 17.126432758044093 16.199027200927723 0.092952296240045321 0.26306580757953729 -0.039677234406679092 -0.24999999999999997 16.096070044609853 16.150297738002418
decision_type=2 10 2 2 2 2 2 2 2 2 2 2 2 2
left_child=1 2 -1 4 -2 6 7 12 9 10 -9 -12 13 -6
right_child=3 -3 -4 -5 5 -7 -8 8 -10 -11 11 -13 -14 -15
leaf_value=-0.001153364126455591 0.00010863850111599493 -0.00021812696065187016 0.0011739546654577695 9.4376723669535272e-05 4.9279325704166193e-05 -0.0043479094383503435 8.0602247796875289e-05 -3.4581277511654078e-05 -0.00086403994220260168 -0.0021026746291552545 0.00056147231297502332 2.1462078142066515e-06 0.0015133680015256559 -0.0067379326468762941
leaf_weight=72937.084184288979 292849.39814949036 285671.47872924805 32903.9619140625 808026.66064453125 18259278.659771681 143457.2109375 563213.24365234375 769659.84130859375 770846.05981445312 455686.22387695312 429715.3740234375 658166.37890625 446783.72314453125 148893.47827148438
leaf_count=365 128 99 6 119 33928 23 105 172 199 113 105 165 138 51
internal_value=3.0094e-05 -0.00238704 0.00348455 6.99456e-05 -1.20697e-06 -4.79689e-05 -1.63985e-05 -7.3355e-05 -0.00111372 -0.000318309 0.000371562 0.0015941 9.68151e-05 4.53176e-05
internal_weight=2.41381e+07 391513 105841 2.37466e+07 2.29385e+07 2.26457e+07 2.25022e+07 2.1939e+07 3.08407e+06 2.31323e+06 1.85754e+06 1.08788e+06 1.8855e+07 1.84082e+07
internal_count=35716 470 371 35246 35127 34999 34976 34871 754 555 442 270 34117 33979
is_linear=0
shrinkage=0.05


Tree=257
num_leaves=15
num_cat=1
split_feature=10 11 0 3 2 0 28 22 11 11 23 22 16 16
split_gain=722.364 679.875 1204.89 2868.26 1178.17 940.481 1004.09 861.055 810.892 749.325 1711.38 1386.68 2746.65 2577.64
threshold=0.95361226560188606 0.26646058540027268 15.669470324654373 15.804550983324974 15.468529255393248 14.547622183520915 0 21.068462403521643 0.38755688294411167 0.22938298630418877 7.290151956778721 16.671438701270244 16.619761780280466 15.815236616385233
decision_type=2 2 2 2 2 2 1 2 2 2 8 2 2 2
left_child=1 7 3 4 5 -3 -7 9 -8 -1 11 -11 13 -13
right_child=-2 2 -4 -5 -6 6 8 -9 -10 10 -12 12 -14 -15
leaf_value=5.0315625372580945e-06 0.020681696901325378 -0.0013707556915870168 -0.0010209620547206044 0.0060307187174192872 -0.0070987331103833599 0.0020582569091623123 -0.0024032623557742674 0.00026939078580915819 0.001681478982701426 -0.0019869370771726002 0.0060826985506842284 0.004721718412581683 -0.001821333314277287 0.0051213072956574702
leaf_weight=19058036.754273772 72123.836015462875 2782129.2100688219 633969.11755371094 81250.347412109375 136064.76770019531 213674.31695556641 189683.490234375 87893.277069091797 236917.09893798828 228363.78009319305 67849.896217346191 155179.16963291168 166329.22213745117 74364.296722412109
leaf_count=26022 577 7541 189 32 64 132 110 84 146 422 87 280 103 68
internal_value=1.15267e-05 -3.41881e-06 -0.000575448 -0.000225066 -0.000437159 -0.000255754 0.00147201 0.000119813 7.06365e-05 9.7838e-05 0.00171398 0.000894263 0.00268412 0.00622936
internal_weight=2.41838e+07 2.41117e+07 4.27369e+06 3.63972e+06 3.55847e+06 3.4224e+06 640275 1.9838e+07 426601 1.97501e+07 692086 624236 395873 229543
internal_count=35857 35280 8214 8025 7993 7929 388 27066 256 26982 960 873 451 348
cat_boundaries=0 1
cat_threshold=44
is_linear=0
shrinkage=0.05


Tree=258
num_leaves=15
num_cat=0
split_feature=16 19 25 11 22 0 18 11 24 3 24 4 0 16
split_gain=1059.89 1801.3 2588.51 4048.26 1486.17 1778.58 3473.91 1887.52 1428.95 1378.51 1383.91 842.851 1495.64 2036.26
threshold=18.314513342829532 -0.029549318239527746 0.25000000000000011 0.013583706557675103 19.617331230798943 17.419860989426706 0.27293993126873745 -0.12532067883542011 1.7949352587435352 16.690778174436563 1.2576410032575902 16.850127835172454 16.272741767951768 16.619761780280466
decision_type=2 2 2 2 2 2 10 2 10 2 10 2 2 2
left_child=9 -2 4 -4 5 6 7 -3 -9 11 -11 12 -1 -14
right_child=1 2 3 -5 -6 -7 -8 8 -10 10 -12 -13 13 -15
leaf_value=-9.0670846939279259e-05 -0.001408261999772169 0.00093729304998073869 0.00066436942828090959 1.1463401918477624e-05 -0.00073663993904652986 6.1565477839607303e-05 -0.0013031153292799222 -0.0010905276211352277 1.2667467457590766e-05 1.5752171493337124e-06 -0.000252568137677703 -0.0010392411452171981 0.0024712980377627081 -4.7749235687230364e-06
leaf_weight=18564473.28389895 415928.18585205078 190552.61434936523 334942.72808837891 331045.86575317383 285930.15045166016 348798.68310546875 262566.396484375 415492.09407043457 203475.47351074219 568089.322265625 1090122.2875976562 154270.98583984375 356593.1123046875 628781.27075195312
leaf_count=34129 158 93 121 126 112 54 48 219 112 114 226 36 108 171
internal_value=-7.24742e-05 0.000844283 0.00137631 0.00402009 0.000344731 0.00100658 -2.43495e-06 0.00161852 0.000278917 -0.000192152 -0.0015767 -7.5634e-05 -4.65846e-05 0.00185166
internal_weight=2.41511e+07 2.78873e+06 2.3728e+06 665989 1.70682e+06 1.42089e+06 1.07209e+06 809520 618968 2.13623e+07 1.65821e+06 1.97041e+07 1.95498e+07 985374
internal_count=35827 1043 885 247 638 526 472 424 331 34784 340 34444 34408 279
is_linear=0
shrinkage=0.05


Tree=259
num_leaves=15
num_cat=1
split_feature=1 22 9 9 22 19 19 3 19 27 11 4 22 30
split_gain=2440.41 1219.52 1517.02 1684.29 1205.43 1279.22 2120.29 2253.99 1551.1 1363.76 1134.23 1389.89 1147.47 977.865
threshold=17.419860989426706 19.607205262989968 0.17429314992524408 0.21184317304381686 19.617331230798943 0.015675456447670554 -0.0093007948730438484 15.804550983324974 -0.047788368191836093 4.5000000000000009 -0.17807206549015478 17.458037941908348 17.019583006855296 0
decision_type=2 2 2 2 2 2 2 2 2 2 2 2 2 1
left_child=1 10 -3 -4 -5 6 8 -8 -6 -7 13 12 -12 -1
right_child=-2 2 3 4 5 9 7 -9 -10 -11 11 -13 -14 -15
leaf_value=-0.0027595404332684107 5.4166528639728613e-05 -0.00090837001667852697 0.0025569238672924787 0.00085115158342785157 0.00076022586145709176 7.2025394231818295e-05 0.0030476172419876407 0.00069089171914196539 -0.0004562830415168513 -0.001882897601927302 -0.00067638461175508716 -0.00036663920303278073 -8.7088994657777785e-07 0.00062653654637851905
leaf_weight=580708.27059853077 909759.03076171875 128805.46197509766 143685.97299194336 237090.302734375 118584.62052154541 162055.19180297852 246322.25711250305 134408.58911132812 529624.62814331055 359733.85562896729 6716797.4977681637 163460.38916015625 9378305.720708847 4372356.2399184704
leaf_count=1852 133 92 69 121 82 118 307 33 471 308 12435 27 10903 8753
internal_value=1.24877e-06 -9.80639e-05 0.0010633 0.00141367 0.000995088 0.000487433 0.00151008 0.00447164 -0.000229416 -0.00152918 -0.000210869 -0.000412673 -0.000366084 0.000451558
internal_weight=2.41817e+07 2.32719e+07 2.06031e+06 1.93151e+06 1.78782e+06 1.55073e+06 1.02894e+06 380731 648209 521789 2.12116e+07 1.62586e+07 1.60951e+07 4.95306e+06
internal_count=35704 35571 1601 1509 1440 1319 893 340 553 426 33970 23365 23338 10605
cat_boundaries=0 1
cat_threshold=4
is_linear=0
shrinkage=0.05


Tree=260
num_leaves=15
num_cat=0
split_feature=1 4 25 7 19 1 16 3 26 20 22 2 19 16
split_gain=1460.5 2189.03 1190.14 1998.98 1198.03 1058.56 837.598 1060.65 1796.65 818.148 786.458 796.404 733.377 1472.43
threshold=17.419860989426706 17.458037941908348 0.93301270189221952 17.374289654612713 0.061160380032340055 14.447373825934152 18.472836192843562 16.690778174436563 0.6830127018922193 0.036736044477041603 18.640179077382438 15.256051248973158 -0.11381263375967689 16.068611867525213
decision_type=2 2 2 2 2 2 2 2 2 8 2 2 2 2
left_child=1 2 3 6 5 -4 12 8 -8 -6 11 -7 13 -1
right_child=-2 -3 4 -5 9 10 7 -9 -10 -11 -12 -13 -14 -15
leaf_value=-0.00099470872840817207 3.8127510079867629e-05 -0.00017956145177252034 -0.0010917884435609282 7.6224170842559603e-05 -0.0023646687371159389 -0.0056361342529261836 -0.0018341698948625047 -0.0035005075430088136 0.00074332639119897056 0.0089013396100157943 -0.0023223049297042809 -3.4191692643992968e-05 -3.8336545634608835e-07 0.00010378794018549959
leaf_weight=102213.33514022827 933898.90869140625 231173.6611328125 1049832.5045690536 67372.01318359375 77648.229084014893 241012.27026367188 199052.12954711914 188633.97778320312 127678.58068847656 105781.93555021286 338529.2724609375 310750.576171875 20260949.149870157 74843.242752075195
leaf_count=221 136 39 2573 11 87 137 159 38 102 189 100 104 31932 50
internal_value=-8.11612e-05 -0.000158626 -0.000110268 3.69233e-06 -0.00123835 -0.00160352 -2.39556e-05 -0.00201473 -0.000291226 0.002624 -0.00287177 -0.00170774 2.62439e-05 0.00323021
internal_weight=2.43094e+07 2.33755e+07 2.31443e+07 2.10207e+07 2.12355e+06 1.94012e+06 2.09534e+07 515365 326731 183430 890292 551763 2.0438e+07 177057
internal_count=35878 35742 35703 32513 3190 2914 32502 299 261 276 341 241 32203 271
is_linear=0
shrinkage=0.05


Tree=261
num_leaves=15
num_cat=1
split_feature=1 6 3 4 27 4 1 0 1 2 16 11 26 28
split_gain=4448.29 1587.68 992.675 816.825 2304.18 1652.35 738.202 742.641 2342.57 1914.14 1027.02 976.1 1881.03 3390.46
threshold=17.419860989426706 17.351774198266824 17.168440301826585 16.850127835172454 7.5000000000000009 16.696051016634417 16.993748182993098 14.737066263731045 14.447373825934152 14.482706046413719 14.951984108486718 -0.013392149411687048 1.0000000180025095e-35 0
decision_type=2 2 2 2 2 2 2 2 2 2 2 2 2 1
left_child=1 2 3 5 -5 6 7 9 -9 -1 -11 12 13 -10
right_child=-2 -3 -4 4 -6 -7 -8 8 11 10 -12 -13 -14 -15
leaf_value=3.2149671227616458e-05 0.00015148918667012918 -0.0041724043797397095 9.7368139765655884e-05 -9.326262742079467e-05 4.3453520427642061e-05 0.00064726754312840399 -0.0041689156945285749 0.0049568113315606351 0.0020616295687066856 3.2918331387684985e-05 -0.0041003797545103235 -3.1748373011419626e-05 -3.6146053624018138e-05 -0.00083227335289557097
leaf_weight=12079334.73943758 812315.5859375 156897.80419921875 635103.69140625 683755.71069335938 534445.85717773438 524334.20239257812 73740.4921875 289856.98333740234 911095.37585449219 521394.84722900391 1247539.7012939453 3834486.690246582 1409452.0508422852 421207.0458984375
leaf_count=30949 119 25 118 140 112 123 17 190 386 368 811 1619 577 165
internal_value=0.000139448 1.27656e-05 4.67162e-05 -8.23611e-06 -0.00126747 6.37404e-05 -6.17954e-06 1.15978e-05 0.000436772 -0.000199207 -0.00173533 0.000242878 0.000963268 0.0023103
internal_weight=2.4135e+07 2.33226e+07 2.31657e+07 2.25306e+07 1.2182e+06 2.13124e+07 2.07881e+07 2.07144e+07 6.8661e+06 1.38483e+07 1.76893e+06 6.57624e+06 2.74175e+06 1.3323e+06
internal_count=35719 35600 35575 35457 252 35205 35082 35065 2937 32128 1179 2747 1128 551
cat_boundaries=0 1
cat_threshold=800
is_linear=0
shrinkage=0.05


Tree=262
num_leaves=15
num_cat=0
split_feature=16 14 19 15 1 4 4 5 20 20 5 25 20 5
split_gain=1173.37 1891.37 1714.12 2319.79 3748.02 729.19 1201.42 1142.28 740.835 1062.21 4668.47 936.594 850.414 1332.12
threshold=18.407908271991452 2.4322144581029286 0.015675456447670554 18.1698561100105 15.137270373196289 17.458037941908348 17.174121431257518 17.126432758044093 0.070977943425609064 0.030979115423930954 16.618815053474993 -0.5 0.015155154401813552 16.08716199825297
decision_type=2 8 2 2 2 2 2 2 10 10 2 2 10 2
left_child=5 2 3 4 -2 6 7 8 9 12 -11 -10 -1 -14
right_child=1 -3 -4 -5 -6 -7 -8 -9 11 10 -12 -13 13 -15
leaf_value=8.813234226681809e-06 -0.00020379836026885711 0.00044398960923530011 -0.0010946525576381787 -4.3983861223052295e-06 0.00067329513643949346 -2.0156808285679766e-05 0.00022247190444234946 -0.0021904744234131882 0.00020015513093235273 0.00010340494869065201 0.00068170419587536702 -0.0022696901296844008 -0.00040583984182923443 -0.00085246143435643287
leaf_weight=17147013.610844135 200416.0380859375 273018.45104980469 388664.20916748047 697534.69995117188 209344.35900878906 385780.4384765625 441938.7314453125 208949.46826171875 157014.20544719696 1789706.5806781054 179962.3076171875 427927.35943317413 1362806.302621603 283687.23681640625
leaf_count=29100 202 137 136 119 52 56 81 40 205 2736 39 581 2300 70
internal_value=7.62462e-05 0.00131593 0.00061748 0.00162022 0.00460615 -2.17207e-05 1.60697e-05 -3.68359e-05 -8.27709e-07 4.86102e-05 0.00115329 -0.00175568 -6.71665e-05 -0.00115258
internal_weight=2.41538e+07 1.76898e+06 1.49596e+06 1.1073e+06 409760 2.23848e+07 2.1999e+07 2.15571e+07 2.13481e+07 2.07632e+07 1.96967e+06 584942 1.87935e+07 1.64649e+06
internal_count=35854 646 509 373 254 35208 35152 35071 35031 34245 2775 786 31470 2370
is_linear=0
shrinkage=0.05


Tree=263
num_leaves=15
num_cat=0
split_feature=16 10 10 17 10 1 4 2 0 20 20 14 2 20
split_gain=3036.57 2499.13 3395.13 1885.42 1405.08 1324.38 1154.22 787.378 2591.67 1968.92 1585.41 2469.77 1289.06 1148.26
threshold=18.407908271991452 1.0000000180025095e-35 0.17812503782465991 0.24548736133639038 -0.059358409974969044 17.419860989426706 17.458037941908348 15.394373704489619 14.547622183520915 0.053354863296571957 -0.019459409050540794 1.6554688479737332 14.383515240549652 -0.00096838712512779986
decision_type=2 2 2 2 2 2 2 2 2 10 8 10 2 8
left_child=5 4 3 -3 -2 6 7 8 12 10 11 -9 -1 -12
right_child=1 2 -4 -5 -6 -7 -8 9 -10 -11 13 -13 -14 -15
leaf_value=8.4561756430130033e-05 0.00026952840145972169 0.00042701175098564258 -8.2688396163716353e-05 0.00040749074263128057 -0.00213367431576909 7.5410965073053953e-05 -0.0017612117374362969 -0.00013750250716048192 0.00070641084204209835 0.0001236572413431709 -0.0014084790091219686 0.00033422747651880725 -0.0025778879370028916 -5.5521319501432634e-05
leaf_weight=11317565.018429399 361862.06042480469 504392.10244750977 352747.29254150391 302250.75726318359 257314.26321411133 321258.8154296875 113797.63720703125 453169.83581542969 3627911.4210205078 387141.06579589844 700057.82238769531 516477.03747558594 1416262.9057617188 3754656.2008056641
leaf_count=30359 162 199 120 64 86 45 19 138 2115 112 201 142 1014 1153
internal_value=0.000225111 0.00221433 0.00358402 0.00537328 -0.000350371 6.86217e-05 2.26761e-05 4.84535e-05 0.000226026 -0.000451486 -0.000697353 0.00113483 -0.000109861 -0.00109616
internal_weight=2.43869e+07 1.77857e+06 1.15939e+06 806643 619176 2.26083e+07 2.2287e+07 2.21732e+07 1.63617e+07 5.8115e+06 5.42436e+06 969647 1.27338e+07 4.45471e+06
internal_count=35929 631 383 263 248 35298 35253 35234 33488 1746 1634 280 31373 1354
is_linear=0
shrinkage=0.05


Tree=264
num_leaves=15
num_cat=0
split_feature=0 8 2 20 0 19 11 16 16 15 7 0 19 17
split_gain=2251.47 2108.96 3198.05 3010.84 2817.68 1857.12 1344.44 993.288 2948.25 928.775 753.447 915.273 695.33 953.108
threshold=17.419860989426706 0.079084972427515068 16.995746452383802 -0.014637462022848649 16.99330550331128 -0.0037356066653217498 -0.029390195252473949 18.435443290659602 18.472836192843562 19.426673924651187 16.802510489396727 16.845079520562013 -0.0083378322809124477 0.22636566645953302
decision_type=2 2 2 8 2 2 2 2 2 2 2 2 2 2
left_child=1 3 4 -1 7 -5 -7 9 -9 10 11 12 13 -3
right_child=-2 2 -4 5 -6 6 -8 8 -10 -11 -12 -13 -14 -15
leaf_value=0.00077734120064516625 0.00010216690724671552 5.4071891376091338e-05 -0.00062154337890708562 -0.0014398886058856917 0.00020489559630437596 -1.1096304766782442e-05 0.00037835128284993181 0.0034213394908233735 -0.00099745945783730346 -0.001954239067067457 -8.8696250314690504e-05 0.00068789747755520299 -0.00011652092113242632 0.00044106426469741743
leaf_weight=116297.98073291779 899895.9794921875 7920586.9799203873 1153236.84375 191560.87036347389 398777.12036132812 154206.44086265564 144468.64709472656 139058.51013183594 298659.05010986328 592151.49434661865 424233.88818359375 77038.447509765625 11004523.094169617 710968.34643554688
leaf_count=65 131 14435 219 250 83 158 132 87 251 617 89 19 18883 379
internal_value=3.08823e-05 -6.37944e-05 -0.000141476 0.00284595 -4.29602e-06 0.00113014 0.00359472 -8.27408e-05 0.00227433 -0.000132512 -7.51208e-05 -3.02545e-05 -5.15945e-05 0.000284359
internal_weight=2.42257e+07 2.33258e+07 2.27192e+07 606534 2.1566e+07 490236 298675 2.11672e+07 437718 2.07295e+07 2.01374e+07 1.97131e+07 1.96361e+07 8.63156e+06
internal_count=35798 35667 35062 605 34843 540 290 34760 338 34422 33805 33716 33697 14814
is_linear=0
shrinkage=0.05


Tree=265
num_leaves=15
num_cat=0
split_feature=4 24 9 0 2 0 9 16 15 19 1 5 19 16
split_gain=2257.99 3866.36 1574.12 1485.37 876.655 1272.25 827.089 1080.37 1146.26 640.082 1233.33 1270.2 1232.89 2776.81
threshold=17.174121431257518 1.5894288049463752 0.11252992811194856 17.152781891435371 16.995746452383802 16.99330550331128 0.099550145179683913 18.110571972836489 19.366258896332727 -0.0083378322809124477 16.84045422280521 16.618815053474993 -0.020948958783492597 17.072385504493145
decision_type=2 10 2 2 2 2 2 2 2 2 2 2 2 2
left_child=2 -2 6 4 5 9 7 8 -1 12 11 -11 -4 -14
right_child=1 -3 3 -5 -6 -7 -8 -9 -10 10 -12 -13 13 -15
leaf_value=0.00077042776796652356 0.00025370143896242826 -1.3611753494914116e-05 -2.7876975566751215e-05 2.9161120954165677e-05 -0.0015580104434024503 0.0001885989355286218 -0.00030294406407309414 -0.00036849880274160288 -0.00083866097824944409 -0.00010788120556852407 -0.0019167225213080074 0.00016928017703486485 0.00017108980748700589 0.0007766178140347366
leaf_weight=69576.904312133789 805139.45532226562 783087.97705078125 5464191.4910871983 266326.09326171875 458567.13452148438 206021.22875976562 248476.3180847168 224066.1946105957 74539.38916015625 11443852.804924846 134720.6875 219473.33129882812 3352733.6680169106 648916.358751297
leaf_count=186 136 120 9110 51 93 44 117 69 21 19490 31 51 6119 463
internal_value=9.67883e-05 0.00191967 -3.01285e-05 3.9104e-05 -5.97405e-06 4.02286e-05 -0.00252194 -0.00101764 0.00235956 2.34289e-06 -0.000243377 -0.000188435 0.000308604 0.000975405
internal_weight=2.43997e+07 1.58823e+06 2.28115e+07 2.21948e+07 2.19285e+07 2.14699e+07 616659 368182 144116 2.12639e+07 1.1798e+07 1.16633e+07 9.46584e+06 4.00165e+06
internal_count=36101 256 35845 35452 35401 35308 393 276 207 35264 19572 19541 15692 6582
is_linear=0
shrinkage=0.05


Tree=266
num_leaves=15
num_cat=0
split_feature=0 10 27 7 1 2 1 0 5 5 21 0 6 15
split_gain=2270.99 1685.32 2093.04 814.213 585.766 1018.53 820.71 562.088 2210.51 1571.85 1175.21 1803.1 1481.54 869.032
threshold=16.99330550331128 -0.030038897637663046 7.5000000000000009 17.112074389479542 16.993748182993098 16.846705175829062 16.84045422280521 13.75625155393851 13.710396009318639 13.672946616121587 10.949198539433239 15.135452873697941 16.310251285128391 17.182182440199757
decision_type=2 2 2 2 2 2 2 2 2 2 8 2 2 2
left_child=3 -2 -3 4 5 6 7 9 13 -1 12 -12 -10 -9
right_child=1 2 -4 -5 -6 -7 -8 8 10 -11 11 -13 -14 -15
leaf_value=-0.00016153396165918485 -9.9449032296279572e-06 0.00024808849781692309 2.7897673983674664e-05 -0.0023866362401923072 -0.0012008335457581382 8.8585933878228553e-05 -0.00054754004834962672 0.0094785368214655788 3.9864991263293436e-05 -0.0050567097981957677 -1.113543974563413e-05 0.0006972889903166154 -0.00014937522640757979 0.0049232519328701726
leaf_weight=8605385.55615592 631533.498046875 667294.84008789062 883347.20654296875 171105.166015625 210615.89819335938 460742.28344726562 158040.8701171875 91354.613891601562 8722916.9000244141 823873.466796875 770794.93334960938 584400.18872070312 1120813.6486816406 290040.35760498047
leaf_count=27897 102 116 158 31 45 102 36 111 5101 759 541 185 295 335
internal_value=0.000138516 0.00167704 0.00256381 -1.40204e-05 1.28976e-05 3.84511e-05 -1.21707e-05 1.48318e-05 0.0002482 -0.000271774 0.000120716 0.00150116 -6.93305e-05 0.00399152
internal_weight=2.41923e+07 2.18218e+06 1.55064e+06 2.20101e+07 2.1839e+07 2.16284e+07 2.11676e+07 2.10096e+07 1.15803e+07 9.42926e+06 1.11989e+07 1.3552e+06 9.84373e+06 381395
internal_count=35814 376 274 35438 35407 35362 35260 35224 6568 28656 6122 726 5396 446
is_linear=0
shrinkage=0.05


Tree=267
num_leaves=15
num_cat=1
split_feature=3 24 9 3 15 15 7 28 26 1 17 26 11 17
split_gain=1620.41 3127.11 617.77 2045.14 1450.75 3524.19 1875.76 1456.35 1929.56 1893.72 1191.21 1132.55 1099.86 1608.56
threshold=17.168440301826585 1.4547165740020251 0.29221906863324876 15.929254580614556 17.928717631704579 18.000102791799385 16.802510489396727 0 0.93301270189221952 14.974209097614517 0.17548205026987088 -0.24999999999999997 0.10348476322433341 0.31457028705829077
decision_type=2 10 2 2 2 2 2 1 2 2 2 2 2 2
left_child=2 -2 4 -4 6 -6 7 9 -9 -1 -10 -5 13 -7
right_child=1 -3 3 11 5 12 -8 8 10 -11 -12 -13 -14 -15
leaf_value=-9.9228258191254183e-06 0.00021464156318143804 -1.6470789961341122e-05 2.7561859618007421e-05 -4.8657774830360035e-05 0.0002457061400952885 5.9939457501461503e-05 -0.00033162752286105412 -0.00017792984292942896 1.3924410145313555e-05 0.0014020149689827925 0.001545993425700355 -0.0012752232546109619 -6.9570588909714031e-05 0.000755818835035355
leaf_weight=212423.40151977539 694372.125 849641.505859375 13836327.950427294 532815.85119628906 237900.19180297852 2878603.6721076965 291298.94775390625 2284126.9106407166 104725.27954101562 137774.80004882812 79387.156799316406 612713.45166015625 1260241.7713623047 217403.9619140625
leaf_count=215 119 130 29634 152 126 1425 61 2818 197 50 38 181 695 43
internal_value=0.000163141 0.00173046 5.64671e-05 -0.000130635 0.000420327 0.000984837 -0.000413647 -1.88607e-05 -0.000446981 0.00299851 0.00447708 -0.00216091 0.000661215 0.0011681
internal_weight=2.42298e+07 1.54401e+06 2.26857e+07 1.49819e+07 7.70389e+06 4.59415e+06 3.10974e+06 2.81844e+06 2.46824e+06 350198 184112 1.14553e+06 4.35625e+06 3.09601e+06
internal_count=35884 249 35635 29967 5668 2289 3379 3318 3053 265 235 333 2163 1468
cat_boundaries=0 1
cat_threshold=528
is_linear=0
shrinkage=0.05


Tree=268
num_leaves=15
num_cat=3
split_feature=8 20 28 2 2 2 10 20 22 9 28 29 27 10
split_gain=1776.75 2170.28 2947.25 2089.69 2986.14 2187.74 1773.88 1625.13 1895.91 1586.96 3385.04 1603.11 1811.29 1574.21
threshold=0.17089620152691587 0.039986620510627659 0 16.995746452383802 16.846705175829062 16.395876229078294 -1.0000000180025095e-35 -0.022539159674783347 18.563624155287023 0.15408858868079631 1 2 8.5000000000000018 -0.046327730681054939
decision_type=2 10 1 2 2 2 2 8 2 2 1 1 2 2
left_child=1 7 -3 4 5 -2 -4 8 -1 13 -11 -12 -13 -9
right_child=3 2 6 -5 -6 -7 -8 9 -10 10 11 12 -14 -15
leaf_value=-0.00031779789880914092 -7.1058451209349068e-05 0.0001566523895999883 0.0010554958160418218 -0.00033383247419701726 0.00011843395598889206 -0.00057459255166898606 -0.00067264789208649318 -0.0023351835292690008 0.0003612319767941402 0.00091378556681954613 -0.00028931083740983893 -6.2606742799487316e-07 0.00061459772800039774 -5.5500218120303087e-06
leaf_weight=301389.92651367188 17121143.388989449 271348.20501708984 174779.17892491817 685835.43310546875 195167.88671875 781810.18212890625 198143.10056686401 420509.56880187988 421217.08861255646 288946.08770751953 1128284.4749951363 457676.10569941998 265774.20000302792 1441824.4276657104
leaf_count=217 32064 77 106 122 42 201 122 211 141 135 1128 263 151 705
internal_value=-2.31544e-05 0.000778895 0.00350122 -0.000252441 -0.000149779 -0.000216837 0.000616411 0.000407745 0.00259011 1.37937e-05 0.000942359 0.000156934 0.00199417 -0.00105356
internal_weight=2.41538e+07 5.36989e+06 644270 1.8784e+07 1.80981e+07 1.7903e+07 372922 4.72562e+06 722607 4.00301e+06 2.14068e+06 1.85173e+06 723450 1.86233e+06
internal_count=35685 3256 305 32429 32307 32265 228 2951 358 2593 1677 1542 414 916
cat_boundaries=0 1 2 3
cat_threshold=256 512 7
is_linear=0
shrinkage=0.05


Tree=269
num_leaves=15
num_cat=0
split_feature=19 6 19 4 24 19 17 25 19 17 21 20 7 4
split_gain=954.741 6090.91 1103.89 2577.6 2202.1 1060.85 1391.27 969.393 1119.3 903.163 1209.44 893.392 841.71 811.113
threshold=-0.047788368191836093 16.605113665682349 0.040781185357162006 15.806872716436748 1.4376608408484752 0.031168418490475556 0.067030447420755562 0.93301270189221952 0.041803552290595757 0.012825767215475853 10.414501320143701 0.036736044477041603 14.694798214699999 15.474442394707193
decision_type=2 2 2 2 10 2 2 2 2 2 10 8 2 2
left_child=1 13 5 7 -5 -2 -7 8 -4 -10 -11 -12 -13 -1
right_child=2 -3 3 4 -6 6 -8 -9 9 10 11 12 -14 -15
leaf_value=0.00077626788013919988 -6.5583835413894235e-06 0.00053675986139706982 0.0058787912986908789 2.2748103538702521e-05 0.00071526868441921154 -0.00049124805114638044 -0.0015561176947838805 0.0096439449570290738 0.00037825471819734585 -0.0051374962783559009 -0.0019578562146198015 -0.0034847155014883836 0.0022268142010826069 -0.0011730340382664281
leaf_weight=887514.62056684494 18764006.649624109 157830.33447265625 279390.66572642326 435482.74340820312 400843.82592773438 756371.24182033539 337109.53036499023 132622.26454114914 1068846.3164482117 435694.69904327393 275485.52770996094 111343.18862915039 117667.77001953125 165309.22741699219
leaf_count=1758 27658 31 526 104 96 1424 151 249 2802 469 310 175 57 53
internal_value=5.43338e-05 0.00142306 -1.73542e-05 0.000835777 0.00322886 -0.0001573 -0.00167119 9.11091e-06 -0.000231745 -0.000644115 -0.00177445 -0.000107915 0.00219981 4.99114e-05
internal_weight=2.43255e+07 1.21065e+06 2.31149e+07 3.25738e+06 836327 1.98575e+07 1.09348e+06 2.42105e+06 2.28843e+06 2.00904e+06 940191 504496 229011 1.05282e+06
internal_count=35863 1842 34021 4788 200 29233 1575 4588 4339 3813 1011 542 232 1811
is_linear=0
shrinkage=0.05


Tree=270
num_leaves=15
num_cat=0
split_feature=8 23 21 15 2 11 19 15 15 21 19 0 14 4
split_gain=811.044 3639.86 889.099 1673.14 825.917 1871.21 1659.21 2211.39 1865.47 1794.19 1755.75 1560.06 1450.73 1293.17
threshold=0.064775341821398311 1.8140463560826752 10.960290777083712 19.228329333847224 15.394373704489619 0.23478081504115608 -0.029986948250196144 19.2861135619324 19.339664496408528 11.037231308731972 -0.015584734230140198 14.82482845695414 2.4010084550854729 15.2679943451789
decision_type=2 10 10 2 2 2 2 2 2 10 2 2 10 2
left_child=1 -1 3 -3 11 6 -6 9 -9 10 -8 -2 -12 -13
right_child=4 2 -4 -5 5 -7 7 8 -10 -11 12 13 -14 -15
leaf_value=0.00032072091712044532 -1.9815656497796588e-05 -0.00052313690066565827 -0.0012949631775181017 0.00051696265989721959 -0.00072312715854152025 -0.00050137234607788839 0.00013006150477487148 0.00058596848791134259 3.0995419535343551e-06 0.00010877115668190998 -0.00022002896694326489 0.0002382045184617402 7.5216643579534723e-05 0.0013219763384185363
leaf_weight=182494.14504289627 14092899.750376701 65148.397485017776 118737.373046875 39665.454147338867 951061.63720703125 984936.4697265625 733506.68090820312 512597.4052734375 690715.92175292969 700825.78051757812 2303925.646484375 1666058.7962646484 429923.40295410156 832232.86877441406
leaf_count=135 31925 305 22 28 253 321 193 134 183 152 655 963 106 389
internal_value=2.39278e-05 0.00223981 -0.00203741 0.00131874 -1.37206e-05 -0.000456621 -0.000140826 0.000199998 0.00208816 -0.000345096 -0.000811473 0.000181352 -0.00139427 0.0013329
internal_weight=2.43047e+07 406045 223551 104814 2.38987e+07 7.30749e+06 6.32256e+06 5.37149e+06 1.20331e+06 4.16818e+06 3.46736e+06 1.65912e+07 2.73385e+06 2.49829e+06
internal_count=35764 490 355 333 35274 1997 1676 1423 317 1106 954 33277 761 1352
is_linear=0
shrinkage=0.05


Tree=271
num_leaves=15
num_cat=0
split_feature=11 4 26 16 18 8 17 4 19 22 1 9 19 22
split_gain=1375.36 2188.97 2008.42 5855.46 2099.15 1876.91 1593.78 1655.16 1582.96 1533.65 2098.62 2100.99 2766.47 4736.58
threshold=0.11865331527320321 16.278214614679609 -0.24999999999999997 18.314513342829532 0.68394973854764296 0.17436454277045127 0.037688364822814006 15.33255885197606 -0.0083378322809124477 17.241071435641139 17.151381608784849 0.27084885979223167 -0.018468429717034846 19.607205262989968
decision_type=2 2 2 2 10 2 2 2 2 2 2 2 2 2
left_child=1 6 3 -3 5 -4 7 -1 -9 -2 11 12 -11 -14
right_child=9 2 4 -5 -6 -7 -8 8 -10 10 -12 -13 13 -15
leaf_value=0.00027199239844123094 -0.0015211567285444766 2.6985527049876683e-05 3.0378133718552381e-05 0.00049952493786159491 0.00017689979163358258 -0.00061390790416695074 -0.00051632295859320822 0.0060914197594999237 0.0010777104142849759 -0.00029084380003489949 -0.00017929573461530597 -0.0001203578501062794 0.00099619417727693461 0.0041653509184626054
leaf_weight=8308408.3299242258 3377238.475871563 949293.01782226562 1039207.6206054688 617164.61669921875 480477.45458984375 713018.31567382812 3670649.4434661865 231300.13012695312 395486.5 328033.18528747559 413249.7666015625 3007690.3161225319 542350.77674102783 156706.81034851074
leaf_count=18963 7083 215 210 121 122 151 2717 106 178 221 62 5163 436 75
internal_value=9.31112e-05 0.000353284 0.00140535 0.00277784 0.000442415 -0.000360405 3.62107e-05 0.000396555 0.00287419 -0.000452318 0.000157613 0.000505188 0.00245766 0.00423524
internal_weight=2.42303e+07 1.6405e+07 3.79916e+06 1.56646e+06 2.2327e+06 1.75223e+06 1.26058e+07 8.93519e+06 626787 7.82527e+06 4.44803e+06 4.03478e+06 1.02709e+06 699058
internal_count=35823 22783 819 336 483 361 21964 19247 284 13040 5957 5895 732 511
is_linear=0
shrinkage=0.05


Tree=272
num_leaves=15
num_cat=0
split_feature=15 3 15 2 19 2 25 4 11 11 2 1 17 23
split_gain=1114.61 1755.41 5343.08 3508.78 2524.61 1723.79 895.546 859.764 1583.21 2784.8 1205.21 1439.66 676.36 651.992
threshold=19.366258896332727 17.003614330794793 19.240998570495709 16.995746452383802 -0.0037356066653217498 15.140579821840275 -0.93301270189221919 16.401501956730314 -0.019332323891942896 -0.11403850337572048 16.395876229078294 16.531196752664069 0.00029743080353165002 1.4447413516365402
decision_type=2 2 2 2 2 2 2 2 2 2 2 2 2 8
left_child=1 3 4 7 -3 6 -2 10 9 -9 11 12 -1 -14
right_child=5 2 -4 -5 -6 -7 -8 8 -10 -11 -12 -13 13 -15
leaf_value=0.0092076740724571487 0.0049768778389722547 3.6535757297253351e-05 0.00012080107534866688 -0.0015680677783951264 -0.00024140982247346679 -0.0010711419365585296 -0.00069872579608088988 -1.5728100956483241e-05 -4.7737821695916137e-05 0.0021366424036452182 -0.00080668732753815258 0.00089485877933302498 -0.00018902373787470773 6.9814769212783373e-05
leaf_weight=390990.19637322426 139922.42362213135 681402.755859375 602230.57055664062 448521.2900390625 639076.0029296875 813884.89318847656 958612.5036315918 464716.1044921875 690713.76953125 414462.3525390625 464909.10083007812 65282.685302734375 5072166.296918869 12299053.912746429
leaf_count=4877 199 126 96 92 115 243 1336 116 172 103 131 20 7838 20270
internal_value=-2.23381e-05 7.72935e-05 0.00152128 -5.94e-05 -0.000258744 -0.00118064 0.000111456 3.93555e-05 0.00116227 0.00256966 -5.70151e-05 8.52473e-06 -1.87152e-05 -6.50043e-05
internal_weight=2.41459e+07 2.22335e+07 1.92271e+06 2.03108e+07 1.32048e+06 1.91242e+06 1.09853e+06 1.98623e+07 1.56989e+06 879178 1.82924e+07 1.78275e+07 1.77622e+07 1.73712e+07
internal_count=35734 33956 337 33619 241 1778 1535 33527 391 219 33136 33005 32985 28108
is_linear=0
shrinkage=0.05


Tree=273
num_leaves=15
num_cat=1
split_feature=0 6 4 7 6 10 3 24 18 0 0 16 7 29
split_gain=1678.58 863.251 786.034 818.458 1405.62 1339.34 898.43 839.974 596.996 1703.26 789.45 1150.19 1043.01 1305.41
threshold=17.419860989426706 17.351774198266824 17.174121431257518 16.802510489396727 16.605113665682349 0.049124915194930403 16.690778174436563 1.2576410032575902 0.062719585299496158 15.391705729975646 14.235516137896871 14.667290968732248 14.098727924701898 0
decision_type=2 2 2 2 2 2 2 10 8 2 2 2 2 1
left_child=1 2 3 4 6 7 8 -5 9 -1 11 -10 13 -12
right_child=-2 -3 -4 5 -6 -7 -8 -9 10 -11 12 -13 -14 -15
leaf_value=0.00077304851242429454 3.4852189548480215e-05 -0.0038733259860947986 5.5437594111581496e-05 -4.4001171940380236e-05 0.00020061890555819444 5.6048067778794075e-05 -0.0040008567951196989 -0.0002842075112048981 -9.8203484769860587e-05 0.00046010019338141908 0.0075569830551192639 -0.0030174774580181314 4.0179116256692345e-05 0.0022092205896053377
leaf_weight=4246830.92648983 892119.65185546875 180244.42822265625 675757.43139648438 516614.11181640625 529539.091796875 486008.62744140625 147250.30712890625 510003.5283203125 5373387.6627495289 40199.378662109375 119741.78930664062 2238596.7698059082 8261583.1889648438 182607.92736816406
leaf_count=16201 130 29 126 102 127 100 39 106 12097 19 119 2472 4032 182
internal_value=0.000101367 2.05801e-05 4.7213e-05 -2.91606e-06 7.74786e-05 -0.00112647 1.21261e-05 -0.00215016 4.01297e-05 0.000564729 -9.89025e-05 -0.0004694 0.000230412 0.0031148
internal_weight=2.44005e+07 2.35084e+07 2.33281e+07 2.26524e+07 2.11397e+07 1.51263e+06 2.06102e+07 1.02662e+06 2.04629e+07 4.28703e+06 1.61759e+07 7.61198e+06 8.56393e+06 302350
internal_count=35881 35751 35722 35596 35288 308 35161 208 35122 16220 18902 14569 4333 301
cat_boundaries=0 1
cat_threshold=9
is_linear=0
shrinkage=0.05


Tree=274
num_leaves=15
num_cat=1
split_feature=4 18 11 14 26 11 8 2 23 2 30 10 22 11
split_gain=1519.58 1708.57 2821.22 2486.31 2289.76 3963.97 1996.82 1284.19 591.279 1520.07 620.703 801.136 607.242 1216.34
threshold=16.401501956730314 0.51408689069345981 -0.084349274973293392 1.7101084158511364 -0.5 0.10348476322433341 0.15974792189108142 16.684382928863482 -10.063395810728649 15.140579821840275 0 0.10270588205001192 17.223726295556734 0.046260074339423661
decision_type=2 10 2 10 2 2 2 2 8 2 1 2 2 2
left_child=7 2 -2 -4 -3 -6 -5 8 9 -1 11 -10 13 -12
right_child=1 4 3 6 5 -7 -8 -9 10 -11 12 -13 -14 -15
leaf_value=0.00070973763707289129 -2.1124712884602166e-05 -0.00048975407621315483 6.7667061096951975e-05 -1.7261858719867037e-05 0.00018105725506638569 -9.3325174684873627e-05 0.00029561172881568601 -0.00065193913815718354 0.0084529398137230295 0.003364655457973337 0.00032193903321021147 -0.00052863855114862685 8.2346397209353951e-05 -0.0014406591737605029
leaf_weight=183639.83458805084 948269.23950195312 512169.6494140625 801360.66577148438 523901.0576171875 653710.15649414062 467739.4365234375 531438.634765625 128703.150390625 221977.86994934082 59834.16015625 4709229.8007378578 162252.49601745605 10392971.640564322 3942715.1628504992
leaf_count=421 189 112 153 102 151 94 109 34 227 22 10320 160 15470 8281
internal_value=0.000165656 0.00100182 0.00175046 0.0028837 -0.000283625 0.000981422 0.00128931 -2.17755e-05 1.07933e-05 0.00245949 -1.98923e-05 0.00196974 -6.00341e-05 -0.000369473
internal_weight=2.42399e+07 4.43859e+06 2.80497e+06 1.8567e+06 1.63362e+06 1.12145e+06 1.05534e+06 1.98013e+07 1.96726e+07 243474 1.94291e+07 384230 1.90449e+07 8.65194e+06
internal_count=35845 910 553 364 357 245 211 34935 34901 443 34458 387 34071 18601
cat_boundaries=0 1
cat_threshold=2
is_linear=0
shrinkage=0.05


Tree=275
num_leaves=15
num_cat=0
split_feature=8 24 15 8 5 10 7 6 8 18 24 26 1 15
split_gain=899.219 2336.7 2193.24 2407.82 2087.48 2225.55 3477.82 2084.98 3466.37 1174.48 1798.08 1114.97 1039.79 3078.3
threshold=0.17089620152691587 2.6237885083862906 19.247516825326425 0.11951887288854611 17.374892477213375 -0.0094057094601386979 16.984176737668555 16.954827293078967 0.10981636949537552 0.73991455881546375 6.1185926698610364 -0.5 15.318614265512148 19.350799637334983
decision_type=2 8 2 2 2 2 2 2 2 8 8 2 2 2
left_child=1 2 4 -4 5 7 11 8 -1 -3 -11 -7 -2 -14
right_child=12 9 3 -5 -6 6 -8 -9 -10 10 -12 -13 13 -15
leaf_value=0.00055895329117739768 0.00022253992288105473 -0.00013793533698529221 3.8137765124613458e-05 0.0010269280948598601 -0.00052980293777598806 -0.00093284660543027252 0.00050401288939326246 -0.000513468342092963 -0.00012263911174710258 -0.0005835942971556962 0.0018620054563734442 0.00011876951316992305 -2.4619465742209287e-05 -0.002533707051836781
leaf_weight=233252.88882780075 14604948.247967482 1205189.9889934063 483618.63415527344 451901.85546875 241943.392578125 320331.82030487061 288780.2255859375 285086.05859375 719330.6490688324 261099.51290893555 150698.62490463257 712304.08498191833 3735539.1303710938 528538.48913574219
leaf_count=197 31181 1118 109 156 37 241 56 54 499 167 112 535 1148 177
internal_value=0.000171945 0.00074388 0.00143106 0.00352715 0.000730982 0.00115068 0.00257769 -0.000372894 0.000749785 -0.000844057 0.00146123 0.00122121 9.67446e-06 -0.000677245
internal_weight=2.42226e+07 5.35354e+06 3.73655e+06 935520 2.80103e+06 2.55909e+06 1.32142e+06 1.23767e+06 952584 1.61699e+06 411798 1.03264e+06 1.8869e+07 4.26408e+06
internal_count=35787 3281 1884 265 1619 1582 832 750 696 1397 279 776 32506 1325
is_linear=0
shrinkage=0.05


Tree=276
num_leaves=15
num_cat=1
split_feature=16 16 23 26 15 24 28 18 4 5 26 23 10 20
split_gain=1016.24 1160.9 1930.19 2800.67 4035.72 2120.14 1294.95 1183.58 1031.35 1102.09 1004.48 929.27 1190.59 1258.64
threshold=18.650510177953056 18.256563611593634 0.67676828523480714 0.6830127018922193 17.920116143856163 1.4547165740020251 0 0.19821970126942121 16.850127835172454 16.957484469440555 -0.68301270189221952 4.9560695645587414 -0.71374948355745926 -0.042524227494287491
decision_type=2 2 10 2 2 10 1 10 2 2 2 10 2 8
left_child=1 8 -3 4 6 -6 -4 -5 9 11 -8 -1 -13 -14
right_child=-2 2 3 7 5 -7 10 -9 -10 -11 -12 12 13 -15
leaf_value=-0.00011252632573258747 -0.00016471958613955911 0.00051187468449322897 -0.0015362765065000561 -0.0011326117626397748 2.5560149593650688e-05 0.00029013502806636852 -0.001419173258282419 -0.0026331708114930305 -2.9856482703096464e-05 -0.0038340594716723014 0.00022816465530813696 -0.013072517879690016 0.0063895213005588109 0.00042899384969935836
leaf_weight=14851154.579062939 340791.78442382812 368032.96493530273 341678.70654296875 327883.75971984863 546213.140625 656292.5380859375 187528.62370300293 363051.32177734375 898662.11694335938 112815.01904296875 306952.85131835938 370794.80227923393 128839.20587730408 4152950.2100833654
leaf_count=24550 127 145 119 192 107 112 155 64 182 24 265 1456 276 7912
internal_value=-5.10914e-05 -1.19665e-05 0.00089026 0.000431961 0.00136435 0.00321941 -0.00130347 -0.00231913 -0.000148196 -7.23165e-05 0.00033219 -4.38134e-05 0.000572803 0.000808176
internal_weight=2.39536e+07 2.36128e+07 3.09763e+06 2.7296e+06 2.03867e+06 1.20251e+06 836160 690935 2.05152e+07 1.96166e+07 494481 1.95037e+07 4.65258e+06 4.28179e+06
internal_count=35686 35559 1159 1014 758 219 539 256 34400 34218 420 34194 9644 8188
cat_boundaries=0 1
cat_threshold=40
is_linear=0
shrinkage=0.05


Tree=277
num_leaves=15
num_cat=0
split_feature=3 8 0 9 21 9 2 17 2 20 19 3 0 10
split_gain=1133.53 1081.04 2696.79 1572.27 1343.04 1174.04 4386.98 836.915 2748.42 1990.96 2426.25 1379.77 1098.77 2662.18
threshold=17.441669403438507 0.064775341821398311 16.99330550331128 0.11252992811194856 10.631555854924844 0.13056622037921709 16.684382928863482 0.35659849993124221 16.995746452383802 0.0068051016399146005 -0.011639871753458797 16.153319173089113 16.272741767951768 0.12426973711345822
decision_type=2 2 2 2 10 2 2 2 2 8 2 2 2 2
left_child=1 2 4 -3 -1 6 -5 8 12 10 -9 -11 -7 -14
right_child=-2 3 -4 5 -6 7 -8 9 -10 11 -12 -13 13 -15
leaf_value=-0.002727240287543219 -3.5111124408166579e-05 -0.00023138693891718799 0.000422485411774416 -0.00011335978994512118 0.00082418266823929421 -2.8673845943560645e-05 0.0001524026420990973 7.7750061208346886e-06 -0.0013037081021623298 7.862502787885313e-05 0.00042053947279437 -0.001200443382146973 -1.0724809484763473e-05 0.0012368655534876576
leaf_weight=119365.52120554447 875964.8349609375 600821.92063903809 86426.6884765625 292362.58271789551 88244.381072998047 18463528.207507014 238385.34106445312 485080.16418457031 459307.78686523438 302871.68920898438 427044.69305419922 230537.71850585938 1052165.1848144531 515764.10278320312
leaf_count=402 128 214 16 203 61 33676 48 184 90 222 127 53 264 151
internal_value=2.8358e-05 9.45686e-05 0.00310716 5.61684e-05 1.76263e-05 0.000123672 0.00244735 6.74511e-05 -1.45772e-05 0.00123022 0.00264925 -0.0011963 7.31083e-05 0.00134386
internal_weight=2.42379e+07 2.33619e+07 294037 2.30679e+07 207610 2.2467e+07 530748 2.19363e+07 2.04908e+07 1.44553e+06 912125 533409 2.00315e+07 1.56793e+06
internal_count=35839 35711 479 35232 463 35018 251 34767 34181 586 311 275 34091 415
is_linear=0
shrinkage=0.05


Tree=278
num_leaves=15
num_cat=0
split_feature=1 19 2 4 19 1 2 2 21 4 0 24 17 20
split_gain=2217.42 2028.45 1799.16 699.266 1482.51 556.567 777.409 554.877 633.985 629.627 1108.15 791.498 762.956 622.59
threshold=17.151381608784849 -0.013532994891894247 17.154710110999769 16.850127835172454 -0.0053716608009118493 16.993748182993098 16.995746452383802 10.538607361457261 6.3296671503641448 16.401501956730314 16.395026300101303 1.9579585482887751 0.66017914091461261 0.054858233316907506
decision_type=2 2 2 2 2 2 2 2 10 2 2 10 2 10
left_child=2 -2 3 5 -5 6 7 8 -1 12 -11 -12 13 -9
right_child=1 -3 -4 4 -6 -7 -8 9 -10 10 11 -13 -14 -15
leaf_value=0.024393341420578099 -1.437860465072556e-05 0.00014512987174376788 -0.00030777533212108832 2.714912726944089e-05 -0.00015280210606111676 0.00018880487774007739 -0.0031508603518178527 -5.8856086799080653e-05 0.0026496515522255581 0.00059217314094153252 -0.00018031709268577251 0.00019518549771148645 -0.004104095282376926 -0.0011739329805843244
leaf_weight=13994.705261230469 614286.04638671875 1025752.0961914062 289990.4931640625 541733.60229492188 537865.26806640625 111302.80395507812 79265.9912109375 17149506.454097748 1737033.2187229395 434691.42065429688 430782.71459960938 403102.25830078125 166689.39770507812 770335.31360626221
leaf_count=40 99 167 55 112 113 25 18 20849 13030 125 105 98 80 799
internal_value=-2.42627e-05 0.00175114 -0.000152723 -0.000102011 -0.00134344 -3.90792e-05 -5.76063e-05 -3.90447e-05 0.0008133 -0.000116155 0.00096064 -0.000106319 -0.000191681 -0.00016036
internal_weight=2.43063e+07 1.64004e+06 2.26663e+07 2.23763e+07 1.0796e+06 2.12967e+07 2.11854e+07 2.11061e+07 1.75103e+06 1.93551e+07 1.26858e+06 833885 1.80865e+07 1.79198e+07
internal_count=35715 266 35449 35394 225 35169 35144 35126 13070 22056 328 203 21728 21648
is_linear=0
shrinkage=0.05


Tree=279
num_leaves=15
num_cat=1
split_feature=16 2 8 18 3 15 9 9 7 2 8 16 0 29
split_gain=2383.69 1567.31 1389.53 1368.42 2377.66 985.176 972.742 964.63 962.21 1057.83 1697.47 1703.8 1527.09 1954.08
threshold=18.110571972836489 16.995746452383802 0.31023692060750302 0.11692384011771841 16.690778174436563 19.203026137930177 0.33387660762949029 0.15902261461074893 16.984176737668555 15.256051248973158 0.11511944646971077 16.574267766561174 14.777696856139324 0
decision_type=2 2 2 10 2 2 2 2 2 2 2 2 2 1
left_child=1 8 3 -2 -5 7 -4 -6 9 12 -11 -12 -1 -14
right_child=2 -3 6 4 5 -7 -8 -9 -10 10 11 -13 13 -15
leaf_value=-9.9712642444099719e-05 -1.1458172170785688e-05 -0.0020077921786219189 -0.0048909702061160588 0.00055687167787281952 -2.6282953121909261e-05 4.3515669885449926e-05 -5.13634688049396e-06 9.3349673821768459e-05 4.7432535169081193e-05 0.00010413354721515747 -0.00010163193398700509 -0.00021004237227414 0.0068181641262350188 0.00024959191713397458
leaf_weight=13252604.033344865 947263.31771850586 261754.97314453125 162512.48498535156 674051.71166992188 583966.39697265625 927574.69189453125 380115.00469970703 773933.41333007812 70589.81982421875 361697.30712890625 2452290.7857666016 1282753.9664306641 190672.92858886719 1914728.8519287109
leaf_count=31364 752 53 71 181 115 144 292 145 14 104 948 398 105 1074
internal_value=0.000120986 -0.000114151 0.00116667 0.00149597 0.00202538 0.00125573 -0.00120422 0.000397748 -6.26277e-05 -8.37706e-05 -0.000797632 -0.00111435 0.000106652 0.00135754
internal_weight=2.42365e+07 1.97871e+07 4.44942e+06 3.90679e+06 2.95953e+06 2.28547e+06 542627 1.3579e+06 1.95253e+07 1.94547e+07 4.09674e+06 3.73504e+06 1.5358e+07 2.1054e+06
internal_count=35760 34060 1700 1337 585 404 363 260 34007 33993 1450 1346 32543 1179
cat_boundaries=0 1
cat_threshold=4
is_linear=0
shrinkage=0.05


Tree=280
num_leaves=15
num_cat=0
split_feature=9 10 20 19 15 1 20 2 7 19 19 11 11 6
split_gain=1550.87 2340.04 1589.21 1387.07 1381.31 1160.97 1156.47 767.347 1954.74 1725.64 2678.7 3630.94 3244.48 888.552
threshold=0.13056622037921709 0.057840140148659451 -0.0059867909158005488 -0.014159784794791548 19.240998570495709 16.993748182993098 0.013102011893775502 16.395876229078294 16.292036902815017 0.038131311719641459 0.011194478362104751 -0.026288712893304447 0.067650660159445763 16.310251285128391
decision_type=2 2 8 2 2 2 10 2 2 2 2 2 2 2
left_child=1 2 -1 -4 5 6 -5 8 13 10 11 -9 -13 -2
right_child=7 -3 3 4 -6 -7 -8 9 -10 -11 -12 12 -14 -15
leaf_value=0.00015100471449084447 5.9371799696277647e-05 0.00074592808791721515 -0.00040952291578994019 0.00011335146005535897 0.00015775680656282702 -0.001851539602615508 -5.9002812912391212e-05 -0.00019249935127328843 0.00068327374395719313 0.00021033861607530681 -0.0012084933815560946 4.929752720435872e-05 -6.2778844866867711e-05 -0.004493255244034355
leaf_weight=357325.19662475586 18811113.464130759 305391.41381835938 188742.39094543457 110922.36337280273 272030.51965332031 137410.53515625 148982.23765563965 803272.32006835938 504490.71704101562 491786.47216796875 634367.12426757812 542542.35961914062 698674.03637695312 86187.61865234375
leaf_count=123 34288 108 130 191 63 25 81 172 134 103 133 111 145 26
internal_value=0.000133474 0.00167895 0.00069582 -0.000470894 0.000596594 -0.00128286 0.00068238 2.93485e-05 0.000147198 -0.000691799 -0.00119159 -0.000310871 0.00138423 6.51973e-05
internal_weight=2.40932e+07 1.5208e+06 1.21541e+06 858088 669346 397315 259905 2.25724e+07 1.94018e+07 3.17064e+06 2.67886e+06 2.04449e+06 1.24122e+06 1.88973e+07
internal_count=35833 721 613 490 360 297 272 35112 34448 664 561 428 256 34314
is_linear=0
shrinkage=0.05


Tree=281
num_leaves=15
num_cat=2
split_feature=8 14 11 28 25 4 21 9 23 27 7 28 8 18
split_gain=2087.11 2701.14 2597.29 2623.71 1994 2275.47 2081.5 2000.91 1242.98 1052.79 952.546 948.714 1299.65 1009.25
threshold=0.13258276074683381 1.4822394545021564 -0.15655836780753851 0 -0.5 16.401501956730314 10.64927198777376 0.19777931787046935 2.0850945990171454 11.500000000000002 15.272077183352364 1 0.29170489475926575 0.99469856099704412
decision_type=2 10 2 1 2 2 10 2 10 2 2 1 2 10
left_child=1 8 3 -3 6 7 -4 10 -1 -2 -6 -11 -13 -14
right_child=9 2 4 -5 5 -7 -8 -9 -10 11 -12 12 13 -15
leaf_value=0.0010204348021203343 2.2324412214770735e-05 -2.1068933712992075e-05 -0.00031134815485767435 0.0017550267848645607 0.0006363780083943997 0.00022547642520112182 2.0264430055304815e-05 0.0020099784885400551 -0.0011747754066424444 0.0024246289648689511 -0.0030172564086988194 -0.0028755355528833418 -0.0033030533473438401 0.0021661239858252082
leaf_weight=113535.01252365112 19398150.07722199 103586.76769447327 548437.84202957153 121443.94473826885 152546.05989074707 881567.21313476562 326198.15065002441 115591.75411891937 508773.75492072105 85784.865490913391 157423.7587890625 626867.54605293274 666851.23603367805 311125.77185821533
leaf_count=141 31210 128 196 95 196 169 132 137 617 482 54 391 1398 473
internal_value=0.000129231 0.00135651 0.00211573 0.00723012 0.00158822 0.00282469 -0.000259657 -0.000177876 -0.00157981 -4.70495e-05 -0.00227154 -0.00124371 -0.00151755 -0.000378387
internal_weight=2.41179e+07 3.0291e+06 2.4068e+06 225031 2.18176e+06 1.30713e+06 874636 425562 622309 2.10888e+07 309970 1.69063e+06 1.60484e+06 977977
internal_count=35819 1865 1107 223 884 556 328 387 758 33954 250 2744 2262 1871
cat_boundaries=0 1 2
cat_threshold=521 3
is_linear=0
shrinkage=0.05


Tree=282
num_leaves=15
num_cat=1
split_feature=0 2 8 27 20 10 23 27 28 10 16 22 1 0
split_gain=1122.53 3274.96 1436.69 2016.86 1967.34 1781.78 928.756 850.919 1274.34 1115.77 1593.92 923.886 2544.02 3035.73
threshold=17.419860989426706 17.154710110999769 0.096436427034499561 3.5000000000000004 0.075003129718802464 0.020836784047787604 1.9773152728145902 11.500000000000002 0 0.017793595495978452 15.985870127497373 18.647042967283316 15.318614265512148 15.191273691281006
decision_type=2 2 2 2 8 2 10 2 1 2 2 2 2 2
left_child=1 2 3 -1 5 6 -5 11 9 -9 -11 12 13 -4
right_child=-2 -3 7 4 -6 -7 -8 8 -10 10 -12 -13 -14 -15
leaf_value=-0.0022069311015905872 0.0001478156245589068 -0.0014732985065217669 0.00012392608119140178 0.00027277075016186246 -0.00020466683833726733 4.5708221416485656e-06 0.00051126661054012726 -0.00086654358981285904 -0.0014730261145857505 0.00010741112358070161 0.0038860219747963278 9.7355478104359765e-05 -0.00018674614505619091 0.0017448291662085385
leaf_weight=190415.38091111183 846200.08642578125 678667.24609375 12022798.544503808 179200.87372970581 128077.59350252151 264653.89888954163 196129.97111797333 117391.43408107758 1484911.4928655624 46243.49266076088 44908.340572357178 4041666.6087876558 3174043.9311523438 678024.12487792969
leaf_count=234 124 124 26096 71 301 121 132 382 2079 278 59 4356 1106 336
internal_value=8.55811e-05 2.04675e-05 0.000123379 0.00201763 0.00315963 0.00429168 0.00650704 3.93632e-05 -0.00103662 0.00262328 0.00677386 0.000130852 -4.09777e-05 0.000275443
internal_weight=2.40933e+07 2.32471e+07 2.25685e+07 958478 768062 639985 375331 2.161e+07 1.69345e+06 208543 91151.8 1.99165e+07 1.58749e+07 1.27008e+07
internal_count=35799 35675 35551 859 625 324 203 34692 2798 719 337 31894 27538 26432
cat_boundaries=0 1
cat_threshold=139
is_linear=0
shrinkage=0.05


Tree=283
num_leaves=15
num_cat=0
split_feature=0 26 23 8 19 2 10 2 15 11 0 20 2 21
split_gain=2814.16 3097.62 2464.97 1703.79 4117.99 7571.93 1603.95 1149.16 1761.62 1419.38 807.529 2577.1 653.683 1334.65
threshold=16.99330550331128 -0.24999999999999997 2.5228400253385952 0.079084972427515068 -0.0059187558919284993 16.684382928863482 -0.0061821110627010992 16.395876229078294 19.177649224056299 -0.035948671361395144 16.272741767951768 0.047243736557596359 15.552773349616709 10.424475973262055
decision_type=2 2 10 2 2 2 2 2 2 2 2 8 2 8
left_child=3 -2 -3 4 -1 6 -6 10 9 -9 12 -12 -5 -14
right_child=1 2 -4 7 5 -7 -8 8 -10 -11 11 -13 13 -15
leaf_value=-0.0016167044316941839 7.5190443454442048e-05 -0.0003407375651509082 9.993738880986648e-05 5.0766426852158425e-05 0.0003991025126402939 0.00074875518219727586 -0.0028470528795449513 -7.7493265623921985e-05 -0.0004597747965368923 3.3328957324637745e-05 -0.00027066630304661273 0.0019918152472093542 -0.0010237183157412726 1.7223145794772303e-05
leaf_weight=165925.24251019955 872288.36352539062 712083.7294921875 661807.6298828125 16959018.836264968 54855.580552339554 71209.74853515625 83170.189331054688 647303.2470703125 756788.86547851562 567695.185546875 396233.65356445312 350639.67016601562 778416.435546875 1090014.8985595703
leaf_count=263 150 129 111 33418 130 15 156 145 195 133 113 106 289 382
internal_value=0.000140422 0.00182596 0.000346462 -3.22885e-05 0.00330829 0.00797319 0.00114123 -9.04546e-05 -0.00124096 -6.14683e-05 2.544e-05 0.00163786 -3.85237e-05 -0.000926128
internal_weight=2.41675e+07 2.24618e+06 1.37389e+06 2.19213e+07 375161 209236 138026 2.15461e+07 1.97179e+06 1.215e+06 1.95743e+07 746873 1.88275e+07 1.86843e+06
internal_count=35735 390 240 35345 564 301 286 34781 473 278 34308 219 34089 671
is_linear=0
shrinkage=0.05


Tree=284
num_leaves=15
num_cat=1
split_feature=22 19 0 16 16 28 10 1 0 19 4 20 14 19
split_gain=1622.61 1304.43 2903.45 1813.94 1303.44 2588.24 1257.48 1150.77 3383 972.219 1892 1114.51 1193.26 1090.2
threshold=21.068462403521643 0.061160380032340055 16.531633219399612 18.472836192843562 18.407908271991452 0 0.15015011507692308 15.467382582974407 14.973446251466557 -0.0093007948730438484 17.010791597598551 0.035857251897546509 2.1509423267881118 -0.0052027977376574493
decision_type=2 2 2 2 2 1 2 2 2 2 2 10 8 2
left_child=1 3 7 4 9 -6 -5 8 -3 10 11 -1 -13 -11
right_child=-2 2 -4 6 5 -7 -8 -9 -10 13 -12 12 -14 -15
leaf_value=5.3734489776949782e-05 0.00029518266353395392 0.0010393072568970528 0.00032239709505237378 -0.0011988705539073255 0.00068479576585896195 -5.3187542576326462e-05 -7.6993169522830411e-05 -0.00092382808389339171 0.0077919681658917099 -0.001954857864963968 3.3495360213691744e-05 0.00025532327253004883 0.0026807860770217112 -2.0651261474764264e-05
leaf_weight=8879534.8635448217 140988.07460021973 436343.05515086651 99209.68115234375 660197.43096923828 279445.10034179688 409745.64175415039 341086.00030517578 121144.95458984375 72494.846313476562 1522238.2077997923 507599.81884765625 106189.37187576294 72967.290244102478 10492950.704919934
leaf_count=14682 150 946 18 264 61 192 107 39 39 2350 89 141 97 16584
internal_value=7.18459e-05 4.04289e-05 0.00212281 -2.48194e-05 6.87808e-05 0.00220931 -0.00210669 0.000870767 0.00191348 4.24515e-07 0.000376526 0.000210075 0.0041145 -0.000299021
internal_weight=2.41421e+07 2.40011e+07 729193 2.3272e+07 2.22707e+07 689191 1.00128e+06 629983 508838 2.15815e+07 9.56629e+06 9.05869e+06 179157 1.20152e+07
internal_count=35759 35609 1042 34567 34196 253 371 1024 985 33943 15009 14920 238 18934
cat_boundaries=0 1
cat_threshold=544
is_linear=0
shrinkage=0.05


Tree=285
num_leaves=15
num_cat=0
split_feature=7 14 16 10 11 3 7 20 10 9 21 11 3 7
split_gain=3281.11 3134.19 2328.41 730.029 899.816 1185.3 679.136 617.268 1374.26 568.083 657.212 543.628 1626.32 584.584
threshold=16.984176737668555 2.3613364729033721 18.407908271991452 -0.5175113698312418 -0.78399509069922046 14.561583073875969 11.548051088124259 0.094421467364360259 -0.039677234406679092 1.5964556560467369 7.796094664218634 0.87175649648579878 15.042681194196861 14.37121988386861
decision_type=2 10 2 2 2 2 2 10 2 2 8 2 2 2
left_child=3 2 -2 6 5 9 -1 11 -9 -5 -11 -6 13 -13
right_child=1 -3 -4 4 7 -7 -8 8 -10 10 -12 12 -14 -15
leaf_value=0.0030122490349789336 2.9837768360232396e-05 -7.7420271534724258e-05 0.0001445413655181453 -0.00040773244575901868 4.6751707363324349e-07 0.007954415407599176 -0.0036281690080710812 -0.0022675566646037214 0.00060058451135071311 0.016990577604213963 0.011884527504270236 0.0045843157008575962 0.0028905864565357594 -0.0082693990832269897
leaf_weight=502539.62447762489 1073330.0219726562 701093.96826171875 672655.75634765625 196737.38630950451 18960684.37148428 42016.314575195312 1483740.0703430176 83321.65634727478 97760.092374801636 23239.352071762085 118138.54747009277 407308.54950428009 34846.664428710938 38361.294189453125
leaf_count=3882 183 129 108 652 26325 24 1916 109 114 159 770 1535 17 25
internal_value=0.000229438 0.00196621 0.00310011 3.61556e-05 0.000126942 0.00253637 -0.000878087 8.02653e-05 0.002986 0.00155214 0.00396981 5.32003e-05 0.00171406 0.000900677
internal_weight=2.44358e+07 2.44708e+06 1.74599e+06 2.19887e+07 2.00024e+07 380132 1.98628e+06 1.96223e+07 181082 338115 141378 1.94412e+07 480517 445670
internal_count=35948 420 291 35528 29730 1605 5798 28125 223 1581 929 27902 1577 1560
is_linear=0
shrinkage=0.05


Tree=286
num_leaves=15
num_cat=0
split_feature=0 6 3 2 0 1 1 2 24 0 25 3 2 3
split_gain=1299.32 2193.35 1519.27 1023.41 747.854 903.703 1603.6 836.438 701.07 1465.07 1458.75 1141.29 890.655 769.771
threshold=17.419860989426706 17.351774198266824 17.168440301826585 16.995746452383802 16.99330550331128 16.84045422280521 16.683255881525024 16.684382928863482 7.8914968238984153 14.095288981428773 -0.5 16.690778174436563 13.930144450595252 16.536166990069358
decision_type=2 2 2 2 2 2 2 2 10 2 2 2 2 2
left_child=1 2 3 4 5 6 7 8 11 12 -11 13 -10 -1
right_child=-2 -3 -4 -5 -6 -7 -8 -9 9 10 -12 -13 -14 -15
leaf_value=-3.1140287490707899e-05 3.9227235219003687e-05 -0.0031528961835536663 6.1993578134552128e-05 -0.0011848859364804161 3.1420291850554948e-05 -0.00026035216089975298 0.00021165750203121586 -0.0001601436387356085 0.00046041274124647972 0.003652161457635781 0.00017748547666608758 -0.00032627038182154826 -0.0081973973875514861 0.00024343336946565329
leaf_weight=18640314.800637245 837951.07958984375 217963.9599609375 613833.1796875 725067.2763671875 320949.52075195312 352608.63549804688 431559.22241210938 281361.63989257812 803546.39450001717 233600.32757568359 473117.53259277344 176992.71655273438 142095.91564941406 205411.25659179688
leaf_count=32022 123 35 114 146 68 79 101 69 2727 122 228 44 122 55
internal_value=6.11443e-05 -7.5019e-06 3.90008e-05 -2.71234e-05 3.36238e-05 -1.74679e-06 3.96444e-05 -2.24846e-05 1.43653e-05 0.00100226 0.00272447 -7.14457e-05 -0.000284821 -3.39136e-05
internal_weight=2.44564e+07 2.36184e+07 2.34005e+07 2.27866e+07 2.20616e+07 2.17406e+07 2.1388e+07 2.09564e+07 2.06751e+07 1.65236e+06 706718 1.90227e+07 945642 1.88457e+07
internal_count=36055 35932 35897 35783 35637 35569 35490 35389 35320 3199 350 32121 2849 32077
is_linear=0
shrinkage=0.05


Tree=287
num_leaves=15
num_cat=0
split_feature=8 10 4 9 0 23 26 4 8 7 11 19 21 4
split_gain=1666.73 2685.34 4648.71 2065.61 1897.51 2691.7 1584.74 1550.46 919.119 2288.57 1142.4 787.728 1363.25 1357.97
threshold=0.064775341821398311 0.020836784047787604 17.174121431257518 0.11252992811194856 16.99330550331128 2.3158080270847505 -0.5 17.174121431257518 0.13258276074683381 16.609407827796193 -0.1736777559771098 -0.019356527226552598 10.631555854924844 15.051618336847701
decision_type=2 2 2 2 2 10 2 2 2 2 2 2 10 2
left_child=1 2 6 -2 7 -6 -1 8 9 10 -5 -12 -13 -14
right_child=3 -3 -4 4 5 -7 -8 -9 -10 -11 11 12 13 -15
leaf_value=0.0012758622686390294 -0.00013884072302320106 -0.00021979730537928437 0.00045605919540298755 0.00089136851123127608 -0.00039493319939223339 0.00013854799522504551 -0.0019844511512125129 -0.00068944477500804439 -1.3803132177718833e-05 0.00054060511278479571 -0.00093039741447604638 -7.288734916369776e-05 -2.4100606810042189e-05 0.0023909378585055753
leaf_weight=43607.667776107788 720299.59574890137 184183.47142982483 86952.46044921875 159344.97015571594 708655.06640625 908168.06713867188 81308.356505155563 154673.24584960938 19882136.812281847 260921.7490234375 272172.31509017944 486815.91368865967 134183.28047180176 120025.29040527344
leaf_count=120 234 69 14 185 127 157 288 31 33761 57 214 390 172 47
internal_value=8.35969e-05 0.00330054 0.00713925 3.00809e-05 0.000112345 0.00176417 0.000960016 -1.20461e-05 2.41482e-05 0.00124692 0.000304489 -0.000314434 0.000530488 0.00349825
internal_weight=2.42034e+07 396052 211868 2.38074e+07 2.30871e+07 1.61682e+06 124916 2.14703e+07 2.13156e+07 1.43346e+06 1.17254e+06 1.0132e+06 741024 254209
internal_count=35866 491 422 35375 35141 284 408 34857 34826 1065 1008 823 609 219
is_linear=0
shrinkage=0.05


Tree=288
num_leaves=15
num_cat=0
split_feature=0 20 14 9 2 23 16 1 24 26 8 7 8 2
split_gain=5142.78 3155.89 3064.46 3527.84 2218 1522.66 1752.58 1234.05 928.595 1425.78 1523.94 924.665 750.709 719.307
threshold=16.845079520562013 0.016062210047968106 2.3613364729033721 0.17429314992524408 16.395876229078294 2.9455941718968108 18.256563611593634 16.531196752664069 23.043396053732206 0.6830127018922193 0.56577026668272157 13.824881421205969 0.36559395105160047 8.7352819860125823
decision_type=2 8 10 2 2 10 2 2 10 2 2 2 2 2
left_child=4 2 3 -2 7 6 -6 8 13 10 12 -12 -10 -1
right_child=1 -3 -4 -5 5 -7 -8 -9 9 -11 11 -13 -14 -15
leaf_value=0.005395866179243522 9.1114536738613972e-05 -4.0563134060732958e-05 1.6163927271579773e-05 0.00011742907313757507 7.3955232547039194e-05 -0.00046617208387845832 -0.0014675075961855441 0.0020807795387586749 0.003489784491033892 -0.0093533343321871992 0.011560536198972802 -0.012344659745485143 0.017883738164207349 -3.7246322181470185e-05
leaf_weight=951709.75206661224 961908.25830078125 627860.0771484375 632007.14599609375 638735.62255859375 672779.5185546875 528064.76635742188 431392.171875 149938.88037109375 79993.326412200928 93071.74712562561 58929.484170913696 62944.732116699219 75351.283676147461 18402101.96289444
leaf_count=8149 160 128 119 111 165 137 105 42 111 147 163 49 97 26235
internal_value=0.00019006 0.00218179 0.00306249 0.00422649 -7.4856e-05 -0.00184668 -0.000790576 7.06621e-05 3.631e-05 0.00251657 0.00431429 0.000128909 0.00759789 -1.11439e-05
internal_weight=2.43668e+07 2.86051e+06 2.23265e+06 1.60064e+06 2.15063e+07 1.63224e+06 1.10417e+06 1.9874e+07 1.97241e+07 370291 277219 121874 155345 1.93538e+07
internal_count=35918 518 390 271 35400 407 270 34993 34951 567 420 212 208 34384
is_linear=0
shrinkage=0.05


Tree=289
num_leaves=15
num_cat=0
split_feature=8 19 19 20 24 15 10 26 26 24 3 0 25 17
split_gain=1612.74 2239.46 2628.22 2287.67 2738.75 3038.25 3330.88 2296.32 1337.54 2350.85 1215.71 2591.38 1151.75 674.024
threshold=0.13258276074683381 0.053255371535972207 0.040781185357162006 0.0028328073285291506 4.1693538529427761 19.154990282375522 0.04619646019654141 0.93301270189221952 -0.24999999999999997 1.4958823093712301 17.441669403438507 17.152781891435371 -0.24999999999999997 0.39280578722323817
decision_type=2 2 2 8 10 2 2 2 2 10 2 2 2 2
left_child=1 2 3 4 5 6 12 8 9 -5 11 13 -1 -2
right_child=10 -3 -4 7 -6 -7 -8 -9 -10 -11 -12 -13 -14 -15
leaf_value=4.6390270376833113e-05 -3.7670750885870867e-05 -0.00058060030198311421 0.0010503377717791464 0.00051600788714756729 -0.0004735525873003458 0.00033040357346944646 0.00022666239392442304 0.00095910062445518543 -0.00095593488326829615 -0.0015322469108110743 -0.0011160431930090191 0.00010186429853760262 -0.0010110190927743439 -0.00054403827862366109
leaf_weight=197305.99140548706 19584877.280388355 260922.16084861755 190169.61740589142 160460.79037475586 236521.53120708466 585913.7607421875 219387.78347396851 133050.69689798355 634501.41312897205 196715.67930555344 516690.19873046875 398193.01708984375 312036.0346622467 731541.71313476562
leaf_count=89 33534 145 108 96 139 126 126 104 565 217 77 74 187 381
internal_value=1.1106e-05 0.00107122 0.00147496 0.00107132 0.00231619 0.00320734 0.00105202 -0.000645554 -0.00147309 0.00097436 -0.00014503 -8.52753e-05 -0.00116652 -0.000163568
internal_weight=2.43583e+07 3.12699e+06 2.86606e+06 2.67589e+06 1.55117e+06 1.31464e+06 728730 1.12473e+06 991678 357176 2.12313e+07 2.07146e+07 509342 2.03164e+07
internal_count=35968 1902 1757 1649 667 528 402 982 878 313 34066 33989 276 33915
is_linear=0
shrinkage=0.05


Tree=290
num_leaves=15
num_cat=0
split_feature=0 23 3 1 22 1 1 3 9 17 7 22 7 4
split_gain=1785.52 3351.98 3124.4 708.71 594.913 1213.65 1323.22 1079.36 1098.63 2802.25 935.62 924.615 780.312 1573.41
threshold=16.99330550331128 1.7678978680882202 17.441669403438507 16.993748182993098 19.600808566351393 16.394248834739713 16.034161566018657 15.671112823407698 0.24434486505599717 0.14902370886592511 14.411628191201983 19.418432177704755 15.094785014784197 14.610718329024341
decision_type=2 10 2 2 2 2 2 2 2 2 2 2 2 2
left_child=3 -2 -3 4 11 6 7 8 9 -6 -10 12 13 -1
right_child=1 2 -4 -5 5 -7 -8 -9 10 -11 -12 -13 -14 -15
leaf_value=-0.00013481748156483767 -0.00025391387642809463 0.00020832785226187965 -4.65979617120617e-06 -0.00095415194568593579 0.0044374016578423991 0.00019110279462637594 -0.003208669960227921 0.0018730562226165885 0.0010195815367527847 -0.00094755128619768971 -0.0029576199312629989 -0.0033619451751211271 -6.0398178134686445e-05 0.0016903143109321108
leaf_weight=12134762.894141197 647475.376953125 860622.90795898438 725837.24462890625 307017.67651367188 123059.03630065918 401247.50561523438 114499.88598632812 95211.624267578125 554541.23349189758 138606.28778076172 364464.23803710938 287478.42781925201 5484447.7935791016 2003935.2343139648
leaf_count=30290 119 163 103 63 114 91 31 31 1002 115 213 356 1948 1296
internal_value=7.83367e-05 0.0014252 0.00266253 -5.83699e-05 -2.46233e-05 0.000848072 0.000148983 0.000611062 0.000198082 0.00305645 -0.000615771 -0.000103152 -6.19108e-05 0.000134462
internal_weight=2.42432e+07 2.23394e+06 1.58646e+06 2.20093e+07 2.17023e+07 1.79163e+06 1.39038e+06 1.27588e+06 1.18067e+06 261665 919005 1.99106e+07 1.96231e+07 1.41387e+07
internal_count=35935 385 266 35550 35487 1597 1506 1475 1444 229 1215 33890 33534 31586
is_linear=0
shrinkage=0.05


Tree=291
num_leaves=15
num_cat=0
split_feature=4 3 23 24 17 26 16 2 27 17 3 19 20 9
split_gain=5250.17 2896.87 1980.29 650.059 1306.26 2330.52 1089.17 961.59 1051.29 1305.37 2268.83 983.046 1141.1 1799.83
threshold=17.010791597598551 17.441669403438507 2.0850945990171454 0.86965070831088365 0.22636566645953302 0.25000000000000017 18.342196337377381 14.515782578990523 9.5000000000000018 0.22636566645953302 16.274415002168297 0.020977209751282453 0.046668869783292155 0.27450485260356511
decision_type=2 2 10 8 2 2 2 2 2 2 2 2 8 2
left_child=3 2 -2 4 6 -6 -1 -5 11 10 -10 -9 -13 -14
right_child=1 -3 -4 7 5 -7 -8 8 9 -11 -12 12 13 -15
leaf_value=0.00012760573412551885 0.00010040364485656126 -2.3398372291244086e-05 0.00012381693762320792 9.5898503326680745e-05 -3.5188632641120937e-05 0.00077176761175842227 -0.0020076753640171628 -7.6013049210429479e-05 -2.2312256342806973e-05 -0.0019214849182550041 0.00053199695848686807 -0.002814564565502024 0.00078656410735267841 -0.00085221865854812539
leaf_weight=3526732.0773625374 804692.86987304688 870216.6845703125 612387.70458984375 10249148.698642731 481095.26513671875 342606.64709472656 232093.02612304688 3951920.5419311523 1233208.3655395508 271603.10290527344 301811.19653320312 762765.73120117188 235186.2275390625 451541.33459472656
leaf_count=6719 153 125 116 25111 193 138 162 1707 642 87 78 329 88 214
internal_value=0.0001749 0.002455 0.00384941 -6.17303e-05 0.000468272 0.00227159 7.30958e-05 -0.000200856 -0.000643356 0.000400744 0.00096609 -0.000992579 -0.00210636 -0.000627839
internal_weight=2.4327e+07 2.2873e+06 1.41708e+06 2.20397e+07 4.58253e+06 823702 3.75883e+06 1.74572e+07 7.20804e+06 1.80662e+06 1.53502e+06 5.40141e+06 1.44949e+06 686728
internal_count=35862 394 269 35468 7212 331 6881 28256 3145 807 720 2338 631 302
is_linear=0
shrinkage=0.05


Tree=292
num_leaves=15
num_cat=0
split_feature=0 26 9 1 9 3 5 4 3 7 0 9 24 2
split_gain=3530.95 2545.59 2897.05 1119.2 977.635 647.136 1125.49 589.458 1370.17 831.119 1006.15 752.255 665.922 623.241
threshold=16.845079520562013 1.0000000180025095e-35 0.16971074990467663 16.993748182993098 0.14967138442708725 16.850127835172454 16.793627513211842 16.546269291430637 16.399633848597894 16.392307788785264 16.272741767951768 0.099550145179683913 1.4547165740020251 15.801121753769563
decision_type=2 2 2 2 2 2 2 2 2 2 2 2 10 2
left_child=3 2 -2 5 -3 6 7 8 9 10 11 12 -1 -13
right_child=1 4 -4 -5 -6 -7 -8 -9 -10 -11 -12 13 -14 -15
leaf_value=0.0039995119271045935 1.0836062628181928e-05 0.00010705474984744391 0.00018696017510066133 -0.0017871765548982913 -0.00021425501909115336 8.9845875857066444e-05 -0.002175428942107037 0.0001676172781812231 -0.00060957809025596291 -0.0034386699426017953 0.00017465448587693797 2.2657192952240232e-05 -4.6663773868977285e-05 -0.0002461550746277376
leaf_weight=28410.903442382812 761951.3583984375 654505.626953125 661408.017578125 112296.45458984375 752147.35375976562 447521.41796875 113546.83203125 664238.82592773438 572305.43188476562 82306.83984375 558478.93920898438 17694397.15249896 27810.947036743164 1142101.1942138672
leaf_count=45 135 115 122 24 139 100 26 172 160 22 172 33961 156 396
internal_value=0.000197604 0.00185759 0.00334834 -2.14737e-05 0.000349125 4.73546e-06 -3.55794e-05 -8.43965e-06 -5.68545e-05 1.37968e-05 3.50124e-05 -2.68155e-05 0.0057482 -4.40524e-05
internal_weight=2.42734e+07 2.83001e+06 1.42336e+06 2.14434e+07 1.40665e+06 2.13311e+07 2.08836e+07 2.07701e+07 2.01058e+07 1.95335e+07 1.94512e+07 1.88927e+07 56221.9 1.88365e+07
internal_count=35745 511 257 35234 254 35210 35110 35084 34912 34752 34730 34558 201 34357
is_linear=0
shrinkage=0.05


Tree=293
num_leaves=15
num_cat=0
split_feature=0 10 2 24 11 11 1 24 8 4 20 11 21 2
split_gain=2697.38 2324.17 2056.8 1830.32 1765.12 4072.13 1912.26 1859.71 1353.85 1247.93 1732.11 2122.77 1353.81 1176.3
threshold=16.272741767951768 -0.15616372725677238 14.82926688053899 4.1693538529427761 0.099819082805541165 -0.042370076503590995 16.84045422280521 0.99073465505241309 0.10341675701245411 14.610718329024341 0.0031911152034562501 -0.073829069530051791 10.77626973116168 14.660260770403825
decision_type=2 2 2 10 2 2 2 8 2 2 8 2 10 2
left_child=2 -2 9 4 5 7 -7 -3 -4 -1 11 -11 -13 -12
right_child=1 3 8 -5 -6 6 -8 -9 -10 10 13 12 -14 -15
leaf_value=4.3621012812400319e-05 -0.00010386071120809377 -0.00023422698898508255 0.00046397337392804972 -0.00011357980848244673 -1.8982455936597364e-07 6.6663848905358601e-05 0.00011219046477279236 0.00017671003744953385 -0.00044871104160784669 0.00031451450929882122 -0.0008819237763368241 0.0049869930853895855 0.0013624267083701014 0.0031874312894630791
leaf_weight=12549347.300336242 617936.02978515625 449888.21240234375 243145.64721679688 572948.7080078125 815557.87719726562 525074.86547851562 951192.57934570312 837740.91357421875 4845008.2969360352 319624.38018798828 846589.55413818359 235142.34210205078 159164.896484375 259513.84497070312
leaf_count=31402 121 102 107 135 166 138 177 180 2177 209 558 150 100 152
internal_value=0.00018382 0.00124932 -7.74047e-05 0.00167506 0.00209505 0.00269819 0.00449058 0.000643208 -0.000941301 0.000228498 0.00145203 0.00337197 0.00582666 0.000212812
internal_weight=2.42279e+07 4.77034e+06 1.94575e+07 4.1524e+06 3.57945e+06 2.7639e+06 1.47627e+06 1.28763e+06 5.08815e+06 1.43694e+07 1.82004e+06 713932 394307 1.1061e+06
internal_count=35874 1019 34855 898 763 597 315 282 2284 32571 1169 459 250 710
is_linear=0
shrinkage=0.05


Tree=294
num_leaves=15
num_cat=0
split_feature=4 15 19 11 19 18 27 16 19 7 3 6 19 2
split_gain=1902.84 2875.33 2438.92 3662.77 2419.83 1984.69 2498.7 1322.37 1140.59 1075.45 588.136 2012.46 545.673 1081.39
threshold=16.160271952234268 19.355157843221431 0.0039419723110017506 -0.035948671361395144 -0.015044224044914999 0.51408689069345981 7.5000000000000009 18.256563611593634 -0.013014312526441299 16.200060939344187 16.153319173089113 16.096070044609853 -0.024565255806190598 15.394373704489619
decision_type=2 2 2 2 2 10 2 2 2 2 2 2 2 2
left_child=9 2 3 8 7 6 -4 -5 -2 10 11 12 13 -1
right_child=1 -3 5 4 -6 -7 -8 -9 -10 -11 -12 -13 -14 -15
leaf_value=-0.00014367005164406284 3.4045982794460129e-05 -8.9251949723812875e-05 -8.2628568205757475e-06 0.0004716154746570097 0.00050294554227527208 -7.4707747828158314e-05 0.0002108188813073004 -4.430486979031887e-06 -0.00061608148821180766 -0.0025113389942015545 -0.00044786186197919362 0.0018688217152971268 0.00012217471911627755 -0.0029567160772404461
leaf_weight=3951356.4001591206 634775.03833007812 613171.54614257812 749732.98510742188 465001.6865234375 549547.298828125 781171.85888671875 463054.59301757812 457614.44970703125 433777.74853515625 382591.7646484375 316937.6748046875 201049.2783203125 13814148.867803216 375129.60131835938
leaf_count=8006 148 128 159 115 122 180 101 87 98 109 104 65 26303 160
internal_value=0.000242858 0.00109575 0.00153028 0.00255753 0.00417493 0.000221356 0.00148737 0.00261043 0.000329216 1.22749e-05 6.60827e-05 0.000102984 4.7847e-05 -0.000442162
internal_weight=2.41891e+07 5.14785e+06 4.53468e+06 2.54072e+06 1.47216e+06 1.99396e+06 1.21279e+06 922616 1.06855e+06 1.90412e+07 1.86586e+07 1.83417e+07 1.81406e+07 4.32649e+06
internal_count=35885 1138 1010 570 324 440 260 202 246 34747 34638 34534 34469 8166
is_linear=0
shrinkage=0.05


Tree=295
num_leaves=15
num_cat=1
split_feature=5 17 22 7 22 3 2 9 19 15 15 8 15 28
split_gain=2162.26 3022.89 1407.72 893.729 1160.13 2648.69 937.538 2109.38 2634.95 1376.24 2009.82 991.852 1292.46 898.94
threshold=17.126432758044093 0.22636566645953302 21.068462403521643 16.984176737668555 19.612712971140649 15.804550983324974 15.256051248973158 0.17429314992524408 0.020792233175059852 19.335911568665306 19.282122796127904 0.24048856031090024 19.112388648776662 0
decision_type=2 2 2 2 2 2 2 2 2 2 2 2 2 1
left_child=2 -2 3 4 6 -6 -1 8 13 10 11 12 -9 -8
right_child=1 -3 -4 -5 5 -7 7 9 -10 -11 -12 -13 -14 -15
leaf_value=2.4955369993037995e-05 0.00010712843670018417 -8.7682621298696764e-06 0.00010891735052612965 -0.00020542708387397669 -7.6679614875179163e-05 0.00042609841584335408 4.4138498426982606e-05 -0.00053206810604584096 0.00057403319548501299 -0.0022099840353674524 0.00063481030431557987 -0.0018030665747651921 0.00016713575425882917 -0.00010600855534093413
leaf_weight=15151423.596848607 847345.82080078125 760332.27392578125 109134.42939758301 789080.248046875 1029725.7304859161 495680.11083984375 349624.78186035156 523800.69775390625 426555.40539550781 700751.93469238281 488902.21228027344 1349610.0366210938 391690.67114257812 736024.24499511719
leaf_count=32258 137 125 145 153 1202 125 92 182 125 248 176 517 127 222
internal_value=1.30845e-05 0.00178468 -0.000113265 -0.000140824 -8.05646e-05 0.00124885 -0.000181363 -0.000777504 0.000779914 -0.00145921 -0.000955817 -0.00158335 -0.000312986 -0.000528346
internal_weight=2.41497e+07 1.60768e+06 2.2542e+07 2.24329e+07 2.16438e+07 1.52541e+06 2.01184e+07 4.96696e+06 1.5122e+06 3.45476e+06 2.754e+06 2.2651e+06 915491 1.08565e+06
internal_count=35834 262 35572 35427 35274 1327 33947 1689 439 1250 1002 826 309 314
cat_boundaries=0 1
cat_threshold=520
is_linear=0
shrinkage=0.05


Tree=296
num_leaves=15
num_cat=2
split_feature=0 9 9 0 2 1 29 0 10 29 25 23 19 2
split_gain=2534.72 4054.52 1957.67 942.022 1877.01 1874.2 1217.46 1148.82 1317.75 1240.33 1145.12 1066.81 2180.82 912.723
threshold=16.99330550331128 0.20211980799428561 0.13056622037921709 14.547622183520915 13.930144450595252 14.379217573757371 0 13.689601408812736 -0.27081935094385562 1 0.93301270189221952 6.9837319657132264 -0.0059187558919284993 12.972252605521755
decision_type=2 2 2 2 2 2 1 2 2 1 2 10 2 2
left_child=3 2 -2 4 7 6 -5 13 -9 -10 11 -7 -13 -1
right_child=1 -3 -4 5 -6 10 -8 8 9 -11 -12 12 -14 -15
leaf_value=0.00036189589282236204 9.6045670942360135e-05 0.00011286243201112326 -0.00020458205767330212 0.0090645574743060883 -0.0018983976061568092 2.641198469339616e-05 0.0020654598920487647 -0.0017998256055293241 0.00010461340346303537 0.0051193447382843552 -0.00026563403232260997 0.00045531463979171718 -0.00014663218057339321 -0.0019701297627664717
leaf_weight=6428127.6245217323 678722.5791015625 749103.84497070312 747257.99755859375 152792.62310791016 3087945.8616943359 7328025.9437866211 317089.44390869141 260549.34161376953 420725.7692565918 584554.13479614258 763881.37072753906 258992.28759765625 281512.49499511719 2197144.1797332764
leaf_count=25072 116 134 127 110 2451 2991 223 214 456 633 302 107 120 2893
internal_value=0.0001494 0.00177793 0.000213286 -1.10151e-05 -0.000284505 0.000378957 0.00345416 5.14601e-05 0.00145806 0.00227936 0.000211567 0.000390997 0.00253468 -0.000154971
internal_weight=2.42564e+07 2.17508e+06 1.42598e+06 2.20813e+07 1.2979e+07 9.10229e+06 469882 9.8911e+06 1.26583e+06 1.00528e+06 8.63241e+06 7.86853e+06 540505 8.62527e+06
internal_count=35949 377 243 35572 31719 3853 333 29268 1303 1089 3520 3218 227 27965
cat_boundaries=0 1 2
cat_threshold=6 6
is_linear=0
shrinkage=0.05


Tree=297
num_leaves=15
num_cat=0
split_feature=19 3 7 1 25 17 8 17 8 23 1 0 15 9
split_gain=1377.33 3353.35 1448.08 1547.82 1175.59 1261.21 3347.1 1226.7 1155.95 1537.13 1182.56 1203.07 2135.73 2303.24
threshold=0.0039419723110017506 17.168440301826585 17.112074389479542 17.151381608784849 0.93301270189221952 0.35659849993124221 0.14845197074217406 0.31457028705829077 0.064775341821398311 2.5039231257198153 16.993748182993098 15.191273691281006 19.335911568665306 0.17869954049459022
decision_type=2 2 2 2 2 2 2 2 2 8 2 2 2 2
left_child=1 2 3 4 5 7 -7 8 9 -1 11 -10 13 -13
right_child=-2 -3 -4 -5 -6 6 -8 -9 10 -11 -12 12 -14 -15
leaf_value=0.0016703086200177319 -5.0846264681713722e-05 9.1445093029920928e-05 -0.0017242976658814692 5.3301268899636861e-05 -0.0009447426291118371 0.00021563455580306755 -4.6313651118074207e-05 -0.00052462160058547595 6.1459775708749088e-05 -0.00094581693231639546 -0.0028658837156462255 -5.5397303752947415e-05 -0.00031983940540664807 0.00069890232596412543
leaf_weight=31506.853917121887 9990715.7415367365 975867.310546875 216456.8056640625 83045.30810546875 1342612.5573558807 310775.95190429688 457880.45336914062 176647.55584716797 8210065.8573681116 38378.627935171127 102984.16015625 400900.50646972656 621209.15380859375 1383031.1895141602
leaf_count=58 14896 159 39 17 2106 92 245 59 17227 162 22 128 220 514
internal_value=0.000152253 0.00046606 0.000259616 0.00032634 0.000283125 0.000443495 0.00240137 0.000306243 0.000373917 0.00678359 0.000332125 0.000383855 0.00136731 0.00224654
internal_weight=2.43421e+07 1.43514e+07 1.33755e+07 1.3159e+07 1.3076e+07 1.17334e+07 768656 1.09647e+07 1.07881e+07 69885.5 1.07182e+07 1.06152e+07 2.40514e+06 1.78393e+06
internal_count=35944 21048 20889 20850 20833 18727 337 18390 18331 220 18111 18089 862 642
is_linear=0
shrinkage=0.05


Tree=298
num_leaves=15
num_cat=0
split_feature=0 21 10 9 9 11 15 0 6 7 23 9 8 19
split_gain=3826.04 2185.9 2675.22 3493.37 2066.45 1003.81 855.495 1117.86 703.594 1591.1 926.801 932.548 636.448 588.356
threshold=16.531633219399612 10.949198539433239 0.13173146616956369 0.20211980799428561 0.13056622037921709 -0.022923450325359647 19.426673924651187 14.973446251466557 16.605113665682349 16.392307788785264 13.480208117152952 0.41550380737700982 0.28523249973846182 0.020977209751282453
decision_type=2 10 2 2 2 2 2 2 2 2 10 2 2 2
left_child=6 2 3 4 -2 -3 8 12 9 10 13 -12 -8 -1
right_child=1 5 -4 -5 -6 -7 7 -9 -10 -11 11 -13 -14 -15
leaf_value=0.0001105472038975828 8.5086932203981018e-05 0.000148986555246474 -9.915978827353819e-05 0.00027305975929844381 7.1474191792412805e-06 -5.0485742899954378e-05 0.0031458990728547688 -0.0046667179352492816 0.00036837069142489393 -0.001913742889333103 0.0018255589844944583 -0.0015254690899195169 -0.0037793387148892391 -0.00019904477756424013
leaf_weight=13824402.014624476 753373.4140625 589198.12841796875 467804.71875 520033.75830078125 794532.00024414062 755991.50927734375 80464.200546264648 193973.61218261719 155611.34765625 351723.38720703125 61138.518920898438 59854.590631484985 302587.74053192139 5363070.1492702961
leaf_count=24593 148 116 108 105 161 126 79 76 35 91 44 165 469 9507
internal_value=0.000264239 0.00170319 0.00256748 0.00333991 0.00214876 7.39799e-05 -9.60639e-06 -0.0019074 4.56563e-05 1.91498e-05 7.98585e-05 0.00444218 -0.000341334 5.23504e-05
internal_weight=2.42738e+07 3.88093e+06 2.53574e+06 2.06794e+06 1.54791e+06 1.34519e+06 2.03928e+07 577026 1.98158e+07 1.96602e+07 1.93085e+07 120993 383052 1.91875e+07
internal_count=35823 764 522 414 309 242 35059 624 34435 34400 34309 209 548 34100
is_linear=0
shrinkage=0.05


Tree=299
num_leaves=15
num_cat=0
split_feature=0 2 24 25 25 9 3 21 15 15 15 24 0 9
split_gain=2124.62 1774.47 1461.99 2957.92 2346.54 4846.31 1599.55 2083.5 1476.48 1362.88 2215.27 1306.99 1033.71 810.498
threshold=15.554735341441647 15.552773349616709 0.98668192129992016 0.68301270189221941 -0.6830127018922193 0.20711755430775916 16.399633848597894 11.048277798141749 19.255681931610429 19.196375705064558 18.194842710884355 2.6579006910763554 16.99330550331128 0.23584305122844387
decision_type=2 2 10 2 2 2 2 10 2 2 2 10 2 2
left_child=1 -1 3 9 5 -4 8 12 11 10 -2 -6 13 -8
right_child=2 -3 4 -5 6 -7 7 -9 -10 -11 -12 -13 -14 -15
leaf_value=-7.696463302360267e-05 5.8302184458294374e-05 -0.0054587504249886181 -2.5690211436790229e-05 0.00029039549533208735 0.00037146131005406365 0.00024739238069197629 -9.8964775351702056e-05 0.00010382099871992129 0.00054239719337862064 0.00079869610112693354 -0.0010490776132616514 -0.0011432402441420616 -1.6396837104105723e-05 -0.00086816588890953588
leaf_weight=16781890.132398129 729837.47705078125 510175.736328125 552728.33862304688 538803.94323730469 419070.55163574219 648361.1708984375 553435.52954101562 683480.66333007812 549245.48229980469 398175.21997070312 421086.8056640625 390742.53857421875 556044.37426757812 468037.78881835938
leaf_count=33867 198 215 122 140 143 190 130 126 185 102 97 135 98 112
internal_value=0.000124865 -0.000171262 0.000866017 0.00197125 0.000387372 0.00230241 -0.000248015 -0.00106287 0.00110762 0.000861349 -1.09645e-05 -0.000249618 -0.00206193 -0.00300626
internal_weight=2.42011e+07 1.72921e+07 6.90905e+06 2.0879e+06 4.82115e+06 1.20109e+06 3.62006e+06 2.261e+06 1.35906e+06 1.5491e+06 1.15092e+06 809813 1.57752e+06 1.02147e+06
internal_count=35860 34082 1778 537 1241 312 929 466 463 397 295 278 340 242
is_linear=0
shrinkage=0.05


end of trees

feature_importances:
lag0=326
mom3_12=278
lag2=268
std12=249
thb_chg3=213
lag11=194
lag5=187
yoy12=185
std6=161
share_hs12=155
ctry_mean3=140
ccy_chg3=140
cos_m=140
inflation=134
lag1=127
hs_mean3=121
gdp_growth=120
mean6=116
mean12=116
sin_m=113
uv12=110
gdppc_log=106
pop_log=105
share_ctry12=104
hs4=78
mean3=70
origin_month=58
region=58
active12=16
income=12

parameters:
[boosting: gbdt]
[objective: quantile]
[metric: quantile]
[tree_learner: serial]
[device_type: cpu]
[data_sample_strategy: bagging]
[data: ]
[valid: ]
[num_iterations: 300]
[learning_rate: 0.05]
[num_leaves: 15]
[num_threads: 4]
[seed: 0]
[deterministic: 0]
[force_col_wise: 0]
[force_row_wise: 0]
[histogram_pool_size: -1]
[max_depth: -1]
[min_data_in_leaf: 100]
[min_sum_hessian_in_leaf: 0.001]
[bagging_fraction: 0.8]
[pos_bagging_fraction: 1]
[neg_bagging_fraction: 1]
[bagging_freq: 1]
[bagging_seed: 7719]
[bagging_by_query: 0]
[feature_fraction: 0.8]
[feature_fraction_bynode: 1]
[feature_fraction_seed: 2437]
[extra_trees: 0]
[extra_seed: 11797]
[early_stopping_round: 0]
[early_stopping_min_delta: 0]
[first_metric_only: 0]
[max_delta_step: 0]
[lambda_l1: 0]
[lambda_l2: 0]
[linear_lambda: 0]
[min_gain_to_split: 0]
[drop_rate: 0.1]
[max_drop: 50]
[skip_drop: 0.5]
[xgboost_dart_mode: 0]
[uniform_drop: 0]
[drop_seed: 21238]
[top_rate: 0.2]
[other_rate: 0.1]
[min_data_per_group: 100]
[max_cat_threshold: 32]
[cat_l2: 10]
[cat_smooth: 10]
[max_cat_to_onehot: 4]
[top_k: 20]
[monotone_constraints: ]
[monotone_constraints_method: basic]
[monotone_penalty: 0]
[feature_contri: ]
[forcedsplits_filename: ]
[refit_decay_rate: 0.9]
[cegb_tradeoff: 1]
[cegb_penalty_split: 0]
[cegb_penalty_feature_lazy: ]
[cegb_penalty_feature_coupled: ]
[path_smooth: 0]
[interaction_constraints: ]
[verbosity: -1]
[saved_feature_importance_type: 0]
[use_quantized_grad: 0]
[num_grad_quant_bins: 4]
[quant_train_renew_leaf: 0]
[stochastic_rounding: 1]
[linear_tree: 0]
[max_bin: 255]
[max_bin_by_feature: ]
[min_data_in_bin: 3]
[bin_construct_sample_cnt: 200000]
[data_random_seed: 38]
[is_enable_sparse: 1]
[enable_bundle: 1]
[use_missing: 1]
[zero_as_missing: 0]
[feature_pre_filter: 1]
[pre_partition: 0]
[two_round: 0]
[header: 0]
[label_column: ]
[weight_column: ]
[group_column: ]
[ignore_column: ]
[categorical_feature: 28,29,30]
[forcedbins_filename: ]
[precise_float_parser: 0]
[parser_config_file: ]
[objective_seed: 8855]
[num_class: 1]
[is_unbalance: 0]
[scale_pos_weight: 1]
[sigmoid: 1]
[boost_from_average: 1]
[reg_sqrt: 0]
[alpha: 0.9]
[fair_c: 1]
[poisson_max_delta_step: 0.7]
[tweedie_variance_power: 1.5]
[lambdarank_truncation_level: 30]
[lambdarank_norm: 1]
[label_gain: ]
[lambdarank_position_bias_regularization: 0]
[eval_at: ]
[multi_error_top_k: 1]
[auc_mu_weights: ]
[num_machines: 1]
[local_listen_port: 12400]
[time_out: 120]
[machine_list_filename: ]
[machines: ]
[gpu_platform_id: -1]
[gpu_device_id: -1]
[gpu_device_id_list: ]
[gpu_use_dp: 0]
[num_gpu: 1]

end of parameters

pandas_categorical:[["0301", "0302", "0303", "0304", "0305", "0306", "0307", "0308", "1604", "1605"], ["East Asia & Pacific", "Europe & Central Asia", "Latin America & Caribbean ", "Middle East, North Africa, Afghanistan & Pakistan", "North America", "South Asia", "Sub-Saharan Africa "], ["High income", "Low income", "Lower middle income", "Upper middle income"]]
