tree
version=v4
num_class=1
num_tree_per_iteration=1
label_index=0
max_feature_idx=30
objective=quantile
feature_names=lag0 lag1 lag2 lag5 lag11 mean3 mean6 mean12 std6 std12 mom3_12 yoy12 active12 since_last uv12 hs_mean3 ctry_mean3 share_hs12 share_ctry12 thb_chg3 ccy_chg3 gdppc_log pop_log gdp_growth inflation sin_m cos_m origin_month hs4 region income
feature_infos=[0:18.205255335410698] [0:18.205255335410698] [0:18.205255335410698] [0:18.205255335410698] [0:18.205255335410698] [0:18.157048131452463] [0:18.124264077093692] [0:18.035115378112071] [0:7.5608558192104249] [0:7.3277870058189585] [-13.843435827688648:1.3862609760987381] [-16.608309852465645:15.089828325648837] [0:12] [0:83] [-2.600506288365116:7.1655352645109822] [12.740363635469087:19.486066681140084] [0:18.809523438786815] [0:0.82993581876002709] [0:1.0000000000000002] [-0.13109644777546911:0.073659523213825295] [-0.17392252264560989:0.46498583640067781] [5.974823611473119:11.636223317283363] [10.533375393456884:21.095474558318681] [-32.9088287752921:63.334634365485499] [-3.7491452479962901:221.34164402336501] [-1:1] [-1:1] [1:12] -1:8:0:5:6:9:2:3:4:1:7 -1:0:1:3:2:5:4:6 -1:0:3:2:1
tree_sizes=1771 1809 1834 1830 1830 1846 1840 1810 1826 1829 1846 1821 1819 1825 1850 1833 1825 1818 1833 1835 1825 1845 1848 1832 1842 1830 1817 1847 1820 1831 1839 1835 1816 1838 1862 1798 1865 1813 1792 1833 1839 1816 1786 1817 1817 1817 1835 1845 1815 1852 1827 1808 1813 1845 1844 1821 1820 1809 1821 1804 1801 1834 1814 1830 1807 1805 1820 1812 1816 1837 1817 1835 1782 1820 1823 1850 1797 1814 1837 1838 1819 1798 1817 1848 1820 1841 1817 1809 1867 1854 1847 1809 1825 1829 1843 1834 1862 1811 1823 1818 1835 1844 1850 1820 1831 1816 1845 1842 1822 1839 1831 1805 1814 1832 1803 1826 1835 1799 1842 1834 1831 1842 1859 1828 1842 1825 1831 1824 1828 1831 1833 1838 1821 1834 1799 1821 1856 1826 1834 1836 1822 1808 1817 1828 1798 1838 1820 1820 1861 1812 1831 1819 1798 1807 1797 1831 1842 1806 1835 1833 1797 1802 1818 1813 1858 1818 1799 1837 1859 1838 1813 1812 1831 1808 1827 1802 1808 1820 1798 1844 1827 1859 1841 1808 1831 1841 1840 1825 1817 1839 1815 1829 1828 1825 1832 1829 1851 1844 1798 1833 1837 1832 1828 1854 1810 1825 1843 1830 1832 1817 1837 1838 1820 1841 1792 1826 1781 1840 1808 1841 1825 1840 1829 1843 1836 1837 1847 1855 1851 1820 1837 1801 1811 1831 1840 1859 1815 1835 1843 1834 1795 1797 1845 1822 1847 1858 1824 1823 1852 1820 1812 1823 1807 1824 1854 1845 1838 1825 1819 1841 1836 1807 1855 1859 1826 1823 1813 1837 1808 1828 1826 1853 1838 1849 1810 1795 1819 1813 1856 1823 1860 1811 1836 1834 1813 1829 1800 1815 1828 1849 1827 1799 1822 1852 1837 1817 1818 1846 1835 1840

Tree=0
num_leaves=15
num_cat=0
split_feature=9 9 10 3 4 11 10 20 23 21 23 18 11 21
split_gain=88289.2 19414.1 11247.8 7919.92 7037.38 5920.38 4287.76 4675.53 3240.44 3160.03 2639.7 2475.37 3150.8 3272.04
threshold=0.54019749695603159 0.23248354231585991 0.057731396464125909 13.165676847633454 16.049916458677085 -0.70689217244934521 0.11710673794931466 -0.03811659352642599 -2.4566517772303098 9.2713364699917058 6.7048748567085958 0.07853677169475852 0.14654200077562149 9.3012984624044073
decision_type=2 2 2 2 2 2 2 10 8 10 10 10 2 10
left_child=1 9 3 -2 6 -4 -3 8 -8 -1 -9 -7 13 -13
right_child=2 4 5 -5 -6 11 7 10 -10 -11 -12 12 -14 -15
leaf_value=0.46797396608271918 0.48525309686822987 0.46838603123348072 0.51551826543144341 0.47082701343176953 0.46360109177112707 0.49242569479210702 0.48859589522491004 0.46838839701727275 0.47653495039797256 0.45717162725832489 0.47601338969041546 0.49039178917302395 0.47892426126002707 0.47964458694614248
leaf_weight=778256.2038269043 2680665.6211280823 6052056.3124351501 194514.47254621983 1557541.8048095703 1753572.3547363281 864259.41690731049 122024.13185882568 1284403.4981594086 1059384.3294734955 5590626.6927566528 147880.96087646484 542903.14095020294 798493.74052810669 516725.28979301453
leaf_count=879 10789 7299 952 1442 425 4202 136 1466 1300 2802 138 1029 1621 1011
internal_value=0.470063 0.468081 0.474714 0.47307 0.469411 0.477104 0.469995 0.471688 0.474016 0.465907 0.469767 0.476502 0.475473 0.477261
internal_weight=2.39433e+07 1.67882e+07 7.1551e+06 4.23821e+06 1.04193e+07 2.9169e+06 8.66575e+06 2.61369e+06 1.18141e+06 6.36888e+06 1.43228e+06 2.72238e+06 1.85812e+06 1.05963e+06
internal_count=35491 14445 21046 12231 10764 8815 10339 3040 1436 3681 1604 7863 3661 2040
is_linear=0
shrinkage=1


Tree=1
num_leaves=15
num_cat=0
split_feature=9 4 10 17 9 11 6 5 10 3 21 9 11 23
split_gain=85319 16987.8 11485.6 8214.96 7292.32 5071.65 4684.87 4154.18 2777.5 2742.59 2585.51 2582.44 2163.23 2111.32
threshold=0.51451930858888673 16.049916458677085 0.054700591423640206 0.0024762954131378003 0.29916388825105145 -0.23321768026865977 15.215274927709807 14.994068672294743 -0.21887671941460413 14.71614422507146 7.4332380043719963 3.8247579411183437 -0.28581367116529671 6.3447365270717011
decision_type=2 2 2 2 2 2 2 2 2 2 8 2 2 10
left_child=1 4 3 -2 -1 6 11 13 -6 12 -10 -4 -5 -7
right_child=2 -3 5 9 8 7 -8 -9 10 -11 -12 -13 -14 -15
leaf_value=-0.0058168104977367463 0.018168399443775806 -0.0098501923755206829 0.018520211430941163 0.01079056104824843 -0.0041677130846399669 0.013248301887642575 0.02544078482499397 -0.0013088098465571111 0.010365364734423973 -0.0057620981136511538 0.0011738837195918155 0.034256270443236612 0.0022455067621434005 0.024984069643048282
leaf_weight=4886840.9840965271 1666092.045948267 5487265.8725585938 511968.81618976593 655190.80445861816 1427440.5577964783 1712032.9160583019 48041.762939453125 260032.41381835938 163132.99321365356 504686.08807373047 4382930.8426685333 226477.22545814514 1666419.7623176575 360568.3368396759
leaf_count=5174 7579 1225 1756 1321 1676 5073 20 133 329 271 5339 945 3361 1238
internal_value=-7.39438e-05 -0.00210989 0.00429875 0.00268034 -0.000964196 0.00662971 0.0101019 0.005459 0.000207677 0.00103871 0.000811826 0.00911763 0.00176491 0.00620638
internal_weight=2.39591e+07 1.63476e+07 7.61151e+06 4.49239e+06 1.08603e+07 3.11912e+06 786488 2.33263e+06 5.9735e+06 2.8263e+06 4.54606e+06 738446 2.32161e+06 2.0726e+06
internal_count=35440 13743 21697 12532 12518 9165 2721 6444 7344 4953 5668 2701 4682 6311
is_linear=0
shrinkage=0.05


Tree=2
num_leaves=15
num_cat=0
split_feature=3 4 8 10 10 21 4 14 8 8 24 17 10 11
split_gain=63836.5 13706.7 12741.2 7528.73 6341.07 5822.88 5106.56 3186.66 3350.12 2740.24 2702.54 2374.04 2372.26 2125.98
threshold=13.705381787501119 16.049916458677085 0.39336474996049631 0.10590083567411311 0.39721163600497628 10.228089216411165 12.168334196453968 1.4686940559539556 0.32786522699404014 5.0344714491282767 12.944662958778151 0.035424852318511453 0.19920680121470194 -0.28581367116529671
decision_type=2 2 2 2 2 10 2 10 2 2 10 2 2 2
left_child=2 3 12 10 6 7 9 8 -5 -4 11 13 -1 -2
right_child=1 -3 4 5 -6 -7 -8 -9 -10 -11 -12 -13 -14 -15
leaf_value=-0.00025118494874980674 0.0022101576535944849 -0.0090826247712533625 0.014388110449322158 0.0002445081240400444 0.025122337927676704 -0.0018586558385900844 0.0062000010232006724 0.010868501596977876 0.012224212531595811 0.025949287243437535 0.0063757024723926333 -0.0083822344485296584 0.0077331969225267212 -0.0037142848730263261
leaf_weight=2403364.2626225948 567255.10217285156 5571688.9367675781 2149341.0145936012 631387.26037597656 902688.04862737656 1283936.9284057617 2634481.6175384521 215081.48809814453 478039.15246582031 457778.00353240967 161821.31997680664 2647894.4293823242 466145.42677116394 3365667.9821166992
leaf_count=6068 435 1264 11194 388 3622 789 4230 122 326 1783 112 1462 1103 2417
internal_value=-0.000115032 -0.00212183 0.00320731 -0.000952128 0.00449197 0.00132887 0.00382539 0.00365478 0.00257493 0.0053942 -0.00183455 -0.00199152 0.000456549 -0.00121229
internal_weight=2.39366e+07 1.49228e+07 9.0138e+06 9.35108e+06 6.14429e+06 2.60844e+06 5.2416e+06 1.32451e+06 1.10943e+06 2.60712e+06 6.74264e+06 6.58082e+06 2.86951e+06 3.93292e+06
internal_count=35315 7315 28000 6051 20829 1625 17207 836 714 12977 4426 4314 7171 2852
is_linear=0
shrinkage=0.05


Tree=3
num_leaves=15
num_cat=0
split_feature=3 8 17 24 12 21 23 7 14 10 10 8 6 17
split_gain=58380.2 12565.1 11199.1 10471.3 5378.92 5333.03 4403.51 9304.94 4182.59 3446.72 3098.74 2094.76 1861.93 1577.92
threshold=13.867145959567095 0.52637108773727881 0.039834584320920761 12.944662958778151 10.500000000000002 9.4648677230992835 -3.7788034798973693 14.764916407818342 2.005470542065217 0.27257964039596866 0.10963722339384226 0.29851208742305507 15.947394267288711 0.0015521232345447002
decision_type=2 2 2 10 2 10 8 2 10 2 2 2 2 2
left_child=1 10 3 6 -3 8 7 -2 -4 13 11 -1 -7 -6
right_child=2 4 5 -5 9 12 -8 -9 -10 -11 -12 -13 -14 -15
leaf_value=-0.0036529986550708233 -0.0053032516636745174 0.025806041607634556 -0.0046332635184370826 0.016553394303075831 0.012416847703075226 -0.0071572472605146405 -0.0029123758673094877 0.018637065331802437 0.0060679895075147084 0.017812345720351501 0.0058595345023625478 0.0031705386447028077 -0.010719562250939535 0.0058514524715837062
leaf_weight=1485862.5749628544 202727.83758544922 1377924.5571682453 1149611.8646240234 234159.03497314453 877133.83795881271 2037701.9555053711 5096106.1548461914 163534.24682617188 400027.25305175781 840249.10080385208 1418270.6911010742 1674223.318649292 4872306.5107421875 1945327.3685760498
leaf_count=3682 166 7754 556 147 3463 1107 3404 69 111 2442 3226 3656 1086 4420
internal_value=-0.00020873 0.002797 -0.00225109 -0.000537295 0.00451926 -0.00340512 -0.000981139 0.0043143 -0.000754154 0.00351745 0.000900828 2.93874e-05 -0.00399963 0.00268058
internal_weight=2.37752e+07 9.61899e+06 1.41562e+07 5.69653e+06 5.04063e+06 8.45965e+06 5.46237e+06 366262 1.54964e+06 3.66271e+06 4.57836e+06 3.16009e+06 6.91001e+06 2.82246e+06
internal_count=35289 28643 6646 3786 18079 2860 3639 235 667 10325 10564 7338 2193 7883
is_linear=0
shrinkage=0.05


Tree=4
num_leaves=15
num_cat=1
split_feature=9 9 4 4 24 23 11 28 21 3 4 23 23 9
split_gain=61784.1 16043.5 7116.59 6614.25 3232.05 3127.14 3522.04 5079.2 2829.17 2729.92 2545.58 2976.48 2410.48 2239.04
threshold=0.54539815135773762 0.23248354231585991 16.049916458677085 11.054708024912474 12.944662958778151 6.7582366309950865 0.24467353100138475 0 10.335781717654472 14.71614422507146 14.271257725365887 -3.7788034798973693 4.3305736744223404 4.6419986860767146
decision_type=2 2 2 2 10 10 2 1 10 2 2 8 10 2
left_child=1 8 4 13 5 10 -7 -8 -1 -5 -3 -12 -6 -2
right_child=3 2 -4 9 12 6 7 -9 -10 -11 11 -13 -14 -15
leaf_value=-0.0030349790066355247 0.018464624681024954 0.00069376586559418514 -0.0049524004361594792 0.0090070451775103172 0.007205083453617935 -7.0175447544152926e-05 0.015892083406951064 0.0014373293233010038 -0.010977592586433443 -0.0014174653194414519 0.0033557584224779002 -0.0031790542983013703 0.02091154055938834 0.029578693808458248
leaf_weight=1158419.7803001404 1373319.54943645 3796641.418132782 1769509.8896484375 4492517.1238021851 169608.20389556885 567941.26064300537 172210.79570770264 203030.40863037109 5186800.446105957 637793.30041503906 249854.53057861328 3591709.7335205078 67272.53088760376 488122.34143066406
leaf_count=1222 9947 6705 435 8332 318 783 175 282 2427 333 136 2024 80 2141
internal_value=-0.000188119 -0.00182084 -0.000629392 0.00376608 -4.87103e-05 -0.000207749 0.00250846 0.0062674 -0.00380891 0.00283974 -0.000543153 -0.00145058 0.00571273 0.00631916
internal_weight=2.39248e+07 1.6933e+07 1.05878e+07 6.99175e+06 8.81827e+06 8.58139e+06 943182 375241 6.34522e+06 5.13031e+06 7.63821e+06 3.84156e+06 236881 1.86144e+06
internal_count=35340 14587 10938 20753 10503 10105 1240 457 3649 8665 8865 2160 398 12088
cat_boundaries=0 1
cat_threshold=612
is_linear=0
shrinkage=0.05


Tree=5
num_leaves=15
num_cat=1
split_feature=3 8 21 4 23 27 3 10 23 29 27 24 17 11
split_gain=49007 13463.7 11950.2 5262.37 5146.36 5298.42 4956.99 3067.75 2976.62 2826.98 2772.72 2953.14 2575.04 2498.21
threshold=14.145959163693803 0.44817736886037635 10.228089216411165 10.334312757427758 -1.4313464411276098 7.5000000000000009 15.930780293996753 0.11351930053705847 5.4741870197650853 0 9.5000000000000018 10.939485057873751 0.0010993754905701503 -0.10671893113296073
decision_type=2 2 8 2 10 2 2 2 10 1 2 10 2 2
left_child=1 -1 4 -3 5 -2 9 12 -9 13 11 -6 -5 -4
right_child=2 3 6 7 10 -7 -8 8 -10 -11 -12 -13 -14 -15
leaf_value=0.00045422925056270291 0.00012406212888598159 0.024483460159506861 0.0068469957347933085 0.014100406288734378 -0.0011495829824615504 0.016042540935170293 -0.0098194879329675591 0.0098776945189444042 0.023561531125348163 -0.0068225587471865794 -0.0064424153568401771 0.0055576814888052498 0.004428593007767009 -0.0040411659349568413
leaf_weight=4553391.0643452406 268167.11785888672 1252356.3294286728 391405.47772216797 680316.83923339844 2524654.403717041 208555.58081054688 4792432.8017578125 1383741.602394104 348645.77765655518 2823802.5330200195 919438.89593505859 216942.97766113281 2530208.3063583374 948512.48419189453
leaf_count=9496 149 9723 225 2221 1325 110 1073 2752 780 1700 463 89 4738 508
internal_value=-0.00021751 0.00228445 -0.00227134 0.00380154 -4.90539e-05 0.00483754 -0.00329804 0.00306804 0.00476376 -0.00203605 -0.000685363 0.000111494 0.00215303 -0.000144705
internal_weight=2.38426e+07 1.07487e+07 1.30939e+07 6.19527e+06 4.13776e+06 476723 8.95615e+06 4.94291e+06 1.73239e+06 4.16372e+06 3.66104e+06 2.7416e+06 3.21053e+06 1.33992e+06
internal_count=35352 29710 5642 20214 2136 259 3506 10491 3532 2433 1877 1414 6959 733
cat_boundaries=0 1
cat_threshold=24
is_linear=0
shrinkage=0.05


Tree=6
num_leaves=15
num_cat=1
split_feature=9 9 4 10 3 21 20 10 7 0 21 28 10 0
split_gain=51603.7 12418.3 8196.58 8018.83 5546.59 4622.1 4210.24 3810.57 2652.47 2532.95 2229.29 2775.07 2225.98 2110.99
threshold=0.39268567867288356 1.2898218407867541 16.049916458677085 0.039608830008564362 14.754531132300697 10.168939851082321 -0.022936951712009396 0.63617135863674357 11.573331246179965 14.418027002691629 9.1746073831275172 0 0.19524516626330438 14.742370668645821
decision_type=2 2 2 2 2 8 10 2 2 2 10 1 2 2
left_child=2 3 6 4 13 7 12 -5 -3 -10 11 -8 -1 -2
right_child=1 8 -4 5 -6 -7 10 -9 9 -11 -12 -13 -14 -15
leaf_value=-0.00087960055012768757 0.0015069525220657877 0.022996878293640582 -0.0078326650894122232 0.0093701975495528462 -0.0053514751143560191 0.0024359874676920267 0.0084007944636324636 0.021935338876233151 0.0083407166958159931 0.023059548744290718 -0.0070441906798503554 -0.0025983382611383232 0.0059871343996841866 0.0069824927806005346
leaf_weight=2858530.3440322876 3306244.89399755 1460928.975281477 4906823.9187011719 1682641.8086004257 1228132.1345214844 1523726.8068602085 95316.964233398438 85291.399816155434 1624547.6342773438 56860.0087890625 4007804.3338470459 400246.39623260498 446245.87561035156 127986.86218261719
leaf_count=3422 6134 10543 1083 2677 578 2137 42 191 3298 43 4187 479 495 74
internal_value=-0.000234463 0.00225718 -0.00240892 0.00120584 -0.000128102 0.00309526 -0.00140256 0.00483467 0.00491839 0.0035643 -0.00239717 0.000766481 -4.72223e-05 0.000903205
internal_weight=2.38113e+07 1.10964e+07 1.2715e+07 7.95402e+06 4.66236e+06 3.29166e+06 7.80814e+06 1.76793e+06 3.14234e+06 1.68141e+06 4.50337e+06 495563 3.30478e+06 3.43423e+06
internal_count=35383 25675 9708 11791 6786 5005 8625 2868 13884 3341 4708 521 3917 6208
cat_boundaries=0 1
cat_threshold=32
is_linear=0
shrinkage=0.05


Tree=7
num_leaves=15
num_cat=0
split_feature=9 9 10 7 24 2 9 10 7 23 21 14 7 3
split_gain=49383.2 16212 6100.16 5645.26 3878.75 4929.04 3226.33 3101.27 2558.11 3080.72 2303.11 2200.49 1610.72 3485.86
threshold=0.55517777282337666 0.23248354231585991 0.054700591423640206 16.203243434593986 12.944662958778151 15.558115647571157 1.1499178174730909 0.63617135863674357 14.016891534345174 -3.7788034798973693 10.168939851082321 1.4909813856250704 15.949843188029041 15.474442394707193
decision_type=2 2 2 2 10 2 2 2 2 8 10 10 2 2
left_child=1 11 6 4 8 -6 -2 12 -3 -10 -9 -1 13 -4
right_child=2 3 7 -5 5 -7 -8 10 9 -11 -12 -13 -14 -15
leaf_value=-0.0043636799954258707 0.0014113303188223259 0.0018425178758106947 0.012241022464507721 -0.0047650822105968814 0.0063440782538744956 0.02065611473671547 0.012496121842870736 0.030624214292645287 0.0043960770016506284 -0.0023956241903844745 0.017091244909397198 -0.0097632709614376492 -0.0097689430761571175 0.026349803195049711
leaf_weight=1507962.9783630371 2095876.3295413256 3730531.2332786322 2370186.0775401592 1733901.9543457031 193855.97514724731 62897.28955078125 1918703.9385621548 235482.08976221085 284381.25158691406 4878661.4694824219 125062.2367606163 4734776.3866462708 44910.494140625 48257.947998046875
leaf_count=1304 3666 7498 6965 400 395 21 8173 1119 160 2837 560 2300 14 21
internal_value=-0.000356253 -0.00179044 0.00323567 -0.000625412 -0.000129725 0.00592895 0.00198321 0.00501623 -0.000304636 -0.00102545 0.00934735 -0.00382168 0.00438232 0.00455654
internal_weight=2.39654e+07 1.7127e+07 6.83848e+06 1.08842e+07 9.15033e+06 256753 4.01458e+06 2.8239e+06 8.89357e+06 5.16304e+06 360544 6.24274e+06 2.46335e+06 2.41844e+06
internal_count=35433 14915 20518 11311 10911 416 11839 8679 10495 2997 1679 3604 7000 6986
is_linear=0
shrinkage=0.05


Tree=8
num_leaves=15
num_cat=1
split_feature=9 4 10 9 0 17 17 30 6 10 14 8 7 9
split_gain=48486.3 14506.9 6393.72 6367.34 5082.1 4091.94 2851.66 2569.09 2662.65 2209.45 1931.6 1717.35 3657.38 1698.05
threshold=0.52522400502433697 16.049916458677085 0.26793569800994638 0.23248354231585991 16.273039820797113 0.0020723865900179003 0.0026666507548390507 0 14.58134881869425 -0.27074280565889536 2.4201405926952608 0.37797849146382761 15.094785014784197 4.5196494238422966
decision_type=2 2 2 2 2 2 2 1 2 2 10 2 2 2
left_child=1 3 5 -1 6 13 -5 8 -4 -7 -8 -9 -13 -2
right_child=2 -3 7 4 -6 9 10 11 -10 -11 -12 12 -14 -15
leaf_value=-0.0069034492691850084 0.01004721566164102 -0.0076724282077998661 0.012920949129344465 0.0069635496718181119 0.00607257836476201 -0.00021790636437065891 -0.0005111175716202294 0.0060241371962598354 -0.011811542869521144 0.0053448437883481361 -0.0072372346589684392 0.020096063543021236 0.01635902291695733 0.020907610595221147
leaf_weight=2680014.192527771 1418921.1967792511 5710430.7976074219 730913.79671764374 620419.28690910339 178106.15649414062 1778129.2049636841 6882058.4221420288 148426.2043094635 82405.048461914062 1976389.7114715576 735821.38314056396 741795.61723327637 56782.3603515625 523779.42352294922
leaf_count=2845 6958 1275 2728 1663 55 3207 6435 217 50 3664 1822 2602 23 1992
internal_value=-0.000407668 -0.00189651 0.0029477 -0.000842716 -0.000166846 0.00213391 -0.000347501 0.00558151 0.00352021 0.00117002 -0.000612977 0.0073517 0.00826974 0.00399676
internal_weight=2.42644e+07 1.68069e+07 7.45754e+06 1.10964e+07 8.41641e+06 5.69722e+06 8.2383e+06 1.76032e+06 813319 3.75452e+06 7.61788e+06 947004 798578 1.9427e+06
internal_count=35536 14095 21441 12820 9975 15821 9920 5620 2778 6871 8257 2842 2625 8950
cat_boundaries=0 1
cat_threshold=1
is_linear=0
shrinkage=0.05


Tree=9
num_leaves=15
num_cat=1
split_feature=9 9 9 10 4 11 21 3 5 27 11 3 18 28
split_gain=42868.1 9374.13 7922.91 6248.48 4194.39 3572.09 3279.38 3224.29 2987.94 2899.16 2687.14 6619.32 4325.09 3713.95
threshold=0.420089133377123 0.20757198619191244 1.2898218407867541 -0.05636993168386429 17.017299882291177 -0.32204009398012173 10.183216718561182 14.71614422507146 14.137188209980989 9.5000000000000018 0.10358482946313426 15.474442394707193 0.097412661091844863 0
decision_type=2 2 2 2 2 2 8 2 2 2 2 2 10 1
left_child=1 -1 3 7 9 8 10 -2 -4 -3 11 -5 13 -12
right_child=2 4 5 6 -6 -7 -8 -9 -10 -11 12 -13 -14 -15
leaf_value=-0.0086489639727869994 0.0010961663697963669 -0.00033057409929509367 0.021803288106423513 0.0095209582370362998 -0.0054071418332800386 0.011200511995492515 0.0025896644336889387 -0.0055490083355144359 0.029289404490253995 -0.0045126148718890886 0.023118138832556895 0.023299270190039675 0.0011499063508130555 0.0087980025340820053
leaf_weight=5185361.5776023865 2521588.7849997282 5923998.7188510895 805484.50647306442 897202.99137699604 649778.49682617188 2273000.4752163887 1608864.5874216557 955583.14855957031 23509.425170898438 1966314.3133487701 100887.06143951416 66013.194946289062 773528.69668388367 135841.60100007057
leaf_count=2792 4693 5796 4175 1555 115 9559 2426 477 17 1934 218 26 975 492
internal_value=-0.000334338 -0.00215686 0.0021274 0.00120192 -0.00113866 0.0042336 0.00266746 -0.000307955 0.00704313 -0.000820678 0.00403339 0.00592292 0.00223184 0.00814561
internal_weight=2.3887e+07 1.37255e+07 1.01615e+07 7.05951e+06 8.54009e+06 3.10199e+06 3.58234e+06 3.47717e+06 828994 7.89031e+06 1.97347e+06 963216 1.01026e+06 236729
internal_count=35250 10637 24613 10862 7845 13751 5692 5170 4192 7730 3266 1581 1685 710
cat_boundaries=0 1
cat_threshold=326
is_linear=0
shrinkage=0.05


Tree=10
num_leaves=15
num_cat=1
split_feature=7 16 10 17 24 11 11 22 20 7 29 11 10 11
split_gain=34596.5 8108.63 7879.29 5601.23 4342.9 4484.14 2757.6 2739.74 3438.12 2650.59 3911.05 2538.12 2554.42 2478.59
threshold=14.052401915183104 17.674197710550775 0.30416158343979749 0.0041269648826346003 10.939485057873751 0.15014299859150793 -0.51910418096948596 18.784044453584031 0.0095657995287051507 15.949843188029041 0 0.067855845340616824 -0.029982923756839346 -0.081365541474151579
decision_type=2 2 2 2 10 2 2 2 8 2 1 2 2 2
left_child=2 4 3 13 7 -6 -4 9 -9 10 11 12 -2 -1
right_child=1 -3 6 -5 5 -7 -8 8 -10 -11 -12 -13 -14 -15
leaf_value=0.012774003061477416 -0.00097204080832262593 -0.0071966606092501526 0.027536636052956601 -3.3607261013345742e-05 0.013924396323615175 -0.0066173826314624542 0.012885192011120426 -0.0014892460758794835 0.0054907599068548009 -0.0064259645152435919 -0.0044730492160855347 -0.0029985293940377193 0.0067779496862237602 0.0048043684882780151
leaf_weight=1618861.0155967474 554193.62719726562 4317074.5649414062 173691.79476499557 4590932.0078125 250745.34619140625 194970.53576660156 1366558.3327634335 582207.12451171875 360403.34191894531 1686691.8090820312 4225239.4208984375 899891.76953125 615429.67700195312 2348816.0941376686
leaf_count=6174 322 1138 949 9983 130 98 4499 255 187 468 2604 508 349 7681
internal_value=-0.000451622 -0.00208962 0.00176833 0.00117585 -0.00126354 0.00355314 0.00506051 -0.00150411 0.00104518 -0.00180518 -0.00133352 0.000447298 0.0019832 0.00255177
internal_weight=2.37857e+07 1.36868e+07 1.00989e+07 8.55861e+06 9.36977e+06 445716 1.54025e+06 8.92406e+06 942610 7.98145e+06 6.29475e+06 2.06952e+06 1.16962e+06 3.96768e+06
internal_count=35345 6059 29286 23838 4921 228 5448 4693 442 4251 3783 1179 671 13855
cat_boundaries=0 1
cat_threshold=28
is_linear=0
shrinkage=0.05


Tree=11
num_leaves=15
num_cat=0
split_feature=9 9 21 9 17 5 14 10 6 10 7 7 10 11
split_gain=35824.2 8554.16 8047.83 4934.65 3922.37 4267.14 3647.33 3358.37 2443.88 2049.47 2041.68 1790.72 1788.98 1720.47
threshold=0.39268567867288356 0.7274076219841259 10.228089216411165 0.21233104827981572 0.037574652670296256 15.811000708615643 2.3502003251842658 0.25735062229531286 15.089388231494363 0.31028116350555474 11.385586169226622 15.156222478977648 -0.20238859030951675 -0.23908948645164949
decision_type=2 2 10 2 2 2 10 2 2 2 2 2 2 2
left_child=2 4 -1 -4 5 12 -5 10 9 -6 -3 13 -2 -9
right_child=1 7 3 6 8 -7 -8 11 -10 -11 -12 -13 -14 -15
leaf_value=-0.00046636196318362378 -0.0014750797014706639 0.016852641501994597 -0.0084125240077002183 -0.0017071425723998212 -0.0026585014736290745 0.0079252272005555201 -0.0050234939125485059 0.018554049585158609 -0.0060368881875555638 0.02053061982662991 0.0047649148474922607 0.025387307702852299 0.0034850532697324049 0.012455543178643383
leaf_weight=3874803.3142967224 1417045.046010375 1066086.6350128651 4663964.8049049377 3008869.9256591797 790080.56015014648 120340.4345703125 1257508.3612270355 335180.92381167412 853725.77551269531 96736.293395996094 2455353.191192627 25381.73828125 3040781.445320487 889037.50961637497
leaf_count=4147 2085 8012 2078 2342 820 44 1097 1587 298 116 4487 10 4924 3304
internal_value=-0.000452721 0.00162763 -0.00225439 -0.00308006 0.000420959 0.00118908 -0.00185117 0.00322574 -0.00159942 0.000238848 0.00243551 0.00545265 0.00093827 0.00518011
internal_weight=2.38949e+07 1.10897e+07 1.28051e+07 8.93034e+06 6.31871e+06 4.57817e+06 4.26638e+06 4.77104e+06 1.74054e+06 886817 3.52144e+06 1.2496e+06 4.45783e+06 1.22422e+06
internal_count=35351 25687 9664 5517 8287 7053 3439 17400 1234 936 12499 4901 7009 4891
is_linear=0
shrinkage=0.05


Tree=12
num_leaves=15
num_cat=2
split_feature=9 9 4 14 7 21 26 11 24 28 27 15 11 28
split_gain=31724.3 8622.26 8059.22 4257.37 3919.05 3789.92 3702.5 2832.39 2770.2 2622.58 2447.1 3329.53 2427.05 2266.48
threshold=0.39268567867288356 0.22101069469615353 11.89177276893099 2.3129427993509384 15.777918108991317 9.3012984624044073 -0.5 -0.38436295720537833 12.944662958778151 0 9.5000000000000018 18.213786588105226 0.010041080534270051 1
decision_type=2 2 2 10 2 10 2 2 10 1 2 2 2 1
left_child=1 5 7 9 6 -1 8 -2 13 10 11 -3 -11 -4
right_child=2 3 4 -5 -6 -7 -8 -9 -10 12 -12 -13 -14 -15
leaf_value=-0.0002122973391572009 0.023219843783153681 0.0051476476331331214 0.01028521993245534 -0.0042596877838963296 -0.0049202156294929486 -0.0080344270687432058 0.00023009528562985528 0.0095364372159636602 0.018903177591891248 0.0004169866055165045 -0.0044984003542669236 0.0066240185208492983 -0.0037439194135739776 0.0032218910386323518
leaf_weight=724303.21044921875 617179.39993989468 689481.37154388428 292076.5146484375 1627483.9099197388 686950.48413085938 4980963.1770858765 4770939.2615585327 2533732.5251089334 109809.94223022461 1923379.9057044983 269200.20809936523 124278.96835327148 2409189.7644386292 2030953.4993286133
leaf_count=815 4055 589 310 1954 210 2359 5867 12438 142 1783 207 66 1892 2566
internal_value=-0.000518709 -0.00221797 0.0014432 -0.00104763 0.000589588 -0.00366273 0.000933688 0.00358087 0.00252107 -0.00037372 0.00182707 0.00319412 -0.000923827 0.00215425
internal_weight=2.37899e+07 1.27483e+07 1.10416e+07 7.04301e+06 7.89073e+06 5.70527e+06 7.20378e+06 3.15091e+06 2.43284e+06 5.41553e+06 1.08296e+06 813760 4.33257e+06 2.32303e+06
internal_count=35253 9665 25588 6491 9095 3174 8885 16493 3018 4537 862 655 3675 2876
cat_boundaries=0 1 2
cat_threshold=36 160
is_linear=0
shrinkage=0.05


Tree=13
num_leaves=15
num_cat=0
split_feature=9 4 4 9 10 11 21 21 3 10 23 0 23 11
split_gain=31587.6 8837.54 6374.12 3344.88 3240.67 2941.22 2874.45 2221.27 2108.03 2022.44 1992.82 2216.39 1857.49 1837.01
threshold=0.420089133377123 15.942283699585921 12.6627197021299 0.22873494940835284 0.039608830008564362 -0.62594308622558603 9.4468899558839485 10.575700988984993 14.71614422507146 0.073426191008639563 6.7582366309950865 15.258203301366658 -3.3963816038280998 -0.042557768139254742
decision_type=2 2 2 2 2 2 10 8 2 2 10 2 10 2
left_child=1 3 5 -1 8 9 -3 12 -4 -2 13 -12 -6 -5
right_child=2 6 4 10 7 -7 -8 -9 -10 -11 11 -13 -14 -15
leaf_value=-0.005380866773180352 0.020391027726851783 -0.00031223794420586165 0.00070417516246228877 0.0008248560866158382 0.01403752193912247 0.0085796631149323635 -0.0066403473540852425 -0.00094111387917521824 -0.0053837991327236705 0.029299359287781712 0.0010223633537613777 0.0096277886777770966 0.0060725080388509866 -0.0027154524084348369
leaf_weight=2401061.9514389038 274903.41154336929 623725.89868164062 2451423.057434082 2072661.2713489532 168627.51861572266 4109912.2426424026 4780181.3701171875 616765.82957458496 1073014.6766357422 171889.02947688103 493319.25623703003 165729.54833984375 1306772.3581542969 3056679.7447814941
leaf_count=2652 1773 165 2936 2433 146 16473 1067 563 525 1068 748 66 1219 3492
internal_value=-0.000424022 -0.00200095 0.00168304 -0.000965336 0.000555742 0.00307254 -0.0035704 0.00211457 -0.000369602 0.0069253 -0.000314523 0.00227367 0.00316793 -0.00064707
internal_weight=2.37667e+07 1.35934e+07 1.01733e+07 8.18945e+06 5.6166e+06 4.5567e+06 5.40391e+06 2.09217e+06 3.52444e+06 446792 5.78839e+06 659049 1.4754e+06 5.12934e+06
internal_count=35326 10623 24703 9391 5389 19314 1232 1928 3461 2841 6739 814 1365 5925
is_linear=0
shrinkage=0.05


Tree=14
num_leaves=15
num_cat=1
split_feature=9 9 3 10 14 11 10 4 21 16 9 29 10 16
split_gain=25905.9 7821.09 6589.82 3929.24 3720.17 3637.3 3893.43 4987.83 3000.21 2663.37 2580.96 2544.12 1932.01 2144.24
threshold=0.39268567867288356 0.21233104827981572 12.717321425390722 0.5107851331194998 2.3502003251842658 -0.022939798456089646 -0.2579981517172113 16.411339423236502 10.29932155054273 18.52807987505204 4.3627265230836025 0 -0.2513261904335557 13.15918928418594
decision_type=2 2 2 2 10 2 2 2 10 2 2 1 2 2
left_child=1 8 3 10 5 6 -3 11 -1 -10 -2 -8 13 -4
right_child=2 4 12 -5 -6 -7 7 -9 9 -11 -12 -13 -14 -15
leaf_value=-0.00031261150984704302 0.0049596545412776841 -0.009856718688019515 0.0078353780628049752 0.020320761802990459 -0.0040930196531026612 -0.0022670071278763594 0.00014281653910980401 0.0066271367401691417 -0.007801006758425078 -0.00067578270896346236 0.015893959608452305 0.006406288974911978 0.0018431711316844726 -0.0045122125330751021
leaf_weight=704599.16160202026 3376331.2216564417 335602.10661315918 339641.91104125977 475260.26592433453 1353675.0592861176 3783013.317943573 1424095.7308921814 170683.54467773438 4349512.5799407959 288918.39263916016 915165.73766326904 412899.49443054199 4113343.3544006348 1823661.7944335938
leaf_count=867 13895 312 507 2404 1876 2774 1468 39 1993 88 3621 301 3712 1456
internal_value=-0.000426504 -0.00195524 0.00134858 0.00275013 -0.000911595 -0.00038744 0.00116055 0.00199382 -0.00341629 -0.00387807 0.00227241 0.00123416 0.000284186 -0.000925435
internal_weight=2.38664e+07 1.2823e+07 1.10434e+07 4.76676e+06 7.47997e+06 6.12629e+06 2.34328e+06 2.00768e+06 5.34303e+06 4.63843e+06 4.2915e+06 1.837e+06 6.27665e+06 2.1633e+06
internal_count=35313 9718 25595 19920 6770 4894 2120 1808 2948 2081 17516 1769 5675 1963
cat_boundaries=0 1
cat_threshold=23
is_linear=0
shrinkage=0.05


Tree=15
num_leaves=15
num_cat=1
split_feature=3 9 9 7 10 0 29 18 14 17 11 11 10 12
split_gain=30751.9 7651.14 6066.68 4186.05 3504 2303.67 3447.63 3013.83 2193.13 2677.76 2135.4 1781.45 1678.51 1622.73
threshold=14.145959163693803 0.22101069469615353 0.54019749695603159 16.110960638906878 0.5107851331194998 15.555951471921672 0 0.9810797574314748 1.5355535612626665 0.17521381558578317 -0.063096804445466434 -0.60625068646552716 0.11351930053705847 8.5000000000000018
decision_type=2 2 2 2 2 2 1 10 10 2 2 2 2 2
left_child=2 8 12 5 10 -3 7 -7 9 -2 -4 -6 -1 -12
right_child=1 3 4 -5 11 6 -8 -9 -10 -11 13 -13 -14 -15
leaf_value=-0.001295784785507779 -0.0073737010708434352 -0.0016573752135390198 0.010252990913765461 -0.0037896772630763493 0.02566829043309185 0.00031277136787080743 -0.0010359262339734616 0.013304831479452812 -0.0076428347681595779 0.000790122640955022 0.02151972613131703 0.017245963875389913 0.0030206205768143583 0.0029163873437695609
leaf_weight=3549581.9810886383 1055448.9219970703 4864456.4308166504 2379830.7944715023 2136727.697265625 76570.388014793396 289134.73706054688 506052.46655273438 274570.77087402344 3853476.8990478516 294432.66784667969 185081.89076948166 498935.39475536346 1371507.3696041107 2739905.4790992737
leaf_count=7061 433 3094 8232 509 488 109 212 103 1148 78 1395 2036 2559 7925
internal_value=-0.00058757 -0.00219952 0.00139342 -0.00123567 0.00247743 -0.000552387 0.00154836 0.00423774 -0.00369454 -0.00196018 0.00207542 0.00618306 9.81051e-05 0.00117055
internal_weight=2.40757e+07 1.32743e+07 1.08014e+07 8.07094e+06 5.88032e+06 5.93421e+06 1.06976e+06 563706 5.20336e+06 1.34988e+06 5.30482e+06 575506 4.92109e+06 2.92499e+06
internal_count=35382 5686 29696 4027 20076 3518 424 212 1659 511 17552 2524 9620 9320
cat_boundaries=0 1
cat_threshold=24
is_linear=0
shrinkage=0.05


Tree=16
num_leaves=15
num_cat=3
split_feature=3 21 9 23 12 24 23 28 14 7 28 23 24 29
split_gain=22329.6 7642.68 6847.89 3500.46 2652.19 2621.73 2243.92 2149.02 2148.26 1971.58 1790.39 5838.38 2571.25 1779.78
threshold=14.394605864404378 10.124374888846509 0.7274076219841259 2.1778171124778605 8.5000000000000018 12.944662958778151 -3.5566629618719445 0 1.455018823085074 14.969803638982372 1 2.6039781056343654 0.71970720841918912 2
decision_type=2 10 2 10 2 8 10 1 10 2 1 10 10 1
left_child=2 5 7 13 -4 6 -2 -1 -8 -7 11 -5 -12 -3
right_child=1 3 4 10 -6 9 8 -9 -10 -11 12 -13 -14 -15
leaf_value=0.0013373677273610296 0.011859832951379084 -0.0022107458371365047 0.023539032630293038 0.0064958398653728079 0.0073650668405205039 -0.0014507305475881381 -0.003649975730642799 -0.002618362165671924 0.0014472419090749663 0.0048997445152980171 0.00076623014217319478 -0.0046789199345529161 -0.004882048217845587 -0.0076232500887878935
leaf_weight=4970171.3843307495 230792.44415283203 843013.32958984375 545102.90401732922 347180.43737792969 3927153.5919222832 220265.83172607422 1961688.2753295898 2445955.0931721926 863874.19213867188 340940.33935546875 494332.35394287109 876127.90173339844 2617126.4077758789 3252630.7196655273
leaf_count=6932 97 430 4223 142 12931 159 1032 6524 329 114 182 412 929 979
internal_value=-0.00045605 -0.00197305 0.00108131 -0.00279798 0.00262661 -5.06125e-05 -0.000627399 0.00014943 -0.00101459 0.00309059 -0.00180764 -0.00018703 -0.00244479 -0.00384615
internal_weight=2.39364e+07 1.2048e+07 1.18884e+07 8.43041e+06 4.47226e+06 3.61756e+06 3.05635e+06 7.41613e+06 2.82556e+06 561206 4.33477e+06 1.22331e+06 3.11146e+06 4.09564e+06
internal_count=35415 4805 30610 3074 17154 1731 1458 13456 1361 273 1665 554 1111 1409
cat_boundaries=0 1 2 3
cat_threshold=484 96 10
is_linear=0
shrinkage=0.05


Tree=17
num_leaves=15
num_cat=0
split_feature=9 9 16 22 2 11 24 2 20 14 11 6 18 0
split_gain=22534.7 7360.14 5289.9 4802.71 3331.68 3285.81 2697.63 2613.08 2598.52 2180.35 2109.92 1996.62 1851.1 1750.15
threshold=0.33836075874026322 1.1499178174730909 17.289958734822715 18.523966482831309 16.401501956730314 0.099962294261870518 11.462667566961002 15.558115647571157 -0.013500732368024598 1.526093400234056 -0.62594308622558603 16.095743013269477 0.080791883009500368 12.86929955892783
decision_type=2 2 2 2 2 2 8 2 10 10 2 2 10 2
left_child=2 4 3 8 6 -5 12 -8 11 -4 13 -1 -2 -3
right_child=1 10 9 5 -6 -7 7 -9 -10 -11 -12 -13 -14 -15
leaf_value=0.00015979790259464417 0.0044975985683354596 0.021487748276753215 -0.00043132874128293621 -0.0014025538638966391 -0.0021183728855093584 0.0067655541464775081 0.0047612054623662435 0.013534277142455154 -0.0050092424640339576 -0.0065060061742658664 0.00850534170354518 -0.0042955341326702014 -0.00047338153129361299 0.02680418369144287
leaf_weight=2352617.6223659515 1946655.6526422501 368422.94520258904 385652.6103515625 191884.8228302002 426548.11645507812 209738.24053192139 682494.28012037277 122042.03271484375 2955431.5153045654 3964956.4956436157 2856051.6993379593 718480.35498046875 6488158.0355806351 43587.835723876953
leaf_count=2836 5432 2423 186 316 106 152 959 43 2643 1302 11814 195 6817 61
internal_value=-0.000526564 0.000880533 -0.00221501 -0.00130375 0.000186994 0.00399038 0.000386448 0.00315279 -0.00165656 -0.00356142 0.0029318 -0.000638059 0.000122587 0.00627673
internal_weight=2.37127e+07 1.2934e+07 1.07788e+07 6.42815e+06 9.6659e+06 401623 9.23935e+06 804536 6.02653e+06 4.35061e+06 3.26806e+06 3.0711e+06 8.43481e+06 412011
internal_count=35285 27655 7630 6142 13357 468 13251 1002 5674 1488 14298 3031 12249 2484
is_linear=0
shrinkage=0.05


Tree=18
num_leaves=15
num_cat=1
split_feature=3 9 21 29 3 26 10 14 26 0 24 10 7 25
split_gain=21044.3 6643.84 6420.04 4334.68 3321.39 2844.12 4622.39 2854.51 2473.65 2319.63 2273.16 2270.92 1975.5 1585.64
threshold=14.71614422507146 0.27887901350807187 10.099910774744044 0 8.1402640674214712 -0.5 0.042998513809185256 2.1197773696909596 0.25000000000000017 16.273039820797113 12.083481402384152 0.36503170426335579 12.998671757756828 0.25000000000000011
decision_type=2 2 8 1 2 2 2 10 2 2 8 2 2 2
left_child=1 -1 9 -4 -3 6 7 -5 11 10 -2 13 -10 -6
right_child=2 4 3 5 8 -7 -8 -9 12 -11 -12 -13 -14 -15
leaf_value=-0.0026531937221732681 -0.0022315231311159779 0.017699271620810669 -0.0070346171685066938 -0.0059952208063969769 0.0041758993613287406 -0.0047303302135661912 0.0038194992954825591 0.00011010809093102996 0.0043375030677534456 0.0032461356552792673 0.0013777959591966841 0.011568394311611281 -0.00172266166255524 0.0015523851015667237
leaf_weight=2264234.3516654968 1904645.6486206055 818509.63545429707 3531702.3813476562 480622.29138183594 3125046.9068927765 2673587.3473510742 430912.02172851562 351988.52453613281 2041212.1243343353 709982.76782226562 265690.64569091797 600283.43900680542 2313126.1979370117 2323344.0502586365
leaf_count=3444 907 6817 1161 153 6139 868 142 93 6707 183 125 1453 2278 4723
internal_value=-0.000396993 0.000904509 -0.00209296 -0.00286632 0.00140302 -0.00172546 0.000229375 -0.00194626 0.00116173 -8.75967e-05 -0.000899154 0.0018159 0.000253016 0.00149433
internal_weight=2.38349e+07 1.34858e+07 1.03491e+07 7.46881e+06 1.12215e+07 3.93711e+06 1.26352e+06 832611 1.0403e+07 2.88032e+06 2.17034e+06 6.04867e+06 4.35434e+06 5.44839e+06
internal_count=35193 31561 3632 2417 28117 1256 388 246 21300 1215 1032 12315 8985 10862
cat_boundaries=0 1
cat_threshold=1
is_linear=0
shrinkage=0.05


Tree=19
num_leaves=15
num_cat=0
split_feature=3 9 9 14 12 10 16 10 14 18 11 0 14 22
split_gain=20514.5 6996.88 4551.78 3621.65 2528.44 2272.31 3155.27 2152.83 2092.9 1924.37 1941.68 1870.78 1770.66 2450.27
threshold=14.394605864404378 0.21668140125577132 0.7274076219841259 2.3502003251842658 8.5000000000000018 -0.020904670007782348 18.287152929951038 0.10590083567411311 2.3894900308271798 0.055862040490955951 -1.1235255307413403 13.698229060096031 1.5355535612626665 18.387169605296958
decision_type=2 2 2 10 2 2 2 2 10 10 2 2 10 2
left_child=2 12 7 5 -4 -3 -7 -1 -9 11 -11 -6 13 -2
right_child=1 3 4 -5 9 6 -8 8 -10 10 -12 -13 -14 -15
leaf_value=-0.00076492870968193562 -0.0060615764793445848 -0.0025574263220058714 0.021437181843102206 -0.0038649953825992387 0.010255996599823809 3.4310217014002351e-05 0.0062787625230861753 0.0036431157449352287 -0.0050119191052447089 0.0285536011938771 0.002852910639779513 0.011418103155029608 -0.0067636137723856562 0.00071794285490491374
leaf_weight=5083210.3766971827 818672.43444824219 2859028.7860107422 555187.43508660793 1440212.4698486328 1308957.3069834709 2713034.3360595703 212067.41259765625 2090812.3766283989 259680.24690437317 50330.773257255554 2522201.5402193069 49519.578918457031 3642248.3199462891 362946.71826171875
leaf_count=9340 342 1448 4274 494 6696 1285 79 3073 1033 126 6059 61 1068 71
internal_value=-0.000522405 -0.00197739 0.000948243 -0.000992791 0.00220597 -0.000434168 0.0005456 0.00018921 0.00144051 0.00175988 0.000955969 0.00328224 -0.00345195 -0.00177011
internal_weight=2.39681e+07 1.20482e+07 1.19199e+07 7.22434e+06 4.4862e+06 5.78413e+06 2.9251e+06 7.4337e+06 2.35049e+06 3.93101e+06 2.57253e+06 1.35848e+06 4.82387e+06 1.18162e+06
internal_count=35449 4787 30662 3306 17216 2812 1364 13446 4106 12942 6185 6757 1481 413
is_linear=0
shrinkage=0.05


Tree=20
num_leaves=15
num_cat=1
split_feature=9 3 21 7 24 9 14 19 24 19 9 21 24 28
split_gain=20881.3 7837.09 4614.57 3952.89 4953.07 2804.34 2580.34 2818.18 3293.37 2654.4 2283.62 1779.98 2011.84 1823.88
threshold=0.27887901350807187 12.798267335490253 10.228089216411165 16.203243434593986 12.944662958778151 0.50877700216264066 1.4250604223353467 -0.031869132652534493 2.0000789954627005 0.03655989498873196 4.8362817394587063 10.64927198777376 0.36252960908502607 0
decision_type=2 2 10 2 10 2 8 2 8 2 2 10 10 1
left_child=2 10 6 4 -3 -6 -1 -8 -9 -10 -2 -4 -13 -14
right_child=1 3 11 -5 5 -7 7 8 9 -11 -12 12 13 -15
leaf_value=-0.002204947358026121 0.0052366405284826681 -0.00032117328315126536 -0.0062312201339452256 -0.0035673404958646523 0.0179125969286173 0.0058437185241769218 0.0066326908798064856 -0.0038109275765421157 0.0028748551178368591 0.0091148961242388353 0.016687322388648368 0.0033752400109943615 0.00036579440586110277 -0.0050002013418099763
leaf_weight=1425682.1871871948 4705131.2159364223 8662498.2647094727 3186766.6449279785 1147012.2578125 118898.62002563477 213043.43463134766 89529.82746887207 205300.03174972534 132702.17505264282 45652.730567932129 758182.07902526855 196480.13027954102 392088.66369628906 2746436.0655212402
leaf_count=1241 19260 7421 1541 262 77 200 85 160 330 73 2781 175 262 1397
internal_value=-0.000605332 0.000477491 -0.00261197 -0.000344935 7.57738e-06 0.00600149 -0.000442778 0.00275654 0.000892511 0.00586268 0.00200415 -0.00324355 -0.00243609 -0.00274336
internal_weight=2.40254e+07 1.56048e+07 8.42064e+06 1.01415e+07 8.99444e+06 331942 1.89887e+06 473185 383655 178355 5.46331e+06 6.52177e+06 3.335e+06 3.13852e+06
internal_count=35265 30001 5264 7960 7698 277 1889 648 563 403 22041 3375 1834 1659
cat_boundaries=0 1
cat_threshold=96
is_linear=0
shrinkage=0.05


Tree=21
num_leaves=15
num_cat=1
split_feature=9 3 30 10 16 16 14 24 15 11 11 3 19 3
split_gain=20856.1 5343.74 3421.4 3178.46 3022.8 2562.35 2513.56 3345.97 5901.08 2426.47 2011.19 3593.66 1982.69 2278.38
threshold=0.27887901350807187 12.077964696601235 0 -0.24561417360281981 18.435443290659602 18.213483320293424 1.5355535612626665 0.82582797440728506 19.172460310684176 -0.64306640571208618 -0.15743787092571618 15.674799135655663 0.061160380032340055 14.527206679404005
decision_type=2 2 1 2 2 2 10 10 2 2 2 2 2 2
left_child=2 9 6 12 5 10 7 8 -1 -2 11 -5 13 -3
right_child=1 3 -4 4 -6 -7 -8 -9 -10 -11 -12 -13 -14 -15
leaf_value=-0.0069097237674556923 0.021022793594100676 -0.00041591745678146711 -0.0012891912591522098 0.0026104777673972603 -0.0050840664377373029 0.0048650193950851165 -0.0053771074038097806 -0.0041471018874383635 0.0046349541911530918 0.0064356262060570732 0.00021557317095751802 0.011527623366940264 0.0049850017760144092 -0.0046714686642335699
leaf_weight=144340.96337890625 407607.6726282835 1868250.1049499512 1761051.8318557739 1845436.6932830811 372460.93179321289 262433.78207397461 5237897.0599212646 1256681.6098632812 124810.72009277344 3329467.9190430641 5758974.8371124268 183688.603515625 112065.16268920898 1399576.3261108398
leaf_count=176 2730 2579 1661 2007 152 196 2820 624 70 15973 5557 63 113 645
internal_value=-0.000499873 0.000590344 -0.00248725 6.86209e-05 0.00058838 0.000792117 -0.00299837 -0.00121251 0.0038468 0.00223811 0.000628371 0.001982 -0.00122667 -0.00145093
internal_weight=2.40647e+07 1.554e+07 8.52478e+06 1.18029e+07 8.42299e+06 8.05053e+06 6.76373e+06 1.52583e+06 269152 3.73708e+06 7.7881e+06 2.02913e+06 3.37989e+06 3.26783e+06
internal_count=35366 30015 5351 11312 7975 7823 3690 870 246 18703 7627 2070 3337 3224
cat_boundaries=0 1
cat_threshold=1
is_linear=0
shrinkage=0.05


Tree=22
num_leaves=15
num_cat=1
split_feature=7 17 10 0 23 7 28 24 14 14 14 24 26 17
split_gain=18011.7 6516.22 3794.24 3682.48 3103.57 3059.29 2752.79 2670.12 2631.58 2437.5 2228 1839.74 2946.79 1552.18
threshold=16.110960638906878 0.0056773469694189503 0.057731396464125909 16.273039820797113 2.1778171124778605 11.573331246179965 0 37.355000574376511 0.76244701590747577 1.5355535612626665 0.62614299215309666 7.8248135322397507 1.0000000180025095e-35 0.06191803781473601
decision_type=2 2 2 2 10 2 1 10 10 10 10 8 2 2
left_child=1 5 -3 8 -2 -1 -6 -7 10 13 -4 -10 -13 -8
right_child=4 2 3 -5 6 7 9 -9 11 -11 -12 12 -14 -15
leaf_value=0.012466468050322215 -0.0057750069784540965 -0.0025151336683215046 0.0043606374656221898 0.0034533701762777765 0.00058379838500426454 0.0020271341426964266 -0.0054257473429275361 0.015687046843049657 -0.00067872793887769072 -0.0044348600925497401 0.021002416593739002 0.01333481926230335 -0.0010385190115763073 0.00031444788492723634
leaf_weight=1652514.9538558722 2674407.6228027344 7797712.4895629883 491756.46485900879 153559.19458007812 769246.98779296875 4227170.9451599121 512630.18041992188 95211.256866455078 3465047.3150253296 1137756.8974609375 171120.53246307373 142496.82864379883 175225.49085235596 508332.03540039062
leaf_count=12714 598 9012 865 53 176 6862 148 117 3932 224 221 164 182 100
internal_value=-0.000545708 0.000211099 -0.000442634 0.000696351 -0.0030275 0.00156749 -0.00190278 0.000867924 0.000433403 -0.00281795 0.00333943 -7.58369e-05 0.00356561 -0.00104433
internal_weight=2.39742e+07 1.83718e+07 1.23969e+07 4.59921e+06 5.60237e+06 5.9749e+06 2.92797e+06 4.32238e+06 4.44565e+06 2.15872e+06 662877 3.78277e+06 317722 1.02096e+06
internal_count=35368 34122 14429 5417 1246 19693 648 6979 5364 472 1086 4278 346 248
cat_boundaries=0 1
cat_threshold=32
is_linear=0
shrinkage=0.05


Tree=23
num_leaves=15
num_cat=0
split_feature=9 7 17 0 17 16 4 24 11 11 3 23 26 24
split_gain=19061.8 5706.56 3824.13 3389.05 2978.02 3188.05 2484.2 2260.68 2167.39 1983.8 2248.81 1988.07 1804.31 2373
threshold=0.23654588296044946 16.110960638906878 0.0026666507548390507 16.273039820797113 0.013064256988525801 18.52807987505204 16.699285893163054 6.3672738948979655 -0.50583422173805725 -0.28581367116529671 15.809359978435861 3.4362486925359508 0.6830127018922193 1.4547165740020251
decision_type=2 2 2 2 2 2 2 10 2 2 2 10 2 10
left_child=4 2 8 9 -1 6 7 -6 -2 10 -4 -11 13 -3
right_child=1 12 3 -5 5 -7 -8 -9 -10 11 -12 -13 -14 -15
leaf_value=0.00055168870376955733 0.019246540302839787 -0.004386897565170157 0.002608030135220317 0.0032783950221897621 -0.0048184431850935927 0.00068183158748114298 -0.0057926591085349583 0.0024262557315245909 0.0052985791891652853 -0.0010704850686258701 0.01831902346383632 0.0012330167464285936 -0.010611098250526835 -9.1469590242955763e-05
leaf_weight=735205.28273010254 501175.93873631954 422872.82983398438 2075634.307849884 135177.22705078125 3098447.6976470947 349679.58038330078 2192462.2758789062 192587.4105682373 3147158.2122414112 6079976.5915222168 73759.122924804688 3620639.4075012207 449077.36303710938 1002167.7287597656
leaf_count=1021 3066 96 3177 47 2155 101 410 118 12105 7669 29 5212 111 244
internal_value=-0.000490912 0.000370825 0.000683371 0.000251919 -0.00278782 -0.00316579 -0.00346097 -0.00259234 0.00210074 0.000162118 0.00153648 -0.000142404 -0.00223637 -0.00136546
internal_weight=2.4076e+07 1.75076e+07 1.56335e+07 1.19852e+07 6.56838e+06 5.83318e+06 5.4835e+06 3.29104e+06 3.64833e+06 1.185e+07 2.14939e+06 9.70062e+06 1.87412e+06 1.42504e+06
internal_count=35561 31756 31305 16134 3805 2784 2683 2273 15171 16087 3206 12881 451 340
is_linear=0
shrinkage=0.05


Tree=24
num_leaves=15
num_cat=1
split_feature=6 17 10 28 8 14 11 9 25 26 11 4 27 22
split_gain=16234.6 5501.11 3551 3437.9 4244.94 3039.4 2510.77 2296.91 2213.55 1983.76 1720.05 1553.3 1436.98 2411.39
threshold=15.947394267288711 0.0043311947593818508 0.076401761267267623 0 0.25745182052255949 1.5355535612626665 -0.16603036525025322 0.33122621638117639 -0.24999999999999997 -0.5 -0.78186129748705457 10.47919380115259 9.5000000000000018 19.623793835603895
decision_type=2 2 2 1 2 10 2 2 2 2 2 2 2 2
left_child=1 6 7 4 -2 8 -1 -3 -5 -9 -4 -8 13 -12
right_child=3 2 10 5 -6 -7 11 9 -10 -11 12 -13 -14 -15
leaf_value=0.010397850359745581 0.0021690880764886084 -0.0034595971642207382 0.018898051360748049 0.00030312239141405559 -0.0056784589418193039 -0.004784690122697193 0.012067644477443892 0.0020103669711932651 -0.003220593707777079 -0.002427001773467604 0.0012849389287451036 0.00085743839603855197 -0.0007678752175661462 0.011016812674001576
leaf_weight=1609894.3219383955 637413.75073242188 3754806.8990020752 73927.49528503418 677843.78369140625 469052.86401367188 3214488.2734375 698730.4704003334 1678741.7826385498 869421.07470703125 3368719.6762771606 2764449.6453399658 2690317.0448303223 1203910.7208633423 206765.88205718994
leaf_count=6715 158 3842 140 176 116 680 5767 2206 230 4481 3545 5579 1511 258
internal_value=-0.000575929 0.000166808 -0.000373405 -0.00286054 -0.000349918 -0.00344391 0.00157721 -0.000946422 -0.00162315 -0.000249792 0.000813646 0.000804891 0.000679782 0.00127024
internal_weight=2.39185e+07 1.80503e+07 1.30513e+07 5.86822e+06 1.10647e+06 4.76175e+06 4.99894e+06 8.80227e+06 1.54726e+06 5.04746e+06 4.24905e+06 3.38905e+06 4.17513e+06 2.97122e+06
internal_count=35404 34044 15983 1360 274 1086 18061 10529 406 6687 5454 11346 5314 3803
cat_boundaries=0 1
cat_threshold=32
is_linear=0
shrinkage=0.05


Tree=25
num_leaves=15
num_cat=2
split_feature=9 9 10 22 10 21 22 7 20 7 28 20 29 3
split_gain=16530.7 5525.94 3326.53 4541.19 2764.57 2495.5 3549.92 2484.82 2280.19 2430.69 2251.75 2055.5 1822.9 2683.88
threshold=0.23654588296044946 0.5606805826185145 0.082746278235360265 19.577528614108676 0.63617135863674357 9.4648677230992835 18.474196691413308 15.777918108991317 -0.040738913403921891 16.110960638906878 0 -0.071673873822531028 1 15.930780293996753
decision_type=2 2 2 2 2 10 2 2 8 2 1 10 1 2
left_child=2 8 5 11 7 6 -1 -3 10 12 -2 -4 13 -10
right_child=1 4 3 -5 -6 -7 -8 -9 9 -11 -12 -13 -14 -15
leaf_value=-0.0042334724754265916 0.0046043116674994245 0.0041820522898924056 0.0013372287105262671 0.0021804683633977616 0.016406116344737147 -0.0049276362103279348 0.0069410195312462654 -0.013730992318285959 0.00071230742094762758 -0.00186187220559863 0.00019981098788957887 -0.0047404866035079879 -0.0012734491314632045 0.0062018945918381543
leaf_weight=639465.50890350342 187954.67329978943 6257339.1690191031 220061.84255981445 380201.53698730469 363238.77413713932 4482147.1495437622 87720.832244873047 162075.99584960938 1351382.422870636 1740986.8315429688 323004.4501953125 838616.00820159912 6891294.7125667334 182518.78686523438
leaf_count=700 172 18721 232 101 1695 2175 140 52 1547 415 401 464 8589 65
internal_value=-0.000571531 0.000236387 -0.00269332 -0.000565216 0.00135243 -0.00328112 -0.000564196 0.00111231 -0.00047258 -0.000636391 0.00278664 -0.00224854 -0.00028494 0.00127393
internal_weight=2.4108e+07 1.74598e+07 6.64821e+06 1.43888e+06 6.78265e+06 5.20933e+06 727186 6.41942e+06 1.06771e+07 1.01662e+07 510959 1.05868e+06 8.4252e+06 1.5339e+06
internal_count=35469 31657 3812 797 20468 3015 840 18773 11189 10616 573 696 10201 1612
cat_boundaries=0 1 2
cat_threshold=548 8
is_linear=0
shrinkage=0.05


Tree=26
num_leaves=15
num_cat=0
split_feature=9 21 7 4 24 2 10 11 0 26 11 15 21 10
split_gain=15926.1 6280.08 3469.01 3274.15 3253.98 2279.57 2200.06 2992.25 3082.77 2134.5 2621.7 2011.9 1997.93 1962.57
threshold=0.33437136557031594 10.228089216411165 11.573331246179965 15.108937352739096 11.462667566961002 16.536166990069358 -0.22373515059471308 -0.84960719115031924 16.533265774342059 1.0000000180025095e-35 -0.081365541474151579 19.287850958630411 7.2495347864477209 -0.029982923756839346
decision_type=2 8 2 2 8 2 2 2 2 2 2 2 8 2
left_child=1 13 -2 -3 5 6 -4 -8 -9 10 11 -6 -11 -1
right_child=2 3 4 -5 9 -7 7 8 -10 12 -12 -13 -14 -15
leaf_value=-0.0030967433996998018 0.0085904484708022918 -0.0023669602273073812 -0.0027075683868581267 -0.0043201110356764823 0.011960712602874393 -0.0030822652605632809 0.020882213945936059 0.00073166581213744643 0.011189849273051534 0.011795131081717501 0.0025343768026451653 0.018598643071761411 -0.0022988325229568213 0.00063392754852989919
leaf_weight=1188939.9961109161 2155993.843978405 2581286.3099899292 3285941.0956115723 5313171.5993652344 91344.375030517578 317091.6728515625 111522.64999389648 6166840.9735107422 96905.25537109375 119379.32861328125 336879.4690246582 98718.591522216797 424178.08551025391 1791417.9280910492
leaf_count=1205 14988 3162 3866 1383 116 72 159 7644 28 130 354 90 460 1845
internal_value=-0.00059827 -0.00201522 0.00056866 -0.00275349 0.000210668 -7.03821e-05 6.65309e-05 0.000608223 0.000463684 0.00283039 0.00509798 0.00979334 0.000632105 -5.96731e-05
internal_weight=2.40796e+07 1.08748e+07 1.32048e+07 7.89446e+06 1.10488e+07 9.9783e+06 9.66121e+06 6.37527e+06 6.26375e+06 1.0705e+06 526942 190063 543557 2.98036e+06
internal_count=35502 7595 27907 4545 12919 11769 11697 7831 7672 1150 560 206 590 3050
is_linear=0
shrinkage=0.05


Tree=27
num_leaves=15
num_cat=1
split_feature=9 9 10 14 10 23 23 28 11 4 24 10 27 0
split_gain=13772.2 4635.85 3131.1 2869.62 2685.5 2639.5 2660.48 2568.56 2948.36 2452.29 2211.5 2045.06 2018.61 3227.38
threshold=0.23654588296044946 0.7274076219841259 0.076401761267267623 2.3129427993509384 -0.32723617230500673 2.1778171124778605 3.0199582761667703 0 0.036248094020917755 15.480583383983111 11.462667566961002 0.88133542160267464 9.5000000000000018 16.3974896391274
decision_type=2 2 2 10 2 10 10 1 2 2 10 2 2 2
left_child=2 3 -1 4 -2 -4 -7 12 10 -10 -9 -3 13 -6
right_child=1 11 5 -5 7 6 -8 8 9 -11 -12 -13 -14 -15
leaf_value=-0.0041534956705855048 -0.003956064681641557 0.0050147637620450054 -0.0041784952117745631 -0.0019749367950210209 0.0050217230428930342 0.00322799121387247 -0.0015426142114291714 0.0011019493582471577 -0.00087186642855157097 -0.0037771040976131522 0.01368292327431006 0.029130961730876877 -0.0034674901835004407 0.0069132544206683055
leaf_weight=5018206.2547988892 1558147.1075099707 4611923.4992645979 697541.72896575928 2550656.4922637939 875159.1184387207 368332.74613189697 444653.70476531982 3510543.9809758663 2922238.6203994751 658015.80969238281 187776.48724365234 99104.388478517532 380914.38363647461 144585.79760742188
leaf_count=2893 1639 16583 316 3856 1037 165 357 3669 3354 220 147 706 364 34
internal_value=-0.000459343 0.000271831 -0.00241912 -0.000222119 0.000151744 -0.000423337 0.00151268 0.000494868 0.00011754 -0.00090524 0.00110767 0.00161265 0.00245565 0.00361577
internal_weight=2.40278e+07 1.74991e+07 6.52873e+06 1.2788e+07 1.02374e+07 1.51053e+06 812986 8.67923e+06 7.27857e+06 3.58025e+06 3.69832e+06 4.71103e+06 1.40066e+06 1.01974e+06
internal_count=35340 31609 3731 14320 10464 838 522 8825 7390 3574 3816 17289 1435 1071
cat_boundaries=0 1
cat_threshold=36
is_linear=0
shrinkage=0.05


Tree=28
num_leaves=15
num_cat=2
split_feature=9 3 26 14 21 19 28 27 24 28 21 4 10 4
split_gain=13333.5 5062.47 4114.17 3638.77 3159.92 2611.76 2193.35 3491.84 2183.78 2347.56 3994.77 3809.51 2083.3 1511.87
threshold=0.20288388148812353 12.798267335490253 -0.5 2.2926062479976781 10.430093805918245 0.029993409272914853 0 9.5000000000000018 10.434020817578153 1 10.836836505858395 16.856164222692549 0.5107851331194998 14.61471491831295
decision_type=2 2 2 10 10 2 1 2 10 1 10 2 2 2
left_child=4 12 8 5 -1 6 7 -4 9 10 -3 -12 -2 -6
right_child=1 2 3 -5 13 -7 -8 -9 -10 -11 11 -13 -14 -15
leaf_value=0.00019447710172172488 0.0034506451842277958 -9.8964202473359716e-05 0.0062642284571823165 -0.0068165073675020421 -0.0011075636292054356 0.0026404625190466573 -0.0021647423860038546 -0.0048637236843290139 0.0093167175354039247 -0.00048140649860869093 0.0086756272293890095 0.00082096455513584157 0.013654723194407862 -0.0044382330272801944
leaf_weight=768313.42598342896 5197294.9998270273 770840.71429443359 341846.31951904297 1771967.7203063965 431492.57321929932 953055.70114135742 5570900.3869934082 213406.42367553711 196339.2783203125 2858917.9418640137 258379.44854736328 268006.72973632812 479222.80220508575 3730810.1159667969
leaf_count=883 20457 544 193 1008 777 763 4455 119 131 2243 161 51 2450 971
internal_value=-0.000484154 0.000120494 -0.000416343 -0.00103526 -0.00279945 -0.000528056 -0.000906855 0.00208985 0.00084228 0.000598856 0.00236296 0.00572064 0.00136918 -0.00334328
internal_weight=2.38108e+07 1.88802e+07 1.32037e+07 8.85118e+06 4.93062e+06 7.07921e+06 6.12615e+06 555253 4.35248e+06 4.15614e+06 1.29723e+06 526386 5.67652e+06 4.1623e+06
internal_count=35206 32575 9668 6538 2631 5530 4767 312 3130 2999 756 212 22907 1748
cat_boundaries=0 1 2
cat_threshold=32 672
is_linear=0
shrinkage=0.05


Tree=29
num_leaves=15
num_cat=2
split_feature=7 17 10 28 24 10 22 29 23 3 17 27 15 17
split_gain=13825.9 4330.87 3380.37 2209.3 2824.56 1964.62 1838.62 2435.28 3543.82 3986.89 1857.33 1723.33 1700.22 1543.44
threshold=16.110960638906878 0.0026666507548390507 0.076401761267267623 0 1.5894288049463752 0.63617135863674357 19.612712971140649 1 -1.4313464411276098 14.636003621435345 0.038467917844971555 4.5000000000000009 19.343179532786586 0.019118082041358554
decision_type=2 2 2 1 10 2 2 1 8 2 2 2 2 2
left_child=1 -1 13 4 -2 6 7 12 9 -9 -8 -7 -4 -3
right_child=3 2 5 -5 -6 11 10 8 -10 -11 -12 -13 -14 -15
leaf_value=0.0053226523807673766 -0.003359441714808837 -0.00041979300865483971 -2.2461784648914704e-05 -0.0040538314168494143 0.00080020191604435404 0.025658364311368361 -0.0022624128919374489 0.0023559474752099076 0.0016737094348603047 0.016935906993685548 0.0078482423526573097 0.0055493544529029099 -0.0060194296770629306 -0.0025486704750212297
leaf_weight=3666975.5361738205 577793.52270507812 4736815.4702377319 2922413.7297554016 4322879.4997558594 577093.99780273438 46745.80286026001 144839.77906799316 117470.55016326904 976298.92198944092 107572.20166015625 265077.36572265625 142283.84069824219 322449.26428222656 4960489.5994873047
leaf_count=15378 138 7355 4180 945 138 113 200 172 1134 49 238 327 247 4698
internal_value=-0.00053001 0.000126158 -0.00025632 -0.00273523 -0.000792472 0.000793357 0.00059869 0.00030328 0.00222643 0.00788273 0.00380288 0.00579431 -0.000408729 -0.000802428
internal_weight=2.38872e+07 1.84094e+07 1.47425e+07 5.47777e+06 1.15489e+06 5.04515e+06 4.85612e+06 4.4462e+06 1.20134e+06 225043 409917 189030 3.24486e+06 9.69731e+06
internal_count=35312 34091 18713 1221 276 6660 6220 5782 1355 221 438 440 4427 12053
cat_boundaries=0 1 2
cat_threshold=32 83
is_linear=0
shrinkage=0.05


Tree=30
num_leaves=15
num_cat=0
split_feature=9 7 11 18 22 17 0 3 16 11 11 24 23 18
split_gain=14393.4 5247.48 3918.99 3559.51 2931.07 2721.52 2748.2 2112.52 1541.81 1576.34 1437.1 1361.83 1253.06 1373.81
threshold=0.24864430950222369 16.110960638906878 0.14654200077562149 0.96364400921308091 19.577528614108676 0.0025337633113254503 16.273039820797113 14.947591229164336 18.435443290659602 0.0064020624786324505 -0.62594308622558603 -1.8434447414988349 6.7048748567085958 0.082869223106110862
decision_type=2 2 2 8 2 2 2 2 2 2 2 8 10 10
left_child=2 5 3 7 -4 10 11 -1 9 -3 -2 -7 -13 -14
right_child=1 8 4 -5 -6 6 -8 -9 -10 -11 -12 12 13 -15
leaf_value=-0.0025829734463563249 0.017492414976448496 0.00010700227486063424 -0.0022997047719151673 0.0024745491402416385 0.00072298629240992213 0.015010450742547083 0.0030491435225884619 -0.0044284534893121305 -0.0035462500964473912 -0.0022518835984510193 0.0048389292479406477 -0.00022295587617908712 0.010987432586353391 0.00082235781513814244
leaf_weight=1412731.347694397 357248.2107667923 549480.75219726562 846241.12024307251 309573.8976726532 392499.84062194824 128164.44839477539 143677.75439453125 4173625.2332763672 428065.849609375 664165.84423828125 3146090.8546073437 10111943.449333191 454840.64735031128 906042.82462310791
leaf_count=2034 2375 133 760 191 119 148 50 1106 86 176 12482 13684 1177 960
internal_value=-0.00052947 0.00026596 -0.00241247 -0.0029496 0.000144092 0.000555145 0.000190315 -0.00323881 -0.00241996 -0.00150995 0.00177821 0.000105197 4.79398e-05 0.00147233
internal_weight=2.40244e+07 1.68897e+07 7.13467e+06 5.89593e+06 1.23874e+06 1.5248e+07 1.17447e+07 5.58636e+06 1.64171e+06 1.21365e+06 3.50334e+06 1.1601e+07 1.14728e+07 1.36088e+06
internal_count=35481 31271 4210 3331 879 30876 16019 3140 395 309 14857 15969 15821 2137
is_linear=0
shrinkage=0.05


Tree=31
num_leaves=15
num_cat=1
split_feature=3 14 9 0 12 23 15 23 29 2 11 23 15 15
split_gain=10189.3 4054.85 3651.22 2954.02 2790.39 2487.5 3393 2922.09 2477.4 2348.17 2832.49 4193.13 2049.3 2220.51
threshold=14.394605864404378 2.3502003251842658 0.21233104827981572 14.516636141839635 8.5000000000000018 1.3301870585578202 18.440224510330371 2.9155339332431152 0 16.04258516408715 0.10358482946313426 4.3305736744223404 19.343179532786586 18.144199797102726
decision_type=2 10 2 2 2 8 2 10 1 2 2 10 2 2
left_child=4 2 12 -4 -1 8 7 -7 -5 10 11 -8 13 -2
right_child=1 -3 3 5 -6 6 9 -9 -10 -11 -12 -13 -14 -15
leaf_value=0.016374749732222214 -0.0040570097804153637 -0.0036458743411068649 -0.0048124027115739139 0.0076733335272503997 0.0011209633896796464 0.0046007749245985446 -0.0010663584639245139 0.00057513989495397986 0.00059271164757803807 -0.0049279906035891233 -0.0055125966196337469 0.0050688659712804568 -0.0065329813482646664 -0.0012861161556087133
leaf_weight=556210.27741801739 1231890.0706787109 2199664.8428344727 1172977.5588989258 401353.14465332031 11400700.454894066 312666.5087890625 697402.72509765625 954821.69775390625 660119.974609375 757122.52197265625 615676.83557128906 288558.30700683594 784575.47290039062 1905095.3739013672
leaf_count=4440 474 727 831 166 26234 148 352 399 304 205 304 132 205 515
internal_value=-0.000388968 -0.00141944 -0.000983274 -0.000193097 0.000643662 0.000368424 -0.000254731 0.0018317 0.00249727 -0.00137588 -0.000291219 0.00137035 -0.00216418 -0.00159256
internal_weight=2.39388e+07 1.19819e+07 9.78226e+06 5.8607e+06 1.19569e+07 4.68772e+06 3.62625e+06 1.26749e+06 1.06147e+06 2.35876e+06 1.60164e+06 985961 3.92156e+06 3.13699e+06
internal_count=35436 4762 4035 2841 30674 2010 1540 547 470 993 788 484 1194 989
cat_boundaries=0 1
cat_threshold=8
is_linear=0
shrinkage=0.05


Tree=32
num_leaves=15
num_cat=0
split_feature=2 9 7 17 3 22 10 17 24 21 20 26 22 14
split_gain=11227.8 4274.29 2974.36 2767.08 2980.7 2800.01 2614.18 2585.36 2759.73 2339.93 3675.15 2064.31 2477.15 1886.17
threshold=16.401501956730314 0.23654588296044946 16.610412428583285 0.16098616860468853 16.401501956730314 19.62016056693923 0.039608830008564362 0.0044276839616685009 31.243014639083103 9.4145652021537938 -0.040738913403921891 -0.5 18.661337889755632 1.5355535612626665
decision_type=2 2 2 2 2 2 2 2 10 8 8 2 2 10
left_child=1 3 6 4 5 -1 7 8 -3 10 -8 12 -2 -13
right_child=11 2 -4 -5 -6 -7 9 -9 -10 -11 -12 13 -14 -15
leaf_value=-0.0019855422177433488 -0.0033457792210030389 0.003581004704136353 0.0021423272729202826 -0.0042568295572496841 0.0027746061194445738 0.0063693365898624737 0.010050814189407229 -0.0014817508310460553 0.014089696297554155 0.00045009813408789694 0.0046639242975976157 -0.0021286193446415991 0.00021825554079308083 -0.0059515045141489828
leaf_weight=2459608.115436554 678556.72509765625 2759335.1850448847 87545.2998046875 837498.27856445312 116603.736328125 93339.591064453125 65371.782781600952 6464128.3537368774 31298.340803146362 3811103.4616258144 2752692.6539611816 573015.17211914062 717073.94873046875 2321530.3315429688
leaf_count=2664 153 9832 20 412 33 92 124 7823 68 7289 5945 132 131 464
internal_value=-0.00041729 9.27137e-05 0.000439788 -0.0014879 -0.000701249 -0.00105831 0.000389132 -0.00015375 0.00111814 0.00114703 0.00223946 -0.00273284 -0.00115332 -0.00349442
internal_weight=2.37687e+07 1.94785e+07 1.59715e+07 3.50705e+06 2.66955e+06 2.55295e+06 1.58839e+07 9.25476e+06 2.79063e+06 6.62917e+06 2.81806e+06 4.29018e+06 1.39563e+06 2.89455e+06
internal_count=35182 34302 31101 3201 2789 2756 31081 17723 9900 13358 6069 880 284 596
is_linear=0
shrinkage=0.05


Tree=33
num_leaves=15
num_cat=0
split_feature=9 10 14 10 17 10 14 15 17 1 6 8 1 20
split_gain=9027.92 3589.02 5214.84 3520.36 2756.18 2265.79 2611.83 3220.08 2163.03 2039.96 3663.15 1820.12 2888.82 1767.04
threshold=0.20288388148812353 0.076401761267267623 1.526093400234056 0.59461324312808783 0.0026666507548390507 -0.22373515059471308 2.4000152134729311 19.344577984086857 0.015213760178090603 16.399633848597894 16.308496695165442 0.39000538692571796 15.398410027762599 -0.053432676894982038
decision_type=2 2 10 2 2 2 10 2 2 2 2 2 2 8
left_child=1 8 -3 4 -2 9 7 13 -1 10 -6 -8 -13 -7
right_child=3 2 -4 -5 5 6 11 -9 -10 -11 -12 12 -14 -15
leaf_value=0.0019581230609262332 0.0042656813859331434 0.0027853394923288807 -0.0030132779635356302 0.011425352420995211 -0.0024148985130038867 0.0034974279922683027 -0.0054978315835445806 -0.0041577814819114814 -0.0038230732268641991 -0.0063338442860505842 0.001673852006642859 -0.0016585836672753321 0.01487073096718612 0.00061143808947165031
leaf_weight=343181.51070022583 3454408.1576813459 227430.494140625 802425.21517181396 434610.01620876789 3666229.0993652344 240769.96755981445 890346.96321105957 1288836.4182128906 3483479.3789367676 339798.48803710938 111439.71411132812 385328.39639282227 33546.73876953125 8189663.3791999817
leaf_count=556 13849 167 326 1924 4843 252 1630 803 1603 62 28 1272 11 8077
internal_value=-0.000384677 -0.0023089 0.000311194 0.000106263 2.3248e-06 -0.000288346 8.53248e-05 0.000367731 -0.00301404 -0.00128921 -0.000955426 -0.00201117 0.000706832 0.000723575
internal_weight=2.38915e+07 4.85652e+06 1.02986e+06 1.9035e+07 1.86004e+07 1.5146e+07 1.10285e+07 9.71927e+06 3.82666e+06 4.11747e+06 3.77767e+06 1.30922e+06 418875 8.43043e+06
internal_count=35403 2652 493 32751 30827 16978 12045 9132 2159 4933 4871 2913 1283 8329
is_linear=0
shrinkage=0.05


Tree=34
num_leaves=15
num_cat=0
split_feature=8 23 18 15 12 19 20 10 10 11 17 19 23 23
split_gain=7195.21 2810.88 3346.36 3286.42 2388.66 2331.91 2275.54 1988.96 1932.84 2269.84 2083.96 1921.92 2893.74 1726.42
threshold=0.34922133974219643 2.5039231257198153 0.62659376118668419 19.344577984086857 7.5000000000000009 0.061160380032340055 -0.053432676894982038 -0.23418982621056633 -0.23418982621056633 -0.20744688166274364 0.0024762954131378003 -0.0093007948730438484 2.5543468899421558 -10.063395810728649
decision_type=2 8 8 2 2 2 8 2 2 2 2 2 10 8
left_child=1 2 6 5 -2 7 -1 -3 10 13 -6 12 -9 -10
right_child=4 3 -4 -5 8 -7 -8 11 9 -11 -12 -13 -14 -15
leaf_value=0.0018126590984576412 0.019477760302690782 -0.0043224383317400899 -0.00020695201111580147 -0.0051959580523753372 0.0053763318915720565 0.0024211401344680604 -0.0036435839077347907 0.0061092078245775592 0.020130794920974936 0.00086103240182163929 -0.0030860091888024639 -0.00055496139335167542 0.0005394722112777319 0.0061006993804228315
leaf_weight=249543.88262367249 320831.76690280437 663257.47421443462 1781605.4525604248 958257.56935119629 962757.03859472275 162316.97743606567 4328369.5724239349 125200.47455596924 56958.502339363098 5125031.6564331055 2649781.5420532227 2951452.5152339935 2112579.1352825165 1576561.5811400414
leaf_count=148 2776 743 1097 495 4018 143 3162 70 60 10337 3726 2714 2126 3886
internal_value=-0.0003704 -0.00114528 -0.00190549 -0.000451961 0.000595859 -1.86993e-05 -0.002621 -0.000182655 0.000464413 0.000963452 -0.000469219 0.00014688 0.00125196 0.00258648
internal_weight=2.40245e+07 1.33326e+07 6.35952e+06 6.97306e+06 1.06919e+07 6.01481e+06 4.57791e+06 5.85249e+06 1.03711e+07 6.75855e+06 3.61254e+06 5.18923e+06 2.23778e+06 1.63352e+06
internal_count=35501 10698 4407 6291 24803 5796 3310 5653 22027 14283 7744 4910 2196 3946
is_linear=0
shrinkage=0.05


Tree=35
num_leaves=15
num_cat=0
split_feature=3 18 26 21 25 11 10 3 4 14 11 19 0 22
split_gain=7762 3016.43 3878.49 4209.9 3553.7 3369.28 2902.67 2278.8 1979.44 2661.57 2438.18 2077.45 2411.66 2641.17
threshold=14.71614422507146 0.53034502210165368 -0.5 10.836836505858395 -0.5 0.12675827998950509 -0.06266696150018089 9.3080629928616343 16.699285893163054 2.0390480976845486 0.13081238723757146 -0.020948958783492597 16.154648050165125 16.121616644775823
decision_type=2 10 2 10 2 2 2 2 2 10 2 2 2 2
left_child=7 2 3 4 -2 -4 -7 -1 9 10 11 -3 13 -13
right_child=1 8 5 -5 -6 6 -8 -9 -10 -11 -12 12 -14 -15
leaf_value=0.010631968122371386 0.00031229103793548789 -0.0022788448726360853 -0.0052172428986016067 0.00087736569449803391 -0.0028596686610547605 -0.0049788821173748256 0.0014675405347511199 0.00054463111800338458 -0.0026860333007732396 0.0062545492087585104 -0.0025369376710403786 0.0089830888799608561 0.0025033997992010169 -0.0010305792368358864
leaf_weight=1075712.7206492424 278195.52484130859 549688.83178710938 3089568.3041381836 636241.87438964844 829054.87609863281 264477.43957519531 393721.26525878906 12499156.687141418 1018886.2358398438 302716.79248046875 1296664.2406005859 345226.56079101562 483348.42309570312 788251.38946533203
leaf_count=9330 104 229 994 170 297 129 171 22433 198 102 540 170 139 353
internal_value=-0.000327306 -0.00136402 -0.00216367 -0.000215432 -0.00207788 -0.00307001 0.000178043 0.000457476 -0.000446304 8.26757e-05 -0.000310318 0.00071604 0.00161882 0.000357804
internal_weight=2.38509e+07 1.0276e+07 5.49126e+06 1.74349e+06 1.10725e+06 3.74777e+06 658199 1.35749e+07 4.78478e+06 3.7659e+06 3.46318e+06 2.16652e+06 1.61683e+06 1.13348e+06
internal_count=35359 3596 1865 571 401 1294 300 31763 1731 1533 1431 891 662 523
is_linear=0
shrinkage=0.05


Tree=36
num_leaves=15
num_cat=1
split_feature=2 22 29 8 26 22 19 20 2 17 11 23 26 23
split_gain=6724.66 3646.31 3397.81 2839.77 2038.33 3316.22 1998.54 1727.18 1665.92 1555.82 2479.71 2196.24 2643.85 3074.13
threshold=15.090779240072619 21.036281688279555 0 0.29531689180894044 1.0000000180025095e-35 16.22855211587007 -0.039052654791615793 -0.039270899137362598 12.596048525970799 0.037574652670296256 0.10358482946313426 2.5228400253385952 0.6830127018922193 3.0199582761667703
decision_type=2 2 1 2 2 2 2 8 2 2 2 10 2 10
left_child=3 2 6 -1 5 -5 -2 -4 -6 10 -8 -11 13 -13
right_child=1 -3 7 4 8 -7 9 -9 -10 11 -12 12 -14 -15
leaf_value=-0.0013552281831371892 -0.0053091555975384314 0.0011320034846079214 3.600894598294146e-05 -0.00064936564265137163 0.0029367714390958043 0.0055136090299677705 0.0065259040635867287 -0.0038112597586589334 -0.0024528304008984959 -0.0034597490242715308 -0.0027230983685759755 0.0007999913957969112 -0.0052971136559805511 -0.0015491114697870059
leaf_weight=4702633.5332051516 417836.86547851562 513123.85925292969 425945.74353027344 2078887.1042253971 2271693.5432047844 3277019.1935045719 441551.92822265625 3565376.895690918 3003240.1176452637 1149134.1064453125 322006.33288574219 808392.59484863281 444888.84680175781 581794.16833496094
leaf_count=6710 118 158 127 5829 9819 7255 197 1155 3212 281 146 165 111 169
internal_value=-0.000452806 -0.00156576 -0.00182294 0.000176495 0.000629056 0.00131615 -0.000824021 -0.00286546 -6.85843e-05 -0.00045834 0.00155565 -0.000973653 9.97282e-05 0.00117335
internal_weight=2.40035e+07 8.67005e+06 8.15693e+06 1.53335e+07 1.06308e+07 5.35591e+06 4.1656e+06 3.99132e+06 5.27493e+06 3.74777e+06 763558 2.98421e+06 1.83508e+06 1.39019e+06
internal_count=35452 2627 2469 32825 26115 13084 1187 1282 13031 1069 343 726 445 334
cat_boundaries=0 1
cat_threshold=60
is_linear=0
shrinkage=0.05


Tree=37
num_leaves=15
num_cat=0
split_feature=4 26 22 16 19 18 15 21 4 0 14 18 23 24
split_gain=5917.45 3861.94 4456.07 4411.7 3906.08 3054.68 2599.24 2488.23 2157.24 2058.27 1978.75 1809.83 1783.19 1596.82
threshold=14.300869529550891 -0.5 18.790129854690775 16.966395568998902 -0.0059187558919284993 0.15062158561541492 18.08616182809012 10.631555854924844 6.9852462602472967 14.702044463091365 1.5355535612626665 0.28361821035834328 6.7582366309950865 0.046305856448976758
decision_type=2 2 2 2 2 10 2 10 2 2 10 10 10 10
left_child=8 2 5 9 -4 7 -7 -2 -1 -3 -5 -8 -11 -12
right_child=1 3 4 10 -6 6 11 -9 -10 12 13 -13 -14 -15
leaf_value=0.01192236609465732 -0.001518522352837939 -0.0055483707219873592 0.0046325476057391271 -0.00065383061504626207 0.00025504864941974721 -0.0044632463512977128 0.0011486062668752814 0.0071617965566928166 0.00069795729979839013 -0.00083254104402740456 -0.003266167243883985 -0.00082616914458550337 0.0049363427873656204 -0.0053040321833336098
leaf_weight=709621.38897776604 266994.24258422852 1389248.5596313477 367544.23571777344 527356.38305664062 590432.54876708984 651418.99737548828 259620.39093017578 226620.25628662109 10723911.137038231 2857036.5988769531 401749.88208007812 1775863.0181884766 332071.91564941406 2797049.6163330078
leaf_count=5567 113 976 109 172 177 296 127 134 24582 1264 101 781 134 790
internal_value=-0.000314752 -0.00106929 0.000178517 -0.00169112 0.003168 -0.00072192 -0.00138608 0.00289331 0.000506401 -0.00065146 -0.00296856 -0.000506321 4.82555e-05 -0.0034364
internal_weight=2.38765e+07 1.2443e+07 4.13849e+06 8.30451e+06 957977 3.18052e+06 2.6869e+06 493614 1.14335e+07 4.57836e+06 3.72616e+06 2.03548e+06 3.18911e+06 3.1988e+06
internal_count=35323 5174 1737 3437 286 1451 1204 247 30149 2374 1063 908 1398 891
is_linear=0
shrinkage=0.05


Tree=38
num_leaves=15
num_cat=0
split_feature=3 16 26 27 18 11 10 22 12 22 15 27 27 10
split_gain=5463.13 2446.77 5940.16 4343.73 2836.07 2099.65 3647.98 2586.24 2026.27 1998.86 1856.62 1561.88 1557.49 1998.62
threshold=14.71614422507146 16.966395568998902 -0.5 6.5000000000000009 0.27277323660146974 -0.11826782477339474 -0.26398145318456429 17.276193377882166 8.5000000000000018 18.504247377479935 18.121686819456798 6.5000000000000009 9.5000000000000018 0.40679491404953794
decision_type=2 2 2 2 10 2 2 2 2 2 2 2 2 2
left_child=8 5 3 4 -3 6 -2 -8 -1 -7 -5 -9 13 -10
right_child=1 2 -4 10 -6 9 7 11 12 -11 -12 -13 -14 -15
leaf_value=0.01319484481757135 -0.0063822246943457967 0.00018939697304267173 -0.0042970648683843078 1.553529171967685e-05 -0.0017933990443363375 -0.0016445749855939842 0.0087593520915958834 0.0033282938442962661 0.00061866916744283073 0.0026686098717223299 0.00093831721515534323 -0.0020601605045156477 -0.0021234148877956561 0.0095840106869929456
leaf_weight=539867.32631623745 281711.50836181641 405326.359375 3589162.0052490234 399473.79455566406 426897.82568359375 3662690.0163574219 373749.54809570312 312823.13745117188 9121992.651406765 248849.06799316406 472353.38500976562 272578.53686523438 3207571.4441051483 659663.16216850281
leaf_count=4395 137 130 936 119 76 1613 166 145 18572 101 97 129 6756 1956
internal_value=-0.00038901 -0.00124799 -0.00200298 0.000427903 -0.00215587 -0.000472356 0.0013197 0.00278894 0.000274194 -0.00104085 0.00289431 0.000714386 0.000149445 0.00046297
internal_weight=2.39747e+07 1.04456e+07 5.29321e+06 1.70405e+06 832224 5.1524e+06 1.24086e+06 959151 1.35291e+07 3.91154e+06 871827 585402 1.29892e+07 9.78166e+06
internal_count=35328 3649 1358 422 206 2291 577 440 31679 1714 216 274 27284 20528
is_linear=0
shrinkage=0.05


Tree=39
num_leaves=15
num_cat=2
split_feature=9 28 5 10 25 6 29 19 0 9 1 4 16 1
split_gain=6527.12 3242.45 2738.96 2476.4 2041.57 5661.41 2364.48 1978.27 3232.71 1976.25 1779.57 1571.07 1985.14 1948.06
threshold=0.51451930858888673 0 15.659325953385059 -0.06964336177763189 0.68301270189221941 17.129815940530211 1 0.011957074242538002 15.396689041202601 0.22873494940835284 14.486309892259852 16.554399131064109 16.482283935522911 14.104672706595688
decision_type=2 1 2 2 2 2 1 2 2 2 2 2 2 2
left_child=1 2 -1 9 6 11 7 -5 -9 -3 -8 12 13 -6
right_child=-2 3 -4 4 5 -7 10 8 -10 -11 -12 -13 -14 -15
leaf_value=-0.0016218144721102902 0.0020952035994578982 -0.0046248318312729015 -0.0023524696256118525 0.00054778616367158462 0.0052239460861148914 0.0022960730247763204 0.0013594850676149509 -0.0010656328435332874 0.0078230555038204981 -0.0015025181286830325 -0.0018199485687671918 -0.0021791410549464592 0.0057695662843598771 -0.0018022971594133302
leaf_weight=3087721.0856895447 7585591.6361323595 1051778.2400512695 1858823.5795898438 681298.31546020508 330816.84434890747 177987.76611328125 1400387.9339485168 170121.55590820312 235683.13549804688 3039783.9615783691 3311423.1070556641 176281.42407226562 248738.78991699219 682029.10620117188
leaf_count=5428 21549 470 441 434 564 28 1936 172 84 2413 1225 39 132 387
internal_value=-0.000387907 -0.000947344 -0.00201788 -0.00048712 5.77687e-05 0.00162949 -0.000380187 0.00172176 0.00448545 -0.00147457 -0.000865147 0.00058821 0.00120602 0.000223124
internal_weight=2.40385e+07 1.64529e+07 4.94654e+06 1.15063e+07 7.41477e+06 1.61585e+06 5.79891e+06 1.0871e+06 405805 4.09156e+06 4.71181e+06 1.43787e+06 1.26158e+06 1.01285e+06
internal_count=35302 13753 5869 7884 5001 1150 3851 690 256 2883 3161 1122 1083 951
cat_boundaries=0 1 2
cat_threshold=585 72
is_linear=0
shrinkage=0.05


Tree=40
num_leaves=15
num_cat=1
split_feature=9 24 10 3 10 14 20 28 2 4 27 21 27 22
split_gain=5294.59 3515.46 2944.36 2782.01 2471.98 5573.89 2034.21 2796.89 7034.82 1834.7 1944.39 1692.12 1573.54 3869.24
threshold=0.21233104827981572 6.8375649050227407 0.59461324312808783 17.441669403438507 0.076401761267267623 1.526093400234056 -0.040738913403921891 0 14.837156022801311 12.217133891832217 1.5000000000000002 6.704775057094122 9.5000000000000018 19.458610751230562
decision_type=2 10 2 2 2 10 8 1 2 2 2 8 2 2
left_child=1 4 3 6 -1 -6 7 8 -2 -8 -11 -12 13 -13
right_child=2 -3 -4 -5 5 -7 9 -9 -10 10 11 12 -14 -15
leaf_value=-0.0025978263889246795 0.0029866823433477825 0.0010072516035418775 0.0097868995208841725 -0.0088867262569444876 0.0030681223572978115 -0.0021565154980337331 0.003303466332789066 0.00013398885935819125 0.0074568395120506231 -0.0053353641612696083 0.0055591880524304806 -0.00029777012297149154 -0.002073355764168412 0.0014121115425965959
leaf_weight=4155945.497882843 249322.92691993713 212649.82379150391 439619.6380161047 270002.83740234375 236989.66170501709 753024.59912109375 3719479.7556276321 529789.16735172272 73080.830078125 1146957.255065918 115629.08465576172 7369774.9484405518 3246857.4779815674 1310128.3991546631
leaf_count=2226 519 201 1922 42 166 349 17356 995 32 977 127 6836 2817 715
internal_value=-0.000265668 -0.00164938 0.000135767 3.71955e-05 -0.00190972 0.00033558 0.000113771 0.00249731 0.00616912 -6.35774e-06 -0.000282941 -9.55847e-05 -0.000153943 0.000197312
internal_weight=2.38293e+07 5.35861e+06 1.84706e+07 1.8031e+07 5.14596e+06 990014 1.7761e+07 852193 322404 1.69088e+07 1.31893e+07 1.20424e+07 1.19268e+07 8.6799e+06
internal_count=35280 2942 32338 30416 2741 515 30374 1546 551 28828 11472 10495 10368 7551
cat_boundaries=0 1
cat_threshold=676
is_linear=0
shrinkage=0.05


Tree=41
num_leaves=15
num_cat=3
split_feature=9 10 11 3 10 28 7 23 9 2 29 0 15 30
split_gain=5239.59 2907.26 2621.2 2361.13 1923.01 2074.17 2750.85 2737.44 3587.22 2094.39 2654.03 2942.67 2320.06 2211.6
threshold=0.21233104827981572 0.15013946987590907 -1.1235255307413403 16.850127835172454 -0.020904670007782348 0 16.610412428583285 6.5620268874086713 0.28528356626936607 16.158092031731105 1 15.197236109918526 19.277045643654663 2
decision_type=2 2 2 2 2 1 2 10 2 2 1 2 2 1
left_child=1 -1 -2 4 -4 7 9 -6 -9 10 11 -7 -13 -12
right_child=2 -3 3 -5 5 6 -8 8 -10 -11 13 12 -14 -15
leaf_value=-0.002410702557796286 0.01408074163467786 0.0010070977756890115 -0.00074549956665454246 -0.0023415206146839077 0.0021007211958982996 0.0014197106704058309 0.0070958974179098138 0.013373249473275593 0.010433881040415009 -0.0037852241674616546 0.0027626326830182094 0.0081868754540040042 0.0016663910278822379 -0.0020295047093855322
leaf_weight=5116846.5874824524 204239.30043184757 276021.6947479248 8590123.585606575 898444.89990234375 1845645.5846180916 1103194.8546028137 98846.889892578125 53451.872566223145 345493.31134974957 408399.52709960938 1477705.9060821533 275807.91101074219 255729.33422851562 2832678.2008981705
leaf_count=2760 1303 161 15425 168 3565 2185 23 44 740 124 2742 122 101 5721
internal_value=-0.000386417 -0.00175688 1.54762e-05 -4.77852e-05 8.20978e-05 0.0006062 0.000150772 0.00191537 0.00567108 2.20016e-05 0.000259934 0.00197537 0.00503155 -0.000390657
internal_weight=2.37826e+07 5.39287e+06 1.83898e+07 1.81855e+07 1.72871e+07 8.69695e+06 6.45236e+06 2.24459e+06 398945 6.35352e+06 5.94512e+06 1.63473e+06 531537 4.31038e+06
internal_count=35184 2921 32263 30960 30792 15367 11018 4349 784 10995 10871 2408 223 8463
cat_boundaries=0 1 2 3
cat_threshold=182 88 8
is_linear=0
shrinkage=0.05


Tree=42
num_leaves=15
num_cat=0
split_feature=9 14 14 26 15 10 2 7 21 20 3 14 1 7
split_gain=4658.96 2625.84 2729.49 6664.64 10770.7 2238.96 3181.08 1994.93 1846.57 1766.24 3347.1 1718.89 5572.83 1959.41
threshold=0.36684739704362801 2.3410992662615091 2.0548888467658508 -0.5 18.079377068978296 0.5107851331194998 16.04258516408715 14.369680000482244 6.704775057094122 -0.053432676894982038 14.078541914203607 1.5355535612626665 17.423965936235351 14.909316716362946
decision_type=2 10 8 2 2 2 2 2 8 8 2 10 2 2
left_child=1 2 11 4 -4 8 7 -7 -2 10 -10 12 -1 -13
right_child=5 -3 3 -5 -6 6 -8 -9 9 -11 -12 13 -14 -15
leaf_value=-0.0011927470042978545 0.007865430033994765 -0.0025323168398273762 0.00042974781190172041 -0.0003932156150544493 0.0058837700134853795 0.0099051105620476549 0.0079483071665315159 -0.012511834420402679 0.0026363432565726271 8.8404545261544198e-05 0.0072482217356134226 0.00043936187698297196 0.0012266077731490615 -0.0030952161838111365
leaf_weight=4751386.7323532104 160466.57172727585 2420159.4641819 323328.92658996582 1082289.1606407166 148211.91075134277 593435.2160153389 33673.423095703125 80047.688110351562 228089.8103966713 10763230.106009483 89457.072143554688 612502.87454986572 223925.42529296875 2371767.4185791016
leaf_count=3889 224 2603 231 699 83 2556 12 47 673 22963 53 600 32 655
internal_value=-0.000267569 -0.000966363 -0.000592276 0.00132456 0.00628556 0.000430357 0.00315926 0.0024094 0.000258689 0.000181572 0.00385674 -0.000966472 -0.000397412 -0.0019152
internal_weight=2.3882e+07 1.19336e+07 9.51341e+06 1.55383e+06 471541 1.19484e+07 707156 673483 1.12412e+07 1.10808e+07 317547 7.95958e+06 4.97531e+06 2.98427e+06
internal_count=35320 8792 6189 1013 314 26528 2615 2603 23913 23689 726 5176 3921 1255
is_linear=0
shrinkage=0.05


Tree=43
num_leaves=15
num_cat=2
split_feature=17 26 22 0 21 28 24 19 25 16 10 6 28 7
split_gain=3613.82 3541.6 5393.29 4022.8 3482.85 2781.4 2626.65 2602.94 2547.04 4790.41 2521.13 2423.28 2899.1 3303.02
threshold=0.0055653811609975004 -0.5 18.659886519154533 16.684754232979486 10.430093805918245 0 43.438740221184659 0.022226864345365301 0.68301270189221941 18.264941323660846 0.076401761267267623 16.308496695165442 1 14.454461897089585
decision_type=2 2 2 2 8 1 10 2 2 2 2 2 1 2
left_child=6 2 -2 7 10 -6 -1 -4 -7 -10 -3 12 13 -12
right_child=1 4 3 -5 5 8 -8 -9 9 -11 11 -13 -14 -15
leaf_value=0.0020422434293256462 -0.00053809719301346054 -0.0019164515260709052 0.004058726495311824 0.00073713320288438036 -0.0066215782179245052 -0.0032499106726463509 0.01325613463227078 -0.0047947725337077239 -0.0016866656651942594 0.0013046211298193779 0.0039092178783986043 -0.0035463288428944084 0.0015689062144495743 0.013031572186414351
leaf_weight=5797639.0931136608 4418652.366645813 3051734.9197845459 533790.73011779785 720871.95043945312 2082953.4783172607 3200467.4054489136 76707.211374282837 326580.42043304443 1527805.8078460693 380735.46182250977 196757.0397644043 270361.83764648438 1151644.962059021 177460.84265136719
leaf_count=19415 4199 3198 559 130 1987 2141 148 333 1139 142 294 69 1454 95
internal_value=-0.000245677 -0.00059642 0.000395995 0.00290193 -0.00109097 -0.00178918 0.000831437 0.000593482 -0.00116133 0.000284362 -5.51892e-05 0.00143103 0.00220407 0.00602733
internal_weight=2.39142e+07 1.80398e+07 5.9999e+06 1.58124e+06 1.20399e+07 7.19196e+06 5.87435e+06 860371 5.10901e+06 1.90854e+06 4.84796e+06 1.79622e+06 1.52586e+06 374218
internal_count=35303 15740 5221 1022 10519 5409 19563 892 3422 1281 5110 1912 1843 389
cat_boundaries=0 1 2
cat_threshold=521 548
is_linear=0
shrinkage=0.05


Tree=44
num_leaves=15
num_cat=3
split_feature=3 29 24 20 15 26 15 28 19 15 22 26 28 21
split_gain=4191.95 3005.97 3515.98 2825.48 2544.54 2085.16 3724.68 2093.39 1895.7 2557.36 1751.46 2024.75 2474.38 6045.94
threshold=14.995946782177455 0 0.80042292159832307 -0.043176962581100896 19.169276020101595 -0.68301270189221952 19.137211339184482 1 0.031168418490475556 18.08616182809012 16.726908132640744 -0.5 2 10.949198539433239
decision_type=2 1 10 8 2 2 2 1 2 2 2 2 1 10
left_child=10 3 4 -2 -3 6 -4 -7 9 -9 -1 12 13 -12
right_child=1 2 5 -5 -6 7 -8 8 -10 -11 11 -13 -14 -15
leaf_value=-0.00082547761296532804 0.00066472349993665337 -0.00044300227800846045 0.0028410277076489398 -0.0028392431967360007 0.0043751775535709305 -0.0065989989491167904 -0.0005512670508585842 0.0011852141338275243 0.00085205704958428961 -0.0030770456838829711 0.0038795135047745054 0.00025445636020019142 -0.00070576568074106466 0.017579100025709019
leaf_weight=6552827.8366295099 407942.86389160156 330051.69921875 356693.86535644531 3744853.5405273438 356609.72222900391 478212.38098144531 683436.44982910156 384347.37121582031 406658.326171875 2009224.9802856445 1786462.3313014507 5459773.6092375517 898940.34902906418 84468.75239944458
leaf_count=16342 119 109 105 1189 144 115 212 145 128 648 2741 10815 2531 89
internal_value=-0.000333335 -0.00117392 -0.000348796 -0.00216842 0.00297458 -0.000877221 0.00107334 -0.00149606 -0.000973922 -0.00151015 0.000187426 0.000673072 0.00177416 0.00281003
internal_weight=2.39405e+07 9.15803e+06 5.00523e+06 4.1528e+06 686661 4.31857e+06 1.04013e+06 3.27844e+06 2.80023e+06 2.39357e+06 1.47825e+07 8.22965e+06 2.76987e+06 1.87093e+06
internal_count=35432 2914 1606 1308 253 1353 317 1036 921 793 32518 16176 5361 2830
cat_boundaries=0 1 2 3
cat_threshold=1 512 932
is_linear=0
shrinkage=0.05


Tree=45
num_leaves=15
num_cat=0
split_feature=9 9 17 27 27 25 10 22 8 2 4 19 9 4
split_gain=4377.6 2619.79 6847.26 2132.73 1980.58 3113.81 2694.35 3895.53 6874.86 3806.9 3353.88 2296.49 2218.24 1950.94
threshold=0.20288388148812353 0.099641508914028162 0.17521381558578317 1.5000000000000002 9.5000000000000018 -0.24999999999999997 -0.24561417360281981 19.027491787641726 0.24095855021254617 16.849067115038203 16.856164222692549 -0.0064566021574407996 0.29916388825105145 16.856164222692549
decision_type=2 2 2 2 2 2 2 2 2 2 2 2 2 2
left_child=1 2 -1 -2 6 -6 -5 12 11 10 -10 -9 -8 -3
right_child=3 13 -4 4 5 -7 7 8 9 -11 -12 -13 -14 -15
leaf_value=-0.0045016313446016917 -0.0039251451278310119 -0.0014486150498190032 0.0015506438399493874 -0.0014862670230519589 -0.0044076868639845689 0.0010848736987611074 -0.0012361708234012968 0.007049456540453582 0.0043814943977484666 -0.0040573436047252661 0.0052700797419499203 0.0021511795559201086 0.0025568767029258174 -0.0029162064342095166
leaf_weight=314681.17668151855 1662208.0020308495 2968391.3428039551 200928.96575927734 3560007.2354063988 3035334.7610809803 1558002.4211308956 1922561.1243305206 217404.66951751709 590849.17142951488 208200.80712890625 74130.1923828125 234206.51081848145 5817617.4982916117 1479173.2622070312
leaf_count=236 2923 2136 41 6961 5371 2692 1803 105 912 38 17 101 11736 263
internal_value=-0.000308491 -0.00162987 0.00174396 3.88645e-05 0.000203976 -0.000685066 0.000527436 0.000985181 0.00349055 0.000900198 0.00274751 0.00849894 0.000556368 -0.00202101
internal_weight=2.38437e+07 4.96317e+06 515610 1.88805e+07 1.72183e+07 4.59334e+06 1.2625e+07 9.06497e+06 1.32479e+06 873180 664979 451611 7.74018e+06 4.44756e+06
internal_count=35335 2676 277 32659 29736 8063 21673 14712 1173 967 929 206 13539 2399
is_linear=0
shrinkage=0.05


Tree=46
num_leaves=15
num_cat=1
split_feature=4 26 24 16 8 9 11 4 28 15 4 15 2 20
split_gain=3543.19 2174.89 3341.89 3262.72 2524.26 2468.15 2806.57 2895.91 2153.06 4326.17 3380.41 2382.31 2078.19 2092.55
threshold=12.387561353164065 0.25000000000000017 7.9624243260001153 16.734146960366321 0.20592607104245589 0.099641508914028162 -0.28581367116529671 17.179119157328174 0 18.08616182809012 15.942283699585921 15.965270877407759 14.984754333482348 0.017017759307122401
decision_type=2 2 10 2 2 2 2 2 1 2 2 2 2 8
left_child=-1 2 5 -3 -4 -2 -7 8 9 11 12 -8 13 -11
right_child=1 3 4 -5 -6 6 7 -9 -10 10 -12 -13 -14 -15
leaf_value=0.0027844826970467415 0.00097113397319270394 -0.00080239251992499864 0.0023970557468491025 -0.0035389028251024859 0.0039048097539361574 0.0022366287409528044 0.012376440141327119 -0.002701185289646784 -0.0014870887473808075 0.0096760093138398302 0.0038177705861165848 -0.0015542225633356857 -0.00060521153447349284 -0.00051688852452471453
leaf_weight=4833530.3532813787 271018.90777587891 5023683.5517883301 149339.80014038086 2959240.093536377 632755.75540161133 1260677.2736053467 148211.92337036133 778425.85595703125 5368002.2307739258 149053.970703125 235392.90405273438 1832655.8496398926 166260.22277832031 127742.77923583984
leaf_count=21877 70 4417 63 1180 494 1254 173 127 4087 138 57 1225 75 115
internal_value=-0.000347266 -0.000653271 -0.000201226 -0.00128293 0.00295015 -0.000439648 -0.000566417 -0.000882309 -0.000599949 0.000563464 0.00400939 -0.000616767 0.00143685 0.00409082
internal_weight=2.3936e+07 1.91025e+07 1.11195e+07 7.98292e+06 782096 1.03374e+07 1.00664e+07 8.80575e+06 8.02732e+06 2.65932e+06 678450 1.98087e+06 443057 276797
internal_count=35352 13475 7878 5597 557 7321 7251 5997 5870 1783 385 1398 328 253
cat_boundaries=0 1
cat_threshold=676
is_linear=0
shrinkage=0.05


Tree=47
num_leaves=15
num_cat=1
split_feature=20 6 17 26 11 9 2 24 10 10 21 28 16 24
split_gain=3623.7 4838.63 3301.52 2142.36 3170.53 6303.76 3647.38 2374.32 1998.95 1971.57 1936.29 2044.42 3002.11 3320.76
threshold=-0.03811659352642599 16.958239102935611 0.0083580167067168008 -0.5 0.12675827998950509 0.12236701337558946 16.849067115038203 6.6131726001170108 0.59461324312808783 -0.015067062576354848 9.1355654698632609 0 16.663968123073094 1.4547165740020251
decision_type=10 2 2 2 2 2 2 10 2 2 10 1 2 10
left_child=1 8 -2 7 6 -6 -5 10 -1 -7 -4 12 -12 -14
right_child=2 -3 3 4 5 9 -8 -9 -10 -11 11 -13 13 -15
leaf_value=0.0003397979991894634 0.0021401905266889756 0.002634485453934572 0.0035236071754418232 -0.0025660961984273669 0.0030756184636539854 -0.0034742515305052645 -0.0040033626291176311 0.00031052314564496407 0.011951187754184746 0.00050742332485639874 -0.0052197495853326184 -0.0016828482870217933 -0.0013498749884522901 0.0032898219196285335
leaf_weight=9517019.3050189018 2668911.4763487577 113409.84765625 225437.84233093262 4374554.2319335938 109736.26037597656 832706.10974884033 1458476.720703125 145508.29501342773 254796.0591840744 960326.17278289795 481284.82543945312 1917179.591796875 545379.13327026367 475305.25015258789
leaf_count=17538 7919 22 224 3874 30 764 264 121 1270 914 482 1603 218 203
internal_value=-0.000299161 0.000435842 -0.000811015 -0.00117795 -0.0016551 0.000117203 -0.00223323 -0.00020407 0.000316669 -0.00059476 -0.000454124 -0.000750052 0.000631279 0.00216628
internal_weight=2.408e+07 9.88523e+06 1.41948e+07 1.15259e+07 7.7358e+06 1.90277e+06 5.83303e+06 3.79009e+06 9.77182e+06 1.79303e+06 3.64459e+06 3.41915e+06 1.50197e+06 1.02068e+06
internal_count=35446 18830 16616 8697 5846 1708 4138 2851 18808 1678 2730 2506 903 421
cat_boundaries=0 1
cat_threshold=676
is_linear=0
shrinkage=0.05


Tree=48
num_leaves=15
num_cat=0
split_feature=14 7 22 9 4 20 0 7 9 4 9 16 21 18
split_gain=3387.62 2747.58 2540.16 4552.17 3996.61 4843.78 3215.97 2988.52 2164.92 1646.87 2195.99 1434.98 1366.02 1359.79
threshold=2.3502003251842658 10.99314397631778 19.577528614108676 0.12236701337558946 17.017299882291177 0.028946922117360704 16.994451200594245 16.807051060811158 0.36344131617941444 14.687764049528013 0.24510150272431194 17.223244063904762 6.704775057094122 0.3749894227521266
decision_type=10 2 2 2 2 10 2 2 2 2 2 2 8 10
left_child=1 -1 7 -4 5 6 9 12 13 10 -5 -11 -3 -2
right_child=8 2 3 4 -6 -7 -8 -9 -10 11 -12 -13 -14 -15
leaf_value=0.010716918690673032 -0.0023784873479555375 0.004640275098820308 0.00078826866079340075 0.010529948944479221 -0.0030292937622402065 0.0061896997041719359 0.0055383731827529101 -0.0031619178207749929 -0.00050834119887220185 0.00073313380879390714 0.001882179581551539 -0.0028989580878932392 -0.00032242415062339166 0.00019635710876307703
leaf_weight=889030.17992460728 1887641.3312511444 196756.72979736328 210387.47640991211 83292.662414550781 657070.17041015625 130700.4087677002 129090.11279296875 952486.4052734375 1878958.489000082 227033.65393066406 473214.71411132812 403939.22448730469 15575002.557296753 176629.25414085388
leaf_count=6678 2208 258 39 76 101 114 26 186 7357 98 642 192 17195 283
internal_value=-0.000245403 1.95534e-05 -0.000107314 0.00144508 0.000743977 0.00221219 0.0013008 -0.000322174 -0.00158442 0.000486026 0.00246872 -0.00126268 -0.00015792 -0.00270216
internal_weight=2.38712e+07 1.9928e+07 1.9039e+07 2.31473e+06 2.10434e+06 1.44727e+06 1.31657e+06 1.67242e+07 3.94323e+06 1.18748e+06 556507 630973 1.57718e+07 2.06427e+06
internal_count=35453 25605 18927 1288 1249 1148 1034 17639 9848 1008 718 290 17453 2491
is_linear=0
shrinkage=0.05


Tree=49
num_leaves=15
num_cat=0
split_feature=6 20 14 17 14 0 15 10 20 18 9 26 5 18
split_gain=4818.82 2414 3854.55 2146.41 2589.34 2197.84 1769.67 2030.45 2617.32 2216.43 1617.98 1580.53 2559.38 1415.09
threshold=16.804439504542483 0.0024419272630601505 2.3502003251842658 0.0043311947593818508 2.5193816405808271 16.846705175829062 19.344577984086857 -0.049407973878109197 -0.022936951712009396 0.058484914409761758 0.28939462445535097 0.25000000000000017 16.089743665749982 0.3749894227521266
decision_type=2 8 10 2 10 2 2 2 10 10 2 2 2 10
left_child=3 2 13 -1 5 6 7 10 -9 -10 -5 12 -11 -2
right_child=1 -3 -4 4 -6 -7 -8 8 9 11 -12 -13 -14 -15
leaf_value=0.0030743610848722909 0.0011230788606294165 -0.0030873442961341846 -0.0031890330269450902 -0.0024816789835236464 -0.004567064607264376 0.001699587413394159 -0.0028799245683419593 0.0028252012331208909 0.0019948025611103556 -0.0009844069257825452 -0.00020610353849990777 -0.0044966074716876773 0.001565077787051946 -0.00087922169702674678
leaf_weight=4982708.3059163094 598980.17138671875 847803.2001953125 752654.53173828125 1896862.0609970093 1143159.5737457275 178009.26733398438 1481363.1758422852 3061891.0121841431 1061806.0931396484 1292956.4655914307 4127374.6879577637 1290896.769744873 345523.52734375 832200.072265625
leaf_count=18027 108 169 142 1254 3331 43 799 2943 1766 1008 4664 866 98 132
internal_value=-0.000326534 -0.00218922 -0.00131012 -5.58585e-05 -0.000339946 -0.00016212 -0.00022964 -4.41044e-05 0.000531692 -0.00031194 -0.000718237 -0.00102132 9.56033e-06 0.000213225
internal_weight=2.38942e+07 3.03164e+06 2.18383e+06 2.08626e+07 1.58798e+07 1.47367e+07 1.45587e+07 1.30773e+07 7.05307e+06 3.99118e+06 6.02424e+06 2.92938e+06 1.63848e+06 1.43118e+06
internal_count=35350 551 382 34799 16772 13441 13398 12599 6681 3738 5918 1972 1106 240
is_linear=0
shrinkage=0.05


Tree=50
num_leaves=15
num_cat=0
split_feature=9 24 11 0 7 26 24 8 24 23 24 15 22 7
split_gain=4013.86 3008.2 2408.46 7148.65 2514.77 2490.75 2654.29 2750.47 2307.3 1935.56 1847.35 5763.36 1825 1558.86
threshold=0.22873494940835284 6.9311429615844604 1.0000000180025095e-35 17.153843914118731 16.110960638906878 0.25000000000000017 12.944662958778151 0.43876795686030756 -1.1413054131061398 6.8867884999821509 0.12805959700701952 18.08616182809012 16.776540881244358 16.807051060811158
decision_type=2 10 2 2 2 2 10 2 8 10 8 2 2 2
left_child=1 10 3 5 9 6 8 -8 -2 12 11 -1 -4 -12
right_child=2 -3 4 -5 -6 -7 7 -9 -10 -11 13 -13 -14 -15
leaf_value=-0.0022990127207920268 0.017266482688984851 0.0035025688665954787 -0.0023923772181446094 0.00076366056920048979 -0.0024645941651230694 -0.0009860031579582353 0.015470864098520446 0.0026455156346091289 0.0015843449621490613 0.0034342930403744574 -0.0011769243345042721 0.0029859675929743246 0.00044817385943170392 -0.0029390118112504102
leaf_weight=438580.77362823486 63811.495378494263 195595.98183822632 3088810.1704077721 166668.72900390625 1097075.8596191406 3498041.3070890903 71425.82914352417 107926.14430999756 4630006.4030841589 960284.98700094223 3364190.787689209 282690.58981323242 3990172.3597784042 1797218.5751953125
leaf_count=272 144 201 6833 30 271 6676 82 242 8674 2146 2593 87 6682 324
internal_value=-0.000236062 -0.00134441 0.000145106 0.000748888 -0.000419127 0.000544743 0.00127546 0.00724511 0.00104735 -0.000112689 -0.00154724 0.000822998 -0.000398434 -0.00187846
internal_weight=2.37525e+07 6.07828e+06 1.76742e+07 8.53788e+06 9.13634e+06 8.37121e+06 4.87317e+06 179352 4.69382e+06 8.03927e+06 5.88268e+06 721271 7.07898e+06 5.16141e+06
internal_count=35257 3477 31780 15848 15932 15818 9142 324 8818 15661 3276 359 13515 2917
is_linear=0
shrinkage=0.05


Tree=51
num_leaves=15
num_cat=0
split_feature=9 23 20 25 0 27 22 20 24 11 10 9 4 9
split_gain=3261.46 3063.08 2824.14 2373.48 1794.72 1793.89 2474.64 2278.22 2368.3 2143.39 2449.31 3052.55 4295.4 1811.26
threshold=0.53533933509252651 6.7582366309950865 0.022672382322383854 -0.5 14.784012551617112 1.5000000000000002 18.659886519154533 -0.050983502848724695 2.0933064742677456 -0.27249450315865781 -0.16447280795766242 0.18343332561906558 16.699285893163054 0.30291371750963841
decision_type=2 10 10 2 2 2 2 8 8 2 2 2 2 2
left_child=1 3 -3 4 -1 -5 7 8 -7 -8 13 -12 -13 -11
right_child=-2 2 -4 5 -6 6 9 -9 -10 10 11 12 -14 -15
leaf_value=-0.0010021919888628687 0.0016616464883344663 0.00047661084485776109 0.0063450095209563635 -0.004620508448537116 -0.0032403065332009249 0.0061222426052075672 0.004593283126660558 -0.0009752653224544413 -0.0012746283068847735 -0.0054376362084423285 -0.00023323375017726165 0.001057406266868657 0.0039395213461183151 -0.00014423550631203724
leaf_weight=2056429.007019043 7160560.7008849382 1317085.9323425293 151480.82689666748 1387584.1332893372 2871039.6231689453 164267.03819084167 202077.78608703613 6181919.6786327362 109344.84046173096 276342.95121765137 719264.18334960938 467808.37656402588 272352.28833007812 310743.16674804688
leaf_count=3173 21029 1497 129 1156 944 130 155 5895 124 82 248 426 50 152
internal_value=-0.000284458 -0.000671421 0.00150802 -0.000884525 -0.00178404 -0.000445318 -0.000179152 -0.00067672 0.00378802 0.00124933 0.000764246 0.00186134 0.00411554 -0.001963
internal_weight=2.36483e+07 1.64877e+07 1.46857e+06 1.50192e+07 4.92747e+06 1.00917e+07 8.70412e+06 6.45553e+06 273612 2.24859e+06 2.04651e+06 1.45942e+06 740161 587086
internal_count=35190 14161 1626 12535 4117 8418 7262 6149 254 1113 958 724 476 234
is_linear=0
shrinkage=0.05


Tree=52
num_leaves=15
num_cat=1
split_feature=14 22 27 28 9 8 1 7 2 7 8 22 9 15
split_gain=2661.99 2941.99 3193.14 3548.53 4621.73 3406.1 3168.05 2114.16 1808.41 1712.36 1468.92 1462.5 1345.53 1560.19
threshold=2.3605958934882918 19.577528614108676 9.5000000000000018 0 0.12236701337558946 0.18539566487688322 16.275843258113319 10.944974825828632 16.401501956730314 14.909316716362946 0.33117573756918023 15.940966786891071 1.1886226591823874 18.213786588105226
decision_type=10 2 2 1 2 2 2 2 2 2 2 2 2 2
left_child=1 6 3 5 -5 -3 7 -1 10 -6 -7 -9 13 -2
right_child=12 2 -4 4 9 8 -8 11 -10 -11 -12 -13 -14 -15
leaf_value=0.010367680698820101 -0.0016897625209101839 0.006371371744467654 -0.002587107382450585 0.001251395309140535 0.0050989296602567021 0.0068613121327063299 -0.0018356612448672213 -0.0016357115384731825 -2.4489869285837637e-05 -0.0031064174744739 0.011031241525543358 0.00031989454027261439 0.0029739902647689838 -0.0055354832335624791
leaf_weight=826764.84948062897 2862315.7822723389 184816.17657470703 570135.85554122925 183912.35424804688 369058.12902069092 131113.15484619141 2435807.4975585938 4263496.922454834 267375.20092773438 529077.01062011719 135832.59411621094 10187597.366363525 532365.58362603188 475362.68781852722
leaf_count=6411 4991 78 343 32 516 88 588 6606 54 142 169 10617 4379 303
internal_value=-0.000225863 5.502e-06 0.00165942 0.00269169 0.000882407 0.00541394 -0.000215907 5.10871e-05 0.00339024 -0.000596298 0.0063014 -8.95982e-05 -0.00142661 -0.00179895
internal_weight=2.3955e+07 2.0085e+07 2.37132e+06 1.80118e+06 1.08205e+06 719137 1.77137e+07 1.52779e+07 534321 898135 266946 1.44511e+07 3.87004e+06 3.33768e+06
internal_count=35317 25644 1422 1079 690 389 24222 23634 311 658 257 17223 9673 5294
cat_boundaries=0 1
cat_threshold=737
is_linear=0
shrinkage=0.05


Tree=53
num_leaves=15
num_cat=1
split_feature=7 26 14 15 15 11 26 17 23 17 14 25 20 28
split_gain=4451.63 3264.5 5079.09 2469.76 5117.14 1773.39 2042.6 2834.65 1941.71 1826.48 1573.26 1293.3 1181.82 2310.06
threshold=16.110960638906878 -0.5 2.005470542065217 19.203026137930177 19.277045643654663 -0.72780166908968968 0.93301270189221952 0.17521381558578317 -10.063395810728649 0.0043311947593818508 2.4311060964076883 1.0000000180025095e-35 -0.022936951712009396 0
decision_type=2 2 10 2 2 2 2 2 10 2 10 2 10 1
left_child=5 2 11 -3 -5 8 9 -8 -1 -7 12 -2 13 -11
right_child=1 3 -4 4 -6 6 7 -9 -10 10 -12 -13 -14 -15
leaf_value=0.02134166298197478 -0.00022615295345724675 -0.0041070121454834943 0.00068106411309730571 0.0011303409193429903 -0.0025671846738146179 0.0023217817408108881 0.001606539883430733 0.0086416626893377115 0.0079941608921789784 0.0048918365702438644 -0.0033395127786563887 -0.0018704605833386968 -0.0012193900871765762 -9.8877987853921773e-05
leaf_weight=30813.12398815155 541820.94970703125 2185030.6062011719 745249.37109375 510091.6298828125 1126435.0546875 4275196.6094478369 1303736.7163455486 129419.13208007812 603488.66404306889 493442.86129760742 1399649.4960174561 558154.03857421875 5630648.5617675781 4422898.7974243164
leaf_count=68 122 494 163 110 254 14533 2513 89 2718 423 3456 127 5769 4576
internal_value=-0.000255876 -0.00148036 0.000246698 -0.00231426 -0.000845519 0.000123519 3.01958e-05 0.00183958 0.00272104 -0.000129659 -0.000447041 -0.00191253 -0.000238019 0.000328403
internal_weight=2.39561e+07 5.66678e+06 1.84522e+06 3.82156e+06 1.63653e+06 1.82893e+07 1.7655e+07 1.43316e+06 634302 1.62218e+07 1.19466e+07 1.09997e+06 1.0547e+07 4.91634e+06
internal_count=35415 1270 412 858 364 34145 31359 2602 2786 28757 14224 249 10768 4999
cat_boundaries=0 1
cat_threshold=544
is_linear=0
shrinkage=0.05


Tree=54
num_leaves=15
num_cat=1
split_feature=3 16 24 0 27 0 11 28 24 12 22 0 7 9
split_gain=2854.45 2227.11 2953.49 2736.96 2594.01 4677.74 2053.55 1940.22 2180.04 1655.71 1355.82 1643.34 1987.79 1708.83
threshold=14.995946782177455 16.966395568998902 0.48034932442572503 16.273039820797113 8.5000000000000018 17.419860989426706 0.089721752286378006 0 1.6082913793358704 8.5000000000000018 16.05693353434037 14.621783176980921 14.727863551728786 0.38881038684630903
decision_type=2 2 8 2 2 2 2 1 10 2 2 2 2 2
left_child=9 2 -2 -4 5 7 -5 8 -3 -1 -11 12 13 -12
right_child=1 4 3 6 -6 -7 -8 -9 -10 10 11 -13 -14 -15
leaf_value=0.010891413761331414 0.0058867685758001902 -0.0014260951904062193 -0.0015984252205101239 0.0031160966632355069 -0.0030940199603045316 0.00077609364890530465 -0.00083511802553002496 -0.0016029355554306364 0.0039913193889387485 -0.0015829567902537194 -0.001844374251508662 0.0015687802914893098 -0.012111239214254379 0.0016670760362326497
leaf_weight=555874.99322474003 428653.90905761719 412594.40661621094 2991993.2238769531 449614.962890625 1615950.8299560547 557073.6357421875 363842.46069335938 2089127.4156494141 375624.20825195312 4785334.7339658737 2550518.0995616913 1616804.885925293 257018.09692382812 5041531.0901765823
leaf_count=4440 178 106 1313 128 382 80 101 532 107 10354 4241 1004 151 12423
internal_value=-0.000376842 -0.00106415 -0.000218403 -0.00066161 -0.00177321 -0.000995924 0.00191005 -0.00180786 0.000305925 5.41237e-05 -5.0298e-05 0.000296455 -2.54634e-06 0.000143856
internal_weight=2.40916e+07 9.28448e+06 4.2341e+06 3.80545e+06 5.05037e+06 3.43442e+06 813457 2.87735e+06 788219 1.48071e+07 1.42512e+07 9.46587e+06 7.84907e+06 7.59205e+06
internal_count=35540 2927 1720 1542 1207 825 229 745 213 32613 28173 17819 16815 16664
cat_boundaries=0 1
cat_threshold=32
is_linear=0
shrinkage=0.05


Tree=55
num_leaves=15
num_cat=0
split_feature=14 3 15 1 20 15 14 18 14 4 26 19 7 6
split_gain=2692.14 2383.49 2037.05 1976.23 1868.07 2223.38 2444.46 1901.69 2939.25 2560.52 2205.57 1949.67 4148.38 3216.09
threshold=2.3502003251842658 11.649778571138022 19.344577984086857 15.200240481769434 -0.022936951712009396 19.272704281253588 2.251535141066892 0.41055022424199578 1.5170000176554674 14.912104164960061 -0.5 0.031168418490475556 16.807051060811158 16.195747581550723
decision_type=10 2 2 2 8 2 8 10 10 2 2 2 2 2
left_child=1 -1 4 -4 5 6 -3 9 -9 -6 -11 12 13 -10
right_child=-2 2 3 -5 7 -7 -8 8 11 10 -12 -13 -14 -15
leaf_value=0.005378177286382178 -0.0015873641736738687 -0.00051821377222531961 -0.000631165064930936 -0.0032376836023682827 -0.00035772412182307801 0.0076887273608000828 0.0025288493159947305 -0.00041294119162557056 0.00076742021603433148 -0.00017028324095552875 -0.0038647819232588672 0.0023416615368636122 -0.002285160748906093 0.0059207698700078533
leaf_weight=2253898.3481507301 4053126.0847170353 1171132.5357589722 1478469.1441802979 1191373.3284912109 4167403.4098815918 222660.08026123047 265012.83157348633 5226425.5865783691 698664.17431640625 652580.42346191406 1360571.2576293945 423270.88310241699 558782.82958984375 184200.873046875
leaf_count=10306 9803 977 1663 341 5496 155 152 4852 513 222 461 182 97 50
internal_value=-0.00031726 -7.75327e-05 -0.000273576 -0.00154563 -4.61128e-05 0.00153585 0.000815068 -0.000243836 0.00031492 -0.000884932 -0.00234918 0.00201902 0.00114303 0.00327683
internal_weight=2.39076e+07 1.98544e+07 1.76005e+07 2.66984e+06 1.49307e+07 1.65881e+06 1.43615e+06 1.32719e+07 7.09134e+06 6.18056e+06 2.01315e+06 1.86492e+06 1.44165e+06 882865
internal_count=35270 25467 15161 2004 13157 1284 1129 11873 5694 6179 683 842 660 563
is_linear=0
shrinkage=0.05


Tree=56
num_leaves=15
num_cat=0
split_feature=10 9 9 14 15 7 20 15 24 24 3 16 17 16
split_gain=2321.21 3163.57 2586.19 2103.1 3038.27 3390.16 2383.38 3406.58 2086.07 2057.35 1940.63 1864.78 1707.67 1671.43
threshold=0.076401761267267623 0.11267707992664321 0.22873494940835284 2.2818218379072372 19.277045643654663 17.114749279343759 -0.03811659352642599 18.062866996739498 7.9624243260001153 6.7743177034872462 16.043295900230813 17.03020630594688 0.071401219734684454 16.663968123073094
decision_type=2 2 2 10 2 2 8 2 8 10 2 2 2 2
left_child=2 -2 9 4 5 8 7 -5 -3 -1 -8 -6 -10 -4
right_child=1 3 13 6 11 -7 10 -9 12 -11 -12 -13 -14 -15
leaf_value=-0.00185316632717418 0.0014294513732757868 0.0018132724890644915 -0.00076543103550195187 -0.0017213424778843107 -0.00023562295636273261 0.0020395308498725021 -0.00074291930911269495 0.0035105030492721956 0.0080041557245552116 0.0010877667046280746 -0.0046520307365505191 -0.0039469459946755861 0.0088217748426444205 0.00061265576877725218
leaf_weight=4594990.7940788269 104946.10473632812 3600386.0517385006 9058870.2977731228 63226.6863489151 1894657.5504608154 93793.41455078125 1038326.1569371223 43803.282512664795 373729.88327980042 205266.12807846069 461332.54614257812 229749.73962402344 59187.375152587891 2066395.6575984955
leaf_count=2544 31 6140 17756 275 2098 16 3533 52 818 199 99 51 53 1606
internal_value=-0.000206105 0.0004909 -0.000554624 0.00037573 0.00079041 0.00158125 -0.00123776 0.00597073 0.00136272 -0.00152463 -0.00175222 -0.000745955 0.00464198 -0.000136091
internal_weight=2.38887e+07 7.96314e+06 1.59255e+07 7.85819e+06 6.2515e+06 4.1271e+06 1.60669e+06 107030 4.0333e+06 4.80026e+06 1.49966e+06 2.12441e+06 432917 1.11253e+07
internal_count=35271 13166 22105 13135 9176 7027 3959 327 7011 2743 3632 2149 871 19362
is_linear=0
shrinkage=0.05


Tree=57
num_leaves=15
num_cat=0
split_feature=3 14 14 24 26 0 16 26 16 0 27 11 0 22
split_gain=3096.05 2337.16 3281.46 2547.09 2302.66 2499.37 2309.88 1948.73 2422.27 1506.46 1592.44 1640.55 2029.49 2259.05
threshold=14.71614422507146 2.3033750577473175 2.1030824698017523 1.9088804994597053 0.93301270189221952 17.419860989426706 16.734146960366321 -0.5 16.734146960366321 15.197236109918526 2.5000000000000004 0.22465421172121494 16.273039820797113 16.121616644775823
decision_type=2 10 10 10 2 2 2 2 2 2 2 2 2 2
left_child=-1 2 4 -4 5 6 9 -3 -9 -2 -11 12 13 -12
right_child=1 7 3 -5 -6 -7 -8 8 -10 10 11 -13 -14 -15
leaf_value=0.00042156858907924213 -0.0034002677594475819 -2.9514579310945456e-05 0.004296940554874582 -0.00014520742575647322 0.00045845084475753064 0.00048622715831428344 -0.002767273255841743 0.00023801135685114113 -0.0050379232655036162 0.0028786508714485413 0.0042960183268193454 -0.0032914253928839053 0.0020975095784069712 -0.0015957492334879979
leaf_weight=13566687.989034891 1381722.3639526367 838147.46044921875 368263.71740722656 511712.40148925781 570003.14990234375 643095.162109375 1961766.3729248047 325212.83178710938 1522183.7834472656 435245.37243652344 252156.99829101562 493892.67309570312 270622.57495117188 840110.17236328125
leaf_count=31789 793 250 125 175 198 90 566 168 415 161 105 181 80 327
internal_value=-0.000283181 -0.000931617 -0.000490079 0.00238414 -0.000859386 -0.00113563 -0.00147262 -0.0022023 -0.00310951 -0.000732904 5.3227e-05 -0.000584857 0.000309827 -0.00065057
internal_weight=2.39808e+07 1.04141e+07 7.72859e+06 879976 6.84861e+06 6.27861e+06 5.63552e+06 2.68554e+06 1.8474e+06 3.67375e+06 2.29203e+06 1.85678e+06 1.36289e+06 1.09227e+06
internal_count=35423 3634 2801 300 2501 2303 2213 833 583 1647 854 693 512 432
is_linear=0
shrinkage=0.05


Tree=58
num_leaves=15
num_cat=0
split_feature=4 26 27 16 0 7 22 0 20 20 11 1 14 0
split_gain=3098.68 2430.99 2725.42 3171.66 2801.62 1790.04 2068.05 3015.57 1608.55 1904.14 1928.54 3202.34 3056.6 1442.31
threshold=14.728490367003344 0.93301270189221952 9.5000000000000018 16.353331283753423 17.419860989426706 17.114749279343759 19.577528614108676 16.154648050165125 0.044217436649307058 0.013344780040832302 -0.11826782477339474 15.804232180326846 1.5649414333171312 14.742370668645821
decision_type=2 2 2 2 2 2 2 2 10 8 2 2 10 2
left_child=13 2 4 -4 5 6 8 -8 9 -2 11 -11 -12 -1
right_child=1 -3 3 -5 -6 -7 7 -9 -10 10 12 -13 -14 -15
leaf_value=0.00017372504669308547 -0.0012921045247645787 0.00068020852163965808 -4.9450020865441098e-05 -0.0069218222577892147 0.00049927260500271366 -0.0027312903218591825 -0.0026552414595354236 0.0035554748539455699 -0.0036330104991442042 -0.00042561006432821104 -0.0024692946588693908 0.0054189731620302439 0.0013958012305106187 0.003275170218748152
leaf_weight=12566146.926874399 2334691.5017700195 789919.35504150391 576146.92633056641 1213475.1176757812 566274.880859375 705580.138671875 379255.64685058594 525994.60864257812 538593.21636962891 429636.96044921875 1468004.0053100586 224450.05493164062 541176.55432128906 939866.11047363281
leaf_count=31098 902 271 281 355 82 124 189 119 217 227 601 69 190 583
internal_value=-0.00025021 -0.000903741 -0.00112528 -0.0028832 -0.000717425 -0.000985641 -0.000723764 0.00149179 -0.00108602 -0.000806246 0.000107509 0.00246565 -0.00066018 0.000247858
internal_weight=2.37992e+07 1.02932e+07 9.50328e+06 1.78962e+06 7.71366e+06 7.14738e+06 6.4418e+06 905250 5.53655e+06 4.99796e+06 2.66327e+06 654087 2.00918e+06 1.3506e+07
internal_count=35308 3627 3356 636 2720 2638 2514 308 2206 1989 1087 296 791 31681
is_linear=0
shrinkage=0.05


Tree=59
num_leaves=15
num_cat=0
split_feature=17 26 20 16 24 20 8 11 10 14 19 19 6 9
split_gain=2288.1 2537.25 2228.07 5580.74 2205.3 2081.34 2302.7 1969.52 1838.73 1715.25 1942.38 1591.2 2377.36 1480.42
threshold=0.31408482136343246 -0.68301270189221952 -0.053432676894982038 18.213483320293424 1.2736174209524151 -0.076544173137655838 0.15572691317479698 -1.0710303114636337 0.5754705010023119 2.3033750577473175 -0.015044224044914999 0.040781185357162006 12.101687691251835 0.099641508914028162
decision_type=2 2 8 2 8 10 2 2 2 10 2 2 2 2
left_child=2 4 3 5 -2 -1 -7 11 13 10 -3 -4 -13 -9
right_child=1 9 7 -5 -6 6 -8 8 -10 -11 -12 12 -14 -15
leaf_value=-0.0042034667916166493 -0.00060052664179833593 0.0013507774328460915 0.0098928220818731601 0.0042229510182090228 0.0013218612616485597 0.0036744616913283756 0.005816114005074785 0.00068470816660230142 0.0068957746861353052 -0.0030104706567095122 -0.0040461807605728841 0.0034116996332655587 0.010701357803607252 -0.00035663573408976391
leaf_weight=232580.75137758255 308612.11511230469 326802.24041748047 204649.42352843285 69883.831130981445 311847.28399658203 59834.268420219421 296644.03326129913 400401.43879699707 448360.65879702568 862675.53344726562 617773.27264404297 18745.684692382812 17984.476226806641 19660473.64236927
leaf_count=395 99 159 1298 27 114 41 564 175 1776 172 296 188 21 29994
internal_value=-0.000167539 -0.00162228 -2.58044e-06 0.00285977 0.00113643 0.00127487 0.00367554 -9.34753e-05 -0.000146321 -0.00256939 -0.00109732 0.00439665 0.0139791 -0.000217098
internal_weight=2.38373e+07 2.42771e+06 2.14096e+07 658943 620459 589059 356478 2.07506e+07 2.05092e+07 1.80725e+06 944576 241380 36730.2 2.00609e+07
internal_count=35319 840 34479 1027 213 1000 605 33452 31945 627 455 1507 209 30169
is_linear=0
shrinkage=0.05


Tree=60
num_leaves=15
num_cat=0
split_feature=1 10 26 25 14 0 24 26 2 10 17 11 17 7
split_gain=3247.95 2484.26 2209.09 3375.73 2302.4 1929.73 2039.7 3687.35 4742.23 1734.55 1579.88 1343.32 1334.38 1247.6
threshold=16.399633848597894 -0.1691935307846765 -0.5 0.68301270189221941 2.1030824698017523 16.273039820797113 12.944662958778151 -0.24999999999999997 14.488116774939014 0.076401761267267623 0.010689770198948153 -0.063096804445466434 0.0047343831329117502 12.800474789167753
decision_type=2 2 2 2 10 2 10 2 2 2 2 2 2 2
left_child=5 -2 4 -4 -3 6 9 8 12 10 11 -1 13 -8
right_child=1 2 3 -5 -6 -7 7 -9 -10 -11 -12 -13 -14 -15
leaf_value=0.0028491105916548108 -0.0045804991580525069 -0.00036547440614456391 -0.0028472601392042027 0.00066993116210919187 0.0016429857633764569 0.0012887205167609259 0.0087268020510469311 -0.0019768187887970971 0.015793460570841415 0.00076609105913519077 -0.0014717928018950451 -0.001137813990895695 -0.0042006226822349137 0.016047796435680928
leaf_weight=2302116.0244809389 536691.72607421875 747101.81420898438 1808887.3601074219 756855.43627929688 495580.62890625 684136.80322265625 74958.245799064636 395296.92900705338 68022.034545898438 6170966.1294697523 6888466.2084655762 2891979.3223829269 94135.0458984375 34748.072021484375
leaf_count=6662 99 155 374 157 104 199 322 811 32 12286 6652 7353 158 43
internal_value=-0.000206072 -0.00144288 -0.000994077 -0.00183214 0.000736258 6.80488e-05 -2.62792e-05 0.00268918 0.00717145 -0.000125528 -0.000473855 0.000184573 0.00335672 0.00710406
internal_weight=2.39499e+07 4.34512e+06 3.80843e+06 2.56574e+06 1.24268e+06 1.96048e+07 1.89207e+07 667160 271863 1.82535e+07 1.20826e+07 5.1941e+06 203841 109706
internal_count=35407 889 790 531 259 34518 34319 1366 555 32953 20667 14015 523 365
is_linear=0
shrinkage=0.05


Tree=61
num_leaves=15
num_cat=2
split_feature=14 16 1 9 6 27 25 16 7 28 26 26 29 7
split_gain=2411.52 1767.07 1798.71 1746.26 2894.27 1683.34 2176.72 3238.14 3237.94 3052.71 3779.45 2930.07 2180.89 2167.1
threshold=2.3502003251842658 18.435443290659602 17.156634566241113 0.36684739704362801 16.308496695165442 1.5000000000000002 -0.5 18.213483320293424 16.807051060811158 0 1.0000000180025095e-35 0.25000000000000017 1 15.949843188029041
decision_type=10 2 2 2 2 2 2 2 2 1 2 2 1 2
left_child=5 2 3 -2 -5 13 11 8 -8 -9 -11 -7 -13 -1
right_child=1 -3 -4 4 -6 6 7 9 -10 10 -12 12 -14 -15
leaf_value=-0.0014645084401643865 -0.0019926907426712393 -0.0022011483101279801 0.00086954924914698067 -0.00074145245081913146 0.0026282266207319585 0.0006376589431546795 0.00066963880797725668 0.0056828754894630261 -0.002788249246396497 -0.00020210640923137222 0.00084842472551745598 -0.00029532033769767208 -0.0048761929945928982 -0.005532318711733937
leaf_weight=1386049.1917934418 1636839.2432079315 542297.06848144531 116016.10693359375 1649994.4038083553 95435.751220703125 3260800.5741610527 9633314.1428308487 255944.59671020508 519681.61328125 647138.95169067383 403508.75085449219 1403339.9672210217 1913056.3212400675 431708.11694335938
leaf_count=2194 2378 183 21 7178 21 4197 14169 136 104 225 145 2091 2120 102
internal_value=-0.000174169 -0.00128761 -0.000875929 -0.00108591 1.42913e-05 5.24274e-05 0.000198582 0.000614711 0.000313198 0.00295765 0.00176473 -0.000526447 -0.00157289 -0.0013978
internal_weight=2.38951e+07 4.04058e+06 3.49829e+06 3.38227e+06 1.74543e+06 1.98545e+07 1.80368e+07 1.14596e+07 1.0153e+07 1.30659e+06 1.05065e+06 6.5772e+06 3.3164e+06 1.81776e+06
internal_count=35264 9781 9598 9577 7199 25483 23187 14779 14273 506 370 8408 4211 2296
cat_boundaries=0 1 2
cat_threshold=548 46
is_linear=0
shrinkage=0.05


Tree=62
num_leaves=15
num_cat=1
split_feature=26 25 3 17 19 1 29 0 24 11 20 24 9 23
split_gain=2669.2 3765.27 3681.75 2670.7 2648.97 6663.3 2996.19 2583.28 1866.61 3509.68 1634.67 1724.29 2984.77 1670.98
threshold=-0.5 -0.24999999999999997 16.691666025947082 0.39233366882668819 0.029993409272914853 16.997225798689893 0 17.419860989426706 3.0492033188703456 -0.12218388425949814 -0.021705058441736147 2.4883974610312305 0.13827813384070328 5.4741870197650853
decision_type=2 2 2 2 2 2 1 2 10 2 8 10 2 10
left_child=7 2 -2 4 10 6 8 -1 -6 -10 11 12 -3 -13
right_child=1 3 -4 -5 5 -7 -8 -9 9 -11 -12 13 -14 -15
leaf_value=0.00033833967165456628 -0.0016109812237014309 0.003506234313142335 -0.004075180146814141 -0.0041764473746713068 0.0031820886900961777 0.0018153953042334859 -0.00073062914140012859 0.00016868122231104881 0.013248198610927645 0.00031394710996796152 -0.00058527450282459131 -0.0022955224602599828 0.0020033349304190754 0.0084002980340103211
leaf_weight=7635831.0716586113 5151451.2065831423 80561.695846557617 830909.130859375 559302.80621337891 187520.46107578278 71724.8486328125 604878.45869112015 309811.6240234375 61946.529065608978 74312.02977180481 7268521.1033457518 311644.86446094513 767949.98444366455 67455.123287677765
leaf_count=11652 8665 27 156 215 257 12 1050 45 103 123 11305 462 1086 160
internal_value=-0.000164157 -0.000535425 -0.00152869 5.548e-05 0.000253229 0.00268686 0.00155279 0.000585244 0.00543453 0.00988834 -3.33197e-05 0.00165427 0.00290681 -0.00114921
internal_weight=2.39838e+07 1.60382e+07 5.98236e+06 1.00558e+07 9.49652e+06 1.00038e+06 928657 7.94564e+06 323779 136259 8.49613e+06 1.22761e+06 848512 379100
internal_count=35318 23621 8821 14800 14585 1545 1533 11697 483 226 13040 1735 1113 622
cat_boundaries=0 1
cat_threshold=60
is_linear=0
shrinkage=0.05


Tree=63
num_leaves=15
num_cat=0
split_feature=17 27 27 16 9 9 24 9 6 15 18 10 10 20
split_gain=2292.23 1472.69 4101.57 2253.34 2124.21 1984.87 1864.1 2352.67 2277.44 1532.72 1944.09 1454.64 1438.9 1422.86
threshold=0.0020723865900179003 11.500000000000002 9.5000000000000018 18.114578210008297 0.099641508914028162 0.14408993956811442 7.8248135322397507 0.21233104827981572 16.308496695165442 17.744682046708871 0.28361821035834328 0.55687870471167866 0.057731396464125909 0.072806114856406576
decision_type=2 2 2 2 2 2 10 2 2 2 10 2 2 8
left_child=-1 2 4 -4 -2 -3 11 -8 -9 10 -7 -6 -11 -14
right_child=1 5 3 -5 6 9 7 8 -10 12 -12 -13 13 -15
leaf_value=0.0038004651625670087 0.0007516016437081113 0.00048213099221599805 -0.0024788530236866707 -0.0075893695906722848 -0.00050607572814799734 0.0035107792718664503 0.0047314951808170649 0.0053554638615524661 -0.0017651049933838732 -0.0030844951817184671 0.0087219803739661227 0.0081882946803350093 -0.0012646380510017202 0.0033621361779703862
leaf_weight=3065106.8965803385 402398.74990844727 182146.26362609863 2634178.637172699 733982.43717956543 14193960.100223541 384325.40544891357 82170.057586669922 812640.71617889404 186520.28149414062 512943.56811523438 101138.14112091064 188967.34559249878 329376.35745239258 162062.9606628418
leaf_count=13992 103 64 3242 288 14259 877 83 1123 49 356 152 463 194 119
internal_value=-0.000227716 -0.000414925 -0.000538649 -0.00212335 -0.00020225 0.00100842 -0.000295574 0.00170652 0.0010377 0.000406053 0.00271281 -0.000446094 -0.000708905 0.00122456
internal_weight=2.39719e+07 2.09068e+07 1.92348e+07 3.36816e+06 1.58667e+07 1.67199e+06 1.54643e+07 1.08133e+06 999161 1.48985e+06 485464 1.43829e+07 1.00438e+06 491439
internal_count=35364 21372 19610 3530 16080 1762 15977 1255 1172 1698 1029 14722 669 313
is_linear=0
shrinkage=0.05


Tree=64
num_leaves=15
num_cat=2
split_feature=26 0 14 4 20 0 28 10 21 29 14 2 2 22
split_gain=2439.56 5289.18 3575.28 2891.03 2247.73 3757.29 1871.13 1864.99 2728.15 1794.02 1944.34 1506.21 6575.43 1368.27
threshold=-0.5 17.419860989426706 2.2818218379072372 16.856164222692549 -0.054960946806693445 15.197236109918526 0 -0.05636993168386429 9.3403776298421217 1 2.1812573570383793 16.401501956730314 15.930207739512172 16.79782796586915
decision_type=2 2 10 2 8 2 1 2 10 1 8 2 2 2
left_child=1 13 6 4 5 -4 -2 -8 11 -10 -11 12 -9 -1
right_child=2 -3 3 -5 -6 -7 7 8 9 10 -12 -13 -14 -15
leaf_value=-0.001230209879351745 -0.00070131671024851669 0.0013235290261445674 -0.0023896482970268427 -0.0040473595972939742 -0.0025964738679209328 0.0043546306507030461 -0.00047856741117762076 0.0093552218067647335 -0.0011658729456115249 0.0017618932802215108 0.0070141234506449733 -0.002079695394761339 0.0094133281771756963 0.00071546230553938051
leaf_weight=2655567.2987682819 9192335.0751674175 273439.107421875 63177.320911407471 719472.24096679688 2693406.0710818768 43808.380004882812 1433775.7829192877 551031.92563772202 596835.15381813049 389950.44482731819 102871.48451137543 80396.294677734375 47796.694580078125 5022049.4361456633
leaf_count=5727 10255 40 240 137 6861 15 2930 1368 698 912 102 19 16 6000
internal_value=-0.000112521 0.000602676 -0.000469834 -0.00187615 -0.00114983 0.00595773 -7.04747e-05 0.000970298 0.00205659 0.000506283 0.0027389 0.00454368 0.00540641 0.000359305
internal_weight=2.38659e+07 7.95106e+06 1.59149e+07 3.51986e+06 2.80039e+06 106986 1.2395e+07 3.20266e+06 1.76888e+06 1.08966e+06 492822 679225 598829 7.67762e+06
internal_count=35320 11767 23553 7253 7116 255 16300 6045 3115 1712 1014 1403 1384 11727
cat_boundaries=0 1 2
cat_threshold=792 1
is_linear=0
shrinkage=0.05


Tree=65
num_leaves=15
num_cat=2
split_feature=17 26 30 7 22 19 24 10 4 28 16 17 24 18
split_gain=2720.4 2702.46 2307.95 3306.08 1657.91 1439.69 2371.78 1398.42 1900.95 1388.56 1370.11 1830.48 2129.01 1345.39
threshold=0.31408482136343246 -0.5 0 16.610412428583285 18.642615931292685 0.059274043176975655 3.5404849734714356 0.61580198596896996 13.323105883523242 1 18.435443290659602 0.22590751642309662 1.7949352587435352 0.061148154764404113
decision_type=2 2 1 2 2 2 10 2 2 1 2 2 10 8
left_child=2 9 3 5 -3 7 -7 13 -9 -2 11 -4 -13 -1
right_child=1 4 10 -5 -6 6 -8 8 -10 -11 -12 12 -14 -15
leaf_value=0.0065710164552006097 0.00075354795461757219 -2.1943860155647341e-05 -0.00032880778180323475 0.0055037147224917329 -0.0037134618850246655 0.0016619272806672582 0.012621512796868836 0.0062316419815953974 0.0072330569440056157 -0.00089849416001992082 -0.001767159136738451 -0.00039547314669438963 0.0013762033188718127 7.6238837043864435e-05
leaf_weight=822129.49297773838 364921.1494140625 305881.64410400391 14417345.29231441 67122.28662109375 1297269.0823364258 138322.79327011108 66125.335551261902 120768.10186254978 29542.463989257812 448673.666015625 897913.32907104492 366921.42364501953 310238.21142578125 4175429.7429432869
leaf_count=3201 130 208 24956 15 344 231 104 516 23 151 406 123 116 4859
internal_value=-0.000148096 -0.00173828 3.13875e-05 0.000923121 -0.00292939 0.000784826 0.00489969 0.000621404 0.00537322 0.000608738 -0.0002708 -0.000157925 0.0023827 0.000478485
internal_weight=2.38286e+07 2.41675e+06 2.14119e+07 5.41944e+06 1.60315e+06 5.35232e+06 204448 5.14787e+06 150311 813595 1.59924e+07 1.50945e+07 677160 4.99756e+06
internal_count=35383 833 34550 8949 552 8934 335 8599 539 281 25601 25195 239 8060
cat_boundaries=0 1 2
cat_threshold=10 640
is_linear=0
shrinkage=0.05


Tree=66
num_leaves=15
num_cat=0
split_feature=16 16 17 22 17 11 12 8 2 2 19 19 26 21
split_gain=3596.2 1934.77 1437.09 1437.45 1305.13 1442.51 1303.21 1143.8 1814.14 2710.1 1063.53 1254.41 1215.71 822.206
threshold=18.435443290659602 18.407908271991452 0.31408482136343246 19.639666859264288 0.19132961672338733 0.099962294261870518 7.5000000000000009 0.064852118826147817 17.165049622732749 16.998031306214585 -0.026476018212164797 -0.0083378322809124477 -0.5 10.607054068381858
decision_type=2 2 2 2 2 2 2 2 2 2 2 2 2 10
left_child=1 2 6 10 5 -2 -1 -8 9 13 -4 -12 -13 -9
right_child=4 -3 3 -5 -6 -7 7 8 -10 -11 11 12 -14 -15
leaf_value=0.014005691789312387 -0.0021359141262348312 0.0014559315577013648 -0.0024608230102324356 -0.0052235678374271868 -0.0021292761222007216 0.0014564599865092237 0.00050410167288435063 0.00020814835026784453 -0.0025748262855131085 0.0018969898920818162 0.0002446412048733091 0.00027309318243288306 -0.0023270966964127528 -0.000703348611586907
leaf_weight=324921.44662415981 309581.59713745117 353782.87280273438 322455.76214599609 286820.29931640625 921203.79113769531 150667.86053466797 193288.01390838623 12226485.231770992 504093.4345703125 248790.15209960938 349625.94543457031 282299.48358154297 492000.84838867188 6832692.0054347515
leaf_count=3030 199 132 129 71 198 108 97 21237 81 49 146 114 212 9446
internal_value=-0.00018727 -3.46916e-05 -9.35116e-05 -0.00147556 -0.0026632 -0.000488945 2.43108e-05 -2.6707e-05 -6.40501e-05 1.32586e-05 -0.000834339 -0.000108116 -0.00123057 -5.44213e-05
internal_weight=2.37987e+07 2.24173e+07 2.20635e+07 1.7332e+06 1.38145e+06 460249 2.03303e+07 2.00053e+07 1.98121e+07 1.9308e+07 1.44638e+06 1.12393e+06 774300 1.90592e+07
internal_count=35249 34744 34612 672 505 307 33940 30910 30813 30732 601 472 326 30683
is_linear=0
shrinkage=0.05


Tree=67
num_leaves=15
num_cat=2
split_feature=15 10 9 29 14 14 2 9 5 3 23 5 25 28
split_gain=2032.22 2406.26 3355.38 8809.97 3229.04 3013.06 2507.56 2229.63 2826.08 2211.49 1725.96 2870.74 1694.1 1607.27
threshold=19.344577984086857 0.076401761267267623 0.19389150937709312 0 2.2283989705103648 2.1961228505741492 16.276512134422696 0.20757198619191244 16.960881889764313 16.154648050165125 -1.4313464411276098 14.547370918744495 -0.5 1
decision_type=2 2 2 1 10 10 2 2 2 2 8 2 2 1
left_child=1 7 3 12 5 13 -6 -1 -9 10 11 -2 -3 -4
right_child=9 2 4 -5 6 -7 -8 8 -10 -11 -12 -13 -14 -15
leaf_value=-0.0011425882072263692 -0.002086005356488931 -0.0030625925188264486 0.0049138748170207613 0.0036805106127190202 -0.00087281411313860587 0.0036958689851185711 -0.0063287140511188297 -0.0001373519210731792 0.00057938526107757717 -0.0031207123214019288 -0.0019785790473445231 0.010919667951231936 0.00060902588723133996 0.00127058703694147
leaf_weight=3617447.7580718994 173495.24968719482 205210.79684448242 739633.72859084606 187888.34066009521 1162041.9987876415 64234.947636604309 384019.25756835938 10253838.614751101 290864.12158203125 777252.25708007812 1880115.5471343994 85566.027709960938 276104.70470428467 3670618.5153337717
leaf_count=2132 264 95 1566 94 3923 87 82 18447 48 167 2201 46 178 6009
internal_value=-0.000108347 6.45583e-05 0.000846056 0.00420478 0.000472723 0.00115338 -0.00149719 -0.000304597 6.28596e-05 -0.00134459 -0.000514654 0.00331142 0.000620253 0.000996796
internal_weight=2.37683e+07 2.08519e+07 6.68975e+06 669204 6.02055e+06 4.47449e+06 1.54606e+06 1.41622e+07 1.05447e+07 2.91643e+06 2.13918e+06 259061 481316 4.41025e+06
internal_count=35339 32661 12034 367 11667 7662 4005 20627 18495 2678 2511 310 273 7575
cat_boundaries=0 1 2
cat_threshold=1 178
is_linear=0
shrinkage=0.05


Tree=68
num_leaves=15
num_cat=0
split_feature=14 15 10 22 25 26 25 17 17 6 15 26 11 8
split_gain=2467.22 2491.75 2350.71 3068.2 3827.45 3488.6 3338.14 3160.32 3033.21 2888.01 2730.9 1904.61 2358.61 3288.17
threshold=2.3605958934882918 19.344577984086857 -0.17372617905917301 18.015356146246784 0.68301270189221941 -0.24999999999999997 1.0000000180025095e-35 0.22590751642309662 0.12992081830067945 16.195747581550723 19.250863594461013 0.93301270189221952 0.1227845241495417 0.34922133974219643
decision_type=10 2 2 2 2 2 2 2 2 2 2 2 2 2
left_child=1 2 -1 -4 5 6 9 8 10 -5 -6 12 13 -7
right_child=-2 -3 3 4 7 11 -8 -9 -10 -11 -12 -13 -14 -15
leaf_value=-0.0014623204782399273 -0.0014325077420308731 -0.0018551565892617747 0.00013830204879051121 0.0028497234109761652 0.0035811446418741195 -0.0056278675023004729 0.00020804191709976281 0.0017077040291926351 -0.0024105627602905993 0.0022054655388179258 0.0050263779937579391 0.0022822405084954632 0.0011128013046853454 0.0050018394122165232
leaf_weight=4677192.5764007568 3804856.2377598286 2918567.8359947205 8199556.095716238 356738.82681310177 413142.87959003448 838276.85231018066 728638.08387231827 268758.01135253906 228587.42132568359 369350.6572265625 111260.31541442871 384923.0743227005 464813.14647483826 214630.13237166405
leaf_count=7961 9720 2706 11433 499 583 356 592 93 77 78 85 306 423 435
internal_value=-9.65998e-05 0.000123655 0.000352182 0.000708039 0.00177659 0.00096113 0.00280438 0.00445612 0.00279482 0.00520372 0.00488999 -0.000448185 -0.00124487 -0.00255449
internal_weight=2.39793e+07 2.01744e+07 1.72559e+07 1.25787e+07 4.37912e+06 3.35737e+06 1.45473e+06 1.02175e+06 752991 726089 524403 1.90264e+06 1.51772e+06 1.05291e+06
internal_count=35347 25627 22921 14960 3527 2689 1169 838 745 577 668 1520 1214 791
is_linear=0
shrinkage=0.05


Tree=69
num_leaves=15
num_cat=2
split_feature=16 4 18 28 5 28 11 18 20 2 22 26 18 24
split_gain=1950.63 3109.65 2113.13 1694.93 1778.59 1693.67 2095.6 3404.16 3134.27 2202.1 2650.74 1644.89 1538.12 2812.08
threshold=18.472836192843562 17.458037941908348 0.055862040490955951 0 14.880350224662141 1 0.16772982343911821 0.72285367655238797 -0.061209268040578892 15.144338772874399 17.674166619779516 -0.5 0.79348320756803525 1.1394161556931202
decision_type=2 2 10 1 2 1 2 10 8 2 2 2 10 10
left_child=1 2 3 -1 -5 -4 7 8 -7 10 -8 -2 13 -9
right_child=11 -3 5 4 -6 6 9 12 -10 -11 -12 -13 -14 -15
leaf_value=-0.00051429586238877639 0.00020222154506129177 0.00050283997905284036 -0.0023612379269042577 0.0050959211342236606 0.0083510829227629296 0.0019201172406607854 -0.0029870408119763202 0.0075181091204127859 -0.0010135808973385269 -0.0017568136558981187 0.0034572280855089984 -0.0028816625671256504 0.001509052540878522 0.00079882635915976344
leaf_weight=1612388.6291053295 282547.09591674805 466886.13720703125 2147104.9547920227 2145672.0286833048 33619.270629882812 237155.21708679199 2156064.7184247971 164891.81715393066 6450381.90041399 1355733.0947265625 903061.42528533936 755080.18789672852 4583149.7718863487 405510.09608650208
leaf_count=7102 103 68 2257 8350 18 162 3628 137 5409 498 1301 279 5816 237
internal_value=-0.000111336 -1.42705e-05 -9.922e-05 0.000975603 0.0018849 -0.000320671 -0.000146346 0.000200296 -0.000543921 -0.00107607 -0.000332679 -0.00223123 0.00116603 0.00361455
internal_weight=2.36992e+07 2.26616e+07 2.21947e+07 3.79168e+06 2.17929e+06 1.84031e+07 1.62559e+07 1.18411e+07 6.68754e+06 4.41486e+06 3.05913e+06 1.03763e+06 5.15355e+06 570402
internal_count=35365 34983 34915 15470 8368 19445 17188 11761 5571 5427 4929 382 6190 374
cat_boundaries=0 1 2
cat_threshold=25 216
is_linear=0
shrinkage=0.05


Tree=70
num_leaves=15
num_cat=0
split_feature=27 16 25 23 0 17 7 3 8 20 20 10 5 4
split_gain=2160.89 2989.97 2378.57 2876.42 2294.8 1964.72 1702.06 1980.17 1568.62 2416.16 2133.42 1629.87 1536.39 1409.18
threshold=9.5000000000000018 16.482283935522911 -0.24999999999999997 2.2637526207970207 17.419860989426706 0.22590751642309662 17.114749279343759 17.169510099143395 0.089262396150043263 0.010913244316697652 0.042076762466386801 0.59461324312808783 16.089743665749982 13.954878151946431
decision_type=2 2 2 10 2 2 2 2 2 8 8 2 2 2
left_child=4 5 13 -4 6 12 7 8 9 -1 -11 -10 -2 -3
right_child=1 2 3 -5 -6 -7 -8 -9 11 10 -12 -13 -14 -15
leaf_value=-0.00048156267906242548 -0.0010767148702708676 0.00054903894291004601 0.0011164640875473088 -0.00098408359208485919 0.00037575055483070097 0.0039527634715247175 -0.0021480963512377264 0.0016981215515771268 -6.4323623289002049e-05 0.0021807281375045896 0.002052772098039181 0.0089524745056461501 0.0022389100064901337 -0.0059407199467671765
leaf_weight=247141.82964038849 3495092.1097115278 182351.62191963196 284308.13349914551 385705.781665802 643853.27392578125 180724.64935302734 664112.076171875 163302.15087890625 15882832.670009971 78928.527891159058 99112.356168031693 300464.03094732761 150070.392578125 1162216.1423339844
leaf_count=141 7431 369 143 249 93 113 117 33 24521 45 290 1415 46 401
internal_value=-0.000134604 -0.000970739 -0.00252976 -9.59618e-05 0.0001355 -0.00014981 2.7253e-05 0.000125556 7.16839e-05 0.00306953 0.0075103 -7.07825e-06 -0.000402102 -0.00374255
internal_weight=2.39202e+07 5.84047e+06 2.01458e+06 670014 1.80797e+07 3.82589e+06 1.74359e+07 1.67718e+07 1.66085e+07 425183 178041 1.61833e+07 3.64516e+06 1.34457e+06
internal_count=35407 8752 1162 392 26655 7590 26562 26445 26412 476 335 25936 7477 770
is_linear=0
shrinkage=0.05


Tree=71
num_leaves=15
num_cat=1
split_feature=0 1 7 14 3 0 15 15 11 11 25 29 2 14
split_gain=2611.35 4593.97 2699.07 1412.56 1610.25 1340.54 1187.3 2027.84 1850.4 1295.78 1051.24 1696.44 2676.98 1997.09
threshold=17.419860989426706 16.399633848597894 16.610412428583285 2.4201405926952608 11.649778571138022 16.273039820797113 19.34182737979339 18.144199797102726 0.086168860342574718 -0.053270809047041241 -0.5 0 15.090779240072619 1.4184813826977043
decision_type=2 2 2 10 2 2 2 2 2 2 2 1 2 10
left_child=1 2 3 4 -1 10 7 -3 9 -9 11 13 -13 -6
right_child=-2 6 -4 -5 5 -7 -8 8 -10 -11 -12 12 -14 -15
leaf_value=0.0046653822881298759 0.00038498159864387943 -0.0011709356606322751 0.001498225706971882 -0.0023435832264135092 -0.00030498550036118263 0.00078601620068978776 -0.0029793544044974017 -0.0012089585689720049 -0.0014458905505097745 0.00048614837906943518 0.0001256104029280968 -0.0011285308127440615 -0.0059474116769002308 0.010088215754330441
leaf_weight=2313862.5570526123 886382.3310546875 1372873.3771972656 99614.137939453125 2203349.6388547421 544342.64053344727 582306.49633789062 479742.1630859375 631823.83764648438 479390.80346679688 503275.21557617188 9617338.7051315308 3231159.64087677 777537.21984863281 210208.1527557373
leaf_count=10637 129 295 23 8820 452 174 111 133 111 111 9873 3954 344 154
internal_value=-0.000244199 -0.000346624 -4.95677e-05 -9.15473e-05 6.05036e-05 -0.000129318 -0.00202419 -0.0016534 -0.000452127 0.000647925 -0.000224552 -0.000831999 -0.00124138 0.00134292
internal_weight=2.39332e+07 2.30468e+07 1.95797e+07 1.94801e+07 1.72768e+07 1.49629e+07 3.46711e+06 2.98736e+06 1.61449e+06 1.1351e+06 1.43806e+07 4.76325e+06 4.0087e+06 754551
internal_count=35321 35192 34431 34408 25588 14951 761 650 355 244 14777 4904 4298 606
cat_boundaries=0 1
cat_threshold=8
is_linear=0
shrinkage=0.05


Tree=72
num_leaves=15
num_cat=3
split_feature=26 4 16 17 29 9 28 15 16 28 17 1 2 1
split_gain=1899.3 5074.5 3390.79 9642.7 2051.85 2763.86 2605.84 3311.31 1663.52 2984.99 1601.49 3426.2 1790.09 1781.77
threshold=-0.5 17.017299882291177 18.369372682749788 0.27754239535709518 0 0.40038628091876621 1 19.261483453064301 16.570038653596256 2 0.39233366882668819 17.156634566241113 16.849067115038203 14.98199065743526
decision_type=2 2 2 2 1 2 1 2 2 1 2 2 2 2
left_child=2 10 4 -4 6 -6 -1 -8 -7 -10 11 12 -2 -12
right_child=1 -3 3 -5 5 8 7 -9 9 -11 13 -13 -14 -15
leaf_value=0.0014469413478598327 -0.00011337083874584191 -0.0021904981657796998 -0.0013484403323430639 0.0019909440323552219 -0.0010632235156521044 0.0010281085750147646 -0.00022336286721093285 0.0019672495885895234 0.016733208878611544 0.0027948543995002626 0.0013559896419593617 0.0017494411920856172 -0.003158927458075278 -0.0045820749880516043
leaf_weight=123016.4365234375 13397642.990795255 1361988.7565917969 390402.41934204102 317283.02722167969 3080451.1744556427 2901013.541896224 509301.95043230057 258299.30351257324 78973.289390563965 243585.00964355469 203822.90155029297 115005.63525390625 371579.82080078125 434102.70397949219
leaf_count=48 22894 234 181 77 2776 7431 560 197 48 392 185 23 80 123
internal_value=-0.000237954 -0.000553089 0.000395488 0.00369787 7.06565e-05 -0.000246722 0.00231712 0.00123435 0.000776707 0.00418303 -0.000279401 -0.000166852 -0.000238635 -0.00272899
internal_weight=2.37865e+07 1.58841e+07 7.90233e+06 707685 7.19464e+06 6.30402e+06 890618 767601 3.22357e+06 322558 1.45222e+07 1.38842e+07 1.37692e+07 637926
internal_count=35249 23539 11710 258 11452 10647 805 757 7871 440 23305 22997 22974 308
cat_boundaries=0 1 2 3
cat_threshold=80 512 32
is_linear=0
shrinkage=0.05


Tree=73
num_leaves=15
num_cat=0
split_feature=20 20 3 4 27 25 18 20 9 10 22 25 2 2
split_gain=2560.61 4184.6 2437.56 2021.05 1668.22 3187.7 2407.35 2348.04 2228.07 1645.3 2172.85 3400 2078.29 1719.41
threshold=-0.053432676894982038 -0.076544173137655838 15.153099527080643 13.747532358593384 9.5000000000000018 -0.24999999999999997 0.8759166580709925 0.017447102804422254 0.099641508914028162 -0.13474876031411837 19.623793835603895 0.25000000000000011 16.688037161790731 17.165049622732749
decision_type=8 10 2 2 2 2 10 10 2 2 2 2 2 2
left_child=1 -1 -3 -2 8 6 -6 -7 -5 12 13 -12 -10 -11
right_child=3 2 -4 4 5 7 -8 -9 9 10 11 -13 -14 -15
leaf_value=-0.0038552767491730647 0.001070817166096438 0.0048900823501391707 0.0028909926495353372 0.00078731230486703556 -0.0051681617230007349 -0.00036463054831696514 -0.00059444252583008893 0.0020891045136001789 -0.0011104891010473297 3.0684385648350737e-05 0.004855274164790804 -0.00055516472477650251 -0.0023458995035441875 -0.0008408132130030149
leaf_weight=257717.53333234787 8931383.6556692123 295797.68755340576 226541.53515625 345468.28692626953 1802363.3718566895 859210.33227539062 674234.94549560547 239669.50778198242 2907777.2790222168 5672162.8090820312 281866.29077148438 288835.34838867188 493910.6943359375 640258.2197265625
leaf_count=427 27322 613 68 76 830 403 392 109 1761 2957 107 105 86 105
internal_value=-0.000124643 0.00269295 0.0052653 -0.000219636 -0.000590173 -0.00152444 -0.0025189 0.000716834 -0.000275935 -0.000408603 3.59754e-05 0.00299049 -0.00130818 -0.00023114
internal_weight=2.39172e+07 780057 522339 2.31371e+07 1.42058e+07 3.57548e+06 2.4766e+06 1.09888e+06 1.06303e+07 1.02848e+07 6.88312e+06 570702 3.40169e+06 6.31242e+06
internal_count=35361 1108 681 34253 6931 1734 1222 512 5197 5121 3274 212 1847 3062
is_linear=0
shrinkage=0.05


Tree=74
num_leaves=15
num_cat=1
split_feature=26 16 14 1 28 7 15 24 18 2 1 5 19 22
split_gain=1929.48 2959.46 3274.08 6188.63 2951.13 9257.43 3954.56 3265.51 1858.48 2528.48 2028.62 2973.75 1851.41 1840.14
threshold=-0.5 16.734146960366321 1.5355535612626665 17.423965936235351 0 17.375687477891912 18.274639255750575 1.4958823093712301 0.27277323660146974 16.849067115038203 16.399633848597894 16.089743665749982 -0.043346914351681191 21.036281688279555
decision_type=2 2 10 2 1 2 2 10 10 2 2 2 2 2
left_child=4 -2 3 -3 5 6 8 -8 9 10 11 -1 -4 -6
right_child=1 2 12 -5 13 -7 7 -9 -10 -11 -12 -13 -14 -15
leaf_value=0.00086625908303345324 -0.00011551909067937913 -0.00088866065425790555 0.00011451566624672077 0.0022622670518603525 -0.0001311070931148645 0.00077673326298233322 0.00071606856308207732 0.0074137618558532334 -0.00090836938655658157 0.0018643904632971828 -0.0015377629205819067 0.0038537577878927963 -0.0021717291314858785 0.0085432889143464211
leaf_weight=953150.68541026115 11165056.676177263 747280.30449676514 331776.80813598633 165164.01806640625 5668634.7967312336 81966.14306640625 139170.18321895599 117736.67918252945 451733.35750198364 132997.10888671875 134899.2265625 49745.841552734375 3555745.2619304657 197387.56939697266
leaf_count=2081 21184 644 142 24 8736 13 183 154 256 27 31 14 1641 231
internal_value=-0.000180243 -0.000496865 -0.00153512 0.00116032 0.000457402 0.00208478 0.00140295 0.00718982 0.000539865 0.00151906 0.000756541 0.00153085 -0.00216777 -0.000114484
internal_weight=2.38924e+07 1.5965e+07 4.79997e+06 912444 7.92742e+06 2.0614e+06 1.97943e+06 256907 1.72253e+06 1.27079e+06 1.1378e+06 1.0029e+06 3.88752e+06 5.86602e+06
internal_count=35361 23635 2451 668 11726 2759 2746 337 2409 2153 2126 2095 1783 8967
cat_boundaries=0 1
cat_threshold=672
is_linear=0
shrinkage=0.05


Tree=75
num_leaves=15
num_cat=1
split_feature=27 27 8 16 23 11 25 28 3 21 14 22 15 17
split_gain=1854.84 3573.15 2522.45 2227.62 2123.94 2064.45 1996.05 2783.84 5053.1 3313.61 2292.18 3354.89 2608.85 2078.6
threshold=11.500000000000002 9.5000000000000018 0.13271539659187379 16.482283935522911 6.7582366309950865 -0.28581367116529671 0.25000000000000011 0 17.004815837258366 11.075003298483759 2.3410992662615091 18.655332724125884 18.297242473215295 0.39233366882668819
decision_type=2 2 2 2 8 2 2 1 2 10 10 2 2 2
left_child=1 4 -2 -3 5 -1 7 8 9 10 11 12 -7 -8
right_child=2 3 -4 -5 -6 6 13 -9 -10 -11 -12 -13 -14 -15
leaf_value=0.0026120682704805554 0.0025873582924457288 -0.0022628982914168982 0.00073800104463559867 -0.0038642259018984194 0.0024682391713603748 -0.0012149356779262935 -0.00071897991968616513 -0.00035938883578903735 0.0013819429190702838 0.0066622935707343111 -0.00086440632057321323 0.0047725055288843649 0.0079723634548302495 -0.0043645611578932248
leaf_weight=2172656.0749810934 258385.45320224762 2524309.8968647718 1720426.8274095058 1368571.2270851135 1840776.0526816845 459071.2809305191 7262271.7626695633 4478311.2298381329 167627.60302734375 124098.27585601807 627689.78807735443 140576.82153892517 82850.854610443115 527871.17950439453
leaf_count=5148 172 5079 2736 768 3607 590 9794 6136 30 118 756 98 113 202
internal_value=-0.000121305 -0.000254487 0.00134436 -0.00162724 4.43294e-05 -0.000140244 -0.000364725 0.000314204 0.00210303 0.00114301 0.000403378 0.002409 0.000623557 -0.00089463
internal_weight=2.37555e+07 2.17767e+07 1.97881e+06 3.89288e+06 1.78838e+07 1.6043e+07 1.38704e+07 6.08023e+06 1.60191e+06 1.43429e+06 1.31019e+06 682499 541922 7.79014e+06
internal_count=35347 32439 2908 5847 26592 22985 17837 7841 1705 1675 1557 801 703 9996
cat_boundaries=0 1
cat_threshold=672
is_linear=0
shrinkage=0.05


Tree=76
num_leaves=15
num_cat=2
split_feature=20 3 1 28 5 9 6 3 10 10 15 15 30 4
split_gain=2306.99 4421.08 2517.95 2301.44 3257.93 2153.39 2025.02 1598.56 1335.89 1279.14 1291.17 3218.95 1238.8 1297.35
threshold=-0.053432676894982038 16.850127835172454 16.399633848597894 0 14.619707379395608 0.28194686203971314 16.308496695165442 15.266957217830116 0.5107851331194998 -0.06266696150018089 19.330630037985571 19.163725546763626 1 14.336167927620808
decision_type=8 2 2 1 2 2 2 2 2 2 2 2 1 2
left_child=1 3 6 4 -1 9 8 -5 -2 -4 11 -11 13 -10
right_child=2 -3 5 7 -6 -7 -8 -9 12 10 -12 -13 -14 -15
leaf_value=-0.0036742202242890619 -0.00038364708454178653 0.0013234341579578838 -0.0016698739510067348 0.0038490403224110598 0.0051820039616605976 -0.0022563212729571742 0.0010914488787977206 -0.0038466188959672808 0.0070850359430621171 -0.00058115466312753375 -0.00097894747470129192 0.00062741689558200742 -0.00050844123458883793 0.0079415636031041764
leaf_weight=85217.32079744339 17950392.048584819 80900.00732421875 758495.37182617188 336490.24126815796 96372.770629882812 855825.53125 520773.44311523438 145660.30249023438 311390.93094086647 1134998.2507324219 514837.154296875 823037.05981445312 325228.23755598068 25218.766479492188
leaf_count=298 30777 16 145 683 40 194 140 45 1418 245 98 159 1149 13
internal_value=-0.000211689 0.00252777 -0.000299539 0.00118273 0.00598007 -0.00142606 -5.88915e-05 -0.00062418 -0.000144935 -0.000835428 -0.000284478 0.00030137 0.00206112 0.00418737
internal_weight=2.39648e+07 744641 2.32202e+07 663741 181590 4.08719e+06 1.9133e+07 482151 1.86122e+07 3.23137e+06 2.47287e+06 1.95804e+06 661838 336610
internal_count=35420 1082 34338 1066 338 841 33497 728 33357 647 502 404 2580 1431
cat_boundaries=0 1 2
cat_threshold=96 12
is_linear=0
shrinkage=0.05


Tree=77
num_leaves=15
num_cat=0
split_feature=16 16 11 5 14 15 2 15 8 26 24 20 11 1
split_gain=1952.29 1529.23 1511.88 2061.42 1282.18 1510.49 3046.86 1648.01 2364.88 1495.43 2112.22 1446.46 1210.78 2690.55
threshold=18.435443290659602 18.407908271991452 -0.84960719115031924 14.317348577797789 2.3502003251842658 19.344577984086857 16.401501956730314 19.320833299017838 0.14868143367913414 -0.24999999999999997 9.8853963002457714 -0.012178003172521797 0.089721752286378006 15.928669810864353
decision_type=2 2 2 2 10 2 2 2 2 2 8 8 2 2
left_child=1 2 3 -1 5 7 11 -4 -9 10 -10 -7 13 -13
right_child=-2 -3 4 -5 -6 6 -8 8 9 -11 -12 12 -14 -15
leaf_value=0.006778291874877081 -0.0012384402949670442 0.0010571041272904719 1.9228086426771436e-05 0.016732040265156931 -0.00090086901068770538 -0.004207162094505292 -0.0051401204199814504 0.0023389897368716159 0.0020035047321765166 -0.0008586384299739654 0.013880347783539672 0.00066958759853611544 -0.0017782336638867821 0.0040308548619515929
leaf_weight=398217.04558515549 1339311.8862609863 359353.29339599609 14704302.085912943 44136.688903808594 3320173.0762267113 318323.85046386719 425595.89428710938 166431.1296081543 358013.64326477051 427390.60834121704 89817.88489151001 804645.1873550415 1013057.0372619629 115673.74560546875
leaf_count=2210 493 131 20000 24 9025 269 94 55 383 462 126 1084 1080 36
internal_value=-0.000184186 -7.40068e-05 -0.000126415 0.0027674 -0.000185288 -2.22915e-05 -0.00112024 0.000164394 0.00208627 0.00104738 0.00306644 -0.000386924 0.00012729 0.00144007
internal_weight=2.38844e+07 2.25451e+07 2.21858e+07 442354 2.17434e+07 1.84233e+07 2.6773e+06 1.5746e+07 1.04165e+06 875222 447832 2.2517e+06 1.93338e+06 920319
internal_count=35472 34979 34848 2234 32614 23589 2563 21026 1026 971 509 2469 2200 1120
is_linear=0
shrinkage=0.05


Tree=78
num_leaves=15
num_cat=0
split_feature=27 26 9 11 16 0 26 3 0 19 4 7 19 20
split_gain=1781.89 2439.98 2419.17 5321.79 2380.36 2680.52 2315.89 2856.88 2058.38 1825.59 2408.43 2360.05 1829.04 1642.38
threshold=9.5000000000000018 0.93301270189221952 0.099641508914028162 0.023233663807122402 16.309569895392489 15.926099204579868 0.6830127018922193 15.403376953653414 15.197236109918526 -0.029759344070959644 16.411339423236502 15.499379196478147 -0.026476018212164797 -0.050983502848724695
decision_type=2 2 2 2 2 2 2 2 2 2 2 2 2 8
left_child=2 4 3 -1 5 -2 9 8 -8 10 11 -4 -11 -3
right_child=1 13 6 -5 -6 -7 7 -9 -10 12 -12 -13 -14 -15
leaf_value=-0.00038629323286120879 -0.002713980137064221 0.0045973198498083364 0.0023725674651271541 0.0033634767575417752 -0.003356865966271487 0.003597574731944748 -0.0023868557154022468 -0.0064175071311558408 0.0046305098686628852 -0.0027535504033790442 0.0023650363015077771 -0.0025677530277785814 0.00011318388045187551 0.00021091373864275559
leaf_weight=194220.75169372559 2298642.2445323467 66694.200825691223 1639013.7941381931 164499.16650390625 1528889.0893306732 94166.77587890625 1391013.9631037712 618329.53479003906 103874.13037109375 698549.61497926712 395234.458984375 211289.7900390625 12662169.042578697 1858498.4296009541
leaf_count=176 4926 101 3236 40 881 31 2961 171 48 1036 83 70 18787 2776
internal_value=-0.000201692 -0.000960442 4.37045e-05 0.00410883 -0.00167609 -0.000691428 -3.85914e-05 -0.00159198 -0.000409622 0.000171751 0.00149085 0.000734046 -4.99505e-05 0.000497366
internal_weight=2.39251e+07 5.84689e+06 1.80782e+07 358720 3.9217e+06 2.39281e+06 1.77195e+07 2.11322e+06 1.49489e+06 1.56063e+07 2.24554e+06 1.8503e+06 1.33607e+07 1.92519e+06
internal_count=35323 8715 26608 216 5838 4957 26392 3180 3009 23212 3389 3306 19823 2877
is_linear=0
shrinkage=0.05


Tree=79
num_leaves=15
num_cat=1
split_feature=27 3 0 27 16 25 9 28 8 16 0 8 8 22
split_gain=1815.24 2841.47 2936.79 1532.69 2580.82 2557.26 2532.74 2634.37 3161.4 2307.59 2610.88 2199.56 3303.38 1914.43
threshold=1.5000000000000002 15.674799135655663 15.197236109918526 9.5000000000000018 18.213483320293424 -0.24999999999999997 0.13067246360888676 0 0.25745182052255949 16.482283935522911 15.804232180326846 0.16378791195391673 0.19206645172841594 19.577528614108676
decision_type=2 2 2 2 2 2 2 1 2 2 2 2 2 2
left_child=1 2 -1 4 -2 9 -6 8 -8 10 -5 -9 -13 -7
right_child=3 -3 -4 5 6 13 7 11 -10 -11 -12 12 -14 -15
leaf_value=-0.0025731175587573691 6.4699713551329933e-05 -0.0055571639583255261 0.0053147614025044771 -0.0024272587929493467 0.0012994849218780345 0.0011731431753465079 0.0018428534621704952 -0.0030342137461256379 -0.00044690043782977782 -0.0037521353843365788 0.0023800644008456057 0.0013137865114406229 -0.0014335852215448469 -0.0013752973465295413
leaf_weight=1459808.4537912607 13381431.42464447 618487.84338378906 140347.70434570312 2394406.7039576769 557330.38189697266 1654229.3598468304 596526.75634765625 438276.36320495605 423792.73394775391 1354942.8980693817 162119.68041992188 150870.47999572754 276055.12634277344 271275.40981292725
leaf_count=3015 22391 149 63 5059 164 2757 143 138 168 763 57 65 237 158
internal_value=-8.67411e-05 -0.00144887 -0.000336415 5.27744e-05 0.000308213 -0.000639731 0.00180269 0.000927391 0.00264839 -0.00137402 -0.000489892 -0.00110217 0.00145215 0.0008519
internal_weight=2.38799e+07 2.21864e+06 1.60016e+06 2.16613e+07 1.58243e+07 5.83697e+06 2.44285e+06 1.88552e+06 1.02032e+06 3.91147e+06 2.55653e+06 865202 426926 1.9255e+06
internal_count=35327 3227 3078 32100 23306 8794 915 751 311 5879 5116 440 302 2915
cat_boundaries=0 1
cat_threshold=548
is_linear=0
shrinkage=0.05


Tree=80
num_leaves=15
num_cat=2
split_feature=26 1 9 0 18 6 9 8 28 22 20 29 19 4
split_gain=1841.12 2792.15 3160.6 2644.19 1691.7 2616.05 2225.08 4054.04 1701.94 2902.86 1503.4 1437.32 2539.93 3531.67
threshold=-0.5 16.399633848597894 0.13067246360888676 17.419860989426706 0.27277323660146974 16.958239102935611 0.27887901350807187 0.15572691317479698 0 21.06749716986349 -0.054960946806693445 1 0.029993409272914853 15.408422505811407
decision_type=2 2 2 2 10 2 2 2 1 2 8 1 2 2
left_child=3 11 -3 4 5 8 -6 -8 10 -10 -1 12 -2 -14
right_child=1 2 -4 -5 6 -7 7 -9 9 -11 -12 -13 13 -15
leaf_value=0.0059877793634212102 0.00019111987349220487 0.00010381897845775522 -0.0018511565926275988 0.00027475968618136343 -0.0011552263537778166 0.0011978539114819858 0.001467070510120955 1.0786195096702649e-06 -0.00072798962267958786 0.017789105059116097 0.0020207230784545457 -0.00080283326392949206 0.0013163157548768127 0.0055089513573833987
leaf_weight=70311.670373916626 3556236.8517020941 795556.64965820312 2092321.3774414062 314157.37646484375 1369191.4336967468 87427.09130859375 74736.488193511963 2772508.631909132 1690261.7114105225 37221.472442626953 1499029.8082845211 8971153.7787470818 428516.15998792648 132207.65942382812
leaf_count=112 5213 149 443 46 604 17 47 3637 4641 48 2512 16964 775 46
internal_value=-0.000194761 -0.000503707 -0.0019109 0.000428841 0.000243043 0.00107566 -0.000425246 0.000371261 0.000849284 -0.000233515 0.00204118 -0.00019321 0.00058026 0.00370787
internal_weight=2.38908e+07 1.5976e+07 2.88788e+06 7.91485e+06 7.60069e+06 3.38425e+06 4.21644e+06 2.84725e+06 3.29682e+06 1.72748e+06 1.56934e+06 1.30881e+07 4.11696e+06 560724
internal_count=35254 23590 592 11664 11618 7330 4288 3684 7313 4689 2624 22998 6034 821
cat_boundaries=0 1 2
cat_threshold=928 28
is_linear=0
shrinkage=0.05


Tree=81
num_leaves=15
num_cat=0
split_feature=9 11 17 20 23 15 17 9 27 9 20 1 26 4
split_gain=1580.79 5195.95 1809.63 1645.12 1551.21 2576.98 1741.46 1633.15 1488.67 1394.77 1258.37 1224.88 1216.01 1212.8
threshold=0.099641508914028162 0.036248094020917755 0.0043311947593818508 -0.026618144467127847 2.2429219836884204 17.744682046708871 0.025007175385700103 0.14963904423856059 1.5000000000000002 0.54019749695603159 0.094421467364360259 16.399633848597894 -0.5 16.856164222692549
decision_type=2 2 2 8 10 2 2 2 2 2 10 2 2 2
left_child=1 13 -2 4 7 -6 -7 -4 11 -9 -10 -5 -11 -1
right_child=2 -3 3 8 5 6 -8 9 10 12 -12 -13 -14 -15
leaf_value=0.00072048390170578107 0.002185712424618166 0.0030407400191502726 0.0011272708499967087 -0.0033768270895964537 -0.00073482129361847857 0.0041029595421372437 0.0036012803628820583 -0.0010985457619095455 -0.00040017968295119372 0.019708977904963999 0.00043428610307263185 -0.0057764126249798637 -0.0030736749526977737 -0.0025955531108136439
leaf_weight=148155.46925354004 4989452.4538741112 179136.3537902832 230646.17971801758 1101540.6964797974 324873.15222930908 260003.23773193359 244062.17724609375 684985.90713500977 14921944.311752319 72607.965240478516 160064.66826629639 303361.07592773438 97035.449249267578 190780.58642578125
leaf_count=222 17860 40 69 1205 628 210 102 532 13961 133 130 63 176 36
internal_value=-0.000179404 0.00255243 -0.000239911 -0.000468918 0.000918544 0.00254716 0.00478525 -0.000325403 -0.000630009 -0.00133302 -0.000485001 -0.00218672 0.00272584 -0.00108789
internal_weight=2.39086e+07 518072 2.33906e+07 1.84011e+07 1.91421e+06 828939 504065 1.08528e+06 1.64869e+07 854629 1.5082e+07 1.4049e+06 169643 338936
internal_count=35367 298 35069 17209 1850 940 312 910 15359 841 14091 1268 309 258
is_linear=0
shrinkage=0.05


Tree=82
num_leaves=15
num_cat=0
split_feature=15 14 10 7 14 26 11 6 8 3 20 2 6 17
split_gain=2091.78 1834.92 1734.08 4766.14 2873.89 2988.58 3682.88 1828.74 1638.36 1991.78 1517.09 1593.81 4460.58 1487.16
threshold=19.344577984086857 2.3605958934882918 0.086090403615409969 17.375687477891912 2.3326215634528666 -0.68301270189221952 0.016795339236873354 17.353540390897464 0.064852118826147817 16.043295900230813 -0.068664897351532084 16.849067115038203 16.604429800222857 0.033422580751823257
decision_type=2 10 2 2 8 2 2 2 2 2 8 2 2 2
left_child=1 2 4 10 7 -6 -7 -1 -2 13 -4 12 -12 -10
right_child=8 -3 3 -5 5 6 -8 -9 9 -11 11 -13 -14 -15
leaf_value=-8.5917066839186052e-05 0.001720627947004403 -0.0011641298542451404 0.0039205077883265388 0.0031603258578283971 0.0053070745064382361 -0.00087310183875185729 0.002721651550340209 -0.001494358629160149 -0.0019400910552028012 -0.0028347093402894597 0.001491175599492303 -0.001957683653263282 0.0053374933290370602 0.0015859680372159646
leaf_weight=10916565.579594493 131410.50254440308 3794530.1060063839 73354.534374237061 98674.5263671875 112860.04451465607 168498.60310745239 109499.30010223389 437696.251953125 1959011.3723182678 741483.99291992188 4776501.3974277973 330812.02099609375 97030.221435546875 87139.07958984375
leaf_count=14277 42 9641 100 15 106 212 67 63 2433 170 8034 68 24 27
internal_value=-0.000109265 6.57196e-05 0.000286188 0.00102992 -5.4259e-05 0.00416121 0.00137546 -0.000199372 -0.0013631 -0.00162029 0.000826365 0.000725722 0.00095369 -0.000815732
internal_weight=2.38351e+07 2.0916e+07 1.71215e+07 5.37637e+06 1.17451e+07 390858 277998 1.13543e+07 2.91904e+06 2.78763e+06 5.2777e+06 5.20434e+06 4.87353e+06 2.04615e+06
internal_count=35279 32607 22966 8241 14725 385 279 14340 2672 2630 8226 8126 8058 2460
is_linear=0
shrinkage=0.05


Tree=83
num_leaves=15
num_cat=1
split_feature=4 20 9 11 6 5 14 21 21 12 28 0 11 23
split_gain=1897.83 1763.78 1640.63 2590.52 2339.29 1721.5 1637.15 2023.33 2129.84 1340.45 1219.01 2573.66 1385.9 1085.9
threshold=14.234264878364472 -0.053432676894982038 0.13067246360888676 0.053441572465067609 17.353540390897464 16.960881889764313 2.5069052689195352 11.037231308731972 11.11615332336247 5.5000000000000009 0 14.173536851574161 -0.50583422173805725 -1.8111477621546197
decision_type=2 8 2 2 2 2 10 10 10 2 1 2 2 10
left_child=9 -2 3 5 6 -3 7 -4 -9 -1 11 13 -12 -11
right_child=1 2 4 -5 -6 -7 -8 8 -10 10 12 -13 -14 -15
leaf_value=0.024990409641995802 0.00095700587221046361 0.000641737058646807 -0.00064261306497857178 0.0010978460631123454 -0.0022735774021697152 -0.00090953959240649301 -0.0035081351478708461 0.0034585519435729978 -0.0004766560563839716 -0.0068945666738915628 0.0061934109284331792 0.01090471460893388 -0.00068911619903529479 0.0028710988359598776
leaf_weight=91828.705831885338 459550.92333984375 423872.43273925781 9047821.717376709 467611.73059082031 638235.97216796875 440521.38427734375 406213.43292236328 397341.25036621094 471413.59576416016 205533.91972637177 754374.49631071091 215520.78558349609 7989899.8566756248 1882712.0449724197
leaf_count=1264 192 134 4210 113 93 79 189 156 220 523 2738 175 19806 5433
internal_value=-0.000296087 -0.000712581 -0.000826273 0.000830709 -0.00102763 -0.000791091 -0.000846007 -0.000718565 0.0015863 0.000180703 0.000130699 0.00115393 -0.000138882 0.00061705
internal_weight=2.38925e+07 1.27526e+07 1.2293e+07 1.33201e+06 1.0961e+07 864394 1.03228e+07 9.91658e+06 868755 1.11399e+07 1.1048e+07 2.30377e+06 8.74427e+06 2.08825e+06
internal_count=35325 5386 5194 326 4868 213 4775 4586 376 29939 28675 6131 22544 5956
cat_boundaries=0 1
cat_threshold=198
is_linear=0
shrinkage=0.05


Tree=84
num_leaves=15
num_cat=0
split_feature=17 23 19 24 25 11 19 22 11 8 14 26 8 15
split_gain=2499.91 1506.31 1679.66 3245.42 2231.33 1454.38 1694.85 1216.99 2696.37 1285.15 1361.35 1145.91 1564.96 1646.45
threshold=0.0043311947593818508 6.7582366309950865 -0.015913561776993296 1.9737141019610702 1.0000000180025095e-35 -0.72780166908968968 0.03267160604033946 16.121616644775823 0.029668056121176102 0.53214929992404103 1.2223247781916553 0.93301270189221952 0.10357422990767361 17.017575835378853
decision_type=2 8 2 10 2 2 2 2 2 2 10 2 2 2
left_child=-1 5 3 4 -3 6 -2 8 -4 -9 -11 -7 -13 -14
right_child=1 2 7 -5 -6 11 -8 9 -10 10 -12 12 13 -15
leaf_value=0.0026618292061792192 0.0016892200027352857 0.013439220580796111 0.0099238626205020008 -0.00021106078011201711 0.0042810967023761406 -0.00061412469193614257 0.014560888239039258 -0.0024001468172292636 -0.011914383270767694 0.01469423599802957 -0.0055392927348796349 0.00047670581087307036 0.0050706285202987943 -0.00065218677155190095
leaf_weight=4968598.1386363506 189250.44818878174 140518.48086547852 88687.925552368164 377148.67359161377 142357.10018157959 15486804.123939514 59034.527938842773 814234.62033081055 90773.447860717773 107446.48812103271 121159.95501708984 116557.88806152344 323670.56415557861 944314.20263671875
leaf_count=17948 367 130 109 460 152 13578 92 738 107 198 236 53 677 532
internal_value=-0.000228752 -0.000489855 0.000852686 0.00288524 0.00693365 -0.000637469 0.00316146 -0.000244864 0.00355833 -0.00089935 0.00241325 -0.000693375 0.000684778 0.000175116
internal_weight=2.39706e+07 1.9002e+07 1.88233e+06 660024 282876 1.71196e+07 248285 1.2223e+06 179461 1.04284e+06 228606 1.68713e+07 1.38454e+06 1.26798e+06
internal_count=35377 17429 2130 742 282 15299 459 1388 216 1172 434 14840 1262 1209
is_linear=0
shrinkage=0.05


Tree=85
num_leaves=15
num_cat=0
split_feature=0 4 26 1 27 18 15 18 10 7 7 1 23 24
split_gain=2156.03 3643 1867.14 5075.97 2287.22 1939.95 1801.04 2055.65 1670.74 1535.84 1533.64 1698.57 1522.29 1480.56
threshold=17.419860989426706 17.179119157328174 0.93301270189221952 17.156634566241113 9.5000000000000018 0.45486269012607988 17.017575835378853 0.14595443194412283 0.49682910451394996 13.978067520111212 17.114749279343759 16.997225798689893 -3.7788034798973693 7.8248135322397507
decision_type=2 2 2 2 2 8 2 10 2 2 2 2 8 10
left_child=1 2 4 6 8 9 7 -4 10 -6 11 13 -7 -1
right_child=-2 -3 3 -5 5 12 -8 -9 -10 -11 -12 -13 -14 -15
leaf_value=-0.00020337032306289634 0.00041860223832644014 -0.0010310859773779821 0.0028831034237410658 0.0013335058914133993 -0.0026739852949494397 0.0045672736586865005 -7.2315515195139833e-05 0.012074235296427515 0.0077583354363756395 -0.0063331595119103194 -0.0013771573940803234 0.0026185812204683307 -0.00046438543396074076 0.0022575396016081425
leaf_weight=14554572.366699457 858992.85205078125 770957.07202148438 314434.47217869759 84336.66748046875 990730.26382684708 120695.63091278076 1358358.8111338615 117619.57459449768 540595.64071273804 991838.34057617188 250443.279296875 272944.95458984375 1567486.0337364674 1235646.2006697655
leaf_count=22007 125 140 1007 16 3437 126 1720 208 2050 506 46 56 1764 2237
internal_value=-0.000113755 -0.000204946 -8.86337e-05 0.00142182 -0.000226598 -0.00135759 0.000857156 0.00366901 1.97254e-05 -0.00241827 -7.08963e-05 -1.03628e-05 -0.000111952 -7.79617e-05
internal_weight=2.40297e+07 2.31707e+07 2.23997e+07 1.87475e+06 2.0525e+07 3.67075e+06 1.79041e+06 432054 1.68542e+07 1.98257e+06 1.63136e+07 1.60632e+07 1.68818e+06 1.57902e+07
internal_count=35445 35320 35180 2951 32229 5833 2935 1215 26396 3943 24346 24300 1890 24244
is_linear=0
shrinkage=0.05


Tree=86
num_leaves=15
num_cat=0
split_feature=2 23 11 26 16 26 14 24 22 17 22 11 4 21
split_gain=1597.01 2383.35 2532.26 2136.18 3884.24 2845.62 2192.36 2029.81 1806.75 1572.12 1287.31 1164.84 2055.97 1828.15
threshold=14.488116774939014 -3.7788034798973693 0.057590863761348011 -0.24999999999999997 18.369372682749788 0.93301270189221952 2.2926062479976781 6.8753646891352309 18.784044453584031 0.076896555096637467 17.257397725886797 -0.26664551351803467 16.699285893163054 10.883171797382753
decision_type=2 8 2 2 2 2 10 10 2 2 2 2 2 10
left_child=-1 2 -2 4 7 6 11 -3 9 10 -7 -5 13 -13
right_child=1 3 -4 5 -6 8 -8 -9 -10 -11 -12 12 -14 -15
leaf_value=0.00026763252978773307 0.0023646070127167811 -0.00056667875455350403 -5.2693657070020869e-05 0.0021532223397027427 0.0013165742753912754 0.0018150826805023554 -0.0036617587027880749 0.0047119930034801435 -0.001448434092887374 0.0022554836862499371 -0.0016388557401484959 -0.00095694431400499913 -0.0015112295494999989 0.0016869603226808271
leaf_weight=12411666.30084002 248332.72729492188 3479615.4235839844 343659.51654052734 293107.65679931641 605998.53942871094 202780.24780273438 1441242.7106933594 300394.6015625 277166.43292236328 269775.09143066406 211101.36169433594 2467140.5773925781 946444.361328125 348468.60113525391
leaf_count=30896 103 1402 131 149 144 103 479 113 85 81 109 1141 179 177
internal_value=-0.000226043 -0.000652329 0.00243699 -0.000820992 3.05336e-05 -0.00139938 -0.00183823 -0.000565235 0.00111108 0.00249162 0.000555832 -0.00124291 -0.00147945 -0.000801767
internal_weight=2.38469e+07 1.14352e+07 591992 1.08432e+07 4.38601e+06 6.45723e+06 5.4964e+06 3.78001e+06 960823 683657 413882 4.05516e+06 3.76205e+06 2.81561e+06
internal_count=35292 4396 234 4162 1659 2503 2125 1515 378 293 212 1646 1497 1318
is_linear=0
shrinkage=0.05


Tree=87
num_leaves=15
num_cat=0
split_feature=9 25 7 26 14 8 4 0 26 4 25 4 11 19
split_gain=1452.47 3158.88 1986.17 2131.07 3087.16 4027.28 1840.62 2947.39 1582.05 1602.51 1564.18 1339.92 2182.7 1079.17
threshold=0.13067246360888676 0.68301270189221941 16.110960638906878 -0.24999999999999997 1.5649414333171312 0.17463162612303326 16.554399131064109 16.273039820797113 -0.24999999999999997 16.856164222692549 1.0000000180025095e-35 15.813437922507914 -0.049610822349303647 -0.00078157301100149987
decision_type=2 2 2 2 10 2 2 2 2 2 2 2 2 2
left_child=1 8 11 4 -4 -6 7 -5 10 -10 -1 -2 -13 -8
right_child=2 -3 3 6 5 -7 13 -9 9 -11 -12 12 -14 -15
leaf_value=0.0021574080962414597 -0.00012772010600973292 0.00093119839802508592 -0.0038902318382199336 -0.0016220430088483531 0.0010731043802424832 -0.00035626797303311514 -0.0044691623654698606 0.0008690978170999117 0.00015462390221304575 -0.0010000063869844771 -0.00023260018451803384 -0.00071777159771216424 0.0015827583355468293 -0.0011031066540257738
leaf_weight=238616.86465454102 17402138.609106421 372223.02629089355 567640.271484375 440175.14892578125 579192.72216796875 621295.09350585938 855351.3349609375 536985.71752929688 280767.39892578125 335644.04296875 238692.71875 450641.15063476562 353831.91735839844 631984.83447265625
leaf_count=110 33534 189 142 129 123 140 167 147 227 58 123 168 133 129
internal_value=-9.85784e-05 0.00142626 -0.000198195 -0.00117382 0.000150736 0.00158738 -0.00212411 -0.000438297 7.22321e-05 -0.00160114 0.00223327 2.86159e-05 0.00202361 -0.00323167
internal_weight=2.39052e+07 1.46594e+06 2.24392e+07 4.23263e+06 1.76813e+06 1.20049e+06 2.4645e+06 977161 1.09372e+06 616411 477310 1.82066e+07 804473 1.48734e+06
internal_count=35519 707 34812 977 405 263 572 276 518 285 233 33835 301 296
is_linear=0
shrinkage=0.05


Tree=88
num_leaves=15
num_cat=1
split_feature=17 26 14 10 9 17 15 0 19 2 2 11 19 28
split_gain=2084.27 1445.95 1744.35 1252.25 2086.71 2128.11 2063.38 1679.72 4172.83 1678.87 1486.44 1407.77 1351.33 1989.25
threshold=0.39233366882668819 -0.68301270189221952 1.6969456881640719 -0.06266696150018089 0.28194686203971314 0.35606061239567061 19.344577984086857 16.846705175829062 0.00097256279978885011 16.849067115038203 16.536166990069358 -0.88705285827245539 -0.0083378322809124477 0
decision_type=2 2 10 2 2 2 2 2 2 2 2 2 2 1
left_child=3 -2 -3 4 -1 -6 7 9 -9 10 11 -5 13 -13
right_child=1 2 -4 6 5 -7 -8 8 -10 -11 -12 12 -14 -15
leaf_value=-0.0022671912907862488 0.00029518367255637178 -0.0016278858792937254 -0.0032056363548089387 0.014053709906394216 -8.6228366197066189e-05 0.00011237666631966823 -0.0014536402244681762 0.0020596722827582402 -0.00015690268399852074 -0.0025829036639614545 0.0018287772845025866 0.003911787656921374 -0.00027530763525411735 0.00057494805507380439
leaf_weight=2287660.8263778687 370444.47821044922 465785.65411376953 621657.2890625 151549.14959716797 6831128.4933133125 58198.050720214844 1934176.9008789062 713527.20361328125 661450.76171875 214194.609375 259624.36010742188 814829.95113134384 5464859.6617099047 2999159.7351055145
leaf_count=1580 136 295 126 922 13858 28 1624 136 126 49 68 1536 9328 5416
internal_value=-9.52789e-05 -0.00192712 -0.00284618 2.39964e-05 -0.000424688 9.78044e-06 0.000335618 0.000594357 0.00223197 0.000367012 0.000463797 0.000361046 0.000282972 0.00100525
internal_weight=2.38482e+07 1.45789e+06 1.08744e+06 2.23904e+07 9.17699e+06 6.88933e+06 1.32134e+07 1.12792e+07 1.37498e+06 9.90422e+06 9.69002e+06 9.4304e+06 9.27885e+06 3.81399e+06
internal_count=35228 557 421 34671 15466 13886 19205 17581 262 17319 17270 17202 16280 6952
cat_boundaries=0 1
cat_threshold=198
is_linear=0
shrinkage=0.05


Tree=89
num_leaves=15
num_cat=1
split_feature=27 9 27 22 28 27 4 3 0 11 22 24 1 24
split_gain=1394.34 3766.21 2719.86 1883 1484.3 1476.85 1849.09 1732.44 2251.99 1536.05 2783.35 1753.71 2158.04 1595.55
threshold=11.500000000000002 0.14408993956811442 9.5000000000000018 18.642615931292685 0 1.5000000000000002 16.699285893163054 17.169510099143395 16.994451200594245 0.099962294261870518 17.625123546087476 0.86965070831088365 16.8486284102338 2.2922532850629858
decision_type=2 2 2 2 1 2 2 2 2 2 2 10 2 10
left_child=2 -2 4 -4 -1 6 -6 8 9 11 -11 12 -7 -13
right_child=1 -3 3 -5 5 7 -8 -9 -10 10 -12 13 -14 -15
leaf_value=-0.0025291239316047056 0.0020300038244423974 0.00059663255766854051 -0.0013932324332630508 -0.0043271676204295435 -0.0013160813546045404 0.0026695819883562582 -0.0050974398232738957 0.00028799037708704395 -0.00018351414589277913 -0.0024918138631691215 0.00099071896554187369 -0.00075303417007846279 0.0028952012298728473 0.0014467588010981501
leaf_weight=1828201.5350322723 190868.95758056641 1765378.6248323917 2836252.5197118521 1069542.9744793177 1704895.1841714382 1681470.0903291702 260417.98779296875 933804.701171875 580894.11083984375 2723108.6580110788 1874350.6890072823 2462018.6756105423 78366.5791015625 3818171.0487718582
leaf_count=6278 78 2830 4945 881 2390 2622 48 151 113 4484 2298 2901 16 5222
internal_value=-9.039e-05 0.00118847 -0.00020488 -0.0014006 5.53624e-05 0.000208512 -0.00107584 0.00038687 0.000239833 0.000379754 -0.00034922 0.000796597 0.00219158 0.000405693
internal_weight=2.38077e+07 1.95625e+06 2.18515e+07 3.9058e+06 1.79457e+07 1.61175e+07 1.96531e+06 1.41522e+07 1.32184e+07 1.26375e+07 4.59746e+06 8.04003e+06 1.75984e+06 6.28019e+06
internal_count=35257 2908 32349 5826 26523 20245 2438 17807 17656 17543 6782 10761 2638 8123
cat_boundaries=0 1
cat_threshold=11
is_linear=0
shrinkage=0.05


Tree=90
num_leaves=15
num_cat=1
split_feature=20 3 3 27 27 0 18 9 6 2 29 24 8 16
split_gain=1187.86 6369.11 1342.67 1528.72 1958.21 2867.33 2324.92 1930.02 1751.35 1591.23 1640.44 2141.26 3674.2 1558.95
threshold=-0.053432676894982038 16.850127835172454 12.953404442823636 1.5000000000000002 9.5000000000000018 17.419860989426706 0.47436460484201598 0.14408993956811442 16.420481291213544 17.165049622732749 0 1.2939662262770451 0.17112885132900854 17.112261057815498
decision_type=8 2 2 2 2 2 10 2 2 2 1 8 2 2
left_child=1 -1 -2 8 5 9 -6 -8 -4 10 11 -5 -13 -9
right_child=2 -3 3 4 6 -7 7 13 -10 -11 -12 12 -14 -15
leaf_value=0.00012492707776655043 0.0011572218285452777 0.00085966013178357314 -0.0027805625414990352 -0.001262158011010121 -0.0032366020884509825 0.00043514560314625111 0.0024141665349898256 -6.6734369126786674e-05 -0.0047843752700897565 -0.0027193427180444685 -0.00021149495805372929 0.0046653899967989106 0.001015382614265098 -0.0057251918150946412
leaf_weight=702675.49377393723 6249696.6796474457 90886.017578125 1165836.5170288086 399455.09149169922 2175752.8765258789 574318.55908203125 178031.83581542969 1737068.466217041 361738.97827148438 363445.9482421875 8050062.8691711426 279463.55297851562 1337802.1639404297 173707.53051757812
leaf_count=1093 23977 18 865 220 1368 84 43 1165 71 64 5333 123 884 32
internal_value=-0.000154305 0.0017477 -0.000219797 -0.000452591 -0.000301716 5.07715e-05 -0.0012113 -1.98006e-05 -0.00196068 -0.000138616 -2.12714e-05 0.00125393 0.00206364 -0.000483723
internal_weight=2.38399e+07 793562 2.30464e+07 1.67967e+07 1.52691e+07 1.10045e+07 4.26456e+06 2.08881e+06 1.52758e+06 1.04302e+07 1.00668e+07 2.01672e+06 1.61727e+06 1.91078e+06
internal_count=35340 1111 34229 10252 9316 6708 2608 1240 936 6624 6560 1227 1007 1197
cat_boundaries=0 1
cat_threshold=20
is_linear=0
shrinkage=0.05


Tree=91
num_leaves=15
num_cat=0
split_feature=20 9 9 17 7 0 20 27 15 7 20 11 0 27
split_gain=1552.39 5162.91 1489.75 5479.7 1747.95 2090.87 1912.01 2247.65 2130.4 1711.58 1920.69 1462.34 1337.9 1201.75
threshold=0.094421467364360259 0.22101069469615353 0.099641508914028162 0.17521381558578317 16.110960638906878 16.273039820797113 -0.021413462590005695 4.5000000000000009 19.322912792280288 16.984761516005801 -0.0020953970531691498 -0.026418120602745145 16.3974896391274 8.5000000000000018
decision_type=10 2 2 2 2 2 8 2 2 2 8 2 2 2
left_child=2 -2 3 9 12 -6 -7 -8 11 10 -1 -9 -4 -13
right_child=1 -3 4 -5 5 6 7 8 -10 -11 -12 13 -14 -15
leaf_value=0.0016668740364532723 0.001716885047767268 -0.0060963037060452674 -8.467559602730394e-05 0.00079912390216365248 -0.0020827584928775132 0.00059345049314070159 -0.0016209147117822603 -0.00057417278159967416 -0.0020697170870780592 -0.0039851418222805078 -0.0027607113241163665 0.0010463988536079493 0.0016005635095040075 -3.7649981420200287e-05
leaf_weight=63790.976348876953 100859.61640930176 125897.06395339966 18026892.41458416 185951.970703125 1000062.1833496094 492092.36279296875 1068877.6428222656 941616.3251953125 513200.849609375 166808.42236328125 73269.175552368164 537187.09545898438 75546.334228515625 492170.68603515625
leaf_count=26 37 246 33459 37 288 111 222 199 105 31 204 111 26 106
internal_value=-0.000150706 0.00396664 -0.000190204 0.00253853 -0.000247946 -0.00107096 -0.00056486 -0.000969408 -0.000144497 -0.00159849 0.00254131 0.000602662 -1.85676e-05 0.00190525
internal_weight=2.38642e+07 226757 2.36375e+07 489821 2.31476e+07 5.04521e+06 4.04514e+06 3.55305e+06 2.48417e+06 303869 137060 1.97097e+06 1.81024e+07 1.02936e+06
internal_count=35208 283 34925 298 34627 1142 854 743 521 261 230 416 33485 217
is_linear=0
shrinkage=0.05


Tree=92
num_leaves=15
num_cat=0
split_feature=15 15 8 4 24 19 6 3 19 4 24 0 2 6
split_gain=1494.67 1880.33 2251.49 3433.58 4707.42 1999.66 3647.65 1871.46 1609.4 3815.69 1780.26 1754.47 1548.2 1499.09
threshold=19.330630037985571 19.217144507318054 0.10986439182877221 16.049916458677085 1.9489560573862301 -0.0083378322809124477 16.958239102935611 16.537870894875581 -0.0099925694715324986 15.161894767434768 4.0594884298776703 15.555951471921672 15.144338772874399 16.195747581550723
decision_type=2 2 2 2 10 2 2 2 2 2 10 2 2 2
left_child=1 5 -3 13 -5 6 7 8 10 -10 -1 -12 -2 -4
right_child=12 2 3 4 -6 -7 -8 -9 9 -11 11 -13 -14 -15
leaf_value=-0.00033632916470220647 -0.00029173440002107788 -0.0012491204677254849 0.0010314717362840844 0.0022021467503301841 5.7790932070267133e-05 -0.00083823502812906082 0.00033578791210905548 -0.0019618570712162417 0.0010746983117571256 0.0060660896913871968 0.0035450360330984186 0.0069434981314870003 -0.0012011195584019098 -0.0010004251570507033
leaf_weight=4370818.7742843628 1894095.6583786011 381441.8297958374 3324194.2111728191 432766.29614257812 412866.85009765625 9046536.2279375792 566436.08056640625 440898.376953125 268552.04132461548 48687.73486328125 953370.84562909603 111667.10412597656 1330627.8214111328 116166.54858398438
leaf_count=8259 2630 105 4138 91 110 15640 104 103 634 19 2913 38 391 35
internal_value=-8.21445e-05 7.54413e-05 0.000957233 0.00128484 0.00413933 -0.000184932 0.000465615 0.000114395 0.000354993 0.00381671 0.000152965 0.00198602 -0.00108269 0.000583214
internal_weight=2.36991e+07 2.04744e+07 4.66744e+06 4.28599e+06 845633 1.5807e+07 6.76043e+06 6.19399e+06 5.7531e+06 317240 5.43586e+06 1.06504e+06 3.22472e+06 3.44036e+06
internal_count=35210 32189 4479 4374 201 27710 12070 11966 11863 653 11210 2951 3021 4173
is_linear=0
shrinkage=0.05


Tree=93
num_leaves=15
num_cat=0
split_feature=27 16 5 21 19 6 27 17 24 11 2 11 20 20
split_gain=1419.07 2122.6 1606.4 1761.16 2395.66 15009.5 1481.42 2983.09 1791.19 2311.03 2667.45 1375.96 1384.18 1463.23
threshold=1.5000000000000002 17.674197710550775 17.377938260320832 10.607054068381858 -0.029986948250196144 16.958239102935611 2.5000000000000004 0.049850378631076352 11.462667566961002 0.35485554419068421 14.455199701762732 -0.50583422173805725 0.028341779890031452 0.010913244316697652
decision_type=2 2 2 8 2 2 2 2 10 2 2 2 10 10
left_child=1 -1 3 4 5 -2 7 -6 -8 10 -10 -5 13 -13
right_child=2 -3 -4 11 6 -7 8 -9 9 -11 -12 12 -14 -15
leaf_value=-0.0012052572647593489 0.0020899554936311261 -0.0040629262948021728 8.420324116541272e-05 0.0048571978623105369 0.0010210370388514035 0.0038869597005072622 -0.00030927473010495681 0.0025143173808597702 0.0056619728820075351 -0.0028775002313661028 0.011123663665453566 -0.00043494409793456393 -0.001863332698195724 0.00147989326285623
leaf_weight=1726907.0387756824 1551191.9929683208 438549.41093444824 799018.2734375 357155.15220093727 596016.28218650818 97420.6708984375 9778728.4770692587 243468.70877075195 289157.03429508209 168713.56184577942 150085.26306152344 5456731.3453202248 1255024.1528635025 965235.76969528198
leaf_count=3021 2741 167 117 1129 1312 19 16730 143 765 247 64 6400 1301 1076
internal_value=-3.9416e-05 -0.00125995 8.23372e-05 -1.74414e-06 0.000360752 0.00214054 9.93822e-05 0.00211972 -6.39083e-05 0.00256943 0.00447999 -0.000582648 -0.000723783 -0.000426984
internal_weight=2.38734e+07 2.16546e+06 2.17079e+07 2.09089e+07 1.28748e+07 1.64861e+06 1.12262e+07 839485 1.03867e+07 607956 439242 8.03415e+06 7.67699e+06 6.42197e+06
internal_count=35232 3188 32044 31927 22021 2760 19261 1455 17806 1076 829 9906 8777 7476
is_linear=0
shrinkage=0.05


Tree=94
num_leaves=15
num_cat=1
split_feature=26 1 8 22 19 8 17 7 11 1 23 23 28 22
split_gain=1341.5 3193.07 2319.72 1839.68 2808.87 3837.74 2470.3 2103.66 1706.83 3855.4 1650.6 2733.55 4425 2015.22
threshold=1.0000000180025095e-35 16.399633848597894 0.15572691317479698 18.649585912537585 -0.029549318239527746 0.20909418672783139 0.082412604726502872 14.493400696299917 -0.077831945305888384 15.804232180326846 2.9708515693138455 2.0850945990171454 0 18.658161243182583
decision_type=2 2 2 2 2 2 2 2 2 2 10 10 1 2
left_child=3 -2 -3 6 5 -5 8 -7 9 -1 11 13 -13 -6
right_child=1 2 -4 4 10 7 -8 -9 -10 -11 -12 12 -14 -15
leaf_value=0.0015657702823613142 -0.00014444134062338969 -8.7501226966843663e-05 -0.0029724445525149625 0.0042326324431114972 0.00066498339876991527 0.015707125113841102 -0.0026361394120317412 -0.0026604061015753824 -0.00039348341205272161 0.0085113966821170166 -0.0013283939567343144 0.0028195816267470178 0.00022267910896595284 -0.00085535124953517536
leaf_weight=2680799.2961155176 9869263.5297803879 1100303.8247070312 1040113.2194824219 178164.23516273499 229239.37010955811 85894.664871573448 1151552.0767211914 118635.84094238281 4866271.058155179 181086.75537109375 659675.06052148342 350031.07795882225 398344.18639373779 965223.52314043045
leaf_count=5863 17298 215 224 72 110 232 654 37 8385 58 1108 93 284 616
internal_value=-0.00012538 -0.000497913 -0.00224857 0.000251698 0.00132549 0.00532511 -0.000109294 0.000651933 0.000212628 0.00118157 0.000737354 0.00147109 0.00384051 -1.34345e-05
internal_weight=2.38746e+07 1.20097e+07 2.14042e+06 1.18649e+07 2.98521e+06 382695 8.87971e+06 204531 7.72816e+06 2.86189e+06 2.60251e+06 1.94284e+06 748375 1.19446e+06
internal_count=35249 17737 439 17512 2552 341 14960 269 14306 5921 2211 1103 377 726
cat_boundaries=0 1
cat_threshold=544
is_linear=0
shrinkage=0.05


Tree=95
num_leaves=15
num_cat=1
split_feature=14 10 28 27 0 23 14 3 21 26 14 26 15 17
split_gain=1911.72 2419.89 1755.73 3444.52 3491.74 1579.52 2354.19 1683.46 1498.6 2586.15 8317.66 1862.22 4029.22 1750.03
threshold=2.3502003251842658 -0.23418982621056633 0 3.5000000000000004 16.273039820797113 -3.7788034798973693 1.1958421240365729 14.078541914203607 10.580695250462366 0.93301270189221952 2.3894900308271798 -0.24999999999999997 18.079377068978296 0.24497248980684103
decision_type=10 2 1 2 2 8 10 2 10 2 10 2 2 2
left_child=1 -1 3 4 -3 6 -4 -8 9 -2 -11 12 13 -10
right_child=8 2 5 -5 -6 -7 7 -9 11 10 -12 -13 -14 -15
leaf_value=-0.0025135116444469446 -0.00076926696116516276 0.003308932472534977 -0.0051237128232840138 0.00053787311711896645 0.0032354526851996117 -6.2341686837774404e-05 0.00022554079226314995 0.005697746547975821 -0.00040729011177514517 0.0099280228246262682 0.0019231949325283387 -0.0038931283646806004 0.0018830687000525835 -0.0013260315461315489
leaf_weight=4020497.1207734346 1247543.8190538883 811581.12750411034 214950.01418304443 2777947.9274224043 134743.50903320312 11191711.083694458 201528.30171203613 388723.34185791016 512651.59222745895 23525.445194244385 96570.210126876831 1565618.2963452339 289600.50063419342 309628.98559570312
leaf_count=7425 5651 1214 357 3695 31 12220 326 168 1258 20 501 2149 189 67
internal_value=-0.000132366 7.05369e-05 0.000350482 0.00129883 0.00390412 5.60784e-05 0.002195 0.0038265 -0.0011226 0.000223953 0.00723165 -0.00181041 -0.000245698 -0.00203194
internal_weight=2.37868e+07 1.97417e+07 1.57212e+07 3.72427e+06 946325 1.19969e+07 805202 590252 4.04514e+06 1.36764e+06 120096 2.6775e+06 1.11188e+06 822281
internal_count=35271 25436 18011 4940 1245 13071 851 494 9835 6172 521 3663 1514 1325
cat_boundaries=0 1
cat_threshold=100
is_linear=0
shrinkage=0.05


Tree=96
num_leaves=15
num_cat=1
split_feature=18 17 8 20 17 0 18 11 27 8 8 29 18 2
split_gain=1647.77 1680.52 3110.69 1953.9 3110.26 1700.82 2445.74 2557.27 2170.77 1921.92 2175.81 2523.7 2613.28 2108.87
threshold=0.059903577665432604 0.39233366882668819 0.12460012248063866 -0.053432676894982038 0.10975432200432766 17.419860989426706 0.69551423052316985 0.16772982343911821 8.5000000000000018 0.17112885132900854 0.096489678386156755 0 0.33393650432655747 16.688037161790731
decision_type=10 2 2 8 2 2 10 2 2 2 2 1 8 2
left_child=-1 3 -3 4 -2 6 8 -8 9 10 -5 -12 -13 -11
right_child=1 2 -4 5 -6 -7 7 -9 -10 13 11 12 -14 -15
leaf_value=0.0015516257321686803 -5.5215079007631274e-05 0.00071118330660323325 -0.0015247461143442485 -0.0024628723664185856 0.0011946912284692521 0.00014583182862573348 0.0010594217000250985 -0.0012469978275981377 -0.0025022164594986234 -0.00068662519349024852 0.0041710117463619953 0.00053565872419359414 -0.0016675865913184412 -0.0030042598659951714
leaf_weight=4135959.4267063141 397885.44080543518 349270.83129882812 1023226.4251708984 300438.21514892578 180320.39208984375 712911.4755859375 5402140.1852328777 2765679.7506504059 2933005.2034244537 4147060.7344098091 215610.07135772705 733288.43908691406 371718.13809204102 301749.81958007812
leaf_count=15918 482 99 315 131 53 101 6463 3243 2887 4909 82 411 159 61
internal_value=-0.000142882 -0.000332186 -0.00202015 -0.000206699 0.00265399 -0.000299189 -0.000398546 0.00022795 -0.000966932 -0.000427232 0.00104668 0.0019204 0.000954851 -0.000964294
internal_weight=2.39703e+07 1.98343e+07 1.3725e+06 1.84618e+07 578206 1.78836e+07 1.71707e+07 8.16782e+06 9.00287e+06 6.06987e+06 1.62105e+06 1.32062e+06 1.10501e+06 4.44881e+06
internal_count=35314 19396 414 18982 535 18447 18346 9706 8640 5753 783 652 570 4970
cat_boundaries=0 1
cat_threshold=18
is_linear=0
shrinkage=0.05


Tree=97
num_leaves=15
num_cat=0
split_feature=17 20 16 20 6 9 11 15 2 3 10 11 18 14
split_gain=1526.5 1771.96 3296.21 1762.73 1700.29 1516.63 6864.55 1442.18 1179.74 1154.19 1081.34 1315.34 1507.06 1249.77
threshold=0.50349840709625271 -0.053432676894982038 18.213483320293424 -0.081572427356806532 13.523701792729304 0.099641508914028162 0.078396502598929219 14.076022890791878 16.998031306214585 9.4678919199531268 -0.24561417360281981 -0.9798222678085392 0.10264542574919851 2.3502003251842658
decision_type=2 8 2 10 2 2 2 2 2 2 2 2 10 10
left_child=1 2 3 -1 -5 6 8 -7 -3 -9 -11 12 -12 -13
right_child=-2 5 -4 4 -6 7 -8 9 -10 10 11 13 -14 -15
leaf_value=-0.006271017363974174 -0.0025309908943846253 0.0012474681542435605 0.0016837424639328633 -0.0026233396239136678 0.003332803463550177 0.011091140942424917 0.0016369263261489971 0.0065690433653137637 -0.0016071506691610065 -0.0010687250002209346 -0.0052990120147766231 5.321354051121072e-05 0.0097795786019100866 -0.00081880621757638621
leaf_weight=177200.30339813232 642615.52947998047 120282.73243713379 87060.852310180664 180578.78474378586 298649.54815673828 71946.224933385849 171300.3212890625 1064962.4641724825 152510.69775390625 4353466.770488739 51862.624881744385 13952068.231990814 63769.722663879395 2697300.1833534241
leaf_count=260 281 203 31 620 164 260 37 9018 27 6228 178 14300 113 3654
internal_value=-3.42816e-05 3.1622e-05 0.00243355 0.00122112 0.00279667 -4.705e-05 0.00284617 -0.000104783 -0.0020799 -0.000127705 -0.000208695 -2.63736e-05 0.00528794 -6.32823e-05
internal_weight=2.40856e+07 2.3443e+07 743489 656429 479228 2.26995e+07 444094 2.22554e+07 272793 2.21834e+07 2.11185e+07 1.6765e+07 115632 1.66494e+07
internal_count=35374 35093 1075 1044 784 34018 267 33751 230 33491 24473 18245 291 17954
is_linear=0
shrinkage=0.05


Tree=98
num_leaves=15
num_cat=0
split_feature=26 8 26 16 1 8 0 6 7 24 0 2 25 24
split_gain=1801.32 2568.95 1676.9 2317.06 2096.45 1523.03 1882.97 1569.58 3184.74 1513.7 3371.29 2296.46 2293.62 3096.2
threshold=0.93301270189221952 0.12904521778639408 0.6830127018922193 16.614160736749827 15.08716574430089 0.21216542544437442 16.684754232979486 15.793164417046736 15.499379196478147 0.88970295594175008 17.419860989426706 15.144338772874399 0.25000000000000011 0.60932200920351154
decision_type=2 2 2 2 2 2 2 2 2 8 2 2 2 10
left_child=2 -2 9 4 -4 -3 7 8 -7 10 12 -11 -1 -14
right_child=1 5 3 -5 -6 6 -8 -9 -10 11 -12 -13 13 -15
leaf_value=-0.00025171607484286517 0.00083892409097143558 -0.0012995238720646049 -0.0025322148282312202 -0.0035804999933780213 0.0018551940578416847 0.0018125165396948386 0.0012497893110123767 -0.0041338617907492594 0.0091119297458134713 0.00027458558948741026 0.0022942659352214734 -0.00038830020005170698 0.00059770152864326064 0.0075193886503253015
leaf_weight=2134543.1257581711 268685.5238199234 378767.09881019592 2310936.1768898964 1367852.4763088226 501072.66149902344 1091736.8254663944 53722.38720703125 99165.737548828125 48867.9541015625 9218637.7530392408 132014.20556640625 4488444.9190673828 1398559.1843309402 358898.04790973663
leaf_count=3064 169 256 5256 725 208 2433 12 30 19 19424 22 1345 2064 458
internal_value=-0.00011657 0.00134335 -0.000245894 -0.0011468 -0.000325751 0.000614205 0.00143074 0.00103363 0.0015582 -3.35183e-05 0.00081912 -0.000283829 0.00055258 0.00189027
internal_weight=2.38519e+07 1.94095e+06 2.1911e+07 4.17986e+06 2.81201e+06 1.67226e+06 1.29349e+06 1.23977e+06 1.1406e+06 1.77311e+07 4.02401e+06 1.37071e+07 3.892e+06 1.75746e+06
internal_count=35485 2919 32566 6189 5464 2750 2494 2482 2452 26377 5608 20769 5586 2522
is_linear=0
shrinkage=0.05


Tree=99
num_leaves=15
num_cat=0
split_feature=17 1 26 21 26 17 22 20 9 8 19 6 20 17
split_gain=1561 1462.7 2215.16 1368.47 1345.06 2049.56 1365.6 3900.78 1423.07 4583.94 2068.48 1957.07 1274.19 1407.31
threshold=0.31408482136343246 14.78723723143341 0.25000000000000017 10.622856058979133 0.93301270189221952 0.22590751642309662 21.036281688279555 0.028946922117360704 0.099641508914028162 0.096489678386156755 -0.014479573299769398 17.129815940530211 -0.047408712921638493 0.13910918456452201
decision_type=2 2 2 10 2 2 2 10 2 2 2 2 8 2
left_child=4 -2 3 -3 6 12 8 -8 9 10 -1 -10 -6 -14
right_child=1 2 -4 -5 5 -7 7 -9 11 -11 -12 -13 13 -15
leaf_value=0.0023334632280645994 0.003425150723531359 -0.0014712118716432418 -0.0029534079014592557 8.029225651014999e-05 0.0028910381709299263 0.0030591625438382468 0.00061052518915510282 0.01187302940094289 -0.00016208647741609562 -0.0024750189586732509 3.8387781818399812e-05 -0.0013840061329684085 0.00099828932829559283 -0.001190672595578364
leaf_weight=112806.84970092773 326961.08209228516 560546.02783203125 910256.69470214844 641931.79760742188 61174.22864818573 92715.189086914062 640822.78464317322 127812.82160186768 17810361.971943378 157926.16212463379 131478.83834838867 840437.14990234375 1501420.3490958214 154731.36059570312
leaf_count=75 314 165 224 130 105 37 697 137 30526 41 144 129 2646 68
internal_value=-0.000111295 -0.00131024 -0.00179186 -0.000383242 2.39257e-05 0.00132866 -9.52175e-05 0.00197103 -0.000178574 0.00276397 0.00705578 -0.000242031 0.00093772 0.000675964
internal_weight=2.40714e+07 2.4397e+06 2.11273e+06 1.20248e+06 2.16317e+07 1.81004e+06 1.98216e+07 768636 1.9053e+07 402212 244286 1.86508e+07 1.71733e+06 1.65615e+06
internal_count=35438 833 519 295 34605 2856 31749 834 30915 260 219 30655 2819 2714
is_linear=0
shrinkage=0.05


Tree=100
num_leaves=15
num_cat=0
split_feature=10 9 8 14 15 0 3 23 14 17 4 0 7 15
split_gain=1412.92 11394.8 1720.7 2047.81 2565.47 7431.87 2627.2 2009.9 3139.44 1852.28 1544.09 1551.07 1628.4 1293.03
threshold=0.076401761267267623 0.099641508914028162 0.078990536318368373 2.2818218379072372 19.277045643654663 17.419860989426706 16.043295900230813 -1.4313464411276098 1.4250604223353467 0.041535751439321859 17.179119157328174 16.846705175829062 16.807051060811158 19.255681931610429
decision_type=2 2 2 10 2 2 2 8 10 2 2 2 2 2
left_child=10 -2 -3 4 5 13 7 8 -6 -5 11 12 -1 -4
right_child=1 2 3 9 6 -7 -8 -9 -10 -11 -12 -13 -14 -15
leaf_value=-0.00036033202732548247 0.0023014722705541478 0.00020611055382932392 0.0013721170122260157 0.00037721998969926957 -0.0025726829951476632 0.0028810387905335894 -0.0026644942084457367 -0.00084460247251012192 0.013622940640052828 -0.0036941402401275015 -0.00045028768840901898 0.00016965702998165979 -0.0050183481164076688 0.0044925024938864151
leaf_weight=13555341.78750515 71179.446472167969 97399.473001480103 3864282.2164969444 817491.95664834976 178098.06955718994 64997.6396484375 404309.18920898438 1383634.0408782959 134535.35046386719 788034.1989440918 1170350.0422363281 822962.12353515625 363045.85986328125 208432.75485992432
leaf_count=21765 17 52 6754 3598 250 11 94 1661 119 316 191 164 76 248
internal_value=-0.000129626 0.000411861 0.000233346 0.000151331 0.000561183 0.00128364 -0.000861905 1.38565e-06 0.00362217 -0.00144115 -0.000402294 -0.000263511 -0.000388224 0.00101594
internal_weight=2.39241e+07 8.01239e+06 7.94121e+06 7.84382e+06 6.23829e+06 4.13771e+06 2.10058e+06 1.69627e+06 312633 1.60553e+06 1.59117e+07 1.47413e+07 1.39184e+07 4.07271e+06
internal_count=35316 13120 13103 13051 9137 7013 2124 2030 369 3914 22196 22005 21841 7002
is_linear=0
shrinkage=0.05


Tree=101
num_leaves=15
num_cat=1
split_feature=6 0 20 3 10 28 15 10 15 9 20 4 10 11
split_gain=2203.22 3258.42 2020.33 5164.8 1703.4 1786.44 1503.96 1326.81 2185.92 1820.35 2534.99 1639.68 1757.14 1262.94
threshold=17.353540390897464 17.419860989426706 -0.053432676894982038 16.850127835172454 -0.11461661917667944 0 17.97299671728484 -0.029982923756839346 19.435665480687568 0.28194686203971314 -0.034294958287710238 17.179119157328174 -0.027175518119125944 -0.9798222678085392
decision_type=2 2 8 2 2 1 2 2 2 2 8 2 2 2
left_child=1 2 3 4 6 -6 -1 8 9 10 -4 12 -9 -14
right_child=-2 -3 7 -5 5 -7 -8 11 -10 -11 -12 -13 13 -15
leaf_value=0.0019185283766984967 -0.00076721839313024631 0.0012642823690719686 0.00072786122879873582 0.0006551415685523631 0.0016779207993174918 -0.0041409404412624772 0.012473037431050722 0.0030851562751888864 0.005304910205530919 -0.00028047434419088766 -0.0020311330069735902 -0.0024071407370477491 0.013316779056210022 9.0015438036690021e-05
leaf_weight=131437.59600496292 892204.5087890625 110039.30810546875 154258.38764190674 75750.3017578125 194319.88643836975 272659.50006484985 99108.365589141846 128110.20665454865 129730.81826019287 7380294.5458271503 2805098.607843399 241560.96166992188 113091.39544987679 11133009.069386244
leaf_count=330 130 19 95 15 268 365 123 135 157 14382 1934 46 763 16506
internal_value=-0.000194793 -0.000100099 -0.000141419 0.00237071 0.0010241 -0.000712018 0.00454066 -0.000229377 -0.000637591 -0.000718518 -0.00176621 0.00013855 0.000225122 0.000158793
internal_weight=2.38607e+07 2.29685e+07 2.28584e+07 773276 697525 466979 230546 2.20852e+07 1.04694e+07 1.03397e+07 2.95936e+06 1.16158e+07 1.13742e+07 1.12461e+07
internal_count=35268 35138 35119 1101 1086 633 453 34018 16568 16411 2029 17450 17404 17269
cat_boundaries=0 1
cat_threshold=612
is_linear=0
shrinkage=0.05


Tree=102
num_leaves=15
num_cat=1
split_feature=17 14 20 6 1 16 14 17 18 10 21 18 3 29
split_gain=3026.44 1548.18 1461.92 5447.21 2615.68 2816.51 1279.43 1579.67 2314.73 3235.31 4429.95 1562.43 1613.98 1253.69
threshold=0.39233366882668819 2.2926062479976781 -0.030982934530548695 16.958239102935611 16.158092031731105 18.213483320293424 2.4201405926952608 0.22590751642309662 0.56823130950435641 -0.086973058371904083 10.628952567679544 0.017042854764971655 14.322499272027994 0
decision_type=2 10 8 2 2 2 10 2 10 2 10 10 2 1
left_child=2 -2 3 4 5 13 7 11 9 -9 -11 12 -4 -1
right_child=1 -3 6 -5 -6 -7 -8 8 -10 10 -12 -13 -14 -15
leaf_value=0.0066171423763063926 -0.0011659694906231502 -0.00072493748069341686 0.0042891569782631664 0.00058193459281736897 -0.0020107792721258157 0.0038225001539277654 -0.0023692948801763199 -0.001494675312982617 -0.0011839756833088287 0.00011305956574047431 0.0024821829296263697 -0.00020258435704243339 0.010412623136121884 0.00077110586674542176
leaf_weight=80074.582057952881 871125.48773193359 574069.322265625 1009992.1891920567 149568.5361328125 239159.98583984375 57805.439697265625 2250575.7758080959 330069.86322021484 560771.27709960938 319730.98388671875 349164.58245849609 15833152.011213064 25034.841430664062 1296811.2674316168
leaf_count=148 449 102 5156 29 60 43 7938 123 177 135 76 18519 20 2396
internal_value=-0.000169754 -0.00238772 -2.73035e-05 0.00132988 0.000512966 0.00131996 -0.000146979 -9.53459e-06 0.00151285 0.002956 0.00495484 -0.000150304 0.0017318 0.000866035
internal_weight=2.39471e+07 1.44519e+06 2.25019e+07 1.82342e+06 1.67385e+06 1.43469e+06 2.06785e+07 1.84279e+07 1.55974e+06 998965 668896 1.68682e+07 1.03503e+06 1.37689e+06
internal_count=35371 551 34820 2676 2647 2587 32144 24206 511 334 211 23695 5176 2544
cat_boundaries=0 1
cat_threshold=20
is_linear=0
shrinkage=0.05


Tree=103
num_leaves=15
num_cat=0
split_feature=17 26 14 20 6 4 4 8 9 3 4 8 23 1
split_gain=1570.7 2259.86 2654.45 1533.53 7259.2 1396.06 2823.6 1729.9 3082.12 1472.37 1176.08 1490.55 1171.44 1097.32
threshold=0.39233366882668819 -0.68301270189221952 1.6969456881640719 -0.03811659352642599 16.958239102935611 17.179119157328174 16.411339423236502 0.23495043527326703 0.17872418023876313 12.953404442823636 15.942283699585921 0.13729101304314623 -0.83340888806329594 14.137748447705098
decision_type=2 2 10 8 2 2 2 2 2 2 2 2 10 2
left_child=3 -2 -3 4 10 6 9 8 -8 13 11 -1 -13 -5
right_child=1 2 -4 5 -6 -7 7 -9 -10 -11 -12 12 -14 -15
leaf_value=0.006705020658271635 0.00090490488952224373 -0.0011816434398618085 -0.0032220528236017788 0.00090176404769004559 0.00091545895864393991 -0.00020169637979126632 0.00012871789705011985 -0.00028416321104085947 0.0023388546241163745 -0.00046649149304190052 -0.00039388322824974862 0.0024516817308703914 0.0012002122557793966 0.0083247452450790887
leaf_weight=58711.523803710938 371692.96008300781 486027.91015625 615175.05151367188 5964770.2477595806 87844.4267578125 1142536.4868164062 886890.138671875 594183.68530273438 469188.22412109375 11772528.99697876 231433.76782226562 54535.319634437561 895864.02393388748 100024.83554077148
leaf_count=66 141 297 124 23225 17 181 187 153 115 8747 62 120 1705 105
internal_value=-9.88466e-05 -0.00168016 -0.002818 5.79233e-06 0.00165316 -9.87626e-05 -6.3879e-07 0.00180568 0.00279139 -0.000198134 0.000669598 0.00140687 0.000929248 0.000434774
internal_weight=2.37314e+07 1.4729e+06 1.1012e+06 2.22585e+07 1.32839e+06 2.09301e+07 1.97876e+07 1.95026e+06 1.35608e+06 1.78373e+07 1.24054e+06 1.00911e+06 950399 6.0648e+06
internal_count=35245 562 421 34683 1970 32713 32532 455 302 32077 1953 1891 1825 23330
is_linear=0
shrinkage=0.05


Tree=104
num_leaves=15
num_cat=0
split_feature=16 26 9 20 27 24 19 22 22 24 25 15 10 2
split_gain=1786.2 1713.25 7593.67 3038.31 1551.28 1927.28 3113.58 1789.89 1607.65 1963.99 3593.03 2643.49 2052.16 1993.17
threshold=18.472836192843562 0.93301270189221952 0.14408993956811442 0.058363286076296809 9.5000000000000018 7.8248135322397507 0.050069976757008208 18.658161243182583 18.933366951920323 2.0409321501487305 1.0000000180025095e-35 19.330630037985571 0.051763880058526703 16.688037161790731
decision_type=2 2 2 10 2 10 2 2 2 10 2 2 2 2
left_child=1 4 -3 -4 5 8 -7 -6 -1 10 -10 13 -12 -11
right_child=-2 2 3 -5 7 6 -8 -9 9 11 12 -13 -14 -15
leaf_value=-0.0002365905177134693 -0.0012890426168046011 0.0025154569803163985 -0.00013012584460204862 0.0054041990325834647 -0.001223426452942239 0.0020898821106364821 0.0061771540025232635 -0.0045071826148427264 0.0037281331846465687 0.00080499822620650873 -0.00025519715728282384 0.0014526290637489293 0.003108619596288666 -0.0015988714350709983
leaf_weight=13900023.116517901 1063733.1325378418 155574.48611450195 1581364.7527692318 86481.546981334686 2996010.4299215078 1243788.4176700115 91302.592046260834 619846.33851885796 321152.793800354 608175.96881818771 605306.00479888916 91187.238265991211 241669.05742645264 266899.451171875
leaf_count=22018 383 71 2658 149 5036 2317 135 684 219 969 310 67 198 48
internal_value=-0.00017348 -8.00793e-05 0.00139001 0.000404539 -0.000207815 -1.16746e-05 0.00181356 -0.00115002 -0.000163651 0.00111399 0.00249344 -0.000553641 0.000785884 -0.00139786
internal_weight=2.38725e+07 2.28088e+07 1.82342e+06 1.66785e+06 2.09854e+07 1.73695e+07 1.33509e+06 3.61586e+06 1.60344e+07 2.13439e+06 1.16813e+06 966263 846975 875075
internal_count=35262 34879 2878 2807 32001 26281 2452 5720 23829 1811 727 1084 508 1017
is_linear=0
shrinkage=0.05


Tree=105
num_leaves=15
num_cat=0
split_feature=17 22 15 8 17 17 20 20 8 2 0 10 11 0
split_gain=1628.2 1419.38 1732.64 1665.39 1745.57 1255.04 1244.87 1664.98 1690.49 1506.07 1630.56 1431.05 1617.97 1391.36
threshold=0.39233366882668819 21.036281688279555 19.196375705064558 0.22484026990365283 0.096021283412402111 0.0010993754905701503 -0.03811659352642599 -0.076544173137655838 0.10357422990767361 14.984754333482348 13.213098427345301 -0.22858010891338226 -0.92925563188232096 12.944327784444807
decision_type=2 2 2 2 2 2 8 10 2 2 2 2 2 2
left_child=1 5 3 -3 -5 -1 7 -7 -9 10 -10 -8 13 -13
right_child=-2 2 -4 4 -6 6 11 8 9 -11 -12 12 -14 -15
leaf_value=0.0040771276635581015 -0.0007402840378924057 0.0033829152698484988 -0.0055937489885968675 0.0077540682876505286 -0.00078414421230180793 -0.0025609822662515471 -0.0025829501849913114 0.00082534403622739466 -0.00045329912502335701 -0.0002545553012585769 0.0042161037710914014 0.0073183186362156113 -0.00010868567409250119 0.0079745498055294132
leaf_weight=1812642.1588486433 1416177.5565795898 199938.51901245117 146782.37266540527 284889.02042388916 320268.43634033203 214467.57262802124 3982796.0514068604 98135.275390625 253060.23471450806 308325.57019042969 348376.71612548828 51465.44019317627 14277348.155433655 42785.788543701172
leaf_count=10408 548 120 130 476 213 272 5837 39 741 104 291 204 15960 42
internal_value=-0.000225751 -0.000121537 0.00176764 0.00267849 0.00137136 -0.00020561 -0.000322153 0.00122286 0.00207409 0.00140155 0.00285815 -0.000425047 -0.000192629 0.00633691
internal_weight=2.37575e+07 2.23413e+07 951878 805096 605157 2.13894e+07 1.95768e+07 1.22237e+06 1.0079e+06 909763 601437 1.83544e+07 1.43716e+07 94251.2
internal_count=35385 34837 939 809 689 33898 23490 1447 1175 1136 1032 22043 16206 246
is_linear=0
shrinkage=0.05


Tree=106
num_leaves=15
num_cat=1
split_feature=4 8 10 11 7 6 24 11 23 2 24 28 16 4
split_gain=1528.28 2919.32 1114.08 2046.23 3730.26 2011.48 1018.3 1827.53 2476.37 998.336 1159.01 1337.07 1478.93 1951.09
threshold=17.179119157328174 0.13271539659187379 -0.20736950090862202 -0.92925563188232096 14.369680000482244 16.420481291213544 12.944662958778151 0.30431076118094952 3.5395868905720955 8.2180409186428669 3.3804482974899801 0 16.614160736749827 16.168471743006108
decision_type=2 2 2 2 2 2 10 2 10 2 10 1 2 2
left_child=2 -2 5 4 -4 6 -1 8 -8 -5 -11 -12 13 -13
right_child=1 -3 3 9 -6 -7 7 -9 -10 10 11 12 -14 -15
leaf_value=-0.0012621378228658883 3.3811686356512537e-05 -0.00039623362421457539 0.0081330483840533277 0.011328705636667559 0.0084078468586529179 -0.0056976764013565665 0.0027813184169606618 -0.0052760098281479234 0.0088913000591489127 0.00018396753840139586 0.0016791784176667446 -0.0010702957968747797 -0.0014685400679790572 0.0038029887777997402
leaf_weight=5088497.0344690084 714039.16748046875 761718.47290039062 154157.23195242882 286984.22928738594 21226.63427734375 257282.96704101562 84921.274225234985 70195.504993438721 45257.858677387238 11877376.905347824 301407.49669075012 3399780.1236038208 605952.93384552002 150540.24365234375
leaf_count=10514 114 125 1017 2815 11 55 214 93 86 13755 551 5530 373 44
internal_value=-0.000171242 -0.00172963 -6.83133e-05 0.00013456 0.00550702 -0.000682749 -0.000472731 0.00302349 0.00652992 7.7874e-05 2.65128e-05 -0.000660967 -0.000894161 -0.000504511
internal_weight=2.38193e+07 1.47576e+06 2.23436e+07 1.67974e+07 175384 5.54615e+06 5.28887e+06 200375 130179 1.6622e+07 1.63351e+07 4.45768e+06 4.15627e+06 3.55032e+06
internal_count=35297 239 35058 24096 1028 10962 10907 393 300 23068 20253 6498 5947 5574
cat_boundaries=0 1
cat_threshold=194
is_linear=0
shrinkage=0.05


Tree=107
num_leaves=15
num_cat=1
split_feature=4 0 1 5 7 8 7 24 16 28 20 3 8 23
split_gain=1129.25 1093.22 1308.97 4189.21 1326.56 1273.71 1197.89 1259.79 3125.99 1034.81 910.186 1521.86 1063.51 888.874
threshold=9.1680088771543264 17.419860989426706 16.399633848597894 16.445570641160668 16.610412428583285 0.089262396150043263 16.39444836774533 12.944662958778151 15.764056911004952 0 0.016445850632137802 17.169510099143395 0.13729101304314623 -3.7788034798973693
decision_type=2 2 2 2 2 2 2 10 2 1 10 2 2 10
left_child=-1 2 3 4 5 9 7 13 -9 -2 11 12 -4 -7
right_child=1 -3 10 -5 -6 6 -8 8 -10 -11 -12 -13 -14 -15
leaf_value=0.0063130174530831367 0.0022609124254069752 0.00010931654989906938 -0.0018102858134154123 0.0017942105314774149 0.0030595190703990049 0.0019908784867262042 -0.006556906209416122 0.00084166299169705886 0.0060067599664258209 -0.00023382020437029004 2.9833064213548511e-05 0.00013692411186008279 -0.00036329981653802088 -0.00037498048633949512
leaf_weight=1033491.3034718037 134910.98541259766 869123.69775390625 637007.06298828125 109047.46899414062 72471.1875 1132260.6468734741 132024.93383789062 535842.07690811157 91571.21346282959 157730.36641311646 912381.55249023438 669055.66357421875 1203858.8859863281 16239628.166511536
leaf_count=9002 93 127 140 28 17 1454 35 921 42 238 197 119 295 22657
internal_value=-0.000141425 -0.000214397 -0.000283023 -0.000117718 -0.000175325 -0.000201882 -0.000254699 -0.000219892 0.0019812 0.00307048 -0.00118171 -0.00167334 -0.00241558 -0.000299388
internal_weight=2.39304e+07 2.28969e+07 2.20278e+07 1.86055e+07 1.84964e+07 1.8424e+07 1.81313e+07 1.79993e+07 627413 292641 3.4223e+06 2.50992e+06 1.84087e+06 1.73719e+07
internal_count=35365 26363 26236 25485 25457 25440 25109 25074 963 331 751 554 435 24111
cat_boundaries=0 1
cat_threshold=264
is_linear=0
shrinkage=0.05


Tree=108
num_leaves=15
num_cat=0
split_feature=11 5 20 20 10 22 4 8 8 2 18 15 8 14
split_gain=980.853 1934.4 1024.5 1908.06 2360.18 1865.63 1596.75 1234.82 3021.72 2064.31 1876.55 2220.35 3086.59 2385.57
threshold=-0.78186129748705457 15.291773784358087 0.044217436649307058 0.038680543246289605 -0.10219042367059562 19.639666859264288 14.271257725365887 0.17112885132900854 0.16378791195391673 16.849067115038203 0.14151667088549105 18.440224510330371 0.12904521778639408 2.1030824698017523
decision_type=2 2 10 10 2 2 2 2 2 2 8 2 2 10
left_child=1 -1 3 7 -5 6 -4 8 10 -9 -2 12 13 -12
right_child=2 -3 5 4 -6 -7 -8 9 -10 -11 11 -13 -14 -15
leaf_value=0.0062776732584490964 -0.0016941302901687637 0.013053512184722213 0.00047472929124641323 0.006344294976777686 0.0011280026739850964 0.0078851007199290824 -0.0018929859905063445 -0.0001029311652083766 0.0031926506785513171 -0.0016864871193456731 0.00085546920565431137 -3.3804176944315276e-05 -7.2024633966989494e-06 0.001543782725728764
leaf_weight=522066.75620937347 896398.79482650757 27643.509033203125 635530.45947408676 107290.26974391937 221193.56344604492 83982.40348815918 1007036.8780517578 15811767.843227386 323454.11197280884 775630.97998046875 301480.41760253906 2205877.5403862 627150.33394622803 329369.76343154907
leaf_count=2545 1316 12 1640 166 263 72 419 27307 236 144 138 722 251 92
internal_value=-4.61562e-05 0.00204144 -9.53531e-05 -1.66768e-06 0.00377998 -0.00126738 -0.00163903 -6.00665e-05 0.000656853 -0.000262501 0.000310953 0.000838623 0.00251492 0.00498432
internal_weight=2.38759e+07 549710 2.33262e+07 2.15996e+07 328484 1.72655e+06 1.64257e+06 2.12711e+07 4.68373e+06 1.65874e+07 4.36028e+06 3.46388e+06 1.258e+06 630850
internal_count=35323 2557 32766 30635 429 2131 2059 30206 2755 27451 2519 1203 481 230
is_linear=0
shrinkage=0.05


Tree=109
num_leaves=15
num_cat=1
split_feature=8 20 11 28 24 4 18 2 8 8 26 8 6 1
split_gain=1451.93 2367.28 3667.78 3348.04 3291.63 2438.35 2323.31 2056.65 2012.95 1977.65 1992.26 1765.46 1475.87 1435.94
threshold=0.12460012248063866 -0.034294958287710238 0.10751772219445226 0 0.86965070831088365 16.699285893163054 0.72285367655238797 16.276512134422696 0.23165852349156643 0.18850378863444553 0.25000000000000017 0.096489678386156755 16.195747581550723 16.041732990297305
decision_type=2 8 2 1 8 2 8 2 2 2 2 2 2 2
left_child=1 -1 3 -3 -4 6 -5 12 9 10 -9 -6 13 -2
right_child=7 2 4 5 11 -7 -8 8 -10 -11 -12 -13 -14 -15
leaf_value=0.00096758153189822546 -0.00017827164562024208 0.00094187435638580324 0.0025743745829607764 -0.0011951243519251115 0.00028011206405331132 -0.0014074744374244137 0.0016636607039158943 -0.00012926009696130646 -0.0019064660113048118 0.0001257814185761387 -0.0029451467059785612 -0.00040125590992615173 0.0020162858514057797 -0.0025264154938560331
leaf_weight=250198.71856498718 17202399.435821533 437908.44652175903 178189.72744750977 490984.72841966152 235170.1435379982 607932.72412109375 105679.34232711792 899120.99145507812 1042913.0827636719 617949.02661132812 590796.32788085938 217004.67728424072 432943.7734375 460862.373046875
leaf_count=102 32828 154 84 667 150 109 128 188 247 138 129 153 122 153
internal_value=-0.000211272 0.000922723 0.000414581 -0.000829725 0.0036568 -0.00219079 7.98863e-05 -0.000345933 -0.00152486 -0.000635904 -0.00162222 0.00138867 -0.000140667 -0.000211361
internal_weight=2.37701e+07 2.52307e+06 2.27287e+06 1.64251e+06 630365 1.2046e+06 596664 2.1247e+07 3.15078e+06 2.10787e+06 1.48992e+06 452175 1.80962e+07 1.76633e+07
internal_count=35352 1547 1445 1058 387 904 795 33805 702 455 317 303 33103 32981
cat_boundaries=0 1
cat_threshold=520
is_linear=0
shrinkage=0.05


Tree=110
num_leaves=15
num_cat=1
split_feature=15 7 6 14 3 18 3 14 0 28 10 20 0 14
split_gain=1032.09 1153.84 1803.57 978.519 1276.21 1253.45 2230.14 1192.41 2351.57 1061.51 1466.22 1307.7 6247.43 1511.32
threshold=14.076022890791878 13.10725523414788 11.08980207765592 2.5193816405808271 15.567207011766561 0.017553503559360754 14.322499272027994 2.4803747937075085 15.197236109918526 0 0.11351930053705847 -0.03811659352642599 16.846705175829062 2.251535141066892
decision_type=2 2 2 10 2 10 2 10 2 1 2 8 2 10
left_child=1 2 -1 5 -5 6 -2 9 -9 10 -7 12 13 -11
right_child=3 -3 -4 4 -6 7 -8 8 -10 11 -12 -13 -14 -15
leaf_value=0.0020327342314331426 0.0032628025721639533 -0.00094330726430676593 0.023725690163496016 -0.0019490363365795211 -0.0052579161768766414 -0.0035267726414580716 0.0098312580455192158 -0.002691101290979615 0.0038974875485371895 -0.0011346139437400328 0.0015560708524086672 -0.00011870016267882932 0.00037167736834025435 0.0018993415096921276
leaf_weight=20910.491374254227 1235750.4550828934 55905.224487304688 20617.503601074219 1349709.8511788845 214157.96069335938 1200030.9579544067 27088.060974121094 158610.52350616455 133474.43688964844 779463.9819278717 340279.22736358643 17843523.749185562 139476.9052734375 249329.65976715088
leaf_count=200 5829 72 42 7643 64 1465 22 242 42 728 629 18074 28 183
internal_value=-0.0001844 0.00495111 0.0112642 -0.000205539 -0.00141422 -0.000120035 0.00140956 -0.000212706 0.00295952 -0.000257789 -0.00152023 -0.000155507 0.00146511 0.000118833
internal_weight=2.37683e+07 97433.2 41528 2.36709e+07 1.56387e+06 2.2107e+07 1.26284e+06 2.08442e+07 292085 2.05521e+07 1.54031e+06 1.90118e+07 1.16827e+06 1.02879e+06
internal_count=35263 314 242 34949 7707 27242 5851 21391 284 21107 2094 19013 939 911
cat_boundaries=0 1
cat_threshold=152
is_linear=0
shrinkage=0.05


Tree=111
num_leaves=15
num_cat=0
split_feature=7 20 6 4 2 4 8 11 23 8 11 2 15 9
split_gain=1502.42 1615.04 8910.23 2385.25 1303.42 1776.45 1202.64 2385.06 2631.24 2077.17 2047.54 1412.97 3511.02 1193.46
threshold=17.375687477891912 -0.030982934530548695 16.958239102935611 17.179119157328174 14.984754333482348 14.859122363191213 0.089262396150043263 0.12675827998950509 -0.29387460305160545 0.10986439182877221 -0.081365541474151579 16.849067115038203 17.928717631704579 0.12236701337558946
decision_type=2 8 2 2 2 2 2 2 10 2 2 2 2 2
left_child=1 2 4 6 5 -1 7 8 -3 -8 11 12 -10 -11
right_child=-2 3 -4 -5 -6 -7 9 -9 10 13 -12 -13 -14 -15
leaf_value=0.0013278610879121642 8.884619397511197e-05 0.00038839730167075545 0.0005729413518806972 -0.0023261641395923363 -0.00053827504941058528 0.006020099967164752 -0.0028522611017802353 0.002558409265809337 -0.0013175465464061646 0.00067680719310497567 -0.0014022197905302505 -0.0020942283795552614 0.0028523005844711576 -0.00024391812583876083
leaf_weight=1035495.997372508 900409.27978515625 92720.975536346436 118749.9267578125 631239.98510742188 660788.8076171875 119512.50366210938 481883.6781463623 106671.97841691971 30996.753682017326 248912.60432434082 309088.48919963837 59871.64111328125 33897.91214454174 19197900.973618388
leaf_count=2426 130 78 23 118 242 69 324 125 180 122 188 12 68 31370
internal_value=-0.000172296 -0.000250308 0.00113263 -0.000376545 0.000264859 0.00127811 -0.000283604 0.00186155 0.00048044 -0.000351768 -0.0011535 0.00425288 0.00936373 -0.000271413
internal_weight=2.40281e+07 2.31277e+07 1.93455e+06 2.11932e+07 1.8158e+06 1.15501e+06 2.05619e+07 633248 526576 1.99287e+07 433855 124766 64894.7 1.94468e+07
internal_count=35475 35345 2760 32585 2737 2495 32467 651 526 31816 448 260 248 31492
is_linear=0
shrinkage=0.05


Tree=112
num_leaves=15
num_cat=0
split_feature=9 17 19 20 22 8 6 0 5 22 8 0 22 23
split_gain=1473.77 2296.45 3429.99 1888.83 4138.99 1856.09 1235.53 11244.5 1463.38 3491.02 2395.62 1896.51 1443.81 1047.65
threshold=0.13067246360888676 0.11989842582786801 -0.013532994891894247 -0.053432676894982038 18.649585912537585 0.11957039339654042 17.353540390897464 17.419860989426706 16.320212067152102 19.458610751230562 0.22484026990365283 16.273039820797113 17.219696843575843 7.9391589943978209
decision_type=2 2 2 8 2 2 2 2 2 2 2 2 2 10
left_child=1 5 -3 4 -2 -1 7 8 11 12 -11 13 -10 -5
right_child=3 2 -4 6 -6 -7 -8 -9 9 10 -12 -13 -14 -15
leaf_value=-0.001133367511174338 0.0012714862017279066 0.0012948989494110993 2.101828857578254e-05 -0.00023178061436191703 0.0016245546052951068 0.0010394892479303355 -0.00091830214333967473 0.0016126229151277847 -0.00042144533326694442 0.001075389729411985 -0.00056571713439165078 0.0020701958397465552 -0.0016460868009574902 0.0026581547804074446
leaf_weight=439245.25044250488 558702.33186674118 367711.39215087891 563246.41638183594 17250485.550182104 91813.869332313538 139067.80828857422 648716.81689453125 92582.05078125 405232.90405273438 510502.86987304688 482843.96997070312 346174.2763671875 1125217.9951171875 892797.70307016373
leaf_count=345 973 91 163 31046 88 103 94 16 104 104 104 106 274 1823
internal_value=3.15909e-06 0.00151549 0.00305269 -9.87157e-05 0.00255613 -0.000959076 -0.000178102 -0.000112041 -0.000188646 -0.00131802 0.000990206 -3.44873e-05 -0.00281618 -0.000104435
internal_weight=2.39143e+07 1.50927e+06 930958 2.24051e+07 650516 578313 2.17546e+07 2.11058e+07 2.10133e+07 2.5238e+06 993347 1.84895e+07 1.53045e+06 1.81433e+07
internal_count=35434 702 254 34732 1061 448 33671 33577 33561 586 208 32975 378 32869
is_linear=0
shrinkage=0.05


Tree=113
num_leaves=15
num_cat=1
split_feature=16 16 11 19 1 25 2 28 19 8 3 2 11 0
split_gain=1544.72 1795.71 2180.88 2327.09 2747.48 2554.57 2173.61 2099.31 1589.3 1412.73 1676.63 1348.84 1234.25 2200.58
threshold=18.472836192843562 18.213483320293424 0.14654200077562149 -0.015250994280609949 16.997225798689893 -0.5 16.849067115038203 0 0.00029145502070358038 0.089262396150043263 16.401501956730314 16.998031306214585 -0.081365541474151579 16.533265774342059
decision_type=2 2 2 2 2 2 2 1 2 2 2 2 2 2
left_child=1 6 3 4 -3 -5 9 -7 -2 10 -1 -9 13 -11
right_child=8 2 -4 5 -6 7 -8 11 -10 12 -12 -13 -14 -15
leaf_value=0.0020871841943775659 -6.7821211827458785e-05 9.8582027888730566e-06 0.00099324109043406601 -0.0019133657329412784 0.00047528156649994844 0.0030279168422961029 -0.0022257182013513659 -0.0012016140933374378 -0.0025943270646606731 0.00023865697616797015 0.0011948891789837161 2.5149720255817874e-05 -0.00043066267218594753 0.0027213030892063931
leaf_weight=216660.12952256203 627284.93505859375 450535.95246887207 345875.56939697266 537936.97135925293 304766.13037109375 396835.14721679688 718464.60131835938 302472.5870513916 392952.64660644531 6825678.1165989637 90591.789794921875 374395.71728515625 12045186.745358229 216414.41259765625
leaf_count=544 234 213 181 190 53 140 146 169 142 13531 21 63 19625 52
internal_value=-0.000122059 -3.6979e-05 0.00117057 0.000628639 0.00291875 -0.000444631 -0.000199851 0.000964393 -0.00202555 -9.98087e-05 0.00326364 -0.000728475 -0.000153951 0.000371892
internal_weight=2.38461e+07 2.28258e+07 2.71282e+06 2.36694e+06 755302 1.61164e+06 2.0113e+07 1.0737e+06 1.02024e+06 1.93945e+07 307252 676868 1.90873e+07 7.04209e+06
internal_count=35304 34928 1009 828 266 562 33919 372 376 33773 565 232 33208 13583
cat_boundaries=0 1
cat_threshold=44
is_linear=0
shrinkage=0.05


Tree=114
num_leaves=15
num_cat=0
split_feature=9 24 16 16 0 5 11 17 16 2 16 26 23 16
split_gain=1552.47 4077.4 4703.39 1706.46 1781.21 1589.83 1978.9 1226.05 1190.44 1177.68 2070.2 2502.66 1905.38 1287.81
threshold=0.14408993956811442 0.98169407930314956 18.287152929951038 18.472836192843562 17.419860989426706 17.377938260320832 -0.095412541209442134 0.44230700546337237 17.223244063904762 17.165049622732749 18.316622198225307 0.25000000000000017 2.5228400253385952 17.674197710550775
decision_type=2 8 2 2 2 2 2 2 2 2 2 2 10 2
left_child=1 2 -1 4 7 6 -5 9 -3 10 13 12 -12 -2
right_child=3 8 -4 5 -6 -7 -8 -9 -10 -11 11 -13 -14 -15
leaf_value=0.0012047126938835001 6.5603534127988192e-05 -0.0010263102135259698 6.2353835515642882e-05 0.00051103360113880988 0.0011531553313684076 -0.0040407277926755893 -0.0037221292294987184 -0.0018793595501879973 1.0003541650526188e-05 -0.0030105740792435356 0.00023700695754531303 -0.0011147596706059021 0.0035769434125138624 -0.0010234303772748642
leaf_weight=345570.32119750977 18101466.650964022 556307.95769500732 519490.32344055176 189798.45184326172 195569.91748046875 326329.3896484375 297308.1423034668 631765.60876464844 810371.78230285645 197561.11572265625 328618.2522277832 261840.50579833984 218731.65484619141 994227.5074005127
leaf_count=167 32665 482 130 85 29 49 179 338 224 37 159 147 105 515
internal_value=7.64151e-05 0.00133228 0.00401855 -5.24878e-05 3.48366e-05 -0.00229935 -0.000490096 -9.96074e-06 -0.000368037 5.82e-05 9.63267e-05 0.0025734 0.00449663 -8.64067e-06
internal_weight=2.3975e+07 2.23174e+06 865061 2.17432e+07 2.09298e+07 813436 487107 2.07342e+07 1.36668e+06 2.01024e+07 1.99049e+07 809190 547350 1.90957e+07
internal_count=35311 1003 297 34308 33995 313 264 33966 706 33628 33591 411 264 33180
is_linear=0
shrinkage=0.05


Tree=115
num_leaves=15
num_cat=0
split_feature=14 17 15 20 3 24 15 14 26 1 9 16 15 23
split_gain=1449.27 1696.5 1323.83 1998.78 2974.43 1656.79 1485.65 1859.67 1963.38 1547.95 2095.86 1444.51 1475.67 1612.92
threshold=2.4000152134729311 0.35606061239567061 19.343179532786586 -0.022936951712009396 17.004815837258366 7.6932098739811012 19.255681931610429 2.251535141066892 -0.24999999999999997 16.536166990069358 0.15399664588643799 18.52807987505204 19.320833299017838 -17.613524436317444
decision_type=10 2 2 8 2 8 2 8 2 2 2 2 2 8
left_child=2 -2 3 4 6 -4 7 9 -9 10 -1 12 13 -5
right_child=1 -3 5 11 -6 -7 -8 8 -10 -11 -12 -13 -14 -15
leaf_value=0.0023441578078830724 -0.00090376997417992576 -0.0028458396658796268 -0.0012809807780429512 0.01276416673124197 0.0013657747933292286 0.0005264092080553126 0.0071252033707503923 0.0059869044353111564 0.00083191627301156326 -0.0027323842436650166 -0.00041904336307545535 0.0014129697778931343 0.0018256051800192652 -8.3588804548203978e-05
leaf_weight=78176.021759033203 2687709.7420794964 249864.00927734375 2274436.2614135742 94405.397703170776 104846.318359375 630867.58400344849 225303.70412445068 178823.72051858902 200950.19129753113 143594.1982421875 1046304.1579737663 464560.15704345703 967064.79481124878 14363655.458067656
leaf_count=32 9020 46 1951 72 20 791 182 134 162 33 1487 179 937 20104
internal_value=-1.96216e-05 -0.00105913 0.000127379 0.000288332 0.0017872 -0.000862485 0.00132848 0.000807803 0.0038771 -0.000111418 0.000512846 0.000101748 1.9015e-05 -0.000107466
internal_weight=2.37106e+07 2.93757e+06 2.0773e+07 1.78677e+07 1.978e+06 2.9053e+06 1.87315e+06 1.64785e+06 379774 1.26807e+06 1.12448e+06 1.58897e+07 1.54251e+07 1.44581e+07
internal_count=35150 9066 26084 23342 2050 2742 2030 1848 296 1552 1519 21292 21113 20176
is_linear=0
shrinkage=0.05


Tree=116
num_leaves=15
num_cat=0
split_feature=19 0 4 26 9 20 20 6 0 0 19 4 24 14
split_gain=1719.43 6849.81 1831.74 1887.75 6282.13 3765.51 1716.54 2290.24 2052.74 1863.18 1640.63 2537.62 2386.43 2197.97
threshold=0.043489306917255603 17.419860989426706 17.458037941908348 0.93301270189221952 0.14408993956811442 0.054858233316907506 0.025982796680330402 14.010810502500119 17.419860989426706 13.762220102667095 0.057106237952437459 16.168471743006108 2.4339156147614505 1.2998185761807306
decision_type=2 2 2 2 2 10 10 2 2 2 2 2 10 10
left_child=2 10 3 6 -5 -6 8 9 -1 -8 11 -2 -12 -14
right_child=1 -3 -4 4 5 -7 7 -9 -10 -11 12 -13 13 -15
leaf_value=-8.8219914561913401e-05 0.00067931064157524066 0.0004337453328726031 -0.00018583968380295266 0.0020485266808525399 5.9846070799573584e-06 0.0081510266325458668 -0.0011631098395969857 -0.0012443299949263242 0.0017138425085823105 0.0092702324859091495 -0.002405767516038351 0.00083941785122345963 -0.00052320535091099503 0.0049315135741964874
leaf_weight=16671140.138053656 1105089.6139581203 83566.17431640625 725761.32080078125 158046.22314453125 1657327.9178705215 88111.683347225189 623853.31830322742 1415950.4484863281 138675.99755859375 96372.890869140625 713043.84330749512 248668.42138671875 176385.15430724621 148255.0668361187
leaf_count=26045 2083 12 106 74 2669 163 1920 608 23 99 1008 59 252 308
internal_value=-7.0891e-06 0.00124113 -0.000150279 -6.43235e-05 0.00143667 0.000572322 -0.000215127 -0.00155019 -4.54684e-05 0.000745333 0.000749425 0.00189601 -0.000746408 0.00280719
internal_weight=2.40502e+07 2.47501e+06 2.15752e+07 2.08495e+07 1.90349e+06 1.74544e+06 1.8946e+07 2.13618e+06 1.68098e+07 720226 2.39144e+06 1.35376e+06 1.03768e+06 324640
internal_count=35429 3722 31707 31601 2906 2832 28695 2627 26068 2019 3710 2142 1568 560
is_linear=0
shrinkage=0.05


Tree=117
num_leaves=15
num_cat=1
split_feature=16 28 26 8 17 20 20 1 6 0 11 4 3 4
split_gain=2182.67 1546.63 1720.32 1238.88 1089.24 1032.15 1633.3 1223.62 1056.81 1066.3 1004.76 854.269 1933.65 811.516
threshold=18.344174158923945 0 -0.68301270189221952 0.11517032025683187 0.16098616860468853 -0.081572427356806532 -0.053432676894982038 16.686730721057785 15.793164417046736 14.977525524734654 0.0030688687109714004 14.505352679914944 13.833251317202935 8.328826108530059
decision_type=2 1 2 2 2 8 8 2 2 2 2 2 2 2
left_child=5 2 -2 -3 10 -1 7 8 9 11 -4 12 -7 -8
right_child=1 3 4 -5 -6 6 13 -9 -10 -11 -12 -13 -14 -15
leaf_value=-0.0060629568941322314 0.0020758899746462405 -4.6058504583199772e-05 -0.00080257890791487173 -0.0010537935439977779 -0.0037027078662282688 0.002309925218328299 0.0066927437375061951 0.0004437838297483796 -0.0047148719619239257 0.0034628048897406578 0.0023806167271642927 -0.0016814949709726642 0.0084987786479840122 -8.4484260210943802e-05
leaf_weight=177762.04687023163 205186.35598754883 553435.31860351562 112442.52310180664 999077.99060058594 465252.50762939453 201746.07494497299 823477.44795203209 73749.20947265625 89900.588623046875 69328.58056640625 97264.826293945312 61114.756103515625 59559.443237304688 19898884.521717072
leaf_count=262 96 139 111 326 133 625 7089 15 26 33 103 38 51 26275
internal_value=-0.00021938 -0.00163877 3.566e-05 -0.00258801 -0.00118314 -5.84474e-05 -2.67497e-05 0.00264908 0.00173074 0.0028527 0.00180865 0.00164308 0.00288775 -9.84669e-05
internal_weight=2.38882e+07 2.43266e+06 880146 1.55251e+06 674960 2.14555e+07 2.12778e+07 555399 481649 391749 209707 322420 261306 2.07224e+07
internal_count=35322 908 443 465 347 34414 34152 788 773 747 214 714 676 33364
cat_boundaries=0 1
cat_threshold=60
is_linear=0
shrinkage=0.05


Tree=118
num_leaves=15
num_cat=1
split_feature=27 3 0 8 3 27 28 0 18 3 15 26 7 18
split_gain=1878.73 2199.85 3480.39 1073.89 1156.54 858.893 2198.49 2095.78 1615.36 3349.39 2216.92 2085.47 2017.58 1677.01
threshold=1.5000000000000002 15.674799135655663 15.324543256002096 0.12904521778639408 14.56427205285687 9.5000000000000018 0 17.419860989426706 0.27277323660146974 17.004815837258366 18.08616182809012 -0.5 16.203243434593986 0.47436460484201598
decision_type=2 2 2 2 2 2 1 2 10 2 2 2 2 10
left_child=1 2 3 -1 -5 7 -7 8 9 10 -2 -12 13 -10
right_child=5 -3 -4 4 -6 6 -8 -9 12 -11 11 -13 -14 -15
leaf_value=0.0037922016632041321 2.7063759845989888e-05 -0.0036942304206166359 0.00407332131613675 -0.0016517299529001635 -0.0058857620177319332 -0.0040569629496307368 -1.0911068635752453e-06 0.00090620432249029095 -0.0022065865787627204 0.0015552325570129882 0.004880789016334622 -0.00033689240496614556 -0.00043949203012713233 0.00057262011896083524
leaf_weight=82497.954529047012 5320294.6590088606 611972.91735839844 79437.348876953125 1059831.1441910267 321468.44458007812 1467636.5189739466 4422056.0078188181 541548.76953125 1117485.1991300583 232862.2685546875 664424.08760166168 450804.00705337524 1790326.2036132812 5566952.7415657043
leaf_count=135 12815 150 35 2625 189 1907 6890 79 1091 47 1008 622 406 7216
internal_value=-0.000144795 -0.0015524 -0.000546465 -0.00109961 -0.00143058 -4.18e-06 -0.000519008 0.000189141 7.98419e-05 0.000662012 0.000448854 0.00247578 -0.000378239 2.10203e-05
internal_weight=2.37296e+07 2.15521e+06 1.54323e+06 1.4638e+06 1.3813e+06 2.15744e+07 5.88969e+06 1.56847e+07 1.51431e+07 6.66839e+06 6.43552e+06 1.11523e+06 8.47476e+06 6.68444e+06
internal_count=35215 3134 2984 2949 2814 32081 8797 23284 23205 14492 14445 1630 8713 8307
cat_boundaries=0 1
cat_threshold=544
is_linear=0
shrinkage=0.05


Tree=119
num_leaves=15
num_cat=1
split_feature=10 9 17 17 8 11 3 10 2 29 1 10 3 3
split_gain=1728.56 1590.87 1580.34 3035.22 1827.44 1734.58 7512.07 1971.35 2968.18 1971.03 1423.66 1315.64 1366.19 1587.43
threshold=-0.23418982621056633 0.36684739704362801 0.39233366882668819 0.35606061239567061 0.17463162612303326 -0.28581367116529671 16.691666025947082 -0.1691935307846765 14.037210384334927 0 16.275843258113319 -0.17874613158417221 14.183744283279845 13.549662726893059
decision_type=2 2 2 2 2 2 2 2 2 1 2 2 2 2
left_child=1 -1 3 5 -4 6 7 8 -2 11 -11 12 13 -7
right_child=2 -3 4 -5 -6 9 -8 -9 -10 10 -12 -13 -14 -15
leaf_value=-0.0026354831261423128 0.0071777299047699073 -0.00043925473757770316 1.7348513642509816e-05 0.00086179589663095693 -0.0014219563637995376 -0.0025910210784776794 0.011716398879318621 0.0010257856388031276 0.0086511781090855572 -0.00033886124970850277 -0.00075793074882268558 0.00022720826859526814 -0.003596259903161403 0.0070984017072111376
leaf_weight=1026150.5864143372 113753.27437853813 4102657.996794343 640007.52258300781 429671.40179443359 560221.39807128906 141730.73665618896 48378.73486328125 1829973.3268903494 47913.369873046875 4872605.635887146 1041596.5588378906 8517777.7816848755 392775.66967773438 65796.142578125
leaf_count=736 314 9489 190 112 267 426 8 4343 30 8326 194 10524 185 68
internal_value=-4.58836e-05 -0.00085905 0.000177115 0.000297477 -0.00157802 0.000193018 0.00156112 0.00108823 0.0063807 7.35484e-06 -0.000703544 0.000468461 -0.00179392 0.0014876
internal_weight=2.3831e+07 5.12881e+06 1.87022e+07 1.7502e+07 1.20023e+06 1.70723e+07 2.04002e+06 1.99164e+06 161667 1.50323e+07 5.9142e+06 9.11808e+06 600303 207527
internal_count=35212 10225 24987 24530 457 24418 4695 4687 344 19723 8520 11203 679 494
cat_boundaries=0 1
cat_threshold=41
is_linear=0
shrinkage=0.05


Tree=120
num_leaves=15
num_cat=1
split_feature=27 21 2 15 19 2 28 1 8 21 2 17 0 23
split_gain=1232.27 1757.09 1402.72 4298.94 2478.91 1522.57 1355.47 1508.48 985.596 3916.44 921.124 838.024 870.876 793.097
threshold=1.5000000000000002 10.496751550033519 16.998031306214585 18.400799232794149 0.00029145502070358038 16.849067115038203 0 15.08716574430089 0.064852118826147817 10.631555854924844 16.276512134422696 0.046362489344043613 15.324543256002096 -0.83340888806329594
decision_type=2 10 2 2 2 2 1 2 2 10 2 2 2 10
left_child=1 6 5 -4 -5 8 7 -1 9 -2 13 12 -8 -3
right_child=2 10 3 4 -6 -7 11 -9 -10 -11 -12 -13 -14 -15
leaf_value=0.00094168966363359057 -0.00617271153787114 0.0050465202946463165 0.00057151382285375763 0.00023157856842511579 -0.00031445947380203402 -0.00048320080874734322 -0.0012773652619285443 0.0021560080946438245 -2.646132079348174e-05 0.0024110889529163873 -0.0037446507545899907 -0.0043992418755585301 0.0013082252708123123 -0.0054506761094573449
leaf_weight=117632.42032039165 94210.388896822929 64354.016160488129 674660.63061523438 684747.61669921875 651636.82763671875 535793.75439453125 659054.01372945309 72944.131225585938 19107402.082238913 55876.333271026611 316522.23779296875 220222.41807556152 78772.151000976562 600379.57872605324
leaf_count=380 323 123 128 111 105 112 1453 26 31310 47 67 161 30 929
internal_value=-7.82867e-05 -0.00122619 3.38426e-05 0.00129199 -0.000350549 -9.39886e-05 0.000101176 0.00395216 -2.08413e-05 0.00401514 -0.00277997 -0.000664903 0.000142991 -0.00172287
internal_weight=2.39342e+07 2.12988e+06 2.18043e+07 2.01105e+06 1.33638e+06 1.97933e+07 1.14863e+06 190577 1.92575e+07 150087 981256 958049 737826 664734
internal_count=35305 3169 32136 344 216 31792 2050 406 31680 370 1119 1644 1483 1052
cat_boundaries=0 1
cat_threshold=96
is_linear=0
shrinkage=0.05


Tree=121
num_leaves=15
num_cat=2
split_feature=18 14 28 22 11 10 20 15 20 25 18 26 28 4
split_gain=921.905 1154.03 1139.8 1760.95 963.797 2188.04 988.564 1959.05 1570.65 1235.49 974.86 3214.06 1871.78 2086.24
threshold=0.06272977124435701 2.5488756558522159 0 21.048113136224188 -0.9798222678085392 -0.1691935307846765 0.044217436649307058 19.307661424879033 0.038680543246289605 -0.24999999999999997 0.21376986272169909 0.25000000000000017 1 16.168471743006108
decision_type=10 10 1 2 2 2 10 2 10 2 10 2 1 2
left_child=2 4 3 -1 5 -2 8 -8 10 -9 11 12 13 -6
right_child=1 -3 -4 -5 6 -7 7 9 -10 -11 -12 -13 -14 -15
leaf_value=0.0021276914067466712 -0.007362063202016181 -0.003698636954552584 -0.00033560964622551657 0.016893499991826749 0.00032123445082990346 0.015000445441072794 -0.0017542805213971648 -0.0019517055992149561 0.0020113535786031971 0.0015799735046723698 1.6196955897055184e-06 -0.0038811818202855032 -0.00081502766463847898 0.0027456331934431208
leaf_weight=1833976.1116871834 77867.777436494827 565305.23526144028 2319990.1845394373 111576.29699707031 668698.05948448181 70626.171836853027 1038449.8083648682 141764.567527771 245987.81826782227 141033.43544769287 13750010.390562057 1609515.1293048859 1253683.9752235413 224149.546875
leaf_count=6789 214 2027 9237 160 697 179 697 100 182 110 11960 1605 1374 60
internal_value=-0.000116219 -0.000259942 0.000550489 0.00144301 -0.000194459 0.00381813 -0.000225698 -0.00154514 -0.000127495 0.00214425 -0.000183245 -0.000897138 0.000369376 0.00211894
internal_weight=2.40526e+07 1.97871e+07 4.26554e+06 1.94555e+06 1.92218e+07 148494 1.90733e+07 1.32125e+06 1.7752e+07 282798 1.75061e+07 3.75605e+06 2.14653e+06 892848
internal_count=35391 19205 16186 6949 17178 393 16785 907 15878 210 15696 3736 2131 757
cat_boundaries=0 1 2
cat_threshold=228 289
is_linear=0
shrinkage=0.05


Tree=122
num_leaves=15
num_cat=2
split_feature=17 10 28 24 16 14 6 15 14 17 17 16 24 29
split_gain=1226.6 1546.3 1415.14 2315.87 1873.21 1827.98 1634.56 1323.17 3670.77 1222.53 3585.28 1142.48 1129.87 1037.17
threshold=0.0026666507548390507 -0.24561417360281981 0 7.9624243260001153 18.52807987505204 2.3605958934882918 16.195747581550723 16.989037659224348 2.0390480976845486 0.35606061239567061 0.31408482136343246 18.316622198225307 3.0492033188703456 1
decision_type=2 2 1 10 2 10 2 2 10 2 2 2 10 1
left_child=-1 -2 3 5 9 6 7 8 -3 10 13 -9 -7 -4
right_child=1 2 4 -5 -6 12 -8 11 -10 -11 -12 -13 -14 -15
leaf_value=0.0022826009991990886 -0.0021588054509471604 0.0017407739453261383 8.0248612514903023e-05 0.0066622123044054937 0.00014790722667874331 -0.0031971242505727028 0.0015154315998212771 -0.00043029800833840383 0.0084567971433814511 -0.00073912082478648381 0.00065250049586109999 -0.0014848198009915984 0.00029866675360488699 -0.00032561439057936069
leaf_weight=3679157.2779401541 3820151.1502380371 1345520.0206642151 2952321.432144165 126167.49096679688 451395.0744934082 589433.73379516602 579806.9072265625 1816875.0447692871 70873.344390869141 968706.38305664062 132956.33349609375 132392.45373535156 160271.77337646484 7027798.7363510132
leaf_count=15382 4589 2253 2665 167 146 320 131 1483 71 254 28 72 153 7617
internal_value=-0.000276488 -0.000429601 -0.000218041 0.00050131 -0.000518759 0.000321676 0.000751733 0.000329329 0.00149235 -0.000647366 -0.00048483 -0.000515754 -0.00194158 -0.000593491
internal_weight=2.38538e+07 2.01747e+07 1.63545e+07 4.82134e+06 1.15332e+07 4.69517e+06 3.94547e+06 3.36566e+06 1.41639e+06 1.10818e+07 1.01131e+07 1.94927e+06 749706 9.98012e+06
internal_count=35331 19949 15360 4650 10710 4483 4010 3879 2324 10564 10310 1555 473 10282
cat_boundaries=0 1 2
cat_threshold=230 44
is_linear=0
shrinkage=0.05


Tree=123
num_leaves=15
num_cat=1
split_feature=9 3 22 18 5 27 6 0 2 17 10 28 4 9
split_gain=879.272 4302.02 1820.91 2651.57 2391.22 1687.59 1354.78 5789 1175.73 1909.7 842.373 828.092 1517.37 1180
threshold=0.13067246360888676 17.169510099143395 18.661337889755632 0.29062254939520604 16.445570641160668 4.5000000000000009 17.353540390897464 17.419860989426706 16.849067115038203 0.35606061239567061 0.88133542160267464 0 17.017299882291177 0.14963904423856059
decision_type=2 2 2 10 2 2 2 2 2 2 2 1 2 2
left_child=1 2 3 4 5 -1 7 8 10 -10 11 12 13 -2
right_child=6 -3 -4 -5 -6 -7 -8 -9 9 -11 -12 -13 -14 -15
leaf_value=-0.0034837053777430869 0.0021679408596387202 0.00068993828168046679 -0.0031421135002527288 -0.00058392307527428949 0.0011810490304111528 0.0017027479305400763 -0.00088180286222669575 0.0012778316746603316 -0.0017244405225262838 9.9706910639858141e-05 0.016349110174363354 9.5632027924623329e-05 0.00039921808470517794 -0.0013636492274186271
leaf_weight=89262.134384155273 149087.54616546631 457688.07080078125 226536.11740112305 480992.16076660156 151337.70092773438 131327.2744140625 645662.24072265625 80405.095703125 650608.31030273438 558081.52514648438 100716.43144869804 15843303.15826571 80569.57421875 4270011.1519271135
leaf_count=110 145 73 179 139 33 180 94 14 133 110 700 21602 17 11872
internal_value=-3.38201e-05 0.00112295 -0.000599436 0.000458908 0.00362926 0.000308546 -0.000113277 -4.62218e-05 -9.59501e-05 -0.00161123 -6.36221e-06 -2.89454e-05 -0.000627542 -0.000751521
internal_weight=2.39156e+07 1.53714e+06 1.07946e+06 852919 371927 220589 2.23784e+07 2.17328e+07 2.16524e+07 1.20869e+06 2.04437e+07 2.0343e+07 4.49967e+06 4.4191e+06
internal_count=35401 714 641 462 323 290 34687 34593 34579 243 34336 33636 12034 12017
cat_boundaries=0 1
cat_threshold=537
is_linear=0
shrinkage=0.05


Tree=124
num_leaves=15
num_cat=1
split_feature=27 21 28 21 3 0 21 2 0 19 5 26 20 6
split_gain=1055.56 1535.19 2238.62 1320.33 1117.66 881.794 1081.14 1493.05 1424.88 1227.36 7680.91 1482.08 1493.82 6006.79
threshold=1.5000000000000002 10.482047616024342 0 10.365166714030563 14.797236484853208 17.419860989426706 10.949198539433239 16.688037161790731 16.533265774342059 -0.029986948250196144 16.960881889764313 0.93301270189221952 0.016445850632137802 16.195747581550723
decision_type=2 8 1 10 2 2 8 2 2 2 2 2 10 2
left_child=1 2 3 -1 -3 6 9 8 -8 10 -2 -11 -13 -14
right_child=5 4 -4 -5 -6 -7 7 -9 -10 11 -12 12 13 -15
leaf_value=0.001831870670016882 0.00066903385472847927 -0.0020638706513352316 -0.001381421854721914 0.0022911858330523223 -0.0036795195030963862 0.00018389935835502703 -0.00082515685276865263 -0.0023153997185511757 0.0011313628354049591 -0.00014972884484708941 0.0029372555632759434 0.00052531879144367306 0.00026572637011620129 0.0041094354931515602
leaf_weight=155329.0524815321 2131511.475158453 480060.51191973686 907897.43940103054 48638.498388290405 563701.68920898438 861192.63818359375 1951639.427059412 559121.39965820312 188041.470703125 14648983.405222058 88800.57080078125 1022143.9319193363 246790.89483261108 89531.28369140625
leaf_count=379 3518 986 1595 41 173 126 3285 117 43 22894 17 1688 430 21
internal_value=-0.000132336 -0.00118779 0.000105034 0.00483829 -0.00256496 -2.79116e-05 -9.24397e-05 -0.00102643 -0.000425258 4.58472e-05 0.0011475 -0.000106957 0.00147292 0.00436342
internal_weight=2.39434e+07 2.15563e+06 1.11186e+06 203968 1.04376e+06 2.17878e+07 2.09266e+07 2.6988e+06 2.13968e+06 1.82278e+07 2.22031e+06 1.60074e+07 1.35847e+06 336322
internal_count=35313 3174 2015 420 1159 32139 32013 3445 3328 28568 3535 25033 2139 451
cat_boundaries=0 1
cat_threshold=96
is_linear=0
shrinkage=0.05


Tree=125
num_leaves=15
num_cat=0
split_feature=12 24 11 9 19 4 24 19 5 0 9 22 27 10
split_gain=1033.42 888.641 1299.45 1514.92 949.033 2619.29 2392.91 1118 2624.8 3095.6 2104.85 1791.1 1878.38 1620.63
threshold=7.5000000000000009 23.043396053732206 0.35485554419068421 0.42857233563224301 0.043489306917255603 17.458037941908348 8.8180795304207269 -0.015044224044914999 16.796940509220686 16.846705175829062 0.099641508914028162 21.06749716986349 1.5000000000000002 -0.024151595255711148
decision_type=2 10 2 2 2 2 10 2 2 2 2 2 2 2
left_child=-1 4 3 -3 7 6 -6 10 9 -9 -2 12 -12 -10
right_child=1 2 -4 -5 5 -7 -8 8 13 -11 11 -13 -14 -15
leaf_value=0.010552304570961599 0.0014265537608869029 0.012011303199118611 -0.0017003827244601668 0.0012023380452947123 5.293163327189268e-05 0.00041806406964617376 0.007241898571524491 -0.00032240375762579215 -2.2115962081442851e-05 0.0041553893361818677 -0.0033549608594013835 0.0063390763646080407 0.00013288834299955167 -0.0010322500774871896
leaf_weight=334993.84394788742 195063.95223999023 79048.049087524414 154047.15465545654 194133.60840606689 2225962.771481514 121477.9775390625 75369.184553146362 11171181.964853287 581213.32568359375 67445.48095703125 968008.54888486862 77833.870262145996 6547518.875910759 1116163.2053222656
leaf_count=3059 46 90 184 268 3255 18 99 17296 101 16 1389 77 9241 209
internal_value=-6.73565e-05 -0.000106542 0.00215306 0.00422378 -0.000148247 0.000788112 0.0004104 -0.000257713 -0.000542667 -0.000265876 0.000215574 8.38306e-05 5.68275e-06 -0.00237534
internal_weight=2.39095e+07 2.35745e+07 427229 273182 2.31472e+07 2.42281e+06 2.30133e+06 2.07244e+07 1.2936e+07 1.12386e+07 7.78843e+06 7.59336e+06 7.51553e+06 1.69738e+06
internal_count=35348 32289 542 358 31747 3372 3354 28375 17622 17312 10753 10707 10630 310
is_linear=0
shrinkage=0.05


Tree=126
num_leaves=15
num_cat=2
split_feature=27 0 21 2 27 28 21 8 8 25 2 7 28 24
split_gain=1270.13 2299.56 1355.62 1710.59 1039.21 1983.97 2607.13 6885.38 2194.51 2412.22 2268.68 2454.6 2174.31 3836.18
threshold=1.5000000000000002 16.3974896391274 10.482047616024342 16.158092031731105 9.5000000000000018 0 10.817995120197638 0.17112885132900854 0.11957039339654042 1.0000000180025095e-35 16.688037161790731 16.610412428583285 1 1.2736174209524151
decision_type=2 2 10 2 2 1 10 2 2 2 2 2 1 10
left_child=1 2 3 -1 5 6 8 -8 9 -2 11 -10 13 -9
right_child=4 -3 -4 -5 -6 -7 7 12 10 -11 -12 -13 -14 -15
leaf_value=-1.6117909950927801e-05 0.0016366623724917932 -0.004369284774773486 -0.0038933329691454217 0.0014648994450720979 -0.00035202790822554684 -0.00011542492407093854 0.0035931552419309178 -0.0079974959628630118 0.00011248518737192505 -2.3821273205219628e-05 -0.0012072972038875873 0.0037871955320417138 -3.0060386856839894e-05 0.0030981868836396529
leaf_weight=1005819.9133285284 149220.50782299042 358361.4541015625 755595.05193305016 64366.6025390625 5877654.4851864576 9578273.0182162523 256012.41631317139 144763.02518558502 3730790.970164299 170237.22186470032 387839.88525390625 54677.6259765625 879854.15567731857 395860.95572948456
leaf_count=1995 98 71 1102 19 8834 14018 99 146 7042 152 80 12 1345 361
internal_value=-0.000188921 -0.00133803 -0.000619261 0.00052554 -7.28615e-05 0.000138895 0.000838186 0.00252083 0.000210304 0.00420437 -9.54331e-05 0.000277716 0.00116049 0.00365603
internal_weight=2.38093e+07 2.18414e+06 1.82578e+06 1.07019e+06 2.16252e+07 1.57475e+07 6.16926e+06 1.67649e+06 4.49277e+06 319458 4.17331e+06 3.78547e+06 1.42048e+06 540624
internal_count=35374 3187 3116 2014 32187 23353 9335 1951 7384 250 7134 7054 1852 507
cat_boundaries=0 1 2
cat_threshold=740 32
is_linear=0
shrinkage=0.05


Tree=127
num_leaves=15
num_cat=2
split_feature=4 8 20 20 4 0 14 2 29 28 17 17 7 23
split_gain=2062.54 1763.75 3501.86 2490.54 1278.82 1255.99 2119.03 1319.5 1181.9 1255.79 2200.59 2166.41 2350.91 1758.73
threshold=17.179119157328174 0.089262396150043263 -0.0095641994576443484 0.042076762466386801 13.747532358593384 13.794881644430237 0.75048614142209047 14.521680106044606 0 1 0.22590751642309662 0.036411647240838008 15.777918108991317 2.9297587472125404
decision_type=2 2 8 8 2 2 10 2 1 1 2 2 2 10
left_child=1 2 -1 -4 5 -3 -7 -8 -6 10 13 12 -11 -10
right_child=-2 4 3 -5 8 6 7 -9 9 11 -12 -13 -14 -15
leaf_value=-0.00083209178675474119 -0.00014617950587555119 0.00013185112927525307 0.001622842358777241 -2.232922199563161e-05 -0.00041054513608193344 0.013259893033905496 0.0020896325812222766 -0.0081436164911683935 0.00095055935519210491 1.3914134923306939e-05 0.0017222456316034933 -0.00098713655688459074 0.0063784926487039859 -0.0021146201827819838
leaf_weight=199573.00384616852 1520521.6735839844 8142085.3497931957 306881.19784736633 174497.39583837986 6015852.3875732422 162978.85540771484 682794.39398193359 124042.48895263672 587375.90914916992 3176872.3057556152 505482.33837890625 1860821.4432983398 164632.13720703125 275462.73004150391
leaf_count=94 247 26746 184 412 3126 162 714 91 379 2238 148 613 58 160
internal_value=-0.000238602 -0.00011753 0.00238812 0.00469682 -0.000196163 0.000254975 0.00195589 0.000905457 -0.000522761 -5.91518e-05 0.00128865 -0.000413655 0.000347761 -0.000246073
internal_weight=2.38999e+07 2.23794e+07 680952 481379 2.16984e+07 9.1119e+06 969816 806837 1.25865e+07 6.57065e+06 1.36832e+06 5.20233e+06 3.3415e+06 862839
internal_count=35372 35125 690 596 34435 27713 967 805 6722 3596 687 2909 2296 539
cat_boundaries=0 1 2
cat_threshold=65 104
is_linear=0
shrinkage=0.05


Tree=128
num_leaves=15
num_cat=0
split_feature=23 0 6 16 0 0 24 8 8 20 5 20 0 0
split_gain=981.445 2304.36 2901.54 1681.18 1838.98 1630.86 1464.78 2536.99 2334.57 1916.86 1948.22 1814.46 2302.99 2273.5
threshold=2.5039231257198153 16.846705175829062 17.353540390897464 18.472836192843562 17.419860989426706 16.994451200594245 0.86965070831088365 0.14143416268128789 0.10986439182877221 0.0010283317524848003 14.427844110258595 0.0068051016399146005 16.533265774342059 14.877658416507368
decision_type=10 2 2 2 2 2 10 2 2 8 2 8 2 2
left_child=3 -2 -3 4 5 6 7 8 -1 10 -8 13 -13 -11
right_child=1 2 -4 -5 -6 -7 9 -9 -10 11 -12 12 -14 -15
leaf_value=-0.00014348374531189943 2.1642609849286973e-05 0.0013584105941581645 -2.0470485696800005e-05 -0.0014229723390042856 0.00089039484996618313 -0.00010649601726393189 -0.00046672747680759482 4.5074921557291669e-05 0.0023500258150661569 0.00064193368338434729 -0.0017486577059575325 -0.00074048767779612236 0.00095037063912002109 0.0036297991689782511
leaf_weight=257960.27606010437 11322434.208127618 683167.57666015625 595294.22216796875 517040.16558837891 129828.1396484375 714068.669921875 925176.96335029602 3026142.1281504631 268998.6879119873 258375.98077297211 1152752.778503418 3723683.5652320385 190102.32861328125 92193.6015625
leaf_count=179 19959 141 86 185 19 135 2155 4976 128 524 435 6257 47 42
internal_value=-5.89112e-05 0.000244192 0.00225639 -0.00039822 -0.000264143 -0.000336522 -0.000169994 0.00064276 0.00384447 -0.000625319 -0.00187056 -1.85398e-05 -0.000327218 0.00342757
internal_weight=2.38572e+07 1.26009e+07 1.27846e+06 1.12563e+07 1.07393e+07 1.06095e+07 9.89539e+06 3.5531e+06 526959 6.34229e+06 2.07793e+06 4.26436e+06 3.91379e+06 350570
internal_count=35268 20186 227 15082 14897 14878 14743 5283 307 9460 2590 6870 6304 566
is_linear=0
shrinkage=0.05


Tree=129
num_leaves=15
num_cat=0
split_feature=18 0 18 7 6 24 5 15 24 27 20 20 22 9
split_gain=1076.57 1467.69 1385.01 1090.4 4429.48 1060.67 1647.28 1396.88 2598.05 2022.24 2733.81 1180.57 1535.29 3612.45
threshold=0.059903577665432604 14.977525524734654 0.12874528930334328 14.454461897089585 14.398690334259824 1.9088804994597053 16.796940509220686 17.060670792012349 0.36252960908502607 9.5000000000000018 -0.027732843247890045 -1.0000000180025095e-35 18.563624155287023 0.26367395320874026
decision_type=10 2 10 2 2 10 2 2 10 2 10 8 2 2
left_child=1 3 -2 4 -1 7 11 8 -4 10 -10 -7 -13 -14
right_child=2 -3 5 -5 -6 6 -8 -9 9 -11 -12 12 13 -15
leaf_value=0.001149732836904538 -0.0015106849797092941 0.0027195871420227888 -0.00099083550039294976 -0.0045256991531646149 0.014584870985727078 -0.0013176831207767168 -0.00045098531942553674 9.3171233842978509e-06 0.0056946979992216137 0.0053944309785989991 -0.00066002284838396347 -0.00017199128621717933 0.002564265529829717 0.00010198742902898684
leaf_weight=3752974.3649173975 2491132.705432415 127085.00787353516 261116.41419029236 241866.61547851562 39658.816650390625 1488514.9819641113 1055374.0991210938 7461263.0950341225 100779.18177032471 112595.25266265869 192952.08232879639 5760008.5115728378 146085.91928100586 651824.39353561401
leaf_count=15665 3297 69 377 154 31 1403 196 6212 172 129 171 6214 54 1147
internal_value=-0.000123542 0.000607239 -0.000277749 0.000440587 0.000648167 -0.000118427 -0.000489158 0.000296683 0.00248817 0.00498889 0.00280499 -0.00024555 4.29919e-05 0.00209849
internal_weight=2.38832e+07 4.16158e+06 1.97216e+07 4.0345e+06 3.79263e+06 1.72305e+07 9.10181e+06 8.12871e+06 667443 406327 293731 8.04643e+06 6.55792e+06 797910
internal_count=35291 15919 19372 15850 15696 16075 9014 7061 849 472 343 8818 7415 1201
is_linear=0
shrinkage=0.05


Tree=130
num_leaves=15
num_cat=0
split_feature=1 10 4 19 11 21 24 5 1 7 5 12 21 19
split_gain=1998.85 2250.43 1810.85 1569.75 1511.96 1727.93 1611.98 1041.29 1578.28 960.597 846.054 844.009 699.945 1795.47
threshold=16.399633848597894 0.17821601792862649 16.411339423236502 0.028972848213832555 0.11096014400528181 10.98975100650992 0.98169407930314956 16.320212067152102 16.158092031731105 16.110960638906878 16.089743665749982 6.5000000000000009 6.704775057094122 -0.0064566021574407996
decision_type=2 2 2 2 2 10 10 2 2 2 2 2 8 2
left_child=2 3 7 4 5 6 -2 8 9 10 11 -1 13 -13
right_child=1 -3 -4 -5 -6 -7 -8 -9 -10 -11 -12 12 -14 -15
leaf_value=0.014997348682824331 2.1197460809993757e-06 -0.0021536427519212014 0.0012357660812852391 1.2535412134884769e-05 -0.0010291062018410663 0.0002610759268617083 -0.0010582826122075692 -0.0015901135848867968 0.00083363243051663141 -0.0022260235781665794 0.0034565138383484901 0.010756484769430089 -0.00013164886672953951 -0.0013427651270348504
leaf_weight=180632.69746017456 745779.990234375 578054.9423828125 543865.17651367188 768389.82788085938 632656.20068359375 584905.48046875 908738.65087890625 209019.7431640625 379089.51904296875 402481.68579101562 73603.54736328125 96009.488471984863 17636379.392023802 103660.60958099365
leaf_count=1992 154 137 154 153 120 111 190 61 118 120 25 128 31819 141
internal_value=-0.000192362 -0.00117977 1.98918e-05 -0.000719594 -0.00125663 -0.000646867 -0.00147266 -6.11959e-05 -2.23234e-05 -8.77906e-05 -3.40392e-05 -5.58946e-05 -9.03339e-05 0.00285342
internal_weight=2.38433e+07 4.21853e+06 1.96247e+07 3.64047e+06 2.87208e+06 2.23942e+06 1.65452e+06 1.90809e+07 1.88719e+07 1.84928e+07 1.80903e+07 1.80167e+07 1.7836e+07 199670
internal_count=35423 865 34558 728 575 455 344 34404 34343 34225 34105 34080 32088 269
is_linear=0
shrinkage=0.05


Tree=131
num_leaves=15
num_cat=0
split_feature=17 8 1 18 11 4 7 27 20 4 19 21 11 11
split_gain=1146.41 3596.19 1488.44 1089.84 3310.75 1901.53 2083.6 1941.63 1983.03 2054.82 2184.03 1717.71 2303.57 1758.75
threshold=0.39233366882668819 0.12904521778639408 14.78723723143341 0.47436460484201598 0.16344306465751576 17.458037941908348 17.375687477891912 9.5000000000000018 -0.050983502848724695 13.625918543928828 0.013538468270925351 8.9148447313850792 0.15014299859150793 -0.2613263928969855
decision_type=2 2 2 8 2 2 2 2 8 2 2 10 2 2
left_child=3 -2 -3 5 11 6 7 -1 -9 -10 -11 -5 13 -13
right_child=1 2 -4 4 -6 -7 -8 8 9 10 -12 12 -14 -15
leaf_value=2.9530153603925661e-05 0.00096791189982146073 0.0020575634484204567 -0.0010311310422692209 -0.00022441709193070272 -0.00085025112306201772 -0.0013910105086708253 0.0020923248464017352 0.00088083069348340057 -0.00035876551787477793 -0.0035962840067872304 2.3336198828415542e-06 0.0068612475629116834 0.00046172393234657645 0.00034900951245266424
leaf_weight=8904044.0170030594 402050.35241699219 244344.40570068359 880309.98352050781 2312627.4339904785 3320683.1439666748 211638.8515625 70261.412109375 75867.961187362671 1276194.7738281488 1047929.17578125 423198.12713623047 842214.23472881317 113531.35969924927 3740800.6371002197
leaf_count=17654 116 244 220 3131 3725 35 11 111 4839 584 245 1220 85 3126
internal_value=-6.92384e-05 -0.00139482 -0.00284574 2.13554e-05 0.00039791 -0.000302544 -0.000218275 -0.000269708 -0.00141227 -0.00163248 -0.00290608 0.00101403 0.00156329 0.001389
internal_weight=2.38657e+07 1.5267e+06 1.12465e+06 2.2339e+07 1.03299e+07 1.20091e+07 1.17975e+07 1.17272e+07 2.82319e+06 2.74732e+06 1.47113e+06 7.00917e+06 4.69655e+06 4.58301e+06
internal_count=35346 580 464 34766 11287 23479 23444 23433 5779 5668 829 7562 4431 4346
is_linear=0
shrinkage=0.05


Tree=132
num_leaves=15
num_cat=0
split_feature=8 2 26 11 8 22 11 24 24 16 8 7 8 24
split_gain=1382.06 2504.31 2491.18 2172.32 1867.24 1198.96 1167.36 1996.01 878.301 1488.16 2151.04 1225.07 1142.58 1124.78
threshold=0.078990536318368373 16.688037161790731 0.6830127018922193 0.019965365044892953 0.18539566487688322 18.659886519154533 -0.077831945305888384 1.9434536580973651 0.36252960908502607 16.367947529891236 0.1520367391642001 15.035768653938314 0.089262396150043263 0.49128118563292256
decision_type=2 2 2 2 2 2 2 10 8 2 2 2 2 8
left_child=3 8 4 6 5 -3 7 -1 9 10 -2 -12 -10 -14
right_child=1 2 -4 -5 -6 -7 -8 -9 12 -11 11 -13 13 -15
leaf_value=0.00065392416221388659 0.0050953810973145674 -9.7995984311723694e-05 -0.0033007568708873143 0.001329260503376636 -0.00056673226869889464 0.00021301152741965793 -0.00095904564916272266 -0.00079568957268184653 0.0023645297144120701 -0.002325860365644126 -0.0027029970136013761 0.0030705521997708668 0.0018339987643512452 3.5172244089140604e-05
leaf_weight=77821.02815246582 80111.45411491394 652162.3349609375 725049.22729492188 316293.78112459183 687115.330078125 797559.05029296875 253002.4691619873 76431.017298817635 109081.96361541748 635869.91656494141 1312347.410941124 322244.74426269531 547984.94777536392 17184737.701724291
leaf_count=69 107 133 141 173 137 135 151 206 97 438 3480 125 760 29121
internal_value=-9.66479e-05 -0.000164179 -0.0015484 0.00205509 -0.000689103 0.000328449 -0.000359313 0.00306904 3.2008e-05 -0.000876503 -0.000110382 -0.000502433 0.0001517 0.000120318
internal_weight=2.37778e+07 2.30543e+07 2.86189e+06 723548 2.13684e+06 1.44972e+06 407255 154252 2.01924e+07 2.35057e+06 1.7147e+06 1.63459e+06 1.78418e+07 1.77327e+07
internal_count=35273 34674 546 599 405 268 426 275 34128 4150 3712 3605 29978 29881
is_linear=0
shrinkage=0.05


Tree=133
num_leaves=15
num_cat=1
split_feature=26 0 15 18 24 27 16 5 25 3 28 16 20 0
split_gain=1597.1 4382.76 1734.64 1874.71 1567.77 1522.38 1641.06 3051.75 1540.11 2788.99 1856.04 3913.14 2469.48 2466.05
threshold=0.93301270189221952 16.684754232979486 17.017575835378853 0.14595443194412283 2.1087010900403804 9.5000000000000018 16.330064008038857 16.089743665749982 -0.5 17.169510099143395 0 18.316622198225307 -0.017326582461776496 15.804232180326846
decision_type=2 2 2 10 10 2 2 2 2 2 1 2 8 2
left_child=5 2 3 -2 -5 8 7 -7 9 -1 11 12 -10 -12
right_child=1 -3 -4 4 -6 6 -8 -9 10 -11 13 -13 -14 -15
leaf_value=0.00015824746224990722 0.0021536942221912032 0.00020091404589878492 -0.00025109095741652874 0.010625949574328795 0.0069067802422286412 -0.0013081182482503643 -0.0013352622135073646 0.0045196819261559993 0.004680526341035292 0.0014199510302644578 -5.3511369541917232e-05 0.0027624413743992946 -0.00017257193865380992 -0.00020756490782060673
leaf_weight=3718846.1819747686 329942.13130021095 276740.32153320312 1223407.0484433174 62445.961843490601 62573.940271377563 2344575.3560180664 1525735.949930191 62499.947021484375 337677.75198888779 179210.61181640625 9125504.4670673609 268749.44250488281 1370749.9266262054 2972318.349609375
leaf_count=5792 1013 53 1649 81 127 4955 869 19 498 28 16973 77 2520 712
internal_value=-3.87071e-05 0.00133055 0.000369272 0.00300517 0.00821926 -0.000160914 -0.00105198 -0.000238823 3.40664e-05 0.000913565 -0.00020951 0.00121076 0.000328524 -0.000441628
internal_weight=2.3861e+07 1.95511e+06 1.67837e+06 454962 125020 2.19059e+07 3.93281e+06 2.40708e+06 1.79731e+07 3.89806e+06 1.4075e+07 1.97718e+06 1.70843e+06 1.20978e+07
internal_count=35366 2923 2870 1221 208 32443 5843 4974 26600 5820 20780 3095 3018 17685
cat_boundaries=0 1
cat_threshold=160
is_linear=0
shrinkage=0.05


Tree=134
num_leaves=15
num_cat=0
split_feature=26 9 17 26 25 15 19 19 18 19 8 24 2 17
split_gain=1243.34 2702.19 1353.8 2270.7 3285.21 5156.77 1954.34 2360.77 2615.72 2092.5 1797.2 1598.55 1581.25 1358.01
threshold=0.93301270189221952 0.14408993956811442 0.14864806091691327 -0.5 1.0000000180025095e-35 18.105021256033268 -0.0083378322809124477 -0.028865370756790996 0.30643720942839842 -0.015250994280609949 0.17112885132900854 1.2736174209524151 16.158092031731105 0.22590751642309662
decision_type=2 2 2 2 2 2 2 2 10 2 2 10 2 2
left_child=2 -2 -1 4 5 10 7 -5 9 -9 -4 -6 13 -8
right_child=1 -3 3 6 11 -7 12 8 -10 -11 -12 -13 -14 -15
leaf_value=-0.00011636668344848694 0.00024571463642271478 8.2148671901571788e-05 0.00051356599875816494 -0.0011979549597820926 -0.0031577388416334355 0.0013359083771329171 -0.0032985893602344644 0.0010525665910805979 0.00069974558224082585 -0.0014476440563991272 -0.001551366666462688 0.00011653715978151945 -0.002683210465386613 0.00012695531668218221
leaf_weight=17252078.641561866 179790.81683349609 1783524.3590762615 267861.11584472656 564553.14288330078 385496.96337890625 268379.3056640625 245251.15997314453 260960.43231201172 328921.05737304688 252783.68981933594 339540.05041503906 462555.64910888672 991007.72802734375 388786.29833984375
leaf_count=30659 76 2852 90 213 136 48 170 116 93 106 194 189 198 246
internal_value=-0.000246439 0.000959195 -0.000353991 -0.00110087 0.000348101 0.00249602 -0.00192461 -0.000560533 0.00111573 -0.00111328 -5.43208e-05 -0.00187005 -0.00310584 -0.00115591
internal_weight=2.39715e+07 1.96332e+06 2.20082e+07 4.7561e+06 1.72383e+06 875780 3.03226e+06 1.40722e+06 842665 513744 607401 848053 1.62505e+06 634037
internal_count=35386 2928 32458 1799 657 332 1142 528 315 222 284 325 614 416
is_linear=0
shrinkage=0.05


Tree=135
num_leaves=15
num_cat=0
split_feature=25 1 10 16 21 6 23 7 7 10 15 4 9 7
split_gain=1118.9 1637.22 2022.95 1296.81 1818.69 1798.36 1127.53 1261.79 1365.74 1104.7 1546.67 1455.05 948.05 984.345
threshold=-0.5 16.997225798689893 0.026983008724234151 17.289958734822715 11.085195289202607 16.804439504542483 7.9391589943978209 16.807051060811158 16.610412428583285 0.086090403615409969 19.435665480687568 16.411339423236502 0.14963904423856059 14.410677189240003
decision_type=2 2 2 2 10 2 10 2 2 2 2 2 2 2
left_child=3 6 -3 5 12 -1 7 8 9 10 -2 -11 -5 -14
right_child=1 2 -4 4 -6 -7 -8 -9 -10 11 -12 -13 13 -15
leaf_value=-0.00022003354299757053 -0.00036708307853828897 -5.9891162096518967e-06 0.00042035950467245506 -0.00013273041419462598 0.00058500568836959861 0.0023110889120961215 0.0032403847285047815 -0.00017975396531731832 0.00088316011577891827 0.00072437140736253966 0.0073872966019107953 0.0039185887856235625 -0.00025827703935425169 -0.0024742750722595037
leaf_weight=5973063.0893063545 8825899.3681409359 773364.8388671875 571032.28198242188 500785.05554199219 277887.91735839844 74080.12060546875 693861.53895282745 689729.3740234375 370819.49975585938 3871724.5267988443 103046.22657775879 52939.658447265625 187915.56078147888 785027.24145507812
leaf_count=10848 14229 131 100 131 112 16 1293 141 87 7573 110 15 279 227
internal_value=-3.1751e-05 0.0002082 0.00187791 -0.000522573 -0.00172056 -0.000175564 5.45341e-05 -4.35608e-05 6.51785e-05 -2.11261e-05 -0.000328439 0.000678037 -0.00242017 -0.00333
internal_weight=2.37512e+07 1.59524e+07 1.3444e+06 7.79876e+06 1.75162e+06 6.04714e+06 1.4608e+07 1.39142e+07 1.32244e+07 1.28536e+07 8.92895e+06 3.92466e+06 1.47373e+06 972943
internal_count=35292 23679 231 11613 749 10864 23448 22155 22014 21927 14339 7588 637 506
is_linear=0
shrinkage=0.05


Tree=136
num_leaves=15
num_cat=1
split_feature=0 5 0 7 7 3 14 5 2 0 28 20 20 9
split_gain=1254.88 1435.95 1314.22 2581.18 1394.96 1232.49 1228.31 882.778 897.859 1300.96 3404.08 1808.32 1125.78 1619.49
threshold=17.419860989426706 17.130850056497454 16.846705175829062 16.807051060811158 16.610412428583285 16.537870894875581 2.2720336201104523 16.625604377944345 15.090779240072619 14.742370668645821 0 -0.014409017982349748 0.0013846527960236002 0.15902261461074893
decision_type=2 2 2 2 2 2 10 2 2 2 1 10 8 2
left_child=1 2 3 4 5 7 -4 8 9 -1 11 -11 13 -10
right_child=-2 -3 6 -5 -6 -7 -8 -9 12 10 -12 -13 -14 -15
leaf_value=-0.00032858634808783998 0.00010438197566457791 -0.0003228705790067256 0.00040028985182359052 -0.0036837122364847576 0.001085275796984042 -0.0027143731481902196 -3.8012588476774446e-05 0.0023521202681341963 0.00039815870630980981 0.0097741990054515185 -0.00022702755649462543 0.0014559688919809181 -9.2317607466781403e-05 -0.0022524205876922844
leaf_weight=13426284.929401398 794930.2607421875 831292.701171875 517818.27490234375 376882.9814453125 416091.6240234375 382602.02490234375 630365.71337890625 76598.06103515625 278205.38269042969 172928.20629882812 1239467.335144043 359701.88488769531 3056659.4711303711 1184959.7705078125
leaf_count=31640 115 150 111 79 98 104 127 21 101 106 727 209 1221 483
internal_value=-0.000169026 -0.000236675 -0.000160001 -0.000250185 -0.000175141 -0.000234236 0.00148711 -0.000179907 -0.000200719 -1.67251e-05 0.0012566 0.00459951 -0.000819416 -0.00195996
internal_weight=2.37448e+07 2.29499e+07 2.21186e+07 2.09704e+07 2.05935e+07 2.01774e+07 1.14818e+06 1.97948e+07 1.97182e+07 1.51984e+07 1.7721e+06 532630 4.51982e+06 1.46317e+06
internal_count=35292 35177 35027 34789 34710 34612 238 34508 34487 32682 1042 315 1805 584
cat_boundaries=0 1
cat_threshold=548
is_linear=0
shrinkage=0.05


Tree=137
num_leaves=15
num_cat=1
split_feature=16 27 27 15 18 3 9 4 22 15 28 8 17 23
split_gain=1959.74 3321.18 3833.26 4199.12 3116.69 5496.02 2501.88 1979.32 1870.08 1508.96 1271.43 1327.25 1757.78 1388.87
threshold=18.213483320293424 1.5000000000000002 8.5000000000000018 18.079377068978296 0.25404556128729544 16.537870894875581 0.14408993956811442 16.856164222692549 18.659886519154533 18.232289644412521 0 0.089262396150043263 0.44230700546337237 2.8470399424932453
decision_type=2 2 2 2 10 2 2 2 2 2 1 2 2 10
left_child=7 -2 3 4 5 8 -4 10 -3 -8 -1 13 -13 -12
right_child=1 2 6 -5 -6 -7 9 -9 -10 -11 11 12 -14 -15
leaf_value=0.0012689537209251063 -0.0038265772551283718 0.001696414603736783 0.0002134201679290116 0.00073446875745743765 -0.00014020752489944706 0.0023789877787171072 -0.00017026645761290495 -0.00059903300421604148 -0.0015983337617047032 -0.0036065713897075 -0.000204204694395083 -0.00024154471463680088 -0.0040024849406907993 0.0022345027530981053
leaf_weight=2129915.2308855057 314978.6622467041 206096.64346313477 445870.82601928711 859181.36254882812 264318.1904296875 227583.59350585938 553086.19049072266 761131.54248046875 508327.52281188965 371535.2578125 143721.58999824524 16775134.826568604 199347.45922851562 144293.31481492519
leaf_count=4583 117 125 115 147 49 52 328 155 414 70 167 28629 81 275
internal_value=-3.60618e-05 0.00101332 0.00146378 0.00282414 0.000921542 0.00226778 -0.000586452 -0.000231372 0.000112221 -0.00206995 -0.000133205 -0.000275415 -0.000332524 0.00309036
internal_weight=2.39045e+07 3.75098e+06 3.436e+06 2.06551e+06 1.20633e+06 942008 1.37049e+06 2.01535e+07 714424 924621 1.93924e+07 1.72625e+07 1.69745e+07 288015
internal_count=35307 1417 1300 787 640 591 513 33890 539 398 33735 29152 28710 442
cat_boundaries=0 1
cat_threshold=194
is_linear=0
shrinkage=0.05


Tree=138
num_leaves=15
num_cat=0
split_feature=7 4 26 1 27 5 1 20 10 18 14 20 10 11
split_gain=1929.13 1752.36 1504.46 4777.71 1520.79 1696.97 1797.41 1263.54 1962.65 1085.16 1063.14 926.021 922.84 1297.17
threshold=17.375687477891912 17.179119157328174 0.93301270189221952 16.997225798689893 9.5000000000000018 16.320212067152102 16.158092031731105 0.034054720755949605 -0.05636993168386429 0.19214255192412838 -0.18160916797342183 -0.079788818648154985 -0.046185226119835145 -0.059781318536450544
decision_type=2 2 2 2 2 2 2 10 2 10 10 8 2 2
left_child=1 2 4 7 11 6 10 -4 -9 -10 -6 -1 -13 -14
right_child=-2 -3 3 -5 5 -7 -8 8 9 -11 -12 12 13 -15
leaf_value=-0.0054914709154164458 0.00011367592759653719 -0.00021224114997396194 2.6484666774871789e-05 0.0003001305568908092 0.0061962055496715632 -0.0011521383908471529 0.0019536157119089473 0.0078872348956921644 0.0027384219643123604 -0.0032046991325287047 -0.0020497410030821009 -0.00042304097599616232 0.0015190272509021439 -3.6405521875813514e-05
leaf_weight=208903.3682012558 954980.3125 671402.10083007812 1522276.6377227306 150472.54174804688 57194.70020532608 510524.8671875 91424.781005859375 70500.344477653503 79923.003290653229 77758.450729370117 2980605.0322575569 7749705.8144465685 3012351.5966951847 5758942.7430131435
leaf_count=308 139 126 2551 30 144 123 28 130 138 69 5502 12556 5204 8287
internal_value=-6.64628e-05 -0.000158119 -8.22451e-05 0.00126301 -0.000207786 -0.00113403 -0.000697953 0.000528071 0.0039978 0.000897126 -0.00090584 -6.27362e-06 3.55564e-05 0.000386814
internal_weight=2.3897e+07 2.2942e+07 2.22706e+07 1.90093e+06 2.03697e+07 3.63975e+06 3.12922e+06 1.75046e+06 228182 157681 3.0378e+06 1.67299e+07 1.6521e+07 8.77129e+06
internal_count=35335 35196 35070 2918 32152 5797 5674 2888 337 207 5646 26355 26047 13491
is_linear=0
shrinkage=0.05


Tree=139
num_leaves=15
num_cat=0
split_feature=0 0 3 0 0 5 7 15 19 7 4 17 0 2
split_gain=2172.59 1363.38 1280.59 2043.54 1961.12 1663.77 3244.42 2324.31 2706.27 1074.77 1656.37 1225.3 1970.26 906.848
threshold=17.419860989426706 17.153843914118731 17.169510099143395 16.994451200594245 16.846705175829062 16.320212067152102 16.29414425370425 19.11675235650759 -0.0099925694715324986 16.203243434593986 16.411339423236502 0.16098616860468853 15.926099204579868 15.090779240072619
decision_type=2 2 2 2 2 2 2 2 2 2 2 2 2 2
left_child=1 2 3 4 5 6 9 8 -7 10 11 12 13 -1
right_child=-2 -3 -4 -5 -6 7 -8 -9 -10 -11 -12 -13 -14 -15
leaf_value=9.3680892276004491e-06 0.00011550843141810058 -0.00065529742674396568 0.00013748833544676635 -0.0007733253876315415 0.00021705864709959343 0.00023171264984947135 0.0017850684156356317 -0.00097307699893595773 -0.0010279080339666317 -0.00087925482592685989 0.0010545877560565254 -0.0014667897555665456 0.0030111256548726235 -0.00056680154508631714
leaf_weight=14134345.64896524 906911.9052734375 667235.04150390625 417983.5478515625 395276.40112304688 486111.58837890625 409597.392578125 378475.03588867188 824576.61889648438 482347.4873046875 283413.05517578125 149345.39453125 1773564.2575683594 465834.63879394531 1992633.4280395508
leaf_count=31729 133 122 78 82 106 100 104 216 119 84 49 1186 167 942
internal_value=-0.000120275 -0.00021549 -0.000148538 -0.000201159 -0.000135299 -0.000208341 -7.48561e-05 -0.00169968 6.93601e-05 -0.000167133 -0.000120359 -0.000163004 -2.94848e-05 -0.000122085
internal_weight=2.37677e+07 2.28607e+07 2.21935e+07 2.17755e+07 2.13802e+07 2.08941e+07 1.91776e+07 1.71652e+06 891945 1.87991e+07 1.85157e+07 1.83664e+07 1.65928e+07 1.6127e+07
internal_count=35217 35084 34962 34884 34802 34696 34261 435 219 34157 34073 34024 32838 32671
is_linear=0
shrinkage=0.05


Tree=140
num_leaves=15
num_cat=0
split_feature=6 0 3 0 1 24 11 16 14 14 18 15 23 3
split_gain=1415.15 3316.88 1814.29 2230.5 1167.43 884.957 1287.92 912.333 907.175 899.155 1964.48 2082.25 1831.24 2222.08
threshold=17.353540390897464 17.419860989426706 17.169510099143395 16.994451200594245 17.156634566241113 -0.04553885756598159 -0.35310831918301216 15.960907426630973 2.5488756558522159 1.526093400234056 0.41055022424199578 19.330630037985571 1.0702930605165804 15.567207011766561
decision_type=2 2 2 2 2 8 2 2 10 8 8 2 8 2
left_child=1 2 3 4 5 6 -1 -8 9 -7 -11 12 13 -12
right_child=-2 -3 -4 -5 -6 8 7 -9 -10 10 11 -13 -14 -15
leaf_value=0.01390345406258644 -0.00042178406644295192 0.00075848253452524611 0.0001332903644696759 -0.0010342639523836569 0.0001728139847284564 -9.7731575146464461e-05 -0.0016143157817717756 -0.0028493181060957324 -0.0026453689159083864 2.0774499771325403e-05 0.0014731328891049783 -0.0011678329276466613 0.001862957690611673 0.0057612346953553007
leaf_weight=115715.37313842773 915850.7333984375 110060.1640625 625080.26123046875 718965.98803710938 64494.3330078125 11238525.632991195 870482.33097171783 489141.54089355469 1246917.0657551289 5597121.1509951353 145351.7366771698 451135.91623687744 1192254.9025063515 171650.537109375
leaf_count=461 134 19 117 145 13 16202 1860 320 6772 7808 173 323 967 58
internal_value=-6.052e-05 1.61093e-05 -2.54594e-05 -9.99239e-05 -8.65928e-06 -2.87914e-05 -0.00121064 -0.00164162 5.82032e-05 0.000144844 0.000566559 0.00192868 0.00281959 0.00619724
internal_weight=2.39527e+07 2.30369e+07 2.29268e+07 2.23018e+07 2.15828e+07 2.15183e+07 1.47534e+06 1.35962e+06 2.0043e+07 1.8796e+07 7.55751e+06 1.96039e+06 1.50926e+06 317002
internal_count=35372 35238 35219 35102 34957 34944 2641 2180 32303 25531 9329 1521 1198 231
is_linear=0
shrinkage=0.05


Tree=141
num_leaves=15
num_cat=0
split_feature=9 17 9 19 9 26 19 21 16 0 6 26 16 25
split_gain=2138.25 4890.31 1569.99 1102.72 955.496 2789.85 1708.56 1656.12 1291.36 4440.69 1676.96 1556 1135.62 5782.97
threshold=0.099641508914028162 0.17521381558578317 0.11267707992664321 -0.011639871753458797 0.14408993956811442 0.25000000000000017 -0.0053716608009118493 10.739323318897078 18.472836192843562 17.419860989426706 17.353540390897464 0.25000000000000017 18.316622198225307 0.68301270189221941
decision_type=2 2 2 2 2 2 2 10 2 2 2 2 2 2
left_child=1 3 -2 -1 5 7 -7 -4 9 12 11 -10 -6 -14
right_child=2 -3 4 -5 8 6 -8 -9 10 -11 -12 -13 13 -15
leaf_value=0.0014535973221279791 -0.00059610354013076472 0.00043663823728826048 0.00018765094971782395 -0.0043147074144763396 -0.0001367082257290469 0.0012647093419391161 2.8074986677580218e-05 -0.0015101849060282467 0.00070763254295584503 0.00042170849086699703 -0.0027746252884353929 -0.0016921021260549876 -0.00016610189838702589 0.0013905548283661489
leaf_weight=119762.24363708496 363980.4761505127 172742.1796875 443550.07251739502 154096.26153564453 19723968.589290857 277183.13461303711 283579.53753662109 305896.85322570801 217739.7951965332 183716.23681640625 302696.455078125 307142.80529785156 754207.75329589844 255252.00006103516
leaf_count=75 131 37 198 158 33605 102 121 128 110 27 45 165 374 109
internal_value=-6.08574e-06 0.0034211 -7.14425e-05 -0.000734317 -2.00036e-05 0.00129132 0.00395861 -0.000704445 -9.90161e-05 -2.23736e-05 -0.00203616 -0.000326938 -9.09512e-05 0.00154475
internal_weight=2.38655e+07 446601 2.34189e+07 273859 2.30549e+07 1.31021e+06 560763 749447 2.17447e+07 2.09171e+07 827579 524883 2.07334e+07 1.00946e+06
internal_count=35385 270 35115 233 34984 549 223 326 34435 34115 320 275 34088 483
is_linear=0
shrinkage=0.05


Tree=142
num_leaves=15
num_cat=0
split_feature=9 11 7 11 6 7 17 12 9 1 4 1 25 2
split_gain=2745.32 6850.58 2791.1 2597.59 1703.51 4671.25 1484.02 962.166 875.705 2544.25 1785.93 1402.27 1339.65 1038.12
threshold=0.099641508914028162 0.067855845340616824 16.984761516005801 -0.026418120602745145 17.353540390897464 17.375687477891912 0.44230700546337237 5.5000000000000009 0.13067246360888676 16.8486284102338 17.017299882291177 17.156634566241113 1.0000000180025095e-35 16.401501956730314
decision_type=2 2 2 2 2 2 2 2 2 2 2 2 2 2
left_child=1 2 3 -1 5 6 7 -2 9 12 11 13 -9 -10
right_child=4 -3 -4 -5 -6 -7 -8 8 10 -11 -12 -13 -14 -15
leaf_value=0.0018264305299464463 0.018302213024392965 0.0011390903787852717 -0.0018525857094558022 -0.0019788026228269597 -0.00057808351288486811 0.00055364018878244551 -0.0022084258174610055 0.00095147813907109401 2.6818133147625378e-05 0.0003220288209370458 -0.00085308367274807549 0.00026665792905934368 -0.0030118020101874885 -0.00064874375534198158
leaf_weight=73258.683639526367 94775.228041768074 170194.39404296875 171411.78076171875 81197.808441162109 904062.26708984375 130248.76708984375 733860.13665771484 183565.74719238281 18621256.964487553 373957.740234375 707073.96899414062 160551.306640625 201540.02667236328 1362868.3039550781
leaf_count=129 1151 39 31 88 131 21 381 139 32489 73 140 32 148 336
internal_value=-4.19878e-05 0.00363894 -0.000607423 0.00426735 -0.000119776 -3.45271e-05 -8.93301e-05 -1.45641e-05 -3.66096e-05 0.00163158 -9.73365e-05 -1.06438e-05 -0.00122096 -4.80351e-05
internal_weight=2.39698e+07 496063 325868 154456 2.34738e+07 2.25697e+07 2.24394e+07 2.17056e+07 2.16108e+07 759064 2.08518e+07 2.01447e+07 385106 1.99841e+07
internal_count=35328 287 248 217 35041 34910 34889 34508 33357 360 32997 32857 287 32825
is_linear=0
shrinkage=0.05


Tree=143
num_leaves=15
num_cat=1
split_feature=28 8 19 0 10 11 8 26 21 21 15 15 21 15
split_gain=1011.69 1965.47 5039.6 6948.89 2196.72 1639.38 2894.79 1362.88 3216.23 2441.8 2676.98 4799.54 2261.76 1918.91
threshold=0 0.17112885132900854 -0.020020769047220648 16.3974896391274 -0.14799480148450778 -0.13421717062921162 0.13729101304314623 0.25000000000000017 10.470596507890082 11.028483519367361 17.723613930544218 17.848783754362763 10.459170692851488 17.042494515339072
decision_type=1 2 2 2 2 2 2 2 10 10 2 2 10 2
left_child=-1 2 3 -2 -4 6 -6 9 12 -3 -11 -12 -9 -10
right_child=1 7 4 -5 5 -7 -8 8 13 10 11 -13 -14 -15
leaf_value=-9.9433416304717758e-05 0.00060717422847488456 2.3892271085892796e-05 0.0014180307505275254 0.0031907628265309719 0.0024078089670086754 -0.00036474031018023291 -0.00318099312995669 0.0011463551409282705 0.0011691802569393113 -0.00028601657356942253 0.003118143085608469 0.0014262106977504514 0.0026993851811366425 -0.0039995127451050664
leaf_weight=14151673.654127955 309474.30552184582 4047165.7833936214 195985.97381198406 158165.240234375 153991.15769958496 1037987.6687355042 160725.2818069458 1289353.4429016113 419067.47313022614 214633.68073701859 103179.70302200317 172216.23098373413 48807.341119766235 1474125.1526331902
leaf_count=20416 291 7248 183 33 129 585 93 3068 849 412 79 203 31 1735
internal_value=-3.13935e-05 0.000359528 0.00175049 0.00629947 0.000376887 -0.000339894 0.00282125 -1.49597e-06 -0.000786246 0.000557396 0.00389086 0.00715337 0.00109002 -0.00211244
internal_weight=2.39366e+07 9.78488e+06 2.01633e+06 467640 1.54869e+06 1.3527e+06 314716 7.76855e+06 3.23135e+06 4.5372e+06 490030 275396 1.33816e+06 1.89319e+06
internal_count=35355 14939 1314 324 990 807 222 13625 5683 7942 694 282 3099 2584
cat_boundaries=0 1
cat_threshold=281
is_linear=0
shrinkage=0.05


Tree=144
num_leaves=15
num_cat=2
split_feature=20 9 21 21 2 11 8 16 14 0 28 18 28 4
split_gain=889.931 3144.85 856.615 4001.91 2458.66 1935.09 8458.29 1786.71 1586.02 3411.69 1673.29 1483.96 1338.52 1116.4
threshold=0.10275882073065201 0.22101069469615353 11.037231308731972 11.052118412003972 17.4270168375546 -0.28581367116529671 0.21216542544437442 18.369372682749788 1.6178571945808253 16.846705175829062 0 0.51237714781720134 1 14.234264878364472
decision_type=10 2 10 10 2 2 2 2 10 2 1 10 1 2
left_child=2 -2 4 -4 -1 6 -5 8 11 10 13 12 -7 -10
right_child=1 -3 3 5 -6 7 -8 -9 9 -11 -12 -13 -14 -15
leaf_value=-1.6922438893397067e-05 0.0024735732383530098 -0.0055016010148358791 0.0027004608587816482 0.011179799666835598 -0.00097640860114097359 0.0085511637673129689 -0.0015882733387577075 -0.0018614364465963523 -0.00023923829897174359 0.0027194183705070616 -0.0019903857502473971 -0.0017071433763410735 -0.0035809246368781766 0.0029920956928833793
leaf_weight=21005040.335220218 89577.429611206055 112221.14107894897 306637.5930557251 51131.777683258057 372261.22705078125 94503.327934265137 140997.17007136345 475032.43319702148 145981.52170467377 74841.751953125 237730.60080718994 425627.19421386719 73218.135642051697 252985.59185791016
leaf_count=32587 31 218 180 24 59 153 415 199 331 14 523 325 225 134
internal_value=8.80201e-06 0.00331512 -1.94027e-05 0.000902163 -0.000117636 7.59068e-05 0.00484314 -0.000438679 0.000517131 0.00210895 0.00092192 -0.00139176 0.00259157 0.0029005
internal_weight=2.38578e+07 201799 2.3656e+07 2.27869e+06 2.13773e+07 1.97205e+06 192129 1.77992e+06 1.30489e+06 711539 636698 593349 167721 398967
internal_count=35418 249 35169 2523 32646 2343 439 1904 1705 1002 988 703 378 465
cat_boundaries=0 1 2
cat_threshold=352 260
is_linear=0
shrinkage=0.05


Tree=145
num_leaves=15
num_cat=1
split_feature=18 7 30 6 18 26 2 11 25 14 0 14 14 9
split_gain=1148.44 2421.2 1104.99 1563.27 1021.16 1476.53 1366.24 866.306 1125.13 3028.06 11524.6 2300.48 2935.74 1397.63
threshold=0.059903577665432604 15.271975064944426 0 14.355933025620354 0.12874528930334328 0.25000000000000017 15.930207739512172 -0.0029672054596802996 -0.5 2.4673701038747824 15.926099204579868 1.9098420061714323 1.6855537579441167 0.13067246360888676
decision_type=10 2 1 2 10 2 2 2 2 10 2 10 10 2
left_child=1 2 3 -1 5 6 -2 8 11 -10 -11 12 13 -6
right_child=4 -3 -4 -5 7 -7 -8 -9 9 10 -12 -13 -14 -15
leaf_value=0.0046458378672211585 -0.00064953533991320806 0.0042882137036303917 5.4195355642823322e-05 0.014065082460170986 -0.00057253411221381797 -0.0037299872627741073 0.0012089647453625561 -0.00012040101201513311 8.2063673741720688e-05 0.00010459726740508714 0.0059550545332153005 -0.0029000793317224224 0.00094694396813030694 1.7474774365531681e-05
leaf_weight=866487.53954839706 1279977.3343057632 25826.134033203125 3221292.3519215584 31878.50390625 174920.1083984375 1056508.6442027092 158238.85302734375 9048906.3123283386 5120231.1167984009 210574.50372028351 54323.65771484375 711172.5957698822 121353.39441490173 1645611.5204927921
leaf_count=3643 1886 12 12252 25 35 1389 50 8431 4541 505 12 566 85 1855
internal_value=-0.000199254 0.000556775 0.0004611 0.00201171 -0.000359305 -0.00130427 -0.000261697 -0.000221341 0.000156397 0.000571608 0.00578427 -0.000686389 0.00020462 -0.000297311
internal_weight=2.37273e+07 4.14548e+06 4.11966e+06 898366 1.95818e+07 2.49472e+06 1.43822e+06 1.70871e+07 8.03819e+06 5.38513e+06 264898 2.65306e+06 1.94189e+06 1.82053e+06
internal_count=35287 15932 15920 3668 19355 3325 1936 16030 7599 5058 517 2541 1975 1890
cat_boundaries=0 1
cat_threshold=8
is_linear=0
shrinkage=0.05


Tree=146
num_leaves=15
num_cat=1
split_feature=4 8 1 7 22 28 1 9 11 4 16 24 17 2
split_gain=2090.84 1525.57 1166.05 791.76 782.903 1920.36 959.413 989.472 2060.49 3817.26 1955.26 1714.11 2986.25 1075.47
threshold=17.017299882291177 0.13271539659187379 16.997225798689893 16.984761516005801 21.06749716986349 0 16.8486284102338 0.15902261461074893 -0.049610822349303647 16.168471743006108 15.60815011911054 1.4770627534572751 0.16098616860468853 15.200874275528687
decision_type=2 2 2 2 2 1 2 2 2 2 2 8 2 2
left_child=2 -2 3 4 6 -6 7 8 9 10 -1 12 -10 -9
right_child=1 -3 -4 -5 5 -7 -8 13 11 -11 -12 -13 -14 -15
leaf_value=0.0043686268627079116 -3.7658299701448484e-05 -0.00019933071331971455 0.00025949109560533917 -0.0015278634678461496 0.005186229436375739 -0.0054668934728699155 -0.0028713269527627884 2.2165738028935805e-05 0.0028354437516857674 0.0025212987342485308 -0.0018558315094105984 -0.0020597921202537982 -0.0013440955633989629 -0.00037109648899630733
leaf_weight=84012.451187133789 1094124.443359375 1096408.0180664062 423836.62036132812 166725.4638671875 125522.14297485352 140228.5944442749 242935.548828125 14974357.320085049 165640.26092529297 274292.43823242188 299103.05648803711 514430.35475158691 214729.18579101562 4038205.6840820312
leaf_count=213 184 193 86 33 93 202 56 31837 158 70 258 372 74 1481
internal_value=-0.000185239 -0.00165735 -3.63886e-05 -8.82065e-05 -6.10533e-05 0.00263564 -9.54947e-05 -5.85932e-05 0.00115523 0.00328056 5.6742e-05 -0.000406246 0.00213875 -0.000157691
internal_weight=2.38546e+07 2.19053e+06 2.1664e+07 2.12402e+07 2.10735e+07 265751 2.08077e+07 2.05648e+07 1.55221e+06 657408 383116 894800 380369 1.90126e+07
internal_count=35310 377 34933 34847 34814 295 34519 34463 1145 541 471 604 232 33318
cat_boundaries=0 1
cat_threshold=108
is_linear=0
shrinkage=0.05


Tree=147
num_leaves=15
num_cat=0
split_feature=8 19 9 26 7 8 20 0 5 19 2 16 9 17
split_gain=1291.56 3922.13 1906.16 996.135 3395.02 1389.75 1447.96 1270.28 1533.82 1120.28 2180.86 1217.36 1963.21 1497.32
threshold=0.064852118826147817 -0.015250994280609949 0.11267707992664321 0.6830127018922193 16.807051060811158 0.13729101304314623 -0.031312550254196346 17.419860989426706 17.130850056497454 0.012756320567288053 16.276512134422696 16.138737299905305 0.65585797551271796 0.22590751642309662
decision_type=2 2 2 2 2 2 10 2 2 2 2 2 2 2
left_child=1 -1 -3 7 5 6 -5 8 -2 11 -11 13 -13 -7
right_child=3 2 -4 4 -6 9 -8 -9 -10 10 -12 12 -14 -15
leaf_value=0.0014756705726354825 6.9928729601999656e-06 0.0020769330570687568 -0.00068423690464497098 0.0061981359943537508 -0.0022617957976128473 -0.00095832217581718693 7.8627937521125434e-05 0.00032284441322755821 -0.0015079541433243766 0.00042078146313748578 0.00018847225513770341 -0.0023585053322465921 0.0026333387081458057 0.0014806662147368187
leaf_weight=136245.40969026089 16512798.681392193 93217.772735595703 153618.67957484722 129363.99582672119 669944.2763671875 2534737.2143839598 357731.3516368866 513445.79443359375 509250.12060546875 894863.86112713814 78060.184814453125 991363.14395904541 148166.29813671112 104713.84167480469
leaf_count=139 25857 150 176 141 122 5565 245 75 91 1713 22 666 307 60
internal_value=-0.000123029 0.00275677 -0.00100196 -0.000170085 -0.000731538 -0.000302959 0.0022406 1.91078e-05 -5.4802e-05 -0.000563687 0.000949341 -0.000953226 -0.00231902 -0.00036357
internal_weight=2.38275e+07 383082 246836 2.34444e+07 5.90894e+06 5.239e+06 487095 1.75355e+07 1.7022e+07 4.7519e+06 972924 3.77898e+06 1.13953e+06 2.63945e+06
internal_count=35329 465 326 34864 8841 8719 386 26023 25948 8333 1735 6598 973 5625
is_linear=0
shrinkage=0.05


Tree=148
num_leaves=15
num_cat=1
split_feature=18 0 16 26 0 28 3 25 16 3 0 8 0 4
split_gain=1157.11 3074.16 1160.58 1413.89 6968.37 1115.15 1010.57 777.495 1920.95 1633.05 1710.68 1548.48 1476.65 1454.31
threshold=0.032876258618829757 14.977525524734654 18.472836192843562 0.93301270189221952 16.684754232979486 0 14.527206679404005 0.68301270189221941 18.344174158923945 17.004815837258366 17.153843914118731 0.078990536318368373 16.994451200594245 17.458037941908348
decision_type=10 2 2 2 2 1 2 2 2 2 2 2 2 2
left_child=1 5 3 7 -5 6 -1 9 13 10 11 -2 -13 -9
right_child=2 -3 -4 4 -6 -7 -8 8 -10 -11 -12 12 -14 -15
leaf_value=0.0061395026892454531 0.00035958798227157752 0.0070105670690908742 -0.00067547970943137865 1.5289012966906786e-05 0.00027993598722253352 -0.00010018761707155631 0.010129443191884864 4.9647712634897335e-05 0.0012170211788101006 -0.00019792667436361602 7.5801692385379894e-05 -0.00034354009914090602 -0.0028196397572742746 -0.0015554598184341097
leaf_weight=844947.76032626629 282809.62240219116 44739.783386230469 838762.76782226562 1443152.0454692841 166834.0712890625 1988325.7861196995 24466.43701171875 4789566.2123088837 223926.89135742188 831401.31909179688 127689.90869140625 11885674.347573042 181651.80444335938 141603.2890625
leaf_count=4219 153 27 154 1800 35 8642 19 5508 44 144 25 14409 38 20
internal_value=-0.000144196 0.000791322 -0.000274034 -0.000197897 0.00122316 0.000587719 0.00208138 -0.000321805 0.000199522 -0.000523732 -0.000380767 -0.000440296 -0.000526005 -6.15656e-06
internal_weight=2.38156e+07 2.90248e+06 2.09131e+07 2.00743e+07 1.60999e+06 2.85774e+06 869414 1.84643e+07 5.1551e+06 1.33092e+07 1.24778e+07 1.23501e+07 1.20673e+07 4.93117e+06
internal_count=35237 12907 22330 22176 1835 12880 4238 20341 5572 14769 14625 14600 14447 5528
cat_boundaries=0 1
cat_threshold=550
is_linear=0
shrinkage=0.05


Tree=149
num_leaves=15
num_cat=0
split_feature=0 22 11 15 1 4 9 11 7 3 0 20 6 27
split_gain=1672.68 3389.8 4990.85 5011.14 2643.66 2494.64 1373.71 1533.72 901.401 795.175 1561.19 960.121 794.036 1443.6
threshold=16.846705175829062 19.617331230798943 0.050197869634953159 18.373034009459602 16.275843258113319 16.411339423236502 0.25255206439602912 -0.053270809047041241 16.110960638906878 15.674799135655663 15.555951471921672 0.033628626677006057 15.282705728400392 3.5000000000000004
decision_type=2 2 2 2 2 2 2 2 2 2 2 8 2 2
left_child=4 2 3 -2 5 8 7 -6 9 12 -11 -12 -1 -14
right_child=1 -3 -4 -5 6 -7 -8 -9 -10 10 11 -13 13 -15
leaf_value=-4.2426033506181557e-05 0.00045403791426309618 -0.00028236435237126629 0.00062763583416417196 -0.00097451147550480931 0.00011037037634218451 0.0012545436680843297 -0.0019807212624012526 -0.0010532799939074911 -0.0020842019827891664 -0.0012772600292008064 0.0017721360404274866 0.0012422975424216944 0.0012140882221315708 -0.0027012132786601935
leaf_weight=15980273.688286304 606363.89404296875 609983.513671875 746591.2216796875 780365.59423828125 422054.08984375 398820.91528320312 750956.158203125 783240.93383789062 615843.38720703125 360293.43408203125 283522.3310546875 317098.8671875 317642.16967773438 945658.12084960938
leaf_count=33064 116 107 130 146 103 116 202 201 182 150 101 115 140 418
internal_value=-5.44991e-05 0.00110718 0.00204701 0.000272519 -0.000204996 -2.67576e-05 -0.0019561 -0.000910258 -0.000109682 -4.60373e-05 0.00135382 0.00291475 -0.000124046 -0.00133079
internal_weight=2.39187e+07 2.7433e+06 2.13332e+06 1.38673e+06 2.11754e+07 1.92192e+07 1.95625e+06 1.2053e+06 1.88203e+07 1.82045e+07 960915 600621 1.72436e+07 1.2633e+06
internal_count=35291 499 392 262 34792 34286 506 304 34170 33988 366 216 33622 558
is_linear=0
shrinkage=0.05


Tree=150
num_leaves=15
num_cat=1
split_feature=26 4 16 16 16 15 28 20 15 11 1 19 23 27
split_gain=1708.53 3871.11 1280.62 2774.39 1443.34 1240.51 1751.41 1012.91 880.644 1853.28 2178.45 818.163 1257.84 757.554
threshold=0.93301270189221952 16.699285893163054 18.650510177953056 18.52807987505204 18.472836192843562 16.972588649177059 0 -0.079788818648154985 19.272704281253588 0.03295877656462836 15.035932932970189 0.013538468270925351 2.3916062024611104 9.5000000000000018
decision_type=2 2 2 2 2 2 1 8 2 2 2 2 8 2
left_child=2 5 3 4 7 6 -2 -1 11 10 -10 -7 -13 -9
right_child=1 -3 -4 -5 -6 8 -8 13 9 -11 -12 12 -14 -15
leaf_value=-0.002846779224906722 0.0066062609616457787 0.00012124427471579163 -0.0019136935921822114 0.00027495031317810713 -0.001400379419923538 -0.0026162962254751136 0.0029132723142978323 -4.5890837948603078e-06 0.0044265246432308994 -0.0015500928489981028 0.0042955728021183718 0.0035972665978410701 -0.0012611101439959258 -0.0007014583051197801
leaf_weight=215567.07751941681 45160.591681480408 251629.67797851562 319889.27163696289 266131.44189453125 298742.18301391602 474137.84229373932 374362.02638268471 17284687.596897721 217124.63780212402 325871.91756439209 86898.98388671875 76368.124599456787 131611.33226251602 3624281.0696527958
leaf_count=318 82 47 110 99 111 707 1079 26054 316 345 35 114 190 5744
internal_value=-7.75183e-05 0.0013281 -0.000204173 -0.000157854 -0.000220883 0.000485982 0.0028527 -0.000172077 -0.000270787 0.00107723 0.0038851 -0.00151561 0.00109898 -0.000136923
internal_weight=2.39925e+07 1.98317e+06 2.20093e+07 2.16894e+07 2.14233e+07 1.73154e+06 419523 2.11245e+07 1.31201e+06 629896 304024 682117 207979 2.0909e+07
internal_count=35351 2915 32436 32326 32227 2868 1161 32116 1707 696 351 1011 304 31798
cat_boundaries=0 1
cat_threshold=64
is_linear=0
shrinkage=0.05


Tree=151
num_leaves=15
num_cat=0
split_feature=9 26 3 2 6 3 9 2 0 6 25 23 14 6
split_gain=1952.39 2870.59 3586.33 2025.25 2304.89 1484.74 1467.14 1204.01 1713.33 2692.38 1129.07 1752.21 1047.69 1142.05
threshold=0.14408993956811442 -0.68301270189221952 17.004815837258366 17.4270168375546 17.129815940530211 16.850127835172454 0.13827813384070328 16.998031306214585 16.533265774342059 16.420481291213544 0.68301270189221941 2.2945413447560106 2.3605958934882918 15.947394267288711
decision_type=2 2 2 2 2 2 2 2 2 2 2 10 10 2
left_child=1 -1 6 4 5 7 10 8 9 12 11 -3 -2 -14
right_child=3 2 -4 -5 -6 -7 -8 -9 -10 -11 -12 -13 13 -15
leaf_value=-0.00023917838189306805 8.97316194606531e-05 -0.00058369672068859016 0.00035250859590767788 -0.0009124779012016003 0.00038763396940402252 -0.0003242152378419184 0.0026263884669055285 -0.0030980700945121031 0.00077529034783283034 -0.005749175941347647 -0.0034249977961231201 0.0018730143087942492 -0.00086197954783883465 -0.003759569052703947
leaf_weight=510969.2512512207 16503056.140172482 300044.95129394531 780608.27978515625 527142.4833984375 433721.69091796875 711803.71044921875 159708.17836761475 121486.66650390625 756194.89721679688 276181.53979492188 226547.08493041992 199447.25398254395 2406979.6520550251 164276.49780273438
leaf_count=233 24618 136 134 78 77 149 90 27 189 71 189 204 9197 50
internal_value=2.48474e-05 0.00145279 0.00245812 -0.000117115 -4.16052e-05 -0.000116331 0.000280543 -3.73528e-05 -7.36798e-06 -9.86091e-05 -0.000673867 0.000654034 -2.76407e-05 -0.000966436
internal_weight=2.40782e+07 2.17732e+06 1.66636e+06 2.19008e+07 2.13737e+07 2.094e+07 885747 2.02282e+07 2.01067e+07 1.93505e+07 726039 499492 1.90743e+07 2.57126e+06
internal_count=35442 986 753 34456 34378 34301 619 34152 34125 33936 529 340 33865 9247
is_linear=0
shrinkage=0.05


Tree=152
num_leaves=15
num_cat=0
split_feature=9 24 25 19 23 0 16 21 8 9 1 16 24 11
split_gain=1306.61 3919.73 3521.93 3393.09 3072.69 4529.45 1559.68 936.125 792.323 1873.09 1147.9 824.087 792.683 1194.8
threshold=0.14408993956811442 0.97386040980592359 1.0000000180025095e-35 -0.014321172063744747 2.3158080270847505 16.846705175829062 18.650510177953056 10.603241363941821 0.089262396150043263 0.19389150937709312 15.035932932970189 15.200196524751599 8.222146695717635 0.4809343014893086
decision_type=2 8 2 2 10 2 2 10 2 2 2 2 8 2
left_child=1 3 4 -1 -3 -6 8 -4 9 -2 11 -11 -10 -14
right_child=6 2 7 -5 5 -7 -8 -9 12 10 -12 -13 13 -15
leaf_value=0.0019748067226323476 0.00032928273586740474 -0.0010136589014081668 -0.00064414026700816511 2.5148188348284096e-05 -0.00024041291176018901 0.0025569704841754597 -0.0047379449851712345 -0.0010401718396436238 -0.00014484889110094577 -0.00025545265815903371 -0.0015411073160075135 0.0049489921887713355 0.0016141815633098204 -0.0032301701316274516
leaf_weight=300222.03247070312 175337.92853546143 321291.10151672363 220878.1541519165 538947.08444213867 158694.03868103027 157756.1923828125 304053.16455078125 472901.94334411621 19063507.138061404 40554.55255818367 96488.253295898438 27183.141797065735 1790797.6082363129 385743.63215589523
leaf_count=97 104 118 203 188 180 26 101 170 29775 202 27 56 3311 727
internal_value=9.41917e-06 0.00117947 -0.000507271 0.00385586 0.00217483 0.00567189 -0.000106641 -0.00297273 -5.65364e-05 0.00233963 -0.00149749 0.00349162 -9.48438e-05 0.000809139
internal_weight=2.40544e+07 2.17069e+06 1.33152e+06 839169 637741 316450 2.18837e+07 693780 2.15796e+07 339564 164226 67737.7 2.124e+07 2.17654e+06
internal_count=35285 982 697 285 324 206 34303 373 34202 389 285 258 33813 4038
is_linear=0
shrinkage=0.05


Tree=153
num_leaves=15
num_cat=3
split_feature=27 29 19 19 2 15 28 24 25 8 14 28 25 21
split_gain=884.047 1908.69 2317.19 2818.93 5902.93 2721.26 2535.71 4543.17 4921.73 2532.51 1759.12 1338.23 1588.34 1994.11
threshold=9.5000000000000018 0 -0.029986948250196144 -0.018468429717034846 16.536166990069358 19.234941184331863 1 1.4547165740020251 0.25000000000000011 0.17828053230487115 -0.28520952773682084 2 -0.24999999999999997 10.580695250462366
decision_type=2 1 2 2 2 2 1 10 2 2 10 1 2 10
left_child=1 2 -1 4 -4 6 7 -5 -9 -7 -2 12 -12 -14
right_child=10 -3 3 5 -6 9 -8 8 -10 -11 11 -13 13 -15
leaf_value=-0.00026058555765946632 0.0065650614116308324 -5.2446606498988095e-05 0.00010900627570550634 -0.0016017203216114183 0.0018036075493477598 0.00042263217961530639 -0.0041365655625343117 0.0024127274771487913 -4.0606726311614209e-05 0.00050271443097738 -0.0046667248562290769 -3.9524636377930037e-05 0.00075404111693839072 -0.0038530247611589861
leaf_weight=519566.31729507446 70721.544740200043 15093459.412120461 274425.00752258301 275901.0712890625 202608.8759765625 273829.2001953125 606247.55657958984 252802.42930555344 324290.26048851013 267698.93359375 1129782.7805799246 4121100.9925503731 251159.77499294281 341565.34720134735
leaf_count=386 171 24518 294 98 33 54 675 114 163 337 1666 6123 483 351
internal_value=-1.11052e-05 0.000162387 0.00131486 0.00195147 0.00540531 0.00112799 4.66503e-06 0.0017618 0.0042849 0.00415497 -0.000541784 -0.000636648 -0.00180701 0.000289176
internal_weight=2.40052e+07 1.80908e+07 2.99737e+06 2.4778e+06 477034 2.00077e+06 1.45924e+06 852994 577093 541528 5.91433e+06 5.84361e+06 1.72251e+06 592725
internal_count=35466 26672 2154 1768 327 1441 1050 375 277 391 8794 8623 2500 834
cat_boundaries=0 1 2 3
cat_threshold=80 556 562
is_linear=0
shrinkage=0.05


Tree=154
num_leaves=15
num_cat=2
split_feature=9 6 16 23 18 16 0 7 0 8 18 28 28 12
split_gain=1827.62 2493.66 2179.95 5464.91 2883.82 2800.66 2081.63 1967.96 1566.81 1421.4 1578.91 948.433 892.478 733.281
threshold=0.14408993956811442 17.353540390897464 17.068592372900032 2.5830001599057755 0.33393650432655747 18.287152929951038 17.419860989426706 17.114749279343759 15.258203301366658 0.089262396150043263 0.65010937757942289 0 1 7.5000000000000009
decision_type=2 2 2 10 10 2 2 2 2 2 10 1 1 2
left_child=2 6 8 4 5 -4 7 9 12 10 11 -2 -1 -11
right_child=1 -3 3 -5 -6 -7 -8 -9 -10 13 -12 -13 -14 -15
leaf_value=-0.0016291530264631792 0.00023741630413508537 -0.0016234435279532903 0.00057206852409396973 0.0017967341207876736 -0.00070983172035185907 -6.2329643697337734e-05 0.00030459096989933466 -0.0011484401728460989 -0.0047749188671244889 0.010022170852458073 0.0023787758098473637 -0.003010603864120419 0.0040743970628768465 -7.4972336134117922e-05
leaf_weight=102079.15659332275 74037.694885253906 502249.84375 344740.23268127441 382417.46597290039 409133.93017578125 539204.95881652832 97567.12158203125 314515.890625 199558.44555664062 312799.77126204967 72525.909309387207 96218.8267608881 131770.26007080078 20210736.991438866
leaf_count=266 34 74 107 106 71 165 17 56 64 2715 73 249 179 31077
internal_value=9.90372e-06 -0.000126779 0.00141507 0.00223267 0.000679761 0.00228619 -4.42004e-05 -7.79239e-05 -0.00174566 -1.84707e-05 0.00378488 0.00115319 0.00103147 -6.34623e-05
internal_weight=2.37896e+07 2.16807e+07 2.1089e+06 1.6755e+06 1.29308e+06 883945 2.11784e+07 2.10808e+07 433408 2.07663e+07 242782 170257 233849 2.05235e+07
internal_count=35253 34295 958 449 343 272 34221 34204 509 34148 356 283 445 33792
cat_boundaries=0 1 2
cat_threshold=768 35
is_linear=0
shrinkage=0.05


Tree=155
num_leaves=15
num_cat=0
split_feature=2 19 27 3 4 24 9 11 10 7 14 5 0 14
split_gain=1143.98 1634.05 1776.69 1462.1 1422.8 1597.01 1424.95 1291.56 1305.38 809.3 1013.42 1073.48 1076.83 1002.29
threshold=16.998031306214585 -0.015044224044914999 8.5000000000000018 16.537870894875581 16.411339423236502 2.4100052801830851 0.099641508914028162 -0.006194589326005499 -0.06266696150018089 10.99314397631778 2.3605958934882918 15.162556046834117 14.784012551617112 1.2040409207443428
decision_type=2 2 2 2 2 10 2 2 2 2 10 2 2 10
left_child=3 -2 -3 4 6 -6 -1 8 -5 -8 13 12 -12 -11
right_child=1 2 -4 7 5 -7 9 -9 -10 10 11 -13 -14 -15
leaf_value=0.0017754257463804967 0.00015370816373502916 9.0286578381615641e-05 -0.00056580808537544575 -0.00058101106905526453 -0.00027316511641079161 0.0014068397617910163 0.0028290932655648791 -0.00045921899841181232 0.00027126567076198282 -0.0010197905550224794 -0.0019830300590529494 -0.0025597764585831178 0.0011905068440610856 5.4009774895739796e-05
leaf_weight=69841.934097290039 692556.150390625 828928.76806640625 618414.22265625 453713.8251953125 366985.67114257812 371466.765625 1600479.0414190292 720799.6357421875 445811.03930664062 5468806.3449859619 1263169.8480377197 465290.90759277344 202504.37756347656 10211307.604476929
leaf_count=214 119 142 110 101 101 105 13557 168 101 7694 2078 190 112 10458
internal_value=-9.26768e-05 0.00101015 5.43893e-05 -0.00020173 -8.48075e-05 0.00206906 -0.000167298 -0.00164636 -0.000382712 -0.000193215 -0.000291045 -0.00137188 -0.000707639 -0.000157944
internal_weight=2.37801e+07 2.1399e+06 1.44734e+06 2.16402e+07 2.00199e+07 738452 1.92814e+07 1.62032e+06 899525 1.92116e+07 1.76111e+07 1.93097e+06 1.46567e+06 1.56801e+07
internal_count=35250 371 252 34879 34509 206 34303 370 202 34089 20532 2380 2190 18152
is_linear=0
shrinkage=0.05


Tree=156
num_leaves=15
num_cat=1
split_feature=14 18 4 4 22 14 5 18 14 29 5 8 3 7
split_gain=966.899 1406.11 1429.54 1331.42 1258.59 1039.06 2004.95 1344.87 1257.3 6324.94 2337.43 2091.31 2464.35 3692.52
threshold=2.5488756558522159 0.015633687979700852 14.164145426171595 15.108937352739096 21.040452452046065 1.4827868927226631 16.625604377944345 0.21376986272169909 1.526093400234056 0 17.377938260320832 0.16757110848279974 17.169510099143395 16.807051060811158
decision_type=10 10 2 2 2 10 2 10 10 1 2 2 2 2
left_child=1 2 4 -2 -1 6 -3 -7 9 -9 11 12 13 -10
right_child=3 5 -4 -5 -6 7 -8 8 10 -11 -12 -13 -14 -15
leaf_value=0.0026780972184758381 -0.0016441882645144982 -0.00038414465231718535 0.010009918465932133 -0.0037602935704937586 0.018172037758544795 -0.00022518943624394972 -0.0033067007517409864 0.0031295102709124447 0.0020856712690656451 0.00044005830349634633 -0.00011615431655099306 -2.7401035767009184e-05 0.001333061964972981 -3.7116132381484045e-05
leaf_weight=1121184.3139250278 1156833.5324294567 10499789.527928591 29195.064880371094 213906.87561035156 102276.67545890808 4060090.914993763 321176.14135742188 133563.30197143555 752257.2297744751 494400.0628259182 730970.052734375 2870020.3730397224 345330.19677734375 939625.14599609375
leaf_count=5663 7379 13818 26 79 281 4497 68 71 349 440 106 2244 64 190
internal_value=-8.70317e-05 -8.14654e-06 0.00161953 -0.00137613 0.00135861 -0.000104562 -0.000446938 0.000254216 0.000713526 0.00283575 0.00047716 0.000870076 0.00209521 0.00130955
internal_weight=2.37706e+07 2.23999e+07 1.25266e+06 1.37074e+06 1.22346e+06 2.11472e+07 1.0821e+07 1.03263e+07 6.26617e+06 627963 5.6382e+06 4.90723e+06 2.03721e+06 1.69188e+06
internal_count=35275 27817 5970 7458 5944 21847 13886 7961 3464 511 2953 2847 603 539
cat_boundaries=0 1
cat_threshold=84
is_linear=0
shrinkage=0.05


Tree=157
num_leaves=15
num_cat=0
split_feature=22 4 4 19 22 8 22 19 15 0 21 4 19 21
split_gain=848.026 2050.25 1501.57 1461.27 2989.91 2097.61 1731.1 2741.86 2062.52 3269.56 1628.18 1591.64 1698.14 1483.94
threshold=18.655332724125884 16.699285893163054 16.411339423236502 -0.014024481491092899 18.658161243182583 0.089262396150043263 19.623793835603895 -0.021836054212983447 18.144199797102726 16.994451200594245 10.631555854924844 16.554399131064109 -0.029986948250196144 10.575700988984993
decision_type=2 2 2 2 2 2 2 2 2 2 10 2 2 10
left_child=1 2 -1 5 -5 -2 8 11 9 10 -7 12 -8 -10
right_child=3 -3 -4 4 -6 6 7 -9 13 -11 -12 -13 -14 -15
leaf_value=-0.00011482895160957515 0.0011185733227452946 -0.00018540988780298094 0.00070773705971041777 0.00068238207977808826 -4.8406826978995771e-05 0.0011834955843211881 0.0038446530872307755 0.0004691676570230507 0.00082459782973651077 0.0020991434868758729 -0.0045424923847490707 -0.0011304918078649472 -0.0048650375007018246 -0.0014023974710484464
leaf_weight=16777793.656742215 234489.47749710083 778225.04223632812 554084.2783203125 183386.94976806641 3363771.7152216434 442534.72937369347 205416.04891967773 220679.8254776001 195551.98676872253 109636.9755859375 238691.61669921875 150550.77490234375 103674.77374267578 378722.6572265625
leaf_count=29997 99 171 150 93 3038 808 208 169 240 21 174 28 111 67
internal_value=-2.49772e-05 -0.000193789 -8.10585e-05 0.000499675 -0.000135116 0.00148729 0.000973794 0.00303427 -5.30506e-05 0.00160306 0.000313337 0.00083485 0.00288828 -0.00233377
internal_weight=2.39372e+07 1.81101e+07 1.73319e+07 5.82711e+06 3.54716e+06 2.27995e+06 2.04546e+06 680321 1.36514e+06 790863 681226 459642 309091 574275
internal_count=35374 30318 30147 5056 3131 1925 1826 516 1310 1003 982 347 319 307
is_linear=0
shrinkage=0.05


Tree=158
num_leaves=15
num_cat=1
split_feature=3 10 15 9 20 0 6 16 28 11 15 10 15 21
split_gain=978.954 955.82 2343.51 1883.29 1234.1 1196.44 1633.52 1091.7 1561.18 1056.96 986.895 1002.61 986.88 1701.26
threshold=7.8971053607406363 -0.17874613158417221 19.435665480687568 0.22873494940835284 -0.081572427356806532 16.994451200594245 16.420481291213544 16.663968123073094 0 -0.091491685565548736 19.426673924651187 0.029856275999582804 19.406561740727586 10.597509584741148
decision_type=2 2 2 2 8 2 2 2 1 2 2 2 2 8
left_child=-1 2 3 -2 -3 6 7 -5 9 -9 12 -12 -6 -14
right_child=1 4 -4 5 10 -7 -8 8 -10 -11 11 -13 13 -15
leaf_value=0.0065778008500953083 -0.002914642167460024 -0.0052634951976361626 0.010094620300969035 -0.0013195262211521915 1.1727546649645051e-05 0.00040076580569130141 -0.0046244720362573375 0.0021716254053772382 -0.0032988575688045808 0.0029841929718485462 0.00039053286782827199 -0.0032899372808281647 -7.6514307965773671e-05 0.001949790592534242
leaf_weight=797545.56602919102 494328.16415405273 139059.85869216919 72642.302963256836 4364737.7680168152 15957950.347568512 93857.78466796875 295919.35961914062 183779.56956481934 313486.18595123291 239090.95983886719 169902.2416229248 375601.70832061768 215181.16306304932 144577.17919921875
leaf_count=6675 224 134 100 7962 18662 15 62 108 483 145 123 315 201 71
internal_value=-8.1312e-05 -0.000140876 -0.000680165 -0.000788508 5.12706e-05 -0.000522389 -0.00061972 -0.000410207 0.00137063 0.00335283 8.99538e-05 -0.00200207 0.00015989 0.00274963
internal_weight=2.38577e+07 2.30601e+07 6.05784e+06 5.9852e+06 1.70023e+07 5.49087e+06 5.39701e+06 5.10109e+06 736357 422871 1.68632e+07 545504 1.63177e+07 359758
internal_count=35280 28605 9099 8999 19506 8775 8760 8698 736 253 19372 438 18934 272
cat_boundaries=0 1
cat_threshold=608
is_linear=0
shrinkage=0.05


Tree=159
num_leaves=15
num_cat=0
split_feature=6 7 19 17 5 18 4 18 10 25 15 2 7 26
split_gain=1201.95 2569.46 785.507 1244.15 965.273 765.706 2766.85 1484.39 1932.92 2125.91 2032.06 1982.45 1798.33 1457.46
threshold=17.353540390897464 17.375687477891912 0.063808042190683562 0.0090725539372127507 14.028853444085732 0.47436460484201598 16.856164222692549 0.99328163619654319 0.29758382775973141 1.0000000180025095e-35 19.426673924651187 16.688037161790731 16.807051060811158 0.25000000000000017
decision_type=2 2 2 2 2 8 2 10 2 2 2 2 2 2
left_child=1 2 5 4 -4 13 7 8 9 10 11 -7 -11 -1
right_child=-2 -3 3 -5 -6 6 -8 -9 -10 12 -12 -13 -14 -15
leaf_value=0.00012290413160863096 -0.00010839345842749142 0.00022282488364168138 -0.0007687454739436115 -0.0031496416239011542 0.014589985206382558 0.0026336038059037044 -0.0038961515503296764 -5.6069584316454002e-05 -0.0026202393742268582 0.0011065886372135588 -0.0025807170026394704 0.0025052633364556994 -0.0034057543555947884 -0.00078194748061386106
leaf_weight=7052258.6148569584 950883.4931640625 129981.83544921875 140046.75600075722 348944.4755859375 42492.195251464844 1764354.6459102631 373632.787109375 4873512.7568972111 482550.82175636292 2029362.3153305054 185855.54302978516 127601.6298828125 143502.96728515625 5272406.8179265261
leaf_count=13145 138 21 475 286 35 1655 82 6796 568 1840 127 28 31 9994
internal_value=-3.56101e-05 3.65128e-05 -3.38693e-06 -0.00190309 0.00144164 4.18792e-05 0.000367426 0.000531608 0.00116227 0.00150271 0.00264619 0.00313627 0.000409258 -0.000221745
internal_weight=2.39174e+07 2.29665e+07 2.28365e+07 531483 182539 2.2305e+07 9.98037e+06 9.60674e+06 4.73323e+06 4.25068e+06 2.07781e+06 1.89196e+06 2.17287e+06 1.23247e+07
internal_count=35221 35083 35062 796 510 34266 11127 11045 4249 3681 1810 1683 1871 23139
is_linear=0
shrinkage=0.05


Tree=160
num_leaves=15
num_cat=0
split_feature=11 2 22 24 19 24 26 16 10 15 4 24 0 19
split_gain=820.994 1557.76 1474.7 1271.5 1860.58 958.674 923.16 2072.01 3176.8 4667.09 1925.86 1785.73 2963.17 1684.89
threshold=0.22968596109529832 15.399337048882799 16.269365687904777 8.222146695717635 0.050069976757008208 2.7608734536968202 -0.5 16.614160736749827 -0.11064892216066544 18.079377068978296 17.179119157328174 2.4883974610312305 16.846705175829062 0.041274684494610407
decision_type=2 2 2 10 2 10 2 2 2 2 2 10 2 2
left_child=3 2 -2 6 -5 -3 7 -1 9 -9 11 12 13 -10
right_child=1 5 -4 4 -6 -7 -8 8 10 -11 -12 -13 -14 -15
leaf_value=-0.00021414223704050323 -0.0034777275275164731 -0.00018025301045347027 0.00082806406108892861 0.0019580683561130833 0.003923368956533343 -0.0045124689230818969 -9.3469759648202573e-05 0.00049391874527996067 0.0022743389640309283 0.0012306111862828504 -0.0005708916450620137 -0.00089214824489482376 0.0011701027552889422 -0.00056133282338257338
leaf_weight=3695315.2041380405 1442459.0823316574 568496.48559570312 2539659.8344951868 875896.01456856728 65470.509574890137 435662.34167480469 11978789.763046503 441765.3860168457 516193.18645477295 190758.23516845703 382995.41552734375 315909.01146697998 265226.08984375 148446.36957550049
leaf_count=6837 3965 174 5157 1841 89 148 16025 320 361 53 62 170 54 96
internal_value=-5.84968e-05 -0.000629124 -0.000185336 9.22338e-05 0.00188342 -0.00238902 -1.77931e-06 0.000506919 0.00169902 0.00470633 0.00053115 0.00148445 0.00258784 0.000804834
internal_weight=2.3863e+07 4.98628e+06 3.98212e+06 1.88768e+07 941367 1.00416e+06 1.79354e+07 5.95661e+06 2.26129e+06 632524 1.62877e+06 1.24577e+06 929866 664640
internal_count=35352 9444 9122 25908 1930 322 23978 7953 1116 373 743 681 511 457
is_linear=0
shrinkage=0.05


Tree=161
num_leaves=15
num_cat=0
split_feature=4 4 14 8 8 24 5 9 26 8 14 23 21 19
split_gain=1173.46 2099.4 2148.95 4718.53 3863.47 4997.82 1531.91 1410.49 1215.17 650.562 736.736 1677.14 1291.17 963.492
threshold=16.411339423236502 17.179119157328174 1.6737228477172126 0.13271539659187379 0.1520367391642001 1.6185599954412302 16.208499887276016 0.26367395320874026 -0.24999999999999997 0.096489678386156755 2.2403679997295005 2.1446652958436307 9.2713364699917058 -0.015044224044914999
decision_type=2 2 10 2 2 10 2 2 2 2 10 10 10 2
left_child=6 2 3 -2 -4 -6 9 -8 -3 10 11 -1 13 -13
right_child=1 8 4 -5 5 -7 7 -9 -10 -11 -12 12 -14 -15
leaf_value=0.0022910533192361054 -0.00072528377602513799 9.8942210031314554e-06 0.00144115437640744 0.0015077279366414701 -0.00044691075988282199 0.00073094715148580287 -4.9121520368601947e-05 -0.0014005935994009229 -0.00010254603869671848 5.1671983790536374e-05 -0.00072501182895973442 0.0092282809055762617 -0.0013983717507911682 0.0021613030482021743
leaf_weight=65357.661727905273 573173.91625976562 732944.56884765625 550958.57006835938 630123.41650390625 470525.19165039062 506328.37329101562 570445.94946289062 440122.14013671875 862171.84301757812 18229918.831077576 116261.89456987381 34728.295896410942 76961.321998596191 61758.562758207321
leaf_count=107 129 120 116 167 101 115 162 128 138 33533 224 93 68 204
internal_value=0.000149882 0.000895183 0.00173695 0.000156565 0.00298165 0.00109336 -1.46622e-05 -0.00191052 -0.000546058 8.8426e-05 0.0022081 0.00379726 0.00122511 0.00507794
internal_weight=2.39218e+07 4.32623e+06 2.73111e+06 1.2033e+06 1.52781e+06 976854 1.95956e+07 1.01057e+06 1.59512e+06 1.8585e+07 355068 238806 173448 96486.9
internal_count=35405 886 628 296 332 216 34519 290 258 34229 696 472 365 297
is_linear=0
shrinkage=0.05


Tree=162
num_leaves=15
num_cat=0
split_feature=27 17 18 17 4 18 7 21 15 4 23 23 10 24
split_gain=945.356 2345.47 2129.35 3667.33 2063.34 1491.38 1692.28 1215.16 1279.73 3262.34 1121.88 1076.81 1064.39 1037.48
threshold=9.5000000000000018 0.50349840709625271 0.75196990740825687 0.076896555096637467 13.532792254310969 0.34334564190055755 12.629952945651462 9.4648677230992835 19.299471307164911 15.161894767434768 0.27521096291274455 3.2343031096144554 0.59461324312808783 23.043396053732206
decision_type=2 2 8 2 2 10 2 10 2 2 10 10 2 10
left_child=12 2 4 7 5 -2 -7 -4 9 -9 -10 -6 13 -1
right_child=1 -3 3 -5 11 6 -8 8 10 -11 -12 -13 -14 -15
leaf_value=4.7190168038379232e-06 -0.00098888930910834196 0.0028018005118671243 -0.0010882573011536012 0.00076842174886618654 -0.00064928513643654575 -0.0052156738305698148 0.01500694015145254 0.00055516812050640334 0.0016163389737298244 0.010109564606593796 -0.0007999910760670562 -0.0047248170926766156 0.0074139777428894292 0.0058650237446918815
leaf_weight=17506903.793323994 1249152.8860536814 136950.91949462891 1065562.085231781 141352.78430175781 1747408.5313110352 68323.061496734619 78080.478515625 210143.28740811348 103126.30912780762 78725.736694335938 371935.37955474854 627218.63034057617 298036.16590178013 298549.72718238831
leaf_count=24814 4809 64 1474 50 772 214 94 385 119 34 350 380 1410 386
internal_value=-6.11062e-05 -0.000612037 -0.000766299 0.000565547 -0.00146251 6.32885e-05 0.00483773 -3.39752e-05 0.00148792 0.0041123 -0.000107883 -0.00235922 0.000117774 6.81724e-05
internal_weight=2.39815e+07 5.87798e+06 5.74103e+06 1.97085e+06 3.77018e+06 1.39556e+06 146404 1.82949e+06 763931 288869 475062 2.37463e+06 1.81035e+07 1.78055e+07
internal_count=35355 8745 8681 2412 6269 5117 308 2362 888 419 469 1152 26610 25200
is_linear=0
shrinkage=0.05


Tree=163
num_leaves=15
num_cat=0
split_feature=16 9 15 18 0 20 23 20 26 4 19 1 16 9
split_gain=952.823 3370.33 933.235 898.887 2311.52 924.029 1309.25 1156.86 1137.15 904.479 943.784 1415.64 1261.7 1363.55
threshold=18.52807987505204 0.25255206439602912 19.481300746944999 0.059903577665432604 15.083257211136289 -0.053432676894982038 2.8694399824600154 -0.076544173137655838 -0.5 17.179119157328174 -0.026476018212164797 16.997225798689893 15.745620925059493 0.25255206439602912
decision_type=2 2 2 10 2 8 10 10 2 2 2 2 2 2
left_child=2 -2 3 4 -1 6 8 -8 -5 10 11 12 -7 -14
right_child=1 -3 -4 5 -6 9 7 -9 -10 -11 -12 -13 13 -15
leaf_value=0.00088622255238855448 0.001452224190660354 -0.0035664801911258121 0.00027900707385215958 0.00065594859910041961 0.0033729368861054655 -0.00079236749465538044 -0.00010905951706606779 0.0039260909372112506 -0.00022009743343095404 -0.00018598132208532447 -3.448730718642692e-05 0.0027458786109816613 -0.0002795393990768056 -0.0033559212750980949
leaf_weight=3910977.4966441393 358049.61376953125 323601.23934936523 77369.648101806641 174619.62609100342 82821.054504394531 1783077.1065773964 95230.238082885742 128684.10865402222 242571.14513397217 1109792.2136230469 14339497.064577818 101299.05859375 569072.24658203125 604550.61950683594
leaf_count=15641 114 137 77 160 45 2774 96 146 154 182 15241 20 211 301
internal_value=-5.23883e-05 0.00179013 -0.000106479 -0.000124807 0.000557522 -0.000267121 0.00159906 0.00468326 -5.62952e-05 -0.000331767 -0.000243484 -0.00104095 -0.00124007 -0.00251318
internal_weight=2.39012e+07 681651 2.32196e+07 2.31422e+07 3.9938e+06 1.91484e+07 641105 223914 417191 1.85073e+07 1.73975e+07 3.058e+06 2.9567e+06 1.17362e+06
internal_count=35299 251 35048 34971 15686 19285 556 242 314 18729 18547 3306 3286 512
is_linear=0
shrinkage=0.05


Tree=164
num_leaves=15
num_cat=1
split_feature=16 16 7 1 0 7 8 17 14 17 0 29 15 11
split_gain=1131.72 953.453 1107.67 4052.49 2446.23 2231.96 1780.98 923.626 1015.54 1192.17 882.901 1423.02 841.087 1426.7
threshold=18.650510177953056 18.52807987505204 16.984761516005801 16.997225798689893 16.846705175829062 16.807051060811158 0.14483486216721952 0.0043311947593818508 2.5488756558522159 0.049850378631076352 13.637668239767079 0 19.336993047618346 0.089721752286378006
decision_type=2 2 2 2 2 2 2 2 10 2 2 1 2 2
left_child=1 2 3 4 5 7 -4 10 12 -10 -1 -12 -9 -14
right_child=-2 -3 6 -5 -6 -7 -8 8 9 -11 11 -13 13 -15
leaf_value=0.00090435728113276177 -0.0030596410032234086 0.00029606037296556512 -3.3489445954664704e-07 0.00040534098812024325 0.0002207998729743037 -0.0033254456841265638 -0.000105299553276298 1.0544181291813934e-06 -0.0015591339609316703 -0.0031438311834809311 0.0014779977309867284 0.010736035495301445 0.00048206693272976817 -0.0032496479810223294
leaf_weight=4441637.2007051706 320300.95178222656 378596.57827758789 1137046.9604492188 186242.38500976562 353357.8466796875 229624.9384765625 765376.03173828125 12740718.445785522 689596.24041748047 273656.00537109375 370352.73788452148 165693.29217529297 809994.50067138672 805190.66101074219
leaf_count=17419 115 131 198 41 81 50 134 12432 2875 235 434 192 434 434
internal_value=-6.5456e-05 -2.49587e-05 -6.59815e-05 3.83635e-05 -2.71326e-05 -9.81402e-05 -0.00122142 -4.26839e-05 -0.000234949 -0.00180657 0.000549024 0.00246585 -0.000129496 -0.00120438
internal_weight=2.36674e+07 2.33471e+07 2.29685e+07 2.10661e+07 2.08798e+07 2.05265e+07 1.90242e+06 2.02968e+07 1.53192e+07 963252 4.97768e+06 536046 1.43559e+07 1.61519e+06
internal_count=35205 35090 34959 34627 34586 34505 332 34455 16410 3110 18045 626 13300 868
cat_boundaries=0 1
cat_threshold=70
is_linear=0
shrinkage=0.05


Tree=165
num_leaves=15
num_cat=0
split_feature=16 9 16 18 15 0 22 2 0 20 20 23 20 16
split_gain=1750.06 2360.42 1094.1 1084.45 1208.94 1001.47 1102.11 887.873 894.332 805.847 1402.51 1553.22 1407.54 1046.32
threshold=18.52807987505204 0.25255206439602912 18.472836192843562 0.031602584723019307 15.42527066732905 14.977525524734654 21.06749716986349 14.521680106044606 14.659802400187553 0.051175608101022757 0.11180802583185616 3.1499754584058057 0.058363286076296809 14.806342643953586
decision_type=2 2 2 10 2 2 2 2 2 10 10 10 10 2
left_child=2 -2 3 4 -1 6 7 8 -6 -5 11 13 -13 -11
right_child=1 -3 -4 9 5 -7 -8 -9 -10 10 -12 12 -14 -15
leaf_value=-0.001128767920574917 0.0015005407584273696 -0.0003850971412682208 -0.0012763901423378185 -7.8313579463470744e-05 0.0040655672983575452 0.007952826576562223 0.015811266958244998 -0.0047903599195912713 0.010614961705594341 0.00058492275479805553 0.0010156985316222247 -0.0046262909336231761 0.0024603299786603383 -0.0033670190295234355
leaf_weight=952475.73117756844 340813.79541015625 326867.22720336914 331164.32461547852 19283506.656888962 1499834.6450945139 24763.338806152344 22407.120788574219 88443.820617675781 21087.021728515625 146588.32843494415 118753.38516426086 128074.33674812317 182134.07600593567 575530.96282958984
leaf_count=5138 110 130 127 21572 7209 16 38 61 15 335 111 101 179 285
internal_value=-0.000162867 0.00236117 -0.000234964 -0.000193955 0.000765986 0.00158212 0.00143067 0.00127734 0.00156055 -0.000316517 -0.00160167 -0.00219361 0.00076546 -0.00346478
internal_weight=2.40424e+07 667681 2.33748e+07 2.30436e+07 2.60901e+06 1.65654e+06 1.63177e+06 1.60937e+06 1.52092e+06 2.04346e+07 1.15108e+06 1.03233e+06 310208 722119
internal_count=35427 240 35187 35060 12477 7339 7323 7285 7224 22583 1011 900 280 620
is_linear=0
shrinkage=0.05


Tree=166
num_leaves=15
num_cat=0
split_feature=21 26 16 4 14 9 15 15 15 15 21 23 14 2
split_gain=1167.48 1857.37 1482.65 2107.67 1424.4 1681.1 2064.12 1393.15 1794.4 4327.96 3923.31 2026.58 1692.35 3015.35
threshold=10.482047616024342 -0.5 16.138737299905305 14.859122363191213 2.4100205239217067 0.14408993956811442 18.105021256033268 19.363417049936697 18.079377068978296 18.213786588105226 10.836836505858395 1.8314146023859552 1.6737228477172126 14.884031844980957
decision_type=10 2 2 2 10 2 2 2 2 2 10 8 8 2
left_child=-1 7 3 -3 5 -4 -7 8 -2 10 -10 12 13 -11
right_child=1 2 4 -5 -6 6 -8 -9 9 11 -12 -13 -14 -15
leaf_value=8.2660011014817474e-05 -0.00017466075010469677 -0.0017553119709432072 1.4785314626300072e-05 0.0013594067962826965 -0.0024630884445493014 -0.00012629673374863281 -0.0010778095041382879 -0.0029023863023159538 0.0017729988393229458 0.0005507122990790769 0.0012896327069875633 -7.2509233816734373e-05 -0.0001554753548389555 0.0024537651388285113
leaf_weight=12594276.311219096 1768900.8429389 2554009.3147249222 955014.50170898438 605801.54278564453 774325.38265609741 1480674.7852363586 1128347.9604721069 218007.49798583984 144036.44216537476 192277.79758238792 127030.55793380737 951640.28736591339 134261.04404497147 157585.951171875
leaf_count=22652 2876 5761 203 300 560 1302 333 133 128 230 92 566 88 47
internal_value=-0.000136169 -0.000507761 -0.000959849 -0.000136005 -0.00155989 -0.0011376 -0.00179459 0.000409963 0.000653154 0.0018097 0.00760425 0.000715713 0.00334942 0.00518074
internal_weight=2.37862e+07 1.11919e+07 7.49817e+06 3.15981e+06 4.33836e+06 3.56404e+06 2.60902e+06 3.69374e+06 3.47573e+06 1.70683e+06 271067 1.43577e+06 484125 349864
internal_count=35271 12619 8459 6061 2398 1838 1635 4160 4027 1151 220 931 365 277
is_linear=0
shrinkage=0.05


Tree=167
num_leaves=15
num_cat=0
split_feature=17 14 24 11 22 11 8 19 17 1 1 11 17 22
split_gain=1243.65 2567.79 4082.52 3371.55 2072.17 1669.16 1390.13 4681.03 2772.98 1759.09 1773.29 1319.01 1077.87 1403.77
threshold=0.22590751642309662 2.1961228505741492 1.4547165740020251 -0.081365541474151579 18.661337889755632 -0.15743787092571618 0.064852118826147817 -0.015250994280609949 0.20745471349918651 17.423965936235351 16.8486284102338 -0.26664551351803467 0.14864806091691327 18.23660098240634
decision_type=2 10 10 2 2 2 2 2 2 2 2 2 2 2
left_child=6 5 4 -4 -3 11 7 -1 9 10 12 -2 13 -8
right_child=1 2 3 -5 -6 -7 8 -9 -10 -11 -12 -13 -14 -15
leaf_value=0.001861735398083094 -0.00010702741428025534 0.00013293823514911877 0.00013718748187092661 0.00083749147592613097 -0.0010091596254737552 -0.00050490340534014514 -0.00016227342858094254 -0.00088938339099107208 -0.00018585388911931551 0.00065776045193152374 -0.00063188741982165338 0.0010649733338572397 -0.00094493210234213921 0.00079261219137935718
leaf_weight=105762.74026954174 165993.67651367188 478968.94091796875 471720.38940429688 479948.74072265625 509355.34716796875 1292204.0114135742 14799382.579156756 179062.9859764576 333110.77667236328 165363.66650390625 680839.07006835938 164043.75695800781 870348.94573974609 3143056.0943443775
leaf_count=142 113 122 104 117 102 575 27130 298 127 26 132 93 533 5690
internal_value=-1.96283e-05 0.000841985 0.00206955 0.00440699 -0.000181196 -0.00062603 -0.000170996 0.00329746 -0.000220411 -0.000143758 -0.00018732 0.00254752 -9.65987e-05 -1.32435e-05
internal_weight=2.38392e+07 3.56223e+06 1.93999e+06 951669 988324 1.62224e+06 2.02769e+07 284826 1.99921e+07 1.9659e+07 1.94936e+07 330037 1.88128e+07 1.79424e+07
internal_count=35304 1226 445 221 224 781 34078 440 33638 33511 33485 206 33353 32820
is_linear=0
shrinkage=0.05


Tree=168
num_leaves=15
num_cat=1
split_feature=28 17 11 7 22 4 26 14 14 24 1 2 24 14
split_gain=728.403 836.121 862.784 814.737 742.305 3176.07 3066.52 2272.43 3735.8 4358.05 1729.94 1563.68 1994.57 2943.15
threshold=0 0.0090725539372127507 -0.35310831918301216 10.355783114954523 18.659886519154533 17.017299882291177 1.0000000180025095e-35 2.3234707154231535 1.6585201849418711 1.6258859869717301 16.997225798689893 16.998031306214585 1.4321253711642201 2.3894900308271798
decision_type=1 2 2 2 2 2 2 10 10 8 2 2 10 10
left_child=1 2 -1 -2 5 10 11 8 -8 -10 -5 12 -6 -14
right_child=3 -3 -4 4 6 -7 7 -9 9 -11 -12 -13 13 -15
leaf_value=0.011517128717884868 0.010910008342442037 -0.0012738117258868291 -0.00056970111557855371 -0.00012358963292011179 -0.0015230147387039501 -0.00094180898630111395 -0.00019269468217613642 -0.0030176303005338048 0.0021674582963367999 -5.1728858606019635e-06 0.0014327724069739581 0.00022219718823921983 0.00025083692355079909 0.0045717635644427785
leaf_weight=128275.03600358963 458167.46712863445 2325622.1728363037 460680.65919685364 15850524.149215698 368276.01165771484 527542.91650390625 940546.84515380859 770196.41995239258 221253.81127929688 250528.90960693359 101700.82543945312 744018.81396484375 809008.5075378418 198232.3680267334
leaf_count=1161 5658 4726 3827 17818 169 101 612 261 65 165 22 123 675 123
internal_value=-0.000119786 -0.000861002 0.000821844 -1.80751e-05 -6.40554e-05 -0.000216735 0.000520811 -0.000794702 0.000396726 0.00402762 -9.05069e-05 0.00187542 0.000876608 0.00202789
internal_weight=2.41546e+07 2.91458e+06 588956 2.124e+07 2.07818e+07 1.64798e+07 4.30206e+06 2.18253e+06 1.41233e+06 471783 1.59522e+07 2.11954e+06 1.37552e+06 1.00724e+06
internal_count=35506 9714 4988 25792 20134 17941 2193 1103 842 230 17840 1090 967 798
cat_boundaries=0 1
cat_threshold=25
is_linear=0
shrinkage=0.05


Tree=169
num_leaves=15
num_cat=0
split_feature=22 22 19 26 20 0 24 9 3 5 0 24 17 4
split_gain=1354.78 3465.32 2501.65 2617.68 1834.76 1735.36 1044.02 2076.03 2019.01 2395.31 2277.91 1583.84 1426.94 2174.17
threshold=19.617331230798943 19.607205262989968 0.010748464346764752 1.0000000180025095e-35 1.0000000180025095e-35 17.419860989426706 0.88970295594175008 0.13067246360888676 17.441669403438507 16.320212067152102 16.273039820797113 0.12805959700701952 0.033422580751823257 15.161894767434768
decision_type=2 2 2 2 8 2 10 2 2 2 2 8 2 2
left_child=1 5 3 4 -2 6 7 -1 9 10 11 12 13 -9
right_child=2 -3 -4 -5 -6 -7 -8 8 -10 -11 -12 -13 -14 -15
leaf_value=0.0004772882676780191 0.00024471614812248218 0.0024446925215241607 -0.0025325388337105923 -4.7234182836971809e-05 0.0081030888899209907 8.9034637720409048e-05 -0.00017464135560012648 -0.0019603238414734213 0.00035499356630993651 -0.00083486035280089374 0.0022871822320879639 0.00092881932841959143 -0.0041735404130219854 0.012769424014927906
leaf_weight=571483.3675994873 383261.25456237793 407547.77276611328 824252.03943634033 743266.91160011292 132205.3589630127 420820.484375 15301362.839142442 1002437.3379020691 65273.98583984375 583820.73022460938 90193.444580078125 2945874.6994252205 463332.99472045898 76773.911010742188
leaf_count=207 253 153 569 541 128 66 25061 2684 11 133 28 5165 324 36
internal_value=-4.08543e-05 7.48967e-05 -0.00125944 0.00014274 0.00288074 -1.15976e-05 -7.50038e-05 0.000496288 0.000183501 7.30098e-05 0.000457599 0.000299506 -0.000998471 -2.04053e-06
internal_weight=2.40119e+07 2.19289e+07 2.08299e+06 1.25873e+06 515467 2.15214e+07 2.11006e+07 5.79919e+06 5.22771e+06 5.16243e+06 4.57861e+06 4.48842e+06 1.54254e+06 1.07921e+06
internal_count=35359 33868 1491 922 381 33715 33649 8588 8381 8370 8237 8209 3044 2720
is_linear=0
shrinkage=0.05


Tree=170
num_leaves=15
num_cat=1
split_feature=24 9 25 4 22 1 22 15 8 28 24 6 17 15
split_gain=1192.05 1432.71 1559 2976.71 1424.45 2862.99 2157.4 6087.82 1497.9 1364.49 1376.52 1880.5 1159.02 1185.51
threshold=7.9624243260001153 0.21668140125577132 -0.93301270189221919 14.439279052483142 19.593415907659992 16.686730721057785 19.458610751230562 18.320843101700735 0.17463162612303326 0 1.4321253711642201 16.308496695165442 0.12992081830067945 18.164720254709923
decision_type=8 2 2 2 2 2 2 2 2 1 10 2 2 2
left_child=4 -2 3 -3 6 9 -1 -8 -7 -6 -11 12 13 -12
right_child=1 2 -4 -5 5 8 7 -9 -10 10 11 -13 -14 -15
leaf_value=-0.0001090714334036008 0.0016801388316384548 0.0015849966017443637 2.0002015781423005e-05 0.0093498771564660323 -0.0014246678751182744 -9.1364573796048573e-05 0.00077407262283530503 -0.0037810044764047509 -0.0028886808595283402 -0.0013492190722747619 0.0067446585702944459 0.0015404488228661429 -0.00074272909047509023 -0.00024694417794073699
leaf_weight=18083403.105039001 200179.42903137207 117764.70105409622 2039432.1556146145 65426.233642578125 545259.19772911072 697667.88916015625 345106.38784408569 325046.11804199219 564284.47192382812 207787.05780029297 267995.73909759521 156959.91064453125 282184.64019775391 66223.501281738281
leaf_count=29021 178 309 3767 29 561 108 186 54 111 177 475 37 213 44
internal_value=-0.000149831 0.00090168 0.000536785 0.00495516 -0.000268094 -0.00132252 -0.000111317 0.00267447 -0.00308458 0.000134246 0.00124867 0.00221944 0.000975278 0.00296748
internal_weight=2.39647e+07 2.4228e+06 2.22262e+06 183191 2.15419e+07 2.78836e+06 1.87536e+07 670153 1.26195e+06 1.52641e+06 981151 773364 616404 334219
internal_count=35270 4283 4105 338 30987 1726 29261 240 219 1507 946 769 732 519
cat_boundaries=0 1
cat_threshold=336
is_linear=0
shrinkage=0.05


Tree=171
num_leaves=15
num_cat=0
split_feature=27 1 14 1 27 18 7 15 16 24 3 11 1 7
split_gain=955.652 1711.6 1288.8 1929.95 1439.19 4846.9 4342.88 2499.43 2726.83 1834.56 9557.02 1669.01 3890.22 1560.18
threshold=1.5000000000000002 16.8486284102338 1.4686940559539556 15.928669810864353 8.5000000000000018 0.72285367655238797 15.211416453830568 17.86508256694518 18.52807987505204 0.12805959700701952 17.169510099143395 -0.32204009398012173 15.804232180326846 17.114749279343759
decision_type=2 2 8 2 2 8 2 2 2 8 2 2 2 2
left_child=1 -1 3 -2 7 -6 -7 11 9 10 -9 12 -4 -11
right_child=2 -3 4 -5 5 6 -8 8 -10 13 -12 -13 -14 -15
leaf_value=-0.00082003964573058082 -0.00012992937144585363 -0.0028761511413010069 0.0037656996885901532 -0.00073069801130049342 -0.00037253212865167332 -5.5301185515994645e-06 0.0025586060289788321 0.00019178801571061282 0.00028371908055261393 0.0012727170368728826 0.00073604916502393377 -0.00031067191868636504 0.0057424215697224334 -0.0001077676611284051
leaf_weight=1905803.7475690842 9126468.115686655 241827.212890625 261259.56673812866 1054238.7521972656 3575505.4607681036 377918.79187369347 286046.26245117188 283832.01337623596 132485.8720703125 3172431.2206926346 95392.36376953125 2692785.8759860992 22488.2412109375 636787.54833984375
leaf_count=3132 14680 43 1318 298 5388 743 84 396 23 3272 17 5810 6 100
internal_value=-3.12779e-05 -0.00103743 6.82192e-05 -0.000341807 0.000430045 -0.000302635 0.00362058 0.000855696 0.00162371 0.00140032 0.00471681 -0.000259208 0.00338815 0.00107015
internal_weight=2.38653e+07 2.14763e+06 2.17176e+07 1.01807e+07 1.15369e+07 4.23947e+06 663965 7.29746e+06 4.32093e+06 4.18844e+06 379224 2.97653e+06 283748 3.80922e+06
internal_count=35310 3175 32135 14978 17157 6215 827 10942 3808 3785 413 7134 1324 3372
is_linear=0
shrinkage=0.05


Tree=172
num_leaves=15
num_cat=1
split_feature=0 5 16 28 27 0 10 10 21 26 25 23 23 16
split_gain=1424.07 1133.54 1421.25 1031.68 1565.32 3848.71 1776.57 1708.49 1198.54 2018.1 1665.73 2453.04 6596.58 1041.79
threshold=17.419860989426706 17.377938260320832 18.52807987505204 0 3.5000000000000004 16.273039820797113 -0.21302935777734158 -0.16447280795766242 10.91322036490271 0.25000000000000017 0.25000000000000011 3.0410383619758252 2.5228400253385952 15.875259190180481
decision_type=2 2 2 1 2 2 2 2 10 2 2 10 10 2
left_child=1 2 3 4 5 6 -1 -8 -6 10 11 12 -10 -5
right_child=-2 -3 -4 13 8 -7 7 -9 9 -11 -12 -13 -14 -15
leaf_value=-0.0024469201071291224 3.6127100452484162e-05 -0.008028703705695325 0.00062630767486873489 -1.3342419230866963e-05 -0.00025239320807719784 0.0020268810252016332 0.0032189978307823777 0.0023093187443335083 0.0099769241413604718 -0.0051296732708461003 -0.00012196082537736626 -0.0011139456586118572 0.0093990816800544 -0.00021278054666904988
leaf_weight=530361.41391789913 799699.10302734375 116768.333984375 340213.92810058594 10185154.705111265 3930186.8830013275 181133.98901367188 88639.697719573975 892496.13055539131 102466.00382852554 187556.04808449745 172617.61156749725 85389.655055046082 87681.14729309082 6216495.6889419556
leaf_count=1071 117 19 196 19578 7185 40 106 1622 184 319 238 175 73 4354
internal_value=-1.43434e-05 -8.61028e-05 -6.1156e-05 -0.000109315 0.000436843 0.00173557 0.000910208 0.00217052 -4.46081e-05 0.00196963 0.00379211 0.00620486 0.00936634 -0.000317718
internal_weight=2.39169e+07 2.31172e+07 2.30004e+07 2.26602e+07 6.25853e+06 1.69263e+06 1.5115e+06 981136 4.5659e+06 635710 448154 275537 190147 1.64017e+07
internal_count=35277 35160 35141 34945 11013 2839 2799 1728 8174 989 670 432 257 23932
cat_boundaries=0 1
cat_threshold=228
is_linear=0
shrinkage=0.05


Tree=173
num_leaves=15
num_cat=0
split_feature=0 4 21 19 3 6 23 19 5 11 24 2 11 19
split_gain=1166.06 1381.88 835.342 1192.22 838.982 1343.58 802.877 1744.57 2520.57 1234.76 863.023 916.187 815.849 1131.64
threshold=17.419860989426706 17.179119157328174 6.704775057094122 -0.0022014466654497996 17.169510099143395 17.129815940530211 6.7048748567085958 -0.031869132652534493 15.053267664334777 0.18993043045342792 2.0409321501487305 12.921491089764428 -0.72780166908968968 0.040781185357162006
decision_type=2 2 8 2 2 2 8 2 2 2 10 2 2 2
left_child=1 2 3 -1 5 6 12 8 9 -8 -11 -12 13 -4
right_child=-2 -3 4 -5 -6 -7 7 -9 -10 10 11 -13 -14 -15
leaf_value=0.0093486770323718896 2.4812964553960201e-05 -0.00089814615528106996 0.0017158245298344499 -0.00036787021484638321 0.00013510101323900331 -0.0022333074868706474 -0.0038656901885001393 1.8194799890233133e-05 0.0032765640420211102 0.019211841295655511 0.014731117532431115 -0.0043496187861702621 -0.00015636749579561564 0.012990549896169351
leaf_weight=100384.11485862732 818835.2861328125 732863.50561523438 431256.34800720215 97462.671151161194 328697.38427734375 145683.65966796875 199471.30411624908 2053249.8455262184 102146.53833007812 41203.737433433533 44058.410828590393 42922.471923828125 18559752.259258986 86057.362072944641
leaf_count=145 120 133 1933 147 62 28 461 4102 34 91 183 46 27538 325
internal_value=-0.000151734 -0.000217841 -0.000147422 0.003087 -0.000176464 -0.000214431 -0.000182094 0.000663636 0.00356036 0.00142246 0.00525137 0.00242766 -0.000292174 0.00166635
internal_weight=2.3784e+07 2.29652e+07 2.22323e+07 197847 2.20345e+07 2.17058e+07 2.15601e+07 2.48305e+06 429802 327656 128185 86980.9 1.90771e+07 517314
internal_count=35348 35228 35095 292 34803 34741 34713 4917 815 781 320 229 29796 2258
is_linear=0
shrinkage=0.05


Tree=174
num_leaves=15
num_cat=0
split_feature=6 10 3 14 7 16 2 24 24 3 16 6 18 6
split_gain=1523.18 3416.04 860.172 944.178 2144.1 1390.86 1232.69 987.64 1029.7 1457.43 950.72 1514.74 850.169 1077.32
threshold=17.129815940530211 0.0060859532655932009 17.004815837258366 2.3502003251842658 16.984761516005801 18.369372682749788 16.998031306214585 1.3488563346028002 1.4770627534572751 13.397908650022542 16.390140226443631 15.148430637922891 0.032876258618829757 14.920646474416044
decision_type=2 2 2 10 2 2 2 10 10 2 2 2 10 2
left_child=2 -2 3 4 12 6 7 10 9 -9 11 -5 13 -1
right_child=1 -3 -4 5 -6 -7 -8 8 -10 -11 -12 -13 -14 -15
leaf_value=0.0021060644928681464 0.00011855936973433294 -6.0595097158476724e-05 -0.00024158657243572297 -0.0043228566048764162 0.00098533028372430401 -0.0026073456765543894 0.00020762308238257972 -0.001830953985411771 -2.0782732226841082e-05 0.0057399544257318892 -0.0021071599334549986 0.005461650736084598 -6.7163613435169584e-05 0.0014493547720702436
leaf_weight=2028503.6034832001 798974.03857421875 944441.07421875 644631.47436523438 454599.47132635117 130365.97412109375 422533.21263122559 69575.59130859375 39393.346776008606 1752783.5860776901 45971.725830078125 543603.47766494751 40078.349609375 16135098.02017498 44584.255981445312
leaf_count=7470 127 154 131 2668 26 208 14 210 6209 28 405 16 17753 25
internal_value=-3.86848e-05 0.00138474 -0.000149711 -9.62592e-05 4.50708e-05 -0.000865669 -0.000480896 -0.000639964 5.63576e-05 0.00541877 -0.00187271 -0.000286657 -6.75836e-07 0.000952485
internal_weight=2.40951e+07 1.74342e+06 2.23517e+07 2.17071e+07 1.83386e+07 3.36854e+06 2.94601e+06 2.87643e+06 1.83815e+06 85365.1 1.03828e+06 494678 1.82082e+07 2.07309e+06
internal_count=35444 281 35163 35032 25274 9758 9550 9536 6447 238 3089 2684 25248 7495
is_linear=0
shrinkage=0.05


Tree=175
num_leaves=15
num_cat=0
split_feature=1 19 20 2 20 22 20 15 25 11 6 2 14 4
split_gain=3734.53 1975.71 805.12 1037.36 980.131 3122.61 1840.63 1195.55 1279.21 988.305 1261.97 1075.46 988.645 981.337
threshold=17.156634566241113 0.0029976683777618502 0.070445330419255422 17.165049622732749 0.038680543246289605 19.027491787641726 0.040505058366572803 19.240998570495709 0.25000000000000011 -0.039691757768735188 16.095743013269477 14.007993012943055 2.2633418623200963 15.108937352739096
decision_type=2 2 10 2 10 2 10 2 2 2 2 2 10 2
left_child=2 -2 3 4 -1 6 -6 9 -9 10 12 -11 -8 -14
right_child=1 -3 -4 -5 5 -7 7 8 -10 11 -12 -13 13 -15
leaf_value=-0.00010007285965853216 0.00025976517603566756 -5.6859631960049821e-05 -0.0019211302042231695 -0.00085301002896510936 0.0021312594746209323 0.010274656483429801 -0.0037078236315788412 -0.0016307811253781952 0.0053572719361703039 0.00021684639728421627 0.0012271866563852922 -0.0017099992169788442 0.0022848607880851216 -0.0025797384136440112
leaf_weight=20120872.077675581 919647.001953125 628061.80322265625 582087.09275913239 285951.919921875 95280.420036315918 96419.260322928429 200587.87165307999 169823.47714996338 130035.59767913818 192368.27011966705 77076.59375 257223.24365234375 106808.82471036911 55151.3056640625
leaf_count=32320 150 100 770 54 118 130 307 150 101 619 20 127 299 24
internal_value=-6.80919e-05 0.0023072 -0.000232433 -0.000183403 -0.000143616 0.00114504 0.000493555 -4.22509e-05 0.00268795 -0.000962922 0.000722777 -0.00261125 -0.00051241 0.00239332
internal_weight=2.39174e+07 1.54771e+06 2.23697e+07 2.17876e+07 2.15016e+07 1.38077e+06 1.28436e+06 1.18908e+06 299859 889216 439625 449592 362548 161960
internal_count=35289 250 35039 34269 34215 1895 1765 1647 251 1396 650 746 630 323
is_linear=0
shrinkage=0.05


Tree=176
num_leaves=15
num_cat=0
split_feature=20 0 17 22 25 17 19 21 19 9 25 1 23 7
split_gain=1258.43 4296.03 1092.07 1315.16 1747.36 1122.29 3469.92 941.322 1586.69 1326.84 2497.6 5616.45 1579.18 1320.38
threshold=0.094421467364360259 15.926099204579868 0.44230700546337237 18.659886519154533 1.0000000180025095e-35 0.35606061239567061 -0.013532994891894247 10.867488701321804 -0.021836054212983447 0.14408993956811442 -0.24999999999999997 16.997225798689893 2.3446812918771003 16.984761516005801
decision_type=10 2 2 2 2 2 2 10 2 2 2 2 10 2
left_child=2 -2 5 4 -4 7 -7 9 -9 10 13 12 -12 -1
right_child=1 -3 3 -5 -6 6 -8 8 -10 -11 11 -13 -14 -15
leaf_value=0.00063388015436777385 -0.0032006644418640299 0.0023558030410814044 0.0010483939749836937 -0.0016412187268081994 -0.0032263995548289302 0.00036479145001328374 -0.00023218523644477412 -0.00091274132089699572 -1.6338858613326154e-05 -0.00010307265663520174 0.00013915194479263433 0.0017220014475626093 -0.0023311337364175107 -0.003238195574259568
leaf_weight=212139.01943969727 152841.130027771 93892.412353515625 254952.15252685547 400082.16741943359 268408.37591552734 415065.83959960938 496878.01336669922 1043263.5979337692 3204813.0142261982 16343462.030570626 205134.19696044922 201582.30908203125 156781.11945343018 222961.298828125
leaf_count=193 276 23 143 110 150 118 141 1297 3854 28559 106 38 209 42
internal_value=-0.000157094 0.00339509 -0.000194508 -0.00187973 -0.00022994 -0.00012535 0.00159277 -0.000197921 -0.000864982 -3.45195e-05 0.0017348 0.00393207 0.000206635 -0.00111089
internal_weight=2.36723e+07 246734 2.34255e+07 923443 523361 2.25021e+07 911944 2.15901e+07 4.24808e+06 1.73421e+07 998598 563498 361915 435100
internal_count=35259 299 34960 403 293 34557 259 34298 5151 29147 588 353 315 235
is_linear=0
shrinkage=0.05


Tree=177
num_leaves=15
num_cat=0
split_feature=4 27 7 0 7 19 1 4 6 1 4 27 21 22
split_gain=1426.61 887.04 1539.08 1189.82 897.025 867.145 8842.87 2104.53 2523.45 1270.2 3202.37 2134.51 2145.78 1257.92
threshold=17.458037941908348 1.5000000000000002 16.39444836774533 15.197236109918526 14.909316716362946 -0.029986948250196144 16.997225798689893 17.179119157328174 17.129815940530211 16.275843258113319 16.411339423236502 7.5000000000000009 10.631555854924844 18.655332724125884
decision_type=2 2 2 2 2 2 2 2 2 2 2 2 10 2
left_child=1 2 3 4 -1 6 -3 8 9 10 -7 13 -13 -11
right_child=-2 5 -4 -5 -6 7 -8 -9 -10 11 -12 12 -14 -15
leaf_value=-0.0013041468256282439 5.0114032946243757e-05 7.9970352533623667e-05 -0.0037240200932363438 0.0020151429412364696 -0.0038475140065618585 -5.649721662311508e-05 0.0021514859291497102 -0.0009281932540018339 0.00018107250772497646 -0.0017454294008202556 0.0019923615302207902 -0.00031207330669444036 0.0011475197173065217 -0.00017713317365901867
leaf_weight=1264467.4734597206 925781.982421875 2512449.676717639 318766.97973632812 342558.85778808594 180006.30114746094 14795373.1458534 147913.75390625 565612.6162109375 317434.283203125 583029.99853515625 310389.41479492188 503940.19580078125 438381.46508789062 570770.14111328125
leaf_count=2876 135 3989 67 128 89 27051 28 104 59 152 89 128 108 127
internal_value=-4.54472e-05 -0.000123403 -0.00110118 -0.000530276 -0.00115856 -2.41512e-05 0.000818687 -0.000148136 -5.1221e-05 -0.000132738 2.73116e-05 -0.00128614 0.000479395 -0.00272807
internal_weight=2.37769e+07 2.28511e+07 2.1058e+06 1.78703e+06 1.44447e+06 2.07453e+07 2.66036e+06 1.80849e+07 1.75193e+07 1.72019e+07 1.51058e+07 2.09612e+06 942322 1.1538e+06
internal_count=35130 34995 3160 3093 2965 31835 4017 27818 27714 27655 27140 515 236 279
is_linear=0
shrinkage=0.05


Tree=178
num_leaves=15
num_cat=2
split_feature=17 10 17 19 11 21 5 22 19 10 28 5 29 3
split_gain=648.185 1544.99 1239.37 2748.91 2090.38 1268.06 1566.2 949.738 621.146 767.672 1004.48 808.934 747.666 796.043
threshold=0.44230700546337237 -0.072910621236990936 0.27754239535709518 -0.013532994891894247 0.013465213433564152 10.631555854924844 16.796940509220686 18.659886519154533 -0.058059964860614648 0.026983008724234151 0 13.13059797110351 1 13.734555151527003
decision_type=2 2 2 2 2 10 2 2 2 2 1 2 1 2
left_child=2 -2 8 4 -4 6 -5 -3 9 -1 11 -11 -12 -14
right_child=1 7 3 5 -6 -7 -8 -9 -10 10 12 -13 13 -15
leaf_value=-0.0037235687045079537 0.00034709741167419884 -9.2326740610432949e-05 0.00052537165286074957 7.7610358755213278e-05 -5.1924495021330302e-05 2.5890424675929901e-05 -0.0025148886427911661 -0.0038625929664634693 -3.3007309914239844e-05 -5.4362535639693406e-05 -0.0047103614895027089 0.0065943041725102089 -0.0054273486492294161 0.0016216920440024136
leaf_weight=469817.26877880096 327537.08404541016 355894.66851806641 386203.18334960938 360885.89221191406 320591.21472167969 437179.48376464844 327437.61181640625 282560.54748535156 20393130.641162753 34323.341177463531 99025.653307914734 35812.236145019531 76890.701922416687 88736.591003417969
leaf_count=791 148 190 120 177 101 98 67 74 33142 171 85 33 190 57
internal_value=-0.000134654 -0.0014035 -8.1432e-05 0.00116615 0.00361003 -0.000368553 -0.00170607 -0.00283573 -0.000189271 -0.00155188 0.00027767 0.00559737 -0.00113227 0.000922663
internal_weight=2.3996e+07 965992 2.303e+07 1.8323e+06 706794 1.1255e+06 688324 638455 2.11977e+07 804606 334789 70135.6 264653 165627
internal_count=35444 412 35032 563 221 342 244 264 34469 1327 536 204 332 247
cat_boundaries=0 1 2
cat_threshold=581 88
is_linear=0
shrinkage=0.05


Tree=179
num_leaves=15
num_cat=0
split_feature=0 9 9 10 1 10 19 10 4 9 0 4 14 17
split_gain=1245.7 1969.62 2368.59 2011.71 1379.78 1480.57 938.501 686.39 1531.25 964.034 1680.17 1101.45 850.137 1348.72
threshold=16.846705175829062 0.17872418023876313 0.13067246360888676 0.054700591423640206 16.399633848597894 -0.053194798630288496 -0.0052027977376574493 -0.22373515059471308 16.411339423236502 0.38176991527153342 16.154648050165125 16.168471743006108 0.85847443679557911 0.089301647703461315
decision_type=2 2 2 2 2 2 2 2 2 2 2 2 10 2
left_child=4 2 -2 -3 7 -6 -7 9 -9 -1 11 12 -11 -14
right_child=1 3 -4 -5 5 6 -8 8 -10 10 -12 -13 13 -15
leaf_value=-0.0026817734039797899 7.0499991836394161e-05 0.00020916540746968777 -0.00041759007940429848 -3.4033817820468773e-05 -0.0026919769058780926 -0.00054210181997375417 0.00085154445284509679 8.7808636362667077e-06 0.001183064460051695 -0.005640393211982747 0.001928172352985702 -0.011163938130040692 -8.8092413982368469e-05 0.0055209215389171703
leaf_weight=928075.72092056274 824135.39892578125 597473.63549804688 771368.0888671875 563352.96508789062 535554.56030273438 531810.103515625 472730.6845703125 14339917.622299314 317835.91137695312 753199.61449706554 42603.716064453125 124071.8173828125 2913178.9365133047 146030.79257202148
leaf_count=882 149 104 136 110 119 139 125 23969 93 1939 11 39 7461 111
internal_value=-6.64038e-05 0.000933264 -0.000206803 0.00250023 -0.000196961 -0.00163791 -0.000505952 -8.35339e-05 8.78216e-05 -0.000595375 -0.00025692 -0.000363807 -0.000212926 0.000157555
internal_weight=2.38613e+07 2.75633e+06 1.5955e+06 1.16083e+06 2.1105e+07 1.5401e+06 1.00454e+06 1.95649e+07 1.46578e+07 4.90716e+06 3.97908e+06 3.93648e+06 3.81241e+06 3.05921e+06
internal_count=35387 499 285 214 34888 383 264 34505 24062 10443 9561 9550 9511 7572
is_linear=0
shrinkage=0.05


Tree=180
num_leaves=15
num_cat=0
split_feature=0 4 6 3 7 1 17 2 24 1 1 17 20 7
split_gain=4730.9 1319.33 1469.04 1117.76 1083.52 1563.49 948.479 841.805 690.175 1408.94 1149.3 1588.67 1371.02 2495.87
threshold=17.419860989426706 17.458037941908348 17.353540390897464 17.169510099143395 17.114749279343759 17.156634566241113 0.004232331109801651 17.165049622732749 1.9088804994597053 16.8486284102338 16.041732990297305 0.22590751642309662 -0.03811659352642599 14.658651842067735
decision_type=2 2 2 2 2 2 2 2 8 2 2 2 8 2
left_child=1 2 3 4 5 6 -1 8 9 10 11 12 13 -8
right_child=-2 -3 -4 -5 -6 -7 7 -9 -10 -11 -12 -13 -14 -15
leaf_value=0.0010632845242050785 6.6183203591291124e-05 0.000176013781247576 -0.0036447620573075235 0.00015204107052678261 -0.001064547204925187 2.9794151134664926e-05 -0.00214711788569466 -0.0023285869543097767 -0.00030358029932123627 0.00026474922077633894 -0.00051491082332097806 0.00097027857628079455 -0.00023051946077539006 0.0039600026768569999
leaf_weight=4926839.7743068933 884210.50537109375 158539.09130859375 157864.12890625 523075.09033203125 214190.95849609375 150857.6728515625 220808.1841506958 98579.0361328125 9629777.1333007812 385527.95263671875 1150082.7797851562 532039.62615966797 4663701.5650939941 149415.51818847656
leaf_count=17966 128 27 26 99 40 31 368 20 10136 80 321 339 5673 79
internal_value=-2.36051e-05 -0.000161808 -0.000193411 -0.000159903 -0.00021392 -0.00017932 -0.000214492 -0.000393112 -0.000365969 7.98212e-06 -0.000160755 0.000136565 -0.000138057 0.00279062
internal_weight=2.38455e+07 2.29613e+07 2.28028e+07 2.26449e+07 2.21218e+07 2.19076e+07 2.17568e+07 1.68299e+07 1.67314e+07 7.10158e+06 6.71605e+06 5.56596e+06 5.03393e+06 370224
internal_count=35333 35205 35178 35152 35053 35013 34982 17016 16996 6860 6780 6459 6120 447
is_linear=0
shrinkage=0.05


Tree=181
num_leaves=15
num_cat=1
split_feature=0 6 21 4 9 4 17 22 9 17 29 11 23 17
split_gain=1177.38 1834.97 4282.59 1522.67 1424.49 1028.9 838.073 1038.31 2377.09 998.689 3080.13 917.842 1025.43 919.581
threshold=16.846705175829062 17.353540390897464 10.631555854924844 16.554399131064109 0.14408993956811442 16.411339423236502 0.016165148012919402 21.040452452046065 0.32804524669811158 0.013458497134873152 0 0.099962294261870518 7.6106642087431959 0.0026666507548390507
decision_type=2 2 10 2 2 2 2 2 2 2 1 2 10 2
left_child=3 2 4 5 -2 6 9 -8 -9 11 -11 -1 13 -13
right_child=1 -3 -4 -5 -6 -7 7 8 -10 10 -12 12 -14 -15
leaf_value=0.00083378933403761054 5.4361793733215605e-05 -4.0590500501059776e-05 0.00016301354641624574 -0.00044916352200303518 -0.00033552242321002604 0.0011833066458957007 -0.00028227864315886222 0.0063340969169583582 -0.00021837539680618647 0.0088883530203485977 -0.00036853971733715341 0.000667246355772707 0.00333870700288646 -0.0019944737588883182
leaf_weight=5992099.3913333416 550261.76904296875 988342.84814453125 795552.8310546875 1143551.4790039062 530049.95263671875 405953.82055664062 8830231.7679901123 121907.98626708984 343472.5936126709 189968.15524291992 382817.80368804932 1397485.8596987724 309649.13742411137 2065057.2192268372
leaf_count=15328 106 143 158 272 110 114 7719 106 412 188 633 5681 849 3509
internal_value=1.27843e-05 0.000964236 0.00188285 -0.000115869 -0.000167281 -1.45989e-05 -6.61182e-05 -0.000410612 0.00189124 0.000243667 0.0022728 0.000124636 -0.000486343 -0.00073287
internal_weight=2.40464e+07 2.86421e+06 1.87586e+06 2.11822e+07 1.08031e+06 2.00386e+07 1.96327e+07 9.29561e+06 465381 1.03371e+07 572786 9.76429e+06 3.77219e+06 3.46254e+06
internal_count=35328 517 374 34811 216 34539 34425 8237 518 26188 821 25367 10039 9190
cat_boundaries=0 1
cat_threshold=12
is_linear=0
shrinkage=0.05


Tree=182
num_leaves=15
num_cat=2
split_feature=2 19 26 2 28 6 0 17 19 28 17 24 17 9
split_gain=2721.03 4038.13 2834.88 1344.06 917.502 1015.16 1614.38 942.144 987.718 1561.46 1159.32 1233.73 996.198 834.529
threshold=16.998031306214585 -0.015044224044914999 0.25000000000000017 16.849067115038203 0 14.920646474416044 14.621783176980921 0.0043311947593818508 0.043489306917255603 1 0.06191803781473601 0.66854220130486708 0.0080445104025040019 0.31353871344166429
decision_type=2 2 2 2 1 2 2 2 2 1 2 8 2 2
left_child=3 -2 -3 4 5 6 -1 13 -9 10 11 -10 -13 -6
right_child=1 2 -4 -5 7 -7 -8 8 9 -11 -12 12 -14 -15
leaf_value=0.002682231421080131 0.00029896621504726809 8.4681056544176931e-05 -0.0010540047167708903 -0.00047172116301204758 0.0037974838840636031 -0.012031576607011639 0.011857211050573383 -0.00024590337927759214 0.0057013342522994129 -0.0021223986139596164 0.0018671255410272235 0.0045259465324956841 -0.0005351514365000273 0.00050578324310231876
leaf_weight=1256474.565943718 779949.6630859375 789094.45263671875 733562.47607421875 592139.81323242188 267581.27312660217 96017.522827148438 81155.625061035156 13202078.773635864 162685.58752441406 391702.3742980957 284502.22875976562 186009.67205810547 545914.29690551758 4640802.40483284
leaf_count=2979 133 133 131 125 689 51 59 12944 136 792 84 190 340 16608
internal_value=-4.36515e-05 0.00159066 9.20691e-05 -0.000217013 -0.000151127 0.00107006 0.00142654 -0.000240082 -0.000439489 0.000745768 0.00165436 0.000770237 -0.000105159 0.000360075
internal_weight=2.40097e+07 2.30261e+06 1.52266e+06 2.17071e+07 2.11149e+07 1.43365e+06 1.33763e+06 1.96813e+07 1.47729e+07 1.57081e+06 1.17911e+06 894610 731924 4.90838e+06
internal_count=35394 397 264 34997 34872 3089 3038 31783 14486 1542 750 666 530 17297
cat_boundaries=0 1 2
cat_threshold=132 808
is_linear=0
shrinkage=0.05


Tree=183
num_leaves=15
num_cat=0
split_feature=10 8 5 6 3 20 20 5 27 0 15 23 1 2
split_gain=967.399 1454.58 1041.78 1019.57 3143.49 978.379 1337.09 1233.33 1165.59 4305.32 2387.2 2819.94 2102.36 1832.91
threshold=-0.24561417360281981 0.19910967739259119 17.130850056497454 16.604429800222857 16.691666025947082 0.094421467364360259 0.066203157304000615 13.992223143421745 3.5000000000000004 17.419860989426706 19.277045643654663 5.6812906275284059 15.200240481769434 17.165049622732749
decision_type=2 2 2 2 2 10 10 2 2 2 2 8 2 2
left_child=1 -1 3 4 -3 6 8 -8 9 10 11 13 -13 -2
right_child=5 2 -4 -5 -6 -7 7 -9 -10 -11 -12 12 -14 -15
leaf_value=-0.0027765033832620181 0.00042642063547409896 -0.00066173933932910426 0.00032467868313275225 -0.0073042600292381969 0.0015197475965332749 0.0013354317310937034 0.0041525455895431839 -0.0041052736522590441 -8.0690878945165197e-06 6.7219882831437926e-05 -0.0018443036814579994 0.0048140240663338864 0.0065219196850468944 -0.002866031692858078
leaf_weight=348980.52951550484 2732468.4361274242 4326973.0525673628 52812.15625 121411.3515625 65744.3115234375 199414.29797744751 104882.04192209244 235461.16387939453 13941836.643804193 141020.34375 794549.18601226807 439253.2637553215 144375.95788574219 142844.53466796875
leaf_count=410 4153 9562 8 24 17 192 302 104 18549 20 730 1105 50 26
internal_value=-1.14249e-05 -0.000636181 -0.00039843 -0.000480111 -0.000355185 0.000151281 0.000114085 -0.00299118 0.000171722 0.000881776 0.000596815 0.00116453 0.00433331 0.000521333
internal_weight=2.3792e+07 4.91592e+06 4.56694e+06 4.51413e+06 4.39272e+06 1.88761e+07 1.86767e+07 340343 1.83363e+07 4.39451e+06 4.25349e+06 3.45894e+06 583629 2.87531e+06
internal_count=35252 10021 9611 9603 9579 25231 25039 406 24633 6084 6064 5334 1155 4179
is_linear=0
shrinkage=0.05


Tree=184
num_leaves=15
num_cat=0
split_feature=0 19 6 18 11 22 0 1 8 7 14 3 21 18
split_gain=1741.21 2301.02 1593.71 1585.49 929.553 1513.15 1420.37 1274.46 2058.66 1667.37 1588.09 1146.18 1054.5 1054.31
threshold=16.846705175829062 -0.018468429717034846 16.604429800222857 0.31498853350358708 0.099962294261870518 17.063436003454161 12.614168154732669 15.25962977546112 0.14483486216721952 15.271975064944426 1.3841400754842068 15.331592492043365 7.4332380043719963 0.72285367655238797
decision_type=2 2 2 10 2 2 2 2 2 2 10 2 8 8
left_child=2 -2 4 -3 13 6 12 8 10 -10 -7 -9 -6 -1
right_child=1 3 -4 -5 5 7 -8 11 9 -11 -12 -13 -14 -15
leaf_value=-8.4842758816542748e-05 0.00055064649553694081 0.00011300462405407063 -0.00067800956133128834 -5.9331770962842569e-05 0.02718468752065566 0.0004382300769650273 -0.0027621622043966045 -0.0050747417204636781 -5.8912214048346777e-05 0.0055028503337668545 0.00569246648365396 -0.00010096071020252087 -0.0011919165451025602 0.0012260131953374962
leaf_weight=8369345.6205456257 769498.28173828125 759943.08984375 852080.68579101562 1189212.0222167969 56804.147475361824 76518.773221969604 2190567.2579193115 273896.77770996094 2824828.5776286125 141293.22875976562 108479.17474222183 757121.06030273438 1103248.3045289516 4397694.7035820484
leaf_count=15426 139 149 190 207 226 93 1998 139 5774 62 148 254 4748 5806
internal_value=-8.75216e-05 0.00110362 -0.000240619 0.000189642 -0.0001517 -0.000592183 -0.0013839 4.21216e-05 0.000541391 0.000222224 0.00565869 -0.00148381 3.07424e-05 0.000108192
internal_weight=2.38705e+07 2.71865e+06 2.11519e+07 1.94916e+06 2.02998e+07 7.53276e+06 3.35062e+06 4.18214e+06 3.15112e+06 2.96612e+06 184998 1.03102e+06 1.16005e+06 1.2767e+07
internal_count=35359 495 34864 356 34674 13442 6972 6470 6077 5836 241 393 4974 21232
is_linear=0
shrinkage=0.05


Tree=185
num_leaves=15
num_cat=1
split_feature=0 5 11 8 0 4 29 0 6 8 15 24 23 4
split_gain=1373.91 1165.21 843.016 2216.34 1870.52 1806.54 1489.74 3413.3 1545.93 1206.28 2271.98 2619.02 1858.12 1531.16
threshold=17.419860989426706 17.377938260320832 0.099962294261870518 0.064852118826147817 16.040624683728151 15.573466039196157 0 17.153843914118731 16.958239102935611 0.29851208742305507 19.203026137930177 1.4547165740020251 1.3301870585578202 16.411339423236502
decision_type=2 2 2 2 2 2 1 2 2 2 2 10 10 2
left_child=1 2 6 -4 5 -5 7 8 9 10 11 -1 -12 -13
right_child=-2 -3 3 4 -6 -7 -8 -9 -10 -11 12 13 -14 -15
leaf_value=-0.0026054203697849338 5.3912644347253642e-05 -0.0053913146507419555 0.001929111090617048 -0.00045051556754019606 -0.0013007697321558388 0.0010266321291549656 -5.4577461647234786e-05 0.0008384643921195234 -0.0022490482649259905 0.00012150554996485122 0.0092599335389017805 0.00055965434277170851 0.0021933441992664725 0.0007928315504643961
leaf_weight=256462.87927627563 918272.50634765625 121732.90380859375 73288.291941165924 6533207.8519451618 955175.62426757812 422939.34252929688 10000641.831242561 177084.82763671875 198819.3515625 2704554.5056775808 227795.79428100586 556755.70120644569 534072.98989868164 231188.75317382812
leaf_count=274 133 20 91 13028 252 159 15169 32 37 4980 127 695 276 54
internal_value=-4.54287e-05 -0.000121168 -9.52012e-05 -0.000509695 -0.000589873 -0.000304979 0.000127106 0.000842624 0.000586387 0.00077657 0.00177708 0.000262525 0.00385331 0.00169099
internal_weight=2.3912e+07 2.29937e+07 2.2872e+07 7.98461e+06 7.91132e+06 6.95615e+06 1.48874e+07 4.88673e+06 4.70965e+06 4.51083e+06 1.80628e+06 1.04441e+06 761869 787944
internal_count=35327 35194 35174 13530 13439 13187 21644 6475 6443 6406 1426 1023 403 749
cat_boundaries=0 1
cat_threshold=60
is_linear=0
shrinkage=0.05


Tree=186
num_leaves=15
num_cat=0
split_feature=0 1 3 3 0 0 5 0 3 14 5 0 6 4
split_gain=3034.16 1200.41 1603.19 1298.19 1468.07 1265.35 2102.52 866.735 771.217 783.593 711.584 881.75 1956.72 881.618
threshold=17.419860989426706 17.423965936235351 17.169510099143395 17.004815837258366 17.153843914118731 16.994451200594245 16.960881889764313 16.846705175829062 10.842295663784816 2.5488756558522159 16.796940509220686 16.533265774342059 16.420481291213544 16.411339423236502
decision_type=2 2 2 2 2 2 2 2 2 10 2 2 2 2
left_child=1 2 3 4 5 6 7 8 -1 10 11 12 13 -10
right_child=-2 -3 -4 -5 -6 -7 -8 -9 9 -11 -12 -13 -14 -15
leaf_value=0.0022362868773392239 5.5746154278279542e-05 -0.0042570877585294906 0.00033511358454068273 -0.00074761287460941217 8.6357079402817668e-05 -0.0024294567417916034 0.00038312607684681452 0.00027813232101629032 -0.00020814714195563876 -0.0026233697517267802 -0.00073740518342824894 0.00016701900070889716 -0.002143653055786916 0.00073207148728279901
leaf_weight=2035793.4998903275 892626.82958984375 126801.37158203125 728895.07373046875 573673.67260742188 164048.14453125 300579.50854492188 95774.2216796875 282069.7607421875 16360300.213562012 769830.10908508301 164023.6650390625 645437.6083984375 351562.21020507812 468686.77880859375
leaf_count=14244 131 21 133 115 33 63 20 65 18705 1369 37 165 91 137
internal_value=-3.78206e-05 -0.000148503 -0.000121687 -0.000197406 -0.000135166 -0.000171162 -0.000125432 -0.000159018 -0.00019636 -0.000296665 -0.000229818 -0.000199654 -0.000267813 -0.000190689
internal_weight=2.39601e+07 2.30675e+07 2.29407e+07 2.22118e+07 2.16381e+07 2.14741e+07 2.11735e+07 2.10777e+07 2.07956e+07 1.87598e+07 1.799e+07 1.7826e+07 1.71805e+07 1.6829e+07
internal_count=35329 35198 35177 35044 34929 34896 34833 34813 34748 20504 19135 19098 18933 18842
is_linear=0
shrinkage=0.05


Tree=187
num_leaves=15
num_cat=1
split_feature=0 28 0 4 6 5 4 3 18 0 18 23 23 5
split_gain=2950.19 1138.15 2429.13 1730.97 1274.6 1422.41 1898.15 1044.95 920.653 1281.01 926.385 1332.42 1707.37 2268.76
threshold=17.419860989426706 0 16.994451200594245 17.179119157328174 16.958239102935611 16.625604377944345 16.049916458677085 15.930780293996753 0.06272977124435701 14.930056930652285 0.19801401371962782 3.2343031096144554 2.2945413447560106 15.107554532141734
decision_type=2 1 2 2 2 2 2 2 10 2 10 10 10 2
left_child=1 2 4 -3 5 6 7 8 9 -1 -10 12 -12 -14
right_child=-2 3 -4 -5 -6 -7 -8 -9 10 -11 11 -13 13 -15
leaf_value=0.0017808890336053912 5.1570257964988728e-05 -0.00010263827820147624 0.00024354488228981033 -0.001707077713242972 -0.0010032960637142928 0.00034948683102092751 -0.00050012056498357734 0.00073087908650297647 -0.001428819987120895 0.0022188443448654875 -0.00029291488008618987 -0.0033491867217776161 0.0061100362057679575 0.00010388049988559352
leaf_weight=1866368.6399103403 832054.37109375 16572924.655944824 491961.255859375 477732.15307617188 197231.888671875 254940.31640625 227756.13037109375 119951.7578125 1568416.6898860931 104856.72186279297 506369.51682281494 378400.91683197021 172977.03997039795 168166.03649902344
leaf_count=5669 122 25688 93 87 38 55 70 43 2052 56 605 492 175 83
internal_value=-1.91925e-06 -0.000107243 0.000481485 -0.000316394 0.000183793 0.000328831 0.000147096 0.000355098 0.000239084 0.00106652 -0.000344617 0.000685123 0.00178657 0.00452074
internal_weight=2.39401e+07 2.31081e+07 6.0574e+06 1.70507e+07 5.56544e+06 5.3682e+06 5.11326e+06 4.88551e+06 4.76556e+06 1.97123e+06 2.79433e+06 1.22591e+06 847513 341143
internal_count=35328 35206 9431 25775 9338 9300 9245 9175 9132 5725 3407 1355 863 258
cat_boundaries=0 1
cat_threshold=708
is_linear=0
shrinkage=0.05


Tree=188
num_leaves=15
num_cat=0
split_feature=0 10 25 21 2 3 9 20 15 15 11 3 0 2
split_gain=1992.46 2352.77 1604.53 834.281 1428.36 3547.55 1073.25 1795.7 2309.95 1141.23 1968.01 1012.49 1184.79 822.222
threshold=16.846705175829062 -0.0061821110627010992 -0.24999999999999997 10.867488701321804 16.276512134422696 16.537870894875581 0.15902261461074893 -0.043176962581100896 17.182182440199757 16.792003607811989 -0.081365541474151579 15.047826923938453 14.877658416507368 14.629271198294694
decision_type=2 2 2 10 2 2 2 10 2 2 2 2 2 2
left_child=3 -2 -3 6 5 11 7 -1 9 10 -9 12 13 -5
right_child=1 2 -4 4 -6 -7 -8 8 -10 -11 -12 -13 -14 -15
leaf_value=-0.001154293352271289 0.00013517559902598923 -0.00032159204918370365 9.2854779256698627e-05 -0.00016980551867817396 -0.001934639997817559 0.0017074642145033154 -3.1196657973111953e-05 -0.00072773037228740533 0.0022575011334790697 -0.00097658386257815934 0.0026715284555604009 -0.0016458105247323979 0.0033072667506487473 -0.0031043109144517204
leaf_weight=279554.95673370361 1096496.4697265625 950420.25732421875 719332.62744140625 1985653.1165812016 614717.26611328125 60550.779052734375 16380739.591259003 89022.752456665039 465562.32788085938 245322.2177734375 112655.6455078125 400040.86743164062 237154.69482421875 251304.765625
leaf_count=367 192 178 131 4445 146 15 28742 97 193 83 128 177 138 165
internal_value=9.14164e-05 0.00135323 0.000171572 -7.38351e-05 -0.00077303 -0.000313975 6.73905e-05 0.00151585 0.00258991 2.26219e-05 0.00280901 -0.000566298 -0.00018894 -0.0005452
internal_weight=2.38885e+07 2.76625e+06 1.66975e+06 2.11223e+07 3.54942e+06 2.9347e+06 1.75729e+07 1.19212e+06 912563 447001 201678 2.87415e+06 2.47411e+06 2.23696e+06
internal_count=35197 501 309 34696 5086 4940 29610 868 501 308 225 4925 4748 4610
is_linear=0
shrinkage=0.05


Tree=189
num_leaves=15
num_cat=0
split_feature=27 16 8 17 17 23 9 4 20 20 22 7 11 11
split_gain=1391.67 2196.63 4593.05 2017.84 2217.3 2376.67 1671.86 1405 1444.57 1102.67 1120.54 1350.33 1520.35 2104.63
threshold=9.5000000000000018 18.407908271991452 0.24698955563212224 0.50349840709625271 0.35606061239567061 2.9455941718968108 0.17433109332586608 17.458037941908348 0.078850639714242415 -0.050983502848724695 17.325438677254457 12.831690307860795 -0.013396302436737997 0.060864497908834608
decision_type=2 2 2 2 2 10 2 2 10 8 2 2 2 2
left_child=1 3 6 4 -1 -6 -3 8 9 -2 -11 -12 -13 -14
right_child=7 2 -4 -5 5 -7 -8 -9 -10 10 11 12 13 -15
leaf_value=-1.6677502609829759e-05 0.00055893006463601899 0.00026309384304276591 -0.0030340554031109599 -0.0020908494335980846 0.00037912136869007934 -0.0011452611805693137 0.00031512123716743654 -0.0017762377670850441 0.0016982908187908559 -6.6942921685670043e-05 0.0023764944022220289 -0.0037960671280136155 0.00070784801346261087 -0.0024033700625183717
leaf_weight=15773906.834031582 115155.50249099731 429096.8796081543 296210.91012573242 402125.16229248047 418411.39251708984 275312.32165527344 344365.97036743164 190664.75634765625 65195.524839401245 2501135.5759160519 529868.75223302841 1130533.6218261719 386800.04107666016 890964.40161132812
leaf_count=25676 150 114 152 186 137 117 116 28 83 4874 2254 664 172 549
internal_value=-0.00010635 0.000111473 0.00230869 -2.78471e-05 5.76053e-05 0.00282418 0.00433626 -0.000778881 -0.000635666 -0.000722517 -0.000825021 -0.00148715 -0.00198993 -0.000808244
internal_weight=2.37497e+07 1.79394e+07 1.06967e+06 1.68698e+07 1.64676e+07 693724 773463 5.81032e+06 5.61965e+06 5.55446e+06 5.4393e+06 2.93817e+06 2.4083e+06 1.27776e+06
internal_count=35272 26498 382 26116 25930 254 230 8774 8746 8663 8513 3639 1385 721
is_linear=0
shrinkage=0.05


Tree=190
num_leaves=15
num_cat=0
split_feature=4 20 19 9 9 19 6 23 0 14 11 25 14 17
split_gain=1852.47 2227.54 1888.89 1575.16 4210.1 3200.55 1449.14 2262.18 1402.14 2257.39 1690.12 1404.56 1402.96 1962.48
threshold=16.411339423236502 0.00036693853648560006 0.014979895159869651 0.19813382299130983 0.13067246360888676 -0.0014855709088409498 15.282705728400392 -3.7788034798973693 14.877658416507368 1.7749915707983317 -0.15031631318504771 -0.5 1.3888635267165519 0.016682274263795305
decision_type=2 10 2 2 2 2 2 8 2 10 2 2 10 2
left_child=6 3 -3 4 -2 -5 8 -8 -1 10 -10 -11 13 -12
right_child=1 2 -4 5 -6 -7 7 -9 9 11 12 -13 -14 -15
leaf_value=-0.00018363954440803692 0.00015572265352634227 -0.00082821166734365357 0.00010544785623767695 5.4671419050569099e-05 -0.00067080606144806563 0.00036796070268929859 0.0010001008056725242 -0.00046677798454032148 0.0055859441265158002 0.00020631391837622935 0.0025688831175082324 0.002774888299437242 -0.0018023950552705529 -0.0023952787428314862
leaf_weight=14248461.545544147 731819.04248046875 581768.30688476562 600488.01538085938 880282.35717773438 873465.90551757812 723294.18310546875 302326.31103515625 3310648.9307861328 232516.20111083984 273011.80627441406 187384.81561279297 434845.46069335938 445726.76928710938 268910.61389160156
leaf_count=32131 135 125 128 190 164 156 106 1211 131 154 115 233 261 148
internal_value=2.32667e-05 0.000951955 -0.000903349 0.00163551 0.000528317 0.00274389 -0.000183697 -0.00108861 1.94882e-05 0.00131747 -6.4967e-05 0.00353321 -0.00104477 0.00090416
internal_weight=2.4095e+07 4.39112e+06 1.18226e+06 3.20886e+06 1.60528e+06 1.60358e+06 1.97038e+07 3.61298e+06 1.60909e+07 1.8424e+06 1.13454e+06 707857 902022 456295
internal_count=35388 898 253 645 299 346 34490 1317 33173 1042 655 387 524 263
is_linear=0
shrinkage=0.05


Tree=191
num_leaves=15
num_cat=0
split_feature=0 8 20 15 24 10 15 3 9 20 18 7 9 15
split_gain=2495.5 1230.13 3473.44 778.769 1361.66 1058.17 1581.19 1490.47 1118.84 916.813 1895.23 2997.3 2193.38 2447.49
threshold=17.419860989426706 0.064852118826147817 0.0114069958951861 19.332164999170981 1.6850664912594702 0.023860028578315654 19.320833299017838 17.169510099143395 0.50378013974049207 0.050111964743022104 0.55125686852329092 16.807051060811158 0.30659741550844316 17.042494515339072
decision_type=2 2 8 2 8 2 2 2 2 8 10 2 2 2
left_child=1 2 -1 5 -5 9 7 -7 -8 10 -3 12 -12 -14
right_child=-2 3 -4 4 -6 6 8 -9 -10 -11 11 -13 13 -15
leaf_value=0.0019909156475889584 3.3162167195058937e-05 -6.4483322450192617e-05 -0.00032743746516044556 -0.0042560577763586281 -0.00032220072567951499 9.5151581072837454e-05 0.0059323508976534172 0.0016671521159172557 0.0011746088597313299 -0.00067567999268307267 0.0031580295399101371 -0.00077981616880925435 0.0037249547088471129 2.1401036336866794e-05
leaf_weight=144097.47943973541 903616.2763671875 5763196.9551540613 123708.62563061714 640609.18386077881 2268922.5341529846 7641198.9476206303 191390.41763305664 117133.27685546875 139697.42079162598 4488905.746942997 391358.41395378113 265120.5908203125 95192.131553649902 708511.14242267609
leaf_count=109 132 7625 326 599 2327 13470 111 22 231 8914 197 55 257 813
internal_value=1.82758e-05 -8.30764e-05 0.00328583 -0.000122802 -0.000886626 -1.05705e-05 0.000429232 0.000284824 0.00381312 -0.000314333 3.43976e-05 0.00164341 0.00271039 0.00121564
internal_weight=2.38827e+07 2.2979e+07 267806 2.27112e+07 2.90953e+06 1.98017e+07 8.08942e+06 7.75833e+06 331088 1.17123e+07 7.22338e+06 1.46018e+06 1.19506e+06 803703
internal_count=35188 35056 435 34621 2926 31695 13834 13492 342 17861 8947 1322 1267 1070
is_linear=0
shrinkage=0.05


Tree=192
num_leaves=15
num_cat=0
split_feature=0 26 18 23 11 14 6 9 14 6 8 1 23 7
split_gain=3037.11 2322.95 2731.43 3141.7 1860.85 1421.98 1304.92 1108.08 1457.07 821.049 2565.14 1882.76 561.498 1434.53
threshold=16.533265774342059 0.6830127018922193 0.49405550574646351 2.4308761225760551 0.064683413359253969 1.6969456881640719 16.420481291213544 0.099641508914028162 1.6439011579210194 16.195747581550723 0.20909418672783139 16.158092031731105 6.8867884999821509 15.415654357169361
decision_type=2 2 10 10 2 10 2 2 8 2 2 2 10 2
left_child=6 2 3 5 -4 -2 7 8 -1 11 -11 12 -9 -14
right_child=1 -3 4 -5 -6 -7 -8 9 -10 10 -12 -13 13 -15
leaf_value=-0.0011359371505773245 0.00014875392630861049 -6.3797688066413944e-05 0.00011112902444089377 0.00068126090890387387 -0.00035541827889001544 7.9595156904087185e-06 -0.0019949810498211475 -0.00016777225179073546 0.0027983537747535473 -0.00067754469505676386 0.0010959372278679935 -0.0013255245457971321 0.00077157399004437635 0.0064962704329990092
leaf_weight=33538.032165527344 519945.32836914062 963464.08251953125 555273.01318359375 587141.81103515625 508594.16381835938 666524.20239257812 412841.46044921875 16468831.67668438 37141.398178100586 414810.79370117188 363537.06811523438 364022.1455078125 1766163.3647196293 140117.83032226562
leaf_count=19 99 191 116 111 102 131 102 29559 191 120 107 118 4313 52
internal_value=6.89387e-05 0.00136455 0.00208482 0.00328629 8.18027e-05 0.00180593 -0.000177276 -0.000118644 0.00613056 -0.000141275 0.00144995 -0.000207368 -0.000136827 0.000675568
internal_weight=2.38019e+07 3.80094e+06 2.83748e+06 1.77361e+06 1.06387e+06 1.18647e+06 2.0001e+07 1.95882e+07 70679.4 1.95175e+07 778348 1.87391e+07 1.83751e+07 1.90628e+06
internal_count=35331 750 559 341 218 230 34581 34479 210 34269 227 34042 33924 4365
is_linear=0
shrinkage=0.05


Tree=193
num_leaves=15
num_cat=0
split_feature=9 24 10 15 19 9 20 9 27 4 8 25 24 4
split_gain=1300.47 2696.82 1939.32 1972.08 1865.64 1428.68 1249.96 867.063 1248.15 1494.32 1459.61 2087.64 1075.19 1537.13
threshold=0.13067246360888676 0.98169407930314956 0.039608830008564362 19.350799637334983 -0.0014855709088409498 0.13827813384070328 0.011929944199987002 0.14408993956811442 9.5000000000000018 17.179119157328174 0.089262396150043263 1.0000000180025095e-35 7.8248135322397507 16.411339423236502
decision_type=2 8 2 2 2 2 8 2 2 2 2 2 10 2
left_child=1 6 3 4 -3 -2 -1 -7 10 -10 11 -9 -12 -14
right_child=5 2 -4 -5 -6 7 -8 8 9 -11 12 -13 13 -15
leaf_value=0.0015267924696754091 -0.00027926541113537336 -0.00071842399656877221 -0.00019768908276374038 0.00056817702415849899 5.56689765159953e-05 0.0013803658350420552 0.00013846253761832963 0.00064261752233614824 -0.00035182783120325453 -0.0029944966668503164 -3.1987593204243739e-05 -0.0012890792015797085 0.0024553328542422058 0.00061675868410043756
leaf_weight=302983.52909851074 329604.85455322266 268366.69174194336 280224.39503479004 175519.26977539062 231046.69380187988 361816.0467300415 296151.77998352051 83167.704481601715 5176353.0709018707 202275.85888671875 14830113.29539907 122265.85839164257 1158972.3979537487 137764.1630859375
leaf_count=102 134 197 105 40 180 136 102 101 8488 33 23156 149 2342 38
internal_value=-3.4732e-05 0.00136385 -0.000285663 0.00116605 -0.000436216 -0.000131767 0.00399354 -8.29734e-05 -0.000123428 -0.000784048 9.41301e-05 0.0042821 4.07811e-05 0.00142143
internal_weight=2.39566e+07 1.55429e+06 955157 674933 499413 2.24023e+07 599135 2.20727e+07 2.17109e+07 5.37863e+06 1.63323e+07 205434 1.61268e+07 1.29674e+06
internal_count=35303 726 522 417 377 34577 204 34443 34307 8521 25786 250 25536 2380
is_linear=0
shrinkage=0.05


Tree=194
num_leaves=15
num_cat=0
split_feature=0 2 7 7 2 7 12 0 0 3 23 24 9 9
split_gain=3628.52 1126.34 1568.71 780.877 930.38 1376.04 716.606 670.75 944.051 765.672 768.412 1125.63 725.523 1385.44
threshold=17.419860989426706 17.4270168375546 17.375687477891912 17.114749279343759 16.998031306214585 16.807051060811158 5.5000000000000009 16.994451200594245 16.846705175829062 16.691666025947082 -10.063395810728649 2.4339156147614505 0.13827813384070328 0.15902261461074893
decision_type=2 2 2 2 2 2 2 2 2 2 8 8 2 2
left_child=1 2 3 4 5 6 -1 8 9 10 11 -8 -12 -14
right_child=-2 -3 -4 -5 -6 -7 7 -9 -10 -11 12 -13 13 -15
leaf_value=0.01765015060732843 4.3354557249753034e-05 -0.0072401020303056868 0.00032954149171231765 -0.00026476501070285454 0.00018510755970886059 -0.00052867579689186699 0.01220913919312539 -0.0046625057291833491 0.0022814026134504472 0.00068588212567949087 -0.00047783546339642417 -0.0004515131762163241 0.0015431868930262161 -0.00016760993907892241
leaf_weight=95745.658658862114 882722.0361328125 121199.66650390625 119329.3369140625 628190.486328125 617640.33374023438 785264.25439453125 132861.17413139343 70899.931396484375 99164.47998046875 343244.4326171875 647089.98037719727 136895.17488288879 647037.62815093994 18641310.790268421
leaf_count=1277 129 20 19 115 127 165 199 17 25 85 478 220 464 31895
internal_value=-7.22919e-05 -0.000192588 -0.000167216 -0.000197083 -0.000147928 -0.000202643 -0.000125127 -0.000145071 -0.0001284 -0.000151887 -0.000191667 0.00245905 -0.000227535 -0.000172287
internal_weight=2.39686e+07 2.30859e+07 2.29647e+07 2.28453e+07 2.22172e+07 2.15995e+07 2.08142e+07 2.07185e+07 2.06476e+07 2.05484e+07 2.02052e+07 269756 1.99354e+07 1.92883e+07
internal_count=35235 35106 35086 35067 34952 34825 34660 33383 33366 33341 33256 419 32837 32359
is_linear=0
shrinkage=0.05


Tree=195
num_leaves=15
num_cat=1
split_feature=3 4 4 2 21 19 4 8 15 2 29 6 20 9
split_gain=1848.51 1237.39 885.601 2816.04 2246.79 2192.29 1703.79 1142.56 2672.41 1000.08 2704.6 1764.82 923.086 1714.98
threshold=17.441669403438507 17.179119157328174 16.411339423236502 16.536166990069358 10.949198539433239 -0.0014855709088409498 16.856164222692549 0.089262396150043263 19.326047965111346 16.04258516408715 0 16.195747581550723 0.039986620510627659 0.15902261461074893
decision_type=2 2 2 2 10 2 2 2 2 2 1 2 8 2
left_child=1 2 7 5 6 -4 -5 8 12 11 -11 -9 -1 -14
right_child=-2 -3 3 4 -6 -7 -8 9 -10 10 -12 -13 13 -15
leaf_value=-0.00019024530306964836 3.7758433523802692e-05 -3.7386107274693832e-05 0.00013640249465072886 0.00023927198171829137 -0.0012424391540394545 0.0018831505325208062 -0.00019629665168671473 -5.7617512007004483e-05 0.0024499664959568863 0.00047653213921448699 -0.0011917225341443801 0.0021247623204178616 0.0048704796949230267 -0.0013054289187089257
leaf_weight=151275.51532077789 837028.3779296875 818283.41284179688 364930.580078125 575359.59619140625 538532.99291992188 365397.3076171875 793402.75341796875 17900750.691066861 55302.684734344482 445991.86450195312 947116.56811523438 106791.24072265625 50346.268676757812 51895.027044415474
leaf_count=186 122 149 102 132 119 101 158 33446 50 132 288 31 188 198
internal_value=2.18468e-05 -6.15604e-05 8.36669e-06 0.000868785 -0.000142173 0.00350896 0.000934253 -0.000106779 0.00291059 -0.000154809 -0.00144548 -5.496e-05 0.000738191 0.00440813
internal_weight=2.40024e+07 2.31654e+07 2.23471e+07 2.63762e+06 1.9073e+06 730328 1.36876e+06 1.97095e+07 308819 1.94007e+07 1.39311e+06 1.80075e+07 253517 102241
internal_count=35402 35280 35131 612 409 203 290 34519 622 33897 420 33477 572 386
cat_boundaries=0 1
cat_threshold=1
is_linear=0
shrinkage=0.05


Tree=196
num_leaves=15
num_cat=1
split_feature=4 14 19 18 11 16 7 19 28 3 3 18 22 5
split_gain=2010.8 2274.79 3291.63 3490.57 3349.09 1622.91 1108.35 1220.59 1219.85 1085.49 997.737 740.819 1606.27 1589.13
threshold=16.411339423236502 2.3234707154231535 0.017275286540550706 0.55125686852329092 0.057590863761348011 18.407908271991452 16.203243434593986 -0.0053716608009118493 0 15.266957217830116 15.153099527080643 0.059903577665432604 21.048113136224188 14.880350224662141
decision_type=2 10 2 10 2 2 2 2 1 2 2 10 2 2
left_child=6 2 3 -2 -5 -3 8 -8 9 10 -1 12 13 -10
right_child=1 5 -4 4 -6 -7 7 -9 11 -11 -12 -13 -14 -15
leaf_value=-0.0013668389831472461 0.00049486876442506901 0.00013630327481992607 -6.6150569152739392e-05 0.00018589299993048043 -0.0016857989134245258 -6.7201764608310337e-05 -0.0010109480355048296 -0.00015458999824360985 0.0011670923632884083 -0.0042624971847158759 0.0037861616312454905 4.3895367902189019e-05 0.012908525581697873 0.0032550861292315134
leaf_weight=3970642.3723198175 991517.62182617188 743588.6640625 894914.587890625 528766.50244140625 573802.38110351562 618031.71166992188 486248.49755859375 509021.26416015625 1841025.9820055962 227008.51135253906 99652.338989257812 12337241.005194902 112449.3159942627 45472.239379882812
leaf_count=12230 190 156 183 125 119 122 136 141 7196 101 52 14414 158 23
internal_value=9.45045e-05 0.00106704 0.00183871 0.0029234 0.000987565 -0.000626906 -0.000121054 -0.00174675 -3.42204e-05 -0.000773136 -0.000585468 0.000187271 0.0010802 0.000734159
internal_weight=2.39794e+07 4.35062e+06 2.989e+06 2.09409e+06 1.10257e+06 1.36162e+06 1.96288e+07 995270 1.86335e+07 4.2973e+06 4.07029e+06 1.43362e+07 1.99895e+06 1.8865e+06
internal_count=35346 895 617 434 244 278 34451 277 34174 12383 12282 21791 7377 7219
cat_boundaries=0 1
cat_threshold=537
is_linear=0
shrinkage=0.05


Tree=197
num_leaves=15
num_cat=0
split_feature=17 17 18 11 20 20 18 10 27 22 20 3 10 21
split_gain=1361.85 2316.9 1170.84 1264.09 937.032 1392.07 2499.69 848.75 780.113 919.954 3024.47 3567.52 1703.06 1962.33
threshold=0.39233366882668819 0.35606061239567061 0.35634484808704608 -0.053270809047041241 -0.079788818648154985 -0.066652965424567043 0.27785482271714368 -0.06964336177763189 9.5000000000000018 18.23660098240634 0.038680543246289605 16.401501956730314 -0.13866569850045876 7.8656224070459704
decision_type=2 2 10 2 8 8 10 2 2 2 10 2 2 10
left_child=1 4 3 -2 -1 6 -6 -5 9 -7 12 -12 13 -11
right_child=2 -3 -4 7 5 8 -8 -9 -10 10 11 -13 -14 -15
leaf_value=-0.0043329265206119389 0.00014531756136812224 0.00048645873617736033 -0.0057288960359576742 1.9188193129067256e-05 -0.00010118593081172361 -0.00013762601723641581 0.0045298077522069984 -0.0014144987291981742 -0.00025266644979939637 0.0027381580429830486 0.00083940475244132819 0.0011000650681003625 0.00016035764601792505 -0.0010211654238096591
leaf_weight=217514.82891845703 387406.06854248047 497484.46948242188 302936.92456054688 248733.94012451172 110788.50276613235 11499402.121724606 89933.413059234619 464417.14807128906 5434784.5077303648 139177.15700054169 249093.14341199398 162336.1806640625 2947694.6751332283 1264846.7852252722
leaf_count=333 180 137 89 102 203 20442 93 176 8525 476 355 33 2915 1371
internal_value=-8.60131e-05 7.78746e-06 -0.00159733 -0.00083965 -6.81201e-05 -3.56831e-05 0.00410912 -0.0020886 -7.40267e-05 9.92908e-05 0.000683609 0.00478122 0.000296204 -0.001137
internal_weight=2.40165e+07 2.26131e+07 1.40349e+06 1.10056e+06 2.21156e+07 2.18981e+07 200722 713151 2.16973e+07 1.62626e+07 4.76315e+06 411429 4.35172e+06 1.40402e+06
internal_count=35430 34883 547 458 34746 34413 296 278 34117 25592 5150 388 4762 1847
is_linear=0
shrinkage=0.05


Tree=198
num_leaves=15
num_cat=0
split_feature=4 4 27 23 23 23 11 2 5 19 25 5 0 14
split_gain=1530.32 1576.81 1430.29 1246.81 2161.92 2740.46 934.945 889.261 2287.4 1154.48 846.857 1329.78 1170 1942.7
threshold=17.179119157328174 16.411339423236502 7.5000000000000009 0.83039527915485012 2.5228400253385952 3.0199582761667703 -0.059781318536450544 15.261098621047049 15.438572441076465 -0.03461718224751404 -0.5 15.162556046834117 14.977525524734654 2.0691083566483957
decision_type=2 2 2 10 10 10 2 2 2 2 2 2 2 10
left_child=1 7 -2 -3 6 -6 -5 8 10 -9 11 -1 -12 -14
right_child=2 3 -4 4 5 -7 -8 9 -10 -11 12 -13 13 -15
leaf_value=-0.00047773473201135111 -2.7340465408453027e-06 0.00038994694121732452 -0.00046500304152809386 9.6988290875858068e-05 0.001900896960312349 -9.9562818692497875e-06 -0.001110249446459683 -0.0017896885952647938 0.0108077357527235 -0.00017038696578779784 0.00012783490352454629 -0.0030217916566296797 0.00067826064537520421 0.0035470940807053987
leaf_weight=4985296.0641894341 878368.50439453125 517225.22436523438 686985.69384765625 499698.1796875 542993.37475585938 651002.56298828125 575337.2041015625 494983.46362304688 128956.29357910156 3150797.390625 9800548.2213548422 201145.015625 646304.212890625 202686.42529296875
leaf_count=10782 140 116 113 112 122 157 131 185 54 1186 21753 102 353 107
internal_value=-5.49475e-05 5.06877e-05 -0.00156637 0.0011637 0.000658719 0.00212318 -0.0009678 -0.000107448 5.34499e-05 -0.000812021 -5.5784e-07 -0.0005245 0.000254608 0.00203523
internal_weight=2.39623e+07 2.2397e+07 1.56535e+06 2.78626e+06 2.26903e+06 1.194e+06 1.07504e+06 1.96107e+07 1.59649e+07 3.64578e+06 1.5836e+07 5.18644e+06 1.06495e+07 848991
internal_count=35413 35160 253 638 522 279 243 34522 33151 1371 33097 10884 22213 460
is_linear=0
shrinkage=0.05


Tree=199
num_leaves=15
num_cat=0
split_feature=10 6 25 0 4 3 19 8 9 2 9 19 3 16
split_gain=1063.58 1217.11 1050.63 1026.89 877.388 3637.75 2148.33 2783.13 1658.49 1002.13 1582.49 2193.45 3996.71 2037.9
threshold=-0.34242773031301071 13.371153396016339 0.93301270189221952 13.447363100354638 16.411339423236502 16.691666025947082 0.0035602670693549504 0.1520367391642001 0.21668140125577132 15.261098621047049 0.26367395320874026 -0.016407059656580947 16.275216496733716 16.238508135383409
decision_type=2 2 2 2 2 2 2 2 2 2 2 2 2 2
left_child=1 3 -3 -1 9 8 7 -7 -6 -2 11 -11 -13 -12
right_child=4 2 -4 -5 5 6 -8 -9 -10 10 13 12 -14 -15
leaf_value=-0.0003864064830905959 0.00015965779792883103 -0.0027419095875374734 0.00024118974301980361 0.018388964393370011 0.00010900790627120863 0.00023303835517416555 -5.6893419057201238e-05 -3.2426137160356834e-05 0.001305483801252923 -0.00057210473176409152 -0.00021193184103863004 -3.5240279378470609e-05 0.0024869303749429977 -0.00191266503740067
leaf_weight=1834542.5054731369 12906028.679822206 1419409.8999023438 182154.70294189453 33879.52001953125 467920.94458007812 1035354.4370117188 1292405.1159667969 722705.3994140625 567471.22192382812 501589.89501953125 1078270.0603027344 845888.93200683594 298230.61694335938 818848.11303710938
leaf_count=7008 25196 857 107 36 120 191 235 134 150 174 464 321 84 299
internal_value=-1.27811e-05 -0.000822412 -0.00183384 4.45629e-05 0.000124032 0.000779796 -8.93938e-05 0.00104829 0.0033406 -3.88587e-05 -0.000783736 0.000350845 0.00155948 -0.00176796
internal_weight=2.40047e+07 3.46999e+06 1.60156e+06 1.86842e+06 2.05347e+07 4.08586e+06 3.05046e+06 1.75806e+06 1.03539e+06 1.64489e+07 3.54283e+06 1.64571e+06 1.14412e+06 1.89712e+06
internal_count=35376 8008 964 7044 27368 830 560 325 270 26538 1342 579 405 763
is_linear=0
shrinkage=0.05


Tree=200
num_leaves=15
num_cat=0
split_feature=8 18 22 26 14 3 14 10 7 7 0 19 15 19
split_gain=1234.92 2896.73 1842.01 1698.66 722.169 1550.78 996.872 1060.24 1100.82 966.499 1721.83 950.162 1019.29 2127.87
threshold=0.078990536318368373 0.27785482271714368 18.655332724125884 0.25000000000000017 1.4686940559539556 16.850127835172454 1.3944916028287488 -0.43417342266018 13.53183742996247 15.949843188029041 15.555951471921672 0.055362550854933253 18.079377068978296 -0.0014855709088409498
decision_type=2 8 2 2 10 2 10 2 2 2 2 2 2 2
left_child=1 2 3 -1 5 6 7 8 -2 10 -8 12 -6 -14
right_child=4 -3 -4 -5 11 -7 9 -9 -10 -11 -12 -13 13 -15
leaf_value=0.0013246106348607173 -0.00078934440874530712 0.00042607157998607011 -0.0020711779968566892 -0.0070175277984780588 -4.8156901962372552e-05 -0.0034489633237393944 -0.0013979203318400561 0.00014255160610927885 -0.0059265864966011163 -0.0011039650260274683 0.008765201706186632 -0.00015878624809982018 -1.1052175478086086e-05 0.000586911817956886
leaf_weight=35513.246201038361 769674.23625230789 448117.46881484985 191725.65954375267 34141.737249732018 6137545.1242005825 177730.15502929688 1187760.372427702 7939828.5954761505 501333.44616699219 381011.91479492188 109940.72436523438 627710.97917699814 2851621.9376220703 2396287.4311070442
leaf_count=107 2455 199 187 101 13083 34 1491 11854 349 112 44 950 2244 2072
internal_value=-1.25903e-05 0.00204206 -0.00214112 0.00482262 -7.57509e-05 -0.000367142 -0.000291528 -8.7296e-05 -0.00142806 -0.00141212 -0.00076204 0.000192696 0.000297107 0.000808726
internal_weight=2.37899e+07 709498 261381 69655 2.30804e+07 1.10673e+07 1.08895e+07 9.21084e+06 1.27101e+06 1.67871e+06 1.2977e+06 1.20132e+07 1.13855e+07 5.24791e+06
internal_count=35282 594 395 208 34688 16339 16305 14658 2804 1647 1535 18349 17399 4316
is_linear=0
shrinkage=0.05


Tree=201
num_leaves=15
num_cat=0
split_feature=6 0 19 5 2 5 1 0 10 21 19 20 19 19
split_gain=1101.52 2860.92 1420.82 5268.35 1726.61 2242.35 967.723 2212.56 794.391 1147.62 1115.2 909.734 1112.42 766.19
threshold=17.353540390897464 17.419860989426706 -0.031869132652534493 16.960881889764313 16.536166990069358 16.320212067152102 15.928669810864353 15.671123781704924 -0.10219042367059562 7.6202392039902014 -0.040513359699795894 -0.039270899137362598 -0.040797071066403741 -0.026476018212164797
decision_type=2 2 2 2 2 2 2 2 2 10 2 8 2 2
left_child=1 2 3 4 5 6 7 8 11 10 -10 12 -1 -4
right_child=-2 -3 13 -5 -6 -7 -8 -9 9 -11 -12 -13 -14 -15
leaf_value=-0.00013459726904864442 -7.5091646058886527e-05 0.00025698923142602803 -0.0022453841881052905 0.0017400403726484555 -0.0021430655605517092 0.00077989529459359557 -0.0016248647507402906 0.00065165628441523683 0.0029869866254268484 0.00083386562235653484 0.0061834439828586905 -0.0029162138094426596 0.010155704609794791 -4.8645279624727743e-05
leaf_weight=147324.59631061554 883462.62841796875 109876.71044921875 1046897.1075124741 155821.6552734375 217877.58154296875 125321.35180664062 223309.55712890625 106441.5859375 51979.653591156006 1390782.9146922827 45864.898143768311 845291.89782273769 82556.594262123108 18214931.398843288
leaf_count=246 129 19 1593 30 51 34 69 37 134 2645 96 1765 169 28226
internal_value=-0.000117604 -5.03782e-05 -8.94149e-05 0.000854098 0.000421781 0.00073202 0.000448426 0.000712855 0.000419593 0.00116757 0.00640163 -0.000616023 0.00217292 -0.000255595
internal_weight=2.36477e+07 2.27643e+07 2.26544e+07 3.39257e+06 3.23675e+06 3.01887e+06 2.89355e+06 2.67024e+06 2.5638e+06 1.48863e+06 97844.6 1.07517e+06 229881 1.92618e+07
internal_count=35243 35114 35095 5276 5246 5195 5161 5092 5055 2875 230 2180 415 29819
is_linear=0
shrinkage=0.05


Tree=202
num_leaves=15
num_cat=0
split_feature=10 9 27 26 0 4 22 22 16 16 1 0 15 5
split_gain=874.024 2276.04 1648.15 2304.7 5423.85 1677.51 1434.06 4275.72 2710.48 1298.18 1938.16 1833.74 1287.21 1278.35
threshold=-0.19274428282595302 0.27887901350807187 2.5000000000000004 0.6830127018922193 16.3974896391274 16.699285893163054 19.617331230798943 19.612712971140649 17.289958734822715 18.316622198225307 15.556222073247737 15.469354322107636 19.435665480687568 16.089743665749982
decision_type=2 2 2 2 2 2 2 2 2 2 2 2 2 2
left_child=1 -1 3 4 13 -5 7 -4 -8 10 11 12 -3 -2
right_child=2 9 6 5 -6 -7 8 -9 -10 -11 -12 -13 -14 -15
leaf_value=-0.0040847369360440039 0.0027021829273191338 -0.00028663244754310874 1.0295154684038665e-05 0.00016612951455716022 0.0013979037491928003 -0.0011555947052169218 0.0011687548381970885 0.0081013349563792188 -0.0015426415188307052 0.00031096362027244916 -0.0019044015273775019 0.0015899618707316304 0.0065702765412578639 -0.0024474119350917055
leaf_weight=725848.51112747192 1024749.7086033821 4554385.3838547468 13448062.185007811 1372679.9687359333 254173.57055664062 261207.2919921875 381828.54236602783 104676.59976196289 921310.53552246094 229863.38873291016 355895.796875 99814.09912109375 59875.171417236328 76208.34423828125
leaf_count=431 1819 10699 18935 2093 53 48 404 51 446 100 93 36 95 22
internal_value=-4.03969e-06 -0.0005247 0.000171771 0.00124303 0.00276756 -2.13901e-05 -4.37678e-05 0.000108563 -0.00162802 -0.000165075 -0.0003317 -6.30876e-05 -0.000208127 0.00124766
internal_weight=2.38706e+07 6.02568e+06 1.78449e+07 2.98902e+06 1.35513e+06 1.63389e+06 1.48559e+07 1.35527e+07 1.30314e+06 5.29983e+06 5.06997e+06 4.71407e+06 4.61426e+06 1.10096e+06
internal_count=35325 11454 23871 4035 1894 2141 19836 18986 850 11023 10923 10830 10794 1841
is_linear=0
shrinkage=0.05


Tree=203
num_leaves=15
num_cat=1
split_feature=4 24 11 7 19 21 19 0 8 7 28 6 8 0
split_gain=749.067 2629.88 2470.29 1674.46 1584.1 1909.74 2569.08 2359.24 2906.77 2291.2 665.008 2727.16 1288.09 1841.77
threshold=16.168471743006108 2.8807611819448851 0.057590863761348011 16.203243434593986 -0.029759344070959644 10.631555854924844 -0.0081292404924435489 16.994451200594245 0.15998677451736962 16.984761516005801 0 16.195747581550723 0.25745182052255949 14.621783176980921
decision_type=2 10 2 2 2 10 2 2 2 2 1 2 2 2
left_child=3 4 -3 10 -2 7 -7 8 -6 -8 11 12 -1 -14
right_child=1 2 -4 -5 5 6 9 -9 -10 -11 -12 -13 13 -15
leaf_value=-0.00043851950247791248 0.0002380059824703833 0.00017415190710905453 -9.6263594886876721e-05 -0.0010500880865231669 0.00014327463636914359 -8.248455147963807e-05 0.0017339609763086556 -0.00093815495309048334 -0.0016193578502165338 -3.5039111891623884e-05 -0.0002102807449845411 0.0012157617802626267 0.00058524615668569023 0.0040286566803205458
leaf_weight=1978407.8267101049 601033.64038085938 633756.28979492188 422711.29736328125 410350.00415039062 413200.50390625 564505.22192382812 616310.84252929688 613670.9111328125 509354.77319335938 701965.6533203125 12657946.737866879 60954.175537109375 2928083.0014301538 790778.22222900391
leaf_count=1996 133 148 97 116 104 111 154 119 137 115 22362 19 9240 414
internal_value=2.87505e-05 0.000567772 0.00278772 -0.000116595 -1.56302e-05 -0.000431776 0.000635644 -0.00173999 -0.000141907 0.00184426 -4.62067e-05 0.000399266 0.000286715 0.000835072
internal_weight=2.3903e+07 5.07651e+06 1.05647e+06 1.88265e+07 4.02004e+06 3.41901e+06 1.88278e+06 1.53623e+06 922555 1.31828e+06 1.84162e+07 5.75822e+06 5.69727e+06 3.71886e+06
internal_count=35265 1118 245 34147 873 740 380 360 241 269 34031 11669 11650 9654
cat_boundaries=0 1
cat_threshold=230
is_linear=0
shrinkage=0.05


Tree=204
num_leaves=15
num_cat=0
split_feature=4 14 24 14 18 21 24 16 2 9 19 24 24 21
split_gain=1561.4 2403.98 2191.22 3152.23 1995.28 1830.58 1723.66 1615.99 1607.2 1211.42 1158.69 837.629 754.596 913.095
threshold=16.168471743006108 1.4686940559539556 1.4321253711642201 1.6969456881640719 0.27277323660146974 10.283958610394317 2.2469877006854504 18.407908271991452 15.671478107019702 0.099641508914028162 0.020977209751282453 1.4547165740020251 2.4883974610312305 10.51164041634174
decision_type=2 10 10 10 10 10 10 2 2 2 2 10 10 10
left_child=8 5 3 -3 -4 -2 -6 -5 9 11 12 -1 13 -10
right_child=1 2 4 7 6 -7 -8 -9 10 -11 -12 -13 -14 -15
leaf_value=0.0044607100902388733 0.00014833391125760421 0.00017326302354357464 0.00051260250043945661 -7.5156617300430062e-05 -0.00010701302360408524 -0.0019075475192764117 8.482924391600466e-05 -0.0005689558232197645 0.001023481779115733 1.722944213830007e-05 -0.0024443514991854516 0.00096247424822460705 -0.0034321548464183956 -0.00016975329002689749
leaf_weight=27918.425689697266 418479.35131835938 719619.8515625 694542.630859375 790296.22875976562 756070.07055664062 398446.97729492188 932794.49682617188 462163.53051757812 311832.58203125 17120463.920841455 444236.30590820312 25428.908462524414 532571.98315429688 299583.43334960938
leaf_count=49 120 149 162 182 149 94 184 97 109 33378 155 160 183 104
internal_value=0.000102614 0.000871759 0.00133859 0.000105681 0.00235873 -0.00161719 0.00143099 -0.00140958 -0.000109428 3.13018e-05 -0.00163117 0.0075542 -0.000789598 0.000408899
internal_weight=2.39344e+07 5.17241e+06 4.35549e+06 1.97208e+06 2.38341e+06 816926 1.68886e+06 1.25246e+06 1.8762e+07 1.71738e+07 1.58822e+06 53347.3 1.14399e+06 611416
internal_count=35275 1137 923 428 495 214 333 279 34138 33587 551 209 396 213
is_linear=0
shrinkage=0.05


Tree=205
num_leaves=15
num_cat=0
split_feature=0 2 0 0 7 16 0 20 23 3 1 7 3 21
split_gain=1493.21 2308.56 2719.7 2195.98 1217.86 795.323 1114.66 1614.03 1520.28 1184.97 939.698 1060.42 778.503 2013.58
threshold=17.419860989426706 17.165049622732749 16.846705175829062 16.994451200594245 16.807051060811158 18.472836192843562 16.273039820797113 -0.0011390669759102998 2.7458058519979605 16.537870894875581 16.536166990069358 16.29414425370425 15.930780293996753 10.597509584741148
decision_type=2 2 2 2 2 2 2 10 10 2 2 2 2 8
left_child=1 2 4 -4 5 6 9 8 -8 10 11 12 -1 -14
right_child=-2 -3 3 -5 -6 -7 7 -9 -10 -11 -12 -13 13 -15
leaf_value=-0.00015861993057225362 5.0969766576357045e-05 -0.0017457864438468595 0.00028489048041998785 5.1413095034936542e-05 -0.0022255754156157406 -0.002719640964289536 0.00012562518996690029 0.00087051396763490997 -0.00053298713334225581 -0.0024336830588323824 6.9376005371284886e-05 -0.00133026002679689 0.0017830663817730568 -0.0008733661558527131
leaf_weight=17445099.904529095 881368.24755859375 713379.12646484375 528413.38696289062 746187.53295898438 361650.70166015625 327760.07131958008 438829.97680664062 539407.1171875 405841.12158203125 203021.56591796875 63823.86962890625 231381.00268554688 524722.36975097656 358279.03454589844
leaf_count=33578 128 130 113 148 76 266 123 144 115 55 19 64 179 116
internal_value=-1.4457e-06 -7.92136e-05 1.08548e-05 0.00225313 -0.000125893 -7.52453e-05 -3.56219e-05 0.00133386 -3.05966e-05 -0.000136304 -9.48864e-05 -0.000115714 -7.32492e-05 0.00137518
internal_weight=2.37692e+07 2.28878e+07 2.21744e+07 1.2746e+06 2.08998e+07 2.05382e+07 2.02104e+07 1.38408e+06 844671 1.88263e+07 1.86233e+07 1.85595e+07 1.83281e+07 883001
internal_count=35254 35126 34996 261 34735 34659 34393 382 238 34011 33956 33937 33873 295
is_linear=0
shrinkage=0.05


Tree=206
num_leaves=15
num_cat=0
split_feature=7 25 24 1 20 16 23 23 7 26 1 2 18 9
split_gain=1714.48 1168.08 2439.38 3022.94 2259.7 1736.79 1494.96 1470.85 1395.12 1155.73 4661.98 1283 1559.15 2239
threshold=17.375687477891912 0.68301270189221941 0.86965070831088365 14.98199065743526 0.091622620167224611 18.316622198225307 3.1499754584058057 3.1813620832570053 17.114749279343759 0.93301270189221952 16.997225798689893 14.74651423346843 0.75196990740825687 0.25255206439602912
decision_type=2 2 8 2 10 2 10 10 2 2 2 2 10 2
left_child=1 4 3 -3 8 6 -4 -8 9 11 -11 -1 -13 -14
right_child=-2 2 5 -5 -6 -7 7 -9 -10 10 -12 12 13 -15
leaf_value=5.7251781065634148e-06 5.833925118023646e-05 0.00090220636207974381 -0.0014039930907437234 0.0014375471970458614 0.0017279475235853225 0.0010146853632918532 0.0036361136399057875 0.0012480617915480818 -0.00046875719172582986 0.00026494427107227094 0.00027801533079517554 -0.00038310602533364455 0.00088522827006144028 -0.00028579513892647686
leaf_weight=9147966.8240127563 907591.78173828125 723147.53670692444 2333431.2290863991 525663.05517578125 165653.29183197021 177154.55627441406 74978.403884887695 1891189.3717393875 594890.9462890625 1712099.0885636806 81038.834716796875 3548148.424987793 547979.07287597656 1506993.2406616211
leaf_count=21123 131 1649 3269 158 180 93 76 3491 108 2858 17 1325 173 643
internal_value=6.40629e-05 -1.99388e-05 0.000599118 0.00255316 -0.000224764 5.40288e-05 -0.000145876 0.000869806 -0.000280935 -0.000195394 0.00100322 -0.000341097 -0.000936923 0.000159043
internal_weight=2.39379e+07 2.30303e+07 5.72556e+06 1.24881e+06 1.73048e+07 4.47675e+06 4.2996e+06 1.96617e+06 1.71391e+07 1.65442e+07 1.79314e+06 1.47511e+07 5.60312e+06 2.05497e+06
internal_count=35294 35163 8736 1807 26427 6929 6836 3567 26247 26139 2875 23264 2141 816
is_linear=0
shrinkage=0.05


Tree=207
num_leaves=15
num_cat=0
split_feature=19 5 22 6 15 0 7 25 22 0 24 9 7 2
split_gain=1481.5 6443.72 1443.36 1385.41 1705.71 1417.55 1031.09 926.704 1603.04 1485.64 1205.86 1369.24 1786.51 2815.72
threshold=-0.018468429717034846 16.796940509220686 16.238065670454812 16.958239102935611 19.217144507318054 16.846705175829062 16.807051060811158 -0.24999999999999997 16.661388513794559 16.3974896391274 0.49128118563292256 0.15399664588643799 16.110960638906878 14.884031844980957
decision_type=2 2 2 2 2 2 2 2 2 2 10 2 2 2
left_child=1 2 -1 5 -5 -2 7 8 -4 -9 -10 -12 13 -13
right_child=3 -3 6 4 -6 -7 -8 9 10 -11 11 12 -14 -15
leaf_value=-0.0020338856559836043 -5.1437770922205707e-05 0.00031774039214782756 0.011059394956822068 -0.00070757500346713381 1.4648907552524205e-05 0.00062214704879640754 -0.0019080122437359738 -0.00010942171447159988 0.0054552757099883969 0.00054483194234368666 -0.0023911105536546422 0.0033811383458350061 0.00081596746774850954 -0.0022663481526486798
leaf_weight=1911963.4310250282 14967280.591519952 859094.74731445312 88224.860844612122 1013672.8618164062 650036.09033203125 395520.7900390625 80132.865234375 2427203.0110477209 148324.33765411377 144019.537109375 101881.65412902832 715828.26255917549 126243.15551757812 285020.26123046875
leaf_count=4145 24848 154 181 186 102 88 17 3620 186 38 58 1525 36 134
internal_value=4.75551e-05 0.000666297 8.90022e-05 -0.000202752 -0.00157329 -5.43294e-05 0.000616227 0.000727714 0.00173117 0.000155773 0.00131264 0.000798668 0.00130044 0.000593451
internal_weight=2.39144e+07 6.88794e+06 6.02884e+06 1.70265e+07 1.66371e+06 1.53628e+07 4.11688e+06 4.03675e+06 1.46552e+06 2.57122e+06 1.3773e+06 1.22897e+06 1.12709e+06 1.00085e+06
internal_count=35318 10094 9940 25224 288 24936 5795 5778 2120 3658 1939 1753 1695 1659
is_linear=0
shrinkage=0.05


Tree=208
num_leaves=15
num_cat=0
split_feature=0 4 19 2 4 4 4 5 7 20 3 19 2 23
split_gain=1359.12 3773.31 3241.31 1583.32 668.383 832.851 1714.54 1065.59 1345.67 769.903 660.982 1736.97 1044.03 1254.56
threshold=16.846705175829062 17.017299882291177 -0.015044224044914999 16.849067115038203 17.179119157328174 16.411339423236502 16.554399131064109 16.445570641160668 16.203243434593986 0.0080211411637440017 15.930780293996753 -0.0083378322809124477 15.090779240072619 -1.0951853747429097
decision_type=2 2 2 2 2 2 2 2 2 8 2 2 2 10
left_child=3 -2 -3 4 5 7 -7 8 10 -8 12 -12 -1 -14
right_child=1 2 -4 -5 -6 6 9 -9 -10 -11 11 -13 13 -15
leaf_value=5.2363240077090586e-05 0.0002683474370496063 9.8587536107825176e-05 -0.00010344650124821315 -0.0019913325549950557 -0.003009796373386029 0.001425003459368943 0.00027017293954320268 0.00028628140365159234 -0.00061168324886539391 -0.00049636774345653706 0.0013588058661285285 -0.00077104875511437986 0.0012388792204629487 -0.00075992195229302622
leaf_weight=15186838.564364076 793978.39477539062 693525.38916015625 1280918.1865234375 395327.25659179688 66681.276611328125 387572.20190429688 408758.677734375 267054.44018554688 649053.7978515625 389745.54443359375 390360.50634765625 440951.47399902344 268999.95983886719 2274608.192199707
leaf_count=32737 168 116 217 88 14 111 99 74 186 103 131 152 121 1063
internal_value=7.45582e-05 0.00111626 -5.43107e-05 -6.19499e-05 -2.17514e-06 1.39525e-05 0.00130031 -6.43783e-05 -0.000107982 -2.41103e-05 -2.97294e-05 0.00134822 -9.43361e-05 -0.00103184
internal_weight=2.38944e+07 2.76842e+06 1.97444e+06 2.1126e+07 2.07306e+07 2.06639e+07 1.18608e+06 1.94779e+07 1.92108e+07 798504 1.85618e+07 831312 1.77304e+07 2.54361e+06
internal_count=35380 501 333 34879 34791 34777 313 34464 34390 202 34204 283 33921 1184
is_linear=0
shrinkage=0.05


Tree=209
num_leaves=15
num_cat=1
split_feature=8 23 19 20 14 21 30 7 21 7 6 22 10 25
split_gain=1245.94 3319.83 7545.26 2063.05 1571.96 1394.1 587.399 1466.41 1323.9 2854.81 1331.19 1944.68 1080.03 648.64
threshold=0.089262396150043263 2.8470399424932453 -0.017991666024770748 -1.0000000180025095e-35 1.9098420061714323 8.9578973248581164 0 13.02345990181826 7.857386110027095 15.035768653938314 13.19154332445666 17.019583006855296 0.049068352704054505 0.25000000000000011
decision_type=2 10 2 10 8 10 1 2 8 2 2 2 2 2
left_child=1 4 -3 5 -1 -4 7 -2 9 10 11 -8 -9 -10
right_child=6 2 3 -5 -6 -7 8 12 13 -11 -12 -13 -14 -15
leaf_value=-0.00012204560039680659 0.0012699630549745013 0.0014378480967395511 -0.0007024160020624228 -0.0049688822283907481 0.00013992656798737915 0.0018135308069010326 0.02737467208358917 -0.0039427766456551234 9.5184015116608922e-05 0.0094032990218021403 -0.0012932383072424439 0.001218792928610272 -0.00018543293731274364 -5.5339646782025364e-05
leaf_weight=523784.84898376465 1079333.0187534094 106282.11096227169 39917.648811221123 124279.22454106808 211964.38311481476 42883.721725463867 47359.342971801758 742494.23504638672 11418862.466070771 106734.0263671875 260781.30218505859 111500.09637832642 507732.17681884766 8622428.4619545937
leaf_count=174 4609 145 179 66 165 40 70 541 16366 41 233 308 375 12018
internal_value=4.09936e-05 0.00172592 0.00603573 0.000477402 -0.000109672 0.00659154 -3.62068e-05 -0.000788695 4.90228e-05 0.00252428 0.000667231 0.00427537 -0.00195428 -1.59886e-05
internal_weight=2.39463e+07 1.04911e+06 313363 207081 735749 82801.4 2.28972e+07 2.32956e+06 2.05677e+07 526375 419641 158859 1.25023e+06 2.00413e+07
internal_count=35330 769 430 285 339 219 34561 5525 29036 652 611 378 916 28384
cat_boundaries=0 1
cat_threshold=4
is_linear=0
shrinkage=0.05


Tree=210
num_leaves=15
num_cat=0
split_feature=4 11 1 7 4 24 20 20 7 4 5 11 3 18
split_gain=1602.74 2777.93 1514.03 649.858 660.047 1620.89 2045.98 1787.45 1517.49 898.525 1253.87 893.409 636.316 2313.98
threshold=17.179119157328174 -0.016257289874851599 16.997225798689893 17.114749279343759 16.168471743006108 2.1287889848007757 0.025141444953454203 0.011929944199987002 16.203243434593986 16.049916458677085 16.208499887276016 -0.0029672054596802996 15.099901109033544 0.56823130950435641
decision_type=2 2 2 2 2 10 8 10 2 2 2 2 2 10
left_child=2 -2 3 4 8 7 -7 11 9 10 12 -6 -1 -14
right_child=1 -3 -4 -5 5 6 -8 -9 -10 -11 -12 -13 13 -15
leaf_value=8.828394048993873e-05 1.3697431090901438e-06 -0.00014447096466624985 0.00027178502895203188 -0.002609500885121106 -3.3961084384251494e-05 0.00057543240219769547 -0.00016277871496536277 0.00033806378524088381 -0.0010982501704925117 -0.0020781119526832553 0.00022486256574574503 -0.001772297488083989 -0.0016063687819197802 0.00042670373570542156
leaf_weight=15206929.059090734 680728.599609375 953262.4501953125 757977.40405273438 65312.373046875 455731.68041992188 685990.34350585938 619922.82690429688 545482.677734375 393498.68359375 233377.66674804688 157104.07690429688 381045.41723632812 1256180.02734375 1549980.7826538086
leaf_count=32757 116 149 150 12 118 171 172 142 112 79 52 100 602 684
internal_value=-5.35458e-05 -0.00156511 5.71689e-05 -2.00815e-05 -4.94321e-06 0.000727888 0.00199104 -0.000465496 -0.000109746 -4.40541e-05 -4.45967e-06 -0.0019172 -4.32493e-05 -0.000735043
internal_weight=2.39425e+07 1.63399e+06 2.23085e+07 2.15506e+07 2.14852e+07 2.68817e+06 1.30591e+06 1.38226e+06 1.87971e+07 1.84036e+07 1.81702e+07 836777 1.80131e+07 2.80616e+06
internal_count=35416 265 35151 35001 34989 703 343 360 34286 34174 34095 218 34043 1286
is_linear=0
shrinkage=0.05


Tree=211
num_leaves=15
num_cat=0
split_feature=16 0 3 8 20 14 8 19 3 3 6 20 16 16
split_gain=940.213 887.196 1649.37 1991.19 1933.49 2553.27 3634.24 1563.41 739.534 1305.12 1003.61 1003.13 1641.45 1649.7
threshold=18.650510177953056 16.273039820797113 17.004815837258366 0.2734578133485796 -0.031312550254196346 2.3234707154231535 0.14483486216721952 0.0035602670693549504 15.266957217830116 15.206373315785315 15.282705728400392 0.0011474289684619504 16.169283667358979 17.674197710550775
decision_type=2 2 2 2 10 10 2 2 2 2 2 10 2 2
left_child=1 8 3 4 -3 6 -6 -4 9 10 -1 -10 -13 -14
right_child=-2 2 7 -5 5 -7 -8 -9 11 -11 -12 12 13 -15
leaf_value=-2.3277636240539628e-05 -0.0018241828682300815 -0.00045276701145210876 5.501091519167123e-05 -0.00080871300590115941 0.00021466212398996715 -0.00025081162732823686 0.0022269168815017035 -9.6783281870842989e-05 -0.0007358299027717531 0.0045957127607208067 -0.0024274424791194912 0.0031828384114838369 -0.0018600233469705234 0.00047001844991068027
leaf_weight=15265066.151979327 344812.25433349609 480072.6884765625 1169696.7248535156 427202.40380859375 590542.0986328125 509830.2275390625 479943.32885742188 840031.38525390625 2255032.6701049805 239266.79272460938 358767.87353515625 290734.57604980469 441568.89599609375 304549.66650390625
leaf_count=32701 122 125 203 120 139 113 122 143 865 120 161 119 183 104
internal_value=-6.31325e-05 -2.53441e-05 0.000606641 0.0014673 0.00211144 0.00295564 0.00434262 -0.000458662 -0.000173725 -3.21993e-05 -8.83232e-05 -0.000855718 0.000431479 -0.000810372
internal_weight=2.39971e+07 2.36523e+07 4.49732e+06 2.48759e+06 2.06039e+06 1.58032e+06 1.07049e+06 2.00973e+06 1.9155e+07 1.58631e+07 1.56238e+07 3.29189e+06 1.03685e+06 746119
internal_count=35340 35218 965 619 499 374 261 346 34253 32982 32862 1271 406 287
is_linear=0
shrinkage=0.05


Tree=212
num_leaves=15
num_cat=0
split_feature=11 17 8 15 3 15 4 17 18 8 10 18 7 21
split_gain=1176.78 1679.15 3642.7 7145.53 5013.11 2310.83 1618.68 1562.6 1557.06 2470.4 1445.77 1274.46 2280.73 1689.25
threshold=-0.019378381144372545 0.20745471349918651 0.17463162612303326 17.905926190032304 16.850127835172454 17.215681513585128 14.300869529550891 0.31408482136343246 0.72285367655238797 0.10986439182877221 0.11351930053705847 0.074284271102167218 15.271975064944426 11.037231308731972
decision_type=2 2 2 2 2 2 2 2 8 2 2 10 2 10
left_child=1 8 3 -3 5 6 -4 -2 11 -10 -9 12 -1 -13
right_child=7 2 4 -5 -6 -7 -8 10 9 -11 -12 13 -14 -15
leaf_value=0.00037589461619528879 -0.00010740487548522763 -2.8201613090695734e-05 0.0076311936955268875 0.00073563061322523896 -0.0024775784457393446 0.0019841913351645014 -0.0012161845766171246 -0.00088832449509198782 0.0021528815130570189 0.0013095753656250852 2.5852460708666826e-05 -0.0011532566284275876 0.0020996994241744582 0.0022601252508511051
leaf_weight=2059703.7296510935 11924315.569928527 509602.97155761719 148976.88366699219 377013.73681640625 437770.30859375 247265.96142578125 321205.02752685547 822952.53521728516 76100.647380828857 3106237.7387516499 311273.56396484375 3378428.005343914 45363.883056640625 323864.48788452148
leaf_count=8182 18037 177 171 67 84 59 149 287 96 4245 113 3334 21 245
internal_value=-0.000145461 0.000234753 0.00152912 0.00393978 -0.000321027 0.00225185 0.00019403 -0.000466657 -5.92383e-05 0.00082969 -0.00224008 -0.000546356 0.000435947 -0.00110488
internal_weight=2.40901e+07 1.10315e+07 2.04183e+06 886617 1.15522e+06 717448 470182 1.30585e+07 8.9897e+06 3.18234e+06 1.13423e+06 5.80736e+06 2.10507e+06 3.70229e+06
internal_count=35267 16830 707 244 463 379 320 18437 16123 4341 400 11782 8203 3579
is_linear=0
shrinkage=0.05


Tree=213
num_leaves=15
num_cat=1
split_feature=0 10 9 7 1 10 1 7 10 9 11 28 21 27
split_gain=2213 2018.72 4787.43 1461.49 1701.33 1249.76 879.346 1608.85 645.128 1794.55 1532.29 1126.95 1369.6 2727.38
threshold=16.846705175829062 0.070154175197686158 0.17872418023876313 16.807051060811158 16.686730721057785 1.0000000180025095e-35 16.536166990069358 16.610412428583285 0.11710673794931466 0.20757198619191244 0.03295877656462836 0 9.3403776298421217 2.5000000000000004
decision_type=2 2 2 2 2 2 2 2 2 2 2 1 10 2
left_child=3 2 5 4 6 -2 7 8 -1 10 -10 12 13 -11
right_child=1 -3 -4 -5 -6 -7 -8 -9 9 11 -12 -13 -14 -15
leaf_value=-0.00018918345608853076 -0.00018935448821376822 -3.9688134397997705e-05 0.00047494956245502175 -0.0031301611159345343 0.00079097849334532847 3.6297219002122658e-05 -0.000338010071423321 0.0015885122862099876 1.8431779937599636e-06 0.021159199487864364 0.0046963130288987104 -0.000411414637179567 5.5795261032913875e-05 0.0062230744372940121
leaf_weight=14167554.573365211 667021.8212890625 929514.93212890625 611298.22094726562 466746.892578125 307034.34033203125 565629.1611328125 395309.8623046875 117878.62475585938 135844.5212097168 100461.40614843369 137830.58879089355 3791544.9796366692 985856.55541753769 466930.96270442009
leaf_count=23142 120 174 109 97 77 101 104 28 106 231 134 7210 2337 1302
internal_value=4.46617e-06 0.00133217 0.00228991 -0.000170276 -0.000107608 0.000495786 -0.000163483 -0.000117105 -0.000151802 0.000301567 0.00425057 9.93623e-05 0.0012337 0.0031908
internal_weight=2.38465e+07 2.77346e+06 1.84395e+06 2.1073e+07 2.06062e+07 1.23265e+06 2.02992e+07 1.99039e+07 1.9786e+07 5.61847e+06 273675 5.34479e+06 1.55325e+06 567392
internal_count=35272 504 330 34768 34671 221 34594 34490 34462 11320 240 11080 3870 1533
cat_boundaries=0 1
cat_threshold=188
is_linear=0
shrinkage=0.05


Tree=214
num_leaves=15
num_cat=0
split_feature=16 8 19 4 2 0 4 8 10 14 26 8 4 19
split_gain=1900.41 3407.19 3320.97 3861.38 1127 1019.57 972.089 1300.53 2614.63 2166.51 3150.88 847.801 1011.14 2336.31
threshold=18.369372682749788 0.2607536096029065 0.0035602670693549504 16.699285893163054 16.276512134422696 16.154648050165125 17.179119157328174 0.089262396150043263 0.020842451520212305 1.6969456881640719 -0.5 0.10986439182877221 16.411339423236502 0.012756320567288053
decision_type=2 2 2 2 2 2 2 2 2 8 2 2 2 2
left_child=6 2 3 5 -3 -2 7 8 9 -1 -11 -9 -13 -14
right_child=1 4 -4 -5 -6 -7 -8 11 -10 10 -12 12 13 -15
leaf_value=-0.00052412008094628352 0.00072830939759592039 0.0003572800846149159 -8.5821180351907999e-05 0.00022672908865108957 -0.0057740929217323378 -0.0028281579775620972 -9.5802954969817337e-05 -0.0009398352464567351 0.0003143125654110354 0.00081435828514984053 -0.002783727640129542 -0.00012109244863274518 -1.9601427937280786e-05 0.00049642741638336358
leaf_weight=237500.45872080326 174917.66806030273 180769.27194213867 630789.33851623535 672101.958984375 226522.44750976562 168860.91333007812 715704.1279296875 510702.069480896 193433.80269241333 70138.885580539703 58784.579415798187 18356366.116594911 1071746.5842285156 536580.85034179688
leaf_count=219 157 201 181 115 48 45 120 346 133 100 200 32990 253 129
internal_value=-9.54068e-06 0.00144426 0.00245705 0.00422643 -0.00265045 -8.37814e-05 -0.000146824 -8.51678e-05 0.00229241 -0.000190214 0.00502803 -0.000150178 -9.87197e-05 0.00110341
internal_weight=2.38049e+07 2.05396e+06 1.64667e+06 1.01588e+06 407292 343779 2.1751e+07 2.10353e+07 559858 366424 128923 2.04754e+07 1.99647e+07 1.60833e+06
internal_count=35237 747 498 317 249 202 34490 34370 652 519 300 33718 33372 382
is_linear=0
shrinkage=0.05


Tree=215
num_leaves=15
num_cat=0
split_feature=4 23 15 23 4 1 23 20 14 8 15 26 3 0
split_gain=1607.93 3288.84 3320.78 3819.37 2005.88 1103.92 2534.31 1441.47 1859.18 1548.4 1072.05 997.242 1219.48 979.822
threshold=16.411339423236502 3.0199582761667703 18.400799232794149 2.0850945990171454 17.179119157328174 15.200240481769434 2.3158080270847505 -0.011645691030911249 1.4376363916027037 0.21216542544437442 17.957929701393308 -0.68301270189221952 16.043295900230813 14.829739150252598
decision_type=2 10 2 10 2 2 8 8 10 2 2 2 2 2
left_child=5 2 3 -2 -4 13 7 -7 -9 -10 -8 -12 -13 -1
right_child=1 -3 4 -5 -6 6 10 8 9 -11 11 12 -14 -15
leaf_value=-0.00016962682364101399 0.00010065959293291881 -0.00050284687076748355 9.0765034359967673e-05 0.0006119852263375636 -4.3433896356219489e-05 -0.0013189805350020479 -0.0017165956741124729 -0.00071690684614501789 0.00012865431672091134 0.0033682241617512629 -0.0019711572052108317 -0.00053075000656067938 0.00032398063948878286 0.00049040743185148827
leaf_weight=13886718.728373885 909813.81274414062 794775.107421875 862015.58618164062 638372.65258789062 1005841.943359375 437304.62561035156 433005.77270507812 490126.20190429688 568161.25866699219 391280.52294921875 411523.74243164062 815621.61486816406 378505.080078125 1713554.9415893555
leaf_count=31966 202 182 196 128 155 160 185 199 200 149 153 358 111 963
internal_value=1.43224e-05 0.000900488 0.0015745 0.00328684 0.000155221 -0.000176783 -0.000926246 0.000394295 0.00115335 0.00243319 -0.00214847 -0.00155304 -0.00082154 1.18062e-05
internal_weight=2.37366e+07 4.21082e+06 3.41604e+06 1.54819e+06 1.86786e+06 1.95258e+07 3.92553e+06 1.88687e+06 1.44957e+06 959442 2.03866e+06 1.60565e+06 1.19413e+06 1.56003e+07
internal_count=35307 863 681 330 351 34444 1515 708 548 349 807 622 469 32929
is_linear=0
shrinkage=0.05


Tree=216
num_leaves=15
num_cat=0
split_feature=16 6 5 14 0 15 0 17 5 17 15 0 6 4
split_gain=1597.62 2045.47 4694.69 1355.62 2196.57 1442.7 2198.29 1031.24 2279.74 1588.87 1319.2 1114.96 928.206 1505.67
threshold=18.264941323660846 17.353540390897464 17.130850056497454 2.3502003251842658 16.684754232979486 17.920116143856163 15.926099204579868 0.14864806091691327 14.928669247269502 0.22590751642309662 16.764313603269219 13.390109716980222 15.515705039931486 15.573466039196157
decision_type=2 2 2 10 2 2 2 2 2 2 2 2 2 2
left_child=12 2 3 4 7 6 -5 8 10 -9 11 -2 -1 -14
right_child=1 -3 -4 5 -6 -7 -8 9 -10 -11 -12 -13 13 -15
leaf_value=4.945912569270487e-06 -0.00011100153464591207 -2.6860908613817419e-05 0.00023011833423377845 -0.0023303434176184068 0.00098713775393922932 -0.00057545806024114036 0.00066490832137818499 -0.0033319118160139642 0.0013345996974951776 0.00052363327666417791 -0.0036177022624752711 0.0041516882546781897 -0.0012551568267689767 -5.9319427212923219e-05
leaf_weight=16139350.954216361 91519.511047363281 884064.171875 507177.48583984375 168698.94535827637 181360.04760742188 548121.46630859375 279212.05541992188 212798.38250732422 110305.22595214844 292843.22357177734 142869.20373535156 75913.843933105469 587499.08605957031 3661866.130859375
leaf_count=32759 169 130 93 220 38 119 70 114 44 128 97 71 231 997
internal_value=7.51071e-06 0.000995234 0.00169912 0.000658053 0.00186169 -0.000680419 0.00142464 0.000876422 0.00270565 -0.000645184 0.000510929 0.00352242 -0.000161798 -0.000819271
internal_weight=2.38836e+07 3.49488e+06 2.61082e+06 2.10364e+06 1.10761e+06 996032 447911 926249 420608 505642 310303 167433 2.03887e+07 4.24937e+06
internal_count=35280 1293 1163 1070 661 409 290 623 381 242 337 240 33987 1228
is_linear=0
shrinkage=0.05


Tree=217
num_leaves=15
num_cat=0
split_feature=20 16 11 18 0 18 15 4 23 22 15 4 5 21
split_gain=923.638 2878.94 781.349 1874.85 4899.96 1857.6 2000.57 4048.63 2140.55 1669.43 1608.64 1956.54 5647.52 1863.88
threshold=0.10275882073065201 18.264941323660846 0.067855845340616824 0.43408968181011137 16.994451200594245 0.47436460484201598 18.400799232794149 17.458037941908348 2.3446812918771003 21.063481265874838 19.203026137930177 15.215266197750433 15.291773784358087 8.6807547246540171
decision_type=10 2 2 10 2 8 2 2 10 2 2 2 2 10
left_child=2 -2 5 4 -4 6 7 -1 -8 10 11 12 -7 -12
right_child=1 -3 3 -5 -6 9 8 -9 -10 -11 13 -13 -14 -15
leaf_value=-6.9058590139167922e-05 -0.0043047484537697264 0.0017397688113851195 -0.00012453997859582266 -0.00062362786394407597 0.0010024256461130527 -0.00030981269126854362 -0.0023983170477915902 0.00026541180773046797 4.9000522134861326e-05 0.0015055848775639147 -0.00065529468758132375 -0.0010048027593205226 0.011341317303356175 0.0017346434480735387
leaf_weight=6838987.6376063824 128082.8438243866 83584.506225585938 4053118.5734016895 4934548.533613205 369117.58251953125 1212626.7753744125 945191.91693687439 136259.78857421875 715889.67100334167 116076.13400268555 941495.1263885498 796233.951171875 70632.108032226562 2688355.9765002728
leaf_count=12981 226 29 9492 5133 65 2278 474 23 665 43 1317 286 31 2414
internal_value=-0.000101651 0.00318666 -0.000130873 -0.0004869 0.000260742 9.94764e-05 -0.000365932 5.43004e-06 -0.00192536 0.000789456 0.000668767 -0.000440082 0.000768006 0.00130401
internal_weight=2.40302e+07 211667 2.38185e+07 9.35678e+06 4.42224e+06 1.44617e+07 8.63633e+06 6.97525e+06 1.66108e+06 5.82542e+06 5.70934e+06 2.07949e+06 1.28326e+06 3.62985e+06
internal_count=35457 255 35202 14690 9557 20512 14143 13004 1139 6369 6326 2595 2309 3731
is_linear=0
shrinkage=0.05


Tree=218
num_leaves=15
num_cat=0
split_feature=6 0 7 24 17 6 24 20 8 14 9 2 17 20
split_gain=1267.98 4289.81 941.323 839.917 1600.32 1632.3 1016.69 2232.75 3342.67 1887.45 1550.93 1398.01 2142.6 1360.24
threshold=17.353540390897464 17.419860989426706 17.375687477891912 -0.04553885756598159 0.13910918456452201 16.195747581550723 0.88970295594175008 -0.017447874557399847 0.12904521778639408 1.5547482278428995 0.35556328842598045 15.930207739512172 0.082412604726502872 0.013344780040832302
decision_type=2 2 2 10 2 2 10 8 2 10 2 2 2 10
left_child=1 2 3 4 5 -1 7 8 -5 10 -10 12 -11 -9
right_child=-2 -3 -4 6 -6 -7 -8 13 9 11 -12 -13 -14 -15
leaf_value=-0.0012291562188573371 -8.0499141729252618e-05 0.00013996812198455833 0.00035930316835654024 0.0023349299648524444 -0.0021812336540269423 0.0017600945250305826 -7.7161531825032786e-05 -0.00034115306804054701 0.0057086406098341286 -0.00015204303125044004 0.009073795462759748 -0.003646946825941238 0.0012147272184116584 0.00017216074024952984
leaf_weight=1730389.180024147 997523.09521484375 125871.9736328125 92291.29443359375 82834.39776802063 444139.41864013672 115567.37573242188 17065264.02314198 1622631.4622411728 88842.660064697266 180096.15438652039 156705.98027038574 111053.451171875 48004.514526367188 1244969.7736639977
leaf_count=3640 145 22 15 37 186 26 26496 2552 65 456 216 27 26 1374
internal_value=-0.000132127 -5.67849e-05 -0.0001072 -0.000127519 -0.00103591 -0.000387578 -2.65356e-05 0.000745218 0.00334962 0.00201789 0.00535653 -0.000399298 0.00184061 0.00013895
internal_weight=2.41062e+07 2.31087e+07 2.29828e+07 2.28905e+07 2.2901e+06 1.84596e+06 2.06004e+07 3.53514e+06 667537 584703 245549 339154 228101 2.8676e+06
internal_count=35283 35138 35116 35101 3852 3666 31249 4753 827 790 281 509 482 3926
is_linear=0
shrinkage=0.05


Tree=219
num_leaves=15
num_cat=1
split_feature=22 0 4 15 11 21 23 0 0 19 3 0 3 28
split_gain=1536.36 2190.99 1260.27 3132.67 2706.93 1964.74 2375.24 1718.71 1252.56 1381.17 1142.4 959.582 1141.01 952.822
threshold=19.617331230798943 16.994451200594245 16.411339423236502 18.232289644412521 -0.049610822349303647 10.607054068381858 2.1192350831850755 16.3974896391274 16.846705175829062 -0.043346914351681191 15.153099527080643 16.273039820797113 16.537870894875581 0
decision_type=2 2 2 2 2 10 8 2 2 2 2 2 2 1
left_child=2 8 7 4 -4 -5 -7 11 9 -2 13 12 -1 -11
right_child=1 -3 3 5 -6 6 -8 -9 -10 10 -12 -13 -14 -15
leaf_value=-7.731853359925855e-05 0.00066438343175378989 -0.00029193004790656471 0.00069678368006974778 0.00015206191376083343 1.9554533052869216e-05 -0.001796327160882923 -1.4144316662220137e-06 -0.00020936672848359341 0.0014253270798010561 0.0047495435622798799 -0.0008373231397129264 0.0010143693376905814 -0.0039057228706319658 -0.0012756471273330065
leaf_weight=17553566.357166886 111272.02684783936 499581.81640625 599759.68872070312 727732.53735351562 633044.53833007812 540577.3427734375 1049200.1127929688 456844.61401367188 114826.61376953125 139788.64739990234 475021.00268554688 284991.80786132812 117549.25903320312 682438.0954990387
leaf_count=32882 100 83 131 174 134 103 200 133 25 117 162 86 33 995
internal_value=-7.6059e-05 -0.0013946 4.53855e-05 0.00090793 0.0029443 -0.000175324 -0.00116031 -0.000120927 -0.00045227 -0.000861634 -0.00132019 -4.38742e-05 -9.02925e-05 -0.0001924
internal_weight=2.39862e+07 2.02293e+06 2.19633e+07 3.55031e+06 1.2328e+06 2.31751e+06 1.58978e+06 1.8413e+07 1.52335e+06 1.40852e+06 1.29725e+06 1.79561e+07 1.76711e+07 822227
internal_count=35358 1482 33876 742 265 477 303 33134 1399 1374 1274 33001 32915 1112
cat_boundaries=0 1
cat_threshold=96
is_linear=0
shrinkage=0.05


Tree=220
num_leaves=15
num_cat=0
split_feature=0 5 7 4 4 17 24 24 9 0 17 27 0 20
split_gain=1503.51 1117.68 1193.57 1206.62 986.378 801.466 631.738 1170.6 2133.87 2245.07 1608.48 1403.26 1165.33 1116.33
threshold=17.419860989426706 17.377938260320832 17.375687477891912 17.179119157328174 17.017299882291177 0.0020723865900179003 0.23794212935990353 0.66854220130486708 0.13067246360888676 16.040624683728151 0.10975432200432766 9.5000000000000018 13.933656639857242 0.0019014128728865503
decision_type=2 2 2 2 2 2 10 10 2 2 2 2 2 10
left_child=1 2 3 4 5 -1 -7 8 -8 10 11 12 -10 -14
right_child=-2 -3 -4 -5 -6 6 7 -9 9 -11 -12 -13 13 -15
leaf_value=0.0022553083870452437 7.0767193331845103e-05 -0.0055345070227399498 0.00035707945068625411 -0.0003355897356495175 0.00020597664190412986 -0.00041532350643065549 0.00089168387728836879 -0.00010318807391859172 -0.00027698835982528733 -0.00073416323821091781 0.002765670576149187 -0.0036539635560368881 0.0012706761280450478 0.0068095688805761461
leaf_weight=3075860.192304492 865211.68017578125 117503.48095703125 130328.75 600255.14184570312 580536.3935546875 2312196.8766403198 115659.82095336914 14820428.152915955 400076.29532241821 204105.47338867188 293463.80969238281 243835.06842041016 167320.72161865234 143947.24365234375
leaf_count=13993 126 19 21 114 116 2419 60 16865 869 57 184 353 115 101
internal_value=-5.96218e-05 -0.000135925 -0.00011117 -0.000138257 -7.88622e-05 -0.000133087 -0.000256104 -0.000146949 0.00115203 0.000631648 0.00142634 0.000431634 0.00155366 0.00384801
internal_weight=2.40707e+07 2.32055e+07 2.3088e+07 2.29577e+07 2.23574e+07 2.17769e+07 1.8701e+07 1.63888e+07 1.56841e+06 1.45275e+06 1.24864e+06 955179 711344 311268
internal_count=35412 35286 35267 35246 35132 35016 21023 18604 1739 1679 1622 1438 1085 216
is_linear=0
shrinkage=0.05


Tree=221
num_leaves=15
num_cat=1
split_feature=27 4 0 6 4 29 0 27 4 6 21 18 9 19
split_gain=590.211 1837.27 1909.7 1127.06 1472.77 1705 2550.93 4304.34 1534.43 872.653 1085.07 2180.58 1832.57 868.178
threshold=1.5000000000000002 16.049916458677085 15.197236109918526 16.420481291213544 17.179119157328174 0 16.994451200594245 7.5000000000000009 17.458037941908348 15.515705039931486 10.099910774744044 0.99577780948322192 0.15902261461074893 0.020977209751282453
decision_type=2 2 2 2 2 1 2 2 2 2 8 10 2 2
left_child=1 2 -1 9 5 -5 7 -7 -6 -2 11 -11 -12 -14
right_child=3 -3 -4 4 8 6 -8 -9 -10 10 12 -13 13 -15
leaf_value=-0.0013376269312909404 2.8594950579475751e-05 -0.0021935693665854909 0.0025093487604429532 0.00077705684609493059 -0.00018682287579672768 -7.4729188048419402e-05 -0.00020699538245807917 0.0004757660027750595 1.2842737580962063e-05 0.0030762475872687669 0.00092724367597066086 -0.00070397961907233688 -0.00014282360730639981 -0.004404450762918303
leaf_weight=1424930.7120944262 15344657.383062005 507402.00927734375 211021.90869140625 489836.97045898438 676321.87231445312 691780.02172851562 522854.38208007812 548441.68798828125 835066.17822265625 401426.6962890625 357113.44604492188 420600.412109375 976055.35705566406 492434.16430664062
leaf_count=2950 30582 114 87 105 124 161 104 131 123 141 112 146 323 164
internal_value=-2.40038e-05 -0.000815636 -3.6925e-07 5.3984e-05 0.000840757 0.00165081 0.000925764 0.00216065 -0.000366722 -0.000110623 -0.000948919 0.000559528 -0.00162814 -0.00240934
internal_weight=2.38999e+07 2.14335e+06 1.63595e+06 2.17566e+07 3.7643e+06 2.25291e+06 1.76308e+06 1.24022e+06 1.51139e+06 1.79923e+07 2.64763e+06 822027 1.8256e+06 1.46849e+06
internal_count=35367 3151 3037 32216 748 501 396 292 247 31468 886 287 599 487
cat_boundaries=0 1
cat_threshold=16
is_linear=0
shrinkage=0.05


Tree=222
num_leaves=15
num_cat=0
split_feature=24 9 19 1 1 1 2 24 24 3 1 21 17 19
split_gain=1036.33 2337.41 1104.07 793.965 1769.16 1418.03 762.305 1677.38 1317.04 2377.11 1803.96 2514.53 1381.9 2760.99
threshold=7.9624243260001153 0.21668140125577132 0.054199206273200004 16.686730721057785 16.041732990297305 15.804232180326846 14.421431328788227 4.6217419297213862 0.32498050864751504 17.004815837258366 16.275843258113319 10.51164041634174 0.19132961672338733 -0.018468429717034846
decision_type=10 2 2 2 2 2 2 10 8 2 2 10 2 2
left_child=6 -2 3 4 5 -3 -1 8 9 10 11 -8 -10 -14
right_child=1 2 -4 -5 -6 -7 7 -9 12 -11 -12 -13 13 -15
leaf_value=0.00015251767842842413 0.0015438830746797401 0.0004116222970031669 0.0060540190384310265 0.00021727446682522813 -0.0047380256570316512 0.0053666885528464159 -0.00042326112507001795 -0.0014452514370384471 -0.00033718576120740922 0.00028576256786812254 -0.00089256009016792134 0.0010763782558735266 0.00042887560825689402 -4.8829399487386344e-05
leaf_weight=11087373.077056885 178423.02799987793 1138176.490388155 56664.728739261627 70929.148193359375 212646.80346679688 71268.0224609375 345002.75378417969 977673.95043945312 5776281.1646118164 385907.7529296875 233784.13745117188 448858.74353027344 801405.07934570312 2023341.3165283203
leaf_count=27851 152 2708 91 19 61 24 170 414 2651 70 56 217 217 527
internal_value=-8.58251e-05 0.00109333 0.000469368 0.00020937 -4.81354e-05 0.000691343 -0.000178114 -0.000473173 -0.000280189 0.00113421 -0.000122275 0.00101456 -0.000512642 0.00039365
internal_weight=2.38077e+07 1.72811e+06 1.54969e+06 1.49302e+06 1.42209e+06 1.20944e+06 2.20796e+07 1.09923e+07 1.00146e+07 1.41355e+06 1.02765e+06 793861 8.60103e+06 2.82475e+06
internal_count=35228 3055 2903 2812 2793 2732 32173 4322 3908 513 443 387 3395 744
is_linear=0
shrinkage=0.05


Tree=223
num_leaves=15
num_cat=1
split_feature=11 26 2 28 5 8 19 24 8 4 0 22 11 21
split_gain=889.926 1908.06 3587.53 2023.47 1413.28 1390.04 3217.65 1101.45 2865.85 1097.58 1499.24 1080.48 1263.37 1051.17
threshold=-0.016257289874851599 -0.24999999999999997 16.998031306214585 0 13.568479897599326 0.11517032025683187 0.0039419723110017506 10.939485057873751 0.40603737201592455 17.179119157328174 16.846705175829062 15.824113373036033 0.0064020624786324505 10.622856058979133
decision_type=2 2 2 1 2 2 2 10 2 2 2 2 2 10
left_child=1 2 7 4 -3 6 -5 -1 -9 10 -7 -2 -13 -6
right_child=11 3 -4 5 13 9 -8 8 -10 -11 -12 12 -14 -15
leaf_value=0.00032285282824915952 -0.0015407212345216357 -0.00053129694265898213 0.0001379327827217719 0.00080167556495463099 -0.0010936341904641254 7.209115398997872e-07 -0.003364852221513562 0.011336920353522524 -0.001235676791643305 -0.0024829896714287781 0.0019037863880335124 -0.00085003352537774417 3.224499310800831e-05 -0.0036798804803821702
leaf_weight=4303300.8083699942 2627939.5053377151 811663.27306890488 307475.53759765625 217924.24934518337 347383.24212646484 4118305.8004136086 173588.65017032623 53043.80037689209 88034.466382026672 105748.11767578125 101911.7734375 767218.07374095917 9430070.124320507 544091.32849121094
leaf_count=6808 5560 3231 53 138 167 6074 92 61 218 18 22 727 11997 227
internal_value=-7.96066e-06 0.000318266 0.0010778 -0.000243861 -0.00172113 0.000289475 0.00314244 0.000716445 0.00506373 3.12739e-05 0.000157345 -0.000292148 -5.91717e-05 -0.00309547
internal_weight=2.39977e+07 1.11725e+07 4.75185e+06 6.42062e+06 1.70314e+06 4.71748e+06 391513 4.44438e+06 141078 4.32597e+06 4.22022e+06 1.28252e+07 1.01973e+07 891475
internal_count=35393 17109 7140 9969 3625 6344 230 7087 279 6114 6096 18284 12724 394
cat_boundaries=0 1
cat_threshold=537
is_linear=0
shrinkage=0.05


Tree=224
num_leaves=15
num_cat=0
split_feature=16 11 15 4 0 20 20 2 16 19 4 1 19 23
split_gain=1542.96 2177.68 1027.42 1251.44 2034.33 1921.24 4276.28 1289.95 1243.48 1427.02 1146.07 1162.23 1395.47 1158.76
threshold=18.52807987505204 0.026494436646094854 19.481300746944999 17.179119157328174 16.533265774342059 0.0024419272630601505 -0.012464546255571347 15.144338772874399 15.455182988643651 -0.0099925694715324986 16.168471743006108 16.275843258113319 0.00097256279978885011 -1.9532581333759798
decision_type=2 2 2 2 2 8 8 2 2 2 2 2 2 10
left_child=2 -2 3 4 7 6 -6 -1 9 -9 13 12 -12 -10
right_child=1 -3 -4 -5 5 -7 -8 8 10 -11 11 -13 -14 -15
leaf_value=1.4755975154001409e-05 0.00087345763187415522 -0.00032075293592107631 0.00056715117052609423 -3.9775368120162335e-05 -6.3683949789370057e-05 -2.8897260834182315e-05 0.00092839458875732883 -0.0023533210200220827 0.00065856209544746895 0.0050964582401069282 -0.0001371774514134295 -0.00065548342038266195 0.0015353667026007901 -0.00079440906849666281
leaf_weight=15306040.640069604 332959.37280273438 331931.30151367188 71204.695831298828 1221701.7902832031 506448.30004882812 1075358.8947753906 575393.8291015625 210553.05810546875 245566.86608886719 248078.9462890625 387846.93701171875 567895.49926757812 362864.84497070312 2468773.3605957031
leaf_count=32577 132 105 73 199 109 247 124 106 94 128 117 152 109 1015
internal_value=-3.29824e-05 0.00234194 -0.000100906 -0.00011933 -3.26598e-05 0.00142541 0.00291309 -0.000191535 -0.00093658 0.00153041 -0.00121713 -7.81906e-06 0.00128327 -0.0018046
internal_weight=2.39126e+07 664891 2.32477e+07 2.31765e+07 2.19548e+07 2.1572e+06 1.08184e+06 1.97976e+07 4.49158e+06 458632 4.03295e+06 1.31861e+06 750712 2.71434e+06
internal_count=35287 237 35050 34977 34778 480 233 34298 1721 234 1487 378 226 1109
is_linear=0
shrinkage=0.05


Tree=225
num_leaves=15
num_cat=1
split_feature=17 11 8 1 18 14 7 6 2 28 24 24 11 15
split_gain=819.412 2294.78 1348.12 939.738 3498.62 2045.11 1605.07 1221.52 809.69 1892.17 2807.34 1368.55 1181.7 1813.01
threshold=0.39233366882668819 -0.045827233625647744 0.16757110848279974 16.8486284102338 0.33393650432655747 1.5902961321314832 16.807051060811158 16.804439504542483 15.32688253160776 0 2.1287889848007757 11.462667566961002 0.11096014400528181 19.203026137930177
decision_type=2 2 2 2 10 8 2 2 2 1 10 8 2 2
left_child=3 2 -2 6 -5 -6 7 8 -1 10 -10 12 13 -11
right_child=1 -3 -4 4 5 -7 -8 -9 9 11 -12 -13 -14 -15
leaf_value=8.3298694837414291e-05 0.00015280687857505354 -0.0005617265759691358 -0.00011744239883009649 0.00045420640353212907 4.0338423004344991e-05 -9.4973537796963131e-05 -0.0010911598293340864 0.00046080254366402191 -0.00019955324622213436 -0.00036452348056940291 0.001515041096930608 0.0010285358788645973 -0.0012727797298609891 0.00048207592089877639
leaf_weight=15847223.015778422 249400.05871582031 880323.95660400391 309858.78503417969 946533.71484375 591433.30444335938 648946.39721679688 396154.12890625 77985.49755859375 514183.33361816406 969797.65319824219 348691.0224609375 292757.66577148438 970379.3818359375 840276.099609375
leaf_count=32951 77 306 152 185 94 117 83 18 168 349 118 99 366 286
internal_value=-4.32371e-05 -0.00119963 0.00130496 3.09337e-05 0.00101562 -0.000731386 -7.53688e-05 -1.25119e-05 -3.71311e-05 -0.000678967 0.00138993 -0.00125986 -0.00160223 -0.000847511
internal_weight=2.38839e+07 1.43958e+06 559259 2.24444e+07 2.18691e+06 1.24038e+06 2.02574e+07 1.98613e+07 1.97833e+07 3.93609e+06 862874 3.07321e+06 2.78045e+06 1.81007e+06
internal_count=35369 535 229 34834 396 211 34438 34355 34337 1386 286 1100 1001 635
cat_boundaries=0 1
cat_threshold=32
is_linear=0
shrinkage=0.05


Tree=226
num_leaves=15
num_cat=1
split_feature=4 7 4 18 0 15 6 9 0 19 19 6 6 29
split_gain=1089.97 2392.16 1296.8 3316.61 2418.58 1351.18 1334.33 1681.05 1356.69 1103.08 1047.28 987.983 746.785 692.583
threshold=17.179119157328174 17.375687477891912 16.411339423236502 0.27277323660146974 16.684754232979486 19.203026137930177 15.947394267288711 0.21668140125577132 15.926099204579868 0.0039419723110017506 -0.0088679598446286482 15.515705039931486 15.421952349611209 0
decision_type=2 2 2 10 2 2 2 2 2 2 2 2 2 1
left_child=2 -2 6 4 -4 -5 8 10 11 -9 -8 12 -1 -13
right_child=1 -3 3 5 -6 -7 7 9 -10 -11 -12 13 -14 -15
leaf_value=-0.00011401179414889331 -0.00036444665490676655 1.8783376863253902e-07 0.00019475997090884011 -9.9167088992889549e-05 0.00056601528101965558 0.00029272502948426369 -0.00012078912895570793 -0.00045350349246031402 0.004197803863636408 -0.0017699513360133171 0.00086147725213690091 -0.0032656182829220205 0.0028079596914176311 -7.1405964429566927e-05
leaf_weight=16586475.967532516 633289.78247070312 907819.39794921875 474930.00537109375 925095.71752929688 570736.65893554688 834792.23901367188 354120.22973632812 622109.52099609375 280655.56799316406 374803.62670898438 403123.24560546875 252809.79040527344 283249.14111328125 497229.99755859375
leaf_count=33415 119 131 123 201 121 198 105 186 108 112 120 103 126 194
internal_value=-0.0001369 -0.00142323 -4.86383e-05 0.000956957 0.00318721 -0.000368183 -0.00019218 -0.00150821 -6.32151e-05 -0.00285722 0.000267765 -0.000118152 -3.92058e-05 -0.0018938
internal_weight=2.40012e+07 1.54111e+06 2.24601e+07 2.80555e+06 1.04567e+06 1.75989e+06 1.96546e+07 1.75416e+06 1.79004e+07 996913 757243 1.76198e+07 1.68697e+07 750040
internal_count=35362 250 35112 643 244 399 34469 523 33946 298 225 33838 33541 297
cat_boundaries=0 1
cat_threshold=5
is_linear=0
shrinkage=0.05


Tree=227
num_leaves=15
num_cat=1
split_feature=9 5 18 22 4 22 26 28 0 1 20 4 9 0
split_gain=1378.78 3337.97 1208.86 1027.24 1756.32 1566.98 2733.02 2282.9 1575.17 1381.96 1327.43 1262.21 1222.73 3722.77
threshold=0.13067246360888676 16.445570641160668 0.34334564190055755 19.617331230798943 16.699285893163054 19.458610751230562 -0.68301270189221952 0 16.994451200594245 16.686730721057785 0.028946922117360704 16.699285893163054 0.15902261461074893 16.154648050165125
decision_type=2 2 10 2 2 2 2 1 2 2 10 2 2 2
left_child=1 -1 -3 5 10 8 -7 -8 9 11 -5 12 13 -2
right_child=3 2 -4 4 -6 6 7 -9 -10 -11 -12 -13 -14 -15
leaf_value=-0.0010232626252098566 -0.00026041391810940949 0.00040831539542101686 1.7394225159060104e-05 -0.00074255416074338104 -0.00040400592620843181 0.00026920549155708427 0.00067521688838722389 -0.00020647170535300748 -0.00051578851639814732 0.00036754667225275201 0.0039625747744184399 -0.0033014697060942872 -0.00017046138486647284 0.0021094845839667174
leaf_weight=418653.72755432129 528197.13896942139 544640.24829101562 588768.70043945312 1186994.990064621 571467.66186523438 315570.46725463867 496116.404296875 517595.08898544312 355621.69140625 512544.6005859375 135858.87063598633 212340.78491210938 17378940.870607972 191190.67626953125
leaf_count=510 471 111 106 1142 107 110 87 271 69 118 168 55 32002 53
internal_value=-0.00011932 0.00132185 0.00273111 -0.000219166 -0.00133319 -0.000116264 0.00154386 0.000278911 -0.000231327 -0.000169044 -0.000332533 -0.000240722 -0.000195757 0.00182422
internal_weight=2.39545e+07 1.55206e+06 1.13341e+06 2.24024e+07 1.89432e+06 2.05081e+07 1.32928e+06 1.01371e+06 1.91788e+07 1.88232e+07 1.32285e+06 1.83107e+07 1.80983e+07 719388
internal_count=35380 727 217 34653 1417 33236 468 358 32768 32699 1310 32581 32526 524
cat_boundaries=0 1
cat_threshold=288
is_linear=0
shrinkage=0.05


Tree=228
num_leaves=15
num_cat=1
split_feature=27 9 24 4 20 11 1 1 4 28 8 15 23 11
split_gain=716.346 2174.57 2742.11 1791.62 1155.37 1134.41 1499.47 1329.64 1564.79 1277.22 3886.17 2224.15 3769.88 3056.43
threshold=9.5000000000000018 0.14408993956811442 1.1394161556931202 16.856164222692549 0.064879104070208568 -0.016257289874851599 17.423965936235351 15.398410027762599 15.674905821477632 0 0.14483486216721952 17.821797180512196 6.034614423542136 -0.081365541474151579
decision_type=2 2 8 2 10 2 2 2 2 1 2 2 10 2
left_child=5 2 -2 4 -3 9 7 8 -7 10 -1 12 13 -12
right_child=1 3 -4 -5 -6 6 -8 -9 -10 -11 11 -13 -14 -15
leaf_value=0.0009452961927488131 0.00052416463330490551 -0.00041350018258373917 -7.453290154530866e-05 -0.0027703558711523221 0.0016126660101808126 -0.00020911588222988177 3.557970729357317e-05 -0.00024347226660783542 0.0064018235461575914 2.8388372307880502e-05 -0.00053968182412215732 -4.4085087537161882e-05 0.0021403014721847148 0.0021275890107910595
leaf_weight=285662.79102182388 265100.20439147949 4884361.6243752241 288415.44337463379 371004.71801757812 135898.00813579559 6561120.1694875956 398448.0458984375 2438765.3566894531 89330.354736328125 5977186.672793746 404108.61798048019 1505371.4326770306 83612.298733711243 119377.05843353271
leaf_count=155 74 8320 146 67 182 12933 58 709 38 9674 618 2019 161 107
internal_value=-0.000160812 -0.000636236 0.00234825 -0.00094265 -0.000694865 -2.59137e-06 -0.00037696 -0.000508567 -0.000142355 0.000421498 0.00139629 0.000656138 0.00321089 0.00163623
internal_weight=2.38078e+07 5.94478e+06 553516 5.39126e+06 5.02026e+06 1.7863e+07 9.48766e+06 9.08922e+06 6.65045e+06 8.37532e+06 2.39813e+06 2.11247e+06 607098 523486
internal_count=35261 8789 220 8569 8502 26472 13738 13680 12971 12734 3060 2905 886 725
cat_boundaries=0 1
cat_threshold=672
is_linear=0
shrinkage=0.05


Tree=229
num_leaves=15
num_cat=0
split_feature=18 8 11 18 23 0 15 9 8 17 1 17 17 9
split_gain=931.989 4117.31 1855.68 1770.26 1524.62 2777.07 1464.6 2655.56 2668.18 1440.5 2140.81 1276.46 1257.74 1222.29
threshold=0.72285367655238797 0.089262396150043263 0.3964882500918519 0.68260684594608578 -1.4313464411276098 16.040624683728151 19.34182737979339 0.25637955680489005 0.18539566487688322 0.027149572248336851 15.143170848049284 0.0025337633113254503 0.046362489344043613 0.40038628091876621
decision_type=8 2 2 10 8 2 2 2 2 2 2 2 2 2
left_child=3 -2 4 -1 5 -3 7 8 -6 10 -9 -4 -8 -11
right_child=1 2 11 -5 6 -7 12 9 -10 13 -12 -13 -14 -15
leaf_value=-3.5665784531562102e-05 0.0012763126217219421 0.0029411872469453765 0.003681731424317158 -0.0011177741068683826 -0.00011260367065540147 0.0041224812144929407 -0.0006114155535819249 0.00053681493333476726 0.0036612000260724782 -0.00018559251729201103 0.0048864673705835528 -0.0020639534929854527 -0.0024376191622466317 -0.0046762654664202442
leaf_weight=15043546.018332124 117699.48657226562 802558.79970932007 326661.3987827301 579443.96155548096 311330.72563171387 95910.719482421875 1326191.5682449341 2766839.7374660969 346958.39595985413 527708.5785369873 358299.0263671875 690476.53871154785 180163.55932617188 301004.31932067871
leaf_count=25134 118 1041 874 343 135 31 1564 4753 195 204 178 528 46 160
internal_value=-3.07741e-05 0.000402609 0.0002666 -0.000256906 0.000555913 0.00247921 0.000273487 0.000715586 0.00365593 0.000226038 0.000717493 -0.0017293 -0.00108013 -0.00162727
internal_weight=2.37748e+07 8.1518e+06 8.0341e+06 1.5623e+07 7.01697e+06 898470 6.1185e+06 4.61214e+06 658289 3.95385e+06 3.12514e+06 1.01714e+06 1.50636e+06 828713
internal_count=35304 9827 9709 25477 8307 1072 7235 5625 330 5295 4931 1402 1610 364
is_linear=0
shrinkage=0.05


Tree=230
num_leaves=15
num_cat=0
split_feature=4 2 4 10 20 20 10 7 22 20 22 11 8 14
split_gain=812.145 2287.96 1978.38 2595.04 1556.96 3446.93 2298.98 1192.15 1855.92 1935.72 1302.47 1852.65 1835.09 1273.12
threshold=16.411339423236502 15.090779240072619 17.179119157328174 0.0060859532655932009 0.0058822332112983015 -0.011645691030911249 0.014711406705933901 14.621988343897289 19.630753430190442 -0.032994320150765741 15.902358355489989 -0.17029959916069606 0.51005921160588941 2.2818218379072372
decision_type=2 2 2 2 8 10 2 2 2 8 2 2 2 10
left_child=1 7 4 -4 5 -2 -7 -1 9 -9 -11 -12 13 -13
right_child=2 -3 3 -5 -6 6 -8 8 -10 10 11 12 -14 -15
leaf_value=-0.00013988954063309231 -7.7556252335146174e-05 -0.00026711344371070791 1.1121192155107549e-05 -4.9056534674174211e-05 -8.7239840311892955e-05 0.00017535428931285526 0.0013966056782451902 0.0029460316284905361 -0.0037427585774227287 -0.0011651269243021874 -0.0023848625784179296 0.0037135454618558794 -0.0012153543425971946 0.00085204870879514855
leaf_weight=12854375.955452919 641329.6572265625 4421066.917175293 766124.10131835938 767035.06396484375 1238689.2268066406 478284.56420898438 458824.53393554688 223063.86669921875 191770.07141113281 361659.10766601562 393504.53088378906 769271.32275390625 241978.99401855469 292089.41064453125
leaf_count=31441 145 1769 127 121 296 105 99 128 108 215 224 441 136 167
internal_value=-5.0281e-05 -0.000186512 0.000568159 -0.000877199 0.00135476 0.00239605 0.00432899 0.000102522 0.00110778 0.00150487 0.00102545 0.00160609 0.00251389 0.00340973
internal_weight=2.40991e+07 1.97488e+07 4.35029e+06 1.53316e+06 2.81713e+06 1.57844e+06 937109 1.53277e+07 2.47334e+06 2.28157e+06 2.0585e+06 1.69684e+06 1.30334e+06 1.06136e+06
internal_count=35522 34629 893 248 645 349 204 32860 1419 1311 1183 968 744 608
is_linear=0
shrinkage=0.05


Tree=231
num_leaves=15
num_cat=0
split_feature=24 19 14 11 17 11 2 2 3 20 18 24 3 19
split_gain=707.804 1401.79 907.438 922.998 1238.12 1140.5 2090.75 2967.26 1782.9 1063.88 699.712 676.727 898.116 599.644
threshold=8.222146695717635 0.055362550854933253 0.51034863224451199 0.26112054564867476 0.0032636334466529006 0.12675827998950509 15.930207739512172 14.351974602287902 15.403376953653414 0.050111964743022104 0.0077380117379840007 -1.8434447414988349 14.494489339860833 0.0039419723110017506
decision_type=10 2 10 2 2 2 2 2 2 8 10 8 2 2
left_child=10 2 -2 5 9 6 7 -4 -7 -5 -1 12 -12 -13
right_child=1 -3 3 4 -6 8 -8 -9 -10 -11 11 13 -14 -15
leaf_value=0.0029308244625894002 0.026706795119836355 0.0059135117047244895 -0.0010843811225055378 0.017033141178804851 -0.0039010851506900701 0.0020661003214746732 -0.0053070445914006163 0.010087960888955999 0.00018447601409538172 0.00044726461953244992 -0.002411848271263816 -2.4016906340778194e-05 0.0073990689619445162 -0.00017908148573824456
leaf_weight=947750.21693134308 51880.146337985992 52256.242279529572 472169.99934220314 30927.217874526978 326106.2488861084 143848.83022117615 149077.78515625 145462.79284667969 62347.868041992188 109945.54086399078 77465.913604736328 12436976.105908871 76189.820190429688 8833071.1919710636
leaf_count=6175 189 75 1397 113 291 320 44 75 18 412 166 15081 35 10902
internal_value=-0.000194091 0.000841306 0.000559336 0.000325256 -0.00150197 0.0012023 0.000314513 0.00159727 0.00450338 0.00241517 -0.000265552 -0.000324366 0.00298191 -0.000348251
internal_weight=2.39155e+07 1.54402e+06 1.49177e+06 1.43989e+06 466979 972907 766711 617633 206197 140873 2.23715e+07 2.14237e+07 153656 2.127e+07
internal_count=35293 2934 2859 2670 816 1854 1516 1472 338 525 32359 26184 201 25983
is_linear=0
shrinkage=0.05


Tree=232
num_leaves=15
num_cat=0
split_feature=16 0 22 10 14 11 25 0 18 0 14 17 0 0
split_gain=1169.26 3005.09 2164.12 2439.63 2735.83 2560.33 2031.22 2622.55 1410.81 2656.16 1200.56 1159.41 2310.43 889.99
threshold=18.264941323660846 16.994451200594245 19.617331230798943 0.17821601792862649 1.4686940559539556 0.13081238723757146 -0.6830127018922193 17.153843914118731 0.22872395377557167 16.273039820797113 2.3687679518719835 0.31408482136343246 16.846705175829062 14.784012551617112
decision_type=2 2 2 2 10 2 2 2 10 2 10 2 2 2
left_child=1 11 3 4 -2 6 -6 8 9 -8 -4 12 -1 -13
right_child=2 -3 10 -5 5 -7 7 -9 -10 -11 -12 13 -14 -15
leaf_value=-3.5181393820987981e-05 -0.0027283142502286147 -0.00040398709603519772 -1.2327870791767602e-06 -0.002977253233970867 -6.679789770912228e-05 0.0010693300958800156 9.7832282001720703e-05 0.00029143166731146963 -0.00068917137361541056 0.001614464290583936 -0.0013671476262848777 0.0011495203487995674 0.00078924860828984188 -0.00029578983263547627
leaf_weight=18563171.999246359 268263.85543823242 546359.88403320312 381117.52590942383 319639.14334106445 530981.33149719238 375220.17510986328 372619.87480163574 361115.486328125 386403.08203125 265165.00317382812 289359.29827880859 294166.35272216797 266935.65478515625 755679.28637695312
leaf_count=33348 161 103 140 133 173 139 247 60 73 67 108 269 60 233
internal_value=-4.71512e-05 -0.000192713 0.000790422 0.00138614 0.00190044 0.00245972 0.00172017 0.00272799 0.0014362 0.00288064 -0.00176795 -9.21735e-05 -2.01277e-06 -0.0017093
internal_weight=2.39762e+07 2.04263e+07 3.54988e+06 2.87941e+06 2.55977e+06 2.2915e+06 1.91628e+06 1.3853e+06 1.02419e+06 637785 670477 1.988e+07 1.88301e+07 1.04985e+06
internal_count=35314 34013 1301 1053 920 759 620 447 387 314 248 33910 33408 502
is_linear=0
shrinkage=0.05


Tree=233
num_leaves=15
num_cat=1
split_feature=27 4 17 8 19 17 1 10 29 3 15 0 4 4
split_gain=545.992 1893.09 1766.57 2079.7 3206.31 1622.56 1593.06 2133.78 961.853 1576.87 1132.19 1407.01 1296.54 2327.86
threshold=9.5000000000000018 17.458037941908348 0.50349840709625271 0.089262396150043263 -0.014768983421864898 0.50349840709625271 16.997225798689893 0.011699089724676651 0 15.047826923938453 17.042494515339072 16.846705175829062 14.912104164960061 14.771515061339652
decision_type=2 2 2 2 2 2 2 2 1 2 2 2 2 2
left_child=2 5 3 4 -1 8 7 -6 9 -2 -10 12 13 -12
right_child=1 -3 -4 -5 6 -7 -8 -9 10 -11 11 -13 -14 -15
leaf_value=0.00097513053786993679 -0.0023928236689047455 -0.0017656665537448555 -0.0011722410755118562 7.5331513241724737e-07 -0.00048315034128891901 0.00063428354865226492 -0.0034914384227828104 0.00038840930229230223 0.0009562124843204323 0.0017642855729054444 -0.002302589869789175 0.00010013176770092888 -0.00084452551263787502 0.0045990717606213668
leaf_weight=248450.06393611431 511364.02682828903 226730.36328125 479033.25323486328 17012818.532748461 119978.09703528881 132001.24395751953 113577.79931640625 67828.055618286133 1008546.5131380558 399686.509765625 2051443.1253900528 556125.12890625 985677.91229248047 92818.405212402344
leaf_count=198 1593 33 212 25911 220 61 19 57 2820 138 3577 110 404 58
internal_value=-0.00010417 -0.000518893 3.29331e-05 0.000114645 0.00314119 -0.000341817 -0.000325509 0.00250144 -0.000470843 0.00101591 -0.000759367 -0.00116553 -0.0015773 -0.000887339
internal_weight=2.40061e+07 5.96439e+06 1.80417e+07 1.75627e+07 549834 5.73766e+06 301384 187806 5.60566e+06 911051 4.69461e+06 3.68606e+06 3.12994e+06 2.14426e+06
internal_count=35411 8794 26617 26405 494 8761 296 277 8700 1731 6969 4149 4039 3635
cat_boundaries=0 1
cat_threshold=40
is_linear=0
shrinkage=0.05


Tree=234
num_leaves=15
num_cat=1
split_feature=16 9 9 11 3 0 29 20 3 22 2 1 3 0
split_gain=1472.69 2969.1 1433.91 1118.79 2398.96 2031.39 1708.58 1800.01 2771.46 1615.24 2055.35 1448.31 1451.3 1318.48
threshold=18.52807987505204 0.24062516528983027 0.099641508914028162 0.099962294261870518 16.537870894875581 17.419860989426706 0 -0.039270899137362598 14.844010672854319 17.107978060464845 16.276512134422696 15.556222073247737 15.809359978435861 16.273039820797113
decision_type=2 2 2 2 2 2 1 10 2 2 2 2 2 2
left_child=2 -2 -1 5 9 6 7 -4 -9 -5 11 12 -11 -8
right_child=1 -3 3 4 -6 -7 13 8 -10 10 -12 -13 -14 -15
leaf_value=-9.5065270221779522e-05 0.0010221640444277537 -0.00052468809801901395 0.0016177643769999242 -0.0017170734279409125 -0.0010699315148999973 6.8742977572162339e-05 -0.00033812264402070585 0.0049816069623877836 0.0162064877543046 0.00022287673748011736 0.00024174931992440322 -0.0013393485387936535 0.0013605592609952609 5.5273866546761292e-05
leaf_weight=445687.89949035645 314435.57257080078 343664.04010009766 2677015.4186331034 3278407.4439713955 689686.78955078125 289210.787109375 9298021.3093296289 124994.46271896362 56889.443969726562 3268817.1041035652 243516.0869140625 411594.44506835938 75341.615234375 2328152.3715820312
leaf_count=277 100 136 4224 7061 140 41 16195 321 28 6038 71 153 30 518
internal_value=-6.68732e-05 0.00226552 -0.000133071 -7.80269e-05 -0.000555587 0.000179508 9.66645e-05 0.00119174 0.00600498 -0.0002885 0.000385924 9.72963e-05 0.00044176 -0.000172619
internal_weight=2.38454e+07 658100 2.31873e+07 2.27416e+07 7.96736e+06 1.47743e+07 1.44851e+07 2.8589e+06 181884 7.27768e+06 3.99927e+06 3.75575e+06 3.34416e+06 1.16262e+07
internal_count=35333 236 35097 34820 13493 21327 21286 4573 349 13353 6292 6221 6068 16713
cat_boundaries=0 1
cat_threshold=12
is_linear=0
shrinkage=0.05


Tree=235
num_leaves=15
num_cat=1
split_feature=0 4 6 2 24 25 24 0 24 24 28 20 24 19
split_gain=1268.51 1465.72 1373.33 1053.12 987.421 1859.91 2534.22 2106.05 1301.94 1220.73 1418.57 2084.72 1327.17 1288.77
threshold=17.419860989426706 17.458037941908348 17.353540390897464 13.135437651394632 0.88970295594175008 0.68301270189221941 0.60932200920351154 16.3974896391274 0.71970720841918912 1.2736174209524151 0 -0.04606064205228954 1.4770627534572751 -0.025572442508694396
decision_type=2 2 2 2 10 2 10 2 8 10 1 8 10 2
left_child=1 2 3 -1 5 8 7 -7 -5 13 11 -11 -13 -6
right_child=-2 -3 -4 4 9 6 -8 -9 -10 10 -12 12 -14 -15
leaf_value=0.00077258748261660882 4.9390409212089947e-05 0.00026573890497008515 -0.0027853319947231496 -0.00015513017602979435 6.2420398283966194e-05 -0.00038529347903832223 0.0063869074907165332 0.00033692520148849697 0.00079834199203619336 0.0013392052531091706 -0.00029759433971721729 0.00039120986666721196 -6.4762468615498335e-05 -0.0029622832283917196
leaf_weight=7014321.7484092712 822447.0361328125 154434.67431640625 151447.63916015625 2423141.862701416 267454.15649414062 585401.91857910156 205516.46221923828 186883.31201171875 677115.19757080078 177764.49084472656 7101553.654876709 266582.44641113281 2671626.5796813965 986325.04699707031
leaf_count=25558 121 26 25 1395 146 403 114 38 430 99 4544 135 1584 586
internal_value=-0.0001522 -0.000221581 -0.000254586 -0.000222735 -0.00045216 0.000216099 0.00211745 0.000804342 -0.000383576 -0.000689726 -0.000509046 0.000380366 6.22568e-05 -0.00216216
internal_weight=2.3692e+07 2.28696e+07 2.27151e+07 2.25637e+07 1.55494e+07 4.07806e+06 977802 772285 3.10026e+06 1.14713e+07 1.02175e+07 3.11597e+06 2.93821e+06 1.25378e+06
internal_count=35204 35083 35057 35032 9474 2380 555 441 1825 7094 6362 1818 1719 732
cat_boundaries=0 1
cat_threshold=548
is_linear=0
shrinkage=0.05


Tree=236
num_leaves=15
num_cat=0
split_feature=9 19 20 19 25 4 4 18 18 20 25 4 16 9
split_gain=1136.89 2790.18 2889.77 2920.5 1424.78 1272.66 1335.16 1845.56 2231.96 1199.79 1179.83 910.773 1233.15 2291.66
threshold=0.14408993956811442 0.0039419723110017506 0.0024419272630601505 -0.019356527226552598 -0.24999999999999997 17.179119157328174 16.411339423236502 0.27277323660146974 0.75196990740825687 0.032674146079223358 -0.5 14.912104164960061 16.238508135383409 0.16473991554958628
decision_type=2 2 8 2 2 2 2 10 10 8 2 2 2 2
left_child=1 2 3 -1 -3 6 11 -8 -9 -6 -4 -2 -13 -14
right_child=5 4 10 -5 9 -7 7 8 -10 -11 -12 12 13 -15
leaf_value=2.7814701767911521e-05 6.8083525931165296e-05 5.2287320181161223e-05 -0.0016286697632393024 0.001086077652539252 -0.00028310153232473839 -0.00017461608745186289 0.00038044496094534691 -0.00058314992329958483 0.00039485337146494617 -7.7365638056963522e-05 2.2383294664524845e-05 4.1239921416956902e-06 0.00064564788414632219 -0.00067218968592073667
leaf_weight=528458.96104431152 14045892.858152986 399886.63499450684 156171.08969116211 399921.93045043945 297105.58059692383 930456.19116210938 678595.48852539062 590588.82202148438 552806.39526367188 225215.40394592285 227528.79091644287 2371752.2658691406 296012.58093261719 2198728.9224853516
leaf_count=163 31637 182 84 138 118 152 159 129 143 118 179 1128 108 882
internal_value=-2.94778e-05 0.00104438 0.0025257 0.00403423 -0.00106319 -0.000140224 -5.9044e-05 0.00123364 7.70002e-06 -0.0027828 -0.00112426 -0.000183579 -0.000773058 -0.00154911
internal_weight=2.38991e+07 2.23429e+06 1.31208e+06 928381 922208 2.16648e+07 2.07344e+07 1.82199e+06 1.1434e+06 522321 383700 1.89124e+07 4.86649e+06 2.49474e+06
internal_count=35320 982 564 301 418 34338 34186 431 272 236 263 33755 2118 990
is_linear=0
shrinkage=0.05


Tree=237
num_leaves=15
num_cat=1
split_feature=1 19 11 3 6 10 26 6 23 1 23 0 28 3
split_gain=911.026 3775.93 2437.74 1104.76 706.713 1671.94 2035.88 1352.96 1104.45 926.832 838.948 1288.41 716.5 954.757
threshold=16.997225798689893 0.0054342923760856013 0.03295877656462836 16.850127835172454 16.195747581550723 0.04615368876793096 -0.24999999999999997 15.947394267288711 3.5395868905720955 16.041732990297305 -10.063395810728649 14.659802400187553 0 15.930780293996753
decision_type=2 2 2 2 2 2 2 2 10 2 8 2 1 2
left_child=3 2 -2 4 7 6 -6 10 -7 -9 11 -1 13 -12
right_child=1 -3 -4 -5 5 8 -8 9 -10 -11 12 -13 -14 -15
leaf_value=0.00053444351751931126 0.00029713024407044468 -5.5041013220014774e-05 2.0261593187531529e-05 -0.0002090067238275751 -2.807184598946679e-05 4.3063034585622958e-05 0.0011380319354672259 -3.9129471128994999e-05 -0.002003747866279413 -0.00077795715279127499 0.00041891296291671117 0.012438381969514826 -0.00027855954999301955 0.00089106877225247731
leaf_weight=158648.1832151413 610847.189453125 851926.57250976562 738336.86474609375 795933.29907226562 602647.25415039062 545104.091796875 652029.2724609375 359639.81884765625 352388.525390625 502402.6240234375 3085806.0267275572 63255.480712890625 14476537.577793241 69652.0654296875
leaf_count=405 110 145 122 167 150 149 172 115 100 159 6365 28 27080 26
internal_value=-5.50752e-05 0.000914099 0.00255971 -0.000153545 -8.38134e-05 0.000774247 0.00195292 -0.000182483 -0.000873509 -0.00211716 -8.90706e-05 0.00296613 -0.000127521 0.000555175
internal_weight=2.38652e+07 2.20111e+06 1.34918e+06 2.1664e+07 2.08681e+07 2.15217e+06 1.25468e+06 1.87159e+07 897493 862042 1.78539e+07 221904 1.7632e+07 3.15546e+06
internal_count=35293 377 232 34916 34749 571 322 34178 249 274 33904 433 33471 6391
cat_boundaries=0 1
cat_threshold=196
is_linear=0
shrinkage=0.05


Tree=238
num_leaves=15
num_cat=1
split_feature=0 10 4 28 8 14 26 0 17 7 16 22 4 2
split_gain=1686.81 2758.59 1185.7 873.298 919.347 1717.54 1873.62 3383.03 2721.64 1676.83 1341.9 1722.05 1278.68 1236.07
threshold=17.153843914118731 0.036144411287787954 17.179119157328174 0 0.17112885132900854 1.5355535612626665 0.25000000000000017 16.273039820797113 0.041535751439321859 16.807051060811158 16.711730365174638 17.659105233035472 16.411339423236502 13.21496898858125
decision_type=2 2 2 1 2 8 2 2 2 2 2 2 2 2
left_child=2 -2 3 -1 5 -5 7 8 -7 12 11 -8 13 -6
right_child=1 -3 -4 4 9 6 10 -9 -10 -11 -12 -13 -14 -15
leaf_value=-0.00081544631769281471 7.8194642168683481e-05 -4.3830547834101724e-05 -0.00093674223146511006 -0.00022676989621277395 0.0010533412854549962 0.0035116902308938826 -0.00070217216433867032 0.0011029107985089327 -0.00022015984424729996 -0.0029649566475079335 -0.00015397420596651603 0.0041406228772663638 0.0010034781597921775 -0.00029373176220238799
leaf_weight=2875195.5493357182 717334.61181640625 832404.1943359375 377738.59448242188 1289974.9001244307 5167898.5759629011 146094.48212862015 129896.36183261871 555232.63061523438 429383.92956542969 426446.8662109375 622413.51226806641 131668.59280776978 623942.24194335938 9571304.5523986816
leaf_count=9663 113 140 72 1039 16132 211 121 124 186 86 184 98 170 6792
internal_value=-7.75328e-05 0.00151766 -0.000188157 -0.0001404 -1.80728e-05 0.000740296 0.0016524 0.0030006 0.000314199 -0.000176795 -7.20903e-05 0.00293301 -9.09484e-05 -0.000184801
internal_weight=2.38969e+07 1.54974e+06 2.23472e+07 2.19695e+07 1.90943e+07 3.30466e+06 2.01469e+06 1.13071e+06 575478 1.57896e+07 883978 261565 1.53631e+07 1.47392e+07
internal_count=35131 253 34878 34806 25143 1963 924 521 397 23180 403 219 23094 22924
cat_boundaries=0 1
cat_threshold=25
is_linear=0
shrinkage=0.05


Tree=239
num_leaves=15
num_cat=0
split_feature=19 1 25 19 4 2 19 19 23 3 23 22 0 27
split_gain=1226.2 3994.32 1746.34 2013.33 3551.69 2903.34 1980.68 1845.43 1569.57 1533.92 1367.69 1324.64 1318.88 1262.37
threshold=0.0054342923760856013 16.997225798689893 0.93301270189221952 0.043489306917255603 17.458037941908348 17.165049622732749 0.053255371535972207 0.026742964172620756 2.5228400253385952 17.004815837258366 2.2074747423528405 19.147167247441164 16.533265774342059 9.5000000000000018
decision_type=2 2 2 2 2 2 2 2 10 2 10 2 2 2
left_child=1 9 3 5 6 11 -5 10 -3 13 -4 -2 -8 -1
right_child=2 8 7 4 -6 -7 12 -9 -10 -11 -12 -13 -14 -15
leaf_value=0.00019016013885704306 -0.00033918372340118374 5.2234334396545652e-05 0.011470198891102137 0.0018625558937921454 8.5684352463746139e-05 -0.00084455939000346609 -4.6761575694157413e-05 0.00033635537124471031 0.00029834686487708521 -0.00049401726601685321 0.010110902713289186 -0.0025983718873431047 -0.0019392547838553553 -0.00017911258926757995
leaf_weight=9305605.098046422 5471511.0113956928 672070.79296875 90368.339950561523 701853.60615921021 111429.56787109375 432615.65478515625 1361779.7012910843 340497.1444106102 688452.99267578125 306449.08569335938 89704.507218360901 715926.14734709263 165120.31787109375 3435229.9860861301
leaf_count=15257 9099 121 119 1059 17 71 2326 519 114 63 140 734 35 5744
internal_value=1.07606e-05 0.00030135 -0.000430843 -0.000594408 0.000666182 -0.00104003 0.000230638 0.00238451 0.00287945 3.25152e-05 0.00647816 -0.000763151 -0.000779927 0.000116595
internal_weight=2.38886e+07 1.44078e+07 9.48081e+06 8.96024e+06 2.34018e+06 6.62005e+06 2.22875e+06 520570 1.36052e+06 1.30473e+07 180073 6.18744e+06 1.5269e+06 1.27408e+07
internal_count=35418 21299 14119 13341 3437 9904 3420 778 235 21064 259 9833 2361 21001
is_linear=0
shrinkage=0.05


Tree=240
num_leaves=15
num_cat=0
split_feature=24 11 2 26 2 7 5 4 8 17 17 19 19 18
split_gain=1006.59 1701.3 2299.05 1235.84 2426.04 860.001 1523.38 718.941 1492.21 1414.8 2702.38 2886.41 6233.36 1720.07
threshold=12.944662958778151 0.35485554419068421 16.276512134422696 -0.24999999999999997 14.488116774939014 13.564995637336066 12.429578915682979 16.286603766617137 0.29531689180894044 0.39233366882668819 0.27754239535709518 0.017275286540550706 -0.0037356066653217498 0.51237714781720134
decision_type=10 2 2 2 2 2 2 2 2 2 2 2 2 10
left_child=7 2 3 4 5 6 -2 -1 9 10 11 12 13 -9
right_child=1 -3 -4 -5 -6 -7 -8 8 -10 -11 -12 -13 -14 -15
leaf_value=-7.5124182324848383e-05 -0.00026573626990696367 -0.0020948797554770685 0.00039520767772816749 -8.7305301791897386e-05 0.0097105862843357739 -0.0049345391546793734 0.018164403676991164 7.0183332153875966e-05 -0.0005861675294353048 -5.5961425506919448e-05 0.00029531129735645611 -0.00018362162640005183 0.0014585864206847698 -0.00056349354788895337
leaf_weight=18438017.762118101 67344.918827056885 231495.28988265991 57094.21533203125 285181.67938947678 64795.487426757812 47886.552673339844 33976.98828125 573127.37548828125 511776.08618164062 836018.412109375 813780.90014648438 738784.56616210938 506706.71215820312 633437.94946289062
leaf_count=32939 300 332 17 583 29 42 55 111 125 176 169 150 106 141
internal_value=6.44408e-05 0.00182195 0.00332089 0.00223381 0.00510571 0.00159752 0.00420714 4.37904e-06 0.000562594 0.000880218 0.00135004 0.000521465 0.00164796 -0.000306472
internal_weight=2.38394e+07 787775 556280 499186 214004 149208 101322 2.30516e+07 4.61363e+06 4.10186e+06 3.26584e+06 2.45206e+06 1.71327e+06 1.20657e+06
internal_count=35275 1358 1026 1009 426 397 355 33917 978 853 677 508 358 252
is_linear=0
shrinkage=0.05


Tree=241
num_leaves=15
num_cat=0
split_feature=22 19 19 19 0 20 22 11 1 11 25 10 9 4
split_gain=840.383 4215.2 3890.6 3667.78 2238.22 1771.27 1714.74 2339.96 3684.29 1308.94 1644.32 2384.78 2818.76 6660.58
threshold=18.794625418761356 0.057106237952437459 -0.018468429717034846 -0.024565255806190598 16.994451200594245 0.038680543246289605 21.048113136224188 0.013465213433564152 16.8486284102338 -0.14621704661094087 -0.6830127018922193 -0.27664285800724459 0.26726935715068756 16.699285893163054
decision_type=2 2 2 2 2 10 2 2 2 2 2 2 2 2
left_child=4 2 3 6 -1 9 7 8 -2 10 -4 -12 -13 -14
right_child=1 -3 5 -5 -6 -7 -8 -9 -10 -11 11 12 13 -15
leaf_value=-9.9773769109065462e-06 -0.0010132017329221225 0.00081811067958264421 -0.0034963365100392561 0.00058526524686205062 -0.00011167928605505242 0.0056596456409707431 0.00091686203373682719 -0.0016512320702735282 0.0017086772568564114 -0.00029824336340529897 -0.0030985435527596077 -7.1181259110726495e-05 0.0042288754626973691 0.0029057776199558176
leaf_weight=19332476.90185976 200386.51532053947 189521.55668544769 143845.21785867214 184354.4489825964 819648.22387695312 109240.76310193539 245342.50064849854 338421.12295913696 108453.740234375 1898482.0866203308 134419.19307470322 177750.70956420898 120462.12612497807 74402.50830078125
leaf_count=31439 299 180 191 181 157 152 194 340 20 1599 234 77 267 15
internal_value=-4.2033e-05 0.000627299 0.000258231 0.00279352 -0.000172401 -0.000768775 0.00146744 0.00011821 0.0032652 -0.00103593 0.00089901 0.00223758 0.00429715 0.00845059
internal_weight=2.40772e+07 3.92508e+06 3.73556e+06 1.07696e+06 2.01521e+07 2.6586e+06 892604 647261 308840 2.54936e+06 650880 507035 372615 194865
internal_count=35345 3749 3569 1034 31596 2535 853 659 319 2383 784 593 359 282
is_linear=0
shrinkage=0.05


Tree=242
num_leaves=15
num_cat=0
split_feature=1 17 3 20 14 1 0 6 11 4 1 11 19 17
split_gain=816.06 1222.11 1157.37 1612.91 640.672 2285.28 1834.17 1237.46 3088.2 2590.09 1801.75 1199.37 737.277 937.555
threshold=17.156634566241113 0.22590751642309662 16.850127835172454 1.0000000180025095e-35 2.3605958934882918 15.928669810864353 15.671123781704924 16.195747581550723 -0.045827233625647744 16.554399131064109 16.158092031731105 0.089721752286378006 -0.089495761178203195 0.19132961672338733
decision_type=2 2 2 8 10 2 2 2 2 2 2 2 2 2
left_child=2 -2 4 -4 7 6 12 10 -9 11 -1 -10 -6 -14
right_child=1 -3 3 -5 5 -7 -8 8 9 -11 -12 -13 13 -15
leaf_value=-5.5365332767803583e-05 -1.1315137492015825e-05 7.5214897640736795e-05 -3.2935725519740655e-05 -0.00029054251496229012 0.001589923000180725 -0.0006094352360124577 0.0014311539925477741 0.0012878506678615453 0.00078862383406132653 -0.0012778832587821674 -0.0008948714742293113 -9.3541047706135e-05 -0.00040869452682662462 -0.0036875561398356546
leaf_weight=15846814.345100522 836050.31103515625 759165.03076171875 770608.6337890625 559603.21240234375 47028.248219490051 468818.33447265625 95379.224365234375 525124.126953125 442887.84497070312 464275.67065429688 331576.11889648438 408929.08837890625 2272177.3605265617 142712.89050292969
leaf_count=24770 134 124 154 116 153 121 34 138 124 112 108 116 9127 111
internal_value=-0.000144545 0.000948071 -0.000222439 -0.00165277 -0.000132034 -0.000805221 -0.000216908 -1.89823e-05 0.00120924 -8.42337e-05 -0.000158763 0.00155333 -0.000480473 -0.000601221
internal_weight=2.39712e+07 1.59522e+06 2.23759e+07 1.33021e+06 2.10457e+07 3.02612e+06 2.5573e+06 1.80196e+07 1.84122e+06 1.31609e+06 1.61784e+07 851817 2.46192e+06 2.41489e+06
internal_count=35442 258 35184 270 34914 9546 9425 25368 490 352 24878 240 9391 9238
is_linear=0
shrinkage=0.05


Tree=243
num_leaves=15
num_cat=0
split_feature=9 3 19 16 16 4 0 7 1 4 4 7 25 20
split_gain=992.696 3281.88 2148.34 2033.26 3151.96 1411.5 3154.73 1343.32 2098.6 1410.07 1127.22 1281.07 1029.87 1127.22
threshold=0.13067246360888676 17.169510099143395 -0.029986948250196144 18.179163792832941 17.068592372900032 17.179119157328174 17.153843914118731 17.114749279343759 17.156634566241113 17.017299882291177 14.234264878364472 14.909316716362946 0.93301270189221952 0.0011474289684619504
decision_type=2 2 2 2 2 2 2 2 2 2 2 2 2 8
left_child=1 2 -1 4 -4 6 7 8 9 10 11 -2 13 -12
right_child=5 -3 3 -5 -6 -7 -8 -9 -10 -11 12 -13 -14 -15
leaf_value=0.00042984840915129735 0.00019959931577563474 0.00047304714857623865 -0.0020299645078007025 -0.0002483809723105368 0.0012555090825386742 -0.00010791478679045078 0.0007584041041073348 -0.00026430086457985186 6.1079972762114067e-05 0.00028241832923765661 -0.0003437436255397961 0.0022005857599918526 -0.0020110587777925019 -5.8437049927722721e-06
leaf_weight=178052.63374328613 10872611.06511116 490720.7578125 202532.90043640137 530762.54415893555 143414.40692138672 1127726.3444824219 209403.55126953125 142249.87060546875 76836.62939453125 208042.095703125 3117530.7362365723 87401.386474609375 784317.41876220703 5692209.9046630859
leaf_count=94 29339 78 316 183 37 183 40 26 16 45 1543 44 370 2831
internal_value=-0.000103562 0.00112192 -0.00044967 -0.0014666 0.00151592 -0.000188424 -9.66939e-05 -0.000157642 -0.000124587 -0.000155111 -0.000196566 0.000149868 -0.000592324 -0.000437755
internal_weight=2.38638e+07 1.54548e+06 1.05476e+06 876710 345947 2.23183e+07 2.11906e+07 2.09812e+07 2.08389e+07 2.07621e+07 2.05541e+07 1.096e+07 9.59406e+06 8.80974e+06
internal_count=35145 708 630 536 353 34437 34254 34214 34188 34172 34127 29383 4744 4374
is_linear=0
shrinkage=0.05


Tree=244
num_leaves=15
num_cat=1
split_feature=4 1 18 3 6 22 10 17 24 24 25 11 28 2
split_gain=1360.25 2005.96 1662.64 1933.3 986.498 679.504 1885.31 795.859 995.17 1751.45 1906.42 1587.78 1040.49 2026.57
threshold=17.017299882291177 17.156634566241113 0.49405550574646351 17.169510099143395 17.129815940530211 21.06749716986349 0.054700591423640206 0.019118082041358554 2.4883974610312305 2.4100052801830851 0.25000000000000011 -0.48250446277024478 0 15.930207739512172
decision_type=2 2 10 2 2 2 2 2 8 10 2 2 1 2
left_child=1 4 3 -2 5 7 -7 -1 9 11 -11 -9 13 -10
right_child=2 -3 -4 -5 -6 6 -8 8 12 10 -12 -13 -14 -15
leaf_value=0.00012596773124499115 -0.00012097789436020359 4.5004604625132389e-05 -0.00036062161253082997 8.2761730891403202e-05 -0.00047689940101021053 0.00096229580656066011 -0.004824390355962006 0.0056820740806694118 -0.00055604116966752369 0.0039873775476408531 -0.0021429524335026462 -7.8622478507599572e-05 -0.00080183548583742398 0.001083875578483386
leaf_weight=10967851.603049278 734346.0791015625 212317.03857421875 586015.98681640625 846253.89013671875 105636.84765625 166793.84635925293 116050.21430969238 156296.27844238281 1130246.456817627 221787.93807983398 190148.02430725098 5603787.5255584717 2714888.7671051025 191818.86328125
leaf_count=26991 143 42 89 141 20 153 146 174 861 139 115 4075 2248 59
internal_value=-0.000251287 -0.000132419 -0.00144608 -0.000602703 -0.000180033 -0.000156307 0.0022782 -0.000188823 -0.00050653 -0.000107284 0.00304231 -0.000332529 -0.00111693 3.33778e-05
internal_weight=2.39442e+07 2.17776e+07 2.16662e+06 1.5806e+06 2.15653e+07 2.14597e+07 282844 2.11768e+07 1.0209e+07 6.17202e+06 411936 5.76008e+06 4.03695e+06 1.32207e+06
internal_count=35396 35023 373 284 34981 34961 299 34662 7671 4503 254 4249 3168 920
cat_boundaries=0 1
cat_threshold=100
is_linear=0
shrinkage=0.05


Tree=245
num_leaves=15
num_cat=1
split_feature=7 7 2 5 10 29 4 1 16 24 2 18 18 15
split_gain=1490.24 2281.93 1256.16 1478.36 758.599 1092.22 1081.54 1879.12 1369.85 1140.6 1012.84 1008.49 1356.26 1380.89
threshold=17.375687477891912 17.114749279343759 16.998031306214585 16.960881889764313 -0.22373515059471308 0 16.168471743006108 16.275843258113319 18.179163792832941 2.4755880669540953 8.3113528817459343 0.51237714781720134 0.99991832796946301 19.220245496564996
decision_type=2 2 2 2 2 1 2 2 2 10 2 10 10 2
left_child=1 2 3 4 5 11 10 -8 9 -9 -6 -1 13 -13
right_child=-2 -3 -4 -5 6 -7 7 8 -10 -11 -12 12 -14 -15
leaf_value=-0.0047977809824552974 3.1477684716016637e-05 -0.00015270146601360193 5.5521560045491495e-05 -0.0028196826438797373 0.0094403928524969816 -0.0011431956834956388 0.0014762265632913458 -2.0536932362210557e-05 -9.6177174726107603e-05 0.00013026244393371528 -7.1540077597000924e-05 6.1256670979108657e-05 -0.00040390998379650014 0.0067201420140658597
leaf_weight=795219.09147489071 941578.9697265625 764961.408203125 612407.06762695312 241514.7939453125 324288.85443150997 3057403.1688619852 564895.74047851562 554129.65893554688 640126.85424804688 464907.67822265625 13840604.330713272 320841.52688980103 717310.66234898567 300430.84213256836
leaf_count=3028 136 139 125 50 3415 5451 172 136 159 114 20464 476 1364 323
internal_value=-2.8153e-05 -0.000107297 -1.57273e-05 -7.84051e-05 -3.48679e-05 -0.000561601 0.000131975 0.00115703 0.000308999 0.00144767 -2.89719e-05 0.000306543 0.00114436 0.0028545
internal_weight=2.41406e+07 2.3199e+07 2.24341e+07 2.18217e+07 2.15802e+07 5.19121e+06 1.6389e+07 2.22406e+06 1.65916e+06 1.01904e+06 1.41649e+07 2.1338e+06 1.33858e+06 621272
internal_count=35552 35416 35277 35152 35102 10642 24460 581 409 250 23879 5191 2163 799
cat_boundaries=0 1
cat_threshold=102
is_linear=0
shrinkage=0.05


Tree=246
num_leaves=15
num_cat=0
split_feature=19 19 21 22 19 15 21 24 25 0 5 20 21 24
split_gain=902.659 2475.37 4416.54 2389.18 1470.57 2049.21 2495.47 2488.38 3134.55 6092.18 3141.48 1368.54 2139.56 1311.17
threshold=0.0039419723110017506 -0.0014855709088409498 10.98975100650992 19.617331230798943 0.012756320567288053 19.261483453064301 8.7188797853474842 0.12805959700701952 -0.24999999999999997 14.742370668645821 15.959129877069087 0.070445330419255422 10.755485002082809 1.2939662262770451
decision_type=2 2 10 2 2 2 10 10 2 2 2 8 10 10
left_child=1 -1 13 4 -2 -6 -7 -8 9 -9 11 12 -10 -3
right_child=3 2 -4 -5 5 6 7 8 10 -11 -12 -13 -14 -15
leaf_value=-1.9727052928221277e-05 -0.0022025781464675661 -0.00012146199747450678 0.0044984188350969791 -0.0023281368267758051 -0.0001512238154079566 -0.0011013908341358156 -6.7029311937635808e-05 -0.00054897949265238688 0.008626363734591044 0.0066068906235567486 -0.00019257877363720773 0.0048411523791453987 0.0040313546837978343 0.002007521300592854
leaf_weight=12484454.892780304 1595580.9699548483 555429.25888156891 124768.28404808044 969340.98096847534 5487343.0950863361 526340.36787414551 234331.4638710022 129187.92864990234 115168.06832885742 169496.50415039062 237404.96508789062 275616.67445373535 108418.39785766602 961439.59092640877
leaf_count=18310 2537 806 171 646 9692 671 276 168 108 65 57 318 119 1438
internal_value=-0.000116169 0.00014 0.00196526 -0.000483613 -0.000226292 7.48897e-05 0.00154088 0.00274091 0.00379403 0.00811457 0.00204211 0.00429388 0.00720051 0.00122147
internal_weight=2.39743e+07 1.41261e+07 1.64164e+06 9.84823e+06 8.87889e+06 7.28331e+06 1.79596e+06 1.26962e+06 1.03529e+06 298684 736608 499203 223586 1.51687e+06
internal_count=35382 20725 2415 14657 14011 11474 1782 1111 835 233 602 545 227 2244
is_linear=0
shrinkage=0.05


Tree=247
num_leaves=15
num_cat=1
split_feature=11 16 26 24 18 2 28 5 24 21 24 5 7 5
split_gain=858.354 2286.05 1273.86 1426.4 2012.91 4597.76 1518.97 1430.83 1235.5 1937.48 1257.79 2329.52 1219.4 1328.73
threshold=-0.077831945305888384 18.52807987505204 0.6830127018922193 1.9225388344841303 0.53034502210165368 15.261098621047049 0 15.359415941515772 -0.49634585822530647 10.734709278168706 11.462667566961002 14.352959662338554 16.39444836774533 14.137188209980989
decision_type=2 2 2 10 8 2 1 2 8 10 10 2 2 2
left_child=1 2 8 4 6 -6 -4 -5 9 -1 12 -12 13 -10
right_child=-2 -3 3 7 5 -7 -8 -9 10 -11 11 -13 -14 -15
leaf_value=0.0059349412181759981 -4.6739070226845133e-05 0.00032197537116008927 0.00256573644412538 -0.0015664561612056998 0.000264982882384472 0.0032499389102878355 -0.0028591252067316024 -0.0025686349977705365 0.0016379946100212686 0.014877916389386254 -0.00072554889433596597 0.0090985074102163492 0.00030368476714202506 -0.00029677559175075619
leaf_weight=123010.4515504837 15334846.605194449 248577.50424194336 101161.28561544418 885056.49042510986 240610.79972147942 83413.751831054688 544329.5126953125 301165.45874023438 3039263.3047947884 46819.388404846191 107682.56375455856 92101.53564453125 781866.48120117188 2099195.7507324219
leaf_count=290 20859 87 192 1974 410 31 991 85 8626 111 357 39 159 1142
internal_value=-6.92234e-05 0.000327656 0.000188561 -0.000860349 0.000562304 0.00377789 -0.00105186 -0.0020231 0.000548051 0.00475475 0.000431318 0.00433331 0.000299643 1.97325e-05
internal_weight=2.40291e+07 8.69425e+06 8.44568e+06 2.15574e+06 969515 324025 645491 1.18622e+06 6.28994e+06 169830 6.12011e+06 199784 5.92033e+06 5.13846e+06
internal_count=35353 14494 14407 3683 1624 441 1183 2059 10724 401 10323 396 9927 9768
cat_boundaries=0 1
cat_threshold=192
is_linear=0
shrinkage=0.05


Tree=248
num_leaves=15
num_cat=0
split_feature=1 2 19 4 1 0 1 19 20 7 20 2 20 23
split_gain=1476.82 2575.37 2466.88 1235.97 1023.91 970.61 980.55 704.611 666.599 1483.96 1125.84 906.412 1432.13 1443.29
threshold=17.156634566241113 16.688037161790731 0.0054342923760856013 16.699285893163054 16.8486284102338 16.684754232979486 16.686730721057785 -0.0088679598446286482 0.00086986813109385006 16.110960638906878 0.078850639714242415 14.521680106044606 -0.021705058441736147 -3.7788034798973693
decision_type=2 2 2 2 2 2 2 2 10 2 10 2 10 8
left_child=1 3 -2 5 -3 6 8 -6 11 10 -10 -1 13 -13
right_child=2 4 -4 -5 7 -7 -8 -9 9 -11 -12 12 -14 -15
leaf_value=3.0315546522880466e-05 0.0001065016847785509 -0.0012227554021110986 -0.00026664506304076107 0.0002102782571684842 3.4775041846481806e-06 -0.00054777245238946148 0.00053903600400999026 -0.00014465898044781415 0.00022327054902867793 0.00082472684819584322 -0.0032878554311168229 0.0074212135268823341 -0.00095996677800093465 -0.0002564387144474418
leaf_weight=9140256.491967082 987293.9794921875 635808.857421875 635413.8134765625 399899.51879882812 512046.91577148438 171261.61962890625 86625.82958984375 611808.50610351562 5059783.9711093903 554439.28979492188 316551.52621841431 223375.23468017578 1592048.0496826172 3063385.2428588867
leaf_count=23091 160 145 103 98 103 46 23 123 8457 159 532 103 793 1453
internal_value=-8.16818e-05 -0.000187347 0.0013748 -3.05695e-05 -0.00202339 -8.50419e-05 -5.30048e-05 -0.00111621 -7.60536e-05 0.000368308 0.000114323 -0.000264041 -0.000814336 -0.000218126
internal_weight=2.399e+07 2.23673e+07 1.62271e+06 2.06076e+07 1.75966e+06 2.02077e+07 2.00365e+07 1.12386e+06 1.99498e+07 5.93077e+06 5.37634e+06 1.40191e+07 4.87881e+06 3.28676e+06
internal_count=35389 35126 263 34755 371 34657 34611 226 34588 9148 8989 25440 2349 1556
is_linear=0
shrinkage=0.05


Tree=249
num_leaves=15
num_cat=0
split_feature=20 9 20 9 17 19 1 10 27 2 7 7 4 0
split_gain=848.567 2860.03 792.501 749.747 3058.39 1925.65 1457.69 1362.47 1291.64 1161.68 1919.78 1423.15 962.861 1626.87
threshold=0.094421467364360259 0.22101069469615353 0.078850639714242415 0.14408993956811442 0.11989842582786801 -0.015044224044914999 16.8486284102338 0.017816404280976503 8.5000000000000018 17.4270168375546 17.375687477891912 17.114749279343759 17.179119157328174 16.846705175829062
decision_type=10 2 10 2 2 2 2 2 2 2 2 2 2 2
left_child=2 -2 3 4 6 -6 8 -7 -1 10 11 12 13 -5
right_child=1 -3 -4 9 5 7 -8 -9 -10 -11 -12 -13 -14 -15
leaf_value=-0.0015552588343830912 0.0013347596057024917 -0.0053186263940177003 -0.0034847200619238373 -7.7420966556371237e-05 0.00072696952029904392 -7.4305107154446599e-05 -0.0017976093068689906 3.5878919555311437e-05 0.00027470957786241231 -0.0009216882832101792 0.00024418259682386947 -0.00023681010104475747 -0.00070028344200805115 0.00043552961872527315
leaf_weight=349767.23337554932 108010.62132263184 136233.85886764526 205186.73764896393 19788354.06459558 468736.47503662109 421004.60076904297 326322.55810546875 382514.90618896484 139771.73110961914 523500.03662109375 153088.478515625 258101.0087890625 191383.94409179688 613548.18896484375
leaf_count=384 39 265 281 33627 118 135 66 95 153 78 24 47 39 133
internal_value=-0.0001017 0.00283045 -0.000131764 -0.000104883 0.000799698 0.00233205 -0.00158986 0.000846333 0.000135673 -0.000192623 -0.000134638 -0.000175597 -0.000129352 -9.62384e-05
internal_weight=2.40655e+07 244244 2.38213e+07 2.36161e+07 2.08812e+06 1.27226e+06 815862 803520 489539 2.1528e+07 2.10045e+07 2.08514e+07 2.05933e+07 2.04019e+07
internal_count=35484 304 35180 34899 951 348 603 230 537 33948 33870 33846 33799 33760
is_linear=0
shrinkage=0.05


Tree=250
num_leaves=15
num_cat=0
split_feature=0 1 26 1 24 22 19 24 9 24 24 4 10 10
split_gain=2327.51 1129.06 953.16 4535.18 957.02 1108.92 848.135 1229.29 1177.47 1080.92 1238.19 845.477 828.82 1152.4
threshold=17.419860989426706 17.423965936235351 0.93301270189221952 17.156634566241113 -0.04553885756598159 16.964017972763202 0.013538468270925351 1.6185599954412302 0.14408993956811442 2.6833875349298704 3.5139988058455356 11.965653130220216 0.10590083567411311 0.25735062229531286
decision_type=2 2 2 2 10 2 2 8 2 10 10 2 2 2
left_child=1 2 4 6 5 -1 8 -8 -4 -9 -11 -10 -13 -14
right_child=-2 -3 3 -5 -6 -7 7 9 11 10 -12 12 13 -15
leaf_value=-0.00027773358517903436 6.1267628566167087e-05 -0.0020464072157960127 0.0040073844244280952 0.00031987496825350905 -5.8492662361034247e-05 -0.00093825130180346565 0.0037009249154164657 -0.0011507234639819832 0.0054527589394818918 0.0065848738681375894 -5.5885699834350123e-05 -0.0011506929853764517 0.0026280859783190148 -0.001285011446357843
leaf_weight=1004977.7099952698 935981.75830078125 121550.74365234375 84141.860977172852 92872.9423828125 18946909.899248838 1061922.3101425171 109788.08069515228 125302.31416893005 240391.94804573059 68589.126170635223 175406.57914590836 665268.43803405762 202671.04956054688 131181.40921020508
leaf_count=2453 136 20 50 18 28723 1070 194 162 1205 92 327 577 160 120
internal_value=-9.44747e-05 -0.000193806 -0.000168306 0.000905494 -0.000265171 -0.00128679 0.000350395 0.00215307 -0.000302067 0.00077211 0.00271061 -0.000690609 -0.00133115 0.000701734
internal_weight=2.3967e+07 2.3031e+07 2.29094e+07 1.89561e+06 2.10138e+07 2.0669e+06 1.80274e+06 479086 1.32365e+06 369298 243996 1.23951e+06 999121 333852
internal_count=35307 35171 35151 2905 32246 3523 2887 775 2112 581 419 2062 857 280
is_linear=0
shrinkage=0.05


Tree=251
num_leaves=15
num_cat=0
split_feature=0 19 24 7 16 19 7 10 0 14 20 11 23 17
split_gain=1044.37 2905.28 4828 2912.48 2824.88 2761.13 1585.8 1548.06 781.047 684.767 670.393 534.813 1306.39 1444.4
threshold=16.273039820797113 -0.018468429717034846 1.1394161556931202 16.984761516005801 18.407908271991452 -0.0053716608009118493 16.110960638906878 0.04615368876793096 15.926099204579868 1.8515717357755255 0.083646523804972325 -0.78186129748705457 -10.063395810728649 0.089301647703461315
decision_type=2 2 8 2 2 2 2 2 2 10 10 2 8 2
left_child=6 2 -2 5 -5 -3 8 -7 10 -8 11 12 -1 -14
right_child=1 3 -4 4 -6 7 9 -9 -10 -11 -12 -13 13 -15
leaf_value=0.015353746807868197 0.00057913826262517994 -0.00055690559035897873 9.924269055839635e-06 -0.00029237748185000046 3.1449941786254441e-05 0.00092169005848911478 -0.00072595096103118611 6.5713843538774285e-05 0.0015117142981873014 -9.2477732057760862e-05 -0.006698186707728657 -0.00012517896329636592 0.00041292923754928615 0.01486774158622782
leaf_weight=23338.176354408264 475496.10620117188 436430.35986328125 838491.853515625 994062.92236328125 760020.64111328125 639117.35424804688 582501.16430664062 527797.31811523438 447879.52404785156 351484.54565429688 287187.78165340424 16840890.581592441 483661.55896031857 23662.389221191406
leaf_count=58 101 114 182 177 127 156 169 141 162 101 492 30737 2378 25
internal_value=-2.13107e-05 0.000648619 0.0026418 -0.000131448 -0.0015394 0.00140887 -0.000185671 0.0026778 -8.20362e-05 -0.00219478 -0.000134335 -9.47236e-05 0.00146816 0.00093606
internal_weight=2.3712e+07 4.67142e+06 1.31399e+06 3.35743e+06 1.75408e+06 1.60335e+06 1.90406e+07 1.16691e+06 1.81066e+07 933986 1.76587e+07 1.73716e+07 530662 507324
internal_count=35120 998 283 715 304 411 34122 297 33852 270 33690 33198 2461 2403
is_linear=0
shrinkage=0.05


Tree=252
num_leaves=15
num_cat=0
split_feature=19 21 11 0 15 3 4 6 15 4 1 25 14 21
split_gain=1177.63 2436.83 3513.71 14962.9 2164.32 1943.67 1701.41 2343.05 1639.2 4163.13 1753.48 1437.63 1512.32 2398.44
threshold=0.0054342923760856013 11.037231308731972 -0.10671893113296073 16.846705175829062 19.287850958630411 17.004815837258366 16.856164222692549 15.515705039931486 19.359974475038499 15.674905821477632 14.104672706595688 -0.6830127018922193 1.5649414333171312 11.13794857602632
decision_type=2 8 2 2 2 2 2 2 2 2 2 2 10 10
left_child=1 -1 3 -3 5 6 7 -2 9 -6 -10 -4 13 -13
right_child=4 2 11 -5 8 -7 -8 -9 10 -11 -12 12 -14 -15
leaf_value=-2.8196892677930726e-07 -0.00044527940441844191 0.0014328514402329599 0.0015748659678813453 0.002071045116319573 2.850903752050535e-05 -0.0026454468320806033 0.0002519875888795512 -0.0004338665924514607 0.0058458761602998678 0.0011053800506743605 -0.002254051132822663 -0.00060907564368724212 -0.00094682638031976191 0.0018180135672389002
leaf_weight=12954867.323356509 5481910.6686389446 312234.39104509354 220914.77604627609 74815.55029296875 908087.51062393188 598455.38134765625 352082.21264648438 1200618.3188476562 199058.72631072998 405151.42749023438 309720.982421875 119389.2364654541 524878.22611379623 97403.25602722168
leaf_count=19545 11711 582 231 14 1156 105 75 370 357 98 128 116 504 142
internal_value=-6.64145e-05 0.000219773 0.00224165 0.00626493 -0.000499385 -0.000868978 -0.000636262 -0.000814749 0.00104897 0.00198245 -0.00136047 0.000623908 -0.000430676 0.00308245
internal_weight=2.37596e+07 1.43045e+07 1.34964e+06 387050 9.45509e+06 7.63307e+06 7.03461e+06 6.68253e+06 1.82202e+06 1.31324e+06 508780 962585 741671 216792
internal_count=35134 21134 1589 596 14000 12261 12156 12081 1739 1254 485 993 762 258
is_linear=0
shrinkage=0.05


Tree=253
num_leaves=15
num_cat=1
split_feature=7 11 0 14 1 23 16 0 2 29 9 24 9 16
split_gain=1550.48 1842.42 1596.7 3108.19 829.794 715.118 1325.12 3708.82 1002.8 835.381 866.927 804.933 2302.34 788.514
threshold=17.114749279343759 1.0000000180025095e-35 16.846705175829062 2.2720336201104523 16.997225798689893 7.9391589943978209 15.801591247053871 14.784012551617112 16.998031306214585 0 0.56604043890388445 23.043396053732206 0.49353926780268337 16.451358733641172
decision_type=2 2 2 8 2 10 2 2 2 1 2 10 2 2
left_child=2 -2 4 -4 5 8 7 9 11 -7 -11 -1 -13 -8
right_child=1 -3 3 -5 -6 6 13 -9 -10 10 -12 12 -14 -15
leaf_value=-0.0001054190994839425 -0.00014769071365143728 -1.7923524074406858e-05 0.00067690698494583953 -1.5614551429704341e-06 0.00024261206195150907 -0.0010509732138864196 -0.0025502645455763632 0.0043676080836606603 -0.0023269064977190397 0.010756117786990024 0.0037634068790636439 0.0066824174704125496 -0.0037852706942798106 0.00070707208614901196
leaf_weight=19587005.886809468 689316.21044921875 962115.3427734375 464930.11279296875 669844.04443359375 97621.45654296875 385796.83345222473 214074.71021461487 99991.307861328125 109380.24658203125 49190.590377807617 179344.48886060715 162221.35460662842 210484.11032390594 119612.14495849609
leaf_count=32358 114 152 101 138 21 851 185 53 24 108 604 184 356 93
internal_value=-0.000149319 -0.00162772 -4.00778e-05 0.00178723 -0.00013782 -0.000159082 0.0011142 0.00232937 -0.000225572 0.00087585 0.00327137 -0.000199408 0.00210242 -0.00148712
internal_weight=2.40009e+07 1.65143e+06 2.23495e+07 1.13477e+06 2.12147e+07 2.11171e+07 1.04801e+06 714323 2.00691e+07 614332 228535 1.99597e+07 372705 333687
internal_count=35342 266 35076 239 34837 34816 1894 1616 32922 1563 712 32898 540 278
cat_boundaries=0 1
cat_threshold=5
is_linear=0
shrinkage=0.05


Tree=254
num_leaves=15
num_cat=2
split_feature=10 14 11 3 29 2 14 3 14 2 14 25 30 19
split_gain=606.641 754.663 1081.84 1624.06 1580.47 1515.04 1358.68 1754.27 1307.97 1226.76 1104.31 5555.43 1350.27 1364.57
threshold=-0.24561417360281981 0.81142272426655138 0.22968596109529832 16.043295900230813 0 16.276512134422696 1.4989950030858656 14.995946782177455 1.5170000176554674 15.261098621047049 1.0145927531969077 -0.6830127018922193 1 -0.0099925694715324986
decision_type=2 10 2 2 1 2 10 2 10 2 10 2 1 2
left_child=-1 -2 4 5 10 9 7 -6 -8 -4 11 -3 13 -12
right_child=1 2 3 -5 6 -7 8 -9 -10 -11 12 -13 -14 -15
leaf_value=-0.00078412629017842329 0.0023068824547738207 0.0080178006441834048 -0.00015339294704710146 -0.0018603454319683758 -0.0008273194946491531 0.00066253761851698431 0.00051262903927593831 -0.0016890781590558205 4.7488606039366481e-06 -0.0020249214716106675 -0.00031505243405893259 -0.0012863596929192794 -0.00080771457028338428 0.0030154475693786598
leaf_weight=4861110.1340208054 1942344.1405128241 98547.843467712402 2182801.695854187 454075.40625 2433648.0448977947 69947.86865234375 146444.91748046875 731372.95275878906 8045602.855019331 462804.88732910156 752458.30592727661 224286.91609191895 316234.71112418175 1037264.2816200256
leaf_count=9983 4156 114 4970 116 3801 22 112 261 8400 207 1027 298 317 1456
internal_value=-0.000149665 -2.15248e-05 -0.000128467 -0.000961396 6.30394e-05 -0.000498587 -0.000184537 -0.00106438 0.000155392 -0.000690621 0.0012207 0.00394376 0.000803276 0.00133547
internal_weight=2.37589e+07 1.88978e+07 1.69555e+07 3.16963e+06 1.37859e+07 2.71555e+06 1.13571e+07 3.16502e+06 8.19205e+06 2.64561e+06 2.42879e+06 322835 2.10596e+06 1.78972e+06
internal_count=35240 25257 21101 5315 15786 5199 12574 4062 8512 5177 3212 412 2800 2483
cat_boundaries=0 1 2
cat_threshold=12 9
is_linear=0
shrinkage=0.05


Tree=255
num_leaves=15
num_cat=1
split_feature=16 8 28 6 8 15 24 19 3 21 14 19 3 1
split_gain=1278.82 1945.03 1410.8 2724.48 1326.74 3002.15 1464.33 1109.89 1925.34 1175.09 1320.8 996.238 1365.55 1190.78
threshold=18.435443290659602 0.12460012248063866 0 16.195747581550723 0.096489678386156755 19.355727249030448 2.5238496343422105 0.014367283444524951 15.153099527080643 11.048277798141749 1.829916591342281 -0.028865370756790996 15.809359978435861 15.25962977546112
decision_type=2 2 1 2 2 2 8 2 2 10 10 2 2 2
left_child=2 -2 3 7 5 6 -4 11 9 -9 -11 13 -13 -1
right_child=1 -3 4 -5 -6 -7 -8 8 -10 10 -12 12 -14 -15
leaf_value=4.1137546690669713e-05 0.00016224379049951062 -0.00034347265311664984 4.3384316057985234e-05 0.00047458589885417005 -8.3828091435455166e-05 0.00115751451570272 -0.00075742872935426208 -0.00029795850923560374 -0.0019365945765634014 -0.00056068248801064324 0.004730135346266027 0.0010411566442838506 0.00025786903142606101 -0.00086945574091715553
leaf_weight=855822.77913606167 440522.22625732422 916498.67657470703 430101.26202344894 722784.357421875 15178912.677473664 166111.51647567749 261905.26139199734 1362569.7035107613 409631.86010742188 58414.104110479355 53797.614949226379 2571047.8159404993 255012.45654296875 178792.31469726562
leaf_count=2012 107 390 185 171 22523 65 274 3350 169 143 104 5616 88 73
internal_value=-7.93437e-05 -0.00156997 1.05392e-05 0.000633908 -0.000240871 0.00167183 0.000222866 0.000269921 -0.000724811 0.000117493 0.00503564 0.000755454 0.00124143 -0.000572005
internal_weight=2.38619e+07 1.35702e+06 2.25049e+07 6.46787e+06 1.6037e+07 858118 692007 5.74509e+06 1.88441e+06 1.47478e+06 112212 3.86068e+06 2.82606e+06 1.03462e+06
internal_count=35270 497 34773 11726 23047 524 459 11555 3766 3597 247 7789 5704 2085
cat_boundaries=0 1
cat_threshold=230
is_linear=0
shrinkage=0.05


Tree=256
num_leaves=15
num_cat=0
split_feature=10 9 4 15 23 19 8 24 23 6 19 19 16 9
split_gain=815.741 1367.71 6633.99 1337.07 1550.62 2246.76 5592.73 1386.53 1363.13 1139.86 1094.82 1051.56 1230.99 1122
threshold=-0.059243014385458891 0.30659741550844316 17.458037941908348 19.419154166034748 2.5039231257198153 -0.014768983421864898 0.089262396150043263 31.243014639083103 1.8140463560826752 16.804439504542483 0.03655989498873196 -0.047788368191836093 17.348131363805926 0.11267707992664321
decision_type=2 2 2 2 8 2 2 8 8 2 2 2 2 2
left_child=1 10 9 4 11 6 -6 -8 -5 -3 -1 12 -2 -13
right_child=3 2 -4 8 5 -7 7 -9 -10 -11 -12 13 -14 -15
leaf_value=-0.000136728788444198 -0.00068074250390238317 -0.00017680794141835407 0.00068509631508402793 0.00074254439219488023 0.0008069688338469363 7.9496024000980283e-06 0.00072694739758852604 0.0074309649528576981 -0.0020373811596808762 -0.0017089507964518612 -0.001827518690427826 -0.0013185168861663725 0.00011983110923119801 -7.368530600810267e-05
leaf_weight=2657628.1962985992 121024.42230606079 6672003.1525797844 79751.17333984375 148243.49897766113 121505.07656288147 4463562.337765336 2367018.0529873371 72206.534366607666 488638.28553771973 124186.81591796875 424662.94432067871 409335.52043151855 79729.014495849609 5553198.6710605621
leaf_count=1753 229 13755 14 130 106 6846 3770 106 403 23 313 151 29 7549
internal_value=-0.000132783 -0.000477807 -8.54818e-05 0.000115749 0.00022381 0.000731671 0.00191228 0.00139076 -0.00212182 -0.000253721 -0.001353 -0.000354998 0.0032043 -0.000474836
internal_weight=2.37827e+07 9.95823e+06 6.87594e+06 1.38245e+07 1.31876e+07 7.02429e+06 2.56073e+06 2.43922e+06 636882 6.79619e+06 3.08229e+06 6.16329e+06 200753 5.96253e+06
internal_count=35177 15858 13792 19319 18786 10828 3982 3876 533 13778 2066 7958 258 7700
is_linear=0
shrinkage=0.05


Tree=257
num_leaves=15
num_cat=0
split_feature=27 3 1 3 14 0 10 27 17 1 2 10 0 11
split_gain=931.069 975.363 1590.24 1008.42 971.153 1934.54 3733.1 2387.53 1864.38 2005.89 1525.63 1521.24 2042.62 1394.44
threshold=1.5000000000000002 15.266957217830116 15.035932932970189 14.56427205285687 1.7749915707983317 14.659802400187553 -0.11064892216066544 3.5000000000000004 0.39233366882668819 16.536166990069358 15.090779240072619 -0.31115806643560073 16.533265774342059 -0.026418120602745145
decision_type=2 2 2 2 8 2 2 2 2 2 2 2 2 2
left_child=1 2 3 -1 -2 -6 11 -8 9 10 13 -7 -13 -9
right_child=4 -3 -4 -5 5 6 7 8 -10 -11 -12 12 -14 -15
leaf_value=-0.000350740745379546 -4.6666457997079867e-05 -0.00072749415484296004 0.0043341149897758481 -0.0040409869138359452 -0.00047347450954605627 0.00040306870992503968 0.00097901751604909646 -0.00076687063021958985 -0.00044848860924644792 0.00011440222832314249 -0.00092857992802518113 0.00090934494936680552 0.00015080675877081004 0.0039419315647208231
leaf_weight=1113811.9953615665 14127332.106425285 720735.06579589844 156401.71997070312 191081.34167480469 3609021.6223945618 397986.94384765625 306141.87316894531 216627.60217285156 401790.79760742188 690445.07373046875 947295.10131835938 452731.09692382812 321559.423828125 179449.67114257812
leaf_count=2788 18224 205 81 125 12568 115 123 137 78 150 380 182 62 108
internal_value=-2.09086e-05 -0.00100533 -0.00026292 -0.000833958 7.83057e-05 0.000537202 0.00130712 0.000297415 -0.00022569 0.000389171 -0.000736558 0.00366864 0.00495997 0.00186929
internal_weight=2.38324e+07 2.18203e+06 1.4613e+06 1.30489e+06 2.16504e+07 7.52305e+06 3.91403e+06 2.74175e+06 2.43561e+06 2.03382e+06 1.34337e+06 1.17228e+06 774291 396077
internal_count=35326 3199 2994 2913 32127 13903 1335 976 853 775 625 359 244 245
is_linear=0
shrinkage=0.05


Tree=258
num_leaves=15
num_cat=0
split_feature=9 1 19 4 4 25 9 11 14 7 22 18 0 3
split_gain=1054.23 1493.86 1184.27 1129.61 1559.06 2394.65 1870.05 2311.8 1599.76 3122.07 1201.6 737.588 731.367 681.497
threshold=0.099641508914028162 17.156634566241113 0.0039419723110017506 17.179119157328174 16.168471743006108 1.0000000180025095e-35 0.25981406867439644 0.010041080534270051 1.5460538133724107 16.807051060811158 19.593415907659992 0.0077380117379840007 13.637668239767079 16.537870894875581
decision_type=2 2 2 2 2 2 2 2 10 2 2 10 2 2
left_child=1 2 -1 4 11 6 7 -6 -7 -10 -5 12 -2 -13
right_child=3 -3 -4 10 5 8 -8 -9 9 -11 -12 13 -14 -15
leaf_value=0.00012941522895905069 0.0024923893751737556 0.0007570216850995669 -0.0018629176552487879 3.1535330856010995e-06 3.1071029318888295e-05 -0.001522600037275639 -0.00025828947463851472 0.00071731623491299288 0.00083556985115508455 -0.00013577061846806093 -0.00025472685875602071 -0.00020336156670543363 0.012259280339741888 -0.0017544379311224799
leaf_weight=150971.90495300293 976393.30117094517 173553.654296875 143012.20370483398 650928.802734375 614833.22265625 471435.97729492188 482589.74365234375 533530.3369140625 535791.37377929688 684471.17822265625 693588.06323242188 17544375.789745808 16548.763854980469 139472.99731445312
leaf_count=142 6531 28 111 113 156 130 129 124 146 136 107 27395 21 39
internal_value=-4.59521e-05 0.00230489 0.000133336 -9.30354e-05 -7.05012e-06 0.000990891 0.00235795 0.00345551 -0.000327085 0.000628612 -0.00149996 -0.000184586 0.00114144 -0.000259042
internal_weight=2.38115e+07 467538 293984 2.3344e+07 2.19994e+07 3.32265e+06 1.63095e+06 1.14836e+06 1.6917e+06 1.22026e+06 1.34452e+06 1.86768e+07 992942 1.76838e+07
internal_count=35308 281 253 35027 34807 821 409 280 412 282 220 33986 6552 27434
is_linear=0
shrinkage=0.05


Tree=259
num_leaves=15
num_cat=1
split_feature=21 3 27 21 1 26 11 2 17 17 19 24 26 28
split_gain=1307.63 1416.33 1385.54 1448.1 3201.71 1368.71 1224.12 1740 1384.95 2301.17 2181.05 1900.16 2374.64 3096.57
threshold=8.9148447313850792 10.321630011757703 1.5000000000000002 9.1055041605223739 15.804232180326846 1.0000000180025095e-35 0.082218521832215771 17.4270168375546 0.22590751642309662 0.14864806091691327 -0.014024481491092899 1.9434536580973651 -0.24999999999999997 0
decision_type=10 2 2 10 2 2 2 2 2 2 2 10 2 1
left_child=1 -1 -2 4 5 -4 8 -8 9 -5 -11 12 -10 -14
right_child=2 -3 3 6 -6 -7 7 -9 11 10 -12 -13 13 -15
leaf_value=0.0060591782270535063 -0.0012860028341929661 -0.00074719953312890196 0.0045304252853364743 0.00016324117454814786 0.0022897812286677972 -0.0029473210685358633 -0.00019355465049966214 0.00016410590310946208 0.00039683513053554088 2.39216278339061e-06 -0.0022655489116791749 -2.139544962692326e-05 -0.00016214750634207891 0.00031106384425312952
leaf_weight=578777.73500049114 1705416.3240549564 4957618.1141853333 332952.20925354958 7546514.574226141 151305.412109375 266800.42200374603 4891809.4451794624 341115.55419921875 656641.90618896484 289887.19323730469 528186.81774902344 776242.42279052734 455437.51416015625 353508.19671630859
leaf_count=4627 2168 6623 466 12206 43 383 7597 49 182 107 206 288 97 137
internal_value=-5.6448e-05 -0.000729724 0.000147288 0.000286793 0.00243202 0.000792313 0.000185073 -0.000440713 0.000493819 0.00019803 -0.0023208 0.00159745 0.00265684 0.000843549
internal_weight=2.38322e+07 5.5364e+06 1.82958e+07 1.65904e+07 751058 599753 1.58393e+07 5.23292e+06 1.06064e+07 8.36459e+06 818074 2.24183e+06 1.46559e+06 808946
internal_count=35179 11250 23929 21761 892 849 20869 7646 13223 12519 313 704 416 234
cat_boundaries=0 1
cat_threshold=520
is_linear=0
shrinkage=0.05


Tree=260
num_leaves=15
num_cat=1
split_feature=20 8 8 24 28 15 19 16 11 15 26 1 7 7
split_gain=1473.7 1553.62 3107.81 2226.48 3331.58 2160.59 1993.97 1395.86 1294.37 1134.79 1031.69 1399.58 1087.89 1810.87
threshold=0.017017759307122401 0.17112885132900854 0.16378791195391673 1.9434536580973651 0 19.203026137930177 -0.029549318239527746 18.472836192843562 -0.016257289874851599 19.358924260592001 0.93301270189221952 16.536166990069358 15.094785014784197 14.848649244399011
decision_type=8 2 2 10 1 2 2 2 2 2 2 2 2 2
left_child=1 2 3 4 -1 6 -6 -3 -8 -5 -2 12 13 -12
right_child=10 7 -4 9 5 -7 8 -9 -10 -11 11 -13 -14 -15
leaf_value=0.00052114527449601141 -0.00023247592120435713 3.1795420895386946e-05 0.0018115853653198968 -0.00015068444272747563 0.0027038597057250507 0.0011280922907077431 2.7067937351231763e-05 -0.0013613334619597954 -0.0018763071645878282 0.00041648991627703344 0.0014354680126884116 0.00088652378108728931 -0.00039254682255857547 0.0075538093433020473
leaf_weight=342103.51361083984 11777942.172915101 7195365.5304454565 222282.34073257446 1132604.5034236908 167634.25964546204 481481.39862060547 373898.17504692078 567305.99719238281 395608.85104179382 221529.4111328125 726318.19597029686 98566.43994140625 219357.66162109375 51778.348022460938
leaf_count=93 20572 11039 139 631 100 121 196 239 249 59 1772 23 85 29
internal_value=1.06536e-05 0.00043284 0.00133504 0.000927431 0.00209975 0.00103166 -0.000366988 4.49884e-05 -0.00144346 -0.000596887 -0.000353352 0.00111393 0.000552263 0.00142901
internal_weight=2.39738e+07 1.10998e+07 3.33714e+06 3.11486e+06 1.76073e+06 1.41862e+06 937141 7.76267e+06 769507 1.35413e+06 1.2874e+07 1.09602e+06 997454 778097
internal_count=35347 12866 1588 1449 759 666 545 11278 445 690 22481 1909 1886 1801
cat_boundaries=0 1
cat_threshold=512
is_linear=0
shrinkage=0.05


Tree=261
num_leaves=15
num_cat=0
split_feature=16 4 15 15 15 14 19 15 0 22 19 2 8 1
split_gain=1705.96 2942.75 2005.2 1234.29 4883.23 1466.82 3809.26 1808.2 1300.71 1155.08 2690.76 1352.03 1487.43 5122.72
threshold=18.287152929951038 17.017299882291177 19.320833299017838 18.164720254709923 18.079377068978296 2.3502003251842658 -0.020948958783492597 17.920116143856163 16.273039820797113 21.06749716986349 -0.0093007948730438484 16.849067115038203 0.064852118826147817 16.275843258113319
decision_type=2 2 2 2 2 10 2 2 2 2 2 2 2 2
left_child=1 9 3 4 5 6 -2 8 -7 11 -11 12 13 -1
right_child=2 -3 -4 -5 -6 7 -8 -9 -10 10 -12 -13 -14 -15
leaf_value=-0.00082371374102701428 0.0015388432822774562 -0.0002845875991135945 9.5028278685188898e-05 -3.0286572203672629e-05 0.0016715261190139311 -0.00034533126704004436 -6.0704540384015889e-05 -0.0008073936564766545 0.00053690819902090534 0.005147728627030411 -1.8914894910891148e-05 -0.00025410095403653044 -9.9426101187488462e-05 0.0021714902702421354
leaf_weight=81385.018931627274 212238.0319519043 703791.69311523438 274240.55908203125 1055002.0771484375 195942.66723632812 201078.86949157715 643180.3987121582 305690.02856445312 157260.35693359375 100753.52393341064 224188.85890007019 457323.46826171875 19166303.739140749 27493.681396484375
leaf_count=384 137 131 39 193 40 205 417 63 37 105 218 100 33107 7
internal_value=-0.000162032 -0.000324121 0.000943245 0.000539529 0.00136719 0.000409195 0.00177793 -0.00135405 0.00105582 -0.000212613 0.00274421 -0.000261304 -0.000197554 0.00563
internal_weight=2.38059e+07 2.07612e+07 3.04463e+06 2.77039e+06 1.71539e+06 1.51945e+06 855418 664029 358339 2.00574e+07 324942 1.97325e+07 1.92752e+07 108879
internal_count=35183 34052 1131 1092 899 859 554 305 242 33921 323 33598 33498 391
is_linear=0
shrinkage=0.05


Tree=262
num_leaves=15
num_cat=1
split_feature=27 5 0 15 0 28 25 11 4 7 4 25 0 7
split_gain=950.047 2244.32 1370.26 1475.7 1313.99 1212.48 1233.93 2399.46 3207.34 1859.36 1660.32 1424.36 2254.66 1982.62
threshold=9.5000000000000018 17.377938260320832 17.153843914118731 16.989037659224348 14.659802400187553 0 1.0000000180025095e-35 -0.056514246921988545 15.108937352739096 16.984761516005801 15.337605015458943 0.68301270189221941 16.994451200594245 16.984761516005801
decision_type=2 2 2 2 2 1 2 2 2 2 2 2 2 2
left_child=5 2 3 4 -2 6 7 9 -9 10 -1 -8 13 -13
right_child=1 -3 -4 -5 -6 -7 11 8 -10 -11 -12 12 -14 -15
leaf_value=0.00020438408130160499 3.0558495069973699e-05 -0.0021012675852630208 0.00047073615459908009 -0.00039667100052905236 0.00085817716536090336 -9.39040238159624e-05 -0.00028122708260326727 0.0010060908316870828 0.0011482155684983039 0.00050196339486793069 -0.0016868766184115194 0.00066325987736176009 0.00022779265141225103 -0.00070659944405772205
leaf_weight=621270.06739509106 993770.51958477497 291219.96435546875 175915.61083984375 4083065.1338335276 244330.15600585938 10979158.502291322 2385275.1516799927 812797.0955067873 517728.12475585938 84585.9580078125 307951.38159179688 2010523.5337104797 166817.39794921875 151992.6337890625
leaf_count=1507 3360 44 34 5098 113 16001 3594 1776 157 16 105 3459 30 29
internal_value=-0.000165118 -0.000722474 -0.000495863 -0.000639397 0.000872706 1.37341e-05 0.000524976 0.00146245 0.00285877 -0.00037008 -0.00101613 5.88186e-05 0.000938266 0.000506215
internal_weight=2.38264e+07 5.7883e+06 5.49708e+06 5.32117e+06 1.2381e+06 1.80381e+07 7.05894e+06 2.34433e+06 1.33053e+06 1.01381e+06 929221 4.71461e+06 2.32933e+06 2.16252e+06
internal_count=35323 8649 8605 8571 3473 26674 10673 3561 1933 1628 1612 7112 3518 3488
cat_boundaries=0 1
cat_threshold=740
is_linear=0
shrinkage=0.05


Tree=263
num_leaves=15
num_cat=1
split_feature=7 2 23 23 25 22 16 0 14 9 16 20 29 26
split_gain=1309.48 1061.69 1246.32 1598.86 1588.6 1199.72 1691.26 865.351 856.865 854.959 1484.37 1685.28 1365.21 1255.06
threshold=17.375687477891912 14.521680106044606 2.8773835523188405 2.5039231257198153 -0.24999999999999997 19.593415907659992 18.407908271991452 13.762220102667095 2.4803747937075085 0.32403666155506755 16.037107279052176 -0.0043115216509560491 0 -0.68301270189221952
decision_type=2 2 8 10 2 2 2 2 10 2 2 10 1 2
left_child=1 7 3 5 -5 6 9 -1 -9 12 11 -11 -3 -14
right_child=-2 2 -4 4 -6 -7 -8 8 -10 10 -12 -13 13 -15
leaf_value=-0.00028354555591247822 4.8981200986713747e-05 0.0031752886661877578 -0.00024069237329581419 0.00095355382604138709 2.1480731632822186e-06 -0.0013750792546835078 0.00020459856189302471 0.00087878465153433502 -0.0088153710235926355 -0.00056876553420976154 -0.0018628655007137359 0.00286610605300173 -0.00042784305042048855 1.150577270217905e-05
leaf_weight=9155668.9437566996 968077.4208984375 348208.18725585938 4123015.2409057617 393719.42846679688 591242.82507324219 379670.2626953125 464271.587890625 3332089.7001342773 121957.14685058594 720137.39038085938 566204.49243164062 191487.81707763672 614228.4833984375 2060446.5786132812
leaf_count=28175 140 139 1799 151 230 110 119 2806 106 385 260 110 199 665
internal_value=-0.000122656 -0.000198277 -0.00057089 -0.000130244 0.00172088 -0.000471386 -0.000264231 0.000110594 0.000784958 -0.00056062 -0.00154622 -0.000297376 -7.87788e-05 -0.000462174
internal_weight=2.40304e+07 2.30623e+07 1.04526e+07 6.32962e+06 984962 5.34465e+06 4.96498e+06 1.26097e+07 3.45405e+06 4.50071e+06 1.47783e+06 911625 3.02288e+06 2.67468e+06
internal_count=35394 35254 4167 2368 381 1987 1877 31087 2912 1758 755 495 1003 864
cat_boundaries=0 1
cat_threshold=12
is_linear=0
shrinkage=0.05


Tree=264
num_leaves=15
num_cat=0
split_feature=7 20 0 3 8 5 11 20 5 9 9 9 0 8
split_gain=1657.86 1656.26 5006.4 1160.26 2133.2 768.358 2300.89 1286.53 1136.23 961.139 819.496 1187.92 2069.22 1298.49
threshold=17.375687477891912 0.094421467364360259 15.926099204579868 16.850127835172454 0.1520367391642001 16.445570641160668 -0.069932076700244886 0.030979115423930954 16.320212067152102 0.099641508914028162 0.13827813384070328 0.15902261461074893 15.671123781704924 0.12460012248063866
decision_type=2 10 2 2 2 2 2 8 2 2 2 2 2 2
left_child=1 3 -3 5 -5 8 -7 -8 9 -1 -11 12 13 -12
right_child=-2 2 -4 4 -6 6 7 -9 -10 10 11 -13 -14 -15
leaf_value=0.0023166147614265636 9.0237779859438525e-05 -0.0028269984818525976 0.0013747973527253831 -2.9291391338526187e-06 -0.00016281536414068518 0.00048260626846143619 -0.00072246645782350996 0.00019792563646169601 -0.00054455900769262162 -0.00067890652581696403 0.0034889909274683308 -9.0478485061896475e-05 0.001198700803395519 -0.0016740366621217505
leaf_weight=55636.54280090332 975309.2763671875 157373.58980369568 83889.333740234375 1024395.2368164062 759632.30908203125 432869.63110351562 495160.02905273438 384820.68237304688 454058.15258789062 424163.41833496094 137601.62002563477 18087769.664690256 155133.43969726562 231110.75189208984
leaf_count=198 141 267 22 199 155 101 118 100 130 379 135 33008 49 250
internal_value=-8.22809e-05 -0.000168326 0.00395253 -0.000212236 -0.00143608 -0.000107559 0.00106336 -0.000404726 -0.000186209 -0.000127417 -0.000146597 -9.70709e-05 0.00225019 0.000211834
internal_weight=2.38589e+07 2.28836e+07 241263 2.26424e+07 1.78403e+06 2.08583e+07 1.31285e+06 879981 1.95455e+07 1.90914e+07 1.90358e+07 1.86116e+07 523846 368712
internal_count=35252 35111 289 34822 354 34468 319 218 34149 34019 33821 33442 434 385
is_linear=0
shrinkage=0.05


Tree=265
num_leaves=15
num_cat=0
split_feature=22 4 19 11 17 15 11 21 11 19 4 11 9 3
split_gain=1462.74 1639.87 1161.35 1149.78 942.066 2839.2 1803.14 2017.12 1737.71 790.944 742.465 2269.93 1121.97 3365.61
threshold=19.617331230798943 14.687764049528013 0.023412783306648553 0.026494436646094854 0.31408482136343246 17.872649634766201 -0.013396302436737997 10.597509584741148 -0.081365541474151579 -0.031869132652534493 16.699285893163054 0.067855845340616824 0.15902261461074893 16.154648050165125
decision_type=2 2 2 2 2 2 2 10 2 2 2 2 2 2
left_child=4 9 3 -3 10 6 7 8 -6 -2 12 -12 13 -1
right_child=1 2 -4 -5 5 -7 -8 -9 -10 -11 11 -13 -14 -15
leaf_value=1.5162946324118976e-05 0.0074198041250501867 -1.7880181993416187e-07 -0.0039781579120666561 -0.00036283518092355494 -0.00018110546210358978 0.00017450866113092505 -0.0032354041782913009 -0.0011334615046161001 0.00073431920270042761 -0.00015549295711163793 -0.00026855172174449659 0.00015533945855623332 -8.5333431027462224e-06 0.0020643522311751231
leaf_weight=715499.21471405029 111100.26808166504 444487.81591796875 370951.7529296875 564437.59313964844 210494.02008056641 744004.06640625 485622.205078125 273143.47082519531 186261.73645019531 559643.53667259216 1102529.0471191406 629262.42919921875 17420264.914785028 209979.17431640625
leaf_count=890 174 131 112 169 148 135 257 97 70 897 220 111 32079 55
internal_value=-3.5087e-05 -0.00131223 -0.00229803 -0.00141848 8.40798e-05 0.00114837 -0.000402749 0.00127892 0.00355541 0.000715796 -1.66118e-05 -0.00100624 7.68068e-05 0.00177324
internal_weight=2.40277e+07 2.05062e+06 1.37988e+06 1.00893e+06 2.19771e+07 1.89953e+06 1.15552e+06 669899 396756 670744 2.00775e+07 1.73179e+06 1.83457e+07 925478
internal_count=35545 1483 412 300 34062 707 572 315 218 1071 33355 331 33024 945
is_linear=0
shrinkage=0.05


Tree=266
num_leaves=15
num_cat=0
split_feature=11 1 23 19 1 0 3 0 15 19 16 22 7 2
split_gain=1194.64 2276.24 1289.78 1209.41 2111.18 1060.4 1838.73 3472.38 1552.73 1259.17 1015.28 911.835 925.562 880.475
threshold=0.26112054564867476 15.556222073247737 5.8212262712652363 -0.015584734230140198 15.08716574430089 17.153843914118731 16.691666025947082 16.684754232979486 19.163725546763626 -0.011639871753458797 18.407908271991452 21.068016142521437 13.469728997672989 14.351974602287902
decision_type=2 2 8 2 2 2 2 2 2 2 2 2 2 2
left_child=5 2 10 4 13 6 7 -1 -7 -8 11 12 -2 -4
right_child=1 -3 3 -5 -6 8 9 -9 -10 -11 -12 -13 -14 -15
leaf_value=3.7523059534120119e-05 -0.00041605303912577521 -0.0016006682795113303 0.0086747529075334711 -0.00017225325708165271 0.0047850138125795907 -3.3396322669954351e-05 -0.00043984001306957742 0.00041073647286931795 9.0036745078148853e-05 -3.3700638994428611e-05 0.00095470911880000074 0.0044623810395858091 -0.0016944440005419983 -0.0034100487777290953
leaf_weight=16000999.443128824 1393599.1365556717 690814.20874023438 247439.20775413513 584535.97082948685 42638.32568359375 569143.359375 678438.81958007812 353906.01196289062 923550.4345703125 999770.21655273438 74176.873168945312 44356.081207275391 1191510.8892211914 52253.614562988281
leaf_count=26059 5024 213 753 1507 21 101 142 85 140 210 65 36 902 36
internal_value=-3.53367e-05 -0.000787594 -0.000287021 0.00132255 0.00368265 0.000131148 2.5137e-05 0.000186868 0.00141186 -0.001551 -0.000838816 -0.00100155 -0.00112352 0.00220159
internal_weight=2.38471e+07 4.32132e+06 3.63051e+06 926867 342331 1.95258e+07 1.80331e+07 1.63549e+07 1.49269e+06 1.67821e+06 2.70364e+06 2.62947e+06 2.58511e+06 299693
internal_count=35294 8557 8344 2317 810 26737 26496 26144 241 352 6027 5962 5926 789
is_linear=0
shrinkage=0.05


Tree=267
num_leaves=15
num_cat=1
split_feature=9 24 28 22 11 19 7 24 2 21 1 9 25 3
split_gain=1277.19 2946.5 1970.33 1660.15 1115.08 3343.39 1493.06 1177.76 898.762 2085.56 1499.07 1087.94 2852.03 880.049
threshold=0.14408993956811442 0.26511602469553558 0 19.607205262989968 -0.045827233625647744 -0.010786498609322749 16.807051060811158 1.5087611308160251 16.849067115038203 10.853087446570838 16.536166990069358 0.15902261461074893 0.25000000000000011 17.004815837258366
decision_type=2 8 1 2 2 2 2 8 2 10 2 2 2 2
left_child=1 -1 -3 4 5 -4 -7 -6 10 -10 11 12 -2 -13
right_child=8 2 3 -5 7 6 -8 -9 9 -11 -12 13 -14 -15
leaf_value=0.00088019612946676855 -0.00062664628172951549 0.00036871658179719619 0.0006853666245149522 0.00011362920923866942 -9.3562631721069427e-05 0.00028367900051248627 -0.0023155291755184303 -0.0013966696844197096 -0.0010159382993261551 2.0711745593082856e-06 0.0002210607461365071 -8.7800480991585773e-05 0.0034643349638208026 0.00056122368102218994
leaf_weight=383897.1630859375 273824.45799255371 262976.63124084473 176626.40492248535 283853.42742919922 330265.99131774902 205450.35406494141 201631.73876953125 398488.94793701172 564860.54663085938 946744.98876953125 701180.69262695312 18875581.36255002 186796.70583343506 58855.52490234375
leaf_count=116 206 134 113 81 123 173 39 210 116 161 171 33523 148 13
internal_value=1.91495e-05 0.00115473 0.000331301 -0.000329349 -0.00107922 0.000549216 -0.00194338 -0.00238355 -9.87388e-05 -0.00127452 -1.02989e-05 -9.24084e-05 0.00230854 -0.000150817
internal_weight=2.3851e+07 2.24319e+06 1.85929e+06 1.59632e+06 1.31246e+06 583708 407082 728755 2.16078e+07 1.51161e+06 2.00962e+07 1.93951e+07 460621 1.89344e+07
internal_count=35327 989 873 739 658 325 212 333 34338 277 34061 33890 354 33536
cat_boundaries=0 1
cat_threshold=544
is_linear=0
shrinkage=0.05


Tree=268
num_leaves=15
num_cat=0
split_feature=8 19 3 4 10 22 16 0 5 10 10 10 2 5
split_gain=1414.52 2499.12 2766.5 1892.06 1215.09 1494.99 1109.04 1553.5 2475.66 1098.73 1975.43 1179.56 875.702 1423.05
threshold=0.089262396150043263 -0.015584734230140198 16.850127835172454 17.179119157328174 0.011699089724676651 18.649585912537585 18.344174158923945 17.419860989426706 17.130850056497454 0.0088057716234723523 0.066957160311172673 0.15384324926022061 16.998031306214585 16.960881889764313
decision_type=2 2 2 2 2 2 2 2 2 2 2 2 2 2
left_child=1 2 -1 4 5 -3 7 8 12 -8 -11 -12 13 -2
right_child=6 3 -4 -5 -6 -7 9 -9 -10 10 11 -13 -14 -15
leaf_value=6.1653349434799343e-07 -5.3261072320793633e-06 0.00040949278425722407 0.00028405618133948849 -0.0016446545228414912 0.00064919005368009553 -0.00023966706879421796 -0.00017293250266296243 8.9783594204910554e-05 -0.0013763879569437863 0.00029365374981596973 -0.00033010109537882644 0.00023775576694340533 6.3468489779021101e-05 -0.0020624667210223041
leaf_weight=154041.5429610014 19851407.183257103 84766.838619709015 170470.46435546875 246624.93798828125 227714.55753326416 137619.34614920616 858572.17001342773 220709.90625 253224.318359375 315273.70602416992 423618.60317993164 462071.78903198242 258600.7568359375 144888.34765625
leaf_count=205 33500 196 29 40 115 133 356 31 46 116 147 176 52 29
internal_value=-7.02577e-05 0.00175025 0.00537448 6.22003e-05 0.00199093 -0.000637893 -0.000151842 -4.18948e-05 -8.67989e-05 -0.00125844 -0.000281979 -0.00149185 -2.53746e-05 -6.27618e-05
internal_weight=2.38096e+07 1.02124e+06 324512 696726 450101 222386 2.27884e+07 2.07288e+07 2.05081e+07 2.05954e+06 1.20096e+06 885690 2.02549e+07 1.99963e+07
internal_count=35171 718 234 484 444 329 34453 33658 33627 795 439 323 33581 33529
is_linear=0
shrinkage=0.05


Tree=269
num_leaves=15
num_cat=0
split_feature=0 19 10 11 16 17 10 8 11 6 6 4 21 20
split_gain=2175.06 4795.8 2382.43 3552.66 1267.82 1804.59 1331.71 1337.84 754.365 1902.6 1815.24 1750.17 2040.26 1737.11
threshold=16.846705175829062 -0.015584734230140198 0.051763880058526703 -0.022939798456089646 18.344174158923945 0.14864806091691327 -0.06266696150018089 0.25412109502606095 0.067855845340616824 16.195747581550723 16.420481291213544 15.674905821477632 10.242716923870818 0.037346011760183907
decision_type=2 2 2 2 2 2 2 2 2 2 2 2 8 8
left_child=4 -2 3 -3 8 6 -6 -8 9 -1 11 -10 -13 -11
right_child=1 2 -4 -5 5 -7 7 -9 10 13 -12 12 -14 -15
leaf_value=1.1596596203825439e-05 0.00028691001309304095 -0.00022821548311745957 -8.988591392443667e-05 0.00014069446663560436 -0.00090261924209139989 -0.0021547672461077259 0.0011242106702476554 -0.0029417117381947094 -0.00034212054299827662 0.0003187600170820837 -0.0030045135924427089 0.0011998197865517495 -0.00012692813486727173 -0.00029017013752601366
leaf_weight=10606421.148505449 827668.68334960938 589359.5576171875 836041.6845703125 537673.38745117188 111083.34555053711 671069.08184814453 152346.65852355957 94165.170166015625 7293908.1488454342 791058.93041992188 352573.67431640625 347307.81091308594 334695.47436523438 403794.54638671875
leaf_count=19423 149 107 156 95 120 284 137 121 14116 196 87 116 109 110
internal_value=5.95796e-05 0.0013716 2.57434e-05 0.00152597 -0.000113473 -0.00182561 0.00104325 0.00309151 -2.598e-05 0.000231154 -0.000390333 -0.000235135 0.00218705 0.00212266
internal_weight=2.39492e+07 2.79074e+06 1.96307e+06 1.12703e+06 2.11584e+07 1.02866e+06 357595 246512 2.01298e+07 1.18013e+07 8.32849e+06 7.97591e+06 682003 1.19485e+06
internal_count=35326 507 358 202 34819 662 378 258 34157 19729 14428 14341 225 306
is_linear=0
shrinkage=0.05


Tree=270
num_leaves=15
num_cat=0
split_feature=8 3 7 4 0 24 0 7 3 2 8 10 24 9
split_gain=1758.66 2657.58 1897.02 1600.93 1462.23 1888.98 4014.87 1536.12 2180.51 1279.23 1569.7 1111.68 1896.89 964.492
threshold=0.14868143367913414 17.169510099143395 16.984761516005801 16.699285893163054 16.994451200594245 1.4770627534572751 16.684754232979486 16.807051060811158 16.401501956730314 14.74651423346843 0.16378791195391673 -0.018100155079673944 0.51109248003172314 0.25255206439602912
decision_type=2 2 2 2 2 8 2 2 2 2 2 2 10 2
left_child=1 4 3 9 5 6 11 8 -7 -2 -11 -1 -13 -12
right_child=2 -3 -4 -5 -6 7 -8 -9 -10 10 13 12 -14 -15
leaf_value=-0.00046828160275201656 3.5334318158378689e-05 8.1897312738506375e-05 -7.7271579128989433e-05 0.00037642206580273566 -0.0002297493981363559 -0.00011417272979434422 0.00049076996393607685 -0.0014811047727777849 0.00028165815366861126 -0.002741783215820446 9.2856245308170566e-05 0.00075934193138634117 -0.00048317918359405248 -0.0004227917502435441
leaf_weight=367858.59059143066 12898075.360702038 877311.865234375 1034103.013671875 536892.30151367188 489229.95263671875 1161838.2720220089 211332.56689453125 242418.55419921875 256542.78051757812 384910.06030273438 1345341.5849609375 241599.68807983398 227867.70166778564 3675275.2634887695
leaf_count=262 30177 139 177 128 96 1396 44 52 62 149 546 169 186 1666
internal_value=-7.79412e-05 0.000868155 -0.000271972 -0.000157528 0.000199523 0.000653787 0.00231522 -0.000395275 0.000233377 -0.000236466 -0.00088215 0.000760962 0.00237365 -0.000646232
internal_weight=2.39506e+07 4.076e+06 1.98746e+07 1.88405e+07 3.19869e+06 2.70946e+06 1.04866e+06 1.6608e+06 1.41838e+06 1.83036e+07 5.40553e+06 837326 469467 5.02062e+06
internal_count=35249 2406 32843 32666 2267 2171 661 1510 1458 32538 2361 617 355 2212
is_linear=0
shrinkage=0.05


Tree=271
num_leaves=15
num_cat=1
split_feature=11 17 22 2 23 7 18 20 19 26 8 29 10 4
split_gain=1183.53 1579.8 1915.92 1816.45 1465.91 1478.51 1232.1 2100.03 3200.21 2823.16 3430.22 1759.4 1773.4 1614.81
threshold=0.064683413359253969 0.31408482136343246 17.202030787247562 15.671478107019702 -4.8051499210838244 14.016891534345174 0.45486269012607988 0.027654265944792453 0.03655989498873196 -0.9330127018922193 0.17828053230487115 0 -0.086973058371904083 16.554399131064109
decision_type=2 2 2 2 10 2 8 8 2 2 2 1 2 2
left_child=6 2 3 4 5 -2 -1 8 9 -8 -11 -12 -13 -9
right_child=1 -3 -4 -5 -6 -7 7 13 -10 10 11 12 -14 -15
leaf_value=-2.149773466065388e-05 0.00028082857302330508 -0.00017527292052991431 5.1372517347476425e-05 -0.0027427855521817753 -0.0015628331754727717 0.0092181201273951359 -0.0041952251198008224 0.00026352261951640609 -0.0015587334937417964 0.0014986804195655211 0.0022400354762034478 0.0028886140224978363 -0.00047257426601949145 -0.0026071574200105161
leaf_weight=8411026.4868904352 101729.02601623535 641649.50701904297 5074354.2613215446 454622.8291015625 3304673.1120581627 57857.020263671875 180579.69398403168 3574764.0340259075 254476.65926909447 527748.32585525513 286915.64168930054 378324.37428474426 443735.51175165176 188976.90307617188
leaf_count=13966 270 257 6757 136 7469 42 141 4735 167 152 188 447 535 49
internal_value=-4.95717e-05 -0.000477589 -0.000306573 -0.00113701 -0.000747054 0.00393337 0.000239895 0.000798138 0.00207658 0.00281194 0.00346653 0.00188748 0.000710866 9.44091e-05
internal_weight=2.38814e+07 9.63489e+06 8.99324e+06 3.91888e+06 3.46426e+06 159586 1.42465e+07 5.83552e+06 2.07178e+06 1.8173e+06 1.63672e+06 1.10898e+06 822060 3.76374e+06
internal_count=35311 14931 14674 7917 7781 312 20380 6414 1630 1463 1322 1170 982 4784
cat_boundaries=0 1
cat_threshold=9
is_linear=0
shrinkage=0.05


Tree=272
num_leaves=15
num_cat=0
split_feature=27 4 3 4 17 8 14 26 3 3 24 21 14 26
split_gain=796.028 1978.8 1529.58 805.522 1542.03 1360.88 1926.4 1769.42 1452.61 1097.75 1332.45 1617.25 1644.54 970.521
threshold=1.5000000000000002 16.699285893163054 16.691666025947082 16.168471743006108 0.054658071018304756 0.16757110848279974 1.8515717357755255 1.0000000180025095e-35 16.850127835172454 15.099901109033544 2.0753629681971755 10.480130275481486 1.4184813826977043 0.6830127018922193
decision_type=2 2 2 2 2 2 10 2 2 2 10 10 10 2
left_child=1 2 -1 9 -5 6 7 -6 -7 -2 13 12 -12 -11
right_child=3 -3 -4 4 5 8 -8 -9 -10 10 11 -13 -14 -15
leaf_value=-0.00084389843630888772 3.6348200099948125e-05 -0.002315211036210072 0.00030770841527680455 0.00026590314332544722 -0.0001374368368020134 0.00016154049310287489 9.4317980075635528e-05 0.00022175810597937283 -0.00017370434202963186 -0.000224772642232682 -0.0016711128606161137 -0.0022474316323837793 0.0013532309216504213 6.687462951996404e-05
leaf_weight=1844228.9955255985 13782156.420598984 268005.80810546875 78088.940673828125 544982.30517578125 905515.169921875 750328.93579101562 817626.39819335938 734144.71020507812 842624.55200195312 1271392.7655639648 772477.74957275391 509763.27355957031 366360.06201171875 333541.66088867188
leaf_count=3162 29602 49 18 166 179 196 178 145 154 555 326 212 148 138
internal_value=-6.67659e-05 -0.000975078 -0.000413932 2.52089e-05 0.000612695 0.000276715 0.00101464 2.60509e-05 -0.00086161 -0.00013326 -0.000959343 -0.00195771 -0.000909965 6.61854e-05
internal_weight=2.38212e+07 2.19032e+06 1.92232e+06 2.16309e+07 4.59522e+06 4.05024e+06 2.45729e+06 1.63966e+06 1.59295e+06 1.70357e+07 3.25354e+06 1.6486e+06 1.13884e+06 1.60493e+06
internal_count=35228 3229 3180 31999 1018 852 502 324 350 30981 1379 686 474 693
is_linear=0
shrinkage=0.05


Tree=273
num_leaves=15
num_cat=0
split_feature=8 18 25 10 17 22 5 19 24 19 25 0 22 24
split_gain=1344.8 2764.51 2006.32 1248.71 565.449 1006.49 572.172 570.718 1391.77 1101.89 1786.82 1768.74 3310.3 1196.86
threshold=0.089262396150043263 0.58692375756305404 -0.6830127018922193 -0.049407973878109197 0.0010993754905701503 14.274740012110266 11.391436134643699 0.024055411823719303 31.243014639083103 -0.0052027977376574493 0.93301270189221952 15.926099204579868 18.658161243182583 1.2576410032575902
decision_type=2 8 2 2 2 2 2 2 10 2 2 2 2 10
left_child=1 2 -1 -4 5 6 -2 8 9 13 11 -11 -13 -6
right_child=4 -3 3 -5 7 -7 -8 -9 -10 10 -12 12 -14 -15
leaf_value=0.00021231316939833482 0.0028950562999902518 0.00042948727431201341 0.00010223975295653301 -0.00021496647935302692 9.9649934825804122e-05 0.0048831058791392922 -0.0071989427019270085 -0.00016692502102078473 0.0063924708748412194 -6.3438853989170298e-05 0.0052938743513214473 0.00066906454745711353 -1.160798290500735e-05 -0.00041399000439670857
leaf_weight=308216.00610244274 288404.8409409523 203226.41227722168 170113.77544689178 331293.45761489868 3383384.0660972595 1191791.6587256193 347251.25477600098 5055239.5802726746 181546.65179443359 4041805.4892158508 165597.53737258911 612907.32385253906 738505.63916015625 7040256.3067016602
leaf_count=187 1637 148 165 255 3573 7523 926 5913 193 5943 190 172 152 8373
internal_value=-5.30422e-06 0.00177784 0.000469093 -0.00148237 -8.36693e-05 0.000760257 -0.000846467 -0.00015635 -1.13354e-05 -6.07837e-05 0.000507724 0.000350644 0.00191657 -0.000363963
internal_weight=2.40595e+07 1.01285e+06 809623 501407 2.30467e+07 1.82745e+06 635656 2.12192e+07 1.6164e+07 1.59825e+07 5.55882e+06 5.39322e+06 1.35141e+06 1.04236e+07
internal_count=35350 755 607 420 34595 10086 2563 24509 18596 18403 6457 6267 324 11946
is_linear=0
shrinkage=0.05


Tree=274
num_leaves=15
num_cat=2
split_feature=8 19 7 28 4 10 24 23 8 10 28 10 26 20
split_gain=1486.28 4636.71 4150.23 1999.67 1015.08 1146.57 954.002 662.764 552.437 2402.07 4653.93 3163.9 1743.52 2892.72
threshold=0.089262396150043263 -0.015250994280609949 16.807051060811158 0 17.179119157328174 0.014711406705933901 2.1087010900403804 26.461833989657652 0.16757110848279974 -0.13866569850045876 1 -0.18331093563270331 1.0000000180025095e-35 -0.027105261118893744
decision_type=2 2 2 1 2 2 10 10 2 2 1 2 2 8
left_child=1 2 6 -3 5 -5 -1 8 9 10 -2 -12 -11 -14
right_child=7 3 -4 4 -6 -7 -8 -9 -10 12 11 -13 13 -15
leaf_value=-0.0012171388536563379 0.001627269844302378 6.7332668398533744e-05 0.0003267582675302181 -0.00021692003575705536 -0.0016162471203938914 0.00050807158043937118 0.001443921152769932 -0.0026539079677409139 -3.9558036678788699e-05 -0.00012817259554885176 -0.0048065636803681124 0.0015468975542909506 0.001648926920666831 1.2089308241767425e-05
leaf_weight=69052.254438400269 152012.0203037262 170088.98760128021 188681.55859375 170336.07486557961 181835.3681640625 172048.50616455078 76695.306838393211 78767.145483016968 18658467.577913642 1779622.4125366211 184980.76467132568 166698.94564819336 207831.49735832214 1637488.4550933838
leaf_count=67 102 100 33 288 29 94 144 68 32119 970 132 102 109 965
internal_value=1.81751e-05 0.00187731 0.00671399 -0.000452376 -0.00198083 -0.000377456 0.000376491 -6.54678e-05 -4.96413e-05 0.00047372 0.00370912 0.000549114 2.41558e-05 0.00110102
internal_weight=2.38946e+07 1.02874e+06 334429 694309 524220 342385 145748 2.28659e+07 2.27871e+07 4.12863e+06 503692 351680 3.62494e+06 1.84532e+06
internal_count=35322 755 244 511 411 382 211 34567 34499 2380 336 234 2044 1074
cat_boundaries=0 1 2
cat_threshold=578 546
is_linear=0
shrinkage=0.05


Tree=275
num_leaves=15
num_cat=2
split_feature=15 15 21 29 7 15 20 7 29 21 26 15 2 15
split_gain=945.808 2833.05 5145.89 3645.5 2473.99 1781.89 1595.48 1435.42 1395.97 1594.37 1446.91 2271.57 2459.94 2317.91
threshold=19.203026137930177 19.228329333847224 10.91824841879701 0 17.114749279343759 19.177649224056299 0.11180802583185616 14.799132510652894 1 11.048277798141749 -0.5 19.329453528475412 16.04258516408715 19.320833299017838
decision_type=2 2 10 1 2 2 10 2 1 8 2 2 2 2
left_child=4 2 3 -2 5 6 -1 -5 10 -10 11 13 -13 -3
right_child=1 8 -4 7 -6 -7 -8 -9 9 -11 -12 12 -14 -15
leaf_value=-3.112318080917945e-07 0.0074312447419189256 0.001404063855755637 0.0041805315336267846 0.0032073070928468868 -0.00025758346554752743 -0.0020965794458480389 0.0017816120130205162 -0.0015083841604613736 -0.00025599615116434242 0.00078309409406589398 2.9712744953803708e-05 0.0019916582013171859 -0.0026188128537515576 0.0096219123215718922
leaf_weight=13828783.104542971 124861.46340942383 571339.16514587402 115328.65719604492 336857.80682253838 778810.82763671875 786755.90491485596 74512.784337997437 285584.45886230469 2953944.9110488892 161479.43909454346 3101354.3008041382 426958.6106262207 185287.91284179688 154274.63717651367
leaf_count=26259 171 495 68 486 132 787 139 98 3200 109 2660 484 43 135
internal_value=-6.35284e-06 0.00042017 0.00313477 0.00161769 -0.000238442 -9.2848e-05 3.81484e-05 5.35121e-05 0.000110202 -0.000701125 0.000679588 0.00205397 -0.000188965 0.00394648
internal_weight=2.38861e+07 8.41727e+06 862632 747304 1.54689e+07 1.46901e+07 1.39033e+07 622442 7.55464e+06 3.11542e+06 4.43921e+06 1.33786e+06 612247 725614
internal_count=35266 7949 823 755 27317 27185 26398 584 7126 3309 3817 1157 527 630
cat_boundaries=0 1 2
cat_threshold=4 90
is_linear=0
shrinkage=0.05


Tree=276
num_leaves=15
num_cat=0
split_feature=4 25 4 24 26 3 22 23 18 24 10 26 4 14
split_gain=922.212 1644.68 1096.4 1739.31 3193.48 1475.31 1352.83 1255.3 1043.31 2270.7 3351.67 2604.47 1128.6 1040.06
threshold=17.179119157328174 -0.24999999999999997 16.411339423236502 2.8807611819448851 -0.24999999999999997 15.099901109033544 18.661337889755632 -3.7788034798973693 0.56823130950435641 2.4755880669540953 0.10590083567411311 0.25000000000000017 15.057444598475701 1.6855537579441167
decision_type=2 2 2 10 2 2 2 8 10 8 2 2 2 10
left_child=2 -2 5 4 -4 -1 -6 -7 13 10 11 -10 -11 -9
right_child=1 -3 3 -5 6 7 -8 8 9 12 -12 -13 -14 -15
leaf_value=5.3232158402423619e-05 1.5088565587851823e-05 -0.0001083054440521017 0.00013571581289936136 0.00037637481898494498 -1.6504248428902165e-05 0.00069024583821540564 -0.0011841525896947394 -0.00074397636700456946 -0.003272494655299418 0.0017327397350000028 0.002591219113128547 0.0015681514716223924 -0.0015616344005623427 -0.0007178760506803617
leaf_weight=15064618.366534829 738541.2998046875 761884.34228515625 861114.06860351562 597238.44018554688 696743.75219726562 299726.498046875 548339.5400390625 354328.86962890625 355847.76916503906 271323.31762695312 277873.43249511719 316322.11340332031 1036408.8184814453 1423273.6053466797
leaf_count=32558 122 121 199 152 160 111 113 158 141 141 100 122 383 580
internal_value=-8.92134e-05 -0.00128876 -7.78489e-06 0.000935552 0.000260208 -0.000139243 -0.00135893 -0.000952061 -0.00118394 -0.000470577 0.00138978 -0.000519686 -0.0018221 -0.00209
internal_weight=2.36036e+07 1.50043e+06 2.21032e+07 2.70344e+06 2.1062e+06 1.93997e+07 1.24508e+06 4.3351e+06 4.03538e+06 2.25778e+06 950043 672170 1.30773e+06 1.7776e+06
internal_count=35161 243 34918 624 472 34294 273 1736 1625 887 363 263 524 738
is_linear=0
shrinkage=0.05


Tree=277
num_leaves=15
num_cat=0
split_feature=6 8 8 26 2 0 3 24 4 0 24 0 16 2
split_gain=1561.25 1231.22 2194.76 3776.41 2028.26 2067.74 1964.56 1185.96 1750.25 1148.56 1397.56 1834.61 1389.99 1351.97
threshold=17.353540390897464 0.17112885132900854 0.16378791195391673 -0.24999999999999997 16.849067115038203 16.846705175829062 17.169510099143395 12.944662958778151 15.573466039196157 16.994451200594245 1.6185599954412302 16.684754232979486 16.734146960366321 16.849067115038203
decision_type=2 2 2 2 2 2 2 10 2 2 8 2 2 2
left_child=1 2 6 -4 5 7 9 -3 -9 10 11 12 -1 -12
right_child=-2 4 3 -5 -6 -7 -8 8 -10 -11 13 -13 -14 -15
leaf_value=0.0024447957101620169 -8.0333408786377176e-05 -6.6449574604274318e-05 0.0020359831930160726 -0.0001491113816964538 -0.00033186869512698454 0.00058233665651581396 0.00011752325236218072 0.00063335480522525511 0.0013106088084771815 -0.00010473373821287809 2.4936207753292068e-05 0.00023507176049796338 -6.9753861622393328e-05 -0.0019613315458321921
leaf_weight=502117.64253997803 911700.27734375 16777507.897031188 170413.08632278442 181001.9309425354 596219.052734375 230163.21044921875 360754.6484375 549519.86011838913 177350.2822265625 572000.3349609375 1757720.7234588861 267651.33056640625 680356.29479980469 142265.84912109375
leaf_count=552 133 30558 112 160 121 52 66 1220 54 112 1732 56 346 31
internal_value=5.45781e-05 0.000135137 0.000863256 0.0046619 -4.89426e-05 4.74924e-05 0.000551572 -1.44164e-05 0.00196286 0.000226797 0.000580351 0.00174931 0.000903196 -0.000311832
internal_weight=2.38767e+07 2.2965e+07 4.63428e+06 351415 1.83308e+07 1.77345e+07 4.28287e+06 1.75044e+07 726870 3.92211e+06 3.35011e+06 1.45013e+06 1.18247e+06 1.89999e+06
internal_count=35305 35172 3167 272 32005 31884 2895 31832 1274 2829 2717 954 898 1763
is_linear=0
shrinkage=0.05


Tree=278
num_leaves=15
num_cat=1
split_feature=19 0 22 24 18 20 19 17 3 28 0 20 2 19
split_gain=973.981 2145.89 1389.04 2743.23 2921.33 1531.46 1631.05 2894.72 1763.79 1364.67 1202.75 1033.33 1032.35 1030.67
threshold=0.0039419723110017506 16.994451200594245 18.794625418761356 1.2576410032575902 0.30643720942839842 0.018474634224689205 -0.0014855709088409498 0.19132961672338733 16.850127835172454 0 16.684754232979486 0.025982796680330402 16.688037161790731 -0.052218753701508393
decision_type=2 2 2 10 10 10 2 2 2 1 2 10 2 2
left_child=2 10 11 4 -4 6 8 -8 9 -5 12 -1 -2 -11
right_child=1 -3 3 5 -6 -7 7 -9 -10 13 -12 -13 -14 -15
leaf_value=3.0025649591200002e-05 -0.00016937726458403972 -0.00010053765500698202 3.9441302097320037e-05 0.0015695802365920609 0.00060883735382040742 0.0042466173313873588 -0.0015272448102214959 0.0028108861300880344 -0.00011113071926974587 0.00082401555756327148 0.00018299398884871317 -0.00083548247292270297 -0.0040136772081520956 -0.00025400802975512118
leaf_weight=11110914.997397542 8263412.5981650352 940490.68603515625 219292.81698608398 87216.500137329102 237338.3447265625 101502.59307205677 117262.03538322449 128945.28045654297 563006.509765625 70471.961944580078 520364.865234375 744990.83522439003 118543.25927734375 727925.90083086491
leaf_count=17526 14223 161 166 56 41 162 208 28 91 124 114 967 29 1278
internal_value=-8.0519e-05 -0.000462256 0.000185793 0.00132387 0.00478434 0.000444212 8.6935e-05 0.00384936 -0.000552526 0.00083855 -0.000222295 -3.04741e-05 -0.000367102 0.000189793
internal_weight=2.39517e+07 9.84281e+06 1.41089e+07 2.25296e+06 456631 1.79633e+06 1.69483e+06 246207 1.44862e+06 885614 8.90232e+06 1.18559e+07 8.38196e+06 798398
internal_count=35174 14527 20647 2154 207 1947 1785 236 1549 1458 14366 18493 14252 1402
cat_boundaries=0 1
cat_threshold=512
is_linear=0
shrinkage=0.05


Tree=279
num_leaves=15
num_cat=0
split_feature=3 23 0 23 3 26 8 2 2 25 8 3 20 20
split_gain=1641.96 2219.48 1995 2621.18 1934.88 1537.74 3612.12 1499.45 1290.82 1500.66 1455.99 1027.51 825.295 1726.69
threshold=16.850127835172454 2.9455941718968108 15.926099204579868 6.07994861155814 17.169510099143395 0.25000000000000017 0.18850378863444553 15.804681797931783 16.536166990069358 0.68301270189221941 0.18850378863444553 15.930780293996753 -0.022936951712009396 -0.024820342667998697
decision_type=2 10 2 8 2 2 2 2 2 2 2 2 8 10
left_child=2 4 7 5 -2 8 -7 11 9 10 -4 12 13 -1
right_child=1 -3 3 -5 -6 6 -8 -9 -10 -11 -12 -13 -14 -15
leaf_value=0.00042762958167823862 -8.9244548562915959e-05 -0.00028735459438719921 0.0016316105649540414 -0.00068863908076437891 5.5435062726372418e-06 9.6431460841362926e-05 0.00082767599114923901 -0.0022871818952358478 -0.00015298423218449954 -0.00048654736858016199 3.1390718816382986e-05 0.0003550006832334993 -0.00023124796352973047 0.008137529511245167
leaf_weight=1731489.4098576307 912687.93701171875 567781.30419921875 338562.57153320312 468554.556640625 1217850.2631835938 627336.24731445312 482367.76513671875 645491.04174804688 532503.57250976562 347291.45043945312 380440.40881347656 208374.67358398438 15336260.027030706 79325.151721954346
leaf_count=3169 184 107 101 136 198 171 141 231 123 105 118 78 30234 130
internal_value=-0.00015144 -0.00131306 -3.437e-06 0.0011517 -0.00057278 0.00174904 0.00317906 -0.000207312 0.000756488 0.00176048 0.0030641 -0.000119305 -0.000161716 0.000847775
internal_weight=2.38763e+07 2.69832e+06 2.1178e+07 3.17706e+06 2.13054e+06 2.7085e+06 1.1097e+06 1.80009e+07 1.5988e+06 1.06629e+06 719003 1.73554e+07 1.71471e+07 1.81081e+06
internal_count=35226 489 34737 895 382 759 312 33842 447 324 219 33611 33533 3299
is_linear=0
shrinkage=0.05


Tree=280
num_leaves=15
num_cat=1
split_feature=27 28 17 24 15 20 23 24 0 10 25 9 4 6
split_gain=713.721 1207.66 1669.53 1833.87 1489.16 1793.12 1873.07 1483.34 1571.78 1769.04 2028.28 4126.59 2375.78 2508.89
threshold=9.5000000000000018 0 0.054658071018304756 0.12805959700701952 19.320833299017838 -0.026024734777939297 1.9666303097139004 -0.04553885756598159 14.659802400187553 0.082746278235360265 1.0000000180025095e-35 0.28528356626936607 17.017299882291177 16.195747581550723
decision_type=2 1 2 8 2 10 10 10 2 2 2 2 2 2
left_child=1 7 -3 -4 5 6 -5 -1 -9 10 11 -10 13 -12
right_child=-2 2 3 4 -6 -7 -8 8 9 -11 12 -13 -14 -15
leaf_value=-0.0014243580062168696 -9.5797474513006637e-05 8.5669082406861658e-05 0.00015436618270642537 0.00087365233944792944 2.0226519008675229e-05 -0.00090335681857148372 -0.0019860179233174022 0.00012191407448689995 0.0001031086919900461 -7.3715882074707135e-05 0.00015561894676739864 0.0012921887644983096 -4.7256290193046753e-05 0.00049470354616565706
leaf_weight=502902.94535541534 5803625.5921877623 8243674.2316071987 323531.40350341797 215399.20611572266 387391.61547851562 1409675.0243377686 416255.60305786133 3328527.6738893986 355758.830078125 830341.02709960938 755748.87622070312 265427.48681640625 377064.53930664062 519218.82055664062
leaf_count=912 8713 14778 125 142 71 880 303 8295 125 350 340 98 69 115
internal_value=-1.28878e-05 0.000143101 -0.000182773 -0.00124904 -0.00172011 -0.00225946 -4.56633e-05 0.000659796 0.000864268 0.00167371 0.00239518 0.00483081 0.00147935 0.0025105
internal_weight=2.37345e+07 1.79309e+07 1.09959e+07 2.75225e+06 2.42872e+06 2.04133e+06 631655 6.93499e+06 6.43209e+06 3.10356e+06 2.27322e+06 621186 1.65203e+06 1.27497e+06
internal_count=35316 26603 16299 1521 1396 1325 445 10304 9392 1097 747 223 524 455
cat_boundaries=0 1
cat_threshold=612
is_linear=0
shrinkage=0.05


Tree=281
num_leaves=15
num_cat=0
split_feature=5 19 8 14 2 10 11 19 21 17 22 19 11 10
split_gain=1608.15 2296.96 880.719 1921.58 1680.62 1349.76 1415.93 3898.8 2590.04 1357.41 2645.89 2274.95 1978.25 1236.09
threshold=17.130850056497454 -0.012631784214141848 0.14868143367913414 1.526093400234056 16.849067115038203 0.086090403615409969 -0.13421717062921162 0.028972848213832555 10.631555854924844 0.10975432200432766 17.063436003454161 -0.0064566021574407996 -0.0097332732567626968 0.0029213243098231002
decision_type=2 2 2 8 2 2 2 2 10 2 2 2 2 2
left_child=2 -2 3 -1 -4 6 7 8 -5 10 13 -11 -12 -8
right_child=1 -3 4 5 -6 -7 9 -9 -10 11 12 -13 -14 -15
leaf_value=-0.00083439621407740408 1.1040016491151001e-05 -0.00010733745005221084 -2.4040383718152e-05 0.00051547357903291809 -0.0017234294932332345 -0.00024845776152797653 -0.0004315037510228469 0.0027470525186893777 -0.00073379367603508897 0.00013086742925445233 0.001591858079966621 -0.00020967286705761401 0.0022954806538517491 0.00071621243466024099
leaf_weight=812373.96059012413 633442.32275390625 975436.05810546875 18648239.996926188 105731.25819766521 490466.10229492188 360818.29307174683 155234.73315811157 100226.554063797 125005.50581741333 401999.47894287109 104385.09463214874 527878.52478027344 166926.96413993835 144900.5958480835
leaf_count=803 103 160 32686 197 103 225 129 86 94 135 93 178 204 88
internal_value=-0.000166968 -0.00169327 -5.60746e-05 0.000739641 -0.000181031 0.00150911 0.00205956 0.00501989 0.00144322 0.00140696 0.0033248 0.000228368 0.00690322 9.00253e-05
internal_weight=2.37531e+07 1.60888e+06 2.21442e+07 3.00548e+06 1.91387e+07 2.19311e+06 1.83229e+06 330963 230737 1.50133e+06 571447 929878 271312 300135
internal_count=35284 263 35021 2232 32789 1429 1204 377 291 827 514 313 297 217
is_linear=0
shrinkage=0.05


Tree=282
num_leaves=15
num_cat=1
split_feature=27 28 8 1 2 6 14 17 16 23 22 16 11 16
split_gain=1121.58 2682.9 1997.88 4671.14 1703.69 3053.8 1349.77 1308.52 1421.34 1227.07 1118.18 993.747 980.827 1342.7
threshold=9.5000000000000018 0 0.064852118826147817 16.997225798689893 17.165049622732749 17.129815940530211 -0.28520952773682084 0.13910918456452201 17.223244063904762 1.9666303097139004 19.617331230798943 16.482283935522911 -0.081365541474151579 18.52807987505204
decision_type=2 1 2 2 2 2 10 2 2 10 2 2 2 2
left_child=2 7 3 9 5 12 -3 8 11 -1 -8 -2 13 -4
right_child=1 6 4 -5 -6 -7 10 -9 -10 -11 -12 -13 -14 -15
leaf_value=0.0014199421602229358 -0.0010805494238471866 0.0056064531196899775 0.00027251765056893331 0.00043288585595396123 -5.258837703863035e-05 0.00042777574407456631 -1.7818296809319265e-06 -0.0023223240358224832 0.0016445437455829947 -0.0017721341922527596 -0.001940567791044504 -0.010154814323738708 -3.9438112107921332e-05 0.0013889086880507773
leaf_weight=53091.79182100296 650987.78517651558 69097.17638874054 5953720.7400722504 62850.7001953125 954717.4384765625 230039.24853515625 4111005.299839139 535194.76098632812 63313.400146484375 82643.761684179306 301333.36971473694 206507.9595489502 10392774.203642488 58559.780731201172
leaf_count=92 1593 165 10469 10 154 41 6428 118 38 230 297 135 15449 33
internal_value=-0.000127149 -0.000722184 7.14626e-05 0.0050585 1.51597e-05 0.000133045 -0.000116359 -0.00258684 -0.00144411 -0.000159631 -0.000224948 -0.00197789 5.28237e-05 0.000561128
internal_weight=2.37258e+07 5.93744e+06 1.77884e+07 198586 1.75898e+07 1.66351e+07 4.48144e+06 1.456e+06 920809 135736 4.41234e+06 857496 1.64051e+07 6.01228e+06
internal_count=35252 8774 26478 332 26146 25992 6890 1884 1766 322 6725 1728 25951 10502
cat_boundaries=0 1
cat_threshold=544
is_linear=0
shrinkage=0.05


Tree=283
num_leaves=15
num_cat=0
split_feature=8 11 2 17 3 10 18 11 15 0 10 17 14 0
split_gain=1361.03 2137.21 1306.25 1837.84 1264.81 1157.05 1504.62 3352.97 1003.41 2609.48 997.324 1075.68 967.964 3031.56
threshold=0.078990536318368373 0.039456437215070708 17.165049622732749 0.22590751642309662 17.441669403438507 -0.018100155079673944 0.30643720942839842 -0.059781318536450544 19.344577984086857 15.324543256002096 -0.19780953704471924 0.0024190923215513002 2.3894900308271798 16.846705175829062
decision_type=2 2 2 2 2 2 10 2 2 2 2 2 10 2
left_child=1 5 4 -4 8 -1 7 -7 10 -10 11 -2 13 -12
right_child=2 -3 3 -5 -6 6 -8 -9 9 -11 12 -13 -14 -15
leaf_value=-0.0011138467930925976 0.0033393855911170462 0.00043105873328558075 -1.9202220370406392e-05 -5.8369256121737056e-05 0.00016939083938070795 7.189723956976872e-05 -0.0014235995980629275 -0.00048141617967962662 6.3015031991385431e-05 -0.0021114506338416133 0.00012221679147211893 -0.00061381101998657015 -0.00016491127280272034 0.00010023289191519834
leaf_weight=160789.79215824604 992418.67088496685 232056.17011213303 654035.193359375 684864.23193359375 81495.42822265625 61131.849838256836 155346.33551025391 69953.216064453125 1726151.0583229065 804796.55322265625 11409035.6358459 4152423.886100769 1968314.5477998257 652875.81005859375
leaf_count=193 5000 146 107 113 14 125 40 94 2308 264 15093 5277 6298 136
internal_value=-9.47357e-05 0.00211121 -0.00015953 -0.00167539 -6.63762e-05 9.09607e-05 0.00199644 0.00594144 -8.97191e-05 -0.00102544 3.37879e-05 -0.00056169 0.000252148 0.000419915
internal_weight=2.38057e+07 679277 2.31264e+07 1.3389e+06 2.17875e+07 447221 286431 131085 2.1706e+07 2.53095e+06 1.91751e+07 5.14484e+06 1.40302e+07 1.20619e+07
internal_count=35208 598 34610 220 34390 452 259 219 34376 2572 31804 10277 21527 15229
is_linear=0
shrinkage=0.05


Tree=284
num_leaves=15
num_cat=0
split_feature=16 17 19 16 25 10 21 21 20 25 5 2 6 27
split_gain=1773.27 1288.58 1642.73 743.339 2784.43 3479.32 678.338 1045.52 1486.64 823.97 7432.72 1751.63 783.721 704.724
threshold=18.435443290659602 0.19132961672338733 -0.014321172063744747 18.344174158923945 -0.24999999999999997 1.0000000180025095e-35 10.949198539433239 10.91824841879701 -0.00072534460720574993 -0.5 16.796940509220686 16.536166990069358 16.195747581550723 3.5000000000000004
decision_type=2 2 2 2 2 2 8 10 10 2 2 2 2 2
left_child=3 2 -2 6 -5 -6 7 13 -9 10 -8 12 -11 -1
right_child=1 -3 -4 4 5 -7 9 8 -10 11 -12 -13 -14 -15
leaf_value=0.00021268339432199983 0.00049724781784915172 -5.8111488515391076e-05 -0.00025734654731903508 -4.854447087480318e-05 -6.2163617495202387e-06 0.00070529107522612766 -0.00057005639309968441 -0.0026227169789075763 0.0025696009093327471 -0.00067874225107503606 0.00081964516133714756 -0.00023263544931357682 0.00053648325157110838 -4.1995227774046037e-05
leaf_weight=4862513.3817498684 158353.21234130859 939938.69873046875 293365.2848815918 427813.39921569824 294759.517578125 271503.59701538086 605039.22728061676 101174.15602874756 141937.2068939209 1206161.6901926994 63729.04052734375 479946.22705078125 58948.949951171875 13861834.415940762
leaf_count=7800 114 206 190 161 116 100 1080 147 134 2267 12 89 14 22803
internal_value=-9.9445e-05 -0.00183121 0.000363493 8.26372e-06 0.00134481 0.00364491 -5.38763e-05 4.6591e-05 0.00330445 -0.000843332 0.000648912 -0.00141521 -0.000439509 4.29184e-06
internal_weight=2.3767e+07 1.39166e+06 451718 2.23754e+07 994077 566263 2.13813e+07 1.89675e+07 243111 2.41383e+06 668768 1.74506e+06 1.26511e+06 1.87243e+07
internal_count=35233 510 304 34723 377 216 34346 30884 281 3462 1092 2370 2281 30603
is_linear=0
shrinkage=0.05


Tree=285
num_leaves=15
num_cat=1
split_feature=9 10 15 21 10 26 25 5 0 5 29 19 24 14
split_gain=1396.16 2519.04 2097.15 3321.91 2517.53 2080.42 1318.09 1238.31 1365.92 1790.17 1712.86 1038.87 1343.07 1781.89
threshold=0.14408993956811442 0.076401761267267623 19.356947056987359 10.628952567679544 -0.033155664309178996 -0.5 -0.24999999999999997 17.377938260320832 16.846705175829062 15.959129877069087 0 -0.0053716608009118493 1.3895382628829653 1.5081489720641661
decision_type=2 2 2 10 2 2 2 2 2 2 1 2 10 10
left_child=1 2 3 4 -1 -6 -5 8 9 -2 -10 -11 -13 -14
right_child=7 -3 -4 6 5 -7 -8 -9 10 11 -12 12 13 -15
leaf_value=0.00065198476084365163 8.869871005200525e-06 0.0004378273960464051 0.00033766730320056518 5.295412850000726e-05 0.00071128198876794482 -0.00087755918288800008 -0.00055770886251858744 -0.00012357413403597228 -7.1691921521293262e-05 -0.00027472759252933452 0.00052494807112832287 -0.0017015559907382683 -4.6691072579604074e-05 0.00064598460718642392
leaf_weight=256468.07086181641 17630109.481468797 329442.91131591797 249229.84643554688 322562.31280517578 156525.1075592041 292783.48852539062 619872.7748260498 548257.4990234375 519326.65795898438 1324319.5402832031 503549.06079101562 464001.5751953125 424918.11010742188 430721.62915039062
leaf_count=116 33382 118 65 150 99 221 231 82 106 374 99 134 124 114
internal_value=-1.89563e-05 0.00117368 0.000472964 -0.000173425 0.00242045 0.000164305 -0.00211594 -0.000140533 -8.01327e-05 -0.000170075 0.00170259 -0.00138331 -0.000390446 0.000784195
internal_weight=2.40721e+07 2.22688e+06 1.89744e+06 1.64821e+06 705777 449309 942435 2.18452e+07 2.12969e+07 2.02741e+07 1.02288e+06 2.64396e+06 1.31964e+06 855640
internal_count=35415 1000 882 817 436 320 381 34415 34333 34128 205 746 372 238
cat_boundaries=0 1
cat_threshold=1
is_linear=0
shrinkage=0.05


Tree=286
num_leaves=15
num_cat=0
split_feature=3 8 19 15 8 14 0 2 6 17 24 17 21 16
split_gain=1815.63 2151.18 2611.43 1472.28 877.424 1222.62 1139.38 1585.88 2031.54 719.949 589.11 1054.98 1363.77 2556.7
threshold=16.850127835172454 0.1520367391642001 -0.0075834941803622994 18.105021256033268 0.089262396150043263 2.3234707154231535 16.684754232979486 16.401501956730314 15.351940916703095 0.0083580167067168008 -0.04553885756598159 0.13910918456452201 10.597509584741148 15.262582269567213
decision_type=2 2 2 2 2 10 2 2 2 2 8 2 10 2
left_child=4 2 -2 -3 5 6 7 8 9 -1 11 12 -6 -14
right_child=1 3 -4 -5 10 -7 -8 -9 -10 -11 -12 -13 13 -15
leaf_value=0.0053000809168569927 9.4637899728967445e-05 -8.3414634759498989e-05 -6.2858728962564465e-05 -0.00020741670346017274 -0.0031165789125435325 -0.0014907427852157043 0.00029589267496745494 -0.0031347869360246945 0.0013523809262133415 -0.00064391871658077892 -1.498241351215529e-05 -0.0017028405961171539 -0.00056819102132248307 0.0076834105941502853
leaf_weight=48075.146361112595 751146.64599609375 515965.38720703125 834052.02294921875 697876.48486328125 733663.28138160706 102217.71481180191 79493.13720703125 63740.71240234375 63993.323486328125 109225.75764465332 19394161.656053066 343933.77966308594 269373.23544502258 93061.665649414062
leaf_count=315 133 103 148 123 1728 177 18 16 21 99 31776 155 585 137
internal_value=-0.000231015 -0.00142822 -0.000215275 -0.00301226 -7.36966e-05 0.0020703 0.0034254 0.00194917 0.00395078 0.00089516 -0.000121728 -0.00109746 -0.000339371 0.00216991
internal_weight=2.41e+07 2.79904e+06 1.5852e+06 1.21384e+06 2.13009e+07 466746 364528 285035 221294 157301 2.08342e+07 1.44003e+06 1.0961e+06 362435
internal_count=35534 507 281 226 35027 646 469 451 435 414 34381 2605 2450 722
is_linear=0
shrinkage=0.05


Tree=287
num_leaves=15
num_cat=2
split_feature=4 17 7 20 20 1 17 10 21 24 0 28 26 28
split_gain=1196.02 818.269 1906.2 1012.24 3338.32 844.043 856.903 2241.63 3221.61 2370.05 976.407 829.97 973.654 754.301
threshold=17.458037941908348 0.44230700546337237 17.375687477891912 -0.068664897351532084 -0.076544173137655838 17.423965936235351 0.22590751642309662 0.020842451520212305 10.486149554514741 2.4100052801830851 16.846705175829062 0 0.25000000000000017 1
decision_type=2 2 2 8 10 2 2 2 10 10 2 1 2 1
left_child=1 2 3 4 13 6 -5 9 -9 10 -8 12 -3 -1
right_child=-2 11 -4 5 -6 -7 7 8 -10 -11 -12 -13 -14 -15
leaf_value=0.00040447618947000389 -3.0164945085071882e-05 -0.0013518698774377426 0.0004112607947113694 -2.389379863437781e-05 0.0029668280150076378 -0.00090967495824577588 -1.758121939280543e-05 -0.00054822713340264406 0.00078161364114895208 0.00044537043096983968 -9.4815923188511212e-05 -0.0059096957703974919 0.00010802136371326266 -0.0016176875866009627
leaf_weight=77519.16791343689 824970.2666015625 378627.61926269531 104161.9501953125 19396743.356710911 112732.8999080658 84644.52001953125 558107.23229980469 421101.91595458984 455662.23529052734 385819.52313232422 381164.73828125 223519.63623046875 286958.28753662109 172214.54206228256
leaf_count=114 121 191 17 33467 142 15 217 176 129 168 75 72 143 299
internal_value=-6.7849e-05 -8.67325e-07 5.88331e-05 2.695e-05 0.00264741 -1.68548e-05 2.67411e-06 0.000937419 0.0028987 -0.000360287 -0.00171555 -0.00148816 -0.000602831 -0.000576527
internal_weight=2.38639e+07 2.3039e+07 2.21499e+07 2.20457e+07 362467 2.16832e+07 2.15986e+07 2.20186e+06 876764 1.32509e+06 939272 889106 665586 249734
internal_count=35346 35225 34819 34802 555 34247 34232 765 305 460 292 406 334 413
cat_boundaries=0 1 2
cat_threshold=138 544
is_linear=0
shrinkage=0.05


Tree=288
num_leaves=15
num_cat=0
split_feature=2 16 8 4 1 19 23 26 2 19 4 0 16 1
split_gain=1143.84 2897.39 1878.44 1203.52 1892.36 2264.98 1714.21 1920.74 1271.55 671.713 657.951 862.41 2237.11 1054.5
threshold=16.849067115038203 18.264941323660846 0.17112885132900854 16.168471743006108 16.275843258113319 -0.0099925694715324986 2.9455941718968108 -0.24999999999999997 16.401501956730314 0.0054342923760856013 16.049916458677085 15.926099204579868 16.238508135383409 15.556222073247737
decision_type=2 2 2 2 2 2 10 2 2 2 2 2 2 2
left_child=3 -2 9 8 5 -5 7 -6 10 -3 11 13 -13 -1
right_child=1 2 -4 4 6 -7 -8 -9 -10 -11 -12 12 -14 -15
leaf_value=2.8076279376182087e-05 -0.00012278268038966859 0.00022273997374461555 -5.207483106885895e-05 -0.0001339559630434497 -0.00016044771350892746 0.0016123051576899352 -0.00010183000289625772 0.00027692725935026186 -0.0050863554495461849 -1.7716210114448804e-05 -0.00033415911899891104 0.0046143915124723179 -3.8296408369045496e-05 -0.0013908793826360891
leaf_weight=16824227.263986588 907482.35595703125 661923.69677734375 626307.78979492188 344211.26733398438 505768.4423828125 512777.88818359375 423000.62963867188 636795.36474609375 295367.01977539062 595199.8154296875 293258.02685546875 285863.18713378906 328547.45385742188 770654.80847167969
leaf_count=33530 182 112 109 103 122 154 105 158 87 100 97 105 109 318
internal_value=-7.33223e-05 -0.00102491 9.33537e-05 5.18304e-05 0.00110074 0.00298953 6.68177e-05 0.00107351 -8.33462e-05 0.0012079 -3.13888e-05 6.44928e-06 0.00184783 -5.78515e-05
internal_weight=2.40114e+07 2.79091e+06 1.88343e+06 2.12205e+07 2.42255e+06 856989 1.56556e+06 1.14256e+06 1.87979e+07 1.25712e+06 1.85026e+07 1.82093e+07 614411 1.75949e+07
internal_count=35391 503 321 34888 642 257 385 280 34246 212 34159 34062 214 33848
is_linear=0
shrinkage=0.05


Tree=289
num_leaves=15
num_cat=0
split_feature=2 19 8 19 10 23 0 23 10 8 14 14 2 1
split_gain=771.959 2459.63 2168.76 1864.4 1771.28 1194.77 1046.66 513.386 511.916 1124.28 846.603 1060.24 1511.67 1072.87
threshold=16.536166990069358 -0.018468429717034846 0.16757110848279974 0.026742964172620756 0.020842451520212305 2.5228400253385952 16.846705175829062 2.5228400253385952 -0.19780953704471924 0.19910967739259119 1.9538387105856427 1.6311196103248891 16.276512134422696 16.158092031731105
decision_type=2 2 2 2 2 10 2 10 2 2 10 8 2 2
left_child=6 5 3 4 -3 -2 8 -4 9 -1 11 -10 13 -13
right_child=1 2 7 -5 -6 -7 -8 -9 10 -11 -12 12 -14 -15
leaf_value=-0.0034039059541642971 -8.2664500292789381e-05 -0.00033018949791260084 -0.00046135065893275826 5.0979322910876519e-05 -2.2700079840229198e-05 0.00016992299445885376 0.00059677234557257248 -0.00069366103827624159 5.5371943335429643e-05 -0.00029608376329811085 -0.00016827244470042933 0.00091605353412704523 0.00060663399650884959 -0.00095268290877536957
leaf_weight=395508.28605568409 525557.93188476562 581894.63793945312 496880.5732421875 556922.732421875 607188.03759765625 566545.64282226562 73575.972900390625 503811.48852539062 9136971.8743060827 5092190.8805140257 4155859.4323847294 1111742.8213834763 119193.21655273438 67145.04150390625
leaf_count=518 103 111 97 104 118 110 18 108 12379 10643 9269 1792 33 20
internal_value=-0.000154085 -0.000803924 -0.00160198 -0.000538332 -0.0016565 0.00120323 -3.02963e-05 -0.00345783 -5.21092e-05 -0.000463779 0.000102721 0.000343075 0.00168021 0.00113767
internal_weight=2.3991e+07 3.8388e+06 2.7467e+06 1.74601e+06 1.18908e+06 1.0921e+06 2.01522e+07 1.00069e+06 2.00786e+07 5.4877e+06 1.45909e+07 1.04351e+07 1.29808e+06 1.17889e+06
internal_count=35423 751 538 333 229 213 34672 205 34654 11161 23493 14224 1845 1812
is_linear=0
shrinkage=0.05


Tree=290
num_leaves=15
num_cat=0
split_feature=9 10 26 10 27 10 11 4 26 22 23 17 11 14
split_gain=1306.9 2821.68 1666.79 1211.39 2274.99 3685.02 2201.79 1916.81 1466.06 1494.59 1531.44 2226.88 1769.88 1605.57
threshold=0.21668140125577132 0.15384324926022061 -0.9330127018922193 -0.053194798630288496 3.5000000000000004 -0.027175518119125944 0.042667907455968802 16.411339423236502 0.93301270189221952 19.600808566351393 0.91095962522422969 0.17521381558578317 -0.12588710809479756 1.6969456881640719
decision_type=2 2 2 2 2 2 2 2 2 2 10 2 2 10
left_child=1 2 -1 -4 6 -6 7 -5 9 10 -7 12 -12 -14
right_child=-2 -3 3 4 5 8 -8 -9 -10 -11 11 -13 13 -15
leaf_value=-0.0009159464588499402 -2.3243516909232341e-05 0.0032992847630389783 -6.9100063968946567e-05 0.00071093489129844725 0.0002281228589413079 -0.00013014229535620247 0.0010337130753164017 -0.00050448969137930602 8.1063499163521436e-05 -0.00026080717441540128 -0.0039414836556097513 0.00065566807863483485 0.00031666486076362734 -0.0016482650160036688
leaf_weight=479191.60573577881 18355410.269189835 280439.52597045898 1543091.8715286255 237563.81768798828 253604.21643066406 563521.66633605957 291993.53785705566 175354.28540039062 282175.94318389893 324734.88452148438 175020.72979736328 242013.68969726562 467200.42874145508 249502.78329849243
leaf_count=272 32329 175 852 237 141 242 174 35 147 92 154 69 240 258
internal_value=8.39065e-05 0.000755084 0.000495741 0.000776131 0.00132206 0.000628943 0.00383705 0.00148717 -6.78333e-07 -0.000471827 0.000122782 0.00118166 2.72312e-05 0.00112801
internal_weight=2.39208e+07 5.56541e+06 5.28497e+06 4.80578e+06 3.26269e+06 2.55777e+06 704912 412918 2.30417e+06 2.02199e+06 1.69726e+06 1.13374e+06 891724 716703
internal_count=35417 3088 2913 2641 1789 1343 446 272 1202 1055 963 721 652 498
is_linear=0
shrinkage=0.05


Tree=291
num_leaves=15
num_cat=0
split_feature=21 8 21 21 17 27 8 23 9 18 15 14 3 9
split_gain=1019.5 3265.06 1904.36 2855.54 4498.08 3110.37 1730.63 1323.39 2579.62 2391.21 3351.22 2163.32 2298.53 1294.02
threshold=11.037231308731972 0.064852118826147817 10.954471502539871 10.91824841879701 0.17521381558578317 8.5000000000000018 0.096489678386156755 2.6039781056343654 0.13827813384070328 0.27277323660146974 17.905926190032304 2.1197773696909596 14.426334399023871 0.14408993956811442
decision_type=10 2 10 10 2 2 2 10 2 10 2 10 2 2
left_child=2 -2 3 -1 5 -5 -3 8 -8 10 11 12 -10 -9
right_child=1 6 -4 4 -6 -7 7 13 9 -11 -12 -13 -14 -15
leaf_value=-3.6578558710338724e-05 0.00029455728990742145 -0.0001538095415954761 -0.00047685390351086249 -0.0021230178966141675 0.00037227780473619713 0.0042736853756619063 5.0109477662421041e-05 -0.00075040283632132583 0.0023553476032514807 -0.00015770987922386805 0.0042545645595157321 -0.00026615631249331446 0.0070477223381606143 2.3403657360660188e-05
leaf_weight=20120127.069479227 94519.660995483398 135315.29951477051 862508.24734115601 341849.86652755737 160039.775390625 154577.95803070068 107482.42158508301 129884.69805908203 101624.84899520874 448726.77838134766 145007.57167053223 176040.7589673996 48811.67919921875 934517.31817650795
leaf_count=31248 26 48 953 380 26 188 41 54 289 350 172 348 29 1171
internal_value=-5.1894e-05 0.000943752 -0.000158729 -6.31599e-05 0.003182 0.000832025 0.000557517 0.000911966 0.00219177 0.00133564 0.00382216 0.0010128 0.00541565 -0.000323703
internal_weight=2.3961e+07 2.32193e+06 2.16391e+07 2.07766e+07 656468 496428 2.22741e+06 2.0921e+06 1.02769e+06 920212 471485 326477 150437 1.0644e+06
internal_count=35323 2528 32795 31842 594 568 2502 2454 1229 1188 838 666 318 1225
is_linear=0
shrinkage=0.05


Tree=292
num_leaves=15
num_cat=0
split_feature=26 0 20 24 6 24 9 9 4 5 4 3 24 20
split_gain=1096.81 2117.32 1345.78 2454.1 1763 1161.77 2217.88 3290.23 1163.36 1471.17 1123.54 1058.17 3106.84 2718.33
threshold=0.93301270189221952 16.684754232979486 0.034054720755949605 1.4321253711642201 15.793164417046736 6.3963118133265811 0.21668140125577132 0.15902261461074893 16.411339423236502 16.089743665749982 15.408422505811407 16.691666025947082 1.2576410032575902 1.0000000180025095e-35
decision_type=2 2 10 10 2 10 2 2 2 2 2 2 10 8
left_child=5 2 4 -4 10 11 7 -7 9 -8 -2 -1 13 -13
right_child=1 -3 3 -5 -6 6 8 -9 -10 -11 -12 12 -14 -15
leaf_value=-3.9292016503458989e-05 0.00027461229270424277 5.340317592260264e-05 0.0043475597480973375 0.0013841648517098767 -0.0013098222697129555 -9.0034656605880085e-05 0.00070735847775523495 0.0058315785609211546 0.00028046194060117212 -0.00304538320556071 0.0014719547032567134 0.00023777076367093562 -0.00012412136702897697 -4.2043486763051501e-05
leaf_weight=16472912.629389524 1218362.343971014 261093.78637695312 66523.419882774353 154534.59176969528 226895.22924804688 176431.26080322266 1872520.9691898823 127263.39643859863 163873.34594726562 193736.93408203125 55433.641235351562 629161.2197265625 1770136.0141601562 537359.42749023438
leaf_count=27282 2417 49 112 230 66 115 4145 123 45 56 24 115 327 107
internal_value=-3.02793e-05 0.0010959 0.000459639 0.00410185 -7.68733e-05 -0.000132042 0.000874882 0.00488353 0.000328994 7.38845e-06 0.000646417 -0.000263492 -0.00113787 0.000865496
internal_weight=2.39262e+07 1.98284e+06 1.72175e+06 221058 1.50069e+06 2.19434e+07 2.53383e+06 303695 2.23013e+06 2.06626e+06 1.2738e+06 1.94096e+07 2.93666e+06 1.16652e+06
internal_count=35213 2898 2849 342 2507 32315 4484 238 4246 4201 2441 27831 549 222
is_linear=0
shrinkage=0.05


Tree=293
num_leaves=15
num_cat=1
split_feature=0 4 26 5 20 27 16 0 5 0 2 16 28 21
split_gain=1460.57 1266.06 705.675 2420.31 928.001 815.672 1230.1 1080.14 2146.47 1006.7 2127.11 986.589 994.45 2497.59
threshold=17.419860989426706 17.179119157328174 0.93301270189221952 17.130850056497454 0.078850639714242415 9.5000000000000018 18.52807987505204 16.994451200594245 16.625604377944345 16.3974896391274 16.401501956730314 18.52807987505204 0 11.037231308731972
decision_type=2 2 2 2 10 2 2 2 2 2 2 2 1 10
left_child=1 2 4 -4 5 11 7 8 9 10 -7 12 13 -1
right_child=-2 -3 3 -5 -6 6 -8 -9 -10 -11 -12 -13 -14 -15
leaf_value=0.00025380432158690814 1.8505730989060813e-05 -0.00026535456143399427 6.3801237280451765e-05 0.00069088475852146451 -0.0014420914884609251 -0.0014649621115009296 0.00084777753966170071 -0.003939163090461658 0.00062206287487962658 -0.0013183236606918083 0.0011016081319684561 -0.0066334335354008333 -1.5282226277219642e-05 0.0041482652626515333
leaf_weight=2948163.7156243324 909659.59765625 677111.86010742188 1797715.3869855404 67804.51416015625 387693.24025726318 3038013.2958985567 88465.312194824219 151599.67041015625 116975.21118164062 144820.65991210938 59700.95361328125 122328.2492980957 13047889.358912468 303334.91588592529
leaf_count=5344 133 123 2892 13 527 5550 64 31 27 41 18 84 20137 353
internal_value=8.01655e-06 -6.98618e-05 -5.11528e-06 0.000925733 -9.02012e-05 -4.3284e-05 -0.00072494 -0.000871657 -0.000685363 -0.000925411 -0.000734921 0.000106132 0.000139707 0.00092206
internal_weight=2.38613e+07 2.29516e+07 2.22745e+07 1.86552e+06 2.0409e+07 2.00213e+07 3.59958e+06 3.51111e+06 3.35951e+06 3.24253e+06 3.09771e+06 1.64217e+07 1.62994e+07 3.2515e+06
internal_count=35337 35204 35081 2905 32176 31649 5731 5667 5636 5609 5568 25918 25834 5697
cat_boundaries=0 1
cat_threshold=164
is_linear=0
shrinkage=0.05


Tree=294
num_leaves=15
num_cat=1
split_feature=11 3 18 4 7 15 29 15 18 9 16 7 2 5
split_gain=978.796 1515.95 2674.22 1607.57 2661.65 1487.12 3136.85 1667 2817.32 2959.65 1496.61 2023.9 2444.61 2048.5
threshold=0.064683413359253969 16.537870894875581 0.55125686852329092 15.674905821477632 16.203243434593986 19.203026137930177 0 19.228329333847224 0.72285367655238797 0.37003733102295527 18.52807987505204 16.984761516005801 16.998031306214585 16.796940509220686
decision_type=2 2 10 2 2 2 1 2 8 2 2 2 2 2
left_child=5 3 -3 -2 -5 10 -7 8 -8 -10 11 12 13 -1
right_child=1 2 -4 4 -6 6 7 -9 9 -11 -12 -13 -14 -15
leaf_value=2.4079643987211496e-05 -0.00024779044514445354 5.7054871624137928e-07 -0.0018785605191910866 0.001290543125893233 -0.00014010842668092384 5.881996633640914e-05 -0.0023162843246610451 4.837855424539905e-05 0.0041212246277264261 0.0052401436244885694 0.00015207290842535149 -5.8739964753014796e-05 0.00069861126586624365 -0.0028735485889377667
leaf_weight=8405364.5068429708 7548733.8276922703 586972.67431640625 735691.93994140625 393177.24572753906 430135.5498046875 412057.68017578125 130660.14205932617 3476926.8016624451 84252.267639160156 211134.30377840996 375505.29751586914 723473.83056640625 114804.78735351562 204094.98291015625
leaf_count=15775 14436 103 152 144 120 86 112 3732 48 309 152 134 25 45
internal_value=3.29858e-05 -0.000353967 -0.00192699 -0.000105451 0.00199249 0.000298322 0.00107204 0.000633995 0.00358595 0.00629013 -4.15459e-05 -0.000164585 4.61556e-05 -5.04945e-05
internal_weight=2.3833e+07 9.69471e+06 1.32266e+06 8.37205e+06 823313 1.41383e+07 4.31503e+06 3.90297e+06 426047 295387 9.82324e+06 9.44774e+06 8.72426e+06 8.60946e+06
internal_count=35373 14955 255 14700 264 20418 4287 4201 469 357 16131 15979 15845 15820
cat_boundaries=0 1
cat_threshold=16
is_linear=0
shrinkage=0.05


Tree=295
num_leaves=15
num_cat=0
split_feature=7 16 0 15 20 9 8 7 15 11 9 26 7 19
split_gain=1956.93 1651.2 1353.67 2724.57 1613.34 1713.91 2283.48 1562.19 1512.2 1168.55 1628.59 1167.58 931.493 924.145
threshold=17.375687477891912 18.316622198225307 15.671123781704924 17.836249916376257 -0.011645691030911249 0.25637955680489005 0.13271539659187379 16.110960638906878 19.284222484924129 0.15014299859150793 0.35183025569779719 -0.24999999999999997 17.114749279343759 -0.0059187558919284993
decision_type=2 2 2 2 8 2 2 2 2 2 2 2 2 2
left_child=1 2 -1 11 -5 6 -6 13 -8 10 12 -4 -3 -7
right_child=-2 9 3 4 5 7 8 -9 -10 -11 -12 -13 -14 -15
leaf_value=-7.2240679710690008e-05 2.9894264636664503e-05 -0.00034126532878720915 3.5699572285598303e-05 -0.00040819419170113106 -4.0203684591665719e-05 -0.00037870055471401625 0.0011795739025269631 -0.0016210529992980378 0.00011968589966159245 0.00035206340267615892 0.00058530468034917189 0.00053600359452957538 -0.00094100627490478349 0.0014520989442669912
leaf_weight=16740048.633292794 884380.4443359375 1160628.6016540527 361239.39172363281 683875.71057128906 554585.31567382812 259954.30041503906 516330.57177734375 681580.6455078125 374593.677734375 269360.63864135742 298146.90606689453 421585.49230957031 309872.30126953125 264038.86047363281
leaf_count=33088 128 477 107 173 125 100 132 185 104 192 200 124 56 103
internal_value=3.34161e-05 -5.57277e-05 7.69994e-05 0.000889154 0.00026603 0.000824583 0.0019856 -0.000567501 0.00355351 -0.00141411 -0.00188135 0.00354376 -0.00256453 0.00148525
internal_weight=2.37802e+07 2.28958e+07 2.08578e+07 4.11778e+06 3.33496e+06 2.65108e+06 1.44551e+06 1.20557e+06 890924 2.03801e+06 1.76865e+06 782825 1.4705e+06 523993
internal_count=35294 35166 34241 1153 922 749 361 388 236 925 733 231 533 203
is_linear=0
shrinkage=0.05


Tree=296
num_leaves=15
num_cat=1
split_feature=1 2 3 4 22 14 28 24 24 1 3 21 6 1
split_gain=981.617 1076.42 743.54 1262.97 938.101 1010.47 1446.35 629.289 1323.24 2757.75 1319.9 1631.34 1280.65 1220.16
threshold=17.423965936235351 17.4270168375546 17.169510099143395 17.179119157328174 21.06749716986349 2.2633418623200963 0 0.36252960908502607 0.48034932442572503 16.275843258113319 15.331592492043365 10.714103478350465 14.805612820371003 16.158092031731105
decision_type=2 2 2 2 2 10 1 8 8 2 2 10 2 2
left_child=1 2 3 4 7 6 -6 13 9 10 11 12 -9 -1
right_child=-2 -3 -4 -5 5 -7 -8 8 -10 -11 -12 -13 -14 -15
leaf_value=-0.00011051765941467929 2.5962850577539838e-05 -0.0010549446797000481 0.00012700710553476672 -0.00016271913523518646 -0.0067043652868592476 0.00082215560572907907 0.005135101886438679 0.0032936373227171988 -1.6731713532016532e-05 0.00039730464952959164 -0.0016510645814762628 -0.0044094123947828771 0.0094551681215387477 -0.0012019248843539343
leaf_weight=2126749.2007808685 829501.52783203125 111068.01220703125 666532.896484375 312336.54907226562 96116.321182250977 105620.92892456055 114932.76163482666 118238.62042808533 18535969.155795574 80514.444091796875 77145.445434570312 159448.11339044571 54764.584838867188 509884.12377929688
leaf_count=4132 121 18 122 61 67 86 157 299 29848 19 31 293 29 124
internal_value=-2.88315e-05 -8.95952e-05 -6.58395e-05 -0.000115043 -7.01786e-05 0.00263154 0.000633464 -0.000109673 -9.35255e-06 0.00255499 0.000892117 0.00225938 0.00562188 -0.000833589
internal_weight=2.38988e+07 2.30693e+07 2.29583e+07 2.22917e+07 2.19794e+07 316670 211049 2.16627e+07 1.90261e+07 490111 409597 332451 173003 2.63663e+06
internal_count=35407 35286 35268 35146 35085 310 224 34775 30519 671 652 621 328 4256
cat_boundaries=0 1
cat_threshold=288
is_linear=0
shrinkage=0.05


Tree=297
num_leaves=15
num_cat=0
split_feature=0 4 23 3 24 26 9 2 23 8 26 22 27 15
split_gain=1263.25 1087.03 819.256 3093.2 869.574 1162.41 841.572 813.975 1935.73 1643.01 1565.06 1959 1944.94 2627.94
threshold=17.419860989426706 17.179119157328174 0.19449656900461301 15.674799135655663 29.675544147785903 1.0000000180025095e-35 0.26367395320874026 14.421431328788227 3.3697958812695457 0.31104592604567416 0.93301270189221952 19.607205262989968 2.5000000000000004 19.320833299017838
decision_type=2 2 8 2 10 2 2 2 10 2 2 2 2 2
left_child=1 2 3 6 7 -6 -1 -4 9 10 11 12 -9 -14
right_child=-2 -3 4 -5 5 -7 -8 8 -10 -11 -12 -13 13 -15
leaf_value=-0.0018818773434708608 1.2322262949182473e-05 -0.00030859838615190937 1.8331944847446072e-05 0.00027771691907125986 0.0076309402907904309 -0.0037636244111608043 0.00010720667328817786 0.00039355928530125975 -0.00038756049617003736 -0.00089575623896595298 0.00092266636122474092 0.0011957372907353506 -0.00034157828386630388 0.00080590252523516097
leaf_weight=443455.18381118774 894922.39208984375 696599.3271484375 10009891.481107712 627372.03515625 68923.152916908264 68536.122570037842 2366242.1715517044 686511.38586425781 3030062.3251953125 1634900.9432373047 354021.72985839844 318392.07299804688 2354832.1994628906 390384.74230957031
leaf_count=481 131 126 25498 179 129 125 4951 253 1367 821 133 115 907 152
internal_value=-0.000105493 -0.000177052 -0.000116438 0.000593683 -0.000245465 0.00371688 -0.000115098 -0.000274469 -0.000626172 -8.63869e-05 0.000447568 0.000147571 -0.000200517 -0.000795771
internal_weight=2.3945e+07 2.30501e+07 2.23535e+07 3.43707e+06 1.89165e+07 137459 2.8097e+06 1.8779e+07 8.76911e+06 5.73904e+06 4.10414e+06 3.75012e+06 3.43173e+06 2.74522e+06
internal_count=35368 35237 35111 5611 29500 254 5432 29246 3748 2381 1560 1427 1312 1059
is_linear=0
shrinkage=0.05


Tree=298
num_leaves=15
num_cat=1
split_feature=9 24 4 19 17 20 11 7 4 28 17 8 14 15
split_gain=1162.7 3219.38 2545.72 1335.51 928.702 861.32 907.129 2718.23 2588.36 1189.47 1492.07 3721.71 2991.11 2494.94
threshold=0.13067246360888676 0.26511602469553558 17.458037941908348 -0.029549318239527746 0.31408482136343246 0.051920094159774312 0.046607321081084209 16.203243434593986 15.674905821477632 0 0.35606061239567061 0.17112885132900854 2.3605958934882918 15.939088704243401
decision_type=2 8 2 2 2 10 2 2 2 1 2 2 10 2
left_child=1 -1 3 -3 -5 6 9 8 -8 -2 -11 -12 13 -13
right_child=5 2 -4 4 -6 -7 7 -9 -10 10 11 12 -14 -15
leaf_value=0.00064170895887638991 -0.0013272301569865195 0.00050262534032078146 4.7415336840723384e-05 -0.00054371039157342352 6.1721602057660346e-05 -0.0008831613182770817 -0.00011440633427354851 -0.00019222535676267189 0.0010873589922532816 9.0713414246783289e-05 0.0016686075807956309 -0.0012478179192543229 -0.0020738620062408482 0.00071217779454038968
leaf_weight=287293.88772583008 1003321.3151445389 184002.14572143555 204403.5478515625 649265.99491882324 196305.64672851562 1125151.934864521 7460880.6042876244 1415294.7734375 404309.83447265625 10035727.900301099 271153.28228759766 180408.208984375 321611.61474609375 176313.51086425781
leaf_count=92 3836 95 28 427 54 1565 14286 311 145 14106 66 171 59 42
internal_value=9.07073e-05 0.00142831 0.000318468 -0.000693431 -0.00153347 -1.58431e-07 7.11624e-05 -0.00029997 6.30222e-05 0.000358461 0.000508976 0.00240346 0.000424288 0.00357687
internal_weight=2.39154e+07 1.52127e+06 1.23398e+06 1.02957e+06 845572 2.23942e+07 2.1269e+07 9.28049e+06 7.86519e+06 1.19885e+07 1.09852e+07 949487 678333 356722
internal_count=35283 696 604 576 481 34587 33022 14742 14431 18280 14444 338 272 213
cat_boundaries=0 1
cat_threshold=9
is_linear=0
shrinkage=0.05


Tree=299
num_leaves=15
num_cat=0
split_feature=3 19 0 19 22 9 24 24 4 3 9 0 2 5
split_gain=1014.16 4809.28 1720.31 2798.57 1520.79 924.013 1065.71 773.633 1767.18 692.436 550.226 613.413 913.38 1713.72
threshold=16.850127835172454 -0.015584734230140198 16.533265774342059 -0.0052027977376574493 18.661337889755632 0.099641508914028162 1.2736174209524151 11.462667566961002 15.573466039196157 16.537870894875581 0.11267707992664321 16.273039820797113 15.261098621047049 15.359415941515772
decision_type=2 2 2 2 2 2 8 10 2 2 2 2 2 2
left_child=2 -2 5 -4 -3 6 -1 9 -9 10 -7 12 13 -12
right_child=1 4 3 -5 -6 7 -8 8 -10 -11 11 -13 -14 -15
leaf_value=0.0029491894224995771 5.8806063924801215e-05 -2.8556422742666079e-06 -0.00016914147677234799 0.00070006061766841876 -0.00029708510866953967 -0.0013030553848063864 -0.0016476323750050565 0.00017651143605632984 0.0021225758073339699 -0.001930079855266841 -4.4369875131501542e-05 4.2151393487812317e-05 -0.00027632441564876345 0.0052381655022011803
leaf_weight=44844.083587646484 949259.25537109375 631079.20922851562 540894.27099609375 637641.75634765625 1138333.1176757812 95070.502990722656 37831.027114868164 666503.22796869278 175188.84057617188 306304.14770507812 15017112.761207581 542039.96655273438 2867742.0400390625 199307.70153808594
leaf_count=46 171 126 130 154 195 90 173 1524 54 82 31178 161 1145 89
internal_value=-7.44488e-05 -0.000983446 4.25038e-05 0.00189877 -0.00252376 -6.71434e-05 0.00520783 -8.90923e-05 0.00139432 -0.000154712 -0.00011613 -9.67645e-05 -0.000146441 7.82149e-06
internal_weight=2.38492e+07 2.71867e+06 2.11305e+07 1.17854e+06 1.76941e+06 1.99519e+07 82675.1 1.98693e+07 841692 1.90276e+07 1.87213e+07 1.86262e+07 1.80842e+07 1.52164e+07
internal_count=35318 492 34826 284 321 34542 219 34323 1578 32745 32663 32573 32412 31267
is_linear=0
shrinkage=0.05


end of trees

feature_importances:
lag0=264
lag11=225
std12=223
yoy12=195
inflation=187
thb_chg3=185
mom3_12=184
ccy_chg3=175
lag5=172
share_hs12=170
mean12=165
uv12=164
std6=161
hs_mean3=157
lag2=152
ctry_mean3=145
cos_m=130
lag1=128
gdp_growth=126
pop_log=123
gdppc_log=120
hs4=111
mean6=107
share_ctry12=107
origin_month=94
mean3=84
sin_m=77
region=46
active12=15
income=8

parameters:
[boosting: gbdt]
[objective: quantile]
[metric: quantile]
[tree_learner: serial]
[device_type: cpu]
[data_sample_strategy: bagging]
[data: ]
[valid: ]
[num_iterations: 300]
[learning_rate: 0.05]
[num_leaves: 15]
[num_threads: 4]
[seed: 0]
[deterministic: 0]
[force_col_wise: 0]
[force_row_wise: 0]
[histogram_pool_size: -1]
[max_depth: -1]
[min_data_in_leaf: 100]
[min_sum_hessian_in_leaf: 0.001]
[bagging_fraction: 0.8]
[pos_bagging_fraction: 1]
[neg_bagging_fraction: 1]
[bagging_freq: 1]
[bagging_seed: 7719]
[bagging_by_query: 0]
[feature_fraction: 0.8]
[feature_fraction_bynode: 1]
[feature_fraction_seed: 2437]
[extra_trees: 0]
[extra_seed: 11797]
[early_stopping_round: 0]
[early_stopping_min_delta: 0]
[first_metric_only: 0]
[max_delta_step: 0]
[lambda_l1: 0]
[lambda_l2: 0]
[linear_lambda: 0]
[min_gain_to_split: 0]
[drop_rate: 0.1]
[max_drop: 50]
[skip_drop: 0.5]
[xgboost_dart_mode: 0]
[uniform_drop: 0]
[drop_seed: 21238]
[top_rate: 0.2]
[other_rate: 0.1]
[min_data_per_group: 100]
[max_cat_threshold: 32]
[cat_l2: 10]
[cat_smooth: 10]
[max_cat_to_onehot: 4]
[top_k: 20]
[monotone_constraints: ]
[monotone_constraints_method: basic]
[monotone_penalty: 0]
[feature_contri: ]
[forcedsplits_filename: ]
[refit_decay_rate: 0.9]
[cegb_tradeoff: 1]
[cegb_penalty_split: 0]
[cegb_penalty_feature_lazy: ]
[cegb_penalty_feature_coupled: ]
[path_smooth: 0]
[interaction_constraints: ]
[verbosity: -1]
[saved_feature_importance_type: 0]
[use_quantized_grad: 0]
[num_grad_quant_bins: 4]
[quant_train_renew_leaf: 0]
[stochastic_rounding: 1]
[linear_tree: 0]
[max_bin: 255]
[max_bin_by_feature: ]
[min_data_in_bin: 3]
[bin_construct_sample_cnt: 200000]
[data_random_seed: 38]
[is_enable_sparse: 1]
[enable_bundle: 1]
[use_missing: 1]
[zero_as_missing: 0]
[feature_pre_filter: 1]
[pre_partition: 0]
[two_round: 0]
[header: 0]
[label_column: ]
[weight_column: ]
[group_column: ]
[ignore_column: ]
[categorical_feature: 28,29,30]
[forcedbins_filename: ]
[precise_float_parser: 0]
[parser_config_file: ]
[objective_seed: 8855]
[num_class: 1]
[is_unbalance: 0]
[scale_pos_weight: 1]
[sigmoid: 1]
[boost_from_average: 1]
[reg_sqrt: 0]
[alpha: 0.9]
[fair_c: 1]
[poisson_max_delta_step: 0.7]
[tweedie_variance_power: 1.5]
[lambdarank_truncation_level: 30]
[lambdarank_norm: 1]
[label_gain: ]
[lambdarank_position_bias_regularization: 0]
[eval_at: ]
[multi_error_top_k: 1]
[auc_mu_weights: ]
[num_machines: 1]
[local_listen_port: 12400]
[time_out: 120]
[machine_list_filename: ]
[machines: ]
[gpu_platform_id: -1]
[gpu_device_id: -1]
[gpu_device_id_list: ]
[gpu_use_dp: 0]
[num_gpu: 1]

end of parameters

pandas_categorical:[["0301", "0302", "0303", "0304", "0305", "0306", "0307", "0308", "1604", "1605"], ["East Asia & Pacific", "Europe & Central Asia", "Latin America & Caribbean ", "Middle East, North Africa, Afghanistan & Pakistan", "North America", "South Asia", "Sub-Saharan Africa "], ["High income", "Low income", "Lower middle income", "Upper middle income"]]
