date,province,latitude,longitude,temperature_2m_mean,temperature_2m_max,temperature_2m_min,precipitation_sum,wind_speed_10m_max
2021-01-01,สมุทรสาคร,13.55,100.27,22.1,25.9,18.7,0.0,15.3
2021-01-02,สมุทรสาคร,13.55,100.27,22.4,26.6,18.9,0.0,15.8
2021-01-03,สมุทรสาคร,13.55,100.27,23.6,28.6,19.7,0.0,15.3
2021-01-04,สมุทรสาคร,13.55,100.27,24.9,29.5,21.3,0.0,14.0
2021-01-05,สมุทรสาคร,13.55,100.27,25.9,29.5,22.4,0.0,12.1
2021-01-06,สมุทรสาคร,13.55,100.27,25.8,28.7,22.9,0.0,9.7
2021-01-07,สมุทรสาคร,13.55,100.27,26.0,29.4,22.2,0.0,11.4
2021-01-08,สมุทรสาคร,13.55,100.27,27.0,30.2,24.1,0.0,19.0
2021-01-09,สมุทรสาคร,13.55,100.27,24.0,27.8,21.1,0.0,17.7
2021-01-10,สมุทรสาคร,13.55,100.27,23.6,28.3,19.2,0.0,10.3
2021-01-11,สมุทรสาคร,13.55,100.27,23.9,28.6,19.6,0.0,17.5
2021-01-12,สมุทรสาคร,13.55,100.27,21.1,24.9,16.9,0.0,21.5
2021-01-13,สมุทรสาคร,13.55,100.27,20.6,24.9,16.6,0.0,17.1
2021-01-14,สมุทรสาคร,13.55,100.27,21.7,26.1,17.6,0.0,14.1
2021-01-15,สมุทรสาคร,13.55,100.27,22.6,27.7,17.7,0.0,10.2
2021-01-16,สมุทรสาคร,13.55,100.27,23.9,26.2,20.6,0.0,10.5
2021-01-17,สมุทรสาคร,13.55,100.27,25.6,28.8,21.7,0.6,16.3
2021-01-18,สมุทรสาคร,13.55,100.27,24.0,27.6,20.6,0.0,22.9
2021-01-19,สมุทรสาคร,13.55,100.27,21.9,27.0,17.6,0.0,10.4
2021-01-20,สมุทรสาคร,13.55,100.27,22.4,27.1,17.6,0.0,13.0
2021-01-21,สมุทรสาคร,13.55,100.27,22.6,28.0,17.8,0.0,14.6
2021-01-22,สมุทรสาคร,13.55,100.27,24.0,28.8,18.5,0.0,10.8
2021-01-23,สมุทรสาคร,13.55,100.27,24.5,28.4,19.6,0.0,14.6
2021-01-24,สมุทรสาคร,13.55,100.27,25.1,27.5,22.3,0.0,12.4
2021-01-25,สมุทรสาคร,13.55,100.27,25.7,27.8,24.1,0.0,15.1
2021-01-26,สมุทรสาคร,13.55,100.27,26.2,28.2,23.6,0.2,12.3
2021-01-27,สมุทรสาคร,13.55,100.27,26.6,28.8,25.3,0.5,15.1
2021-01-28,สมุทรสาคร,13.55,100.27,26.9,29.0,24.7,0.1,12.6
2021-01-29,สมุทรสาคร,13.55,100.27,26.8,29.7,25.1,0.0,20.0
2021-01-30,สมุทรสาคร,13.55,100.27,26.6,29.6,24.0,0.0,14.2
2021-01-31,สมุทรสาคร,13.55,100.27,26.3,29.9,23.3,0.0,13.9
2021-02-01,สมุทรสาคร,13.55,100.27,25.9,29.7,21.9,0.0,12.7
2021-02-02,สมุทรสาคร,13.55,100.27,26.1,29.8,22.2,0.0,13.3
2021-02-03,สมุทรสาคร,13.55,100.27,26.6,30.1,23.1,0.0,14.5
2021-02-04,สมุทรสาคร,13.55,100.27,26.2,29.3,23.1,0.0,15.9
2021-02-05,สมุทรสาคร,13.55,100.27,25.7,29.8,21.2,0.0,11.1
2021-02-06,สมุทรสาคร,13.55,100.27,25.6,29.4,21.4,0.0,13.3
2021-02-07,สมุทรสาคร,13.55,100.27,26.4,29.1,23.1,0.0,13.5
2021-02-08,สมุทรสาคร,13.55,100.27,26.8,28.7,24.0,0.2,14.4
2021-02-09,สมุทรสาคร,13.55,100.27,26.3,28.0,24.4,7.5,13.6
2021-02-10,สมุทรสาคร,13.55,100.27,25.7,29.4,23.2,2.8,12.0
2021-02-11,สมุทรสาคร,13.55,100.27,25.7,29.7,21.9,0.0,15.2
2021-02-12,สมุทรสาคร,13.55,100.27,25.8,29.1,22.0,0.0,14.8
2021-02-13,สมุทรสาคร,13.55,100.27,26.4,28.9,22.7,0.0,14.1
2021-02-14,สมุทรสาคร,13.55,100.27,27.0,29.1,24.1,0.0,15.8
2021-02-15,สมุทรสาคร,13.55,100.27,26.9,28.5,25.5,0.8,18.4
2021-02-16,สมุทรสาคร,13.55,100.27,27.2,28.7,26.1,0.2,20.0
2021-02-17,สมุทรสาคร,13.55,100.27,26.6,28.0,25.6,2.7,16.7
2021-02-18,สมุทรสาคร,13.55,100.27,27.0,30.9,24.4,0.3,21.4
2021-02-19,สมุทรสาคร,13.55,100.27,25.9,30.5,22.4,0.0,23.1
2021-02-20,สมุทรสาคร,13.55,100.27,25.3,29.7,21.4,0.0,14.4
2021-02-21,สมุทรสาคร,13.55,100.27,24.9,28.7,20.1,0.0,13.0
2021-02-22,สมุทรสาคร,13.55,100.27,26.0,28.2,22.3,0.0,17.4
2021-02-23,สมุทรสาคร,13.55,100.27,26.3,28.2,23.7,0.0,14.8
2021-02-24,สมุทรสาคร,13.55,100.27,26.7,28.8,24.9,0.0,18.6
2021-02-25,สมุทรสาคร,13.55,100.27,27.4,30.7,24.0,0.0,17.2
2021-02-26,สมุทรสาคร,13.55,100.27,26.7,30.4,21.7,0.0,17.8
2021-02-27,สมุทรสาคร,13.55,100.27,26.3,29.6,21.8,0.0,15.7
2021-02-28,สมุทรสาคร,13.55,100.27,27.0,29.2,24.3,0.0,22.4
2021-03-01,สมุทรสาคร,13.55,100.27,27.5,29.3,25.8,0.0,20.3
2021-03-02,สมุทรสาคร,13.55,100.27,27.7,29.4,26.4,1.1,15.5
2021-03-03,สมุทรสาคร,13.55,100.27,27.3,28.4,26.4,1.5,22.1
2021-03-04,สมุทรสาคร,13.55,100.27,27.5,29.3,25.0,0.1,16.2
2021-03-05,สมุทรสาคร,13.55,100.27,27.8,29.6,26.1,0.2,19.4
2021-03-06,สมุทรสาคร,13.55,100.27,27.8,29.8,26.2,0.0,18.4
2021-03-07,สมุทรสาคร,13.55,100.27,27.9,30.1,25.8,0.0,19.7
2021-03-08,สมุทรสาคร,13.55,100.27,28.1,29.7,27.1,0.6,17.6
2021-03-09,สมุทรสาคร,13.55,100.27,28.1,29.9,26.3,0.0,16.1
2021-03-10,สมุทรสาคร,13.55,100.27,28.1,29.5,26.7,0.2,17.8
2021-03-11,สมุทรสาคร,13.55,100.27,28.1,29.8,25.6,0.3,14.1
2021-03-12,สมุทรสาคร,13.55,100.27,28.3,30.1,25.6,0.2,18.0
2021-03-13,สมุทรสาคร,13.55,100.27,28.0,29.5,25.8,0.6,18.3
2021-03-14,สมุทรสาคร,13.55,100.27,28.1,29.3,26.9,0.7,16.6
2021-03-15,สมุทรสาคร,13.55,100.27,28.4,29.9,27.4,0.0,19.8
2021-03-16,สมุทรสาคร,13.55,100.27,28.2,29.8,26.9,0.0,21.9
2021-03-17,สมุทรสาคร,13.55,100.27,28.5,30.2,27.4,1.6,19.5
2021-03-18,สมุทรสาคร,13.55,100.27,28.7,30.4,27.3,0.0,18.4
2021-03-19,สมุทรสาคร,13.55,100.27,28.8,30.6,27.5,0.0,21.6
2021-03-20,สมุทรสาคร,13.55,100.27,28.6,30.2,27.3,0.0,20.2
2021-03-21,สมุทรสาคร,13.55,100.27,28.9,30.6,27.4,0.0,19.8
2021-03-22,สมุทรสาคร,13.55,100.27,27.5,29.8,26.2,12.1,20.1
2021-03-23,สมุทรสาคร,13.55,100.27,27.9,32.3,24.7,0.0,14.7
2021-03-24,สมุทรสาคร,13.55,100.27,28.3,30.8,25.0,0.1,13.3
2021-03-25,สมุทรสาคร,13.55,100.27,28.5,30.5,25.4,0.0,19.5
2021-03-26,สมุทรสาคร,13.55,100.27,28.6,30.3,27.2,0.0,23.7
2021-03-27,สมุทรสาคร,13.55,100.27,28.9,30.7,27.4,0.0,20.3
2021-03-28,สมุทรสาคร,13.55,100.27,29.0,30.6,27.9,0.0,21.3
2021-03-29,สมุทรสาคร,13.55,100.27,29.2,31.1,27.6,0.0,22.4
2021-03-30,สมุทรสาคร,13.55,100.27,29.5,31.5,28.1,0.0,21.7
2021-03-31,สมุทรสาคร,13.55,100.27,29.4,31.5,27.0,0.0,24.4
2021-04-01,สมุทรสาคร,13.55,100.27,29.5,30.9,27.8,0.0,18.9
2021-04-02,สมุทรสาคร,13.55,100.27,29.3,30.8,27.9,0.0,21.2
2021-04-03,สมุทรสาคร,13.55,100.27,29.3,31.2,26.7,0.2,22.1
2021-04-04,สมุทรสาคร,13.55,100.27,28.4,30.3,26.3,9.7,19.9
2021-04-05,สมุทรสาคร,13.55,100.27,26.7,28.5,25.0,6.0,12.1
2021-04-06,สมุทรสาคร,13.55,100.27,26.8,28.2,25.7,7.8,14.8
2021-04-07,สมุทรสาคร,13.55,100.27,27.1,29.4,25.1,6.8,13.6
2021-04-08,สมุทรสาคร,13.55,100.27,28.3,30.2,25.7,2.0,11.7
2021-04-09,สมุทรสาคร,13.55,100.27,28.7,30.8,26.0,0.3,11.9
2021-04-10,สมุทรสาคร,13.55,100.27,28.7,30.8,27.1,6.2,17.6
2021-04-11,สมุทรสาคร,13.55,100.27,27.9,30.5,26.0,7.6,12.6
2021-04-12,สมุทรสาคร,13.55,100.27,28.1,29.8,25.6,2.1,13.0
2021-04-13,สมุทรสาคร,13.55,100.27,29.0,30.2,27.6,2.4,14.4
2021-04-14,สมุทรสาคร,13.55,100.27,28.8,30.5,27.0,2.1,17.1
2021-04-15,สมุทรสาคร,13.55,100.27,28.6,30.7,25.5,0.0,13.6
2021-04-16,สมุทรสาคร,13.55,100.27,29.3,31.0,26.7,2.5,16.3
2021-04-17,สมุทรสาคร,13.55,100.27,28.6,31.0,25.4,0.7,15.3
2021-04-18,สมุทรสาคร,13.55,100.27,28.4,31.1,26.1,21.2,14.5
2021-04-19,สมุทรสาคร,13.55,100.27,28.1,30.3,25.5,8.2,14.8
2021-04-20,สมุทรสาคร,13.55,100.27,28.9,30.6,26.3,1.9,13.9
2021-04-21,สมุทรสาคร,13.55,100.27,28.9,31.2,26.6,0.6,10.5
2021-04-22,สมุทรสาคร,13.55,100.27,29.4,32.0,26.7,0.9,13.3
2021-04-23,สมุทรสาคร,13.55,100.27,29.8,32.3,26.7,0.3,20.6
2021-04-24,สมุทรสาคร,13.55,100.27,29.6,32.0,27.2,0.3,21.9
2021-04-25,สมุทรสาคร,13.55,100.27,29.5,31.7,27.1,3.7,16.3
2021-04-26,สมุทรสาคร,13.55,100.27,28.8,32.0,26.7,1.3,16.1
2021-04-27,สมุทรสาคร,13.55,100.27,28.3,31.2,26.8,9.6,15.2
2021-04-28,สมุทรสาคร,13.55,100.27,27.4,29.7,24.6,8.5,13.8
2021-04-29,สมุทรสาคร,13.55,100.27,26.9,28.3,25.2,18.7,13.1
2021-04-30,สมุทรสาคร,13.55,100.27,27.0,28.7,25.3,11.3,10.2
2021-05-01,สมุทรสาคร,13.55,100.27,27.7,29.6,26.0,1.1,12.2
2021-05-02,สมุทรสาคร,13.55,100.27,28.6,30.7,25.8,1.1,11.6
2021-05-03,สมุทรสาคร,13.55,100.27,29.4,31.3,26.2,0.9,7.9
2021-05-04,สมุทรสาคร,13.55,100.27,29.5,31.6,27.0,2.3,12.3
2021-05-05,สมุทรสาคร,13.55,100.27,30.1,32.5,26.7,0.1,13.6
2021-05-06,สมุทรสาคร,13.55,100.27,27.6,30.3,25.9,17.7,19.4
2021-05-07,สมุทรสาคร,13.55,100.27,27.9,30.6,25.3,3.5,14.7
2021-05-08,สมุทรสาคร,13.55,100.27,28.2,30.8,25.3,0.3,10.9
2021-05-09,สมุทรสาคร,13.55,100.27,28.6,30.8,25.5,0.6,12.0
2021-05-10,สมุทรสาคร,13.55,100.27,29.9,31.8,28.2,0.0,18.9
2021-05-11,สมุทรสาคร,13.55,100.27,30.1,32.2,28.1,0.4,17.4
2021-05-12,สมุทรสาคร,13.55,100.27,30.3,31.9,28.4,0.1,20.6
2021-05-13,สมุทรสาคร,13.55,100.27,30.3,31.7,27.7,0.4,20.0
2021-05-14,สมุทรสาคร,13.55,100.27,30.5,31.8,29.0,0.0,21.3
2021-05-15,สมุทรสาคร,13.55,100.27,30.4,31.5,29.3,0.9,20.3
2021-05-16,สมุทรสาคร,13.55,100.27,30.4,31.7,29.4,1.8,18.1
2021-05-17,สมุทรสาคร,13.55,100.27,30.2,31.6,28.0,0.4,16.4
2021-05-18,สมุทรสาคร,13.55,100.27,30.0,31.5,28.3,2.7,22.3
2021-05-19,สมุทรสาคร,13.55,100.27,29.4,32.5,27.2,16.1,23.9
2021-05-20,สมุทรสาคร,13.55,100.27,29.4,31.8,27.6,1.7,18.6
2021-05-21,สมุทรสาคร,13.55,100.27,29.7,31.9,27.0,2.5,19.1
2021-05-22,สมุทรสาคร,13.55,100.27,29.5,31.9,26.8,1.6,19.9
2021-05-23,สมุทรสาคร,13.55,100.27,30.5,33.2,27.8,0.1,17.4
2021-05-24,สมุทรสาคร,13.55,100.27,30.1,32.2,27.5,0.0,18.6
2021-05-25,สมุทรสาคร,13.55,100.27,29.3,31.2,28.0,3.5,16.4
2021-05-26,สมุทรสาคร,13.55,100.27,29.2,30.9,27.7,0.8,13.3
2021-05-27,สมุทรสาคร,13.55,100.27,29.2,32.1,27.2,8.8,23.4
2021-05-28,สมุทรสาคร,13.55,100.27,28.2,29.7,26.9,11.1,19.5
2021-05-29,สมุทรสาคร,13.55,100.27,28.9,30.9,27.4,9.0,24.2
2021-05-30,สมุทรสาคร,13.55,100.27,29.4,31.1,27.7,2.9,19.5
2021-05-31,สมุทรสาคร,13.55,100.27,29.5,31.3,26.8,2.8,20.5
2021-06-01,สมุทรสาคร,13.55,100.27,29.9,31.6,27.2,0.1,19.5
2021-06-02,สมุทรสาคร,13.55,100.27,30.4,32.3,27.6,0.0,22.3
2021-06-03,สมุทรสาคร,13.55,100.27,30.6,32.7,27.8,0.0,21.1
2021-06-04,สมุทรสาคร,13.55,100.27,30.9,33.5,27.6,2.1,23.0
2021-06-05,สมุทรสาคร,13.55,100.27,30.5,32.8,28.0,1.7,18.2
2021-06-06,สมุทรสาคร,13.55,100.27,30.0,33.1,27.8,2.9,18.4
2021-06-07,สมุทรสาคร,13.55,100.27,30.1,32.5,28.1,0.0,20.0
2021-06-08,สมุทรสาคร,13.55,100.27,29.7,31.6,27.5,0.8,26.2
2021-06-09,สมุทรสาคร,13.55,100.27,29.5,32.8,27.4,1.2,20.9
2021-06-10,สมุทรสาคร,13.55,100.27,27.7,28.6,26.9,5.4,15.8
2021-06-11,สมุทรสาคร,13.55,100.27,29.0,30.8,27.4,0.4,15.6
2021-06-12,สมุทรสาคร,13.55,100.27,28.8,31.2,26.2,0.1,15.5
2021-06-13,สมุทรสาคร,13.55,100.27,28.5,29.7,27.5,1.3,17.1
2021-06-14,สมุทรสาคร,13.55,100.27,29.2,31.7,27.8,1.3,20.2
2021-06-15,สมุทรสาคร,13.55,100.27,27.8,29.1,27.0,6.0,17.3
2021-06-16,สมุทรสาคร,13.55,100.27,28.6,30.5,27.0,4.1,16.8
2021-06-17,สมุทรสาคร,13.55,100.27,28.6,30.3,26.7,0.4,17.2
2021-06-18,สมุทรสาคร,13.55,100.27,28.8,30.8,26.6,0.9,19.0
2021-06-19,สมุทรสาคร,13.55,100.27,29.5,33.0,25.9,0.9,20.4
2021-06-20,สมุทรสาคร,13.55,100.27,29.7,33.4,26.3,0.4,22.2
2021-06-21,สมุทรสาคร,13.55,100.27,29.4,32.0,27.2,0.0,23.1
2021-06-22,สมุทรสาคร,13.55,100.27,28.8,31.0,26.4,3.4,19.9
2021-06-23,สมุทรสาคร,13.55,100.27,29.2,32.4,27.1,0.9,19.6
2021-06-24,สมุทรสาคร,13.55,100.27,29.4,32.4,26.8,0.8,17.3
2021-06-25,สมุทรสาคร,13.55,100.27,29.0,31.7,26.6,3.9,23.5
2021-06-26,สมุทรสาคร,13.55,100.27,28.9,31.3,27.0,1.8,23.1
2021-06-27,สมุทรสาคร,13.55,100.27,29.5,31.4,26.8,0.2,23.0
2021-06-28,สมุทรสาคร,13.55,100.27,29.1,31.5,26.6,1.0,19.9
2021-06-29,สมุทรสาคร,13.55,100.27,29.1,31.7,27.1,3.3,17.4
2021-06-30,สมุทรสาคร,13.55,100.27,29.0,31.2,26.3,4.4,20.5
2021-07-01,สมุทรสาคร,13.55,100.27,29.0,31.5,26.5,1.3,22.0
2021-07-02,สมุทรสาคร,13.55,100.27,29.2,31.9,26.3,0.5,17.3
2021-07-03,สมุทรสาคร,13.55,100.27,29.9,33.0,26.5,0.2,19.1
2021-07-04,สมุทรสาคร,13.55,100.27,30.7,34.7,27.2,1.3,20.1
2021-07-05,สมุทรสาคร,13.55,100.27,30.7,35.6,27.5,0.6,28.7
2021-07-06,สมุทรสาคร,13.55,100.27,29.5,32.7,27.7,8.1,23.4
2021-07-07,สมุทรสาคร,13.55,100.27,28.5,30.3,26.3,5.9,17.5
2021-07-08,สมุทรสาคร,13.55,100.27,28.6,31.1,27.0,2.3,20.9
2021-07-09,สมุทรสาคร,13.55,100.27,27.3,29.2,26.3,12.4,20.0
2021-07-10,สมุทรสาคร,13.55,100.27,26.9,28.3,25.6,12.3,17.1
2021-07-11,สมุทรสาคร,13.55,100.27,27.5,28.7,26.2,18.9,21.5
2021-07-12,สมุทรสาคร,13.55,100.27,28.3,29.9,26.6,7.0,13.7
2021-07-13,สมุทรสาคร,13.55,100.27,28.6,30.4,26.3,1.7,10.6
2021-07-14,สมุทรสาคร,13.55,100.27,27.9,29.9,25.7,17.1,8.3
2021-07-15,สมุทรสาคร,13.55,100.27,27.1,28.2,26.4,9.2,15.3
2021-07-16,สมุทรสาคร,13.55,100.27,28.0,29.7,26.3,4.6,16.6
2021-07-17,สมุทรสาคร,13.55,100.27,27.8,30.2,25.7,6.2,17.2
2021-07-18,สมุทรสาคร,13.55,100.27,28.5,30.8,26.6,1.4,19.3
2021-07-19,สมุทรสาคร,13.55,100.27,27.9,29.7,26.4,2.8,18.5
2021-07-20,สมุทรสาคร,13.55,100.27,27.6,29.5,26.4,10.8,21.7
2021-07-21,สมุทรสาคร,13.55,100.27,28.1,29.2,26.5,1.2,18.7
2021-07-22,สมุทรสาคร,13.55,100.27,28.7,29.9,27.7,3.0,19.2
2021-07-23,สมุทรสาคร,13.55,100.27,28.2,29.9,27.3,1.8,16.7
2021-07-24,สมุทรสาคร,13.55,100.27,28.0,28.9,27.3,6.3,17.6
2021-07-25,สมุทรสาคร,13.55,100.27,27.6,28.7,26.8,6.4,14.9
2021-07-26,สมุทรสาคร,13.55,100.27,28.3,30.1,26.8,0.4,17.4
2021-07-27,สมุทรสาคร,13.55,100.27,28.3,29.8,27.1,4.0,18.2
2021-07-28,สมุทรสาคร,13.55,100.27,28.8,30.3,27.3,5.0,14.5
2021-07-29,สมุทรสาคร,13.55,100.27,28.5,30.6,25.9,2.7,13.9
2021-07-30,สมุทรสาคร,13.55,100.27,29.0,31.3,27.4,3.3,19.6
2021-07-31,สมุทรสาคร,13.55,100.27,29.2,31.4,27.2,3.2,15.5
2021-08-01,สมุทรสาคร,13.55,100.27,29.3,31.8,27.1,1.6,19.0
2021-08-02,สมุทรสาคร,13.55,100.27,28.9,31.0,26.6,1.3,21.1
2021-08-03,สมุทรสาคร,13.55,100.27,29.0,31.2,27.7,0.7,17.8
2021-08-04,สมุทรสาคร,13.55,100.27,28.9,31.0,27.0,2.1,18.4
2021-08-05,สมุทรสาคร,13.55,100.27,29.0,31.0,27.7,2.1,17.0
2021-08-06,สมุทรสาคร,13.55,100.27,28.9,30.3,27.7,5.6,16.3
2021-08-07,สมุทรสาคร,13.55,100.27,28.8,30.6,27.6,0.9,15.1
2021-08-08,สมุทรสาคร,13.55,100.27,28.6,30.9,26.1,1.0,19.5
2021-08-09,สมุทรสาคร,13.55,100.27,28.8,31.4,26.2,1.5,15.9
2021-08-10,สมุทรสาคร,13.55,100.27,29.3,31.7,26.8,2.0,21.7
2021-08-11,สมุทรสาคร,13.55,100.27,28.7,30.6,26.8,17.6,20.9
2021-08-12,สมุทรสาคร,13.55,100.27,28.6,30.1,27.5,5.5,24.1
2021-08-13,สมุทรสาคร,13.55,100.27,28.6,30.0,27.9,6.4,20.5
2021-08-14,สมุทรสาคร,13.55,100.27,28.3,29.2,27.2,7.0,18.4
2021-08-15,สมุทรสาคร,13.55,100.27,27.8,28.7,27.1,7.3,22.5
2021-08-16,สมุทรสาคร,13.55,100.27,27.5,28.8,26.7,8.4,22.5
2021-08-17,สมุทรสาคร,13.55,100.27,28.4,30.8,25.0,0.0,10.2
2021-08-18,สมุทรสาคร,13.55,100.27,29.1,32.7,25.8,0.0,15.3
2021-08-19,สมุทรสาคร,13.55,100.27,28.9,31.9,26.4,0.0,18.2
2021-08-20,สมุทรสาคร,13.55,100.27,29.1,30.9,26.2,0.4,13.4
2021-08-21,สมุทรสาคร,13.55,100.27,28.5,29.7,26.7,2.4,14.6
2021-08-22,สมุทรสาคร,13.55,100.27,28.7,30.3,26.9,5.1,15.6
2021-08-23,สมุทรสาคร,13.55,100.27,28.5,31.2,25.9,2.1,18.4
2021-08-24,สมุทรสาคร,13.55,100.27,28.4,30.7,25.8,9.6,16.9
2021-08-25,สมุทรสาคร,13.55,100.27,27.6,29.7,25.9,14.9,16.6
2021-08-26,สมุทรสาคร,13.55,100.27,27.1,29.3,25.6,18.8,18.9
2021-08-27,สมุทรสาคร,13.55,100.27,26.6,28.5,25.7,17.5,10.7
2021-08-28,สมุทรสาคร,13.55,100.27,27.3,29.0,26.0,5.5,17.9
2021-08-29,สมุทรสาคร,13.55,100.27,26.9,28.1,25.3,7.9,13.7
2021-08-30,สมุทรสาคร,13.55,100.27,27.8,29.4,25.8,1.0,10.0
2021-08-31,สมุทรสาคร,13.55,100.27,27.4,29.8,25.4,8.8,13.2
2021-09-01,สมุทรสาคร,13.55,100.27,26.8,28.9,25.2,7.7,8.9
2021-09-02,สมุทรสาคร,13.55,100.27,27.0,29.2,25.2,4.6,15.7
2021-09-03,สมุทรสาคร,13.55,100.27,27.3,29.0,25.7,5.0,19.7
2021-09-04,สมุทรสาคร,13.55,100.27,27.7,29.4,26.2,3.1,17.6
2021-09-05,สมุทรสาคร,13.55,100.27,27.1,28.7,26.1,7.8,9.3
2021-09-06,สมุทรสาคร,13.55,100.27,28.0,31.0,25.6,0.1,8.9
2021-09-07,สมุทรสาคร,13.55,100.27,27.3,29.1,25.8,18.7,16.7
2021-09-08,สมุทรสาคร,13.55,100.27,26.4,30.1,25.1,36.7,19.9
2021-09-09,สมุทรสาคร,13.55,100.27,27.2,29.0,25.7,8.9,22.1
2021-09-10,สมุทรสาคร,13.55,100.27,27.2,28.5,26.2,12.1,13.3
2021-09-11,สมุทรสาคร,13.55,100.27,27.5,29.1,26.2,5.0,13.7
2021-09-12,สมุทรสาคร,13.55,100.27,27.8,30.4,25.4,0.0,16.3
2021-09-13,สมุทรสาคร,13.55,100.27,28.6,31.5,25.7,0.2,18.4
2021-09-14,สมุทรสาคร,13.55,100.27,28.0,31.0,26.3,3.1,14.9
2021-09-15,สมุทรสาคร,13.55,100.27,27.0,27.9,25.7,2.7,15.5
2021-09-16,สมุทรสาคร,13.55,100.27,27.5,28.9,25.9,4.7,18.6
2021-09-17,สมุทรสาคร,13.55,100.27,28.3,29.5,26.6,0.0,15.9
2021-09-18,สมุทรสาคร,13.55,100.27,28.4,29.9,26.6,0.6,12.8
2021-09-19,สมุทรสาคร,13.55,100.27,27.9,30.6,25.8,7.4,9.0
2021-09-20,สมุทรสาคร,13.55,100.27,27.1,28.4,26.2,22.6,11.7
2021-09-21,สมุทรสาคร,13.55,100.27,26.2,27.9,25.2,37.4,18.7
2021-09-22,สมุทรสาคร,13.55,100.27,26.9,28.8,25.6,18.0,17.3
2021-09-23,สมุทรสาคร,13.55,100.27,27.2,29.6,25.5,5.9,16.7
2021-09-24,สมุทรสาคร,13.55,100.27,27.3,30.1,25.3,9.3,14.0
2021-09-25,สมุทรสาคร,13.55,100.27,26.7,28.4,25.7,13.7,14.0
2021-09-26,สมุทรสาคร,13.55,100.27,26.3,26.8,25.7,27.2,15.9
2021-09-27,สมุทรสาคร,13.55,100.27,26.8,28.7,25.2,13.2,10.6
2021-09-28,สมุทรสาคร,13.55,100.27,27.2,29.8,24.6,1.5,6.8
2021-09-29,สมุทรสาคร,13.55,100.27,28.2,31.2,25.3,0.9,11.8
2021-09-30,สมุทรสาคร,13.55,100.27,28.4,30.2,26.5,2.2,12.6
2021-10-01,สมุทรสาคร,13.55,100.27,28.9,30.2,27.6,0.1,15.1
2021-10-02,สมุทรสาคร,13.55,100.27,28.6,30.4,26.8,1.6,16.6
2021-10-03,สมุทรสาคร,13.55,100.27,27.5,30.7,25.1,8.0,10.0
2021-10-04,สมุทรสาคร,13.55,100.27,27.7,31.2,24.6,5.9,7.7
2021-10-05,สมุทรสาคร,13.55,100.27,28.3,31.9,24.5,1.7,14.8
2021-10-06,สมุทรสาคร,13.55,100.27,27.2,29.4,25.2,26.5,12.7
2021-10-07,สมุทรสาคร,13.55,100.27,27.2,30.0,24.8,7.8,11.5
2021-10-08,สมุทรสาคร,13.55,100.27,28.1,30.1,25.7,0.1,13.4
2021-10-09,สมุทรสาคร,13.55,100.27,28.3,30.0,27.2,0.5,17.1
2021-10-10,สมุทรสาคร,13.55,100.27,28.5,30.3,26.8,0.2,14.3
2021-10-11,สมุทรสาคร,13.55,100.27,28.4,29.7,27.6,2.9,14.6
2021-10-12,สมุทรสาคร,13.55,100.27,27.7,29.5,26.3,20.7,18.4
2021-10-13,สมุทรสาคร,13.55,100.27,27.6,30.1,25.3,4.8,11.9
2021-10-14,สมุทรสาคร,13.55,100.27,27.5,30.1,25.6,18.2,14.1
2021-10-15,สมุทรสาคร,13.55,100.27,27.2,28.9,25.3,7.1,17.1
2021-10-16,สมุทรสาคร,13.55,100.27,27.6,29.7,25.5,12.3,19.6
2021-10-17,สมุทรสาคร,13.55,100.27,24.5,25.5,23.5,49.3,17.6
2021-10-18,สมุทรสาคร,13.55,100.27,24.5,27.1,23.0,11.1,16.4
2021-10-19,สมุทรสาคร,13.55,100.27,26.1,29.1,22.5,0.0,10.2
2021-10-20,สมุทรสาคร,13.55,100.27,27.7,31.0,24.4,0.1,9.0
2021-10-21,สมุทรสาคร,13.55,100.27,27.7,30.1,25.6,8.5,16.7
2021-10-22,สมุทรสาคร,13.55,100.27,26.5,29.7,24.9,12.1,17.4
2021-10-23,สมุทรสาคร,13.55,100.27,25.7,28.4,23.7,31.0,18.4
2021-10-24,สมุทรสาคร,13.55,100.27,26.3,30.3,23.5,1.2,18.5
2021-10-25,สมุทรสาคร,13.55,100.27,26.9,30.5,23.7,0.0,13.4
2021-10-26,สมุทรสาคร,13.55,100.27,27.2,30.3,23.8,0.0,11.7
2021-10-27,สมุทรสาคร,13.55,100.27,27.3,31.0,24.1,0.0,13.8
2021-10-28,สมุทรสาคร,13.55,100.27,26.6,29.6,25.0,5.4,17.4
2021-10-29,สมุทรสาคร,13.55,100.27,26.8,29.3,24.5,10.8,12.4
2021-10-30,สมุทรสาคร,13.55,100.27,27.0,30.9,24.6,17.3,11.9
2021-10-31,สมุทรสาคร,13.55,100.27,26.2,28.6,24.6,4.6,10.6
2021-11-01,สมุทรสาคร,13.55,100.27,26.2,29.6,24.2,4.9,13.0
2021-11-02,สมุทรสาคร,13.55,100.27,26.3,29.8,24.4,13.9,14.8
2021-11-03,สมุทรสาคร,13.55,100.27,27.1,31.0,23.8,0.2,14.3
2021-11-04,สมุทรสาคร,13.55,100.27,27.9,31.4,24.5,0.1,11.1
2021-11-05,สมุทรสาคร,13.55,100.27,28.1,31.1,25.4,0.0,10.2
2021-11-06,สมุทรสาคร,13.55,100.27,27.6,30.1,25.6,2.5,14.8
2021-11-07,สมุทรสาคร,13.55,100.27,27.4,30.7,25.3,4.9,11.4
2021-11-08,สมุทรสาคร,13.55,100.27,26.8,30.2,24.9,20.3,16.1
2021-11-09,สมุทรสาคร,13.55,100.27,27.1,30.3,25.1,1.6,22.1
2021-11-10,สมุทรสาคร,13.55,100.27,26.8,29.7,24.5,0.0,12.3
2021-11-11,สมุทรสาคร,13.55,100.27,26.5,29.9,23.5,0.0,11.2
2021-11-12,สมุทรสาคร,13.55,100.27,26.7,29.3,24.9,1.0,18.4
2021-11-13,สมุทรสาคร,13.55,100.27,25.9,28.2,24.3,4.1,14.2
2021-11-14,สมุทรสาคร,13.55,100.27,25.9,28.8,23.7,1.0,14.9
2021-11-15,สมุทรสาคร,13.55,100.27,26.8,30.2,23.8,1.2,12.2
2021-11-16,สมุทรสาคร,13.55,100.27,26.5,29.8,24.3,9.4,16.7
2021-11-17,สมุทรสาคร,13.55,100.27,27.1,30.7,24.8,1.1,9.5
2021-11-18,สมุทรสาคร,13.55,100.27,26.6,29.2,24.4,9.0,18.9
2021-11-19,สมุทรสาคร,13.55,100.27,27.4,30.3,24.6,4.0,11.8
2021-11-20,สมุทรสาคร,13.55,100.27,28.1,30.1,25.2,0.4,8.0
2021-11-21,สมุทรสาคร,13.55,100.27,27.3,30.6,25.7,12.5,14.0
2021-11-22,สมุทรสาคร,13.55,100.27,27.5,31.0,25.1,9.9,10.2
2021-11-23,สมุทรสาคร,13.55,100.27,26.2,28.2,24.5,14.3,18.7
2021-11-24,สมุทรสาคร,13.55,100.27,25.7,29.3,23.2,0.0,16.2
2021-11-25,สมุทรสาคร,13.55,100.27,26.2,29.9,23.4,0.0,13.7
2021-11-26,สมุทรสาคร,13.55,100.27,26.4,30.4,23.1,0.0,18.3
2021-11-27,สมุทรสาคร,13.55,100.27,25.7,29.2,22.4,0.0,15.1
2021-11-28,สมุทรสาคร,13.55,100.27,25.4,28.8,22.0,0.0,17.3
2021-11-29,สมุทรสาคร,13.55,100.27,26.4,29.3,24.2,0.0,21.1
2021-11-30,สมุทรสาคร,13.55,100.27,24.8,26.8,23.9,0.5,21.9
2021-12-01,สมุทรสาคร,13.55,100.27,24.6,27.2,23.0,0.1,17.2
2021-12-02,สมุทรสาคร,13.55,100.27,24.6,29.2,20.7,0.0,15.1
2021-12-03,สมุทรสาคร,13.55,100.27,24.2,28.4,21.0,0.0,11.7
2021-12-04,สมุทรสาคร,13.55,100.27,22.7,26.4,18.6,0.0,12.1
2021-12-05,สมุทรสาคร,13.55,100.27,22.1,26.1,19.0,0.0,16.3
2021-12-06,สมุทรสาคร,13.55,100.27,23.3,28.2,19.1,0.0,15.5
2021-12-07,สมุทรสาคร,13.55,100.27,23.6,28.4,19.4,0.0,10.2
2021-12-08,สมุทรสาคร,13.55,100.27,23.5,28.3,19.2,0.0,15.7
2021-12-09,สมุทรสาคร,13.55,100.27,25.2,29.9,21.4,0.0,12.5
2021-12-10,สมุทรสาคร,13.55,100.27,25.9,30.0,22.5,0.0,10.9
2021-12-11,สมุทรสาคร,13.55,100.27,25.7,29.7,22.4,0.0,9.4
2021-12-12,สมุทรสาคร,13.55,100.27,25.0,28.9,21.6,0.0,9.7
2021-12-13,สมุทรสาคร,13.55,100.27,25.3,29.7,21.2,0.0,16.5
2021-12-14,สมุทรสาคร,13.55,100.27,24.8,28.5,21.5,0.0,14.3
2021-12-15,สมุทรสาคร,13.55,100.27,25.4,30.5,21.4,0.0,13.4
2021-12-16,สมุทรสาคร,13.55,100.27,25.9,31.0,22.1,0.0,13.4
2021-12-17,สมุทรสาคร,13.55,100.27,27.1,32.3,23.2,0.0,15.7
2021-12-18,สมุทรสาคร,13.55,100.27,27.4,30.8,24.9,0.0,16.6
2021-12-19,สมุทรสาคร,13.55,100.27,24.7,27.2,22.5,0.0,14.3
2021-12-20,สมุทรสาคร,13.55,100.27,23.7,28.3,20.0,0.0,11.5
2021-12-21,สมุทรสาคร,13.55,100.27,24.0,28.8,20.2,0.0,11.3
2021-12-22,สมุทรสาคร,13.55,100.27,24.8,29.9,20.4,0.0,11.7
2021-12-23,สมุทรสาคร,13.55,100.27,25.5,29.5,21.1,0.0,10.6
2021-12-24,สมุทรสาคร,13.55,100.27,25.9,28.4,22.1,0.9,14.9
2021-12-25,สมุทรสาคร,13.55,100.27,25.7,28.7,22.5,4.5,11.2
2021-12-26,สมุทรสาคร,13.55,100.27,25.5,29.2,21.7,1.3,17.8
2021-12-27,สมุทรสาคร,13.55,100.27,26.6,30.6,23.6,0.5,13.5
2021-12-28,สมุทรสาคร,13.55,100.27,26.4,30.3,23.3,0.1,14.5
2021-12-29,สมุทรสาคร,13.55,100.27,26.8,30.8,23.1,0.0,16.8
2021-12-30,สมุทรสาคร,13.55,100.27,26.6,30.6,24.0,0.0,14.2
2021-12-31,สมุทรสาคร,13.55,100.27,26.1,30.4,22.6,0.0,15.5
2022-01-01,สมุทรสาคร,13.55,100.27,25.1,29.3,21.6,0.0,10.5
2022-01-02,สมุทรสาคร,13.55,100.27,25.0,29.5,21.5,0.0,14.8
2022-01-03,สมุทรสาคร,13.55,100.27,25.5,30.4,22.2,0.0,11.0
2022-01-04,สมุทรสาคร,13.55,100.27,25.6,30.2,22.1,0.0,10.7
2022-01-05,สมุทรสาคร,13.55,100.27,26.0,30.7,22.2,0.0,13.0
2022-01-06,สมุทรสาคร,13.55,100.27,25.6,29.9,21.0,0.0,9.0
2022-01-07,สมุทรสาคร,13.55,100.27,25.8,30.3,21.9,0.0,10.9
2022-01-08,สมุทรสาคร,13.55,100.27,26.0,30.3,22.1,0.0,9.2
2022-01-09,สมุทรสาคร,13.55,100.27,25.6,30.0,21.8,0.0,13.3
2022-01-10,สมุทรสาคร,13.55,100.27,25.7,30.3,21.4,0.0,9.4
2022-01-11,สมุทรสาคร,13.55,100.27,25.8,29.8,20.7,0.0,14.0
2022-01-12,สมุทรสาคร,13.55,100.27,26.3,28.7,23.4,1.3,12.2
2022-01-13,สมุทรสาคร,13.55,100.27,26.6,28.9,23.7,0.1,15.3
2022-01-14,สมุทรสาคร,13.55,100.27,26.4,28.7,23.8,0.2,13.9
2022-01-15,สมุทรสาคร,13.55,100.27,26.3,28.8,22.9,0.0,11.8
2022-01-16,สมุทรสาคร,13.55,100.27,26.3,29.0,23.2,0.1,10.3
2022-01-17,สมุทรสาคร,13.55,100.27,26.5,29.9,22.6,0.0,11.9
2022-01-18,สมุทรสาคร,13.55,100.27,26.0,29.4,22.6,0.0,12.8
2022-01-19,สมุทรสาคร,13.55,100.27,26.0,30.5,22.6,0.0,18.2
2022-01-20,สมุทรสาคร,13.55,100.27,25.8,28.5,22.3,0.0,23.6
2022-01-21,สมุทรสาคร,13.55,100.27,25.1,26.9,22.1,18.7,22.8
2022-01-22,สมุทรสาคร,13.55,100.27,26.1,27.5,24.1,2.3,17.2
2022-01-23,สมุทรสาคร,13.55,100.27,25.9,28.4,22.8,0.8,15.6
2022-01-24,สมุทรสาคร,13.55,100.27,26.2,28.6,23.0,0.0,13.1
2022-01-25,สมุทรสาคร,13.55,100.27,26.2,29.5,22.0,0.0,11.9
2022-01-26,สมุทรสาคร,13.55,100.27,26.9,29.1,23.4,0.0,10.9
2022-01-27,สมุทรสาคร,13.55,100.27,27.0,29.2,24.9,1.0,13.8
2022-01-28,สมุทรสาคร,13.55,100.27,27.3,29.4,24.6,0.0,12.1
2022-01-29,สมุทรสาคร,13.55,100.27,28.1,31.7,25.5,0.0,18.3
2022-01-30,สมุทรสาคร,13.55,100.27,27.1,29.8,23.3,0.0,18.8
2022-01-31,สมุทรสาคร,13.55,100.27,26.9,29.4,23.6,0.0,18.7
2022-02-01,สมุทรสาคร,13.55,100.27,27.7,29.2,26.6,0.3,18.8
2022-02-02,สมุทรสาคร,13.55,100.27,27.4,28.9,25.4,0.5,20.3
2022-02-03,สมุทรสาคร,13.55,100.27,27.3,29.0,25.0,0.5,12.7
2022-02-04,สมุทรสาคร,13.55,100.27,26.8,29.3,23.9,2.2,14.8
2022-02-05,สมุทรสาคร,13.55,100.27,26.4,30.6,23.6,6.7,18.4
2022-02-06,สมุทรสาคร,13.55,100.27,26.8,30.7,23.3,0.0,15.1
2022-02-07,สมุทรสาคร,13.55,100.27,27.7,31.0,23.8,0.0,13.0
2022-02-08,สมุทรสาคร,13.55,100.27,28.0,31.4,24.2,0.0,13.7
2022-02-09,สมุทรสาคร,13.55,100.27,27.9,29.9,25.0,0.0,15.9
2022-02-10,สมุทรสาคร,13.55,100.27,27.8,29.6,24.7,5.3,15.3
2022-02-11,สมุทรสาคร,13.55,100.27,27.8,29.7,25.6,5.7,13.0
2022-02-12,สมุทรสาคร,13.55,100.27,26.9,29.7,25.0,2.0,14.5
2022-02-13,สมุทรสาคร,13.55,100.27,27.5,29.6,25.1,1.6,13.1
2022-02-14,สมุทรสาคร,13.55,100.27,27.1,29.1,24.6,3.7,12.3
2022-02-15,สมุทรสาคร,13.55,100.27,25.6,27.1,24.5,19.0,18.0
2022-02-16,สมุทรสาคร,13.55,100.27,25.5,28.1,23.1,3.7,13.5
2022-02-17,สมุทรสาคร,13.55,100.27,26.0,26.9,25.2,9.7,21.1
2022-02-18,สมุทรสาคร,13.55,100.27,26.7,28.0,24.5,6.6,18.5
2022-02-19,สมุทรสาคร,13.55,100.27,27.7,29.1,26.3,2.9,23.8
2022-02-20,สมุทรสาคร,13.55,100.27,28.1,29.5,26.0,0.1,20.3
2022-02-21,สมุทรสาคร,13.55,100.27,26.8,29.4,24.3,2.7,19.6
2022-02-22,สมุทรสาคร,13.55,100.27,25.0,28.4,22.1,1.5,15.6
2022-02-23,สมุทรสาคร,13.55,100.27,26.2,30.0,23.8,0.0,11.2
2022-02-24,สมุทรสาคร,13.55,100.27,25.4,29.3,21.6,0.0,15.9
2022-02-25,สมุทรสาคร,13.55,100.27,25.4,30.1,21.2,0.0,14.9
2022-02-26,สมุทรสาคร,13.55,100.27,25.7,30.6,21.5,0.0,14.3
2022-02-27,สมุทรสาคร,13.55,100.27,26.8,32.0,22.4,0.0,14.8
2022-02-28,สมุทรสาคร,13.55,100.27,27.1,31.0,22.8,0.0,12.6
2022-03-01,สมุทรสาคร,13.55,100.27,28.0,30.5,25.6,0.0,17.1
2022-03-02,สมุทรสาคร,13.55,100.27,28.2,30.2,26.6,0.0,16.9
2022-03-03,สมุทรสาคร,13.55,100.27,28.5,30.7,25.8,0.0,17.1
2022-03-04,สมุทรสาคร,13.55,100.27,28.2,31.0,24.7,0.0,16.4
2022-03-05,สมุทรสาคร,13.55,100.27,28.6,30.7,26.4,0.0,17.6
2022-03-06,สมุทรสาคร,13.55,100.27,28.9,30.7,27.5,0.0,22.7
2022-03-07,สมุทรสาคร,13.55,100.27,28.6,30.5,26.6,4.9,20.2
2022-03-08,สมุทรสาคร,13.55,100.27,26.8,30.3,24.2,11.2,18.5
2022-03-09,สมุทรสาคร,13.55,100.27,27.9,30.3,24.0,0.1,12.2
2022-03-10,สมุทรสาคร,13.55,100.27,28.6,30.7,26.6,0.0,16.2
2022-03-11,สมุทรสาคร,13.55,100.27,28.9,30.8,27.2,1.0,15.8
2022-03-12,สมุทรสาคร,13.55,100.27,29.2,31.3,27.2,0.0,13.9
2022-03-13,สมุทรสาคร,13.55,100.27,29.2,31.5,27.1,0.0,16.0
2022-03-14,สมุทรสาคร,13.55,100.27,29.3,31.2,27.7,0.0,23.8
2022-03-15,สมุทรสาคร,13.55,100.27,29.4,31.8,27.5,0.0,20.9
2022-03-16,สมุทรสาคร,13.55,100.27,29.1,30.6,27.8,0.6,20.1
2022-03-17,สมุทรสาคร,13.55,100.27,29.2,31.2,27.6,0.0,22.1
2022-03-18,สมุทรสาคร,13.55,100.27,28.7,31.2,26.1,1.7,19.0
2022-03-19,สมุทรสาคร,13.55,100.27,28.2,31.0,25.2,0.0,16.2
2022-03-20,สมุทรสาคร,13.55,100.27,28.3,29.9,26.0,10.7,20.0
2022-03-21,สมุทรสาคร,13.55,100.27,28.1,30.0,26.2,5.4,24.9
2022-03-22,สมุทรสาคร,13.55,100.27,27.7,29.4,26.3,5.3,22.7
2022-03-23,สมุทรสาคร,13.55,100.27,27.2,28.3,25.3,1.7,15.9
2022-03-24,สมุทรสาคร,13.55,100.27,28.1,29.9,26.9,4.2,15.2
2022-03-25,สมุทรสาคร,13.55,100.27,28.4,30.4,25.3,1.1,13.7
2022-03-26,สมุทรสาคร,13.55,100.27,29.4,31.1,27.3,0.0,15.7
2022-03-27,สมุทรสาคร,13.55,100.27,29.4,31.3,27.6,0.0,16.2
2022-03-28,สมุทรสาคร,13.55,100.27,28.9,30.9,26.7,1.1,13.5
2022-03-29,สมุทรสาคร,13.55,100.27,28.6,30.4,25.9,6.3,15.5
2022-03-30,สมุทรสาคร,13.55,100.27,28.2,30.1,26.2,1.4,12.1
2022-03-31,สมุทรสาคร,13.55,100.27,28.9,32.7,26.0,2.5,16.9
2022-04-01,สมุทรสาคร,13.55,100.27,28.9,32.7,25.2,0.1,19.3
2022-04-02,สมุทรสาคร,13.55,100.27,25.8,27.7,23.2,0.0,23.7
2022-04-03,สมุทรสาคร,13.55,100.27,22.5,24.5,20.2,0.5,20.2
2022-04-04,สมุทรสาคร,13.55,100.27,25.6,30.4,21.8,0.0,13.2
2022-04-05,สมุทรสาคร,13.55,100.27,27.7,31.9,22.8,0.0,12.8
2022-04-06,สมุทรสาคร,13.55,100.27,28.5,33.0,24.0,0.0,15.5
2022-04-07,สมุทรสาคร,13.55,100.27,29.6,33.6,26.4,0.8,17.3
2022-04-08,สมุทรสาคร,13.55,100.27,28.5,33.0,25.0,0.0,18.7
2022-04-09,สมุทรสาคร,13.55,100.27,28.0,31.4,24.1,0.0,18.1
2022-04-10,สมุทรสาคร,13.55,100.27,28.7,31.7,24.6,0.0,18.6
2022-04-11,สมุทรสาคร,13.55,100.27,28.9,30.4,26.7,0.4,16.7
2022-04-12,สมุทรสาคร,13.55,100.27,29.0,30.8,27.2,1.2,20.6
2022-04-13,สมุทรสาคร,13.55,100.27,29.7,32.4,26.8,0.0,22.7
2022-04-14,สมุทรสาคร,13.55,100.27,29.7,33.3,26.2,0.0,16.4
2022-04-15,สมุทรสาคร,13.55,100.27,29.3,32.1,25.3,0.0,17.7
2022-04-16,สมุทรสาคร,13.55,100.27,29.7,32.4,26.4,0.0,20.8
2022-04-17,สมุทรสาคร,13.55,100.27,29.7,30.9,28.6,3.6,18.4
2022-04-18,สมุทรสาคร,13.55,100.27,27.7,29.4,25.7,30.5,13.5
2022-04-19,สมุทรสาคร,13.55,100.27,27.4,30.0,24.9,9.6,14.7
2022-04-20,สมุทรสาคร,13.55,100.27,28.6,31.3,25.4,0.2,9.4
2022-04-21,สมุทรสาคร,13.55,100.27,28.5,30.4,26.1,1.0,20.9
2022-04-22,สมุทรสาคร,13.55,100.27,29.0,30.6,27.3,7.7,17.4
2022-04-23,สมุทรสาคร,13.55,100.27,29.7,31.2,27.7,0.1,19.5
2022-04-24,สมุทรสาคร,13.55,100.27,30.1,32.0,27.9,0.0,20.4
2022-04-25,สมุทรสาคร,13.55,100.27,30.1,31.8,28.9,0.5,23.5
2022-04-26,สมุทรสาคร,13.55,100.27,30.4,32.3,29.3,0.8,20.4
2022-04-27,สมุทรสาคร,13.55,100.27,30.6,33.4,27.3,0.0,17.7
2022-04-28,สมุทรสาคร,13.55,100.27,30.7,32.5,27.5,5.4,20.4
2022-04-29,สมุทรสาคร,13.55,100.27,28.9,31.7,25.4,3.2,11.8
2022-04-30,สมุทรสาคร,13.55,100.27,29.5,30.8,27.4,0.9,13.3
2022-05-01,สมุทรสาคร,13.55,100.27,29.0,31.3,27.1,5.2,16.7
2022-05-02,สมุทรสาคร,13.55,100.27,26.8,29.5,24.6,27.6,23.6
2022-05-03,สมุทรสาคร,13.55,100.27,25.2,27.1,23.5,0.0,15.3
2022-05-04,สมุทรสาคร,13.55,100.27,25.1,29.0,21.9,0.0,14.4
2022-05-05,สมุทรสาคร,13.55,100.27,27.3,30.5,24.0,0.0,10.5
2022-05-06,สมุทรสาคร,13.55,100.27,28.1,31.2,25.1,1.4,17.1
2022-05-07,สมุทรสาคร,13.55,100.27,27.7,30.8,25.6,2.5,16.4
2022-05-08,สมุทรสาคร,13.55,100.27,27.5,30.0,25.0,5.0,15.9
2022-05-09,สมุทรสาคร,13.55,100.27,27.7,30.3,25.6,8.8,17.2
2022-05-10,สมุทรสาคร,13.55,100.27,27.8,29.2,26.1,8.9,17.7
2022-05-11,สมุทรสาคร,13.55,100.27,28.0,29.5,26.7,12.1,16.3
2022-05-12,สมุทรสาคร,13.55,100.27,28.6,30.9,26.3,4.0,16.7
2022-05-13,สมุทรสาคร,13.55,100.27,29.3,31.3,26.5,0.0,15.2
2022-05-14,สมุทรสาคร,13.55,100.27,29.6,31.4,26.9,0.3,14.5
2022-05-15,สมุทรสาคร,13.55,100.27,29.8,32.0,27.7,1.0,16.3
2022-05-16,สมุทรสาคร,13.55,100.27,29.0,32.6,26.3,17.4,21.9
2022-05-17,สมุทรสาคร,13.55,100.27,27.3,29.8,25.2,29.3,12.7
2022-05-18,สมุทรสาคร,13.55,100.27,26.8,29.1,24.9,28.0,16.3
2022-05-19,สมุทรสาคร,13.55,100.27,28.5,30.1,26.9,4.2,21.4
2022-05-20,สมุทรสาคร,13.55,100.27,28.5,30.4,26.5,7.1,25.5
2022-05-21,สมุทรสาคร,13.55,100.27,27.9,29.2,26.7,7.1,23.3
2022-05-22,สมุทรสาคร,13.55,100.27,27.0,28.3,26.4,19.1,20.1
2022-05-23,สมุทรสาคร,13.55,100.27,28.2,30.5,25.5,0.9,16.7
2022-05-24,สมุทรสาคร,13.55,100.27,28.5,30.7,26.6,11.5,19.1
2022-05-25,สมุทรสาคร,13.55,100.27,28.2,30.6,26.0,1.4,21.0
2022-05-26,สมุทรสาคร,13.55,100.27,28.5,31.5,26.0,1.6,16.3
2022-05-27,สมุทรสาคร,13.55,100.27,29.1,31.5,27.4,3.5,16.6
2022-05-28,สมุทรสาคร,13.55,100.27,28.3,30.6,26.3,4.1,16.9
2022-05-29,สมุทรสาคร,13.55,100.27,28.7,31.0,27.0,2.0,15.2
2022-05-30,สมุทรสาคร,13.55,100.27,28.2,31.3,25.3,4.2,25.8
2022-05-31,สมุทรสาคร,13.55,100.27,28.2,30.8,25.8,6.7,14.9
2022-06-01,สมุทรสาคร,13.55,100.27,28.8,31.3,25.7,0.0,21.7
2022-06-02,สมุทรสาคร,13.55,100.27,28.8,30.6,26.6,2.7,21.2
2022-06-03,สมุทรสาคร,13.55,100.27,28.9,30.4,27.5,4.6,21.8
2022-06-04,สมุทรสาคร,13.55,100.27,28.5,30.0,27.3,7.8,22.2
2022-06-05,สมุทรสาคร,13.55,100.27,28.3,30.2,26.2,0.7,15.2
2022-06-06,สมุทรสาคร,13.55,100.27,28.2,30.3,25.2,0.2,17.0
2022-06-07,สมุทรสาคร,13.55,100.27,28.7,30.5,26.9,1.4,13.7
2022-06-08,สมุทรสาคร,13.55,100.27,28.6,30.7,26.9,0.8,15.5
2022-06-09,สมุทรสาคร,13.55,100.27,28.8,30.8,26.3,0.6,18.8
2022-06-10,สมุทรสาคร,13.55,100.27,28.9,31.4,26.2,0.0,17.3
2022-06-11,สมุทรสาคร,13.55,100.27,29.2,32.0,26.4,1.3,20.9
2022-06-12,สมุทรสาคร,13.55,100.27,29.4,32.4,26.5,0.1,18.0
2022-06-13,สมุทรสาคร,13.55,100.27,28.9,31.3,25.7,2.5,17.1
2022-06-14,สมุทรสาคร,13.55,100.27,29.4,31.5,27.5,2.2,19.2
2022-06-15,สมุทรสาคร,13.55,100.27,29.1,30.5,27.0,5.0,20.2
2022-06-16,สมุทรสาคร,13.55,100.27,29.2,30.6,27.6,4.8,15.1
2022-06-17,สมุทรสาคร,13.55,100.27,29.4,31.9,26.9,0.1,13.6
2022-06-18,สมุทรสาคร,13.55,100.27,29.6,32.2,26.7,0.0,13.0
2022-06-19,สมุทรสาคร,13.55,100.27,29.2,33.2,26.5,10.1,17.4
2022-06-20,สมุทรสาคร,13.55,100.27,29.1,33.0,26.2,0.0,22.0
2022-06-21,สมุทรสาคร,13.55,100.27,28.4,32.3,26.4,16.6,26.1
2022-06-22,สมุทรสาคร,13.55,100.27,28.4,30.9,26.1,0.4,18.4
2022-06-23,สมุทรสาคร,13.55,100.27,28.4,31.2,25.6,8.3,20.7
2022-06-24,สมุทรสาคร,13.55,100.27,28.0,30.0,25.2,25.5,19.7
2022-06-25,สมุทรสาคร,13.55,100.27,28.0,29.8,25.8,9.0,15.5
2022-06-26,สมุทรสาคร,13.55,100.27,28.1,30.4,26.7,6.8,21.1
2022-06-27,สมุทรสาคร,13.55,100.27,28.4,30.0,27.2,6.3,16.4
2022-06-28,สมุทรสาคร,13.55,100.27,28.4,32.1,25.5,6.4,14.3
2022-06-29,สมุทรสาคร,13.55,100.27,28.9,31.5,26.3,0.0,18.6
2022-06-30,สมุทรสาคร,13.55,100.27,28.9,32.1,26.6,3.9,26.0
2022-07-01,สมุทรสาคร,13.55,100.27,29.1,31.2,27.1,7.0,19.8
2022-07-02,สมุทรสาคร,13.55,100.27,28.5,30.0,26.7,6.5,19.7
2022-07-03,สมุทรสาคร,13.55,100.27,28.5,29.9,27.1,0.8,17.0
2022-07-04,สมุทรสาคร,13.55,100.27,28.5,30.3,27.5,5.9,22.9
2022-07-05,สมุทรสาคร,13.55,100.27,28.9,31.0,27.1,10.0,20.5
2022-07-06,สมุทรสาคร,13.55,100.27,28.6,30.6,26.2,0.8,18.9
2022-07-07,สมุทรสาคร,13.55,100.27,28.6,30.6,26.7,0.5,19.6
2022-07-08,สมุทรสาคร,13.55,100.27,28.2,30.6,26.5,6.7,22.1
2022-07-09,สมุทรสาคร,13.55,100.27,27.4,29.2,26.1,6.3,19.6
2022-07-10,สมุทรสาคร,13.55,100.27,27.8,29.9,25.7,3.2,16.7
2022-07-11,สมุทรสาคร,13.55,100.27,28.1,30.0,26.2,1.9,16.4
2022-07-12,สมุทรสาคร,13.55,100.27,27.8,29.9,26.4,2.3,19.8
2022-07-13,สมุทรสาคร,13.55,100.27,26.9,29.0,25.9,4.2,20.2
2022-07-14,สมุทรสาคร,13.55,100.27,27.6,30.7,25.5,14.3,18.4
2022-07-15,สมุทรสาคร,13.55,100.27,28.0,29.8,25.8,1.2,15.5
2022-07-16,สมุทรสาคร,13.55,100.27,27.9,30.3,25.7,3.2,23.1
2022-07-17,สมุทรสาคร,13.55,100.27,28.1,30.4,25.6,2.0,13.7
2022-07-18,สมุทรสาคร,13.55,100.27,29.0,31.8,26.2,5.9,14.8
2022-07-19,สมุทรสาคร,13.55,100.27,29.3,33.4,26.4,2.2,16.6
2022-07-20,สมุทรสาคร,13.55,100.27,28.2,32.2,25.9,24.5,15.6
2022-07-21,สมุทรสาคร,13.55,100.27,26.7,28.6,25.7,31.5,17.4
2022-07-22,สมุทรสาคร,13.55,100.27,27.7,29.0,26.4,11.1,20.6
2022-07-23,สมุทรสาคร,13.55,100.27,28.0,29.8,26.3,4.0,20.0
2022-07-24,สมุทรสาคร,13.55,100.27,27.8,30.1,24.5,8.4,11.5
2022-07-25,สมุทรสาคร,13.55,100.27,28.0,30.0,25.4,3.4,8.6
2022-07-26,สมุทรสาคร,13.55,100.27,29.0,31.4,26.1,0.0,13.7
2022-07-27,สมุทรสาคร,13.55,100.27,29.6,30.8,27.3,2.0,17.0
2022-07-28,สมุทรสาคร,13.55,100.27,28.5,29.9,26.3,5.6,15.9
2022-07-29,สมุทรสาคร,13.55,100.27,29.1,30.6,27.9,0.3,17.3
2022-07-30,สมุทรสาคร,13.55,100.27,28.9,31.1,26.0,0.7,15.9
2022-07-31,สมุทรสาคร,13.55,100.27,28.3,31.5,26.5,17.1,18.9
2022-08-01,สมุทรสาคร,13.55,100.27,27.6,29.8,26.2,25.1,17.2
2022-08-02,สมุทรสาคร,13.55,100.27,27.5,29.3,25.9,6.4,26.9
2022-08-03,สมุทรสาคร,13.55,100.27,28.3,29.9,26.7,7.0,20.5
2022-08-04,สมุทรสาคร,13.55,100.27,28.1,30.5,26.8,2.2,24.0
2022-08-05,สมุทรสาคร,13.55,100.27,28.2,30.0,26.7,3.5,15.2
2022-08-06,สมุทรสาคร,13.55,100.27,28.7,31.4,26.8,1.7,23.2
2022-08-07,สมุทรสาคร,13.55,100.27,28.2,31.1,26.6,7.9,17.9
2022-08-08,สมุทรสาคร,13.55,100.27,26.8,28.0,25.9,16.8,12.1
2022-08-09,สมุทรสาคร,13.55,100.27,26.7,27.9,25.1,7.7,13.0
2022-08-10,สมุทรสาคร,13.55,100.27,28.1,30.9,25.4,0.2,19.8
2022-08-11,สมุทรสาคร,13.55,100.27,27.8,30.3,26.1,9.3,19.5
2022-08-12,สมุทรสาคร,13.55,100.27,27.4,30.1,25.6,14.5,17.2
2022-08-13,สมุทรสาคร,13.55,100.27,27.8,29.9,25.5,1.2,16.6
2022-08-14,สมุทรสาคร,13.55,100.27,28.4,30.4,25.7,0.4,13.3
2022-08-15,สมุทรสาคร,13.55,100.27,27.9,31.2,25.9,26.7,17.0
2022-08-16,สมุทรสาคร,13.55,100.27,27.2,28.9,25.8,8.3,15.9
2022-08-17,สมุทรสาคร,13.55,100.27,28.3,30.5,26.4,2.8,18.7
2022-08-18,สมุทรสาคร,13.55,100.27,28.2,30.4,26.1,1.0,17.7
2022-08-19,สมุทรสาคร,13.55,100.27,28.2,30.5,25.8,4.1,16.8
2022-08-20,สมุทรสาคร,13.55,100.27,27.8,30.4,26.5,15.1,15.6
2022-08-21,สมุทรสาคร,13.55,100.27,28.1,30.0,26.2,1.7,17.3
2022-08-22,สมุทรสาคร,13.55,100.27,28.4,30.2,27.3,2.9,16.6
2022-08-23,สมุทรสาคร,13.55,100.27,28.0,30.0,24.9,0.0,20.2
2022-08-24,สมุทรสาคร,13.55,100.27,28.6,31.8,26.2,0.1,23.8
2022-08-25,สมุทรสาคร,13.55,100.27,27.5,29.5,25.9,20.5,20.1
2022-08-26,สมุทรสาคร,13.55,100.27,27.5,29.1,25.9,12.6,24.1
2022-08-27,สมุทรสาคร,13.55,100.27,27.8,29.2,26.1,1.6,18.6
2022-08-28,สมุทรสาคร,13.55,100.27,28.4,30.5,25.4,0.4,14.8
2022-08-29,สมุทรสาคร,13.55,100.27,26.4,28.2,25.4,12.5,14.3
2022-08-30,สมุทรสาคร,13.55,100.27,27.6,30.4,24.6,0.1,10.2
2022-08-31,สมุทรสาคร,13.55,100.27,28.6,30.6,26.3,0.2,11.7
2022-09-01,สมุทรสาคร,13.55,100.27,28.9,31.0,26.3,1.0,10.7
2022-09-02,สมุทรสาคร,13.55,100.27,28.9,31.3,25.9,3.9,14.5
2022-09-03,สมุทรสาคร,13.55,100.27,28.6,31.2,26.1,8.5,15.0
2022-09-04,สมุทรสาคร,13.55,100.27,28.4,30.8,26.7,17.0,25.5
2022-09-05,สมุทรสาคร,13.55,100.27,27.7,29.5,26.4,13.2,17.7
2022-09-06,สมุทรสาคร,13.55,100.27,27.7,30.0,26.4,8.3,20.3
2022-09-07,สมุทรสาคร,13.55,100.27,26.2,27.9,24.6,32.0,12.1
2022-09-08,สมุทรสาคร,13.55,100.27,25.8,28.2,24.7,28.1,15.6
2022-09-09,สมุทรสาคร,13.55,100.27,26.9,29.2,24.8,9.8,11.8
2022-09-10,สมุทรสาคร,13.55,100.27,26.7,30.3,24.1,21.9,15.5
2022-09-11,สมุทรสาคร,13.55,100.27,27.9,31.2,24.7,2.0,13.4
2022-09-12,สมุทรสาคร,13.55,100.27,27.4,30.1,25.2,7.2,9.3
2022-09-13,สมุทรสาคร,13.55,100.27,27.8,30.6,25.3,6.7,8.7
2022-09-14,สมุทรสาคร,13.55,100.27,27.5,30.3,25.2,7.7,17.8
2022-09-15,สมุทรสาคร,13.55,100.27,27.7,30.3,25.3,3.8,14.4
2022-09-16,สมุทรสาคร,13.55,100.27,28.0,30.8,25.7,2.5,16.0
2022-09-17,สมุทรสาคร,13.55,100.27,28.0,30.5,26.4,7.2,17.7
2022-09-18,สมุทรสาคร,13.55,100.27,27.5,29.0,26.0,13.5,18.2
2022-09-19,สมุทรสาคร,13.55,100.27,26.8,28.8,25.2,13.8,14.1
2022-09-20,สมุทรสาคร,13.55,100.27,28.0,31.2,25.7,1.0,16.4
2022-09-21,สมุทรสาคร,13.55,100.27,27.4,31.2,24.9,20.1,18.6
2022-09-22,สมุทรสาคร,13.55,100.27,26.8,29.3,24.9,14.8,11.9
2022-09-23,สมุทรสาคร,13.55,100.27,26.3,28.0,24.7,11.0,8.8
2022-09-24,สมุทรสาคร,13.55,100.27,26.4,29.3,24.3,16.0,10.7
2022-09-25,สมุทรสาคร,13.55,100.27,26.1,28.4,24.4,15.4,10.7
2022-09-26,สมุทรสาคร,13.55,100.27,25.9,28.2,24.3,43.2,8.7
2022-09-27,สมุทรสาคร,13.55,100.27,26.4,28.8,25.2,22.8,13.8
2022-09-28,สมุทรสาคร,13.55,100.27,27.0,29.9,24.9,0.6,23.3
2022-09-29,สมุทรสาคร,13.55,100.27,26.4,27.4,25.1,15.8,16.9
2022-09-30,สมุทรสาคร,13.55,100.27,27.9,30.1,25.9,3.6,19.8
2022-10-01,สมุทรสาคร,13.55,100.27,28.0,29.7,26.6,6.4,17.4
2022-10-02,สมุทรสาคร,13.55,100.27,27.3,29.8,25.3,3.7,11.8
2022-10-03,สมุทรสาคร,13.55,100.27,25.5,28.0,24.3,33.8,12.5
2022-10-04,สมุทรสาคร,13.55,100.27,26.2,29.0,24.0,9.3,16.1
2022-10-05,สมุทรสาคร,13.55,100.27,26.2,28.1,24.4,13.4,15.2
2022-10-06,สมุทรสาคร,13.55,100.27,26.1,28.2,24.5,14.9,10.3
2022-10-07,สมุทรสาคร,13.55,100.27,26.1,29.8,24.2,18.6,13.8
2022-10-08,สมุทรสาคร,13.55,100.27,26.4,28.6,24.2,11.1,9.8
2022-10-09,สมุทรสาคร,13.55,100.27,26.4,29.9,24.7,4.2,9.0
2022-10-10,สมุทรสาคร,13.55,100.27,25.6,27.9,23.9,21.9,18.1
2022-10-11,สมุทรสาคร,13.55,100.27,25.6,28.2,23.6,13.8,17.2
2022-10-12,สมุทรสาคร,13.55,100.27,26.7,30.4,23.7,3.7,9.2
2022-10-13,สมุทรสาคร,13.55,100.27,27.6,31.8,24.2,0.0,13.9
2022-10-14,สมุทรสาคร,13.55,100.27,27.3,30.9,24.0,0.0,9.4
2022-10-15,สมุทรสาคร,13.55,100.27,25.8,29.8,22.1,0.0,23.6
2022-10-16,สมุทรสาคร,13.55,100.27,23.3,25.2,21.9,0.2,17.5
2022-10-17,สมุทรสาคร,13.55,100.27,25.8,29.1,23.0,0.5,15.3
2022-10-18,สมุทรสาคร,13.55,100.27,26.3,30.2,22.5,0.0,17.2
2022-10-19,สมุทรสาคร,13.55,100.27,26.6,30.4,23.1,0.0,16.1
2022-10-20,สมุทรสาคร,13.55,100.27,26.6,29.6,24.0,0.0,17.3
2022-10-21,สมุทรสาคร,13.55,100.27,26.3,29.3,24.5,8.0,13.8
2022-10-22,สมุทรสาคร,13.55,100.27,26.2,28.9,24.0,10.8,10.6
2022-10-23,สมุทรสาคร,13.55,100.27,26.5,29.8,23.6,8.5,11.7
2022-10-24,สมุทรสาคร,13.55,100.27,27.6,31.3,24.3,0.0,11.6
2022-10-25,สมุทรสาคร,13.55,100.27,28.3,32.0,24.9,0.0,10.8
2022-10-26,สมุทรสาคร,13.55,100.27,28.3,30.6,26.3,0.4,11.3
2022-10-27,สมุทรสาคร,13.55,100.27,27.0,28.6,24.5,5.0,16.1
2022-10-28,สมุทรสาคร,13.55,100.27,27.2,30.0,25.0,8.4,8.6
2022-10-29,สมุทรสาคร,13.55,100.27,27.8,31.5,24.1,0.0,14.5
2022-10-30,สมุทรสาคร,13.55,100.27,27.5,31.2,23.9,0.0,13.7
2022-10-31,สมุทรสาคร,13.55,100.27,27.5,30.6,24.1,0.1,10.1
2022-11-01,สมุทรสาคร,13.55,100.27,26.7,30.3,22.9,0.0,16.9
2022-11-02,สมุทรสาคร,13.55,100.27,26.2,29.9,22.1,0.0,12.4
2022-11-03,สมุทรสาคร,13.55,100.27,26.4,29.8,21.4,0.0,14.1
2022-11-04,สมุทรสาคร,13.55,100.27,25.8,31.1,21.4,0.0,14.0
2022-11-05,สมุทรสาคร,13.55,100.27,26.1,30.6,21.8,0.0,14.3
2022-11-06,สมุทรสาคร,13.55,100.27,26.9,30.6,24.3,0.9,11.6
2022-11-07,สมุทรสาคร,13.55,100.27,27.6,30.9,23.7,0.1,10.9
2022-11-08,สมุทรสาคร,13.55,100.27,28.0,31.6,24.2,0.0,12.8
2022-11-09,สมุทรสาคร,13.55,100.27,26.4,30.0,22.8,0.0,8.9
2022-11-10,สมุทรสาคร,13.55,100.27,27.0,31.5,23.3,0.0,15.9
2022-11-11,สมุทรสาคร,13.55,100.27,28.2,32.8,24.6,0.0,20.0
2022-11-12,สมุทรสาคร,13.55,100.27,28.5,32.5,25.1,0.0,15.2
2022-11-13,สมุทรสาคร,13.55,100.27,28.3,31.9,25.3,0.5,18.0
2022-11-14,สมุทรสาคร,13.55,100.27,25.9,27.1,24.7,9.4,10.0
2022-11-15,สมุทรสาคร,13.55,100.27,26.7,29.8,23.8,0.2,13.1
2022-11-16,สมุทรสาคร,13.55,100.27,26.8,30.4,24.6,3.8,10.0
2022-11-17,สมุทรสาคร,13.55,100.27,26.7,29.1,24.4,1.0,15.1
2022-11-18,สมุทรสาคร,13.55,100.27,26.9,28.8,24.6,1.0,10.4
2022-11-19,สมุทรสาคร,13.55,100.27,27.0,31.4,23.8,0.7,14.2
2022-11-20,สมุทรสาคร,13.55,100.27,26.6,30.5,24.2,10.2,16.2
2022-11-21,สมุทรสาคร,13.55,100.27,27.1,30.5,24.6,7.7,12.9
2022-11-22,สมุทรสาคร,13.55,100.27,28.1,31.9,25.2,0.0,11.5
2022-11-23,สมุทรสาคร,13.55,100.27,26.8,29.9,25.0,31.7,11.3
2022-11-24,สมุทรสาคร,13.55,100.27,25.4,27.0,24.2,28.1,13.5
2022-11-25,สมุทรสาคร,13.55,100.27,26.3,28.2,24.6,13.2,15.6
2022-11-26,สมุทรสาคร,13.55,100.27,26.1,28.1,23.9,13.4,15.5
2022-11-27,สมุทรสาคร,13.55,100.27,26.6,28.2,24.7,3.7,12.0
2022-11-28,สมุทรสาคร,13.55,100.27,27.7,29.6,25.4,0.7,9.4
2022-11-29,สมุทรสาคร,13.55,100.27,27.2,29.7,25.7,6.7,9.7
2022-11-30,สมุทรสาคร,13.55,100.27,26.7,30.5,24.6,8.3,17.7
2022-12-01,สมุทรสาคร,13.55,100.27,27.0,30.6,24.2,0.9,12.7
2022-12-02,สมุทรสาคร,13.55,100.27,27.1,30.3,23.9,0.5,15.1
2022-12-03,สมุทรสาคร,13.55,100.27,26.5,29.8,23.9,1.0,19.4
2022-12-04,สมุทรสาคร,13.55,100.27,27.0,29.9,24.2,0.0,18.0
2022-12-05,สมุทรสาคร,13.55,100.27,26.9,30.1,24.8,2.8,17.7
2022-12-06,สมุทรสาคร,13.55,100.27,27.2,30.6,24.8,0.4,20.0
2022-12-07,สมุทรสาคร,13.55,100.27,27.1,30.1,24.7,0.8,13.9
2022-12-08,สมุทรสาคร,13.55,100.27,26.9,30.6,23.5,0.0,10.0
2022-12-09,สมุทรสาคร,13.55,100.27,27.0,29.5,24.0,0.0,11.9
2022-12-10,สมุทรสาคร,13.55,100.27,27.2,30.4,23.9,0.2,10.1
2022-12-11,สมุทรสาคร,13.55,100.27,27.2,30.6,23.6,0.0,12.2
2022-12-12,สมุทรสาคร,13.55,100.27,27.1,31.0,23.3,0.0,14.7
2022-12-13,สมุทรสาคร,13.55,100.27,25.3,28.5,23.0,0.0,16.9
2022-12-14,สมุทรสาคร,13.55,100.27,23.5,27.6,19.3,0.0,15.5
2022-12-15,สมุทรสาคร,13.55,100.27,23.4,28.3,19.4,0.0,11.8
2022-12-16,สมุทรสาคร,13.55,100.27,24.6,29.3,20.0,0.0,12.3
2022-12-17,สมุทรสาคร,13.55,100.27,26.0,30.8,22.5,1.0,20.9
2022-12-18,สมุทรสาคร,13.55,100.27,22.9,25.8,20.4,0.0,25.1
2022-12-19,สมุทรสาคร,13.55,100.27,21.8,25.6,18.4,0.0,14.8
2022-12-20,สมุทรสาคร,13.55,100.27,22.8,27.4,18.7,0.0,14.5
2022-12-21,สมุทรสาคร,13.55,100.27,24.2,29.3,20.1,0.0,14.1
2022-12-22,สมุทรสาคร,13.55,100.27,24.3,28.1,20.4,0.0,9.7
2022-12-23,สมุทรสาคร,13.55,100.27,24.8,28.6,20.9,0.0,14.1
2022-12-24,สมุทรสาคร,13.55,100.27,25.2,29.1,21.9,0.0,15.2
2022-12-25,สมุทรสาคร,13.55,100.27,24.1,28.8,21.0,0.0,16.9
2022-12-26,สมุทรสาคร,13.55,100.27,24.1,28.5,20.2,0.0,12.3
2022-12-27,สมุทรสาคร,13.55,100.27,23.6,28.1,19.6,0.0,8.6
2022-12-28,สมุทรสาคร,13.55,100.27,23.9,28.8,18.7,0.0,10.7
2022-12-29,สมุทรสาคร,13.55,100.27,24.5,29.3,20.6,0.0,9.7
2022-12-30,สมุทรสาคร,13.55,100.27,24.3,29.1,20.7,0.0,12.1
2022-12-31,สมุทรสาคร,13.55,100.27,23.9,28.3,20.0,0.0,11.1
2023-01-01,สมุทรสาคร,13.55,100.27,23.5,27.6,19.9,0.0,14.4
2023-01-02,สมุทรสาคร,13.55,100.27,23.7,28.7,19.5,0.0,13.0
2023-01-03,สมุทรสาคร,13.55,100.27,25.0,29.6,20.8,0.0,16.0
2023-01-04,สมุทรสาคร,13.55,100.27,25.9,29.5,22.8,0.0,13.9
2023-01-05,สมุทรสาคร,13.55,100.27,25.4,29.6,21.9,0.0,14.4
2023-01-06,สมุทรสาคร,13.55,100.27,25.6,29.3,21.9,0.0,14.7
2023-01-07,สมุทรสาคร,13.55,100.27,24.5,27.7,22.1,0.0,14.3
2023-01-08,สมุทรสาคร,13.55,100.27,25.0,27.9,22.6,0.0,14.6
2023-01-09,สมุทรสาคร,13.55,100.27,26.1,30.2,22.4,0.0,15.2
2023-01-10,สมุทรสาคร,13.55,100.27,26.7,29.6,23.9,0.1,15.1
2023-01-11,สมุทรสาคร,13.55,100.27,25.6,28.4,23.6,0.7,15.9
2023-01-12,สมุทรสาคร,13.55,100.27,25.3,28.1,22.8,0.0,14.1
2023-01-13,สมุทรสาคร,13.55,100.27,25.9,27.8,23.7,2.4,11.5
2023-01-14,สมุทรสาคร,13.55,100.27,26.5,28.8,23.6,1.4,13.8
2023-01-15,สมุทรสาคร,13.55,100.27,26.2,30.8,22.3,0.0,14.4
2023-01-16,สมุทรสาคร,13.55,100.27,25.4,29.0,21.4,0.0,9.2
2023-01-17,สมุทรสาคร,13.55,100.27,26.2,29.3,22.6,0.4,10.9
2023-01-18,สมุทรสาคร,13.55,100.27,26.8,31.2,23.9,0.0,20.0
2023-01-19,สมุทรสาคร,13.55,100.27,25.7,30.1,22.2,0.0,13.6
2023-01-20,สมุทรสาคร,13.55,100.27,24.8,29.8,21.0,0.0,13.2
2023-01-21,สมุทรสาคร,13.55,100.27,25.0,30.7,20.6,0.0,14.2
2023-01-22,สมุทรสาคร,13.55,100.27,24.4,30.7,19.1,0.0,12.8
2023-01-23,สมุทรสาคร,13.55,100.27,25.3,31.2,20.7,0.0,12.5
2023-01-24,สมุทรสาคร,13.55,100.27,26.2,31.6,21.3,0.0,21.7
2023-01-25,สมุทรสาคร,13.55,100.27,24.1,27.7,21.1,0.0,25.4
2023-01-26,สมุทรสาคร,13.55,100.27,24.2,29.3,19.6,0.0,9.7
2023-01-27,สมุทรสาคร,13.55,100.27,25.6,30.6,20.7,0.0,18.7
2023-01-28,สมุทรสาคร,13.55,100.27,24.9,29.2,21.2,0.0,21.1
2023-01-29,สมุทรสาคร,13.55,100.27,23.2,27.9,19.3,0.0,13.2
2023-01-30,สมุทรสาคร,13.55,100.27,21.9,26.7,18.1,0.0,16.2
2023-01-31,สมุทรสาคร,13.55,100.27,22.7,27.6,18.6,0.0,11.9
2023-02-01,สมุทรสาคร,13.55,100.27,24.4,29.1,19.9,0.0,9.1
2023-02-02,สมุทรสาคร,13.55,100.27,26.0,30.0,21.8,0.0,13.5
2023-02-03,สมุทรสาคร,13.55,100.27,26.5,29.2,24.4,1.9,16.7
2023-02-04,สมุทรสาคร,13.55,100.27,26.5,29.3,23.9,3.4,15.8
2023-02-05,สมุทรสาคร,13.55,100.27,26.5,29.4,23.7,0.0,15.9
2023-02-06,สมุทรสาคร,13.55,100.27,26.7,29.3,23.5,0.0,15.9
2023-02-07,สมุทรสาคร,13.55,100.27,27.1,29.0,25.5,0.0,17.3
2023-02-08,สมุทรสาคร,13.55,100.27,27.2,29.3,25.6,0.0,14.5
2023-02-09,สมุทรสาคร,13.55,100.27,27.3,29.2,25.9,0.1,16.8
2023-02-10,สมุทรสาคร,13.55,100.27,27.5,29.7,25.8,0.2,19.1
2023-02-11,สมุทรสาคร,13.55,100.27,27.7,29.7,25.8,0.0,18.1
2023-02-12,สมุทรสาคร,13.55,100.27,27.6,29.7,25.7,0.0,18.8
2023-02-13,สมุทรสาคร,13.55,100.27,27.7,29.6,26.2,0.0,18.1
2023-02-14,สมุทรสาคร,13.55,100.27,27.8,29.8,26.3,0.0,16.6
2023-02-15,สมุทรสาคร,13.55,100.27,25.8,27.5,24.1,28.0,26.6
2023-02-16,สมุทรสาคร,13.55,100.27,25.7,29.6,23.0,1.7,20.5
2023-02-17,สมุทรสาคร,13.55,100.27,25.8,29.3,23.3,0.0,16.8
2023-02-18,สมุทรสาคร,13.55,100.27,26.1,30.4,23.1,0.0,19.2
2023-02-19,สมุทรสาคร,13.55,100.27,26.8,31.9,22.2,0.0,11.3
2023-02-20,สมุทรสาคร,13.55,100.27,27.1,30.8,24.3,0.0,19.4
2023-02-21,สมุทรสาคร,13.55,100.27,26.8,31.6,22.5,0.0,15.7
2023-02-22,สมุทรสาคร,13.55,100.27,26.7,31.9,22.2,0.0,18.3
2023-02-23,สมุทรสาคร,13.55,100.27,27.1,31.3,23.1,0.0,9.5
2023-02-24,สมุทรสาคร,13.55,100.27,27.2,32.3,20.8,0.0,9.4
2023-02-25,สมุทรสาคร,13.55,100.27,27.6,32.4,24.0,0.0,23.7
2023-02-26,สมุทรสาคร,13.55,100.27,25.5,28.9,22.4,0.0,22.9
2023-02-27,สมุทรสาคร,13.55,100.27,24.6,30.0,20.6,0.0,16.2
2023-02-28,สมุทรสาคร,13.55,100.27,25.5,30.8,21.2,0.0,13.1
2023-03-01,สมุทรสาคร,13.55,100.27,26.8,31.5,21.9,0.0,13.7
2023-03-02,สมุทรสาคร,13.55,100.27,27.5,32.3,23.4,0.0,12.3
2023-03-03,สมุทรสาคร,13.55,100.27,26.9,31.9,23.1,0.0,8.5
2023-03-04,สมุทรสาคร,13.55,100.27,26.3,31.6,23.1,0.0,17.3
2023-03-05,สมุทรสาคร,13.55,100.27,26.3,30.8,22.5,0.0,18.5
2023-03-06,สมุทรสาคร,13.55,100.27,26.3,30.5,22.7,0.0,17.5
2023-03-07,สมุทรสาคร,13.55,100.27,26.5,30.2,21.5,0.0,16.3
2023-03-08,สมุทรสาคร,13.55,100.27,27.1,30.1,23.5,0.1,15.2
2023-03-09,สมุทรสาคร,13.55,100.27,27.5,29.5,25.6,0.0,14.8
2023-03-10,สมุทรสาคร,13.55,100.27,27.3,29.3,25.4,1.4,12.2
2023-03-11,สมุทรสาคร,13.55,100.27,27.8,29.5,26.3,0.0,16.3
2023-03-12,สมุทรสาคร,13.55,100.27,28.0,29.9,26.8,0.5,17.0
2023-03-13,สมุทรสาคร,13.55,100.27,27.1,30.2,24.0,4.5,15.1
2023-03-14,สมุทรสาคร,13.55,100.27,26.8,30.6,23.9,0.0,15.0
2023-03-15,สมุทรสาคร,13.55,100.27,27.1,29.4,24.3,0.0,17.9
2023-03-16,สมุทรสาคร,13.55,100.27,27.7,29.6,25.7,0.1,17.3
2023-03-17,สมุทรสาคร,13.55,100.27,27.8,29.9,26.3,0.0,18.2
2023-03-18,สมุทรสาคร,13.55,100.27,27.9,29.8,26.2,0.1,18.8
2023-03-19,สมุทรสาคร,13.55,100.27,28.3,30.1,26.8,0.0,19.9
2023-03-20,สมุทรสาคร,13.55,100.27,28.5,30.3,26.9,0.2,20.0
2023-03-21,สมุทรสาคร,13.55,100.27,28.7,30.6,27.2,0.0,22.7
2023-03-22,สมุทรสาคร,13.55,100.27,28.8,30.8,27.0,0.1,23.0
2023-03-23,สมุทรสาคร,13.55,100.27,29.1,31.0,27.8,0.0,21.2
2023-03-24,สมุทรสาคร,13.55,100.27,29.1,31.4,27.2,0.0,20.7
2023-03-25,สมุทรสาคร,13.55,100.27,29.1,31.1,27.6,0.0,24.7
2023-03-26,สมุทรสาคร,13.55,100.27,29.2,31.0,27.8,0.0,21.4
2023-03-27,สมุทรสาคร,13.55,100.27,29.2,31.1,27.7,0.1,20.8
2023-03-28,สมุทรสาคร,13.55,100.27,29.2,31.2,27.8,0.0,24.9
2023-03-29,สมุทรสาคร,13.55,100.27,28.8,31.0,26.5,0.0,23.7
2023-03-30,สมุทรสาคร,13.55,100.27,29.2,31.1,27.8,0.2,23.5
2023-03-31,สมุทรสาคร,13.55,100.27,29.4,31.3,27.2,0.0,26.4
2023-04-01,สมุทรสาคร,13.55,100.27,29.4,30.9,28.2,1.3,23.0
2023-04-02,สมุทรสาคร,13.55,100.27,29.5,31.4,28.0,1.0,23.5
2023-04-03,สมุทรสาคร,13.55,100.27,29.7,32.6,26.9,0.0,18.8
2023-04-04,สมุทรสาคร,13.55,100.27,30.0,33.3,26.6,0.0,20.6
2023-04-05,สมุทรสาคร,13.55,100.27,29.2,31.8,25.1,0.0,19.1
2023-04-06,สมุทรสาคร,13.55,100.27,29.6,32.4,26.0,0.0,17.7
2023-04-07,สมุทรสาคร,13.55,100.27,29.9,31.3,28.7,0.0,18.7
2023-04-08,สมุทรสาคร,13.55,100.27,29.7,31.7,28.5,1.1,19.9
2023-04-09,สมุทรสาคร,13.55,100.27,30.3,32.3,28.9,0.0,18.8
2023-04-10,สมุทรสาคร,13.55,100.27,30.1,32.1,28.3,0.0,22.0
2023-04-11,สมุทรสาคร,13.55,100.27,30.4,32.3,28.0,0.0,20.7
2023-04-12,สมุทรสาคร,13.55,100.27,30.3,32.3,27.6,0.0,23.2
2023-04-13,สมุทรสาคร,13.55,100.27,30.0,32.4,26.9,0.0,21.3
2023-04-14,สมุทรสาคร,13.55,100.27,30.6,32.7,28.0,0.0,19.4
2023-04-15,สมุทรสาคร,13.55,100.27,30.9,32.9,29.2,4.4,20.6
2023-04-16,สมุทรสาคร,13.55,100.27,30.1,31.8,27.6,0.0,17.4
2023-04-17,สมุทรสาคร,13.55,100.27,30.7,33.2,29.5,0.1,18.7
2023-04-18,สมุทรสาคร,13.55,100.27,30.3,32.0,28.5,1.5,24.5
2023-04-19,สมุทรสาคร,13.55,100.27,30.8,33.0,28.5,0.0,21.0
2023-04-20,สมุทรสาคร,13.55,100.27,30.4,34.0,26.4,0.0,21.2
2023-04-21,สมุทรสาคร,13.55,100.27,30.2,32.6,27.0,0.1,22.4
2023-04-22,สมุทรสาคร,13.55,100.27,30.5,33.2,27.1,0.0,21.9
2023-04-23,สมุทรสาคร,13.55,100.27,30.6,32.6,29.6,0.7,24.9
2023-04-24,สมุทรสาคร,13.55,100.27,30.6,32.7,28.9,0.1,14.8
2023-04-25,สมุทรสาคร,13.55,100.27,30.9,33.6,28.0,0.8,20.7
2023-04-26,สมุทรสาคร,13.55,100.27,27.7,30.0,26.7,41.3,17.2
2023-04-27,สมุทรสาคร,13.55,100.27,29.3,32.3,25.9,1.2,12.3
2023-04-28,สมุทรสาคร,13.55,100.27,30.0,31.8,27.2,0.4,16.6
2023-04-29,สมุทรสาคร,13.55,100.27,30.3,31.9,28.2,0.0,19.4
2023-04-30,สมุทรสาคร,13.55,100.27,29.4,30.6,28.4,2.9,17.6
2023-05-01,สมุทรสาคร,13.55,100.27,29.4,31.6,27.0,1.3,15.3
2023-05-02,สมุทรสาคร,13.55,100.27,29.9,31.9,27.6,1.2,18.2
2023-05-03,สมุทรสาคร,13.55,100.27,29.7,31.9,27.3,0.0,18.7
2023-05-04,สมุทรสาคร,13.55,100.27,30.4,32.2,28.9,0.0,23.1
2023-05-05,สมุทรสาคร,13.55,100.27,31.0,33.0,28.5,0.0,21.1
2023-05-06,สมุทรสาคร,13.55,100.27,31.3,34.0,28.6,0.0,21.3
2023-05-07,สมุทรสาคร,13.55,100.27,31.1,33.5,29.0,0.4,20.6
2023-05-08,สมุทรสาคร,13.55,100.27,31.5,33.6,29.4,0.4,27.1
2023-05-09,สมุทรสาคร,13.55,100.27,30.6,32.7,28.6,3.5,20.8
2023-05-10,สมุทรสาคร,13.55,100.27,28.8,30.1,26.9,6.7,15.6
2023-05-11,สมุทรสาคร,13.55,100.27,29.9,31.7,27.8,2.5,14.7
2023-05-12,สมุทรสาคร,13.55,100.27,29.6,31.5,27.1,14.0,19.0
2023-05-13,สมุทรสาคร,13.55,100.27,29.8,31.8,26.9,0.0,20.6
2023-05-14,สมุทรสาคร,13.55,100.27,30.9,32.4,29.4,0.1,26.8
2023-05-15,สมุทรสาคร,13.55,100.27,30.4,31.6,29.0,0.9,19.8
2023-05-16,สมุทรสาคร,13.55,100.27,29.7,32.0,25.6,0.7,18.8
2023-05-17,สมุทรสาคร,13.55,100.27,30.2,32.5,26.8,0.0,17.6
2023-05-18,สมุทรสาคร,13.55,100.27,31.0,35.6,27.7,3.7,19.8
2023-05-19,สมุทรสาคร,13.55,100.27,31.2,35.7,27.7,0.1,21.6
2023-05-20,สมุทรสาคร,13.55,100.27,30.8,35.1,26.9,0.0,18.5
2023-05-21,สมุทรสาคร,13.55,100.27,30.7,33.3,27.8,0.0,23.1
2023-05-22,สมุทรสาคร,13.55,100.27,30.6,33.6,27.8,2.6,20.2
2023-05-23,สมุทรสาคร,13.55,100.27,30.0,32.6,27.8,4.1,21.9
2023-05-24,สมุทรสาคร,13.55,100.27,30.3,32.7,27.6,1.0,20.7
2023-05-25,สมุทรสาคร,13.55,100.27,30.4,32.7,28.2,0.3,17.8
2023-05-26,สมุทรสาคร,13.55,100.27,30.8,34.8,26.7,0.0,24.9
2023-05-27,สมุทรสาคร,13.55,100.27,30.8,34.4,28.3,0.0,22.7
2023-05-28,สมุทรสาคร,13.55,100.27,29.5,32.1,26.8,13.8,17.9
2023-05-29,สมุทรสาคร,13.55,100.27,27.7,30.8,25.6,33.0,11.8
2023-05-30,สมุทรสาคร,13.55,100.27,28.7,31.3,26.4,9.0,19.5
2023-05-31,สมุทรสาคร,13.55,100.27,29.3,31.3,26.8,1.7,16.7
2023-06-01,สมุทรสาคร,13.55,100.27,29.9,32.7,27.3,0.1,21.0
2023-06-02,สมุทรสาคร,13.55,100.27,29.6,32.2,27.6,2.7,27.0
2023-06-03,สมุทรสาคร,13.55,100.27,29.4,31.4,26.6,4.8,16.5
2023-06-04,สมุทรสาคร,13.55,100.27,29.9,31.3,28.2,0.5,18.5
2023-06-05,สมุทรสาคร,13.55,100.27,29.7,31.2,28.3,1.9,23.4
2023-06-06,สมุทรสาคร,13.55,100.27,29.1,30.2,27.9,11.5,23.3
2023-06-07,สมุทรสาคร,13.55,100.27,29.5,32.0,27.9,3.6,22.8
2023-06-08,สมุทรสาคร,13.55,100.27,28.7,30.7,26.6,3.1,19.7
2023-06-09,สมุทรสาคร,13.55,100.27,28.3,29.7,27.3,6.4,16.9
2023-06-10,สมุทรสาคร,13.55,100.27,28.4,30.5,26.8,24.9,20.5
2023-06-11,สมุทรสาคร,13.55,100.27,28.9,30.5,27.6,4.9,21.1
2023-06-12,สมุทรสาคร,13.55,100.27,28.7,30.4,27.4,6.3,23.8
2023-06-13,สมุทรสาคร,13.55,100.27,28.9,30.5,27.6,6.3,29.2
2023-06-14,สมุทรสาคร,13.55,100.27,29.1,31.7,27.4,1.8,17.6
2023-06-15,สมุทรสาคร,13.55,100.27,28.8,30.4,27.1,14.1,15.2
2023-06-16,สมุทรสาคร,13.55,100.27,29.1,30.5,27.1,2.1,18.4
2023-06-17,สมุทรสาคร,13.55,100.27,29.3,31.1,27.8,5.1,17.8
2023-06-18,สมุทรสาคร,13.55,100.27,28.4,30.4,26.6,26.0,22.0
2023-06-19,สมุทรสาคร,13.55,100.27,28.1,30.3,25.6,10.1,14.8
2023-06-20,สมุทรสาคร,13.55,100.27,29.1,30.7,27.1,3.3,15.5
2023-06-21,สมุทรสาคร,13.55,100.27,29.1,31.0,26.1,0.1,13.8
2023-06-22,สมุทรสาคร,13.55,100.27,29.3,31.6,26.5,0.0,17.0
2023-06-23,สมุทรสาคร,13.55,100.27,30.0,34.9,26.4,0.3,24.0
2023-06-24,สมุทรสาคร,13.55,100.27,28.8,31.2,26.9,2.6,15.5
2023-06-25,สมุทรสาคร,13.55,100.27,29.6,33.7,27.5,2.3,17.8
2023-06-26,สมุทรสาคร,13.55,100.27,29.6,32.8,26.5,0.1,21.6
2023-06-27,สมุทรสาคร,13.55,100.27,29.3,31.9,26.6,3.2,17.9
2023-06-28,สมุทรสาคร,13.55,100.27,29.3,32.8,26.1,18.0,19.2
2023-06-29,สมุทรสาคร,13.55,100.27,29.1,32.0,26.1,3.7,22.0
2023-06-30,สมุทรสาคร,13.55,100.27,29.4,31.6,27.1,0.5,17.1
2023-07-01,สมุทรสาคร,13.55,100.27,29.3,31.6,27.3,16.7,22.9
2023-07-02,สมุทรสาคร,13.55,100.27,29.3,31.7,26.6,7.9,17.6
2023-07-03,สมุทรสาคร,13.55,100.27,29.5,31.5,28.0,0.2,17.3
2023-07-04,สมุทรสาคร,13.55,100.27,29.2,31.3,27.7,0.5,15.3
2023-07-05,สมุทรสาคร,13.55,100.27,27.9,30.9,25.8,0.5,13.7
2023-07-06,สมุทรสาคร,13.55,100.27,28.8,31.6,26.3,7.0,16.3
2023-07-07,สมุทรสาคร,13.55,100.27,29.8,33.2,26.3,2.6,17.6
2023-07-08,สมุทรสาคร,13.55,100.27,29.2,30.9,26.8,4.3,22.9
2023-07-09,สมุทรสาคร,13.55,100.27,28.3,30.0,26.6,5.6,22.3
2023-07-10,สมุทรสาคร,13.55,100.27,27.7,29.5,25.9,20.2,15.6
2023-07-11,สมุทรสาคร,13.55,100.27,28.6,30.5,26.9,8.2,18.6
2023-07-12,สมุทรสาคร,13.55,100.27,29.1,31.0,25.9,0.7,13.2
2023-07-13,สมุทรสาคร,13.55,100.27,29.6,32.7,26.9,1.3,24.9
2023-07-14,สมุทรสาคร,13.55,100.27,29.1,32.4,26.6,6.9,19.3
2023-07-15,สมุทรสาคร,13.55,100.27,29.4,32.0,26.6,0.4,17.0
2023-07-16,สมุทรสาคร,13.55,100.27,29.6,33.2,26.9,0.1,23.2
2023-07-17,สมุทรสาคร,13.55,100.27,28.8,32.0,26.4,3.2,25.3
2023-07-18,สมุทรสาคร,13.55,100.27,28.9,32.5,26.7,7.8,21.9
2023-07-19,สมุทรสาคร,13.55,100.27,29.2,32.2,27.2,0.1,18.9
2023-07-20,สมุทรสาคร,13.55,100.27,28.5,31.2,26.8,19.3,20.2
2023-07-21,สมุทรสาคร,13.55,100.27,28.2,30.2,25.9,24.3,16.8
2023-07-22,สมุทรสาคร,13.55,100.27,27.5,30.6,25.9,21.9,11.8
2023-07-23,สมุทรสาคร,13.55,100.27,27.5,29.8,25.6,10.0,14.8
2023-07-24,สมุทรสาคร,13.55,100.27,27.9,29.3,25.8,2.0,14.6
2023-07-25,สมุทรสาคร,13.55,100.27,28.7,31.7,26.0,2.4,14.6
2023-07-26,สมุทรสาคร,13.55,100.27,28.5,31.8,25.8,1.1,19.2
2023-07-27,สมุทรสาคร,13.55,100.27,29.1,32.1,25.8,6.9,18.4
2023-07-28,สมุทรสาคร,13.55,100.27,29.8,33.1,26.7,0.3,26.1
2023-07-29,สมุทรสาคร,13.55,100.27,29.5,32.8,27.6,2.0,25.0
2023-07-30,สมุทรสาคร,13.55,100.27,29.2,30.5,27.8,0.5,19.8
2023-07-31,สมุทรสาคร,13.55,100.27,29.3,31.8,27.9,4.6,19.5
2023-08-01,สมุทรสาคร,13.55,100.27,29.7,32.3,28.0,1.1,21.5
2023-08-02,สมุทรสาคร,13.55,100.27,28.8,30.0,27.8,13.2,15.7
2023-08-03,สมุทรสาคร,13.55,100.27,29.0,31.6,27.3,3.1,16.5
2023-08-04,สมุทรสาคร,13.55,100.27,29.4,33.2,27.4,1.2,20.5
2023-08-05,สมุทรสาคร,13.55,100.27,29.4,32.3,27.5,2.3,18.5
2023-08-06,สมุทรสาคร,13.55,100.27,29.3,32.1,27.4,6.4,22.7
2023-08-07,สมุทรสาคร,13.55,100.27,29.5,33.5,27.5,2.8,19.6
2023-08-08,สมุทรสาคร,13.55,100.27,29.1,32.1,27.5,1.1,22.8
2023-08-09,สมุทรสาคร,13.55,100.27,28.8,31.4,26.6,4.5,18.5
2023-08-10,สมุทรสาคร,13.55,100.27,28.9,31.7,26.0,0.5,19.8
2023-08-11,สมุทรสาคร,13.55,100.27,29.3,32.4,26.0,0.8,21.3
2023-08-12,สมุทรสาคร,13.55,100.27,29.3,32.5,26.7,2.4,16.1
2023-08-13,สมุทรสาคร,13.55,100.27,29.3,32.2,27.2,1.0,22.6
2023-08-14,สมุทรสาคร,13.55,100.27,29.2,32.3,26.7,5.9,23.5
2023-08-15,สมุทรสาคร,13.55,100.27,29.4,32.7,26.6,10.4,18.7
2023-08-16,สมุทรสาคร,13.55,100.27,28.8,30.7,26.9,1.5,15.4
2023-08-17,สมุทรสาคร,13.55,100.27,28.8,32.1,26.8,13.0,21.3
2023-08-18,สมุทรสาคร,13.55,100.27,29.0,32.9,26.3,27.8,19.5
2023-08-19,สมุทรสาคร,13.55,100.27,29.5,34.8,26.7,8.5,26.9
2023-08-20,สมุทรสาคร,13.55,100.27,29.0,33.4,25.4,15.5,26.6
2023-08-21,สมุทรสาคร,13.55,100.27,27.9,30.3,26.1,9.9,22.4
2023-08-22,สมุทรสาคร,13.55,100.27,28.1,30.6,26.6,8.6,19.4
2023-08-23,สมุทรสาคร,13.55,100.27,28.1,30.7,25.9,9.3,18.2
2023-08-24,สมุทรสาคร,13.55,100.27,28.5,31.0,26.2,3.8,15.2
2023-08-25,สมุทรสาคร,13.55,100.27,28.3,31.3,26.4,4.7,16.6
2023-08-26,สมุทรสาคร,13.55,100.27,28.6,31.7,26.4,8.6,17.2
2023-08-27,สมุทรสาคร,13.55,100.27,29.4,32.1,26.9,0.5,14.2
2023-08-28,สมุทรสาคร,13.55,100.27,29.3,32.0,26.6,0.0,17.9
2023-08-29,สมุทรสาคร,13.55,100.27,29.0,31.6,27.2,1.2,19.9
2023-08-30,สมุทรสาคร,13.55,100.27,29.3,31.7,27.5,3.3,20.3
2023-08-31,สมุทรสาคร,13.55,100.27,28.7,32.6,26.4,15.0,21.7
2023-09-01,สมุทรสาคร,13.55,100.27,28.3,31.3,26.4,12.0,14.7
2023-09-02,สมุทรสาคร,13.55,100.27,28.8,32.0,26.1,9.7,20.1
2023-09-03,สมุทรสาคร,13.55,100.27,29.0,32.1,26.4,1.6,15.8
2023-09-04,สมุทรสาคร,13.55,100.27,29.1,31.5,26.3,11.5,19.8
2023-09-05,สมุทรสาคร,13.55,100.27,29.6,32.7,27.3,1.5,19.9
2023-09-06,สมุทรสาคร,13.55,100.27,28.8,30.7,27.2,5.2,13.8
2023-09-07,สมุทรสาคร,13.55,100.27,28.2,31.2,26.7,9.8,15.0
2023-09-08,สมุทรสาคร,13.55,100.27,28.6,32.0,26.8,4.3,14.8
2023-09-09,สมุทรสาคร,13.55,100.27,28.5,32.7,26.5,20.1,18.9
2023-09-10,สมุทรสาคร,13.55,100.27,28.4,30.3,26.8,3.6,19.6
2023-09-11,สมุทรสาคร,13.55,100.27,28.4,31.0,26.6,15.0,19.5
2023-09-12,สมุทรสาคร,13.55,100.27,28.3,30.2,27.0,4.2,24.2
2023-09-13,สมุทรสาคร,13.55,100.27,28.7,30.6,27.0,1.1,16.4
2023-09-14,สมุทรสาคร,13.55,100.27,27.6,30.5,26.1,27.9,16.6
2023-09-15,สมุทรสาคร,13.55,100.27,27.3,30.3,25.8,19.0,20.6
2023-09-16,สมุทรสาคร,13.55,100.27,27.8,30.5,26.1,17.7,19.3
2023-09-17,สมุทรสาคร,13.55,100.27,28.0,30.6,26.8,10.9,16.1
2023-09-18,สมุทรสาคร,13.55,100.27,28.1,30.4,27.0,2.9,15.4
2023-09-19,สมุทรสาคร,13.55,100.27,28.7,31.6,25.8,0.3,10.8
2023-09-20,สมุทรสาคร,13.55,100.27,28.7,32.9,26.0,3.7,12.6
2023-09-21,สมุทรสาคร,13.55,100.27,28.2,32.9,25.8,37.2,13.2
2023-09-22,สมุทรสาคร,13.55,100.27,28.0,30.7,25.2,10.1,11.3
2023-09-23,สมุทรสาคร,13.55,100.27,28.5,30.4,26.2,18.7,12.3
2023-09-24,สมุทรสาคร,13.55,100.27,28.4,31.0,25.9,2.5,11.7
2023-09-25,สมุทรสาคร,13.55,100.27,28.8,31.7,26.3,2.3,13.0
2023-09-26,สมุทรสาคร,13.55,100.27,27.5,30.6,25.1,26.6,10.5
2023-09-27,สมุทรสาคร,13.55,100.27,26.4,28.4,24.7,28.7,15.5
2023-09-28,สมุทรสาคร,13.55,100.27,28.0,30.2,26.5,22.1,25.6
2023-09-29,สมุทรสาคร,13.55,100.27,28.0,30.4,26.7,3.0,24.4
2023-09-30,สมุทรสาคร,13.55,100.27,27.7,29.5,26.4,2.0,14.7
2023-10-01,สมุทรสาคร,13.55,100.27,28.0,31.2,25.5,6.4,18.7
2023-10-02,สมุทรสาคร,13.55,100.27,27.9,30.9,25.5,8.9,14.2
2023-10-03,สมุทรสาคร,13.55,100.27,27.9,32.1,25.7,10.4,15.8
2023-10-04,สมุทรสาคร,13.55,100.27,27.3,30.5,25.4,12.8,10.0
2023-10-05,สมุทรสาคร,13.55,100.27,26.9,29.1,25.2,15.7,15.3
2023-10-06,สมุทรสาคร,13.55,100.27,27.1,29.4,24.9,15.3,13.5
2023-10-07,สมุทรสาคร,13.55,100.27,28.0,30.2,26.6,13.7,17.1
2023-10-08,สมุทรสาคร,13.55,100.27,27.7,30.3,26.2,5.4,13.6
2023-10-09,สมุทรสาคร,13.55,100.27,27.7,30.5,25.6,8.9,17.1
2023-10-10,สมุทรสาคร,13.55,100.27,27.2,29.8,25.2,4.9,13.9
2023-10-11,สมุทรสาคร,13.55,100.27,26.9,30.1,24.1,15.2,14.1
2023-10-12,สมุทรสาคร,13.55,100.27,27.3,30.6,24.5,14.3,13.9
2023-10-13,สมุทรสาคร,13.55,100.27,28.0,31.3,25.0,6.1,12.1
2023-10-14,สมุทรสาคร,13.55,100.27,28.7,32.7,25.3,0.0,16.6
2023-10-15,สมุทรสาคร,13.55,100.27,28.3,31.8,25.8,1.9,10.8
2023-10-16,สมุทรสาคร,13.55,100.27,27.8,31.6,24.7,1.1,12.3
2023-10-17,สมุทรสาคร,13.55,100.27,28.3,31.1,25.4,0.5,10.6
2023-10-18,สมุทรสาคร,13.55,100.27,28.4,31.1,25.9,3.3,9.0
2023-10-19,สมุทรสาคร,13.55,100.27,28.5,30.9,25.6,0.4,10.1
2023-10-20,สมุทรสาคร,13.55,100.27,28.8,32.0,25.9,1.2,14.0
2023-10-21,สมุทรสาคร,13.55,100.27,27.3,30.2,25.7,19.0,21.9
2023-10-22,สมุทรสาคร,13.55,100.27,26.5,28.5,24.8,19.5,9.9
2023-10-23,สมุทรสาคร,13.55,100.27,27.9,31.5,25.0,0.2,9.2
2023-10-24,สมุทรสาคร,13.55,100.27,28.1,31.4,25.5,7.9,19.4
2023-10-25,สมุทรสาคร,13.55,100.27,27.3,30.9,24.7,2.5,11.2
2023-10-26,สมุทรสาคร,13.55,100.27,27.7,29.3,25.1,2.7,8.5
2023-10-27,สมุทรสาคร,13.55,100.27,27.8,29.8,25.3,1.7,12.7
2023-10-28,สมุทรสาคร,13.55,100.27,28.1,31.3,24.9,1.0,10.2
2023-10-29,สมุทรสาคร,13.55,100.27,27.4,30.2,25.2,2.9,10.9
2023-10-30,สมุทรสาคร,13.55,100.27,26.7,29.3,25.0,11.7,14.6
2023-10-31,สมุทรสาคร,13.55,100.27,27.3,29.9,25.4,5.2,17.8
2023-11-01,สมุทรสาคร,13.55,100.27,27.6,31.2,25.4,3.0,16.6
2023-11-02,สมุทรสาคร,13.55,100.27,27.4,29.8,24.9,2.4,17.2
2023-11-03,สมุทรสาคร,13.55,100.27,29.0,32.2,25.3,0.0,8.8
2023-11-04,สมุทรสาคร,13.55,100.27,28.6,32.2,26.3,2.8,14.2
2023-11-05,สมุทรสาคร,13.55,100.27,27.6,31.3,25.0,12.3,9.9
2023-11-06,สมุทรสาคร,13.55,100.27,28.3,32.5,24.9,1.0,15.5
2023-11-07,สมุทรสาคร,13.55,100.27,27.6,31.5,25.3,8.1,14.9
2023-11-08,สมุทรสาคร,13.55,100.27,28.3,32.1,24.7,1.7,14.0
2023-11-09,สมุทรสาคร,13.55,100.27,27.2,30.3,25.8,9.4,10.5
2023-11-10,สมุทรสาคร,13.55,100.27,27.6,31.0,25.3,0.5,12.2
2023-11-11,สมุทรสาคร,13.55,100.27,27.1,30.8,25.0,20.5,14.6
2023-11-12,สมุทรสาคร,13.55,100.27,27.4,31.0,25.1,2.6,14.5
2023-11-13,สมุทรสาคร,13.55,100.27,27.4,31.8,25.0,11.9,14.4
2023-11-14,สมุทรสาคร,13.55,100.27,28.1,31.9,25.7,6.6,22.1
2023-11-15,สมุทรสาคร,13.55,100.27,27.8,30.9,24.9,1.7,13.3
2023-11-16,สมุทรสาคร,13.55,100.27,27.6,30.8,25.3,7.3,21.9
2023-11-17,สมุทรสาคร,13.55,100.27,26.3,28.8,24.4,0.7,27.1
2023-11-18,สมุทรสาคร,13.55,100.27,24.7,27.9,21.9,0.0,16.9
2023-11-19,สมุทรสาคร,13.55,100.27,24.3,27.9,21.1,0.0,15.0
2023-11-20,สมุทรสาคร,13.55,100.27,24.7,29.4,20.6,0.0,14.3
2023-11-21,สมุทรสาคร,13.55,100.27,25.7,30.0,21.9,0.0,14.4
2023-11-22,สมุทรสาคร,13.55,100.27,26.5,30.7,22.2,0.0,10.1
2023-11-23,สมุทรสาคร,13.55,100.27,27.3,31.4,23.4,0.0,12.6
2023-11-24,สมุทรสาคร,13.55,100.27,27.7,31.6,24.1,0.0,14.7
2023-11-25,สมุทรสาคร,13.55,100.27,27.5,31.6,23.5,0.1,16.2
2023-11-26,สมุทรสาคร,13.55,100.27,27.7,32.1,25.3,7.1,15.6
2023-11-27,สมุทรสาคร,13.55,100.27,27.9,31.7,24.5,0.7,17.5
2023-11-28,สมุทรสาคร,13.55,100.27,27.0,30.6,24.0,0.0,17.1
2023-11-29,สมุทรสาคร,13.55,100.27,27.2,31.9,23.5,0.0,15.3
2023-11-30,สมุทรสาคร,13.55,100.27,28.5,32.9,24.7,0.0,15.6
2023-12-01,สมุทรสาคร,13.55,100.27,28.6,32.6,25.9,0.2,19.5
2023-12-02,สมุทรสาคร,13.55,100.27,27.6,31.9,24.0,1.2,16.9
2023-12-03,สมุทรสาคร,13.55,100.27,27.6,32.2,24.9,4.0,21.1
2023-12-04,สมุทรสาคร,13.55,100.27,27.4,30.9,24.6,2.5,13.2
2023-12-05,สมุทรสาคร,13.55,100.27,27.9,31.5,25.2,8.5,10.7
2023-12-06,สมุทรสาคร,13.55,100.27,28.3,32.6,24.8,15.3,12.2
2023-12-07,สมุทรสาคร,13.55,100.27,27.3,30.8,24.1,6.9,19.3
2023-12-08,สมุทรสาคร,13.55,100.27,27.5,30.7,24.5,0.0,10.6
2023-12-09,สมุทรสาคร,13.55,100.27,27.5,31.3,24.3,0.0,9.5
2023-12-10,สมุทรสาคร,13.55,100.27,28.1,31.5,24.2,0.0,9.0
2023-12-11,สมุทรสาคร,13.55,100.27,28.5,30.9,25.9,0.0,9.0
2023-12-12,สมุทรสาคร,13.55,100.27,28.4,31.6,24.8,0.0,10.7
2023-12-13,สมุทรสาคร,13.55,100.27,28.3,31.3,25.0,0.9,12.3
2023-12-14,สมุทรสาคร,13.55,100.27,28.9,32.3,25.1,0.0,12.2
2023-12-15,สมุทรสาคร,13.55,100.27,28.9,32.6,25.5,0.0,10.4
2023-12-16,สมุทรสาคร,13.55,100.27,29.0,33.0,25.4,0.0,10.5
2023-12-17,สมุทรสาคร,13.55,100.27,29.1,32.6,25.9,1.3,19.1
2023-12-18,สมุทรสาคร,13.55,100.27,28.5,31.8,25.1,0.2,18.2
2023-12-19,สมุทรสาคร,13.55,100.27,28.3,32.2,24.3,0.0,11.9
2023-12-20,สมุทรสาคร,13.55,100.27,28.4,32.1,24.7,0.0,18.2
2023-12-21,สมุทรสาคร,13.55,100.27,27.3,30.7,23.9,0.0,20.5
2023-12-22,สมุทรสาคร,13.55,100.27,24.4,27.7,21.2,0.0,20.1
2023-12-23,สมุทรสาคร,13.55,100.27,22.8,27.1,18.5,0.0,18.4
2023-12-24,สมุทรสาคร,13.55,100.27,23.3,25.7,20.5,0.1,18.0
2023-12-25,สมุทรสาคร,13.55,100.27,23.6,26.5,20.9,4.8,17.8
2023-12-26,สมุทรสาคร,13.55,100.27,24.0,27.9,19.8,1.2,16.6
2023-12-27,สมุทรสาคร,13.55,100.27,25.5,29.4,21.4,0.0,15.8
2023-12-28,สมุทรสาคร,13.55,100.27,26.7,31.0,22.9,0.0,15.8
2023-12-29,สมุทรสาคร,13.55,100.27,27.2,31.4,23.7,0.0,15.0
2023-12-30,สมุทรสาคร,13.55,100.27,27.4,32.0,23.7,0.0,12.4
2023-12-31,สมุทรสาคร,13.55,100.27,27.6,31.9,24.1,0.0,11.3
2024-01-01,สมุทรสาคร,13.55,100.27,28.1,32.1,24.4,0.0,10.9
2024-01-02,สมุทรสาคร,13.55,100.27,27.5,31.1,23.7,0.3,8.4
2024-01-03,สมุทรสาคร,13.55,100.27,27.6,31.8,23.8,0.0,9.8
2024-01-04,สมุทรสาคร,13.55,100.27,27.4,31.6,23.9,0.0,12.5
2024-01-05,สมุทรสาคร,13.55,100.27,27.4,30.7,25.1,0.0,12.7
2024-01-06,สมุทรสาคร,13.55,100.27,27.1,31.2,23.5,0.0,13.4
2024-01-07,สมุทรสาคร,13.55,100.27,27.4,31.0,23.2,0.0,9.6
2024-01-08,สมุทรสาคร,13.55,100.27,27.4,31.1,24.1,0.0,9.2
2024-01-09,สมุทรสาคร,13.55,100.27,27.1,30.6,23.2,0.0,15.8
2024-01-10,สมุทรสาคร,13.55,100.27,27.7,30.6,23.4,0.0,13.4
2024-01-11,สมุทรสาคร,13.55,100.27,28.0,30.2,26.1,0.0,15.8
2024-01-12,สมุทรสาคร,13.55,100.27,27.9,29.7,25.8,0.1,15.5
2024-01-13,สมุทรสาคร,13.55,100.27,28.2,30.4,26.7,0.1,13.9
2024-01-14,สมุทรสาคร,13.55,100.27,27.2,31.2,22.5,4.1,11.9
2024-01-15,สมุทรสาคร,13.55,100.27,27.5,31.6,24.3,0.0,13.4
2024-01-16,สมุทรสาคร,13.55,100.27,27.2,31.4,22.9,0.0,12.4
2024-01-17,สมุทรสาคร,13.55,100.27,27.2,31.0,24.0,0.0,17.0
2024-01-18,สมุทรสาคร,13.55,100.27,27.1,31.4,22.9,0.0,10.5
2024-01-19,สมุทรสาคร,13.55,100.27,27.9,31.6,23.4,0.0,13.4
2024-01-20,สมุทรสาคร,13.55,100.27,27.5,30.4,23.3,0.0,13.0
2024-01-21,สมุทรสาคร,13.55,100.27,28.2,31.9,24.0,0.0,18.7
2024-01-22,สมุทรสาคร,13.55,100.27,27.7,31.7,23.3,0.0,13.9
2024-01-23,สมุทรสาคร,13.55,100.27,27.3,30.3,24.6,0.7,17.1
2024-01-24,สมุทรสาคร,13.55,100.27,26.1,30.6,23.5,2.4,19.8
2024-01-25,สมุทรสาคร,13.55,100.27,25.7,30.6,22.7,0.0,20.6
2024-01-26,สมุทรสาคร,13.55,100.27,25.4,29.9,20.5,0.0,20.0
2024-01-27,สมุทรสาคร,13.55,100.27,26.8,31.4,22.7,0.0,16.2
2024-01-28,สมุทรสาคร,13.55,100.27,27.6,30.8,25.0,0.0,18.9
2024-01-29,สมุทรสาคร,13.55,100.27,27.1,30.2,24.2,0.3,20.4
2024-01-30,สมุทรสาคร,13.55,100.27,27.2,30.0,24.2,0.0,12.0
2024-01-31,สมุทรสาคร,13.55,100.27,27.1,30.7,23.3,0.0,11.7
2024-02-01,สมุทรสาคร,13.55,100.27,27.7,29.6,26.1,0.1,16.9
2024-02-02,สมุทรสาคร,13.55,100.27,27.9,30.0,25.9,0.0,14.8
2024-02-03,สมุทรสาคร,13.55,100.27,28.3,30.2,26.7,0.0,16.3
2024-02-04,สมุทรสาคร,13.55,100.27,28.6,30.7,27.2,0.1,16.1
2024-02-05,สมุทรสาคร,13.55,100.27,28.6,31.4,26.3,0.0,19.1
2024-02-06,สมุทรสาคร,13.55,100.27,28.6,31.3,25.9,0.0,16.8
2024-02-07,สมุทรสาคร,13.55,100.27,28.4,31.1,25.5,0.0,20.1
2024-02-08,สมุทรสาคร,13.55,100.27,28.6,31.0,26.9,0.0,17.8
2024-02-09,สมุทรสาคร,13.55,100.27,28.8,31.3,27.3,0.0,18.8
2024-02-10,สมุทรสาคร,13.55,100.27,27.9,30.4,25.3,1.8,21.3
2024-02-11,สมุทรสาคร,13.55,100.27,27.7,32.1,24.3,0.0,19.4
2024-02-12,สมุทรสาคร,13.55,100.27,27.0,31.7,23.0,0.0,14.1
2024-02-13,สมุทรสาคร,13.55,100.27,27.2,32.0,23.2,0.0,12.6
2024-02-14,สมุทรสาคร,13.55,100.27,27.7,32.5,22.5,0.0,15.0
2024-02-15,สมุทรสาคร,13.55,100.27,28.5,31.7,24.3,0.0,15.3
2024-02-16,สมุทรสาคร,13.55,100.27,28.7,30.9,27.0,0.1,16.5
2024-02-17,สมุทรสาคร,13.55,100.27,27.9,29.6,25.8,3.4,22.4
2024-02-18,สมุทรสาคร,13.55,100.27,28.3,30.3,26.5,0.9,21.8
2024-02-19,สมุทรสาคร,13.55,100.27,28.4,30.5,26.4,0.0,22.4
2024-02-20,สมุทรสาคร,13.55,100.27,29.1,31.3,27.4,0.0,24.5
2024-02-21,สมุทรสาคร,13.55,100.27,29.0,30.8,27.3,0.5,23.5
2024-02-22,สมุทรสาคร,13.55,100.27,28.9,30.7,27.9,0.1,22.5
2024-02-23,สมุทรสาคร,13.55,100.27,28.9,31.1,27.5,0.0,20.2
2024-02-24,สมุทรสาคร,13.55,100.27,29.0,31.1,27.7,0.0,18.4
2024-02-25,สมุทรสาคร,13.55,100.27,28.9,31.3,26.5,0.0,18.2
2024-02-26,สมุทรสาคร,13.55,100.27,29.0,31.7,27.1,0.2,14.8
2024-02-27,สมุทรสาคร,13.55,100.27,28.9,31.3,26.7,0.5,16.1
2024-02-28,สมุทรสาคร,13.55,100.27,28.9,30.8,27.4,0.8,19.1
2024-02-29,สมุทรสาคร,13.55,100.27,28.9,30.7,26.7,0.1,23.4
2024-03-01,สมุทรสาคร,13.55,100.27,29.5,31.8,28.1,0.1,18.2
2024-03-02,สมุทรสาคร,13.55,100.27,28.7,31.3,25.9,0.8,21.2
2024-03-03,สมุทรสาคร,13.55,100.27,29.3,31.5,27.1,0.3,19.6
2024-03-04,สมุทรสาคร,13.55,100.27,29.7,31.5,28.2,0.1,26.8
2024-03-05,สมุทรสาคร,13.55,100.27,29.7,32.2,27.0,0.0,23.1
2024-03-06,สมุทรสาคร,13.55,100.27,29.6,32.1,28.1,0.0,20.0
2024-03-07,สมุทรสาคร,13.55,100.27,29.5,32.3,26.6,0.0,18.3
2024-03-08,สมุทรสาคร,13.55,100.27,30.0,32.3,28.5,0.0,24.8
2024-03-09,สมุทรสาคร,13.55,100.27,29.7,31.6,28.6,0.9,21.2
2024-03-10,สมุทรสาคร,13.55,100.27,29.7,31.7,28.3,0.7,20.1
2024-03-11,สมุทรสาคร,13.55,100.27,29.7,32.0,27.7,0.0,21.6
2024-03-12,สมุทรสาคร,13.55,100.27,29.1,30.9,27.6,1.0,22.7
2024-03-13,สมุทรสาคร,13.55,100.27,29.4,31.7,27.9,0.1,24.5
2024-03-14,สมุทรสาคร,13.55,100.27,29.8,32.0,28.1,0.0,23.8
2024-03-15,สมุทรสาคร,13.55,100.27,29.7,31.8,27.7,0.0,23.4
2024-03-16,สมุทรสาคร,13.55,100.27,29.6,31.7,27.8,0.0,22.4
2024-03-17,สมุทรสาคร,13.55,100.27,29.8,32.1,28.3,0.0,20.2
2024-03-18,สมุทรสาคร,13.55,100.27,29.6,32.2,27.6,0.0,22.4
2024-03-19,สมุทรสาคร,13.55,100.27,29.7,31.5,28.4,0.1,25.7
2024-03-20,สมุทรสาคร,13.55,100.27,26.6,29.0,24.0,23.7,17.6
2024-03-21,สมุทรสาคร,13.55,100.27,27.9,31.7,24.5,0.2,11.7
2024-03-22,สมุทรสาคร,13.55,100.27,29.0,31.4,25.7,0.0,22.8
2024-03-23,สมุทรสาคร,13.55,100.27,29.5,31.8,27.9,0.0,26.8
2024-03-24,สมุทรสาคร,13.55,100.27,29.8,32.0,28.2,0.2,20.2
2024-03-25,สมุทรสาคร,13.55,100.27,30.0,32.0,28.5,0.1,20.2
2024-03-26,สมุทรสาคร,13.55,100.27,29.9,32.2,28.0,1.1,18.1
2024-03-27,สมุทรสาคร,13.55,100.27,29.5,31.5,26.8,2.1,23.2
2024-03-28,สมุทรสาคร,13.55,100.27,30.1,32.4,27.0,0.0,20.5
2024-03-29,สมุทรสาคร,13.55,100.27,30.3,32.3,28.7,0.2,20.9
2024-03-30,สมุทรสาคร,13.55,100.27,30.6,32.9,28.8,0.0,23.7
2024-03-31,สมุทรสาคร,13.55,100.27,30.8,33.2,28.9,0.0,24.9
2024-04-01,สมุทรสาคร,13.55,100.27,31.1,34.1,28.5,0.0,22.5
2024-04-02,สมุทรสาคร,13.55,100.27,30.7,33.2,29.1,0.0,23.4
2024-04-03,สมุทรสาคร,13.55,100.27,30.6,33.1,28.1,0.0,24.1
2024-04-04,สมุทรสาคร,13.55,100.27,30.8,33.7,29.2,0.0,22.1
2024-04-05,สมุทรสาคร,13.55,100.27,30.7,33.1,29.2,0.4,23.7
2024-04-06,สมุทรสาคร,13.55,100.27,30.7,32.9,29.3,0.1,23.1
2024-04-07,สมุทรสาคร,13.55,100.27,30.8,33.1,29.3,0.0,21.6
2024-04-08,สมุทรสาคร,13.55,100.27,31.0,33.4,29.5,0.0,22.3
2024-04-09,สมุทรสาคร,13.55,100.27,31.0,33.6,29.5,0.0,26.7
2024-04-10,สมุทรสาคร,13.55,100.27,30.9,34.0,28.8,1.5,20.6
2024-04-11,สมุทรสาคร,13.55,100.27,30.1,34.2,27.1,0.3,21.3
2024-04-12,สมุทรสาคร,13.55,100.27,30.9,33.1,29.3,0.0,20.5
2024-04-13,สมุทรสาคร,13.55,100.27,31.1,33.8,29.4,0.0,26.1
2024-04-14,สมุทรสาคร,13.55,100.27,31.0,33.1,29.5,0.0,22.4
2024-04-15,สมุทรสาคร,13.55,100.27,31.1,33.3,29.7,0.1,24.1
2024-04-16,สมุทรสาคร,13.55,100.27,31.1,33.6,29.4,0.0,24.1
2024-04-17,สมุทรสาคร,13.55,100.27,31.2,33.3,29.1,0.9,22.7
2024-04-18,สมุทรสาคร,13.55,100.27,31.4,33.7,29.9,0.0,26.4
2024-04-19,สมุทรสาคร,13.55,100.27,31.5,34.0,29.4,0.0,25.2
2024-04-20,สมุทรสาคร,13.55,100.27,31.5,34.2,28.0,0.0,22.6
2024-04-21,สมุทรสาคร,13.55,100.27,31.9,35.2,28.6,0.0,20.8
2024-04-22,สมุทรสาคร,13.55,100.27,31.7,34.2,30.2,0.0,22.4
2024-04-23,สมุทรสาคร,13.55,100.27,31.6,33.8,30.1,0.0,25.6
2024-04-24,สมุทรสาคร,13.55,100.27,31.4,33.5,30.2,0.4,25.1
2024-04-25,สมุทรสาคร,13.55,100.27,31.4,33.6,29.9,0.4,20.6
2024-04-26,สมุทรสาคร,13.55,100.27,31.5,33.7,29.9,0.0,24.4
2024-04-27,สมุทรสาคร,13.55,100.27,31.9,34.2,30.4,0.0,26.7
2024-04-28,สมุทรสาคร,13.55,100.27,31.9,34.5,30.5,0.0,26.9
2024-04-29,สมุทรสาคร,13.55,100.27,31.9,34.2,30.3,0.0,25.1
2024-04-30,สมุทรสาคร,13.55,100.27,32.0,34.9,29.8,0.0,29.5
2024-05-01,สมุทรสาคร,13.55,100.27,32.0,34.4,30.1,0.0,23.9
2024-05-02,สมุทรสาคร,13.55,100.27,31.9,34.2,30.4,0.0,25.6
2024-05-03,สมุทรสาคร,13.55,100.27,32.2,34.8,30.2,0.0,22.8
2024-05-04,สมุทรสาคร,13.55,100.27,32.0,34.6,28.6,5.7,23.2
2024-05-05,สมุทรสาคร,13.55,100.27,32.6,35.5,30.9,0.0,21.0
2024-05-06,สมุทรสาคร,13.55,100.27,32.1,34.7,30.2,0.0,23.8
2024-05-07,สมุทรสาคร,13.55,100.27,30.0,31.0,28.1,7.0,30.0
2024-05-08,สมุทรสาคร,13.55,100.27,30.4,33.3,27.3,0.1,14.2
2024-05-09,สมุทรสาคร,13.55,100.27,30.6,32.8,27.2,16.4,20.0
2024-05-10,สมุทรสาคร,13.55,100.27,30.2,33.5,26.9,1.2,20.6
2024-05-11,สมุทรสาคร,13.55,100.27,29.5,31.3,27.2,12.0,12.4
2024-05-12,สมุทรสาคร,13.55,100.27,30.8,34.5,27.0,0.0,14.6
2024-05-13,สมุทรสาคร,13.55,100.27,30.0,33.3,26.7,16.9,23.2
2024-05-14,สมุทรสาคร,13.55,100.27,30.0,34.0,26.5,0.0,12.3
2024-05-15,สมุทรสาคร,13.55,100.27,31.2,34.5,28.3,0.4,17.6
2024-05-16,สมุทรสาคร,13.55,100.27,30.8,33.4,27.6,2.9,16.5
2024-05-17,สมุทรสาคร,13.55,100.27,30.0,32.1,27.4,3.5,17.9
2024-05-18,สมุทรสาคร,13.55,100.27,30.9,32.7,29.1,2.9,15.5
2024-05-19,สมุทรสาคร,13.55,100.27,30.0,32.8,26.8,34.4,21.4
2024-05-20,สมุทรสาคร,13.55,100.27,30.4,33.0,27.5,1.0,20.5
2024-05-21,สมุทรสาคร,13.55,100.27,29.2,32.3,27.1,30.4,20.6
2024-05-22,สมุทรสาคร,13.55,100.27,28.1,30.4,26.3,11.2,17.0
2024-05-23,สมุทรสาคร,13.55,100.27,28.9,30.6,27.7,8.8,23.0
2024-05-24,สมุทรสาคร,13.55,100.27,29.0,30.2,27.5,5.7,16.9
2024-05-25,สมุทรสาคร,13.55,100.27,29.9,31.6,28.5,1.8,19.9
2024-05-26,สมุทรสาคร,13.55,100.27,30.2,32.1,29.0,0.9,20.8
2024-05-27,สมุทรสาคร,13.55,100.27,30.8,32.6,29.6,0.5,16.6
2024-05-28,สมุทรสาคร,13.55,100.27,30.6,32.8,28.2,0.2,15.8
2024-05-29,สมุทรสาคร,13.55,100.27,30.3,32.7,28.2,5.0,18.1
2024-05-30,สมุทรสาคร,13.55,100.27,29.9,32.9,28.3,11.1,22.5
2024-05-31,สมุทรสาคร,13.55,100.27,29.2,31.8,27.8,10.2,23.9
2024-06-01,สมุทรสาคร,13.55,100.27,29.0,30.7,27.4,10.7,21.5
2024-06-02,สมุทรสาคร,13.55,100.27,29.9,32.4,27.2,0.3,18.0
2024-06-03,สมุทรสาคร,13.55,100.27,30.0,32.7,28.0,0.2,14.2
2024-06-04,สมุทรสาคร,13.55,100.27,29.6,32.4,27.3,3.2,13.4
2024-06-05,สมุทรสาคร,13.55,100.27,30.1,32.8,27.9,4.9,19.3
2024-06-06,สมุทรสาคร,13.55,100.27,29.7,31.8,27.3,2.9,17.9
2024-06-07,สมุทรสาคร,13.55,100.27,29.9,32.2,28.1,1.5,16.7
2024-06-08,สมุทรสาคร,13.55,100.27,30.1,32.7,27.6,0.3,17.5
2024-06-09,สมุทรสาคร,13.55,100.27,29.4,32.5,26.9,6.5,14.6
2024-06-10,สมุทรสาคร,13.55,100.27,29.3,31.8,26.8,9.1,22.5
2024-06-11,สมุทรสาคร,13.55,100.27,29.1,31.3,27.0,5.7,22.7
2024-06-12,สมุทรสาคร,13.55,100.27,29.3,30.9,27.4,0.6,16.0
2024-06-13,สมุทรสาคร,13.55,100.27,29.8,32.0,27.7,0.4,14.8
2024-06-14,สมุทรสาคร,13.55,100.27,30.0,32.2,27.3,0.2,18.8
2024-06-15,สมุทรสาคร,13.55,100.27,29.8,32.5,26.9,0.1,19.8
2024-06-16,สมุทรสาคร,13.55,100.27,29.9,32.7,26.9,2.7,23.4
2024-06-17,สมุทรสาคร,13.55,100.27,29.2,31.4,26.7,9.7,21.3
2024-06-18,สมุทรสาคร,13.55,100.27,29.6,31.7,27.0,0.0,21.8
2024-06-19,สมุทรสาคร,13.55,100.27,29.5,31.9,27.0,2.6,21.3
2024-06-20,สมุทรสาคร,13.55,100.27,29.2,32.4,27.2,0.5,22.3
2024-06-21,สมุทรสาคร,13.55,100.27,29.3,32.8,27.6,4.4,19.5
2024-06-22,สมุทรสาคร,13.55,100.27,29.5,32.7,27.6,4.9,21.6
2024-06-23,สมุทรสาคร,13.55,100.27,29.3,31.9,27.3,6.8,16.8
2024-06-24,สมุทรสาคร,13.55,100.27,29.0,30.4,27.6,1.8,18.4
2024-06-25,สมุทรสาคร,13.55,100.27,28.4,30.9,26.6,21.0,21.0
2024-06-26,สมุทรสาคร,13.55,100.27,28.4,30.5,27.0,10.7,18.7
2024-06-27,สมุทรสาคร,13.55,100.27,29.2,30.5,27.7,3.2,19.2
2024-06-28,สมุทรสาคร,13.55,100.27,29.5,32.0,27.8,5.0,21.2
2024-06-29,สมุทรสาคร,13.55,100.27,28.7,30.5,26.9,25.2,20.0
2024-06-30,สมุทรสาคร,13.55,100.27,28.5,30.6,26.5,2.9,21.2
2024-07-01,สมุทรสาคร,13.55,100.27,28.6,31.2,26.7,1.5,11.7
2024-07-02,สมุทรสาคร,13.55,100.27,29.1,31.6,26.7,4.0,12.4
2024-07-03,สมุทรสาคร,13.55,100.27,29.5,31.5,27.7,1.5,19.7
2024-07-04,สมุทรสาคร,13.55,100.27,27.7,29.6,26.5,8.7,21.6
2024-07-05,สมุทรสาคร,13.55,100.27,27.8,29.7,26.3,13.8,19.8
2024-07-06,สมุทรสาคร,13.55,100.27,28.1,30.5,25.6,1.5,17.4
2024-07-07,สมุทรสาคร,13.55,100.27,28.9,31.7,25.6,0.2,18.1
2024-07-08,สมุทรสาคร,13.55,100.27,28.6,30.7,26.4,1.4,18.5
2024-07-09,สมุทรสาคร,13.55,100.27,28.0,30.9,25.6,6.3,23.8
2024-07-10,สมุทรสาคร,13.55,100.27,28.4,29.8,26.6,20.8,19.5
2024-07-11,สมุทรสาคร,13.55,100.27,27.9,30.0,26.0,3.0,15.6
2024-07-12,สมุทรสาคร,13.55,100.27,28.2,30.7,26.9,6.3,17.5
2024-07-13,สมุทรสาคร,13.55,100.27,28.8,32.0,26.3,17.7,24.5
2024-07-14,สมุทรสาคร,13.55,100.27,28.8,31.1,27.3,1.5,18.1
2024-07-15,สมุทรสาคร,13.55,100.27,27.6,29.2,26.6,21.9,13.1
2024-07-16,สมุทรสาคร,13.55,100.27,27.7,30.3,26.1,9.2,16.6
2024-07-17,สมุทรสาคร,13.55,100.27,28.7,31.1,26.5,2.9,22.9
2024-07-18,สมุทรสาคร,13.55,100.27,28.0,29.6,26.9,2.5,14.5
2024-07-19,สมุทรสาคร,13.55,100.27,28.3,30.2,27.1,5.0,14.0
2024-07-20,สมุทรสาคร,13.55,100.27,28.1,29.1,27.2,8.6,15.5
2024-07-21,สมุทรสาคร,13.55,100.27,28.4,31.1,26.9,9.5,14.0
2024-07-22,สมุทรสาคร,13.55,100.27,28.6,30.9,26.1,1.2,12.8
2024-07-23,สมุทรสาคร,13.55,100.27,28.7,32.1,27.2,6.4,16.3
2024-07-24,สมุทรสาคร,13.55,100.27,28.0,29.2,27.3,1.6,17.4
2024-07-25,สมุทรสาคร,13.55,100.27,27.7,28.7,26.8,7.0,15.5
2024-07-26,สมุทรสาคร,13.55,100.27,27.8,28.7,27.3,7.5,14.8
2024-07-27,สมุทรสาคร,13.55,100.27,28.0,30.8,26.8,15.3,19.5
2024-07-28,สมุทรสาคร,13.55,100.27,27.5,29.1,25.9,17.7,18.3
2024-07-29,สมุทรสาคร,13.55,100.27,27.6,30.1,26.2,14.8,21.4
2024-07-30,สมุทรสาคร,13.55,100.27,28.2,29.9,26.4,2.9,14.5
2024-07-31,สมุทรสาคร,13.55,100.27,28.7,29.8,27.6,0.9,17.6
2024-08-01,สมุทรสาคร,13.55,100.27,28.2,30.0,27.0,4.7,15.5
2024-08-02,สมุทรสาคร,13.55,100.27,28.0,29.8,26.4,2.8,15.5
2024-08-03,สมุทรสาคร,13.55,100.27,27.9,30.3,25.7,4.1,9.8
2024-08-04,สมุทรสาคร,13.55,100.27,28.0,30.3,26.2,5.0,19.1
2024-08-05,สมุทรสาคร,13.55,100.27,27.7,30.3,25.4,4.7,20.3
2024-08-06,สมุทรสาคร,13.55,100.27,28.1,30.9,25.3,0.5,25.7
2024-08-07,สมุทรสาคร,13.55,100.27,27.7,30.9,25.8,2.9,15.1
2024-08-08,สมุทรสาคร,13.55,100.27,28.8,31.5,25.5,0.0,12.3
2024-08-09,สมุทรสาคร,13.55,100.27,29.8,32.7,27.0,0.5,13.9
2024-08-10,สมุทรสาคร,13.55,100.27,29.5,32.2,27.1,6.6,19.1
2024-08-11,สมุทรสาคร,13.55,100.27,29.9,34.4,26.5,5.4,22.2
2024-08-12,สมุทรสาคร,13.55,100.27,29.2,32.1,27.1,15.4,22.0
2024-08-13,สมุทรสาคร,13.55,100.27,29.1,31.8,26.6,1.5,17.8
2024-08-14,สมุทรสาคร,13.55,100.27,29.4,32.4,26.4,2.0,16.6
2024-08-15,สมุทรสาคร,13.55,100.27,29.6,32.3,26.8,4.2,18.1
2024-08-16,สมุทรสาคร,13.55,100.27,29.6,32.5,26.9,2.2,21.4
2024-08-17,สมุทรสาคร,13.55,100.27,29.2,31.6,26.6,0.7,15.1
2024-08-18,สมุทรสาคร,13.55,100.27,29.5,32.2,26.9,3.3,18.9
2024-08-19,สมุทรสาคร,13.55,100.27,29.3,32.6,26.5,2.6,19.1
2024-08-20,สมุทรสาคร,13.55,100.27,29.4,32.3,26.5,0.6,11.6
2024-08-21,สมุทรสาคร,13.55,100.27,28.9,31.8,26.3,0.0,10.8
2024-08-22,สมุทรสาคร,13.55,100.27,29.9,32.4,27.7,0.2,17.3
2024-08-23,สมุทรสาคร,13.55,100.27,29.9,32.9,26.7,0.0,17.9
2024-08-24,สมุทรสาคร,13.55,100.27,28.9,31.6,25.8,17.5,14.7
2024-08-25,สมุทรสาคร,13.55,100.27,28.7,32.7,26.0,2.5,14.7
2024-08-26,สมุทรสาคร,13.55,100.27,29.0,32.6,26.1,7.5,19.0
2024-08-27,สมุทรสาคร,13.55,100.27,28.1,31.6,25.6,1.4,28.0
2024-08-28,สมุทรสาคร,13.55,100.27,28.0,30.2,25.6,10.0,18.3
2024-08-29,สมุทรสาคร,13.55,100.27,28.3,30.7,26.6,9.8,22.5
2024-08-30,สมุทรสาคร,13.55,100.27,29.3,31.9,26.9,0.5,19.3
2024-08-31,สมุทรสาคร,13.55,100.27,29.0,32.2,26.6,1.2,16.6
2024-09-01,สมุทรสาคร,13.55,100.27,28.4,32.9,26.2,15.8,27.1
2024-09-02,สมุทรสาคร,13.55,100.27,27.4,31.1,25.5,33.0,14.6
2024-09-03,สมุทรสาคร,13.55,100.27,26.9,29.2,25.2,23.8,14.2
2024-09-04,สมุทรสาคร,13.55,100.27,28.3,31.6,26.3,4.2,16.6
2024-09-05,สมุทรสาคร,13.55,100.27,28.8,31.7,26.4,9.4,15.9
2024-09-06,สมุทรสาคร,13.55,100.27,29.0,32.1,26.9,7.5,15.9
2024-09-07,สมุทรสาคร,13.55,100.27,29.5,32.5,27.5,1.1,22.7
2024-09-08,สมุทรสาคร,13.55,100.27,29.8,33.0,27.7,1.2,21.3
2024-09-09,สมุทรสาคร,13.55,100.27,29.1,32.7,27.6,7.1,15.8
2024-09-10,สมุทรสาคร,13.55,100.27,28.6,31.4,27.0,7.0,16.4
2024-09-11,สมุทรสาคร,13.55,100.27,28.2,30.5,26.7,13.6,14.8
2024-09-12,สมุทรสาคร,13.55,100.27,28.1,31.4,25.6,2.5,19.5
2024-09-13,สมุทรสาคร,13.55,100.27,28.2,30.7,26.0,11.0,18.2
2024-09-14,สมุทรสาคร,13.55,100.27,28.0,31.4,26.1,7.8,18.6
2024-09-15,สมุทรสาคร,13.55,100.27,27.8,30.8,26.4,12.3,18.9
2024-09-16,สมุทรสาคร,13.55,100.27,28.5,32.2,25.0,11.6,15.1
2024-09-17,สมุทรสาคร,13.55,100.27,28.6,32.8,26.6,6.1,21.7
2024-09-18,สมุทรสาคร,13.55,100.27,27.4,31.2,25.6,20.5,12.8
2024-09-19,สมุทรสาคร,13.55,100.27,27.6,30.5,25.3,1.7,11.8
2024-09-20,สมุทรสาคร,13.55,100.27,27.6,31.5,25.7,8.6,15.2
2024-09-21,สมุทรสาคร,13.55,100.27,27.8,30.3,25.7,16.2,15.5
2024-09-22,สมุทรสาคร,13.55,100.27,28.1,30.4,26.8,8.9,22.3
2024-09-23,สมุทรสาคร,13.55,100.27,28.5,30.4,27.0,1.6,16.8
2024-09-24,สมุทรสาคร,13.55,100.27,27.3,28.7,26.4,6.5,11.9
2024-09-25,สมุทรสาคร,13.55,100.27,27.5,29.9,25.7,5.1,8.1
2024-09-26,สมุทรสาคร,13.55,100.27,28.1,31.2,25.9,6.1,12.6
2024-09-27,สมุทรสาคร,13.55,100.27,28.0,30.6,25.2,1.3,11.6
2024-09-28,สมุทรสาคร,13.55,100.27,28.9,31.1,25.9,0.5,14.2
2024-09-29,สมุทรสาคร,13.55,100.27,29.6,31.3,27.1,0.5,14.3
2024-09-30,สมุทรสาคร,13.55,100.27,29.1,33.1,26.8,5.9,21.9
2024-10-01,สมุทรสาคร,13.55,100.27,28.5,31.1,26.3,13.6,15.3
2024-10-02,สมุทรสาคร,13.55,100.27,28.2,30.8,26.0,2.6,16.0
2024-10-03,สมุทรสาคร,13.55,100.27,26.9,29.5,25.0,20.4,16.1
2024-10-04,สมุทรสาคร,13.55,100.27,27.2,30.7,24.1,16.8,16.5
2024-10-05,สมุทรสาคร,13.55,100.27,28.2,31.6,25.0,1.3,10.0
2024-10-06,สมุทรสาคร,13.55,100.27,28.6,32.2,24.6,0.1,12.4
2024-10-07,สมุทรสาคร,13.55,100.27,29.0,31.7,26.3,0.3,13.5
2024-10-08,สมุทรสาคร,13.55,100.27,28.7,32.2,25.7,0.6,14.2
2024-10-09,สมุทรสาคร,13.55,100.27,27.3,30.5,24.6,14.9,13.4
2024-10-10,สมุทรสาคร,13.55,100.27,27.6,31.5,25.4,8.0,11.9
2024-10-11,สมุทรสาคร,13.55,100.27,27.9,31.3,25.0,0.6,9.6
2024-10-12,สมุทรสาคร,13.55,100.27,28.4,32.5,25.4,2.1,15.9
2024-10-13,สมุทรสาคร,13.55,100.27,27.6,31.7,25.6,8.1,17.1
2024-10-14,สมุทรสาคร,13.55,100.27,27.9,32.0,25.3,6.9,9.3
2024-10-15,สมุทรสาคร,13.55,100.27,28.7,31.4,25.6,0.2,10.3
2024-10-16,สมุทรสาคร,13.55,100.27,28.6,31.2,26.0,0.5,11.5
2024-10-17,สมุทรสาคร,13.55,100.27,28.6,31.3,25.7,1.7,9.1
2024-10-18,สมุทรสาคร,13.55,100.27,26.8,30.4,25.0,23.9,11.6
2024-10-19,สมุทรสาคร,13.55,100.27,26.5,29.9,24.8,16.6,16.8
2024-10-20,สมุทรสาคร,13.55,100.27,26.5,28.8,24.2,14.7,17.7
2024-10-21,สมุทรสาคร,13.55,100.27,27.6,30.3,25.2,7.0,12.9
2024-10-22,สมุทรสาคร,13.55,100.27,27.4,31.4,25.0,8.0,12.1
2024-10-23,สมุทรสาคร,13.55,100.27,26.8,30.7,23.9,9.3,14.0
2024-10-24,สมุทรสาคร,13.55,100.27,27.8,31.1,24.6,0.1,11.5
2024-10-25,สมุทรสาคร,13.55,100.27,28.3,31.6,25.0,0.8,11.2
2024-10-26,สมุทรสาคร,13.55,100.27,29.3,33.0,25.9,0.2,16.3
2024-10-27,สมุทรสาคร,13.55,100.27,29.4,33.1,26.6,0.1,20.2
2024-10-28,สมุทรสาคร,13.55,100.27,27.2,30.0,25.1,15.5,16.7
2024-10-29,สมุทรสาคร,13.55,100.27,27.4,31.3,24.0,0.7,11.0
2024-10-30,สมุทรสาคร,13.55,100.27,27.1,30.0,24.2,0.2,14.8
2024-10-31,สมุทรสาคร,13.55,100.27,28.0,31.9,24.5,1.8,13.0
2024-11-01,สมุทรสาคร,13.55,100.27,27.9,32.3,24.9,13.0,9.8
2024-11-02,สมุทรสาคร,13.55,100.27,28.4,32.2,25.0,0.4,23.4
2024-11-03,สมุทรสาคร,13.55,100.27,27.9,31.4,25.6,0.0,13.8
2024-11-04,สมุทรสาคร,13.55,100.27,28.1,31.6,25.6,0.7,13.9
2024-11-05,สมุทรสาคร,13.55,100.27,26.6,29.4,24.8,3.3,19.4
2024-11-06,สมุทรสาคร,13.55,100.27,26.9,29.8,24.7,1.7,18.4
2024-11-07,สมุทรสาคร,13.55,100.27,27.1,30.5,24.5,7.3,14.9
2024-11-08,สมุทรสาคร,13.55,100.27,27.4,30.8,24.5,3.1,14.8
2024-11-09,สมุทรสาคร,13.55,100.27,27.6,31.3,24.5,0.0,12.8
2024-11-10,สมุทรสาคร,13.55,100.27,27.6,31.2,24.0,0.0,11.0
2024-11-11,สมุทรสาคร,13.55,100.27,27.7,31.7,23.8,0.0,9.6
2024-11-12,สมุทรสาคร,13.55,100.27,28.3,32.6,24.5,0.0,12.4
2024-11-13,สมุทรสาคร,13.55,100.27,29.0,32.8,25.3,0.1,13.3
2024-11-14,สมุทรสาคร,13.55,100.27,29.2,32.7,26.4,6.6,12.0
2024-11-15,สมุทรสาคร,13.55,100.27,27.4,30.8,24.9,13.2,10.8
2024-11-16,สมุทรสาคร,13.55,100.27,28.6,31.6,25.6,0.1,11.0
2024-11-17,สมุทรสาคร,13.55,100.27,28.1,31.7,25.4,7.0,12.7
2024-11-18,สมุทรสาคร,13.55,100.27,28.0,32.3,24.5,0.0,14.2
2024-11-19,สมุทรสาคร,13.55,100.27,28.1,32.2,24.5,0.0,10.4
2024-11-20,สมุทรสาคร,13.55,100.27,28.2,32.1,24.4,0.0,14.9
2024-11-21,สมุทรสาคร,13.55,100.27,28.4,32.5,24.9,0.1,9.2
2024-11-22,สมุทรสาคร,13.55,100.27,28.3,32.3,24.8,0.0,9.2
2024-11-23,สมุทรสาคร,13.55,100.27,28.6,32.5,25.4,0.0,12.0
2024-11-24,สมุทรสาคร,13.55,100.27,28.6,32.1,25.3,0.0,13.0
2024-11-25,สมุทรสาคร,13.55,100.27,28.7,32.2,25.2,0.0,11.3
2024-11-26,สมุทรสาคร,13.55,100.27,29.0,32.8,25.4,0.0,13.1
2024-11-27,สมุทรสาคร,13.55,100.27,28.7,31.8,25.8,0.0,18.3
2024-11-28,สมุทรสาคร,13.55,100.27,28.2,31.3,25.0,0.0,18.1
2024-11-29,สมุทรสาคร,13.55,100.27,26.2,30.3,23.4,0.0,16.6
2024-11-30,สมุทรสาคร,13.55,100.27,25.2,29.6,21.5,0.0,13.6
2024-12-01,สมุทรสาคร,13.55,100.27,25.5,30.4,21.5,0.0,12.0
2024-12-02,สมุทรสาคร,13.55,100.27,26.3,31.2,21.6,0.0,10.5
2024-12-03,สมุทรสาคร,13.55,100.27,27.2,31.5,23.3,0.0,12.3
2024-12-04,สมุทรสาคร,13.55,100.27,27.4,32.0,23.6,0.0,13.4
2024-12-05,สมุทรสาคร,13.55,100.27,27.5,31.7,23.6,0.0,8.5
2024-12-06,สมุทรสาคร,13.55,100.27,28.0,32.1,25.2,0.0,9.7
2024-12-07,สมุทรสาคร,13.55,100.27,28.0,32.3,24.0,0.0,20.1
2024-12-08,สมุทรสาคร,13.55,100.27,28.5,32.3,25.5,0.2,13.8
2024-12-09,สมุทรสาคร,13.55,100.27,27.6,31.1,24.7,0.0,14.6
2024-12-10,สมุทรสาคร,13.55,100.27,27.0,31.1,23.1,0.0,14.3
2024-12-11,สมุทรสาคร,13.55,100.27,27.6,32.5,23.8,0.0,13.2
2024-12-12,สมุทรสาคร,13.55,100.27,28.1,31.6,26.2,0.0,11.9
2024-12-13,สมุทรสาคร,13.55,100.27,26.9,29.6,25.1,1.2,13.6
2024-12-14,สมุทรสาคร,13.55,100.27,26.7,30.1,24.4,0.3,18.3
2024-12-15,สมุทรสาคร,13.55,100.27,25.5,28.3,22.5,0.0,18.5
2024-12-16,สมุทรสาคร,13.55,100.27,25.0,28.8,22.1,0.0,12.4
2024-12-17,สมุทรสาคร,13.55,100.27,25.0,28.9,21.3,0.0,9.6
2024-12-18,สมุทรสาคร,13.55,100.27,25.6,28.8,21.6,0.0,14.2
2024-12-19,สมุทรสาคร,13.55,100.27,25.5,27.8,22.2,0.0,13.5
2024-12-20,สมุทรสาคร,13.55,100.27,24.0,26.8,20.2,0.0,11.4
2024-12-21,สมุทรสาคร,13.55,100.27,24.0,29.0,19.5,0.0,10.2
2024-12-22,สมุทรสาคร,13.55,100.27,24.2,27.1,20.9,0.0,15.0
2024-12-23,สมุทรสาคร,13.55,100.27,23.3,27.3,19.7,0.0,11.1
2024-12-24,สมุทรสาคร,13.55,100.27,24.4,27.9,20.5,0.0,15.3
2024-12-25,สมุทรสาคร,13.55,100.27,25.0,29.0,21.1,0.0,12.1
2024-12-26,สมุทรสาคร,13.55,100.27,25.5,29.4,22.0,0.0,15.7
2024-12-27,สมุทรสาคร,13.55,100.27,27.2,30.6,24.3,0.1,11.9
2024-12-28,สมุทรสาคร,13.55,100.27,27.7,31.0,25.4,0.0,16.5
2024-12-29,สมุทรสาคร,13.55,100.27,26.1,30.5,22.9,0.0,17.8
2024-12-30,สมุทรสาคร,13.55,100.27,25.9,29.9,22.2,0.0,11.5
2024-12-31,สมุทรสาคร,13.55,100.27,24.6,29.4,20.1,0.0,9.2
2025-01-01,สมุทรสาคร,13.55,100.27,24.6,28.6,20.8,0.0,10.7
2025-01-02,สมุทรสาคร,13.55,100.27,24.6,29.7,19.7,0.0,10.5
2025-01-03,สมุทรสาคร,13.55,100.27,25.2,30.3,21.1,0.0,12.6
2025-01-04,สมุทรสาคร,13.55,100.27,25.4,29.4,21.5,0.0,8.8
2025-01-05,สมุทรสาคร,13.55,100.27,24.9,28.9,20.4,0.0,11.4
2025-01-06,สมุทรสาคร,13.55,100.27,23.7,27.5,19.3,0.0,10.9
2025-01-07,สมุทรสาคร,13.55,100.27,24.4,29.2,19.7,0.0,8.5
2025-01-08,สมุทรสาคร,13.55,100.27,25.3,29.6,20.8,0.0,12.4
2025-01-09,สมุทรสาคร,13.55,100.27,26.6,30.9,22.3,0.0,15.9
2025-01-10,สมุทรสาคร,13.55,100.27,26.8,30.0,23.5,0.0,16.5
2025-01-11,สมุทรสาคร,13.55,100.27,25.6,29.6,21.9,0.0,22.2
2025-01-12,สมุทรสาคร,13.55,100.27,22.8,27.1,18.4,0.0,20.4
2025-01-13,สมุทรสาคร,13.55,100.27,22.0,26.4,17.6,0.0,11.1
2025-01-14,สมุทรสาคร,13.55,100.27,23.2,28.9,17.1,0.0,15.0
2025-01-15,สมุทรสาคร,13.55,100.27,25.6,31.6,19.7,0.0,17.9
2025-01-16,สมุทรสาคร,13.55,100.27,27.2,30.8,23.9,0.0,16.1
2025-01-17,สมุทรสาคร,13.55,100.27,25.9,30.6,21.6,0.0,17.2
2025-01-18,สมุทรสาคร,13.55,100.27,24.7,28.3,20.6,0.0,13.3
2025-01-19,สมุทรสาคร,13.55,100.27,24.6,30.2,18.6,0.0,9.4
2025-01-20,สมุทรสาคร,13.55,100.27,24.6,29.8,19.3,0.0,10.2
2025-01-21,สมุทรสาคร,13.55,100.27,24.7,30.1,20.0,0.0,13.9
2025-01-22,สมุทรสาคร,13.55,100.27,25.1,30.3,19.5,0.0,13.4
2025-01-23,สมุทรสาคร,13.55,100.27,25.1,30.1,19.9,0.0,13.1
2025-01-24,สมุทรสาคร,13.55,100.27,25.5,30.4,20.4,0.0,12.5
2025-01-25,สมุทรสาคร,13.55,100.27,26.0,30.3,21.6,0.0,15.4
2025-01-26,สมุทรสาคร,13.55,100.27,26.4,30.0,23.1,0.0,10.9
2025-01-27,สมุทรสาคร,13.55,100.27,25.5,28.8,22.9,0.8,23.0
2025-01-28,สมุทรสาคร,13.55,100.27,25.5,29.8,21.9,0.0,12.8
2025-01-29,สมุทรสาคร,13.55,100.27,25.2,29.5,21.2,0.0,12.7
2025-01-30,สมุทรสาคร,13.55,100.27,24.8,29.2,20.2,0.0,14.1
2025-01-31,สมุทรสาคร,13.55,100.27,25.4,30.0,19.8,0.0,13.0
2025-02-01,สมุทรสาคร,13.55,100.27,26.0,30.2,21.0,0.0,15.2
2025-02-02,สมุทรสาคร,13.55,100.27,26.3,30.2,22.1,0.0,15.2
2025-02-03,สมุทรสาคร,13.55,100.27,26.5,29.8,23.4,0.0,11.4
2025-02-04,สมุทรสาคร,13.55,100.27,27.3,30.3,25.2,1.3,16.8
2025-02-05,สมุทรสาคร,13.55,100.27,26.6,29.7,23.3,0.7,13.4
2025-02-06,สมุทรสาคร,13.55,100.27,26.8,29.9,23.6,0.0,12.8
2025-02-07,สมุทรสาคร,13.55,100.27,27.2,29.8,24.4,0.1,10.4
2025-02-08,สมุทรสาคร,13.55,100.27,28.4,31.8,25.2,1.0,18.0
2025-02-09,สมุทรสาคร,13.55,100.27,27.1,30.8,23.7,0.0,16.6
2025-02-10,สมุทรสาคร,13.55,100.27,26.0,29.5,21.1,0.0,12.1
2025-02-11,สมุทรสาคร,13.55,100.27,26.6,31.4,21.2,0.0,12.1
2025-02-12,สมุทรสาคร,13.55,100.27,27.3,33.0,22.0,0.0,15.1
2025-02-13,สมุทรสาคร,13.55,100.27,27.5,32.2,22.6,0.0,12.7
2025-02-14,สมุทรสาคร,13.55,100.27,27.7,31.0,23.9,0.0,14.8
2025-02-15,สมุทรสาคร,13.55,100.27,28.4,33.5,23.9,0.0,15.4
2025-02-16,สมุทรสาคร,13.55,100.27,28.2,32.9,23.9,0.0,17.0
2025-02-17,สมุทรสาคร,13.55,100.27,28.1,29.8,26.6,0.7,18.4
2025-02-18,สมุทรสาคร,13.55,100.27,27.4,29.5,25.8,3.8,18.8
2025-02-19,สมุทรสาคร,13.55,100.27,27.3,32.0,23.4,7.8,17.6
2025-02-20,สมุทรสาคร,13.55,100.27,27.5,31.2,23.5,0.9,14.3
2025-02-21,สมุทรสาคร,13.55,100.27,27.4,31.4,24.6,3.3,17.0
2025-02-22,สมุทรสาคร,13.55,100.27,27.7,32.7,23.4,3.4,12.8
2025-02-23,สมุทรสาคร,13.55,100.27,28.1,33.2,24.1,3.8,14.7
2025-02-24,สมุทรสาคร,13.55,100.27,25.8,27.8,24.2,4.6,17.4
2025-02-25,สมุทรสาคร,13.55,100.27,25.0,28.8,22.8,3.6,21.0
2025-02-26,สมุทรสาคร,13.55,100.27,26.7,31.9,21.9,0.0,20.4
2025-02-27,สมุทรสาคร,13.55,100.27,28.1,32.7,23.9,0.0,9.4
2025-02-28,สมุทรสาคร,13.55,100.27,28.0,31.6,24.3,0.0,15.0
2025-03-01,สมุทรสาคร,13.55,100.27,28.2,31.2,25.0,0.3,16.5
2025-03-02,สมุทรสาคร,13.55,100.27,28.8,31.4,27.0,0.0,16.7
2025-03-03,สมุทรสาคร,13.55,100.27,29.0,31.3,27.3,0.0,18.6
2025-03-04,สมุทรสาคร,13.55,100.27,28.9,31.1,27.5,0.0,19.3
2025-03-05,สมุทรสาคร,13.55,100.27,28.9,31.2,27.5,0.1,20.0
2025-03-06,สมุทรสาคร,13.55,100.27,29.0,31.4,27.3,0.0,18.6
2025-03-07,สมุทรสาคร,13.55,100.27,28.2,30.3,25.5,2.3,18.0
2025-03-08,สมุทรสาคร,13.55,100.27,27.5,31.4,24.5,1.4,17.5
2025-03-09,สมุทรสาคร,13.55,100.27,27.6,32.3,23.8,0.0,10.8
2025-03-10,สมุทรสาคร,13.55,100.27,29.2,34.0,25.2,0.0,13.5
2025-03-11,สมุทรสาคร,13.55,100.27,29.6,32.9,27.0,2.0,19.4
2025-03-12,สมุทรสาคร,13.55,100.27,29.0,31.6,25.9,0.3,17.0
2025-03-13,สมุทรสาคร,13.55,100.27,29.1,30.8,28.1,1.7,18.7
2025-03-14,สมุทรสาคร,13.55,100.27,29.1,31.7,26.7,0.0,15.1
2025-03-15,สมุทรสาคร,13.55,100.27,29.7,32.1,27.5,0.0,15.9
2025-03-16,สมุทรสาคร,13.55,100.27,29.8,32.8,27.3,0.2,18.1
2025-03-17,สมุทรสาคร,13.55,100.27,29.1,30.8,28.0,1.7,17.6
2025-03-18,สมุทรสาคร,13.55,100.27,29.2,31.4,26.8,1.2,14.7
2025-03-19,สมุทรสาคร,13.55,100.27,29.3,32.6,26.1,1.1,19.5
2025-03-20,สมุทรสาคร,13.55,100.27,28.0,32.5,23.9,0.0,14.2
2025-03-21,สมุทรสาคร,13.55,100.27,27.5,31.8,23.4,0.0,13.2
2025-03-22,สมุทรสาคร,13.55,100.27,27.7,32.4,23.7,0.0,15.3
2025-03-23,สมุทรสาคร,13.55,100.27,28.3,32.3,23.6,0.0,15.3
2025-03-24,สมุทรสาคร,13.55,100.27,28.8,32.3,24.9,0.0,13.1
2025-03-25,สมุทรสาคร,13.55,100.27,29.0,31.8,26.1,0.0,16.5
2025-03-26,สมุทรสาคร,13.55,100.27,29.4,31.7,27.9,0.0,18.2
2025-03-27,สมุทรสาคร,13.55,100.27,29.4,31.6,27.8,1.2,17.0
2025-03-28,สมุทรสาคร,13.55,100.27,29.5,34.0,26.1,0.0,17.1
2025-03-29,สมุทรสาคร,13.55,100.27,29.4,32.1,26.5,0.0,14.4
2025-03-30,สมุทรสาคร,13.55,100.27,29.0,30.3,26.4,3.5,19.1
2025-03-31,สมุทรสาคร,13.55,100.27,27.3,29.5,24.3,23.5,18.3
2025-04-01,สมุทรสาคร,13.55,100.27,28.3,30.8,25.7,4.4,12.0
2025-04-02,สมุทรสาคร,13.55,100.27,27.8,30.4,25.5,1.8,12.6
2025-04-03,สมุทรสาคร,13.55,100.27,28.7,31.4,26.9,1.2,14.5
2025-04-04,สมุทรสาคร,13.55,100.27,28.9,31.1,26.1,0.2,19.4
2025-04-05,สมุทรสาคร,13.55,100.27,29.3,31.3,28.0,0.1,19.7
2025-04-06,สมุทรสาคร,13.55,100.27,29.5,31.9,27.7,0.0,15.7
2025-04-07,สมุทรสาคร,13.55,100.27,28.8,30.7,27.4,0.2,19.2
2025-04-08,สมุทรสาคร,13.55,100.27,28.6,30.8,26.4,0.9,18.9
2025-04-09,สมุทรสาคร,13.55,100.27,29.7,32.2,27.5,0.0,17.9
2025-04-10,สมุทรสาคร,13.55,100.27,28.5,31.1,26.2,2.6,17.0
2025-04-11,สมุทรสาคร,13.55,100.27,29.3,32.2,26.7,3.2,15.8
2025-04-12,สมุทรสาคร,13.55,100.27,29.2,32.2,26.1,0.0,15.5
2025-04-13,สมุทรสาคร,13.55,100.27,29.9,32.6,26.9,0.4,13.7
2025-04-14,สมุทรสาคร,13.55,100.27,28.5,31.0,25.6,13.9,16.7
2025-04-15,สมุทรสาคร,13.55,100.27,28.7,33.0,25.4,6.6,16.1
2025-04-16,สมุทรสาคร,13.55,100.27,28.5,30.4,25.9,3.7,15.1
2025-04-17,สมุทรสาคร,13.55,100.27,29.5,32.9,26.6,0.2,17.7
2025-04-18,สมุทรสาคร,13.55,100.27,28.9,33.1,26.1,7.0,13.5
2025-04-19,สมุทรสาคร,13.55,100.27,29.3,32.3,26.2,0.9,14.1
2025-04-20,สมุทรสาคร,13.55,100.27,30.5,33.3,27.2,0.1,18.1
2025-04-21,สมุทรสาคร,13.55,100.27,30.7,33.1,27.8,0.0,16.2
2025-04-22,สมุทรสาคร,13.55,100.27,30.7,33.1,28.4,0.0,18.6
2025-04-23,สมุทรสาคร,13.55,100.27,30.8,34.0,26.8,0.1,20.0
2025-04-24,สมุทรสาคร,13.55,100.27,31.1,33.6,29.6,0.0,21.5
2025-04-25,สมุทรสาคร,13.55,100.27,31.1,34.9,27.6,0.0,19.8
2025-04-26,สมุทรสาคร,13.55,100.27,30.4,32.7,29.1,1.0,23.2
2025-04-27,สมุทรสาคร,13.55,100.27,29.5,31.1,26.8,7.0,15.8
2025-04-28,สมุทรสาคร,13.55,100.27,29.3,33.4,26.6,4.1,15.6
2025-04-29,สมุทรสาคร,13.55,100.27,30.0,32.8,27.6,1.6,12.7
2025-04-30,สมุทรสาคร,13.55,100.27,30.4,34.0,26.8,0.0,16.1
2025-05-01,สมุทรสาคร,13.55,100.27,29.8,32.7,26.7,1.0,16.8
2025-05-02,สมุทรสาคร,13.55,100.27,29.5,32.9,25.5,5.6,15.9
2025-05-03,สมุทรสาคร,13.55,100.27,28.5,30.8,26.5,3.0,11.2
2025-05-04,สมุทรสาคร,13.55,100.27,29.5,31.9,26.7,2.0,12.6
2025-05-05,สมุทรสาคร,13.55,100.27,30.2,32.0,28.0,0.1,16.8
2025-05-06,สมุทรสาคร,13.55,100.27,29.3,31.1,27.0,2.3,14.9
2025-05-07,สมุทรสาคร,13.55,100.27,29.2,31.6,26.7,1.4,15.9
2025-05-08,สมุทรสาคร,13.55,100.27,30.0,32.9,27.3,1.2,16.2
2025-05-09,สมุทรสาคร,13.55,100.27,30.4,33.3,27.3,3.1,12.5
2025-05-10,สมุทรสาคร,13.55,100.27,29.3,34.2,26.3,27.1,13.8
2025-05-11,สมุทรสาคร,13.55,100.27,28.0,30.7,25.8,4.1,14.0
2025-05-12,สมุทรสาคร,13.55,100.27,27.7,30.9,25.5,4.2,13.0
2025-05-13,สมุทรสาคร,13.55,100.27,28.2,30.6,26.0,6.3,11.7
2025-05-14,สมุทรสาคร,13.55,100.27,28.2,30.1,26.1,13.8,18.3
2025-05-15,สมุทรสาคร,13.55,100.27,28.2,30.2,25.7,17.4,13.7
2025-05-16,สมุทรสาคร,13.55,100.27,28.1,30.8,25.9,1.2,15.5
2025-05-17,สมุทรสาคร,13.55,100.27,28.3,30.1,26.7,11.1,14.0
2025-05-18,สมุทรสาคร,13.55,100.27,29.1,31.3,26.6,1.6,10.1
2025-05-19,สมุทรสาคร,13.55,100.27,29.3,30.7,26.9,1.9,15.7
2025-05-20,สมุทรสาคร,13.55,100.27,30.1,32.2,27.6,4.5,16.2
2025-05-21,สมุทรสาคร,13.55,100.27,29.8,31.1,28.6,5.0,15.1
2025-05-22,สมุทรสาคร,13.55,100.27,29.4,31.6,27.0,2.1,14.2
2025-05-23,สมุทรสาคร,13.55,100.27,30.0,34.0,27.1,1.3,19.5
2025-05-24,สมุทรสาคร,13.55,100.27,28.6,31.5,26.4,3.6,17.8
2025-05-25,สมุทรสาคร,13.55,100.27,28.1,30.1,26.3,12.8,17.9
2025-05-26,สมุทรสาคร,13.55,100.27,28.1,30.1,26.7,11.9,19.1
2025-05-27,สมุทรสาคร,13.55,100.27,28.5,29.9,27.2,2.8,14.4
2025-05-28,สมุทรสาคร,13.55,100.27,29.5,31.5,27.8,0.3,15.0
2025-05-29,สมุทรสาคร,13.55,100.27,29.5,31.5,28.2,2.5,14.1
2025-05-30,สมุทรสาคร,13.55,100.27,29.1,30.7,27.6,7.3,18.2
2025-05-31,สมุทรสาคร,13.55,100.27,28.7,30.6,26.8,12.8,21.2
2025-06-01,สมุทรสาคร,13.55,100.27,29.1,31.6,27.9,8.0,20.4
2025-06-02,สมุทรสาคร,13.55,100.27,29.1,31.2,27.1,4.9,21.9
2025-06-03,สมุทรสาคร,13.55,100.27,29.1,31.7,27.1,0.0,13.9
2025-06-04,สมุทรสาคร,13.55,100.27,29.1,32.8,25.8,20.0,17.5
2025-06-05,สมุทรสาคร,13.55,100.27,29.1,32.5,26.3,2.6,12.3
2025-06-06,สมุทรสาคร,13.55,100.27,29.6,32.5,26.8,0.1,16.9
2025-06-07,สมุทรสาคร,13.55,100.27,29.4,32.7,26.9,3.3,14.7
2025-06-08,สมุทรสาคร,13.55,100.27,29.3,31.8,26.2,0.2,16.9
2025-06-09,สมุทรสาคร,13.55,100.27,29.1,31.5,27.3,5.0,17.3
2025-06-10,สมุทรสาคร,13.55,100.27,29.5,32.3,26.9,0.3,14.3
2025-06-11,สมุทรสาคร,13.55,100.27,28.9,31.6,26.5,5.4,21.4
2025-06-12,สมุทรสาคร,13.55,100.27,29.1,31.4,26.5,5.5,17.6
2025-06-13,สมุทรสาคร,13.55,100.27,28.0,29.4,26.1,7.5,15.4
2025-06-14,สมุทรสาคร,13.55,100.27,28.5,30.7,27.2,6.3,19.6
2025-06-15,สมุทรสาคร,13.55,100.27,28.6,30.8,27.4,1.8,13.6
2025-06-16,สมุทรสาคร,13.55,100.27,29.1,32.3,26.6,0.5,13.0
2025-06-17,สมุทรสาคร,13.55,100.27,29.2,32.7,26.5,2.0,12.5
2025-06-18,สมุทรสาคร,13.55,100.27,29.3,33.2,26.0,0.0,14.1
2025-06-19,สมุทรสาคร,13.55,100.27,29.3,34.1,26.3,3.8,14.7
2025-06-20,สมุทรสาคร,13.55,100.27,28.9,31.6,26.3,3.9,15.8
2025-06-21,สมุทรสาคร,13.55,100.27,29.1,33.1,27.2,10.3,20.0
2025-06-22,สมุทรสาคร,13.55,100.27,29.1,32.5,26.4,1.4,20.0
2025-06-23,สมุทรสาคร,13.55,100.27,28.8,31.7,26.6,2.9,19.1
2025-06-24,สมุทรสาคร,13.55,100.27,28.7,30.9,27.1,0.6,18.7
2025-06-25,สมุทรสาคร,13.55,100.27,28.8,31.3,26.9,1.4,13.6
2025-06-26,สมุทรสาคร,13.55,100.27,29.4,32.7,26.5,0.7,13.1
2025-06-27,สมุทรสาคร,13.55,100.27,27.7,31.4,25.0,10.6,16.0
2025-06-28,สมุทรสาคร,13.55,100.27,27.8,30.4,25.5,5.3,16.8
2025-06-29,สมุทรสาคร,13.55,100.27,28.0,31.0,25.8,5.0,16.8
2025-06-30,สมุทรสาคร,13.55,100.27,27.8,30.8,26.4,4.9,14.5
2025-07-01,สมุทรสาคร,13.55,100.27,28.3,31.0,26.1,7.7,13.9
2025-07-02,สมุทรสาคร,13.55,100.27,26.9,28.5,25.3,17.8,17.2
2025-07-03,สมุทรสาคร,13.55,100.27,27.8,30.6,25.8,1.7,13.5
2025-07-04,สมุทรสาคร,13.55,100.27,28.5,32.6,26.0,4.2,15.7
2025-07-05,สมุทรสาคร,13.55,100.27,28.5,31.8,26.3,4.1,14.2
2025-07-06,สมุทรสาคร,13.55,100.27,28.3,31.3,26.4,1.8,11.8
2025-07-07,สมุทรสาคร,13.55,100.27,28.5,31.0,26.9,0.8,15.4
2025-07-08,สมุทรสาคร,13.55,100.27,28.0,30.5,26.4,14.3,20.4
2025-07-09,สมุทรสาคร,13.55,100.27,28.4,31.1,25.1,1.0,13.8
2025-07-10,สมุทรสาคร,13.55,100.27,29.2,32.3,26.3,0.5,16.8
2025-07-11,สมุทรสาคร,13.55,100.27,28.6,31.2,26.8,0.0,16.7
2025-07-12,สมุทรสาคร,13.55,100.27,29.1,32.1,27.1,2.2,15.2
2025-07-13,สมุทรสาคร,13.55,100.27,29.0,31.6,27.2,3.1,14.1
2025-07-14,สมุทรสาคร,13.55,100.27,28.7,31.5,26.5,5.5,14.6
2025-07-15,สมุทรสาคร,13.55,100.27,29.2,32.0,27.1,3.0,20.7
2025-07-16,สมุทรสาคร,13.55,100.27,28.4,31.0,25.8,10.3,13.3
2025-07-17,สมุทรสาคร,13.55,100.27,28.0,31.0,26.3,4.7,13.2
2025-07-18,สมุทรสาคร,13.55,100.27,28.6,31.0,26.4,4.5,16.8
2025-07-19,สมุทรสาคร,13.55,100.27,28.7,31.3,27.0,5.0,16.8
2025-07-20,สมุทรสาคร,13.55,100.27,27.4,29.1,26.5,10.3,22.7
2025-07-21,สมุทรสาคร,13.55,100.27,27.6,29.7,26.3,6.1,16.1
2025-07-22,สมุทรสาคร,13.55,100.27,27.5,30.1,26.0,8.5,19.4
2025-07-23,สมุทรสาคร,13.55,100.27,28.4,30.9,26.9,3.5,22.7
2025-07-24,สมุทรสาคร,13.55,100.27,29.4,31.9,27.8,0.4,17.2
2025-07-25,สมุทรสาคร,13.55,100.27,29.6,31.7,27.6,0.2,14.9
2025-07-26,สมุทรสาคร,13.55,100.27,29.5,33.0,27.0,1.6,15.7
2025-07-27,สมุทรสาคร,13.55,100.27,28.2,29.8,26.5,2.8,15.0
2025-07-28,สมุทรสาคร,13.55,100.27,28.6,30.7,27.6,14.5,14.6
2025-07-29,สมุทรสาคร,13.55,100.27,29.2,31.6,27.6,3.2,21.7
2025-07-30,สมุทรสาคร,13.55,100.27,29.3,32.9,26.3,4.7,13.9
2025-07-31,สมุทรสาคร,13.55,100.27,29.8,33.6,26.9,1.1,21.2
2025-08-01,สมุทรสาคร,13.55,100.27,29.7,32.6,27.1,0.2,19.1
2025-08-02,สมุทรสาคร,13.55,100.27,29.9,32.7,26.6,0.0,20.0
2025-08-03,สมุทรสาคร,13.55,100.27,30.0,33.1,27.1,0.0,20.9
2025-08-04,สมุทรสาคร,13.55,100.27,30.1,33.2,26.5,0.0,17.3
2025-08-05,สมุทรสาคร,13.55,100.27,30.3,33.9,27.1,0.2,15.4
2025-08-06,สมุทรสาคร,13.55,100.27,29.2,33.7,26.4,6.7,14.1
2025-08-07,สมุทรสาคร,13.55,100.27,28.9,31.8,26.7,0.6,16.7
2025-08-08,สมุทรสาคร,13.55,100.27,29.0,32.9,26.2,4.3,12.3
2025-08-09,สมุทรสาคร,13.55,100.27,29.0,32.7,26.3,3.9,15.9
2025-08-10,สมุทรสาคร,13.55,100.27,29.7,33.7,26.3,1.4,16.2
2025-08-11,สมุทรสาคร,13.55,100.27,28.3,30.4,26.2,1.5,15.5
2025-08-12,สมุทรสาคร,13.55,100.27,28.8,32.4,26.0,1.8,16.1
2025-08-13,สมุทรสาคร,13.55,100.27,28.7,31.7,25.8,2.3,14.0
2025-08-14,สมุทรสาคร,13.55,100.27,28.9,34.3,25.9,7.0,14.2
2025-08-15,สมุทรสาคร,13.55,100.27,28.1,32.2,25.5,6.8,24.5
2025-08-16,สมุทรสาคร,13.55,100.27,27.2,29.6,25.7,10.2,14.4
2025-08-17,สมุทรสาคร,13.55,100.27,27.2,29.3,25.0,3.1,12.7
2025-08-18,สมุทรสาคร,13.55,100.27,27.7,30.4,26.2,4.8,15.4
2025-08-19,สมุทรสาคร,13.55,100.27,27.7,29.9,26.7,12.5,14.5
2025-08-20,สมุทรสาคร,13.55,100.27,28.0,31.5,25.0,3.0,17.9
2025-08-21,สมุทรสาคร,13.55,100.27,28.3,32.5,25.5,2.4,20.6
2025-08-22,สมุทรสาคร,13.55,100.27,27.0,29.3,25.5,14.5,16.0
2025-08-23,สมุทรสาคร,13.55,100.27,27.3,30.7,25.3,18.9,16.2
2025-08-24,สมุทรสาคร,13.55,100.27,26.9,30.5,24.7,8.2,23.4
2025-08-25,สมุทรสาคร,13.55,100.27,27.6,30.5,25.2,7.3,14.9
2025-08-26,สมุทรสาคร,13.55,100.27,27.5,29.5,26.0,12.1,22.4
2025-08-27,สมุทรสาคร,13.55,100.27,27.8,30.3,26.6,2.2,15.5
2025-08-28,สมุทรสาคร,13.55,100.27,28.4,31.7,26.2,0.3,11.3
2025-08-29,สมุทรสาคร,13.55,100.27,29.1,33.5,25.2,0.1,14.9
2025-08-30,สมุทรสาคร,13.55,100.27,29.0,33.5,25.8,0.2,20.5
2025-08-31,สมุทรสาคร,13.55,100.27,28.2,31.0,25.7,6.3,14.2
2025-09-01,สมุทรสาคร,13.55,100.27,27.9,30.7,25.1,3.9,16.5
2025-09-02,สมุทรสาคร,13.55,100.27,28.3,31.3,26.4,5.7,13.9
2025-09-03,สมุทรสาคร,13.55,100.27,27.6,30.1,25.8,5.1,14.4
2025-09-04,สมุทรสาคร,13.55,100.27,27.5,30.5,25.4,7.2,13.9
2025-09-05,สมุทรสาคร,13.55,100.27,28.0,32.6,25.5,8.9,11.5
2025-09-06,สมุทรสาคร,13.55,100.27,27.7,31.4,25.6,13.0,10.9
2025-09-07,สมุทรสาคร,13.55,100.27,27.4,30.2,25.5,7.6,13.8
2025-09-08,สมุทรสาคร,13.55,100.27,27.1,29.0,25.4,12.4,16.7
2025-09-09,สมุทรสาคร,13.55,100.27,27.8,29.9,26.3,10.0,19.6
2025-09-10,สมุทรสาคร,13.55,100.27,27.1,29.1,25.1,9.0,12.1
2025-09-11,สมุทรสาคร,13.55,100.27,27.9,30.3,25.8,2.5,12.8
2025-09-12,สมุทรสาคร,13.55,100.27,28.0,30.1,26.1,0.9,11.2
2025-09-13,สมุทรสาคร,13.55,100.27,28.3,31.5,25.3,0.0,13.0
2025-09-14,สมุทรสาคร,13.55,100.27,27.4,29.5,24.2,10.9,12.7
2025-09-15,สมุทรสาคร,13.55,100.27,27.9,30.3,25.3,19.5,15.7
2025-09-16,สมุทรสาคร,13.55,100.27,27.6,30.3,25.4,11.1,14.2
2025-09-17,สมุทรสาคร,13.55,100.27,27.8,31.3,25.8,7.7,13.9
2025-09-18,สมุทรสาคร,13.55,100.27,27.5,30.9,25.5,13.1,13.3
2025-09-19,สมุทรสาคร,13.55,100.27,27.5,29.9,25.7,15.8,17.2
2025-09-20,สมุทรสาคร,13.55,100.27,28.8,30.5,27.3,2.2,16.4
2025-09-21,สมุทรสาคร,13.55,100.27,28.7,30.8,27.4,9.2,15.3
2025-09-22,สมุทรสาคร,13.55,100.27,28.7,31.3,26.3,0.8,11.4
2025-09-23,สมุทรสาคร,13.55,100.27,28.4,31.4,25.7,5.7,15.1
2025-09-24,สมุทรสาคร,13.55,100.27,28.3,30.7,27.1,2.4,18.0
2025-09-25,สมุทรสาคร,13.55,100.27,29.0,31.4,27.0,0.7,16.7
2025-09-26,สมุทรสาคร,13.55,100.27,27.3,28.7,25.5,24.5,12.8
2025-09-27,สมุทรสาคร,13.55,100.27,26.5,29.9,25.0,17.5,13.9
2025-09-28,สมุทรสาคร,13.55,100.27,27.5,31.4,24.7,4.5,10.4
2025-09-29,สมุทรสาคร,13.55,100.27,27.9,30.9,25.6,5.5,20.3
2025-09-30,สมุทรสาคร,13.55,100.27,27.8,29.2,26.7,18.5,20.0
2025-10-01,สมุทรสาคร,13.55,100.27,27.9,30.0,24.2,6.5,14.2
2025-10-02,สมุทรสาคร,13.55,100.27,28.6,32.2,25.8,3.6,7.2
2025-10-03,สมุทรสาคร,13.55,100.27,28.5,32.4,24.9,7.8,12.7
2025-10-04,สมุทรสาคร,13.55,100.27,27.6,30.1,25.5,3.2,10.5
2025-10-05,สมุทรสาคร,13.55,100.27,28.1,30.7,25.4,0.1,13.1
2025-10-06,สมุทรสาคร,13.55,100.27,28.3,32.4,25.6,3.9,13.8
2025-10-07,สมุทรสาคร,13.55,100.27,28.1,31.9,26.3,6.6,13.4
2025-10-08,สมุทรสาคร,13.55,100.27,28.0,32.5,25.8,7.2,11.8
2025-10-09,สมุทรสาคร,13.55,100.27,28.0,31.9,25.7,5.4,14.7
2025-10-10,สมุทรสาคร,13.55,100.27,27.7,32.2,25.2,2.0,14.7
2025-10-11,สมุทรสาคร,13.55,100.27,27.7,31.0,25.7,10.6,13.8
2025-10-12,สมุทรสาคร,13.55,100.27,27.7,31.2,25.3,6.1,10.7
2025-10-13,สมุทรสาคร,13.55,100.27,27.8,31.1,25.5,1.5,10.5
2025-10-14,สมุทรสาคร,13.55,100.27,27.1,29.7,24.7,6.3,11.8
2025-10-15,สมุทรสาคร,13.55,100.27,27.1,29.4,25.1,17.9,8.9
2025-10-16,สมุทรสาคร,13.55,100.27,28.2,32.6,25.4,1.2,15.3
2025-10-17,สมุทรสาคร,13.55,100.27,28.4,32.7,25.5,5.4,12.2
2025-10-18,สมุทรสาคร,13.55,100.27,27.6,31.4,24.4,14.9,18.6
2025-10-19,สมุทรสาคร,13.55,100.27,27.4,32.1,24.5,11.1,13.3
2025-10-20,สมุทรสาคร,13.55,100.27,27.7,31.9,23.8,15.2,13.1
2025-10-21,สมุทรสาคร,13.55,100.27,28.4,32.7,24.2,3.9,11.7
2025-10-22,สมุทรสาคร,13.55,100.27,28.7,31.3,25.9,0.4,12.2
2025-10-23,สมุทรสาคร,13.55,100.27,28.0,31.2,25.4,0.3,15.0
2025-10-24,สมุทรสาคร,13.55,100.27,28.1,31.8,24.9,0.0,13.6
2025-10-25,สมุทรสาคร,13.55,100.27,27.8,31.6,25.4,0.0,12.4
2025-10-26,สมุทรสาคร,13.55,100.27,28.6,32.0,25.6,0.7,19.7
2025-10-27,สมุทรสาคร,13.55,100.27,27.9,31.1,25.4,2.9,15.3
2025-10-28,สมุทรสาคร,13.55,100.27,27.6,30.8,25.1,1.1,18.8
2025-10-29,สมุทรสาคร,13.55,100.27,28.0,32.1,25.7,3.5,14.6
2025-10-30,สมุทรสาคร,13.55,100.27,26.8,29.9,24.4,6.9,14.5
2025-10-31,สมุทรสาคร,13.55,100.27,27.0,30.4,24.9,24.2,15.2
2025-11-01,สมุทรสาคร,13.55,100.27,26.4,28.7,25.2,32.7,13.2
2025-11-02,สมุทรสาคร,13.55,100.27,26.8,29.1,25.4,26.5,9.4
2025-11-03,สมุทรสาคร,13.55,100.27,26.4,29.3,24.9,17.0,10.9
2025-11-04,สมุทรสาคร,13.55,100.27,26.7,29.5,24.5,1.5,6.8
2025-11-05,สมุทรสาคร,13.55,100.27,26.9,29.6,24.4,0.8,7.2
2025-11-06,สมุทรสาคร,13.55,100.27,27.5,30.7,24.7,0.5,10.5
2025-11-07,สมุทรสาคร,13.55,100.27,27.8,30.4,25.8,0.2,11.2
2025-11-08,สมุทรสาคร,13.55,100.27,26.7,29.3,24.9,11.2,9.5
2025-11-09,สมุทรสาคร,13.55,100.27,28.2,31.5,25.6,0.3,11.1
2025-11-10,สมุทรสาคร,13.55,100.27,27.3,31.1,25.2,4.3,9.3
2025-11-11,สมุทรสาคร,13.55,100.27,28.2,31.5,24.8,0.4,9.5
2025-11-12,สมุทรสาคร,13.55,100.27,28.6,31.7,26.4,0.7,10.2
2025-11-13,สมุทรสาคร,13.55,100.27,27.1,30.6,25.1,4.2,13.7
2025-11-14,สมุทรสาคร,13.55,100.27,27.7,31.6,24.3,2.8,14.1
2025-11-15,สมุทรสาคร,13.55,100.27,26.6,30.0,24.0,0.0,17.6
2025-11-16,สมุทรสาคร,13.55,100.27,26.9,30.8,23.1,0.0,16.1
2025-11-17,สมุทรสาคร,13.55,100.27,26.0,29.8,24.2,10.1,15.6
2025-11-18,สมุทรสาคร,13.55,100.27,25.8,29.9,24.1,9.2,16.7
2025-11-19,สมุทรสาคร,13.55,100.27,25.8,28.3,24.0,0.0,19.4
2025-11-20,สมุทรสาคร,13.55,100.27,23.9,26.7,21.9,0.0,21.9
2025-11-21,สมุทรสาคร,13.55,100.27,23.9,25.7,22.2,0.0,18.8
2025-11-22,สมุทรสาคร,13.55,100.27,25.2,29.3,21.9,0.0,17.7
2025-11-23,สมุทรสาคร,13.55,100.27,25.9,30.2,22.2,0.0,18.0
2025-11-24,สมุทรสาคร,13.55,100.27,26.6,30.9,23.6,0.0,15.7
2025-11-25,สมุทรสาคร,13.55,100.27,26.1,29.2,23.5,0.0,17.9
2025-11-26,สมุทรสาคร,13.55,100.27,24.7,29.2,21.1,0.0,14.8
2025-11-27,สมุทรสาคร,13.55,100.27,24.0,28.2,20.6,0.0,16.8
2025-11-28,สมุทรสาคร,13.55,100.27,22.0,26.7,18.1,0.0,15.1
2025-11-29,สมุทรสาคร,13.55,100.27,22.3,28.1,17.2,0.0,15.1
2025-11-30,สมุทรสาคร,13.55,100.27,23.3,29.5,18.3,0.0,13.5
2025-12-01,สมุทรสาคร,13.55,100.27,24.8,30.8,19.9,0.0,11.7
2025-12-02,สมุทรสาคร,13.55,100.27,25.6,31.6,21.1,0.0,10.2
2025-12-03,สมุทรสาคร,13.55,100.27,27.1,32.6,22.3,0.0,13.4
2025-12-04,สมุทรสาคร,13.55,100.27,27.5,30.9,24.2,0.0,14.5
2025-12-05,สมุทรสาคร,13.55,100.27,26.1,30.0,23.2,11.9,14.6
2025-12-06,สมุทรสาคร,13.55,100.27,26.6,30.4,23.4,0.1,9.4
2025-12-07,สมุทรสาคร,13.55,100.27,26.6,31.0,23.5,0.0,8.5
2025-12-08,สมุทรสาคร,13.55,100.27,26.2,29.3,23.5,0.0,15.2
2025-12-09,สมุทรสาคร,13.55,100.27,25.4,29.3,22.4,0.0,12.5
2025-12-10,สมุทรสาคร,13.55,100.27,25.4,30.7,21.2,0.0,13.5
2025-12-11,สมุทรสาคร,13.55,100.27,24.0,26.4,22.7,0.4,16.2
2025-12-12,สมุทรสาคร,13.55,100.27,24.8,27.9,22.5,0.1,16.6
2025-12-13,สมุทรสาคร,13.55,100.27,26.1,30.7,23.4,1.2,15.8
2025-12-14,สมุทรสาคร,13.55,100.27,26.6,30.4,23.9,0.8,15.6
2025-12-15,สมุทรสาคร,13.55,100.27,26.4,30.2,23.4,0.1,11.4
2025-12-16,สมุทรสาคร,13.55,100.27,26.6,30.8,22.7,0.0,10.8
2025-12-17,สมุทรสาคร,13.55,100.27,26.6,31.1,23.3,0.1,12.0
2025-12-18,สมุทรสาคร,13.55,100.27,26.6,30.2,23.9,0.2,10.5
2025-12-19,สมุทรสาคร,13.55,100.27,26.0,30.7,22.0,0.0,10.0
2025-12-20,สมุทรสาคร,13.55,100.27,26.0,31.2,22.2,0.0,12.6
2025-12-21,สมุทรสาคร,13.55,100.27,25.8,31.1,22.7,0.0,13.7
2025-12-22,สมุทรสาคร,13.55,100.27,26.1,30.6,22.3,0.0,12.4
2025-12-23,สมุทรสาคร,13.55,100.27,27.0,31.0,23.6,0.6,12.4
2025-12-24,สมุทรสาคร,13.55,100.27,27.0,31.0,23.3,0.0,9.6
2025-12-25,สมุทรสาคร,13.55,100.27,27.1,31.7,23.4,0.0,12.4
2025-12-26,สมุทรสาคร,13.55,100.27,26.7,30.5,23.5,0.0,13.3
2025-12-27,สมุทรสาคร,13.55,100.27,26.1,28.8,22.4,0.0,11.6
2025-12-28,สมุทรสาคร,13.55,100.27,26.8,31.6,23.8,0.0,11.8
2025-12-29,สมุทรสาคร,13.55,100.27,26.5,30.9,22.9,0.0,12.6
2025-12-30,สมุทรสาคร,13.55,100.27,25.6,29.8,21.2,0.0,11.0
2025-12-31,สมุทรสาคร,13.55,100.27,25.4,29.5,21.2,0.0,9.9
2026-01-01,สมุทรสาคร,13.55,100.27,25.5,29.1,21.2,0.0,10.7
2026-01-02,สมุทรสาคร,13.55,100.27,26.8,30.8,23.8,0.0,15.0
2026-01-03,สมุทรสาคร,13.55,100.27,26.7,30.0,23.4,0.0,15.4
2026-01-04,สมุทรสาคร,13.55,100.27,26.0,29.5,22.6,0.0,16.8
2026-01-05,สมุทรสาคร,13.55,100.27,25.4,29.9,21.4,0.0,12.8
2026-01-06,สมุทรสาคร,13.55,100.27,26.7,31.0,21.9,0.0,17.5
2026-01-07,สมุทรสาคร,13.55,100.27,25.9,29.6,22.7,0.0,17.8
2026-01-08,สมุทรสาคร,13.55,100.27,23.9,27.7,20.4,0.0,11.6
2026-01-09,สมุทรสาคร,13.55,100.27,22.2,26.0,17.9,0.0,14.1
2026-01-10,สมุทรสาคร,13.55,100.27,23.1,28.1,18.1,0.0,11.9
2026-01-11,สมุทรสาคร,13.55,100.27,23.3,28.5,18.1,0.0,14.2
2026-01-12,สมุทรสาคร,13.55,100.27,23.5,28.8,18.4,0.0,13.2
2026-01-13,สมุทรสาคร,13.55,100.27,24.7,30.2,19.4,0.0,13.4
2026-01-14,สมุทรสาคร,13.55,100.27,25.3,29.8,20.5,0.0,8.7
2026-01-15,สมุทรสาคร,13.55,100.27,25.8,29.8,22.1,0.0,10.8
2026-01-16,สมุทรสาคร,13.55,100.27,26.1,29.7,22.8,0.0,12.8
2026-01-17,สมุทรสาคร,13.55,100.27,26.6,29.4,23.8,0.6,10.4
2026-01-18,สมุทรสาคร,13.55,100.27,26.7,31.1,23.5,0.3,12.6
2026-01-19,สมุทรสาคร,13.55,100.27,26.9,31.8,23.2,0.9,14.8
2026-01-20,สมุทรสาคร,13.55,100.27,26.8,30.1,23.6,1.0,14.9
2026-01-21,สมุทรสาคร,13.55,100.27,26.6,29.6,23.6,8.7,16.0
2026-01-22,สมุทรสาคร,13.55,100.27,27.4,31.4,23.2,3.0,14.9
2026-01-23,สมุทรสาคร,13.55,100.27,26.9,31.2,23.2,0.0,18.3
2026-01-24,สมุทรสาคร,13.55,100.27,26.2,30.1,22.5,0.0,14.0
2026-01-25,สมุทรสาคร,13.55,100.27,25.5,30.3,21.0,0.0,8.5
2026-01-26,สมุทรสาคร,13.55,100.27,25.8,30.9,21.2,0.0,9.9
2026-01-27,สมุทรสาคร,13.55,100.27,25.6,31.0,20.7,0.0,13.7
2026-01-28,สมุทรสาคร,13.55,100.27,25.6,30.7,21.2,0.0,13.2
2026-01-29,สมุทรสาคร,13.55,100.27,25.9,30.2,22.4,0.0,11.7
2026-01-30,สมุทรสาคร,13.55,100.27,26.3,30.4,21.8,0.1,12.4
2026-01-31,สมุทรสาคร,13.55,100.27,27.0,30.2,23.7,0.8,9.2
2026-02-01,สมุทรสาคร,13.55,100.27,26.8,30.3,24.3,2.3,13.3
2026-02-02,สมุทรสาคร,13.55,100.27,26.9,30.5,23.6,0.0,16.5
2026-02-03,สมุทรสาคร,13.55,100.27,27.1,30.9,23.9,0.0,18.5
2026-02-04,สมุทรสาคร,13.55,100.27,27.2,31.1,22.8,0.0,11.3
2026-02-05,สมุทรสาคร,13.55,100.27,27.3,31.8,23.1,0.0,12.0
2026-02-06,สมุทรสาคร,13.55,100.27,27.9,32.0,24.3,0.0,15.3
2026-02-07,สมุทรสาคร,13.55,100.27,27.8,30.9,24.7,0.1,12.9
2026-02-08,สมุทรสาคร,13.55,100.27,27.4,30.8,24.4,8.1,18.5
2026-02-09,สมุทรสาคร,13.55,100.27,26.5,30.4,23.1,7.3,14.9
2026-02-10,สมุทรสาคร,13.55,100.27,26.7,31.2,22.7,0.0,11.6
2026-02-11,สมุทรสาคร,13.55,100.27,27.7,32.9,23.1,0.0,11.2
2026-02-12,สมุทรสาคร,13.55,100.27,27.8,31.6,23.5,0.0,14.1
2026-02-13,สมุทรสาคร,13.55,100.27,28.4,31.4,25.9,0.1,14.1
2026-02-14,สมุทรสาคร,13.55,100.27,28.3,31.2,24.7,0.0,12.6
2026-02-15,สมุทรสาคร,13.55,100.27,28.7,31.6,25.8,0.0,13.0
2026-02-16,สมุทรสาคร,13.55,100.27,28.9,32.1,25.3,0.1,12.8
2026-02-17,สมุทรสาคร,13.55,100.27,28.8,30.5,27.3,3.1,12.5
2026-02-18,สมุทรสาคร,13.55,100.27,28.3,31.9,23.3,7.9,14.7
2026-02-19,สมุทรสาคร,13.55,100.27,28.8,33.2,25.4,0.0,19.1
2026-02-20,สมุทรสาคร,13.55,100.27,28.6,32.9,25.1,0.0,14.7
2026-02-21,สมุทรสาคร,13.55,100.27,28.5,32.5,24.3,0.0,15.4
2026-02-22,สมุทรสาคร,13.55,100.27,28.6,32.8,24.9,7.2,15.5
2026-02-23,สมุทรสาคร,13.55,100.27,28.5,31.0,25.4,0.0,15.9
2026-02-24,สมุทรสาคร,13.55,100.27,29.1,31.2,27.6,0.0,17.0
2026-02-25,สมุทรสาคร,13.55,100.27,28.6,30.9,25.2,1.6,13.6
2026-02-26,สมุทรสาคร,13.55,100.27,28.2,31.6,24.9,1.7,16.7
2026-02-27,สมุทรสาคร,13.55,100.27,28.6,32.7,25.1,0.7,16.1
2026-02-28,สมุทรสาคร,13.55,100.27,29.2,32.1,26.4,1.4,15.9
2026-03-01,สมุทรสาคร,13.55,100.27,29.4,33.3,25.5,0.0,16.3
2026-03-02,สมุทรสาคร,13.55,100.27,29.8,33.8,25.8,0.0,15.2
2026-03-03,สมุทรสาคร,13.55,100.27,29.8,34.5,25.3,0.0,13.5
2026-03-04,สมุทรสาคร,13.55,100.27,29.4,34.0,25.0,0.0,15.7
2026-03-05,สมุทรสาคร,13.55,100.27,28.8,32.3,24.3,0.0,15.5
2026-03-06,สมุทรสาคร,13.55,100.27,28.7,30.9,26.5,0.6,27.6
2026-03-07,สมุทรสาคร,13.55,100.27,29.1,32.2,26.1,0.0,9.5
2026-03-08,สมุทรสาคร,13.55,100.27,29.5,32.7,27.2,1.3,13.2
2026-03-09,สมุทรสาคร,13.55,100.27,29.4,32.7,25.4,0.1,12.4
2026-03-10,สมุทรสาคร,13.55,100.27,29.6,32.9,27.2,0.1,19.0
2026-03-11,สมุทรสาคร,13.55,100.27,28.7,31.5,24.4,1.3,12.6
2026-03-12,สมุทรสาคร,13.55,100.27,27.5,29.8,22.9,13.5,13.3
2026-03-13,สมุทรสาคร,13.55,100.27,27.5,31.7,23.9,1.9,15.3
2026-03-14,สมุทรสาคร,13.55,100.27,27.2,32.5,21.6,2.1,12.1
2026-03-15,สมุทรสาคร,13.55,100.27,28.9,32.9,25.3,0.0,15.7
2026-03-16,สมุทรสาคร,13.55,100.27,28.3,32.1,24.6,0.3,14.1
2026-03-17,สมุทรสาคร,13.55,100.27,28.6,30.9,25.6,0.7,17.7
2026-03-18,สมุทรสาคร,13.55,100.27,28.8,30.9,26.7,0.0,16.4
2026-03-19,สมุทรสาคร,13.55,100.27,29.2,31.4,26.0,0.0,17.0
2026-03-20,สมุทรสาคร,13.55,100.27,29.6,31.7,28.0,0.0,18.2
2026-03-21,สมุทรสาคร,13.55,100.27,29.6,31.8,27.7,0.0,17.6
2026-03-22,สมุทรสาคร,13.55,100.27,29.7,32.4,27.8,0.1,18.5
2026-03-23,สมุทรสาคร,13.55,100.27,29.6,31.7,28.0,0.2,17.1
2026-03-24,สมุทรสาคร,13.55,100.27,30.1,32.3,28.4,0.0,18.4
2026-03-25,สมุทรสาคร,13.55,100.27,30.2,32.7,28.5,0.0,17.7
2026-03-26,สมุทรสาคร,13.55,100.27,30.2,33.1,28.3,0.0,16.4
2026-03-27,สมุทรสาคร,13.55,100.27,29.9,32.5,28.6,0.0,20.1
2026-03-28,สมุทรสาคร,13.55,100.27,29.9,32.5,28.3,0.0,17.4
2026-03-29,สมุทรสาคร,13.55,100.27,29.7,31.6,28.5,0.6,18.2
2026-03-30,สมุทรสาคร,13.55,100.27,29.5,31.7,28.0,0.0,17.7
2026-03-31,สมุทรสาคร,13.55,100.27,29.4,32.1,27.0,0.0,17.3
2026-04-01,สมุทรสาคร,13.55,100.27,30.0,32.6,28.4,0.0,17.5
2026-04-02,สมุทรสาคร,13.55,100.27,30.0,32.3,28.4,0.2,18.9
2026-04-03,สมุทรสาคร,13.55,100.27,30.1,32.7,28.3,0.0,24.7
2026-04-04,สมุทรสาคร,13.55,100.27,30.5,33.3,28.4,0.0,18.7
2026-04-05,สมุทรสาคร,13.55,100.27,30.5,34.4,26.9,0.0,20.3
2026-04-06,สมุทรสาคร,13.55,100.27,30.7,34.8,26.9,0.0,21.1
2026-04-07,สมุทรสาคร,13.55,100.27,30.6,33.9,26.8,0.0,18.6
2026-04-08,สมุทรสาคร,13.55,100.27,30.6,33.7,27.4,0.0,15.4
2026-04-09,สมุทรสาคร,13.55,100.27,30.3,33.0,28.2,0.0,19.4
2026-04-10,สมุทรสาคร,13.55,100.27,30.4,32.8,28.4,0.0,19.6
2026-04-11,สมุทรสาคร,13.55,100.27,30.8,35.4,27.0,0.0,19.1
2026-04-12,สมุทรสาคร,13.55,100.27,30.9,33.8,27.3,0.0,18.6
2026-04-13,สมุทรสาคร,13.55,100.27,30.7,33.8,27.3,0.0,20.7
2026-04-14,สมุทรสาคร,13.55,100.27,30.9,34.9,27.8,0.0,16.6
2026-04-15,สมุทรสาคร,13.55,100.27,30.5,33.4,26.6,0.0,17.8
2026-04-16,สมุทรสาคร,13.55,100.27,31.1,33.6,28.7,0.0,18.4
2026-04-17,สมุทรสาคร,13.55,100.27,31.2,33.5,29.3,2.9,21.5
2026-04-18,สมุทรสาคร,13.55,100.27,31.1,33.3,29.5,0.0,18.4
2026-04-19,สมุทรสาคร,13.55,100.27,31.5,34.2,30.0,0.1,23.5
2026-04-20,สมุทรสาคร,13.55,100.27,31.0,33.9,29.6,0.8,24.9
2026-04-21,สมุทรสาคร,13.55,100.27,30.6,32.6,28.6,0.5,22.3
2026-04-22,สมุทรสาคร,13.55,100.27,30.9,33.4,28.4,0.2,21.2
2026-04-23,สมุทรสาคร,13.55,100.27,30.5,32.6,28.6,1.7,25.0
2026-04-24,สมุทรสาคร,13.55,100.27,30.7,32.7,29.0,0.1,19.3
2026-04-25,สมุทรสาคร,13.55,100.27,30.8,33.1,29.2,0.0,16.6
2026-04-26,สมุทรสาคร,13.55,100.27,30.8,33.5,28.0,0.0,15.7
2026-04-27,สมุทรสาคร,13.55,100.27,31.1,33.7,29.3,0.0,19.1
2026-04-28,สมุทรสาคร,13.55,100.27,31.4,33.9,29.9,0.1,21.6
2026-04-29,สมุทรสาคร,13.55,100.27,31.0,34.4,26.6,10.5,19.7
2026-04-30,สมุทรสาคร,13.55,100.27,30.2,32.3,27.4,3.8,16.0
2026-05-01,สมุทรสาคร,13.55,100.27,30.1,33.4,26.3,0.7,15.3
2026-05-02,สมุทรสาคร,13.55,100.27,31.0,33.9,28.9,0.1,17.0
2026-05-03,สมุทรสาคร,13.55,100.27,31.5,34.6,29.6,0.4,18.4
2026-05-04,สมุทรสาคร,13.55,100.27,31.0,33.7,29.0,0.5,16.8
2026-05-05,สมุทรสาคร,13.55,100.27,29.4,33.3,25.6,4.5,22.0
2026-05-06,สมุทรสาคร,13.55,100.27,30.0,33.3,25.9,1.1,15.5
2026-05-07,สมุทรสาคร,13.55,100.27,30.2,32.0,28.6,0.5,15.5
2026-05-08,สมุทรสาคร,13.55,100.27,29.3,32.6,26.8,6.0,16.1
2026-05-09,สมุทรสาคร,13.55,100.27,30.2,35.0,26.3,0.1,12.7
2026-05-10,สมุทรสาคร,13.55,100.27,30.4,33.7,27.2,1.6,14.2
2026-05-11,สมุทรสาคร,13.55,100.27,30.2,32.1,28.3,1.7,17.5
2026-05-12,สมุทรสาคร,13.55,100.27,28.9,30.5,27.3,4.7,15.4
2026-05-13,สมุทรสาคร,13.55,100.27,30.0,32.9,26.9,9.7,18.2
2026-05-14,สมุทรสาคร,13.55,100.27,30.2,33.0,27.4,0.5,17.6
2026-05-15,สมุทรสาคร,13.55,100.27,29.7,33.2,27.1,6.5,16.7
2026-05-16,สมุทรสาคร,13.55,100.27,30.1,32.2,26.9,6.8,20.8
2026-05-17,สมุทรสาคร,13.55,100.27,30.2,34.2,27.8,0.8,19.2
2026-05-18,สมุทรสาคร,13.55,100.27,29.4,31.7,27.6,0.6,13.7
2026-05-19,สมุทรสาคร,13.55,100.27,28.4,31.0,26.8,6.9,15.8
2026-05-20,สมุทรสาคร,13.55,100.27,29.1,32.5,27.1,7.5,18.3
2026-05-21,สมุทรสาคร,13.55,100.27,29.7,32.4,27.5,1.1,19.2
2026-05-22,สมุทรสาคร,13.55,100.27,29.5,32.0,27.8,14.0,16.9
2026-05-23,สมุทรสาคร,13.55,100.27,29.8,32.5,26.6,2.3,18.9
2026-05-24,สมุทรสาคร,13.55,100.27,30.4,32.6,27.9,4.0,19.6
2026-05-25,สมุทรสาคร,13.55,100.27,30.3,33.9,27.5,2.3,16.7
2026-05-26,สมุทรสาคร,13.55,100.27,30.4,33.4,27.7,0.8,17.8
2026-05-27,สมุทรสาคร,13.55,100.27,30.7,34.7,27.3,1.2,17.9
2026-05-28,สมุทรสาคร,13.55,100.27,30.7,33.7,27.4,1.7,15.9
2026-05-29,สมุทรสาคร,13.55,100.27,30.5,33.3,28.3,1.9,17.8
2026-05-30,สมุทรสาคร,13.55,100.27,29.7,34.0,27.1,8.2,15.8
2026-05-31,สมุทรสาคร,13.55,100.27,29.9,33.3,26.5,12.5,23.3
2026-06-01,สมุทรสาคร,13.55,100.27,29.2,34.2,25.6,2.7,19.3
2026-06-02,สมุทรสาคร,13.55,100.27,30.1,33.8,26.8,4.2,15.1
2026-06-03,สมุทรสาคร,13.55,100.27,30.4,33.8,27.3,2.2,18.6
2026-06-04,สมุทรสาคร,13.55,100.27,29.7,32.1,27.4,5.0,20.6
2026-06-05,สมุทรสาคร,13.55,100.27,30.0,33.6,27.6,4.4,27.1
2026-06-06,สมุทรสาคร,13.55,100.27,29.9,31.4,29.0,8.6,22.5
2026-06-07,สมุทรสาคร,13.55,100.27,29.7,31.8,27.8,3.2,20.1
2026-06-08,สมุทรสาคร,13.55,100.27,29.7,32.1,27.9,7.4,18.3
2026-06-09,สมุทรสาคร,13.55,100.27,29.8,32.1,27.5,7.4,15.6
2026-06-10,สมุทรสาคร,13.55,100.27,29.5,32.8,26.5,7.3,17.1
2026-06-11,สมุทรสาคร,13.55,100.27,28.4,31.7,26.5,13.2,17.8
2026-06-12,สมุทรสาคร,13.55,100.27,28.3,31.1,26.0,16.4,20.2
2026-06-13,สมุทรสาคร,13.55,100.27,28.7,32.1,26.1,3.8,12.7
2026-06-14,สมุทรสาคร,13.55,100.27,29.5,33.3,27.2,7.2,14.9
2026-06-15,สมุทรสาคร,13.55,100.27,29.4,32.4,27.1,1.4,18.4
2026-06-16,สมุทรสาคร,13.55,100.27,29.1,31.7,27.0,5.2,12.7
2026-06-17,สมุทรสาคร,13.55,100.27,29.6,33.4,27.2,3.8,13.1
2026-06-18,สมุทรสาคร,13.55,100.27,29.3,33.7,27.2,6.5,18.4
2026-06-19,สมุทรสาคร,13.55,100.27,28.3,32.7,25.7,21.7,10.5
2026-06-20,สมุทรสาคร,13.55,100.27,29.4,32.3,25.8,4.3,12.8
2026-06-21,สมุทรสาคร,13.55,100.27,29.5,32.9,27.3,1.3,20.3
2026-06-22,สมุทรสาคร,13.55,100.27,30.1,34.2,26.4,0.1,12.7
2026-06-23,สมุทรสาคร,13.55,100.27,29.7,34.4,26.9,3.2,14.6
2026-06-24,สมุทรสาคร,13.55,100.27,29.7,33.2,26.8,1.2,13.6
2026-06-25,สมุทรสาคร,13.55,100.27,29.1,32.9,26.5,8.2,13.1
2026-06-26,สมุทรสาคร,13.55,100.27,29.1,31.9,27.1,5.3,11.4
2026-06-27,สมุทรสาคร,13.55,100.27,29.5,32.1,27.6,3.6,15.3
2026-06-28,สมุทรสาคร,13.55,100.27,28.6,32.1,26.9,6.0,18.6
2026-06-29,สมุทรสาคร,13.55,100.27,29.0,33.1,27.1,0.7,21.3
2026-06-30,สมุทรสาคร,13.55,100.27,28.9,32.5,27.1,2.0,15.9
2026-07-01,สมุทรสาคร,13.55,100.27,29.8,32.8,28.3,4.5,15.0
2026-07-02,สมุทรสาคร,13.55,100.27,28.6,32.6,27.2,14.4,13.5
2026-07-03,สมุทรสาคร,13.55,100.27,29.0,32.1,27.4,5.3,16.2
2026-07-04,สมุทรสาคร,13.55,100.27,27.8,28.8,26.3,9.1,17.7
2026-07-05,สมุทรสาคร,13.55,100.27,28.9,31.3,26.4,10.3,15.6
2026-07-06,สมุทรสาคร,13.55,100.27,29.3,30.9,27.0,7.1,21.4
2026-07-07,สมุทรสาคร,13.55,100.27,29.4,31.9,27.0,3.8,21.1
2026-07-08,สมุทรสาคร,13.55,100.27,30.3,33.7,28.0,1.7,18.4
2026-07-09,สมุทรสาคร,13.55,100.27,29.5,31.8,28.0,1.8,21.5
2026-07-10,สมุทรสาคร,13.55,100.27,30.0,32.3,27.8,0.7,20.7
2026-07-11,สมุทรสาคร,13.55,100.27,29.8,33.0,28.1,0.3,22.5
2026-07-12,สมุทรสาคร,13.55,100.27,28.2,30.1,26.7,8.3,22.1
2026-07-13,สมุทรสาคร,13.55,100.27,27.7,29.9,26.1,10.9,17.2
2026-07-14,สมุทรสาคร,13.55,100.27,29.2,32.4,27.6,3.7,20.2
2026-07-15,สมุทรสาคร,13.55,100.27,29.6,32.7,27.6,2.9,19.7
2026-07-16,สมุทรสาคร,13.55,100.27,29.0,33.4,27.1,5.4,16.1
2026-07-17,สมุทรสาคร,13.55,100.27,28.2,31.8,26.8,7.3,12.9
2026-07-18,สมุทรสาคร,13.55,100.27,29.4,32.8,26.0,0.0,18.9
2026-07-19,สมุทรสาคร,13.55,100.27,29.3,32.6,25.8,1.5,18.1
2026-07-20,สมุทรสาคร,13.55,100.27,29.3,32.2,25.6,0.0,13.7
2026-07-21,สมุทรสาคร,13.55,100.27,29.8,32.4,26.9,1.1,17.6
2026-07-22,สมุทรสาคร,13.55,100.27,29.2,32.2,27.0,9.4,17.2
2026-07-23,สมุทรสาคร,13.55,100.27,28.6,32.0,25.8,8.3,16.5
2026-07-24,สมุทรสาคร,13.55,100.27,29.7,36.0,27.2,3.5,24.0
2026-07-25,สมุทรสาคร,13.55,100.27,29.7,35.4,27.0,2.0,24.0
2026-07-26,สมุทรสาคร,13.55,100.27,30.3,34.9,27.2,1.0,21.7
2026-07-27,สมุทรสาคร,13.55,100.27,29.4,35.0,27.2,9.4,24.0
2026-07-28,สมุทรสาคร,13.55,100.27,29.2,33.0,27.4,10.4,14.8
2026-07-29,สมุทรสาคร,13.55,100.27,28.1,32.9,26.4,11.0,18.1
2026-07-30,สมุทรสาคร,13.55,100.27,28.1,31.8,25.7,27.5,14.0
2026-07-31,สมุทรสาคร,13.55,100.27,27.5,30.5,25.8,11.8,15.7
2026-08-01,สมุทรสาคร,13.55,100.27,28.5,32.8,25.8,4.1,25.4
2026-08-02,สมุทรสาคร,13.55,100.27,29.0,31.5,26.8,9.8,14.0
2026-08-03,สมุทรสาคร,13.55,100.27,29.7,32.1,27.0,0.2,15.6
2026-08-04,สมุทรสาคร,13.55,100.27,29.6,33.3,27.4,8.0,17.7
2026-08-05,สมุทรสาคร,13.55,100.27,29.6,32.3,28.1,4.1,18.8
2026-08-06,สมุทรสาคร,13.55,100.27,29.2,31.4,27.3,3.2,20.6
2026-08-07,สมุทรสาคร,13.55,100.27,29.2,31.2,27.7,6.1,17.4
2026-08-08,สมุทรสาคร,13.55,100.27,28.9,31.7,26.9,14.5,19.7
2026-08-09,สมุทรสาคร,13.55,100.27,28.9,30.3,27.3,2.6,16.4
2026-08-10,สมุทรสาคร,13.55,100.27,29.0,32.2,27.1,3.3,22.1
2026-08-11,สมุทรสาคร,13.55,100.27,28.7,31.2,27.1,1.9,16.2
2026-08-12,สมุทรสาคร,13.55,100.27,29.0,31.2,27.5,6.4,19.3
2026-08-13,สมุทรสาคร,13.55,100.27,29.5,33.5,27.5,0.2,21.9
2026-08-14,สมุทรสาคร,13.55,100.27,29.8,33.9,26.8,3.0,18.2
2026-08-15,สมุทรสาคร,13.55,100.27,30.4,34.6,28.1,1.0,21.8
2026-08-16,สมุทรสาคร,13.55,100.27,30.3,34.2,27.8,1.0,12.9
2026-08-17,สมุทรสาคร,13.55,100.27,29.0,32.6,26.2,4.6,20.9
2026-08-18,สมุทรสาคร,13.55,100.27,28.9,34.4,26.3,11.6,20.6
2026-08-19,สมุทรสาคร,13.55,100.27,29.0,33.9,27.0,7.3,17.2
2026-08-20,สมุทรสาคร,13.55,100.27,27.8,30.0,26.3,7.4,21.9
2026-08-21,สมุทรสาคร,13.55,100.27,28.2,30.6,26.3,4.1,17.6
2026-08-22,สมุทรสาคร,13.55,100.27,28.6,30.9,27.1,1.7,17.7
2026-08-23,สมุทรสาคร,13.55,100.27,27.9,31.8,26.3,6.8,19.1
2026-08-24,สมุทรสาคร,13.55,100.27,30.0,34.2,27.2,0.4,20.7
2026-08-25,สมุทรสาคร,13.55,100.27,29.6,34.4,27.3,4.2,21.3
2026-08-26,สมุทรสาคร,13.55,100.27,29.1,32.4,27.0,2.0,18.4
2026-08-27,สมุทรสาคร,13.55,100.27,29.3,32.3,27.2,9.5,22.6
2026-08-28,สมุทรสาคร,13.55,100.27,27.9,30.3,26.0,12.2,18.9
2026-08-29,สมุทรสาคร,13.55,100.27,28.2,29.9,26.6,13.1,16.3
2026-08-30,สมุทรสาคร,13.55,100.27,29.8,33.3,27.4,2.1,15.7
2026-08-31,สมุทรสาคร,13.55,100.27,28.2,32.8,26.2,12.4,15.9
2026-09-01,สมุทรสาคร,13.55,100.27,28.2,31.0,26.3,2.1,11.5
2026-09-02,สมุทรสาคร,13.55,100.27,28.6,32.7,26.6,5.5,11.6
2026-09-03,สมุทรสาคร,13.55,100.27,29.0,32.7,26.1,1.7,16.5
2026-09-04,สมุทรสาคร,13.55,100.27,29.8,34.3,26.7,1.3,14.3
2026-09-05,สมุทรสาคร,13.55,100.27,29.9,34.6,27.3,1.1,14.6
2026-09-06,สมุทรสาคร,13.55,100.27,28.8,32.1,27.0,2.7,26.7
2026-09-07,สมุทรสาคร,13.55,100.27,28.8,31.8,26.2,5.9,15.6
2026-09-08,สมุทรสาคร,13.55,100.27,28.8,31.5,26.1,10.3,16.0
2026-09-09,สมุทรสาคร,13.55,100.27,29.1,30.9,27.0,4.0,14.5
2026-09-10,สมุทรสาคร,13.55,100.27,28.1,32.0,25.4,52.1,13.5
2026-09-11,สมุทรสาคร,13.55,100.27,27.2,31.5,24.9,14.4,13.5
2026-09-12,สมุทรสาคร,13.55,100.27,27.1,31.6,24.3,24.0,16.5
2026-09-13,สมุทรสาคร,13.55,100.27,28.0,30.8,24.6,7.7,12.5
2026-09-14,สมุทรสาคร,13.55,100.27,27.5,29.8,24.7,12.1,10.4
2026-09-15,สมุทรสาคร,13.55,100.27,27.5,29.9,26.0,31.2,13.4
2026-09-16,สมุทรสาคร,13.55,100.27,28.0,32.0,26.6,14.6,16.2
2026-09-17,สมุทรสาคร,13.55,100.27,28.0,31.0,26.6,9.0,19.5
2026-09-18,สมุทรสาคร,13.55,100.27,28.5,30.9,26.2,4.9,15.8
2026-09-19,สมุทรสาคร,13.55,100.27,28.1,30.1,26.0,21.2,18.6
2026-09-20,สมุทรสาคร,13.55,100.27,28.7,31.2,26.8,8.8,14.6
2026-09-21,สมุทรสาคร,13.55,100.27,27.4,31.8,25.1,12.4,9.5
2026-09-22,สมุทรสาคร,13.55,100.27,27.3,31.3,25.1,19.7,11.1
2026-09-23,สมุทรสาคร,13.55,100.27,27.5,32.0,25.3,9.5,14.3
2026-09-24,สมุทรสาคร,13.55,100.27,26.3,30.3,24.9,7.3,14.7
2021-01-01,จันทบุรี,12.61,102.1,22.0,25.7,17.6,0.0,23.5
2021-01-02,จันทบุรี,12.61,102.1,23.1,28.0,18.7,0.0,20.7
2021-01-03,จันทบุรี,12.61,102.1,25.0,30.1,21.1,0.0,19.1
2021-01-04,จันทบุรี,12.61,102.1,25.9,31.6,21.7,0.0,20.9
2021-01-05,จันทบุรี,12.61,102.1,24.6,26.8,22.5,0.0,15.0
2021-01-06,จันทบุรี,12.61,102.1,26.6,32.8,21.8,0.0,15.0
2021-01-07,จันทบุรี,12.61,102.1,27.5,33.0,24.0,0.0,17.1
2021-01-08,จันทบุรี,12.61,102.1,27.0,32.1,23.3,0.0,20.0
2021-01-09,จันทบุรี,12.61,102.1,23.7,29.0,18.5,0.0,24.3
2021-01-10,จันทบุรี,12.61,102.1,24.0,30.0,19.5,0.0,19.4
2021-01-11,จันทบุรี,12.61,102.1,23.8,28.7,19.4,0.0,21.3
2021-01-12,จันทบุรี,12.61,102.1,19.8,24.8,13.5,0.0,28.7
2021-01-13,จันทบุรี,12.61,102.1,21.0,27.4,15.8,0.0,19.2
2021-01-14,จันทบุรี,12.61,102.1,23.2,30.2,18.3,0.0,12.8
2021-01-15,จันทบุรี,12.61,102.1,23.7,31.7,17.5,0.0,9.8
2021-01-16,จันทบุรี,12.61,102.1,24.1,30.9,19.2,0.1,13.0
2021-01-17,จันทบุรี,12.61,102.1,25.8,32.1,20.1,0.0,18.9
2021-01-18,จันทบุรี,12.61,102.1,23.6,28.4,19.2,0.0,23.6
2021-01-19,จันทบุรี,12.61,102.1,22.7,28.7,17.7,0.0,20.0
2021-01-20,จันทบุรี,12.61,102.1,23.5,30.4,18.5,0.0,11.7
2021-01-21,จันทบุรี,12.61,102.1,24.0,31.7,17.3,0.0,8.7
2021-01-22,จันทบุรี,12.61,102.1,24.5,32.2,18.4,0.0,14.8
2021-01-23,จันทบุรี,12.61,102.1,25.2,32.5,19.6,0.0,13.7
2021-01-24,จันทบุรี,12.61,102.1,25.4,29.8,21.9,1.3,10.2
2021-01-25,จันทบุรี,12.61,102.1,25.7,30.6,22.5,2.4,9.9
2021-01-26,จันทบุรี,12.61,102.1,26.4,32.1,23.2,1.0,10.1
2021-01-27,จันทบุรี,12.61,102.1,26.4,33.9,22.5,0.8,14.3
2021-01-28,จันทบุรี,12.61,102.1,27.1,33.6,23.1,0.8,12.9
2021-01-29,จันทบุรี,12.61,102.1,26.9,32.3,23.1,0.0,16.2
2021-01-30,จันทบุรี,12.61,102.1,26.2,32.5,22.1,0.0,16.1
2021-01-31,จันทบุรี,12.61,102.1,26.5,33.0,22.2,0.0,14.1
2021-02-01,จันทบุรี,12.61,102.1,26.8,33.4,21.9,0.0,14.0
2021-02-02,จันทบุรี,12.61,102.1,26.7,33.9,21.0,0.0,12.7
2021-02-03,จันทบุรี,12.61,102.1,26.3,34.2,21.1,0.0,11.5
2021-02-04,จันทบุรี,12.61,102.1,26.5,33.4,21.5,0.0,14.8
2021-02-05,จันทบุรี,12.61,102.1,26.8,33.6,21.1,0.0,14.3
2021-02-06,จันทบุรี,12.61,102.1,26.6,33.8,21.9,0.0,12.2
2021-02-07,จันทบุรี,12.61,102.1,26.4,33.6,21.5,0.0,13.9
2021-02-08,จันทบุรี,12.61,102.1,26.2,31.0,22.8,2.0,9.8
2021-02-09,จันทบุรี,12.61,102.1,24.5,27.8,22.3,10.3,10.2
2021-02-10,จันทบุรี,12.61,102.1,24.8,28.7,22.1,0.9,17.1
2021-02-11,จันทบุรี,12.61,102.1,26.0,31.9,22.2,0.0,15.3
2021-02-12,จันทบุรี,12.61,102.1,26.2,33.0,20.6,0.0,10.7
2021-02-13,จันทบุรี,12.61,102.1,25.1,32.9,18.0,0.0,8.9
2021-02-14,จันทบุรี,12.61,102.1,25.2,31.1,20.3,0.3,13.8
2021-02-15,จันทบุรี,12.61,102.1,25.1,30.0,21.2,1.0,14.1
2021-02-16,จันทบุรี,12.61,102.1,25.3,29.0,21.8,2.0,12.3
2021-02-17,จันทบุรี,12.61,102.1,25.0,29.4,22.3,13.4,8.8
2021-02-18,จันทบุรี,12.61,102.1,26.2,33.2,22.1,0.0,17.1
2021-02-19,จันทบุรี,12.61,102.1,25.9,31.9,20.9,0.0,18.0
2021-02-20,จันทบุรี,12.61,102.1,25.8,32.6,21.0,0.0,17.5
2021-02-21,จันทบุรี,12.61,102.1,25.2,32.2,19.5,0.0,10.6
2021-02-22,จันทบุรี,12.61,102.1,24.9,31.2,19.3,0.0,15.3
2021-02-23,จันทบุรี,12.61,102.1,25.6,30.8,20.7,0.1,13.7
2021-02-24,จันทบุรี,12.61,102.1,25.8,30.4,21.8,0.5,13.0
2021-02-25,จันทบุรี,12.61,102.1,26.2,31.6,21.5,0.0,12.8
2021-02-26,จันทบุรี,12.61,102.1,26.4,32.6,22.0,0.0,13.9
2021-02-27,จันทบุรี,12.61,102.1,26.7,33.2,22.0,0.0,13.9
2021-02-28,จันทบุรี,12.61,102.1,26.8,31.3,23.1,0.2,13.6
2021-03-01,จันทบุรี,12.61,102.1,25.8,30.7,23.6,17.8,13.1
2021-03-02,จันทบุรี,12.61,102.1,26.3,30.9,22.9,9.2,11.9
2021-03-03,จันทบุรี,12.61,102.1,25.5,27.8,23.7,13.6,13.0
2021-03-04,จันทบุรี,12.61,102.1,26.4,31.4,23.1,1.5,9.0
2021-03-05,จันทบุรี,12.61,102.1,26.6,31.2,23.3,1.1,13.5
2021-03-06,จันทบุรี,12.61,102.1,27.1,33.1,23.3,0.0,12.5
2021-03-07,จันทบุรี,12.61,102.1,26.8,31.8,23.1,1.3,12.2
2021-03-08,จันทบุรี,12.61,102.1,25.6,30.5,23.3,13.4,8.2
2021-03-09,จันทบุรี,12.61,102.1,25.3,31.2,22.7,7.8,13.4
2021-03-10,จันทบุรี,12.61,102.1,25.4,29.4,23.5,4.9,8.0
2021-03-11,จันทบุรี,12.61,102.1,25.7,29.8,22.9,3.5,8.6
2021-03-12,จันทบุรี,12.61,102.1,25.9,30.0,22.7,2.1,9.9
2021-03-13,จันทบุรี,12.61,102.1,26.0,30.3,23.1,5.0,9.3
2021-03-14,จันทบุรี,12.61,102.1,26.0,29.8,23.2,4.1,10.2
2021-03-15,จันทบุรี,12.61,102.1,26.2,30.3,23.2,1.7,9.5
2021-03-16,จันทบุรี,12.61,102.1,26.1,29.6,23.6,2.9,9.7
2021-03-17,จันทบุรี,12.61,102.1,26.1,29.4,23.7,4.3,8.7
2021-03-18,จันทบุรี,12.61,102.1,26.5,30.7,23.6,1.7,9.8
2021-03-19,จันทบุรี,12.61,102.1,27.0,30.7,24.0,0.9,12.2
2021-03-20,จันทบุรี,12.61,102.1,27.2,30.7,24.2,1.3,11.2
2021-03-21,จันทบุรี,12.61,102.1,27.9,32.5,24.7,1.3,9.4
2021-03-22,จันทบุรี,12.61,102.1,26.9,32.2,24.0,5.7,11.3
2021-03-23,จันทบุรี,12.61,102.1,27.0,32.4,23.1,0.0,17.8
2021-03-24,จันทบุรี,12.61,102.1,27.9,34.5,23.5,0.0,15.9
2021-03-25,จันทบุรี,12.61,102.1,26.8,31.5,22.9,2.9,12.1
2021-03-26,จันทบุรี,12.61,102.1,26.8,30.1,23.8,3.3,9.6
2021-03-27,จันทบุรี,12.61,102.1,27.4,31.8,23.7,1.4,11.4
2021-03-28,จันทบุรี,12.61,102.1,27.2,30.6,24.6,0.9,10.5
2021-03-29,จันทบุรี,12.61,102.1,27.7,32.0,24.5,0.1,12.7
2021-03-30,จันทบุรี,12.61,102.1,27.9,31.6,24.9,0.6,14.8
2021-03-31,จันทบุรี,12.61,102.1,27.8,32.6,24.9,0.1,14.1
2021-04-01,จันทบุรี,12.61,102.1,28.1,32.0,25.0,0.9,12.5
2021-04-02,จันทบุรี,12.61,102.1,28.4,32.6,25.5,2.0,13.7
2021-04-03,จันทบุรี,12.61,102.1,28.6,34.2,24.7,1.3,10.8
2021-04-04,จันทบุรี,12.61,102.1,26.5,29.3,25.1,15.6,12.6
2021-04-05,จันทบุรี,12.61,102.1,26.7,32.6,24.3,15.9,10.0
2021-04-06,จันทบุรี,12.61,102.1,25.6,29.4,23.5,7.2,7.6
2021-04-07,จันทบุรี,12.61,102.1,25.9,29.3,23.7,4.3,8.7
2021-04-08,จันทบุรี,12.61,102.1,26.0,30.4,23.7,10.4,5.4
2021-04-09,จันทบุรี,12.61,102.1,26.1,30.8,23.7,11.7,10.9
2021-04-10,จันทบุรี,12.61,102.1,26.0,29.9,23.6,6.0,10.9
2021-04-11,จันทบุรี,12.61,102.1,25.7,31.4,23.3,17.4,7.6
2021-04-12,จันทบุรี,12.61,102.1,25.8,30.1,23.1,14.1,7.9
2021-04-13,จันทบุรี,12.61,102.1,26.2,30.5,22.7,8.3,5.8
2021-04-14,จันทบุรี,12.61,102.1,26.6,30.4,24.1,8.9,8.2
2021-04-15,จันทบุรี,12.61,102.1,27.0,31.2,23.6,2.1,7.9
2021-04-16,จันทบุรี,12.61,102.1,27.4,31.0,24.7,1.6,10.7
2021-04-17,จันทบุรี,12.61,102.1,26.7,29.5,24.5,13.9,7.9
2021-04-18,จันทบุรี,12.61,102.1,27.1,30.4,24.4,0.9,10.7
2021-04-19,จันทบุรี,12.61,102.1,26.2,29.1,24.6,5.0,10.7
2021-04-20,จันทบุรี,12.61,102.1,26.0,28.8,24.2,10.1,10.5
2021-04-21,จันทบุรี,12.61,102.1,27.4,31.4,24.1,1.0,11.5
2021-04-22,จันทบุรี,12.61,102.1,27.6,30.8,25.0,9.1,9.2
2021-04-23,จันทบุรี,12.61,102.1,26.9,30.7,24.7,6.4,9.6
2021-04-24,จันทบุรี,12.61,102.1,26.0,29.3,24.5,16.2,11.8
2021-04-25,จันทบุรี,12.61,102.1,26.9,29.7,24.4,3.3,8.3
2021-04-26,จันทบุรี,12.61,102.1,26.9,29.4,24.9,3.8,9.3
2021-04-27,จันทบุรี,12.61,102.1,26.2,30.0,24.4,18.1,8.0
2021-04-28,จันทบุรี,12.61,102.1,25.9,28.9,23.2,16.8,6.2
2021-04-29,จันทบุรี,12.61,102.1,25.4,29.6,23.4,16.2,7.8
2021-04-30,จันทบุรี,12.61,102.1,25.6,30.2,23.0,15.2,6.3
2021-05-01,จันทบุรี,12.61,102.1,25.7,30.4,23.5,10.6,11.3
2021-05-02,จันทบุรี,12.61,102.1,26.5,30.2,23.8,8.0,5.9
2021-05-03,จันทบุรี,12.61,102.1,26.9,31.0,23.8,9.0,6.4
2021-05-04,จันทบุรี,12.61,102.1,27.6,31.9,24.7,7.3,9.7
2021-05-05,จันทบุรี,12.61,102.1,27.3,32.0,23.7,2.9,6.8
2021-05-06,จันทบุรี,12.61,102.1,25.9,30.6,22.8,40.0,11.2
2021-05-07,จันทบุรี,12.61,102.1,27.5,31.5,24.7,2.6,13.8
2021-05-08,จันทบุรี,12.61,102.1,26.9,31.8,24.3,13.3,5.4
2021-05-09,จันทบุรี,12.61,102.1,26.8,31.0,24.3,3.4,7.2
2021-05-10,จันทบุรี,12.61,102.1,27.5,31.3,24.7,6.3,9.0
2021-05-11,จันทบุรี,12.61,102.1,27.6,31.7,24.6,5.4,8.4
2021-05-12,จันทบุรี,12.61,102.1,27.8,31.8,24.5,2.0,7.9
2021-05-13,จันทบุรี,12.61,102.1,27.8,31.7,24.5,4.9,10.0
2021-05-14,จันทบุรี,12.61,102.1,27.9,31.6,24.8,4.2,9.2
2021-05-15,จันทบุรี,12.61,102.1,26.7,29.8,24.9,19.7,6.9
2021-05-16,จันทบุรี,12.61,102.1,26.8,31.0,24.3,13.9,8.6
2021-05-17,จันทบุรี,12.61,102.1,27.9,31.8,25.3,4.9,8.3
2021-05-18,จันทบุรี,12.61,102.1,26.5,29.2,25.1,18.0,11.2
2021-05-19,จันทบุรี,12.61,102.1,26.9,31.2,24.3,16.5,7.5
2021-05-20,จันทบุรี,12.61,102.1,26.6,29.8,24.5,11.9,7.7
2021-05-21,จันทบุรี,12.61,102.1,27.2,29.9,24.4,17.7,10.7
2021-05-22,จันทบุรี,12.61,102.1,27.3,29.9,25.1,10.3,14.1
2021-05-23,จันทบุรี,12.61,102.1,28.2,30.4,25.1,8.2,14.6
2021-05-24,จันทบุรี,12.61,102.1,27.8,30.6,25.0,7.8,13.6
2021-05-25,จันทบุรี,12.61,102.1,26.6,29.8,24.6,30.9,16.6
2021-05-26,จันทบุรี,12.61,102.1,26.2,27.2,25.3,16.2,10.0
2021-05-27,จันทบุรี,12.61,102.1,25.6,28.6,23.8,41.8,11.8
2021-05-28,จันทบุรี,12.61,102.1,25.1,27.4,22.9,39.8,8.3
2021-05-29,จันทบุรี,12.61,102.1,26.7,29.6,24.4,8.1,12.1
2021-05-30,จันทบุรี,12.61,102.1,27.4,30.0,25.3,4.2,12.3
2021-05-31,จันทบุรี,12.61,102.1,27.4,30.2,25.4,13.3,10.3
2021-06-01,จันทบุรี,12.61,102.1,27.9,31.1,25.3,4.3,12.0
2021-06-02,จันทบุรี,12.61,102.1,28.0,31.1,25.5,1.7,11.1
2021-06-03,จันทบุรี,12.61,102.1,28.3,31.3,25.9,2.6,11.0
2021-06-04,จันทบุรี,12.61,102.1,28.2,31.4,26.0,8.6,11.4
2021-06-05,จันทบุรี,12.61,102.1,27.8,30.3,25.6,7.6,11.6
2021-06-06,จันทบุรี,12.61,102.1,27.5,30.3,25.4,15.2,14.2
2021-06-07,จันทบุรี,12.61,102.1,25.7,26.8,24.6,34.3,15.5
2021-06-08,จันทบุรี,12.61,102.1,25.8,28.1,24.1,15.8,16.8
2021-06-09,จันทบุรี,12.61,102.1,26.0,28.9,24.1,10.9,15.5
2021-06-10,จันทบุรี,12.61,102.1,25.1,26.4,23.8,41.3,16.7
2021-06-11,จันทบุรี,12.61,102.1,26.3,29.0,25.2,17.7,13.1
2021-06-12,จันทบุรี,12.61,102.1,26.5,29.5,23.8,11.3,17.2
2021-06-13,จันทบุรี,12.61,102.1,25.9,28.5,24.9,8.4,14.0
2021-06-14,จันทบุรี,12.61,102.1,26.1,28.8,24.3,11.3,15.3
2021-06-15,จันทบุรี,12.61,102.1,26.3,28.8,24.4,11.6,12.0
2021-06-16,จันทบุรี,12.61,102.1,26.9,29.7,24.7,5.9,16.3
2021-06-17,จันทบุรี,12.61,102.1,27.1,30.4,24.8,3.1,11.9
2021-06-18,จันทบุรี,12.61,102.1,27.0,29.9,24.9,1.7,9.2
2021-06-19,จันทบุรี,12.61,102.1,27.0,30.2,24.3,7.4,12.7
2021-06-20,จันทบุรี,12.61,102.1,26.6,30.9,23.2,10.6,11.6
2021-06-21,จันทบุรี,12.61,102.1,26.2,29.5,23.6,35.8,12.2
2021-06-22,จันทบุรี,12.61,102.1,26.3,29.6,23.4,22.7,12.6
2021-06-23,จันทบุรี,12.61,102.1,26.0,28.4,24.2,19.5,17.1
2021-06-24,จันทบุรี,12.61,102.1,26.9,30.0,24.6,2.5,12.8
2021-06-25,จันทบุรี,12.61,102.1,26.9,29.9,24.0,2.7,13.5
2021-06-26,จันทบุรี,12.61,102.1,26.9,29.5,24.5,4.1,14.8
2021-06-27,จันทบุรี,12.61,102.1,27.0,29.9,24.5,3.4,14.3
2021-06-28,จันทบุรี,12.61,102.1,26.9,30.2,24.5,4.9,13.2
2021-06-29,จันทบุรี,12.61,102.1,27.1,30.2,24.3,5.7,14.2
2021-06-30,จันทบุรี,12.61,102.1,26.6,29.3,24.4,23.2,11.2
2021-07-01,จันทบุรี,12.61,102.1,27.2,30.7,24.5,2.8,12.1
2021-07-02,จันทบุรี,12.61,102.1,26.4,29.9,23.6,9.3,12.3
2021-07-03,จันทบุรี,12.61,102.1,27.4,31.8,23.9,1.3,8.4
2021-07-04,จันทบุรี,12.61,102.1,27.6,31.2,24.8,2.7,9.7
2021-07-05,จันทบุรี,12.61,102.1,27.5,31.2,25.0,8.4,9.2
2021-07-06,จันทบุรี,12.61,102.1,26.0,28.9,24.5,31.5,14.8
2021-07-07,จันทบุรี,12.61,102.1,25.2,27.9,24.0,31.8,13.6
2021-07-08,จันทบุรี,12.61,102.1,25.3,27.6,24.3,27.0,11.2
2021-07-09,จันทบุรี,12.61,102.1,25.0,28.1,23.4,30.6,11.0
2021-07-10,จันทบุรี,12.61,102.1,24.1,25.3,23.1,41.4,12.6
2021-07-11,จันทบุรี,12.61,102.1,25.4,28.6,22.7,26.5,10.8
2021-07-12,จันทบุรี,12.61,102.1,26.3,29.8,23.5,5.3,10.2
2021-07-13,จันทบุรี,12.61,102.1,26.4,31.3,23.2,10.1,9.2
2021-07-14,จันทบุรี,12.61,102.1,26.2,28.7,24.0,10.7,7.8
2021-07-15,จันทบุรี,12.61,102.1,24.7,25.4,23.5,34.7,8.2
2021-07-16,จันทบุรี,12.61,102.1,25.4,27.7,23.5,17.1,12.2
2021-07-17,จันทบุรี,12.61,102.1,26.9,29.8,24.2,11.0,14.5
2021-07-18,จันทบุรี,12.61,102.1,26.2,29.0,24.1,16.2,18.4
2021-07-19,จันทบุรี,12.61,102.1,26.9,29.5,25.6,3.8,20.0
2021-07-20,จันทบุรี,12.61,102.1,26.2,27.9,24.4,11.0,17.8
2021-07-21,จันทบุรี,12.61,102.1,25.4,26.8,24.3,24.8,15.0
2021-07-22,จันทบุรี,12.61,102.1,26.7,29.8,24.6,7.0,18.8
2021-07-23,จันทบุรี,12.61,102.1,26.3,29.2,24.4,18.4,16.4
2021-07-24,จันทบุรี,12.61,102.1,25.6,27.5,24.1,27.3,16.9
2021-07-25,จันทบุรี,12.61,102.1,26.0,28.4,24.5,9.9,17.6
2021-07-26,จันทบุรี,12.61,102.1,26.6,29.6,25.1,8.0,18.8
2021-07-27,จันทบุรี,12.61,102.1,26.3,28.4,24.5,23.2,16.5
2021-07-28,จันทบุรี,12.61,102.1,26.4,28.8,25.0,33.2,18.3
2021-07-29,จันทบุรี,12.61,102.1,26.5,29.5,25.0,27.6,17.1
2021-07-30,จันทบุรี,12.61,102.1,26.2,28.3,24.3,25.3,15.6
2021-07-31,จันทบุรี,12.61,102.1,26.9,29.6,25.1,12.4,16.9
2021-08-01,จันทบุรี,12.61,102.1,26.9,28.9,25.3,15.8,15.3
2021-08-02,จันทบุรี,12.61,102.1,27.0,29.2,25.3,13.4,16.6
2021-08-03,จันทบุรี,12.61,102.1,26.6,27.6,25.6,26.9,17.9
2021-08-04,จันทบุรี,12.61,102.1,26.5,28.7,25.7,17.5,16.9
2021-08-05,จันทบุรี,12.61,102.1,26.1,27.8,25.2,14.5,16.5
2021-08-06,จันทบุรี,12.61,102.1,26.5,29.5,24.3,16.5,16.1
2021-08-07,จันทบุรี,12.61,102.1,27.1,30.3,25.1,4.7,16.8
2021-08-08,จันทบุรี,12.61,102.1,27.2,30.1,25.2,7.1,13.8
2021-08-09,จันทบุรี,12.61,102.1,27.6,30.2,25.7,5.7,11.4
2021-08-10,จันทบุรี,12.61,102.1,26.9,29.6,24.6,13.9,12.1
2021-08-11,จันทบุรี,12.61,102.1,25.9,29.1,24.5,21.1,14.3
2021-08-12,จันทบุรี,12.61,102.1,25.9,28.2,24.5,14.3,17.1
2021-08-13,จันทบุรี,12.61,102.1,25.8,28.6,24.2,24.8,13.8
2021-08-14,จันทบุรี,12.61,102.1,25.6,28.7,23.9,18.9,18.4
2021-08-15,จันทบุรี,12.61,102.1,24.7,25.6,23.8,33.4,10.2
2021-08-16,จันทบุรี,12.61,102.1,25.7,29.3,23.8,8.5,12.1
2021-08-17,จันทบุรี,12.61,102.1,26.7,32.0,22.7,0.8,9.2
2021-08-18,จันทบุรี,12.61,102.1,27.2,31.7,23.6,2.3,7.9
2021-08-19,จันทบุรี,12.61,102.1,26.4,29.4,24.1,13.1,8.4
2021-08-20,จันทบุรี,12.61,102.1,26.5,30.4,23.8,14.8,6.7
2021-08-21,จันทบุรี,12.61,102.1,26.3,29.1,24.4,9.6,8.8
2021-08-22,จันทบุรี,12.61,102.1,26.1,29.1,23.9,10.4,11.0
2021-08-23,จันทบุรี,12.61,102.1,25.7,28.3,23.6,12.4,12.8
2021-08-24,จันทบุรี,12.61,102.1,26.1,29.4,23.8,12.9,11.9
2021-08-25,จันทบุรี,12.61,102.1,25.0,28.5,23.5,33.7,12.0
2021-08-26,จันทบุรี,12.61,102.1,24.3,26.2,22.8,59.2,7.2
2021-08-27,จันทบุรี,12.61,102.1,23.8,25.1,22.3,78.9,11.0
2021-08-28,จันทบุรี,12.61,102.1,24.4,27.8,22.4,24.3,9.1
2021-08-29,จันทบุรี,12.61,102.1,25.6,29.5,22.7,2.7,11.3
2021-08-30,จันทบุรี,12.61,102.1,25.7,28.3,23.5,9.6,7.6
2021-08-31,จันทบุรี,12.61,102.1,25.3,28.5,23.9,23.6,8.4
2021-09-01,จันทบุรี,12.61,102.1,25.0,27.0,23.3,8.4,7.9
2021-09-02,จันทบุรี,12.61,102.1,25.1,27.9,23.4,27.7,9.4
2021-09-03,จันทบุรี,12.61,102.1,24.8,26.0,23.7,18.2,11.5
2021-09-04,จันทบุรี,12.61,102.1,26.0,29.1,23.9,1.9,13.2
2021-09-05,จันทบุรี,12.61,102.1,25.5,27.7,23.9,3.7,11.2
2021-09-06,จันทบุรี,12.61,102.1,25.6,29.6,23.7,5.2,11.6
2021-09-07,จันทบุรี,12.61,102.1,25.1,28.6,23.2,41.2,14.4
2021-09-08,จันทบุรี,12.61,102.1,24.5,26.7,22.9,14.1,8.7
2021-09-09,จันทบุรี,12.61,102.1,24.2,26.2,22.6,35.0,13.8
2021-09-10,จันทบุรี,12.61,102.1,25.3,28.5,23.9,28.0,13.9
2021-09-11,จันทบุรี,12.61,102.1,25.3,26.9,24.1,13.8,10.9
2021-09-12,จันทบุรี,12.61,102.1,26.2,28.9,24.0,0.5,13.0
2021-09-13,จันทบุรี,12.61,102.1,26.8,30.1,24.6,18.8,13.7
2021-09-14,จันทบุรี,12.61,102.1,25.6,27.9,24.1,27.1,10.7
2021-09-15,จันทบุรี,12.61,102.1,24.4,26.5,23.3,27.5,7.9
2021-09-16,จันทบุรี,12.61,102.1,25.0,27.1,23.2,25.5,11.6
2021-09-17,จันทบุรี,12.61,102.1,26.3,30.1,23.4,0.7,12.2
2021-09-18,จันทบุรี,12.61,102.1,26.7,31.3,23.5,6.2,9.9
2021-09-19,จันทบุรี,12.61,102.1,25.2,26.8,23.2,17.2,7.9
2021-09-20,จันทบุรี,12.61,102.1,24.4,25.8,23.7,25.3,8.0
2021-09-21,จันทบุรี,12.61,102.1,25.1,29.3,23.3,12.1,11.3
2021-09-22,จันทบุรี,12.61,102.1,24.9,27.2,23.7,18.2,13.0
2021-09-23,จันทบุรี,12.61,102.1,25.8,28.8,23.8,9.3,12.5
2021-09-24,จันทบุรี,12.61,102.1,24.8,27.3,23.6,22.9,10.1
2021-09-25,จันทบุรี,12.61,102.1,24.2,25.2,23.6,41.6,9.7
2021-09-26,จันทบุรี,12.61,102.1,24.4,25.7,23.3,20.0,6.3
2021-09-27,จันทบุรี,12.61,102.1,25.4,30.2,22.5,9.4,4.7
2021-09-28,จันทบุรี,12.61,102.1,26.1,30.8,23.1,6.9,6.1
2021-09-29,จันทบุรี,12.61,102.1,26.7,31.3,23.3,9.1,5.8
2021-09-30,จันทบุรี,12.61,102.1,26.2,29.0,24.3,6.8,8.1
2021-10-01,จันทบุรี,12.61,102.1,26.3,30.4,23.9,6.5,6.1
2021-10-02,จันทบุรี,12.61,102.1,25.4,28.2,23.7,27.8,9.6
2021-10-03,จันทบุรี,12.61,102.1,26.1,30.5,23.6,10.9,6.8
2021-10-04,จันทบุรี,12.61,102.1,26.4,31.7,22.7,10.3,7.1
2021-10-05,จันทบุรี,12.61,102.1,26.2,30.9,24.0,15.5,7.9
2021-10-06,จันทบุรี,12.61,102.1,25.9,30.2,23.8,16.5,6.6
2021-10-07,จันทบุรี,12.61,102.1,25.8,28.9,23.6,13.5,7.1
2021-10-08,จันทบุรี,12.61,102.1,26.0,29.5,23.9,1.0,7.8
2021-10-09,จันทบุรี,12.61,102.1,25.2,26.2,24.1,19.0,16.0
2021-10-10,จันทบุรี,12.61,102.1,26.6,29.2,24.1,7.4,16.6
2021-10-11,จันทบุรี,12.61,102.1,25.3,27.8,24.0,41.6,13.2
2021-10-12,จันทบุรี,12.61,102.1,25.0,27.3,24.0,43.0,14.5
2021-10-13,จันทบุรี,12.61,102.1,25.5,29.2,23.3,29.1,14.0
2021-10-14,จันทบุรี,12.61,102.1,24.7,26.4,23.5,37.5,15.9
2021-10-15,จันทบุรี,12.61,102.1,24.1,25.4,23.3,62.3,11.2
2021-10-16,จันทบุรี,12.61,102.1,26.3,30.6,23.1,3.6,9.9
2021-10-17,จันทบุรี,12.61,102.1,22.9,24.4,21.1,28.0,12.0
2021-10-18,จันทบุรี,12.61,102.1,23.9,28.4,20.6,9.5,8.2
2021-10-19,จันทบุรี,12.61,102.1,26.2,30.2,22.8,2.5,7.3
2021-10-20,จันทบุรี,12.61,102.1,25.6,29.6,23.0,8.8,7.6
2021-10-21,จันทบุรี,12.61,102.1,25.8,30.2,23.4,7.8,6.6
2021-10-22,จันทบุรี,12.61,102.1,24.8,28.7,23.0,12.3,9.2
2021-10-23,จันทบุรี,12.61,102.1,24.3,26.0,22.7,8.0,12.4
2021-10-24,จันทบุรี,12.61,102.1,25.7,29.8,22.1,0.0,19.2
2021-10-25,จันทบุรี,12.61,102.1,26.3,30.9,23.2,0.0,16.8
2021-10-26,จันทบุรี,12.61,102.1,26.4,30.2,23.5,0.0,15.0
2021-10-27,จันทบุรี,12.61,102.1,26.2,30.1,22.8,0.0,14.5
2021-10-28,จันทบุรี,12.61,102.1,25.3,28.5,23.1,10.7,11.8
2021-10-29,จันทบุรี,12.61,102.1,26.3,31.4,22.3,3.8,7.4
2021-10-30,จันทบุรี,12.61,102.1,26.0,31.7,23.2,12.4,12.5
2021-10-31,จันทบุรี,12.61,102.1,25.6,29.9,22.9,18.1,10.2
2021-11-01,จันทบุรี,12.61,102.1,25.8,30.2,23.8,11.2,10.7
2021-11-02,จันทบุรี,12.61,102.1,26.7,31.7,23.2,2.4,12.4
2021-11-03,จันทบุรี,12.61,102.1,26.6,31.3,22.8,0.0,15.2
2021-11-04,จันทบุรี,12.61,102.1,26.8,30.9,23.5,0.7,12.4
2021-11-05,จันทบุรี,12.61,102.1,26.4,31.3,23.3,9.0,8.2
2021-11-06,จันทบุรี,12.61,102.1,25.5,29.3,22.9,16.1,7.3
2021-11-07,จันทบุรี,12.61,102.1,26.1,31.2,23.4,3.4,8.6
2021-11-08,จันทบุรี,12.61,102.1,25.2,29.7,23.1,14.3,15.3
2021-11-09,จันทบุรี,12.61,102.1,25.7,29.9,23.3,0.1,17.8
2021-11-10,จันทบุรี,12.61,102.1,24.9,29.2,22.4,0.2,21.4
2021-11-11,จันทบุรี,12.61,102.1,25.1,29.7,22.1,0.6,17.8
2021-11-12,จันทบุรี,12.61,102.1,25.2,28.9,22.9,1.6,19.1
2021-11-13,จันทบุรี,12.61,102.1,25.8,29.2,23.7,0.1,23.4
2021-11-14,จันทบุรี,12.61,102.1,25.8,29.0,23.6,1.3,20.0
2021-11-15,จันทบุรี,12.61,102.1,25.9,30.3,22.9,2.0,17.2
2021-11-16,จันทบุรี,12.61,102.1,26.0,29.5,23.6,11.0,15.2
2021-11-17,จันทบุรี,12.61,102.1,27.1,31.3,24.2,1.4,16.6
2021-11-18,จันทบุรี,12.61,102.1,26.0,30.2,23.3,11.9,15.0
2021-11-19,จันทบุรี,12.61,102.1,26.2,31.2,22.9,6.6,12.4
2021-11-20,จันทบุรี,12.61,102.1,26.0,31.8,23.2,1.4,11.2
2021-11-21,จันทบุรี,12.61,102.1,26.6,32.1,23.0,1.2,6.4
2021-11-22,จันทบุรี,12.61,102.1,25.9,31.2,23.3,15.1,14.2
2021-11-23,จันทบุรี,12.61,102.1,26.3,30.6,23.3,1.5,17.4
2021-11-24,จันทบุรี,12.61,102.1,25.7,30.2,22.5,0.0,22.1
2021-11-25,จันทบุรี,12.61,102.1,25.6,30.4,22.1,0.0,18.7
2021-11-26,จันทบุรี,12.61,102.1,25.4,30.0,22.3,0.0,16.6
2021-11-27,จันทบุรี,12.61,102.1,24.6,28.6,21.3,0.0,19.4
2021-11-28,จันทบุรี,12.61,102.1,25.0,29.8,21.2,0.0,22.4
2021-11-29,จันทบุรี,12.61,102.1,23.6,25.8,21.2,12.4,19.1
2021-11-30,จันทบุรี,12.61,102.1,22.6,24.9,20.8,32.1,21.7
2021-12-01,จันทบุรี,12.61,102.1,23.9,26.8,21.6,0.0,24.3
2021-12-02,จันทบุรี,12.61,102.1,23.8,27.5,20.5,0.0,22.5
2021-12-03,จันทบุรี,12.61,102.1,23.1,27.1,20.0,0.0,20.0
2021-12-04,จันทบุรี,12.61,102.1,21.9,26.3,18.8,0.0,19.5
2021-12-05,จันทบุรี,12.61,102.1,21.5,26.1,17.9,0.0,17.1
2021-12-06,จันทบุรี,12.61,102.1,22.9,27.3,19.0,0.0,18.4
2021-12-07,จันทบุรี,12.61,102.1,23.7,28.0,20.4,0.0,17.9
2021-12-08,จันทบุรี,12.61,102.1,23.8,28.6,20.2,0.0,18.0
2021-12-09,จันทบุรี,12.61,102.1,25.4,31.0,21.5,0.0,18.6
2021-12-10,จันทบุรี,12.61,102.1,26.3,31.2,23.0,0.0,17.8
2021-12-11,จันทบุรี,12.61,102.1,25.8,30.4,22.5,0.0,16.8
2021-12-12,จันทบุรี,12.61,102.1,25.3,30.0,21.6,0.0,17.3
2021-12-13,จันทบุรี,12.61,102.1,25.3,29.1,22.7,0.0,21.2
2021-12-14,จันทบุรี,12.61,102.1,25.4,30.0,21.4,0.0,17.9
2021-12-15,จันทบุรี,12.61,102.1,26.0,31.0,22.1,0.0,16.3
2021-12-16,จันทบุรี,12.61,102.1,26.9,32.6,22.4,0.0,17.1
2021-12-17,จันทบุรี,12.61,102.1,27.8,32.9,23.7,0.0,17.1
2021-12-18,จันทบุรี,12.61,102.1,26.6,30.6,23.1,0.0,21.8
2021-12-19,จันทบุรี,12.61,102.1,24.3,28.1,20.6,0.0,20.6
2021-12-20,จันทบุรี,12.61,102.1,23.7,28.5,19.4,0.0,17.6
2021-12-21,จันทบุรี,12.61,102.1,25.4,30.9,20.6,0.0,12.5
2021-12-22,จันทบุรี,12.61,102.1,25.6,30.8,21.7,0.1,8.9
2021-12-23,จันทบุรี,12.61,102.1,25.3,31.9,22.3,2.5,12.2
2021-12-24,จันทบุรี,12.61,102.1,24.2,29.8,21.1,13.7,8.4
2021-12-25,จันทบุรี,12.61,102.1,24.1,29.4,21.4,4.2,9.1
2021-12-26,จันทบุรี,12.61,102.1,24.7,31.2,21.4,6.3,12.1
2021-12-27,จันทบุรี,12.61,102.1,26.1,30.9,22.5,0.0,17.8
2021-12-28,จันทบุรี,12.61,102.1,25.8,30.5,22.1,0.0,19.5
2021-12-29,จันทบุรี,12.61,102.1,26.7,32.0,22.7,0.0,20.7
2021-12-30,จันทบุรี,12.61,102.1,26.7,31.0,23.4,0.0,21.4
2021-12-31,จันทบุรี,12.61,102.1,25.9,30.7,22.3,0.0,21.2
2022-01-01,จันทบุรี,12.61,102.1,25.4,30.2,21.6,0.0,21.7
2022-01-02,จันทบุรี,12.61,102.1,25.4,30.5,21.4,0.0,19.1
2022-01-03,จันทบุรี,12.61,102.1,26.1,31.7,22.2,0.0,18.7
2022-01-04,จันทบุรี,12.61,102.1,26.7,32.8,22.2,0.0,14.9
2022-01-05,จันทบุรี,12.61,102.1,26.2,32.1,22.2,0.0,14.0
2022-01-06,จันทบุรี,12.61,102.1,26.3,32.7,20.9,0.0,14.8
2022-01-07,จันทบุรี,12.61,102.1,26.4,33.7,20.7,0.0,10.0
2022-01-08,จันทบุรี,12.61,102.1,27.0,33.2,22.3,0.0,14.6
2022-01-09,จันทบุรี,12.61,102.1,26.2,33.0,20.0,0.0,15.8
2022-01-10,จันทบุรี,12.61,102.1,26.8,34.6,20.9,0.0,10.4
2022-01-11,จันทบุรี,12.61,102.1,26.2,33.7,20.9,0.2,11.9
2022-01-12,จันทบุรี,12.61,102.1,26.0,32.8,22.7,0.8,10.6
2022-01-13,จันทบุรี,12.61,102.1,26.4,33.7,20.7,0.0,13.9
2022-01-14,จันทบุรี,12.61,102.1,25.8,33.4,20.9,0.0,12.2
2022-01-15,จันทบุรี,12.61,102.1,25.7,33.1,20.2,0.0,10.7
2022-01-16,จันทบุรี,12.61,102.1,25.9,32.9,20.1,0.0,12.6
2022-01-17,จันทบุรี,12.61,102.1,26.7,33.4,20.9,0.0,14.6
2022-01-18,จันทบุรี,12.61,102.1,26.6,33.8,20.8,0.0,12.5
2022-01-19,จันทบุรี,12.61,102.1,26.4,33.0,22.0,0.0,16.1
2022-01-20,จันทบุรี,12.61,102.1,25.7,33.0,21.2,0.8,12.8
2022-01-21,จันทบุรี,12.61,102.1,24.9,30.1,22.0,2.2,12.0
2022-01-22,จันทบุรี,12.61,102.1,24.4,29.7,20.6,9.7,13.9
2022-01-23,จันทบุรี,12.61,102.1,24.5,29.4,21.4,2.4,10.2
2022-01-24,จันทบุรี,12.61,102.1,25.2,31.1,21.0,0.1,10.7
2022-01-25,จันทบุรี,12.61,102.1,25.7,32.6,20.3,0.3,12.7
2022-01-26,จันทบุรี,12.61,102.1,25.7,31.1,21.6,2.8,12.9
2022-01-27,จันทบุรี,12.61,102.1,25.9,31.5,22.2,2.3,10.3
2022-01-28,จันทบุรี,12.61,102.1,26.4,31.7,22.6,0.9,10.9
2022-01-29,จันทบุรี,12.61,102.1,26.4,30.9,22.8,0.3,12.8
2022-01-30,จันทบุรี,12.61,102.1,26.3,31.1,22.3,0.3,13.2
2022-01-31,จันทบุรี,12.61,102.1,26.1,30.5,22.2,1.2,15.0
2022-02-01,จันทบุรี,12.61,102.1,26.5,31.8,21.8,1.2,11.6
2022-02-02,จันทบุรี,12.61,102.1,25.3,31.1,22.6,3.2,11.5
2022-02-03,จันทบุรี,12.61,102.1,25.9,32.6,21.9,1.4,12.2
2022-02-04,จันทบุรี,12.61,102.1,25.5,32.7,22.1,6.8,12.2
2022-02-05,จันทบุรี,12.61,102.1,26.3,33.7,21.6,0.0,15.8
2022-02-06,จันทบุรี,12.61,102.1,26.8,33.5,22.4,0.0,16.1
2022-02-07,จันทบุรี,12.61,102.1,27.1,34.4,21.7,0.1,10.0
2022-02-08,จันทบุรี,12.61,102.1,26.3,31.5,22.5,4.1,9.7
2022-02-09,จันทบุรี,12.61,102.1,26.1,31.6,23.2,7.5,10.8
2022-02-10,จันทบุรี,12.61,102.1,25.1,30.6,22.5,9.5,7.2
2022-02-11,จันทบุรี,12.61,102.1,25.3,31.3,22.9,11.5,14.8
2022-02-12,จันทบุรี,12.61,102.1,24.7,28.2,22.6,15.7,6.2
2022-02-13,จันทบุรี,12.61,102.1,24.9,30.4,22.0,10.2,8.7
2022-02-14,จันทบุรี,12.61,102.1,24.9,30.5,22.5,45.3,10.8
2022-02-15,จันทบุรี,12.61,102.1,24.6,27.5,22.2,9.2,10.8
2022-02-16,จันทบุรี,12.61,102.1,24.3,29.0,21.5,15.4,9.0
2022-02-17,จันทบุรี,12.61,102.1,24.7,29.5,21.9,6.8,10.8
2022-02-18,จันทบุรี,12.61,102.1,25.8,31.1,22.4,6.1,9.4
2022-02-19,จันทบุรี,12.61,102.1,26.1,30.0,23.0,1.6,12.6
2022-02-20,จันทบุรี,12.61,102.1,26.7,30.4,23.5,0.8,13.6
2022-02-21,จันทบุรี,12.61,102.1,24.6,27.5,21.8,8.2,14.0
2022-02-22,จันทบุรี,12.61,102.1,23.5,27.7,19.8,0.0,18.6
2022-02-23,จันทบุรี,12.61,102.1,24.8,28.6,21.9,0.0,18.3
2022-02-24,จันทบุรี,12.61,102.1,24.1,28.5,20.3,0.0,22.2
2022-02-25,จันทบุรี,12.61,102.1,24.7,29.1,20.8,0.0,21.4
2022-02-26,จันทบุรี,12.61,102.1,25.7,31.2,21.9,0.0,18.8
2022-02-27,จันทบุรี,12.61,102.1,27.0,32.9,23.3,0.0,17.3
2022-02-28,จันทบุรี,12.61,102.1,26.7,33.5,21.6,0.2,11.2
2022-03-01,จันทบุรี,12.61,102.1,26.4,30.9,22.9,1.4,9.4
2022-03-02,จันทบุรี,12.61,102.1,26.1,30.0,23.2,1.7,9.6
2022-03-03,จันทบุรี,12.61,102.1,25.5,31.1,23.0,11.2,9.9
2022-03-04,จันทบุรี,12.61,102.1,26.3,31.7,23.2,6.0,9.2
2022-03-05,จันทบุรี,12.61,102.1,26.2,30.8,23.2,4.0,11.7
2022-03-06,จันทบุรี,12.61,102.1,26.2,31.7,23.5,8.3,9.4
2022-03-07,จันทบุรี,12.61,102.1,25.7,28.6,23.1,12.0,9.1
2022-03-08,จันทบุรี,12.61,102.1,25.5,30.3,23.1,4.9,15.2
2022-03-09,จันทบุรี,12.61,102.1,26.7,32.2,22.3,0.9,6.8
2022-03-10,จันทบุรี,12.61,102.1,26.0,29.5,23.3,1.7,10.5
2022-03-11,จันทบุรี,12.61,102.1,26.0,29.7,23.2,3.2,9.2
2022-03-12,จันทบุรี,12.61,102.1,26.7,31.7,22.9,1.3,11.3
2022-03-13,จันทบุรี,12.61,102.1,26.6,31.5,23.5,7.5,9.9
2022-03-14,จันทบุรี,12.61,102.1,26.8,31.2,24.0,2.4,10.7
2022-03-15,จันทบุรี,12.61,102.1,27.2,31.9,23.7,1.9,12.2
2022-03-16,จันทบุรี,12.61,102.1,26.1,29.6,23.2,2.6,10.1
2022-03-17,จันทบุรี,12.61,102.1,26.6,31.4,23.3,3.3,10.7
2022-03-18,จันทบุรี,12.61,102.1,26.2,29.9,24.3,10.9,13.7
2022-03-19,จันทบุรี,12.61,102.1,26.9,32.1,22.4,0.6,10.5
2022-03-20,จันทบุรี,12.61,102.1,26.7,33.1,23.4,15.1,12.0
2022-03-21,จันทบุรี,12.61,102.1,25.8,29.8,23.1,4.4,9.1
2022-03-22,จันทบุรี,12.61,102.1,26.2,30.3,23.4,10.4,9.6
2022-03-23,จันทบุรี,12.61,102.1,25.0,27.5,23.3,16.5,6.9
2022-03-24,จันทบุรี,12.61,102.1,26.1,29.7,23.1,1.8,8.7
2022-03-25,จันทบุรี,12.61,102.1,26.9,31.4,23.2,1.7,10.9
2022-03-26,จันทบุรี,12.61,102.1,27.4,31.9,23.9,2.8,9.4
2022-03-27,จันทบุรี,12.61,102.1,27.6,32.1,24.2,2.1,10.3
2022-03-28,จันทบุรี,12.61,102.1,27.0,32.5,23.6,5.3,9.4
2022-03-29,จันทบุรี,12.61,102.1,25.9,31.5,23.4,16.8,6.9
2022-03-30,จันทบุรี,12.61,102.1,25.9,31.4,23.0,7.3,10.8
2022-03-31,จันทบุรี,12.61,102.1,26.6,32.9,23.3,3.2,9.5
2022-04-01,จันทบุรี,12.61,102.1,26.2,32.8,22.9,6.0,12.4
2022-04-02,จันทบุรี,12.61,102.1,23.1,25.7,20.2,0.0,19.9
2022-04-03,จันทบุรี,12.61,102.1,22.5,27.7,18.1,0.8,24.3
2022-04-04,จันทบุรี,12.61,102.1,25.0,30.3,20.1,0.0,20.4
2022-04-05,จันทบุรี,12.61,102.1,26.9,31.9,23.2,0.1,17.9
2022-04-06,จันทบุรี,12.61,102.1,27.5,33.8,23.7,0.6,12.5
2022-04-07,จันทบุรี,12.61,102.1,27.4,32.4,23.9,1.3,12.0
2022-04-08,จันทบุรี,12.61,102.1,27.5,33.4,23.2,0.0,15.0
2022-04-09,จันทบุรี,12.61,102.1,27.3,34.1,22.6,0.1,12.0
2022-04-10,จันทบุรี,12.61,102.1,27.2,32.4,22.7,0.7,10.5
2022-04-11,จันทบุรี,12.61,102.1,27.2,32.1,23.5,4.4,10.2
2022-04-12,จันทบุรี,12.61,102.1,27.2,31.9,24.0,0.2,13.8
2022-04-13,จันทบุรี,12.61,102.1,27.2,31.5,24.2,2.3,12.8
2022-04-14,จันทบุรี,12.61,102.1,27.9,32.7,24.5,3.1,12.2
2022-04-15,จันทบุรี,12.61,102.1,28.3,33.8,23.8,0.0,11.8
2022-04-16,จันทบุรี,12.61,102.1,28.4,33.4,24.8,1.0,11.7
2022-04-17,จันทบุรี,12.61,102.1,26.4,30.1,24.7,18.3,8.6
2022-04-18,จันทบุรี,12.61,102.1,26.1,31.1,23.8,15.8,5.1
2022-04-19,จันทบุรี,12.61,102.1,26.7,31.8,23.5,3.0,11.5
2022-04-20,จันทบุรี,12.61,102.1,27.1,32.6,22.8,0.5,9.2
2022-04-21,จันทบุรี,12.61,102.1,26.5,31.5,22.7,13.9,9.4
2022-04-22,จันทบุรี,12.61,102.1,26.3,30.7,24.3,12.7,12.1
2022-04-23,จันทบุรี,12.61,102.1,26.9,32.0,23.5,6.9,9.4
2022-04-24,จันทบุรี,12.61,102.1,27.3,31.4,24.2,7.6,9.2
2022-04-25,จันทบุรี,12.61,102.1,27.5,31.1,24.7,3.7,9.6
2022-04-26,จันทบุรี,12.61,102.1,27.7,31.5,24.9,2.9,11.5
2022-04-27,จันทบุรี,12.61,102.1,28.6,32.8,25.0,2.2,11.2
2022-04-28,จันทบุรี,12.61,102.1,27.3,33.0,23.9,29.6,10.4
2022-04-29,จันทบุรี,12.61,102.1,26.7,32.9,23.3,3.5,9.8
2022-04-30,จันทบุรี,12.61,102.1,26.7,32.3,23.6,13.3,14.2
2022-05-01,จันทบุรี,12.61,102.1,25.5,30.5,23.2,25.0,9.9
2022-05-02,จันทบุรี,12.61,102.1,24.4,27.7,22.4,19.6,16.0
2022-05-03,จันทบุรี,12.61,102.1,22.7,25.6,20.6,2.0,19.4
2022-05-04,จันทบุรี,12.61,102.1,23.6,28.0,20.6,2.2,18.7
2022-05-05,จันทบุรี,12.61,102.1,25.7,29.4,22.2,0.4,13.2
2022-05-06,จันทบุรี,12.61,102.1,26.3,30.9,23.4,7.6,8.7
2022-05-07,จันทบุรี,12.61,102.1,26.9,32.7,24.1,10.0,12.2
2022-05-08,จันทบุรี,12.61,102.1,26.8,32.6,23.6,6.2,10.0
2022-05-09,จันทบุรี,12.61,102.1,26.2,31.7,23.5,16.5,13.1
2022-05-10,จันทบุรี,12.61,102.1,26.3,30.7,23.8,7.6,9.9
2022-05-11,จันทบุรี,12.61,102.1,25.9,29.2,23.7,25.7,10.0
2022-05-12,จันทบุรี,12.61,102.1,26.8,30.5,24.0,5.2,14.0
2022-05-13,จันทบุรี,12.61,102.1,27.5,31.4,24.3,10.3,12.3
2022-05-14,จันทบุรี,12.61,102.1,27.8,31.5,24.4,4.5,11.8
2022-05-15,จันทบุรี,12.61,102.1,27.1,29.9,25.4,13.2,10.0
2022-05-16,จันทบุรี,12.61,102.1,26.8,30.4,24.1,5.1,10.4
2022-05-17,จันทบุรี,12.61,102.1,26.1,29.1,23.4,7.9,6.9
2022-05-18,จันทบุรี,12.61,102.1,26.0,29.6,23.3,12.3,9.3
2022-05-19,จันทบุรี,12.61,102.1,25.0,27.3,23.3,35.0,10.9
2022-05-20,จันทบุรี,12.61,102.1,25.4,28.5,23.2,36.3,17.2
2022-05-21,จันทบุรี,12.61,102.1,25.1,27.6,23.2,48.3,16.8
2022-05-22,จันทบุรี,12.61,102.1,24.2,26.6,22.6,63.3,18.8
2022-05-23,จันทบุรี,12.61,102.1,24.9,27.9,22.1,28.8,14.6
2022-05-24,จันทบุรี,12.61,102.1,26.4,29.6,24.0,15.1,14.2
2022-05-25,จันทบุรี,12.61,102.1,26.9,30.4,23.8,5.9,13.7
2022-05-26,จันทบุรี,12.61,102.1,26.8,29.1,25.5,10.2,15.3
2022-05-27,จันทบุรี,12.61,102.1,26.0,29.1,23.4,26.2,16.2
2022-05-28,จันทบุรี,12.61,102.1,25.2,27.4,23.4,13.1,17.6
2022-05-29,จันทบุรี,12.61,102.1,26.2,29.3,23.0,10.5,15.6
2022-05-30,จันทบุรี,12.61,102.1,26.8,30.0,23.9,23.3,10.9
2022-05-31,จันทบุรี,12.61,102.1,26.8,30.1,24.0,21.0,13.1
2022-06-01,จันทบุรี,12.61,102.1,27.1,31.1,23.8,5.1,10.7
2022-06-02,จันทบุรี,12.61,102.1,26.9,29.8,24.6,5.5,14.0
2022-06-03,จันทบุรี,12.61,102.1,26.6,29.4,24.0,5.8,14.8
2022-06-04,จันทบุรี,12.61,102.1,25.2,27.4,23.7,18.7,14.6
2022-06-05,จันทบุรี,12.61,102.1,26.6,30.1,23.4,6.7,14.3
2022-06-06,จันทบุรี,12.61,102.1,26.7,30.5,23.4,5.6,14.1
2022-06-07,จันทบุรี,12.61,102.1,26.8,29.9,23.9,5.0,14.6
2022-06-08,จันทบุรี,12.61,102.1,27.0,30.4,24.1,7.0,12.7
2022-06-09,จันทบุรี,12.61,102.1,27.4,31.2,24.8,0.9,11.5
2022-06-10,จันทบุรี,12.61,102.1,27.3,30.9,24.7,2.9,13.2
2022-06-11,จันทบุรี,12.61,102.1,27.0,30.9,24.5,6.2,10.3
2022-06-12,จันทบุรี,12.61,102.1,27.3,31.3,24.2,4.2,10.6
2022-06-13,จันทบุรี,12.61,102.1,27.1,31.4,24.0,4.3,10.6
2022-06-14,จันทบุรี,12.61,102.1,27.3,31.0,24.6,2.5,13.5
2022-06-15,จันทบุรี,12.61,102.1,26.8,29.3,24.7,5.2,11.8
2022-06-16,จันทบุรี,12.61,102.1,26.8,30.6,23.8,4.7,10.0
2022-06-17,จันทบุรี,12.61,102.1,27.5,31.3,24.0,0.5,10.7
2022-06-18,จันทบุรี,12.61,102.1,27.4,31.5,25.1,2.2,10.6
2022-06-19,จันทบุรี,12.61,102.1,27.3,31.2,24.4,2.8,9.4
2022-06-20,จันทบุรี,12.61,102.1,26.6,31.2,23.6,11.7,8.7
2022-06-21,จันทบุรี,12.61,102.1,26.9,30.8,24.4,0.8,14.5
2022-06-22,จันทบุรี,12.61,102.1,26.6,29.8,24.3,6.3,11.9
2022-06-23,จันทบุรี,12.61,102.1,26.3,29.5,23.2,13.3,10.3
2022-06-24,จันทบุรี,12.61,102.1,25.9,29.6,23.1,20.6,9.4
2022-06-25,จันทบุรี,12.61,102.1,26.0,29.6,23.9,5.0,10.0
2022-06-26,จันทบุรี,12.61,102.1,25.8,29.3,24.0,8.4,9.7
2022-06-27,จันทบุรี,12.61,102.1,26.1,29.1,24.0,8.8,10.6
2022-06-28,จันทบุรี,12.61,102.1,26.3,29.3,23.3,6.3,12.9
2022-06-29,จันทบุรี,12.61,102.1,27.3,30.8,24.3,2.5,14.9
2022-06-30,จันทบุรี,12.61,102.1,26.6,30.0,23.9,32.7,14.2
2022-07-01,จันทบุรี,12.61,102.1,26.6,29.6,24.1,19.4,14.3
2022-07-02,จันทบุรี,12.61,102.1,25.0,26.7,23.7,31.1,14.3
2022-07-03,จันทบุรี,12.61,102.1,24.9,28.0,23.5,37.1,14.0
2022-07-04,จันทบุรี,12.61,102.1,25.4,28.8,23.3,22.3,18.2
2022-07-05,จันทบุรี,12.61,102.1,26.0,28.3,24.0,18.8,14.1
2022-07-06,จันทบุรี,12.61,102.1,27.0,29.7,24.7,5.4,13.8
2022-07-07,จันทบุรี,12.61,102.1,26.1,29.7,23.2,29.4,15.9
2022-07-08,จันทบุรี,12.61,102.1,26.1,30.5,23.7,21.7,17.8
2022-07-09,จันทบุรี,12.61,102.1,25.1,29.3,23.9,14.6,16.7
2022-07-10,จันทบุรี,12.61,102.1,25.2,26.5,23.0,32.5,18.3
2022-07-11,จันทบุรี,12.61,102.1,25.4,27.6,23.3,24.0,15.6
2022-07-12,จันทบุรี,12.61,102.1,24.9,26.8,23.5,28.1,16.9
2022-07-13,จันทบุรี,12.61,102.1,24.5,26.0,23.6,20.1,11.9
2022-07-14,จันทบุรี,12.61,102.1,25.5,28.9,23.4,47.2,14.9
2022-07-15,จันทบุรี,12.61,102.1,25.6,28.2,24.0,8.9,13.0
2022-07-16,จันทบุรี,12.61,102.1,25.7,29.1,23.0,14.1,13.7
2022-07-17,จันทบุรี,12.61,102.1,25.9,28.6,23.8,14.7,13.6
2022-07-18,จันทบุรี,12.61,102.1,27.1,30.6,24.4,1.3,13.2
2022-07-19,จันทบุรี,12.61,102.1,26.4,29.6,24.3,17.4,12.0
2022-07-20,จันทบุรี,12.61,102.1,25.8,29.0,24.4,27.4,9.2
2022-07-21,จันทบุรี,12.61,102.1,24.0,25.6,23.3,53.1,13.2
2022-07-22,จันทบุรี,12.61,102.1,25.7,28.7,22.8,24.9,12.3
2022-07-23,จันทบุรี,12.61,102.1,26.3,29.8,23.1,3.5,8.4
2022-07-24,จันทบุรี,12.61,102.1,26.2,31.5,23.1,9.1,10.9
2022-07-25,จันทบุรี,12.61,102.1,26.9,31.8,23.1,7.3,5.8
2022-07-26,จันทบุรี,12.61,102.1,26.3,31.4,23.5,8.2,10.8
2022-07-27,จันทบุรี,12.61,102.1,26.4,31.3,23.8,6.0,10.3
2022-07-28,จันทบุรี,12.61,102.1,25.8,27.5,23.7,12.9,8.0
2022-07-29,จันทบุรี,12.61,102.1,27.2,30.8,23.8,0.3,11.5
2022-07-30,จันทบุรี,12.61,102.1,27.4,30.6,24.1,2.3,15.3
2022-07-31,จันทบุรี,12.61,102.1,26.3,28.7,23.7,18.4,10.9
2022-08-01,จันทบุรี,12.61,102.1,25.0,27.6,23.5,29.0,12.4
2022-08-02,จันทบุรี,12.61,102.1,24.5,26.4,23.6,31.8,11.3
2022-08-03,จันทบุรี,12.61,102.1,24.7,26.3,23.3,17.5,12.4
2022-08-04,จันทบุรี,12.61,102.1,26.1,29.9,23.4,15.2,12.9
2022-08-05,จันทบุรี,12.61,102.1,25.0,28.0,23.3,44.0,13.8
2022-08-06,จันทบุรี,12.61,102.1,24.9,28.0,23.0,44.7,14.0
2022-08-07,จันทบุรี,12.61,102.1,24.3,26.4,22.5,35.9,12.7
2022-08-08,จันทบุรี,12.61,102.1,24.3,26.6,22.9,44.0,14.1
2022-08-09,จันทบุรี,12.61,102.1,24.8,26.4,23.0,11.3,9.0
2022-08-10,จันทบุรี,12.61,102.1,24.8,27.3,22.3,19.0,13.9
2022-08-11,จันทบุรี,12.61,102.1,23.7,25.0,22.8,57.7,14.1
2022-08-12,จันทบุรี,12.61,102.1,25.5,28.8,22.7,21.9,15.5
2022-08-13,จันทบุรี,12.61,102.1,26.2,29.4,22.9,3.9,11.9
2022-08-14,จันทบุรี,12.61,102.1,26.8,30.7,23.1,0.2,12.5
2022-08-15,จันทบุรี,12.61,102.1,26.0,29.4,23.8,17.8,11.8
2022-08-16,จันทบุรี,12.61,102.1,24.8,27.9,23.6,29.4,16.5
2022-08-17,จันทบุรี,12.61,102.1,25.4,27.8,23.4,16.5,16.4
2022-08-18,จันทบุรี,12.61,102.1,26.2,29.5,23.3,21.1,14.8
2022-08-19,จันทบุรี,12.61,102.1,26.6,30.3,23.4,9.2,15.1
2022-08-20,จันทบุรี,12.61,102.1,25.3,27.1,23.9,31.7,11.7
2022-08-21,จันทบุรี,12.61,102.1,25.7,30.0,22.9,28.4,14.5
2022-08-22,จันทบุรี,12.61,102.1,25.6,28.5,23.3,29.0,10.4
2022-08-23,จันทบุรี,12.61,102.1,26.8,30.9,23.6,1.8,12.4
2022-08-24,จันทบุรี,12.61,102.1,26.8,30.4,24.2,7.7,11.5
2022-08-25,จันทบุรี,12.61,102.1,25.5,28.2,23.5,25.8,12.2
2022-08-26,จันทบุรี,12.61,102.1,24.5,28.3,23.1,33.7,15.5
2022-08-27,จันทบุรี,12.61,102.1,25.8,29.8,23.4,10.9,8.3
2022-08-28,จันทบุรี,12.61,102.1,25.9,31.6,23.1,17.2,6.8
2022-08-29,จันทบุรี,12.61,102.1,26.0,31.5,23.3,12.3,8.4
2022-08-30,จันทบุรี,12.61,102.1,26.0,30.6,23.1,7.8,7.1
2022-08-31,จันทบุรี,12.61,102.1,26.3,30.4,23.3,8.6,7.2
2022-09-01,จันทบุรี,12.61,102.1,26.6,31.5,23.3,7.6,9.5
2022-09-02,จันทบุรี,12.61,102.1,26.9,31.2,23.8,6.7,8.7
2022-09-03,จันทบุรี,12.61,102.1,26.0,29.4,23.8,10.2,11.1
2022-09-04,จันทบุรี,12.61,102.1,25.3,27.8,23.8,20.5,11.0
2022-09-05,จันทบุรี,12.61,102.1,25.1,27.3,23.6,14.4,9.4
2022-09-06,จันทบุรี,12.61,102.1,25.2,28.5,23.4,10.9,11.6
2022-09-07,จันทบุรี,12.61,102.1,24.0,26.5,22.8,54.4,9.7
2022-09-08,จันทบุรี,12.61,102.1,24.1,26.7,22.8,111.8,11.0
2022-09-09,จันทบุรี,12.61,102.1,25.6,29.3,22.7,1.9,11.5
2022-09-10,จันทบุรี,12.61,102.1,25.6,30.3,22.8,12.2,9.7
2022-09-11,จันทบุรี,12.61,102.1,25.8,31.1,22.4,7.7,7.9
2022-09-12,จันทบุรี,12.61,102.1,24.9,27.5,23.1,16.1,5.8
2022-09-13,จันทบุรี,12.61,102.1,25.4,29.9,23.2,15.6,12.4
2022-09-14,จันทบุรี,12.61,102.1,25.4,28.2,23.3,11.2,11.5
2022-09-15,จันทบุรี,12.61,102.1,25.4,28.6,23.3,17.7,12.5
2022-09-16,จันทบุรี,12.61,102.1,26.5,29.9,23.8,5.9,15.4
2022-09-17,จันทบุรี,12.61,102.1,25.3,27.9,23.0,38.1,11.2
2022-09-18,จันทบุรี,12.61,102.1,24.4,26.4,23.0,34.3,13.9
2022-09-19,จันทบุรี,12.61,102.1,25.2,28.5,22.6,32.3,13.2
2022-09-20,จันทบุรี,12.61,102.1,25.0,29.4,23.3,10.3,11.3
2022-09-21,จันทบุรี,12.61,102.1,25.2,29.5,22.6,8.6,8.0
2022-09-22,จันทบุรี,12.61,102.1,24.8,28.1,22.7,19.9,9.0
2022-09-23,จันทบุรี,12.61,102.1,25.5,28.9,22.8,10.5,11.1
2022-09-24,จันทบุรี,12.61,102.1,25.2,28.0,23.8,16.1,11.2
2022-09-25,จันทบุรี,12.61,102.1,24.9,28.1,22.9,14.6,10.8
2022-09-26,จันทบุรี,12.61,102.1,24.4,27.4,22.8,21.2,8.2
2022-09-27,จันทบุรี,12.61,102.1,24.4,28.3,22.9,33.7,10.7
2022-09-28,จันทบุรี,12.61,102.1,25.2,27.4,22.7,3.2,12.7
2022-09-29,จันทบุรี,12.61,102.1,23.6,25.5,21.8,46.0,13.7
2022-09-30,จันทบุรี,12.61,102.1,24.5,27.5,23.1,25.8,15.1
2022-10-01,จันทบุรี,12.61,102.1,25.5,29.1,23.1,16.2,14.8
2022-10-02,จันทบุรี,12.61,102.1,25.2,29.6,23.2,31.4,6.3
2022-10-03,จันทบุรี,12.61,102.1,24.5,27.0,23.2,41.5,8.2
2022-10-04,จันทบุรี,12.61,102.1,25.4,30.8,22.8,12.2,10.8
2022-10-05,จันทบุรี,12.61,102.1,26.0,30.6,23.4,17.2,11.8
2022-10-06,จันทบุรี,12.61,102.1,24.7,29.6,22.8,36.9,6.9
2022-10-07,จันทบุรี,12.61,102.1,25.3,30.9,22.8,17.3,9.8
2022-10-08,จันทบุรี,12.61,102.1,25.2,30.1,22.8,18.2,9.5
2022-10-09,จันทบุรี,12.61,102.1,25.1,29.4,23.3,11.3,11.1
2022-10-10,จันทบุรี,12.61,102.1,24.6,30.1,22.4,9.1,14.1
2022-10-11,จันทบุรี,12.61,102.1,24.5,28.4,22.4,22.5,12.5
2022-10-12,จันทบุรี,12.61,102.1,26.0,30.1,23.3,0.0,12.7
2022-10-13,จันทบุรี,12.61,102.1,25.4,29.4,22.6,0.0,15.8
2022-10-14,จันทบุรี,12.61,102.1,24.7,28.7,21.8,0.0,13.0
2022-10-15,จันทบุรี,12.61,102.1,23.4,26.5,21.0,0.0,15.4
2022-10-16,จันทบุรี,12.61,102.1,23.1,27.0,18.8,0.0,10.5
2022-10-17,จันทบุรี,12.61,102.1,25.2,29.9,20.6,0.0,11.7
2022-10-18,จันทบุรี,12.61,102.1,25.6,29.6,23.1,0.0,18.4
2022-10-19,จันทบุรี,12.61,102.1,25.8,29.5,22.6,0.0,16.1
2022-10-20,จันทบุรี,12.61,102.1,25.7,30.3,22.9,1.2,15.0
2022-10-21,จันทบุรี,12.61,102.1,25.2,28.8,23.2,23.4,10.0
2022-10-22,จันทบุรี,12.61,102.1,25.3,30.2,23.2,13.8,7.9
2022-10-23,จันทบุรี,12.61,102.1,26.6,31.0,22.9,5.8,14.1
2022-10-24,จันทบุรี,12.61,102.1,27.3,32.3,23.4,0.6,12.5
2022-10-25,จันทบุรี,12.61,102.1,27.2,31.7,23.5,0.0,15.3
2022-10-26,จันทบุรี,12.61,102.1,26.6,31.0,24.4,6.0,16.7
2022-10-27,จันทบุรี,12.61,102.1,25.3,29.3,23.5,13.3,16.1
2022-10-28,จันทบุรี,12.61,102.1,26.2,30.5,23.5,5.9,15.5
2022-10-29,จันทบุรี,12.61,102.1,25.9,30.1,22.8,0.0,17.1
2022-10-30,จันทบุรี,12.61,102.1,26.4,30.8,23.1,0.0,18.9
2022-10-31,จันทบุรี,12.61,102.1,26.0,30.1,23.0,0.0,18.1
2022-11-01,จันทบุรี,12.61,102.1,25.3,29.5,22.3,0.0,20.1
2022-11-02,จันทบุรี,12.61,102.1,24.3,29.5,20.7,0.0,17.1
2022-11-03,จันทบุรี,12.61,102.1,24.5,31.1,19.4,0.0,11.2
2022-11-04,จันทบุรี,12.61,102.1,24.8,30.9,19.7,0.0,13.9
2022-11-05,จันทบุรี,12.61,102.1,25.0,31.0,23.1,9.7,14.8
2022-11-06,จันทบุรี,12.61,102.1,25.3,29.9,22.3,1.7,13.7
2022-11-07,จันทบุรี,12.61,102.1,26.3,31.4,22.2,2.6,12.5
2022-11-08,จันทบุรี,12.61,102.1,26.6,31.4,23.3,0.0,17.1
2022-11-09,จันทบุรี,12.61,102.1,26.5,31.3,22.5,0.0,15.8
2022-11-10,จันทบุรี,12.61,102.1,27.0,32.7,22.3,0.0,18.4
2022-11-11,จันทบุรี,12.61,102.1,27.6,32.9,24.1,0.8,15.5
2022-11-12,จันทบุรี,12.61,102.1,27.6,32.8,24.8,1.8,15.5
2022-11-13,จันทบุรี,12.61,102.1,27.3,32.3,24.2,2.3,12.9
2022-11-14,จันทบุรี,12.61,102.1,26.0,32.3,23.3,4.6,14.4
2022-11-15,จันทบุรี,12.61,102.1,26.7,32.5,23.0,3.1,13.2
2022-11-16,จันทบุรี,12.61,102.1,25.7,31.6,22.7,4.6,9.9
2022-11-17,จันทบุรี,12.61,102.1,24.9,31.0,22.8,15.4,6.9
2022-11-18,จันทบุรี,12.61,102.1,25.6,31.2,22.8,4.2,7.9
2022-11-19,จันทบุรี,12.61,102.1,26.5,31.2,22.9,0.6,14.7
2022-11-20,จันทบุรี,12.61,102.1,25.3,29.4,23.4,3.0,12.3
2022-11-21,จันทบุรี,12.61,102.1,25.8,29.5,23.1,1.4,14.5
2022-11-22,จันทบุรี,12.61,102.1,26.6,30.5,23.8,0.0,15.0
2022-11-23,จันทบุรี,12.61,102.1,25.1,28.3,23.8,11.5,9.2
2022-11-24,จันทบุรี,12.61,102.1,24.7,27.7,22.9,14.0,12.2
2022-11-25,จันทบุรี,12.61,102.1,25.0,28.9,22.5,9.8,7.9
2022-11-26,จันทบุรี,12.61,102.1,24.8,27.9,22.2,15.1,9.7
2022-11-27,จันทบุรี,12.61,102.1,24.8,28.8,22.6,13.5,8.0
2022-11-28,จันทบุรี,12.61,102.1,25.2,29.4,22.6,9.5,10.3
2022-11-29,จันทบุรี,12.61,102.1,25.7,30.8,22.9,4.0,5.5
2022-11-30,จันทบุรี,12.61,102.1,26.6,32.0,22.7,0.1,9.9
2022-12-01,จันทบุรี,12.61,102.1,26.6,31.6,23.2,0.1,13.7
2022-12-02,จันทบุรี,12.61,102.1,26.2,30.3,23.4,0.1,15.8
2022-12-03,จันทบุรี,12.61,102.1,25.6,29.4,22.5,0.1,17.7
2022-12-04,จันทบุรี,12.61,102.1,25.7,27.7,23.9,0.2,19.7
2022-12-05,จันทบุรี,12.61,102.1,26.7,31.0,24.1,2.3,18.5
2022-12-06,จันทบุรี,12.61,102.1,26.1,30.1,23.1,0.0,18.5
2022-12-07,จันทบุรี,12.61,102.1,26.4,30.6,23.4,0.4,15.5
2022-12-08,จันทบุรี,12.61,102.1,25.5,28.6,23.6,0.9,15.0
2022-12-09,จันทบุรี,12.61,102.1,26.0,30.3,23.2,1.9,16.1
2022-12-10,จันทบุรี,12.61,102.1,26.5,30.9,23.4,0.0,14.0
2022-12-11,จันทบุรี,12.61,102.1,26.0,30.7,22.7,0.0,14.5
2022-12-12,จันทบุรี,12.61,102.1,25.2,30.4,21.6,0.0,16.8
2022-12-13,จันทบุรี,12.61,102.1,23.2,27.1,20.1,0.0,20.5
2022-12-14,จันทบุรี,12.61,102.1,22.5,27.0,18.9,0.0,18.2
2022-12-15,จันทบุรี,12.61,102.1,23.4,28.6,19.3,0.0,17.0
2022-12-16,จันทบุรี,12.61,102.1,25.2,30.5,21.1,0.0,15.6
2022-12-17,จันทบุรี,12.61,102.1,26.0,30.1,22.7,0.0,26.9
2022-12-18,จันทบุรี,12.61,102.1,21.3,24.6,17.7,0.0,33.4
2022-12-19,จันทบุรี,12.61,102.1,21.1,25.6,16.8,0.0,23.4
2022-12-20,จันทบุรี,12.61,102.1,23.1,28.2,18.8,0.0,19.9
2022-12-21,จันทบุรี,12.61,102.1,24.5,29.5,20.9,0.0,18.4
2022-12-22,จันทบุรี,12.61,102.1,24.7,29.9,21.1,0.0,16.6
2022-12-23,จันทบุรี,12.61,102.1,24.4,30.1,20.3,0.0,14.3
2022-12-24,จันทบุรี,12.61,102.1,23.4,28.8,20.1,0.0,15.8
2022-12-25,จันทบุรี,12.61,102.1,23.2,28.8,19.4,0.0,14.8
2022-12-26,จันทบุรี,12.61,102.1,23.2,28.2,19.7,0.0,16.8
2022-12-27,จันทบุรี,12.61,102.1,23.0,29.6,18.4,0.0,13.8
2022-12-28,จันทบุรี,12.61,102.1,23.2,29.1,17.3,0.0,15.1
2022-12-29,จันทบุรี,12.61,102.1,24.0,29.8,18.0,0.0,15.3
2022-12-30,จันทบุรี,12.61,102.1,24.2,29.3,20.5,0.0,18.7
2022-12-31,จันทบุรี,12.61,102.1,23.7,28.4,20.2,0.0,17.2
2023-01-01,จันทบุรี,12.61,102.1,23.0,27.7,19.1,0.0,18.7
2023-01-02,จันทบุรี,12.61,102.1,23.6,27.5,20.6,0.0,17.1
2023-01-03,จันทบุรี,12.61,102.1,25.2,29.8,21.2,0.0,17.7
2023-01-04,จันทบุรี,12.61,102.1,25.5,30.2,21.8,0.0,17.8
2023-01-05,จันทบุรี,12.61,102.1,25.1,28.7,21.7,0.0,18.3
2023-01-06,จันทบุรี,12.61,102.1,24.8,27.3,22.5,0.0,24.1
2023-01-07,จันทบุรี,12.61,102.1,22.7,25.1,17.8,3.1,20.6
2023-01-08,จันทบุรี,12.61,102.1,23.8,25.8,21.4,0.0,15.0
2023-01-09,จันทบุรี,12.61,102.1,26.2,31.4,22.1,1.0,14.5
2023-01-10,จันทบุรี,12.61,102.1,25.0,28.1,23.5,2.5,12.7
2023-01-11,จันทบุรี,12.61,102.1,24.1,27.6,22.1,8.2,11.5
2023-01-12,จันทบุรี,12.61,102.1,23.9,27.4,21.9,4.7,5.0
2023-01-13,จันทบุรี,12.61,102.1,24.5,29.5,21.6,4.3,8.1
2023-01-14,จันทบุรี,12.61,102.1,25.0,30.9,21.8,0.0,12.1
2023-01-15,จันทบุรี,12.61,102.1,24.8,31.0,20.4,0.1,12.5
2023-01-16,จันทบุรี,12.61,102.1,25.3,31.2,21.0,0.0,11.7
2023-01-17,จันทบุรี,12.61,102.1,25.4,31.1,20.2,0.0,14.3
2023-01-18,จันทบุรี,12.61,102.1,24.8,29.5,21.7,0.0,19.7
2023-01-19,จันทบุรี,12.61,102.1,24.4,29.4,20.6,0.0,18.7
2023-01-20,จันทบุรี,12.61,102.1,24.8,30.0,21.3,0.0,19.0
2023-01-21,จันทบุรี,12.61,102.1,25.0,30.1,21.5,0.0,18.6
2023-01-22,จันทบุรี,12.61,102.1,25.7,31.6,21.0,0.0,18.2
2023-01-23,จันทบุรี,12.61,102.1,26.9,33.1,22.0,0.0,15.6
2023-01-24,จันทบุรี,12.61,102.1,27.4,32.6,23.0,0.0,20.2
2023-01-25,จันทบุรี,12.61,102.1,23.4,28.2,19.0,0.0,24.9
2023-01-26,จันทบุรี,12.61,102.1,24.6,31.0,20.0,0.0,15.1
2023-01-27,จันทบุรี,12.61,102.1,25.8,31.4,21.0,0.0,18.3
2023-01-28,จันทบุรี,12.61,102.1,23.9,28.2,19.8,0.0,25.3
2023-01-29,จันทบุรี,12.61,102.1,22.6,26.7,18.1,0.0,24.6
2023-01-30,จันทบุรี,12.61,102.1,22.5,27.5,17.3,0.0,21.7
2023-01-31,จันทบุรี,12.61,102.1,24.5,31.1,20.0,0.0,15.3
2023-02-01,จันทบุรี,12.61,102.1,25.8,33.0,19.7,0.0,11.3
2023-02-02,จันทบุรี,12.61,102.1,27.6,34.4,22.4,0.3,8.3
2023-02-03,จันทบุรี,12.61,102.1,25.2,30.1,23.1,24.4,8.8
2023-02-04,จันทบุรี,12.61,102.1,25.6,32.7,22.2,2.4,8.4
2023-02-05,จันทบุรี,12.61,102.1,25.0,31.4,22.0,4.5,11.9
2023-02-06,จันทบุรี,12.61,102.1,25.9,31.7,21.9,0.7,10.9
2023-02-07,จันทบุรี,12.61,102.1,25.8,30.2,23.0,2.1,12.0
2023-02-08,จันทบุรี,12.61,102.1,26.3,32.7,22.0,0.4,10.1
2023-02-09,จันทบุรี,12.61,102.1,25.9,29.7,23.1,5.0,10.0
2023-02-10,จันทบุรี,12.61,102.1,25.5,30.9,22.5,4.3,11.5
2023-02-11,จันทบุรี,12.61,102.1,26.1,32.1,22.1,0.4,11.5
2023-02-12,จันทบุรี,12.61,102.1,26.2,31.1,22.4,0.2,10.5
2023-02-13,จันทบุรี,12.61,102.1,26.3,30.8,23.0,2.6,11.5
2023-02-14,จันทบุรี,12.61,102.1,26.2,32.4,22.7,5.6,8.7
2023-02-15,จันทบุรี,12.61,102.1,24.5,27.9,22.1,9.8,11.4
2023-02-16,จันทบุรี,12.61,102.1,25.8,31.1,21.5,1.4,21.2
2023-02-17,จันทบุรี,12.61,102.1,25.9,31.3,22.3,0.0,18.0
2023-02-18,จันทบุรี,12.61,102.1,25.7,31.6,22.1,0.0,14.3
2023-02-19,จันทบุรี,12.61,102.1,26.9,32.8,22.2,0.0,17.1
2023-02-20,จันทบุรี,12.61,102.1,26.0,32.2,21.9,0.0,14.8
2023-02-21,จันทบุรี,12.61,102.1,26.1,32.5,20.9,0.0,15.3
2023-02-22,จันทบุรี,12.61,102.1,26.1,33.2,20.8,0.0,16.1
2023-02-23,จันทบุรี,12.61,102.1,26.4,33.1,20.3,0.0,14.6
2023-02-24,จันทบุรี,12.61,102.1,27.1,34.6,20.7,0.0,17.6
2023-02-25,จันทบุรี,12.61,102.1,26.2,32.2,22.2,0.0,20.3
2023-02-26,จันทบุรี,12.61,102.1,25.2,30.5,20.4,0.0,23.5
2023-02-27,จันทบุรี,12.61,102.1,25.2,31.1,20.2,0.0,20.7
2023-02-28,จันทบุรี,12.61,102.1,26.7,33.1,22.0,0.0,17.7
2023-03-01,จันทบุรี,12.61,102.1,27.9,34.1,22.8,0.0,17.8
2023-03-02,จันทบุรี,12.61,102.1,28.3,34.6,24.0,0.0,17.1
2023-03-03,จันทบุรี,12.61,102.1,27.5,33.5,23.6,0.0,17.9
2023-03-04,จันทบุรี,12.61,102.1,26.3,32.8,21.6,0.0,16.2
2023-03-05,จันทบุรี,12.61,102.1,26.5,32.7,22.1,0.0,15.9
2023-03-06,จันทบุรี,12.61,102.1,26.4,33.2,20.3,0.0,13.1
2023-03-07,จันทบุรี,12.61,102.1,26.2,34.1,20.0,0.0,8.5
2023-03-08,จันทบุรี,12.61,102.1,26.5,34.7,20.4,0.0,11.2
2023-03-09,จันทบุรี,12.61,102.1,26.5,33.8,22.0,1.3,13.0
2023-03-10,จันทบุรี,12.61,102.1,26.7,33.3,22.3,0.5,11.0
2023-03-11,จันทบุรี,12.61,102.1,26.8,33.4,22.2,0.5,16.4
2023-03-12,จันทบุรี,12.61,102.1,26.0,30.9,22.6,2.5,9.9
2023-03-13,จันทบุรี,12.61,102.1,26.3,32.6,22.8,1.2,11.3
2023-03-14,จันทบุรี,12.61,102.1,26.5,33.3,22.8,0.0,13.8
2023-03-15,จันทบุรี,12.61,102.1,25.8,30.2,21.7,1.3,15.3
2023-03-16,จันทบุรี,12.61,102.1,25.9,30.2,21.7,3.3,12.8
2023-03-17,จันทบุรี,12.61,102.1,26.1,31.0,21.4,1.4,13.8
2023-03-18,จันทบุรี,12.61,102.1,26.7,31.8,22.6,1.3,12.2
2023-03-19,จันทบุรี,12.61,102.1,26.9,31.1,23.0,2.6,11.7
2023-03-20,จันทบุรี,12.61,102.1,27.2,31.6,23.4,1.2,13.0
2023-03-21,จันทบุรี,12.61,102.1,27.6,32.1,24.0,0.3,12.2
2023-03-22,จันทบุรี,12.61,102.1,27.7,32.2,24.1,0.1,14.3
2023-03-23,จันทบุรี,12.61,102.1,27.8,32.5,24.2,0.0,14.2
2023-03-24,จันทบุรี,12.61,102.1,27.5,32.9,23.2,0.0,13.3
2023-03-25,จันทบุรี,12.61,102.1,27.7,33.0,23.5,0.0,14.1
2023-03-26,จันทบุรี,12.61,102.1,28.0,32.8,24.3,2.7,12.7
2023-03-27,จันทบุรี,12.61,102.1,28.2,33.3,23.8,2.4,11.7
2023-03-28,จันทบุรี,12.61,102.1,27.6,33.4,24.5,7.9,14.6
2023-03-29,จันทบุรี,12.61,102.1,25.8,31.6,22.2,13.9,12.0
2023-03-30,จันทบุรี,12.61,102.1,26.8,32.6,22.5,7.0,10.5
2023-03-31,จันทบุรี,12.61,102.1,27.3,32.4,24.3,6.2,11.4
2023-04-01,จันทบุรี,12.61,102.1,27.1,30.6,24.2,1.1,11.3
2023-04-02,จันทบุรี,12.61,102.1,27.3,32.2,24.4,1.3,14.5
2023-04-03,จันทบุรี,12.61,102.1,27.5,32.6,23.4,0.0,12.8
2023-04-04,จันทบุรี,12.61,102.1,27.8,32.6,23.7,0.1,13.3
2023-04-05,จันทบุรี,12.61,102.1,28.2,32.9,24.5,3.2,12.8
2023-04-06,จันทบุรี,12.61,102.1,28.1,33.0,24.6,3.1,10.5
2023-04-07,จันทบุรี,12.61,102.1,26.7,31.3,23.4,16.7,10.2
2023-04-08,จันทบุรี,12.61,102.1,26.8,33.4,23.7,6.7,9.5
2023-04-09,จันทบุรี,12.61,102.1,27.0,33.0,23.2,8.1,8.2
2023-04-10,จันทบุรี,12.61,102.1,27.6,31.6,24.2,3.6,11.8
2023-04-11,จันทบุรี,12.61,102.1,27.6,32.3,24.0,3.5,11.0
2023-04-12,จันทบุรี,12.61,102.1,28.0,31.9,25.0,3.4,13.4
2023-04-13,จันทบุรี,12.61,102.1,27.7,31.9,25.1,5.9,11.9
2023-04-14,จันทบุรี,12.61,102.1,28.4,33.0,25.0,0.2,13.8
2023-04-15,จันทบุรี,12.61,102.1,28.4,33.2,24.8,1.1,14.8
2023-04-16,จันทบุรี,12.61,102.1,27.0,30.2,24.2,7.2,10.9
2023-04-17,จันทบุรี,12.61,102.1,28.1,33.1,23.8,0.0,10.8
2023-04-18,จันทบุรี,12.61,102.1,28.6,33.0,24.6,2.4,12.6
2023-04-19,จันทบุรี,12.61,102.1,28.7,32.3,25.6,4.3,13.7
2023-04-20,จันทบุรี,12.61,102.1,28.5,32.5,25.7,2.1,13.0
2023-04-21,จันทบุรี,12.61,102.1,28.7,32.9,25.7,2.4,13.6
2023-04-22,จันทบุรี,12.61,102.1,28.7,32.8,25.4,4.2,12.1
2023-04-23,จันทบุรี,12.61,102.1,28.7,33.0,25.2,1.1,10.8
2023-04-24,จันทบุรี,12.61,102.1,28.9,34.1,25.1,2.5,10.2
2023-04-25,จันทบุรี,12.61,102.1,27.3,33.4,24.3,33.4,11.0
2023-04-26,จันทบุรี,12.61,102.1,26.1,29.4,23.4,45.2,8.4
2023-04-27,จันทบุรี,12.61,102.1,27.0,33.4,23.8,6.5,9.4
2023-04-28,จันทบุรี,12.61,102.1,26.9,32.3,23.9,5.5,13.3
2023-04-29,จันทบุรี,12.61,102.1,27.0,31.7,24.6,5.7,8.4
2023-04-30,จันทบุรี,12.61,102.1,27.0,31.7,24.4,0.8,12.3
2023-05-01,จันทบุรี,12.61,102.1,26.8,31.4,24.0,7.6,7.6
2023-05-02,จันทบุรี,12.61,102.1,27.3,32.1,23.5,7.6,8.4
2023-05-03,จันทบุรี,12.61,102.1,27.2,31.9,24.4,3.2,10.7
2023-05-04,จันทบุรี,12.61,102.1,27.7,32.1,24.3,3.9,11.0
2023-05-05,จันทบุรี,12.61,102.1,28.5,32.5,25.1,0.8,13.2
2023-05-06,จันทบุรี,12.61,102.1,29.0,32.9,25.8,0.7,10.4
2023-05-07,จันทบุรี,12.61,102.1,29.3,33.1,26.5,0.5,13.9
2023-05-08,จันทบุรี,12.61,102.1,28.2,31.7,25.8,12.4,12.3
2023-05-09,จันทบุรี,12.61,102.1,27.5,32.3,25.2,10.7,7.7
2023-05-10,จันทบุรี,12.61,102.1,26.4,31.0,24.1,9.1,7.2
2023-05-11,จันทบุรี,12.61,102.1,28.2,33.4,24.3,1.0,11.1
2023-05-12,จันทบุรี,12.61,102.1,27.9,31.8,24.5,2.2,13.6
2023-05-13,จันทบุรี,12.61,102.1,28.2,32.6,24.8,0.1,12.2
2023-05-14,จันทบุรี,12.61,102.1,27.4,31.3,24.4,4.4,11.8
2023-05-15,จันทบุรี,12.61,102.1,27.1,30.8,23.7,13.5,10.5
2023-05-16,จันทบุรี,12.61,102.1,27.7,31.9,24.0,2.9,12.0
2023-05-17,จันทบุรี,12.61,102.1,27.9,31.9,23.9,15.0,12.5
2023-05-18,จันทบุรี,12.61,102.1,28.3,32.2,24.9,3.0,12.0
2023-05-19,จันทบุรี,12.61,102.1,28.7,32.9,25.0,2.5,12.0
2023-05-20,จันทบุรี,12.61,102.1,28.0,32.5,24.1,3.8,11.7
2023-05-21,จันทบุรี,12.61,102.1,28.1,32.1,25.4,1.0,13.0
2023-05-22,จันทบุรี,12.61,102.1,27.6,30.3,25.7,15.3,10.7
2023-05-23,จันทบุรี,12.61,102.1,27.0,29.8,25.5,7.8,10.5
2023-05-24,จันทบุรี,12.61,102.1,27.2,30.8,24.5,14.2,11.9
2023-05-25,จันทบุรี,12.61,102.1,26.5,30.1,23.8,14.0,9.2
2023-05-26,จันทบุรี,12.61,102.1,27.4,31.9,23.8,2.1,10.4
2023-05-27,จันทบุรี,12.61,102.1,27.7,31.4,24.6,12.2,9.1
2023-05-28,จันทบุรี,12.61,102.1,26.3,30.3,24.3,27.2,9.4
2023-05-29,จันทบุรี,12.61,102.1,26.0,28.9,23.7,11.2,10.0
2023-05-30,จันทบุรี,12.61,102.1,27.0,31.0,23.6,3.8,14.0
2023-05-31,จันทบุรี,12.61,102.1,27.2,30.6,25.0,13.5,12.1
2023-06-01,จันทบุรี,12.61,102.1,27.4,31.0,23.4,28.6,15.1
2023-06-02,จันทบุรี,12.61,102.1,27.9,30.9,24.6,5.1,15.0
2023-06-03,จันทบุรี,12.61,102.1,27.5,31.1,24.3,17.0,16.1
2023-06-04,จันทบุรี,12.61,102.1,27.9,31.1,25.7,2.9,17.1
2023-06-05,จันทบุรี,12.61,102.1,27.0,30.3,25.1,13.0,16.0
2023-06-06,จันทบุรี,12.61,102.1,25.6,28.9,24.0,38.3,15.6
2023-06-07,จันทบุรี,12.61,102.1,24.9,27.1,23.7,39.4,15.0
2023-06-08,จันทบุรี,12.61,102.1,25.1,27.5,23.2,33.9,15.5
2023-06-09,จันทบุรี,12.61,102.1,25.2,27.8,23.8,32.9,14.9
2023-06-10,จันทบุรี,12.61,102.1,25.2,26.8,23.6,19.2,13.3
2023-06-11,จันทบุรี,12.61,102.1,24.8,26.3,23.3,55.4,16.6
2023-06-12,จันทบุรี,12.61,102.1,26.1,29.5,24.0,14.4,20.9
2023-06-13,จันทบุรี,12.61,102.1,26.7,29.6,23.9,16.9,16.3
2023-06-14,จันทบุรี,12.61,102.1,27.4,30.5,24.4,4.6,17.8
2023-06-15,จันทบุรี,12.61,102.1,27.5,30.2,25.6,2.6,16.6
2023-06-16,จันทบุรี,12.61,102.1,27.8,30.5,25.4,4.0,16.3
2023-06-17,จันทบุรี,12.61,102.1,26.6,29.4,24.2,32.9,15.3
2023-06-18,จันทบุรี,12.61,102.1,24.9,26.8,24.1,22.7,17.1
2023-06-19,จันทบุรี,12.61,102.1,26.5,30.0,23.7,1.0,13.2
2023-06-20,จันทบุรี,12.61,102.1,26.7,30.2,24.4,5.1,12.1
2023-06-21,จันทบุรี,12.61,102.1,26.4,29.1,24.1,10.2,9.7
2023-06-22,จันทบุรี,12.61,102.1,26.9,31.1,24.0,5.2,8.4
2023-06-23,จันทบุรี,12.61,102.1,28.0,33.2,24.0,0.6,9.9
2023-06-24,จันทบุรี,12.61,102.1,26.9,30.7,23.6,17.2,10.9
2023-06-25,จันทบุรี,12.61,102.1,27.3,30.9,24.7,9.1,12.6
2023-06-26,จันทบุรี,12.61,102.1,26.9,31.2,24.5,14.4,10.8
2023-06-27,จันทบุรี,12.61,102.1,27.1,31.8,24.3,5.5,12.6
2023-06-28,จันทบุรี,12.61,102.1,27.0,30.6,24.1,5.5,8.6
2023-06-29,จันทบุรี,12.61,102.1,27.2,31.4,24.5,5.1,11.6
2023-06-30,จันทบุรี,12.61,102.1,27.2,30.5,25.0,3.2,13.8
2023-07-01,จันทบุรี,12.61,102.1,25.8,28.9,24.4,21.9,13.2
2023-07-02,จันทบุรี,12.61,102.1,26.0,29.0,24.1,30.5,16.6
2023-07-03,จันทบุรี,12.61,102.1,26.4,29.9,23.8,10.6,15.9
2023-07-04,จันทบุรี,12.61,102.1,26.5,30.1,24.2,4.0,11.1
2023-07-05,จันทบุรี,12.61,102.1,27.3,31.4,24.0,0.2,12.2
2023-07-06,จันทบุรี,12.61,102.1,27.6,31.9,23.5,0.5,10.4
2023-07-07,จันทบุรี,12.61,102.1,26.9,30.8,24.2,4.6,7.7
2023-07-08,จันทบุรี,12.61,102.1,26.5,30.7,23.9,14.6,7.8
2023-07-09,จันทบุรี,12.61,102.1,25.7,29.4,23.5,17.8,11.2
2023-07-10,จันทบุรี,12.61,102.1,25.7,28.4,23.4,9.6,11.8
2023-07-11,จันทบุรี,12.61,102.1,25.6,30.5,23.6,16.9,13.4
2023-07-12,จันทบุรี,12.61,102.1,26.6,31.3,23.3,0.6,12.8
2023-07-13,จันทบุรี,12.61,102.1,26.9,31.1,23.8,5.9,13.2
2023-07-14,จันทบุรี,12.61,102.1,26.5,29.9,23.7,17.0,14.0
2023-07-15,จันทบุรี,12.61,102.1,27.5,30.8,24.3,7.2,15.3
2023-07-16,จันทบุรี,12.61,102.1,27.4,30.1,25.9,15.9,17.2
2023-07-17,จันทบุรี,12.61,102.1,26.4,28.8,24.0,33.2,23.2
2023-07-18,จันทบุรี,12.61,102.1,26.6,29.1,25.2,28.8,20.0
2023-07-19,จันทบุรี,12.61,102.1,26.4,29.5,24.9,22.8,17.4
2023-07-20,จันทบุรี,12.61,102.1,25.6,28.4,23.7,35.6,11.3
2023-07-21,จันทบุรี,12.61,102.1,25.1,28.6,23.2,21.4,10.8
2023-07-22,จันทบุรี,12.61,102.1,25.3,29.1,23.9,13.1,7.3
2023-07-23,จันทบุรี,12.61,102.1,24.9,28.5,23.0,41.8,8.7
2023-07-24,จันทบุรี,12.61,102.1,24.6,26.2,23.5,14.1,9.5
2023-07-25,จันทบุรี,12.61,102.1,25.6,28.0,22.8,47.7,17.4
2023-07-26,จันทบุรี,12.61,102.1,26.2,30.1,23.6,35.9,14.0
2023-07-27,จันทบุรี,12.61,102.1,26.7,30.3,23.9,28.6,17.9
2023-07-28,จันทบุรี,12.61,102.1,26.9,30.0,25.7,31.3,16.3
2023-07-29,จันทบุรี,12.61,102.1,26.0,28.2,24.4,67.2,20.8
2023-07-30,จันทบุรี,12.61,102.1,24.9,27.1,23.8,38.1,14.5
2023-07-31,จันทบุรี,12.61,102.1,25.2,26.8,23.7,24.7,12.7
2023-08-01,จันทบุรี,12.61,102.1,26.2,30.4,23.1,11.5,15.1
2023-08-02,จันทบุรี,12.61,102.1,25.4,28.4,23.2,13.8,14.8
2023-08-03,จันทบุรี,12.61,102.1,25.3,27.4,23.5,23.4,14.9
2023-08-04,จันทบุรี,12.61,102.1,25.3,28.6,23.5,19.8,17.6
2023-08-05,จันทบุรี,12.61,102.1,26.3,29.8,22.9,5.8,16.5
2023-08-06,จันทบุรี,12.61,102.1,25.9,28.2,24.6,33.8,16.8
2023-08-07,จันทบุรี,12.61,102.1,26.1,28.6,23.8,11.0,14.0
2023-08-08,จันทบุรี,12.61,102.1,26.1,28.5,24.5,9.9,15.1
2023-08-09,จันทบุรี,12.61,102.1,26.9,30.4,24.1,11.2,13.9
2023-08-10,จันทบุรี,12.61,102.1,27.0,30.0,23.9,4.9,14.8
2023-08-11,จันทบุรี,12.61,102.1,27.1,29.9,24.5,9.4,14.5
2023-08-12,จันทบุรี,12.61,102.1,26.4,29.4,24.2,29.7,15.9
2023-08-13,จันทบุรี,12.61,102.1,26.7,29.5,24.2,5.8,14.6
2023-08-14,จันทบุรี,12.61,102.1,26.8,30.6,24.2,15.2,15.8
2023-08-15,จันทบุรี,12.61,102.1,26.3,29.3,23.5,24.1,14.8
2023-08-16,จันทบุรี,12.61,102.1,27.1,29.8,25.0,9.9,15.3
2023-08-17,จันทบุรี,12.61,102.1,26.3,29.9,23.7,8.9,12.0
2023-08-18,จันทบุรี,12.61,102.1,26.2,30.0,23.8,41.9,10.7
2023-08-19,จันทบุรี,12.61,102.1,26.9,31.3,23.7,7.1,9.8
2023-08-20,จันทบุรี,12.61,102.1,25.8,30.9,23.3,11.2,11.2
2023-08-21,จันทบุรี,12.61,102.1,25.2,28.6,23.0,27.8,12.6
2023-08-22,จันทบุรี,12.61,102.1,26.3,30.1,23.3,13.0,14.1
2023-08-23,จันทบุรี,12.61,102.1,26.2,29.3,23.8,11.6,14.5
2023-08-24,จันทบุรี,12.61,102.1,26.1,29.7,23.7,25.8,13.4
2023-08-25,จันทบุรี,12.61,102.1,26.8,30.5,24.0,6.1,12.1
2023-08-26,จันทบุรี,12.61,102.1,26.3,30.1,24.0,32.3,13.4
2023-08-27,จันทบุรี,12.61,102.1,26.4,29.7,23.8,13.3,15.7
2023-08-28,จันทบุรี,12.61,102.1,26.8,30.6,23.3,9.1,16.6
2023-08-29,จันทบุรี,12.61,102.1,26.8,29.1,24.4,9.2,13.4
2023-08-30,จันทบุรี,12.61,102.1,26.0,28.0,24.5,22.2,14.6
2023-08-31,จันทบุรี,12.61,102.1,25.5,30.2,23.6,14.8,15.9
2023-09-01,จันทบุรี,12.61,102.1,25.4,29.0,23.4,53.8,13.5
2023-09-02,จันทบุรี,12.61,102.1,26.0,28.4,23.8,30.2,13.9
2023-09-03,จันทบุรี,12.61,102.1,26.4,29.6,24.0,8.8,13.2
2023-09-04,จันทบุรี,12.61,102.1,26.5,30.1,24.4,20.3,12.5
2023-09-05,จันทบุรี,12.61,102.1,25.6,28.4,24.1,34.5,11.3
2023-09-06,จันทบุรี,12.61,102.1,26.5,30.4,23.8,4.9,11.8
2023-09-07,จันทบุรี,12.61,102.1,26.0,28.8,23.4,29.2,9.0
2023-09-08,จันทบุรี,12.61,102.1,25.8,29.7,23.5,42.3,11.3
2023-09-09,จันทบุรี,12.61,102.1,26.2,30.9,23.5,8.6,13.2
2023-09-10,จันทบุรี,12.61,102.1,24.9,26.7,23.7,38.4,16.8
2023-09-11,จันทบุรี,12.61,102.1,25.4,28.8,23.4,26.0,14.7
2023-09-12,จันทบุรี,12.61,102.1,25.0,27.2,23.4,22.8,16.4
2023-09-13,จันทบุรี,12.61,102.1,27.0,29.7,25.2,2.6,16.6
2023-09-14,จันทบุรี,12.61,102.1,25.3,28.1,23.9,42.7,13.5
2023-09-15,จันทบุรี,12.61,102.1,24.6,27.5,23.6,47.7,15.9
2023-09-16,จันทบุรี,12.61,102.1,25.4,28.5,23.8,19.4,15.1
2023-09-17,จันทบุรี,12.61,102.1,25.1,28.3,23.8,34.8,12.5
2023-09-18,จันทบุรี,12.61,102.1,25.2,28.1,23.5,6.4,6.8
2023-09-19,จันทบุรี,12.61,102.1,26.5,32.0,22.7,6.4,7.9
2023-09-20,จันทบุรี,12.61,102.1,26.8,30.3,23.9,12.3,8.4
2023-09-21,จันทบุรี,12.61,102.1,26.1,31.7,24.0,7.4,6.6
2023-09-22,จันทบุรี,12.61,102.1,26.2,31.4,23.6,10.0,6.6
2023-09-23,จันทบุรี,12.61,102.1,25.6,30.1,23.3,14.3,9.2
2023-09-24,จันทบุรี,12.61,102.1,25.9,31.5,23.8,15.4,10.5
2023-09-25,จันทบุรี,12.61,102.1,25.9,31.2,23.4,6.0,7.6
2023-09-26,จันทบุรี,12.61,102.1,24.9,27.8,23.1,18.7,10.6
2023-09-27,จันทบุรี,12.61,102.1,23.8,25.7,22.6,62.8,12.6
2023-09-28,จันทบุรี,12.61,102.1,24.4,25.9,23.4,58.4,12.4
2023-09-29,จันทบุรี,12.61,102.1,25.5,28.2,22.9,26.8,9.9
2023-09-30,จันทบุรี,12.61,102.1,26.7,29.7,23.8,0.9,11.6
2023-10-01,จันทบุรี,12.61,102.1,26.4,31.3,24.0,20.8,11.0
2023-10-02,จันทบุรี,12.61,102.1,26.2,29.4,24.3,14.4,8.2
2023-10-03,จันทบุรี,12.61,102.1,24.8,27.9,23.3,27.2,9.5
2023-10-04,จันทบุรี,12.61,102.1,25.5,28.8,23.4,15.2,10.0
2023-10-05,จันทบุรี,12.61,102.1,26.1,29.9,23.9,8.1,11.4
2023-10-06,จันทบุรี,12.61,102.1,25.7,28.7,24.3,13.5,12.7
2023-10-07,จันทบุรี,12.61,102.1,26.1,29.5,23.5,12.4,13.7
2023-10-08,จันทบุรี,12.61,102.1,25.7,29.3,23.9,18.6,10.6
2023-10-09,จันทบุรี,12.61,102.1,25.6,28.0,24.2,8.4,5.2
2023-10-10,จันทบุรี,12.61,102.1,26.3,31.0,23.6,16.6,6.1
2023-10-11,จันทบุรี,12.61,102.1,26.5,30.3,23.3,1.8,14.9
2023-10-12,จันทบุรี,12.61,102.1,26.5,30.8,23.7,3.0,13.3
2023-10-13,จันทบุรี,12.61,102.1,26.6,31.9,24.0,5.4,8.1
2023-10-14,จันทบุรี,12.61,102.1,26.5,31.8,23.6,9.5,6.7
2023-10-15,จันทบุรี,12.61,102.1,26.4,30.3,23.1,5.4,8.8
2023-10-16,จันทบุรี,12.61,102.1,26.8,31.6,23.6,0.2,12.5
2023-10-17,จันทบุรี,12.61,102.1,26.0,28.7,23.9,11.3,7.8
2023-10-18,จันทบุรี,12.61,102.1,26.1,30.0,24.0,12.3,8.9
2023-10-19,จันทบุรี,12.61,102.1,25.8,30.0,23.6,5.8,5.6
2023-10-20,จันทบุรี,12.61,102.1,26.1,30.3,23.6,11.0,7.9
2023-10-21,จันทบุรี,12.61,102.1,25.8,30.8,23.8,6.1,11.6
2023-10-22,จันทบุรี,12.61,102.1,26.0,29.6,23.6,8.4,12.8
2023-10-23,จันทบุรี,12.61,102.1,26.4,31.0,23.7,1.0,9.8
2023-10-24,จันทบุรี,12.61,102.1,26.6,31.3,23.9,1.1,11.5
2023-10-25,จันทบุรี,12.61,102.1,25.4,29.3,22.9,16.7,11.7
2023-10-26,จันทบุรี,12.61,102.1,26.2,30.9,23.3,5.5,7.8
2023-10-27,จันทบุรี,12.61,102.1,26.3,30.3,23.3,2.4,7.2
2023-10-28,จันทบุรี,12.61,102.1,26.2,30.8,23.8,4.7,5.4
2023-10-29,จันทบุรี,12.61,102.1,26.0,31.0,23.7,7.3,10.5
2023-10-30,จันทบุรี,12.61,102.1,26.2,29.9,24.1,30.0,12.7
2023-10-31,จันทบุรี,12.61,102.1,26.4,30.1,23.6,0.8,18.2
2023-11-01,จันทบุรี,12.61,102.1,26.8,30.9,24.3,0.3,18.8
2023-11-02,จันทบุรี,12.61,102.1,26.5,30.4,24.4,8.1,13.8
2023-11-03,จันทบุรี,12.61,102.1,26.6,31.5,22.9,4.6,12.2
2023-11-04,จันทบุรี,12.61,102.1,25.7,31.5,23.6,12.9,4.0
2023-11-05,จันทบุรี,12.61,102.1,26.0,31.6,22.9,6.5,6.6
2023-11-06,จันทบุรี,12.61,102.1,26.0,32.0,22.6,11.2,7.6
2023-11-07,จันทบุรี,12.61,102.1,25.8,31.2,23.5,9.9,8.7
2023-11-08,จันทบุรี,12.61,102.1,26.0,31.1,23.6,3.7,11.6
2023-11-09,จันทบุรี,12.61,102.1,25.5,29.2,23.8,10.1,9.7
2023-11-10,จันทบุรี,12.61,102.1,26.1,30.9,23.9,10.4,10.0
2023-11-11,จันทบุรี,12.61,102.1,26.4,31.0,23.5,4.7,11.7
2023-11-12,จันทบุรี,12.61,102.1,26.2,30.2,24.0,7.4,15.2
2023-11-13,จันทบุรี,12.61,102.1,27.5,31.8,24.2,0.1,13.8
2023-11-14,จันทบุรี,12.61,102.1,27.0,30.9,25.0,3.8,20.5
2023-11-15,จันทบุรี,12.61,102.1,27.1,31.0,24.6,0.5,20.0
2023-11-16,จันทบุรี,12.61,102.1,26.9,30.8,24.9,1.6,21.5
2023-11-17,จันทบุรี,12.61,102.1,24.8,28.6,22.6,0.1,26.8
2023-11-18,จันทบุรี,12.61,102.1,23.5,26.7,20.4,0.0,25.5
2023-11-19,จันทบุรี,12.61,102.1,23.6,27.4,20.4,0.0,21.9
2023-11-20,จันทบุรี,12.61,102.1,24.0,28.2,20.6,0.0,18.9
2023-11-21,จันทบุรี,12.61,102.1,25.0,29.6,21.5,0.0,17.9
2023-11-22,จันทบุรี,12.61,102.1,26.1,31.6,22.4,0.0,16.9
2023-11-23,จันทบุรี,12.61,102.1,26.4,31.0,23.0,0.1,16.2
2023-11-24,จันทบุรี,12.61,102.1,26.8,31.4,23.8,0.1,17.6
2023-11-25,จันทบุรี,12.61,102.1,26.6,31.2,23.6,0.0,21.0
2023-11-26,จันทบุรี,12.61,102.1,25.8,28.5,24.4,1.9,21.4
2023-11-27,จันทบุรี,12.61,102.1,26.5,30.5,23.4,0.0,25.4
2023-11-28,จันทบุรี,12.61,102.1,25.6,28.8,22.8,0.0,22.0
2023-11-29,จันทบุรี,12.61,102.1,26.3,31.3,22.7,0.0,19.8
2023-11-30,จันทบุรี,12.61,102.1,27.7,32.6,24.5,0.0,17.7
2023-12-01,จันทบุรี,12.61,102.1,27.4,32.0,23.9,1.6,22.9
2023-12-02,จันทบุรี,12.61,102.1,27.3,32.2,23.9,0.4,21.9
2023-12-03,จันทบุรี,12.61,102.1,27.3,31.6,24.9,0.7,22.5
2023-12-04,จันทบุรี,12.61,102.1,27.7,32.4,24.4,2.0,15.8
2023-12-05,จันทบุรี,12.61,102.1,26.5,31.1,24.3,4.7,12.5
2023-12-06,จันทบุรี,12.61,102.1,27.6,32.8,23.4,0.2,13.8
2023-12-07,จันทบุรี,12.61,102.1,27.0,31.4,23.6,0.6,18.9
2023-12-08,จันทบุรี,12.61,102.1,27.5,32.5,24.3,0.0,14.7
2023-12-09,จันทบุรี,12.61,102.1,27.4,33.7,22.6,0.0,8.7
2023-12-10,จันทบุรี,12.61,102.1,27.3,33.9,22.5,0.0,10.8
2023-12-11,จันทบุรี,12.61,102.1,27.8,33.5,23.0,0.1,7.1
2023-12-12,จันทบุรี,12.61,102.1,27.7,34.6,22.1,0.0,12.6
2023-12-13,จันทบุรี,12.61,102.1,27.4,33.1,22.2,0.0,13.5
2023-12-14,จันทบุรี,12.61,102.1,28.6,33.5,25.0,0.1,14.5
2023-12-15,จันทบุรี,12.61,102.1,28.4,33.1,24.5,0.9,13.8
2023-12-16,จันทบุรี,12.61,102.1,27.6,32.4,23.3,0.5,17.4
2023-12-17,จันทบุรี,12.61,102.1,27.7,32.8,23.4,0.0,17.8
2023-12-18,จันทบุรี,12.61,102.1,27.3,32.3,23.8,0.0,20.1
2023-12-19,จันทบุรี,12.61,102.1,27.6,32.6,23.9,0.8,18.8
2023-12-20,จันทบุรี,12.61,102.1,27.7,32.3,24.1,0.0,19.1
2023-12-21,จันทบุรี,12.61,102.1,25.7,29.4,22.1,0.0,23.9
2023-12-22,จันทบุรี,12.61,102.1,22.6,26.6,18.6,0.0,29.2
2023-12-23,จันทบุรี,12.61,102.1,22.3,26.6,17.7,0.0,28.1
2023-12-24,จันทบุรี,12.61,102.1,22.6,25.2,19.6,0.0,22.9
2023-12-25,จันทบุรี,12.61,102.1,22.4,25.7,18.7,0.0,26.1
2023-12-26,จันทบุรี,12.61,102.1,24.2,28.2,20.8,0.0,22.8
2023-12-27,จันทบุรี,12.61,102.1,25.7,30.7,21.8,0.0,22.0
2023-12-28,จันทบุรี,12.61,102.1,26.4,32.5,21.8,0.0,19.6
2023-12-29,จันทบุรี,12.61,102.1,27.9,32.7,24.6,0.1,18.7
2023-12-30,จันทบุรี,12.61,102.1,28.0,33.2,24.2,0.5,18.2
2023-12-31,จันทบุรี,12.61,102.1,28.2,33.7,23.9,0.0,15.8
2024-01-01,จันทบุรี,12.61,102.1,27.7,32.9,23.7,0.4,16.0
2024-01-02,จันทบุรี,12.61,102.1,27.7,34.2,21.7,0.0,12.1
2024-01-03,จันทบุรี,12.61,102.1,27.7,33.7,23.1,0.0,17.1
2024-01-04,จันทบุรี,12.61,102.1,27.7,33.3,23.5,0.0,15.3
2024-01-05,จันทบุรี,12.61,102.1,27.4,33.2,23.3,0.0,16.5
2024-01-06,จันทบุรี,12.61,102.1,27.1,33.1,22.1,0.0,15.8
2024-01-07,จันทบุรี,12.61,102.1,27.4,33.3,22.7,0.0,16.9
2024-01-08,จันทบุรี,12.61,102.1,27.4,33.7,22.2,0.0,12.0
2024-01-09,จันทบุรี,12.61,102.1,27.2,34.6,21.1,0.0,7.7
2024-01-10,จันทบุรี,12.61,102.1,27.1,34.8,21.6,0.0,12.0
2024-01-11,จันทบุรี,12.61,102.1,26.5,33.1,23.2,2.0,12.6
2024-01-12,จันทบุรี,12.61,102.1,26.9,32.5,23.5,1.0,11.2
2024-01-13,จันทบุรี,12.61,102.1,26.4,32.3,23.1,1.8,9.7
2024-01-14,จันทบุรี,12.61,102.1,26.6,32.6,21.1,0.0,16.8
2024-01-15,จันทบุรี,12.61,102.1,26.7,32.4,22.7,0.0,15.3
2024-01-16,จันทบุรี,12.61,102.1,26.7,32.4,22.6,0.0,16.1
2024-01-17,จันทบุรี,12.61,102.1,27.2,32.8,22.9,0.0,15.6
2024-01-18,จันทบุรี,12.61,102.1,27.0,33.5,20.7,0.0,14.4
2024-01-19,จันทบุรี,12.61,102.1,27.1,34.9,20.8,0.0,7.5
2024-01-20,จันทบุรี,12.61,102.1,26.6,32.9,21.6,0.2,15.0
2024-01-21,จันทบุรี,12.61,102.1,26.6,32.1,22.5,1.2,10.9
2024-01-22,จันทบุรี,12.61,102.1,26.0,31.1,22.5,4.2,8.3
2024-01-23,จันทบุรี,12.61,102.1,26.8,32.6,23.8,1.8,15.1
2024-01-24,จันทบุรี,12.61,102.1,26.9,31.9,22.6,0.2,19.7
2024-01-25,จันทบุรี,12.61,102.1,27.5,32.2,22.9,0.0,19.4
2024-01-26,จันทบุรี,12.61,102.1,27.0,32.2,22.6,0.0,21.0
2024-01-27,จันทบุรี,12.61,102.1,27.6,33.3,23.6,0.0,15.9
2024-01-28,จันทบุรี,12.61,102.1,27.4,33.2,22.5,0.0,13.3
2024-01-29,จันทบุรี,12.61,102.1,27.0,34.5,22.6,0.8,15.9
2024-01-30,จันทบุรี,12.61,102.1,27.0,33.6,22.3,0.9,11.2
2024-01-31,จันทบุรี,12.61,102.1,26.6,32.3,22.1,1.8,9.9
2024-02-01,จันทบุรี,12.61,102.1,26.5,31.7,23.3,1.3,10.9
2024-02-02,จันทบุรี,12.61,102.1,26.5,31.1,22.9,2.4,10.9
2024-02-03,จันทบุรี,12.61,102.1,26.3,31.5,22.6,2.8,11.3
2024-02-04,จันทบุรี,12.61,102.1,27.0,31.9,23.6,0.2,13.4
2024-02-05,จันทบุรี,12.61,102.1,27.1,32.8,23.6,5.5,11.0
2024-02-06,จันทบุรี,12.61,102.1,26.8,32.5,23.5,6.6,12.1
2024-02-07,จันทบุรี,12.61,102.1,26.7,32.2,23.3,1.3,14.3
2024-02-08,จันทบุรี,12.61,102.1,26.8,31.9,23.2,1.3,12.2
2024-02-09,จันทบุรี,12.61,102.1,27.0,32.8,23.8,1.9,10.9
2024-02-10,จันทบุรี,12.61,102.1,27.4,34.2,23.3,1.3,13.4
2024-02-11,จันทบุรี,12.61,102.1,27.1,32.4,22.6,0.0,20.6
2024-02-12,จันทบุรี,12.61,102.1,26.6,32.2,22.2,0.0,19.9
2024-02-13,จันทบุรี,12.61,102.1,27.4,33.7,23.1,0.0,15.6
2024-02-14,จันทบุรี,12.61,102.1,27.5,36.3,21.8,0.0,14.5
2024-02-15,จันทบุรี,12.61,102.1,27.7,35.3,22.7,2.2,11.5
2024-02-16,จันทบุรี,12.61,102.1,26.7,33.2,23.4,4.0,10.4
2024-02-17,จันทบุรี,12.61,102.1,25.7,30.8,22.5,6.0,10.5
2024-02-18,จันทบุรี,12.61,102.1,26.6,31.8,23.1,1.1,12.3
2024-02-19,จันทบุรี,12.61,102.1,27.0,31.7,22.7,0.8,14.2
2024-02-20,จันทบุรี,12.61,102.1,27.5,32.6,23.8,0.2,14.5
2024-02-21,จันทบุรี,12.61,102.1,27.7,32.3,23.8,1.3,14.1
2024-02-22,จันทบุรี,12.61,102.1,27.4,31.6,24.0,2.2,10.0
2024-02-23,จันทบุรี,12.61,102.1,27.4,31.7,24.0,1.7,9.5
2024-02-24,จันทบุรี,12.61,102.1,27.3,32.5,24.7,1.8,10.2
2024-02-25,จันทบุรี,12.61,102.1,26.7,31.8,22.8,3.4,11.3
2024-02-26,จันทบุรี,12.61,102.1,27.9,35.8,23.1,0.2,12.3
2024-02-27,จันทบุรี,12.61,102.1,27.5,34.6,23.2,3.2,11.9
2024-02-28,จันทบุรี,12.61,102.1,26.9,32.1,24.0,1.6,11.7
2024-02-29,จันทบุรี,12.61,102.1,26.7,31.1,23.7,6.8,11.5
2024-03-01,จันทบุรี,12.61,102.1,27.0,32.4,23.4,1.9,10.4
2024-03-02,จันทบุรี,12.61,102.1,26.5,32.0,23.4,8.0,10.0
2024-03-03,จันทบุรี,12.61,102.1,27.2,33.5,22.8,2.2,12.6
2024-03-04,จันทบุรี,12.61,102.1,27.2,31.3,24.3,1.8,13.8
2024-03-05,จันทบุรี,12.61,102.1,28.1,32.8,24.7,0.5,13.1
2024-03-06,จันทบุรี,12.61,102.1,28.2,33.6,24.6,0.0,13.2
2024-03-07,จันทบุรี,12.61,102.1,28.9,34.2,24.4,0.4,10.5
2024-03-08,จันทบุรี,12.61,102.1,27.9,33.3,24.8,6.3,12.1
2024-03-09,จันทบุรี,12.61,102.1,26.8,32.6,24.3,6.2,7.4
2024-03-10,จันทบุรี,12.61,102.1,27.1,31.6,23.7,1.4,8.7
2024-03-11,จันทบุรี,12.61,102.1,26.5,31.5,24.2,14.0,9.8
2024-03-12,จันทบุรี,12.61,102.1,25.8,30.1,23.5,4.0,7.7
2024-03-13,จันทบุรี,12.61,102.1,26.4,31.2,23.2,0.4,13.7
2024-03-14,จันทบุรี,12.61,102.1,26.6,31.1,23.6,0.1,12.7
2024-03-15,จันทบุรี,12.61,102.1,27.1,31.7,23.8,1.7,11.4
2024-03-16,จันทบุรี,12.61,102.1,27.1,30.9,24.6,3.9,11.8
2024-03-17,จันทบุรี,12.61,102.1,27.2,32.9,22.8,1.0,11.7
2024-03-18,จันทบุรี,12.61,102.1,27.4,33.3,23.7,3.1,11.1
2024-03-19,จันทบุรี,12.61,102.1,26.3,30.3,24.6,11.9,9.9
2024-03-20,จันทบุรี,12.61,102.1,26.2,32.5,22.7,6.0,12.3
2024-03-21,จันทบุรี,12.61,102.1,26.7,33.2,23.3,4.9,15.5
2024-03-22,จันทบุรี,12.61,102.1,26.0,29.7,23.6,6.7,10.8
2024-03-23,จันทบุรี,12.61,102.1,26.6,31.1,24.2,4.5,12.2
2024-03-24,จันทบุรี,12.61,102.1,27.5,32.4,23.7,0.8,11.4
2024-03-25,จันทบุรี,12.61,102.1,27.9,32.4,24.9,2.3,9.0
2024-03-26,จันทบุรี,12.61,102.1,27.8,32.6,25.0,4.0,7.6
2024-03-27,จันทบุรี,12.61,102.1,27.5,32.4,23.6,11.1,12.0
2024-03-28,จันทบุรี,12.61,102.1,27.6,32.8,24.7,1.6,7.5
2024-03-29,จันทบุรี,12.61,102.1,27.8,32.4,24.5,4.7,7.9
2024-03-30,จันทบุรี,12.61,102.1,28.0,32.0,24.0,10.7,9.7
2024-03-31,จันทบุรี,12.61,102.1,28.4,33.6,24.8,0.6,11.5
2024-04-01,จันทบุรี,12.61,102.1,28.7,33.2,25.0,0.2,13.5
2024-04-02,จันทบุรี,12.61,102.1,28.4,33.0,24.6,0.1,13.2
2024-04-03,จันทบุรี,12.61,102.1,28.3,33.5,23.8,0.3,13.1
2024-04-04,จันทบุรี,12.61,102.1,28.5,33.6,24.2,0.8,12.9
2024-04-05,จันทบุรี,12.61,102.1,28.9,33.8,25.1,0.8,14.5
2024-04-06,จันทบุรี,12.61,102.1,29.5,34.1,26.1,0.2,13.8
2024-04-07,จันทบุรี,12.61,102.1,29.1,33.2,25.6,2.1,12.8
2024-04-08,จันทบุรี,12.61,102.1,29.5,34.4,25.6,0.0,13.7
2024-04-09,จันทบุรี,12.61,102.1,29.0,33.5,25.5,10.2,8.1
2024-04-10,จันทบุรี,12.61,102.1,28.3,33.8,24.5,4.8,12.3
2024-04-11,จันทบุรี,12.61,102.1,28.3,33.3,25.3,2.4,12.8
2024-04-12,จันทบุรี,12.61,102.1,28.7,33.7,25.3,3.6,13.2
2024-04-13,จันทบุรี,12.61,102.1,28.4,32.8,24.8,3.0,13.3
2024-04-14,จันทบุรี,12.61,102.1,28.7,32.9,25.6,2.0,12.0
2024-04-15,จันทบุรี,12.61,102.1,29.0,33.5,24.9,0.8,11.4
2024-04-16,จันทบุรี,12.61,102.1,28.4,33.1,25.2,1.5,14.8
2024-04-17,จันทบุรี,12.61,102.1,28.7,33.6,25.1,0.3,14.3
2024-04-18,จันทบุรี,12.61,102.1,28.9,33.5,25.6,0.9,13.3
2024-04-19,จันทบุรี,12.61,102.1,29.1,33.4,25.9,1.7,14.4
2024-04-20,จันทบุรี,12.61,102.1,29.4,33.8,26.3,0.3,13.9
2024-04-21,จันทบุรี,12.61,102.1,29.6,33.9,26.4,0.3,13.7
2024-04-22,จันทบุรี,12.61,102.1,29.3,33.6,25.6,4.2,14.4
2024-04-23,จันทบุรี,12.61,102.1,29.5,34.2,25.9,0.9,13.7
2024-04-24,จันทบุรี,12.61,102.1,29.5,34.5,25.2,0.9,14.3
2024-04-25,จันทบุรี,12.61,102.1,29.9,34.6,26.0,0.0,12.3
2024-04-26,จันทบุรี,12.61,102.1,29.6,34.3,25.5,0.0,14.1
2024-04-27,จันทบุรี,12.61,102.1,29.6,34.8,24.7,0.0,13.5
2024-04-28,จันทบุรี,12.61,102.1,30.2,34.5,26.3,1.4,13.5
2024-04-29,จันทบุรี,12.61,102.1,30.2,35.0,26.1,0.0,12.7
2024-04-30,จันทบุรี,12.61,102.1,30.2,34.7,26.8,0.1,15.6
2024-05-01,จันทบุรี,12.61,102.1,30.0,34.8,26.1,0.0,14.6
2024-05-02,จันทบุรี,12.61,102.1,30.0,34.6,26.1,2.3,15.6
2024-05-03,จันทบุรี,12.61,102.1,29.9,34.9,25.6,0.1,15.6
2024-05-04,จันทบุรี,12.61,102.1,29.9,34.9,25.5,1.6,14.3
2024-05-05,จันทบุรี,12.61,102.1,29.8,34.8,26.2,3.0,12.4
2024-05-06,จันทบุรี,12.61,102.1,29.2,35.2,26.6,4.4,12.4
2024-05-07,จันทบุรี,12.61,102.1,28.2,32.3,25.2,4.7,9.1
2024-05-08,จันทบุรี,12.61,102.1,28.8,34.8,25.0,4.9,8.7
2024-05-09,จันทบุรี,12.61,102.1,27.7,32.9,25.6,16.8,6.4
2024-05-10,จันทบุรี,12.61,102.1,27.5,34.7,25.2,22.8,10.8
2024-05-11,จันทบุรี,12.61,102.1,27.2,30.8,23.6,26.0,8.3
2024-05-12,จันทบุรี,12.61,102.1,28.1,33.9,24.9,2.9,8.0
2024-05-13,จันทบุรี,12.61,102.1,26.9,32.0,23.9,30.5,9.3
2024-05-14,จันทบุรี,12.61,102.1,28.8,34.4,24.5,2.3,8.0
2024-05-15,จันทบุรี,12.61,102.1,27.7,32.2,25.1,34.4,7.2
2024-05-16,จันทบุรี,12.61,102.1,27.8,31.7,25.3,3.5,9.8
2024-05-17,จันทบุรี,12.61,102.1,27.6,32.4,25.3,15.3,13.0
2024-05-18,จันทบุรี,12.61,102.1,27.4,32.2,25.0,11.7,8.7
2024-05-19,จันทบุรี,12.61,102.1,27.6,31.0,25.5,2.5,11.2
2024-05-20,จันทบุรี,12.61,102.1,28.4,32.5,26.2,10.7,12.0
2024-05-21,จันทบุรี,12.61,102.1,26.2,29.8,24.5,21.0,12.0
2024-05-22,จันทบุรี,12.61,102.1,26.2,29.3,24.0,21.5,8.4
2024-05-23,จันทบุรี,12.61,102.1,26.6,29.3,24.4,18.4,8.4
2024-05-24,จันทบุรี,12.61,102.1,27.6,31.6,24.8,8.3,7.1
2024-05-25,จันทบุรี,12.61,102.1,28.6,32.9,25.2,3.2,11.3
2024-05-26,จันทบุรี,12.61,102.1,28.5,32.9,25.3,0.2,10.2
2024-05-27,จันทบุรี,12.61,102.1,29.3,33.0,26.4,0.6,12.4
2024-05-28,จันทบุรี,12.61,102.1,29.8,33.2,26.5,0.0,14.8
2024-05-29,จันทบุรี,12.61,102.1,29.2,32.6,26.1,1.7,15.6
2024-05-30,จันทบุรี,12.61,102.1,28.8,32.8,26.1,8.2,18.9
2024-05-31,จันทบุรี,12.61,102.1,26.4,28.4,24.3,41.4,13.5
2024-06-01,จันทบุรี,12.61,102.1,26.2,31.0,24.3,43.2,16.8
2024-06-02,จันทบุรี,12.61,102.1,27.9,31.5,24.8,0.4,14.4
2024-06-03,จันทบุรี,12.61,102.1,28.7,31.6,27.1,0.1,13.7
2024-06-04,จันทบุรี,12.61,102.1,29.0,32.1,26.2,0.2,15.1
2024-06-05,จันทบุรี,12.61,102.1,27.5,31.0,24.6,9.8,14.6
2024-06-06,จันทบุรี,12.61,102.1,28.2,31.7,24.7,0.9,12.8
2024-06-07,จันทบุรี,12.61,102.1,28.0,31.1,26.1,9.9,13.6
2024-06-08,จันทบุรี,12.61,102.1,27.4,30.7,25.0,19.3,17.6
2024-06-09,จันทบุรี,12.61,102.1,26.9,30.2,24.2,51.8,16.3
2024-06-10,จันทบุรี,12.61,102.1,25.2,26.8,23.8,47.7,13.5
2024-06-11,จันทบุรี,12.61,102.1,26.1,29.4,23.6,22.3,17.1
2024-06-12,จันทบุรี,12.61,102.1,27.3,30.1,24.2,8.2,15.3
2024-06-13,จันทบุรี,12.61,102.1,28.1,31.6,24.9,2.5,13.5
2024-06-14,จันทบุรี,12.61,102.1,27.9,31.5,24.4,6.0,15.9
2024-06-15,จันทบุรี,12.61,102.1,28.2,32.3,25.0,4.0,11.5
2024-06-16,จันทบุรี,12.61,102.1,27.3,32.2,24.2,8.7,8.3
2024-06-17,จันทบุรี,12.61,102.1,26.5,30.2,24.9,9.7,12.4
2024-06-18,จันทบุรี,12.61,102.1,27.1,31.2,23.8,15.8,13.0
2024-06-19,จันทบุรี,12.61,102.1,27.1,30.7,24.1,5.1,13.2
2024-06-20,จันทบุรี,12.61,102.1,27.3,31.4,24.3,7.2,12.4
2024-06-21,จันทบุรี,12.61,102.1,26.1,29.0,23.6,21.7,11.5
2024-06-22,จันทบุรี,12.61,102.1,25.4,29.6,24.2,35.6,15.0
2024-06-23,จันทบุรี,12.61,102.1,25.4,27.6,23.8,35.1,17.7
2024-06-24,จันทบุรี,12.61,102.1,25.6,29.1,23.8,24.1,17.7
2024-06-25,จันทบุรี,12.61,102.1,24.3,25.7,23.2,44.8,11.4
2024-06-26,จันทบุรี,12.61,102.1,25.4,27.6,23.6,7.3,14.1
2024-06-27,จันทบุรี,12.61,102.1,26.9,31.4,23.8,1.1,9.4
2024-06-28,จันทบุรี,12.61,102.1,26.8,30.8,24.0,9.9,8.9
2024-06-29,จันทบุรี,12.61,102.1,26.0,29.6,24.7,25.8,12.6
2024-06-30,จันทบุรี,12.61,102.1,26.3,29.6,23.8,10.6,13.1
2024-07-01,จันทบุรี,12.61,102.1,26.3,29.5,24.3,7.9,11.6
2024-07-02,จันทบุรี,12.61,102.1,26.7,30.4,23.7,4.3,11.0
2024-07-03,จันทบุรี,12.61,102.1,26.9,30.2,24.4,4.1,11.1
2024-07-04,จันทบุรี,12.61,102.1,25.5,28.3,23.8,20.5,10.7
2024-07-05,จันทบุรี,12.61,102.1,25.3,27.9,23.6,16.8,12.6
2024-07-06,จันทบุรี,12.61,102.1,26.8,30.9,23.7,1.1,13.3
2024-07-07,จันทบุรี,12.61,102.1,26.6,29.2,24.2,8.7,7.7
2024-07-08,จันทบุรี,12.61,102.1,26.6,30.0,24.0,2.1,12.2
2024-07-09,จันทบุรี,12.61,102.1,26.3,29.8,24.4,5.3,10.3
2024-07-10,จันทบุรี,12.61,102.1,26.1,28.8,23.9,14.7,14.8
2024-07-11,จันทบุรี,12.61,102.1,25.9,29.2,23.8,16.0,14.7
2024-07-12,จันทบุรี,12.61,102.1,25.7,28.7,23.9,40.0,15.1
2024-07-13,จันทบุรี,12.61,102.1,26.1,29.5,23.5,43.5,18.6
2024-07-14,จันทบุรี,12.61,102.1,26.2,30.0,23.4,35.9,17.9
2024-07-15,จันทบุรี,12.61,102.1,25.8,28.8,24.3,11.6,12.4
2024-07-16,จันทบุรี,12.61,102.1,24.8,28.0,23.8,47.5,14.0
2024-07-17,จันทบุรี,12.61,102.1,25.8,29.8,23.6,27.9,17.7
2024-07-18,จันทบุรี,12.61,102.1,25.6,29.1,23.3,36.6,14.3
2024-07-19,จันทบุรี,12.61,102.1,24.9,29.9,22.7,39.8,13.9
2024-07-20,จันทบุรี,12.61,102.1,24.9,27.6,23.5,59.0,15.7
2024-07-21,จันทบุรี,12.61,102.1,25.3,27.6,23.5,18.4,12.8
2024-07-22,จันทบุรี,12.61,102.1,26.5,30.4,23.5,11.6,15.0
2024-07-23,จันทบุรี,12.61,102.1,25.7,29.1,24.0,39.0,17.7
2024-07-24,จันทบุรี,12.61,102.1,25.6,28.5,23.7,17.4,18.5
2024-07-25,จันทบุรี,12.61,102.1,25.4,27.1,24.3,33.9,16.9
2024-07-26,จันทบุรี,12.61,102.1,24.7,26.7,23.5,52.6,16.3
2024-07-27,จันทบุรี,12.61,102.1,25.3,27.5,23.6,30.5,14.7
2024-07-28,จันทบุรี,12.61,102.1,24.6,25.8,23.8,36.7,14.5
2024-07-29,จันทบุรี,12.61,102.1,25.0,27.7,24.0,34.0,14.2
2024-07-30,จันทบุรี,12.61,102.1,26.0,29.8,23.9,14.0,15.5
2024-07-31,จันทบุรี,12.61,102.1,25.6,28.7,23.6,17.9,13.3
2024-08-01,จันทบุรี,12.61,102.1,26.5,30.0,24.0,7.7,13.7
2024-08-02,จันทบุรี,12.61,102.1,26.5,30.0,23.9,1.9,10.7
2024-08-03,จันทบุรี,12.61,102.1,26.4,30.1,23.6,6.4,13.2
2024-08-04,จันทบุรี,12.61,102.1,25.9,29.0,23.3,23.1,8.9
2024-08-05,จันทบุรี,12.61,102.1,26.7,31.3,23.6,4.1,10.6
2024-08-06,จันทบุรี,12.61,102.1,26.5,30.3,24.0,6.7,10.5
2024-08-07,จันทบุรี,12.61,102.1,26.5,30.7,23.5,9.0,11.8
2024-08-08,จันทบุรี,12.61,102.1,26.6,29.8,24.1,5.3,10.3
2024-08-09,จันทบุรี,12.61,102.1,26.8,30.5,24.3,8.6,13.2
2024-08-10,จันทบุรี,12.61,102.1,27.7,31.5,24.7,3.5,13.2
2024-08-11,จันทบุรี,12.61,102.1,27.3,30.7,23.7,24.0,11.7
2024-08-12,จันทบุรี,12.61,102.1,27.0,30.8,24.0,17.0,15.3
2024-08-13,จันทบุรี,12.61,102.1,26.5,30.4,23.9,10.2,13.7
2024-08-14,จันทบุรี,12.61,102.1,27.0,30.8,24.2,8.2,12.3
2024-08-15,จันทบุรี,12.61,102.1,27.5,31.3,24.5,3.6,12.2
2024-08-16,จันทบุรี,12.61,102.1,27.3,30.2,24.7,4.5,10.8
2024-08-17,จันทบุรี,12.61,102.1,26.7,30.5,24.9,11.0,10.5
2024-08-18,จันทบุรี,12.61,102.1,27.4,31.0,24.6,5.5,11.0
2024-08-19,จันทบุรี,12.61,102.1,27.2,30.5,24.7,3.4,11.7
2024-08-20,จันทบุรี,12.61,102.1,27.5,31.3,24.7,1.6,11.8
2024-08-21,จันทบุรี,12.61,102.1,27.7,31.8,24.3,1.2,10.5
2024-08-22,จันทบุรี,12.61,102.1,27.5,31.7,24.3,3.9,10.0
2024-08-23,จันทบุรี,12.61,102.1,26.5,30.1,23.7,15.1,9.4
2024-08-24,จันทบุรี,12.61,102.1,26.3,29.7,24.2,8.7,12.0
2024-08-25,จันทบุรี,12.61,102.1,25.9,30.1,23.1,17.3,10.0
2024-08-26,จันทบุรี,12.61,102.1,26.4,30.4,23.4,3.1,9.1
2024-08-27,จันทบุรี,12.61,102.1,26.8,30.8,23.6,7.1,8.9
2024-08-28,จันทบุรี,12.61,102.1,25.6,29.0,23.4,25.0,12.5
2024-08-29,จันทบุรี,12.61,102.1,25.5,29.6,24.0,26.6,17.4
2024-08-30,จันทบุรี,12.61,102.1,25.9,29.2,23.9,13.7,14.4
2024-08-31,จันทบุรี,12.61,102.1,26.4,30.6,24.2,20.9,14.1
2024-09-01,จันทบุรี,12.61,102.1,26.6,31.2,23.4,7.8,12.1
2024-09-02,จันทบุรี,12.61,102.1,25.9,30.3,24.0,13.6,7.3
2024-09-03,จันทบุรี,12.61,102.1,25.0,27.4,23.7,42.8,13.0
2024-09-04,จันทบุรี,12.61,102.1,25.8,28.1,23.7,31.0,13.7
2024-09-05,จันทบุรี,12.61,102.1,27.0,29.9,24.9,17.4,18.0
2024-09-06,จันทบุรี,12.61,102.1,26.9,30.3,25.6,16.7,16.4
2024-09-07,จันทบุรี,12.61,102.1,27.1,30.3,24.7,11.1,20.2
2024-09-08,จันทบุรี,12.61,102.1,26.3,29.4,23.9,29.0,18.8
2024-09-09,จันทบุรี,12.61,102.1,26.4,29.8,24.1,27.5,17.4
2024-09-10,จันทบุรี,12.61,102.1,26.9,29.7,24.5,7.3,13.4
2024-09-11,จันทบุรี,12.61,102.1,26.0,29.0,23.3,14.5,9.2
2024-09-12,จันทบุรี,12.61,102.1,26.1,30.8,23.9,15.7,11.1
2024-09-13,จันทบุรี,12.61,102.1,26.2,30.0,23.6,10.9,12.2
2024-09-14,จันทบุรี,12.61,102.1,26.0,28.5,23.6,18.8,13.3
2024-09-15,จันทบุรี,12.61,102.1,25.7,29.6,23.3,27.5,15.4
2024-09-16,จันทบุรี,12.61,102.1,26.1,30.1,23.6,18.8,13.7
2024-09-17,จันทบุรี,12.61,102.1,25.8,30.8,24.0,16.8,8.7
2024-09-18,จันทบุรี,12.61,102.1,24.8,27.6,23.0,26.5,7.6
2024-09-19,จันทบุรี,12.61,102.1,25.7,31.0,23.3,14.9,8.6
2024-09-20,จันทบุรี,12.61,102.1,25.3,28.4,23.9,23.0,12.7
2024-09-21,จันทบุรี,12.61,102.1,25.5,28.5,23.6,33.3,14.8
2024-09-22,จันทบุรี,12.61,102.1,24.9,27.3,23.9,27.4,16.5
2024-09-23,จันทบุรี,12.61,102.1,26.0,29.2,23.8,4.0,15.3
2024-09-24,จันทบุรี,12.61,102.1,24.6,26.0,23.0,26.5,8.0
2024-09-25,จันทบุรี,12.61,102.1,25.2,31.0,23.5,19.7,5.1
2024-09-26,จันทบุรี,12.61,102.1,25.7,31.4,22.4,8.0,7.1
2024-09-27,จันทบุรี,12.61,102.1,26.1,31.9,23.2,2.1,6.1
2024-09-28,จันทบุรี,12.61,102.1,26.4,30.5,23.6,3.7,8.0
2024-09-29,จันทบุรี,12.61,102.1,27.0,31.2,23.9,1.5,11.6
2024-09-30,จันทบุรี,12.61,102.1,26.4,30.0,24.3,7.2,10.3
2024-10-01,จันทบุรี,12.61,102.1,26.0,30.3,23.2,14.3,10.0
2024-10-02,จันทบุรี,12.61,102.1,26.5,31.1,24.2,3.9,9.7
2024-10-03,จันทบุรี,12.61,102.1,26.0,30.2,23.0,19.4,6.9
2024-10-04,จันทบุรี,12.61,102.1,26.1,31.1,23.2,16.6,13.0
2024-10-05,จันทบุรี,12.61,102.1,26.2,31.0,23.8,1.5,10.4
2024-10-06,จันทบุรี,12.61,102.1,26.4,31.2,23.3,1.2,13.1
2024-10-07,จันทบุรี,12.61,102.1,27.2,31.7,24.5,0.1,12.4
2024-10-08,จันทบุรี,12.61,102.1,26.7,31.3,24.8,2.1,10.1
2024-10-09,จันทบุรี,12.61,102.1,25.9,31.1,23.6,9.0,13.4
2024-10-10,จันทบุรี,12.61,102.1,26.0,30.4,23.9,3.9,12.1
2024-10-11,จันทบุรี,12.61,102.1,26.5,32.3,23.5,1.6,11.0
2024-10-12,จันทบุรี,12.61,102.1,26.1,31.2,23.9,17.2,11.0
2024-10-13,จันทบุรี,12.61,102.1,26.7,32.0,24.4,7.0,11.7
2024-10-14,จันทบุรี,12.61,102.1,26.3,31.7,23.5,8.3,6.7
2024-10-15,จันทบุรี,12.61,102.1,25.8,31.4,23.3,6.8,11.4
2024-10-16,จันทบุรี,12.61,102.1,26.0,29.4,23.2,5.8,9.2
2024-10-17,จันทบุรี,12.61,102.1,26.0,30.2,23.7,12.1,6.6
2024-10-18,จันทบุรี,12.61,102.1,24.9,29.2,23.3,30.3,5.4
2024-10-19,จันทบุรี,12.61,102.1,24.3,28.2,22.7,36.3,11.1
2024-10-20,จันทบุรี,12.61,102.1,25.0,28.5,23.0,10.1,8.7
2024-10-21,จันทบุรี,12.61,102.1,25.6,28.5,22.9,7.3,7.3
2024-10-22,จันทบุรี,12.61,102.1,25.9,30.8,22.9,11.5,6.8
2024-10-23,จันทบุรี,12.61,102.1,26.5,31.4,22.6,8.6,11.7
2024-10-24,จันทบุรี,12.61,102.1,26.8,31.4,23.8,0.0,14.4
2024-10-25,จันทบุรี,12.61,102.1,26.8,31.2,22.8,0.1,9.2
2024-10-26,จันทบุรี,12.61,102.1,27.4,32.3,22.8,2.1,9.7
2024-10-27,จันทบุรี,12.61,102.1,26.2,30.3,23.4,18.5,11.3
2024-10-28,จันทบุรี,12.61,102.1,24.6,26.9,23.1,14.2,8.7
2024-10-29,จันทบุรี,12.61,102.1,26.0,31.3,22.8,1.3,7.2
2024-10-30,จันทบุรี,12.61,102.1,25.6,30.7,22.8,7.0,8.9
2024-10-31,จันทบุรี,12.61,102.1,26.2,31.1,23.4,2.6,6.1
2024-11-01,จันทบุรี,12.61,102.1,25.8,31.6,22.7,6.7,7.7
2024-11-02,จันทบุรี,12.61,102.1,26.7,30.5,23.5,0.0,14.6
2024-11-03,จันทบุรี,12.61,102.1,26.7,30.6,23.8,0.1,16.7
2024-11-04,จันทบุรี,12.61,102.1,26.2,30.7,24.0,6.7,16.2
2024-11-05,จันทบุรี,12.61,102.1,25.6,28.9,23.3,2.8,18.4
2024-11-06,จันทบุรี,12.61,102.1,26.2,29.0,23.9,0.8,17.1
2024-11-07,จันทบุรี,12.61,102.1,26.8,31.2,23.7,0.6,19.9
2024-11-08,จันทบุรี,12.61,102.1,26.7,30.7,24.2,2.5,18.1
2024-11-09,จันทบุรี,12.61,102.1,26.6,30.1,23.6,0.0,18.2
2024-11-10,จันทบุรี,12.61,102.1,27.2,31.4,23.9,0.0,11.8
2024-11-11,จันทบุรี,12.61,102.1,27.5,32.0,24.0,0.0,12.2
2024-11-12,จันทบุรี,12.61,102.1,27.3,32.1,23.5,0.0,12.9
2024-11-13,จันทบุรี,12.61,102.1,27.9,32.9,23.5,0.1,16.2
2024-11-14,จันทบุรี,12.61,102.1,26.9,32.1,23.9,4.8,8.7
2024-11-15,จันทบุรี,12.61,102.1,27.0,31.5,23.8,4.4,10.0
2024-11-16,จันทบุรี,12.61,102.1,27.6,33.1,23.6,0.4,6.2
2024-11-17,จันทบุรี,12.61,102.1,26.6,32.3,23.5,1.7,14.8
2024-11-18,จันทบุรี,12.61,102.1,27.1,31.9,23.2,0.0,17.9
2024-11-19,จันทบุรี,12.61,102.1,27.4,32.2,22.8,0.0,16.3
2024-11-20,จันทบุรี,12.61,102.1,27.7,31.9,24.6,0.0,23.1
2024-11-21,จันทบุรี,12.61,102.1,28.1,33.0,24.5,0.0,21.6
2024-11-22,จันทบุรี,12.61,102.1,28.0,32.4,24.6,0.0,24.6
2024-11-23,จันทบุรี,12.61,102.1,28.2,32.5,25.1,0.0,25.7
2024-11-24,จันทบุรี,12.61,102.1,28.3,32.5,25.1,0.0,23.0
2024-11-25,จันทบุรี,12.61,102.1,28.5,32.7,25.7,0.0,23.1
2024-11-26,จันทบุรี,12.61,102.1,28.3,33.1,25.2,0.0,22.9
2024-11-27,จันทบุรี,12.61,102.1,27.9,32.5,24.6,0.0,20.1
2024-11-28,จันทบุรี,12.61,102.1,27.2,30.9,24.4,0.0,26.6
2024-11-29,จันทบุรี,12.61,102.1,25.4,28.8,22.0,0.0,29.0
2024-11-30,จันทบุรี,12.61,102.1,24.9,29.2,21.1,0.0,22.5
2024-12-01,จันทบุรี,12.61,102.1,25.7,30.8,21.9,0.0,18.5
2024-12-02,จันทบุรี,12.61,102.1,26.7,31.6,22.6,0.0,16.7
2024-12-03,จันทบุรี,12.61,102.1,27.1,32.3,23.0,0.0,18.1
2024-12-04,จันทบุรี,12.61,102.1,27.3,32.3,23.2,0.0,17.7
2024-12-05,จันทบุรี,12.61,102.1,28.1,32.4,24.5,0.0,16.0
2024-12-06,จันทบุรี,12.61,102.1,28.2,32.6,24.7,0.0,18.0
2024-12-07,จันทบุรี,12.61,102.1,28.7,32.7,25.1,0.1,18.1
2024-12-08,จันทบุรี,12.61,102.1,27.5,30.9,25.5,1.0,18.4
2024-12-09,จันทบุรี,12.61,102.1,27.0,31.5,23.6,0.0,19.1
2024-12-10,จันทบุรี,12.61,102.1,26.9,31.4,23.1,0.0,17.4
2024-12-11,จันทบุรี,12.61,102.1,27.6,32.1,23.5,0.0,17.2
2024-12-12,จันทบุรี,12.61,102.1,27.4,31.7,24.4,3.4,21.1
2024-12-13,จันทบุรี,12.61,102.1,26.1,28.2,25.2,8.4,21.8
2024-12-14,จันทบุรี,12.61,102.1,24.7,26.3,23.2,2.6,24.5
2024-12-15,จันทบุรี,12.61,102.1,25.3,29.5,21.8,0.0,25.8
2024-12-16,จันทบุรี,12.61,102.1,24.1,26.8,21.1,0.0,27.3
2024-12-17,จันทบุรี,12.61,102.1,25.0,29.5,20.7,0.0,23.0
2024-12-18,จันทบุรี,12.61,102.1,25.8,30.4,22.6,0.0,23.6
2024-12-19,จันทบุรี,12.61,102.1,25.1,29.4,21.3,0.0,24.1
2024-12-20,จันทบุรี,12.61,102.1,24.4,29.4,20.6,0.0,22.3
2024-12-21,จันทบุรี,12.61,102.1,24.4,29.3,20.6,0.0,19.9
2024-12-22,จันทบุรี,12.61,102.1,23.3,27.6,20.1,0.0,20.6
2024-12-23,จันทบุรี,12.61,102.1,23.0,27.7,18.6,0.0,20.1
2024-12-24,จันทบุรี,12.61,102.1,24.8,28.8,20.8,0.0,19.9
2024-12-25,จันทบุรี,12.61,102.1,25.1,29.4,20.8,0.0,22.7
2024-12-26,จันทบุรี,12.61,102.1,26.1,29.7,23.0,0.3,19.1
2024-12-27,จันทบุรี,12.61,102.1,27.8,32.3,24.0,0.0,23.3
2024-12-28,จันทบุรี,12.61,102.1,27.2,31.6,24.0,0.0,22.7
2024-12-29,จันทบุรี,12.61,102.1,25.1,29.0,21.2,0.0,26.6
2024-12-30,จันทบุรี,12.61,102.1,25.5,30.1,21.8,0.0,19.2
2024-12-31,จันทบุรี,12.61,102.1,25.1,29.8,21.3,0.0,19.3
2025-01-01,จันทบุรี,12.61,102.1,25.1,29.7,21.5,0.0,19.8
2025-01-02,จันทบุรี,12.61,102.1,25.6,30.5,21.3,0.0,18.6
2025-01-03,จันทบุรี,12.61,102.1,25.8,29.8,22.6,0.0,21.1
2025-01-04,จันทบุรี,12.61,102.1,25.4,30.1,21.6,0.0,21.6
2025-01-05,จันทบุรี,12.61,102.1,24.7,28.6,21.6,0.0,22.7
2025-01-06,จันทบุรี,12.61,102.1,23.9,28.7,20.1,0.0,20.7
2025-01-07,จันทบุรี,12.61,102.1,24.6,30.4,19.8,0.0,16.0
2025-01-08,จันทบุรี,12.61,102.1,25.1,31.1,19.6,0.0,14.2
2025-01-09,จันทบุรี,12.61,102.1,25.3,31.1,20.8,0.0,18.5
2025-01-10,จันทบุรี,12.61,102.1,25.2,30.6,21.9,0.0,24.1
2025-01-11,จันทบุรี,12.61,102.1,23.9,27.5,20.3,0.0,29.4
2025-01-12,จันทบุรี,12.61,102.1,21.5,25.6,17.4,0.0,30.8
2025-01-13,จันทบุรี,12.61,102.1,21.1,26.1,16.5,0.0,24.1
2025-01-14,จันทบุรี,12.61,102.1,22.9,28.5,18.2,0.0,20.7
2025-01-15,จันทบุรี,12.61,102.1,25.0,29.2,20.8,0.0,21.6
2025-01-16,จันทบุรี,12.61,102.1,25.9,30.2,21.8,0.0,27.4
2025-01-17,จันทบุรี,12.61,102.1,24.3,28.8,20.1,0.0,25.8
2025-01-18,จันทบุรี,12.61,102.1,23.7,28.9,19.5,0.0,20.5
2025-01-19,จันทบุรี,12.61,102.1,24.6,29.6,21.0,0.0,20.0
2025-01-20,จันทบุรี,12.61,102.1,24.9,30.4,20.8,0.0,17.7
2025-01-21,จันทบุรี,12.61,102.1,23.9,30.7,18.2,0.0,16.1
2025-01-22,จันทบุรี,12.61,102.1,23.8,31.3,17.8,0.0,12.5
2025-01-23,จันทบุรี,12.61,102.1,24.3,32.3,18.4,0.0,9.7
2025-01-24,จันทบุรี,12.61,102.1,25.4,33.0,20.1,0.0,12.9
2025-01-25,จันทบุรี,12.61,102.1,25.2,31.4,20.0,0.0,11.2
2025-01-26,จันทบุรี,12.61,102.1,26.2,34.0,20.7,0.0,9.1
2025-01-27,จันทบุรี,12.61,102.1,24.5,28.8,20.2,0.2,27.8
2025-01-28,จันทบุรี,12.61,102.1,23.9,28.5,20.0,0.0,24.1
2025-01-29,จันทบุรี,12.61,102.1,23.7,29.0,19.3,0.0,23.1
2025-01-30,จันทบุรี,12.61,102.1,23.7,30.1,19.3,0.0,19.0
2025-01-31,จันทบุรี,12.61,102.1,23.4,30.9,17.8,0.0,12.5
2025-02-01,จันทบุรี,12.61,102.1,24.4,31.6,18.7,0.0,14.5
2025-02-02,จันทบุรี,12.61,102.1,25.2,31.7,20.5,0.0,12.5
2025-02-03,จันทบุรี,12.61,102.1,25.9,32.2,21.7,0.0,13.3
2025-02-04,จันทบุรี,12.61,102.1,26.4,32.2,22.8,2.9,17.4
2025-02-05,จันทบุรี,12.61,102.1,26.3,32.6,22.3,0.0,13.8
2025-02-06,จันทบุรี,12.61,102.1,25.5,32.3,20.7,0.0,13.8
2025-02-07,จันทบุรี,12.61,102.1,25.6,31.7,21.2,0.2,14.2
2025-02-08,จันทบุรี,12.61,102.1,26.4,31.9,22.0,0.0,17.6
2025-02-09,จันทบุรี,12.61,102.1,25.2,29.8,21.0,0.0,26.0
2025-02-10,จันทบุรี,12.61,102.1,25.0,30.6,20.4,0.0,20.6
2025-02-11,จันทบุรี,12.61,102.1,25.8,32.4,20.9,0.0,16.7
2025-02-12,จันทบุรี,12.61,102.1,26.7,34.1,20.9,0.0,12.2
2025-02-13,จันทบุรี,12.61,102.1,26.6,33.7,21.6,0.0,15.0
2025-02-14,จันทบุรี,12.61,102.1,26.9,32.0,23.5,0.3,15.7
2025-02-15,จันทบุรี,12.61,102.1,27.1,32.8,23.2,0.0,12.6
2025-02-16,จันทบุรี,12.61,102.1,26.5,30.6,24.0,6.0,11.4
2025-02-17,จันทบุรี,12.61,102.1,25.5,30.1,22.6,5.3,9.3
2025-02-18,จันทบุรี,12.61,102.1,25.4,31.4,22.8,6.9,9.5
2025-02-19,จันทบุรี,12.61,102.1,24.8,28.8,22.1,9.5,9.9
2025-02-20,จันทบุรี,12.61,102.1,26.2,32.7,22.1,0.4,10.6
2025-02-21,จันทบุรี,12.61,102.1,25.3,29.3,23.4,4.9,9.7
2025-02-22,จันทบุรี,12.61,102.1,26.3,31.1,22.4,2.5,11.5
2025-02-23,จันทบุรี,12.61,102.1,27.5,34.0,23.2,0.2,18.1
2025-02-24,จันทบุรี,12.61,102.1,24.8,26.7,23.4,6.8,18.4
2025-02-25,จันทบุรี,12.61,102.1,27.1,32.3,23.7,0.0,22.0
2025-02-26,จันทบุรี,12.61,102.1,27.2,33.2,23.4,0.3,20.8
2025-02-27,จันทบุรี,12.61,102.1,27.7,34.5,24.4,2.5,12.0
2025-02-28,จันทบุรี,12.61,102.1,26.3,31.4,22.6,2.4,8.5
2025-03-01,จันทบุรี,12.61,102.1,26.6,31.5,23.2,3.0,12.5
2025-03-02,จันทบุรี,12.61,102.1,27.3,31.6,24.2,2.5,12.7
2025-03-03,จันทบุรี,12.61,102.1,27.3,31.5,25.0,6.6,12.5
2025-03-04,จันทบุรี,12.61,102.1,27.6,32.4,23.4,1.2,13.3
2025-03-05,จันทบุรี,12.61,102.1,28.0,33.2,24.7,1.3,12.2
2025-03-06,จันทบุรี,12.61,102.1,28.0,33.1,23.7,1.5,13.2
2025-03-07,จันทบุรี,12.61,102.1,26.0,32.6,23.4,19.8,11.5
2025-03-08,จันทบุรี,12.61,102.1,24.4,27.4,21.5,2.0,17.9
2025-03-09,จันทบุรี,12.61,102.1,26.6,32.0,22.5,0.0,19.7
2025-03-10,จันทบุรี,12.61,102.1,27.9,33.6,23.0,0.0,14.8
2025-03-11,จันทบุรี,12.61,102.1,26.5,31.6,23.4,6.5,15.3
2025-03-12,จันทบุรี,12.61,102.1,27.1,31.6,23.7,3.9,10.3
2025-03-13,จันทบุรี,12.61,102.1,26.3,30.4,23.6,7.7,8.3
2025-03-14,จันทบุรี,12.61,102.1,26.9,32.5,22.7,0.7,10.1
2025-03-15,จันทบุรี,12.61,102.1,27.4,31.8,24.2,2.4,10.9
2025-03-16,จันทบุรี,12.61,102.1,26.9,31.2,24.6,2.9,11.5
2025-03-17,จันทบุรี,12.61,102.1,25.9,31.5,22.8,12.9,12.6
2025-03-18,จันทบุรี,12.61,102.1,27.2,32.8,22.9,1.9,17.1
2025-03-19,จันทบุรี,12.61,102.1,26.5,31.1,22.3,0.0,24.5
2025-03-20,จันทบุรี,12.61,102.1,25.1,29.5,21.8,0.0,24.0
2025-03-21,จันทบุรี,12.61,102.1,25.8,31.0,22.5,0.0,22.1
2025-03-22,จันทบุรี,12.61,102.1,26.4,31.4,22.6,0.0,21.0
2025-03-23,จันทบุรี,12.61,102.1,27.1,33.1,20.9,0.0,14.9
2025-03-24,จันทบุรี,12.61,102.1,27.0,33.0,21.4,0.5,14.9
2025-03-25,จันทบุรี,12.61,102.1,27.3,31.8,23.6,1.1,13.4
2025-03-26,จันทบุรี,12.61,102.1,27.1,30.8,24.1,1.6,14.7
2025-03-27,จันทบุรี,12.61,102.1,27.5,32.0,23.7,0.5,16.1
2025-03-28,จันทบุรี,12.61,102.1,27.6,31.7,23.9,3.6,12.3
2025-03-29,จันทบุรี,12.61,102.1,28.1,32.8,24.2,0.5,10.8
2025-03-30,จันทบุรี,12.61,102.1,26.4,31.6,23.7,10.9,11.9
2025-03-31,จันทบุรี,12.61,102.1,25.6,29.4,23.2,16.9,12.0
2025-04-01,จันทบุรี,12.61,102.1,26.8,33.0,22.8,1.0,14.5
2025-04-02,จันทบุรี,12.61,102.1,26.4,32.2,23.9,24.1,13.9
2025-04-03,จันทบุรี,12.61,102.1,26.8,32.6,23.4,5.8,11.6
2025-04-04,จันทบุรี,12.61,102.1,26.7,30.6,23.3,2.5,10.7
2025-04-05,จันทบุรี,12.61,102.1,27.3,30.7,23.9,1.1,11.3
2025-04-06,จันทบุรี,12.61,102.1,27.5,32.2,24.1,2.6,12.6
2025-04-07,จันทบุรี,12.61,102.1,26.4,30.9,23.7,2.8,15.2
2025-04-08,จันทบุรี,12.61,102.1,26.3,30.3,23.8,3.4,9.3
2025-04-09,จันทบุรี,12.61,102.1,26.7,31.2,23.9,6.9,11.3
2025-04-10,จันทบุรี,12.61,102.1,26.2,30.2,23.9,8.7,9.1
2025-04-11,จันทบุรี,12.61,102.1,27.0,30.8,23.6,2.3,12.1
2025-04-12,จันทบุรี,12.61,102.1,27.1,31.2,24.5,2.5,12.2
2025-04-13,จันทบุรี,12.61,102.1,27.9,32.9,24.0,1.7,13.7
2025-04-14,จันทบุรี,12.61,102.1,25.9,30.9,23.4,17.3,12.7
2025-04-15,จันทบุรี,12.61,102.1,26.7,30.9,24.0,7.4,10.6
2025-04-16,จันทบุรี,12.61,102.1,25.8,29.9,24.2,13.6,11.0
2025-04-17,จันทบุรี,12.61,102.1,26.8,30.8,23.7,5.1,10.3
2025-04-18,จันทบุรี,12.61,102.1,27.9,32.0,25.0,2.2,12.6
2025-04-19,จันทบุรี,12.61,102.1,27.9,32.5,24.6,1.8,11.8
2025-04-20,จันทบุรี,12.61,102.1,27.9,32.1,24.5,1.3,12.5
2025-04-21,จันทบุรี,12.61,102.1,28.0,33.0,23.7,2.3,10.3
2025-04-22,จันทบุรี,12.61,102.1,27.7,31.7,24.8,6.5,10.6
2025-04-23,จันทบุรี,12.61,102.1,27.8,32.1,24.2,1.7,12.6
2025-04-24,จันทบุรี,12.61,102.1,27.3,31.4,24.7,7.1,9.7
2025-04-25,จันทบุรี,12.61,102.1,28.0,32.5,23.9,4.0,9.6
2025-04-26,จันทบุรี,12.61,102.1,26.4,30.2,24.8,12.8,12.4
2025-04-27,จันทบุรี,12.61,102.1,26.7,31.1,23.9,5.2,9.6
2025-04-28,จันทบุรี,12.61,102.1,27.1,32.6,24.0,3.2,14.7
2025-04-29,จันทบุรี,12.61,102.1,27.2,32.3,23.7,1.6,11.0
2025-04-30,จันทบุรี,12.61,102.1,27.5,32.4,23.8,2.7,8.4
2025-05-01,จันทบุรี,12.61,102.1,27.5,32.9,24.2,1.2,10.6
2025-05-02,จันทบุรี,12.61,102.1,26.5,31.3,23.8,6.5,9.0
2025-05-03,จันทบุรี,12.61,102.1,26.1,30.9,23.4,20.2,11.3
2025-05-04,จันทบุรี,12.61,102.1,26.7,32.3,23.5,1.5,8.1
2025-05-05,จันทบุรี,12.61,102.1,27.0,31.6,24.1,2.6,6.7
2025-05-06,จันทบุรี,12.61,102.1,26.8,32.0,24.0,11.1,12.6
2025-05-07,จันทบุรี,12.61,102.1,26.8,30.0,24.7,5.6,15.0
2025-05-08,จันทบุรี,12.61,102.1,27.1,30.3,24.7,4.4,11.3
2025-05-09,จันทบุรี,12.61,102.1,28.3,32.3,25.2,1.2,9.7
2025-05-10,จันทบุรี,12.61,102.1,26.8,30.1,24.7,8.9,12.6
2025-05-11,จันทบุรี,12.61,102.1,25.6,31.0,23.6,15.8,12.5
2025-05-12,จันทบุรี,12.61,102.1,25.4,27.8,24.1,11.9,8.9
2025-05-13,จันทบุรี,12.61,102.1,26.2,29.5,23.6,4.0,11.6
2025-05-14,จันทบุรี,12.61,102.1,26.8,30.7,24.0,14.1,10.4
2025-05-15,จันทบุรี,12.61,102.1,27.2,33.3,23.8,0.8,9.2
2025-05-16,จันทบุรี,12.61,102.1,27.8,32.7,24.8,2.9,8.9
2025-05-17,จันทบุรี,12.61,102.1,27.1,32.3,24.7,10.0,11.6
2025-05-18,จันทบุรี,12.61,102.1,27.5,33.2,24.3,5.6,7.9
2025-05-19,จันทบุรี,12.61,102.1,27.1,31.2,24.7,7.8,10.0
2025-05-20,จันทบุรี,12.61,102.1,27.5,32.4,24.5,19.1,10.2
2025-05-21,จันทบุรี,12.61,102.1,26.9,29.9,25.0,15.7,9.8
2025-05-22,จันทบุรี,12.61,102.1,27.4,30.4,24.5,6.0,10.5
2025-05-23,จันทบุรี,12.61,102.1,27.5,32.0,25.0,7.6,9.7
2025-05-24,จันทบุรี,12.61,102.1,26.3,30.3,24.0,3.1,9.6
2025-05-25,จันทบุรี,12.61,102.1,25.6,29.2,23.7,20.8,13.7
2025-05-26,จันทบุรี,12.61,102.1,26.2,29.6,24.4,12.2,8.9
2025-05-27,จันทบุรี,12.61,102.1,25.7,28.3,23.8,15.1,10.7
2025-05-28,จันทบุรี,12.61,102.1,28.0,32.1,24.0,2.1,11.9
2025-05-29,จันทบุรี,12.61,102.1,27.1,31.6,24.4,20.9,15.9
2025-05-30,จันทบุรี,12.61,102.1,25.9,29.3,23.7,32.7,14.0
2025-05-31,จันทบุรี,12.61,102.1,26.0,29.4,23.4,12.8,15.3
2025-06-01,จันทบุรี,12.61,102.1,27.5,31.6,24.0,3.3,16.1
2025-06-02,จันทบุรี,12.61,102.1,26.1,30.8,24.7,28.6,15.7
2025-06-03,จันทบุรี,12.61,102.1,26.2,30.0,24.1,16.5,11.8
2025-06-04,จันทบุรี,12.61,102.1,27.8,32.5,24.9,2.8,14.1
2025-06-05,จันทบุรี,12.61,102.1,27.2,30.9,24.2,1.5,11.2
2025-06-06,จันทบุรี,12.61,102.1,27.3,31.1,23.9,5.9,10.4
2025-06-07,จันทบุรี,12.61,102.1,27.9,31.6,25.6,5.1,12.3
2025-06-08,จันทบุรี,12.61,102.1,27.1,30.7,24.0,9.9,18.9
2025-06-09,จันทบุรี,12.61,102.1,25.8,29.9,23.5,49.2,16.2
2025-06-10,จันทบุรี,12.61,102.1,27.1,30.4,23.9,15.9,16.3
2025-06-11,จันทบุรี,12.61,102.1,25.8,28.8,23.2,56.8,12.7
2025-06-12,จันทบุรี,12.61,102.1,25.6,28.8,23.1,55.5,18.6
2025-06-13,จันทบุรี,12.61,102.1,26.6,30.0,25.6,11.3,18.2
2025-06-14,จันทบุรี,12.61,102.1,26.6,30.2,24.4,14.9,18.4
2025-06-15,จันทบุรี,12.61,102.1,27.2,30.5,24.8,6.1,15.8
2025-06-16,จันทบุรี,12.61,102.1,27.7,31.4,24.0,1.6,11.6
2025-06-17,จันทบุรี,12.61,102.1,28.0,32.2,24.6,1.0,10.2
2025-06-18,จันทบุรี,12.61,102.1,27.8,32.8,24.8,2.5,10.0
2025-06-19,จันทบุรี,12.61,102.1,27.5,31.0,24.4,6.1,10.8
2025-06-20,จันทบุรี,12.61,102.1,26.7,31.3,23.9,25.2,12.8
2025-06-21,จันทบุรี,12.61,102.1,26.5,30.4,22.9,20.4,13.8
2025-06-22,จันทบุรี,12.61,102.1,25.4,28.9,23.5,32.3,19.5
2025-06-23,จันทบุรี,12.61,102.1,25.5,28.4,24.0,15.2,13.0
2025-06-24,จันทบุรี,12.61,102.1,26.0,29.4,24.8,12.8,16.2
2025-06-25,จันทบุรี,12.61,102.1,26.3,29.1,23.6,21.7,13.1
2025-06-26,จันทบุรี,12.61,102.1,26.8,30.8,23.1,15.3,19.1
2025-06-27,จันทบุรี,12.61,102.1,25.7,28.9,23.7,19.3,15.2
2025-06-28,จันทบุรี,12.61,102.1,26.3,29.9,24.0,2.8,17.6
2025-06-29,จันทบุรี,12.61,102.1,26.0,29.5,24.1,8.9,18.1
2025-06-30,จันทบุรี,12.61,102.1,26.6,30.0,24.3,10.3,19.8
2025-07-01,จันทบุรี,12.61,102.1,26.6,30.8,24.4,18.7,16.4
2025-07-02,จันทบุรี,12.61,102.1,25.5,30.2,23.0,16.3,12.6
2025-07-03,จันทบุรี,12.61,102.1,25.4,29.0,23.1,17.2,11.9
2025-07-04,จันทบุรี,12.61,102.1,26.0,29.0,23.1,13.8,15.6
2025-07-05,จันทบุรี,12.61,102.1,26.6,30.4,22.6,22.5,17.3
2025-07-06,จันทบุรี,12.61,102.1,26.2,29.2,24.1,19.6,17.1
2025-07-07,จันทบุรี,12.61,102.1,25.9,29.6,23.7,35.1,15.9
2025-07-08,จันทบุรี,12.61,102.1,25.8,28.9,23.7,11.6,17.5
2025-07-09,จันทบุรี,12.61,102.1,25.8,28.7,23.9,9.3,15.2
2025-07-10,จันทบุรี,12.61,102.1,27.1,30.6,24.6,12.7,15.0
2025-07-11,จันทบุรี,12.61,102.1,25.7,28.6,23.8,29.7,14.0
2025-07-12,จันทบุรี,12.61,102.1,26.0,30.4,22.5,22.6,13.4
2025-07-13,จันทบุรี,12.61,102.1,26.8,30.4,23.7,32.7,14.7
2025-07-14,จันทบุรี,12.61,102.1,26.1,29.3,23.2,20.5,11.5
2025-07-15,จันทบุรี,12.61,102.1,26.5,30.3,23.2,30.1,16.6
2025-07-16,จันทบุรี,12.61,102.1,26.2,29.0,23.9,13.7,16.0
2025-07-17,จันทบุรี,12.61,102.1,25.8,28.5,24.0,19.2,14.1
2025-07-18,จันทบุรี,12.61,102.1,25.8,28.7,24.0,28.7,17.3
2025-07-19,จันทบุรี,12.61,102.1,25.6,28.1,24.0,37.8,16.6
2025-07-20,จันทบุรี,12.61,102.1,25.5,28.1,23.9,32.8,21.3
2025-07-21,จันทบุรี,12.61,102.1,26.1,28.3,24.1,12.3,20.8
2025-07-22,จันทบุรี,12.61,102.1,26.8,29.1,25.0,19.7,24.4
2025-07-23,จันทบุรี,12.61,102.1,26.9,29.0,24.4,22.9,21.8
2025-07-24,จันทบุรี,12.61,102.1,28.2,30.8,26.2,1.3,21.4
2025-07-25,จันทบุรี,12.61,102.1,28.3,30.8,26.2,0.5,19.6
2025-07-26,จันทบุรี,12.61,102.1,28.2,31.1,25.6,13.8,21.0
2025-07-27,จันทบุรี,12.61,102.1,25.7,28.0,24.5,44.1,13.5
2025-07-28,จันทบุรี,12.61,102.1,25.5,27.4,24.3,42.9,17.0
2025-07-29,จันทบุรี,12.61,102.1,26.1,29.6,24.2,33.6,19.8
2025-07-30,จันทบุรี,12.61,102.1,26.9,30.1,24.2,37.5,21.2
2025-07-31,จันทบุรี,12.61,102.1,27.6,30.9,24.5,8.9,18.1
2025-08-01,จันทบุรี,12.61,102.1,28.2,31.4,25.5,0.5,16.8
2025-08-02,จันทบุรี,12.61,102.1,27.6,31.4,24.5,5.1,14.5
2025-08-03,จันทบุรี,12.61,102.1,27.2,31.0,24.4,5.6,15.0
2025-08-04,จันทบุรี,12.61,102.1,27.9,31.6,24.9,2.2,14.4
2025-08-05,จันทบุรี,12.61,102.1,27.8,31.2,25.3,4.7,14.2
2025-08-06,จันทบุรี,12.61,102.1,27.3,31.0,24.3,3.4,15.3
2025-08-07,จันทบุรี,12.61,102.1,26.5,29.5,24.0,9.8,14.9
2025-08-08,จันทบุรี,12.61,102.1,27.0,31.4,24.0,7.8,8.6
2025-08-09,จันทบุรี,12.61,102.1,26.6,29.6,24.7,23.8,10.6
2025-08-10,จันทบุรี,12.61,102.1,26.7,30.9,23.7,19.7,16.1
2025-08-11,จันทบุรี,12.61,102.1,25.3,28.6,23.0,36.5,14.6
2025-08-12,จันทบุรี,12.61,102.1,26.4,30.4,23.6,5.4,15.8
2025-08-13,จันทบุรี,12.61,102.1,26.4,29.9,23.9,4.4,16.1
2025-08-14,จันทบุรี,12.61,102.1,25.9,29.7,23.4,27.1,14.3
2025-08-15,จันทบุรี,12.61,102.1,25.9,29.7,23.4,19.6,13.5
2025-08-16,จันทบุรี,12.61,102.1,24.4,26.6,23.0,28.6,11.0
2025-08-17,จันทบุรี,12.61,102.1,25.3,27.5,23.3,13.8,15.6
2025-08-18,จันทบุรี,12.61,102.1,26.6,30.5,23.8,3.0,18.4
2025-08-19,จันทบุรี,12.61,102.1,26.1,29.3,23.0,5.5,13.5
2025-08-20,จันทบุรี,12.61,102.1,26.5,30.4,23.1,1.5,9.2
2025-08-21,จันทบุรี,12.61,102.1,26.2,31.1,24.0,13.4,15.4
2025-08-22,จันทบุรี,12.61,102.1,24.4,26.9,22.6,17.2,12.3
2025-08-23,จันทบุรี,12.61,102.1,26.0,30.3,22.3,8.4,15.5
2025-08-24,จันทบุรี,12.61,102.1,26.3,30.4,23.5,12.5,17.2
2025-08-25,จันทบุรี,12.61,102.1,25.7,27.9,24.0,15.8,16.3
2025-08-26,จันทบุรี,12.61,102.1,25.5,29.1,23.6,46.3,21.4
2025-08-27,จันทบุรี,12.61,102.1,25.6,29.8,23.0,9.3,17.5
2025-08-28,จันทบุรี,12.61,102.1,25.2,28.8,22.8,18.4,14.9
2025-08-29,จันทบุรี,12.61,102.1,26.2,30.9,22.2,17.3,14.8
2025-08-30,จันทบุรี,12.61,102.1,26.3,30.4,23.4,30.7,14.3
2025-08-31,จันทบุรี,12.61,102.1,25.0,29.2,22.7,41.3,16.4
2025-09-01,จันทบุรี,12.61,102.1,26.4,30.1,24.0,5.1,16.7
2025-09-02,จันทบุรี,12.61,102.1,25.7,28.5,23.7,13.3,11.8
2025-09-03,จันทบุรี,12.61,102.1,26.5,30.5,23.2,22.7,15.4
2025-09-04,จันทบุรี,12.61,102.1,26.4,29.5,24.5,15.6,10.6
2025-09-05,จันทบุรี,12.61,102.1,26.2,29.5,23.2,5.3,10.2
2025-09-06,จันทบุรี,12.61,102.1,26.3,29.7,24.0,12.3,12.2
2025-09-07,จันทบุรี,12.61,102.1,25.5,28.9,23.8,13.7,13.4
2025-09-08,จันทบุรี,12.61,102.1,24.5,25.3,23.5,33.3,13.5
2025-09-09,จันทบุรี,12.61,102.1,24.3,26.1,23.1,28.9,12.9
2025-09-10,จันทบุรี,12.61,102.1,26.2,30.1,23.0,6.8,11.6
2025-09-11,จันทบุรี,12.61,102.1,26.8,30.6,23.5,0.5,12.0
2025-09-12,จันทบุรี,12.61,102.1,26.6,31.4,23.9,13.4,11.6
2025-09-13,จันทบุรี,12.61,102.1,26.0,31.1,23.3,5.0,5.8
2025-09-14,จันทบุรี,12.61,102.1,25.3,27.6,23.7,22.6,7.2
2025-09-15,จันทบุรี,12.61,102.1,26.3,29.7,23.4,6.7,11.8
2025-09-16,จันทบุรี,12.61,102.1,26.0,29.6,23.3,12.1,10.1
2025-09-17,จันทบุรี,12.61,102.1,25.9,29.6,23.4,27.2,11.2
2025-09-18,จันทบุรี,12.61,102.1,25.8,29.4,23.5,13.1,13.8
2025-09-19,จันทบุรี,12.61,102.1,24.8,27.3,23.1,21.4,15.4
2025-09-20,จันทบุรี,12.61,102.1,26.2,29.8,23.4,33.2,14.8
2025-09-21,จันทบุรี,12.61,102.1,27.3,30.0,25.4,6.0,17.5
2025-09-22,จันทบุรี,12.61,102.1,26.3,29.6,23.3,14.2,15.8
2025-09-23,จันทบุรี,12.61,102.1,25.7,29.6,23.6,28.3,15.7
2025-09-24,จันทบุรี,12.61,102.1,25.6,27.6,24.2,18.0,17.2
2025-09-25,จันทบุรี,12.61,102.1,25.2,28.1,23.5,35.7,17.1
2025-09-26,จันทบุรี,12.61,102.1,24.8,28.0,22.9,48.0,13.5
2025-09-27,จันทบุรี,12.61,102.1,25.3,29.7,23.6,21.8,12.6
2025-09-28,จันทบุรี,12.61,102.1,25.7,29.4,23.7,18.6,13.9
2025-09-29,จันทบุรี,12.61,102.1,25.0,29.0,22.9,42.9,16.1
2025-09-30,จันทบุรี,12.61,102.1,25.0,28.0,23.5,18.3,16.7
2025-10-01,จันทบุรี,12.61,102.1,25.8,30.3,22.6,1.5,8.4
2025-10-02,จันทบุรี,12.61,102.1,26.4,31.3,23.8,1.5,9.7
2025-10-03,จันทบุรี,12.61,102.1,26.7,32.3,23.0,3.8,7.4
2025-10-04,จันทบุรี,12.61,102.1,26.8,30.9,23.7,14.7,8.0
2025-10-05,จันทบุรี,12.61,102.1,26.5,30.3,23.7,2.0,13.7
2025-10-06,จันทบุรี,12.61,102.1,26.7,30.9,23.5,4.3,15.0
2025-10-07,จันทบุรี,12.61,102.1,26.1,30.5,23.8,13.4,11.3
2025-10-08,จันทบุรี,12.61,102.1,25.9,31.0,23.4,9.1,10.8
2025-10-09,จันทบุรี,12.61,102.1,26.1,31.6,23.2,13.0,11.3
2025-10-10,จันทบุรี,12.61,102.1,26.1,31.0,23.5,3.6,15.9
2025-10-11,จันทบุรี,12.61,102.1,25.9,30.9,23.1,6.5,10.0
2025-10-12,จันทบุรี,12.61,102.1,26.5,30.4,23.9,6.9,7.7
2025-10-13,จันทบุรี,12.61,102.1,26.1,30.4,23.7,9.2,8.9
2025-10-14,จันทบุรี,12.61,102.1,25.9,29.4,23.7,15.3,9.3
2025-10-15,จันทบุรี,12.61,102.1,26.6,31.0,24.2,3.7,10.6
2025-10-16,จันทบุรี,12.61,102.1,27.5,32.4,23.7,0.1,16.7
2025-10-17,จันทบุรี,12.61,102.1,28.2,32.7,24.4,0.0,15.4
2025-10-18,จันทบุรี,12.61,102.1,27.8,32.5,25.1,1.4,15.9
2025-10-19,จันทบุรี,12.61,102.1,27.5,32.2,24.6,5.7,14.8
2025-10-20,จันทบุรี,12.61,102.1,27.5,32.8,24.2,3.8,14.9
2025-10-21,จันทบุรี,12.61,102.1,27.6,31.5,23.7,0.0,16.6
2025-10-22,จันทบุรี,12.61,102.1,27.8,31.9,24.7,0.0,22.3
2025-10-23,จันทบุรี,12.61,102.1,26.8,31.2,23.7,0.0,24.3
2025-10-24,จันทบุรี,12.61,102.1,27.1,31.8,23.8,0.0,20.7
2025-10-25,จันทบุรี,12.61,102.1,26.9,31.0,24.4,0.4,16.7
2025-10-26,จันทบุรี,12.61,102.1,26.8,30.9,24.6,0.1,22.8
2025-10-27,จันทบุรี,12.61,102.1,26.4,30.4,24.1,0.3,23.8
2025-10-28,จันทบุรี,12.61,102.1,26.6,29.0,24.2,0.3,20.3
2025-10-29,จันทบุรี,12.61,102.1,25.2,27.9,22.9,6.8,18.1
2025-10-30,จันทบุรี,12.61,102.1,25.6,29.7,23.6,0.3,15.2
2025-10-31,จันทบุรี,12.61,102.1,25.5,28.9,23.6,34.5,11.9
2025-11-01,จันทบุรี,12.61,102.1,25.0,28.4,23.5,18.9,9.8
2025-11-02,จันทบุรี,12.61,102.1,25.6,30.1,23.5,11.6,9.6
2025-11-03,จันทบุรี,12.61,102.1,25.3,29.6,23.4,8.4,8.2
2025-11-04,จันทบุรี,12.61,102.1,25.6,30.4,23.1,3.0,13.4
2025-11-05,จันทบุรี,12.61,102.1,26.3,30.2,23.0,0.3,12.6
2025-11-06,จันทบุรี,12.61,102.1,26.8,30.3,24.2,0.3,15.4
2025-11-07,จันทบุรี,12.61,102.1,26.3,29.9,23.7,1.3,9.9
2025-11-08,จันทบุรี,12.61,102.1,26.0,29.6,23.5,3.7,6.5
2025-11-09,จันทบุรี,12.61,102.1,26.7,31.6,23.6,2.9,5.3
2025-11-10,จันทบุรี,12.61,102.1,26.9,31.4,23.4,7.9,8.0
2025-11-11,จันทบุรี,12.61,102.1,26.8,32.4,23.3,3.5,5.5
2025-11-12,จันทบุรี,12.61,102.1,26.5,31.7,24.2,4.0,6.7
2025-11-13,จันทบุรี,12.61,102.1,26.1,30.5,23.3,9.2,12.6
2025-11-14,จันทบุรี,12.61,102.1,26.5,30.8,23.9,0.0,17.7
2025-11-15,จันทบุรี,12.61,102.1,25.1,29.7,21.4,0.0,20.8
2025-11-16,จันทบุรี,12.61,102.1,25.3,30.9,22.4,1.9,21.0
2025-11-17,จันทบุรี,12.61,102.1,25.9,30.6,22.9,0.8,25.1
2025-11-18,จันทบุรี,12.61,102.1,26.0,29.9,24.1,1.3,19.6
2025-11-19,จันทบุรี,12.61,102.1,24.2,28.5,21.6,15.7,28.1
2025-11-20,จันทบุรี,12.61,102.1,21.5,24.0,20.0,2.3,27.1
2025-11-21,จันทบุรี,12.61,102.1,22.2,24.5,19.8,0.8,24.2
2025-11-22,จันทบุรี,12.61,102.1,23.8,28.2,20.6,0.0,21.6
2025-11-23,จันทบุรี,12.61,102.1,24.2,27.2,21.5,0.0,16.0
2025-11-24,จันทบุรี,12.61,102.1,26.2,30.8,22.7,0.0,24.0
2025-11-25,จันทบุรี,12.61,102.1,25.7,30.0,22.7,0.0,24.7
2025-11-26,จันทบุรี,12.61,102.1,24.4,28.9,21.1,0.0,23.4
2025-11-27,จันทบุรี,12.61,102.1,23.3,27.4,19.8,0.0,28.2
2025-11-28,จันทบุรี,12.61,102.1,21.5,26.2,17.4,0.0,23.5
2025-11-29,จันทบุรี,12.61,102.1,23.0,29.1,18.5,0.0,14.3
2025-11-30,จันทบุรี,12.61,102.1,24.1,30.7,18.0,0.0,6.9
2025-12-01,จันทบุรี,12.61,102.1,24.7,32.1,18.8,0.0,10.6
2025-12-02,จันทบุรี,12.61,102.1,25.6,32.3,20.5,0.0,10.6
2025-12-03,จันทบุรี,12.61,102.1,27.2,33.3,22.0,0.0,13.1
2025-12-04,จันทบุรี,12.61,102.1,27.1,30.8,23.6,0.6,20.3
2025-12-05,จันทบุรี,12.61,102.1,26.1,30.5,23.1,0.5,16.3
2025-12-06,จันทบุรี,12.61,102.1,26.6,31.1,23.8,0.0,15.8
2025-12-07,จันทบุรี,12.61,102.1,26.0,30.9,22.3,0.0,17.8
2025-12-08,จันทบุรี,12.61,102.1,24.8,29.3,21.6,0.0,18.7
2025-12-09,จันทบุรี,12.61,102.1,24.3,29.4,20.5,0.0,18.1
2025-12-10,จันทบุรี,12.61,102.1,25.1,29.4,21.7,0.0,18.6
2025-12-11,จันทบุรี,12.61,102.1,25.7,30.2,22.6,0.9,18.3
2025-12-12,จันทบุรี,12.61,102.1,25.9,30.6,23.5,0.7,14.4
2025-12-13,จันทบุรี,12.61,102.1,26.7,31.5,23.2,0.0,17.0
2025-12-14,จันทบุรี,12.61,102.1,26.5,30.7,23.7,0.6,21.5
2025-12-15,จันทบุรี,12.61,102.1,26.2,31.2,23.1,0.0,20.8
2025-12-16,จันทบุรี,12.61,102.1,26.5,31.4,23.1,0.0,20.0
2025-12-17,จันทบุรี,12.61,102.1,26.7,31.4,23.0,0.0,19.6
2025-12-18,จันทบุรี,12.61,102.1,26.6,30.7,23.5,0.2,20.3
2025-12-19,จันทบุรี,12.61,102.1,26.3,31.2,22.7,0.0,17.2
2025-12-20,จันทบุรี,12.61,102.1,26.4,31.9,22.1,0.0,17.1
2025-12-21,จันทบุรี,12.61,102.1,25.3,31.2,20.2,0.0,15.8
2025-12-22,จันทบุรี,12.61,102.1,26.7,31.6,23.4,0.0,17.1
2025-12-23,จันทบุรี,12.61,102.1,26.5,32.2,22.3,0.0,12.9
2025-12-24,จันทบุรี,12.61,102.1,26.9,32.7,22.3,0.1,14.6
2025-12-25,จันทบุรี,12.61,102.1,27.4,32.6,23.2,0.0,19.8
2025-12-26,จันทบุรี,12.61,102.1,26.6,30.7,24.7,0.0,21.9
2025-12-27,จันทบุรี,12.61,102.1,26.2,31.2,22.6,0.0,21.3
2025-12-28,จันทบุรี,12.61,102.1,26.6,31.4,23.4,0.0,20.8
2025-12-29,จันทบุรี,12.61,102.1,26.1,31.1,22.4,0.0,17.4
2025-12-30,จันทบุรี,12.61,102.1,25.2,31.3,21.0,0.0,12.0
2025-12-31,จันทบุรี,12.61,102.1,24.4,31.2,18.3,0.0,10.8
2026-01-01,จันทบุรี,12.61,102.1,24.8,31.3,19.3,0.0,7.4
2026-01-02,จันทบุรี,12.61,102.1,24.7,30.8,20.1,0.0,14.8
2026-01-03,จันทบุรี,12.61,102.1,24.3,29.9,19.5,0.0,17.2
2026-01-04,จันทบุรี,12.61,102.1,23.7,29.5,19.5,0.0,18.3
2026-01-05,จันทบุรี,12.61,102.1,24.4,30.0,19.9,0.0,19.3
2026-01-06,จันทบุรี,12.61,102.1,25.1,30.6,20.9,0.0,21.4
2026-01-07,จันทบุรี,12.61,102.1,24.4,28.8,20.5,0.0,28.9
2026-01-08,จันทบุรี,12.61,102.1,22.6,27.3,18.4,0.0,27.8
2026-01-09,จันทบุรี,12.61,102.1,21.3,26.4,17.3,0.0,24.8
2026-01-10,จันทบุรี,12.61,102.1,21.7,27.2,17.4,0.0,19.0
2026-01-11,จันทบุรี,12.61,102.1,21.7,27.2,17.1,0.0,19.7
2026-01-12,จันทบุรี,12.61,102.1,23.0,28.4,18.9,0.0,19.2
2026-01-13,จันทบุรี,12.61,102.1,24.1,29.5,19.3,0.0,15.4
2026-01-14,จันทบุรี,12.61,102.1,24.6,31.2,20.1,0.0,10.2
2026-01-15,จันทบุรี,12.61,102.1,25.3,31.8,20.7,0.0,11.0
2026-01-16,จันทบุรี,12.61,102.1,24.8,30.0,20.6,0.9,10.7
2026-01-17,จันทบุรี,12.61,102.1,25.0,30.5,21.1,0.2,12.2
2026-01-18,จันทบุรี,12.61,102.1,25.0,30.9,21.5,4.0,12.9
2026-01-19,จันทบุรี,12.61,102.1,24.6,29.2,21.6,1.5,10.7
2026-01-20,จันทบุรี,12.61,102.1,25.0,30.2,21.8,0.5,13.4
2026-01-21,จันทบุรี,12.61,102.1,25.4,32.0,21.7,1.6,13.2
2026-01-22,จันทบุรี,12.61,102.1,24.5,30.8,19.6,0.0,16.6
2026-01-23,จันทบุรี,12.61,102.1,24.2,30.3,19.8,0.0,17.7
2026-01-24,จันทบุรี,12.61,102.1,24.6,30.5,20.0,0.0,16.0
2026-01-25,จันทบุรี,12.61,102.1,24.3,31.5,18.8,0.0,17.1
2026-01-26,จันทบุรี,12.61,102.1,24.7,31.6,19.0,0.0,10.0
2026-01-27,จันทบุรี,12.61,102.1,24.5,30.8,18.9,0.0,17.4
2026-01-28,จันทบุรี,12.61,102.1,24.3,31.1,18.5,0.0,18.5
2026-01-29,จันทบุรี,12.61,102.1,24.7,31.1,19.7,0.0,15.9
2026-01-30,จันทบุรี,12.61,102.1,25.5,32.4,21.0,3.1,13.3
2026-01-31,จันทบุรี,12.61,102.1,25.9,33.0,21.3,0.0,11.3
2026-02-01,จันทบุรี,12.61,102.1,25.8,31.7,21.6,0.1,17.3
2026-02-02,จันทบุรี,12.61,102.1,25.1,31.3,21.0,0.0,19.7
2026-02-03,จันทบุรี,12.61,102.1,26.0,31.8,21.5,0.0,19.2
2026-02-04,จันทบุรี,12.61,102.1,26.3,32.5,21.5,0.0,16.4
2026-02-05,จันทบุรี,12.61,102.1,25.8,30.9,21.4,0.6,13.1
2026-02-06,จันทบุรี,12.61,102.1,25.8,30.5,22.3,1.3,13.9
2026-02-07,จันทบุรี,12.61,102.1,26.3,30.9,22.2,1.2,10.4
2026-02-08,จันทบุรี,12.61,102.1,25.4,29.7,23.2,22.8,8.0
2026-02-09,จันทบุรี,12.61,102.1,26.1,31.4,22.4,0.2,14.2
2026-02-10,จันทบุรี,12.61,102.1,25.6,32.7,20.1,0.0,13.1
2026-02-11,จันทบุรี,12.61,102.1,26.8,34.3,21.2,0.0,12.7
2026-02-12,จันทบุรี,12.61,102.1,25.9,32.1,22.6,1.5,14.7
2026-02-13,จันทบุรี,12.61,102.1,25.9,31.1,22.5,1.7,13.0
2026-02-14,จันทบุรี,12.61,102.1,26.6,32.0,23.6,0.2,12.7
2026-02-15,จันทบุรี,12.61,102.1,27.0,32.6,23.9,1.6,12.3
2026-02-16,จันทบุรี,12.61,102.1,27.0,31.8,23.8,0.4,12.8
2026-02-17,จันทบุรี,12.61,102.1,26.6,32.0,23.6,1.5,10.7
2026-02-18,จันทบุรี,12.61,102.1,27.8,34.4,23.3,2.2,13.1
2026-02-19,จันทบุรี,12.61,102.1,27.7,34.4,23.1,0.0,12.8
2026-02-20,จันทบุรี,12.61,102.1,27.6,34.2,23.2,0.0,15.2
2026-02-21,จันทบุรี,12.61,102.1,26.9,32.8,22.3,0.6,13.7
2026-02-22,จันทบุรี,12.61,102.1,27.0,31.5,23.4,2.1,14.6
2026-02-23,จันทบุรี,12.61,102.1,27.2,32.0,22.8,11.6,12.0
2026-02-24,จันทบุรี,12.61,102.1,26.6,31.3,23.7,9.4,11.1
2026-02-25,จันทบุรี,12.61,102.1,26.7,32.0,23.5,2.6,12.1
2026-02-26,จันทบุรี,12.61,102.1,26.4,31.4,22.7,1.2,14.6
2026-02-27,จันทบุรี,12.61,102.1,26.5,31.0,23.0,0.2,13.4
2026-02-28,จันทบุรี,12.61,102.1,26.7,31.5,23.4,3.9,12.8
2026-03-01,จันทบุรี,12.61,102.1,26.8,31.3,24.0,1.4,11.8
2026-03-02,จันทบุรี,12.61,102.1,27.3,32.5,22.9,0.1,11.3
2026-03-03,จันทบุรี,12.61,102.1,27.7,32.7,23.7,0.4,11.1
2026-03-04,จันทบุรี,12.61,102.1,28.0,32.9,24.5,0.4,13.2
2026-03-05,จันทบุรี,12.61,102.1,27.3,32.2,23.4,0.0,13.7
2026-03-06,จันทบุรี,12.61,102.1,25.9,31.6,22.8,3.9,17.8
2026-03-07,จันทบุรี,12.61,102.1,26.6,33.2,21.8,0.1,13.9
2026-03-08,จันทบุรี,12.61,102.1,26.9,33.7,22.4,0.2,15.0
2026-03-09,จันทบุรี,12.61,102.1,27.7,33.7,22.9,0.1,14.5
2026-03-10,จันทบุรี,12.61,102.1,27.2,34.0,24.0,3.3,17.4
2026-03-11,จันทบุรี,12.61,102.1,27.3,34.2,23.6,1.7,17.1
2026-03-12,จันทบุรี,12.61,102.1,26.3,32.9,21.3,10.9,13.9
2026-03-13,จันทบุรี,12.61,102.1,26.1,32.1,21.4,1.4,17.0
2026-03-14,จันทบุรี,12.61,102.1,27.3,33.1,22.7,0.0,17.5
2026-03-15,จันทบุรี,12.61,102.1,27.3,33.5,23.1,0.0,13.1
2026-03-16,จันทบุรี,12.61,102.1,26.1,31.8,22.3,1.5,12.9
2026-03-17,จันทบุรี,12.61,102.1,26.3,30.8,22.6,1.6,12.4
2026-03-18,จันทบุรี,12.61,102.1,26.6,31.5,23.2,2.3,12.9
2026-03-19,จันทบุรี,12.61,102.1,26.8,31.7,22.8,2.7,12.6
2026-03-20,จันทบุรี,12.61,102.1,26.1,31.5,22.6,6.9,12.8
2026-03-21,จันทบุรี,12.61,102.1,26.7,32.1,22.7,4.7,10.1
2026-03-22,จันทบุรี,12.61,102.1,26.4,31.3,24.2,4.8,13.3
2026-03-23,จันทบุรี,12.61,102.1,26.9,31.7,23.3,3.0,13.0
2026-03-24,จันทบุรี,12.61,102.1,26.9,31.5,23.9,2.3,11.3
2026-03-25,จันทบุรี,12.61,102.1,27.4,31.9,23.7,1.1,14.1
2026-03-26,จันทบุรี,12.61,102.1,27.7,32.1,23.9,0.8,13.4
2026-03-27,จันทบุรี,12.61,102.1,27.8,31.3,24.6,1.7,12.4
2026-03-28,จันทบุรี,12.61,102.1,27.2,30.8,24.0,5.1,12.2
2026-03-29,จันทบุรี,12.61,102.1,27.5,32.4,23.4,0.6,13.7
2026-03-30,จันทบุรี,12.61,102.1,27.3,31.4,23.3,1.1,14.7
2026-03-31,จันทบุรี,12.61,102.1,27.7,31.9,23.5,0.3,11.2
2026-04-01,จันทบุรี,12.61,102.1,28.0,32.7,24.0,1.5,14.5
2026-04-02,จันทบุรี,12.61,102.1,28.4,33.5,24.1,0.7,14.7
2026-04-03,จันทบุรี,12.61,102.1,27.9,32.0,24.5,1.4,15.9
2026-04-04,จันทบุรี,12.61,102.1,28.2,32.4,25.0,0.4,14.5
2026-04-05,จันทบุรี,12.61,102.1,28.5,33.2,24.8,0.0,15.0
2026-04-06,จันทบุรี,12.61,102.1,28.4,33.3,23.7,0.1,15.8
2026-04-07,จันทบุรี,12.61,102.1,28.1,32.7,24.5,1.1,17.0
2026-04-08,จันทบุรี,12.61,102.1,28.2,33.1,23.2,0.3,14.0
2026-04-09,จันทบุรี,12.61,102.1,28.7,33.2,25.0,0.2,15.8
2026-04-10,จันทบุรี,12.61,102.1,28.6,33.5,24.3,0.0,13.8
2026-04-11,จันทบุรี,12.61,102.1,28.8,33.6,25.3,0.0,14.5
2026-04-12,จันทบุรี,12.61,102.1,28.7,33.9,24.1,0.0,15.6
2026-04-13,จันทบุรี,12.61,102.1,29.2,33.5,25.8,0.2,16.6
2026-04-14,จันทบุรี,12.61,102.1,29.3,33.8,25.5,1.3,14.8
2026-04-15,จันทบุรี,12.61,102.1,29.1,33.7,25.8,6.8,15.0
2026-04-16,จันทบุรี,12.61,102.1,29.1,33.9,25.5,1.3,12.8
2026-04-17,จันทบุรี,12.61,102.1,29.0,34.2,25.9,2.4,12.8
2026-04-18,จันทบุรี,12.61,102.1,28.8,34.1,24.8,4.3,11.7
2026-04-19,จันทบุรี,12.61,102.1,28.8,32.9,25.6,6.2,12.9
2026-04-20,จันทบุรี,12.61,102.1,27.5,31.5,25.0,2.1,12.5
2026-04-21,จันทบุรี,12.61,102.1,27.5,32.0,23.7,4.1,12.2
2026-04-22,จันทบุรี,12.61,102.1,27.5,31.0,24.9,5.4,12.5
2026-04-23,จันทบุรี,12.61,102.1,27.9,31.6,25.2,2.9,14.9
2026-04-24,จันทบุรี,12.61,102.1,28.9,33.3,25.0,0.5,11.6
2026-04-25,จันทบุรี,12.61,102.1,29.0,33.8,25.0,0.3,14.0
2026-04-26,จันทบุรี,12.61,102.1,27.9,33.3,24.4,6.4,8.9
2026-04-27,จันทบุรี,12.61,102.1,28.1,33.0,25.0,1.9,10.1
2026-04-28,จันทบุรี,12.61,102.1,28.4,32.1,25.0,2.6,12.6
2026-04-29,จันทบุรี,12.61,102.1,28.7,32.3,25.1,1.0,9.3
2026-04-30,จันทบุรี,12.61,102.1,28.8,34.9,25.7,2.9,17.6
2026-05-01,จันทบุรี,12.61,102.1,27.7,33.8,23.9,7.7,12.2
2026-05-02,จันทบุรี,12.61,102.1,28.2,32.6,24.9,0.8,9.1
2026-05-03,จันทบุรี,12.61,102.1,28.2,32.2,25.2,8.7,12.2
2026-05-04,จันทบุรี,12.61,102.1,27.7,31.5,25.3,10.3,8.7
2026-05-05,จันทบุรี,12.61,102.1,26.7,32.5,24.3,7.8,9.1
2026-05-06,จันทบุรี,12.61,102.1,27.9,32.1,25.1,5.5,13.9
2026-05-07,จันทบุรี,12.61,102.1,27.2,31.8,24.6,9.5,6.3
2026-05-08,จันทบุรี,12.61,102.1,27.0,32.4,24.8,11.3,7.8
2026-05-09,จันทบุรี,12.61,102.1,28.1,33.5,24.4,0.3,10.4
2026-05-10,จันทบุรี,12.61,102.1,27.7,32.4,24.6,3.7,9.5
2026-05-11,จันทบุรี,12.61,102.1,27.8,33.6,24.1,5.2,8.8
2026-05-12,จันทบุรี,12.61,102.1,26.8,30.7,23.9,14.4,8.4
2026-05-13,จันทบุรี,12.61,102.1,27.1,30.3,24.1,21.0,9.8
2026-05-14,จันทบุรี,12.61,102.1,27.9,32.7,24.8,6.4,12.8
2026-05-15,จันทบุรี,12.61,102.1,28.6,32.6,25.5,4.5,16.5
2026-05-16,จันทบุรี,12.61,102.1,27.9,32.2,25.3,12.9,12.8
2026-05-17,จันทบุรี,12.61,102.1,28.6,32.2,26.4,4.7,15.9
2026-05-18,จันทบุรี,12.61,102.1,27.3,30.7,25.6,14.8,15.5
2026-05-19,จันทบุรี,12.61,102.1,27.1,29.8,24.5,9.3,16.5
2026-05-20,จันทบุรี,12.61,102.1,27.3,30.5,25.0,11.1,13.0
2026-05-21,จันทบุรี,12.61,102.1,27.8,31.4,23.8,9.0,15.8
2026-05-22,จันทบุรี,12.61,102.1,27.1,29.8,25.4,8.4,12.2
2026-05-23,จันทบุรี,12.61,102.1,27.8,30.9,25.4,5.7,15.0
2026-05-24,จันทบุรี,12.61,102.1,28.3,31.8,26.1,2.8,14.4
2026-05-25,จันทบุรี,12.61,102.1,28.5,32.5,24.8,4.6,11.4
2026-05-26,จันทบุรี,12.61,102.1,28.7,32.5,25.3,4.1,16.2
2026-05-27,จันทบุรี,12.61,102.1,28.5,32.7,25.1,3.6,13.1
2026-05-28,จันทบุรี,12.61,102.1,28.6,32.4,26.1,6.8,10.4
2026-05-29,จันทบุรี,12.61,102.1,28.6,33.3,25.3,3.5,12.4
2026-05-30,จันทบุรี,12.61,102.1,27.0,30.1,25.2,7.8,7.6
2026-05-31,จันทบุรี,12.61,102.1,26.7,30.7,24.3,9.0,11.9
2026-06-01,จันทบุรี,12.61,102.1,27.0,30.9,24.3,10.2,8.6
2026-06-02,จันทบุรี,12.61,102.1,26.6,29.4,24.4,6.8,13.1
2026-06-03,จันทบุรี,12.61,102.1,27.2,30.9,24.3,11.9,14.4
2026-06-04,จันทบุรี,12.61,102.1,26.5,30.3,24.2,26.5,20.8
2026-06-05,จันทบุรี,12.61,102.1,27.2,31.2,24.1,16.6,19.6
2026-06-06,จันทบุรี,12.61,102.1,27.0,31.0,25.2,19.8,20.9
2026-06-07,จันทบุรี,12.61,102.1,26.9,28.8,24.8,24.8,16.8
2026-06-08,จันทบุรี,12.61,102.1,26.7,31.0,24.2,13.3,13.1
2026-06-09,จันทบุรี,12.61,102.1,26.3,29.8,24.0,17.7,12.0
2026-06-10,จันทบุรี,12.61,102.1,26.8,30.9,24.1,27.5,17.7
2026-06-11,จันทบุรี,12.61,102.1,27.1,31.7,24.0,12.7,13.4
2026-06-12,จันทบุรี,12.61,102.1,27.4,32.1,23.9,3.0,13.0
2026-06-13,จันทบุรี,12.61,102.1,27.9,32.5,25.2,6.1,9.9
2026-06-14,จันทบุรี,12.61,102.1,28.6,32.3,24.7,3.7,11.1
2026-06-15,จันทบุรี,12.61,102.1,28.4,32.4,25.3,1.7,13.2
2026-06-16,จันทบุรี,12.61,102.1,27.3,30.5,23.6,8.8,11.6
2026-06-17,จันทบุรี,12.61,102.1,26.5,31.8,23.9,6.2,9.3
2026-06-18,จันทบุรี,12.61,102.1,25.8,29.4,24.0,4.2,11.4
2026-06-19,จันทบุรี,12.61,102.1,26.4,30.1,23.7,10.3,7.0
2026-06-20,จันทบุรี,12.61,102.1,26.5,30.7,24.4,8.7,8.6
2026-06-21,จันทบุรี,12.61,102.1,27.3,31.1,24.5,4.0,10.5
2026-06-22,จันทบุรี,12.61,102.1,28.1,32.4,24.2,1.5,11.7
2026-06-23,จันทบุรี,12.61,102.1,28.5,31.7,26.0,2.7,9.7
2026-06-24,จันทบุรี,12.61,102.1,28.9,31.9,26.5,3.7,12.0
2026-06-25,จันทบุรี,12.61,102.1,27.7,31.4,23.7,23.5,12.7
2026-06-26,จันทบุรี,12.61,102.1,28.3,32.4,25.3,1.4,15.6
2026-06-27,จันทบุรี,12.61,102.1,26.9,29.4,24.8,9.0,15.8
2026-06-28,จันทบุรี,12.61,102.1,26.8,30.6,24.6,26.0,11.5
2026-06-29,จันทบุรี,12.61,102.1,27.2,31.8,24.9,21.0,15.6
2026-06-30,จันทบุรี,12.61,102.1,27.3,30.9,24.7,5.0,15.2
2026-07-01,จันทบุรี,12.61,102.1,25.7,29.1,23.7,26.3,18.2
2026-07-02,จันทบุรี,12.61,102.1,26.2,30.3,23.9,23.0,17.0
2026-07-03,จันทบุรี,12.61,102.1,25.8,28.2,24.7,29.1,16.4
2026-07-04,จันทบุรี,12.61,102.1,25.4,26.9,23.5,57.6,14.5
2026-07-05,จันทบุรี,12.61,102.1,26.8,29.4,24.1,14.1,12.1
2026-07-06,จันทบุรี,12.61,102.1,26.7,30.7,23.8,25.2,13.9
2026-07-07,จันทบุรี,12.61,102.1,26.5,28.7,25.3,8.4,13.4
2026-07-08,จันทบุรี,12.61,102.1,27.6,32.2,24.6,4.6,14.8
2026-07-09,จันทบุรี,12.61,102.1,28.7,31.5,26.6,0.5,18.6
2026-07-10,จันทบุรี,12.61,102.1,28.8,31.4,26.3,3.9,17.8
2026-07-11,จันทบุรี,12.61,102.1,27.7,30.8,24.6,10.4,21.1
2026-07-12,จันทบุรี,12.61,102.1,25.8,28.5,23.5,48.9,19.1
2026-07-13,จันทบุรี,12.61,102.1,24.9,28.2,23.0,63.6,18.7
2026-07-14,จันทบุรี,12.61,102.1,25.8,30.2,23.3,29.5,18.7
2026-07-15,จันทบุรี,12.61,102.1,26.1,28.7,24.1,23.3,16.4
2026-07-16,จันทบุรี,12.61,102.1,27.1,30.8,23.9,6.7,20.6
2026-07-17,จันทบุรี,12.61,102.1,27.2,30.3,24.0,7.5,15.1
2026-07-18,จันทบุรี,12.61,102.1,27.5,32.0,24.6,2.2,14.9
2026-07-19,จันทบุรี,12.61,102.1,27.7,32.0,24.3,3.5,13.6
2026-07-20,จันทบุรี,12.61,102.1,27.6,32.1,23.7,1.5,12.5
2026-07-21,จันทบุรี,12.61,102.1,27.7,32.2,24.0,0.4,12.9
2026-07-22,จันทบุรี,12.61,102.1,27.8,32.0,23.7,3.9,13.9
2026-07-23,จันทบุรี,12.61,102.1,26.2,29.0,23.3,13.4,10.3
2026-07-24,จันทบุรี,12.61,102.1,26.9,30.2,24.3,17.0,14.6
2026-07-25,จันทบุรี,12.61,102.1,26.6,31.3,23.9,19.6,12.1
2026-07-26,จันทบุรี,12.61,102.1,26.1,28.5,24.1,15.5,14.6
2026-07-27,จันทบุรี,12.61,102.1,27.2,30.9,23.9,15.5,16.5
2026-07-28,จันทบุรี,12.61,102.1,25.6,28.9,23.3,39.3,16.9
2026-07-29,จันทบุรี,12.61,102.1,25.4,28.7,23.2,33.6,12.1
2026-07-30,จันทบุรี,12.61,102.1,25.7,29.2,23.0,19.7,13.2
2026-07-31,จันทบุรี,12.61,102.1,26.3,29.1,24.1,7.3,15.4
2026-08-01,จันทบุรี,12.61,102.1,27.1,30.6,23.9,6.5,12.0
2026-08-02,จันทบุรี,12.61,102.1,27.6,31.4,24.8,7.3,15.5
2026-08-03,จันทบุรี,12.61,102.1,28.3,31.9,25.0,2.2,16.6
2026-08-04,จันทบุรี,12.61,102.1,27.7,30.3,25.4,4.9,15.8
2026-08-05,จันทบุรี,12.61,102.1,26.5,29.8,24.6,16.7,16.4
2026-08-06,จันทบุรี,12.61,102.1,26.1,29.0,24.2,34.4,20.0
2026-08-07,จันทบุรี,12.61,102.1,26.2,28.5,24.5,34.9,18.5
2026-08-08,จันทบุรี,12.61,102.1,26.9,30.8,24.5,12.2,19.5
2026-08-09,จันทบุรี,12.61,102.1,26.0,29.8,24.0,30.4,16.0
2026-08-10,จันทบุรี,12.61,102.1,26.4,31.2,24.3,26.6,22.1
2026-08-11,จันทบุรี,12.61,102.1,26.5,29.1,23.5,11.3,20.0
2026-08-12,จันทบุรี,12.61,102.1,27.5,30.3,25.2,6.8,18.0
2026-08-13,จันทบุรี,12.61,102.1,27.4,30.1,25.4,8.6,21.3
2026-08-14,จันทบุรี,12.61,102.1,27.4,29.8,26.2,11.4,17.9
2026-08-15,จันทบุรี,12.61,102.1,26.6,29.7,24.1,25.8,18.1
2026-08-16,จันทบุรี,12.61,102.1,27.2,30.5,25.6,15.3,16.5
2026-08-17,จันทบุรี,12.61,102.1,26.8,31.7,24.3,20.1,17.9
2026-08-18,จันทบุรี,12.61,102.1,26.2,30.1,23.8,28.6,16.8
2026-08-19,จันทบุรี,12.61,102.1,26.1,29.5,23.4,34.6,20.2
2026-08-20,จันทบุรี,12.61,102.1,26.1,29.3,23.5,14.8,20.4
2026-08-21,จันทบุรี,12.61,102.1,27.1,30.9,24.6,7.1,20.9
2026-08-22,จันทบุรี,12.61,102.1,27.0,30.4,24.3,7.1,22.4
2026-08-23,จันทบุรี,12.61,102.1,27.0,30.3,24.6,6.4,21.7
2026-08-24,จันทบุรี,12.61,102.1,27.4,30.0,25.2,10.1,21.0
2026-08-25,จันทบุรี,12.61,102.1,27.9,30.1,26.3,3.1,19.6
2026-08-26,จันทบุรี,12.61,102.1,27.1,29.9,24.3,11.5,21.5
2026-08-27,จันทบุรี,12.61,102.1,26.8,30.2,24.2,28.6,21.3
2026-08-28,จันทบุรี,12.61,102.1,25.6,27.1,24.2,32.0,19.5
2026-08-29,จันทบุรี,12.61,102.1,25.6,27.9,23.3,52.2,18.6
2026-08-30,จันทบุรี,12.61,102.1,26.3,30.1,23.4,16.1,18.7
2026-08-31,จันทบุรี,12.61,102.1,25.2,28.6,23.1,44.0,15.5
2026-09-01,จันทบุรี,12.61,102.1,27.1,30.9,23.8,9.3,16.3
2026-09-02,จันทบุรี,12.61,102.1,27.3,31.3,25.0,12.7,12.2
2026-09-03,จันทบุรี,12.61,102.1,27.6,31.0,24.1,7.7,15.5
2026-09-04,จันทบุรี,12.61,102.1,27.5,31.6,23.4,26.5,14.7
2026-09-05,จันทบุรี,12.61,102.1,27.2,31.2,23.6,16.8,10.8
2026-09-06,จันทบุรี,12.61,102.1,27.3,30.3,24.6,15.0,14.2
2026-09-07,จันทบุรี,12.61,102.1,27.5,31.6,24.5,13.4,16.3
2026-09-08,จันทบุรี,12.61,102.1,27.8,32.1,25.0,16.2,17.3
2026-09-09,จันทบุรี,12.61,102.1,27.8,31.8,24.8,6.2,14.0
2026-09-10,จันทบุรี,12.61,102.1,25.7,28.6,23.4,31.1,7.4
2026-09-11,จันทบุรี,12.61,102.1,25.7,30.4,23.6,10.2,11.3
2026-09-12,จันทบุรี,12.61,102.1,26.0,30.2,23.9,23.4,12.4
2026-09-13,จันทบุรี,12.61,102.1,26.4,30.2,24.0,4.8,20.5
2026-09-14,จันทบุรี,12.61,102.1,26.3,30.0,24.3,10.9,13.6
2026-09-15,จันทบุรี,12.61,102.1,26.2,29.7,24.1,12.3,15.0
2026-09-16,จันทบุรี,12.61,102.1,26.7,31.3,24.1,11.9,18.9
2026-09-17,จันทบุรี,12.61,102.1,26.1,28.8,24.4,8.6,13.9
2026-09-18,จันทบุรี,12.61,102.1,26.5,31.2,24.0,9.6,10.1
2026-09-19,จันทบุรี,12.61,102.1,26.4,30.7,24.3,18.5,9.5
2026-09-20,จันทบุรี,12.61,102.1,25.7,29.0,23.9,15.1,8.3
2026-09-21,จันทบุรี,12.61,102.1,26.6,30.2,24.1,7.8,10.5
2026-09-22,จันทบุรี,12.61,102.1,26.3,29.9,23.9,10.0,9.9
2026-09-23,จันทบุรี,12.61,102.1,26.3,29.9,24.1,8.1,11.4
2026-09-24,จันทบุรี,12.61,102.1,24.7,26.1,23.7,66.6,12.7
2021-01-01,ฉะเชิงเทรา,13.69,101.07,22.7,27.6,17.7,0.0,20.6
2021-01-02,ฉะเชิงเทรา,13.69,101.07,23.3,28.5,19.2,0.0,16.3
2021-01-03,ฉะเชิงเทรา,13.69,101.07,24.8,30.5,19.4,0.0,14.5
2021-01-04,ฉะเชิงเทรา,13.69,101.07,26.1,31.4,21.3,0.0,16.3
2021-01-05,ฉะเชิงเทรา,13.69,101.07,26.3,31.0,21.6,0.0,11.9
2021-01-06,ฉะเชิงเทรา,13.69,101.07,27.4,32.6,22.4,0.0,17.8
2021-01-07,ฉะเชิงเทรา,13.69,101.07,27.7,32.8,23.2,0.0,13.8
2021-01-08,ฉะเชิงเทรา,13.69,101.07,27.0,31.6,23.7,0.0,22.4
2021-01-09,ฉะเชิงเทรา,13.69,101.07,24.0,28.9,18.6,0.0,20.9
2021-01-10,ฉะเชิงเทรา,13.69,101.07,24.4,29.7,19.6,0.0,18.0
2021-01-11,ฉะเชิงเทรา,13.69,101.07,24.2,29.6,19.6,0.0,21.8
2021-01-12,ฉะเชิงเทรา,13.69,101.07,20.7,26.2,14.7,0.0,28.2
2021-01-13,ฉะเชิงเทรา,13.69,101.07,21.4,27.3,15.8,0.0,16.1
2021-01-14,ฉะเชิงเทรา,13.69,101.07,22.4,29.6,15.9,0.0,7.8
2021-01-15,ฉะเชิงเทรา,13.69,101.07,24.1,31.6,17.3,0.0,12.2
2021-01-16,ฉะเชิงเทรา,13.69,101.07,24.6,31.3,18.6,0.0,10.7
2021-01-17,ฉะเชิงเทรา,13.69,101.07,26.1,32.1,20.0,0.1,18.6
2021-01-18,ฉะเชิงเทรา,13.69,101.07,24.0,28.5,19.1,0.0,24.5
2021-01-19,ฉะเชิงเทรา,13.69,101.07,22.7,28.5,17.6,0.0,16.3
2021-01-20,ฉะเชิงเทรา,13.69,101.07,23.2,29.7,17.0,0.0,8.2
2021-01-21,ฉะเชิงเทรา,13.69,101.07,23.9,30.8,17.7,0.0,9.8
2021-01-22,ฉะเชิงเทรา,13.69,101.07,25.3,32.3,18.4,0.0,12.5
2021-01-23,ฉะเชิงเทรา,13.69,101.07,26.0,33.0,19.5,0.0,12.2
2021-01-24,ฉะเชิงเทรา,13.69,101.07,26.3,31.0,22.0,0.0,12.8
2021-01-25,ฉะเชิงเทรา,13.69,101.07,26.8,32.4,22.9,0.0,13.0
2021-01-26,ฉะเชิงเทรา,13.69,101.07,28.0,34.3,23.7,0.0,13.8
2021-01-27,ฉะเชิงเทรา,13.69,101.07,28.0,34.2,23.5,0.0,13.5
2021-01-28,ฉะเชิงเทรา,13.69,101.07,28.6,34.0,23.8,0.1,12.8
2021-01-29,ฉะเชิงเทรา,13.69,101.07,27.6,31.7,23.7,0.0,21.3
2021-01-30,ฉะเชิงเทรา,13.69,101.07,27.0,31.7,22.7,0.0,18.0
2021-01-31,ฉะเชิงเทรา,13.69,101.07,27.1,32.5,22.0,0.0,15.9
2021-02-01,ฉะเชิงเทรา,13.69,101.07,27.5,33.4,22.0,0.0,13.2
2021-02-02,ฉะเชิงเทรา,13.69,101.07,27.7,34.2,21.9,0.0,10.1
2021-02-03,ฉะเชิงเทรา,13.69,101.07,27.6,33.9,22.3,0.0,19.4
2021-02-04,ฉะเชิงเทรา,13.69,101.07,26.8,32.7,21.8,0.0,18.3
2021-02-05,ฉะเชิงเทรา,13.69,101.07,27.0,33.3,21.1,0.0,13.3
2021-02-06,ฉะเชิงเทรา,13.69,101.07,27.6,33.4,21.4,0.0,17.7
2021-02-07,ฉะเชิงเทรา,13.69,101.07,27.9,34.2,22.4,0.0,13.2
2021-02-08,ฉะเชิงเทรา,13.69,101.07,27.6,33.1,23.4,0.6,13.4
2021-02-09,ฉะเชิงเทรา,13.69,101.07,25.5,27.8,23.2,23.0,17.2
2021-02-10,ฉะเชิงเทรา,13.69,101.07,25.5,30.0,21.5,3.0,13.1
2021-02-11,ฉะเชิงเทรา,13.69,101.07,26.1,31.2,20.7,0.0,14.3
2021-02-12,ฉะเชิงเทรา,13.69,101.07,26.0,31.8,20.2,0.0,11.2
2021-02-13,ฉะเชิงเทรา,13.69,101.07,26.1,32.6,19.5,0.0,9.7
2021-02-14,ฉะเชิงเทรา,13.69,101.07,26.6,32.4,21.9,0.0,12.3
2021-02-15,ฉะเชิงเทรา,13.69,101.07,26.4,31.4,22.1,0.6,13.8
2021-02-16,ฉะเชิงเทรา,13.69,101.07,26.8,31.4,22.7,1.4,12.9
2021-02-17,ฉะเชิงเทรา,13.69,101.07,26.6,31.2,23.6,2.5,13.1
2021-02-18,ฉะเชิงเทรา,13.69,101.07,27.0,32.0,22.9,0.0,23.6
2021-02-19,ฉะเชิงเทรา,13.69,101.07,26.5,31.7,21.7,0.0,20.1
2021-02-20,ฉะเชิงเทรา,13.69,101.07,26.0,31.3,21.3,0.0,17.6
2021-02-21,ฉะเชิงเทรา,13.69,101.07,25.9,31.9,19.8,0.0,10.0
2021-02-22,ฉะเชิงเทรา,13.69,101.07,26.0,32.4,19.7,0.0,14.0
2021-02-23,ฉะเชิงเทรา,13.69,101.07,26.6,32.1,21.6,0.0,12.5
2021-02-24,ฉะเชิงเทรา,13.69,101.07,26.9,32.5,22.2,0.0,16.3
2021-02-25,ฉะเชิงเทรา,13.69,101.07,27.5,34.0,21.8,0.0,10.5
2021-02-26,ฉะเชิงเทรา,13.69,101.07,27.9,34.8,22.6,0.0,13.2
2021-02-27,ฉะเชิงเทรา,13.69,101.07,27.2,34.1,21.8,0.0,13.2
2021-02-28,ฉะเชิงเทรา,13.69,101.07,27.0,34.0,22.1,0.1,14.5
2021-03-01,ฉะเชิงเทรา,13.69,101.07,27.5,33.5,22.8,1.2,16.6
2021-03-02,ฉะเชิงเทรา,13.69,101.07,28.0,32.3,24.9,2.3,14.3
2021-03-03,ฉะเชิงเทรา,13.69,101.07,26.7,30.7,24.6,13.8,16.8
2021-03-04,ฉะเชิงเทรา,13.69,101.07,27.3,32.2,23.6,0.4,12.1
2021-03-05,ฉะเชิงเทรา,13.69,101.07,28.0,32.3,24.8,1.3,13.6
2021-03-06,ฉะเชิงเทรา,13.69,101.07,28.4,34.4,24.0,0.0,14.2
2021-03-07,ฉะเชิงเทรา,13.69,101.07,28.3,34.6,23.4,0.2,16.4
2021-03-08,ฉะเชิงเทรา,13.69,101.07,28.0,32.6,24.7,2.5,9.7
2021-03-09,ฉะเชิงเทรา,13.69,101.07,28.2,32.7,24.9,0.6,8.4
2021-03-10,ฉะเชิงเทรา,13.69,101.07,27.9,31.5,25.0,4.1,11.1
2021-03-11,ฉะเชิงเทรา,13.69,101.07,28.2,33.1,24.7,0.8,11.3
2021-03-12,ฉะเชิงเทรา,13.69,101.07,28.5,33.8,24.2,0.2,14.1
2021-03-13,ฉะเชิงเทรา,13.69,101.07,28.3,33.2,24.9,2.2,12.8
2021-03-14,ฉะเชิงเทรา,13.69,101.07,28.2,33.5,24.6,1.9,13.5
2021-03-15,ฉะเชิงเทรา,13.69,101.07,28.7,33.8,25.0,0.8,13.5
2021-03-16,ฉะเชิงเทรา,13.69,101.07,28.3,32.5,24.5,1.0,18.6
2021-03-17,ฉะเชิงเทรา,13.69,101.07,28.8,33.8,25.0,0.0,15.3
2021-03-18,ฉะเชิงเทรา,13.69,101.07,29.1,34.3,25.2,0.1,12.9
2021-03-19,ฉะเชิงเทรา,13.69,101.07,29.4,33.5,25.9,0.7,12.8
2021-03-20,ฉะเชิงเทรา,13.69,101.07,29.5,34.4,25.1,0.0,15.1
2021-03-21,ฉะเชิงเทรา,13.69,101.07,29.8,35.3,25.2,0.0,13.4
2021-03-22,ฉะเชิงเทรา,13.69,101.07,28.2,32.5,25.4,9.9,21.3
2021-03-23,ฉะเชิงเทรา,13.69,101.07,28.5,33.4,24.1,0.0,17.3
2021-03-24,ฉะเชิงเทรา,13.69,101.07,29.4,34.7,24.4,0.0,13.6
2021-03-25,ฉะเชิงเทรา,13.69,101.07,29.2,35.3,24.3,0.0,19.2
2021-03-26,ฉะเชิงเทรา,13.69,101.07,29.1,32.9,25.8,0.5,16.0
2021-03-27,ฉะเชิงเทรา,13.69,101.07,29.5,34.3,25.8,0.0,15.5
2021-03-28,ฉะเชิงเทรา,13.69,101.07,29.8,34.9,26.3,0.0,20.0
2021-03-29,ฉะเชิงเทรา,13.69,101.07,29.7,35.0,25.4,0.0,15.7
2021-03-30,ฉะเชิงเทรา,13.69,101.07,30.0,35.1,25.9,0.0,16.3
2021-03-31,ฉะเชิงเทรา,13.69,101.07,30.0,35.3,26.5,0.2,16.6
2021-04-01,ฉะเชิงเทรา,13.69,101.07,29.3,33.2,27.0,0.0,16.3
2021-04-02,ฉะเชิงเทรา,13.69,101.07,30.0,34.4,27.1,0.3,16.7
2021-04-03,ฉะเชิงเทรา,13.69,101.07,30.2,36.9,26.0,0.1,18.9
2021-04-04,ฉะเชิงเทรา,13.69,101.07,28.3,32.1,25.4,8.6,13.6
2021-04-05,ฉะเชิงเทรา,13.69,101.07,26.8,31.3,24.5,7.2,9.7
2021-04-06,ฉะเชิงเทรา,13.69,101.07,26.6,30.8,24.7,5.8,12.2
2021-04-07,ฉะเชิงเทรา,13.69,101.07,26.9,30.7,24.4,9.4,11.9
2021-04-08,ฉะเชิงเทรา,13.69,101.07,27.8,31.8,24.8,11.1,9.1
2021-04-09,ฉะเชิงเทรา,13.69,101.07,28.3,32.3,24.7,1.2,9.2
2021-04-10,ฉะเชิงเทรา,13.69,101.07,27.6,31.9,25.0,8.2,16.6
2021-04-11,ฉะเชิงเทรา,13.69,101.07,27.5,31.9,25.4,7.5,13.0
2021-04-12,ฉะเชิงเทรา,13.69,101.07,27.7,32.5,24.2,6.7,14.0
2021-04-13,ฉะเชิงเทรา,13.69,101.07,27.8,30.7,25.3,5.3,9.9
2021-04-14,ฉะเชิงเทรา,13.69,101.07,27.5,30.1,25.5,6.0,10.3
2021-04-15,ฉะเชิงเทรา,13.69,101.07,28.1,32.2,25.0,3.1,7.2
2021-04-16,ฉะเชิงเทรา,13.69,101.07,28.4,32.4,25.5,1.0,12.3
2021-04-17,ฉะเชิงเทรา,13.69,101.07,28.2,32.2,24.7,2.4,13.2
2021-04-18,ฉะเชิงเทรา,13.69,101.07,28.7,32.5,24.9,3.7,11.7
2021-04-19,ฉะเชิงเทรา,13.69,101.07,27.9,32.5,24.2,4.4,10.5
2021-04-20,ฉะเชิงเทรา,13.69,101.07,27.8,31.0,25.3,4.7,9.7
2021-04-21,ฉะเชิงเทรา,13.69,101.07,28.8,33.3,24.9,1.0,9.2
2021-04-22,ฉะเชิงเทรา,13.69,101.07,28.8,31.9,26.1,6.7,8.1
2021-04-23,ฉะเชิงเทรา,13.69,101.07,29.4,34.5,25.2,2.9,13.9
2021-04-24,ฉะเชิงเทรา,13.69,101.07,29.2,34.1,25.8,1.9,13.2
2021-04-25,ฉะเชิงเทรา,13.69,101.07,29.2,33.8,25.1,6.9,10.2
2021-04-26,ฉะเชิงเทรา,13.69,101.07,28.4,31.9,26.0,16.9,16.4
2021-04-27,ฉะเชิงเทรา,13.69,101.07,27.2,30.8,25.1,6.4,13.2
2021-04-28,ฉะเชิงเทรา,13.69,101.07,27.0,30.5,23.8,12.6,12.5
2021-04-29,ฉะเชิงเทรา,13.69,101.07,26.4,30.0,24.1,23.2,11.1
2021-04-30,ฉะเชิงเทรา,13.69,101.07,26.5,31.5,23.4,15.3,14.8
2021-05-01,ฉะเชิงเทรา,13.69,101.07,27.0,30.7,24.2,2.8,10.4
2021-05-02,ฉะเชิงเทรา,13.69,101.07,27.9,32.4,24.3,5.1,8.4
2021-05-03,ฉะเชิงเทรา,13.69,101.07,28.6,32.5,24.8,5.4,6.9
2021-05-04,ฉะเชิงเทรา,13.69,101.07,28.9,34.4,25.5,14.2,10.0
2021-05-05,ฉะเชิงเทรา,13.69,101.07,29.2,34.6,24.8,1.2,6.8
2021-05-06,ฉะเชิงเทรา,13.69,101.07,26.9,28.8,23.9,10.5,10.2
2021-05-07,ฉะเชิงเทรา,13.69,101.07,28.0,32.3,24.9,4.8,12.5
2021-05-08,ฉะเชิงเทรา,13.69,101.07,28.0,32.6,25.1,11.0,9.2
2021-05-09,ฉะเชิงเทรา,13.69,101.07,28.5,32.6,25.7,3.0,9.3
2021-05-10,ฉะเชิงเทรา,13.69,101.07,29.2,33.2,25.5,0.5,12.1
2021-05-11,ฉะเชิงเทรา,13.69,101.07,29.7,34.3,25.7,0.0,13.0
2021-05-12,ฉะเชิงเทรา,13.69,101.07,29.7,33.7,26.1,4.8,12.2
2021-05-13,ฉะเชิงเทรา,13.69,101.07,29.9,34.4,25.6,0.0,14.1
2021-05-14,ฉะเชิงเทรา,13.69,101.07,30.1,35.0,25.6,0.1,14.0
2021-05-15,ฉะเชิงเทรา,13.69,101.07,29.9,34.4,26.1,1.9,12.1
2021-05-16,ฉะเชิงเทรา,13.69,101.07,29.3,33.0,26.4,8.6,9.8
2021-05-17,ฉะเชิงเทรา,13.69,101.07,30.3,34.7,26.5,0.9,14.0
2021-05-18,ฉะเชิงเทรา,13.69,101.07,29.6,34.0,26.5,4.4,14.8
2021-05-19,ฉะเชิงเทรา,13.69,101.07,29.4,34.0,26.0,5.6,14.9
2021-05-20,ฉะเชิงเทรา,13.69,101.07,29.2,32.5,26.6,7.3,10.9
2021-05-21,ฉะเชิงเทรา,13.69,101.07,30.0,33.9,27.2,2.3,12.7
2021-05-22,ฉะเชิงเทรา,13.69,101.07,29.9,33.6,26.8,2.0,20.0
2021-05-23,ฉะเชิงเทรา,13.69,101.07,30.3,34.2,26.8,1.4,17.2
2021-05-24,ฉะเชิงเทรา,13.69,101.07,30.1,34.2,26.6,0.3,14.8
2021-05-25,ฉะเชิงเทรา,13.69,101.07,29.4,31.9,27.5,5.2,17.4
2021-05-26,ฉะเชิงเทรา,13.69,101.07,29.1,31.8,27.0,3.8,13.6
2021-05-27,ฉะเชิงเทรา,13.69,101.07,29.0,32.3,27.2,11.0,15.5
2021-05-28,ฉะเชิงเทรา,13.69,101.07,26.5,28.8,24.8,36.3,10.3
2021-05-29,ฉะเชิงเทรา,13.69,101.07,28.6,32.3,25.4,1.6,18.1
2021-05-30,ฉะเชิงเทรา,13.69,101.07,29.2,32.7,26.3,0.6,20.8
2021-05-31,ฉะเชิงเทรา,13.69,101.07,29.8,33.0,26.3,0.0,17.7
2021-06-01,ฉะเชิงเทรา,13.69,101.07,30.2,33.9,27.1,0.1,16.8
2021-06-02,ฉะเชิงเทรา,13.69,101.07,30.7,35.4,28.0,0.1,14.0
2021-06-03,ฉะเชิงเทรา,13.69,101.07,30.6,34.8,27.4,0.1,16.0
2021-06-04,ฉะเชิงเทรา,13.69,101.07,31.3,35.3,27.9,0.0,14.8
2021-06-05,ฉะเชิงเทรา,13.69,101.07,30.2,34.0,27.0,7.7,15.9
2021-06-06,ฉะเชิงเทรา,13.69,101.07,29.3,33.3,27.5,10.5,17.3
2021-06-07,ฉะเชิงเทรา,13.69,101.07,29.6,31.7,27.3,2.2,17.5
2021-06-08,ฉะเชิงเทรา,13.69,101.07,29.8,32.6,27.2,0.2,25.3
2021-06-09,ฉะเชิงเทรา,13.69,101.07,28.2,29.9,26.6,1.7,17.1
2021-06-10,ฉะเชิงเทรา,13.69,101.07,27.7,29.5,25.8,5.1,16.0
2021-06-11,ฉะเชิงเทรา,13.69,101.07,28.4,31.0,26.1,2.5,18.2
2021-06-12,ฉะเชิงเทรา,13.69,101.07,28.6,31.6,26.7,0.3,14.5
2021-06-13,ฉะเชิงเทรา,13.69,101.07,27.5,28.8,25.9,4.0,12.8
2021-06-14,ฉะเชิงเทรา,13.69,101.07,28.3,31.2,25.8,2.7,20.7
2021-06-15,ฉะเชิงเทรา,13.69,101.07,27.4,30.3,25.6,4.3,15.6
2021-06-16,ฉะเชิงเทรา,13.69,101.07,28.2,31.3,25.6,1.8,19.9
2021-06-17,ฉะเชิงเทรา,13.69,101.07,28.6,32.2,26.2,0.6,13.2
2021-06-18,ฉะเชิงเทรา,13.69,101.07,29.5,33.6,26.8,0.6,14.0
2021-06-19,ฉะเชิงเทรา,13.69,101.07,30.1,35.1,25.7,0.6,16.0
2021-06-20,ฉะเชิงเทรา,13.69,101.07,29.8,35.1,26.2,5.6,15.8
2021-06-21,ฉะเชิงเทรา,13.69,101.07,29.7,33.3,26.2,3.1,16.9
2021-06-22,ฉะเชิงเทรา,13.69,101.07,29.5,33.5,26.2,1.1,18.6
2021-06-23,ฉะเชิงเทรา,13.69,101.07,29.7,34.0,26.5,3.3,20.2
2021-06-24,ฉะเชิงเทรา,13.69,101.07,29.3,33.3,25.6,3.0,17.4
2021-06-25,ฉะเชิงเทรา,13.69,101.07,29.7,33.5,26.0,0.9,14.7
2021-06-26,ฉะเชิงเทรา,13.69,101.07,30.0,33.7,27.1,0.4,19.3
2021-06-27,ฉะเชิงเทรา,13.69,101.07,30.4,34.1,27.3,0.1,20.9
2021-06-28,ฉะเชิงเทรา,13.69,101.07,28.7,32.2,25.6,7.5,14.2
2021-06-29,ฉะเชิงเทรา,13.69,101.07,28.2,32.1,25.9,1.4,15.0
2021-06-30,ฉะเชิงเทรา,13.69,101.07,28.9,32.6,25.7,7.8,15.9
2021-07-01,ฉะเชิงเทรา,13.69,101.07,29.8,34.5,25.3,0.3,18.6
2021-07-02,ฉะเชิงเทรา,13.69,101.07,29.2,34.5,25.0,9.6,17.1
2021-07-03,ฉะเชิงเทรา,13.69,101.07,30.4,36.1,25.8,0.6,13.5
2021-07-04,ฉะเชิงเทรา,13.69,101.07,31.5,36.1,27.5,0.5,14.3
2021-07-05,ฉะเชิงเทรา,13.69,101.07,31.2,36.5,27.9,1.9,12.6
2021-07-06,ฉะเชิงเทรา,13.69,101.07,29.4,34.3,27.1,6.5,15.7
2021-07-07,ฉะเชิงเทรา,13.69,101.07,28.4,32.9,25.5,15.1,17.6
2021-07-08,ฉะเชิงเทรา,13.69,101.07,27.9,32.5,25.4,13.5,16.8
2021-07-09,ฉะเชิงเทรา,13.69,101.07,26.7,30.9,24.4,35.5,13.0
2021-07-10,ฉะเชิงเทรา,13.69,101.07,26.2,30.4,24.3,30.7,14.6
2021-07-11,ฉะเชิงเทรา,13.69,101.07,26.3,28.8,24.5,14.1,11.4
2021-07-12,ฉะเชิงเทรา,13.69,101.07,27.5,30.7,24.7,4.2,11.8
2021-07-13,ฉะเชิงเทรา,13.69,101.07,28.0,32.2,24.7,9.9,11.5
2021-07-14,ฉะเชิงเทรา,13.69,101.07,27.6,30.8,25.4,24.2,9.8
2021-07-15,ฉะเชิงเทรา,13.69,101.07,26.5,30.1,24.4,29.0,11.6
2021-07-16,ฉะเชิงเทรา,13.69,101.07,26.8,30.3,24.4,23.7,13.3
2021-07-17,ฉะเชิงเทรา,13.69,101.07,27.9,31.5,25.0,10.1,15.5
2021-07-18,ฉะเชิงเทรา,13.69,101.07,27.7,30.2,25.3,5.2,17.2
2021-07-19,ฉะเชิงเทรา,13.69,101.07,27.8,29.9,25.7,0.7,22.0
2021-07-20,ฉะเชิงเทรา,13.69,101.07,27.7,30.4,26.0,6.8,24.9
2021-07-21,ฉะเชิงเทรา,13.69,101.07,28.1,30.3,26.0,1.5,25.5
2021-07-22,ฉะเชิงเทรา,13.69,101.07,28.5,31.0,26.6,3.6,21.4
2021-07-23,ฉะเชิงเทรา,13.69,101.07,27.9,30.5,26.5,4.1,16.3
2021-07-24,ฉะเชิงเทรา,13.69,101.07,27.0,28.9,26.2,15.2,18.3
2021-07-25,ฉะเชิงเทรา,13.69,101.07,27.2,29.2,26.2,8.2,16.6
2021-07-26,ฉะเชิงเทรา,13.69,101.07,28.3,31.4,26.3,1.8,22.4
2021-07-27,ฉะเชิงเทรา,13.69,101.07,28.0,30.1,26.6,10.1,18.5
2021-07-28,ฉะเชิงเทรา,13.69,101.07,28.4,31.0,26.6,9.6,18.7
2021-07-29,ฉะเชิงเทรา,13.69,101.07,28.1,31.7,25.0,6.5,18.3
2021-07-30,ฉะเชิงเทรา,13.69,101.07,28.4,30.9,26.2,3.4,19.6
2021-07-31,ฉะเชิงเทรา,13.69,101.07,28.5,30.8,26.2,4.2,19.3
2021-08-01,ฉะเชิงเทรา,13.69,101.07,28.6,31.3,26.1,3.8,18.0
2021-08-02,ฉะเชิงเทรา,13.69,101.07,28.6,30.9,25.7,1.5,17.1
2021-08-03,ฉะเชิงเทรา,13.69,101.07,28.2,30.0,27.0,12.4,22.4
2021-08-04,ฉะเชิงเทรา,13.69,101.07,28.2,31.2,25.7,3.8,19.5
2021-08-05,ฉะเชิงเทรา,13.69,101.07,28.1,30.2,26.8,8.0,19.5
2021-08-06,ฉะเชิงเทรา,13.69,101.07,28.1,29.8,26.8,9.0,18.4
2021-08-07,ฉะเชิงเทรา,13.69,101.07,28.8,31.6,26.3,4.2,16.4
2021-08-08,ฉะเชิงเทรา,13.69,101.07,28.9,32.6,25.5,0.9,14.8
2021-08-09,ฉะเชิงเทรา,13.69,101.07,29.2,32.5,26.0,0.6,14.9
2021-08-10,ฉะเชิงเทรา,13.69,101.07,29.6,33.0,26.5,1.4,13.8
2021-08-11,ฉะเชิงเทรา,13.69,101.07,28.5,31.1,26.3,12.2,19.4
2021-08-12,ฉะเชิงเทรา,13.69,101.07,27.9,31.0,25.4,5.5,20.5
2021-08-13,ฉะเชิงเทรา,13.69,101.07,27.9,30.5,26.2,9.3,16.4
2021-08-14,ฉะเชิงเทรา,13.69,101.07,27.4,29.4,26.2,7.2,19.1
2021-08-15,ฉะเชิงเทรา,13.69,101.07,26.1,28.3,24.7,20.9,17.6
2021-08-16,ฉะเชิงเทรา,13.69,101.07,26.6,29.8,24.4,15.6,12.8
2021-08-17,ฉะเชิงเทรา,13.69,101.07,27.8,32.6,23.4,0.1,7.4
2021-08-18,ฉะเชิงเทรา,13.69,101.07,28.7,33.0,25.1,0.0,10.1
2021-08-19,ฉะเชิงเทรา,13.69,101.07,28.6,31.6,25.7,1.9,8.9
2021-08-20,ฉะเชิงเทรา,13.69,101.07,28.5,32.4,25.1,5.9,7.6
2021-08-21,ฉะเชิงเทรา,13.69,101.07,27.9,31.5,25.6,1.7,11.2
2021-08-22,ฉะเชิงเทรา,13.69,101.07,28.2,31.6,25.1,4.7,14.5
2021-08-23,ฉะเชิงเทรา,13.69,101.07,28.6,32.1,25.8,1.4,15.5
2021-08-24,ฉะเชิงเทรา,13.69,101.07,28.6,32.3,25.5,6.7,17.3
2021-08-25,ฉะเชิงเทรา,13.69,101.07,27.2,30.7,24.9,31.9,16.7
2021-08-26,ฉะเชิงเทรา,13.69,101.07,26.3,29.7,24.3,22.0,11.5
2021-08-27,ฉะเชิงเทรา,13.69,101.07,25.3,26.9,24.3,31.1,10.7
2021-08-28,ฉะเชิงเทรา,13.69,101.07,25.7,28.1,24.3,6.8,8.6
2021-08-29,ฉะเชิงเทรา,13.69,101.07,26.4,30.4,24.0,16.0,13.7
2021-08-30,ฉะเชิงเทรา,13.69,101.07,27.1,31.0,23.7,4.2,12.7
2021-08-31,ฉะเชิงเทรา,13.69,101.07,27.3,31.2,25.3,8.0,11.5
2021-09-01,ฉะเชิงเทรา,13.69,101.07,26.8,29.8,24.9,14.5,8.1
2021-09-02,ฉะเชิงเทรา,13.69,101.07,27.1,29.9,24.9,13.1,11.8
2021-09-03,ฉะเชิงเทรา,13.69,101.07,26.7,29.3,24.5,10.9,17.8
2021-09-04,ฉะเชิงเทรา,13.69,101.07,27.1,29.9,24.1,8.6,16.5
2021-09-05,ฉะเชิงเทรา,13.69,101.07,26.6,29.3,25.2,18.7,9.2
2021-09-06,ฉะเชิงเทรา,13.69,101.07,27.4,31.2,24.9,0.6,10.6
2021-09-07,ฉะเชิงเทรา,13.69,101.07,26.4,29.9,24.6,73.0,16.7
2021-09-08,ฉะเชิงเทรา,13.69,101.07,25.9,29.3,24.1,45.3,10.9
2021-09-09,ฉะเชิงเทรา,13.69,101.07,25.9,29.8,24.1,32.5,14.7
2021-09-10,ฉะเชิงเทรา,13.69,101.07,26.5,29.2,24.4,30.1,14.3
2021-09-11,ฉะเชิงเทรา,13.69,101.07,26.8,29.0,25.2,12.0,14.8
2021-09-12,ฉะเชิงเทรา,13.69,101.07,27.7,30.6,25.3,0.2,18.9
2021-09-13,ฉะเชิงเทรา,13.69,101.07,28.3,32.1,25.4,6.5,17.1
2021-09-14,ฉะเชิงเทรา,13.69,101.07,27.5,31.6,25.6,8.5,15.1
2021-09-15,ฉะเชิงเทรา,13.69,101.07,26.0,29.0,24.1,15.7,11.3
2021-09-16,ฉะเชิงเทรา,13.69,101.07,26.6,29.4,24.2,10.8,15.0
2021-09-17,ฉะเชิงเทรา,13.69,101.07,27.4,31.5,24.9,0.6,13.6
2021-09-18,ฉะเชิงเทรา,13.69,101.07,28.0,33.0,23.9,0.4,11.5
2021-09-19,ฉะเชิงเทรา,13.69,101.07,27.1,30.3,24.8,10.2,6.6
2021-09-20,ฉะเชิงเทรา,13.69,101.07,25.6,27.1,24.2,50.5,9.0
2021-09-21,ฉะเชิงเทรา,13.69,101.07,25.8,28.8,23.9,24.7,12.9
2021-09-22,ฉะเชิงเทรา,13.69,101.07,26.0,28.6,24.2,18.1,16.6
2021-09-23,ฉะเชิงเทรา,13.69,101.07,27.0,30.7,24.2,7.8,12.0
2021-09-24,ฉะเชิงเทรา,13.69,101.07,26.8,30.1,24.6,21.2,14.8
2021-09-25,ฉะเชิงเทรา,13.69,101.07,25.8,28.2,24.6,36.3,15.0
2021-09-26,ฉะเชิงเทรา,13.69,101.07,25.4,27.1,24.2,14.4,13.1
2021-09-27,ฉะเชิงเทรา,13.69,101.07,26.1,30.1,23.7,9.5,9.4
2021-09-28,ฉะเชิงเทรา,13.69,101.07,26.9,31.4,23.5,7.3,5.6
2021-09-29,ฉะเชิงเทรา,13.69,101.07,28.2,32.8,24.1,4.3,5.9
2021-09-30,ฉะเชิงเทรา,13.69,101.07,28.1,31.4,25.4,5.9,6.8
2021-10-01,ฉะเชิงเทรา,13.69,101.07,28.2,32.2,25.1,0.3,12.4
2021-10-02,ฉะเชิงเทรา,13.69,101.07,28.0,31.7,25.7,2.8,14.1
2021-10-03,ฉะเชิงเทรา,13.69,101.07,27.1,31.2,24.0,10.0,9.7
2021-10-04,ฉะเชิงเทรา,13.69,101.07,27.6,32.3,23.5,2.1,7.9
2021-10-05,ฉะเชิงเทรา,13.69,101.07,28.2,32.3,24.4,0.6,10.2
2021-10-06,ฉะเชิงเทรา,13.69,101.07,27.2,31.4,24.8,27.6,8.6
2021-10-07,ฉะเชิงเทรา,13.69,101.07,27.3,31.3,24.3,21.1,9.0
2021-10-08,ฉะเชิงเทรา,13.69,101.07,27.7,30.8,24.7,0.7,10.1
2021-10-09,ฉะเชิงเทรา,13.69,101.07,26.9,30.0,24.1,6.9,13.8
2021-10-10,ฉะเชิงเทรา,13.69,101.07,28.3,31.2,25.6,1.7,15.8
2021-10-11,ฉะเชิงเทรา,13.69,101.07,28.1,30.4,26.9,13.9,16.9
2021-10-12,ฉะเชิงเทรา,13.69,101.07,27.2,30.3,25.3,31.1,16.0
2021-10-13,ฉะเชิงเทรา,13.69,101.07,27.0,31.2,23.9,10.5,10.4
2021-10-14,ฉะเชิงเทรา,13.69,101.07,26.9,30.6,24.7,26.5,16.6
2021-10-15,ฉะเชิงเทรา,13.69,101.07,25.7,28.4,24.0,32.3,15.8
2021-10-16,ฉะเชิงเทรา,13.69,101.07,27.0,31.4,23.9,12.2,13.4
2021-10-17,ฉะเชิงเทรา,13.69,101.07,24.0,25.1,22.7,44.9,12.4
2021-10-18,ฉะเชิงเทรา,13.69,101.07,24.8,27.9,22.5,1.9,16.6
2021-10-19,ฉะเชิงเทรา,13.69,101.07,26.1,30.7,22.3,0.9,9.7
2021-10-20,ฉะเชิงเทรา,13.69,101.07,27.1,31.8,23.7,2.5,10.1
2021-10-21,ฉะเชิงเทรา,13.69,101.07,27.3,31.9,24.4,3.7,9.2
2021-10-22,ฉะเชิงเทรา,13.69,101.07,26.4,31.0,24.2,17.6,20.0
2021-10-23,ฉะเชิงเทรา,13.69,101.07,25.9,29.3,23.5,11.0,21.5
2021-10-24,ฉะเชิงเทรา,13.69,101.07,26.8,30.6,24.0,0.1,15.1
2021-10-25,ฉะเชิงเทรา,13.69,101.07,26.9,30.6,23.5,0.1,15.0
2021-10-26,ฉะเชิงเทรา,13.69,101.07,27.4,31.6,23.9,0.0,16.4
2021-10-27,ฉะเชิงเทรา,13.69,101.07,27.3,31.4,22.2,0.0,19.2
2021-10-28,ฉะเชิงเทรา,13.69,101.07,26.4,29.2,24.4,2.5,12.6
2021-10-29,ฉะเชิงเทรา,13.69,101.07,26.9,31.5,23.5,2.5,10.4
2021-10-30,ฉะเชิงเทรา,13.69,101.07,27.0,31.7,24.0,6.3,12.4
2021-10-31,ฉะเชิงเทรา,13.69,101.07,26.3,30.2,24.0,9.3,10.3
2021-11-01,ฉะเชิงเทรา,13.69,101.07,26.4,31.3,23.9,7.3,19.5
2021-11-02,ฉะเชิงเทรา,13.69,101.07,27.0,30.7,24.1,4.5,13.3
2021-11-03,ฉะเชิงเทรา,13.69,101.07,27.2,31.6,23.5,0.5,12.3
2021-11-04,ฉะเชิงเทรา,13.69,101.07,27.8,31.9,23.9,0.0,8.5
2021-11-05,ฉะเชิงเทรา,13.69,101.07,28.2,32.3,24.4,1.1,9.2
2021-11-06,ฉะเชิงเทรา,13.69,101.07,26.7,31.8,24.0,11.6,9.2
2021-11-07,ฉะเชิงเทรา,13.69,101.07,27.1,31.7,24.0,3.6,15.1
2021-11-08,ฉะเชิงเทรา,13.69,101.07,27.0,30.9,25.0,12.4,16.9
2021-11-09,ฉะเชิงเทรา,13.69,101.07,26.9,30.9,23.9,1.3,18.1
2021-11-10,ฉะเชิงเทรา,13.69,101.07,26.5,30.8,23.7,0.0,18.9
2021-11-11,ฉะเชิงเทรา,13.69,101.07,26.6,31.0,23.1,0.1,13.9
2021-11-12,ฉะเชิงเทรา,13.69,101.07,26.9,29.8,24.8,0.0,15.5
2021-11-13,ฉะเชิงเทรา,13.69,101.07,26.6,29.8,24.5,0.7,19.8
2021-11-14,ฉะเชิงเทรา,13.69,101.07,26.7,30.0,23.4,0.0,20.4
2021-11-15,ฉะเชิงเทรา,13.69,101.07,27.0,31.1,23.6,0.0,14.9
2021-11-16,ฉะเชิงเทรา,13.69,101.07,26.9,30.9,24.3,2.1,17.1
2021-11-17,ฉะเชิงเทรา,13.69,101.07,27.9,32.5,24.1,0.5,15.0
2021-11-18,ฉะเชิงเทรา,13.69,101.07,27.6,31.3,24.8,3.6,19.7
2021-11-19,ฉะเชิงเทรา,13.69,101.07,28.2,32.9,24.0,0.2,12.7
2021-11-20,ฉะเชิงเทรา,13.69,101.07,28.2,33.3,24.6,0.4,7.3
2021-11-21,ฉะเชิงเทรา,13.69,101.07,28.2,33.3,24.7,0.6,15.6
2021-11-22,ฉะเชิงเทรา,13.69,101.07,28.3,33.6,25.2,22.6,15.8
2021-11-23,ฉะเชิงเทรา,13.69,101.07,27.1,29.5,25.0,6.9,22.3
2021-11-24,ฉะเชิงเทรา,13.69,101.07,26.8,30.7,23.5,0.0,20.3
2021-11-25,ฉะเชิงเทรา,13.69,101.07,26.9,31.4,23.0,0.0,15.3
2021-11-26,ฉะเชิงเทรา,13.69,101.07,27.0,31.5,23.4,0.0,16.3
2021-11-27,ฉะเชิงเทรา,13.69,101.07,26.0,30.7,22.0,0.0,18.4
2021-11-28,ฉะเชิงเทรา,13.69,101.07,25.9,31.0,21.0,0.0,18.1
2021-11-29,ฉะเชิงเทรา,13.69,101.07,26.4,30.5,23.1,0.4,17.8
2021-11-30,ฉะเชิงเทรา,13.69,101.07,25.7,27.1,23.9,0.9,25.6
2021-12-01,ฉะเชิงเทรา,13.69,101.07,25.5,29.8,22.6,0.0,22.9
2021-12-02,ฉะเชิงเทรา,13.69,101.07,25.3,29.1,21.6,0.0,20.9
2021-12-03,ฉะเชิงเทรา,13.69,101.07,25.0,29.5,21.7,0.0,19.2
2021-12-04,ฉะเชิงเทรา,13.69,101.07,23.7,28.3,20.3,0.0,20.1
2021-12-05,ฉะเชิงเทรา,13.69,101.07,22.6,27.8,18.0,0.0,19.1
2021-12-06,ฉะเชิงเทรา,13.69,101.07,24.3,30.4,18.4,0.0,17.4
2021-12-07,ฉะเชิงเทรา,13.69,101.07,25.1,30.4,21.0,0.0,17.9
2021-12-08,ฉะเชิงเทรา,13.69,101.07,25.1,30.0,20.8,0.0,17.9
2021-12-09,ฉะเชิงเทรา,13.69,101.07,25.9,31.8,20.2,1.1,16.9
2021-12-10,ฉะเชิงเทรา,13.69,101.07,27.3,32.0,23.7,0.0,18.7
2021-12-11,ฉะเชิงเทรา,13.69,101.07,27.0,32.1,23.0,0.0,17.1
2021-12-12,ฉะเชิงเทรา,13.69,101.07,26.2,31.1,22.2,0.0,18.2
2021-12-13,ฉะเชิงเทรา,13.69,101.07,26.3,30.5,22.9,0.0,21.4
2021-12-14,ฉะเชิงเทรา,13.69,101.07,26.1,31.3,21.5,0.0,14.4
2021-12-15,ฉะเชิงเทรา,13.69,101.07,26.2,31.7,21.0,0.0,7.2
2021-12-16,ฉะเชิงเทรา,13.69,101.07,27.0,33.1,20.9,0.0,9.1
2021-12-17,ฉะเชิงเทรา,13.69,101.07,28.4,34.0,23.0,0.0,17.2
2021-12-18,ฉะเชิงเทรา,13.69,101.07,27.8,31.6,25.0,0.0,22.2
2021-12-19,ฉะเชิงเทรา,13.69,101.07,25.0,29.3,21.6,0.0,22.7
2021-12-20,ฉะเชิงเทรา,13.69,101.07,24.0,29.3,19.7,0.0,13.4
2021-12-21,ฉะเชิงเทรา,13.69,101.07,24.7,30.4,19.1,0.0,9.1
2021-12-22,ฉะเชิงเทรา,13.69,101.07,26.2,31.9,20.6,0.0,6.6
2021-12-23,ฉะเชิงเทรา,13.69,101.07,27.0,31.7,21.1,0.3,12.8
2021-12-24,ฉะเชิงเทรา,13.69,101.07,26.4,32.4,21.9,0.8,12.3
2021-12-25,ฉะเชิงเทรา,13.69,101.07,25.6,31.5,21.8,4.6,15.0
2021-12-26,ฉะเชิงเทรา,13.69,101.07,26.5,32.1,21.2,5.0,15.0
2021-12-27,ฉะเชิงเทรา,13.69,101.07,27.4,32.2,22.8,0.0,18.5
2021-12-28,ฉะเชิงเทรา,13.69,101.07,27.3,31.8,22.9,0.0,19.5
2021-12-29,ฉะเชิงเทรา,13.69,101.07,27.7,32.6,23.6,0.0,17.5
2021-12-30,ฉะเชิงเทรา,13.69,101.07,27.7,31.9,24.2,0.0,19.8
2021-12-31,ฉะเชิงเทรา,13.69,101.07,27.0,31.4,22.9,0.0,20.7
2022-01-01,ฉะเชิงเทรา,13.69,101.07,26.5,31.2,21.8,0.0,18.3
2022-01-02,ฉะเชิงเทรา,13.69,101.07,26.2,30.9,21.7,0.0,19.2
2022-01-03,ฉะเชิงเทรา,13.69,101.07,26.5,31.2,22.5,0.0,16.7
2022-01-04,ฉะเชิงเทรา,13.69,101.07,26.5,31.8,21.2,0.0,15.1
2022-01-05,ฉะเชิงเทรา,13.69,101.07,26.8,32.0,22.0,0.0,9.5
2022-01-06,ฉะเชิงเทรา,13.69,101.07,26.7,33.1,21.1,0.0,11.3
2022-01-07,ฉะเชิงเทรา,13.69,101.07,27.0,33.1,21.3,0.0,14.2
2022-01-08,ฉะเชิงเทรา,13.69,101.07,27.7,33.5,22.3,0.0,11.4
2022-01-09,ฉะเชิงเทรา,13.69,101.07,27.0,33.4,21.1,0.0,13.1
2022-01-10,ฉะเชิงเทรา,13.69,101.07,26.8,33.3,20.0,0.0,8.9
2022-01-11,ฉะเชิงเทรา,13.69,101.07,27.1,34.3,20.4,0.0,14.6
2022-01-12,ฉะเชิงเทรา,13.69,101.07,27.5,33.3,21.5,0.0,13.1
2022-01-13,ฉะเชิงเทรา,13.69,101.07,28.0,33.9,22.1,0.0,11.9
2022-01-14,ฉะเชิงเทรา,13.69,101.07,27.0,32.6,21.8,0.0,16.3
2022-01-15,ฉะเชิงเทรา,13.69,101.07,26.7,33.0,20.3,0.0,12.4
2022-01-16,ฉะเชิงเทรา,13.69,101.07,26.7,33.1,20.9,0.0,11.6
2022-01-17,ฉะเชิงเทรา,13.69,101.07,27.6,33.7,21.2,0.0,10.8
2022-01-18,ฉะเชิงเทรา,13.69,101.07,27.5,33.1,21.8,0.0,16.5
2022-01-19,ฉะเชิงเทรา,13.69,101.07,27.0,32.0,22.9,0.2,16.7
2022-01-20,ฉะเชิงเทรา,13.69,101.07,27.1,32.6,21.8,0.0,17.7
2022-01-21,ฉะเชิงเทรา,13.69,101.07,25.5,29.7,22.1,6.9,17.6
2022-01-22,ฉะเชิงเทรา,13.69,101.07,25.2,29.7,21.9,1.4,13.0
2022-01-23,ฉะเชิงเทรา,13.69,101.07,25.6,30.9,22.3,0.8,9.7
2022-01-24,ฉะเชิงเทรา,13.69,101.07,25.7,31.7,21.0,0.3,8.8
2022-01-25,ฉะเชิงเทรา,13.69,101.07,26.4,32.6,21.6,0.0,8.9
2022-01-26,ฉะเชิงเทรา,13.69,101.07,26.8,32.5,21.5,0.0,12.5
2022-01-27,ฉะเชิงเทรา,13.69,101.07,27.2,32.4,23.2,0.7,9.6
2022-01-28,ฉะเชิงเทรา,13.69,101.07,27.7,32.5,24.1,0.3,11.1
2022-01-29,ฉะเชิงเทรา,13.69,101.07,27.9,32.5,24.5,0.5,12.6
2022-01-30,ฉะเชิงเทรา,13.69,101.07,27.8,33.9,24.0,0.0,12.8
2022-01-31,ฉะเชิงเทรา,13.69,101.07,27.3,32.5,23.5,0.0,18.5
2022-02-01,ฉะเชิงเทรา,13.69,101.07,27.1,32.0,23.2,1.8,13.4
2022-02-02,ฉะเชิงเทรา,13.69,101.07,26.4,30.1,23.7,3.8,13.2
2022-02-03,ฉะเชิงเทรา,13.69,101.07,26.9,32.5,22.9,0.8,12.6
2022-02-04,ฉะเชิงเทรา,13.69,101.07,26.3,32.7,22.4,1.6,18.9
2022-02-05,ฉะเชิงเทรา,13.69,101.07,27.1,32.0,23.2,0.0,17.7
2022-02-06,ฉะเชิงเทรา,13.69,101.07,27.6,32.6,22.7,0.0,15.4
2022-02-07,ฉะเชิงเทรา,13.69,101.07,27.9,33.9,22.8,0.0,6.5
2022-02-08,ฉะเชิงเทรา,13.69,101.07,28.7,34.0,23.9,0.1,10.9
2022-02-09,ฉะเชิงเทรา,13.69,101.07,27.9,32.5,24.5,2.6,15.8
2022-02-10,ฉะเชิงเทรา,13.69,101.07,27.1,31.9,23.3,6.6,16.2
2022-02-11,ฉะเชิงเทรา,13.69,101.07,26.8,31.3,24.2,13.9,12.2
2022-02-12,ฉะเชิงเทรา,13.69,101.07,26.0,30.0,23.3,13.0,9.4
2022-02-13,ฉะเชิงเทรา,13.69,101.07,26.8,31.4,23.0,1.5,9.5
2022-02-14,ฉะเชิงเทรา,13.69,101.07,26.3,31.9,22.9,21.9,20.4
2022-02-15,ฉะเชิงเทรา,13.69,101.07,25.2,30.0,23.5,22.4,16.3
2022-02-16,ฉะเชิงเทรา,13.69,101.07,25.3,30.2,23.0,6.2,17.2
2022-02-17,ฉะเชิงเทรา,13.69,101.07,24.9,29.9,22.5,15.2,17.6
2022-02-18,ฉะเชิงเทรา,13.69,101.07,25.7,30.4,22.9,7.1,13.6
2022-02-19,ฉะเชิงเทรา,13.69,101.07,26.9,30.8,24.0,5.9,17.2
2022-02-20,ฉะเชิงเทรา,13.69,101.07,27.9,31.5,25.2,2.6,21.1
2022-02-21,ฉะเชิงเทรา,13.69,101.07,25.8,29.0,22.8,4.9,16.9
2022-02-22,ฉะเชิงเทรา,13.69,101.07,24.6,29.6,20.3,0.0,15.7
2022-02-23,ฉะเชิงเทรา,13.69,101.07,25.6,29.9,22.3,0.0,17.7
2022-02-24,ฉะเชิงเทรา,13.69,101.07,25.1,29.6,21.0,0.0,22.7
2022-02-25,ฉะเชิงเทรา,13.69,101.07,25.5,30.0,21.5,0.0,19.3
2022-02-26,ฉะเชิงเทรา,13.69,101.07,26.4,31.7,21.9,0.0,16.1
2022-02-27,ฉะเชิงเทรา,13.69,101.07,27.2,32.7,22.8,0.0,17.1
2022-02-28,ฉะเชิงเทรา,13.69,101.07,28.0,34.2,22.6,0.0,10.2
2022-03-01,ฉะเชิงเทรา,13.69,101.07,28.3,33.6,23.6,0.4,13.8
2022-03-02,ฉะเชิงเทรา,13.69,101.07,28.3,32.4,24.9,2.5,12.2
2022-03-03,ฉะเชิงเทรา,13.69,101.07,28.5,33.4,24.9,3.2,15.3
2022-03-04,ฉะเชิงเทรา,13.69,101.07,29.1,34.6,25.0,0.2,13.8
2022-03-05,ฉะเชิงเทรา,13.69,101.07,29.4,34.1,25.2,2.4,12.8
2022-03-06,ฉะเชิงเทรา,13.69,101.07,29.1,34.5,25.1,1.2,13.1
2022-03-07,ฉะเชิงเทรา,13.69,101.07,28.4,33.9,24.2,19.8,16.3
2022-03-08,ฉะเชิงเทรา,13.69,101.07,26.1,29.8,23.6,2.5,16.4
2022-03-09,ฉะเชิงเทรา,13.69,101.07,27.8,33.0,22.6,0.0,8.8
2022-03-10,ฉะเชิงเทรา,13.69,101.07,28.0,31.6,24.9,1.8,12.8
2022-03-11,ฉะเชิงเทรา,13.69,101.07,28.5,33.6,25.2,1.5,12.0
2022-03-12,ฉะเชิงเทรา,13.69,101.07,29.2,34.7,24.5,0.1,14.3
2022-03-13,ฉะเชิงเทรา,13.69,101.07,29.1,34.6,24.9,0.2,14.7
2022-03-14,ฉะเชิงเทรา,13.69,101.07,29.3,34.5,25.8,0.1,18.4
2022-03-15,ฉะเชิงเทรา,13.69,101.07,29.1,34.0,24.6,0.2,15.3
2022-03-16,ฉะเชิงเทรา,13.69,101.07,29.1,33.2,26.1,1.9,15.6
2022-03-17,ฉะเชิงเทรา,13.69,101.07,29.0,33.9,25.1,4.6,12.9
2022-03-18,ฉะเชิงเทรา,13.69,101.07,27.8,32.5,24.7,5.8,16.2
2022-03-19,ฉะเชิงเทรา,13.69,101.07,28.3,33.7,23.4,4.0,11.4
2022-03-20,ฉะเชิงเทรา,13.69,101.07,26.9,33.2,23.9,14.2,19.1
2022-03-21,ฉะเชิงเทรา,13.69,101.07,27.7,32.6,24.5,5.7,16.3
2022-03-22,ฉะเชิงเทรา,13.69,101.07,27.6,32.5,24.1,2.8,14.2
2022-03-23,ฉะเชิงเทรา,13.69,101.07,26.9,30.6,24.3,3.2,11.0
2022-03-24,ฉะเชิงเทรา,13.69,101.07,27.4,31.8,24.0,5.0,12.8
2022-03-25,ฉะเชิงเทรา,13.69,101.07,28.1,32.1,24.8,5.5,13.4
2022-03-26,ฉะเชิงเทรา,13.69,101.07,29.0,33.2,25.0,0.0,12.0
2022-03-27,ฉะเชิงเทรา,13.69,101.07,29.3,34.0,25.2,0.0,12.6
2022-03-28,ฉะเชิงเทรา,13.69,101.07,28.7,33.9,23.8,7.5,18.4
2022-03-29,ฉะเชิงเทรา,13.69,101.07,28.2,32.1,25.3,6.3,9.7
2022-03-30,ฉะเชิงเทรา,13.69,101.07,28.0,32.7,24.1,5.5,8.9
2022-03-31,ฉะเชิงเทรา,13.69,101.07,28.8,34.3,24.8,6.5,10.0
2022-04-01,ฉะเชิงเทรา,13.69,101.07,28.0,33.7,24.2,1.9,16.0
2022-04-02,ฉะเชิงเทรา,13.69,101.07,24.1,26.4,21.5,0.0,27.9
2022-04-03,ฉะเชิงเทรา,13.69,101.07,23.0,27.5,19.5,0.2,20.3
2022-04-04,ฉะเชิงเทรา,13.69,101.07,26.2,31.9,21.0,0.0,15.8
2022-04-05,ฉะเชิงเทรา,13.69,101.07,27.7,33.0,23.1,0.0,12.5
2022-04-06,ฉะเชิงเทรา,13.69,101.07,29.8,35.4,23.8,0.0,16.6
2022-04-07,ฉะเชิงเทรา,13.69,101.07,29.6,34.9,25.1,0.0,17.3
2022-04-08,ฉะเชิงเทรา,13.69,101.07,29.0,34.4,24.5,0.0,18.7
2022-04-09,ฉะเชิงเทรา,13.69,101.07,29.4,35.6,23.3,0.0,10.5
2022-04-10,ฉะเชิงเทรา,13.69,101.07,29.3,35.2,24.0,0.5,14.4
2022-04-11,ฉะเชิงเทรา,13.69,101.07,29.6,34.3,25.4,1.0,13.5
2022-04-12,ฉะเชิงเทรา,13.69,101.07,29.8,34.1,26.1,0.1,14.5
2022-04-13,ฉะเชิงเทรา,13.69,101.07,30.1,34.6,26.3,1.4,18.4
2022-04-14,ฉะเชิงเทรา,13.69,101.07,30.7,36.8,25.8,0.2,12.1
2022-04-15,ฉะเชิงเทรา,13.69,101.07,31.0,36.7,25.9,0.0,13.7
2022-04-16,ฉะเชิงเทรา,13.69,101.07,30.8,36.7,26.1,0.4,15.5
2022-04-17,ฉะเชิงเทรา,13.69,101.07,29.6,35.3,26.7,6.7,13.3
2022-04-18,ฉะเชิงเทรา,13.69,101.07,27.5,30.5,25.5,30.5,15.3
2022-04-19,ฉะเชิงเทรา,13.69,101.07,27.3,31.9,24.6,10.9,8.0
2022-04-20,ฉะเชิงเทรา,13.69,101.07,28.6,33.3,24.1,0.0,9.6
2022-04-21,ฉะเชิงเทรา,13.69,101.07,28.4,32.0,25.3,5.8,9.3
2022-04-22,ฉะเชิงเทรา,13.69,101.07,28.6,32.7,25.0,2.3,14.0
2022-04-23,ฉะเชิงเทรา,13.69,101.07,29.3,33.6,25.0,0.9,13.8
2022-04-24,ฉะเชิงเทรา,13.69,101.07,29.7,34.3,25.5,0.0,14.6
2022-04-25,ฉะเชิงเทรา,13.69,101.07,30.0,34.8,26.2,0.6,14.2
2022-04-26,ฉะเชิงเทรา,13.69,101.07,30.1,33.6,26.6,2.2,15.5
2022-04-27,ฉะเชิงเทรา,13.69,101.07,30.8,34.7,27.0,1.3,9.4
2022-04-28,ฉะเชิงเทรา,13.69,101.07,29.8,35.1,26.2,27.0,17.6
2022-04-29,ฉะเชิงเทรา,13.69,101.07,28.8,33.1,24.6,0.7,6.8
2022-04-30,ฉะเชิงเทรา,13.69,101.07,28.9,33.7,25.8,2.2,10.8
2022-05-01,ฉะเชิงเทรา,13.69,101.07,27.7,33.0,24.5,8.4,11.6
2022-05-02,ฉะเชิงเทรา,13.69,101.07,25.9,29.6,23.8,31.4,21.7
2022-05-03,ฉะเชิงเทรา,13.69,101.07,24.2,27.1,22.5,0.0,18.7
2022-05-04,ฉะเชิงเทรา,13.69,101.07,24.6,29.1,21.8,0.1,13.5
2022-05-05,ฉะเชิงเทรา,13.69,101.07,26.5,32.0,22.2,0.9,11.0
2022-05-06,ฉะเชิงเทรา,13.69,101.07,27.0,32.6,24.5,10.6,13.3
2022-05-07,ฉะเชิงเทรา,13.69,101.07,27.4,33.1,24.6,6.9,15.2
2022-05-08,ฉะเชิงเทรา,13.69,101.07,27.4,32.4,23.7,6.0,15.2
2022-05-09,ฉะเชิงเทรา,13.69,101.07,27.3,32.8,24.1,16.3,16.8
2022-05-10,ฉะเชิงเทรา,13.69,101.07,27.3,31.9,24.4,12.2,15.1
2022-05-11,ฉะเชิงเทรา,13.69,101.07,27.1,30.5,25.5,19.3,11.6
2022-05-12,ฉะเชิงเทรา,13.69,101.07,28.3,31.9,25.2,5.0,17.8
2022-05-13,ฉะเชิงเทรา,13.69,101.07,29.2,33.0,25.7,0.9,14.0
2022-05-14,ฉะเชิงเทรา,13.69,101.07,29.6,32.8,27.0,3.0,11.6
2022-05-15,ฉะเชิงเทรา,13.69,101.07,29.0,30.8,26.8,9.5,9.7
2022-05-16,ฉะเชิงเทรา,13.69,101.07,28.7,33.4,25.3,7.8,13.0
2022-05-17,ฉะเชิงเทรา,13.69,101.07,26.9,31.3,23.9,17.2,13.7
2022-05-18,ฉะเชิงเทรา,13.69,101.07,26.8,31.1,24.2,7.1,9.9
2022-05-19,ฉะเชิงเทรา,13.69,101.07,27.2,31.1,24.5,25.1,17.9
2022-05-20,ฉะเชิงเทรา,13.69,101.07,27.9,31.4,25.1,11.0,27.5
2022-05-21,ฉะเชิงเทรา,13.69,101.07,27.9,30.4,26.2,6.0,25.8
2022-05-22,ฉะเชิงเทรา,13.69,101.07,26.9,28.8,25.4,6.0,22.0
2022-05-23,ฉะเชิงเทรา,13.69,101.07,28.1,31.3,25.1,2.6,18.6
2022-05-24,ฉะเชิงเทรา,13.69,101.07,28.2,31.3,25.9,15.8,21.1
2022-05-25,ฉะเชิงเทรา,13.69,101.07,28.1,32.1,24.7,5.5,18.0
2022-05-26,ฉะเชิงเทรา,13.69,101.07,27.9,30.9,25.0,2.2,14.8
2022-05-27,ฉะเชิงเทรา,13.69,101.07,28.2,31.7,26.7,18.4,14.8
2022-05-28,ฉะเชิงเทรา,13.69,101.07,28.0,31.9,25.6,5.6,19.4
2022-05-29,ฉะเชิงเทรา,13.69,101.07,28.6,32.2,25.5,3.6,16.7
2022-05-30,ฉะเชิงเทรา,13.69,101.07,28.6,32.0,25.1,3.9,14.9
2022-05-31,ฉะเชิงเทรา,13.69,101.07,28.5,32.7,26.0,7.6,12.4
2022-06-01,ฉะเชิงเทรา,13.69,101.07,28.5,32.4,25.2,4.9,12.8
2022-06-02,ฉะเชิงเทรา,13.69,101.07,28.9,32.5,25.5,0.4,16.1
2022-06-03,ฉะเชิงเทรา,13.69,101.07,28.4,32.2,25.4,0.7,17.6
2022-06-04,ฉะเชิงเทรา,13.69,101.07,28.1,30.3,26.3,0.7,19.9
2022-06-05,ฉะเชิงเทรา,13.69,101.07,28.2,31.7,25.5,3.8,14.1
2022-06-06,ฉะเชิงเทรา,13.69,101.07,28.4,32.0,25.1,0.4,14.7
2022-06-07,ฉะเชิงเทรา,13.69,101.07,28.3,31.4,25.2,1.7,15.9
2022-06-08,ฉะเชิงเทรา,13.69,101.07,28.4,31.9,25.3,0.2,15.1
2022-06-09,ฉะเชิงเทรา,13.69,101.07,28.8,32.5,25.4,0.0,16.8
2022-06-10,ฉะเชิงเทรา,13.69,101.07,28.8,32.7,26.0,0.2,15.1
2022-06-11,ฉะเชิงเทรา,13.69,101.07,29.1,33.6,25.6,2.8,11.3
2022-06-12,ฉะเชิงเทรา,13.69,101.07,29.7,33.8,26.3,0.0,11.0
2022-06-13,ฉะเชิงเทรา,13.69,101.07,28.8,33.4,24.6,9.6,12.8
2022-06-14,ฉะเชิงเทรา,13.69,101.07,28.8,32.6,26.2,6.5,15.8
2022-06-15,ฉะเชิงเทรา,13.69,101.07,28.7,31.5,26.0,7.3,15.5
2022-06-16,ฉะเชิงเทรา,13.69,101.07,28.4,31.6,25.2,5.5,12.2
2022-06-17,ฉะเชิงเทรา,13.69,101.07,29.3,33.4,26.0,0.5,10.2
2022-06-18,ฉะเชิงเทรา,13.69,101.07,29.3,33.4,25.6,10.3,12.3
2022-06-19,ฉะเชิงเทรา,13.69,101.07,29.9,34.7,26.3,5.3,14.3
2022-06-20,ฉะเชิงเทรา,13.69,101.07,29.7,34.6,25.7,0.7,14.6
2022-06-21,ฉะเชิงเทรา,13.69,101.07,29.0,33.4,25.6,8.0,14.0
2022-06-22,ฉะเชิงเทรา,13.69,101.07,28.3,32.1,25.7,12.4,10.3
2022-06-23,ฉะเชิงเทรา,13.69,101.07,28.0,31.6,25.0,7.6,8.7
2022-06-24,ฉะเชิงเทรา,13.69,101.07,28.0,31.0,25.4,2.2,10.0
2022-06-25,ฉะเชิงเทรา,13.69,101.07,27.4,31.7,24.6,7.4,10.8
2022-06-26,ฉะเชิงเทรา,13.69,101.07,27.3,31.0,24.8,15.1,14.0
2022-06-27,ฉะเชิงเทรา,13.69,101.07,27.4,31.1,25.1,10.2,17.1
2022-06-28,ฉะเชิงเทรา,13.69,101.07,28.0,32.6,24.6,5.5,10.7
2022-06-29,ฉะเชิงเทรา,13.69,101.07,29.0,33.1,25.4,1.0,17.8
2022-06-30,ฉะเชิงเทรา,13.69,101.07,28.8,33.2,26.1,7.8,19.2
2022-07-01,ฉะเชิงเทรา,13.69,101.07,28.8,31.9,26.5,3.8,15.4
2022-07-02,ฉะเชิงเทรา,13.69,101.07,27.9,30.3,25.6,13.6,17.4
2022-07-03,ฉะเชิงเทรา,13.69,101.07,28.3,31.0,26.2,2.1,17.3
2022-07-04,ฉะเชิงเทรา,13.69,101.07,28.0,31.3,26.1,5.5,18.4
2022-07-05,ฉะเชิงเทรา,13.69,101.07,28.4,31.6,26.1,1.7,19.1
2022-07-06,ฉะเชิงเทรา,13.69,101.07,28.9,32.7,25.9,0.7,15.8
2022-07-07,ฉะเชิงเทรา,13.69,101.07,28.8,32.0,26.2,4.9,14.9
2022-07-08,ฉะเชิงเทรา,13.69,101.07,28.2,31.8,26.0,5.8,18.3
2022-07-09,ฉะเชิงเทรา,13.69,101.07,27.2,31.2,25.8,12.0,21.6
2022-07-10,ฉะเชิงเทรา,13.69,101.07,27.1,29.5,25.3,1.9,16.9
2022-07-11,ฉะเชิงเทรา,13.69,101.07,27.0,30.1,25.2,12.3,13.2
2022-07-12,ฉะเชิงเทรา,13.69,101.07,26.2,28.7,24.8,17.0,15.3
2022-07-13,ฉะเชิงเทรา,13.69,101.07,25.4,26.6,23.9,8.8,14.6
2022-07-14,ฉะเชิงเทรา,13.69,101.07,27.5,32.3,24.6,7.4,17.6
2022-07-15,ฉะเชิงเทรา,13.69,101.07,27.3,30.3,24.7,15.5,14.5
2022-07-16,ฉะเชิงเทรา,13.69,101.07,27.3,31.6,24.1,32.0,13.2
2022-07-17,ฉะเชิงเทรา,13.69,101.07,27.7,31.2,24.8,5.5,13.9
2022-07-18,ฉะเชิงเทรา,13.69,101.07,28.9,33.1,25.6,1.1,15.2
2022-07-19,ฉะเชิงเทรา,13.69,101.07,29.2,33.2,26.2,3.6,15.8
2022-07-20,ฉะเชิงเทรา,13.69,101.07,27.8,31.8,25.2,28.2,15.5
2022-07-21,ฉะเชิงเทรา,13.69,101.07,25.7,28.9,24.3,40.0,18.7
2022-07-22,ฉะเชิงเทรา,13.69,101.07,26.9,29.9,23.9,9.6,15.1
2022-07-23,ฉะเชิงเทรา,13.69,101.07,27.2,31.3,24.7,3.8,12.5
2022-07-24,ฉะเชิงเทรา,13.69,101.07,27.1,31.7,24.0,11.1,7.4
2022-07-25,ฉะเชิงเทรา,13.69,101.07,27.9,32.5,24.2,4.3,7.7
2022-07-26,ฉะเชิงเทรา,13.69,101.07,28.4,32.4,25.4,3.5,7.7
2022-07-27,ฉะเชิงเทรา,13.69,101.07,28.4,32.2,25.1,0.4,12.5
2022-07-28,ฉะเชิงเทรา,13.69,101.07,27.6,31.4,25.1,8.8,13.7
2022-07-29,ฉะเชิงเทรา,13.69,101.07,28.6,32.1,25.0,0.3,11.8
2022-07-30,ฉะเชิงเทรา,13.69,101.07,28.8,32.6,25.4,3.4,11.0
2022-07-31,ฉะเชิงเทรา,13.69,101.07,27.9,32.0,25.7,27.2,13.2
2022-08-01,ฉะเชิงเทรา,13.69,101.07,26.4,29.7,24.5,31.9,16.3
2022-08-02,ฉะเชิงเทรา,13.69,101.07,26.4,29.3,24.1,16.0,17.0
2022-08-03,ฉะเชิงเทรา,13.69,101.07,26.8,30.3,24.3,2.8,18.7
2022-08-04,ฉะเชิงเทรา,13.69,101.07,27.7,32.2,25.5,11.8,15.7
2022-08-05,ฉะเชิงเทรา,13.69,101.07,27.2,29.5,25.3,5.2,18.1
2022-08-06,ฉะเชิงเทรา,13.69,101.07,27.9,30.6,25.9,1.2,17.8
2022-08-07,ฉะเชิงเทรา,13.69,101.07,27.2,29.8,25.3,12.2,18.4
2022-08-08,ฉะเชิงเทรา,13.69,101.07,25.9,27.8,24.5,21.1,13.0
2022-08-09,ฉะเชิงเทรา,13.69,101.07,26.2,28.6,24.0,8.8,13.7
2022-08-10,ฉะเชิงเทรา,13.69,101.07,27.1,30.3,24.1,2.9,14.3
2022-08-11,ฉะเชิงเทรา,13.69,101.07,27.0,30.6,25.9,21.7,18.7
2022-08-12,ฉะเชิงเทรา,13.69,101.07,26.9,30.2,24.6,10.7,17.1
2022-08-13,ฉะเชิงเทรา,13.69,101.07,27.5,31.4,24.1,0.5,15.3
2022-08-14,ฉะเชิงเทรา,13.69,101.07,28.3,31.9,25.2,0.1,14.3
2022-08-15,ฉะเชิงเทรา,13.69,101.07,27.7,32.2,25.9,36.6,15.0
2022-08-16,ฉะเชิงเทรา,13.69,101.07,26.5,29.2,24.5,15.9,16.9
2022-08-17,ฉะเชิงเทรา,13.69,101.07,27.4,30.8,24.7,8.6,18.6
2022-08-18,ฉะเชิงเทรา,13.69,101.07,27.8,30.4,24.9,2.2,15.8
2022-08-19,ฉะเชิงเทรา,13.69,101.07,28.1,32.1,25.9,5.9,16.9
2022-08-20,ฉะเชิงเทรา,13.69,101.07,27.0,30.2,25.3,9.4,15.1
2022-08-21,ฉะเชิงเทรา,13.69,101.07,27.5,31.2,25.3,14.0,15.3
2022-08-22,ฉะเชิงเทรา,13.69,101.07,28.0,31.6,25.1,2.3,16.1
2022-08-23,ฉะเชิงเทรา,13.69,101.07,28.5,32.7,24.7,0.6,11.4
2022-08-24,ฉะเชิงเทรา,13.69,101.07,29.1,33.4,25.8,2.3,10.7
2022-08-25,ฉะเชิงเทรา,13.69,101.07,27.4,29.6,25.7,8.4,11.9
2022-08-26,ฉะเชิงเทรา,13.69,101.07,26.0,29.8,24.4,25.6,19.9
2022-08-27,ฉะเชิงเทรา,13.69,101.07,26.9,30.6,23.8,1.4,13.8
2022-08-28,ฉะเชิงเทรา,13.69,101.07,27.6,32.2,24.1,2.0,11.8
2022-08-29,ฉะเชิงเทรา,13.69,101.07,26.8,31.3,24.0,32.3,12.3
2022-08-30,ฉะเชิงเทรา,13.69,101.07,27.2,31.9,23.5,1.2,9.9
2022-08-31,ฉะเชิงเทรา,13.69,101.07,27.7,32.5,24.7,0.5,8.2
2022-09-01,ฉะเชิงเทรา,13.69,101.07,27.9,32.0,24.4,9.3,10.8
2022-09-02,ฉะเชิงเทรา,13.69,101.07,28.4,32.5,24.4,2.4,7.2
2022-09-03,ฉะเชิงเทรา,13.69,101.07,28.1,32.1,25.3,10.0,12.9
2022-09-04,ฉะเชิงเทรา,13.69,101.07,28.3,31.7,25.1,9.4,13.3
2022-09-05,ฉะเชิงเทรา,13.69,101.07,27.0,30.3,24.5,6.2,14.7
2022-09-06,ฉะเชิงเทรา,13.69,101.07,27.1,31.4,24.6,12.3,13.4
2022-09-07,ฉะเชิงเทรา,13.69,101.07,25.5,28.2,23.8,43.1,11.1
2022-09-08,ฉะเชิงเทรา,13.69,101.07,24.8,26.9,23.3,49.8,11.9
2022-09-09,ฉะเชิงเทรา,13.69,101.07,26.9,30.7,23.9,2.3,11.6
2022-09-10,ฉะเชิงเทรา,13.69,101.07,26.9,31.7,23.1,17.9,12.1
2022-09-11,ฉะเชิงเทรา,13.69,101.07,27.4,31.4,24.9,7.9,10.7
2022-09-12,ฉะเชิงเทรา,13.69,101.07,26.6,31.6,24.1,17.7,8.9
2022-09-13,ฉะเชิงเทรา,13.69,101.07,26.7,32.1,23.8,13.0,15.6
2022-09-14,ฉะเชิงเทรา,13.69,101.07,26.9,31.4,23.4,17.5,12.6
2022-09-15,ฉะเชิงเทรา,13.69,101.07,27.5,31.7,24.5,10.3,16.5
2022-09-16,ฉะเชิงเทรา,13.69,101.07,27.5,31.5,24.7,26.9,15.6
2022-09-17,ฉะเชิงเทรา,13.69,101.07,27.3,31.3,23.7,18.1,14.5
2022-09-18,ฉะเชิงเทรา,13.69,101.07,26.4,27.4,25.1,23.1,14.5
2022-09-19,ฉะเชิงเทรา,13.69,101.07,26.9,30.8,25.0,7.8,17.5
2022-09-20,ฉะเชิงเทรา,13.69,101.07,26.5,30.3,23.9,13.2,16.9
2022-09-21,ฉะเชิงเทรา,13.69,101.07,26.9,31.1,23.8,6.2,10.2
2022-09-22,ฉะเชิงเทรา,13.69,101.07,26.3,30.4,23.8,23.8,9.6
2022-09-23,ฉะเชิงเทรา,13.69,101.07,26.1,30.1,24.0,14.7,8.4
2022-09-24,ฉะเชิงเทรา,13.69,101.07,25.8,30.1,23.4,18.9,8.9
2022-09-25,ฉะเชิงเทรา,13.69,101.07,25.7,28.8,23.4,25.0,6.5
2022-09-26,ฉะเชิงเทรา,13.69,101.07,25.7,29.4,23.5,19.1,8.9
2022-09-27,ฉะเชิงเทรา,13.69,101.07,25.5,27.5,23.9,34.3,10.0
2022-09-28,ฉะเชิงเทรา,13.69,101.07,26.5,29.8,23.9,3.4,16.3
2022-09-29,ฉะเชิงเทรา,13.69,101.07,25.7,28.7,24.3,25.9,15.9
2022-09-30,ฉะเชิงเทรา,13.69,101.07,26.8,29.9,25.0,6.9,22.7
2022-10-01,ฉะเชิงเทรา,13.69,101.07,26.9,30.0,24.2,8.6,17.4
2022-10-02,ฉะเชิงเทรา,13.69,101.07,26.8,30.8,23.8,14.7,9.5
2022-10-03,ฉะเชิงเทรา,13.69,101.07,25.5,29.3,23.9,17.2,11.8
2022-10-04,ฉะเชิงเทรา,13.69,101.07,26.3,29.7,23.3,7.5,15.1
2022-10-05,ฉะเชิงเทรา,13.69,101.07,26.7,31.0,23.4,20.3,14.1
2022-10-06,ฉะเชิงเทรา,13.69,101.07,26.1,30.9,23.7,19.2,14.5
2022-10-07,ฉะเชิงเทรา,13.69,101.07,26.4,31.4,23.7,12.4,14.6
2022-10-08,ฉะเชิงเทรา,13.69,101.07,26.6,30.9,23.8,9.8,8.6
2022-10-09,ฉะเชิงเทรา,13.69,101.07,26.2,31.1,23.4,25.6,12.2
2022-10-10,ฉะเชิงเทรา,13.69,101.07,25.5,29.6,23.3,9.1,13.3
2022-10-11,ฉะเชิงเทรา,13.69,101.07,25.7,28.9,23.2,6.7,15.4
2022-10-12,ฉะเชิงเทรา,13.69,101.07,27.0,31.6,22.7,1.2,9.8
2022-10-13,ฉะเชิงเทรา,13.69,101.07,27.0,31.2,22.4,0.0,15.0
2022-10-14,ฉะเชิงเทรา,13.69,101.07,26.2,30.7,22.4,0.2,11.4
2022-10-15,ฉะเชิงเทรา,13.69,101.07,24.5,28.7,21.2,0.0,16.4
2022-10-16,ฉะเชิงเทรา,13.69,101.07,23.2,25.4,21.2,0.2,10.7
2022-10-17,ฉะเชิงเทรา,13.69,101.07,25.7,30.1,22.1,0.2,14.8
2022-10-18,ฉะเชิงเทรา,13.69,101.07,26.2,30.8,22.2,0.0,18.0
2022-10-19,ฉะเชิงเทรา,13.69,101.07,26.2,30.6,22.4,0.0,15.6
2022-10-20,ฉะเชิงเทรา,13.69,101.07,25.8,29.7,22.3,0.0,15.8
2022-10-21,ฉะเชิงเทรา,13.69,101.07,26.6,29.9,23.5,0.7,15.0
2022-10-22,ฉะเชิงเทรา,13.69,101.07,26.9,32.5,23.4,10.2,13.8
2022-10-23,ฉะเชิงเทรา,13.69,101.07,27.7,32.5,23.4,0.1,12.8
2022-10-24,ฉะเชิงเทรา,13.69,101.07,28.7,33.3,24.3,0.2,11.6
2022-10-25,ฉะเชิงเทรา,13.69,101.07,29.1,33.9,24.4,0.0,16.1
2022-10-26,ฉะเชิงเทรา,13.69,101.07,28.4,32.4,26.4,5.3,13.9
2022-10-27,ฉะเชิงเทรา,13.69,101.07,26.9,29.4,24.4,4.2,14.4
2022-10-28,ฉะเชิงเทรา,13.69,101.07,28.5,33.1,24.0,0.7,17.7
2022-10-29,ฉะเชิงเทรา,13.69,101.07,28.1,32.5,24.4,0.0,16.2
2022-10-30,ฉะเชิงเทรา,13.69,101.07,28.3,33.0,23.7,0.0,18.2
2022-10-31,ฉะเชิงเทรา,13.69,101.07,28.6,33.2,23.9,0.0,18.4
2022-11-01,ฉะเชิงเทรา,13.69,101.07,26.9,31.8,22.6,0.0,15.6
2022-11-02,ฉะเชิงเทรา,13.69,101.07,26.0,31.9,20.2,0.0,13.1
2022-11-03,ฉะเชิงเทรา,13.69,101.07,26.0,32.6,19.4,0.0,12.2
2022-11-04,ฉะเชิงเทรา,13.69,101.07,25.9,32.3,19.6,0.0,18.6
2022-11-05,ฉะเชิงเทรา,13.69,101.07,26.6,32.5,21.4,0.3,17.5
2022-11-06,ฉะเชิงเทรา,13.69,101.07,27.6,33.4,24.8,2.9,15.3
2022-11-07,ฉะเชิงเทรา,13.69,101.07,28.1,33.0,23.4,0.5,13.3
2022-11-08,ฉะเชิงเทรา,13.69,101.07,28.5,33.8,24.4,0.0,15.9
2022-11-09,ฉะเชิงเทรา,13.69,101.07,28.1,33.7,23.6,0.0,16.9
2022-11-10,ฉะเชิงเทรา,13.69,101.07,28.2,34.5,22.7,0.0,17.2
2022-11-11,ฉะเชิงเทรา,13.69,101.07,28.7,34.1,23.7,0.3,10.5
2022-11-12,ฉะเชิงเทรา,13.69,101.07,29.2,33.9,24.4,0.0,9.1
2022-11-13,ฉะเชิงเทรา,13.69,101.07,28.5,34.1,25.8,7.4,13.8
2022-11-14,ฉะเชิงเทรา,13.69,101.07,26.7,31.9,24.4,18.1,15.1
2022-11-15,ฉะเชิงเทรา,13.69,101.07,27.5,32.6,23.0,0.2,12.0
2022-11-16,ฉะเชิงเทรา,13.69,101.07,27.0,32.9,23.7,13.2,11.3
2022-11-17,ฉะเชิงเทรา,13.69,101.07,26.6,32.7,23.8,6.7,16.0
2022-11-18,ฉะเชิงเทรา,13.69,101.07,27.0,32.2,23.8,3.8,9.8
2022-11-19,ฉะเชิงเทรา,13.69,101.07,27.5,32.5,23.7,2.5,12.1
2022-11-20,ฉะเชิงเทรา,13.69,101.07,26.2,31.2,23.4,7.7,14.0
2022-11-21,ฉะเชิงเทรา,13.69,101.07,27.6,31.4,24.0,0.1,12.0
2022-11-22,ฉะเชิงเทรา,13.69,101.07,28.8,33.4,24.7,0.0,11.6
2022-11-23,ฉะเชิงเทรา,13.69,101.07,27.3,31.3,25.3,9.3,12.4
2022-11-24,ฉะเชิงเทรา,13.69,101.07,25.5,28.9,23.6,27.4,16.0
2022-11-25,ฉะเชิงเทรา,13.69,101.07,26.0,30.7,23.5,10.6,13.7
2022-11-26,ฉะเชิงเทรา,13.69,101.07,26.0,30.3,23.3,14.9,13.0
2022-11-27,ฉะเชิงเทรา,13.69,101.07,26.1,28.5,23.8,5.1,6.4
2022-11-28,ฉะเชิงเทรา,13.69,101.07,26.7,31.1,23.4,3.0,10.8
2022-11-29,ฉะเชิงเทรา,13.69,101.07,27.0,31.5,24.1,3.9,6.1
2022-11-30,ฉะเชิงเทรา,13.69,101.07,26.8,31.8,24.0,12.9,13.7
2022-12-01,ฉะเชิงเทรา,13.69,101.07,27.1,31.8,23.1,0.7,13.3
2022-12-02,ฉะเชิงเทรา,13.69,101.07,27.6,31.2,23.4,0.2,17.2
2022-12-03,ฉะเชิงเทรา,13.69,101.07,27.2,31.6,23.8,0.0,15.4
2022-12-04,ฉะเชิงเทรา,13.69,101.07,27.3,31.0,25.2,0.0,17.2
2022-12-05,ฉะเชิงเทรา,13.69,101.07,27.7,31.7,24.7,0.1,18.3
2022-12-06,ฉะเชิงเทรา,13.69,101.07,27.6,31.9,24.1,0.0,17.3
2022-12-07,ฉะเชิงเทรา,13.69,101.07,27.6,32.0,24.4,0.1,15.5
2022-12-08,ฉะเชิงเทรา,13.69,101.07,27.8,33.1,24.3,0.2,13.5
2022-12-09,ฉะเชิงเทรา,13.69,101.07,28.0,33.1,24.3,0.0,12.7
2022-12-10,ฉะเชิงเทรา,13.69,101.07,28.1,33.5,23.7,0.0,12.5
2022-12-11,ฉะเชิงเทรา,13.69,101.07,27.6,33.1,22.8,0.0,12.4
2022-12-12,ฉะเชิงเทรา,13.69,101.07,26.8,32.5,21.4,0.0,18.8
2022-12-13,ฉะเชิงเทรา,13.69,101.07,25.0,29.4,21.6,0.0,23.9
2022-12-14,ฉะเชิงเทรา,13.69,101.07,24.0,28.8,20.2,0.0,21.7
2022-12-15,ฉะเชิงเทรา,13.69,101.07,24.6,30.4,19.9,0.0,15.3
2022-12-16,ฉะเชิงเทรา,13.69,101.07,25.9,32.3,20.0,0.0,12.4
2022-12-17,ฉะเชิงเทรา,13.69,101.07,26.7,31.5,22.9,0.0,25.1
2022-12-18,ฉะเชิงเทรา,13.69,101.07,22.6,27.1,18.8,0.0,29.7
2022-12-19,ฉะเชิงเทรา,13.69,101.07,22.6,28.3,17.8,0.0,19.5
2022-12-20,ฉะเชิงเทรา,13.69,101.07,24.1,30.7,18.2,0.0,12.3
2022-12-21,ฉะเชิงเทรา,13.69,101.07,25.3,31.8,18.8,0.0,14.2
2022-12-22,ฉะเชิงเทรา,13.69,101.07,26.3,32.1,21.4,0.0,13.1
2022-12-23,ฉะเชิงเทรา,13.69,101.07,26.0,32.4,20.8,0.0,12.7
2022-12-24,ฉะเชิงเทรา,13.69,101.07,25.0,30.6,20.5,0.0,18.9
2022-12-25,ฉะเชิงเทรา,13.69,101.07,24.8,30.3,20.1,0.0,16.2
2022-12-26,ฉะเชิงเทรา,13.69,101.07,24.6,30.9,19.2,0.0,13.2
2022-12-27,ฉะเชิงเทรา,13.69,101.07,24.7,30.8,19.1,0.0,10.9
2022-12-28,ฉะเชิงเทรา,13.69,101.07,25.5,31.9,18.8,0.0,10.2
2022-12-29,ฉะเชิงเทรา,13.69,101.07,26.1,31.6,20.5,0.0,13.6
2022-12-30,ฉะเชิงเทรา,13.69,101.07,25.4,30.1,21.7,0.0,19.8
2022-12-31,ฉะเชิงเทรา,13.69,101.07,25.2,30.3,20.9,0.0,16.6
2023-01-01,ฉะเชิงเทรา,13.69,101.07,24.6,30.3,19.4,0.0,19.1
2023-01-02,ฉะเชิงเทรา,13.69,101.07,25.0,29.0,21.5,0.0,15.5
2023-01-03,ฉะเชิงเทรา,13.69,101.07,26.6,32.0,22.1,0.0,16.6
2023-01-04,ฉะเชิงเทรา,13.69,101.07,27.7,33.2,23.8,0.0,17.6
2023-01-05,ฉะเชิงเทรา,13.69,101.07,27.1,32.1,22.7,0.0,19.8
2023-01-06,ฉะเชิงเทรา,13.69,101.07,27.0,32.1,23.1,0.0,25.0
2023-01-07,ฉะเชิงเทรา,13.69,101.07,24.8,28.0,21.3,0.0,22.0
2023-01-08,ฉะเชิงเทรา,13.69,101.07,25.2,28.1,22.8,0.0,9.8
2023-01-09,ฉะเชิงเทรา,13.69,101.07,27.2,31.7,22.3,0.0,15.4
2023-01-10,ฉะเชิงเทรา,13.69,101.07,27.2,31.9,24.1,2.6,15.8
2023-01-11,ฉะเชิงเทรา,13.69,101.07,25.6,30.6,23.1,1.4,14.3
2023-01-12,ฉะเชิงเทรา,13.69,101.07,26.4,32.1,22.3,0.2,9.9
2023-01-13,ฉะเชิงเทรา,13.69,101.07,26.7,32.8,22.5,0.2,15.2
2023-01-14,ฉะเชิงเทรา,13.69,101.07,26.9,33.8,22.8,0.0,17.1
2023-01-15,ฉะเชิงเทรา,13.69,101.07,27.3,34.1,23.2,0.0,12.3
2023-01-16,ฉะเชิงเทรา,13.69,101.07,27.3,34.6,21.6,0.0,14.8
2023-01-17,ฉะเชิงเทรา,13.69,101.07,27.9,33.3,23.3,0.1,19.1
2023-01-18,ฉะเชิงเทรา,13.69,101.07,26.9,32.4,22.1,0.0,22.3
2023-01-19,ฉะเชิงเทรา,13.69,101.07,26.3,31.8,21.5,0.0,16.7
2023-01-20,ฉะเชิงเทรา,13.69,101.07,26.1,31.6,21.8,0.0,18.9
2023-01-21,ฉะเชิงเทรา,13.69,101.07,26.6,33.0,22.0,0.0,15.5
2023-01-22,ฉะเชิงเทรา,13.69,101.07,26.1,33.0,18.7,0.0,10.7
2023-01-23,ฉะเชิงเทรา,13.69,101.07,27.1,34.4,19.8,0.0,8.8
2023-01-24,ฉะเชิงเทรา,13.69,101.07,27.9,33.5,22.4,0.0,25.4
2023-01-25,ฉะเชิงเทรา,13.69,101.07,24.4,29.8,19.4,0.0,23.7
2023-01-26,ฉะเชิงเทรา,13.69,101.07,25.6,31.6,19.9,0.0,9.9
2023-01-27,ฉะเชิงเทรา,13.69,101.07,26.8,32.6,20.5,0.0,17.6
2023-01-28,ฉะเชิงเทรา,13.69,101.07,24.9,29.7,19.6,0.0,23.2
2023-01-29,ฉะเชิงเทรา,13.69,101.07,23.2,28.3,18.5,0.0,25.0
2023-01-30,ฉะเชิงเทรา,13.69,101.07,23.3,29.0,17.6,0.0,17.2
2023-01-31,ฉะเชิงเทรา,13.69,101.07,25.0,31.3,19.1,0.0,11.2
2023-02-01,ฉะเชิงเทรา,13.69,101.07,26.7,34.2,20.2,0.0,8.5
2023-02-02,ฉะเชิงเทรา,13.69,101.07,28.1,34.8,21.3,0.0,16.3
2023-02-03,ฉะเชิงเทรา,13.69,101.07,27.0,31.7,24.5,10.8,15.0
2023-02-04,ฉะเชิงเทรา,13.69,101.07,27.7,33.7,23.9,9.1,13.4
2023-02-05,ฉะเชิงเทรา,13.69,101.07,27.5,34.0,23.6,2.8,16.8
2023-02-06,ฉะเชิงเทรา,13.69,101.07,28.1,34.2,24.6,0.3,13.6
2023-02-07,ฉะเชิงเทรา,13.69,101.07,27.8,32.2,24.1,0.7,13.8
2023-02-08,ฉะเชิงเทรา,13.69,101.07,28.5,34.8,23.8,0.0,13.8
2023-02-09,ฉะเชิงเทรา,13.69,101.07,28.1,32.8,24.8,0.2,14.1
2023-02-10,ฉะเชิงเทรา,13.69,101.07,28.2,33.2,24.6,0.5,15.3
2023-02-11,ฉะเชิงเทรา,13.69,101.07,28.7,34.3,24.2,0.0,16.3
2023-02-12,ฉะเชิงเทรา,13.69,101.07,28.6,33.9,24.7,0.2,14.0
2023-02-13,ฉะเชิงเทรา,13.69,101.07,28.6,34.2,24.2,0.1,15.3
2023-02-14,ฉะเชิงเทรา,13.69,101.07,28.8,35.1,24.3,0.5,16.7
2023-02-15,ฉะเชิงเทรา,13.69,101.07,26.0,31.6,23.5,25.0,20.2
2023-02-16,ฉะเชิงเทรา,13.69,101.07,26.7,31.5,22.9,0.0,22.6
2023-02-17,ฉะเชิงเทรา,13.69,101.07,26.3,30.2,23.8,0.0,16.8
2023-02-18,ฉะเชิงเทรา,13.69,101.07,26.8,32.7,21.7,0.0,11.9
2023-02-19,ฉะเชิงเทรา,13.69,101.07,28.4,35.0,22.8,0.0,11.6
2023-02-20,ฉะเชิงเทรา,13.69,101.07,28.1,33.6,23.6,0.0,15.2
2023-02-21,ฉะเชิงเทรา,13.69,101.07,27.9,34.3,23.0,0.0,15.9
2023-02-22,ฉะเชิงเทรา,13.69,101.07,27.4,33.8,21.5,0.0,19.3
2023-02-23,ฉะเชิงเทรา,13.69,101.07,27.5,34.2,21.4,0.0,13.2
2023-02-24,ฉะเชิงเทรา,13.69,101.07,28.4,35.5,21.3,0.0,13.8
2023-02-25,ฉะเชิงเทรา,13.69,101.07,27.7,33.3,22.8,0.0,25.2
2023-02-26,ฉะเชิงเทรา,13.69,101.07,26.1,31.3,21.2,0.0,24.8
2023-02-27,ฉะเชิงเทรา,13.69,101.07,25.8,32.1,20.7,0.0,18.9
2023-02-28,ฉะเชิงเทรา,13.69,101.07,27.3,33.9,20.8,0.0,16.2
2023-03-01,ฉะเชิงเทรา,13.69,101.07,28.2,35.0,21.5,0.0,15.0
2023-03-02,ฉะเชิงเทรา,13.69,101.07,29.1,34.8,23.6,0.0,17.0
2023-03-03,ฉะเชิงเทรา,13.69,101.07,29.0,34.6,24.3,0.0,19.7
2023-03-04,ฉะเชิงเทรา,13.69,101.07,27.5,33.3,22.6,0.0,21.7
2023-03-05,ฉะเชิงเทรา,13.69,101.07,27.7,33.4,22.7,0.0,17.4
2023-03-06,ฉะเชิงเทรา,13.69,101.07,28.0,34.1,22.4,0.0,16.8
2023-03-07,ฉะเชิงเทรา,13.69,101.07,28.2,34.6,21.8,0.0,13.8
2023-03-08,ฉะเชิงเทรา,13.69,101.07,28.5,35.6,21.8,0.0,10.6
2023-03-09,ฉะเชิงเทรา,13.69,101.07,28.6,36.1,22.8,0.0,18.1
2023-03-10,ฉะเชิงเทรา,13.69,101.07,29.1,35.6,23.6,0.1,13.7
2023-03-11,ฉะเชิงเทรา,13.69,101.07,29.0,36.2,24.3,0.2,20.7
2023-03-12,ฉะเชิงเทรา,13.69,101.07,28.4,33.1,25.1,2.6,19.2
2023-03-13,ฉะเชิงเทรา,13.69,101.07,28.8,34.5,23.3,1.4,19.2
2023-03-14,ฉะเชิงเทรา,13.69,101.07,28.5,33.9,24.7,0.0,16.6
2023-03-15,ฉะเชิงเทรา,13.69,101.07,28.1,34.7,23.5,0.0,18.9
2023-03-16,ฉะเชิงเทรา,13.69,101.07,28.2,33.1,23.8,1.1,16.3
2023-03-17,ฉะเชิงเทรา,13.69,101.07,28.6,34.4,24.0,0.3,17.6
2023-03-18,ฉะเชิงเทรา,13.69,101.07,28.8,34.7,24.9,0.0,17.6
2023-03-19,ฉะเชิงเทรา,13.69,101.07,28.9,33.9,25.5,0.7,19.2
2023-03-20,ฉะเชิงเทรา,13.69,101.07,29.4,34.7,25.2,0.1,16.1
2023-03-21,ฉะเชิงเทรา,13.69,101.07,29.8,35.3,25.1,0.0,15.8
2023-03-22,ฉะเชิงเทรา,13.69,101.07,29.5,35.0,25.0,0.4,16.4
2023-03-23,ฉะเชิงเทรา,13.69,101.07,29.8,35.1,25.5,0.0,17.7
2023-03-24,ฉะเชิงเทรา,13.69,101.07,29.9,35.9,25.2,0.0,16.3
2023-03-25,ฉะเชิงเทรา,13.69,101.07,30.0,36.2,25.3,0.0,17.1
2023-03-26,ฉะเชิงเทรา,13.69,101.07,30.0,35.3,25.5,0.0,16.3
2023-03-27,ฉะเชิงเทรา,13.69,101.07,29.8,36.0,24.9,1.2,17.0
2023-03-28,ฉะเชิงเทรา,13.69,101.07,29.3,35.8,25.7,6.4,18.8
2023-03-29,ฉะเชิงเทรา,13.69,101.07,29.3,34.4,25.4,0.9,14.5
2023-03-30,ฉะเชิงเทรา,13.69,101.07,29.2,34.4,24.7,1.6,14.1
2023-03-31,ฉะเชิงเทรา,13.69,101.07,30.0,35.4,26.1,1.5,16.0
2023-04-01,ฉะเชิงเทรา,13.69,101.07,29.7,35.0,26.3,0.3,17.7
2023-04-02,ฉะเชิงเทรา,13.69,101.07,29.8,34.1,26.1,2.5,16.7
2023-04-03,ฉะเชิงเทรา,13.69,101.07,30.1,35.4,25.8,0.3,14.2
2023-04-04,ฉะเชิงเทรา,13.69,101.07,30.6,36.2,25.8,0.0,15.3
2023-04-05,ฉะเชิงเทรา,13.69,101.07,31.1,36.9,26.5,0.0,15.8
2023-04-06,ฉะเชิงเทรา,13.69,101.07,30.9,36.8,25.6,0.9,13.4
2023-04-07,ฉะเชิงเทรา,13.69,101.07,29.8,35.8,26.9,5.4,13.2
2023-04-08,ฉะเชิงเทรา,13.69,101.07,29.9,37.8,25.8,2.7,19.6
2023-04-09,ฉะเชิงเทรา,13.69,101.07,30.4,37.5,25.5,3.7,19.1
2023-04-10,ฉะเชิงเทรา,13.69,101.07,31.1,36.5,26.7,0.0,15.9
2023-04-11,ฉะเชิงเทรา,13.69,101.07,30.9,35.2,27.2,1.5,15.6
2023-04-12,ฉะเชิงเทรา,13.69,101.07,31.5,37.2,27.0,0.0,17.1
2023-04-13,ฉะเชิงเทรา,13.69,101.07,31.5,36.9,27.5,0.1,14.9
2023-04-14,ฉะเชิงเทรา,13.69,101.07,31.5,36.1,27.4,0.5,15.6
2023-04-15,ฉะเชิงเทรา,13.69,101.07,31.5,36.7,26.7,2.4,16.4
2023-04-16,ฉะเชิงเทรา,13.69,101.07,29.8,33.9,27.8,6.8,14.8
2023-04-17,ฉะเชิงเทรา,13.69,101.07,30.1,34.0,26.1,0.8,13.0
2023-04-18,ฉะเชิงเทรา,13.69,101.07,30.2,34.3,26.2,0.5,16.8
2023-04-19,ฉะเชิงเทรา,13.69,101.07,30.7,34.9,27.3,0.1,14.3
2023-04-20,ฉะเชิงเทรา,13.69,101.07,31.1,36.0,28.0,0.0,13.8
2023-04-21,ฉะเชิงเทรา,13.69,101.07,30.9,36.2,26.9,0.0,12.6
2023-04-22,ฉะเชิงเทรา,13.69,101.07,30.9,36.6,26.2,0.5,14.4
2023-04-23,ฉะเชิงเทรา,13.69,101.07,30.3,35.6,27.0,10.8,15.8
2023-04-24,ฉะเชิงเทรา,13.69,101.07,30.5,36.8,26.7,1.5,10.1
2023-04-25,ฉะเชิงเทรา,13.69,101.07,30.4,36.7,26.0,17.8,15.6
2023-04-26,ฉะเชิงเทรา,13.69,101.07,27.2,29.8,25.5,25.5,17.2
2023-04-27,ฉะเชิงเทรา,13.69,101.07,29.0,35.0,25.4,3.2,11.9
2023-04-28,ฉะเชิงเทรา,13.69,101.07,29.9,34.7,26.0,0.3,15.2
2023-04-29,ฉะเชิงเทรา,13.69,101.07,30.1,34.1,26.8,1.1,14.0
2023-04-30,ฉะเชิงเทรา,13.69,101.07,28.7,32.4,26.2,1.8,14.5
2023-05-01,ฉะเชิงเทรา,13.69,101.07,29.1,34.3,25.3,1.6,13.5
2023-05-02,ฉะเชิงเทรา,13.69,101.07,29.5,35.0,25.9,2.9,17.1
2023-05-03,ฉะเชิงเทรา,13.69,101.07,30.4,34.2,26.9,0.0,12.1
2023-05-04,ฉะเชิงเทรา,13.69,101.07,30.7,34.9,27.1,0.1,16.1
2023-05-05,ฉะเชิงเทรา,13.69,101.07,31.5,36.1,27.5,1.3,14.8
2023-05-06,ฉะเชิงเทรา,13.69,101.07,32.7,38.1,28.3,0.0,13.9
2023-05-07,ฉะเชิงเทรา,13.69,101.07,32.9,37.7,29.0,0.1,14.8
2023-05-08,ฉะเชิงเทรา,13.69,101.07,31.4,37.7,29.0,11.2,15.8
2023-05-09,ฉะเชิงเทรา,13.69,101.07,30.9,36.4,25.9,9.7,22.2
2023-05-10,ฉะเชิงเทรา,13.69,101.07,28.3,32.5,25.3,20.4,10.5
2023-05-11,ฉะเชิงเทรา,13.69,101.07,29.9,33.7,25.8,0.7,8.2
2023-05-12,ฉะเชิงเทรา,13.69,101.07,29.7,32.5,26.9,5.9,11.4
2023-05-13,ฉะเชิงเทรา,13.69,101.07,29.9,34.6,27.2,0.1,14.7
2023-05-14,ฉะเชิงเทรา,13.69,101.07,30.5,34.3,27.2,1.0,19.4
2023-05-15,ฉะเชิงเทรา,13.69,101.07,30.2,34.1,26.6,1.1,18.7
2023-05-16,ฉะเชิงเทรา,13.69,101.07,30.4,34.7,25.9,0.0,13.7
2023-05-17,ฉะเชิงเทรา,13.69,101.07,31.1,35.2,26.9,0.6,10.9
2023-05-18,ฉะเชิงเทรา,13.69,101.07,32.1,37.6,28.0,0.2,16.0
2023-05-19,ฉะเชิงเทรา,13.69,101.07,32.2,37.6,27.5,0.2,16.2
2023-05-20,ฉะเชิงเทรา,13.69,101.07,32.0,37.2,27.0,0.0,14.4
2023-05-21,ฉะเชิงเทรา,13.69,101.07,32.1,36.9,28.0,0.0,18.2
2023-05-22,ฉะเชิงเทรา,13.69,101.07,30.8,34.3,27.7,0.1,15.8
2023-05-23,ฉะเชิงเทรา,13.69,101.07,30.4,35.8,27.2,0.7,19.3
2023-05-24,ฉะเชิงเทรา,13.69,101.07,29.9,34.8,26.4,12.0,16.4
2023-05-25,ฉะเชิงเทรา,13.69,101.07,29.6,33.7,26.2,0.6,12.1
2023-05-26,ฉะเชิงเทรา,13.69,101.07,31.3,37.5,26.0,10.8,12.8
2023-05-27,ฉะเชิงเทรา,13.69,101.07,29.8,35.0,26.2,8.3,14.3
2023-05-28,ฉะเชิงเทรา,13.69,101.07,27.9,32.8,25.0,4.0,10.0
2023-05-29,ฉะเชิงเทรา,13.69,101.07,27.4,32.0,25.7,15.5,10.8
2023-05-30,ฉะเชิงเทรา,13.69,101.07,28.4,32.9,24.8,8.1,12.9
2023-05-31,ฉะเชิงเทรา,13.69,101.07,29.7,33.1,27.2,1.3,13.6
2023-06-01,ฉะเชิงเทรา,13.69,101.07,29.8,33.9,26.2,8.9,15.6
2023-06-02,ฉะเชิงเทรา,13.69,101.07,30.3,33.9,26.6,0.1,17.8
2023-06-03,ฉะเชิงเทรา,13.69,101.07,30.0,33.8,26.6,2.1,22.7
2023-06-04,ฉะเชิงเทรา,13.69,101.07,30.2,33.2,27.7,0.3,16.7
2023-06-05,ฉะเชิงเทรา,13.69,101.07,30.2,33.3,27.8,1.8,20.4
2023-06-06,ฉะเชิงเทรา,13.69,101.07,28.7,31.3,27.2,9.0,23.9
2023-06-07,ฉะเชิงเทรา,13.69,101.07,28.5,31.9,26.4,6.0,21.5
2023-06-08,ฉะเชิงเทรา,13.69,101.07,28.3,31.4,25.6,3.6,22.8
2023-06-09,ฉะเชิงเทรา,13.69,101.07,27.6,29.9,26.2,10.0,18.8
2023-06-10,ฉะเชิงเทรา,13.69,101.07,27.4,31.0,25.8,23.0,18.0
2023-06-11,ฉะเชิงเทรา,13.69,101.07,27.7,30.3,25.4,5.1,24.0
2023-06-12,ฉะเชิงเทรา,13.69,101.07,28.7,31.6,27.0,7.6,19.4
2023-06-13,ฉะเชิงเทรา,13.69,101.07,28.5,31.5,25.1,9.1,20.9
2023-06-14,ฉะเชิงเทรา,13.69,101.07,28.8,31.5,26.9,2.5,22.2
2023-06-15,ฉะเชิงเทรา,13.69,101.07,28.7,30.9,26.6,9.2,15.5
2023-06-16,ฉะเชิงเทรา,13.69,101.07,29.4,32.2,26.5,0.4,17.3
2023-06-17,ฉะเชิงเทรา,13.69,101.07,29.4,32.4,27.0,3.0,19.4
2023-06-18,ฉะเชิงเทรา,13.69,101.07,27.9,30.9,26.0,13.7,19.9
2023-06-19,ฉะเชิงเทรา,13.69,101.07,28.1,31.1,25.3,6.4,15.7
2023-06-20,ฉะเชิงเทรา,13.69,101.07,29.1,33.2,26.0,2.6,14.7
2023-06-21,ฉะเชิงเทรา,13.69,101.07,29.6,33.0,26.4,0.2,13.1
2023-06-22,ฉะเชิงเทรา,13.69,101.07,29.2,32.9,25.2,1.2,13.4
2023-06-23,ฉะเชิงเทรา,13.69,101.07,30.5,35.1,26.9,0.1,23.8
2023-06-24,ฉะเชิงเทรา,13.69,101.07,29.1,33.5,26.0,1.5,17.1
2023-06-25,ฉะเชิงเทรา,13.69,101.07,29.3,34.0,26.1,17.0,17.1
2023-06-26,ฉะเชิงเทรา,13.69,101.07,29.3,33.5,25.9,2.2,17.0
2023-06-27,ฉะเชิงเทรา,13.69,101.07,29.2,33.0,25.7,5.3,11.3
2023-06-28,ฉะเชิงเทรา,13.69,101.07,29.2,33.8,25.1,6.4,16.3
2023-06-29,ฉะเชิงเทรา,13.69,101.07,29.1,33.8,25.4,0.7,12.6
2023-06-30,ฉะเชิงเทรา,13.69,101.07,29.9,33.8,26.7,0.2,17.6
2023-07-01,ฉะเชิงเทรา,13.69,101.07,29.2,33.8,25.6,12.7,16.6
2023-07-02,ฉะเชิงเทรา,13.69,101.07,28.6,32.0,25.2,12.3,20.5
2023-07-03,ฉะเชิงเทรา,13.69,101.07,28.5,31.9,26.5,5.5,19.0
2023-07-04,ฉะเชิงเทรา,13.69,101.07,28.3,32.2,26.2,2.4,17.6
2023-07-05,ฉะเชิงเทรา,13.69,101.07,28.4,33.1,25.3,1.4,15.6
2023-07-06,ฉะเชิงเทรา,13.69,101.07,29.6,33.8,25.7,0.0,13.5
2023-07-07,ฉะเชิงเทรา,13.69,101.07,30.1,34.3,26.2,3.9,12.8
2023-07-08,ฉะเชิงเทรา,13.69,101.07,29.0,32.6,26.0,10.2,15.6
2023-07-09,ฉะเชิงเทรา,13.69,101.07,27.8,31.4,24.8,12.4,13.3
2023-07-10,ฉะเชิงเทรา,13.69,101.07,27.5,30.0,25.3,9.5,12.5
2023-07-11,ฉะเชิงเทรา,13.69,101.07,28.1,31.7,25.2,5.3,12.6
2023-07-12,ฉะเชิงเทรา,13.69,101.07,28.8,32.7,25.9,6.5,11.0
2023-07-13,ฉะเชิงเทรา,13.69,101.07,30.0,34.0,26.8,3.6,14.5
2023-07-14,ฉะเชิงเทรา,13.69,101.07,28.3,32.7,25.0,14.3,20.7
2023-07-15,ฉะเชิงเทรา,13.69,101.07,29.6,32.5,26.2,0.0,15.3
2023-07-16,ฉะเชิงเทรา,13.69,101.07,29.2,33.1,26.7,2.4,20.0
2023-07-17,ฉะเชิงเทรา,13.69,101.07,28.9,32.3,25.4,26.3,23.6
2023-07-18,ฉะเชิงเทรา,13.69,101.07,29.3,32.7,27.4,7.9,23.6
2023-07-19,ฉะเชิงเทรา,13.69,101.07,29.4,33.0,27.0,1.1,21.3
2023-07-20,ฉะเชิงเทรา,13.69,101.07,28.7,32.2,26.4,10.5,14.0
2023-07-21,ฉะเชิงเทรา,13.69,101.07,28.2,32.3,26.3,13.6,16.1
2023-07-22,ฉะเชิงเทรา,13.69,101.07,26.7,30.8,24.6,33.5,12.6
2023-07-23,ฉะเชิงเทรา,13.69,101.07,26.6,30.7,24.4,26.5,11.8
2023-07-24,ฉะเชิงเทรา,13.69,101.07,27.4,30.6,25.1,3.0,14.6
2023-07-25,ฉะเชิงเทรา,13.69,101.07,28.0,31.8,25.0,5.5,19.3
2023-07-26,ฉะเชิงเทรา,13.69,101.07,28.8,32.6,25.5,1.5,16.6
2023-07-27,ฉะเชิงเทรา,13.69,101.07,29.0,32.4,26.3,10.6,21.8
2023-07-28,ฉะเชิงเทรา,13.69,101.07,29.3,33.1,26.1,9.9,22.3
2023-07-29,ฉะเชิงเทรา,13.69,101.07,28.6,32.6,26.5,18.1,18.8
2023-07-30,ฉะเชิงเทรา,13.69,101.07,28.3,30.7,26.6,5.2,20.2
2023-07-31,ฉะเชิงเทรา,13.69,101.07,28.0,30.3,26.4,12.3,18.9
2023-08-01,ฉะเชิงเทรา,13.69,101.07,29.2,32.0,27.1,4.0,17.6
2023-08-02,ฉะเชิงเทรา,13.69,101.07,27.8,29.4,26.8,4.1,18.0
2023-08-03,ฉะเชิงเทรา,13.69,101.07,27.6,30.0,26.1,20.4,19.5
2023-08-04,ฉะเชิงเทรา,13.69,101.07,28.6,31.5,26.6,3.3,21.7
2023-08-05,ฉะเชิงเทรา,13.69,101.07,28.8,32.0,26.2,6.5,17.8
2023-08-06,ฉะเชิงเทรา,13.69,101.07,28.3,31.1,26.5,6.5,20.3
2023-08-07,ฉะเชิงเทรา,13.69,101.07,28.5,30.8,27.0,1.1,18.4
2023-08-08,ฉะเชิงเทรา,13.69,101.07,28.6,31.9,26.7,10.2,21.6
2023-08-09,ฉะเชิงเทรา,13.69,101.07,28.4,32.3,25.6,3.4,14.6
2023-08-10,ฉะเชิงเทรา,13.69,101.07,29.1,32.7,25.4,0.9,15.4
2023-08-11,ฉะเชิงเทรา,13.69,101.07,29.8,33.3,25.9,0.7,15.1
2023-08-12,ฉะเชิงเทรา,13.69,101.07,29.6,33.5,26.6,8.1,18.9
2023-08-13,ฉะเชิงเทรา,13.69,101.07,29.4,33.6,25.9,0.9,17.1
2023-08-14,ฉะเชิงเทรา,13.69,101.07,29.6,33.4,26.2,3.3,20.3
2023-08-15,ฉะเชิงเทรา,13.69,101.07,29.5,32.8,26.0,1.9,18.1
2023-08-16,ฉะเชิงเทรา,13.69,101.07,29.2,32.9,26.4,1.9,15.8
2023-08-17,ฉะเชิงเทรา,13.69,101.07,29.1,33.3,26.2,2.2,16.3
2023-08-18,ฉะเชิงเทรา,13.69,101.07,29.7,34.9,25.5,12.9,18.9
2023-08-19,ฉะเชิงเทรา,13.69,101.07,29.7,34.8,26.1,9.5,26.3
2023-08-20,ฉะเชิงเทรา,13.69,101.07,29.2,34.5,25.8,13.9,13.1
2023-08-21,ฉะเชิงเทรา,13.69,101.07,27.2,32.1,24.8,14.8,14.9
2023-08-22,ฉะเชิงเทรา,13.69,101.07,28.0,32.3,25.0,5.6,13.8
2023-08-23,ฉะเชิงเทรา,13.69,101.07,28.1,32.0,25.6,6.5,17.4
2023-08-24,ฉะเชิงเทรา,13.69,101.07,28.3,31.7,26.4,8.0,14.7
2023-08-25,ฉะเชิงเทรา,13.69,101.07,28.3,32.7,25.1,5.8,21.3
2023-08-26,ฉะเชิงเทรา,13.69,101.07,28.6,32.4,26.4,2.4,18.5
2023-08-27,ฉะเชิงเทรา,13.69,101.07,29.3,33.1,26.1,3.4,15.8
2023-08-28,ฉะเชิงเทรา,13.69,101.07,29.7,33.2,26.5,0.0,15.9
2023-08-29,ฉะเชิงเทรา,13.69,101.07,29.4,32.6,26.8,0.6,16.9
2023-08-30,ฉะเชิงเทรา,13.69,101.07,29.1,32.4,26.7,14.8,17.1
2023-08-31,ฉะเชิงเทรา,13.69,101.07,28.4,33.0,25.0,53.8,13.5
2023-09-01,ฉะเชิงเทรา,13.69,101.07,28.1,32.3,26.2,32.7,16.2
2023-09-02,ฉะเชิงเทรา,13.69,101.07,28.0,33.0,25.3,27.7,15.4
2023-09-03,ฉะเชิงเทรา,13.69,101.07,28.8,32.5,25.3,2.6,15.3
2023-09-04,ฉะเชิงเทรา,13.69,101.07,28.7,32.6,24.9,11.6,14.4
2023-09-05,ฉะเชิงเทรา,13.69,101.07,28.4,31.9,25.5,16.6,17.2
2023-09-06,ฉะเชิงเทรา,13.69,101.07,28.0,30.2,26.3,3.1,8.4
2023-09-07,ฉะเชิงเทรา,13.69,101.07,28.1,31.5,26.2,4.9,12.9
2023-09-08,ฉะเชิงเทรา,13.69,101.07,28.0,30.7,26.1,10.0,19.6
2023-09-09,ฉะเชิงเทรา,13.69,101.07,28.4,32.6,25.8,20.3,20.3
2023-09-10,ฉะเชิงเทรา,13.69,101.07,27.6,30.9,25.7,13.6,21.6
2023-09-11,ฉะเชิงเทรา,13.69,101.07,27.4,31.5,25.7,11.0,20.6
2023-09-12,ฉะเชิงเทรา,13.69,101.07,27.4,30.4,25.9,11.0,23.3
2023-09-13,ฉะเชิงเทรา,13.69,101.07,27.4,31.0,25.7,5.3,18.6
2023-09-14,ฉะเชิงเทรา,13.69,101.07,27.2,30.7,25.2,11.4,20.4
2023-09-15,ฉะเชิงเทรา,13.69,101.07,26.9,31.7,25.5,19.0,18.2
2023-09-16,ฉะเชิงเทรา,13.69,101.07,27.7,31.5,25.1,10.1,14.3
2023-09-17,ฉะเชิงเทรา,13.69,101.07,27.2,30.1,25.3,21.6,17.4
2023-09-18,ฉะเชิงเทรา,13.69,101.07,27.6,31.6,24.9,5.3,15.1
2023-09-19,ฉะเชิงเทรา,13.69,101.07,28.4,32.3,25.1,0.4,7.3
2023-09-20,ฉะเชิงเทรา,13.69,101.07,28.0,32.7,25.4,7.2,11.3
2023-09-21,ฉะเชิงเทรา,13.69,101.07,28.0,33.3,24.8,14.4,9.2
2023-09-22,ฉะเชิงเทรา,13.69,101.07,28.1,32.4,24.8,5.7,12.2
2023-09-23,ฉะเชิงเทรา,13.69,101.07,27.7,32.0,24.8,6.1,7.9
2023-09-24,ฉะเชิงเทรา,13.69,101.07,28.2,32.3,25.4,4.5,10.6
2023-09-25,ฉะเชิงเทรา,13.69,101.07,28.2,32.6,25.1,4.6,10.5
2023-09-26,ฉะเชิงเทรา,13.69,101.07,26.3,29.5,24.4,19.9,11.3
2023-09-27,ฉะเชิงเทรา,13.69,101.07,25.7,28.3,24.1,49.0,15.6
2023-09-28,ฉะเชิงเทรา,13.69,101.07,25.7,29.9,23.4,41.6,19.3
2023-09-29,ฉะเชิงเทรา,13.69,101.07,26.9,30.4,24.3,6.1,19.1
2023-09-30,ฉะเชิงเทรา,13.69,101.07,27.1,30.9,24.6,5.9,11.2
2023-10-01,ฉะเชิงเทรา,13.69,101.07,28.2,32.6,24.8,2.9,14.2
2023-10-02,ฉะเชิงเทรา,13.69,101.07,28.0,31.6,25.3,13.6,12.5
2023-10-03,ฉะเชิงเทรา,13.69,101.07,27.9,31.4,26.1,6.4,10.4
2023-10-04,ฉะเชิงเทรา,13.69,101.07,27.1,31.5,25.2,33.0,11.6
2023-10-05,ฉะเชิงเทรา,13.69,101.07,27.0,30.1,24.5,14.6,11.4
2023-10-06,ฉะเชิงเทรา,13.69,101.07,26.9,31.4,24.7,17.9,19.5
2023-10-07,ฉะเชิงเทรา,13.69,101.07,27.4,31.6,23.9,10.5,14.2
2023-10-08,ฉะเชิงเทรา,13.69,101.07,27.1,30.3,25.9,15.6,18.5
2023-10-09,ฉะเชิงเทรา,13.69,101.07,27.4,30.9,25.1,2.8,8.0
2023-10-10,ฉะเชิงเทรา,13.69,101.07,26.9,30.7,24.9,10.0,8.4
2023-10-11,ฉะเชิงเทรา,13.69,101.07,27.2,30.7,24.4,14.1,20.5
2023-10-12,ฉะเชิงเทรา,13.69,101.07,27.9,32.2,24.4,7.2,13.0
2023-10-13,ฉะเชิงเทรา,13.69,101.07,28.5,32.6,24.7,0.7,8.1
2023-10-14,ฉะเชิงเทรา,13.69,101.07,28.7,32.4,25.0,2.7,9.4
2023-10-15,ฉะเชิงเทรา,13.69,101.07,27.9,32.9,24.4,4.1,13.0
2023-10-16,ฉะเชิงเทรา,13.69,101.07,28.4,32.3,25.0,0.6,11.5
2023-10-17,ฉะเชิงเทรา,13.69,101.07,28.4,32.2,24.8,0.0,12.2
2023-10-18,ฉะเชิงเทรา,13.69,101.07,27.9,31.7,25.0,2.1,13.5
2023-10-19,ฉะเชิงเทรา,13.69,101.07,27.9,31.8,24.8,2.6,9.8
2023-10-20,ฉะเชิงเทรา,13.69,101.07,27.8,32.6,24.8,14.7,7.6
2023-10-21,ฉะเชิงเทรา,13.69,101.07,26.9,31.1,24.9,29.9,11.2
2023-10-22,ฉะเชิงเทรา,13.69,101.07,27.6,31.4,24.6,2.2,11.1
2023-10-23,ฉะเชิงเทรา,13.69,101.07,28.4,32.3,24.3,0.0,8.8
2023-10-24,ฉะเชิงเทรา,13.69,101.07,28.4,32.1,25.6,6.1,11.1
2023-10-25,ฉะเชิงเทรา,13.69,101.07,27.0,31.4,24.4,8.0,10.3
2023-10-26,ฉะเชิงเทรา,13.69,101.07,27.5,31.6,24.7,4.4,12.7
2023-10-27,ฉะเชิงเทรา,13.69,101.07,27.6,31.2,24.9,2.6,12.3
2023-10-28,ฉะเชิงเทรา,13.69,101.07,27.8,31.7,24.8,3.3,8.2
2023-10-29,ฉะเชิงเทรา,13.69,101.07,27.0,31.3,24.9,11.5,20.4
2023-10-30,ฉะเชิงเทรา,13.69,101.07,26.7,30.8,24.8,25.5,12.8
2023-10-31,ฉะเชิงเทรา,13.69,101.07,27.0,30.9,24.8,1.9,17.1
2023-11-01,ฉะเชิงเทรา,13.69,101.07,27.5,31.6,23.8,0.4,18.5
2023-11-02,ฉะเชิงเทรา,13.69,101.07,27.4,30.5,24.3,0.5,11.3
2023-11-03,ฉะเชิงเทรา,13.69,101.07,28.7,32.9,24.4,0.2,8.4
2023-11-04,ฉะเชิงเทรา,13.69,101.07,28.1,32.3,25.2,5.5,8.0
2023-11-05,ฉะเชิงเทรา,13.69,101.07,27.3,32.3,24.5,24.2,9.0
2023-11-06,ฉะเชิงเทรา,13.69,101.07,27.3,32.6,24.0,4.7,9.2
2023-11-07,ฉะเชิงเทรา,13.69,101.07,27.0,31.5,24.5,6.7,11.5
2023-11-08,ฉะเชิงเทรา,13.69,101.07,27.0,31.8,23.6,3.2,9.7
2023-11-09,ฉะเชิงเทรา,13.69,101.07,26.9,30.8,24.4,8.2,11.6
2023-11-10,ฉะเชิงเทรา,13.69,101.07,27.0,31.5,24.6,6.3,16.5
2023-11-11,ฉะเชิงเทรา,13.69,101.07,26.9,30.6,24.6,8.0,10.6
2023-11-12,ฉะเชิงเทรา,13.69,101.07,27.0,31.5,23.7,5.5,16.0
2023-11-13,ฉะเชิงเทรา,13.69,101.07,27.4,31.8,24.1,4.8,17.4
2023-11-14,ฉะเชิงเทรา,13.69,101.07,28.3,31.7,25.5,0.0,19.2
2023-11-15,ฉะเชิงเทรา,13.69,101.07,28.1,31.4,25.5,0.2,15.1
2023-11-16,ฉะเชิงเทรา,13.69,101.07,27.8,31.4,25.8,1.8,19.1
2023-11-17,ฉะเชิงเทรา,13.69,101.07,25.7,28.3,23.3,0.0,25.9
2023-11-18,ฉะเชิงเทรา,13.69,101.07,24.6,28.0,21.5,0.0,22.8
2023-11-19,ฉะเชิงเทรา,13.69,101.07,24.4,28.3,21.2,0.0,16.7
2023-11-20,ฉะเชิงเทรา,13.69,101.07,24.3,29.6,18.5,0.0,13.0
2023-11-21,ฉะเชิงเทรา,13.69,101.07,25.2,31.0,19.7,0.0,11.1
2023-11-22,ฉะเชิงเทรา,13.69,101.07,26.2,31.3,21.8,0.0,10.2
2023-11-23,ฉะเชิงเทรา,13.69,101.07,26.5,31.3,22.4,0.0,12.0
2023-11-24,ฉะเชิงเทรา,13.69,101.07,27.3,31.5,23.5,0.0,18.3
2023-11-25,ฉะเชิงเทรา,13.69,101.07,27.3,31.5,24.4,0.0,20.6
2023-11-26,ฉะเชิงเทรา,13.69,101.07,27.6,32.0,24.3,0.4,17.2
2023-11-27,ฉะเชิงเทรา,13.69,101.07,28.0,32.1,25.5,0.0,24.3
2023-11-28,ฉะเชิงเทรา,13.69,101.07,26.5,30.2,23.8,0.0,20.5
2023-11-29,ฉะเชิงเทรา,13.69,101.07,27.1,32.1,23.5,0.0,14.8
2023-11-30,ฉะเชิงเทรา,13.69,101.07,27.9,33.0,23.3,0.6,16.2
2023-12-01,ฉะเชิงเทรา,13.69,101.07,28.0,32.7,25.7,3.1,17.1
2023-12-02,ฉะเชิงเทรา,13.69,101.07,27.8,32.5,23.8,0.1,17.4
2023-12-03,ฉะเชิงเทรา,13.69,101.07,28.1,32.2,25.8,1.1,18.1
2023-12-04,ฉะเชิงเทรา,13.69,101.07,27.6,31.5,24.0,0.4,18.5
2023-12-05,ฉะเชิงเทรา,13.69,101.07,27.8,33.0,24.2,3.5,13.8
2023-12-06,ฉะเชิงเทรา,13.69,101.07,27.7,33.2,24.5,9.2,13.6
2023-12-07,ฉะเชิงเทรา,13.69,101.07,27.0,31.6,23.7,2.8,17.5
2023-12-08,ฉะเชิงเทรา,13.69,101.07,27.3,32.6,23.7,0.0,9.5
2023-12-09,ฉะเชิงเทรา,13.69,101.07,27.8,32.7,23.6,0.0,8.1
2023-12-10,ฉะเชิงเทรา,13.69,101.07,28.2,33.6,23.8,0.0,10.0
2023-12-11,ฉะเชิงเทรา,13.69,101.07,28.2,33.0,23.8,0.0,6.4
2023-12-12,ฉะเชิงเทรา,13.69,101.07,28.5,34.5,24.0,0.0,10.9
2023-12-13,ฉะเชิงเทรา,13.69,101.07,28.5,33.4,24.3,0.1,14.7
2023-12-14,ฉะเชิงเทรา,13.69,101.07,28.6,33.8,23.9,0.0,12.5
2023-12-15,ฉะเชิงเทรา,13.69,101.07,29.0,33.8,24.3,0.0,8.1
2023-12-16,ฉะเชิงเทรา,13.69,101.07,29.0,33.6,24.5,0.0,12.9
2023-12-17,ฉะเชิงเทรา,13.69,101.07,28.9,32.9,25.4,0.4,19.1
2023-12-18,ฉะเชิงเทรา,13.69,101.07,27.9,32.5,24.0,0.0,15.0
2023-12-19,ฉะเชิงเทรา,13.69,101.07,28.2,33.0,23.8,0.0,12.3
2023-12-20,ฉะเชิงเทรา,13.69,101.07,28.4,33.1,24.6,0.0,16.0
2023-12-21,ฉะเชิงเทรา,13.69,101.07,26.5,30.8,22.0,0.0,21.0
2023-12-22,ฉะเชิงเทรา,13.69,101.07,23.6,27.9,19.1,0.0,27.3
2023-12-23,ฉะเชิงเทรา,13.69,101.07,22.9,27.7,18.5,0.0,21.4
2023-12-24,ฉะเชิงเทรา,13.69,101.07,23.5,26.1,20.5,0.0,17.9
2023-12-25,ฉะเชิงเทรา,13.69,101.07,23.7,26.6,20.7,0.0,21.3
2023-12-26,ฉะเชิงเทรา,13.69,101.07,24.0,28.7,19.5,0.6,16.4
2023-12-27,ฉะเชิงเทรา,13.69,101.07,26.3,31.6,20.2,0.0,16.4
2023-12-28,ฉะเชิงเทรา,13.69,101.07,27.4,32.8,21.4,0.0,14.2
2023-12-29,ฉะเชิงเทรา,13.69,101.07,27.7,33.0,23.8,0.1,16.1
2023-12-30,ฉะเชิงเทรา,13.69,101.07,27.6,33.0,21.9,0.0,8.9
2023-12-31,ฉะเชิงเทรา,13.69,101.07,28.0,33.5,23.0,0.0,8.9
2024-01-01,ฉะเชิงเทรา,13.69,101.07,28.6,33.9,24.0,0.0,12.4
2024-01-02,ฉะเชิงเทรา,13.69,101.07,28.3,33.6,23.3,0.0,10.9
2024-01-03,ฉะเชิงเทรา,13.69,101.07,27.9,33.7,22.7,0.0,13.9
2024-01-04,ฉะเชิงเทรา,13.69,101.07,27.5,33.0,22.5,0.0,18.6
2024-01-05,ฉะเชิงเทรา,13.69,101.07,27.7,33.4,23.1,0.0,14.8
2024-01-06,ฉะเชิงเทรา,13.69,101.07,27.6,33.3,23.2,0.0,13.4
2024-01-07,ฉะเชิงเทรา,13.69,101.07,27.7,33.4,22.9,0.0,13.3
2024-01-08,ฉะเชิงเทรา,13.69,101.07,27.8,33.3,23.3,0.0,10.8
2024-01-09,ฉะเชิงเทรา,13.69,101.07,28.0,33.8,22.8,0.0,7.2
2024-01-10,ฉะเชิงเทรา,13.69,101.07,28.3,34.4,22.8,0.0,11.9
2024-01-11,ฉะเชิงเทรา,13.69,101.07,28.5,33.9,23.6,0.2,8.4
2024-01-12,ฉะเชิงเทรา,13.69,101.07,28.4,33.3,24.6,0.5,11.8
2024-01-13,ฉะเชิงเทรา,13.69,101.07,28.5,33.0,24.6,0.5,12.5
2024-01-14,ฉะเชิงเทรา,13.69,101.07,28.6,33.9,23.9,0.0,14.8
2024-01-15,ฉะเชิงเทรา,13.69,101.07,28.0,33.0,23.7,0.0,16.9
2024-01-16,ฉะเชิงเทรา,13.69,101.07,27.4,33.0,22.2,0.0,15.9
2024-01-17,ฉะเชิงเทรา,13.69,101.07,27.4,33.3,22.5,0.0,18.8
2024-01-18,ฉะเชิงเทรา,13.69,101.07,27.8,33.7,22.4,0.0,8.9
2024-01-19,ฉะเชิงเทรา,13.69,101.07,28.2,34.5,22.4,0.0,7.0
2024-01-20,ฉะเชิงเทรา,13.69,101.07,28.0,34.4,22.9,0.0,13.9
2024-01-21,ฉะเชิงเทรา,13.69,101.07,28.1,34.3,23.2,0.0,14.2
2024-01-22,ฉะเชิงเทรา,13.69,101.07,28.2,33.3,23.5,0.5,10.8
2024-01-23,ฉะเชิงเทรา,13.69,101.07,28.8,33.2,25.1,2.5,20.2
2024-01-24,ฉะเชิงเทรา,13.69,101.07,27.5,31.4,24.0,0.4,20.4
2024-01-25,ฉะเชิงเทรา,13.69,101.07,26.8,31.6,23.3,0.1,21.6
2024-01-26,ฉะเชิงเทรา,13.69,101.07,26.8,31.9,22.7,0.4,17.0
2024-01-27,ฉะเชิงเทรา,13.69,101.07,28.0,33.6,22.4,0.0,18.1
2024-01-28,ฉะเชิงเทรา,13.69,101.07,28.5,33.7,24.7,0.0,20.0
2024-01-29,ฉะเชิงเทรา,13.69,101.07,28.6,33.3,24.6,0.0,20.6
2024-01-30,ฉะเชิงเทรา,13.69,101.07,28.5,34.4,24.2,0.0,9.2
2024-01-31,ฉะเชิงเทรา,13.69,101.07,28.7,34.5,24.0,0.0,13.3
2024-02-01,ฉะเชิงเทรา,13.69,101.07,28.5,33.4,25.2,0.8,13.0
2024-02-02,ฉะเชิงเทรา,13.69,101.07,28.6,33.8,24.6,0.1,13.2
2024-02-03,ฉะเชิงเทรา,13.69,101.07,29.0,33.9,25.1,0.1,14.8
2024-02-04,ฉะเชิงเทรา,13.69,101.07,29.1,34.9,24.6,0.0,13.4
2024-02-05,ฉะเชิงเทรา,13.69,101.07,29.1,34.6,24.8,0.0,11.0
2024-02-06,ฉะเชิงเทรา,13.69,101.07,29.2,35.0,24.8,0.0,10.8
2024-02-07,ฉะเชิงเทรา,13.69,101.07,28.8,35.5,24.3,0.0,15.1
2024-02-08,ฉะเชิงเทรา,13.69,101.07,29.0,35.2,23.9,0.0,12.0
2024-02-09,ฉะเชิงเทรา,13.69,101.07,29.1,35.3,24.8,0.5,16.0
2024-02-10,ฉะเชิงเทรา,13.69,101.07,29.2,34.5,24.5,3.7,16.5
2024-02-11,ฉะเชิงเทรา,13.69,101.07,28.3,33.3,23.8,0.0,19.2
2024-02-12,ฉะเชิงเทรา,13.69,101.07,27.9,32.7,23.4,0.0,18.8
2024-02-13,ฉะเชิงเทรา,13.69,101.07,27.6,33.9,21.9,0.0,19.9
2024-02-14,ฉะเชิงเทรา,13.69,101.07,28.6,34.9,21.9,0.0,16.3
2024-02-15,ฉะเชิงเทรา,13.69,101.07,29.6,36.3,23.8,0.0,14.6
2024-02-16,ฉะเชิงเทรา,13.69,101.07,29.5,35.5,25.1,0.0,15.9
2024-02-17,ฉะเชิงเทรา,13.69,101.07,28.3,33.3,25.1,3.3,12.9
2024-02-18,ฉะเชิงเทรา,13.69,101.07,28.6,33.4,23.9,1.3,14.7
2024-02-19,ฉะเชิงเทรา,13.69,101.07,28.4,33.6,24.2,1.2,18.3
2024-02-20,ฉะเชิงเทรา,13.69,101.07,29.3,34.2,25.1,0.3,17.8
2024-02-21,ฉะเชิงเทรา,13.69,101.07,29.5,34.3,26.5,0.2,19.2
2024-02-22,ฉะเชิงเทรา,13.69,101.07,29.1,34.5,25.0,0.0,16.9
2024-02-23,ฉะเชิงเทรา,13.69,101.07,29.4,34.1,26.0,0.2,13.4
2024-02-24,ฉะเชิงเทรา,13.69,101.07,29.4,33.6,25.9,0.9,12.2
2024-02-25,ฉะเชิงเทรา,13.69,101.07,29.5,35.4,25.7,0.1,15.1
2024-02-26,ฉะเชิงเทรา,13.69,101.07,29.9,36.7,25.3,0.1,13.1
2024-02-27,ฉะเชิงเทรา,13.69,101.07,29.6,36.0,24.5,0.1,18.3
2024-02-28,ฉะเชิงเทรา,13.69,101.07,29.1,33.6,25.7,1.4,13.8
2024-02-29,ฉะเชิงเทรา,13.69,101.07,29.1,33.7,25.5,3.4,14.2
2024-03-01,ฉะเชิงเทรา,13.69,101.07,29.7,34.7,25.9,0.0,14.4
2024-03-02,ฉะเชิงเทรา,13.69,101.07,28.0,32.0,25.1,4.3,10.7
2024-03-03,ฉะเชิงเทรา,13.69,101.07,29.2,33.4,25.2,0.4,14.5
2024-03-04,ฉะเชิงเทรา,13.69,101.07,29.8,34.1,26.2,0.4,13.5
2024-03-05,ฉะเชิงเทรา,13.69,101.07,29.8,35.6,25.8,0.1,11.9
2024-03-06,ฉะเชิงเทรา,13.69,101.07,29.6,36.1,25.0,0.0,15.3
2024-03-07,ฉะเชิงเทรา,13.69,101.07,30.3,37.4,25.2,0.0,17.4
2024-03-08,ฉะเชิงเทรา,13.69,101.07,30.3,35.7,26.4,0.5,16.9
2024-03-09,ฉะเชิงเทรา,13.69,101.07,29.5,34.6,26.4,2.0,14.4
2024-03-10,ฉะเชิงเทรา,13.69,101.07,29.7,34.8,26.1,0.3,13.7
2024-03-11,ฉะเชิงเทรา,13.69,101.07,29.4,34.2,25.0,2.4,15.0
2024-03-12,ฉะเชิงเทรา,13.69,101.07,28.4,33.4,25.2,6.6,16.9
2024-03-13,ฉะเชิงเทรา,13.69,101.07,28.8,32.8,25.3,4.2,12.1
2024-03-14,ฉะเชิงเทรา,13.69,101.07,29.6,34.6,25.9,0.0,13.2
2024-03-15,ฉะเชิงเทรา,13.69,101.07,29.5,35.5,25.5,0.5,17.0
2024-03-16,ฉะเชิงเทรา,13.69,101.07,29.7,34.9,26.2,0.9,15.7
2024-03-17,ฉะเชิงเทรา,13.69,101.07,30.0,35.3,26.0,0.0,13.9
2024-03-18,ฉะเชิงเทรา,13.69,101.07,30.0,35.7,25.6,0.0,15.6
2024-03-19,ฉะเชิงเทรา,13.69,101.07,28.7,35.4,26.1,5.6,16.0
2024-03-20,ฉะเชิงเทรา,13.69,101.07,26.4,29.9,23.4,28.3,14.3
2024-03-21,ฉะเชิงเทรา,13.69,101.07,28.0,32.8,24.4,0.4,14.8
2024-03-22,ฉะเชิงเทรา,13.69,101.07,28.7,33.4,25.0,0.3,14.4
2024-03-23,ฉะเชิงเทรา,13.69,101.07,29.3,34.0,25.4,0.0,16.6
2024-03-24,ฉะเชิงเทรา,13.69,101.07,29.5,34.4,25.4,0.4,13.2
2024-03-25,ฉะเชิงเทรา,13.69,101.07,30.1,35.4,26.0,0.9,14.2
2024-03-26,ฉะเชิงเทรา,13.69,101.07,30.1,34.2,26.7,1.3,14.4
2024-03-27,ฉะเชิงเทรา,13.69,101.07,29.6,34.2,24.1,7.7,14.1
2024-03-28,ฉะเชิงเทรา,13.69,101.07,30.5,35.8,26.5,0.0,13.6
2024-03-29,ฉะเชิงเทรา,13.69,101.07,30.2,34.9,26.3,2.3,13.4
2024-03-30,ฉะเชิงเทรา,13.69,101.07,30.6,36.1,26.1,1.4,16.4
2024-03-31,ฉะเชิงเทรา,13.69,101.07,31.3,36.9,26.7,0.0,14.6
2024-04-01,ฉะเชิงเทรา,13.69,101.07,31.3,36.7,26.7,0.0,11.7
2024-04-02,ฉะเชิงเทรา,13.69,101.07,31.0,37.0,25.8,0.0,16.3
2024-04-03,ฉะเชิงเทรา,13.69,101.07,31.0,37.0,26.0,0.0,17.1
2024-04-04,ฉะเชิงเทรา,13.69,101.07,31.0,37.0,26.3,0.3,16.5
2024-04-05,ฉะเชิงเทรา,13.69,101.07,31.0,36.8,26.2,0.0,17.2
2024-04-06,ฉะเชิงเทรา,13.69,101.07,30.8,36.4,26.2,0.5,15.6
2024-04-07,ฉะเชิงเทรา,13.69,101.07,31.4,35.7,27.8,0.4,14.9
2024-04-08,ฉะเชิงเทรา,13.69,101.07,32.0,37.3,27.8,0.0,15.8
2024-04-09,ฉะเชิงเทรา,13.69,101.07,31.4,38.0,27.7,1.6,13.9
2024-04-10,ฉะเชิงเทรา,13.69,101.07,31.7,37.3,27.2,0.1,12.2
2024-04-11,ฉะเชิงเทรา,13.69,101.07,31.5,37.7,27.9,0.1,17.6
2024-04-12,ฉะเชิงเทรา,13.69,101.07,31.1,36.0,26.9,0.6,14.0
2024-04-13,ฉะเชิงเทรา,13.69,101.07,31.3,36.8,27.5,0.5,14.7
2024-04-14,ฉะเชิงเทรา,13.69,101.07,31.4,36.5,27.6,0.2,15.8
2024-04-15,ฉะเชิงเทรา,13.69,101.07,31.4,36.1,27.3,1.7,16.2
2024-04-16,ฉะเชิงเทรา,13.69,101.07,31.5,36.4,27.6,0.1,16.4
2024-04-17,ฉะเชิงเทรา,13.69,101.07,31.5,36.8,27.1,0.3,17.3
2024-04-18,ฉะเชิงเทรา,13.69,101.07,32.0,37.1,27.9,0.0,16.4
2024-04-19,ฉะเชิงเทรา,13.69,101.07,32.0,36.9,28.1,0.0,16.4
2024-04-20,ฉะเชิงเทรา,13.69,101.07,32.5,37.3,28.5,0.0,13.8
2024-04-21,ฉะเชิงเทรา,13.69,101.07,32.7,38.6,28.5,0.1,13.5
2024-04-22,ฉะเชิงเทรา,13.69,101.07,32.5,38.0,27.1,0.1,15.1
2024-04-23,ฉะเชิงเทรา,13.69,101.07,32.1,37.5,27.8,0.2,18.9
2024-04-24,ฉะเชิงเทรา,13.69,101.07,31.8,37.5,26.8,0.0,16.9
2024-04-25,ฉะเชิงเทรา,13.69,101.07,32.3,38.5,27.4,0.0,16.5
2024-04-26,ฉะเชิงเทรา,13.69,101.07,32.2,38.2,27.1,0.0,20.4
2024-04-27,ฉะเชิงเทรา,13.69,101.07,32.4,37.8,28.0,0.0,17.0
2024-04-28,ฉะเชิงเทรา,13.69,101.07,32.7,38.2,28.0,0.0,19.1
2024-04-29,ฉะเชิงเทรา,13.69,101.07,32.6,38.0,28.1,0.0,16.6
2024-04-30,ฉะเชิงเทรา,13.69,101.07,32.9,38.9,27.9,0.0,18.8
2024-05-01,ฉะเชิงเทรา,13.69,101.07,33.3,38.9,29.0,0.0,16.5
2024-05-02,ฉะเชิงเทรา,13.69,101.07,32.9,38.8,28.7,0.0,21.1
2024-05-03,ฉะเชิงเทรา,13.69,101.07,32.5,38.0,28.3,0.2,18.3
2024-05-04,ฉะเชิงเทรา,13.69,101.07,32.0,37.7,27.6,9.5,18.2
2024-05-05,ฉะเชิงเทรา,13.69,101.07,32.7,37.9,29.1,7.5,15.3
2024-05-06,ฉะเชิงเทรา,13.69,101.07,31.4,37.0,28.2,1.5,14.7
2024-05-07,ฉะเชิงเทรา,13.69,101.07,28.0,31.4,25.9,85.5,13.0
2024-05-08,ฉะเชิงเทรา,13.69,101.07,30.2,35.7,25.7,0.0,10.4
2024-05-09,ฉะเชิงเทรา,13.69,101.07,29.7,35.2,26.9,19.1,13.4
2024-05-10,ฉะเชิงเทรา,13.69,101.07,29.4,35.1,26.2,3.6,20.1
2024-05-11,ฉะเชิงเทรา,13.69,101.07,28.3,31.4,25.6,29.4,16.3
2024-05-12,ฉะเชิงเทรา,13.69,101.07,30.3,34.8,26.4,0.8,10.4
2024-05-13,ฉะเชิงเทรา,13.69,101.07,29.3,32.0,27.2,15.6,9.6
2024-05-14,ฉะเชิงเทรา,13.69,101.07,29.4,32.7,26.4,0.0,5.8
2024-05-15,ฉะเชิงเทรา,13.69,101.07,30.7,34.2,27.3,1.0,11.8
2024-05-16,ฉะเชิงเทรา,13.69,101.07,29.5,34.1,24.8,12.9,11.8
2024-05-17,ฉะเชิงเทรา,13.69,101.07,29.5,33.7,25.7,8.9,14.2
2024-05-18,ฉะเชิงเทรา,13.69,101.07,29.5,34.2,26.7,3.5,15.9
2024-05-19,ฉะเชิงเทรา,13.69,101.07,29.4,32.4,26.5,13.8,15.5
2024-05-20,ฉะเชิงเทรา,13.69,101.07,29.9,34.1,26.5,0.3,16.0
2024-05-21,ฉะเชิงเทรา,13.69,101.07,28.1,33.2,25.7,42.1,15.6
2024-05-22,ฉะเชิงเทรา,13.69,101.07,28.5,31.9,25.9,1.2,10.9
2024-05-23,ฉะเชิงเทรา,13.69,101.07,28.2,31.3,26.0,15.9,12.6
2024-05-24,ฉะเชิงเทรา,13.69,101.07,28.4,32.1,26.0,4.6,12.5
2024-05-25,ฉะเชิงเทรา,13.69,101.07,29.4,33.9,26.6,10.5,13.6
2024-05-26,ฉะเชิงเทรา,13.69,101.07,29.8,33.8,26.1,0.1,15.0
2024-05-27,ฉะเชิงเทรา,13.69,101.07,30.4,34.3,26.9,0.3,16.5
2024-05-28,ฉะเชิงเทรา,13.69,101.07,30.5,34.0,27.6,0.4,17.8
2024-05-29,ฉะเชิงเทรา,13.69,101.07,30.5,34.3,28.1,1.7,19.3
2024-05-30,ฉะเชิงเทรา,13.69,101.07,30.0,34.5,26.7,21.1,17.3
2024-05-31,ฉะเชิงเทรา,13.69,101.07,28.8,33.0,26.7,16.0,15.7
2024-06-01,ฉะเชิงเทรา,13.69,101.07,27.8,32.1,25.7,14.4,20.5
2024-06-02,ฉะเชิงเทรา,13.69,101.07,29.4,33.1,26.3,1.3,16.0
2024-06-03,ฉะเชิงเทรา,13.69,101.07,29.7,32.6,27.4,0.5,15.6
2024-06-04,ฉะเชิงเทรา,13.69,101.07,29.9,33.9,26.0,5.2,15.0
2024-06-05,ฉะเชิงเทรา,13.69,101.07,29.1,33.4,25.7,3.1,18.6
2024-06-06,ฉะเชิงเทรา,13.69,101.07,29.7,32.8,26.1,1.0,15.3
2024-06-07,ฉะเชิงเทรา,13.69,101.07,30.0,32.9,27.6,4.0,17.3
2024-06-08,ฉะเชิงเทรา,13.69,101.07,29.8,32.3,27.2,2.4,19.2
2024-06-09,ฉะเชิงเทรา,13.69,101.07,29.7,32.5,27.6,1.2,18.6
2024-06-10,ฉะเชิงเทรา,13.69,101.07,28.7,31.6,26.3,14.3,24.5
2024-06-11,ฉะเชิงเทรา,13.69,101.07,28.4,31.6,26.4,8.8,19.7
2024-06-12,ฉะเชิงเทรา,13.69,101.07,29.0,32.2,26.4,5.6,15.3
2024-06-13,ฉะเชิงเทรา,13.69,101.07,29.8,33.0,26.5,0.5,15.9
2024-06-14,ฉะเชิงเทรา,13.69,101.07,30.3,33.6,26.9,0.5,15.3
2024-06-15,ฉะเชิงเทรา,13.69,101.07,30.4,34.1,26.4,0.2,16.8
2024-06-16,ฉะเชิงเทรา,13.69,101.07,30.6,35.0,27.2,0.2,13.1
2024-06-17,ฉะเชิงเทรา,13.69,101.07,29.1,33.0,24.8,9.7,16.5
2024-06-18,ฉะเชิงเทรา,13.69,101.07,29.9,33.0,26.8,0.0,16.1
2024-06-19,ฉะเชิงเทรา,13.69,101.07,30.0,33.6,27.0,2.4,16.2
2024-06-20,ฉะเชิงเทรา,13.69,101.07,29.4,34.0,26.3,14.5,16.0
2024-06-21,ฉะเชิงเทรา,13.69,101.07,29.3,33.7,26.4,6.0,17.9
2024-06-22,ฉะเชิงเทรา,13.69,101.07,29.0,32.0,26.9,4.0,18.8
2024-06-23,ฉะเชิงเทรา,13.69,101.07,28.6,31.4,26.6,10.0,17.8
2024-06-24,ฉะเชิงเทรา,13.69,101.07,28.5,31.5,26.2,3.0,21.7
2024-06-25,ฉะเชิงเทรา,13.69,101.07,28.3,31.9,25.9,4.9,19.7
2024-06-26,ฉะเชิงเทรา,13.69,101.07,27.4,29.9,25.6,3.8,20.3
2024-06-27,ฉะเชิงเทรา,13.69,101.07,28.2,31.8,25.6,2.2,13.6
2024-06-28,ฉะเชิงเทรา,13.69,101.07,29.0,32.8,25.3,12.2,12.6
2024-06-29,ฉะเชิงเทรา,13.69,101.07,28.0,30.9,26.2,19.3,13.7
2024-06-30,ฉะเชิงเทรา,13.69,101.07,28.6,32.4,25.8,2.7,17.3
2024-07-01,ฉะเชิงเทรา,13.69,101.07,28.5,31.5,26.3,1.1,15.3
2024-07-02,ฉะเชิงเทรา,13.69,101.07,28.9,33.0,25.9,5.4,14.2
2024-07-03,ฉะเชิงเทรา,13.69,101.07,28.9,32.9,25.7,5.7,13.6
2024-07-04,ฉะเชิงเทรา,13.69,101.07,27.2,30.6,25.3,13.8,13.7
2024-07-05,ฉะเชิงเทรา,13.69,101.07,27.6,31.5,24.4,23.6,16.0
2024-07-06,ฉะเชิงเทรา,13.69,101.07,28.0,32.5,24.9,2.8,14.8
2024-07-07,ฉะเชิงเทรา,13.69,101.07,28.8,33.2,25.1,1.9,13.5
2024-07-08,ฉะเชิงเทรา,13.69,101.07,28.7,32.4,25.7,0.8,13.4
2024-07-09,ฉะเชิงเทรา,13.69,101.07,28.6,31.8,25.7,1.2,9.6
2024-07-10,ฉะเชิงเทรา,13.69,101.07,27.5,30.6,25.4,32.3,20.0
2024-07-11,ฉะเชิงเทรา,13.69,101.07,27.2,31.4,24.7,10.5,16.4
2024-07-12,ฉะเชิงเทรา,13.69,101.07,27.6,30.8,25.8,19.3,20.0
2024-07-13,ฉะเชิงเทรา,13.69,101.07,28.2,31.1,25.7,6.6,18.2
2024-07-14,ฉะเชิงเทรา,13.69,101.07,28.4,32.0,25.9,8.5,17.5
2024-07-15,ฉะเชิงเทรา,13.69,101.07,27.0,29.3,26.1,19.1,19.1
2024-07-16,ฉะเชิงเทรา,13.69,101.07,26.9,30.8,24.9,19.3,22.7
2024-07-17,ฉะเชิงเทรา,13.69,101.07,27.8,31.7,25.3,6.8,20.0
2024-07-18,ฉะเชิงเทรา,13.69,101.07,27.5,30.9,25.5,8.1,15.8
2024-07-19,ฉะเชิงเทรา,13.69,101.07,27.4,29.2,25.9,10.8,17.1
2024-07-20,ฉะเชิงเทรา,13.69,101.07,27.1,29.8,25.3,19.7,20.2
2024-07-21,ฉะเชิงเทรา,13.69,101.07,27.4,31.5,25.7,26.7,16.0
2024-07-22,ฉะเชิงเทรา,13.69,101.07,28.0,30.8,25.3,1.4,15.6
2024-07-23,ฉะเชิงเทรา,13.69,101.07,27.8,30.9,25.9,19.5,18.4
2024-07-24,ฉะเชิงเทรา,13.69,101.07,27.9,29.9,26.2,3.3,19.9
2024-07-25,ฉะเชิงเทรา,13.69,101.07,27.7,30.6,26.6,3.5,16.6
2024-07-26,ฉะเชิงเทรา,13.69,101.07,27.8,30.6,26.6,4.4,18.6
2024-07-27,ฉะเชิงเทรา,13.69,101.07,27.6,31.3,25.6,16.2,15.1
2024-07-28,ฉะเชิงเทรา,13.69,101.07,26.9,29.3,25.4,36.0,17.9
2024-07-29,ฉะเชิงเทรา,13.69,101.07,26.8,29.8,24.9,36.4,18.8
2024-07-30,ฉะเชิงเทรา,13.69,101.07,27.3,30.6,25.3,13.6,15.4
2024-07-31,ฉะเชิงเทรา,13.69,101.07,27.8,30.4,25.9,2.5,16.1
2024-08-01,ฉะเชิงเทรา,13.69,101.07,27.9,30.8,25.8,1.9,16.3
2024-08-02,ฉะเชิงเทรา,13.69,101.07,27.8,30.6,25.7,1.8,10.4
2024-08-03,ฉะเชิงเทรา,13.69,101.07,27.6,31.8,25.0,5.3,9.7
2024-08-04,ฉะเชิงเทรา,13.69,101.07,27.5,31.6,25.1,2.6,15.3
2024-08-05,ฉะเชิงเทรา,13.69,101.07,27.6,31.6,24.4,3.9,15.8
2024-08-06,ฉะเชิงเทรา,13.69,101.07,28.3,32.4,24.3,2.5,16.1
2024-08-07,ฉะเชิงเทรา,13.69,101.07,27.8,31.8,24.8,23.6,13.5
2024-08-08,ฉะเชิงเทรา,13.69,101.07,27.8,31.4,25.3,13.8,10.7
2024-08-09,ฉะเชิงเทรา,13.69,101.07,28.9,32.2,25.8,4.7,11.1
2024-08-10,ฉะเชิงเทรา,13.69,101.07,29.7,33.4,26.5,0.7,13.8
2024-08-11,ฉะเชิงเทรา,13.69,101.07,29.5,33.7,26.4,7.8,17.9
2024-08-12,ฉะเชิงเทรา,13.69,101.07,28.6,32.5,25.6,20.8,15.1
2024-08-13,ฉะเชิงเทรา,13.69,101.07,28.4,32.5,25.4,1.4,18.5
2024-08-14,ฉะเชิงเทรา,13.69,101.07,28.8,32.8,25.6,4.4,11.7
2024-08-15,ฉะเชิงเทรา,13.69,101.07,29.3,33.0,26.1,0.9,14.3
2024-08-16,ฉะเชิงเทรา,13.69,101.07,29.3,33.0,26.2,2.6,12.7
2024-08-17,ฉะเชิงเทรา,13.69,101.07,28.9,32.0,26.7,0.9,12.1
2024-08-18,ฉะเชิงเทรา,13.69,101.07,29.3,33.2,26.4,0.2,16.3
2024-08-19,ฉะเชิงเทรา,13.69,101.07,29.3,33.0,26.0,1.0,15.6
2024-08-20,ฉะเชิงเทรา,13.69,101.07,28.9,32.8,26.0,3.6,9.1
2024-08-21,ฉะเชิงเทรา,13.69,101.07,28.9,32.9,25.8,0.4,9.0
2024-08-22,ฉะเชิงเทรา,13.69,101.07,29.3,33.2,26.1,0.9,12.1
2024-08-23,ฉะเชิงเทรา,13.69,101.07,28.8,33.4,25.6,1.0,11.6
2024-08-24,ฉะเชิงเทรา,13.69,101.07,28.2,32.7,25.6,5.0,11.8
2024-08-25,ฉะเชิงเทรา,13.69,101.07,28.1,32.4,25.0,2.4,11.3
2024-08-26,ฉะเชิงเทรา,13.69,101.07,28.9,32.9,24.7,2.0,12.4
2024-08-27,ฉะเชิงเทรา,13.69,101.07,28.9,33.5,24.6,0.0,15.9
2024-08-28,ฉะเชิงเทรา,13.69,101.07,27.8,31.6,25.2,22.9,13.1
2024-08-29,ฉะเชิงเทรา,13.69,101.07,27.0,30.4,25.0,26.5,20.6
2024-08-30,ฉะเชิงเทรา,13.69,101.07,28.1,31.7,25.4,7.3,17.3
2024-08-31,ฉะเชิงเทรา,13.69,101.07,28.4,32.5,25.7,2.3,18.4
2024-09-01,ฉะเชิงเทรา,13.69,101.07,28.1,32.6,25.1,11.8,18.4
2024-09-02,ฉะเชิงเทรา,13.69,101.07,26.9,31.2,24.6,14.7,20.1
2024-09-03,ฉะเชิงเทรา,13.69,101.07,26.9,29.9,24.9,9.8,15.4
2024-09-04,ฉะเชิงเทรา,13.69,101.07,27.2,29.5,25.5,10.0,17.8
2024-09-05,ฉะเชิงเทรา,13.69,101.07,28.3,31.7,25.5,1.2,19.3
2024-09-06,ฉะเชิงเทรา,13.69,101.07,27.9,32.3,25.4,32.2,17.9
2024-09-07,ฉะเชิงเทรา,13.69,101.07,28.9,31.7,26.8,3.7,17.6
2024-09-08,ฉะเชิงเทรา,13.69,101.07,28.6,31.0,26.2,10.4,18.0
2024-09-09,ฉะเชิงเทรา,13.69,101.07,28.0,30.9,26.4,11.2,16.4
2024-09-10,ฉะเชิงเทรา,13.69,101.07,28.2,31.8,25.7,10.7,14.0
2024-09-11,ฉะเชิงเทรา,13.69,101.07,27.9,32.4,25.1,14.2,13.7
2024-09-12,ฉะเชิงเทรา,13.69,101.07,28.2,32.7,25.5,2.0,13.8
2024-09-13,ฉะเชิงเทรา,13.69,101.07,28.1,31.3,25.6,1.2,14.8
2024-09-14,ฉะเชิงเทรา,13.69,101.07,28.0,31.9,26.0,17.9,15.0
2024-09-15,ฉะเชิงเทรา,13.69,101.07,27.4,31.5,25.4,21.7,18.1
2024-09-16,ฉะเชิงเทรา,13.69,101.07,28.0,32.6,25.3,12.5,14.9
2024-09-17,ฉะเชิงเทรา,13.69,101.07,28.2,32.5,26.0,8.8,13.9
2024-09-18,ฉะเชิงเทรา,13.69,101.07,26.9,31.6,24.8,19.5,10.4
2024-09-19,ฉะเชิงเทรา,13.69,101.07,27.4,32.0,24.6,1.9,8.2
2024-09-20,ฉะเชิงเทรา,13.69,101.07,27.7,32.1,25.1,3.5,12.2
2024-09-21,ฉะเชิงเทรา,13.69,101.07,27.0,31.1,24.7,19.2,15.5
2024-09-22,ฉะเชิงเทรา,13.69,101.07,27.2,29.6,25.2,17.7,21.2
2024-09-23,ฉะเชิงเทรา,13.69,101.07,27.9,31.5,26.0,4.3,13.7
2024-09-24,ฉะเชิงเทรา,13.69,101.07,26.2,28.1,24.8,10.8,8.8
2024-09-25,ฉะเชิงเทรา,13.69,101.07,27.0,30.5,24.6,1.6,9.2
2024-09-26,ฉะเชิงเทรา,13.69,101.07,27.3,31.9,24.2,10.1,7.1
2024-09-27,ฉะเชิงเทรา,13.69,101.07,27.6,32.3,24.9,4.5,6.5
2024-09-28,ฉะเชิงเทรา,13.69,101.07,27.9,32.3,24.8,4.6,11.3
2024-09-29,ฉะเชิงเทรา,13.69,101.07,28.6,32.5,25.4,1.0,12.9
2024-09-30,ฉะเชิงเทรา,13.69,101.07,28.9,33.1,26.0,4.1,11.1
2024-10-01,ฉะเชิงเทรา,13.69,101.07,27.6,31.6,25.2,23.8,12.1
2024-10-02,ฉะเชิงเทรา,13.69,101.07,27.5,32.4,25.5,10.9,12.0
2024-10-03,ฉะเชิงเทรา,13.69,101.07,26.6,31.0,24.4,12.7,13.2
2024-10-04,ฉะเชิงเทรา,13.69,101.07,26.6,31.6,23.5,37.2,12.3
2024-10-05,ฉะเชิงเทรา,13.69,101.07,28.0,32.4,24.3,0.0,11.4
2024-10-06,ฉะเชิงเทรา,13.69,101.07,27.9,32.2,23.8,0.3,11.2
2024-10-07,ฉะเชิงเทรา,13.69,101.07,28.5,32.7,25.0,0.2,11.3
2024-10-08,ฉะเชิงเทรา,13.69,101.07,28.0,32.3,25.6,6.8,11.8
2024-10-09,ฉะเชิงเทรา,13.69,101.07,27.2,31.3,24.4,2.1,11.3
2024-10-10,ฉะเชิงเทรา,13.69,101.07,27.4,32.1,24.6,9.4,13.1
2024-10-11,ฉะเชิงเทรา,13.69,101.07,28.4,32.4,24.2,0.1,10.4
2024-10-12,ฉะเชิงเทรา,13.69,101.07,28.0,32.6,25.2,5.2,13.8
2024-10-13,ฉะเชิงเทรา,13.69,101.07,27.8,32.7,25.1,5.2,11.6
2024-10-14,ฉะเชิงเทรา,13.69,101.07,28.1,32.9,24.7,5.5,7.3
2024-10-15,ฉะเชิงเทรา,13.69,101.07,28.7,33.0,25.0,0.0,9.9
2024-10-16,ฉะเชิงเทรา,13.69,101.07,27.9,32.3,24.9,16.2,10.3
2024-10-17,ฉะเชิงเทรา,13.69,101.07,28.5,32.4,24.9,3.8,5.9
2024-10-18,ฉะเชิงเทรา,13.69,101.07,26.6,30.4,24.1,36.7,8.8
2024-10-19,ฉะเชิงเทรา,13.69,101.07,25.9,30.1,24.1,21.3,11.3
2024-10-20,ฉะเชิงเทรา,13.69,101.07,26.1,30.8,23.9,29.9,12.3
2024-10-21,ฉะเชิงเทรา,13.69,101.07,27.3,32.1,23.6,2.7,7.1
2024-10-22,ฉะเชิงเทรา,13.69,101.07,27.8,32.6,23.7,22.2,8.3
2024-10-23,ฉะเชิงเทรา,13.69,101.07,27.6,32.4,23.9,11.6,10.5
2024-10-24,ฉะเชิงเทรา,13.69,101.07,28.1,32.1,24.7,0.0,11.1
2024-10-25,ฉะเชิงเทรา,13.69,101.07,28.2,32.3,24.5,0.0,8.9
2024-10-26,ฉะเชิงเทรา,13.69,101.07,28.9,32.8,24.9,0.3,10.8
2024-10-27,ฉะเชิงเทรา,13.69,101.07,28.4,32.7,26.2,14.4,12.4
2024-10-28,ฉะเชิงเทรา,13.69,101.07,27.1,30.9,24.2,12.3,18.4
2024-10-29,ฉะเชิงเทรา,13.69,101.07,27.8,32.2,23.9,0.1,11.4
2024-10-30,ฉะเชิงเทรา,13.69,101.07,26.9,31.6,24.1,9.4,16.4
2024-10-31,ฉะเชิงเทรา,13.69,101.07,27.6,31.8,23.6,0.8,9.4
2024-11-01,ฉะเชิงเทรา,13.69,101.07,27.6,32.5,24.1,2.7,11.4
2024-11-02,ฉะเชิงเทรา,13.69,101.07,27.7,31.4,24.9,0.0,16.8
2024-11-03,ฉะเชิงเทรา,13.69,101.07,27.5,31.3,24.2,0.0,15.0
2024-11-04,ฉะเชิงเทรา,13.69,101.07,27.3,31.7,23.8,1.9,14.9
2024-11-05,ฉะเชิงเทรา,13.69,101.07,26.7,29.7,24.2,0.5,20.0
2024-11-06,ฉะเชิงเทรา,13.69,101.07,27.2,29.9,25.6,0.2,20.3
2024-11-07,ฉะเชิงเทรา,13.69,101.07,27.8,32.0,24.1,0.0,19.3
2024-11-08,ฉะเชิงเทรา,13.69,101.07,27.8,31.4,25.0,0.2,16.5
2024-11-09,ฉะเชิงเทรา,13.69,101.07,27.9,32.2,24.6,0.0,15.3
2024-11-10,ฉะเชิงเทรา,13.69,101.07,27.8,32.5,23.2,0.0,11.5
2024-11-11,ฉะเชิงเทรา,13.69,101.07,28.4,33.3,24.1,0.0,10.9
2024-11-12,ฉะเชิงเทรา,13.69,101.07,28.7,33.5,23.4,0.0,12.8
2024-11-13,ฉะเชิงเทรา,13.69,101.07,29.4,34.4,24.2,0.0,10.4
2024-11-14,ฉะเชิงเทรา,13.69,101.07,28.7,34.3,25.4,2.2,11.9
2024-11-15,ฉะเชิงเทรา,13.69,101.07,27.3,32.9,25.5,8.5,9.6
2024-11-16,ฉะเชิงเทรา,13.69,101.07,28.9,34.2,24.6,0.0,8.5
2024-11-17,ฉะเชิงเทรา,13.69,101.07,27.1,32.5,24.3,16.5,14.6
2024-11-18,ฉะเชิงเทรา,13.69,101.07,27.6,32.3,23.7,0.0,13.7
2024-11-19,ฉะเชิงเทรา,13.69,101.07,28.2,32.8,24.5,0.0,13.4
2024-11-20,ฉะเชิงเทรา,13.69,101.07,28.4,32.5,24.9,0.1,16.5
2024-11-21,ฉะเชิงเทรา,13.69,101.07,28.6,33.1,25.1,0.0,17.6
2024-11-22,ฉะเชิงเทรา,13.69,101.07,28.7,32.8,25.2,0.0,18.4
2024-11-23,ฉะเชิงเทรา,13.69,101.07,28.7,33.0,25.3,0.0,17.2
2024-11-24,ฉะเชิงเทรา,13.69,101.07,28.7,33.0,25.4,0.0,18.9
2024-11-25,ฉะเชิงเทรา,13.69,101.07,28.8,32.6,25.7,0.2,17.0
2024-11-26,ฉะเชิงเทรา,13.69,101.07,29.0,33.2,25.4,0.0,18.1
2024-11-27,ฉะเชิงเทรา,13.69,101.07,28.3,32.5,25.2,1.1,19.1
2024-11-28,ฉะเชิงเทรา,13.69,101.07,27.3,30.9,24.2,0.0,21.6
2024-11-29,ฉะเชิงเทรา,13.69,101.07,25.4,29.3,22.0,0.0,23.9
2024-11-30,ฉะเชิงเทรา,13.69,101.07,25.1,29.6,21.5,0.0,17.1
2024-12-01,ฉะเชิงเทรา,13.69,101.07,25.2,30.3,20.4,0.0,10.1
2024-12-02,ฉะเชิงเทรา,13.69,101.07,26.1,31.3,20.9,0.0,10.7
2024-12-03,ฉะเชิงเทรา,13.69,101.07,27.2,32.8,21.9,0.0,11.4
2024-12-04,ฉะเชิงเทรา,13.69,101.07,27.6,32.7,23.0,0.0,14.4
2024-12-05,ฉะเชิงเทรา,13.69,101.07,27.7,32.1,23.9,0.0,13.6
2024-12-06,ฉะเชิงเทรา,13.69,101.07,27.4,32.0,22.9,0.0,13.7
2024-12-07,ฉะเชิงเทรา,13.69,101.07,27.9,32.6,23.7,0.2,13.3
2024-12-08,ฉะเชิงเทรา,13.69,101.07,28.3,32.1,24.8,0.0,17.6
2024-12-09,ฉะเชิงเทรา,13.69,101.07,27.1,30.8,23.6,0.0,15.2
2024-12-10,ฉะเชิงเทรา,13.69,101.07,27.2,31.9,23.6,0.0,11.4
2024-12-11,ฉะเชิงเทรา,13.69,101.07,27.6,32.2,22.7,0.0,10.8
2024-12-12,ฉะเชิงเทรา,13.69,101.07,27.8,30.6,25.4,0.0,15.3
2024-12-13,ฉะเชิงเทรา,13.69,101.07,26.6,29.9,24.8,0.4,16.5
2024-12-14,ฉะเชิงเทรา,13.69,101.07,26.0,28.5,23.7,0.0,19.8
2024-12-15,ฉะเชิงเทรา,13.69,101.07,25.1,28.5,22.2,0.0,19.8
2024-12-16,ฉะเชิงเทรา,13.69,101.07,24.9,28.9,20.9,0.0,17.5
2024-12-17,ฉะเชิงเทรา,13.69,101.07,25.5,30.0,21.7,0.0,20.3
2024-12-18,ฉะเชิงเทรา,13.69,101.07,25.9,30.1,22.3,0.0,16.8
2024-12-19,ฉะเชิงเทรา,13.69,101.07,25.2,29.3,21.7,0.0,19.4
2024-12-20,ฉะเชิงเทรา,13.69,101.07,24.2,28.8,20.4,0.0,18.0
2024-12-21,ฉะเชิงเทรา,13.69,101.07,24.3,29.6,19.8,0.0,13.5
2024-12-22,ฉะเชิงเทรา,13.69,101.07,23.6,27.5,20.6,0.0,18.5
2024-12-23,ฉะเชิงเทรา,13.69,101.07,23.4,28.3,19.3,0.0,15.6
2024-12-24,ฉะเชิงเทรา,13.69,101.07,25.0,29.9,21.0,0.0,16.5
2024-12-25,ฉะเชิงเทรา,13.69,101.07,25.5,30.3,21.1,0.0,18.5
2024-12-26,ฉะเชิงเทรา,13.69,101.07,25.9,30.4,21.4,0.0,9.3
2024-12-27,ฉะเชิงเทรา,13.69,101.07,27.6,32.3,23.9,0.0,13.2
2024-12-28,ฉะเชิงเทรา,13.69,101.07,27.5,31.1,24.0,0.0,21.3
2024-12-29,ฉะเชิงเทรา,13.69,101.07,25.9,30.2,21.6,0.0,18.2
2024-12-30,ฉะเชิงเทรา,13.69,101.07,25.9,31.0,21.7,0.0,13.9
2024-12-31,ฉะเชิงเทรา,13.69,101.07,25.7,31.1,21.8,0.0,18.3
2025-01-01,ฉะเชิงเทรา,13.69,101.07,25.6,31.3,21.2,0.0,14.7
2025-01-02,ฉะเชิงเทรา,13.69,101.07,25.7,31.4,20.2,0.0,12.9
2025-01-03,ฉะเชิงเทรา,13.69,101.07,26.4,31.7,21.9,0.0,16.9
2025-01-04,ฉะเชิงเทรา,13.69,101.07,26.2,31.1,22.3,0.0,18.4
2025-01-05,ฉะเชิงเทรา,13.69,101.07,25.5,30.0,21.8,0.0,22.6
2025-01-06,ฉะเชิงเทรา,13.69,101.07,24.9,30.2,20.5,0.0,16.6
2025-01-07,ฉะเชิงเทรา,13.69,101.07,25.2,31.3,19.4,0.0,12.3
2025-01-08,ฉะเชิงเทรา,13.69,101.07,26.4,32.3,20.9,0.0,10.9
2025-01-09,ฉะเชิงเทรา,13.69,101.07,27.1,32.2,22.1,0.0,16.8
2025-01-10,ฉะเชิงเทรา,13.69,101.07,26.0,30.9,22.8,0.0,22.7
2025-01-11,ฉะเชิงเทรา,13.69,101.07,24.3,28.7,20.1,0.0,25.8
2025-01-12,ฉะเชิงเทรา,13.69,101.07,22.0,27.1,17.4,0.0,23.1
2025-01-13,ฉะเชิงเทรา,13.69,101.07,22.2,27.5,17.6,0.0,18.4
2025-01-14,ฉะเชิงเทรา,13.69,101.07,23.3,30.0,17.4,0.0,12.0
2025-01-15,ฉะเชิงเทรา,13.69,101.07,25.0,32.3,17.4,0.0,17.9
2025-01-16,ฉะเชิงเทรา,13.69,101.07,26.4,30.5,22.1,0.0,20.5
2025-01-17,ฉะเชิงเทรา,13.69,101.07,25.4,30.4,20.9,0.0,20.6
2025-01-18,ฉะเชิงเทรา,13.69,101.07,25.2,30.9,19.3,0.0,15.6
2025-01-19,ฉะเชิงเทรา,13.69,101.07,25.5,31.8,20.4,0.0,14.1
2025-01-20,ฉะเชิงเทรา,13.69,101.07,25.4,32.1,19.2,0.0,12.0
2025-01-21,ฉะเชิงเทรา,13.69,101.07,25.7,32.3,20.1,0.0,13.6
2025-01-22,ฉะเชิงเทรา,13.69,101.07,25.5,32.8,18.8,0.0,11.6
2025-01-23,ฉะเชิงเทรา,13.69,101.07,26.2,33.4,19.6,0.0,10.2
2025-01-24,ฉะเชิงเทรา,13.69,101.07,26.8,34.5,20.1,0.0,7.7
2025-01-25,ฉะเชิงเทรา,13.69,101.07,26.6,35.1,20.1,0.0,14.8
2025-01-26,ฉะเชิงเทรา,13.69,101.07,27.5,35.3,20.8,0.0,12.6
2025-01-27,ฉะเชิงเทรา,13.69,101.07,25.2,29.5,20.9,0.0,23.0
2025-01-28,ฉะเชิงเทรา,13.69,101.07,24.8,29.9,21.3,0.0,18.2
2025-01-29,ฉะเชิงเทรา,13.69,101.07,24.8,29.8,19.8,0.0,17.0
2025-01-30,ฉะเชิงเทรา,13.69,101.07,25.3,31.2,19.6,0.0,12.6
2025-01-31,ฉะเชิงเทรา,13.69,101.07,26.1,32.9,19.1,0.0,9.6
2025-02-01,ฉะเชิงเทรา,13.69,101.07,27.1,34.9,20.4,0.0,13.8
2025-02-02,ฉะเชิงเทรา,13.69,101.07,27.6,35.9,21.0,0.0,13.1
2025-02-03,ฉะเชิงเทรา,13.69,101.07,27.9,36.0,21.4,0.0,11.1
2025-02-04,ฉะเชิงเทรา,13.69,101.07,27.7,32.1,23.6,0.0,18.2
2025-02-05,ฉะเชิงเทรา,13.69,101.07,27.4,32.8,22.5,0.0,15.8
2025-02-06,ฉะเชิงเทรา,13.69,101.07,27.6,34.1,22.1,0.0,13.6
2025-02-07,ฉะเชิงเทรา,13.69,101.07,28.0,34.7,22.7,0.0,14.2
2025-02-08,ฉะเชิงเทรา,13.69,101.07,28.3,32.8,24.6,0.0,22.9
2025-02-09,ฉะเชิงเทรา,13.69,101.07,26.3,31.1,21.5,0.0,21.7
2025-02-10,ฉะเชิงเทรา,13.69,101.07,26.3,32.2,20.8,0.0,17.2
2025-02-11,ฉะเชิงเทรา,13.69,101.07,27.3,33.8,20.9,0.0,11.0
2025-02-12,ฉะเชิงเทรา,13.69,101.07,28.4,35.6,21.5,0.0,9.0
2025-02-13,ฉะเชิงเทรา,13.69,101.07,28.9,36.8,22.3,0.0,11.6
2025-02-14,ฉะเชิงเทรา,13.69,101.07,28.5,36.3,22.9,0.0,17.7
2025-02-15,ฉะเชิงเทรา,13.69,101.07,29.4,36.7,23.8,0.0,14.0
2025-02-16,ฉะเชิงเทรา,13.69,101.07,29.4,37.0,23.6,0.0,18.3
2025-02-17,ฉะเชิงเทรา,13.69,101.07,27.9,32.8,24.9,2.0,13.7
2025-02-18,ฉะเชิงเทรา,13.69,101.07,26.6,31.6,22.9,28.4,12.9
2025-02-19,ฉะเชิงเทรา,13.69,101.07,26.6,32.6,22.2,13.4,13.5
2025-02-20,ฉะเชิงเทรา,13.69,101.07,27.3,33.7,22.8,8.7,18.9
2025-02-21,ฉะเชิงเทรา,13.69,101.07,28.1,34.1,24.7,0.9,13.9
2025-02-22,ฉะเชิงเทรา,13.69,101.07,28.0,34.5,23.2,0.2,13.3
2025-02-23,ฉะเชิงเทรา,13.69,101.07,28.4,34.8,24.3,2.7,17.9
2025-02-24,ฉะเชิงเทรา,13.69,101.07,25.3,27.6,24.2,9.4,15.0
2025-02-25,ฉะเชิงเทรา,13.69,101.07,25.9,30.0,23.0,0.6,16.3
2025-02-26,ฉะเชิงเทรา,13.69,101.07,27.4,33.3,22.7,0.0,16.1
2025-02-27,ฉะเชิงเทรา,13.69,101.07,28.9,35.2,23.8,0.0,10.1
2025-02-28,ฉะเชิงเทรา,13.69,101.07,29.2,36.3,24.3,0.3,11.1
2025-03-01,ฉะเชิงเทรา,13.69,101.07,28.8,34.2,25.1,0.7,13.2
2025-03-02,ฉะเชิงเทรา,13.69,101.07,29.7,35.6,25.1,0.0,13.4
2025-03-03,ฉะเชิงเทรา,13.69,101.07,29.6,34.9,25.8,0.2,17.1
2025-03-04,ฉะเชิงเทรา,13.69,101.07,29.6,35.2,25.5,0.0,15.7
2025-03-05,ฉะเชิงเทรา,13.69,101.07,29.8,36.2,25.1,0.0,14.0
2025-03-06,ฉะเชิงเทรา,13.69,101.07,29.7,35.9,24.6,0.1,15.0
2025-03-07,ฉะเชิงเทรา,13.69,101.07,26.7,31.3,23.6,16.8,19.0
2025-03-08,ฉะเชิงเทรา,13.69,101.07,26.3,31.2,23.0,1.0,15.8
2025-03-09,ฉะเชิงเทรา,13.69,101.07,27.8,33.5,23.0,0.0,13.2
2025-03-10,ฉะเชิงเทรา,13.69,101.07,29.4,34.8,24.1,0.0,16.0
2025-03-11,ฉะเชิงเทรา,13.69,101.07,29.5,34.8,24.9,0.6,10.4
2025-03-12,ฉะเชิงเทรา,13.69,101.07,29.0,34.2,24.6,8.2,13.0
2025-03-13,ฉะเชิงเทรา,13.69,101.07,28.4,34.2,25.6,9.0,13.1
2025-03-14,ฉะเชิงเทรา,13.69,101.07,28.6,34.7,24.6,3.7,10.6
2025-03-15,ฉะเชิงเทรา,13.69,101.07,29.4,34.6,25.3,0.3,11.9
2025-03-16,ฉะเชิงเทรา,13.69,101.07,29.0,35.2,25.8,3.1,12.4
2025-03-17,ฉะเชิงเทรา,13.69,101.07,27.7,34.4,24.4,6.9,18.8
2025-03-18,ฉะเชิงเทรา,13.69,101.07,28.9,34.3,24.3,1.2,13.7
2025-03-19,ฉะเชิงเทรา,13.69,101.07,28.0,32.4,23.7,0.0,22.0
2025-03-20,ฉะเชิงเทรา,13.69,101.07,26.8,31.8,22.9,0.0,24.0
2025-03-21,ฉะเชิงเทรา,13.69,101.07,26.9,32.4,22.8,0.0,15.8
2025-03-22,ฉะเชิงเทรา,13.69,101.07,27.8,34.0,22.2,0.0,14.1
2025-03-23,ฉะเชิงเทรา,13.69,101.07,28.4,35.2,21.3,0.0,11.7
2025-03-24,ฉะเชิงเทรา,13.69,101.07,29.3,36.7,23.5,0.0,16.1
2025-03-25,ฉะเชิงเทรา,13.69,101.07,29.7,35.7,24.6,0.0,13.1
2025-03-26,ฉะเชิงเทรา,13.69,101.07,29.3,34.1,25.3,1.6,16.5
2025-03-27,ฉะเชิงเทรา,13.69,101.07,29.5,35.4,25.4,0.1,15.1
2025-03-28,ฉะเชิงเทรา,13.69,101.07,30.1,36.7,25.4,0.8,12.4
2025-03-29,ฉะเชิงเทรา,13.69,101.07,30.3,36.9,24.5,0.3,12.3
2025-03-30,ฉะเชิงเทรา,13.69,101.07,28.3,33.0,24.1,9.9,15.7
2025-03-31,ฉะเชิงเทรา,13.69,101.07,26.9,32.3,23.8,16.4,11.4
2025-04-01,ฉะเชิงเทรา,13.69,101.07,28.8,33.5,24.3,0.3,9.2
2025-04-02,ฉะเชิงเทรา,13.69,101.07,29.2,33.8,25.3,0.1,16.2
2025-04-03,ฉะเชิงเทรา,13.69,101.07,29.4,35.5,25.3,0.2,13.6
2025-04-04,ฉะเชิงเทรา,13.69,101.07,29.5,34.9,26.0,2.2,13.7
2025-04-05,ฉะเชิงเทรา,13.69,101.07,29.5,34.7,25.3,0.2,15.8
2025-04-06,ฉะเชิงเทรา,13.69,101.07,29.9,35.9,25.4,0.7,13.2
2025-04-07,ฉะเชิงเทรา,13.69,101.07,28.6,34.2,24.4,9.8,13.5
2025-04-08,ฉะเชิงเทรา,13.69,101.07,28.9,34.7,25.1,2.5,12.3
2025-04-09,ฉะเชิงเทรา,13.69,101.07,29.7,35.3,25.5,0.8,12.8
2025-04-10,ฉะเชิงเทรา,13.69,101.07,28.1,32.9,23.9,15.2,11.8
2025-04-11,ฉะเชิงเทรา,13.69,101.07,28.6,33.5,25.8,5.8,13.0
2025-04-12,ฉะเชิงเทรา,13.69,101.07,29.5,34.2,26.0,1.2,15.3
2025-04-13,ฉะเชิงเทรา,13.69,101.07,29.6,35.6,26.1,1.2,13.7
2025-04-14,ฉะเชิงเทรา,13.69,101.07,27.3,32.4,24.3,18.0,14.3
2025-04-15,ฉะเชิงเทรา,13.69,101.07,28.2,33.9,24.3,3.5,12.9
2025-04-16,ฉะเชิงเทรา,13.69,101.07,28.2,31.9,25.6,2.6,13.4
2025-04-17,ฉะเชิงเทรา,13.69,101.07,28.9,34.2,25.3,2.8,12.6
2025-04-18,ฉะเชิงเทรา,13.69,101.07,29.5,34.5,26.0,2.6,13.5
2025-04-19,ฉะเชิงเทรา,13.69,101.07,29.4,34.2,25.7,8.4,13.1
2025-04-20,ฉะเชิงเทรา,13.69,101.07,30.1,34.7,25.8,0.9,14.2
2025-04-21,ฉะเชิงเทรา,13.69,101.07,30.6,36.2,26.2,0.1,14.4
2025-04-22,ฉะเชิงเทรา,13.69,101.07,30.6,36.5,26.4,0.9,15.2
2025-04-23,ฉะเชิงเทรา,13.69,101.07,31.0,36.3,26.6,0.1,12.2
2025-04-24,ฉะเชิงเทรา,13.69,101.07,30.7,35.9,26.7,0.2,14.0
2025-04-25,ฉะเชิงเทรา,13.69,101.07,31.3,37.7,26.7,0.8,13.6
2025-04-26,ฉะเชิงเทรา,13.69,101.07,29.7,35.2,26.9,3.3,19.3
2025-04-27,ฉะเชิงเทรา,13.69,101.07,28.7,33.8,26.3,6.4,10.8
2025-04-28,ฉะเชิงเทรา,13.69,101.07,29.0,35.4,25.8,4.4,10.9
2025-04-29,ฉะเชิงเทรา,13.69,101.07,28.8,34.0,24.2,3.1,13.1
2025-04-30,ฉะเชิงเทรา,13.69,101.07,30.0,35.9,24.7,17.9,13.0
2025-05-01,ฉะเชิงเทรา,13.69,101.07,29.5,34.8,24.9,1.8,9.7
2025-05-02,ฉะเชิงเทรา,13.69,101.07,30.0,35.5,25.6,1.1,10.6
2025-05-03,ฉะเชิงเทรา,13.69,101.07,28.1,33.9,25.2,8.8,11.9
2025-05-04,ฉะเชิงเทรา,13.69,101.07,29.1,34.6,24.8,0.0,9.1
2025-05-05,ฉะเชิงเทรา,13.69,101.07,29.5,34.3,25.7,0.8,12.6
2025-05-06,ฉะเชิงเทรา,13.69,101.07,29.2,35.6,25.7,4.0,17.2
2025-05-07,ฉะเชิงเทรา,13.69,101.07,29.7,34.9,25.9,2.2,14.0
2025-05-08,ฉะเชิงเทรา,13.69,101.07,30.6,36.1,26.5,0.1,12.7
2025-05-09,ฉะเชิงเทรา,13.69,101.07,31.0,35.9,26.7,0.5,8.8
2025-05-10,ฉะเชิงเทรา,13.69,101.07,28.9,36.5,24.8,14.1,16.4
2025-05-11,ฉะเชิงเทรา,13.69,101.07,27.4,33.7,24.1,15.5,9.3
2025-05-12,ฉะเชิงเทรา,13.69,101.07,27.5,32.8,24.1,18.2,10.3
2025-05-13,ฉะเชิงเทรา,13.69,101.07,27.0,31.0,24.6,12.4,10.2
2025-05-14,ฉะเชิงเทรา,13.69,101.07,27.6,32.0,24.5,13.6,13.0
2025-05-15,ฉะเชิงเทรา,13.69,101.07,27.6,33.6,24.7,13.7,9.8
2025-05-16,ฉะเชิงเทรา,13.69,101.07,28.2,34.5,24.6,9.0,13.1
2025-05-17,ฉะเชิงเทรา,13.69,101.07,28.0,33.6,25.4,7.1,15.5
2025-05-18,ฉะเชิงเทรา,13.69,101.07,29.1,34.2,25.3,0.3,11.4
2025-05-19,ฉะเชิงเทรา,13.69,101.07,28.6,33.5,25.2,13.6,12.6
2025-05-20,ฉะเชิงเทรา,13.69,101.07,29.8,33.9,25.9,3.1,9.1
2025-05-21,ฉะเชิงเทรา,13.69,101.07,29.0,31.7,26.3,7.3,11.3
2025-05-22,ฉะเชิงเทรา,13.69,101.07,29.1,33.3,26.2,5.4,13.3
2025-05-23,ฉะเชิงเทรา,13.69,101.07,29.7,34.7,26.2,1.1,9.6
2025-05-24,ฉะเชิงเทรา,13.69,101.07,27.9,33.7,26.0,14.3,20.1
2025-05-25,ฉะเชิงเทรา,13.69,101.07,27.6,32.6,25.4,21.7,14.3
2025-05-26,ฉะเชิงเทรา,13.69,101.07,26.8,31.9,24.9,43.1,15.1
2025-05-27,ฉะเชิงเทรา,13.69,101.07,27.1,31.3,24.9,15.0,15.3
2025-05-28,ฉะเชิงเทรา,13.69,101.07,29.1,33.4,25.3,1.6,13.3
2025-05-29,ฉะเชิงเทรา,13.69,101.07,29.2,32.8,26.6,4.4,16.2
2025-05-30,ฉะเชิงเทรา,13.69,101.07,27.7,31.3,24.8,18.7,16.8
2025-05-31,ฉะเชิงเทรา,13.69,101.07,27.4,31.0,25.6,8.3,18.5
2025-06-01,ฉะเชิงเทรา,13.69,101.07,28.4,32.3,25.7,2.1,17.7
2025-06-02,ฉะเชิงเทรา,13.69,101.07,28.6,31.3,26.9,4.6,19.8
2025-06-03,ฉะเชิงเทรา,13.69,101.07,28.4,32.0,25.6,12.5,13.9
2025-06-04,ฉะเชิงเทรา,13.69,101.07,29.1,33.2,26.0,4.3,14.9
2025-06-05,ฉะเชิงเทรา,13.69,101.07,29.4,33.8,25.6,1.4,13.3
2025-06-06,ฉะเชิงเทรา,13.69,101.07,29.3,33.1,24.9,0.4,12.1
2025-06-07,ฉะเชิงเทรา,13.69,101.07,29.8,34.0,26.0,0.1,14.6
2025-06-08,ฉะเชิงเทรา,13.69,101.07,29.9,33.7,26.5,0.2,15.1
2025-06-09,ฉะเชิงเทรา,13.69,101.07,29.0,32.7,25.2,12.1,15.2
2025-06-10,ฉะเชิงเทรา,13.69,101.07,28.8,32.6,25.7,5.2,13.4
2025-06-11,ฉะเชิงเทรา,13.69,101.07,28.6,31.0,27.0,1.4,14.2
2025-06-12,ฉะเชิงเทรา,13.69,101.07,27.9,31.6,25.8,8.7,19.4
2025-06-13,ฉะเชิงเทรา,13.69,101.07,27.5,29.1,26.0,19.8,17.7
2025-06-14,ฉะเชิงเทรา,13.69,101.07,27.6,31.4,26.0,10.0,16.9
2025-06-15,ฉะเชิงเทรา,13.69,101.07,28.1,31.3,26.0,8.9,16.3
2025-06-16,ฉะเชิงเทรา,13.69,101.07,28.8,32.5,26.0,3.4,11.3
2025-06-17,ฉะเชิงเทรา,13.69,101.07,29.3,33.0,25.3,1.0,10.7
2025-06-18,ฉะเชิงเทรา,13.69,101.07,29.4,33.9,26.2,0.4,11.3
2025-06-19,ฉะเชิงเทรา,13.69,101.07,28.7,32.9,26.1,15.2,11.4
2025-06-20,ฉะเชิงเทรา,13.69,101.07,28.0,32.3,25.5,10.0,15.6
2025-06-21,ฉะเชิงเทรา,13.69,101.07,28.8,32.6,25.7,2.2,14.6
2025-06-22,ฉะเชิงเทรา,13.69,101.07,27.9,31.8,24.8,13.5,20.4
2025-06-23,ฉะเชิงเทรา,13.69,101.07,27.7,31.9,25.7,5.9,21.3
2025-06-24,ฉะเชิงเทรา,13.69,101.07,27.7,29.8,25.8,8.3,17.7
2025-06-25,ฉะเชิงเทรา,13.69,101.07,28.3,31.8,26.1,7.2,14.4
2025-06-26,ฉะเชิงเทรา,13.69,101.07,28.5,32.6,25.0,1.3,15.3
2025-06-27,ฉะเชิงเทรา,13.69,101.07,27.2,30.8,23.8,11.0,15.4
2025-06-28,ฉะเชิงเทรา,13.69,101.07,27.1,31.6,24.9,11.5,13.1
2025-06-29,ฉะเชิงเทรา,13.69,101.07,27.0,29.9,24.9,10.8,17.4
2025-06-30,ฉะเชิงเทรา,13.69,101.07,27.1,29.8,25.1,7.8,19.7
2025-07-01,ฉะเชิงเทรา,13.69,101.07,27.6,31.6,25.0,15.2,14.9
2025-07-02,ฉะเชิงเทรา,13.69,101.07,26.4,28.2,24.6,12.3,15.2
2025-07-03,ฉะเชิงเทรา,13.69,101.07,26.7,31.0,24.6,26.7,11.8
2025-07-04,ฉะเชิงเทรา,13.69,101.07,27.1,31.5,24.5,8.2,13.0
2025-07-05,ฉะเชิงเทรา,13.69,101.07,28.3,32.4,25.8,2.7,13.7
2025-07-06,ฉะเชิงเทรา,13.69,101.07,27.9,30.9,25.4,5.2,14.8
2025-07-07,ฉะเชิงเทรา,13.69,101.07,28.1,31.0,25.7,10.5,17.5
2025-07-08,ฉะเชิงเทรา,13.69,101.07,26.6,29.1,25.4,26.9,18.6
2025-07-09,ฉะเชิงเทรา,13.69,101.07,27.4,31.4,25.2,20.0,15.0
2025-07-10,ฉะเชิงเทรา,13.69,101.07,28.6,32.1,25.5,6.2,16.5
2025-07-11,ฉะเชิงเทรา,13.69,101.07,28.3,31.8,25.8,1.4,16.1
2025-07-12,ฉะเชิงเทรา,13.69,101.07,28.8,32.9,25.9,2.8,15.2
2025-07-13,ฉะเชิงเทรา,13.69,101.07,28.4,32.6,25.0,6.6,13.6
2025-07-14,ฉะเชิงเทรา,13.69,101.07,28.5,32.1,25.5,0.7,13.5
2025-07-15,ฉะเชิงเทรา,13.69,101.07,29.2,32.4,26.2,0.3,14.5
2025-07-16,ฉะเชิงเทรา,13.69,101.07,27.9,31.2,25.1,20.7,12.7
2025-07-17,ฉะเชิงเทรา,13.69,101.07,27.2,30.7,24.7,6.4,12.9
2025-07-18,ฉะเชิงเทรา,13.69,101.07,27.6,30.4,24.6,19.5,16.0
2025-07-19,ฉะเชิงเทรา,13.69,101.07,27.7,30.6,25.6,19.0,19.3
2025-07-20,ฉะเชิงเทรา,13.69,101.07,27.1,29.9,25.7,7.3,24.9
2025-07-21,ฉะเชิงเทรา,13.69,101.07,27.2,29.6,25.7,2.6,19.5
2025-07-22,ฉะเชิงเทรา,13.69,101.07,27.1,29.3,25.6,6.3,21.3
2025-07-23,ฉะเชิงเทรา,13.69,101.07,27.5,29.4,25.9,4.8,21.9
2025-07-24,ฉะเชิงเทรา,13.69,101.07,28.6,31.0,26.6,2.0,19.4
2025-07-25,ฉะเชิงเทรา,13.69,101.07,29.5,32.2,26.7,0.4,15.9
2025-07-26,ฉะเชิงเทรา,13.69,101.07,28.9,31.9,27.0,8.3,19.3
2025-07-27,ฉะเชิงเทรา,13.69,101.07,27.3,29.8,25.9,13.7,12.9
2025-07-28,ฉะเชิงเทรา,13.69,101.07,27.6,29.8,26.1,8.9,20.4
2025-07-29,ฉะเชิงเทรา,13.69,101.07,27.9,30.1,26.0,14.0,18.2
2025-07-30,ฉะเชิงเทรา,13.69,101.07,28.1,31.4,25.5,6.6,17.9
2025-07-31,ฉะเชิงเทรา,13.69,101.07,28.9,32.0,25.2,2.5,17.6
2025-08-01,ฉะเชิงเทรา,13.69,101.07,29.6,32.9,25.8,0.1,14.7
2025-08-02,ฉะเชิงเทรา,13.69,101.07,29.8,33.5,26.1,0.1,13.9
2025-08-03,ฉะเชิงเทรา,13.69,101.07,29.9,33.5,26.7,0.0,13.9
2025-08-04,ฉะเชิงเทรา,13.69,101.07,29.9,33.8,26.5,0.0,10.9
2025-08-05,ฉะเชิงเทรา,13.69,101.07,29.8,33.3,27.3,0.3,14.0
2025-08-06,ฉะเชิงเทรา,13.69,101.07,28.9,32.9,24.8,7.3,18.0
2025-08-07,ฉะเชิงเทรา,13.69,101.07,27.3,32.2,24.7,14.7,13.6
2025-08-08,ฉะเชิงเทรา,13.69,101.07,28.5,32.6,25.7,0.7,10.5
2025-08-09,ฉะเชิงเทรา,13.69,101.07,28.7,33.3,26.2,15.5,13.2
2025-08-10,ฉะเชิงเทรา,13.69,101.07,29.5,32.9,26.4,1.7,16.4
2025-08-11,ฉะเชิงเทรา,13.69,101.07,28.0,29.9,26.6,5.4,17.1
2025-08-12,ฉะเชิงเทรา,13.69,101.07,28.0,32.2,23.3,13.7,14.7
2025-08-13,ฉะเชิงเทรา,13.69,101.07,28.2,31.6,25.4,3.2,12.1
2025-08-14,ฉะเชิงเทรา,13.69,101.07,28.5,33.1,25.4,3.8,15.5
2025-08-15,ฉะเชิงเทรา,13.69,101.07,27.9,32.2,25.1,10.9,15.2
2025-08-16,ฉะเชิงเทรา,13.69,101.07,26.3,29.0,24.8,17.7,16.3
2025-08-17,ฉะเชิงเทรา,13.69,101.07,26.2,28.3,24.8,3.5,6.5
2025-08-18,ฉะเชิงเทรา,13.69,101.07,27.6,31.9,24.8,2.8,13.3
2025-08-19,ฉะเชิงเทรา,13.69,101.07,27.4,31.3,24.8,2.8,15.9
2025-08-20,ฉะเชิงเทรา,13.69,101.07,28.4,32.8,24.9,0.2,12.5
2025-08-21,ฉะเชิงเทรา,13.69,101.07,27.7,32.9,24.8,14.9,17.1
2025-08-22,ฉะเชิงเทรา,13.69,101.07,26.3,29.2,24.0,11.0,15.7
2025-08-23,ฉะเชิงเทรา,13.69,101.07,26.8,31.2,24.1,15.3,13.8
2025-08-24,ฉะเชิงเทรา,13.69,101.07,27.3,31.7,24.5,7.7,16.3
2025-08-25,ฉะเชิงเทรา,13.69,101.07,27.3,31.2,24.9,21.4,15.7
2025-08-26,ฉะเชิงเทรา,13.69,101.07,26.6,29.6,25.3,15.6,19.7
2025-08-27,ฉะเชิงเทรา,13.69,101.07,27.2,30.5,24.8,6.6,16.6
2025-08-28,ฉะเชิงเทรา,13.69,101.07,27.1,30.8,24.5,5.1,13.1
2025-08-29,ฉะเชิงเทรา,13.69,101.07,28.2,32.6,24.3,0.9,16.0
2025-08-30,ฉะเชิงเทรา,13.69,101.07,27.7,32.8,25.3,3.3,14.8
2025-08-31,ฉะเชิงเทรา,13.69,101.07,27.0,30.3,24.6,26.6,12.7
2025-09-01,ฉะเชิงเทรา,13.69,101.07,27.5,32.1,24.4,1.9,11.7
2025-09-02,ฉะเชิงเทรา,13.69,101.07,27.4,31.6,24.2,12.2,8.5
2025-09-03,ฉะเชิงเทรา,13.69,101.07,27.3,31.1,25.0,10.1,13.9
2025-09-04,ฉะเชิงเทรา,13.69,101.07,27.5,31.0,25.2,2.6,11.0
2025-09-05,ฉะเชิงเทรา,13.69,101.07,27.3,31.5,24.3,8.4,9.3
2025-09-06,ฉะเชิงเทรา,13.69,101.07,27.1,31.7,25.3,17.1,12.8
2025-09-07,ฉะเชิงเทรา,13.69,101.07,26.7,31.0,24.4,14.2,12.8
2025-09-08,ฉะเชิงเทรา,13.69,101.07,25.8,30.1,24.3,27.3,17.0
2025-09-09,ฉะเชิงเทรา,13.69,101.07,26.4,30.0,24.4,7.8,17.4
2025-09-10,ฉะเชิงเทรา,13.69,101.07,26.9,30.8,24.7,2.6,13.0
2025-09-11,ฉะเชิงเทรา,13.69,101.07,27.8,32.1,24.8,0.2,11.4
2025-09-12,ฉะเชิงเทรา,13.69,101.07,27.7,32.5,25.3,7.4,14.4
2025-09-13,ฉะเชิงเทรา,13.69,101.07,27.2,32.8,24.6,2.4,11.5
2025-09-14,ฉะเชิงเทรา,13.69,101.07,27.1,30.7,24.9,8.0,10.1
2025-09-15,ฉะเชิงเทรา,13.69,101.07,27.3,31.5,24.1,22.2,12.6
2025-09-16,ฉะเชิงเทรา,13.69,101.07,27.4,31.7,24.1,12.9,11.4
2025-09-17,ฉะเชิงเทรา,13.69,101.07,27.6,31.6,24.4,25.3,8.3
2025-09-18,ฉะเชิงเทรา,13.69,101.07,27.5,31.3,25.1,9.3,12.3
2025-09-19,ฉะเชิงเทรา,13.69,101.07,26.3,27.9,24.6,10.9,15.1
2025-09-20,ฉะเชิงเทรา,13.69,101.07,27.5,30.7,25.3,13.7,17.3
2025-09-21,ฉะเชิงเทรา,13.69,101.07,28.1,30.7,25.5,14.4,17.2
2025-09-22,ฉะเชิงเทรา,13.69,101.07,28.0,31.1,25.4,1.1,13.1
2025-09-23,ฉะเชิงเทรา,13.69,101.07,27.3,30.4,24.4,20.3,14.5
2025-09-24,ฉะเชิงเทรา,13.69,101.07,26.9,30.2,25.5,17.2,17.0
2025-09-25,ฉะเชิงเทรา,13.69,101.07,27.4,31.3,25.7,16.5,12.7
2025-09-26,ฉะเชิงเทรา,13.69,101.07,26.9,29.0,25.6,5.2,15.8
2025-09-27,ฉะเชิงเทรา,13.69,101.07,26.1,30.4,24.3,30.9,13.1
2025-09-28,ฉะเชิงเทรา,13.69,101.07,27.2,31.7,24.1,3.2,14.3
2025-09-29,ฉะเชิงเทรา,13.69,101.07,27.2,30.9,24.6,14.2,14.8
2025-09-30,ฉะเชิงเทรา,13.69,101.07,27.0,31.4,25.0,23.3,17.7
2025-10-01,ฉะเชิงเทรา,13.69,101.07,27.1,30.8,24.0,5.8,8.2
2025-10-02,ฉะเชิงเทรา,13.69,101.07,27.9,32.7,25.0,1.7,9.2
2025-10-03,ฉะเชิงเทรา,13.69,101.07,28.0,32.4,24.1,0.1,11.5
2025-10-04,ฉะเชิงเทรา,13.69,101.07,27.4,31.4,24.7,4.1,8.6
2025-10-05,ฉะเชิงเทรา,13.69,101.07,27.6,31.6,24.9,0.6,12.4
2025-10-06,ฉะเชิงเทรา,13.69,101.07,27.9,32.0,24.8,1.5,12.6
2025-10-07,ฉะเชิงเทรา,13.69,101.07,27.5,32.4,24.6,5.6,10.6
2025-10-08,ฉะเชิงเทรา,13.69,101.07,27.5,32.1,24.4,8.2,10.5
2025-10-09,ฉะเชิงเทรา,13.69,101.07,27.4,30.8,24.5,1.2,8.7
2025-10-10,ฉะเชิงเทรา,13.69,101.07,27.6,32.9,25.4,5.0,17.1
2025-10-11,ฉะเชิงเทรา,13.69,101.07,27.4,30.8,24.5,5.1,9.6
2025-10-12,ฉะเชิงเทรา,13.69,101.07,27.2,31.0,24.4,5.6,8.9
2025-10-13,ฉะเชิงเทรา,13.69,101.07,26.9,31.9,24.8,10.8,9.3
2025-10-14,ฉะเชิงเทรา,13.69,101.07,25.9,30.6,24.3,36.0,10.3
2025-10-15,ฉะเชิงเทรา,13.69,101.07,26.9,32.6,24.4,5.5,11.0
2025-10-16,ฉะเชิงเทรา,13.69,101.07,28.2,33.5,24.6,0.8,10.8
2025-10-17,ฉะเชิงเทรา,13.69,101.07,28.6,33.1,25.1,0.3,16.2
2025-10-18,ฉะเชิงเทรา,13.69,101.07,28.5,32.5,24.4,16.5,13.4
2025-10-19,ฉะเชิงเทรา,13.69,101.07,27.7,32.3,24.3,7.8,11.3
2025-10-20,ฉะเชิงเทรา,13.69,101.07,28.3,33.1,24.0,0.3,13.4
2025-10-21,ฉะเชิงเทรา,13.69,101.07,28.5,32.5,24.7,0.1,15.3
2025-10-22,ฉะเชิงเทรา,13.69,101.07,28.0,32.1,24.4,0.1,17.5
2025-10-23,ฉะเชิงเทรา,13.69,101.07,27.1,30.7,24.0,0.0,25.2
2025-10-24,ฉะเชิงเทรา,13.69,101.07,27.4,31.3,24.5,0.0,18.7
2025-10-25,ฉะเชิงเทรา,13.69,101.07,27.5,31.2,24.8,2.9,15.6
2025-10-26,ฉะเชิงเทรา,13.69,101.07,27.6,31.0,25.0,0.3,16.7
2025-10-27,ฉะเชิงเทรา,13.69,101.07,26.4,30.5,23.8,0.1,16.7
2025-10-28,ฉะเชิงเทรา,13.69,101.07,26.9,30.4,24.1,4.5,14.1
2025-10-29,ฉะเชิงเทรา,13.69,101.07,26.7,29.2,24.8,4.2,16.0
2025-10-30,ฉะเชิงเทรา,13.69,101.07,26.3,29.7,24.5,3.8,13.3
2025-10-31,ฉะเชิงเทรา,13.69,101.07,26.8,31.3,24.7,26.1,14.8
2025-11-01,ฉะเชิงเทรา,13.69,101.07,26.0,29.1,24.3,22.5,10.4
2025-11-02,ฉะเชิงเทรา,13.69,101.07,26.1,30.9,24.4,21.9,11.8
2025-11-03,ฉะเชิงเทรา,13.69,101.07,26.1,31.0,24.0,11.7,7.5
2025-11-04,ฉะเชิงเทรา,13.69,101.07,26.5,30.0,24.2,2.7,13.0
2025-11-05,ฉะเชิงเทรา,13.69,101.07,26.6,29.9,23.9,0.2,9.8
2025-11-06,ฉะเชิงเทรา,13.69,101.07,27.2,31.2,24.1,0.5,9.6
2025-11-07,ฉะเชิงเทรา,13.69,101.07,26.9,29.5,25.2,0.4,13.3
2025-11-08,ฉะเชิงเทรา,13.69,101.07,26.5,30.9,23.8,9.4,10.6
2025-11-09,ฉะเชิงเทรา,13.69,101.07,27.4,31.6,24.2,2.3,5.2
2025-11-10,ฉะเชิงเทรา,13.69,101.07,26.8,31.5,24.2,11.6,10.8
2025-11-11,ฉะเชิงเทรา,13.69,101.07,28.1,33.0,24.5,3.3,9.5
2025-11-12,ฉะเชิงเทรา,13.69,101.07,27.4,32.6,24.8,5.8,17.7
2025-11-13,ฉะเชิงเทรา,13.69,101.07,26.9,31.3,24.2,15.6,9.4
2025-11-14,ฉะเชิงเทรา,13.69,101.07,27.0,31.3,24.2,0.0,15.8
2025-11-15,ฉะเชิงเทรา,13.69,101.07,25.3,29.4,20.8,0.0,19.6
2025-11-16,ฉะเชิงเทรา,13.69,101.07,26.3,30.4,22.9,4.4,17.2
2025-11-17,ฉะเชิงเทรา,13.69,101.07,26.4,30.4,24.2,13.4,20.0
2025-11-18,ฉะเชิงเทรา,13.69,101.07,26.0,29.9,24.1,10.6,16.7
2025-11-19,ฉะเชิงเทรา,13.69,101.07,25.8,29.0,24.1,0.0,25.5
2025-11-20,ฉะเชิงเทรา,13.69,101.07,23.4,25.8,21.5,0.0,22.0
2025-11-21,ฉะเชิงเทรา,13.69,101.07,23.1,25.2,21.8,0.0,19.5
2025-11-22,ฉะเชิงเทรา,13.69,101.07,24.8,29.0,21.7,0.0,17.0
2025-11-23,ฉะเชิงเทรา,13.69,101.07,25.4,29.8,21.1,0.0,9.5
2025-11-24,ฉะเชิงเทรา,13.69,101.07,26.1,30.4,22.5,0.0,12.3
2025-11-25,ฉะเชิงเทรา,13.69,101.07,25.6,28.6,23.6,0.0,21.4
2025-11-26,ฉะเชิงเทรา,13.69,101.07,24.4,28.7,21.4,0.0,18.6
2025-11-27,ฉะเชิงเทรา,13.69,101.07,23.5,27.3,21.2,0.0,22.1
2025-11-28,ฉะเชิงเทรา,13.69,101.07,21.3,25.8,18.3,0.0,20.2
2025-11-29,ฉะเชิงเทรา,13.69,101.07,21.6,27.9,15.1,0.0,9.4
2025-11-30,ฉะเชิงเทรา,13.69,101.07,22.9,29.3,17.4,0.0,9.8
2025-12-01,ฉะเชิงเทรา,13.69,101.07,24.6,30.8,19.3,0.0,9.9
2025-12-02,ฉะเชิงเทรา,13.69,101.07,25.9,32.0,21.4,0.0,10.3
2025-12-03,ฉะเชิงเทรา,13.69,101.07,27.1,32.8,22.2,0.0,11.6
2025-12-04,ฉะเชิงเทรา,13.69,101.07,27.4,31.3,24.4,1.7,18.8
2025-12-05,ฉะเชิงเทรา,13.69,101.07,26.1,30.5,22.8,4.5,15.9
2025-12-06,ฉะเชิงเทรา,13.69,101.07,26.3,30.5,22.9,0.2,14.1
2025-12-07,ฉะเชิงเทรา,13.69,101.07,26.3,31.5,22.1,0.0,12.9
2025-12-08,ฉะเชิงเทรา,13.69,101.07,25.1,29.3,21.5,0.0,18.9
2025-12-09,ฉะเชิงเทรา,13.69,101.07,25.3,29.7,22.3,0.0,15.8
2025-12-10,ฉะเชิงเทรา,13.69,101.07,25.1,29.7,20.2,0.0,14.3
2025-12-11,ฉะเชิงเทรา,13.69,101.07,24.5,27.6,22.0,0.7,12.7
2025-12-12,ฉะเชิงเทรา,13.69,101.07,25.4,29.9,22.4,2.0,13.3
2025-12-13,ฉะเชิงเทรา,13.69,101.07,26.0,30.2,23.5,0.5,12.1
2025-12-14,ฉะเชิงเทรา,13.69,101.07,26.6,30.6,23.2,0.3,15.4
2025-12-15,ฉะเชิงเทรา,13.69,101.07,26.4,30.4,23.3,0.0,16.4
2025-12-16,ฉะเชิงเทรา,13.69,101.07,26.6,31.6,23.0,0.0,11.9
2025-12-17,ฉะเชิงเทรา,13.69,101.07,26.7,31.3,22.5,0.0,12.4
2025-12-18,ฉะเชิงเทรา,13.69,101.07,26.4,30.0,23.9,0.0,16.4
2025-12-19,ฉะเชิงเทรา,13.69,101.07,25.7,30.6,21.4,0.0,8.7
2025-12-20,ฉะเชิงเทรา,13.69,101.07,25.6,31.6,20.9,0.0,10.4
2025-12-21,ฉะเชิงเทรา,13.69,101.07,25.3,30.7,20.9,0.0,13.9
2025-12-22,ฉะเชิงเทรา,13.69,101.07,26.2,30.9,22.2,0.2,13.3
2025-12-23,ฉะเชิงเทรา,13.69,101.07,26.8,31.6,22.7,0.4,10.2
2025-12-24,ฉะเชิงเทรา,13.69,101.07,26.9,31.8,22.8,0.0,9.2
2025-12-25,ฉะเชิงเทรา,13.69,101.07,27.2,32.3,22.4,0.0,15.8
2025-12-26,ฉะเชิงเทรา,13.69,101.07,26.6,30.3,23.8,0.0,18.2
2025-12-27,ฉะเชิงเทรา,13.69,101.07,26.0,30.1,22.8,0.0,15.8
2025-12-28,ฉะเชิงเทรา,13.69,101.07,26.0,30.8,22.4,0.0,12.9
2025-12-29,ฉะเชิงเทรา,13.69,101.07,25.5,30.5,21.8,0.0,11.1
2025-12-30,ฉะเชิงเทรา,13.69,101.07,25.1,30.6,20.4,0.0,9.2
2025-12-31,ฉะเชิงเทรา,13.69,101.07,24.9,30.6,19.9,0.0,8.4
2026-01-01,ฉะเชิงเทรา,13.69,101.07,25.3,31.0,20.0,0.0,7.7
2026-01-02,ฉะเชิงเทรา,13.69,101.07,25.4,30.3,21.0,0.0,12.6
2026-01-03,ฉะเชิงเทรา,13.69,101.07,24.8,29.6,20.9,0.0,15.5
2026-01-04,ฉะเชิงเทรา,13.69,101.07,24.3,29.0,20.4,0.0,17.8
2026-01-05,ฉะเชิงเทรา,13.69,101.07,24.6,30.1,18.7,0.0,12.9
2026-01-06,ฉะเชิงเทรา,13.69,101.07,25.2,30.0,21.4,0.0,18.8
2026-01-07,ฉะเชิงเทรา,13.69,101.07,24.3,28.1,20.8,0.0,21.7
2026-01-08,ฉะเชิงเทรา,13.69,101.07,22.8,26.9,19.4,0.0,22.9
2026-01-09,ฉะเชิงเทรา,13.69,101.07,21.8,26.6,17.5,0.0,17.5
2026-01-10,ฉะเชิงเทรา,13.69,101.07,22.1,27.5,17.8,0.0,14.0
2026-01-11,ฉะเชิงเทรา,13.69,101.07,22.6,27.6,17.5,0.0,17.9
2026-01-12,ฉะเชิงเทรา,13.69,101.07,23.1,28.8,16.7,0.0,11.2
2026-01-13,ฉะเชิงเทรา,13.69,101.07,23.8,30.2,17.4,0.0,10.8
2026-01-14,ฉะเชิงเทรา,13.69,101.07,25.4,31.8,20.0,0.0,9.1
2026-01-15,ฉะเชิงเทรา,13.69,101.07,25.7,31.4,20.2,0.0,10.3
2026-01-16,ฉะเชิงเทรา,13.69,101.07,26.1,32.0,21.9,0.2,11.3
2026-01-17,ฉะเชิงเทรา,13.69,101.07,26.6,31.8,22.6,0.4,6.9
2026-01-18,ฉะเชิงเทรา,13.69,101.07,26.5,32.1,22.8,1.5,10.6
2026-01-19,ฉะเชิงเทรา,13.69,101.07,26.5,30.7,22.3,0.0,11.0
2026-01-20,ฉะเชิงเทรา,13.69,101.07,26.6,31.6,22.6,1.0,12.7
2026-01-21,ฉะเชิงเทรา,13.69,101.07,26.6,33.1,21.5,12.7,14.4
2026-01-22,ฉะเชิงเทรา,13.69,101.07,26.2,31.4,22.0,0.0,18.3
2026-01-23,ฉะเชิงเทรา,13.69,101.07,25.3,30.6,20.6,0.0,19.1
2026-01-24,ฉะเชิงเทรา,13.69,101.07,25.3,30.1,20.8,0.0,14.4
2026-01-25,ฉะเชิงเทรา,13.69,101.07,25.2,31.4,19.2,0.0,9.6
2026-01-26,ฉะเชิงเทรา,13.69,101.07,25.1,30.8,20.1,0.0,9.5
2026-01-27,ฉะเชิงเทรา,13.69,101.07,25.4,31.4,20.1,0.0,11.8
2026-01-28,ฉะเชิงเทรา,13.69,101.07,25.1,31.2,19.3,0.0,12.3
2026-01-29,ฉะเชิงเทรา,13.69,101.07,25.2,31.2,19.7,0.0,10.3
2026-01-30,ฉะเชิงเทรา,13.69,101.07,26.0,31.5,21.0,0.0,8.0
2026-01-31,ฉะเชิงเทรา,13.69,101.07,26.9,32.4,22.5,0.0,10.8
2026-02-01,ฉะเชิงเทรา,13.69,101.07,26.6,31.5,22.8,0.0,15.8
2026-02-02,ฉะเชิงเทรา,13.69,101.07,26.0,31.0,21.5,0.0,20.0
2026-02-03,ฉะเชิงเทรา,13.69,101.07,26.4,31.1,22.1,0.0,16.3
2026-02-04,ฉะเชิงเทรา,13.69,101.07,26.8,32.5,21.8,0.0,11.1
2026-02-05,ฉะเชิงเทรา,13.69,101.07,27.1,33.1,22.1,0.0,9.2
2026-02-06,ฉะเชิงเทรา,13.69,101.07,27.3,32.1,23.5,0.2,11.7
2026-02-07,ฉะเชิงเทรา,13.69,101.07,27.6,33.3,23.3,0.0,13.4
2026-02-08,ฉะเชิงเทรา,13.69,101.07,26.6,32.0,23.1,2.9,15.6
2026-02-09,ฉะเชิงเทรา,13.69,101.07,26.4,31.9,21.9,4.2,18.6
2026-02-10,ฉะเชิงเทรา,13.69,101.07,26.7,32.7,21.3,0.0,12.0
2026-02-11,ฉะเชิงเทรา,13.69,101.07,27.7,33.7,22.4,0.0,11.6
2026-02-12,ฉะเชิงเทรา,13.69,101.07,27.8,33.7,22.6,0.0,15.0
2026-02-13,ฉะเชิงเทรา,13.69,101.07,27.6,32.5,23.7,0.3,10.7
2026-02-14,ฉะเชิงเทรา,13.69,101.07,28.3,33.5,24.3,0.0,14.0
2026-02-15,ฉะเชิงเทรา,13.69,101.07,28.1,33.3,24.4,0.3,9.1
2026-02-16,ฉะเชิงเทรา,13.69,101.07,28.8,34.2,24.6,0.2,10.1
2026-02-17,ฉะเชิงเทรา,13.69,101.07,28.6,34.3,25.2,0.2,14.8
2026-02-18,ฉะเชิงเทรา,13.69,101.07,28.4,33.9,23.5,6.5,14.4
2026-02-19,ฉะเชิงเทรา,13.69,101.07,28.8,33.8,24.6,0.0,18.8
2026-02-20,ฉะเชิงเทรา,13.69,101.07,28.4,33.2,24.1,0.0,15.7
2026-02-21,ฉะเชิงเทรา,13.69,101.07,28.5,33.9,23.4,0.0,14.0
2026-02-22,ฉะเชิงเทรา,13.69,101.07,29.0,33.8,24.9,0.1,10.2
2026-02-23,ฉะเชิงเทรา,13.69,101.07,28.9,35.2,24.6,0.1,13.1
2026-02-24,ฉะเชิงเทรา,13.69,101.07,28.6,34.2,25.1,1.7,13.1
2026-02-25,ฉะเชิงเทรา,13.69,101.07,28.4,33.5,25.0,0.3,14.4
2026-02-26,ฉะเชิงเทรา,13.69,101.07,28.5,34.3,23.3,0.6,15.2
2026-02-27,ฉะเชิงเทรา,13.69,101.07,28.5,34.1,24.1,1.6,11.5
2026-02-28,ฉะเชิงเทรา,13.69,101.07,28.5,33.3,24.4,0.3,13.1
2026-03-01,ฉะเชิงเทรา,13.69,101.07,28.7,34.3,24.2,1.6,12.0
2026-03-02,ฉะเชิงเทรา,13.69,101.07,29.1,35.8,24.4,0.0,13.3
2026-03-03,ฉะเชิงเทรา,13.69,101.07,29.5,35.6,25.1,0.0,8.5
2026-03-04,ฉะเชิงเทรา,13.69,101.07,29.1,35.4,24.8,0.0,11.5
2026-03-05,ฉะเชิงเทรา,13.69,101.07,28.6,34.5,23.9,0.0,12.8
2026-03-06,ฉะเชิงเทรา,13.69,101.07,27.5,33.6,23.7,0.9,15.7
2026-03-07,ฉะเชิงเทรา,13.69,101.07,28.2,34.2,23.0,0.0,11.1
2026-03-08,ฉะเชิงเทรา,13.69,101.07,28.9,33.7,24.8,0.7,12.8
2026-03-09,ฉะเชิงเทรา,13.69,101.07,29.2,34.9,23.8,0.0,14.1
2026-03-10,ฉะเชิงเทรา,13.69,101.07,28.8,33.5,25.5,0.1,20.1
2026-03-11,ฉะเชิงเทรา,13.69,101.07,29.1,33.8,24.8,0.0,16.0
2026-03-12,ฉะเชิงเทรา,13.69,101.07,27.1,31.7,22.3,6.4,16.2
2026-03-13,ฉะเชิงเทรา,13.69,101.07,27.2,33.1,23.8,0.9,18.8
2026-03-14,ฉะเชิงเทรา,13.69,101.07,27.6,33.3,22.4,0.8,14.1
2026-03-15,ฉะเชิงเทรา,13.69,101.07,28.5,33.8,24.3,0.0,17.6
2026-03-16,ฉะเชิงเทรา,13.69,101.07,28.7,34.0,24.1,0.1,10.0
2026-03-17,ฉะเชิงเทรา,13.69,101.07,27.7,32.9,21.9,30.2,14.8
2026-03-18,ฉะเชิงเทรา,13.69,101.07,28.3,34.1,24.5,0.9,12.6
2026-03-19,ฉะเชิงเทรา,13.69,101.07,28.7,33.9,24.0,0.1,12.2
2026-03-20,ฉะเชิงเทรา,13.69,101.07,29.0,33.9,26.0,1.3,17.9
2026-03-21,ฉะเชิงเทรา,13.69,101.07,28.8,34.9,24.6,0.5,12.8
2026-03-22,ฉะเชิงเทรา,13.69,101.07,28.8,33.8,24.2,2.4,16.5
2026-03-23,ฉะเชิงเทรา,13.69,101.07,28.9,33.5,25.2,0.6,14.3
2026-03-24,ฉะเชิงเทรา,13.69,101.07,29.5,34.3,25.9,0.9,12.9
2026-03-25,ฉะเชิงเทรา,13.69,101.07,30.0,35.2,26.1,0.1,13.2
2026-03-26,ฉะเชิงเทรา,13.69,101.07,30.2,35.5,25.9,0.2,14.8
2026-03-27,ฉะเชิงเทรา,13.69,101.07,29.8,34.7,26.4,0.0,17.0
2026-03-28,ฉะเชิงเทรา,13.69,101.07,29.4,34.9,25.3,0.8,15.8
2026-03-29,ฉะเชิงเทรา,13.69,101.07,29.5,34.4,25.4,0.6,14.7
2026-03-30,ฉะเชิงเทรา,13.69,101.07,29.5,35.0,25.4,0.0,17.3
2026-03-31,ฉะเชิงเทรา,13.69,101.07,29.7,35.8,25.0,0.0,14.4
2026-04-01,ฉะเชิงเทรา,13.69,101.07,30.3,36.6,25.6,0.0,15.6
2026-04-02,ฉะเชิงเทรา,13.69,101.07,30.4,36.2,26.2,0.0,16.9
2026-04-03,ฉะเชิงเทรา,13.69,101.07,30.3,35.1,26.3,0.0,17.3
2026-04-04,ฉะเชิงเทรา,13.69,101.07,30.3,35.0,26.5,0.0,14.8
2026-04-05,ฉะเชิงเทรา,13.69,101.07,30.8,36.6,26.7,0.0,13.6
2026-04-06,ฉะเชิงเทรา,13.69,101.07,30.4,35.9,26.1,0.0,14.1
2026-04-07,ฉะเชิงเทรา,13.69,101.07,30.9,36.4,26.7,0.0,10.9
2026-04-08,ฉะเชิงเทรา,13.69,101.07,30.4,36.2,25.6,0.0,15.0
2026-04-09,ฉะเชิงเทรา,13.69,101.07,30.1,35.4,25.3,0.0,16.5
2026-04-10,ฉะเชิงเทรา,13.69,101.07,30.2,36.2,25.5,0.0,15.5
2026-04-11,ฉะเชิงเทรา,13.69,101.07,30.4,36.8,25.5,0.0,13.1
2026-04-12,ฉะเชิงเทรา,13.69,101.07,30.5,36.3,25.9,0.0,16.8
2026-04-13,ฉะเชิงเทรา,13.69,101.07,30.6,35.5,26.4,0.3,17.8
2026-04-14,ฉะเชิงเทรา,13.69,101.07,30.9,36.5,26.6,0.3,13.7
2026-04-15,ฉะเชิงเทรา,13.69,101.07,30.9,35.7,26.8,0.0,16.9
2026-04-16,ฉะเชิงเทรา,13.69,101.07,31.0,36.7,26.5,0.0,14.4
2026-04-17,ฉะเชิงเทรา,13.69,101.07,30.6,36.1,26.3,2.0,15.1
2026-04-18,ฉะเชิงเทรา,13.69,101.07,30.8,36.6,26.5,1.1,12.2
2026-04-19,ฉะเชิงเทรา,13.69,101.07,31.1,35.4,28.0,3.9,14.0
2026-04-20,ฉะเชิงเทรา,13.69,101.07,30.1,34.9,25.5,1.0,14.7
2026-04-21,ฉะเชิงเทรา,13.69,101.07,29.9,34.8,25.9,1.2,15.4
2026-04-22,ฉะเชิงเทรา,13.69,101.07,30.7,35.0,27.0,0.2,15.1
2026-04-23,ฉะเชิงเทรา,13.69,101.07,30.7,35.4,27.0,1.0,16.3
2026-04-24,ฉะเชิงเทรา,13.69,101.07,30.7,35.3,26.7,0.4,13.5
2026-04-25,ฉะเชิงเทรา,13.69,101.07,30.5,35.5,26.6,0.2,8.8
2026-04-26,ฉะเชิงเทรา,13.69,101.07,29.4,33.9,24.6,10.7,14.5
2026-04-27,ฉะเชิงเทรา,13.69,101.07,30.1,34.8,26.1,0.5,16.3
2026-04-28,ฉะเชิงเทรา,13.69,101.07,30.7,35.1,27.2,0.3,14.1
2026-04-29,ฉะเชิงเทรา,13.69,101.07,30.6,35.0,27.7,4.0,11.7
2026-04-30,ฉะเชิงเทรา,13.69,101.07,30.1,35.0,27.0,6.0,8.2
2026-05-01,ฉะเชิงเทรา,13.69,101.07,29.1,34.3,24.1,5.1,13.3
2026-05-02,ฉะเชิงเทรา,13.69,101.07,30.1,35.0,26.0,1.5,15.4
2026-05-03,ฉะเชิงเทรา,13.69,101.07,30.9,35.6,27.0,0.2,11.7
2026-05-04,ฉะเชิงเทรา,13.69,101.07,29.5,34.3,25.7,10.2,13.5
2026-05-05,ฉะเชิงเทรา,13.69,101.07,28.6,34.1,23.8,1.7,11.6
2026-05-06,ฉะเชิงเทรา,13.69,101.07,29.8,35.3,24.9,0.5,12.3
2026-05-07,ฉะเชิงเทรา,13.69,101.07,29.2,34.0,26.0,1.9,11.8
2026-05-08,ฉะเชิงเทรา,13.69,101.07,28.0,34.7,25.6,16.7,9.4
2026-05-09,ฉะเชิงเทรา,13.69,101.07,29.4,34.6,25.1,0.6,8.3
2026-05-10,ฉะเชิงเทรา,13.69,101.07,29.4,34.0,26.0,3.0,13.0
2026-05-11,ฉะเชิงเทรา,13.69,101.07,29.4,33.8,25.9,1.8,11.7
2026-05-12,ฉะเชิงเทรา,13.69,101.07,28.4,31.5,26.5,1.2,12.5
2026-05-13,ฉะเชิงเทรา,13.69,101.07,29.0,32.8,26.3,10.0,13.9
2026-05-14,ฉะเชิงเทรา,13.69,101.07,29.8,34.0,26.6,0.5,15.6
2026-05-15,ฉะเชิงเทรา,13.69,101.07,30.4,34.5,27.5,3.0,19.5
2026-05-16,ฉะเชิงเทรา,13.69,101.07,30.6,34.6,26.9,0.6,17.3
2026-05-17,ฉะเชิงเทรา,13.69,101.07,30.7,34.4,27.5,3.6,18.8
2026-05-18,ฉะเชิงเทรา,13.69,101.07,29.6,34.1,27.4,6.5,15.3
2026-05-19,ฉะเชิงเทรา,13.69,101.07,29.1,33.2,26.8,1.9,15.6
2026-05-20,ฉะเชิงเทรา,13.69,101.07,29.3,34.3,25.4,2.1,15.1
2026-05-21,ฉะเชิงเทรา,13.69,101.07,29.5,35.6,25.6,2.9,15.2
2026-05-22,ฉะเชิงเทรา,13.69,101.07,29.1,33.3,26.9,1.6,12.4
2026-05-23,ฉะเชิงเทรา,13.69,101.07,29.9,33.6,26.3,1.3,15.6
2026-05-24,ฉะเชิงเทรา,13.69,101.07,31.0,35.7,27.5,0.2,13.4
2026-05-25,ฉะเชิงเทรา,13.69,101.07,30.4,35.2,25.9,5.8,15.5
2026-05-26,ฉะเชิงเทรา,13.69,101.07,30.9,35.0,27.3,0.1,15.7
2026-05-27,ฉะเชิงเทรา,13.69,101.07,30.7,35.5,27.3,2.7,12.2
2026-05-28,ฉะเชิงเทรา,13.69,101.07,30.9,36.0,27.1,2.4,16.7
2026-05-29,ฉะเชิงเทรา,13.69,101.07,30.7,36.8,27.3,1.1,22.1
2026-05-30,ฉะเชิงเทรา,13.69,101.07,29.3,34.3,26.1,8.3,10.2
2026-05-31,ฉะเชิงเทรา,13.69,101.07,28.9,36.0,26.4,7.8,16.8
2026-06-01,ฉะเชิงเทรา,13.69,101.07,29.6,35.6,26.2,2.9,14.6
2026-06-02,ฉะเชิงเทรา,13.69,101.07,29.0,34.6,26.0,8.4,14.5
2026-06-03,ฉะเชิงเทรา,13.69,101.07,29.3,34.7,26.2,4.6,14.4
2026-06-04,ฉะเชิงเทรา,13.69,101.07,29.0,33.5,26.5,4.4,20.2
2026-06-05,ฉะเชิงเทรา,13.69,101.07,28.7,32.8,25.5,7.3,24.6
2026-06-06,ฉะเชิงเทรา,13.69,101.07,28.6,32.8,25.0,8.0,23.8
2026-06-07,ฉะเชิงเทรา,13.69,101.07,28.5,31.5,27.4,17.5,17.0
2026-06-08,ฉะเชิงเทรา,13.69,101.07,28.7,32.1,25.4,9.9,18.6
2026-06-09,ฉะเชิงเทรา,13.69,101.07,28.7,32.8,26.5,13.3,21.3
2026-06-10,ฉะเชิงเทรา,13.69,101.07,28.5,32.1,26.5,6.3,18.3
2026-06-11,ฉะเชิงเทรา,13.69,101.07,28.3,33.7,25.1,8.5,18.2
2026-06-12,ฉะเชิงเทรา,13.69,101.07,27.3,30.9,25.2,17.6,8.7
2026-06-13,ฉะเชิงเทรา,13.69,101.07,29.3,34.0,25.5,1.3,10.3
2026-06-14,ฉะเชิงเทรา,13.69,101.07,29.5,34.3,26.9,2.6,12.1
2026-06-15,ฉะเชิงเทรา,13.69,101.07,29.4,32.8,26.7,1.0,10.8
2026-06-16,ฉะเชิงเทรา,13.69,101.07,29.2,34.1,26.2,1.8,13.9
2026-06-17,ฉะเชิงเทรา,13.69,101.07,29.1,34.4,25.6,1.2,11.9
2026-06-18,ฉะเชิงเทรา,13.69,101.07,28.7,34.3,26.6,7.5,14.2
2026-06-19,ฉะเชิงเทรา,13.69,101.07,27.6,32.7,25.5,20.7,15.4
2026-06-20,ฉะเชิงเทรา,13.69,101.07,28.0,31.8,25.1,6.5,10.6
2026-06-21,ฉะเชิงเทรา,13.69,101.07,29.6,34.7,26.3,0.6,11.9
2026-06-22,ฉะเชิงเทรา,13.69,101.07,29.4,34.5,25.7,0.3,13.5
2026-06-23,ฉะเชิงเทรา,13.69,101.07,29.4,34.1,27.4,4.0,17.8
2026-06-24,ฉะเชิงเทรา,13.69,101.07,29.8,34.1,25.9,2.6,15.9
2026-06-25,ฉะเชิงเทรา,13.69,101.07,28.9,33.3,25.1,8.1,13.9
2026-06-26,ฉะเชิงเทรา,13.69,101.07,28.7,33.5,25.5,5.2,11.5
2026-06-27,ฉะเชิงเทรา,13.69,101.07,29.4,33.3,26.6,3.1,12.8
2026-06-28,ฉะเชิงเทรา,13.69,101.07,28.9,34.0,25.9,9.5,17.2
2026-06-29,ฉะเชิงเทรา,13.69,101.07,29.2,34.3,26.4,3.8,16.3
2026-06-30,ฉะเชิงเทรา,13.69,101.07,28.8,33.9,25.6,7.1,17.2
2026-07-01,ฉะเชิงเทรา,13.69,101.07,29.3,32.8,26.1,3.0,15.7
2026-07-02,ฉะเชิงเทรา,13.69,101.07,28.2,32.6,25.7,22.6,14.7
2026-07-03,ฉะเชิงเทรา,13.69,101.07,27.8,30.2,26.3,9.9,15.9
2026-07-04,ฉะเชิงเทรา,13.69,101.07,27.2,29.1,25.1,9.2,17.0
2026-07-05,ฉะเชิงเทรา,13.69,101.07,28.1,31.8,25.6,11.3,13.9
2026-07-06,ฉะเชิงเทรา,13.69,101.07,27.7,30.7,25.4,33.7,11.6
2026-07-07,ฉะเชิงเทรา,13.69,101.07,27.8,32.9,25.4,14.9,14.3
2026-07-08,ฉะเชิงเทรา,13.69,101.07,29.2,32.3,26.6,1.5,17.5
2026-07-09,ฉะเชิงเทรา,13.69,101.07,28.6,32.1,26.1,7.3,17.6
2026-07-10,ฉะเชิงเทรา,13.69,101.07,29.3,32.0,27.2,0.4,18.2
2026-07-11,ฉะเชิงเทรา,13.69,101.07,28.9,32.6,26.1,4.2,18.5
2026-07-12,ฉะเชิงเทรา,13.69,101.07,27.7,31.3,25.7,10.7,22.3
2026-07-13,ฉะเชิงเทรา,13.69,101.07,27.3,29.6,25.7,5.3,19.0
2026-07-14,ฉะเชิงเทรา,13.69,101.07,28.1,31.2,25.0,20.6,18.8
2026-07-15,ฉะเชิงเทรา,13.69,101.07,28.3,31.7,26.4,6.2,19.0
2026-07-16,ฉะเชิงเทรา,13.69,101.07,27.5,31.9,25.8,11.1,19.1
2026-07-17,ฉะเชิงเทรา,13.69,101.07,27.2,29.8,25.6,12.2,14.2
2026-07-18,ฉะเชิงเทรา,13.69,101.07,29.0,33.3,25.5,0.0,13.7
2026-07-19,ฉะเชิงเทรา,13.69,101.07,29.5,33.5,26.1,0.0,13.4
2026-07-20,ฉะเชิงเทรา,13.69,101.07,29.1,33.3,25.3,0.0,14.3
2026-07-21,ฉะเชิงเทรา,13.69,101.07,28.8,32.4,26.5,3.0,12.4
2026-07-22,ฉะเชิงเทรา,13.69,101.07,28.0,33.3,24.3,12.2,17.7
2026-07-23,ฉะเชิงเทรา,13.69,101.07,27.4,30.8,24.4,15.4,14.5
2026-07-24,ฉะเชิงเทรา,13.69,101.07,28.4,34.0,26.0,6.8,18.7
2026-07-25,ฉะเชิงเทรา,13.69,101.07,28.4,34.4,26.2,14.1,18.1
2026-07-26,ฉะเชิงเทรา,13.69,101.07,28.3,32.9,25.9,10.3,16.3
2026-07-27,ฉะเชิงเทรา,13.69,101.07,27.9,32.2,25.2,10.7,20.7
2026-07-28,ฉะเชิงเทรา,13.69,101.07,27.6,31.8,25.8,8.1,18.3
2026-07-29,ฉะเชิงเทรา,13.69,101.07,27.0,29.8,25.8,21.8,15.1
2026-07-30,ฉะเชิงเทรา,13.69,101.07,26.7,30.1,25.2,17.1,11.3
2026-07-31,ฉะเชิงเทรา,13.69,101.07,27.1,30.0,24.7,10.9,16.5
2026-08-01,ฉะเชิงเทรา,13.69,101.07,28.4,32.0,25.7,6.5,12.5
2026-08-02,ฉะเชิงเทรา,13.69,101.07,28.4,31.6,25.9,4.5,15.1
2026-08-03,ฉะเชิงเทรา,13.69,101.07,29.2,33.0,25.8,0.8,14.1
2026-08-04,ฉะเชิงเทรา,13.69,101.07,28.7,32.7,26.0,5.4,16.7
2026-08-05,ฉะเชิงเทรา,13.69,101.07,27.6,31.6,24.8,16.6,22.2
2026-08-06,ฉะเชิงเทรา,13.69,101.07,27.7,31.0,24.5,13.0,19.5
2026-08-07,ฉะเชิงเทรา,13.69,101.07,28.2,30.5,26.4,3.0,16.6
2026-08-08,ฉะเชิงเทรา,13.69,101.07,27.6,30.5,25.4,10.9,15.2
2026-08-09,ฉะเชิงเทรา,13.69,101.07,27.3,30.3,26.1,15.7,14.8
2026-08-10,ฉะเชิงเทรา,13.69,101.07,27.5,31.6,25.2,12.9,16.1
2026-08-11,ฉะเชิงเทรา,13.69,101.07,27.5,29.8,26.1,4.4,16.6
2026-08-12,ฉะเชิงเทรา,13.69,101.07,28.0,31.5,26.6,18.2,14.8
2026-08-13,ฉะเชิงเทรา,13.69,101.07,28.4,30.7,26.4,6.7,18.7
2026-08-14,ฉะเชิงเทรา,13.69,101.07,28.3,31.9,26.3,10.8,17.7
2026-08-15,ฉะเชิงเทรา,13.69,101.07,28.1,31.0,27.0,12.2,14.5
2026-08-16,ฉะเชิงเทรา,13.69,101.07,28.6,31.1,26.3,1.6,14.3
2026-08-17,ฉะเชิงเทรา,13.69,101.07,28.3,32.8,25.0,8.5,21.6
2026-08-18,ฉะเชิงเทรา,13.69,101.07,28.0,33.0,25.3,21.2,21.8
2026-08-19,ฉะเชิงเทรา,13.69,101.07,27.6,31.2,25.8,18.6,18.1
2026-08-20,ฉะเชิงเทรา,13.69,101.07,26.5,27.8,25.1,10.7,17.5
2026-08-21,ฉะเชิงเทรา,13.69,101.07,27.2,31.5,25.1,9.8,18.7
2026-08-22,ฉะเชิงเทรา,13.69,101.07,27.5,30.1,25.8,9.1,20.9
2026-08-23,ฉะเชิงเทรา,13.69,101.07,26.8,30.3,25.5,21.8,15.1
2026-08-24,ฉะเชิงเทรา,13.69,101.07,28.8,32.2,26.2,1.5,18.3
2026-08-25,ฉะเชิงเทรา,13.69,101.07,28.2,32.1,25.7,14.6,19.2
2026-08-26,ฉะเชิงเทรา,13.69,101.07,28.2,30.6,25.7,2.9,20.9
2026-08-27,ฉะเชิงเทรา,13.69,101.07,28.4,31.2,26.9,5.6,22.1
2026-08-28,ฉะเชิงเทรา,13.69,101.07,27.4,29.3,26.0,27.1,17.5
2026-08-29,ฉะเชิงเทรา,13.69,101.07,26.5,28.1,24.7,34.0,18.1
2026-08-30,ฉะเชิงเทรา,13.69,101.07,27.4,30.7,25.8,7.5,19.0
2026-08-31,ฉะเชิงเทรา,13.69,101.07,26.6,29.3,25.6,14.2,13.1
2026-09-01,ฉะเชิงเทรา,13.69,101.07,27.5,30.7,25.5,3.5,14.0
2026-09-02,ฉะเชิงเทรา,13.69,101.07,27.9,32.3,25.7,9.7,17.3
2026-09-03,ฉะเชิงเทรา,13.69,101.07,28.9,32.9,25.6,1.3,15.5
2026-09-04,ฉะเชิงเทรา,13.69,101.07,28.9,33.6,25.9,0.5,14.6
2026-09-05,ฉะเชิงเทรา,13.69,101.07,29.4,33.6,26.7,2.2,15.3
2026-09-06,ฉะเชิงเทรา,13.69,101.07,28.3,33.7,25.9,9.5,15.0
2026-09-07,ฉะเชิงเทรา,13.69,101.07,28.5,32.2,25.9,4.6,13.9
2026-09-08,ฉะเชิงเทรา,13.69,101.07,29.0,32.8,26.4,8.6,15.0
2026-09-09,ฉะเชิงเทรา,13.69,101.07,29.2,32.9,26.5,0.8,12.7
2026-09-10,ฉะเชิงเทรา,13.69,101.07,27.3,30.6,25.0,23.3,10.5
2026-09-11,ฉะเชิงเทรา,13.69,101.07,27.0,31.8,24.6,9.0,13.9
2026-09-12,ฉะเชิงเทรา,13.69,101.07,27.1,32.0,24.7,12.5,15.2
2026-09-13,ฉะเชิงเทรา,13.69,101.07,27.9,31.9,24.7,2.5,16.6
2026-09-14,ฉะเชิงเทรา,13.69,101.07,27.0,29.9,24.7,4.8,13.7
2026-09-15,ฉะเชิงเทรา,13.69,101.07,26.6,29.9,24.9,19.1,12.2
2026-09-16,ฉะเชิงเทรา,13.69,101.07,27.2,32.5,25.1,16.3,11.5
2026-09-17,ฉะเชิงเทรา,13.69,101.07,26.9,29.7,25.3,4.5,8.7
2026-09-18,ฉะเชิงเทรา,13.69,101.07,27.3,31.3,24.9,18.1,12.7
2026-09-19,ฉะเชิงเทรา,13.69,101.07,27.1,30.9,24.9,14.1,11.7
2026-09-20,ฉะเชิงเทรา,13.69,101.07,27.4,32.0,24.7,13.4,7.5
2026-09-21,ฉะเชิงเทรา,13.69,101.07,27.0,30.9,25.1,17.1,11.8
2026-09-22,ฉะเชิงเทรา,13.69,101.07,27.1,31.6,24.9,7.5,13.8
2026-09-23,ฉะเชิงเทรา,13.69,101.07,27.1,31.3,24.9,11.5,12.5
2026-09-24,ฉะเชิงเทรา,13.69,101.07,25.9,28.4,24.8,18.8,13.3
2021-01-01,นครศรีธรรมราช,8.43,99.96,26.2,27.5,24.8,3.5,22.5
2021-01-02,นครศรีธรรมราช,8.43,99.96,26.1,28.4,24.1,2.1,21.7
2021-01-03,นครศรีธรรมราช,8.43,99.96,26.3,28.7,24.8,1.0,17.8
2021-01-04,นครศรีธรรมราช,8.43,99.96,26.4,28.7,24.1,2.3,17.8
2021-01-05,นครศรีธรรมราช,8.43,99.96,25.7,28.2,24.1,14.2,20.0
2021-01-06,นครศรีธรรมราช,8.43,99.96,25.8,27.7,24.2,19.0,13.0
2021-01-07,นครศรีธรรมราช,8.43,99.96,25.8,28.9,23.8,18.7,16.7
2021-01-08,นครศรีธรรมราช,8.43,99.96,26.1,29.2,23.7,7.9,15.2
2021-01-09,นครศรีธรรมราช,8.43,99.96,25.5,28.4,23.1,12.2,21.1
2021-01-10,นครศรีธรรมราช,8.43,99.96,25.6,27.9,23.0,1.9,20.2
2021-01-11,นครศรีธรรมราช,8.43,99.96,24.8,27.8,21.1,3.1,18.5
2021-01-12,นครศรีธรรมราช,8.43,99.96,25.8,27.7,24.1,1.6,23.9
2021-01-13,นครศรีธรรมราช,8.43,99.96,25.1,27.5,23.4,4.1,19.8
2021-01-14,นครศรีธรรมราช,8.43,99.96,25.2,28.3,22.2,0.7,15.7
2021-01-15,นครศรีธรรมราช,8.43,99.96,25.7,28.4,22.4,2.3,17.2
2021-01-16,นครศรีธรรมราช,8.43,99.96,25.8,29.0,22.3,1.2,16.2
2021-01-17,นครศรีธรรมราช,8.43,99.96,25.7,28.9,22.1,0.5,16.6
2021-01-18,นครศรีธรรมราช,8.43,99.96,25.8,28.5,23.6,1.4,22.3
2021-01-19,นครศรีธรรมราช,8.43,99.96,25.1,27.8,22.4,2.2,14.5
2021-01-20,นครศรีธรรมราช,8.43,99.96,25.1,28.2,21.3,2.7,8.4
2021-01-21,นครศรีธรรมราช,8.43,99.96,24.9,28.2,21.4,2.0,11.7
2021-01-22,นครศรีธรรมราช,8.43,99.96,25.0,28.4,21.2,1.1,7.9
2021-01-23,นครศรีธรรมราช,8.43,99.96,25.8,29.5,22.4,0.9,6.9
2021-01-24,นครศรีธรรมราช,8.43,99.96,25.9,29.4,22.7,1.8,10.1
2021-01-25,นครศรีธรรมราช,8.43,99.96,26.2,29.8,22.8,1.4,12.6
2021-01-26,นครศรีธรรมราช,8.43,99.96,26.1,29.9,22.6,1.4,13.6
2021-01-27,นครศรีธรรมราช,8.43,99.96,25.9,29.1,22.9,3.5,14.1
2021-01-28,นครศรีธรรมราช,8.43,99.96,26.1,30.0,22.5,2.0,14.8
2021-01-29,นครศรีธรรมราช,8.43,99.96,26.2,30.0,23.4,2.2,17.5
2021-01-30,นครศรีธรรมราช,8.43,99.96,26.0,28.8,23.4,3.5,15.5
2021-01-31,นครศรีธรรมราช,8.43,99.96,26.3,30.0,24.0,5.2,14.7
2021-02-01,นครศรีธรรมราช,8.43,99.96,25.8,28.9,21.9,2.9,15.9
2021-02-02,นครศรีธรรมราช,8.43,99.96,26.1,30.1,22.1,1.9,12.5
2021-02-03,นครศรีธรรมราช,8.43,99.96,26.3,29.5,23.5,3.4,14.8
2021-02-04,นครศรีธรรมราช,8.43,99.96,25.6,29.1,22.3,2.6,16.9
2021-02-05,นครศรีธรรมราช,8.43,99.96,25.9,29.6,22.2,1.9,16.6
2021-02-06,นครศรีธรรมราช,8.43,99.96,26.5,30.3,23.4,0.6,14.8
2021-02-07,นครศรีธรรมราช,8.43,99.96,26.4,30.8,22.1,0.7,14.1
2021-02-08,นครศรีธรรมราช,8.43,99.96,26.5,30.6,21.9,1.7,12.8
2021-02-09,นครศรีธรรมราช,8.43,99.96,26.8,31.0,23.0,0.5,10.8
2021-02-10,นครศรีธรรมราช,8.43,99.96,26.6,30.5,22.6,0.8,14.8
2021-02-11,นครศรีธรรมราช,8.43,99.96,26.2,29.5,22.9,4.2,12.2
2021-02-12,นครศรีธรรมราช,8.43,99.96,26.9,30.0,24.4,1.2,13.8
2021-02-13,นครศรีธรรมราช,8.43,99.96,26.8,30.8,22.6,0.4,11.3
2021-02-14,นครศรีธรรมราช,8.43,99.96,26.0,30.6,21.9,0.2,12.5
2021-02-15,นครศรีธรรมราช,8.43,99.96,25.9,30.7,21.2,0.0,12.3
2021-02-16,นครศรีธรรมราช,8.43,99.96,25.9,30.9,21.8,0.5,13.0
2021-02-17,นครศรีธรรมราช,8.43,99.96,25.7,30.8,21.0,0.4,18.1
2021-02-18,นครศรีธรรมราช,8.43,99.96,26.0,30.1,21.2,0.4,21.4
2021-02-19,นครศรีธรรมราช,8.43,99.96,26.2,29.7,22.9,0.3,21.7
2021-02-20,นครศรีธรรมราช,8.43,99.96,26.5,29.1,23.0,3.3,22.3
2021-02-21,นครศรีธรรมราช,8.43,99.96,26.4,30.1,23.4,0.3,17.1
2021-02-22,นครศรีธรรมราช,8.43,99.96,25.2,31.0,19.0,0.0,12.3
2021-02-23,นครศรีธรรมราช,8.43,99.96,24.1,30.0,19.1,0.0,12.4
2021-02-24,นครศรีธรรมราช,8.43,99.96,24.5,30.8,18.4,0.0,12.5
2021-02-25,นครศรีธรรมราช,8.43,99.96,25.3,30.4,20.7,0.0,14.1
2021-02-26,นครศรีธรรมราช,8.43,99.96,25.8,33.0,20.5,0.0,15.9
2021-02-27,นครศรีธรรมราช,8.43,99.96,25.3,31.9,19.0,0.0,12.5
2021-02-28,นครศรีธรรมราช,8.43,99.96,26.1,32.2,20.7,0.3,13.7
2021-03-01,นครศรีธรรมราช,8.43,99.96,26.3,31.3,21.7,1.0,13.8
2021-03-02,นครศรีธรรมราช,8.43,99.96,26.9,31.9,23.1,0.4,14.7
2021-03-03,นครศรีธรรมราช,8.43,99.96,27.7,31.8,23.8,2.3,14.3
2021-03-04,นครศรีธรรมราช,8.43,99.96,27.6,31.5,24.2,3.5,20.6
2021-03-05,นครศรีธรรมราช,8.43,99.96,27.6,32.1,24.2,0.1,15.1
2021-03-06,นครศรีธรรมราช,8.43,99.96,26.9,31.2,23.1,3.1,16.4
2021-03-07,นครศรีธรรมราช,8.43,99.96,27.1,32.0,21.9,0.2,15.8
2021-03-08,นครศรีธรรมราช,8.43,99.96,26.6,31.6,21.8,0.6,14.0
2021-03-09,นครศรีธรรมราช,8.43,99.96,26.8,31.9,21.7,0.1,16.1
2021-03-10,นครศรีธรรมราช,8.43,99.96,26.5,31.0,21.5,0.8,15.3
2021-03-11,นครศรีธรรมราช,8.43,99.96,27.5,31.6,23.2,0.9,16.3
2021-03-12,นครศรีธรรมราช,8.43,99.96,27.0,31.1,23.5,3.6,13.2
2021-03-13,นครศรีธรรมราช,8.43,99.96,27.2,31.7,22.5,0.4,16.0
2021-03-14,นครศรีธรรมราช,8.43,99.96,27.3,32.0,22.7,0.2,14.8
2021-03-15,นครศรีธรรมราช,8.43,99.96,27.3,32.3,22.9,0.5,13.9
2021-03-16,นครศรีธรรมราช,8.43,99.96,27.1,32.2,22.7,0.1,15.7
2021-03-17,นครศรีธรรมราช,8.43,99.96,26.6,33.1,21.4,0.0,11.8
2021-03-18,นครศรีธรรมราช,8.43,99.96,26.6,32.2,20.9,0.0,14.0
2021-03-19,นครศรีธรรมราช,8.43,99.96,26.9,32.6,22.1,0.0,14.3
2021-03-20,นครศรีธรรมราช,8.43,99.96,27.0,32.8,21.3,0.5,12.3
2021-03-21,นครศรีธรรมราช,8.43,99.96,27.8,33.5,22.8,0.2,16.1
2021-03-22,นครศรีธรรมราช,8.43,99.96,27.3,31.4,23.9,2.5,19.1
2021-03-23,นครศรีธรรมราช,8.43,99.96,27.3,30.3,23.5,5.2,18.1
2021-03-24,นครศรีธรรมราช,8.43,99.96,26.9,30.3,24.6,17.4,15.1
2021-03-25,นครศรีธรรมราช,8.43,99.96,27.0,29.7,24.9,14.0,16.2
2021-03-26,นครศรีธรรมราช,8.43,99.96,27.8,31.9,24.3,0.8,15.6
2021-03-27,นครศรีธรรมราช,8.43,99.96,27.8,31.6,24.5,1.9,15.9
2021-03-28,นครศรีธรรมราช,8.43,99.96,27.8,31.1,24.7,10.0,13.4
2021-03-29,นครศรีธรรมราช,8.43,99.96,27.8,32.6,23.4,1.6,10.7
2021-03-30,นครศรีธรรมราช,8.43,99.96,28.0,32.3,23.8,7.1,10.1
2021-03-31,นครศรีธรรมราช,8.43,99.96,28.3,33.1,24.8,0.7,8.0
2021-04-01,นครศรีธรรมราช,8.43,99.96,28.2,33.4,24.7,6.7,9.0
2021-04-02,นครศรีธรรมราช,8.43,99.96,28.3,33.2,25.1,2.4,16.1
2021-04-03,นครศรีธรรมราช,8.43,99.96,28.2,33.3,23.1,0.6,8.6
2021-04-04,นครศรีธรรมราช,8.43,99.96,28.0,32.1,24.8,5.1,6.9
2021-04-05,นครศรีธรรมราช,8.43,99.96,27.9,32.0,24.2,1.0,11.3
2021-04-06,นครศรีธรรมราช,8.43,99.96,27.8,30.9,25.5,11.3,11.1
2021-04-07,นครศรีธรรมราช,8.43,99.96,28.4,31.6,25.4,7.5,11.5
2021-04-08,นครศรีธรรมราช,8.43,99.96,27.9,30.6,24.8,1.2,7.7
2021-04-09,นครศรีธรรมราช,8.43,99.96,28.3,32.4,24.0,0.7,10.0
2021-04-10,นครศรีธรรมราช,8.43,99.96,28.1,32.3,23.8,1.9,10.6
2021-04-11,นครศรีธรรมราช,8.43,99.96,28.2,32.2,25.2,5.7,14.6
2021-04-12,นครศรีธรรมราช,8.43,99.96,27.9,31.2,25.4,5.5,12.6
2021-04-13,นครศรีธรรมราช,8.43,99.96,27.7,32.0,24.4,6.6,12.4
2021-04-14,นครศรีธรรมราช,8.43,99.96,27.6,31.8,23.3,0.5,11.2
2021-04-15,นครศรีธรรมราช,8.43,99.96,27.8,32.3,23.7,1.7,6.6
2021-04-16,นครศรีธรรมราช,8.43,99.96,27.9,32.1,24.5,0.9,6.0
2021-04-17,นครศรีธรรมราช,8.43,99.96,27.9,32.3,23.7,2.3,10.5
2021-04-18,นครศรีธรรมราช,8.43,99.96,27.9,31.6,24.5,1.2,9.7
2021-04-19,นครศรีธรรมราช,8.43,99.96,27.6,32.3,24.5,10.9,8.1
2021-04-20,นครศรีธรรมราช,8.43,99.96,27.6,32.3,23.1,6.4,7.7
2021-04-21,นครศรีธรรมราช,8.43,99.96,27.8,32.5,23.4,1.9,7.9
2021-04-22,นครศรีธรรมราช,8.43,99.96,27.5,32.6,23.9,12.0,11.6
2021-04-23,นครศรีธรรมราช,8.43,99.96,27.4,32.7,23.8,7.6,13.9
2021-04-24,นครศรีธรรมราช,8.43,99.96,28.2,33.9,24.0,0.7,10.0
2021-04-25,นครศรีธรรมราช,8.43,99.96,27.9,33.9,23.8,7.8,8.7
2021-04-26,นครศรีธรรมราช,8.43,99.96,28.1,33.6,23.5,3.3,7.6
2021-04-27,นครศรีธรรมราช,8.43,99.96,28.0,31.1,24.4,2.8,5.4
2021-04-28,นครศรีธรรมราช,8.43,99.96,28.0,31.3,25.8,1.3,15.5
2021-04-29,นครศรีธรรมราช,8.43,99.96,27.4,30.9,24.3,9.0,10.2
2021-04-30,นครศรีธรรมราช,8.43,99.96,27.1,31.2,24.3,23.1,10.1
2021-05-01,นครศรีธรรมราช,8.43,99.96,27.4,31.3,23.9,10.3,11.5
2021-05-02,นครศรีธรรมราช,8.43,99.96,27.4,31.2,24.6,9.4,11.4
2021-05-03,นครศรีธรรมราช,8.43,99.96,28.5,32.2,25.1,3.1,13.3
2021-05-04,นครศรีธรรมราช,8.43,99.96,28.5,32.4,24.7,0.6,11.3
2021-05-05,นครศรีธรรมราช,8.43,99.96,28.1,31.5,25.8,8.3,13.4
2021-05-06,นครศรีธรรมราช,8.43,99.96,26.3,27.6,24.9,30.3,13.3
2021-05-07,นครศรีธรรมราช,8.43,99.96,27.6,30.9,25.1,18.7,12.6
2021-05-08,นครศรีธรรมราช,8.43,99.96,26.8,29.5,25.0,7.4,11.3
2021-05-09,นครศรีธรรมราช,8.43,99.96,28.0,31.3,23.8,1.6,9.5
2021-05-10,นครศรีธรรมราช,8.43,99.96,28.3,31.6,24.6,5.3,11.4
2021-05-11,นครศรีธรรมราช,8.43,99.96,28.8,32.4,25.1,1.1,10.7
2021-05-12,นครศรีธรรมราช,8.43,99.96,28.0,31.4,24.5,8.2,9.4
2021-05-13,นครศรีธรรมราช,8.43,99.96,28.6,32.3,24.7,0.8,11.6
2021-05-14,นครศรีธรรมราช,8.43,99.96,28.6,32.9,23.9,1.3,8.2
2021-05-15,นครศรีธรรมราช,8.43,99.96,28.9,32.3,25.2,2.6,10.7
2021-05-16,นครศรีธรรมราช,8.43,99.96,28.5,32.3,25.5,19.7,11.8
2021-05-17,นครศรีธรรมราช,8.43,99.96,28.4,32.3,25.2,1.6,10.1
2021-05-18,นครศรีธรรมราช,8.43,99.96,28.1,31.8,25.2,10.9,8.0
2021-05-19,นครศรีธรรมราช,8.43,99.96,27.9,31.7,25.2,8.3,6.6
2021-05-20,นครศรีธรรมราช,8.43,99.96,28.5,33.0,25.2,0.0,9.9
2021-05-21,นครศรีธรรมราช,8.43,99.96,28.5,31.8,25.2,0.9,11.8
2021-05-22,นครศรีธรรมราช,8.43,99.96,28.1,32.4,25.3,1.6,10.5
2021-05-23,นครศรีธรรมราช,8.43,99.96,27.7,33.2,24.9,0.2,13.1
2021-05-24,นครศรีธรรมราช,8.43,99.96,28.4,33.1,24.1,0.4,9.9
2021-05-25,นครศรีธรรมราช,8.43,99.96,27.7,32.3,23.4,5.0,13.1
2021-05-26,นครศรีธรรมราช,8.43,99.96,27.2,29.9,25.0,1.7,7.2
2021-05-27,นครศรีธรรมราช,8.43,99.96,27.4,31.7,25.1,5.8,13.4
2021-05-28,นครศรีธรรมราช,8.43,99.96,27.6,31.1,24.9,8.8,10.1
2021-05-29,นครศรีธรรมราช,8.43,99.96,28.4,32.9,24.5,3.6,7.7
2021-05-30,นครศรีธรรมราช,8.43,99.96,27.9,32.7,24.7,2.3,11.1
2021-05-31,นครศรีธรรมราช,8.43,99.96,28.0,32.7,24.1,5.9,8.7
2021-06-01,นครศรีธรรมราช,8.43,99.96,28.5,31.2,25.6,3.1,9.1
2021-06-02,นครศรีธรรมราช,8.43,99.96,28.6,31.7,25.5,0.8,9.0
2021-06-03,นครศรีธรรมราช,8.43,99.96,29.0,32.7,25.7,3.2,8.9
2021-06-04,นครศรีธรรมราช,8.43,99.96,28.8,32.5,24.9,1.1,9.0
2021-06-05,นครศรีธรรมราช,8.43,99.96,28.0,31.7,25.1,12.6,12.4
2021-06-06,นครศรีธรรมราช,8.43,99.96,28.3,33.4,24.3,4.7,12.2
2021-06-07,นครศรีธรรมราช,8.43,99.96,28.9,33.0,25.0,0.0,11.8
2021-06-08,นครศรีธรรมราช,8.43,99.96,28.1,32.1,25.2,0.1,15.3
2021-06-09,นครศรีธรรมราช,8.43,99.96,28.5,33.3,24.5,0.1,14.1
2021-06-10,นครศรีธรรมราช,8.43,99.96,27.8,30.8,25.5,0.1,12.9
2021-06-11,นครศรีธรรมราช,8.43,99.96,28.0,33.2,23.7,2.8,11.1
2021-06-12,นครศรีธรรมราช,8.43,99.96,28.0,32.4,24.9,1.4,13.3
2021-06-13,นครศรีธรรมราช,8.43,99.96,28.8,33.0,25.7,0.0,16.4
2021-06-14,นครศรีธรรมราช,8.43,99.96,28.9,33.7,24.9,0.1,15.6
2021-06-15,นครศรีธรรมราช,8.43,99.96,29.2,33.4,24.8,0.0,12.1
2021-06-16,นครศรีธรรมราช,8.43,99.96,28.7,33.5,24.7,0.4,9.7
2021-06-17,นครศรีธรรมราช,8.43,99.96,28.5,33.8,23.2,1.4,5.7
2021-06-18,นครศรีธรรมราช,8.43,99.96,28.3,32.7,24.1,0.1,12.0
2021-06-19,นครศรีธรรมราช,8.43,99.96,28.4,32.8,24.1,0.9,8.7
2021-06-20,นครศรีธรรมราช,8.43,99.96,28.5,34.7,24.1,5.4,10.0
2021-06-21,นครศรีธรรมราช,8.43,99.96,28.7,33.0,25.1,0.2,12.7
2021-06-22,นครศรีธรรมราช,8.43,99.96,28.5,34.0,24.0,2.7,11.3
2021-06-23,นครศรีธรรมราช,8.43,99.96,28.3,33.2,24.1,0.5,16.1
2021-06-24,นครศรีธรรมราช,8.43,99.96,28.2,33.5,23.2,1.7,8.9
2021-06-25,นครศรีธรรมราช,8.43,99.96,28.5,34.2,23.7,0.9,17.0
2021-06-26,นครศรีธรรมราช,8.43,99.96,28.8,33.8,23.6,2.8,6.4
2021-06-27,นครศรีธรรมราช,8.43,99.96,28.8,34.4,24.3,2.3,5.9
2021-06-28,นครศรีธรรมราช,8.43,99.96,28.8,33.9,24.4,1.6,10.2
2021-06-29,นครศรีธรรมราช,8.43,99.96,29.1,34.3,23.9,0.4,20.9
2021-06-30,นครศรีธรรมราช,8.43,99.96,28.8,35.0,24.1,1.8,10.4
2021-07-01,นครศรีธรรมราช,8.43,99.96,28.7,34.0,23.7,4.4,7.9
2021-07-02,นครศรีธรรมราช,8.43,99.96,29.0,33.0,25.5,0.7,10.0
2021-07-03,นครศรีธรรมราช,8.43,99.96,29.5,34.1,25.4,2.5,9.3
2021-07-04,นครศรีธรรมราช,8.43,99.96,29.6,34.9,26.1,2.5,9.7
2021-07-05,นครศรีธรรมราช,8.43,99.96,29.0,34.7,25.0,2.6,13.5
2021-07-06,นครศรีธรรมราช,8.43,99.96,28.8,32.7,26.0,0.1,19.8
2021-07-07,นครศรีธรรมราช,8.43,99.96,28.7,32.5,26.1,0.3,13.2
2021-07-08,นครศรีธรรมราช,8.43,99.96,28.3,33.1,23.9,0.4,10.8
2021-07-09,นครศรีธรรมราช,8.43,99.96,27.5,31.2,25.6,3.9,13.0
2021-07-10,นครศรีธรรมราช,8.43,99.96,26.5,28.7,24.4,13.5,9.4
2021-07-11,นครศรีธรรมราช,8.43,99.96,28.1,32.2,24.4,0.0,8.0
2021-07-12,นครศรีธรรมราช,8.43,99.96,28.8,33.2,24.6,5.1,8.9
2021-07-13,นครศรีธรรมราช,8.43,99.96,28.6,33.0,25.1,1.0,9.6
2021-07-14,นครศรีธรรมราช,8.43,99.96,28.0,31.3,24.7,3.0,12.8
2021-07-15,นครศรีธรรมราช,8.43,99.96,28.3,32.6,25.2,0.1,9.2
2021-07-16,นครศรีธรรมราช,8.43,99.96,27.9,31.4,24.8,0.1,6.8
2021-07-17,นครศรีธรรมราช,8.43,99.96,29.6,35.6,24.0,0.0,12.7
2021-07-18,นครศรีธรรมราช,8.43,99.96,29.7,35.7,23.2,0.0,14.6
2021-07-19,นครศรีธรรมราช,8.43,99.96,30.0,34.6,25.5,0.0,17.0
2021-07-20,นครศรีธรรมราช,8.43,99.96,29.9,35.2,24.6,0.0,21.8
2021-07-21,นครศรีธรรมราช,8.43,99.96,29.9,33.9,26.9,0.0,18.2
2021-07-22,นครศรีธรรมราช,8.43,99.96,30.9,36.0,27.0,0.0,19.5
2021-07-23,นครศรีธรรมราช,8.43,99.96,30.4,36.6,25.0,0.0,20.1
2021-07-24,นครศรีธรรมราช,8.43,99.96,30.8,35.7,27.0,0.0,17.7
2021-07-25,นครศรีธรรมราช,8.43,99.96,30.7,35.7,26.2,0.0,16.2
2021-07-26,นครศรีธรรมราช,8.43,99.96,30.6,35.5,26.2,0.0,20.7
2021-07-27,นครศรีธรรมราช,8.43,99.96,30.5,36.6,25.7,0.3,21.6
2021-07-28,นครศรีธรรมราช,8.43,99.96,29.9,34.4,26.5,1.7,17.0
2021-07-29,นครศรีธรรมราช,8.43,99.96,29.6,34.0,27.0,3.2,19.3
2021-07-30,นครศรีธรรมราช,8.43,99.96,27.4,29.3,26.1,14.3,11.2
2021-07-31,นครศรีธรรมราช,8.43,99.96,29.0,33.2,25.6,0.3,14.4
2021-08-01,นครศรีธรรมราช,8.43,99.96,28.3,31.6,25.8,1.2,12.3
2021-08-02,นครศรีธรรมราช,8.43,99.96,29.2,33.3,25.6,0.7,17.8
2021-08-03,นครศรีธรรมราช,8.43,99.96,29.2,34.1,25.9,1.2,16.5
2021-08-04,นครศรีธรรมราช,8.43,99.96,29.2,33.8,26.0,0.0,17.0
2021-08-05,นครศรีธรรมราช,8.43,99.96,29.4,33.1,26.4,2.0,24.2
2021-08-06,นครศรีธรรมราช,8.43,99.96,29.6,35.2,25.6,1.1,20.6
2021-08-07,นครศรีธรรมราช,8.43,99.96,29.7,35.6,24.6,0.2,9.7
2021-08-08,นครศรีธรรมราช,8.43,99.96,30.1,36.1,24.4,0.0,9.7
2021-08-09,นครศรีธรรมราช,8.43,99.96,29.6,35.9,25.6,13.5,8.8
2021-08-10,นครศรีธรรมราช,8.43,99.96,29.2,35.5,25.8,5.3,13.7
2021-08-11,นครศรีธรรมราช,8.43,99.96,29.0,33.0,26.0,1.2,20.9
2021-08-12,นครศรีธรรมราช,8.43,99.96,29.1,34.3,24.6,0.2,15.9
2021-08-13,นครศรีธรรมราช,8.43,99.96,29.2,34.4,25.0,1.0,12.7
2021-08-14,นครศรีธรรมราช,8.43,99.96,28.6,34.0,24.9,7.5,16.6
2021-08-15,นครศรีธรรมราช,8.43,99.96,27.1,30.3,24.7,11.5,8.9
2021-08-16,นครศรีธรรมราช,8.43,99.96,27.0,30.0,25.0,6.3,6.9
2021-08-17,นครศรีธรรมราช,8.43,99.96,28.3,33.0,25.0,0.1,10.5
2021-08-18,นครศรีธรรมราช,8.43,99.96,28.2,32.7,24.3,2.3,10.8
2021-08-19,นครศรีธรรมราช,8.43,99.96,27.7,31.0,23.8,0.2,10.3
2021-08-20,นครศรีธรรมราช,8.43,99.96,27.3,32.3,23.9,9.8,11.6
2021-08-21,นครศรีธรรมราช,8.43,99.96,27.7,33.4,23.6,2.7,6.3
2021-08-22,นครศรีธรรมราช,8.43,99.96,27.9,32.8,23.9,3.4,10.1
2021-08-23,นครศรีธรรมราช,8.43,99.96,28.5,33.6,23.3,0.6,10.8
2021-08-24,นครศรีธรรมราช,8.43,99.96,28.4,33.6,24.9,3.6,13.2
2021-08-25,นครศรีธรรมราช,8.43,99.96,29.0,33.6,25.5,0.1,12.4
2021-08-26,นครศรีธรรมราช,8.43,99.96,28.7,33.2,25.8,1.1,7.8
2021-08-27,นครศรีธรรมราช,8.43,99.96,28.0,33.5,24.4,1.2,15.0
2021-08-28,นครศรีธรรมราช,8.43,99.96,28.6,33.8,24.4,1.6,9.2
2021-08-29,นครศรีธรรมราช,8.43,99.96,28.0,33.8,24.2,9.0,12.1
2021-08-30,นครศรีธรรมราช,8.43,99.96,27.9,32.6,24.5,13.1,6.5
2021-08-31,นครศรีธรรมราช,8.43,99.96,28.2,32.1,24.8,1.1,13.8
2021-09-01,นครศรีธรรมราช,8.43,99.96,27.7,30.7,25.0,1.6,6.5
2021-09-02,นครศรีธรรมราช,8.43,99.96,28.7,33.3,24.5,0.0,10.8
2021-09-03,นครศรีธรรมราช,8.43,99.96,28.7,33.4,24.9,0.0,5.9
2021-09-04,นครศรีธรรมราช,8.43,99.96,29.7,35.2,24.3,0.0,7.9
2021-09-05,นครศรีธรรมราช,8.43,99.96,29.6,35.0,23.9,0.2,9.7
2021-09-06,นครศรีธรรมราช,8.43,99.96,29.4,35.5,23.4,0.5,11.0
2021-09-07,นครศรีธรรมราช,8.43,99.96,29.3,33.9,26.2,3.1,9.7
2021-09-08,นครศรีธรรมราช,8.43,99.96,29.0,35.2,25.2,0.8,13.7
2021-09-09,นครศรีธรรมราช,8.43,99.96,27.5,30.0,25.6,3.3,13.1
2021-09-10,นครศรีธรรมราช,8.43,99.96,28.5,34.0,25.6,0.2,16.3
2021-09-11,นครศรีธรรมราช,8.43,99.96,28.5,34.2,24.3,4.5,12.1
2021-09-12,นครศรีธรรมราช,8.43,99.96,29.0,35.1,24.1,0.7,11.0
2021-09-13,นครศรีธรรมราช,8.43,99.96,28.2,33.3,23.9,0.8,15.6
2021-09-14,นครศรีธรรมราช,8.43,99.96,29.2,34.2,25.4,0.0,13.8
2021-09-15,นครศรีธรรมราช,8.43,99.96,26.9,29.0,25.3,3.8,6.8
2021-09-16,นครศรีธรรมราช,8.43,99.96,28.4,34.7,23.4,1.4,12.5
2021-09-17,นครศรีธรรมราช,8.43,99.96,28.6,34.7,24.8,13.6,8.9
2021-09-18,นครศรีธรรมราช,8.43,99.96,28.7,33.5,24.5,0.9,11.3
2021-09-19,นครศรีธรรมราช,8.43,99.96,28.6,34.9,24.0,8.5,13.9
2021-09-20,นครศรีธรรมราช,8.43,99.96,27.7,31.1,24.6,0.4,10.8
2021-09-21,นครศรีธรรมราช,8.43,99.96,27.8,33.4,24.7,4.2,12.1
2021-09-22,นครศรีธรรมราช,8.43,99.96,28.4,33.7,25.3,1.1,15.9
2021-09-23,นครศรีธรรมราช,8.43,99.96,29.0,34.8,23.6,0.6,11.5
2021-09-24,นครศรีธรรมราช,8.43,99.96,29.0,33.0,24.6,2.4,10.9
2021-09-25,นครศรีธรรมราช,8.43,99.96,28.5,32.8,25.9,5.5,9.7
2021-09-26,นครศรีธรรมราช,8.43,99.96,27.3,33.1,24.5,33.3,7.8
2021-09-27,นครศรีธรรมราช,8.43,99.96,27.8,31.7,24.9,7.2,9.4
2021-09-28,นครศรีธรรมราช,8.43,99.96,27.8,31.0,24.7,3.0,11.0
2021-09-29,นครศรีธรรมราช,8.43,99.96,27.9,31.7,23.9,11.3,9.9
2021-09-30,นครศรีธรรมราช,8.43,99.96,27.8,31.8,24.4,9.9,10.0
2021-10-01,นครศรีธรรมราช,8.43,99.96,27.5,31.2,24.6,6.3,14.9
2021-10-02,นครศรีธรรมราช,8.43,99.96,27.3,31.0,24.3,0.2,8.9
2021-10-03,นครศรีธรรมราช,8.43,99.96,27.8,31.8,24.4,5.7,7.9
2021-10-04,นครศรีธรรมราช,8.43,99.96,27.6,32.0,24.0,5.1,9.8
2021-10-05,นครศรีธรรมราช,8.43,99.96,26.7,28.7,24.4,4.5,6.1
2021-10-06,นครศรีธรรมราช,8.43,99.96,26.6,29.8,24.0,11.4,6.9
2021-10-07,นครศรีธรรมราช,8.43,99.96,27.1,30.6,24.5,3.3,8.4
2021-10-08,นครศรีธรรมราช,8.43,99.96,27.7,31.6,25.4,0.2,10.7
2021-10-09,นครศรีธรรมราช,8.43,99.96,28.1,32.0,24.4,1.0,14.5
2021-10-10,นครศรีธรรมราช,8.43,99.96,28.5,32.7,24.4,0.9,13.9
2021-10-11,นครศรีธรรมราช,8.43,99.96,29.3,33.7,25.5,0.0,26.1
2021-10-12,นครศรีธรรมราช,8.43,99.96,27.5,30.1,25.5,3.3,8.7
2021-10-13,นครศรีธรรมราช,8.43,99.96,28.3,33.4,24.8,1.4,14.8
2021-10-14,นครศรีธรรมราช,8.43,99.96,28.8,33.4,25.5,0.9,17.4
2021-10-15,นครศรีธรรมราช,8.43,99.96,29.4,34.7,25.3,0.0,16.0
2021-10-16,นครศรีธรรมราช,8.43,99.96,27.8,32.2,24.0,13.0,9.3
2021-10-17,นครศรีธรรมราช,8.43,99.96,27.2,31.8,24.9,2.1,12.7
2021-10-18,นครศรีธรรมราช,8.43,99.96,27.2,31.0,24.1,1.9,12.6
2021-10-19,นครศรีธรรมราช,8.43,99.96,27.7,32.6,24.8,3.1,10.5
2021-10-20,นครศรีธรรมราช,8.43,99.96,27.5,31.9,23.6,3.0,11.7
2021-10-21,นครศรีธรรมราช,8.43,99.96,26.7,31.9,24.0,7.0,10.7
2021-10-22,นครศรีธรรมราช,8.43,99.96,27.0,31.2,23.5,1.1,11.5
2021-10-23,นครศรีธรรมราช,8.43,99.96,26.8,31.0,23.8,2.8,10.0
2021-10-24,นครศรีธรรมราช,8.43,99.96,26.4,30.0,23.7,21.1,9.3
2021-10-25,นครศรีธรรมราช,8.43,99.96,26.1,28.8,23.9,9.8,13.0
2021-10-26,นครศรีธรรมราช,8.43,99.96,26.6,29.6,23.9,5.1,13.3
2021-10-27,นครศรีธรรมราช,8.43,99.96,27.9,32.1,23.9,5.7,11.1
2021-10-28,นครศรีธรรมราช,8.43,99.96,28.1,31.8,24.0,5.3,13.9
2021-10-29,นครศรีธรรมราช,8.43,99.96,27.9,31.6,24.7,1.7,10.5
2021-10-30,นครศรีธรรมราช,8.43,99.96,26.5,30.2,24.3,34.8,13.7
2021-10-31,นครศรีธรรมราช,8.43,99.96,25.6,28.1,24.2,17.4,10.6
2021-11-01,นครศรีธรรมราช,8.43,99.96,26.7,29.6,24.7,4.5,9.8
2021-11-02,นครศรีธรรมราช,8.43,99.96,26.1,30.8,23.8,8.3,11.7
2021-11-03,นครศรีธรรมราช,8.43,99.96,26.0,29.6,23.8,4.2,17.1
2021-11-04,นครศรีธรรมราช,8.43,99.96,26.4,29.9,24.6,13.2,11.0
2021-11-05,นครศรีธรรมราช,8.43,99.96,26.7,29.0,25.2,9.6,12.2
2021-11-06,นครศรีธรรมราช,8.43,99.96,26.9,30.6,24.4,3.5,12.9
2021-11-07,นครศรีธรรมราช,8.43,99.96,27.3,31.1,23.8,1.8,15.5
2021-11-08,นครศรีธรรมราช,8.43,99.96,26.7,29.4,24.5,7.3,15.5
2021-11-09,นครศรีธรรมราช,8.43,99.96,26.3,29.8,24.6,10.1,12.2
2021-11-10,นครศรีธรรมราช,8.43,99.96,25.7,26.9,24.4,39.9,10.6
2021-11-11,นครศรีธรรมราช,8.43,99.96,24.8,26.0,24.0,64.2,13.3
2021-11-12,นครศรีธรรมราช,8.43,99.96,24.9,26.3,24.1,71.2,15.6
2021-11-13,นครศรีธรรมราช,8.43,99.96,25.5,27.4,24.0,22.2,8.4
2021-11-14,นครศรีธรรมราช,8.43,99.96,26.0,29.4,23.3,2.7,9.7
2021-11-15,นครศรีธรรมราช,8.43,99.96,26.1,29.8,23.3,11.9,10.8
2021-11-16,นครศรีธรรมราช,8.43,99.96,26.4,28.8,23.8,4.8,11.6
2021-11-17,นครศรีธรรมราช,8.43,99.96,25.8,27.8,24.7,26.6,15.1
2021-11-18,นครศรีธรรมราช,8.43,99.96,25.8,28.7,24.2,21.7,8.6
2021-11-19,นครศรีธรรมราช,8.43,99.96,26.1,29.4,23.5,11.4,7.6
2021-11-20,นครศรีธรรมราช,8.43,99.96,26.8,30.9,23.4,3.9,11.2
2021-11-21,นครศรีธรรมราช,8.43,99.96,26.7,29.9,23.9,7.8,10.1
2021-11-22,นครศรีธรรมราช,8.43,99.96,26.5,29.4,24.4,21.0,13.3
2021-11-23,นครศรีธรรมราช,8.43,99.96,25.5,27.8,24.2,38.2,12.4
2021-11-24,นครศรีธรรมราช,8.43,99.96,25.7,27.3,24.2,23.0,9.9
2021-11-25,นครศรีธรรมราช,8.43,99.96,25.0,26.8,23.8,35.7,11.6
2021-11-26,นครศรีธรรมราช,8.43,99.96,25.0,28.2,23.4,27.5,10.7
2021-11-27,นครศรีธรรมราช,8.43,99.96,26.7,29.4,24.4,1.1,16.3
2021-11-28,นครศรีธรรมราช,8.43,99.96,26.1,29.6,23.9,12.5,24.1
2021-11-29,นครศรีธรรมราช,8.43,99.96,24.6,25.5,23.6,65.2,16.2
2021-11-30,นครศรีธรรมราช,8.43,99.96,25.7,28.2,23.7,37.9,13.3
2021-12-01,นครศรีธรรมราช,8.43,99.96,25.4,29.2,23.7,44.8,12.3
2021-12-02,นครศรีธรรมราช,8.43,99.96,25.1,28.5,23.3,75.6,14.6
2021-12-03,นครศรีธรรมราช,8.43,99.96,25.8,29.6,22.5,1.0,18.4
2021-12-04,นครศรีธรรมราช,8.43,99.96,26.2,29.1,23.9,1.2,22.1
2021-12-05,นครศรีธรรมราช,8.43,99.96,25.4,27.6,23.6,4.2,25.2
2021-12-06,นครศรีธรรมราช,8.43,99.96,25.5,29.2,21.6,0.4,15.5
2021-12-07,นครศรีธรรมราช,8.43,99.96,25.7,29.2,22.9,2.5,16.8
2021-12-08,นครศรีธรรมราช,8.43,99.96,25.8,28.8,22.9,2.3,17.8
2021-12-09,นครศรีธรรมราช,8.43,99.96,26.1,29.4,22.6,0.9,16.4
2021-12-10,นครศรีธรรมราช,8.43,99.96,26.2,29.1,23.7,1.9,16.4
2021-12-11,นครศรีธรรมราช,8.43,99.96,26.2,29.6,23.1,1.2,18.8
2021-12-12,นครศรีธรรมราช,8.43,99.96,25.8,29.3,22.4,1.2,18.7
2021-12-13,นครศรีธรรมราช,8.43,99.96,26.5,29.5,23.8,1.2,19.6
2021-12-14,นครศรีธรรมราช,8.43,99.96,26.8,29.6,24.3,0.1,20.2
2021-12-15,นครศรีธรรมราช,8.43,99.96,26.9,29.9,24.2,1.2,19.8
2021-12-16,นครศรีธรรมราช,8.43,99.96,27.0,30.5,24.1,0.0,20.3
2021-12-17,นครศรีธรรมราช,8.43,99.96,26.0,27.7,24.3,8.0,15.3
2021-12-18,นครศรีธรรมราช,8.43,99.96,26.0,28.4,23.8,6.1,16.6
2021-12-19,นครศรีธรรมราช,8.43,99.96,26.0,28.7,23.9,4.5,16.5
2021-12-20,นครศรีธรรมราช,8.43,99.96,26.2,28.8,24.4,6.1,17.4
2021-12-21,นครศรีธรรมราช,8.43,99.96,25.0,26.3,23.8,17.5,11.2
2021-12-22,นครศรีธรรมราช,8.43,99.96,25.4,28.4,22.8,0.6,14.3
2021-12-23,นครศรีธรรมราช,8.43,99.96,25.5,29.0,22.2,0.7,14.6
2021-12-24,นครศรีธรรมราช,8.43,99.96,25.7,29.4,22.1,2.0,14.7
2021-12-25,นครศรีธรรมราช,8.43,99.96,25.6,28.9,23.1,5.3,10.2
2021-12-26,นครศรีธรรมราช,8.43,99.96,25.9,28.7,23.4,0.9,14.0
2021-12-27,นครศรีธรรมราช,8.43,99.96,25.7,29.1,22.5,0.9,14.7
2021-12-28,นครศรีธรรมราช,8.43,99.96,26.1,29.2,23.4,2.4,16.3
2021-12-29,นครศรีธรรมราช,8.43,99.96,25.8,28.4,23.9,9.9,17.7
2021-12-30,นครศรีธรรมราช,8.43,99.96,26.0,27.8,23.3,39.3,20.4
2021-12-31,นครศรีธรรมราช,8.43,99.96,26.9,29.8,23.7,1.9,21.4
2022-01-01,นครศรีธรรมราช,8.43,99.96,26.6,29.3,24.3,3.4,23.9
2022-01-02,นครศรีธรรมราช,8.43,99.96,26.4,29.1,24.4,0.9,21.4
2022-01-03,นครศรีธรรมราช,8.43,99.96,26.5,29.4,23.4,2.0,19.6
2022-01-04,นครศรีธรรมราช,8.43,99.96,25.9,29.1,23.1,1.2,13.5
2022-01-05,นครศรีธรรมราช,8.43,99.96,25.7,28.3,23.2,1.2,10.3
2022-01-06,นครศรีธรรมราช,8.43,99.96,26.3,29.4,23.0,2.1,16.6
2022-01-07,นครศรีธรรมราช,8.43,99.96,26.3,29.9,22.7,1.6,16.2
2022-01-08,นครศรีธรรมราช,8.43,99.96,26.4,29.3,23.7,3.4,16.3
2022-01-09,นครศรีธรรมราช,8.43,99.96,26.0,29.8,22.6,0.7,14.9
2022-01-10,นครศรีธรรมราช,8.43,99.96,26.1,30.0,21.7,0.4,12.1
2022-01-11,นครศรีธรรมราช,8.43,99.96,25.9,29.6,21.9,2.6,16.2
2022-01-12,นครศรีธรรมราช,8.43,99.96,26.0,30.0,22.1,0.5,19.8
2022-01-13,นครศรีธรรมราช,8.43,99.96,25.6,29.3,21.7,0.9,17.1
2022-01-14,นครศรีธรรมราช,8.43,99.96,25.5,29.8,21.0,0.2,15.9
2022-01-15,นครศรีธรรมราช,8.43,99.96,25.6,29.7,21.0,0.1,18.0
2022-01-16,นครศรีธรรมราช,8.43,99.96,25.8,29.8,21.6,0.9,16.2
2022-01-17,นครศรีธรรมราช,8.43,99.96,25.3,29.7,21.5,2.7,13.4
2022-01-18,นครศรีธรรมราช,8.43,99.96,26.0,29.8,22.4,0.6,12.7
2022-01-19,นครศรีธรรมราช,8.43,99.96,26.4,29.7,23.2,1.2,13.2
2022-01-20,นครศรีธรรมราช,8.43,99.96,25.7,30.1,21.8,0.7,14.5
2022-01-21,นครศรีธรรมราช,8.43,99.96,25.6,30.8,21.1,1.9,11.1
2022-01-22,นครศรีธรรมราช,8.43,99.96,26.2,30.3,21.9,0.9,8.8
2022-01-23,นครศรีธรรมราช,8.43,99.96,25.8,30.6,21.9,0.2,10.1
2022-01-24,นครศรีธรรมราช,8.43,99.96,26.2,30.3,22.3,0.6,11.5
2022-01-25,นครศรีธรรมราช,8.43,99.96,26.6,31.0,22.2,0.1,13.4
2022-01-26,นครศรีธรรมราช,8.43,99.96,27.0,31.4,22.9,0.8,13.8
2022-01-27,นครศรีธรรมราช,8.43,99.96,27.3,31.4,23.3,0.6,11.9
2022-01-28,นครศรีธรรมราช,8.43,99.96,27.0,32.2,22.4,0.3,11.6
2022-01-29,นครศรีธรรมราช,8.43,99.96,26.8,31.8,22.1,0.4,8.0
2022-01-30,นครศรีธรรมราช,8.43,99.96,27.0,31.2,23.6,2.5,12.8
2022-01-31,นครศรีธรรมราช,8.43,99.96,26.9,31.5,23.3,0.5,12.6
2022-02-01,นครศรีธรรมราช,8.43,99.96,26.7,31.5,22.8,0.6,13.3
2022-02-02,นครศรีธรรมราช,8.43,99.96,26.8,31.5,22.9,7.4,14.0
2022-02-03,นครศรีธรรมราช,8.43,99.96,26.6,30.2,23.6,5.3,13.5
2022-02-04,นครศรีธรรมราช,8.43,99.96,27.0,30.9,23.0,1.0,18.3
2022-02-05,นครศรีธรรมราช,8.43,99.96,27.8,31.3,24.2,2.2,24.5
2022-02-06,นครศรีธรรมราช,8.43,99.96,27.0,31.1,24.2,3.1,16.8
2022-02-07,นครศรีธรรมราช,8.43,99.96,27.1,31.5,23.4,1.6,13.0
2022-02-08,นครศรีธรรมราช,8.43,99.96,26.7,30.9,23.6,2.6,14.6
2022-02-09,นครศรีธรรมราช,8.43,99.96,26.3,29.3,23.8,8.8,12.0
2022-02-10,นครศรีธรรมราช,8.43,99.96,26.9,30.6,23.1,1.4,14.8
2022-02-11,นครศรีธรรมราช,8.43,99.96,26.7,31.1,23.5,2.6,17.3
2022-02-12,นครศรีธรรมราช,8.43,99.96,26.5,30.7,23.6,3.9,12.7
2022-02-13,นครศรีธรรมราช,8.43,99.96,27.0,30.8,23.2,1.5,17.3
2022-02-14,นครศรีธรรมราช,8.43,99.96,26.5,30.4,23.6,4.6,13.8
2022-02-15,นครศรีธรรมราช,8.43,99.96,25.7,28.4,24.0,24.6,10.9
2022-02-16,นครศรีธรรมราช,8.43,99.96,26.4,30.1,24.0,5.3,13.0
2022-02-17,นครศรีธรรมราช,8.43,99.96,25.7,29.0,23.6,17.5,9.7
2022-02-18,นครศรีธรรมราช,8.43,99.96,26.7,30.6,24.1,10.2,12.6
2022-02-19,นครศรีธรรมราช,8.43,99.96,27.7,32.2,24.3,1.4,9.0
2022-02-20,นครศรีธรรมราช,8.43,99.96,27.3,31.2,25.3,3.8,13.6
2022-02-21,นครศรีธรรมราช,8.43,99.96,27.0,31.5,22.8,0.7,10.1
2022-02-22,นครศรีธรรมราช,8.43,99.96,26.2,29.7,23.7,6.8,12.2
2022-02-23,นครศรีธรรมราช,8.43,99.96,25.8,28.7,23.7,7.9,17.8
2022-02-24,นครศรีธรรมราช,8.43,99.96,25.7,28.9,23.5,20.5,16.4
2022-02-25,นครศรีธรรมราช,8.43,99.96,24.9,27.5,22.4,12.2,20.6
2022-02-26,นครศรีธรรมราช,8.43,99.96,25.0,26.7,23.2,33.0,16.7
2022-02-27,นครศรีธรรมราช,8.43,99.96,25.7,29.1,23.5,28.0,22.8
2022-02-28,นครศรีธรรมราช,8.43,99.96,26.5,30.2,22.7,3.8,18.1
2022-03-01,นครศรีธรรมราช,8.43,99.96,27.2,30.3,22.9,1.8,13.8
2022-03-02,นครศรีธรรมราช,8.43,99.96,26.8,31.0,23.0,0.2,13.2
2022-03-03,นครศรีธรรมราช,8.43,99.96,26.9,30.6,23.6,1.1,13.1
2022-03-04,นครศรีธรรมราช,8.43,99.96,26.8,30.1,23.6,3.4,10.7
2022-03-05,นครศรีธรรมราช,8.43,99.96,26.2,29.8,22.7,8.3,10.5
2022-03-06,นครศรีธรรมราช,8.43,99.96,26.5,30.0,23.8,16.8,13.0
2022-03-07,นครศรีธรรมราช,8.43,99.96,27.2,30.7,23.4,1.2,15.1
2022-03-08,นครศรีธรรมราช,8.43,99.96,25.6,28.3,23.4,29.8,11.9
2022-03-09,นครศรีธรรมราช,8.43,99.96,26.8,30.6,23.3,0.2,16.6
2022-03-10,นครศรีธรรมราช,8.43,99.96,26.9,31.2,22.7,0.5,12.3
2022-03-11,นครศรีธรรมราช,8.43,99.96,26.6,31.2,22.8,0.4,9.3
2022-03-12,นครศรีธรรมราช,8.43,99.96,27.0,31.6,22.7,0.0,12.1
2022-03-13,นครศรีธรรมราช,8.43,99.96,27.0,31.2,23.4,3.7,11.5
2022-03-14,นครศรีธรรมราช,8.43,99.96,27.5,30.8,25.0,2.1,18.5
2022-03-15,นครศรีธรรมราช,8.43,99.96,26.8,31.4,22.8,0.1,10.4
2022-03-16,นครศรีธรรมราช,8.43,99.96,26.8,31.5,21.8,0.5,10.9
2022-03-17,นครศรีธรรมราช,8.43,99.96,27.3,31.5,23.3,0.3,11.7
2022-03-18,นครศรีธรรมราช,8.43,99.96,27.9,31.6,24.6,2.9,11.8
2022-03-19,นครศรีธรรมราช,8.43,99.96,26.7,30.4,24.4,16.3,9.2
2022-03-20,นครศรีธรรมราช,8.43,99.96,26.1,30.5,23.5,44.1,12.1
2022-03-21,นครศรีธรรมราช,8.43,99.96,27.1,32.3,24.2,4.8,9.7
2022-03-22,นครศรีธรรมราช,8.43,99.96,26.7,30.6,23.3,9.3,10.3
2022-03-23,นครศรีธรรมราช,8.43,99.96,26.8,30.9,23.4,10.0,12.1
2022-03-24,นครศรีธรรมราช,8.43,99.96,27.3,31.2,24.0,6.8,10.0
2022-03-25,นครศรีธรรมราช,8.43,99.96,27.0,31.5,23.9,10.3,9.2
2022-03-26,นครศรีธรรมราช,8.43,99.96,27.6,31.5,23.4,0.3,8.3
2022-03-27,นครศรีธรรมราช,8.43,99.96,28.2,32.0,24.5,0.3,7.0
2022-03-28,นครศรีธรรมราช,8.43,99.96,27.9,32.0,23.5,0.6,10.1
2022-03-29,นครศรีธรรมราช,8.43,99.96,28.0,31.7,24.9,8.8,7.9
2022-03-30,นครศรีธรรมราช,8.43,99.96,27.4,30.7,24.4,1.6,11.4
2022-03-31,นครศรีธรรมราช,8.43,99.96,27.4,31.6,23.8,0.1,14.9
2022-04-01,นครศรีธรรมราช,8.43,99.96,27.9,32.1,23.7,3.3,10.6
2022-04-02,นครศรีธรรมราช,8.43,99.96,26.0,28.3,24.2,14.8,13.9
2022-04-03,นครศรีธรรมราช,8.43,99.96,25.7,27.8,24.2,23.0,18.9
2022-04-04,นครศรีธรรมราช,8.43,99.96,24.6,26.4,23.5,61.3,12.4
2022-04-05,นครศรีธรรมราช,8.43,99.96,25.1,27.7,23.8,29.7,10.0
2022-04-06,นครศรีธรรมราช,8.43,99.96,25.9,29.8,23.6,20.9,12.1
2022-04-07,นครศรีธรรมราช,8.43,99.96,26.7,30.6,23.2,6.2,10.6
2022-04-08,นครศรีธรรมราช,8.43,99.96,26.5,29.4,23.4,5.2,9.4
2022-04-09,นครศรีธรรมราช,8.43,99.96,27.4,31.4,23.2,1.2,8.7
2022-04-10,นครศรีธรรมราช,8.43,99.96,27.3,32.1,22.3,0.0,8.9
2022-04-11,นครศรีธรรมราช,8.43,99.96,27.2,32.3,22.7,0.4,16.6
2022-04-12,นครศรีธรรมราช,8.43,99.96,26.7,31.3,22.8,1.7,8.9
2022-04-13,นครศรีธรรมราช,8.43,99.96,26.6,31.4,23.7,3.9,20.8
2022-04-14,นครศรีธรรมราช,8.43,99.96,27.4,31.5,23.6,4.3,10.1
2022-04-15,นครศรีธรรมราช,8.43,99.96,28.4,32.4,24.6,0.0,7.9
2022-04-16,นครศรีธรรมราช,8.43,99.96,28.1,32.0,24.3,2.6,12.3
2022-04-17,นครศรีธรรมราช,8.43,99.96,28.1,31.0,24.7,6.2,8.5
2022-04-18,นครศรีธรรมราช,8.43,99.96,27.5,31.0,25.2,5.6,7.4
2022-04-19,นครศรีธรรมราช,8.43,99.96,27.0,29.3,25.2,8.1,11.6
2022-04-20,นครศรีธรรมราช,8.43,99.96,26.3,29.3,23.9,28.2,8.9
2022-04-21,นครศรีธรรมราช,8.43,99.96,27.2,29.9,24.4,2.1,12.8
2022-04-22,นครศรีธรรมราช,8.43,99.96,27.9,31.5,24.4,2.7,9.7
2022-04-23,นครศรีธรรมราช,8.43,99.96,28.1,31.7,24.4,3.0,8.3
2022-04-24,นครศรีธรรมราช,8.43,99.96,28.2,31.5,24.9,1.4,9.0
2022-04-25,นครศรีธรรมราช,8.43,99.96,27.9,31.7,24.3,0.6,9.1
2022-04-26,นครศรีธรรมราช,8.43,99.96,27.5,30.9,24.3,2.5,10.2
2022-04-27,นครศรีธรรมราช,8.43,99.96,28.2,32.2,23.6,0.0,13.9
2022-04-28,นครศรีธรรมราช,8.43,99.96,29.3,34.7,24.0,0.0,8.8
2022-04-29,นครศรีธรรมราช,8.43,99.96,28.1,30.9,25.8,9.4,15.2
2022-04-30,นครศรีธรรมราช,8.43,99.96,27.8,31.7,24.2,4.2,14.4
2022-05-01,นครศรีธรรมราช,8.43,99.96,27.4,31.9,24.8,19.3,11.5
2022-05-02,นครศรีธรรมราช,8.43,99.96,27.1,31.5,23.9,1.4,13.3
2022-05-03,นครศรีธรรมราช,8.43,99.96,26.5,29.5,24.6,24.0,7.7
2022-05-04,นครศรีธรรมราช,8.43,99.96,26.6,28.8,24.7,11.8,6.7
2022-05-05,นครศรีธรรมราช,8.43,99.96,26.9,30.3,23.7,17.4,9.4
2022-05-06,นครศรีธรรมราช,8.43,99.96,27.1,30.2,24.4,18.8,16.7
2022-05-07,นครศรีธรรมราช,8.43,99.96,26.6,30.4,24.3,32.5,13.8
2022-05-08,นครศรีธรรมราช,8.43,99.96,27.1,30.9,24.8,25.0,13.5
2022-05-09,นครศรีธรรมราช,8.43,99.96,26.6,29.1,24.5,44.1,13.3
2022-05-10,นครศรีธรรมราช,8.43,99.96,26.9,30.3,24.3,5.3,8.2
2022-05-11,นครศรีธรรมราช,8.43,99.96,27.5,31.4,24.4,1.2,13.4
2022-05-12,นครศรีธรรมราช,8.43,99.96,27.4,32.1,23.8,16.5,7.6
2022-05-13,นครศรีธรรมราช,8.43,99.96,27.5,32.0,24.4,6.9,9.1
2022-05-14,นครศรีธรรมราช,8.43,99.96,27.6,32.3,23.6,4.2,13.9
2022-05-15,นครศรีธรรมราช,8.43,99.96,28.3,33.2,24.2,4.7,10.5
2022-05-16,นครศรีธรรมราช,8.43,99.96,27.1,30.0,24.8,6.6,10.9
2022-05-17,นครศรีธรรมราช,8.43,99.96,27.3,31.1,24.2,1.3,5.8
2022-05-18,นครศรีธรรมราช,8.43,99.96,27.1,31.5,24.5,7.3,14.7
2022-05-19,นครศรีธรรมราช,8.43,99.96,27.6,32.2,24.7,1.0,9.1
2022-05-20,นครศรีธรรมราช,8.43,99.96,28.1,33.2,24.2,0.7,8.4
2022-05-21,นครศรีธรรมราช,8.43,99.96,28.0,32.1,24.7,0.0,10.0
2022-05-22,นครศรีธรรมราช,8.43,99.96,28.7,32.9,25.5,0.0,16.9
2022-05-23,นครศรีธรรมราช,8.43,99.96,29.0,33.2,26.1,0.0,11.2
2022-05-24,นครศรีธรรมราช,8.43,99.96,28.6,33.6,24.2,0.0,11.8
2022-05-25,นครศรีธรรมราช,8.43,99.96,27.2,32.6,22.6,4.9,8.7
2022-05-26,นครศรีธรรมราช,8.43,99.96,28.5,34.0,23.3,0.0,8.3
2022-05-27,นครศรีธรรมราช,8.43,99.96,28.7,33.3,24.5,0.0,12.3
2022-05-28,นครศรีธรรมราช,8.43,99.96,27.5,31.4,24.7,4.5,17.3
2022-05-29,นครศรีธรรมราช,8.43,99.96,27.5,31.9,24.9,2.4,14.2
2022-05-30,นครศรีธรรมราช,8.43,99.96,27.3,31.1,24.4,3.7,6.1
2022-05-31,นครศรีธรรมราช,8.43,99.96,27.9,32.5,24.1,0.3,8.3
2022-06-01,นครศรีธรรมราช,8.43,99.96,27.6,31.5,24.6,5.5,9.4
2022-06-02,นครศรีธรรมราช,8.43,99.96,28.6,32.6,25.6,0.4,13.1
2022-06-03,นครศรีธรรมราช,8.43,99.96,27.6,32.4,24.1,1.9,17.1
2022-06-04,นครศรีธรรมราช,8.43,99.96,27.7,32.3,24.3,2.3,6.9
2022-06-05,นครศรีธรรมราช,8.43,99.96,27.3,31.1,24.5,6.4,11.7
2022-06-06,นครศรีธรรมราช,8.43,99.96,27.3,31.8,23.6,1.1,6.6
2022-06-07,นครศรีธรรมราช,8.43,99.96,27.1,31.8,23.7,6.3,6.5
2022-06-08,นครศรีธรรมราช,8.43,99.96,27.6,32.7,23.2,0.7,7.2
2022-06-09,นครศรีธรรมราช,8.43,99.96,27.8,33.0,23.3,5.0,9.0
2022-06-10,นครศรีธรรมราช,8.43,99.96,27.4,32.3,23.5,1.9,10.8
2022-06-11,นครศรีธรรมราช,8.43,99.96,26.8,32.9,23.0,2.2,18.4
2022-06-12,นครศรีธรรมราช,8.43,99.96,27.3,32.7,23.1,10.4,11.5
2022-06-13,นครศรีธรรมราช,8.43,99.96,27.5,32.4,23.3,9.7,8.3
2022-06-14,นครศรีธรรมราช,8.43,99.96,27.1,31.7,24.2,3.7,10.3
2022-06-15,นครศรีธรรมราช,8.43,99.96,27.0,30.7,23.6,0.5,13.0
2022-06-16,นครศรีธรรมราช,8.43,99.96,27.9,32.0,23.6,0.5,8.7
2022-06-17,นครศรีธรรมราช,8.43,99.96,27.5,31.6,24.4,4.3,14.0
2022-06-18,นครศรีธรรมราช,8.43,99.96,27.4,31.3,24.3,2.3,10.8
2022-06-19,นครศรีธรรมราช,8.43,99.96,27.7,31.6,24.2,1.8,5.6
2022-06-20,นครศรีธรรมราช,8.43,99.96,27.4,33.4,23.6,7.0,12.6
2022-06-21,นครศรีธรรมราช,8.43,99.96,27.2,31.9,23.5,5.0,6.6
2022-06-22,นครศรีธรรมราช,8.43,99.96,26.7,31.4,24.3,8.8,12.2
2022-06-23,นครศรีธรรมราช,8.43,99.96,27.0,31.5,23.5,3.2,14.3
2022-06-24,นครศรีธรรมราช,8.43,99.96,27.3,32.3,24.1,3.2,10.9
2022-06-25,นครศรีธรรมราช,8.43,99.96,26.7,31.9,22.6,12.2,8.4
2022-06-26,นครศรีธรรมราช,8.43,99.96,27.1,32.4,23.1,4.8,11.5
2022-06-27,นครศรีธรรมราช,8.43,99.96,27.0,32.2,23.0,2.6,10.1
2022-06-28,นครศรีธรรมราช,8.43,99.96,27.2,32.9,24.0,9.1,17.1
2022-06-29,นครศรีธรรมราช,8.43,99.96,27.6,31.9,23.2,3.6,9.4
2022-06-30,นครศรีธรรมราช,8.43,99.96,28.2,33.2,24.2,0.4,15.5
2022-07-01,นครศรีธรรมราช,8.43,99.96,28.2,33.5,23.7,0.1,14.2
2022-07-02,นครศรีธรรมราช,8.43,99.96,29.0,33.2,25.6,0.0,14.5
2022-07-03,นครศรีธรรมราช,8.43,99.96,28.1,33.8,25.4,7.2,12.6
2022-07-04,นครศรีธรรมราช,8.43,99.96,27.1,31.7,24.1,9.1,20.3
2022-07-05,นครศรีธรรมราช,8.43,99.96,28.7,33.0,25.7,0.3,14.7
2022-07-06,นครศรีธรรมราช,8.43,99.96,28.1,31.8,24.4,1.5,13.1
2022-07-07,นครศรีธรรมราช,8.43,99.96,28.5,33.4,23.9,0.3,11.4
2022-07-08,นครศรีธรรมราช,8.43,99.96,28.2,33.5,24.0,0.0,20.0
2022-07-09,นครศรีธรรมราช,8.43,99.96,27.7,33.0,25.2,2.2,17.5
2022-07-10,นครศรีธรรมราช,8.43,99.96,27.8,30.8,25.2,1.0,9.8
2022-07-11,นครศรีธรรมราช,8.43,99.96,27.6,30.8,25.1,2.2,15.2
2022-07-12,นครศรีธรรมราช,8.43,99.96,26.5,28.5,25.3,8.5,13.5
2022-07-13,นครศรีธรรมราช,8.43,99.96,27.0,29.0,25.4,2.6,9.3
2022-07-14,นครศรีธรรมราช,8.43,99.96,27.4,31.5,24.5,2.9,16.7
2022-07-15,นครศรีธรรมราช,8.43,99.96,27.6,33.0,23.9,3.5,9.7
2022-07-16,นครศรีธรรมราช,8.43,99.96,27.6,31.7,25.1,11.0,14.3
2022-07-17,นครศรีธรรมราช,8.43,99.96,27.2,31.5,23.4,7.6,7.9
2022-07-18,นครศรีธรรมราช,8.43,99.96,28.8,34.1,24.1,0.9,11.3
2022-07-19,นครศรีธรรมราช,8.43,99.96,29.2,34.3,23.9,0.0,7.3
2022-07-20,นครศรีธรรมราช,8.43,99.96,27.7,32.4,24.1,3.2,12.1
2022-07-21,นครศรีธรรมราช,8.43,99.96,27.7,32.2,24.0,0.6,9.7
2022-07-22,นครศรีธรรมราช,8.43,99.96,27.5,31.6,23.8,13.3,10.5
2022-07-23,นครศรีธรรมราช,8.43,99.96,26.9,31.7,23.1,7.7,10.4
2022-07-24,นครศรีธรรมราช,8.43,99.96,27.6,31.8,23.5,7.3,7.2
2022-07-25,นครศรีธรรมราช,8.43,99.96,27.5,31.3,24.1,5.6,11.1
2022-07-26,นครศรีธรรมราช,8.43,99.96,27.5,31.3,24.6,3.8,8.5
2022-07-27,นครศรีธรรมราช,8.43,99.96,27.1,32.0,23.7,11.6,9.6
2022-07-28,นครศรีธรรมราช,8.43,99.96,27.3,31.5,23.7,3.2,11.2
2022-07-29,นครศรีธรรมราช,8.43,99.96,27.8,33.2,24.2,16.1,16.6
2022-07-30,นครศรีธรรมราช,8.43,99.96,28.2,33.2,24.0,3.1,7.2
2022-07-31,นครศรีธรรมราช,8.43,99.96,27.9,33.3,23.3,16.7,12.1
2022-08-01,นครศรีธรรมราช,8.43,99.96,27.7,31.5,25.4,6.7,14.0
2022-08-02,นครศรีธรรมราช,8.43,99.96,27.4,32.3,24.5,11.9,16.3
2022-08-03,นครศรีธรรมราช,8.43,99.96,28.0,32.5,24.6,0.2,13.3
2022-08-04,นครศรีธรรมราช,8.43,99.96,27.0,29.4,24.7,0.3,8.6
2022-08-05,นครศรีธรรมราช,8.43,99.96,27.7,30.4,24.9,0.6,12.3
2022-08-06,นครศรีธรรมราช,8.43,99.96,28.2,32.0,25.3,1.4,20.6
2022-08-07,นครศรีธรรมราช,8.43,99.96,28.6,32.7,25.4,0.0,13.4
2022-08-08,นครศรีธรรมราช,8.43,99.96,28.7,34.8,23.6,0.0,14.2
2022-08-09,นครศรีธรรมราช,8.43,99.96,29.0,33.5,25.0,0.1,10.5
2022-08-10,นครศรีธรรมราช,8.43,99.96,29.6,34.7,24.8,0.0,19.7
2022-08-11,นครศรีธรรมราช,8.43,99.96,29.7,34.8,25.0,0.0,17.7
2022-08-12,นครศรีธรรมราช,8.43,99.96,29.6,36.0,22.6,0.0,15.6
2022-08-13,นครศรีธรรมราช,8.43,99.96,28.7,34.8,22.6,0.4,13.0
2022-08-14,นครศรีธรรมราช,8.43,99.96,28.7,33.3,24.8,3.1,12.8
2022-08-15,นครศรีธรรมราช,8.43,99.96,28.8,34.2,24.4,4.1,11.7
2022-08-16,นครศรีธรรมราช,8.43,99.96,28.8,33.3,24.8,0.7,14.8
2022-08-17,นครศรีธรรมราช,8.43,99.96,28.8,34.4,24.6,0.5,12.8
2022-08-18,นครศรีธรรมราช,8.43,99.96,28.6,33.9,24.3,3.1,12.1
2022-08-19,นครศรีธรรมราช,8.43,99.96,28.8,34.3,24.2,1.5,8.7
2022-08-20,นครศรีธรรมราช,8.43,99.96,29.0,34.5,24.7,3.6,13.2
2022-08-21,นครศรีธรรมราช,8.43,99.96,29.0,33.4,26.2,0.7,18.7
2022-08-22,นครศรีธรรมราช,8.43,99.96,29.5,34.0,26.1,0.0,14.6
2022-08-23,นครศรีธรรมราช,8.43,99.96,27.8,34.3,23.7,6.5,11.3
2022-08-24,นครศรีธรรมราช,8.43,99.96,27.6,33.4,23.4,10.4,8.0
2022-08-25,นครศรีธรรมราช,8.43,99.96,28.0,32.4,24.7,1.8,12.0
2022-08-26,นครศรีธรรมราช,8.43,99.96,27.5,30.9,24.8,0.5,17.2
2022-08-27,นครศรีธรรมราช,8.43,99.96,27.5,32.6,23.7,16.9,10.1
2022-08-28,นครศรีธรรมราช,8.43,99.96,27.4,31.8,24.6,18.3,8.8
2022-08-29,นครศรีธรรมราช,8.43,99.96,26.5,29.6,23.4,13.5,11.5
2022-08-30,นครศรีธรรมราช,8.43,99.96,27.3,31.2,23.8,17.7,9.3
2022-08-31,นครศรีธรรมราช,8.43,99.96,27.6,31.3,24.1,1.4,9.1
2022-09-01,นครศรีธรรมราช,8.43,99.96,27.8,31.5,24.5,1.3,11.3
2022-09-02,นครศรีธรรมราช,8.43,99.96,27.6,32.8,23.7,2.0,10.3
2022-09-03,นครศรีธรรมราช,8.43,99.96,28.0,33.0,24.5,5.6,17.6
2022-09-04,นครศรีธรรมราช,8.43,99.96,27.9,32.8,24.7,1.3,16.0
2022-09-05,นครศรีธรรมราช,8.43,99.96,27.9,31.6,25.6,0.8,9.8
2022-09-06,นครศรีธรรมราช,8.43,99.96,27.0,29.6,24.9,2.1,7.7
2022-09-07,นครศรีธรรมราช,8.43,99.96,26.9,30.8,24.6,4.2,20.5
2022-09-08,นครศรีธรรมราช,8.43,99.96,27.6,31.1,24.5,0.1,9.3
2022-09-09,นครศรีธรรมราช,8.43,99.96,27.8,33.0,24.1,6.0,8.9
2022-09-10,นครศรีธรรมราช,8.43,99.96,28.3,33.2,23.6,6.5,9.2
2022-09-11,นครศรีธรรมราช,8.43,99.96,27.6,31.7,25.0,0.7,9.0
2022-09-12,นครศรีธรรมราช,8.43,99.96,26.8,31.9,24.1,4.9,15.1
2022-09-13,นครศรีธรรมราช,8.43,99.96,26.6,31.6,23.3,23.3,9.0
2022-09-14,นครศรีธรรมราช,8.43,99.96,27.3,32.6,22.7,0.7,10.8
2022-09-15,นครศรีธรรมราช,8.43,99.96,27.6,33.3,22.1,0.5,10.1
2022-09-16,นครศรีธรรมราช,8.43,99.96,27.8,33.5,23.0,6.7,11.3
2022-09-17,นครศรีธรรมราช,8.43,99.96,28.6,34.4,23.4,0.0,12.1
2022-09-18,นครศรีธรรมราช,8.43,99.96,28.2,33.7,22.5,0.1,13.4
2022-09-19,นครศรีธรรมราช,8.43,99.96,27.7,32.9,22.9,3.0,5.9
2022-09-20,นครศรีธรรมราช,8.43,99.96,28.3,33.8,24.2,0.2,12.6
2022-09-21,นครศรีธรรมราช,8.43,99.96,28.6,34.2,23.4,0.3,10.9
2022-09-22,นครศรีธรรมราช,8.43,99.96,28.2,33.0,25.8,0.0,16.4
2022-09-23,นครศรีธรรมราช,8.43,99.96,28.2,33.4,24.4,1.7,15.7
2022-09-24,นครศรีธรรมราช,8.43,99.96,28.3,33.4,24.4,0.6,16.1
2022-09-25,นครศรีธรรมราช,8.43,99.96,28.7,33.8,24.3,0.1,14.2
2022-09-26,นครศรีธรรมราช,8.43,99.96,28.0,32.9,24.7,14.7,16.2
2022-09-27,นครศรีธรรมราช,8.43,99.96,28.0,33.1,23.7,0.6,7.7
2022-09-28,นครศรีธรรมราช,8.43,99.96,27.6,31.7,25.4,3.3,16.4
2022-09-29,นครศรีธรรมราช,8.43,99.96,27.4,30.7,25.5,4.4,13.0
2022-09-30,นครศรีธรรมราช,8.43,99.96,28.0,31.7,25.9,0.4,20.2
2022-10-01,นครศรีธรรมราช,8.43,99.96,28.1,33.5,24.7,3.5,13.0
2022-10-02,นครศรีธรรมราช,8.43,99.96,27.6,32.3,24.0,12.7,9.9
2022-10-03,นครศรีธรรมราช,8.43,99.96,25.9,27.0,24.3,11.2,8.3
2022-10-04,นครศรีธรรมราช,8.43,99.96,26.9,31.5,23.8,16.5,12.3
2022-10-05,นครศรีธรรมราช,8.43,99.96,26.7,30.2,24.2,13.6,9.6
2022-10-06,นครศรีธรรมราช,8.43,99.96,26.4,29.5,24.1,13.7,10.9
2022-10-07,นครศรีธรรมราช,8.43,99.96,25.5,29.3,23.4,37.1,13.0
2022-10-08,นครศรีธรรมราช,8.43,99.96,26.2,29.1,23.2,7.7,7.7
2022-10-09,นครศรีธรรมราช,8.43,99.96,25.1,27.2,23.8,18.6,9.4
2022-10-10,นครศรีธรรมราช,8.43,99.96,25.9,29.2,23.9,6.9,10.8
2022-10-11,นครศรีธรรมราช,8.43,99.96,26.4,30.5,23.0,0.4,11.6
2022-10-12,นครศรีธรรมราช,8.43,99.96,26.8,30.2,23.5,1.3,12.0
2022-10-13,นครศรีธรรมราช,8.43,99.96,26.9,30.9,24.3,4.1,10.4
2022-10-14,นครศรีธรรมราช,8.43,99.96,26.9,32.0,22.8,0.6,9.6
2022-10-15,นครศรีธรรมราช,8.43,99.96,26.1,31.2,22.7,26.0,16.9
2022-10-16,นครศรีธรรมราช,8.43,99.96,25.8,29.3,23.4,9.9,11.1
2022-10-17,นครศรีธรรมราช,8.43,99.96,26.1,29.3,23.9,18.4,6.9
2022-10-18,นครศรีธรรมราช,8.43,99.96,26.3,29.9,24.3,6.3,10.2
2022-10-19,นครศรีธรรมราช,8.43,99.96,26.1,29.6,24.2,19.3,10.7
2022-10-20,นครศรีธรรมราช,8.43,99.96,26.0,29.4,23.9,40.8,9.1
2022-10-21,นครศรีธรรมราช,8.43,99.96,25.7,30.1,23.0,24.7,10.1
2022-10-22,นครศรีธรรมราช,8.43,99.96,25.8,28.5,23.3,4.9,10.9
2022-10-23,นครศรีธรรมราช,8.43,99.96,27.1,30.5,24.2,3.5,10.9
2022-10-24,นครศรีธรรมราช,8.43,99.96,26.8,30.8,23.5,0.9,6.9
2022-10-25,นครศรีธรรมราช,8.43,99.96,27.4,31.0,24.2,15.7,6.2
2022-10-26,นครศรีธรรมราช,8.43,99.96,27.7,32.2,23.5,0.0,15.1
2022-10-27,นครศรีธรรมราช,8.43,99.96,26.3,29.0,24.1,4.7,14.8
2022-10-28,นครศรีธรรมราช,8.43,99.96,25.8,28.9,23.9,20.9,12.3
2022-10-29,นครศรีธรรมราช,8.43,99.96,26.6,30.0,24.5,10.3,11.0
2022-10-30,นครศรีธรรมราช,8.43,99.96,27.2,30.5,24.0,0.9,15.3
2022-10-31,นครศรีธรรมราช,8.43,99.96,26.4,30.4,23.3,16.4,15.3
2022-11-01,นครศรีธรรมราช,8.43,99.96,27.5,30.9,24.3,0.6,17.6
2022-11-02,นครศรีธรรมราช,8.43,99.96,26.9,29.9,23.9,0.6,15.0
2022-11-03,นครศรีธรรมราช,8.43,99.96,26.9,30.2,22.8,0.1,13.2
2022-11-04,นครศรีธรรมราช,8.43,99.96,26.1,28.9,24.2,15.6,16.0
2022-11-05,นครศรีธรรมราช,8.43,99.96,25.1,26.9,24.1,37.8,6.9
2022-11-06,นครศรีธรรมราช,8.43,99.96,25.3,28.2,23.6,36.0,7.3
2022-11-07,นครศรีธรรมราช,8.43,99.96,26.0,29.2,23.5,9.6,8.9
2022-11-08,นครศรีธรรมราช,8.43,99.96,26.6,29.8,23.9,3.8,12.2
2022-11-09,นครศรีธรรมราช,8.43,99.96,27.0,29.7,23.8,3.0,13.2
2022-11-10,นครศรีธรรมราช,8.43,99.96,26.7,29.1,24.5,4.3,14.0
2022-11-11,นครศรีธรรมราช,8.43,99.96,25.7,27.7,23.7,13.0,15.3
2022-11-12,นครศรีธรรมราช,8.43,99.96,26.6,29.9,24.8,3.7,15.8
2022-11-13,นครศรีธรรมราช,8.43,99.96,26.4,29.7,24.0,9.3,10.6
2022-11-14,นครศรีธรรมราช,8.43,99.96,26.0,28.7,23.8,16.9,11.0
2022-11-15,นครศรีธรรมราช,8.43,99.96,25.3,28.1,23.5,22.6,13.0
2022-11-16,นครศรีธรรมราช,8.43,99.96,26.0,28.0,24.4,18.9,8.7
2022-11-17,นครศรีธรรมราช,8.43,99.96,26.1,29.4,23.8,24.2,8.4
2022-11-18,นครศรีธรรมราช,8.43,99.96,26.3,29.6,23.8,9.9,12.8
2022-11-19,นครศรีธรรมราช,8.43,99.96,26.6,29.5,23.6,1.5,11.3
2022-11-20,นครศรีธรรมราช,8.43,99.96,25.4,28.7,22.2,0.7,12.8
2022-11-21,นครศรีธรรมราช,8.43,99.96,25.9,29.7,22.9,0.7,13.9
2022-11-22,นครศรีธรรมราช,8.43,99.96,25.8,28.9,23.3,17.2,9.7
2022-11-23,นครศรีธรรมราช,8.43,99.96,26.1,29.7,23.4,4.3,7.7
2022-11-24,นครศรีธรรมราช,8.43,99.96,26.3,29.4,23.9,13.6,7.2
2022-11-25,นครศรีธรรมราช,8.43,99.96,26.0,30.6,22.6,12.9,8.0
2022-11-26,นครศรีธรรมราช,8.43,99.96,26.0,29.6,23.5,17.5,9.0
2022-11-27,นครศรีธรรมราช,8.43,99.96,26.1,30.4,23.3,13.5,12.8
2022-11-28,นครศรีธรรมราช,8.43,99.96,27.1,30.4,24.0,0.8,12.2
2022-11-29,นครศรีธรรมราช,8.43,99.96,27.1,30.6,23.9,2.2,13.5
2022-11-30,นครศรีธรรมราช,8.43,99.96,26.5,29.5,24.2,8.4,11.4
2022-12-01,นครศรีธรรมราช,8.43,99.96,26.4,30.3,23.7,6.5,11.4
2022-12-02,นครศรีธรรมราช,8.43,99.96,26.3,29.8,24.0,7.0,14.0
2022-12-03,นครศรีธรรมราช,8.43,99.96,24.9,26.4,23.5,29.3,15.8
2022-12-04,นครศรีธรรมราช,8.43,99.96,25.0,26.5,24.1,50.5,16.6
2022-12-05,นครศรีธรรมราช,8.43,99.96,25.3,28.1,23.8,17.8,16.3
2022-12-06,นครศรีธรรมราช,8.43,99.96,26.0,29.2,23.8,14.5,13.8
2022-12-07,นครศรีธรรมราช,8.43,99.96,26.4,29.6,24.0,4.0,13.1
2022-12-08,นครศรีธรรมราช,8.43,99.96,25.1,26.3,24.2,44.2,14.1
2022-12-09,นครศรีธรรมราช,8.43,99.96,24.9,28.2,24.0,15.8,15.9
2022-12-10,นครศรีธรรมราช,8.43,99.96,26.0,29.0,23.5,9.4,15.0
2022-12-11,นครศรีธรรมราช,8.43,99.96,25.4,28.3,22.6,22.7,13.0
2022-12-12,นครศรีธรรมราช,8.43,99.96,25.2,27.6,23.4,14.2,15.9
2022-12-13,นครศรีธรรมราช,8.43,99.96,26.2,28.2,23.8,7.3,23.0
2022-12-14,นครศรีธรรมราช,8.43,99.96,27.0,29.6,25.5,1.1,20.1
2022-12-15,นครศรีธรรมราช,8.43,99.96,26.1,28.6,23.7,2.2,15.5
2022-12-16,นครศรีธรรมราช,8.43,99.96,27.0,29.8,24.8,3.6,21.3
2022-12-17,นครศรีธรรมราช,8.43,99.96,25.8,28.8,23.9,11.5,15.6
2022-12-18,นครศรีธรรมราช,8.43,99.96,24.8,25.8,23.7,49.8,23.1
2022-12-19,นครศรีธรรมราช,8.43,99.96,25.8,27.3,24.2,9.3,25.2
2022-12-20,นครศรีธรรมราช,8.43,99.96,26.6,29.0,24.4,1.7,19.1
2022-12-21,นครศรีธรรมราช,8.43,99.96,26.3,29.2,23.7,0.6,19.6
2022-12-22,นครศรีธรรมราช,8.43,99.96,26.0,29.7,22.5,0.5,14.1
2022-12-23,นครศรีธรรมราช,8.43,99.96,26.4,29.7,23.4,0.8,16.1
2022-12-24,นครศรีธรรมราช,8.43,99.96,26.6,29.9,23.7,0.2,19.3
2022-12-25,นครศรีธรรมราช,8.43,99.96,26.0,29.3,23.2,0.2,16.2
2022-12-26,นครศรีธรรมราช,8.43,99.96,25.2,29.2,20.7,0.3,13.8
2022-12-27,นครศรีธรรมราช,8.43,99.96,25.1,28.3,22.0,0.6,14.0
2022-12-28,นครศรีธรรมราช,8.43,99.96,24.6,29.1,20.1,0.0,13.7
2022-12-29,นครศรีธรรมราช,8.43,99.96,24.6,29.0,20.8,0.4,16.6
2022-12-30,นครศรีธรรมราช,8.43,99.96,24.8,28.8,21.1,0.0,12.8
2022-12-31,นครศรีธรรมราช,8.43,99.96,24.6,28.4,20.5,1.4,16.5
2023-01-01,นครศรีธรรมราช,8.43,99.96,25.6,29.1,21.7,0.7,19.5
2023-01-02,นครศรีธรรมราช,8.43,99.96,25.7,28.9,22.5,0.9,17.4
2023-01-03,นครศรีธรรมราช,8.43,99.96,25.6,29.1,22.7,0.9,15.9
2023-01-04,นครศรีธรรมราช,8.43,99.96,25.9,28.6,23.1,3.9,21.1
2023-01-05,นครศรีธรรมราช,8.43,99.96,26.5,29.5,24.1,1.0,22.8
2023-01-06,นครศรีธรรมราช,8.43,99.96,26.0,29.2,23.5,3.1,17.1
2023-01-07,นครศรีธรรมราช,8.43,99.96,24.7,26.4,23.9,10.4,22.0
2023-01-08,นครศรีธรรมราช,8.43,99.96,25.3,27.7,23.5,5.0,19.1
2023-01-09,นครศรีธรรมราช,8.43,99.96,25.4,28.2,23.3,8.6,14.5
2023-01-10,นครศรีธรรมราช,8.43,99.96,25.8,29.4,23.1,16.8,12.8
2023-01-11,นครศรีธรรมราช,8.43,99.96,25.7,29.4,22.7,1.9,9.1
2023-01-12,นครศรีธรรมราช,8.43,99.96,26.2,29.9,22.7,3.7,10.6
2023-01-13,นครศรีธรรมราช,8.43,99.96,26.3,30.1,23.9,6.9,7.8
2023-01-14,นครศรีธรรมราช,8.43,99.96,26.9,30.8,23.7,0.1,8.9
2023-01-15,นครศรีธรรมราช,8.43,99.96,26.6,29.9,23.4,0.1,13.1
2023-01-16,นครศรีธรรมราช,8.43,99.96,26.3,29.8,22.9,0.1,17.0
2023-01-17,นครศรีธรรมราช,8.43,99.96,25.0,30.0,20.3,0.0,10.7
2023-01-18,นครศรีธรรมราช,8.43,99.96,25.2,29.3,21.9,1.4,16.0
2023-01-19,นครศรีธรรมราช,8.43,99.96,26.0,29.4,22.7,1.3,18.9
2023-01-20,นครศรีธรรมราช,8.43,99.96,25.9,28.7,22.5,1.0,22.0
2023-01-21,นครศรีธรรมราช,8.43,99.96,27.0,30.2,23.8,0.6,21.5
2023-01-22,นครศรีธรรมราช,8.43,99.96,26.8,30.0,24.1,2.8,17.7
2023-01-23,นครศรีธรรมราช,8.43,99.96,26.1,29.5,23.8,2.4,17.1
2023-01-24,นครศรีธรรมราช,8.43,99.96,25.7,29.5,23.0,4.1,14.8
2023-01-25,นครศรีธรรมราช,8.43,99.96,24.5,26.8,22.8,39.8,12.5
2023-01-26,นครศรีธรรมราช,8.43,99.96,25.6,28.8,23.1,2.7,16.9
2023-01-27,นครศรีธรรมราช,8.43,99.96,25.5,29.1,23.1,3.9,13.1
2023-01-28,นครศรีธรรมราช,8.43,99.96,24.9,27.9,22.1,8.2,21.7
2023-01-29,นครศรีธรรมราช,8.43,99.96,26.3,29.0,23.9,2.3,23.8
2023-01-30,นครศรีธรรมราช,8.43,99.96,26.2,28.2,24.5,2.0,20.2
2023-01-31,นครศรีธรรมราช,8.43,99.96,25.7,27.8,23.2,0.8,13.6
2023-02-01,นครศรีธรรมราช,8.43,99.96,25.9,30.0,22.3,0.5,11.4
2023-02-02,นครศรีธรรมราช,8.43,99.96,26.1,30.0,22.4,0.7,11.3
2023-02-03,นครศรีธรรมราช,8.43,99.96,25.8,28.3,24.3,13.7,12.6
2023-02-04,นครศรีธรรมราช,8.43,99.96,26.7,29.8,24.0,1.5,18.5
2023-02-05,นครศรีธรรมราช,8.43,99.96,25.9,29.6,22.0,1.0,18.8
2023-02-06,นครศรีธรรมราช,8.43,99.96,26.0,30.0,22.6,1.3,13.5
2023-02-07,นครศรีธรรมราช,8.43,99.96,25.8,30.0,21.5,1.0,12.1
2023-02-08,นครศรีธรรมราช,8.43,99.96,26.4,29.8,22.7,3.3,15.6
2023-02-09,นครศรีธรรมราช,8.43,99.96,26.4,30.3,22.9,1.2,13.7
2023-02-10,นครศรีธรรมราช,8.43,99.96,26.6,30.3,23.2,1.6,12.2
2023-02-11,นครศรีธรรมราช,8.43,99.96,26.8,30.4,23.0,1.7,15.0
2023-02-12,นครศรีธรรมราช,8.43,99.96,26.2,30.6,22.1,0.6,12.7
2023-02-13,นครศรีธรรมราช,8.43,99.96,26.3,30.8,22.4,1.2,11.0
2023-02-14,นครศรีธรรมราช,8.43,99.96,26.2,30.4,22.3,1.3,13.0
2023-02-15,นครศรีธรรมราช,8.43,99.96,26.2,31.2,21.7,0.1,14.8
2023-02-16,นครศรีธรรมราช,8.43,99.96,27.0,30.3,23.2,0.2,24.3
2023-02-17,นครศรีธรรมราช,8.43,99.96,26.5,29.8,23.4,2.2,20.2
2023-02-18,นครศรีธรรมราช,8.43,99.96,26.7,29.4,23.5,1.1,14.8
2023-02-19,นครศรีธรรมราช,8.43,99.96,26.3,30.2,22.6,4.2,10.3
2023-02-20,นครศรีธรรมราช,8.43,99.96,25.6,29.5,22.4,4.0,11.4
2023-02-21,นครศรีธรรมราช,8.43,99.96,25.5,29.4,23.6,12.2,17.0
2023-02-22,นครศรีธรรมราช,8.43,99.96,26.1,30.0,22.4,0.8,16.1
2023-02-23,นครศรีธรรมราช,8.43,99.96,26.3,30.3,22.3,1.0,15.5
2023-02-24,นครศรีธรรมราช,8.43,99.96,26.0,30.4,21.9,0.6,12.7
2023-02-25,นครศรีธรรมราช,8.43,99.96,25.8,30.2,22.3,3.0,17.6
2023-02-26,นครศรีธรรมราช,8.43,99.96,26.7,28.7,24.3,1.8,20.4
2023-02-27,นครศรีธรรมราช,8.43,99.96,26.4,30.5,21.8,0.2,24.2
2023-02-28,นครศรีธรรมราช,8.43,99.96,26.4,30.2,22.8,2.0,21.4
2023-03-01,นครศรีธรรมราช,8.43,99.96,26.4,30.3,23.4,12.5,16.6
2023-03-02,นครศรีธรรมราช,8.43,99.96,26.6,30.6,22.9,1.2,16.2
2023-03-03,นครศรีธรรมราช,8.43,99.96,24.8,27.3,23.0,26.9,18.0
2023-03-04,นครศรีธรรมราช,8.43,99.96,26.0,29.3,22.4,0.7,17.0
2023-03-05,นครศรีธรรมราช,8.43,99.96,25.6,29.4,21.5,3.2,14.0
2023-03-06,นครศรีธรรมราช,8.43,99.96,25.6,29.7,21.2,1.3,16.2
2023-03-07,นครศรีธรรมราช,8.43,99.96,25.1,29.4,20.8,0.9,13.0
2023-03-08,นครศรีธรรมราช,8.43,99.96,26.4,29.7,21.8,2.5,15.2
2023-03-09,นครศรีธรรมราช,8.43,99.96,26.3,30.0,22.1,1.8,17.4
2023-03-10,นครศรีธรรมราช,8.43,99.96,27.0,30.2,24.1,0.3,17.0
2023-03-11,นครศรีธรรมราช,8.43,99.96,26.0,30.5,21.6,0.0,14.1
2023-03-12,นครศรีธรรมราช,8.43,99.96,25.9,30.6,21.3,1.0,13.8
2023-03-13,นครศรีธรรมราช,8.43,99.96,25.9,30.1,21.8,0.7,22.0
2023-03-14,นครศรีธรรมราช,8.43,99.96,26.5,30.3,22.5,0.5,20.8
2023-03-15,นครศรีธรรมราช,8.43,99.96,26.1,30.9,22.1,0.4,14.5
2023-03-16,นครศรีธรรมราช,8.43,99.96,25.8,31.0,20.4,0.1,15.9
2023-03-17,นครศรีธรรมราช,8.43,99.96,26.9,31.4,22.5,0.4,15.1
2023-03-18,นครศรีธรรมราช,8.43,99.96,26.5,31.5,21.5,0.1,15.9
2023-03-19,นครศรีธรรมราช,8.43,99.96,26.6,32.1,21.8,0.1,13.4
2023-03-20,นครศรีธรรมราช,8.43,99.96,26.7,31.2,22.9,1.3,14.5
2023-03-21,นครศรีธรรมราช,8.43,99.96,27.1,32.5,22.5,0.1,11.5
2023-03-22,นครศรีธรรมราช,8.43,99.96,27.4,33.6,22.5,0.0,15.9
2023-03-23,นครศรีธรรมราช,8.43,99.96,28.2,33.2,24.1,0.5,13.8
2023-03-24,นครศรีธรรมราช,8.43,99.96,28.4,33.1,24.4,0.1,13.4
2023-03-25,นครศรีธรรมราช,8.43,99.96,27.7,33.2,22.5,0.0,14.6
2023-03-26,นครศรีธรรมราช,8.43,99.96,27.3,33.8,21.5,0.0,16.0
2023-03-27,นครศรีธรรมราช,8.43,99.96,27.5,32.9,22.4,0.0,15.0
2023-03-28,นครศรีธรรมราช,8.43,99.96,28.2,33.8,22.4,0.0,13.7
2023-03-29,นครศรีธรรมราช,8.43,99.96,27.5,33.0,23.3,0.6,15.6
2023-03-30,นครศรีธรรมราช,8.43,99.96,28.0,32.8,23.4,2.0,13.5
2023-03-31,นครศรีธรรมราช,8.43,99.96,28.2,33.1,23.1,0.6,10.5
2023-04-01,นครศรีธรรมราช,8.43,99.96,28.6,33.9,23.5,0.0,11.2
2023-04-02,นครศรีธรรมราช,8.43,99.96,28.4,33.8,23.0,0.0,13.4
2023-04-03,นครศรีธรรมราช,8.43,99.96,28.3,32.4,23.7,6.2,11.6
2023-04-04,นครศรีธรรมราช,8.43,99.96,28.7,33.7,23.3,0.5,11.0
2023-04-05,นครศรีธรรมราช,8.43,99.96,28.7,32.2,26.0,4.8,12.0
2023-04-06,นครศรีธรรมราช,8.43,99.96,28.9,34.0,24.4,0.9,13.6
2023-04-07,นครศรีธรรมราช,8.43,99.96,28.6,33.9,24.1,0.2,15.1
2023-04-08,นครศรีธรรมราช,8.43,99.96,29.1,34.4,24.1,0.2,17.4
2023-04-09,นครศรีธรรมราช,8.43,99.96,29.0,35.0,23.6,0.2,16.3
2023-04-10,นครศรีธรรมราช,8.43,99.96,29.7,35.3,24.7,0.0,13.8
2023-04-11,นครศรีธรรมราช,8.43,99.96,29.3,34.5,24.3,0.0,12.8
2023-04-12,นครศรีธรรมราช,8.43,99.96,29.7,36.1,25.1,1.1,13.2
2023-04-13,นครศรีธรรมราช,8.43,99.96,29.5,35.6,25.5,2.3,14.2
2023-04-14,นครศรีธรรมราช,8.43,99.96,29.7,34.9,25.2,2.0,12.3
2023-04-15,นครศรีธรรมราช,8.43,99.96,29.8,34.9,24.7,1.7,12.6
2023-04-16,นครศรีธรรมราช,8.43,99.96,28.6,32.8,23.3,0.6,18.1
2023-04-17,นครศรีธรรมราช,8.43,99.96,29.9,34.7,24.6,0.5,11.8
2023-04-18,นครศรีธรรมราช,8.43,99.96,29.8,35.0,25.9,1.4,10.2
2023-04-19,นครศรีธรรมราช,8.43,99.96,29.5,34.6,25.8,7.1,12.9
2023-04-20,นครศรีธรรมราช,8.43,99.96,29.2,35.9,24.8,2.7,18.8
2023-04-21,นครศรีธรรมราช,8.43,99.96,28.9,35.3,24.1,2.7,10.2
2023-04-22,นครศรีธรรมราช,8.43,99.96,29.0,34.0,24.7,9.2,18.4
2023-04-23,นครศรีธรรมราช,8.43,99.96,29.0,34.3,25.4,3.9,11.5
2023-04-24,นครศรีธรรมราช,8.43,99.96,28.7,33.3,25.3,0.8,17.3
2023-04-25,นครศรีธรรมราช,8.43,99.96,29.3,34.3,24.5,2.8,10.1
2023-04-26,นครศรีธรรมราช,8.43,99.96,29.5,34.1,24.7,0.9,16.8
2023-04-27,นครศรีธรรมราช,8.43,99.96,29.7,35.0,25.2,2.0,17.3
2023-04-28,นครศรีธรรมราช,8.43,99.96,29.9,34.8,24.5,1.5,16.1
2023-04-29,นครศรีธรรมราช,8.43,99.96,29.0,33.1,24.6,1.7,13.0
2023-04-30,นครศรีธรรมราช,8.43,99.96,29.1,34.3,25.5,4.7,15.1
2023-05-01,นครศรีธรรมราช,8.43,99.96,28.6,32.1,25.5,5.5,13.1
2023-05-02,นครศรีธรรมราช,8.43,99.96,27.9,30.4,25.5,5.7,16.6
2023-05-03,นครศรีธรรมราช,8.43,99.96,28.3,32.1,23.5,12.5,14.8
2023-05-04,นครศรีธรรมราช,8.43,99.96,28.8,33.3,25.4,5.2,10.9
2023-05-05,นครศรีธรรมราช,8.43,99.96,29.2,34.8,24.4,0.6,12.9
2023-05-06,นครศรีธรรมราช,8.43,99.96,29.4,34.3,25.0,0.9,11.4
2023-05-07,นครศรีธรรมราช,8.43,99.96,29.9,35.3,25.4,0.7,15.5
2023-05-08,นครศรีธรรมราช,8.43,99.96,29.8,34.7,26.3,12.5,12.2
2023-05-09,นครศรีธรรมราช,8.43,99.96,28.6,34.5,24.5,3.6,11.2
2023-05-10,นครศรีธรรมราช,8.43,99.96,28.3,31.6,25.2,0.3,8.6
2023-05-11,นครศรีธรรมราช,8.43,99.96,29.1,33.9,24.1,0.0,11.2
2023-05-12,นครศรีธรรมราช,8.43,99.96,29.7,34.5,24.6,0.0,10.3
2023-05-13,นครศรีธรรมราช,8.43,99.96,30.4,36.5,25.3,1.4,14.0
2023-05-14,นครศรีธรรมราช,8.43,99.96,30.0,37.5,25.4,1.3,18.2
2023-05-15,นครศรีธรรมราช,8.43,99.96,29.3,35.8,25.2,1.9,11.8
2023-05-16,นครศรีธรรมราช,8.43,99.96,28.8,34.2,24.3,12.1,11.7
2023-05-17,นครศรีธรรมราช,8.43,99.96,28.5,33.4,24.9,5.2,12.3
2023-05-18,นครศรีธรรมราช,8.43,99.96,28.5,33.3,24.3,6.7,15.2
2023-05-19,นครศรีธรรมราช,8.43,99.96,28.5,33.5,24.8,11.1,9.9
2023-05-20,นครศรีธรรมราช,8.43,99.96,28.9,33.7,24.0,0.5,11.4
2023-05-21,นครศรีธรรมราช,8.43,99.96,29.0,33.3,25.1,1.0,15.1
2023-05-22,นครศรีธรรมราช,8.43,99.96,27.9,34.2,24.1,7.1,13.4
2023-05-23,นครศรีธรรมราช,8.43,99.96,28.9,34.2,24.1,3.8,8.7
2023-05-24,นครศรีธรรมราช,8.43,99.96,29.2,34.0,24.4,0.3,12.4
2023-05-25,นครศรีธรรมราช,8.43,99.96,29.2,33.9,24.6,0.6,9.3
2023-05-26,นครศรีธรรมราช,8.43,99.96,28.6,34.8,24.7,20.3,12.9
2023-05-27,นครศรีธรรมราช,8.43,99.96,29.3,34.5,25.8,0.2,9.8
2023-05-28,นครศรีธรรมราช,8.43,99.96,28.4,32.8,25.7,16.3,10.5
2023-05-29,นครศรีธรรมราช,8.43,99.96,28.3,33.0,25.8,2.5,12.2
2023-05-30,นครศรีธรรมราช,8.43,99.96,28.4,33.5,25.3,1.7,9.7
2023-05-31,นครศรีธรรมราช,8.43,99.96,28.7,32.8,26.0,3.3,15.0
2023-06-01,นครศรีธรรมราช,8.43,99.96,29.1,32.9,26.1,1.7,11.6
2023-06-02,นครศรีธรรมราช,8.43,99.96,29.1,33.6,25.0,2.8,10.1
2023-06-03,นครศรีธรรมราช,8.43,99.96,28.6,34.0,25.2,19.0,13.0
2023-06-04,นครศรีธรรมราช,8.43,99.96,29.6,34.5,25.8,0.4,15.5
2023-06-05,นครศรีธรรมราช,8.43,99.96,29.3,33.1,25.9,1.7,14.4
2023-06-06,นครศรีธรรมราช,8.43,99.96,29.4,34.0,27.5,0.8,20.1
2023-06-07,นครศรีธรรมราช,8.43,99.96,28.2,31.4,26.9,2.5,13.7
2023-06-08,นครศรีธรรมราช,8.43,99.96,29.4,34.4,25.8,0.2,14.5
2023-06-09,นครศรีธรรมราช,8.43,99.96,30.1,35.4,25.5,0.0,16.3
2023-06-10,นครศรีธรรมราช,8.43,99.96,29.0,33.9,26.2,0.4,15.7
2023-06-11,นครศรีธรรมราช,8.43,99.96,29.2,34.1,25.1,0.0,17.8
2023-06-12,นครศรีธรรมราช,8.43,99.96,29.6,34.4,25.4,0.9,23.4
2023-06-13,นครศรีธรรมราช,8.43,99.96,29.3,35.0,25.0,1.5,20.0
2023-06-14,นครศรีธรรมราช,8.43,99.96,29.7,36.0,24.3,0.2,8.2
2023-06-15,นครศรีธรรมราช,8.43,99.96,29.4,35.1,23.9,0.2,9.6
2023-06-16,นครศรีธรรมราช,8.43,99.96,29.1,34.2,24.4,0.5,11.2
2023-06-17,นครศรีธรรมราช,8.43,99.96,28.8,35.2,25.3,19.8,6.8
2023-06-18,นครศรีธรรมราช,8.43,99.96,27.4,30.3,25.5,2.0,13.4
2023-06-19,นครศรีธรรมราช,8.43,99.96,27.7,34.2,23.6,13.7,11.6
2023-06-20,นครศรีธรรมราช,8.43,99.96,29.0,35.1,22.8,0.5,13.3
2023-06-21,นครศรีธรรมราช,8.43,99.96,29.0,35.9,21.5,0.4,12.7
2023-06-22,นครศรีธรรมราช,8.43,99.96,29.5,34.4,24.3,0.2,9.3
2023-06-23,นครศรีธรรมราช,8.43,99.96,30.6,35.8,25.2,0.1,11.7
2023-06-24,นครศรีธรรมราช,8.43,99.96,30.0,35.5,25.9,4.9,13.1
2023-06-25,นครศรีธรรมราช,8.43,99.96,28.5,34.7,25.2,4.4,16.7
2023-06-26,นครศรีธรรมราช,8.43,99.96,29.3,35.2,24.3,0.1,6.9
2023-06-27,นครศรีธรรมราช,8.43,99.96,28.3,33.8,23.7,8.7,17.3
2023-06-28,นครศรีธรรมราช,8.43,99.96,29.1,34.2,25.2,11.8,8.6
2023-06-29,นครศรีธรรมราช,8.43,99.96,29.0,33.5,24.9,1.3,9.4
2023-06-30,นครศรีธรรมราช,8.43,99.96,29.3,33.9,25.9,3.2,15.4
2023-07-01,นครศรีธรรมราช,8.43,99.96,28.6,32.1,26.3,0.3,19.7
2023-07-02,นครศรีธรรมราช,8.43,99.96,29.4,33.2,25.7,0.0,9.9
2023-07-03,นครศรีธรรมราช,8.43,99.96,29.5,35.4,24.5,0.2,6.1
2023-07-04,นครศรีธรรมราช,8.43,99.96,30.0,35.3,24.6,0.6,12.0
2023-07-05,นครศรีธรรมราช,8.43,99.96,29.3,33.8,24.2,2.5,12.2
2023-07-06,นครศรีธรรมราช,8.43,99.96,30.2,36.2,25.1,6.8,13.5
2023-07-07,นครศรีธรรมราช,8.43,99.96,30.1,35.2,25.9,5.2,7.3
2023-07-08,นครศรีธรรมราช,8.43,99.96,28.7,34.5,24.8,7.6,9.0
2023-07-09,นครศรีธรรมราช,8.43,99.96,26.9,30.0,24.5,10.5,10.4
2023-07-10,นครศรีธรรมราช,8.43,99.96,27.9,34.2,23.2,12.1,12.1
2023-07-11,นครศรีธรรมราช,8.43,99.96,28.1,33.3,23.4,3.8,8.6
2023-07-12,นครศรีธรรมราช,8.43,99.96,29.2,35.3,23.8,0.4,7.2
2023-07-13,นครศรีธรรมราช,8.43,99.96,30.1,35.2,24.8,2.3,12.1
2023-07-14,นครศรีธรรมราช,8.43,99.96,30.2,35.7,26.1,1.3,10.8
2023-07-15,นครศรีธรรมราช,8.43,99.96,29.5,35.3,25.5,2.3,11.6
2023-07-16,นครศรีธรรมราช,8.43,99.96,30.1,33.8,26.6,0.0,11.9
2023-07-17,นครศรีธรรมราช,8.43,99.96,28.7,32.1,26.5,2.9,10.2
2023-07-18,นครศรีธรรมราช,8.43,99.96,28.6,32.9,26.0,2.3,13.0
2023-07-19,นครศรีธรรมราช,8.43,99.96,28.1,32.4,25.7,2.5,14.4
2023-07-20,นครศรีธรรมราช,8.43,99.96,29.5,34.6,26.0,0.8,13.4
2023-07-21,นครศรีธรรมราช,8.43,99.96,27.8,33.6,25.3,21.1,10.2
2023-07-22,นครศรีธรรมราช,8.43,99.96,27.7,32.4,25.0,5.4,8.4
2023-07-23,นครศรีธรรมราช,8.43,99.96,28.2,33.3,24.8,1.3,13.7
2023-07-24,นครศรีธรรมราช,8.43,99.96,28.7,34.1,24.3,1.8,9.0
2023-07-25,นครศรีธรรมราช,8.43,99.96,29.8,35.2,25.9,0.1,13.8
2023-07-26,นครศรีธรรมราช,8.43,99.96,29.7,34.7,25.3,0.0,10.0
2023-07-27,นครศรีธรรมราช,8.43,99.96,30.4,35.5,27.0,0.8,12.6
2023-07-28,นครศรีธรรมราช,8.43,99.96,30.3,35.4,26.6,0.0,14.7
2023-07-29,นครศรีธรรมราช,8.43,99.96,30.2,34.3,25.9,0.1,20.3
2023-07-30,นครศรีธรรมราช,8.43,99.96,29.7,33.8,26.8,3.3,22.9
2023-07-31,นครศรีธรรมราช,8.43,99.96,28.7,33.7,25.3,2.4,17.1
2023-08-01,นครศรีธรรมราช,8.43,99.96,28.4,33.3,24.7,2.6,18.3
2023-08-02,นครศรีธรรมราช,8.43,99.96,29.4,33.7,26.0,1.7,18.6
2023-08-03,นครศรีธรรมราช,8.43,99.96,30.0,36.2,24.3,0.4,17.6
2023-08-04,นครศรีธรรมราช,8.43,99.96,30.5,35.7,25.4,0.5,17.6
2023-08-05,นครศรีธรรมราช,8.43,99.96,30.8,37.0,24.3,0.1,17.2
2023-08-06,นครศรีธรรมราช,8.43,99.96,29.8,36.7,23.8,0.6,13.2
2023-08-07,นครศรีธรรมราช,8.43,99.96,29.9,37.0,24.3,3.1,12.4
2023-08-08,นครศรีธรรมราช,8.43,99.96,30.4,36.0,26.3,0.0,18.0
2023-08-09,นครศรีธรรมราช,8.43,99.96,29.5,36.4,25.3,5.8,8.1
2023-08-10,นครศรีธรรมราช,8.43,99.96,29.4,34.1,24.8,1.4,14.3
2023-08-11,นครศรีธรรมราช,8.43,99.96,29.9,34.7,25.1,2.4,12.3
2023-08-12,นครศรีธรรมราช,8.43,99.96,29.7,35.1,25.9,2.0,12.3
2023-08-13,นครศรีธรรมราช,8.43,99.96,28.9,34.4,25.2,7.6,14.8
2023-08-14,นครศรีธรรมราช,8.43,99.96,28.5,34.3,25.2,11.4,17.1
2023-08-15,นครศรีธรรมราช,8.43,99.96,28.6,32.7,26.1,4.1,11.6
2023-08-16,นครศรีธรรมราช,8.43,99.96,28.9,34.0,25.4,0.6,7.1
2023-08-17,นครศรีธรรมราช,8.43,99.96,29.6,35.5,25.1,0.3,9.3
2023-08-18,นครศรีธรรมราช,8.43,99.96,29.8,36.2,24.6,0.5,8.6
2023-08-19,นครศรีธรรมราช,8.43,99.96,29.5,37.0,24.6,4.3,11.5
2023-08-20,นครศรีธรรมราช,8.43,99.96,29.8,37.5,25.4,7.6,7.9
2023-08-21,นครศรีธรรมราช,8.43,99.96,29.3,35.4,25.3,1.4,8.5
2023-08-22,นครศรีธรรมราช,8.43,99.96,29.1,36.8,24.1,1.0,17.8
2023-08-23,นครศรีธรรมราช,8.43,99.96,30.1,35.9,24.4,0.3,8.9
2023-08-24,นครศรีธรรมราช,8.43,99.96,29.9,36.7,23.1,0.6,9.9
2023-08-25,นครศรีธรรมราช,8.43,99.96,30.0,37.3,24.6,3.8,14.2
2023-08-26,นครศรีธรรมราช,8.43,99.96,29.2,35.7,24.9,4.7,15.3
2023-08-27,นครศรีธรรมราช,8.43,99.96,29.8,37.3,23.9,1.3,9.4
2023-08-28,นครศรีธรรมราช,8.43,99.96,30.4,36.8,25.5,1.2,13.0
2023-08-29,นครศรีธรรมราช,8.43,99.96,29.8,35.6,25.2,10.1,11.6
2023-08-30,นครศรีธรรมราช,8.43,99.96,30.4,36.0,25.7,0.2,11.8
2023-08-31,นครศรีธรรมราช,8.43,99.96,30.0,35.9,26.1,5.4,14.5
2023-09-01,นครศรีธรรมราช,8.43,99.96,28.6,33.9,26.1,21.3,12.2
2023-09-02,นครศรีธรรมราช,8.43,99.96,27.9,31.4,25.4,4.8,10.2
2023-09-03,นครศรีธรรมราช,8.43,99.96,28.0,32.6,25.5,6.8,13.0
2023-09-04,นครศรีธรรมราช,8.43,99.96,27.6,31.4,25.1,4.4,13.0
2023-09-05,นครศรีธรรมราช,8.43,99.96,27.7,30.8,25.0,0.9,9.3
2023-09-06,นครศรีธรรมราช,8.43,99.96,28.4,33.4,23.9,0.3,7.8
2023-09-07,นครศรีธรรมราช,8.43,99.96,28.5,33.3,24.6,3.6,6.2
2023-09-08,นครศรีธรรมราช,8.43,99.96,28.6,34.3,25.4,18.0,11.1
2023-09-09,นครศรีธรรมราช,8.43,99.96,28.1,33.7,24.8,13.5,5.6
2023-09-10,นครศรีธรรมราช,8.43,99.96,27.2,31.7,24.8,13.3,18.6
2023-09-11,นครศรีธรรมราช,8.43,99.96,27.9,33.3,23.3,1.5,8.1
2023-09-12,นครศรีธรรมราช,8.43,99.96,27.5,33.4,23.7,2.9,16.6
2023-09-13,นครศรีธรรมราช,8.43,99.96,28.6,33.3,24.6,0.4,11.6
2023-09-14,นครศรีธรรมราช,8.43,99.96,28.4,33.7,24.0,2.4,8.9
2023-09-15,นครศรีธรรมราช,8.43,99.96,27.9,31.7,25.1,0.0,10.5
2023-09-16,นครศรีธรรมราช,8.43,99.96,27.7,32.7,23.8,5.3,12.5
2023-09-17,นครศรีธรรมราช,8.43,99.96,28.0,34.1,23.7,14.1,9.2
2023-09-18,นครศรีธรรมราช,8.43,99.96,27.9,32.7,25.1,8.3,9.9
2023-09-19,นครศรีธรรมราช,8.43,99.96,27.7,32.0,24.0,7.9,12.0
2023-09-20,นครศรีธรรมราช,8.43,99.96,28.8,33.1,25.7,3.0,16.4
2023-09-21,นครศรีธรรมราช,8.43,99.96,27.1,31.7,24.3,4.1,15.7
2023-09-22,นครศรีธรรมราช,8.43,99.96,26.7,30.7,24.0,7.2,14.3
2023-09-23,นครศรีธรรมราช,8.43,99.96,27.1,32.4,23.7,12.0,8.7
2023-09-24,นครศรีธรรมราช,8.43,99.96,27.4,30.6,24.6,2.6,11.3
2023-09-25,นครศรีธรรมราช,8.43,99.96,27.6,31.7,24.2,4.2,11.3
2023-09-26,นครศรีธรรมราช,8.43,99.96,27.5,30.4,25.2,2.4,13.7
2023-09-27,นครศรีธรรมราช,8.43,99.96,26.2,27.9,24.4,31.3,12.5
2023-09-28,นครศรีธรรมราช,8.43,99.96,27.7,31.9,24.3,0.0,11.7
2023-09-29,นครศรีธรรมราช,8.43,99.96,28.2,33.6,23.7,1.7,11.7
2023-09-30,นครศรีธรรมราช,8.43,99.96,28.3,32.3,24.4,0.1,13.1
2023-10-01,นครศรีธรรมราช,8.43,99.96,28.6,32.5,24.9,0.7,7.7
2023-10-02,นครศรีธรรมราช,8.43,99.96,28.5,33.4,25.0,0.9,9.9
2023-10-03,นครศรีธรรมราช,8.43,99.96,27.7,30.6,25.4,3.9,7.1
2023-10-04,นครศรีธรรมราช,8.43,99.96,27.2,31.7,24.3,2.1,12.1
2023-10-05,นครศรีธรรมราช,8.43,99.96,27.8,33.7,24.2,19.8,7.1
2023-10-06,นครศรีธรรมราช,8.43,99.96,28.4,32.7,24.4,7.7,9.4
2023-10-07,นครศรีธรรมราช,8.43,99.96,27.4,31.7,24.5,13.0,9.4
2023-10-08,นครศรีธรรมราช,8.43,99.96,27.5,32.3,24.1,15.1,9.7
2023-10-09,นครศรีธรรมราช,8.43,99.96,28.1,32.5,24.7,0.9,6.6
2023-10-10,นครศรีธรรมราช,8.43,99.96,28.0,32.1,25.8,14.6,8.3
2023-10-11,นครศรีธรรมราช,8.43,99.96,27.7,31.8,24.6,7.5,11.3
2023-10-12,นครศรีธรรมราช,8.43,99.96,27.5,31.4,24.0,9.4,14.2
2023-10-13,นครศรีธรรมราช,8.43,99.96,27.2,31.7,23.7,11.4,11.9
2023-10-14,นครศรีธรรมราช,8.43,99.96,28.0,33.4,24.5,6.2,7.4
2023-10-15,นครศรีธรรมราช,8.43,99.96,27.3,32.6,24.2,10.4,14.8
2023-10-16,นครศรีธรรมราช,8.43,99.96,27.5,33.2,23.8,16.4,10.0
2023-10-17,นครศรีธรรมราช,8.43,99.96,27.2,32.1,24.5,26.5,6.4
2023-10-18,นครศรีธรรมราช,8.43,99.96,27.3,31.3,24.6,5.5,5.0
2023-10-19,นครศรีธรรมราช,8.43,99.96,27.6,31.5,24.8,21.5,14.8
2023-10-20,นครศรีธรรมราช,8.43,99.96,27.7,31.1,24.7,6.9,9.4
2023-10-21,นครศรีธรรมราช,8.43,99.96,26.6,30.8,24.3,8.3,11.2
2023-10-22,นครศรีธรรมราช,8.43,99.96,27.2,31.6,23.7,2.1,9.3
2023-10-23,นครศรีธรรมราช,8.43,99.96,27.0,30.6,23.6,6.2,9.9
2023-10-24,นครศรีธรรมราช,8.43,99.96,28.0,33.1,23.8,13.2,12.1
2023-10-25,นครศรีธรรมราช,8.43,99.96,27.2,30.9,24.1,3.3,9.4
2023-10-26,นครศรีธรรมราช,8.43,99.96,27.2,31.9,23.6,4.1,11.9
2023-10-27,นครศรีธรรมราช,8.43,99.96,27.5,32.6,23.8,6.3,15.9
2023-10-28,นครศรีธรรมราช,8.43,99.96,27.3,32.4,23.4,9.8,11.3
2023-10-29,นครศรีธรรมราช,8.43,99.96,26.9,31.6,24.2,7.8,13.6
2023-10-30,นครศรีธรรมราช,8.43,99.96,26.7,30.9,24.5,22.7,13.1
2023-10-31,นครศรีธรรมราช,8.43,99.96,26.2,30.1,23.8,19.5,18.2
2023-11-01,นครศรีธรรมราช,8.43,99.96,25.9,30.1,23.3,19.7,12.6
2023-11-02,นครศรีธรรมราช,8.43,99.96,26.1,29.0,23.7,5.8,10.8
2023-11-03,นครศรีธรรมราช,8.43,99.96,26.9,31.1,23.7,13.0,10.5
2023-11-04,นครศรีธรรมราช,8.43,99.96,26.6,30.2,23.7,18.0,10.1
2023-11-05,นครศรีธรรมราช,8.43,99.96,27.4,31.0,24.2,9.8,11.1
2023-11-06,นครศรีธรรมราช,8.43,99.96,27.6,32.1,24.8,10.6,12.2
2023-11-07,นครศรีธรรมราช,8.43,99.96,27.1,31.6,23.9,8.3,16.9
2023-11-08,นครศรีธรรมราช,8.43,99.96,27.5,31.7,24.3,5.5,10.5
2023-11-09,นครศรีธรรมราช,8.43,99.96,27.5,31.2,24.2,2.0,11.2
2023-11-10,นครศรีธรรมราช,8.43,99.96,27.4,30.7,23.8,5.9,7.9
2023-11-11,นครศรีธรรมราช,8.43,99.96,26.6,30.3,24.6,16.1,11.1
2023-11-12,นครศรีธรรมราช,8.43,99.96,25.4,27.7,24.2,48.0,13.4
2023-11-13,นครศรีธรรมราช,8.43,99.96,25.9,28.1,24.4,25.4,9.7
2023-11-14,นครศรีธรรมราช,8.43,99.96,25.9,29.5,24.5,41.7,12.4
2023-11-15,นครศรีธรรมราช,8.43,99.96,26.1,29.7,23.5,37.9,16.5
2023-11-16,นครศรีธรรมราช,8.43,99.96,25.7,27.8,24.4,39.7,9.2
2023-11-17,นครศรีธรรมราช,8.43,99.96,25.4,28.1,23.5,50.4,15.2
2023-11-18,นครศรีธรรมราช,8.43,99.96,27.0,30.1,24.2,11.2,20.1
2023-11-19,นครศรีธรรมราช,8.43,99.96,27.6,30.3,25.7,1.8,18.9
2023-11-20,นครศรีธรรมราช,8.43,99.96,27.4,30.2,24.7,0.3,23.7
2023-11-21,นครศรีธรรมราช,8.43,99.96,27.3,30.2,25.3,1.3,20.4
2023-11-22,นครศรีธรรมราช,8.43,99.96,27.0,30.2,24.5,7.0,14.9
2023-11-23,นครศรีธรรมราช,8.43,99.96,26.6,30.2,24.0,9.4,13.4
2023-11-24,นครศรีธรรมราช,8.43,99.96,25.7,28.3,24.2,19.5,13.0
2023-11-25,นครศรีธรรมราช,8.43,99.96,26.9,30.9,24.3,5.1,17.8
2023-11-26,นครศรีธรรมราช,8.43,99.96,25.2,26.8,24.3,23.6,10.7
2023-11-27,นครศรีธรรมราช,8.43,99.96,24.6,25.6,23.3,89.1,14.4
2023-11-28,นครศรีธรรมราช,8.43,99.96,25.6,28.0,23.4,17.5,10.9
2023-11-29,นครศรีธรรมราช,8.43,99.96,26.1,29.5,23.9,13.3,14.3
2023-11-30,นครศรีธรรมราช,8.43,99.96,26.6,29.5,24.9,10.7,10.4
2023-12-01,นครศรีธรรมราช,8.43,99.96,25.2,28.0,23.7,49.5,14.1
2023-12-02,นครศรีธรรมราช,8.43,99.96,25.5,28.2,23.4,6.4,14.9
2023-12-03,นครศรีธรรมราช,8.43,99.96,26.5,29.6,24.6,24.1,14.5
2023-12-04,นครศรีธรรมราช,8.43,99.96,26.1,28.8,24.3,10.9,10.5
2023-12-05,นครศรีธรรมราช,8.43,99.96,27.2,31.0,23.9,1.5,11.5
2023-12-06,นครศรีธรรมราช,8.43,99.96,27.1,30.9,23.1,4.0,14.3
2023-12-07,นครศรีธรรมราช,8.43,99.96,27.0,30.8,24.5,4.0,11.8
2023-12-08,นครศรีธรรมราช,8.43,99.96,26.0,29.8,23.7,12.1,8.1
2023-12-09,นครศรีธรรมราช,8.43,99.96,26.9,30.7,23.7,8.1,12.9
2023-12-10,นครศรีธรรมราช,8.43,99.96,27.0,31.2,23.7,18.3,9.4
2023-12-11,นครศรีธรรมราช,8.43,99.96,27.1,30.3,24.6,3.7,10.6
2023-12-12,นครศรีธรรมราช,8.43,99.96,26.9,30.2,24.5,3.8,10.2
2023-12-13,นครศรีธรรมราช,8.43,99.96,26.5,30.0,24.2,12.2,15.1
2023-12-14,นครศรีธรรมราช,8.43,99.96,26.8,30.6,23.6,6.6,12.1
2023-12-15,นครศรีธรรมราช,8.43,99.96,27.1,30.6,24.6,4.1,14.8
2023-12-16,นครศรีธรรมราช,8.43,99.96,26.2,30.3,23.5,3.7,18.1
2023-12-17,นครศรีธรรมราช,8.43,99.96,27.1,31.5,23.7,1.6,16.8
2023-12-18,นครศรีธรรมราช,8.43,99.96,26.5,30.1,24.1,6.7,14.3
2023-12-19,นครศรีธรรมราช,8.43,99.96,25.8,29.1,23.6,22.5,15.0
2023-12-20,นครศรีธรรมราช,8.43,99.96,26.9,31.3,23.7,1.7,19.5
2023-12-21,นครศรีธรรมราช,8.43,99.96,26.8,29.9,24.5,4.8,14.6
2023-12-22,นครศรีธรรมราช,8.43,99.96,26.9,29.8,24.8,5.9,26.9
2023-12-23,นครศรีธรรมราช,8.43,99.96,27.0,29.1,25.7,1.6,28.3
2023-12-24,นครศรีธรรมราช,8.43,99.96,27.1,28.9,25.7,5.2,28.1
2023-12-25,นครศรีธรรมราช,8.43,99.96,25.9,27.6,24.6,14.0,18.4
2023-12-26,นครศรีธรรมราช,8.43,99.96,27.1,29.9,25.1,0.6,22.9
2023-12-27,นครศรีธรรมราช,8.43,99.96,27.1,30.5,23.7,0.5,20.0
2023-12-28,นครศรีธรรมราช,8.43,99.96,27.2,30.3,24.3,1.0,20.6
2023-12-29,นครศรีธรรมราช,8.43,99.96,26.7,29.8,24.9,16.5,14.8
2023-12-30,นครศรีธรรมราช,8.43,99.96,26.3,30.2,24.0,11.1,12.1
2023-12-31,นครศรีธรรมราช,8.43,99.96,27.4,31.1,24.2,0.6,12.7
2024-01-01,นครศรีธรรมราช,8.43,99.96,27.0,30.0,24.1,2.4,11.2
2024-01-02,นครศรีธรรมราช,8.43,99.96,26.9,30.7,23.6,2.8,12.1
2024-01-03,นครศรีธรรมราช,8.43,99.96,27.1,30.7,23.8,1.5,14.0
2024-01-04,นครศรีธรรมราช,8.43,99.96,26.8,30.2,23.7,2.2,9.7
2024-01-05,นครศรีธรรมราช,8.43,99.96,26.7,30.2,24.0,3.5,12.9
2024-01-06,นครศรีธรรมราช,8.43,99.96,26.6,30.2,23.3,2.2,16.2
2024-01-07,นครศรีธรรมราช,8.43,99.96,26.8,29.3,24.4,6.9,10.6
2024-01-08,นครศรีธรรมราช,8.43,99.96,26.7,29.9,24.0,1.9,16.4
2024-01-09,นครศรีธรรมราช,8.43,99.96,26.4,30.2,23.2,0.9,16.6
2024-01-10,นครศรีธรรมราช,8.43,99.96,26.7,30.5,23.9,3.5,11.0
2024-01-11,นครศรีธรรมราช,8.43,99.96,27.3,30.8,24.0,4.1,13.4
2024-01-12,นครศรีธรรมราช,8.43,99.96,27.3,31.3,23.4,1.5,11.3
2024-01-13,นครศรีธรรมราช,8.43,99.96,27.0,30.3,24.0,1.5,11.9
2024-01-14,นครศรีธรรมราช,8.43,99.96,26.2,30.6,22.5,1.2,14.8
2024-01-15,นครศรีธรรมราช,8.43,99.96,27.3,30.6,23.6,4.5,13.2
2024-01-16,นครศรีธรรมราช,8.43,99.96,26.5,30.1,23.6,18.7,11.0
2024-01-17,นครศรีธรรมราช,8.43,99.96,26.9,30.3,23.5,0.6,13.4
2024-01-18,นครศรีธรรมราช,8.43,99.96,26.8,30.4,23.4,1.9,16.1
2024-01-19,นครศรีธรรมราช,8.43,99.96,27.3,31.2,23.6,0.4,13.0
2024-01-20,นครศรีธรรมราช,8.43,99.96,27.3,31.7,23.5,1.4,11.4
2024-01-21,นครศรีธรรมราช,8.43,99.96,26.7,30.5,22.9,2.4,12.0
2024-01-22,นครศรีธรรมราช,8.43,99.96,26.7,30.5,23.5,1.6,12.2
2024-01-23,นครศรีธรรมราช,8.43,99.96,26.5,30.4,23.9,31.5,13.5
2024-01-24,นครศรีธรรมราช,8.43,99.96,27.3,31.2,23.7,0.7,18.3
2024-01-25,นครศรีธรรมราช,8.43,99.96,26.9,30.4,24.0,7.8,19.8
2024-01-26,นครศรีธรรมราช,8.43,99.96,26.7,30.5,23.2,4.9,21.6
2024-01-27,นครศรีธรรมราช,8.43,99.96,27.4,30.9,23.3,0.8,18.9
2024-01-28,นครศรีธรรมราช,8.43,99.96,27.2,30.7,22.7,0.6,17.6
2024-01-29,นครศรีธรรมราช,8.43,99.96,26.9,30.9,23.0,0.2,17.3
2024-01-30,นครศรีธรรมราช,8.43,99.96,26.8,31.1,22.4,1.2,14.2
2024-01-31,นครศรีธรรมราช,8.43,99.96,26.5,31.1,22.2,0.8,14.1
2024-02-01,นครศรีธรรมราช,8.43,99.96,26.7,32.0,22.4,0.1,11.0
2024-02-02,นครศรีธรรมราช,8.43,99.96,26.8,31.3,23.0,0.2,11.5
2024-02-03,นครศรีธรรมราช,8.43,99.96,27.0,31.9,22.7,0.2,10.9
2024-02-04,นครศรีธรรมราช,8.43,99.96,27.0,31.8,23.4,0.3,9.4
2024-02-05,นครศรีธรรมราช,8.43,99.96,27.2,32.8,23.0,0.0,11.2
2024-02-06,นครศรีธรรมราช,8.43,99.96,27.6,32.6,23.8,0.0,9.9
2024-02-07,นครศรีธรรมราช,8.43,99.96,27.6,32.7,23.3,0.3,14.4
2024-02-08,นครศรีธรรมราช,8.43,99.96,27.9,32.5,23.7,0.4,12.0
2024-02-09,นครศรีธรรมราช,8.43,99.96,28.0,33.0,23.8,0.5,13.1
2024-02-10,นครศรีธรรมราช,8.43,99.96,27.4,32.1,23.4,2.1,21.3
2024-02-11,นครศรีธรรมราช,8.43,99.96,26.5,31.6,22.6,2.7,24.9
2024-02-12,นครศรีธรรมราช,8.43,99.96,25.7,30.4,22.4,5.7,18.0
2024-02-13,นครศรีธรรมราช,8.43,99.96,26.5,31.2,21.8,1.2,17.4
2024-02-14,นครศรีธรรมราช,8.43,99.96,27.5,31.8,24.4,1.3,18.4
2024-02-15,นครศรีธรรมราช,8.43,99.96,27.5,32.1,23.9,1.1,17.5
2024-02-16,นครศรีธรรมราช,8.43,99.96,27.0,31.2,23.4,3.2,17.0
2024-02-17,นครศรีธรรมราช,8.43,99.96,27.4,31.8,22.8,0.4,17.8
2024-02-18,นครศรีธรรมราช,8.43,99.96,27.2,32.0,22.9,1.3,13.6
2024-02-19,นครศรีธรรมราช,8.43,99.96,28.5,33.1,24.7,0.2,11.9
2024-02-20,นครศรีธรรมราช,8.43,99.96,28.8,32.8,26.0,0.8,12.5
2024-02-21,นครศรีธรรมราช,8.43,99.96,28.8,33.5,24.5,0.5,12.3
2024-02-22,นครศรีธรรมราช,8.43,99.96,28.3,33.5,23.1,0.5,12.3
2024-02-23,นครศรีธรรมราช,8.43,99.96,27.8,32.7,23.5,0.8,16.0
2024-02-24,นครศรีธรรมราช,8.43,99.96,27.6,33.0,22.3,2.9,16.1
2024-02-25,นครศรีธรรมราช,8.43,99.96,28.0,33.5,23.3,1.9,15.3
2024-02-26,นครศรีธรรมราช,8.43,99.96,28.1,33.3,23.2,0.6,19.5
2024-02-27,นครศรีธรรมราช,8.43,99.96,27.7,32.8,22.5,0.2,19.7
2024-02-28,นครศรีธรรมราช,8.43,99.96,28.5,33.0,24.4,0.8,19.9
2024-02-29,นครศรีธรรมราช,8.43,99.96,28.0,33.1,23.2,0.0,15.6
2024-03-01,นครศรีธรรมราช,8.43,99.96,28.3,33.5,23.8,0.0,15.4
2024-03-02,นครศรีธรรมราช,8.43,99.96,28.8,33.1,23.7,0.3,16.6
2024-03-03,นครศรีธรรมราช,8.43,99.96,28.6,33.4,24.0,1.4,17.1
2024-03-04,นครศรีธรรมราช,8.43,99.96,28.7,34.1,24.7,0.5,15.6
2024-03-05,นครศรีธรรมราช,8.43,99.96,28.4,34.2,24.0,0.0,13.3
2024-03-06,นครศรีธรรมราช,8.43,99.96,29.3,35.5,23.1,0.0,12.7
2024-03-07,นครศรีธรรมราช,8.43,99.96,29.1,34.9,25.2,0.0,14.5
2024-03-08,นครศรีธรรมราช,8.43,99.96,28.8,35.2,23.7,0.8,14.9
2024-03-09,นครศรีธรรมราช,8.43,99.96,27.9,32.5,24.0,2.2,12.3
2024-03-10,นครศรีธรรมราช,8.43,99.96,28.1,33.1,23.4,0.5,15.4
2024-03-11,นครศรีธรรมราช,8.43,99.96,28.0,33.4,23.9,1.1,14.7
2024-03-12,นครศรีธรรมราช,8.43,99.96,28.2,34.4,22.5,0.2,14.5
2024-03-13,นครศรีธรรมราช,8.43,99.96,28.7,34.0,24.4,0.1,15.2
2024-03-14,นครศรีธรรมราช,8.43,99.96,28.6,33.9,24.2,1.6,12.2
2024-03-15,นครศรีธรรมราช,8.43,99.96,29.0,34.4,24.4,0.1,14.1
2024-03-16,นครศรีธรรมราช,8.43,99.96,28.8,34.5,24.7,0.6,15.6
2024-03-17,นครศรีธรรมราช,8.43,99.96,28.5,34.3,23.7,0.2,16.6
2024-03-18,นครศรีธรรมราช,8.43,99.96,28.8,35.0,23.4,0.8,14.2
2024-03-19,นครศรีธรรมราช,8.43,99.96,28.6,34.4,22.9,0.3,15.7
2024-03-20,นครศรีธรรมราช,8.43,99.96,28.5,33.8,23.2,0.0,18.0
2024-03-21,นครศรีธรรมราช,8.43,99.96,28.9,34.1,23.2,0.2,16.6
2024-03-22,นครศรีธรรมราช,8.43,99.96,29.1,34.8,24.0,0.2,14.5
2024-03-23,นครศรีธรรมราช,8.43,99.96,29.4,35.4,24.2,0.2,14.9
2024-03-24,นครศรีธรรมราช,8.43,99.96,29.5,35.4,24.7,1.0,15.9
2024-03-25,นครศรีธรรมราช,8.43,99.96,29.2,34.1,24.4,0.9,17.1
2024-03-26,นครศรีธรรมราช,8.43,99.96,29.4,34.5,24.1,1.0,16.1
2024-03-27,นครศรีธรรมราช,8.43,99.96,29.6,35.1,25.0,2.0,15.9
2024-03-28,นครศรีธรรมราช,8.43,99.96,29.5,34.2,24.9,0.1,16.6
2024-03-29,นครศรีธรรมราช,8.43,99.96,29.6,34.5,26.0,4.9,13.8
2024-03-30,นครศรีธรรมราช,8.43,99.96,29.1,33.2,25.7,2.0,10.1
2024-03-31,นครศรีธรรมราช,8.43,99.96,28.9,34.2,25.4,3.4,13.2
2024-04-01,นครศรีธรรมราช,8.43,99.96,29.7,35.8,24.8,0.3,11.8
2024-04-02,นครศรีธรรมราช,8.43,99.96,30.1,36.2,24.8,1.1,11.5
2024-04-03,นครศรีธรรมราช,8.43,99.96,30.5,36.4,25.4,0.1,12.5
2024-04-04,นครศรีธรรมราช,8.43,99.96,30.8,37.0,26.1,0.0,14.5
2024-04-05,นครศรีธรรมราช,8.43,99.96,30.6,37.1,25.3,0.0,14.2
2024-04-06,นครศรีธรรมราช,8.43,99.96,30.5,37.5,24.8,0.0,13.9
2024-04-07,นครศรีธรรมราช,8.43,99.96,29.8,34.9,25.4,0.4,16.1
2024-04-08,นครศรีธรรมราช,8.43,99.96,30.0,35.5,24.6,0.0,14.9
2024-04-09,นครศรีธรรมราช,8.43,99.96,30.8,36.8,25.7,0.0,17.7
2024-04-10,นครศรีธรรมราช,8.43,99.96,30.6,36.7,25.3,0.2,18.8
2024-04-11,นครศรีธรรมราช,8.43,99.96,30.6,35.9,26.0,0.2,17.4
2024-04-12,นครศรีธรรมราช,8.43,99.96,30.0,35.4,25.6,0.8,15.6
2024-04-13,นครศรีธรรมราช,8.43,99.96,30.2,36.3,24.9,0.0,16.1
2024-04-14,นครศรีธรรมราช,8.43,99.96,30.0,36.6,24.7,0.0,16.5
2024-04-15,นครศรีธรรมราช,8.43,99.96,29.9,36.5,24.7,0.1,16.1
2024-04-16,นครศรีธรรมราช,8.43,99.96,29.5,35.9,24.5,0.0,16.5
2024-04-17,นครศรีธรรมราช,8.43,99.96,30.2,37.6,24.0,0.1,15.8
2024-04-18,นครศรีธรรมราช,8.43,99.96,30.8,37.2,25.4,0.2,15.9
2024-04-19,นครศรีธรรมราช,8.43,99.96,30.7,37.5,25.8,6.3,14.3
2024-04-20,นครศรีธรรมราช,8.43,99.96,29.8,35.3,25.9,0.5,10.0
2024-04-21,นครศรีธรรมราช,8.43,99.96,29.9,34.9,25.7,2.3,13.6
2024-04-22,นครศรีธรรมราช,8.43,99.96,30.7,36.1,26.0,0.6,12.6
2024-04-23,นครศรีธรรมราช,8.43,99.96,30.8,36.4,25.5,0.0,13.4
2024-04-24,นครศรีธรรมราช,8.43,99.96,31.0,37.3,25.1,0.2,15.3
2024-04-25,นครศรีธรรมราช,8.43,99.96,31.7,36.7,26.8,0.3,16.6
2024-04-26,นครศรีธรรมราช,8.43,99.96,31.3,37.0,26.5,1.1,10.8
2024-04-27,นครศรีธรรมราช,8.43,99.96,32.2,37.6,26.9,0.1,13.4
2024-04-28,นครศรีธรรมราช,8.43,99.96,31.4,37.2,27.4,2.6,20.6
2024-04-29,นครศรีธรรมราช,8.43,99.96,31.7,38.1,26.2,0.0,16.1
2024-04-30,นครศรีธรรมราช,8.43,99.96,32.0,38.8,26.0,0.2,16.2
2024-05-01,นครศรีธรรมราช,8.43,99.96,32.3,38.8,26.6,0.0,16.1
2024-05-02,นครศรีธรรมราช,8.43,99.96,32.4,39.2,26.8,0.2,12.9
2024-05-03,นครศรีธรรมราช,8.43,99.96,31.8,37.2,27.0,1.0,12.3
2024-05-04,นครศรีธรรมราช,8.43,99.96,31.1,37.9,27.3,2.4,10.5
2024-05-05,นครศรีธรรมราช,8.43,99.96,31.1,37.1,26.4,2.5,11.0
2024-05-06,นครศรีธรรมราช,8.43,99.96,30.5,37.3,26.7,4.9,15.2
2024-05-07,นครศรีธรรมราช,8.43,99.96,28.3,32.6,25.7,21.6,9.7
2024-05-08,นครศรีธรรมราช,8.43,99.96,28.9,33.4,24.7,1.9,13.2
2024-05-09,นครศรีธรรมราช,8.43,99.96,28.9,33.5,24.7,10.7,14.1
2024-05-10,นครศรีธรรมราช,8.43,99.96,28.0,32.6,24.9,12.1,14.0
2024-05-11,นครศรีธรรมราช,8.43,99.96,28.4,32.8,24.7,25.6,10.4
2024-05-12,นครศรีธรรมราช,8.43,99.96,29.5,33.7,24.9,2.8,11.4
2024-05-13,นครศรีธรรมราช,8.43,99.96,29.6,34.5,26.4,3.1,13.0
2024-05-14,นครศรีธรรมราช,8.43,99.96,30.2,34.1,26.0,4.6,11.2
2024-05-15,นครศรีธรรมราช,8.43,99.96,29.7,34.4,25.3,7.4,13.5
2024-05-16,นครศรีธรรมราช,8.43,99.96,28.0,31.8,25.7,26.3,6.4
2024-05-17,นครศรีธรรมราช,8.43,99.96,28.1,32.4,25.0,12.7,8.7
2024-05-18,นครศรีธรรมราช,8.43,99.96,29.3,34.7,25.5,7.0,9.3
2024-05-19,นครศรีธรรมราช,8.43,99.96,29.0,33.6,25.5,1.8,13.0
2024-05-20,นครศรีธรรมราช,8.43,99.96,29.3,33.2,25.9,5.2,8.6
2024-05-21,นครศรีธรรมราช,8.43,99.96,28.8,33.1,26.0,6.7,12.0
2024-05-22,นครศรีธรรมราช,8.43,99.96,28.5,32.8,24.9,0.7,13.6
2024-05-23,นครศรีธรรมราช,8.43,99.96,29.4,33.8,26.2,0.3,14.0
2024-05-24,นครศรีธรรมราช,8.43,99.96,29.8,34.0,25.5,0.0,6.9
2024-05-25,นครศรีธรรมราช,8.43,99.96,29.7,35.0,26.2,1.1,16.9
2024-05-26,นครศรีธรรมราช,8.43,99.96,29.9,34.7,25.3,1.6,8.5
2024-05-27,นครศรีธรรมราช,8.43,99.96,30.0,34.8,26.2,8.8,7.1
2024-05-28,นครศรีธรรมราช,8.43,99.96,29.7,35.9,24.9,10.2,12.8
2024-05-29,นครศรีธรรมราช,8.43,99.96,30.0,35.8,26.4,0.8,9.8
2024-05-30,นครศรีธรรมราช,8.43,99.96,29.9,35.2,26.5,5.5,13.3
2024-05-31,นครศรีธรรมราช,8.43,99.96,28.9,33.7,26.7,7.4,21.6
2024-06-01,นครศรีธรรมราช,8.43,99.96,29.0,33.3,25.5,1.9,11.9
2024-06-02,นครศรีธรรมราช,8.43,99.96,27.9,32.1,25.1,9.2,12.6
2024-06-03,นครศรีธรรมราช,8.43,99.96,28.9,33.7,24.3,0.6,10.2
2024-06-04,นครศรีธรรมราช,8.43,99.96,30.5,35.8,25.3,0.0,9.4
2024-06-05,นครศรีธรรมราช,8.43,99.96,30.2,37.4,23.1,0.0,8.8
2024-06-06,นครศรีธรรมราช,8.43,99.96,29.9,36.9,22.9,0.1,13.3
2024-06-07,นครศรีธรรมราช,8.43,99.96,30.1,36.8,23.7,0.9,7.7
2024-06-08,นครศรีธรรมราช,8.43,99.96,30.2,36.2,25.4,0.1,16.7
2024-06-09,นครศรีธรรมราช,8.43,99.96,30.1,35.5,25.3,0.1,15.5
2024-06-10,นครศรีธรรมราช,8.43,99.96,30.4,35.1,27.2,0.4,10.6
2024-06-11,นครศรีธรรมราช,8.43,99.96,29.3,33.9,26.3,4.2,12.0
2024-06-12,นครศรีธรรมราช,8.43,99.96,30.6,37.6,24.7,0.4,9.4
2024-06-13,นครศรีธรรมราช,8.43,99.96,30.3,36.2,24.8,1.1,8.3
2024-06-14,นครศรีธรรมราช,8.43,99.96,30.7,37.3,24.3,0.7,9.0
2024-06-15,นครศรีธรรมราช,8.43,99.96,30.0,37.0,26.0,8.6,13.0
2024-06-16,นครศรีธรรมราช,8.43,99.96,28.7,33.7,26.5,6.2,9.2
2024-06-17,นครศรีธรรมราช,8.43,99.96,28.5,33.2,24.8,11.9,10.8
2024-06-18,นครศรีธรรมราช,8.43,99.96,28.9,35.5,25.0,24.6,12.9
2024-06-19,นครศรีธรรมราช,8.43,99.96,28.6,33.6,25.7,6.6,12.5
2024-06-20,นครศรีธรรมราช,8.43,99.96,29.1,34.4,25.2,2.3,9.2
2024-06-21,นครศรีธรรมราช,8.43,99.96,28.3,32.1,25.2,0.9,13.2
2024-06-22,นครศรีธรรมราช,8.43,99.96,28.4,31.5,25.7,2.0,15.3
2024-06-23,นครศรีธรรมราช,8.43,99.96,27.3,31.1,24.9,5.2,12.6
2024-06-24,นครศรีธรรมราช,8.43,99.96,28.1,32.2,25.9,3.4,15.3
2024-06-25,นครศรีธรรมราช,8.43,99.96,28.8,35.0,25.1,1.0,14.7
2024-06-26,นครศรีธรรมราช,8.43,99.96,29.5,34.7,25.1,0.5,11.2
2024-06-27,นครศรีธรรมราช,8.43,99.96,28.5,33.5,25.7,11.4,9.2
2024-06-28,นครศรีธรรมราช,8.43,99.96,28.2,33.3,24.4,0.3,9.6
2024-06-29,นครศรีธรรมราช,8.43,99.96,27.9,32.4,25.1,12.2,6.8
2024-06-30,นครศรีธรรมราช,8.43,99.96,27.3,32.2,24.7,17.6,9.4
2024-07-01,นครศรีธรรมราช,8.43,99.96,27.7,31.5,23.6,0.0,6.1
2024-07-02,นครศรีธรรมราช,8.43,99.96,28.4,31.6,25.4,0.1,6.9
2024-07-03,นครศรีธรรมราช,8.43,99.96,29.1,34.2,24.5,0.5,8.9
2024-07-04,นครศรีธรรมราช,8.43,99.96,27.9,33.0,24.9,2.2,15.3
2024-07-05,นครศรีธรรมราช,8.43,99.96,27.1,30.3,24.6,5.1,6.0
2024-07-06,นครศรีธรรมราช,8.43,99.96,28.0,32.1,24.2,5.4,5.7
2024-07-07,นครศรีธรรมราช,8.43,99.96,28.0,33.2,24.0,6.0,10.4
2024-07-08,นครศรีธรรมราช,8.43,99.96,27.4,32.2,24.0,18.8,8.7
2024-07-09,นครศรีธรรมราช,8.43,99.96,27.3,31.8,24.1,32.7,8.9
2024-07-10,นครศรีธรรมราช,8.43,99.96,26.9,31.6,24.2,16.8,16.1
2024-07-11,นครศรีธรรมราช,8.43,99.96,27.3,31.5,24.9,9.7,7.6
2024-07-12,นครศรีธรรมราช,8.43,99.96,27.3,31.6,24.5,4.0,10.5
2024-07-13,นครศรีธรรมราช,8.43,99.96,27.9,32.1,25.0,7.2,8.2
2024-07-14,นครศรีธรรมราช,8.43,99.96,27.5,30.5,24.9,1.1,11.0
2024-07-15,นครศรีธรรมราช,8.43,99.96,27.7,32.5,24.2,2.3,8.3
2024-07-16,นครศรีธรรมราช,8.43,99.96,28.1,32.9,25.0,1.2,16.2
2024-07-17,นครศรีธรรมราช,8.43,99.96,27.2,30.8,25.3,4.2,13.6
2024-07-18,นครศรีธรรมราช,8.43,99.96,28.7,32.8,25.1,2.2,13.4
2024-07-19,นครศรีธรรมราช,8.43,99.96,28.4,32.7,25.1,2.3,15.1
2024-07-20,นครศรีธรรมราช,8.43,99.96,28.3,32.1,25.4,2.6,8.3
2024-07-21,นครศรีธรรมราช,8.43,99.96,28.2,31.1,25.6,0.9,6.5
2024-07-22,นครศรีธรรมราช,8.43,99.96,29.6,34.9,24.4,0.0,13.2
2024-07-23,นครศรีธรรมราช,8.43,99.96,29.1,34.3,23.0,0.0,14.0
2024-07-24,นครศรีธรรมราช,8.43,99.96,29.3,33.9,25.0,1.3,13.2
2024-07-25,นครศรีธรรมราช,8.43,99.96,30.2,34.9,26.0,0.1,15.3
2024-07-26,นครศรีธรรมราช,8.43,99.96,30.4,35.7,26.2,1.5,15.4
2024-07-27,นครศรีธรรมราช,8.43,99.96,29.3,34.4,26.5,4.3,13.3
2024-07-28,นครศรีธรรมราช,8.43,99.96,28.3,31.7,25.7,3.3,12.5
2024-07-29,นครศรีธรรมราช,8.43,99.96,28.3,33.5,25.4,1.4,15.6
2024-07-30,นครศรีธรรมราช,8.43,99.96,28.1,31.6,25.0,6.6,10.1
2024-07-31,นครศรีธรรมราช,8.43,99.96,28.2,33.1,24.9,5.6,9.0
2024-08-01,นครศรีธรรมราช,8.43,99.96,28.2,32.8,25.3,21.3,13.3
2024-08-02,นครศรีธรรมราช,8.43,99.96,27.8,31.7,24.2,0.7,8.6
2024-08-03,นครศรีธรรมราช,8.43,99.96,27.6,31.3,24.3,9.6,11.7
2024-08-04,นครศรีธรรมราช,8.43,99.96,27.0,30.5,25.1,19.8,16.1
2024-08-05,นครศรีธรรมราช,8.43,99.96,27.2,31.8,23.9,6.1,6.4
2024-08-06,นครศรีธรรมราช,8.43,99.96,27.5,32.3,23.9,9.6,6.4
2024-08-07,นครศรีธรรมราช,8.43,99.96,27.3,32.4,24.2,9.7,6.5
2024-08-08,นครศรีธรรมราช,8.43,99.96,28.0,32.6,24.1,10.2,6.4
2024-08-09,นครศรีธรรมราช,8.43,99.96,27.9,30.8,25.3,11.6,13.8
2024-08-10,นครศรีธรรมราช,8.43,99.96,28.1,32.9,24.0,8.2,6.5
2024-08-11,นครศรีธรรมราช,8.43,99.96,28.0,32.6,24.4,8.0,14.2
2024-08-12,นครศรีธรรมราช,8.43,99.96,28.8,33.8,24.6,0.7,13.7
2024-08-13,นครศรีธรรมราช,8.43,99.96,29.1,34.4,24.3,4.5,9.2
2024-08-14,นครศรีธรรมราช,8.43,99.96,28.4,32.3,25.1,15.0,9.4
2024-08-15,นครศรีธรรมราช,8.43,99.96,28.8,33.3,24.9,10.6,9.0
2024-08-16,นครศรีธรรมราช,8.43,99.96,28.5,33.3,25.3,11.6,8.1
2024-08-17,นครศรีธรรมราช,8.43,99.96,27.9,33.0,24.6,4.6,8.0
2024-08-18,นครศรีธรรมราช,8.43,99.96,27.6,31.0,25.4,12.3,8.8
2024-08-19,นครศรีธรรมราช,8.43,99.96,27.7,33.4,23.7,7.3,7.5
2024-08-20,นครศรีธรรมราช,8.43,99.96,27.4,32.3,24.7,12.7,8.7
2024-08-21,นครศรีธรรมราช,8.43,99.96,28.6,32.9,25.9,1.3,6.2
2024-08-22,นครศรีธรรมราช,8.43,99.96,28.1,33.2,25.1,5.7,7.8
2024-08-23,นครศรีธรรมราช,8.43,99.96,26.7,31.2,24.0,13.3,8.3
2024-08-24,นครศรีธรรมราช,8.43,99.96,27.4,31.7,24.4,20.5,11.0
2024-08-25,นครศรีธรรมราช,8.43,99.96,27.2,30.4,24.1,1.6,5.9
2024-08-26,นครศรีธรรมราช,8.43,99.96,27.1,31.0,24.0,1.2,11.2
2024-08-27,นครศรีธรรมราช,8.43,99.96,27.2,31.1,24.5,14.1,11.3
2024-08-28,นครศรีธรรมราช,8.43,99.96,27.4,30.6,25.5,2.4,12.1
2024-08-29,นครศรีธรรมราช,8.43,99.96,27.9,32.9,24.1,0.0,8.3
2024-08-30,นครศรีธรรมราช,8.43,99.96,28.3,34.4,24.1,1.4,12.0
2024-08-31,นครศรีธรรมราช,8.43,99.96,28.3,34.7,23.6,2.3,6.0
2024-09-01,นครศรีธรรมราช,8.43,99.96,28.2,33.2,23.7,8.6,6.9
2024-09-02,นครศรีธรรมราช,8.43,99.96,27.8,31.2,24.6,0.8,13.5
2024-09-03,นครศรีธรรมราช,8.43,99.96,27.2,30.6,25.6,4.4,15.6
2024-09-04,นครศรีธรรมราช,8.43,99.96,28.4,33.4,24.6,5.6,9.3
2024-09-05,นครศรีธรรมราช,8.43,99.96,28.7,33.7,25.0,0.8,10.2
2024-09-06,นครศรีธรรมราช,8.43,99.96,28.6,33.6,25.3,1.9,12.7
2024-09-07,นครศรีธรรมราช,8.43,99.96,28.0,31.5,25.8,2.8,16.0
2024-09-08,นครศรีธรรมราช,8.43,99.96,28.5,32.7,25.8,0.9,19.0
2024-09-09,นครศรีธรรมราช,8.43,99.96,29.2,33.7,25.6,1.1,11.8
2024-09-10,นครศรีธรรมราช,8.43,99.96,28.5,35.0,23.8,5.4,12.4
2024-09-11,นครศรีธรรมราช,8.43,99.96,28.8,34.7,24.1,3.5,5.9
2024-09-12,นครศรีธรรมราช,8.43,99.96,28.1,34.2,24.6,17.3,12.5
2024-09-13,นครศรีธรรมราช,8.43,99.96,27.9,31.8,24.4,1.8,14.9
2024-09-14,นครศรีธรรมราช,8.43,99.96,27.6,32.9,24.9,22.9,7.9
2024-09-15,นครศรีธรรมราช,8.43,99.96,28.2,32.7,25.7,1.0,13.6
2024-09-16,นครศรีธรรมราช,8.43,99.96,28.0,31.2,26.2,4.6,11.9
2024-09-17,นครศรีธรรมราช,8.43,99.96,28.0,31.9,26.0,0.2,15.4
2024-09-18,นครศรีธรรมราช,8.43,99.96,26.8,29.5,25.5,7.0,13.2
2024-09-19,นครศรีธรรมราช,8.43,99.96,27.1,31.0,25.1,11.5,7.2
2024-09-20,นครศรีธรรมราช,8.43,99.96,27.0,29.9,25.5,4.9,15.7
2024-09-21,นครศรีธรรมราช,8.43,99.96,27.4,30.8,25.4,0.6,12.7
2024-09-22,นครศรีธรรมราช,8.43,99.96,28.1,33.2,24.0,0.4,13.6
2024-09-23,นครศรีธรรมราช,8.43,99.96,27.9,33.4,24.0,7.2,8.6
2024-09-24,นครศรีธรรมราช,8.43,99.96,27.7,32.8,24.1,1.2,9.8
2024-09-25,นครศรีธรรมราช,8.43,99.96,27.7,31.6,24.4,9.8,10.4
2024-09-26,นครศรีธรรมราช,8.43,99.96,28.0,32.3,25.7,3.4,10.3
2024-09-27,นครศรีธรรมราช,8.43,99.96,27.7,31.6,24.8,18.7,9.2
2024-09-28,นครศรีธรรมราช,8.43,99.96,27.8,32.1,24.4,13.4,10.0
2024-09-29,นครศรีธรรมราช,8.43,99.96,28.3,33.0,23.4,1.1,9.9
2024-09-30,นครศรีธรรมราช,8.43,99.96,27.8,33.8,24.5,6.5,8.9
2024-10-01,นครศรีธรรมราช,8.43,99.96,28.0,33.3,24.3,5.5,13.0
2024-10-02,นครศรีธรรมราช,8.43,99.96,27.6,32.4,24.0,12.2,10.2
2024-10-03,นครศรีธรรมราช,8.43,99.96,27.2,32.1,23.8,8.8,10.0
2024-10-04,นครศรีธรรมราช,8.43,99.96,27.9,32.0,25.2,7.0,11.9
2024-10-05,นครศรีธรรมราช,8.43,99.96,26.2,29.7,23.9,46.0,9.4
2024-10-06,นครศรีธรรมราช,8.43,99.96,26.9,31.3,24.7,13.8,10.4
2024-10-07,นครศรีธรรมราช,8.43,99.96,27.2,31.4,23.9,1.8,11.9
2024-10-08,นครศรีธรรมราช,8.43,99.96,26.9,31.4,23.3,7.8,11.3
2024-10-09,นครศรีธรรมราช,8.43,99.96,27.2,31.7,24.2,8.4,9.5
2024-10-10,นครศรีธรรมราช,8.43,99.96,26.7,30.3,23.7,12.4,12.3
2024-10-11,นครศรีธรรมราช,8.43,99.96,27.0,31.2,24.2,6.4,13.8
2024-10-12,นครศรีธรรมราช,8.43,99.96,26.3,29.7,24.4,10.7,14.3
2024-10-13,นครศรีธรรมราช,8.43,99.96,26.2,28.1,24.9,25.1,8.2
2024-10-14,นครศรีธรรมราช,8.43,99.96,27.6,31.1,24.7,3.6,12.6
2024-10-15,นครศรีธรรมราช,8.43,99.96,27.0,31.8,23.8,24.1,7.8
2024-10-16,นครศรีธรรมราช,8.43,99.96,27.6,32.3,24.0,0.5,6.3
2024-10-17,นครศรีธรรมราช,8.43,99.96,27.3,31.5,24.8,19.3,11.2
2024-10-18,นครศรีธรรมราช,8.43,99.96,26.8,30.1,24.2,21.5,13.6
2024-10-19,นครศรีธรรมราช,8.43,99.96,26.9,29.8,24.5,2.8,6.6
2024-10-20,นครศรีธรรมราช,8.43,99.96,27.6,32.5,23.4,0.4,9.2
2024-10-21,นครศรีธรรมราช,8.43,99.96,28.3,32.1,25.3,0.1,12.1
2024-10-22,นครศรีธรรมราช,8.43,99.96,28.3,33.5,23.1,0.1,6.9
2024-10-23,นครศรีธรรมราช,8.43,99.96,27.7,31.6,24.6,1.5,13.4
2024-10-24,นครศรีธรรมราช,8.43,99.96,27.5,31.9,24.5,4.9,11.8
2024-10-25,นครศรีธรรมราช,8.43,99.96,28.0,32.8,24.3,6.3,6.9
2024-10-26,นครศรีธรรมราช,8.43,99.96,27.2,32.2,23.4,2.1,10.2
2024-10-27,นครศรีธรรมราช,8.43,99.96,27.9,33.2,24.0,11.6,9.7
2024-10-28,นครศรีธรรมราช,8.43,99.96,28.1,33.6,24.4,7.3,8.4
2024-10-29,นครศรีธรรมราช,8.43,99.96,27.1,30.7,24.4,12.5,11.1
2024-10-30,นครศรีธรรมราช,8.43,99.96,27.5,32.7,24.1,7.6,9.2
2024-10-31,นครศรีธรรมราช,8.43,99.96,27.7,33.1,24.2,5.2,10.0
2024-11-01,นครศรีธรรมราช,8.43,99.96,27.5,33.4,22.8,1.5,12.1
2024-11-02,นครศรีธรรมราช,8.43,99.96,27.5,32.4,23.8,0.6,19.7
2024-11-03,นครศรีธรรมราช,8.43,99.96,27.1,31.5,24.5,13.7,13.0
2024-11-04,นครศรีธรรมราช,8.43,99.96,26.2,30.1,24.1,12.4,8.5
2024-11-05,นครศรีธรรมราช,8.43,99.96,25.7,28.5,23.9,18.5,11.1
2024-11-06,นครศรีธรรมราช,8.43,99.96,26.2,29.6,23.4,9.2,12.3
2024-11-07,นครศรีธรรมราช,8.43,99.96,26.6,30.7,23.8,14.4,8.8
2024-11-08,นครศรีธรรมราช,8.43,99.96,25.9,29.0,24.2,12.9,15.2
2024-11-09,นครศรีธรรมราช,8.43,99.96,25.9,29.3,24.1,27.6,13.4
2024-11-10,นครศรีธรรมราช,8.43,99.96,26.2,29.1,24.3,17.6,11.1
2024-11-11,นครศรีธรรมราช,8.43,99.96,26.6,30.2,23.8,10.6,11.1
2024-11-12,นครศรีธรรมราช,8.43,99.96,26.6,30.2,24.2,13.7,8.6
2024-11-13,นครศรีธรรมราช,8.43,99.96,28.0,32.2,24.5,0.6,9.6
2024-11-14,นครศรีธรรมราช,8.43,99.96,27.9,32.3,24.1,0.1,8.4
2024-11-15,นครศรีธรรมราช,8.43,99.96,27.6,32.0,23.3,0.9,7.9
2024-11-16,นครศรีธรรมราช,8.43,99.96,27.7,31.7,24.4,1.1,9.4
2024-11-17,นครศรีธรรมราช,8.43,99.96,27.8,31.7,24.2,3.0,8.9
2024-11-18,นครศรีธรรมราช,8.43,99.96,27.0,31.5,23.8,3.8,15.0
2024-11-19,นครศรีธรรมราช,8.43,99.96,26.8,30.8,23.8,2.6,12.4
2024-11-20,นครศรีธรรมราช,8.43,99.96,26.5,29.9,24.6,11.0,14.5
2024-11-21,นครศรีธรรมราช,8.43,99.96,25.5,26.7,24.0,29.2,9.7
2024-11-22,นครศรีธรรมราช,8.43,99.96,25.3,26.9,23.7,19.8,10.6
2024-11-23,นครศรีธรรมราช,8.43,99.96,26.4,30.0,24.0,6.4,14.1
2024-11-24,นครศรีธรรมราช,8.43,99.96,25.6,27.8,23.9,24.9,10.5
2024-11-25,นครศรีธรรมราช,8.43,99.96,25.3,27.2,23.9,29.4,8.8
2024-11-26,นครศรีธรรมราช,8.43,99.96,26.3,31.1,23.8,11.2,13.4
2024-11-27,นครศรีธรรมราช,8.43,99.96,26.3,30.2,23.4,3.6,5.4
2024-11-28,นครศรีธรรมราช,8.43,99.96,25.1,26.8,23.7,43.0,11.4
2024-11-29,นครศรีธรรมราช,8.43,99.96,26.3,30.7,23.4,29.5,25.2
2024-11-30,นครศรีธรรมราช,8.43,99.96,26.8,30.1,24.2,4.0,16.8
2024-12-01,นครศรีธรรมราช,8.43,99.96,27.4,31.4,24.2,0.9,12.2
2024-12-02,นครศรีธรรมราช,8.43,99.96,27.2,30.7,24.1,4.3,12.0
2024-12-03,นครศรีธรรมราช,8.43,99.96,27.6,31.0,25.0,0.5,15.3
2024-12-04,นครศรีธรรมราช,8.43,99.96,26.3,29.6,23.9,12.8,6.0
2024-12-05,นครศรีธรรมราช,8.43,99.96,25.9,27.8,23.8,26.2,8.6
2024-12-06,นครศรีธรรมราช,8.43,99.96,26.6,30.5,23.7,19.4,11.0
2024-12-07,นครศรีธรรมราช,8.43,99.96,26.6,30.1,24.6,12.9,9.2
2024-12-08,นครศรีธรรมราช,8.43,99.96,26.5,31.6,23.5,10.1,15.0
2024-12-09,นครศรีธรรมราช,8.43,99.96,26.2,29.3,24.4,17.3,8.5
2024-12-10,นครศรีธรรมราช,8.43,99.96,27.1,30.8,24.7,3.5,13.2
2024-12-11,นครศรีธรรมราช,8.43,99.96,27.2,31.3,23.6,0.0,18.3
2024-12-12,นครศรีธรรมราช,8.43,99.96,25.8,27.5,24.3,26.3,11.6
2024-12-13,นครศรีธรรมราช,8.43,99.96,25.2,26.9,24.3,40.3,8.6
2024-12-14,นครศรีธรรมราช,8.43,99.96,25.0,26.4,23.7,44.6,12.2
2024-12-15,นครศรีธรรมราช,8.43,99.96,25.3,27.7,23.8,66.1,10.6
2024-12-16,นครศรีธรรมราช,8.43,99.96,25.2,26.2,24.5,40.9,12.3
2024-12-17,นครศรีธรรมราช,8.43,99.96,26.4,29.6,23.9,7.9,13.6
2024-12-18,นครศรีธรรมราช,8.43,99.96,27.1,30.8,23.8,0.1,17.2
2024-12-19,นครศรีธรรมราช,8.43,99.96,26.9,30.4,23.9,1.2,17.3
2024-12-20,นครศรีธรรมราช,8.43,99.96,26.9,30.6,23.9,0.5,15.4
2024-12-21,นครศรีธรรมราช,8.43,99.96,26.9,30.1,24.3,1.0,12.0
2024-12-22,นครศรีธรรมราช,8.43,99.96,26.8,30.4,23.8,1.3,15.3
2024-12-23,นครศรีธรรมราช,8.43,99.96,26.2,29.3,23.9,1.2,19.8
2024-12-24,นครศรีธรรมราช,8.43,99.96,25.9,29.6,23.4,0.5,18.3
2024-12-25,นครศรีธรรมราช,8.43,99.96,25.4,29.5,21.3,3.4,17.4
2024-12-26,นครศรีธรรมราช,8.43,99.96,26.3,29.9,22.9,5.2,19.3
2024-12-27,นครศรีธรรมราช,8.43,99.96,25.4,28.2,24.0,16.8,15.0
2024-12-28,นครศรีธรรมราช,8.43,99.96,25.0,27.7,23.5,28.4,10.9
2024-12-29,นครศรีธรรมราช,8.43,99.96,25.3,28.1,23.3,34.5,12.8
2024-12-30,นครศรีธรรมราช,8.43,99.96,26.3,30.3,22.9,1.3,13.7
2024-12-31,นครศรีธรรมราช,8.43,99.96,26.4,29.8,24.0,0.8,17.3
2025-01-01,นครศรีธรรมราช,8.43,99.96,26.1,29.9,22.8,0.0,15.1
2025-01-02,นครศรีธรรมราช,8.43,99.96,26.2,29.8,23.2,0.6,12.1
2025-01-03,นครศรีธรรมราช,8.43,99.96,26.7,30.3,23.5,1.3,16.6
2025-01-04,นครศรีธรรมราช,8.43,99.96,26.2,30.6,23.7,8.6,14.2
2025-01-05,นครศรีธรรมราช,8.43,99.96,25.5,29.2,23.4,12.4,14.7
2025-01-06,นครศรีธรรมราช,8.43,99.96,26.3,29.8,23.2,3.2,11.5
2025-01-07,นครศรีธรรมราช,8.43,99.96,26.7,30.7,24.4,0.3,11.4
2025-01-08,นครศรีธรรมราช,8.43,99.96,26.5,30.8,22.9,0.0,11.8
2025-01-09,นครศรีธรรมราช,8.43,99.96,26.5,31.3,22.3,0.1,13.5
2025-01-10,นครศรีธรรมราช,8.43,99.96,26.5,30.5,22.7,0.6,17.5
2025-01-11,นครศรีธรรมราช,8.43,99.96,26.2,29.6,24.3,2.7,22.4
2025-01-12,นครศรีธรรมราช,8.43,99.96,26.2,29.3,23.6,2.0,25.7
2025-01-13,นครศรีธรรมราช,8.43,99.96,26.3,29.3,23.6,0.2,20.4
2025-01-14,นครศรีธรรมราช,8.43,99.96,25.8,29.7,23.3,0.8,18.9
2025-01-15,นครศรีธรรมราช,8.43,99.96,25.5,28.9,23.5,6.4,23.8
2025-01-16,นครศรีธรรมราช,8.43,99.96,25.2,29.1,23.5,41.2,18.7
2025-01-17,นครศรีธรรมราช,8.43,99.96,25.9,30.1,22.0,4.4,21.1
2025-01-18,นครศรีธรรมราช,8.43,99.96,25.7,29.2,22.7,6.3,20.1
2025-01-19,นครศรีธรรมราช,8.43,99.96,26.2,29.6,23.5,0.2,16.5
2025-01-20,นครศรีธรรมราช,8.43,99.96,26.0,29.6,22.6,1.6,11.6
2025-01-21,นครศรีธรรมราช,8.43,99.96,25.9,28.9,22.6,2.7,10.7
2025-01-22,นครศรีธรรมราช,8.43,99.96,26.6,30.6,22.7,1.3,11.3
2025-01-23,นครศรีธรรมราช,8.43,99.96,26.6,31.5,22.6,1.6,11.0
2025-01-24,นครศรีธรรมราช,8.43,99.96,26.5,30.5,23.5,4.5,10.9
2025-01-25,นครศรีธรรมราช,8.43,99.96,26.6,30.2,23.9,4.4,11.5
2025-01-26,นครศรีธรรมราช,8.43,99.96,26.9,31.1,24.2,0.6,10.0
2025-01-27,นครศรีธรรมราช,8.43,99.96,26.5,31.2,23.4,6.7,18.9
2025-01-28,นครศรีธรรมราช,8.43,99.96,26.0,30.1,23.0,5.1,16.2
2025-01-29,นครศรีธรรมราช,8.43,99.96,25.4,29.5,22.5,2.7,18.4
2025-01-30,นครศรีธรรมราช,8.43,99.96,25.3,29.7,21.7,0.3,13.2
2025-01-31,นครศรีธรรมราช,8.43,99.96,24.7,28.4,20.3,1.4,11.5
2025-02-01,นครศรีธรรมราช,8.43,99.96,25.3,30.3,21.6,0.0,9.3
2025-02-02,นครศรีธรรมราช,8.43,99.96,24.8,30.7,19.6,0.0,9.7
2025-02-03,นครศรีธรรมราช,8.43,99.96,25.1,31.2,19.1,0.0,10.4
2025-02-04,นครศรีธรรมราช,8.43,99.96,26.1,30.6,22.0,2.1,14.7
2025-02-05,นครศรีธรรมราช,8.43,99.96,26.2,31.4,22.0,1.3,12.4
2025-02-06,นครศรีธรรมราช,8.43,99.96,26.4,30.6,22.6,1.6,12.4
2025-02-07,นครศรีธรรมราช,8.43,99.96,26.3,31.1,22.6,0.9,11.6
2025-02-08,นครศรีธรรมราช,8.43,99.96,26.3,30.7,22.4,1.3,13.0
2025-02-09,นครศรีธรรมราช,8.43,99.96,26.0,30.9,22.5,0.7,15.9
2025-02-10,นครศรีธรรมราช,8.43,99.96,26.1,30.6,22.1,0.8,14.0
2025-02-11,นครศรีธรรมราช,8.43,99.96,26.0,31.5,21.0,0.2,9.9
2025-02-12,นครศรีธรรมราช,8.43,99.96,26.5,31.6,22.0,0.3,8.6
2025-02-13,นครศรีธรรมราช,8.43,99.96,27.0,33.0,22.4,0.2,11.5
2025-02-14,นครศรีธรรมราช,8.43,99.96,27.3,32.8,23.2,0.6,9.3
2025-02-15,นครศรีธรรมราช,8.43,99.96,27.4,31.8,23.1,0.6,11.3
2025-02-16,นครศรีธรรมราช,8.43,99.96,27.1,32.2,21.7,0.2,10.8
2025-02-17,นครศรีธรรมราช,8.43,99.96,27.3,31.6,23.7,1.8,10.0
2025-02-18,นครศรีธรรมราช,8.43,99.96,27.5,32.4,23.6,0.8,11.7
2025-02-19,นครศรีธรรมราช,8.43,99.96,27.1,31.4,23.3,2.5,12.7
2025-02-20,นครศรีธรรมราช,8.43,99.96,26.4,30.9,23.1,6.4,14.8
2025-02-21,นครศรีธรรมราช,8.43,99.96,26.6,32.0,22.9,2.4,17.1
2025-02-22,นครศรีธรรมราช,8.43,99.96,26.7,31.3,23.4,5.5,14.3
2025-02-23,นครศรีธรรมราช,8.43,99.96,25.7,29.0,23.4,14.6,14.6
2025-02-24,นครศรีธรรมราช,8.43,99.96,24.7,26.9,23.2,65.2,14.4
2025-02-25,นครศรีธรรมราช,8.43,99.96,26.1,29.8,23.1,21.6,19.0
2025-02-26,นครศรีธรรมราช,8.43,99.96,26.6,29.9,23.2,2.6,19.7
2025-02-27,นครศรีธรรมราช,8.43,99.96,27.8,31.8,24.3,0.0,18.9
2025-02-28,นครศรีธรรมราช,8.43,99.96,27.5,32.0,23.5,0.1,12.4
2025-03-01,นครศรีธรรมราช,8.43,99.96,27.4,32.0,23.9,1.1,11.8
2025-03-02,นครศรีธรรมราช,8.43,99.96,27.2,32.3,22.9,0.0,11.3
2025-03-03,นครศรีธรรมราช,8.43,99.96,27.3,32.2,23.8,0.7,9.3
2025-03-04,นครศรีธรรมราช,8.43,99.96,26.6,32.3,22.4,0.0,15.2
2025-03-05,นครศรีธรรมราช,8.43,99.96,27.4,32.4,23.2,0.0,10.4
2025-03-06,นครศรีธรรมราช,8.43,99.96,27.8,32.2,24.1,0.3,8.0
2025-03-07,นครศรีธรรมราช,8.43,99.96,28.0,32.9,24.4,2.5,11.9
2025-03-08,นครศรีธรรมราช,8.43,99.96,27.6,32.1,24.9,4.6,14.0
2025-03-09,นครศรีธรรมราช,8.43,99.96,27.3,31.2,24.0,4.0,15.7
2025-03-10,นครศรีธรรมราช,8.43,99.96,27.5,31.2,24.0,4.3,17.9
2025-03-11,นครศรีธรรมราช,8.43,99.96,27.4,31.5,24.2,4.8,8.9
2025-03-12,นครศรีธรรมราช,8.43,99.96,28.1,32.2,23.9,2.4,9.5
2025-03-13,นครศรีธรรมราช,8.43,99.96,27.8,31.8,24.2,2.0,11.8
2025-03-14,นครศรีธรรมราช,8.43,99.96,27.9,32.9,24.0,0.5,11.3
2025-03-15,นครศรีธรรมราช,8.43,99.96,28.0,32.7,24.1,0.7,12.4
2025-03-16,นครศรีธรรมราช,8.43,99.96,27.7,33.0,23.4,0.0,11.0
2025-03-17,นครศรีธรรมราช,8.43,99.96,28.0,33.0,24.0,0.1,13.8
2025-03-18,นครศรีธรรมราช,8.43,99.96,27.4,31.5,24.6,1.2,15.5
2025-03-19,นครศรีธรรมราช,8.43,99.96,26.2,30.2,24.0,41.5,17.1
2025-03-20,นครศรีธรรมราช,8.43,99.96,26.0,30.2,23.6,11.3,20.4
2025-03-21,นครศรีธรรมราช,8.43,99.96,27.1,31.6,22.8,0.5,14.3
2025-03-22,นครศรีธรรมราช,8.43,99.96,26.9,30.8,24.3,3.9,13.6
2025-03-23,นครศรีธรรมราช,8.43,99.96,27.1,31.2,23.0,0.9,12.2
2025-03-24,นครศรีธรรมราช,8.43,99.96,27.6,31.5,24.0,0.8,6.6
2025-03-25,นครศรีธรรมราช,8.43,99.96,27.5,32.8,22.1,0.0,8.5
2025-03-26,นครศรีธรรมราช,8.43,99.96,27.1,31.7,23.4,3.0,10.8
2025-03-27,นครศรีธรรมราช,8.43,99.96,27.6,32.0,24.3,2.2,9.4
2025-03-28,นครศรีธรรมราช,8.43,99.96,27.5,31.9,23.8,1.4,8.0
2025-03-29,นครศรีธรรมราช,8.43,99.96,28.0,32.2,24.2,0.6,9.7
2025-03-30,นครศรีธรรมราช,8.43,99.96,27.7,32.0,24.2,2.5,12.5
2025-03-31,นครศรีธรรมราช,8.43,99.96,27.7,32.8,23.0,0.6,11.3
2025-04-01,นครศรีธรรมราช,8.43,99.96,26.8,28.6,24.9,4.8,7.4
2025-04-02,นครศรีธรรมราช,8.43,99.96,26.1,28.7,24.1,27.3,9.9
2025-04-03,นครศรีธรรมราช,8.43,99.96,27.0,31.2,24.1,6.9,18.1
2025-04-04,นครศรีธรรมราช,8.43,99.96,27.2,31.1,23.9,1.6,14.2
2025-04-05,นครศรีธรรมราช,8.43,99.96,27.2,31.8,24.1,10.1,10.5
2025-04-06,นครศรีธรรมราช,8.43,99.96,28.1,32.2,24.4,1.5,10.9
2025-04-07,นครศรีธรรมราช,8.43,99.96,28.0,32.7,24.0,0.2,12.7
2025-04-08,นครศรีธรรมราช,8.43,99.96,28.2,32.6,24.5,0.5,12.5
2025-04-09,นครศรีธรรมราช,8.43,99.96,27.6,32.1,25.1,6.6,13.3
2025-04-10,นครศรีธรรมราช,8.43,99.96,27.1,32.1,24.4,16.7,14.5
2025-04-11,นครศรีธรรมราช,8.43,99.96,27.0,31.8,24.0,5.2,10.6
2025-04-12,นครศรีธรรมราช,8.43,99.96,28.0,33.2,23.5,0.3,10.0
2025-04-13,นครศรีธรรมราช,8.43,99.96,28.2,33.6,24.4,1.4,7.1
2025-04-14,นครศรีธรรมราช,8.43,99.96,28.3,33.4,24.2,6.6,10.7
2025-04-15,นครศรีธรรมราช,8.43,99.96,27.3,31.8,23.9,44.1,12.4
2025-04-16,นครศรีธรรมราช,8.43,99.96,26.3,29.8,23.9,14.3,8.8
2025-04-17,นครศรีธรรมราช,8.43,99.96,27.5,32.0,24.4,6.2,7.3
2025-04-18,นครศรีธรรมราช,8.43,99.96,27.3,31.7,24.2,12.1,9.8
2025-04-19,นครศรีธรรมราช,8.43,99.96,27.0,32.0,23.9,13.6,12.9
2025-04-20,นครศรีธรรมราช,8.43,99.96,26.7,32.1,23.5,2.0,16.2
2025-04-21,นครศรีธรรมราช,8.43,99.96,27.8,33.3,22.1,0.1,8.3
2025-04-22,นครศรีธรรมราช,8.43,99.96,27.4,32.1,24.3,13.6,8.6
2025-04-23,นครศรีธรรมราช,8.43,99.96,27.2,32.5,23.6,11.1,10.7
2025-04-24,นครศรีธรรมราช,8.43,99.96,26.8,32.2,23.5,18.3,14.0
2025-04-25,นครศรีธรรมราช,8.43,99.96,27.3,32.4,24.2,7.5,12.0
2025-04-26,นครศรีธรรมราช,8.43,99.96,27.5,32.8,24.0,5.1,7.9
2025-04-27,นครศรีธรรมราช,8.43,99.96,27.1,31.0,24.3,22.9,8.2
2025-04-28,นครศรีธรรมราช,8.43,99.96,27.5,31.6,24.1,6.8,11.3
2025-04-29,นครศรีธรรมราช,8.43,99.96,27.7,32.9,23.0,0.0,10.1
2025-04-30,นครศรีธรรมราช,8.43,99.96,28.6,33.0,24.3,1.6,9.5
2025-05-01,นครศรีธรรมราช,8.43,99.96,27.8,31.8,24.0,4.1,8.0
2025-05-02,นครศรีธรรมราช,8.43,99.96,27.4,32.2,23.9,20.5,8.0
2025-05-03,นครศรีธรรมราช,8.43,99.96,26.6,30.2,24.2,18.6,9.4
2025-05-04,นครศรีธรรมราช,8.43,99.96,26.3,29.9,23.6,10.5,12.6
2025-05-05,นครศรีธรรมราช,8.43,99.96,26.7,31.2,24.1,1.0,11.8
2025-05-06,นครศรีธรรมราช,8.43,99.96,27.1,32.4,23.6,10.7,9.1
2025-05-07,นครศรีธรรมราช,8.43,99.96,27.9,32.5,23.9,0.2,13.3
2025-05-08,นครศรีธรรมราช,8.43,99.96,27.5,32.9,23.6,5.7,7.8
2025-05-09,นครศรีธรรมราช,8.43,99.96,28.3,33.5,23.8,0.8,9.9
2025-05-10,นครศรีธรรมราช,8.43,99.96,27.5,31.3,24.4,26.0,8.7
2025-05-11,นครศรีธรรมราช,8.43,99.96,27.3,31.3,24.1,0.5,10.8
2025-05-12,นครศรีธรรมราช,8.43,99.96,27.0,32.4,24.3,20.2,15.9
2025-05-13,นครศรีธรรมราช,8.43,99.96,27.1,32.3,24.4,16.4,11.6
2025-05-14,นครศรีธรรมราช,8.43,99.96,27.3,30.6,24.7,22.0,10.2
2025-05-15,นครศรีธรรมราช,8.43,99.96,27.5,31.6,24.9,15.2,9.7
2025-05-16,นครศรีธรรมราช,8.43,99.96,27.1,30.7,24.8,23.6,8.4
2025-05-17,นครศรีธรรมราช,8.43,99.96,27.3,31.5,24.9,25.2,8.5
2025-05-18,นครศรีธรรมราช,8.43,99.96,27.1,30.6,24.9,20.6,6.2
2025-05-19,นครศรีธรรมราช,8.43,99.96,28.0,31.6,24.9,7.4,6.6
2025-05-20,นครศรีธรรมราช,8.43,99.96,27.4,30.3,24.7,17.3,8.0
2025-05-21,นครศรีธรรมราช,8.43,99.96,27.3,31.9,24.2,13.4,8.4
2025-05-22,นครศรีธรรมราช,8.43,99.96,27.4,31.4,25.1,3.9,10.3
2025-05-23,นครศรีธรรมราช,8.43,99.96,27.7,33.1,23.8,6.4,10.4
2025-05-24,นครศรีธรรมราช,8.43,99.96,26.7,30.1,24.9,13.8,8.6
2025-05-25,นครศรีธรรมราช,8.43,99.96,26.1,28.4,24.3,20.5,10.8
2025-05-26,นครศรีธรรมราช,8.43,99.96,26.8,31.1,24.0,5.5,8.7
2025-05-27,นครศรีธรรมราช,8.43,99.96,27.9,32.4,24.2,3.7,4.6
2025-05-28,นครศรีธรรมราช,8.43,99.96,28.2,33.3,24.1,0.3,9.4
2025-05-29,นครศรีธรรมราช,8.43,99.96,28.8,33.3,25.0,1.3,8.5
2025-05-30,นครศรีธรรมราช,8.43,99.96,28.2,32.7,24.7,3.2,7.9
2025-05-31,นครศรีธรรมราช,8.43,99.96,28.6,33.8,24.4,0.8,11.0
2025-06-01,นครศรีธรรมราช,8.43,99.96,28.6,33.1,25.3,6.3,16.1
2025-06-02,นครศรีธรรมราช,8.43,99.96,28.7,33.8,25.1,0.2,14.0
2025-06-03,นครศรีธรรมราช,8.43,99.96,28.0,32.2,25.0,5.5,6.6
2025-06-04,นครศรีธรรมราช,8.43,99.96,28.2,32.7,25.3,3.4,17.1
2025-06-05,นครศรีธรรมราช,8.43,99.96,27.8,32.3,24.4,3.2,12.7
2025-06-06,นครศรีธรรมราช,8.43,99.96,27.6,32.3,24.4,8.7,8.1
2025-06-07,นครศรีธรรมราช,8.43,99.96,27.5,31.4,24.4,7.1,15.3
2025-06-08,นครศรีธรรมราช,8.43,99.96,27.3,32.1,24.4,7.1,14.2
2025-06-09,นครศรีธรรมราช,8.43,99.96,27.7,31.2,25.2,0.1,11.5
2025-06-10,นครศรีธรรมราช,8.43,99.96,26.5,28.5,24.7,6.7,11.1
2025-06-11,นครศรีธรรมราช,8.43,99.96,28.0,31.6,24.7,0.2,5.1
2025-06-12,นครศรีธรรมราช,8.43,99.96,27.8,31.3,25.5,0.7,10.4
2025-06-13,นครศรีธรรมราช,8.43,99.96,28.6,33.5,24.6,0.1,14.1
2025-06-14,นครศรีธรรมราช,8.43,99.96,28.7,33.8,23.9,0.1,10.2
2025-06-15,นครศรีธรรมราช,8.43,99.96,28.3,33.1,25.0,1.0,10.5
2025-06-16,นครศรีธรรมราช,8.43,99.96,28.2,32.6,24.3,2.5,6.8
2025-06-17,นครศรีธรรมราช,8.43,99.96,28.1,33.5,23.4,0.6,12.8
2025-06-18,นครศรีธรรมราช,8.43,99.96,27.9,33.9,23.4,4.6,8.2
2025-06-19,นครศรีธรรมราช,8.43,99.96,28.9,34.8,24.4,3.5,5.2
2025-06-20,นครศรีธรรมราช,8.43,99.96,27.4,32.3,25.2,15.5,8.7
2025-06-21,นครศรีธรรมราช,8.43,99.96,26.9,29.8,24.4,7.4,8.8
2025-06-22,นครศรีธรรมราช,8.43,99.96,25.7,28.1,24.1,12.2,9.1
2025-06-23,นครศรีธรรมราช,8.43,99.96,27.2,32.4,23.6,2.0,9.3
2025-06-24,นครศรีธรรมราช,8.43,99.96,26.6,31.1,22.7,1.3,8.5
2025-06-25,นครศรีธรรมราช,8.43,99.96,27.6,33.1,22.4,0.2,13.0
2025-06-26,นครศรีธรรมราช,8.43,99.96,27.3,32.6,23.3,1.7,7.3
2025-06-27,นครศรีธรรมราช,8.43,99.96,27.7,33.5,24.1,0.5,12.5
2025-06-28,นครศรีธรรมราช,8.43,99.96,28.5,33.8,23.9,0.0,9.2
2025-06-29,นครศรีธรรมราช,8.43,99.96,28.5,33.9,23.9,0.3,8.2
2025-06-30,นครศรีธรรมราช,8.43,99.96,28.6,33.5,24.1,0.0,11.4
2025-07-01,นครศรีธรรมราช,8.43,99.96,27.6,32.8,23.5,9.6,10.9
2025-07-02,นครศรีธรรมราช,8.43,99.96,27.2,31.9,24.0,2.4,13.0
2025-07-03,นครศรีธรรมราช,8.43,99.96,28.7,33.8,24.5,3.5,8.6
2025-07-04,นครศรีธรรมราช,8.43,99.96,28.4,34.5,24.2,0.3,17.5
2025-07-05,นครศรีธรรมราช,8.43,99.96,28.2,33.5,23.3,0.5,12.8
2025-07-06,นครศรีธรรมราช,8.43,99.96,28.5,34.2,24.5,0.2,17.6
2025-07-07,นครศรีธรรมราช,8.43,99.96,28.6,33.4,25.0,1.4,15.9
2025-07-08,นครศรีธรรมราช,8.43,99.96,27.5,31.8,24.4,3.8,12.0
2025-07-09,นครศรีธรรมราช,8.43,99.96,28.4,33.7,24.5,0.0,13.2
2025-07-10,นครศรีธรรมราช,8.43,99.96,28.2,34.1,23.3,0.7,14.4
2025-07-11,นครศรีธรรมราช,8.43,99.96,28.1,32.0,24.9,3.0,7.1
2025-07-12,นครศรีธรรมราช,8.43,99.96,28.8,33.9,25.1,0.5,12.8
2025-07-13,นครศรีธรรมราช,8.43,99.96,29.3,34.1,25.7,0.3,12.2
2025-07-14,นครศรีธรรมราช,8.43,99.96,28.9,34.2,24.2,0.0,17.0
2025-07-15,นครศรีธรรมราช,8.43,99.96,28.4,32.2,24.8,3.0,13.1
2025-07-16,นครศรีธรรมราช,8.43,99.96,28.7,33.3,25.4,0.6,13.7
2025-07-17,นครศรีธรรมราช,8.43,99.96,29.2,35.1,24.6,0.3,15.9
2025-07-18,นครศรีธรรมราช,8.43,99.96,29.7,35.1,24.4,0.0,16.3
2025-07-19,นครศรีธรรมราช,8.43,99.96,30.0,35.0,26.1,0.1,17.6
2025-07-20,นครศรีธรรมราช,8.43,99.96,28.4,33.6,25.7,2.6,17.9
2025-07-21,นครศรีธรรมราช,8.43,99.96,28.2,31.9,24.9,0.1,13.7
2025-07-22,นครศรีธรรมราช,8.43,99.96,29.6,33.9,25.9,0.0,18.4
2025-07-23,นครศรีธรรมราช,8.43,99.96,30.0,34.6,25.7,0.0,20.2
2025-07-24,นครศรีธรรมราช,8.43,99.96,29.4,35.3,23.5,0.0,15.3
2025-07-25,นครศรีธรรมราช,8.43,99.96,29.1,36.0,22.3,0.0,18.1
2025-07-26,นครศรีธรรมราช,8.43,99.96,29.8,36.0,24.7,0.0,19.2
2025-07-27,นครศรีธรรมราช,8.43,99.96,29.1,34.0,25.0,0.6,12.9
2025-07-28,นครศรีธรรมราช,8.43,99.96,29.9,34.8,25.8,0.0,17.2
2025-07-29,นครศรีธรรมราช,8.43,99.96,30.2,34.6,25.5,0.2,17.4
2025-07-30,นครศรีธรรมราช,8.43,99.96,30.2,36.1,24.6,0.0,13.5
2025-07-31,นครศรีธรรมราช,8.43,99.96,29.5,36.9,25.3,2.9,14.8
2025-08-01,นครศรีธรรมราช,8.43,99.96,29.1,35.7,25.2,4.6,13.3
2025-08-02,นครศรีธรรมราช,8.43,99.96,28.6,35.5,25.2,10.2,10.1
2025-08-03,นครศรีธรรมราช,8.43,99.96,28.1,33.8,24.3,10.2,7.0
2025-08-04,นครศรีธรรมราช,8.43,99.96,29.5,35.7,25.3,0.1,11.4
2025-08-05,นครศรีธรรมราช,8.43,99.96,29.5,35.4,24.7,0.4,8.6
2025-08-06,นครศรีธรรมราช,8.43,99.96,28.4,35.1,24.1,2.6,12.6
2025-08-07,นครศรีธรรมราช,8.43,99.96,28.4,34.2,24.6,1.5,9.6
2025-08-08,นครศรีธรรมราช,8.43,99.96,28.2,33.1,24.7,6.3,11.4
2025-08-09,นครศรีธรรมราช,8.43,99.96,28.9,35.5,24.2,0.8,9.2
2025-08-10,นครศรีธรรมราช,8.43,99.96,28.6,35.4,24.3,10.3,8.8
2025-08-11,นครศรีธรรมราช,8.43,99.96,27.7,32.9,24.8,1.6,13.2
2025-08-12,นครศรีธรรมราช,8.43,99.96,28.4,33.7,24.7,5.1,15.7
2025-08-13,นครศรีธรรมราช,8.43,99.96,28.7,33.6,24.8,0.0,10.2
2025-08-14,นครศรีธรรมราช,8.43,99.96,28.1,33.9,23.7,2.1,9.6
2025-08-15,นครศรีธรรมราช,8.43,99.96,26.2,30.4,24.1,15.9,5.8
2025-08-16,นครศรีธรรมราช,8.43,99.96,26.7,29.2,24.4,2.3,5.4
2025-08-17,นครศรีธรรมราช,8.43,99.96,29.3,35.5,24.1,0.0,11.3
2025-08-18,นครศรีธรรมราช,8.43,99.96,29.3,35.8,23.7,1.8,12.5
2025-08-19,นครศรีธรรมราช,8.43,99.96,30.0,36.3,25.1,0.0,15.8
2025-08-20,นครศรีธรรมราช,8.43,99.96,28.8,34.0,24.6,0.9,13.0
2025-08-21,นครศรีธรรมราช,8.43,99.96,27.1,31.3,24.5,4.7,10.3
2025-08-22,นครศรีธรรมราช,8.43,99.96,27.3,32.5,24.3,14.9,9.4
2025-08-23,นครศรีธรรมราช,8.43,99.96,27.8,34.2,22.7,4.7,8.4
2025-08-24,นครศรีธรรมราช,8.43,99.96,28.7,32.7,25.8,0.7,9.5
2025-08-25,นครศรีธรรมราช,8.43,99.96,28.0,32.1,25.4,0.0,16.7
2025-08-26,นครศรีธรรมราช,8.43,99.96,28.8,35.2,24.3,0.0,17.3
2025-08-27,นครศรีธรรมราช,8.43,99.96,28.7,36.6,23.2,3.0,16.3
2025-08-28,นครศรีธรรมราช,8.43,99.96,28.0,32.7,24.9,0.1,11.0
2025-08-29,นครศรีธรรมราช,8.43,99.96,29.1,36.2,23.1,0.7,12.5
2025-08-30,นครศรีธรรมราช,8.43,99.96,28.9,34.2,25.3,4.9,12.4
2025-08-31,นครศรีธรรมราช,8.43,99.96,27.6,30.2,25.2,9.9,9.5
2025-09-01,นครศรีธรรมราช,8.43,99.96,28.7,33.7,25.0,3.4,14.9
2025-09-02,นครศรีธรรมราช,8.43,99.96,29.7,35.6,25.4,1.3,11.5
2025-09-03,นครศรีธรรมราช,8.43,99.96,29.0,33.3,26.4,4.3,11.8
2025-09-04,นครศรีธรรมราช,8.43,99.96,28.0,33.0,25.1,4.1,14.1
2025-09-05,นครศรีธรรมราช,8.43,99.96,28.2,33.3,24.5,3.6,13.9
2025-09-06,นครศรีธรรมราช,8.43,99.96,29.4,35.6,24.3,0.4,16.4
2025-09-07,นครศรีธรรมราช,8.43,99.96,29.3,34.3,25.9,0.7,10.1
2025-09-08,นครศรีธรรมราช,8.43,99.96,27.7,33.2,25.3,18.7,10.5
2025-09-09,นครศรีธรรมราช,8.43,99.96,26.6,29.3,24.5,14.7,12.4
2025-09-10,นครศรีธรรมราช,8.43,99.96,26.9,32.2,23.2,12.2,10.8
2025-09-11,นครศรีธรรมราช,8.43,99.96,27.7,34.2,23.8,9.4,7.3
2025-09-12,นครศรีธรรมราช,8.43,99.96,27.0,33.7,23.4,23.0,11.0
2025-09-13,นครศรีธรรมราช,8.43,99.96,26.8,30.6,24.4,4.8,16.8
2025-09-14,นครศรีธรรมราช,8.43,99.96,26.6,31.0,23.6,6.2,9.3
2025-09-15,นครศรีธรรมราช,8.43,99.96,27.0,31.8,23.9,6.7,13.4
2025-09-16,นครศรีธรรมราช,8.43,99.96,28.0,33.6,23.8,0.0,12.3
2025-09-17,นครศรีธรรมราช,8.43,99.96,28.2,32.9,24.0,1.5,8.0
2025-09-18,นครศรีธรรมราช,8.43,99.96,27.1,30.2,24.6,1.9,11.3
2025-09-19,นครศรีธรรมราช,8.43,99.96,28.1,33.9,23.7,0.1,9.7
2025-09-20,นครศรีธรรมราช,8.43,99.96,28.5,34.5,23.1,0.0,10.6
2025-09-21,นครศรีธรรมราช,8.43,99.96,28.9,35.7,23.3,0.0,13.5
2025-09-22,นครศรีธรรมราช,8.43,99.96,28.6,36.3,21.5,0.0,8.6
2025-09-23,นครศรีธรรมราช,8.43,99.96,29.4,36.3,23.1,0.0,13.9
2025-09-24,นครศรีธรรมราช,8.43,99.96,29.5,35.5,24.6,1.3,13.3
2025-09-25,นครศรีธรรมราช,8.43,99.96,29.9,35.0,26.3,1.9,15.2
2025-09-26,นครศรีธรรมราช,8.43,99.96,28.6,34.4,24.7,3.3,9.3
2025-09-27,นครศรีธรรมราช,8.43,99.96,29.3,34.8,25.1,1.6,9.7
2025-09-28,นครศรีธรรมราช,8.43,99.96,28.6,34.9,24.4,3.9,15.0
2025-09-29,นครศรีธรรมราช,8.43,99.96,26.5,29.5,24.7,9.3,15.0
2025-09-30,นครศรีธรรมราช,8.43,99.96,27.3,31.2,24.0,4.1,14.4
2025-10-01,นครศรีธรรมราช,8.43,99.96,26.3,31.8,24.1,17.5,9.8
2025-10-02,นครศรีธรรมราช,8.43,99.96,27.1,32.4,24.4,10.9,13.0
2025-10-03,นครศรีธรรมราช,8.43,99.96,27.0,32.8,23.3,18.7,12.1
2025-10-04,นครศรีธรรมราช,8.43,99.96,27.3,32.0,22.7,1.8,8.3
2025-10-05,นครศรีธรรมราช,8.43,99.96,27.9,34.2,24.4,2.5,10.3
2025-10-06,นครศรีธรรมราช,8.43,99.96,28.9,34.9,23.5,0.7,9.8
2025-10-07,นครศรีธรรมราช,8.43,99.96,28.6,35.2,23.7,3.5,9.8
2025-10-08,นครศรีธรรมราช,8.43,99.96,27.5,33.1,24.8,11.6,12.7
2025-10-09,นครศรีธรรมราช,8.43,99.96,26.9,30.9,24.9,5.2,8.5
2025-10-10,นครศรีธรรมราช,8.43,99.96,27.0,31.4,24.3,3.5,11.2
2025-10-11,นครศรีธรรมราช,8.43,99.96,27.4,33.5,24.4,4.2,7.2
2025-10-12,นครศรีธรรมราช,8.43,99.96,26.7,31.9,24.6,10.6,8.9
2025-10-13,นครศรีธรรมราช,8.43,99.96,27.4,33.1,23.6,3.0,8.4
2025-10-14,นครศรีธรรมราช,8.43,99.96,27.6,32.2,24.7,6.4,6.0
2025-10-15,นครศรีธรรมราช,8.43,99.96,28.4,32.9,25.1,6.2,6.5
2025-10-16,นครศรีธรรมราช,8.43,99.96,26.8,30.3,23.9,13.8,15.6
2025-10-17,นครศรีธรรมราช,8.43,99.96,25.9,28.6,23.7,14.2,13.5
2025-10-18,นครศรีธรรมราช,8.43,99.96,26.7,30.0,24.5,3.2,11.6
2025-10-19,นครศรีธรรมราช,8.43,99.96,27.1,30.7,24.2,13.4,13.4
2025-10-20,นครศรีธรรมราช,8.43,99.96,26.1,30.2,24.5,27.1,8.5
2025-10-21,นครศรีธรรมราช,8.43,99.96,27.2,32.2,23.9,0.2,9.4
2025-10-22,นครศรีธรรมราช,8.43,99.96,25.9,30.0,24.1,10.8,9.8
2025-10-23,นครศรีธรรมราช,8.43,99.96,25.9,29.1,24.7,29.8,18.1
2025-10-24,นครศรีธรรมราช,8.43,99.96,25.6,27.3,24.4,23.6,8.6
2025-10-25,นครศรีธรรมราช,8.43,99.96,25.5,26.9,24.6,38.4,7.3
2025-10-26,นครศรีธรรมราช,8.43,99.96,26.6,29.8,24.4,9.7,11.4
2025-10-27,นครศรีธรรมราช,8.43,99.96,27.0,30.6,25.3,3.1,8.1
2025-10-28,นครศรีธรรมราช,8.43,99.96,27.1,30.8,24.5,1.9,9.6
2025-10-29,นครศรีธรรมราช,8.43,99.96,25.5,26.2,24.3,15.7,7.9
2025-10-30,นครศรีธรรมราช,8.43,99.96,26.7,30.9,24.2,1.8,7.2
2025-10-31,นครศรีธรรมราช,8.43,99.96,27.1,30.6,24.0,1.5,8.4
2025-11-01,นครศรีธรรมราช,8.43,99.96,27.6,32.1,23.9,13.5,8.6
2025-11-02,นครศรีธรรมราช,8.43,99.96,27.0,31.3,24.3,3.5,7.8
2025-11-03,นครศรีธรรมราช,8.43,99.96,27.1,31.4,24.4,1.4,10.0
2025-11-04,นครศรีธรรมราช,8.43,99.96,27.4,32.7,22.5,0.5,7.0
2025-11-05,นครศรีธรรมราช,8.43,99.96,27.3,32.5,23.6,12.2,8.8
2025-11-06,นครศรีธรรมราช,8.43,99.96,26.7,30.6,24.5,20.5,12.5
2025-11-07,นครศรีธรรมราช,8.43,99.96,26.9,32.0,24.1,6.8,15.4
2025-11-08,นครศรีธรรมราช,8.43,99.96,26.8,32.1,23.8,12.1,10.0
2025-11-09,นครศรีธรรมราช,8.43,99.96,27.6,32.5,23.3,0.0,7.8
2025-11-10,นครศรีธรรมราช,8.43,99.96,27.4,33.8,24.5,4.3,9.7
2025-11-11,นครศรีธรรมราช,8.43,99.96,27.4,33.0,23.8,0.8,10.6
2025-11-12,นครศรีธรรมราช,8.43,99.96,27.6,32.3,23.8,1.6,9.6
2025-11-13,นครศรีธรรมราช,8.43,99.96,27.8,32.2,24.3,0.8,11.0
2025-11-14,นครศรีธรรมราช,8.43,99.96,26.5,30.3,24.5,8.0,12.3
2025-11-15,นครศรีธรรมราช,8.43,99.96,26.9,30.3,24.4,0.9,16.4
2025-11-16,นครศรีธรรมราช,8.43,99.96,26.8,31.1,22.4,0.6,12.1
2025-11-17,นครศรีธรรมราช,8.43,99.96,26.3,30.3,24.2,6.6,12.0
2025-11-18,นครศรีธรรมราช,8.43,99.96,24.9,26.9,23.3,34.3,13.2
2025-11-19,นครศรีธรรมราช,8.43,99.96,24.6,25.6,23.6,59.5,11.4
2025-11-20,นครศรีธรรมราช,8.43,99.96,24.5,25.7,23.5,88.4,18.9
2025-11-21,นครศรีธรรมราช,8.43,99.96,24.7,26.1,23.9,30.7,19.3
2025-11-22,นครศรีธรรมราช,8.43,99.96,25.0,28.2,23.9,26.5,16.9
2025-11-23,นครศรีธรรมราช,8.43,99.96,24.9,26.7,23.9,19.9,18.5
2025-11-24,นครศรีธรรมราช,8.43,99.96,24.9,26.2,24.1,17.6,16.1
2025-11-25,นครศรีธรรมราช,8.43,99.96,24.7,27.4,23.7,32.6,17.4
2025-11-26,นครศรีธรรมราช,8.43,99.96,26.5,29.8,23.9,7.3,23.6
2025-11-27,นครศรีธรรมราช,8.43,99.96,26.4,29.2,24.0,3.1,25.8
2025-11-28,นครศรีธรรมราช,8.43,99.96,25.7,29.1,23.1,0.0,22.8
2025-11-29,นครศรีธรรมราช,8.43,99.96,25.1,29.2,21.2,0.0,14.9
2025-11-30,นครศรีธรรมราช,8.43,99.96,25.3,29.7,21.7,0.0,10.3
2025-12-01,นครศรีธรรมราช,8.43,99.96,25.7,30.7,22.4,0.0,10.7
2025-12-02,นครศรีธรรมราช,8.43,99.96,26.0,31.2,22.4,0.0,11.1
2025-12-03,นครศรีธรรมราช,8.43,99.96,25.9,31.3,22.0,0.0,12.4
2025-12-04,นครศรีธรรมราช,8.43,99.96,26.9,31.7,23.7,2.5,15.6
2025-12-05,นครศรีธรรมราช,8.43,99.96,25.6,28.3,23.8,26.8,8.9
2025-12-06,นครศรีธรรมราช,8.43,99.96,26.2,31.5,22.9,9.9,16.2
2025-12-07,นครศรีธรรมราช,8.43,99.96,26.3,30.6,23.2,1.3,14.6
2025-12-08,นครศรีธรรมราช,8.43,99.96,26.2,30.8,22.4,5.4,17.4
2025-12-09,นครศรีธรรมราช,8.43,99.96,25.7,30.3,21.6,1.7,19.2
2025-12-10,นครศรีธรรมราช,8.43,99.96,25.5,30.5,21.3,1.1,9.8
2025-12-11,นครศรีธรรมราช,8.43,99.96,25.7,28.7,23.8,5.3,17.6
2025-12-12,นครศรีธรรมราช,8.43,99.96,25.0,27.1,23.6,52.4,10.6
2025-12-13,นครศรีธรรมราช,8.43,99.96,26.6,31.1,23.5,8.2,16.2
2025-12-14,นครศรีธรรมราช,8.43,99.96,25.5,29.5,22.6,17.6,15.0
2025-12-15,นครศรีธรรมราช,8.43,99.96,25.7,30.5,23.5,10.0,15.5
2025-12-16,นครศรีธรรมราช,8.43,99.96,26.0,29.1,23.3,7.1,13.9
2025-12-17,นครศรีธรรมราช,8.43,99.96,26.6,30.5,23.5,4.0,13.3
2025-12-18,นครศรีธรรมราช,8.43,99.96,25.8,30.4,22.5,14.1,15.5
2025-12-19,นครศรีธรรมราช,8.43,99.96,26.5,30.8,23.9,2.2,16.0
2025-12-20,นครศรีธรรมราช,8.43,99.96,26.5,30.6,23.6,1.0,13.9
2025-12-21,นครศรีธรรมราช,8.43,99.96,26.6,31.0,23.0,0.0,18.1
2025-12-22,นครศรีธรรมราช,8.43,99.96,26.6,31.9,22.8,0.0,16.4
2025-12-23,นครศรีธรรมราช,8.43,99.96,26.6,31.1,23.3,1.1,10.0
2025-12-24,นครศรีธรรมราช,8.43,99.96,26.4,31.7,22.5,0.1,12.4
2025-12-25,นครศรีธรรมราช,8.43,99.96,26.5,31.8,23.5,5.3,17.5
2025-12-26,นครศรีธรรมราช,8.43,99.96,25.0,26.1,24.0,30.1,17.3
2025-12-27,นครศรีธรรมราช,8.43,99.96,24.9,27.9,23.3,46.9,11.6
2025-12-28,นครศรีธรรมราช,8.43,99.96,25.9,30.2,23.0,15.2,12.7
2025-12-29,นครศรีธรรมราช,8.43,99.96,26.3,30.7,23.4,1.7,10.8
2025-12-30,นครศรีธรรมราช,8.43,99.96,26.8,31.3,23.1,0.5,11.9
2025-12-31,นครศรีธรรมราช,8.43,99.96,26.7,30.7,23.6,1.3,10.8
2026-01-01,นครศรีธรรมราช,8.43,99.96,26.7,29.7,24.3,2.1,9.6
2026-01-02,นครศรีธรรมราช,8.43,99.96,26.0,29.7,22.4,2.8,15.2
2026-01-03,นครศรีธรรมราช,8.43,99.96,26.0,30.0,21.6,0.4,14.3
2026-01-04,นครศรีธรรมราช,8.43,99.96,25.6,29.8,22.0,2.1,15.9
2026-01-05,นครศรีธรรมราช,8.43,99.96,25.7,30.1,21.6,0.4,13.9
2026-01-06,นครศรีธรรมราช,8.43,99.96,25.8,30.4,21.6,7.2,14.3
2026-01-07,นครศรีธรรมราช,8.43,99.96,25.7,28.6,23.4,8.8,16.7
2026-01-08,นครศรีธรรมราช,8.43,99.96,25.8,29.5,23.8,5.9,17.4
2026-01-09,นครศรีธรรมราช,8.43,99.96,25.8,29.3,23.5,2.1,19.7
2026-01-10,นครศรีธรรมราช,8.43,99.96,25.2,29.3,22.5,2.5,11.7
2026-01-11,นครศรีธรรมราช,8.43,99.96,24.4,28.8,21.0,1.8,12.1
2026-01-12,นครศรีธรรมราช,8.43,99.96,25.0,29.5,20.8,1.1,9.1
2026-01-13,นครศรีธรรมราช,8.43,99.96,24.8,30.4,20.9,0.5,12.5
2026-01-14,นครศรีธรรมราช,8.43,99.96,25.3,29.5,21.6,2.4,9.2
2026-01-15,นครศรีธรรมราช,8.43,99.96,25.4,29.1,22.9,2.7,9.4
2026-01-16,นครศรีธรรมราช,8.43,99.96,26.3,30.2,23.2,0.9,6.3
2026-01-17,นครศรีธรรมราช,8.43,99.96,25.9,30.3,22.9,1.2,8.6
2026-01-18,นครศรีธรรมราช,8.43,99.96,26.3,29.9,22.7,0.6,8.5
2026-01-19,นครศรีธรรมราช,8.43,99.96,26.5,30.8,23.1,0.4,8.8
2026-01-20,นครศรีธรรมราช,8.43,99.96,26.1,30.9,22.3,1.9,10.8
2026-01-21,นครศรีธรรมราช,8.43,99.96,25.6,30.3,22.6,2.7,14.1
2026-01-22,นครศรีธรรมราช,8.43,99.96,25.3,30.1,21.5,2.8,15.4
2026-01-23,นครศรีธรรมราช,8.43,99.96,25.6,30.4,22.1,0.6,14.3
2026-01-24,นครศรีธรรมราช,8.43,99.96,24.9,29.6,21.9,3.5,11.5
2026-01-25,นครศรีธรรมราช,8.43,99.96,25.1,29.5,22.1,4.1,12.1
2026-01-26,นครศรีธรรมราช,8.43,99.96,25.3,29.6,21.7,1.7,11.1
2026-01-27,นครศรีธรรมราช,8.43,99.96,25.5,30.7,21.1,0.9,13.2
2026-01-28,นครศรีธรรมราช,8.43,99.96,25.5,29.8,21.9,1.2,10.2
2026-01-29,นครศรีธรรมราช,8.43,99.96,25.7,30.2,21.9,2.0,13.0
2026-01-30,นครศรีธรรมราช,8.43,99.96,26.0,31.0,21.9,0.7,12.4
2026-01-31,นครศรีธรรมราช,8.43,99.96,26.2,31.1,22.0,0.6,12.8
2026-02-01,นครศรีธรรมราช,8.43,99.96,25.9,30.7,21.8,0.9,14.7
2026-02-02,นครศรีธรรมราช,8.43,99.96,25.6,30.0,21.6,2.5,17.1
2026-02-03,นครศรีธรรมราช,8.43,99.96,25.3,30.6,20.6,1.1,16.2
2026-02-04,นครศรีธรรมราช,8.43,99.96,25.0,30.2,21.6,3.3,15.5
2026-02-05,นครศรีธรรมราช,8.43,99.96,26.4,30.7,22.9,0.9,11.3
2026-02-06,นครศรีธรรมราช,8.43,99.96,26.9,31.2,23.1,1.4,8.0
2026-02-07,นครศรีธรรมราช,8.43,99.96,26.7,31.7,22.6,0.2,11.3
2026-02-08,นครศรีธรรมราช,8.43,99.96,26.7,31.7,22.6,0.7,13.9
2026-02-09,นครศรีธรรมราช,8.43,99.96,26.4,31.3,22.5,2.3,14.9
2026-02-10,นครศรีธรรมราช,8.43,99.96,26.5,31.8,22.2,1.4,11.7
2026-02-11,นครศรีธรรมราช,8.43,99.96,26.3,30.9,24.1,12.1,12.8
2026-02-12,นครศรีธรรมราช,8.43,99.96,26.5,31.9,22.8,2.2,13.3
2026-02-13,นครศรีธรรมราช,8.43,99.96,27.6,32.3,23.6,1.2,12.3
2026-02-14,นครศรีธรรมราช,8.43,99.96,27.5,31.8,23.6,0.2,13.9
2026-02-15,นครศรีธรรมราช,8.43,99.96,27.6,31.8,24.3,1.4,13.3
2026-02-16,นครศรีธรรมราช,8.43,99.96,26.0,29.3,23.9,26.2,13.2
2026-02-17,นครศรีธรรมราช,8.43,99.96,26.7,31.5,23.7,0.6,15.7
2026-02-18,นครศรีธรรมราช,8.43,99.96,26.8,30.5,24.0,2.8,17.6
2026-02-19,นครศรีธรรมราช,8.43,99.96,27.1,31.4,22.8,2.4,18.7
2026-02-20,นครศรีธรรมราช,8.43,99.96,26.6,31.2,22.1,1.5,17.6
2026-02-21,นครศรีธรรมราช,8.43,99.96,26.7,31.9,22.4,1.0,13.4
2026-02-22,นครศรีธรรมราช,8.43,99.96,26.9,32.6,22.4,0.0,10.5
2026-02-23,นครศรีธรรมราช,8.43,99.96,27.3,32.4,22.9,0.0,9.7
2026-02-24,นครศรีธรรมราช,8.43,99.96,27.2,32.3,23.1,0.4,10.1
2026-02-25,นครศรีธรรมราช,8.43,99.96,27.6,33.0,23.5,0.9,12.6
2026-02-26,นครศรีธรรมราช,8.43,99.96,27.2,33.6,22.7,1.1,12.1
2026-02-27,นครศรีธรรมราช,8.43,99.96,27.3,33.3,23.4,5.7,10.5
2026-02-28,นครศรีธรรมราช,8.43,99.96,27.2,32.4,23.2,0.4,11.0
2026-03-01,นครศรีธรรมราช,8.43,99.96,28.2,32.9,24.7,0.1,9.8
2026-03-02,นครศรีธรรมราช,8.43,99.96,28.4,33.4,24.6,0.5,9.2
2026-03-03,นครศรีธรรมราช,8.43,99.96,28.3,33.3,24.3,0.0,10.0
2026-03-04,นครศรีธรรมราช,8.43,99.96,28.0,33.6,22.8,0.0,10.7
2026-03-05,นครศรีธรรมราช,8.43,99.96,27.2,31.9,22.4,0.2,8.8
2026-03-06,นครศรีธรรมราช,8.43,99.96,26.5,31.4,23.2,5.5,9.9
2026-03-07,นครศรีธรรมราช,8.43,99.96,26.6,31.9,23.9,6.2,13.1
2026-03-08,นครศรีธรรมราช,8.43,99.96,27.2,32.4,23.6,2.7,14.6
2026-03-09,นครศรีธรรมราช,8.43,99.96,27.5,32.0,23.2,0.2,13.9
2026-03-10,นครศรีธรรมราช,8.43,99.96,27.2,30.8,23.7,3.2,17.5
2026-03-11,นครศรีธรรมราช,8.43,99.96,26.8,31.5,23.8,18.4,13.9
2026-03-12,นครศรีธรรมราช,8.43,99.96,27.1,32.3,23.7,2.3,16.0
2026-03-13,นครศรีธรรมราช,8.43,99.96,26.4,30.7,23.2,1.3,15.0
2026-03-14,นครศรีธรรมราช,8.43,99.96,27.3,31.9,23.6,0.8,17.4
2026-03-15,นครศรีธรรมราช,8.43,99.96,26.7,31.2,22.9,3.6,12.5
2026-03-16,นครศรีธรรมราช,8.43,99.96,27.2,31.6,23.5,2.3,13.8
2026-03-17,นครศรีธรรมราช,8.43,99.96,27.3,32.1,22.8,0.2,13.2
2026-03-18,นครศรีธรรมราช,8.43,99.96,27.3,32.2,23.2,0.9,12.4
2026-03-19,นครศรีธรรมราช,8.43,99.96,27.3,32.3,22.9,0.4,12.7
2026-03-20,นครศรีธรรมราช,8.43,99.96,27.4,32.4,23.0,0.1,11.6
2026-03-21,นครศรีธรรมราช,8.43,99.96,27.6,32.7,23.4,0.2,12.1
2026-03-22,นครศรีธรรมราช,8.43,99.96,27.7,32.2,23.8,1.1,12.8
2026-03-23,นครศรีธรรมราช,8.43,99.96,27.7,33.1,23.8,0.2,12.4
2026-03-24,นครศรีธรรมราช,8.43,99.96,27.8,33.1,23.2,0.0,11.4
2026-03-25,นครศรีธรรมราช,8.43,99.96,27.7,33.3,22.4,0.1,10.7
2026-03-26,นครศรีธรรมราช,8.43,99.96,27.3,32.9,22.2,0.5,11.5
2026-03-27,นครศรีธรรมราช,8.43,99.96,27.4,33.3,22.4,0.0,13.8
2026-03-28,นครศรีธรรมราช,8.43,99.96,27.2,32.5,22.2,0.0,14.4
2026-03-29,นครศรีธรรมราช,8.43,99.96,27.5,33.2,22.4,0.2,12.0
2026-03-30,นครศรีธรรมราช,8.43,99.96,28.1,33.4,24.3,2.2,10.5
2026-03-31,นครศรีธรรมราช,8.43,99.96,27.6,32.1,24.5,2.7,11.3
2026-04-01,นครศรีธรรมราช,8.43,99.96,28.5,34.2,24.0,0.0,10.1
2026-04-02,นครศรีธรรมราช,8.43,99.96,28.4,34.0,24.0,0.1,12.7
2026-04-03,นครศรีธรรมราช,8.43,99.96,28.1,34.2,22.6,0.0,10.3
2026-04-04,นครศรีธรรมราช,8.43,99.96,27.8,34.3,22.2,0.0,12.9
2026-04-05,นครศรีธรรมราช,8.43,99.96,28.7,35.1,22.8,0.0,11.0
2026-04-06,นครศรีธรรมราช,8.43,99.96,29.2,35.5,24.8,1.1,12.2
2026-04-07,นครศรีธรรมราช,8.43,99.96,29.0,35.0,24.6,0.0,14.7
2026-04-08,นครศรีธรรมราช,8.43,99.96,29.6,36.1,24.5,0.0,13.1
2026-04-09,นครศรีธรรมราช,8.43,99.96,29.0,35.3,23.1,0.0,11.7
2026-04-10,นครศรีธรรมราช,8.43,99.96,29.2,35.1,24.6,0.0,13.1
2026-04-11,นครศรีธรรมราช,8.43,99.96,28.5,33.9,24.2,1.8,11.0
2026-04-12,นครศรีธรรมราช,8.43,99.96,29.1,35.7,24.6,2.1,8.4
2026-04-13,นครศรีธรรมราช,8.43,99.96,29.1,35.4,25.0,1.8,15.3
2026-04-14,นครศรีธรรมราช,8.43,99.96,29.2,34.6,25.1,1.4,9.5
2026-04-15,นครศรีธรรมราช,8.43,99.96,29.6,35.3,24.1,0.4,10.7
2026-04-16,นครศรีธรรมราช,8.43,99.96,29.9,34.3,24.9,0.1,13.2
2026-04-17,นครศรีธรรมราช,8.43,99.96,30.0,35.5,24.1,0.0,10.7
2026-04-18,นครศรีธรรมราช,8.43,99.96,30.0,36.2,24.9,0.0,13.9
2026-04-19,นครศรีธรรมราช,8.43,99.96,29.6,35.8,23.9,0.0,11.5
2026-04-20,นครศรีธรรมราช,8.43,99.96,29.6,35.0,25.0,0.7,13.9
2026-04-21,นครศรีธรรมราช,8.43,99.96,29.4,35.0,24.4,0.1,11.5
2026-04-22,นครศรีธรรมราช,8.43,99.96,30.0,34.8,25.7,0.0,10.5
2026-04-23,นครศรีธรรมราช,8.43,99.96,29.8,34.6,25.1,1.2,9.4
2026-04-24,นครศรีธรรมราช,8.43,99.96,29.9,35.4,25.4,0.4,12.2
2026-04-25,นครศรีธรรมราช,8.43,99.96,29.3,34.0,23.8,0.1,12.3
2026-04-26,นครศรีธรรมราช,8.43,99.96,30.0,35.5,25.9,1.0,12.0
2026-04-27,นครศรีธรรมราช,8.43,99.96,29.9,35.6,24.7,1.0,12.9
2026-04-28,นครศรีธรรมราช,8.43,99.96,29.7,35.0,26.8,1.3,9.6
2026-04-29,นครศรีธรรมราช,8.43,99.96,30.0,35.9,24.7,1.5,11.5
2026-04-30,นครศรีธรรมราช,8.43,99.96,30.2,35.8,25.7,0.0,13.1
2026-05-01,นครศรีธรรมราช,8.43,99.96,30.0,36.0,25.5,0.0,12.7
2026-05-02,นครศรีธรรมราช,8.43,99.96,29.5,34.4,26.5,1.5,8.4
2026-05-03,นครศรีธรรมราช,8.43,99.96,29.0,33.9,26.0,4.8,12.7
2026-05-04,นครศรีธรรมราช,8.43,99.96,28.8,33.8,25.4,4.4,7.3
2026-05-05,นครศรีธรรมราช,8.43,99.96,28.9,34.0,24.4,9.6,12.3
2026-05-06,นครศรีธรรมราช,8.43,99.96,27.8,32.6,25.1,11.3,18.8
2026-05-07,นครศรีธรรมราช,8.43,99.96,27.5,30.6,26.0,20.8,6.9
2026-05-08,นครศรีธรรมราช,8.43,99.96,28.4,33.4,25.5,7.8,9.7
2026-05-09,นครศรีธรรมราช,8.43,99.96,28.0,33.4,23.3,10.8,16.0
2026-05-10,นครศรีธรรมราช,8.43,99.96,27.5,32.5,25.2,39.2,9.9
2026-05-11,นครศรีธรรมราช,8.43,99.96,28.0,31.1,25.7,15.3,10.6
2026-05-12,นครศรีธรรมราช,8.43,99.96,27.1,30.4,25.0,24.2,9.9
2026-05-13,นครศรีธรรมราช,8.43,99.96,28.4,34.2,25.6,2.3,11.4
2026-05-14,นครศรีธรรมราช,8.43,99.96,28.6,32.6,25.6,1.5,4.2
2026-05-15,นครศรีธรรมราช,8.43,99.96,29.0,34.3,25.4,2.8,8.5
2026-05-16,นครศรีธรรมราช,8.43,99.96,28.6,33.9,25.7,3.0,18.6
2026-05-17,นครศรีธรรมราช,8.43,99.96,28.2,34.8,24.8,15.4,13.0
2026-05-18,นครศรีธรรมราช,8.43,99.96,28.3,32.6,25.0,5.7,10.8
2026-05-19,นครศรีธรรมราช,8.43,99.96,27.8,31.6,25.4,2.9,8.8
2026-05-20,นครศรีธรรมราช,8.43,99.96,27.3,30.1,25.5,3.5,8.5
2026-05-21,นครศรีธรรมราช,8.43,99.96,28.3,33.3,25.1,0.8,7.4
2026-05-22,นครศรีธรรมราช,8.43,99.96,28.2,33.4,24.8,4.0,13.1
2026-05-23,นครศรีธรรมราช,8.43,99.96,28.3,33.1,25.4,6.5,6.5
2026-05-24,นครศรีธรรมราช,8.43,99.96,27.8,32.6,24.5,6.3,8.2
2026-05-25,นครศรีธรรมราช,8.43,99.96,28.2,34.7,24.1,2.7,13.2
2026-05-26,นครศรีธรรมราช,8.43,99.96,29.3,34.2,25.6,1.7,10.1
2026-05-27,นครศรีธรรมราช,8.43,99.96,29.5,34.4,25.8,1.3,8.8
2026-05-28,นครศรีธรรมราช,8.43,99.96,28.0,33.3,25.1,8.6,9.7
2026-05-29,นครศรีธรรมราช,8.43,99.96,28.3,33.0,25.5,8.2,6.1
2026-05-30,นครศรีธรรมราช,8.43,99.96,27.7,31.4,25.2,3.3,4.6
2026-05-31,นครศรีธรรมราช,8.43,99.96,27.6,31.3,25.8,21.4,8.7
2026-06-01,นครศรีธรรมราช,8.43,99.96,27.5,31.9,25.1,8.5,14.4
2026-06-02,นครศรีธรรมราช,8.43,99.96,27.4,31.0,25.5,11.4,12.4
2026-06-03,นครศรีธรรมราช,8.43,99.96,27.4,30.9,24.6,3.2,11.5
2026-06-04,นครศรีธรรมราช,8.43,99.96,27.6,32.6,24.7,8.9,14.0
2026-06-05,นครศรีธรรมราช,8.43,99.96,28.0,33.5,24.7,2.4,16.6
2026-06-06,นครศรีธรรมราช,8.43,99.96,29.1,34.0,24.4,0.1,15.0
2026-06-07,นครศรีธรรมราช,8.43,99.96,28.8,33.6,24.9,2.6,11.9
2026-06-08,นครศรีธรรมราช,8.43,99.96,29.2,34.4,25.2,0.9,10.0
2026-06-09,นครศรีธรรมราช,8.43,99.96,28.7,33.3,25.5,10.2,9.6
2026-06-10,นครศรีธรรมราช,8.43,99.96,28.0,32.1,25.4,3.6,15.1
2026-06-11,นครศรีธรรมราช,8.43,99.96,28.6,33.8,24.9,0.1,11.7
2026-06-12,นครศรีธรรมราช,8.43,99.96,28.0,32.5,26.1,12.8,8.2
2026-06-13,นครศรีธรรมราช,8.43,99.96,28.9,33.2,25.9,1.5,5.0
2026-06-14,นครศรีธรรมราช,8.43,99.96,28.5,32.4,25.1,3.8,11.2
2026-06-15,นครศรีธรรมราช,8.43,99.96,28.2,32.5,24.8,3.1,7.4
2026-06-16,นครศรีธรรมราช,8.43,99.96,28.4,33.7,24.5,2.5,11.0
2026-06-17,นครศรีธรรมราช,8.43,99.96,28.0,32.6,26.1,8.0,7.9
2026-06-18,นครศรีธรรมราช,8.43,99.96,28.4,33.8,24.9,2.0,13.0
2026-06-19,นครศรีธรรมราช,8.43,99.96,28.4,33.0,25.1,5.3,8.0
2026-06-20,นครศรีธรรมราช,8.43,99.96,28.3,34.3,25.8,2.4,8.6
2026-06-21,นครศรีธรรมราช,8.43,99.96,27.8,33.7,24.1,2.7,8.0
2026-06-22,นครศรีธรรมราช,8.43,99.96,28.9,34.4,24.0,0.7,6.1
2026-06-23,นครศรีธรรมราช,8.43,99.96,28.8,35.2,25.2,2.3,10.2
2026-06-24,นครศรีธรรมราช,8.43,99.96,29.7,35.8,25.1,1.6,10.8
2026-06-25,นครศรีธรรมราช,8.43,99.96,29.6,34.3,25.7,4.9,8.8
2026-06-26,นครศรีธรรมราช,8.43,99.96,29.1,36.0,25.8,10.5,14.5
2026-06-27,นครศรีธรรมราช,8.43,99.96,29.6,35.6,25.2,1.1,14.0
2026-06-28,นครศรีธรรมราช,8.43,99.96,28.6,36.3,25.4,16.0,7.1
2026-06-29,นครศรีธรรมราช,8.43,99.96,29.2,34.0,25.5,4.5,10.2
2026-06-30,นครศรีธรรมราช,8.43,99.96,29.0,34.1,25.4,1.4,19.5
2026-07-01,นครศรีธรรมราช,8.43,99.96,27.4,29.0,26.1,2.9,13.0
2026-07-02,นครศรีธรรมราช,8.43,99.96,28.0,32.2,25.2,4.3,17.6
2026-07-03,นครศรีธรรมราช,8.43,99.96,28.4,34.5,24.9,4.8,10.2
2026-07-04,นครศรีธรรมราช,8.43,99.96,29.2,34.0,25.4,1.2,11.5
2026-07-05,นครศรีธรรมราช,8.43,99.96,28.8,34.2,24.5,1.2,5.6
2026-07-06,นครศรีธรรมราช,8.43,99.96,29.6,35.3,24.9,1.1,7.0
2026-07-07,นครศรีธรรมราช,8.43,99.96,29.6,34.8,25.5,5.2,13.6
2026-07-08,นครศรีธรรมราช,8.43,99.96,28.8,33.8,25.7,5.8,14.8
2026-07-09,นครศรีธรรมราช,8.43,99.96,28.7,35.5,24.1,3.8,10.4
2026-07-10,นครศรีธรรมราช,8.43,99.96,29.7,35.4,23.8,0.4,9.7
2026-07-11,นครศรีธรรมราช,8.43,99.96,29.5,35.2,24.2,0.1,12.9
2026-07-12,นครศรีธรรมราช,8.43,99.96,29.3,34.2,25.0,0.9,20.8
2026-07-13,นครศรีธรรมราช,8.43,99.96,28.8,32.3,25.9,1.9,12.3
2026-07-14,นครศรีธรรมราช,8.43,99.96,28.8,35.5,25.8,4.2,17.4
2026-07-15,นครศรีธรรมราช,8.43,99.96,28.6,31.7,25.7,4.0,12.9
2026-07-16,นครศรีธรรมราช,8.43,99.96,29.7,35.3,25.3,0.5,11.8
2026-07-17,นครศรีธรรมราช,8.43,99.96,29.1,35.0,24.6,3.1,7.3
2026-07-18,นครศรีธรรมราช,8.43,99.96,29.2,35.0,24.7,1.7,5.7
2026-07-19,นครศรีธรรมราช,8.43,99.96,29.5,35.0,24.7,0.3,9.1
2026-07-20,นครศรีธรรมราช,8.43,99.96,29.5,35.4,24.3,0.5,7.7
2026-07-21,นครศรีธรรมราช,8.43,99.96,29.4,35.6,23.7,2.2,10.3
2026-07-22,นครศรีธรรมราช,8.43,99.96,29.7,35.7,24.5,0.9,11.3
2026-07-23,นครศรีธรรมราช,8.43,99.96,29.2,35.2,24.3,3.5,7.9
2026-07-24,นครศรีธรรมราช,8.43,99.96,28.8,33.0,25.3,0.5,18.2
2026-07-25,นครศรีธรรมราช,8.43,99.96,29.3,34.2,26.7,2.6,15.4
2026-07-26,นครศรีธรรมราช,8.43,99.96,30.2,35.9,26.1,1.2,11.6
2026-07-27,นครศรีธรรมราช,8.43,99.96,29.5,34.2,26.0,1.3,11.7
2026-07-28,นครศรีธรรมราช,8.43,99.96,28.7,34.4,25.2,7.8,7.8
2026-07-29,นครศรีธรรมราช,8.43,99.96,27.6,30.7,24.9,1.9,8.1
2026-07-30,นครศรีธรรมราช,8.43,99.96,28.9,33.2,25.3,0.3,12.7
2026-07-31,นครศรีธรรมราช,8.43,99.96,29.5,35.5,25.1,1.8,10.8
2026-08-01,นครศรีธรรมราช,8.43,99.96,29.5,34.2,26.3,3.5,8.0
2026-08-02,นครศรีธรรมราช,8.43,99.96,29.5,35.2,25.7,1.5,11.7
2026-08-03,นครศรีธรรมราช,8.43,99.96,29.7,36.4,25.6,3.3,8.4
2026-08-04,นครศรีธรรมราช,8.43,99.96,29.1,35.0,25.7,2.2,7.9
2026-08-05,นครศรีธรรมราช,8.43,99.96,29.4,34.5,25.2,1.0,20.9
2026-08-06,นครศรีธรรมราช,8.43,99.96,29.9,34.3,26.0,0.0,20.0
2026-08-07,นครศรีธรรมราช,8.43,99.96,30.0,33.8,26.4,0.0,18.5
2026-08-08,นครศรีธรรมราช,8.43,99.96,29.7,34.7,27.0,0.9,19.8
2026-08-09,นครศรีธรรมราช,8.43,99.96,29.6,35.0,25.2,0.0,14.3
2026-08-10,นครศรีธรรมราช,8.43,99.96,29.7,34.9,25.3,0.0,17.6
2026-08-11,นครศรีธรรมราช,8.43,99.96,29.4,34.1,25.4,0.0,10.7
2026-08-12,นครศรีธรรมราช,8.43,99.96,28.5,34.2,23.9,9.2,9.3
2026-08-13,นครศรีธรรมราช,8.43,99.96,28.3,34.7,23.9,4.6,8.6
2026-08-14,นครศรีธรรมราช,8.43,99.96,28.8,34.3,24.8,1.1,18.5
2026-08-15,นครศรีธรรมราช,8.43,99.96,29.3,34.2,26.5,0.6,13.6
2026-08-16,นครศรีธรรมราช,8.43,99.96,28.4,32.5,24.8,7.6,14.7
2026-08-17,นครศรีธรรมราช,8.43,99.96,29.5,35.0,25.4,0.1,13.8
2026-08-18,นครศรีธรรมราช,8.43,99.96,28.3,33.8,25.6,4.6,11.9
2026-08-19,นครศรีธรรมราช,8.43,99.96,28.9,33.7,24.3,0.1,12.9
2026-08-20,นครศรีธรรมราช,8.43,99.96,28.8,32.9,25.9,0.3,13.1
2026-08-21,นครศรีธรรมราช,8.43,99.96,28.7,33.3,24.9,1.0,15.5
2026-08-22,นครศรีธรรมราช,8.43,99.96,28.8,34.4,23.7,1.5,13.9
2026-08-23,นครศรีธรรมราช,8.43,99.96,29.3,33.8,24.8,0.0,13.2
2026-08-24,นครศรีธรรมราช,8.43,99.96,28.4,33.5,24.9,0.1,15.8
2026-08-25,นครศรีธรรมราช,8.43,99.96,28.0,31.8,25.5,3.3,10.2
2026-08-26,นครศรีธรรมราช,8.43,99.96,28.1,32.5,24.2,2.6,10.1
2026-08-27,นครศรีธรรมราช,8.43,99.96,28.7,33.9,24.2,0.8,19.0
2026-08-28,นครศรีธรรมราช,8.43,99.96,28.5,33.2,24.4,0.3,15.9
2026-08-29,นครศรีธรรมราช,8.43,99.96,28.5,33.4,24.7,1.3,12.1
2026-08-30,นครศรีธรรมราช,8.43,99.96,28.7,33.4,25.0,0.2,13.2
2026-08-31,นครศรีธรรมราช,8.43,99.96,28.7,34.0,24.0,0.0,16.7
2026-09-01,นครศรีธรรมราช,8.43,99.96,28.9,34.6,24.1,0.0,8.8
2026-09-02,นครศรีธรรมราช,8.43,99.96,28.5,34.3,24.5,11.1,9.6
2026-09-03,นครศรีธรรมราช,8.43,99.96,27.8,33.6,25.0,18.8,9.4
2026-09-04,นครศรีธรรมราช,8.43,99.96,28.7,33.1,25.1,0.6,6.4
2026-09-05,นครศรีธรรมราช,8.43,99.96,29.3,34.5,25.5,0.7,9.2
2026-09-06,นครศรีธรรมราช,8.43,99.96,29.1,34.4,24.2,0.4,16.5
2026-09-07,นครศรีธรรมราช,8.43,99.96,29.4,35.2,25.4,1.3,9.4
2026-09-08,นครศรีธรรมราช,8.43,99.96,29.5,35.1,25.1,2.9,10.8
2026-09-09,นครศรีธรรมราช,8.43,99.96,28.6,34.6,25.2,13.7,8.2
2026-09-10,นครศรีธรรมราช,8.43,99.96,28.2,32.4,26.0,13.6,9.4
2026-09-11,นครศรีธรรมราช,8.43,99.96,27.0,29.3,25.2,5.5,6.7
2026-09-12,นครศรีธรรมราช,8.43,99.96,27.2,32.0,25.0,21.5,9.2
2026-09-13,นครศรีธรรมราช,8.43,99.96,27.1,30.4,24.9,15.3,7.8
2026-09-14,นครศรีธรรมราช,8.43,99.96,28.4,32.5,25.4,2.1,12.2
2026-09-15,นครศรีธรรมราช,8.43,99.96,28.1,32.8,25.2,1.3,16.0
2026-09-16,นครศรีธรรมราช,8.43,99.96,28.5,34.5,25.6,5.5,8.9
2026-09-17,นครศรีธรรมราช,8.43,99.96,28.1,31.8,25.4,6.7,6.2
2026-09-18,นครศรีธรรมราช,8.43,99.96,27.8,31.0,25.6,2.4,11.4
2026-09-19,นครศรีธรรมราช,8.43,99.96,28.1,33.5,25.4,5.8,9.9
2026-09-20,นครศรีธรรมราช,8.43,99.96,27.5,30.7,25.3,6.7,8.1
2026-09-21,นครศรีธรรมราช,8.43,99.96,28.8,33.0,26.5,3.2,13.9
2026-09-22,นครศรีธรรมราช,8.43,99.96,28.2,30.2,26.6,2.1,3.8
2026-09-23,นครศรีธรรมราช,8.43,99.96,27.5,30.3,25.1,11.5,4.7
2026-09-24,นครศรีธรรมราช,8.43,99.96,27.7,32.2,24.8,10.9,5.5
2021-01-01,สุราษฎร์ธานี,9.14,99.33,24.7,26.4,22.6,1.3,23.9
2021-01-02,สุราษฎร์ธานี,9.14,99.33,24.7,26.2,23.1,1.1,22.3
2021-01-03,สุราษฎร์ธานี,9.14,99.33,25.1,28.1,23.0,0.5,20.0
2021-01-04,สุราษฎร์ธานี,9.14,99.33,25.3,27.8,23.1,2.1,21.9
2021-01-05,สุราษฎร์ธานี,9.14,99.33,25.3,27.7,23.2,2.6,21.9
2021-01-06,สุราษฎร์ธานี,9.14,99.33,25.0,27.8,23.5,14.9,14.7
2021-01-07,สุราษฎร์ธานี,9.14,99.33,24.9,28.8,22.6,5.1,14.8
2021-01-08,สุราษฎร์ธานี,9.14,99.33,25.3,28.8,22.7,1.0,16.9
2021-01-09,สุราษฎร์ธานี,9.14,99.33,24.7,28.1,21.8,4.7,20.1
2021-01-10,สุราษฎร์ธานี,9.14,99.33,25.1,27.8,22.8,1.0,19.7
2021-01-11,สุราษฎร์ธานี,9.14,99.33,24.7,27.7,22.0,0.8,20.1
2021-01-12,สุราษฎร์ธานี,9.14,99.33,24.1,26.4,21.7,2.7,24.0
2021-01-13,สุราษฎร์ธานี,9.14,99.33,23.6,25.3,21.9,0.9,22.5
2021-01-14,สุราษฎร์ธานี,9.14,99.33,23.5,26.5,20.2,0.6,18.9
2021-01-15,สุราษฎร์ธานี,9.14,99.33,24.3,29.2,20.6,0.0,15.7
2021-01-16,สุราษฎร์ธานี,9.14,99.33,25.0,29.1,21.5,0.7,16.8
2021-01-17,สุราษฎร์ธานี,9.14,99.33,25.1,29.5,20.8,0.0,18.9
2021-01-18,สุราษฎร์ธานี,9.14,99.33,24.7,27.6,22.4,0.6,25.9
2021-01-19,สุราษฎร์ธานี,9.14,99.33,23.8,26.7,20.8,0.8,18.1
2021-01-20,สุราษฎร์ธานี,9.14,99.33,24.1,28.0,20.7,0.1,15.7
2021-01-21,สุราษฎร์ธานี,9.14,99.33,24.2,27.6,20.3,0.4,14.7
2021-01-22,สุราษฎร์ธานี,9.14,99.33,24.2,27.7,19.7,0.6,12.0
2021-01-23,สุราษฎร์ธานี,9.14,99.33,24.5,29.5,20.0,1.3,16.4
2021-01-24,สุราษฎร์ธานี,9.14,99.33,25.1,29.0,21.7,1.5,11.8
2021-01-25,สุราษฎร์ธานี,9.14,99.33,25.8,31.0,21.3,0.5,13.9
2021-01-26,สุราษฎร์ธานี,9.14,99.33,25.5,30.4,21.2,2.9,13.7
2021-01-27,สุราษฎร์ธานี,9.14,99.33,25.8,31.1,21.0,0.6,16.2
2021-01-28,สุราษฎร์ธานี,9.14,99.33,25.7,30.6,21.5,0.6,18.6
2021-01-29,สุราษฎร์ธานี,9.14,99.33,25.7,30.9,21.6,0.5,17.7
2021-01-30,สุราษฎร์ธานี,9.14,99.33,25.7,30.7,21.4,0.1,19.6
2021-01-31,สุราษฎร์ธานี,9.14,99.33,26.1,31.1,22.5,0.0,16.9
2021-02-01,สุราษฎร์ธานี,9.14,99.33,25.8,30.8,22.0,0.8,19.5
2021-02-02,สุราษฎร์ธานี,9.14,99.33,25.6,30.1,21.6,1.6,14.8
2021-02-03,สุราษฎร์ธานี,9.14,99.33,26.0,30.5,21.9,0.5,17.3
2021-02-04,สุราษฎร์ธานี,9.14,99.33,26.0,31.0,21.5,0.0,19.2
2021-02-05,สุราษฎร์ธานี,9.14,99.33,26.0,31.1,21.5,0.0,18.3
2021-02-06,สุราษฎร์ธานี,9.14,99.33,26.3,30.6,22.1,0.7,13.8
2021-02-07,สุราษฎร์ธานี,9.14,99.33,26.8,33.3,21.7,0.1,16.2
2021-02-08,สุราษฎร์ธานี,9.14,99.33,27.1,32.9,21.5,0.5,14.2
2021-02-09,สุราษฎร์ธานี,9.14,99.33,27.1,32.3,23.3,1.7,13.7
2021-02-10,สุราษฎร์ธานี,9.14,99.33,27.0,32.1,22.4,0.5,15.7
2021-02-11,สุราษฎร์ธานี,9.14,99.33,26.5,31.0,22.9,1.3,16.1
2021-02-12,สุราษฎร์ธานี,9.14,99.33,27.0,31.7,23.0,0.3,16.8
2021-02-13,สุราษฎร์ธานี,9.14,99.33,26.8,32.9,21.4,0.0,16.6
2021-02-14,สุราษฎร์ธานี,9.14,99.33,26.9,33.4,21.4,0.0,18.0
2021-02-15,สุราษฎร์ธานี,9.14,99.33,26.5,32.8,21.4,0.0,17.7
2021-02-16,สุราษฎร์ธานี,9.14,99.33,25.9,32.7,19.7,0.0,16.9
2021-02-17,สุราษฎร์ธานี,9.14,99.33,26.3,32.7,20.7,0.2,18.8
2021-02-18,สุราษฎร์ธานี,9.14,99.33,26.3,31.8,20.8,0.0,21.2
2021-02-19,สุราษฎร์ธานี,9.14,99.33,26.0,30.9,22.0,0.1,23.6
2021-02-20,สุราษฎร์ธานี,9.14,99.33,25.8,31.4,21.2,0.1,23.0
2021-02-21,สุราษฎร์ธานี,9.14,99.33,26.3,32.1,21.7,0.0,18.4
2021-02-22,สุราษฎร์ธานี,9.14,99.33,25.6,33.1,18.1,0.0,16.9
2021-02-23,สุราษฎร์ธานี,9.14,99.33,25.1,32.9,18.3,0.0,16.6
2021-02-24,สุราษฎร์ธานี,9.14,99.33,25.5,32.5,19.3,0.0,14.0
2021-02-25,สุราษฎร์ธานี,9.14,99.33,26.8,33.7,20.9,0.0,12.9
2021-02-26,สุราษฎร์ธานี,9.14,99.33,27.3,35.2,20.9,0.0,11.0
2021-02-27,สุราษฎร์ธานี,9.14,99.33,26.9,34.0,20.3,0.0,12.2
2021-02-28,สุราษฎร์ธานี,9.14,99.33,27.1,33.2,21.8,0.0,19.5
2021-03-01,สุราษฎร์ธานี,9.14,99.33,27.5,32.7,22.9,1.3,19.4
2021-03-02,สุราษฎร์ธานี,9.14,99.33,27.8,35.0,22.0,0.0,17.2
2021-03-03,สุราษฎร์ธานี,9.14,99.33,28.0,35.2,22.4,0.2,16.7
2021-03-04,สุราษฎร์ธานี,9.14,99.33,28.3,34.1,23.6,0.0,21.7
2021-03-05,สุราษฎร์ธานี,9.14,99.33,28.0,34.7,23.3,0.0,17.3
2021-03-06,สุราษฎร์ธานี,9.14,99.33,27.6,33.8,22.0,0.0,19.9
2021-03-07,สุราษฎร์ธานี,9.14,99.33,27.9,34.9,21.5,0.4,13.8
2021-03-08,สุราษฎร์ธานี,9.14,99.33,27.3,34.6,20.7,0.0,17.3
2021-03-09,สุราษฎร์ธานี,9.14,99.33,27.5,34.3,21.7,0.2,19.0
2021-03-10,สุราษฎร์ธานี,9.14,99.33,27.5,33.5,22.2,0.1,17.2
2021-03-11,สุราษฎร์ธานี,9.14,99.33,27.7,34.0,22.1,0.5,17.8
2021-03-12,สุราษฎร์ธานี,9.14,99.33,27.6,34.0,22.9,0.7,16.0
2021-03-13,สุราษฎร์ธานี,9.14,99.33,27.7,33.0,22.6,0.5,17.1
2021-03-14,สุราษฎร์ธานี,9.14,99.33,27.9,34.5,22.6,0.2,16.0
2021-03-15,สุราษฎร์ธานี,9.14,99.33,28.0,35.8,21.7,0.0,16.6
2021-03-16,สุราษฎร์ธานี,9.14,99.33,27.4,34.1,21.6,0.1,21.0
2021-03-17,สุราษฎร์ธานี,9.14,99.33,27.2,33.6,21.4,0.4,19.3
2021-03-18,สุราษฎร์ธานี,9.14,99.33,27.3,33.6,20.9,0.0,19.1
2021-03-19,สุราษฎร์ธานี,9.14,99.33,27.6,33.9,22.0,0.0,19.6
2021-03-20,สุราษฎร์ธานี,9.14,99.33,28.0,34.3,22.5,0.0,19.5
2021-03-21,สุราษฎร์ธานี,9.14,99.33,28.5,34.2,23.5,0.3,21.7
2021-03-22,สุราษฎร์ธานี,9.14,99.33,27.3,33.9,22.8,1.7,20.1
2021-03-23,สุราษฎร์ธานี,9.14,99.33,27.3,31.1,23.8,2.3,20.3
2021-03-24,สุราษฎร์ธานี,9.14,99.33,27.7,32.5,23.7,1.7,18.0
2021-03-25,สุราษฎร์ธานี,9.14,99.33,27.8,33.6,23.9,0.8,18.7
2021-03-26,สุราษฎร์ธานี,9.14,99.33,28.7,34.9,23.7,0.4,17.9
2021-03-27,สุราษฎร์ธานี,9.14,99.33,29.1,35.8,23.5,0.0,20.0
2021-03-28,สุราษฎร์ธานี,9.14,99.33,28.6,34.9,24.6,2.3,15.8
2021-03-29,สุราษฎร์ธานี,9.14,99.33,28.4,35.2,24.5,1.6,12.4
2021-03-30,สุราษฎร์ธานี,9.14,99.33,28.2,36.7,25.0,52.2,13.7
2021-03-31,สุราษฎร์ธานี,9.14,99.33,27.5,33.2,24.6,42.8,11.1
2021-04-01,สุราษฎร์ธานี,9.14,99.33,27.3,31.8,25.3,6.0,16.9
2021-04-02,สุราษฎร์ธานี,9.14,99.33,27.3,31.7,24.1,5.4,19.9
2021-04-03,สุราษฎร์ธานี,9.14,99.33,27.4,33.3,24.2,9.2,12.1
2021-04-04,สุราษฎร์ธานี,9.14,99.33,26.7,32.7,24.6,26.3,9.7
2021-04-05,สุราษฎร์ธานี,9.14,99.33,26.9,30.9,23.9,3.6,11.0
2021-04-06,สุราษฎร์ธานี,9.14,99.33,26.5,31.3,24.0,22.4,11.8
2021-04-07,สุราษฎร์ธานี,9.14,99.33,26.7,31.5,23.0,4.1,12.6
2021-04-08,สุราษฎร์ธานี,9.14,99.33,26.1,29.3,23.7,0.8,10.3
2021-04-09,สุราษฎร์ธานี,9.14,99.33,27.0,31.0,23.4,1.4,10.4
2021-04-10,สุราษฎร์ธานี,9.14,99.33,27.0,31.8,23.2,5.8,11.7
2021-04-11,สุราษฎร์ธานี,9.14,99.33,27.1,31.9,23.4,5.1,14.5
2021-04-12,สุราษฎร์ธานี,9.14,99.33,27.6,32.4,24.0,0.0,14.8
2021-04-13,สุราษฎร์ธานี,9.14,99.33,26.6,31.9,23.7,8.1,15.5
2021-04-14,สุราษฎร์ธานี,9.14,99.33,26.5,32.4,23.3,2.9,11.2
2021-04-15,สุราษฎร์ธานี,9.14,99.33,27.0,32.2,23.1,4.2,9.1
2021-04-16,สุราษฎร์ธานี,9.14,99.33,26.8,33.4,23.9,14.4,7.8
2021-04-17,สุราษฎร์ธานี,9.14,99.33,27.4,32.4,23.8,3.9,9.9
2021-04-18,สุราษฎร์ธานี,9.14,99.33,26.7,33.1,23.6,1.3,13.4
2021-04-19,สุราษฎร์ธานี,9.14,99.33,26.6,31.4,23.9,11.4,17.6
2021-04-20,สุราษฎร์ธานี,9.14,99.33,26.8,32.3,23.7,6.9,15.8
2021-04-21,สุราษฎร์ธานี,9.14,99.33,27.2,32.5,23.7,5.3,10.4
2021-04-22,สุราษฎร์ธานี,9.14,99.33,27.0,32.6,24.0,4.4,15.4
2021-04-23,สุราษฎร์ธานี,9.14,99.33,27.0,32.5,24.3,12.4,12.2
2021-04-24,สุราษฎร์ธานี,9.14,99.33,27.2,32.1,24.0,6.2,12.2
2021-04-25,สุราษฎร์ธานี,9.14,99.33,27.0,32.4,23.8,5.5,17.8
2021-04-26,สุราษฎร์ธานี,9.14,99.33,27.2,32.3,23.9,5.7,10.2
2021-04-27,สุราษฎร์ธานี,9.14,99.33,27.1,31.7,23.9,4.2,12.6
2021-04-28,สุราษฎร์ธานี,9.14,99.33,26.7,29.6,24.3,17.7,15.0
2021-04-29,สุราษฎร์ธานี,9.14,99.33,26.8,30.8,23.7,4.4,11.9
2021-04-30,สุราษฎร์ธานี,9.14,99.33,26.3,30.7,24.3,12.4,9.8
2021-05-01,สุราษฎร์ธานี,9.14,99.33,26.5,30.5,23.8,1.2,13.4
2021-05-02,สุราษฎร์ธานี,9.14,99.33,26.8,30.7,23.7,9.1,12.8
2021-05-03,สุราษฎร์ธานี,9.14,99.33,28.2,33.5,23.6,0.4,13.7
2021-05-04,สุราษฎร์ธานี,9.14,99.33,28.5,33.1,24.1,0.5,13.1
2021-05-05,สุราษฎร์ธานี,9.14,99.33,28.4,32.8,25.2,1.2,14.6
2021-05-06,สุราษฎร์ธานี,9.14,99.33,25.4,26.9,24.5,16.3,10.7
2021-05-07,สุราษฎร์ธานี,9.14,99.33,27.2,31.3,24.6,4.1,15.7
2021-05-08,สุราษฎร์ธานี,9.14,99.33,26.4,31.3,23.7,15.6,14.3
2021-05-09,สุราษฎร์ธานี,9.14,99.33,26.8,30.4,23.7,1.4,8.7
2021-05-10,สุราษฎร์ธานี,9.14,99.33,27.3,31.5,23.5,5.7,13.4
2021-05-11,สุราษฎร์ธานี,9.14,99.33,27.9,32.3,23.6,2.5,9.7
2021-05-12,สุราษฎร์ธานี,9.14,99.33,28.4,33.1,24.6,1.2,11.8
2021-05-13,สุราษฎร์ธานี,9.14,99.33,28.7,33.2,24.9,2.0,14.7
2021-05-14,สุราษฎร์ธานี,9.14,99.33,28.4,33.4,24.5,2.4,9.0
2021-05-15,สุราษฎร์ธานี,9.14,99.33,28.5,33.2,25.2,2.4,10.5
2021-05-16,สุราษฎร์ธานี,9.14,99.33,27.9,33.8,24.6,12.1,12.2
2021-05-17,สุราษฎร์ธานี,9.14,99.33,27.7,33.3,24.7,13.8,11.5
2021-05-18,สุราษฎร์ธานี,9.14,99.33,27.2,32.1,24.2,5.3,15.3
2021-05-19,สุราษฎร์ธานี,9.14,99.33,27.2,31.3,24.9,13.7,10.8
2021-05-20,สุราษฎร์ธานี,9.14,99.33,27.9,32.6,25.1,2.1,17.1
2021-05-21,สุราษฎร์ธานี,9.14,99.33,27.5,30.3,25.3,6.3,17.2
2021-05-22,สุราษฎร์ธานี,9.14,99.33,27.4,32.8,24.9,3.4,21.3
2021-05-23,สุราษฎร์ธานี,9.14,99.33,26.7,30.1,24.6,3.9,15.6
2021-05-24,สุราษฎร์ธานี,9.14,99.33,28.4,33.3,24.5,0.0,16.8
2021-05-25,สุราษฎร์ธานี,9.14,99.33,26.8,29.8,24.7,14.0,18.0
2021-05-26,สุราษฎร์ธานี,9.14,99.33,26.0,30.5,24.2,8.0,14.2
2021-05-27,สุราษฎร์ธานี,9.14,99.33,26.1,29.7,24.3,6.1,17.8
2021-05-28,สุราษฎร์ธานี,9.14,99.33,26.9,30.6,24.7,3.2,13.6
2021-05-29,สุราษฎร์ธานี,9.14,99.33,27.6,31.8,24.8,4.1,14.3
2021-05-30,สุราษฎร์ธานี,9.14,99.33,27.5,33.5,24.1,2.2,12.0
2021-05-31,สุราษฎร์ธานี,9.14,99.33,27.7,32.9,24.6,9.9,12.1
2021-06-01,สุราษฎร์ธานี,9.14,99.33,28.0,32.9,24.0,2.0,11.5
2021-06-02,สุราษฎร์ธานี,9.14,99.33,28.1,32.8,24.9,6.9,9.3
2021-06-03,สุราษฎร์ธานี,9.14,99.33,28.7,34.5,24.8,9.0,14.8
2021-06-04,สุราษฎร์ธานี,9.14,99.33,28.3,34.1,24.6,2.2,14.2
2021-06-05,สุราษฎร์ธานี,9.14,99.33,27.2,30.3,24.7,3.0,16.1
2021-06-06,สุราษฎร์ธานี,9.14,99.33,27.7,32.2,24.7,4.4,16.5
2021-06-07,สุราษฎร์ธานี,9.14,99.33,28.0,31.9,25.1,0.1,16.6
2021-06-08,สุราษฎร์ธานี,9.14,99.33,27.5,30.6,24.7,1.3,19.4
2021-06-09,สุราษฎร์ธานี,9.14,99.33,27.6,30.3,24.6,1.9,15.6
2021-06-10,สุราษฎร์ธานี,9.14,99.33,27.0,30.8,24.3,2.9,17.8
2021-06-11,สุราษฎร์ธานี,9.14,99.33,27.4,33.1,24.8,1.6,18.0
2021-06-12,สุราษฎร์ธานี,9.14,99.33,27.4,32.5,24.3,2.3,21.1
2021-06-13,สุราษฎร์ธานี,9.14,99.33,28.2,33.0,24.6,1.2,18.9
2021-06-14,สุราษฎร์ธานี,9.14,99.33,28.4,32.9,24.6,1.3,21.4
2021-06-15,สุราษฎร์ธานี,9.14,99.33,29.0,33.8,24.9,0.1,16.4
2021-06-16,สุราษฎร์ธานี,9.14,99.33,28.4,32.7,25.5,0.1,17.0
2021-06-17,สุราษฎร์ธานี,9.14,99.33,29.3,35.1,24.5,0.4,17.3
2021-06-18,สุราษฎร์ธานี,9.14,99.33,29.9,35.9,24.3,0.2,12.1
2021-06-19,สุราษฎร์ธานี,9.14,99.33,29.3,35.5,24.9,2.2,12.6
2021-06-20,สุราษฎร์ธานี,9.14,99.33,29.5,35.7,24.8,0.1,16.6
2021-06-21,สุราษฎร์ธานี,9.14,99.33,28.5,32.8,24.8,2.0,18.2
2021-06-22,สุราษฎร์ธานี,9.14,99.33,28.6,34.1,24.9,2.8,19.2
2021-06-23,สุราษฎร์ธานี,9.14,99.33,28.0,32.4,24.6,1.6,21.4
2021-06-24,สุราษฎร์ธานี,9.14,99.33,28.0,34.1,23.9,2.4,10.2
2021-06-25,สุราษฎร์ธานี,9.14,99.33,27.2,32.5,24.1,9.9,16.9
2021-06-26,สุราษฎร์ธานี,9.14,99.33,28.0,33.8,23.9,3.9,15.4
2021-06-27,สุราษฎร์ธานี,9.14,99.33,28.0,33.7,24.1,4.3,15.0
2021-06-28,สุราษฎร์ธานี,9.14,99.33,27.8,34.8,24.3,3.9,15.9
2021-06-29,สุราษฎร์ธานี,9.14,99.33,27.8,33.6,23.8,3.4,14.0
2021-06-30,สุราษฎร์ธานี,9.14,99.33,28.3,34.1,24.2,0.5,16.8
2021-07-01,สุราษฎร์ธานี,9.14,99.33,27.5,34.0,24.0,12.4,10.7
2021-07-02,สุราษฎร์ธานี,9.14,99.33,27.7,34.0,24.0,1.5,12.2
2021-07-03,สุราษฎร์ธานี,9.14,99.33,28.5,34.3,24.2,1.6,9.7
2021-07-04,สุราษฎร์ธานี,9.14,99.33,28.2,35.0,25.1,6.7,12.9
2021-07-05,สุราษฎร์ธานี,9.14,99.33,27.4,33.3,24.3,12.1,13.0
2021-07-06,สุราษฎร์ธานี,9.14,99.33,26.6,30.8,24.3,17.2,21.0
2021-07-07,สุราษฎร์ธานี,9.14,99.33,26.5,30.0,24.4,2.5,16.4
2021-07-08,สุราษฎร์ธานี,9.14,99.33,25.2,27.1,24.1,18.1,16.1
2021-07-09,สุราษฎร์ธานี,9.14,99.33,25.1,27.1,23.9,13.9,16.1
2021-07-10,สุราษฎร์ธานี,9.14,99.33,25.1,28.7,23.3,25.5,19.4
2021-07-11,สุราษฎร์ธานี,9.14,99.33,26.4,29.7,23.7,3.7,13.8
2021-07-12,สุราษฎร์ธานี,9.14,99.33,27.5,31.4,24.3,2.0,15.1
2021-07-13,สุราษฎร์ธานี,9.14,99.33,27.5,32.6,23.8,5.1,10.5
2021-07-14,สุราษฎร์ธานี,9.14,99.33,27.0,30.3,24.6,2.7,13.9
2021-07-15,สุราษฎร์ธานี,9.14,99.33,26.5,30.0,23.8,2.0,15.0
2021-07-16,สุราษฎร์ธานี,9.14,99.33,27.0,31.9,23.7,2.5,9.2
2021-07-17,สุราษฎร์ธานี,9.14,99.33,28.2,32.9,24.0,0.3,12.9
2021-07-18,สุราษฎร์ธานี,9.14,99.33,28.1,32.5,24.0,0.2,19.0
2021-07-19,สุราษฎร์ธานี,9.14,99.33,28.2,32.3,24.9,0.0,21.9
2021-07-20,สุราษฎร์ธานี,9.14,99.33,27.7,31.1,24.8,0.2,20.0
2021-07-21,สุราษฎร์ธานี,9.14,99.33,28.2,31.8,25.3,0.2,22.4
2021-07-22,สุราษฎร์ธานี,9.14,99.33,29.2,34.1,25.4,0.1,23.7
2021-07-23,สุราษฎร์ธานี,9.14,99.33,29.2,34.7,24.9,0.0,23.4
2021-07-24,สุราษฎร์ธานี,9.14,99.33,29.4,34.0,26.0,0.1,25.1
2021-07-25,สุราษฎร์ธานี,9.14,99.33,29.4,33.8,26.2,0.0,22.3
2021-07-26,สุราษฎร์ธานี,9.14,99.33,29.3,34.5,25.7,0.8,23.4
2021-07-27,สุราษฎร์ธานี,9.14,99.33,29.4,34.9,25.4,0.4,25.5
2021-07-28,สุราษฎร์ธานี,9.14,99.33,28.8,33.3,25.9,0.6,24.4
2021-07-29,สุราษฎร์ธานี,9.14,99.33,27.7,32.2,25.5,6.6,22.7
2021-07-30,สุราษฎร์ธานี,9.14,99.33,26.3,28.8,24.7,3.5,19.4
2021-07-31,สุราษฎร์ธานี,9.14,99.33,27.3,31.6,24.8,1.5,20.3
2021-08-01,สุราษฎร์ธานี,9.14,99.33,27.2,32.2,24.1,3.2,21.1
2021-08-02,สุราษฎร์ธานี,9.14,99.33,27.3,30.9,24.8,10.0,19.6
2021-08-03,สุราษฎร์ธานี,9.14,99.33,27.3,31.6,24.3,4.7,23.2
2021-08-04,สุราษฎร์ธานี,9.14,99.33,27.1,31.2,24.4,1.7,17.4
2021-08-05,สุราษฎร์ธานี,9.14,99.33,27.9,32.4,25.0,1.4,24.8
2021-08-06,สุราษฎร์ธานี,9.14,99.33,27.5,32.7,25.0,3.9,21.0
2021-08-07,สุราษฎร์ธานี,9.14,99.33,28.2,33.5,24.2,0.3,18.2
2021-08-08,สุราษฎร์ธานี,9.14,99.33,28.4,33.7,24.6,0.7,16.6
2021-08-09,สุราษฎร์ธานี,9.14,99.33,27.8,34.1,24.8,7.4,13.7
2021-08-10,สุราษฎร์ธานี,9.14,99.33,27.1,31.1,24.4,12.8,16.8
2021-08-11,สุราษฎร์ธานี,9.14,99.33,26.7,30.7,24.1,18.7,18.3
2021-08-12,สุราษฎร์ธานี,9.14,99.33,27.0,31.0,23.8,2.6,22.2
2021-08-13,สุราษฎร์ธานี,9.14,99.33,26.7,30.7,24.2,9.6,19.3
2021-08-14,สุราษฎร์ธานี,9.14,99.33,26.7,31.3,24.1,6.2,13.5
2021-08-15,สุราษฎร์ธานี,9.14,99.33,25.2,27.7,23.8,13.6,11.4
2021-08-16,สุราษฎร์ธานี,9.14,99.33,25.7,30.6,23.2,9.0,8.4
2021-08-17,สุราษฎร์ธานี,9.14,99.33,26.8,32.4,23.2,5.0,11.7
2021-08-18,สุราษฎร์ธานี,9.14,99.33,27.1,32.2,23.7,3.3,12.0
2021-08-19,สุราษฎร์ธานี,9.14,99.33,26.4,31.2,23.9,7.0,12.3
2021-08-20,สุราษฎร์ธานี,9.14,99.33,26.6,31.7,23.5,8.6,12.2
2021-08-21,สุราษฎร์ธานี,9.14,99.33,26.7,32.1,23.3,3.7,11.5
2021-08-22,สุราษฎร์ธานี,9.14,99.33,26.4,31.3,23.5,15.7,13.0
2021-08-23,สุราษฎร์ธานี,9.14,99.33,26.8,32.2,23.6,5.8,17.1
2021-08-24,สุราษฎร์ธานี,9.14,99.33,26.5,30.8,24.0,11.5,19.5
2021-08-25,สุราษฎร์ธานี,9.14,99.33,26.1,29.2,23.6,1.6,19.0
2021-08-26,สุราษฎร์ธานี,9.14,99.33,26.9,31.1,23.8,2.0,13.4
2021-08-27,สุราษฎร์ธานี,9.14,99.33,26.6,31.2,23.8,5.4,12.7
2021-08-28,สุราษฎร์ธานี,9.14,99.33,27.0,32.1,23.9,1.2,13.6
2021-08-29,สุราษฎร์ธานี,9.14,99.33,26.5,32.8,23.6,29.6,10.1
2021-08-30,สุราษฎร์ธานี,9.14,99.33,26.7,32.0,23.7,5.1,11.5
2021-08-31,สุราษฎร์ธานี,9.14,99.33,26.4,30.1,23.7,1.3,17.2
2021-09-01,สุราษฎร์ธานี,9.14,99.33,26.1,30.9,24.0,14.7,11.3
2021-09-02,สุราษฎร์ธานี,9.14,99.33,26.1,29.2,23.8,0.9,17.6
2021-09-03,สุราษฎร์ธานี,9.14,99.33,26.7,30.6,24.1,0.1,11.2
2021-09-04,สุราษฎร์ธานี,9.14,99.33,27.3,32.0,23.5,0.5,13.8
2021-09-05,สุราษฎร์ธานี,9.14,99.33,27.6,32.6,23.4,0.3,15.3
2021-09-06,สุราษฎร์ธานี,9.14,99.33,27.1,32.6,22.9,1.1,14.6
2021-09-07,สุราษฎร์ธานี,9.14,99.33,26.7,30.7,24.4,6.0,8.9
2021-09-08,สุราษฎร์ธานี,9.14,99.33,25.5,28.6,24.1,10.1,15.0
2021-09-09,สุราษฎร์ธานี,9.14,99.33,24.6,25.9,23.8,20.2,20.7
2021-09-10,สุราษฎร์ธานี,9.14,99.33,26.1,30.7,23.7,3.1,18.6
2021-09-11,สุราษฎร์ธานี,9.14,99.33,26.7,31.1,23.8,2.5,12.6
2021-09-12,สุราษฎร์ธานี,9.14,99.33,27.2,31.7,23.8,0.7,16.6
2021-09-13,สุราษฎร์ธานี,9.14,99.33,27.2,32.1,24.1,0.3,20.6
2021-09-14,สุราษฎร์ธานี,9.14,99.33,26.9,30.3,24.5,1.5,16.3
2021-09-15,สุราษฎร์ธานี,9.14,99.33,24.9,26.8,23.4,8.6,9.5
2021-09-16,สุราษฎร์ธานี,9.14,99.33,27.0,32.0,22.0,0.2,12.1
2021-09-17,สุราษฎร์ธานี,9.14,99.33,28.0,33.6,23.3,0.0,11.6
2021-09-18,สุราษฎร์ธานี,9.14,99.33,27.4,32.5,23.2,1.4,13.4
2021-09-19,สุราษฎร์ธานี,9.14,99.33,26.6,33.4,23.1,14.2,18.4
2021-09-20,สุราษฎร์ธานี,9.14,99.33,25.9,29.0,23.4,6.4,14.8
2021-09-21,สุราษฎร์ธานี,9.14,99.33,25.2,28.7,22.9,14.9,19.5
2021-09-22,สุราษฎร์ธานี,9.14,99.33,25.6,29.7,23.3,4.3,19.5
2021-09-23,สุราษฎร์ธานี,9.14,99.33,27.3,32.0,23.6,1.3,14.8
2021-09-24,สุราษฎร์ธานี,9.14,99.33,27.1,30.7,23.5,0.9,10.9
2021-09-25,สุราษฎร์ธานี,9.14,99.33,25.6,28.2,24.4,7.7,11.3
2021-09-26,สุราษฎร์ธานี,9.14,99.33,25.4,29.3,23.5,15.7,12.2
2021-09-27,สุราษฎร์ธานี,9.14,99.33,26.0,31.3,23.2,13.2,7.9
2021-09-28,สุราษฎร์ธานี,9.14,99.33,26.2,30.8,22.8,6.4,8.9
2021-09-29,สุราษฎร์ธานี,9.14,99.33,26.7,30.9,23.5,3.2,14.5
2021-09-30,สุราษฎร์ธานี,9.14,99.33,26.4,30.4,23.7,6.9,10.6
2021-10-01,สุราษฎร์ธานี,9.14,99.33,26.3,30.9,23.2,4.5,15.7
2021-10-02,สุราษฎร์ธานี,9.14,99.33,26.8,30.2,23.8,0.5,12.1
2021-10-03,สุราษฎร์ธานี,9.14,99.33,27.4,32.5,24.0,10.2,6.6
2021-10-04,สุราษฎร์ธานี,9.14,99.33,26.7,31.6,22.7,3.5,11.6
2021-10-05,สุราษฎร์ธานี,9.14,99.33,25.7,28.4,24.3,12.4,9.9
2021-10-06,สุราษฎร์ธานี,9.14,99.33,25.1,28.7,23.7,14.9,11.1
2021-10-07,สุราษฎร์ธานี,9.14,99.33,25.7,29.2,23.6,8.4,15.2
2021-10-08,สุราษฎร์ธานี,9.14,99.33,25.2,27.2,23.7,22.6,15.7
2021-10-09,สุราษฎร์ธานี,9.14,99.33,26.3,29.4,23.8,1.1,18.9
2021-10-10,สุราษฎร์ธานี,9.14,99.33,27.4,31.7,24.1,1.2,21.4
2021-10-11,สุราษฎร์ธานี,9.14,99.33,27.1,30.4,24.8,3.2,20.8
2021-10-12,สุราษฎร์ธานี,9.14,99.33,25.4,26.9,24.3,15.0,17.2
2021-10-13,สุราษฎร์ธานี,9.14,99.33,26.0,29.7,24.2,2.8,16.7
2021-10-14,สุราษฎร์ธานี,9.14,99.33,26.0,30.7,23.9,7.7,19.4
2021-10-15,สุราษฎร์ธานี,9.14,99.33,26.6,31.0,23.7,3.2,19.2
2021-10-16,สุราษฎร์ธานี,9.14,99.33,25.9,31.8,23.0,14.7,12.6
2021-10-17,สุราษฎร์ธานี,9.14,99.33,24.9,28.2,23.3,8.4,8.5
2021-10-18,สุราษฎร์ธานี,9.14,99.33,25.6,28.6,23.4,7.4,11.5
2021-10-19,สุราษฎร์ธานี,9.14,99.33,26.4,30.8,23.7,5.4,11.5
2021-10-20,สุราษฎร์ธานี,9.14,99.33,26.3,31.0,22.9,0.6,13.3
2021-10-21,สุราษฎร์ธานี,9.14,99.33,25.6,30.8,23.0,16.1,10.6
2021-10-22,สุราษฎร์ธานี,9.14,99.33,25.6,28.6,22.7,6.0,9.5
2021-10-23,สุราษฎร์ธานี,9.14,99.33,25.5,30.0,23.3,12.6,9.4
2021-10-24,สุราษฎร์ธานี,9.14,99.33,24.7,29.4,22.2,16.8,13.0
2021-10-25,สุราษฎร์ธานี,9.14,99.33,25.3,29.6,22.9,8.9,11.6
2021-10-26,สุราษฎร์ธานี,9.14,99.33,25.4,30.1,22.1,8.4,16.5
2021-10-27,สุราษฎร์ธานี,9.14,99.33,26.6,30.3,23.3,4.3,13.8
2021-10-28,สุราษฎร์ธานี,9.14,99.33,26.9,30.4,23.9,6.5,14.5
2021-10-29,สุราษฎร์ธานี,9.14,99.33,26.6,30.0,24.5,21.3,14.3
2021-10-30,สุราษฎร์ธานี,9.14,99.33,25.7,29.9,23.6,22.6,8.5
2021-10-31,สุราษฎร์ธานี,9.14,99.33,24.8,27.5,23.3,15.2,14.6
2021-11-01,สุราษฎร์ธานี,9.14,99.33,25.7,29.0,23.8,15.1,14.3
2021-11-02,สุราษฎร์ธานี,9.14,99.33,25.5,30.6,22.4,7.7,14.5
2021-11-03,สุราษฎร์ธานี,9.14,99.33,25.9,30.1,22.6,1.5,12.9
2021-11-04,สุราษฎร์ธานี,9.14,99.33,25.4,28.9,23.3,16.7,12.2
2021-11-05,สุราษฎร์ธานี,9.14,99.33,25.8,30.1,23.4,14.6,13.9
2021-11-06,สุราษฎร์ธานี,9.14,99.33,25.3,29.4,23.2,12.1,10.1
2021-11-07,สุราษฎร์ธานี,9.14,99.33,26.6,31.0,22.6,0.4,15.6
2021-11-08,สุราษฎร์ธานี,9.14,99.33,26.3,30.5,23.0,3.0,16.2
2021-11-09,สุราษฎร์ธานี,9.14,99.33,25.2,27.8,24.0,8.8,11.9
2021-11-10,สุราษฎร์ธานี,9.14,99.33,24.8,25.9,24.0,11.1,15.3
2021-11-11,สุราษฎร์ธานี,9.14,99.33,24.1,25.6,23.3,28.8,14.2
2021-11-12,สุราษฎร์ธานี,9.14,99.33,23.6,24.5,22.8,49.4,12.5
2021-11-13,สุราษฎร์ธานี,9.14,99.33,23.7,24.6,22.6,54.2,9.2
2021-11-14,สุราษฎร์ธานี,9.14,99.33,24.7,26.8,22.6,2.8,10.5
2021-11-15,สุราษฎร์ธานี,9.14,99.33,24.9,29.0,23.0,26.2,6.9
2021-11-16,สุราษฎร์ธานี,9.14,99.33,25.1,28.6,22.8,9.1,9.0
2021-11-17,สุราษฎร์ธานี,9.14,99.33,24.7,27.8,23.0,11.8,17.7
2021-11-18,สุราษฎร์ธานี,9.14,99.33,25.1,28.9,23.4,21.7,13.4
2021-11-19,สุราษฎร์ธานี,9.14,99.33,24.8,28.5,22.1,29.2,8.8
2021-11-20,สุราษฎร์ธานี,9.14,99.33,25.5,29.7,22.7,9.4,14.0
2021-11-21,สุราษฎร์ธานี,9.14,99.33,25.6,29.8,23.6,8.2,10.9
2021-11-22,สุราษฎร์ธานี,9.14,99.33,25.4,29.2,23.3,7.5,12.8
2021-11-23,สุราษฎร์ธานี,9.14,99.33,24.6,28.0,23.0,32.1,15.5
2021-11-24,สุราษฎร์ธานี,9.14,99.33,24.8,27.7,23.4,17.0,13.5
2021-11-25,สุราษฎร์ธานี,9.14,99.33,23.8,26.0,22.3,12.9,14.2
2021-11-26,สุราษฎร์ธานี,9.14,99.33,24.1,28.2,22.4,11.2,12.3
2021-11-27,สุราษฎร์ธานี,9.14,99.33,25.7,28.8,23.1,2.3,18.7
2021-11-28,สุราษฎร์ธานี,9.14,99.33,25.9,28.4,23.3,1.2,23.3
2021-11-29,สุราษฎร์ธานี,9.14,99.33,24.0,25.6,23.3,70.1,16.9
2021-11-30,สุราษฎร์ธานี,9.14,99.33,23.7,26.2,22.6,82.2,15.2
2021-12-01,สุราษฎร์ธานี,9.14,99.33,24.9,29.0,22.5,12.8,17.0
2021-12-02,สุราษฎร์ธานี,9.14,99.33,24.4,28.4,22.9,55.7,20.5
2021-12-03,สุราษฎร์ธานี,9.14,99.33,24.6,28.3,21.4,2.8,19.9
2021-12-04,สุราษฎร์ธานี,9.14,99.33,25.2,28.1,23.2,0.9,22.5
2021-12-05,สุราษฎร์ธานี,9.14,99.33,24.4,27.2,21.7,0.0,23.8
2021-12-06,สุราษฎร์ธานี,9.14,99.33,24.2,28.0,19.8,0.2,17.2
2021-12-07,สุราษฎร์ธานี,9.14,99.33,24.9,28.5,21.4,0.8,17.8
2021-12-08,สุราษฎร์ธานี,9.14,99.33,25.1,28.1,22.4,2.5,20.5
2021-12-09,สุราษฎร์ธานี,9.14,99.33,25.5,29.0,22.3,0.3,19.2
2021-12-10,สุราษฎร์ธานี,9.14,99.33,25.7,29.5,23.1,2.0,17.7
2021-12-11,สุราษฎร์ธานี,9.14,99.33,25.2,28.6,22.4,1.1,17.9
2021-12-12,สุราษฎร์ธานี,9.14,99.33,25.2,29.2,21.9,0.0,19.0
2021-12-13,สุราษฎร์ธานี,9.14,99.33,25.2,28.5,21.9,2.0,18.6
2021-12-14,สุราษฎร์ธานี,9.14,99.33,26.0,29.0,23.5,0.5,20.7
2021-12-15,สุราษฎร์ธานี,9.14,99.33,26.0,28.8,23.3,0.8,19.3
2021-12-16,สุราษฎร์ธานี,9.14,99.33,25.9,29.3,22.9,0.0,15.3
2021-12-17,สุราษฎร์ธานี,9.14,99.33,25.9,29.4,22.8,0.5,13.9
2021-12-18,สุราษฎร์ธานี,9.14,99.33,25.3,27.9,23.2,6.6,21.7
2021-12-19,สุราษฎร์ธานี,9.14,99.33,25.3,28.6,22.6,1.9,20.8
2021-12-20,สุราษฎร์ธานี,9.14,99.33,25.8,28.5,24.0,0.0,20.9
2021-12-21,สุราษฎร์ธานี,9.14,99.33,24.5,28.0,22.4,1.1,12.0
2021-12-22,สุราษฎร์ธานี,9.14,99.33,24.4,27.8,21.3,0.2,13.1
2021-12-23,สุราษฎร์ธานี,9.14,99.33,25.0,28.5,21.9,0.4,13.5
2021-12-24,สุราษฎร์ธานี,9.14,99.33,25.1,28.4,21.6,0.8,15.3
2021-12-25,สุราษฎร์ธานี,9.14,99.33,25.3,29.0,22.2,1.2,14.9
2021-12-26,สุราษฎร์ธานี,9.14,99.33,25.7,29.5,22.0,0.9,16.3
2021-12-27,สุราษฎร์ธานี,9.14,99.33,25.4,29.3,22.3,0.9,17.1
2021-12-28,สุราษฎร์ธานี,9.14,99.33,25.5,28.8,22.7,2.4,19.7
2021-12-29,สุราษฎร์ธานี,9.14,99.33,25.4,28.9,23.2,3.5,17.4
2021-12-30,สุราษฎร์ธานี,9.14,99.33,25.4,28.2,22.8,5.6,20.0
2021-12-31,สุราษฎร์ธานี,9.14,99.33,26.4,29.6,23.9,0.5,22.7
2022-01-01,สุราษฎร์ธานี,9.14,99.33,26.1,29.6,23.9,1.0,23.6
2022-01-02,สุราษฎร์ธานี,9.14,99.33,25.6,28.2,23.0,1.8,21.6
2022-01-03,สุราษฎร์ธานี,9.14,99.33,25.9,29.3,22.8,1.5,20.6
2022-01-04,สุราษฎร์ธานี,9.14,99.33,25.9,29.2,22.9,0.4,15.0
2022-01-05,สุราษฎร์ธานี,9.14,99.33,25.6,28.6,22.8,0.4,13.8
2022-01-06,สุราษฎร์ธานี,9.14,99.33,26.0,29.9,22.4,0.0,16.6
2022-01-07,สุราษฎร์ธานี,9.14,99.33,26.1,31.0,22.1,0.3,17.0
2022-01-08,สุราษฎร์ธานี,9.14,99.33,25.9,30.2,23.2,2.2,18.8
2022-01-09,สุราษฎร์ธานี,9.14,99.33,26.0,30.9,22.1,0.4,16.3
2022-01-10,สุราษฎร์ธานี,9.14,99.33,25.5,31.0,20.9,0.3,16.3
2022-01-11,สุราษฎร์ธานี,9.14,99.33,25.8,30.8,20.5,0.3,18.9
2022-01-12,สุราษฎร์ธานี,9.14,99.33,26.2,31.6,22.0,0.0,19.7
2022-01-13,สุราษฎร์ธานี,9.14,99.33,25.7,31.5,20.0,0.0,16.6
2022-01-14,สุราษฎร์ธานี,9.14,99.33,25.4,31.6,20.0,0.0,18.7
2022-01-15,สุราษฎร์ธานี,9.14,99.33,25.6,31.5,20.1,0.0,17.7
2022-01-16,สุราษฎร์ธานี,9.14,99.33,25.7,32.2,19.7,0.0,17.8
2022-01-17,สุราษฎร์ธานี,9.14,99.33,25.8,31.4,20.4,0.0,19.4
2022-01-18,สุราษฎร์ธานี,9.14,99.33,26.3,31.9,21.9,0.1,16.5
2022-01-19,สุราษฎร์ธานี,9.14,99.33,26.5,32.1,21.3,0.0,14.4
2022-01-20,สุราษฎร์ธานี,9.14,99.33,26.0,31.7,21.6,3.7,12.6
2022-01-21,สุราษฎร์ธานี,9.14,99.33,25.9,31.5,21.6,0.8,11.9
2022-01-22,สุราษฎร์ธานี,9.14,99.33,26.1,31.3,21.2,0.6,9.9
2022-01-23,สุราษฎร์ธานี,9.14,99.33,26.0,30.8,21.8,0.7,13.8
2022-01-24,สุราษฎร์ธานี,9.14,99.33,25.9,30.5,21.5,5.2,12.3
2022-01-25,สุราษฎร์ธานี,9.14,99.33,26.6,32.2,21.8,0.7,14.5
2022-01-26,สุราษฎร์ธานี,9.14,99.33,26.7,32.4,22.1,0.6,13.6
2022-01-27,สุราษฎร์ธานี,9.14,99.33,27.0,32.8,22.0,0.7,10.1
2022-01-28,สุราษฎร์ธานี,9.14,99.33,27.0,32.8,22.0,0.5,14.1
2022-01-29,สุราษฎร์ธานี,9.14,99.33,27.1,32.9,22.9,0.0,14.0
2022-01-30,สุราษฎร์ธานี,9.14,99.33,27.5,32.3,23.3,0.0,11.6
2022-01-31,สุราษฎร์ธานี,9.14,99.33,27.3,32.8,23.0,1.0,14.9
2022-02-01,สุราษฎร์ธานี,9.14,99.33,27.2,34.0,21.3,0.1,16.0
2022-02-02,สุราษฎร์ธานี,9.14,99.33,26.6,33.0,21.9,1.4,15.1
2022-02-03,สุราษฎร์ธานี,9.14,99.33,27.1,33.3,22.6,1.1,14.6
2022-02-04,สุราษฎร์ธานี,9.14,99.33,26.9,32.6,22.8,1.0,21.2
2022-02-05,สุราษฎร์ธานี,9.14,99.33,27.1,33.4,23.8,1.5,24.5
2022-02-06,สุราษฎร์ธานี,9.14,99.33,27.0,31.1,23.1,2.3,18.0
2022-02-07,สุราษฎร์ธานี,9.14,99.33,27.4,32.5,23.6,0.0,13.8
2022-02-08,สุราษฎร์ธานี,9.14,99.33,27.0,31.8,22.7,1.8,17.6
2022-02-09,สุราษฎร์ธานี,9.14,99.33,26.7,32.1,22.8,1.9,18.8
2022-02-10,สุราษฎร์ธานี,9.14,99.33,26.6,31.6,22.4,1.3,15.9
2022-02-11,สุราษฎร์ธานี,9.14,99.33,26.2,31.4,22.6,10.1,14.8
2022-02-12,สุราษฎร์ธานี,9.14,99.33,26.4,31.4,22.7,3.3,16.3
2022-02-13,สุราษฎร์ธานี,9.14,99.33,26.6,32.8,22.9,3.2,14.6
2022-02-14,สุราษฎร์ธานี,9.14,99.33,27.0,31.6,23.7,1.7,15.8
2022-02-15,สุราษฎร์ธานี,9.14,99.33,26.7,31.2,23.6,3.5,16.5
2022-02-16,สุราษฎร์ธานี,9.14,99.33,25.7,31.9,22.9,20.8,10.0
2022-02-17,สุราษฎร์ธานี,9.14,99.33,25.0,28.0,22.2,3.4,9.2
2022-02-18,สุราษฎร์ธานี,9.14,99.33,25.4,31.7,22.5,33.2,8.9
2022-02-19,สุราษฎร์ธานี,9.14,99.33,26.9,32.1,22.9,0.3,10.0
2022-02-20,สุราษฎร์ธานี,9.14,99.33,25.9,31.2,23.0,16.4,11.9
2022-02-21,สุราษฎร์ธานี,9.14,99.33,26.0,30.6,22.4,0.1,12.3
2022-02-22,สุราษฎร์ธานี,9.14,99.33,25.4,29.6,22.8,8.8,14.9
2022-02-23,สุราษฎร์ธานี,9.14,99.33,25.2,29.6,23.3,10.6,19.0
2022-02-24,สุราษฎร์ธานี,9.14,99.33,24.9,28.5,22.2,4.7,19.9
2022-02-25,สุราษฎร์ธานี,9.14,99.33,24.3,26.8,21.6,6.7,17.9
2022-02-26,สุราษฎร์ธานี,9.14,99.33,24.5,27.5,22.3,7.3,17.2
2022-02-27,สุราษฎร์ธานี,9.14,99.33,23.9,25.8,22.2,19.4,19.1
2022-02-28,สุราษฎร์ธานี,9.14,99.33,26.2,31.3,22.5,0.2,20.2
2022-03-01,สุราษฎร์ธานี,9.14,99.33,26.7,31.7,22.5,0.1,18.6
2022-03-02,สุราษฎร์ธานี,9.14,99.33,27.1,33.0,22.7,0.0,15.2
2022-03-03,สุราษฎร์ธานี,9.14,99.33,27.1,32.2,22.8,0.1,13.2
2022-03-04,สุราษฎร์ธานี,9.14,99.33,26.4,31.7,22.9,7.6,11.5
2022-03-05,สุราษฎร์ธานี,9.14,99.33,26.8,31.3,22.5,3.3,11.8
2022-03-06,สุราษฎร์ธานี,9.14,99.33,25.6,31.7,22.7,16.8,10.9
2022-03-07,สุราษฎร์ธานี,9.14,99.33,26.6,32.0,22.2,2.9,14.8
2022-03-08,สุราษฎร์ธานี,9.14,99.33,26.0,29.5,24.0,5.3,15.2
2022-03-09,สุราษฎร์ธานี,9.14,99.33,26.8,32.5,21.9,0.0,18.0
2022-03-10,สุราษฎร์ธานี,9.14,99.33,27.1,33.1,21.6,0.3,15.3
2022-03-11,สุราษฎร์ธานี,9.14,99.33,27.2,32.4,22.7,0.3,11.5
2022-03-12,สุราษฎร์ธานี,9.14,99.33,27.6,32.8,23.2,0.0,14.8
2022-03-13,สุราษฎร์ธานี,9.14,99.33,27.4,32.7,23.0,1.4,14.6
2022-03-14,สุราษฎร์ธานี,9.14,99.33,27.8,33.5,23.4,6.2,16.8
2022-03-15,สุราษฎร์ธานี,9.14,99.33,27.6,34.4,21.3,0.0,14.0
2022-03-16,สุราษฎร์ธานี,9.14,99.33,27.7,34.1,22.6,0.2,17.7
2022-03-17,สุราษฎร์ธานี,9.14,99.33,28.7,35.3,23.4,0.0,17.0
2022-03-18,สุราษฎร์ธานี,9.14,99.33,28.5,33.9,25.2,0.0,14.3
2022-03-19,สุราษฎร์ธานี,9.14,99.33,26.8,33.6,24.3,9.9,8.3
2022-03-20,สุราษฎร์ธานี,9.14,99.33,26.0,33.0,23.6,22.9,11.6
2022-03-21,สุราษฎร์ธานี,9.14,99.33,26.7,33.3,23.2,4.7,14.8
2022-03-22,สุราษฎร์ธานี,9.14,99.33,26.7,32.6,23.8,12.5,12.2
2022-03-23,สุราษฎร์ธานี,9.14,99.33,26.5,31.7,23.5,10.7,13.2
2022-03-24,สุราษฎร์ธานี,9.14,99.33,26.8,31.7,23.6,4.9,12.5
2022-03-25,สุราษฎร์ธานี,9.14,99.33,26.5,31.5,23.6,7.5,9.7
2022-03-26,สุราษฎร์ธานี,9.14,99.33,27.2,32.8,22.5,0.9,12.3
2022-03-27,สุราษฎร์ธานี,9.14,99.33,27.9,33.3,23.6,0.1,11.3
2022-03-28,สุราษฎร์ธานี,9.14,99.33,28.2,33.0,24.0,3.4,11.0
2022-03-29,สุราษฎร์ธานี,9.14,99.33,27.5,34.0,24.3,10.1,12.9
2022-03-30,สุราษฎร์ธานี,9.14,99.33,26.9,31.0,23.1,2.4,9.5
2022-03-31,สุราษฎร์ธานี,9.14,99.33,27.3,33.6,23.5,2.0,9.4
2022-04-01,สุราษฎร์ธานี,9.14,99.33,27.7,33.3,23.6,0.0,16.2
2022-04-02,สุราษฎร์ธานี,9.14,99.33,25.3,28.6,23.9,15.3,14.8
2022-04-03,สุราษฎร์ธานี,9.14,99.33,25.3,29.2,22.7,18.6,21.7
2022-04-04,สุราษฎร์ธานี,9.14,99.33,23.5,25.4,22.0,50.7,14.8
2022-04-05,สุราษฎร์ธานี,9.14,99.33,24.1,27.1,22.8,26.0,16.4
2022-04-06,สุราษฎร์ธานี,9.14,99.33,25.0,30.0,22.5,14.5,14.2
2022-04-07,สุราษฎร์ธานี,9.14,99.33,25.8,30.9,22.2,3.8,14.8
2022-04-08,สุราษฎร์ธานี,9.14,99.33,25.5,29.3,23.2,8.2,9.3
2022-04-09,สุราษฎร์ธานี,9.14,99.33,26.6,30.5,23.2,0.3,10.6
2022-04-10,สุราษฎร์ธานี,9.14,99.33,26.8,31.5,22.6,0.0,9.4
2022-04-11,สุราษฎร์ธานี,9.14,99.33,27.0,31.9,23.0,0.2,10.5
2022-04-12,สุราษฎร์ธานี,9.14,99.33,27.2,32.2,23.2,2.6,11.7
2022-04-13,สุราษฎร์ธานี,9.14,99.33,27.2,32.7,23.3,3.0,16.0
2022-04-14,สุราษฎร์ธานี,9.14,99.33,27.7,32.6,24.2,4.0,13.0
2022-04-15,สุราษฎร์ธานี,9.14,99.33,28.4,33.6,23.5,0.0,7.7
2022-04-16,สุราษฎร์ธานี,9.14,99.33,27.3,32.8,23.4,2.6,10.8
2022-04-17,สุราษฎร์ธานี,9.14,99.33,27.5,32.4,23.7,2.8,11.8
2022-04-18,สุราษฎร์ธานี,9.14,99.33,26.8,32.6,23.8,3.9,10.2
2022-04-19,สุราษฎร์ธานี,9.14,99.33,26.8,31.5,23.7,4.6,13.4
2022-04-20,สุราษฎร์ธานี,9.14,99.33,26.3,31.7,23.7,18.0,12.4
2022-04-21,สุราษฎร์ธานี,9.14,99.33,26.9,31.7,24.0,5.6,11.9
2022-04-22,สุราษฎร์ธานี,9.14,99.33,27.0,31.3,23.4,3.8,12.7
2022-04-23,สุราษฎร์ธานี,9.14,99.33,27.7,32.8,23.3,1.9,13.3
2022-04-24,สุราษฎร์ธานี,9.14,99.33,27.7,32.2,23.6,3.4,15.2
2022-04-25,สุราษฎร์ธานี,9.14,99.33,28.0,32.2,24.2,1.5,13.7
2022-04-26,สุราษฎร์ธานี,9.14,99.33,27.1,32.6,23.8,8.5,13.3
2022-04-27,สุราษฎร์ธานี,9.14,99.33,27.9,32.4,23.2,0.0,11.6
2022-04-28,สุราษฎร์ธานี,9.14,99.33,28.9,35.0,24.8,2.2,10.4
2022-04-29,สุราษฎร์ธานี,9.14,99.33,27.7,31.2,24.7,21.1,9.0
2022-04-30,สุราษฎร์ธานี,9.14,99.33,27.4,33.6,24.0,5.5,9.3
2022-05-01,สุราษฎร์ธานี,9.14,99.33,27.3,33.5,24.2,7.1,14.1
2022-05-02,สุราษฎร์ธานี,9.14,99.33,26.4,32.2,24.3,12.8,10.2
2022-05-03,สุราษฎร์ธานี,9.14,99.33,25.2,29.0,23.6,34.4,10.6
2022-05-04,สุราษฎร์ธานี,9.14,99.33,25.7,28.1,24.0,12.9,8.0
2022-05-05,สุราษฎร์ธานี,9.14,99.33,25.6,30.5,23.6,23.7,11.2
2022-05-06,สุราษฎร์ธานี,9.14,99.33,26.2,31.0,23.0,8.8,14.5
2022-05-07,สุราษฎร์ธานี,9.14,99.33,26.5,30.9,23.4,4.1,15.3
2022-05-08,สุราษฎร์ธานี,9.14,99.33,26.4,32.2,24.0,19.1,9.8
2022-05-09,สุราษฎร์ธานี,9.14,99.33,25.7,28.8,24.1,19.1,11.9
2022-05-10,สุราษฎร์ธานี,9.14,99.33,26.4,30.9,23.9,11.2,7.9
2022-05-11,สุราษฎร์ธานี,9.14,99.33,26.3,31.7,23.2,5.5,18.6
2022-05-12,สุราษฎร์ธานี,9.14,99.33,26.1,31.1,23.9,13.9,19.0
2022-05-13,สุราษฎร์ธานี,9.14,99.33,26.9,31.1,24.3,5.3,12.8
2022-05-14,สุราษฎร์ธานี,9.14,99.33,27.2,32.1,24.5,5.9,10.7
2022-05-15,สุราษฎร์ธานี,9.14,99.33,26.9,31.7,24.5,9.9,15.9
2022-05-16,สุราษฎร์ธานี,9.14,99.33,27.0,30.6,24.3,4.9,14.0
2022-05-17,สุราษฎร์ธานี,9.14,99.33,27.0,31.9,24.5,8.3,12.3
2022-05-18,สุราษฎร์ธานี,9.14,99.33,26.3,31.6,24.2,11.3,10.3
2022-05-19,สุราษฎร์ธานี,9.14,99.33,26.6,31.5,24.2,7.7,13.4
2022-05-20,สุราษฎร์ธานี,9.14,99.33,27.2,31.2,24.3,0.8,16.9
2022-05-21,สุราษฎร์ธานี,9.14,99.33,26.8,29.1,24.9,0.3,19.1
2022-05-22,สุราษฎร์ธานี,9.14,99.33,27.7,31.7,25.1,0.5,22.8
2022-05-23,สุราษฎร์ธานี,9.14,99.33,27.7,31.1,25.0,0.3,17.0
2022-05-24,สุราษฎร์ธานี,9.14,99.33,28.2,32.8,24.9,0.2,17.4
2022-05-25,สุราษฎร์ธานี,9.14,99.33,27.3,31.2,24.2,3.9,14.6
2022-05-26,สุราษฎร์ธานี,9.14,99.33,28.3,33.2,24.5,0.1,17.1
2022-05-27,สุราษฎร์ธานี,9.14,99.33,28.2,32.5,24.7,0.3,21.4
2022-05-28,สุราษฎร์ธานี,9.14,99.33,26.3,28.8,24.4,6.6,19.9
2022-05-29,สุราษฎร์ธานี,9.14,99.33,25.7,30.4,23.5,12.4,18.2
2022-05-30,สุราษฎร์ธานี,9.14,99.33,25.6,30.1,23.3,10.5,16.0
2022-05-31,สุราษฎร์ธานี,9.14,99.33,26.7,30.8,23.5,4.7,16.6
2022-06-01,สุราษฎร์ธานี,9.14,99.33,26.1,30.0,23.8,23.7,14.0
2022-06-02,สุราษฎร์ธานี,9.14,99.33,27.1,31.3,23.8,0.9,16.0
2022-06-03,สุราษฎร์ธานี,9.14,99.33,26.4,30.9,24.1,9.3,16.8
2022-06-04,สุราษฎร์ธานี,9.14,99.33,26.7,31.3,23.8,11.3,13.8
2022-06-05,สุราษฎร์ธานี,9.14,99.33,26.1,30.9,23.9,12.6,17.3
2022-06-06,สุราษฎร์ธานี,9.14,99.33,26.2,31.6,23.5,12.8,17.3
2022-06-07,สุราษฎร์ธานี,9.14,99.33,25.8,31.1,23.9,15.0,14.5
2022-06-08,สุราษฎร์ธานี,9.14,99.33,26.3,31.2,22.9,6.9,9.7
2022-06-09,สุราษฎร์ธานี,9.14,99.33,26.7,31.8,23.6,1.4,12.9
2022-06-10,สุราษฎร์ธานี,9.14,99.33,26.3,31.2,23.6,6.7,13.0
2022-06-11,สุราษฎร์ธานี,9.14,99.33,25.8,31.0,23.1,8.9,12.2
2022-06-12,สุราษฎร์ธานี,9.14,99.33,26.0,31.8,23.1,6.1,15.0
2022-06-13,สุราษฎร์ธานี,9.14,99.33,27.3,32.2,23.5,5.4,9.3
2022-06-14,สุราษฎร์ธานี,9.14,99.33,25.9,31.6,23.0,11.8,14.9
2022-06-15,สุราษฎร์ธานี,9.14,99.33,26.0,31.4,23.5,6.4,8.3
2022-06-16,สุราษฎร์ธานี,9.14,99.33,26.8,31.5,23.2,1.4,11.9
2022-06-17,สุราษฎร์ธานี,9.14,99.33,26.4,31.5,24.3,8.4,8.6
2022-06-18,สุราษฎร์ธานี,9.14,99.33,26.0,31.3,23.0,22.0,10.4
2022-06-19,สุราษฎร์ธานี,9.14,99.33,26.3,31.1,23.6,9.6,13.2
2022-06-20,สุราษฎร์ธานี,9.14,99.33,26.2,31.7,23.7,12.6,14.7
2022-06-21,สุราษฎร์ธานี,9.14,99.33,26.2,31.4,23.3,11.3,14.0
2022-06-22,สุราษฎร์ธานี,9.14,99.33,25.7,30.7,23.8,11.6,12.5
2022-06-23,สุราษฎร์ธานี,9.14,99.33,25.5,29.7,23.1,15.8,14.0
2022-06-24,สุราษฎร์ธานี,9.14,99.33,25.5,29.9,22.9,4.9,14.5
2022-06-25,สุราษฎร์ธานี,9.14,99.33,25.7,30.7,23.1,11.7,12.5
2022-06-26,สุราษฎร์ธานี,9.14,99.33,25.6,30.1,23.0,10.0,17.7
2022-06-27,สุราษฎร์ธานี,9.14,99.33,26.1,31.0,23.1,6.7,12.3
2022-06-28,สุราษฎร์ธานี,9.14,99.33,26.0,31.0,23.5,8.1,12.3
2022-06-29,สุราษฎร์ธานี,9.14,99.33,26.3,30.9,23.4,1.5,14.8
2022-06-30,สุราษฎร์ธานี,9.14,99.33,26.6,30.8,23.9,3.6,18.9
2022-07-01,สุราษฎร์ธานี,9.14,99.33,26.3,30.3,24.0,9.4,18.7
2022-07-02,สุราษฎร์ธานี,9.14,99.33,26.7,30.2,23.7,0.1,19.0
2022-07-03,สุราษฎร์ธานี,9.14,99.33,26.4,31.4,23.7,12.8,14.4
2022-07-04,สุราษฎร์ธานี,9.14,99.33,25.6,28.6,23.9,9.0,28.1
2022-07-05,สุราษฎร์ธานี,9.14,99.33,26.2,29.8,23.9,8.9,17.8
2022-07-06,สุราษฎร์ธานี,9.14,99.33,25.8,29.5,23.8,11.6,14.2
2022-07-07,สุราษฎร์ธานี,9.14,99.33,26.4,31.0,23.8,12.4,14.5
2022-07-08,สุราษฎร์ธานี,9.14,99.33,26.1,30.1,23.8,3.9,21.3
2022-07-09,สุราษฎร์ธานี,9.14,99.33,25.6,28.5,23.9,10.7,17.2
2022-07-10,สุราษฎร์ธานี,9.14,99.33,26.3,29.6,23.9,1.9,17.8
2022-07-11,สุราษฎร์ธานี,9.14,99.33,25.5,28.4,23.3,12.3,18.7
2022-07-12,สุราษฎร์ธานี,9.14,99.33,24.4,26.8,22.9,15.5,18.9
2022-07-13,สุราษฎร์ธานี,9.14,99.33,25.6,29.6,22.9,9.6,18.2
2022-07-14,สุราษฎร์ธานี,9.14,99.33,26.4,30.3,23.8,2.3,17.9
2022-07-15,สุราษฎร์ธานี,9.14,99.33,26.0,29.9,24.0,7.2,17.7
2022-07-16,สุราษฎร์ธานี,9.14,99.33,25.5,29.0,23.5,17.9,15.6
2022-07-17,สุราษฎร์ธานี,9.14,99.33,25.9,29.7,23.6,6.6,12.9
2022-07-18,สุราษฎร์ธานี,9.14,99.33,27.1,32.2,23.3,2.9,11.2
2022-07-19,สุราษฎร์ธานี,9.14,99.33,27.2,30.9,24.2,1.9,13.2
2022-07-20,สุราษฎร์ธานี,9.14,99.33,25.9,29.5,24.4,27.5,15.6
2022-07-21,สุราษฎร์ธานี,9.14,99.33,25.6,29.4,23.9,3.7,13.1
2022-07-22,สุราษฎร์ธานี,9.14,99.33,25.6,30.4,23.5,23.5,14.5
2022-07-23,สุราษฎร์ธานี,9.14,99.33,25.9,31.2,23.5,9.6,12.6
2022-07-24,สุราษฎร์ธานี,9.14,99.33,25.7,31.1,23.3,9.5,9.2
2022-07-25,สุราษฎร์ธานี,9.14,99.33,25.6,30.3,23.2,9.8,11.0
2022-07-26,สุราษฎร์ธานี,9.14,99.33,25.6,30.0,23.1,17.8,11.8
2022-07-27,สุราษฎร์ธานี,9.14,99.33,25.7,30.6,23.2,20.6,10.7
2022-07-28,สุราษฎร์ธานี,9.14,99.33,25.9,30.6,23.1,12.3,8.6
2022-07-29,สุราษฎร์ธานี,9.14,99.33,26.3,31.5,24.0,7.9,17.0
2022-07-30,สุราษฎร์ธานี,9.14,99.33,26.4,31.4,23.6,13.9,13.6
2022-07-31,สุราษฎร์ธานี,9.14,99.33,26.5,30.7,23.8,7.9,16.2
2022-08-01,สุราษฎร์ธานี,9.14,99.33,25.7,28.9,24.1,14.8,16.9
2022-08-02,สุราษฎร์ธานี,9.14,99.33,25.3,28.9,24.0,24.1,15.9
2022-08-03,สุราษฎร์ธานี,9.14,99.33,25.7,29.7,23.7,7.6,15.0
2022-08-04,สุราษฎร์ธานี,9.14,99.33,25.2,27.4,23.7,4.4,12.2
2022-08-05,สุราษฎร์ธานี,9.14,99.33,26.9,30.8,24.4,0.4,17.6
2022-08-06,สุราษฎร์ธานี,9.14,99.33,26.5,29.7,24.3,6.1,21.8
2022-08-07,สุราษฎร์ธานี,9.14,99.33,26.6,29.8,23.9,0.0,14.9
2022-08-08,สุราษฎร์ธานี,9.14,99.33,26.1,29.6,23.8,0.4,11.9
2022-08-09,สุราษฎร์ธานี,9.14,99.33,26.9,31.2,24.1,1.2,14.5
2022-08-10,สุราษฎร์ธานี,9.14,99.33,27.6,32.0,24.2,0.2,18.5
2022-08-11,สุราษฎร์ธานี,9.14,99.33,27.2,31.2,24.1,0.5,18.0
2022-08-12,สุราษฎร์ธานี,9.14,99.33,27.5,32.5,23.2,0.3,19.2
2022-08-13,สุราษฎร์ธานี,9.14,99.33,26.9,32.4,22.6,2.0,13.2
2022-08-14,สุราษฎร์ธานี,9.14,99.33,27.4,31.6,23.1,1.9,8.2
2022-08-15,สุราษฎร์ธานี,9.14,99.33,26.9,31.4,23.1,2.8,14.3
2022-08-16,สุราษฎร์ธานี,9.14,99.33,26.6,30.7,23.4,1.1,18.4
2022-08-17,สุราษฎร์ธานี,9.14,99.33,26.8,32.1,23.7,2.4,16.2
2022-08-18,สุราษฎร์ธานี,9.14,99.33,26.7,31.9,23.4,10.4,14.7
2022-08-19,สุราษฎร์ธานี,9.14,99.33,26.8,32.0,23.8,6.8,14.5
2022-08-20,สุราษฎร์ธานี,9.14,99.33,26.8,30.8,24.2,1.1,15.5
2022-08-21,สุราษฎร์ธานี,9.14,99.33,26.9,31.9,24.2,5.5,17.6
2022-08-22,สุราษฎร์ธานี,9.14,99.33,26.2,30.5,23.4,17.4,17.4
2022-08-23,สุราษฎร์ธานี,9.14,99.33,26.3,31.5,23.6,0.6,15.2
2022-08-24,สุราษฎร์ธานี,9.14,99.33,26.5,31.3,23.6,8.3,14.4
2022-08-25,สุราษฎร์ธานี,9.14,99.33,26.3,31.3,23.9,2.9,17.3
2022-08-26,สุราษฎร์ธานี,9.14,99.33,25.6,28.9,23.2,1.7,23.5
2022-08-27,สุราษฎร์ธานี,9.14,99.33,26.2,31.0,23.7,6.2,13.8
2022-08-28,สุราษฎร์ธานี,9.14,99.33,26.0,31.1,23.3,15.2,20.7
2022-08-29,สุราษฎร์ธานี,9.14,99.33,25.1,29.7,23.3,12.4,11.0
2022-08-30,สุราษฎร์ธานี,9.14,99.33,25.6,30.5,22.5,11.6,9.9
2022-08-31,สุราษฎร์ธานี,9.14,99.33,26.3,30.2,23.5,4.5,8.7
2022-09-01,สุราษฎร์ธานี,9.14,99.33,26.1,31.0,23.3,17.3,8.9
2022-09-02,สุราษฎร์ธานี,9.14,99.33,26.1,30.8,23.0,9.5,15.3
2022-09-03,สุราษฎร์ธานี,9.14,99.33,26.1,31.0,23.8,11.2,18.9
2022-09-04,สุราษฎร์ธานี,9.14,99.33,25.6,30.0,23.6,11.5,24.0
2022-09-05,สุราษฎร์ธานี,9.14,99.33,25.5,29.3,23.6,5.3,13.8
2022-09-06,สุราษฎร์ธานี,9.14,99.33,24.6,26.8,23.3,6.6,13.9
2022-09-07,สุราษฎร์ธานี,9.14,99.33,25.0,29.5,23.3,15.5,22.3
2022-09-08,สุราษฎร์ธานี,9.14,99.33,25.6,29.5,23.2,6.1,14.2
2022-09-09,สุราษฎร์ธานี,9.14,99.33,26.7,30.8,23.6,2.2,13.7
2022-09-10,สุราษฎร์ธานี,9.14,99.33,26.5,31.6,22.8,0.7,14.4
2022-09-11,สุราษฎร์ธานี,9.14,99.33,25.9,29.6,23.6,1.8,11.6
2022-09-12,สุราษฎร์ธานี,9.14,99.33,25.0,30.0,22.6,3.8,11.4
2022-09-13,สุราษฎร์ธานี,9.14,99.33,25.2,30.3,22.7,21.2,10.4
2022-09-14,สุราษฎร์ธานี,9.14,99.33,25.6,29.9,23.1,12.7,17.1
2022-09-15,สุราษฎร์ธานี,9.14,99.33,26.4,31.5,22.2,0.2,16.0
2022-09-16,สุราษฎร์ธานี,9.14,99.33,26.8,31.5,23.1,0.4,15.8
2022-09-17,สุราษฎร์ธานี,9.14,99.33,27.0,31.6,23.3,0.4,15.9
2022-09-18,สุราษฎร์ธานี,9.14,99.33,26.7,31.4,23.3,0.4,16.6
2022-09-19,สุราษฎร์ธานี,9.14,99.33,26.0,30.9,23.0,4.1,18.5
2022-09-20,สุราษฎร์ธานี,9.14,99.33,26.8,31.1,23.7,0.2,11.8
2022-09-21,สุราษฎร์ธานี,9.14,99.33,26.1,31.6,23.2,4.5,10.7
2022-09-22,สุราษฎร์ธานี,9.14,99.33,26.0,30.5,23.7,1.7,15.9
2022-09-23,สุราษฎร์ธานี,9.14,99.33,25.8,31.4,23.3,8.5,15.3
2022-09-24,สุราษฎร์ธานี,9.14,99.33,25.6,30.5,23.2,9.9,21.7
2022-09-25,สุราษฎร์ธานี,9.14,99.33,26.1,30.4,23.4,6.9,16.9
2022-09-26,สุราษฎร์ธานี,9.14,99.33,26.4,31.0,24.0,12.2,13.6
2022-09-27,สุราษฎร์ธานี,9.14,99.33,25.7,28.5,23.5,3.6,13.0
2022-09-28,สุราษฎร์ธานี,9.14,99.33,25.4,29.9,23.5,17.0,18.9
2022-09-29,สุราษฎร์ธานี,9.14,99.33,24.7,28.4,23.0,14.8,20.8
2022-09-30,สุราษฎร์ธานี,9.14,99.33,25.4,29.3,23.7,20.6,20.9
2022-10-01,สุราษฎร์ธานี,9.14,99.33,25.2,28.6,23.3,17.4,16.6
2022-10-02,สุราษฎร์ธานี,9.14,99.33,25.5,30.6,23.1,28.8,10.0
2022-10-03,สุราษฎร์ธานี,9.14,99.33,24.7,27.0,23.2,12.4,9.2
2022-10-04,สุราษฎร์ธานี,9.14,99.33,25.7,29.9,23.0,15.1,10.1
2022-10-05,สุราษฎร์ธานี,9.14,99.33,25.4,30.3,22.9,13.0,10.3
2022-10-06,สุราษฎร์ธานี,9.14,99.33,25.1,27.5,23.1,6.0,9.8
2022-10-07,สุราษฎร์ธานี,9.14,99.33,24.3,29.0,22.7,23.3,10.1
2022-10-08,สุราษฎร์ธานี,9.14,99.33,25.2,28.8,22.4,1.8,7.9
2022-10-09,สุราษฎร์ธานี,9.14,99.33,24.3,27.4,22.9,27.1,9.7
2022-10-10,สุราษฎร์ธานี,9.14,99.33,24.8,28.7,22.5,13.1,9.7
2022-10-11,สุราษฎร์ธานี,9.14,99.33,25.3,29.3,22.4,1.3,12.1
2022-10-12,สุราษฎร์ธานี,9.14,99.33,25.6,29.1,22.1,0.2,12.1
2022-10-13,สุราษฎร์ธานี,9.14,99.33,25.5,29.2,23.1,19.4,11.9
2022-10-14,สุราษฎร์ธานี,9.14,99.33,25.3,30.2,22.3,2.0,17.8
2022-10-15,สุราษฎร์ธานี,9.14,99.33,25.1,29.8,22.6,17.3,14.8
2022-10-16,สุราษฎร์ธานี,9.14,99.33,24.4,27.2,22.2,19.2,9.4
2022-10-17,สุราษฎร์ธานี,9.14,99.33,23.8,25.7,22.5,22.4,12.7
2022-10-18,สุราษฎร์ธานี,9.14,99.33,24.5,28.2,22.6,17.7,14.3
2022-10-19,สุราษฎร์ธานี,9.14,99.33,24.3,27.6,22.5,21.4,13.8
2022-10-20,สุราษฎร์ธานี,9.14,99.33,24.6,29.3,22.8,28.1,14.0
2022-10-21,สุราษฎร์ธานี,9.14,99.33,25.0,29.7,22.3,16.6,11.9
2022-10-22,สุราษฎร์ธานี,9.14,99.33,24.9,27.5,22.5,6.4,6.3
2022-10-23,สุราษฎร์ธานี,9.14,99.33,25.8,29.9,23.1,2.8,9.2
2022-10-24,สุราษฎร์ธานี,9.14,99.33,25.6,30.3,22.6,7.7,13.0
2022-10-25,สุราษฎร์ธานี,9.14,99.33,26.1,30.3,22.8,0.6,11.4
2022-10-26,สุราษฎร์ธานี,9.14,99.33,26.4,30.6,23.0,0.4,11.9
2022-10-27,สุราษฎร์ธานี,9.14,99.33,25.6,27.9,23.3,3.5,15.0
2022-10-28,สุราษฎร์ธานี,9.14,99.33,25.4,28.5,23.8,17.0,10.6
2022-10-29,สุราษฎร์ธานี,9.14,99.33,25.5,29.0,22.8,5.5,12.3
2022-10-30,สุราษฎร์ธานี,9.14,99.33,26.4,30.1,22.7,0.2,16.3
2022-10-31,สุราษฎร์ธานี,9.14,99.33,25.6,29.0,23.1,2.4,14.2
2022-11-01,สุราษฎร์ธานี,9.14,99.33,26.0,30.2,22.1,0.5,19.2
2022-11-02,สุราษฎร์ธานี,9.14,99.33,26.1,30.0,22.8,0.1,18.0
2022-11-03,สุราษฎร์ธานี,9.14,99.33,25.3,29.1,20.6,0.0,14.7
2022-11-04,สุราษฎร์ธานี,9.14,99.33,25.4,28.4,22.9,0.8,17.7
2022-11-05,สุราษฎร์ธานี,9.14,99.33,23.8,24.4,23.1,20.0,10.5
2022-11-06,สุราษฎร์ธานี,9.14,99.33,24.3,28.2,22.4,28.1,12.4
2022-11-07,สุราษฎร์ธานี,9.14,99.33,24.5,27.2,22.0,10.6,9.2
2022-11-08,สุราษฎร์ธานี,9.14,99.33,25.3,29.4,22.4,11.0,14.4
2022-11-09,สุราษฎร์ธานี,9.14,99.33,26.2,29.4,22.4,0.9,15.8
2022-11-10,สุราษฎร์ธานี,9.14,99.33,26.1,29.8,22.8,0.5,18.1
2022-11-11,สุราษฎร์ธานี,9.14,99.33,25.2,28.9,23.4,12.0,14.7
2022-11-12,สุราษฎร์ธานี,9.14,99.33,25.8,29.4,23.4,2.3,15.4
2022-11-13,สุราษฎร์ธานี,9.14,99.33,25.5,29.8,22.2,15.1,13.8
2022-11-14,สุราษฎร์ธานี,9.14,99.33,24.8,27.6,22.4,22.2,12.8
2022-11-15,สุราษฎร์ธานี,9.14,99.33,25.0,27.9,23.4,16.6,11.6
2022-11-16,สุราษฎร์ธานี,9.14,99.33,24.8,27.5,22.8,18.6,11.1
2022-11-17,สุราษฎร์ธานี,9.14,99.33,25.4,29.7,23.5,22.4,9.1
2022-11-18,สุราษฎร์ธานี,9.14,99.33,25.0,28.9,23.2,11.6,9.7
2022-11-19,สุราษฎร์ธานี,9.14,99.33,25.7,29.6,22.8,2.6,11.5
2022-11-20,สุราษฎร์ธานี,9.14,99.33,24.5,27.4,22.6,5.9,10.0
2022-11-21,สุราษฎร์ธานี,9.14,99.33,24.4,27.1,22.7,19.6,10.9
2022-11-22,สุราษฎร์ธานี,9.14,99.33,24.4,26.8,22.7,33.7,9.7
2022-11-23,สุราษฎร์ธานี,9.14,99.33,25.1,29.7,23.1,13.1,11.3
2022-11-24,สุราษฎร์ธานี,9.14,99.33,24.7,29.5,22.7,9.5,12.1
2022-11-25,สุราษฎร์ธานี,9.14,99.33,25.3,30.0,22.7,7.0,9.9
2022-11-26,สุราษฎร์ธานี,9.14,99.33,25.0,30.0,22.7,7.5,14.7
2022-11-27,สุราษฎร์ธานี,9.14,99.33,25.6,30.0,22.2,12.2,6.8
2022-11-28,สุราษฎร์ธานี,9.14,99.33,25.8,29.7,22.9,3.9,9.7
2022-11-29,สุราษฎร์ธานี,9.14,99.33,26.1,29.8,23.0,2.6,13.5
2022-11-30,สุราษฎร์ธานี,9.14,99.33,26.0,29.8,23.2,5.4,15.4
2022-12-01,สุราษฎร์ธานี,9.14,99.33,25.6,29.0,22.7,5.7,12.0
2022-12-02,สุราษฎร์ธานี,9.14,99.33,25.4,29.1,22.9,2.1,13.4
2022-12-03,สุราษฎร์ธานี,9.14,99.33,24.1,27.4,22.4,12.3,17.9
2022-12-04,สุราษฎร์ธานี,9.14,99.33,23.5,25.6,22.4,59.4,16.7
2022-12-05,สุราษฎร์ธานี,9.14,99.33,24.9,27.6,23.2,15.9,18.8
2022-12-06,สุราษฎร์ธานี,9.14,99.33,25.4,28.8,23.0,1.4,17.9
2022-12-07,สุราษฎร์ธานี,9.14,99.33,25.9,29.5,22.6,1.2,15.5
2022-12-08,สุราษฎร์ธานี,9.14,99.33,24.4,25.7,23.3,16.8,12.6
2022-12-09,สุราษฎร์ธานี,9.14,99.33,24.4,26.8,22.8,5.5,14.5
2022-12-10,สุราษฎร์ธานี,9.14,99.33,24.9,27.4,22.0,4.5,12.1
2022-12-11,สุราษฎร์ธานี,9.14,99.33,25.4,28.8,22.7,6.7,14.8
2022-12-12,สุราษฎร์ธานี,9.14,99.33,24.7,28.2,22.1,10.1,16.8
2022-12-13,สุราษฎร์ธานี,9.14,99.33,25.1,28.1,22.7,2.4,24.7
2022-12-14,สุราษฎร์ธานี,9.14,99.33,25.3,27.8,22.9,1.4,20.9
2022-12-15,สุราษฎร์ธานี,9.14,99.33,25.2,27.8,23.0,1.0,18.7
2022-12-16,สุราษฎร์ธานี,9.14,99.33,26.0,29.0,23.8,1.6,20.2
2022-12-17,สุราษฎร์ธานี,9.14,99.33,25.2,28.6,23.2,5.1,19.8
2022-12-18,สุราษฎร์ธานี,9.14,99.33,23.8,25.2,21.8,9.7,29.0
2022-12-19,สุราษฎร์ธานี,9.14,99.33,24.9,26.8,23.4,5.7,25.7
2022-12-20,สุราษฎร์ธานี,9.14,99.33,25.1,27.5,23.1,2.8,21.1
2022-12-21,สุราษฎร์ธานี,9.14,99.33,25.2,28.4,22.6,1.0,21.2
2022-12-22,สุราษฎร์ธานี,9.14,99.33,25.0,28.4,21.4,0.8,12.9
2022-12-23,สุราษฎร์ธานี,9.14,99.33,25.5,29.6,22.4,0.3,16.6
2022-12-24,สุราษฎร์ธานี,9.14,99.33,24.9,28.7,21.8,0.5,20.7
2022-12-25,สุราษฎร์ธานี,9.14,99.33,24.8,28.9,21.3,0.0,20.2
2022-12-26,สุราษฎร์ธานี,9.14,99.33,24.3,28.8,20.0,0.0,16.8
2022-12-27,สุราษฎร์ธานี,9.14,99.33,24.2,28.8,20.9,0.0,14.8
2022-12-28,สุราษฎร์ธานี,9.14,99.33,23.8,28.7,19.4,0.0,15.1
2022-12-29,สุราษฎร์ธานี,9.14,99.33,23.9,28.2,19.2,0.8,15.5
2022-12-30,สุราษฎร์ธานี,9.14,99.33,23.8,28.3,18.5,0.0,15.0
2022-12-31,สุราษฎร์ธานี,9.14,99.33,23.8,27.9,19.7,1.2,16.6
2023-01-01,สุราษฎร์ธานี,9.14,99.33,24.3,28.0,20.9,1.7,20.9
2023-01-02,สุราษฎร์ธานี,9.14,99.33,24.8,28.2,21.1,0.8,19.1
2023-01-03,สุราษฎร์ธานี,9.14,99.33,25.0,28.8,21.6,2.7,17.8
2023-01-04,สุราษฎร์ธานี,9.14,99.33,25.2,28.5,21.8,2.3,20.0
2023-01-05,สุราษฎร์ธานี,9.14,99.33,25.7,29.1,23.0,0.1,21.5
2023-01-06,สุราษฎร์ธานี,9.14,99.33,24.7,28.6,21.8,6.3,19.5
2023-01-07,สุราษฎร์ธานี,9.14,99.33,24.4,26.9,22.7,2.7,22.6
2023-01-08,สุราษฎร์ธานี,9.14,99.33,24.8,27.8,21.6,0.5,19.5
2023-01-09,สุราษฎร์ธานี,9.14,99.33,24.5,27.9,22.1,6.5,18.4
2023-01-10,สุราษฎร์ธานี,9.14,99.33,25.0,28.6,22.3,1.4,15.3
2023-01-11,สุราษฎร์ธานี,9.14,99.33,25.0,28.8,22.1,3.2,7.1
2023-01-12,สุราษฎร์ธานี,9.14,99.33,25.6,29.6,22.0,0.6,12.1
2023-01-13,สุราษฎร์ธานี,9.14,99.33,25.8,29.8,22.5,0.3,7.9
2023-01-14,สุราษฎร์ธานี,9.14,99.33,26.1,30.3,22.1,0.0,11.2
2023-01-15,สุราษฎร์ธานี,9.14,99.33,25.8,30.2,22.0,0.3,9.6
2023-01-16,สุราษฎร์ธานี,9.14,99.33,25.0,29.7,21.4,0.0,10.5
2023-01-17,สุราษฎร์ธานี,9.14,99.33,24.6,30.1,19.2,0.0,15.3
2023-01-18,สุราษฎร์ธานี,9.14,99.33,25.2,29.4,21.1,1.9,18.3
2023-01-19,สุราษฎร์ธานี,9.14,99.33,25.9,30.2,22.1,0.0,20.6
2023-01-20,สุราษฎร์ธานี,9.14,99.33,25.5,28.9,22.2,1.5,24.9
2023-01-21,สุราษฎร์ธานี,9.14,99.33,26.3,30.1,22.8,0.8,23.9
2023-01-22,สุราษฎร์ธานี,9.14,99.33,26.1,29.6,22.2,1.0,19.5
2023-01-23,สุราษฎร์ธานี,9.14,99.33,26.2,30.0,22.8,1.8,16.6
2023-01-24,สุราษฎร์ธานี,9.14,99.33,25.7,30.4,22.9,3.6,18.1
2023-01-25,สุราษฎร์ธานี,9.14,99.33,23.6,26.6,21.8,35.8,17.0
2023-01-26,สุราษฎร์ธานี,9.14,99.33,24.9,28.0,22.1,5.2,16.2
2023-01-27,สุราษฎร์ธานี,9.14,99.33,24.9,28.1,22.3,2.5,15.2
2023-01-28,สุราษฎร์ธานี,9.14,99.33,24.6,27.2,22.0,0.9,19.2
2023-01-29,สุราษฎร์ธานี,9.14,99.33,25.5,28.7,22.9,0.4,25.4
2023-01-30,สุราษฎร์ธานี,9.14,99.33,24.9,26.2,24.0,0.5,23.7
2023-01-31,สุราษฎร์ธานี,9.14,99.33,24.8,26.8,22.8,1.8,19.4
2023-02-01,สุราษฎร์ธานี,9.14,99.33,25.3,29.6,22.1,1.1,12.4
2023-02-02,สุราษฎร์ธานี,9.14,99.33,25.4,30.7,20.5,0.3,14.3
2023-02-03,สุราษฎร์ธานี,9.14,99.33,25.4,27.9,23.2,7.6,14.4
2023-02-04,สุราษฎร์ธานี,9.14,99.33,26.2,30.2,23.4,0.5,19.9
2023-02-05,สุราษฎร์ธานี,9.14,99.33,25.9,31.1,20.8,0.0,18.7
2023-02-06,สุราษฎร์ธานี,9.14,99.33,26.2,31.3,22.6,0.0,13.4
2023-02-07,สุราษฎร์ธานี,9.14,99.33,25.3,31.1,20.3,1.7,12.5
2023-02-08,สุราษฎร์ธานี,9.14,99.33,26.3,30.2,23.3,2.1,16.5
2023-02-09,สุราษฎร์ธานี,9.14,99.33,26.1,31.6,21.9,1.0,15.7
2023-02-10,สุราษฎร์ธานี,9.14,99.33,27.0,32.4,22.8,0.4,14.8
2023-02-11,สุราษฎร์ธานี,9.14,99.33,26.8,32.2,21.6,0.0,14.3
2023-02-12,สุราษฎร์ธานี,9.14,99.33,26.1,30.9,21.6,0.4,16.8
2023-02-13,สุราษฎร์ธานี,9.14,99.33,26.4,32.3,21.6,0.4,11.8
2023-02-14,สุราษฎร์ธานี,9.14,99.33,26.8,31.7,22.4,0.6,14.2
2023-02-15,สุราษฎร์ธานี,9.14,99.33,26.9,33.4,21.9,0.0,17.0
2023-02-16,สุราษฎร์ธานี,9.14,99.33,26.1,30.1,21.7,2.0,23.1
2023-02-17,สุราษฎร์ธานี,9.14,99.33,25.9,30.8,21.8,2.5,19.7
2023-02-18,สุราษฎร์ธานี,9.14,99.33,26.4,31.0,23.0,2.7,17.8
2023-02-19,สุราษฎร์ธานี,9.14,99.33,27.0,32.7,22.4,0.0,17.3
2023-02-20,สุราษฎร์ธานี,9.14,99.33,25.9,30.1,21.9,2.7,14.0
2023-02-21,สุราษฎร์ธานี,9.14,99.33,25.4,30.9,21.9,5.6,15.5
2023-02-22,สุราษฎร์ธานี,9.14,99.33,26.4,32.6,21.4,0.0,17.7
2023-02-23,สุราษฎร์ธานี,9.14,99.33,26.2,31.6,21.5,1.7,19.1
2023-02-24,สุราษฎร์ธานี,9.14,99.33,26.1,31.5,20.8,0.2,15.8
2023-02-25,สุราษฎร์ธานี,9.14,99.33,26.3,32.6,21.7,0.7,24.8
2023-02-26,สุราษฎร์ธานี,9.14,99.33,26.6,30.6,22.8,0.3,27.5
2023-02-27,สุราษฎร์ธานี,9.14,99.33,26.5,32.0,21.6,0.3,26.0
2023-02-28,สุราษฎร์ธานี,9.14,99.33,26.6,30.9,22.6,1.1,23.7
2023-03-01,สุราษฎร์ธานี,9.14,99.33,26.6,31.1,22.6,2.6,21.3
2023-03-02,สุราษฎร์ธานี,9.14,99.33,27.1,32.9,22.2,0.1,20.1
2023-03-03,สุราษฎร์ธานี,9.14,99.33,24.7,29.1,23.0,17.5,18.7
2023-03-04,สุราษฎร์ธานี,9.14,99.33,25.9,31.8,21.4,0.2,20.0
2023-03-05,สุราษฎร์ธานี,9.14,99.33,25.9,31.5,20.7,0.5,18.8
2023-03-06,สุราษฎร์ธานี,9.14,99.33,26.1,32.3,20.6,0.1,19.2
2023-03-07,สุราษฎร์ธานี,9.14,99.33,25.9,32.2,19.8,0.2,15.9
2023-03-08,สุราษฎร์ธานี,9.14,99.33,26.9,32.9,22.1,1.1,18.4
2023-03-09,สุราษฎร์ธานี,9.14,99.33,27.2,33.2,22.3,0.1,19.6
2023-03-10,สุราษฎร์ธานี,9.14,99.33,27.4,33.7,22.7,0.0,17.8
2023-03-11,สุราษฎร์ธานี,9.14,99.33,27.0,34.0,20.8,0.0,15.9
2023-03-12,สุราษฎร์ธานี,9.14,99.33,27.0,34.9,20.4,0.0,15.6
2023-03-13,สุราษฎร์ธานี,9.14,99.33,26.5,32.5,21.5,0.1,20.9
2023-03-14,สุราษฎร์ธานี,9.14,99.33,26.8,33.0,21.8,0.0,19.8
2023-03-15,สุราษฎร์ธานี,9.14,99.33,27.2,33.5,22.1,0.0,15.7
2023-03-16,สุราษฎร์ธานี,9.14,99.33,26.9,34.3,19.8,0.0,18.8
2023-03-17,สุราษฎร์ธานี,9.14,99.33,27.7,34.6,22.2,0.0,17.4
2023-03-18,สุราษฎร์ธานี,9.14,99.33,27.7,34.9,21.7,0.0,18.4
2023-03-19,สุราษฎร์ธานี,9.14,99.33,28.0,35.4,21.7,0.0,17.6
2023-03-20,สุราษฎร์ธานี,9.14,99.33,28.0,33.6,23.1,1.2,19.2
2023-03-21,สุราษฎร์ธานี,9.14,99.33,28.3,34.7,22.7,0.0,17.6
2023-03-22,สุราษฎร์ธานี,9.14,99.33,28.5,35.7,23.0,0.0,18.0
2023-03-23,สุราษฎร์ธานี,9.14,99.33,29.1,34.3,24.2,0.0,16.2
2023-03-24,สุราษฎร์ธานี,9.14,99.33,29.5,35.2,24.0,0.2,12.9
2023-03-25,สุราษฎร์ธานี,9.14,99.33,29.1,34.8,24.3,0.2,14.0
2023-03-26,สุราษฎร์ธานี,9.14,99.33,29.1,35.2,24.1,0.0,15.5
2023-03-27,สุราษฎร์ธานี,9.14,99.33,28.9,35.0,23.6,0.0,17.7
2023-03-28,สุราษฎร์ธานี,9.14,99.33,29.4,36.4,23.7,0.5,18.8
2023-03-29,สุราษฎร์ธานี,9.14,99.33,29.1,35.3,23.9,1.0,17.6
2023-03-30,สุราษฎร์ธานี,9.14,99.33,28.2,34.3,23.0,1.1,16.5
2023-03-31,สุราษฎร์ธานี,9.14,99.33,29.0,35.6,23.5,1.2,15.4
2023-04-01,สุราษฎร์ธานี,9.14,99.33,29.1,34.9,23.6,0.6,17.4
2023-04-02,สุราษฎร์ธานี,9.14,99.33,29.2,34.5,24.5,2.3,13.0
2023-04-03,สุราษฎร์ธานี,9.14,99.33,29.1,35.6,23.7,0.1,16.3
2023-04-04,สุราษฎร์ธานี,9.14,99.33,29.9,36.6,24.6,0.5,13.8
2023-04-05,สุราษฎร์ธานี,9.14,99.33,29.6,36.8,24.1,1.2,12.3
2023-04-06,สุราษฎร์ธานี,9.14,99.33,29.0,34.4,24.3,0.5,16.3
2023-04-07,สุราษฎร์ธานี,9.14,99.33,29.6,34.7,24.7,0.3,12.3
2023-04-08,สุราษฎร์ธานี,9.14,99.33,30.1,36.4,24.9,0.0,20.2
2023-04-09,สุราษฎร์ธานี,9.14,99.33,29.9,37.1,23.4,0.0,16.3
2023-04-10,สุราษฎร์ธานี,9.14,99.33,29.4,35.5,23.7,0.5,15.9
2023-04-11,สุราษฎร์ธานี,9.14,99.33,29.9,35.7,25.0,0.0,14.2
2023-04-12,สุราษฎร์ธานี,9.14,99.33,29.2,36.6,25.0,3.7,16.8
2023-04-13,สุราษฎร์ธานี,9.14,99.33,29.7,36.5,25.6,6.5,12.1
2023-04-14,สุราษฎร์ธานี,9.14,99.33,29.8,36.4,25.7,2.6,13.8
2023-04-15,สุราษฎร์ธานี,9.14,99.33,29.6,36.4,25.5,5.0,12.2
2023-04-16,สุราษฎร์ธานี,9.14,99.33,29.2,35.0,24.9,0.0,12.3
2023-04-17,สุราษฎร์ธานี,9.14,99.33,29.8,35.7,25.7,2.6,9.6
2023-04-18,สุราษฎร์ธานี,9.14,99.33,29.6,35.9,25.4,7.7,13.2
2023-04-19,สุราษฎร์ธานี,9.14,99.33,29.3,35.6,25.0,2.1,10.3
2023-04-20,สุราษฎร์ธานี,9.14,99.33,29.9,36.5,25.8,1.3,22.4
2023-04-21,สุราษฎร์ธานี,9.14,99.33,29.4,35.8,25.9,2.3,16.0
2023-04-22,สุราษฎร์ธานี,9.14,99.33,27.8,33.8,24.7,1.2,17.5
2023-04-23,สุราษฎร์ธานี,9.14,99.33,28.1,32.6,24.8,5.7,10.2
2023-04-24,สุราษฎร์ธานี,9.14,99.33,28.6,33.1,24.0,0.2,16.1
2023-04-25,สุราษฎร์ธานี,9.14,99.33,28.7,34.2,23.3,1.5,15.5
2023-04-26,สุราษฎร์ธานี,9.14,99.33,29.3,35.1,24.4,0.1,18.5
2023-04-27,สุราษฎร์ธานี,9.14,99.33,29.6,35.0,24.7,0.3,16.3
2023-04-28,สุราษฎร์ธานี,9.14,99.33,29.2,33.8,24.0,1.6,16.1
2023-04-29,สุราษฎร์ธานี,9.14,99.33,28.1,34.0,24.7,2.5,12.9
2023-04-30,สุราษฎร์ธานี,9.14,99.33,28.1,34.2,23.4,5.2,12.8
2023-05-01,สุราษฎร์ธานี,9.14,99.33,29.2,34.9,24.6,0.0,17.9
2023-05-02,สุราษฎร์ธานี,9.14,99.33,29.3,34.4,25.6,5.3,14.8
2023-05-03,สุราษฎร์ธานี,9.14,99.33,29.2,34.8,25.0,2.6,16.6
2023-05-04,สุราษฎร์ธานี,9.14,99.33,28.5,34.9,25.3,14.4,16.6
2023-05-05,สุราษฎร์ธานี,9.14,99.33,29.1,35.3,24.7,2.1,10.2
2023-05-06,สุราษฎร์ธานี,9.14,99.33,29.7,35.7,25.3,1.3,13.1
2023-05-07,สุราษฎร์ธานี,9.14,99.33,29.7,36.8,24.4,2.3,18.0
2023-05-08,สุราษฎร์ธานี,9.14,99.33,29.8,36.9,24.9,6.6,14.0
2023-05-09,สุราษฎร์ธานี,9.14,99.33,27.8,34.7,23.9,12.3,11.1
2023-05-10,สุราษฎร์ธานี,9.14,99.33,27.9,33.0,24.6,0.4,8.4
2023-05-11,สุราษฎร์ธานี,9.14,99.33,29.7,35.8,24.5,0.0,9.0
2023-05-12,สุราษฎร์ธานี,9.14,99.33,29.8,36.2,24.1,0.0,13.7
2023-05-13,สุราษฎร์ธานี,9.14,99.33,31.0,37.3,25.6,0.4,13.5
2023-05-14,สุราษฎร์ธานี,9.14,99.33,30.3,37.1,26.0,1.9,21.1
2023-05-15,สุราษฎร์ธานี,9.14,99.33,29.8,36.3,25.8,1.6,19.5
2023-05-16,สุราษฎร์ธานี,9.14,99.33,28.8,35.5,25.6,6.5,9.4
2023-05-17,สุราษฎร์ธานี,9.14,99.33,27.9,35.4,24.0,25.1,11.3
2023-05-18,สุราษฎร์ธานี,9.14,99.33,28.8,35.2,24.9,5.0,17.1
2023-05-19,สุราษฎร์ธานี,9.14,99.33,28.6,35.0,24.8,1.7,12.7
2023-05-20,สุราษฎร์ธานี,9.14,99.33,28.9,34.7,24.8,1.2,17.4
2023-05-21,สุราษฎร์ธานี,9.14,99.33,27.9,34.9,25.2,18.1,14.5
2023-05-22,สุราษฎร์ธานี,9.14,99.33,27.3,33.5,25.0,13.7,15.7
2023-05-23,สุราษฎร์ธานี,9.14,99.33,27.8,32.4,24.0,5.9,11.5
2023-05-24,สุราษฎร์ธานี,9.14,99.33,27.9,34.5,24.5,5.1,15.1
2023-05-25,สุราษฎร์ธานี,9.14,99.33,28.5,34.2,25.0,3.6,16.1
2023-05-26,สุราษฎร์ธานี,9.14,99.33,27.8,33.4,24.7,3.7,16.1
2023-05-27,สุราษฎร์ธานี,9.14,99.33,28.3,34.5,24.2,1.6,15.0
2023-05-28,สุราษฎร์ธานี,9.14,99.33,27.3,33.4,25.0,11.4,15.3
2023-05-29,สุราษฎร์ธานี,9.14,99.33,26.7,32.6,24.3,5.9,15.4
2023-05-30,สุราษฎร์ธานี,9.14,99.33,26.4,31.9,24.2,13.7,14.9
2023-05-31,สุราษฎร์ธานี,9.14,99.33,26.5,31.9,23.9,9.5,24.2
2023-06-01,สุราษฎร์ธานี,9.14,99.33,26.8,31.3,24.1,5.2,16.9
2023-06-02,สุราษฎร์ธานี,9.14,99.33,27.6,32.5,24.4,3.0,17.0
2023-06-03,สุราษฎร์ธานี,9.14,99.33,27.1,31.5,24.9,15.5,18.5
2023-06-04,สุราษฎร์ธานี,9.14,99.33,27.5,31.0,24.7,1.3,18.2
2023-06-05,สุราษฎร์ธานี,9.14,99.33,27.6,31.3,24.5,1.0,20.5
2023-06-06,สุราษฎร์ธานี,9.14,99.33,27.5,31.6,25.1,1.6,21.4
2023-06-07,สุราษฎร์ธานี,9.14,99.33,26.7,30.0,24.8,2.1,18.5
2023-06-08,สุราษฎร์ธานี,9.14,99.33,26.8,30.4,24.3,1.9,15.3
2023-06-09,สุราษฎร์ธานี,9.14,99.33,27.8,32.2,24.2,1.0,17.1
2023-06-10,สุราษฎร์ธานี,9.14,99.33,26.9,31.1,25.0,6.0,26.0
2023-06-11,สุราษฎร์ธานี,9.14,99.33,27.8,33.1,24.4,0.2,18.7
2023-06-12,สุราษฎร์ธานี,9.14,99.33,27.2,31.0,24.5,4.4,17.8
2023-06-13,สุราษฎร์ธานี,9.14,99.33,28.6,33.5,24.8,0.0,18.3
2023-06-14,สุราษฎร์ธานี,9.14,99.33,28.8,33.7,24.5,1.1,15.0
2023-06-15,สุราษฎร์ธานี,9.14,99.33,28.1,33.4,24.5,1.0,16.3
2023-06-16,สุราษฎร์ธานี,9.14,99.33,28.8,33.9,24.4,0.4,17.3
2023-06-17,สุราษฎร์ธานี,9.14,99.33,28.1,33.6,24.9,6.7,15.3
2023-06-18,สุราษฎร์ธานี,9.14,99.33,25.7,27.7,23.9,5.6,15.9
2023-06-19,สุราษฎร์ธานี,9.14,99.33,26.7,31.9,24.0,13.0,20.2
2023-06-20,สุราษฎร์ธานี,9.14,99.33,28.0,33.2,23.6,0.2,16.2
2023-06-21,สุราษฎร์ธานี,9.14,99.33,28.4,35.1,23.4,0.0,11.7
2023-06-22,สุราษฎร์ธานี,9.14,99.33,28.7,34.3,23.1,0.0,6.8
2023-06-23,สุราษฎร์ธานี,9.14,99.33,29.0,34.5,22.7,0.4,10.4
2023-06-24,สุราษฎร์ธานี,9.14,99.33,29.3,34.9,24.9,0.4,8.2
2023-06-25,สุราษฎร์ธานี,9.14,99.33,27.6,33.4,24.5,4.8,14.8
2023-06-26,สุราษฎร์ธานี,9.14,99.33,28.6,34.8,23.9,0.1,12.4
2023-06-27,สุราษฎร์ธานี,9.14,99.33,27.4,31.9,24.7,7.6,15.0
2023-06-28,สุราษฎร์ธานี,9.14,99.33,27.2,33.7,24.3,2.5,16.6
2023-06-29,สุราษฎร์ธานี,9.14,99.33,27.8,32.8,24.3,1.7,16.7
2023-06-30,สุราษฎร์ธานี,9.14,99.33,27.7,33.7,24.6,3.5,15.5
2023-07-01,สุราษฎร์ธานี,9.14,99.33,26.5,31.0,23.7,5.1,24.1
2023-07-02,สุราษฎร์ธานี,9.14,99.33,28.3,34.0,23.9,0.3,21.7
2023-07-03,สุราษฎร์ธานี,9.14,99.33,28.0,32.3,24.6,0.0,12.8
2023-07-04,สุราษฎร์ธานี,9.14,99.33,28.9,34.5,23.2,0.1,9.6
2023-07-05,สุราษฎร์ธานี,9.14,99.33,29.7,36.9,23.9,0.0,12.7
2023-07-06,สุราษฎร์ธานี,9.14,99.33,28.2,34.1,24.7,4.5,11.6
2023-07-07,สุราษฎร์ธานี,9.14,99.33,28.6,36.0,24.4,5.4,10.7
2023-07-08,สุราษฎร์ธานี,9.14,99.33,26.6,32.9,23.7,16.8,15.2
2023-07-09,สุราษฎร์ธานี,9.14,99.33,25.3,28.0,23.8,6.1,15.6
2023-07-10,สุราษฎร์ธานี,9.14,99.33,26.3,32.0,23.4,9.7,19.6
2023-07-11,สุราษฎร์ธานี,9.14,99.33,26.3,29.9,23.6,13.7,15.5
2023-07-12,สุราษฎร์ธานี,9.14,99.33,27.9,33.6,23.9,1.3,10.4
2023-07-13,สุราษฎร์ธานี,9.14,99.33,28.1,33.3,24.3,1.2,15.9
2023-07-14,สุราษฎร์ธานี,9.14,99.33,28.5,33.3,24.9,1.3,18.0
2023-07-15,สุราษฎร์ธานี,9.14,99.33,27.7,33.4,25.2,3.9,17.8
2023-07-16,สุราษฎร์ธานี,9.14,99.33,28.2,32.6,24.7,0.7,24.9
2023-07-17,สุราษฎร์ธานี,9.14,99.33,26.0,29.0,24.1,6.5,23.3
2023-07-18,สุราษฎร์ธานี,9.14,99.33,25.8,28.8,24.0,4.6,20.9
2023-07-19,สุราษฎร์ธานี,9.14,99.33,26.0,29.6,24.0,3.7,22.2
2023-07-20,สุราษฎร์ธานี,9.14,99.33,27.2,31.5,23.9,0.1,23.7
2023-07-21,สุราษฎร์ธานี,9.14,99.33,26.1,29.7,24.2,27.8,17.0
2023-07-22,สุราษฎร์ธานี,9.14,99.33,25.4,28.3,23.3,10.1,15.1
2023-07-23,สุราษฎร์ธานี,9.14,99.33,25.7,29.9,23.6,12.0,15.0
2023-07-24,สุราษฎร์ธานี,9.14,99.33,26.7,31.1,23.7,3.6,18.9
2023-07-25,สุราษฎร์ธานี,9.14,99.33,26.7,30.9,24.0,0.1,17.1
2023-07-26,สุราษฎร์ธานี,9.14,99.33,25.9,27.8,24.4,10.5,15.1
2023-07-27,สุราษฎร์ธานี,9.14,99.33,26.8,30.4,24.6,3.3,16.7
2023-07-28,สุราษฎร์ธานี,9.14,99.33,27.7,32.0,24.6,1.1,19.6
2023-07-29,สุราษฎร์ธานี,9.14,99.33,28.2,32.3,24.9,0.5,22.7
2023-07-30,สุราษฎร์ธานี,9.14,99.33,27.4,32.0,25.1,2.1,23.6
2023-07-31,สุราษฎร์ธานี,9.14,99.33,27.1,32.0,23.9,6.1,20.5
2023-08-01,สุราษฎร์ธานี,9.14,99.33,26.8,31.1,24.0,5.3,23.0
2023-08-02,สุราษฎร์ธานี,9.14,99.33,27.3,30.5,24.8,1.0,20.6
2023-08-03,สุราษฎร์ธานี,9.14,99.33,28.0,33.3,24.2,0.2,23.8
2023-08-04,สุราษฎร์ธานี,9.14,99.33,28.6,34.3,24.5,0.5,20.7
2023-08-05,สุราษฎร์ธานี,9.14,99.33,28.9,34.4,24.4,0.4,17.6
2023-08-06,สุราษฎร์ธานี,9.14,99.33,28.6,33.8,24.3,1.1,18.3
2023-08-07,สุราษฎร์ธานี,9.14,99.33,28.1,34.3,24.7,1.9,19.8
2023-08-08,สุราษฎร์ธานี,9.14,99.33,27.8,33.3,24.5,1.2,19.1
2023-08-09,สุราษฎร์ธานี,9.14,99.33,27.5,33.0,24.1,5.9,19.2
2023-08-10,สุราษฎร์ธานี,9.14,99.33,27.4,32.2,23.8,6.4,16.8
2023-08-11,สุราษฎร์ธานี,9.14,99.33,27.9,32.9,23.7,1.0,18.3
2023-08-12,สุราษฎร์ธานี,9.14,99.33,27.5,31.8,24.0,7.8,18.2
2023-08-13,สุราษฎร์ธานี,9.14,99.33,27.2,33.8,24.5,2.9,17.6
2023-08-14,สุราษฎร์ธานี,9.14,99.33,26.2,32.2,24.2,11.1,19.1
2023-08-15,สุราษฎร์ธานี,9.14,99.33,25.6,29.8,23.6,5.8,20.5
2023-08-16,สุราษฎร์ธานี,9.14,99.33,25.7,29.1,23.5,3.8,16.3
2023-08-17,สุราษฎร์ธานี,9.14,99.33,27.6,33.3,23.5,0.2,17.9
2023-08-18,สุราษฎร์ธานี,9.14,99.33,28.3,34.0,24.1,0.5,18.9
2023-08-19,สุราษฎร์ธานี,9.14,99.33,27.7,33.7,24.2,2.3,10.9
2023-08-20,สุราษฎร์ธานี,9.14,99.33,27.3,32.5,24.3,11.6,12.3
2023-08-21,สุราษฎร์ธานี,9.14,99.33,26.8,32.7,24.2,9.9,15.6
2023-08-22,สุราษฎร์ธานี,9.14,99.33,27.8,34.1,23.6,0.4,16.9
2023-08-23,สุราษฎร์ธานี,9.14,99.33,28.7,34.8,23.8,0.1,19.0
2023-08-24,สุราษฎร์ธานี,9.14,99.33,28.4,34.2,23.8,1.0,15.2
2023-08-25,สุราษฎร์ธานี,9.14,99.33,28.6,35.2,23.8,15.3,13.8
2023-08-26,สุราษฎร์ธานี,9.14,99.33,28.3,35.6,24.1,1.8,19.2
2023-08-27,สุราษฎร์ธานี,9.14,99.33,29.3,36.3,23.9,0.1,12.7
2023-08-28,สุราษฎร์ธานี,9.14,99.33,29.4,34.3,25.3,1.3,19.1
2023-08-29,สุราษฎร์ธานี,9.14,99.33,29.1,34.9,25.1,2.1,22.4
2023-08-30,สุราษฎร์ธานี,9.14,99.33,28.6,34.6,24.6,0.8,18.8
2023-08-31,สุราษฎร์ธานี,9.14,99.33,27.9,34.0,25.3,20.2,20.2
2023-09-01,สุราษฎร์ธานี,9.14,99.33,26.7,32.1,24.4,29.0,17.7
2023-09-02,สุราษฎร์ธานี,9.14,99.33,26.2,31.1,23.9,11.7,19.3
2023-09-03,สุราษฎร์ธานี,9.14,99.33,25.6,28.8,23.8,22.2,17.4
2023-09-04,สุราษฎร์ธานี,9.14,99.33,25.2,28.7,23.7,30.6,18.1
2023-09-05,สุราษฎร์ธานี,9.14,99.33,26.5,29.7,23.8,1.7,20.9
2023-09-06,สุราษฎร์ธานี,9.14,99.33,26.9,31.3,23.7,3.5,12.8
2023-09-07,สุราษฎร์ธานี,9.14,99.33,26.7,30.7,24.2,2.4,11.9
2023-09-08,สุราษฎร์ธานี,9.14,99.33,26.6,31.4,24.1,5.9,8.7
2023-09-09,สุราษฎร์ธานี,9.14,99.33,26.7,31.6,24.2,3.0,15.1
2023-09-10,สุราษฎร์ธานี,9.14,99.33,26.2,30.9,24.2,3.1,20.1
2023-09-11,สุราษฎร์ธานี,9.14,99.33,26.4,30.1,23.9,6.0,13.1
2023-09-12,สุราษฎร์ธานี,9.14,99.33,26.1,29.6,23.9,3.9,15.4
2023-09-13,สุราษฎร์ธานี,9.14,99.33,27.0,31.2,24.3,5.8,15.5
2023-09-14,สุราษฎร์ธานี,9.14,99.33,26.7,32.1,24.5,15.7,12.3
2023-09-15,สุราษฎร์ธานี,9.14,99.33,26.3,30.2,24.0,3.3,16.3
2023-09-16,สุราษฎร์ธานี,9.14,99.33,25.9,30.9,23.9,7.0,14.9
2023-09-17,สุราษฎร์ธานี,9.14,99.33,26.0,31.3,23.4,17.6,15.1
2023-09-18,สุราษฎร์ธานี,9.14,99.33,26.9,32.1,23.9,8.5,10.6
2023-09-19,สุราษฎร์ธานี,9.14,99.33,26.8,30.8,24.0,13.0,11.3
2023-09-20,สุราษฎร์ธานี,9.14,99.33,27.1,31.4,23.7,0.0,11.3
2023-09-21,สุราษฎร์ธานี,9.14,99.33,26.2,30.2,23.8,28.1,11.2
2023-09-22,สุราษฎร์ธานี,9.14,99.33,25.5,30.6,23.6,10.0,12.9
2023-09-23,สุราษฎร์ธานี,9.14,99.33,25.5,31.0,23.1,17.0,14.0
2023-09-24,สุราษฎร์ธานี,9.14,99.33,26.0,28.2,23.7,6.9,16.3
2023-09-25,สุราษฎร์ธานี,9.14,99.33,26.0,30.0,24.0,10.9,18.7
2023-09-26,สุราษฎร์ธานี,9.14,99.33,25.9,30.0,23.8,9.0,19.8
2023-09-27,สุราษฎร์ธานี,9.14,99.33,24.6,26.2,23.8,14.6,19.9
2023-09-28,สุราษฎร์ธานี,9.14,99.33,26.3,29.9,24.0,0.0,19.0
2023-09-29,สุราษฎร์ธานี,9.14,99.33,27.5,32.1,23.6,3.1,13.0
2023-09-30,สุราษฎร์ธานี,9.14,99.33,27.1,31.4,23.4,0.6,8.7
2023-10-01,สุราษฎร์ธานี,9.14,99.33,27.1,32.4,23.3,2.7,14.3
2023-10-02,สุราษฎร์ธานี,9.14,99.33,26.6,31.3,24.1,9.1,12.6
2023-10-03,สุราษฎร์ธานี,9.14,99.33,26.2,30.3,24.2,14.4,14.4
2023-10-04,สุราษฎร์ธานี,9.14,99.33,25.6,28.4,23.8,26.8,8.8
2023-10-05,สุราษฎร์ธานี,9.14,99.33,26.4,31.0,23.6,18.9,15.5
2023-10-06,สุราษฎร์ธานี,9.14,99.33,26.3,30.6,23.8,7.9,15.8
2023-10-07,สุราษฎร์ธานี,9.14,99.33,26.0,31.1,23.8,22.5,12.1
2023-10-08,สุราษฎร์ธานี,9.14,99.33,25.8,30.9,23.6,8.7,9.6
2023-10-09,สุราษฎร์ธานี,9.14,99.33,26.8,31.6,23.4,1.7,9.7
2023-10-10,สุราษฎร์ธานี,9.14,99.33,26.4,31.3,23.3,9.4,13.8
2023-10-11,สุราษฎร์ธานี,9.14,99.33,26.0,31.0,22.9,13.6,8.9
2023-10-12,สุราษฎร์ธานี,9.14,99.33,26.1,30.5,23.5,11.7,12.2
2023-10-13,สุราษฎร์ธานี,9.14,99.33,26.2,30.9,22.8,4.8,13.0
2023-10-14,สุราษฎร์ธานี,9.14,99.33,26.5,32.1,23.6,5.8,10.4
2023-10-15,สุราษฎร์ธานี,9.14,99.33,26.5,31.3,23.7,3.5,12.5
2023-10-16,สุราษฎร์ธานี,9.14,99.33,26.1,30.9,23.9,15.9,13.8
2023-10-17,สุราษฎร์ธานี,9.14,99.33,25.8,30.5,23.7,4.2,10.1
2023-10-18,สุราษฎร์ธานี,9.14,99.33,25.7,29.8,23.8,20.2,7.6
2023-10-19,สุราษฎร์ธานี,9.14,99.33,25.9,29.6,23.5,20.4,6.9
2023-10-20,สุราษฎร์ธานี,9.14,99.33,26.6,30.9,23.4,19.3,11.9
2023-10-21,สุราษฎร์ธานี,9.14,99.33,26.0,30.0,23.8,9.6,11.0
2023-10-22,สุราษฎร์ธานี,9.14,99.33,25.8,29.8,23.3,28.8,12.9
2023-10-23,สุราษฎร์ธานี,9.14,99.33,26.0,29.6,22.7,1.9,11.3
2023-10-24,สุราษฎร์ธานี,9.14,99.33,26.7,31.5,23.4,2.6,9.0
2023-10-25,สุราษฎร์ธานี,9.14,99.33,26.3,29.5,23.5,1.7,10.7
2023-10-26,สุราษฎร์ธานี,9.14,99.33,26.1,30.9,23.8,11.4,9.1
2023-10-27,สุราษฎร์ธานี,9.14,99.33,26.3,31.7,23.1,3.8,12.3
2023-10-28,สุราษฎร์ธานี,9.14,99.33,26.2,31.4,23.1,29.5,9.4
2023-10-29,สุราษฎร์ธานี,9.14,99.33,26.0,30.8,22.8,4.2,11.3
2023-10-30,สุราษฎร์ธานี,9.14,99.33,26.0,30.7,23.6,11.2,14.5
2023-10-31,สุราษฎร์ธานี,9.14,99.33,25.9,29.9,23.7,5.8,19.1
2023-11-01,สุราษฎร์ธานี,9.14,99.33,25.8,29.5,23.9,14.4,14.4
2023-11-02,สุราษฎร์ธานี,9.14,99.33,25.7,29.8,23.5,8.8,15.7
2023-11-03,สุราษฎร์ธานี,9.14,99.33,26.5,31.0,23.2,8.6,12.2
2023-11-04,สุราษฎร์ธานี,9.14,99.33,25.9,29.9,23.6,12.2,9.6
2023-11-05,สุราษฎร์ธานี,9.14,99.33,26.4,30.5,23.6,4.2,11.2
2023-11-06,สุราษฎร์ธานี,9.14,99.33,26.6,30.5,24.4,13.0,10.8
2023-11-07,สุราษฎร์ธานี,9.14,99.33,26.3,30.5,23.5,7.8,11.5
2023-11-08,สุราษฎร์ธานี,9.14,99.33,26.7,30.7,23.9,4.5,10.8
2023-11-09,สุราษฎร์ธานี,9.14,99.33,26.2,30.2,24.1,4.9,13.4
2023-11-10,สุราษฎร์ธานี,9.14,99.33,26.0,29.6,23.6,6.5,7.9
2023-11-11,สุราษฎร์ธานี,9.14,99.33,25.8,30.1,23.5,10.6,12.3
2023-11-12,สุราษฎร์ธานี,9.14,99.33,24.6,25.7,23.5,35.8,16.0
2023-11-13,สุราษฎร์ธานี,9.14,99.33,25.6,29.9,23.2,15.4,14.1
2023-11-14,สุราษฎร์ธานี,9.14,99.33,25.6,29.4,23.5,30.1,12.7
2023-11-15,สุราษฎร์ธานี,9.14,99.33,25.5,29.2,23.0,15.8,17.7
2023-11-16,สุราษฎร์ธานี,9.14,99.33,25.3,27.9,23.4,6.3,16.8
2023-11-17,สุราษฎร์ธานี,9.14,99.33,25.2,28.4,23.3,17.5,20.7
2023-11-18,สุราษฎร์ธานี,9.14,99.33,25.8,28.2,23.9,8.1,19.7
2023-11-19,สุราษฎร์ธานี,9.14,99.33,26.4,28.5,24.9,1.0,19.8
2023-11-20,สุราษฎร์ธานี,9.14,99.33,26.4,28.7,24.0,0.1,22.3
2023-11-21,สุราษฎร์ธานี,9.14,99.33,26.6,29.2,23.7,0.0,18.2
2023-11-22,สุราษฎร์ธานี,9.14,99.33,26.6,29.2,24.0,0.9,14.3
2023-11-23,สุราษฎร์ธานี,9.14,99.33,26.2,29.1,24.0,4.1,13.2
2023-11-24,สุราษฎร์ธานี,9.14,99.33,25.5,29.4,23.6,17.2,15.1
2023-11-25,สุราษฎร์ธานี,9.14,99.33,25.8,29.8,23.2,3.9,17.4
2023-11-26,สุราษฎร์ธานี,9.14,99.33,24.4,26.2,23.6,10.8,13.4
2023-11-27,สุราษฎร์ธานี,9.14,99.33,23.8,25.4,22.8,28.7,16.0
2023-11-28,สุราษฎร์ธานี,9.14,99.33,25.3,28.8,23.3,2.8,18.6
2023-11-29,สุราษฎร์ธานี,9.14,99.33,25.4,28.3,23.3,15.5,17.9
2023-11-30,สุราษฎร์ธานี,9.14,99.33,25.8,28.7,24.3,2.3,14.4
2023-12-01,สุราษฎร์ธานี,9.14,99.33,25.0,28.0,23.0,12.6,17.1
2023-12-02,สุราษฎร์ธานี,9.14,99.33,25.4,29.5,23.2,6.5,14.5
2023-12-03,สุราษฎร์ธานี,9.14,99.33,25.4,28.5,23.1,14.5,19.0
2023-12-04,สุราษฎร์ธานี,9.14,99.33,25.6,29.0,23.5,10.7,17.0
2023-12-05,สุราษฎร์ธานี,9.14,99.33,25.7,30.6,22.9,8.9,16.0
2023-12-06,สุราษฎร์ธานี,9.14,99.33,26.8,30.7,23.6,0.0,14.7
2023-12-07,สุราษฎร์ธานี,9.14,99.33,26.4,30.1,23.5,2.0,11.4
2023-12-08,สุราษฎร์ธานี,9.14,99.33,26.1,30.2,23.3,1.6,11.8
2023-12-09,สุราษฎร์ธานี,9.14,99.33,26.4,29.9,23.6,9.1,15.7
2023-12-10,สุราษฎร์ธานี,9.14,99.33,26.6,30.2,23.7,1.4,12.3
2023-12-11,สุราษฎร์ธานี,9.14,99.33,26.7,30.1,23.6,0.4,12.4
2023-12-12,สุราษฎร์ธานี,9.14,99.33,26.9,31.2,23.2,0.5,12.9
2023-12-13,สุราษฎร์ธานี,9.14,99.33,26.3,30.7,23.1,1.5,17.9
2023-12-14,สุราษฎร์ธานี,9.14,99.33,26.7,30.1,24.2,5.4,16.0
2023-12-15,สุราษฎร์ธานี,9.14,99.33,26.7,29.8,24.1,3.2,18.2
2023-12-16,สุราษฎร์ธานี,9.14,99.33,26.0,29.5,23.1,1.6,19.7
2023-12-17,สุราษฎร์ธานี,9.14,99.33,26.6,30.2,23.9,1.1,18.3
2023-12-18,สุราษฎร์ธานี,9.14,99.33,26.4,30.3,24.0,3.7,17.9
2023-12-19,สุราษฎร์ธานี,9.14,99.33,26.1,30.1,23.5,2.2,21.0
2023-12-20,สุราษฎร์ธานี,9.14,99.33,26.4,29.6,23.9,2.9,16.9
2023-12-21,สุราษฎร์ธานี,9.14,99.33,26.3,29.1,23.9,4.2,19.2
2023-12-22,สุราษฎร์ธานี,9.14,99.33,25.9,28.2,23.8,2.0,26.5
2023-12-23,สุราษฎร์ธานี,9.14,99.33,26.1,28.2,24.8,0.8,27.2
2023-12-24,สุราษฎร์ธานี,9.14,99.33,25.9,27.6,24.4,1.5,25.8
2023-12-25,สุราษฎร์ธานี,9.14,99.33,25.6,27.0,24.2,2.5,22.0
2023-12-26,สุราษฎร์ธานี,9.14,99.33,26.2,28.3,24.9,0.5,23.3
2023-12-27,สุราษฎร์ธานี,9.14,99.33,26.4,29.5,24.3,1.6,22.2
2023-12-28,สุราษฎร์ธานี,9.14,99.33,26.5,30.1,23.6,1.1,22.7
2023-12-29,สุราษฎร์ธานี,9.14,99.33,26.2,30.4,24.2,7.0,18.7
2023-12-30,สุราษฎร์ธานี,9.14,99.33,26.1,30.8,23.5,6.7,15.5
2023-12-31,สุราษฎร์ธานี,9.14,99.33,26.6,30.2,23.3,0.8,14.7
2024-01-01,สุราษฎร์ธานี,9.14,99.33,26.6,30.7,22.8,0.3,17.6
2024-01-02,สุราษฎร์ธานี,9.14,99.33,26.7,30.7,23.2,0.5,16.7
2024-01-03,สุราษฎร์ธานี,9.14,99.33,26.9,31.4,22.5,0.4,15.8
2024-01-04,สุราษฎร์ธานี,9.14,99.33,27.0,31.0,23.2,0.5,15.1
2024-01-05,สุราษฎร์ธานี,9.14,99.33,26.9,30.9,23.7,0.5,16.3
2024-01-06,สุราษฎร์ธานี,9.14,99.33,26.6,30.1,23.3,0.7,20.0
2024-01-07,สุราษฎร์ธานี,9.14,99.33,27.1,31.1,23.2,0.7,18.2
2024-01-08,สุราษฎร์ธานี,9.14,99.33,26.4,30.8,23.3,1.7,17.4
2024-01-09,สุราษฎร์ธานี,9.14,99.33,26.4,30.1,22.2,1.0,18.6
2024-01-10,สุราษฎร์ธานี,9.14,99.33,26.9,30.1,23.7,1.9,16.3
2024-01-11,สุราษฎร์ธานี,9.14,99.33,26.8,31.1,22.6,1.6,15.1
2024-01-12,สุราษฎร์ธานี,9.14,99.33,27.0,31.8,22.6,0.0,13.8
2024-01-13,สุราษฎร์ธานี,9.14,99.33,26.5,31.2,22.6,2.9,16.0
2024-01-14,สุราษฎร์ธานี,9.14,99.33,26.4,31.3,22.0,0.3,17.7
2024-01-15,สุราษฎร์ธานี,9.14,99.33,27.0,31.9,23.1,0.1,17.9
2024-01-16,สุราษฎร์ธานี,9.14,99.33,27.0,31.1,23.6,2.6,17.7
2024-01-17,สุราษฎร์ธานี,9.14,99.33,27.4,31.9,23.9,0.2,16.4
2024-01-18,สุราษฎร์ธานี,9.14,99.33,27.2,31.0,23.9,0.5,17.8
2024-01-19,สุราษฎร์ธานี,9.14,99.33,27.0,31.8,22.5,0.0,18.1
2024-01-20,สุราษฎร์ธานี,9.14,99.33,26.7,31.5,22.4,0.5,14.8
2024-01-21,สุราษฎร์ธานี,9.14,99.33,26.6,31.0,22.6,0.1,15.2
2024-01-22,สุราษฎร์ธานี,9.14,99.33,26.7,31.0,22.4,1.5,14.7
2024-01-23,สุราษฎร์ธานี,9.14,99.33,26.1,31.1,23.4,8.0,14.3
2024-01-24,สุราษฎร์ธานี,9.14,99.33,27.6,32.5,24.0,0.0,21.9
2024-01-25,สุราษฎร์ธานี,9.14,99.33,26.8,30.8,23.4,8.5,21.6
2024-01-26,สุราษฎร์ธานี,9.14,99.33,25.9,30.2,23.5,9.7,23.5
2024-01-27,สุราษฎร์ธานี,9.14,99.33,26.9,31.6,23.5,0.3,19.0
2024-01-28,สุราษฎร์ธานี,9.14,99.33,27.0,32.4,22.1,0.0,16.6
2024-01-29,สุราษฎร์ธานี,9.14,99.33,26.9,32.2,22.4,0.0,18.2
2024-01-30,สุราษฎร์ธานี,9.14,99.33,27.0,32.8,21.6,0.0,17.3
2024-01-31,สุราษฎร์ธานี,9.14,99.33,27.1,33.4,21.1,0.0,17.1
2024-02-01,สุราษฎร์ธานี,9.14,99.33,27.3,34.3,22.0,0.0,18.4
2024-02-02,สุราษฎร์ธานี,9.14,99.33,26.9,32.9,21.4,0.1,16.9
2024-02-03,สุราษฎร์ธานี,9.14,99.33,27.2,33.3,22.0,0.4,17.7
2024-02-04,สุราษฎร์ธานี,9.14,99.33,27.7,33.2,23.0,0.0,14.2
2024-02-05,สุราษฎร์ธานี,9.14,99.33,27.6,33.9,22.2,0.0,15.3
2024-02-06,สุราษฎร์ธานี,9.14,99.33,27.8,33.5,22.8,0.1,13.4
2024-02-07,สุราษฎร์ธานี,9.14,99.33,28.0,33.1,23.3,0.0,16.1
2024-02-08,สุราษฎร์ธานี,9.14,99.33,28.5,33.9,23.8,0.0,14.2
2024-02-09,สุราษฎร์ธานี,9.14,99.33,28.5,33.8,23.5,1.3,16.8
2024-02-10,สุราษฎร์ธานี,9.14,99.33,28.1,33.9,23.0,0.0,22.5
2024-02-11,สุราษฎร์ธานี,9.14,99.33,26.8,31.8,23.3,2.6,27.4
2024-02-12,สุราษฎร์ธานี,9.14,99.33,26.8,32.5,22.9,1.0,21.5
2024-02-13,สุราษฎร์ธานี,9.14,99.33,27.4,33.1,22.7,0.0,18.9
2024-02-14,สุราษฎร์ธานี,9.14,99.33,27.4,31.8,24.0,2.2,22.0
2024-02-15,สุราษฎร์ธานี,9.14,99.33,28.2,33.6,24.3,0.5,20.5
2024-02-16,สุราษฎร์ธานี,9.14,99.33,27.7,33.1,23.6,0.5,21.6
2024-02-17,สุราษฎร์ธานี,9.14,99.33,27.7,34.0,22.2,0.0,18.8
2024-02-18,สุราษฎร์ธานี,9.14,99.33,27.5,33.9,21.6,0.0,16.6
2024-02-19,สุราษฎร์ธานี,9.14,99.33,28.5,34.8,23.9,2.2,16.6
2024-02-20,สุราษฎร์ธานี,9.14,99.33,28.2,33.4,24.5,2.5,12.6
2024-02-21,สุราษฎร์ธานี,9.14,99.33,28.2,34.2,24.6,2.0,10.8
2024-02-22,สุราษฎร์ธานี,9.14,99.33,28.5,34.2,24.3,0.2,15.5
2024-02-23,สุราษฎร์ธานี,9.14,99.33,28.0,34.3,22.6,0.4,16.6
2024-02-24,สุราษฎร์ธานี,9.14,99.33,28.1,35.4,22.2,0.0,20.2
2024-02-25,สุราษฎร์ธานี,9.14,99.33,28.6,35.6,23.2,0.0,18.4
2024-02-26,สุราษฎร์ธานี,9.14,99.33,28.5,35.0,22.8,0.0,21.7
2024-02-27,สุราษฎร์ธานี,9.14,99.33,28.2,34.6,22.5,0.0,22.7
2024-02-28,สุราษฎร์ธานี,9.14,99.33,28.8,34.9,24.7,0.0,21.7
2024-02-29,สุราษฎร์ธานี,9.14,99.33,28.6,35.2,23.2,0.0,18.4
2024-03-01,สุราษฎร์ธานี,9.14,99.33,28.9,35.5,23.5,0.0,16.5
2024-03-02,สุราษฎร์ธานี,9.14,99.33,28.8,35.7,23.0,0.0,19.1
2024-03-03,สุราษฎร์ธานี,9.14,99.33,29.2,35.9,23.6,0.2,19.5
2024-03-04,สุราษฎร์ธานี,9.14,99.33,29.1,35.1,24.3,0.3,19.1
2024-03-05,สุราษฎร์ธานี,9.14,99.33,29.1,35.2,23.9,0.0,18.0
2024-03-06,สุราษฎร์ธานี,9.14,99.33,30.2,37.4,24.5,0.2,15.2
2024-03-07,สุราษฎร์ธานี,9.14,99.33,30.0,35.5,24.9,0.0,14.1
2024-03-08,สุราษฎร์ธานี,9.14,99.33,29.3,35.0,24.6,0.1,17.7
2024-03-09,สุราษฎร์ธานี,9.14,99.33,29.2,35.7,24.5,0.2,18.5
2024-03-10,สุราษฎร์ธานี,9.14,99.33,29.1,36.0,24.1,0.0,18.3
2024-03-11,สุราษฎร์ธานี,9.14,99.33,28.8,35.8,23.2,0.0,18.5
2024-03-12,สุราษฎร์ธานี,9.14,99.33,28.8,34.7,23.8,0.7,19.2
2024-03-13,สุราษฎร์ธานี,9.14,99.33,29.4,35.1,24.8,0.3,17.7
2024-03-14,สุราษฎร์ธานี,9.14,99.33,29.3,34.6,23.9,0.0,16.9
2024-03-15,สุราษฎร์ธานี,9.14,99.33,29.4,34.9,24.7,0.5,16.2
2024-03-16,สุราษฎร์ธานี,9.14,99.33,29.2,35.8,23.8,0.0,19.9
2024-03-17,สุราษฎร์ธานี,9.14,99.33,28.9,36.5,23.1,0.0,19.8
2024-03-18,สุราษฎร์ธานี,9.14,99.33,29.1,36.1,23.1,0.0,15.5
2024-03-19,สุราษฎร์ธานี,9.14,99.33,28.8,36.3,22.4,0.0,18.1
2024-03-20,สุราษฎร์ธานี,9.14,99.33,28.8,34.9,22.9,0.0,21.6
2024-03-21,สุราษฎร์ธานี,9.14,99.33,28.9,35.4,23.1,0.1,19.9
2024-03-22,สุราษฎร์ธานี,9.14,99.33,29.5,37.1,23.6,0.0,20.3
2024-03-23,สุราษฎร์ธานี,9.14,99.33,29.9,36.2,24.1,0.4,15.7
2024-03-24,สุราษฎร์ธานี,9.14,99.33,29.3,34.8,24.2,1.6,18.3
2024-03-25,สุราษฎร์ธานี,9.14,99.33,29.6,35.6,24.3,0.0,19.9
2024-03-26,สุราษฎร์ธานี,9.14,99.33,29.6,37.7,23.1,0.1,20.2
2024-03-27,สุราษฎร์ธานี,9.14,99.33,29.9,36.5,24.2,0.2,16.6
2024-03-28,สุราษฎร์ธานี,9.14,99.33,29.8,35.1,24.8,0.8,17.8
2024-03-29,สุราษฎร์ธานี,9.14,99.33,30.4,37.2,25.4,0.7,13.7
2024-03-30,สุราษฎร์ธานี,9.14,99.33,29.5,36.2,25.8,7.2,12.3
2024-03-31,สุราษฎร์ธานี,9.14,99.33,28.8,34.9,25.1,18.3,12.5
2024-04-01,สุราษฎร์ธานี,9.14,99.33,29.9,36.1,24.5,0.0,15.5
2024-04-02,สุราษฎร์ธานี,9.14,99.33,30.8,36.7,25.3,0.0,14.4
2024-04-03,สุราษฎร์ธานี,9.14,99.33,30.5,36.3,25.8,1.6,15.0
2024-04-04,สุราษฎร์ธานี,9.14,99.33,31.0,36.6,26.3,0.0,15.3
2024-04-05,สุราษฎร์ธานี,9.14,99.33,31.1,37.6,25.9,0.1,15.8
2024-04-06,สุราษฎร์ธานี,9.14,99.33,31.4,37.5,26.9,0.2,17.7
2024-04-07,สุราษฎร์ธานี,9.14,99.33,29.7,35.1,24.3,0.2,21.2
2024-04-08,สุราษฎร์ธานี,9.14,99.33,29.8,35.9,24.0,0.0,22.2
2024-04-09,สุราษฎร์ธานี,9.14,99.33,30.8,36.4,25.3,0.0,21.6
2024-04-10,สุราษฎร์ธานี,9.14,99.33,30.8,38.6,24.6,0.0,20.9
2024-04-11,สุราษฎร์ธานี,9.14,99.33,30.9,37.6,26.1,0.0,20.6
2024-04-12,สุราษฎร์ธานี,9.14,99.33,30.8,37.0,26.0,0.0,17.5
2024-04-13,สุราษฎร์ธานี,9.14,99.33,30.6,38.0,24.7,0.0,19.2
2024-04-14,สุราษฎร์ธานี,9.14,99.33,30.2,36.7,24.5,1.2,20.3
2024-04-15,สุราษฎร์ธานี,9.14,99.33,30.6,38.3,24.0,0.0,19.5
2024-04-16,สุราษฎร์ธานี,9.14,99.33,29.2,36.0,23.5,0.0,25.3
2024-04-17,สุราษฎร์ธานี,9.14,99.33,30.0,37.5,23.7,0.2,20.9
2024-04-18,สุราษฎร์ธานี,9.14,99.33,31.3,37.7,25.7,0.0,20.1
2024-04-19,สุราษฎร์ธานี,9.14,99.33,31.2,37.0,26.7,0.4,17.6
2024-04-20,สุราษฎร์ธานี,9.14,99.33,29.5,36.8,24.7,9.7,12.0
2024-04-21,สุราษฎร์ธานี,9.14,99.33,29.9,36.4,25.4,3.7,14.3
2024-04-22,สุราษฎร์ธานี,9.14,99.33,31.8,37.6,26.8,0.0,16.4
2024-04-23,สุราษฎร์ธานี,9.14,99.33,31.0,36.6,26.2,0.4,15.7
2024-04-24,สุราษฎร์ธานี,9.14,99.33,31.6,36.8,26.8,0.2,17.9
2024-04-25,สุราษฎร์ธานี,9.14,99.33,31.3,36.0,27.0,1.4,19.5
2024-04-26,สุราษฎร์ธานี,9.14,99.33,31.4,38.2,26.6,0.8,15.3
2024-04-27,สุราษฎร์ธานี,9.14,99.33,31.3,37.7,26.6,0.0,18.1
2024-04-28,สุราษฎร์ธานี,9.14,99.33,30.0,37.6,26.7,11.5,20.0
2024-04-29,สุราษฎร์ธานี,9.14,99.33,31.2,37.3,25.6,0.7,17.0
2024-04-30,สุราษฎร์ธานี,9.14,99.33,32.1,37.1,27.2,0.1,16.4
2024-05-01,สุราษฎร์ธานี,9.14,99.33,32.3,38.2,26.8,0.6,18.6
2024-05-02,สุราษฎร์ธานี,9.14,99.33,31.4,37.3,26.6,0.8,16.2
2024-05-03,สุราษฎร์ธานี,9.14,99.33,31.0,36.7,27.2,1.7,13.0
2024-05-04,สุราษฎร์ธานี,9.14,99.33,30.7,37.5,26.8,3.5,13.9
2024-05-05,สุราษฎร์ธานี,9.14,99.33,31.4,37.6,26.5,0.3,12.0
2024-05-06,สุราษฎร์ธานี,9.14,99.33,29.3,36.3,26.5,20.8,13.3
2024-05-07,สุราษฎร์ธานี,9.14,99.33,28.5,33.9,25.7,4.5,13.7
2024-05-08,สุราษฎร์ธานี,9.14,99.33,28.4,33.1,23.6,2.3,10.9
2024-05-09,สุราษฎร์ธานี,9.14,99.33,29.6,34.7,26.2,5.5,15.1
2024-05-10,สุราษฎร์ธานี,9.14,99.33,29.1,34.1,25.8,6.3,14.4
2024-05-11,สุราษฎร์ธานี,9.14,99.33,29.0,35.4,26.3,28.4,13.5
2024-05-12,สุราษฎร์ธานี,9.14,99.33,30.2,35.8,25.3,0.3,12.2
2024-05-13,สุราษฎร์ธานี,9.14,99.33,29.4,35.4,26.2,3.4,12.8
2024-05-14,สุราษฎร์ธานี,9.14,99.33,30.6,34.9,26.7,0.8,15.9
2024-05-15,สุราษฎร์ธานี,9.14,99.33,30.4,35.8,25.8,0.9,16.3
2024-05-16,สุราษฎร์ธานี,9.14,99.33,28.9,34.2,25.7,9.5,15.5
2024-05-17,สุราษฎร์ธานี,9.14,99.33,27.8,34.0,25.3,18.3,16.4
2024-05-18,สุราษฎร์ธานี,9.14,99.33,28.5,33.9,25.0,10.9,9.5
2024-05-19,สุราษฎร์ธานี,9.14,99.33,27.6,33.1,25.0,9.2,11.8
2024-05-20,สุราษฎร์ธานี,9.14,99.33,28.7,33.5,25.7,3.5,16.0
2024-05-21,สุราษฎร์ธานี,9.14,99.33,27.7,32.3,25.4,14.7,19.1
2024-05-22,สุราษฎร์ธานี,9.14,99.33,27.5,31.2,24.8,1.5,12.3
2024-05-23,สุราษฎร์ธานี,9.14,99.33,28.0,32.5,24.8,1.4,19.6
2024-05-24,สุราษฎร์ธานี,9.14,99.33,29.1,33.8,25.2,0.1,11.0
2024-05-25,สุราษฎร์ธานี,9.14,99.33,29.6,35.3,25.2,1.3,9.6
2024-05-26,สุราษฎร์ธานี,9.14,99.33,29.8,34.3,25.9,0.0,11.7
2024-05-27,สุราษฎร์ธานี,9.14,99.33,30.1,35.6,26.4,0.2,10.9
2024-05-28,สุราษฎร์ธานี,9.14,99.33,30.2,36.1,26.1,0.6,14.0
2024-05-29,สุราษฎร์ธานี,9.14,99.33,29.5,36.8,26.4,5.8,12.9
2024-05-30,สุราษฎร์ธานี,9.14,99.33,28.6,34.8,26.0,20.0,19.9
2024-05-31,สุราษฎร์ธานี,9.14,99.33,27.7,31.6,25.2,7.9,18.0
2024-06-01,สุราษฎร์ธานี,9.14,99.33,28.5,32.4,25.4,6.8,14.3
2024-06-02,สุราษฎร์ธานี,9.14,99.33,26.5,28.5,24.7,8.8,10.3
2024-06-03,สุราษฎร์ธานี,9.14,99.33,29.0,35.0,24.7,0.9,13.0
2024-06-04,สุราษฎร์ธานี,9.14,99.33,30.4,37.0,26.3,0.1,15.5
2024-06-05,สุราษฎร์ธานี,9.14,99.33,30.6,37.2,25.3,0.0,19.8
2024-06-06,สุราษฎร์ธานี,9.14,99.33,30.9,38.1,25.1,0.0,20.3
2024-06-07,สุราษฎร์ธานี,9.14,99.33,31.0,38.1,25.9,0.3,14.8
2024-06-08,สุราษฎร์ธานี,9.14,99.33,31.2,37.6,26.4,0.0,25.7
2024-06-09,สุราษฎร์ธานี,9.14,99.33,30.6,35.0,27.6,0.1,23.9
2024-06-10,สุราษฎร์ธานี,9.14,99.33,28.6,31.4,26.5,0.7,17.9
2024-06-11,สุราษฎร์ธานี,9.14,99.33,27.6,30.6,25.1,3.2,18.5
2024-06-12,สุราษฎร์ธานี,9.14,99.33,30.5,36.7,25.7,0.1,20.2
2024-06-13,สุราษฎร์ธานี,9.14,99.33,30.5,36.7,26.0,0.5,18.1
2024-06-14,สุราษฎร์ธานี,9.14,99.33,31.0,37.8,26.1,0.4,18.7
2024-06-15,สุราษฎร์ธานี,9.14,99.33,29.9,38.1,26.3,9.1,15.4
2024-06-16,สุราษฎร์ธานี,9.14,99.33,28.1,35.4,25.2,13.3,11.6
2024-06-17,สุราษฎร์ธานี,9.14,99.33,27.6,34.8,25.1,6.2,24.5
2024-06-18,สุราษฎร์ธานี,9.14,99.33,28.7,35.5,25.5,1.3,16.1
2024-06-19,สุราษฎร์ธานี,9.14,99.33,27.9,34.1,25.6,17.9,18.2
2024-06-20,สุราษฎร์ธานี,9.14,99.33,27.6,33.9,24.6,8.3,16.0
2024-06-21,สุราษฎร์ธานี,9.14,99.33,27.0,30.3,25.1,8.0,19.5
2024-06-22,สุราษฎร์ธานี,9.14,99.33,27.2,31.5,23.8,2.8,23.7
2024-06-23,สุราษฎร์ธานี,9.14,99.33,25.5,27.7,23.3,8.0,18.1
2024-06-24,สุราษฎร์ธานี,9.14,99.33,26.6,31.1,24.5,11.0,24.5
2024-06-25,สุราษฎร์ธานี,9.14,99.33,27.4,33.2,24.2,0.7,18.4
2024-06-26,สุราษฎร์ธานี,9.14,99.33,28.6,32.8,24.9,0.5,11.3
2024-06-27,สุราษฎร์ธานี,9.14,99.33,27.7,34.6,24.9,13.3,13.7
2024-06-28,สุราษฎร์ธานี,9.14,99.33,27.5,33.3,24.4,6.9,12.9
2024-06-29,สุราษฎร์ธานี,9.14,99.33,26.9,31.8,24.8,13.7,14.4
2024-06-30,สุราษฎร์ธานี,9.14,99.33,25.8,30.9,23.3,20.7,15.0
2024-07-01,สุราษฎร์ธานี,9.14,99.33,27.1,31.3,23.8,4.5,8.3
2024-07-02,สุราษฎร์ธานี,9.14,99.33,27.6,31.3,25.0,5.5,11.4
2024-07-03,สุราษฎร์ธานี,9.14,99.33,28.0,32.4,24.9,2.3,13.2
2024-07-04,สุราษฎร์ธานี,9.14,99.33,26.5,30.8,23.8,32.6,13.9
2024-07-05,สุราษฎร์ธานี,9.14,99.33,26.7,31.6,24.1,2.3,19.8
2024-07-06,สุราษฎร์ธานี,9.14,99.33,27.1,32.0,24.0,14.9,9.7
2024-07-07,สุราษฎร์ธานี,9.14,99.33,27.2,32.0,24.5,5.4,13.6
2024-07-08,สุราษฎร์ธานี,9.14,99.33,26.7,31.1,24.4,20.8,11.7
2024-07-09,สุราษฎร์ธานี,9.14,99.33,26.2,30.9,24.1,31.1,11.2
2024-07-10,สุราษฎร์ธานี,9.14,99.33,25.8,30.8,23.7,14.9,12.4
2024-07-11,สุราษฎร์ธานี,9.14,99.33,26.1,30.6,24.1,5.8,14.2
2024-07-12,สุราษฎร์ธานี,9.14,99.33,25.7,29.8,24.0,8.7,15.8
2024-07-13,สุราษฎร์ธานี,9.14,99.33,26.3,29.6,24.2,8.4,17.6
2024-07-14,สุราษฎร์ธานี,9.14,99.33,26.1,29.4,23.7,4.6,20.8
2024-07-15,สุราษฎร์ธานี,9.14,99.33,26.4,30.1,24.4,7.5,16.4
2024-07-16,สุราษฎร์ธานี,9.14,99.33,26.7,30.5,24.5,3.4,19.1
2024-07-17,สุราษฎร์ธานี,9.14,99.33,25.7,29.4,23.9,19.0,18.1
2024-07-18,สุราษฎร์ธานี,9.14,99.33,27.0,31.9,24.3,12.1,19.0
2024-07-19,สุราษฎร์ธานี,9.14,99.33,27.4,31.7,24.8,2.5,16.3
2024-07-20,สุราษฎร์ธานี,9.14,99.33,27.3,30.3,25.5,6.6,16.6
2024-07-21,สุราษฎร์ธานี,9.14,99.33,27.1,30.4,25.0,5.5,14.7
2024-07-22,สุราษฎร์ธานี,9.14,99.33,28.2,32.2,24.6,0.0,17.2
2024-07-23,สุราษฎร์ธานี,9.14,99.33,28.3,32.4,25.4,0.1,19.5
2024-07-24,สุราษฎร์ธานี,9.14,99.33,27.6,31.0,25.1,5.3,22.2
2024-07-25,สุราษฎร์ธานี,9.14,99.33,29.1,33.8,25.2,0.0,21.5
2024-07-26,สุราษฎร์ธานี,9.14,99.33,28.4,33.7,25.7,9.4,19.7
2024-07-27,สุราษฎร์ธานี,9.14,99.33,27.2,32.1,25.4,11.0,19.3
2024-07-28,สุราษฎร์ธานี,9.14,99.33,25.8,28.8,24.9,10.9,16.5
2024-07-29,สุราษฎร์ธานี,9.14,99.33,26.2,31.2,24.3,24.7,18.9
2024-07-30,สุราษฎร์ธานี,9.14,99.33,26.9,31.4,24.6,5.3,12.7
2024-07-31,สุราษฎร์ธานี,9.14,99.33,26.9,31.7,25.1,18.1,14.8
2024-08-01,สุราษฎร์ธานี,9.14,99.33,26.7,31.5,24.6,11.5,16.9
2024-08-02,สุราษฎร์ธานี,9.14,99.33,27.1,31.9,23.6,1.9,10.9
2024-08-03,สุราษฎร์ธานี,9.14,99.33,26.5,30.7,24.4,8.6,12.8
2024-08-04,สุราษฎร์ธานี,9.14,99.33,25.4,29.0,24.2,23.1,11.9
2024-08-05,สุราษฎร์ธานี,9.14,99.33,25.8,29.9,23.5,14.6,12.3
2024-08-06,สุราษฎร์ธานี,9.14,99.33,26.1,31.1,23.6,16.0,14.6
2024-08-07,สุราษฎร์ธานี,9.14,99.33,25.7,29.5,23.8,16.4,20.6
2024-08-08,สุราษฎร์ธานี,9.14,99.33,26.8,31.4,23.8,11.1,8.1
2024-08-09,สุราษฎร์ธานี,9.14,99.33,26.1,30.2,23.8,24.6,11.7
2024-08-10,สุราษฎร์ธานี,9.14,99.33,26.7,31.9,23.5,9.3,13.6
2024-08-11,สุราษฎร์ธานี,9.14,99.33,26.9,31.2,24.5,7.6,19.0
2024-08-12,สุราษฎร์ธานี,9.14,99.33,27.0,31.1,23.5,11.5,16.1
2024-08-13,สุราษฎร์ธานี,9.14,99.33,27.6,32.6,24.3,2.1,11.9
2024-08-14,สุราษฎร์ธานี,9.14,99.33,27.3,31.8,24.5,4.6,11.7
2024-08-15,สุราษฎร์ธานี,9.14,99.33,27.9,32.7,24.3,4.0,10.3
2024-08-16,สุราษฎร์ธานี,9.14,99.33,27.3,32.7,24.4,17.6,14.7
2024-08-17,สุราษฎร์ธานี,9.14,99.33,27.0,31.6,24.2,4.8,9.4
2024-08-18,สุราษฎร์ธานี,9.14,99.33,26.4,31.3,23.5,12.1,12.6
2024-08-19,สุราษฎร์ธานี,9.14,99.33,26.5,31.4,23.9,10.0,14.8
2024-08-20,สุราษฎร์ธานี,9.14,99.33,26.2,30.7,23.0,6.5,15.9
2024-08-21,สุราษฎร์ธานี,9.14,99.33,27.3,31.6,23.4,0.1,6.2
2024-08-22,สุราษฎร์ธานี,9.14,99.33,26.8,32.2,24.0,13.4,13.5
2024-08-23,สุราษฎร์ธานี,9.14,99.33,26.5,30.6,23.0,1.4,14.8
2024-08-24,สุราษฎร์ธานี,9.14,99.33,25.8,30.0,23.9,40.4,16.0
2024-08-25,สุราษฎร์ธานี,9.14,99.33,25.7,29.3,23.1,5.9,9.7
2024-08-26,สุราษฎร์ธานี,9.14,99.33,26.0,30.3,24.0,26.0,17.2
2024-08-27,สุราษฎร์ธานี,9.14,99.33,25.5,29.4,23.5,16.8,18.6
2024-08-28,สุราษฎร์ธานี,9.14,99.33,25.3,28.8,23.6,12.1,22.2
2024-08-29,สุราษฎร์ธานี,9.14,99.33,26.5,30.7,23.5,1.2,13.6
2024-08-30,สุราษฎร์ธานี,9.14,99.33,26.7,31.4,24.0,12.6,16.7
2024-08-31,สุราษฎร์ธานี,9.14,99.33,27.9,32.9,24.3,0.3,14.8
2024-09-01,สุราษฎร์ธานี,9.14,99.33,26.8,30.5,24.5,5.8,10.5
2024-09-02,สุราษฎร์ธานี,9.14,99.33,25.7,28.8,24.3,10.3,15.9
2024-09-03,สุราษฎร์ธานี,9.14,99.33,25.8,30.2,23.8,4.8,19.5
2024-09-04,สุราษฎร์ธานี,9.14,99.33,27.0,31.3,24.4,1.0,20.0
2024-09-05,สุราษฎร์ธานี,9.14,99.33,26.8,30.4,24.2,0.4,18.6
2024-09-06,สุราษฎร์ธานี,9.14,99.33,26.7,30.5,24.4,4.1,20.2
2024-09-07,สุราษฎร์ธานี,9.14,99.33,26.0,29.0,23.9,10.3,23.8
2024-09-08,สุราษฎร์ธานี,9.14,99.33,26.7,30.8,24.4,4.3,20.9
2024-09-09,สุราษฎร์ธานี,9.14,99.33,27.5,31.5,24.3,0.9,19.1
2024-09-10,สุราษฎร์ธานี,9.14,99.33,27.5,31.6,24.3,0.4,17.8
2024-09-11,สุราษฎร์ธานี,9.14,99.33,27.6,31.8,24.1,0.6,16.5
2024-09-12,สุราษฎร์ธานี,9.14,99.33,26.7,32.2,24.8,9.7,12.0
2024-09-13,สุราษฎร์ธานี,9.14,99.33,25.9,30.0,24.0,7.5,21.5
2024-09-14,สุราษฎร์ธานี,9.14,99.33,25.3,29.1,24.0,20.8,16.0
2024-09-15,สุราษฎร์ธานี,9.14,99.33,25.8,29.3,23.7,3.3,17.6
2024-09-16,สุราษฎร์ธานี,9.14,99.33,25.7,28.4,23.8,8.6,19.6
2024-09-17,สุราษฎร์ธานี,9.14,99.33,26.0,29.6,23.6,2.6,16.7
2024-09-18,สุราษฎร์ธานี,9.14,99.33,25.5,29.0,23.5,10.8,20.9
2024-09-19,สุราษฎร์ธานี,9.14,99.33,24.9,28.5,23.4,18.2,16.9
2024-09-20,สุราษฎร์ธานี,9.14,99.33,25.6,28.2,23.6,9.2,21.2
2024-09-21,สุราษฎร์ธานี,9.14,99.33,26.1,29.8,23.6,6.0,20.4
2024-09-22,สุราษฎร์ธานี,9.14,99.33,26.5,31.1,24.0,6.1,18.9
2024-09-23,สุราษฎร์ธานี,9.14,99.33,26.5,31.4,24.1,3.8,11.4
2024-09-24,สุราษฎร์ธานี,9.14,99.33,25.9,29.0,23.5,9.0,18.2
2024-09-25,สุราษฎร์ธานี,9.14,99.33,26.9,31.0,23.5,0.3,11.4
2024-09-26,สุราษฎร์ธานี,9.14,99.33,26.5,31.0,22.8,5.9,12.8
2024-09-27,สุราษฎร์ธานี,9.14,99.33,25.9,30.8,23.1,26.6,11.7
2024-09-28,สุราษฎร์ธานี,9.14,99.33,26.7,31.4,23.6,10.7,11.7
2024-09-29,สุราษฎร์ธานี,9.14,99.33,27.6,32.3,23.9,0.3,16.7
2024-09-30,สุราษฎร์ธานี,9.14,99.33,26.9,31.4,24.5,9.1,11.2
2024-10-01,สุราษฎร์ธานี,9.14,99.33,26.7,31.8,24.3,6.0,14.5
2024-10-02,สุราษฎร์ธานี,9.14,99.33,26.5,31.5,24.0,22.7,12.9
2024-10-03,สุราษฎร์ธานี,9.14,99.33,26.1,31.5,23.3,14.7,13.5
2024-10-04,สุราษฎร์ธานี,9.14,99.33,26.5,30.8,23.3,11.7,12.0
2024-10-05,สุราษฎร์ธานี,9.14,99.33,25.8,29.2,23.9,29.5,9.6
2024-10-06,สุราษฎร์ธานี,9.14,99.33,25.4,29.5,23.3,24.7,9.2
2024-10-07,สุราษฎร์ธานี,9.14,99.33,26.0,30.6,22.9,14.1,11.4
2024-10-08,สุราษฎร์ธานี,9.14,99.33,25.9,31.1,23.1,11.2,11.1
2024-10-09,สุราษฎร์ธานี,9.14,99.33,26.2,29.8,23.5,12.4,9.9
2024-10-10,สุราษฎร์ธานี,9.14,99.33,26.0,30.4,23.2,10.7,11.1
2024-10-11,สุราษฎร์ธานี,9.14,99.33,25.8,30.5,23.5,23.3,7.3
2024-10-12,สุราษฎร์ธานี,9.14,99.33,25.6,29.4,23.3,16.8,15.5
2024-10-13,สุราษฎร์ธานี,9.14,99.33,25.1,27.6,23.5,23.8,9.9
2024-10-14,สุราษฎร์ธานี,9.14,99.33,26.0,30.7,23.1,11.6,12.8
2024-10-15,สุราษฎร์ธานี,9.14,99.33,25.7,30.5,23.5,4.8,12.3
2024-10-16,สุราษฎร์ธานี,9.14,99.33,26.8,31.1,23.5,0.0,9.7
2024-10-17,สุราษฎร์ธานี,9.14,99.33,26.3,31.1,23.7,25.2,9.7
2024-10-18,สุราษฎร์ธานี,9.14,99.33,25.2,29.0,23.3,25.0,11.2
2024-10-19,สุราษฎร์ธานี,9.14,99.33,25.3,28.0,23.1,1.8,15.2
2024-10-20,สุราษฎร์ธานี,9.14,99.33,26.7,30.8,23.6,0.6,18.5
2024-10-21,สุราษฎร์ธานี,9.14,99.33,26.9,31.4,23.1,0.5,11.3
2024-10-22,สุราษฎร์ธานี,9.14,99.33,27.4,31.7,23.4,0.0,9.4
2024-10-23,สุราษฎร์ธานี,9.14,99.33,26.0,28.9,23.5,2.8,9.1
2024-10-24,สุราษฎร์ธานี,9.14,99.33,25.8,29.9,23.4,11.5,11.6
2024-10-25,สุราษฎร์ธานี,9.14,99.33,26.3,30.8,23.6,6.2,12.1
2024-10-26,สุราษฎร์ธานี,9.14,99.33,26.2,30.1,23.5,1.8,12.8
2024-10-27,สุราษฎร์ธานี,9.14,99.33,26.3,30.1,23.7,1.9,14.1
2024-10-28,สุราษฎร์ธานี,9.14,99.33,26.5,31.3,23.7,11.3,13.3
2024-10-29,สุราษฎร์ธานี,9.14,99.33,25.8,29.5,24.2,19.7,9.7
2024-10-30,สุราษฎร์ธานี,9.14,99.33,26.0,31.2,23.6,15.2,16.7
2024-10-31,สุราษฎร์ธานี,9.14,99.33,26.2,30.8,23.5,1.7,12.9
2024-11-01,สุราษฎร์ธานี,9.14,99.33,25.9,30.9,23.3,3.5,13.8
2024-11-02,สุราษฎร์ธานี,9.14,99.33,26.1,31.1,23.5,5.2,12.2
2024-11-03,สุราษฎร์ธานี,9.14,99.33,25.5,29.9,23.6,25.9,12.3
2024-11-04,สุราษฎร์ธานี,9.14,99.33,25.0,29.2,22.5,27.0,11.8
2024-11-05,สุราษฎร์ธานี,9.14,99.33,24.7,28.3,22.8,16.4,13.1
2024-11-06,สุราษฎร์ธานี,9.14,99.33,25.0,28.8,22.8,9.5,14.9
2024-11-07,สุราษฎร์ธานี,9.14,99.33,25.6,30.0,22.3,19.0,11.8
2024-11-08,สุราษฎร์ธานี,9.14,99.33,25.3,29.1,23.1,7.0,13.4
2024-11-09,สุราษฎร์ธานี,9.14,99.33,25.1,28.9,23.4,17.9,14.1
2024-11-10,สุราษฎร์ธานี,9.14,99.33,24.9,27.2,23.4,19.4,13.8
2024-11-11,สุราษฎร์ธานี,9.14,99.33,26.4,30.0,24.0,4.7,14.5
2024-11-12,สุราษฎร์ธานี,9.14,99.33,25.8,29.8,23.2,12.5,14.5
2024-11-13,สุราษฎร์ธานี,9.14,99.33,27.3,31.6,23.9,0.1,12.0
2024-11-14,สุราษฎร์ธานี,9.14,99.33,26.7,30.7,22.6,0.9,10.4
2024-11-15,สุราษฎร์ธานี,9.14,99.33,27.4,32.1,22.9,0.2,9.1
2024-11-16,สุราษฎร์ธานี,9.14,99.33,27.1,31.3,23.1,0.3,12.2
2024-11-17,สุราษฎร์ธานี,9.14,99.33,27.2,31.7,23.5,0.0,13.1
2024-11-18,สุราษฎร์ธานี,9.14,99.33,26.7,30.7,23.5,1.8,17.9
2024-11-19,สุราษฎร์ธานี,9.14,99.33,26.9,30.7,23.6,1.1,17.8
2024-11-20,สุราษฎร์ธานี,9.14,99.33,26.5,30.0,24.1,5.5,17.2
2024-11-21,สุราษฎร์ธานี,9.14,99.33,25.2,27.8,23.9,17.1,15.2
2024-11-22,สุราษฎร์ธานี,9.14,99.33,24.8,27.0,23.4,9.1,14.2
2024-11-23,สุราษฎร์ธานี,9.14,99.33,25.8,30.1,24.2,3.5,19.6
2024-11-24,สุราษฎร์ธานี,9.14,99.33,25.3,27.5,23.5,4.8,19.7
2024-11-25,สุราษฎร์ธานี,9.14,99.33,25.8,28.4,24.0,3.0,18.9
2024-11-26,สุราษฎร์ธานี,9.14,99.33,26.2,29.7,23.9,4.1,19.4
2024-11-27,สุราษฎร์ธานี,9.14,99.33,26.7,31.0,24.0,0.1,16.5
2024-11-28,สุราษฎร์ธานี,9.14,99.33,25.0,26.4,23.2,12.5,16.4
2024-11-29,สุราษฎร์ธานี,9.14,99.33,25.9,29.4,23.1,13.4,25.8
2024-11-30,สุราษฎร์ธานี,9.14,99.33,26.1,29.7,23.5,1.8,18.9
2024-12-01,สุราษฎร์ธานี,9.14,99.33,26.5,30.0,23.5,2.0,18.8
2024-12-02,สุราษฎร์ธานี,9.14,99.33,26.9,30.3,23.8,0.6,14.4
2024-12-03,สุราษฎร์ธานี,9.14,99.33,26.6,29.4,23.7,0.9,14.0
2024-12-04,สุราษฎร์ธานี,9.14,99.33,26.9,29.9,24.6,3.3,11.6
2024-12-05,สุราษฎร์ธานี,9.14,99.33,26.5,30.6,24.7,8.5,11.0
2024-12-06,สุราษฎร์ธานี,9.14,99.33,26.0,29.5,24.2,15.2,15.9
2024-12-07,สุราษฎร์ธานี,9.14,99.33,26.4,30.1,24.1,4.9,13.5
2024-12-08,สุราษฎร์ธานี,9.14,99.33,26.5,31.3,22.8,1.7,18.5
2024-12-09,สุราษฎร์ธานี,9.14,99.33,25.7,28.6,24.3,9.2,10.2
2024-12-10,สุราษฎร์ธานี,9.14,99.33,26.5,30.4,23.7,0.6,15.2
2024-12-11,สุราษฎร์ธานี,9.14,99.33,26.5,30.5,23.0,0.0,17.8
2024-12-12,สุราษฎร์ธานี,9.14,99.33,24.9,26.2,23.7,23.6,14.7
2024-12-13,สุราษฎร์ธานี,9.14,99.33,24.9,28.3,23.6,35.9,14.0
2024-12-14,สุราษฎร์ธานี,9.14,99.33,24.2,26.5,23.5,39.3,18.2
2024-12-15,สุราษฎร์ธานี,9.14,99.33,24.9,27.5,23.4,11.9,18.0
2024-12-16,สุราษฎร์ธานี,9.14,99.33,24.4,25.9,23.6,14.3,17.6
2024-12-17,สุราษฎร์ธานี,9.14,99.33,25.7,28.4,23.8,3.0,17.4
2024-12-18,สุราษฎร์ธานี,9.14,99.33,26.5,30.1,23.6,0.3,19.3
2024-12-19,สุราษฎร์ธานี,9.14,99.33,26.4,30.0,23.6,0.0,20.0
2024-12-20,สุราษฎร์ธานี,9.14,99.33,26.3,29.8,23.0,0.5,19.4
2024-12-21,สุราษฎร์ธานี,9.14,99.33,25.8,28.9,23.0,1.0,16.8
2024-12-22,สุราษฎร์ธานี,9.14,99.33,26.2,29.0,23.5,0.8,18.7
2024-12-23,สุราษฎร์ธานี,9.14,99.33,25.7,28.3,23.8,0.0,18.5
2024-12-24,สุราษฎร์ธานี,9.14,99.33,25.5,29.3,21.6,0.0,15.8
2024-12-25,สุราษฎร์ธานี,9.14,99.33,25.4,28.6,22.8,2.1,18.3
2024-12-26,สุราษฎร์ธานี,9.14,99.33,25.8,29.2,23.0,2.3,22.2
2024-12-27,สุราษฎร์ธานี,9.14,99.33,25.3,27.7,23.6,5.4,19.9
2024-12-28,สุราษฎร์ธานี,9.14,99.33,24.5,26.9,23.2,10.8,16.7
2024-12-29,สุราษฎร์ธานี,9.14,99.33,25.2,28.0,22.8,6.7,18.1
2024-12-30,สุราษฎร์ธานี,9.14,99.33,26.1,30.0,22.9,0.1,18.5
2024-12-31,สุราษฎร์ธานี,9.14,99.33,25.9,28.9,23.3,0.1,17.3
2025-01-01,สุราษฎร์ธานี,9.14,99.33,25.4,29.5,21.6,0.1,16.6
2025-01-02,สุราษฎร์ธานี,9.14,99.33,25.7,29.0,22.4,0.6,16.8
2025-01-03,สุราษฎร์ธานี,9.14,99.33,25.8,29.0,22.9,1.0,19.4
2025-01-04,สุราษฎร์ธานี,9.14,99.33,25.7,29.8,23.0,8.1,16.8
2025-01-05,สุราษฎร์ธานี,9.14,99.33,25.1,29.0,22.9,7.0,18.1
2025-01-06,สุราษฎร์ธานี,9.14,99.33,25.8,29.5,22.8,0.0,18.2
2025-01-07,สุราษฎร์ธานี,9.14,99.33,26.0,29.8,22.9,1.4,16.1
2025-01-08,สุราษฎร์ธานี,9.14,99.33,26.2,30.5,22.5,0.0,15.2
2025-01-09,สุราษฎร์ธานี,9.14,99.33,26.0,30.9,21.6,0.0,16.5
2025-01-10,สุราษฎร์ธานี,9.14,99.33,25.9,29.6,22.6,1.2,20.7
2025-01-11,สุราษฎร์ธานี,9.14,99.33,26.0,28.3,24.0,0.4,24.3
2025-01-12,สุราษฎร์ธานี,9.14,99.33,25.0,26.7,23.8,4.9,29.4
2025-01-13,สุราษฎร์ธานี,9.14,99.33,25.1,27.6,23.0,0.2,22.6
2025-01-14,สุราษฎร์ธานี,9.14,99.33,25.6,29.6,22.8,0.0,18.9
2025-01-15,สุราษฎร์ธานี,9.14,99.33,25.4,28.5,22.0,0.1,20.4
2025-01-16,สุราษฎร์ธานี,9.14,99.33,24.7,28.9,23.0,13.6,18.4
2025-01-17,สุราษฎร์ธานี,9.14,99.33,25.5,29.4,22.2,1.8,26.5
2025-01-18,สุราษฎร์ธานี,9.14,99.33,25.6,28.5,23.2,0.7,22.6
2025-01-19,สุราษฎร์ธานี,9.14,99.33,25.5,29.0,22.8,0.0,17.5
2025-01-20,สุราษฎร์ธานี,9.14,99.33,25.6,29.3,22.4,0.7,16.5
2025-01-21,สุราษฎร์ธานี,9.14,99.33,25.5,28.9,21.7,1.2,16.6
2025-01-22,สุราษฎร์ธานี,9.14,99.33,26.4,30.7,22.8,0.0,17.5
2025-01-23,สุราษฎร์ธานี,9.14,99.33,26.7,31.5,22.6,0.0,15.3
2025-01-24,สุราษฎร์ธานี,9.14,99.33,26.9,30.9,23.5,0.5,14.9
2025-01-25,สุราษฎร์ธานี,9.14,99.33,26.5,30.4,23.6,0.5,15.2
2025-01-26,สุราษฎร์ธานี,9.14,99.33,26.7,30.9,22.8,0.3,16.5
2025-01-27,สุราษฎร์ธานี,9.14,99.33,27.0,31.7,24.0,0.0,19.0
2025-01-28,สุราษฎร์ธานี,9.14,99.33,26.4,30.5,23.8,0.5,22.5
2025-01-29,สุราษฎร์ธานี,9.14,99.33,25.9,30.0,22.8,0.8,22.9
2025-01-30,สุราษฎร์ธานี,9.14,99.33,25.3,30.6,20.5,0.0,17.1
2025-01-31,สุราษฎร์ธานี,9.14,99.33,24.5,29.8,18.9,0.0,14.9
2025-02-01,สุราษฎร์ธานี,9.14,99.33,25.0,30.6,20.6,0.0,14.1
2025-02-02,สุราษฎร์ธานี,9.14,99.33,25.1,31.6,19.5,0.0,11.3
2025-02-03,สุราษฎร์ธานี,9.14,99.33,25.9,32.0,19.8,0.0,14.5
2025-02-04,สุราษฎร์ธานี,9.14,99.33,26.3,32.3,21.3,0.2,17.9
2025-02-05,สุราษฎร์ธานี,9.14,99.33,26.5,32.6,20.9,0.0,16.0
2025-02-06,สุราษฎร์ธานี,9.14,99.33,26.3,31.9,21.4,0.4,14.6
2025-02-07,สุราษฎร์ธานี,9.14,99.33,26.4,31.8,21.3,0.4,16.0
2025-02-08,สุราษฎร์ธานี,9.14,99.33,26.6,32.8,21.2,0.0,18.9
2025-02-09,สุราษฎร์ธานี,9.14,99.33,26.7,32.3,21.5,0.0,20.8
2025-02-10,สุราษฎร์ธานี,9.14,99.33,26.7,31.5,21.9,0.0,18.8
2025-02-11,สุราษฎร์ธานี,9.14,99.33,26.6,32.1,21.7,0.2,18.8
2025-02-12,สุราษฎร์ธานี,9.14,99.33,26.6,32.0,21.9,0.2,17.4
2025-02-13,สุราษฎร์ธานี,9.14,99.33,27.1,33.4,21.4,0.3,19.8
2025-02-14,สุราษฎร์ธานี,9.14,99.33,27.6,32.9,23.4,0.6,16.8
2025-02-15,สุราษฎร์ธานี,9.14,99.33,27.6,32.5,22.8,0.0,14.9
2025-02-16,สุราษฎร์ธานี,9.14,99.33,27.9,32.6,23.1,0.0,14.3
2025-02-17,สุราษฎร์ธานี,9.14,99.33,28.0,33.6,23.3,0.5,18.7
2025-02-18,สุราษฎร์ธานี,9.14,99.33,28.2,33.8,23.5,0.2,17.3
2025-02-19,สุราษฎร์ธานี,9.14,99.33,27.7,33.3,23.1,0.7,18.5
2025-02-20,สุราษฎร์ธานี,9.14,99.33,27.5,32.1,24.6,2.0,21.3
2025-02-21,สุราษฎร์ธานี,9.14,99.33,27.3,33.3,22.9,2.1,21.3
2025-02-22,สุราษฎร์ธานี,9.14,99.33,27.4,32.1,23.9,3.3,18.4
2025-02-23,สุราษฎร์ธานี,9.14,99.33,26.3,30.1,23.1,7.4,18.5
2025-02-24,สุราษฎร์ธานี,9.14,99.33,24.9,29.5,22.8,18.4,21.8
2025-02-25,สุราษฎร์ธานี,9.14,99.33,25.8,29.6,23.3,6.1,26.0
2025-02-26,สุราษฎร์ธานี,9.14,99.33,26.0,29.7,23.9,1.6,22.6
2025-02-27,สุราษฎร์ธานี,9.14,99.33,27.2,31.9,24.0,0.0,22.1
2025-02-28,สุราษฎร์ธานี,9.14,99.33,27.6,32.8,23.8,0.0,18.9
2025-03-01,สุราษฎร์ธานี,9.14,99.33,27.7,33.8,23.3,0.0,16.2
2025-03-02,สุราษฎร์ธานี,9.14,99.33,27.6,34.0,22.1,0.0,15.8
2025-03-03,สุราษฎร์ธานี,9.14,99.33,27.8,33.0,22.9,1.2,14.5
2025-03-04,สุราษฎร์ธานี,9.14,99.33,26.8,32.4,21.5,0.0,18.1
2025-03-05,สุราษฎร์ธานี,9.14,99.33,27.4,33.5,22.0,0.0,15.4
2025-03-06,สุราษฎร์ธานี,9.14,99.33,28.2,33.8,22.8,0.0,15.4
2025-03-07,สุราษฎร์ธานี,9.14,99.33,29.1,36.1,24.0,0.4,21.3
2025-03-08,สุราษฎร์ธานี,9.14,99.33,28.9,34.7,25.1,1.7,22.1
2025-03-09,สุราษฎร์ธานี,9.14,99.33,29.2,34.6,25.1,0.3,22.0
2025-03-10,สุราษฎร์ธานี,9.14,99.33,28.8,33.4,25.6,1.5,25.5
2025-03-11,สุราษฎร์ธานี,9.14,99.33,28.3,33.8,24.7,2.6,17.5
2025-03-12,สุราษฎร์ธานี,9.14,99.33,29.0,34.1,24.2,0.5,12.1
2025-03-13,สุราษฎร์ธานี,9.14,99.33,28.9,34.7,24.1,1.0,19.6
2025-03-14,สุราษฎร์ธานี,9.14,99.33,29.2,36.1,23.6,0.0,19.1
2025-03-15,สุราษฎร์ธานี,9.14,99.33,28.9,36.0,22.9,0.0,18.6
2025-03-16,สุราษฎร์ธานี,9.14,99.33,28.7,34.1,23.9,0.0,16.8
2025-03-17,สุราษฎร์ธานี,9.14,99.33,28.8,34.7,23.8,3.2,17.1
2025-03-18,สุราษฎร์ธานี,9.14,99.33,28.8,34.6,23.9,0.0,18.2
2025-03-19,สุราษฎร์ธานี,9.14,99.33,26.9,32.2,24.1,17.5,19.7
2025-03-20,สุราษฎร์ธานี,9.14,99.33,27.1,32.1,24.0,1.9,25.6
2025-03-21,สุราษฎร์ธานี,9.14,99.33,27.2,31.8,22.5,0.8,21.4
2025-03-22,สุราษฎร์ธานี,9.14,99.33,28.0,32.9,24.4,1.7,19.4
2025-03-23,สุราษฎร์ธานี,9.14,99.33,27.9,32.8,23.3,0.6,15.3
2025-03-24,สุราษฎร์ธานี,9.14,99.33,27.6,33.4,22.7,0.1,13.0
2025-03-25,สุราษฎร์ธานี,9.14,99.33,28.4,34.5,23.1,0.2,13.3
2025-03-26,สุราษฎร์ธานี,9.14,99.33,28.3,34.1,24.6,3.3,12.8
2025-03-27,สุราษฎร์ธานี,9.14,99.33,28.5,34.5,24.3,0.9,11.7
2025-03-28,สุราษฎร์ธานี,9.14,99.33,28.5,34.0,24.5,2.2,12.6
2025-03-29,สุราษฎร์ธานี,9.14,99.33,28.4,33.7,24.8,8.0,13.2
2025-03-30,สุราษฎร์ธานี,9.14,99.33,28.7,34.8,24.2,0.1,18.8
2025-03-31,สุราษฎร์ธานี,9.14,99.33,28.5,34.9,22.0,0.0,17.2
2025-04-01,สุราษฎร์ธานี,9.14,99.33,27.6,33.1,24.5,3.4,11.0
2025-04-02,สุราษฎร์ธานี,9.14,99.33,26.6,30.6,24.5,3.5,17.0
2025-04-03,สุราษฎร์ธานี,9.14,99.33,26.7,30.6,24.5,3.8,21.3
2025-04-04,สุราษฎร์ธานี,9.14,99.33,27.8,33.7,23.5,0.3,17.9
2025-04-05,สุราษฎร์ธานี,9.14,99.33,27.3,33.0,23.8,3.6,9.1
2025-04-06,สุราษฎร์ธานี,9.14,99.33,27.9,33.6,23.6,2.8,14.3
2025-04-07,สุราษฎร์ธานี,9.14,99.33,28.6,35.8,23.4,0.0,17.1
2025-04-08,สุราษฎร์ธานี,9.14,99.33,29.2,36.2,23.5,0.0,20.2
2025-04-09,สุราษฎร์ธานี,9.14,99.33,27.8,33.7,24.6,9.8,12.7
2025-04-10,สุราษฎร์ธานี,9.14,99.33,26.7,33.3,23.8,12.9,11.8
2025-04-11,สุราษฎร์ธานี,9.14,99.33,26.6,32.5,24.0,22.4,11.3
2025-04-12,สุราษฎร์ธานี,9.14,99.33,28.2,33.8,23.7,0.6,10.6
2025-04-13,สุราษฎร์ธานี,9.14,99.33,28.7,35.0,24.9,2.0,12.3
2025-04-14,สุราษฎร์ธานี,9.14,99.33,28.5,35.0,23.9,3.4,13.6
2025-04-15,สุราษฎร์ธานี,9.14,99.33,27.5,33.4,24.8,27.5,16.4
2025-04-16,สุราษฎร์ธานี,9.14,99.33,26.5,30.4,23.9,13.4,7.9
2025-04-17,สุราษฎร์ธานี,9.14,99.33,27.4,32.9,24.2,6.0,11.3
2025-04-18,สุราษฎร์ธานี,9.14,99.33,27.2,33.5,24.1,9.6,7.0
2025-04-19,สุราษฎร์ธานี,9.14,99.33,26.6,31.7,23.5,3.2,9.3
2025-04-20,สุราษฎร์ธานี,9.14,99.33,26.6,32.3,23.3,1.1,13.9
2025-04-21,สุราษฎร์ธานี,9.14,99.33,28.3,34.4,23.0,0.0,14.2
2025-04-22,สุราษฎร์ธานี,9.14,99.33,27.7,33.3,23.4,2.1,10.3
2025-04-23,สุราษฎร์ธานี,9.14,99.33,27.2,33.4,23.8,5.2,10.3
2025-04-24,สุราษฎร์ธานี,9.14,99.33,26.5,33.9,23.8,20.7,13.7
2025-04-25,สุราษฎร์ธานี,9.14,99.33,27.0,33.0,22.8,4.4,10.9
2025-04-26,สุราษฎร์ธานี,9.14,99.33,27.9,33.3,24.0,1.7,15.9
2025-04-27,สุราษฎร์ธานี,9.14,99.33,27.1,32.1,24.7,7.7,13.3
2025-04-28,สุราษฎร์ธานี,9.14,99.33,26.8,33.1,24.2,8.3,10.2
2025-04-29,สุราษฎร์ธานี,9.14,99.33,28.1,33.7,23.4,0.4,11.8
2025-04-30,สุราษฎร์ธานี,9.14,99.33,29.0,34.7,23.8,0.1,13.9
2025-05-01,สุราษฎร์ธานี,9.14,99.33,29.1,33.5,24.7,0.6,11.6
2025-05-02,สุราษฎร์ธานี,9.14,99.33,27.9,34.5,24.4,15.0,11.7
2025-05-03,สุราษฎร์ธานี,9.14,99.33,26.6,31.7,24.9,10.3,10.5
2025-05-04,สุราษฎร์ธานี,9.14,99.33,26.5,31.2,23.8,5.3,10.6
2025-05-05,สุราษฎร์ธานี,9.14,99.33,26.6,33.1,23.9,5.7,10.3
2025-05-06,สุราษฎร์ธานี,9.14,99.33,26.5,32.4,24.0,8.7,13.4
2025-05-07,สุราษฎร์ธานี,9.14,99.33,26.8,31.4,23.9,2.0,19.1
2025-05-08,สุราษฎร์ธานี,9.14,99.33,27.2,32.8,24.5,10.7,12.8
2025-05-09,สุราษฎร์ธานี,9.14,99.33,28.3,33.5,24.8,2.5,13.2
2025-05-10,สุราษฎร์ธานี,9.14,99.33,27.0,31.4,23.5,15.2,13.1
2025-05-11,สุราษฎร์ธานี,9.14,99.33,26.3,31.1,24.6,31.7,13.4
2025-05-12,สุราษฎร์ธานี,9.14,99.33,26.4,30.1,24.3,2.2,16.0
2025-05-13,สุราษฎร์ธานี,9.14,99.33,26.8,32.3,24.5,11.8,20.7
2025-05-14,สุราษฎร์ธานี,9.14,99.33,26.5,31.9,24.2,11.5,12.4
2025-05-15,สุราษฎร์ธานี,9.14,99.33,27.0,32.3,24.9,7.9,16.8
2025-05-16,สุราษฎร์ธานี,9.14,99.33,26.8,31.4,24.0,16.8,7.3
2025-05-17,สุราษฎร์ธานี,9.14,99.33,26.9,30.5,25.1,7.0,11.1
2025-05-18,สุราษฎร์ธานี,9.14,99.33,26.9,31.0,24.1,3.7,10.8
2025-05-19,สุราษฎร์ธานี,9.14,99.33,27.5,31.3,23.9,4.1,10.3
2025-05-20,สุราษฎร์ธานี,9.14,99.33,27.1,31.1,24.1,4.1,10.2
2025-05-21,สุราษฎร์ธานี,9.14,99.33,27.1,31.3,24.8,9.3,14.0
2025-05-22,สุราษฎร์ธานี,9.14,99.33,26.8,29.2,24.7,2.5,10.8
2025-05-23,สุราษฎร์ธานี,9.14,99.33,26.7,31.0,24.8,7.3,16.3
2025-05-24,สุราษฎร์ธานี,9.14,99.33,26.1,27.8,24.9,6.7,16.4
2025-05-25,สุราษฎร์ธานี,9.14,99.33,25.5,27.8,23.7,13.5,24.3
2025-05-26,สุราษฎร์ธานี,9.14,99.33,26.4,30.7,23.3,15.0,17.0
2025-05-27,สุราษฎร์ธานี,9.14,99.33,27.0,30.5,24.2,2.0,18.8
2025-05-28,สุราษฎร์ธานี,9.14,99.33,28.4,32.9,24.9,3.3,12.5
2025-05-29,สุราษฎร์ธานี,9.14,99.33,28.1,31.7,25.4,2.1,17.1
2025-05-30,สุราษฎร์ธานี,9.14,99.33,27.8,32.2,25.2,1.6,12.7
2025-05-31,สุราษฎร์ธานี,9.14,99.33,27.9,33.8,24.5,3.7,13.7
2025-06-01,สุราษฎร์ธานี,9.14,99.33,28.2,33.6,24.7,4.6,21.4
2025-06-02,สุราษฎร์ธานี,9.14,99.33,28.5,34.1,24.7,1.9,15.7
2025-06-03,สุราษฎร์ธานี,9.14,99.33,27.4,31.2,24.9,4.8,17.2
2025-06-04,สุราษฎร์ธานี,9.14,99.33,27.0,33.0,24.5,11.1,15.2
2025-06-05,สุราษฎร์ธานี,9.14,99.33,27.0,33.2,24.3,2.3,19.0
2025-06-06,สุราษฎร์ธานี,9.14,99.33,26.9,32.1,23.7,3.8,14.8
2025-06-07,สุราษฎร์ธานี,9.14,99.33,26.5,31.4,24.4,3.5,20.4
2025-06-08,สุราษฎร์ธานี,9.14,99.33,26.1,31.7,23.7,9.1,17.5
2025-06-09,สุราษฎร์ธานี,9.14,99.33,26.9,31.4,23.8,5.3,19.3
2025-06-10,สุราษฎร์ธานี,9.14,99.33,26.2,28.4,24.3,15.8,19.5
2025-06-11,สุราษฎร์ธานี,9.14,99.33,28.4,33.2,25.0,0.1,20.4
2025-06-12,สุราษฎร์ธานี,9.14,99.33,27.6,32.5,25.2,1.5,22.5
2025-06-13,สุราษฎร์ธานี,9.14,99.33,28.4,33.4,24.6,0.3,17.7
2025-06-14,สุราษฎร์ธานี,9.14,99.33,29.2,34.4,25.3,0.2,17.5
2025-06-15,สุราษฎร์ธานี,9.14,99.33,28.7,35.1,25.6,6.1,11.1
2025-06-16,สุราษฎร์ธานี,9.14,99.33,28.2,33.5,24.7,8.6,12.1
2025-06-17,สุราษฎร์ธานี,9.14,99.33,27.3,33.1,24.3,6.9,16.7
2025-06-18,สุราษฎร์ธานี,9.14,99.33,26.7,32.3,24.4,7.6,12.1
2025-06-19,สุราษฎร์ธานี,9.14,99.33,27.9,33.1,24.2,0.1,14.9
2025-06-20,สุราษฎร์ธานี,9.14,99.33,26.3,30.7,24.3,16.1,17.2
2025-06-21,สุราษฎร์ธานี,9.14,99.33,25.7,29.1,23.9,0.7,17.0
2025-06-22,สุราษฎร์ธานี,9.14,99.33,25.3,28.8,22.9,6.5,17.1
2025-06-23,สุราษฎร์ธานี,9.14,99.33,25.7,30.1,23.2,14.7,20.5
2025-06-24,สุราษฎร์ธานี,9.14,99.33,25.8,29.2,23.0,2.1,17.1
2025-06-25,สุราษฎร์ธานี,9.14,99.33,26.9,31.6,23.9,5.4,15.6
2025-06-26,สุราษฎร์ธานี,9.14,99.33,26.5,31.5,24.3,10.6,13.2
2025-06-27,สุราษฎร์ธานี,9.14,99.33,26.7,31.8,24.4,1.8,16.8
2025-06-28,สุราษฎร์ธานี,9.14,99.33,27.2,31.2,24.0,0.1,18.7
2025-06-29,สุราษฎร์ธานี,9.14,99.33,28.1,32.6,24.1,0.0,19.2
2025-06-30,สุราษฎร์ธานี,9.14,99.33,27.8,31.5,24.4,2.4,15.8
2025-07-01,สุราษฎร์ธานี,9.14,99.33,26.5,31.1,24.5,13.1,17.9
2025-07-02,สุราษฎร์ธานี,9.14,99.33,26.6,31.0,24.2,0.8,18.7
2025-07-03,สุราษฎร์ธานี,9.14,99.33,27.6,32.8,23.0,5.8,20.5
2025-07-04,สุราษฎร์ธานี,9.14,99.33,27.9,32.7,24.5,1.1,18.0
2025-07-05,สุราษฎร์ธานี,9.14,99.33,27.4,32.6,24.6,3.6,20.4
2025-07-06,สุราษฎร์ธานี,9.14,99.33,26.9,32.2,24.5,14.7,19.4
2025-07-07,สุราษฎร์ธานี,9.14,99.33,26.7,31.2,24.3,5.8,20.0
2025-07-08,สุราษฎร์ธานี,9.14,99.33,26.9,30.8,23.9,3.8,20.4
2025-07-09,สุราษฎร์ธานี,9.14,99.33,27.8,32.4,24.3,0.0,17.5
2025-07-10,สุราษฎร์ธานี,9.14,99.33,27.3,32.2,24.3,3.5,16.3
2025-07-11,สุราษฎร์ธานี,9.14,99.33,26.8,30.4,24.4,2.1,17.4
2025-07-12,สุราษฎร์ธานี,9.14,99.33,27.5,33.0,24.7,3.4,18.5
2025-07-13,สุราษฎร์ธานี,9.14,99.33,27.8,33.3,24.0,0.8,19.3
2025-07-14,สุราษฎร์ธานี,9.14,99.33,27.7,32.7,24.8,2.5,23.1
2025-07-15,สุราษฎร์ธานี,9.14,99.33,26.8,31.2,24.4,4.7,20.8
2025-07-16,สุราษฎร์ธานี,9.14,99.33,27.0,32.3,24.1,10.3,17.9
2025-07-17,สุราษฎร์ธานี,9.14,99.33,28.1,32.9,24.5,1.2,18.1
2025-07-18,สุราษฎร์ธานี,9.14,99.33,28.5,32.9,24.4,0.8,22.0
2025-07-19,สุราษฎร์ธานี,9.14,99.33,28.7,33.9,25.2,0.4,21.9
2025-07-20,สุราษฎร์ธานี,9.14,99.33,27.1,30.5,25.1,1.4,23.8
2025-07-21,สุราษฎร์ธานี,9.14,99.33,27.9,32.2,24.9,0.7,25.0
2025-07-22,สุราษฎร์ธานี,9.14,99.33,28.8,33.8,25.0,0.1,26.3
2025-07-23,สุราษฎร์ธานี,9.14,99.33,29.5,35.2,25.9,0.0,27.2
2025-07-24,สุราษฎร์ธานี,9.14,99.33,29.6,36.2,24.8,0.1,23.4
2025-07-25,สุราษฎร์ธานี,9.14,99.33,29.7,36.8,24.3,0.1,25.1
2025-07-26,สุราษฎร์ธานี,9.14,99.33,30.1,36.2,25.1,0.0,23.4
2025-07-27,สุราษฎร์ธานี,9.14,99.33,28.8,34.0,24.9,1.3,22.4
2025-07-28,สุราษฎร์ธานี,9.14,99.33,30.0,36.4,25.5,0.4,21.3
2025-07-29,สุราษฎร์ธานี,9.14,99.33,29.9,34.9,25.3,1.1,20.9
2025-07-30,สุราษฎร์ธานี,9.14,99.33,30.4,36.3,25.5,0.2,24.3
2025-07-31,สุราษฎร์ธานี,9.14,99.33,29.1,35.3,25.5,7.1,13.5
2025-08-01,สุราษฎร์ธานี,9.14,99.33,28.8,36.2,25.2,5.4,23.9
2025-08-02,สุราษฎร์ธานี,9.14,99.33,28.4,35.7,25.1,6.1,14.4
2025-08-03,สุราษฎร์ธานี,9.14,99.33,27.8,32.5,24.0,7.1,15.5
2025-08-04,สุราษฎร์ธานี,9.14,99.33,29.4,35.5,24.8,0.2,17.5
2025-08-05,สุราษฎร์ธานี,9.14,99.33,29.6,35.7,24.9,0.2,16.7
2025-08-06,สุราษฎร์ธานี,9.14,99.33,28.1,34.7,25.0,6.5,18.5
2025-08-07,สุราษฎร์ธานี,9.14,99.33,27.6,32.8,23.1,1.1,14.7
2025-08-08,สุราษฎร์ธานี,9.14,99.33,27.8,35.1,23.7,4.1,11.6
2025-08-09,สุราษฎร์ธานี,9.14,99.33,27.8,35.0,24.1,2.0,14.5
2025-08-10,สุราษฎร์ธานี,9.14,99.33,27.7,33.5,24.9,3.2,11.7
2025-08-11,สุราษฎร์ธานี,9.14,99.33,26.4,29.0,24.2,1.0,19.1
2025-08-12,สุราษฎร์ธานี,9.14,99.33,26.1,30.8,23.4,8.2,19.0
2025-08-13,สุราษฎร์ธานี,9.14,99.33,26.7,31.5,24.3,0.4,14.6
2025-08-14,สุราษฎร์ธานี,9.14,99.33,27.0,31.5,24.3,2.0,20.1
2025-08-15,สุราษฎร์ธานี,9.14,99.33,25.1,28.2,23.2,8.7,15.5
2025-08-16,สุราษฎร์ธานี,9.14,99.33,24.7,27.0,23.6,5.7,15.7
2025-08-17,สุราษฎร์ธานี,9.14,99.33,27.1,31.9,23.1,0.4,15.9
2025-08-18,สุราษฎร์ธานี,9.14,99.33,28.3,33.6,23.6,0.0,13.7
2025-08-19,สุราษฎร์ธานี,9.14,99.33,28.4,33.8,23.7,0.0,10.8
2025-08-20,สุราษฎร์ธานี,9.14,99.33,27.7,33.5,24.0,3.6,7.9
2025-08-21,สุราษฎร์ธานี,9.14,99.33,26.0,30.0,23.7,6.5,17.4
2025-08-22,สุราษฎร์ธานี,9.14,99.33,25.3,30.3,23.0,7.3,15.8
2025-08-23,สุราษฎร์ธานี,9.14,99.33,26.7,31.9,22.9,5.2,16.6
2025-08-24,สุราษฎร์ธานี,9.14,99.33,27.2,31.1,23.8,0.7,19.3
2025-08-25,สุราษฎร์ธานี,9.14,99.33,26.7,32.0,24.4,7.1,23.0
2025-08-26,สุราษฎร์ธานี,9.14,99.33,27.3,33.1,23.7,1.0,18.1
2025-08-27,สุราษฎร์ธานี,9.14,99.33,26.7,32.8,24.0,4.2,17.6
2025-08-28,สุราษฎร์ธานี,9.14,99.33,26.4,29.3,23.8,0.7,17.8
2025-08-29,สุราษฎร์ธานี,9.14,99.33,28.1,33.7,24.0,0.4,21.1
2025-08-30,สุราษฎร์ธานี,9.14,99.33,26.7,30.7,24.4,3.0,20.5
2025-08-31,สุราษฎร์ธานี,9.14,99.33,25.6,29.1,23.8,9.3,19.3
2025-09-01,สุราษฎร์ธานี,9.14,99.33,25.6,28.7,23.1,10.1,21.8
2025-09-02,สุราษฎร์ธานี,9.14,99.33,27.1,31.9,23.9,0.8,17.1
2025-09-03,สุราษฎร์ธานี,9.14,99.33,26.5,31.2,23.8,4.5,20.9
2025-09-04,สุราษฎร์ธานี,9.14,99.33,25.7,28.9,23.7,20.8,19.1
2025-09-05,สุราษฎร์ธานี,9.14,99.33,26.5,32.0,23.8,7.3,18.7
2025-09-06,สุราษฎร์ธานี,9.14,99.33,27.4,32.3,24.0,6.0,18.0
2025-09-07,สุราษฎร์ธานี,9.14,99.33,26.4,32.3,24.0,10.1,18.0
2025-09-08,สุราษฎร์ธานี,9.14,99.33,26.1,31.6,23.9,22.1,17.9
2025-09-09,สุราษฎร์ธานี,9.14,99.33,26.3,29.9,23.8,1.4,17.3
2025-09-10,สุราษฎร์ธานี,9.14,99.33,25.9,30.8,23.9,17.2,10.5
2025-09-11,สุราษฎร์ธานี,9.14,99.33,26.4,32.1,23.4,7.2,15.3
2025-09-12,สุราษฎร์ธานี,9.14,99.33,25.6,31.0,23.4,29.4,12.5
2025-09-13,สุราษฎร์ธานี,9.14,99.33,25.6,30.5,23.5,25.8,12.9
2025-09-14,สุราษฎร์ธานี,9.14,99.33,25.6,30.0,23.2,6.4,11.0
2025-09-15,สุราษฎร์ธานี,9.14,99.33,25.5,29.6,23.3,3.9,19.7
2025-09-16,สุราษฎร์ธานี,9.14,99.33,26.0,30.9,23.2,13.5,22.2
2025-09-17,สุราษฎร์ธานี,9.14,99.33,26.4,30.3,23.9,1.4,16.0
2025-09-18,สุราษฎร์ธานี,9.14,99.33,25.6,29.6,24.1,8.1,18.0
2025-09-19,สุราษฎร์ธานี,9.14,99.33,26.9,31.1,23.3,0.5,17.0
2025-09-20,สุราษฎร์ธานี,9.14,99.33,27.5,32.4,23.7,0.4,18.4
2025-09-21,สุราษฎร์ธานี,9.14,99.33,27.6,33.0,23.9,0.0,16.9
2025-09-22,สุราษฎร์ธานี,9.14,99.33,27.4,33.3,23.2,0.0,14.2
2025-09-23,สุราษฎร์ธานี,9.14,99.33,27.6,33.8,23.1,0.0,19.2
2025-09-24,สุราษฎร์ธานี,9.14,99.33,27.9,32.1,25.0,0.4,21.3
2025-09-25,สุราษฎร์ธานี,9.14,99.33,27.8,32.8,24.6,1.4,21.7
2025-09-26,สุราษฎร์ธานี,9.14,99.33,26.5,30.7,24.8,5.7,13.1
2025-09-27,สุราษฎร์ธานี,9.14,99.33,26.5,29.3,24.6,1.5,10.4
2025-09-28,สุราษฎร์ธานี,9.14,99.33,26.6,31.1,24.0,6.9,17.9
2025-09-29,สุราษฎร์ธานี,9.14,99.33,24.5,27.2,23.1,34.2,20.2
2025-09-30,สุราษฎร์ธานี,9.14,99.33,25.8,30.1,23.2,5.0,24.4
2025-10-01,สุราษฎร์ธานี,9.14,99.33,26.3,32.0,23.6,4.6,11.1
2025-10-02,สุราษฎร์ธานี,9.14,99.33,27.0,31.8,23.7,1.2,10.2
2025-10-03,สุราษฎร์ธานี,9.14,99.33,26.9,32.9,23.2,1.5,10.2
2025-10-04,สุราษฎร์ธานี,9.14,99.33,26.2,31.0,23.0,0.7,16.8
2025-10-05,สุราษฎร์ธานี,9.14,99.33,26.8,32.2,23.5,2.2,12.1
2025-10-06,สุราษฎร์ธานี,9.14,99.33,27.8,33.4,23.7,0.3,14.8
2025-10-07,สุราษฎร์ธานี,9.14,99.33,27.6,32.8,24.2,0.3,12.3
2025-10-08,สุราษฎร์ธานี,9.14,99.33,26.3,30.7,24.1,8.6,9.3
2025-10-09,สุราษฎร์ธานี,9.14,99.33,26.1,30.4,24.0,8.4,9.7
2025-10-10,สุราษฎร์ธานี,9.14,99.33,26.0,29.3,23.7,9.7,10.2
2025-10-11,สุราษฎร์ธานี,9.14,99.33,26.3,31.7,23.4,10.6,10.3
2025-10-12,สุราษฎร์ธานี,9.14,99.33,25.8,30.7,23.8,14.3,11.6
2025-10-13,สุราษฎร์ธานี,9.14,99.33,26.5,31.8,24.0,6.0,11.6
2025-10-14,สุราษฎร์ธานี,9.14,99.33,26.6,29.6,24.4,1.9,8.3
2025-10-15,สุราษฎร์ธานี,9.14,99.33,26.8,31.4,24.1,12.4,14.3
2025-10-16,สุราษฎร์ธานี,9.14,99.33,26.4,30.6,24.3,11.3,20.9
2025-10-17,สุราษฎร์ธานี,9.14,99.33,25.1,27.9,22.8,14.6,18.5
2025-10-18,สุราษฎร์ธานี,9.14,99.33,26.3,29.4,23.9,0.6,14.8
2025-10-19,สุราษฎร์ธานี,9.14,99.33,26.7,30.6,24.2,9.3,12.0
2025-10-20,สุราษฎร์ธานี,9.14,99.33,25.5,29.8,23.5,10.1,10.4
2025-10-21,สุราษฎร์ธานี,9.14,99.33,26.0,31.1,23.1,2.3,13.8
2025-10-22,สุราษฎร์ธานี,9.14,99.33,24.9,28.1,23.1,8.5,12.6
2025-10-23,สุราษฎร์ธานี,9.14,99.33,25.3,27.6,24.1,17.4,11.8
2025-10-24,สุราษฎร์ธานี,9.14,99.33,24.7,27.1,23.8,13.9,9.1
2025-10-25,สุราษฎร์ธานี,9.14,99.33,24.6,26.2,23.5,14.5,8.3
2025-10-26,สุราษฎร์ธานี,9.14,99.33,25.8,28.6,24.0,4.5,9.8
2025-10-27,สุราษฎร์ธานี,9.14,99.33,26.1,29.4,24.5,5.3,12.3
2025-10-28,สุราษฎร์ธานี,9.14,99.33,26.3,29.9,23.5,10.4,11.7
2025-10-29,สุราษฎร์ธานี,9.14,99.33,24.4,25.9,23.4,31.2,9.9
2025-10-30,สุราษฎร์ธานี,9.14,99.33,25.6,29.4,23.4,13.9,8.1
2025-10-31,สุราษฎร์ธานี,9.14,99.33,26.0,30.2,23.5,8.2,13.5
2025-11-01,สุราษฎร์ธานี,9.14,99.33,26.4,30.5,23.7,10.5,17.3
2025-11-02,สุราษฎร์ธานี,9.14,99.33,25.7,30.8,23.6,9.0,13.6
2025-11-03,สุราษฎร์ธานี,9.14,99.33,26.0,31.2,23.8,7.9,14.7
2025-11-04,สุราษฎร์ธานี,9.14,99.33,27.1,32.2,23.4,0.3,12.8
2025-11-05,สุราษฎร์ธานี,9.14,99.33,26.0,30.4,23.6,9.4,16.6
2025-11-06,สุราษฎร์ธานี,9.14,99.33,25.1,29.0,23.3,55.0,11.4
2025-11-07,สุราษฎร์ธานี,9.14,99.33,25.8,30.8,23.7,6.8,13.5
2025-11-08,สุราษฎร์ธานี,9.14,99.33,26.1,29.8,24.0,7.6,13.2
2025-11-09,สุราษฎร์ธานี,9.14,99.33,27.2,32.1,24.1,1.3,8.3
2025-11-10,สุราษฎร์ธานี,9.14,99.33,26.7,32.3,23.9,4.9,14.1
2025-11-11,สุราษฎร์ธานี,9.14,99.33,26.6,32.2,23.7,0.2,17.4
2025-11-12,สุราษฎร์ธานี,9.14,99.33,27.0,30.9,24.1,0.5,9.9
2025-11-13,สุราษฎร์ธานี,9.14,99.33,26.7,30.0,23.5,0.4,10.2
2025-11-14,สุราษฎร์ธานี,9.14,99.33,25.9,30.3,23.6,8.0,14.6
2025-11-15,สุราษฎร์ธานี,9.14,99.33,26.2,29.9,23.7,2.8,20.5
2025-11-16,สุราษฎร์ธานี,9.14,99.33,26.4,30.5,22.1,0.3,15.2
2025-11-17,สุราษฎร์ธานี,9.14,99.33,26.0,29.8,23.5,3.5,15.2
2025-11-18,สุราษฎร์ธานี,9.14,99.33,24.0,25.0,22.5,55.4,13.1
2025-11-19,สุราษฎร์ธานี,9.14,99.33,24.0,24.9,23.0,19.5,17.1
2025-11-20,สุราษฎร์ธานี,9.14,99.33,24.3,26.2,23.6,39.7,21.8
2025-11-21,สุราษฎร์ธานี,9.14,99.33,25.0,27.0,23.3,9.7,24.0
2025-11-22,สุราษฎร์ธานี,9.14,99.33,25.5,27.5,23.9,1.6,24.3
2025-11-23,สุราษฎร์ธานี,9.14,99.33,25.4,28.2,23.6,11.8,26.0
2025-11-24,สุราษฎร์ธานี,9.14,99.33,25.2,28.1,23.3,12.8,21.0
2025-11-25,สุราษฎร์ธานี,9.14,99.33,24.6,28.4,23.2,15.1,20.0
2025-11-26,สุราษฎร์ธานี,9.14,99.33,25.6,28.2,23.5,2.9,27.2
2025-11-27,สุราษฎร์ธานี,9.14,99.33,25.6,28.2,23.2,3.1,26.8
2025-11-28,สุราษฎร์ธานี,9.14,99.33,24.9,27.4,21.9,0.0,20.6
2025-11-29,สุราษฎร์ธานี,9.14,99.33,24.0,28.6,20.9,0.0,14.8
2025-11-30,สุราษฎร์ธานี,9.14,99.33,24.1,28.9,20.0,0.0,13.1
2025-12-01,สุราษฎร์ธานี,9.14,99.33,24.5,29.4,20.3,0.0,12.3
2025-12-02,สุราษฎร์ธานี,9.14,99.33,24.9,30.1,20.5,0.0,12.8
2025-12-03,สุราษฎร์ธานี,9.14,99.33,24.9,29.8,20.7,0.0,13.0
2025-12-04,สุราษฎร์ธานี,9.14,99.33,25.9,30.0,21.7,1.9,17.1
2025-12-05,สุราษฎร์ธานี,9.14,99.33,25.1,28.3,22.7,21.7,12.4
2025-12-06,สุราษฎร์ธานี,9.14,99.33,26.0,29.2,23.7,2.2,17.2
2025-12-07,สุราษฎร์ธานี,9.14,99.33,26.1,30.2,23.3,0.1,17.2
2025-12-08,สุราษฎร์ธานี,9.14,99.33,25.9,29.7,22.5,0.8,20.4
2025-12-09,สุราษฎร์ธานี,9.14,99.33,25.5,29.8,21.9,0.1,22.5
2025-12-10,สุราษฎร์ธานี,9.14,99.33,25.3,29.6,22.1,0.8,14.6
2025-12-11,สุราษฎร์ธานี,9.14,99.33,25.1,28.0,23.1,8.3,20.3
2025-12-12,สุราษฎร์ธานี,9.14,99.33,24.2,26.3,23.2,66.4,13.3
2025-12-13,สุราษฎร์ธานี,9.14,99.33,25.4,29.2,23.3,5.5,17.4
2025-12-14,สุราษฎร์ธานี,9.14,99.33,25.6,29.3,22.8,3.7,18.2
2025-12-15,สุราษฎร์ธานี,9.14,99.33,25.5,29.5,22.9,5.9,19.8
2025-12-16,สุราษฎร์ธานี,9.14,99.33,25.9,29.0,23.3,5.1,20.4
2025-12-17,สุราษฎร์ธานี,9.14,99.33,26.3,29.9,23.7,1.2,19.7
2025-12-18,สุราษฎร์ธานี,9.14,99.33,25.6,29.7,22.9,7.3,18.2
2025-12-19,สุราษฎร์ธานี,9.14,99.33,26.2,29.9,23.1,1.3,17.7
2025-12-20,สุราษฎร์ธานี,9.14,99.33,26.0,29.9,22.7,0.6,17.3
2025-12-21,สุราษฎร์ธานี,9.14,99.33,25.8,29.7,22.4,1.9,18.5
2025-12-22,สุราษฎร์ธานี,9.14,99.33,25.3,29.6,21.0,0.0,14.8
2025-12-23,สุราษฎร์ธานี,9.14,99.33,25.6,29.4,22.2,1.2,15.1
2025-12-24,สุราษฎร์ธานี,9.14,99.33,25.8,30.2,22.3,0.2,15.5
2025-12-25,สุราษฎร์ธานี,9.14,99.33,25.7,29.7,22.2,3.3,15.5
2025-12-26,สุราษฎร์ธานี,9.14,99.33,25.4,29.0,24.1,3.4,20.0
2025-12-27,สุราษฎร์ธานี,9.14,99.33,24.8,26.7,23.3,5.8,16.7
2025-12-28,สุราษฎร์ธานี,9.14,99.33,25.9,29.4,23.4,4.4,17.7
2025-12-29,สุราษฎร์ธานี,9.14,99.33,26.5,30.6,23.6,1.3,15.2
2025-12-30,สุราษฎร์ธานี,9.14,99.33,26.2,29.7,22.6,0.2,13.3
2025-12-31,สุราษฎร์ธานี,9.14,99.33,25.9,30.4,22.5,0.0,14.9
2026-01-01,สุราษฎร์ธานี,9.14,99.33,25.3,30.0,21.5,0.0,14.0
2026-01-02,สุราษฎร์ธานี,9.14,99.33,25.4,29.7,22.4,0.5,17.7
2026-01-03,สุราษฎร์ธานี,9.14,99.33,25.2,29.7,21.9,0.0,21.2
2026-01-04,สุราษฎร์ธานี,9.14,99.33,25.5,29.9,22.1,0.0,19.2
2026-01-05,สุราษฎร์ธานี,9.14,99.33,25.6,29.7,22.3,0.0,17.0
2026-01-06,สุราษฎร์ธานี,9.14,99.33,25.9,30.3,21.9,0.2,18.1
2026-01-07,สุราษฎร์ธานี,9.14,99.33,25.4,29.0,23.5,3.9,21.6
2026-01-08,สุราษฎร์ธานี,9.14,99.33,25.0,28.8,22.5,3.4,25.6
2026-01-09,สุราษฎร์ธานี,9.14,99.33,25.4,28.4,23.5,0.3,21.0
2026-01-10,สุราษฎร์ธานี,9.14,99.33,24.9,28.9,22.0,0.0,15.6
2026-01-11,สุราษฎร์ธานี,9.14,99.33,24.0,27.8,20.8,1.9,17.9
2026-01-12,สุราษฎร์ธานี,9.14,99.33,24.6,29.0,20.6,0.8,14.2
2026-01-13,สุราษฎร์ธานี,9.14,99.33,24.7,29.3,20.5,0.0,14.6
2026-01-14,สุราษฎร์ธานี,9.14,99.33,25.1,30.5,20.7,0.1,15.1
2026-01-15,สุราษฎร์ธานี,9.14,99.33,25.4,29.7,22.1,0.6,15.3
2026-01-16,สุราษฎร์ธานี,9.14,99.33,25.6,30.1,21.9,1.0,13.1
2026-01-17,สุราษฎร์ธานี,9.14,99.33,25.8,30.0,22.6,3.8,12.4
2026-01-18,สุราษฎร์ธานี,9.14,99.33,25.7,30.5,21.8,0.3,14.5
2026-01-19,สุราษฎร์ธานี,9.14,99.33,25.6,30.5,21.4,1.0,13.2
2026-01-20,สุราษฎร์ธานี,9.14,99.33,25.4,31.0,20.9,1.5,14.0
2026-01-21,สุราษฎร์ธานี,9.14,99.33,25.7,31.1,21.8,0.0,17.5
2026-01-22,สุราษฎร์ธานี,9.14,99.33,25.3,31.0,21.0,0.1,20.5
2026-01-23,สุราษฎร์ธานี,9.14,99.33,25.7,30.7,21.7,0.2,19.5
2026-01-24,สุราษฎร์ธานี,9.14,99.33,25.4,29.8,22.1,0.1,19.0
2026-01-25,สุราษฎร์ธานี,9.14,99.33,25.9,30.7,22.4,0.1,18.5
2026-01-26,สุราษฎร์ธานี,9.14,99.33,25.9,31.3,21.9,0.2,17.8
2026-01-27,สุราษฎร์ธานี,9.14,99.33,26.4,31.9,21.6,0.0,16.9
2026-01-28,สุราษฎร์ธานี,9.14,99.33,26.3,31.3,22.1,0.0,17.8
2026-01-29,สุราษฎร์ธานี,9.14,99.33,26.3,31.8,21.5,0.0,16.4
2026-01-30,สุราษฎร์ธานี,9.14,99.33,26.6,32.2,21.7,0.0,16.3
2026-01-31,สุราษฎร์ธานี,9.14,99.33,26.3,32.1,20.9,0.0,16.4
2026-02-01,สุราษฎร์ธานี,9.14,99.33,26.1,32.0,21.2,0.5,18.7
2026-02-02,สุราษฎร์ธานี,9.14,99.33,26.4,32.2,21.8,0.0,21.5
2026-02-03,สุราษฎร์ธานี,9.14,99.33,26.1,31.6,21.0,0.0,21.1
2026-02-04,สุราษฎร์ธานี,9.14,99.33,26.4,32.4,22.2,1.5,19.7
2026-02-05,สุราษฎร์ธานี,9.14,99.33,27.3,32.9,23.0,0.3,15.3
2026-02-06,สุราษฎร์ธานี,9.14,99.33,27.0,32.0,23.0,0.0,12.2
2026-02-07,สุราษฎร์ธานี,9.14,99.33,27.2,31.3,23.2,0.5,15.1
2026-02-08,สุราษฎร์ธานี,9.14,99.33,27.1,32.5,22.8,0.7,16.9
2026-02-09,สุราษฎร์ธานี,9.14,99.33,27.6,32.8,24.3,0.2,20.7
2026-02-10,สุราษฎร์ธานี,9.14,99.33,27.1,33.6,21.5,0.0,17.4
2026-02-11,สุราษฎร์ธานี,9.14,99.33,27.8,33.7,24.2,0.4,19.3
2026-02-12,สุราษฎร์ธานี,9.14,99.33,27.6,33.9,23.6,0.9,17.2
2026-02-13,สุราษฎร์ธานี,9.14,99.33,27.9,33.7,23.5,0.3,16.2
2026-02-14,สุราษฎร์ธานี,9.14,99.33,28.2,34.3,23.5,0.0,18.0
2026-02-15,สุราษฎร์ธานี,9.14,99.33,28.1,34.4,23.8,0.8,17.2
2026-02-16,สุราษฎร์ธานี,9.14,99.33,27.2,32.8,24.1,1.4,17.2
2026-02-17,สุราษฎร์ธานี,9.14,99.33,27.1,32.5,23.4,0.7,19.9
2026-02-18,สุราษฎร์ธานี,9.14,99.33,27.5,31.7,24.5,0.3,24.1
2026-02-19,สุราษฎร์ธานี,9.14,99.33,27.6,32.3,23.8,0.5,23.7
2026-02-20,สุราษฎร์ธานี,9.14,99.33,27.9,33.3,23.6,0.0,21.2
2026-02-21,สุราษฎร์ธานี,9.14,99.33,27.8,34.1,22.2,0.0,17.5
2026-02-22,สุราษฎร์ธานี,9.14,99.33,27.8,33.0,23.4,0.0,14.1
2026-02-23,สุราษฎร์ธานี,9.14,99.33,28.4,33.6,23.7,0.0,14.1
2026-02-24,สุราษฎร์ธานี,9.14,99.33,28.0,33.9,23.8,3.0,13.3
2026-02-25,สุราษฎร์ธานี,9.14,99.33,28.0,33.3,24.1,0.8,15.9
2026-02-26,สุราษฎร์ธานี,9.14,99.33,27.8,34.7,24.2,1.7,15.0
2026-02-27,สุราษฎร์ธานี,9.14,99.33,27.4,34.4,24.0,4.5,13.1
2026-02-28,สุราษฎร์ธานี,9.14,99.33,27.8,33.7,23.8,0.6,11.5
2026-03-01,สุราษฎร์ธานี,9.14,99.33,28.5,33.8,23.7,0.0,6.9
2026-03-02,สุราษฎร์ธานี,9.14,99.33,28.8,34.8,23.5,0.0,10.1
2026-03-03,สุราษฎร์ธานี,9.14,99.33,29.0,35.2,23.5,0.0,11.7
2026-03-04,สุราษฎร์ธานี,9.14,99.33,28.9,35.3,23.7,0.0,12.2
2026-03-05,สุราษฎร์ธานี,9.14,99.33,28.3,34.1,23.7,0.0,15.7
2026-03-06,สุราษฎร์ธานี,9.14,99.33,28.2,33.5,23.1,0.5,18.3
2026-03-07,สุราษฎร์ธานี,9.14,99.33,27.4,33.6,23.3,1.5,19.2
2026-03-08,สุราษฎร์ธานี,9.14,99.33,27.9,34.0,23.1,0.1,18.2
2026-03-09,สุราษฎร์ธานี,9.14,99.33,28.0,34.1,23.1,0.0,19.6
2026-03-10,สุราษฎร์ธานี,9.14,99.33,27.6,33.2,22.8,2.9,21.2
2026-03-11,สุราษฎร์ธานี,9.14,99.33,27.1,32.6,23.8,3.2,19.0
2026-03-12,สุราษฎร์ธานี,9.14,99.33,27.5,34.4,23.3,0.4,18.7
2026-03-13,สุราษฎร์ธานี,9.14,99.33,26.9,32.0,23.2,1.7,24.2
2026-03-14,สุราษฎร์ธานี,9.14,99.33,27.5,32.3,23.9,1.3,21.4
2026-03-15,สุราษฎร์ธานี,9.14,99.33,27.6,34.2,22.6,1.1,19.4
2026-03-16,สุราษฎร์ธานี,9.14,99.33,28.0,34.2,23.0,0.6,18.9
2026-03-17,สุราษฎร์ธานี,9.14,99.33,28.5,35.4,23.1,1.8,16.2
2026-03-18,สุราษฎร์ธานี,9.14,99.33,28.7,35.9,22.7,0.0,19.0
2026-03-19,สุราษฎร์ธานี,9.14,99.33,28.8,35.3,22.8,1.1,17.3
2026-03-20,สุราษฎร์ธานี,9.14,99.33,28.7,34.0,23.7,0.4,18.7
2026-03-21,สุราษฎร์ธานี,9.14,99.33,28.5,36.4,22.5,0.0,21.4
2026-03-22,สุราษฎร์ธานี,9.14,99.33,28.9,35.8,23.2,0.0,21.0
2026-03-23,สุราษฎร์ธานี,9.14,99.33,29.4,35.5,24.3,0.4,16.2
2026-03-24,สุราษฎร์ธานี,9.14,99.33,28.9,35.8,23.5,0.4,16.6
2026-03-25,สุราษฎร์ธานี,9.14,99.33,28.8,35.5,22.6,0.0,17.3
2026-03-26,สุราษฎร์ธานี,9.14,99.33,28.7,35.9,21.6,0.0,17.2
2026-03-27,สุราษฎร์ธานี,9.14,99.33,28.8,35.2,23.1,0.0,17.7
2026-03-28,สุราษฎร์ธานี,9.14,99.33,28.4,34.9,22.5,0.1,19.3
2026-03-29,สุราษฎร์ธานี,9.14,99.33,28.2,34.8,21.7,0.0,19.0
2026-03-30,สุราษฎร์ธานี,9.14,99.33,28.9,35.2,24.6,2.6,17.9
2026-03-31,สุราษฎร์ธานี,9.14,99.33,28.6,34.0,25.3,0.6,14.5
2026-04-01,สุราษฎร์ธานี,9.14,99.33,29.2,35.5,23.8,0.0,13.8
2026-04-02,สุราษฎร์ธานี,9.14,99.33,29.6,35.9,24.9,0.0,20.4
2026-04-03,สุราษฎร์ธานี,9.14,99.33,29.0,35.3,23.4,0.0,19.7
2026-04-04,สุราษฎร์ธานี,9.14,99.33,29.5,36.0,23.6,0.0,13.9
2026-04-05,สุราษฎร์ธานี,9.14,99.33,30.6,36.9,24.8,0.0,14.4
2026-04-06,สุราษฎร์ธานี,9.14,99.33,30.1,36.0,25.9,0.5,19.3
2026-04-07,สุราษฎร์ธานี,9.14,99.33,29.9,36.4,24.9,0.2,11.6
2026-04-08,สุราษฎร์ธานี,9.14,99.33,30.1,36.4,25.3,0.0,13.9
2026-04-09,สุราษฎร์ธานี,9.14,99.33,30.2,36.5,24.6,0.0,16.1
2026-04-10,สุราษฎร์ธานี,9.14,99.33,29.8,35.0,25.1,0.0,16.2
2026-04-11,สุราษฎร์ธานี,9.14,99.33,29.8,35.4,25.3,1.1,12.6
2026-04-12,สุราษฎร์ธานี,9.14,99.33,30.1,36.6,26.0,0.6,14.4
2026-04-13,สุราษฎร์ธานี,9.14,99.33,29.5,35.0,25.5,4.6,15.2
2026-04-14,สุราษฎร์ธานี,9.14,99.33,29.9,35.4,25.1,0.5,12.8
2026-04-15,สุราษฎร์ธานี,9.14,99.33,30.8,37.3,26.1,0.1,13.0
2026-04-16,สุราษฎร์ธานี,9.14,99.33,30.0,34.6,25.3,0.1,13.5
2026-04-17,สุราษฎร์ธานี,9.14,99.33,30.3,36.6,25.5,0.9,13.8
2026-04-18,สุราษฎร์ธานี,9.14,99.33,30.4,36.1,25.5,0.0,16.1
2026-04-19,สุราษฎร์ธานี,9.14,99.33,30.4,36.5,25.1,0.0,15.0
2026-04-20,สุราษฎร์ธานี,9.14,99.33,30.2,35.6,25.1,0.8,16.5
2026-04-21,สุราษฎร์ธานี,9.14,99.33,29.5,35.0,25.7,2.2,14.4
2026-04-22,สุราษฎร์ธานี,9.14,99.33,29.4,35.5,24.8,0.5,13.9
2026-04-23,สุราษฎร์ธานี,9.14,99.33,29.7,34.9,25.7,2.4,11.5
2026-04-24,สุราษฎร์ธานี,9.14,99.33,30.2,35.5,25.6,0.0,18.1
2026-04-25,สุราษฎร์ธานี,9.14,99.33,29.3,35.1,23.1,0.0,22.6
2026-04-26,สุราษฎร์ธานี,9.14,99.33,30.4,36.9,25.2,0.2,18.9
2026-04-27,สุราษฎร์ธานี,9.14,99.33,30.1,37.9,23.5,0.4,18.5
2026-04-28,สุราษฎร์ธานี,9.14,99.33,29.3,35.4,24.6,8.1,13.8
2026-04-29,สุราษฎร์ธานี,9.14,99.33,30.1,35.9,24.9,0.3,13.4
2026-04-30,สุราษฎร์ธานี,9.14,99.33,30.0,35.9,24.4,0.0,16.3
2026-05-01,สุราษฎร์ธานี,9.14,99.33,30.3,37.3,23.9,0.0,17.2
2026-05-02,สุราษฎร์ธานี,9.14,99.33,29.8,36.0,25.8,0.4,10.8
2026-05-03,สุราษฎร์ธานี,9.14,99.33,29.1,35.6,25.0,4.1,15.1
2026-05-04,สุราษฎร์ธานี,9.14,99.33,28.5,34.2,24.9,2.0,12.9
2026-05-05,สุราษฎร์ธานี,9.14,99.33,29.8,36.6,24.4,5.1,14.7
2026-05-06,สุราษฎร์ธานี,9.14,99.33,29.1,35.2,25.7,3.9,15.5
2026-05-07,สุราษฎร์ธานี,9.14,99.33,27.9,32.9,25.3,19.8,14.1
2026-05-08,สุราษฎร์ธานี,9.14,99.33,27.9,32.9,25.3,13.3,8.1
2026-05-09,สุราษฎร์ธานี,9.14,99.33,28.8,34.9,24.6,0.7,17.8
2026-05-10,สุราษฎร์ธานี,9.14,99.33,27.7,33.4,25.5,28.4,13.8
2026-05-11,สุราษฎร์ธานี,9.14,99.33,27.5,30.2,24.9,9.9,12.5
2026-05-12,สุราษฎร์ธานี,9.14,99.33,27.2,32.0,24.8,8.6,9.0
2026-05-13,สุราษฎร์ธานี,9.14,99.33,27.5,33.5,24.6,7.4,6.4
2026-05-14,สุราษฎร์ธานี,9.14,99.33,28.4,32.5,24.8,0.0,14.0
2026-05-15,สุราษฎร์ธานี,9.14,99.33,28.4,34.0,25.0,5.0,19.6
2026-05-16,สุราษฎร์ธานี,9.14,99.33,27.2,29.9,24.9,2.4,18.9
2026-05-17,สุราษฎร์ธานี,9.14,99.33,27.2,33.5,24.6,4.3,17.2
2026-05-18,สุราษฎร์ธานี,9.14,99.33,26.0,29.1,23.6,13.2,17.3
2026-05-19,สุราษฎร์ธานี,9.14,99.33,25.8,27.9,24.8,12.1,16.7
2026-05-20,สุราษฎร์ธานี,9.14,99.33,27.0,31.1,24.3,1.5,14.0
2026-05-21,สุราษฎร์ธานี,9.14,99.33,26.6,31.3,24.0,27.1,15.2
2026-05-22,สุราษฎร์ธานี,9.14,99.33,26.9,31.0,24.7,13.9,18.4
2026-05-23,สุราษฎร์ธานี,9.14,99.33,27.3,32.7,25.0,8.4,12.8
2026-05-24,สุราษฎร์ธานี,9.14,99.33,26.9,31.7,24.7,8.9,13.2
2026-05-25,สุราษฎร์ธานี,9.14,99.33,26.9,31.9,23.9,2.3,18.0
2026-05-26,สุราษฎร์ธานี,9.14,99.33,27.9,32.4,24.1,2.0,17.5
2026-05-27,สุราษฎร์ธานี,9.14,99.33,28.3,33.0,24.3,7.9,15.5
2026-05-28,สุราษฎร์ธานี,9.14,99.33,26.6,30.8,24.9,7.2,17.8
2026-05-29,สุราษฎร์ธานี,9.14,99.33,27.0,32.3,25.1,9.9,17.6
2026-05-30,สุราษฎร์ธานี,9.14,99.33,26.0,29.5,24.5,12.3,14.7
2026-05-31,สุราษฎร์ธานี,9.14,99.33,25.9,30.3,24.3,17.3,15.2
2026-06-01,สุราษฎร์ธานี,9.14,99.33,26.1,29.8,24.1,8.7,14.3
2026-06-02,สุราษฎร์ธานี,9.14,99.33,25.9,29.6,24.2,13.0,19.1
2026-06-03,สุราษฎร์ธานี,9.14,99.33,25.6,27.6,24.1,6.3,20.5
2026-06-04,สุราษฎร์ธานี,9.14,99.33,26.0,28.3,24.6,10.8,19.2
2026-06-05,สุราษฎร์ธานี,9.14,99.33,26.5,32.3,23.8,8.7,18.9
2026-06-06,สุราษฎร์ธานี,9.14,99.33,27.9,32.4,24.4,2.8,18.2
2026-06-07,สุราษฎร์ธานี,9.14,99.33,27.4,31.2,25.5,5.3,16.7
2026-06-08,สุราษฎร์ธานี,9.14,99.33,28.6,33.2,25.2,0.8,16.6
2026-06-09,สุราษฎร์ธานี,9.14,99.33,27.9,31.9,25.1,1.6,17.2
2026-06-10,สุราษฎร์ธานี,9.14,99.33,26.1,31.2,24.1,22.6,17.1
2026-06-11,สุราษฎร์ธานี,9.14,99.33,26.5,32.2,24.0,14.5,14.4
2026-06-12,สุราษฎร์ธานี,9.14,99.33,27.5,32.2,24.5,1.7,8.3
2026-06-13,สุราษฎร์ธานี,9.14,99.33,28.5,33.4,24.2,1.0,7.5
2026-06-14,สุราษฎร์ธานี,9.14,99.33,27.5,33.4,24.1,10.2,18.6
2026-06-15,สุราษฎร์ธานี,9.14,99.33,27.0,33.3,24.2,9.5,16.6
2026-06-16,สุราษฎร์ธานี,9.14,99.33,27.2,32.5,24.3,6.5,12.5
2026-06-17,สุราษฎร์ธานี,9.14,99.33,27.0,32.9,24.6,2.2,11.9
2026-06-18,สุราษฎร์ธานี,9.14,99.33,27.1,33.1,23.3,2.9,9.7
2026-06-19,สุราษฎร์ธานี,9.14,99.33,27.3,33.0,23.6,2.5,8.3
2026-06-20,สุราษฎร์ธานี,9.14,99.33,26.7,32.0,23.8,2.0,10.6
2026-06-21,สุราษฎร์ธานี,9.14,99.33,26.3,31.4,24.0,10.7,12.1
2026-06-22,สุราษฎร์ธานี,9.14,99.33,27.3,31.9,23.7,2.2,8.3
2026-06-23,สุราษฎร์ธานี,9.14,99.33,27.3,33.0,24.0,7.1,10.5
2026-06-24,สุราษฎร์ธานี,9.14,99.33,28.0,32.5,24.4,1.9,12.6
2026-06-25,สุราษฎร์ธานี,9.14,99.33,28.0,33.3,24.0,11.3,16.6
2026-06-26,สุราษฎร์ธานี,9.14,99.33,27.1,33.1,24.7,5.6,21.1
2026-06-27,สุราษฎร์ธานี,9.14,99.33,27.3,32.1,24.0,2.0,16.6
2026-06-28,สุราษฎร์ธานี,9.14,99.33,26.7,31.6,24.6,11.7,16.4
2026-06-29,สุราษฎร์ธานี,9.14,99.33,26.9,31.2,24.1,1.4,17.8
2026-06-30,สุราษฎร์ธานี,9.14,99.33,27.2,32.0,24.5,1.9,16.2
2026-07-01,สุราษฎร์ธานี,9.14,99.33,26.0,27.3,24.1,4.6,19.2
2026-07-02,สุราษฎร์ธานี,9.14,99.33,26.2,29.9,24.6,9.0,17.0
2026-07-03,สุราษฎร์ธานี,9.14,99.33,26.4,31.5,23.6,12.3,19.6
2026-07-04,สุราษฎร์ธานี,9.14,99.33,27.4,32.6,24.4,1.5,17.0
2026-07-05,สุราษฎร์ธานี,9.14,99.33,28.0,32.7,24.7,1.3,13.9
2026-07-06,สุราษฎร์ธานี,9.14,99.33,28.1,32.7,25.1,2.8,12.5
2026-07-07,สุราษฎร์ธานี,9.14,99.33,27.9,31.7,25.2,1.5,16.3
2026-07-08,สุราษฎร์ธานี,9.14,99.33,28.2,33.6,25.4,0.6,23.7
2026-07-09,สุราษฎร์ธานี,9.14,99.33,27.8,33.0,24.1,0.3,15.6
2026-07-10,สุราษฎร์ธานี,9.14,99.33,28.2,33.0,24.4,0.8,18.1
2026-07-11,สุราษฎร์ธานี,9.14,99.33,28.3,32.8,24.8,0.3,21.2
2026-07-12,สุราษฎร์ธานี,9.14,99.33,28.5,33.0,25.6,0.9,25.5
2026-07-13,สุราษฎร์ธานี,9.14,99.33,27.0,29.8,25.9,4.6,17.2
2026-07-14,สุราษฎร์ธานี,9.14,99.33,26.9,31.9,24.6,4.6,20.7
2026-07-15,สุราษฎร์ธานี,9.14,99.33,26.8,30.8,24.8,6.8,19.2
2026-07-16,สุราษฎร์ธานี,9.14,99.33,28.2,33.0,24.2,0.3,13.7
2026-07-17,สุราษฎร์ธานี,9.14,99.33,27.9,32.7,24.1,1.4,14.1
2026-07-18,สุราษฎร์ธานี,9.14,99.33,27.6,32.7,24.5,2.8,11.7
2026-07-19,สุราษฎร์ธานี,9.14,99.33,28.2,32.9,24.3,0.9,12.2
2026-07-20,สุราษฎร์ธานี,9.14,99.33,28.3,33.3,24.1,0.4,10.7
2026-07-21,สุราษฎร์ธานี,9.14,99.33,28.6,33.7,24.1,1.4,11.2
2026-07-22,สุราษฎร์ธานี,9.14,99.33,28.7,33.6,24.6,0.2,14.6
2026-07-23,สุราษฎร์ธานี,9.14,99.33,27.5,32.4,24.7,4.1,15.2
2026-07-24,สุราษฎร์ธานี,9.14,99.33,25.9,30.6,23.5,11.6,22.0
2026-07-25,สุราษฎร์ธานี,9.14,99.33,26.9,30.9,24.3,1.1,14.4
2026-07-26,สุราษฎร์ธานี,9.14,99.33,27.9,33.0,24.5,1.2,20.8
2026-07-27,สุราษฎร์ธานี,9.14,99.33,27.3,30.6,25.1,7.6,14.5
2026-07-28,สุราษฎร์ธานี,9.14,99.33,26.4,31.3,23.9,12.9,13.3
2026-07-29,สุราษฎร์ธานี,9.14,99.33,25.5,28.8,22.6,4.9,15.9
2026-07-30,สุราษฎร์ธานี,9.14,99.33,25.8,28.0,23.7,3.8,14.8
2026-07-31,สุราษฎร์ธานี,9.14,99.33,27.1,32.3,23.9,2.0,17.0
2026-08-01,สุราษฎร์ธานี,9.14,99.33,27.2,32.4,24.3,7.3,11.6
2026-08-02,สุราษฎร์ธานี,9.14,99.33,27.5,32.5,24.6,5.6,10.8
2026-08-03,สุราษฎร์ธานี,9.14,99.33,28.0,33.3,24.2,3.0,15.4
2026-08-04,สุราษฎร์ธานี,9.14,99.33,27.3,31.9,24.5,5.5,12.2
2026-08-05,สุราษฎร์ธานี,9.14,99.33,26.9,30.4,24.8,7.1,20.7
2026-08-06,สุราษฎร์ธานี,9.14,99.33,27.9,32.5,24.7,1.1,22.0
2026-08-07,สุราษฎร์ธานี,9.14,99.33,28.3,32.6,25.1,0.5,21.3
2026-08-08,สุราษฎร์ธานี,9.14,99.33,27.9,31.8,25.6,1.1,19.4
2026-08-09,สุราษฎร์ธานี,9.14,99.33,28.0,32.2,24.8,2.3,21.3
2026-08-10,สุราษฎร์ธานี,9.14,99.33,28.6,33.1,25.3,0.5,21.8
2026-08-11,สุราษฎร์ธานี,9.14,99.33,28.7,33.9,25.4,0.0,19.2
2026-08-12,สุราษฎร์ธานี,9.14,99.33,27.8,34.2,24.6,0.7,20.4
2026-08-13,สุราษฎร์ธานี,9.14,99.33,27.5,32.6,24.2,3.4,17.6
2026-08-14,สุราษฎร์ธานี,9.14,99.33,27.9,32.9,24.6,1.3,21.9
2026-08-15,สุราษฎร์ธานี,9.14,99.33,28.4,33.3,25.2,0.2,23.1
2026-08-16,สุราษฎร์ธานี,9.14,99.33,27.4,32.4,24.7,12.7,17.4
2026-08-17,สุราษฎร์ธานี,9.14,99.33,27.6,33.3,25.0,6.2,16.7
2026-08-18,สุราษฎร์ธานี,9.14,99.33,26.9,29.9,25.1,13.7,16.5
2026-08-19,สุราษฎร์ธานี,9.14,99.33,28.3,32.8,24.9,0.3,21.7
2026-08-20,สุราษฎร์ธานี,9.14,99.33,27.8,32.1,25.8,0.8,21.5
2026-08-21,สุราษฎร์ธานี,9.14,99.33,26.7,29.3,24.7,5.1,18.6
2026-08-22,สุราษฎร์ธานี,9.14,99.33,28.0,32.6,24.0,0.4,12.6
2026-08-23,สุราษฎร์ธานี,9.14,99.33,28.3,32.8,24.8,0.7,15.9
2026-08-24,สุราษฎร์ธานี,9.14,99.33,26.2,29.2,25.2,18.4,17.3
2026-08-25,สุราษฎร์ธานี,9.14,99.33,26.8,30.1,24.5,1.1,16.9
2026-08-26,สุราษฎร์ธานี,9.14,99.33,27.6,32.3,24.6,4.6,23.0
2026-08-27,สุราษฎร์ธานี,9.14,99.33,28.0,32.8,25.2,1.5,21.4
2026-08-28,สุราษฎร์ธานี,9.14,99.33,26.4,29.0,24.1,5.6,20.0
2026-08-29,สุราษฎร์ธานี,9.14,99.33,27.1,31.2,24.8,1.4,21.4
2026-08-30,สุราษฎร์ธานี,9.14,99.33,28.0,32.3,24.9,1.0,20.9
2026-08-31,สุราษฎร์ธานี,9.14,99.33,27.7,31.6,24.8,2.0,20.9
2026-09-01,สุราษฎร์ธานี,9.14,99.33,28.4,33.4,24.5,0.6,16.6
2026-09-02,สุราษฎร์ธานี,9.14,99.33,27.2,31.7,24.8,4.2,18.7
2026-09-03,สุราษฎร์ธานี,9.14,99.33,26.6,33.0,24.4,16.9,14.8
2026-09-04,สุราษฎร์ธานี,9.14,99.33,27.5,32.3,23.9,1.1,17.2
2026-09-05,สุราษฎร์ธานี,9.14,99.33,27.6,32.2,24.5,1.0,13.3
2026-09-06,สุราษฎร์ธานี,9.14,99.33,28.4,33.5,24.8,1.0,16.7
2026-09-07,สุราษฎร์ธานี,9.14,99.33,28.4,33.2,24.6,0.4,14.9
2026-09-08,สุราษฎร์ธานี,9.14,99.33,28.6,33.0,25.1,0.6,16.8
2026-09-09,สุราษฎร์ธานี,9.14,99.33,27.5,33.8,25.3,17.7,15.8
2026-09-10,สุราษฎร์ธานี,9.14,99.33,26.5,30.1,24.5,14.4,14.3
2026-09-11,สุราษฎร์ธานี,9.14,99.33,25.4,28.0,24.3,15.2,8.0
2026-09-12,สุราษฎร์ธานี,9.14,99.33,25.6,29.3,24.1,7.5,9.3
2026-09-13,สุราษฎร์ธานี,9.14,99.33,25.5,29.7,23.9,20.9,10.3
2026-09-14,สุราษฎร์ธานี,9.14,99.33,25.9,29.7,24.0,9.0,14.3
2026-09-15,สุราษฎร์ธานี,9.14,99.33,26.6,31.8,24.1,10.8,13.9
2026-09-16,สุราษฎร์ธานี,9.14,99.33,26.6,32.3,24.2,8.9,18.0
2026-09-17,สุราษฎร์ธานี,9.14,99.33,26.1,29.9,23.6,6.4,15.8
2026-09-18,สุราษฎร์ธานี,9.14,99.33,25.4,27.3,24.3,14.7,17.3
2026-09-19,สุราษฎร์ธานี,9.14,99.33,26.4,30.6,23.9,16.7,16.5
2026-09-20,สุราษฎร์ธานี,9.14,99.33,26.4,31.2,24.1,13.3,11.6
2026-09-21,สุราษฎร์ธานี,9.14,99.33,27.6,32.5,24.3,1.2,12.6
2026-09-22,สุราษฎร์ธานี,9.14,99.33,26.2,29.8,24.7,12.2,11.8
2026-09-23,สุราษฎร์ธานี,9.14,99.33,26.2,29.0,24.0,31.7,13.7
2026-09-24,สุราษฎร์ธานี,9.14,99.33,26.6,31.5,24.1,14.3,11.9
2021-01-01,สงขลา,7.19,100.59,26.1,28.0,23.8,8.0,25.8
2021-01-02,สงขลา,7.19,100.59,26.0,27.8,24.6,5.0,20.7
2021-01-03,สงขลา,7.19,100.59,26.1,27.6,24.8,6.0,23.8
2021-01-04,สงขลา,7.19,100.59,25.4,27.5,23.7,13.9,25.2
2021-01-05,สงขลา,7.19,100.59,25.1,26.7,24.1,18.3,17.3
2021-01-06,สงขลา,7.19,100.59,25.4,27.5,24.2,11.4,20.1
2021-01-07,สงขลา,7.19,100.59,25.9,27.7,24.3,11.9,20.2
2021-01-08,สงขลา,7.19,100.59,26.6,27.9,25.8,1.5,26.6
2021-01-09,สงขลา,7.19,100.59,26.2,27.6,25.5,2.3,25.6
2021-01-10,สงขลา,7.19,100.59,25.4,26.2,23.9,8.5,20.3
2021-01-11,สงขลา,7.19,100.59,25.4,27.8,23.8,4.4,21.3
2021-01-12,สงขลา,7.19,100.59,25.2,26.8,23.3,5.6,24.0
2021-01-13,สงขลา,7.19,100.59,24.8,26.6,23.1,4.5,23.9
2021-01-14,สงขลา,7.19,100.59,25.3,26.7,23.5,2.8,21.0
2021-01-15,สงขลา,7.19,100.59,25.9,27.9,24.0,0.0,20.0
2021-01-16,สงขลา,7.19,100.59,25.5,26.5,24.4,2.1,16.6
2021-01-17,สงขลา,7.19,100.59,26.1,27.8,24.6,0.0,22.1
2021-01-18,สงขลา,7.19,100.59,25.5,26.8,24.1,1.4,28.1
2021-01-19,สงขลา,7.19,100.59,25.3,27.6,23.6,0.1,20.3
2021-01-20,สงขลา,7.19,100.59,25.5,27.8,23.6,0.0,14.5
2021-01-21,สงขลา,7.19,100.59,25.5,27.5,22.9,0.5,14.0
2021-01-22,สงขลา,7.19,100.59,25.4,27.9,23.1,0.2,11.4
2021-01-23,สงขลา,7.19,100.59,26.1,28.3,23.7,0.2,15.2
2021-01-24,สงขลา,7.19,100.59,26.1,28.2,23.8,0.5,17.7
2021-01-25,สงขลา,7.19,100.59,26.2,28.2,23.9,0.1,17.8
2021-01-26,สงขลา,7.19,100.59,26.0,28.3,23.9,0.0,19.9
2021-01-27,สงขลา,7.19,100.59,26.1,28.3,24.1,1.2,19.7
2021-01-28,สงขลา,7.19,100.59,26.3,28.7,24.1,0.0,19.7
2021-01-29,สงขลา,7.19,100.59,26.1,28.4,24.1,0.0,23.5
2021-01-30,สงขลา,7.19,100.59,26.3,28.2,24.1,0.0,23.8
2021-01-31,สงขลา,7.19,100.59,25.9,27.8,23.9,2.4,23.5
2021-02-01,สงขลา,7.19,100.59,26.4,28.7,24.9,2.1,24.2
2021-02-02,สงขลา,7.19,100.59,26.3,28.7,24.2,0.0,19.5
2021-02-03,สงขลา,7.19,100.59,26.2,28.7,24.6,0.3,22.7
2021-02-04,สงขลา,7.19,100.59,25.8,27.8,23.7,0.3,23.8
2021-02-05,สงขลา,7.19,100.59,26.1,28.6,23.6,0.0,21.5
2021-02-06,สงขลา,7.19,100.59,26.4,28.7,24.1,0.6,21.4
2021-02-07,สงขลา,7.19,100.59,26.4,29.0,24.0,0.0,19.7
2021-02-08,สงขลา,7.19,100.59,26.7,29.2,24.6,0.0,20.4
2021-02-09,สงขลา,7.19,100.59,26.5,29.2,24.2,0.0,16.1
2021-02-10,สงขลา,7.19,100.59,26.7,29.0,24.7,0.1,16.1
2021-02-11,สงขลา,7.19,100.59,27.1,29.4,25.4,0.1,15.6
2021-02-12,สงขลา,7.19,100.59,26.9,28.9,25.2,0.4,15.4
2021-02-13,สงขลา,7.19,100.59,26.6,29.1,24.5,0.0,15.3
2021-02-14,สงขลา,7.19,100.59,26.4,28.9,24.4,0.1,17.3
2021-02-15,สงขลา,7.19,100.59,26.2,28.8,23.6,0.0,16.3
2021-02-16,สงขลา,7.19,100.59,26.1,29.2,23.9,0.0,18.3
2021-02-17,สงขลา,7.19,100.59,26.0,28.8,23.3,0.0,24.3
2021-02-18,สงขลา,7.19,100.59,26.0,28.5,24.1,0.2,24.5
2021-02-19,สงขลา,7.19,100.59,26.2,28.3,24.9,1.0,29.6
2021-02-20,สงขลา,7.19,100.59,26.2,28.4,24.5,0.1,26.4
2021-02-21,สงขลา,7.19,100.59,26.2,28.7,24.8,0.0,22.1
2021-02-22,สงขลา,7.19,100.59,25.9,28.9,23.4,0.0,19.7
2021-02-23,สงขลา,7.19,100.59,25.4,28.4,23.1,0.0,15.0
2021-02-24,สงขลา,7.19,100.59,25.4,28.8,21.9,0.0,14.6
2021-02-25,สงขลา,7.19,100.59,26.0,29.9,22.4,0.0,14.6
2021-02-26,สงขลา,7.19,100.59,26.7,32.1,22.8,0.0,14.0
2021-02-27,สงขลา,7.19,100.59,26.5,31.1,22.5,0.0,15.5
2021-02-28,สงขลา,7.19,100.59,26.2,29.8,22.2,0.0,16.3
2021-03-01,สงขลา,7.19,100.59,27.1,30.3,24.8,0.0,16.4
2021-03-02,สงขลา,7.19,100.59,27.3,30.0,25.1,0.0,18.4
2021-03-03,สงขลา,7.19,100.59,27.5,30.6,25.0,0.4,19.6
2021-03-04,สงขลา,7.19,100.59,27.1,29.5,25.3,0.9,25.4
2021-03-05,สงขลา,7.19,100.59,27.4,30.3,25.5,0.2,21.3
2021-03-06,สงขลา,7.19,100.59,27.3,30.1,25.6,0.8,18.0
2021-03-07,สงขลา,7.19,100.59,27.2,29.9,24.8,0.0,18.4
2021-03-08,สงขลา,7.19,100.59,26.9,30.0,24.3,0.4,19.2
2021-03-09,สงขลา,7.19,100.59,27.1,29.9,24.9,0.1,19.3
2021-03-10,สงขลา,7.19,100.59,26.9,29.7,24.2,0.0,18.1
2021-03-11,สงขลา,7.19,100.59,27.4,29.9,25.1,0.2,20.3
2021-03-12,สงขลา,7.19,100.59,27.2,29.8,25.0,0.6,18.4
2021-03-13,สงขลา,7.19,100.59,27.1,30.1,23.9,0.2,17.1
2021-03-14,สงขลา,7.19,100.59,27.3,30.0,25.2,0.0,17.9
2021-03-15,สงขลา,7.19,100.59,27.2,30.1,24.9,0.3,19.7
2021-03-16,สงขลา,7.19,100.59,27.0,29.8,24.5,0.0,18.2
2021-03-17,สงขลา,7.19,100.59,26.7,30.1,23.8,0.0,14.6
2021-03-18,สงขลา,7.19,100.59,26.9,30.0,24.7,0.0,15.5
2021-03-19,สงขลา,7.19,100.59,26.7,30.0,24.0,0.0,14.0
2021-03-20,สงขลา,7.19,100.59,26.6,30.6,22.8,0.0,15.3
2021-03-21,สงขลา,7.19,100.59,27.4,30.5,24.4,0.0,16.3
2021-03-22,สงขลา,7.19,100.59,28.0,30.6,25.8,0.2,23.2
2021-03-23,สงขลา,7.19,100.59,27.3,29.9,25.3,12.3,25.8
2021-03-24,สงขลา,7.19,100.59,26.4,29.2,24.7,10.8,22.0
2021-03-25,สงขลา,7.19,100.59,26.8,29.6,24.5,3.0,21.7
2021-03-26,สงขลา,7.19,100.59,26.9,29.8,25.5,11.2,18.7
2021-03-27,สงขลา,7.19,100.59,27.3,30.2,25.0,0.0,21.6
2021-03-28,สงขลา,7.19,100.59,26.9,30.1,24.1,7.3,14.1
2021-03-29,สงขลา,7.19,100.59,27.1,30.6,24.8,4.9,11.5
2021-03-30,สงขลา,7.19,100.59,27.3,30.9,25.2,27.1,11.3
2021-03-31,สงขลา,7.19,100.59,27.6,31.3,24.5,1.1,8.7
2021-04-01,สงขลา,7.19,100.59,28.0,31.9,25.5,11.2,7.4
2021-04-02,สงขลา,7.19,100.59,28.2,32.1,25.8,2.0,21.5
2021-04-03,สงขลา,7.19,100.59,27.9,31.8,25.1,0.4,11.6
2021-04-04,สงขลา,7.19,100.59,27.0,30.5,24.1,14.0,12.0
2021-04-05,สงขลา,7.19,100.59,27.6,29.7,24.7,3.7,12.6
2021-04-06,สงขลา,7.19,100.59,28.1,30.3,25.8,4.7,17.3
2021-04-07,สงขลา,7.19,100.59,27.7,30.1,25.5,1.5,15.7
2021-04-08,สงขลา,7.19,100.59,27.7,30.6,25.3,0.0,14.0
2021-04-09,สงขลา,7.19,100.59,28.0,30.8,25.0,0.1,12.8
2021-04-10,สงขลา,7.19,100.59,28.2,31.0,25.5,0.1,15.2
2021-04-11,สงขลา,7.19,100.59,28.3,31.0,26.1,0.9,18.8
2021-04-12,สงขลา,7.19,100.59,27.4,31.1,24.8,2.5,19.4
2021-04-13,สงขลา,7.19,100.59,27.1,30.8,24.8,5.5,12.4
2021-04-14,สงขลา,7.19,100.59,26.9,30.8,24.1,9.0,10.1
2021-04-15,สงขลา,7.19,100.59,27.4,30.9,24.6,2.2,8.4
2021-04-16,สงขลา,7.19,100.59,27.9,32.0,24.8,4.0,9.7
2021-04-17,สงขลา,7.19,100.59,27.5,30.5,24.4,4.5,8.2
2021-04-18,สงขลา,7.19,100.59,27.5,30.9,24.4,1.4,12.4
2021-04-19,สงขลา,7.19,100.59,27.5,32.0,24.1,11.4,13.9
2021-04-20,สงขลา,7.19,100.59,27.3,31.4,24.4,5.4,10.4
2021-04-21,สงขลา,7.19,100.59,27.8,31.9,25.2,4.6,11.7
2021-04-22,สงขลา,7.19,100.59,27.3,31.4,25.0,15.2,11.5
2021-04-23,สงขลา,7.19,100.59,27.1,31.1,24.7,5.0,18.0
2021-04-24,สงขลา,7.19,100.59,27.4,31.9,24.8,5.7,17.8
2021-04-25,สงขลา,7.19,100.59,27.5,31.6,24.8,5.5,12.2
2021-04-26,สงขลา,7.19,100.59,27.7,31.2,25.0,3.4,11.2
2021-04-27,สงขลา,7.19,100.59,27.0,31.0,24.6,7.8,10.9
2021-04-28,สงขลา,7.19,100.59,27.3,30.7,25.2,1.3,11.0
2021-04-29,สงขลา,7.19,100.59,26.7,30.1,24.4,10.4,11.2
2021-04-30,สงขลา,7.19,100.59,27.1,30.3,24.8,17.1,13.2
2021-05-01,สงขลา,7.19,100.59,26.6,29.8,24.5,5.7,14.3
2021-05-02,สงขลา,7.19,100.59,28.3,30.8,26.1,4.2,22.0
2021-05-03,สงขลา,7.19,100.59,28.1,30.7,25.0,1.1,17.7
2021-05-04,สงขลา,7.19,100.59,27.7,30.4,25.8,2.8,16.5
2021-05-05,สงขลา,7.19,100.59,27.2,29.5,25.5,9.1,14.2
2021-05-06,สงขลา,7.19,100.59,26.3,28.3,25.2,37.6,13.6
2021-05-07,สงขลา,7.19,100.59,27.3,30.3,25.7,10.1,15.5
2021-05-08,สงขลา,7.19,100.59,27.0,29.0,24.8,8.0,11.1
2021-05-09,สงขลา,7.19,100.59,28.0,30.4,25.5,3.6,10.7
2021-05-10,สงขลา,7.19,100.59,28.0,30.0,25.5,5.5,9.4
2021-05-11,สงขลา,7.19,100.59,28.2,31.1,25.9,2.8,13.4
2021-05-12,สงขลา,7.19,100.59,27.4,30.1,25.3,4.8,8.7
2021-05-13,สงขลา,7.19,100.59,28.1,31.4,25.1,0.0,11.4
2021-05-14,สงขลา,7.19,100.59,28.4,31.6,25.5,2.4,9.2
2021-05-15,สงขลา,7.19,100.59,28.3,31.9,25.1,1.0,10.2
2021-05-16,สงขลา,7.19,100.59,28.4,32.0,25.5,3.4,11.7
2021-05-17,สงขลา,7.19,100.59,28.2,32.2,25.9,6.8,8.6
2021-05-18,สงขลา,7.19,100.59,27.6,31.5,24.6,17.0,11.6
2021-05-19,สงขลา,7.19,100.59,27.6,30.5,26.0,16.4,10.5
2021-05-20,สงขลา,7.19,100.59,28.2,30.7,25.7,0.1,12.4
2021-05-21,สงขลา,7.19,100.59,27.4,30.7,25.1,10.7,13.3
2021-05-22,สงขลา,7.19,100.59,27.7,32.1,25.0,1.7,14.8
2021-05-23,สงขลา,7.19,100.59,28.7,32.7,25.2,0.1,15.6
2021-05-24,สงขลา,7.19,100.59,29.1,32.5,26.3,1.2,13.2
2021-05-25,สงขลา,7.19,100.59,28.7,33.4,25.0,0.9,15.8
2021-05-26,สงขลา,7.19,100.59,28.3,31.0,25.7,0.9,8.9
2021-05-27,สงขลา,7.19,100.59,27.9,31.3,25.7,3.6,16.4
2021-05-28,สงขลา,7.19,100.59,27.8,31.6,25.5,12.6,9.7
2021-05-29,สงขลา,7.19,100.59,28.7,32.5,25.3,3.0,11.6
2021-05-30,สงขลา,7.19,100.59,28.0,31.4,25.7,7.6,10.2
2021-05-31,สงขลา,7.19,100.59,27.9,31.5,25.3,8.0,5.9
2021-06-01,สงขลา,7.19,100.59,27.8,30.7,25.4,0.7,9.0
2021-06-02,สงขลา,7.19,100.59,28.1,32.3,25.7,5.5,7.9
2021-06-03,สงขลา,7.19,100.59,28.2,32.3,25.9,4.5,8.0
2021-06-04,สงขลา,7.19,100.59,27.6,31.7,25.8,22.5,11.8
2021-06-05,สงขลา,7.19,100.59,27.1,31.7,25.2,24.0,15.3
2021-06-06,สงขลา,7.19,100.59,27.5,31.6,25.3,8.1,14.3
2021-06-07,สงขลา,7.19,100.59,28.0,30.9,25.4,0.1,12.6
2021-06-08,สงขลา,7.19,100.59,28.4,32.3,25.7,2.6,14.7
2021-06-09,สงขลา,7.19,100.59,28.0,32.3,25.6,10.5,13.0
2021-06-10,สงขลา,7.19,100.59,27.7,30.4,25.9,0.4,10.4
2021-06-11,สงขลา,7.19,100.59,28.4,32.5,25.2,0.6,15.9
2021-06-12,สงขลา,7.19,100.59,28.7,32.6,26.2,0.3,13.1
2021-06-13,สงขลา,7.19,100.59,28.1,31.0,25.7,0.6,14.6
2021-06-14,สงขลา,7.19,100.59,28.7,32.1,25.8,0.3,13.8
2021-06-15,สงขลา,7.19,100.59,28.9,33.0,25.6,0.1,11.2
2021-06-16,สงขลา,7.19,100.59,28.2,32.4,25.7,1.8,9.9
2021-06-17,สงขลา,7.19,100.59,28.1,32.3,25.1,2.2,7.4
2021-06-18,สงขลา,7.19,100.59,27.9,31.9,24.9,5.6,8.9
2021-06-19,สงขลา,7.19,100.59,27.7,32.0,25.2,2.2,10.8
2021-06-20,สงขลา,7.19,100.59,27.7,32.1,25.2,5.7,12.3
2021-06-21,สงขลา,7.19,100.59,27.7,32.3,24.5,1.3,19.5
2021-06-22,สงขลา,7.19,100.59,28.2,32.8,24.5,1.2,11.5
2021-06-23,สงขลา,7.19,100.59,28.1,32.3,23.9,5.8,14.9
2021-06-24,สงขลา,7.19,100.59,28.2,31.8,25.3,1.2,7.0
2021-06-25,สงขลา,7.19,100.59,28.0,31.9,24.7,0.2,18.5
2021-06-26,สงขลา,7.19,100.59,28.2,32.3,24.9,0.8,8.5
2021-06-27,สงขลา,7.19,100.59,27.8,31.0,24.7,3.4,10.5
2021-06-28,สงขลา,7.19,100.59,28.3,32.6,25.5,7.2,12.8
2021-06-29,สงขลา,7.19,100.59,28.3,32.5,24.6,0.9,16.3
2021-06-30,สงขลา,7.19,100.59,27.9,33.3,24.6,4.1,12.4
2021-07-01,สงขลา,7.19,100.59,27.7,31.5,24.6,4.0,8.4
2021-07-02,สงขลา,7.19,100.59,28.1,31.1,24.4,3.7,10.5
2021-07-03,สงขลา,7.19,100.59,27.5,31.0,23.8,13.8,12.7
2021-07-04,สงขลา,7.19,100.59,28.4,32.6,25.6,1.2,15.0
2021-07-05,สงขลา,7.19,100.59,27.8,31.8,25.2,1.5,13.6
2021-07-06,สงขลา,7.19,100.59,26.6,29.6,25.1,7.0,19.2
2021-07-07,สงขลา,7.19,100.59,27.6,30.9,25.0,1.4,9.9
2021-07-08,สงขลา,7.19,100.59,28.3,32.1,25.4,1.5,12.1
2021-07-09,สงขลา,7.19,100.59,26.6,29.0,24.6,16.8,13.8
2021-07-10,สงขลา,7.19,100.59,26.0,27.9,24.3,19.8,9.7
2021-07-11,สงขลา,7.19,100.59,26.5,30.0,24.4,5.0,15.3
2021-07-12,สงขลา,7.19,100.59,27.9,32.5,24.9,1.2,12.1
2021-07-13,สงขลา,7.19,100.59,26.8,29.7,24.4,14.3,11.8
2021-07-14,สงขลา,7.19,100.59,26.5,29.7,25.1,3.7,13.0
2021-07-15,สงขลา,7.19,100.59,26.9,30.6,24.7,5.5,11.0
2021-07-16,สงขลา,7.19,100.59,27.6,30.6,25.2,0.5,10.6
2021-07-17,สงขลา,7.19,100.59,28.5,32.4,24.9,0.2,6.1
2021-07-18,สงขลา,7.19,100.59,28.8,33.0,25.3,0.2,9.2
2021-07-19,สงขลา,7.19,100.59,28.5,32.2,25.3,0.2,11.8
2021-07-20,สงขลา,7.19,100.59,29.2,33.7,25.6,0.0,14.0
2021-07-21,สงขลา,7.19,100.59,29.5,34.3,25.5,0.0,18.9
2021-07-22,สงขลา,7.19,100.59,29.4,33.6,26.1,1.0,10.9
2021-07-23,สงขลา,7.19,100.59,29.3,33.9,26.0,0.0,20.7
2021-07-24,สงขลา,7.19,100.59,29.6,33.9,25.9,0.3,19.5
2021-07-25,สงขลา,7.19,100.59,29.9,34.7,26.4,0.1,18.3
2021-07-26,สงขลา,7.19,100.59,29.7,34.6,26.0,0.0,18.1
2021-07-27,สงขลา,7.19,100.59,29.7,34.1,26.2,0.0,22.6
2021-07-28,สงขลา,7.19,100.59,29.6,33.6,26.2,0.0,20.8
2021-07-29,สงขลา,7.19,100.59,28.6,32.5,26.6,1.2,19.2
2021-07-30,สงขลา,7.19,100.59,27.6,31.8,25.6,2.5,18.7
2021-07-31,สงขลา,7.19,100.59,28.2,33.2,25.5,1.0,22.0
2021-08-01,สงขลา,7.19,100.59,28.5,31.8,25.5,0.5,23.6
2021-08-02,สงขลา,7.19,100.59,29.0,32.5,25.7,0.2,20.5
2021-08-03,สงขลา,7.19,100.59,29.2,33.8,25.9,0.2,21.3
2021-08-04,สงขลา,7.19,100.59,29.2,33.8,25.4,0.2,24.7
2021-08-05,สงขลา,7.19,100.59,29.1,32.8,26.0,0.7,17.7
2021-08-06,สงขลา,7.19,100.59,29.8,35.0,25.8,0.4,14.1
2021-08-07,สงขลา,7.19,100.59,28.7,32.6,25.0,8.2,13.0
2021-08-08,สงขลา,7.19,100.59,29.5,33.8,25.6,1.0,17.1
2021-08-09,สงขลา,7.19,100.59,28.6,32.6,26.0,13.0,12.8
2021-08-10,สงขลา,7.19,100.59,27.9,32.1,25.3,11.0,16.3
2021-08-11,สงขลา,7.19,100.59,27.6,30.9,24.8,8.1,19.2
2021-08-12,สงขลา,7.19,100.59,28.7,33.8,25.3,0.3,14.2
2021-08-13,สงขลา,7.19,100.59,28.2,32.5,25.0,2.2,10.7
2021-08-14,สงขลา,7.19,100.59,27.2,30.2,25.1,18.2,9.3
2021-08-15,สงขลา,7.19,100.59,26.6,29.5,25.1,11.0,10.8
2021-08-16,สงขลา,7.19,100.59,26.3,28.7,24.8,4.8,7.4
2021-08-17,สงขลา,7.19,100.59,26.8,30.2,24.7,4.2,10.0
2021-08-18,สงขลา,7.19,100.59,26.8,30.6,24.8,7.7,9.7
2021-08-19,สงขลา,7.19,100.59,26.2,29.8,24.6,3.9,11.2
2021-08-20,สงขลา,7.19,100.59,26.4,29.9,24.1,3.2,11.1
2021-08-21,สงขลา,7.19,100.59,26.9,30.9,24.1,3.3,9.0
2021-08-22,สงขลา,7.19,100.59,26.9,30.3,24.4,8.1,15.0
2021-08-23,สงขลา,7.19,100.59,27.7,31.4,24.5,0.0,14.8
2021-08-24,สงขลา,7.19,100.59,26.9,30.4,25.0,3.9,21.6
2021-08-25,สงขลา,7.19,100.59,27.4,30.9,24.5,0.5,17.7
2021-08-26,สงขลา,7.19,100.59,27.3,30.6,24.8,4.9,11.0
2021-08-27,สงขลา,7.19,100.59,27.1,31.2,24.4,10.7,7.2
2021-08-28,สงขลา,7.19,100.59,27.7,31.4,24.6,4.9,8.7
2021-08-29,สงขลา,7.19,100.59,26.9,31.1,24.5,9.3,10.2
2021-08-30,สงขลา,7.19,100.59,26.8,31.1,24.2,21.2,9.0
2021-08-31,สงขลา,7.19,100.59,27.0,30.7,23.9,4.2,13.3
2021-09-01,สงขลา,7.19,100.59,27.2,30.9,25.0,6.0,11.7
2021-09-02,สงขลา,7.19,100.59,26.9,30.7,24.5,11.7,12.6
2021-09-03,สงขลา,7.19,100.59,27.5,30.9,24.9,0.2,11.0
2021-09-04,สงขลา,7.19,100.59,27.8,31.5,25.3,0.4,8.4
2021-09-05,สงขลา,7.19,100.59,27.8,31.3,24.9,0.1,12.6
2021-09-06,สงขลา,7.19,100.59,27.9,31.8,23.8,0.0,11.7
2021-09-07,สงขลา,7.19,100.59,28.5,32.6,25.2,1.2,14.3
2021-09-08,สงขลา,7.19,100.59,27.5,31.6,25.5,5.0,19.3
2021-09-09,สงขลา,7.19,100.59,25.9,27.9,24.3,3.4,17.7
2021-09-10,สงขลา,7.19,100.59,27.8,31.5,24.8,0.1,15.0
2021-09-11,สงขลา,7.19,100.59,27.4,31.3,24.5,8.7,9.7
2021-09-12,สงขลา,7.19,100.59,27.1,31.3,24.7,8.8,16.0
2021-09-13,สงขลา,7.19,100.59,27.1,30.2,24.9,1.3,20.5
2021-09-14,สงขลา,7.19,100.59,27.6,32.1,25.1,1.3,18.1
2021-09-15,สงขลา,7.19,100.59,26.9,28.8,25.1,0.4,9.3
2021-09-16,สงขลา,7.19,100.59,27.0,30.5,24.9,7.1,12.0
2021-09-17,สงขลา,7.19,100.59,27.4,30.9,24.9,1.6,9.0
2021-09-18,สงขลา,7.19,100.59,27.7,31.3,24.7,0.3,10.7
2021-09-19,สงขลา,7.19,100.59,27.0,32.2,24.0,8.6,13.9
2021-09-20,สงขลา,7.19,100.59,26.9,30.2,24.2,0.1,20.2
2021-09-21,สงขลา,7.19,100.59,27.2,32.2,24.7,4.3,17.4
2021-09-22,สงขลา,7.19,100.59,27.3,31.6,24.6,3.0,13.4
2021-09-23,สงขลา,7.19,100.59,27.7,31.0,24.4,1.3,10.9
2021-09-24,สงขลา,7.19,100.59,27.9,31.2,24.7,0.2,7.6
2021-09-25,สงขลา,7.19,100.59,27.3,29.7,24.9,3.6,7.7
2021-09-26,สงขลา,7.19,100.59,26.9,30.5,24.8,20.9,11.2
2021-09-27,สงขลา,7.19,100.59,27.2,30.7,24.4,3.5,9.1
2021-09-28,สงขลา,7.19,100.59,27.1,30.0,25.2,12.8,11.6
2021-09-29,สงขลา,7.19,100.59,26.9,30.3,24.3,13.8,10.8
2021-09-30,สงขลา,7.19,100.59,27.1,30.6,24.3,3.1,9.6
2021-10-01,สงขลา,7.19,100.59,27.3,31.6,24.8,12.5,14.8
2021-10-02,สงขลา,7.19,100.59,27.6,31.2,24.3,0.5,8.2
2021-10-03,สงขลา,7.19,100.59,27.7,30.3,25.1,2.4,8.8
2021-10-04,สงขลา,7.19,100.59,27.4,30.8,24.8,5.2,9.1
2021-10-05,สงขลา,7.19,100.59,25.8,27.0,24.0,20.4,14.8
2021-10-06,สงขลา,7.19,100.59,26.6,30.7,24.7,6.2,17.0
2021-10-07,สงขลา,7.19,100.59,27.1,30.5,24.9,1.3,23.1
2021-10-08,สงขลา,7.19,100.59,27.9,31.3,25.5,0.3,22.7
2021-10-09,สงขลา,7.19,100.59,28.2,32.7,24.7,0.3,22.0
2021-10-10,สงขลา,7.19,100.59,28.4,32.8,25.1,0.0,21.0
2021-10-11,สงขลา,7.19,100.59,28.9,33.5,25.5,0.0,17.1
2021-10-12,สงขลา,7.19,100.59,29.0,33.9,25.5,0.0,14.9
2021-10-13,สงขลา,7.19,100.59,29.1,33.8,25.7,0.0,22.3
2021-10-14,สงขลา,7.19,100.59,29.0,34.3,25.1,0.2,8.5
2021-10-15,สงขลา,7.19,100.59,28.5,33.2,24.5,3.0,12.4
2021-10-16,สงขลา,7.19,100.59,27.5,30.2,25.5,4.3,12.3
2021-10-17,สงขลา,7.19,100.59,27.0,30.8,25.3,5.9,14.3
2021-10-18,สงขลา,7.19,100.59,27.3,30.3,24.6,4.1,11.5
2021-10-19,สงขลา,7.19,100.59,26.7,30.5,24.0,10.1,12.3
2021-10-20,สงขลา,7.19,100.59,26.7,30.5,23.3,11.3,12.2
2021-10-21,สงขลา,7.19,100.59,25.9,27.9,23.5,6.5,14.0
2021-10-22,สงขลา,7.19,100.59,26.4,30.2,23.3,9.9,9.9
2021-10-23,สงขลา,7.19,100.59,26.3,30.3,23.7,14.1,10.6
2021-10-24,สงขลา,7.19,100.59,26.2,29.5,23.6,6.4,12.2
2021-10-25,สงขลา,7.19,100.59,26.4,28.2,24.8,9.8,12.3
2021-10-26,สงขลา,7.19,100.59,26.9,29.5,24.2,4.0,18.1
2021-10-27,สงขลา,7.19,100.59,26.7,30.0,24.6,7.3,11.6
2021-10-28,สงขลา,7.19,100.59,26.8,29.7,23.7,20.2,14.5
2021-10-29,สงขลา,7.19,100.59,27.7,30.1,25.2,0.2,17.7
2021-10-30,สงขลา,7.19,100.59,26.7,30.6,24.5,13.9,12.6
2021-10-31,สงขลา,7.19,100.59,25.9,27.9,24.6,14.1,9.8
2021-11-01,สงขลา,7.19,100.59,26.7,29.5,24.2,4.8,11.8
2021-11-02,สงขลา,7.19,100.59,26.1,28.6,24.3,8.0,15.5
2021-11-03,สงขลา,7.19,100.59,25.8,28.9,24.5,16.7,14.8
2021-11-04,สงขลา,7.19,100.59,25.8,28.1,24.2,30.1,14.7
2021-11-05,สงขลา,7.19,100.59,26.0,27.2,24.4,19.7,14.4
2021-11-06,สงขลา,7.19,100.59,26.2,29.9,23.9,9.3,9.7
2021-11-07,สงขลา,7.19,100.59,27.3,30.0,23.8,1.0,17.8
2021-11-08,สงขลา,7.19,100.59,27.1,29.6,25.0,8.6,20.6
2021-11-09,สงขลา,7.19,100.59,26.5,28.5,25.4,7.8,16.0
2021-11-10,สงขลา,7.19,100.59,25.2,25.9,24.3,43.1,16.3
2021-11-11,สงขลา,7.19,100.59,24.6,25.3,24.0,65.0,13.4
2021-11-12,สงขลา,7.19,100.59,24.8,26.3,24.1,222.5,14.3
2021-11-13,สงขลา,7.19,100.59,25.1,27.1,23.4,5.8,12.2
2021-11-14,สงขลา,7.19,100.59,25.8,29.2,24.0,11.1,11.0
2021-11-15,สงขลา,7.19,100.59,26.3,29.3,23.7,12.0,9.2
2021-11-16,สงขลา,7.19,100.59,26.4,28.9,24.5,14.2,12.2
2021-11-17,สงขลา,7.19,100.59,25.5,28.2,24.3,20.3,10.1
2021-11-18,สงขลา,7.19,100.59,25.2,29.3,23.7,13.7,10.7
2021-11-19,สงขลา,7.19,100.59,25.9,29.6,23.4,6.6,9.8
2021-11-20,สงขลา,7.19,100.59,26.4,29.5,23.6,0.7,11.7
2021-11-21,สงขลา,7.19,100.59,26.7,30.0,23.8,2.4,11.5
2021-11-22,สงขลา,7.19,100.59,26.3,27.7,25.0,14.1,13.5
2021-11-23,สงขลา,7.19,100.59,25.7,28.1,24.5,12.3,13.6
2021-11-24,สงขลา,7.19,100.59,25.4,27.0,24.2,16.1,22.0
2021-11-25,สงขลา,7.19,100.59,24.6,26.2,23.6,54.3,15.8
2021-11-26,สงขลา,7.19,100.59,24.5,25.9,23.8,33.0,9.6
2021-11-27,สงขลา,7.19,100.59,25.7,27.7,24.4,13.0,13.5
2021-11-28,สงขลา,7.19,100.59,25.0,27.1,24.0,21.8,13.4
2021-11-29,สงขลา,7.19,100.59,24.3,24.8,23.7,22.3,13.4
2021-11-30,สงขลา,7.19,100.59,25.2,28.4,22.8,9.0,10.0
2021-12-01,สงขลา,7.19,100.59,25.7,28.6,23.7,24.0,19.1
2021-12-02,สงขลา,7.19,100.59,25.5,27.6,23.3,23.2,22.1
2021-12-03,สงขลา,7.19,100.59,26.2,28.8,23.5,3.5,20.8
2021-12-04,สงขลา,7.19,100.59,26.1,27.6,24.1,3.0,18.9
2021-12-05,สงขลา,7.19,100.59,26.2,28.0,25.3,1.7,22.1
2021-12-06,สงขลา,7.19,100.59,26.5,28.4,24.7,0.0,17.1
2021-12-07,สงขลา,7.19,100.59,26.5,28.0,25.3,1.9,20.2
2021-12-08,สงขลา,7.19,100.59,26.6,28.2,24.3,1.7,20.7
2021-12-09,สงขลา,7.19,100.59,26.9,28.6,25.7,1.3,18.5
2021-12-10,สงขลา,7.19,100.59,26.5,28.2,23.8,4.4,18.9
2021-12-11,สงขลา,7.19,100.59,26.7,28.7,25.2,0.8,20.5
2021-12-12,สงขลา,7.19,100.59,26.9,28.8,25.5,0.2,20.3
2021-12-13,สงขลา,7.19,100.59,26.6,28.0,25.3,2.1,16.6
2021-12-14,สงขลา,7.19,100.59,26.9,28.5,25.4,2.4,20.9
2021-12-15,สงขลา,7.19,100.59,27.1,29.0,25.0,1.5,18.8
2021-12-16,สงขลา,7.19,100.59,26.4,28.0,24.2,3.6,14.5
2021-12-17,สงขลา,7.19,100.59,25.5,26.6,24.2,22.0,18.4
2021-12-18,สงขลา,7.19,100.59,26.3,28.2,25.1,6.9,23.5
2021-12-19,สงขลา,7.19,100.59,25.0,26.1,23.9,7.9,12.3
2021-12-20,สงขลา,7.19,100.59,25.7,28.0,23.5,2.7,15.8
2021-12-21,สงขลา,7.19,100.59,25.3,26.6,24.0,9.5,12.1
2021-12-22,สงขลา,7.19,100.59,25.5,27.5,23.3,3.0,9.4
2021-12-23,สงขลา,7.19,100.59,25.7,28.3,23.2,2.4,14.3
2021-12-24,สงขลา,7.19,100.59,25.9,28.4,23.0,0.6,9.9
2021-12-25,สงขลา,7.19,100.59,26.3,28.7,23.8,1.9,16.1
2021-12-26,สงขลา,7.19,100.59,26.7,28.9,24.5,0.6,19.2
2021-12-27,สงขลา,7.19,100.59,26.7,28.4,25.3,1.4,18.4
2021-12-28,สงขลา,7.19,100.59,26.6,28.2,25.3,0.9,19.6
2021-12-29,สงขลา,7.19,100.59,26.2,28.3,24.6,4.1,27.0
2021-12-30,สงขลา,7.19,100.59,26.1,28.2,23.3,21.3,31.4
2021-12-31,สงขลา,7.19,100.59,26.4,28.6,23.5,11.7,26.7
2022-01-01,สงขลา,7.19,100.59,26.4,27.3,25.1,5.7,25.1
2022-01-02,สงขลา,7.19,100.59,25.8,27.4,23.3,11.7,24.5
2022-01-03,สงขลา,7.19,100.59,26.5,27.9,25.6,1.5,24.1
2022-01-04,สงขลา,7.19,100.59,26.3,28.0,24.3,3.5,24.5
2022-01-05,สงขลา,7.19,100.59,25.7,27.7,24.0,3.1,14.8
2022-01-06,สงขลา,7.19,100.59,26.4,28.5,25.1,0.8,15.5
2022-01-07,สงขลา,7.19,100.59,26.6,28.7,24.9,0.8,22.7
2022-01-08,สงขลา,7.19,100.59,26.8,28.5,25.0,1.8,23.9
2022-01-09,สงขลา,7.19,100.59,26.7,28.8,25.2,0.0,18.2
2022-01-10,สงขลา,7.19,100.59,26.6,28.9,24.6,0.3,15.8
2022-01-11,สงขลา,7.19,100.59,26.4,28.5,24.4,0.3,21.0
2022-01-12,สงขลา,7.19,100.59,26.4,28.8,24.4,0.0,26.7
2022-01-13,สงขลา,7.19,100.59,26.1,28.4,24.2,0.0,22.9
2022-01-14,สงขลา,7.19,100.59,26.1,28.3,24.4,0.1,23.4
2022-01-15,สงขลา,7.19,100.59,26.2,28.2,24.3,0.0,21.5
2022-01-16,สงขลา,7.19,100.59,26.4,28.4,24.3,2.3,21.0
2022-01-17,สงขลา,7.19,100.59,26.5,28.8,24.6,0.3,19.3
2022-01-18,สงขลา,7.19,100.59,26.7,28.7,25.0,0.3,21.4
2022-01-19,สงขลา,7.19,100.59,26.5,28.9,24.2,0.0,21.5
2022-01-20,สงขลา,7.19,100.59,26.3,28.7,24.2,0.0,19.8
2022-01-21,สงขลา,7.19,100.59,26.2,29.0,23.5,0.0,16.6
2022-01-22,สงขลา,7.19,100.59,26.5,29.3,24.2,0.0,16.2
2022-01-23,สงขลา,7.19,100.59,26.6,29.2,24.4,0.6,16.2
2022-01-24,สงขลา,7.19,100.59,26.6,29.3,24.0,0.0,14.1
2022-01-25,สงขลา,7.19,100.59,26.9,29.3,24.5,0.0,16.9
2022-01-26,สงขลา,7.19,100.59,27.2,30.0,25.0,0.0,18.9
2022-01-27,สงขลา,7.19,100.59,27.4,29.5,26.0,0.0,17.7
2022-01-28,สงขลา,7.19,100.59,26.9,29.6,24.2,0.0,15.5
2022-01-29,สงขลา,7.19,100.59,26.6,29.7,23.2,0.0,12.3
2022-01-30,สงขลา,7.19,100.59,26.7,30.5,23.0,0.0,13.2
2022-01-31,สงขลา,7.19,100.59,27.0,30.0,24.5,0.0,17.4
2022-02-01,สงขลา,7.19,100.59,27.2,29.6,24.8,0.4,18.5
2022-02-02,สงขลา,7.19,100.59,27.0,29.9,24.6,2.7,22.7
2022-02-03,สงขลา,7.19,100.59,27.2,29.8,25.0,1.7,19.8
2022-02-04,สงขลา,7.19,100.59,26.9,29.6,24.4,3.9,24.9
2022-02-05,สงขลา,7.19,100.59,26.9,29.4,24.2,1.3,26.4
2022-02-06,สงขลา,7.19,100.59,27.3,30.0,24.7,0.6,24.1
2022-02-07,สงขลา,7.19,100.59,26.8,29.1,23.9,2.1,18.9
2022-02-08,สงขลา,7.19,100.59,26.9,29.4,25.1,2.4,20.0
2022-02-09,สงขลา,7.19,100.59,26.9,29.3,24.5,1.0,18.3
2022-02-10,สงขลา,7.19,100.59,27.0,29.5,24.4,0.2,15.4
2022-02-11,สงขลา,7.19,100.59,26.9,29.2,24.6,0.4,20.3
2022-02-12,สงขลา,7.19,100.59,26.7,29.1,24.8,1.0,20.5
2022-02-13,สงขลา,7.19,100.59,27.2,29.3,25.2,1.3,21.7
2022-02-14,สงขลา,7.19,100.59,27.0,29.6,25.1,4.6,22.0
2022-02-15,สงขลา,7.19,100.59,26.3,30.1,24.8,23.0,20.9
2022-02-16,สงขลา,7.19,100.59,26.5,30.0,24.4,19.7,17.3
2022-02-17,สงขลา,7.19,100.59,26.2,28.7,23.6,0.2,17.8
2022-02-18,สงขลา,7.19,100.59,27.3,30.1,25.5,5.7,18.1
2022-02-19,สงขลา,7.19,100.59,27.4,30.4,25.5,0.9,13.6
2022-02-20,สงขลา,7.19,100.59,27.1,29.7,24.6,1.0,9.7
2022-02-21,สงขลา,7.19,100.59,27.3,30.0,24.7,0.8,15.5
2022-02-22,สงขลา,7.19,100.59,27.4,29.8,25.4,1.1,21.1
2022-02-23,สงขลา,7.19,100.59,27.0,29.2,24.6,2.4,25.0
2022-02-24,สงขลา,7.19,100.59,25.2,28.0,23.3,12.3,16.6
2022-02-25,สงขลา,7.19,100.59,23.9,24.7,23.0,51.1,23.2
2022-02-26,สงขลา,7.19,100.59,24.3,25.3,23.6,51.8,30.1
2022-02-27,สงขลา,7.19,100.59,25.0,27.7,23.1,24.6,30.2
2022-02-28,สงขลา,7.19,100.59,26.4,29.1,24.0,0.4,24.9
2022-03-01,สงขลา,7.19,100.59,27.1,29.3,25.4,1.2,20.5
2022-03-02,สงขลา,7.19,100.59,27.1,29.4,25.0,0.3,17.2
2022-03-03,สงขลา,7.19,100.59,27.1,29.4,24.6,0.0,15.1
2022-03-04,สงขลา,7.19,100.59,27.0,28.9,25.8,0.2,18.1
2022-03-05,สงขลา,7.19,100.59,26.2,28.5,24.0,8.2,11.1
2022-03-06,สงขลา,7.19,100.59,25.8,27.9,24.5,23.5,18.1
2022-03-07,สงขลา,7.19,100.59,26.8,29.4,24.5,4.3,18.0
2022-03-08,สงขลา,7.19,100.59,26.6,29.0,24.4,5.3,20.5
2022-03-09,สงขลา,7.19,100.59,26.8,29.0,24.4,2.0,24.1
2022-03-10,สงขลา,7.19,100.59,27.6,29.6,25.9,0.0,17.1
2022-03-11,สงขลา,7.19,100.59,26.9,29.4,24.4,0.6,14.1
2022-03-12,สงขลา,7.19,100.59,27.0,29.5,24.0,0.0,13.9
2022-03-13,สงขลา,7.19,100.59,26.6,29.8,24.9,8.7,14.8
2022-03-14,สงขลา,7.19,100.59,26.2,28.7,24.8,24.5,21.1
2022-03-15,สงขลา,7.19,100.59,27.5,29.9,25.3,0.3,15.8
2022-03-16,สงขลา,7.19,100.59,27.3,30.0,24.2,0.2,12.7
2022-03-17,สงขลา,7.19,100.59,27.6,29.8,25.5,2.2,15.9
2022-03-18,สงขลา,7.19,100.59,27.5,30.5,25.0,0.8,11.6
2022-03-19,สงขลา,7.19,100.59,26.6,30.1,24.4,22.2,13.2
2022-03-20,สงขลา,7.19,100.59,26.5,31.0,24.1,19.2,10.7
2022-03-21,สงขลา,7.19,100.59,26.7,30.7,24.3,14.7,8.9
2022-03-22,สงขลา,7.19,100.59,27.2,30.4,25.2,4.9,11.2
2022-03-23,สงขลา,7.19,100.59,27.2,29.8,25.2,4.3,10.7
2022-03-24,สงขลา,7.19,100.59,27.7,30.3,24.6,0.5,12.5
2022-03-25,สงขลา,7.19,100.59,27.5,30.5,25.1,3.7,10.2
2022-03-26,สงขลา,7.19,100.59,27.5,30.9,24.1,1.0,11.5
2022-03-27,สงขลา,7.19,100.59,27.7,31.6,25.0,0.4,10.4
2022-03-28,สงขลา,7.19,100.59,28.2,31.8,25.0,0.0,10.3
2022-03-29,สงขลา,7.19,100.59,28.3,31.8,25.0,0.0,12.0
2022-03-30,สงขลา,7.19,100.59,28.3,31.2,24.8,1.0,10.6
2022-03-31,สงขลา,7.19,100.59,28.1,32.2,25.1,2.5,11.7
2022-04-01,สงขลา,7.19,100.59,27.8,32.1,24.3,5.1,10.2
2022-04-02,สงขลา,7.19,100.59,26.6,30.2,24.4,23.6,15.5
2022-04-03,สงขลา,7.19,100.59,25.1,26.9,24.3,28.3,12.8
2022-04-04,สงขลา,7.19,100.59,25.5,27.8,23.8,24.6,16.1
2022-04-05,สงขลา,7.19,100.59,25.5,27.6,24.1,23.4,19.1
2022-04-06,สงขลา,7.19,100.59,25.9,28.3,23.8,9.7,16.3
2022-04-07,สงขลา,7.19,100.59,26.8,29.3,24.2,6.4,14.4
2022-04-08,สงขลา,7.19,100.59,26.7,28.2,25.0,4.5,10.9
2022-04-09,สงขลา,7.19,100.59,27.4,30.1,24.3,1.3,11.4
2022-04-10,สงขลา,7.19,100.59,27.4,30.8,23.7,0.0,10.8
2022-04-11,สงขลา,7.19,100.59,27.4,31.1,24.7,1.9,10.5
2022-04-12,สงขลา,7.19,100.59,27.5,31.7,24.4,0.5,16.1
2022-04-13,สงขลา,7.19,100.59,27.3,31.7,24.9,1.2,15.6
2022-04-14,สงขลา,7.19,100.59,27.6,32.1,25.2,2.9,15.4
2022-04-15,สงขลา,7.19,100.59,27.8,31.9,24.9,1.0,14.2
2022-04-16,สงขลา,7.19,100.59,27.9,31.8,25.2,2.0,10.3
2022-04-17,สงขลา,7.19,100.59,28.1,31.2,24.9,1.9,9.8
2022-04-18,สงขลา,7.19,100.59,28.9,31.5,26.7,2.0,17.9
2022-04-19,สงขลา,7.19,100.59,27.0,29.8,24.4,5.0,15.0
2022-04-20,สงขลา,7.19,100.59,26.9,29.7,24.1,10.7,11.5
2022-04-21,สงขลา,7.19,100.59,27.9,29.8,25.0,1.5,16.0
2022-04-22,สงขลา,7.19,100.59,28.9,31.3,26.4,0.5,17.4
2022-04-23,สงขลา,7.19,100.59,29.0,31.8,26.1,0.3,12.8
2022-04-24,สงขลา,7.19,100.59,28.4,31.1,26.1,1.1,12.7
2022-04-25,สงขลา,7.19,100.59,28.0,31.8,24.6,4.4,12.7
2022-04-26,สงขลา,7.19,100.59,27.8,32.0,25.0,4.3,7.1
2022-04-27,สงขลา,7.19,100.59,27.9,31.5,24.2,0.8,12.0
2022-04-28,สงขลา,7.19,100.59,29.2,33.1,25.6,0.0,10.4
2022-04-29,สงขลา,7.19,100.59,28.1,31.5,25.5,10.7,11.3
2022-04-30,สงขลา,7.19,100.59,27.9,31.5,24.9,2.7,9.7
2022-05-01,สงขลา,7.19,100.59,27.7,32.3,25.9,8.2,17.3
2022-05-02,สงขลา,7.19,100.59,27.6,31.7,25.4,11.5,15.3
2022-05-03,สงขลา,7.19,100.59,27.0,31.6,24.9,10.7,10.7
2022-05-04,สงขลา,7.19,100.59,26.6,28.7,24.9,5.6,6.6
2022-05-05,สงขลา,7.19,100.59,27.3,30.9,25.0,12.5,12.3
2022-05-06,สงขลา,7.19,100.59,27.3,30.6,24.8,9.6,19.9
2022-05-07,สงขลา,7.19,100.59,27.2,30.5,25.2,13.9,14.0
2022-05-08,สงขลา,7.19,100.59,27.4,31.0,25.1,27.1,14.0
2022-05-09,สงขลา,7.19,100.59,27.1,29.5,25.1,10.1,9.5
2022-05-10,สงขลา,7.19,100.59,27.4,30.3,24.9,4.3,6.0
2022-05-11,สงขลา,7.19,100.59,27.5,31.2,25.3,15.2,13.7
2022-05-12,สงขลา,7.19,100.59,27.9,31.8,25.5,0.9,16.2
2022-05-13,สงขลา,7.19,100.59,27.9,31.2,25.4,3.9,12.7
2022-05-14,สงขลา,7.19,100.59,28.3,31.6,25.8,4.1,9.7
2022-05-15,สงขลา,7.19,100.59,28.5,31.8,26.0,3.9,12.7
2022-05-16,สงขลา,7.19,100.59,26.6,29.7,24.6,16.0,16.6
2022-05-17,สงขลา,7.19,100.59,27.3,31.6,24.9,9.2,12.2
2022-05-18,สงขลา,7.19,100.59,27.5,30.8,24.8,1.7,8.4
2022-05-19,สงขลา,7.19,100.59,28.6,32.5,25.6,0.3,11.4
2022-05-20,สงขลา,7.19,100.59,28.7,32.4,25.7,0.0,15.3
2022-05-21,สงขลา,7.19,100.59,28.4,32.0,25.8,0.2,18.7
2022-05-22,สงขลา,7.19,100.59,28.9,32.8,26.2,0.0,21.8
2022-05-23,สงขลา,7.19,100.59,28.9,32.2,26.5,0.1,13.3
2022-05-24,สงขลา,7.19,100.59,28.8,32.1,25.7,0.0,8.7
2022-05-25,สงขลา,7.19,100.59,28.1,32.7,25.2,1.5,20.6
2022-05-26,สงขลา,7.19,100.59,28.8,33.2,25.1,0.1,20.7
2022-05-27,สงขลา,7.19,100.59,28.9,33.0,26.2,0.0,21.5
2022-05-28,สงขลา,7.19,100.59,27.8,31.2,25.7,0.9,20.2
2022-05-29,สงขลา,7.19,100.59,27.1,30.5,25.2,9.3,20.9
2022-05-30,สงขลา,7.19,100.59,27.3,30.5,25.3,11.6,20.3
2022-05-31,สงขลา,7.19,100.59,27.9,31.9,24.8,2.8,19.2
2022-06-01,สงขลา,7.19,100.59,27.4,31.2,24.6,11.1,15.7
2022-06-02,สงขลา,7.19,100.59,28.1,31.9,24.9,1.8,16.6
2022-06-03,สงขลา,7.19,100.59,27.7,31.5,25.1,4.0,9.2
2022-06-04,สงขลา,7.19,100.59,27.5,31.3,24.8,1.4,12.1
2022-06-05,สงขลา,7.19,100.59,26.9,30.4,24.6,18.5,10.5
2022-06-06,สงขลา,7.19,100.59,27.0,30.9,24.3,7.7,8.4
2022-06-07,สงขลา,7.19,100.59,26.8,31.7,24.1,24.4,10.8
2022-06-08,สงขลา,7.19,100.59,26.9,30.8,24.4,4.5,11.3
2022-06-09,สงขลา,7.19,100.59,27.8,31.8,24.8,3.2,8.4
2022-06-10,สงขลา,7.19,100.59,26.6,30.2,23.9,7.6,12.3
2022-06-11,สงขลา,7.19,100.59,27.1,31.1,24.6,1.8,12.5
2022-06-12,สงขลา,7.19,100.59,26.9,31.1,24.1,3.5,17.5
2022-06-13,สงขลา,7.19,100.59,27.5,31.2,24.7,4.2,10.8
2022-06-14,สงขลา,7.19,100.59,27.1,30.2,24.8,5.8,9.2
2022-06-15,สงขลา,7.19,100.59,26.7,30.6,24.7,7.4,11.1
2022-06-16,สงขลา,7.19,100.59,27.0,31.1,23.3,5.5,12.6
2022-06-17,สงขลา,7.19,100.59,26.7,30.8,24.1,7.7,11.0
2022-06-18,สงขลา,7.19,100.59,27.2,31.4,24.3,2.0,13.9
2022-06-19,สงขลา,7.19,100.59,27.1,30.3,24.5,4.5,14.1
2022-06-20,สงขลา,7.19,100.59,27.5,31.8,24.8,5.9,17.6
2022-06-21,สงขลา,7.19,100.59,27.1,32.0,24.2,4.6,14.3
2022-06-22,สงขลา,7.19,100.59,27.3,31.1,24.4,4.5,12.6
2022-06-23,สงขลา,7.19,100.59,26.3,29.9,23.7,11.8,16.6
2022-06-24,สงขลา,7.19,100.59,26.7,31.0,24.2,3.6,17.9
2022-06-25,สงขลา,7.19,100.59,27.4,32.0,24.3,5.7,10.5
2022-06-26,สงขลา,7.19,100.59,27.4,31.4,24.8,18.8,8.8
2022-06-27,สงขลา,7.19,100.59,27.2,31.3,24.6,5.3,11.2
2022-06-28,สงขลา,7.19,100.59,27.0,31.5,24.0,17.4,9.4
2022-06-29,สงขลา,7.19,100.59,27.4,31.8,24.8,4.1,13.8
2022-06-30,สงขลา,7.19,100.59,27.5,30.5,24.8,3.6,19.5
2022-07-01,สงขลา,7.19,100.59,27.9,31.4,25.1,0.3,16.6
2022-07-02,สงขลา,7.19,100.59,28.2,32.2,24.8,0.0,16.4
2022-07-03,สงขลา,7.19,100.59,28.1,32.2,26.0,8.4,11.7
2022-07-04,สงขลา,7.19,100.59,27.2,31.0,24.8,7.8,15.9
2022-07-05,สงขลา,7.19,100.59,27.8,31.5,24.7,0.0,14.7
2022-07-06,สงขลา,7.19,100.59,27.7,30.8,25.5,2.6,12.8
2022-07-07,สงขลา,7.19,100.59,28.1,32.3,25.1,1.7,15.5
2022-07-08,สงขลา,7.19,100.59,28.3,31.1,25.1,0.5,12.4
2022-07-09,สงขลา,7.19,100.59,27.6,31.9,25.7,3.5,16.6
2022-07-10,สงขลา,7.19,100.59,28.2,31.4,25.5,0.0,14.9
2022-07-11,สงขลา,7.19,100.59,27.2,29.2,25.9,8.9,20.5
2022-07-12,สงขลา,7.19,100.59,26.3,29.3,23.9,7.9,24.9
2022-07-13,สงขลา,7.19,100.59,27.1,30.5,23.7,2.5,18.1
2022-07-14,สงขลา,7.19,100.59,27.8,31.0,25.0,4.2,18.3
2022-07-15,สงขลา,7.19,100.59,28.2,32.1,25.2,0.4,19.6
2022-07-16,สงขลา,7.19,100.59,28.3,32.3,25.3,0.2,13.1
2022-07-17,สงขลา,7.19,100.59,27.3,30.9,24.4,6.7,8.9
2022-07-18,สงขลา,7.19,100.59,28.1,32.0,24.3,0.8,8.7
2022-07-19,สงขลา,7.19,100.59,28.7,32.2,25.1,0.5,12.7
2022-07-20,สงขลา,7.19,100.59,28.7,32.6,25.3,0.8,17.1
2022-07-21,สงขลา,7.19,100.59,27.7,30.7,24.9,1.3,9.3
2022-07-22,สงขลา,7.19,100.59,27.2,30.5,24.4,8.6,11.4
2022-07-23,สงขลา,7.19,100.59,27.1,30.7,23.7,4.2,15.0
2022-07-24,สงขลา,7.19,100.59,27.3,31.2,23.5,2.4,10.2
2022-07-25,สงขลา,7.19,100.59,27.2,30.4,24.5,1.8,12.8
2022-07-26,สงขลา,7.19,100.59,27.3,30.9,24.5,2.4,10.7
2022-07-27,สงขลา,7.19,100.59,27.3,31.0,24.9,13.1,10.5
2022-07-28,สงขลา,7.19,100.59,26.9,30.7,24.7,10.8,8.8
2022-07-29,สงขลา,7.19,100.59,27.7,32.2,24.9,6.9,17.7
2022-07-30,สงขลา,7.19,100.59,27.7,31.3,25.1,5.7,14.6
2022-07-31,สงขลา,7.19,100.59,28.0,32.7,25.1,15.6,11.0
2022-08-01,สงขลา,7.19,100.59,26.8,31.0,23.8,16.7,15.9
2022-08-02,สงขลา,7.19,100.59,26.5,30.9,24.7,19.2,8.0
2022-08-03,สงขลา,7.19,100.59,26.2,28.2,24.5,2.2,11.5
2022-08-04,สงขลา,7.19,100.59,26.5,28.9,24.8,3.3,9.7
2022-08-05,สงขลา,7.19,100.59,28.1,31.6,25.4,0.1,12.6
2022-08-06,สงขลา,7.19,100.59,26.9,31.2,24.6,7.1,14.9
2022-08-07,สงขลา,7.19,100.59,27.3,30.6,24.6,0.4,11.3
2022-08-08,สงขลา,7.19,100.59,27.8,31.3,25.1,0.1,11.3
2022-08-09,สงขลา,7.19,100.59,28.0,31.0,25.1,0.0,7.4
2022-08-10,สงขลา,7.19,100.59,28.5,32.5,24.9,0.0,17.3
2022-08-11,สงขลา,7.19,100.59,28.6,32.9,24.9,0.0,14.2
2022-08-12,สงขลา,7.19,100.59,28.1,31.8,24.2,1.7,8.9
2022-08-13,สงขลา,7.19,100.59,27.9,31.8,24.7,0.4,10.6
2022-08-14,สงขลา,7.19,100.59,27.9,31.2,25.1,3.1,10.2
2022-08-15,สงขลา,7.19,100.59,27.8,31.5,24.4,4.3,15.8
2022-08-16,สงขลา,7.19,100.59,27.6,31.8,24.6,1.6,17.9
2022-08-17,สงขลา,7.19,100.59,28.0,32.1,24.8,4.6,13.0
2022-08-18,สงขลา,7.19,100.59,28.3,32.8,24.9,2.4,11.5
2022-08-19,สงขลา,7.19,100.59,28.2,31.7,25.5,4.7,13.9
2022-08-20,สงขลา,7.19,100.59,28.9,33.2,24.9,0.4,15.9
2022-08-21,สงขลา,7.19,100.59,27.7,31.2,24.7,0.1,21.9
2022-08-22,สงขลา,7.19,100.59,27.5,31.9,23.9,3.4,19.2
2022-08-23,สงขลา,7.19,100.59,26.8,31.3,24.8,11.4,11.2
2022-08-24,สงขลา,7.19,100.59,27.3,31.4,24.4,4.2,17.8
2022-08-25,สงขลา,7.19,100.59,27.9,32.8,24.7,1.0,18.1
2022-08-26,สงขลา,7.19,100.59,27.3,30.6,24.5,0.5,18.1
2022-08-27,สงขลา,7.19,100.59,26.8,30.7,24.6,24.1,10.4
2022-08-28,สงขลา,7.19,100.59,26.7,30.9,24.1,10.6,19.5
2022-08-29,สงขลา,7.19,100.59,26.2,28.7,24.6,14.8,11.3
2022-08-30,สงขลา,7.19,100.59,26.8,30.3,23.4,8.1,10.4
2022-08-31,สงขลา,7.19,100.59,27.1,31.0,23.9,5.0,10.5
2022-09-01,สงขลา,7.19,100.59,27.3,30.4,24.5,7.5,15.1
2022-09-02,สงขลา,7.19,100.59,27.1,30.7,24.4,10.0,13.6
2022-09-03,สงขลา,7.19,100.59,27.4,32.0,24.3,5.7,17.7
2022-09-04,สงขลา,7.19,100.59,27.6,31.8,24.6,0.2,15.3
2022-09-05,สงขลา,7.19,100.59,28.0,30.9,25.5,0.4,9.8
2022-09-06,สงขลา,7.19,100.59,28.1,30.9,25.4,2.1,11.2
2022-09-07,สงขลา,7.19,100.59,27.9,30.2,25.7,0.0,19.1
2022-09-08,สงขลา,7.19,100.59,27.8,31.4,25.8,0.1,16.5
2022-09-09,สงขลา,7.19,100.59,28.1,32.8,24.5,1.6,11.0
2022-09-10,สงขลา,7.19,100.59,27.8,32.8,24.7,0.8,13.1
2022-09-11,สงขลา,7.19,100.59,26.5,29.5,24.2,8.5,9.4
2022-09-12,สงขลา,7.19,100.59,26.8,29.9,24.7,7.7,10.2
2022-09-13,สงขลา,7.19,100.59,26.9,30.6,24.4,9.4,13.0
2022-09-14,สงขลา,7.19,100.59,27.4,31.0,24.2,0.8,17.5
2022-09-15,สงขลา,7.19,100.59,27.5,30.9,24.3,2.1,18.5
2022-09-16,สงขลา,7.19,100.59,27.2,31.3,24.7,7.0,15.0
2022-09-17,สงขลา,7.19,100.59,28.2,32.7,24.6,0.6,16.5
2022-09-18,สงขลา,7.19,100.59,27.8,31.3,24.6,0.0,20.1
2022-09-19,สงขลา,7.19,100.59,27.4,31.6,24.4,2.4,15.6
2022-09-20,สงขลา,7.19,100.59,27.7,31.7,25.2,3.4,13.2
2022-09-21,สงขลา,7.19,100.59,28.1,32.3,24.9,4.4,13.1
2022-09-22,สงขลา,7.19,100.59,27.4,31.0,24.9,0.8,18.8
2022-09-23,สงขลา,7.19,100.59,27.0,30.2,24.8,7.4,18.1
2022-09-24,สงขลา,7.19,100.59,27.7,32.1,24.2,0.5,18.2
2022-09-25,สงขลา,7.19,100.59,28.1,32.1,24.6,0.3,17.4
2022-09-26,สงขลา,7.19,100.59,27.5,33.2,24.9,13.7,8.2
2022-09-27,สงขลา,7.19,100.59,26.8,31.2,24.9,9.5,14.5
2022-09-28,สงขลา,7.19,100.59,26.3,28.9,24.6,5.7,18.4
2022-09-29,สงขลา,7.19,100.59,27.0,31.4,24.5,4.9,21.2
2022-09-30,สงขลา,7.19,100.59,27.1,30.6,25.0,8.0,17.3
2022-10-01,สงขลา,7.19,100.59,27.1,31.6,24.4,6.2,18.8
2022-10-02,สงขลา,7.19,100.59,27.4,31.0,24.4,2.0,11.5
2022-10-03,สงขลา,7.19,100.59,25.7,26.6,25.0,25.1,6.7
2022-10-04,สงขลา,7.19,100.59,26.4,29.7,24.4,10.0,12.6
2022-10-05,สงขลา,7.19,100.59,26.1,28.5,24.6,20.7,10.7
2022-10-06,สงขลา,7.19,100.59,26.5,29.5,24.0,11.3,13.7
2022-10-07,สงขลา,7.19,100.59,25.5,29.2,24.1,24.8,12.4
2022-10-08,สงขลา,7.19,100.59,26.2,29.2,23.7,9.0,10.4
2022-10-09,สงขลา,7.19,100.59,24.7,26.7,23.0,21.8,10.2
2022-10-10,สงขลา,7.19,100.59,25.9,29.8,23.9,10.2,12.6
2022-10-11,สงขลา,7.19,100.59,26.4,29.3,23.9,7.4,11.5
2022-10-12,สงขลา,7.19,100.59,27.0,29.8,24.7,5.9,10.8
2022-10-13,สงขลา,7.19,100.59,26.0,29.0,24.1,19.7,11.4
2022-10-14,สงขลา,7.19,100.59,26.5,30.7,24.0,4.4,14.3
2022-10-15,สงขลา,7.19,100.59,26.3,30.6,24.2,7.1,12.0
2022-10-16,สงขลา,7.19,100.59,25.4,28.1,23.7,14.4,17.2
2022-10-17,สงขลา,7.19,100.59,26.1,29.3,23.7,13.8,15.0
2022-10-18,สงขลา,7.19,100.59,26.4,29.7,24.4,3.3,21.1
2022-10-19,สงขลา,7.19,100.59,25.7,28.7,23.8,22.6,14.5
2022-10-20,สงขลา,7.19,100.59,26.4,29.0,23.9,14.6,8.4
2022-10-21,สงขลา,7.19,100.59,26.4,30.2,24.3,23.8,11.3
2022-10-22,สงขลา,7.19,100.59,26.3,27.9,24.4,2.7,10.9
2022-10-23,สงขลา,7.19,100.59,26.8,28.4,25.3,4.9,11.6
2022-10-24,สงขลา,7.19,100.59,26.7,29.9,24.5,5.0,10.0
2022-10-25,สงขลา,7.19,100.59,26.5,30.0,24.5,17.0,13.8
2022-10-26,สงขลา,7.19,100.59,26.6,30.0,24.2,0.7,11.2
2022-10-27,สงขลา,7.19,100.59,26.0,28.8,23.8,4.6,10.5
2022-10-28,สงขลา,7.19,100.59,25.4,27.8,23.8,15.5,13.0
2022-10-29,สงขลา,7.19,100.59,26.2,28.9,23.5,10.3,13.1
2022-10-30,สงขลา,7.19,100.59,26.8,28.6,24.2,1.3,12.9
2022-10-31,สงขลา,7.19,100.59,25.6,28.5,24.3,15.8,9.5
2022-11-01,สงขลา,7.19,100.59,26.8,29.3,24.0,1.0,12.1
2022-11-02,สงขลา,7.19,100.59,26.1,27.9,24.4,8.5,13.3
2022-11-03,สงขลา,7.19,100.59,25.9,28.2,24.0,20.1,11.4
2022-11-04,สงขลา,7.19,100.59,25.4,27.4,23.8,24.1,14.0
2022-11-05,สงขลา,7.19,100.59,25.6,28.4,24.1,30.8,12.3
2022-11-06,สงขลา,7.19,100.59,25.3,28.7,24.0,16.9,10.8
2022-11-07,สงขลา,7.19,100.59,26.0,29.6,23.8,9.4,10.6
2022-11-08,สงขลา,7.19,100.59,26.9,29.6,24.6,2.8,17.3
2022-11-09,สงขลา,7.19,100.59,26.3,28.3,24.4,15.3,15.0
2022-11-10,สงขลา,7.19,100.59,25.4,27.1,24.0,21.2,17.1
2022-11-11,สงขลา,7.19,100.59,25.1,26.9,24.3,25.9,20.5
2022-11-12,สงขลา,7.19,100.59,26.3,28.4,24.6,21.7,16.6
2022-11-13,สงขลา,7.19,100.59,25.8,28.0,24.3,21.5,16.0
2022-11-14,สงขลา,7.19,100.59,25.7,28.7,23.9,10.3,13.4
2022-11-15,สงขลา,7.19,100.59,25.3,28.8,23.7,44.9,10.7
2022-11-16,สงขลา,7.19,100.59,26.0,28.6,23.6,10.3,12.5
2022-11-17,สงขลา,7.19,100.59,26.3,28.7,24.4,7.7,10.5
2022-11-18,สงขลา,7.19,100.59,26.1,28.5,24.2,5.0,9.2
2022-11-19,สงขลา,7.19,100.59,25.9,28.5,23.9,8.7,11.0
2022-11-20,สงขลา,7.19,100.59,26.1,29.1,23.5,2.2,16.3
2022-11-21,สงขลา,7.19,100.59,27.0,30.6,24.0,0.1,10.2
2022-11-22,สงขลา,7.19,100.59,25.8,28.3,24.2,18.5,15.5
2022-11-23,สงขลา,7.19,100.59,25.6,29.4,23.6,18.3,13.7
2022-11-24,สงขลา,7.19,100.59,26.0,29.8,23.8,19.0,12.2
2022-11-25,สงขลา,7.19,100.59,26.2,30.1,23.8,10.8,10.6
2022-11-26,สงขลา,7.19,100.59,25.8,28.6,23.1,15.0,10.3
2022-11-27,สงขลา,7.19,100.59,26.3,29.7,23.9,10.4,9.1
2022-11-28,สงขลา,7.19,100.59,26.9,29.4,23.9,0.3,11.3
2022-11-29,สงขลา,7.19,100.59,27.5,30.1,25.3,0.9,14.8
2022-11-30,สงขลา,7.19,100.59,27.5,29.9,24.4,2.8,17.9
2022-12-01,สงขลา,7.19,100.59,26.3,27.7,24.7,17.6,18.0
2022-12-02,สงขลา,7.19,100.59,26.0,28.7,24.3,19.1,17.3
2022-12-03,สงขลา,7.19,100.59,24.3,24.8,24.0,63.5,20.7
2022-12-04,สงขลา,7.19,100.59,24.9,26.8,23.6,43.8,16.7
2022-12-05,สงขลา,7.19,100.59,25.5,28.4,24.2,19.9,18.8
2022-12-06,สงขลา,7.19,100.59,26.3,29.2,24.4,4.4,16.1
2022-12-07,สงขลา,7.19,100.59,26.3,28.9,23.5,9.9,21.3
2022-12-08,สงขลา,7.19,100.59,24.7,26.3,23.9,59.2,15.6
2022-12-09,สงขลา,7.19,100.59,24.3,24.8,23.5,61.9,14.8
2022-12-10,สงขลา,7.19,100.59,24.6,26.3,23.6,30.6,15.3
2022-12-11,สงขลา,7.19,100.59,25.1,27.6,23.2,14.4,19.2
2022-12-12,สงขลา,7.19,100.59,25.3,28.5,23.8,15.1,20.2
2022-12-13,สงขลา,7.19,100.59,26.2,27.8,23.6,3.3,27.0
2022-12-14,สงขลา,7.19,100.59,26.6,28.4,24.6,1.9,23.8
2022-12-15,สงขลา,7.19,100.59,26.2,28.5,24.5,10.1,26.6
2022-12-16,สงขลา,7.19,100.59,27.0,29.3,25.5,3.1,26.0
2022-12-17,สงขลา,7.19,100.59,25.3,26.8,24.3,13.6,25.0
2022-12-18,สงขลา,7.19,100.59,23.9,24.7,23.6,116.0,26.6
2022-12-19,สงขลา,7.19,100.59,24.3,26.4,23.4,58.1,26.1
2022-12-20,สงขลา,7.19,100.59,25.7,27.3,23.7,9.4,23.0
2022-12-21,สงขลา,7.19,100.59,25.8,27.6,23.5,6.0,17.6
2022-12-22,สงขลา,7.19,100.59,25.9,28.2,23.2,0.8,13.5
2022-12-23,สงขลา,7.19,100.59,26.3,28.4,24.5,1.5,20.1
2022-12-24,สงขลา,7.19,100.59,25.9,27.4,24.7,0.7,20.5
2022-12-25,สงขลา,7.19,100.59,26.0,28.5,23.5,0.9,21.1
2022-12-26,สงขลา,7.19,100.59,26.3,27.8,24.6,0.4,16.6
2022-12-27,สงขลา,7.19,100.59,26.2,28.2,25.1,0.0,17.4
2022-12-28,สงขลา,7.19,100.59,25.9,28.1,23.3,0.1,14.1
2022-12-29,สงขลา,7.19,100.59,26.0,28.2,23.0,0.1,16.1
2022-12-30,สงขลา,7.19,100.59,25.9,28.2,23.0,0.0,14.6
2022-12-31,สงขลา,7.19,100.59,26.0,27.6,25.1,0.6,18.4
2023-01-01,สงขลา,7.19,100.59,26.4,28.2,24.6,1.1,21.3
2023-01-02,สงขลา,7.19,100.59,26.3,27.9,24.9,1.3,18.8
2023-01-03,สงขลา,7.19,100.59,25.9,27.8,24.2,2.8,17.9
2023-01-04,สงขลา,7.19,100.59,25.8,27.8,23.2,1.6,17.1
2023-01-05,สงขลา,7.19,100.59,26.8,28.3,25.8,3.8,19.9
2023-01-06,สงขลา,7.19,100.59,26.5,28.0,25.5,1.8,23.9
2023-01-07,สงขลา,7.19,100.59,24.2,25.6,23.4,33.8,15.9
2023-01-08,สงขลา,7.19,100.59,24.9,27.1,23.6,8.9,14.1
2023-01-09,สงขลา,7.19,100.59,25.0,26.8,23.5,7.6,12.7
2023-01-10,สงขลา,7.19,100.59,25.7,28.3,23.7,1.9,11.6
2023-01-11,สงขลา,7.19,100.59,25.6,28.8,23.2,3.6,12.5
2023-01-12,สงขลา,7.19,100.59,25.9,28.9,22.5,0.3,11.2
2023-01-13,สงขลา,7.19,100.59,26.8,29.5,24.5,0.6,11.5
2023-01-14,สงขลา,7.19,100.59,26.6,29.6,23.9,1.0,8.9
2023-01-15,สงขลา,7.19,100.59,26.4,29.5,23.6,1.8,12.3
2023-01-16,สงขลา,7.19,100.59,26.1,28.7,23.1,1.1,13.8
2023-01-17,สงขลา,7.19,100.59,26.3,28.9,23.2,0.9,16.9
2023-01-18,สงขลา,7.19,100.59,26.1,28.7,23.6,4.2,23.1
2023-01-19,สงขลา,7.19,100.59,26.3,28.9,23.2,2.5,22.4
2023-01-20,สงขลา,7.19,100.59,25.2,26.4,24.3,16.5,18.8
2023-01-21,สงขลา,7.19,100.59,25.9,27.7,24.3,16.3,18.7
2023-01-22,สงขลา,7.19,100.59,25.1,27.0,23.9,14.3,16.7
2023-01-23,สงขลา,7.19,100.59,26.2,28.5,23.7,2.4,22.3
2023-01-24,สงขลา,7.19,100.59,25.7,28.7,23.6,7.8,25.8
2023-01-25,สงขลา,7.19,100.59,25.6,27.0,23.9,3.5,29.6
2023-01-26,สงขลา,7.19,100.59,26.3,28.2,24.9,1.1,20.9
2023-01-27,สงขลา,7.19,100.59,25.5,27.2,24.5,2.7,16.5
2023-01-28,สงขลา,7.19,100.59,25.0,27.2,23.5,14.1,21.7
2023-01-29,สงขลา,7.19,100.59,24.7,26.3,23.6,12.1,25.0
2023-01-30,สงขลา,7.19,100.59,25.2,28.2,23.2,5.3,27.2
2023-01-31,สงขลา,7.19,100.59,25.4,27.2,23.6,2.5,23.1
2023-02-01,สงขลา,7.19,100.59,26.1,28.0,23.4,0.0,16.1
2023-02-02,สงขลา,7.19,100.59,26.2,28.5,24.1,0.5,15.5
2023-02-03,สงขลา,7.19,100.59,25.3,27.3,24.0,21.4,20.9
2023-02-04,สงขลา,7.19,100.59,26.3,28.5,24.7,1.3,22.8
2023-02-05,สงขลา,7.19,100.59,26.4,28.5,24.9,1.2,22.3
2023-02-06,สงขลา,7.19,100.59,26.0,28.3,24.1,1.1,16.2
2023-02-07,สงขลา,7.19,100.59,26.4,28.8,24.1,0.0,17.1
2023-02-08,สงขลา,7.19,100.59,26.7,28.4,25.3,1.2,20.4
2023-02-09,สงขลา,7.19,100.59,26.6,28.7,24.5,0.0,16.2
2023-02-10,สงขลา,7.19,100.59,26.8,29.3,24.5,0.7,18.9
2023-02-11,สงขลา,7.19,100.59,26.6,29.2,24.4,0.9,16.0
2023-02-12,สงขลา,7.19,100.59,26.5,29.0,23.9,0.1,15.3
2023-02-13,สงขลา,7.19,100.59,26.3,29.1,23.6,0.0,12.2
2023-02-14,สงขลา,7.19,100.59,26.2,28.8,23.2,0.4,14.8
2023-02-15,สงขลา,7.19,100.59,26.8,29.2,24.7,0.5,22.7
2023-02-16,สงขลา,7.19,100.59,26.7,29.0,24.4,1.4,28.1
2023-02-17,สงขลา,7.19,100.59,26.3,29.3,23.6,1.6,25.7
2023-02-18,สงขลา,7.19,100.59,26.6,28.0,25.0,2.9,22.3
2023-02-19,สงขลา,7.19,100.59,26.5,28.2,25.2,3.7,17.4
2023-02-20,สงขลา,7.19,100.59,26.8,28.6,24.8,0.7,18.5
2023-02-21,สงขลา,7.19,100.59,26.6,28.8,24.6,0.5,23.8
2023-02-22,สงขลา,7.19,100.59,26.9,29.0,24.9,0.1,22.4
2023-02-23,สงขลา,7.19,100.59,26.8,29.2,24.9,0.0,18.7
2023-02-24,สงขลา,7.19,100.59,26.6,28.8,24.7,0.0,16.2
2023-02-25,สงขลา,7.19,100.59,26.6,28.9,24.9,1.8,26.6
2023-02-26,สงขลา,7.19,100.59,26.8,28.4,25.5,2.8,28.7
2023-02-27,สงขลา,7.19,100.59,26.3,28.4,23.9,1.0,22.8
2023-02-28,สงขลา,7.19,100.59,25.9,28.3,23.3,5.1,18.5
2023-03-01,สงขลา,7.19,100.59,24.9,27.8,23.2,17.3,18.4
2023-03-02,สงขลา,7.19,100.59,26.1,28.6,23.5,1.2,22.7
2023-03-03,สงขลา,7.19,100.59,26.2,28.8,24.5,2.8,22.0
2023-03-04,สงขลา,7.19,100.59,26.1,28.6,23.6,0.4,24.1
2023-03-05,สงขลา,7.19,100.59,26.1,28.7,23.8,1.7,24.1
2023-03-06,สงขลา,7.19,100.59,26.1,28.4,23.3,0.3,23.6
2023-03-07,สงขลา,7.19,100.59,26.3,28.8,23.6,0.6,20.7
2023-03-08,สงขลา,7.19,100.59,26.7,29.2,24.5,0.0,21.5
2023-03-09,สงขลา,7.19,100.59,26.8,29.2,24.6,0.2,23.0
2023-03-10,สงขลา,7.19,100.59,26.8,28.8,25.1,0.0,20.6
2023-03-11,สงขลา,7.19,100.59,26.7,29.3,24.7,0.0,19.6
2023-03-12,สงขลา,7.19,100.59,26.7,29.1,24.5,0.1,19.3
2023-03-13,สงขลา,7.19,100.59,26.6,29.1,24.6,0.0,26.7
2023-03-14,สงขลา,7.19,100.59,26.4,29.0,24.0,0.0,26.1
2023-03-15,สงขลา,7.19,100.59,26.3,29.2,23.4,0.0,21.0
2023-03-16,สงขลา,7.19,100.59,26.7,29.6,24.4,0.2,21.4
2023-03-17,สงขลา,7.19,100.59,26.9,29.8,24.5,0.2,21.5
2023-03-18,สงขลา,7.19,100.59,27.2,30.1,24.4,0.0,19.2
2023-03-19,สงขลา,7.19,100.59,27.3,30.4,24.8,0.1,19.3
2023-03-20,สงขลา,7.19,100.59,27.4,30.1,24.5,0.3,17.9
2023-03-21,สงขลา,7.19,100.59,27.6,30.7,24.8,0.2,15.2
2023-03-22,สงขลา,7.19,100.59,27.8,30.5,25.3,0.2,13.7
2023-03-23,สงขลา,7.19,100.59,27.3,31.1,24.1,0.3,14.2
2023-03-24,สงขลา,7.19,100.59,27.6,31.2,24.1,0.3,12.9
2023-03-25,สงขลา,7.19,100.59,27.4,31.5,23.7,0.0,14.1
2023-03-26,สงขลา,7.19,100.59,27.3,31.9,23.2,0.0,16.5
2023-03-27,สงขลา,7.19,100.59,27.5,31.1,23.7,0.0,16.6
2023-03-28,สงขลา,7.19,100.59,28.2,31.9,25.2,0.9,18.2
2023-03-29,สงขลา,7.19,100.59,28.2,31.0,25.4,0.5,17.4
2023-03-30,สงขลา,7.19,100.59,28.1,31.3,25.4,0.2,15.3
2023-03-31,สงขลา,7.19,100.59,27.7,31.1,23.9,0.0,15.8
2023-04-01,สงขลา,7.19,100.59,27.8,31.3,24.0,0.0,14.5
2023-04-02,สงขลา,7.19,100.59,27.8,30.9,24.6,0.9,13.5
2023-04-03,สงขลา,7.19,100.59,27.6,32.1,24.6,3.1,14.7
2023-04-04,สงขลา,7.19,100.59,28.7,33.5,25.1,0.1,13.5
2023-04-05,สงขลา,7.19,100.59,27.6,33.2,25.2,16.2,13.9
2023-04-06,สงขลา,7.19,100.59,27.7,32.7,24.3,1.0,12.0
2023-04-07,สงขลา,7.19,100.59,28.3,32.0,25.0,0.1,13.8
2023-04-08,สงขลา,7.19,100.59,28.5,31.6,25.1,1.0,16.6
2023-04-09,สงขลา,7.19,100.59,29.1,32.0,27.3,0.0,16.7
2023-04-10,สงขลา,7.19,100.59,28.6,31.9,25.3,0.3,15.8
2023-04-11,สงขลา,7.19,100.59,28.3,31.8,24.5,0.0,14.1
2023-04-12,สงขลา,7.19,100.59,28.9,33.3,25.2,1.5,14.8
2023-04-13,สงขลา,7.19,100.59,29.3,33.6,25.4,2.1,14.3
2023-04-14,สงขลา,7.19,100.59,29.7,33.3,25.9,1.3,13.0
2023-04-15,สงขลา,7.19,100.59,30.1,34.3,25.8,0.6,15.5
2023-04-16,สงขลา,7.19,100.59,28.6,30.9,26.3,2.2,15.0
2023-04-17,สงขลา,7.19,100.59,29.2,32.6,26.2,2.5,11.2
2023-04-18,สงขลา,7.19,100.59,29.1,32.6,26.0,3.7,14.0
2023-04-19,สงขลา,7.19,100.59,28.7,32.9,26.2,2.7,10.1
2023-04-20,สงขลา,7.19,100.59,29.0,32.9,24.4,2.7,14.4
2023-04-21,สงขลา,7.19,100.59,29.5,33.9,25.8,3.4,12.4
2023-04-22,สงขลา,7.19,100.59,28.3,33.1,25.4,16.2,11.0
2023-04-23,สงขลา,7.19,100.59,28.4,32.9,25.5,4.6,16.9
2023-04-24,สงขลา,7.19,100.59,28.7,32.8,24.4,0.3,14.5
2023-04-25,สงขลา,7.19,100.59,29.7,32.7,27.2,0.6,18.1
2023-04-26,สงขลา,7.19,100.59,29.1,32.3,25.5,1.0,18.3
2023-04-27,สงขลา,7.19,100.59,29.2,32.1,25.8,2.2,18.4
2023-04-28,สงขลา,7.19,100.59,29.5,32.6,25.5,1.4,14.8
2023-04-29,สงขลา,7.19,100.59,28.5,32.5,24.7,3.3,13.8
2023-04-30,สงขลา,7.19,100.59,29.0,32.3,25.7,2.0,17.3
2023-05-01,สงขลา,7.19,100.59,29.2,32.8,26.5,4.5,18.5
2023-05-02,สงขลา,7.19,100.59,27.2,29.2,26.0,17.6,17.4
2023-05-03,สงขลา,7.19,100.59,28.3,31.7,25.9,3.0,16.3
2023-05-04,สงขลา,7.19,100.59,28.4,32.5,24.9,4.3,13.0
2023-05-05,สงขลา,7.19,100.59,29.1,33.6,25.6,0.2,10.5
2023-05-06,สงขลา,7.19,100.59,29.5,34.2,25.7,0.9,10.9
2023-05-07,สงขลา,7.19,100.59,29.3,34.7,25.1,0.9,16.9
2023-05-08,สงขลา,7.19,100.59,29.1,34.5,26.0,6.7,12.3
2023-05-09,สงขลา,7.19,100.59,28.1,33.3,24.9,20.9,14.5
2023-05-10,สงขลา,7.19,100.59,28.6,31.4,25.4,9.1,10.2
2023-05-11,สงขลา,7.19,100.59,29.6,32.3,26.0,0.5,13.6
2023-05-12,สงขลา,7.19,100.59,29.5,32.2,26.3,0.2,10.8
2023-05-13,สงขลา,7.19,100.59,29.8,32.9,26.4,0.2,10.1
2023-05-14,สงขลา,7.19,100.59,29.1,33.4,26.4,5.3,15.0
2023-05-15,สงขลา,7.19,100.59,28.8,34.0,26.1,3.8,11.9
2023-05-16,สงขลา,7.19,100.59,28.3,32.3,25.4,3.5,12.9
2023-05-17,สงขลา,7.19,100.59,28.1,31.5,25.7,11.3,11.2
2023-05-18,สงขลา,7.19,100.59,28.7,31.8,25.1,5.5,15.7
2023-05-19,สงขลา,7.19,100.59,28.7,31.7,26.2,7.5,18.0
2023-05-20,สงขลา,7.19,100.59,28.4,32.6,25.8,3.9,15.7
2023-05-21,สงขลา,7.19,100.59,27.8,30.5,24.1,12.8,22.4
2023-05-22,สงขลา,7.19,100.59,28.8,33.5,25.9,1.8,16.9
2023-05-23,สงขลา,7.19,100.59,29.1,33.6,25.5,0.7,16.3
2023-05-24,สงขลา,7.19,100.59,29.5,34.9,26.0,2.2,16.7
2023-05-25,สงขลา,7.19,100.59,29.4,33.7,26.3,2.1,15.1
2023-05-26,สงขลา,7.19,100.59,28.1,32.5,25.4,10.4,14.5
2023-05-27,สงขลา,7.19,100.59,28.5,32.7,25.4,3.6,20.9
2023-05-28,สงขลา,7.19,100.59,28.1,32.8,26.2,5.9,15.3
2023-05-29,สงขลา,7.19,100.59,28.8,33.4,25.4,0.3,20.2
2023-05-30,สงขลา,7.19,100.59,28.7,32.8,25.7,1.2,18.1
2023-05-31,สงขลา,7.19,100.59,28.5,32.4,25.6,3.5,20.5
2023-06-01,สงขลา,7.19,100.59,29.4,34.2,26.0,0.7,22.7
2023-06-02,สงขลา,7.19,100.59,29.6,34.1,26.2,5.1,15.4
2023-06-03,สงขลา,7.19,100.59,28.1,33.1,25.7,15.1,11.9
2023-06-04,สงขลา,7.19,100.59,28.8,33.8,25.1,1.0,16.2
2023-06-05,สงขลา,7.19,100.59,29.3,33.0,25.9,0.6,13.6
2023-06-06,สงขลา,7.19,100.59,28.7,33.4,26.5,1.2,23.4
2023-06-07,สงขลา,7.19,100.59,28.7,33.3,25.9,0.0,13.0
2023-06-08,สงขลา,7.19,100.59,28.5,32.0,26.1,2.4,12.2
2023-06-09,สงขลา,7.19,100.59,28.4,32.3,26.3,2.6,12.4
2023-06-10,สงขลา,7.19,100.59,28.0,34.0,25.6,9.6,14.5
2023-06-11,สงขลา,7.19,100.59,29.1,33.7,25.5,0.3,14.0
2023-06-12,สงขลา,7.19,100.59,29.1,32.7,25.9,0.5,9.8
2023-06-13,สงขลา,7.19,100.59,29.0,33.6,26.0,2.8,18.4
2023-06-14,สงขลา,7.19,100.59,28.7,33.3,24.9,0.4,13.2
2023-06-15,สงขลา,7.19,100.59,28.8,33.2,25.4,0.8,10.7
2023-06-16,สงขลา,7.19,100.59,28.4,32.8,25.4,2.1,12.4
2023-06-17,สงขลา,7.19,100.59,28.0,31.7,26.2,10.1,9.1
2023-06-18,สงขลา,7.19,100.59,27.4,31.2,24.8,3.1,14.5
2023-06-19,สงขลา,7.19,100.59,27.7,31.2,25.2,3.3,11.5
2023-06-20,สงขลา,7.19,100.59,28.3,32.4,24.6,0.7,12.4
2023-06-21,สงขลา,7.19,100.59,28.8,32.6,25.1,0.0,13.6
2023-06-22,สงขลา,7.19,100.59,28.0,30.4,25.8,5.1,10.1
2023-06-23,สงขลา,7.19,100.59,28.3,32.4,25.3,1.9,12.3
2023-06-24,สงขลา,7.19,100.59,28.5,32.3,25.2,1.1,13.1
2023-06-25,สงขลา,7.19,100.59,27.9,32.0,25.8,16.4,12.0
2023-06-26,สงขลา,7.19,100.59,28.4,32.7,25.4,3.0,9.2
2023-06-27,สงขลา,7.19,100.59,27.3,31.0,25.5,16.8,14.8
2023-06-28,สงขลา,7.19,100.59,27.4,31.8,24.5,11.3,17.3
2023-06-29,สงขลา,7.19,100.59,27.7,31.6,24.7,6.3,17.6
2023-06-30,สงขลา,7.19,100.59,27.6,32.1,25.3,8.8,17.4
2023-07-01,สงขลา,7.19,100.59,26.0,28.1,24.3,23.9,21.2
2023-07-02,สงขลา,7.19,100.59,28.8,33.1,25.0,0.0,17.3
2023-07-03,สงขลา,7.19,100.59,28.9,31.8,25.7,1.4,9.8
2023-07-04,สงขลา,7.19,100.59,28.9,32.3,26.3,2.0,11.7
2023-07-05,สงขลา,7.19,100.59,28.2,32.5,24.0,5.8,10.9
2023-07-06,สงขลา,7.19,100.59,29.4,33.6,26.4,0.8,8.7
2023-07-07,สงขลา,7.19,100.59,29.0,34.2,25.7,3.9,10.6
2023-07-08,สงขลา,7.19,100.59,28.0,32.8,24.7,11.6,14.9
2023-07-09,สงขลา,7.19,100.59,26.1,30.1,23.6,13.9,13.9
2023-07-10,สงขลา,7.19,100.59,27.0,32.1,24.4,20.6,7.4
2023-07-11,สงขลา,7.19,100.59,27.4,32.1,24.2,2.1,12.4
2023-07-12,สงขลา,7.19,100.59,28.1,32.3,25.0,0.6,11.8
2023-07-13,สงขลา,7.19,100.59,28.6,32.4,25.1,1.0,16.1
2023-07-14,สงขลา,7.19,100.59,29.3,33.8,25.4,0.0,23.3
2023-07-15,สงขลา,7.19,100.59,28.8,33.3,25.7,1.3,20.6
2023-07-16,สงขลา,7.19,100.59,29.7,34.5,25.8,0.1,24.6
2023-07-17,สงขลา,7.19,100.59,30.1,34.6,26.8,0.0,27.2
2023-07-18,สงขลา,7.19,100.59,29.5,33.8,26.6,0.7,25.3
2023-07-19,สงขลา,7.19,100.59,27.3,31.5,25.2,3.2,29.3
2023-07-20,สงขลา,7.19,100.59,28.3,32.8,24.6,1.3,25.0
2023-07-21,สงขลา,7.19,100.59,28.2,31.8,25.7,1.5,16.2
2023-07-22,สงขลา,7.19,100.59,28.0,32.5,25.3,4.2,16.6
2023-07-23,สงขลา,7.19,100.59,29.3,34.4,25.4,0.5,18.2
2023-07-24,สงขลา,7.19,100.59,30.3,36.0,25.5,0.0,17.0
2023-07-25,สงขลา,7.19,100.59,29.6,34.8,26.7,3.9,13.0
2023-07-26,สงขลา,7.19,100.59,28.9,32.8,26.9,12.8,13.0
2023-07-27,สงขลา,7.19,100.59,29.8,34.4,26.0,0.3,20.2
2023-07-28,สงขลา,7.19,100.59,30.1,34.4,26.3,0.0,21.9
2023-07-29,สงขลา,7.19,100.59,30.6,35.9,25.9,0.0,26.5
2023-07-30,สงขลา,7.19,100.59,30.4,35.7,26.7,1.0,19.0
2023-07-31,สงขลา,7.19,100.59,28.0,34.6,25.3,20.8,13.3
2023-08-01,สงขลา,7.19,100.59,27.4,32.0,25.4,1.3,21.2
2023-08-02,สงขลา,7.19,100.59,28.5,33.0,24.8,0.1,15.6
2023-08-03,สงขลา,7.19,100.59,29.0,33.8,25.5,0.7,20.2
2023-08-04,สงขลา,7.19,100.59,29.1,33.6,25.6,1.5,15.0
2023-08-05,สงขลา,7.19,100.59,29.3,33.9,26.1,0.4,12.7
2023-08-06,สงขลา,7.19,100.59,28.7,32.9,25.5,5.0,16.2
2023-08-07,สงขลา,7.19,100.59,28.2,33.9,24.3,8.1,13.9
2023-08-08,สงขลา,7.19,100.59,28.8,33.0,25.1,5.8,18.0
2023-08-09,สงขลา,7.19,100.59,28.6,34.7,25.5,4.5,12.3
2023-08-10,สงขลา,7.19,100.59,28.0,32.3,24.6,3.9,22.0
2023-08-11,สงขลา,7.19,100.59,28.1,32.4,24.3,2.4,20.9
2023-08-12,สงขลา,7.19,100.59,28.7,33.4,24.9,4.2,21.3
2023-08-13,สงขลา,7.19,100.59,28.2,33.7,25.0,2.3,21.5
2023-08-14,สงขลา,7.19,100.59,27.2,31.6,24.7,3.3,26.2
2023-08-15,สงขลา,7.19,100.59,27.4,31.4,25.0,3.1,18.9
2023-08-16,สงขลา,7.19,100.59,27.6,32.5,24.6,3.7,20.7
2023-08-17,สงขลา,7.19,100.59,28.0,32.6,24.4,0.6,16.9
2023-08-18,สงขลา,7.19,100.59,28.9,33.5,25.2,0.0,17.3
2023-08-19,สงขลา,7.19,100.59,28.9,33.7,25.6,3.6,15.3
2023-08-20,สงขลา,7.19,100.59,29.0,33.9,25.8,1.8,19.2
2023-08-21,สงขลา,7.19,100.59,29.0,34.5,24.9,0.7,19.2
2023-08-22,สงขลา,7.19,100.59,28.3,33.6,25.1,5.8,10.3
2023-08-23,สงขลา,7.19,100.59,27.9,33.3,24.7,7.4,18.1
2023-08-24,สงขลา,7.19,100.59,28.4,33.4,24.9,2.5,13.8
2023-08-25,สงขลา,7.19,100.59,28.1,33.0,25.0,16.0,13.3
2023-08-26,สงขลา,7.19,100.59,27.4,32.0,24.1,2.6,21.9
2023-08-27,สงขลา,7.19,100.59,28.0,33.0,24.3,1.8,14.4
2023-08-28,สงขลา,7.19,100.59,29.0,33.9,25.5,0.7,23.5
2023-08-29,สงขลา,7.19,100.59,28.6,32.9,25.2,1.7,21.7
2023-08-30,สงขลา,7.19,100.59,29.1,33.8,25.1,0.0,20.5
2023-08-31,สงขลา,7.19,100.59,28.6,33.5,25.9,2.5,19.4
2023-09-01,สงขลา,7.19,100.59,27.3,31.9,24.3,20.8,16.3
2023-09-02,สงขลา,7.19,100.59,27.8,33.0,24.1,7.0,23.4
2023-09-03,สงขลา,7.19,100.59,27.8,32.2,25.2,1.8,15.5
2023-09-04,สงขลา,7.19,100.59,26.7,31.5,24.3,16.9,16.7
2023-09-05,สงขลา,7.19,100.59,26.2,29.5,24.3,9.7,15.3
2023-09-06,สงขลา,7.19,100.59,28.0,32.8,24.2,0.0,10.6
2023-09-07,สงขลา,7.19,100.59,28.5,32.8,25.5,1.2,10.7
2023-09-08,สงขลา,7.19,100.59,28.0,33.5,25.0,30.6,10.5
2023-09-09,สงขลา,7.19,100.59,27.3,31.9,24.9,5.8,15.8
2023-09-10,สงขลา,7.19,100.59,25.5,29.2,24.1,12.4,17.6
2023-09-11,สงขลา,7.19,100.59,27.8,32.4,24.4,0.1,13.1
2023-09-12,สงขลา,7.19,100.59,27.8,32.2,25.7,6.4,13.6
2023-09-13,สงขลา,7.19,100.59,28.1,32.9,24.9,0.1,9.7
2023-09-14,สงขลา,7.19,100.59,28.8,33.1,25.1,2.5,11.8
2023-09-15,สงขลา,7.19,100.59,28.6,32.9,26.2,2.9,10.7
2023-09-16,สงขลา,7.19,100.59,27.9,32.6,25.1,4.9,16.1
2023-09-17,สงขลา,7.19,100.59,27.5,31.9,24.4,9.2,10.7
2023-09-18,สงขลา,7.19,100.59,27.5,31.8,24.7,9.6,10.2
2023-09-19,สงขลา,7.19,100.59,27.5,31.2,23.8,5.1,13.2
2023-09-20,สงขลา,7.19,100.59,27.1,30.7,25.3,2.3,14.2
2023-09-21,สงขลา,7.19,100.59,25.8,29.3,23.5,7.7,12.0
2023-09-22,สงขลา,7.19,100.59,26.9,31.6,24.0,3.9,11.7
2023-09-23,สงขลา,7.19,100.59,26.7,30.9,24.3,6.3,17.6
2023-09-24,สงขลา,7.19,100.59,25.7,27.6,24.5,11.0,15.7
2023-09-25,สงขลา,7.19,100.59,26.8,30.9,24.5,11.9,22.5
2023-09-26,สงขลา,7.19,100.59,26.3,28.8,24.5,22.3,18.4
2023-09-27,สงขลา,7.19,100.59,27.2,32.2,24.6,1.2,18.6
2023-09-28,สงขลา,7.19,100.59,27.8,32.3,24.7,0.5,12.3
2023-09-29,สงขลา,7.19,100.59,27.5,31.5,24.6,6.2,11.2
2023-09-30,สงขลา,7.19,100.59,28.5,33.4,25.2,3.6,11.9
2023-10-01,สงขลา,7.19,100.59,28.7,33.4,25.5,3.8,15.8
2023-10-02,สงขลา,7.19,100.59,28.3,33.2,25.0,0.3,11.0
2023-10-03,สงขลา,7.19,100.59,26.9,31.0,24.2,9.4,16.1
2023-10-04,สงขลา,7.19,100.59,27.1,31.4,24.8,18.8,13.3
2023-10-05,สงขลา,7.19,100.59,27.4,32.2,24.9,14.3,13.1
2023-10-06,สงขลา,7.19,100.59,27.2,32.3,24.6,5.5,10.8
2023-10-07,สงขลา,7.19,100.59,27.1,31.3,24.7,14.4,13.5
2023-10-08,สงขลา,7.19,100.59,26.5,31.7,24.3,30.3,13.8
2023-10-09,สงขลา,7.19,100.59,27.5,31.7,24.1,5.1,8.2
2023-10-10,สงขลา,7.19,100.59,27.6,31.9,25.3,9.0,9.6
2023-10-11,สงขลา,7.19,100.59,26.9,31.1,23.8,3.4,11.8
2023-10-12,สงขลา,7.19,100.59,26.3,30.3,23.8,8.6,11.7
2023-10-13,สงขลา,7.19,100.59,27.0,31.5,24.2,8.8,11.8
2023-10-14,สงขลา,7.19,100.59,27.3,31.6,24.0,2.4,15.1
2023-10-15,สงขลา,7.19,100.59,27.0,32.0,23.8,16.6,18.1
2023-10-16,สงขลา,7.19,100.59,26.8,31.8,24.3,21.2,17.6
2023-10-17,สงขลา,7.19,100.59,26.7,29.6,23.9,13.4,15.3
2023-10-18,สงขลา,7.19,100.59,27.3,31.7,24.8,18.4,7.8
2023-10-19,สงขลา,7.19,100.59,27.3,30.1,24.9,3.7,12.0
2023-10-20,สงขลา,7.19,100.59,27.0,30.8,24.4,16.5,14.9
2023-10-21,สงขลา,7.19,100.59,26.2,29.9,23.4,5.0,12.3
2023-10-22,สงขลา,7.19,100.59,26.3,30.5,23.6,13.5,11.2
2023-10-23,สงขลา,7.19,100.59,26.9,30.1,22.8,1.5,12.3
2023-10-24,สงขลา,7.19,100.59,27.0,31.4,23.3,10.7,14.7
2023-10-25,สงขลา,7.19,100.59,26.7,31.4,23.1,3.2,12.5
2023-10-26,สงขลา,7.19,100.59,26.5,30.5,23.7,14.7,15.0
2023-10-27,สงขลา,7.19,100.59,27.1,30.2,24.6,11.5,10.6
2023-10-28,สงขลา,7.19,100.59,26.5,30.0,23.3,15.7,17.9
2023-10-29,สงขลา,7.19,100.59,26.4,29.5,23.9,8.5,13.3
2023-10-30,สงขลา,7.19,100.59,26.2,29.1,24.2,20.4,15.6
2023-10-31,สงขลา,7.19,100.59,26.7,30.4,24.4,13.6,18.7
2023-11-01,สงขลา,7.19,100.59,25.7,27.7,24.2,22.1,15.6
2023-11-02,สงขลา,7.19,100.59,26.5,29.0,24.0,2.4,11.1
2023-11-03,สงขลา,7.19,100.59,26.3,30.2,24.2,15.9,14.4
2023-11-04,สงขลา,7.19,100.59,26.3,28.6,23.9,4.8,13.9
2023-11-05,สงขลา,7.19,100.59,27.0,29.7,24.9,5.1,14.5
2023-11-06,สงขลา,7.19,100.59,27.7,30.8,25.3,3.8,13.2
2023-11-07,สงขลา,7.19,100.59,26.9,29.5,24.8,8.7,13.0
2023-11-08,สงขลา,7.19,100.59,27.6,30.0,25.1,2.2,10.7
2023-11-09,สงขลา,7.19,100.59,27.2,30.5,25.1,4.5,12.5
2023-11-10,สงขลา,7.19,100.59,26.8,29.5,24.1,3.1,10.2
2023-11-11,สงขลา,7.19,100.59,26.2,28.0,24.8,8.5,12.5
2023-11-12,สงขลา,7.19,100.59,26.3,28.9,24.4,11.3,13.0
2023-11-13,สงขลา,7.19,100.59,26.5,29.6,24.5,25.9,14.7
2023-11-14,สงขลา,7.19,100.59,26.0,28.0,24.9,21.5,16.6
2023-11-15,สงขลา,7.19,100.59,26.0,28.6,24.3,12.1,16.4
2023-11-16,สงขลา,7.19,100.59,25.7,26.5,24.6,21.7,18.1
2023-11-17,สงขลา,7.19,100.59,26.0,27.9,24.6,26.6,18.3
2023-11-18,สงขลา,7.19,100.59,26.6,28.5,24.6,13.0,23.3
2023-11-19,สงขลา,7.19,100.59,26.9,28.7,25.2,6.4,21.7
2023-11-20,สงขลา,7.19,100.59,27.3,28.8,26.0,3.8,21.2
2023-11-21,สงขลา,7.19,100.59,26.8,28.2,25.1,5.6,15.5
2023-11-22,สงขลา,7.19,100.59,26.0,28.2,24.7,16.7,17.1
2023-11-23,สงขลา,7.19,100.59,26.4,28.6,24.2,10.6,15.5
2023-11-24,สงขลา,7.19,100.59,26.2,28.6,24.2,14.0,16.3
2023-11-25,สงขลา,7.19,100.59,26.1,27.6,24.3,19.1,17.9
2023-11-26,สงขลา,7.19,100.59,24.6,25.9,24.0,85.8,21.0
2023-11-27,สงขลา,7.19,100.59,25.0,27.0,23.7,30.4,19.0
2023-11-28,สงขลา,7.19,100.59,25.9,27.8,24.2,20.8,25.9
2023-11-29,สงขลา,7.19,100.59,25.8,27.1,25.0,18.4,21.6
2023-11-30,สงขลา,7.19,100.59,26.1,27.7,25.0,10.4,19.5
2023-12-01,สงขลา,7.19,100.59,25.8,28.4,24.6,10.7,22.1
2023-12-02,สงขลา,7.19,100.59,25.8,27.8,24.5,8.9,23.2
2023-12-03,สงขลา,7.19,100.59,26.1,28.8,24.1,19.4,17.3
2023-12-04,สงขลา,7.19,100.59,26.5,29.3,24.8,1.8,17.1
2023-12-05,สงขลา,7.19,100.59,26.9,29.5,25.3,2.0,14.0
2023-12-06,สงขลา,7.19,100.59,27.5,29.7,25.5,0.6,18.8
2023-12-07,สงขลา,7.19,100.59,26.1,27.4,25.0,3.0,17.1
2023-12-08,สงขลา,7.19,100.59,26.9,29.5,24.3,2.7,20.5
2023-12-09,สงขลา,7.19,100.59,27.6,29.7,25.8,1.0,18.9
2023-12-10,สงขลา,7.19,100.59,27.3,29.4,25.3,1.2,11.8
2023-12-11,สงขลา,7.19,100.59,27.1,28.7,25.6,3.3,17.1
2023-12-12,สงขลา,7.19,100.59,27.6,29.7,25.2,0.6,17.6
2023-12-13,สงขลา,7.19,100.59,26.8,28.5,25.2,9.6,21.4
2023-12-14,สงขลา,7.19,100.59,26.6,28.2,25.4,6.5,22.3
2023-12-15,สงขลา,7.19,100.59,26.3,27.7,24.4,13.5,20.2
2023-12-16,สงขลา,7.19,100.59,27.4,29.6,25.3,0.7,19.2
2023-12-17,สงขลา,7.19,100.59,27.7,29.8,25.8,0.7,23.1
2023-12-18,สงขลา,7.19,100.59,27.8,29.8,26.1,1.8,26.2
2023-12-19,สงขลา,7.19,100.59,26.2,27.7,25.2,6.5,19.7
2023-12-20,สงขลา,7.19,100.59,26.5,28.7,24.1,2.9,15.0
2023-12-21,สงขลา,7.19,100.59,27.2,28.7,25.8,2.4,16.8
2023-12-22,สงขลา,7.19,100.59,27.3,29.2,25.5,3.4,28.4
2023-12-23,สงขลา,7.19,100.59,26.9,28.1,25.6,6.7,29.5
2023-12-24,สงขลา,7.19,100.59,25.1,27.1,24.0,47.3,30.5
2023-12-25,สงขลา,7.19,100.59,24.8,25.9,24.1,47.0,24.2
2023-12-26,สงขลา,7.19,100.59,26.4,28.1,23.9,8.3,25.0
2023-12-27,สงขลา,7.19,100.59,27.4,28.7,26.4,1.4,25.9
2023-12-28,สงขลา,7.19,100.59,26.9,29.2,25.7,4.6,27.7
2023-12-29,สงขลา,7.19,100.59,26.5,28.5,24.5,6.6,25.4
2023-12-30,สงขลา,7.19,100.59,27.1,28.8,25.6,5.6,21.0
2023-12-31,สงขลา,7.19,100.59,27.4,29.0,26.0,1.3,21.1
2024-01-01,สงขลา,7.19,100.59,27.3,29.5,25.6,0.0,21.6
2024-01-02,สงขลา,7.19,100.59,27.4,29.3,25.9,0.1,18.5
2024-01-03,สงขลา,7.19,100.59,27.3,29.4,25.7,0.4,19.0
2024-01-04,สงขลา,7.19,100.59,27.4,29.5,25.4,0.4,24.9
2024-01-05,สงขลา,7.19,100.59,27.3,29.3,25.2,0.0,23.1
2024-01-06,สงขลา,7.19,100.59,27.2,29.6,25.2,2.0,22.1
2024-01-07,สงขลา,7.19,100.59,26.2,28.3,24.6,10.1,26.0
2024-01-08,สงขลา,7.19,100.59,26.9,29.0,25.0,3.5,26.3
2024-01-09,สงขลา,7.19,100.59,27.0,29.4,25.3,3.3,21.8
2024-01-10,สงขลา,7.19,100.59,27.3,29.5,25.5,1.7,21.4
2024-01-11,สงขลา,7.19,100.59,27.2,29.8,24.9,0.9,20.9
2024-01-12,สงขลา,7.19,100.59,27.0,29.4,25.1,0.4,18.4
2024-01-13,สงขลา,7.19,100.59,26.8,29.3,24.6,0.3,20.0
2024-01-14,สงขลา,7.19,100.59,27.2,29.4,25.8,0.2,21.4
2024-01-15,สงขลา,7.19,100.59,27.4,29.5,26.4,1.2,19.0
2024-01-16,สงขลา,7.19,100.59,26.5,28.9,24.7,5.2,25.6
2024-01-17,สงขลา,7.19,100.59,27.4,29.4,25.7,2.1,26.4
2024-01-18,สงขลา,7.19,100.59,27.4,29.2,26.2,2.0,25.8
2024-01-19,สงขลา,7.19,100.59,27.5,29.8,25.7,1.0,19.3
2024-01-20,สงขลา,7.19,100.59,27.2,29.8,24.7,0.2,13.8
2024-01-21,สงขลา,7.19,100.59,27.3,29.8,25.0,0.5,14.9
2024-01-22,สงขลา,7.19,100.59,26.4,27.8,25.4,5.7,18.4
2024-01-23,สงขลา,7.19,100.59,26.0,27.9,24.2,10.8,20.4
2024-01-24,สงขลา,7.19,100.59,26.3,28.2,25.0,3.7,26.4
2024-01-25,สงขลา,7.19,100.59,26.2,28.3,24.5,6.3,26.3
2024-01-26,สงขลา,7.19,100.59,26.7,28.4,25.1,1.9,29.2
2024-01-27,สงขลา,7.19,100.59,27.1,29.0,25.6,0.9,25.8
2024-01-28,สงขลา,7.19,100.59,27.0,29.0,25.3,1.6,26.6
2024-01-29,สงขลา,7.19,100.59,27.0,29.3,25.7,0.5,24.1
2024-01-30,สงขลา,7.19,100.59,27.1,29.7,24.7,0.0,19.8
2024-01-31,สงขลา,7.19,100.59,27.2,29.8,25.4,0.0,19.1
2024-02-01,สงขลา,7.19,100.59,27.4,30.2,25.1,0.2,16.3
2024-02-02,สงขลา,7.19,100.59,27.3,30.0,25.3,0.3,15.0
2024-02-03,สงขลา,7.19,100.59,27.5,30.2,25.5,0.7,14.8
2024-02-04,สงขลา,7.19,100.59,27.6,30.8,25.1,0.0,14.3
2024-02-05,สงขลา,7.19,100.59,27.5,30.6,24.0,0.1,14.6
2024-02-06,สงขลา,7.19,100.59,27.8,30.9,25.0,0.5,13.8
2024-02-07,สงขลา,7.19,100.59,28.1,30.9,25.8,0.4,15.0
2024-02-08,สงขลา,7.19,100.59,28.2,31.2,25.6,0.1,14.8
2024-02-09,สงขลา,7.19,100.59,28.4,31.3,26.0,0.7,19.0
2024-02-10,สงขลา,7.19,100.59,28.3,31.3,26.4,0.9,30.2
2024-02-11,สงขลา,7.19,100.59,28.4,30.8,26.8,0.9,33.8
2024-02-12,สงขลา,7.19,100.59,28.1,30.1,26.5,2.5,29.2
2024-02-13,สงขลา,7.19,100.59,28.1,30.3,26.7,0.6,29.3
2024-02-14,สงขลา,7.19,100.59,28.1,30.6,25.6,1.8,27.3
2024-02-15,สงขลา,7.19,100.59,28.2,31.0,25.8,0.2,24.0
2024-02-16,สงขลา,7.19,100.59,28.2,30.7,26.6,0.3,25.2
2024-02-17,สงขลา,7.19,100.59,27.8,30.8,25.4,0.0,22.7
2024-02-18,สงขลา,7.19,100.59,27.9,29.8,25.7,7.5,19.9
2024-02-19,สงขลา,7.19,100.59,28.6,31.2,26.6,0.7,18.6
2024-02-20,สงขลา,7.19,100.59,28.5,31.5,26.2,0.2,16.5
2024-02-21,สงขลา,7.19,100.59,28.4,32.1,25.3,0.0,16.9
2024-02-22,สงขลา,7.19,100.59,28.4,31.6,25.5,0.0,18.0
2024-02-23,สงขลา,7.19,100.59,28.7,31.6,26.1,0.0,18.0
2024-02-24,สงขลา,7.19,100.59,28.9,32.2,27.0,0.1,21.4
2024-02-25,สงขลา,7.19,100.59,28.6,31.8,25.8,0.6,22.8
2024-02-26,สงขลา,7.19,100.59,28.9,32.0,26.9,0.2,26.7
2024-02-27,สงขลา,7.19,100.59,28.8,31.7,27.1,0.0,24.7
2024-02-28,สงขลา,7.19,100.59,28.6,32.1,26.5,0.1,27.2
2024-02-29,สงขลา,7.19,100.59,28.7,32.0,26.2,0.2,21.5
2024-03-01,สงขลา,7.19,100.59,28.7,31.5,26.1,1.6,22.7
2024-03-02,สงขลา,7.19,100.59,28.7,31.1,26.8,1.2,24.9
2024-03-03,สงขลา,7.19,100.59,28.7,31.6,26.6,0.6,24.4
2024-03-04,สงขลา,7.19,100.59,29.0,31.8,26.5,0.0,17.8
2024-03-05,สงขลา,7.19,100.59,29.1,32.2,26.4,0.0,16.8
2024-03-06,สงขลา,7.19,100.59,29.1,33.6,25.2,0.2,16.2
2024-03-07,สงขลา,7.19,100.59,29.0,33.5,25.1,0.0,15.3
2024-03-08,สงขลา,7.19,100.59,28.9,33.3,25.2,0.1,18.5
2024-03-09,สงขลา,7.19,100.59,28.3,30.8,26.7,4.0,19.6
2024-03-10,สงขลา,7.19,100.59,28.6,32.0,25.9,0.6,21.1
2024-03-11,สงขลา,7.19,100.59,28.5,32.0,25.4,0.4,16.9
2024-03-12,สงขลา,7.19,100.59,28.5,32.1,24.6,0.3,16.0
2024-03-13,สงขลา,7.19,100.59,28.9,32.2,25.9,0.1,16.9
2024-03-14,สงขลา,7.19,100.59,29.3,32.1,26.5,0.2,17.9
2024-03-15,สงขลา,7.19,100.59,28.9,32.0,26.0,0.7,19.5
2024-03-16,สงขลา,7.19,100.59,28.7,32.1,25.8,2.0,18.2
2024-03-17,สงขลา,7.19,100.59,29.0,31.6,27.0,0.1,20.4
2024-03-18,สงขลา,7.19,100.59,29.0,32.3,26.8,0.0,20.5
2024-03-19,สงขลา,7.19,100.59,28.9,32.1,26.5,0.1,21.2
2024-03-20,สงขลา,7.19,100.59,29.0,31.8,26.6,0.3,23.9
2024-03-21,สงขลา,7.19,100.59,29.4,32.7,26.9,0.0,20.2
2024-03-22,สงขลา,7.19,100.59,28.8,32.5,25.8,0.0,19.7
2024-03-23,สงขลา,7.19,100.59,29.4,32.9,26.6,0.0,19.2
2024-03-24,สงขลา,7.19,100.59,29.5,32.8,26.9,0.0,19.8
2024-03-25,สงขลา,7.19,100.59,29.1,32.2,27.0,0.5,18.1
2024-03-26,สงขลา,7.19,100.59,29.5,33.1,26.9,1.7,20.7
2024-03-27,สงขลา,7.19,100.59,29.5,32.2,26.9,0.5,19.5
2024-03-28,สงขลา,7.19,100.59,28.7,31.7,26.2,1.9,17.9
2024-03-29,สงขลา,7.19,100.59,29.1,30.8,26.9,0.9,18.8
2024-03-30,สงขลา,7.19,100.59,29.4,32.8,27.9,2.0,17.9
2024-03-31,สงขลา,7.19,100.59,28.3,32.4,26.2,6.6,14.4
2024-04-01,สงขลา,7.19,100.59,29.2,33.7,25.5,0.1,13.0
2024-04-02,สงขลา,7.19,100.59,30.1,35.3,25.5,0.2,17.1
2024-04-03,สงขลา,7.19,100.59,30.1,34.0,25.9,0.0,14.8
2024-04-04,สงขลา,7.19,100.59,30.2,34.3,26.3,0.0,15.6
2024-04-05,สงขลา,7.19,100.59,29.9,33.8,26.3,0.0,15.3
2024-04-06,สงขลา,7.19,100.59,29.6,33.9,25.0,0.0,16.3
2024-04-07,สงขลา,7.19,100.59,29.8,33.0,26.1,0.0,17.2
2024-04-08,สงขลา,7.19,100.59,30.5,33.9,27.4,0.8,16.1
2024-04-09,สงขลา,7.19,100.59,30.5,34.5,27.4,0.6,16.2
2024-04-10,สงขลา,7.19,100.59,30.0,33.3,27.6,0.8,20.9
2024-04-11,สงขลา,7.19,100.59,30.1,32.4,27.5,0.7,24.9
2024-04-12,สงขลา,7.19,100.59,30.3,33.6,27.5,0.4,21.1
2024-04-13,สงขลา,7.19,100.59,29.9,33.0,27.5,0.1,17.4
2024-04-14,สงขลา,7.19,100.59,29.9,33.0,26.3,0.4,17.5
2024-04-15,สงขลา,7.19,100.59,30.0,33.3,26.9,0.0,18.8
2024-04-16,สงขลา,7.19,100.59,30.1,33.7,27.3,0.1,16.4
2024-04-17,สงขลา,7.19,100.59,29.8,34.2,26.1,2.1,17.6
2024-04-18,สงขลา,7.19,100.59,29.6,34.0,25.0,0.0,15.1
2024-04-19,สงขลา,7.19,100.59,30.0,34.9,25.6,1.0,15.1
2024-04-20,สงขลา,7.19,100.59,29.1,34.8,25.3,4.3,11.8
2024-04-21,สงขลา,7.19,100.59,29.2,33.5,24.9,2.4,13.9
2024-04-22,สงขลา,7.19,100.59,30.1,34.5,25.8,0.2,15.9
2024-04-23,สงขลา,7.19,100.59,30.1,34.2,25.7,0.2,14.4
2024-04-24,สงขลา,7.19,100.59,30.2,34.5,26.3,3.1,16.4
2024-04-25,สงขลา,7.19,100.59,29.9,33.0,27.3,3.5,15.6
2024-04-26,สงขลา,7.19,100.59,29.0,34.2,26.0,4.3,14.4
2024-04-27,สงขลา,7.19,100.59,29.6,34.7,26.3,6.9,14.7
2024-04-28,สงขลา,7.19,100.59,29.2,35.8,26.3,6.5,14.4
2024-04-29,สงขลา,7.19,100.59,29.7,33.8,25.2,0.8,15.7
2024-04-30,สงขลา,7.19,100.59,30.6,35.1,26.4,1.1,15.9
2024-05-01,สงขลา,7.19,100.59,30.9,36.5,26.3,0.3,15.0
2024-05-02,สงขลา,7.19,100.59,31.1,36.1,26.4,0.0,15.7
2024-05-03,สงขลา,7.19,100.59,30.7,35.6,25.8,0.7,14.3
2024-05-04,สงขลา,7.19,100.59,30.1,36.7,24.7,4.2,16.4
2024-05-05,สงขลา,7.19,100.59,30.5,36.3,27.2,0.9,15.0
2024-05-06,สงขลา,7.19,100.59,29.8,35.2,26.6,8.6,15.2
2024-05-07,สงขลา,7.19,100.59,29.9,33.8,26.4,7.7,14.4
2024-05-08,สงขลา,7.19,100.59,31.3,34.5,27.5,0.0,16.8
2024-05-09,สงขลา,7.19,100.59,29.8,33.9,27.0,3.9,18.5
2024-05-10,สงขลา,7.19,100.59,27.7,30.3,25.7,9.2,14.9
2024-05-11,สงขลา,7.19,100.59,28.0,31.9,24.5,44.0,14.3
2024-05-12,สงขลา,7.19,100.59,28.9,32.8,25.0,10.5,14.8
2024-05-13,สงขลา,7.19,100.59,29.9,33.8,25.5,0.8,13.4
2024-05-14,สงขลา,7.19,100.59,30.1,33.1,24.7,4.0,14.1
2024-05-15,สงขลา,7.19,100.59,29.9,33.2,26.8,7.3,13.5
2024-05-16,สงขลา,7.19,100.59,27.4,30.6,25.6,17.9,12.1
2024-05-17,สงขลา,7.19,100.59,27.5,32.1,25.1,16.1,13.0
2024-05-18,สงขลา,7.19,100.59,29.2,33.7,25.8,1.7,11.4
2024-05-19,สงขลา,7.19,100.59,28.0,33.2,24.7,19.1,13.4
2024-05-20,สงขลา,7.19,100.59,29.0,34.2,25.5,0.8,15.8
2024-05-21,สงขลา,7.19,100.59,27.9,31.4,26.2,3.9,13.7
2024-05-22,สงขลา,7.19,100.59,28.3,30.6,25.7,0.3,12.1
2024-05-23,สงขลา,7.19,100.59,28.6,33.3,24.9,7.0,14.8
2024-05-24,สงขลา,7.19,100.59,29.4,32.8,26.9,9.0,13.5
2024-05-25,สงขลา,7.19,100.59,29.9,34.5,25.6,0.7,11.0
2024-05-26,สงขลา,7.19,100.59,30.4,33.6,27.4,0.1,13.8
2024-05-27,สงขลา,7.19,100.59,30.7,34.3,27.5,0.0,12.0
2024-05-28,สงขลา,7.19,100.59,29.7,35.2,27.0,9.5,11.5
2024-05-29,สงขลา,7.19,100.59,29.4,33.5,26.6,1.0,13.0
2024-05-30,สงขลา,7.19,100.59,29.3,35.3,25.7,13.9,16.8
2024-05-31,สงขลา,7.19,100.59,27.4,30.7,24.8,14.8,15.0
2024-06-01,สงขลา,7.19,100.59,27.4,31.5,25.5,21.3,12.0
2024-06-02,สงขลา,7.19,100.59,28.0,31.4,25.4,22.1,12.6
2024-06-03,สงขลา,7.19,100.59,28.2,32.3,24.4,14.8,11.0
2024-06-04,สงขลา,7.19,100.59,30.0,34.6,26.4,0.0,14.8
2024-06-05,สงขลา,7.19,100.59,30.2,35.3,26.1,0.0,18.9
2024-06-06,สงขลา,7.19,100.59,30.1,34.2,26.4,0.2,12.8
2024-06-07,สงขลา,7.19,100.59,29.2,33.5,25.8,1.5,14.2
2024-06-08,สงขลา,7.19,100.59,29.1,32.3,26.5,0.1,17.1
2024-06-09,สงขลา,7.19,100.59,29.7,34.3,25.8,0.0,22.1
2024-06-10,สงขลา,7.19,100.59,29.8,35.1,26.3,0.0,23.3
2024-06-11,สงขลา,7.19,100.59,30.3,35.3,26.0,0.0,20.8
2024-06-12,สงขลา,7.19,100.59,30.1,35.2,26.2,0.2,12.2
2024-06-13,สงขลา,7.19,100.59,30.3,35.0,26.4,3.4,17.2
2024-06-14,สงขลา,7.19,100.59,30.5,35.2,26.5,1.8,12.1
2024-06-15,สงขลา,7.19,100.59,30.0,35.4,26.8,7.1,14.8
2024-06-16,สงขลา,7.19,100.59,27.9,31.1,26.1,9.0,10.8
2024-06-17,สงขลา,7.19,100.59,27.1,30.8,24.8,2.2,22.4
2024-06-18,สงขลา,7.19,100.59,27.7,32.5,25.1,5.6,13.0
2024-06-19,สงขลา,7.19,100.59,27.9,33.0,25.3,12.3,15.3
2024-06-20,สงขลา,7.19,100.59,28.4,32.0,25.4,0.8,16.9
2024-06-21,สงขลา,7.19,100.59,28.0,31.2,25.6,0.7,20.8
2024-06-22,สงขลา,7.19,100.59,27.7,30.7,25.9,0.5,20.2
2024-06-23,สงขลา,7.19,100.59,28.1,32.9,24.9,2.3,17.4
2024-06-24,สงขลา,7.19,100.59,28.4,32.1,25.6,0.2,15.0
2024-06-25,สงขลา,7.19,100.59,28.2,31.6,25.1,0.4,8.9
2024-06-26,สงขลา,7.19,100.59,29.0,32.2,26.5,1.1,13.1
2024-06-27,สงขลา,7.19,100.59,28.6,32.4,25.7,2.5,14.9
2024-06-28,สงขลา,7.19,100.59,27.4,32.8,24.4,18.6,10.1
2024-06-29,สงขลา,7.19,100.59,27.5,32.0,25.2,22.6,9.9
2024-06-30,สงขลา,7.19,100.59,27.5,31.5,24.3,3.6,16.0
2024-07-01,สงขลา,7.19,100.59,27.5,29.7,24.8,0.0,12.2
2024-07-02,สงขลา,7.19,100.59,28.2,32.3,25.0,6.1,8.6
2024-07-03,สงขลา,7.19,100.59,28.7,32.8,25.1,0.5,13.6
2024-07-04,สงขลา,7.19,100.59,28.5,33.5,25.4,0.7,9.6
2024-07-05,สงขลา,7.19,100.59,26.2,27.8,25.1,9.4,16.3
2024-07-06,สงขลา,7.19,100.59,27.3,30.7,24.6,1.2,10.3
2024-07-07,สงขลา,7.19,100.59,27.9,32.4,25.0,3.4,10.9
2024-07-08,สงขลา,7.19,100.59,27.3,31.5,25.0,21.6,13.5
2024-07-09,สงขลา,7.19,100.59,27.3,31.4,24.9,17.6,13.3
2024-07-10,สงขลา,7.19,100.59,26.8,30.3,24.2,23.5,19.9
2024-07-11,สงขลา,7.19,100.59,27.0,29.8,25.6,6.2,14.0
2024-07-12,สงขลา,7.19,100.59,26.2,29.0,24.9,9.5,12.0
2024-07-13,สงขลา,7.19,100.59,28.1,31.7,24.6,0.7,14.0
2024-07-14,สงขลา,7.19,100.59,28.2,32.6,25.6,0.3,15.8
2024-07-15,สงขลา,7.19,100.59,27.9,31.1,25.3,2.4,16.2
2024-07-16,สงขลา,7.19,100.59,28.4,32.2,25.7,2.5,17.2
2024-07-17,สงขลา,7.19,100.59,27.8,31.6,25.9,0.1,13.4
2024-07-18,สงขลา,7.19,100.59,29.3,33.6,25.9,0.3,16.6
2024-07-19,สงขลา,7.19,100.59,28.2,30.2,27.0,2.0,9.0
2024-07-20,สงขลา,7.19,100.59,29.2,33.6,25.9,0.9,10.0
2024-07-21,สงขลา,7.19,100.59,29.5,33.5,26.3,0.7,14.6
2024-07-22,สงขลา,7.19,100.59,29.8,33.6,26.7,2.5,13.9
2024-07-23,สงขลา,7.19,100.59,29.5,34.0,26.2,0.8,17.3
2024-07-24,สงขลา,7.19,100.59,30.2,35.1,25.8,0.8,19.1
2024-07-25,สงขลา,7.19,100.59,30.9,36.1,26.7,0.1,16.1
2024-07-26,สงขลา,7.19,100.59,29.9,33.6,26.5,1.4,20.0
2024-07-27,สงขลา,7.19,100.59,29.7,35.8,26.9,3.3,17.4
2024-07-28,สงขลา,7.19,100.59,27.7,32.4,25.6,16.3,11.3
2024-07-29,สงขลา,7.19,100.59,27.1,31.0,24.1,2.9,16.1
2024-07-30,สงขลา,7.19,100.59,28.2,31.9,25.6,4.9,10.9
2024-07-31,สงขลา,7.19,100.59,27.6,31.6,24.9,32.1,15.6
2024-08-01,สงขลา,7.19,100.59,27.8,30.5,24.8,28.2,15.0
2024-08-02,สงขลา,7.19,100.59,27.3,30.9,25.1,7.6,8.7
2024-08-03,สงขลา,7.19,100.59,26.8,31.9,24.1,18.8,12.1
2024-08-04,สงขลา,7.19,100.59,26.8,31.7,24.0,12.7,14.6
2024-08-05,สงขลา,7.19,100.59,27.5,31.1,24.8,2.5,8.9
2024-08-06,สงขลา,7.19,100.59,26.9,31.8,23.8,18.3,18.4
2024-08-07,สงขลา,7.19,100.59,27.3,31.3,24.1,3.3,13.1
2024-08-08,สงขลา,7.19,100.59,28.3,31.8,25.1,0.5,13.4
2024-08-09,สงขลา,7.19,100.59,27.5,31.1,25.0,19.2,14.5
2024-08-10,สงขลา,7.19,100.59,27.5,32.2,23.8,2.7,13.6
2024-08-11,สงขลา,7.19,100.59,27.1,30.6,25.0,19.0,17.2
2024-08-12,สงขลา,7.19,100.59,27.9,31.5,24.1,1.9,17.6
2024-08-13,สงขลา,7.19,100.59,28.2,32.2,25.7,7.6,12.0
2024-08-14,สงขลา,7.19,100.59,27.0,31.6,24.0,6.7,17.1
2024-08-15,สงขลา,7.19,100.59,27.8,32.6,25.1,4.1,13.4
2024-08-16,สงขลา,7.19,100.59,27.5,31.7,24.7,2.7,15.2
2024-08-17,สงขลา,7.19,100.59,27.1,31.0,24.0,26.1,12.8
2024-08-18,สงขลา,7.19,100.59,26.9,30.7,23.9,5.3,15.0
2024-08-19,สงขลา,7.19,100.59,26.8,31.7,24.5,5.9,16.2
2024-08-20,สงขลา,7.19,100.59,26.9,31.7,24.2,4.6,18.0
2024-08-21,สงขลา,7.19,100.59,27.8,32.0,24.3,0.0,12.9
2024-08-22,สงขลา,7.19,100.59,27.6,32.6,24.7,15.0,11.9
2024-08-23,สงขลา,7.19,100.59,25.9,29.8,23.5,17.8,13.0
2024-08-24,สงขลา,7.19,100.59,26.8,31.0,24.2,11.2,17.7
2024-08-25,สงขลา,7.19,100.59,26.5,30.8,24.3,2.4,15.5
2024-08-26,สงขลา,7.19,100.59,26.0,28.5,23.1,8.5,13.0
2024-08-27,สงขลา,7.19,100.59,26.4,29.7,24.2,6.9,21.0
2024-08-28,สงขลา,7.19,100.59,25.8,27.6,23.8,3.5,17.9
2024-08-29,สงขลา,7.19,100.59,27.4,31.4,25.0,1.3,10.5
2024-08-30,สงขลา,7.19,100.59,28.4,32.4,24.9,0.5,9.0
2024-08-31,สงขลา,7.19,100.59,27.9,30.9,25.6,4.6,15.0
2024-09-01,สงขลา,7.19,100.59,28.2,32.7,25.1,1.9,13.0
2024-09-02,สงขลา,7.19,100.59,28.3,31.2,26.0,1.8,18.0
2024-09-03,สงขลา,7.19,100.59,27.8,32.1,24.6,10.9,15.6
2024-09-04,สงขลา,7.19,100.59,28.3,32.6,25.3,2.3,21.2
2024-09-05,สงขลา,7.19,100.59,28.6,33.5,25.4,4.2,24.8
2024-09-06,สงขลา,7.19,100.59,28.7,32.8,26.0,1.3,18.0
2024-09-07,สงขลา,7.19,100.59,26.9,31.4,25.2,30.9,18.9
2024-09-08,สงขลา,7.19,100.59,26.9,31.5,24.9,9.1,17.8
2024-09-09,สงขลา,7.19,100.59,27.6,31.5,24.1,0.4,20.8
2024-09-10,สงขลา,7.19,100.59,28.4,32.8,25.1,0.1,20.6
2024-09-11,สงขลา,7.19,100.59,27.8,30.9,25.4,3.4,14.7
2024-09-12,สงขลา,7.19,100.59,28.0,32.9,25.6,8.5,16.6
2024-09-13,สงขลา,7.19,100.59,26.9,29.8,24.3,0.4,20.1
2024-09-14,สงขลา,7.19,100.59,26.3,30.6,24.5,11.8,16.6
2024-09-15,สงขลา,7.19,100.59,27.0,31.5,24.1,3.4,21.6
2024-09-16,สงขลา,7.19,100.59,26.7,29.5,25.0,4.0,26.6
2024-09-17,สงขลา,7.19,100.59,26.5,29.7,24.9,7.2,25.1
2024-09-18,สงขลา,7.19,100.59,26.8,29.7,25.3,3.8,24.9
2024-09-19,สงขลา,7.19,100.59,26.8,29.5,25.2,9.1,20.8
2024-09-20,สงขลา,7.19,100.59,26.8,30.1,24.7,1.9,20.8
2024-09-21,สงขลา,7.19,100.59,27.1,30.1,24.8,5.6,21.0
2024-09-22,สงขลา,7.19,100.59,27.9,32.0,25.1,0.8,11.9
2024-09-23,สงขลา,7.19,100.59,27.6,31.0,25.3,10.5,10.1
2024-09-24,สงขลา,7.19,100.59,26.7,30.3,23.9,1.6,9.0
2024-09-25,สงขลา,7.19,100.59,26.9,30.3,23.9,2.2,13.9
2024-09-26,สงขลา,7.19,100.59,27.1,30.7,25.3,13.1,13.0
2024-09-27,สงขลา,7.19,100.59,27.5,30.4,24.3,4.9,11.8
2024-09-28,สงขลา,7.19,100.59,27.4,30.9,24.3,6.7,10.1
2024-09-29,สงขลา,7.19,100.59,27.5,31.8,24.7,3.2,12.3
2024-09-30,สงขลา,7.19,100.59,27.4,31.9,24.8,7.2,10.9
2024-10-01,สงขลา,7.19,100.59,27.5,31.6,24.3,2.0,16.5
2024-10-02,สงขลา,7.19,100.59,27.5,31.9,25.3,9.7,9.9
2024-10-03,สงขลา,7.19,100.59,26.8,30.9,23.8,17.4,11.3
2024-10-04,สงขลา,7.19,100.59,27.1,30.2,24.5,5.2,11.8
2024-10-05,สงขลา,7.19,100.59,25.7,28.5,24.4,41.4,12.2
2024-10-06,สงขลา,7.19,100.59,25.8,29.9,24.0,18.4,10.9
2024-10-07,สงขลา,7.19,100.59,26.9,30.3,23.4,1.7,13.0
2024-10-08,สงขลา,7.19,100.59,26.8,31.6,24.0,9.9,10.1
2024-10-09,สงขลา,7.19,100.59,27.0,31.2,24.8,3.4,11.5
2024-10-10,สงขลา,7.19,100.59,26.8,31.1,24.7,20.7,12.0
2024-10-11,สงขลา,7.19,100.59,26.6,30.4,24.1,13.9,12.9
2024-10-12,สงขลา,7.19,100.59,26.3,29.0,24.6,10.9,13.9
2024-10-13,สงขลา,7.19,100.59,26.4,28.8,24.5,11.5,14.1
2024-10-14,สงขลา,7.19,100.59,27.1,31.3,24.2,6.6,13.0
2024-10-15,สงขลา,7.19,100.59,26.4,30.2,23.6,17.9,12.4
2024-10-16,สงขลา,7.19,100.59,27.3,31.1,24.1,5.2,13.0
2024-10-17,สงขลา,7.19,100.59,27.3,30.4,25.5,9.3,9.1
2024-10-18,สงขลา,7.19,100.59,26.7,29.7,24.7,12.7,11.6
2024-10-19,สงขลา,7.19,100.59,26.7,30.5,24.5,6.0,12.7
2024-10-20,สงขลา,7.19,100.59,27.5,31.2,23.9,0.6,8.2
2024-10-21,สงขลา,7.19,100.59,28.9,32.4,25.3,0.0,7.9
2024-10-22,สงขลา,7.19,100.59,28.4,31.7,24.5,0.0,9.8
2024-10-23,สงขลา,7.19,100.59,28.3,31.4,25.0,0.3,14.8
2024-10-24,สงขลา,7.19,100.59,27.8,32.0,25.2,4.5,15.2
2024-10-25,สงขลา,7.19,100.59,27.9,31.9,24.6,0.7,14.8
2024-10-26,สงขลา,7.19,100.59,26.9,30.8,25.3,8.2,20.9
2024-10-27,สงขลา,7.19,100.59,27.0,30.7,24.5,3.3,18.4
2024-10-28,สงขลา,7.19,100.59,27.4,31.3,24.8,1.8,18.0
2024-10-29,สงขลา,7.19,100.59,26.7,31.0,24.8,4.8,14.5
2024-10-30,สงขลา,7.19,100.59,27.3,31.0,24.3,5.7,16.3
2024-10-31,สงขลา,7.19,100.59,27.7,32.0,25.1,6.8,12.2
2024-11-01,สงขลา,7.19,100.59,27.2,32.1,23.6,4.1,17.0
2024-11-02,สงขลา,7.19,100.59,27.6,31.5,25.0,3.4,14.7
2024-11-03,สงขลา,7.19,100.59,26.8,30.3,23.9,6.4,11.5
2024-11-04,สงขลา,7.19,100.59,26.0,28.8,23.0,11.7,12.6
2024-11-05,สงขลา,7.19,100.59,25.8,29.6,23.9,19.9,10.8
2024-11-06,สงขลา,7.19,100.59,26.3,29.5,23.7,5.8,14.2
2024-11-07,สงขลา,7.19,100.59,26.7,29.8,24.6,13.6,15.8
2024-11-08,สงขลา,7.19,100.59,25.5,26.8,24.1,23.9,12.3
2024-11-09,สงขลา,7.19,100.59,25.3,27.7,24.0,35.9,14.9
2024-11-10,สงขลา,7.19,100.59,26.8,29.4,24.3,17.1,13.9
2024-11-11,สงขลา,7.19,100.59,26.7,28.9,24.7,10.0,11.8
2024-11-12,สงขลา,7.19,100.59,26.7,29.1,24.1,9.9,12.5
2024-11-13,สงขลา,7.19,100.59,27.4,30.0,24.6,1.2,9.4
2024-11-14,สงขลา,7.19,100.59,28.0,30.1,25.6,1.4,10.9
2024-11-15,สงขลา,7.19,100.59,27.5,30.1,24.9,6.3,10.0
2024-11-16,สงขลา,7.19,100.59,26.9,29.7,24.1,2.9,11.7
2024-11-17,สงขลา,7.19,100.59,28.4,30.9,25.4,1.4,16.0
2024-11-18,สงขลา,7.19,100.59,29.3,31.6,27.7,0.2,22.3
2024-11-19,สงขลา,7.19,100.59,29.1,31.5,26.6,1.2,24.2
2024-11-20,สงขลา,7.19,100.59,26.4,28.0,25.2,19.3,21.8
2024-11-21,สงขลา,7.19,100.59,25.7,27.6,24.7,29.5,19.0
2024-11-22,สงขลา,7.19,100.59,25.6,26.7,24.4,46.7,25.6
2024-11-23,สงขลา,7.19,100.59,26.5,28.6,25.0,14.8,18.3
2024-11-24,สงขลา,7.19,100.59,26.0,27.7,24.5,19.1,20.5
2024-11-25,สงขลา,7.19,100.59,26.1,27.5,25.1,34.2,21.4
2024-11-26,สงขลา,7.19,100.59,26.0,27.7,25.0,22.1,19.3
2024-11-27,สงขลา,7.19,100.59,25.4,26.2,24.2,37.4,17.2
2024-11-28,สงขลา,7.19,100.59,25.1,25.8,24.8,80.9,23.3
2024-11-29,สงขลา,7.19,100.59,24.9,26.0,24.1,47.7,22.6
2024-11-30,สงขลา,7.19,100.59,26.3,28.3,24.0,15.6,19.8
2024-12-01,สงขลา,7.19,100.59,26.4,28.1,24.4,2.6,16.9
2024-12-02,สงขลา,7.19,100.59,26.9,28.9,24.6,2.6,13.1
2024-12-03,สงขลา,7.19,100.59,26.6,29.2,24.3,8.2,13.8
2024-12-04,สงขลา,7.19,100.59,25.2,26.1,24.3,50.2,12.5
2024-12-05,สงขลา,7.19,100.59,25.8,27.2,23.9,11.1,11.4
2024-12-06,สงขลา,7.19,100.59,26.5,28.9,24.5,12.4,14.4
2024-12-07,สงขลา,7.19,100.59,26.8,28.7,24.8,7.1,15.0
2024-12-08,สงขลา,7.19,100.59,27.3,29.9,25.3,3.2,23.3
2024-12-09,สงขลา,7.19,100.59,25.8,27.5,24.9,33.0,13.6
2024-12-10,สงขลา,7.19,100.59,26.6,28.8,24.6,6.4,8.9
2024-12-11,สงขลา,7.19,100.59,27.2,29.5,25.1,2.3,19.1
2024-12-12,สงขลา,7.19,100.59,26.0,28.1,25.0,24.5,14.3
2024-12-13,สงขลา,7.19,100.59,25.2,26.4,24.6,50.9,15.7
2024-12-14,สงขลา,7.19,100.59,25.2,26.9,23.9,32.2,17.3
2024-12-15,สงขลา,7.19,100.59,26.1,28.4,24.3,15.1,20.9
2024-12-16,สงขลา,7.19,100.59,25.3,26.1,24.4,22.6,22.4
2024-12-17,สงขลา,7.19,100.59,26.4,29.1,24.2,8.3,22.9
2024-12-18,สงขลา,7.19,100.59,27.3,29.0,25.4,0.3,19.3
2024-12-19,สงขลา,7.19,100.59,27.7,29.6,25.9,0.5,21.2
2024-12-20,สงขลา,7.19,100.59,27.5,29.0,26.2,0.7,19.4
2024-12-21,สงขลา,7.19,100.59,27.4,29.1,26.0,0.0,18.2
2024-12-22,สงขลา,7.19,100.59,27.2,28.8,25.5,1.0,19.8
2024-12-23,สงขลา,7.19,100.59,26.7,28.2,25.7,1.3,19.9
2024-12-24,สงขลา,7.19,100.59,26.6,28.5,24.9,1.0,19.8
2024-12-25,สงขลา,7.19,100.59,26.8,28.3,25.8,1.8,20.0
2024-12-26,สงขลา,7.19,100.59,26.4,28.5,24.2,2.0,14.4
2024-12-27,สงขลา,7.19,100.59,26.4,27.9,24.7,7.9,18.0
2024-12-28,สงขลา,7.19,100.59,27.1,28.9,25.7,2.5,20.9
2024-12-29,สงขลา,7.19,100.59,26.4,28.2,24.6,13.6,26.5
2024-12-30,สงขลา,7.19,100.59,27.5,29.3,26.2,0.3,20.0
2024-12-31,สงขลา,7.19,100.59,27.1,29.0,25.4,0.0,14.9
2025-01-01,สงขลา,7.19,100.59,27.1,29.3,24.9,0.3,15.0
2025-01-02,สงขลา,7.19,100.59,27.1,29.1,25.2,0.2,14.6
2025-01-03,สงขลา,7.19,100.59,27.1,29.0,24.8,1.8,17.1
2025-01-04,สงขลา,7.19,100.59,26.6,28.7,24.7,5.3,15.7
2025-01-05,สงขลา,7.19,100.59,26.3,29.0,24.6,2.7,17.2
2025-01-06,สงขลา,7.19,100.59,27.3,29.6,25.0,1.3,21.5
2025-01-07,สงขลา,7.19,100.59,27.3,28.7,25.0,0.0,18.6
2025-01-08,สงขลา,7.19,100.59,27.2,29.2,25.1,0.0,18.4
2025-01-09,สงขลา,7.19,100.59,27.2,29.4,25.2,0.0,20.2
2025-01-10,สงขลา,7.19,100.59,26.8,28.7,24.3,5.0,21.4
2025-01-11,สงขลา,7.19,100.59,25.4,26.9,24.4,30.2,21.6
2025-01-12,สงขลา,7.19,100.59,25.9,27.4,23.9,5.5,27.3
2025-01-13,สงขลา,7.19,100.59,26.5,28.0,25.3,2.2,26.7
2025-01-14,สงขลา,7.19,100.59,26.8,28.8,25.5,1.6,22.7
2025-01-15,สงขลา,7.19,100.59,25.8,27.5,24.5,24.2,22.9
2025-01-16,สงขลา,7.19,100.59,26.2,28.4,24.3,10.2,31.6
2025-01-17,สงขลา,7.19,100.59,26.4,27.8,24.2,5.0,28.1
2025-01-18,สงขลา,7.19,100.59,25.6,26.3,24.6,5.1,18.7
2025-01-19,สงขลา,7.19,100.59,26.0,28.4,24.1,1.8,22.1
2025-01-20,สงขลา,7.19,100.59,26.1,28.2,24.1,1.2,19.3
2025-01-21,สงขลา,7.19,100.59,26.6,28.3,24.7,0.0,18.2
2025-01-22,สงขลา,7.19,100.59,26.5,28.6,24.9,0.2,19.8
2025-01-23,สงขลา,7.19,100.59,26.9,28.6,25.8,0.1,21.5
2025-01-24,สงขลา,7.19,100.59,26.0,27.5,25.0,4.9,17.2
2025-01-25,สงขลา,7.19,100.59,26.3,28.5,23.6,0.9,19.4
2025-01-26,สงขลา,7.19,100.59,26.6,28.5,25.2,0.8,16.6
2025-01-27,สงขลา,7.19,100.59,26.6,28.9,25.0,2.5,30.3
2025-01-28,สงขลา,7.19,100.59,26.6,28.7,25.3,0.2,28.9
2025-01-29,สงขลา,7.19,100.59,26.3,28.1,25.0,0.7,27.5
2025-01-30,สงขลา,7.19,100.59,25.8,27.9,23.9,0.0,21.1
2025-01-31,สงขลา,7.19,100.59,25.4,27.6,23.0,0.0,12.6
2025-02-01,สงขลา,7.19,100.59,25.2,28.2,22.5,0.0,10.9
2025-02-02,สงขลา,7.19,100.59,25.1,29.4,20.4,0.0,15.5
2025-02-03,สงขลา,7.19,100.59,25.3,28.3,21.4,0.0,18.4
2025-02-04,สงขลา,7.19,100.59,26.8,28.8,24.8,1.7,22.9
2025-02-05,สงขลา,7.19,100.59,26.8,29.0,24.8,0.0,23.6
2025-02-06,สงขลา,7.19,100.59,26.6,28.9,24.5,0.2,21.4
2025-02-07,สงขลา,7.19,100.59,26.4,28.9,24.3,0.0,19.3
2025-02-08,สงขลา,7.19,100.59,26.8,29.2,24.8,0.3,23.5
2025-02-09,สงขลา,7.19,100.59,26.5,29.2,23.8,0.3,20.2
2025-02-10,สงขลา,7.19,100.59,26.7,29.1,24.2,0.0,14.6
2025-02-11,สงขลา,7.19,100.59,26.9,29.6,24.5,0.3,12.6
2025-02-12,สงขลา,7.19,100.59,27.0,29.9,23.7,0.4,14.5
2025-02-13,สงขลา,7.19,100.59,27.5,30.2,25.0,0.0,14.5
2025-02-14,สงขลา,7.19,100.59,27.7,30.2,25.1,0.1,15.0
2025-02-15,สงขลา,7.19,100.59,27.7,30.4,25.0,0.0,13.9
2025-02-16,สงขลา,7.19,100.59,27.3,30.6,23.9,0.0,16.1
2025-02-17,สงขลา,7.19,100.59,28.0,30.1,26.0,0.2,20.0
2025-02-18,สงขลา,7.19,100.59,27.7,30.0,25.4,0.7,21.5
2025-02-19,สงขลา,7.19,100.59,27.8,30.2,25.9,0.3,22.1
2025-02-20,สงขลา,7.19,100.59,27.6,29.8,25.6,1.2,26.1
2025-02-21,สงขลา,7.19,100.59,27.7,30.3,25.2,0.2,21.2
2025-02-22,สงขลา,7.19,100.59,27.6,29.7,25.7,1.8,25.5
2025-02-23,สงขลา,7.19,100.59,26.2,27.7,24.1,20.2,23.1
2025-02-24,สงขลา,7.19,100.59,25.3,27.7,23.9,42.2,27.0
2025-02-25,สงขลา,7.19,100.59,26.3,28.5,24.0,5.1,29.8
2025-02-26,สงขลา,7.19,100.59,27.2,29.0,25.1,0.9,31.8
2025-02-27,สงขลา,7.19,100.59,27.5,29.5,25.8,1.0,28.4
2025-02-28,สงขลา,7.19,100.59,27.2,29.4,25.1,0.7,22.7
2025-03-01,สงขลา,7.19,100.59,27.3,29.6,25.4,0.4,17.9
2025-03-02,สงขลา,7.19,100.59,27.4,29.9,25.3,0.0,17.5
2025-03-03,สงขลา,7.19,100.59,27.2,29.8,24.8,0.0,15.3
2025-03-04,สงขลา,7.19,100.59,27.1,30.4,23.5,0.0,16.0
2025-03-05,สงขลา,7.19,100.59,27.8,31.0,24.4,1.4,14.2
2025-03-06,สงขลา,7.19,100.59,28.1,31.3,24.7,0.1,14.3
2025-03-07,สงขลา,7.19,100.59,28.0,31.0,25.0,0.0,17.7
2025-03-08,สงขลา,7.19,100.59,28.4,30.8,26.2,3.2,24.7
2025-03-09,สงขลา,7.19,100.59,28.0,30.7,26.0,4.8,26.1
2025-03-10,สงขลา,7.19,100.59,27.9,30.1,26.2,2.5,27.4
2025-03-11,สงขลา,7.19,100.59,27.6,29.9,25.2,11.6,19.1
2025-03-12,สงขลา,7.19,100.59,28.2,30.7,26.2,2.5,17.8
2025-03-13,สงขลา,7.19,100.59,28.2,31.0,25.9,0.4,20.2
2025-03-14,สงขลา,7.19,100.59,28.1,30.8,25.7,1.4,18.6
2025-03-15,สงขลา,7.19,100.59,28.2,30.5,26.5,0.6,19.4
2025-03-16,สงขลา,7.19,100.59,28.3,31.2,25.7,0.0,14.0
2025-03-17,สงขลา,7.19,100.59,28.5,31.1,26.4,0.0,19.2
2025-03-18,สงขลา,7.19,100.59,28.3,30.8,26.4,0.1,26.7
2025-03-19,สงขลา,7.19,100.59,28.4,31.0,26.6,1.7,30.4
2025-03-20,สงขลา,7.19,100.59,26.6,28.4,24.9,5.7,24.0
2025-03-21,สงขลา,7.19,100.59,27.4,29.6,25.6,1.2,22.2
2025-03-22,สงขลา,7.19,100.59,27.6,29.9,25.9,2.1,24.8
2025-03-23,สงขลา,7.19,100.59,27.7,29.8,25.6,1.0,21.3
2025-03-24,สงขลา,7.19,100.59,27.7,30.4,25.1,1.2,14.7
2025-03-25,สงขลา,7.19,100.59,27.8,30.8,24.9,0.0,13.6
2025-03-26,สงขลา,7.19,100.59,27.9,30.9,25.0,0.1,12.7
2025-03-27,สงขลา,7.19,100.59,28.5,31.6,25.4,0.3,12.0
2025-03-28,สงขลา,7.19,100.59,28.1,32.6,25.2,1.3,14.9
2025-03-29,สงขลา,7.19,100.59,28.5,32.0,24.8,0.1,13.6
2025-03-30,สงขลา,7.19,100.59,28.2,31.3,25.3,1.3,16.3
2025-03-31,สงขลา,7.19,100.59,28.6,31.4,25.4,0.0,18.0
2025-04-01,สงขลา,7.19,100.59,28.5,30.9,25.7,2.8,19.6
2025-04-02,สงขลา,7.19,100.59,26.2,27.9,24.2,23.2,17.9
2025-04-03,สงขลา,7.19,100.59,27.7,29.7,25.9,3.4,26.5
2025-04-04,สงขลา,7.19,100.59,27.4,30.0,25.3,2.6,19.0
2025-04-05,สงขลา,7.19,100.59,27.8,30.2,25.3,0.6,16.6
2025-04-06,สงขลา,7.19,100.59,28.4,31.3,25.7,1.3,19.6
2025-04-07,สงขลา,7.19,100.59,28.7,31.7,26.3,0.1,21.1
2025-04-08,สงขลา,7.19,100.59,28.3,30.6,26.5,1.0,19.8
2025-04-09,สงขลา,7.19,100.59,27.2,30.0,25.2,12.3,13.7
2025-04-10,สงขลา,7.19,100.59,27.1,31.4,25.1,14.1,10.3
2025-04-11,สงขลา,7.19,100.59,27.2,30.8,24.9,4.5,11.1
2025-04-12,สงขลา,7.19,100.59,27.9,32.0,24.8,3.1,9.7
2025-04-13,สงขลา,7.19,100.59,28.2,31.5,24.3,10.1,10.8
2025-04-14,สงขลา,7.19,100.59,28.5,31.6,24.8,0.0,17.9
2025-04-15,สงขลา,7.19,100.59,28.4,31.0,24.6,16.1,17.9
2025-04-16,สงขลา,7.19,100.59,26.6,29.5,23.7,18.3,11.1
2025-04-17,สงขลา,7.19,100.59,27.3,30.8,24.8,9.2,11.0
2025-04-18,สงขลา,7.19,100.59,27.4,30.6,24.6,13.2,12.6
2025-04-19,สงขลา,7.19,100.59,27.4,31.3,24.5,3.5,13.4
2025-04-20,สงขลา,7.19,100.59,27.5,31.5,23.6,1.9,12.0
2025-04-21,สงขลา,7.19,100.59,28.1,31.0,24.1,0.1,14.4
2025-04-22,สงขลา,7.19,100.59,27.9,30.8,25.8,8.6,17.1
2025-04-23,สงขลา,7.19,100.59,27.2,31.6,24.9,7.8,10.0
2025-04-24,สงขลา,7.19,100.59,27.0,32.0,24.2,28.5,13.5
2025-04-25,สงขลา,7.19,100.59,27.9,31.6,24.7,2.4,11.2
2025-04-26,สงขลา,7.19,100.59,27.9,32.9,25.0,9.9,11.7
2025-04-27,สงขลา,7.19,100.59,28.2,31.9,24.3,0.7,12.4
2025-04-28,สงขลา,7.19,100.59,28.4,32.4,24.3,3.1,12.4
2025-04-29,สงขลา,7.19,100.59,28.9,32.4,24.5,0.1,13.5
2025-04-30,สงขลา,7.19,100.59,30.0,32.9,26.6,0.1,17.3
2025-05-01,สงขลา,7.19,100.59,29.5,32.4,26.3,1.0,15.0
2025-05-02,สงขลา,7.19,100.59,28.3,32.0,25.9,9.5,14.3
2025-05-03,สงขลา,7.19,100.59,26.9,29.2,25.4,13.8,11.8
2025-05-04,สงขลา,7.19,100.59,26.4,29.5,24.2,12.8,11.3
2025-05-05,สงขลา,7.19,100.59,26.3,28.7,24.3,9.6,14.0
2025-05-06,สงขลา,7.19,100.59,28.1,31.7,25.0,1.0,12.9
2025-05-07,สงขลา,7.19,100.59,28.5,32.2,24.8,2.6,13.6
2025-05-08,สงขลา,7.19,100.59,28.2,32.3,25.9,11.9,10.8
2025-05-09,สงขลา,7.19,100.59,29.1,32.6,25.3,0.4,14.9
2025-05-10,สงขลา,7.19,100.59,28.0,31.3,24.8,25.4,20.2
2025-05-11,สงขลา,7.19,100.59,28.4,31.6,25.2,0.7,17.8
2025-05-12,สงขลา,7.19,100.59,27.4,30.9,25.5,10.8,11.5
2025-05-13,สงขลา,7.19,100.59,28.1,31.9,25.2,4.3,13.2
2025-05-14,สงขลา,7.19,100.59,28.0,32.2,26.1,23.9,11.4
2025-05-15,สงขลา,7.19,100.59,27.8,31.5,24.6,6.8,12.8
2025-05-16,สงขลา,7.19,100.59,27.3,30.2,24.5,19.5,12.3
2025-05-17,สงขลา,7.19,100.59,27.9,31.2,25.0,17.1,11.8
2025-05-18,สงขลา,7.19,100.59,27.7,30.5,25.6,6.8,12.4
2025-05-19,สงขลา,7.19,100.59,28.1,31.0,25.5,1.4,15.1
2025-05-20,สงขลา,7.19,100.59,27.7,30.7,25.5,11.6,11.7
2025-05-21,สงขลา,7.19,100.59,27.5,31.9,25.4,19.3,17.5
2025-05-22,สงขลา,7.19,100.59,28.3,32.2,25.4,3.0,16.5
2025-05-23,สงขลา,7.19,100.59,28.0,32.9,25.6,7.3,14.8
2025-05-24,สงขลา,7.19,100.59,27.5,30.6,25.7,2.5,15.9
2025-05-25,สงขลา,7.19,100.59,26.1,27.5,24.7,14.3,20.2
2025-05-26,สงขลา,7.19,100.59,27.3,31.6,24.6,1.6,23.1
2025-05-27,สงขลา,7.19,100.59,27.5,32.2,25.1,11.6,13.2
2025-05-28,สงขลา,7.19,100.59,29.1,32.7,25.2,0.4,6.0
2025-05-29,สงขลา,7.19,100.59,29.2,33.5,25.7,1.2,17.0
2025-05-30,สงขลา,7.19,100.59,28.8,32.5,26.4,3.6,9.2
2025-05-31,สงขลา,7.19,100.59,28.8,33.2,26.0,2.2,12.1
2025-06-01,สงขลา,7.19,100.59,28.6,33.2,26.0,4.2,12.1
2025-06-02,สงขลา,7.19,100.59,29.6,33.6,26.4,0.9,13.2
2025-06-03,สงขลา,7.19,100.59,28.9,32.2,26.5,0.7,12.7
2025-06-04,สงขลา,7.19,100.59,28.4,32.5,25.7,8.2,23.2
2025-06-05,สงขลา,7.19,100.59,28.8,33.8,25.3,0.4,18.2
2025-06-06,สงขลา,7.19,100.59,28.2,32.7,24.9,1.9,12.9
2025-06-07,สงขลา,7.19,100.59,27.6,32.1,25.4,3.1,20.8
2025-06-08,สงขลา,7.19,100.59,28.0,32.2,25.7,6.3,21.0
2025-06-09,สงขลา,7.19,100.59,28.2,32.4,25.5,0.8,21.8
2025-06-10,สงขลา,7.19,100.59,28.7,32.3,25.7,0.1,20.3
2025-06-11,สงขลา,7.19,100.59,29.7,33.7,26.5,0.0,10.3
2025-06-12,สงขลา,7.19,100.59,29.8,33.5,26.4,1.5,16.3
2025-06-13,สงขลา,7.19,100.59,30.3,34.7,26.0,0.0,16.5
2025-06-14,สงขลา,7.19,100.59,29.9,35.0,26.7,4.7,10.6
2025-06-15,สงขลา,7.19,100.59,29.1,33.7,26.0,2.6,14.0
2025-06-16,สงขลา,7.19,100.59,28.1,31.8,25.3,9.4,14.9
2025-06-17,สงขลา,7.19,100.59,28.2,32.4,24.9,1.3,12.7
2025-06-18,สงขลา,7.19,100.59,29.2,34.0,25.7,0.2,14.2
2025-06-19,สงขลา,7.19,100.59,29.5,34.6,26.1,1.2,14.2
2025-06-20,สงขลา,7.19,100.59,27.4,31.9,25.0,5.3,22.3
2025-06-21,สงขลา,7.19,100.59,28.4,32.4,25.4,0.3,20.5
2025-06-22,สงขลา,7.19,100.59,27.8,31.6,24.6,1.3,18.6
2025-06-23,สงขลา,7.19,100.59,28.9,35.2,25.1,1.0,19.0
2025-06-24,สงขลา,7.19,100.59,27.9,32.5,25.0,7.6,20.3
2025-06-25,สงขลา,7.19,100.59,29.1,34.3,24.0,0.0,10.6
2025-06-26,สงขลา,7.19,100.59,29.3,34.0,25.9,5.1,11.2
2025-06-27,สงขลา,7.19,100.59,29.3,32.9,26.2,2.1,12.9
2025-06-28,สงขลา,7.19,100.59,30.1,35.6,24.5,1.4,12.4
2025-06-29,สงขลา,7.19,100.59,30.6,36.3,25.1,0.2,12.5
2025-06-30,สงขลา,7.19,100.59,31.1,36.3,26.6,0.0,22.8
2025-07-01,สงขลา,7.19,100.59,30.0,35.6,26.3,8.5,22.5
2025-07-02,สงขลา,7.19,100.59,28.6,33.2,25.7,7.1,14.8
2025-07-03,สงขลา,7.19,100.59,28.8,32.9,25.7,0.1,16.0
2025-07-04,สงขลา,7.19,100.59,29.9,34.5,25.7,0.3,22.9
2025-07-05,สงขลา,7.19,100.59,29.9,35.6,25.3,0.2,22.1
2025-07-06,สงขลา,7.19,100.59,30.0,35.7,26.0,1.1,21.1
2025-07-07,สงขลา,7.19,100.59,30.1,34.6,25.5,0.1,17.0
2025-07-08,สงขลา,7.19,100.59,28.7,32.9,26.1,3.0,16.2
2025-07-09,สงขลา,7.19,100.59,29.6,34.8,25.3,0.3,15.5
2025-07-10,สงขลา,7.19,100.59,30.1,34.6,26.0,0.3,22.2
2025-07-11,สงขลา,7.19,100.59,30.3,35.3,25.7,0.0,24.6
2025-07-12,สงขลา,7.19,100.59,30.0,35.5,26.1,0.9,21.2
2025-07-13,สงขลา,7.19,100.59,29.9,35.3,24.7,1.2,25.4
2025-07-14,สงขลา,7.19,100.59,30.9,35.7,26.6,2.3,19.8
2025-07-15,สงขลา,7.19,100.59,28.8,33.3,25.6,3.4,19.4
2025-07-16,สงขลา,7.19,100.59,28.9,32.9,25.3,0.9,17.9
2025-07-17,สงขลา,7.19,100.59,29.6,34.0,26.1,2.3,13.1
2025-07-18,สงขลา,7.19,100.59,29.8,34.7,26.1,1.3,13.9
2025-07-19,สงขลา,7.19,100.59,31.0,36.7,26.5,0.2,19.3
2025-07-20,สงขลา,7.19,100.59,29.2,35.5,25.9,5.4,19.3
2025-07-21,สงขลา,7.19,100.59,29.8,35.7,25.2,0.7,17.9
2025-07-22,สงขลา,7.19,100.59,30.9,36.0,26.9,0.0,21.0
2025-07-23,สงขลา,7.19,100.59,30.9,36.0,27.1,0.0,23.2
2025-07-24,สงขลา,7.19,100.59,31.0,36.7,25.8,0.0,24.0
2025-07-25,สงขลา,7.19,100.59,31.2,36.6,25.7,0.1,23.4
2025-07-26,สงขลา,7.19,100.59,31.1,36.8,27.0,0.0,27.5
2025-07-27,สงขลา,7.19,100.59,30.4,35.5,26.5,0.0,24.3
2025-07-28,สงขลา,7.19,100.59,31.0,36.8,26.8,0.0,22.8
2025-07-29,สงขลา,7.19,100.59,31.3,36.7,27.0,0.0,21.9
2025-07-30,สงขลา,7.19,100.59,30.4,36.3,26.6,2.7,14.1
2025-07-31,สงขลา,7.19,100.59,29.8,35.0,26.0,5.5,15.6
2025-08-01,สงขลา,7.19,100.59,28.8,34.7,25.5,15.5,16.0
2025-08-02,สงขลา,7.19,100.59,29.0,32.7,26.4,9.6,10.6
2025-08-03,สงขลา,7.19,100.59,28.4,32.9,24.4,5.4,15.5
2025-08-04,สงขลา,7.19,100.59,28.8,32.9,26.4,7.5,14.0
2025-08-05,สงขลา,7.19,100.59,28.8,32.8,25.8,2.9,16.6
2025-08-06,สงขลา,7.19,100.59,28.5,34.6,25.5,9.3,13.1
2025-08-07,สงขลา,7.19,100.59,27.2,29.7,25.1,15.2,8.4
2025-08-08,สงขลา,7.19,100.59,27.7,32.1,25.1,6.5,13.0
2025-08-09,สงขลา,7.19,100.59,28.0,33.1,23.8,9.7,14.8
2025-08-10,สงขลา,7.19,100.59,28.0,32.7,25.6,0.9,21.3
2025-08-11,สงขลา,7.19,100.59,27.0,30.4,24.3,0.5,19.1
2025-08-12,สงขลา,7.19,100.59,28.7,34.4,24.7,0.1,20.6
2025-08-13,สงขลา,7.19,100.59,28.7,33.8,23.7,0.4,18.0
2025-08-14,สงขลา,7.19,100.59,28.9,33.7,25.5,0.3,19.7
2025-08-15,สงขลา,7.19,100.59,28.5,32.8,25.3,0.7,22.1
2025-08-16,สงขลา,7.19,100.59,28.3,33.0,24.9,0.0,17.4
2025-08-17,สงขลา,7.19,100.59,28.9,32.7,25.3,0.3,13.8
2025-08-18,สงขลา,7.19,100.59,28.9,33.7,25.3,2.7,11.8
2025-08-19,สงขลา,7.19,100.59,28.2,32.9,24.8,2.1,14.4
2025-08-20,สงขลา,7.19,100.59,27.8,33.4,24.7,9.5,13.0
2025-08-21,สงขลา,7.19,100.59,26.4,31.0,24.2,13.9,14.2
2025-08-22,สงขลา,7.19,100.59,27.2,32.8,23.9,8.7,10.7
2025-08-23,สงขลา,7.19,100.59,27.4,32.7,23.7,16.4,16.3
2025-08-24,สงขลา,7.19,100.59,28.1,32.2,24.4,0.1,20.2
2025-08-25,สงขลา,7.19,100.59,28.6,33.3,25.3,0.0,24.6
2025-08-26,สงขลา,7.19,100.59,29.8,34.8,25.4,0.4,12.7
2025-08-27,สงขลา,7.19,100.59,28.8,34.0,25.3,15.2,12.5
2025-08-28,สงขลา,7.19,100.59,27.5,32.1,24.4,1.5,18.7
2025-08-29,สงขลา,7.19,100.59,29.1,34.5,25.0,0.0,22.8
2025-08-30,สงขลา,7.19,100.59,28.7,32.7,25.8,1.3,28.0
2025-08-31,สงขลา,7.19,100.59,29.3,33.7,25.4,0.4,26.1
2025-09-01,สงขลา,7.19,100.59,29.1,35.7,24.8,1.2,24.8
2025-09-02,สงขลา,7.19,100.59,29.6,34.4,25.6,0.1,16.5
2025-09-03,สงขลา,7.19,100.59,27.8,32.2,25.6,8.9,12.2
2025-09-04,สงขลา,7.19,100.59,27.3,30.7,24.8,2.8,18.9
2025-09-05,สงขลา,7.19,100.59,28.1,32.5,25.0,0.6,21.6
2025-09-06,สงขลา,7.19,100.59,28.8,32.9,25.4,2.3,16.6
2025-09-07,สงขลา,7.19,100.59,28.1,33.9,25.2,7.5,13.7
2025-09-08,สงขลา,7.19,100.59,27.5,31.8,25.0,12.4,10.2
2025-09-09,สงขลา,7.19,100.59,26.5,29.3,24.2,6.7,14.6
2025-09-10,สงขลา,7.19,100.59,27.4,30.9,24.1,2.9,9.4
2025-09-11,สงขลา,7.19,100.59,27.4,31.8,24.6,3.2,15.9
2025-09-12,สงขลา,7.19,100.59,26.2,31.6,24.4,21.0,17.2
2025-09-13,สงขลา,7.19,100.59,26.2,31.2,23.8,11.1,16.2
2025-09-14,สงขลา,7.19,100.59,26.5,30.0,23.8,17.2,9.9
2025-09-15,สงขลา,7.19,100.59,26.9,30.5,23.8,5.7,18.0
2025-09-16,สงขลา,7.19,100.59,27.6,31.3,24.1,0.2,12.2
2025-09-17,สงขลา,7.19,100.59,27.9,32.1,25.5,3.7,14.3
2025-09-18,สงขลา,7.19,100.59,27.3,30.1,24.6,3.1,13.2
2025-09-19,สงขลา,7.19,100.59,29.0,33.5,25.4,0.0,17.1
2025-09-20,สงขลา,7.19,100.59,28.9,34.3,24.2,0.0,19.1
2025-09-21,สงขลา,7.19,100.59,29.1,34.4,24.6,0.0,17.8
2025-09-22,สงขลา,7.19,100.59,28.9,33.3,24.2,1.4,11.7
2025-09-23,สงขลา,7.19,100.59,29.9,34.6,25.5,0.1,22.4
2025-09-24,สงขลา,7.19,100.59,29.9,35.4,25.9,0.0,26.9
2025-09-25,สงขลา,7.19,100.59,30.1,34.5,26.9,0.0,24.8
2025-09-26,สงขลา,7.19,100.59,28.4,33.4,25.9,8.9,12.7
2025-09-27,สงขลา,7.19,100.59,27.7,31.4,25.9,6.7,11.2
2025-09-28,สงขลา,7.19,100.59,27.4,33.2,25.4,11.6,16.5
2025-09-29,สงขลา,7.19,100.59,25.4,26.8,24.2,13.6,17.6
2025-09-30,สงขลา,7.19,100.59,28.1,32.5,24.2,0.1,12.9
2025-10-01,สงขลา,7.19,100.59,27.2,30.3,24.9,19.8,12.7
2025-10-02,สงขลา,7.19,100.59,27.5,31.5,24.5,2.0,11.4
2025-10-03,สงขลา,7.19,100.59,26.6,30.4,24.2,9.7,14.1
2025-10-04,สงขลา,7.19,100.59,27.5,32.1,23.7,5.0,17.8
2025-10-05,สงขลา,7.19,100.59,28.0,32.9,24.4,1.7,6.2
2025-10-06,สงขลา,7.19,100.59,28.5,32.9,25.0,1.2,7.6
2025-10-07,สงขลา,7.19,100.59,27.9,32.8,24.2,9.2,13.1
2025-10-08,สงขลา,7.19,100.59,26.9,31.1,24.9,22.6,15.8
2025-10-09,สงขลา,7.19,100.59,26.7,29.7,25.2,6.5,15.7
2025-10-10,สงขลา,7.19,100.59,27.1,30.3,24.9,0.9,12.8
2025-10-11,สงขลา,7.19,100.59,27.3,31.4,24.6,6.6,13.9
2025-10-12,สงขลา,7.19,100.59,26.7,30.2,24.3,9.9,11.5
2025-10-13,สงขลา,7.19,100.59,27.5,32.4,24.6,6.6,12.1
2025-10-14,สงขลา,7.19,100.59,26.0,27.8,23.8,13.9,9.1
2025-10-15,สงขลา,7.19,100.59,28.4,32.4,26.4,4.8,18.3
2025-10-16,สงขลา,7.19,100.59,26.9,28.5,25.9,20.7,19.4
2025-10-17,สงขลา,7.19,100.59,26.5,28.3,24.5,19.6,12.2
2025-10-18,สงขลา,7.19,100.59,27.1,30.8,24.6,5.1,17.7
2025-10-19,สงขลา,7.19,100.59,27.1,30.2,24.9,9.7,12.9
2025-10-20,สงขลา,7.19,100.59,26.5,29.3,24.2,4.7,16.9
2025-10-21,สงขลา,7.19,100.59,27.8,32.1,25.3,5.3,15.8
2025-10-22,สงขลา,7.19,100.59,26.7,30.4,24.6,11.9,18.6
2025-10-23,สงขลา,7.19,100.59,25.9,29.0,24.6,15.4,11.3
2025-10-24,สงขลา,7.19,100.59,25.1,27.3,24.4,33.4,15.0
2025-10-25,สงขลา,7.19,100.59,25.2,27.9,24.1,23.2,11.5
2025-10-26,สงขลา,7.19,100.59,25.9,29.1,23.8,4.6,11.5
2025-10-27,สงขลา,7.19,100.59,26.9,30.7,24.7,13.8,12.3
2025-10-28,สงขลา,7.19,100.59,27.7,31.2,24.9,0.4,14.1
2025-10-29,สงขลา,7.19,100.59,26.1,29.2,25.0,3.7,15.6
2025-10-30,สงขลา,7.19,100.59,26.3,29.2,24.3,16.1,20.5
2025-10-31,สงขลา,7.19,100.59,26.7,29.6,23.9,7.5,16.1
2025-11-01,สงขลา,7.19,100.59,27.7,32.3,24.5,2.5,14.1
2025-11-02,สงขลา,7.19,100.59,27.2,30.6,24.4,14.7,10.0
2025-11-03,สงขลา,7.19,100.59,27.5,32.4,24.4,8.2,17.1
2025-11-04,สงขลา,7.19,100.59,28.4,32.5,25.1,0.0,13.7
2025-11-05,สงขลา,7.19,100.59,27.8,32.2,24.6,2.3,15.0
2025-11-06,สงขลา,7.19,100.59,26.6,29.7,25.0,17.8,18.6
2025-11-07,สงขลา,7.19,100.59,26.9,31.0,24.6,5.9,21.5
2025-11-08,สงขลา,7.19,100.59,27.0,31.6,25.0,4.6,15.8
2025-11-09,สงขลา,7.19,100.59,27.5,31.4,24.3,2.7,11.1
2025-11-10,สงขลา,7.19,100.59,27.4,31.5,25.4,10.4,14.7
2025-11-11,สงขลา,7.19,100.59,27.5,32.8,23.7,6.8,12.5
2025-11-12,สงขลา,7.19,100.59,27.8,31.6,24.2,1.1,10.7
2025-11-13,สงขลา,7.19,100.59,28.1,32.0,24.3,0.1,13.6
2025-11-14,สงขลา,7.19,100.59,26.6,29.6,24.9,3.2,14.8
2025-11-15,สงขลา,7.19,100.59,27.1,29.6,24.7,3.0,20.6
2025-11-16,สงขลา,7.19,100.59,28.3,31.5,26.7,1.1,14.0
2025-11-17,สงขลา,7.19,100.59,27.2,30.1,24.9,10.6,14.3
2025-11-18,สงขลา,7.19,100.59,25.5,27.9,23.9,13.0,11.6
2025-11-19,สงขลา,7.19,100.59,25.4,27.8,24.4,49.1,21.6
2025-11-20,สงขลา,7.19,100.59,24.7,25.2,24.0,141.9,25.0
2025-11-21,สงขลา,7.19,100.59,24.7,25.4,24.0,99.8,24.6
2025-11-22,สงขลา,7.19,100.59,24.8,25.4,24.3,88.0,28.6
2025-11-23,สงขลา,7.19,100.59,25.0,25.8,24.3,65.6,28.2
2025-11-24,สงขลา,7.19,100.59,25.1,25.8,24.4,101.8,26.2
2025-11-25,สงขลา,7.19,100.59,25.2,26.6,24.5,38.7,27.5
2025-11-26,สงขลา,7.19,100.59,25.6,27.1,24.4,26.3,25.1
2025-11-27,สงขลา,7.19,100.59,27.1,29.0,25.2,2.5,24.6
2025-11-28,สงขลา,7.19,100.59,26.2,27.7,24.2,3.6,23.1
2025-11-29,สงขลา,7.19,100.59,25.9,27.9,23.5,2.5,15.0
2025-11-30,สงขลา,7.19,100.59,26.1,28.7,23.6,0.0,10.0
2025-12-01,สงขลา,7.19,100.59,26.1,29.6,23.4,0.1,11.6
2025-12-02,สงขลา,7.19,100.59,26.4,29.8,23.7,0.7,12.7
2025-12-03,สงขลา,7.19,100.59,26.5,29.5,23.6,0.5,12.7
2025-12-04,สงขลา,7.19,100.59,26.4,29.4,24.0,1.0,18.1
2025-12-05,สงขลา,7.19,100.59,26.0,27.3,24.2,11.7,17.2
2025-12-06,สงขลา,7.19,100.59,27.1,29.6,25.1,2.2,19.7
2025-12-07,สงขลา,7.19,100.59,27.4,30.0,25.8,0.2,19.3
2025-12-08,สงขลา,7.19,100.59,26.4,29.6,23.4,2.7,20.4
2025-12-09,สงขลา,7.19,100.59,27.2,29.0,25.8,0.3,20.4
2025-12-10,สงขลา,7.19,100.59,27.0,29.4,25.0,0.5,15.8
2025-12-11,สงขลา,7.19,100.59,26.3,28.8,25.0,2.0,17.6
2025-12-12,สงขลา,7.19,100.59,26.5,28.6,24.3,1.8,14.3
2025-12-13,สงขลา,7.19,100.59,26.8,28.3,24.5,12.8,20.0
2025-12-14,สงขลา,7.19,100.59,26.1,28.4,24.7,10.5,21.8
2025-12-15,สงขลา,7.19,100.59,26.7,29.7,23.2,13.5,25.2
2025-12-16,สงขลา,7.19,100.59,26.7,28.8,24.1,9.1,24.3
2025-12-17,สงขลา,7.19,100.59,26.1,28.8,22.6,10.9,21.1
2025-12-18,สงขลา,7.19,100.59,25.2,26.5,24.0,18.2,19.5
2025-12-19,สงขลา,7.19,100.59,26.3,27.8,24.2,7.6,15.1
2025-12-20,สงขลา,7.19,100.59,27.3,29.2,26.1,0.9,19.0
2025-12-21,สงขลา,7.19,100.59,27.1,28.6,25.5,2.1,15.9
2025-12-22,สงขลา,7.19,100.59,27.5,30.3,25.5,0.0,15.2
2025-12-23,สงขลา,7.19,100.59,27.1,29.6,25.2,0.7,16.8
2025-12-24,สงขลา,7.19,100.59,27.2,29.7,24.8,0.2,14.4
2025-12-25,สงขลา,7.19,100.59,27.0,29.6,25.6,2.7,20.3
2025-12-26,สงขลา,7.19,100.59,25.3,26.4,24.5,21.5,23.3
2025-12-27,สงขลา,7.19,100.59,26.8,29.2,24.7,3.9,27.1
2025-12-28,สงขลา,7.19,100.59,27.1,29.2,24.5,5.1,23.2
2025-12-29,สงขลา,7.19,100.59,26.3,28.4,24.5,2.5,20.1
2025-12-30,สงขลา,7.19,100.59,26.9,29.1,25.2,0.7,15.7
2025-12-31,สงขลา,7.19,100.59,26.5,28.5,24.4,0.9,13.6
2026-01-01,สงขลา,7.19,100.59,26.4,29.1,24.1,0.7,14.5
2026-01-02,สงขลา,7.19,100.59,26.9,28.9,25.6,0.1,22.0
2026-01-03,สงขลา,7.19,100.59,26.7,28.8,24.9,0.3,23.2
2026-01-04,สงขลา,7.19,100.59,26.6,28.4,25.3,0.5,21.8
2026-01-05,สงขลา,7.19,100.59,26.3,28.5,23.5,0.6,19.4
2026-01-06,สงขลา,7.19,100.59,26.4,28.5,24.8,3.1,20.9
2026-01-07,สงขลา,7.19,100.59,25.8,28.1,24.1,8.8,28.6
2026-01-08,สงขลา,7.19,100.59,26.1,27.2,24.9,4.5,27.5
2026-01-09,สงขลา,7.19,100.59,26.0,27.5,24.4,3.0,23.2
2026-01-10,สงขลา,7.19,100.59,26.5,28.4,25.0,0.0,19.4
2026-01-11,สงขลา,7.19,100.59,25.9,28.2,24.2,0.0,18.6
2026-01-12,สงขลา,7.19,100.59,26.0,28.7,24.2,0.0,14.2
2026-01-13,สงขลา,7.19,100.59,25.9,28.5,23.6,1.1,14.7
2026-01-14,สงขลา,7.19,100.59,26.1,28.5,23.8,0.9,16.9
2026-01-15,สงขลา,7.19,100.59,26.4,28.4,24.4,0.9,17.7
2026-01-16,สงขลา,7.19,100.59,26.5,28.9,24.4,0.9,15.0
2026-01-17,สงขลา,7.19,100.59,26.4,28.9,23.6,0.9,14.8
2026-01-18,สงขลา,7.19,100.59,26.4,29.0,23.8,0.1,15.7
2026-01-19,สงขลา,7.19,100.59,26.3,28.9,23.9,0.0,15.0
2026-01-20,สงขลา,7.19,100.59,26.4,28.9,23.8,0.3,18.1
2026-01-21,สงขลา,7.19,100.59,26.1,28.6,23.7,0.1,24.1
2026-01-22,สงขลา,7.19,100.59,26.3,29.2,24.0,0.1,22.7
2026-01-23,สงขลา,7.19,100.59,26.6,29.7,24.8,0.7,25.2
2026-01-24,สงขลา,7.19,100.59,26.6,29.7,24.7,1.8,24.0
2026-01-25,สงขลา,7.19,100.59,26.4,28.4,24.0,0.1,23.6
2026-01-26,สงขลา,7.19,100.59,26.5,29.2,24.6,0.3,22.8
2026-01-27,สงขลา,7.19,100.59,26.5,29.1,24.5,0.0,20.6
2026-01-28,สงขลา,7.19,100.59,26.6,29.1,24.6,0.0,20.9
2026-01-29,สงขลา,7.19,100.59,26.7,29.7,24.8,0.1,22.7
2026-01-30,สงขลา,7.19,100.59,26.8,29.7,24.6,0.0,22.5
2026-01-31,สงขลา,7.19,100.59,26.9,29.6,25.4,0.0,21.0
2026-02-01,สงขลา,7.19,100.59,26.8,29.6,24.7,0.1,22.9
2026-02-02,สงขลา,7.19,100.59,26.5,29.2,24.5,0.0,25.8
2026-02-03,สงขลา,7.19,100.59,26.6,29.4,24.7,0.0,25.8
2026-02-04,สงขลา,7.19,100.59,26.9,29.7,24.8,1.3,26.8
2026-02-05,สงขลา,7.19,100.59,27.0,29.6,24.5,0.2,20.2
2026-02-06,สงขลา,7.19,100.59,27.0,30.1,24.2,0.0,12.7
2026-02-07,สงขลา,7.19,100.59,26.7,30.5,22.9,0.0,14.4
2026-02-08,สงขลา,7.19,100.59,27.4,30.7,25.1,0.0,23.3
2026-02-09,สงขลา,7.19,100.59,27.3,30.4,25.5,0.0,29.2
2026-02-10,สงขลา,7.19,100.59,27.0,29.9,24.3,0.7,22.2
2026-02-11,สงขลา,7.19,100.59,26.6,29.1,25.2,5.3,25.3
2026-02-12,สงขลา,7.19,100.59,27.3,30.1,25.0,0.1,20.3
2026-02-13,สงขลา,7.19,100.59,27.9,30.9,26.2,0.0,21.6
2026-02-14,สงขลา,7.19,100.59,27.8,30.2,26.2,0.2,20.3
2026-02-15,สงขลา,7.19,100.59,27.7,30.0,25.9,2.5,22.7
2026-02-16,สงขลา,7.19,100.59,27.9,30.7,26.2,0.9,23.5
2026-02-17,สงขลา,7.19,100.59,27.8,30.7,25.5,1.2,22.3
2026-02-18,สงขลา,7.19,100.59,27.6,29.9,25.7,1.7,31.2
2026-02-19,สงขลา,7.19,100.59,27.5,29.9,25.4,2.9,33.3
2026-02-20,สงขลา,7.19,100.59,27.5,30.6,25.1,0.0,27.7
2026-02-21,สงขลา,7.19,100.59,27.4,30.5,25.2,0.0,22.9
2026-02-22,สงขลา,7.19,100.59,27.3,30.9,24.2,0.2,13.6
2026-02-23,สงขลา,7.19,100.59,27.6,31.7,23.9,0.0,16.4
2026-02-24,สงขลา,7.19,100.59,27.6,31.4,24.0,0.0,17.8
2026-02-25,สงขลา,7.19,100.59,27.9,31.2,25.4,0.0,16.2
2026-02-26,สงขลา,7.19,100.59,27.8,31.3,24.5,0.0,13.7
2026-02-27,สงขลา,7.19,100.59,28.1,32.7,24.0,1.0,14.2
2026-02-28,สงขลา,7.19,100.59,27.7,32.1,24.1,6.5,12.3
2026-03-01,สงขลา,7.19,100.59,27.9,32.7,24.3,2.9,13.9
2026-03-02,สงขลา,7.19,100.59,28.0,33.0,24.4,0.8,15.1
2026-03-03,สงขลา,7.19,100.59,28.5,33.2,24.6,0.9,13.8
2026-03-04,สงขลา,7.19,100.59,29.0,34.1,25.4,0.1,13.8
2026-03-05,สงขลา,7.19,100.59,28.0,31.8,24.8,0.8,13.0
2026-03-06,สงขลา,7.19,100.59,27.7,30.9,24.4,0.9,18.4
2026-03-07,สงขลา,7.19,100.59,28.4,31.1,26.1,0.7,22.9
2026-03-08,สงขลา,7.19,100.59,28.4,31.0,25.9,0.3,22.2
2026-03-09,สงขลา,7.19,100.59,28.4,31.3,26.4,0.0,23.1
2026-03-10,สงขลา,7.19,100.59,28.3,31.0,26.0,0.8,24.0
2026-03-11,สงขลา,7.19,100.59,28.1,31.1,26.1,1.2,24.9
2026-03-12,สงขลา,7.19,100.59,28.4,31.2,26.2,0.5,26.3
2026-03-13,สงขลา,7.19,100.59,28.4,31.2,26.5,0.1,24.3
2026-03-14,สงขลา,7.19,100.59,28.5,31.2,27.1,0.0,23.4
2026-03-15,สงขลา,7.19,100.59,28.1,31.2,26.0,0.5,20.9
2026-03-16,สงขลา,7.19,100.59,28.2,31.0,26.2,0.4,24.0
2026-03-17,สงขลา,7.19,100.59,28.4,31.3,26.3,0.0,20.1
2026-03-18,สงขลา,7.19,100.59,28.2,31.6,25.7,0.0,20.5
2026-03-19,สงขลา,7.19,100.59,28.3,31.5,26.4,0.0,18.6
2026-03-20,สงขลา,7.19,100.59,28.0,31.1,25.3,0.0,17.2
2026-03-21,สงขลา,7.19,100.59,28.0,31.3,25.1,0.0,21.8
2026-03-22,สงขลา,7.19,100.59,28.1,30.9,25.8,0.0,19.1
2026-03-23,สงขลา,7.19,100.59,28.0,30.8,25.3,0.1,17.4
2026-03-24,สงขลา,7.19,100.59,28.1,31.7,25.1,0.0,20.1
2026-03-25,สงขลา,7.19,100.59,28.3,31.8,25.9,0.0,18.5
2026-03-26,สงขลา,7.19,100.59,28.4,31.3,26.2,0.0,17.8
2026-03-27,สงขลา,7.19,100.59,28.1,31.1,25.6,0.0,15.4
2026-03-28,สงขลา,7.19,100.59,28.1,31.4,24.9,0.0,18.6
2026-03-29,สงขลา,7.19,100.59,28.5,31.6,26.0,0.7,14.8
2026-03-30,สงขลา,7.19,100.59,28.2,31.8,24.8,1.6,13.7
2026-03-31,สงขลา,7.19,100.59,28.5,33.3,25.2,7.8,11.9
2026-04-01,สงขลา,7.19,100.59,28.9,33.4,25.3,0.4,13.8
2026-04-02,สงขลา,7.19,100.59,28.8,32.6,25.7,0.0,17.7
2026-04-03,สงขลา,7.19,100.59,28.7,32.4,25.9,0.0,15.1
2026-04-04,สงขลา,7.19,100.59,28.5,32.6,25.1,0.0,13.5
2026-04-05,สงขลา,7.19,100.59,29.4,34.3,24.6,0.1,15.6
2026-04-06,สงขลา,7.19,100.59,29.7,34.0,25.9,1.7,9.8
2026-04-07,สงขลา,7.19,100.59,29.1,35.1,25.4,3.6,14.4
2026-04-08,สงขลา,7.19,100.59,29.8,34.9,25.1,0.5,14.7
2026-04-09,สงขลา,7.19,100.59,28.9,33.6,25.8,0.8,12.0
2026-04-10,สงขลา,7.19,100.59,29.3,34.1,25.3,0.8,13.6
2026-04-11,สงขลา,7.19,100.59,29.3,34.2,25.8,0.3,13.0
2026-04-12,สงขลา,7.19,100.59,29.6,34.7,25.9,0.7,13.0
2026-04-13,สงขลา,7.19,100.59,29.3,34.3,25.2,3.3,14.4
2026-04-14,สงขลา,7.19,100.59,29.3,34.2,25.2,0.3,13.9
2026-04-15,สงขลา,7.19,100.59,29.3,34.2,25.2,0.5,14.2
2026-04-16,สงขลา,7.19,100.59,29.6,33.9,25.9,0.4,15.9
2026-04-17,สงขลา,7.19,100.59,29.7,34.3,26.0,2.3,14.2
2026-04-18,สงขลา,7.19,100.59,29.4,33.7,25.3,0.0,16.4
2026-04-19,สงขลา,7.19,100.59,30.0,34.0,25.9,0.0,15.7
2026-04-20,สงขลา,7.19,100.59,29.6,33.3,25.3,0.0,16.2
2026-04-21,สงขลา,7.19,100.59,29.8,34.0,25.7,0.0,14.4
2026-04-22,สงขลา,7.19,100.59,29.9,33.5,26.5,0.0,15.7
2026-04-23,สงขลา,7.19,100.59,29.9,33.7,26.2,0.0,16.8
2026-04-24,สงขลา,7.19,100.59,29.9,33.3,26.7,0.0,16.5
2026-04-25,สงขลา,7.19,100.59,30.3,33.5,27.3,0.4,17.8
2026-04-26,สงขลา,7.19,100.59,30.3,33.7,27.4,1.0,19.3
2026-04-27,สงขลา,7.19,100.59,30.1,33.8,27.1,3.0,19.9
2026-04-28,สงขลา,7.19,100.59,29.3,33.7,26.1,0.6,16.5
2026-04-29,สงขลา,7.19,100.59,29.5,33.6,24.8,2.8,15.7
2026-04-30,สงขลา,7.19,100.59,30.4,33.4,27.6,0.1,16.2
2026-05-01,สงขลา,7.19,100.59,30.3,33.7,28.4,1.8,16.8
2026-05-02,สงขลา,7.19,100.59,29.3,32.0,26.2,2.2,14.1
2026-05-03,สงขลา,7.19,100.59,29.4,33.5,25.6,2.0,13.6
2026-05-04,สงขลา,7.19,100.59,29.1,32.4,26.4,3.2,13.7
2026-05-05,สงขลา,7.19,100.59,29.0,32.3,25.4,1.0,13.1
2026-05-06,สงขลา,7.19,100.59,29.2,32.2,25.4,3.2,16.5
2026-05-07,สงขลา,7.19,100.59,28.5,33.5,25.3,22.1,14.3
2026-05-08,สงขลา,7.19,100.59,28.3,32.3,25.1,8.8,14.1
2026-05-09,สงขลา,7.19,100.59,28.4,32.4,24.5,7.7,20.2
2026-05-10,สงขลา,7.19,100.59,28.2,32.2,25.2,16.6,13.3
2026-05-11,สงขลา,7.19,100.59,28.3,31.2,25.7,11.7,13.8
2026-05-12,สงขลา,7.19,100.59,27.2,31.2,25.4,20.1,11.7
2026-05-13,สงขลา,7.19,100.59,28.0,33.3,25.1,8.4,9.8
2026-05-14,สงขลา,7.19,100.59,28.3,31.7,25.6,15.8,13.1
2026-05-15,สงขลา,7.19,100.59,29.5,33.9,25.6,0.2,16.4
2026-05-16,สงขลา,7.19,100.59,29.2,33.0,25.9,0.8,21.1
2026-05-17,สงขลา,7.19,100.59,28.2,33.5,25.3,15.6,17.3
2026-05-18,สงขลา,7.19,100.59,29.1,33.0,24.6,1.7,21.1
2026-05-19,สงขลา,7.19,100.59,27.9,32.6,25.0,3.3,24.5
2026-05-20,สงขลา,7.19,100.59,27.2,29.4,26.1,18.1,13.5
2026-05-21,สงขลา,7.19,100.59,28.6,34.0,25.3,3.6,12.9
2026-05-22,สงขลา,7.19,100.59,29.4,34.8,25.4,2.9,12.5
2026-05-23,สงขลา,7.19,100.59,29.1,33.4,25.9,12.1,12.2
2026-05-24,สงขลา,7.19,100.59,28.4,31.7,25.9,6.4,15.9
2026-05-25,สงขลา,7.19,100.59,30.2,36.3,26.0,3.7,18.3
2026-05-26,สงขลา,7.19,100.59,31.1,35.6,27.1,0.2,19.4
2026-05-27,สงขลา,7.19,100.59,31.0,36.0,27.2,0.9,17.1
2026-05-28,สงขลา,7.19,100.59,29.8,37.5,26.9,11.7,24.4
2026-05-29,สงขลา,7.19,100.59,31.0,35.4,26.8,1.7,20.3
2026-05-30,สงขลา,7.19,100.59,30.0,35.3,27.2,0.7,16.2
2026-05-31,สงขลา,7.19,100.59,29.1,33.7,27.3,11.3,14.2
2026-06-01,สงขลา,7.19,100.59,29.4,33.0,26.4,1.9,21.4
2026-06-02,สงขลา,7.19,100.59,28.7,32.2,26.5,2.9,24.2
2026-06-03,สงขลา,7.19,100.59,29.0,33.1,25.7,2.9,27.0
2026-06-04,สงขลา,7.19,100.59,28.1,32.0,25.5,12.4,19.6
2026-06-05,สงขลา,7.19,100.59,30.1,34.5,26.1,2.6,15.8
2026-06-06,สงขลา,7.19,100.59,30.7,35.2,26.1,3.4,16.8
2026-06-07,สงขลา,7.19,100.59,30.5,36.2,27.3,5.4,18.0
2026-06-08,สงขลา,7.19,100.59,30.3,35.0,25.7,1.1,20.2
2026-06-09,สงขลา,7.19,100.59,30.1,35.4,26.4,1.7,20.7
2026-06-10,สงขลา,7.19,100.59,28.8,33.0,26.4,8.6,19.2
2026-06-11,สงขลา,7.19,100.59,28.9,33.8,25.8,2.1,13.4
2026-06-12,สงขลา,7.19,100.59,29.3,33.1,26.4,2.1,11.7
2026-06-13,สงขลา,7.19,100.59,29.8,33.5,25.7,1.0,11.8
2026-06-14,สงขลา,7.19,100.59,30.2,36.1,26.5,4.5,12.2
2026-06-15,สงขลา,7.19,100.59,29.3,34.4,25.5,6.6,14.2
2026-06-16,สงขลา,7.19,100.59,29.8,35.4,26.3,2.0,10.6
2026-06-17,สงขลา,7.19,100.59,29.3,35.4,26.3,4.3,15.3
2026-06-18,สงขลา,7.19,100.59,28.6,36.0,25.4,19.5,13.6
2026-06-19,สงขลา,7.19,100.59,28.9,34.1,24.9,4.0,15.9
2026-06-20,สงขลา,7.19,100.59,29.2,35.0,25.0,0.9,12.2
2026-06-21,สงขลา,7.19,100.59,28.9,33.3,24.8,7.5,12.6
2026-06-22,สงขลา,7.19,100.59,29.9,36.2,25.1,1.5,20.9
2026-06-23,สงขลา,7.19,100.59,29.4,35.5,26.3,1.5,17.5
2026-06-24,สงขลา,7.19,100.59,29.2,35.6,25.2,2.4,15.7
2026-06-25,สงขลา,7.19,100.59,28.6,33.5,26.0,0.7,19.4
2026-06-26,สงขลา,7.19,100.59,28.9,34.3,25.4,6.5,15.7
2026-06-27,สงขลา,7.19,100.59,29.2,34.2,25.5,4.9,17.3
2026-06-28,สงขลา,7.19,100.59,27.8,34.0,24.8,19.2,15.3
2026-06-29,สงขลา,7.19,100.59,29.6,33.7,25.0,1.7,24.2
2026-06-30,สงขลา,7.19,100.59,29.6,34.8,25.7,0.7,23.0
2026-07-01,สงขลา,7.19,100.59,27.6,32.7,26.0,10.9,27.4
2026-07-02,สงขลา,7.19,100.59,28.8,33.6,25.5,3.7,27.3
2026-07-03,สงขลา,7.19,100.59,29.1,34.7,26.0,2.4,19.4
2026-07-04,สงขลา,7.19,100.59,28.9,34.4,26.3,8.0,19.5
2026-07-05,สงขลา,7.19,100.59,29.7,35.1,24.9,2.8,11.0
2026-07-06,สงขลา,7.19,100.59,30.1,36.7,25.8,0.9,16.1
2026-07-07,สงขลา,7.19,100.59,30.5,35.6,26.6,1.3,14.5
2026-07-08,สงขลา,7.19,100.59,29.4,33.6,27.1,3.4,17.7
2026-07-09,สงขลา,7.19,100.59,30.1,35.8,26.4,4.1,14.2
2026-07-10,สงขลา,7.19,100.59,31.4,36.5,26.3,1.5,17.2
2026-07-11,สงขลา,7.19,100.59,30.8,35.7,26.8,1.1,25.8
2026-07-12,สงขลา,7.19,100.59,30.8,35.9,26.5,0.1,25.0
2026-07-13,สงขลา,7.19,100.59,30.4,35.6,27.4,0.8,19.4
2026-07-14,สงขลา,7.19,100.59,28.7,33.2,26.4,6.6,11.8
2026-07-15,สงขลา,7.19,100.59,27.8,31.2,25.6,5.2,11.3
2026-07-16,สงขลา,7.19,100.59,28.0,32.5,25.1,6.2,10.7
2026-07-17,สงขลา,7.19,100.59,27.5,33.3,24.9,13.9,11.2
2026-07-18,สงขลา,7.19,100.59,28.9,33.5,25.3,1.7,13.5
2026-07-19,สงขลา,7.19,100.59,29.1,34.3,25.6,3.2,13.8
2026-07-20,สงขลา,7.19,100.59,29.0,33.9,26.2,1.1,12.5
2026-07-21,สงขลา,7.19,100.59,29.7,33.5,26.0,1.6,12.8
2026-07-22,สงขลา,7.19,100.59,29.8,34.5,26.4,0.7,14.1
2026-07-23,สงขลา,7.19,100.59,29.9,35.5,26.2,3.3,16.5
2026-07-24,สงขลา,7.19,100.59,29.3,33.2,27.0,0.6,19.9
2026-07-25,สงขลา,7.19,100.59,28.2,33.4,26.1,7.9,23.5
2026-07-26,สงขลา,7.19,100.59,29.8,34.7,25.6,0.5,23.7
2026-07-27,สงขลา,7.19,100.59,30.4,34.3,26.5,0.8,21.5
2026-07-28,สงขลา,7.19,100.59,29.6,35.4,24.9,4.8,18.6
2026-07-29,สงขลา,7.19,100.59,26.8,30.5,24.6,12.4,15.5
2026-07-30,สงขลา,7.19,100.59,27.8,32.3,23.6,15.0,21.2
2026-07-31,สงขลา,7.19,100.59,28.1,35.7,25.2,10.7,11.8
2026-08-01,สงขลา,7.19,100.59,28.9,32.3,25.3,2.5,10.5
2026-08-02,สงขลา,7.19,100.59,29.6,33.9,25.9,1.8,11.2
2026-08-03,สงขลา,7.19,100.59,30.1,34.6,26.4,4.8,10.7
2026-08-04,สงขลา,7.19,100.59,28.5,32.5,25.2,28.4,14.3
2026-08-05,สงขลา,7.19,100.59,30.5,35.8,25.6,0.2,18.3
2026-08-06,สงขลา,7.19,100.59,30.4,34.5,26.8,3.5,16.2
2026-08-07,สงขลา,7.19,100.59,30.4,34.9,27.0,0.0,15.6
2026-08-08,สงขลา,7.19,100.59,30.6,35.1,27.1,0.9,20.6
2026-08-09,สงขลา,7.19,100.59,30.9,35.8,26.6,0.0,14.7
2026-08-10,สงขลา,7.19,100.59,30.0,33.1,27.4,3.1,19.5
2026-08-11,สงขลา,7.19,100.59,30.9,37.1,26.4,0.5,16.6
2026-08-12,สงขลา,7.19,100.59,29.8,34.3,26.7,2.9,14.6
2026-08-13,สงขลา,7.19,100.59,29.8,35.9,26.3,15.6,18.4
2026-08-14,สงขลา,7.19,100.59,29.3,33.2,26.4,1.9,25.0
2026-08-15,สงขลา,7.19,100.59,29.7,35.1,25.3,0.2,21.9
2026-08-16,สงขลา,7.19,100.59,28.6,32.9,26.6,4.2,16.0
2026-08-17,สงขลา,7.19,100.59,30.0,35.3,25.9,0.6,15.1
2026-08-18,สงขลา,7.19,100.59,28.8,34.1,26.6,11.3,21.9
2026-08-19,สงขลา,7.19,100.59,29.5,34.4,25.8,0.2,24.7
2026-08-20,สงขลา,7.19,100.59,29.6,33.6,26.5,0.2,18.1
2026-08-21,สงขลา,7.19,100.59,30.1,34.6,26.6,1.9,11.8
2026-08-22,สงขลา,7.19,100.59,30.2,36.1,24.9,2.1,16.4
2026-08-23,สงขลา,7.19,100.59,30.2,35.7,26.1,3.4,18.0
2026-08-24,สงขลา,7.19,100.59,29.6,34.2,26.2,1.1,20.0
2026-08-25,สงขลา,7.19,100.59,27.9,31.5,26.3,15.4,18.9
2026-08-26,สงขลา,7.19,100.59,29.3,33.6,25.1,1.4,23.1
2026-08-27,สงขลา,7.19,100.59,30.5,36.5,25.7,0.0,20.3
2026-08-28,สงขลา,7.19,100.59,30.5,36.2,26.0,2.2,19.3
2026-08-29,สงขลา,7.19,100.59,29.2,32.1,27.0,4.0,17.2
2026-08-30,สงขลา,7.19,100.59,30.0,35.8,25.5,0.0,22.3
2026-08-31,สงขลา,7.19,100.59,30.3,35.1,25.6,0.6,19.0
2026-09-01,สงขลา,7.19,100.59,31.1,36.4,26.5,0.5,17.4
2026-09-02,สงขลา,7.19,100.59,29.0,35.3,26.9,18.7,14.2
2026-09-03,สงขลา,7.19,100.59,27.8,33.3,25.9,14.0,21.1
2026-09-04,สงขลา,7.19,100.59,28.9,33.4,25.0,2.7,20.8
2026-09-05,สงขลา,7.19,100.59,30.3,36.1,26.3,1.2,15.3
2026-09-06,สงขลา,7.19,100.59,30.0,35.7,26.1,2.7,20.2
2026-09-07,สงขลา,7.19,100.59,30.1,36.2,26.8,5.6,13.6
2026-09-08,สงขลา,7.19,100.59,30.2,35.3,26.3,2.1,17.9
2026-09-09,สงขลา,7.19,100.59,29.2,34.5,26.2,5.7,16.3
2026-09-10,สงขลา,7.19,100.59,28.5,33.1,26.2,19.6,17.7
2026-09-11,สงขลา,7.19,100.59,26.8,29.6,25.4,23.4,13.8
2026-09-12,สงขลา,7.19,100.59,27.6,32.3,24.8,4.4,13.5
2026-09-13,สงขลา,7.19,100.59,27.5,32.4,24.6,15.3,14.2
2026-09-14,สงขลา,7.19,100.59,27.8,34.1,24.7,7.2,15.2
2026-09-15,สงขลา,7.19,100.59,27.9,33.3,24.4,8.0,10.1
2026-09-16,สงขลา,7.19,100.59,28.4,33.8,25.7,6.0,14.5
2026-09-17,สงขลา,7.19,100.59,28.2,33.2,25.3,4.7,13.7
2026-09-18,สงขลา,7.19,100.59,27.8,31.3,25.8,1.5,22.4
2026-09-19,สงขลา,7.19,100.59,27.4,31.9,24.5,17.2,13.9
2026-09-20,สงขลา,7.19,100.59,27.0,30.2,25.1,5.5,14.4
2026-09-21,สงขลา,7.19,100.59,28.2,31.7,25.7,5.6,11.7
2026-09-22,สงขลา,7.19,100.59,27.2,30.7,25.0,10.4,10.3
2026-09-23,สงขลา,7.19,100.59,27.1,29.7,25.3,8.5,15.2
2026-09-24,สงขลา,7.19,100.59,27.3,31.1,25.1,13.0,12.4
