iso2,iso3,name_en,year,gdp_usd,gdp_per_capita_usd,population,inflation_cpi_pct,gdp_growth_pct
AW,ABW,Aruba,2015,2962906703.91061,27458.2201537506,107906.0,0.474763597342641,3.61147906591042
AW,ABW,Aruba,2016,2983637430.1676,27441.5502144601,108727.0,-0.93119598707956,1.23433537363427
AW,ABW,Aruba,2017,3092427932.96089,28440.0416881491,108735.0,-1.02828178762012,3.49342985290626
AW,ABW,Aruba,2018,3276187709.49721,30082.1584226798,108908.0,3.6260414135296,3.21247111920076
AW,ABW,Aruba,2019,3347561738.94591,30654.4851235397,109203.0,4.25746204335427,1.22914408896015
AW,ABW,Aruba,2020,2461056053.22795,22664.3709949437,108587.0,,-23.9400592677491
AW,ABW,Aruba,2021,2889305033.55975,26827.3447869986,107700.0,,14.833691976226
AW,ABW,Aruba,2022,3326671314.7742,31000.5713798732,107310.0,,10.6079607621246
AW,ABW,Aruba,2023,3746573413.07565,34897.6183932009,107359.0,,9.51636022347185
AW,ABW,Aruba,2024,4167588070.29217,38590.5650288641,107995.0,,6.81077669324554
AW,ABW,Aruba,2025,,,108785.0,,
AF,AFG,Afghanistan,2015,19134221644.7325,565.569730408751,33831764.0,-0.661709164713742,1.45131466066431
AF,AFG,Afghanistan,2016,18116572395.0772,522.082215583898,34700612.0,4.38389195513915,2.26031420279821
AF,AFG,Afghanistan,2017,18753456497.8159,525.469770891619,35688935.0,4.97595150553833,2.6470032027451
AF,AFG,Afghanistan,2018,18053222687.4126,491.337221382603,36743039.0,0.626149149168847,1.18922812944517
AF,AFG,Afghanistan,2019,18799444490.1128,496.6025042585,37856121.0,2.30237251516834,3.91160341625552
AF,AFG,Afghanistan,2020,19955929052.1496,510.787063366811,39068979.0,5.60188791482224,-2.35110067203466
AF,AFG,Afghanistan,2021,14259995441.0759,356.496214115892,40000412.0,5.13320340824963,-20.7388393676343
AF,AFG,Afghanistan,2022,14497243872.1337,357.261152798144,40578842.0,13.7121023720065,-6.24017199240269
AF,AFG,Afghanistan,2023,17152234636.8715,413.757894705303,41454761.0,-4.64470870797775,2.26694373649188
AF,AFG,Afghanistan,2024,17778508875.7396,416.871146273728,42647492.0,-6.60118564073726,1.87319280045979
AF,AFG,Afghanistan,2025,,,43844111.0,,
AO,AGO,Angola,2015,102543067840.819,3641.72893920253,28157798.0,9.35597215533784,0.763177710914789
AO,AGO,Angola,2016,60770049747.3832,2082.37343594705,29183070.0,30.6944150806719,-0.233076954805284
AO,AGO,Angola,2017,85629598654.1906,2832.14997950512,30234839.0,29.8444799015679,-0.164688656961076
AO,AGO,Angola,2018,90506061877.2765,2891.83032378747,31297155.0,19.6289379701521,-0.506697543616156
AO,AGO,Angola,2019,81193813808.0382,2507.86807213642,32375632.0,17.080954143438,-1.05523414494337
AO,AGO,Angola,2020,58512033805.8981,1749.1794838482,33451132.0,22.271539247051,-5.27349128300007
AO,AGO,Angola,2021,78283923543.8237,2266.96834861584,34532429.0,25.7542948841891,1.09058369944815
AO,AGO,Angola,2022,128233959333.275,3598.53669077341,35635029.0,21.3552901320822,3.55749206675667
AO,AGO,Angola,2023,106042349567.303,2885.51349130806,36749906.0,13.6441017767715,1.32016587081031
AO,AGO,Angola,2024,103080538044.058,2720.81900669715,37885849.0,28.2404948915772,4.95267860425956
AO,AGO,Angola,2025,122174889423.635,3129.47662331063,39040039.0,20.1620197572331,3.13353542450008
AL,ALB,Albania,2015,11470171826.9575,4199.53912925398,2731293.0,1.89617402592356,2.2277040745779
AL,ALB,Albania,2016,11988668784.6628,4457.63412207495,2689469.0,1.27543168367423,3.90893551362245
AL,ALB,Albania,2017,13258268435.6048,5006.36012951959,2648285.0,1.98666133171194,3.28317593330073
AL,ALB,Albania,2018,15379508329.7568,5897.65452588774,2607733.0,2.02805963071135,3.67141928098908
AL,ALB,Albania,2019,15585111614.0376,6069.43903131027,2567801.0,1.41109078954242,2.06257790176122
AL,ALB,Albania,2020,15241458744.5927,6027.91350716348,2528480.0,1.62088661717021,-3.31375636888916
AL,ALB,Albania,2021,18031989573.0294,7242.45513146613,2489762.0,2.04147163139545,8.96957619074095
AL,ALB,Albania,2022,19017247013.8821,7756.96188744253,2451636.0,6.72520271530059,4.8268006234359
AL,ALB,Albania,2023,23491242727.4082,9740.7023414631,2411658.0,4.75834555150038,4.01541716935742
AL,ALB,Albania,2024,27037474263.2977,11374.0085781236,2377128.0,2.21587375089992,4.04592845095348
AL,ALB,Albania,2025,30540188271.3421,12998.147869552,2349580.0,2.14618551167388,3.78893836241024
AD,AND,Andorra,2015,2789881258.60547,38654.9347217207,72174.0,,1.43414039522716
AD,AND,Andorra,2016,2896610479.86771,40129.8192026671,72181.0,,3.70967806978986
AD,AND,Andorra,2017,3000162081.22353,40672.9943362327,73763.0,,0.346071889630295
AD,AND,Andorra,2018,3218419896.93333,42819.774579353,75162.0,,1.58876549046354
AD,AND,Andorra,2019,3155149347.92156,41257.8045861543,76474.0,,2.01554763848308
AD,AND,Andorra,2020,2891001149.40079,37361.090067211,77380.0,,-11.1839399355384
AD,AND,Andorra,2021,3324647529.41855,42425.6996761083,78364.0,,8.28677879049404
AD,AND,Andorra,2022,3380612573.4825,42414.0590111349,79705.0,,9.56461225648184
AD,AND,Andorra,2023,3785067331.88242,46812.448450114,80856.0,,2.58355480961319
AD,AND,Andorra,2024,4044249678.65625,49357.437070178,81938.0,,3.8491605039052
AD,AND,Andorra,2025,4500982731.80784,54291.5026031052,82904.0,,3.86803450687808
AE,ARE,United Arab Emirates,2015,381973135513.065,44910.3458860776,8505237.0,4.06996608361593,7.08766622657654
AE,ARE,United Arab Emirates,2016,381717208620.964,42721.1136110991,8935095.0,1.61748808904198,5.65790147196586
AE,ARE,United Arab Emirates,2017,403365056078.846,43733.6242018215,9223225.0,1.96682557818842,-1.06137114472548
AE,ARE,United Arab Emirates,2018,440560003161.236,47135.3478795605,9346701.0,3.06863379251997,1.53720634021511
AE,ARE,United Arab Emirates,2019,433926218686.108,45938.6084572227,9445785.0,-1.93108114782173,1.27129120536284
AE,ARE,United Arab Emirates,2020,357161776271.328,37991.738387966,9401038.0,-2.07940317940944,-8.69343363776639
AE,ARE,United Arab Emirates,2021,422441282436.237,44118.4936214315,9575152.0,0.179935336174431,4.55280140106356
AE,ARE,United Arab Emirates,2022,511403404642.173,50759.7590190204,10074977.0,5.29122604376849,7.51452414254605
AE,ARE,United Arab Emirates,2023,522622268401.125,49850.6945082084,10483751.0,1.62670837213248,4.30113648499413
AE,ARE,United Arab Emirates,2024,552324919095.872,50273.5126243239,10986400.0,1.66336510224894,3.99181200361831
AE,ARE,United Arab Emirates,2025,,,11513149.0,1.250865245598,
AR,ARG,Argentina,2015,594749285413.212,13679.6264980954,43477012.0,,2.73115982828944
AR,ARG,Argentina,2016,557532320662.955,12699.9623137756,43900313.0,,-2.08032784377811
AR,ARG,Argentina,2017,643628393281.364,14532.5009308511,44288894.0,,2.81850297775918
AR,ARG,Argentina,2018,524819892360.176,11752.7998922979,44654882.0,34.2772237131003,-2.61739646282038
AR,ARG,Argentina,2019,447754683615.225,9955.97478680428,44973465.0,53.5483043492339,-2.00086100285785
AR,ARG,Argentina,2020,385740508436.965,8535.59938004389,45191965.0,42.0150947376509,-9.9004848136464
AR,ARG,Argentina,2021,486564085480.036,10738.0179223384,45312281.0,48.4093786255199,10.4418119882506
AR,ARG,Argentina,2022,633993756301.08,13962.1894087223,45407904.0,72.430757531824,6.02074537534855
AR,ARG,Argentina,2023,649461687959.174,14261.8465667948,45538401.0,133.488935594175,-1.85578803046339
AR,ARG,Argentina,2024,638365455340.04,13969.7836603737,45696159.0,219.883929014578,-1.34293072157739
AR,ARG,Argentina,2025,683097891618.597,14898.0885943842,45851378.0,,4.36733330217022
AM,ARM,Armenia,2015,10553337518.414,3512.39350276709,3004600.0,3.73169119261693,3.19999999896625
AM,ARM,Armenia,2016,10546136235.5219,3524.42476874707,2992300.0,-1.403607559009,0.199999999825991
AM,ARM,Armenia,2017,11527458709.0158,3869.05373867752,2979400.0,0.969553268816138,7.50000000164144
AM,ARM,Armenia,2018,12457940694.7395,4196.00562301769,2969000.0,2.52023382001638,5.19999999965324
AM,ARM,Armenia,2019,13619290539.2116,4597.22887399548,2962500.0,1.44344660770698,7.59999999853918
AM,ARM,Armenia,2020,12641698583.2152,4268.68093304583,2961500.0,1.21143577838465,-7.19999999920631
AM,ARM,Armenia,2021,13878908628.9378,4685.17997128509,2962300.0,7.18483629443371,5.80000000065645
AM,ARM,Armenia,2022,19513506553.1251,6571.97445545099,2969200.0,8.64091108973855,12.5999999997766
AM,ARM,Armenia,2023,24185982215.6543,8159.08720967996,2964300.0,1.98041877615554,8.29999999959539
AM,ARM,Armenia,2024,25955275380.0321,8556.21406956719,3033500.0,0.269511978259125,5.90000000046228
AM,ARM,Armenia,2025,29243452882.3545,9474.01849300368,3086700.0,3.30693341072904,7.2
AS,ASM,American Samoa,2015,673000000.0,12727.4102651386,52878.0,,3.14960629921259
AS,ASM,American Samoa,2016,671000000.0,12843.3342903627,52245.0,,-1.67938931297709
AS,ASM,American Samoa,2017,612000000.0,11863.6839452565,51586.0,,-6.98757763975155
AS,ASM,American Samoa,2018,639000000.0,12552.0546868861,50908.0,,2.6711185308848
AS,ASM,American Samoa,2019,647000000.0,12886.1359517218,50209.0,,-0.487804878048777
AS,ASM,American Samoa,2020,721000000.0,14489.2586563775,49761.0,,4.41176470588236
AS,ASM,American Samoa,2021,750000000.0,15236.1604875571,49225.0,,-0.782472613458523
AS,ASM,American Samoa,2022,871000000.0,18017.4589383973,48342.0,,1.73501577287065
AS,ASM,American Samoa,2023,,,47521.0,,
AS,ASM,American Samoa,2024,,,46765.0,,
AS,ASM,American Samoa,2025,,,46029.0,,
AG,ATG,Antigua and Barbuda,2015,1437485185.18519,16077.6340769406,89409.0,0.968993458825638,1.42161997595372
AG,ATG,Antigua and Barbuda,2016,1489603703.7037,16556.8551801588,89969.0,-0.489437796230499,4.1203675438061
AG,ATG,Antigua and Barbuda,2017,1534855555.55556,16965.7288273816,90468.0,2.43248789041363,2.71272657973627
AG,ATG,Antigua and Barbuda,2018,1661529629.62963,18273.4270684912,90926.0,1.20715793367008,6.71200487159726
AG,ATG,Antigua and Barbuda,2019,1726448148.14815,18896.3721832248,91364.0,1.43135598182984,3.1722219373937
AG,ATG,Antigua and Barbuda,2020,1411637037.03704,15369.6082250401,91846.0,0.625989707046719,-18.8687765208148
AG,ATG,Antigua and Barbuda,2021,1602125925.92593,17348.6006987182,92349.0,2.06299638545334,8.17286311186622
AG,ATG,Antigua and Barbuda,2022,1857114814.81481,20003.3909394099,92840.0,7.53107834634288,8.49776342254205
AG,ATG,Antigua and Barbuda,2023,2054096296.2963,22012.2625947994,93316.0,5.06713865364213,3.86550160079324
AG,ATG,Antigua and Barbuda,2024,2162366666.66667,23059.8330702839,93772.0,6.19886698842116,2.54044193946544
AG,ATG,Antigua and Barbuda,2025,2338196296.2963,24819.2454680158,94209.0,1.36873527521954,4.99803998431987
AU,AUS,Australia,2015,1356805839935.9,56970.3613028094,23815995.0,1.50836803138463,2.16434780647852
AU,AUS,Australia,2016,1211588128417.61,50084.4440606385,24190907.0,1.27699365720306,2.75564065529868
AU,AUS,Australia,2017,1330890554614.09,54117.547718609,24592588.0,1.94864309065653,2.29331030192918
AU,AUS,Australia,2018,1433144978761.67,57410.1737346009,24963258.0,1.91140002818579,2.87417039499501
AU,AUS,Australia,2019,1398349602956.35,55194.7585097428,25334826.0,1.610770929127,2.19401703622717
AU,AUS,Australia,2020,1333336461648.09,51983.4523666382,25649248.0,0.846900734607273,-0.133531904304775
AU,AUS,Australia,2021,1560617493202.69,60758.9044397144,25685412.0,2.86391284709318,2.00694844335034
AU,AUS,Australia,2022,1695627535475.8,65169.5191118657,26018721.0,6.59409658717841,4.25304559238732
AU,AUS,Australia,2023,1734451264655.6,65058.3773146674,26659922.0,5.59701792296707,3.58382100798981
AU,AUS,Australia,2024,1757022451652.83,64609.9865116088,27194286.0,3.16656665428797,1.37340773365975
AU,AUS,Australia,2025,1798518933689.21,65129.7227990563,27614411.0,2.87403791660173,1.35039785076631
AT,AUT,Austria,2015,379546097300.633,43915.228020857,8642699.0,0.89656333526032,1.30352331826198
AT,AUT,Austria,2016,393687359770.273,45061.4993920192,8736668.0,0.891591752655362,2.11721964494312
AT,AUT,Austria,2017,414926138132.691,47163.7425775142,8797566.0,2.08126911385587,2.27224992038207
AT,AUT,Austria,2018,452582294972.775,51194.0749841299,8840521.0,1.99837981429549,2.48422114080024
AT,AUT,Austria,2019,442983642371.842,49885.9947355204,8879920.0,1.53089564152644,1.75497619649288
AT,AUT,Austria,2020,434397601557.696,48716.4098900349,8916864.0,1.38191063351854,-6.31825509209936
AT,AUT,Austria,2021,480466363176.806,53648.6437976214,8955797.0,2.7666666666667,4.92309171717903
AT,AUT,Austria,2022,473221298968.216,52336.7725223758,9041851.0,8.54686993188458,5.33096379400371
AT,AUT,Austria,2023,516670509628.876,56579.504175468,9131761.0,7.81413417002831,-0.786244288594673
AT,AUT,Austria,2024,534790720466.822,58268.8787651601,9177982.0,2.93791574279376,-0.659089573171372
AT,AUT,Austria,2025,579470021095.418,62930.0351324599,9208163.0,3.52719439956928,0.615747280959056
AZ,AZE,Azerbaijan,2015,53076235354.746,5500.50364628486,9649341.0,4.02768573742726,1.04954641215085
AZ,AZE,Azerbaijan,2016,37866996882.9157,3880.6852276838,9757812.0,12.4433748584372,-3.06359842251706
AZ,AZE,Azerbaijan,2017,40866627351.9817,4147.1981423222,9854033.0,12.9359184187335,0.153614661745507
AZ,AZE,Azerbaijan,2018,47112470051.7701,4739.7943123408,9939771.0,2.26854690373999,1.50040167167313
AZ,AZE,Azerbaijan,2019,48174235294.1176,4805.75371765917,10024283.0,2.61057182799215,2.47980879185565
AZ,AZE,Azerbaijan,2020,42693000000.0,4229.91064904503,10093121.0,2.75980947008127,-4.19896065333343
AZ,AZE,Azerbaijan,2021,54825411764.7059,5408.04535175023,10137750.0,6.65029912708779,5.61644027150554
AZ,AZE,Azerbaijan,2022,78807470588.2353,7770.594223351,10141756.0,13.8522590144267,4.71468033247649
AZ,AZE,Azerbaijan,2023,72428470588.2353,7133.02838048328,10153958.0,8.78543049849081,1.35447749115767
AZ,AZE,Azerbaijan,2024,74426000000.0,7294.64276088105,10202830.0,2.21217188919901,4.15806800428062
AZ,AZE,Azerbaijan,2025,75937647058.8235,7410.72281660142,10246996.0,5.62208788068338,1.44985591122698
BI,BDI,Burundi,2015,2810532912.49975,254.402585226788,11047580.0,5.54468891259779,-0.404525595204191
BI,BDI,Burundi,2016,2618093125.14687,232.937812100153,11239451.0,5.55768961400965,3.20017470408993
BI,BDI,Burundi,2017,2831362208.34039,246.060725714184,11506762.0,16.0525353030392,3.83185757061784
BI,BDI,Burundi,2018,2913411408.44783,245.661678332009,11859446.0,-2.81469807668465,5.34224473186408
BI,BDI,Burundi,2019,2871555326.31029,234.31061590725,12255336.0,-0.686772170797359,4.45934202358784
BI,BDI,Burundi,2020,3188355943.63513,252.702452750006,12617036.0,7.32110643415521,0.306443811651718
BI,BDI,Burundi,2021,3425127990.70519,264.172844085398,12965481.0,8.40453845076341,3.23707479372925
BI,BDI,Burundi,2022,4020736756.64256,301.832255755105,13321097.0,18.8008786664945,2.31770122350822
BI,BDI,Burundi,2023,3419558408.35408,249.795164039029,13689450.0,26.9414835762453,3.25476897326196
BI,BDI,Burundi,2024,3037579858.38142,216.231928531758,14047786.0,20.2124925027847,4.11227376394912
BI,BDI,Burundi,2025,3364713864.08488,233.823013385395,14390003.0,34.1339985744832,4.24010529884178
BE,BEL,Belgium,2015,461044767544.531,40893.804537772,11274196.0,0.561429152790158,1.47416433731927
BE,BEL,Belgium,2016,474271566739.729,41854.5498296444,11331422.0,1.97385264653163,1.19350273007754
BE,BEL,Belgium,2017,500908767351.53,44035.3239358548,11375158.0,2.12597086002616,1.47446761556785
BE,BEL,Belgium,2018,542638913427.921,47487.2100392561,11427054.0,2.05316499865178,1.87796847383565
BE,BEL,Belgium,2019,536726344405.489,46716.6227467964,11488980.0,1.43681956996438,2.4428900448156
BE,BEL,Belgium,2020,529694473501.791,45906.2875805246,11538604.0,0.740791812220344,-4.7929839083518
BE,BEL,Belgium,2021,598522422241.851,51658.238294958,11586195.0,2.44024851144084,6.25445686466593
BE,BEL,Belgium,2022,591474463578.602,50639.0264882739,11680210.0,9.597511728725,4.02460852835887
BE,BEL,Belgium,2023,650779364363.737,55244.68145811,11779946.0,4.04901077613941,1.56125539542029
BE,BEL,Belgium,2024,670983130618.828,56581.9375642531,11858610.0,3.14349136500041,1.09775383828703
BE,BEL,Belgium,2025,725466462859.646,60750.2735864647,11941781.0,2.46705543774613,0.983117967125935
BJ,BEN,Benin,2015,11388160996.7738,1002.41886879614,11360681.0,0.218785923536245,1.77815106030278
BJ,BEN,Benin,2016,11821065853.3838,1010.5338961993,11697842.0,-0.793310145785624,3.33967342629693
BJ,BEN,Benin,2017,12701655836.9467,1054.97408066814,12039780.0,0.0432648555103608,5.67156195150444
BJ,BEN,Benin,2018,14262408089.9261,1151.7409703472,12383347.0,0.919170717886054,6.69725362180888
BJ,BEN,Benin,2019,14391686313.4641,1130.82135339795,12726755.0,0.732849371241066,6.86568662848335
BJ,BEN,Benin,2020,15686741883.934,1200.19426557789,13070169.0,3.02272119663759,3.84879240030133
BJ,BEN,Benin,2021,17687623530.3355,1318.65158075198,13413417.0,1.73353962694036,7.1554516457574
BJ,BEN,Benin,2022,17425405090.862,1266.42711031904,13759501.0,1.35077863583527,6.25294705373625
BJ,BEN,Benin,2023,19673291004.1444,1394.17784721831,14111034.0,2.73870078406075,6.3527773854442
BJ,BEN,Benin,2024,21482643706.4249,1485.38018885134,14462724.0,1.16093089640415,7.45311566226201
BJ,BEN,Benin,2025,24566420903.5337,1658.27312662991,14814460.0,1.10155247902978,8.07408453688336
BF,BFA,Burkina Faso,2015,11832159315.6298,630.124750752312,18777487.0,0.724838981070517,3.9212287937935
BF,BFA,Burkina Faso,2016,12833363045.3367,663.742364842886,19334856.0,0.441041448058809,5.95797670754024
BF,BFA,Burkina Faso,2017,14106955615.3442,709.091535894695,19894407.0,1.48299897161326,6.20348941121868
BF,BFA,Burkina Faso,2018,15890066221.2882,777.465618514048,20438288.0,1.95594302672532,6.60456906812341
BF,BFA,Burkina Faso,2019,16032813503.3707,764.853077774946,20961952.0,-3.23338933983322,5.88920497068135
BF,BFA,Burkina Faso,2020,17725010532.5268,825.237038782475,21478690.0,1.88470066518847,2.01077262406221
BF,BFA,Burkina Faso,2021,19697516284.3787,895.535288442991,21995243.0,3.65326761825509,6.94252492572348
BF,BFA,Burkina Faso,2022,18622421394.6133,827.330843486661,22509038.0,14.2902354303358,1.62673258211919
BF,BFA,Burkina Faso,2023,20106062971.6533,873.198061670247,23025776.0,0.742910428668918,3.00027415814125
BF,BFA,Burkina Faso,2024,23136514855.7646,982.493100418428,23548781.0,4.19081721344523,4.83395810163883
BF,BFA,Burkina Faso,2025,27627297461.3181,1147.57131635601,24074580.0,-0.586235316330579,5.29461839319283
BD,BGD,Bangladesh,2015,195146608978.131,1224.38647668165,159383179.0,6.19428022984984,6.55263987816197
BD,BGD,Bangladesh,2016,265224515675.034,1649.28380858601,160811932.0,5.51352572692995,7.11347821270093
BD,BGD,Bangladesh,2017,293732446624.596,1811.08221668646,162186147.0,5.70207015717239,6.59024999794057
BD,BGD,Bangladesh,2018,321362752441.78,1965.24372731467,163523103.0,5.54362139486476,7.31941263014136
BD,BGD,Bangladesh,2019,351231654603.692,2129.79896954606,164913055.0,5.59199639930629,7.88191515117722
BD,BGD,Bangladesh,2020,373979442362.193,2248.85078828233,166298024.0,5.69107474746211,3.44801755122445
BD,BGD,Bangladesh,2021,416271647911.014,2482.84917843357,167658854.0,5.54565430773473,6.93867912442445
BD,BGD,Bangladesh,2022,460131689083.083,2716.48592780431,169384897.0,7.69695437176898,7.09982877575158
BD,BGD,Bangladesh,2023,437415333018.291,2551.01773827307,171466990.0,9.8835030377921,5.77511237007889
BD,BGD,Bangladesh,2024,450119432068.852,2593.41611680774,173562364.0,10.4657482763412,4.22325911250161
BD,BGD,Bangladesh,2025,456319229255.578,2597.34352335275,175686899.0,8.7687628116114,3.48990671836833
BG,BGR,Bulgaria,2015,50768512172.9373,7269.02586513711,6984225.0,-0.104633261008479,3.39755351999294
BG,BGR,Bulgaria,2016,53932152153.5457,7822.89886431732,6894139.0,-0.798649886453617,3.02662820096305
BG,BGR,Bulgaria,2017,59170671046.4798,8697.13373333715,6803468.0,2.06159619443141,2.74592737750996
BG,BGR,Bulgaria,2018,66100606676.6544,9849.88769989118,6710798.0,2.81454473824838,2.33015054210419
BG,BGR,Bulgaria,2019,68511235459.4907,10354.2500414088,6616726.0,3.10372944796771,3.79331964589196
BG,BGR,Bulgaria,2020,70490478088.1395,10760.7616180234,6550696.0,1.67244096855756,-3.13323543125917
BG,BGR,Bulgaria,2021,84378926047.3002,12966.8085197381,6507301.0,3.29774435299506,7.82817310703665
BG,BGR,Bulgaria,2022,90510784777.6397,13999.9113358453,6465097.0,15.3252589264367,4.08386398118941
BG,BGR,Bulgaria,2023,102204457334.822,15854.0192893772,6446596.0,9.44284140088564,1.68151075832925
BG,BGR,Bulgaria,2024,113349149166.793,17596.9167621233,6441421.0,2.44651943006079,3.38708962009333
BG,BGR,Bulgaria,2025,130777235529.606,20328.1667065538,6433302.0,4.58084355235697,3.0963663917961
BH,BHR,Bahrain,2015,32523297872.3404,23734.0551143019,1370322.0,1.84862742374977,2.50787205267615
BH,BHR,Bahrain,2016,33884680851.0638,23800.001440631,1423726.0,2.78679347602044,3.81499327422425
BH,BHR,Bahrain,2017,37204813829.7872,24784.7693514607,1501116.0,1.38671830576406,4.95383534123657
BH,BHR,Bahrain,2018,39567978723.4043,26324.4066549559,1503091.0,2.08766938046978,2.05258864979861
BH,BHR,Bahrain,2019,40446808510.6383,27259.7438599327,1483756.0,1.00582004702137,2.05287774418655
BH,BHR,Bahrain,2020,35837632978.7234,24342.8444554718,1472204.0,-2.31770629331379,-5.9113629524152
BH,BHR,Bahrain,2021,40840212765.9574,27147.8083882286,1504365.0,-0.60631938514085,4.35004091668986
BH,BHR,Bahrain,2022,46458191489.3617,30470.5219276023,1524693.0,3.62574104304482,6.18016125475185
BH,BHR,Bahrain,2023,46192260638.2979,29290.1284215098,1577059.0,0.0746206782192256,3.87811614845566
BH,BHR,Bahrain,2024,47210732712.766,29717.1424605273,1588670.0,0.919635459817651,2.89710543153512
BH,BHR,Bahrain,2025,48965725531.9149,30596.5794898885,1600366.0,-0.137708855447902,3.48137573668635
BS,BHS,"Bahamas, The",2015,11837600000.0,30719.405417469,385346.0,1.86148302863371,0.997411675486745
BS,BHS,"Bahamas, The",2016,11880900000.0,30616.5363157284,388055.0,-0.346376929989397,-1.15650811269629
BS,BHS,"Bahamas, The",2017,12446900000.0,31875.4881749619,390485.0,1.51820700736147,3.3713988456489
BS,BHS,"Bahamas, The",2018,12819200000.0,32642.3353203452,392717.0,2.26586346678736,2.39795510823548
BS,BHS,"Bahamas, The",2019,13277000000.0,33640.3369861278,394675.0,2.49123527368046,-0.838585871193203
BS,BHS,"Bahamas, The",2020,10363200000.0,26178.7537607708,395863.0,0.0385210980054558,-20.0893664891399
BS,BHS,"Bahamas, The",2021,12037000000.0,30367.8605757708,396373.0,2.90491262928478,17.5861390037409
BS,BHS,"Bahamas, The",2022,13896800000.0,34957.1613279737,397538.0,5.60540633583044,10.8779009410268
BS,BHS,"Bahamas, The",2023,15271300000.0,38231.774484278,399440.0,3.05291578969743,3.04824180553773
BS,BHS,"Bahamas, The",2024,15832800000.0,39455.4466548546,401283.0,0.409162489083286,3.37866553336166
BS,BHS,"Bahamas, The",2025,,,403033.0,,
BA,BIH,Bosnia and Herzegovina,2015,16404348361.0926,4662.25869219448,3518541.0,-1.03602303425474,4.28413016137854
BA,BIH,Bosnia and Herzegovina,2016,17116926553.8513,4928.5665903114,3473003.0,-1.58400833333336,3.24225822231566
BA,BIH,Bosnia and Herzegovina,2017,18326373135.6099,5345.01978766473,3428682.0,0.810039425333895,3.24409895306594
BA,BIH,Bosnia and Herzegovina,2018,20484058033.1144,6047.84707207392,3387000.0,1.41710814018034,3.82900399349064
BA,BIH,Bosnia and Herzegovina,2019,20482608984.3316,6122.37541352353,3345533.0,0.56278215406123,2.88585242083978
BA,BIH,Bosnia and Herzegovina,2020,20226038369.9191,6130.31187968266,3299349.0,-1.0512960076349,-3.01509335460439
BA,BIH,Bosnia and Herzegovina,2021,23672712121.2671,7295.34378682258,3244907.0,1.98163900587622,7.39164256472846
BA,BIH,Bosnia and Herzegovina,2022,24534663636.1778,7655.59421024383,3204802.0,14.0208440826771,4.22681333390325
BA,BIH,Bosnia and Herzegovina,2023,27592361498.4057,8663.02326458629,3185073.0,6.1059011284828,1.99439414850893
BA,BIH,Bosnia and Herzegovina,2024,29737363103.0492,9397.90942855997,3164253.0,,3.22679979810856
BA,BIH,Bosnia and Herzegovina,2025,32599982936.3931,10381.8460703874,3140095.0,,2.12861913138053
BY,BLR,Belarus,2015,56454769844.7632,5967.05595058777,9461076.0,13.5344897649734,-3.82957056812593
BY,BLR,Belarus,2016,47723545321.259,5039.77560949445,9469379.0,11.8365807653497,-2.5264464460425
BY,BLR,Belarus,2017,54725405751.1559,5785.54491935194,9458989.0,6.03183725177795,2.53218349471909
BY,BLR,Belarus,2018,60031026576.26,6360.037502312,9438785.0,4.87230220550686,3.14919758275296
BY,BLR,Belarus,2019,64410170653.4569,6837.77339645635,9419758.0,5.59815595039848,1.44645548204305
BY,BLR,Belarus,2020,61371673344.7424,6542.85579976768,9379952.0,5.54814357456519,-0.672742918585868
BY,BLR,Belarus,2021,69673747131.87,7489.71894713888,9302585.0,9.46028389623099,2.43886210234947
BY,BLR,Belarus,2022,73775179924.603,7994.64806074889,9228071.0,15.209675274081,-4.65839591328999
BY,BLR,Belarus,2023,72478760370.4258,7896.75388295584,9178298.0,5.0005990309131,4.12654007153881
BY,BLR,Belarus,2024,78591839299.7087,8605.60954569694,9132629.0,5.78531910428005,4.34999638140579
BY,BLR,Belarus,2025,93397215864.198,10279.2547190723,9085991.0,6.59877945951182,1.29999999999998
BZ,BLZ,Belize,2015,2193095150.0,6154.62264230369,356333.0,-0.861584009427748,2.7602602736023
BZ,BLZ,Belize,2016,2239604950.0,6140.86713919469,364705.0,0.663427167917601,-0.0187414958130319
BZ,BLZ,Belize,2017,2266028250.0,6071.85451846453,373202.0,1.14765339305816,-1.83323729057784
BZ,BLZ,Belize,2018,2285915050.0,6011.99036888587,380226.0,0.269982622646335,0.822068592512508
BZ,BLZ,Belize,2019,2381187850.0,6171.61449761423,385829.0,0.187069385181424,4.25658710030072
BZ,BLZ,Belize,2020,2047284600.0,5238.54078175696,390812.0,0.121434644614894,-13.5228997055506
BZ,BLZ,Belize,2021,2428606250.0,6142.98930557031,395346.0,3.23563659237071,17.9899244143607
BZ,BLZ,Belize,2022,2846604350.0,7068.21728043145,402733.0,6.27689319447544,9.25051329530994
BZ,BLZ,Belize,2023,3052362650.0,7424.75821321022,411106.0,4.38984017487675,0.500127941638667
BZ,BLZ,Belize,2024,3203631800.0,7681.24400583113,417072.0,3.28955985952768,3.50466435023895
BZ,BLZ,Belize,2025,3326500000.0,7865.47937690933,422924.0,1.06281547952896,2.74831731763744
BM,BMU,Bermuda,2015,6654541000.0,104855.366822135,63464.0,,0.775529699568978
BM,BMU,Bermuda,2016,6899911000.0,108747.356144305,63449.0,,-0.657206304259205
BM,BMU,Bermuda,2017,7142316000.0,112339.425587467,63578.0,,3.61141983706115
BM,BMU,Bermuda,2018,7225977000.0,113204.82210838,63831.0,,-0.432801300339307
BM,BMU,Bermuda,2019,7423465000.0,115798.040775578,64107.0,,0.307106461240664
BM,BMU,Bermuda,2020,6887364000.0,106976.546239632,64382.0,,-6.97162571479863
BM,BMU,Bermuda,2021,7290037000.0,112765.08167306,64648.0,,4.76497899668355
BM,BMU,Bermuda,2022,7767884000.0,119969.173269085,64749.0,,6.25695521240877
BM,BMU,Bermuda,2023,8602360000.0,132961.760796315,64698.0,,4.33447280353832
BM,BMU,Bermuda,2024,9194499000.0,142250.433195123,64636.0,,1.88822861970388
BM,BMU,Bermuda,2025,,,64555.0,,
BO,BOL,Bolivia,2015,33000198248.9146,2996.01289811344,11014705.0,4.05961041135645,4.85718718508603
BO,BOL,Bolivia,2016,33941126193.9219,3035.87347732132,11180020.0,3.62321431764138,4.26392086992173
BO,BOL,Bolivia,2017,45927439594.7902,4048.40119739839,11344587.0,2.8227580554717,4.19520633364647
BO,BOL,Bolivia,2018,48414038842.2576,4206.8552936661,11508368.0,2.27205987230155,2.86808404814794
BO,BOL,Bolivia,2019,49056643589.0014,4203.15492855788,11671386.0,1.83954504969026,1.50672102666863
BO,BOL,Bolivia,2020,42313784081.042,3580.96761778303,11816299.0,0.940742153381849,-12.7194690092717
BO,BOL,Bolivia,2021,47877892402.3155,4010.76053686204,11937360.0,0.737383721452275,10.0290488827886
BO,BOL,Bolivia,2022,50959081953.6903,4219.46113742445,12077154.0,1.74632872945969,3.74741781241461
BO,BOL,Bolivia,2023,52340206946.4544,4274.70820547613,12244159.0,2.57688800489192,2.51636590154891
BO,BOL,Bolivia,2024,54881327452.9667,4421.16609889999,12413315.0,5.09976568317427,-1.12335595517212
BO,BOL,Bolivia,2025,64768947525.3256,5147.81081955367,12581843.0,19.517120804733,-1.58237567348246
BR,BRA,Brazil,2015,1802212206814.5,8936.19661712113,201675532.0,9.02990102416136,-3.54576339269425
BR,BRA,Brazil,2016,1795693482853.01,8836.28652735657,203218114.0,8.73914352329393,-3.27591690782192
BR,BRA,Brazil,2017,2063514977365.65,10080.5092819305,204703445.0,3.44637335032669,1.32286905404399
BR,BRA,Brazil,2018,1916933898010.99,9300.66164923219,206107261.0,3.66485028376729,1.783666761634
BR,BRA,Brazil,2019,1873288205059.69,9029.83326681073,207455459.0,3.73297621216894,1.22077782360842
BR,BRA,Brazil,2020,1476107231310.49,7074.19378337644,208660842.0,3.21176803803376,-3.2767587964736
BR,BRA,Brazil,2021,1670647398904.9,7972.5366498646,209550294.0,8.30165975585673,4.76260437908608
BR,BRA,Brazil,2022,1951923942083.32,9281.33334441234,210306415.0,9.28010608956873,3.01669435393015
BR,BRA,Brazil,2023,2191131765684.63,10377.5892792557,211140729.0,4.59356282283204,3.24165532906981
BR,BRA,Brazil,2024,2185821610689.31,10310.5486973693,211998573.0,4.36746407652337,3.41931516501906
BR,BRA,Brazil,2025,2279920092492.13,10713.2856869511,212812405.0,5.01675279604836,2.2857464902475
BB,BRB,Barbados,2015,5699619150.0,20429.4747123553,278990.0,-1.11278992510958,-0.772620078410995
BB,BRB,Barbados,2016,5679029450.0,20311.4094163764,279598.0,1.28192813061895,1.41632446821541
BB,BRB,Barbados,2017,5847381600.0,20870.7596432179,280171.0,4.66018463955995,0.654655602860373
BB,BRB,Barbados,2018,6001101550.0,21378.2201267496,280711.0,3.1060057242059,-0.252085325827849
BB,BRB,Barbados,2019,6166710800.0,21929.435611489,281207.0,1.67662473276988,0.241099789148677
BB,BRB,Barbados,2020,5403246950.0,19180.9915228365,281698.0,,-17.4059314651747
BB,BRB,Barbados,2021,5948900600.0,21084.4013935998,282147.0,,8.0198770096479
BB,BRB,Barbados,2022,6886644900.0,24393.2193483944,282318.0,,15.9453206225473
BB,BRB,Barbados,2023,7223248150.0,25583.8722302505,282336.0,3.18718905472632,1.81419817804516
BB,BRB,Barbados,2024,7597571450.0,26897.2002039176,282467.0,1.4464366430616,3.3669492581395
BB,BRB,Barbados,2025,8016550000.0,28364.8181499736,282623.0,0.846576563196289,2.70000021764021
BN,BRN,Brunei Darussalam,2015,12930296870.1247,30625.1287744656,422212.0,-0.488347420743522,-0.392383749502031
BN,BRN,Brunei Darussalam,2016,11400266044.6651,26663.2972950602,427564.0,-0.278693265753083,-2.47791771833224
BN,BRN,Brunei Darussalam,2017,12128168045.1245,28024.3824580252,432772.0,-1.2605056462896,1.32872661057823
BN,BRN,Brunei Darussalam,2018,13566908391.0895,30988.1190267227,437810.0,1.02505179290212,0.0523710418528935
BN,BRN,Brunei Darussalam,2019,13469235364.7032,30426.5730656528,442680.0,-0.390522069165529,3.86884436177075
BN,BRN,Brunei Darussalam,2020,12005799653.9835,26834.3592233943,447404.0,1.94031996607184,1.1335733495246
BN,BRN,Brunei Darussalam,2021,14006496617.4458,31006.9636289785,451721.0,1.73341388450593,-1.59076260099606
BN,BRN,Brunei Darussalam,2022,16681536466.7183,36632.9280952155,455370.0,3.68225030604216,-1.62833154515108
BN,BRN,Brunei Darussalam,2023,15095084656.1634,32890.5491812019,458949.0,0.35706431153689,1.12764418162719
BN,BRN,Brunei Darussalam,2024,15340808592.48,33153.4738913513,462721.0,-0.388674165036461,4.05251709306727
BN,BRN,Brunei Darussalam,2025,15031980994.1121,32234.6428368582,466330.0,-0.302994414446762,0.66956214816436
BT,BTN,Bhutan,2015,2187815803.36833,2954.04081911097,740618.0,4.54814395082205,6.66080128866197
BT,BTN,Bhutan,2016,2357504760.78592,3152.30905106786,747866.0,3.21988689395718,8.47594339232963
BT,BTN,Bhutan,2017,2591358009.20276,3435.28804735662,754335.0,4.95508366985129,2.08684522733067
BT,BTN,Bhutan,2018,2583335721.85904,3400.20417245342,759759.0,2.72396386183713,3.50187185732737
BT,BTN,Bhutan,2019,2735683570.46155,3576.87987100503,764824.0,2.72643037388832,5.75514851246506
BT,BTN,Bhutan,2020,2457604333.90927,3191.66906999331,770006.0,5.62936522632508,-10.2183974208569
BT,BTN,Bhutan,2021,2768802960.11204,3570.61257980872,775442.0,7.3468144053353,4.42136738945015
BT,BTN,Bhutan,2022,2898227743.75576,3711.32767981591,780914.0,5.6391667139637,5.21386783786224
BT,BTN,Bhutan,2023,3012896789.79753,3831.32535564326,786385.0,4.22934419929251,4.63215702969933
BT,BTN,Bhutan,2024,3346603858.7495,4228.05102403654,791524.0,2.76131569624098,7.49856206754038
BT,BTN,Bhutan,2025,3579320145.13077,4492.78400306618,796682.0,3.55513663074987,8.00502716233098
BW,BWA,Botswana,2015,13530748844.505,6141.20394726616,2203273.0,3.06203169580558,-4.85132507409779
BW,BWA,Botswana,2016,15082637184.0496,6749.05994339013,2234776.0,2.81495791361944,7.20442475914267
BW,BWA,Botswana,2017,16105155856.7708,7104.96401088027,2266747.0,3.30828076768219,4.11437856445083
BW,BWA,Botswana,2018,17031943186.1353,7407.95940141786,2299141.0,3.23801558947715,4.18869237159223
BW,BWA,Botswana,2019,16725908148.5481,7172.08956480028,2332083.0,2.77286442863321,3.0317733945467
BW,BWA,Botswana,2020,14960251607.8135,6323.2974967659,2365894.0,1.8903591682421,-8.72888243996397
BW,BWA,Botswana,2021,18750182236.2211,7807.88794570471,2401441.0,7.24097765588442,11.9162724376008
BW,BWA,Botswana,2022,20321150599.1523,8328.7090572666,2439892.0,11.665567478802,5.48601706446772
BW,BWA,Botswana,2023,19413614554.6944,7827.30027960734,2480244.0,5.0676154934383,3.20806812224438
BW,BWA,Botswana,2024,19286251067.5078,7649.81663744354,2521139.0,2.81835131676251,-2.77988981666252
BW,BWA,Botswana,2025,19928479839.4476,7778.1151090571,2562122.0,2.6597506179431,-0.733898323852287
CF,CAF,Central African Republic,2015,1695825714.19282,366.322853938121,4629320.0,1.40297017136816,4.33712103020231
CF,CAF,Central African Republic,2016,1825018144.65595,387.176203444318,4713663.0,4.94543276106518,4.75031684122342
CF,CAF,Central African Republic,2017,2072349972.6818,432.324025684263,4793511.0,4.18072331871267,4.52727821346231
CF,CAF,Central African Republic,2018,2220979146.11241,455.243962859534,4878657.0,1.61215686991555,3.78944359275462
CF,CAF,Central African Republic,2019,2221301351.43918,449.228467602439,4944703.0,2.68537355266787,3.09999999999999
CF,CAF,Central African Republic,2020,2326720900.38047,462.879071294011,5026628.0,1.71015659523153,0.899999996857062
CF,CAF,Central African Republic,2021,2516498412.46384,492.263142830507,5112100.0,4.25936417542868,0.982919996264229
CF,CAF,Central African Republic,2022,2382618615.01694,467.359825026238,5098039.0,5.58316735183247,0.453901876447787
CF,CAF,Central African Republic,2023,2555492085.94725,495.978897288721,5152421.0,2.97913852618937,0.69996840076054
CF,CAF,Central African Republic,2024,2751494281.06887,516.160999996036,5330690.0,1.47733600718744,1.49999999847535
CF,CAF,Central African Republic,2025,3066109226.40165,556.131398031455,5513282.0,1.00198012768088,4.49950000393781
CA,CAN,Canada,2015,1556510380200.23,43594.2379080706,35704498.0,1.12524136094277,0.64997101491096
CA,CAN,Canada,2016,1527996250640.92,42314.1033623905,36110803.0,1.42875954701085,1.03855091989323
CA,CAN,Canada,2017,1649269496514.62,45129.7335281051,36545075.0,1.59688412852977,3.03383491841392
CA,CAN,Canada,2018,1725330736237.69,46539.2177903178,37072620.0,2.26822567248103,2.74296341402246
CA,CAN,Canada,2019,1743728952156.85,46352.9695208927,37618495.0,1.94926902411593,1.90843193887251
CA,CAN,Canada,2020,1655686966881.99,43537.8981198851,38028638.0,0.716999632307827,-5.03823342794087
CA,CAN,Canada,2021,2022377950896.78,52886.6407813788,38239864.0,3.39519318527528,5.95052804984759
CA,CAN,Canada,2022,2200562785046.32,56496.9275340663,38950132.0,6.80280115341613,4.69541985045903
CA,CAN,Canada,2023,2196593836347.42,54847.5370112652,40049088.0,3.87900159788426,1.95308552199025
CA,CAN,Canada,2024,2270076189683.46,55015.7066917734,41262329.0,2.38158383281173,2.04626605401701
CA,CAN,Canada,2025,2319899772425.92,55697.6639660837,41651653.0,2.07232411149103,1.74268536175708
CH,CHE,Switzerland,2015,706199008878.656,85265.06205193,8282396.0,-1.14390867228178,1.45450336491099
CH,CHE,Switzerland,2016,698607778794.566,83432.4111596314,8373338.0,-0.434618664285815,1.91159094214852
CH,CHE,Switzerland,2017,706660443624.485,83610.248611484,8451840.0,0.533787839825876,1.42034612231261
CH,CHE,Switzerland,2018,740766531453.991,87002.3382293532,8514329.0,0.936335464113572,3.32743256101493
CH,CHE,Switzerland,2019,736384764156.877,85872.9702303454,8575280.0,0.362886179940674,1.11532187197474
CH,CHE,Switzerland,2020,756096180222.082,87529.7016394892,8638167.0,-0.725874933313403,-2.2552579425106
CH,CHE,Switzerland,2021,840710023481.35,96582.8687080693,8704546.0,0.581814168489856,6.17622836050151
CH,CHE,Switzerland,2022,858479038993.75,97809.095567203,8777088.0,2.83502798644451,3.53430286842426
CH,CHE,Switzerland,2023,928435275851.707,104449.75451772,8888822.0,2.13540088016387,0.825560934124624
CH,CHE,Switzerland,2024,969919786394.884,107702.065940312,9005582.0,1.06234041976595,1.39033363875791
CH,CHE,Switzerland,2025,1043529899250.92,114769.012314293,9092436.0,0.154376978290185,1.30007790958307
JG,CHI,Channel Islands,2015,10109273770.329,61847.8212238857,163454.0,,0.374367083829384
JG,CHI,Channel Islands,2016,9168857222.32574,55947.579811974,163883.0,,1.21302407657195
JG,CHI,Channel Islands,2017,9170044517.20264,55806.3554257428,164319.0,,1.80648131383585
JG,CHI,Channel Islands,2018,10026394043.6136,60784.8125397162,164949.0,,1.1222435658518
JG,CHI,Channel Islands,2019,10031864649.0819,60564.6293993681,165639.0,,1.57335596156342
JG,CHI,Channel Islands,2020,9439810769.23077,56785.9402005039,166235.0,,-8.89677926591959
JG,CHI,Channel Islands,2021,11157540109.8939,66915.3963925722,166741.0,,9.93680136985076
JG,CHI,Channel Islands,2022,11308272505.183,67627.1417347907,167215.0,,5.34196140375869
JG,CHI,Channel Islands,2023,12507320838.3932,74585.5224096294,167691.0,,3.71500590367266
JG,CHI,Channel Islands,2024,,,168126.0,,
JG,CHI,Channel Islands,2025,,,168466.0,,
CL,CHL,Chile,2015,242450355830.884,13433.9202987032,18047625.0,4.34877353217044,2.15194249981184
CL,CHL,Chile,2016,249344863928.438,13649.8520452803,18267221.0,3.78619355893118,1.753038749071
CL,CHL,Chile,2017,276154259981.097,14879.9086227187,18558868.0,2.18271846868519,1.35769537343957
CL,CHL,Chile,2018,295857562991.709,15659.4808675628,18893191.0,2.43488981353057,3.99002947789977
CL,CHL,Chile,2019,278308438545.118,14496.9345640362,19197744.0,2.55754475703327,0.644223402631923
CL,CHL,Chile,2020,254103710483.324,13117.9930230086,19370624.0,3.04549084804326,-6.1396969411886
CL,CHL,Chile,2021,315507493783.262,16216.1840860289,19456334.0,4.52456838259144,11.3374032409913
CL,CHL,Chile,2022,301099244104.003,15399.1044717559,19553036.0,11.643866711056,2.06391864254198
CL,CHL,Chile,2023,335802745366.38,17081.5180740049,19658835.0,7.58168251407962,0.677024831595858
CL,CHL,Chile,2024,329260633698.726,16658.9652720351,19764771.0,4.29763891572524,2.80512637106611
CL,CHL,Chile,2025,357371159574.862,17994.5911957485,19859921.0,4.21293601694293,2.45925474781374
CN,CHN,China,2015,11280814787468.9,8175.33285077393,1379860000.0,1.43702380935655,6.98162255562367
CN,CHN,China,2016,11456024084962.0,8254.86859320357,1387790000.0,2.00000182191943,6.7736886867727
CN,CHN,China,2017,12537559062282.9,8979.67652709856,1396215000.0,1.59313600071436,6.89123916636191
CN,CHN,China,2018,14147765772963.8,10085.6638148819,1402760000.0,2.07479039965576,6.757806142324
CN,CHN,China,2019,14560167101283.4,10342.9009524335,1407745000.0,2.89923416358227,6.06737806333672
CN,CHN,China,2020,14996414166715.1,10627.4637989619,1411100000.0,2.41942189457782,2.33950385203023
CN,CHN,China,2021,18201698719564.0,12887.4357242941,1412360000.0,0.981015135544882,8.57038414981781
CN,CHN,China,2022,18316765021690.2,12970.6056414327,1412175000.0,1.97357555739051,3.13385438394069
CN,CHN,China,2023,18270356654533.2,12951.1782397043,1410710000.0,0.234836828893051,5.41600334492955
CN,CHN,China,2024,18729668435848.0,13293.1162269366,1408975000.0,0.218128938439177,4.95830378788091
CN,CHN,China,2025,19498039388042.6,13861.970224368,1406585000.0,0.0595646916565403,4.95994886240992
CI,CIV,Cote d'Ivoire,2015,45815005169.2651,1814.71855088017,25246342.0,1.25149954781468,7.19494942728191
CI,CIV,Cote d'Ivoire,2016,48407761036.8238,1862.59597081287,25989405.0,0.723178457513308,7.17275963956332
CI,CIV,Cote d'Ivoire,2017,52512343996.69,1964.29930338343,26733372.0,0.685881065304603,7.41076242592504
CI,CIV,Cote d'Ivoire,2018,58522477786.6889,2130.86619381144,27464173.0,0.401297817263547,4.84314605889178
CI,CIV,Cote d'Ivoire,2019,60382894697.3557,2141.76836170115,28193009.0,0.790855512053661,6.72137167584978
CI,CIV,Cote d'Ivoire,2020,63027852805.4204,2179.72934832935,28915449.0,2.41252617189053,0.699728593494228
CI,CIV,Cote d'Ivoire,2021,72794636653.7793,2455.98127641148,29639736.0,4.15919657911798,7.06253713446816
CI,CIV,Cote d'Ivoire,2022,70922824813.9102,2333.37128301259,30395002.0,5.23352856100843,6.39988362730921
CI,CIV,Cote d'Ivoire,2023,80780312569.1646,2591.9659048119,31165654.0,4.36972254867474,6.60000045209176
CI,CIV,Cote d'Ivoire,2024,87113179149.284,2727.8935220697,31934230.0,3.45053028131019,6.0195346193922
CI,CIV,Cote d'Ivoire,2025,99773555666.1988,3050.10202257321,32711547.0,0.125038772593104,6.4999999999999
CM,CMR,Cameroon,2015,32210233020.4569,1415.00009710569,22763414.0,2.676235314199,5.66695298703932
CM,CMR,Cameroon,2016,33814337044.3765,1441.7201725688,23454161.0,0.874190383288856,4.53579423678801
CM,CMR,Cameroon,2017,36098547033.1655,1496.08951771242,24128601.0,0.64040914988195,3.54117654926007
CM,CMR,Cameroon,2018,39955552189.795,1610.69641591017,24806383.0,1.0688581131292,3.95551423892049
CM,CMR,Cameroon,2019,39667757527.6578,1555.22660476477,25506095.0,2.45280214062732,3.47505998194981
CM,CMR,Cameroon,2020,40773241177.0505,1555.60370660749,26210558.0,2.43760882182236,0.259932915907115
CM,CMR,Cameroon,2021,45011937346.8384,1672.32657340872,26915758.0,2.27185762503637,3.33885747179505
CM,CMR,Cameroon,2022,44347206072.5513,1604.87726954895,27632771.0,6.24767713343861,3.7367840056412
CM,CMR,Cameroon,2023,48814501547.4313,1720.47510154506,28372687.0,7.38281384280984,3.34756290750219
CM,CMR,Cameroon,2024,53296694320.2057,1830.00833684727,29123744.0,4.53331349711606,3.52472308052245
CM,CMR,Cameroon,2025,58933453923.761,1972.3815800786,29879337.0,3.40373458279055,3.20000015616144
CD,COD,"Congo, Dem. Rep.",2015,40179574490.3032,495.826633014883,81035531.0,0.74419899478147,6.35973756164829
CD,COD,"Congo, Dem. Rep.",2016,38600224214.4728,459.765036590388,83956415.0,2.88585107289988,0.393832798154563
CD,COD,"Congo, Dem. Rep.",2017,37537521565.5308,431.052559128788,87083398.0,,4.24121047272719
CD,COD,"Congo, Dem. Rep.",2018,46659954092.4862,518.169626875371,90047644.0,,6.07168870646615
CD,COD,"Congo, Dem. Rep.",2019,46845900350.0332,504.00419142286,92947442.0,,0.555384294580819
CD,COD,"Congo, Dem. Rep.",2020,46691989748.9186,486.425572682256,95989998.0,,0.775427992354622
CD,COD,"Congo, Dem. Rep.",2021,59067289573.5102,595.743074403567,99148932.0,,6.42961005647355
CD,COD,"Congo, Dem. Rep.",2022,70422346142.2023,687.738587554685,102396968.0,,9.31116944064918
CD,COD,"Congo, Dem. Rep.",2023,69843655425.2929,660.21205238997,105789731.0,,8.5334898318451
CD,COD,"Congo, Dem. Rep.",2024,75716176105.0704,692.887665085098,109276265.0,,6.1025294442863
CD,COD,"Congo, Dem. Rep.",2025,91030531316.9936,806.776000708534,112832473.0,,5.75924471639999
CG,COG,"Congo, Rep.",2015,12434793867.3568,2439.35189403696,5097581.0,3.16909796750829,0.415193061293763
CG,COG,"Congo, Rep.",2016,10931328150.8478,2093.10728558843,5222536.0,3.19056179723773,-8.68524343913786
CG,COG,"Congo, Rep.",2017,11834473039.3645,2211.63309874797,5351011.0,0.450063823285546,-5.59477371915547
CG,COG,"Congo, Rep.",2018,14773900288.5135,2694.43413191427,5483118.0,1.15277896375523,-2.30431780125842
CG,COG,"Congo, Rep.",2019,13976637779.9763,2488.42466724916,5616661.0,2.20607305781525,1.12447391976529
CG,COG,"Congo, Rep.",2020,11468687464.0046,1993.586671931,5752791.0,1.79537147083108,-6.26777227963225
CG,COG,"Congo, Rep.",2021,14825690210.9157,2516.16255145432,5892183.0,1.7156427545126,1.01507036990908
CG,COG,"Congo, Rep.",2022,15817030154.6941,2620.83804267402,6035104.0,3.04344334698478,1.47535613247133
CG,COG,"Congo, Rep.",2023,15321055822.5167,2477.97845544866,6182885.0,4.30174563591016,1.90686426346754
CG,COG,"Congo, Rep.",2024,15719986076.6464,2482.2489948456,6332961.0,3.09143630919166,2.09998918002519
CG,COG,"Congo, Rep.",2025,16306633778.765,2514.73393584747,6484437.0,2.40069559361747,3.08292728120063
CO,COL,Colombia,2015,293492370193.166,6248.51490534512,46969940.0,4.9898311584953,2.95590137527523
CO,COL,Colombia,2016,282720100286.228,5959.84250367574,47437512.0,7.51346024627675,2.08738250162794
CO,COL,Colombia,2017,311866875156.879,6479.53231292429,48131078.0,4.31431325695011,1.35936086788746
CO,COL,Colombia,2018,334198218098.276,6816.96818309544,49024465.0,3.24056932930569,2.56432428277704
CO,COL,Colombia,2019,323031701192.84,6472.54544924705,49907985.0,3.52301932741447,3.18685539245533
CO,COL,Colombia,2020,270348342541.465,5339.68711357943,50629997.0,2.52663500084706,-7.18591413760859
CO,COL,Colombia,2021,318524633225.395,6222.62164397614,51188173.0,3.49505757399448,10.8011981904878
CO,COL,Colombia,2022,345632492851.448,6680.44506854481,51737944.0,10.1772313546166,7.32827729427979
CO,COL,Colombia,2023,366901643683.302,7012.49169137756,52321152.0,11.7359044948689,0.841819555752039
CO,COL,Colombia,2024,420504033143.211,7951.08624019412,52886363.0,6.60908593728228,1.49330728771066
CO,COL,Colombia,2025,457410034202.523,8561.62091854449,53425635.0,5.14222911946201,2.64201548985928
KM,COM,Comoros,2015,966029600.862227,1329.37048235986,726682.0,-0.11717388419007,1.14735632260047
KM,COM,Comoros,2016,1012835493.19325,1365.48403444497,741741.0,0.797517430888487,3.3204465548877
KM,COM,Comoros,2017,1077439756.59451,1423.9248027797,756669.0,-0.237362224154613,3.81576287489548
KM,COM,Comoros,2018,1188797449.38584,1540.71132257526,771590.0,2.15155084413033,3.64245114733689
KM,COM,Comoros,2019,1195019531.9011,1519.26386436068,786578.0,3.58213544469211,1.76078023564568
KM,COM,Comoros,2020,1225039196.61091,1527.16991011916,802163.0,0.786641929499151,-0.195556841918759
KM,COM,Comoros,2021,1299039312.22277,1587.72988658008,818174.0,-0.00441793682346988,2.04245238320844
KM,COM,Comoros,2022,1279542248.96288,1533.87755393614,834188.0,12.5320314570999,2.45381174550259
KM,COM,Comoros,2023,1465977684.31307,1723.89474946474,850387.0,8.37373955490996,3.1866131800554
KM,COM,Comoros,2024,1610082688.26617,1857.87060684189,866628.0,5.05192609588218,3.30071498500033
KM,COM,Comoros,2025,1814920856.27026,2055.75921566281,882847.0,3.24909332306433,3.7544428489181
CV,CPV,Cabo Verde,2015,1749857620.35329,3415.06266730931,512394.0,0.131187999024545,0.936026507808833
CV,CPV,Cabo Verde,2016,1849789985.99572,3608.96605234906,512554.0,-1.40781637091706,4.28071482662371
CV,CPV,Cabo Verde,2017,1996741539.95088,3893.09571382506,512893.0,0.784415251101334,4.5513148102974
CV,CPV,Cabo Verde,2018,2205099506.99994,4294.96510035729,513415.0,1.25699566690509,3.70696458310842
CV,CPV,Cabo Verde,2019,2252177124.32402,4380.78117331128,514104.0,1.10666674296063,6.94782634051859
CV,CPV,Cabo Verde,2020,1821565613.68613,3539.22661248299,514679.0,0.605795808395385,-20.8052758990735
CV,CPV,Cabo Verde,2021,2051842618.70539,3971.44409203423,516649.0,1.86215297494647,7.03353010694514
CV,CPV,Cabo Verde,2022,2247003344.34242,4323.31362032709,519741.0,7.93092925430087,15.843675684642
CV,CPV,Cabo Verde,2023,2504525537.51069,4794.90119772843,522331.0,3.72437517668748,4.7947613911073
CV,CPV,Cabo Verde,2024,2713721857.39153,5170.20531932535,524877.0,1.04817001091965,6.98888280991075
CV,CPV,Cabo Verde,2025,3056630435.32463,5796.47207860911,527326.0,2.34333897365163,6.29698518253096
CR,CRI,Costa Rica,2015,56441920888.425,11714.7106121672,4818038.0,0.801982005099623,3.65208093006359
CR,CRI,Costa Rica,2016,58847019587.626,12091.0301560892,4866998.0,-0.0174788505908217,4.20432320775184
CR,CRI,Costa Rica,2017,60516044660.7496,12317.0902779911,4913177.0,1.62590692991732,4.15769914676933
CR,CRI,Costa Rica,2018,62567765946.2665,12620.0207321581,4957818.0,2.22111461526581,2.85285959760458
CR,CRI,Costa Rica,2019,64753504730.018,12951.8588421841,4999553.0,2.09604635327807,2.70813912948329
CR,CRI,Costa Rica,2020,62806591554.7345,12475.6852076814,5034320.0,0.724911478131376,-4.14159340574358
CR,CRI,Costa Rica,2021,65588938787.0243,12962.2716075659,5059988.0,1.72647755109241,8.21817953969082
CR,CRI,Costa Rica,2022,71001226360.8008,13971.7649991294,5081765.0,8.27477490232654,5.46119455235068
CR,CRI,Costa Rica,2023,87512637055.7736,17140.771430122,5105525.0,0.525193508693455,4.79187732359398
CR,CRI,Costa Rica,2024,96715644330.6612,18853.2828705886,5129910.0,-0.412853001047069,4.08292444182048
CR,CRI,Costa Rica,2025,102904921157.478,19970.0989059622,5152950.0,-0.073671440596217,4.56033547844829
CU,CUB,Cuba,2015,87132800000.0,7727.91997207998,11275065.0,,4.4383335888395
CU,CUB,Cuba,2016,91370407900.0,8110.55874283616,11265612.0,,0.512843095700745
CU,CUB,Cuba,2017,96850649700.0,8610.60829605429,11247829.0,,1.80979178380274
CU,CUB,Cuba,2018,100050036100.0,8911.46205998726,11227118.0,,2.24794852913217
CU,CUB,Cuba,2019,103427600000.0,9232.26115935183,11202846.0,,-0.163087223606624
CU,CUB,Cuba,2020,107352000000.0,9605.27914559614,11176354.0,,-10.9494359030206
CU,CUB,Cuba,2021,,,11122168.0,,1.25448735650322
CU,CUB,Cuba,2022,,,11059820.0,,1.77465227724316
CU,CUB,Cuba,2023,,,11019931.0,,-1.92937123169681
CU,CUB,Cuba,2024,,,10979783.0,,-1.06173273220524
CU,CUB,Cuba,2025,,,10937203.0,,
CW,CUW,Curacao,2015,3058779217.87709,19361.8130008678,157980.0,-0.476542049801405,0.458151544160046
CW,CUW,Curacao,2016,3024690167.59777,18944.0961493998,159664.0,-0.0472079848940293,-1.06770848655277
CW,CUW,Curacao,2017,3033433240.22346,18938.2440469703,160175.0,1.58558801700345,-1.2762081008495
CW,CUW,Curacao,2018,3046364804.46927,19119.1243941688,159336.0,2.58368756641814,-2.10411133101029
CW,CUW,Curacao,2019,3026124134.07821,19220.6866958303,157441.0,2.62220783425059,-3.20613230348162
CW,CUW,Curacao,2020,2534327597.76536,16299.8134688605,155482.0,,-18.4384696124769
CW,CUW,Curacao,2021,2739594357.5419,17795.5826483092,153948.0,,4.18371018614259
CW,CUW,Curacao,2022,3075180837.98883,20057.1404960105,153321.0,,6.90600055461097
CW,CUW,Curacao,2023,3281419329.60894,21217.8109173312,154654.0,,4.20199929761131
CW,CUW,Curacao,2024,3561178212.2905,22832.895498987,155967.0,,5.02690015475606
CW,CUW,Curacao,2025,,,156263.0,,
KY,CYM,Cayman Islands,2015,4708167232.66893,76379.2095108681,61642.0,-2.34752770165615,2.8331222262961
KY,CYM,Cayman Islands,2016,4909322237.28895,77802.2541567187,63100.0,-0.62525835861814,3.23997433895669
KY,CYM,Cayman Islands,2017,5166281305.12522,80053.9444506891,64535.0,,3.18404592334522
KY,CYM,Cayman Islands,2018,5530178440.71376,83865.5531568184,65941.0,,4.26726745249641
KY,CYM,Cayman Islands,2019,5941896607.58643,88254.2903677044,67327.0,,3.91563534249416
KY,CYM,Cayman Islands,2020,5655357984.24218,82338.7977439023,68684.0,,-4.95480696516726
KY,CYM,Cayman Islands,2021,6060813808.15072,86449.6749037302,70108.0,,4.86941655353661
KY,CYM,Cayman Islands,2022,6653516041.43929,92937.8838323153,71591.0,,5.66079366938135
KY,CYM,Cayman Islands,2023,7308564549.28678,100065.233841107,73038.0,,5.80436961198644
KY,CYM,Cayman Islands,2024,7765336505.34319,104292.900672109,74457.0,,3.75641197192778
KY,CYM,Cayman Islands,2025,,,75844.0,,
CY,CYP,Cyprus,2015,19909269064.8473,23088.4296875,1219502.0,-2.0969976905312,3.41892038889013
CY,CYP,Cyprus,2016,21046452117.3759,24280.044921875,1237112.0,-1.42916666666665,6.57359080924678
CY,CYP,Cyprus,2017,22946583375.5506,26247.46484375,1254275.0,0.531766496174467,5.75083236554525
CY,CYP,Cyprus,2018,25754011492.2204,29120.38671875,1270737.0,1.43549119531759,6.27166360056404
CY,CYP,Cyprus,2019,26196660680.1176,29227.16796875,1286671.0,0.250370996758493,5.87559583386607
CY,CYP,Cyprus,2020,25555082266.6429,28130.330078125,1302247.0,-0.638422797978861,-3.22063018637567
CY,CYP,Cyprus,2021,30372637513.1352,32937.8359375,1317309.0,2.44608867175474,11.3975590801512
CY,CYP,Cyprus,2022,31218047043.8386,33231.05078125,1331370.0,8.39548297993334,8.73854684881674
CY,CYP,Cyprus,2023,35075440602.5202,36623.70703125,1344976.0,3.54134188751646,3.62045368236082
CY,CYP,Cyprus,2024,37634551820.7367,38674.3125,1358282.0,1.80023018624824,3.94076934447787
CY,CYP,Cyprus,2025,41225787247.3309,41783.08984375,1370754.0,0.126528851920189,3.77325347982725
CZ,CZE,Czechia,2015,189107698561.919,17931.5987670768,10546059.0,0.309364548494975,4.95875848915604
CZ,CZE,Czechia,2016,198160659303.939,18753.9686718096,10566332.0,0.683504209385703,2.58087013921376
CZ,CZE,Czechia,2017,221563575696.217,20913.197632212,10594438.0,2.4505339846014,5.17356529967881
CZ,CZE,Czechia,2018,251992360762.236,23705.9329811299,10629928.0,2.14949494949493,2.83030588267866
CZ,CZE,Czechia,2019,256794209028.77,24062.7190013343,10671870.0,2.84787595918041,3.56577658128261
CZ,CZE,Czechia,2020,251109660602.536,23472.8915454417,10697858.0,3.1612952849781,-5.30487955463876
CZ,CZE,Czechia,2021,290972714482.313,27696.4619527544,10505772.0,3.83984491500146,4.02901832055149
CZ,CZE,Czechia,2022,301831228325.556,28282.2236715857,10672118.0,15.1001651468371,2.8471706583814
CZ,CZE,Czechia,2023,345059295659.911,31761.5944102491,10864042.0,10.6612601372427,0.0475803308973752
CZ,CZE,Czechia,2024,347082562221.377,31827.7552539413,10905028.0,2.43531202435314,1.25131096245923
CZ,CZE,Czechia,2025,391026962800.475,35917.2724081665,10886878.0,2.45996367838865,2.58046673293437
DE,DEU,Germany,2015,3425099578746.09,41929.7549110722,81686611.0,0.514426137125456,1.66300602334775
DE,DEU,Germany,2016,3536787895179.0,42948.9381932694,82348669.0,0.491747008445174,2.22222216259371
DE,DEU,Germany,2017,3765351626105.89,45553.9341495339,82657002.0,1.50949485109628,2.797906720551
DE,DEU,Germany,2018,4055433215301.96,48916.1686612154,82905782.0,1.73216879766942,1.13569604599849
DE,DEU,Germany,2019,3959894794039.21,47656.199739747,83092962.0,1.44565976888253,0.977734697038784
DE,DEU,Germany,2020,3941398957073.94,47394.8734504469,83160871.0,0.144877925813982,-4.13191443239947
DE,DEU,Germany,2021,4355251953410.78,52349.2459994422,83196078.0,3.06666666666673,3.90999994204108
DE,DEU,Germany,2022,4201021706478.62,50506.5179638543,83177813.0,6.87257438551097,1.8092581243061
DE,DEU,Germany,2023,4562207532490.28,54776.7668235491,83287273.0,5.94643667725823,-0.869647578573321
DE,DEU,Germany,2024,4685592577804.69,56103.7323182554,83516593.0,2.2564981433876,-0.495851897260366
DE,DEU,Germany,2025,5050922925047.05,60496.4350820414,83491249.0,2.17178770949721,0.239578342117881
DJ,DJI,Djibouti,2015,2424391785.43897,2376.12554719873,1020313.0,-0.522166521445793,7.30898563450799
DJ,DJI,Djibouti,2016,2604955228.70117,2510.4300076241,1037653.0,2.4025290543489,7.1234323372872
DJ,DJI,Djibouti,2017,2762581334.22612,2618.95521147369,1054841.0,0.577285724560661,5.458091517212
DJ,DJI,Djibouti,2018,2913464658.08768,2718.08338799203,1071882.0,0.138836400011405,4.77433934943193
DJ,DJI,Djibouti,2019,3088851450.30694,2837.16902340932,1088709.0,3.31763203299603,5.54508081154978
DJ,DJI,Djibouti,2020,3144136196.6228,2844.88810647853,1105188.0,1.77900535643955,1.2021151728969
DJ,DJI,Djibouti,2021,3392796953.08939,3025.91126413549,1121248.0,1.18086783934059,4.40715667561153
DJ,DJI,Djibouti,2022,3562814908.76149,3133.25779772463,1137096.0,5.17222088647606,5.16653702854374
DJ,DJI,Djibouti,2023,3898447007.38798,3381.29779710722,1152944.0,1.44905087029086,6.80733529403308
DJ,DJI,Djibouti,2024,4152145939.98458,3552.72335079222,1168722.0,2.1120116728497,6.98048467276334
DJ,DJI,Djibouti,2025,4624533092.31886,3905.604954681,1184076.0,-0.313731799533481,6.4954610524268
DM,DMA,Dominica,2015,583177777.777778,8282.59874702141,70410.0,-0.84382698463833,-3.37338262476895
DM,DMA,Dominica,2016,612711111.111111,8802.56172041363,69606.0,0.141816225732312,1.44724556489263
DM,DMA,Dominica,2017,563355555.555555,8224.64896571414,68496.0,0.296252889279487,-7.5443637547282
DM,DMA,Dominica,2018,628244444.444444,9215.3085405645,68174.0,0.98919111918989,2.964010610466
DM,DMA,Dominica,2019,644259259.259259,9491.14995962374,67880.0,1.50462353858141,3.94809757938053
DM,DMA,Dominica,2020,528944444.444444,7827.74842680426,67573.0,1.22026442242476,-15.7064024545862
DM,DMA,Dominica,2021,562911111.111111,8376.40414141113,67202.0,2.22891330700344,5.37983838954712
DM,DMA,Dominica,2022,623062962.962963,9323.66089490562,66826.0,2.88490226829353,10.3968076616121
DM,DMA,Dominica,2023,659311111.111111,9912.96212766668,66510.0,5.08677483158112,3.65221012208734
DM,DMA,Dominica,2024,688881481.481481,10405.2787777582,66205.0,2.73620751873313,2.052738472526
DM,DMA,Dominica,2025,723859259.259259,10989.0431185083,65871.0,2.53385126107135,3.05243763087539
DK,DNK,Denmark,2015,301758922337.637,53094.0133607574,5683483.0,0.452034153691575,2.10441456445301
DK,DNK,Denmark,2016,312181849372.233,54500.9260410217,5728010.0,0.250000000000031,3.07304549209093
DK,DNK,Denmark,2017,331610593961.988,57521.5514992225,5764980.0,1.14713216957602,3.05647723922718
DK,DNK,Denmark,2018,355293374912.393,61324.7665045565,5793636.0,0.813609467455631,1.8600074900921
DK,DNK,Denmark,2019,345401473012.615,59404.2663247723,5814422.0,0.75813157251162,1.71140093932736
DK,DNK,Denmark,2020,355631021931.621,60985.4885601514,5831404.0,0.420711974110025,-1.78010601831291
DK,DNK,Denmark,2021,406110162088.054,69340.7334922138,5856733.0,1.85304543989689,6.50025445756295
DK,DNK,Denmark,2022,400114306337.077,67781.0940939514,5903037.0,7.6965669988926,0.443832614908331
DK,DNK,Denmark,2023,404651706117.557,68043.5466971243,5946952.0,3.30517811237606,0.604587766175584
DK,DNK,Denmark,2024,424524722037.047,71026.4832271897,5976992.0,1.37220049768926,3.47783593140312
DK,DNK,Denmark,2025,462526660468.393,76970.1535217919,6009169.0,1.89367372703044,2.92843280014236
DO,DOM,Dominican Republic,2015,70966782572.4386,6800.95309395474,10434829.0,0.836746346724557,6.98771131236387
DO,DOM,Dominican Republic,2016,75552902635.7075,7160.44200982307,10551430.0,1.61416607245223,6.71974078681295
DO,DOM,Dominican Republic,2017,79070274743.1658,7412.71571571512,10666843.0,3.27955694678546,3.93386176401576
DO,DOM,Dominican Republic,2018,84994732049.3461,7882.98221584944,10782053.0,3.56443426013508,7.09751640210159
DO,DOM,Dominican Republic,2019,89146130744.723,8183.01623600375,10894043.0,1.81060377042959,4.8940301149584
DO,DOM,Dominican Republic,2020,78546672406.8291,7135.22273255899,11008300.0,3.78103179915517,-7.92905234231061
DO,DOM,Dominican Republic,2021,94850719516.7127,8527.0754858205,11123476.0,8.24300347981809,14.0124289062207
DO,DOM,Dominican Republic,2022,113478103598.499,10104.2464008585,11230734.0,8.81109209279587,5.23795652902595
DO,DOM,Dominican Republic,2023,120456239153.739,10630.431743829,11331265.0,4.78561281021135,2.19229848237939
DO,DOM,Dominican Republic,2024,124282245638.568,10875.6618443092,11427557.0,3.30223338951227,4.95352204492849
DO,DOM,Dominican Republic,2025,127407463759.043,11059.2081531834,11520487.0,3.8731176804813,2.11739113534632
DZ,DZA,Algeria,2015,187493855609.345,4685.05902729002,40019529.0,4.78444700693889,3.20000000089023
DZ,DZA,Algeria,2016,180763839522.151,4424.98529027556,40850721.0,6.39769480268757,3.90000000017621
DZ,DZA,Algeria,2017,189880896903.073,4554.66753957828,41689299.0,5.59111590961664,1.49999999895587
DZ,DZA,Algeria,2018,194554483655.528,4577.21029180491,42505035.0,4.26999020467084,1.40000000088281
DZ,DZA,Algeria,2019,193459662090.677,4468.45341883656,43294546.0,1.95176821052892,0.899999999219148
DZ,DZA,Algeria,2020,164873415325.201,3743.5419522929,44042091.0,2.41513094083414,-4.99999999908597
DZ,DZA,Algeria,2021,186231205262.082,4160.55926736925,44761099.0,7.22606307415477,3.79999999900707
DZ,DZA,Algeria,2022,225581644702.568,4960.30334332888,45477389.0,9.26551551551553,3.60000000094915
DZ,DZA,Algeria,2023,247923887214.655,5370.477235078,46164219.0,9.32217375928322,4.10000000005964
DZ,DZA,Algeria,2024,269322281664.773,5752.99076651465,46814308.0,4.04611455313434,3.69999999907979
DZ,DZA,Algeria,2025,287031225987.736,6051.00322704182,47435312.0,1.41835151429016,3.815543719231
EC,ECU,Ecuador,2015,97209558000.0,5976.1596805651,16266225.0,3.96664623255358,0.119692109287612
EC,ECU,Ecuador,2016,97671433000.0,5917.63771271481,16505139.0,1.72826463324533,-0.687954245877947
EC,ECU,Ecuador,2017,104467486000.0,6233.32244797718,16759519.0,0.417335588666825,5.97039880954841
EC,ECU,Ecuador,2018,107478961000.0,6303.91886658338,17049547.0,-0.224103246005552,1.04429460679607
EC,ECU,Ecuador,2019,107595830000.0,6205.05765246766,17340021.0,0.266012515466155,0.1654044646003
EC,ECU,Ecuador,2020,95865473000.0,5463.64515348598,17546065.0,-0.338872392562139,-9.24509619165865
EC,ECU,Ecuador,2021,107179074000.0,6061.32350181711,17682454.0,0.133251386096389,9.42189269033631
EC,ECU,Ecuador,2022,116133121000.0,6515.58528418336,17823897.0,3.46616972213077,5.86842354862311
EC,ECU,Ecuador,2023,120792801000.0,6718.1447938811,17980083.0,2.21568764237058,1.8328406107788
EC,ECU,Ecuador,2024,123802374000.0,6826.5294137822,18135478.0,1.54732515615369,-1.94409022506859
EC,ECU,Ecuador,2025,130320560400.0,7125.27618527738,18289896.0,0.710469324989076,3.72594857272087
EG,EGY,"Egypt, Arab Rep.",2015,329366576819.407,3306.98159414141,99597342.0,10.370490343517,4.37201907781687
EG,EGY,"Egypt, Arab Rep.",2016,332441717791.411,3270.6287768197,101644589.0,13.813606214829,4.34664345601914
EG,EGY,"Egypt, Arab Rep.",2017,248362771739.13,2395.10333299491,103696057.0,29.5066083940039,4.18122099961562
EG,EGY,"Egypt, Arab Rep.",2018,262588632526.73,2484.70315630508,105682094.0,14.4014657807422,5.33110861887155
EG,EGY,"Egypt, Arab Rep.",2019,318678815489.749,2962.98892023003,107553158.0,9.15279959324804,5.55209307084222
EG,EGY,"Egypt, Arab Rep.",2020,383817841547.099,3511.11381026379,109315124.0,5.04493288977539,3.55016483883115
EG,EGY,"Egypt, Arab Rep.",2021,424671765455.704,3827.35415374308,110957008.0,5.21404940513043,3.29064601193245
EG,EGY,"Egypt, Arab Rep.",2022,476747720364.742,4233.30783744856,112618250.0,13.8956609775178,6.58784560870467
EG,EGY,"Egypt, Arab Rep.",2023,395926071447.591,3456.78965212363,114535772.0,33.8847763115546,3.76028052279247
EG,EGY,"Egypt, Arab Rep.",2024,389059910593.1,3338.47371043679,116538258.0,28.2705899322083,2.3991692678251
EG,EGY,"Egypt, Arab Rep.",2025,365254630179.737,3085.80712036204,118365995.0,14.0735136645934,4.39201068570188
ER,ERI,Eritrea,2015,,,3105546.0,,
ER,ERI,Eritrea,2016,,,3124698.0,,
ER,ERI,Eritrea,2017,,,3150347.0,,
ER,ERI,Eritrea,2018,,,3192760.0,,
ER,ERI,Eritrea,2019,,,3240194.0,,
ER,ERI,Eritrea,2020,,,3291271.0,,
ER,ERI,Eritrea,2021,,,3350183.0,,
ER,ERI,Eritrea,2022,,,3409447.0,,
ER,ERI,Eritrea,2023,,,3470390.0,,
ER,ERI,Eritrea,2024,,,3535603.0,,
ER,ERI,Eritrea,2025,,,3607003.0,,
ES,ESP,Spain,2015,1206164777553.12,25982.4416197775,46422303.0,-0.500365709903243,4.06086672473866
ES,ESP,Spain,2016,1243015667917.12,26755.6061149398,46458139.0,-0.202598000426358,2.91515598595787
ES,ESP,Spain,2017,1321754088818.83,28381.3425596906,46571232.0,1.95607633363954,2.89604207865007
ES,ESP,Spain,2018,1431642809327.06,30602.4212881113,46782011.0,1.67498136863799,2.39541124478878
ES,ESP,Spain,2019,1403496387686.27,29786.5245689007,47118501.0,0.699518994458648,1.96117850841711
ES,ESP,Spain,2020,1289783836971.21,27233.9426461608,47359424.0,-0.322753017299649,-10.9400706350371
ES,ESP,Spain,2021,1461244901852.69,30799.4775937775,47443821.0,3.09313511976402,6.68314420473001
ES,ESP,Spain,2022,1448850658406.62,30319.4987196616,47786102.0,8.39057634118637,6.37031712129601
ES,ESP,Spain,2023,1619481980719.64,33493.2225409111,48352528.0,3.53236133492433,2.46085796805582
ES,ESP,Spain,2024,1725671652742.19,35326.7683069278,48848840.0,2.747147886618,3.45525405630191
ES,ESP,Spain,2025,1906453309985.88,38627.2472148623,49355143.0,2.699932857627,2.82495400578509
EE,EST,Estonia,2015,23311847750.9394,17722.1557669523,1315407.0,-0.49232600654737,1.83815262882932
EE,EST,Estonia,2016,24561027787.7896,18666.3736521706,1315790.0,0.148684907627373,3.09301920751959
EE,EST,Estonia,2017,27469461919.1189,20851.5223496861,1317384.0,3.41723549488054,5.63467248963991
EE,EST,Estonia,2018,31222632740.7247,23618.1361254581,1321977.0,3.43632688420446,3.69969756161726
EE,EST,Estonia,2019,31873748770.0313,24021.2501413306,1326898.0,2.27725931243522,3.72664943466884
EE,EST,Estonia,2020,31820771493.8974,23933.9939421065,1329522.0,-0.44453109767983,-2.88380751483778
EE,EST,Estonia,2021,37201101170.5847,27951.1659277744,1330932.0,4.65316673847473,8.25488044580031
EE,EST,Estonia,2022,38226641740.29,28340.3826549406,1348840.0,19.3982634080616,-1.22616966587796
EE,EST,Estonia,2023,41470344395.1086,30264.0064885057,1370286.0,9.15922507983982,-2.74421914571231
EE,EST,Estonia,2024,43130419829.35,31428.3547816104,1372341.0,3.5194118998392,-0.0900428648493801
EE,EST,Estonia,2025,47030833798.5866,34417.6320815138,1366475.0,4.82920753628342,0.584308464789387
ET,ETH,Ethiopia,2015,62103418181.8182,597.912113218663,103867135.0,9.56889955968623,10.3924630141307
ET,ETH,Ethiopia,2016,68475871209.607,641.651523286233,106718162.0,6.62813337230924,9.43348265981905
ET,ETH,Ethiopia,2017,76366081766.6667,696.348429076216,109666481.0,10.6871150284238,9.56418965754014
ET,ETH,Ethiopia,2018,83337901071.9697,739.702022272086,112664152.0,13.8330356586661,6.81614778557282
ET,ETH,Ethiopia,2019,91834517113.6386,793.473247218996,115737383.0,15.8096321719344,8.36408573111346
ET,ETH,Ethiopia,2020,98676811061.9985,829.790982552951,118917671.0,20.3563468559061,6.05953089248577
ET,ETH,Ethiopia,2021,109070960370.972,893.009835441784,122138588.0,26.8395221557722,5.64153069324176
ET,ETH,Ethiopia,2022,123140304665.399,982.103161502198,125384287.0,33.8898797100898,5.32175988485454
ET,ETH,Ethiopia,2023,135874093203.18,1055.81091593061,128691692.0,30.2188278135278,6.59424599054353
ET,ETH,Ethiopia,2024,149740297952.375,1133.88279681256,132059767.0,21.0377460577711,7.61277447616879
ET,ETH,Ethiopia,2025,126358758448.356,932.729352775179,135472051.0,13.2296432836809,9.7715182202934
FI,FIN,Finland,2015,233210733506.25,42560.3456767103,5479531.0,-0.207928839905177,0.466503766322674
FI,FIN,Finland,2016,238777818792.608,43451.2562442158,5495303.0,0.356684500891695,2.57193414898754
FI,FIN,Finland,2017,253846138440.0,46085.0174739036,5508214.0,0.754015047084438,3.30337003591039
FI,FIN,Finland,2018,273869255596.078,49654.2497035329,5515525.0,1.08382098409296,1.19297759742292
FI,FIN,Finland,2019,267014821129.411,48358.1807773701,5521606.0,1.02409392963431,1.34973845741737
FI,FIN,Finland,2020,270000311606.226,48828.6846862799,5529543.0,0.290554555653239,-2.49103605535707
FI,FIN,Finland,2021,294223210496.119,53099.1351400148,5541017.0,2.19457432339998,2.67634641498897
FI,FIN,Finland,2022,280253099309.34,50440.560224974,5556106.0,7.12350773301412,0.763041912763526
FI,FIN,Finland,2023,295191741637.26,52864.6931581216,5583911.0,6.25064322154763,-1.28973484453397
FI,FIN,Finland,2024,298729432711.719,53155.5451165897,5619911.0,1.56568906231616,0.374566568538427
FI,FIN,Finland,2025,317039368819.607,56148.580949046,5646436.0,0.337874659400574,0.173444509584499
FJ,FJI,Fiji,2015,4682479893.97558,5097.53106864695,918578.0,1.37488542621447,4.50120064471365
FJ,FJI,Fiji,2016,4930213644.36653,5363.79026679243,919166.0,3.86322538221278,2.44565202449249
FJ,FJI,Fiji,2017,5353469174.47838,5826.84814459328,918759.0,3.34757834757831,5.35336434979577
FJ,FJI,Fiji,2018,5581425327.44397,6085.41979485376,917180.0,4.08147637644543,3.812350939512
FJ,FJI,Fiji,2019,5344907153.46698,5842.07344577597,914899.0,1.79388647514555,-0.581946590349759
FJ,FJI,Fiji,2020,4227719873.3865,4620.6457238014,914963.0,-1.70014167847318,-17.1835352599354
FJ,FJI,Fiji,2021,4158873156.17978,4536.73312110335,916711.0,1.53454853751592,-4.3459619989752
FJ,FJI,Fiji,2022,4977861885.60316,5414.12092119088,919422.0,6.07882431529725,17.7451269773594
FJ,FJI,Fiji,2023,5476673518.13788,5926.20586394763,924145.0,2.97544080604539,9.44245856738313
FJ,FJI,Fiji,2024,5968125909.27126,6425.74151715712,928784.0,3.89084237884105,3.53085896076352
FJ,FJI,Fiji,2025,6198013062.06553,6642.00449450523,933154.0,-1.38326833934224,3.19546862124029
FR,FRA,France,2015,2442483452642.5,36702.4323733379,66548272.0,0.0375143805125182,1.06675474783462
FR,FRA,France,2016,2470407619777.13,37024.2157133669,66724104.0,0.183334861123765,0.860031075424033
FR,FRA,France,2017,2588868323334.71,38687.1626407164,66918020.0,1.03228275064681,2.08361485997399
FR,FRA,France,2018,2781576320884.39,41418.1766484844,67158348.0,1.85081508315493,1.64590872395887
FR,FRA,France,2019,2722793515171.76,40408.2848574751,67382061.0,1.10825492288294,2.02744646419237
FR,FRA,France,2020,2647926055110.05,39169.8606000707,67601110.0,0.476498852725065,-7.44064589948231
FR,FRA,France,2021,2966433692008.09,43725.0999521245,67842811.0,1.64233141038394,6.88233783360239
FR,FRA,France,2022,2794788137066.94,40988.6396406579,68184457.0,5.22236748369725,2.71676264185913
FR,FRA,France,2023,3056250648138.29,44700.1384177544,68372286.0,4.8783572650844,1.43921494437743
FR,FRA,France,2024,3160442622465.08,46103.0840855884,68551653.0,1.99904942291463,1.19046798275883
FR,FRA,France,2025,3366315927447.33,48985.7307807924,68720337.0,0.943770212469976,0.840949955479587
FO,FRO,Faroe Islands,2015,2573905971.05459,52638.2668218454,48898.0,,0.958001934486234
FO,FRO,Faroe Islands,2016,2813278868.78208,56876.4302363804,49463.0,,1.38644795938293
FO,FRO,Faroe Islands,2017,2980057377.87967,59388.5365965776,50179.0,,3.51201367488443
FO,FRO,Faroe Islands,2018,3188600927.46688,62525.2647698273,50997.0,,2.76370952267429
FO,FRO,Faroe Islands,2019,3266432734.22819,63070.7228080361,51790.0,,4.53851028676189
FO,FRO,Faroe Islands,2020,3271813311.5831,62247.9273907098,52561.0,,-1.63732118017028
FO,FRO,Faroe Islands,2021,3699551717.10561,69421.6981686515,53291.0,,5.06636291600633
FO,FRO,Faroe Islands,2022,3615241800.50058,67069.3987440509,53903.0,,3.86099981669155
FO,FRO,Faroe Islands,2023,3943131022.2291,72486.6910957957,54398.0,,3.15873872329266
FO,FRO,Faroe Islands,2024,4052937169.76536,74175.2776311377,54640.0,,0.843716851362103
FO,FRO,Faroe Islands,2025,,,54900.0,,
FM,FSM,"Micronesia, Fed. Sts.",2015,312000000.0,2869.86276169101,108716.0,-0.2981158373807,4.3859649122807
FM,FSM,"Micronesia, Fed. Sts.",2016,327000000.0,2997.93719917488,109075.0,-1.03746806405349,1.26050420168067
FM,FSM,"Micronesia, Fed. Sts.",2017,361000000.0,3297.37580036719,109481.0,0.58225373525489,2.07468879668049
FM,FSM,"Micronesia, Fed. Sts.",2018,394000000.0,3584.78377566896,109909.0,1.49840023593737,0.406504065040664
FM,FSM,"Micronesia, Fed. Sts.",2019,395000000.0,3581.72684572278,110282.0,1.92385170787923,3.64372469635627
FM,FSM,"Micronesia, Fed. Sts.",2020,372902700.0,3362.02802120524,110916.0,0.554594630853174,-2.05703124999999
FM,FSM,"Micronesia, Fed. Sts.",2021,391601900.0,3508.22314197664,111624.0,3.19128406597466,3.09969928290539
FM,FSM,"Micronesia, Fed. Sts.",2022,415232900.0,3703.66680343222,112114.0,5.40874375479067,-3.11412501063803
FM,FSM,"Micronesia, Fed. Sts.",2023,442975600.0,3933.01607031874,112630.0,,1.13097800090873
FM,FSM,"Micronesia, Fed. Sts.",2024,481121300.0,4251.69052668788,113160.0,,2.30132923576443
FM,FSM,"Micronesia, Fed. Sts.",2025,501797600.0,4414.00737137479,113683.0,,1.0626071425539
GA,GAB,Gabon,2015,14383107762.6952,7047.12654634355,2040989.0,-0.338795188753406,3.8788993950789
GA,GAB,Gabon,2016,14023890265.3665,6677.07003901644,2100306.0,2.10670712784054,2.09144220829562
GA,GAB,Gabon,2017,14929487485.1623,6921.73373135624,2156900.0,2.65192583143902,0.472642030911146
GA,GAB,Gabon,2018,16867326401.9626,7624.2775233771,2212318.0,4.74906652083221,0.83791658082157
GA,GAB,Gabon,2019,16874405465.391,7441.1786472281,2267706.0,2.46456756151187,3.92080879452831
GA,GAB,Gabon,2020,15342236163.9943,6605.80346077904,2322539.0,1.35276110675333,-1.8377610635094
GA,GAB,Gabon,2021,19444935097.2333,8181.40914134398,2376722.0,1.0869074651941,1.46795731508091
GA,GAB,Gabon,2022,20440655695.229,8409.20741452279,2430747.0,4.23124798274579,3.03761449525692
GA,GAB,Gabon,2023,19388372070.9778,7802.82433276138,2484789.0,3.62901534185376,2.43893665041031
GA,GAB,Gabon,2024,20895684425.6752,8230.04311451151,2538952.0,1.17311998381218,3.39403899521831
GA,GAB,Gabon,2025,21427119323.2764,8263.03321595,2593130.0,1.76766609003481,2.47287961498321
GB,GBR,United Kingdom,2015,2945579890258.46,45256.040227057,65087000.0,0.36804684232536,2.14040560033371
GB,GBR,United Kingdom,2016,2706807606538.73,41258.5374285695,65606000.0,1.0084173681141,2.20652020635357
GB,GBR,United Kingdom,2017,2699118387873.1,40918.0520870944,65964000.0,2.55775577557747,3.02322219840339
GB,GBR,United Kingdom,2018,2897028009916.05,43704.3162296687,66287000.0,2.29283990345938,1.55133095078786
GB,GBR,United Kingdom,2019,2875710080015.3,43160.6843971799,66628000.0,1.73810460086513,1.25629899760824
GB,GBR,United Kingdom,2020,2724001478304.59,40815.1255364787,66740000.0,0.989486703772491,-10.047896637362
GB,GBR,United Kingdom,2021,3194559188925.93,47695.6491523474,66978000.0,2.51837109614213,8.5431118453255
GB,GBR,United Kingdom,2022,3181244350465.41,47034.7795621476,67636000.0,7.92204883147902,5.14970388522993
GB,GBR,United Kingdom,2023,3420796653789.08,49919.6896621586,68526000.0,6.79396706793963,0.271650048355255
GB,GBR,United Kingdom,2024,3695539513534.15,53341.3131094262,69281000.0,3.2715729463592,1.08027716858781
GB,GBR,United Kingdom,2025,4002587541846.01,57601.9621201954,69487000.0,3.88306881626,1.38844207858726
GE,GEO,Georgia,2015,15223796148.8396,4086.6223465965,3725276.0,4.00357820695097,3.35102350265353
GE,GEO,Georgia,2016,15444548901.9637,4143.40125686315,3727505.0,2.13492713939121,3.45021517996871
GE,GEO,Georgia,2017,16473125375.0684,4418.75206546679,3728004.0,6.03531725272117,5.15990261658827
GE,GEO,Georgia,2018,17902544880.6471,4804.0546040444,3726549.0,2.6152447139767,6.062036412677
GE,GEO,Georgia,2019,17638337116.9126,4741.2832715876,3720161.0,4.85289821696723,5.38071926589951
GE,GEO,Georgia,2020,16010869215.68,4300.85701291207,3722716.0,5.2024648897534,-6.2904717853839
GE,GEO,Georgia,2021,18853115588.8106,5083.60695484577,3708610.0,9.56691433824769,10.6442336580969
GE,GEO,Georgia,2022,24984568959.605,6729.84659930283,3712502.0,11.8981654203198,10.9585321385624
GE,GEO,Georgia,2023,30777833600.6515,8283.66960652261,3715483.0,2.48776056578715,7.83220126555726
GE,GEO,Georgia,2024,34189423333.141,8967.67525638987,3812518.0,1.10971758022096,9.67979379712661
GE,GEO,Georgia,2025,38143612855.1367,9691.53472415196,3935766.0,3.8692132193969,7.46161504152039
GH,GHA,Ghana,2015,49436806230.4839,1722.77282833606,28696068.0,17.1499695007878,2.12075933817334
GH,GHA,Ghana,2016,56144179397.8516,1912.47991339951,29356742.0,17.4546347070868,3.37346574966936
GH,GHA,Ghana,2017,60385409434.8567,2012.28662641265,30008354.0,12.3719215507048,8.12889488100956
GH,GHA,Ghana,2018,67259353965.6087,2195.32166016377,30637585.0,7.80876516610703,6.20007768127284
GH,GHA,Ghana,2019,68352629246.1555,2186.65822682613,31258945.0,7.14364003330857,6.5077747939152
GH,GHA,Ghana,2020,70008243859.8666,2195.45481659987,31887809.0,9.88728956269944,0.513941670628171
GH,GHA,Ghana,2021,79514204730.3979,2445.18662529344,32518665.0,9.9710886750444,5.07646643533542
GH,GHA,Ghana,2022,73919003212.1998,2229.89122654479,33149152.0,31.2558951049016,3.80484978178042
GH,GHA,Ghana,2023,80547146875.9526,2383.90410476221,33787914.0,38.1069656296501,3.14009100080186
GH,GHA,Ghana,2024,83288585604.0268,2419.2518672482,34427414.0,22.8483281157842,5.84746854280382
GH,GHA,Ghana,2025,114209905278.717,3257.1588903576,35064272.0,14.2046755548989,5.95441714756899
GI,GIB,Gibraltar,2015,,,33193.0,,
GI,GIB,Gibraltar,2016,,,33658.0,,
GI,GIB,Gibraltar,2017,,,34245.0,,
GI,GIB,Gibraltar,2018,,,34854.0,,
GI,GIB,Gibraltar,2019,,,35494.0,,
GI,GIB,Gibraltar,2020,,,36173.0,,
GI,GIB,Gibraltar,2021,,,36858.0,,
GI,GIB,Gibraltar,2022,,,37609.0,,
GI,GIB,Gibraltar,2023,,,38471.0,,
GI,GIB,Gibraltar,2024,,,39329.0,,
GI,GIB,Gibraltar,2025,,,40126.0,,
GN,GIN,Guinea,2015,8794201742.84609,747.356966759448,11767070.0,11.7800825029834,3.82591056949435
GN,GIN,Guinea,2016,8595955222.49719,711.996509782316,12073030.0,8.17268112275132,10.82062719659
GN,GIN,Guinea,2017,10324668271.1362,833.598621691121,12385659.0,8.91435947913097,10.3000053427355
GN,GIN,Guinea,2018,11857030366.7891,933.273615633705,12704774.0,9.82761701259191,6.35849192736715
GN,GIN,Guinea,2019,13442861496.4454,1031.34146480732,13034346.0,9.47001039253012,5.61691446889876
GN,GIN,Guinea,2020,14088693742.9464,1053.66097696415,13371183.0,10.6016203387167,4.70459096113575
GN,GIN,Guinea,2021,17069115737.8259,1244.96550477914,13710513.0,12.5972882566934,5.5823328114905
GN,GIN,Guinea,2022,19910452541.9219,1416.59612011764,14055137.0,10.4930409984424,3.97240784200721
GN,GIN,Guinea,2023,22407615556.0571,1555.49375806861,14405468.0,7.80497591927973,5.54172668627702
GN,GIN,Guinea,2024,25008678293.4073,1694.95375862185,14754785.0,8.12313914948596,5.35004659049265
GN,GIN,Guinea,2025,28346024753.2924,1877.2541220972,15099727.0,3.54630163142885,7.44709668357611
GM,GMB,"Gambia, The",2015,1378176608.93204,619.536364296461,2224529.0,6.8084549457961,4.0580738039996
GM,GMB,"Gambia, The",2016,1484578885.97132,650.056501323611,2283769.0,7.22879272057922,1.94335965478776
GM,GMB,"Gambia, The",2017,1504909462.69521,642.522641296331,2342189.0,8.03418974545911,4.8226112492757
GM,GMB,"Gambia, The",2018,1670671327.81651,696.219806960615,2399632.0,6.52096823946573,7.23489033258579
GM,GMB,"Gambia, The",2019,1813609692.49994,738.186751987483,2456844.0,7.11567625631192,6.22205315994859
GM,GMB,"Gambia, The",2020,1812170891.19069,720.335143352133,2515733.0,5.93127636562441,0.591487287873974
GM,GMB,"Gambia, The",2021,2014158842.14596,781.890925169531,2576010.0,7.37034758876618,5.25596878816744
GM,GMB,"Gambia, The",2022,2204734527.88096,836.244875868476,2636470.0,11.5131198380505,5.49299823010114
GM,GMB,"Gambia, The",2023,2382262185.38179,883.024111978927,2697845.0,16.9742129632327,5.91679576551141
GM,GMB,"Gambia, The",2024,2404888737.54853,871.340287547821,2759988.0,11.5610532897511,5.55126065805138
GM,GMB,"Gambia, The",2025,2593673987.53306,919.060423427951,2822093.0,,5.89309208233146
GW,GNB,Guinea-Bissau,2015,1152384166.79638,645.066837207039,1786457.0,1.47672048910485,6.1340893623123
GW,GNB,Guinea-Bissau,2016,1245074264.10396,679.665386626818,1831893.0,1.50312055861088,5.4326782650304
GW,GNB,Guinea-Bissau,2017,1469978606.12143,783.123186602022,1877072.0,1.69111461822298,4.66367943913264
GW,GNB,Guinea-Bissau,2018,1554133593.91699,808.531613218504,1922168.0,0.381324702790992,3.76145359637003
GW,GNB,Guinea-Bissau,2019,1596214680.12925,811.210004050041,1967696.0,0.24660026814783,5.32749571119344
GW,GNB,Guinea-Bissau,2020,1705062169.81422,846.918134967613,2013255.0,1.14000939393222,2.89149979806913
GW,GNB,Guinea-Bissau,2021,1907611288.23036,926.54619187706,2058841.0,2.24248879577658,5.0173096003907
GW,GNB,Guinea-Bissau,2022,1856239954.81555,881.602654162231,2105529.0,9.39075933985203,5.45776090019501
GW,GNB,Guinea-Bissau,2023,2076748678.11987,964.431832665395,2153339.0,7.10220928557059,4.63052364601562
GW,GNB,Guinea-Bissau,2024,2197777209.94218,998.376093392688,2201352.0,3.76555825770114,4.40920107183611
GW,GNB,Guinea-Bissau,2025,2527930272.92988,1123.76679992349,2249515.0,0.874929691038717,5.81813762310792
GQ,GNQ,Equatorial Guinea,2015,13185496881.0174,9068.91003238645,1453923.0,1.67663085315988,-9.11004114881537
GQ,GNQ,Equatorial Guinea,2016,11240808847.8878,7453.19797948517,1508186.0,1.41193915479015,-8.81641723219757
GQ,GNQ,Equatorial Guinea,2017,12200913878.9827,7809.10465655488,1562396.0,0.74435474661241,-5.66750850486686
GQ,GNQ,Equatorial Guinea,2018,13097012133.6159,8102.47084834031,1616422.0,1.06007410662171,-6.23654406734575
GQ,GNQ,Equatorial Guinea,2019,11364133549.7478,6804.14923073888,1670177.0,1.53027528964189,-5.48182537893445
GQ,GNQ,Equatorial Guinea,2020,9893816007.7398,5764.05502912947,1716468.0,4.76669523944228,-4.79108083383294
GQ,GNQ,Equatorial Guinea,2021,12215878032.7166,6945.63069794539,1758786.0,-0.0971007664640198,0.860269956382069
GQ,GNQ,Equatorial Guinea,2022,13687643435.6249,7589.29964909381,1803545.0,4.78671704710803,3.22350831658598
GQ,GNQ,Equatorial Guinea,2023,12541814272.8021,6788.35271638376,1847549.0,2.85949506037322,-7.4250553172124
GQ,GNQ,Equatorial Guinea,2024,13254388261.1258,7003.58055684906,1892516.0,2.92140227309103,0.39622552095193
GQ,GNQ,Equatorial Guinea,2025,12823210425.9217,6615.25245207167,1938431.0,,-5.84678505700693
GR,GRC,Greece,2015,194567373678.099,17980.7298238137,10820883.0,-1.73588804765284,-0.228301892172851
GR,GRC,Greece,2016,193097239005.87,17919.2426377048,10775971.0,-0.825653978390973,-0.0317947678412054
GR,GRC,Greece,2017,200381103984.298,18631.9930129293,10754679.0,1.12125452031419,1.47312472702352
GR,GRC,Greece,2018,213298873494.394,19873.4015238771,10732882.0,0.62562141345364,2.06467207892409
GR,GRC,Greece,2019,207305649887.019,19335.3602002969,10721582.0,0.253007522038157,2.27718065334808
GR,GRC,Greece,2020,191362985554.861,17886.733165236,10698599.0,-1.24798355581405,-9.19623149726978
GR,GRC,Greece,2021,218303801895.326,20652.89659591,10570130.0,1.22382501019854,8.65449786002131
GR,GRC,Greece,2022,217990189600.69,20884.6773436263,10437805.0,9.64525981280632,5.52198580589408
GR,GRC,Greece,2023,242946187738.269,23343.7103964562,10407351.0,3.46480128513405,2.13591131996631
GR,GRC,Greece,2024,256238371778.118,24626.1481858973,10405134.0,2.74101875679486,2.0865743380603
GR,GRC,Greece,2025,280635521324.441,26948.0070432791,10413962.0,2.48209745378857,2.07306882481713
GD,GRD,Grenada,2015,997007407.407407,8694.12438005692,114676.0,-0.515448031435329,6.44522314693144
GD,GRD,Grenada,2016,1061640740.74074,9221.23461079424,115130.0,1.65038994431573,3.7396039558691
GD,GRD,Grenada,2017,1125685185.18519,9751.42661155932,115438.0,0.908458255874249,4.43867566948151
GD,GRD,Grenada,2018,1166514814.81481,10083.021279225,115691.0,0.804102313277033,4.36144039364797
GD,GRD,Grenada,2019,1213485185.18519,10462.7929159533,115981.0,0.598149764736022,0.676511738873756
GD,GRD,Grenada,2020,1043411111.11111,8968.55890108484,116341.0,-0.740732597045498,-13.7566222572107
GD,GRD,Grenada,2021,1122222222.22222,9617.28902905373,116688.0,1.21951193916838,4.6977240232674
GD,GRD,Grenada,2022,1224007407.40741,10469.3867012856,116913.0,2.5805392590792,7.31023806981959
GD,GRD,Grenada,2023,1336418518.51852,11414.4781691181,117081.0,2.69612269814564,4.52657497450693
GD,GRD,Grenada,2024,1351270370.37037,11528.9220811928,117207.0,1.08615365134737,2.3996478454327
GD,GRD,Grenada,2025,1420173228.56948,12106.8790105068,117303.0,0.610311975893833,4.41201
GL,GRL,Greenland,2015,2499113022.81675,44536.3549705377,56114.0,,-2.52931802394475
GL,GRL,Greenland,2016,2707139544.46695,48181.7453541266,56186.0,,4.68195410972302
GL,GRL,Greenland,2017,2851613679.03433,50765.7494665372,56172.0,,0.0527281828800312
GL,GRL,Greenland,2018,3055782146.15957,54545.135857765,56023.0,,0.62306542854094
GL,GRL,Greenland,2019,2997309971.87623,53309.2035905065,56225.0,,2.83217756798683
GL,GRL,Greenland,2020,3089625554.40473,54812.6661771023,56367.0,,0.250789762104304
GL,GRL,Greenland,2021,3293578467.57327,58135.9939910203,56653.0,,1.63409410992996
GL,GRL,Greenland,2022,3152334771.77992,55635.0006491223,56661.0,,2.00455580865604
GL,GRL,Greenland,2023,3326543974.39193,58498.9707973609,56865.0,,0.865961986998158
GL,GRL,Greenland,2024,,,56836.0,,
GL,GRL,Greenland,2025,,,56831.0,,
GT,GTM,Guatemala,2015,62186066547.6566,3893.50533299068,15971743.0,2.3887203283955,4.09217170075418
GT,GTM,Guatemala,2016,66053408205.8838,4060.13784737643,16268760.0,4.44844199942827,2.6778031930216
GT,GTM,Guatemala,2017,71653780740.4226,4324.99768915601,16567357.0,4.42453655182546,3.0798512212244
GT,GTM,Guatemala,2018,73328356007.6152,4352.94593289707,16845685.0,3.75186186704508,3.40687328176345
GT,GTM,Guatemala,2019,77172331693.4093,4511.99839552697,17103803.0,3.69998398008605,4.01789830861587
GT,GTM,Guatemala,2020,77719468248.3666,4477.61785000665,17357325.0,3.21444062197345,-1.78555117570465
GT,GTM,Guatemala,2021,86455522272.7383,4912.62240414681,17598650.0,4.26105127422813,8.04170398855833
GT,GTM,Guatemala,2022,95609727055.5754,5356.92435887895,17847877.0,6.88512823344287,4.15492196609047
GT,GTM,Guatemala,2023,104298081428.769,5754.42833909847,18124838.0,6.20657592272126,3.52430434049013
GT,GTM,Guatemala,2024,113215575150.885,6150.89465281457,18406359.0,2.86992752918294,3.71558453779777
GT,GTM,Guatemala,2025,123306008821.471,6598.18032988711,18687881.0,1.48841591086169,4.28003207921405
GU,GUM,Guam,2015,5799000000.0,35165.7014644795,164905.0,,0.825688073394488
GU,GUM,Guam,2016,5901000000.0,35930.6594898711,164233.0,,0.18198362147406
GU,GUM,Guam,2017,6013000000.0,36779.0078903909,163490.0,,0.890099909173486
GU,GUM,Guam,2018,6051000000.0,37195.9503070464,162679.0,,-0.828231904933389
GU,GUM,Guam,2019,6355000000.0,39274.9431424899,161808.0,,2.52360203340596
GU,GUM,Guam,2020,5916000000.0,36482.9363953675,162158.0,,-10.5188595714539
GU,GUM,Guam,2021,6234000000.0,38074.8793745801,163730.0,,2.0581832574708
GU,GUM,Guam,2022,6910000000.0,41833.1517132825,165180.0,,5.09986426216793
GU,GUM,Guam,2023,,,166506.0,,
GU,GUM,Guam,2024,,,167777.0,,
GU,GUM,Guam,2025,,,168999.0,,
GY,GUY,Guyana,2015,4279840193.7046,5640.41560569466,758781.0,-0.865401289233742,0.687404590619494
GY,GUY,Guyana,2016,4482697336.56174,5870.87823759835,763548.0,0.826177341246544,3.80745626378814
GY,GUY,Guyana,2017,4748174334.14044,6178.6650437298,768479.0,1.94571617739331,3.73449154571284
GY,GUY,Guyana,2018,4787636997.85343,6048.38697180418,791556.0,1.25128567037044,4.44091288475967
GY,GUY,Guyana,2019,5173760191.84652,6405.82443444562,807665.0,2.11238986774464,5.35284003535665
GY,GUY,Guyana,2020,5471256594.72422,6775.70939096303,807481.0,0.722434045501787,43.479651716849
GY,GUY,Guyana,2021,8041362110.31175,9860.87014834386,815482.0,4.50619858925893,20.0599975568418
GY,GUY,Guyana,2022,14718388489.2086,17913.4928066879,821637.0,6.93346066500816,63.3346343654855
GY,GUY,Guyana,2023,16918503597.1223,20473.7002190617,826353.0,2.82159393090811,33.795011115873
GY,GUY,Guyana,2024,24662714628.2974,29675.2501582835,831087.0,2.90379501424778,43.8192726391966
GY,GUY,Guyana,2025,27097477218.2254,32413.7930757518,835986.0,3.32982339132475,19.3360097091818
HK,HKG,"Hong Kong SAR, China",2015,309385622601.348,42432.1619740441,7291300.0,2.99084819322581,2.38780116013344
HK,HKG,"Hong Kong SAR, China",2016,320860317562.562,43734.1980702999,7336600.0,2.40930743862224,2.17544820327555
HK,HKG,"Hong Kong SAR, China",2017,341273289534.466,46160.429791493,7393200.0,1.49387243939522,3.79610937243891
HK,HKG,"Hong Kong SAR, China",2018,361731070995.726,48537.5668888343,7452600.0,2.40613432046534,2.84690922660509
HK,HKG,"Hong Kong SAR, China",2019,363074545072.389,48359.0011950597,7507900.0,2.88320853773996,-1.67242865968056
HK,HKG,"Hong Kong SAR, China",2020,344943149590.058,46109.2299946609,7481000.0,0.2509620210808,-6.54479640529367
HK,HKG,"Hong Kong SAR, China",2021,368954169748.818,49770.5642374739,7413100.0,1.56875834445922,6.45443038333934
HK,HKG,"Hong Kong SAR, China",2022,358673532516.529,48825.0272275805,7346100.0,1.88136707196853,-3.68528359281325
HK,HKG,"Hong Kong SAR, China",2023,380762296025.216,50525.1119312663,7536100.0,2.09660511249089,3.15034461759902
HK,HKG,"Hong Kong SAR, China",2024,408368682415.423,54274.7547767073,7524100.0,1.72972119105914,2.62936861207362
HK,HKG,"Hong Kong SAR, China",2025,427310315921.993,56983.0663059906,7498900.0,1.43633540372673,3.48764886355949
HN,HND,Honduras,2015,20979791685.416,2271.20265980349,9237305.0,3.15783117980915,3.84007997093951
HN,HND,Honduras,2016,21717604952.1835,2307.34468351082,9412380.0,2.72461223295289,3.89297219726413
HN,HND,Honduras,2017,23136247990.5977,2413.0076562942,9588137.0,3.93436084442037,4.84291391050387
HN,HND,Honduras,2018,24067750760.499,2464.64241531918,9765210.0,4.34734937777536,3.84499476966735
HN,HND,Honduras,2019,24882225741.8119,2502.32744328073,9943633.0,4.36587159819274,2.55963434592314
HN,HND,Honduras,2020,23352232483.755,2307.61494319511,10119640.0,3.46841177951171,-8.96508223267296
HN,HND,Honduras,2021,28144331506.6149,2735.14751503977,10289877.0,4.48087963413446,12.5652843771279
HN,HND,Honduras,2022,31426041806.7985,3003.28996826399,10463872.0,9.08963911525032,4.14356194013767
HN,HND,Honduras,2023,34355805527.9795,3227.45762509776,10644851.0,6.66325180347463,3.57584760454412
HN,HND,Honduras,2024,36980171442.0603,3415.96027916712,10825703.0,4.60621098127101,3.63240745450875
HN,HND,Honduras,2025,39601409103.3005,3598.21450440452,11005850.0,4.59657982325258,3.75143102801252
HR,HRV,Croatia,2015,50999271058.5849,12283.8750299177,4151725.0,-0.464499004645003,2.32056679330526
HR,HRV,Croatia,2016,52650804052.1394,12820.1872746645,4106867.0,-1.12500000000002,3.46613146011039
HR,HRV,Croatia,2017,56182225079.1072,13901.6498657787,4041407.0,1.12937210282347,3.2840626939789
HR,HRV,Croatia,2018,61668280700.0968,15460.4560798984,3988775.0,1.50012501041747,2.91107146210912
HR,HRV,Croatia,2019,61467261345.012,15563.7354996625,3949390.0,0.771820346498112,3.10247285336254
HR,HRV,Croatia,2020,57959824238.1808,14807.5559227544,3914206.0,0.154811374562106,-8.31046995309319
HR,HRV,Croatia,2021,69002262504.9821,17788.7601163765,3878981.0,2.55450699642041,12.6312741312741
HR,HRV,Croatia,2022,71196460236.6301,18465.531473659,3855641.0,10.7805806758686,7.29479114889533
HR,HRV,Croatia,2023,85621337533.3348,22183.4982258492,3859686.0,7.94128177586822,3.76204092717136
HR,HRV,Croatia,2024,92981894167.9687,24049.9441746337,3866200.0,2.97200477643626,3.82578440126859
HR,HRV,Croatia,2025,105060182186.274,27103.9116109268,3876200.0,3.69153459605729,3.40307537181749
HT,HTI,Haiti,2015,14849629308.6025,1411.12684746796,10523242.0,6.73184069658997,1.40000000859727
HT,HTI,Haiti,2016,14069277526.2278,1318.40268167953,10671457.0,11.5029073942666,1.81246807847532
HT,HTI,Haiti,2017,15093357161.1498,1395.23945184461,10817754.0,10.6800887242584,2.51027134544685
HT,HTI,Haiti,2018,16403864617.8458,1496.38048970156,10962362.0,12.4814111170435,1.66781095484656
HT,HTI,Haiti,2019,15016090929.5125,1352.17204191532,11105163.0,18.7037825672506,-1.72309699839232
HT,HTI,Haiti,2020,14508222518.3018,1290.32538667383,11243848.0,22.7963113642528,-3.30550546965893
HT,HTI,Haiti,2021,20754978152.2134,1824.6798742577,11374586.0,16.8415240198785,-1.79823988931486
HT,HTI,Haiti,2022,20113007125.93,1748.40890116803,11503606.0,33.98393194707,-1.68198396897978
HT,HTI,Haiti,2023,19572288894.1581,1681.84407667059,11637398.0,36.8135162780854,-1.86388420254838
HT,HTI,Haiti,2024,24255657481.2502,2060.35591768638,11772557.0,26.9490564091987,-4.18495104762965
HT,HTI,Haiti,2025,32077278409.2339,2694.18969101404,11906095.0,28.6427976686095,-2.71291075761471
HU,HUN,Hungary,2015,125244126623.289,12782.9412577973,9797755.0,-0.0616446800641672,3.65981615406955
HU,HUN,Hungary,2016,128983560865.293,13215.8605277789,9759755.0,0.394769306686392,2.43864141309342
HU,HUN,Hungary,2017,143335098991.862,14736.1668157258,9726756.0,2.34824281150154,4.12418389451805
HU,HUN,Hungary,2018,161184691013.835,16605.0570511887,9706964.0,2.85024792594646,5.60613813768876
HU,HUN,Hungary,2019,164936682033.992,17012.8598553199,9694824.0,3.33858635382008,5.07718495088933
HU,HUN,Hungary,2020,158468487754.196,16386.9308821258,9670419.0,3.32674385766738,-4.33872540024058
HU,HUN,Hungary,2021,183282685440.486,19030.628130329,9630932.0,5.11096534382855,7.22291580811137
HU,HUN,Hungary,2022,177002580544.155,18428.028825614,9605074.0,14.6081439492433,4.15238057779229
HU,HUN,Hungary,2023,213029511028.874,22208.6509820466,9592186.0,17.1249659678737,-0.817107370513455
HU,HUN,Hungary,2024,222848211034.367,23305.4482514359,9562065.0,3.70370370370369,0.709070599066038
HU,HUN,Hungary,2025,246490213513.054,25907.4743259406,9514251.0,4.41198445905562,0.509542309726868
ID,IDN,Indonesia,2015,860854232686.214,3288.22269725538,261799249.0,6.36312061196646,4.87632230022123
ID,IDN,Indonesia,2016,931877364037.698,3521.46943457574,264627418.0,3.52580452815451,5.03306918280177
ID,IDN,Indonesia,2017,1015618744159.73,3798.88326174526,267346658.0,3.80879857691949,5.06978590134916
ID,IDN,Indonesia,2018,1042271532988.63,3860.95353090726,269951846.0,3.19834755924996,5.17429153955024
ID,IDN,Indonesia,2019,1119099871350.2,4106.94856160358,272489381.0,3.03058460941661,5.01928768046282
ID,IDN,Indonesia,2020,1059054842698.48,3853.70288774146,274814866.0,1.91983527270793,-2.06551182934165
ID,IDN,Indonesia,2021,1186509691086.73,4287.17313995098,276758053.0,1.56007882983334,3.70288562827751
ID,IDN,Indonesia,2022,1319101183380.15,4730.83484836107,278830529.0,4.20946463714784,5.30719722664799
ID,IDN,Indonesia,2023,1371166925749.88,4876.2992959843,281190067.0,3.66938654859761,5.04883117855516
ID,IDN,Indonesia,2024,1396301788461.69,4925.43644992666,283487931.0,2.18151273615189,5.03257477088519
ID,IDN,Indonesia,2025,1445642584163.81,5059.62596411213,285721236.0,1.9133344329508,5.10808904438025
IM,IMN,Isle of Man,2015,7084800892.22284,84753.5187422732,83593.0,,-0.385866882198087
IM,IMN,Isle of Man,2016,6846377563.00683,82025.9454509241,83466.0,,6.95230284899407
IM,IMN,Isle of Man,2017,6979788333.50279,83481.3038489014,83609.0,,2.83775807093689
IM,IMN,Isle of Man,2018,7491649455.92717,89393.8244248812,83805.0,,2.2133975392251
IM,IMN,Isle of Man,2019,7314967866.28289,87127.5517977404,83957.0,,0.254877847398262
IM,IMN,Isle of Man,2020,6684225641.02564,79513.5330346598,84064.0,,-8.83681697473475
IM,IMN,Isle of Man,2021,7931193222.06405,94299.969348965,84106.0,,3.83783632334639
IM,IMN,Isle of Man,2022,7431257410.92713,88328.548125887,84132.0,,-4.16847722466753
IM,IMN,Isle of Man,2023,7576129932.79381,90015.2074234398,84165.0,,-2.03524496955581
IM,IMN,Isle of Man,2024,,,84160.0,,
IM,IMN,Isle of Man,2025,,,84118.0,,
IN,IND,India,2015,2103588360044.94,1583.99815907985,1328024498.0,4.90697344127249,7.99625378567987
IN,IND,India,2016,2294796885663.16,1707.50892912243,1343944296.0,4.94821634062134,8.25630550176662
IN,IND,India,2017,2651474262755.45,1950.10468280866,1359657400.0,3.32817337461305,6.79538341902422
IN,IND,India,2018,2702929641648.74,1966.25455171679,1374659064.0,3.93882646691643,6.45385134495295
IN,IND,India,2019,2835606256558.19,2041.42863698585,1389030312.0,3.72950573539123,3.87143694070524
IN,IND,India,2020,2674851578587.27,1907.04251637669,1402617695.0,6.6234367762853,-5.77772470687303
IN,IND,India,2021,3167270623260.47,2239.61384367482,1414203896.0,5.13140747176364,9.68959249191741
IN,IND,India,2022,3249938492013.47,2279.98145719369,1425423212.0,6.69903414079858,7.6093649776932
IN,IND,India,2023,3500906030644.76,2434.44826340989,1438069596.0,5.64914318907925,7.210224629335
IN,IND,India,2024,3760813470500.86,2591.9916607122,1450935791.0,4.95303550973661,7.09927893176518
IN,IND,India,2025,3956067115771.63,2702.47987141553,1463865525.0,2.39884954182294,7.56666179284244
IE,IRL,Ireland,2015,302101388556.271,64250.1385181257,4701957.0,-0.330959783371788,24.6239856364006
IE,IRL,Ireland,2016,305431252708.748,64129.5571542383,4762722.0,0.0201247735963237,1.22271661130947
IE,IRL,Ireland,2017,348355212568.515,72161.4047531385,4827445.0,0.362173038229378,10.1088576065965
IE,IRL,Ireland,2018,395780319816.603,80804.1123164826,4898022.0,0.471130713712916,7.68865937437435
IE,IRL,Ireland,2019,407211793800.713,81827.6688873996,4976456.0,0.937842961189274,4.97288003766816
IE,IRL,Ireland,2020,436009027818.948,86514.0706108754,5039747.0,-0.326183651280033,7.15369505735335
IE,IRL,Ireland,2021,530394123829.763,103783.446284479,5110585.0,2.34034113447044,16.2581881158197
IE,IRL,Ireland,2022,548341794599.09,105190.685952731,5212836.0,7.82945736434105,7.51113888415304
IE,IRL,Ireland,2023,567372737459.116,106818.917130804,5311538.0,6.29942487419125,-2.53637409313261
IE,IRL,Ireland,2024,609157459747.205,112894.953240805,5395790.0,2.11344999577317,2.59946721553708
IE,IRL,Ireland,2025,721701359046.313,131592.462547877,5484367.0,2.21044788475857,12.3375990291434
IR,IRN,"Iran, Islamic Rep.",2015,409191686496.677,4952.73355532178,82619362.0,12.4846815611533,-1.42488493937503
IR,IRN,"Iran, Islamic Rep.",2016,478618064870.999,5710.59947089104,83812228.0,7.24542548952979,8.8150866425182
IR,IRN,"Iran, Islamic Rep.",2017,510239893417.645,6000.93346404409,85026754.0,8.04492437660278,3.02685468694025
IR,IRN,"Iran, Islamic Rep.",2018,411903303606.044,4783.01067340237,86117998.0,18.0141183371874,-3.74796015711334
IR,IRN,"Iran, Islamic Rep.",2019,347988400957.999,3997.4935449585,87051648.0,39.9073455697784,-2.36143538770575
IR,IRN,"Iran, Islamic Rep.",2020,280934329279.723,3202.50003502169,87723443.0,30.5941390387295,4.44180865358672
IR,IRN,"Iran, Islamic Rep.",2021,407350685583.335,4605.14881318992,88455488.0,43.3890162681514,4.13089685034471
IR,IRN,"Iran, Islamic Rep.",2022,422662261525.665,4721.20437099984,89524246.0,43.4884641742179,4.35281087521344
IR,IRN,"Iran, Islamic Rep.",2023,457510482317.483,5049.29931642754,90608707.0,44.5791857572797,5.33235116079808
IR,IRN,"Iran, Islamic Rep.",2024,475252089215.416,5190.16959024821,91567738.0,32.455871402917,3.66312057949303
IR,IRN,"Iran, Islamic Rep.",2025,362682115433.364,3924.38017821898,92417681.0,42.1712244965444,-2.82597163290347
IQ,IRQ,Iraq,2015,166774104959.102,4440.14189252367,37560535.0,1.39333028780268,2.60676642939541
IQ,IRQ,Iraq,2016,166743557747.671,4334.42096404188,38469627.0,0.556521397155548,13.7873730187089
IQ,IRQ,Iraq,2017,187217660050.676,4759.2846435467,39337353.0,0.184058898847553,-1.81975035118309
IQ,IRQ,Iraq,2018,227367469034.031,5646.68932074742,40265624.0,0.367441488936828,2.63385099105624
IQ,IRQ,Iraq,2019,233636097800.338,5671.8568632942,41192171.0,-0.198965380023882,5.5137905789381
IQ,IRQ,Iraq,2020,180898797516.874,4295.18945121228,42116605.0,0.574162679425856,-12.0367930960454
IQ,IRQ,Iraq,2021,209691945713.103,4868.49431080783,43071211.0,6.04186489058043,1.5021807095434
IQ,IRQ,Iraq,2022,287372232137.931,6520.73154560584,44070551.0,4.9947659638103,7.95904804990212
IQ,IRQ,Iraq,2023,268881051643.549,5965.31835077761,45074049.0,4.35835351089595,0.517705525140073
IQ,IRQ,Iraq,2024,279641257615.385,6073.61032342708,46042015.0,2.6116961151764,-1.54525198319173
IQ,IRQ,Iraq,2025,254367293538.462,5409.67899716967,47020774.0,0.303454715219382,-2.15574219066178
IS,ISL,Iceland,2015,17700486957.1907,53505.6964079339,330815.0,1.63305558181335,3.76859020213645
IS,ISL,Iceland,2016,21083713310.457,62854.0906407932,335439.0,1.69692761997734,6.21808764670307
IS,ISL,Iceland,2017,25060086487.8901,72976.3729990975,343400.0,1.76041559180605,3.48506704155555
IS,ISL,Iceland,2018,26677652544.3499,75633.8651351915,352721.0,2.68291768267392,4.66077036232377
IS,ISL,Iceland,2019,24985687022.0452,69296.3144361601,360563.0,3.01397179156061,1.13821227336888
IS,ISL,Iceland,2020,22034665040.7901,60127.9393575616,366463.0,2.84792401518657,-6.64587810456635
IS,ISL,Iceland,2021,26234872402.457,70425.4064277273,372520.0,4.44423970189746,5.18057190719905
IS,ISL,Iceland,2022,29176227825.4736,76376.9599334915,382003.0,8.30875511558912,8.85729897856851
IS,ISL,Iceland,2023,31701996433.7807,82201.2908518078,385663.0,8.73630299937298,5.0322597376242
IS,ISL,Iceland,2024,33186621855.0053,85863.1479330343,386506.0,5.85683849970072,-1.2828764442695
IS,ISL,Iceland,2025,38582528789.0033,98323.4849517418,392404.0,4.09085056006515,1.27946207863934
IL,ISR,Israel,2015,302841190257.708,36138.13561386,8380100.0,-0.617342577642765,2.23599889603805
IL,ISR,Israel,2016,321083954798.337,37571.2561196275,8546000.0,-0.535168195718695,4.53601939236572
IL,ISR,Israel,2017,357360816856.642,41013.2575323519,8713300.0,0.249807840123008,4.34394518932547
IL,ISR,Israel,2018,375470422244.408,42269.3770257585,8882800.0,0.805060379528526,4.05349952888294
IL,ISR,Israel,2019,399207771081.611,44091.8678022544,9054000.0,0.817645940292794,3.57898762923605
IL,ISR,Israel,2020,410908899711.272,44590.8237253282,9215100.0,-0.575254620897756,-1.80206927953466
IL,ISR,Israel,2021,489735019666.026,52258.4693499398,9371400.0,1.47965474722561,9.33534690236249
IL,ISR,Israel,2022,525157951212.871,54947.2091250715,9557500.0,4.41162725488371,6.36407234798706
IL,ISR,Israel,2023,513393395491.904,52126.4489280033,9849000.0,4.22522603168918,2.06272504731618
IL,ISR,Israel,2024,542284494490.778,54216.5218142787,10002200.0,3.07480889805025,0.953618469238535
IL,ISR,Israel,2025,610777842873.595,60336.8477964194,10122800.0,3.0414132155654,2.93114966387968
IT,ITA,Italy,2015,1845428048839.1,30639.8829751432,60229605.0,0.0387903996579733,0.885667635240807
IT,ITA,Italy,2016,1887111188176.93,31391.5692898108,60115223.0,-0.09401665691575,1.23622108511661
IT,ITA,Italy,2017,1970720904584.71,32844.115660604,60002252.0,1.22653316645812,1.60369995294101
IT,ITA,Italy,2018,2099435266458.67,35062.3364176949,59877221.0,1.13748763600391,0.826646712344115
IT,ITA,Italy,2019,2019606796583.53,33812.788724868,59729081.0,0.611246943765304,0.429162533780342
IT,ITA,Italy,2020,1907481094079.23,32091.4866621366,59438851.0,-0.13770757391651,-8.86822122185345
IT,ITA,Italy,2021,2179207773596.09,36852.5425414951,59133173.0,1.87378325762481,8.93106210800055
IT,ITA,Italy,2022,2104067630319.46,35653.9042103495,59013667.0,8.20128991161718,4.82117669913565
IT,ITA,Italy,2023,2316882296366.32,39279.699782164,58984216.0,5.62219442195901,0.922796543670316
IT,ITA,Italy,2024,2383435562458.12,40429.6224047352,58952704.0,0.982373023061417,0.783039135276795
IT,ITA,Italy,2025,2551556954100.35,43308.6403060733,58915656.0,1.5316682765282,0.539583636778445
JM,JAM,Jamaica,2015,14963589915.5912,5339.30718256806,2802534.0,3.69154228855725,0.92148712399856
JM,JAM,Jamaica,2016,14898999754.1229,5302.29553353854,2809915.0,2.35102197485846,2.76043761369557
JM,JAM,Jamaica,2017,15783583236.675,5605.43541173019,2815764.0,4.37839864991561,2.29303371291363
JM,JAM,Jamaica,2018,16855447986.2221,5976.90362644337,2820097.0,3.73663882152163,2.51584458612513
JM,JAM,Jamaica,2019,17026269262.5307,6030.68896415921,2823271.0,3.90510000865872,1.80943147301357
JM,JAM,Jamaica,2020,15000214216.2439,5299.04530804283,2830739.0,5.2267777929352,-8.30441923583135
JM,JAM,Jamaica,2021,15963885376.3537,5625.67806271236,2837682.0,5.86278242801063,5.70467978309095
JM,JAM,Jamaica,2022,18813516805.214,6626.47502388538,2839144.0,10.3495688391272,6.43930323656186
JM,JAM,Jamaica,2023,21418797832.8216,7542.39855849054,2839786.0,6.47413734662063,2.74634433906714
JM,JAM,Jamaica,2024,22014429050.9995,7753.8119527678,2839175.0,5.41194447981659,-0.535039063867487
JM,JAM,Jamaica,2025,22704903217.5631,8002.92104076242,2837077.0,4.00459048079239,0.0816454877745656
JO,JOR,Jordan,2015,42394049295.7747,4441.61896013754,9544729.0,-0.876851359704049,2.52261671092148
JO,JOR,Jordan,2016,43688498732.3944,4366.06999647268,10006367.0,-0.778430463054142,2.11166806967252
JO,JOR,Jordan,2017,45535614366.1972,4449.34618076611,10234226.0,3.32389447576097,2.50770398070352
JO,JOR,Jordan,2018,47435850422.5352,4533.97658437205,10462306.0,4.46231108475481,1.85383415616927
JO,JOR,Jordan,2019,48640273802.8169,4557.79334729121,10671891.0,0.761514047265601,1.85633006592765
JO,JOR,Jordan,2020,47931770985.9155,4411.48321838396,10865228.0,0.333294350628378,-1.15257534158022
JO,JOR,Jordan,2021,50702940985.9155,4581.71967230365,11066356.0,1.34609377243118,3.75201276755828
JO,JOR,Jordan,2022,53516930140.8451,4754.41362207378,11256263.0,4.22915568897117,2.7468615450031
JO,JOR,Jordan,2023,56123472112.6761,4906.23543006639,11439213.0,2.08486986327134,3.12900102017251
JO,JOR,Jordan,2024,58618380563.3803,5073.92103605892,11552876.0,1.55659611283953,2.55605891810194
JO,JOR,Jordan,2025,61610052535.2113,5347.77731384797,11520684.0,1.76646490894206,2.82660839845745
JP,JPN,Japan,2015,4534438580494.94,35664.6446110613,127141000.0,0.795279630579839,1.79997735783475
JP,JPN,Japan,2016,5110357383254.44,40214.9688631562,127076000.0,-0.127258844489754,0.704986495111257
JP,JPN,Japan,2017,5038231631660.71,39679.8635262948,126972000.0,0.484199796126385,1.62345062245441
JP,JPN,Japan,2018,5154293721629.56,40645.478086519,126811000.0,0.989094598021848,0.834143845965585
JP,JPN,Japan,2019,5245755000479.03,41424.8655601543,126633000.0,0.46877615938395,-0.308496921143259
JP,JPN,Japan,2020,5189197543645.38,41098.9739004553,126261000.0,-0.024995834027731,-4.28327942675573
JP,JPN,Japan,2021,5225933520753.1,41580.739040705,125681593.0,-0.233352779398264,3.56419531474475
JP,JPN,Japan,2022,4447976207314.78,35548.2645222433,125124989.0,2.49770278172255,1.33164750653741
JP,JPN,Japan,2023,4384854269961.93,35215.003535366,124516650.0,3.26813365933163,0.720785304749811
JP,JPN,Japan,2024,4190008188358.57,33797.1014287876,123975371.0,2.73853681635241,-0.240084236041696
JP,JPN,Japan,2025,4435162999976.94,35951.0449549304,123366734.0,3.17253034260248,1.19311288444599
KZ,KAZ,Kazakhstan,2015,184388404706.042,10196.1226255982,18084169.0,6.67828585615236,1.20000000053288
KZ,KAZ,Kazakhstan,2016,137278320084.171,7475.56688689424,18363600.0,14.3610942386248,1.09999999910173
KZ,KAZ,Kazakhstan,2017,166805788827.233,8943.08416791984,18651931.0,7.44266321306792,4.10000000257358
KZ,KAZ,Kazakhstan,2018,179339977690.485,9472.48527327758,18932727.0,6.16366247577762,4.09999999309841
KZ,KAZ,Kazakhstan,2019,181667184854.501,9457.12614657136,19209555.0,5.33356098916669,4.50000000091883
KZ,KAZ,Kazakhstan,2020,171082365861.423,8781.50797787648,19482117.0,6.71815454861458,-2.49999999628
KZ,KAZ,Kazakhstan,2021,197112255360.612,9983.60103576902,19743603.0,8.04147134028401,4.29999999729456
KZ,KAZ,Kazakhstan,2022,225496328925.494,11255.3396437881,20034609.0,15.0278644440851,3.19999999970734
KZ,KAZ,Kazakhstan,2023,261840101059.923,12879.4275257974,20330104.0,14.5275597825952,5.09999999973641
KZ,KAZ,Kazakhstan,2024,291480274648.826,14154.6324958076,20592571.0,8.69082156104494,4.99999999996936
KZ,KAZ,Kazakhstan,2025,306239209650.024,14692.1331757237,20843754.0,11.3879454675914,6.5
KE,KEN,Kenya,2015,70120446896.8359,1489.11959777284,47088526.0,6.58215429284779,4.96772112759767
KE,KEN,Kenya,2016,74815144163.8931,1554.12610314423,48139687.0,6.29724953814625,4.21351706814744
KE,KEN,Kenya,2017,82036510877.2599,1667.48447230835,49197766.0,8.00564967709945,3.83795817364721
KE,KEN,Kenya,2018,92202979985.2863,1836.45275528993,50207107.0,4.6898064677633,5.64794640709219
KE,KEN,Kenya,2019,100378436207.371,1960.40808854893,51202827.0,5.23963795764792,5.11415885767801
KE,KEN,Kenya,2020,100657505750.545,1927.66459027849,52217334.0,5.40516207933392,-0.272766327438816
KE,KEN,Kenya,2021,109703658904.994,2061.35622089594,53219166.0,6.10793603659176,7.59048947333467
KE,KEN,Kenya,2022,114448978152.637,2109.56288513137,54252461.0,7.65986268272224,4.85998104287999
KE,KEN,Kenya,2023,107500884685.013,1942.58802756191,55339003.0,7.67139634029402,5.71999241214208
KE,KEN,Kenya,2024,120397537849.826,2133.46193404026,56432944.0,4.48978854243448,4.66019594571891
KE,KEN,Kenya,2025,135941278878.815,2362.86091198611,57532493.0,4.06912878540729,4.63261093844984
KG,KGZ,Kyrgyz Republic,2015,6678177511.66313,1105.65193844261,6040036.0,6.50331838993384,3.87582544512439
KG,KGZ,Kyrgyz Republic,2016,6813095379.1187,1103.27489428412,6175338.0,0.388838296895799,4.33585592190116
KG,KGZ,Kyrgyz Republic,2017,7702938379.42036,1221.39046807082,6306696.0,3.1753098637994,4.73993722377884
KG,KGZ,Kyrgyz Republic,2018,8271106235.41552,1283.5203037417,6444079.0,1.54266145238436,3.75791013557165
KG,KGZ,Kyrgyz Republic,2019,9371275264.36735,1421.99927504102,6590211.0,1.13362257718804,4.60062565707598
KG,KGZ,Kyrgyz Republic,2020,8270468614.24051,1229.51766602907,6726596.0,6.32542296338078,-7.14897757727955
KG,KGZ,Kyrgyz Republic,2021,9249133946.26531,1349.99730650542,6851224.0,11.9050398185147,5.50700762671923
KG,KGZ,Kyrgyz Republic,2022,12134931017.9465,1739.72018344174,6975220.0,13.9229093174176,8.96750520041391
KG,KGZ,Kyrgyz Republic,2023,15180842369.4894,2138.22210211478,7099750.0,10.7532770416742,9.0132928339342
KG,KGZ,Kyrgyz Republic,2024,18161630698.9052,2514.81066933171,7221868.0,4.99760701207323,11.5397119406559
KG,KGZ,Kyrgyz Republic,2025,22623752095.4613,3080.96893823359,7343064.0,8.21496013406325,11.0960203357132
KH,KHM,Cambodia,2015,24174170369.0738,1547.32010444393,15623251.0,1.22393195511119,7.20703472529512
KH,KHM,Cambodia,2016,26556545153.3573,1675.19555711109,15852803.0,3.01913975139128,7.90550116130704
KH,KHM,Cambodia,2017,29355665909.7905,1826.35391688754,16073372.0,2.91263557371478,8.07503915535979
KH,KHM,Cambodia,2018,33145892168.8958,2036.67377566578,16274522.0,2.45908515380146,8.77622376224463
KH,KHM,Cambodia,2019,36685356407.7206,2225.87705485686,16481304.0,1.94257500833107,7.93695013588524
KH,KHM,Cambodia,2020,34818073901.4851,2081.73914242939,16725474.0,2.9402951426397,-3.55572193406549
KH,KHM,Cambodia,2021,36790163687.4421,2167.40324198499,16974305.0,2.92073477592949,3.08984284148661
KH,KHM,Cambodia,2022,39994532959.6074,2325.03050040841,17201724.0,5.34370264895437,5.12990110773977
KH,KHM,Cambodia,2023,42335646895.7984,2429.74853452838,17423880.0,2.12746796594194,5.00733043811898
KH,KHM,Cambodia,2024,46352647037.2406,2627.87969756224,17638801.0,0.808042016536654,6.0158145735202
KH,KHM,Cambodia,2025,51267065842.9641,2872.42926639909,17847982.0,2.35127105896507,5.34932084572877
KI,KIR,Kiribati,2015,191559398.688293,1639.85274740652,116815.0,0.572015743634256,11.2653209431294
KI,KIR,Kiribati,2016,206467818.503227,1742.66799324117,118478.0,1.91731090233378,7.08803465778669
KI,KIR,Kiribati,2017,223029864.54193,1854.3326920967,120275.0,0.355520888546828,3.71200171622053
KI,KIR,Kiribati,2018,233859230.192198,1915.56002581991,122084.0,0.564030491493476,3.42465753424656
KI,KIR,Kiribati,2019,216891541.021351,1750.24040333237,123921.0,-1.81307995302947,3.31125827814569
KI,KIR,Kiribati,2020,220909306.750809,1751.87199542272,126099.0,2.5532455441463,-1.28205128205127
KI,KIR,Kiribati,2021,285451584.406531,2223.54147866465,128377.0,2.05361676773907,8.44155844155846
KI,KIR,Kiribati,2022,271214374.500577,2078.7648751855,130469.0,5.34595440908904,5.08982035928143
KI,KIR,Kiribati,2023,291657337.839517,2200.68918614289,132530.0,9.28307374517721,3.13390313390313
KI,KIR,Kiribati,2024,343153235.077124,2550.98377226188,134518.0,2.45545072159028,4.69613259668509
KI,KIR,Kiribati,2025,349227254.158833,2558.66636011102,136488.0,,4.22163588390501
KN,KNA,St. Kitts and Nevis,2015,957222222.222222,20328.8003530109,47087.0,-2.30187563045616,0.694135527876625
KN,KNA,St. Kitts and Nevis,2016,1006818518.51852,21387.5415511103,47075.0,-0.687037123294039,3.93270319273282
KN,KNA,St. Kitts and Nevis,2017,1056977777.77778,22464.9899633959,47050.0,0.694916711613604,0.220941147299996
KN,KNA,St. Kitts and Nevis,2018,1076548148.14815,22901.3816403197,47008.0,-1.03712214131572,2.00352549800972
KN,KNA,St. Kitts and Nevis,2019,1107855555.55556,23595.4923231291,46952.0,-0.329562063663977,2.93824658056356
KN,KNA,St. Kitts and Nevis,2020,883922222.222222,18859.0190361046,46870.0,-1.16724501769353,-15.3018891740649
KN,KNA,St. Kitts and Nevis,2021,858622222.222222,18361.1449697886,46763.0,1.195688870384,0.367606879216311
KN,KNA,St. Kitts and Nevis,2022,981429629.62963,21011.5744209816,46709.0,2.66817533111249,10.4804941546807
KN,KNA,St. Kitts and Nevis,2023,1055651851.85185,22576.9248439166,46758.0,3.55711230848243,3.02127526129283
KN,KNA,St. Kitts and Nevis,2024,1122388888.88889,23960.6534357084,46843.0,,0.312226855858171
KN,KNA,St. Kitts and Nevis,2025,1183514814.81481,25223.0257622185,46922.0,,2.68858456990016
KR,KOR,"Korea, Rep.",2015,1539212301135.55,30171.7906545222,51014947.0,0.70633177245575,2.92029267301234
KR,KOR,"Korea, Rep.",2016,1579150518945.44,30832.0628072516,51217803.0,0.971685739912168,3.17152748983935
KR,KOR,"Korea, Rep.",2017,1710196756713.17,33296.9845439195,51361911.0,1.94433230786366,3.433191763972
KR,KOR,"Korea, Rep.",2018,1824251454306.83,35363.9508228687,51585058.0,1.47583935002645,3.17611568177327
KR,KOR,"Korea, Rep.",2019,1751045752054.63,33826.9443301597,51764822.0,0.383000303608136,2.31380210595475
KR,KOR,"Korea, Rep.",2020,1744070276373.34,33645.7719545073,51836239.0,0.537288023411737,-0.700242317542106
KR,KOR,"Korea, Rep.",2021,1942313560965.9,37518.4635305697,51769539.0,2.49833333333339,4.61296795454287
KR,KOR,"Korea, Rep.",2022,1799363116866.52,34822.4048404971,51672569.0,5.08951365062842,2.72756456708991
KR,KOR,"Korea, Rep.",2023,1844800934391.54,35674.095995632,51712619.0,3.5974562502901,1.58301467403629
KR,KOR,"Korea, Rep.",2024,1875388209406.8,36238.639908315,51751065.0,2.32174328643542,2.00361101838986
KR,KOR,"Korea, Rep.",2025,1872374961553.15,36226.9663637512,51684564.0,2.12309421458659,1.00701840291242
KW,KWT,Kuwait,2015,114585555688.511,29882.2126495698,3834574.0,3.27170166092133,0.592770817217982
KW,KWT,Kuwait,2016,109406674124.652,27323.6890735517,4004096.0,3.19839776658374,2.92607584256388
KW,KWT,Kuwait,2017,120687539805.505,29047.6536135703,4154812.0,2.17183298510006,-4.71222270495362
KW,KWT,Kuwait,2018,138646316350.727,32067.9623756889,4323515.0,0.543133148199567,2.74333045031415
KW,KWT,Kuwait,2019,140856394860.529,31707.8737443551,4442316.0,1.09184802655856,2.26381706595791
KW,KWT,Kuwait,2020,111045470605.715,25236.0755848941,4400267.0,2.101729548274,-4.81731593381585
KW,KWT,Kuwait,2021,148350671489.144,34018.6342592913,4360865.0,3.42362947609188,1.67213054307859
KW,KWT,Kuwait,2022,183502046693.878,39981.7691035833,4589643.0,3.98064961990313,6.75866711966617
KW,KWT,Kuwait,2023,165462656226.772,34091.9714813002,4853420.0,3.64216403030709,-1.64087799968877
KW,KWT,Kuwait,2024,160903106639.233,32855.7209688827,4897263.0,2.89855072463762,-1.47401818168846
KW,KWT,Kuwait,2025,157209026926.418,32312.3119953634,4865298.0,2.36195936682045,2.731825804492
LA,LAO,Lao PDR,2015,14426380125.6488,2121.01339097363,6801645.0,1.27735427102992,7.27006584373785
LA,LAO,Lao PDR,2016,15912501722.6143,2303.22156035363,6908802.0,1.59691227583204,7.02283625501138
LA,LAO,Lao PDR,2017,17071155481.4994,2432.43059478511,7018147.0,0.825478607568026,6.8925308726989
LA,LAO,Lao PDR,2018,18141641089.7963,2545.1075420815,7128045.0,2.04039266890201,6.24796000755872
LA,LAO,Lao PDR,2019,18740561512.5555,2589.32081035237,7237636.0,3.32255881256925,5.4577350924848
LA,LAO,Lao PDR,2020,18981805250.2424,2583.77730696131,7346533.0,5.10407262959919,0.503031829018681
LA,LAO,Lao PDR,2021,18827148530.9347,2526.05105018529,7453194.0,3.75562036658877,2.52835100486102
LA,LAO,Lao PDR,2022,15468785203.7532,2046.40440255621,7559007.0,22.9562225132056,2.70742652643155
LA,LAO,Lao PDR,2023,15843155731.2552,2066.94979776957,7664993.0,31.2301341732646,3.74568140158232
LA,LAO,Lao PDR,2024,16502933121.3379,2123.97909415109,7769819.0,23.1305695942588,4.13019264438475
LA,LAO,Lao PDR,2025,18302970218.5902,2324.76353098791,7873046.0,7.74226936553695,4.53760564766725
LB,LBN,Lebanon,2015,49929337836.8159,7714.1099998804,6472469.0,-3.74914524799629,0.462320792597581
LB,LBN,Lebanon,2016,51147308774.1294,8089.012088155,6323060.0,-0.783359624361508,1.55454940856943
LB,LBN,Lebanon,2017,53027680685.9038,8608.21084982387,6160128.0,4.32135218303191,0.903028464073813
LB,LBN,Lebanon,2018,54901519155.5556,9174.53666204759,5984119.0,6.07698907889607,-1.88470575631651
LB,LBN,Lebanon,2019,51605959131.2741,8905.88005497437,5794594.0,3.00538949390383,-6.91492472851026
LB,LBN,Lebanon,2020,31712128253.7961,5561.19166950397,5702398.0,84.8643330472041,-21.3998996914321
LB,LBN,Lebanon,2021,23131941556.7843,4045.37391066234,5718122.0,154.756096023393,-7.00123862514116
LB,LBN,Lebanon,2022,20992421948.8081,3654.35845534878,5744489.0,171.205491336641,-0.621678970663112
LB,LBN,Lebanon,2023,20078620356.9931,3477.72489842684,5773493.0,221.341644023365,-0.760584470257314
LB,LBN,Lebanon,2024,25971643441.3408,4473.27134441128,5805962.0,45.2430422716718,-7.07989192861814
LB,LBN,Lebanon,2025,,,5849421.0,14.597595869611,
LR,LBR,Liberia,2015,3227075700.0,692.590082351257,4659431.0,7.74869687621322,-0.0185649695590939
LR,LBR,Liberia,2016,3398419600.0,714.613063145659,4755608.0,8.83424868336488,-1.5549586174878
LR,LBR,Liberia,2017,3390703400.0,699.269095727404,4848925.0,12.4196323907138,2.45515592012239
LR,LBR,Liberia,2018,3422754800.0,692.203127129794,4944726.0,23.5635148953742,1.15757512207355
LR,LBR,Liberia,2019,3319596500.0,658.164180770507,5043721.0,26.9662760197878,-2.46729763532686
LR,LBR,Liberia,2020,3176126300.0,616.787867006715,5149463.0,16.9557241496255,-2.98249127649473
LR,LBR,Liberia,2021,3513049500.0,667.96610514319,5259323.0,7.81559385858648,4.98671283481617
LR,LBR,Liberia,2022,4001047000.0,744.617175237387,5373294.0,7.59298486560313,4.80810517290655
LR,LBR,Liberia,2023,4390000000.0,799.194470229642,5493031.0,10.0944535665552,4.68375688761311
LR,LBR,Liberia,2024,4779300900.0,851.497723870206,5612817.0,8.21497439118964,4.02185464964835
LR,LBR,Liberia,2025,5245938900.0,915.328972645548,5731206.0,8.31564329402952,5.01656107992214
LY,LBY,Libya,2015,48717501321.3052,7458.48917756374,6531819.0,10.4022933588151,-0.842656252118843
LY,LBY,Libya,2016,49912073701.298,7525.80299308216,6632126.0,25.853874212446,-1.4909411172622
LY,LBY,Libya,2017,67157452181.7738,9965.83236729757,6738770.0,25.8036184788337,32.4918021862688
LY,LBY,Libya,2018,76686029772.1483,11196.5854810844,6849055.0,13.1702038536722,7.9413678529104
LY,LBY,Libya,2019,69254496471.6938,9963.19489084483,6951033.0,-2.16217883470591,-11.1960828853386
LY,LBY,Libya,2020,46854285440.642,6650.33810585348,7045399.0,1.44703656998741,-29.4552967282824
LY,LBY,Libya,2021,35217995647.2862,4935.82787349801,7135175.0,2.86833027751015,28.2996823429147
LY,LBY,Libya,2022,43246297921.8499,5986.63694851258,7223805.0,4.51030149235695,-8.29981811198795
LY,LBY,Libya,2023,44027664915.187,6026.51518708812,7305659.0,2.3731753143518,10.2000497852517
LY,LBY,Libya,2024,48487151215.345,6569.16408678648,7381023.0,2.12615766885021,1.89995052025442
LY,LBY,Libya,2025,48098909613.6316,6448.82415074121,7458555.0,1.84166666666702,13.3717080516958
LC,LCA,St. Lucia,2015,1807640740.74074,10334.9860823918,174905.0,-0.983600952696996,0.101917836412952
LC,LCA,St. Lucia,2016,1868544444.44444,10638.1269396653,175646.0,-3.07821765676927,3.42787214525211
LC,LCA,St. Lucia,2017,1998503703.7037,11333.1123822102,176342.0,0.104262078958441,3.37982617272246
LC,LCA,St. Lucia,2018,2060955555.55556,11642.6984727769,177017.0,1.93561893150602,2.88677902171601
LC,LCA,St. Lucia,2019,2090074074.07407,11764.3944032403,177661.0,0.539087559191757,-1.0293678947917
LC,LCA,St. Lucia,2020,1521740740.74074,8537.11495506727,178250.0,-1.75580833517594,-22.9005138634176
LC,LCA,St. Lucia,2021,1871111111.11111,10481.1233971786,178522.0,2.41070312174393,11.1466993240856
LC,LCA,St. Lucia,2022,2319888888.88889,12976.1489693474,178781.0,9.65268564265764,19.3456795355342
LC,LCA,St. Lucia,2023,2441259259.25926,13616.6397593734,179285.0,3.81914546156358,3.90774802925928
LC,LCA,St. Lucia,2024,2605148148.14815,14493.658470648,179744.0,-0.674240853418779,4.76890217855616
LC,LCA,St. Lucia,2025,2656444444.44444,14745.8184305461,180149.0,2.02709512086274,-0.57407528214496
LI,LIE,Liechtenstein,2015,6268515276.17441,167187.15730982,37494.0,,
LI,LIE,Liechtenstein,2016,6237302033.50132,165375.491396259,37716.0,,
LI,LIE,Liechtenstein,2017,6474308717.85289,170547.092298954,37962.0,,
LI,LIE,Liechtenstein,2018,6692620691.84146,174988.775083446,38246.0,,
LI,LIE,Liechtenstein,2019,6436467007.11932,166907.839305016,38563.0,,
LI,LIE,Liechtenstein,2020,6405870210.32293,164671.093553454,38901.0,,
LI,LIE,Liechtenstein,2021,7912602342.18895,201944.830335076,39182.0,,
LI,LIE,Liechtenstein,2022,7426856242.7736,188055.003235348,39493.0,,
LI,LIE,Liechtenstein,2023,8239379403.22096,206780.590353385,39846.0,,
LI,LIE,Liechtenstein,2024,8905764270.4054,220167.225473557,40450.0,,
LI,LIE,Liechtenstein,2025,,,41024.0,,
LK,LKA,Sri Lanka,2015,85090300895.6546,4057.71582716521,20970000.0,3.76836783062096,4.20595547501601
LK,LKA,Sri Lanka,2016,88000210878.1236,4149.19189391879,21209000.0,3.9588884659307,5.05362488993089
LK,LKA,Sri Lanka,2017,94369350439.4732,4398.88828786059,21453000.0,7.70413767850602,6.46068127080994
LK,LKA,Sri Lanka,2018,94450015982.806,4358.56095905888,21670000.0,2.135037737132,2.31008425504933
LK,LKA,Sri Lanka,2019,88998706177.9986,4081.94772178134,21803000.0,3.52839358231811,-0.220483886824823
LK,LKA,Sri Lanka,2020,84335574372.2997,3847.60136741182,21919000.0,6.15394508391738,-4.62451503712715
LK,LKA,Sri Lanka,2021,88556699052.2008,3996.96240531688,22156000.0,7.01478071238195,4.2074764950026
LK,LKA,Sri Lanka,2022,74143020303.663,3342.63650438046,22181000.0,49.7211021114327,-7.34919311146656
LK,LKA,Sri Lanka,2023,84080307355.5983,3815.41531767474,22037000.0,16.5411742279832,-2.0289296690344
LK,LKA,Sri Lanka,2024,99616111265.7633,4545.36006870612,21916000.0,-0.42936004906973,4.99241614398109
LK,LKA,Sri Lanka,2025,108825231671.196,5002.07904353724,21756000.0,-4.76386036960983,4.9534339114043
LS,LSO,Lesotho,2015,2359686724.53829,1121.19851342518,2104611.0,3.21844513655931,3.12406678044546
LS,LSO,Lesotho,2016,2114426452.2019,992.491840678465,2130422.0,6.59650490696543,3.60890731687714
LS,LSO,Lesotho,2017,2306741672.29006,1069.36673247542,2157110.0,4.447699373763,-3.13817493733471
LS,LSO,Lesotho,2018,2556247291.99785,1170.65569702819,2183603.0,4.7518030162474,-1.48063315848241
LS,LSO,Lesotho,2019,2390702295.82777,1082.05706777516,2209405.0,5.18708359197982,-1.41799383085205
LS,LSO,Lesotho,2020,2053699863.99625,918.582574704447,2235727.0,4.97809676252309,-8.15595785459911
LS,LSO,Lesotho,2021,2412130056.55851,1066.58645143823,2261542.0,6.04774591950676,2.26670961833291
LS,LSO,Lesotho,2022,2354980960.02697,1030.12582947757,2286110.0,8.27180389943028,2.38778020186284
LS,LSO,Lesotho,2023,2129871529.52517,921.435141557056,2311472.0,6.34221743124953,1.69433177608774
LS,LSO,Lesotho,2024,2391282547.80028,1023.04227681523,2337423.0,6.10544624245032,5.22503380336101
LS,LSO,Lesotho,2025,2573572920.05159,1088.96276223185,2363325.0,4.27011140706666,1.98256080770996
LT,LTU,Lithuania,2015,41540954817.2039,14269.8039878287,2911109.0,-0.884097405500596,2.83280643343234
LT,LTU,Lithuania,2016,42970749245.0336,14934.2702840428,2877325.0,0.905525075460342,2.67192215053329
LT,LTU,Lithuania,2017,47756764508.446,16800.1510246099,2842639.0,3.72288862303707,4.61224310312809
LT,LTU,Lithuania,2018,54261795148.5372,19247.2315367967,2819200.0,2.69792779208394,4.91836780106811
LT,LTU,Lithuania,2019,55122066225.796,19608.7943945553,2811089.0,2.33450937988027,4.67735183530451
LT,LTU,Lithuania,2020,57412038533.2718,20428.6478157394,2810369.0,1.19989444983569,0.0428158336981426
LT,LTU,Lithuania,2021,67072165721.2431,23882.8668916753,2808380.0,4.68354420903453,6.39481772930206
LT,LTU,Lithuania,2022,70639687325.6326,24946.5724005188,2831639.0,19.7050461518394,2.46532013155011
LT,LTU,Lithuania,2023,80356613554.5602,27983.3658256887,2871585.0,9.11731962390475,0.739537398185803
LT,LTU,Lithuania,2024,85503938573.5664,29603.7772588256,2888278.0,0.715735835228723,3.03019543767596
LT,LTU,Lithuania,2025,95210150818.3512,32958.6706396386,2888774.0,3.79170510860467,2.92007656461696
LU,LUX,Luxembourg,2015,60071584216.1375,105462.012584423,569604.0,0.474743161437871,2.26836572735107
LU,LUX,Luxembourg,2016,62216885435.9488,106899.293549552,582014.0,0.290833333333225,4.97819047122638
LU,LUX,Luxembourg,2017,65712180342.9836,110193.213797228,596336.0,1.73079959118896,1.31711942298405
LU,LUX,Luxembourg,2018,71085623495.1145,116926.759593905,607950.0,1.5281952430737,1.61129891211624
LU,LUX,Luxembourg,2019,69872035113.6469,112696.649059674,620001.0,1.74332075653848,2.74932091920692
LU,LUX,Luxembourg,2020,73670782100.3909,116860.02817236,630419.0,0.819957302127036,-0.510051634039826
LU,LUX,Luxembourg,2021,86386759695.1653,134965.815442152,640064.0,2.52692009066166,6.92973270801744
LU,LUX,Luxembourg,2022,80801680397.0139,123719.658915996,653103.0,6.33600807777919,-1.09741256293819
LU,LUX,Luxembourg,2023,88788881539.3937,133230.619178899,666430.0,3.74140361983136,0.0994370594039111
LU,LUX,Luxembourg,2024,93279851863.4062,137781.681659123,677012.0,2.05113269954859,0.358614003982225
LU,LUX,Luxembourg,2025,101157829491.107,147252.179121515,686970.0,2.25723817871726,0.63787818818335
LV,LVA,Latvia,2015,26344565876.8902,13321.9753140616,1977527.0,0.174242243625186,3.78336712084972
LV,LVA,Latvia,2016,27117105059.5075,13838.5266823272,1959537.0,0.140633334505327,2.55168601974034
LV,LVA,Latvia,2017,29391059767.4259,15132.4958333982,1942248.0,2.93036312374665,3.39894872623931
LV,LVA,Latvia,2018,33247935477.3576,17252.1710428626,1927174.0,2.53445424186598,4.30971286294503
LV,LVA,Latvia,2019,33099503950.847,17294.9751600969,1913822.0,2.81140920075624,0.675372771884227
LV,LVA,Latvia,2020,33379927434.6149,17564.2321549354,1900449.0,0.219064904841985,-3.46922750780554
LV,LVA,Latvia,2021,38183326784.9335,20261.8887788916,1884490.0,3.27582937431165,6.94254173062592
LV,LVA,Latvia,2022,38003198508.9107,20221.103686109,1879383.0,17.3102830198815,1.90853419029801
LV,LVA,Latvia,2023,42779550936.838,22710.2637544197,1883710.0,8.9380462331663,-0.941606068823631
LV,LVA,Latvia,2024,44001275012.6141,23578.9663562625,1866124.0,1.26579885828729,-0.0370556648288982
LV,LVA,Latvia,2025,48618869160.3254,26311.9730706362,1847785.0,3.74577316751945,2.13786855731288
MO,MAC,"Macao SAR, China",2015,44940613353.1038,69902.9605741233,642900.0,4.56056338028173,-21.7540078753246
MO,MAC,"Macao SAR, China",2016,44964868323.7558,68911.6755919628,652500.0,2.36895749705898,-0.701510212552961
MO,MAC,"Macao SAR, China",2017,50297028370.6668,77570.9876166977,648400.0,1.22812404052809,9.91855844513513
MO,MAC,"Macao SAR, China",2018,55076322634.344,83588.2875009014,658900.0,3.00446293166953,6.35917030567686
MO,MAC,"Macao SAR, China",2019,55025172016.004,81882.6964523869,672000.0,2.75193081051975,-2.4609094006739
MO,MAC,"Macao SAR, China",2020,25280064167.7333,36883.6652578543,685400.0,0.811410511491512,-54.4020925789353
MO,MAC,"Macao SAR, China",2021,30633941629.3633,44884.8961602393,682500.0,0.0264543647055504,22.4622020023362
MO,MAC,"Macao SAR, China",2022,24929307447.3237,36806.891255461,677300.0,1.04502802369954,-18.956941494497
MO,MAC,"Macao SAR, China",2023,45626467279.891,67216.3631112124,678800.0,0.476384495788075,75.3084184293413
MO,MAC,"Macao SAR, China",2024,49467258923.3244,72004.7437020733,687000.0,0.672498598854365,7.84960207010525
MO,MAC,"Macao SAR, China",2025,52061007670.169,75901.7461294198,685900.0,0.333311677308542,4.67106705680436
MF,MAF,St. Martin (French part),2015,,,37369.0,,1.0
MF,MAF,St. Martin (French part),2016,,,37175.0,,5.0
MF,MAF,St. Martin (French part),2017,,,36837.0,,-8.00000324038295
MF,MAF,St. Martin (French part),2018,,,36012.0,,-7.99999506898229
MF,MAF,St. Martin (French part),2019,652206037.103874,19033.0649634889,34267.0,,6.50000363700821
MF,MAF,St. Martin (French part),2020,,,31786.0,,-12.500002246731
MF,MAF,St. Martin (French part),2021,649206262.847519,21668.3776525323,29961.0,,4.89999967133534
MF,MAF,St. Martin (French part),2022,,,28870.0,,
MF,MAF,St. Martin (French part),2023,,,27515.0,,
MF,MAF,St. Martin (French part),2024,,,26129.0,,
MF,MAF,St. Martin (French part),2025,,,24941.0,,
MA,MAR,Morocco,2015,110413823841.592,3146.24780273438,34607588.0,1.5579071134626,4.34458297635238
MA,MAR,Morocco,2016,111572947004.917,3140.85546875,35023457.0,1.63531114327064,0.52118550608968
MA,MAR,Morocco,2017,118540573367.844,3296.52661132813,35446392.0,0.754663249323619,5.05789816173446
MA,MAR,Morocco,2018,127341147581.818,3501.69799804688,35839760.0,1.80391671141896,3.06564133025955
MA,MAR,Morocco,2019,128920266409.458,3508.09765625,36210898.0,0.303386036590383,2.89097476137077
MA,MAR,Morocco,2020,121353645057.144,3268.0302734375,36584208.0,0.705968661338261,-7.17820744246774
MA,MAR,Morocco,2021,142022058447.231,3785.93627929688,36954442.0,1.40195883962006,8.15473889823681
MA,MAR,Morocco,2022,131245312804.483,3463.1376953125,37329064.0,6.65704202759067,1.81269242194809
MA,MAR,Morocco,2023,146036093666.762,3813.72607421875,37712505.0,6.09114152504141,3.65564411017931
MA,MAR,Morocco,2024,160610994054.734,4153.1943359375,38081173.0,0.985256592004507,3.79336515978963
MA,MAR,Morocco,2025,182374250612.28,4672.46826171875,38430770.0,0.701902154839545,4.59524349182247
MC,MCO,Monaco,2015,6264753585.625,170437.021128628,36757.0,,4.91037176536236
MC,MCO,Monaco,2016,6471287668.59924,173604.669723126,37276.0,,3.00844358752744
MC,MCO,Monaco,2017,6430258224.58825,170663.470051177,37678.0,,-3.20618323813213
MC,MCO,Monaco,2018,7184336760.39215,188298.389694191,38154.0,,5.69790121192926
MC,MCO,Monaco,2019,7383494129.41175,193746.729890885,38109.0,,7.12088951975396
MC,MCO,Monaco,2020,6730733230.81714,176891.806328966,38050.0,,-13.2391048292108
MC,MCO,Monaco,2021,8623241326.74405,223823.327192464,38527.0,,22.2322155851208
MC,MCO,Monaco,2022,8800432773.73544,226052.060664649,38931.0,,11.2662955198601
MC,MCO,Monaco,2023,10003897341.1766,256799.911212051,38956.0,,5.44395088840088
MC,MCO,Monaco,2024,11125788838.2812,288001.574856495,38631.0,,8.51053758860212
MC,MCO,Monaco,2025,,,38341.0,,
MD,MDA,Moldova,2015,7797667196.73087,2749.55137054338,2835978.0,9.67624033101859,-0.338235622387202
MD,MDA,Moldova,2016,7980917075.7748,2847.08794770479,2803186.0,6.35930898037931,4.64601436259409
MD,MDA,Moldova,2017,9514404016.20949,3453.26727720294,2755189.0,6.57022997455604,4.17561205106279
MD,MDA,Moldova,2018,11252353420.8798,4156.44981956646,2707203.0,3.04505397337058,4.07559546585034
MD,MDA,Moldova,2019,11736797054.6965,4405.33418162155,2664224.0,4.83778351428729,3.5523140853476
MD,MDA,Moldova,2020,11530746234.4492,4375.7788930524,2635130.0,3.76597122245358,-8.27597831976949
MD,MDA,Moldova,2021,13691869264.0794,5274.60582195352,2595809.0,5.10641129002836,13.9299997889786
MD,MDA,Moldova,2022,14525337523.7271,5744.29618434435,2528654.0,28.7372976766236,-4.64785101037361
MD,MDA,Moldova,2023,16711906746.2133,6799.58594644576,2457783.0,13.41701043813,1.18802067937429
MD,MDA,Moldova,2024,18206842140.7615,7578.90216348853,2402306.0,4.67773516007048,0.270670455512573
MD,MDA,Moldova,2025,20351796275.2943,8621.71721623786,2360527.0,7.75904124001159,2.41649734575068
MG,MDG,Madagascar,2015,11323020701.3017,445.320069480568,25426702.0,7.40419174202129,3.13229807490305
MG,MDG,Madagascar,2016,11848613858.442,453.970714522463,26099952.0,6.03575858154679,3.99314606199499
MG,MDG,Madagascar,2017,13176313593.5509,491.866848718929,26788375.0,8.60905075422949,3.93330759462793
MG,MDG,Madagascar,2018,13760033282.2925,500.45718552916,27494926.0,8.59422958870476,3.19435651744398
MG,MDG,Madagascar,2019,14104664678.5063,499.818837622534,28219554.0,5.61051441492365,4.41123212909589
MG,MDG,Madagascar,2020,13051441204.053,450.771615205157,28953556.0,4.20179312190557,-7.13767162064489
MG,MDG,Madagascar,2021,14354731964.3258,483.469463351195,29691083.0,5.81225118787715,4.65068343174309
MG,MDG,Madagascar,2022,15342178598.2475,504.059106969168,30437261.0,8.16059031991844,4.13753534956307
MG,MDG,Madagascar,2023,16036707975.7567,514.064076551927,31195932.0,9.87432675044888,4.23086580696344
MG,MDG,Madagascar,2024,17592832696.1336,550.37875528856,31964956.0,7.61335784313723,4.32283728087992
MG,MDG,Madagascar,2025,19620352035.7899,599.265294255357,32740678.0,8.05052431791227,3.002568866856
MV,MDV,Maldives,2015,4129505319.12921,9644.90655028145,428154.0,0.953206658777607,3.86813536494475
MV,MDV,Maldives,2016,4409942623.85538,9947.80744731739,443308.0,0.502509413611612,6.37528306716864
MV,MDV,Maldives,2017,4816426256.52914,10509.628805812,458287.0,2.81747338234509,7.07442863215275
MV,MDV,Maldives,2018,5404344162.69888,11423.2838427029,473099.0,-0.133373386117595,8.5689555834747
MV,MDV,Maldives,2019,5726094799.37709,11740.2724029785,487731.0,0.220029731065383,6.92305989050099
MV,MDV,Maldives,2020,3712604583.36665,7393.8886543933,502118.0,-1.36977425569811,-32.9088287752921
MV,MDV,Maldives,2021,5252457369.55218,10176.143882547,516154.0,0.543149688737013,37.507870124321
MV,MDV,Maldives,2022,6177123352.26211,11786.0191492983,524106.0,2.3305404647725,13.8260895184139
MV,MDV,Maldives,2023,6621008703.95743,12587.6126038651,525994.0,2.90372427754586,4.94286301229583
MV,MDV,Maldives,2024,7061608267.25451,13379.3513577224,527799.0,1.41093527910134,3.49440422654285
MV,MDV,Maldives,2025,7741066860.6337,14614.7208116541,529676.0,4.00578494118752,6.31092335003081
MX,MEX,Mexico,2015,1213294467653.78,10021.2386113616,121072306.0,2.72064064964023,2.70232343024026
MX,MEX,Mexico,2016,1112233497452.7,9097.92397674769,122251351.0,2.8217078474766,1.7724932254128
MX,MEX,Mexico,2017,1190721475853.16,9649.27816729586,123400057.0,6.04145724018986,1.87172854648381
MX,MEX,Mexico,2018,1256300182983.65,10084.7937570364,124573711.0,4.89935015356551,1.97208211101069
MX,MEX,Mexico,2019,1304106204006.27,10369.5553593527,125762982.0,3.63596142127046,-0.392690513290532
MX,MEX,Mexico,2020,1121064767168.8,8841.27074929751,126799054.0,3.39683415570006,-8.35403459379062
MX,MEX,Mexico,2021,1316569466833.94,10314.0506733708,127648148.0,5.68920847683753,6.04848347173572
MX,MEX,Mexico,2022,1466934724243.38,11405.7940469896,128613117.0,7.8962761916855,3.70975708309098
MX,MEX,Mexico,2023,1794410347718.25,13830.843848864,129739759.0,5.52796087314389,3.1067964131456
MX,MEX,Mexico,2024,1830489311088.89,13988.0423745241,130861007.0,4.72225588452932,1.35057631384696
MX,MEX,Mexico,2025,1832641364775.52,13889.2339628708,131946900.0,3.80668650726485,0.561683456144578
MH,MHL,Marshall Islands,2015,183700000.0,3764.34426229508,48800.0,,1.88574597892401
MH,MHL,Marshall Islands,2016,201800000.0,4229.80988911945,47709.0,,2.5040827436037
MH,MHL,Marshall Islands,2017,213700000.0,4592.83457628576,46529.0,,3.55815188528943
MH,MHL,Marshall Islands,2018,220000000.0,4858.12079054875,45285.0,,5.48717948717949
MH,MHL,Marshall Islands,2019,232900000.0,5292.33985502306,44007.0,,10.4521147301896
MH,MHL,Marshall Islands,2020,241800000.0,5661.96787336674,42706.0,,-2.77288732394366
MH,MHL,Marshall Islands,2021,261245500.0,6315.31172190393,41367.0,,2.15939339067452
MH,MHL,Marshall Islands,2022,258723500.0,6455.6603538189,40077.0,,-0.700580183196621
MH,MHL,Marshall Islands,2023,264000000.0,6799.39217554794,38827.0,,-5.39477377525279
MH,MHL,Marshall Islands,2024,285000000.0,7590.28443592202,37548.0,,3.30188679245282
MH,MHL,Marshall Islands,2025,308000000.0,8489.05793506422,36282.0,,2.28310502283105
MK,MKD,North Macedonia,2015,10064519962.5655,5262.68671928674,1912430.0,-0.299920475631462,3.85586514041738
MK,MKD,North Macedonia,2016,10672467073.2873,5598.48622617967,1906313.0,-0.239290787684501,2.84820519363306
MK,MKD,North Macedonia,2017,11307067069.6658,5955.2973863451,1898657.0,1.35161889677442,1.08177273813243
MK,MKD,North Macedonia,2018,12683068114.2388,6713.98925398989,1889051.0,1.45831298507126,2.88059670964267
MK,MKD,North Macedonia,2019,12606338448.547,6718.85826635458,1876262.0,0.766439573459805,3.91041953840173
MK,MKD,North Macedonia,2020,12361036913.8409,6659.59651070776,1856124.0,1.20007348888469,-4.68845000956652
MK,MKD,North Macedonia,2021,14000283827.0154,7620.80296977508,1837114.0,3.23074912132928,4.51067949038222
MK,MKD,North Macedonia,2022,13932436550.0883,7606.2375253797,1831712.0,14.2047173195833,2.75888415332967
MK,MKD,North Macedonia,2023,15855131188.9092,8674.35846327485,1827816.0,9.36187249769015,2.554965253403
MK,MKD,North Macedonia,2024,16951682221.3962,9291.8566035502,1824359.0,3.48974086026954,2.99373536567732
MK,MKD,North Macedonia,2025,19101199817.0174,10489.9255355525,1820909.0,4.07249176848348,3.48706619829503
ML,MLI,Mali,2015,15583181170.4105,838.11986940103,18593022.0,1.45069057605961,6.23887890181064
ML,MLI,Mali,2016,16743796799.8329,872.468587171653,19191289.0,-1.79964707083386,6.00506308559498
ML,MLI,Mali,2017,18308362040.0521,924.057531692284,19813011.0,1.75985742927165,5.37554769647939
ML,MLI,Mali,2018,20368015381.2413,996.379292136901,20442030.0,0.299546507387843,4.86784999935264
ML,MLI,Mali,2019,20477421884.5414,971.949318638092,21068405.0,-1.65826694846365,4.99999911699705
ML,MLI,Mali,2020,20698560938.7775,953.242943290974,21713836.0,0.438088940320669,-1.16910834857605
ML,MLI,Mali,2021,22999245262.6719,1027.27345365357,22388630.0,3.92560283104277,3.10094124463507
ML,MLI,Mali,2022,22539987718.7642,976.914116406452,23072640.0,9.62147608489064,3.70319027585386
ML,MLI,Mali,2023,24777941860.767,1042.44223444837,23769127.0,2.05880228274223,4.76394100040932
ML,MLI,Mali,2024,26761281076.7658,1093.2523323649,24478595.0,3.2063986409966,5.01653579205785
ML,MLI,Mali,2025,30069148580.7688,1193.27601004701,25198821.0,3.27823540357584,5.59946842896643
MT,MLT,Malta,2015,11340789705.8045,25529.6693210673,444220.0,1.10054826378929,9.62070302842181
MT,MLT,Malta,2016,12025777078.0922,26459.0644285369,454505.0,0.642702771527304,4.07800422216982
MT,MLT,Malta,2017,14161374599.3379,30317.2611769875,467106.0,1.36435448150708,12.9713425287845
MT,MLT,Malta,2018,16153785816.8181,33382.280781103,483903.0,1.15782362451517,7.18921425536917
MT,MLT,Malta,2019,16337788880.578,32421.9087471186,503912.0,1.6420600176894,4.0850557312243
MT,MLT,Malta,2020,16404655807.6687,31823.422001724,515490.0,0.638544956776712,-3.45728232537419
MT,MLT,Malta,2021,19730119030.6198,38078.0064279067,518150.0,1.49789217934724,13.3509818925498
MT,MLT,Malta,2022,18938869147.0818,35658.8318250199,531113.0,6.15375621933037,2.59276776884379
MT,MLT,Malta,2023,22625329775.6867,40932.5238774461,552747.0,5.09396758978883,10.6340558017004
MT,MLT,Malta,2024,25042712191.3281,44023.6341078148,568847.0,1.65079469283109,6.21275996991034
MT,MLT,Malta,2025,27771821560.9411,47906.9000057635,579704.0,2.36351752252186,3.96156139018959
MM,MMR,Myanmar,2015,59607290407.6191,1166.73305546337,51089056.0,9.45417189526018,6.99284029026121
MM,MMR,Myanmar,2016,63298361996.2153,1229.19713515893,51495696.0,6.92882525816076,5.86247291518572
MM,MMR,Myanmar,2017,66053040483.0016,1272.82241830603,51894938.0,4.5725365531752,6.13610824360305
MM,MMR,Myanmar,2018,67860515989.517,1298.21310320785,52272247.0,6.87232865662935,6.26886221471075
MM,MMR,Myanmar,2019,75065106227.6892,1425.98954211903,52640713.0,8.82506696804558,6.57911006765414
MM,MMR,Myanmar,2020,79006113643.1906,1490.21683548367,53016522.0,,-9.04834717984643
MM,MMR,Myanmar,2021,66345291160.1683,1242.72134419599,53387102.0,,-12.0163724829177
MM,MMR,Myanmar,2022,62253049891.6449,1158.05005034332,53756787.0,,4.0374934360085
MM,MMR,Myanmar,2023,66757619000.0,1233.19666209269,54133798.0,,0.958446625126115
MM,MMR,Myanmar,2024,74068349523.8095,1359.05001560107,54500091.0,,-0.97204641363362
MM,MMR,Myanmar,2025,81665773809.5238,1488.87527836542,54850648.0,,-2.01184475795665
ME,MNE,Montenegro,2015,4010884106.80136,6421.00005731419,624651.0,1.54869158222486,2.52306333975571
ME,MNE,Montenegro,2016,4357467226.269,6968.01202883651,625353.0,-0.271385023385176,3.4393056210999
ME,MNE,Montenegro,2017,4803964684.21648,7674.2856571219,625982.0,2.3802359905313,3.21668504736274
ME,MNE,Montenegro,2018,5433469310.85184,8673.59469069858,626438.0,2.611223782638,4.73292113433965
ME,MNE,Montenegro,2019,5483622632.13097,8749.25629734676,626753.0,0.361563704540767,4.39391565821528
ME,MNE,Montenegro,2020,4734192593.29169,7555.48699036321,626590.0,-0.255655699848551,-14.9926187023533
ME,MNE,Montenegro,2021,5822908963.58053,9315.86435643142,625053.0,2.41080198403165,13.0462607426359
ME,MNE,Montenegro,2022,6259721790.0652,10038.1849482517,623591.0,13.0403036347004,7.73954689516201
ME,MNE,Montenegro,2023,7643318276.40347,12258.1600477339,623529.0,8.58476910455403,6.47836283518564
ME,MNE,Montenegro,2024,8274290505.96367,13270.1824401005,623525.0,3.33675009282281,3.16409886329913
ME,MNE,Montenegro,2025,9232801464.79257,14816.8380299947,623129.0,3.89960910704956,2.74455354258522
MN,MNG,Mongolia,2015,11619892590.6941,3838.92126989984,3026864.0,5.73568281938327,2.37983580731722
MN,MNG,Mongolia,2016,11181350649.3573,3619.90026383792,3088856.0,0.733272227314397,1.48978448679577
MN,MNG,Mongolia,2017,11480847740.736,3645.96708669551,3148917.0,4.30143105302342,5.63687638694772
MN,MNG,Mongolia,2018,13178094720.4986,4107.64288528468,3208189.0,6.82424790145522,7.74488062024881
MN,MNG,Mongolia,2019,14206359017.5143,4347.54610314873,3267673.0,7.30106953550729,5.60224422064255
MN,MNG,Mongolia,2020,13312981429.0891,4001.25193077703,3327204.0,3.7237230614026,-4.55775197583431
MN,MNG,Mongolia,2021,15286441737.6686,4517.61578018785,3383741.0,7.35894657888155,1.63676957736662
MN,MNG,Mongolia,2022,17146471713.748,4993.51487463495,3433748.0,15.1509728200805,5.0327096366527
MN,MNG,Mongolia,2023,20325121393.9074,5838.63108083902,3481145.0,10.347583131434,7.4221127615025
MN,MNG,Mongolia,2024,23794540024.5132,6750.6301157724,3524788.0,6.1977990165842,5.12204539122661
MN,MNG,Mongolia,2025,25369107325.4549,7108.22743246244,3568978.0,8.60536487369695,6.84391415938607
MP,MNP,Northern Mariana Islands,2015,910000000.0,17665.1007493109,51514.0,,3.38345864661653
MP,MNP,Northern Mariana Islands,2016,1230000000.0,24225.474169342,50773.0,,29.2121212121212
MP,MNP,Northern Mariana Islands,2017,1560000000.0,31225.6049960968,49959.0,,23.1707317073171
MP,MNP,Northern Mariana Islands,2018,1301000000.0,26509.3628379893,49077.0,,-19.4973343488195
MP,MNP,Northern Mariana Islands,2019,1179000000.0,24496.6652122421,48129.0,,-11.4474929044465
MP,MNP,Northern Mariana Islands,2020,866000000.0,18220.8382427201,47528.0,,-29.0598290598291
MP,MNP,Northern Mariana Islands,2021,914000000.0,19455.50139424,46979.0,,4.96987951807229
MP,MNP,Northern Mariana Islands,2022,1096000000.0,23785.754590043,46078.0,,16.6427546628408
MP,MNP,Northern Mariana Islands,2023,,,45143.0,,
MP,MNP,Northern Mariana Islands,2024,,,44278.0,,
MP,MNP,Northern Mariana Islands,2025,,,43541.0,,
MZ,MOZ,Mozambique,2015,16208985769.615,610.563774706589,26547572.0,3.55075967356746,7.3930936986377
MZ,MOZ,Mozambique,2016,12069051237.1711,441.489734819071,27337105.0,17.4180418197597,4.69699024225795
MZ,MOZ,Mozambique,2017,13264640645.7768,470.93856305196,28166393.0,15.1132073899384,2.63820737310658
MZ,MOZ,Mozambique,2018,15017358952.8452,517.507260258101,29018644.0,3.91133439990729,3.48493202422782
MZ,MOZ,Mozambique,2019,15512759046.672,519.09255091362,29884380.0,2.80270307928111,2.31781394821475
MZ,MOZ,Mozambique,2020,14235420174.1884,462.433876479921,30783688.0,3.48393567493204,-1.21952250011192
MZ,MOZ,Mozambique,2021,16168055475.4449,509.907829475551,31707800.0,6.40847652975692,2.37743572761507
MZ,MOZ,Mozambique,2022,18884232598.8698,578.273222184503,32656246.0,10.2794018093421,4.3693080193804
MZ,MOZ,Mozambique,2023,20927498317.3094,622.191133245967,33635160.0,7.12697482131851,5.50384456650241
MZ,MOZ,Mozambique,2024,22752244245.473,656.976148587772,34631766.0,4.07856834812022,2.14892499135355
MZ,MOZ,Mozambique,2025,22337997046.1913,626.914419215727,35631653.0,4.3684695014615,-0.523485382072337
MR,MRT,Mauritania,2015,6182303676.55144,1558.84205473416,3965959.0,3.25472688117631,5.37633923694936
MR,MRT,Mauritania,2016,6407900701.25829,1568.00551190332,4086657.0,1.47171045650004,1.26090922448303
MR,MRT,Mauritania,2017,6812472965.33868,1617.93401542267,4210600.0,2.25427651934813,6.27054569386574
MR,MRT,Mauritania,2018,7475471309.52265,1723.37809442655,4337685.0,3.06735996058356,4.77217363890155
MR,MRT,Mauritania,2019,7894764885.82312,1767.072710621,4467708.0,2.30009262117937,3.14100489264639
MR,MRT,Mauritania,2020,8260567356.81635,1795.72437324423,4600131.0,2.3856948845632,-0.36065738652286
MR,MRT,Mauritania,2021,9221044666.76483,1947.47413907209,4734874.0,3.56516484650185,0.7427154981402
MR,MRT,Mauritania,2022,9562497460.55394,1961.28166648869,4875637.0,9.52526628622843,6.7960049994761
MR,MRT,Mauritania,2023,10687541640.1299,2127.9576285973,5022441.0,4.95305034506872,6.80949002457973
MR,MRT,Mauritania,2024,10879212033.4823,2104.54260769051,5169395.0,2.49164347481972,6.3076021190402
MR,MRT,Mauritania,2025,11679910946.4371,2197.51046251309,5315065.0,1.54796926167072,4.02891976567948
MU,MUS,Mauritius,2015,12162211503.0793,9630.5437837507,1262879.0,1.28654970760232,3.71766362108832
MU,MUS,Mauritius,2016,12757680846.5663,10095.1225574156,1263747.0,0.977675134718965,3.88576121076034
MU,MUS,Mauritius,2017,13896938315.2799,10986.7034093005,1264887.0,3.66699702675925,3.95441730960265
MU,MUS,Mauritius,2018,14957535715.9696,11818.7480619272,1265577.0,3.2160538314457,4.11669369456492
MU,MUS,Mauritius,2019,14645235204.6176,11568.2533399824,1265985.0,0.405655190309553,2.86394938684734
MU,MUS,Mauritius,2020,11566111137.5568,9135.84773751062,1266014.0,2.5808007718283,-14.1974358137792
MU,MUS,Mauritius,2021,11622048696.8129,9177.71195973013,1266334.0,4.02852888157376,3.33809084057279
MU,MUS,Mauritius,2022,12936444123.3037,10246.5017455553,1262523.0,10.7737512242899,8.3424438025047
MU,MUS,Mauritius,2023,14072212290.4596,11269.9684462139,1248647.0,7.05298238454736,4.69918189687444
MU,MUS,Mauritius,2024,14938055690.3609,11990.9355434317,1245779.0,3.6045220384796,4.94844235250574
MU,MUS,Mauritius,2025,16157804491.7614,12991.2935987166,1243741.0,3.67359279962943,3.15157395305867
MW,MWI,Malawi,2015,9219474379.31534,539.605363240686,17085587.0,21.8673475542553,2.80000000003355
MW,MWI,Malawi,2016,7909868618.46366,450.506105510719,17557739.0,21.7111132136499,2.49999999914311
MW,MWI,Malawi,2017,8943543793.5839,495.769683367165,18039715.0,11.5433939188771,4.00000000089172
MW,MWI,Malawi,2018,9879220354.29186,533.202567189331,18528081.0,12.420178108921,4.35356471619211
MW,MWI,Malawi,2019,11051852712.6142,580.889139762475,19025752.0,9.3708360560567,5.71682519194337
MW,MWI,Malawi,2020,11769313597.8545,602.507478176106,19533888.0,8.62551469650552,0.793596429787286
MW,MWI,Malawi,2021,12378119199.0839,617.446994451007,20047258.0,9.33014410835212,4.55829212016083
MW,MWI,Malawi,2022,12429059928.102,604.269740360317,20568728.0,20.953969729969,0.921115069005936
MW,MWI,Malawi,2023,13363669672.9405,633.214767978695,21104482.0,28.7897428247298,1.94575281675984
MW,MWI,Malawi,2024,11311971400.3864,522.365366146003,21655286.0,32.1796504225025,1.6734340852915
MW,MWI,Malawi,2025,14918276698.303,671.506847203876,22216120.0,28.3702565330281,1.88518707821663
MY,MYS,Malaysia,2015,301355266964.947,9648.6797937523,31232798.0,2.10438980238359,5.09153242155011
MY,MYS,Malaysia,2016,301256033870.334,9476.53409809923,31789685.0,2.09056659525742,4.44978139761541
MY,MYS,Malaysia,2017,319109094160.343,9862.54806612235,32355644.0,3.87120115774237,5.81272240983328
MY,MYS,Malaysia,2018,358788845712.53,10901.8019954421,32910967.0,0.884709160571235,4.84308697634881
MY,MYS,Malaysia,2019,365177721021.516,10920.191763972,33440596.0,0.662891865764326,4.41318742129586
MY,MYS,Malaysia,2020,337456163961.211,9957.52626697613,33889558.0,-1.1387021539305,-5.45684658426701
MY,MYS,Malaysia,2021,373784553029.978,10903.1037480772,34282399.0,2.47710241465447,3.31534954399166
MY,MYS,Malaysia,2022,407830525989.553,11754.5678336248,34695493.0,3.37869862549928,9.03173723044451
MY,MYS,Malaysia,2023,399949418752.657,11386.0395636528,35126298.0,2.48886560125754,3.5370638041057
MY,MYS,Malaysia,2024,422227005428.688,11874.4273684245,35557673.0,1.834100204499,5.10545921024041
MY,MYS,Malaysia,2025,472193128644.597,13124.5554178269,35977838.0,1.38060872293692,5.17127082911057
NA,NAM,Namibia,2015,11335161083.5061,4774.10650865775,2374300.0,3.39401538410559,4.26417453763675
NA,NAM,Namibia,2016,10722018732.0936,4395.68776162376,2439213.0,6.72858234593338,0.0337944502063294
NA,NAM,Namibia,2017,12895153370.9132,5143.96072323076,2506853.0,6.14579981111164,-1.02724808856709
NA,NAM,Namibia,2018,13682019076.4022,5308.60813408705,2577327.0,4.29159105337875,1.05993949860752
NA,NAM,Namibia,2019,12541928303.48,4731.9210318831,2650494.0,3.72239414422695,-0.839152163419357
NA,NAM,Namibia,2020,10583748541.5258,3878.58982993966,2728762.0,2.20938236933469,-8.10140201443319
NA,NAM,Namibia,2021,12402486183.6396,4412.8355693052,2810548.0,3.61690530108814,3.60382919248703
NA,NAM,Namibia,2022,12569449123.3661,4349.79908493314,2889662.0,6.08128114112413,5.3987247803654
NA,NAM,Namibia,2023,12522012873.7957,4225.99102418102,2963095.0,5.87993463284275,4.32498048866805
NA,NAM,Namibia,2024,13641190683.4641,4501.84849548225,3030131.0,4.23903922877036,3.77851723267591
NA,NAM,Namibia,2025,15080340653.5276,4875.92558158247,3092816.0,3.51074539609587,1.73018153842335
NC,NCL,New Caledonia,2015,8738203074.3957,30858.7237060533,283168.0,0.570508141048402,
NC,NCL,New Caledonia,2016,8724568954.89799,30782.8544433514,283423.0,0.578317435520754,
NC,NCL,New Caledonia,2017,9174048681.98577,32354.7102832901,283546.0,,
NC,NCL,New Caledonia,2018,9896402283.68587,34902.8968780031,283541.0,,0.400000000000006
NC,NCL,New Caledonia,2019,9475655324.59495,33411.3358835672,283606.0,,-1.39999999506659
NC,NCL,New Caledonia,2020,9454629467.91408,33270.330597637,284176.0,,-2.40000000692145
NC,NCL,New Caledonia,2021,10071349663.8484,35311.5543551452,285214.0,,-2.0999999972552
NC,NCL,New Caledonia,2022,9623318718.31459,33516.363085906,287123.0,,3.50000000289097
NC,NCL,New Caledonia,2023,9769167530.35744,33701.8923322781,289870.0,,2.79999999603682
NC,NCL,New Caledonia,2024,8548919387.12607,29213.1923192946,292639.0,,-13.4999999989747
NC,NCL,New Caledonia,2025,,,295333.0,,
NE,NER,Niger,2015,9683867926.44282,485.662574175279,19939498.0,-0.576090369833189,4.39264883207291
NE,NER,Niger,2016,10341025540.2322,499.910520068193,20685753.0,1.65388922387806,4.28137558478143
NE,NER,Niger,2017,11359273443.3897,529.929418934868,21435446.0,2.79637318871284,5.53198531271451
NE,NER,Niger,2018,12800907985.9863,576.927536415462,22188069.0,2.96760366004456,6.89458420864513
NE,NER,Niger,2019,12420836506.7888,541.265819870273,22947757.0,-2.48979265070855,6.07881528959186
NE,NER,Niger,2020,13648332189.7307,575.451340306915,23717613.0,2.8981937602627,4.45481803846413
NE,NER,Niger,2021,14936154253.3242,609.585703670137,24502140.0,3.8378680284051,1.11520063869706
NE,NER,Niger,2022,15531799640.9005,613.614736429298,25311973.0,4.22621791916392,12.2215497467041
NE,NER,Niger,2023,16949765463.9058,647.930108509567,26159867.0,3.70097316425834,2.63516980401258
NE,NER,Niger,2024,19729786046.7618,729.856664168989,27032412.0,9.07151997725013,8.32327058280728
NE,NER,Niger,2025,21646191388.2507,775.353622143879,27917831.0,-4.45470804102568,7.00782960149
NG,NGA,Nigeria,2015,493026682800.63,2585.73360671797,190671878.0,9.00943498007706,2.65269329541779
NG,NGA,Nigeria,2016,404649125252.16,2070.4127339595,195443700.0,15.6968126387972,-1.61686894903467
NG,NGA,Nigeria,2017,375745731053.427,1876.34027111773,200254579.0,16.5022662139641,0.805886619091581
NG,NGA,Nigeria,2018,421739251509.08,2057.87944554011,204938755.0,12.0951065173432,1.92275734199798
NG,NGA,Nigeria,2019,668219992686.575,3189.81286496183,209485641.0,11.3964223378115,2.20842927835211
NG,NGA,Nigeria,2020,598586817817.392,2797.184580679,213996181.0,13.2460234276598,-6.36889840468527
NG,NGA,Nigeria,2021,609147716965.348,2787.48779220991,218529286.0,16.9528457221608,1.109252540249
NG,NGA,Nigeria,2022,646950257575.455,2899.16047469267,223150896.0,18.8471877843274,4.31882949157136
NG,NGA,Nigeria,2023,487387801877.803,2138.76383718757,227882945.0,24.659550203114,3.31590368111438
NG,NGA,Nigeria,2024,252261880140.271,1084.16041805058,232679478.0,33.2416590552749,4.07106650147703
NG,NGA,Nigeria,2025,290794361542.112,1224.25410237743,237527782.0,23.0101235833333,4.01336180700973
NI,NIC,Nicaragua,2015,12756696261.0676,2074.45620634731,6149417.0,3.99737996694396,4.79226768332697
NI,NIC,Nicaragua,2016,13286093388.4752,2131.68704828322,6232666.0,3.52317317628473,4.56314739524967
NI,NIC,Nicaragua,2017,13785893007.4769,2182.61380995674,6316231.0,3.85067166284727,4.63120757580209
NI,NIC,Nicaragua,2018,13025221974.232,2035.16549390507,6400080.0,4.94723728039886,-3.3633566598573
NI,NIC,Nicaragua,2019,12699023614.245,1958.62051528095,6483657.0,5.37628990844126,-2.89686986728901
NI,NIC,Nicaragua,2020,12726422432.4868,1938.44704754382,6565267.0,3.68181341625572,-2.23654176262323
NI,NIC,Nicaragua,2021,14209019392.3025,2138.38573878237,6644741.0,4.92841396948968,10.4543887816515
NI,NIC,Nicaragua,2022,15634573555.9049,2322.89069619459,6730654.0,10.4674244465991,3.55027477135765
NI,NIC,Nicaragua,2023,17805842220.7571,2609.44491147975,6823613.0,8.38765854872536,4.42779393186883
NI,NIC,Nicaragua,2024,19696311850.3289,2847.87639497305,6916140.0,4.62473841057141,3.58094495324541
NI,NIC,Nicaragua,2025,22237167113.0916,3173.33724815085,7007502.0,2.08132127098376,4.92352556770889
NL,NLD,Netherlands,2015,775743675302.734,45793.8135434697,16939923.0,0.600248147278776,2.12064007193544
NL,NLD,Netherlands,2016,797163949289.885,46808.5291492503,17030314.0,0.316666666666652,2.42428065449427
NL,NLD,Netherlands,2017,848233537845.884,49513.6817346384,17131296.0,1.38145871407216,2.78150834679987
NL,NLD,Netherlands,2018,929733599796.862,53955.0770024266,17231624.0,1.70349794744479,2.25873158164956
NL,NLD,Netherlands,2019,928903005576.469,53554.9007491475,17344874.0,2.63369910249591,2.3001616053659
NL,NLD,Netherlands,2020,932560861701.17,53467.9277413737,17441500.0,1.27246037789161,-3.86799714191608
NL,NLD,Netherlands,2021,1054472123449.6,60141.9880911492,17533044.0,2.67572008805385,6.27683593745216
NL,NLD,Netherlands,2022,1046540797548.64,59123.318556487,17700982.0,10.0012078753473,5.00723453395074
NL,NLD,Netherlands,2023,1135475867551.0,63515.6030780019,17877117.0,3.83839354342808,-0.598061017580278
NL,NLD,Netherlands,2024,1213936238063.28,67465.3208126875,17993485.0,3.34754304219953,1.07383137319854
NL,NLD,Netherlands,2025,1332767651100.39,73683.917132794,18087633.0,3.2595766451366,1.78463214703797
NO,NOR,Norway,2015,400669174330.888,77220.9524311414,5188607.0,2.17113665389527,2.04428845501438
NO,NOR,Norway,2016,383284047619.048,73222.4006864905,5234519.0,3.55000000000007,1.29158732771135
NO,NOR,Norway,2017,415673181543.421,78771.2151264554,5276968.0,1.87510059552545,2.66964474273466
NO,NOR,Norway,2018,454588871810.636,85579.0776455494,5311916.0,2.76483134528797,1.1103912365576
NO,NOR,Norway,2019,424244886363.636,79329.3075190012,5347896.0,2.16773003305411,1.46970781954143
NO,NOR,Norway,2020,382252517921.94,71057.5879471399,5379475.0,1.28658490707996,-1.36055723261586
NO,NOR,Norway,2021,521592200232.829,96442.5552173002,5408320.0,3.48388055266669,4.14314688769197
NO,NOR,Norway,2022,617321834098.986,113122.130765691,5457127.0,5.76412317852272,4.08039770659241
NO,NOR,Norway,2023,502197633322.816,90984.4087141111,5519601.0,5.51784987104659,0.352695581319765
NO,NOR,Norway,2024,500886328034.123,89888.9535204758,5572279.0,3.14530134431081,1.42372134524737
NO,NOR,Norway,2025,530755719438.879,94594.1929573987,5610870.0,3.05562484410077,1.08528185031417
NP,NPL,Nepal,2015,24360801286.7638,875.543635474862,27823629.0,7.86890895590891,3.97605327162971
NP,NPL,Nepal,2016,24524109483.5293,877.256454696737,27955462.0,8.7903433200464,0.433113719381524
NP,NPL,Nepal,2017,28971588940.364,1034.28374906846,28011258.0,2.77703998300211,8.97727935643466
NP,NPL,Nepal,2018,33111525237.149,1179.19843190389,28079689.0,4.40659410175714,7.62237610397933
NP,NPL,Nepal,2019,34186180699.0255,1203.14294706401,28414064.0,5.56616035243723,6.65705543110468
NP,NPL,Nepal,2020,33433659301.2466,1154.21517578318,28966574.0,5.05635826238499,-2.3696206292072
NP,NPL,Nepal,2021,36924841394.2605,1252.75076731986,29475010.0,4.12676744440695,4.838149614115
NP,NPL,Nepal,2022,41182939519.8161,1385.91066002922,29715436.0,7.6702057938028,5.6313145568451
NP,NPL,Nepal,2023,41049329851.0546,1382.38300895424,29694614.0,7.11587261530826,1.98254843461849
NP,NPL,Nepal,2024,43298911699.9284,1460.28237984149,29651054.0,4.6850965426577,3.67787459697703
NP,NPL,Nepal,2025,45489810283.1132,1535.87781246307,29618118.0,2.65334269811436,4.43073194983359
NR,NRU,Naoero,2015,84863440.5801997,7747.25584993607,10954.0,,3.41880341880281
NR,NRU,Naoero,2016,97541943.0355053,8748.15632605428,11150.0,,4.13223140495909
NR,NRU,Naoero,2017,109355638.866955,9656.97976571484,11324.0,,-6.34920634920609
NR,NRU,Naoero,2018,130995566.30391,11413.7463016389,11477.0,,-0.847457627118729
NR,NRU,Naoero,2019,125160115.547819,10801.7705659635,11587.0,,8.5470085470084
NR,NRU,Naoero,2020,124685688.161094,10709.068810538,11643.0,,1.57480314960559
NR,NRU,Naoero,2021,149268323.992868,12748.1701249353,11709.0,,7.75193798449692
NR,NRU,Naoero,2022,180671357.349805,15309.8345351924,11801.0,,0.0
NR,NRU,Naoero,2023,161531316.884061,13602.6372112893,11875.0,,-0.719424460431725
NR,NRU,Naoero,2024,167833414.846177,14048.163961344,11947.0,,1.44927536231899
NR,NRU,Naoero,2025,176040043.932346,14639.5046929186,12025.0,,2.14285714285656
NZ,NZL,New Zealand,2015,178147457242.978,38648.7302562109,4609400.0,0.292704628136101,3.72968312125018
NZ,NZL,New Zealand,2016,188980351890.848,40088.3205470499,4714100.0,0.646240284454524,3.7435247472109
NZ,NZL,New Zealand,2017,206561943051.354,42912.1537002148,4813600.0,1.85078767452536,3.31568621648204
NZ,NZL,New Zealand,2018,211726161989.495,43204.1305124872,4900600.0,1.59829703801696,3.32219666491432
NZ,NZL,New Zealand,2019,213088034258.42,42872.2681243427,4970300.0,1.61963190184048,2.32371708441623
NZ,NZL,New Zealand,2020,213318129988.602,42054.6743136586,5072400.0,1.71456170007245,-0.240916114758988
NZ,NZL,New Zealand,2021,253732493987.834,49902.154346032,5084600.0,3.94112060778728,4.29916005216614
NZ,NZL,New Zealand,2022,249723029451.237,49141.6316294227,5081700.0,7.17222476016441,3.34521847792682
NZ,NZL,New Zealand,2023,256372177757.764,49302.341876493,5200000.0,5.73316283034957,1.81389453412019
NZ,NZL,New Zealand,2024,261497198363.906,49432.3626396797,5290000.0,2.92279782301957,-0.868722371893952
NZ,NZL,New Zealand,2025,264057413739.965,49591.0405731713,5324700.0,2.8397963180572,0.462871830681081
OM,OMN,Oman,2015,78710793237.9714,18808.3077921839,4184895.0,0.0652901330286599,5.01705799719045
OM,OMN,Oman,2016,75128738621.5865,17110.1897460545,4390877.0,1.10920805807027,5.04642394571691
OM,OMN,Oman,2017,80856697009.1027,17820.0661809335,4537396.0,1.58909413567799,0.304057565922449
OM,OMN,Oman,2018,91505851755.5267,19901.7615642016,4597877.0,0.889312370970404,1.28710391543288
OM,OMN,Oman,2019,88060858257.4772,19180.1864152801,4591241.0,0.490815362820671,-1.12863801728058
OM,OMN,Oman,2020,75909492847.8544,16784.8630630058,4522497.0,-0.40640291946585,-3.37972052697999
OM,OMN,Oman,2021,87323797139.1417,19403.4600160211,4500424.0,1.68221185876085,2.5821749892893
OM,OMN,Oman,2022,109852795838.752,23223.5829405935,4730226.0,2.5061425061425,7.98570728354278
OM,OMN,Oman,2023,106174707932.38,21027.7384572657,5049269.0,0.950782997762827,1.41401383200161
OM,OMN,Oman,2024,107137198699.61,20285.2272765262,5281538.0,0.593589236248469,1.63163231397978
OM,OMN,Oman,2025,109604780696.23,19947.3966227092,5494691.0,0.967741935483928,2.39787382295398
PK,PAK,Pakistan,2015,299963590534.773,1380.47020838317,217290883.0,2.52932817254229,4.21794209572506
PK,PAK,Pakistan,2016,313630000130.435,1424.69161195897,220138869.0,3.7651191635658,6.57383828511043
PK,PAK,Pakistan,2017,339205534861.1,1519.23459514248,223273967.0,4.08537368032608,4.43262590683975
PK,PAK,Pakistan,2018,356128166704.921,1569.33814626355,226928892.0,5.07805725868917,6.15170261099519
PK,PAK,Pakistan,2019,320909472770.669,1390.41690981745,230800899.0,10.5780305672025,2.49763692943365
PK,PAK,Pakistan,2020,300425609817.981,1278.39735206896,235001746.0,9.74011619320125,-1.27408744338709
PK,PAK,Pakistan,2021,348516647445.148,1455.31922370186,239477801.0,9.49641577285205,6.51388575852702
PK,PAK,Pakistan,2022,374890295666.694,1538.3228133171,243700667.0,19.8738599646655,4.7781068690358
PK,PAK,Pakistan,2023,336686348609.266,1360.32417758419,247504495.0,30.7681280657005,-0.414935997088406
PK,PAK,Pakistan,2024,371747087751.306,1479.47755241191,251269164.0,12.6325318530452,3.08176295579301
PK,PAK,Pakistan,2025,407307214476.222,1595.90912252837,255219554.0,3.54555214890893,3.69842668749033
PA,PAN,Panama,2015,55767806100.0,14082.6548502728,3960035.0,0.137492058461588,5.26691719595516
PA,PAN,Panama,2016,59760858700.0,14832.3611608191,4029086.0,0.73973402529995,4.57196707937275
PA,PAN,Panama,2017,64327688800.0,15694.6297454295,4098707.0,0.875585918759963,5.7440594635578
PA,PAN,Panama,2018,67316471200.0,16151.3273478476,4167860.0,0.761578359399945,3.91824253321265
PA,PAN,Panama,2019,69778991200.0,16477.9066285687,4234700.0,-0.355083821021246,3.10295395631086
PA,PAN,Panama,2020,57059846500.0,13290.5608347594,4293261.0,-1.55027540803761,-17.8211174074602
PA,PAN,Panama,2021,67396392500.0,15509.8069109784,4345405.0,1.63070337301898,16.4669992022652
PA,PAN,Panama,2022,76479304500.0,17378.6070083597,4400773.0,2.85965128834711,11.0386022908773
PA,PAN,Panama,2023,83812155200.0,18797.1933894611,4458759.0,1.48641355277038,7.16634016390665
PA,PAN,Panama,2024,86523959100.0,19161.218843129,4515577.0,0.69322555100446,2.74784148771307
PA,PAN,Panama,2025,90462600000.0,19789.7308555826,4571189.0,-0.189587880235675,4.35030460627731
PE,PER,Peru,2015,189802976285.619,6231.71150338894,30457600.0,3.39809194746308,3.25224477218451
PE,PER,Peru,2016,191898104390.379,6217.03599995447,30866494.0,3.55717663556279,3.95331871520767
PE,PER,Peru,2017,211007984080.911,6736.16693725487,31324637.0,2.99490045809443,2.51883544233135
PE,PER,Peru,2018,222597009739.235,6978.49121548627,31897584.0,1.50915423024742,3.969351341365
PE,PER,Peru,2019,228346006003.648,7037.00803692604,32449303.0,2.25212191358027,2.24063176875049
PE,PER,Peru,2020,201409694755.934,6133.32552410183,32838579.0,2.00241205759292,-10.9333065010382
PE,PER,Peru,2021,226406075008.878,6828.53422535638,33155882.0,4.27166381536798,13.4166456126513
PE,PER,Peru,2022,246169867862.821,7353.74598721667,33475438.0,8.33370630096231,2.81819976419922
PE,PER,Peru,2023,268025009709.319,7919.04634828547,33845617.0,6.45561348369586,-0.350699814345759
PE,PER,Peru,2024,291751523018.903,8526.29665719783,34217848.0,2.00770739412712,3.5152749274832
PE,PER,Peru,2025,334854659181.893,9684.41170314988,34576665.0,1.53125450314273,3.43056395124466
PH,PHL,Philippines,2015,306445871242.322,2909.85818010301,105312992.0,0.674192536845408,6.34830971672761
PH,PHL,Philippines,2016,318627003016.731,2985.19564024046,106735719.0,1.25369880080982,7.14945675000752
PH,PHL,Philippines,2017,328480736802.76,3038.12124959289,108119693.0,2.85318772590947,6.9309883258402
PH,PHL,Philippines,2018,346841896587.313,3168.51036609727,109465287.0,5.30934661627707,6.34148557153473
PH,PHL,Philippines,2019,376823402239.136,3400.78949767074,110804683.0,2.39206534422404,6.11852566221303
PH,PHL,Philippines,2020,361751145451.597,3227.57910235199,112081264.0,2.3931623931624,-9.51829474045297
PH,PHL,Philippines,2021,394087359848.11,3484.38593882819,113100950.0,3.92718022100332,5.71473313185116
PH,PHL,Philippines,2022,404353369604.631,3548.06930572116,113964338.0,5.82115811213955,7.58098212785563
PH,PHL,Philippines,2023,437055627245.138,3804.08274131718,114891199.0,5.97802515541409,5.51894967856043
PH,PHL,Philippines,2024,461671157904.74,3985.29464669706,115843670.0,3.21260487006347,5.71474526128652
PH,PHL,Philippines,2025,487086123720.417,4170.72347271451,116786962.0,1.6587364525509,4.40240158710621
PW,PLW,Palau,2015,283224750.0,15938.3652222848,17770.0,0.949040643697081,8.57000568228419
PW,PLW,Palau,2016,303326125.0,17043.6660673147,17797.0,-1.04230533415074,1.66650688235592
PW,PLW,Palau,2017,289983656.25,16280.241199753,17812.0,1.4179881966692,-3.42143170174889
PW,PLW,Palau,2018,288228343.75,16179.877834849,17814.0,2.10970464135017,-0.417625859260369
PW,PLW,Palau,2019,281954000.0,15841.8923474548,17798.0,0.26737967914444,0.300684343692609
PW,PLW,Palau,2020,258985859.375,14556.30954221,17792.0,0.218181818181833,-6.00740723664144
PW,PLW,Palau,2021,235935734.375,13267.4877340719,17783.0,2.6124818577648,-11.9146400192064
PW,PLW,Palau,2022,247470812.5,13934.951996171,17759.0,12.3526638378124,-0.462879543823192
PW,PLW,Palau,2023,276157406.25,15578.3497630733,17727.0,12.8199748216534,1.22284844405733
PW,PLW,Palau,2024,321501812.5,18169.0767165866,17695.0,2.23172772921704,12.0059720184866
PW,PLW,Palau,2025,345000000.0,19532.3557719527,17663.0,-0.418410041841039,6.28637654202731
PG,PNG,Papua New Guinea,2015,21723437010.0982,2484.5963398603,8743246.0,5.99595778127107,6.57835632304275
PG,PNG,Papua New Guinea,2016,20758876952.6232,2316.39479758492,8961718.0,6.6737288135593,5.48957315278187
PG,PNG,Papua New Guinea,2017,22742699138.356,2477.76530986323,9178714.0,5.42204568023834,3.53461081750459
PG,PNG,Papua New Guinea,2018,24109780708.0268,2566.36833735041,9394513.0,4.37448921453162,-0.279252284959952
PG,PNG,Papua New Guinea,2019,24750626029.8777,2575.77274140393,9609010.0,3.92867290939597,4.48051456942582
PG,PNG,Papua New Guinea,2020,23848447849.6081,2429.61134585269,9815746.0,4.87167398565555,-3.16743204434815
PG,PNG,Papua New Guinea,2021,26113409477.7318,2607.97769973161,10012896.0,4.48359014042398,-0.510612607034361
PG,PNG,Papua New Guinea,2022,31653230962.4549,3102.29409730005,10203169.0,5.25323922215241,5.70701964996525
PG,PNG,Papua New Guinea,2023,30816328065.6492,2966.06455045333,10389635.0,2.29869991296791,3.81046308333708
PG,PNG,Papua New Guinea,2024,30803971189.4102,2912.4914068385,10576502.0,0.602403921107917,3.88795324667848
PG,PNG,Papua New Guinea,2025,32498658653.8415,3019.5309140573,10762817.0,4.42141364166485,5.63792052319458
PL,POL,Poland,2015,480054118583.367,12637.5220324406,37986412.0,-0.874125874125862,4.43176700264478
PL,POL,Poland,2016,473259623976.262,12464.0121044827,37970087.0,-0.664767331433962,3.03117767594847
PL,POL,Poland,2017,528356723263.073,13913.3415190124,37974826.0,2.07593553673859,5.15245773325907
PL,POL,Poland,2018,594616632477.019,15658.210586693,37974750.0,1.81295156542689,6.2458584723942
PL,POL,Poland,2019,602683770144.88,15874.5220531254,37965475.0,2.22747880938291,4.58045817256199
PL,POL,Poland,2020,605914237903.742,16150.9304813473,37515748.0,3.37446972618589,-2.03556882399977
PL,POL,Poland,2021,689170230665.35,18635.5104895754,36981559.0,5.05502704719272,6.92718266052501
PL,POL,Poland,2022,695607470875.276,18891.2121169279,36821749.0,14.4294507575758,5.25545697386036
PL,POL,Poland,2023,812451193396.143,22145.2660647429,36687353.0,11.5289127961105,0.249610834017872
PL,POL,Poland,2024,917767106146.761,25103.565661423,36559233.0,3.79060897630197,3.02841630700273
PL,POL,Poland,2025,1035491784197.44,28419.5777395638,36435861.0,3.81419531520146,3.5727250346774
PR,PRI,Puerto Rico (US),2015,103375500000.0,29242.041465085,3535167.0,,-1.04929003238674
PR,PRI,Puerto Rico (US),2016,104336700000.0,29978.0889268918,3480432.0,,-1.26369434781117
PR,PRI,Puerto Rico (US),2017,103445500000.0,30328.479490518,3410837.0,,-2.88521838398481
PR,PRI,Puerto Rico (US),2018,100958100000.0,30679.9181934488,3290690.0,,-4.36142703162535
PR,PRI,Puerto Rico (US),2019,105126400000.0,31830.5284993358,3302691.0,,1.67546379498209
PR,PRI,Puerto Rico (US),2020,103130900000.0,31427.1034994916,3281591.0,,-4.1808743093346
PR,PRI,Puerto Rico (US),2021,106426600000.0,32618.8705106244,3262731.0,,0.385222719529239
PR,PRI,Puerto Rico (US),2022,113843700000.0,35353.5613891039,3220148.0,,2.95709565499587
PR,PRI,Puerto Rico (US),2023,118478754280.882,36980.7653928068,3203794.0,,0.731492105366186
PR,PRI,Puerto Rico (US),2024,126029527033.705,39353.2242360643,3202521.0,,3.17707554784896
PR,PRI,Puerto Rico (US),2025,129368484000.0,40620.1526923687,3184835.0,,0.317670046196895
KP,PRK,"Korea, Dem. People's Rep.",2015,,,25575350.0,,
KP,PRK,"Korea, Dem. People's Rep.",2016,,,25698326.0,,
KP,PRK,"Korea, Dem. People's Rep.",2017,,,25817709.0,,
KP,PRK,"Korea, Dem. People's Rep.",2018,,,25931147.0,,
KP,PRK,"Korea, Dem. People's Rep.",2019,,,26037632.0,,
KP,PRK,"Korea, Dem. People's Rep.",2020,,,26136312.0,,
KP,PRK,"Korea, Dem. People's Rep.",2021,,,26232534.0,,
KP,PRK,"Korea, Dem. People's Rep.",2022,,,26328845.0,,
KP,PRK,"Korea, Dem. People's Rep.",2023,,,26418204.0,,
KP,PRK,"Korea, Dem. People's Rep.",2024,,,26498823.0,,
KP,PRK,"Korea, Dem. People's Rep.",2025,,,26571036.0,,
PT,PRT,Portugal,2015,199038523119.639,19215.7813014347,10358076.0,0.48793862390472,1.58979803702681
PT,PRT,Portugal,2016,206305431241.638,19980.2808866516,10325452.0,0.607397074641719,2.00414129666575
PT,PRT,Portugal,2017,220862990767.229,21442.3842768879,10300300.0,1.36861411643482,3.31472008175986
PT,PRT,Portugal,2018,242092894542.888,23541.1401075289,10283822.0,0.993715683468233,2.94628343449202
PT,PRT,Portugal,2019,240115970063.019,23343.3628970034,10286263.0,0.338178410046124,2.74568432648596
PT,PRT,Portugal,2020,229618773422.577,22299.4044062173,10297081.0,-0.0124383299576209,-8.20463159324387
PT,PRT,Portugal,2021,256055879091.139,24711.4510062111,10361831.0,1.26565719069044,5.55875672070374
PT,PRT,Portugal,2022,256898677175.024,24620.5197587181,10434332.0,7.83269124233323,6.98584137580278
PT,PRT,Portugal,2023,292323800948.839,27634.6183139773,10578174.0,4.31128191898681,3.09998745904281
PT,PRT,Portugal,2024,313656884870.859,29328.3067415343,10694681.0,2.41613187791876,2.21459232301109
PT,PRT,Portugal,2025,346639825141.821,32081.8106150292,10804871.0,2.33601620316701,1.86448007464475
PY,PRY,Paraguay,2015,36211447840.0971,5879.33792308671,6159103.0,3.12900274473925,2.95715168367079
PY,PRY,Paraguay,2016,36089700222.9461,5775.1596339946,6249126.0,4.08682280577241,4.26802583314583
PY,PRY,Paraguay,2017,38997129473.5558,6152.26711537703,6338660.0,3.60247741348943,4.81007885554041
PY,PRY,Paraguay,2018,40225448340.6322,6258.44991640954,6427382.0,3.97561015740694,3.20425034076639
PY,PRY,Paraguay,2019,37925338329.1494,5821.18199548637,6515058.0,2.75709727562775,-0.40185510068001
PY,PRY,Paraguay,2020,35432178068.1814,5365.47220721191,6603739.0,1.76751592356698,-0.819785390971916
PY,PRY,Paraguay,2021,39937357255.8716,5974.9057185863,6684182.0,4.787983101236,3.99461510731535
PY,PRY,Paraguay,2022,41841201626.7253,6189.10205375331,6760464.0,9.76556667164402,-0.0280771723899278
PY,PRY,Paraguay,2023,43140465595.6662,6303.26495017292,6844146.0,4.63202285403356,5.28584584975323
PY,PRY,Paraguay,2024,44738819362.3269,6456.60723068562,6929153.0,3.83540271728533,4.66914577981763
PY,PRY,Paraguay,2025,49278227554.3339,7026.61906146401,7013078.0,4.0380642333938,6.64262511156879
PS,PSE,West Bank and Gaza,2015,13972400000.0,3272.15432360708,4270092.0,1.43161145810476,3.72129967114788
PS,PSE,West Bank and Gaza,2016,15405400000.0,3527.61382413178,4367088.0,-0.219106604907316,8.86461881995935
PS,PSE,West Bank and Gaza,2017,16128000000.0,3620.36048715937,4454805.0,0.212570934228881,1.41936756294787
PS,PSE,West Bank and Gaza,2018,16276600000.0,3562.33094270256,4569087.0,-0.195107773730735,1.22707737782703
PS,PSE,West Bank and Gaza,2019,17133500000.0,3656.85827137011,4685306.0,1.58018333639455,1.36268746558062
PS,PSE,West Bank and Gaza,2020,15531700000.0,3233.56863835858,4803269.0,-0.735332001092191,-11.3184661065134
PS,PSE,West Bank and Gaza,2021,18109000000.0,3678.63565662194,4922749.0,1.23748102831369,7.01198227592003
PS,PSE,West Bank and Gaza,2022,19165500000.0,3799.95527015163,5043612.0,3.74122391852077,4.08276027347105
PS,PSE,West Bank and Gaza,2023,18635100000.0,3607.41611858821,5165775.0,5.87110177678988,-0.97217780620403
PS,PSE,West Bank and Gaza,2024,16016900000.0,3028.25481286981,5289152.0,53.6691458303782,-22.8573273913324
PS,PSE,West Bank and Gaza,2025,17167100000.0,3171.10844621579,5413596.0,9.80840118100493,4.34444072337577
PF,PYF,French Polynesia,2015,5325846361.81186,19166.9594761931,277866.0,,1.80334081452726
PF,PYF,French Polynesia,2016,5497036476.8031,19690.0775734589,279178.0,,2.30219823670438
PF,PYF,French Polynesia,2017,5833352692.7995,20826.9312492172,280087.0,,4.29263363103487
PF,PYF,French Polynesia,2018,6135116253.33452,21925.616043938,279815.0,,1.80687498305207
PF,PYF,French Polynesia,2019,6022276196.13871,21582.5892046801,279034.0,,2.68946658143334
PF,PYF,French Polynesia,2020,5574821989.38239,19966.4838503859,279209.0,,-10.5738138632489
PF,PYF,French Polynesia,2021,5994931236.42282,21426.3854449835,279792.0,,3.36590242421546
PF,PYF,French Polynesia,2022,5622688338.06317,20053.9569369322,280378.0,,2.9373470716322
PF,PYF,French Polynesia,2023,6137447782.87066,21832.2831795569,281118.0,,2.77284077155413
PF,PYF,French Polynesia,2024,6323716355.05009,22439.8838746025,281807.0,,1.12638897730247
PF,PYF,French Polynesia,2025,,,282465.0,,
QA,QAT,Qatar,2015,161739955576.923,68985.2946961507,2344557.0,1.8140772393776,4.75334572438737
QA,QAT,Qatar,2016,151732181868.132,61253.6375482797,2477113.0,2.6765917009819,3.06419188430156
QA,QAT,Qatar,2017,161099122225.275,63279.8556949332,2545820.0,0.394878914083005,-1.49760470227838
QA,QAT,Qatar,2018,183334953818.681,71039.8490579352,2580734.0,0.255815382724408,1.23487220191065
QA,QAT,Qatar,2019,176371267692.308,66841.3013484919,2638657.0,-0.666641124861147,0.688240954592672
QA,QAT,Qatar,2020,144411363351.648,51683.5054376677,2794148.0,-2.5403150300476,-3.5576039896784
QA,QAT,Qatar,2021,179732009560.44,71751.8831257169,2504910.0,2.30446565742003,1.62684671918775
QA,QAT,Qatar,2022,235709325714.286,88701.463352273,2657333.0,4.99527553740761,4.18500970982862
QA,QAT,Qatar,2023,213002809340.659,80195.8746508549,2656032.0,3.02764899198902,1.18715991623776
QA,QAT,Qatar,2024,216294505494.505,75685.0865779973,2857822.0,1.26734310292375,3.10963283242745
QA,QAT,Qatar,2025,215559615384.615,72524.9066385222,2972215.0,,2.90166036660493
RO,ROU,Romania,2015,177885131240.315,8977.01748158196,19815616.0,-0.594156437495203,3.1570360543854
RO,ROU,Romania,2016,185290759248.844,9404.54005870715,19702267.0,-1.54479666813897,2.85993252302089
RO,ROU,Romania,2017,210147385855.419,10727.9822007426,19588715.0,1.3390212110439,8.19547826641261
RO,ROU,Romania,2018,241791427223.903,12416.134317959,19473970.0,4.62548443137779,5.39452228185675
RO,ROU,Romania,2019,250080428511.595,12909.6104013244,19371648.0,3.82785432599438,3.96028958497598
RO,ROU,Romania,2020,250624575871.819,13009.1525348396,19265250.0,2.63107311184743,-3.59802546034757
RO,ROU,Romania,2021,285072444957.216,14908.0412813921,19122059.0,5.05232876096582,5.58735072538869
RO,ROU,Romania,2022,295317862855.924,15503.4691366242,19048502.0,13.7954887432521,4.18771305104109
RO,ROU,Romania,2023,347757995758.914,18244.4186876321,19061062.0,10.3971874764996,2.25773416555121
RO,ROU,Romania,2024,382564217988.866,20080.2096215595,19051804.0,5.72140574354439,0.916003764382594
RO,ROU,Romania,2025,428677977854.826,22537.9532108047,19020271.0,7.18903362292063,0.677829835052762
RU,RUS,Russian Federation,2015,1363482182197.71,9277.7138671875,144640716.0,15.5343959935701,-1.9727192264298
RU,RUS,Russian Federation,2016,1276786350881.14,8663.158203125,145015460.0,7.04243725413707,0.193671130698817
RU,RUS,Russian Federation,2017,1574199360089.0,10658.9130859375,145293260.0,3.68333072334495,1.82670527549192
RU,RUS,Russian Federation,2018,1657328773461.31,11211.8876953125,145398106.0,2.87831382614981,2.80634082046656
RU,RUS,Russian Federation,2019,1693115002708.32,11447.701171875,145453291.0,4.47202631837903,2.19807571381982
RU,RUS,Russian Federation,2020,1493075894362.14,10108.3271484375,145245148.0,3.38219796948068,-2.65365449695453
RU,RUS,Russian Federation,2021,1829186719575.1,12425.029296875,144746762.0,6.69445891957612,5.866491772979
RU,RUS,Russian Federation,2022,2292495097681.47,15625.6328125,144236933.0,13.7436797398232,-1.43537063467896
RU,RUS,Russian Federation,2023,2046284838151.09,13986.9951171875,143826130.0,5.86571931748967,4.06661395813023
RU,RUS,Russian Federation,2024,2186462268813.08,14961.8974609375,143669648.0,8.43486410496723,4.92167966203073
RU,RUS,Russian Federation,2025,2561310169358.74,17546.609375,143513328.0,8.71986939402666,1.00117656925738
RW,RWA,Rwanda,2015,8447064078.84373,725.691418696952,11640022.0,2.52850284192421,8.87036752872743
RW,RWA,Rwanda,2016,8596812240.52305,721.258515833094,11919183.0,7.17434301982009,5.65874584202778
RW,RWA,Rwanda,2017,9164345443.2575,751.049039527547,12202060.0,8.27953672260832,4.70393439751061
RW,RWA,Rwanda,2018,9650161136.17648,772.754982959354,12487996.0,-0.311210160390699,8.07084254621641
RW,RWA,Rwanda,2019,10519272170.3346,823.355304065304,12776103.0,3.34787655037648,9.28613387454543
RW,RWA,Rwanda,2020,10487146253.4025,802.638686936204,13065837.0,9.85039902274207,-2.77710485515125
RW,RWA,Rwanda,2021,11252894909.5043,842.581492947672,13355260.0,-0.391346748300791,8.41140448646523
RW,RWA,Rwanda,2022,13747404814.2677,1007.05989322914,13651030.0,17.6892095588153,9.82497394651698
RW,RWA,Rwanda,2023,14806501437.282,1061.05788154076,13954471.0,19.789546746467,8.55964292914153
RW,RWA,Rwanda,2024,15111064181.9687,1059.93709298801,14256567.0,1.77029240198635,7.22717103344534
RW,RWA,Rwanda,2025,16372132990.2271,1123.73874633225,14569341.0,5.913000168826,9.37579834182446
SA,SAU,Saudi Arabia,2015,693414400000.0,23256.1549553531,29816382.0,1.22269318552328,4.65512316652699
SA,SAU,Saudi Arabia,2016,689279466666.667,22267.7217050387,30954198.0,2.05347076823965,1.70404739202878
SA,SAU,Saudi Arabia,2017,741266133333.333,23929.2907135982,30977355.0,-0.834845735027162,1.18210705878283
SA,SAU,Saudi Arabia,2018,886564800000.0,29360.0658968566,30196281.0,2.46594308994843,3.2269508901591
SA,SAU,Saudi Arabia,2019,888890133333.333,29566.7933827436,30063799.0,-1.19298644533328,1.65158925617395
SA,SAU,Saudi Arabia,2020,767951200000.0,24338.8307301067,31552510.0,3.37234961012303,-3.80478901996312
SA,SAU,Saudi Arabia,2021,982661066666.667,31920.7653655643,30784383.0,3.06328988941548,6.51959698325419
SA,SAU,Saudi Arabia,2022,1239075200000.0,38510.2276211037,32175224.0,2.47407371925372,12.0005874752929
SA,SAU,Saudi Arabia,2023,1218584800000.0,36156.8562500172,33702731.0,2.32708518362706,0.542592439393161
SA,SAU,Saudi Arabia,2024,1254140800000.0,35527.786181866,35300280.0,1.68792112375809,2.64893068308965
SA,SAU,Saudi Arabia,2025,1276942933333.33,34536.6555456551,36973555.0,2.08420853585036,4.50246560191663
SD,SDN,Sudan,2015,51726758676.7677,1292.37963867188,40024431.0,16.9095706050977,1.91017689052751
SD,SDN,Sudan,2016,42630376000.0,1033.21594238281,41259892.0,17.750253831196,3.46764218409288
SD,SDN,Sudan,2017,41283617976.1905,966.505676269531,42714306.0,32.3516260968437,0.70925628476644
SD,SDN,Sudan,2018,32333780383.2924,731.027465820313,44230596.0,63.2925073455888,-2.6809305497999
SD,SDN,Sudan,2019,32338079165.2893,709.975280761719,45548175.0,50.9940515002965,-2.17825104530091
SD,SDN,Sudan,2020,27034593750.0,577.795227050781,46789231.0,163.257782355458,-3.62980082410752
SD,SDN,Sudan,2021,34229513774.9936,712.122009277344,48066924.0,359.093040778999,-1.8685204827207
SD,SDN,Sudan,2022,51666875363.0963,1046.24084472656,49383346.0,138.80846024176,-0.957816591119183
SD,SDN,Sudan,2023,39898289820.7951,797.283447265625,50042791.0,,-29.4332716274387
SD,SDN,Sudan,2024,49672435513.1126,984.607666015625,50448963.0,,-13.9643378424022
SD,SDN,Sudan,2025,60162634574.4689,1164.53991699219,51662147.0,,3.06427942935869
SN,SEN,Senegal,2015,17774766696.1759,1218.00613555438,14593331.0,0.135211933635165,6.36704365066983
SN,SEN,Senegal,2016,19040312333.1864,1266.43957151587,15034521.0,0.837284942557434,6.35606857208136
SN,SEN,Senegal,2017,20965069572.7168,1354.77007193387,15475002.0,1.31815314847789,7.40748618589598
SN,SEN,Senegal,2018,23116701556.1381,1452.55612562445,15914498.0,0.460985642464188,6.20924103388887
SN,SEN,Senegal,2019,23403995992.1354,1431.18128932159,16352922.0,1.76011151192939,4.6136280976221
SN,SEN,Senegal,2020,24530513037.7518,1461.08720350553,16789219.0,2.54314685681662,1.34207377285524
SN,SEN,Senegal,2021,27520784129.7508,1598.10676952274,17220867.0,2.18032278088147,6.5440010991951
SN,SEN,Senegal,2022,27783332222.6759,1574.0281059306,17651103.0,9.69681899081073,3.85043193752725
SN,SEN,Senegal,2023,30696331295.7826,1698.03387300843,18077573.0,5.93947798773215,4.25743083300657
SN,SEN,Senegal,2024,32169996051.8502,1738.73223822106,18501984.0,0.804503298792438,6.46220577412338
SN,SEN,Senegal,2025,37006536238.3731,1954.71174194867,18931966.0,1.45900719841385,6.68227744849194
SG,SGP,Singapore,2015,307998545269.398,55645.6068614606,5535002.0,-0.521975611895763,2.97679931634806
SG,SGP,Singapore,2016,320759207438.623,57204.0340105222,5607283.0,-0.529809760375464,3.91095306322606
SG,SGP,Singapore,2017,344795119213.571,61436.1325502558,5612253.0,0.576763191179996,4.32679370770501
SG,SGP,Singapore,2018,377976367877.038,67032.8225769734,5638676.0,0.438784215129623,3.18660848474074
SG,SGP,Singapore,2019,376827390962.044,66068.7003106378,5703569.0,0.567829988405447,1.15877947300108
SG,SGP,Singapore,2020,351226533656.292,61772.5036492256,5685807.0,-0.172111865925382,-3.61084281729929
SG,SGP,Singapore,2021,441110903524.645,80884.8565369236,5453566.0,2.31610315765146,10.1410845197192
SG,SGP,Singapore,2022,514252535238.749,91227.6970426492,5637022.0,6.13095418919732,4.01027884472296
SG,SGP,Singapore,2023,511181761243.76,86382.5900499252,5917648.0,4.83372362825798,1.45026775889565
SG,SGP,Singapore,2024,572877260178.427,94896.5621495988,6036860.0,2.38951123595017,5.3435120192366
SG,SGP,Singapore,2025,603869516998.738,98813.9788172877,6111175.0,0.902998495002676,5.02588199508003
SB,SLB,Solomon Islands,2015,1307908813.59962,2045.47721526649,639415.0,-0.57446928635949,1.67578612030815
SB,SLB,Solomon Islands,2016,1379486290.71433,2082.62383124213,662379.0,0.512485626268792,5.55494348257992
SB,SLB,Solomon Islands,2017,1469790526.3972,2143.57670489272,685672.0,0.488686760261083,3.07546176144591
SB,SLB,Solomon Islands,2018,1615473250.25259,2278.19908624102,709101.0,3.46147484973729,2.74585244829055
SB,SLB,Solomon Islands,2019,1619150563.92084,2223.65890942466,728147.0,1.63485544012247,1.74925244485951
SB,SLB,Solomon Islands,2020,1536143427.82958,2063.32780991967,744498.0,2.96354992076065,-3.38125925839405
SB,SLB,Solomon Islands,2021,1558312103.84225,2043.44413170658,762591.0,-0.115437894412839,-0.227975292792024
SB,SLB,Solomon Islands,2022,1466670929.62333,1877.78104490956,781066.0,5.51812928576938,-2.58448361755723
SB,SLB,Solomon Islands,2023,1506124566.40404,1882.64394148042,800005.0,5.88585897042164,2.84111851154807
SB,SLB,Solomon Islands,2024,1583964703.75061,1933.55538435227,819198.0,4.32183948388033,2.99755987604104
SB,SLB,Solomon Islands,2025,1749572442.95016,2086.18955928928,838645.0,3.36462189317825,3.61715088072386
SL,SLE,Sierra Leone,2015,6788352974.78329,964.575980888989,7037655.0,6.68943562498681,-4.36333262093788
SL,SLE,Sierra Leone,2016,6084297211.10217,844.416411175476,7205328.0,10.8860609413903,6.43743652764257
SL,SLE,Sierra Leone,2017,5749846528.48046,779.186007841728,7379299.0,18.2215094003386,3.20786087715987
SL,SLE,Sierra Leone,2018,6390514688.52816,845.914540460932,7554563.0,16.0295447693699,2.8938564123677
SL,SLE,Sierra Leone,2019,6523577590.38319,843.71251730417,7731991.0,14.8049990906021,5.50270937378153
SL,SLE,Sierra Leone,2020,6688307705.64217,845.277558236182,7912558.0,13.4468711101052,-1.2533490322766
SL,SLE,Sierra Leone,2021,7166931483.2953,885.396401613729,8094602.0,11.8739588840234,5.8968527047094
SL,SLE,Sierra Leone,2022,7121125277.18159,860.371067874555,8276807.0,27.2082883814653,5.3135546141915
SL,SLE,Sierra Leone,2023,6415852766.09227,758.329137301888,8460512.0,47.6428733253179,5.7100218981806
SL,SLE,Sierra Leone,2024,6971127234.07241,806.654650274255,8642022.0,28.6337500014115,4.29322334404611
SL,SLE,Sierra Leone,2025,7464157904.43509,846.296172499617,8819794.0,7.48750166612986,4.60865077581276
SV,SLV,El Salvador,2015,23438240000.0,3790.34089108162,6183676.0,-0.731384487387957,2.40000008852115
SV,SLV,El Salvador,2016,24191430000.0,3901.34014965811,6200800.0,0.60404908699661,2.53906241135864
SV,SLV,El Salvador,2017,24979190000.0,4020.12671373919,6213533.0,1.0123540331558,2.24761908134138
SV,SLV,El Salvador,2018,26020850000.0,4183.54620971358,6219807.0,1.09033000581892,2.4124442237792
SV,SLV,El Salvador,2019,26881140000.0,4320.11671534627,6222318.0,0.0753241350024612,2.43747159065784
SV,SLV,El Salvador,2020,24921190000.0,3997.19279583709,6234673.0,-0.371590212324095,-7.893101359867
SV,SLV,El Salvador,2021,29043140000.0,4642.60743101342,6255782.0,3.46692585313082,11.9047617015957
SV,SLV,El Salvador,2022,31870110000.0,5074.60050994225,6280319.0,7.19861615609867,2.9546041089332
SV,SLV,El Salvador,2023,33565430000.0,5319.7195268688,6309624.0,4.04554694222477,3.35508721646165
SV,SLV,El Salvador,2024,34879730000.0,5503.10317151907,6338193.0,0.853782292567288,2.5904637107794
SV,SLV,El Salvador,2025,36708110000.0,5766.72574029107,6365503.0,0.257570528307203,3.90594189242583
SM,SMR,San Marino,2015,1419400395.73301,43146.8035302005,32897.0,0.145686073241066,2.29150309460655
SM,SMR,San Marino,2016,1468342400.08249,44359.4574206971,33101.0,0.644075340346552,2.34441211810459
SM,SMR,San Marino,2017,1528621192.886,45192.0530047599,33825.0,1.01413313194508,0.258259899709444
SM,SMR,San Marino,2018,1655354328.79184,47950.7076296808,34522.0,1.16333522293158,1.49390399796074
SM,SMR,San Marino,2019,1616231696.04862,46626.9998571568,34663.0,0.472651967352852,2.06569082920953
SM,SMR,San Marino,2020,1544713784.67674,44426.6259613672,34770.0,-0.133368898372915,-6.64791226034481
SM,SMR,San Marino,2021,1855395712.2147,54168.9744311193,34252.0,1.61551411551421,13.8977857594089
SM,SMR,San Marino,2022,1831701022.87082,54264.5837022908,33755.0,5.32545321311365,7.89844678230362
SM,SMR,San Marino,2023,2027243193.5116,59871.3288101478,33860.0,5.93190858629403,0.401932371532837
SM,SMR,San Marino,2024,,,33977.0,1.24216507945569,
SM,SMR,San Marino,2025,,,34109.0,2.29519525025037,
SO,SOM,"Somalia, Fed. Rep.",2015,6152149099.99942,445.583080073396,13806963.0,,10.4621881235147
SO,SOM,"Somalia, Fed. Rep.",2016,6613743069.99912,460.928490585175,14348740.0,,7.03487260042162
SO,SOM,"Somalia, Fed. Rep.",2017,7621501710.0012,510.939952317726,14916629.0,,14.7357956045195
SO,SOM,"Somalia, Fed. Rep.",2018,7873000000.0,509.497273804534,15452487.0,,2.05431507261069
SO,SOM,"Somalia, Fed. Rep.",2019,8656000000.0,539.954816211694,16030971.0,,2.80033312513012
SO,SOM,"Somalia, Fed. Rep.",2020,8628000000.0,518.16113333875,16651191.0,,-2.76455696202532
SO,SOM,"Somalia, Fed. Rep.",2021,9483000000.0,549.056994756254,17271431.0,,3.44719850031242
SO,SOM,"Somalia, Fed. Rep.",2022,10203000000.0,573.141165798229,17801897.0,,2.71821202053759
SO,SOM,"Somalia, Fed. Rep.",2023,10958000000.0,596.885985135589,18358615.0,,4.17524257571303
SO,SOM,"Somalia, Fed. Rep.",2024,11967000000.0,629.538899449007,19009151.0,,4.11139335779471
SO,SOM,"Somalia, Fed. Rep.",2025,12995200000.2658,661.173877723116,19654739.0,,2.99114404482197
RS,SRB,Serbia,2015,41297410634.9586,5820.3215576888,7095383.0,1.39235822000187,1.2957386351958
RS,SRB,Serbia,2016,42225495909.5633,5982.37030126471,7058322.0,1.12231397417769,2.97519807160826
RS,SRB,Serbia,2017,45972834713.8077,6548.03653824187,7020858.0,3.13106248590115,2.3634031250553
RS,SRB,Serbia,2018,52787520248.9242,7559.86165747394,6982604.0,1.95984076293801,4.64935035491007
RS,SRB,Serbia,2019,53864693664.5568,7755.632986437,6945235.0,1.84922984511086,4.75020793899014
RS,SRB,Serbia,2020,55874017668.998,8098.70955668849,6899126.0,1.57553290083415,-0.950023991851594
RS,SRB,Serbia,2021,66159884072.5308,9680.52798074468,6834326.0,4.08510285335102,7.94905650472278
RS,SRB,Serbia,2022,66809895701.2152,10024.8191112596,6664449.0,11.9815117344703,2.70347705543654
RS,SRB,Serbia,2023,81343999280.0179,12281.707946167,6623183.0,12.3719043552519,3.74793303561771
RS,SRB,Serbia,2024,90088366320.4062,13677.7794863909,6586476.0,4.6705297488997,3.94992622592932
RS,SRB,Serbia,2025,99953324472.9042,15262.0464193413,6549143.0,3.8903678606001,2.03039196235113
SS,SSD,South Sudan,2015,11997800760.2242,1080.14718624765,11107561.0,52.7663304192143,-10.7933646271143
SS,SSD,South Sudan,2016,,,10830102.0,379.999585624026,
SS,SSD,South Sudan,2017,,,10259154.0,187.851630279442,
SS,SSD,South Sudan,2018,,,10122977.0,83.5015294922,
SS,SSD,South Sudan,2019,,,10423384.0,87.2413641500032,
SS,SSD,South Sudan,2020,,,10698467.0,29.6758435538572,
SS,SSD,South Sudan,2021,,,10865780.0,10.5167158294358,
SS,SSD,South Sudan,2022,,,11021177.0,-6.68732094212668,
SS,SSD,South Sudan,2023,,,11483374.0,2.38280434813754,
SS,SSD,South Sudan,2024,,,11943408.0,91.4408220769046,
SS,SSD,South Sudan,2025,,,12188788.0,,
ST,STP,Sao Tome and Principe,2015,259999643.047388,1298.10946596396,200291.0,5.24587835022454,1.5397042826735
ST,STP,Sao Tome and Principe,2016,292267272.196925,1434.87018050521,203689.0,5.43051966119156,5.17682468684113
ST,STP,Sao Tome and Principe,2017,322002845.229335,1555.79477812888,206970.0,5.6902961992902,4.11297966281954
ST,STP,Sao Tome and Principe,2018,383717327.830508,1825.59971753966,210187.0,7.86859628873909,4.37812808264972
ST,STP,Sao Tome and Principe,2019,412976082.620705,1935.2931816596,213392.0,7.72024525213248,2.01431672129407
ST,STP,Sao Tome and Principe,2020,471229484.607144,2167.22001796925,217435.0,9.81932791540146,2.62485949543812
ST,STP,Sao Tome and Principe,2021,524402455.54816,2362.58827248102,221961.0,8.13777038378732,1.89929891337832
ST,STP,Sao Tome and Principe,2022,540809499.189348,2389.73729784737,226305.0,18.0056351122841,0.168698492216564
ST,STP,Sao Tome and Principe,2023,690456806.696406,2990.6606143535,230871.0,21.2589138473,0.372252775001456
ST,STP,Sao Tome and Principe,2024,824992558.045383,3502.6176807171,235536.0,14.3519273571008,1.47888850952698
ST,STP,Sao Tome and Principe,2025,981293586.906408,4084.40062145233,240254.0,11.0474362281814,1.02847453097097
SR,SUR,Suriname,2015,5126237646.22072,8813.61705392067,581627.0,6.89390359168238,-3.41304268067621
SR,SUR,Suriname,2016,3317421648.09918,5644.2061057532,587757.0,55.4123879763196,-4.91166050905851
SR,SUR,Suriname,2017,3591679430.99988,6049.52128553675,593713.0,21.9969430173304,1.56603782534897
SR,SUR,Suriname,2018,3996198866.57453,6665.74180472239,599513.0,,4.94827108468886
SR,SUR,Suriname,2019,4016040575.08796,6629.66775248603,605768.0,,1.16758977233877
SR,SUR,Suriname,2020,2911807496.20227,4755.39221710693,612317.0,34.889784309078,-15.9751917148622
SR,SUR,Suriname,2021,3107923197.96954,5029.84838543953,617896.0,59.1196626251977,-2.43538583612838
SR,SUR,Suriname,2022,3791603200.0259,6084.43876736445,623164.0,52.446027276241,2.40622235601218
SR,SUR,Suriname,2023,3472693412.08497,5521.97602122638,628886.0,51.5873159600861,2.41659215006946
SR,SUR,Suriname,2024,4416775112.72266,6961.78956060258,634431.0,16.2296159130279,1.72095749127065
SR,SUR,Suriname,2025,4523657796.86421,7069.87230892274,639850.0,9.2054681878919,1.79169153226913
SK,SVK,Slovak Republic,2015,89178548717.3324,16442.0760860018,5423801.0,-0.325219777427765,5.17687909722133
SK,SVK,Slovak Republic,2016,90347173228.6356,16636.0769133073,5430798.0,-0.520010196278358,1.94781841524558
SK,SVK,Slovak Republic,2017,95978130734.9766,17645.5298716761,5439232.0,1.31194588223247,2.87473327453695
SK,SVK,Slovak Republic,2018,106611673364.837,19573.3717031314,5446771.0,2.51403712883803,4.06211981896483
SK,SVK,Slovak Republic,2019,105843498304.094,19406.0589683582,5454147.0,2.6645613342544,2.27589910019393
SK,SVK,Slovak Republic,2020,107732602896.441,19735.4858280801,5458827.0,1.93694126694223,-2.58551241733207
SK,SVK,Slovak Republic,2021,120511265913.343,22123.3342114545,5447247.0,3.1496062992126,5.6558588065555
SK,SVK,Slovak Republic,2022,115792972358.209,21317.7943982363,5431752.0,12.7741463637611,0.544591632137454
SK,SVK,Slovak Republic,2023,133578518423.544,24614.8734642794,5426740.0,10.5319476645211,2.11263633214959
SK,SVK,Slovak Republic,2024,140934076532.375,25992.6748502048,5422069.0,2.75760909424279,1.93867445549446
SK,SVK,Slovak Republic,2025,154530066506.895,28543.6653439813,5413813.0,4.00042823495829,0.807418690144758
SI,SVN,Slovenia,2015,42709468274.8137,20697.2748530619,2063531.0,-0.525552285820783,2.39330621338168
SI,SVN,Slovenia,2016,44290685824.0682,21447.8377796036,2065042.0,-0.0549995416705683,3.03441486663654
SI,SVN,Slovenia,2017,48153200134.6613,23303.077705959,2066388.0,1.42910743319306,5.17440215579958
SI,SVN,Slovenia,2018,53689067639.9176,25888.0481065655,2073894.0,1.7386086198818,4.37908347331195
SI,SVN,Slovenia,2019,53909922735.545,25814.1687167572,2088385.0,1.63052260754335,3.50525332381912
SI,SVN,Slovenia,2020,53384760135.1581,25392.0651093612,2102419.0,-0.05485681576061,-4.08500094942896
SI,SVN,Slovenia,2021,61540813361.8556,29192.8401933019,2108079.0,1.91706506089269,8.41686457725321
SI,SVN,Slovenia,2022,59899117741.0022,28360.3041467268,2112076.0,8.83369886749452,2.66850555542486
SI,SVN,Slovenia,2023,69255264238.3855,32660.4753581346,2120461.0,7.44687717385846,2.3758326648385
SI,SVN,Slovenia,2024,72972015197.3859,34301.0318686594,2127400.0,1.96562656432505,1.73139722479493
SI,SVN,Slovenia,2025,79648204979.3618,37376.2216079138,2130986.0,2.37284807226549,1.05992996255246
SE,SWE,Sweden,2015,501602351911.6,51188.1652120493,9799186.0,-0.0467847449832812,4.38824673608589
SE,SWE,Sweden,2016,513058312950.939,51703.5088332851,9923085.0,0.984269244577992,2.13117914731151
SE,SWE,Sweden,2017,535172356784.769,53210.2233318965,10057698.0,1.79449904665599,1.88282184966646
SE,SWE,Sweden,2018,549649344043.182,54018.4554391861,10175214.0,1.95353530127028,1.7702553546772
SE,SWE,Sweden,2019,530894124494.418,51648.9892820514,10278887.0,1.78415097403835,2.60823012869524
SE,SWE,Sweden,2020,544265668451.678,52568.5726980146,10353442.0,0.497367318853572,-1.93379704032216
SE,SWE,Sweden,2021,631693331300.776,60647.5416365347,10415811.0,2.16319736447143,5.2258643028773
SE,SWE,Sweden,2022,575071237640.921,54836.8907235124,10486941.0,8.36929098869189,1.25543620445816
SE,SWE,Sweden,2023,578990915246.07,54950.2834725622,10536632.0,8.5486248974891,-0.204061304891439
SE,SWE,Sweden,2024,604827393488.582,57222.7100565003,10569709.0,2.83581658224034,1.01779633304398
SE,SWE,Sweden,2025,668998664082.081,63133.2126736715,10596620.0,0.679869285243995,1.54316373266217
SZ,SWZ,Eswatini,2015,3908217914.21824,3419.82276559528,1142813.0,4.95124493704919,1.70425806017289
SZ,SWZ,Eswatini,2016,3722306116.72872,3238.17611961364,1149507.0,7.8472745908568,2.94916821059911
SZ,SWZ,Eswatini,2017,4462640651.49219,3853.09956569679,1158195.0,6.22137528933118,3.52095345987983
SZ,SWZ,Eswatini,2018,4643751059.28203,3972.65450620357,1168929.0,4.81506167461513,0.0653956557843571
SZ,SWZ,Eswatini,2019,4617018958.69086,3913.14577547336,1179874.0,2.59801620311077,6.43186888691574
SZ,SWZ,Eswatini,2020,4134677809.50096,3466.56936278145,1192729.0,,-2.95183453409287
SZ,SWZ,Eswatini,2021,4807069277.20114,3984.00229174306,1206593.0,,4.23621913615419
SZ,SWZ,Eswatini,2022,4746660273.50829,3894.1620089869,1218917.0,,0.386070835562705
SZ,SWZ,Eswatini,2023,4621191261.84214,3755.52111232464,1230506.0,,3.53257662836211
SZ,SWZ,Eswatini,2024,4858885840.77236,3909.55892378182,1242822.0,,3.03162462475916
SZ,SWZ,Eswatini,2025,5160679612.81734,4108.25221093363,1256174.0,,4.1939175580556
SX,SXM,Sint Maarten (Dutch part),2015,1417888715.0838,37839.6283815163,37471.0,0.330027165141066,0.105813149997005
SX,SXM,Sint Maarten (Dutch part),2016,1427017206.70391,37308.6147795736,38249.0,0.111682655737579,0.96775836306881
SX,SXM,Sint Maarten (Dutch part),2017,1353212122.90503,34701.3058494468,38996.0,2.19201010962985,-7.53521399882428
SX,SXM,Sint Maarten (Dutch part),2018,1259200446.92737,31708.3110124742,39712.0,,-6.85698299227944
SX,SXM,Sint Maarten (Dutch part),2019,1407880446.92737,34861.469528968,40385.0,,10.9650009352392
SX,SXM,Sint Maarten (Dutch part),2020,1236428100.55866,30150.8998380477,41008.0,,-13.3167887221567
SX,SXM,Sint Maarten (Dutch part),2021,1353071061.45251,32548.4366854902,41571.0,,4.57759677933345
SX,SXM,Sint Maarten (Dutch part),2022,1592564636.87151,37793.1283815826,42139.0,,13.9000012614164
SX,SXM,Sint Maarten (Dutch part),2023,1686525977.65363,39451.822911732,42749.0,,3.79999769985537
SX,SXM,Sint Maarten (Dutch part),2024,1797836648.04469,41472.5870367865,43350.0,,3.00000089532888
SX,SXM,Sint Maarten (Dutch part),2025,1887728480.44693,42978.1317407037,43923.0,,3.40000000000001
SC,SYC,Seychelles,2015,1432403352.12944,15333.1051727105,93419.0,4.04194410725617,8.9140088750469
SC,SYC,Seychelles,2016,1568513348.14463,16566.9946042294,94677.0,-1.01548191697626,12.1175272453913
SC,SYC,Seychelles,2017,1675370641.01416,17480.3651911372,95843.0,2.85679575568437,6.95416218794271
SC,SYC,Seychelles,2018,1784313926.76807,18440.2340460932,96762.0,3.70291839111568,4.93947272254312
SC,SYC,Seychelles,2019,1868690096.73454,19141.5118743615,97625.0,1.80709400809982,5.5142920737342
SC,SYC,Seychelles,2020,1382551751.56908,14041.4754074575,98462.0,1.20266463987123,-11.7398608281732
SC,SYC,Seychelles,2021,1487173794.80528,14982.9111487767,99258.0,9.76909936973542,0.552281631207279
SC,SYC,Seychelles,2022,1999888599.25474,16682.6990711785,119878.0,2.6260363285129,9.88048366355446
SC,SYC,Seychelles,2023,2171547935.38159,18130.5297135548,119773.0,-1.03530088431952,5.17980996672414
SC,SYC,Seychelles,2024,2228608684.29911,18364.5259678223,121354.0,0.311726050919668,3.34667429007052
SC,SYC,Seychelles,2025,2387022853.48583,19449.3836346926,122730.0,0.297589655467556,5.79795669973812
SY,SYR,Syrian Arab Republic,2015,16466861435.0236,847.731545352582,19424618.0,38.4611429599733,-4.17969204561759
SY,SYR,Syrian Arab Republic,2016,12597854088.3602,656.349017520952,19193834.0,47.7051615298923,-6.40568496867387
SY,SYR,Syrian Arab Republic,2017,16369842725.4718,851.501972646386,19224668.0,18.0752696281771,-0.723346297115341
SY,SYR,Syrian Arab Republic,2018,21497779247.9835,1098.06667935023,19577845.0,0.940983843906769,1.39323324059961
SY,SYR,Syrian Arab Republic,2019,22583046644.6891,1109.53933821464,20353534.0,13.4175653228571,1.22072818348491
SY,SYR,Syrian Arab Republic,2020,12501503673.2425,593.911771822527,21049429.0,,0.954914586675713
SY,SYR,Syrian Arab Republic,2021,14892885528.1402,688.566109726934,21628839.0,,1.7896919997567
SY,SYR,Syrian Arab Republic,2022,23737634644.3994,1056.78264718197,22462173.0,,-0.20247264200475
SY,SYR,Syrian Arab Republic,2023,,,23594623.0,,
SY,SYR,Syrian Arab Republic,2024,,,24672760.0,,
SY,SYR,Syrian Arab Republic,2025,,,25620427.0,,
TC,TCA,Turks and Caicos Islands,2015,1078274000.0,29457.0140691162,36605.0,,11.3148293929929
TC,TCA,Turks and Caicos Islands,2016,1202078000.0,31373.5612684327,38315.0,,7.25118627570265
TC,TCA,Turks and Caicos Islands,2017,1197958000.0,30014.2309523213,39913.0,,74.5879880544188
TC,TCA,Turks and Caicos Islands,2018,1314329000.0,31625.616593277,41559.0,,6.75264845178367
TC,TCA,Turks and Caicos Islands,2019,1371838000.0,31780.5217068989,43166.0,,4.98170549382992
TC,TCA,Turks and Caicos Islands,2020,918387000.0,20690.9160546118,44386.0,,-33.8170973434652
TC,TCA,Turks and Caicos Islands,2021,1236459000.0,27329.2885087196,45243.0,,29.6293781722414
TC,TCA,Turks and Caicos Islands,2022,1434119000.0,31280.5418020808,45847.0,,14.0871234168153
TC,TCA,Turks and Caicos Islands,2023,1638653000.0,35470.2151608295,46198.0,,13.7311481139228
TC,TCA,Turks and Caicos Islands,2024,1745378000.0,37506.7798431288,46535.0,,5.63682517443362
TC,TCA,Turks and Caicos Islands,2025,,,46855.0,,
TD,TCD,Chad,2015,14559599499.5011,993.990730610869,14647621.0,4.37712665065654,3.30415979779805
TD,TCD,Chad,2016,13026289835.7789,861.831767630746,15114655.0,-0.792440525236102,-4.12250332637034
TD,TCD,Chad,2017,13349041408.7152,854.46120040098,15622759.0,-1.5370996298084,-1.61746922820204
TD,TCD,Chad,2018,15327000248.8701,948.656629871231,16156531.0,4.27462198610545,5.74111580758154
TD,TCD,Chad,2019,14905517742.8454,893.336441643325,16685223.0,-0.971939175419401,5.38282202874814
TD,TCD,Chad,2020,14932897821.2387,866.947814890409,17224679.0,4.46414437232861,-0.393646582380399
TD,TCD,Chad,2021,16871937697.5854,946.358500208374,17828273.0,-0.77284437035914,0.293442648033434
TD,TCD,Chad,2022,17828508289.6049,966.036468278568,18455316.0,5.78802687843616,4.12969897668356
TD,TCD,Chad,2023,18352937976.2179,949.991054236266,19319064.0,10.8363568399843,3.99861309461539
TD,TCD,Chad,2024,19906706689.7582,980.668312111718,20299123.0,8.89950732263754,4.95210484607125
TD,TCD,Chad,2025,21472835225.4338,1022.33559390754,21003705.0,-3.9119812440659,5.58988021765651
TG,TGO,Togo,2015,5755457836.01866,813.894676975085,7071502.0,2.58500390801595,5.4680413807304
TG,TGO,Togo,2016,6071167584.1951,843.114204338675,7200884.0,1.28544847051417,4.21490387414525
TG,TGO,Togo,2017,6387424239.8801,872.076408845752,7324386.0,-0.981889868943119,4.00791259566937
TG,TGO,Togo,2018,7029215766.46367,942.480774393154,7458206.0,0.927755426457183,4.79518333086139
TG,TGO,Togo,2019,6992942458.99419,917.718016777619,7619925.0,0.674652770077525,4.91949260488683
TG,TGO,Togo,2020,7486031561.86885,961.219781201934,7788054.0,1.69928463299399,2.15900131150536
TG,TGO,Togo,2021,8541668141.26198,1076.29520076949,7936176.0,4.1862150652352,5.13562929064506
TG,TGO,Togo,2022,8646453099.4124,1071.61539220759,8068616.0,7.96757361617945,6.29443692019429
TG,TGO,Togo,2023,9723300576.72675,1182.32951436696,8223850.0,5.48928568141131,6.19762969378132
TG,TGO,Togo,2024,10643440332.2445,1266.08777721447,8406558.0,2.86262074089801,6.52651376797853
TG,TGO,Togo,2025,11889949067.4697,1383.89974929887,8591626.0,0.433183451279109,6.31032671625633
TH,THA,Thailand,2015,401296238228.084,5688.85335397884,70540795.0,-0.898143410569433,3.13404724911635
TH,THA,Thailand,2016,413366349747.508,5833.57715617098,70859841.0,0.186235191075453,3.43515771692182
TH,THA,Thailand,2017,456356813536.764,6413.09182530343,71160187.0,0.664415139830893,4.1776810321001
TH,THA,Thailand,2018,506754208404.485,7099.77650081458,71376079.0,1.06683487370758,4.22287028746071
TH,THA,Thailand,2019,543976691793.886,7605.69657797759,71522271.0,0.705524801910317,2.11455779628278
TH,THA,Thailand,2020,500274927778.532,6983.03412836245,71641484.0,-0.846087518861799,-6.09306312966953
TH,THA,Thailand,2021,506049783824.94,7055.18760721422,71727332.0,1.23104516549814,1.55858232076893
TH,THA,Thailand,2022,495691837308.033,6910.00995211206,71735329.0,6.07589952842433,2.63784213566305
TH,THA,Thailand,2023,517013369475.121,7210.54130832685,71702435.0,1.22908986612448,2.24883437970568
TH,THA,Thailand,2024,529385520941.539,7386.63615126055,71668011.0,0.398333333333422,2.94859986593323
TH,THA,Thailand,2025,577009981112.015,8056.56359761558,71619863.0,-0.133634356480207,2.44247444990198
TJ,TJK,Tajikistan,2015,8271431485.07484,956.916310930656,8643840.0,5.7145594964971,6.01930331771186
TJ,TJK,Tajikistan,2016,6992416096.89018,788.710481734485,8865631.0,6.00458082322139,6.89999999999999
TJ,TJK,Tajikistan,2017,7536402852.85802,829.45714764957,9085946.0,,7.10000041864309
TJ,TJK,Tajikistan,2018,7764999999.45362,834.288404578801,9307333.0,,7.5999988895536
TJ,TJK,Tajikistan,2019,8300813599.3084,871.022372934846,9529966.0,,7.40000016310556
TJ,TJK,Tajikistan,2020,8133963550.65742,834.311715460625,9749310.0,,4.40000111553493
TJ,TJK,Tajikistan,2021,8937805347.13963,896.748053372182,9966908.0,,9.39999955037523
TJ,TJK,Tajikistan,2022,10713525200.3998,1052.17949484894,10182222.0,,8.00000033846364
TJ,TJK,Tajikistan,2023,12244169292.7998,1178.47990060249,10389799.0,,8.29999921651935
TJ,TJK,Tajikistan,2024,14425113699.7925,1362.02559981695,10590927.0,,8.39999980983981
TJ,TJK,Tajikistan,2025,17660626562.4832,1637.2542942547,10786734.0,,8.40000053390075
TM,TKM,Turkmenistan,2015,35799714285.7143,5759.497903834,6215770.0,,6.45254918531575
TM,TKM,Turkmenistan,2016,33313947368.4211,5238.00827202546,6360041.0,,6.22909997062793
TM,TKM,Turkmenistan,2017,33352261306.5327,5125.54920055808,6507061.0,,6.45138358820188
TM,TKM,Turkmenistan,2018,26036313868.6131,3911.98557297865,6655524.0,,6.20602363832646
TM,TKM,Turkmenistan,2019,29700000000.0,4365.1152919542,6803944.0,,6.33169567608873
TM,TKM,Turkmenistan,2020,27350527267.6636,3935.37749365223,6949912.0,,5.87065623130427
TM,TKM,Turkmenistan,2021,26334182093.7903,3713.20113171765,7092043.0,,6.15115785574542
TM,TKM,Turkmenistan,2022,37583913148.2791,5198.18947409551,7230193.0,,6.23491365071671
TM,TKM,Turkmenistan,2023,39020211239.6728,5298.46421949276,7364438.0,,6.31879850268643
TM,TKM,Turkmenistan,2024,44249447717.2312,5904.25772576512,7494498.0,,6.28235647996578
TM,TKM,Turkmenistan,2025,49828621355.6516,6540.17876401136,7618847.0,,6.30000003697894
TL,TLS,Timor-Leste,2015,1590282400.0,1319.59297370991,1205131.0,0.552796026277853,2.48004040218397
TL,TLS,Timor-Leste,2016,1640464600.0,1335.54390089814,1228312.0,-1.33853876185163,3.00993062553351
TL,TLS,Timor-Leste,2017,1584878400.0,1266.17767952941,1251703.0,0.557215537430361,-3.18241522489195
TL,TLS,Timor-Leste,2018,1555988600.0,1219.46598597604,1275959.0,2.63647201015892,-0.466502170658785
TL,TLS,Timor-Leste,2019,2032550400.0,1562.36458881813,1300945.0,0.958812739703141,24.2128840085001
TL,TLS,Timor-Leste,2020,2162619200.0,1630.86935439232,1326053.0,0.495499215459571,31.7257416721413
TL,TLS,Timor-Leste,2021,3625024300.0,2684.92673717299,1350139.0,3.69792094666786,5.36980119392668
TL,TLS,Timor-Leste,2022,3208599900.0,2343.24955542816,1369295.0,7.00530945399787,-20.5224802314812
TL,TLS,Timor-Leste,2023,2079767200.0,1502.4114958903,1384286.0,8.42035103310377,-18.1359049134472
TL,TLS,Timor-Leste,2024,1865608515.41321,1331.9705130185,1400638.0,2.06284153005468,-9.10069289810397
TL,TLS,Timor-Leste,2025,1902180257.82737,1340.9640193437,1418517.0,0.428322848346937,6.97538939119629
TO,TON,Tonga,2015,437525538.903019,4123.90347238813,106095.0,-1.05399831971283,1.11374402398066
TO,TON,Tonga,2016,420828254.541601,3987.98618837043,105524.0,2.57815515245081,6.59869879417958
TO,TON,Tonga,2017,459976847.108128,4365.92929788648,105356.0,7.51706283551116,3.20231976224244
TO,TON,Tonga,2018,493530766.930564,4675.04776047973,105567.0,5.03209691984883,0.527828083180253
TO,TON,Tonga,2019,506031247.606648,4788.83350468584,105669.0,1.17954334821801,-0.285210784299821
TO,TON,Tonga,2020,506571486.576395,4792.35872413906,105704.0,-0.349737696727419,1.80618715298932
TO,TON,Tonga,2021,519306339.3498,4922.8015864044,105490.0,5.64051140636743,-0.934919892094683
TO,TON,Tonga,2022,556514556.392844,5298.01942454298,105042.0,10.9713652903022,-2.12854876486114
TO,TON,Tonga,2023,591139733.623755,5651.59357939286,104597.0,6.35112980255182,2.79014715494606
TO,TON,Tonga,2024,647488243.847291,6215.38990974121,104175.0,3.18188924237472,1.71653807667747
TO,TON,Tonga,2025,679218218.578017,6547.18646814228,103742.0,5.59276642101027,2.79999999999998
TT,TTO,Trinidad and Tobago,2015,26841141793.2143,19887.2327716498,1349667.0,4.66121598098264,-0.406283288730492
TT,TTO,Trinidad and Tobago,2016,23624322192.6274,17449.1538801956,1353895.0,3.07066742464024,-7.53636305379372
TT,TTO,Trinidad and Tobago,2017,23830750900.6899,17566.0999700656,1356633.0,1.88038440183532,-4.87274946918724
TT,TTO,Trinidad and Tobago,2018,23883058083.2171,17571.498737278,1359193.0,1.01856930188822,-0.945449700943314
TT,TTO,Trinidad and Tobago,2019,23477745791.6977,17212.6128892163,1363985.0,1.00054293027237,0.467734528855885
TT,TTO,Trinidad and Tobago,2020,20888515184.2239,15283.6270531554,1366725.0,0.598986330824643,-8.78879817831519
TT,TTO,Trinidad and Tobago,2021,24222963262.7213,17712.5674104655,1367558.0,2.05922746915458,-0.716740625909793
TT,TTO,Trinidad and Tobago,2022,28341164301.126,20750.5202434652,1365805.0,5.82838638517959,0.86126082651883
TT,TTO,Trinidad and Tobago,2023,25036993423.3664,18308.4536298575,1367510.0,4.62930242419968,1.46645947294053
TT,TTO,Trinidad and Tobago,2024,25633544529.4849,18733.4110406494,1368333.0,0.526884625776839,2.50920813979569
TT,TTO,Trinidad and Tobago,2025,25942749718.4685,18967.2704636681,1367764.0,0.994489987904821,-0.787768572727643
TN,TUN,Tunisia,2015,45779494041.9295,4014.94773686432,11402264.0,4.437371273215,0.967834205635981
TN,TUN,Tunisia,2016,44360072680.4476,3847.80354448809,11528674.0,3.62939937384381,1.117231963992
TN,TUN,Tunisia,2017,42163530590.9462,3619.03247319953,11650498.0,5.30884839565844,2.25261437620587
TN,TUN,Tunisia,2018,42686504459.801,3628.10366464236,11765514.0,7.30759176031652,2.60696965356362
TN,TUN,Tunisia,2019,41905642418.825,3528.87213306798,11875081.0,6.72007532863799,1.55009304966742
TN,TUN,Tunisia,2020,42491780918.361,3548.65363663803,11974057.0,5.63415115897625,-8.97512622934723
TN,TUN,Tunisia,2021,47073234359.1819,3906.93926319391,12048622.0,5.706350208307,4.73603648206102
TN,TUN,Tunisia,2022,44929920092.7955,3707.29283414381,12119334.0,8.30646124447623,2.75228761004381
TN,TUN,Tunisia,2023,48205328303.3398,3951.11683376921,12200431.0,9.32899597507865,0.184015548469745
TN,TUN,Tunisia,2024,51412122479.8468,4187.64079392362,12277109.0,7.20661657168794,1.61444564976986
TN,TUN,Tunisia,2025,57502836548.0878,4656.63818386852,12348573.0,5.15100197572676,2.49311010666248
TR,TUR,Turkiye,2015,865460050683.656,11064.6494504662,78218479.0,7.67085364845885,5.80557386628684
TR,TUR,Turkiye,2016,870818016909.84,10984.3643169061,79277962.0,7.7751341532833,3.32366508200445
TR,TUR,Turkiye,2017,863874522365.276,10756.3877677883,80312698.0,11.1443110840764,7.82585730002594
TR,TUR,Turkiye,2018,788356985773.667,9684.11819884721,81407204.0,16.3324638988929,3.46815306092219
TR,TUR,Turkiye,2019,775853144222.613,9395.23378001368,82579440.0,15.1768215720022,1.30162365464503
TR,TUR,Turkiye,2020,733628247119.077,8798.11791709313,83384680.0,12.2789574462574,1.80306247087255
TR,TUR,Turkiye,2021,839938668172.134,9981.76398411336,84147318.0,19.5964926913324,11.811094450607
TR,TUR,Turkiye,2022,926097476913.818,10897.8397861365,84979913.0,72.3088359891207,5.44122511322401
TR,TUR,Turkiye,2023,1141242864657.45,13375.0947282864,85325965.0,53.8594087593315,5.04512369812289
TR,TUR,Turkiye,2024,1359123768774.12,15892.7157287241,85518661.0,58.5064507300342,3.3276230893799
TR,TUR,Turkiye,2025,1597293229287.0,18599.4420922378,85878556.0,34.8811629820306,3.60462514082589
TV,TUV,Tuvalu,2015,36755290.7767318,3352.66722400181,10963.0,,9.37896384662504
TV,TUV,Tuvalu,2016,41306141.62505,3779.15293916285,10930.0,,4.77650497336539
TV,TUV,Tuvalu,2017,45288858.1637361,4166.79162422818,10869.0,,3.26802914033142
TV,TUV,Tuvalu,2018,48026990.1943497,4467.21144027065,10751.0,,1.38668386152332
TV,TUV,Tuvalu,2019,53527720.0597564,5058.85266607659,10581.0,,13.4465048163198
TV,TUV,Tuvalu,2020,52302514.9939611,5029.57159284173,10399.0,,-3.03030303030303
TV,TUV,Tuvalu,2021,61597447.1614093,6042.51983141155,10194.0,,0.0
TV,TUV,Tuvalu,2022,54104146.3198082,5414.74642912412,9992.0,,-10.9375
TV,TUV,Tuvalu,2023,50491930.924381,5143.8397437226,9816.0,,3.50877192982458
TV,TUV,Tuvalu,2024,56752265.8012166,5883.50257114002,9646.0,,3.38983050847457
TV,TUV,Tuvalu,2025,57345434.7234984,6041.44908591428,9492.0,,1.63934426229508
TZ,TZA,Tanzania,2015,47413919817.124,939.127319335938,52020962.0,5.58816952959298,6.16062877406682
TZ,TZA,Tanzania,2016,49774409374.4538,953.0107421875,53824013.0,5.17476629301493,6.86711619644551
TZ,TZA,Tanzania,2017,53274884532.7886,986.674011230469,55652890.0,5.31871605228931,6.72726996832438
TZ,TZA,Tanzania,2018,57003712892.0858,1023.10626220703,57437145.0,3.49445848856181,5.50267599384966
TZ,TZA,Tanzania,2019,61026731925.9213,1063.32250976563,59174891.0,3.46428057999021,5.79999999996723
TZ,TZA,Tanzania,2020,66068737786.0639,1117.41528320313,60972798.0,3.29029062798325,1.99196460647855
TZ,TZA,Tanzania,2021,70655628147.8986,1159.85656738281,62830412.0,3.69091958802199,4.32138429480482
TZ,TZA,Tanzania,2022,75749121846.9703,1207.52062988281,64711821.0,4.35027204269101,4.56600576430955
TZ,TZA,Tanzania,2023,79030935638.1317,1224.00219726563,66617606.0,3.79923291384916,5.06952353203394
TZ,TZA,Tanzania,2024,79235713444.9777,1192.60668945313,68560157.0,3.05694676312373,5.5263138305945
TZ,TZA,Tanzania,2025,90143496090.4411,1318.81921386719,70545865.0,3.32697361316105,5.85286828692739
UG,UGA,Uganda,2015,32387183730.1002,862.934610355811,37531446.0,5.58968606251725,5.18785986002466
UG,UGA,Uganda,2016,29203988696.2626,752.696571725656,38799152.0,5.70637504616212,4.78100029254482
UG,UGA,Uganda,2017,30744473841.424,765.218332297361,40177388.0,5.20971705914209,3.13140551723596
UG,UGA,Uganda,2018,32927025619.6795,792.16570022814,41565831.0,2.61601190952274,6.30392378262997
UG,UGA,Uganda,2019,35353061003.4359,822.171150036357,42999637.0,2.867588034469,6.43874503276439
UG,UGA,Uganda,2020,37600368241.6657,845.766463890124,44457152.0,3.31332289544502,2.95130642218098
UG,UGA,Uganda,2021,40529788748.6737,882.791717542504,45910930.0,2.20457204757414,3.53658034070898
UG,UGA,Uganda,2022,45565333210.9108,963.067314117178,47312719.0,7.1957888597581,4.58802192181773
UG,UGA,Uganda,2023,48768955863.3175,1002.30913917142,48656601.0,5.35094804280395,5.33697295511469
UG,UGA,Uganda,2024,53911907079.0485,1077.91278438613,50015092.0,3.32338033691819,6.05558075875589
UG,UGA,Uganda,2025,61985829288.1496,1206.30450825002,51384894.0,3.58082784438067,6.33181157677313
UA,UKR,Ukraine,2015,91030967789.0717,2094.47387695313,45784896.0,48.6998646434424,-9.7729872128676
UA,UKR,Ukraine,2016,93355869403.9223,2158.46118164063,45616832.0,13.9127101997797,2.44098194492067
UA,UKR,Ukraine,2017,112090505081.739,2604.28759765625,45436041.0,14.4383227488749,2.35997228099491
UA,UKR,Ukraine,2018,130891088293.55,3059.0517578125,45208907.0,10.9518559353178,3.48836234022659
UA,UKR,Ukraine,2019,153883047509.577,3619.86157226563,44957458.0,7.88671745611133,3.19950386354134
UA,UKR,Ukraine,2020,156617722013.342,3709.76928710938,44680014.0,2.73249209419427,-3.75281793983162
UA,UKR,Ukraine,2021,199765859570.935,4775.94580078125,44298640.0,9.36313917695223,3.44562065945944
UA,UKR,Ukraine,2022,161989520721.19,4199.6708984375,41048766.0,20.1836366617478,-28.7585842155085
UA,UKR,Ukraine,2023,181221517868.744,5139.59814453125,37732836.0,12.8490222828559,5.53473354963334
UA,UKR,Ukraine,2024,190833835445.1,5391.62255859375,37860221.0,6.50198464669254,3.24811808426423
UA,UKR,Ukraine,2025,214233312784.397,5865.884765625,38980376.0,12.7303341026903,1.82152376756284
UY,URY,Uruguay,2015,57680327998.6689,17125.9016800298,3368017.0,8.66626987079328,0.370741257681345
UY,URY,Uruguay,2016,57480787465.2716,17009.7584207276,3379283.0,9.6394134763508,1.68979822971775
UY,URY,Uruguay,2017,65006039809.739,19184.6626114272,3388438.0,6.2180938256186,1.74037649141989
UY,URY,Uruguay,2018,65344577415.7535,19249.9404677501,3394534.0,7.60653360377047,0.164777608846705
UY,URY,Uruguay,2019,62222324964.633,18315.7350377437,3397206.0,7.88198870879619,0.928351027546341
UY,URY,Uruguay,2020,53559354501.4278,15757.5341990356,3398968.0,9.75640636078194,-7.35732706897301
UY,URY,Uruguay,2021,60739061281.1628,17881.8119616753,3396695.0,7.74791402314762,5.84427325018082
UY,URY,Uruguay,2022,71240669088.0587,21009.2883798725,3390913.0,9.10437983075437,4.60623000920732
UY,URY,Uruguay,2023,79208725899.5531,23378.6399733516,3388081.0,5.86910359896119,0.761749241321681
UY,URY,Uruguay,2024,82322859144.2816,24308.4954958447,3386588.0,4.84914366613156,3.32575905957381
UY,URY,Uruguay,2025,85347696277.6859,25215.8238152781,3384688.0,4.65032720433324,1.78471117082752
US,USA,United States,2015,18295019000000.0,56849.4697923159,321815121.0,0.118627135552451,2.94555045227337
US,USA,United States,2016,18804913000000.0,57976.628204291,324353340.0,1.26158320570536,1.81945147909089
US,USA,United States,2017,19612102000000.0,60047.7190728307,326608609.0,2.13011000365961,2.45762230126449
US,USA,United States,2018,20656516000000.0,62875.6661382728,328529577.0,2.44258329692817,2.96650506701943
US,USA,United States,2019,21539982000000.0,65227.9565911038,330226227.0,1.81221007526021,2.58382533052225
US,USA,United States,2020,21375281000000.0,64465.2971415748,331578104.0,1.23358439630629,-2.081375977796
US,USA,United States,2021,23725645000000.0,71441.2319805947,332100166.0,4.69785886363742,6.15202247867526
US,USA,United States,2022,26054614000000.0,78008.6895811877,333996304.0,8.00279982052121,2.52421385073222
US,USA,United States,2023,27811517000000.0,82586.7847707894,336755052.0,4.11633838374488,2.93436322440155
US,USA,United States,2024,29298013000000.0,86169.6641581917,340003797.0,2.94952520485207,2.79318715363841
US,USA,United States,2025,30769700000000.0,90026.5163005744,341784857.0,,2.16138195623856
UZ,UZB,Uzbekistan,2015,97564568986.8161,3172.89899391083,30749346.0,8.75188196737508,7.94477659311639
UZ,UZB,Uzbekistan,2016,97871364319.3985,3128.42307170099,31284568.0,8.130886695236,6.71108022628
UZ,UZB,Uzbekistan,2017,72276404057.649,2271.4730109511,31819178.0,13.8757425441635,4.70027401956061
UZ,UZB,Uzbekistan,2018,61318332402.7908,1894.09088741408,32373490.0,17.5241796514055,5.72368380757618
UZ,UZB,Uzbekistan,2019,70170662562.6111,2128.66067138334,32964701.0,14.5257359560687,6.79331098484522
UZ,UZB,Uzbekistan,2020,70127127133.2164,2087.96374711792,33586372.0,12.8677297362606,1.62162281640448
UZ,UZB,Uzbekistan,2021,81170051810.5825,2370.36480555669,34243696.0,10.8492397508122,8.20448512353877
UZ,UZB,Uzbekistan,2022,94286355836.1594,2698.60262953369,34938955.0,11.4466436998836,6.08592335737373
UZ,UZB,Uzbekistan,2023,107526539716.318,3015.97705069457,35652307.0,9.95659071258018,6.31603004201926
UZ,UZB,Uzbekistan,2024,121356065241.228,3337.45492058664,36361859.0,9.62825465956682,6.67618796188361
UZ,UZB,Uzbekistan,2025,147038081129.405,3968.2720079072,37053428.0,8.79638847052461,7.69962477932913
VC,VCT,St. Vincent and the Grenadines,2015,786555555.555555,7353.73556054184,106960.0,-1.73361194953959,2.78509791763551
VC,VCT,St. Vincent and the Grenadines,2016,814303703.703704,7656.90042881178,106349.0,-0.149641647633284,4.1496810046981
VC,VCT,St. Vincent and the Grenadines,2017,844040740.740741,7988.04445019298,105663.0,2.15333648840511,1.54810173239956
VC,VCT,St. Vincent and the Grenadines,2018,884329629.62963,8428.12677153069,104926.0,2.32414485367921,3.1756114423991
VC,VCT,St. Vincent and the Grenadines,2019,910481481.481481,8740.59425232061,104167.0,0.91306972532459,0.668428481084234
VC,VCT,St. Vincent and the Grenadines,2020,864566666.666667,8351.20324040982,103526.0,-0.628131309354654,-4.26892434422649
VC,VCT,St. Vincent and the Grenadines,2021,888677777.777778,8641.27904024443,102841.0,1.57272932500558,2.09340124465459
VC,VCT,St. Vincent and the Grenadines,2022,989188888.888889,9693.55867833025,102046.0,5.66009779226552,3.1108330034352
VC,VCT,St. Vincent and the Grenadines,2023,1072237037.03704,10582.3656725229,101323.0,4.56457719814894,5.32636472098717
VC,VCT,St. Vincent and the Grenadines,2024,1157207407.40741,11501.2265187188,100616.0,3.62770736940927,4.06183490050209
VC,VCT,St. Vincent and the Grenadines,2025,1255222222.22222,12561.769166789,99924.0,0.815322893749171,3.3921670546227
VE,VEN,"Venezuela, RB",2015,125249941853.534,4096.61989137473,30573972.0,121.738085297503,-6.18729096989966
VE,VEN,"Venezuela, RB",2016,112948035494.959,3671.23004093383,30765720.0,254.948534781816,-17.1122994652406
VE,VEN,"Venezuela, RB",2017,115892475742.789,3791.63262049576,30565323.0,,-15.6989247311828
VE,VEN,"Venezuela, RB",2018,101987075928.918,3421.51341607593,29807592.0,,-19.6428571428571
VE,VEN,"Venezuela, RB",2019,73014157107.594,2523.11527549578,28938098.0,,-27.6190476190476
VE,VEN,"Venezuela, RB",2020,42837965906.8675,1506.04169391285,28444077.0,,-29.8245614035088
VE,VEN,"Venezuela, RB",2021,56615026262.6535,2004.93572921136,28237826.0,,0.625000000000014
VE,VEN,"Venezuela, RB",2022,89013251020.9831,3155.04190923584,28213017.0,,8.07453416149069
VE,VEN,"Venezuela, RB",2023,102377501185.925,3617.47038396528,28300854.0,,4.02298850574712
VE,VEN,"Venezuela, RB",2024,120566112397.063,4244.45723136019,28405543.0,,5.52486187845305
VE,VEN,"Venezuela, RB",2025,99661244155.6306,3494.8138870244,28516896.0,,1.57068062827224
VG,VGB,British Virgin Islands,2015,,,34498.0,,
VG,VGB,British Virgin Islands,2016,,,33878.0,,
VG,VGB,British Virgin Islands,2017,,,32699.0,,
VG,VGB,British Virgin Islands,2018,,,34657.0,,
VG,VGB,British Virgin Islands,2019,,,36395.0,,
VG,VGB,British Virgin Islands,2020,,,37135.0,,
VG,VGB,British Virgin Islands,2021,,,37809.0,,
VG,VGB,British Virgin Islands,2022,,,38319.0,,
VG,VGB,British Virgin Islands,2023,,,38985.0,,
VG,VGB,British Virgin Islands,2024,,,39471.0,,
VG,VGB,British Virgin Islands,2025,,,39732.0,,
VI,VIR,Virgin Islands (U.S.),2015,3663000000.0,34007.3529411765,107712.0,,-0.425079702444208
VI,VIR,Virgin Islands (U.S.),2016,3798000000.0,35324.9748874586,107516.0,,1.6008537886873
VI,VIR,Virgin Islands (U.S.),2017,3794000000.0,35365.0693039774,107281.0,,-0.735294117647058
VI,VIR,Virgin Islands (U.S.),2018,3923000000.0,36663.2087550584,107001.0,,1.87830687830687
VI,VIR,Virgin Islands (U.S.),2019,4121000000.0,38633.5298915336,106669.0,,2.90833549727343
VI,VIR,Virgin Islands (U.S.),2020,4229000000.0,39787.3741650202,106290.0,,-1.61493817814787
VI,VIR,Virgin Islands (U.S.),2021,4507000000.0,42571.0777368471,105870.0,,3.66760707873814
VI,VIR,Virgin Islands (U.S.),2022,4672000000.0,44320.909185774,105413.0,,-1.31123206333498
VI,VIR,Virgin Islands (U.S.),2023,,,104917.0,,
VI,VIR,Virgin Islands (U.S.),2024,,,104377.0,,
VI,VIR,Virgin Islands (U.S.),2025,,,103792.0,,
VN,VNM,Viet Nam,2015,239258328381.741,2577.56885340113,92823254.0,0.631200905175685,6.98715430598611
VN,VNM,Viet Nam,2016,257096001177.982,2735.0604380416,94000117.0,2.66824816969082,6.69000892660424
VN,VNM,Viet Nam,2017,281353605986.903,2956.10992127753,95176977.0,3.52025688811618,6.94019037359206
VN,VNM,Viet Nam,2018,310106478394.659,3222.31003125366,96237319.0,3.53962805942641,7.46500685572751
VN,VNM,Viet Nam,2019,334365270496.667,3440.90025375434,97173776.0,2.79582367452244,7.35926270105006
VN,VNM,Viet Nam,2020,346615738537.796,3534.03953482647,98079191.0,3.22093436652515,2.86541320912272
VN,VNM,Viet Nam,2021,366474752771.009,3704.1935590038,98935098.0,1.83471554810462,2.55372852648131
VN,VNM,Viet Nam,2022,413445230668.578,4147.69777213621,99680655.0,3.15650749963112,8.53750041218142
VN,VNM,Viet Nam,2023,433805036898.465,4322.82572261566,100352192.0,3.25289282667662,4.97865959483225
VN,VNM,Viet Nam,2024,476324572783.807,4716.6599379632,100987686.0,3.62109273885844,7.03955197123018
VN,VNM,Viet Nam,2025,514697215165.065,5065.99091899299,101598527.0,3.3099931421974,8.01882998978245
VU,VUT,Vanuatu,2015,855360239.609869,3214.41948587141,266101.0,2.48326875660439,3.50101268962098
VU,VUT,Vanuatu,2016,908725512.790966,3339.83436471043,272087.0,0.842069084035061,3.61980830670927
VU,VUT,Vanuatu,2017,998536154.882053,3585.31798081216,278507.0,3.08452624403546,4.22332192519966
VU,VUT,Vanuatu,2018,1034402941.04298,3626.18862522473,285259.0,2.33096379566866,2.51532789491979
VU,VUT,Vanuatu,2019,1061547512.69257,3635.62344878185,291985.0,2.76252019386111,3.27677257380314
VU,VUT,Vanuatu,2020,1017403362.80118,3404.30359167624,298858.0,5.32935073101715,-5.72530282073851
VU,VUT,Vanuatu,2021,1093826088.94269,3576.13770954363,305868.0,2.34328358208953,-1.16332488626091
VU,VUT,Vanuatu,2022,1151863789.76624,3679.53524327491,313046.0,6.67930581887121,5.59195729750803
VU,VUT,Vanuatu,2023,1188137265.19047,3708.18942411253,320409.0,11.1825017088175,5.82973013269719
VU,VUT,Vanuatu,2024,1297956614.77783,3959.87703462363,327777.0,1.14348948727412,3.76564827114278
VU,VUT,Vanuatu,2025,1353658840.63993,4038.73520713411,335169.0,0.656455142231905,3.05357824026483
WS,WSM,Samoa,2015,824150498.653536,4084.36083819933,201782.0,0.724470134874729,3.8503618166494
WS,WSM,Samoa,2016,843924796.697421,4147.07097674888,203499.0,1.30471869303179,7.9838628784713
WS,WSM,Samoa,2017,884844384.463214,4307.59381964907,205415.0,1.74989677484705,1.40628239971301
WS,WSM,Samoa,2018,878448433.404342,4231.81409469194,207582.0,4.19745888663752,-0.609647103380141
WS,WSM,Samoa,2019,912950466.064906,4351.94234943706,209780.0,0.982326569888117,4.45185891688691
WS,WSM,Samoa,2020,868884902.953089,4099.59660548583,211944.0,-1.56891247740895,-3.10864485863991
WS,WSM,Samoa,2021,859724936.05765,4021.55934894283,213779.0,3.13320473174494,-5.04350589708287
WS,WSM,Samoa,2022,889554711.842341,4132.44717734444,215261.0,10.9618822286844,2.26705310780669
WS,WSM,Samoa,2023,1044909500.02527,4822.74084650019,216663.0,7.92164684826777,15.233606465518
WS,WSM,Samoa,2024,1175749785.65113,5392.87761915762,218019.0,2.17245530514377,4.7483863916535
WS,WSM,Samoa,2025,1287936621.64619,5872.78333308796,219306.0,2.2119620764675,4.20440659006225
XK,XKX,Kosovo,2015,6295845465.35898,3520.62685324451,1788274.0,-0.536929392740659,5.91623128345211
XK,XKX,Kosovo,2016,6682674062.9615,3759.44777525332,1777568.0,0.273169431045468,5.57177504731632
XK,XKX,Kosovo,2017,7180768692.26354,4009.32022064732,1791019.0,1.48823430592319,4.82565565298054
XK,XKX,Kosovo,2018,7878762812.20156,4384.18796440547,1797086.0,1.05379773654991,3.40663227056285
XK,XKX,Kosovo,2019,7899204690.79214,4415.6992744623,1788891.0,2.67599202639893,4.75680057007834
XK,XKX,Kosovo,2020,7734497455.75411,4320.58382547288,1790151.0,0.198227922994854,-5.34027547826166
XK,XKX,Kosovo,2021,9412099545.05799,5269.69946181439,1786079.0,3.35369139207997,10.7456560819583
XK,XKX,Kosovo,2022,9367633202.54673,5298.1473871027,1768096.0,11.5805104542012,4.27849895827543
XK,XKX,Kosovo,2023,10466753839.9923,6220.33213919344,1682668.0,4.94432438791283,4.06762701436438
XK,XKX,Kosovo,2024,11203038332.3359,7026.6988128325,1594353.0,1.61944994559476,4.5730971681166
XK,XKX,Kosovo,2025,12456403306.8191,7899.41841135202,1576876.0,3.85953869869506,3.59217142544483
YE,YEM,"Yemen, Rep.",2015,42444490073.8555,1362.1738120601,31159379.0,,-27.9945462502541
YE,YEM,"Yemen, Rep.",2016,31317825274.1507,975.359417003225,32109010.0,,-9.37512379736752
YE,YEM,"Yemen, Rep.",2017,26842229044.5848,811.165970405745,33090921.0,,-5.07179568062152
YE,YEM,"Yemen, Rep.",2018,21606160663.0318,633.887202451545,34085182.0,,0.752447592962554
YE,YEM,"Yemen, Rep.",2019,,,35111408.0,,
YE,YEM,"Yemen, Rep.",2020,,,36134863.0,,
YE,YEM,"Yemen, Rep.",2021,,,37140230.0,,
YE,YEM,"Yemen, Rep.",2022,,,38222876.0,,
YE,YEM,"Yemen, Rep.",2023,,,39390799.0,,
YE,YEM,"Yemen, Rep.",2024,,,40583164.0,,
YE,YEM,"Yemen, Rep.",2025,,,41773878.0,,
ZA,ZAF,South Africa,2015,346709790458.563,6112.27382485974,56723537.0,4.51869094892506,1.32186223678229
ZA,ZAF,South Africa,2016,323585509674.481,5651.20585165749,57259551.0,6.60290842394872,0.664552307858116
ZA,ZAF,South Africa,2017,381448814653.456,6618.33508255701,57635162.0,5.18618655524149,1.15794695181735
ZA,ZAF,South Africa,2018,405260723892.517,6914.1780318076,58613001.0,4.50987264867388,1.55678384721676
ZA,ZAF,South Africa,2019,389330032224.269,6533.71121032856,59587885.0,4.10285075461156,0.25993557687633
ZA,ZAF,South Africa,2020,337974655408.055,5580.60383075189,60562381.0,3.23238831615113,-6.1689177146757
ZA,ZAF,South Africa,2021,419986284375.368,6828.75624590017,61502603.0,4.61874544887136,4.85864865060148
ZA,ZAF,South Africa,2022,407596043067.885,6534.24867783397,62378410.0,7.03987272546482,2.05813661692193
ZA,ZAF,South Africa,2023,381440724491.232,6034.27208964673,63212384.0,6.0752438457966,0.80610455095804
ZA,ZAF,South Africa,2024,401144998373.585,6267.186814093,64007187.0,4.36115246518962,0.534843531905139
ZA,ZAF,South Africa,2025,427184325997.307,6597.71450918774,64747319.0,3.20550474112603,1.11462608103956
ZM,ZMB,Zambia,2015,21251216798.7762,1295.87788680068,16399089.0,10.1105928909618,2.92037511217961
ZM,ZMB,Zambia,2016,20958412538.3093,1239.08527877713,16914423.0,17.8697300795268,3.75510031678988
ZM,ZMB,Zambia,2017,25873601260.8353,1483.46577328065,17441320.0,6.57731154205644,3.52586277149926
ZM,ZMB,Zambia,2018,26311507273.6735,1463.89997855593,17973569.0,7.4945719272852,4.03449389667165
ZM,ZMB,Zambia,2019,23308667781.2258,1258.98619844462,18513839.0,9.15031644316296,1.44130602603785
ZM,ZMB,Zambia,2020,18137764930.651,951.644316655957,19059395.0,15.7330604721369,-2.78505506545167
ZM,ZMB,Zambia,2021,22096416932.0089,1127.16077872857,19603607.0,22.0207676245777,6.23492204726448
ZM,ZMB,Zambia,2022,29163782140.4858,1447.12310138035,20152938.0,10.9932039209136,5.21122360356247
ZM,ZMB,Zambia,2023,27577956471.244,1330.72780576709,20723965.0,10.884531691282,5.36794285493059
ZM,ZMB,Zambia,2024,25303185342.2511,1187.10943350064,21314956.0,14.9856262747939,3.82004825518591
ZM,ZMB,Zambia,2025,28879806220.1264,1317.87771619597,21913874.0,13.9099095827735,3.75772836763902
ZW,ZWE,Zimbabwe,2015,19973250000.0,1387.12632595026,14399013.0,-2.43096842383404,1.77985356392176
ZW,ZWE,Zimbabwe,2016,20559250000.0,1408.13945253431,14600294.0,-1.54366960054161,0.75579405855224
ZW,ZWE,Zimbabwe,2017,51035657370.5179,3445.44941020134,14812482.0,0.893962316050027,4.73441117758482
ZW,ZWE,Zimbabwe,2018,34141666666.6667,2270.89531874302,15034452.0,10.6188658669575,5.00992154297603
ZW,ZWE,Zimbabwe,2019,33360632553.3556,2184.52155388801,15271368.0,255.304990757856,-6.33244976028571
ZW,ZWE,Zimbabwe,2020,31979753644.6558,2059.63704025274,15526888.0,557.201817362051,-7.81695060188729
ZW,ZWE,Zimbabwe,2021,41287852523.5016,2613.6167414057,15797210.0,98.5461050920624,8.46801676808001
ZW,ZWE,Zimbabwe,2022,40757585308.5016,2536.40197087505,16069056.0,104.705170628667,6.13926327570213
ZW,ZWE,Zimbabwe,2023,35871781303.429,2195.22502010174,16340822.0,,5.3508687909833
ZW,ZWE,Zimbabwe,2024,41521975830.2351,2496.15514995576,16634373.0,,1.67649454921512
ZW,ZWE,Zimbabwe,2025,51215643905.5886,3021.43019873632,16950795.0,,8.10671343048909
