date,year,year_be,month,province,region,species,quantity,year_inferred,source_file
2024-01-01,2024,2567,1,กระบี่,ภาคใต้ฝั่งอันดามัน,กุ้งกุลาดำ,507.74,False,dof_shrimp_production_monthly_2567.csv
2024-01-01,2024,2567,1,กระบี่,ภาคใต้ฝั่งอันดามัน,กุ้งขาว,445.12,False,dof_shrimp_production_monthly_2567.csv
2024-01-01,2024,2567,1,กรุงเทพมหานคร,ภาคกลาง,กุ้งกุลาดำ,0.0,False,dof_shrimp_production_monthly_2567.csv
2024-01-01,2024,2567,1,กรุงเทพมหานคร,ภาคกลาง,กุ้งขาว,2.6,False,dof_shrimp_production_monthly_2567.csv
2024-01-01,2024,2567,1,กาญจนบุรี,ภาคกลาง,กุ้งกุลาดำ,0.0,False,dof_shrimp_production_monthly_2567.csv
2024-01-01,2024,2567,1,กาญจนบุรี,ภาคกลาง,กุ้งขาว,0.0,False,dof_shrimp_production_monthly_2567.csv
2024-01-01,2024,2567,1,จันทบุรี,ภาคตะวันออก,กุ้งกุลาดำ,106.3,False,dof_shrimp_production_monthly_2567.csv
2024-01-01,2024,2567,1,จันทบุรี,ภาคตะวันออก,กุ้งขาว,1054.06,False,dof_shrimp_production_monthly_2567.csv
2024-01-01,2024,2567,1,ฉะเชิงเทรา,ภาคตะวันออก,กุ้งกุลาดำ,12.7,False,dof_shrimp_production_monthly_2567.csv
2024-01-01,2024,2567,1,ฉะเชิงเทรา,ภาคตะวันออก,กุ้งขาว,844.08,False,dof_shrimp_production_monthly_2567.csv
2024-01-01,2024,2567,1,ชลบุรี,ภาคตะวันออก,กุ้งกุลาดำ,0.0,False,dof_shrimp_production_monthly_2567.csv
2024-01-01,2024,2567,1,ชลบุรี,ภาคตะวันออก,กุ้งขาว,0.05,False,dof_shrimp_production_monthly_2567.csv
2024-01-01,2024,2567,1,ชัยภูมิ,ภาคตะวันออกเฉียงเหนือ,กุ้งกุลาดำ,0.0,False,dof_shrimp_production_monthly_2567.csv
2024-01-01,2024,2567,1,ชัยภูมิ,ภาคตะวันออกเฉียงเหนือ,กุ้งขาว,0.0,False,dof_shrimp_production_monthly_2567.csv
2024-01-01,2024,2567,1,ชุมพร,ภาคใต้ตอนบน,กุ้งกุลาดำ,317.48,False,dof_shrimp_production_monthly_2567.csv
2024-01-01,2024,2567,1,ชุมพร,ภาคใต้ตอนบน,กุ้งขาว,577.36,False,dof_shrimp_production_monthly_2567.csv
2024-01-01,2024,2567,1,ตรัง,ภาคใต้ฝั่งอันดามัน,กุ้งกุลาดำ,104.18,False,dof_shrimp_production_monthly_2567.csv
2024-01-01,2024,2567,1,ตรัง,ภาคใต้ฝั่งอันดามัน,กุ้งขาว,1082.55,False,dof_shrimp_production_monthly_2567.csv
2024-01-01,2024,2567,1,ตราด,ภาคตะวันออก,กุ้งกุลาดำ,0.0,False,dof_shrimp_production_monthly_2567.csv
2024-01-01,2024,2567,1,ตราด,ภาคตะวันออก,กุ้งขาว,812.84,False,dof_shrimp_production_monthly_2567.csv
2024-01-01,2024,2567,1,นครนายก,ภาคตะวันออก,กุ้งกุลาดำ,0.0,False,dof_shrimp_production_monthly_2567.csv
2024-01-01,2024,2567,1,นครนายก,ภาคตะวันออก,กุ้งขาว,44.2,False,dof_shrimp_production_monthly_2567.csv
2024-01-01,2024,2567,1,นครปฐม,ภาคกลาง,กุ้งกุลาดำ,0.0,False,dof_shrimp_production_monthly_2567.csv
2024-01-01,2024,2567,1,นครปฐม,ภาคกลาง,กุ้งขาว,265.31,False,dof_shrimp_production_monthly_2567.csv
2024-01-01,2024,2567,1,นครศรีธรรมราช,ภาคใต้ตอนล่างฝั่งอ่าวไทย,กุ้งกุลาดำ,0.0,False,dof_shrimp_production_monthly_2567.csv
2024-01-01,2024,2567,1,นครศรีธรรมราช,ภาคใต้ตอนล่างฝั่งอ่าวไทย,กุ้งขาว,339.59,False,dof_shrimp_production_monthly_2567.csv
2024-01-01,2024,2567,1,นนทบุรี,ภาคกลาง,กุ้งกุลาดำ,0.0,False,dof_shrimp_production_monthly_2567.csv
2024-01-01,2024,2567,1,นนทบุรี,ภาคกลาง,กุ้งขาว,13.77,False,dof_shrimp_production_monthly_2567.csv
2024-01-01,2024,2567,1,นราธิวาส,ภาคใต้ตอนล่างฝั่งอ่าวไทย,กุ้งกุลาดำ,0.0,False,dof_shrimp_production_monthly_2567.csv
2024-01-01,2024,2567,1,นราธิวาส,ภาคใต้ตอนล่างฝั่งอ่าวไทย,กุ้งขาว,0.0,False,dof_shrimp_production_monthly_2567.csv
2024-01-01,2024,2567,1,ปทุมธานี,ภาคกลาง,กุ้งกุลาดำ,5.32,False,dof_shrimp_production_monthly_2567.csv
2024-01-01,2024,2567,1,ปทุมธานี,ภาคกลาง,กุ้งขาว,37.3,False,dof_shrimp_production_monthly_2567.csv
2024-01-01,2024,2567,1,ประจวบคีรีขันธ์,ภาคใต้ตอนบน,กุ้งกุลาดำ,79.63,False,dof_shrimp_production_monthly_2567.csv
2024-01-01,2024,2567,1,ประจวบคีรีขันธ์,ภาคใต้ตอนบน,กุ้งขาว,975.44,False,dof_shrimp_production_monthly_2567.csv
2024-01-01,2024,2567,1,ปราจีนบุรี,ภาคตะวันออก,กุ้งกุลาดำ,0.0,False,dof_shrimp_production_monthly_2567.csv
2024-01-01,2024,2567,1,ปราจีนบุรี,ภาคตะวันออก,กุ้งขาว,114.31,False,dof_shrimp_production_monthly_2567.csv
2024-01-01,2024,2567,1,ปัตตานี,ภาคใต้ตอนล่างฝั่งอ่าวไทย,กุ้งกุลาดำ,0.0,False,dof_shrimp_production_monthly_2567.csv
2024-01-01,2024,2567,1,ปัตตานี,ภาคใต้ตอนล่างฝั่งอ่าวไทย,กุ้งขาว,46.62,False,dof_shrimp_production_monthly_2567.csv
2024-01-01,2024,2567,1,พระนครศรีอยุธยา,ภาคกลาง,กุ้งกุลาดำ,0.1,False,dof_shrimp_production_monthly_2567.csv
2024-01-01,2024,2567,1,พระนครศรีอยุธยา,ภาคกลาง,กุ้งขาว,45.4,False,dof_shrimp_production_monthly_2567.csv
2024-01-01,2024,2567,1,พังงา,ภาคใต้ฝั่งอันดามัน,กุ้งกุลาดำ,282.01,False,dof_shrimp_production_monthly_2567.csv
2024-01-01,2024,2567,1,พังงา,ภาคใต้ฝั่งอันดามัน,กุ้งขาว,581.87,False,dof_shrimp_production_monthly_2567.csv
2024-01-01,2024,2567,1,พัทลุง,ภาคใต้ตอนล่างฝั่งอ่าวไทย,กุ้งกุลาดำ,0.0,False,dof_shrimp_production_monthly_2567.csv
2024-01-01,2024,2567,1,พัทลุง,ภาคใต้ตอนล่างฝั่งอ่าวไทย,กุ้งขาว,60.33,False,dof_shrimp_production_monthly_2567.csv
2024-01-01,2024,2567,1,ภูเก็ต,ภาคใต้ฝั่งอันดามัน,กุ้งกุลาดำ,69.45,False,dof_shrimp_production_monthly_2567.csv
2024-01-01,2024,2567,1,ภูเก็ต,ภาคใต้ฝั่งอันดามัน,กุ้งขาว,132.91,False,dof_shrimp_production_monthly_2567.csv
2024-01-01,2024,2567,1,ระนอง,ภาคใต้ตอนบน,กุ้งกุลาดำ,37.85,False,dof_shrimp_production_monthly_2567.csv
2024-01-01,2024,2567,1,ระนอง,ภาคใต้ตอนบน,กุ้งขาว,219.51,False,dof_shrimp_production_monthly_2567.csv
2024-01-01,2024,2567,1,ระยอง,ภาคตะวันออก,กุ้งกุลาดำ,20.18,False,dof_shrimp_production_monthly_2567.csv
2024-01-01,2024,2567,1,ระยอง,ภาคตะวันออก,กุ้งขาว,412.15,False,dof_shrimp_production_monthly_2567.csv
2024-01-01,2024,2567,1,ราชบุรี,ภาคกลาง,กุ้งกุลาดำ,0.0,False,dof_shrimp_production_monthly_2567.csv
2024-01-01,2024,2567,1,ราชบุรี,ภาคกลาง,กุ้งขาว,266.7,False,dof_shrimp_production_monthly_2567.csv
2024-01-01,2024,2567,1,สงขลา,ภาคใต้ตอนล่างฝั่งอ่าวไทย,กุ้งกุลาดำ,86.05,False,dof_shrimp_production_monthly_2567.csv
2024-01-01,2024,2567,1,สงขลา,ภาคใต้ตอนล่างฝั่งอ่าวไทย,กุ้งขาว,342.42,False,dof_shrimp_production_monthly_2567.csv
2024-01-01,2024,2567,1,สตูล,ภาคใต้ฝั่งอันดามัน,กุ้งกุลาดำ,98.19,False,dof_shrimp_production_monthly_2567.csv
2024-01-01,2024,2567,1,สตูล,ภาคใต้ฝั่งอันดามัน,กุ้งขาว,554.36,False,dof_shrimp_production_monthly_2567.csv
2024-01-01,2024,2567,1,สมุทรปราการ,ภาคกลาง,กุ้งกุลาดำ,0.0,False,dof_shrimp_production_monthly_2567.csv
2024-01-01,2024,2567,1,สมุทรปราการ,ภาคกลาง,กุ้งขาว,20.0,False,dof_shrimp_production_monthly_2567.csv
2024-01-01,2024,2567,1,สมุทรสงคราม,ภาคกลาง,กุ้งกุลาดำ,0.0,False,dof_shrimp_production_monthly_2567.csv
2024-01-01,2024,2567,1,สมุทรสงคราม,ภาคกลาง,กุ้งขาว,118.81,False,dof_shrimp_production_monthly_2567.csv
2024-01-01,2024,2567,1,สมุทรสาคร,ภาคกลาง,กุ้งกุลาดำ,0.0,False,dof_shrimp_production_monthly_2567.csv
2024-01-01,2024,2567,1,สมุทรสาคร,ภาคกลาง,กุ้งขาว,181.13,False,dof_shrimp_production_monthly_2567.csv
2024-01-01,2024,2567,1,สุพรรณบุรี,ภาคกลาง,กุ้งกุลาดำ,0.0,False,dof_shrimp_production_monthly_2567.csv
2024-01-01,2024,2567,1,สุพรรณบุรี,ภาคกลาง,กุ้งขาว,240.16,False,dof_shrimp_production_monthly_2567.csv
2024-01-01,2024,2567,1,สุราษฎร์ธานี,ภาคใต้ตอนบน,กุ้งกุลาดำ,92.48,False,dof_shrimp_production_monthly_2567.csv
2024-01-01,2024,2567,1,สุราษฎร์ธานี,ภาคใต้ตอนบน,กุ้งขาว,2433.95,False,dof_shrimp_production_monthly_2567.csv
2024-01-01,2024,2567,1,อุดรธานี,ภาคตะวันออกเฉียงเหนือ,กุ้งกุลาดำ,0.0,False,dof_shrimp_production_monthly_2567.csv
2024-01-01,2024,2567,1,อุดรธานี,ภาคตะวันออกเฉียงเหนือ,กุ้งขาว,0.0,False,dof_shrimp_production_monthly_2567.csv
2024-01-01,2024,2567,1,เพชรบุรี,ภาคกลาง,กุ้งกุลาดำ,2.65,False,dof_shrimp_production_monthly_2567.csv
2024-01-01,2024,2567,1,เพชรบุรี,ภาคกลาง,กุ้งขาว,370.32,False,dof_shrimp_production_monthly_2567.csv
2024-02-01,2024,2567,2,กระบี่,ภาคใต้ฝั่งอันดามัน,กุ้งกุลาดำ,445.42,False,dof_shrimp_production_monthly_2567.csv
2024-02-01,2024,2567,2,กระบี่,ภาคใต้ฝั่งอันดามัน,กุ้งขาว,565.0,False,dof_shrimp_production_monthly_2567.csv
2024-02-01,2024,2567,2,กรุงเทพมหานคร,ภาคกลาง,กุ้งกุลาดำ,0.01,False,dof_shrimp_production_monthly_2567.csv
2024-02-01,2024,2567,2,กรุงเทพมหานคร,ภาคกลาง,กุ้งขาว,3.3,False,dof_shrimp_production_monthly_2567.csv
2024-02-01,2024,2567,2,กาญจนบุรี,ภาคกลาง,กุ้งกุลาดำ,0.0,False,dof_shrimp_production_monthly_2567.csv
2024-02-01,2024,2567,2,กาญจนบุรี,ภาคกลาง,กุ้งขาว,4.0,False,dof_shrimp_production_monthly_2567.csv
2024-02-01,2024,2567,2,จันทบุรี,ภาคตะวันออก,กุ้งกุลาดำ,27.19,False,dof_shrimp_production_monthly_2567.csv
2024-02-01,2024,2567,2,จันทบุรี,ภาคตะวันออก,กุ้งขาว,1230.72,False,dof_shrimp_production_monthly_2567.csv
2024-02-01,2024,2567,2,ฉะเชิงเทรา,ภาคตะวันออก,กุ้งกุลาดำ,6.75,False,dof_shrimp_production_monthly_2567.csv
2024-02-01,2024,2567,2,ฉะเชิงเทรา,ภาคตะวันออก,กุ้งขาว,920.71,False,dof_shrimp_production_monthly_2567.csv
2024-02-01,2024,2567,2,ชลบุรี,ภาคตะวันออก,กุ้งกุลาดำ,0.0,False,dof_shrimp_production_monthly_2567.csv
2024-02-01,2024,2567,2,ชลบุรี,ภาคตะวันออก,กุ้งขาว,9.2,False,dof_shrimp_production_monthly_2567.csv
2024-02-01,2024,2567,2,ชัยภูมิ,ภาคตะวันออกเฉียงเหนือ,กุ้งกุลาดำ,0.0,False,dof_shrimp_production_monthly_2567.csv
2024-02-01,2024,2567,2,ชัยภูมิ,ภาคตะวันออกเฉียงเหนือ,กุ้งขาว,0.0,False,dof_shrimp_production_monthly_2567.csv
2024-02-01,2024,2567,2,ชุมพร,ภาคใต้ตอนบน,กุ้งกุลาดำ,279.84,False,dof_shrimp_production_monthly_2567.csv
2024-02-01,2024,2567,2,ชุมพร,ภาคใต้ตอนบน,กุ้งขาว,672.65,False,dof_shrimp_production_monthly_2567.csv
2024-02-01,2024,2567,2,ตรัง,ภาคใต้ฝั่งอันดามัน,กุ้งกุลาดำ,113.13,False,dof_shrimp_production_monthly_2567.csv
2024-02-01,2024,2567,2,ตรัง,ภาคใต้ฝั่งอันดามัน,กุ้งขาว,1211.33,False,dof_shrimp_production_monthly_2567.csv
2024-02-01,2024,2567,2,ตราด,ภาคตะวันออก,กุ้งกุลาดำ,0.0,False,dof_shrimp_production_monthly_2567.csv
2024-02-01,2024,2567,2,ตราด,ภาคตะวันออก,กุ้งขาว,572.57,False,dof_shrimp_production_monthly_2567.csv
2024-02-01,2024,2567,2,นครนายก,ภาคตะวันออก,กุ้งกุลาดำ,0.0,False,dof_shrimp_production_monthly_2567.csv
2024-02-01,2024,2567,2,นครนายก,ภาคตะวันออก,กุ้งขาว,95.4,False,dof_shrimp_production_monthly_2567.csv
2024-02-01,2024,2567,2,นครปฐม,ภาคกลาง,กุ้งกุลาดำ,0.0,False,dof_shrimp_production_monthly_2567.csv
2024-02-01,2024,2567,2,นครปฐม,ภาคกลาง,กุ้งขาว,397.81,False,dof_shrimp_production_monthly_2567.csv
2024-02-01,2024,2567,2,นครศรีธรรมราช,ภาคใต้ตอนล่างฝั่งอ่าวไทย,กุ้งกุลาดำ,3.8,False,dof_shrimp_production_monthly_2567.csv
2024-02-01,2024,2567,2,นครศรีธรรมราช,ภาคใต้ตอนล่างฝั่งอ่าวไทย,กุ้งขาว,460.67,False,dof_shrimp_production_monthly_2567.csv
2024-02-01,2024,2567,2,นนทบุรี,ภาคกลาง,กุ้งกุลาดำ,0.0,False,dof_shrimp_production_monthly_2567.csv
2024-02-01,2024,2567,2,นนทบุรี,ภาคกลาง,กุ้งขาว,27.17,False,dof_shrimp_production_monthly_2567.csv
2024-02-01,2024,2567,2,นราธิวาส,ภาคใต้ตอนล่างฝั่งอ่าวไทย,กุ้งกุลาดำ,0.0,False,dof_shrimp_production_monthly_2567.csv
2024-02-01,2024,2567,2,นราธิวาส,ภาคใต้ตอนล่างฝั่งอ่าวไทย,กุ้งขาว,15.35,False,dof_shrimp_production_monthly_2567.csv
2024-02-01,2024,2567,2,ปทุมธานี,ภาคกลาง,กุ้งกุลาดำ,14.75,False,dof_shrimp_production_monthly_2567.csv
2024-02-01,2024,2567,2,ปทุมธานี,ภาคกลาง,กุ้งขาว,38.49,False,dof_shrimp_production_monthly_2567.csv
2024-02-01,2024,2567,2,ประจวบคีรีขันธ์,ภาคใต้ตอนบน,กุ้งกุลาดำ,33.11,False,dof_shrimp_production_monthly_2567.csv
2024-02-01,2024,2567,2,ประจวบคีรีขันธ์,ภาคใต้ตอนบน,กุ้งขาว,870.19,False,dof_shrimp_production_monthly_2567.csv
2024-02-01,2024,2567,2,ปราจีนบุรี,ภาคตะวันออก,กุ้งกุลาดำ,0.0,False,dof_shrimp_production_monthly_2567.csv
2024-02-01,2024,2567,2,ปราจีนบุรี,ภาคตะวันออก,กุ้งขาว,85.86,False,dof_shrimp_production_monthly_2567.csv
2024-02-01,2024,2567,2,ปัตตานี,ภาคใต้ตอนล่างฝั่งอ่าวไทย,กุ้งกุลาดำ,0.0,False,dof_shrimp_production_monthly_2567.csv
2024-02-01,2024,2567,2,ปัตตานี,ภาคใต้ตอนล่างฝั่งอ่าวไทย,กุ้งขาว,61.5,False,dof_shrimp_production_monthly_2567.csv
2024-02-01,2024,2567,2,พระนครศรีอยุธยา,ภาคกลาง,กุ้งกุลาดำ,0.0,False,dof_shrimp_production_monthly_2567.csv
2024-02-01,2024,2567,2,พระนครศรีอยุธยา,ภาคกลาง,กุ้งขาว,29.82,False,dof_shrimp_production_monthly_2567.csv
2024-02-01,2024,2567,2,พังงา,ภาคใต้ฝั่งอันดามัน,กุ้งกุลาดำ,302.97,False,dof_shrimp_production_monthly_2567.csv
2024-02-01,2024,2567,2,พังงา,ภาคใต้ฝั่งอันดามัน,กุ้งขาว,645.03,False,dof_shrimp_production_monthly_2567.csv
2024-02-01,2024,2567,2,พัทลุง,ภาคใต้ตอนล่างฝั่งอ่าวไทย,กุ้งกุลาดำ,0.0,False,dof_shrimp_production_monthly_2567.csv
2024-02-01,2024,2567,2,พัทลุง,ภาคใต้ตอนล่างฝั่งอ่าวไทย,กุ้งขาว,38.07,False,dof_shrimp_production_monthly_2567.csv
2024-02-01,2024,2567,2,ภูเก็ต,ภาคใต้ฝั่งอันดามัน,กุ้งกุลาดำ,145.75,False,dof_shrimp_production_monthly_2567.csv
2024-02-01,2024,2567,2,ภูเก็ต,ภาคใต้ฝั่งอันดามัน,กุ้งขาว,111.17,False,dof_shrimp_production_monthly_2567.csv
2024-02-01,2024,2567,2,ระนอง,ภาคใต้ตอนบน,กุ้งกุลาดำ,47.61,False,dof_shrimp_production_monthly_2567.csv
2024-02-01,2024,2567,2,ระนอง,ภาคใต้ตอนบน,กุ้งขาว,425.47,False,dof_shrimp_production_monthly_2567.csv
2024-02-01,2024,2567,2,ระยอง,ภาคตะวันออก,กุ้งกุลาดำ,8.41,False,dof_shrimp_production_monthly_2567.csv
2024-02-01,2024,2567,2,ระยอง,ภาคตะวันออก,กุ้งขาว,400.67,False,dof_shrimp_production_monthly_2567.csv
2024-02-01,2024,2567,2,ราชบุรี,ภาคกลาง,กุ้งกุลาดำ,0.0,False,dof_shrimp_production_monthly_2567.csv
2024-02-01,2024,2567,2,ราชบุรี,ภาคกลาง,กุ้งขาว,503.6,False,dof_shrimp_production_monthly_2567.csv
2024-02-01,2024,2567,2,สงขลา,ภาคใต้ตอนล่างฝั่งอ่าวไทย,กุ้งกุลาดำ,20.24,False,dof_shrimp_production_monthly_2567.csv
2024-02-01,2024,2567,2,สงขลา,ภาคใต้ตอนล่างฝั่งอ่าวไทย,กุ้งขาว,410.21,False,dof_shrimp_production_monthly_2567.csv
2024-02-01,2024,2567,2,สตูล,ภาคใต้ฝั่งอันดามัน,กุ้งกุลาดำ,131.05,False,dof_shrimp_production_monthly_2567.csv
2024-02-01,2024,2567,2,สตูล,ภาคใต้ฝั่งอันดามัน,กุ้งขาว,845.96,False,dof_shrimp_production_monthly_2567.csv
2024-02-01,2024,2567,2,สมุทรปราการ,ภาคกลาง,กุ้งกุลาดำ,0.0,False,dof_shrimp_production_monthly_2567.csv
2024-02-01,2024,2567,2,สมุทรปราการ,ภาคกลาง,กุ้งขาว,10.0,False,dof_shrimp_production_monthly_2567.csv
2024-02-01,2024,2567,2,สมุทรสงคราม,ภาคกลาง,กุ้งกุลาดำ,0.3,False,dof_shrimp_production_monthly_2567.csv
2024-02-01,2024,2567,2,สมุทรสงคราม,ภาคกลาง,กุ้งขาว,138.79,False,dof_shrimp_production_monthly_2567.csv
2024-02-01,2024,2567,2,สมุทรสาคร,ภาคกลาง,กุ้งกุลาดำ,0.0,False,dof_shrimp_production_monthly_2567.csv
2024-02-01,2024,2567,2,สมุทรสาคร,ภาคกลาง,กุ้งขาว,153.96,False,dof_shrimp_production_monthly_2567.csv
2024-02-01,2024,2567,2,สุพรรณบุรี,ภาคกลาง,กุ้งกุลาดำ,0.0,False,dof_shrimp_production_monthly_2567.csv
2024-02-01,2024,2567,2,สุพรรณบุรี,ภาคกลาง,กุ้งขาว,146.15,False,dof_shrimp_production_monthly_2567.csv
2024-02-01,2024,2567,2,สุราษฎร์ธานี,ภาคใต้ตอนบน,กุ้งกุลาดำ,100.29,False,dof_shrimp_production_monthly_2567.csv
2024-02-01,2024,2567,2,สุราษฎร์ธานี,ภาคใต้ตอนบน,กุ้งขาว,3313.21,False,dof_shrimp_production_monthly_2567.csv
2024-02-01,2024,2567,2,อุดรธานี,ภาคตะวันออกเฉียงเหนือ,กุ้งกุลาดำ,0.0,False,dof_shrimp_production_monthly_2567.csv
2024-02-01,2024,2567,2,อุดรธานี,ภาคตะวันออกเฉียงเหนือ,กุ้งขาว,1.0,False,dof_shrimp_production_monthly_2567.csv
2024-02-01,2024,2567,2,เพชรบุรี,ภาคกลาง,กุ้งกุลาดำ,17.15,False,dof_shrimp_production_monthly_2567.csv
2024-02-01,2024,2567,2,เพชรบุรี,ภาคกลาง,กุ้งขาว,410.22,False,dof_shrimp_production_monthly_2567.csv
2024-03-01,2024,2567,3,กระบี่,ภาคใต้ฝั่งอันดามัน,กุ้งกุลาดำ,428.41,False,dof_shrimp_production_monthly_2567.csv
2024-03-01,2024,2567,3,กระบี่,ภาคใต้ฝั่งอันดามัน,กุ้งขาว,805.01,False,dof_shrimp_production_monthly_2567.csv
2024-03-01,2024,2567,3,กรุงเทพมหานคร,ภาคกลาง,กุ้งกุลาดำ,0.01,False,dof_shrimp_production_monthly_2567.csv
2024-03-01,2024,2567,3,กรุงเทพมหานคร,ภาคกลาง,กุ้งขาว,0.0,False,dof_shrimp_production_monthly_2567.csv
2024-03-01,2024,2567,3,กาญจนบุรี,ภาคกลาง,กุ้งกุลาดำ,0.0,False,dof_shrimp_production_monthly_2567.csv
2024-03-01,2024,2567,3,กาญจนบุรี,ภาคกลาง,กุ้งขาว,93.6,False,dof_shrimp_production_monthly_2567.csv
2024-03-01,2024,2567,3,จันทบุรี,ภาคตะวันออก,กุ้งกุลาดำ,10.1,False,dof_shrimp_production_monthly_2567.csv
2024-03-01,2024,2567,3,จันทบุรี,ภาคตะวันออก,กุ้งขาว,1702.73,False,dof_shrimp_production_monthly_2567.csv
2024-03-01,2024,2567,3,ฉะเชิงเทรา,ภาคตะวันออก,กุ้งกุลาดำ,0.0,False,dof_shrimp_production_monthly_2567.csv
2024-03-01,2024,2567,3,ฉะเชิงเทรา,ภาคตะวันออก,กุ้งขาว,1259.89,False,dof_shrimp_production_monthly_2567.csv
2024-03-01,2024,2567,3,ชลบุรี,ภาคตะวันออก,กุ้งกุลาดำ,0.0,False,dof_shrimp_production_monthly_2567.csv
2024-03-01,2024,2567,3,ชลบุรี,ภาคตะวันออก,กุ้งขาว,2.47,False,dof_shrimp_production_monthly_2567.csv
2024-03-01,2024,2567,3,ชัยภูมิ,ภาคตะวันออกเฉียงเหนือ,กุ้งกุลาดำ,0.0,False,dof_shrimp_production_monthly_2567.csv
2024-03-01,2024,2567,3,ชัยภูมิ,ภาคตะวันออกเฉียงเหนือ,กุ้งขาว,0.0,False,dof_shrimp_production_monthly_2567.csv
2024-03-01,2024,2567,3,ชุมพร,ภาคใต้ตอนบน,กุ้งกุลาดำ,272.04,False,dof_shrimp_production_monthly_2567.csv
2024-03-01,2024,2567,3,ชุมพร,ภาคใต้ตอนบน,กุ้งขาว,868.35,False,dof_shrimp_production_monthly_2567.csv
2024-03-01,2024,2567,3,ตรัง,ภาคใต้ฝั่งอันดามัน,กุ้งกุลาดำ,117.8,False,dof_shrimp_production_monthly_2567.csv
2024-03-01,2024,2567,3,ตรัง,ภาคใต้ฝั่งอันดามัน,กุ้งขาว,1369.88,False,dof_shrimp_production_monthly_2567.csv
2024-03-01,2024,2567,3,ตราด,ภาคตะวันออก,กุ้งกุลาดำ,0.0,False,dof_shrimp_production_monthly_2567.csv
2024-03-01,2024,2567,3,ตราด,ภาคตะวันออก,กุ้งขาว,531.42,False,dof_shrimp_production_monthly_2567.csv
2024-03-01,2024,2567,3,นครนายก,ภาคตะวันออก,กุ้งกุลาดำ,0.0,False,dof_shrimp_production_monthly_2567.csv
2024-03-01,2024,2567,3,นครนายก,ภาคตะวันออก,กุ้งขาว,85.95,False,dof_shrimp_production_monthly_2567.csv
2024-03-01,2024,2567,3,นครปฐม,ภาคกลาง,กุ้งกุลาดำ,0.0,False,dof_shrimp_production_monthly_2567.csv
2024-03-01,2024,2567,3,นครปฐม,ภาคกลาง,กุ้งขาว,448.24,False,dof_shrimp_production_monthly_2567.csv
2024-03-01,2024,2567,3,นครศรีธรรมราช,ภาคใต้ตอนล่างฝั่งอ่าวไทย,กุ้งกุลาดำ,23.1,False,dof_shrimp_production_monthly_2567.csv
2024-03-01,2024,2567,3,นครศรีธรรมราช,ภาคใต้ตอนล่างฝั่งอ่าวไทย,กุ้งขาว,871.95,False,dof_shrimp_production_monthly_2567.csv
2024-03-01,2024,2567,3,นนทบุรี,ภาคกลาง,กุ้งกุลาดำ,0.0,False,dof_shrimp_production_monthly_2567.csv
2024-03-01,2024,2567,3,นนทบุรี,ภาคกลาง,กุ้งขาว,9.55,False,dof_shrimp_production_monthly_2567.csv
2024-03-01,2024,2567,3,นราธิวาส,ภาคใต้ตอนล่างฝั่งอ่าวไทย,กุ้งกุลาดำ,0.0,False,dof_shrimp_production_monthly_2567.csv
2024-03-01,2024,2567,3,นราธิวาส,ภาคใต้ตอนล่างฝั่งอ่าวไทย,กุ้งขาว,8.23,False,dof_shrimp_production_monthly_2567.csv
2024-03-01,2024,2567,3,ปทุมธานี,ภาคกลาง,กุ้งกุลาดำ,9.13,False,dof_shrimp_production_monthly_2567.csv
2024-03-01,2024,2567,3,ปทุมธานี,ภาคกลาง,กุ้งขาว,32.37,False,dof_shrimp_production_monthly_2567.csv
2024-03-01,2024,2567,3,ประจวบคีรีขันธ์,ภาคใต้ตอนบน,กุ้งกุลาดำ,46.37,False,dof_shrimp_production_monthly_2567.csv
2024-03-01,2024,2567,3,ประจวบคีรีขันธ์,ภาคใต้ตอนบน,กุ้งขาว,1175.79,False,dof_shrimp_production_monthly_2567.csv
2024-03-01,2024,2567,3,ปราจีนบุรี,ภาคตะวันออก,กุ้งกุลาดำ,0.0,False,dof_shrimp_production_monthly_2567.csv
2024-03-01,2024,2567,3,ปราจีนบุรี,ภาคตะวันออก,กุ้งขาว,331.76,False,dof_shrimp_production_monthly_2567.csv
2024-03-01,2024,2567,3,ปัตตานี,ภาคใต้ตอนล่างฝั่งอ่าวไทย,กุ้งกุลาดำ,0.0,False,dof_shrimp_production_monthly_2567.csv
2024-03-01,2024,2567,3,ปัตตานี,ภาคใต้ตอนล่างฝั่งอ่าวไทย,กุ้งขาว,64.7,False,dof_shrimp_production_monthly_2567.csv
2024-03-01,2024,2567,3,พระนครศรีอยุธยา,ภาคกลาง,กุ้งกุลาดำ,0.0,False,dof_shrimp_production_monthly_2567.csv
2024-03-01,2024,2567,3,พระนครศรีอยุธยา,ภาคกลาง,กุ้งขาว,49.27,False,dof_shrimp_production_monthly_2567.csv
2024-03-01,2024,2567,3,พังงา,ภาคใต้ฝั่งอันดามัน,กุ้งกุลาดำ,405.67,False,dof_shrimp_production_monthly_2567.csv
2024-03-01,2024,2567,3,พังงา,ภาคใต้ฝั่งอันดามัน,กุ้งขาว,808.83,False,dof_shrimp_production_monthly_2567.csv
2024-03-01,2024,2567,3,พัทลุง,ภาคใต้ตอนล่างฝั่งอ่าวไทย,กุ้งกุลาดำ,0.0,False,dof_shrimp_production_monthly_2567.csv
2024-03-01,2024,2567,3,พัทลุง,ภาคใต้ตอนล่างฝั่งอ่าวไทย,กุ้งขาว,14.2,False,dof_shrimp_production_monthly_2567.csv
2024-03-01,2024,2567,3,ภูเก็ต,ภาคใต้ฝั่งอันดามัน,กุ้งกุลาดำ,98.06,False,dof_shrimp_production_monthly_2567.csv
2024-03-01,2024,2567,3,ภูเก็ต,ภาคใต้ฝั่งอันดามัน,กุ้งขาว,163.04,False,dof_shrimp_production_monthly_2567.csv
2024-03-01,2024,2567,3,ระนอง,ภาคใต้ตอนบน,กุ้งกุลาดำ,71.52,False,dof_shrimp_production_monthly_2567.csv
2024-03-01,2024,2567,3,ระนอง,ภาคใต้ตอนบน,กุ้งขาว,538.4,False,dof_shrimp_production_monthly_2567.csv
2024-03-01,2024,2567,3,ระยอง,ภาคตะวันออก,กุ้งกุลาดำ,4.4,False,dof_shrimp_production_monthly_2567.csv
2024-03-01,2024,2567,3,ระยอง,ภาคตะวันออก,กุ้งขาว,479.27,False,dof_shrimp_production_monthly_2567.csv
2024-03-01,2024,2567,3,ราชบุรี,ภาคกลาง,กุ้งกุลาดำ,0.0,False,dof_shrimp_production_monthly_2567.csv
2024-03-01,2024,2567,3,ราชบุรี,ภาคกลาง,กุ้งขาว,569.9,False,dof_shrimp_production_monthly_2567.csv
2024-03-01,2024,2567,3,สงขลา,ภาคใต้ตอนล่างฝั่งอ่าวไทย,กุ้งกุลาดำ,51.44,False,dof_shrimp_production_monthly_2567.csv
2024-03-01,2024,2567,3,สงขลา,ภาคใต้ตอนล่างฝั่งอ่าวไทย,กุ้งขาว,562.45,False,dof_shrimp_production_monthly_2567.csv
2024-03-01,2024,2567,3,สตูล,ภาคใต้ฝั่งอันดามัน,กุ้งกุลาดำ,91.26,False,dof_shrimp_production_monthly_2567.csv
2024-03-01,2024,2567,3,สตูล,ภาคใต้ฝั่งอันดามัน,กุ้งขาว,551.07,False,dof_shrimp_production_monthly_2567.csv
2024-03-01,2024,2567,3,สมุทรปราการ,ภาคกลาง,กุ้งกุลาดำ,0.0,False,dof_shrimp_production_monthly_2567.csv
2024-03-01,2024,2567,3,สมุทรปราการ,ภาคกลาง,กุ้งขาว,23.09,False,dof_shrimp_production_monthly_2567.csv
2024-03-01,2024,2567,3,สมุทรสงคราม,ภาคกลาง,กุ้งกุลาดำ,0.95,False,dof_shrimp_production_monthly_2567.csv
2024-03-01,2024,2567,3,สมุทรสงคราม,ภาคกลาง,กุ้งขาว,112.01,False,dof_shrimp_production_monthly_2567.csv
2024-03-01,2024,2567,3,สมุทรสาคร,ภาคกลาง,กุ้งกุลาดำ,0.0,False,dof_shrimp_production_monthly_2567.csv
2024-03-01,2024,2567,3,สมุทรสาคร,ภาคกลาง,กุ้งขาว,108.82,False,dof_shrimp_production_monthly_2567.csv
2024-03-01,2024,2567,3,สุพรรณบุรี,ภาคกลาง,กุ้งกุลาดำ,0.0,False,dof_shrimp_production_monthly_2567.csv
2024-03-01,2024,2567,3,สุพรรณบุรี,ภาคกลาง,กุ้งขาว,285.07,False,dof_shrimp_production_monthly_2567.csv
2024-03-01,2024,2567,3,สุราษฎร์ธานี,ภาคใต้ตอนบน,กุ้งกุลาดำ,118.11,False,dof_shrimp_production_monthly_2567.csv
2024-03-01,2024,2567,3,สุราษฎร์ธานี,ภาคใต้ตอนบน,กุ้งขาว,4420.31,False,dof_shrimp_production_monthly_2567.csv
2024-03-01,2024,2567,3,อุดรธานี,ภาคตะวันออกเฉียงเหนือ,กุ้งกุลาดำ,0.0,False,dof_shrimp_production_monthly_2567.csv
2024-03-01,2024,2567,3,อุดรธานี,ภาคตะวันออกเฉียงเหนือ,กุ้งขาว,0.0,False,dof_shrimp_production_monthly_2567.csv
2024-03-01,2024,2567,3,เพชรบุรี,ภาคกลาง,กุ้งกุลาดำ,16.9,False,dof_shrimp_production_monthly_2567.csv
2024-03-01,2024,2567,3,เพชรบุรี,ภาคกลาง,กุ้งขาว,228.12,False,dof_shrimp_production_monthly_2567.csv
2024-04-01,2024,2567,4,กระบี่,ภาคใต้ฝั่งอันดามัน,กุ้งกุลาดำ,225.04,False,dof_shrimp_production_monthly_2567.csv
2024-04-01,2024,2567,4,กระบี่,ภาคใต้ฝั่งอันดามัน,กุ้งขาว,704.38,False,dof_shrimp_production_monthly_2567.csv
2024-04-01,2024,2567,4,กรุงเทพมหานคร,ภาคกลาง,กุ้งกุลาดำ,0.0,False,dof_shrimp_production_monthly_2567.csv
2024-04-01,2024,2567,4,กรุงเทพมหานคร,ภาคกลาง,กุ้งขาว,6.5,False,dof_shrimp_production_monthly_2567.csv
2024-04-01,2024,2567,4,กาญจนบุรี,ภาคกลาง,กุ้งกุลาดำ,0.0,False,dof_shrimp_production_monthly_2567.csv
2024-04-01,2024,2567,4,กาญจนบุรี,ภาคกลาง,กุ้งขาว,45.41,False,dof_shrimp_production_monthly_2567.csv
2024-04-01,2024,2567,4,จันทบุรี,ภาคตะวันออก,กุ้งกุลาดำ,14.24,False,dof_shrimp_production_monthly_2567.csv
2024-04-01,2024,2567,4,จันทบุรี,ภาคตะวันออก,กุ้งขาว,1404.43,False,dof_shrimp_production_monthly_2567.csv
2024-04-01,2024,2567,4,ฉะเชิงเทรา,ภาคตะวันออก,กุ้งกุลาดำ,0.5,False,dof_shrimp_production_monthly_2567.csv
2024-04-01,2024,2567,4,ฉะเชิงเทรา,ภาคตะวันออก,กุ้งขาว,1057.42,False,dof_shrimp_production_monthly_2567.csv
2024-04-01,2024,2567,4,ชลบุรี,ภาคตะวันออก,กุ้งกุลาดำ,0.0,False,dof_shrimp_production_monthly_2567.csv
2024-04-01,2024,2567,4,ชลบุรี,ภาคตะวันออก,กุ้งขาว,0.54,False,dof_shrimp_production_monthly_2567.csv
2024-04-01,2024,2567,4,ชัยภูมิ,ภาคตะวันออกเฉียงเหนือ,กุ้งกุลาดำ,0.0,False,dof_shrimp_production_monthly_2567.csv
2024-04-01,2024,2567,4,ชัยภูมิ,ภาคตะวันออกเฉียงเหนือ,กุ้งขาว,0.0,False,dof_shrimp_production_monthly_2567.csv
2024-04-01,2024,2567,4,ชุมพร,ภาคใต้ตอนบน,กุ้งกุลาดำ,158.65,False,dof_shrimp_production_monthly_2567.csv
2024-04-01,2024,2567,4,ชุมพร,ภาคใต้ตอนบน,กุ้งขาว,611.04,False,dof_shrimp_production_monthly_2567.csv
2024-04-01,2024,2567,4,ตรัง,ภาคใต้ฝั่งอันดามัน,กุ้งกุลาดำ,28.74,False,dof_shrimp_production_monthly_2567.csv
2024-04-01,2024,2567,4,ตรัง,ภาคใต้ฝั่งอันดามัน,กุ้งขาว,1269.65,False,dof_shrimp_production_monthly_2567.csv
2024-04-01,2024,2567,4,ตราด,ภาคตะวันออก,กุ้งกุลาดำ,0.22,False,dof_shrimp_production_monthly_2567.csv
2024-04-01,2024,2567,4,ตราด,ภาคตะวันออก,กุ้งขาว,417.91,False,dof_shrimp_production_monthly_2567.csv
2024-04-01,2024,2567,4,นครนายก,ภาคตะวันออก,กุ้งกุลาดำ,0.0,False,dof_shrimp_production_monthly_2567.csv
2024-04-01,2024,2567,4,นครนายก,ภาคตะวันออก,กุ้งขาว,105.0,False,dof_shrimp_production_monthly_2567.csv
2024-04-01,2024,2567,4,นครปฐม,ภาคกลาง,กุ้งกุลาดำ,0.0,False,dof_shrimp_production_monthly_2567.csv
2024-04-01,2024,2567,4,นครปฐม,ภาคกลาง,กุ้งขาว,285.35,False,dof_shrimp_production_monthly_2567.csv
2024-04-01,2024,2567,4,นครศรีธรรมราช,ภาคใต้ตอนล่างฝั่งอ่าวไทย,กุ้งกุลาดำ,4.5,False,dof_shrimp_production_monthly_2567.csv
2024-04-01,2024,2567,4,นครศรีธรรมราช,ภาคใต้ตอนล่างฝั่งอ่าวไทย,กุ้งขาว,986.49,False,dof_shrimp_production_monthly_2567.csv
2024-04-01,2024,2567,4,นนทบุรี,ภาคกลาง,กุ้งกุลาดำ,0.0,False,dof_shrimp_production_monthly_2567.csv
2024-04-01,2024,2567,4,นนทบุรี,ภาคกลาง,กุ้งขาว,34.64,False,dof_shrimp_production_monthly_2567.csv
2024-04-01,2024,2567,4,นราธิวาส,ภาคใต้ตอนล่างฝั่งอ่าวไทย,กุ้งกุลาดำ,0.0,False,dof_shrimp_production_monthly_2567.csv
2024-04-01,2024,2567,4,นราธิวาส,ภาคใต้ตอนล่างฝั่งอ่าวไทย,กุ้งขาว,0.0,False,dof_shrimp_production_monthly_2567.csv
2024-04-01,2024,2567,4,ปทุมธานี,ภาคกลาง,กุ้งกุลาดำ,0.7,False,dof_shrimp_production_monthly_2567.csv
2024-04-01,2024,2567,4,ปทุมธานี,ภาคกลาง,กุ้งขาว,38.7,False,dof_shrimp_production_monthly_2567.csv
2024-04-01,2024,2567,4,ประจวบคีรีขันธ์,ภาคใต้ตอนบน,กุ้งกุลาดำ,22.6,False,dof_shrimp_production_monthly_2567.csv
2024-04-01,2024,2567,4,ประจวบคีรีขันธ์,ภาคใต้ตอนบน,กุ้งขาว,815.03,False,dof_shrimp_production_monthly_2567.csv
2024-04-01,2024,2567,4,ปราจีนบุรี,ภาคตะวันออก,กุ้งกุลาดำ,0.0,False,dof_shrimp_production_monthly_2567.csv
2024-04-01,2024,2567,4,ปราจีนบุรี,ภาคตะวันออก,กุ้งขาว,85.77,False,dof_shrimp_production_monthly_2567.csv
2024-04-01,2024,2567,4,ปัตตานี,ภาคใต้ตอนล่างฝั่งอ่าวไทย,กุ้งกุลาดำ,0.0,False,dof_shrimp_production_monthly_2567.csv
2024-04-01,2024,2567,4,ปัตตานี,ภาคใต้ตอนล่างฝั่งอ่าวไทย,กุ้งขาว,90.03,False,dof_shrimp_production_monthly_2567.csv
2024-04-01,2024,2567,4,พระนครศรีอยุธยา,ภาคกลาง,กุ้งกุลาดำ,0.0,False,dof_shrimp_production_monthly_2567.csv
2024-04-01,2024,2567,4,พระนครศรีอยุธยา,ภาคกลาง,กุ้งขาว,11.7,False,dof_shrimp_production_monthly_2567.csv
2024-04-01,2024,2567,4,พังงา,ภาคใต้ฝั่งอันดามัน,กุ้งกุลาดำ,311.03,False,dof_shrimp_production_monthly_2567.csv
2024-04-01,2024,2567,4,พังงา,ภาคใต้ฝั่งอันดามัน,กุ้งขาว,710.46,False,dof_shrimp_production_monthly_2567.csv
2024-04-01,2024,2567,4,พัทลุง,ภาคใต้ตอนล่างฝั่งอ่าวไทย,กุ้งกุลาดำ,0.0,False,dof_shrimp_production_monthly_2567.csv
2024-04-01,2024,2567,4,พัทลุง,ภาคใต้ตอนล่างฝั่งอ่าวไทย,กุ้งขาว,69.8,False,dof_shrimp_production_monthly_2567.csv
2024-04-01,2024,2567,4,ภูเก็ต,ภาคใต้ฝั่งอันดามัน,กุ้งกุลาดำ,50.17,False,dof_shrimp_production_monthly_2567.csv
2024-04-01,2024,2567,4,ภูเก็ต,ภาคใต้ฝั่งอันดามัน,กุ้งขาว,117.58,False,dof_shrimp_production_monthly_2567.csv
2024-04-01,2024,2567,4,ระนอง,ภาคใต้ตอนบน,กุ้งกุลาดำ,112.85,False,dof_shrimp_production_monthly_2567.csv
2024-04-01,2024,2567,4,ระนอง,ภาคใต้ตอนบน,กุ้งขาว,295.3,False,dof_shrimp_production_monthly_2567.csv
2024-04-01,2024,2567,4,ระยอง,ภาคตะวันออก,กุ้งกุลาดำ,2.02,False,dof_shrimp_production_monthly_2567.csv
2024-04-01,2024,2567,4,ระยอง,ภาคตะวันออก,กุ้งขาว,346.0,False,dof_shrimp_production_monthly_2567.csv
2024-04-01,2024,2567,4,ราชบุรี,ภาคกลาง,กุ้งกุลาดำ,0.0,False,dof_shrimp_production_monthly_2567.csv
2024-04-01,2024,2567,4,ราชบุรี,ภาคกลาง,กุ้งขาว,464.88,False,dof_shrimp_production_monthly_2567.csv
2024-04-01,2024,2567,4,สงขลา,ภาคใต้ตอนล่างฝั่งอ่าวไทย,กุ้งกุลาดำ,33.95,False,dof_shrimp_production_monthly_2567.csv
2024-04-01,2024,2567,4,สงขลา,ภาคใต้ตอนล่างฝั่งอ่าวไทย,กุ้งขาว,1097.67,False,dof_shrimp_production_monthly_2567.csv
2024-04-01,2024,2567,4,สตูล,ภาคใต้ฝั่งอันดามัน,กุ้งกุลาดำ,15.73,False,dof_shrimp_production_monthly_2567.csv
2024-04-01,2024,2567,4,สตูล,ภาคใต้ฝั่งอันดามัน,กุ้งขาว,496.25,False,dof_shrimp_production_monthly_2567.csv
2024-04-01,2024,2567,4,สมุทรปราการ,ภาคกลาง,กุ้งกุลาดำ,0.0,False,dof_shrimp_production_monthly_2567.csv
2024-04-01,2024,2567,4,สมุทรปราการ,ภาคกลาง,กุ้งขาว,40.0,False,dof_shrimp_production_monthly_2567.csv
2024-04-01,2024,2567,4,สมุทรสงคราม,ภาคกลาง,กุ้งกุลาดำ,0.0,False,dof_shrimp_production_monthly_2567.csv
2024-04-01,2024,2567,4,สมุทรสงคราม,ภาคกลาง,กุ้งขาว,110.76,False,dof_shrimp_production_monthly_2567.csv
2024-04-01,2024,2567,4,สมุทรสาคร,ภาคกลาง,กุ้งกุลาดำ,0.0,False,dof_shrimp_production_monthly_2567.csv
2024-04-01,2024,2567,4,สมุทรสาคร,ภาคกลาง,กุ้งขาว,207.14,False,dof_shrimp_production_monthly_2567.csv
2024-04-01,2024,2567,4,สุพรรณบุรี,ภาคกลาง,กุ้งกุลาดำ,0.0,False,dof_shrimp_production_monthly_2567.csv
2024-04-01,2024,2567,4,สุพรรณบุรี,ภาคกลาง,กุ้งขาว,142.53,False,dof_shrimp_production_monthly_2567.csv
2024-04-01,2024,2567,4,สุราษฎร์ธานี,ภาคใต้ตอนบน,กุ้งกุลาดำ,72.02,False,dof_shrimp_production_monthly_2567.csv
2024-04-01,2024,2567,4,สุราษฎร์ธานี,ภาคใต้ตอนบน,กุ้งขาว,4844.78,False,dof_shrimp_production_monthly_2567.csv
2024-04-01,2024,2567,4,อุดรธานี,ภาคตะวันออกเฉียงเหนือ,กุ้งกุลาดำ,0.0,False,dof_shrimp_production_monthly_2567.csv
2024-04-01,2024,2567,4,อุดรธานี,ภาคตะวันออกเฉียงเหนือ,กุ้งขาว,2.18,False,dof_shrimp_production_monthly_2567.csv
2024-04-01,2024,2567,4,เพชรบุรี,ภาคกลาง,กุ้งกุลาดำ,3.9,False,dof_shrimp_production_monthly_2567.csv
2024-04-01,2024,2567,4,เพชรบุรี,ภาคกลาง,กุ้งขาว,220.91,False,dof_shrimp_production_monthly_2567.csv
2024-05-01,2024,2567,5,กระบี่,ภาคใต้ฝั่งอันดามัน,กุ้งกุลาดำ,172.73,False,dof_shrimp_production_monthly_2567.csv
2024-05-01,2024,2567,5,กระบี่,ภาคใต้ฝั่งอันดามัน,กุ้งขาว,649.86,False,dof_shrimp_production_monthly_2567.csv
2024-05-01,2024,2567,5,กรุงเทพมหานคร,ภาคกลาง,กุ้งกุลาดำ,0.06,False,dof_shrimp_production_monthly_2567.csv
2024-05-01,2024,2567,5,กรุงเทพมหานคร,ภาคกลาง,กุ้งขาว,0.0,False,dof_shrimp_production_monthly_2567.csv
2024-05-01,2024,2567,5,กาญจนบุรี,ภาคกลาง,กุ้งกุลาดำ,0.0,False,dof_shrimp_production_monthly_2567.csv
2024-05-01,2024,2567,5,กาญจนบุรี,ภาคกลาง,กุ้งขาว,92.12,False,dof_shrimp_production_monthly_2567.csv
2024-05-01,2024,2567,5,จันทบุรี,ภาคตะวันออก,กุ้งกุลาดำ,24.54,False,dof_shrimp_production_monthly_2567.csv
2024-05-01,2024,2567,5,จันทบุรี,ภาคตะวันออก,กุ้งขาว,1471.79,False,dof_shrimp_production_monthly_2567.csv
2024-05-01,2024,2567,5,ฉะเชิงเทรา,ภาคตะวันออก,กุ้งกุลาดำ,4.3,False,dof_shrimp_production_monthly_2567.csv
2024-05-01,2024,2567,5,ฉะเชิงเทรา,ภาคตะวันออก,กุ้งขาว,978.28,False,dof_shrimp_production_monthly_2567.csv
2024-05-01,2024,2567,5,ชลบุรี,ภาคตะวันออก,กุ้งกุลาดำ,0.0,False,dof_shrimp_production_monthly_2567.csv
2024-05-01,2024,2567,5,ชลบุรี,ภาคตะวันออก,กุ้งขาว,1.06,False,dof_shrimp_production_monthly_2567.csv
2024-05-01,2024,2567,5,ชัยภูมิ,ภาคตะวันออกเฉียงเหนือ,กุ้งกุลาดำ,0.0,False,dof_shrimp_production_monthly_2567.csv
2024-05-01,2024,2567,5,ชัยภูมิ,ภาคตะวันออกเฉียงเหนือ,กุ้งขาว,0.0,False,dof_shrimp_production_monthly_2567.csv
2024-05-01,2024,2567,5,ชุมพร,ภาคใต้ตอนบน,กุ้งกุลาดำ,108.73,False,dof_shrimp_production_monthly_2567.csv
2024-05-01,2024,2567,5,ชุมพร,ภาคใต้ตอนบน,กุ้งขาว,1171.86,False,dof_shrimp_production_monthly_2567.csv
2024-05-01,2024,2567,5,ตรัง,ภาคใต้ฝั่งอันดามัน,กุ้งกุลาดำ,66.7,False,dof_shrimp_production_monthly_2567.csv
2024-05-01,2024,2567,5,ตรัง,ภาคใต้ฝั่งอันดามัน,กุ้งขาว,1358.32,False,dof_shrimp_production_monthly_2567.csv
2024-05-01,2024,2567,5,ตราด,ภาคตะวันออก,กุ้งกุลาดำ,0.0,False,dof_shrimp_production_monthly_2567.csv
2024-05-01,2024,2567,5,ตราด,ภาคตะวันออก,กุ้งขาว,808.02,False,dof_shrimp_production_monthly_2567.csv
2024-05-01,2024,2567,5,นครนายก,ภาคตะวันออก,กุ้งกุลาดำ,0.0,False,dof_shrimp_production_monthly_2567.csv
2024-05-01,2024,2567,5,นครนายก,ภาคตะวันออก,กุ้งขาว,48.4,False,dof_shrimp_production_monthly_2567.csv
2024-05-01,2024,2567,5,นครปฐม,ภาคกลาง,กุ้งกุลาดำ,0.0,False,dof_shrimp_production_monthly_2567.csv
2024-05-01,2024,2567,5,นครปฐม,ภาคกลาง,กุ้งขาว,594.35,False,dof_shrimp_production_monthly_2567.csv
2024-05-01,2024,2567,5,นครศรีธรรมราช,ภาคใต้ตอนล่างฝั่งอ่าวไทย,กุ้งกุลาดำ,4.3,False,dof_shrimp_production_monthly_2567.csv
2024-05-01,2024,2567,5,นครศรีธรรมราช,ภาคใต้ตอนล่างฝั่งอ่าวไทย,กุ้งขาว,1420.4,False,dof_shrimp_production_monthly_2567.csv
2024-05-01,2024,2567,5,นนทบุรี,ภาคกลาง,กุ้งกุลาดำ,0.0,False,dof_shrimp_production_monthly_2567.csv
2024-05-01,2024,2567,5,นนทบุรี,ภาคกลาง,กุ้งขาว,10.34,False,dof_shrimp_production_monthly_2567.csv
2024-05-01,2024,2567,5,นราธิวาส,ภาคใต้ตอนล่างฝั่งอ่าวไทย,กุ้งกุลาดำ,0.0,False,dof_shrimp_production_monthly_2567.csv
2024-05-01,2024,2567,5,นราธิวาส,ภาคใต้ตอนล่างฝั่งอ่าวไทย,กุ้งขาว,0.0,False,dof_shrimp_production_monthly_2567.csv
2024-05-01,2024,2567,5,ปทุมธานี,ภาคกลาง,กุ้งกุลาดำ,0.0,False,dof_shrimp_production_monthly_2567.csv
2024-05-01,2024,2567,5,ปทุมธานี,ภาคกลาง,กุ้งขาว,26.22,False,dof_shrimp_production_monthly_2567.csv
2024-05-01,2024,2567,5,ประจวบคีรีขันธ์,ภาคใต้ตอนบน,กุ้งกุลาดำ,24.9,False,dof_shrimp_production_monthly_2567.csv
2024-05-01,2024,2567,5,ประจวบคีรีขันธ์,ภาคใต้ตอนบน,กุ้งขาว,754.34,False,dof_shrimp_production_monthly_2567.csv
2024-05-01,2024,2567,5,ปราจีนบุรี,ภาคตะวันออก,กุ้งกุลาดำ,0.0,False,dof_shrimp_production_monthly_2567.csv
2024-05-01,2024,2567,5,ปราจีนบุรี,ภาคตะวันออก,กุ้งขาว,326.43,False,dof_shrimp_production_monthly_2567.csv
2024-05-01,2024,2567,5,ปัตตานี,ภาคใต้ตอนล่างฝั่งอ่าวไทย,กุ้งกุลาดำ,0.0,False,dof_shrimp_production_monthly_2567.csv
2024-05-01,2024,2567,5,ปัตตานี,ภาคใต้ตอนล่างฝั่งอ่าวไทย,กุ้งขาว,230.59,False,dof_shrimp_production_monthly_2567.csv
2024-05-01,2024,2567,5,พระนครศรีอยุธยา,ภาคกลาง,กุ้งกุลาดำ,0.0,False,dof_shrimp_production_monthly_2567.csv
2024-05-01,2024,2567,5,พระนครศรีอยุธยา,ภาคกลาง,กุ้งขาว,56.6,False,dof_shrimp_production_monthly_2567.csv
2024-05-01,2024,2567,5,พังงา,ภาคใต้ฝั่งอันดามัน,กุ้งกุลาดำ,241.93,False,dof_shrimp_production_monthly_2567.csv
2024-05-01,2024,2567,5,พังงา,ภาคใต้ฝั่งอันดามัน,กุ้งขาว,1018.76,False,dof_shrimp_production_monthly_2567.csv
2024-05-01,2024,2567,5,พัทลุง,ภาคใต้ตอนล่างฝั่งอ่าวไทย,กุ้งกุลาดำ,0.0,False,dof_shrimp_production_monthly_2567.csv
2024-05-01,2024,2567,5,พัทลุง,ภาคใต้ตอนล่างฝั่งอ่าวไทย,กุ้งขาว,92.95,False,dof_shrimp_production_monthly_2567.csv
2024-05-01,2024,2567,5,ภูเก็ต,ภาคใต้ฝั่งอันดามัน,กุ้งกุลาดำ,22.02,False,dof_shrimp_production_monthly_2567.csv
2024-05-01,2024,2567,5,ภูเก็ต,ภาคใต้ฝั่งอันดามัน,กุ้งขาว,138.64,False,dof_shrimp_production_monthly_2567.csv
2024-05-01,2024,2567,5,ระนอง,ภาคใต้ตอนบน,กุ้งกุลาดำ,204.32,False,dof_shrimp_production_monthly_2567.csv
2024-05-01,2024,2567,5,ระนอง,ภาคใต้ตอนบน,กุ้งขาว,310.66,False,dof_shrimp_production_monthly_2567.csv
2024-05-01,2024,2567,5,ระยอง,ภาคตะวันออก,กุ้งกุลาดำ,0.0,False,dof_shrimp_production_monthly_2567.csv
2024-05-01,2024,2567,5,ระยอง,ภาคตะวันออก,กุ้งขาว,423.86,False,dof_shrimp_production_monthly_2567.csv
2024-05-01,2024,2567,5,ราชบุรี,ภาคกลาง,กุ้งกุลาดำ,0.0,False,dof_shrimp_production_monthly_2567.csv
2024-05-01,2024,2567,5,ราชบุรี,ภาคกลาง,กุ้งขาว,390.51,False,dof_shrimp_production_monthly_2567.csv
2024-05-01,2024,2567,5,สงขลา,ภาคใต้ตอนล่างฝั่งอ่าวไทย,กุ้งกุลาดำ,57.59,False,dof_shrimp_production_monthly_2567.csv
2024-05-01,2024,2567,5,สงขลา,ภาคใต้ตอนล่างฝั่งอ่าวไทย,กุ้งขาว,1495.49,False,dof_shrimp_production_monthly_2567.csv
2024-05-01,2024,2567,5,สตูล,ภาคใต้ฝั่งอันดามัน,กุ้งกุลาดำ,93.37,False,dof_shrimp_production_monthly_2567.csv
2024-05-01,2024,2567,5,สตูล,ภาคใต้ฝั่งอันดามัน,กุ้งขาว,826.61,False,dof_shrimp_production_monthly_2567.csv
2024-05-01,2024,2567,5,สมุทรปราการ,ภาคกลาง,กุ้งกุลาดำ,0.0,False,dof_shrimp_production_monthly_2567.csv
2024-05-01,2024,2567,5,สมุทรปราการ,ภาคกลาง,กุ้งขาว,16.0,False,dof_shrimp_production_monthly_2567.csv
2024-05-01,2024,2567,5,สมุทรสงคราม,ภาคกลาง,กุ้งกุลาดำ,0.0,False,dof_shrimp_production_monthly_2567.csv
2024-05-01,2024,2567,5,สมุทรสงคราม,ภาคกลาง,กุ้งขาว,175.2,False,dof_shrimp_production_monthly_2567.csv
2024-05-01,2024,2567,5,สมุทรสาคร,ภาคกลาง,กุ้งกุลาดำ,0.0,False,dof_shrimp_production_monthly_2567.csv
2024-05-01,2024,2567,5,สมุทรสาคร,ภาคกลาง,กุ้งขาว,132.87,False,dof_shrimp_production_monthly_2567.csv
2024-05-01,2024,2567,5,สุพรรณบุรี,ภาคกลาง,กุ้งกุลาดำ,0.0,False,dof_shrimp_production_monthly_2567.csv
2024-05-01,2024,2567,5,สุพรรณบุรี,ภาคกลาง,กุ้งขาว,361.55,False,dof_shrimp_production_monthly_2567.csv
2024-05-01,2024,2567,5,สุราษฎร์ธานี,ภาคใต้ตอนบน,กุ้งกุลาดำ,125.65,False,dof_shrimp_production_monthly_2567.csv
2024-05-01,2024,2567,5,สุราษฎร์ธานี,ภาคใต้ตอนบน,กุ้งขาว,6156.01,False,dof_shrimp_production_monthly_2567.csv
2024-05-01,2024,2567,5,อุดรธานี,ภาคตะวันออกเฉียงเหนือ,กุ้งกุลาดำ,0.0,False,dof_shrimp_production_monthly_2567.csv
2024-05-01,2024,2567,5,อุดรธานี,ภาคตะวันออกเฉียงเหนือ,กุ้งขาว,0.0,False,dof_shrimp_production_monthly_2567.csv
2024-05-01,2024,2567,5,เพชรบุรี,ภาคกลาง,กุ้งกุลาดำ,1.5,False,dof_shrimp_production_monthly_2567.csv
2024-05-01,2024,2567,5,เพชรบุรี,ภาคกลาง,กุ้งขาว,237.6,False,dof_shrimp_production_monthly_2567.csv
2024-06-01,2024,2567,6,กระบี่,ภาคใต้ฝั่งอันดามัน,กุ้งกุลาดำ,191.92,False,dof_shrimp_production_monthly_2567.csv
2024-06-01,2024,2567,6,กระบี่,ภาคใต้ฝั่งอันดามัน,กุ้งขาว,824.58,False,dof_shrimp_production_monthly_2567.csv
2024-06-01,2024,2567,6,กรุงเทพมหานคร,ภาคกลาง,กุ้งกุลาดำ,0.15,False,dof_shrimp_production_monthly_2567.csv
2024-06-01,2024,2567,6,กรุงเทพมหานคร,ภาคกลาง,กุ้งขาว,0.0,False,dof_shrimp_production_monthly_2567.csv
2024-06-01,2024,2567,6,กาญจนบุรี,ภาคกลาง,กุ้งกุลาดำ,0.0,False,dof_shrimp_production_monthly_2567.csv
2024-06-01,2024,2567,6,กาญจนบุรี,ภาคกลาง,กุ้งขาว,92.67,False,dof_shrimp_production_monthly_2567.csv
2024-06-01,2024,2567,6,จันทบุรี,ภาคตะวันออก,กุ้งกุลาดำ,69.62,False,dof_shrimp_production_monthly_2567.csv
2024-06-01,2024,2567,6,จันทบุรี,ภาคตะวันออก,กุ้งขาว,1982.61,False,dof_shrimp_production_monthly_2567.csv
2024-06-01,2024,2567,6,ฉะเชิงเทรา,ภาคตะวันออก,กุ้งกุลาดำ,0.35,False,dof_shrimp_production_monthly_2567.csv
2024-06-01,2024,2567,6,ฉะเชิงเทรา,ภาคตะวันออก,กุ้งขาว,717.31,False,dof_shrimp_production_monthly_2567.csv
2024-06-01,2024,2567,6,ชลบุรี,ภาคตะวันออก,กุ้งกุลาดำ,0.0,False,dof_shrimp_production_monthly_2567.csv
2024-06-01,2024,2567,6,ชลบุรี,ภาคตะวันออก,กุ้งขาว,0.08,False,dof_shrimp_production_monthly_2567.csv
2024-06-01,2024,2567,6,ชัยภูมิ,ภาคตะวันออกเฉียงเหนือ,กุ้งกุลาดำ,0.0,False,dof_shrimp_production_monthly_2567.csv
2024-06-01,2024,2567,6,ชัยภูมิ,ภาคตะวันออกเฉียงเหนือ,กุ้งขาว,0.0,False,dof_shrimp_production_monthly_2567.csv
2024-06-01,2024,2567,6,ชุมพร,ภาคใต้ตอนบน,กุ้งกุลาดำ,50.95,False,dof_shrimp_production_monthly_2567.csv
2024-06-01,2024,2567,6,ชุมพร,ภาคใต้ตอนบน,กุ้งขาว,1239.39,False,dof_shrimp_production_monthly_2567.csv
2024-06-01,2024,2567,6,ตรัง,ภาคใต้ฝั่งอันดามัน,กุ้งกุลาดำ,23.0,False,dof_shrimp_production_monthly_2567.csv
2024-06-01,2024,2567,6,ตรัง,ภาคใต้ฝั่งอันดามัน,กุ้งขาว,1641.99,False,dof_shrimp_production_monthly_2567.csv
2024-06-01,2024,2567,6,ตราด,ภาคตะวันออก,กุ้งกุลาดำ,0.0,False,dof_shrimp_production_monthly_2567.csv
2024-06-01,2024,2567,6,ตราด,ภาคตะวันออก,กุ้งขาว,1344.07,False,dof_shrimp_production_monthly_2567.csv
2024-06-01,2024,2567,6,นครนายก,ภาคตะวันออก,กุ้งกุลาดำ,0.0,False,dof_shrimp_production_monthly_2567.csv
2024-06-01,2024,2567,6,นครนายก,ภาคตะวันออก,กุ้งขาว,66.0,False,dof_shrimp_production_monthly_2567.csv
2024-06-01,2024,2567,6,นครปฐม,ภาคกลาง,กุ้งกุลาดำ,0.0,False,dof_shrimp_production_monthly_2567.csv
2024-06-01,2024,2567,6,นครปฐม,ภาคกลาง,กุ้งขาว,433.83,False,dof_shrimp_production_monthly_2567.csv
2024-06-01,2024,2567,6,นครศรีธรรมราช,ภาคใต้ตอนล่างฝั่งอ่าวไทย,กุ้งกุลาดำ,51.68,False,dof_shrimp_production_monthly_2567.csv
2024-06-01,2024,2567,6,นครศรีธรรมราช,ภาคใต้ตอนล่างฝั่งอ่าวไทย,กุ้งขาว,1492.06,False,dof_shrimp_production_monthly_2567.csv
2024-06-01,2024,2567,6,นนทบุรี,ภาคกลาง,กุ้งกุลาดำ,0.0,False,dof_shrimp_production_monthly_2567.csv
2024-06-01,2024,2567,6,นนทบุรี,ภาคกลาง,กุ้งขาว,13.75,False,dof_shrimp_production_monthly_2567.csv
2024-06-01,2024,2567,6,นราธิวาส,ภาคใต้ตอนล่างฝั่งอ่าวไทย,กุ้งกุลาดำ,0.0,False,dof_shrimp_production_monthly_2567.csv
2024-06-01,2024,2567,6,นราธิวาส,ภาคใต้ตอนล่างฝั่งอ่าวไทย,กุ้งขาว,36.06,False,dof_shrimp_production_monthly_2567.csv
2024-06-01,2024,2567,6,ปทุมธานี,ภาคกลาง,กุ้งกุลาดำ,0.59,False,dof_shrimp_production_monthly_2567.csv
2024-06-01,2024,2567,6,ปทุมธานี,ภาคกลาง,กุ้งขาว,17.57,False,dof_shrimp_production_monthly_2567.csv
2024-06-01,2024,2567,6,ประจวบคีรีขันธ์,ภาคใต้ตอนบน,กุ้งกุลาดำ,0.15,False,dof_shrimp_production_monthly_2567.csv
2024-06-01,2024,2567,6,ประจวบคีรีขันธ์,ภาคใต้ตอนบน,กุ้งขาว,742.83,False,dof_shrimp_production_monthly_2567.csv
2024-06-01,2024,2567,6,ปราจีนบุรี,ภาคตะวันออก,กุ้งกุลาดำ,0.0,False,dof_shrimp_production_monthly_2567.csv
2024-06-01,2024,2567,6,ปราจีนบุรี,ภาคตะวันออก,กุ้งขาว,138.67,False,dof_shrimp_production_monthly_2567.csv
2024-06-01,2024,2567,6,ปัตตานี,ภาคใต้ตอนล่างฝั่งอ่าวไทย,กุ้งกุลาดำ,0.0,False,dof_shrimp_production_monthly_2567.csv
2024-06-01,2024,2567,6,ปัตตานี,ภาคใต้ตอนล่างฝั่งอ่าวไทย,กุ้งขาว,195.3,False,dof_shrimp_production_monthly_2567.csv
2024-06-01,2024,2567,6,พระนครศรีอยุธยา,ภาคกลาง,กุ้งกุลาดำ,0.0,False,dof_shrimp_production_monthly_2567.csv
2024-06-01,2024,2567,6,พระนครศรีอยุธยา,ภาคกลาง,กุ้งขาว,40.12,False,dof_shrimp_production_monthly_2567.csv
2024-06-01,2024,2567,6,พังงา,ภาคใต้ฝั่งอันดามัน,กุ้งกุลาดำ,179.53,False,dof_shrimp_production_monthly_2567.csv
2024-06-01,2024,2567,6,พังงา,ภาคใต้ฝั่งอันดามัน,กุ้งขาว,950.72,False,dof_shrimp_production_monthly_2567.csv
2024-06-01,2024,2567,6,พัทลุง,ภาคใต้ตอนล่างฝั่งอ่าวไทย,กุ้งกุลาดำ,0.0,False,dof_shrimp_production_monthly_2567.csv
2024-06-01,2024,2567,6,พัทลุง,ภาคใต้ตอนล่างฝั่งอ่าวไทย,กุ้งขาว,85.13,False,dof_shrimp_production_monthly_2567.csv
2024-06-01,2024,2567,6,ภูเก็ต,ภาคใต้ฝั่งอันดามัน,กุ้งกุลาดำ,67.73,False,dof_shrimp_production_monthly_2567.csv
2024-06-01,2024,2567,6,ภูเก็ต,ภาคใต้ฝั่งอันดามัน,กุ้งขาว,221.53,False,dof_shrimp_production_monthly_2567.csv
2024-06-01,2024,2567,6,ระนอง,ภาคใต้ตอนบน,กุ้งกุลาดำ,82.53,False,dof_shrimp_production_monthly_2567.csv
2024-06-01,2024,2567,6,ระนอง,ภาคใต้ตอนบน,กุ้งขาว,442.44,False,dof_shrimp_production_monthly_2567.csv
2024-06-01,2024,2567,6,ระยอง,ภาคตะวันออก,กุ้งกุลาดำ,20.6,False,dof_shrimp_production_monthly_2567.csv
2024-06-01,2024,2567,6,ระยอง,ภาคตะวันออก,กุ้งขาว,712.54,False,dof_shrimp_production_monthly_2567.csv
2024-06-01,2024,2567,6,ราชบุรี,ภาคกลาง,กุ้งกุลาดำ,0.0,False,dof_shrimp_production_monthly_2567.csv
2024-06-01,2024,2567,6,ราชบุรี,ภาคกลาง,กุ้งขาว,490.27,False,dof_shrimp_production_monthly_2567.csv
2024-06-01,2024,2567,6,สงขลา,ภาคใต้ตอนล่างฝั่งอ่าวไทย,กุ้งกุลาดำ,73.65,False,dof_shrimp_production_monthly_2567.csv
2024-06-01,2024,2567,6,สงขลา,ภาคใต้ตอนล่างฝั่งอ่าวไทย,กุ้งขาว,1396.78,False,dof_shrimp_production_monthly_2567.csv
2024-06-01,2024,2567,6,สตูล,ภาคใต้ฝั่งอันดามัน,กุ้งกุลาดำ,26.5,False,dof_shrimp_production_monthly_2567.csv
2024-06-01,2024,2567,6,สตูล,ภาคใต้ฝั่งอันดามัน,กุ้งขาว,904.52,False,dof_shrimp_production_monthly_2567.csv
2024-06-01,2024,2567,6,สมุทรปราการ,ภาคกลาง,กุ้งกุลาดำ,0.0,False,dof_shrimp_production_monthly_2567.csv
2024-06-01,2024,2567,6,สมุทรปราการ,ภาคกลาง,กุ้งขาว,0.0,False,dof_shrimp_production_monthly_2567.csv
2024-06-01,2024,2567,6,สมุทรสงคราม,ภาคกลาง,กุ้งกุลาดำ,0.0,False,dof_shrimp_production_monthly_2567.csv
2024-06-01,2024,2567,6,สมุทรสงคราม,ภาคกลาง,กุ้งขาว,137.0,False,dof_shrimp_production_monthly_2567.csv
2024-06-01,2024,2567,6,สมุทรสาคร,ภาคกลาง,กุ้งกุลาดำ,0.0,False,dof_shrimp_production_monthly_2567.csv
2024-06-01,2024,2567,6,สมุทรสาคร,ภาคกลาง,กุ้งขาว,89.31,False,dof_shrimp_production_monthly_2567.csv
2024-06-01,2024,2567,6,สุพรรณบุรี,ภาคกลาง,กุ้งกุลาดำ,0.0,False,dof_shrimp_production_monthly_2567.csv
2024-06-01,2024,2567,6,สุพรรณบุรี,ภาคกลาง,กุ้งขาว,277.49,False,dof_shrimp_production_monthly_2567.csv
2024-06-01,2024,2567,6,สุราษฎร์ธานี,ภาคใต้ตอนบน,กุ้งกุลาดำ,120.37,False,dof_shrimp_production_monthly_2567.csv
2024-06-01,2024,2567,6,สุราษฎร์ธานี,ภาคใต้ตอนบน,กุ้งขาว,5988.04,False,dof_shrimp_production_monthly_2567.csv
2024-06-01,2024,2567,6,อุดรธานี,ภาคตะวันออกเฉียงเหนือ,กุ้งกุลาดำ,0.0,False,dof_shrimp_production_monthly_2567.csv
2024-06-01,2024,2567,6,อุดรธานี,ภาคตะวันออกเฉียงเหนือ,กุ้งขาว,0.25,False,dof_shrimp_production_monthly_2567.csv
2024-06-01,2024,2567,6,เพชรบุรี,ภาคกลาง,กุ้งกุลาดำ,0.0,False,dof_shrimp_production_monthly_2567.csv
2024-06-01,2024,2567,6,เพชรบุรี,ภาคกลาง,กุ้งขาว,235.61,False,dof_shrimp_production_monthly_2567.csv
2024-07-01,2024,2567,7,กระบี่,ภาคใต้ฝั่งอันดามัน,กุ้งกุลาดำ,235.01,False,dof_shrimp_production_monthly_2567.csv
2024-07-01,2024,2567,7,กระบี่,ภาคใต้ฝั่งอันดามัน,กุ้งขาว,1005.03,False,dof_shrimp_production_monthly_2567.csv
2024-07-01,2024,2567,7,กรุงเทพมหานคร,ภาคกลาง,กุ้งกุลาดำ,0.1,False,dof_shrimp_production_monthly_2567.csv
2024-07-01,2024,2567,7,กรุงเทพมหานคร,ภาคกลาง,กุ้งขาว,0.09,False,dof_shrimp_production_monthly_2567.csv
2024-07-01,2024,2567,7,กาญจนบุรี,ภาคกลาง,กุ้งกุลาดำ,0.0,False,dof_shrimp_production_monthly_2567.csv
2024-07-01,2024,2567,7,กาญจนบุรี,ภาคกลาง,กุ้งขาว,37.76,False,dof_shrimp_production_monthly_2567.csv
2024-07-01,2024,2567,7,จันทบุรี,ภาคตะวันออก,กุ้งกุลาดำ,145.81,False,dof_shrimp_production_monthly_2567.csv
2024-07-01,2024,2567,7,จันทบุรี,ภาคตะวันออก,กุ้งขาว,2196.78,False,dof_shrimp_production_monthly_2567.csv
2024-07-01,2024,2567,7,ฉะเชิงเทรา,ภาคตะวันออก,กุ้งกุลาดำ,2.17,False,dof_shrimp_production_monthly_2567.csv
2024-07-01,2024,2567,7,ฉะเชิงเทรา,ภาคตะวันออก,กุ้งขาว,1144.28,False,dof_shrimp_production_monthly_2567.csv
2024-07-01,2024,2567,7,ชลบุรี,ภาคตะวันออก,กุ้งกุลาดำ,0.0,False,dof_shrimp_production_monthly_2567.csv
2024-07-01,2024,2567,7,ชลบุรี,ภาคตะวันออก,กุ้งขาว,4.94,False,dof_shrimp_production_monthly_2567.csv
2024-07-01,2024,2567,7,ชัยภูมิ,ภาคตะวันออกเฉียงเหนือ,กุ้งกุลาดำ,0.0,False,dof_shrimp_production_monthly_2567.csv
2024-07-01,2024,2567,7,ชัยภูมิ,ภาคตะวันออกเฉียงเหนือ,กุ้งขาว,0.0,False,dof_shrimp_production_monthly_2567.csv
2024-07-01,2024,2567,7,ชุมพร,ภาคใต้ตอนบน,กุ้งกุลาดำ,173.85,False,dof_shrimp_production_monthly_2567.csv
2024-07-01,2024,2567,7,ชุมพร,ภาคใต้ตอนบน,กุ้งขาว,1412.55,False,dof_shrimp_production_monthly_2567.csv
2024-07-01,2024,2567,7,ตรัง,ภาคใต้ฝั่งอันดามัน,กุ้งกุลาดำ,34.1,False,dof_shrimp_production_monthly_2567.csv
2024-07-01,2024,2567,7,ตรัง,ภาคใต้ฝั่งอันดามัน,กุ้งขาว,2219.99,False,dof_shrimp_production_monthly_2567.csv
2024-07-01,2024,2567,7,ตราด,ภาคตะวันออก,กุ้งกุลาดำ,3.0,False,dof_shrimp_production_monthly_2567.csv
2024-07-01,2024,2567,7,ตราด,ภาคตะวันออก,กุ้งขาว,1374.25,False,dof_shrimp_production_monthly_2567.csv
2024-07-01,2024,2567,7,นครนายก,ภาคตะวันออก,กุ้งกุลาดำ,0.0,False,dof_shrimp_production_monthly_2567.csv
2024-07-01,2024,2567,7,นครนายก,ภาคตะวันออก,กุ้งขาว,93.29,False,dof_shrimp_production_monthly_2567.csv
2024-07-01,2024,2567,7,นครปฐม,ภาคกลาง,กุ้งกุลาดำ,0.0,False,dof_shrimp_production_monthly_2567.csv
2024-07-01,2024,2567,7,นครปฐม,ภาคกลาง,กุ้งขาว,334.91,False,dof_shrimp_production_monthly_2567.csv
2024-07-01,2024,2567,7,นครศรีธรรมราช,ภาคใต้ตอนล่างฝั่งอ่าวไทย,กุ้งกุลาดำ,36.66,False,dof_shrimp_production_monthly_2567.csv
2024-07-01,2024,2567,7,นครศรีธรรมราช,ภาคใต้ตอนล่างฝั่งอ่าวไทย,กุ้งขาว,1149.68,False,dof_shrimp_production_monthly_2567.csv
2024-07-01,2024,2567,7,นนทบุรี,ภาคกลาง,กุ้งกุลาดำ,0.0,False,dof_shrimp_production_monthly_2567.csv
2024-07-01,2024,2567,7,นนทบุรี,ภาคกลาง,กุ้งขาว,9.94,False,dof_shrimp_production_monthly_2567.csv
2024-07-01,2024,2567,7,นราธิวาส,ภาคใต้ตอนล่างฝั่งอ่าวไทย,กุ้งกุลาดำ,0.0,False,dof_shrimp_production_monthly_2567.csv
2024-07-01,2024,2567,7,นราธิวาส,ภาคใต้ตอนล่างฝั่งอ่าวไทย,กุ้งขาว,5.2,False,dof_shrimp_production_monthly_2567.csv
2024-07-01,2024,2567,7,ปทุมธานี,ภาคกลาง,กุ้งกุลาดำ,0.0,False,dof_shrimp_production_monthly_2567.csv
2024-07-01,2024,2567,7,ปทุมธานี,ภาคกลาง,กุ้งขาว,28.94,False,dof_shrimp_production_monthly_2567.csv
2024-07-01,2024,2567,7,ประจวบคีรีขันธ์,ภาคใต้ตอนบน,กุ้งกุลาดำ,23.1,False,dof_shrimp_production_monthly_2567.csv
2024-07-01,2024,2567,7,ประจวบคีรีขันธ์,ภาคใต้ตอนบน,กุ้งขาว,1238.17,False,dof_shrimp_production_monthly_2567.csv
2024-07-01,2024,2567,7,ปราจีนบุรี,ภาคตะวันออก,กุ้งกุลาดำ,0.0,False,dof_shrimp_production_monthly_2567.csv
2024-07-01,2024,2567,7,ปราจีนบุรี,ภาคตะวันออก,กุ้งขาว,98.43,False,dof_shrimp_production_monthly_2567.csv
2024-07-01,2024,2567,7,ปัตตานี,ภาคใต้ตอนล่างฝั่งอ่าวไทย,กุ้งกุลาดำ,0.0,False,dof_shrimp_production_monthly_2567.csv
2024-07-01,2024,2567,7,ปัตตานี,ภาคใต้ตอนล่างฝั่งอ่าวไทย,กุ้งขาว,165.47,False,dof_shrimp_production_monthly_2567.csv
2024-07-01,2024,2567,7,พระนครศรีอยุธยา,ภาคกลาง,กุ้งกุลาดำ,0.0,False,dof_shrimp_production_monthly_2567.csv
2024-07-01,2024,2567,7,พระนครศรีอยุธยา,ภาคกลาง,กุ้งขาว,34.7,False,dof_shrimp_production_monthly_2567.csv
2024-07-01,2024,2567,7,พังงา,ภาคใต้ฝั่งอันดามัน,กุ้งกุลาดำ,230.42,False,dof_shrimp_production_monthly_2567.csv
2024-07-01,2024,2567,7,พังงา,ภาคใต้ฝั่งอันดามัน,กุ้งขาว,821.58,False,dof_shrimp_production_monthly_2567.csv
2024-07-01,2024,2567,7,พัทลุง,ภาคใต้ตอนล่างฝั่งอ่าวไทย,กุ้งกุลาดำ,0.0,False,dof_shrimp_production_monthly_2567.csv
2024-07-01,2024,2567,7,พัทลุง,ภาคใต้ตอนล่างฝั่งอ่าวไทย,กุ้งขาว,81.64,False,dof_shrimp_production_monthly_2567.csv
2024-07-01,2024,2567,7,ภูเก็ต,ภาคใต้ฝั่งอันดามัน,กุ้งกุลาดำ,69.59,False,dof_shrimp_production_monthly_2567.csv
2024-07-01,2024,2567,7,ภูเก็ต,ภาคใต้ฝั่งอันดามัน,กุ้งขาว,205.15,False,dof_shrimp_production_monthly_2567.csv
2024-07-01,2024,2567,7,ระนอง,ภาคใต้ตอนบน,กุ้งกุลาดำ,53.54,False,dof_shrimp_production_monthly_2567.csv
2024-07-01,2024,2567,7,ระนอง,ภาคใต้ตอนบน,กุ้งขาว,520.25,False,dof_shrimp_production_monthly_2567.csv
2024-07-01,2024,2567,7,ระยอง,ภาคตะวันออก,กุ้งกุลาดำ,0.0,False,dof_shrimp_production_monthly_2567.csv
2024-07-01,2024,2567,7,ระยอง,ภาคตะวันออก,กุ้งขาว,632.17,False,dof_shrimp_production_monthly_2567.csv
2024-07-01,2024,2567,7,ราชบุรี,ภาคกลาง,กุ้งกุลาดำ,0.0,False,dof_shrimp_production_monthly_2567.csv
2024-07-01,2024,2567,7,ราชบุรี,ภาคกลาง,กุ้งขาว,547.47,False,dof_shrimp_production_monthly_2567.csv
2024-07-01,2024,2567,7,สงขลา,ภาคใต้ตอนล่างฝั่งอ่าวไทย,กุ้งกุลาดำ,41.18,False,dof_shrimp_production_monthly_2567.csv
2024-07-01,2024,2567,7,สงขลา,ภาคใต้ตอนล่างฝั่งอ่าวไทย,กุ้งขาว,874.57,False,dof_shrimp_production_monthly_2567.csv
2024-07-01,2024,2567,7,สตูล,ภาคใต้ฝั่งอันดามัน,กุ้งกุลาดำ,50.13,False,dof_shrimp_production_monthly_2567.csv
2024-07-01,2024,2567,7,สตูล,ภาคใต้ฝั่งอันดามัน,กุ้งขาว,1287.46,False,dof_shrimp_production_monthly_2567.csv
2024-07-01,2024,2567,7,สมุทรปราการ,ภาคกลาง,กุ้งกุลาดำ,0.0,False,dof_shrimp_production_monthly_2567.csv
2024-07-01,2024,2567,7,สมุทรปราการ,ภาคกลาง,กุ้งขาว,0.0,False,dof_shrimp_production_monthly_2567.csv
2024-07-01,2024,2567,7,สมุทรสงคราม,ภาคกลาง,กุ้งกุลาดำ,0.0,False,dof_shrimp_production_monthly_2567.csv
2024-07-01,2024,2567,7,สมุทรสงคราม,ภาคกลาง,กุ้งขาว,208.19,False,dof_shrimp_production_monthly_2567.csv
2024-07-01,2024,2567,7,สมุทรสาคร,ภาคกลาง,กุ้งกุลาดำ,0.0,False,dof_shrimp_production_monthly_2567.csv
2024-07-01,2024,2567,7,สมุทรสาคร,ภาคกลาง,กุ้งขาว,181.25,False,dof_shrimp_production_monthly_2567.csv
2024-07-01,2024,2567,7,สุพรรณบุรี,ภาคกลาง,กุ้งกุลาดำ,0.0,False,dof_shrimp_production_monthly_2567.csv
2024-07-01,2024,2567,7,สุพรรณบุรี,ภาคกลาง,กุ้งขาว,146.89,False,dof_shrimp_production_monthly_2567.csv
2024-07-01,2024,2567,7,สุราษฎร์ธานี,ภาคใต้ตอนบน,กุ้งกุลาดำ,159.77,False,dof_shrimp_production_monthly_2567.csv
2024-07-01,2024,2567,7,สุราษฎร์ธานี,ภาคใต้ตอนบน,กุ้งขาว,6052.1,False,dof_shrimp_production_monthly_2567.csv
2024-07-01,2024,2567,7,อุดรธานี,ภาคตะวันออกเฉียงเหนือ,กุ้งกุลาดำ,0.0,False,dof_shrimp_production_monthly_2567.csv
2024-07-01,2024,2567,7,อุดรธานี,ภาคตะวันออกเฉียงเหนือ,กุ้งขาว,0.0,False,dof_shrimp_production_monthly_2567.csv
2024-07-01,2024,2567,7,เพชรบุรี,ภาคกลาง,กุ้งกุลาดำ,0.0,False,dof_shrimp_production_monthly_2567.csv
2024-07-01,2024,2567,7,เพชรบุรี,ภาคกลาง,กุ้งขาว,713.31,False,dof_shrimp_production_monthly_2567.csv
2024-08-01,2024,2567,8,กระบี่,ภาคใต้ฝั่งอันดามัน,กุ้งกุลาดำ,206.08,False,dof_shrimp_production_monthly_2567.csv
2024-08-01,2024,2567,8,กระบี่,ภาคใต้ฝั่งอันดามัน,กุ้งขาว,787.8,False,dof_shrimp_production_monthly_2567.csv
2024-08-01,2024,2567,8,กรุงเทพมหานคร,ภาคกลาง,กุ้งกุลาดำ,0.05,False,dof_shrimp_production_monthly_2567.csv
2024-08-01,2024,2567,8,กรุงเทพมหานคร,ภาคกลาง,กุ้งขาว,12.96,False,dof_shrimp_production_monthly_2567.csv
2024-08-01,2024,2567,8,กาญจนบุรี,ภาคกลาง,กุ้งกุลาดำ,0.0,False,dof_shrimp_production_monthly_2567.csv
2024-08-01,2024,2567,8,กาญจนบุรี,ภาคกลาง,กุ้งขาว,9.7,False,dof_shrimp_production_monthly_2567.csv
2024-08-01,2024,2567,8,จันทบุรี,ภาคตะวันออก,กุ้งกุลาดำ,95.5,False,dof_shrimp_production_monthly_2567.csv
2024-08-01,2024,2567,8,จันทบุรี,ภาคตะวันออก,กุ้งขาว,1638.47,False,dof_shrimp_production_monthly_2567.csv
2024-08-01,2024,2567,8,ฉะเชิงเทรา,ภาคตะวันออก,กุ้งกุลาดำ,3.7,False,dof_shrimp_production_monthly_2567.csv
2024-08-01,2024,2567,8,ฉะเชิงเทรา,ภาคตะวันออก,กุ้งขาว,1222.86,False,dof_shrimp_production_monthly_2567.csv
2024-08-01,2024,2567,8,ชลบุรี,ภาคตะวันออก,กุ้งกุลาดำ,0.0,False,dof_shrimp_production_monthly_2567.csv
2024-08-01,2024,2567,8,ชลบุรี,ภาคตะวันออก,กุ้งขาว,0.0,False,dof_shrimp_production_monthly_2567.csv
2024-08-01,2024,2567,8,ชัยภูมิ,ภาคตะวันออกเฉียงเหนือ,กุ้งกุลาดำ,0.0,False,dof_shrimp_production_monthly_2567.csv
2024-08-01,2024,2567,8,ชัยภูมิ,ภาคตะวันออกเฉียงเหนือ,กุ้งขาว,0.0,False,dof_shrimp_production_monthly_2567.csv
2024-08-01,2024,2567,8,ชุมพร,ภาคใต้ตอนบน,กุ้งกุลาดำ,248.12,False,dof_shrimp_production_monthly_2567.csv
2024-08-01,2024,2567,8,ชุมพร,ภาคใต้ตอนบน,กุ้งขาว,1352.7,False,dof_shrimp_production_monthly_2567.csv
2024-08-01,2024,2567,8,ตรัง,ภาคใต้ฝั่งอันดามัน,กุ้งกุลาดำ,40.59,False,dof_shrimp_production_monthly_2567.csv
2024-08-01,2024,2567,8,ตรัง,ภาคใต้ฝั่งอันดามัน,กุ้งขาว,2357.39,False,dof_shrimp_production_monthly_2567.csv
2024-08-01,2024,2567,8,ตราด,ภาคตะวันออก,กุ้งกุลาดำ,0.0,False,dof_shrimp_production_monthly_2567.csv
2024-08-01,2024,2567,8,ตราด,ภาคตะวันออก,กุ้งขาว,736.3,False,dof_shrimp_production_monthly_2567.csv
2024-08-01,2024,2567,8,นครนายก,ภาคตะวันออก,กุ้งกุลาดำ,0.0,False,dof_shrimp_production_monthly_2567.csv
2024-08-01,2024,2567,8,นครนายก,ภาคตะวันออก,กุ้งขาว,155.85,False,dof_shrimp_production_monthly_2567.csv
2024-08-01,2024,2567,8,นครปฐม,ภาคกลาง,กุ้งกุลาดำ,0.0,False,dof_shrimp_production_monthly_2567.csv
2024-08-01,2024,2567,8,นครปฐม,ภาคกลาง,กุ้งขาว,413.5,False,dof_shrimp_production_monthly_2567.csv
2024-08-01,2024,2567,8,นครศรีธรรมราช,ภาคใต้ตอนล่างฝั่งอ่าวไทย,กุ้งกุลาดำ,4.53,False,dof_shrimp_production_monthly_2567.csv
2024-08-01,2024,2567,8,นครศรีธรรมราช,ภาคใต้ตอนล่างฝั่งอ่าวไทย,กุ้งขาว,961.84,False,dof_shrimp_production_monthly_2567.csv
2024-08-01,2024,2567,8,นนทบุรี,ภาคกลาง,กุ้งกุลาดำ,0.0,False,dof_shrimp_production_monthly_2567.csv
2024-08-01,2024,2567,8,นนทบุรี,ภาคกลาง,กุ้งขาว,4.17,False,dof_shrimp_production_monthly_2567.csv
2024-08-01,2024,2567,8,นราธิวาส,ภาคใต้ตอนล่างฝั่งอ่าวไทย,กุ้งกุลาดำ,0.0,False,dof_shrimp_production_monthly_2567.csv
2024-08-01,2024,2567,8,นราธิวาส,ภาคใต้ตอนล่างฝั่งอ่าวไทย,กุ้งขาว,12.53,False,dof_shrimp_production_monthly_2567.csv
2024-08-01,2024,2567,8,ปทุมธานี,ภาคกลาง,กุ้งกุลาดำ,1.0,False,dof_shrimp_production_monthly_2567.csv
2024-08-01,2024,2567,8,ปทุมธานี,ภาคกลาง,กุ้งขาว,53.57,False,dof_shrimp_production_monthly_2567.csv
2024-08-01,2024,2567,8,ประจวบคีรีขันธ์,ภาคใต้ตอนบน,กุ้งกุลาดำ,58.85,False,dof_shrimp_production_monthly_2567.csv
2024-08-01,2024,2567,8,ประจวบคีรีขันธ์,ภาคใต้ตอนบน,กุ้งขาว,1514.18,False,dof_shrimp_production_monthly_2567.csv
2024-08-01,2024,2567,8,ปราจีนบุรี,ภาคตะวันออก,กุ้งกุลาดำ,0.0,False,dof_shrimp_production_monthly_2567.csv
2024-08-01,2024,2567,8,ปราจีนบุรี,ภาคตะวันออก,กุ้งขาว,213.29,False,dof_shrimp_production_monthly_2567.csv
2024-08-01,2024,2567,8,ปัตตานี,ภาคใต้ตอนล่างฝั่งอ่าวไทย,กุ้งกุลาดำ,0.0,False,dof_shrimp_production_monthly_2567.csv
2024-08-01,2024,2567,8,ปัตตานี,ภาคใต้ตอนล่างฝั่งอ่าวไทย,กุ้งขาว,142.5,False,dof_shrimp_production_monthly_2567.csv
2024-08-01,2024,2567,8,พระนครศรีอยุธยา,ภาคกลาง,กุ้งกุลาดำ,0.0,False,dof_shrimp_production_monthly_2567.csv
2024-08-01,2024,2567,8,พระนครศรีอยุธยา,ภาคกลาง,กุ้งขาว,26.05,False,dof_shrimp_production_monthly_2567.csv
2024-08-01,2024,2567,8,พังงา,ภาคใต้ฝั่งอันดามัน,กุ้งกุลาดำ,182.05,False,dof_shrimp_production_monthly_2567.csv
2024-08-01,2024,2567,8,พังงา,ภาคใต้ฝั่งอันดามัน,กุ้งขาว,882.26,False,dof_shrimp_production_monthly_2567.csv
2024-08-01,2024,2567,8,พัทลุง,ภาคใต้ตอนล่างฝั่งอ่าวไทย,กุ้งกุลาดำ,0.0,False,dof_shrimp_production_monthly_2567.csv
2024-08-01,2024,2567,8,พัทลุง,ภาคใต้ตอนล่างฝั่งอ่าวไทย,กุ้งขาว,27.3,False,dof_shrimp_production_monthly_2567.csv
2024-08-01,2024,2567,8,ภูเก็ต,ภาคใต้ฝั่งอันดามัน,กุ้งกุลาดำ,74.78,False,dof_shrimp_production_monthly_2567.csv
2024-08-01,2024,2567,8,ภูเก็ต,ภาคใต้ฝั่งอันดามัน,กุ้งขาว,188.78,False,dof_shrimp_production_monthly_2567.csv
2024-08-01,2024,2567,8,ระนอง,ภาคใต้ตอนบน,กุ้งกุลาดำ,21.7,False,dof_shrimp_production_monthly_2567.csv
2024-08-01,2024,2567,8,ระนอง,ภาคใต้ตอนบน,กุ้งขาว,556.26,False,dof_shrimp_production_monthly_2567.csv
2024-08-01,2024,2567,8,ระยอง,ภาคตะวันออก,กุ้งกุลาดำ,35.05,False,dof_shrimp_production_monthly_2567.csv
2024-08-01,2024,2567,8,ระยอง,ภาคตะวันออก,กุ้งขาว,256.38,False,dof_shrimp_production_monthly_2567.csv
2024-08-01,2024,2567,8,ราชบุรี,ภาคกลาง,กุ้งกุลาดำ,0.0,False,dof_shrimp_production_monthly_2567.csv
2024-08-01,2024,2567,8,ราชบุรี,ภาคกลาง,กุ้งขาว,752.53,False,dof_shrimp_production_monthly_2567.csv
2024-08-01,2024,2567,8,สงขลา,ภาคใต้ตอนล่างฝั่งอ่าวไทย,กุ้งกุลาดำ,51.51,False,dof_shrimp_production_monthly_2567.csv
2024-08-01,2024,2567,8,สงขลา,ภาคใต้ตอนล่างฝั่งอ่าวไทย,กุ้งขาว,856.45,False,dof_shrimp_production_monthly_2567.csv
2024-08-01,2024,2567,8,สตูล,ภาคใต้ฝั่งอันดามัน,กุ้งกุลาดำ,49.23,False,dof_shrimp_production_monthly_2567.csv
2024-08-01,2024,2567,8,สตูล,ภาคใต้ฝั่งอันดามัน,กุ้งขาว,743.3,False,dof_shrimp_production_monthly_2567.csv
2024-08-01,2024,2567,8,สมุทรปราการ,ภาคกลาง,กุ้งกุลาดำ,0.0,False,dof_shrimp_production_monthly_2567.csv
2024-08-01,2024,2567,8,สมุทรปราการ,ภาคกลาง,กุ้งขาว,0.0,False,dof_shrimp_production_monthly_2567.csv
2024-08-01,2024,2567,8,สมุทรสงคราม,ภาคกลาง,กุ้งกุลาดำ,2.35,False,dof_shrimp_production_monthly_2567.csv
2024-08-01,2024,2567,8,สมุทรสงคราม,ภาคกลาง,กุ้งขาว,176.78,False,dof_shrimp_production_monthly_2567.csv
2024-08-01,2024,2567,8,สมุทรสาคร,ภาคกลาง,กุ้งกุลาดำ,0.0,False,dof_shrimp_production_monthly_2567.csv
2024-08-01,2024,2567,8,สมุทรสาคร,ภาคกลาง,กุ้งขาว,177.01,False,dof_shrimp_production_monthly_2567.csv
2024-08-01,2024,2567,8,สุพรรณบุรี,ภาคกลาง,กุ้งกุลาดำ,0.0,False,dof_shrimp_production_monthly_2567.csv
2024-08-01,2024,2567,8,สุพรรณบุรี,ภาคกลาง,กุ้งขาว,139.5,False,dof_shrimp_production_monthly_2567.csv
2024-08-01,2024,2567,8,สุราษฎร์ธานี,ภาคใต้ตอนบน,กุ้งกุลาดำ,220.02,False,dof_shrimp_production_monthly_2567.csv
2024-08-01,2024,2567,8,สุราษฎร์ธานี,ภาคใต้ตอนบน,กุ้งขาว,5346.55,False,dof_shrimp_production_monthly_2567.csv
2024-08-01,2024,2567,8,อุดรธานี,ภาคตะวันออกเฉียงเหนือ,กุ้งกุลาดำ,0.0,False,dof_shrimp_production_monthly_2567.csv
2024-08-01,2024,2567,8,อุดรธานี,ภาคตะวันออกเฉียงเหนือ,กุ้งขาว,0.0,False,dof_shrimp_production_monthly_2567.csv
2024-08-01,2024,2567,8,เพชรบุรี,ภาคกลาง,กุ้งกุลาดำ,4.35,False,dof_shrimp_production_monthly_2567.csv
2024-08-01,2024,2567,8,เพชรบุรี,ภาคกลาง,กุ้งขาว,422.52,False,dof_shrimp_production_monthly_2567.csv
2024-09-01,2024,2567,9,กระบี่,ภาคใต้ฝั่งอันดามัน,กุ้งกุลาดำ,270.89,False,dof_shrimp_production_monthly_2567.csv
2024-09-01,2024,2567,9,กระบี่,ภาคใต้ฝั่งอันดามัน,กุ้งขาว,579.5,False,dof_shrimp_production_monthly_2567.csv
2024-09-01,2024,2567,9,กรุงเทพมหานคร,ภาคกลาง,กุ้งกุลาดำ,0.0,False,dof_shrimp_production_monthly_2567.csv
2024-09-01,2024,2567,9,กรุงเทพมหานคร,ภาคกลาง,กุ้งขาว,0.0,False,dof_shrimp_production_monthly_2567.csv
2024-09-01,2024,2567,9,กาญจนบุรี,ภาคกลาง,กุ้งกุลาดำ,0.0,False,dof_shrimp_production_monthly_2567.csv
2024-09-01,2024,2567,9,กาญจนบุรี,ภาคกลาง,กุ้งขาว,10.2,False,dof_shrimp_production_monthly_2567.csv
2024-09-01,2024,2567,9,จันทบุรี,ภาคตะวันออก,กุ้งกุลาดำ,34.74,False,dof_shrimp_production_monthly_2567.csv
2024-09-01,2024,2567,9,จันทบุรี,ภาคตะวันออก,กุ้งขาว,1733.6,False,dof_shrimp_production_monthly_2567.csv
2024-09-01,2024,2567,9,ฉะเชิงเทรา,ภาคตะวันออก,กุ้งกุลาดำ,0.6,False,dof_shrimp_production_monthly_2567.csv
2024-09-01,2024,2567,9,ฉะเชิงเทรา,ภาคตะวันออก,กุ้งขาว,1260.65,False,dof_shrimp_production_monthly_2567.csv
2024-09-01,2024,2567,9,ชลบุรี,ภาคตะวันออก,กุ้งกุลาดำ,0.0,False,dof_shrimp_production_monthly_2567.csv
2024-09-01,2024,2567,9,ชลบุรี,ภาคตะวันออก,กุ้งขาว,20.83,False,dof_shrimp_production_monthly_2567.csv
2024-09-01,2024,2567,9,ชัยภูมิ,ภาคตะวันออกเฉียงเหนือ,กุ้งกุลาดำ,0.0,False,dof_shrimp_production_monthly_2567.csv
2024-09-01,2024,2567,9,ชัยภูมิ,ภาคตะวันออกเฉียงเหนือ,กุ้งขาว,0.0,False,dof_shrimp_production_monthly_2567.csv
2024-09-01,2024,2567,9,ชุมพร,ภาคใต้ตอนบน,กุ้งกุลาดำ,305.78,False,dof_shrimp_production_monthly_2567.csv
2024-09-01,2024,2567,9,ชุมพร,ภาคใต้ตอนบน,กุ้งขาว,930.53,False,dof_shrimp_production_monthly_2567.csv
2024-09-01,2024,2567,9,ตรัง,ภาคใต้ฝั่งอันดามัน,กุ้งกุลาดำ,49.82,False,dof_shrimp_production_monthly_2567.csv
2024-09-01,2024,2567,9,ตรัง,ภาคใต้ฝั่งอันดามัน,กุ้งขาว,1755.75,False,dof_shrimp_production_monthly_2567.csv
2024-09-01,2024,2567,9,ตราด,ภาคตะวันออก,กุ้งกุลาดำ,0.0,False,dof_shrimp_production_monthly_2567.csv
2024-09-01,2024,2567,9,ตราด,ภาคตะวันออก,กุ้งขาว,458.69,False,dof_shrimp_production_monthly_2567.csv
2024-09-01,2024,2567,9,นครนายก,ภาคตะวันออก,กุ้งกุลาดำ,0.0,False,dof_shrimp_production_monthly_2567.csv
2024-09-01,2024,2567,9,นครนายก,ภาคตะวันออก,กุ้งขาว,173.54,False,dof_shrimp_production_monthly_2567.csv
2024-09-01,2024,2567,9,นครปฐม,ภาคกลาง,กุ้งกุลาดำ,0.0,False,dof_shrimp_production_monthly_2567.csv
2024-09-01,2024,2567,9,นครปฐม,ภาคกลาง,กุ้งขาว,608.58,False,dof_shrimp_production_monthly_2567.csv
2024-09-01,2024,2567,9,นครศรีธรรมราช,ภาคใต้ตอนล่างฝั่งอ่าวไทย,กุ้งกุลาดำ,21.57,False,dof_shrimp_production_monthly_2567.csv
2024-09-01,2024,2567,9,นครศรีธรรมราช,ภาคใต้ตอนล่างฝั่งอ่าวไทย,กุ้งขาว,1022.29,False,dof_shrimp_production_monthly_2567.csv
2024-09-01,2024,2567,9,นนทบุรี,ภาคกลาง,กุ้งกุลาดำ,0.0,False,dof_shrimp_production_monthly_2567.csv
2024-09-01,2024,2567,9,นนทบุรี,ภาคกลาง,กุ้งขาว,14.89,False,dof_shrimp_production_monthly_2567.csv
2024-09-01,2024,2567,9,นราธิวาส,ภาคใต้ตอนล่างฝั่งอ่าวไทย,กุ้งกุลาดำ,0.0,False,dof_shrimp_production_monthly_2567.csv
2024-09-01,2024,2567,9,นราธิวาส,ภาคใต้ตอนล่างฝั่งอ่าวไทย,กุ้งขาว,5.95,False,dof_shrimp_production_monthly_2567.csv
2024-09-01,2024,2567,9,ปทุมธานี,ภาคกลาง,กุ้งกุลาดำ,0.0,False,dof_shrimp_production_monthly_2567.csv
2024-09-01,2024,2567,9,ปทุมธานี,ภาคกลาง,กุ้งขาว,76.41,False,dof_shrimp_production_monthly_2567.csv
2024-09-01,2024,2567,9,ประจวบคีรีขันธ์,ภาคใต้ตอนบน,กุ้งกุลาดำ,27.71,False,dof_shrimp_production_monthly_2567.csv
2024-09-01,2024,2567,9,ประจวบคีรีขันธ์,ภาคใต้ตอนบน,กุ้งขาว,1552.97,False,dof_shrimp_production_monthly_2567.csv
2024-09-01,2024,2567,9,ปราจีนบุรี,ภาคตะวันออก,กุ้งกุลาดำ,0.0,False,dof_shrimp_production_monthly_2567.csv
2024-09-01,2024,2567,9,ปราจีนบุรี,ภาคตะวันออก,กุ้งขาว,70.32,False,dof_shrimp_production_monthly_2567.csv
2024-09-01,2024,2567,9,ปัตตานี,ภาคใต้ตอนล่างฝั่งอ่าวไทย,กุ้งกุลาดำ,0.0,False,dof_shrimp_production_monthly_2567.csv
2024-09-01,2024,2567,9,ปัตตานี,ภาคใต้ตอนล่างฝั่งอ่าวไทย,กุ้งขาว,127.56,False,dof_shrimp_production_monthly_2567.csv
2024-09-01,2024,2567,9,พระนครศรีอยุธยา,ภาคกลาง,กุ้งกุลาดำ,0.0,False,dof_shrimp_production_monthly_2567.csv
2024-09-01,2024,2567,9,พระนครศรีอยุธยา,ภาคกลาง,กุ้งขาว,48.02,False,dof_shrimp_production_monthly_2567.csv
2024-09-01,2024,2567,9,พังงา,ภาคใต้ฝั่งอันดามัน,กุ้งกุลาดำ,157.8,False,dof_shrimp_production_monthly_2567.csv
2024-09-01,2024,2567,9,พังงา,ภาคใต้ฝั่งอันดามัน,กุ้งขาว,646.95,False,dof_shrimp_production_monthly_2567.csv
2024-09-01,2024,2567,9,พัทลุง,ภาคใต้ตอนล่างฝั่งอ่าวไทย,กุ้งกุลาดำ,0.0,False,dof_shrimp_production_monthly_2567.csv
2024-09-01,2024,2567,9,พัทลุง,ภาคใต้ตอนล่างฝั่งอ่าวไทย,กุ้งขาว,120.41,False,dof_shrimp_production_monthly_2567.csv
2024-09-01,2024,2567,9,ภูเก็ต,ภาคใต้ฝั่งอันดามัน,กุ้งกุลาดำ,36.2,False,dof_shrimp_production_monthly_2567.csv
2024-09-01,2024,2567,9,ภูเก็ต,ภาคใต้ฝั่งอันดามัน,กุ้งขาว,169.82,False,dof_shrimp_production_monthly_2567.csv
2024-09-01,2024,2567,9,ระนอง,ภาคใต้ตอนบน,กุ้งกุลาดำ,0.0,False,dof_shrimp_production_monthly_2567.csv
2024-09-01,2024,2567,9,ระนอง,ภาคใต้ตอนบน,กุ้งขาว,724.86,False,dof_shrimp_production_monthly_2567.csv
2024-09-01,2024,2567,9,ระยอง,ภาคตะวันออก,กุ้งกุลาดำ,0.4,False,dof_shrimp_production_monthly_2567.csv
2024-09-01,2024,2567,9,ระยอง,ภาคตะวันออก,กุ้งขาว,379.15,False,dof_shrimp_production_monthly_2567.csv
2024-09-01,2024,2567,9,ราชบุรี,ภาคกลาง,กุ้งกุลาดำ,0.0,False,dof_shrimp_production_monthly_2567.csv
2024-09-01,2024,2567,9,ราชบุรี,ภาคกลาง,กุ้งขาว,953.13,False,dof_shrimp_production_monthly_2567.csv
2024-09-01,2024,2567,9,สงขลา,ภาคใต้ตอนล่างฝั่งอ่าวไทย,กุ้งกุลาดำ,56.53,False,dof_shrimp_production_monthly_2567.csv
2024-09-01,2024,2567,9,สงขลา,ภาคใต้ตอนล่างฝั่งอ่าวไทย,กุ้งขาว,999.23,False,dof_shrimp_production_monthly_2567.csv
2024-09-01,2024,2567,9,สตูล,ภาคใต้ฝั่งอันดามัน,กุ้งกุลาดำ,47.87,False,dof_shrimp_production_monthly_2567.csv
2024-09-01,2024,2567,9,สตูล,ภาคใต้ฝั่งอันดามัน,กุ้งขาว,676.86,False,dof_shrimp_production_monthly_2567.csv
2024-09-01,2024,2567,9,สมุทรปราการ,ภาคกลาง,กุ้งกุลาดำ,0.0,False,dof_shrimp_production_monthly_2567.csv
2024-09-01,2024,2567,9,สมุทรปราการ,ภาคกลาง,กุ้งขาว,20.0,False,dof_shrimp_production_monthly_2567.csv
2024-09-01,2024,2567,9,สมุทรสงคราม,ภาคกลาง,กุ้งกุลาดำ,0.0,False,dof_shrimp_production_monthly_2567.csv
2024-09-01,2024,2567,9,สมุทรสงคราม,ภาคกลาง,กุ้งขาว,110.69,False,dof_shrimp_production_monthly_2567.csv
2024-09-01,2024,2567,9,สมุทรสาคร,ภาคกลาง,กุ้งกุลาดำ,0.0,False,dof_shrimp_production_monthly_2567.csv
2024-09-01,2024,2567,9,สมุทรสาคร,ภาคกลาง,กุ้งขาว,178.72,False,dof_shrimp_production_monthly_2567.csv
2024-09-01,2024,2567,9,สุพรรณบุรี,ภาคกลาง,กุ้งกุลาดำ,0.0,False,dof_shrimp_production_monthly_2567.csv
2024-09-01,2024,2567,9,สุพรรณบุรี,ภาคกลาง,กุ้งขาว,252.92,False,dof_shrimp_production_monthly_2567.csv
2024-09-01,2024,2567,9,สุราษฎร์ธานี,ภาคใต้ตอนบน,กุ้งกุลาดำ,77.5,False,dof_shrimp_production_monthly_2567.csv
2024-09-01,2024,2567,9,สุราษฎร์ธานี,ภาคใต้ตอนบน,กุ้งขาว,4411.31,False,dof_shrimp_production_monthly_2567.csv
2024-09-01,2024,2567,9,อุดรธานี,ภาคตะวันออกเฉียงเหนือ,กุ้งกุลาดำ,0.0,False,dof_shrimp_production_monthly_2567.csv
2024-09-01,2024,2567,9,อุดรธานี,ภาคตะวันออกเฉียงเหนือ,กุ้งขาว,0.0,False,dof_shrimp_production_monthly_2567.csv
2024-09-01,2024,2567,9,เพชรบุรี,ภาคกลาง,กุ้งกุลาดำ,0.0,False,dof_shrimp_production_monthly_2567.csv
2024-09-01,2024,2567,9,เพชรบุรี,ภาคกลาง,กุ้งขาว,559.62,False,dof_shrimp_production_monthly_2567.csv
2024-10-01,2024,2567,10,กระบี่,ภาคใต้ฝั่งอันดามัน,กุ้งกุลาดำ,278.68,False,dof_shrimp_production_monthly_2567.csv
2024-10-01,2024,2567,10,กระบี่,ภาคใต้ฝั่งอันดามัน,กุ้งขาว,632.62,False,dof_shrimp_production_monthly_2567.csv
2024-10-01,2024,2567,10,กรุงเทพมหานคร,ภาคกลาง,กุ้งกุลาดำ,0.0,False,dof_shrimp_production_monthly_2567.csv
2024-10-01,2024,2567,10,กรุงเทพมหานคร,ภาคกลาง,กุ้งขาว,0.0,False,dof_shrimp_production_monthly_2567.csv
2024-10-01,2024,2567,10,กาญจนบุรี,ภาคกลาง,กุ้งกุลาดำ,0.0,False,dof_shrimp_production_monthly_2567.csv
2024-10-01,2024,2567,10,กาญจนบุรี,ภาคกลาง,กุ้งขาว,25.48,False,dof_shrimp_production_monthly_2567.csv
2024-10-01,2024,2567,10,จันทบุรี,ภาคตะวันออก,กุ้งกุลาดำ,46.58,False,dof_shrimp_production_monthly_2567.csv
2024-10-01,2024,2567,10,จันทบุรี,ภาคตะวันออก,กุ้งขาว,1487.95,False,dof_shrimp_production_monthly_2567.csv
2024-10-01,2024,2567,10,ฉะเชิงเทรา,ภาคตะวันออก,กุ้งกุลาดำ,0.91,False,dof_shrimp_production_monthly_2567.csv
2024-10-01,2024,2567,10,ฉะเชิงเทรา,ภาคตะวันออก,กุ้งขาว,1139.81,False,dof_shrimp_production_monthly_2567.csv
2024-10-01,2024,2567,10,ชลบุรี,ภาคตะวันออก,กุ้งกุลาดำ,0.0,False,dof_shrimp_production_monthly_2567.csv
2024-10-01,2024,2567,10,ชลบุรี,ภาคตะวันออก,กุ้งขาว,1.0,False,dof_shrimp_production_monthly_2567.csv
2024-10-01,2024,2567,10,ชัยภูมิ,ภาคตะวันออกเฉียงเหนือ,กุ้งกุลาดำ,0.0,False,dof_shrimp_production_monthly_2567.csv
2024-10-01,2024,2567,10,ชัยภูมิ,ภาคตะวันออกเฉียงเหนือ,กุ้งขาว,0.0,False,dof_shrimp_production_monthly_2567.csv
2024-10-01,2024,2567,10,ชุมพร,ภาคใต้ตอนบน,กุ้งกุลาดำ,146.12,False,dof_shrimp_production_monthly_2567.csv
2024-10-01,2024,2567,10,ชุมพร,ภาคใต้ตอนบน,กุ้งขาว,660.73,False,dof_shrimp_production_monthly_2567.csv
2024-10-01,2024,2567,10,ตรัง,ภาคใต้ฝั่งอันดามัน,กุ้งกุลาดำ,60.35,False,dof_shrimp_production_monthly_2567.csv
2024-10-01,2024,2567,10,ตรัง,ภาคใต้ฝั่งอันดามัน,กุ้งขาว,1710.43,False,dof_shrimp_production_monthly_2567.csv
2024-10-01,2024,2567,10,ตราด,ภาคตะวันออก,กุ้งกุลาดำ,0.0,False,dof_shrimp_production_monthly_2567.csv
2024-10-01,2024,2567,10,ตราด,ภาคตะวันออก,กุ้งขาว,455.35,False,dof_shrimp_production_monthly_2567.csv
2024-10-01,2024,2567,10,นครนายก,ภาคตะวันออก,กุ้งกุลาดำ,0.0,False,dof_shrimp_production_monthly_2567.csv
2024-10-01,2024,2567,10,นครนายก,ภาคตะวันออก,กุ้งขาว,98.5,False,dof_shrimp_production_monthly_2567.csv
2024-10-01,2024,2567,10,นครปฐม,ภาคกลาง,กุ้งกุลาดำ,0.0,False,dof_shrimp_production_monthly_2567.csv
2024-10-01,2024,2567,10,นครปฐม,ภาคกลาง,กุ้งขาว,431.21,False,dof_shrimp_production_monthly_2567.csv
2024-10-01,2024,2567,10,นครศรีธรรมราช,ภาคใต้ตอนล่างฝั่งอ่าวไทย,กุ้งกุลาดำ,25.11,False,dof_shrimp_production_monthly_2567.csv
2024-10-01,2024,2567,10,นครศรีธรรมราช,ภาคใต้ตอนล่างฝั่งอ่าวไทย,กุ้งขาว,1270.05,False,dof_shrimp_production_monthly_2567.csv
2024-10-01,2024,2567,10,นนทบุรี,ภาคกลาง,กุ้งกุลาดำ,0.0,False,dof_shrimp_production_monthly_2567.csv
2024-10-01,2024,2567,10,นนทบุรี,ภาคกลาง,กุ้งขาว,27.0,False,dof_shrimp_production_monthly_2567.csv
2024-10-01,2024,2567,10,นราธิวาส,ภาคใต้ตอนล่างฝั่งอ่าวไทย,กุ้งกุลาดำ,0.0,False,dof_shrimp_production_monthly_2567.csv
2024-10-01,2024,2567,10,นราธิวาส,ภาคใต้ตอนล่างฝั่งอ่าวไทย,กุ้งขาว,9.7,False,dof_shrimp_production_monthly_2567.csv
2024-10-01,2024,2567,10,ปทุมธานี,ภาคกลาง,กุ้งกุลาดำ,1.75,False,dof_shrimp_production_monthly_2567.csv
2024-10-01,2024,2567,10,ปทุมธานี,ภาคกลาง,กุ้งขาว,41.48,False,dof_shrimp_production_monthly_2567.csv
2024-10-01,2024,2567,10,ประจวบคีรีขันธ์,ภาคใต้ตอนบน,กุ้งกุลาดำ,54.5,False,dof_shrimp_production_monthly_2567.csv
2024-10-01,2024,2567,10,ประจวบคีรีขันธ์,ภาคใต้ตอนบน,กุ้งขาว,1525.67,False,dof_shrimp_production_monthly_2567.csv
2024-10-01,2024,2567,10,ปราจีนบุรี,ภาคตะวันออก,กุ้งกุลาดำ,0.0,False,dof_shrimp_production_monthly_2567.csv
2024-10-01,2024,2567,10,ปราจีนบุรี,ภาคตะวันออก,กุ้งขาว,324.19,False,dof_shrimp_production_monthly_2567.csv
2024-10-01,2024,2567,10,ปัตตานี,ภาคใต้ตอนล่างฝั่งอ่าวไทย,กุ้งกุลาดำ,0.0,False,dof_shrimp_production_monthly_2567.csv
2024-10-01,2024,2567,10,ปัตตานี,ภาคใต้ตอนล่างฝั่งอ่าวไทย,กุ้งขาว,177.31,False,dof_shrimp_production_monthly_2567.csv
2024-10-01,2024,2567,10,พระนครศรีอยุธยา,ภาคกลาง,กุ้งกุลาดำ,0.0,False,dof_shrimp_production_monthly_2567.csv
2024-10-01,2024,2567,10,พระนครศรีอยุธยา,ภาคกลาง,กุ้งขาว,53.4,False,dof_shrimp_production_monthly_2567.csv
2024-10-01,2024,2567,10,พังงา,ภาคใต้ฝั่งอันดามัน,กุ้งกุลาดำ,134.13,False,dof_shrimp_production_monthly_2567.csv
2024-10-01,2024,2567,10,พังงา,ภาคใต้ฝั่งอันดามัน,กุ้งขาว,708.32,False,dof_shrimp_production_monthly_2567.csv
2024-10-01,2024,2567,10,พัทลุง,ภาคใต้ตอนล่างฝั่งอ่าวไทย,กุ้งกุลาดำ,0.0,False,dof_shrimp_production_monthly_2567.csv
2024-10-01,2024,2567,10,พัทลุง,ภาคใต้ตอนล่างฝั่งอ่าวไทย,กุ้งขาว,40.2,False,dof_shrimp_production_monthly_2567.csv
2024-10-01,2024,2567,10,ภูเก็ต,ภาคใต้ฝั่งอันดามัน,กุ้งกุลาดำ,27.03,False,dof_shrimp_production_monthly_2567.csv
2024-10-01,2024,2567,10,ภูเก็ต,ภาคใต้ฝั่งอันดามัน,กุ้งขาว,117.31,False,dof_shrimp_production_monthly_2567.csv
2024-10-01,2024,2567,10,ระนอง,ภาคใต้ตอนบน,กุ้งกุลาดำ,7.93,False,dof_shrimp_production_monthly_2567.csv
2024-10-01,2024,2567,10,ระนอง,ภาคใต้ตอนบน,กุ้งขาว,301.44,False,dof_shrimp_production_monthly_2567.csv
2024-10-01,2024,2567,10,ระยอง,ภาคตะวันออก,กุ้งกุลาดำ,1.78,False,dof_shrimp_production_monthly_2567.csv
2024-10-01,2024,2567,10,ระยอง,ภาคตะวันออก,กุ้งขาว,278.19,False,dof_shrimp_production_monthly_2567.csv
2024-10-01,2024,2567,10,ราชบุรี,ภาคกลาง,กุ้งกุลาดำ,0.0,False,dof_shrimp_production_monthly_2567.csv
2024-10-01,2024,2567,10,ราชบุรี,ภาคกลาง,กุ้งขาว,644.44,False,dof_shrimp_production_monthly_2567.csv
2024-10-01,2024,2567,10,สงขลา,ภาคใต้ตอนล่างฝั่งอ่าวไทย,กุ้งกุลาดำ,58.02,False,dof_shrimp_production_monthly_2567.csv
2024-10-01,2024,2567,10,สงขลา,ภาคใต้ตอนล่างฝั่งอ่าวไทย,กุ้งขาว,1296.04,False,dof_shrimp_production_monthly_2567.csv
2024-10-01,2024,2567,10,สตูล,ภาคใต้ฝั่งอันดามัน,กุ้งกุลาดำ,70.0,False,dof_shrimp_production_monthly_2567.csv
2024-10-01,2024,2567,10,สตูล,ภาคใต้ฝั่งอันดามัน,กุ้งขาว,755.42,False,dof_shrimp_production_monthly_2567.csv
2024-10-01,2024,2567,10,สมุทรปราการ,ภาคกลาง,กุ้งกุลาดำ,0.0,False,dof_shrimp_production_monthly_2567.csv
2024-10-01,2024,2567,10,สมุทรปราการ,ภาคกลาง,กุ้งขาว,25.0,False,dof_shrimp_production_monthly_2567.csv
2024-10-01,2024,2567,10,สมุทรสงคราม,ภาคกลาง,กุ้งกุลาดำ,0.0,False,dof_shrimp_production_monthly_2567.csv
2024-10-01,2024,2567,10,สมุทรสงคราม,ภาคกลาง,กุ้งขาว,103.49,False,dof_shrimp_production_monthly_2567.csv
2024-10-01,2024,2567,10,สมุทรสาคร,ภาคกลาง,กุ้งกุลาดำ,0.0,False,dof_shrimp_production_monthly_2567.csv
2024-10-01,2024,2567,10,สมุทรสาคร,ภาคกลาง,กุ้งขาว,274.42,False,dof_shrimp_production_monthly_2567.csv
2024-10-01,2024,2567,10,สุพรรณบุรี,ภาคกลาง,กุ้งกุลาดำ,0.0,False,dof_shrimp_production_monthly_2567.csv
2024-10-01,2024,2567,10,สุพรรณบุรี,ภาคกลาง,กุ้งขาว,178.83,False,dof_shrimp_production_monthly_2567.csv
2024-10-01,2024,2567,10,สุราษฎร์ธานี,ภาคใต้ตอนบน,กุ้งกุลาดำ,90.05,False,dof_shrimp_production_monthly_2567.csv
2024-10-01,2024,2567,10,สุราษฎร์ธานี,ภาคใต้ตอนบน,กุ้งขาว,5100.47,False,dof_shrimp_production_monthly_2567.csv
2024-10-01,2024,2567,10,อุดรธานี,ภาคตะวันออกเฉียงเหนือ,กุ้งกุลาดำ,0.0,False,dof_shrimp_production_monthly_2567.csv
2024-10-01,2024,2567,10,อุดรธานี,ภาคตะวันออกเฉียงเหนือ,กุ้งขาว,0.0,False,dof_shrimp_production_monthly_2567.csv
2024-10-01,2024,2567,10,เพชรบุรี,ภาคกลาง,กุ้งกุลาดำ,0.0,False,dof_shrimp_production_monthly_2567.csv
2024-10-01,2024,2567,10,เพชรบุรี,ภาคกลาง,กุ้งขาว,774.93,False,dof_shrimp_production_monthly_2567.csv
2024-11-01,2024,2567,11,กระบี่,ภาคใต้ฝั่งอันดามัน,กุ้งกุลาดำ,211.82,False,dof_shrimp_production_monthly_2567.csv
2024-11-01,2024,2567,11,กระบี่,ภาคใต้ฝั่งอันดามัน,กุ้งขาว,605.45,False,dof_shrimp_production_monthly_2567.csv
2024-11-01,2024,2567,11,กรุงเทพมหานคร,ภาคกลาง,กุ้งกุลาดำ,0.0,False,dof_shrimp_production_monthly_2567.csv
2024-11-01,2024,2567,11,กรุงเทพมหานคร,ภาคกลาง,กุ้งขาว,4.83,False,dof_shrimp_production_monthly_2567.csv
2024-11-01,2024,2567,11,กาญจนบุรี,ภาคกลาง,กุ้งกุลาดำ,0.0,False,dof_shrimp_production_monthly_2567.csv
2024-11-01,2024,2567,11,กาญจนบุรี,ภาคกลาง,กุ้งขาว,18.7,False,dof_shrimp_production_monthly_2567.csv
2024-11-01,2024,2567,11,จันทบุรี,ภาคตะวันออก,กุ้งกุลาดำ,82.32,False,dof_shrimp_production_monthly_2567.csv
2024-11-01,2024,2567,11,จันทบุรี,ภาคตะวันออก,กุ้งขาว,1500.52,False,dof_shrimp_production_monthly_2567.csv
2024-11-01,2024,2567,11,ฉะเชิงเทรา,ภาคตะวันออก,กุ้งกุลาดำ,0.0,False,dof_shrimp_production_monthly_2567.csv
2024-11-01,2024,2567,11,ฉะเชิงเทรา,ภาคตะวันออก,กุ้งขาว,1135.08,False,dof_shrimp_production_monthly_2567.csv
2024-11-01,2024,2567,11,ชลบุรี,ภาคตะวันออก,กุ้งกุลาดำ,0.0,False,dof_shrimp_production_monthly_2567.csv
2024-11-01,2024,2567,11,ชลบุรี,ภาคตะวันออก,กุ้งขาว,5.81,False,dof_shrimp_production_monthly_2567.csv
2024-11-01,2024,2567,11,ชัยภูมิ,ภาคตะวันออกเฉียงเหนือ,กุ้งกุลาดำ,0.0,False,dof_shrimp_production_monthly_2567.csv
2024-11-01,2024,2567,11,ชัยภูมิ,ภาคตะวันออกเฉียงเหนือ,กุ้งขาว,0.0,False,dof_shrimp_production_monthly_2567.csv
2024-11-01,2024,2567,11,ชุมพร,ภาคใต้ตอนบน,กุ้งกุลาดำ,155.83,False,dof_shrimp_production_monthly_2567.csv
2024-11-01,2024,2567,11,ชุมพร,ภาคใต้ตอนบน,กุ้งขาว,934.74,False,dof_shrimp_production_monthly_2567.csv
2024-11-01,2024,2567,11,ตรัง,ภาคใต้ฝั่งอันดามัน,กุ้งกุลาดำ,109.91,False,dof_shrimp_production_monthly_2567.csv
2024-11-01,2024,2567,11,ตรัง,ภาคใต้ฝั่งอันดามัน,กุ้งขาว,2073.76,False,dof_shrimp_production_monthly_2567.csv
2024-11-01,2024,2567,11,ตราด,ภาคตะวันออก,กุ้งกุลาดำ,15.0,False,dof_shrimp_production_monthly_2567.csv
2024-11-01,2024,2567,11,ตราด,ภาคตะวันออก,กุ้งขาว,582.16,False,dof_shrimp_production_monthly_2567.csv
2024-11-01,2024,2567,11,นครนายก,ภาคตะวันออก,กุ้งกุลาดำ,0.0,False,dof_shrimp_production_monthly_2567.csv
2024-11-01,2024,2567,11,นครนายก,ภาคตะวันออก,กุ้งขาว,32.8,False,dof_shrimp_production_monthly_2567.csv
2024-11-01,2024,2567,11,นครปฐม,ภาคกลาง,กุ้งกุลาดำ,0.0,False,dof_shrimp_production_monthly_2567.csv
2024-11-01,2024,2567,11,นครปฐม,ภาคกลาง,กุ้งขาว,364.01,False,dof_shrimp_production_monthly_2567.csv
2024-11-01,2024,2567,11,นครศรีธรรมราช,ภาคใต้ตอนล่างฝั่งอ่าวไทย,กุ้งกุลาดำ,75.41,False,dof_shrimp_production_monthly_2567.csv
2024-11-01,2024,2567,11,นครศรีธรรมราช,ภาคใต้ตอนล่างฝั่งอ่าวไทย,กุ้งขาว,1341.68,False,dof_shrimp_production_monthly_2567.csv
2024-11-01,2024,2567,11,นนทบุรี,ภาคกลาง,กุ้งกุลาดำ,0.0,False,dof_shrimp_production_monthly_2567.csv
2024-11-01,2024,2567,11,นนทบุรี,ภาคกลาง,กุ้งขาว,7.86,False,dof_shrimp_production_monthly_2567.csv
2024-11-01,2024,2567,11,นราธิวาส,ภาคใต้ตอนล่างฝั่งอ่าวไทย,กุ้งกุลาดำ,0.0,False,dof_shrimp_production_monthly_2567.csv
2024-11-01,2024,2567,11,นราธิวาส,ภาคใต้ตอนล่างฝั่งอ่าวไทย,กุ้งขาว,15.9,False,dof_shrimp_production_monthly_2567.csv
2024-11-01,2024,2567,11,ปทุมธานี,ภาคกลาง,กุ้งกุลาดำ,0.0,False,dof_shrimp_production_monthly_2567.csv
2024-11-01,2024,2567,11,ปทุมธานี,ภาคกลาง,กุ้งขาว,36.05,False,dof_shrimp_production_monthly_2567.csv
2024-11-01,2024,2567,11,ประจวบคีรีขันธ์,ภาคใต้ตอนบน,กุ้งกุลาดำ,55.71,False,dof_shrimp_production_monthly_2567.csv
2024-11-01,2024,2567,11,ประจวบคีรีขันธ์,ภาคใต้ตอนบน,กุ้งขาว,1685.11,False,dof_shrimp_production_monthly_2567.csv
2024-11-01,2024,2567,11,ปราจีนบุรี,ภาคตะวันออก,กุ้งกุลาดำ,0.0,False,dof_shrimp_production_monthly_2567.csv
2024-11-01,2024,2567,11,ปราจีนบุรี,ภาคตะวันออก,กุ้งขาว,73.14,False,dof_shrimp_production_monthly_2567.csv
2024-11-01,2024,2567,11,ปัตตานี,ภาคใต้ตอนล่างฝั่งอ่าวไทย,กุ้งกุลาดำ,0.0,False,dof_shrimp_production_monthly_2567.csv
2024-11-01,2024,2567,11,ปัตตานี,ภาคใต้ตอนล่างฝั่งอ่าวไทย,กุ้งขาว,117.07,False,dof_shrimp_production_monthly_2567.csv
2024-11-01,2024,2567,11,พระนครศรีอยุธยา,ภาคกลาง,กุ้งกุลาดำ,0.0,False,dof_shrimp_production_monthly_2567.csv
2024-11-01,2024,2567,11,พระนครศรีอยุธยา,ภาคกลาง,กุ้งขาว,19.18,False,dof_shrimp_production_monthly_2567.csv
2024-11-01,2024,2567,11,พังงา,ภาคใต้ฝั่งอันดามัน,กุ้งกุลาดำ,150.26,False,dof_shrimp_production_monthly_2567.csv
2024-11-01,2024,2567,11,พังงา,ภาคใต้ฝั่งอันดามัน,กุ้งขาว,676.4,False,dof_shrimp_production_monthly_2567.csv
2024-11-01,2024,2567,11,พัทลุง,ภาคใต้ตอนล่างฝั่งอ่าวไทย,กุ้งกุลาดำ,0.0,False,dof_shrimp_production_monthly_2567.csv
2024-11-01,2024,2567,11,พัทลุง,ภาคใต้ตอนล่างฝั่งอ่าวไทย,กุ้งขาว,115.3,False,dof_shrimp_production_monthly_2567.csv
2024-11-01,2024,2567,11,ภูเก็ต,ภาคใต้ฝั่งอันดามัน,กุ้งกุลาดำ,71.13,False,dof_shrimp_production_monthly_2567.csv
2024-11-01,2024,2567,11,ภูเก็ต,ภาคใต้ฝั่งอันดามัน,กุ้งขาว,211.49,False,dof_shrimp_production_monthly_2567.csv
2024-11-01,2024,2567,11,ระนอง,ภาคใต้ตอนบน,กุ้งกุลาดำ,15.18,False,dof_shrimp_production_monthly_2567.csv
2024-11-01,2024,2567,11,ระนอง,ภาคใต้ตอนบน,กุ้งขาว,422.47,False,dof_shrimp_production_monthly_2567.csv
2024-11-01,2024,2567,11,ระยอง,ภาคตะวันออก,กุ้งกุลาดำ,19.35,False,dof_shrimp_production_monthly_2567.csv
2024-11-01,2024,2567,11,ระยอง,ภาคตะวันออก,กุ้งขาว,269.22,False,dof_shrimp_production_monthly_2567.csv
2024-11-01,2024,2567,11,ราชบุรี,ภาคกลาง,กุ้งกุลาดำ,0.0,False,dof_shrimp_production_monthly_2567.csv
2024-11-01,2024,2567,11,ราชบุรี,ภาคกลาง,กุ้งขาว,679.76,False,dof_shrimp_production_monthly_2567.csv
2024-11-01,2024,2567,11,สงขลา,ภาคใต้ตอนล่างฝั่งอ่าวไทย,กุ้งกุลาดำ,100.95,False,dof_shrimp_production_monthly_2567.csv
2024-11-01,2024,2567,11,สงขลา,ภาคใต้ตอนล่างฝั่งอ่าวไทย,กุ้งขาว,1003.24,False,dof_shrimp_production_monthly_2567.csv
2024-11-01,2024,2567,11,สตูล,ภาคใต้ฝั่งอันดามัน,กุ้งกุลาดำ,39.06,False,dof_shrimp_production_monthly_2567.csv
2024-11-01,2024,2567,11,สตูล,ภาคใต้ฝั่งอันดามัน,กุ้งขาว,912.55,False,dof_shrimp_production_monthly_2567.csv
2024-11-01,2024,2567,11,สมุทรปราการ,ภาคกลาง,กุ้งกุลาดำ,0.0,False,dof_shrimp_production_monthly_2567.csv
2024-11-01,2024,2567,11,สมุทรปราการ,ภาคกลาง,กุ้งขาว,10.0,False,dof_shrimp_production_monthly_2567.csv
2024-11-01,2024,2567,11,สมุทรสงคราม,ภาคกลาง,กุ้งกุลาดำ,0.0,False,dof_shrimp_production_monthly_2567.csv
2024-11-01,2024,2567,11,สมุทรสงคราม,ภาคกลาง,กุ้งขาว,93.02,False,dof_shrimp_production_monthly_2567.csv
2024-11-01,2024,2567,11,สมุทรสาคร,ภาคกลาง,กุ้งกุลาดำ,0.0,False,dof_shrimp_production_monthly_2567.csv
2024-11-01,2024,2567,11,สมุทรสาคร,ภาคกลาง,กุ้งขาว,306.99,False,dof_shrimp_production_monthly_2567.csv
2024-11-01,2024,2567,11,สุพรรณบุรี,ภาคกลาง,กุ้งกุลาดำ,0.0,False,dof_shrimp_production_monthly_2567.csv
2024-11-01,2024,2567,11,สุพรรณบุรี,ภาคกลาง,กุ้งขาว,93.74,False,dof_shrimp_production_monthly_2567.csv
2024-11-01,2024,2567,11,สุราษฎร์ธานี,ภาคใต้ตอนบน,กุ้งกุลาดำ,175.33,False,dof_shrimp_production_monthly_2567.csv
2024-11-01,2024,2567,11,สุราษฎร์ธานี,ภาคใต้ตอนบน,กุ้งขาว,4882.86,False,dof_shrimp_production_monthly_2567.csv
2024-11-01,2024,2567,11,อุดรธานี,ภาคตะวันออกเฉียงเหนือ,กุ้งกุลาดำ,0.0,False,dof_shrimp_production_monthly_2567.csv
2024-11-01,2024,2567,11,อุดรธานี,ภาคตะวันออกเฉียงเหนือ,กุ้งขาว,2.1,False,dof_shrimp_production_monthly_2567.csv
2024-11-01,2024,2567,11,เพชรบุรี,ภาคกลาง,กุ้งกุลาดำ,0.0,False,dof_shrimp_production_monthly_2567.csv
2024-11-01,2024,2567,11,เพชรบุรี,ภาคกลาง,กุ้งขาว,620.76,False,dof_shrimp_production_monthly_2567.csv
2025-01-01,2025,2568,1,กระบี่,ภาคใต้ฝั่งอันดามัน,กุ้งกุลาดำ,375.55,True,dof_shrimp_production_monthly_2569.csv
2025-01-01,2025,2568,1,กระบี่,ภาคใต้ฝั่งอันดามัน,กุ้งขาว,700.11,True,dof_shrimp_production_monthly_2569.csv
2025-01-01,2025,2568,1,กรุงเทพมหานคร,ภาคกลาง,กุ้งกุลาดำ,0.0,True,dof_shrimp_production_monthly_2569.csv
2025-01-01,2025,2568,1,กรุงเทพมหานคร,ภาคกลาง,กุ้งขาว,0.0,True,dof_shrimp_production_monthly_2569.csv
2025-01-01,2025,2568,1,กาญจนบุรี,ภาคกลาง,กุ้งกุลาดำ,0.0,True,dof_shrimp_production_monthly_2569.csv
2025-01-01,2025,2568,1,กาญจนบุรี,ภาคกลาง,กุ้งขาว,3.1,True,dof_shrimp_production_monthly_2569.csv
2025-01-01,2025,2568,1,จันทบุรี,ภาคตะวันออก,กุ้งกุลาดำ,39.2,True,dof_shrimp_production_monthly_2569.csv
2025-01-01,2025,2568,1,จันทบุรี,ภาคตะวันออก,กุ้งขาว,1270.12,True,dof_shrimp_production_monthly_2569.csv
2025-01-01,2025,2568,1,ฉะเชิงเทรา,ภาคตะวันออก,กุ้งกุลาดำ,4.14,True,dof_shrimp_production_monthly_2569.csv
2025-01-01,2025,2568,1,ฉะเชิงเทรา,ภาคตะวันออก,กุ้งขาว,627.67,True,dof_shrimp_production_monthly_2569.csv
2025-01-01,2025,2568,1,ชลบุรี,ภาคตะวันออก,กุ้งกุลาดำ,0.0,True,dof_shrimp_production_monthly_2569.csv
2025-01-01,2025,2568,1,ชลบุรี,ภาคตะวันออก,กุ้งขาว,5.08,True,dof_shrimp_production_monthly_2569.csv
2025-01-01,2025,2568,1,ชัยภูมิ,ภาคตะวันออกเฉียงเหนือ,กุ้งกุลาดำ,0.0,True,dof_shrimp_production_monthly_2569.csv
2025-01-01,2025,2568,1,ชัยภูมิ,ภาคตะวันออกเฉียงเหนือ,กุ้งขาว,0.0,True,dof_shrimp_production_monthly_2569.csv
2025-01-01,2025,2568,1,ชุมพร,ภาคใต้ตอนบน,กุ้งกุลาดำ,178.09,True,dof_shrimp_production_monthly_2569.csv
2025-01-01,2025,2568,1,ชุมพร,ภาคใต้ตอนบน,กุ้งขาว,401.16,True,dof_shrimp_production_monthly_2569.csv
2025-01-01,2025,2568,1,ตรัง,ภาคใต้ฝั่งอันดามัน,กุ้งกุลาดำ,78.02,True,dof_shrimp_production_monthly_2569.csv
2025-01-01,2025,2568,1,ตรัง,ภาคใต้ฝั่งอันดามัน,กุ้งขาว,1380.64,True,dof_shrimp_production_monthly_2569.csv
2025-01-01,2025,2568,1,ตราด,ภาคตะวันออก,กุ้งกุลาดำ,0.0,True,dof_shrimp_production_monthly_2569.csv
2025-01-01,2025,2568,1,ตราด,ภาคตะวันออก,กุ้งขาว,899.38,True,dof_shrimp_production_monthly_2569.csv
2025-01-01,2025,2568,1,นครนายก,ภาคตะวันออก,กุ้งกุลาดำ,0.0,True,dof_shrimp_production_monthly_2569.csv
2025-01-01,2025,2568,1,นครนายก,ภาคตะวันออก,กุ้งขาว,64.7,True,dof_shrimp_production_monthly_2569.csv
2025-01-01,2025,2568,1,นครปฐม,ภาคกลาง,กุ้งกุลาดำ,0.0,True,dof_shrimp_production_monthly_2569.csv
2025-01-01,2025,2568,1,นครปฐม,ภาคกลาง,กุ้งขาว,343.83,True,dof_shrimp_production_monthly_2569.csv
2025-01-01,2025,2568,1,นครศรีธรรมราช,ภาคใต้ตอนล่างฝั่งอ่าวไทย,กุ้งกุลาดำ,29.97,True,dof_shrimp_production_monthly_2569.csv
2025-01-01,2025,2568,1,นครศรีธรรมราช,ภาคใต้ตอนล่างฝั่งอ่าวไทย,กุ้งขาว,392.47,True,dof_shrimp_production_monthly_2569.csv
2025-01-01,2025,2568,1,นนทบุรี,ภาคกลาง,กุ้งกุลาดำ,0.0,True,dof_shrimp_production_monthly_2569.csv
2025-01-01,2025,2568,1,นนทบุรี,ภาคกลาง,กุ้งขาว,0.0,True,dof_shrimp_production_monthly_2569.csv
2025-01-01,2025,2568,1,นราธิวาส,ภาคใต้ตอนล่างฝั่งอ่าวไทย,กุ้งกุลาดำ,0.0,True,dof_shrimp_production_monthly_2569.csv
2025-01-01,2025,2568,1,นราธิวาส,ภาคใต้ตอนล่างฝั่งอ่าวไทย,กุ้งขาว,0.0,True,dof_shrimp_production_monthly_2569.csv
2025-01-01,2025,2568,1,ปทุมธานี,ภาคกลาง,กุ้งกุลาดำ,2.4,True,dof_shrimp_production_monthly_2569.csv
2025-01-01,2025,2568,1,ปทุมธานี,ภาคกลาง,กุ้งขาว,29.93,True,dof_shrimp_production_monthly_2569.csv
2025-01-01,2025,2568,1,ประจวบคีรีขันธ์,ภาคใต้ตอนบน,กุ้งกุลาดำ,22.8,True,dof_shrimp_production_monthly_2569.csv
2025-01-01,2025,2568,1,ประจวบคีรีขันธ์,ภาคใต้ตอนบน,กุ้งขาว,846.69,True,dof_shrimp_production_monthly_2569.csv
2025-01-01,2025,2568,1,ปราจีนบุรี,ภาคตะวันออก,กุ้งกุลาดำ,0.0,True,dof_shrimp_production_monthly_2569.csv
2025-01-01,2025,2568,1,ปราจีนบุรี,ภาคตะวันออก,กุ้งขาว,98.13,True,dof_shrimp_production_monthly_2569.csv
2025-01-01,2025,2568,1,ปัตตานี,ภาคใต้ตอนล่างฝั่งอ่าวไทย,กุ้งกุลาดำ,0.0,True,dof_shrimp_production_monthly_2569.csv
2025-01-01,2025,2568,1,ปัตตานี,ภาคใต้ตอนล่างฝั่งอ่าวไทย,กุ้งขาว,3.3,True,dof_shrimp_production_monthly_2569.csv
2025-01-01,2025,2568,1,พระนครศรีอยุธยา,ภาคกลาง,กุ้งกุลาดำ,0.0,True,dof_shrimp_production_monthly_2569.csv
2025-01-01,2025,2568,1,พระนครศรีอยุธยา,ภาคกลาง,กุ้งขาว,36.7,True,dof_shrimp_production_monthly_2569.csv
2025-01-01,2025,2568,1,พังงา,ภาคใต้ฝั่งอันดามัน,กุ้งกุลาดำ,376.29,True,dof_shrimp_production_monthly_2569.csv
2025-01-01,2025,2568,1,พังงา,ภาคใต้ฝั่งอันดามัน,กุ้งขาว,568.3,True,dof_shrimp_production_monthly_2569.csv
2025-01-01,2025,2568,1,พัทลุง,ภาคใต้ตอนล่างฝั่งอ่าวไทย,กุ้งกุลาดำ,0.0,True,dof_shrimp_production_monthly_2569.csv
2025-01-01,2025,2568,1,พัทลุง,ภาคใต้ตอนล่างฝั่งอ่าวไทย,กุ้งขาว,38.5,True,dof_shrimp_production_monthly_2569.csv
2025-01-01,2025,2568,1,ภูเก็ต,ภาคใต้ฝั่งอันดามัน,กุ้งกุลาดำ,108.52,True,dof_shrimp_production_monthly_2569.csv
2025-01-01,2025,2568,1,ภูเก็ต,ภาคใต้ฝั่งอันดามัน,กุ้งขาว,84.42,True,dof_shrimp_production_monthly_2569.csv
2025-01-01,2025,2568,1,ระนอง,ภาคใต้ตอนบน,กุ้งกุลาดำ,55.6,True,dof_shrimp_production_monthly_2569.csv
2025-01-01,2025,2568,1,ระนอง,ภาคใต้ตอนบน,กุ้งขาว,411.4,True,dof_shrimp_production_monthly_2569.csv
2025-01-01,2025,2568,1,ระยอง,ภาคตะวันออก,กุ้งกุลาดำ,0.0,True,dof_shrimp_production_monthly_2569.csv
2025-01-01,2025,2568,1,ระยอง,ภาคตะวันออก,กุ้งขาว,335.71,True,dof_shrimp_production_monthly_2569.csv
2025-01-01,2025,2568,1,ราชบุรี,ภาคกลาง,กุ้งกุลาดำ,0.0,True,dof_shrimp_production_monthly_2569.csv
2025-01-01,2025,2568,1,ราชบุรี,ภาคกลาง,กุ้งขาว,428.99,True,dof_shrimp_production_monthly_2569.csv
2025-01-01,2025,2568,1,สงขลา,ภาคใต้ตอนล่างฝั่งอ่าวไทย,กุ้งกุลาดำ,30.15,True,dof_shrimp_production_monthly_2569.csv
2025-01-01,2025,2568,1,สงขลา,ภาคใต้ตอนล่างฝั่งอ่าวไทย,กุ้งขาว,408.7,True,dof_shrimp_production_monthly_2569.csv
2025-01-01,2025,2568,1,สตูล,ภาคใต้ฝั่งอันดามัน,กุ้งกุลาดำ,72.31,True,dof_shrimp_production_monthly_2569.csv
2025-01-01,2025,2568,1,สตูล,ภาคใต้ฝั่งอันดามัน,กุ้งขาว,873.6,True,dof_shrimp_production_monthly_2569.csv
2025-01-01,2025,2568,1,สมุทรปราการ,ภาคกลาง,กุ้งกุลาดำ,0.0,True,dof_shrimp_production_monthly_2569.csv
2025-01-01,2025,2568,1,สมุทรปราการ,ภาคกลาง,กุ้งขาว,4.0,True,dof_shrimp_production_monthly_2569.csv
2025-01-01,2025,2568,1,สมุทรสงคราม,ภาคกลาง,กุ้งกุลาดำ,0.0,True,dof_shrimp_production_monthly_2569.csv
2025-01-01,2025,2568,1,สมุทรสงคราม,ภาคกลาง,กุ้งขาว,82.47,True,dof_shrimp_production_monthly_2569.csv
2025-01-01,2025,2568,1,สมุทรสาคร,ภาคกลาง,กุ้งกุลาดำ,0.0,True,dof_shrimp_production_monthly_2569.csv
2025-01-01,2025,2568,1,สมุทรสาคร,ภาคกลาง,กุ้งขาว,55.4,True,dof_shrimp_production_monthly_2569.csv
2025-01-01,2025,2568,1,สุพรรณบุรี,ภาคกลาง,กุ้งกุลาดำ,0.0,True,dof_shrimp_production_monthly_2569.csv
2025-01-01,2025,2568,1,สุพรรณบุรี,ภาคกลาง,กุ้งขาว,362.74,True,dof_shrimp_production_monthly_2569.csv
2025-01-01,2025,2568,1,สุราษฎร์ธานี,ภาคใต้ตอนบน,กุ้งกุลาดำ,186.21,True,dof_shrimp_production_monthly_2569.csv
2025-01-01,2025,2568,1,สุราษฎร์ธานี,ภาคใต้ตอนบน,กุ้งขาว,2927.86,True,dof_shrimp_production_monthly_2569.csv
2025-01-01,2025,2568,1,อุดรธานี,ภาคตะวันออกเฉียงเหนือ,กุ้งกุลาดำ,0.0,True,dof_shrimp_production_monthly_2569.csv
2025-01-01,2025,2568,1,อุดรธานี,ภาคตะวันออกเฉียงเหนือ,กุ้งขาว,0.2,True,dof_shrimp_production_monthly_2569.csv
2025-01-01,2025,2568,1,เพชรบุรี,ภาคกลาง,กุ้งกุลาดำ,0.0,True,dof_shrimp_production_monthly_2569.csv
2025-01-01,2025,2568,1,เพชรบุรี,ภาคกลาง,กุ้งขาว,208.89,True,dof_shrimp_production_monthly_2569.csv
2025-02-01,2025,2568,2,กระบี่,ภาคใต้ฝั่งอันดามัน,กุ้งกุลาดำ,220.49,True,dof_shrimp_production_monthly_2569.csv
2025-02-01,2025,2568,2,กระบี่,ภาคใต้ฝั่งอันดามัน,กุ้งขาว,768.45,True,dof_shrimp_production_monthly_2569.csv
2025-02-01,2025,2568,2,กรุงเทพมหานคร,ภาคกลาง,กุ้งกุลาดำ,0.02,True,dof_shrimp_production_monthly_2569.csv
2025-02-01,2025,2568,2,กรุงเทพมหานคร,ภาคกลาง,กุ้งขาว,5.95,True,dof_shrimp_production_monthly_2569.csv
2025-02-01,2025,2568,2,กาญจนบุรี,ภาคกลาง,กุ้งกุลาดำ,0.0,True,dof_shrimp_production_monthly_2569.csv
2025-02-01,2025,2568,2,กาญจนบุรี,ภาคกลาง,กุ้งขาว,35.91,True,dof_shrimp_production_monthly_2569.csv
2025-02-01,2025,2568,2,จันทบุรี,ภาคตะวันออก,กุ้งกุลาดำ,16.44,True,dof_shrimp_production_monthly_2569.csv
2025-02-01,2025,2568,2,จันทบุรี,ภาคตะวันออก,กุ้งขาว,1447.9,True,dof_shrimp_production_monthly_2569.csv
2025-02-01,2025,2568,2,ฉะเชิงเทรา,ภาคตะวันออก,กุ้งกุลาดำ,5.2,True,dof_shrimp_production_monthly_2569.csv
2025-02-01,2025,2568,2,ฉะเชิงเทรา,ภาคตะวันออก,กุ้งขาว,886.16,True,dof_shrimp_production_monthly_2569.csv
2025-02-01,2025,2568,2,ชลบุรี,ภาคตะวันออก,กุ้งกุลาดำ,0.0,True,dof_shrimp_production_monthly_2569.csv
2025-02-01,2025,2568,2,ชลบุรี,ภาคตะวันออก,กุ้งขาว,0.06,True,dof_shrimp_production_monthly_2569.csv
2025-02-01,2025,2568,2,ชัยภูมิ,ภาคตะวันออกเฉียงเหนือ,กุ้งกุลาดำ,0.0,True,dof_shrimp_production_monthly_2569.csv
2025-02-01,2025,2568,2,ชัยภูมิ,ภาคตะวันออกเฉียงเหนือ,กุ้งขาว,0.0,True,dof_shrimp_production_monthly_2569.csv
2025-02-01,2025,2568,2,ชุมพร,ภาคใต้ตอนบน,กุ้งกุลาดำ,128.33,True,dof_shrimp_production_monthly_2569.csv
2025-02-01,2025,2568,2,ชุมพร,ภาคใต้ตอนบน,กุ้งขาว,402.17,True,dof_shrimp_production_monthly_2569.csv
2025-02-01,2025,2568,2,ตรัง,ภาคใต้ฝั่งอันดามัน,กุ้งกุลาดำ,39.44,True,dof_shrimp_production_monthly_2569.csv
2025-02-01,2025,2568,2,ตรัง,ภาคใต้ฝั่งอันดามัน,กุ้งขาว,1511.49,True,dof_shrimp_production_monthly_2569.csv
2025-02-01,2025,2568,2,ตราด,ภาคตะวันออก,กุ้งกุลาดำ,0.0,True,dof_shrimp_production_monthly_2569.csv
2025-02-01,2025,2568,2,ตราด,ภาคตะวันออก,กุ้งขาว,639.9,True,dof_shrimp_production_monthly_2569.csv
2025-02-01,2025,2568,2,นครนายก,ภาคตะวันออก,กุ้งกุลาดำ,0.0,True,dof_shrimp_production_monthly_2569.csv
2025-02-01,2025,2568,2,นครนายก,ภาคตะวันออก,กุ้งขาว,70.79,True,dof_shrimp_production_monthly_2569.csv
2025-02-01,2025,2568,2,นครปฐม,ภาคกลาง,กุ้งกุลาดำ,0.0,True,dof_shrimp_production_monthly_2569.csv
2025-02-01,2025,2568,2,นครปฐม,ภาคกลาง,กุ้งขาว,586.23,True,dof_shrimp_production_monthly_2569.csv
2025-02-01,2025,2568,2,นครศรีธรรมราช,ภาคใต้ตอนล่างฝั่งอ่าวไทย,กุ้งกุลาดำ,39.2,True,dof_shrimp_production_monthly_2569.csv
2025-02-01,2025,2568,2,นครศรีธรรมราช,ภาคใต้ตอนล่างฝั่งอ่าวไทย,กุ้งขาว,382.47,True,dof_shrimp_production_monthly_2569.csv
2025-02-01,2025,2568,2,นนทบุรี,ภาคกลาง,กุ้งกุลาดำ,0.0,True,dof_shrimp_production_monthly_2569.csv
2025-02-01,2025,2568,2,นนทบุรี,ภาคกลาง,กุ้งขาว,12.35,True,dof_shrimp_production_monthly_2569.csv
2025-02-01,2025,2568,2,นราธิวาส,ภาคใต้ตอนล่างฝั่งอ่าวไทย,กุ้งกุลาดำ,0.0,True,dof_shrimp_production_monthly_2569.csv
2025-02-01,2025,2568,2,นราธิวาส,ภาคใต้ตอนล่างฝั่งอ่าวไทย,กุ้งขาว,3.98,True,dof_shrimp_production_monthly_2569.csv
2025-02-01,2025,2568,2,ปทุมธานี,ภาคกลาง,กุ้งกุลาดำ,3.7,True,dof_shrimp_production_monthly_2569.csv
2025-02-01,2025,2568,2,ปทุมธานี,ภาคกลาง,กุ้งขาว,19.4,True,dof_shrimp_production_monthly_2569.csv
2025-02-01,2025,2568,2,ประจวบคีรีขันธ์,ภาคใต้ตอนบน,กุ้งกุลาดำ,29.0,True,dof_shrimp_production_monthly_2569.csv
2025-02-01,2025,2568,2,ประจวบคีรีขันธ์,ภาคใต้ตอนบน,กุ้งขาว,1164.36,True,dof_shrimp_production_monthly_2569.csv
2025-02-01,2025,2568,2,ปราจีนบุรี,ภาคตะวันออก,กุ้งกุลาดำ,0.0,True,dof_shrimp_production_monthly_2569.csv
2025-02-01,2025,2568,2,ปราจีนบุรี,ภาคตะวันออก,กุ้งขาว,76.53,True,dof_shrimp_production_monthly_2569.csv
2025-02-01,2025,2568,2,ปัตตานี,ภาคใต้ตอนล่างฝั่งอ่าวไทย,กุ้งกุลาดำ,0.0,True,dof_shrimp_production_monthly_2569.csv
2025-02-01,2025,2568,2,ปัตตานี,ภาคใต้ตอนล่างฝั่งอ่าวไทย,กุ้งขาว,16.2,True,dof_shrimp_production_monthly_2569.csv
2025-02-01,2025,2568,2,พระนครศรีอยุธยา,ภาคกลาง,กุ้งกุลาดำ,0.0,True,dof_shrimp_production_monthly_2569.csv
2025-02-01,2025,2568,2,พระนครศรีอยุธยา,ภาคกลาง,กุ้งขาว,45.6,True,dof_shrimp_production_monthly_2569.csv
2025-02-01,2025,2568,2,พังงา,ภาคใต้ฝั่งอันดามัน,กุ้งกุลาดำ,329.45,True,dof_shrimp_production_monthly_2569.csv
2025-02-01,2025,2568,2,พังงา,ภาคใต้ฝั่งอันดามัน,กุ้งขาว,532.9,True,dof_shrimp_production_monthly_2569.csv
2025-02-01,2025,2568,2,พัทลุง,ภาคใต้ตอนล่างฝั่งอ่าวไทย,กุ้งกุลาดำ,0.0,True,dof_shrimp_production_monthly_2569.csv
2025-02-01,2025,2568,2,พัทลุง,ภาคใต้ตอนล่างฝั่งอ่าวไทย,กุ้งขาว,11.73,True,dof_shrimp_production_monthly_2569.csv
2025-02-01,2025,2568,2,ภูเก็ต,ภาคใต้ฝั่งอันดามัน,กุ้งกุลาดำ,126.61,True,dof_shrimp_production_monthly_2569.csv
2025-02-01,2025,2568,2,ภูเก็ต,ภาคใต้ฝั่งอันดามัน,กุ้งขาว,94.94,True,dof_shrimp_production_monthly_2569.csv
2025-02-01,2025,2568,2,ระนอง,ภาคใต้ตอนบน,กุ้งกุลาดำ,59.94,True,dof_shrimp_production_monthly_2569.csv
2025-02-01,2025,2568,2,ระนอง,ภาคใต้ตอนบน,กุ้งขาว,713.87,True,dof_shrimp_production_monthly_2569.csv
2025-02-01,2025,2568,2,ระยอง,ภาคตะวันออก,กุ้งกุลาดำ,5.5,True,dof_shrimp_production_monthly_2569.csv
2025-02-01,2025,2568,2,ระยอง,ภาคตะวันออก,กุ้งขาว,411.81,True,dof_shrimp_production_monthly_2569.csv
2025-02-01,2025,2568,2,ราชบุรี,ภาคกลาง,กุ้งกุลาดำ,0.0,True,dof_shrimp_production_monthly_2569.csv
2025-02-01,2025,2568,2,ราชบุรี,ภาคกลาง,กุ้งขาว,417.98,True,dof_shrimp_production_monthly_2569.csv
2025-02-01,2025,2568,2,สงขลา,ภาคใต้ตอนล่างฝั่งอ่าวไทย,กุ้งกุลาดำ,24.88,True,dof_shrimp_production_monthly_2569.csv
2025-02-01,2025,2568,2,สงขลา,ภาคใต้ตอนล่างฝั่งอ่าวไทย,กุ้งขาว,299.54,True,dof_shrimp_production_monthly_2569.csv
2025-02-01,2025,2568,2,สตูล,ภาคใต้ฝั่งอันดามัน,กุ้งกุลาดำ,135.42,True,dof_shrimp_production_monthly_2569.csv
2025-02-01,2025,2568,2,สตูล,ภาคใต้ฝั่งอันดามัน,กุ้งขาว,967.97,True,dof_shrimp_production_monthly_2569.csv
2025-02-01,2025,2568,2,สมุทรปราการ,ภาคกลาง,กุ้งกุลาดำ,0.0,True,dof_shrimp_production_monthly_2569.csv
2025-02-01,2025,2568,2,สมุทรปราการ,ภาคกลาง,กุ้งขาว,16.0,True,dof_shrimp_production_monthly_2569.csv
2025-02-01,2025,2568,2,สมุทรสงคราม,ภาคกลาง,กุ้งกุลาดำ,0.0,True,dof_shrimp_production_monthly_2569.csv
2025-02-01,2025,2568,2,สมุทรสงคราม,ภาคกลาง,กุ้งขาว,104.68,True,dof_shrimp_production_monthly_2569.csv
2025-02-01,2025,2568,2,สมุทรสาคร,ภาคกลาง,กุ้งกุลาดำ,0.0,True,dof_shrimp_production_monthly_2569.csv
2025-02-01,2025,2568,2,สมุทรสาคร,ภาคกลาง,กุ้งขาว,209.0,True,dof_shrimp_production_monthly_2569.csv
2025-02-01,2025,2568,2,สุพรรณบุรี,ภาคกลาง,กุ้งกุลาดำ,0.0,True,dof_shrimp_production_monthly_2569.csv
2025-02-01,2025,2568,2,สุพรรณบุรี,ภาคกลาง,กุ้งขาว,84.57,True,dof_shrimp_production_monthly_2569.csv
2025-02-01,2025,2568,2,สุราษฎร์ธานี,ภาคใต้ตอนบน,กุ้งกุลาดำ,73.27,True,dof_shrimp_production_monthly_2569.csv
2025-02-01,2025,2568,2,สุราษฎร์ธานี,ภาคใต้ตอนบน,กุ้งขาว,3313.99,True,dof_shrimp_production_monthly_2569.csv
2025-02-01,2025,2568,2,อุดรธานี,ภาคตะวันออกเฉียงเหนือ,กุ้งกุลาดำ,0.0,True,dof_shrimp_production_monthly_2569.csv
2025-02-01,2025,2568,2,อุดรธานี,ภาคตะวันออกเฉียงเหนือ,กุ้งขาว,0.0,True,dof_shrimp_production_monthly_2569.csv
2025-02-01,2025,2568,2,เพชรบุรี,ภาคกลาง,กุ้งกุลาดำ,0.0,True,dof_shrimp_production_monthly_2569.csv
2025-02-01,2025,2568,2,เพชรบุรี,ภาคกลาง,กุ้งขาว,220.37,True,dof_shrimp_production_monthly_2569.csv
2025-03-01,2025,2568,3,กระบี่,ภาคใต้ฝั่งอันดามัน,กุ้งกุลาดำ,201.37,True,dof_shrimp_production_monthly_2569.csv
2025-03-01,2025,2568,3,กระบี่,ภาคใต้ฝั่งอันดามัน,กุ้งขาว,789.5,True,dof_shrimp_production_monthly_2569.csv
2025-03-01,2025,2568,3,กรุงเทพมหานคร,ภาคกลาง,กุ้งกุลาดำ,0.33,True,dof_shrimp_production_monthly_2569.csv
2025-03-01,2025,2568,3,กรุงเทพมหานคร,ภาคกลาง,กุ้งขาว,0.0,True,dof_shrimp_production_monthly_2569.csv
2025-03-01,2025,2568,3,กาญจนบุรี,ภาคกลาง,กุ้งกุลาดำ,0.0,True,dof_shrimp_production_monthly_2569.csv
2025-03-01,2025,2568,3,กาญจนบุรี,ภาคกลาง,กุ้งขาว,7.4,True,dof_shrimp_production_monthly_2569.csv
2025-03-01,2025,2568,3,จันทบุรี,ภาคตะวันออก,กุ้งกุลาดำ,14.59,True,dof_shrimp_production_monthly_2569.csv
2025-03-01,2025,2568,3,จันทบุรี,ภาคตะวันออก,กุ้งขาว,1646.47,True,dof_shrimp_production_monthly_2569.csv
2025-03-01,2025,2568,3,ฉะเชิงเทรา,ภาคตะวันออก,กุ้งกุลาดำ,2.75,True,dof_shrimp_production_monthly_2569.csv
2025-03-01,2025,2568,3,ฉะเชิงเทรา,ภาคตะวันออก,กุ้งขาว,946.0,True,dof_shrimp_production_monthly_2569.csv
2025-03-01,2025,2568,3,ชลบุรี,ภาคตะวันออก,กุ้งกุลาดำ,0.0,True,dof_shrimp_production_monthly_2569.csv
2025-03-01,2025,2568,3,ชลบุรี,ภาคตะวันออก,กุ้งขาว,0.97,True,dof_shrimp_production_monthly_2569.csv
2025-03-01,2025,2568,3,ชัยภูมิ,ภาคตะวันออกเฉียงเหนือ,กุ้งกุลาดำ,0.0,True,dof_shrimp_production_monthly_2569.csv
2025-03-01,2025,2568,3,ชัยภูมิ,ภาคตะวันออกเฉียงเหนือ,กุ้งขาว,0.0,True,dof_shrimp_production_monthly_2569.csv
2025-03-01,2025,2568,3,ชุมพร,ภาคใต้ตอนบน,กุ้งกุลาดำ,318.23,True,dof_shrimp_production_monthly_2569.csv
2025-03-01,2025,2568,3,ชุมพร,ภาคใต้ตอนบน,กุ้งขาว,692.27,True,dof_shrimp_production_monthly_2569.csv
2025-03-01,2025,2568,3,ตรัง,ภาคใต้ฝั่งอันดามัน,กุ้งกุลาดำ,75.74,True,dof_shrimp_production_monthly_2569.csv
2025-03-01,2025,2568,3,ตรัง,ภาคใต้ฝั่งอันดามัน,กุ้งขาว,1237.93,True,dof_shrimp_production_monthly_2569.csv
2025-03-01,2025,2568,3,ตราด,ภาคตะวันออก,กุ้งกุลาดำ,0.0,True,dof_shrimp_production_monthly_2569.csv
2025-03-01,2025,2568,3,ตราด,ภาคตะวันออก,กุ้งขาว,852.63,True,dof_shrimp_production_monthly_2569.csv
2025-03-01,2025,2568,3,นครนายก,ภาคตะวันออก,กุ้งกุลาดำ,0.0,True,dof_shrimp_production_monthly_2569.csv
2025-03-01,2025,2568,3,นครนายก,ภาคตะวันออก,กุ้งขาว,79.7,True,dof_shrimp_production_monthly_2569.csv
2025-03-01,2025,2568,3,นครปฐม,ภาคกลาง,กุ้งกุลาดำ,0.0,True,dof_shrimp_production_monthly_2569.csv
2025-03-01,2025,2568,3,นครปฐม,ภาคกลาง,กุ้งขาว,594.42,True,dof_shrimp_production_monthly_2569.csv
2025-03-01,2025,2568,3,นครศรีธรรมราช,ภาคใต้ตอนล่างฝั่งอ่าวไทย,กุ้งกุลาดำ,59.93,True,dof_shrimp_production_monthly_2569.csv
2025-03-01,2025,2568,3,นครศรีธรรมราช,ภาคใต้ตอนล่างฝั่งอ่าวไทย,กุ้งขาว,613.49,True,dof_shrimp_production_monthly_2569.csv
2025-03-01,2025,2568,3,นนทบุรี,ภาคกลาง,กุ้งกุลาดำ,0.0,True,dof_shrimp_production_monthly_2569.csv
2025-03-01,2025,2568,3,นนทบุรี,ภาคกลาง,กุ้งขาว,19.44,True,dof_shrimp_production_monthly_2569.csv
2025-03-01,2025,2568,3,นราธิวาส,ภาคใต้ตอนล่างฝั่งอ่าวไทย,กุ้งกุลาดำ,0.0,True,dof_shrimp_production_monthly_2569.csv
2025-03-01,2025,2568,3,นราธิวาส,ภาคใต้ตอนล่างฝั่งอ่าวไทย,กุ้งขาว,29.24,True,dof_shrimp_production_monthly_2569.csv
2025-03-01,2025,2568,3,ปทุมธานี,ภาคกลาง,กุ้งกุลาดำ,0.0,True,dof_shrimp_production_monthly_2569.csv
2025-03-01,2025,2568,3,ปทุมธานี,ภาคกลาง,กุ้งขาว,26.74,True,dof_shrimp_production_monthly_2569.csv
2025-03-01,2025,2568,3,ประจวบคีรีขันธ์,ภาคใต้ตอนบน,กุ้งกุลาดำ,73.85,True,dof_shrimp_production_monthly_2569.csv
2025-03-01,2025,2568,3,ประจวบคีรีขันธ์,ภาคใต้ตอนบน,กุ้งขาว,896.01,True,dof_shrimp_production_monthly_2569.csv
2025-03-01,2025,2568,3,ปราจีนบุรี,ภาคตะวันออก,กุ้งกุลาดำ,0.0,True,dof_shrimp_production_monthly_2569.csv
2025-03-01,2025,2568,3,ปราจีนบุรี,ภาคตะวันออก,กุ้งขาว,78.66,True,dof_shrimp_production_monthly_2569.csv
2025-03-01,2025,2568,3,ปัตตานี,ภาคใต้ตอนล่างฝั่งอ่าวไทย,กุ้งกุลาดำ,0.0,True,dof_shrimp_production_monthly_2569.csv
2025-03-01,2025,2568,3,ปัตตานี,ภาคใต้ตอนล่างฝั่งอ่าวไทย,กุ้งขาว,52.8,True,dof_shrimp_production_monthly_2569.csv
2025-03-01,2025,2568,3,พระนครศรีอยุธยา,ภาคกลาง,กุ้งกุลาดำ,0.0,True,dof_shrimp_production_monthly_2569.csv
2025-03-01,2025,2568,3,พระนครศรีอยุธยา,ภาคกลาง,กุ้งขาว,19.7,True,dof_shrimp_production_monthly_2569.csv
2025-03-01,2025,2568,3,พังงา,ภาคใต้ฝั่งอันดามัน,กุ้งกุลาดำ,385.34,True,dof_shrimp_production_monthly_2569.csv
2025-03-01,2025,2568,3,พังงา,ภาคใต้ฝั่งอันดามัน,กุ้งขาว,963.62,True,dof_shrimp_production_monthly_2569.csv
2025-03-01,2025,2568,3,พัทลุง,ภาคใต้ตอนล่างฝั่งอ่าวไทย,กุ้งกุลาดำ,0.0,True,dof_shrimp_production_monthly_2569.csv
2025-03-01,2025,2568,3,พัทลุง,ภาคใต้ตอนล่างฝั่งอ่าวไทย,กุ้งขาว,81.94,True,dof_shrimp_production_monthly_2569.csv
2025-03-01,2025,2568,3,ภูเก็ต,ภาคใต้ฝั่งอันดามัน,กุ้งกุลาดำ,30.86,True,dof_shrimp_production_monthly_2569.csv
2025-03-01,2025,2568,3,ภูเก็ต,ภาคใต้ฝั่งอันดามัน,กุ้งขาว,157.27,True,dof_shrimp_production_monthly_2569.csv
2025-03-01,2025,2568,3,ระนอง,ภาคใต้ตอนบน,กุ้งกุลาดำ,47.57,True,dof_shrimp_production_monthly_2569.csv
2025-03-01,2025,2568,3,ระนอง,ภาคใต้ตอนบน,กุ้งขาว,429.09,True,dof_shrimp_production_monthly_2569.csv
2025-03-01,2025,2568,3,ระยอง,ภาคตะวันออก,กุ้งกุลาดำ,4.2,True,dof_shrimp_production_monthly_2569.csv
2025-03-01,2025,2568,3,ระยอง,ภาคตะวันออก,กุ้งขาว,833.88,True,dof_shrimp_production_monthly_2569.csv
2025-03-01,2025,2568,3,ราชบุรี,ภาคกลาง,กุ้งกุลาดำ,0.0,True,dof_shrimp_production_monthly_2569.csv
2025-03-01,2025,2568,3,ราชบุรี,ภาคกลาง,กุ้งขาว,659.85,True,dof_shrimp_production_monthly_2569.csv
2025-03-01,2025,2568,3,สงขลา,ภาคใต้ตอนล่างฝั่งอ่าวไทย,กุ้งกุลาดำ,38.82,True,dof_shrimp_production_monthly_2569.csv
2025-03-01,2025,2568,3,สงขลา,ภาคใต้ตอนล่างฝั่งอ่าวไทย,กุ้งขาว,668.78,True,dof_shrimp_production_monthly_2569.csv
2025-03-01,2025,2568,3,สตูล,ภาคใต้ฝั่งอันดามัน,กุ้งกุลาดำ,41.25,True,dof_shrimp_production_monthly_2569.csv
2025-03-01,2025,2568,3,สตูล,ภาคใต้ฝั่งอันดามัน,กุ้งขาว,864.12,True,dof_shrimp_production_monthly_2569.csv
2025-03-01,2025,2568,3,สมุทรปราการ,ภาคกลาง,กุ้งกุลาดำ,0.0,True,dof_shrimp_production_monthly_2569.csv
2025-03-01,2025,2568,3,สมุทรปราการ,ภาคกลาง,กุ้งขาว,44.0,True,dof_shrimp_production_monthly_2569.csv
2025-03-01,2025,2568,3,สมุทรสงคราม,ภาคกลาง,กุ้งกุลาดำ,0.0,True,dof_shrimp_production_monthly_2569.csv
2025-03-01,2025,2568,3,สมุทรสงคราม,ภาคกลาง,กุ้งขาว,78.41,True,dof_shrimp_production_monthly_2569.csv
2025-03-01,2025,2568,3,สมุทรสาคร,ภาคกลาง,กุ้งกุลาดำ,5.0,True,dof_shrimp_production_monthly_2569.csv
2025-03-01,2025,2568,3,สมุทรสาคร,ภาคกลาง,กุ้งขาว,147.56,True,dof_shrimp_production_monthly_2569.csv
2025-03-01,2025,2568,3,สุพรรณบุรี,ภาคกลาง,กุ้งกุลาดำ,0.0,True,dof_shrimp_production_monthly_2569.csv
2025-03-01,2025,2568,3,สุพรรณบุรี,ภาคกลาง,กุ้งขาว,202.39,True,dof_shrimp_production_monthly_2569.csv
2025-03-01,2025,2568,3,สุราษฎร์ธานี,ภาคใต้ตอนบน,กุ้งกุลาดำ,181.45,True,dof_shrimp_production_monthly_2569.csv
2025-03-01,2025,2568,3,สุราษฎร์ธานี,ภาคใต้ตอนบน,กุ้งขาว,3728.61,True,dof_shrimp_production_monthly_2569.csv
2025-03-01,2025,2568,3,อุดรธานี,ภาคตะวันออกเฉียงเหนือ,กุ้งกุลาดำ,0.0,True,dof_shrimp_production_monthly_2569.csv
2025-03-01,2025,2568,3,อุดรธานี,ภาคตะวันออกเฉียงเหนือ,กุ้งขาว,0.0,True,dof_shrimp_production_monthly_2569.csv
2025-03-01,2025,2568,3,เพชรบุรี,ภาคกลาง,กุ้งกุลาดำ,3.5,True,dof_shrimp_production_monthly_2569.csv
2025-03-01,2025,2568,3,เพชรบุรี,ภาคกลาง,กุ้งขาว,547.45,True,dof_shrimp_production_monthly_2569.csv
2025-04-01,2025,2568,4,กระบี่,ภาคใต้ฝั่งอันดามัน,กุ้งกุลาดำ,145.63,True,dof_shrimp_production_monthly_2569.csv
2025-04-01,2025,2568,4,กระบี่,ภาคใต้ฝั่งอันดามัน,กุ้งขาว,469.41,True,dof_shrimp_production_monthly_2569.csv
2025-04-01,2025,2568,4,กรุงเทพมหานคร,ภาคกลาง,กุ้งกุลาดำ,0.01,True,dof_shrimp_production_monthly_2569.csv
2025-04-01,2025,2568,4,กรุงเทพมหานคร,ภาคกลาง,กุ้งขาว,4.0,True,dof_shrimp_production_monthly_2569.csv
2025-04-01,2025,2568,4,กาญจนบุรี,ภาคกลาง,กุ้งกุลาดำ,0.0,True,dof_shrimp_production_monthly_2569.csv
2025-04-01,2025,2568,4,กาญจนบุรี,ภาคกลาง,กุ้งขาว,75.9,True,dof_shrimp_production_monthly_2569.csv
2025-04-01,2025,2568,4,จันทบุรี,ภาคตะวันออก,กุ้งกุลาดำ,32.61,True,dof_shrimp_production_monthly_2569.csv
2025-04-01,2025,2568,4,จันทบุรี,ภาคตะวันออก,กุ้งขาว,1815.0,True,dof_shrimp_production_monthly_2569.csv
2025-04-01,2025,2568,4,ฉะเชิงเทรา,ภาคตะวันออก,กุ้งกุลาดำ,3.5,True,dof_shrimp_production_monthly_2569.csv
2025-04-01,2025,2568,4,ฉะเชิงเทรา,ภาคตะวันออก,กุ้งขาว,972.22,True,dof_shrimp_production_monthly_2569.csv
2025-04-01,2025,2568,4,ชลบุรี,ภาคตะวันออก,กุ้งกุลาดำ,0.0,True,dof_shrimp_production_monthly_2569.csv
2025-04-01,2025,2568,4,ชลบุรี,ภาคตะวันออก,กุ้งขาว,0.1,True,dof_shrimp_production_monthly_2569.csv
2025-04-01,2025,2568,4,ชัยภูมิ,ภาคตะวันออกเฉียงเหนือ,กุ้งกุลาดำ,0.0,True,dof_shrimp_production_monthly_2569.csv
2025-04-01,2025,2568,4,ชัยภูมิ,ภาคตะวันออกเฉียงเหนือ,กุ้งขาว,0.0,True,dof_shrimp_production_monthly_2569.csv
2025-04-01,2025,2568,4,ชุมพร,ภาคใต้ตอนบน,กุ้งกุลาดำ,174.41,True,dof_shrimp_production_monthly_2569.csv
2025-04-01,2025,2568,4,ชุมพร,ภาคใต้ตอนบน,กุ้งขาว,766.83,True,dof_shrimp_production_monthly_2569.csv
2025-04-01,2025,2568,4,ตรัง,ภาคใต้ฝั่งอันดามัน,กุ้งกุลาดำ,89.56,True,dof_shrimp_production_monthly_2569.csv
2025-04-01,2025,2568,4,ตรัง,ภาคใต้ฝั่งอันดามัน,กุ้งขาว,1228.49,True,dof_shrimp_production_monthly_2569.csv
2025-04-01,2025,2568,4,ตราด,ภาคตะวันออก,กุ้งกุลาดำ,0.0,True,dof_shrimp_production_monthly_2569.csv
2025-04-01,2025,2568,4,ตราด,ภาคตะวันออก,กุ้งขาว,846.12,True,dof_shrimp_production_monthly_2569.csv
2025-04-01,2025,2568,4,นครนายก,ภาคตะวันออก,กุ้งกุลาดำ,0.0,True,dof_shrimp_production_monthly_2569.csv
2025-04-01,2025,2568,4,นครนายก,ภาคตะวันออก,กุ้งขาว,131.27,True,dof_shrimp_production_monthly_2569.csv
2025-04-01,2025,2568,4,นครปฐม,ภาคกลาง,กุ้งกุลาดำ,0.0,True,dof_shrimp_production_monthly_2569.csv
2025-04-01,2025,2568,4,นครปฐม,ภาคกลาง,กุ้งขาว,216.29,True,dof_shrimp_production_monthly_2569.csv
2025-04-01,2025,2568,4,นครศรีธรรมราช,ภาคใต้ตอนล่างฝั่งอ่าวไทย,กุ้งกุลาดำ,18.86,True,dof_shrimp_production_monthly_2569.csv
2025-04-01,2025,2568,4,นครศรีธรรมราช,ภาคใต้ตอนล่างฝั่งอ่าวไทย,กุ้งขาว,1063.82,True,dof_shrimp_production_monthly_2569.csv
2025-04-01,2025,2568,4,นนทบุรี,ภาคกลาง,กุ้งกุลาดำ,0.0,True,dof_shrimp_production_monthly_2569.csv
2025-04-01,2025,2568,4,นนทบุรี,ภาคกลาง,กุ้งขาว,10.73,True,dof_shrimp_production_monthly_2569.csv
2025-04-01,2025,2568,4,นราธิวาส,ภาคใต้ตอนล่างฝั่งอ่าวไทย,กุ้งกุลาดำ,0.0,True,dof_shrimp_production_monthly_2569.csv
2025-04-01,2025,2568,4,นราธิวาส,ภาคใต้ตอนล่างฝั่งอ่าวไทย,กุ้งขาว,16.7,True,dof_shrimp_production_monthly_2569.csv
2025-04-01,2025,2568,4,ปทุมธานี,ภาคกลาง,กุ้งกุลาดำ,2.57,True,dof_shrimp_production_monthly_2569.csv
2025-04-01,2025,2568,4,ปทุมธานี,ภาคกลาง,กุ้งขาว,5.68,True,dof_shrimp_production_monthly_2569.csv
2025-04-01,2025,2568,4,ประจวบคีรีขันธ์,ภาคใต้ตอนบน,กุ้งกุลาดำ,30.38,True,dof_shrimp_production_monthly_2569.csv
2025-04-01,2025,2568,4,ประจวบคีรีขันธ์,ภาคใต้ตอนบน,กุ้งขาว,672.59,True,dof_shrimp_production_monthly_2569.csv
2025-04-01,2025,2568,4,ปราจีนบุรี,ภาคตะวันออก,กุ้งกุลาดำ,0.0,True,dof_shrimp_production_monthly_2569.csv
2025-04-01,2025,2568,4,ปราจีนบุรี,ภาคตะวันออก,กุ้งขาว,189.13,True,dof_shrimp_production_monthly_2569.csv
2025-04-01,2025,2568,4,ปัตตานี,ภาคใต้ตอนล่างฝั่งอ่าวไทย,กุ้งกุลาดำ,0.0,True,dof_shrimp_production_monthly_2569.csv
2025-04-01,2025,2568,4,ปัตตานี,ภาคใต้ตอนล่างฝั่งอ่าวไทย,กุ้งขาว,116.32,True,dof_shrimp_production_monthly_2569.csv
2025-04-01,2025,2568,4,พระนครศรีอยุธยา,ภาคกลาง,กุ้งกุลาดำ,0.0,True,dof_shrimp_production_monthly_2569.csv
2025-04-01,2025,2568,4,พระนครศรีอยุธยา,ภาคกลาง,กุ้งขาว,34.5,True,dof_shrimp_production_monthly_2569.csv
2025-04-01,2025,2568,4,พังงา,ภาคใต้ฝั่งอันดามัน,กุ้งกุลาดำ,185.05,True,dof_shrimp_production_monthly_2569.csv
2025-04-01,2025,2568,4,พังงา,ภาคใต้ฝั่งอันดามัน,กุ้งขาว,628.9,True,dof_shrimp_production_monthly_2569.csv
2025-04-01,2025,2568,4,พัทลุง,ภาคใต้ตอนล่างฝั่งอ่าวไทย,กุ้งกุลาดำ,0.0,True,dof_shrimp_production_monthly_2569.csv
2025-04-01,2025,2568,4,พัทลุง,ภาคใต้ตอนล่างฝั่งอ่าวไทย,กุ้งขาว,84.0,True,dof_shrimp_production_monthly_2569.csv
2025-04-01,2025,2568,4,ภูเก็ต,ภาคใต้ฝั่งอันดามัน,กุ้งกุลาดำ,33.43,True,dof_shrimp_production_monthly_2569.csv
2025-04-01,2025,2568,4,ภูเก็ต,ภาคใต้ฝั่งอันดามัน,กุ้งขาว,199.87,True,dof_shrimp_production_monthly_2569.csv
2025-04-01,2025,2568,4,ระนอง,ภาคใต้ตอนบน,กุ้งกุลาดำ,30.32,True,dof_shrimp_production_monthly_2569.csv
2025-04-01,2025,2568,4,ระนอง,ภาคใต้ตอนบน,กุ้งขาว,355.8,True,dof_shrimp_production_monthly_2569.csv
2025-04-01,2025,2568,4,ระยอง,ภาคตะวันออก,กุ้งกุลาดำ,0.0,True,dof_shrimp_production_monthly_2569.csv
2025-04-01,2025,2568,4,ระยอง,ภาคตะวันออก,กุ้งขาว,648.98,True,dof_shrimp_production_monthly_2569.csv
2025-04-01,2025,2568,4,ราชบุรี,ภาคกลาง,กุ้งกุลาดำ,0.0,True,dof_shrimp_production_monthly_2569.csv
2025-04-01,2025,2568,4,ราชบุรี,ภาคกลาง,กุ้งขาว,549.39,True,dof_shrimp_production_monthly_2569.csv
2025-04-01,2025,2568,4,สงขลา,ภาคใต้ตอนล่างฝั่งอ่าวไทย,กุ้งกุลาดำ,33.94,True,dof_shrimp_production_monthly_2569.csv
2025-04-01,2025,2568,4,สงขลา,ภาคใต้ตอนล่างฝั่งอ่าวไทย,กุ้งขาว,795.81,True,dof_shrimp_production_monthly_2569.csv
2025-04-01,2025,2568,4,สตูล,ภาคใต้ฝั่งอันดามัน,กุ้งกุลาดำ,58.76,True,dof_shrimp_production_monthly_2569.csv
2025-04-01,2025,2568,4,สตูล,ภาคใต้ฝั่งอันดามัน,กุ้งขาว,538.71,True,dof_shrimp_production_monthly_2569.csv
2025-04-01,2025,2568,4,สมุทรปราการ,ภาคกลาง,กุ้งกุลาดำ,0.0,True,dof_shrimp_production_monthly_2569.csv
2025-04-01,2025,2568,4,สมุทรปราการ,ภาคกลาง,กุ้งขาว,46.0,True,dof_shrimp_production_monthly_2569.csv
2025-04-01,2025,2568,4,สมุทรสงคราม,ภาคกลาง,กุ้งกุลาดำ,0.0,True,dof_shrimp_production_monthly_2569.csv
2025-04-01,2025,2568,4,สมุทรสงคราม,ภาคกลาง,กุ้งขาว,136.39,True,dof_shrimp_production_monthly_2569.csv
2025-04-01,2025,2568,4,สมุทรสาคร,ภาคกลาง,กุ้งกุลาดำ,0.0,True,dof_shrimp_production_monthly_2569.csv
2025-04-01,2025,2568,4,สมุทรสาคร,ภาคกลาง,กุ้งขาว,185.76,True,dof_shrimp_production_monthly_2569.csv
2025-04-01,2025,2568,4,สุพรรณบุรี,ภาคกลาง,กุ้งกุลาดำ,0.0,True,dof_shrimp_production_monthly_2569.csv
2025-04-01,2025,2568,4,สุพรรณบุรี,ภาคกลาง,กุ้งขาว,330.38,True,dof_shrimp_production_monthly_2569.csv
2025-04-01,2025,2568,4,สุราษฎร์ธานี,ภาคใต้ตอนบน,กุ้งกุลาดำ,252.25,True,dof_shrimp_production_monthly_2569.csv
2025-04-01,2025,2568,4,สุราษฎร์ธานี,ภาคใต้ตอนบน,กุ้งขาว,4799.19,True,dof_shrimp_production_monthly_2569.csv
2025-04-01,2025,2568,4,อุดรธานี,ภาคตะวันออกเฉียงเหนือ,กุ้งกุลาดำ,0.0,True,dof_shrimp_production_monthly_2569.csv
2025-04-01,2025,2568,4,อุดรธานี,ภาคตะวันออกเฉียงเหนือ,กุ้งขาว,0.0,True,dof_shrimp_production_monthly_2569.csv
2025-04-01,2025,2568,4,เพชรบุรี,ภาคกลาง,กุ้งกุลาดำ,10.0,True,dof_shrimp_production_monthly_2569.csv
2025-04-01,2025,2568,4,เพชรบุรี,ภาคกลาง,กุ้งขาว,403.42,True,dof_shrimp_production_monthly_2569.csv
2025-05-01,2025,2568,5,กระบี่,ภาคใต้ฝั่งอันดามัน,กุ้งกุลาดำ,205.66,True,dof_shrimp_production_monthly_2569.csv
2025-05-01,2025,2568,5,กระบี่,ภาคใต้ฝั่งอันดามัน,กุ้งขาว,764.29,True,dof_shrimp_production_monthly_2569.csv
2025-05-01,2025,2568,5,กรุงเทพมหานคร,ภาคกลาง,กุ้งกุลาดำ,0.13,True,dof_shrimp_production_monthly_2569.csv
2025-05-01,2025,2568,5,กรุงเทพมหานคร,ภาคกลาง,กุ้งขาว,0.0,True,dof_shrimp_production_monthly_2569.csv
2025-05-01,2025,2568,5,กาญจนบุรี,ภาคกลาง,กุ้งกุลาดำ,0.0,True,dof_shrimp_production_monthly_2569.csv
2025-05-01,2025,2568,5,กาญจนบุรี,ภาคกลาง,กุ้งขาว,8.5,True,dof_shrimp_production_monthly_2569.csv
2025-05-01,2025,2568,5,จันทบุรี,ภาคตะวันออก,กุ้งกุลาดำ,37.26,True,dof_shrimp_production_monthly_2569.csv
2025-05-01,2025,2568,5,จันทบุรี,ภาคตะวันออก,กุ้งขาว,1975.28,True,dof_shrimp_production_monthly_2569.csv
2025-05-01,2025,2568,5,ฉะเชิงเทรา,ภาคตะวันออก,กุ้งกุลาดำ,0.0,True,dof_shrimp_production_monthly_2569.csv
2025-05-01,2025,2568,5,ฉะเชิงเทรา,ภาคตะวันออก,กุ้งขาว,1295.54,True,dof_shrimp_production_monthly_2569.csv
2025-05-01,2025,2568,5,ชลบุรี,ภาคตะวันออก,กุ้งกุลาดำ,0.0,True,dof_shrimp_production_monthly_2569.csv
2025-05-01,2025,2568,5,ชลบุรี,ภาคตะวันออก,กุ้งขาว,0.0,True,dof_shrimp_production_monthly_2569.csv
2025-05-01,2025,2568,5,ชัยภูมิ,ภาคตะวันออกเฉียงเหนือ,กุ้งกุลาดำ,0.0,True,dof_shrimp_production_monthly_2569.csv
2025-05-01,2025,2568,5,ชัยภูมิ,ภาคตะวันออกเฉียงเหนือ,กุ้งขาว,0.0,True,dof_shrimp_production_monthly_2569.csv
2025-05-01,2025,2568,5,ชุมพร,ภาคใต้ตอนบน,กุ้งกุลาดำ,131.69,True,dof_shrimp_production_monthly_2569.csv
2025-05-01,2025,2568,5,ชุมพร,ภาคใต้ตอนบน,กุ้งขาว,1225.15,True,dof_shrimp_production_monthly_2569.csv
2025-05-01,2025,2568,5,ตรัง,ภาคใต้ฝั่งอันดามัน,กุ้งกุลาดำ,51.34,True,dof_shrimp_production_monthly_2569.csv
2025-05-01,2025,2568,5,ตรัง,ภาคใต้ฝั่งอันดามัน,กุ้งขาว,1383.8,True,dof_shrimp_production_monthly_2569.csv
2025-05-01,2025,2568,5,ตราด,ภาคตะวันออก,กุ้งกุลาดำ,2.32,True,dof_shrimp_production_monthly_2569.csv
2025-05-01,2025,2568,5,ตราด,ภาคตะวันออก,กุ้งขาว,930.88,True,dof_shrimp_production_monthly_2569.csv
2025-05-01,2025,2568,5,นครนายก,ภาคตะวันออก,กุ้งกุลาดำ,0.0,True,dof_shrimp_production_monthly_2569.csv
2025-05-01,2025,2568,5,นครนายก,ภาคตะวันออก,กุ้งขาว,45.23,True,dof_shrimp_production_monthly_2569.csv
2025-05-01,2025,2568,5,นครปฐม,ภาคกลาง,กุ้งกุลาดำ,0.0,True,dof_shrimp_production_monthly_2569.csv
2025-05-01,2025,2568,5,นครปฐม,ภาคกลาง,กุ้งขาว,636.48,True,dof_shrimp_production_monthly_2569.csv
2025-05-01,2025,2568,5,นครศรีธรรมราช,ภาคใต้ตอนล่างฝั่งอ่าวไทย,กุ้งกุลาดำ,46.14,True,dof_shrimp_production_monthly_2569.csv
2025-05-01,2025,2568,5,นครศรีธรรมราช,ภาคใต้ตอนล่างฝั่งอ่าวไทย,กุ้งขาว,1187.39,True,dof_shrimp_production_monthly_2569.csv
2025-05-01,2025,2568,5,นนทบุรี,ภาคกลาง,กุ้งกุลาดำ,0.0,True,dof_shrimp_production_monthly_2569.csv
2025-05-01,2025,2568,5,นนทบุรี,ภาคกลาง,กุ้งขาว,18.8,True,dof_shrimp_production_monthly_2569.csv
2025-05-01,2025,2568,5,นราธิวาส,ภาคใต้ตอนล่างฝั่งอ่าวไทย,กุ้งกุลาดำ,0.0,True,dof_shrimp_production_monthly_2569.csv
2025-05-01,2025,2568,5,นราธิวาส,ภาคใต้ตอนล่างฝั่งอ่าวไทย,กุ้งขาว,0.0,True,dof_shrimp_production_monthly_2569.csv
2025-05-01,2025,2568,5,ปทุมธานี,ภาคกลาง,กุ้งกุลาดำ,1.2,True,dof_shrimp_production_monthly_2569.csv
2025-05-01,2025,2568,5,ปทุมธานี,ภาคกลาง,กุ้งขาว,34.64,True,dof_shrimp_production_monthly_2569.csv
2025-05-01,2025,2568,5,ประจวบคีรีขันธ์,ภาคใต้ตอนบน,กุ้งกุลาดำ,47.82,True,dof_shrimp_production_monthly_2569.csv
2025-05-01,2025,2568,5,ประจวบคีรีขันธ์,ภาคใต้ตอนบน,กุ้งขาว,1149.82,True,dof_shrimp_production_monthly_2569.csv
2025-05-01,2025,2568,5,ปราจีนบุรี,ภาคตะวันออก,กุ้งกุลาดำ,0.0,True,dof_shrimp_production_monthly_2569.csv
2025-05-01,2025,2568,5,ปราจีนบุรี,ภาคตะวันออก,กุ้งขาว,97.47,True,dof_shrimp_production_monthly_2569.csv
2025-05-01,2025,2568,5,ปัตตานี,ภาคใต้ตอนล่างฝั่งอ่าวไทย,กุ้งกุลาดำ,0.0,True,dof_shrimp_production_monthly_2569.csv
2025-05-01,2025,2568,5,ปัตตานี,ภาคใต้ตอนล่างฝั่งอ่าวไทย,กุ้งขาว,219.18,True,dof_shrimp_production_monthly_2569.csv
2025-05-01,2025,2568,5,พระนครศรีอยุธยา,ภาคกลาง,กุ้งกุลาดำ,0.0,True,dof_shrimp_production_monthly_2569.csv
2025-05-01,2025,2568,5,พระนครศรีอยุธยา,ภาคกลาง,กุ้งขาว,33.34,True,dof_shrimp_production_monthly_2569.csv
2025-05-01,2025,2568,5,พังงา,ภาคใต้ฝั่งอันดามัน,กุ้งกุลาดำ,242.49,True,dof_shrimp_production_monthly_2569.csv
2025-05-01,2025,2568,5,พังงา,ภาคใต้ฝั่งอันดามัน,กุ้งขาว,791.09,True,dof_shrimp_production_monthly_2569.csv
2025-05-01,2025,2568,5,พัทลุง,ภาคใต้ตอนล่างฝั่งอ่าวไทย,กุ้งกุลาดำ,0.0,True,dof_shrimp_production_monthly_2569.csv
2025-05-01,2025,2568,5,พัทลุง,ภาคใต้ตอนล่างฝั่งอ่าวไทย,กุ้งขาว,53.0,True,dof_shrimp_production_monthly_2569.csv
2025-05-01,2025,2568,5,ภูเก็ต,ภาคใต้ฝั่งอันดามัน,กุ้งกุลาดำ,80.77,True,dof_shrimp_production_monthly_2569.csv
2025-05-01,2025,2568,5,ภูเก็ต,ภาคใต้ฝั่งอันดามัน,กุ้งขาว,253.61,True,dof_shrimp_production_monthly_2569.csv
2025-05-01,2025,2568,5,ระนอง,ภาคใต้ตอนบน,กุ้งกุลาดำ,17.35,True,dof_shrimp_production_monthly_2569.csv
2025-05-01,2025,2568,5,ระนอง,ภาคใต้ตอนบน,กุ้งขาว,489.02,True,dof_shrimp_production_monthly_2569.csv
2025-05-01,2025,2568,5,ระยอง,ภาคตะวันออก,กุ้งกุลาดำ,0.0,True,dof_shrimp_production_monthly_2569.csv
2025-05-01,2025,2568,5,ระยอง,ภาคตะวันออก,กุ้งขาว,608.51,True,dof_shrimp_production_monthly_2569.csv
2025-05-01,2025,2568,5,ราชบุรี,ภาคกลาง,กุ้งกุลาดำ,0.0,True,dof_shrimp_production_monthly_2569.csv
2025-05-01,2025,2568,5,ราชบุรี,ภาคกลาง,กุ้งขาว,611.58,True,dof_shrimp_production_monthly_2569.csv
2025-05-01,2025,2568,5,สงขลา,ภาคใต้ตอนล่างฝั่งอ่าวไทย,กุ้งกุลาดำ,56.18,True,dof_shrimp_production_monthly_2569.csv
2025-05-01,2025,2568,5,สงขลา,ภาคใต้ตอนล่างฝั่งอ่าวไทย,กุ้งขาว,1145.03,True,dof_shrimp_production_monthly_2569.csv
2025-05-01,2025,2568,5,สตูล,ภาคใต้ฝั่งอันดามัน,กุ้งกุลาดำ,158.4,True,dof_shrimp_production_monthly_2569.csv
2025-05-01,2025,2568,5,สตูล,ภาคใต้ฝั่งอันดามัน,กุ้งขาว,688.57,True,dof_shrimp_production_monthly_2569.csv
2025-05-01,2025,2568,5,สมุทรปราการ,ภาคกลาง,กุ้งกุลาดำ,0.0,True,dof_shrimp_production_monthly_2569.csv
2025-05-01,2025,2568,5,สมุทรปราการ,ภาคกลาง,กุ้งขาว,40.0,True,dof_shrimp_production_monthly_2569.csv
2025-05-01,2025,2568,5,สมุทรสงคราม,ภาคกลาง,กุ้งกุลาดำ,0.0,True,dof_shrimp_production_monthly_2569.csv
2025-05-01,2025,2568,5,สมุทรสงคราม,ภาคกลาง,กุ้งขาว,156.27,True,dof_shrimp_production_monthly_2569.csv
2025-05-01,2025,2568,5,สมุทรสาคร,ภาคกลาง,กุ้งกุลาดำ,0.0,True,dof_shrimp_production_monthly_2569.csv
2025-05-01,2025,2568,5,สมุทรสาคร,ภาคกลาง,กุ้งขาว,125.72,True,dof_shrimp_production_monthly_2569.csv
2025-05-01,2025,2568,5,สุพรรณบุรี,ภาคกลาง,กุ้งกุลาดำ,0.0,True,dof_shrimp_production_monthly_2569.csv
2025-05-01,2025,2568,5,สุพรรณบุรี,ภาคกลาง,กุ้งขาว,216.86,True,dof_shrimp_production_monthly_2569.csv
2025-05-01,2025,2568,5,สุราษฎร์ธานี,ภาคใต้ตอนบน,กุ้งกุลาดำ,278.69,True,dof_shrimp_production_monthly_2569.csv
2025-05-01,2025,2568,5,สุราษฎร์ธานี,ภาคใต้ตอนบน,กุ้งขาว,6187.24,True,dof_shrimp_production_monthly_2569.csv
2025-05-01,2025,2568,5,อุดรธานี,ภาคตะวันออกเฉียงเหนือ,กุ้งกุลาดำ,0.0,True,dof_shrimp_production_monthly_2569.csv
2025-05-01,2025,2568,5,อุดรธานี,ภาคตะวันออกเฉียงเหนือ,กุ้งขาว,2.0,True,dof_shrimp_production_monthly_2569.csv
2025-05-01,2025,2568,5,เพชรบุรี,ภาคกลาง,กุ้งกุลาดำ,3.0,True,dof_shrimp_production_monthly_2569.csv
2025-05-01,2025,2568,5,เพชรบุรี,ภาคกลาง,กุ้งขาว,631.27,True,dof_shrimp_production_monthly_2569.csv
2025-06-01,2025,2568,6,กระบี่,ภาคใต้ฝั่งอันดามัน,กุ้งกุลาดำ,150.86,True,dof_shrimp_production_monthly_2569.csv
2025-06-01,2025,2568,6,กระบี่,ภาคใต้ฝั่งอันดามัน,กุ้งขาว,932.24,True,dof_shrimp_production_monthly_2569.csv
2025-06-01,2025,2568,6,กรุงเทพมหานคร,ภาคกลาง,กุ้งกุลาดำ,0.0,True,dof_shrimp_production_monthly_2569.csv
2025-06-01,2025,2568,6,กรุงเทพมหานคร,ภาคกลาง,กุ้งขาว,2.1,True,dof_shrimp_production_monthly_2569.csv
2025-06-01,2025,2568,6,กาญจนบุรี,ภาคกลาง,กุ้งกุลาดำ,0.0,True,dof_shrimp_production_monthly_2569.csv
2025-06-01,2025,2568,6,กาญจนบุรี,ภาคกลาง,กุ้งขาว,7.63,True,dof_shrimp_production_monthly_2569.csv
2025-06-01,2025,2568,6,จันทบุรี,ภาคตะวันออก,กุ้งกุลาดำ,108.21,True,dof_shrimp_production_monthly_2569.csv
2025-06-01,2025,2568,6,จันทบุรี,ภาคตะวันออก,กุ้งขาว,2035.88,True,dof_shrimp_production_monthly_2569.csv
2025-06-01,2025,2568,6,ฉะเชิงเทรา,ภาคตะวันออก,กุ้งกุลาดำ,34.2,True,dof_shrimp_production_monthly_2569.csv
2025-06-01,2025,2568,6,ฉะเชิงเทรา,ภาคตะวันออก,กุ้งขาว,610.29,True,dof_shrimp_production_monthly_2569.csv
2025-06-01,2025,2568,6,ชลบุรี,ภาคตะวันออก,กุ้งกุลาดำ,0.0,True,dof_shrimp_production_monthly_2569.csv
2025-06-01,2025,2568,6,ชลบุรี,ภาคตะวันออก,กุ้งขาว,25.45,True,dof_shrimp_production_monthly_2569.csv
2025-06-01,2025,2568,6,ชัยภูมิ,ภาคตะวันออกเฉียงเหนือ,กุ้งกุลาดำ,0.0,True,dof_shrimp_production_monthly_2569.csv
2025-06-01,2025,2568,6,ชัยภูมิ,ภาคตะวันออกเฉียงเหนือ,กุ้งขาว,0.0,True,dof_shrimp_production_monthly_2569.csv
2025-06-01,2025,2568,6,ชุมพร,ภาคใต้ตอนบน,กุ้งกุลาดำ,113.28,True,dof_shrimp_production_monthly_2569.csv
2025-06-01,2025,2568,6,ชุมพร,ภาคใต้ตอนบน,กุ้งขาว,1428.0,True,dof_shrimp_production_monthly_2569.csv
2025-06-01,2025,2568,6,ตรัง,ภาคใต้ฝั่งอันดามัน,กุ้งกุลาดำ,15.6,True,dof_shrimp_production_monthly_2569.csv
2025-06-01,2025,2568,6,ตรัง,ภาคใต้ฝั่งอันดามัน,กุ้งขาว,1149.18,True,dof_shrimp_production_monthly_2569.csv
2025-06-01,2025,2568,6,ตราด,ภาคตะวันออก,กุ้งกุลาดำ,0.0,True,dof_shrimp_production_monthly_2569.csv
2025-06-01,2025,2568,6,ตราด,ภาคตะวันออก,กุ้งขาว,1026.54,True,dof_shrimp_production_monthly_2569.csv
2025-06-01,2025,2568,6,นครนายก,ภาคตะวันออก,กุ้งกุลาดำ,0.0,True,dof_shrimp_production_monthly_2569.csv
2025-06-01,2025,2568,6,นครนายก,ภาคตะวันออก,กุ้งขาว,32.4,True,dof_shrimp_production_monthly_2569.csv
2025-06-01,2025,2568,6,นครปฐม,ภาคกลาง,กุ้งกุลาดำ,3.7,True,dof_shrimp_production_monthly_2569.csv
2025-06-01,2025,2568,6,นครปฐม,ภาคกลาง,กุ้งขาว,636.02,True,dof_shrimp_production_monthly_2569.csv
2025-06-01,2025,2568,6,นครศรีธรรมราช,ภาคใต้ตอนล่างฝั่งอ่าวไทย,กุ้งกุลาดำ,110.33,True,dof_shrimp_production_monthly_2569.csv
2025-06-01,2025,2568,6,นครศรีธรรมราช,ภาคใต้ตอนล่างฝั่งอ่าวไทย,กุ้งขาว,978.14,True,dof_shrimp_production_monthly_2569.csv
2025-06-01,2025,2568,6,นนทบุรี,ภาคกลาง,กุ้งกุลาดำ,0.0,True,dof_shrimp_production_monthly_2569.csv
2025-06-01,2025,2568,6,นนทบุรี,ภาคกลาง,กุ้งขาว,32.03,True,dof_shrimp_production_monthly_2569.csv
2025-06-01,2025,2568,6,นราธิวาส,ภาคใต้ตอนล่างฝั่งอ่าวไทย,กุ้งกุลาดำ,7.87,True,dof_shrimp_production_monthly_2569.csv
2025-06-01,2025,2568,6,นราธิวาส,ภาคใต้ตอนล่างฝั่งอ่าวไทย,กุ้งขาว,10.0,True,dof_shrimp_production_monthly_2569.csv
2025-06-01,2025,2568,6,ปทุมธานี,ภาคกลาง,กุ้งกุลาดำ,0.0,True,dof_shrimp_production_monthly_2569.csv
2025-06-01,2025,2568,6,ปทุมธานี,ภาคกลาง,กุ้งขาว,25.24,True,dof_shrimp_production_monthly_2569.csv
2025-06-01,2025,2568,6,ประจวบคีรีขันธ์,ภาคใต้ตอนบน,กุ้งกุลาดำ,20.41,True,dof_shrimp_production_monthly_2569.csv
2025-06-01,2025,2568,6,ประจวบคีรีขันธ์,ภาคใต้ตอนบน,กุ้งขาว,1088.3,True,dof_shrimp_production_monthly_2569.csv
2025-06-01,2025,2568,6,ปราจีนบุรี,ภาคตะวันออก,กุ้งกุลาดำ,0.3,True,dof_shrimp_production_monthly_2569.csv
2025-06-01,2025,2568,6,ปราจีนบุรี,ภาคตะวันออก,กุ้งขาว,146.23,True,dof_shrimp_production_monthly_2569.csv
2025-06-01,2025,2568,6,ปัตตานี,ภาคใต้ตอนล่างฝั่งอ่าวไทย,กุ้งกุลาดำ,0.0,True,dof_shrimp_production_monthly_2569.csv
2025-06-01,2025,2568,6,ปัตตานี,ภาคใต้ตอนล่างฝั่งอ่าวไทย,กุ้งขาว,147.85,True,dof_shrimp_production_monthly_2569.csv
2025-06-01,2025,2568,6,พระนครศรีอยุธยา,ภาคกลาง,กุ้งกุลาดำ,0.0,True,dof_shrimp_production_monthly_2569.csv
2025-06-01,2025,2568,6,พระนครศรีอยุธยา,ภาคกลาง,กุ้งขาว,71.59,True,dof_shrimp_production_monthly_2569.csv
2025-06-01,2025,2568,6,พังงา,ภาคใต้ฝั่งอันดามัน,กุ้งกุลาดำ,158.96,True,dof_shrimp_production_monthly_2569.csv
2025-06-01,2025,2568,6,พังงา,ภาคใต้ฝั่งอันดามัน,กุ้งขาว,735.03,True,dof_shrimp_production_monthly_2569.csv
2025-06-01,2025,2568,6,พัทลุง,ภาคใต้ตอนล่างฝั่งอ่าวไทย,กุ้งกุลาดำ,0.0,True,dof_shrimp_production_monthly_2569.csv
2025-06-01,2025,2568,6,พัทลุง,ภาคใต้ตอนล่างฝั่งอ่าวไทย,กุ้งขาว,37.14,True,dof_shrimp_production_monthly_2569.csv
2025-06-01,2025,2568,6,ภูเก็ต,ภาคใต้ฝั่งอันดามัน,กุ้งกุลาดำ,86.04,True,dof_shrimp_production_monthly_2569.csv
2025-06-01,2025,2568,6,ภูเก็ต,ภาคใต้ฝั่งอันดามัน,กุ้งขาว,171.83,True,dof_shrimp_production_monthly_2569.csv
2025-06-01,2025,2568,6,ระนอง,ภาคใต้ตอนบน,กุ้งกุลาดำ,39.29,True,dof_shrimp_production_monthly_2569.csv
2025-06-01,2025,2568,6,ระนอง,ภาคใต้ตอนบน,กุ้งขาว,992.32,True,dof_shrimp_production_monthly_2569.csv
2025-06-01,2025,2568,6,ระยอง,ภาคตะวันออก,กุ้งกุลาดำ,4.9,True,dof_shrimp_production_monthly_2569.csv
2025-06-01,2025,2568,6,ระยอง,ภาคตะวันออก,กุ้งขาว,413.8,True,dof_shrimp_production_monthly_2569.csv
2025-06-01,2025,2568,6,ราชบุรี,ภาคกลาง,กุ้งกุลาดำ,0.0,True,dof_shrimp_production_monthly_2569.csv
2025-06-01,2025,2568,6,ราชบุรี,ภาคกลาง,กุ้งขาว,432.92,True,dof_shrimp_production_monthly_2569.csv
2025-06-01,2025,2568,6,สงขลา,ภาคใต้ตอนล่างฝั่งอ่าวไทย,กุ้งกุลาดำ,65.89,True,dof_shrimp_production_monthly_2569.csv
2025-06-01,2025,2568,6,สงขลา,ภาคใต้ตอนล่างฝั่งอ่าวไทย,กุ้งขาว,798.67,True,dof_shrimp_production_monthly_2569.csv
2025-06-01,2025,2568,6,สตูล,ภาคใต้ฝั่งอันดามัน,กุ้งกุลาดำ,135.02,True,dof_shrimp_production_monthly_2569.csv
2025-06-01,2025,2568,6,สตูล,ภาคใต้ฝั่งอันดามัน,กุ้งขาว,699.93,True,dof_shrimp_production_monthly_2569.csv
2025-06-01,2025,2568,6,สมุทรปราการ,ภาคกลาง,กุ้งกุลาดำ,0.0,True,dof_shrimp_production_monthly_2569.csv
2025-06-01,2025,2568,6,สมุทรปราการ,ภาคกลาง,กุ้งขาว,40.0,True,dof_shrimp_production_monthly_2569.csv
2025-06-01,2025,2568,6,สมุทรสงคราม,ภาคกลาง,กุ้งกุลาดำ,0.0,True,dof_shrimp_production_monthly_2569.csv
2025-06-01,2025,2568,6,สมุทรสงคราม,ภาคกลาง,กุ้งขาว,132.05,True,dof_shrimp_production_monthly_2569.csv
2025-06-01,2025,2568,6,สมุทรสาคร,ภาคกลาง,กุ้งกุลาดำ,0.0,True,dof_shrimp_production_monthly_2569.csv
2025-06-01,2025,2568,6,สมุทรสาคร,ภาคกลาง,กุ้งขาว,204.12,True,dof_shrimp_production_monthly_2569.csv
2025-06-01,2025,2568,6,สุพรรณบุรี,ภาคกลาง,กุ้งกุลาดำ,0.0,True,dof_shrimp_production_monthly_2569.csv
2025-06-01,2025,2568,6,สุพรรณบุรี,ภาคกลาง,กุ้งขาว,213.75,True,dof_shrimp_production_monthly_2569.csv
2025-06-01,2025,2568,6,สุราษฎร์ธานี,ภาคใต้ตอนบน,กุ้งกุลาดำ,118.99,True,dof_shrimp_production_monthly_2569.csv
2025-06-01,2025,2568,6,สุราษฎร์ธานี,ภาคใต้ตอนบน,กุ้งขาว,5021.51,True,dof_shrimp_production_monthly_2569.csv
2025-06-01,2025,2568,6,อุดรธานี,ภาคตะวันออกเฉียงเหนือ,กุ้งกุลาดำ,0.0,True,dof_shrimp_production_monthly_2569.csv
2025-06-01,2025,2568,6,อุดรธานี,ภาคตะวันออกเฉียงเหนือ,กุ้งขาว,0.35,True,dof_shrimp_production_monthly_2569.csv
2025-06-01,2025,2568,6,เพชรบุรี,ภาคกลาง,กุ้งกุลาดำ,0.0,True,dof_shrimp_production_monthly_2569.csv
2025-06-01,2025,2568,6,เพชรบุรี,ภาคกลาง,กุ้งขาว,361.43,True,dof_shrimp_production_monthly_2569.csv
2025-07-01,2025,2568,7,กระบี่,ภาคใต้ฝั่งอันดามัน,กุ้งกุลาดำ,150.97,True,dof_shrimp_production_monthly_2569.csv
2025-07-01,2025,2568,7,กระบี่,ภาคใต้ฝั่งอันดามัน,กุ้งขาว,1037.47,True,dof_shrimp_production_monthly_2569.csv
2025-07-01,2025,2568,7,กรุงเทพมหานคร,ภาคกลาง,กุ้งกุลาดำ,0.0,True,dof_shrimp_production_monthly_2569.csv
2025-07-01,2025,2568,7,กรุงเทพมหานคร,ภาคกลาง,กุ้งขาว,0.0,True,dof_shrimp_production_monthly_2569.csv
2025-07-01,2025,2568,7,กาญจนบุรี,ภาคกลาง,กุ้งกุลาดำ,0.0,True,dof_shrimp_production_monthly_2569.csv
2025-07-01,2025,2568,7,กาญจนบุรี,ภาคกลาง,กุ้งขาว,43.42,True,dof_shrimp_production_monthly_2569.csv
2025-07-01,2025,2568,7,จันทบุรี,ภาคตะวันออก,กุ้งกุลาดำ,158.35,True,dof_shrimp_production_monthly_2569.csv
2025-07-01,2025,2568,7,จันทบุรี,ภาคตะวันออก,กุ้งขาว,1384.11,True,dof_shrimp_production_monthly_2569.csv
2025-07-01,2025,2568,7,ฉะเชิงเทรา,ภาคตะวันออก,กุ้งกุลาดำ,0.0,True,dof_shrimp_production_monthly_2569.csv
2025-07-01,2025,2568,7,ฉะเชิงเทรา,ภาคตะวันออก,กุ้งขาว,615.39,True,dof_shrimp_production_monthly_2569.csv
2025-07-01,2025,2568,7,ชลบุรี,ภาคตะวันออก,กุ้งกุลาดำ,0.0,True,dof_shrimp_production_monthly_2569.csv
2025-07-01,2025,2568,7,ชลบุรี,ภาคตะวันออก,กุ้งขาว,0.0,True,dof_shrimp_production_monthly_2569.csv
2025-07-01,2025,2568,7,ชัยภูมิ,ภาคตะวันออกเฉียงเหนือ,กุ้งกุลาดำ,0.0,True,dof_shrimp_production_monthly_2569.csv
2025-07-01,2025,2568,7,ชัยภูมิ,ภาคตะวันออกเฉียงเหนือ,กุ้งขาว,0.0,True,dof_shrimp_production_monthly_2569.csv
2025-07-01,2025,2568,7,ชุมพร,ภาคใต้ตอนบน,กุ้งกุลาดำ,136.31,True,dof_shrimp_production_monthly_2569.csv
2025-07-01,2025,2568,7,ชุมพร,ภาคใต้ตอนบน,กุ้งขาว,1310.11,True,dof_shrimp_production_monthly_2569.csv
2025-07-01,2025,2568,7,ตรัง,ภาคใต้ฝั่งอันดามัน,กุ้งกุลาดำ,69.41,True,dof_shrimp_production_monthly_2569.csv
2025-07-01,2025,2568,7,ตรัง,ภาคใต้ฝั่งอันดามัน,กุ้งขาว,1767.72,True,dof_shrimp_production_monthly_2569.csv
2025-07-01,2025,2568,7,ตราด,ภาคตะวันออก,กุ้งกุลาดำ,3.0,True,dof_shrimp_production_monthly_2569.csv
2025-07-01,2025,2568,7,ตราด,ภาคตะวันออก,กุ้งขาว,874.91,True,dof_shrimp_production_monthly_2569.csv
2025-07-01,2025,2568,7,นครนายก,ภาคตะวันออก,กุ้งกุลาดำ,0.0,True,dof_shrimp_production_monthly_2569.csv
2025-07-01,2025,2568,7,นครนายก,ภาคตะวันออก,กุ้งขาว,79.14,True,dof_shrimp_production_monthly_2569.csv
2025-07-01,2025,2568,7,นครปฐม,ภาคกลาง,กุ้งกุลาดำ,0.0,True,dof_shrimp_production_monthly_2569.csv
2025-07-01,2025,2568,7,นครปฐม,ภาคกลาง,กุ้งขาว,427.65,True,dof_shrimp_production_monthly_2569.csv
2025-07-01,2025,2568,7,นครศรีธรรมราช,ภาคใต้ตอนล่างฝั่งอ่าวไทย,กุ้งกุลาดำ,87.42,True,dof_shrimp_production_monthly_2569.csv
2025-07-01,2025,2568,7,นครศรีธรรมราช,ภาคใต้ตอนล่างฝั่งอ่าวไทย,กุ้งขาว,1199.61,True,dof_shrimp_production_monthly_2569.csv
2025-07-01,2025,2568,7,นนทบุรี,ภาคกลาง,กุ้งกุลาดำ,0.0,True,dof_shrimp_production_monthly_2569.csv
2025-07-01,2025,2568,7,นนทบุรี,ภาคกลาง,กุ้งขาว,23.98,True,dof_shrimp_production_monthly_2569.csv
2025-07-01,2025,2568,7,นราธิวาส,ภาคใต้ตอนล่างฝั่งอ่าวไทย,กุ้งกุลาดำ,0.0,True,dof_shrimp_production_monthly_2569.csv
2025-07-01,2025,2568,7,นราธิวาส,ภาคใต้ตอนล่างฝั่งอ่าวไทย,กุ้งขาว,30.2,True,dof_shrimp_production_monthly_2569.csv
2025-07-01,2025,2568,7,ปทุมธานี,ภาคกลาง,กุ้งกุลาดำ,0.0,True,dof_shrimp_production_monthly_2569.csv
2025-07-01,2025,2568,7,ปทุมธานี,ภาคกลาง,กุ้งขาว,40.7,True,dof_shrimp_production_monthly_2569.csv
2025-07-01,2025,2568,7,ประจวบคีรีขันธ์,ภาคใต้ตอนบน,กุ้งกุลาดำ,12.77,True,dof_shrimp_production_monthly_2569.csv
2025-07-01,2025,2568,7,ประจวบคีรีขันธ์,ภาคใต้ตอนบน,กุ้งขาว,921.58,True,dof_shrimp_production_monthly_2569.csv
2025-07-01,2025,2568,7,ปราจีนบุรี,ภาคตะวันออก,กุ้งกุลาดำ,2.18,True,dof_shrimp_production_monthly_2569.csv
2025-07-01,2025,2568,7,ปราจีนบุรี,ภาคตะวันออก,กุ้งขาว,244.78,True,dof_shrimp_production_monthly_2569.csv
2025-07-01,2025,2568,7,ปัตตานี,ภาคใต้ตอนล่างฝั่งอ่าวไทย,กุ้งกุลาดำ,0.0,True,dof_shrimp_production_monthly_2569.csv
2025-07-01,2025,2568,7,ปัตตานี,ภาคใต้ตอนล่างฝั่งอ่าวไทย,กุ้งขาว,288.7,True,dof_shrimp_production_monthly_2569.csv
2025-07-01,2025,2568,7,พระนครศรีอยุธยา,ภาคกลาง,กุ้งกุลาดำ,0.0,True,dof_shrimp_production_monthly_2569.csv
2025-07-01,2025,2568,7,พระนครศรีอยุธยา,ภาคกลาง,กุ้งขาว,64.4,True,dof_shrimp_production_monthly_2569.csv
2025-07-01,2025,2568,7,พังงา,ภาคใต้ฝั่งอันดามัน,กุ้งกุลาดำ,204.99,True,dof_shrimp_production_monthly_2569.csv
2025-07-01,2025,2568,7,พังงา,ภาคใต้ฝั่งอันดามัน,กุ้งขาว,1028.74,True,dof_shrimp_production_monthly_2569.csv
2025-07-01,2025,2568,7,พัทลุง,ภาคใต้ตอนล่างฝั่งอ่าวไทย,กุ้งกุลาดำ,0.0,True,dof_shrimp_production_monthly_2569.csv
2025-07-01,2025,2568,7,พัทลุง,ภาคใต้ตอนล่างฝั่งอ่าวไทย,กุ้งขาว,66.9,True,dof_shrimp_production_monthly_2569.csv
2025-07-01,2025,2568,7,ภูเก็ต,ภาคใต้ฝั่งอันดามัน,กุ้งกุลาดำ,132.02,True,dof_shrimp_production_monthly_2569.csv
2025-07-01,2025,2568,7,ภูเก็ต,ภาคใต้ฝั่งอันดามัน,กุ้งขาว,280.98,True,dof_shrimp_production_monthly_2569.csv
2025-07-01,2025,2568,7,ระนอง,ภาคใต้ตอนบน,กุ้งกุลาดำ,33.45,True,dof_shrimp_production_monthly_2569.csv
2025-07-01,2025,2568,7,ระนอง,ภาคใต้ตอนบน,กุ้งขาว,446.16,True,dof_shrimp_production_monthly_2569.csv
2025-07-01,2025,2568,7,ระยอง,ภาคตะวันออก,กุ้งกุลาดำ,0.0,True,dof_shrimp_production_monthly_2569.csv
2025-07-01,2025,2568,7,ระยอง,ภาคตะวันออก,กุ้งขาว,474.79,True,dof_shrimp_production_monthly_2569.csv
2025-07-01,2025,2568,7,ราชบุรี,ภาคกลาง,กุ้งกุลาดำ,0.0,True,dof_shrimp_production_monthly_2569.csv
2025-07-01,2025,2568,7,ราชบุรี,ภาคกลาง,กุ้งขาว,497.61,True,dof_shrimp_production_monthly_2569.csv
2025-07-01,2025,2568,7,สงขลา,ภาคใต้ตอนล่างฝั่งอ่าวไทย,กุ้งกุลาดำ,104.95,True,dof_shrimp_production_monthly_2569.csv
2025-07-01,2025,2568,7,สงขลา,ภาคใต้ตอนล่างฝั่งอ่าวไทย,กุ้งขาว,1095.87,True,dof_shrimp_production_monthly_2569.csv
2025-07-01,2025,2568,7,สตูล,ภาคใต้ฝั่งอันดามัน,กุ้งกุลาดำ,57.21,True,dof_shrimp_production_monthly_2569.csv
2025-07-01,2025,2568,7,สตูล,ภาคใต้ฝั่งอันดามัน,กุ้งขาว,895.69,True,dof_shrimp_production_monthly_2569.csv
2025-07-01,2025,2568,7,สมุทรปราการ,ภาคกลาง,กุ้งกุลาดำ,0.0,True,dof_shrimp_production_monthly_2569.csv
2025-07-01,2025,2568,7,สมุทรปราการ,ภาคกลาง,กุ้งขาว,50.0,True,dof_shrimp_production_monthly_2569.csv
2025-07-01,2025,2568,7,สมุทรสงคราม,ภาคกลาง,กุ้งกุลาดำ,0.0,True,dof_shrimp_production_monthly_2569.csv
2025-07-01,2025,2568,7,สมุทรสงคราม,ภาคกลาง,กุ้งขาว,95.65,True,dof_shrimp_production_monthly_2569.csv
2025-07-01,2025,2568,7,สมุทรสาคร,ภาคกลาง,กุ้งกุลาดำ,0.0,True,dof_shrimp_production_monthly_2569.csv
2025-07-01,2025,2568,7,สมุทรสาคร,ภาคกลาง,กุ้งขาว,358.76,True,dof_shrimp_production_monthly_2569.csv
2025-07-01,2025,2568,7,สุพรรณบุรี,ภาคกลาง,กุ้งกุลาดำ,0.0,True,dof_shrimp_production_monthly_2569.csv
2025-07-01,2025,2568,7,สุพรรณบุรี,ภาคกลาง,กุ้งขาว,94.66,True,dof_shrimp_production_monthly_2569.csv
2025-07-01,2025,2568,7,สุราษฎร์ธานี,ภาคใต้ตอนบน,กุ้งกุลาดำ,194.3,True,dof_shrimp_production_monthly_2569.csv
2025-07-01,2025,2568,7,สุราษฎร์ธานี,ภาคใต้ตอนบน,กุ้งขาว,4497.23,True,dof_shrimp_production_monthly_2569.csv
2025-07-01,2025,2568,7,อุดรธานี,ภาคตะวันออกเฉียงเหนือ,กุ้งกุลาดำ,0.0,True,dof_shrimp_production_monthly_2569.csv
2025-07-01,2025,2568,7,อุดรธานี,ภาคตะวันออกเฉียงเหนือ,กุ้งขาว,0.0,True,dof_shrimp_production_monthly_2569.csv
2025-07-01,2025,2568,7,เพชรบุรี,ภาคกลาง,กุ้งกุลาดำ,0.0,True,dof_shrimp_production_monthly_2569.csv
2025-07-01,2025,2568,7,เพชรบุรี,ภาคกลาง,กุ้งขาว,406.11,True,dof_shrimp_production_monthly_2569.csv
2025-08-01,2025,2568,8,กระบี่,ภาคใต้ฝั่งอันดามัน,กุ้งกุลาดำ,340.7,True,dof_shrimp_production_monthly_2569.csv
2025-08-01,2025,2568,8,กระบี่,ภาคใต้ฝั่งอันดามัน,กุ้งขาว,762.56,True,dof_shrimp_production_monthly_2569.csv
2025-08-01,2025,2568,8,กรุงเทพมหานคร,ภาคกลาง,กุ้งกุลาดำ,0.0,True,dof_shrimp_production_monthly_2569.csv
2025-08-01,2025,2568,8,กรุงเทพมหานคร,ภาคกลาง,กุ้งขาว,12.3,True,dof_shrimp_production_monthly_2569.csv
2025-08-01,2025,2568,8,กาญจนบุรี,ภาคกลาง,กุ้งกุลาดำ,0.0,True,dof_shrimp_production_monthly_2569.csv
2025-08-01,2025,2568,8,กาญจนบุรี,ภาคกลาง,กุ้งขาว,44.5,True,dof_shrimp_production_monthly_2569.csv
2025-08-01,2025,2568,8,จันทบุรี,ภาคตะวันออก,กุ้งกุลาดำ,94.49,True,dof_shrimp_production_monthly_2569.csv
2025-08-01,2025,2568,8,จันทบุรี,ภาคตะวันออก,กุ้งขาว,1344.14,True,dof_shrimp_production_monthly_2569.csv
2025-08-01,2025,2568,8,ฉะเชิงเทรา,ภาคตะวันออก,กุ้งกุลาดำ,0.0,True,dof_shrimp_production_monthly_2569.csv
2025-08-01,2025,2568,8,ฉะเชิงเทรา,ภาคตะวันออก,กุ้งขาว,1152.71,True,dof_shrimp_production_monthly_2569.csv
2025-08-01,2025,2568,8,ชลบุรี,ภาคตะวันออก,กุ้งกุลาดำ,0.0,True,dof_shrimp_production_monthly_2569.csv
2025-08-01,2025,2568,8,ชลบุรี,ภาคตะวันออก,กุ้งขาว,0.0,True,dof_shrimp_production_monthly_2569.csv
2025-08-01,2025,2568,8,ชัยภูมิ,ภาคตะวันออกเฉียงเหนือ,กุ้งกุลาดำ,0.0,True,dof_shrimp_production_monthly_2569.csv
2025-08-01,2025,2568,8,ชัยภูมิ,ภาคตะวันออกเฉียงเหนือ,กุ้งขาว,0.0,True,dof_shrimp_production_monthly_2569.csv
2025-08-01,2025,2568,8,ชุมพร,ภาคใต้ตอนบน,กุ้งกุลาดำ,230.43,True,dof_shrimp_production_monthly_2569.csv
2025-08-01,2025,2568,8,ชุมพร,ภาคใต้ตอนบน,กุ้งขาว,1181.47,True,dof_shrimp_production_monthly_2569.csv
2025-08-01,2025,2568,8,ตรัง,ภาคใต้ฝั่งอันดามัน,กุ้งกุลาดำ,98.43,True,dof_shrimp_production_monthly_2569.csv
2025-08-01,2025,2568,8,ตรัง,ภาคใต้ฝั่งอันดามัน,กุ้งขาว,2030.18,True,dof_shrimp_production_monthly_2569.csv
2025-08-01,2025,2568,8,ตราด,ภาคตะวันออก,กุ้งกุลาดำ,3.4,True,dof_shrimp_production_monthly_2569.csv
2025-08-01,2025,2568,8,ตราด,ภาคตะวันออก,กุ้งขาว,732.49,True,dof_shrimp_production_monthly_2569.csv
2025-08-01,2025,2568,8,นครนายก,ภาคตะวันออก,กุ้งกุลาดำ,0.0,True,dof_shrimp_production_monthly_2569.csv
2025-08-01,2025,2568,8,นครนายก,ภาคตะวันออก,กุ้งขาว,82.7,True,dof_shrimp_production_monthly_2569.csv
2025-08-01,2025,2568,8,นครปฐม,ภาคกลาง,กุ้งกุลาดำ,0.0,True,dof_shrimp_production_monthly_2569.csv
2025-08-01,2025,2568,8,นครปฐม,ภาคกลาง,กุ้งขาว,374.96,True,dof_shrimp_production_monthly_2569.csv
2025-08-01,2025,2568,8,นครศรีธรรมราช,ภาคใต้ตอนล่างฝั่งอ่าวไทย,กุ้งกุลาดำ,134.01,True,dof_shrimp_production_monthly_2569.csv
2025-08-01,2025,2568,8,นครศรีธรรมราช,ภาคใต้ตอนล่างฝั่งอ่าวไทย,กุ้งขาว,1359.92,True,dof_shrimp_production_monthly_2569.csv
2025-08-01,2025,2568,8,นนทบุรี,ภาคกลาง,กุ้งกุลาดำ,0.0,True,dof_shrimp_production_monthly_2569.csv
2025-08-01,2025,2568,8,นนทบุรี,ภาคกลาง,กุ้งขาว,26.21,True,dof_shrimp_production_monthly_2569.csv
2025-08-01,2025,2568,8,นราธิวาส,ภาคใต้ตอนล่างฝั่งอ่าวไทย,กุ้งกุลาดำ,0.0,True,dof_shrimp_production_monthly_2569.csv
2025-08-01,2025,2568,8,นราธิวาส,ภาคใต้ตอนล่างฝั่งอ่าวไทย,กุ้งขาว,18.4,True,dof_shrimp_production_monthly_2569.csv
2025-08-01,2025,2568,8,ปทุมธานี,ภาคกลาง,กุ้งกุลาดำ,0.0,True,dof_shrimp_production_monthly_2569.csv
2025-08-01,2025,2568,8,ปทุมธานี,ภาคกลาง,กุ้งขาว,31.19,True,dof_shrimp_production_monthly_2569.csv
2025-08-01,2025,2568,8,ประจวบคีรีขันธ์,ภาคใต้ตอนบน,กุ้งกุลาดำ,2.0,True,dof_shrimp_production_monthly_2569.csv
2025-08-01,2025,2568,8,ประจวบคีรีขันธ์,ภาคใต้ตอนบน,กุ้งขาว,1029.86,True,dof_shrimp_production_monthly_2569.csv
2025-08-01,2025,2568,8,ปราจีนบุรี,ภาคตะวันออก,กุ้งกุลาดำ,0.0,True,dof_shrimp_production_monthly_2569.csv
2025-08-01,2025,2568,8,ปราจีนบุรี,ภาคตะวันออก,กุ้งขาว,167.08,True,dof_shrimp_production_monthly_2569.csv
2025-08-01,2025,2568,8,ปัตตานี,ภาคใต้ตอนล่างฝั่งอ่าวไทย,กุ้งกุลาดำ,0.0,True,dof_shrimp_production_monthly_2569.csv
2025-08-01,2025,2568,8,ปัตตานี,ภาคใต้ตอนล่างฝั่งอ่าวไทย,กุ้งขาว,72.03,True,dof_shrimp_production_monthly_2569.csv
2025-08-01,2025,2568,8,พระนครศรีอยุธยา,ภาคกลาง,กุ้งกุลาดำ,0.0,True,dof_shrimp_production_monthly_2569.csv
2025-08-01,2025,2568,8,พระนครศรีอยุธยา,ภาคกลาง,กุ้งขาว,39.14,True,dof_shrimp_production_monthly_2569.csv
2025-08-01,2025,2568,8,พังงา,ภาคใต้ฝั่งอันดามัน,กุ้งกุลาดำ,199.11,True,dof_shrimp_production_monthly_2569.csv
2025-08-01,2025,2568,8,พังงา,ภาคใต้ฝั่งอันดามัน,กุ้งขาว,783.17,True,dof_shrimp_production_monthly_2569.csv
2025-08-01,2025,2568,8,พัทลุง,ภาคใต้ตอนล่างฝั่งอ่าวไทย,กุ้งกุลาดำ,0.0,True,dof_shrimp_production_monthly_2569.csv
2025-08-01,2025,2568,8,พัทลุง,ภาคใต้ตอนล่างฝั่งอ่าวไทย,กุ้งขาว,50.15,True,dof_shrimp_production_monthly_2569.csv
2025-08-01,2025,2568,8,ภูเก็ต,ภาคใต้ฝั่งอันดามัน,กุ้งกุลาดำ,12.49,True,dof_shrimp_production_monthly_2569.csv
2025-08-01,2025,2568,8,ภูเก็ต,ภาคใต้ฝั่งอันดามัน,กุ้งขาว,116.9,True,dof_shrimp_production_monthly_2569.csv
2025-08-01,2025,2568,8,ระนอง,ภาคใต้ตอนบน,กุ้งกุลาดำ,34.41,True,dof_shrimp_production_monthly_2569.csv
2025-08-01,2025,2568,8,ระนอง,ภาคใต้ตอนบน,กุ้งขาว,290.65,True,dof_shrimp_production_monthly_2569.csv
2025-08-01,2025,2568,8,ระยอง,ภาคตะวันออก,กุ้งกุลาดำ,13.6,True,dof_shrimp_production_monthly_2569.csv
2025-08-01,2025,2568,8,ระยอง,ภาคตะวันออก,กุ้งขาว,355.12,True,dof_shrimp_production_monthly_2569.csv
2025-08-01,2025,2568,8,ราชบุรี,ภาคกลาง,กุ้งกุลาดำ,0.0,True,dof_shrimp_production_monthly_2569.csv
2025-08-01,2025,2568,8,ราชบุรี,ภาคกลาง,กุ้งขาว,732.33,True,dof_shrimp_production_monthly_2569.csv
2025-08-01,2025,2568,8,สงขลา,ภาคใต้ตอนล่างฝั่งอ่าวไทย,กุ้งกุลาดำ,183.65,True,dof_shrimp_production_monthly_2569.csv
2025-08-01,2025,2568,8,สงขลา,ภาคใต้ตอนล่างฝั่งอ่าวไทย,กุ้งขาว,1067.15,True,dof_shrimp_production_monthly_2569.csv
2025-08-01,2025,2568,8,สตูล,ภาคใต้ฝั่งอันดามัน,กุ้งกุลาดำ,58.28,True,dof_shrimp_production_monthly_2569.csv
2025-08-01,2025,2568,8,สตูล,ภาคใต้ฝั่งอันดามัน,กุ้งขาว,1300.57,True,dof_shrimp_production_monthly_2569.csv
2025-08-01,2025,2568,8,สมุทรปราการ,ภาคกลาง,กุ้งกุลาดำ,0.0,True,dof_shrimp_production_monthly_2569.csv
2025-08-01,2025,2568,8,สมุทรปราการ,ภาคกลาง,กุ้งขาว,17.0,True,dof_shrimp_production_monthly_2569.csv
2025-08-01,2025,2568,8,สมุทรสงคราม,ภาคกลาง,กุ้งกุลาดำ,3.52,True,dof_shrimp_production_monthly_2569.csv
2025-08-01,2025,2568,8,สมุทรสงคราม,ภาคกลาง,กุ้งขาว,92.64,True,dof_shrimp_production_monthly_2569.csv
2025-08-01,2025,2568,8,สมุทรสาคร,ภาคกลาง,กุ้งกุลาดำ,0.0,True,dof_shrimp_production_monthly_2569.csv
2025-08-01,2025,2568,8,สมุทรสาคร,ภาคกลาง,กุ้งขาว,176.21,True,dof_shrimp_production_monthly_2569.csv
2025-08-01,2025,2568,8,สุพรรณบุรี,ภาคกลาง,กุ้งกุลาดำ,0.0,True,dof_shrimp_production_monthly_2569.csv
2025-08-01,2025,2568,8,สุพรรณบุรี,ภาคกลาง,กุ้งขาว,172.3,True,dof_shrimp_production_monthly_2569.csv
2025-08-01,2025,2568,8,สุราษฎร์ธานี,ภาคใต้ตอนบน,กุ้งกุลาดำ,246.18,True,dof_shrimp_production_monthly_2569.csv
2025-08-01,2025,2568,8,สุราษฎร์ธานี,ภาคใต้ตอนบน,กุ้งขาว,4359.26,True,dof_shrimp_production_monthly_2569.csv
2025-08-01,2025,2568,8,อุดรธานี,ภาคตะวันออกเฉียงเหนือ,กุ้งกุลาดำ,0.0,True,dof_shrimp_production_monthly_2569.csv
2025-08-01,2025,2568,8,อุดรธานี,ภาคตะวันออกเฉียงเหนือ,กุ้งขาว,0.0,True,dof_shrimp_production_monthly_2569.csv
2025-08-01,2025,2568,8,เพชรบุรี,ภาคกลาง,กุ้งกุลาดำ,0.0,True,dof_shrimp_production_monthly_2569.csv
2025-08-01,2025,2568,8,เพชรบุรี,ภาคกลาง,กุ้งขาว,309.59,True,dof_shrimp_production_monthly_2569.csv
2025-09-01,2025,2568,9,กระบี่,ภาคใต้ฝั่งอันดามัน,กุ้งกุลาดำ,415.27,True,dof_shrimp_production_monthly_2569.csv
2025-09-01,2025,2568,9,กระบี่,ภาคใต้ฝั่งอันดามัน,กุ้งขาว,606.89,True,dof_shrimp_production_monthly_2569.csv
2025-09-01,2025,2568,9,กรุงเทพมหานคร,ภาคกลาง,กุ้งกุลาดำ,0.19,True,dof_shrimp_production_monthly_2569.csv
2025-09-01,2025,2568,9,กรุงเทพมหานคร,ภาคกลาง,กุ้งขาว,0.0,True,dof_shrimp_production_monthly_2569.csv
2025-09-01,2025,2568,9,กาญจนบุรี,ภาคกลาง,กุ้งกุลาดำ,0.0,True,dof_shrimp_production_monthly_2569.csv
2025-09-01,2025,2568,9,กาญจนบุรี,ภาคกลาง,กุ้งขาว,57.75,True,dof_shrimp_production_monthly_2569.csv
2025-09-01,2025,2568,9,จันทบุรี,ภาคตะวันออก,กุ้งกุลาดำ,97.61,True,dof_shrimp_production_monthly_2569.csv
2025-09-01,2025,2568,9,จันทบุรี,ภาคตะวันออก,กุ้งขาว,1545.49,True,dof_shrimp_production_monthly_2569.csv
2025-09-01,2025,2568,9,ฉะเชิงเทรา,ภาคตะวันออก,กุ้งกุลาดำ,7.47,True,dof_shrimp_production_monthly_2569.csv
2025-09-01,2025,2568,9,ฉะเชิงเทรา,ภาคตะวันออก,กุ้งขาว,1605.32,True,dof_shrimp_production_monthly_2569.csv
2025-09-01,2025,2568,9,ชลบุรี,ภาคตะวันออก,กุ้งกุลาดำ,0.0,True,dof_shrimp_production_monthly_2569.csv
2025-09-01,2025,2568,9,ชลบุรี,ภาคตะวันออก,กุ้งขาว,0.0,True,dof_shrimp_production_monthly_2569.csv
2025-09-01,2025,2568,9,ชัยภูมิ,ภาคตะวันออกเฉียงเหนือ,กุ้งกุลาดำ,0.0,True,dof_shrimp_production_monthly_2569.csv
2025-09-01,2025,2568,9,ชัยภูมิ,ภาคตะวันออกเฉียงเหนือ,กุ้งขาว,0.0,True,dof_shrimp_production_monthly_2569.csv
2025-09-01,2025,2568,9,ชุมพร,ภาคใต้ตอนบน,กุ้งกุลาดำ,221.29,True,dof_shrimp_production_monthly_2569.csv
2025-09-01,2025,2568,9,ชุมพร,ภาคใต้ตอนบน,กุ้งขาว,1080.34,True,dof_shrimp_production_monthly_2569.csv
2025-09-01,2025,2568,9,ตรัง,ภาคใต้ฝั่งอันดามัน,กุ้งกุลาดำ,101.74,True,dof_shrimp_production_monthly_2569.csv
2025-09-01,2025,2568,9,ตรัง,ภาคใต้ฝั่งอันดามัน,กุ้งขาว,1842.0,True,dof_shrimp_production_monthly_2569.csv
2025-09-01,2025,2568,9,ตราด,ภาคตะวันออก,กุ้งกุลาดำ,0.0,True,dof_shrimp_production_monthly_2569.csv
2025-09-01,2025,2568,9,ตราด,ภาคตะวันออก,กุ้งขาว,624.36,True,dof_shrimp_production_monthly_2569.csv
2025-09-01,2025,2568,9,นครนายก,ภาคตะวันออก,กุ้งกุลาดำ,0.0,True,dof_shrimp_production_monthly_2569.csv
2025-09-01,2025,2568,9,นครนายก,ภาคตะวันออก,กุ้งขาว,61.51,True,dof_shrimp_production_monthly_2569.csv
2025-09-01,2025,2568,9,นครปฐม,ภาคกลาง,กุ้งกุลาดำ,0.0,True,dof_shrimp_production_monthly_2569.csv
2025-09-01,2025,2568,9,นครปฐม,ภาคกลาง,กุ้งขาว,456.2,True,dof_shrimp_production_monthly_2569.csv
2025-09-01,2025,2568,9,นครศรีธรรมราช,ภาคใต้ตอนล่างฝั่งอ่าวไทย,กุ้งกุลาดำ,158.86,True,dof_shrimp_production_monthly_2569.csv
2025-09-01,2025,2568,9,นครศรีธรรมราช,ภาคใต้ตอนล่างฝั่งอ่าวไทย,กุ้งขาว,1223.05,True,dof_shrimp_production_monthly_2569.csv
2025-09-01,2025,2568,9,นนทบุรี,ภาคกลาง,กุ้งกุลาดำ,0.0,True,dof_shrimp_production_monthly_2569.csv
2025-09-01,2025,2568,9,นนทบุรี,ภาคกลาง,กุ้งขาว,39.3,True,dof_shrimp_production_monthly_2569.csv
2025-09-01,2025,2568,9,นราธิวาส,ภาคใต้ตอนล่างฝั่งอ่าวไทย,กุ้งกุลาดำ,0.0,True,dof_shrimp_production_monthly_2569.csv
2025-09-01,2025,2568,9,นราธิวาส,ภาคใต้ตอนล่างฝั่งอ่าวไทย,กุ้งขาว,0.0,True,dof_shrimp_production_monthly_2569.csv
2025-09-01,2025,2568,9,ปทุมธานี,ภาคกลาง,กุ้งกุลาดำ,0.0,True,dof_shrimp_production_monthly_2569.csv
2025-09-01,2025,2568,9,ปทุมธานี,ภาคกลาง,กุ้งขาว,9.44,True,dof_shrimp_production_monthly_2569.csv
2025-09-01,2025,2568,9,ประจวบคีรีขันธ์,ภาคใต้ตอนบน,กุ้งกุลาดำ,109.28,True,dof_shrimp_production_monthly_2569.csv
2025-09-01,2025,2568,9,ประจวบคีรีขันธ์,ภาคใต้ตอนบน,กุ้งขาว,2006.03,True,dof_shrimp_production_monthly_2569.csv
2025-09-01,2025,2568,9,ปราจีนบุรี,ภาคตะวันออก,กุ้งกุลาดำ,0.0,True,dof_shrimp_production_monthly_2569.csv
2025-09-01,2025,2568,9,ปราจีนบุรี,ภาคตะวันออก,กุ้งขาว,96.23,True,dof_shrimp_production_monthly_2569.csv
2025-09-01,2025,2568,9,ปัตตานี,ภาคใต้ตอนล่างฝั่งอ่าวไทย,กุ้งกุลาดำ,0.0,True,dof_shrimp_production_monthly_2569.csv
2025-09-01,2025,2568,9,ปัตตานี,ภาคใต้ตอนล่างฝั่งอ่าวไทย,กุ้งขาว,113.0,True,dof_shrimp_production_monthly_2569.csv
2025-09-01,2025,2568,9,พระนครศรีอยุธยา,ภาคกลาง,กุ้งกุลาดำ,0.0,True,dof_shrimp_production_monthly_2569.csv
2025-09-01,2025,2568,9,พระนครศรีอยุธยา,ภาคกลาง,กุ้งขาว,16.6,True,dof_shrimp_production_monthly_2569.csv
2025-09-01,2025,2568,9,พังงา,ภาคใต้ฝั่งอันดามัน,กุ้งกุลาดำ,311.74,True,dof_shrimp_production_monthly_2569.csv
2025-09-01,2025,2568,9,พังงา,ภาคใต้ฝั่งอันดามัน,กุ้งขาว,862.2,True,dof_shrimp_production_monthly_2569.csv
2025-09-01,2025,2568,9,พัทลุง,ภาคใต้ตอนล่างฝั่งอ่าวไทย,กุ้งกุลาดำ,0.0,True,dof_shrimp_production_monthly_2569.csv
2025-09-01,2025,2568,9,พัทลุง,ภาคใต้ตอนล่างฝั่งอ่าวไทย,กุ้งขาว,67.9,True,dof_shrimp_production_monthly_2569.csv
2025-09-01,2025,2568,9,ภูเก็ต,ภาคใต้ฝั่งอันดามัน,กุ้งกุลาดำ,18.96,True,dof_shrimp_production_monthly_2569.csv
2025-09-01,2025,2568,9,ภูเก็ต,ภาคใต้ฝั่งอันดามัน,กุ้งขาว,226.95,True,dof_shrimp_production_monthly_2569.csv
2025-09-01,2025,2568,9,ระนอง,ภาคใต้ตอนบน,กุ้งกุลาดำ,22.24,True,dof_shrimp_production_monthly_2569.csv
2025-09-01,2025,2568,9,ระนอง,ภาคใต้ตอนบน,กุ้งขาว,368.08,True,dof_shrimp_production_monthly_2569.csv
2025-09-01,2025,2568,9,ระยอง,ภาคตะวันออก,กุ้งกุลาดำ,47.52,True,dof_shrimp_production_monthly_2569.csv
2025-09-01,2025,2568,9,ระยอง,ภาคตะวันออก,กุ้งขาว,312.95,True,dof_shrimp_production_monthly_2569.csv
2025-09-01,2025,2568,9,ราชบุรี,ภาคกลาง,กุ้งกุลาดำ,0.0,True,dof_shrimp_production_monthly_2569.csv
2025-09-01,2025,2568,9,ราชบุรี,ภาคกลาง,กุ้งขาว,969.13,True,dof_shrimp_production_monthly_2569.csv
2025-09-01,2025,2568,9,สงขลา,ภาคใต้ตอนล่างฝั่งอ่าวไทย,กุ้งกุลาดำ,189.28,True,dof_shrimp_production_monthly_2569.csv
2025-09-01,2025,2568,9,สงขลา,ภาคใต้ตอนล่างฝั่งอ่าวไทย,กุ้งขาว,1142.18,True,dof_shrimp_production_monthly_2569.csv
2025-09-01,2025,2568,9,สตูล,ภาคใต้ฝั่งอันดามัน,กุ้งกุลาดำ,45.29,True,dof_shrimp_production_monthly_2569.csv
2025-09-01,2025,2568,9,สตูล,ภาคใต้ฝั่งอันดามัน,กุ้งขาว,1189.68,True,dof_shrimp_production_monthly_2569.csv
2025-09-01,2025,2568,9,สมุทรปราการ,ภาคกลาง,กุ้งกุลาดำ,0.0,True,dof_shrimp_production_monthly_2569.csv
2025-09-01,2025,2568,9,สมุทรปราการ,ภาคกลาง,กุ้งขาว,16.0,True,dof_shrimp_production_monthly_2569.csv
2025-09-01,2025,2568,9,สมุทรสงคราม,ภาคกลาง,กุ้งกุลาดำ,0.0,True,dof_shrimp_production_monthly_2569.csv
2025-09-01,2025,2568,9,สมุทรสงคราม,ภาคกลาง,กุ้งขาว,100.2,True,dof_shrimp_production_monthly_2569.csv
2025-09-01,2025,2568,9,สมุทรสาคร,ภาคกลาง,กุ้งกุลาดำ,0.0,True,dof_shrimp_production_monthly_2569.csv
2025-09-01,2025,2568,9,สมุทรสาคร,ภาคกลาง,กุ้งขาว,110.33,True,dof_shrimp_production_monthly_2569.csv
2025-09-01,2025,2568,9,สุพรรณบุรี,ภาคกลาง,กุ้งกุลาดำ,0.0,True,dof_shrimp_production_monthly_2569.csv
2025-09-01,2025,2568,9,สุพรรณบุรี,ภาคกลาง,กุ้งขาว,221.44,True,dof_shrimp_production_monthly_2569.csv
2025-09-01,2025,2568,9,สุราษฎร์ธานี,ภาคใต้ตอนบน,กุ้งกุลาดำ,165.93,True,dof_shrimp_production_monthly_2569.csv
2025-09-01,2025,2568,9,สุราษฎร์ธานี,ภาคใต้ตอนบน,กุ้งขาว,5517.01,True,dof_shrimp_production_monthly_2569.csv
2025-09-01,2025,2568,9,อุดรธานี,ภาคตะวันออกเฉียงเหนือ,กุ้งกุลาดำ,0.0,True,dof_shrimp_production_monthly_2569.csv
2025-09-01,2025,2568,9,อุดรธานี,ภาคตะวันออกเฉียงเหนือ,กุ้งขาว,2.55,True,dof_shrimp_production_monthly_2569.csv
2025-09-01,2025,2568,9,เพชรบุรี,ภาคกลาง,กุ้งกุลาดำ,0.0,True,dof_shrimp_production_monthly_2569.csv
2025-09-01,2025,2568,9,เพชรบุรี,ภาคกลาง,กุ้งขาว,550.92,True,dof_shrimp_production_monthly_2569.csv
2025-10-01,2025,2568,10,กระบี่,ภาคใต้ฝั่งอันดามัน,กุ้งกุลาดำ,408.86,True,dof_shrimp_production_monthly_2569.csv
2025-10-01,2025,2568,10,กระบี่,ภาคใต้ฝั่งอันดามัน,กุ้งขาว,703.53,True,dof_shrimp_production_monthly_2569.csv
2025-10-01,2025,2568,10,กรุงเทพมหานคร,ภาคกลาง,กุ้งกุลาดำ,0.0,True,dof_shrimp_production_monthly_2569.csv
2025-10-01,2025,2568,10,กรุงเทพมหานคร,ภาคกลาง,กุ้งขาว,2.5,True,dof_shrimp_production_monthly_2569.csv
2025-10-01,2025,2568,10,กาญจนบุรี,ภาคกลาง,กุ้งกุลาดำ,0.0,True,dof_shrimp_production_monthly_2569.csv
2025-10-01,2025,2568,10,กาญจนบุรี,ภาคกลาง,กุ้งขาว,8.9,True,dof_shrimp_production_monthly_2569.csv
2025-10-01,2025,2568,10,จันทบุรี,ภาคตะวันออก,กุ้งกุลาดำ,149.26,True,dof_shrimp_production_monthly_2569.csv
2025-10-01,2025,2568,10,จันทบุรี,ภาคตะวันออก,กุ้งขาว,1472.33,True,dof_shrimp_production_monthly_2569.csv
2025-10-01,2025,2568,10,ฉะเชิงเทรา,ภาคตะวันออก,กุ้งกุลาดำ,11.1,True,dof_shrimp_production_monthly_2569.csv
2025-10-01,2025,2568,10,ฉะเชิงเทรา,ภาคตะวันออก,กุ้งขาว,990.52,True,dof_shrimp_production_monthly_2569.csv
2025-10-01,2025,2568,10,ชลบุรี,ภาคตะวันออก,กุ้งกุลาดำ,0.0,True,dof_shrimp_production_monthly_2569.csv
2025-10-01,2025,2568,10,ชลบุรี,ภาคตะวันออก,กุ้งขาว,8.18,True,dof_shrimp_production_monthly_2569.csv
2025-10-01,2025,2568,10,ชัยภูมิ,ภาคตะวันออกเฉียงเหนือ,กุ้งกุลาดำ,0.0,True,dof_shrimp_production_monthly_2569.csv
2025-10-01,2025,2568,10,ชัยภูมิ,ภาคตะวันออกเฉียงเหนือ,กุ้งขาว,0.0,True,dof_shrimp_production_monthly_2569.csv
2025-10-01,2025,2568,10,ชุมพร,ภาคใต้ตอนบน,กุ้งกุลาดำ,315.23,True,dof_shrimp_production_monthly_2569.csv
2025-10-01,2025,2568,10,ชุมพร,ภาคใต้ตอนบน,กุ้งขาว,1261.84,True,dof_shrimp_production_monthly_2569.csv
2025-10-01,2025,2568,10,ตรัง,ภาคใต้ฝั่งอันดามัน,กุ้งกุลาดำ,175.81,True,dof_shrimp_production_monthly_2569.csv
2025-10-01,2025,2568,10,ตรัง,ภาคใต้ฝั่งอันดามัน,กุ้งขาว,1598.54,True,dof_shrimp_production_monthly_2569.csv
2025-10-01,2025,2568,10,ตราด,ภาคตะวันออก,กุ้งกุลาดำ,2.48,True,dof_shrimp_production_monthly_2569.csv
2025-10-01,2025,2568,10,ตราด,ภาคตะวันออก,กุ้งขาว,654.18,True,dof_shrimp_production_monthly_2569.csv
2025-10-01,2025,2568,10,นครนายก,ภาคตะวันออก,กุ้งกุลาดำ,0.0,True,dof_shrimp_production_monthly_2569.csv
2025-10-01,2025,2568,10,นครนายก,ภาคตะวันออก,กุ้งขาว,28.8,True,dof_shrimp_production_monthly_2569.csv
2025-10-01,2025,2568,10,นครปฐม,ภาคกลาง,กุ้งกุลาดำ,0.0,True,dof_shrimp_production_monthly_2569.csv
2025-10-01,2025,2568,10,นครปฐม,ภาคกลาง,กุ้งขาว,471.27,True,dof_shrimp_production_monthly_2569.csv
2025-10-01,2025,2568,10,นครศรีธรรมราช,ภาคใต้ตอนล่างฝั่งอ่าวไทย,กุ้งกุลาดำ,295.18,True,dof_shrimp_production_monthly_2569.csv
2025-10-01,2025,2568,10,นครศรีธรรมราช,ภาคใต้ตอนล่างฝั่งอ่าวไทย,กุ้งขาว,1422.28,True,dof_shrimp_production_monthly_2569.csv
2025-10-01,2025,2568,10,นนทบุรี,ภาคกลาง,กุ้งกุลาดำ,0.0,True,dof_shrimp_production_monthly_2569.csv
2025-10-01,2025,2568,10,นนทบุรี,ภาคกลาง,กุ้งขาว,29.2,True,dof_shrimp_production_monthly_2569.csv
2025-10-01,2025,2568,10,นราธิวาส,ภาคใต้ตอนล่างฝั่งอ่าวไทย,กุ้งกุลาดำ,0.0,True,dof_shrimp_production_monthly_2569.csv
2025-10-01,2025,2568,10,นราธิวาส,ภาคใต้ตอนล่างฝั่งอ่าวไทย,กุ้งขาว,15.5,True,dof_shrimp_production_monthly_2569.csv
2025-10-01,2025,2568,10,ปทุมธานี,ภาคกลาง,กุ้งกุลาดำ,0.0,True,dof_shrimp_production_monthly_2569.csv
2025-10-01,2025,2568,10,ปทุมธานี,ภาคกลาง,กุ้งขาว,8.04,True,dof_shrimp_production_monthly_2569.csv
2025-10-01,2025,2568,10,ประจวบคีรีขันธ์,ภาคใต้ตอนบน,กุ้งกุลาดำ,117.5,True,dof_shrimp_production_monthly_2569.csv
2025-10-01,2025,2568,10,ประจวบคีรีขันธ์,ภาคใต้ตอนบน,กุ้งขาว,2426.53,True,dof_shrimp_production_monthly_2569.csv
2025-10-01,2025,2568,10,ปราจีนบุรี,ภาคตะวันออก,กุ้งกุลาดำ,0.0,True,dof_shrimp_production_monthly_2569.csv
2025-10-01,2025,2568,10,ปราจีนบุรี,ภาคตะวันออก,กุ้งขาว,76.84,True,dof_shrimp_production_monthly_2569.csv
2025-10-01,2025,2568,10,ปัตตานี,ภาคใต้ตอนล่างฝั่งอ่าวไทย,กุ้งกุลาดำ,0.0,True,dof_shrimp_production_monthly_2569.csv
2025-10-01,2025,2568,10,ปัตตานี,ภาคใต้ตอนล่างฝั่งอ่าวไทย,กุ้งขาว,237.1,True,dof_shrimp_production_monthly_2569.csv
2025-10-01,2025,2568,10,พระนครศรีอยุธยา,ภาคกลาง,กุ้งกุลาดำ,0.0,True,dof_shrimp_production_monthly_2569.csv
2025-10-01,2025,2568,10,พระนครศรีอยุธยา,ภาคกลาง,กุ้งขาว,49.3,True,dof_shrimp_production_monthly_2569.csv
2025-10-01,2025,2568,10,พังงา,ภาคใต้ฝั่งอันดามัน,กุ้งกุลาดำ,315.19,True,dof_shrimp_production_monthly_2569.csv
2025-10-01,2025,2568,10,พังงา,ภาคใต้ฝั่งอันดามัน,กุ้งขาว,862.2,True,dof_shrimp_production_monthly_2569.csv
2025-10-01,2025,2568,10,พัทลุง,ภาคใต้ตอนล่างฝั่งอ่าวไทย,กุ้งกุลาดำ,0.0,True,dof_shrimp_production_monthly_2569.csv
2025-10-01,2025,2568,10,พัทลุง,ภาคใต้ตอนล่างฝั่งอ่าวไทย,กุ้งขาว,64.95,True,dof_shrimp_production_monthly_2569.csv
2025-10-01,2025,2568,10,ภูเก็ต,ภาคใต้ฝั่งอันดามัน,กุ้งกุลาดำ,114.1,True,dof_shrimp_production_monthly_2569.csv
2025-10-01,2025,2568,10,ภูเก็ต,ภาคใต้ฝั่งอันดามัน,กุ้งขาว,184.23,True,dof_shrimp_production_monthly_2569.csv
2025-10-01,2025,2568,10,ระนอง,ภาคใต้ตอนบน,กุ้งกุลาดำ,6.48,True,dof_shrimp_production_monthly_2569.csv
2025-10-01,2025,2568,10,ระนอง,ภาคใต้ตอนบน,กุ้งขาว,504.49,True,dof_shrimp_production_monthly_2569.csv
2025-10-01,2025,2568,10,ระยอง,ภาคตะวันออก,กุ้งกุลาดำ,0.0,True,dof_shrimp_production_monthly_2569.csv
2025-10-01,2025,2568,10,ระยอง,ภาคตะวันออก,กุ้งขาว,270.85,True,dof_shrimp_production_monthly_2569.csv
2025-10-01,2025,2568,10,ราชบุรี,ภาคกลาง,กุ้งกุลาดำ,0.0,True,dof_shrimp_production_monthly_2569.csv
2025-10-01,2025,2568,10,ราชบุรี,ภาคกลาง,กุ้งขาว,761.18,True,dof_shrimp_production_monthly_2569.csv
2025-10-01,2025,2568,10,สงขลา,ภาคใต้ตอนล่างฝั่งอ่าวไทย,กุ้งกุลาดำ,347.96,True,dof_shrimp_production_monthly_2569.csv
2025-10-01,2025,2568,10,สงขลา,ภาคใต้ตอนล่างฝั่งอ่าวไทย,กุ้งขาว,1310.06,True,dof_shrimp_production_monthly_2569.csv
2025-10-01,2025,2568,10,สตูล,ภาคใต้ฝั่งอันดามัน,กุ้งกุลาดำ,82.47,True,dof_shrimp_production_monthly_2569.csv
2025-10-01,2025,2568,10,สตูล,ภาคใต้ฝั่งอันดามัน,กุ้งขาว,781.0,True,dof_shrimp_production_monthly_2569.csv
2025-10-01,2025,2568,10,สมุทรปราการ,ภาคกลาง,กุ้งกุลาดำ,0.0,True,dof_shrimp_production_monthly_2569.csv
2025-10-01,2025,2568,10,สมุทรปราการ,ภาคกลาง,กุ้งขาว,23.5,True,dof_shrimp_production_monthly_2569.csv
2025-10-01,2025,2568,10,สมุทรสงคราม,ภาคกลาง,กุ้งกุลาดำ,0.0,True,dof_shrimp_production_monthly_2569.csv
2025-10-01,2025,2568,10,สมุทรสงคราม,ภาคกลาง,กุ้งขาว,63.37,True,dof_shrimp_production_monthly_2569.csv
2025-10-01,2025,2568,10,สมุทรสาคร,ภาคกลาง,กุ้งกุลาดำ,0.0,True,dof_shrimp_production_monthly_2569.csv
2025-10-01,2025,2568,10,สมุทรสาคร,ภาคกลาง,กุ้งขาว,268.92,True,dof_shrimp_production_monthly_2569.csv
2025-10-01,2025,2568,10,สุพรรณบุรี,ภาคกลาง,กุ้งกุลาดำ,0.0,True,dof_shrimp_production_monthly_2569.csv
2025-10-01,2025,2568,10,สุพรรณบุรี,ภาคกลาง,กุ้งขาว,135.9,True,dof_shrimp_production_monthly_2569.csv
2025-10-01,2025,2568,10,สุราษฎร์ธานี,ภาคใต้ตอนบน,กุ้งกุลาดำ,279.25,True,dof_shrimp_production_monthly_2569.csv
2025-10-01,2025,2568,10,สุราษฎร์ธานี,ภาคใต้ตอนบน,กุ้งขาว,5689.0,True,dof_shrimp_production_monthly_2569.csv
2025-10-01,2025,2568,10,อุดรธานี,ภาคตะวันออกเฉียงเหนือ,กุ้งกุลาดำ,0.0,True,dof_shrimp_production_monthly_2569.csv
2025-10-01,2025,2568,10,อุดรธานี,ภาคตะวันออกเฉียงเหนือ,กุ้งขาว,0.0,True,dof_shrimp_production_monthly_2569.csv
2025-10-01,2025,2568,10,เพชรบุรี,ภาคกลาง,กุ้งกุลาดำ,0.0,True,dof_shrimp_production_monthly_2569.csv
2025-10-01,2025,2568,10,เพชรบุรี,ภาคกลาง,กุ้งขาว,444.18,True,dof_shrimp_production_monthly_2569.csv
2025-11-01,2025,2568,11,กระบี่,ภาคใต้ฝั่งอันดามัน,กุ้งกุลาดำ,406.05,True,dof_shrimp_production_monthly_2569.csv
2025-11-01,2025,2568,11,กระบี่,ภาคใต้ฝั่งอันดามัน,กุ้งขาว,620.33,True,dof_shrimp_production_monthly_2569.csv
2025-11-01,2025,2568,11,กาญจนบุรี,ภาคกลาง,กุ้งกุลาดำ,0.0,True,dof_shrimp_production_monthly_2569.csv
2025-11-01,2025,2568,11,กาญจนบุรี,ภาคกลาง,กุ้งขาว,3.67,True,dof_shrimp_production_monthly_2569.csv
2025-11-01,2025,2568,11,จันทบุรี,ภาคตะวันออก,กุ้งกุลาดำ,177.08,True,dof_shrimp_production_monthly_2569.csv
2025-11-01,2025,2568,11,จันทบุรี,ภาคตะวันออก,กุ้งขาว,1141.29,True,dof_shrimp_production_monthly_2569.csv
2025-11-01,2025,2568,11,ฉะเชิงเทรา,ภาคตะวันออก,กุ้งกุลาดำ,0.21,True,dof_shrimp_production_monthly_2569.csv
2025-11-01,2025,2568,11,ฉะเชิงเทรา,ภาคตะวันออก,กุ้งขาว,947.16,True,dof_shrimp_production_monthly_2569.csv
2025-11-01,2025,2568,11,ชุมพร,ภาคใต้ตอนบน,กุ้งกุลาดำ,277.87,True,dof_shrimp_production_monthly_2569.csv
2025-11-01,2025,2568,11,ชุมพร,ภาคใต้ตอนบน,กุ้งขาว,996.53,True,dof_shrimp_production_monthly_2569.csv
2025-11-01,2025,2568,11,ตรัง,ภาคใต้ฝั่งอันดามัน,กุ้งกุลาดำ,128.55,True,dof_shrimp_production_monthly_2569.csv
2025-11-01,2025,2568,11,ตรัง,ภาคใต้ฝั่งอันดามัน,กุ้งขาว,1557.39,True,dof_shrimp_production_monthly_2569.csv
2025-11-01,2025,2568,11,ตราด,ภาคตะวันออก,กุ้งกุลาดำ,0.0,True,dof_shrimp_production_monthly_2569.csv
2025-11-01,2025,2568,11,ตราด,ภาคตะวันออก,กุ้งขาว,619.33,True,dof_shrimp_production_monthly_2569.csv
2025-11-01,2025,2568,11,นครนายก,ภาคตะวันออก,กุ้งกุลาดำ,0.0,True,dof_shrimp_production_monthly_2569.csv
2025-11-01,2025,2568,11,นครนายก,ภาคตะวันออก,กุ้งขาว,22.2,True,dof_shrimp_production_monthly_2569.csv
2025-11-01,2025,2568,11,นครปฐม,ภาคกลาง,กุ้งกุลาดำ,0.0,True,dof_shrimp_production_monthly_2569.csv
2025-11-01,2025,2568,11,นครปฐม,ภาคกลาง,กุ้งขาว,532.77,True,dof_shrimp_production_monthly_2569.csv
2025-11-01,2025,2568,11,นครศรีธรรมราช,ภาคใต้ตอนล่างฝั่งอ่าวไทย,กุ้งกุลาดำ,305.02,True,dof_shrimp_production_monthly_2569.csv
2025-11-01,2025,2568,11,นครศรีธรรมราช,ภาคใต้ตอนล่างฝั่งอ่าวไทย,กุ้งขาว,1175.58,True,dof_shrimp_production_monthly_2569.csv
2025-11-01,2025,2568,11,นนทบุรี,ภาคกลาง,กุ้งกุลาดำ,0.0,True,dof_shrimp_production_monthly_2569.csv
2025-11-01,2025,2568,11,นนทบุรี,ภาคกลาง,กุ้งขาว,7.5,True,dof_shrimp_production_monthly_2569.csv
2025-11-01,2025,2568,11,นราธิวาส,ภาคใต้ตอนล่างฝั่งอ่าวไทย,กุ้งกุลาดำ,0.0,True,dof_shrimp_production_monthly_2569.csv
2025-11-01,2025,2568,11,นราธิวาส,ภาคใต้ตอนล่างฝั่งอ่าวไทย,กุ้งขาว,34.9,True,dof_shrimp_production_monthly_2569.csv
2025-11-01,2025,2568,11,ปทุมธานี,ภาคกลาง,กุ้งกุลาดำ,0.0,True,dof_shrimp_production_monthly_2569.csv
2025-11-01,2025,2568,11,ปทุมธานี,ภาคกลาง,กุ้งขาว,17.75,True,dof_shrimp_production_monthly_2569.csv
2025-11-01,2025,2568,11,ประจวบคีรีขันธ์,ภาคใต้ตอนบน,กุ้งกุลาดำ,169.46,True,dof_shrimp_production_monthly_2569.csv
2025-11-01,2025,2568,11,ประจวบคีรีขันธ์,ภาคใต้ตอนบน,กุ้งขาว,2568.36,True,dof_shrimp_production_monthly_2569.csv
2025-11-01,2025,2568,11,ปราจีนบุรี,ภาคตะวันออก,กุ้งกุลาดำ,0.0,True,dof_shrimp_production_monthly_2569.csv
2025-11-01,2025,2568,11,ปราจีนบุรี,ภาคตะวันออก,กุ้งขาว,106.71,True,dof_shrimp_production_monthly_2569.csv
2025-11-01,2025,2568,11,ปัตตานี,ภาคใต้ตอนล่างฝั่งอ่าวไทย,กุ้งกุลาดำ,0.0,True,dof_shrimp_production_monthly_2569.csv
2025-11-01,2025,2568,11,ปัตตานี,ภาคใต้ตอนล่างฝั่งอ่าวไทย,กุ้งขาว,244.87,True,dof_shrimp_production_monthly_2569.csv
2025-11-01,2025,2568,11,พระนครศรีอยุธยา,ภาคกลาง,กุ้งกุลาดำ,0.0,True,dof_shrimp_production_monthly_2569.csv
2025-11-01,2025,2568,11,พระนครศรีอยุธยา,ภาคกลาง,กุ้งขาว,34.7,True,dof_shrimp_production_monthly_2569.csv
2025-11-01,2025,2568,11,พังงา,ภาคใต้ฝั่งอันดามัน,กุ้งกุลาดำ,302.86,True,dof_shrimp_production_monthly_2569.csv
2025-11-01,2025,2568,11,พังงา,ภาคใต้ฝั่งอันดามัน,กุ้งขาว,653.95,True,dof_shrimp_production_monthly_2569.csv
2025-11-01,2025,2568,11,พัทลุง,ภาคใต้ตอนล่างฝั่งอ่าวไทย,กุ้งกุลาดำ,0.0,True,dof_shrimp_production_monthly_2569.csv
2025-11-01,2025,2568,11,พัทลุง,ภาคใต้ตอนล่างฝั่งอ่าวไทย,กุ้งขาว,122.1,True,dof_shrimp_production_monthly_2569.csv
2025-11-01,2025,2568,11,ภูเก็ต,ภาคใต้ฝั่งอันดามัน,กุ้งกุลาดำ,104.89,True,dof_shrimp_production_monthly_2569.csv
2025-11-01,2025,2568,11,ภูเก็ต,ภาคใต้ฝั่งอันดามัน,กุ้งขาว,212.18,True,dof_shrimp_production_monthly_2569.csv
2025-11-01,2025,2568,11,ระนอง,ภาคใต้ตอนบน,กุ้งกุลาดำ,50.75,True,dof_shrimp_production_monthly_2569.csv
2025-11-01,2025,2568,11,ระนอง,ภาคใต้ตอนบน,กุ้งขาว,385.4,True,dof_shrimp_production_monthly_2569.csv
2025-11-01,2025,2568,11,ระยอง,ภาคตะวันออก,กุ้งกุลาดำ,11.1,True,dof_shrimp_production_monthly_2569.csv
2025-11-01,2025,2568,11,ระยอง,ภาคตะวันออก,กุ้งขาว,358.59,True,dof_shrimp_production_monthly_2569.csv
2025-11-01,2025,2568,11,ราชบุรี,ภาคกลาง,กุ้งกุลาดำ,0.0,True,dof_shrimp_production_monthly_2569.csv
2025-11-01,2025,2568,11,ราชบุรี,ภาคกลาง,กุ้งขาว,510.61,True,dof_shrimp_production_monthly_2569.csv
2025-11-01,2025,2568,11,สงขลา,ภาคใต้ตอนล่างฝั่งอ่าวไทย,กุ้งกุลาดำ,374.4,True,dof_shrimp_production_monthly_2569.csv
2025-11-01,2025,2568,11,สงขลา,ภาคใต้ตอนล่างฝั่งอ่าวไทย,กุ้งขาว,1538.48,True,dof_shrimp_production_monthly_2569.csv
2025-11-01,2025,2568,11,สตูล,ภาคใต้ฝั่งอันดามัน,กุ้งกุลาดำ,57.98,True,dof_shrimp_production_monthly_2569.csv
2025-11-01,2025,2568,11,สตูล,ภาคใต้ฝั่งอันดามัน,กุ้งขาว,533.3,True,dof_shrimp_production_monthly_2569.csv
2025-11-01,2025,2568,11,สมุทรสงคราม,ภาคกลาง,กุ้งกุลาดำ,0.0,True,dof_shrimp_production_monthly_2569.csv
2025-11-01,2025,2568,11,สมุทรสงคราม,ภาคกลาง,กุ้งขาว,32.59,True,dof_shrimp_production_monthly_2569.csv
2025-11-01,2025,2568,11,สมุทรสาคร,ภาคกลาง,กุ้งกุลาดำ,0.0,True,dof_shrimp_production_monthly_2569.csv
2025-11-01,2025,2568,11,สมุทรสาคร,ภาคกลาง,กุ้งขาว,86.3,True,dof_shrimp_production_monthly_2569.csv
2025-11-01,2025,2568,11,สุพรรณบุรี,ภาคกลาง,กุ้งกุลาดำ,0.0,True,dof_shrimp_production_monthly_2569.csv
2025-11-01,2025,2568,11,สุพรรณบุรี,ภาคกลาง,กุ้งขาว,283.62,True,dof_shrimp_production_monthly_2569.csv
2025-11-01,2025,2568,11,สุราษฎร์ธานี,ภาคใต้ตอนบน,กุ้งกุลาดำ,392.31,True,dof_shrimp_production_monthly_2569.csv
2025-11-01,2025,2568,11,สุราษฎร์ธานี,ภาคใต้ตอนบน,กุ้งขาว,4594.6,True,dof_shrimp_production_monthly_2569.csv
2025-11-01,2025,2568,11,เพชรบุรี,ภาคกลาง,กุ้งกุลาดำ,0.0,True,dof_shrimp_production_monthly_2569.csv
2025-11-01,2025,2568,11,เพชรบุรี,ภาคกลาง,กุ้งขาว,161.05,True,dof_shrimp_production_monthly_2569.csv
2025-12-01,2025,2568,12,กระบี่,ภาคใต้ฝั่งอันดามัน,กุ้งกุลาดำ,303.44,True,dof_shrimp_production_monthly_2569.csv
2025-12-01,2025,2568,12,กระบี่,ภาคใต้ฝั่งอันดามัน,กุ้งขาว,720.38,True,dof_shrimp_production_monthly_2569.csv
2025-12-01,2025,2568,12,กรุงเทพมหานคร,ภาคกลาง,กุ้งกุลาดำ,0.0,True,dof_shrimp_production_monthly_2569.csv
2025-12-01,2025,2568,12,กรุงเทพมหานคร,ภาคกลาง,กุ้งขาว,15.0,True,dof_shrimp_production_monthly_2569.csv
2025-12-01,2025,2568,12,กาญจนบุรี,ภาคกลาง,กุ้งกุลาดำ,0.0,True,dof_shrimp_production_monthly_2569.csv
2025-12-01,2025,2568,12,กาญจนบุรี,ภาคกลาง,กุ้งขาว,12.97,True,dof_shrimp_production_monthly_2569.csv
2025-12-01,2025,2568,12,จันทบุรี,ภาคตะวันออก,กุ้งกุลาดำ,111.17,True,dof_shrimp_production_monthly_2569.csv
2025-12-01,2025,2568,12,จันทบุรี,ภาคตะวันออก,กุ้งขาว,1312.81,True,dof_shrimp_production_monthly_2569.csv
2025-12-01,2025,2568,12,ฉะเชิงเทรา,ภาคตะวันออก,กุ้งกุลาดำ,0.4,True,dof_shrimp_production_monthly_2569.csv
2025-12-01,2025,2568,12,ฉะเชิงเทรา,ภาคตะวันออก,กุ้งขาว,490.92,True,dof_shrimp_production_monthly_2569.csv
2025-12-01,2025,2568,12,ชลบุรี,ภาคตะวันออก,กุ้งกุลาดำ,0.0,True,dof_shrimp_production_monthly_2569.csv
2025-12-01,2025,2568,12,ชลบุรี,ภาคตะวันออก,กุ้งขาว,0.04,True,dof_shrimp_production_monthly_2569.csv
2025-12-01,2025,2568,12,ชุมพร,ภาคใต้ตอนบน,กุ้งกุลาดำ,152.06,True,dof_shrimp_production_monthly_2569.csv
2025-12-01,2025,2568,12,ชุมพร,ภาคใต้ตอนบน,กุ้งขาว,951.8,True,dof_shrimp_production_monthly_2569.csv
2025-12-01,2025,2568,12,ตรัง,ภาคใต้ฝั่งอันดามัน,กุ้งกุลาดำ,92.22,True,dof_shrimp_production_monthly_2569.csv
2025-12-01,2025,2568,12,ตรัง,ภาคใต้ฝั่งอันดามัน,กุ้งขาว,1876.78,True,dof_shrimp_production_monthly_2569.csv
2025-12-01,2025,2568,12,ตราด,ภาคตะวันออก,กุ้งกุลาดำ,2.0,True,dof_shrimp_production_monthly_2569.csv
2025-12-01,2025,2568,12,ตราด,ภาคตะวันออก,กุ้งขาว,890.88,True,dof_shrimp_production_monthly_2569.csv
2025-12-01,2025,2568,12,นครนายก,ภาคตะวันออก,กุ้งกุลาดำ,0.0,True,dof_shrimp_production_monthly_2569.csv
2025-12-01,2025,2568,12,นครนายก,ภาคตะวันออก,กุ้งขาว,28.6,True,dof_shrimp_production_monthly_2569.csv
2025-12-01,2025,2568,12,นครปฐม,ภาคกลาง,กุ้งกุลาดำ,0.0,True,dof_shrimp_production_monthly_2569.csv
2025-12-01,2025,2568,12,นครปฐม,ภาคกลาง,กุ้งขาว,295.44,True,dof_shrimp_production_monthly_2569.csv
2025-12-01,2025,2568,12,นครศรีธรรมราช,ภาคใต้ตอนล่างฝั่งอ่าวไทย,กุ้งกุลาดำ,174.24,True,dof_shrimp_production_monthly_2569.csv
2025-12-01,2025,2568,12,นครศรีธรรมราช,ภาคใต้ตอนล่างฝั่งอ่าวไทย,กุ้งขาว,549.49,True,dof_shrimp_production_monthly_2569.csv
2025-12-01,2025,2568,12,นนทบุรี,ภาคกลาง,กุ้งกุลาดำ,0.0,True,dof_shrimp_production_monthly_2569.csv
2025-12-01,2025,2568,12,นนทบุรี,ภาคกลาง,กุ้งขาว,31.83,True,dof_shrimp_production_monthly_2569.csv
2025-12-01,2025,2568,12,นราธิวาส,ภาคใต้ตอนล่างฝั่งอ่าวไทย,กุ้งกุลาดำ,3.06,True,dof_shrimp_production_monthly_2569.csv
2025-12-01,2025,2568,12,นราธิวาส,ภาคใต้ตอนล่างฝั่งอ่าวไทย,กุ้งขาว,12.6,True,dof_shrimp_production_monthly_2569.csv
2025-12-01,2025,2568,12,ปทุมธานี,ภาคกลาง,กุ้งกุลาดำ,0.0,True,dof_shrimp_production_monthly_2569.csv
2025-12-01,2025,2568,12,ปทุมธานี,ภาคกลาง,กุ้งขาว,16.55,True,dof_shrimp_production_monthly_2569.csv
2025-12-01,2025,2568,12,ประจวบคีรีขันธ์,ภาคใต้ตอนบน,กุ้งกุลาดำ,28.2,True,dof_shrimp_production_monthly_2569.csv
2025-12-01,2025,2568,12,ประจวบคีรีขันธ์,ภาคใต้ตอนบน,กุ้งขาว,2622.96,True,dof_shrimp_production_monthly_2569.csv
2025-12-01,2025,2568,12,ปราจีนบุรี,ภาคตะวันออก,กุ้งกุลาดำ,0.6,True,dof_shrimp_production_monthly_2569.csv
2025-12-01,2025,2568,12,ปราจีนบุรี,ภาคตะวันออก,กุ้งขาว,47.4,True,dof_shrimp_production_monthly_2569.csv
2025-12-01,2025,2568,12,ปัตตานี,ภาคใต้ตอนล่างฝั่งอ่าวไทย,กุ้งกุลาดำ,0.03,True,dof_shrimp_production_monthly_2569.csv
2025-12-01,2025,2568,12,ปัตตานี,ภาคใต้ตอนล่างฝั่งอ่าวไทย,กุ้งขาว,14.01,True,dof_shrimp_production_monthly_2569.csv
2025-12-01,2025,2568,12,พระนครศรีอยุธยา,ภาคกลาง,กุ้งกุลาดำ,0.0,True,dof_shrimp_production_monthly_2569.csv
2025-12-01,2025,2568,12,พระนครศรีอยุธยา,ภาคกลาง,กุ้งขาว,18.5,True,dof_shrimp_production_monthly_2569.csv
2025-12-01,2025,2568,12,พังงา,ภาคใต้ฝั่งอันดามัน,กุ้งกุลาดำ,121.62,True,dof_shrimp_production_monthly_2569.csv
2025-12-01,2025,2568,12,พังงา,ภาคใต้ฝั่งอันดามัน,กุ้งขาว,812.23,True,dof_shrimp_production_monthly_2569.csv
2025-12-01,2025,2568,12,พัทลุง,ภาคใต้ตอนล่างฝั่งอ่าวไทย,กุ้งกุลาดำ,0.0,True,dof_shrimp_production_monthly_2569.csv
2025-12-01,2025,2568,12,พัทลุง,ภาคใต้ตอนล่างฝั่งอ่าวไทย,กุ้งขาว,44.3,True,dof_shrimp_production_monthly_2569.csv
2025-12-01,2025,2568,12,ภูเก็ต,ภาคใต้ฝั่งอันดามัน,กุ้งกุลาดำ,30.55,True,dof_shrimp_production_monthly_2569.csv
2025-12-01,2025,2568,12,ภูเก็ต,ภาคใต้ฝั่งอันดามัน,กุ้งขาว,94.17,True,dof_shrimp_production_monthly_2569.csv
2025-12-01,2025,2568,12,ระนอง,ภาคใต้ตอนบน,กุ้งกุลาดำ,39.66,True,dof_shrimp_production_monthly_2569.csv
2025-12-01,2025,2568,12,ระนอง,ภาคใต้ตอนบน,กุ้งขาว,380.3,True,dof_shrimp_production_monthly_2569.csv
2025-12-01,2025,2568,12,ระยอง,ภาคตะวันออก,กุ้งกุลาดำ,1.2,True,dof_shrimp_production_monthly_2569.csv
2025-12-01,2025,2568,12,ระยอง,ภาคตะวันออก,กุ้งขาว,446.48,True,dof_shrimp_production_monthly_2569.csv
2025-12-01,2025,2568,12,ราชบุรี,ภาคกลาง,กุ้งกุลาดำ,0.0,True,dof_shrimp_production_monthly_2569.csv
2025-12-01,2025,2568,12,ราชบุรี,ภาคกลาง,กุ้งขาว,408.41,True,dof_shrimp_production_monthly_2569.csv
2025-12-01,2025,2568,12,สงขลา,ภาคใต้ตอนล่างฝั่งอ่าวไทย,กุ้งกุลาดำ,350.21,True,dof_shrimp_production_monthly_2569.csv
2025-12-01,2025,2568,12,สงขลา,ภาคใต้ตอนล่างฝั่งอ่าวไทย,กุ้งขาว,617.82,True,dof_shrimp_production_monthly_2569.csv
2025-12-01,2025,2568,12,สตูล,ภาคใต้ฝั่งอันดามัน,กุ้งกุลาดำ,145.76,True,dof_shrimp_production_monthly_2569.csv
2025-12-01,2025,2568,12,สตูล,ภาคใต้ฝั่งอันดามัน,กุ้งขาว,696.49,True,dof_shrimp_production_monthly_2569.csv
2025-12-01,2025,2568,12,สมุทรปราการ,ภาคกลาง,กุ้งกุลาดำ,0.0,True,dof_shrimp_production_monthly_2569.csv
2025-12-01,2025,2568,12,สมุทรปราการ,ภาคกลาง,กุ้งขาว,13.5,True,dof_shrimp_production_monthly_2569.csv
2025-12-01,2025,2568,12,สมุทรสงคราม,ภาคกลาง,กุ้งกุลาดำ,0.0,True,dof_shrimp_production_monthly_2569.csv
2025-12-01,2025,2568,12,สมุทรสงคราม,ภาคกลาง,กุ้งขาว,94.49,True,dof_shrimp_production_monthly_2569.csv
2025-12-01,2025,2568,12,สมุทรสาคร,ภาคกลาง,กุ้งกุลาดำ,0.0,True,dof_shrimp_production_monthly_2569.csv
2025-12-01,2025,2568,12,สมุทรสาคร,ภาคกลาง,กุ้งขาว,142.94,True,dof_shrimp_production_monthly_2569.csv
2025-12-01,2025,2568,12,สุพรรณบุรี,ภาคกลาง,กุ้งกุลาดำ,0.0,True,dof_shrimp_production_monthly_2569.csv
2025-12-01,2025,2568,12,สุพรรณบุรี,ภาคกลาง,กุ้งขาว,54.01,True,dof_shrimp_production_monthly_2569.csv
2025-12-01,2025,2568,12,สุราษฎร์ธานี,ภาคใต้ตอนบน,กุ้งกุลาดำ,100.7,True,dof_shrimp_production_monthly_2569.csv
2025-12-01,2025,2568,12,สุราษฎร์ธานี,ภาคใต้ตอนบน,กุ้งขาว,3880.53,True,dof_shrimp_production_monthly_2569.csv
2025-12-01,2025,2568,12,เพชรบุรี,ภาคกลาง,กุ้งกุลาดำ,0.0,True,dof_shrimp_production_monthly_2569.csv
2025-12-01,2025,2568,12,เพชรบุรี,ภาคกลาง,กุ้งขาว,211.12,True,dof_shrimp_production_monthly_2569.csv
